date,sentence,col3
2021-12-31,美年大健康产业控股股份有限公司 关于2021年员工持股计划完成股票 购买的公告,证券时报
2021-12-31,“老龄化”与“慢病”趋势下 美年健康发力预防医学早筛赛道,21世纪经济报道
2021-12-30,美年健康与数坤科技签署战略合作 联手推动“智能健康管理”应用场景落地,中国网
2021-12-30,融资客青睐4股，未来股份买入占比高达47.49%,Wind
2021-12-29,数坤科技与美年健康联手推进“智能健康管理”,上证报
2021-12-29,数坤科技与美年健康签署战略合作协议,Bianews
2021-12-29,美年健康俞熔：已在全国布局近700家体检机构 将加大人工智能技术应用,e公司
2021-12-29,数坤科技与美年健康签署战略合作协议 强强联合打造“智能健康管理”新时代,金融界
2021-12-29,两大企业联手 推动“智能健康管理”应用场景全面落地,中新网
2021-12-28,美年健康：实际控制人及其一致行动累计质押股份约为5.72亿股,每日经济新闻
2021-12-28,美年健康(002044.SZ)实控人的一致行动人质押3079.88万股,智通财经
2021-12-28,美年健康荣膺“2020-2021年度受尊敬企业”,经济观察网
2021-12-28,2021年度财经网新消费?新经济评选：新时代的风华光影,财经网
2021-12-21,美年健康守护生命第一线,凤凰网
2021-12-20,美年健康 呵护胃健康,凤凰网
2021-12-17,美年健康：四季度是公司体检旺季,每日经济新闻
2021-12-17,美年健康：目前定增计划在积极推进中,每日经济新闻
2021-12-17,美年健康：预计在2022年1月31日前进行业绩预告，四季度是公司业务旺季,每日经济新闻
2021-12-17,美年健康：公司收入和盈利能力以及客单价持续提升,每日经济新闻
2021-12-17,美年健康：公司没有任何未偿还的债券,Wind
2021-12-16,震惊创投圈！百亿私募大佬已失联两周？公司股票紧急停牌,Wind
2021-12-12,IPO项目业绩频变脸国元证券被质疑，业内争议“看门人”边界 盈利能力下降,Wind
2021-12-11,非公医疗尽享政策盛宴 美年健康深耕黄金赛道,中国经营报
2021-12-09,一上市业绩就下滑，股价最多跌去六成！这家投行保荐的新股怎么频频出问题？,Wind
2021-12-09,保优还是荐劣？国元证券IPO项目频频“卸妆”,Wind
2021-12-07,美年健康：以标准化、学科化、智能化践行ESG理念，共建共享全民健康,21世纪经济报道
2021-12-06,23股获重要股东增持 美年健康获增持金额最多,证券时报网
2021-12-03,美年健康，北京公益健康体检在行动,凤凰网
2021-12-03,美年健康现已做到低剂CT及超声技术普及,凤凰网
2021-12-03,美年健康预防医学迎发展机遇,凤凰网
2021-12-03,美年健康，在细微之处展现关怀,凤凰网
2021-12-03,美年健康与中国胸外科肺癌防治联盟达成战略合作 共建肺癌防治健联体,北国网
2021-12-01,美年健康(002044.SZ)股东上海维途质押7739.53万股,智通财经
2021-12-01,两私募提前“抢跑”新力金融，A股“股价先知”怪状几时休？,金融界
2021-11-29,美年健康：2021年员工持股计划累计买入公司股票9126.94万股,每日经济新闻
2021-11-29,美年健康：公司及控股子公司对外担保余额为人民币约22.26亿元 大额借贷担保,每日经济新闻
2021-11-29,美年健康(002044.SZ)拟向非银行金融机构申请融资额度不超20亿元,智通财经
2021-11-29,美年健康成立商贸公司，经营范围含烟草制品零售等,搜狐
2021-11-29,深交所：调整深证成指、创业板指、深证100等指数样本股,Wind
2021-11-27,政策利好促健康体检市场扩容，美年健康创新引领服务体系升级,经济观察网
2021-11-26,美年健康与中国胸外科肺癌防治联盟达成战略合作 共建肺癌防治健联体,中国网
2021-11-25,美年健康投资成立新公司，经营范围含家政服务等,贝壳财经
2021-11-25,美年健康投资成立新公司，注册资本2299万元,乐居财经
2021-11-24,美年健康(002044.SZ)股东维途投资解除质押1.22亿股,智通财经
2021-11-24,美年健康：目前公司员工持股计划在积极推进中,每日经济新闻
2021-11-24,美年健康关联公司经营范围新增盲人医疗按摩服务等,乐居财经
2021-11-22,美年健康徐涛：全面创新迎接健康管理新时代,中国经营报
2021-11-18,这届不敢看体检报告的年轻人还能“年轻”多久？,投资界
2021-11-17,美年健康“品牌价值传播奖”：政策利好现黄金机遇 创新精准赋能主业,经济观察网
2021-11-14,美年健康徐涛：健康数据驱动服务创新升级,中国经营网
2021-11-14,美年健康联席总裁徐涛：全力服务“健康中国”国家战略 全面创新迎接健康管理新时代,中国经营报
2021-11-14,美年健康联席总裁徐涛：健康产业进入黄金发展时期,新浪
2021-11-08,融资客青睐5股，长虹华意买入占比高达36.13%,Wind
2021-11-05,医药行业：高基数和疫情反复下增速放缓,新浪
2021-11-05,华泰柏瑞多只次新基金表现不佳，重仓“喝酒吃药”成主因？,新浪
2021-11-02,美年健康今日大宗交易成交293万股，成交价6.81元折价10.39%,Wind
2021-11-01,美年健康三季报下滑，张坤减持近亿股 盈利能力下降,网易
2021-11-01,开源证券维持美年健康买入评级，公司信息更新报告：局部疫情暂时影响到检，季度业绩环比改善趋势向好,每日经济新闻
2021-11-01,开源证券：给予美年健康买入评级,证券之星
2021-10-30,Wind风控日报2021年10月30日星期六,Wind
2021-10-29,美年健康(002044.SZ)第三季度净利润1.87亿元,格隆汇
2021-10-29,美年健康(002044.SZ)前三季度归母净亏损2.41亿元 亏损,智通财经
2021-10-29,美年健康：公司2021年员工持股计划尚未购买公司股票,每日经济新闻
2021-10-29,美年健康：第三季度净利润1.87亿元 同比下降30.04% 盈利能力下降,财联社
2021-10-29,美年健康：前三季度亏损缩窄，净亏损2.41亿元 亏损,Wind
2021-10-29,美年健康：目前已到体检旺季，门店人员在工作日满负荷运转,每日经济新闻
2021-10-28,21Q3基金持仓结构分析：“宁王”上位 多数基金Q3 选择“躺平”,新浪
2021-10-28,美年健康用合作共赢未来,凤凰网
2021-10-27,张坤、刘彦春重磅发声！2大千亿顶流季报出炉,Wind
2021-10-21,美年健康：公司主要聚焦健康体检业务，做强做精主业是目前的首要目标,每日经济新闻
2021-10-21,美年健康：关于体检中心内开设药房的建议，公司也在因地制宜、积极审慎的评估中,每日经济新闻
2021-10-21,美年健康：客单价持续稳步提升是公司的长期战略,每日经济新闻
2021-10-20,美年健康：目前公司员工持股计划以及定增计划在积极推进中,每日经济新闻
2021-10-19,"美年健康现1笔大宗交易 共成交1,904.50万元",新浪
2021-10-19,美年健康今日大宗交易成交293万股，成交价6.5元折价9.97%,Wind
2021-10-18,奇葩！“天干地支”分析A股？国盛证券：非正式对外发布研报,澎湃新闻
2021-10-14,美年健康：前三季度预计亏损金额有所缩减 预亏,Wind
2021-10-14,美年健康：已向深交所预约三季报披露时间为2021年10月30日,每日经济新闻
2021-10-12,耕耘6年，飞利浦非公医疗解决方案大揭秘！,MedTrend医趋势
2021-10-10,美年健康：公司目前还没有和李佳琦团队进行合作,每日经济新闻
2021-10-10,美年健康：公司下属体检中心的医疗耗材是通过集团集采,每日经济新闻
2021-10-10,美年健康：目前优健康（好卓）为公司的参股企业,每日经济新闻
2021-10-09,医疗服务行业深度报告：公立医院高质量发展下 优质民营医院迎来更大发展机会,新浪
2021-09-29,美年健康(002044.SZ)：拟对外投资、放弃部分参股公司优先购买权及优先认购权,格隆汇
2021-09-29,美年健康(002044.SZ)部分参股公司拟通过股权转让及增资方式引进新股东,智通财经
2021-09-26,美年健康：公司大股东从未实际控制胶囊胃镜企业,每日经济新闻
2021-09-26,美年健康：公司不涉及云宇宙概念,Wind
2021-09-26,美年健康：公司不涉及云宇宙概念,每日经济新闻
2021-09-26,医药生物行业资金流入榜：6股净流入资金超亿元,证券之星
2021-09-23,每1.5元销售费用换1元收入，“慢病管理第一股”流血上市,健识局
2021-09-18,美年健康荣获“年度社会责任贡献奖”,中国经营网
2021-09-13,美年健康：拟非公开增发不超过4.08亿股，募资不超过25亿元,每日经济新闻
2021-09-12,美年健康推25亿定增“补流”，实控人俞熔旗下公司全额认购,深水财经社
2021-09-10,美年健康：王晓军辞去公司监事的职务 董监高成员变化,Wind
2021-09-10,美年健康(002044.SZ)提名檀叙为监事候选人,智通财经
2021-09-10,美年健康：拟定增募资不超25亿元,Wind
2021-09-10,美年健康今日大宗交易成交43.50万股，成交价8.0元溢价0.0%,Wind
2021-09-10,美因基因IPO背后，资本眼中的核酸检测是怎么回事？,36氪
2021-09-10,美年健康，争做全民的健康守门人,凤凰网
2021-09-10,美年健康集团与中国邮政集团达成全面战略合作协议,凤凰网
2021-09-09,A股共发生109宗大宗交易成交46.2亿元（9月9日）,Wind
2021-09-09,美年健康今日大宗交易成交66万股，成交价8.0元折价3.15%,Wind
2021-09-08,美因基因赴港IPO，营收依赖大股东，筛查检测结果无法用于临床,中金在线
2021-09-08,美年健康联合各方，共建我国首个“泌尿三癌”早筛早诊早治健康联合体,凤凰网
2021-09-08,美年健康今日大宗交易成交209万股，成交价7.7元折价6.55%,Wind
2021-09-08,美年健康科技赋能升级竞争壁垒 员工持股计划迎高质量发展,中金在线
2021-09-08,美年健康标准先行 品质驱动,凤凰网
2021-09-08,美年健康创新布局黄金赛道 员工持股计划助力长期稳健发展,金融界
2021-09-07,社保扩大“持股池”：新进97只个股，精准减仓长春高新（附个股）,红周刊
2021-09-07,应用到“一线”的智能机器人，按下大健康下沉“加速键”,品途商业评论
2021-09-07,9月7日沪深两市最新交易提示,金融界
2021-09-06,美年健康创新布局协同发展加速转型迎高质量发展,第一财经
2021-09-06,美年健康多点发力协同布局 迎高质量内生式发展,和讯
2021-09-05,美年健康：目前，公司持有美因股比例接近19%，为单一持股第一大股东,每日经济新闻
2021-09-05,惨烈爆仓！21股腰斩，最牛赛道怎么突然崩了？,Wind
2021-09-05,惨烈爆仓！从盈利150万到负债30万！21股腰斩，最牛赛道怎么突然崩了？ 股票质押异常,中国基金报
2021-09-04,美年健康：下半年已进入健康体检的行业旺季，公司的现金流状况将改善,每日经济新闻
2021-09-04,从盈利150万到负债30万，股民自述爆仓经历！,Wind
2021-09-04,从盈利150万到负债30万，股民自述爆仓经历！医药股几乎全线溃败，21股年内腰斩，最牛赛道怎么了？ 股票质押异常,券商中国
2021-09-04,AI赋能健康管理服务 美年健康持续深化预防关口前移,深水财经社
2021-09-03,美年健康创新智能医疗内涵 开启健康管理新征程,中金在线
2021-09-03,聊一位成长风格的潜力基金经理,雪球
2021-09-02,艾力斯：宝新能源、博裕资本等39家机构于8月25日调研我司,证券之星
2021-09-02,美因基因赴港IPO，营收依赖美年健康,Ofweek
2021-09-02,美年健康牵头国家重点研发项目 为大众健康创新发力,第一财经
2021-09-02,QFII、社保基金最新持仓情况曝光！仍偏爱新能源赛道,资本邦
2021-09-02,美年生态赋能企业创新 主动健康与数字医疗专业赛启动报名,和讯
2021-09-02,狂买这些股！社保、QFII最新持仓大曝光！,Wind
2021-09-02,狂买这些股！社保、QFII最新持仓大曝光！抄作业机会来了？,Wind
2021-09-02,狂买这些股！社保、QFII最新持仓大曝光！抄作业机会来了？,中国基金报
2021-09-01,八部门出台《深化医疗服务价格改革试点方案》，分析称有望利好优质民营医疗,经济观察报
2021-09-01,政策利好不断，美年健康（002044.SZ）业绩拐点或将出现,格隆汇
2021-09-01,美年健康创新布局 提速高质量内生式发展,和讯
2021-09-01,美因基因：癌症筛查毛利80%,网易
2021-09-01,【开源医药】行业点评：《深化医疗服务价格改革试点方案》发布，完善医疗服务价格体系,微信
2021-09-01,助力“健康中国”建设 美年健康举办中国创新创业大赛专业赛,中国网
2021-09-01,基金半年报出炉，大佬提到了股价的2个决定因素,新浪
2021-08-31,全国体检第一股，美年健康是怎么凉的？,新浪
2021-08-31,下半年怎么看？热门赛道追吗？张坤、傅鹏博、袁芳中报里这么说,基金观察网
2021-08-31,美年健康：上半年营收同期增八成 多重举措迎接下半年体检旺季,中国网
2021-08-31,政策红利需求回暖 美年健康上半年营收同比增长85.25%,经济观察网
2021-08-31,美年健康上半年营收33.77亿 政策红利促稳健发展,财经网
2021-08-31,美年健康：上半年归母净亏损4.28亿元，亏损同比收窄45.83% 亏损,36氪
2021-08-31,股市动态|财经早资讯：国家新闻出版署下发未成年人网游防沉迷通知；赣锋锂业上半年净利大增797%,财经网
2021-08-31,萧楠等基金“顶流”隐形重仓股浮出水面,每日商报
2021-08-31,【中证盘前】“光伏茅”上半年净利近50亿元；京东方投逾80亿元扩产；贵州茅台拟“换帅”；长江电力上半年投资收益超38亿元,中证报
2021-08-30,政策红利促健康发展 美年健康龙头布局黄金赛道,每日经济新闻
2021-08-30,美年健康上半年营收同比增逾85% 亏损大幅收窄 亏损,e公司
2021-08-30,美年健康(002044.SZ)半年度归母净利亏损4.28亿元 同比减亏45.83% 亏损,智通财经
2021-08-30,美年健康继续亏：上半年净亏损4.28亿元 知名基金退出十大股东,新浪
2021-08-30,美年健康：上半年亏损4.28亿元 兴全趋势、易方达蓝筹精选退出十大股东名单 亏损,e公司
2021-08-30,美年健康：上半年亏损缩窄，净亏损4.28亿元 亏损,Wind
2021-08-30,一周策略回顾与展望,新浪
2021-08-30,美年健康用品质见证成长,凤凰网
2021-08-29,美年健康：打造全方位、多层次高品质服务,凤凰网
2021-08-28,“千亿顶流”张坤隐形重仓股来了！,Wind
2021-08-28,“千亿顶流”张坤隐形重仓股来了！海吉亚医疗、中国国贸现身,澎湃新闻
2021-08-27,A股“爆雷”日！中报下周收关，几家欢喜几家愁,Wind
2021-08-26,江苏证监局：“清欠解保”攻坚战成效显着 推动清偿38家公司占用资金342.5亿元,中证网
2021-08-25,互联网医疗驶入快车道，平安好医生稳步扎实向前迈进,东方网
2021-08-24,美年健康(002044.SZ)股东世纪长河解除质押2880万股公司股份,智通财经
2021-08-24,美年健康：实际控制人俞熔及其一致行动人累计质押股份约为5.86亿股,每日经济新闻
2021-08-24,江苏证监局全力打好“清欠解保”攻坚战,证券时报网
2021-08-23,侦探基金晒单 | 伙计们，军工涨了3个月了！涨超40%！,新浪
2021-08-23,【中证盘前】千万盈利变亏25亿，这家公司将被实施退市风险警示；格力电器上半年净利同比增48.64%；透景生命拟每10股转增8股,中证报
2021-08-23,股海导航 8月23日沪深股市公告提示,新浪
2021-08-22,美年健康拟推10亿员工持股计划，实控人俞熔承诺本金兜底,深水财经社
2021-08-22,【提前看】22日公告精选：格力电器：上半年净利94.57亿元，同比增48%；东北制药：方大钢铁持股达57.88%触发全面要约收购,e公司
2021-08-22,上市公司重要公告集锦：格力电器上半年净利94.57亿元 同比增48.64%,证券日报之声
2021-08-22,公告精选：博力威拟扩产锂电芯及储能电池；招商公路等将终止收购土耳其路桥资产,e公司
2021-08-22,晚间公告热点追踪：A股首例 华北制药因集采断供被列入“违规名单”的公司,新浪
2021-08-22,晚间公告｜8月22日这些公告有看头,第一财经
2021-08-22,美年健康：推员工持股计划 资金总额不超10亿元,e公司
2021-08-22,美年健康(002044.SZ)拟推2021年员工持股计划,智通财经
2021-08-21,美年健康：核酸检测业务总量增长明显,Wind
2021-08-20,千亿大白马跌停，揭示下周中报业绩预期差,Wind
2021-08-20,美年健康 你健康的保护者,凤凰网
2021-08-20,美年健康 共建医疗健康联合体,凤凰网
2021-08-20,11家公司向下修正业绩 业绩更正,证券时报网
2021-08-19,癌症筛查是门好生意吗？美因基因拟赴港上市：癌症筛查业务毛利率达80.5%,新浪
2021-08-19,美年健康扶持起家，美因基因是收智商税吗？,搜狐
2021-08-18,美因基因赴港IPO：美年健康为大股东，8款在研产品尚未商业化,格隆汇
2021-08-18,基因检测赛道火热，美因基因借 IPO能否继续长红？,36氪
2021-08-18,又一家民营医疗集团冲击上市！,新浪
2021-08-18,美因基因递表港交所冲刺“国内基因检测第一股”集资3亿美元,中华网
2021-08-18,美因基因港交所递表：消费级基因检测是一门好生意了吗？,金融界
2021-08-18,每月检测基因23万次，中国最大癌症筛查平台要上市了,21商评网
2021-08-17,美因基因拟赴港上市 美年健康持股18.63%,e公司
2021-08-17,十一年如一日的长跑隐士,中国基金报
2021-08-17,消费基因大战幸存者赴港上市，狂砍2亿营收，居然还不亏损？,动脉新医药
2021-08-16,【国元医药|点评】长春高新2021年中报点评：生长激素维持高增速，疫苗板块未来可期,微信
2021-08-16,并购Samton加速产业布局，新纽科技缘何聚青睐SaaS业务？,凤凰网
2021-08-14,药明康德流通市值两周蒸发286亿元，79亿元股权激励方案“激怒”市场？「基因测序双周榜」,华夏时报
2021-08-14,医药生物行业本周资金流出榜：37股净流出资金超亿元,证券时报网
2021-08-11,美年健康集团与中国邮政集团北京分公司签订全面战略合作协议,e公司
2021-08-10,科技大赛助力数字化主动健康生态建设,凤凰网
2021-08-09,中金公司：全球疫情再度反弹，调整之后是布局良机！医疗ETF（512170）连续第四日资金净申购,资本邦
2021-08-09,明德医院被创始人告上仲裁庭 牵出春华资本、京东方A恩怨往事 关联方问题,新浪
2021-08-09,美年健康：标准化是公司成长的根基,北京商报
2021-08-08,明德医院十年恩怨：创始团队和胡祖六、京东方A的爱恨纠葛,新浪
2021-08-07,美年健康：目前和第三方签订合作的控股参股分院有近250家，重点城市自建PCR实验室也在快速推进,每日经济新闻
2021-08-07,投资者提问：你好，董秘，贵公司作为医疗检测龙头，是否有新冠病毒检测方面的业,新浪
2021-08-06,千亿级券商研报再招非议！国信证券竟预测宁德时代40年后储能营收1700亿,环球老虎财经
2021-08-06,国信证券“雷人”研报——2060年宁德时代储能业务营收1700亿,环球老虎财经
2021-08-04,美年健康部分城市订单大增 机构料下半年高速恢复性增长,中证网
2021-08-04,2021年中国公立医院行业市场现状与发展趋势分析 公立医院改革初见成效【组图】,前瞻研究院
2021-08-04,政策加持需求升温 美年健康创新布局精准预防,和讯
2021-08-03,美年健康：美年各地体检中心目前正常营业，部分城市核酸检测业务量大增,每日经济新闻
2021-08-03,美年健康：目前官方小程序上线不到半年，月活跃用户已过百万，小程序中更多功能还在持续迭代中,每日经济新闻
2021-08-03,打造体检服务闭环 美年健康加码检后增值服务,中经导报
2021-08-03,体检市场回暖需求加速释放 美年健康升级医疗质控迎高质量发展,经济观察网
2021-08-03,深度分析！十张图了解2021年中国医疗机构市场现状与竞争格局 东部地区医疗资源优势明显,前瞻研究院
2021-08-02,两市最近5日大宗商品交易,财富动力网
2021-08-02,创业公司不得不争的“上市第一股”,新浪
2021-07-31,医药行业周报：散点疫情偶发 寻找“脱敏”品种,西南证券
2021-07-30,“金融+康养”，中国保险业的破困之手,格隆汇
2021-07-30,美年健康：实际控制人俞熔及其一致行动人累计质押股份约为6.15亿股,每日经济新闻
2021-07-30,美年健康(002044.SZ)股东世纪长河等合计质押3305.33万股,智通财经
2021-07-30,张坤喊投资人投票了！易方达中小盘要更名，投资范围扩充,AI财经社
2021-07-30,"美年健康现1笔大宗交易 共成交4,354.39万元",新浪
2021-07-30,美年健康今日大宗交易成交666.83万股，成交价6.53元折价13.28%,Wind
2021-07-30,“十倍牛基”易方达中小盘更名，投资范围将扩大至港股,环球老虎财经
2021-07-30,什么信号？张坤管理基金要更名，有4大变化,Wind
2021-07-30,张坤旗下易方达中小盘混合筹划重要调整，过去8年回报率高达621.73%,华夏时报
2021-07-30,“千亿顶流”管理的易方达中小盘拟更名，并增加港股投资范围 张坤：核心投资理念没变,e公司
2021-07-30,张坤管理的易方达中小盘基金拟更名，投资范围也要改,中新经纬
2021-07-29,解密主力资金出逃股连续5日净流出839股,证券时报网
2021-07-29,瑞慈医疗（1526.HK）：被市场低估的优质医疗资产,YY港股圈
2021-07-29,美年健康：公司的运营处于平稳正常状态中,每日经济新闻
2021-07-29,从二季报和高频探测模型看基金抱团最新变化,ZTQuant
2021-07-29,10家公司向下修正业绩 业绩更正,证券时报网
2021-07-29,A股早报2021年7月29日星期四,Wind
2021-07-29,美年健康7月28日现4笔大宗交易,证券时报网
2021-07-28,十一年如一日的长跑隐士,每日经济新闻
2021-07-28,A股共发生132宗大宗交易机构抢筹这些个股,第一财经
2021-07-28,A股共发生132宗大宗交易成交28.92亿元（7月28日）,Wind
2021-07-28,瑞科生物冲刺IPO，估值90亿元，瞄准HPV市场|港股,搜狐
2021-07-28,"美年健康现4笔大宗交易 共成交19,954.29万元",新浪
2021-07-27,美年健康：员工持股计划还在筹划阶段,每日经济新闻
2021-07-27,美年健康：康康体检是公司的第三方合作平台,每日经济新闻
2021-07-26,中金公司：二季度主动权益公募仓位提升主动增配电新和电子,财联社
2021-07-23,美年健康：美维口腔系上市公司的兄弟公司，未纳入上市公司体系,每日经济新闻
2021-07-23,美年健康：公司与美维口腔已开展业务合作,每日经济新闻
2021-07-23,美年健康：会根据具体的业务需要，聘请少量多点执业的兼职医生,每日经济新闻
2021-07-23,美年健康：郑州大雨对当地分院有一定程度影响,e公司
2021-07-23,美年健康：实际控制人俞熔及其一致行动人累计质押股份约为5.82亿股,每日经济新闻
2021-07-23,美年健康(002044.SZ)股东天亿资产质押2409.1万股,智通财经
2021-07-23,家电企业跨界医疗 美的万东道阻且长,新浪
2021-07-23,2021 年二季报公募基金十大重仓股持仓分析,华创金工
2021-07-23,18家千亿顶流基金公司调仓释放重要信息,Wind
2021-07-23,董承非管理的兴全趋势新进了紫光国微和妙可蓝多,金融界
2021-07-23,二季度公募基金大赚8700亿元基金经理重仓股大换血 科技与新能源成香饽饽,深圳商报
2021-07-23,重磅！前十基金公司最新重仓股大曝光，附名单→→,每日经济新闻
2021-07-22,换个地方接着抱团,包子君
2021-07-22,美年健康：最近有机构前来调研，下半年是体检行业的旺季,每日经济新闻
2021-07-22,揭秘公募基金二季度重仓股：谁被增仓谁被减仓？5.6万亿头部资金买了哪些票？（附前十大基金公司重仓名单）,每日经济新闻
2021-07-22,A股上市公司减值准备来袭，风险值得警惕！,Wind
2021-07-22,二季度基金加仓宁德时代 抛售中国平安,金融投资报
2021-07-22,基金二季报重仓股调查：仓位稳中有升，增配三大行业,Wind
2021-07-22,基金抱团50强出炉！顶流扎堆增持股曝光,Wind
2021-07-22,重磅，基金抱团50强出炉！宁德时代成第二大重仓，顶流扎堆增持股曝光，持续高增长股仅10只,证券时报网
2021-07-22,公募基金二季度十大重仓股曝光！白酒仍占三席，宁德时代被疯狂扫货，但有两只个股却被甩卖出局（附名单）,每日经济新闻
2021-07-22,基金顶流压轴出场！仓位新低、重仓换血，未来咋走？,Wind
2021-07-22,港股盘前必读：消息称爱美客计划于本月或下月向港交所递交上市申请,Wind
2021-07-22,东北证券【点石1号?股市正阳】震荡格局、双创和周期主线较为活跃,东北证券金融世界
2021-07-22,公募基金二季报收官：蔡嵩松增持圣邦股份至第一重仓股，刘彦春仓位降至3年半新,新浪
2021-07-22,兴证全球基金邹欣最新持仓，重仓海康威视（兴全绿色投资混合型基金(LOF)）,证券之星
2021-07-21,【IPO前哨】瑞科生物赴港上市，剑指中国百亿HPV蓝海,财华社
2021-07-21,公司是否加入了长三角一体化区域检验中心检验联盟？美年健康：公司暂未加入,每日经济新闻
2021-07-21,基金二季报聚焦：梦圆借疫苗、医疗“翻身”，赵诣押中新能源,第一财经
2021-07-21,“药基”明星葛兰、赵蓓等二季度大举增仓这些一线医药公司！（附重仓股）,红周刊
2021-07-21,兴证全球基金季文华最新持仓，重仓宁德时代（兴全合丰三年持有期混合型基金）,证券之星
2021-07-21,起底MCN投资现状：大退潮后 谁还在下注？,亿邦动力
2021-07-21,基金早班车|买什么？卖什么？警惕私募陷阱，探秘公募二季报里的“财富密码”,金融界
2021-07-21,A股走出独立行情，十大顶流基金经理最新调仓动向出炉,Wind
2021-07-21,董承非二季度业绩滑铁卢背后：规模缩减近一成，继续降低仓位 盈利能力下降,澎湃新闻
2021-07-21,A股走出独立行情，十大顶流基金经理最新调仓动向出炉！,Wind
2021-07-20,易方达张坤“控酒”接连减持茅台、洋河、五粮液，招商侯昊增持36亿元五粮液 减持股份,搜狐
2021-07-20,电报|名将董承非最新持仓曝光：兴全趋势股票再降至63%三安光电成第一大重仓股,财联社
2021-07-20,美年健康：2021年半年报已预约披露日为8月31日,每日经济新闻
2021-07-20,汇添富基金王栩最新持仓，重仓药明生物（汇添富大盘核心资产增长混合型基金）,证券之星
2021-07-20,本周市场大概率继续弱势震荡,财华社
2021-07-20,外围重挫A股探底回升沪指守住3500 市场大概率继续震荡调整,财华社
2021-07-20,美年健康下修业绩预告 上半年预亏增至4.3亿元 预亏,GPLP犀牛财经
2021-07-20,10大顶流基金经理二季度调仓动向曝光,Wind
2021-07-20,易方达张坤最新调仓路径曝光 减持五粮液、茅台、美团 减持股份,财经网
2021-07-20,张坤最爱还是它，3只基金共同持有2大龙头股,Wind
2021-07-20,快讯 | 农银汇理赵诣二季度高仓位坚守新能源,每日经济新闻
2021-07-20,快讯 | 易方达张坤调仓路径曝光,每日经济新闻
2021-07-20,张坤最新发声，大幅减持五粮液、好未来等 减持股份,Wind
2021-07-20,张坤最新重仓股来了，傅友兴、冯波到底买了什么？,Wind
2021-07-20,【医药*朱国广】人口结构演变背景下的医疗服务投资机会,东吴研究所
2021-07-19,业绩下修、打法证伪，不“健康”的美年“张坤们”爱得起来吗？,ZAKER
2021-07-19,广发基金罗国庆最新持仓，重仓爱尔眼科（广发中证医疗指数基金(LOF)）,证券之星
2021-07-19,医药生物：人口结构演变背景下的医疗服务投资机会,新浪
2021-07-19,大白马们，终究还是一地鸡毛,格隆汇
2021-07-19,美年健康：公司下半年即将进入业务旺季,Wind
2021-07-19,【华泰金工林晓明团队】本周博时新发四只目标日期FOF——FOF周报0719,华泰金融工程
2021-07-18,瑞科生物冲刺港交所：单季亏损2.5亿 君联与红杉是股东 亏损,新浪
2021-07-18,瑞科生物拟在港上市：斥巨资购买新冠疫苗专利，亏损规模持续扩大 亏损,新浪
2021-07-18,医药行业周报：中报预告落地 个股表现持续分化,西南证券
2021-07-17,天亿公司质押给平安德成公司的贷款是否偿还或者补充质押？美年健康：截至目前，该笔贷款正常偿还过程中，没有补充质押,每日经济新闻
2021-07-17,在海口台胞积极接种新冠疫苗,新浪
2021-07-17,八卦一下！多家杭州“艾”字辈公司的来龙去脉！,medworld器械世界
2021-07-17,华宝未来主导混合净值下跌3.32%,新浪
2021-07-16,乐普医疗：聘江维娜担任董秘,每日经济新闻
2021-07-16,安翰科技专利官司胜诉难解质疑网络口碑负面IPO之路料难平坦 诉讼纠纷,硅谷动力
2021-07-15,张坤真的跌落王座了吗？（深度持仓解读）,新浪
2021-07-15,美年健康：经向股东上海麒钧核实并确认，截至目前，上海麒钧尚未还款，存在补充质押 股票质押异常,每日经济新闻
2021-07-15,7月15日股市避雷针,财联社
2021-07-15,美年健康：大股东天亿资产目前不存在平仓风险,Wind
2021-07-14,美年健康：上半年预计亏损金额有所缩减 预亏,Wind
2021-07-14,中报预亏预警丨这家公司上半年预亏12-14.5亿元 预亏,第一财经
2021-07-14,晚间重要公告2021年7月14日星期三,Wind
2021-07-14,美年健康：预计上半年亏损4亿元-4.3亿元 预亏,中新经纬
2021-07-14,美年健康下修业绩预期：上半年预亏4亿元-4.3亿元 预亏,财联社
2021-07-14,美年健康：下修业绩预告，预计上半年净亏损4亿元至4.3亿元 预亏,Wind
2021-07-14,【国元医药|点评】安科生物2021年中报预告点评：业绩表现超预期，生长激素维持高增长态势,元气医药
2021-07-13,美年健康：公司暂未布局老年人养老领域,每日经济新闻
2021-07-13,美年健康：公司主营业务为健康体检业务，未涉足汉麻行业,每日经济新闻
2021-07-13,公司有涉足宠物体检吗，并在未来有意向开拓宠物体检市场？美年健康：公司暂时未涉足此领域,每日经济新闻
2021-07-13,美年健康：打造全周期服务闭环 共创医防协同机制,凤凰网
2021-07-12,美年健康：上半年是行业经营的传统淡季,Wind
2021-07-11,美年健康：公司目前没有布局植发行业的考虑,每日经济新闻
2021-07-11,美年健康：目前部分地区分院有口腔科体检服务,每日经济新闻
2021-07-10,同质化创新受打击，药明康德震荡，贝达药业跌跌不休「基因测序周评榜」,华夏时报
2021-07-09,美年健康：截止2020年年底正在经营的门店数量为605,Wind
2021-07-09,美年健康：下半年即将进入业务旺季,Wind
2021-07-08,专家提出关注职工健康要从食堂抓起,中国经济网
2021-07-08,医药生物行业7月8日资金流向日报,证券时报网
2021-07-08,思享会｜7月新药研发行业盛宴，只差一个你,CPhI制药在线
2021-07-08,蚂蚁集团调整管理团队披露名单，首席合规官、大安全事业群总裁备受关注,华夏时报
2021-07-07,最新筹码集中股来了！这些巨头上榜（附名单）,东方财富
2021-07-07,2021大数据产业分荐,硅谷动力
2021-07-07,注册用户超5000万，优健康致力打造中国最大的预防医疗大数据平台,动脉网
2021-07-07,美的入主万东医疗五个月浮盈3.6亿 拟再出资20.83亿包揽定增加强控股,长江商报
2021-07-07,华宝中证医疗ETF净值下跌4.88%,新浪
2021-07-06,美年健康：半年报已预约披露时间为2021年8月31日,每日经济新闻
2021-07-05,医药生物行业周报：中报预增期来临 关注医药绩优股表现,光大证券
2021-07-05,行业深度！一文带你了解2021年中国健康体检行业市场规模、竞争格局及发展趋势,前瞻研究院
2021-07-05,理想汽车6月新增订单创历史新高；马斯克：全自动驾驶套件9测试版很快将发布；中微公司定增获多家知名机构认购,每经头条
2021-07-05,36氪首发 | 「每刻科技」获CMC资本2亿元B++轮融资，定位智能云财务,36氪
2021-07-04,CXO股价调整后是否再次上车机会？持续重点推荐药明康德、凯莱英等,国广有话说
2021-07-04,甲贝医药完成数千万元Pre-A轮融资,北京商报
2021-07-02,金风科技与云锋基金达成战略合作,金风科技
2021-07-02,每刻科技完成2亿元B++轮融资，CMC资本独家投资,猎云网
2021-07-01,上半年券商资管权益类基金平均收益6%，长江证券资管成立不到3个月的新品成最大黑马全靠这一招！,每日经济新闻
2021-07-01,复星联合家医保：买重疾还送终身体检和家庭医生？是噱头还是真福利？,搜狐
2021-07-01,36氪新风向 | 销售额连翻数十倍，隐形黑马「智慧体检」突出重围,36氪
2021-06-30,36氪新风向 | 销售额连翻数十倍，隐形黑马「智慧体检」突出重围,36氪
2021-06-30,套用员工持股大招护盘，美年健康恐股价暴跌触发质押爆仓? 连续下跌,新浪
2021-06-29,走下神坛！张坤、董承非、刘彦春等大佬业绩平平，谢治宇坦言认错,格隆汇
2021-06-28,美年健康(002044.SZ)拟推出员工持股计划,智通财经
2021-06-28,美年健康：筹划员工持股计划,每日经济新闻
2021-06-28,【基金日报】半年业绩大战正酣，张坤和董承非被套，机构激辩白酒股后市,新浪
2021-06-28,每刻科技获CMC资本2亿元B++轮融资，B系列轮共完成超4亿元融资,亿欧网
2021-06-28,在这只行业龙头上，张坤和董承非都被套住了,Wind
2021-06-28,在这只行业龙头上，张坤和董承非都被套住了,上证报
2021-06-28,“中考”来临！顶流张坤、董承非等明星基金经理年内业绩亏损,ZAKER
2021-06-27,证券时报-润灵环球2021生物医药行业ESG评级报告：较2020改善不明显,证券时报网
2021-06-26,医药生物行业本周涨3.19%，主力资金净流出70.59亿元,证券时报网
2021-06-25,明星基金经理不灵了？“中考”来临，有顶流基金经理年内业绩亏损,贝壳财经
2021-06-25,深红利现在能不能上车,新浪
2021-06-25,美年大健康(SKIN)宣布收购四家全球经销商的协议,和讯
2021-06-25,美年健康(002044.SZ)聘任俞熔为公司总裁,智通财经
2021-06-25,美年健康：聘任俞熔为公司总裁、徐涛为联席总裁,每日经济新闻
2021-06-24,美年健康：公司即将进入下半年业务旺季,每日经济新闻
2021-06-24,江苏区域股市周报：新增2家上市公司 4家机构调研传智教育,每日经济新闻
2021-06-23,美年健康：天亿资产部分股份质押,每日经济新闻
2021-06-23,美年健康(002044.SZ)股东天亿资产质押3061.46万股,智通财经
2021-06-23,"基金经理大洗牌！张坤""踩雷""，""新男神""晋级，""顶流们""纷纷掉队…啥情况？ 基金经理离任",券商中国
2021-06-22,美年健康：目前没有布局医美领域的考虑,每日经济新闻
2021-06-22,百亿公募内卷分化：葛兰、焦巍上半年领跑 张坤、刘彦春或后程发力,新浪
2021-06-22,张坤“踩雷”教育股！董承非、谢治宇等多个产品排名垫底,Wind
2021-06-22,医药行业2021年半年报业绩前瞻：CXO、生物制品、创新器械、医疗服务有望持续高增长,西南证券
2021-06-22,医药生物行业简评报告：八部委联合发文推动康复产业加快发展 看好康复产业链“器械+服务”,新浪
2021-06-22,hi选基：张坤的基金竟然排倒数第二了？,金融界
2021-06-22,医药行业周报：医保法征求意见稿和2021年医改重点工作发布 看好高壁垒创新赛道,新浪
2021-06-21,一个月内被问询三次 停牌核查的润和软件搞什么鬼 问询,新浪
2021-06-19,张坤的滑铁卢,格隆汇
2021-06-19,京东健康618：“精养健康”时代下，线上线下一体化服务成健康消费新宠,金融界
2021-06-19,迷茫期的一张投资明牌,Wind
2021-06-18,美的CTO胡自强任万东医疗董事长 将完善研发体系,第一财经
2021-06-18,解密主力资金出逃股连续5日净流出580股,证券时报网
2021-06-18,社区拼团为社区团购赋能并非独立业态 线上寻找增量与线下销售不冲突,联商网
2021-06-18,501家上市公司中报业绩预告出炉！预喜率超六成，两大行业领跑,Wind
2021-06-18,美年健康大跌5.01%，领跌医疗服务行业板块 连续下跌,中新经纬
2021-06-17,美年健康年报解读：构建全生命周期健康管理,凤凰网
2021-06-17,中国大健康产业前景广阔 美年健康夯实内功引领行业,凤凰网
2021-06-17,爱客多电商部总监葛彦：线上寻找增量，与线下销售不冲突,联商网
2021-06-17,美年健康打造全生命周期健康管理闭环,凤凰网
2021-06-17,美年健康：公司拟向实控人俞熔借款不超2亿元,Wind
2021-06-17,诚志股份：项目投产后诚志汉盟年处理工业大麻花叶的能力为2000吨,Wind
2021-06-17,制度与技术加持 美年健康走出精细化运营之路,中国网
2021-06-17,中融物联网主题混合净值下跌3.35%,新浪
2021-06-16,高瓴的科技投资观：看好半导体等四大方向,证券之星
2021-06-15,基金经理也懵了：中证全指医疗保健设备与服务指数上市2个月赚20% 80%的基民却跑了,每日经济新闻
2021-06-15,解密主力资金出逃股连续5日净流出615股,证券时报网
2021-06-15,上半年业绩暴增股名单！13只股票遭机构疯狂抢筹,中金在线
2021-06-15,6月15日主力资金净流出403亿元,证券时报网
2021-06-15,锂业巨头出王炸 突发利好？,至诚财经
2021-06-15,基金经理也懵了！上市2个月赚20%，80%的基民却跑了，券商高喊这个板块发展空间较大,每日经济新闻
2021-06-15,西南证券--医药行业周报：结合业绩和估值节后逢低布局【行业研究】,金融界股吧
2021-06-15,486家上市公司预告中报经营情况 近六成业绩预喜,北京商报
2021-06-15,医药行业2021年6月投资月报：6月仍然是较好的窗口期 两条思路配置医药,西南证券
2021-06-15,中报高增长高回撤股票名单出炉，双环传动成预增王,证券之星
2021-06-15,突发大利好，锂业巨头出“王炸”！,Wind
2021-06-15,中报预增行情开启化工行业预增个股数量最多,第一财经
2021-06-15,突放利好，锂业巨头出“王炸”！ 中报高增长高回撤股票名单出炉，预增王是它,e公司
2021-06-15,最高预亏超亿元，486股发中报预告 预亏,Wind
2021-06-15,最高预亏超亿元 486股发中报预告 预亏,北京商报
2021-06-14,486份中报业绩预告抢先看！近六成业绩预喜 *ST众泰等9股最高预亏超亿元 预亏,北京商报
2021-06-12,领跑者美年健康，创造预防医疗黄金时代,凤凰网
2021-06-11,江苏区域股市周报：新增1家上市公司 63家机构调研前沿生物-U,每日经济新闻
2021-06-11,美年健康俞熔：非公医疗机构正面临极大发展机遇,凤凰网
2021-06-10,8家知名药企现高管变动！ 董监高成员变化,医药观察家网
2021-06-10,Wind医药：每日行业动态（2021-06-10）,Wind
2021-06-10,美年健康现金流紧张拟向实控人借款2亿 收购美因基因对赌完成率68%获赔1.24亿 运营能力下降,长江商报
2021-06-09,别盲目抄作业！被顶流基金经理调研过的公司股价不一定涨，他们也未必会买,中证报
2021-06-08,美年健康(002044.SZ)拟向实控人俞熔借款不超2亿元,智通财经
2021-06-08,医药生物行业周报：持续关注低位逻辑变化的公司,新浪
2021-06-07,医药生物行业周报：如何从大品种价值理解前沿生物？,新浪
2021-06-07,安徽省委常委、合肥市委书记虞爱华会见美年健康集团董事长俞熔,中金在线
2021-06-07,阿斯利康成立消化及呼吸雾化事业部 | 微创医疗机器人提交港股上市申请，估值225亿元【最新闻0607】,MedTrend医趋势
2021-06-05,医药生物行业资金流向周报,证券时报网
2021-06-04,基因测序双周榜：药明康德流通市值暴涨315亿元，核酸检测龙头金域医学“叫好不叫座”？,华夏时报
2021-06-04,千亿市值龙头公司股东户数骤降30%！这些股票筹码正快速集中,Wind
2021-06-03,千亿市值龙头公司股东户数骤降30%！这些股票的筹码正在快速集中,中国证券网
2021-06-03,美年健康江维娜辞去副总裁、董秘职务 将担任研究院副院长 董监高成员变化,和讯
2021-06-03,86亿！私募巨头凯雷买下这家曾被GSK看上的公司,晨哨网
2021-06-02,IPO董秘看过来，这600+案例讲透了A股上市全流程,搜狐
2021-06-02,美年健康：关于公司董事辞职的公告 董监高成员变化,新浪
2021-06-02,美年健康：子公司美年大健康拟为十三家公司提供不超过1.3亿元担保 大额借贷担保,每日经济新闻
2021-06-02,美年健康：江维娜辞去副总裁、董事会秘书职务 董监高成员变化,Wind
2021-06-02,美年健康：董事吴琴伟辞职 董监高成员变化,Wind
2021-06-01,康立明生物：长安心前瞻性研究数据公布“未来还将滚动提交”，市场布局加快“院内渠道受重视”,财经网
2021-05-31,海外信用评级汇总2021年5月31日星期一,Wind
2021-05-31,穆迪：将美年健康评级展望由“负面”上调至“稳定”,Wind
2021-05-31,北向资金再度大幅净买入超52亿元，东方雨虹净买入额创历史新高,Wind
2021-05-31,5月31日主力资金净流出163亿元,证券时报网
2021-05-31,牛文文：5年时间，我看到了创业者的这些改变,I黑马
2021-05-31,医药周报：骨修复材料市场增速近20% 人工材料为骨移植的新选择,新浪
2021-05-31,八大券商主题策略：医药板块兼具科技加消费属性！未来3-5年是国产疫苗的黄金时代,中金在线
2021-05-31,五月资金流入核心龙头推动大盘,财富动力网
2021-05-29,牛文文：黑马实验室已成中国领先的产业加速器,新浪
2021-05-29,医药生物行业一周净流出资金175.35亿元，37股净流出资金超亿元,证券时报网
2021-05-28,卖房子不如卖水！失落的房地产，落寞的顶流基金经理,21世纪经济报道
2021-05-28,A股盘中跳水！这板块突然砸盘3000个股下跌300亿奶酪棒又跌停！,中国基金报
2021-05-28,发生了什么？这板块突然砸盘，A股盘中跳水！3000个股下跌，300亿奶酪棒又跌停！更有港股公司暴跌66% 连续下跌,中国基金报
2021-05-28,A股收评：两市午后跳水，沪指险守3600，锂电板块掀涨停潮,证券之星
2021-05-28,北向资金大幅减持股名单 减持股份,中财网
2021-05-28,45股融资余额增幅超10%,证券时报网
2021-05-28,三一重工等22只个股融资净买入额超亿元,第一财经
2021-05-28,沪指站上3600点加大市场分歧,中金在线
2021-05-28,北向资金动向盘点：净买146亿，电子拔得头筹,Wind
2021-05-27,14股特大单净流入超2亿元,第一财经
2021-05-27,今日股市0527丨科技股全面走强 哪些品种短线可继续介入？,第一财经
2021-05-27,明星基金扎堆重仓股：大举增持+超跌滞涨股仅6只,Wind
2021-05-27,巨·大盘｜板块轮动推升指数 半导体板块走上风口,巨丰财经
2021-05-27,巨丰收评：半导体板块领涨 沪指站上3600点,巨丰财经
2021-05-27,明星基金扎堆重仓股曝光，十年十倍股集中营，大举增持+超跌滞涨股仅6只,e公司
2021-05-27,创新药/医疗器械/生物医药…八大医药指数，未来谁会更牛？,养基司令
2021-05-27,太平洋--医药周报：关注赛道宽广、竞争格局优异的细分领域【行业研究】,金融界股吧
2021-05-24,美年健康：美因基因交易价格具有合理性,Wind
2021-05-24,【华泰金工林晓明团队】上周全部FOF产品均获得正收益——FOF周报20210524,华泰金融工程
2021-05-23,医药主题公募坚守核心资产 差异化选股能力成为业绩分水岭,新浪
2021-05-21,晚间重要公告2021年5月21日星期五,Wind
2021-05-21,美年健康：天亿资产对公司进行2020年度业绩承诺补偿5226.8万元,Wind
2021-05-21,易方达张坤一季度加仓的多只个股，价格还在其成本价附近！,基少成多
2021-05-21,生物医药产业技术与商业博弈｜「生命线」,36氪
2021-05-21,鹏城慈善创益空间揭牌 深圳再添全民慈善载体,深圳晚报
2021-05-20,百名非公医疗集团供应链专家“沪上论道”： 数字化创新如何破集采困局，实现“降本增效”？,北国网
2021-05-20,赋能企业新发展，大脑袋传媒五维传播应运而生！,钢企网
2021-05-20,房地产板块再遭“暴击”，房地产生意太难做？龙头股集体破净,证券之星
2021-05-20,A股最惨板块再遭暴击，600亿顶流基金经理也扛不住,Wind
2021-05-20,跌懵了！地产板块再遭暴击，600亿顶流基金经理也扛不住 龙头股集体破净,券商中国
2021-05-19,【国元医药|公司深度】华熙生物深度报告：多维驱动乘风起，颜值经济正当时,元气医药
2021-05-19,西南证券--医药行业2021年5月投资月报：海外疫情时有反复带来不确定性，重点配置基本面和估值匹配品种【行业研究】,金融界股吧
2021-05-18,医药医疗板块，长期投资机遇在哪？,制药网
2021-05-18,美年健康升级改革 提供高标准、高品质的服务,凤凰网
2021-05-17,【国元医药|点评】迈瑞医疗事件点评：携手HyTest，加强IVD原料研发和国际化布局,元气医药
2021-05-17,医药周报：业绩空窗期 建议重点关注高壁垒好赛道估值合理个股,新浪
2021-05-13,1425只个股今日尾盘资金净流入,证券时报网
2021-05-12,董承非坠落2000名开外，公募基金一季度亏损超2100亿,新浪
2021-05-12,中报业绩预计翻倍增长的低估值股票来了（附名单）,Wind
2021-05-12,【开源医药】2021年半年度策略报告,微信
2021-05-12,中报高增长低估值股票揭秘(附名单),中财网
2021-05-11,数字化全方位助力！美年健康进入量、价、质三重提升拐点期,投资时报
2021-05-11,多股涨停！“银发经济”酝酿新机遇机构看好这些养老概念股,第一财经
2021-05-11,万亿公募的季度决断：高配了谁，抛弃了谁？,锦缎
2021-05-08,李迅雷：透过季报数据探讨投资方向,Wind
2021-05-08,品质驱动科技赋能 美年健康迈入高质量发展期,财经网
2021-05-07,【国元医药|行业跟踪】医药行业2020年报&2021Q1季报总结：不惧疫情，刚需+创新+消费，医往直前,元气医药
2021-05-07,“四大白酒天王”操作大分化 布局有何玄机？,上证报
2021-05-07,美年健康：重视体检细节更重视拆解细节,和讯
2021-05-07,300只基金涨逾 10%“军工系”亏了,金融投资报
2021-05-06,医药行业2020年年报及2021年一季报总结：Q1业绩复苏回暖 看好CXO、疫苗、创新器械和服务等高景气板块,西南证券
2021-05-06,4月基金收益回升 300只基金涨超10%,金融投资报
2021-05-06,以疾病早筛切入医联体闭环，美年健康用实力说话,消费日报网
2021-05-06,A股融资融券日报：两融余额减少152.9亿元（5月5日 ）,Wind
2021-04-30,主力资金本月加仓这些超跌绩优股,第一财经
2021-04-30,【国元医药|点评】一心堂2021年一季报点评：业绩维持稳健增长，门店布局加速扩张,元气医药
2021-04-30,【国元医药|点评】老百姓2020年年报&2021年一季报点评：门店布局扩张加速，业绩增速短期承压,元气医药
2021-04-30,两家知名药企现高管离职！ 董监高成员变化,医药资讯地方台
2021-04-30,利润环比连增+同比暴增75匹盈利白马现身,证券时报网
2021-04-30,【早间资讯】2021-04-30,大通证券投教基地
2021-04-29,“躺赢时代”结束：医药主题基金业绩开始分化 行业基金经理不好当了,新浪
2021-04-29,美年健康一季度实现营收13.32亿元 同比增长149%,证券时报网
2021-04-29,美年健康：副总裁、首席科学家宁毅辞职 董监高成员变化,每日经济新闻
2021-04-29,美年健康(002044.SZ)一季度净利润亏损4.24亿元 亏损,智通财经
2021-04-29,美年健康：公司高级管理人员辞职 董监高成员变化,Wind
2021-04-29,美年健康：一季度亏损缩窄，净亏损4.24亿元 亏损,Wind
2021-04-29,云锋基金虞锋：是布局上中下游行业让企业之间有互补、有帮助,投中网
2021-04-29,509公司利润环比连增142家步入绩优股行列,证券时报网
2021-04-29,云锋基金虞锋：每打出一颗子弹，我最关心的是创始人在思考什么,投中网
2021-04-28,张坤、谢治宇买爆，被嫌弃的银行股起风了？,腾讯网
2021-04-28,被忽视的宝藏 | 宏赫优选20基金季度增减仓操作2021Q1,宏赫臻财
2021-04-28,【国元医药|点评】安科生物2021一季报点评：业绩超预期，生长激素实现高增长,元气医药
2021-04-28,505公司利润环比连增139家步入绩优股行列,证券时报网
2021-04-28,【医药】子行业走势分化，偏好消费、科技、服务属性——医药行业月报——看好,渤海证券研究
2021-04-28,A股一季报披露步入尾声，白马股闪崩频现，背后原因是什么？ 连续下跌,搜狐
2021-04-27,短跑、长跑、降仓、管大钱！基金经理“能力圈”画像曝光，持仓偏好原来如此,中证报
2021-04-27,美年健康荣获“2021年度最佳领袖品牌奖”,国际金融报
2021-04-27,业绩激增助飞股价，医疗ETF年内暴力吸金7.3亿元居医药类ETF首位,环球老虎财经
2021-04-27,从一季报和高频探测模型看基金抱团最新变化,ZTQuant
2021-04-27,2021年基金一季报专题研究之二：四类基金画像 短跑、长跑、降仓、管大钱,新浪
2021-04-27,“医”往无前业绩暴涨，医疗ETF年内狂揽7.3亿元成“香饽饽”,证券之星
2021-04-27,板块异动丨全球新冠检测放量超预期 相关板块个股短线拉升,智通财经
2021-04-27,八大券商主题策略：“药”不能停！业绩炸裂的一季报 只是开始不是结束,中金在线
2021-04-27,医疗ETF年内净流入资金超7.3亿元,中证网
2021-04-27,半日主力资金丨青睐医药股抛售北汽蓝谷近6亿元,第一财经
2021-04-27,利润环比连增+同比暴增83匹盈利白马现身,证券时报网
2021-04-27,权重股普跌 沪指冲高回落退守30日均线,上证报
2021-04-26,康弘药业修正业绩报告亏损2.7亿，13亿研发费用打水漂！ 业绩更正,医药观察家网
2021-04-26,逆市大涨！这个行业迎重磅利好！,证券之星
2021-04-26,基金规模迎高速增长期 投研能力成基金公司发展基石,中国经济网
2021-04-26,医药股全面爆发！多股获明星基金提前加仓,Wind
2021-04-26,需求旺盛创新加码 美年健康夯实内功迎高质量发展,第一财经
2021-04-26,生物医药板块全线大涨，两条主线布局投资机会（附股）丨牛熊眼,第一财经
2021-04-26,千亿顶流时代基金规模会否成业绩的敌人,中证报
2021-04-25,什么信号？张坤、冯柳、邓晓峰……明星公、私募基金一季度大幅加仓医药！,智通财经
2021-04-25,最新！顶流基金重仓股大洗牌，40张图表全披露,Wind
2021-04-24,董承非独爱美年健康，葛兰剔除英科医疗，刘格菘连续重仓康泰生物，顶流明星医药思路不同,红周刊
2021-04-23,调仓风向标|董承非：精准逃顶开启防守打法 全年保持悲观预期,新浪
2021-04-23,指数又失真，当心有人“抢跑”！丨复盘论,第一财经
2021-04-23,基金换打法：降仓位、填洼地、抓龙头,Wind
2021-04-23,半年蒸发1900亿！中国“药王”，失宠了？,云掌财经
2021-04-22,京东与优信二手车全链条服务互联互通，美年健康结合AI和大数据打造健康体检| 36氪大公司数字化创新指南0422,36氪
2021-04-22,投资机构谈中国医药创新：看好五大领域，不要搞重复建设,澎湃新闻
2021-04-22,顶流基金经理的一季报作业,YY港股圈
2021-04-22,一季度调仓路径显现！“顶流”基金经理一增一减，提高组合均衡性,环球老虎财经
2021-04-22,谢治宇和张坤“撞衫”傅鹏博、谢治宇、赵枫、董承非一季报持仓变动(图表),证券之星
2021-04-22,10张图一览社保、多名明星基金经理最新重仓股,Wind
2021-04-22,顶流基金经理亮“底牌” 大资金寻找新平衡,中证报
2021-04-21,偷窥大佬持仓，能抄作业吗？,云掌财经
2021-04-21,基金必读：东方红、中银、创金合信、德邦基金经理离任，汇添富、申万菱信新基提前结募，华泰柏瑞新基延募,新浪
2021-04-21,顶流基金经理重仓股大曝光！他们如何看后市？,Wind
2021-04-21,兴全趋势一季度减仓11%，董承非大手笔增持海康威视及欧派家居！,环球老虎财经
2021-04-21,八大券商主题策略：A股医药行业龙头名单精选 这些都是核心赛道！,中金在线
2021-04-21,董承非大减仓、刘格菘爱制造，赵诣增持天赐材料,Wind
2021-04-21,看董承非、刘格菘、谢治宇最新操作！两“顶流”现分歧,Wind
2021-04-20,董承非最新持仓曝光：兴全趋势股票仓位一季末降至六成，减持顺丰与三一,Wind
2021-04-20,权益类“拉胯”！兴银基金股债发展不均 13只产品年内收益率告负,投资时报
2021-04-20,美年健康：公司目前没有布局医美领域的考虑,Wind
2021-04-20,美年健康：公司目前没有布局医美领域的考虑,格隆汇
2021-04-20,增量资金集结造势，谁是基金新宠,Wind
2021-04-20,增量资金集结造势 谁是基金新宠,上证报
2021-04-19,易方达多只基金一季报披露 张坤、冯波、萧楠买进哪些股票？,新浪
2021-04-19,基金必读|方正富邦、人保基金经理离任 富安达基金新产品发行失败,新浪
2021-04-19,下行空间有限 后市重点关注量能配合,财华社
2021-04-19,张坤减仓白酒，加仓银行了,云掌财经
2021-04-19,“白马股”闪崩频现 业绩不及预期或为主因 盈利能力下降,经济日报
2021-04-19,张坤公布调仓细节 顶流基金经理的作业该怎么抄？,新浪
2021-04-19,张坤公布调仓细节，顶流基金经理的作业该怎么抄？——道达投基日记,每日经济新闻
2021-04-19,白马股业绩频频低于预期 机构布局看重“长坡厚雪”,上证报
2021-04-19,不抱团遭惨烈赎回、追高加码重仓股 中欧基金险招频出,新浪
2021-04-19,热点淘金：午后市场延续震荡反弹 新能源车引领市场上扬,巨丰财经
2021-04-19,科技赋能数字化转型 美年健康开启健康管理新征程,经济观察网
2021-04-19,张坤持仓更均衡！易方达知名基金经理重仓股曝光,Wind
2021-04-19,“公募一哥”最新投资路径曝光，加仓银行、医药，保持高仓位运作！张坤：价值回升是迟早的事,证券之星
2021-04-19,首创证券--医药生物行业简评报告：第五轮集采即将启动，政策免疫赛道仍是优选【行业研究】,金融界股吧
2021-04-19,易方达张坤：一季度增持计算机、医药，持仓结构趋于均衡,Wind
2021-04-19,易方达蓝筹精选规模再创新高 3只银行获张坤“偏爱”,第一财经
2021-04-19,易方达张坤：一季度增持计算机、医药 持仓结构趋于均衡,中证网
2021-04-19,"""公募一哥""张坤持仓大曝光！",证券之星
2021-04-19,白马股业绩频频低于预期 机构布局看重“长坡厚雪”,中国证券网
2021-04-19,中金公司：检测领域政策频出，二季度疫苗接种率有望持续提升，医疗ETF（512170）放量涨超1.5%,资本邦
2021-04-19,张坤一季度管理总规模突破1376亿！增配银行、医药、计算机,每日经济新闻
2021-04-19,"刚刚!1300亿""公募一哥""持仓大曝光 狂买这些股（附名单）",中国基金报
2021-04-19,张坤最新持仓曝光！十大重仓股有变动，保持高仓位，管理基金规模超1300亿元,上证报
2021-04-19,凌晨，张坤最新持仓曝光！基金规模超1300亿,Wind
2021-04-19,在管规模突破1300亿，张坤一季度大幅加仓医药、银行,Wind
2021-04-19,基金经理火线解读投资机遇-中国基金报多媒体数字报,中国基金报
2021-04-18,基因测序双周榜：药明康德市值半月蒸发181亿元，华测检测站上“碳中和”风口 连续下跌,华夏时报
2021-04-17,白马股天天被杀“闪崩”，基金经理火线解读来了,Wind
2021-04-17,机构也跌懵了！白马股天天被杀“闪崩”，基金经理火线解读来了,中国基金报
2021-04-17,美年健康俞熔：疾病预防是影响最深远的社会公益,华夏时报
2021-04-16,财报披露前股价“提前反应” 如何堵上A股“信披”隐秘的通道,21世纪经济报道
2021-04-16,巨亏却涨停，天齐锂业的王冠到底成色几何 重大损失,中金在线
2021-04-16,一天“杀”一只白马股，谁是罪魁祸首？,澎湃新闻
2021-04-16,主力大幅扫货白酒股！警惕这类股，主力资金连续流出超15日,证券之星
2021-04-16,"3过3：赶超罗振宇、吴晓波 抢先上市的""知识网红""可能是零点有数",新浪
2021-04-16,叶叶财经：连续涨停，送排雷秘籍！如何查询股票商誉是否过大呢？,云掌财经
2021-04-16,白酒集体大涨，股民的信仰又回来了？,云掌财经
2021-04-16,白马股频遭闪崩，艾德智能投顾或迎发展新窗口,中金在线
2021-04-16,重阳投资的“秘密”：控制回撤，避免大亏,时代周报
2021-04-16,股指期货每日观点（证券）2021/4/16,东吴期货
2021-04-16,什么信号？千亿基金大举加仓茅台 而持有茅台最多的机构仍在“甩卖”,财联社
2021-04-16,什么信号？千亿基金大举加仓茅台而持有茅台最多的机构仍在“甩卖”,证券之星
2021-04-16,“白马杀”背后的资金图谱：不可忽视的融资盘,Wind
2021-04-16,“白马杀”背后的资金图谱：不可忽视的融资盘,证券时报
2021-04-15,失效的“ 周期股避险共识”：明星基金经理三寻新方向,21世纪经济报道
2021-04-15,"史上罕见！大白马批量突遭“一字断魂刀”！曾3天25亿融资杀入，狂热杠杆资金惊现崩塌风险，“顺丰和中免或非最后案例”！
运营能力下降",e公司
2021-04-15,重阳投资的“秘密”：控制回撤，避免大亏,时代财经
2021-04-15,鬼故事又要来了？,证券之星
2021-04-15,一天杀一只白马股？今天轮到300亿管材龙头？,中国经济周刊
2021-04-15,股市下探，可转债能成避风港？3张图看清！,Wind
2021-04-15,每天一个抱团白马股“闪崩祭天” 兴证全球基金否认董成非离职 基金经理离任,GPLP犀牛财经
2021-04-15,[路演]美年健康：加速数字化转型 将在消化道智能检查等领域实现科研突破,全景网
2021-04-15,[路演]美年健康：2020年度体检人数合计2655万,全景网
2021-04-15,"基金重仓股被""定向爆破""，“苦主”究竟是谁？",第一财经
2021-04-15,[路演]美年健康：加强单个体检中心运营效率,全景网
2021-04-15,抱团股频“爆雷” 基金投资要谨慎,广州日报
2021-04-15,巨丰视角：白马股巨震 A股失守3400 但这轮中级调整接近尾声,巨丰财经
2021-04-15,白马股巨震 基金投资更注重“估值与业绩匹配”,搜狐
2021-04-15,底部不断抬高调整或近尾声,证券导报
2021-04-15,白马股巨震 基金投资更注重“估值与业绩匹配”,证券时报网
2021-04-15,白马股又崩了，A股还有哪些个股风险要警惕？,Wind
2021-04-15,白马股巨震，基金投资更注重“估值与业绩匹配”,Wind
2021-04-15,白马股巨震 基金投资更注重“估值与业绩匹配”,证券时报
2021-04-15,证券时报头版：着眼长远，理性看待白马股“闪崩”,Wind
2021-04-14,坚持品质驱动耐力长跑 美年健康锻造质控管理黄金甲,上证报
2021-04-14,基金理财日报：明星基金经理“新宠”名单曝光 正买入这些个股,中金在线
2021-04-14,白马股轮流闪崩，基金经理被“爆”了？或已提前调仓,Wind
2021-04-14,大牛基金经理持仓被定向爆破？董老师好像还排不上号,新浪
2021-04-14,业绩不佳股价、债券都要警惕！3张图一览810家上市公司状况,Wind
2021-04-14,【每日收评】次新妖股复牌跌停！高位股集体退潮 医美概念强势崛起 连续下跌,财联社
2021-04-14,顶流各有所好！明星基金经理持仓“新宠”能不能供投资者“抄作业”？,中证报
2021-04-14,医药股惊险一跳，“药茅”恒瑞医药一度跌超7.5%，发生了什么？,格隆汇
2021-04-14,美年健康：2020年净利润同比增长163.93%,中证网
2021-04-14,猝不及防！4000亿“药茅”闪崩下一只“被杀”的白马或是它？,证券之星
2021-04-14,美年健康一季报提前泄露疑云：机构闻风先跑？连续6日跌近30%,21世纪经济报道
2021-04-14,重仓股接连跌停，兴证全球董承非要离职？回应来了,澎湃新闻
2021-04-14,董承非要离职？其重仓股被轮流砸盘？兴证全球基金：近期市场关于董承非先生离职的传言不实 基金经理离任,金融界
2021-04-14,董承非重仓股被“定点爆破”?净值揭示真相：早已减仓,第一财经
2021-04-14,董承非要离职？其重仓股被轮流砸盘？兴证全球基金最新回应来了 基金经理离任,中证网
2021-04-14,中信证券顶风力挺“买入”评级，5000亿中国中免强势反弹,环球老虎财经
2021-04-14,“一天一个大白马”，恒瑞医药跳水6%,证券之星
2021-04-14,离职传闻扰动市场 董承非重仓股遭“定点爆破”,中国经济网
2021-04-14,基金大佬董承非“连环踩雷”重仓股连续“爆破”！快扛不住了？来看真相 重仓股票异动,证券之星
2021-04-14,东吴证券--美年健康2020年年报点评：Q4业绩强势增长，全年客单价微升【公司研究】,金融界股吧
2021-04-14,基金大佬“连环踩雷”，快扛不住了？来看真相：178股高度分散,Wind
2021-04-14,每日理财观察：一季度外贸进出口实现“开门红”,Wind
2021-04-14,5000亿市值白马跌停！抱团股闪崩都有同一特征（附表）,Wind
2021-04-14,470亿猪茅业绩大跌！1.8万亿巨头三天蒸发2600亿,Wind
2021-04-14,顶流基金持仓曝光，“抄作业”没那么简单,Wind
2021-04-14,顶流基金持仓曝光“抄作业”没那么简单,中证报
2021-04-14,“抱团股”频遭抛售，业绩成个股估值试金石,Wind
2021-04-13,白马股重度杀跌，北向资金又回来了，多家私募已左侧抄底,Wind
2021-04-13,【国元医药|点评】艾德生物2020年年报点评：业绩符合预期，新产品新合作稳步推进,元气医药
2021-04-13,沪指三连阴解盘：缘于白马股杀跌、业绩不及预期、增量资金少 盈利能力下降,澎湃新闻
2021-04-13,离职传闻扰动市场，董承非重仓股遭“定点爆破”？,Wind
2021-04-13,三机构狂砸8亿，北上逆势抄底中免闪崩有何原因？来看券商火速点评,证券之星
2021-04-13,【龙虎榜分析】一天杀一只白马股祭天！下一个会是谁？,证券之星
2021-04-13,【焦点复盘】高位题材及个股连续杀跌，短线风险大幅释放，拐点或将出现,证券之星
2021-04-13,【每日收评】30只个股跌停！机构白马轮番大跌碳中和概念股全线退潮 连续下跌,证券之星
2021-04-13,5000亿白马闪崩，顶流基金经理重仓股被定点爆破？,Wind
2021-04-13,5000亿免税龙头上演“惊魂一跳”，更有甚者暴跌11%，2股闪崩背后浮现同一身影 连续下跌,证券之星
2021-04-13,美年健康去年净利5.5亿元实现扭亏AI落地多项体检应用,证券之星
2021-04-13,华金证券--医药行业周报：把握业绩窗口期机会，看好业绩确定性强公司【行业研究】,金融界股吧
2021-04-13,大参考：中国第二艘货运飞船发射在即,巨丰财经
2021-04-13,【早间资讯】2021-04-13,大通证券投教基地
2021-04-13,一季报业绩点评——道达早评,每日经济新闻
2021-04-12,美年健康发力流量优势与科技创新 量价齐升驱动内生增长,证券时报网
2021-04-12,数据不及预期了，保持较悲观状态？,云掌财经
2021-04-12,重仓股接连暴雷，董承非却顶住了，他做了什么操作？,Wind
2021-04-12,重仓股接连暴雷，董承非却顶住了，他做了什么操作？,中国证券网
2021-04-12,美年健康：预计第一季度净亏损3.8亿-4.3亿元 预亏,36氪
2021-04-12,扭亏为盈 美年健康(002044.SZ)年度归母净利5.54亿元,智通财经
2021-04-12,美年健康：一季度预亏3.8亿元-4.3亿元 预亏,证券时报网
2021-04-12,美年健康：2020年度净利5.54亿元同比扭亏,格隆汇
2021-04-12,美年健康：2020年度拟计提坏账准备17737万元 资产异常,Wind
2021-04-12,美年健康：预计一季度净亏损3.8亿元至4.3亿元，上年同期净亏5.99亿元 预亏,Wind
2021-04-12,美年健康：2020年净利润5.54亿元，扭亏为盈,Wind
2021-04-12,美年健康再跌近5%，六日内累计下挫近三成,Wind
2021-04-12,医药与健康护理行业周报：年报一季报相继披露 看好业绩确定性高的医药白马,新浪
2021-04-11,金融风险周报2021年第15期,搜狐
2021-04-11,“业绩雷”引爆高估值白马股，机构翻脸加速出逃,第一财经
2021-04-11,【论市】基金重仓股接连闪崩，是主动调仓还是恐慌情绪引发“赎回潮”？ 重仓股票异动,21世纪经济报道
2021-04-11,北上资金豪掷超6亿大买它 聪明资金逆市加仓股名单来了,新浪
2021-04-11,一季报成“照妖镜”！“公募大佬”调仓分歧，这些行业短期盈利超预期,证券之星
2021-04-11,【重磅前瞻】中国一季度GDP公布；成品油价或上调,中新经纬
2021-04-10,435公司利润环比连增118家步入绩优股行列,证券时报网
2021-04-09,华海药业本周大跌，机构卖出是元凶 白酒股集体遭北向资金抛售 连续下跌,大众证券报
2021-04-09,104股连续上涨5天以上,第一财经
2021-04-09,智通港股解盘(04.09) | 形势不明 暂不宜抄底,智通财经
2021-04-09,图解一周牛熊股：主力再次“出逃”抱团股4股打响“牛股争夺战”,证券之星
2021-04-09,【国元医药|点评】正海生物2020年年报点评：再生材料领头羊，受益于进口替代和牙科增长,元气医药
2021-04-09,美年健康闪崩5天蒸发144亿，暗藏商誉逾50亿，机构分歧加剧 连续下跌,云掌财经
2021-04-09,一天杀一个白马股！基金经理加速卖出，下一个会是谁？,搜狐
2021-04-09,华海药业三度跌停，市值蒸发69亿！5家医药白马股爆雷！ 连续下跌,医药资讯地方台
2021-04-09,大白马接连倒下，中小市值性价比更凸显,云掌财经
2021-04-09,因此，美年健康作为中国预防医学龙头被广泛看好是有道理的。,财华社
2021-04-09,A股融资融券日报：两融余额增加19.55亿元（4月8日）,Wind
2021-04-09,机构抱团股为何接连闪崩 377家基金重仓的华海药业怎么了 重仓股票异动,时代财经
2021-04-09,【山证早班车】山西证券：晨会纪要（20210409）,山西证券研究所
2021-04-09,美年健康还在跌！百亿市值蒸发 体检龙头暗藏53亿商誉雷 连续下跌,财富动力网
2021-04-08,华海药业连续两天跌停 明星基金们“翻车”了吗？ 连续下跌,第一财经
2021-04-08,连续两日闪崩！超10亿元资金夺路而逃，377家基金重仓的华海药业怎么了？ 重仓股票异动,时代财经
2021-04-08,美年健康暴跌真相 连续下跌,新浪
2021-04-08,【国元医药|点评】美亚光电2020年年报点评：CBCT持续放量，色选机稳定增长,元气医药
2021-04-08,【国元医药|点评】安科生物2020年年报&2021Q1业绩预告点评：业绩恢复增长轨道，生长激素未来可期,元气医药
2021-04-08,1500亿猛男入场抄底,云掌财经
2021-04-08,不惜砸跌停出逃！机构抛售龙头股的速度超出你想象 股票卖空,中国证券网
2021-04-08,暴跌三天！美年健康：从未给出业绩指引丨公司问答 盈利能力下降,第一财经
2021-04-08,356亿主力资金近三日撤出融资融券概念股,证券时报网
2021-04-08,A股微幅收涨：海南、医美板块大放光彩 海天股份连续八日涨停,证券之星
2021-04-08,2021年扛跌名单：谁扛住了暴跌？谁逆市上涨？,投资家
2021-04-08,300亿白马股华海药业连续两天闪崩跌停 股价创逾1年新低 连续下跌,每日经济新闻
2021-04-08,昨天抄底的股民懵了！300亿白马股连续两天闪崩跌停，股价创逾1年新低，到底发生了什么？ 连续下跌,每日经济新闻
2021-04-08,300亿白马股又跌停，基金砸盘？更有1500亿巨头大跌,Wind
2021-04-08,美年健康股价再度下探 机构活跃交易深股通现身买方席位,e公司
2021-04-08,300亿白马股华海药业又跌停，基金砸盘？,中国基金报
2021-04-08,又一只医药白马股连续跌停！牛市发动机却突然拉升 更有钢铁板块掀涨停潮 连续下跌,中国基金报
2021-04-08,4万股民懵了！刚刚300亿白马股又跌停，基金砸盘？券商钢铁却狂拉,和讯
2021-04-08,422公司利润不断改善116家步入绩优股行列,证券时报网
2021-04-08,业绩为王周期股可期,证券导报
2021-04-08,阿里概念股又崩了！股价连续2日跌停，市值蒸发127亿元 连续下跌,云掌财经
2021-04-08,跌停再跌停！体检巨头2日蒸发超100亿市值！“公募一哥”也踩雷 公司刚刚回应 重仓股票异动,全景网
2021-04-08,财富早班车丨国常会部署持续推进网络提速降费；欧美股市涨跌不一,搜狐
2021-04-08,【硬核早报】龙头还会持续跑输吗？,新浪
2021-04-08,美年健康开盘跌逾2%,e公司
2021-04-08,张坤爱股连遭两跌停后，公司发公告了——道达早评,每日经济新闻
2021-04-08,连续两日跌停 美年健康发澄清公告 北向资金抄底 连续下跌,21世纪经济报道
2021-04-08,探底回升，今天指数就一个字“涨”！,云掌财经
2021-04-08,医药生物行业：医疗体系运行常态化 看好一季度业绩表现,广发证券
2021-04-08,机构五日抢筹15股主力资金大量流入,证券之星
2021-04-08,盘前情报丨北京布局氢能产业，2023年氢能产业规模目标突破500亿元,21世纪经济报道
2021-04-08,南财早新闻丨财政部推进房地产税立法和改革；万亿医保个人账户改革启动在即,21世纪经济报道
2021-04-08,【山证早班车】山西证券：晨会纪要（20210408）,山西证券研究所
2021-04-08,上市公司正负面新闻2021年4月8日星期四,Wind
2021-04-08,碳中和未凉机构热炒 游资乘势稳抓反弹,财富动力网
2021-04-07,体检龙头连续2日跌停，市值蒸发超百亿！最新回应来了 连续下跌,上游新闻
2021-04-07,公告精选：美年健康称从未在任何场合给出2021年业绩指引；江铃汽车一季度净利预增300%,e公司
2021-04-07,出什么事了？百亿体检龙头美年健康再度闪崩，有人士称或与两私募纠纷有关 连续下跌,金融投资报
2021-04-07,美年健康(002044.SZ)股价异动 不存在应披露而未披露信息,智通财经
2021-04-07,美年健康：公司从未在任何场合给出2021年业绩指引,e公司
2021-04-07,美年健康：连续跌停股价异动，公司从未在任何场合给出2021年业绩指引,Wind
2021-04-07,机构今日买入这10股，卖出华海药业2.67亿元丨龙虎榜,第一财经
2021-04-07,167股连续上涨5天以上,第一财经
2021-04-07,4月7日龙虎榜解析：中钢国际净买入额最多，还有25只个股被机构扫货,每日经济新闻
2021-04-07,体检龙头美年健康连续2天跌停 3大“顶流”基金经理同时中招？ 连续下跌,每日经济新闻
2021-04-07,跌停板解密：仅两只个股被大单封跌停！（4月7日）,Wind
2021-04-07,【龙虎榜分析】真正的强周期之王！,证券之星
2021-04-07,基金一哥张坤持仓曝光：偏爱消费，大手笔加仓酱油！,格隆汇
2021-04-07,150亿主力资金近三日撤出融资融券概念股,证券时报网
2021-04-07,A股收盘综述：上证指数跌0.1%，创业板指跌0.86%,Wind
2021-04-07,美年健康股价连续2日调整原因何在？,证券之星
2021-04-07,体检龙头又崩了 美年健康两天市值蒸发超百亿元 连续下跌,第一财经
2021-04-07,【牛人重仓】美年健康:连续两个跌停板，今日资金流入-27108.85万元，北向资金持股8788.63万股，融资余额75947.26万元；前3个交易日，北向资金增持0.0万股，融资额增加4384.81万元，主力资金净流入-27648.69万元,每日经济新闻
2021-04-07,北向资金砸盘！1800亿航运龙头大涨25%，9连板新妖股顶风作案,Wind
2021-04-07,美年健康早盘闪崩跌停，两天内市值蒸发超百亿元 连续下跌,第一财经
2021-04-07,中远海控业绩爆发一字涨停，白酒、新能源、医疗领跌,证券时报网
2021-04-07,刚刚500亿白马股又闪崩：连续跌停！茅台大跌白酒新能源重挫 连续下跌,中国基金报
2021-04-07,300多家机构懵了，体检白马连续跌停！156万手封死涨停，周期之王火了，季报暴增股名单出炉（附股） 连续下跌,证券时报网
2021-04-07,体检龙头栽了！跌停2日市值蒸发百亿美年为何“不再健康”？ 连续下跌,财联社
2021-04-07,又跌停了！500亿体检巨头近30个交易日四次闪崩，竟有一丝似曾相识的味道,金融界
2021-04-07,A股高开低走创指半日跌1.36% 酿酒板块领跌,中新经纬
2021-04-07,A股三大指数集体下跌，航运概念逆市领涨 连续下跌,21世纪经济报道
2021-04-07,4月7日早盘主力买入前10股,中金在线
2021-04-07,A股午盘综述：上证指数跌0.53%，创业板指跌1.36%,Wind
2021-04-07,医疗板块走弱，美年健康跌停，中信证券：医疗服务永远是热土,资本邦
2021-04-07,利润环比连增+同比暴增111匹盈利白马现身,证券时报网
2021-04-07,美年健康大跌8.51%，领跌医疗服务业,中新经纬
2021-04-07,美年健康开盘再度闪崩跌停，上个交易日亦跌停,Wind
2021-04-07,每日理财观察：滴滴正式启动造车,Wind
2021-04-07,【医药】持续关注Q1业绩高增长个股――医药行业周报——中性,渤海证券研究
2021-04-07,机构近期抢筹这36股 你跟吗?,证券之星
2021-04-07,A股早报2021年4月7日星期三,Wind
2021-04-07,【山证早班车】山西证券：晨会纪要（20210407）,山西证券研究所
2021-04-07,大逆转？贾跃亭的新公司要上市,中国财富网
2021-04-06,【情绪监控】近百股涨停，三大期指年化贴水率均超20%,量化藏经阁
2021-04-06,【6日资金线路图】两市缩量震荡整理，军工、光伏等板块获资金关注,证券时报网
2021-04-06,发生了什么？体检巨头美年健康跌停 户均持股市值近80万,e公司
2021-04-06,A股晚报：光伏巨头入局引爆氢能源板块 21连板顺控发展停牌核查,金融界
2021-04-06,医药生物行业：为什么说智飞生物二季度有望迎来亮眼表现？,新浪
2021-04-06,发生了什么？500亿巨头突然跌停，户均持股市值近80万！A股又现地量，这一板块彻底火了！,证券时报网
2021-04-06,7万股民懵了！机构大举出逃：600亿大白马闪崩跌停！,中国基金报
2021-04-06,成交量持续萎缩 市场继续震荡筑底,大众证券报
2021-04-06,600亿体检龙头又崩了，美年健康扩张后遗症爆发,中国经济网
2021-04-06,数据解盘|航天航空板块受到主力资金青睐 医药制造板块遭主力资金卖出,新浪
2021-04-06,数据复盘｜国防军工等5个行业获主力资金净流入 机构抢筹13股,证券时报网
2021-04-06,最新龙虎榜动向：1.57亿资金抢筹中国宝安，机构买入仁东控股，卖出美年健康（名单）,21世纪经济报道
2021-04-06,医药行业2021年4月投资月报：把握一季报最佳反弹窗口期 加配低估值且高增长标的,西南证券
2021-04-06,医药行业周报：当前是反弹最佳窗口期 加配低估值高增长标的,西南证券
2021-04-06,机构今日买入这16股，卖出美年健康9604万元丨龙虎榜,第一财经
2021-04-06,龙虎榜机构新动向：净买入13股净卖出4股,证券时报网
2021-04-06,游资风格明显，明天将迎关键信号？,Wind
2021-04-06,公募掘金港股名单完整曝光，张坤加仓锦欣生殖、金蝶国际，袁芳揽入腾讯增持福耀！,红周刊
2021-04-06,【龙虎榜分析】十万亿级别庞大市场，政策密集支持！,证券之星
2021-04-06,发生了什么？美年健康午后跳水跌停,环球老虎财经
2021-04-06,大盘再现震荡 机构谨慎做多,金融投资报
2021-04-06,美年健康龙虎榜数据（4月6日）,Wind
2021-04-06,A股资金流向（4月6日）：碳中和明星股获回流，白马股遭抛售,Wind
2021-04-06,龙虎榜：美年健康跌停 三个机构席位卖出1.66亿元,e公司
2021-04-06,海外疫情再次告急！医疗ETF(512170)低位窄幅整理，尾盘持续溢价！,资本邦
2021-04-06,4月6日主力资金净流出109亿元,证券时报网
2021-04-06,A股收盘综述：指数窄幅整理，氢能及燃料电池概念股爆发,Wind
2021-04-06,美年健康午后一路走低，股价触及跌停,Wind
2021-04-06,420公司利润不断改善114家步入绩优股行列,证券时报网
2021-04-06,坐拥千亿规模的明星基金经理张坤，究竟重仓了哪些股票？,金融界
2021-04-05,深市主板中小板合并，企业融资效率再提升,第一财经
2021-04-05,“公募一哥”持仓股大曝光，悄悄埋伏这个板块，减仓多只热门股，多只千亿龙头砸出深坑,证券时报网
2021-04-05,美年健康：截至3月31日，公司股东数为68639,每日经济新闻
2021-04-05,一文看懂为何近期医疗服务、医美标的股价反弹涨幅较大,21世纪经济报道
2021-04-04,419公司利润环比连增114家步入绩优股行列,证券时报网
2021-04-03,基因测序双周榜：药明康德触底反弹“王者归来”？国际医学迎明星基金经理调研,华夏时报
2021-04-03,利润环比连增+同比暴增112匹盈利白马现身,证券时报网
2021-04-03,“A股医药一哥”换了：迈瑞医疗市值反超恒瑞医药,华夏时报
2021-04-02,国盛证券--医药生物行业周报：CXO成反弹先锋，耐心底部捡钻石；为什么说南新制药是低估的？【行业研究】,金融界股吧
2021-04-01,张坤1年为基民狂赚近400亿 传授投资灵魂3问：这类人别买我的基金,21世纪经济报道
2021-04-01,张坤：我不是神，如果你不认可我的投资方法，千万别买我的基金,21财经搜索
2021-04-01,【投资视角】手握1.6万亿的PE巨头凯雷，瞄准了中国的这一赛道,美股研究社
2021-04-01,钱都去哪儿了?易方达爆赚85%，但85%基民在亏钱 亏损,搜狐
2021-04-01,手握1.6万亿，PE巨头凯雷在中国开启扫货模式,投中网
2021-04-01,3月收官ETF资金暗流涌动，A股最大医疗ETF逆市狂揽3亿元成“香饽饽”,发现网
2021-04-01,3月收官ETF资金暗流涌动，医疗ETF（512170）逆市狂揽3亿元成“香饽饽”,资本邦
2021-04-01,【国元医药|点评】爱博医疗2020年报点评：人工晶体持续发力，角膜塑形镜快速放量,元气医药
2021-03-31,明星基金经理董承非、朱少醒、周应波的隐形重仓股和观点来了,澎湃新闻
2021-03-31,张坤：评价一个投资人至少需要10年的维度,Wind
2021-03-31,417公司利润环比连增116家步入绩优股行列,证券时报网
2021-03-31,深夜学习张坤年报精神：我看到了一个全力以赴、有血有肉的张坤,新浪
2021-03-31,重磅！九大明星基金经理最新持仓和后市观点来了,Wind
2021-03-31,两大头部公募去年净利增超五成 两大咖隐形重仓股浮现,第一财经
2021-03-30,两大头部公募去年净利增幅均超五成，明星基金经理这样看后市,第一财经
2021-03-30,一线｜张坤基金年报透露心声：我们或许应该降低对收益率的预期,腾讯网
2021-03-30,“公募一哥”张坤隐形重仓股出炉，称对资本市场长期前景乐观,澎湃新闻
2021-03-30,【国元医药|点评】华兰生物2020年年报点评：业绩符合预期，流感疫苗实现高增速,元气医药
2021-03-30,500万基民偏爱的“公募一哥”张坤隐形重仓股曝光 后市怎么看？,21世纪经济报道
2021-03-30,【国元医药|点评】昭衍新药2020年年报点评：业绩增速再创新高，在手订单增长强劲,元气医药
2021-03-30,医疗股获资金热捧，机构看好的个股名单来了,第一财经
2021-03-30,医疗ETF3月以来资金净流入合计达2.73亿元,中证网
2021-03-30,A股最大医疗ETF3月份逆市狂揽2.7亿元，吸金力高居生物医药类ETF第一,中国经济网
2021-03-30,A股规模最大医疗ETF秀肌肉，3月份逆市狂揽2.7亿元成“香饽饽”,新浪
2021-03-30,上涨有力回撤有度，A股规模最大医疗ETF 3月份暴力吸金2.7亿元居首,环球老虎财经
2021-03-30,规模最大医疗ETF（512170）秀肌肉，3月逆市狂揽2.7亿元成“香饽饽”,资本邦
2021-03-29,白酒反弹，抱团再起,港股那点事
2021-03-29,打破行业“亏损”魔咒 京东健康2020年实现净利7.5亿元,财经网
2021-03-29,今日上市ETF|机构突然跑步进场，1天3只ETF上市，全买医药医疗，主力更是借6只ETF抱团创新药,理财不二牛
2021-03-29,什么情况？机构突然跑步进场，1天3只ETF上市，全买医药医疗，主力更是借6只ETF抱团创新药,每日经济新闻
2021-03-29,杠杆资金大手笔加仓23股,证券时报网
2021-03-29,每日理财观察：华为拿下重磅牌照！微信、支付宝真正对手来了？,Wind
2021-03-27,395公司利润环比连增105家步入绩优股行列,证券时报网
2021-03-27,险资坚定持有核心资产 北上资金狂扫货抱团股,投资快报
2021-03-26,今日的一根大阳线能否改变股民的“信仰”？,中证报
2021-03-26,深股通席位本周龙虎榜净买入18股,证券时报网
2021-03-26,金融街下午茶2021年3月26日星期五,Wind
2021-03-26,“茅”系白马股暴涨超5000亿，A股绝地反攻？,Wind
2021-03-26,最新龙虎榜动向：A股反弹，机构、北向资金都在抢筹这只股（名单）,21世纪经济报道
2021-03-26,今日这些个股异动 机构抱团股受主力资金青睐,第一财经
2021-03-26,A股主力资金流向：周五大幅流入本周仍净流出千亿,Wind
2021-03-26,张坤年内首度现身调研，300亿细分龙头涨停,Wind
2021-03-26,美年健康龙虎榜数据（3月26日）,Wind
2021-03-26,"与小米传造车""绯闻""：长城汽车8万手大单封涨停 抱团股大反击",21世纪经济报道
2021-03-26,3月26日主力资金净流入192亿元,证券时报网
2021-03-26,北向资金增持医药医疗行业 这一批医药ETF领涨,金融界
2021-03-26,A股暴力反弹，医疗板块量价齐升大涨超3%,Wind
2021-03-26,智慧医疗再获强力支持，3大业务模式情头并进，9股分享行业高景气,云掌财经
2021-03-26,A股收盘综述：上证指数涨1.63%受益机构抱团股反弹，周线结束五连阴,Wind
2021-03-26,北向资金单日再出手超9亿元！这个热门板块量价齐升，午盘大涨近3%,资本邦
2021-03-26,两市高开高走，医疗板块强势，山东药玻冲击涨停,资本邦
2021-03-26,393公司利润环比连增104家步入绩优股行列,证券时报网
2021-03-25,智慧医疗下半场，和谁一起走？,期货日报
2021-03-25,比较适合当下定投的混合基金,新浪
2021-03-25,390公司利润环比连增104家步入绩优股行列,证券时报网
2021-03-24,388公司利润环比连增102家步入绩优股行列,证券时报网
2021-03-24,29家公司高管出手增持动用资金2.85亿元,证券时报网
2021-03-23,美年健康：截至2021年3月20日，公司的股东人数为69015位,每日经济新闻
2021-03-23,美年健康：体检中心一般经历半年左右筹建期、一至两年的发展期、然后进入盈亏平衡期，最终到达成熟期,每日经济新闻
2021-03-23,“很多资产已经比现金好。”兴全基金乔迁如何看待下跌后的机会？,新浪
2021-03-23,美年健康(002044.SZ)股东世纪长河参与转融通证券出借业务,智通财经
2021-03-23,384公司利润不断改善101家步入绩优股行列,证券时报网
2021-03-22,王岑创立B资本与“消费王加速器”,投资家
2021-03-22,首创证券--医药商业行业简评报告：继续推荐成长估值两相宜的传统IVD、药店和生物制品【行业研究】,金融界股吧
2021-03-21,角膜塑形镜利于儿童近视防控，重点推荐欧普康视、昊海生科等【东吴医药朱国广团队|0321周报】,国广有话说
2021-03-21,医药生物行业周报：基因细胞治疗CDMO黄金赛道有望孕育下一个药明生物,新浪
2021-03-20,基因测序周榜：“医研茅”药明康德暴跌未止，低位个股丽珠集团涨幅居首迎春天？ 连续下跌,华夏时报
2021-03-20,380公司利润不断改善99家步入绩优股行列,证券时报网
2021-03-19,374公司利润不断改善99家步入绩优股行列,证券时报网
2021-03-19,兴全基金29只主动权益产品春节后全下跌 3只跌超17%,中国经济网
2021-03-18,董事长上任不足3月被刑拘，昔日对手市值已超十倍，CRO领域“理工男”进入多事之秋？ 董监高成员异常事件,E药经理人
2021-03-18,恒瑞医药、爱尔眼科、长春高新等医药白马跌至年线，是机会吗？,云掌财经
2021-03-17,西南证券--医药行业2021年一季度业绩前瞻：CXO、器械、药店等有望延续高增长【行业研究】,金融界股吧
2021-03-17,利润环比连增+同比暴增124匹盈利白马现身,证券时报网
2021-03-17,29家公司高管出手增持动用资金3.71亿元,证券时报网
2021-03-16,“不刚兑”的诺亚财富因“承兴案”18亿“和解费”致全年亏损7亿 亏损,新浪
2021-03-16,明星基金已被套？苏泊尔跌破“坤坤”加仓价,第一财经
2021-03-16,369公司利润不断改善99家步入绩优股行列,证券时报网
2021-03-16,脑医生完成数千万元A+轮融资 中国风投为独家投资方,投资界
2021-03-15,融资丨脑医生（Dr.Brain）完成数千万元A+轮融资，中国风投为本轮独家投资方,创业邦
2021-03-15,脑影像人工智能企业脑医生获数千万元A+轮融资,动脉网
2021-03-15,科技股又受挫，18股接近腰斩！这些公司业绩有望实现逆转（附名单）,上游新闻
2021-03-15,美年健康俞熔：做健康预防事业的“领跑者”,华夏时报
2021-03-15,跟跌不跟涨 18股接近腰斩 遭抛售原因曝光(附股),证券时报
2021-03-15,跟跌不跟涨，科技股又受挫，18股接近腰斩，遭抛售原因曝光！业绩有望实现逆转公司股价迎来爆发（附名单） 盈利能力下降,搜狐
2021-03-15,高位股再遭抛售，科技股受挫，不断刷新低点,证券时报网
2021-03-15,【读财报】2月份重要股东增减持：减持下降超四成增持上升超一倍,面包财经
2021-03-15,368公司利润环比连增98家步入绩优股行列,证券时报网
2021-03-15,云锋基金领投扞宇医疗D+轮融资 医疗健康领域频出手！,证券日报网
2021-03-15,龙虎榜揭秘 近五日机构最青睐37股,证券之星
2021-03-15,医药行业一周观察：板块战略配置价值显现 关注成长性与估值的匹配,新浪
2021-03-15,【读财报】2月份重要股东增减持动态：减持金额同比下降超四成 增持金额同比上升超一倍,面包财经
2021-03-14,基因测序一周风云榜：汤臣倍健逆势增长20%，美年健康再度“卖子”意欲何为？,华夏时报
2021-03-12,中概股打新潮即将点燃：回港二次上市 百度、汽车之家打头阵,新浪
2021-03-11,美年健康：近期，公司未收到股东减持计划的通知,每日经济新闻
2021-03-11,大医药细分领域，CXO渐成“时代宠儿”,Wind
2021-03-11,368公司利润不断改善99家步入绩优股行列,证券时报网
2021-03-11,爱尔眼科、美年健康、凯莱英、泰格医药、康龙化成等涨超6%,Wind
2021-03-11,泰格医药大涨5.45%，医疗服务行业涨3.8%,中新经纬
2021-03-11,机构看中这些股 近五日大手笔净买入,证券之星
2021-03-10,西南证券--医药行业2021年3月投资月报：核心资产大跌之后性价比凸显，建议关注PEG投资机会【行业研究】,金融界股吧
2021-03-10,8只“牛市超额收益明显，熊市风险控制强”基金,养基司令
2021-03-10,367公司利润环比连增98家步入绩优股行列,证券时报网
2021-03-10,华宝中证医疗ETF净值下跌3.06%,新浪
2021-03-09,V型反转后再度走弱 静待调整后的结构性机会,大众证券报
2021-03-09,A股上演惊天大逆转但结果却让人郁闷 农银汇理被赞像虞书欣的美女基金经理成背锅侠刚上任净值就大跌 净值异常波动,和讯
2021-03-09,A股收盘综述：上证指数再跌1.82%至3350位置，创业板指两日累挫超8%,Wind
2021-03-09,航发动力、美年健康等机构重仓股均再度下挫逾9%,Wind
2021-03-09,国盛证券--医药生物行业周报：全民免疫迫在眉睫，新冠疫苗的热点问题怎么看【行业研究】,金融界股吧
2021-03-09,前沿技术赋能大健康产业发展 专家学者为大鹏生物医药、健康、科技等产业创新建言献策,深圳特区报
2021-03-09,365公司利润不断改善97家步入绩优股行列,证券时报网
2021-03-09,西南证券--医药行业周报：核心资产性价比在提升，同时关注PEG投资机会【行业研究】,金融界股吧
2021-03-09,A股早报2021年3月9日星期二,Wind
2021-03-09,基金“降温”？净值大跌“新人”骤减 净值异常波动,重庆商报
2021-03-09,基金净值暴跌上热搜！来，听听基金经理们安慰的话吧 净值异常波动,每日经济新闻
2021-03-09,机构逆市扫货美年健康 赵老哥高位出逃包钢股份,财富动力网
2021-03-09,抱团股大跌，基金赎回潮来临？大型基金渠道人士：还不至于！,每日经济新闻
2021-03-08,基金赎回潮来临？基金公司渠道人士回应,Wind
2021-03-08,A股资金面日报：北向资金连续8日抛售贵州茅台 3月新基金发行降温,中金在线
2021-03-08,基金抱团股再度遭重挫！基金赎回潮来临？这类基金近一半产品份额还在增长！,每日经济新闻
2021-03-08,外资“抄底”白马股名单来了！,中国基金报
2021-03-08,张坤、刘格菘等医药重仓股持续大跌，北上资金“越跌越买”，这三只买超20亿,红周刊
2021-03-08,口腔医疗龙头砸出深坑，外资“抄底”抱团股名单来了！白酒市值蒸发1.7万亿，千倍大牛股瞬间不香了？ 连续下跌,证券时报网
2021-03-08,绿绿绿！北向资金净卖额创纪录 贵州茅台8日被抛超51亿元,21世纪经济报道
2021-03-08,数据复盘｜24股主力资金净流入超亿元 北向资金净流出逾86亿元,证券时报网
2021-03-08,机构今日买入这14股，卖出华友钴业1.44亿元丨龙虎榜,第一财经
2021-03-08,老越看盘丨抱团股杀跌拖累股指 短期以业绩为核心,21世纪经济报道
2021-03-08,3月8日龙虎榜解析：汤臣倍健净买入额最多，还有28只个股被机构扫货,每日经济新闻
2021-03-08,美年健康跌停全天成交超7亿元，机构、深股通逆市扫货,第一财经
2021-03-08,美年健康龙虎榜数据（3月8日）,Wind
2021-03-08,美年健康今日跌停，海通证券南京常府街卖出6206万、机构逆市买入,Wind
2021-03-08,创业板指收跌近5%，接下来市场走向如何？十大券商发表观点。,搜狐
2021-03-08,基金“降温”？新发基金骤降、多支基金净值大跌 净值异常波动,上游新闻
2021-03-08,A股收盘综述：上证指数下滑2.3%，创业板指跌入技术性熊市,Wind
2021-03-08,美年健康封住跌停板，主力净流出2亿元,Wind
2021-03-08,美年健康大跌8.18%，报15.95元,中新经纬
2021-03-08,【国元医药|行业跟踪】血液制品行业跟踪：2021年2月批签发跟踪,元气医药
2021-03-08,机构盯上美年健康,新浪
2021-03-07,医药板块估值有多贵？哪些估值贵？【东吴医药朱国广团队|0307周报】,国广有话说
2021-03-07,10只业绩扭亏股有望继续高增长,第一财经
2021-03-07,近300只股票业绩有望扭亏为盈 机械行业业绩扭亏股数量最多,第一财经
2021-03-07,363公司利润不断改善95家步入绩优股行列,证券时报网
2021-03-06,周末突发！200亿大牛股董秘“怒怼”千亿券商分析师：“都在二级市场混饭吃，但可能您已经触碰了我的底线”！发生了什么？,中国基金报
2021-03-06,基因测序一周风云榜：药明康德市值大缩水，金域医学两股东三个月减持477万股 减持股份,华夏时报
2021-03-06,利润环比连增+同比暴增 126匹盈利白马现身（附股）,证券时报网
2021-03-05,A股共发生112宗大宗交易成交24.43亿元（3月5日）,Wind
2021-03-05,美年健康今日大宗交易成交94万股，成交价17.37元溢价0.0%,Wind
2021-03-05,深至科技运营主体经营范围新增化妆品零售等，其股东包含美年健康,企查查
2021-03-05,美年健康集团董事长、天亿集团董事长俞熔：潜心求变，行稳致远 奋进“十四五”新征程,每日经济新闻
2021-03-04,机构盯上美年健康,前瞻研究院
2021-03-04,美年健康关联企业成立健康管理新公司，经营范围含盲人医疗按摩服务等,企查查
2021-03-04,360公司利润不断改善93家步入绩优股行列,证券时报网
2021-03-04,【债券快讯】3月3日中资美元债一级市场发行1只债券；另有1家公司潜在发行,国元国际
2021-03-04,每日晨报-20210304,国元国际
2021-03-03,美年健康（002044.SZ）拟发行高级无抵押美元票据，今日起召开投资者电话会议,云掌财经
2021-03-03,359公司利润不断改善92家步入绩优股行列,证券时报网
2021-03-03,最新股东户数出炉！这些龙头股的筹码快速分散,Wind
2021-03-02,布局医疗 家电巨头们的终极出路,动脉网
2021-03-02,操盘必读｜大肉签来了，中一签可赚10万；国产大飞机C919首单正式落地；美股全线大涨,上游新闻
2021-03-02,犀牛财经早报：海底捞2020年净利降90%惠程科技变更为ST惠程,GPLP犀牛财经
2021-03-02,2月近8成股基下跌 低估值板块避险诺安工银国泰领涨,中国经济网
2021-03-02,国富基本面优选混合净值下跌3.73%,新浪
2021-03-01,A股头条之上市公司（3.2）,金融界
2021-03-01,晚间资讯｜国内环氧树脂市场价格暴涨；多家上市公司公告回购股票情况,证券时报网
2021-03-01,IPO纵览|中1签赚9万的“大肉签”来了？深圳国资拟148亿入股苏宁易购。新规俩月，9家公司触及退市,IPO日报
2021-03-01,【经纬晚班车】新版国家医保目录三款国产抗癌药最高降85%,中新经纬
2021-03-01,晚间重要公告2021年3月1日星期一,Wind
2021-03-01,美年健康：拟出售美因健康科技（北京）有限公司7.5519%股权 资产异常,每日经济新闻
2021-03-01,美年健康(002044.SZ)拟以2.039亿元出售美因基因7.55%股权 资产异常,智通财经
2021-03-01,美年健康：拟作价2.04亿元转让美因基因7.55%股权 资产异常,36氪
2021-03-01,美年健康：拟转让所持美因基因7.5519%股权 资产异常,Wind
2021-03-01,美年健康：拟2亿元出售美因基因部分股权 资产异常,Wind
2021-03-01,3月1日晚间重要行业研究汇总(附股),中金在线
2021-03-01,当下最热门赛道，牛股辈出，长期无理由看好（附股）,云掌财经
2021-03-01,坤坤还好吗？遇涨“封神”遇跌“脱粉”,Wind
2021-03-01,从董承非的“内部交流”说开去,上证报
2021-02-28,14位明星基金经理牛年业绩盘点:谁扛住市场暴跌 谁被重仓股放倒？,21金融圈
2021-02-27,“你的基金还好吗？” 14位明星基金经理：谁扛住了暴跌？,21世纪经济报道
2021-02-27,“冰火两重天”的14位明星基金经理:谁扛住了市场暴跌逆市翻红？谁被重仓股放倒？,21世纪经济报道
2021-02-27,利润环比连增+同比暴增126匹盈利白马现身,证券时报网
2021-02-26,基因测序一周风云榜：药明康德市值蒸发超400亿元，达安基因“万绿丛中一点红” 连续下跌,华夏时报
2021-02-26,基民怒了！张坤、葛兰重仓股暴跌逾20%，明星公募不香了？ 重仓股票异动,搜狐
2021-02-26,哪些基金开年两个月，连续录得正收益？,养基司令
2021-02-26,有人喊减仓，有人暗加仓，明星基金经理操作分歧大,第一财经
2021-02-26,348公司利润不断改善89家步入绩优股行列,证券时报网
2021-02-26,28家公司向下修正业绩 业绩更正,证券时报网
2021-02-26,27家公司上调业绩预期,证券时报网
2021-02-26,张坤等明星基金一周回撤超10%，机构边跌边调寻求同盟,21世纪经济报道
2021-02-26,华宝中证医疗ETF净值下跌67.94%,新浪
2021-02-26,农银研究精选混合净值下跌3.84%,新浪
2021-02-26,有人喊减仓 有人暗加仓 明星基金经理操作分歧大,第一财经
2021-02-25,66家公司上修业绩 三大行业景气度或向好,大众证券报
2021-02-25,A股规模最大医疗ETF份额一拆为三，今日全新“复出”,新浪
2021-02-25,说好抱团一起赚的，坤坤们集体做反：果然出了“叛徒”？,第一财经
2021-02-25,“抗疫第一ETF”新动向 基金份额一拆为三今日复牌,中国经济网
2021-02-25,"""核心资产""被砸？NO，好公司不等于好股票！基金抱团真相曝光",券商中国
2021-02-25,基金抱团真相：十年重仓股只有3只！小盘股将成新宠？,券商中国
2021-02-25,核心资产被砸？NO 基金抱团真相曝光：十年重仓股只有3只,券商中国
2021-02-25,02.25股市早8点丨今夜又传来好消息,中金在线
2021-02-25,千亿龙头罕见大跳水，牛散葛卫东5天损失1.76亿,证券时报网
2021-02-24,热门抱团股今天“抱摔”跌停 仍有机构入场抄底,第一财经
2021-02-24,"不惧暴跌！机构逆市""抄底""跌停股（名单）",中国基金报
2021-02-24,千亿龙头罕见大跳水，大佬葛卫东5天损失逾1.7亿！,中国基金报
2021-02-24,跌停板解密：高位出逃，15只前期强势股遭甩卖！（2月24日）,Wind
2021-02-24,2月24日龙虎榜，机构青睐这16股,中财网
2021-02-24,抱团股全线重挫，A股规模最大医疗ETF（512170）今日全天停牌，进行份额拆分，明日复牌！ 连续下跌,资本邦
2021-02-24,“张坤变张坑！”抱团股大跌，网红基金暂停申购和分红，基民吵翻,21世纪经济报道
2021-02-24,国信证券：医疗行业迎黄金十年，天弘医疗设备ETF投资价值凸显,资本邦
2021-02-24,分红19亿！易方达张坤：嗅到危险信号？基民吵翻了,腾讯网
2021-02-24,【异动股】基金重仓板块下挫，美年健康(002044-CN)跌10.01% 重仓股票异动,财华社
2021-02-24,通策医疗、荣盛石化、赣锋锂业、山西汾酒等明星股先后打开跌停板,Wind
2021-02-24,抱团股集体大跌，超级周期也崩了！发生了什么？,中国基金报
2021-02-24,美年健康跌停，成交金额超11亿元,Wind
2021-02-24,发生了什么？茅台跌近5%，超级周期崩了，抱团股大跌,中国基金报
2021-02-24,"发生了什么！抱团股集体大跌：茅台暴跌1300亿，老窖""跌停""，""女人的茅台""狂跌12%，超级周期也崩了！",中国基金报
2021-02-24,抱团股大跌之时 “公募一哥” 张坤的基金暂停申购和分红意味着什么？选择现金分红还是再投？基民吵翻了,21世纪经济报道
2021-02-24,339公司利润不断改善86家步入绩优股行列,证券时报网
2021-02-24,25家公司向上修正业绩,证券时报网
2021-02-24,“公募一哥”操盘基金暂停申购！超2000只基金“不爱喝酒”，业绩如何？,证券时报网
2021-02-23,“坤坤”当红产品大动作！易方达中小盘“暂停申购+大额分红”,第一财经
2021-02-23,“世界第三大酒庄”出手，“公募一哥”操盘基金暂停申购,证券时报网
2021-02-23,格隆汇“困境反转股”——美年健康(002044.SZ)持续拉升创阶段新高,格隆汇
2021-02-23,337公司利润环比连增85家步入绩优股行列,证券时报网
2021-02-23,571家中小板公司全年业绩亮相 42.56%预增,证券之星
2021-02-23,保险透视|弘康人寿去年保费净利双双下滑，受困偿付能力 盈利能力下降,搜狐
2021-02-23,顺周期大涨 小黎飞刀领先,财富动力网
2021-02-22,335公司利润不断改善85家步入绩优股行列,证券时报网
2021-02-22,医药行业周报：趁医药回调良机 布局高景气板块,西南证券
2021-02-22,575家中小板公司全年业绩亮相 42.61%预增,证券之星
2021-02-22,17家公司向上修正业绩,证券时报网
2021-02-21,浙商医美.马莉 || 朗姿股份：医美终端龙头，市场认知存偏差,纺服新消费马莉团队
2021-02-20,基因测序一周风云榜：金域医学市值半月蒸发七分之一，药明康德市值稳居首位 连续下跌,华夏时报
2021-02-20,西比曼生物完成私有化交易 云峰基金等为买方团,21世纪经济报道
2021-02-20,云锋基金等买方团宣布完成西比曼生物私有化交易,新浪
2021-02-20,小黎飞刀继续领先 绝处逢生快速赶上,财富动力网
2021-02-20,332公司利润不断改善84家步入绩优股行列,证券时报网
2021-02-20,诺辉健康之殇：概念存疑，未来并不明朗,云掌财经
2021-02-19,“出圈”家电 “入坑”医疗，美的是善舞还是乱舞？,新浪
2021-02-19,牛年首个交易日 小黎飞刀遥遥领先,财富动力网
2021-02-18,高管减持排行榜：12股减持额超亿元,证券时报网
2021-02-18,节前红包雨 赛事竞争激烈,财富动力网
2021-02-10,机构调高这26只个股净利润预期,第一财经
2021-02-10,2020年VIP资讯分享总结：百年疫情 个股一九格局 演义新高与新低 VIP资讯如履薄冰 保持价值本色。,首席投顾说
2021-02-10,"美年健康现1笔大宗交易 共成交2,833.20万元",新浪
2021-02-10,今日两市发生60笔大宗交易 机构抢筹这些个股,第一财经
2021-02-10,美年健康今日大宗交易成交180万股，成交价15.74元折价6.75%,Wind
2021-02-10,330公司利润环比连增83家步入绩优股行列,证券时报网
2021-02-10,两市大涨 个股业绩影响选手排位,财富动力网
2021-02-10,评级遭下调，变更募投资金补流 美年健康资金链状况有多健康？ 投资评级恶化,上证报
2021-02-10,多家企业积极备战核酸检测大订单,证券日报
2021-02-09,今日发生146宗大宗交易 机构抢筹这些个股,第一财经
2021-02-09,19家公司上调业绩预期51家公司对2020年业绩预告进行修正,证券时报
2021-02-09,"美年健康现1笔大宗交易 共成交1,574.00万元",新浪
2021-02-09,美年健康今日大宗交易成交100万股，成交价15.74元折价5.97%,Wind
2021-02-09,腾讯高级管理顾问杨国安出任凯辉基金全球总裁职务,新浪
2021-02-09,利润环比连增+同比暴增122匹盈利白马现身,证券时报网
2021-02-08,327公司利润环比连增82家步入绩优股行列,证券时报网
2021-02-08,20家上市公司向上修正业绩,证券时报网
2021-02-08,582家中小板公司晒全年业绩 249家预增,证券之星
2021-02-08,20家公司上调业绩预期,证券时报网
2021-02-08,医药行业周报：第四批集采落地 持续看好创新及相关产业链CXO,西南证券
2021-02-08,美年健康得了“缺钱病” 2亿美元外债4月到期钱在何方？,腾讯网
2021-02-07,一级市场供应小幅回落 二级市场高收益延续跌势,新浪
2021-02-07,医药生物行业2020业绩前瞻：2020板块分化明显 下半年医疗服务等有序复苏,新浪
2021-02-07,债券重大事件2021年2月7日星期日,Wind
2021-02-07,海外信用评级汇总2021年2月7日星期日,Wind
2021-02-07,美年健康信用评级再遭穆迪下调至B2 评级展望负面 主体评级下调,新浪
2021-02-07,医药生物行业周报：新冠变异后是否需要常态化免疫加强？智飞新高后继续强烈看好,新浪
2021-02-07,穆迪：将美年健康企业家族评级由“B1”下调至“B2”，评级展望负面 评级展望下调为负面,Wind
2021-02-06,深交所主板中小板合并：优化资金入市环境，支持中小企业做优做强,Wind
2021-02-06,326公司利润环比连增81家步入绩优股行列,证券时报网
2021-02-05,基因测序行业一周风云榜：美年健康成功“卖子”拉动业绩，华大基因定增20亿元,华夏时报
2021-02-05,“牛熊市”继续，低估值银行地产成新风口？,Wind
2021-02-05,惠誉：降美年健康(002044.SZ)长期发行人评级和高级无抵押评级至“B+”，展望“稳定”,云掌财经
2021-02-05,惠誉：下调美年健康IDR评级至“B+”，展望“稳定” 主体评级下调,Wind
2021-02-05,325公司利润环比连增80家步入绩优股行列,证券时报网
2021-02-04,海外信用评级汇总2021年2月4日星期四,Wind
2021-02-04,惠誉：将美年健康信用评级从BB-下调至B+ 主体评级下调,Wind
2021-02-04,新年至今大涨12.5%，医疗ETF收益高居A股所有股票型ETF第一,大众证券报
2021-02-04,“核酸检测”显威!“抗疫第一ETF”新年大涨12.5%，高居A股股票型ETF第一,资本邦
2021-02-04,2021年ETF谁最香？医疗ETF新年已涨超12%，坐实“抗疫第一ETF”,证券时报网
2021-02-04,致力防艾扶贫攻坚 美年健康获中国性病艾滋病防治协会感谢信,中国网
2021-02-04,利润环比连增+同比暴增123匹盈利白马现身,证券时报网
2021-02-04,三指数震荡收跌 选手角逐激烈,财富动力网
2021-02-04,18家公司上调业绩预期,证券时报网
2021-02-03,美年健康回复问询函：公司变更募集资金使用用途履行的程序符合相关法规的规定 问询,Wind
2021-02-03,美的控股万东医疗另一面：两大空调巨头多元化频频“撞车”,21世纪经济报道
2021-02-03,【国元医药|点评】一心堂2020年业绩快报点评：业绩增长符合预期，门店扩张有序进行,元气医药
2021-02-03,汇添富成长精选混合发行：马翔掌舵 过往年化19.42%风险度高,新浪
2021-02-03,美的系再添一员！23亿拿下医疗公司，何享健身家2600亿,网易
2021-02-03,机构看好阿里电商相关业务 高增长概念股名单出炉,第一财经
2021-02-03,今年5000亿新发基金怎么建仓？整理了一份明星级基金经理调仓名单,新浪
2021-02-03,美的斥资23亿“抄底”医疗股，溢价四成入主万东医疗！,环球老虎财经
2021-02-03,322公司利润环比连增77家步入绩优股行列,证券时报网
2021-02-03,18家上市公司向上修正业绩,证券时报网
2021-02-03,584家中小板公司晒全年业绩 249家预增,证券之星
2021-02-03,医药生物2月月报：寻业绩主线 重点关注CXO等高增长赛道,新浪
2021-02-03,A股融资融券日报：两融余额增加18.01亿元（2月2日）,Wind
2021-02-02,【ETF投资日报】今年5000亿新发基金，如何建仓？看大咖调仓思路,新浪
2021-02-02,美的集团将获万东医疗近30%股份，后者为鱼跃医疗关联公司,奥一网
2021-02-02,吵什么吵！张坤不是只买了上海机场一只票，易方达中小盘连涨两天,每日经济新闻
2021-02-02,一日市值蒸发150亿元机构观点出现分歧 刚刚爆红的“公募一哥”张坤也中招,金融界
2021-02-02,321公司利润不断改善76家步入绩优股行列,证券时报网
2021-02-02,医药行业周报：短期流动性收紧 如何看医药后市机会？,西南证券
2021-02-02,585家中小板公司全年业绩亮相 42.74%预增,证券之星
2021-02-02,多家机构“踩雷”上海机场 刚刚爆红的“公募一哥”张坤也中招！ 重仓股票异动,e公司
2021-02-02,"多家机构""踩雷""上海机场 后市怎么走？机构分歧大 投资失误",证券时报
2021-02-02,2月开门红 小黎飞刀暂领先,财富动力网
2021-02-01,92家公司修正年报业绩预告 半数公司业绩向好调整,大众证券报
2021-02-01,"美年健康现1笔大宗交易 共成交16,505.64万元",新浪
2021-02-01,巨丰午评：大盘冲高回落 风险加速释放,巨丰财经
2021-02-01,320公司利润不断改善76家步入绩优股行列,证券时报网
2021-02-01,36氪首发 | 定位AI+超声影像引导的穿刺机器人，「磅客策」获两千万元天使轮融资,36氪
2021-02-01,586家中小板公司晒全年业绩 250家预增,证券之星
2021-02-01,19家公司上调业绩预期,证券时报网
2021-01-30,319公司利润不断改善76家步入绩优股行列,证券时报网
2021-01-29,美年健康(002044.SZ)拟计提商誉减值准备不超3.5亿元及坏账准备不超1.8亿元 资产异常,智通财经
2021-01-29,美年健康：大幅上修业绩预告，预计2020年盈利5.5亿元至6.5亿元,Wind
2021-01-29,医疗服务除了眼科、牙科，难道就没啥可看了吗？,格隆汇
2021-01-29,傅鹏博割肉 邓晓峰进场 南极电商引得投资大佬前赴后继,电鳗快报
2021-01-29,256公司利润环比连增67家步入绩优股行列,证券时报网
2021-01-29,股价尚未回血 众安在线仍需努力,搜狐
2021-01-29,基金投资“饭圈化”该不该？粉丝后援会雨后春笋，张坤等顶流们都有超话了，更有公募主动建会,财联社
2021-01-28,基金饭圈化该不该？粉丝后援会雨后春笋 张坤等顶流们都有超话了,财联社
2021-01-28,215公司利润不断改善63家步入绩优股行列,证券时报网
2021-01-27,【中金医药】2020年报业绩预览-中金医药周报（勘误）,陆家嘴医药代表
2021-01-27,“酒庄”易方达主动降温！“公募一哥”张坤这只产品限购加码,中证报
2021-01-27,颤抖吧！世界第三大酒庄主动限购，单日5000！,格隆汇
2021-01-27,190公司利润环比连增60家步入绩优股行列,证券时报网
2021-01-27,招商基金评价|一览行业全貌，聚焦重点产品——主动投资偏股型基金四季报投资组合分析,招商定量任瞳团队
2021-01-27,新年伊始保险业频繁调兵遣将 市场新战略和业务悄然生变,21世纪经济报道
2021-01-26,新年伊始保险业频繁调兵遣将 保费下降的平安人寿改革工程将如何显效？,21世纪经济报道
2021-01-26,美年健康(002044.SZ)股东世纪长河质押3781万股,智通财经
2021-01-26,百家分院投入“战疫” 美年健康深入开展核酸检测服务,中国网
2021-01-26,医药行业Q42020持仓分析：医药仓位有所回落 核心资产持续加强,西南证券
2021-01-26,利润环比连增+同比暴增69匹盈利白马现身,证券时报网
2021-01-26,A股早报2021年1月26日星期二,Wind
2021-01-26,【东北策略邓利军/邢妍姝/何盛】2020Q4主动偏股型公募基金季度报告点评：仓位回落，减TMT医药加仓食品饮料和制造,东北证券研究所
2021-01-25,两市共发生128宗大宗交易 机构抢筹这些个股,第一财经
2021-01-25,"美年健康现1笔大宗交易 共成交16,483.32万元",新浪
2021-01-25,这只基金重仓股今天突然盘中剧烈震荡,新浪
2021-01-25,涨停板复盘：三大指数延续分化 机构抱团股再度走强,新浪
2021-01-25,医药生物行业周报：2020Q4公募基金重仓医药持仓几何？继续强调Q1医药躁动期,新浪
2021-01-25,陈劲“继续”卸任众安在线职务 辞任执行董事和投资决策委员会主任 董监高成员变化,21世纪经济报道
2021-01-25,机构谨慎观望情绪较浓 游资抱团盛新锂能|龙虎榜,第一财经
2021-01-25,医疗健康行业2020年报业绩预览：四季度业绩加速恢复,新浪
2021-01-25,149公司利润环比连增53家步入绩优股行列,证券时报网
2021-01-25,优秀的公募基金经理都买了什么公司？,雪球
2021-01-25,“核酸检测”狂掀涨停潮，A股规模最大医疗ETF单日狂揽1.6亿元,Wind
2021-01-25,A股早报2021年1月25日星期一,Wind
2021-01-24,“核酸检测”接棒医疗热，A股规模最大医疗ETF单日狂揽1.6亿元成“香饽饽”,大众证券报
2021-01-24,睿智医药2020年归母净利约1.25亿元至1.53亿元 胡瑞连上任公司新董事长,证券日报网
2021-01-24,“核酸检测概念”狂掀涨停潮，A股规模最大医疗ETF三日暴力吸金超2.2亿元,投资时报
2021-01-24,重磅！新晋公募一哥张坤，用千亿基金都买了这些公司,格隆汇
2021-01-24,长周期业绩领先，看五大顶流基金经理持仓新动向！,Wind
2021-01-23,长周期业绩领先，五大顶流基金经理持仓新动向！,万得基金
2021-01-23,疫情打乱美年健康生物样本库投资节奏,第一财经
2021-01-23,现金流趋紧的美年健康砍掉了9亿元的投资项目,第一财经
2021-01-23,融资客跑步入场 医药板块获关注,财富动力网
2021-01-23,142公司利润不断改善50家步入绩优股行列,证券时报网
2021-01-22,深股通现身10只个股龙虎榜,第一财经
2021-01-22,A股资金面日报：资金撤离电子等行业 北向资金本周净买入96.08亿元,中金在线
2021-01-22,龙虎榜追踪 机构抢筹这3股,证券时报
2021-01-22,沪指3600点失而复得，创业板涨超2%,量化先行者
2021-01-22,深股通本周现身46只个股龙虎榜,证券时报网
2021-01-22,公募基金中的两尊“神”:王亚伟代表作年复合回报超49% 张坤超29%,新浪
2021-01-22,新冠监测板块领涨A股 美年健康涨逾10%,金融界
2021-01-22,美年健康：终止部分募投项目并将9亿元剩余募集资金永久补充流动资金 项目问题,Wind
2021-01-22,中富金石：指数延续震荡 新能源车板块走高,中金在线
2021-01-22,龙虎榜机构新动向：净买入3股净卖出16股,证券时报网
2021-01-22,涨停板解密：医药股火爆上涨引领市场！（1月22日）,Wind
2021-01-22,美年健康龙虎榜数据（1月22日）,Wind
2021-01-22,医药股加速爆发，3张图了解其业绩、债券规模和投资前景！,Wind
2021-01-22,美年健康涨停 机构资金现分歧,e公司
2021-01-22,美年健康今日涨停，深股通、机构分歧明显,Wind
2021-01-22,巨·大盘 | 市场分化加剧 创业板加速上行 把握高抛低吸机会,巨丰财经
2021-01-22,谢治宇、董承非等十大明星经理重仓股大曝光,中国基金报
2021-01-22,1月22日复盘：创业板进入加速拉升阶段 主力资金出击9股,新浪
2021-01-22,涨停板复盘：三大指数分化明显 新冠检测板块全线大涨,新浪
2021-01-22,巨丰收评：市场分化加剧 创业板加速上行,巨丰财经
2021-01-22,A股收盘综述：沪指回撤险守3600点，创业板指大涨逾2%,Wind
2021-01-22,美年健康触及涨停，成交额近10亿元,Wind
2021-01-22,130公司利润不断改善46家步入绩优股行列,证券时报网
2021-01-21,易方达三剑客管理资金超2200亿：张坤、萧楠、陈皓新进颐海国际,新浪
2021-01-21,最新国际与国内的“十大新药”公布，国内恒瑞、信达、复宏汉霖、再鼎,汇聚南药
2021-01-21,“国家送订单”！春节返乡政策开辟千亿新市场，刚需驱动下业绩预增最高70倍，2021核酸检测需求只增不减,金融界
2021-01-21,首个公募千亿基金经理诞生：易方达张坤规模超1255亿,新浪
2021-01-21,德赛西威、美年健康等股近五日获机构净买入,证券时报网
2021-01-21,A股融资融券日报：两融余额增加72.63亿元（1月20日）,Wind
2021-01-21,掘金龙虎榜 53股近期获机构净买入,证券之星
2021-01-21,连夜反应！春节返乡需持核酸阴性证明 多家公司迅速推出检测业务,财联社
2021-01-20,医药生物行业报告：中外新冠疫苗PK 孰优孰劣？,新浪
2021-01-20,107公司利润不断改善35家步入绩优股行列,证券时报网
2021-01-20,机构近期抢筹这60股 你跟吗?,证券之星
2021-01-20,超九成机构抱团股业绩预增 1月以来市场表现强势,证券时报
2021-01-19,277亿主力资金近三日大量撤出中小创,证券时报网
2021-01-19,99公司利润不断改善33家步入绩优股行列,证券时报网
2021-01-19,港股IPO|传艾迪康医学拟进行香港IPO前新一轮融资活动,资本邦
2021-01-19,龙虎榜揭秘 近五日机构最青睐53股,证券之星
2021-01-18,ct机市场份额调研 2021ct机行业现状和发展前景分析,中研网
2021-01-18,医药生物：中国创新药是否到了国际化的拐点？,新浪
2021-01-18,机构、股东、高管争相买入这些业绩暴增股,证券时报网
2021-01-18,87公司利润环比连增31家步入绩优股行列,证券时报网
2021-01-17,深股通席位本周龙虎榜净买入35股,证券时报网
2021-01-16,面板涨价 TCL科技一马当先 锂电池概念恐高 多空激烈博弈,财富动力网
2021-01-16,83公司利润不断改善29家步入绩优股行列,证券时报网
2021-01-16,2020中国年度最佳雇主成都榜单揭晓,搜狐
2021-01-15,机构逢低布局美年健康 游资抄底爱康科技|龙虎榜,第一财经
2021-01-15,1月15日主力资金净流出254亿元,证券时报网
2021-01-15,"美年健康现6笔大宗交易 共成交12,535.08万元",新浪
2021-01-15,涨停板复盘：三大指数下探回升 注册制次新股高涨,新浪
2021-01-15,“罗”酒鬼酒跌停 “飞刀”美年健康涨停,财富动力网
2021-01-15,五日龙虎榜追踪 机构抢筹这48股,证券之星
2021-01-15,A股早报2021年1月15日星期五,Wind
2021-01-15,布局医疗，家电巨头们的终极出路,动脉网
2021-01-14,【收盘简评】2021-01-14,赢家之星
2021-01-14,【14日资金路线图】主力资金净流出512亿元 龙虎榜机构抢筹美年健康等12股,证券时报网
2021-01-14,沪指震荡跌近1%，科技股逆市走强,量化先行者
2021-01-14,主力资金：主力跑路光伏龙头 卖出资金超19亿元,新浪
2021-01-14,大盘5年轮回，400多只基金翻倍最牛大赚415%！,老司基一枚
2021-01-14,24股主力资金净流入超亿元,证券时报网
2021-01-14,机构今日买入这14股，卖出斯达半导1.83亿元丨牛熊眼,第一财经
2021-01-14,中富金石：深成指跌近2% 国产芯片板块逆势崛起,中金在线
2021-01-14,涨停板解密：三板块超跌股强劲反攻！（1月14日）,Wind
2021-01-14,美年健康今日涨停，三机构买入1.42亿元,Wind
2021-01-14,1月14日复盘：外资跑步入场 主力资金出击2股,新浪
2021-01-14,涨停板复盘：三大指数表现弱势 半导体板块领涨,新浪
2021-01-14,智慧医疗概念股整体强势，美年健康触及涨停,Wind
2021-01-14,利润环比连增+同比暴增29匹盈利白马现身,证券时报网
2021-01-13,锁定6个月到三年，持有期基金如何挑选？,养基司令
2021-01-13,69公司利润环比连增26家步入绩优股行列,证券时报网
2021-01-12,62公司利润不断改善23家步入绩优股行列,证券时报网
2021-01-11,水滴公司邱慧：科技助力保险普惠,北国网
2021-01-11,54公司利润环比连增20家步入绩优股行列,证券时报网
2021-01-10,利润环比连增+同比暴增22匹盈利白马现身,证券时报网
2021-01-09,62家药企宣布退市（附名单）,赛柏蓝
2021-01-09,48公司利润不断改善18家步入绩优股行列,证券时报网
2021-01-08,晚间重要公告2021年1月8日星期五,Wind
2021-01-08,美年健康(002044.SZ)：实控人增持计划完成累计增持500.05万股,格隆汇
2021-01-08,凯雷领投，和誉医药D轮融资1.23亿美元！专注于肿瘤治疗领域,金融界
2021-01-08,凯雷领投中国领先创新生物科技公司和誉医药D轮融资,中证网
2021-01-08,手握1.6万亿的PE巨头凯雷，瞄准了中国的这一赛道,36氪
2021-01-07,美年健康：目前公司控股260多家体检中心,Wind
2021-01-07,利润环比连增+同比暴增21匹盈利白马现身,证券时报网
2021-01-06,退市新规点评及影响股票名单,量化先行者
2021-01-06,美年健康携手中国健康促进基金会 倡导均衡膳食公益活动已在八城落地,证券日报网
2021-01-06,54股今日获机构买入评级13股上涨空间超20%,证券时报网
2021-01-06,刊登热线15023163856,重庆商报
2021-01-05,美年健康(002044.SZ)：徐可因个人身体原因辞去总裁职务 董监高成员变化,智通财经
2021-01-05,美年健康：公司高级管理人员辞职 董监高成员变化,Wind
2021-01-05,41公司利润环比连增16家步入绩优股行列,证券时报网
2021-01-05,医药生物：世界级医药企业已初露锋芒,财富动力网
2021-01-04,美年健康现1笔大宗交易 共成交561.00万元,新浪
2021-01-04,美年健康(002044)：合理价格收购马鞍山美年 并购基金培育门店战略实施顺利,新浪
2021-01-04,茅台是文体娱乐主题的高端智能制造中盘股？,新浪
2021-01-04,39公司利润环比连增15家步入绩优股行列,证券时报网
2021-01-04,利润环比连增+同比暴增 19匹盈利白马现身,证券之星
2021-01-02,美年健康俞熔：践行双循环战略，助力健康中国建设丨2021寄语,新浪
2021-01-02,37公司利润环比连增15家步入绩优股行列,证券时报网
2020-12-31,美年健康(002044.SZ)拟收购马鞍山美年56%股权并增资五家体检中心,智通财经
2020-12-31,美年健康拟收购马鞍山美年56%股权 并向5家体检中心增资,上证报
2020-12-31,17只业绩大增股遭机构抢筹,证券时报网
2020-12-30,36公司利润不断改善15家步入绩优股行列,证券时报网
2020-12-29,医疗健康：疫苗突破美国大选进展 行业调整与继续分化,新浪
2020-12-29,医药生物行业报告：继续重点关注创新核心竞争力和医药大消费两大投资方向,新浪
2020-12-29,35公司利润环比连增14家步入绩优股行列,证券时报网
2020-12-28,【国元医药】口腔服务深度报告：从供求分析和业务模式寻找口腔连锁成功潜力,元气医药
2020-12-28,利润环比连增+同比暴增18匹盈利白马现身,证券时报网
2020-12-28,615家公司预告全年业绩 180家预增,证券之星
2020-12-25,全年业绩高增长股提前看，108股净利润增幅翻倍,证券之星
2020-12-24,医药行业189页深度解析2021年投资策略,新浪
2020-12-24,美年大健康推出“美年温暖季，呵护打工人”活动,证券之星
2020-12-24,14只业绩大增股遭机构抢筹,证券时报网
2020-12-24,35公司利润不断改善14家步入绩优股行列,证券时报网
2020-12-23,A股冲高回落新能源概念强势爆发市场窄幅震荡白酒板块大幅跳水,财华社
2020-12-23,安图生物、美年健康、华海药业、人福医药、康弘药业等基金重仓股逆市大跌,Wind
2020-12-23,171家公司全年业绩预增,证券之星
2020-12-22,【卫健要闻】山东10家单位入选第四批智慧健康养老应用试点示范名单,健康山东
2020-12-22,凯乘资本邹国文：用专业主义，做医疗创新企业和投资机构的链接者【投资人说】,动脉网
2020-12-22,利润环比连增+同比暴增16匹盈利白马现身,证券时报网
2020-12-22,602家公司预告全年业绩 170家预增,证券之星
2020-12-22,医药生物行业报告：医保谈判落地不确定性消除 加大医药优质赛道关注度,新浪
2020-12-22,医药生物行业周报：“三重行业红利 五重公司催化”助推智飞生物 强调Q1医药躁动机会,新浪
2020-12-22,医药板块2021年春季行情如何？,制药网
2020-12-21,打造行业标杆产品，美年健康（002044.SZ）积极把握健康产业黄金十年机遇,格隆汇
2020-12-20,32公司利润环比连增13家步入绩优股行列,证券时报网
2020-12-19,利润环比连增+同比暴增15匹盈利白马现身,证券时报网
2020-12-18,【关注】云南两单位入选！这个国家级试点示范名单正在公示,云南发布
2020-12-18,“美立行动”正当时：开立医疗为美年大健康提供超声维护巡检服务,凤凰网
2020-12-17,又现“喝酒吃药”，如何配置？大消费板块超跌股名单来了,第一财经
2020-12-17,全年业绩高增长股提前看，103股净利润增幅翻倍,证券之星
2020-12-17,这85家公司2019年净利润亏损、2020年三季报续亏 亏损,第一财经
2020-12-16,2021年医药生物行业策略报告：聚焦黄金赛道，寻找疫后高光,国元证券
2020-12-16,智慧医疗板块走低，荣科科技跌停,Wind
2020-12-15,美年健康(002044.SZ)股东世纪长河质押1625万股,智通财经
2020-12-15,美年健康：5.4亿元出售美因健康科技(北京)有限公司部分股权 资产异常,Wind
2020-12-15,164家公司全年业绩预增,证券之星
2020-12-14,“机械茅”再创历史新高，月线20连阳，8年27倍！14匹盈利白马现身（附股）,证券时报网
2020-12-14,“机械茅”再创历史新高 月线17连阳、8年27倍！14匹盈利白马现身（附股）,证券之星
2020-12-14,医药生物行业周报：2021医药“春季躁动”有望提前到来 关注医药消费投资机会,新浪
2020-12-12,聚焦老年赛道，健康服务永远是“大生意”，这个生意的入口就是“老年体检”,前瞻研究院
2020-12-12,上市公司正负面新闻2020年12月12日星期六,Wind
2020-12-11,公告精选丨妙可蓝多：实控人和蒙牛尚有部分条款未达成一致,21世纪经济报道
2020-12-11,A股头条之上市公司（12.12）,金融界
2020-12-11,晚间重要公告2020年12月11日星期五,Wind
2020-12-11,美年健康：实控人累计增持0.128%公司股份,Wind
2020-12-11,美年健康(002044.SZ)已获实控人、董事长增持500.0461万股,格隆汇
2020-12-11,中国健康教育中心卢永：提升健康素养是社会系统工程,21世纪经济报道
2020-12-11,163家公司全年业绩预增,证券之星
2020-12-10,见众心 见天地 见未来 2020企业社会责任峰会成功举办,北京商报
2020-12-10,平均毛利率45%依旧亏损-口腔医院是不是一个好赛道？【安信诸海滨团队】 亏损,诸海滨科新先声
2020-12-10,美年大健康：超品成团·联袂推荐，他们信任的就是你的选择,联商网
2020-12-10,2021年度策略行业策略：医药黄金时代行情不会缺席 2021只是更加极致聚焦,新浪
2020-12-10,中泰证券：创新创造价值 寻找医药中的马拉松选手（附股）,证券时报网
2020-12-09,美年健康回复问询函：本次交易完成后公司无法继续对美因基因实施控制 问询,Wind
2020-12-09,高管增持榜：森马服饰增持额居首,证券时报网
2020-12-09,全年业绩高增长股提前看，103股净利润增幅翻倍,证券之星
2020-12-08,“消失”2年的刘强东，今天财富又要多出300亿！,搜狐
2020-12-08,美年健康董事长俞熔：经济高质量发展的三个关键词“数据、技术赋能、工匠精神”,中国网
2020-12-08,医药生物：从批签发变化来看血制品行业有望迎来高景气度，维持“强于大市”评级,天风证券
2020-12-08,16只业绩大增股遭机构抢筹,证券时报网
2020-12-07,医药生物行业周报：狂犬单抗未来会是大品种吗？再次强调12月是医药底部布局期,新浪
2020-12-07,医药生物行业12月月报：静待医药政策落地期 关注重磅品种研发进展和优质细分赛道,新浪
2020-12-07,医药行业周报：医药反弹OR反抽？,西南证券
2020-12-07,159家公司全年业绩预增,证券之星
2020-12-07,医药生物行业研究周报：从批签发变化来看血制品行业有望迎来高景气度,新浪
2020-12-06,机构、股东、高管争相买入这些业绩暴增股,第一财经
2020-12-06,美年健康俞熔:优质服务稀缺 打折促销不是医疗服务行业核心竞争力,新浪
2020-12-06,美年健康俞熔谈高质量发展：数据、技术赋能、工匠精神,新浪
2020-12-06,2021年医药生物行业策略报告：聚焦黄金赛道 寻找疫后高光,新浪
2020-12-04,蓝筹股在大宗交易平台被机构资金积极买入，高瓴、高盛、景林、高毅、淡水泉集中调研背后或有买入冲动,红周刊
2020-12-04,美年健康(002044.SZ)董事长俞熔等股东合计解除质押175.56万股,智通财经
2020-12-04,医药2021年度投资策略：医保全面控费背景下，医药“四化建设”是未来投资方向【安信医药马帅团队】,医药马帅团队
2020-12-03,年内跌幅居前的绩优股名单出炉 这只医疗股近期回涨12%,第一财经
2020-12-02,短短11个月涨逾60%，医疗ETF收益高居A股生物医药类ETF第一,北京商报
2020-12-02,“长阳挂星”几个意思，你猜你猜你猜猜猜~丨复盘论,第一财经
2020-12-02,生物医药类ETF谁最香？医疗ETF前11月涨逾60% 坐实“抗疫第一ETF”,中国网
2020-12-02,29家公司高管出手增持动用资金1.09亿元,证券时报网
2020-12-02,【医药】国家医保谈判在即，创新产业链依然值得关注——医药行业周报——中性,渤海证券研究
2020-12-02,A股12月定律被发现！机构布局中：42股看涨逾70%,Wind
2020-12-02,A股12月定律被发现！跨年行情布局中，机构再次聚焦一个方向,Wind
2020-12-01,晚间公告热点追踪：麒盛科技副总单华锋因涉嫌内幕交易被刑事拘留,新浪
2020-12-01,【广证恒生医药月报】 药监局加强带量采购中选冠脉支架质量监管，国药集团提交新冠疫苗上市申请,广证恒生新三板研究极客
2020-12-01,美年健康(002044.SZ)获实控人俞熔增持109.74万股,格隆汇
2020-12-01,重新聚焦科技成长，热门板块机构2021策略前瞻,Wind
2020-12-01,21深度｜潮起潮落的巨头跨界“医疗梦”,21世纪经济报道
2020-12-01,31公司利润不断改善13家步入绩优股行列,证券时报网
2020-12-01,11月份机构密集调研446家公司 近80亿元大单资金加仓32只潜力股,财富动力网
2020-11-30,本月周期股大幅上涨、医疗股下跌 这只银行股换手率高达800%,第一财经
2020-11-30,医药生物行业报告：把握业绩好 确定性较强的子行业,新浪
2020-11-30,专注生物合成的弈柯莱获追加融资,动脉网
2020-11-30,百事和中国健康促进基金会启动“百事营养膳食教育项目”,中新网
2020-11-30,多家公司重要股东计划增持，破净钢铁股较多,Wind
2020-11-30,多家公司重要股东计划增持,中证报
2020-11-29,指数上涨，账户却缩水？11月亏钱的原因找到了！,上证报
2020-11-29,指数上涨 账户却缩水？11月股民亏钱的原因找到了,上证报
2020-11-29,南方财经国际论坛2020年年会闭幕，第五届财经金帆奖揭晓,21世纪经济报道
2020-11-27,寻找数字化转型最佳答案，青腾大学正式上线《一问》,北国网
2020-11-27,多家公司年报业绩预喜，掘金需谨防暴雷风险,证券之星
2020-11-27,14只业绩大增股遭机构抢筹,证券时报网
2020-11-27,【中金医药】中金医药月度7+7组合：2020年12月组合,陆家嘴医药代表
2020-11-26,美年健康：拟以5.42亿元出让美因基因20.06%股权，为其引入战略投资者 资产异常,猎云网
2020-11-26,医药界“华为”，药明康德50天闪电过会！,新康界
2020-11-26,[公司]美年健康5.42亿元转让美因基因20.06%股权 后者或独立上市 资产异常,全景网
2020-11-26,美年健康5.42亿元转让子公司部分股权 美因基因引战投谋独立上市 资产异常,中国证券网
2020-11-26,11月26日午间重要公告集锦,中国证券网
2020-11-26,美年健康(002044.SZ)：拟5.42亿元转让美因基因20.06%股权 资产异常,格隆汇
2020-11-26,美年健康：拟出售所持有的美因基因20.0607%股权 资产异常,Wind
2020-11-26,午间公告集锦：兴齐眼药获食品经营许可证,金融界
2020-11-26,午间公告：索菲亚拟20亿投建全球发展中心大厦；美年健康拟转让美因基因20.06%股权,e公司
2020-11-26,午间公告2020年11月26日星期四,Wind
2020-11-26,年末私募调研热情骤升，近4000家机构合计调研逾5200次,Wind
2020-11-25,透视一周20大牛熊股：9天8板！这只摘帽股疯涨，新能源汽车还要牛下去？,21世纪经济报道
2020-11-25,又站岗？3400点“清仓式”减持再来,Wind
2020-11-25,573家公司预告全年业绩 149家预增,证券时报
2020-11-25,29股获高管增持 歌尔股份获增持金额最多,证券时报网
2020-11-25,29股获高管增持歌尔股份获增持8585.00万元,证券时报网
2020-11-24,盘前有料丨永煤拟先期偿还50%本金，洋河等公司披露股东减持计划…重要消息还有这些 拟减持股份,证券时报网
2020-11-23,最强医药股的补跌说明什么?,财富动力网
2020-11-23,【医药】政策扰动有望落地，布局景气赛道的估值切换行情,天风研究
2020-11-22,昔日牛股近期暴跌四成 摩根、高毅、睿远等纷纷前往调研,e公司
2020-11-22,医药生物行业周报：调整提供布局良机 拥抱长期成长和确定性,新浪
2020-11-21,曹中铭：券商“举报门”背后没有赢家,中财网
2020-11-20,近四成公司年报预喜，115股有望全年业绩增超100%,中国财富网
2020-11-20,机构扎堆看好年报业绩暴增股,财富动力网
2020-11-20,逾500家公司公布年度业绩预告 近四成预喜,证券时报
2020-11-19,爱康国宾举报“爱康美年合并”研报后续：已到深圳证监局递交材料,经济观察网
2020-11-19,年报业绩暴增股名单来了 机构扎堆看好它们（附股）,新浪
2020-11-19,市场要闻 | 国信证券“研报门”再发酵：爱康国宾提供涉嫌违规材料,36氪
2020-11-19,三季报净利降232% 美年健康遭阿里减持 盈利能力下降,GPLP犀牛财经
2020-11-19,爱康国宾实名举报国信证券分析师再“发酵”，已进一步提供涉嫌违规相关资料 诉讼纠纷,搜狐
2020-11-19,爱康国宾举报国信“研报门”续集：进一步提供涉嫌违规材料 诉讼纠纷,中新经纬
2020-11-19,国信证券“研报门”新进展：爱康国宾配合深圳证监局，提供国信证券分析师涉嫌违规相关材料 金融监管处罚,21世纪经济报道
2020-11-19,券商“举报门”值得反思,财富动力网
2020-11-18,A股资金面日报：银行股受资金青睐,中投网
2020-11-18,43家公司获海外机构调研,证券时报网
2020-11-18,机构11月以来共调研超300家公司 关注这些股,第一财经
2020-11-18,32股获高管增持 华大基因获增持金额最多,证券时报网
2020-11-18,14只业绩大增股遭机构抢筹,证券时报网
2020-11-18,A股早报2020年11月18日星期三,Wind
2020-11-17,A股再迎解禁小高峰，逾1300亿上市流通影响几何？ 解禁,第一财经
2020-11-17,数据驱动智能化转型 美年健康全方位升级医疗品质,时代周报
2020-11-17,整合产业链全力抗疫 美年健康(002044.SZ)荣获“抗疫杰出贡献奖”,格隆汇
2020-11-17,海外机构最关注信维通信,财富动力网
2020-11-16,爱康国宾实名举报国信证券：仅凭臆测发布不实报告、违反法规 诉讼纠纷,云掌财经
2020-11-16,13只业绩大增股遭机构抢筹,证券时报网
2020-11-16,医疗健康产业面临诸多挑战 优质医疗服务需求升级,中国报告大厅
2020-11-16,增减持公告汇总丨美年健康获实控人增持,第一财经
2020-11-16,股海导航 11月16日沪深股市公告提示,新浪
2020-11-15,A股头条之上市公司（11.16）,金融界
2020-11-15,后疫情时代文旅现新生机 未来三年将持续增长 健康·绿色·创新——2020（第二届）中国大健康大文旅高峰发展论坛暨后疫情时代经济新格局研讨会成功举办,华夏时报
2020-11-15,美年健康(002044.SZ)1.77亿股限售股将于11月18日解禁 解禁,格隆汇
2020-11-15,打通便捷就医赛道 互联网医疗平台好大夫在线获“2020年健康中国推动力企业”奖项 | 2020大健康大文旅高峰发展论坛,华夏时报
2020-11-15,晚间重要公告2020年11月15日星期日,Wind
2020-11-15,聚焦健博会，这些亮点值得关注,赛柏蓝
2020-11-15,11月15日上市公司晚间公告速递,新浪
2020-11-15,美年健康(002044.SZ)董事长俞熔已增持390.31万股公司股份,智通财经
2020-11-15,美年健康(002044.SZ)1.77亿股限售股将于2020年11月18日上市流通 解禁,智通财经
2020-11-15,【中金医药】疫苗突破+美国大选进展，行业调整与继续分化-中金医药周报系列七十九,陆家嘴医药代表
2020-11-15,美年健康：实控人已增持公司0.1%股份,Wind
2020-11-15,美年健康：实控人已增持公司0.1%股份,e公司
2020-11-15,美年健康：占总股本4.5255%限售股将于11月18日上市流通 解禁,Wind
2020-11-15,爱康国宾实名举报国信证券：仅凭臆测发布不实报告、违反法规 诉讼纠纷,中国新闻周刊
2020-11-15,中泰金工定向增发跟踪周报(1115),ZTQuant
2020-11-14,爱康举报国信背后的隐秘，上市公司和券商“龙虎斗”何时休？ 诉讼纠纷,腾讯网
2020-11-14,水皮：中国经济长周期调整或提前结束，迎来新的景气周期 | 2020大健康大文旅高峰发展论坛,华夏时报
2020-11-14,30公司利润环比连增12家步入绩优股行列,证券时报网
2020-11-13,美年大健康俞熔 ：后疫情时代，医疗健康产业渐迎结构性调整 | 2020大健康大文旅高峰发展论坛,华夏时报
2020-11-13,下周1610亿市值限售股解禁，环比增加395.2% 解禁,Wind
2020-11-13,高毅、景林、重阳、高盛都来了 4季度机构5000次调研去了哪些公司,红周刊
2020-11-13,高毅、景林、重阳、高盛都来了，四季度明星机构5000次调研都去了哪些公司,红周刊
2020-11-13,“研报门”：爱康国宾举报国信证券或意有所指？,第一财经
2020-11-13,56家公司获海外机构调研,证券时报网
2020-11-13,爱康国宾抓住了国信证券两名分析师的“小辫子”,新浪
2020-11-13,2分钟读财报|研报惹祸！爱康国宾实名举报国信证券分析师 诉讼纠纷,新浪
2020-11-13,大盘资金连续四日流出 多只白酒股昨日涨停今日跌停,第一财经
2020-11-13,医药行业周报：冠脉支架拟中选结果发布 辉瑞／BIONTECH发布疫苗积极结果,渤海证券
2020-11-13,美年健康董秘被指串通分析师推高股价 回应：董秘未参与研报撰写,搜狐
2020-11-13,爱康国宾实名举报国信证券分析师 起因竟是一篇美年健康研报 诉讼纠纷,新浪
2020-11-13,“研报门”最新后续！国信证券回应爱康国宾实名举报 诉讼纠纷,资本邦
2020-11-13,两分析师遭爱康国宾举报 国信回应：争取消除误会，配合有关部门工作 诉讼纠纷,证券时报网
2020-11-13,全年业绩高增长股提前看，102股净利润增幅翻倍,证券之星
2020-11-13,一份研报惹祸！爱康国宾实名举报 国信证券两分析师麻烦大了 诉讼纠纷,中国网
2020-11-13,106家公司获机构调研（附名单）,证券时报网
2020-11-13,实名举报：国信“研报门”升级 爱康国宾如此在意被注入或因这事 诉讼纠纷,证券时报网
2020-11-13,祸从口出？因为一份研报，两位分析师遭爱康国宾举报到了证监会 诉讼纠纷,每日经济新闻
2020-11-13,一份研报惹祸！爱康国宾实名举报，国信证券两分析师麻烦大了 诉讼纠纷,中新经纬
2020-11-13,国信证券回应“被举报”：正积极与爱康国宾联系，消除误会,澎湃新闻
2020-11-13,爱康国宾称向证监会举报 国信证券“研报事件”发酵 诉讼纠纷,上证报
2020-11-13,"祸从口出！国信俩分析师遭爱康国宾向证监会举报！如此在意""被注入""或因这事··· 诉讼纠纷",券商中国
2020-11-13,国信证券“研报门”事件发酵：爱康国宾已向监管层实名举报；国信证券最新回应来了！,每日经济新闻
2020-11-13,国信证券回应“研报门”：正积极与爱康国宾联系，以就相关情况直接沟通,21世纪经济报道
2020-11-13,智通港美股会议日历|11月13日,智通财经
2020-11-12,因研报指“美年爱康合并”，爱康国宾实名举报国信证券分析师 诉讼纠纷,澎湃新闻
2020-11-12,国信证券2名分析师被爱康国宾实名举报！因为一份研报 诉讼纠纷,21世纪经济报道
2020-11-12,爱康国宾向证监会举报两名分析师，称与美年健康不存在合并或重组意向,搜狐
2020-11-12,爱康国宾：向证监会实名举报国信证券下属两名证券分析师 诉讼纠纷,中新经纬
2020-11-12,突发！爱康国宾向证监会实名举报国信证券下属两名分析师 诉讼纠纷,每日经济新闻
2020-11-12,律师函“警告”后，爱康国宾向证监会举报国信证券两名分析师 诉讼纠纷,第一财经
2020-11-12,一份研报惹的祸！爱康国宾发完律师函，再向证监会举报国信证券下属两名分析师 诉讼纠纷,21世纪经济报道
2020-11-12,爱康国宾与美年健康的“新仇旧恨”,环球老虎财经
2020-11-12,海外机构调研股名单埃斯顿最受关注,证券时报网
2020-11-12,盘前：短期指数震荡整理概率较大 关注低估值蓝筹,中国经济网
2020-11-12,医药生物行业11月月报暨三季报总结：三季报医药整体表现良好 当前时点重点关注Q3业绩超预期的疫苗、CXO、医疗服务、零售药店等板块,新浪
2020-11-12,美年健康：最近有点烦!,财富动力网
2020-11-12,机构调研马不停蹄 投资“风向标”隐现,中证报
2020-11-12,研报8次提到资产注入 国信证券依然否认暗示并购,上证报
2020-11-11,卷入研报风波！爱康国宾质疑消息来源合法合规性，国信证券作出最新回应,国际金融报
2020-11-11,机构调研热度不减：海康威视迎来500家机构 这些公司最受关注(股),中证网
2020-11-11,年内风波不断 国信证券因爱康国宾事件再陷争议“漩涡”,北京商报
2020-11-11,迎来500家机构！这公司成“流量担当”，散户“抄作业”管用吗？,中证报
2020-11-11,【国元医药|行业跟踪】疫苗行业跟踪：2020年10月疫苗行业批签发数据跟踪,元气医药
2020-11-11,风波迭起！A股公司被阿里巴巴减持、证监会警示，还有研报闹剧！ 减持股份,财富动力网
2020-11-11,国信证券研报暗示两家公司合并，收律师函！分析师回应,中新经纬
2020-11-11,专访怡安大中华区再保兼中国商业风险CEO陆勤： 防癌险为主的老年保险开发不充分 潜在保费规模可达每年4000亿-5000亿,每日经济新闻
2020-11-11,国信证券回应“美年爱康合并”研报：仅讨论解决同业竞争义务,澎湃新闻
2020-11-11,国信证券有麻烦了？研报暗示两家公司合并，直接收律师函！分析师刚刚这样回应,中证报
2020-11-11,国信证券收律师函，研报称美年爱康可能合并！券商已多次遭打脸,搜狐
2020-11-11,国信证券回应“美年爱康合并”研报：仅讨论解决同业竞争义务,Wind
2020-11-11,美年健康实际控制人计划增持股份,企查查
2020-11-11,研报“失实”?爱康国宾向国信证券发出律师函,资本邦
2020-11-11,开盘：三大指数低开沪指涨0.41% 物流板块表现活跃,新浪
2020-11-11,国信证券摊事了？研报被指存误导性陈述，涉及公司果断寄出律师函,经济观察网
2020-11-11,时代点金（1111）：爱康国宾向国信证券发律师函,时代在线
2020-11-11,五日龙虎榜追踪 机构抢筹这38股,证券之星
2020-11-11,国信研报暗示美年爱康要合并？爱康国宾驳斥报告失实 国信回复,上证报
2020-11-11,15股获20家以上机构扎堆调研,证券时报网
2020-11-11,【医药】冠脉支架拟中选结果发布，辉瑞/BioNTech发布疫苗积极结果——医药行业周报——中性,渤海证券研究
2020-11-11,145家公司获机构调研（附名单）,证券时报网
2020-11-11,研报惹祸？国信证券分析师回应爱康质疑：未有与美年董秘超出公告内容的私下交流,证券时报网
2020-11-11,A股头条：证监会提出抓好退市制度改革落地实施，前三季度商业银行净利润同比下降8.3%,金融界
2020-11-11,机构推荐买入238股 8股预测上涨空间超30%,证券时报
2020-11-11,美年爱康合并？国信研报“被否”，爱康国宾发律师函！这一关键人物也被牵出，真相究竟如何？ 并购重组异常,券商中国
2020-11-10,20只个股吸引超50家机构调研，汇川技术最受青睐,第一财经
2020-11-10,A股头条之上市公司（11.11）,金融界
2020-11-10,爱康国宾：与美年健康不存在合并或重组意向研报有误导性陈述,第一财经
2020-11-10,爱康国宾：与美年健康之间不存在任何合并或重组意向,Wind
2020-11-10,爱康国宾：爱康国宾与美年健康之间不存在任何合并或重组意向,e公司
2020-11-10,公告精选：美年健康实控人拟增持股份；歌尔股份筹划子公司分拆上市,e公司
2020-11-10,国信证券研报暗示“美年爱康合并”，爱康国宾公开“否认”并发律师函,21世纪经济报道
2020-11-10,美年健康(002044.SZ)：实控人、董事长拟增持500万股-1000万股,格隆汇
2020-11-10,美年健康：收到江苏证监局警示函 金融监管处罚,Wind
2020-11-10,美年健康：实际控制人、董事长俞熔拟在2个月内增持500万股-1000万股,Wind
2020-11-10,机构推荐的好物清单来了 这只股8年涨近36倍,新浪
2020-11-10,犀牛财经晚报：蛋壳公寓遭供应商集体讨薪 优酷原总裁因受贿被判7年,GPLP犀牛财经
2020-11-10,103家公司获海外机构调研,第一财经
2020-11-10,爱康国宾回应：与美年健康合并消息纯属子虚乌有,Wind
2020-11-10,国信证券研报暗示“美年爱康合并” 爱康国宾回应称报告失实,北京商报
2020-11-10,12只业绩大增股遭机构抢筹,证券时报网
2020-11-10,中金公司、华东医药等股近五日获机构净买入,证券时报网
2020-11-10,29股获20家以上机构扎堆调研 美年健康最受关注,证券时报网
2020-11-10,181家公司获机构调研（附名单）,证券时报网
2020-11-09,113家公司获海外机构调研,证券时报网
2020-11-09,西南证券：双循环背景下 创新升级+进口替代引领医药大时代,新浪
2020-11-09,半导体劲升6%，北上200亿扫货，行情回来了,Wind
2020-11-09,"医药生物冠脉支架集采落地,医疗耗材利空压制释放，维持“增持”行业评级",东吴证券
2020-11-09,565家公司预告全年业绩 144家预增,证券时报
2020-11-09,融资盘大幅回流 龙头个股表现出色,财富动力网
2020-11-08,冠脉支架集采落地，医疗耗材利空压制释放【东吴医药朱国广团队|1106周报】,国广有话说
2020-11-08,透视一周20大牛熊股：9天8板！这只摘帽股疯涨，新能源汽车还要牛下去？,21世纪经济报道
2020-11-08,【中航证券医药】行业周报 | 高值耗材集采落地，降价幅度超出预期,中航军工研究
2020-11-08,股东高位出货，10亿+大甩卖，股价走势让人想不到,Wind
2020-11-08,科技周报：美年健康谈阿里减持 快手亏损680亿赴港上市 减持股份,GPLP犀牛财经
2020-11-08,陆家嘴财经早餐2020年11月8日星期日,Wind
2020-11-07,每经20点 | 皇马球员阿扎尔和卡塞米罗确诊新冠肺炎，已开始居家隔离；美国联邦最高法院大法官要求宾州分开统计选举日后的邮寄选票,每日经济新闻
2020-11-07,11月以来大宗交易成交活跃度显著提升，机构扫货安防龙头股,Wind
2020-11-07,警惕“甜蜜杀手” 专家呼吁推动糖尿病干预以减少发病|进博会报道,华夏时报
2020-11-07,犀牛财经早报：美年健康谈阿里减持 55只个股存被暂停上市风险,GPLP犀牛财经
2020-11-07,医药行业：细分板块高增长 持仓变化不改医药高景气,新浪
2020-11-07,29公司利润环比连增 12家步入绩优股行列,凤凰网
2020-11-07,新能源概念遍地开花 机构无情抛售浪潮信息,财富动力网
2020-11-07,本周沪深两市热点追踪,财富动力网
2020-11-07,北向资金本周“买买买” 五股净买入资金超10亿元,大众证券报
2020-11-07,陆家嘴财经早餐2020年11月7日星期六,Wind
2020-11-07,深股通席位本周龙虎榜净买入27股,证券时报网
2020-11-06,A股头条之上市公司（11.7）,金融界
2020-11-06,最强风口大分化！5000亿龙头透露重磅信息，却遭资金砸盘20亿，冷门股锐奇股份5天大涨62%,证券时报网
2020-11-06,美年健康：与阿里巴巴对健康行业数字化未来的认识是一致的,Wind
2020-11-06,美年大健康“连环劫”：阿里减持、机构出逃、高管套现，股价跌近30% 减持股份,21世纪经济报道
2020-11-06,美年健康回应“阿里减持”：双方管理层将持续沟通 对健康行业数字化未来的认识是一致的,e公司
2020-11-06,受蚂蚁集团IPO暂缓影响 美年大健康遭阿里减持 减持股份,21世纪经济报道
2020-11-06,美年大健康控糖学术研讨会暨全民公益项目启动,北京商报
2020-11-06,82股今日获机构买入评级,证券时报网
2020-11-06,3Q2020持仓分析：医药仓位有所回落，紧握核心资产,西南证券
2020-11-06,俞熔：流量入口和健康大数据会成为新兴的医疗资本,新浪
2020-11-06,112家公司全年业绩预计增超100%，18股有望全年盈利超10亿！机构已抢先“埋伏”这11股（附名单）,中国财富网
2020-11-06,医药行业2021年投资策略：“双循环”背景下 “创新升级＋进口替代”引领医药大时代,西南证券
2020-11-06,【信达看盘】2020.11.6,信达证券上海
2020-11-06,美年健康（002044）快评：大跌事出有因，探寻阿里战略,国信研究
2020-11-06,大和：蚂蚁IPO暂停或带来连锁反应 IPO融资异常,格隆汇
2020-11-06,两市两融余额增加71.74亿元 126股融资余额增幅超5%,证券时报网
2020-11-06,A股早报2020年11月6日星期五,Wind
2020-11-06,近一周这些个股涨幅最大 主力资金净流入中金公司近37亿元,第一财经
2020-11-06,233家公司年报业绩预喜，主要扎堆化工、医药生物等行业,制药网
2020-11-06,"实名举报！国信“研报门”升级，爱康国宾如此在意""被注入""或因这事··· 诉讼纠纷",证券时报网
2020-11-06,沪指站稳3300！市场惊现五大信号,Wind
2020-11-06,阿里减持美年健康5400万股 减持股份,中华工商时报
2020-11-05,【信达看盘】2020.11.5,信达证券上海
2020-11-05,阿里“跑了”，高管套现，巨量跌停！美年健康多惨？ 减持股份,搜狐
2020-11-05,深股通现身10只个股龙虎榜,证券时报网
2020-11-05,"今日共85只股票出现大宗交易, 明星营业部历史平均跑赢大盘8.23%",云掌财经
2020-11-05,【5日资金路线图】主力资金净流入近100亿元 龙虎榜机构抢筹12股,证券时报网
2020-11-05,大宗交易丨海康威视超30亿元成交额居首,第一财经
2020-11-05,医药行业2020Q3持仓分析：医药仓位有所回落 紧握核心资产,西南证券
2020-11-05,数据复盘| 北向资金净流入超百亿元 中兴通讯获主力大幅加仓,证券时报网
2020-11-05,躺在跌停线的上市企业：美年大健康5天市值蒸发30%,药智网
2020-11-05,【华创证券】美年健康（002044）2020年三季报点评：三大逻辑支撑，公司业绩边际改善可期,华创医药组公众平台
2020-11-05,机构现身27股，净买入中金公司5.26亿元、净卖出美年健康1.41亿元,第一财经
2020-11-05,加仓时机到了！？,万得基金
2020-11-05,遭阿里减持、股价连续大跌，美年健康今日还被两机构抛售 连续下跌,第一财经
2020-11-05,58股主力资金净流入超亿元,证券时报网
2020-11-05,龙虎榜机构新动向：净买入15股净卖出11股,证券时报网
2020-11-05,机构今日买入这16股，买入中金公司5.26亿元丨牛熊眼,第一财经
2020-11-05,149股今日获机构买入评级,证券时报网
2020-11-05,"美年健康现1笔大宗交易 共成交2,241.30万元",新浪
2020-11-05,跌停板解密：三只利空股被大单甩卖！（11月5日）,Wind
2020-11-05,美年健康龙虎榜数据（11月5日）,Wind
2020-11-05,美年健康今日大宗交易成交155万股，成交价14.46元溢价16.8%,Wind
2020-11-05,美年健康连续第二日跌停，两机构卖出1.41亿元,Wind
2020-11-05,11月5日异动股点评：5G概念股集体躁动 盘点四牛与四熊,山东神光
2020-11-05,主力资金联袂加仓，A股放量拉升汽车股猛踩油门,Wind
2020-11-05,A股收盘综述：上证指数连涨四日站上3300，五粮液迈入万亿市值俱乐部,Wind
2020-11-05,美年健康(002044)：经营业绩持续改善+美因基因股权转让 全年业绩预告扭亏为盈,新浪
2020-11-05,遭阿里减持！美年健康盘中跌停，近五日市值蒸发超200亿元 减持股份,中新经纬
2020-11-05,巴菲特重仓12年暴赚22倍：比亚迪再创新高 深市首只万亿股也来了,新浪
2020-11-05,央妈放大招！A股又爆发，外资加仓45亿,中国基金报
2020-11-05,巴菲特重仓12年暴赚22倍，比亚迪再创历史新高！深市首只万亿市值股诞生，千亿市值白马扎堆创新高,金融界
2020-11-05,央妈放大招！提前剧透“麻辣粉”续做，A股又爆发，外资加仓45亿！比亚迪市值直逼大众，黑天鹅突袭，500亿白马股盘中大跳水！,中国基金报
2020-11-05,沪指站上3300点，白酒板块领涨，五粮液成深市第一支市值破万亿元个股,21世纪经济报道
2020-11-05,沪指半日涨0.88% 蚂蚁金服概念跌幅居前,中新经纬
2020-11-05,A股午盘综述：上证指数半日涨0.88%，五粮液市值首次突破一万亿,Wind
2020-11-05,美年健康连续两日跌停，近五日累计下挫29%,Wind
2020-11-05,韦尔股份、美年健康等股近五日获机构净买入,第一财经
2020-11-05,10月医药大事件之榜单篇：涵盖范围广、内容丰富,制药网
2020-11-05,美年健康一度逼近跌停且连续五日大跌，近期阿里网络减持公司股份,Wind
2020-11-05,两市两融余额增加53.2亿元 82股融资余额增幅超5%,证券时报网
2020-11-05,美年健康跌超7%阿里网络累计减持5399.3万股 减持股份,36氪
2020-11-05,遭阿里减持超8亿元 美年健康早盘股价重挫8% 减持股份,新浪
2020-11-05,美年健康跌超7% 昨日股价跌停,e公司
2020-11-05,美年健康遭阿里减持5399万股 市值4天跌超140亿元 减持股份,TechWeb
2020-11-05,大参考：国内首个国产大飞机交付中心建成,巨丰财经
2020-11-05,【早间资讯】2020-11-05,大通证券投教基地
2020-11-05,盘前情报丨券商首席详解“十四五”投资机会；稀土价格持续上涨,21世纪经济报道
2020-11-05,今天大盘能否来跟中阳,中财网
2020-11-05,阿里概念股平均涨8倍多，海尔智家领跑，还有这6家公司涨超20倍,搜狐
2020-11-05,【财经早汇】年内22家科创板企业终止审核,中新经纬
2020-11-05,蚂蚁上市被暂停 港股打新款将退回,新浪
2020-11-04,突发！阿里减持5400万股，这家行业巨头4天暴跌140亿！ 减持股份,中国基金报
2020-11-04,晚间要闻2020年11月4日星期三,Wind
2020-11-04,机构现身21股，净买入华东医药1.17亿元、净卖出美年健康2.44亿元,第一财经
2020-11-04,阿里减持5400万股，美年健康罕见放量跌停，4天市值蒸发超140亿 减持股份,中国基金报
2020-11-04,主力资金净流出67亿元 龙虎榜机构抢筹10股,证券时报网
2020-11-04,深股通现身6只个股龙虎榜,证券时报网
2020-11-04,公告精选：字节跳动旗下公司拟受让掌阅科技11.23%股份；柏堡龙控股股东被立案调查,e公司
2020-11-04,美年健康：阿里网络累计减持5399.26万股 占公司总股本1.3794% 减持股份,发布易
2020-11-04,资金流日报！两市共流入资金3571.80亿，流出资金3718.76亿,云掌财经
2020-11-04,美年健康4天跌去21％，阿里网络累计减持1.40%的股份 减持股份,第一财经
2020-11-04,美年健康(002044.SZ)主要股东阿里网络减持5399.26万股 减持比例已超1% 减持股份,智通财经
2020-11-04,美年健康(002044.SZ)股价异动 不存在应披露而未披露的重大事项,智通财经
2020-11-04,美年健康：近期阿里网络减持公司总股本的1.38% 减持股份,e公司
2020-11-04,美年健康：阿里网络累计减持股份合计5399.3万股 占总股本1.3794% 减持股份,新浪
2020-11-04,美年健康：阿里网络减持1.3794%股份 减持股份,Wind
2020-11-04,A股共发生128宗大宗交易成交37.91亿元（11月4日）,Wind
2020-11-04,暴跌5天，美年健康市值消失200亿 连续下跌,猎云网
2020-11-04,9股获营业部资金净买入超5000万元,证券时报网
2020-11-04,500亿医药股罕见跌停 机构扎堆推荐的年报业绩暴增股曝光,新浪
2020-11-04,犀牛财经晚报：金融壹账通经营亏损2.5亿阿里巴巴收跌超7%,GPLP犀牛财经
2020-11-04,三大概念股被主力资金抛弃,证券时报网
2020-11-04,165股今日获机构买入评级,证券时报网
2020-11-04,机构今日买入这11股，卖出美年健康2.44亿元丨牛熊眼,第一财经
2020-11-04,龙虎榜机构新动向：净买入10股净卖出9股,证券时报网
2020-11-04,美年健康现1笔大宗交易 共成交962.50万元,新浪
2020-11-04,4日中小板指涨0.69%,新华网
2020-11-04,美年健康龙虎榜数据（11月4日）,Wind
2020-11-04,龙虎榜：美年健康放量跌停 五机构卖出5.47亿元,e公司
2020-11-04,美年健康今日跌停，机构抛售近5.5亿,Wind
2020-11-04,11月4日异动股点评：金刚玻璃直线拉板 盘点四牛与四熊,山东神光
2020-11-04,784亿资金争夺20股：主力资金重点出击11股(名单),新浪
2020-11-04,部分阿里概念股盘中跳水 美年健康跌超9%,e公司
2020-11-04,美年健康闪崩触及跌停，此前连续三日大跌,Wind
2020-11-04,A股早报2020年11月4日星期三,Wind
2020-11-04,定位“做公立医院的有力补充”，TCL医疗影像在如何打造第三方独立影像中心？,动脉网
2020-11-03,大宗交易丨美年健康成交额6.95亿元居首,第一财经
2020-11-03,171股今日获机构买入评级,证券时报网
2020-11-03,"美年健康现9笔大宗交易 共成交69,499.52万元",新浪
2020-11-03,A股早报2020年11月3日星期二,Wind
2020-11-03,社保基金现身472只股前十大流通股东榜,证券时报网
2020-11-02,浅谈医疗服务体检行业 刚性需求下的稳步赛道,证券之星
2020-11-02,203股今日获机构买入评级7股上涨空间超50%,证券时报网
2020-11-02,"美年健康现11笔大宗交易 共成交63,630.65万元",新浪
2020-11-02,社保基金最新持仓动向：狂买周期股，减持医药科技,第一财经
2020-11-02,百亿规模基金经理，如何看待优质赛道走向？,养基司令
2020-11-02,社保基金连续4个季度以上持有240股 最长已持有48个季度,证券时报网
2020-11-02,疫情下谁最香？医疗ETF逆风涨近80%成“抗疫第一基”,新浪
2020-11-02,“数据解糖·登月护航”美年大健康控糖学术研讨会在京举行,中新网
2020-11-01,“抗疫第一基”无悬念！医疗ETF短短10月涨近80%，高居股票ETF第一,中国网
2020-11-01,29公司利润环比连增12家步入绩优股行列,证券时报网
2020-11-01,阿城夺“城” 喜提十月桂冠,南方财经网
2020-10-31,2020年医药股ESG报告：智飞生物减持超百亿，35家公司股东“清仓式减持” 减持股份,Wind
2020-10-30,美年健康：2020年预计同比扭亏,Wind
2020-10-30,美年健康：前三季度净利润亏损5.17亿元 同比下降232.15% 亏损,中证网
2020-10-30,美年健康(002044.SZ)第三季度归母净利润同比减少29.15%至2.65亿元 盈利能力下降,智通财经
2020-10-30,美年健康：前三季度净亏损5.17亿元，由盈转亏,Wind
2020-10-30,357公司利润环比连增63家步入绩优股行列,证券时报网
2020-10-30,消费医疗：为何成为高估值集散地？,新浪
2020-10-29,"三季度公募基金十大重仓股曝光 网红基金""喝酒""不""吃药""",理财不二牛
2020-10-29,“抗疫第一ETF”横空出世，年内涨逾82％高居股票型ETF第一,和讯
2020-10-29,【国元医药|点评】万东医疗2020三季报点评：Q3营收同比下降，长期受益于医疗新基建 盈利能力下降,元气医药
2020-10-29,利润环比连增+同比暴增58匹盈利白马现身,证券时报网
2020-10-29,基金大咖齐“晒仓” 三季度“扫货”重点亮相,中证报
2020-10-28,战火中烧，囤粮10亿后叮当快药成立配送公司，无意与巨头“狭路相逢”？,每日经济新闻
2020-10-28,美年健康(002044)：牵手战投再出发 打造健康生态圈,西南证券
2020-10-28,傅鹏博“豪饮”茅台五粮液、刘格崧顶格重仓隆基股份……基金大佬最新持仓曝光,中证报
2020-10-28,明星基金经理最新持仓大曝光！,Wind
2020-10-28,248公司利润环比连增47家步入绩优股行列,证券时报网
2020-10-28,【医药】三季报密集发布，关注逻辑好、壁垒高的板块——医药行业周报——中性,渤海证券研究
2020-10-27,医药生物行业三季报亮眼，这些公司净利增超10倍,第一财经
2020-10-27,美年健康(002044.SZ)控股股东上海天亿解除质押3974.36万股,智通财经
2020-10-27,【国元医药|点评】爱博医疗2020三季报点评 ：Q3业绩快速增长，角膜塑形镜放量中,元气医药
2020-10-27,【国元医药|点评】爱美客2020三季报点评 ：医美旺季来袭，业绩高质提升,元气医药
2020-10-27,【国元医药|点评】爱尔眼科2020三季报点评 ：Q3眼科需求爆发，业绩高质量成长,元气医药
2020-10-27,家电大白马九阳股份闪崩跌停：社保刚刚增持上亿 盈利不及预期 盈利能力下降,证券时报
2020-10-27,300亿小白马闪崩跌停，社保刚刚增持上亿元！龙头公司大跌是因为这个？最新业绩大增股来了,证券时报网
2020-10-27,211公司利润环比连增42家步入绩优股行列,证券时报网
2020-10-26,医药生物行业周报：医药板块短期调整 寻找长期优质标的,新浪
2020-10-26,187公司利润不断改善36家步入绩优股行列,证券时报网
2020-10-26,医药行业周报：板块短期调整 持续关注高景气细分领域,新浪
2020-10-26,A股早报2020年10月26日星期一,Wind
2020-10-26,限售股解禁明细 解禁,财富动力网
2020-10-25,180公司利润环比连增33家步入绩优股行列,证券时报网
2020-10-24,利润环比连增+同比暴增43匹盈利白马现身,证券时报网
2020-10-24,下周1106亿市值限售股解禁，环比增加352.37% 解禁,Wind
2020-10-23,167公司利润环比连增32家步入绩优股行列,证券时报网
2020-10-22,留存率120%的 SaaS企业CFO说：做好业务才能做好财务,TechWeb
2020-10-21,医药生物行业日报：全球第二波新冠疫情持续,新浪
2020-10-21,小家电赛道“看上去”拥挤 创业公司仍有机会,亿欧网
2020-10-21,156公司利润环比连增27家步入绩优股行列,证券时报网
2020-10-20,美年健康(002044.SZ):2.05亿股限售股份将于2020年10月26日上市流通 解禁,智通财经
2020-10-20,美年健康：占总股本5.2286%限售股将于10月26日上市流通 解禁,Wind
2020-10-20,152公司利润不断改善25家步入绩优股行列,证券时报网
2020-10-20,医药生物行业日报：冠脉支架首轮国采落地,新浪
2020-10-20,企惠壹号——“亿元惠企”遍地开花 赋能聚能成效显现,北国网
2020-10-19,医药生物行业周报：冠脉支架国采方案落地 头部企业有望相对受益,新浪
2020-10-19,医药生物行业报告：持续看好流感及肺炎相关疫苗销售 关注医药三季报业绩主线,新浪
2020-10-19,东吴证券：心脏支架集采即将落地 长期看利好国产龙头,新浪
2020-10-19,143公司利润不断改善24家步入绩优股行列,证券时报网
2020-10-17,141公司利润环比连增23家步入绩优股行列,证券时报网
2020-10-16,利润环比连增+同比暴增39匹盈利白马现身,证券时报网
2020-10-15,美年健康(002044.SZ)遭股东上海麒钧减持公司股份420.33万股 减持股份,智通财经
2020-10-15,美年健康：上海麒钧持股比例降至5%以下,Wind
2020-10-15,美年健康现2笔大宗交易 共成交415.28万元,新浪
2020-10-15,医药生物行业日报：美国礼来暂停新冠病毒抗体药物后期试验,新浪
2020-10-14,"美年健康现1笔大宗交易 共成交6,233.49万元",新浪
2020-10-14,"医药生物行业2020三季度业绩前瞻：板块分化明显 医疗服务等板块有
序复苏",新浪
2020-10-13,东方基金许文波爆款“绝缘体”，新品中国红利混合仅募集2.76亿元,和讯
2020-10-13,美年健康(002044.SZ)控股股东天亿资产解除质押2000万股,智通财经
2020-10-13,延迟退休10年，省养老金万亿？工信部最新：养老产业再被喊话,搜狐
2020-10-13,医药生物行业日报：严防二波疫情反复 板块行情反弹,新浪
2020-10-13,67公司利润不断改善13家步入绩优股行列,证券时报网
2020-10-12,专访众惠相互董事长李静：“我们想把‘小而美’这条路走出来”,搜狐
2020-10-12,53公司利润环比连增9家步入绩优股行列,证券时报网
2020-10-11,利润环比连增+同比暴增19匹盈利白马现身,证券时报网
2020-10-10,这些药企凭什么成行业“潜力股”？,汇聚南药
2020-10-10,医药行业哪家公司成长性强？榜单出炉,制药网
2020-10-10,51公司利润不断改善8家步入绩优股行列,证券时报网
2020-10-09,2只个股尾盘净流入资金超亿元,证券时报网
2020-10-09,43公司利润环比连增 7家步入绩优股行列,中财网
2020-10-09,医药生物行业月报：医药板块调整或近尾声,新浪
2020-10-09,医药生物行业：10月医药板块会扭转颓势吗？,新浪
2020-10-09,马云正式退居幕后，阿里的“double H”战略也不提了,搜狐
2020-10-08,下沉节奏放缓，信用债安全为上——海通固收信用债月报（杜佳、张紫睿）,姜超宏观债券研究
2020-10-05,成都将成中国医药创新城市“黑马”？来这场大会看万亿级产业潜力,凤凰网
2020-10-04,医药行业50强榜单出炉：北上资金大手笔增持个股曝光,新浪
2020-10-04,利润环比连增+同比暴增14匹盈利白马现身,证券时报网
2020-09-30,9月11家公司海外评级遭降，6家展望调整至负面 评级展望下调为负面,Wind
2020-09-30,重仓股跌超20%仍走出高业绩，交银“三剑客”诠释如何配置成长股,格隆汇
2020-09-30,医疗健康行业周报 | 太美医疗获超12亿元F轮融资；海创药业获近10亿元C轮融资；基石药业与辉瑞达成战略合作,36氪
2020-09-30,40公司利润不断改善6家步入绩优股行列,证券时报网
2020-09-30,美年健康：打造“医疗人才+医联体”闭环，加码医疗质量建设,金融投资网
2020-09-30,阿里牵手众信旅游受让股份成立合资公司,证券时报
2020-09-28,39公司利润不断改善6家步入绩优股行列,证券时报网
2020-09-28,深股通上周增持一览表,财富动力网
2020-09-27,医药生物行业周报：海外疫情加剧 疫苗板块领涨,新浪
2020-09-27,Nike与阿里88VIP达成战略合作 AJ将在天猫首发,联商网
2020-09-27,市场缩量杀跌迎国庆!,南方财经网
2020-09-26,利润环比连增+同比暴增12匹盈利白马现身,证券时报网
2020-09-25,新冠疫苗明年产能或超10亿剂，这些概念股有望受益丨牛熊眼,第一财经
2020-09-25,利好不断，医疗器械产业链个股将重点受益,第一财经
2020-09-25,38公司利润不断改善5家步入绩优股行列,证券时报网
2020-09-25,医疗健康行业受到资本热捧,证券时报
2020-09-24,新冠灭活疫苗年底有望上市，机构看好板块四季度表现丨牛熊眼,第一财经
2020-09-24,创投如何拥抱注册制时代？,证券时报网
2020-09-24,A股共发生141宗大宗交易成交34.76亿元（9月24日）,Wind
2020-09-24,美年健康现1笔大宗交易 共成交789.60万元,新浪
2020-09-24,外围大跌A股调整加速，两大聪明资金押注传统行业,Wind
2020-09-24,医疗健康项目投资火热，创投机构应回归理性,证券时报网
2020-09-23,京东健康来了！阿里健康、平安好医生已涨翻天！,金融界
2020-09-23,【天风医药】植根产业，把握趋势 | 甄选重磅报告合集（大消费篇）,思医辨药
2020-09-23,医药生物行业日报：估值步入合理区间 关注超跌个股,新浪
2020-09-22,36氪首发 | 定位政企培训SaaS平台，「授客学堂」获数千万元战略投资,36氪
2020-09-21,为全民健康服务 生命说与美年大健康达成战略合作,凤凰网
2020-09-21,美年健康：股东世纪长河拟进行存续分立,Wind
2020-09-21,国家传染病重点学科带头人李兰娟确认参加5th CHS 天府健谈,亿欧网
2020-09-21,阿里巴巴概念股分化，金固股份封涨停板,Wind
2020-09-21,医药生物行业周报：CSCO、ESMO大会召开 关注创新药产业链,新浪
2020-09-21,海通债券：关注纳入指数情况 信用票息为主 转债情绪降温,姜超宏观债券研究
2020-09-21,医疗服务并购小阳春按下暂停键 上半年资本向医院标的聚集 并购重组异常,E药经理人
2020-09-21,信用负面周度回顾20200914-20200918,郁言债市日常跟踪
2020-09-21,关注纳入指数情况，信用票息为主，转债情绪降温——海通债券周报（姜珮珊、杜佳、周霞、王巧喆等）,姜超宏观债券研究
2020-09-18,医药生物行业日报：推动抗癌药等重点药物开发,新浪
2020-09-18,大数据揭秘：基金持股抱团呈现三大趋势,Wind
2020-09-17,基金抱团百强股出炉，抱团趋势或将持续,第一财经
2020-09-17,医药行业周报：医药品种“调结构” 关注 “快速复苏板块”+“医保降价免疫”,新浪
2020-09-17,医药行业投资策略：寻找“隐形”冠军,新浪
2020-09-17,美年健康荣获“2020年度医疗健康创新企业”奖,凤凰网
2020-09-17,医药生物行业日报：《新型冠状病毒肺炎防控方案》新版发布,新浪
2020-09-16,基本面继续利空债市，关注年内剩余时间债市小波段机会 ——2020年9月15日债市日评,申万宏源固收研究
2020-09-16,A股进入4000+时代 大牛市是这样诞生的,中国基金报
2020-09-16,业绩预告披露不及时、控股股东非经营性资金占用 实控人俞熔遭通报批评 其他违规处罚,科技新闻网
2020-09-16,37公司利润环比连增5家步入绩优股行列,证券时报网
2020-09-16,美年健康：公司及相关当事人被通报批评 其他违规处罚,Wind
2020-09-16,【投行参要】每日审核要点及市场动态 | 2020.09.16,兴业证券订阅号
2020-09-15,股市流动性偏弱，两融大幅下行——资金面周观察,修炼投资的水晶球
2020-09-14,智能医学影像技术研发商素芯医学完成天使轮融资,亿邦动力
2020-09-14,海外信用评级汇总2020年9月14日星期一,Wind
2020-09-14,穆迪：降美年健康企业家族评级至“B1”，展望维持负面 评级展望下调为负面,Wind
2020-09-14,9月12日，无锡市高新区管委会主办的“无锡国际生命科学创新园杯”2020首届临床数据分析大赛总决赛及颁奖典礼闭幕。,新华网
2020-09-14,美年健康投资成立医学影像公司，经营范围含人工智能开发等,证券时报网
2020-09-12,美年大健康参与成立医学影像科技新公司,36氪
2020-09-11,美年大健康完成数千万元战略投资 标的为 人工智能超声企业,金融界
2020-09-11,美年健康入股深至科技 后者为人工智能超声企业,e公司
2020-09-11,36公司利润不断改善 4家步入绩优股行列,中财网
2020-09-11,美年健康入股AI超声服务商深至科技，持股7.04%,证券时报网
2020-09-11,加速医疗数字化变革 美年健康发力内涵式增长,21经济网
2020-09-10,研究发现价值 金融界“金智奖”医药生物企业价值评选名单公布,金融界
2020-09-10,金融界“金智奖”医药生物产业“ESG责任企业奖”（2020）,金融界
2020-09-10,医药生物行业日报：阿斯利康暂停新冠疫苗试验,新浪
2020-09-10,股市流动性回落，北上资金流出——资金面周观察,修炼投资的水晶球
2020-09-09,阿里赋能数字化升级 美年健康提速高质量发展,21经济网
2020-09-09,医药生物行业日报：《医疗保障行政执法事项指导目录》发布,新浪
2020-09-09,【医药】2020中报总结兼9月月报：医药二季度表现亮眼，业绩环比改善明显,天风研究
2020-09-08,太平人寿副董事长张可因个人原因离开 将履新云锋基金,新浪
2020-09-08,医疗大数据驱动技术创新，美年健康发力内生式增长,中国网
2020-09-07,【国元医药|行业跟踪】疫苗行业跟踪：2020年08月疫苗行业批签发数据跟踪,元气医药
2020-09-07,寻找顺境和逆境市场，表现都还不错的基金！,养基司令
2020-09-07,医药行业一周观察：二季度业绩回暖，关注创新药、器械及服务板块,国信研究
2020-09-06,医药生物行业：去伪存真,新浪
2020-09-06,美年健康发挥平台价值 构建全生命周期健康管理闭环,和讯
2020-09-06,医药生物行业周报：行业弱势整理 新冠疫苗持续推进,新浪
2020-09-06,医药生物行业周报：国产创新药频繁授权海外 继续重点推荐创新药产业链,新浪
2020-09-05,36公司利润环比连增4家步入绩优股行列,证券时报网
2020-09-04,美年健康：员工持股计划所持有的1.44亿股公司股票已全部出售完毕 减持股份,Wind
2020-09-04,毛衫销售的“金九银十”来了，海阳、濮院、大朗们正在,中国纺织报
2020-09-04,医药生物行业日报：卫健委新设五个国家儿童区域医疗中心,新浪
2020-09-04,医药行业2020年9月投资月报：建议关注IVD化学发光赛道 业绩高增长可期,新浪
2020-09-04,坚持数据与科技驱动 美年健康巩固壁垒优势,时代在线
2020-09-03,信立泰获凯雷18亿加持，仿制药企老树将发新芽？,晨哨网
2020-09-03,医药生物行业日报：西班牙将在全国接种流感疫苗,新浪
2020-09-03,北向资金增持市值超5000万元股票(附名单),中财网
2020-09-03,搂紧上海国资、“联姻”小鹏汽车、阿里系……新一届外资券商这样找中国伙伴,21世纪经济报道
2020-09-02,广东省药品监督管理局公布2020年7月医疗器械注册质量管理体系核查结果,质量新闻网
2020-09-02,医药生物行业日报：国务院发文推进核酸检测能力建设,新浪
2020-09-02,1个月，17家知名药企现高管变动！多家董事长、副总裁换将！ 董监高成员变化,医药资讯地方台
2020-09-02,利润环比连增+同比暴增11匹盈利白马现身,证券时报网
2020-09-02,8月赛精彩绝伦 顺德牛郎再执牛耳,南方财经网
2020-09-01,药企人事变动依旧频繁，吉利德、GSK、步长等企业高管接连辞职 董监高成员变化,新浪医药
2020-09-01,美年健康今日大宗交易成交1000万股，成交价16.94元折价2.48%,Wind
2020-09-01,八月离职潮持续 一批医药企业高管辞职 董监高成员变化,新浪
2020-09-01,9月绩优金股名单曝光！“金九银十”你不来参与一下吗？,中国基金报
2020-09-01,A股早报2020年9月1日星期二,Wind
2020-09-01,9月绩优金股名单曝光，4大行业胜率高,证券时报网
2020-09-01,金九银十上涨概率超六成！9月绩优金股名单曝光,证券时报
2020-09-01,9月绩优金股名单曝光，多只龙头赫然在列，千亿巨头上涨空间超20%！这4大行业高胜率,证券时报
2020-08-31,新冠药物纳入2020年医保药品目录调整方案，年度医保目录调整正式走向常态化！,E药经理人
2020-08-31,知名药企，高管辞职 董监高成员变化,赛柏蓝
2020-08-31,41股大宗交易超千万元 美年健康交易额最高,证券时报网
2020-08-31,"美年健康现6笔大宗交易 共成交60,582.50万元",新浪
2020-08-31,美年健康全面拥抱智能时代 携手阿里提速主业数字化升级,中国网
2020-08-31,中小板指再度下滑，美年健康、金风科技、韵达股份、中公教育、三七互娱等领跌,Wind
2020-08-31,专业体检市场迎来政策红利 美年健康驶入增长“快车道”,21经济网
2020-08-31,美年健康迎在线医疗风口 协同阿里提速数字化转型,中国经济网
2020-08-31,【国元医药|点评】君实生物2020半年报点评：核心产品快速放量，研发管线进一步推进,元气医药
2020-08-31,【国元医药|点评】泰格医药2020半年报点评：业务增速逐渐恢复，项目积累进一步增长,元气医药
2020-08-31,美年健康(002044.SZ)：数字转型助力数字经济建设,格隆汇
2020-08-30,美年健康：前三季度预计业绩出现亏损 预亏,Wind
2020-08-30,美年健康：终止募投项目并将剩余募集资金永久补充流动资金 项目问题,Wind
2020-08-30,美年健康上半年归属净利润亏7.8亿元 同比由盈转亏 亏损,北京商报
2020-08-30,美年健康：关于公司高级管理人员辞职的公告 董监高成员变化,新浪
2020-08-30,美年健康：副总裁辞职 董监高成员变化,Wind
2020-08-30,美年健康：上半年净亏损7.82亿元，由盈转亏,Wind
2020-08-29,医药生物行业一周净流出资金38.44亿元，39股净流出资金超亿元,证券时报网
2020-08-29,市场反抽 考验选手交易能力,南方财经网
2020-08-28,叮！您有一张通往2020【天府健谈】的门票待查收,新康界
2020-08-28,76股主力资金净流入超亿元,证券时报网
2020-08-28,美年健康发力预防医学黄金赛道,新华网
2020-08-28,兴业证券：关注政策变化 重点配置消费医疗+创新板块,新浪
2020-08-28,高管深入一线 美年健康第二届客户服务日成功举办,中国网
2020-08-28,职工医保或将有重大变化，后疫情时代药店行业投资机会值得关注丨牛熊眼,第一财经
2020-08-28,美年健康在苏州投资成立医药技术公司，从事医疗器械经营销售,证券时报网
2020-08-28,川财证券：医药生物行业部分个股已回到或低于合理估值区间 建议逢低布局,证券时报网
2020-08-28,顺德牛郎一举反超 抢得总收益头把交椅,南方财经网
2020-08-27,14亿主力资金近三日杀入医疗服务(一致评级)概念股,证券时报网
2020-08-27,科创板专利纠纷第一案落幕 丑闻不断的安翰科技将重启IPO吗？ 诉讼纠纷,GPLP犀牛财经
2020-08-26,每日医药简讯：深至科技完成数千万元战略融资、科兴生物与印尼Bio Farma就新冠疫苗达成协议！,新康界
2020-08-26,23股主力资金净流入超亿元,证券时报网
2020-08-26,【国元医药|点评】美亚光电2020年中报点评：Q2业绩改善显著，口扫有望带来新增量,元气医药
2020-08-26,深至信息完成数千万元战略融资，美年健康独家投资,资本邦
2020-08-26,专注于AI超声辅助诊断，深至科技获数千万元战略融资,投资界
2020-08-26,深至信息完成数千万人民币战略投资融资,亿邦动力
2020-08-26,哪些医药指数基金，创新药和疫苗占比更高？,养基司令
2020-08-25,37股主力资金净流入超亿元,证券时报网
2020-08-25,安翰科技专利诉讼案胜诉，科创板IPO折戟系恶意诉讼躺枪？ IPO融资异常,21世纪经济报道
2020-08-25,健康管理研究与培训中心揭牌成立,中国网
2020-08-25,“科创板专利纠纷第一案”迎来新进展 安翰科技胜诉,中国证券网
2020-08-25,北向资金动向盘点：加仓行业龙头；“消费”摇摆不定,Wind
2020-08-24,晨会聚焦：见微知著 从行业龙头看医疗服务的致胜之道,新浪
2020-08-24,8月24日券商晨会研报汇编,证券日报
2020-08-24,中泰证券：眼科、牙科以及健康体检是具备长期高景气潜力的优质赛道,证券时报网
2020-08-23,美年健康(002044)：提质增效成效显现 体检龙头价值回归,新浪
2020-08-22,两款AI糖网筛查软件获批上市，医疗器械开启人工智能时代，哪些公司将受益,证券时报网
2020-08-21,"美年健康现2笔大宗交易 共成交12,179.28万元",新浪
2020-08-21,艾迪康医学检验中心据悉将赴港上市 筹资4亿美元,新浪
2020-08-21,【国元医药| 点评】老百姓2020年中报点评：内生+外延扩张门店，加盟店模式加速发展,元气医药
2020-08-21,医疗保健板块震荡上扬 透景生命获机构举牌涨停,证券时报网
2020-08-21,【国元医药| 点评】万东医疗2020年中报点评：抗疫DR表现亮眼，毛利率提升明显,元气医药
2020-08-20,这些公司中标第三批药品集采，回调中的医药板块后市怎么走？丨牛熊眼,第一财经
2020-08-20,美年大健康成立新公司 经营范围含人工智能应用软件开发、物联网等,e公司
2020-08-19,医药行业周报：如何看待近期医药的回调？,新浪
2020-08-19,美年健康践行健康中国战略 重点推进糖尿病预防工作,21经济网
2020-08-19,美年健康上市五周年 携手各界“破圈出道”助公益,经济网
2020-08-18,医药生物行业日报：估值溢价继续收窄 逢低布局绩优个股,新浪
2020-08-18,医药生物行业日报：灭活疫苗价格两针预计不超过1000元,新浪
2020-08-18,美年健康上市五周年系列公益活动正式启动,证券日报
2020-08-18,十张图了解2020年中国健康医疗大数据市场现状和竞争格局 国家队稳居行业龙头,前瞻研究院
2020-08-18,美年健康上市五周年 持续加码健康公益事业,中国网
2020-08-17,与未来10年大健康黄金时代同频共振 新沪商医疗大健康产业联盟将成立,每日经济新闻
2020-08-17,美年健康荣膺 “2019-2020年度卓越资本价值企业”,经济观察网
2020-08-14,打造全场景弹性福利管理平台，「众享福励」想让企业的员工福利管理更简单,36氪
2020-08-12,为什么阿里要做一个「亏死了」的项目？,36氪
2020-08-11,会员经济崛起 88VIP客单价超普通用户2倍,南方财经网
2020-08-11,深圳硅基糖网AI辅助诊断软件获准注册上市,中国经济网
2020-08-11,吸引Prada等大牌的会员，为什么是88VIP？,亿邦动力
2020-08-11,体检服务提供商美羡健康完成250万人民币战略投资融资,亿邦动力
2020-08-11,美羡健康体检获美年大健康250万元融资,投资界
2020-08-11,深圳硅基成功获中国首批糖网AI辅助诊断软件三类证,中国网
2020-08-10,美年大健康俞熔：真正的头部公司会随着时间的推移跑出来,新浪
2020-08-10,医药生物行业周报：中报窗口期继续看好业绩高增长板块 持续推荐有实力能兑现的疫苗公司,新浪
2020-08-10,医药行业周报：建议关注药店 关注业绩高增长、政策变化和估值性价比,新浪
2020-08-10,踏浪而来，盐田双创赛生物医药新秀未来可期,凤凰网
2020-08-10,MSCI将宣布八月季度指数评审结果 概念股分化三特征,证券日报
2020-08-08,医疗资源稀缺体检业“僧多粥少”？ 爱康国宾打AI牌破解行业痛点,华夏时报
2020-08-08,88元买178一年的网易云音乐会员 88VIP在打什么算盘？,亿邦动力
2020-08-07,医药产业发展趋势下，四个投资方向被看好,汇聚南药
2020-08-07,88VIP迈入第三年，阿里巴巴的付费会员究竟要打什么牌？,新浪
2020-08-07,"美年健康现1笔大宗交易 共成交1,322.43万元",新浪
2020-08-07,88VIP宣布会员权益升级 阿里生态外权益占比60%,DoNews
2020-08-07,网易云音乐、借呗、美年大健康等宣布加入阿里88VIP,TechWeb
2020-08-06,美年健康：控股股东天亿资产解除质押约288万股,每日经济新闻
2020-08-06,凝聚精准医疗科技力量 促进健康产业转型升级,凤凰网
2020-08-06,美年大健康发布新品“颈椎磁共振健康筛查”,36氪
2020-08-05,兴证医药2020年8月投资月报：再论大创新时代的创新疫苗,新浪
2020-08-05,【国元医药】新冠疫苗/中和抗体动态跟踪& 7月疫苗批签发数据跟踪,元气医药
2020-08-04,看好医药卫生 美年健康最受宠,金融投资报
2020-08-04,医药生物行业报告：疫情后周期拥抱医药新基建和大消费 重点关注疫苗赛道,新浪
2020-08-04,医药行业一周观察：第三批全国集采文件公布，海外疫情持续较高增长,国信研究
2020-08-03,医药生物行业月报：板块分化加剧 关注业绩确定性,新浪
2020-08-03,7月机构调研忙：医药卫生板块受关注 中信证券最勤劳,四川在线
2020-08-03,7月券商调研热情不减，依然“钟爱”医药股,制药网
2020-08-03,乘风破浪的健康体检产业 美年健康的魁首价值,北京商报
2020-08-02,7月大宗交易成交额创年内新高 机构持续买入这些医药、科技股,红周刊
2020-08-02,7月券商密集调研，医药股最受青睐！这些上市公司最热门,中证报
2020-07-31,"美年健康现1笔大宗交易 共成交1,300.46万元",新浪
2020-07-31,7月公募仓位高企，积极调研瞄准三大行业,Wind
2020-07-30,医药生物行业日报：关注受益于海外供给紧缩的血制品企业,新浪
2020-07-30,30日强势板块分析：疫苗概念再度活跃 风电板块发力走高,证券时报网
2020-07-30,生物疫苗概念再度活跃，智飞生物复星医药再创新高,证券时报网
2020-07-29,医药生物行业日报：疫苗板块持续领涨,新浪
2020-07-29,医药生物行业周报：医药跑赢大盘 关注深化医改政策,新浪
2020-07-29,医药生物行业日报：国药集团表示新冠疫苗有望年底上市,新浪
2020-07-29,【国元医药】美亚光电事件点评：口扫新产品获批，业绩新增量可期,元气医药
2020-07-29,内循环经济站上风口大消费概念股走强,证券时报
2020-07-28,A股重磅！茅台刚刚披露业绩，上半年日赚超亿元，外资猛加仓！内循环火了，概念股名单曝光（附股）,证券时报
2020-07-27,59股今日获机构买入评级9股上涨空间超20%,证券时报网
2020-07-27,美年健康(002044)跟踪报告：健检王者 赋能再出发,新浪
2020-07-27,10股获买入评级 最新:洽洽食品,中财网
2020-07-24,"""湘辉系""卢德之卸任弘康人寿法人 四度更改的增资之路有着落？",新浪
2020-07-24,与美年大健康合作，脂联素检测助推糖尿病早发现4-7年，专注IVD的优尼德有何不同？【复星·星未来创业营】,动脉网
2020-07-23,近一半公司中报业绩预喜 医药生物下半年景气度仍将持续,大众证券报
2020-07-23,涨停潮！疫苗连传好消息，下半年医改重点任务已敲定,中证报
2020-07-23,国药集团称新冠疫苗年底前或可上市，疫苗板块持续升温丨牛熊眼,第一财经
2020-07-22,医药生物行业日报：生物制品板块领涨医药,新浪
2020-07-22,猛！百亿爆款基金仓位88% 今年成立爆款最高收益38%,中证报
2020-07-22,143家药企披露半年报，过半业绩预喜,制药网
2020-07-22,凯乘资本邹国文：用专业主义，做医疗创新企业和投资机构的链接者【投资人说】,动脉网
2020-07-22,猛！百亿级爆款基金仓位88%，今年成立的爆款最高收益38%,中证报
2020-07-22,扒一扒牛人基金经理都买了啥股票,腾讯网
2020-07-21,医药生物行业日报：多款新冠疫苗发表临床实验数据,新浪
2020-07-20,龙湖被动房全新力作，未来健康生活代表,和讯
2020-07-18,到底谁减持了阿里健康？ 减持股份,证券时报网
2020-07-18,3 15晚会“亮剑”！多家企业被点名，涉事企业连夜排队回应、道歉 美股盘前跳水跌幅超17%,腾讯网
2020-07-18,揭秘本周大宗交易：美年健康、三一重工累计成交金额均超10亿，机构席位扫货这8只个股（附名单）,每日经济新闻
2020-07-17,医药生物2020下半年投资策略：产业升级 关注医药核心价值,新浪
2020-07-17,2020医药生物下半年投资策略：守正出奇，把握大波段景气度变化,国信研究
2020-07-17,业绩雷将至？预亏名单出炉，5家A股公司预亏超10亿 预亏,证券时报
2020-07-16,大涨之后如何抉择？这些公司机构扎堆一致看多,Wind
2020-07-16,医药生物行业日报：MODERNA将开展新冠疫苗三期临床,新浪
2020-07-15,【广证恒生医药月报】药监局加强医疗器械强制性行业标准管理，全球首个新冠灭活疫苗国际临床试验（Ⅲ期）启动,广证恒生新三板研究极客
2020-07-15,7月市场走牛，高毅、高瓴、景林等明星机构调研了这15只绩优股（附表）,红周刊
2020-07-15,解密主力资金出逃股连续5日净流出528股,证券时报网
2020-07-15,22家公司获海外机构调研,证券时报网
2020-07-15,科技股全线下跌！这个板块利好加持，多股涨停,证券时报网
2020-07-15,近百家公司中报预亏过亿 这些公司二季度业绩大幅改善 预亏,金融界
2020-07-15,近百股预告上半年巨亏过亿元 重大损失,第一财经
2020-07-15,机构上周调研近百家A股公司 总量达1514次,证券日报
2020-07-14,美年健康7月14日大宗交易成交6201.24万元,证券时报网
2020-07-14,解密主力资金出逃股连续5日净流出385股,证券时报网
2020-07-14,24家公司获海外机构调研,证券时报网
2020-07-14,百余家企业齐聚健康智谷 深圳盐田产业合作促进会圆满举行,凤凰网
2020-07-14,A股早报2020年7月14日星期二,Wind
2020-07-14,17家上市公司获20家以上机构扎堆调研,证券时报网
2020-07-14,94家公司获机构调研（附名单）,证券时报网
2020-07-13,透视大宗交易：7月13日共成交167笔，美年健康成交9.57亿元,每日经济新闻
2020-07-13,82股今日获机构买入评级14股上涨空间超20%,证券时报网
2020-07-13,"美年健康现31笔大宗交易 共成交95,703.48万元",新浪
2020-07-13,A股异动|美年健康(002044.SZ)涨停股价创近两年来新高,格隆汇
2020-07-13,美年健康涨停报17.50元成交额93850万元,中新经纬
2020-07-13,奕瑞科技：医疗新基建 数字X线探测器迎十年发展期,和讯
2020-07-13,A股上周“乘风破浪” 逾百机构调研美年健康,证券时报
2020-07-13,A股上周“乘风破浪”逾百机构调研美年健康,Wind
2020-07-13,行情向好 机构调研“多点开花”,中证报
2020-07-13,A股上周“乘风破浪”逾百机构调研美年健康,证券时报
2020-07-13,每经24点丨内蒙古大兴安岭毛河林场火灾外线明火被扑灭；四川雅砻江、大渡河干支流均出现超警戒水位,每日经济新闻
2020-07-12,近一周机构调研个股数量有80多只这些股获集中调研,格隆汇
2020-07-12,一周机构动向：这些被调研个股跑赢大盘！（附名单）,21世纪经济报道
2020-07-12,这家公司一周内百家机构调研 阿里战略入股成第二大股东,网易
2020-07-12,百家机构调研股曝光 阿里战略入股成第二大股东！这些公司季报高增长低估值,金融界
2020-07-10,"美年健康现1笔大宗交易 共成交1,502.00万元",新浪
2020-07-10,美年健康(002044)：三问三答看“新”美年,新浪
2020-07-10,这两个数据显示 上一轮牛市纪录即将被打破！,e公司
2020-07-10,人工智能概念市值近4万亿超六成个股年内跑赢大盘,证券时报
2020-07-09,超额认购260倍 永泰生物-B(06978)上市即“爆款”,智通财经
2020-07-09,芯片龙头取得重大突破：游资接力 5天收获4个涨停板,新浪
2020-07-09,4万亿产业将迎发展黄金期 这些股机构预测业绩持续高增长（名单）,新浪
2020-07-09,居然连沪深300也没有跑赢？介绍6只非行业主题型基金！,养基司令
2020-07-09,69家公司获机构调研（附名单）,证券时报网
2020-07-08,搏击牛市！10股预计上半年净利涨超10倍，半年报行情再添一把火！,中国财富网
2020-07-08,深圳盐田健康智谷产业合作促进会，四大亮点抢先看,凤凰网
2020-07-08,北大资源颐康小站社区健康管理中心将落地云南,和讯
2020-07-08,22家公司获20家以上机构扎堆调研 美年健康最受关注,证券时报网
2020-07-08,79家公司获机构调研（附名单）,证券时报网
2020-07-07,解密主力资金出逃股连续5日净流出328股,证券时报网
2020-07-06,美年健康(002044)：求变、赋能、起势 再看美年的平台价值,新浪
2020-07-06,医药生物行业2020年7月投资月报：风格会切换么？耗材集采怎么看？,新浪
2020-07-06,630股“剧透”中报业绩 天齐锂业等78股现首亏 亏损,北京商报
2020-07-06,【医药】疫情后周期拥抱医药新基建和医药大消费，把握中报行情,天风研究
2020-07-06,630股“剧透”中报业绩 逾四成个股报忧,北京商报
2020-07-05,投融观察|本周投资、上市和并购共132起事件生物医疗行业最为活跃,科创板日报
2020-07-05,A股七月急翻身，券商不是一枝独秀，医药+科技+白马股（名单）,搜狐
2020-07-04,医药投向标|新版化药、生物制品注册分类出台；君实生物确定科创板发行价55.50元/股；长风药业半年内再获3.6亿元F轮融资,科创板日报
2020-07-04,壹心科技携手美年大健康 筑起健康+保险双保障,和讯
2020-07-03,万东医疗(600055)：DR及移动DR持续靓丽,新浪
2020-07-02,医药生物行业日报：医药高位盘整 关注高值耗材集采,新浪
2020-07-02,医药中期策略：迎接后疫情时代 医药优先看好“5+X”,新浪
2020-07-02,医药生物行业月报：医药6月流动性上升 步入业绩兑现期,新浪
2020-07-02,A股中报前瞻：预喜率不足3成，61家企业净利逆势翻倍,21世纪经济报道
2020-07-02,2020下半场开战，均衡配置不惧分化？,养基司令
2020-07-02,169家中小板公司晒上半年业绩 58家预增（附股）,证券时报
2020-07-02,拉夏贝尔刮骨疗伤，下调年度目标保命,斑马消费
2020-07-02,双雄争霸 前冠军罗虽败犹荣,南方财经网
2020-07-01,"美年健康现1笔大宗交易 共成交1,340.00万元",新浪
2020-07-01,察猜 塔旺 月度收益99.75%,南方财经网
2020-06-29,创投日报｜ 「作业帮」完成 7.5 亿美金 E 轮融资，「博奥晶典」完成超过8亿元Pre IPO轮融资；以及值得关注的早期项目,36氪
2020-06-29,国内基因检测与生物芯片领域龙头企业“博奥晶典”完成超8亿元Pre-IPO轮融资,猎云网
2020-06-29,博奥晶典8亿融资超募：源自清华，自主创新，硬核实力打造中国分子诊断旗舰,中金在线
2020-06-29,巨丰收评：金融资源传媒领跌 医药消费农业走强,巨丰财经
2020-06-29,巨丰午评：券商股大幅下跌 市场展开回调,巨丰财经
2020-06-28,【天风医药 | 周报】国内或将进一步加大检测需求，全球疫情仍未见拐点,思医辨药
2020-06-28,医药生物行业周报：拥抱药物创新和器械创新大时代,新浪
2020-06-28,医药生物行业周报：关注第三轮集采目录扩容,新浪
2020-06-27,寻找“隐形”冠军——医药行业2020年中期投资策略【开源医药】,医药佐料
2020-06-26,在线需求井喷 预防医学迎来新机遇,中国经营报
2020-06-25,最高暴涨200倍！空间巨大的中小市值龙头，持续高增长股名单出炉,证券时报网
2020-06-24,医药生物行业2020年中期策略：拥抱疫情后周期投资机会 重点关注医药新基建和医药大消费,新浪
2020-06-24,阿里健康悄然跨过3000亿大关，这个产业是黄光裕弯道超车的机会？,财富动力网
2020-06-24,健康体检市场规模 2020年健康体检行业前景及现状分析报告,中研网
2020-06-23,医药生物行业日报：新冠疫苗获批临床,新浪
2020-06-23,"美年健康现1笔大宗交易 共成交1,224.00万元",新浪
2020-06-23,市值总额16500亿港元的基石护盘+国配大幅度认购超额 永泰生物会成港股最亮的星？,智通财经
2020-06-23,北斗“收官之星”震撼发射！千亿产业链进入爆发期,21世纪经济报道
2020-06-23,北斗概念股的“冰与火”,21世纪经济报道
2020-06-23,【医药2020H1业绩前瞻】刚需属性逐步显现，Q2业绩加速趋势明显,兴证医药健康
2020-06-23,“互联网+”促进医养融合 大健康如何迎接新风口？,新浪
2020-06-22,华创事件驱动早报6-22：国家存储器基地项目二期开工；蔚来汽车获腾讯增持,华创证券研究
2020-06-21,0619龙虎榜：江苏路2亿元接力凯撒文化，无影脚5000万元主封小商品城,搜狐
2020-06-19,龙虎榜｜1.41亿净买入美年健康，机构缘何疯狂抢筹？,重庆商报
2020-06-19,三大股指单边上行，创业板创四年新高,量化先行者
2020-06-19,深股通席位本周龙虎榜净买入34股,证券时报网
2020-06-19,龙虎榜机构新动向：净买入7股 净卖出9股,证券时报网
2020-06-19,游资情报｜三大顶级游资“会师”1只热门概念股；“佛山无影脚”抢筹2股！,每日经济新闻
2020-06-19,龙虎榜：巨单接盘凯撒文化，上海江苏路拉板一日游,金融界
2020-06-19,美年健康龙虎榜数据（6月19日）,Wind
2020-06-19,美年健康放量涨停，机构买入为主,Wind
2020-06-19,6月19日复盘：大盘实质突破 主力资金出击14股,新浪
2020-06-19,涨停板复盘：创业板指创4年新高 资金抱团趋势股,新浪
2020-06-19,70只股涨停 最大封单资金4.91亿元,证券时报网
2020-06-19,邬贺铨院士和李军旗、刘庆峰、王小川等在一起，会发生什么,新浪
2020-06-19,医药生物行业日报：医药大幅调整 后市关注政策走向,新浪
2020-06-18,京东618消费医疗大爆发 前30分钟体检服务套餐成交额同比增长10倍,凤凰网
2020-06-17,研究所晨报：抗疫特刊,新浪
2020-06-16,【广证恒生医药月报】 中央要求加强常态化防控，强生将提前启动新冠候选疫苗人体临床研究,广证恒生新三板研究极客
2020-06-16,巨·大盘｜创业板逼近年内高点 量能仍是上行隐患,巨丰财经
2020-06-16,巨丰收评：市场全面反弹 强周期表现出色,巨丰财经
2020-06-16,快讯：美年健康涨停 报于12.42元,金融界
2020-06-16,医疗保健板块大涨 赛诺医疗涨20%,e公司
2020-06-16,智慧医疗板块持续拉升，美年健康直奔涨停,Wind
2020-06-16,共谋大健康事业发展 北大资源与天亿集团达成合作意向,乐居财经
2020-06-15,换人！美年健康：公司副总裁、董秘熊芳君辞职，江维娜接棒 董监高成员变化,每日经济新闻
2020-06-15,美年健康：公司副总裁、董事会秘书变更 董监高成员变化,Wind
2020-06-15,【医药】疫情反复下重点关注检测行业和疫苗——兼论我们为什么看好吸入制剂赛道以及健康元发展前景,天风研究
2020-06-12,中新集团提名陈美凤等为独董候选人、赵志松等为非独董候选人,观点地产网
2020-06-12,中新集团：拟提名赵志松、黄南等为非独立董事候选人,中国网
2020-06-12,我国核酸检测领域市场化早 互联网推出检测预约服务,中国报告大厅
2020-06-12,159家中小板公司上半年业绩亮相 30.82%预增,证券时报网
2020-06-11,厦门翔安：高起点谋划大健康产业,中国商报
2020-06-11,天猫618成数字化创新关键节点 家装、医健报名商家近翻倍,中国网
2020-06-11,“6·18”后 数字化消费还远吗,北京商报
2020-06-10,疫情给“6·18”和数字消费带来了什么改变？,北京商报
2020-06-10,天猫618健康需求井喷式增长，阿里健康公益健康科普成90、00后最爱,北国网
2020-06-09,凯辉创新基金携手赛诺菲 推动实现医疗科技创新升级,中证网
2020-06-09,完成5亿欧元募集后，凯辉创新基金引入重磅LP赛诺菲,投资界
2020-06-09,凯辉基金引入两位豪门LP，继续加码医药健康和智慧能源行业,36氪
2020-06-09,南财快评：股票指数涨幅为何跟不上GDP的增速？,21世纪经济报道
2020-06-09,【国元医药】疫苗行业跟踪：2020年5月疫苗行业批签发跟踪,元气医药
2020-06-08,美年健康回复问询函 问询,Wind
2020-06-08,医药生物行业周报：全球疫情持续 API和CDMO二季度超预期机会明显,新浪
2020-06-08,生物医药行业周报：国家首发文推动未过评药品进入集采 可选品种范围扩大,新浪
2020-06-08,抢滩布局前瞻培育 健康产业成新增长极,厦门日报
2020-06-08,【医药】卫健委等联合发文促行业健康发展，创新药亮相ASCO后再获CDE支持,天风研究
2020-06-05,医药生物行业6月投资策略：后疫情时代 把握恢复性子行业和医药“新基建”增量赛道,新浪
2020-06-04,医药生物行业日报：医药再创新高 关注后市流动性,新浪
2020-06-04,医药生物行业日报：风险偏好提升 医药重回强势,新浪
2020-06-03,“雷布斯”A股再落一子，科技巨头青睐哪些股？,Wind
2020-06-03,罚单来了！安翰科技上市不成 两保荐人被警告,中国基金报
2020-06-02,解密主力资金出逃股 连续5日净流出268股,证券时报网
2020-06-02,安翰科技终止“余波”：两保代因科创板IPO项目保荐职责履行不到位遭上交所监管警示 IPO融资异常,资本邦
2020-06-01,解密主力资金出逃股 连续5日净流出238股,证券时报网
2020-06-01,39股今日获机构买入评级 6股上涨空间超20%,证券时报网
2020-06-01,川财研究所晨报-抗疫特刊,新浪
2020-06-01,在线医疗进入黄金发展期,每日经济新闻
2020-06-01,中泰证券：后疫情时期重点关注医疗器械、疫苗和CXO板块投资机会,证券时报网
2020-05-30,一周创投市场 | 软银愿景基金计划裁员10%，源星资本陷“抢公章”风波，KKR完成新一轮40亿美元融资,和讯
2020-05-29,美年健康今日大宗交易成交123.88万股，成交价11.75元溢价0.0%,Wind
2020-05-28,飞利浦中国：再度转型 攻进智慧医疗,中金在线
2020-05-28,民盟中央提议将集体体检改为个人体检报销 哪些企业准备好了？,中国网
2020-05-27,源星资本三位合伙人发生“公章争夺战”,零壹财经
2020-05-27,36氪独家 | 源星资本三合伙人上演“抢公章”，“逼宫”背后的人事黑洞,36氪
2020-05-26,【国信医药】新冠检测专题(2)：海外爆发，Q2弹性可期,GuosenHealthcare
2020-05-26,医疗新基建方向明确 机构称将拉动相关设备需求,中国财富网
2020-05-25,刚刚，“十四冬”再添6家合作企业，54家企业喜获授牌,搜狐
2020-05-25,生物医药行业周报：第三批带量采购即将开展 仿制药集采进入常态,新浪
2020-05-24,获腾讯、高瓴等60亿资金投入的运动健身，会成为下一个大健康流量入口吗？,36氪
2020-05-24,【医药】公共卫生能力建设方案落地，有哪些受益方向？,天风研究
2020-05-22,中外企业家两会建言：加速新药审批、优化营商环境,第一财经
2020-05-22,修复行情有望上台阶,上证报
2020-05-21,中国CT机行业竞争格局分析及发展前景,中研网
2020-05-21,美年健康董事长俞熔：政策释放积极信号，在线医疗进入黄金发展期,每日经济新闻
2020-05-21,医院CT机器多少钱一台？2020CT机行业发展现状及前景分析,中研网
2020-05-21,陈志武：为啥买壳上市,36氪
2020-05-21,5月21日沪深两市最新交易提示,金融界
2020-05-20,最牛板块盘点（二）：医药生物，占据A股最佳赛道！,老司基一枚
2020-05-20,高特佳王海蛟：“后疫情时期”，医疗投资怎么做？,陆家嘴
2020-05-20,37.02亿元资金今日流出医药生物股,证券时报网
2020-05-19,医药生物行业日报：医药指数创近五年来新高,新浪
2020-05-19,医药生物行业日报：医药高位震荡格局延续,新浪
2020-05-19,中金固收中资美元债周报：地产高收益新发重启，市场继续反弹,Wind
2020-05-19,获腾讯、高瓴等60亿资金投入的运动健身，会成为下一个大健康流量入口吗？,动脉网
2020-05-18,沈涤凡卸任阿里健康科技（中国）有限公司法人，朱顺炎接任,凤凰网
2020-05-18,[预告]深圳金融业系列公益讲座第二十七讲 《世界疫情趋势&大健康投资 》将于5月22日举办,全景网
2020-05-18,沈涤凡卸任阿里健康科技法定代表人 朱顺炎接任 董监高成员变化,网易
2020-05-18,医药生物行业周报：化药注射剂一致性评价启动,新浪
2020-05-18,阿里健康将与美年大健康联合推出“美年狂欢周”,36氪
2020-05-18,美年健康体检大数据心血管健康报告发布 这些数据值得关注,新浪
2020-05-17,一周创投市场丨小米入股《陈情令》制作公司；IDG资本再添新合伙人；凯辉基金完成13亿欧元募资,每日经济新闻
2020-05-15,最前线 | 联合美年大健康推线上营销IP，阿里健康股价仍回调,36氪
2020-05-15,港股异动︱互联网医疗概念热度不减 阿里健康(00241)涨超4%逼近历史新高,智通财经
2020-05-15,生物医药行业点评：化药注射剂一致性评价开启 市场已有充分预期,新浪
2020-05-15,美年健康(002044)：优质赛道领跑者 阿里助力再启程,新浪
2020-05-15,凯辉基金完成13亿欧元基金募资：未来继续看多中国,腾讯网
2020-05-13,医药生物行业日报：新冠疫苗3期临床现场将移向海外,新浪
2020-05-13,医药生物板块领涨大盘 机构：重点持有核心资产,中国财富网
2020-05-13,美年健康数据驱动科技创新 助力慢性病防控,新浪
2020-05-13,惠誉：将美年健康信用评级从BB下调至BB- 主体评级下调,Wind
2020-05-13,大消费集体涨停潮 谨防短期见小高点,金融界
2020-05-13,医药生物行业日报：武汉将开展全员核酸筛查,新浪
2020-05-13,美年健康科技创新赋能 构筑数据驱动的生命科技生态,中国经济网
2020-05-13,国盛闵行健康智谷聚焦智能医疗：星星之火点亮健康未来,凤凰网
2020-05-13,医质与数字双轮驱动 美年联合阿里打造首个健康IP,中证网
2020-05-12,最前线 | 阿里健康股价再创新高，逆市上涨7.75%,36氪
2020-05-12,美年健康宁毅：心血管疾病防治结合 “科技+数据”助力健康中国,中国金融信息网
2020-05-12,美年健康（002044.SZ）：迎政策风口，与阿里协同效应渐显,格隆汇
2020-05-11,众安近来人事变动频繁：众安保险原CEO陈劲加入美年大健康 董监高成员变化,新浪
2020-05-11,众安保险原CEO陈劲加入美年大健康，众安一大波人事变动接踵而至,21世纪经济报道
2020-05-11,美年健康体检大数据告诉你 预防心血管疾病刻不容缓,华夏时报网
2020-05-11,阿里入局赋能美年健康加速数字化转型,经济观察报
2020-05-11,远大集团：上市还是不上市,经济观察网
2020-05-11,阿里入局赋能美年健康加速数字化转型,经济观察网
2020-05-11,A股早报2020年5月11日星期一,Wind
2020-05-08,[路演]美年健康：计划与阿里合作 在支付宝上线“美年健康电商小程序”,全景网
2020-05-08,[路演]美年健康：国内体检市场规模巨大且仍处于增长阶段,全景网
2020-05-08,健康体检行业迎蓝海，美年健康聚焦主业加速数字化转型,凤凰网
2020-05-08,专家解析心血管体检大数据 为健康中国建模,中国金融信息网
2020-05-07,美年健康体检大数据心血管健康报告发布 这些数据值得关注,和讯
2020-05-07,美年健康协同阿里大健康生态 迎接健康消费升级新浪潮,中国金融信息网
2020-05-07,上半年业绩暴增中小板股名单,中财网
2020-05-06,众安原CEO陈劲入职美年大健康系天亿集团,新浪
2020-05-06,美年健康协同阿里大健康生态 加速主业数字化升级,财经网
2020-05-06,商誉减值压力释放 美年健康2020年将稳步前行 资产异常,Ofweek
2020-05-06,社保基金一季度重仓股揭秘：新进138股 增持159股,证券时报
2020-05-06,149家中小板公司上半年业绩亮相 28.86%预增,证券时报
2020-05-04,体检市场向好，美年健康发展空间充满想象,凤凰网
2020-05-03,美年健康“技术+流量+大数据”潜力待释放,凤凰网
2020-05-01,美年健康2019年提前挤出商誉风险，携手阿里迎接业绩增长新拐点 || 深度,凤凰网
2020-05-01,超8成医药生物企业一季报盈利，机构扎堆医药类“龙头股”,Wind
2020-05-01,对决前夕乾坤未定 前三名皆是黑马,南方财经网
2020-04-30,商誉减值压力释放 美年健康2020年将稳步前行 资产异常,上证报
2020-04-30,阿里入局，美年健康迎数字化变局,证券之星
2020-04-30,体检大数据心血管健康报告发布 危险因素“三高三低”特征明显,新华网
2020-04-30,新华社中经社携手美年健康发布体检大数据心血管健康报告 助力建设健康中国,Wind
2020-04-30,叮当快药携手美年、华大、爱康推核酸检测预约服务 覆盖湖北武汉等60城,凤凰网
2020-04-30,"美年健康2019亏8.66亿元,去年10月引入阿里巴巴为战略股东 亏损",资本邦
2020-04-30,【早间资讯】2020-04-30,微信
2020-04-30,美年健康：徐潘华辞去董事等职务 董监高成员变化,Wind
2020-04-30,美年健康：上半年预计业绩出现亏损 预亏,Wind
2020-04-30,战事白热化 不失手才会不掉队,南方财经网
2020-04-29,体检大数据心血管健康报告发布 近半数人群具有危险因素,中国金融信息网
2020-04-29,体检大数据心血管健康报告发布 近半数人群具有危险因素,Wind
2020-04-29,【国元医药|点评】昭衍新药2020半年报点评：Q2保持高增长态势，全年有望维持高景气,元气医药
2020-04-29,存量资金博弈 智品隆空仓求胜,南方财经网
2020-04-28,美团医疗上线新冠核酸检测服务：覆盖全国39城，合作13家专业机构,TechWeb
2020-04-28,16个IPO，已退出回款120亿，揭秘鼎晖医疗投资版图,投资界
2020-04-28,湖北下调核酸检测价格 最高限价分别为180元/次和50元/项 核酸检测试剂行业发展前景调研,中研网
2020-04-27,阿里开通核酸检测团体预约绿色通道 助力中小企业复工复产,上证报
2020-04-27,27日中小板指涨0.83%,新华网
2020-04-27,阿里巴巴斥资4亿入股A股企业爱施德获后者6%股权,搜狐
2020-04-27,2020年一季度公募基金配置简析,国都证券
2020-04-27,阿里开通核酸检测团体预约绿色通道 帮助企业复工复产,中国青年网
2020-04-26,互联网医疗企业助力全民抗疫“下半场”：在线检测,每日经济新闻
2020-04-26,这个春天，有你真好！ |“小画家”公益作品捐赠仪式在美兆医疗举行,凤凰网
2020-04-26,市场良性调整 空仓也能争锋,南方财经网
2020-04-26,主力抱团医疗消费防御板块 特高压概念暂歇喘息,南方财经网
2020-04-24,叮当快药携手美年大健康推出新冠核酸检测预约服务，助力38城复产复工,凤凰网
2020-04-24,叮当快药联合美因基因推出新冠核酸检测预约服务,36氪
2020-04-24,风口上的核酸检测赚翻了！阿里健康市值暴增千亿，硕世生物怒涨1.5倍员工奖金直接翻番！,金融界
2020-04-24,达安基因连续7日被融资客增持,阿尔法工场
2020-04-24,今年来医药保健行业主题基金哪家强？华宝中证医疗B居榜首,资本邦
2020-04-24,京东、阿里、拼多多上线核酸检测预约服务，助力商务出行,钛媒体
2020-04-24,北京等地核酸检测探访：线上线下预约众多，有公司首季盈利增6倍,腾讯网
2020-04-24,核酸检测大规模展开 相关上市公司受益几何,上证报
2020-04-23,阿里健康：“新冠核酸检测在线预约”将覆盖全国近70个城市,中国网
2020-04-23,阿里健康“新冠核酸检测” 将覆盖近70城,北京商报
2020-04-23,阿里核酸检测在线预约将覆盖近70城 上海等地咨询量居前,中证网
2020-04-23,港股扬83点连涨2天平安好医生见顶回落?,财华社
2020-04-23,阿里核酸检测在线预约将覆盖近70城 这些城市咨询量居前,金融界
2020-04-23,大规模核酸检测，来了,经济观察网
2020-04-23,最前线丨上线“新冠核酸检测”预约服务，拼多多医疗健康布局加速,36氪
2020-04-23,【财经早餐】财政部网站发布了关于新能源汽车免征车辆购置税有关政策的公告,华龙掘金
2020-04-23,大规模检测开启：概念股飙升 达安基因连续7日被增持,新浪
2020-04-23,大规模检测开启，概念股飙升！这只个股连续7日被融资客增持,e公司
2020-04-23,港股午评|恒指盘中一度转跌，国美零售创逾2年新高,富途证券
2020-04-23,解盘：能源反弹，原油储运、肺炎检测、智慧农业、军工领涨,Wind
2020-04-23,最前线 | 阿里健康继续冲击股价新高，今年累计涨幅超过110%,36氪
2020-04-23,阿里携手美年健康拓展数字科技化道路,凤凰网
2020-04-23,中央决定大规模开展核酸检测 概念股昌红科技、明德生物涨停,金融界
2020-04-23,港股异动 | 阿里健康涨超5%再破顶 新冠核酸检测预约平台咨询量陡增,格隆汇
2020-04-23,新冠检测概念板块走强 我国将大规模开展核酸和抗体检测,格隆汇
2020-04-23,【异动股】阿里健康(00241-HK)续闯高峰曾涨3.3%,财华社
2020-04-23,暴涨250亿：阿里健康今年已累涨110% 市值超小米,新浪
2020-04-23,智品隆傲视群雄 天羽现象级发挥,南方财经网
2020-04-23,中央最新决定：大规模开展核酸和抗体检测！概念股风口又来？已有6股1个月暴涨超40%,券商中国
2020-04-22,暴涨250亿！阿里健康放大招：线上可预约核酸检测，市值超小米！,中国基金报
2020-04-22,我国将大规模开展核酸和抗体检测 扩大商业应用,e公司
2020-04-22,10城市推出“在线预约新冠核酸检测服务” 首日咨询量陡增,中国网
2020-04-22,阿里新冠核酸检测预约平台咨询量陡增 工作人员加班提升服务,砍柴网
2020-04-22,收评：恒指日内反弹400点涨0.42% 医药股复苏阿里健康涨10.89%,金融界
2020-04-22,阿里健康大涨12% 推出线上预约新冠核酸检测服务,新浪
2020-04-22,美年健康赋能发展，蓄势健康管理升级,财经网
2020-04-22,美年健康“数据+科技”赋能业态升级 夯实“医疗健康+”生态圈,每日经济新闻
2020-04-22,张志：一季报接近尾声，择优选股是正道！,中金在线
2020-04-22,美年健康“数据+科技”双轮驱动 生态圈赋能效应逐步体现,经济观察网
2020-04-22,阿里健康（00241）推出线上预约新冠核酸检测服务 最快一天可取电子报告,智通财经
2020-04-22,港股午评|恒指回升，平安好医生、阿里健康纷纷破顶,富途证券
2020-04-22,阿里平台上线“核酸检测”预约“愿检尽检”助全国38城复工复产,中国经济网
2020-04-22,阿里健康上线新冠核酸检测服务：本周覆盖北京武汉等38城,TechWeb
2020-04-22,五日龙虎榜追踪机构抢筹这21股,证券时报网
2020-04-22,美年健康领先布局 赋能发展 发力“互联网+医疗”领域,和讯
2020-04-22,港股异动|阿里健康涨逾3%上线核酸检测预约服务,格隆汇
2020-04-22,美年健康：聚焦产业升级，满足多元化需求,中国网
2020-04-22,股王争霸即将见分晓 冠军落谁家大戏上演,南方财经网
2020-04-22,北上广等38个城市开通核酸检测预约！淘宝下单，一天可取报告,21商评网
2020-04-21,兴全合润一季度规模上升15.85亿元,中证网
2020-04-21,阿里巴巴联合美年健康、迪安诊断搭建全国“核酸检测”平台，最快可在24小时内拿到电子报告,21世纪经济报道
2020-04-21,阿里平台上线核酸检测预约服务 本周将覆盖38城市,上证报
2020-04-21,阿里开通全国“核酸检测”平台，最快24小时内拿到电子报告,Wind
2020-04-21,14天到1天：阿里上线“核酸检测”平台让复工复产不再等,中新网
2020-04-21,阿里上线“核酸检测”，最快24小时内拿到电子报告,网易
2020-04-21,美年健康回复关注函：公司商誉减值准备的计提依据充分 关注函,Wind
2020-04-21,机构资金最近入驻这些股,证券时报网
2020-04-21,美年健康：保持企业弹性 为行业集中度提升做好准备,凤凰网
2020-04-20,【医药】把握一季报和医药新基建两条投资主线——兼论当前时点为什么我们重点看好疫苗行业,天风研究
2020-04-20,健康管理产业变革，美年健康拓宽产业边界,凤凰网
2020-04-20,美年健康研究院宁毅：巩固防控成果 防止境外输入,经济观察网
2020-04-20,龙虎榜揭秘近五日机构最青睐29股,证券时报网
2020-04-18,115.51亿元主力资金本周撤离医药生物板块,证券时报网
2020-04-17,深股通席位本周龙虎榜净买入22股,证券时报网
2020-04-17,本周新华500指数上涨1.92% 北向资金快步入场,新华网
2020-04-17,如何看待穆迪下调中国地产行业评级展望？| 信用周报,债市覃谈
2020-04-17,需求之下，美年健康寻求高品质与普惠医疗相平衡,证券之星
2020-04-17,“数据+科技”驱动 美年健康发力健康管理服务升级,凤凰网
2020-04-17,新世纪评级：关注美年健康业绩预亏 预亏,Wind
2020-04-17,美年健康开启互联网医疗新时代,中国网
2020-04-17,机构近期抢筹这24股你跟吗?,证券时报网
2020-04-17,“后疫情时期”的美年健康：变革与转型之路,凤凰网
2020-04-17,545家中小板公司首季业绩亮相20%预增,证券时报网
2020-04-17,上市公司一季度理财规模骤减，是产品“赶客”还是“囊中羞涩”？,Wind
2020-04-17,上市公司一季度理财规模骤减 是产品“赶客”还是“囊中羞涩”？,21世纪经济报道
2020-04-16,从规模到质量，美年健康的不变与变,中金在线
2020-04-16,美年健康：构建线上线下服务闭环,凤凰网
2020-04-16,1年内随时测：爱康国宾豪华全面体检369元（不用可退）,IT之家
2020-04-16,美年健康“数据+科技”助力全民健康管理服务提升,中国金融信息网
2020-04-16,"AI辅助宫颈癌早筛 阿里云天池帮医生减负,缓和医患矛盾",TechWeb
2020-04-16,大参考：纯碱“供给侧改革”来袭 期货价格已闻风而动,巨丰财经
2020-04-16,美年好医生：“体检+保险”拓展健康管理的边界,证券之星
2020-04-16,消化扰动因素 迎接中线反弹,证券导报
2020-04-16,A股早报2020年4月16日星期四,Wind
2020-04-16,机构快速撤离概念炒作 一线游资入驻以岭药业,财富动力网
2020-04-16,544家中小板公司首季业绩亮相19%预增,证券时报网
2020-04-16,股市藏宝图：市场游资集体“吃药”，多家公司晚间发布业绩预增公告,腾讯网
2020-04-15,疯狂扫货！A股释放一个重磅信号！,华讯财经
2020-04-15,4月15日A股龙虎榜揭秘，机构抛售13股,Wind
2020-04-15,美年健康：保持企业弹性 为行业集中度提升做好准备,发布易
2020-04-15,数据复盘｜逾8亿机构资金净卖出美年健康 北向资金加仓贵州茅台,证券时报网
2020-04-15,龙虎榜：1亿资金抢筹欣龙控股 机构仅买1只股,中财网
2020-04-15,5.15亿元资金今日流入医药生物股,证券时报网
2020-04-15,美年健康龙虎榜数据（4月15日）,Wind
2020-04-15,美年健康放量大跌近9%，五机构卖出11.56亿元,Wind
2020-04-15,4月15日主力资金净流出195亿元,证券时报网
2020-04-15,美年健康收到关注函：要求说明大额商誉减值准备的基本情况 关注函,Wind
2020-04-15,4月15日异动股点评：数字货币概念重获垂青 盘点四牛与四熊,中财网
2020-04-15,2020年中国健康体检行业市场现状及发展前景分析 未来市场规模将超2800亿元,前瞻研究院
2020-04-15,A股全部收绿沪指跌0.57% 医药板块逆势上涨,中新经纬
2020-04-15,美年健康（股票代码：002044）大跌9.72%，资金净流出8.88亿元 连续下跌,搜狐
2020-04-15,多地加大公共卫生投入 美年健康聚焦主业数字化转型,中证网
2020-04-15,1601份一季报预告揭秘A股业绩“牛”,Wind
2020-04-15,4月15日早盘主力巨资抢筹四大板块(附股),金融界
2020-04-15,后疫情时期，美年健康（002044.SZ）探索数字化布局,全景网
2020-04-15,线下体系建设线上医疗升级 美年健康迎高质量发展,新浪
2020-04-15,美年健康线下体系结合线上医疗 黄金赛道蓄势高质量发展,金融界
2020-04-15,资产净值影响，美年健康2019亏损8.60亿元 亏损,中金在线
2020-04-15,美年健康跌停，2019年预亏8.6亿,Wind
2020-04-15,两市震荡调整，医药电子板块逆市走强,量化先行者
2020-04-14,美年健康：一季度预计亏损4.8亿元~6.8亿元 预亏,Wind
2020-04-14,美年健康：2019年计提商誉减值准备10.35亿元 全年亏损8.6亿元 资产异常,e公司
2020-04-14,美年健康：2019净利预亏8.60亿 上年同期盈利8.21亿 预亏,新浪
2020-04-14,美年健康：2019年净亏损8.6亿元，由盈转亏（业绩快报） 亏损,Wind
2020-04-13,医药生物行业今日净流出资金9.03亿元，14股净流出资金超5000万元,证券时报网
2020-04-13,美年健康“互联网+医疗” 推动健康管理升级,和讯
2020-04-13,“互联网+医疗”时代开启 美年健康蓄势健康管理升级,时代在线
2020-04-12,美年健康研究院宁毅：只有在预防端防得住，才能在治疗端守得稳,金融界
2020-04-10,阿里88vip官宣：天猫积分开启万能兑 首发3000份2折万豪早餐月卡,快科技
2020-04-10,“喝酒吃药”行情逆势走强 大消费板块牛股辈出！,中投网
2020-04-10,美年健康创新服务助力复工 健康管理黄金赛道厚积薄发,中国经济网
2020-04-10,大消费板块持续走强32股创历史新高,证券时报
2020-04-09,“榨菜”们频创历史新高：低位大消费股名单来了 最高看涨超60%,金融界
2020-04-09,医药板块延续强势 机构建议关注原料药板块,中国财富网
2020-04-09,美年健康俞熔：创业者最重要的是锻造内心、熬过拐点,科创板日报
2020-04-08,恒瑞医药等多只医药个股股价翻倍被机构投资者偏爱的企业“有恃无恐”?,金融界
2020-04-08,天风证券：疫情背景下，连锁药店的长期配置价值凸显,证券时报网
2020-04-07,从国际卫生与健康发展趋势看体检行业,凤凰网
2020-04-07,上海市静安区发布2020年3月医疗器械经营企业监督检查结果,质量新闻网
2020-04-07,解密主力资金出逃股连续5日净流出215股,证券时报网
2020-04-07,【医药】一季度大考结束，重视“季报行情”—兼论连锁药店长期价值,天风研究
2020-04-05,科技股景气能否延续？哪些细分领域机会更大？金牛基金经理这样看,中证报
2020-04-04,变脸的拉夏贝尔！财务数据断崖式下跌，实控人陷入爆仓危机 股票质押异常,腾讯网
2020-04-03,德国疾控机构改口建议民众戴口罩 德国新型冠状病毒最新消息2020,新浪
2020-04-02,解密主力资金出逃股连续5日净流出339股,证券时报网
2020-04-02,12.69亿元主力资金今日撤离医药生物板块,证券时报网
2020-04-01,阿里巴巴加速医疗健康产业布局,中国青年网
2020-04-01,阿里健康：支付宝医疗健康类服务交易量增长了16倍,电商报
2020-04-01,阿里健康：支付宝医疗健康服务消费增长16倍,证券时报
2020-04-01,开往复工路的暖心直通车 长城汽车专车接湖北百名员工返岗复工,中国机经网
2020-03-30,美年健康首席科学家：防止和管理病例输入会将成为常态,中国经济网
2020-03-30,医药私募“一哥”森瑞投资林存：医药行业仍有巨大掘金空间,凤凰网
2020-03-27,医药生物行业资金流出榜：9股净流出资金超亿元,证券时报网
2020-03-27,5G技术助跑，上市公司抢滩智慧医疗,Wind
2020-03-27,3月26日有65家公司获重要股东增减持，延安必康已被连续减持160次 减持股份,Wind
2020-03-25,医药生物行业今日最受青睐，主力资金净流入34.85亿元,证券时报网
2020-03-25,单靠新基建远远不够！请收好这份核心资产名单,证券时报网
2020-03-25,单靠新基建远远不够！大消费再成香饽饽，请收好这份核心资产名单,证券时报
2020-03-24,美年健康援湖北医疗队平安归来 累计管理隔离人员6069人,北京商报网
2020-03-24,拉夏贝尔老板未投票支持 原江苏三友实控人进驻董事会未果,每日经济新闻
2020-03-22,【东吴医药】周观点20200322：国产新冠疫苗研发和国际同步，建议关注康希诺、复星医药、智飞生物,东吴医药研究团队
2020-03-20,一个月净流出1000亿，白马股摇摇欲坠，外资底何时到来,证券时报网
2020-03-20,短短一个月净流出1000亿，白马股摇摇欲坠，外资底何时到来？,证券时报
2020-03-19,56.41亿元资金今日流出医药生物股,证券时报网
2020-03-19,Wind快讯| 每日医药行业动态（2020-03-19）,Wind
2020-03-19,专注于AI超声应用，「深至科技」获数千万元A轮融资,36氪
2020-03-19,上海深至科技完成数千万元A轮融资，深耕AI超声应用,投资界
2020-03-19,【首发】思多科生态链企业深至科技完成数千万元A轮融资，专注于AI超声应用,动脉网
2020-03-18,医药板块强势反弹！这些上市公司迎“出海”机遇,中投网
2020-03-18,胡润发布《2020胡润中国百强大健康民营企业》,Wind
2020-03-17,美年健康：预防关口前移，避免小病酿成大疫,新浪
2020-03-17,券商看好医药行业13股获多家机构推荐,证券时报
2020-03-16,【中信建投医药 | 行业周报】海外疫情进展迅速，中国制造优势凸显,菊颖医药观察
2020-03-16,领建资本荣获2019年度中国财务顾问机构50强,凤凰网
2020-03-11,股票质押解押一览表（3月11日）,Wind
2020-03-10,美年健康(002044.SZ)：预防关口前移，避免小病酿成大疫,格隆汇
2020-03-10,快讯|美年大健康股东世纪长河解除部分股份质押,财经网
2020-03-10,中信建投：中国率先走出疫情影响，医药避风港属性凸显，建议增配,证券时报网
2020-03-10,今日特别提示（3月10日）,Wind
2020-03-10,3月10日沪深两市最新交易提示,金融界
2020-03-09,[互动]美年健康：预计疫情对公司一季度业绩会有一定影响,全景网
2020-03-09,疫情中上海边检民警再赴广西支教扶贫,中新网
2020-03-06,一天涨出150亿只是开始，马云多年前画出的新超级版图强势崛起！,电商报
2020-03-06,2020年中国健康体检行业市场发展现状与趋势分析 广东、浙江两省需求旺盛【组图】,前瞻研究院
2020-03-06,3月6日券商晨会研报汇编,证券日报
2020-03-06,【医药*全铭】国家层面肯定互联网医疗的地位和作用，互联网医疗和药店行业有望受益,东吴研究所
2020-03-05,美年健康：做好复工防疫筛查的把关人 构建线上线下健康服务闭环,全景网
2020-03-05,当“新氧们”遇上拼多多，谁会成为医美获客的“破局者”？,36氪
2020-03-04,盘点巨头医药投资布局：BAT 重 AI，药明康德等重技术,36氪
2020-03-03,创新ETF密集上市 中证创新药产业指数有哪些投资机会？,中投网
2020-03-02,【中信建投医药|行业周报】互联网医疗纳入医保，行业发展有望加速,菊颖医药观察
2020-03-02,医疗ETF2月涨幅超11% 成当月涨幅最大股票型ETF,中证网
2020-03-02,后疫情时期，美年健康（002044.SZ）探索数字化布局,格隆汇
2020-03-02,股票质押解押一览表（3月2日）,Wind
2020-03-02,互联网医疗纳入医保，行业发展有望加速,中信建投证券研究
2020-03-01,信文资本：做好民企抗疫的资本推手,凤凰网
2020-02-28,【东吴医药全铭】医药生物行业点评：国家层面肯定互联网医疗的地位和作用，互联网医疗和药店行业有望受益,东吴医药研究团队
2020-02-28,快讯|美年健康股东上海麒钧质押1.4亿股,财经网
2020-02-25,直播文字版 | 疫情过后，医疗服务领域将迎来哪些转变？,新康界
2020-02-25,生物安全法立法提速，哪些细分板块值得长期关注？,制药网
2020-02-25,证券日报头版：上市公司“成绩单”体现了中国经济的底气,Wind
2020-02-24,2019医疗服务并购回顾：寒冬中的小阳春 成功先例和新入局者,新浪
2020-02-24,【中信建投医药|行业周报】疫情下半场医药投资：成长及科技属性为上,菊颖医药观察
2020-02-23,等闲不识医药面，核心资产总是牛！【西南证券医药|0223周报】,国广有话说
2020-02-23,公募节后仓位调查： 为何九成仓位难保业绩出色,红周刊
2020-02-22,——中信银行大连分行基层党支部踊跃为战“疫”攻坚献爱心,中国金融新闻网
2020-02-21,快讯|美年健康预下调日常关联交易总金额,财经网
2020-02-21,战“疫”总动员 美年健康在行动,上证报
2020-02-21,45股获券商买入评级 科达利目标涨幅达69.86%,Wind
2020-02-20,国家统一救援计划纳入民营机构医疗队,21世纪经济报道
2020-02-20,美年健康200人医护团队今日抵达武汉,上证报
2020-02-20,美年健康医疗队到达武汉,中证网
2020-02-20,美年健康200名医护人员增援武汉,e公司
2020-02-19,2月19日早盘主力巨资出逃四大板块(附股),金融界
2020-02-18,解密主力资金出逃股连续5日净流出291股,证券时报网
2020-02-18,医药生物行业：生物安全法呼之欲出，关注行业长期分化,国联研究
2020-02-18,2019医疗服务IPO回顾：增长为王,新浪
2020-02-18,阿里健康会是阿里巴巴的下一张王牌吗？,金融界
2020-02-17,美年健康：300人医护团队将赶赴武汉支持疫情防控,上证报
2020-02-17,美年健康300名医护精锐将包机增援湖北抗“疫”一线,证券日报
2020-02-17,解密主力资金出逃股连续5日净流出326股,证券时报网
2020-02-17,新冠肺炎医药战“疫”正在进行时，关注哪些A股优质标的？丨牛熊眼,第一财经
2020-02-17,美年健康发紧急动员令 近3000名医护请战增援湖北,e公司
2020-02-15,线上线下齐发力，美年健康构建疫情防控“双堡垒”,中国金融信息网
2020-02-14,300名美年医护精锐即将包机赶赴武汉,e公司
2020-02-14,湖北新增病例为何一夜间大幅增加,经济日报
2020-02-13,债券重大事件2020年2月13日星期四,Wind
2020-02-13,美年健康：“18美年01”回售金额约5.33亿元,Wind
2020-02-13,中国口腔医疗集团港股IPO背后 牙科医院为什么成为一门好生意？,斑马消费
2020-02-11,美年健康董事长俞熔：以实际行动支援抗疫攻坚战，以医者仁心守护健康中国,每经网
2020-02-11,169股获机构买入评级 11只股价上涨空间超五成,中证报
2020-02-11,35股获券商买入评级，美年健康目标涨幅达56.92%,Wind
2020-02-10,阿里健康加码天猫医药电商业务 “非常时期”在线医疗又送扩张东风？,金融投资报
2020-02-10,【太平洋医药】美年健康更新报告：开展互联网线上咨询及义诊服务，防控疫情贡献重要力量,医药佐料
2020-02-10,医药人比任何时候都急迫,国际金融报
2020-02-09,防控疫情，药企驰援丨只为肩负使命担当！医药企业积极投入战“疫”,中国医药报
2020-02-09,医疗行业：服务端占比将持续提升 选择好赛道赢在起跑线,南方财经网
2020-02-08,1天内完成500万元授信审批！浦发银行东莞分行“战疫”行动迅速,凤凰网
2020-02-07,阿里大动作：整合530名商家 加速打造大健康旗舰,中证报
2020-02-07,【太平洋医药】美年健康更新报告：响应国家号召全力抗疫，拟推出企业返岗复工专项筛查服务,医药佐料
2020-02-07,美年健康大涨5.62% 振幅8.00%,中新经纬
2020-02-07,斥资80亿港元收购天猫医疗电商业务，阿里健康整合步伐提速,第一财经
2020-02-06,美年健康推出返岗复工防疫筛查预约服务,凤凰网
2020-02-06,解密主力资金出逃股连续5日净流出845股,证券时报网
2020-02-06,美年健康：“18美年01”回售资金到账日3月19日,Wind
2020-02-06,湖北省积极引进推广“线上问诊平台”,湖北日报
2020-02-06,湖北积极引进推广“线上问诊平台” 缓解就医矛盾,新浪
2020-02-05,解密主力资金出逃股连续5日净流出1052股,证券时报网
2020-02-05,创始人卸任拉夏贝尔董事长 邢加兴拿什么拯救中国版ZARA？,时代周报
2020-02-05,邢加兴拯救拉夏贝尔失败，外援陆尔穗曾炒壳两年获益超5倍,斑马消费
2020-02-04,2月4日股市预警|8家公司突发利空42亿资金流出这十股,腾讯网
2020-02-04,A股三大指数全线飘红！创业板指午后涨逾5% 北向资金净流入达70亿元,腾讯网
2020-02-03,中国版ZARA拉夏贝尔变天：实控人隐退，壳卖给美年健康的江苏三友两高管从天而降 控制人变化,21世纪经济报道
2020-02-03,谁才是真正抗疫概念总龙头？（附名单）,中财网
2020-02-03,硕世生物(688399.SH)涨停创上市新高 多次捐赠新冠病毒核酸检测试剂及仪器,格隆汇
2020-02-03,“武汉，加油！”逾300家上市公司发出最强音,证券时报
2020-02-03,技术创新型公司冲在战“疫”前沿 检测产品大显身手,证券日报
2020-02-01,丽珠集团：丽珠微球平台国内第一，品种集中进入临床，研发进度加速【国盛医药张金洋团队】,国医盛视
2020-01-30,美年大健康联合大象医生、绿叶医疗、健康时报开通“抗疫心理援助热,凤凰网
2020-01-29,日最大产能2000万只，我们到底为什么还缺口罩？,国际金融报
2020-01-29,疫情拐点可能将出现 上市公司驰援在行动,中证报
2020-01-29,硕世生物首批医疗物资送达武汉,财经网
2020-01-26,辞旧迎新丨透过2019年国内医健投融资情况预见2020医健投资,新浪
2020-01-23,36氪独家|对话康桥资本傅唯：复盘天境生物上市,36氪
2020-01-22,【广证恒生医药月报】 药明生物收购德国制药企业拜耳生物制剂生产工厂，医保局发布第二批国家组织药品集中采购和使用工作通知,广证恒生新三板研究极客
2020-01-22,节前A股涨多跌少国债逆回购迎最佳时点,证券时报
2020-01-21,爆款基金手快 10大重仓股多为A股,金融投资报
2020-01-20,陈光明旗下百亿爆款基金减持立讯精密 冯明远、谢治宇、曹名长…更多王牌基金经理调仓路线图曝光 减持股份,经济观察网
2020-01-20,陈光明爆款基金重仓股曝光，还有基金经理买了这些股（附股）,中证报
2020-01-20,陈光明旗下爆款基金重仓股曝光，高仓位下继续加仓！还有金牛基金经理买了这些股（附股）,中证报
2020-01-20,美年健康(002044.SZ)：牵头申报国家重点研发项目成功立项,格隆汇
2020-01-19,《2019闽商年度报告》：闽商2019年五方面成就突出,商务部
2020-01-18,兴全合宜、科创基金等近两年爆款持仓大揭秘！那些被抢着买的基金原来重仓了这些个股,每日经济新闻
2020-01-18,年报行情打响！高成长高送转开启活跃季,金融投资报
2020-01-17,销量翻10倍！李嘉诚“返老还童药”年货节大卖，或成商界最大黑马,搜狐
2020-01-16,医疗大数据系列报告：楼阁影缤纷-医疗服务面面观,国信证券
2020-01-16,专科医院下沉县域加速 爱尔眼科18.7亿元 收购30家基层医院,21世纪经济报道
2020-01-15,解密主力资金出逃股连续5日净流出497股,证券时报网
2020-01-15,花落谁家？野马新传发布“2019年度领军企业”评选结果,腾讯网
2020-01-14,解密主力资金出逃股连续5日净流出460股,证券时报网
2020-01-14,短线防风险40只股短期均线现死叉,证券时报网
2020-01-14,短线防风险36只股短期均线现死叉,证券时报网
2020-01-13,解密主力资金出逃股连续5日净流出410股,证券时报网
2020-01-13,1月13日午盘主力巨资抢筹四大板块(附股),金融界
2020-01-12,公募基金2019Q4医药持仓分析【兴证医药】,兴证医药健康
2020-01-11,四季度业绩有望继续向好，板块有望逐步渐入佳境-医药行业2019年业绩前瞻,兴证医药健康
2020-01-11,30家医院，卖了,赛柏蓝
2020-01-10,218只股短线走稳站上五日均线,证券时报网
2020-01-09,复盘BAT2019投资版图：阿里腾讯共同投资21家企业,每日经济新闻
2020-01-08,泰格医药大涨5.01% 医疗服务行业涨0.04%,中新经纬
2020-01-08,1月8日早盘主力巨资出逃四大板块(附股),金融界
2020-01-08,【医药】推荐中药消费、医药流通等板块，关注集采落地和年报预告,天风研究
2020-01-05,板块有望渐入佳境，关注医药消费品的绝对收益机会--医药行业周报（2019.12.30-2020.1.5）,兴证医药健康
2020-01-03,1月3日早盘主力巨资抢筹四大板块(附股),金融界
2020-01-03,股票质押解押一览表（1月3日）,Wind
2020-01-02,快讯|同为“阿里系”的爱康国宾、美年健康再翻“陈年旧账”,财经网
2020-01-02,医药生物行业2020年投资策略：或科技属性偏强、消费属性偏弱,格隆汇
2020-01-02,美年健康股东天亿资产累计质押股份比例达72.53%,财经网
2020-01-02,医药行业涟漪效应显现 生物制品板块增速最高,中国报告大厅
2020-01-02,美年健康：下属子公司涉及诉讼事项，对公司本期利润及期后利润无重大影响 诉讼纠纷,Wind
2019-12-31,410只股短线走稳站上五日均线,证券时报网
2019-12-31,458只股短线走稳站上五日均线,证券时报网
2019-12-31,【国金研究】交银施罗德基金经理沈楠：自下而上高弹性，分散持仓稳积胜,国金证券研究所
2019-12-31,太平洋证券研究 12月31日最新观点：芯片格局变化或将影响产业链,太平洋证券研究
2019-12-30,这些基金今年暴赚80%，回调之后可以上车了吗？,和讯
2019-12-29,【太平洋医药】第二轮全国集采方案公布，继续推荐景气度好，行业天花板高，不受政策影响/影响较小的细分领域,医药佐料
2019-12-29,梳理与展望，盘点2019的“热点”与“冷门” --医药行业周报（2019.12.23-2019.12.29）,兴证医药健康
2019-12-29,【国盛医药张金洋团队】周观点：肝素到底是周期还是成长？——兼论全球肝素产业链重构,国医盛视
2019-12-27,美年健康完成工商变更登记,财经网
2019-12-27,创新药行业相关ETF：易方达沪深300医药ETF和汇添富中证医药卫生ETF,每日经济新闻
2019-12-26,中泰证券：2020年，医药行业新的长牛周期有望开启,证券时报网
2019-12-25,12月25日午后主力巨资出逃四大板块(附股),金融界
2019-12-25,【盘中播报】沪指跌0.08%食品饮料行业跌幅最大,证券时报网
2019-12-24,长春高新业绩超预期，重点推荐！【西南证券医药|1227周报】,国广有话说
2019-12-24,569只股短线走稳站上五日均线,证券时报网
2019-12-24,今日300只个股突破五日均线,证券时报网
2019-12-23,解密主力资金出逃股连续5日净流出508股,证券时报网
2019-12-23,【医药】医改政策新周期下把握核心主线，关注流感主题投资,天风研究
2019-12-22,业绩真空期，中长期战略布局医药龙头好时机！【西南证券医药|1222周报】,国广有话说
2019-12-22,调整，是为了明年的精彩--医药行业周报（2019.12.16-2019.12.22）,兴证医药健康
2019-12-20,43股今日获机构买入评级9股上涨空间超20%,证券时报网
2019-12-19,2019医疗服务融资只有去年一半 但雄心勃勃的大买家正悄然入场,新浪
2019-12-19,19日公司新闻聚焦：中国铁建拟分拆铁建重工于科创板上市,证券时报网
2019-12-19,【中证盘前】离岸中国A股ETF连续获申购；柳传志退休；股价连涨，多家公司提示风险；中国铁建拟分拆铁建重工于科创板上市,中证报
2019-12-18,公告汇总：顺丰控股11月物流营收同比增24.97%,网易
2019-12-18,股权转让完成入局美年健康 阿里系“统一”民营体检市场,新京报
2019-12-18,美年健康：股东天亿资产协议转让股份完成 上海麒钧持股5.1% 减持股份,e公司
2019-12-18,美年健康(002044.SZ)：阿里网络、杭州信投及上海麒钧战略入股已实施完成,格隆汇
2019-12-16,一骑红尘！实控人变更走出大牛，名单新鲜出炉,Wind
2019-12-16,A股异动丨美年健康大涨8.47% 阿里网络成为公司第一大股东 控制人变化,格隆汇
2019-12-15,长春高新高增长可期待，重点推荐【西南证券医药|1215周报】,国广有话说
2019-12-13,什么是ESG基金，适合哪类投资者？,养基司令
2019-12-12,重药控股“联姻”天力士，阿里巴巴进军医疗产业，多家药企被并了！,医药手机报
2019-12-11,年末盘点42家械企业 获100亿以上融资,新浪
2019-12-11,全资子公司拟申请授信 美年健康提供担保8000万元 大额借贷担保,证券日报
2019-12-10,宋志平等获中国企业领袖终身成就奖 唱我和我的祖国,中国企业家网
2019-12-10,《2019中国企业社会责任报告》重磅发布 33家企业入选经典案例,和讯
2019-12-10,美年健康拟使用15亿闲置募资进行现金管理,财经网
2019-12-10,美年健康预计对子公司提供担保总额度不超过8000万元 大额借贷担保,财经网
2019-12-09,美年健康：关于董事辞职及补选公司董事的公告 董监高成员变化,新浪
2019-12-09,2020 | 医药大变革新时代淘汰赛下的战略选择：与时偕行，因势而动,格隆汇
2019-12-09,金股预测早间版：8股有望开启估值修复,巨丰财经
2019-12-09,【国盛医药张金洋团队】医药行业2020年度策略：与时偕行，因势而动 ——医药大变革新时代淘汰赛下的战略选择,国医盛视
2019-12-08,【国盛医药张金洋团队】周观点：智飞生物研发管线有望获得市场重估，“销售+研发”双轮驱动,国医盛视
2019-12-08,猎云网2019「年度最具影响力CVC TOP10」榜单发布！,猎云网
2019-12-08,几项政策的浅析与投资节奏的把握 --医药行业周报（2019.12.02-2019.12.08）,兴证医药健康
2019-12-07,私有化爱康后又成美年健康大股东 阿里成医疗体检巨无霸,金融界
2019-12-07,中概股收盘：拼多多涨近3%，爱奇艺涨超4%,腾讯网
2019-12-06,阿里成美年健康大股东 还私有化了爱康,腾讯网
2019-12-06,A股头条之上市公司（12.7）,金融界
2019-12-06,美年健康：阿里网络成第一大股东，董事长俞熔仍为实际控制人,澎湃新闻
2019-12-06,晚间公告热点追踪：阿里成美年健康第一大股东,新浪
2019-12-06,美年健康：阿里网络成公司第一大股东 持股9.39%,TechWeb
2019-12-06,犀牛财经晚报：拼多多回应做直播卖火车票 邮储银行10日上市,GPLP犀牛财经
2019-12-06,美年健康(002044.SZ)：过户登记手续完成阿里网络直接持股9.39%,格隆汇
2019-12-06,美年健康：阿里网络成为公司第一大股,第一财经
2019-12-06,产业资本多空角力 跨年行情何去何从？,上海东方期货
2019-12-05,从“三分天下”到“双雄争霸” 民营体检行业未来投资价值何在？,药智网
2019-12-05,微保：腾讯式保险是如何炼成的？,和讯
2019-12-04,鱼跃医疗吴光明谈创业：工匠精神和创新精神缺一不可,凤凰网
2019-12-03,微风堂冲刺中医连锁第一股 机构给出10亿估值,网易
2019-12-03,美年健康跌0.55%，创近1个月新低，报14.45元,财经网
2019-12-03,南都健康联盟发力 打造大健康产业最强闭环,南都报
2019-12-03,12月3日券商晨会研报汇编,证券日报
2019-11-30,医药行业：复盘2019，策略2020,格隆汇
2019-11-29,腾讯微保推出业内首个“抗癌全流程解决方案”,硅谷动力
2019-11-29,腾讯微保披露2周年成绩单：注册用户达5500万 投保复购率达40%,证券日报
2019-11-29,腾讯微保晒2周年成绩单：注册用户超5500万 人均保费超1000元 复购率40%,经济网
2019-11-29,预警！年内1057家上市公司股东净减持超2600亿元，大数据透露五大现象 减持股份,21世纪经济报道
2019-11-29,微保2年注册用户超5500万 CEO刘家明：打造腾讯式保险,中国网
2019-11-29,1057家上市公司重要股东拟减持 计算机应用、化学制品等6行业企业数量居前 拟减持股份,中证报
2019-11-28,腾讯微保两周年成绩单:为2500万用户提供保险服务,中证网
2019-11-28,针对“癌症痛点” 腾讯微保布局抗癌四大重要环节,证券时报
2019-11-28,微保2周年发布抗癌全流程解决方案 送亿元早筛和国际二诊服务,金融界
2019-11-28,美年健康大跌5.02%，报15.13元 连续下跌,财经网
2019-11-28,安翰科技董事长吉朋松：有信心再次拥抱资本市场,证券日报
2019-11-27,全新好实际控制人出局 博恒投资提名董事人选全部获通过 控制人变化,中证报
2019-11-26,安翰科技陷专利纠纷 科创板审核终止 诉讼纠纷,每日经济新闻
2019-11-26,医药生物行业周报：不惧调整甄选业绩高增长标的,华安证券
2019-11-26,"时隔12年再回港交所,“后马云时代”的阿里开启全球化布局",上游新闻
2019-11-26,美团“跟风”进军医疗器械？王兴成立新公司销售医疗器械,新浪
2019-11-26,11月26日券商晨会研报汇编,证券日报
2019-11-26,安翰科技撤单IPO 公司称：待专利诉讼解决后再筹划上市 诉讼纠纷,上证报
2019-11-25,325家公司计划回购近100亿股！上市公司扎推回购释放什么信号？,重庆商报
2019-11-25,暗盘情报|阿里巴巴-SW收涨4.94%，每手赚870港元,富途证券
2019-11-25,科创板拟上市公司安翰科技终止审核：系主动撤回材料，与专利涉诉相关 诉讼纠纷,21世纪经济报道
2019-11-25,安翰科技科创板上市终止审核 招商证券保荐,新浪
2019-11-25,等待8个月，两度中止审核！安翰科技正式撤回科创板上市申请 IPO融资异常,澎湃新闻
2019-11-24,【中信建投医药|行业周报】：板块调整，何去何从,菊颖医药观察
2019-11-24,调整中孕育的机会 --医药行业周报（2019.11.18-2019.11.24）,兴证医药健康
2019-11-23,美年大健康推出物联网创新体检，携手橙意打造慢病AI智能管理,牛华网
2019-11-22,爱尔眼科大跌5.02% 医疗服务行业整体跌幅为3.9% 连续下跌,中新经纬
2019-11-22,白马股调整 外资减持茅台 低价股集体狂飙 风格变天如何应对？ 减持股份,证券时报网
2019-11-22,【机构风向标】电子行业受机构青睐程度大幅下降，这只龙头股仍有八成上涨空间,证券时报
2019-11-22,华宝中证医疗ETF：把握医疗高成长（工具型产品研究系列之八）,XYQUANT
2019-11-22,全新好内斗乱象：资本玩家唐小宏魅影再次闪现,腾讯网
2019-11-22,【太平洋医药杜佐远团队】经典报告集：我们只想为您甄选牛股,医药佐料
2019-11-21,牧马人：大盘下跌只因这类股票 散户投资者朋友要坚决予以回避,金融界
2019-11-21,39股获券商买入评级 建发股份目标涨幅达55.81%,Wind
2019-11-21,11月21日券商晨会研报汇编,证券日报
2019-11-21,太证研究11月21日最新观点：LPR下调不必然导致房贷利率下调,太平洋证券研究
2019-11-21,【医药/杜佐远团队】美年健康：定增完成，与阿里战略共赢，助力行业稳健发展,太平洋证券研究
2019-11-21,头戴“冻资王+募资王”光环 阿里巴巴26日重返香港上市,上证报
2019-11-20,【天风医药】经典报告合集,思医辨药
2019-11-20,30股获券商买入评级 北方华创目标涨幅达55.41%,Wind
2019-11-19,2019大健康年会:聚焦行业社会责任 探讨医疗新机遇,21世纪经济报道
2019-11-19,上周全球医疗健康行业共计融资59.26亿元,中证网
2019-11-19,美年大健康董事长俞熔：老龄化、慢病、预防是未来健康产业的重点关注方向,21世纪经济报道
2019-11-19,11月19日券商晨会研报汇编,证券日报
2019-11-19,2019·第十二届时代营销盛典（上）,时代周报
2019-11-19,美年健康：定增顺利完成 重回增长轨道,南方财经网
2019-11-18,阿里系斥巨资拿下两大体检巨头后，大健康布局将如何走？,国际金融报
2019-11-18,深圳盐田区：创新驱动产业兴,中国经济网
2019-11-18,上周76个项目获超97亿融资，小鹏汽车获小米等4亿美金投资,腾讯网
2019-11-17,平安壹账通向美SEC提交IPO招股书；Facebook推出全线支付服务FacebookPay丨【每日播报周末版】,阿特列斯如是说
2019-11-17,信用债收益率整体下行 | 信用市场回顾周报（2019.11.11~11.15）,债市覃谈
2019-11-15,打新前，看看这篇文章：阿里为什么港股上市？,腾讯网
2019-11-15,IPO日报 | 阿里巴巴今日起公开招股；京沪高铁IPO高速过会；酒店公司旅悦集团完成数亿美金融资,格隆汇
2019-11-15,新股认购|阿里孖展超40亿，富途认购金额破10亿,富途证券
2019-11-15,看民营体检市场的资本杠杆游戏,DoNews
2019-11-15,美年健康完成18.4亿人民币战略投资融资,亿邦动力
2019-11-15,大参考：全球最大蛋氨酸厂家两座工厂暂时关停 市场报价连续提涨 经营问题,巨丰财经
2019-11-14,18.4亿元！阿里网络认购美年健康逾4%股份成第一大股东,澎湃新闻
2019-11-14,阿里网络18.4亿元认购美年健康股票 获4.06%股份,新浪
2019-11-14,惠誉：将美年健康评级由“BB+”下调至“BB”，评级展望稳定 投资评级恶化,Wind
2019-11-14,2019中国大健康产业峰会11月19日在粤举行，他们都在关注……,21世纪经济报道
2019-11-14,递交招股书 阿里再战港交所,华夏时报
2019-11-14,独角兽早报 | 蔚来汽车聘请中金汽车行业分析师为下任CFO；央行：未发行法定数字货币；小鹏汽车官宣C轮融资4亿美元,和讯
2019-11-13,阿里递交赴港招股文件：6月30日以来投资23家公司,新浪
2019-11-13,12日晚公告精编丨獐子岛未知扇贝死亡具体原因，海康威视董事被立案调查 其他违规处罚,21世纪经济报道
2019-11-13,美年健康：阿里网络等多方受让股权过户完成,腾讯网
2019-11-13,美年健康(002044.SZ)：相关过户登记完成 杭州信投持股5.24%,格隆汇
2019-11-13,美年健康：协议转让过户登记完成，杭州信投持有公司5.24%股份,Wind
2019-11-13,医疗保健板块涨势突出 欧普康视再度创出历史新高,巨丰财经
2019-11-13,京东健康11.11医疗服务大爆发 多项服务成交额增长超10倍,凤凰网
2019-11-12,【太平洋医药】2020年医药策略：掘金“好赛道，“好”公司”,医药佐料
2019-11-11,2019年商业贸易行业三季报总结【申万宏源零售】,消费共伊语
2019-11-11,【华泰金工林晓明团队】聚焦黄金赛道：投资医疗行业指数——兼谈华宝中证医疗ETF投资价值20191112,华泰金融工程
2019-11-11,天猫、京东晒双十一成绩单 体检和医美成健康消费两大热词,经济观察网
2019-11-11,与阿里巴巴战略合作内容敲定，美年健康股价诡异大跌！ 连续下跌,21世纪经济报道
2019-11-11,阿里健康的线下流量收割战,新浪
2019-11-11,利好扎堆 A股不涨反跌 接下去 要做好防风险准备,都市快报
2019-11-11,股东们乐了 美年健康与阿里签订战略合作框架协议,和讯
2019-11-11,最新公告透露利好 12只个股有望爆发（11.11）,中金在线
2019-11-11,阿里欲重启赴港上市，买A股公司的节奏变了？,Wind
2019-11-11,华创事件驱动早报11-11：蚂蚁金服将上线开放联盟链；再融资规则迎重大修订,华创证券研究
2019-11-10,11月11日涨停板早知道：七大利好有望发酵,新浪
2019-11-09,周六最新重磅公司传闻集锦(11月9日),证券之星
2019-11-08,A股头条之上市公司（11.8）,金融界
2019-11-08,公告精选：安居宝被认定为2019年第三批区块链企业；中国人寿及其一致行动人成万达信息大股东,e公司
2019-11-08,美年健康(002044.SZ)与阿里网络签署战略合作框架协议,格隆汇
2019-11-08,美年健康：拟与阿里网络在医药医疗等领域战略合作,e公司
2019-11-08,美年健康回复问询函：公司上半年的经营情况符合行业特点 问询,Wind
2019-11-08,美年健康：与阿里巴巴签署战略合作框架协议,Wind
2019-11-08,易恒健康IPO定价合理，未来可期,凤凰网
2019-11-08,美年大健康董事长俞熔：健康消费升级主要体现在消费、控费和创新升级,每日经济新闻
2019-11-07,爆炒区块链：“金项链”还是“铁锁链”？,红周刊
2019-11-07,恒瑞医药遭董监高减持，漂亮数据背后数项关键指标下滑 减持股份,中金在线
2019-11-06,还有1天！2019第八届中国上市公司高峰论坛即将开启，成都群星闪耀,每日经济新闻
2019-11-06,联讯策略：北上资金创9月来新高 家用电器板涨幅领先,新浪
2019-11-06,行业观察：产品创新+ 高关联刚需，打造快速发展新模式！,证券之星
2019-11-06,3000点兵临城下，社保基金如何布局？,养基司令
2019-11-05,大消费时代服务业亟待升级 重磅行业会议热议变革路径,每日经济新闻
2019-11-05,A股共发生63宗大宗交易成交26.82亿元（11月5日）,Wind
2019-11-05,美年健康现2笔大宗交易 共成交681.88万元,新浪
2019-11-05,美年健康今日大宗交易成交45.82万股，成交价14.88元折价5.82%,Wind
2019-11-05,报告|2019年10月江苏省A股上市公司市值TOP100恒瑞医药市值较上月增长451亿,挖贝网
2019-11-04,巨丰数据赢｜上市公司大股东持仓揭秘 该股能否成为创业板借壳第一股？,巨丰财经
2019-11-04,医药行业2019年三季报总结：疫苗、创新服务产业链、药店等景气度高涨,格隆汇
2019-11-04,医药股核心资产集体新高 四大资金狂扫货 这些股目标涨幅30%以上,证券时报网
2019-11-04,中泰证券：医药行业结构性高增长持续 建议继续重点布局高景气子板块,e公司
2019-11-04,【医药】江琦、谢木青：医药板块2019Q3分析暨11月月报：三季报期总结：结构性高增长持续，建议继续重点布局高景气板块-1102,中泰证券研究所
2019-11-03,一周全球十大并购（10.28-11.03）：标致与菲克宣布将平等合并；安进27亿美元收购百济神州20.5%股份,晨哨网
2019-11-03,创新药产业链、骨科等领域三季报连续高增长，景气度高【西南证券医药|1103周报】,国广有话说
2019-11-03,阿里入股美年健康，意在健康，实则补流量短板,钛媒体
2019-11-03,北上资金杀向家电龙头 机构席位抛售科技软件,南方财经网
2019-11-02,“国家队”、险资、外资持股路线图曝光！,中证报
2019-11-02,首小时成交额增长276% 京东健康11.11亮眼战报凸显健康消费两大趋势,运营商财经网
2019-11-02,爆炒区块链：“金项链”还是“铁锁链”？,红周刊
2019-11-01,【健康界周刊】阿里48亿入股美年健康 爱尔眼科收购医院增至30家,健康界
2019-11-01,军运会顺利闭幕 从智慧场馆到数字病区，揭秘军运会幕后保障团队,每经网
2019-11-01,中泰证券：推荐常熟银行等“11月十大金股”,第一财经
2019-11-01,基因宝：用商业闭环升级消费级基因检测的价格混战？,动脉网
2019-10-31,体检老大美年结盟阿里系 民营体检江湖再洗牌？,新京报
2019-10-31,中泰 | 11月金股,中泰证券研究所
2019-10-31,互联网医疗战火初掀 京东健康渠道下沉到镇 已拿下医药零售15%份额,华夏时报
2019-10-30,京东健康首次披露业绩，互联网医疗“战争”即将打响,制药网
2019-10-30,21100亿！基金最新A股布局来了（附名单）,中国基金报
2019-10-30,社保基金最新动向：新进持仓98股，集中增持医药和化工（附名单）,金融界
2019-10-30,互联网巨头健康大战：成民营体检头号玩家后，阿里率先拿下一城,钛媒体
2019-10-30,阿里巴巴是在布什么局？未来又要如何消化？,国际金融报
2019-10-30,七天六板，鲁商发展打了一针28亿的“玻尿酸”,中金在线
2019-10-30,京东健康独立后首次披露业绩 凭什么做成中国最大医药零售商？,新浪
2019-10-30,【国盛证券张金洋团队】恒瑞医药：两大品种申报上市，在研管线超预期推进,国医盛视
2019-10-30,阿里系入股美年健康（002044.SZ），“互联网+医疗健康”助力体检龙头长远发展,格隆汇
2019-10-30,【晨会聚焦】11月十大金股与策略观点,中泰证券研究所
2019-10-29,社保基金连续三季买入35股,大众证券报
2019-10-29,安翰科技科创板中止审核 因专利处理请求待决,新浪
2019-10-29,新世纪评级：关注美年健康控股股东及其他股东签署《股份转让协议》,Wind
2019-10-29,阿里支付73亿大单 成美年大健康第二大股东,医药网
2019-10-29,南京证券：精选个股,南京证券
2019-10-29,龙虎榜：机构持续加码壹网壹创 一线游资重金封板美年健康,第一财经
2019-10-29,A股开盘涨跌不一沪指微跌0.03%区块链概念延续强势高开,财华社
2019-10-29,【金工】48家公司发布高管减持，59家公司发布机构股东减持——权益事件监测周报（联系人：郝倞 张世良） 减持股份,渤海证券研究
2019-10-29,太证研究10月29日最新观点,太平洋证券研究
2019-10-29,华创事件驱动早报10-29：通信行业盛会召开在即；ABB收购上海联桩新能源,华创证券研究
2019-10-29,阿里48亿入股美年健康 体检龙头能否借机脱困？,腾讯网
2019-10-29,"美年健康引入战投阿里网络,夯实大健康产业龙头地位,为体检行业的数据化升级奠定基石",东吴证券
2019-10-28,光大策略 李瑾 | 资金净流出26亿元，交易情绪回落 ——2019年第42周股市资金跟踪,超悦策略
2019-10-28,美年健康(002044)：Q3业绩回暖，新进阿里战略投资人彰显发展信心【三季报点评|西南医药朱国广陈铁林团队】,国广有话说
2019-10-28,"斥资1000亿！阿里巴巴""重仓""A股，刚刚又锁定一家500亿巨头",和讯
2019-10-28,耗资近50亿成美年健康二股东，阿里系大健康版图再扩大,钛媒体
2019-10-28,阿里圈地大健康 双11前“剁手”民营体检市场,华夏时报
2019-10-28,龙虎榜全解析:美年健康涨停 三路顶级游资净买5亿,新浪
2019-10-28,"美年健康现2笔大宗交易 共成交32,461.72万元",新浪
2019-10-28,耗资近50亿当美年健康二股东 阿里巴巴年内已入股两大体检巨头,每日经济新闻
2019-10-28,美年健康放量涨停，知名游资大笔买入,Wind
2019-10-28,10月28日复盘:区块链何时有机会？主力资金出击3股,新浪
2019-10-28,美年健康引入阿里战投 数字化信息化业务是主要合作内容︱公司问答,第一财经
2019-10-28,参投爱康国宾之后，“阿里系”成为美年健康二股东，大健康版图野心呈现,21世纪经济报道
2019-10-28,阿里斥资48.64亿成美年健康第二大股东,晨哨网
2019-10-28,阿里携巨资成第二大股东 体检巨头美年健康直线涨停,新浪
2019-10-28,28日公司新闻聚焦：阿里入股美年健康 安邦财险退出招商银行,证券时报
2019-10-28,10月28日午盘两市机构大单抢筹40股(名单),金融界
2019-10-28,10月28日午盘两市净流入前20股(名单),金融界
2019-10-28,10月28日早盘两市净流入前20股(名单),金融界
2019-10-28,【异动股】阿里战略入股美年健康(002044-CN)涨停,财华社
2019-10-28,阿里在A股再下一城，斥资48亿入股美年健康,搜狐
2019-10-28,阿里网络拟受让10.82%股权，美年健康开盘一度涨停,第一财经
2019-10-28,美年大健康“站队”阿里系 出让16.16%股份套现72.65亿元 资产异常,和讯
2019-10-28,A股早报2019年10月28日星期一,Wind
2019-10-28,中金：上调美年健康目标价，个检转型战略有望借阿里系流量突破,Wind
2019-10-28,盘前必读公告：这些股不容错过！,巨丰财经
2019-10-28,最新公告透露利好 15只个股有望爆发（10.28）,中金在线
2019-10-28,阿里又出手：狂砸73亿“抄底”500亿巨头！千亿A股帝国大盘点,中国基金报
2019-10-28,美年健康：阿里网络方面拟受让公司约10.82%股权,第一财经
2019-10-28,美年健康引入战投 阿里方面拟成二股东,上证报
2019-10-27,【中信建投医药|行业周报】基金三季度持仓：重点领域龙头获得青睐,菊颖医药观察
2019-10-27,"阿里又出手：狂砸73亿""抄底""500亿巨头美年健康",新浪
2019-10-27,美年健康(002044.SZ)控股股东拟向阿里网络等转让16.16%股权以提升数字化水平 减持股份,格隆汇
2019-10-27,公募基金2019Q3医药持仓分析【兴证医药】,兴证医药健康
2019-10-27,美年健康：阿里网络及其一致行动人将成为公司第二大股东,金融界
2019-10-27,10月28日涨停板早知道：七大利好有望发酵,新浪
2019-10-27,晚间重要公告2019年10月27日星期日,Wind
2019-10-27,美年健康引入战略股东 阿里网络等拟折价入股,e公司
2019-10-27,阿里巴巴、蚂蚁金服和云锋基金投资美年健康,猎云网
2019-10-27,美年健康向阿里巴巴等转让16%股权 资产异常,金融界
2019-10-27,美年健康：阿里网络方面拟受让公司约10.82%股权,e公司
2019-10-27,美年健康：控股股东向阿里网络及其一致行动人转让公司10.82%的股份 减持股份,Wind
2019-10-27,公募最喜欢买什么票？十大基金公司最新重仓股来了！,每日经济新闻
2019-10-26,三季报进行时 | 中天金融第三季营收大降近4成，汤臣倍健境外收购资产效益未达预期 盈利能力下降,和讯
2019-10-26,大健康流量入口收割战：阿里“体检”告捷,猎云网
2019-10-25,安翰科技“主动要求”中止科创板审核：或因专利诉讼结果未定 诉讼纠纷,澎湃新闻
2019-10-25,【东兴医药胡博新团队】美年健康（002044）三季报点评：持续强化C端服务，内生驱动转型重塑核心竞争力,医药新观
2019-10-25,A档案|美年健康扣非后净利润同比下滑三成 因侵犯商业秘密被爱康国宾起诉 盈利能力下降,和讯
2019-10-25,【猎云早报】外媒称苹果最贵新Mac Pro预计售价4.2万元；阿里巴巴投资美年健康；微博关停37个非法荐股类信息财经账号 经营问题,猎云网
2019-10-25,大基金公司都在买什么股？ 易方达近百亿重仓茅台，蓝筹白马仍受偏爱,21世纪经济报道
2019-10-24,美年健康第三季实现营收增长15.58%,上证报
2019-10-24,美年健康2019年前三季度扣非后净利润降近三成 盈利能力下降,北京商报
2019-10-24,美年健康：前三季度净利润同比减5.46% 盈利能力下降,Wind
2019-10-24,美年健康(002044.SZ)第三季度扣非净利润升55.8%至3.77亿元,格隆汇
2019-10-23,美年健康：已完成股份回购计划 支付总金额3亿元,TechWeb
2019-10-23,科创主题基金首次披露季报,金融投资报
2019-10-22,美年健康(002044.SZ)完成回购2377.33万股 涉资3亿元,格隆汇
2019-10-21,南京证券：精选个股,南京证券
2019-10-18,【异动股】精准医疗板块拉升，诚迈科技(300598-CN)涨6.78%,财华社
2019-10-16,行业景气度上行，关注三季报绩优个股—商业贸易行业2019年三季报业绩前瞻【申万宏源零售】,消费共伊语
2019-10-15,医疗板块异动多只个股涨停， 业绩支撑下四类标的股获机构青睐,第一财经
2019-10-15,三类医药公司业绩亮眼 优质公司净利增长加快(名单),新浪
2019-10-15,重磅信号，本次沪指四攻3000点有6大不一样，估值又有新变化,证券时报
2019-10-15,469家上市公司股价五连涨 17股获主力资金增持逾亿元,中证报
2019-10-15,"医药生物行业:关注带量采购全国扩面,聚焦核心资产",东吴证券
2019-10-14,南京证券：精选个股,南京证券
2019-10-14,四大滞涨行业的业绩暴增股名单 7股折算滚动市盈率低于30倍,证券时报
2019-10-12,全球22亿人患有眼疾 A股公司谁在掘金 四股强势,上证报
2019-10-11,10月11日早盘两市净流入前20股(名单),金融界
2019-10-11,三季报即将披露，关注医药三大主线和望迎边际变化领域或个股,证券时报网
2019-10-10,京东金融周宇航或回归弘康人寿 接棒张科拟任总经理,华夏时报
2019-10-10,美年健康再攀高峰 世界屋脊西藏首店正式开业,证券之星
2019-10-10,医药行业：卫健委发布癌症防治方案 新药发展再次迎来推力,南方财经网
2019-10-08,美诺健康：深耕互联网+体检新模式，为用户提供一站式体检服务,信产网
2019-10-08,美年健康(002044.SZ)：截至9月底累计回购3亿元股份,格隆汇
2019-09-30,2019年医药三季报业绩前瞻||三季报预期向好，关注“变化”、稳守“核心资产”【兴证医药】,兴证医药健康
2019-09-30,美年健康：“品质+数据”驱动 筑梦“健康中国”,时代周报
2019-09-29,财闻点金：工信部施策促网络安全产业发展 未来前景广阔,巨丰财经
2019-09-29,健康产业再迎重磅政策红利 行业公司望迎来机遇,e公司
2019-09-25,9月25日有108家公司获重要股东增减持 延安必康已被连续减持133次 减持股份,Wind
2019-09-24,美年健康：股东南通友谊累计减持股份比例达1% 减持股份,Wind
2019-09-24,9月24日券商晨会研报汇编,证券日报
2019-09-23,302家医疗上市公司，3家营收超30亿元！,制药网
2019-09-22,创新药盛会相继召开，坚守医药创新核心资产【西南医药|0922周报】,国广有话说
2019-09-19,流量＋科技：美年大健康持续提升转向注重内生增长,证券之星
2019-09-18,美年大健康的生态布局：以服务闭环实现多赢,证券之星
2019-09-18,亿达中国武汉软件新城入选2019中国数字服务暨服务外包特色园区！,证券之星
2019-09-18,19家医疗服务上市公司2019年中报：3家营收超30亿元 5家净利润为负,新浪
2019-09-16,美年健康今日大宗交易成交444.73万股，成交价11.95元折价7.0%,Wind
2019-09-16,非公开获证监会批复 美年健康启航新征程,证券时报网
2019-09-13,锦欣生殖，辅助生殖第一股,YY港股圈
2019-09-12,俞熔：美年的科技流进化,证券之星
2019-09-12,医药板块业绩处于真空期继续配置高性价比品种,中信建投
2019-09-12,华创事件驱动早报9-12：各地基建项目集中开工；国家网安宣传周即将开启,华创证券研究
2019-09-11,美年健康(002044.SZ)非公开发行股票获中证监核准,格隆汇
2019-09-11,安翰科技恢复“已问询”，此前因财务资料过期中止审核 问询,新京报
2019-09-11,安翰科技恢复“已问询” 此前因财务资料过期中止审核 问询,新京报
2019-09-10,午后医药制造板块走强 九典制药、盘龙药业涨停,金融界
2019-09-09,A股早报2019年9月9日星期一,Wind
2019-09-08,美年健康凉山州艾滋病防治公益行动,金融界
2019-09-06,A股共发生73宗大宗交易成交24.82亿元（9月6日）,Wind
2019-09-06,26股遭大宗低价甩货 最低8.6折,中财网
2019-09-06,美年健康(002044.SZ)：国盛海通基金及海通证券合计持股4.98%,格隆汇
2019-09-06,西普观点|医疗健康市场结构变化与产业投资机会,新康界
2019-09-05,【医药-马帅】医药行业19H1总结：二季度业绩环比提速，关注政策免疫与基本面改善板块,安信证券研究
2019-09-04,【东吴医药】医药生物行业2019H1业绩总结：行业增速放缓，龙头引领增长，聚焦创新药产业链、创新生物制品、医疗服务等景气细分赛道,东吴医药研究团队
2019-09-04,周三机构一致看好的七大金股（09.04）,中金在线
2019-09-04,【医药】医药生物行业2019年中报综述: 板块内部继续分化，2019全年业绩前低后高*强于大市,中银国际证券研究
2019-09-03,继续看好医药核心资产，坚守创新、消费和器械【西南医药|0901周报】,国广有话说
2019-09-03,【国元医药】2019H1汇总分析：业绩与行情分化持续，强者恒强 盈利能力下降,元气医药
2019-09-03,【申万宏源零售】王府井 (600859)：二季度业绩环比改善，奥莱持续高速增长,消费共伊语
2019-09-03,【申万宏源零售】苏宁易购 (002024)：继续推进全场景零售，提升全品类专业化经营能力,消费共伊语
2019-09-03,【医药】物流运输需求下滑风险，运输结构变化风险,天风研究
2019-09-03,"美年健康:牺牲短期利益,只为坚定转型",西南证券
2019-09-02,美年健康(002044.SZ)截至8月底累计回购2.99亿元的股份,格隆汇
2019-09-02,管住嘴、迈开腿——让糖尿病远离年轻人,中国金融信息网
2019-09-02,美年健康联合新华社中经社发布“体检大数据糖尿病地图” 助力建设健康中国,时代周报
2019-09-02,4+7带量采购正式全国扩围 如何影响产业链 哪些公司有望受益？,证券时报网
2019-09-02,"智飞生物:业绩持续高增长,预防微卡值得期待",安信证券
2019-09-01,光大医药 | 中报总结：集采后的第一份答卷，影响如何，未来在哪？,医心医意要健康
2019-08-30,【申万宏源零售】科锐国际 (300662)：业绩符合预期，灵活用工业务增速显著,消费共伊语
2019-08-30,致力于糖尿病等慢病防控——专访美年大健康首席科学家宁毅博士,金融界
2019-08-30,【东兴医药胡博新团队】美年健康（002044）半年报点评：由规模驱动向内生发展驱动转型，构建大健康产业集群,医药新观
2019-08-29,【申万宏源零售】永辉超市 (601933) ：盈利能力显著提升，科技赋能公司战略发展,消费共伊语
2019-08-29,解析体检大数据，为健康中国建模,金融界
2019-08-28,美年健康(002044.SZ)发布2019年半年报 聚焦主业营收稳步增至36.41亿元,格隆汇
2019-08-28,美年健康：上半年净利润同比减89.40% 盈利能力下降,Wind
2019-08-28,中国体检大数据糖尿病地图首度发布 “四高四低”特征显著,中国金融信息网
2019-08-28,【国元医药】 业务转型调整中，静待业绩拐点 ——美年健康 2019H1 点评,元气医药
2019-08-28,"开立医疗中报点评:经营低点已过,下半年高端产品有望放量驱动公司重拾较快增长",证券之星
2019-08-25,【申万零售】周大生 (002867) ：持续深耕加盟渠道，市场规模稳步增长,消费共伊语
2019-08-25,【申万零售】家家悦 (603708)：同店增速进一步提升，加快全国扩张战略,消费共伊语
2019-08-23,广西女富豪9亿豪赌基因公司：毛利率90% 3员工被拘留 其他违规处罚,新浪
2019-08-21,141只连涨股3日吸金逾87亿元 机构+资金合力布局19只强势股,证券日报
2019-08-20,08月20日 收盘突破五日均线个股一览,每日经济新闻
2019-08-20,【民生医药|中报总结】医药板块2019中报总结：增长的韧劲足，逐步加仓二线龙头,微信
2019-08-20,"医药行业周报:中报行情有望延续,坚守医药创新及消费主线",西南证券
2019-08-16,盯盘:科林电气等3股秒停,中财网
2019-08-15,13家健康产业头部企业发布创新战略,中证网
2019-08-08,消费白马股跌幅排名 谁被错杀 这些股被机构一致看好,证券时报
2019-08-07,美年健康跌1.94%，创年度新低，报11.11元 连续下跌,腾讯网
2019-08-06,创造中国有保障的健康体检 美年与人保财险达成战略合作,证券之星
2019-08-05,【广证恒生医药股权月报】科创板开盘全线飘红，高值耗材将进入“零差价”时代时代,广证恒生新三板研究极客
2019-08-05,减持猛如虎：金域医学利润增长，难消股东减持压力 减持股份,面包财经
2019-08-02,54股月线阳吞阴，10股低估值业绩高增长,Wind
2019-08-01,美年健康(002044.SZ)截至7月末累计回购2.99亿元股份,格隆汇
2019-07-31,"医药行业周报:科创板+中报密集披露,重点推荐创新+消费",西南证券
2019-07-29,一顿价值1.1亿的早餐,ZAKER
2019-07-29,A股共发生81宗大宗交易成交24.15亿元（7月29日）,Wind
2019-07-29,美年健康今日大宗交易成交17.91万股，成交价11.74元溢价0.0%,Wind
2019-07-29,【中信建投医药|行业周报】：行业增速平稳，关注科创方向,菊颖医药观察
2019-07-27,【太证研究】科创板研究报告汇总,太平洋证券研究
2019-07-23,【申万零售】永辉超市（601933）：业绩高增长符合预期，展店速度大幅提升,消费共伊语
2019-07-23,安翰科技回复上交所第三轮问询 产品明确具有胃部诊断功能 问询,中证网
2019-07-23,【东北销售团队】复盘笔记1028：沪指高开高走涨0.85% 区块链板块掀涨停潮,东北证券研究所
2019-07-22,安翰科技回复上交所第三轮问询：若存欺诈发行，实控人在5日内购回全部新股 欺诈造假,第一财经
2019-07-22,聚焦医药的两个新变化-“政策趋缓+科创板映射” --医药行业周报（2019.07.15-2019.07.21）,兴证医药健康
2019-07-22,公募基金2019Q2医药持仓分析【兴证医药】,兴证医药健康
2019-07-22,安翰科技保荐机构实地走访14家美年健康店 认为两者之间交易合理,e公司
2019-07-22,体检加保险 健康有保障 美年大健康与中国人保财险达成战略合作,证券之星
2019-07-21,【西南医药|0721周报】科创板正式落地，重点推荐南微医学+心脉医疗,国广有话说
2019-07-21,【国盛医药张金洋团队】周观点：详解2019Q2机构医药持仓，继续推荐2+X主线,国医盛视
2019-07-21,【申万零售】南京新百（600682）：丹瑞项目定增完成，打造更加广阔的细胞治疗平台,消费共伊语
2019-07-21,【东吴医药】周观点20190720：关注科创板南微医学和心脉医疗,东吴医药研究团队
2019-07-20,从安翰科技的迅速成长看美年健康的平台价值——科创板医药 系列解析之二,太平洋证券研究
2019-07-20,二季度基金仓位微降，重点布局“大白马”,证券时报
2019-07-20,基金二季报揭示投资密码：开始减持部分“核心资产” 减持股份,中证报
2019-07-19,【广发策略】抱团到达历史极值了吗？—主动偏股型基金19年中报配置分析,戴康的策略世界
2019-07-18,十大公募基金重仓股之汇添富基金：二季度减持金融 加仓白酒 减持股份,每日经济新闻
2019-07-17,盯盘:24股均线盘中出现黄金交叉,中财网
2019-07-17,太证研究7月17日最新观点:【非银金融】转融通引导价值发现,太平洋证券研究
2019-07-16,国务院健康中国行动意见释放利好 “健康”类股票集体飘红 4家涨停,证券日报
2019-07-15,美年大健康携手米喜医家 助力家庭医生慢性病管理服务,证券之星
2019-07-15,东北证券【点石1号股市正阳】未来2-3周或是反弹修复的窗口期,东北证券金融世界
2019-07-14,【中银医药】医药生物行业2019年中报前瞻,周观宇论
2019-07-14,医疗保健：第二轮国家集中带量采购仍锁定25品种 荐9股,东吴证券
2019-07-14,北上资金活跃度降低连续减持高价白马股 减持股份,证券时报
2019-07-13,上半年27家百亿级私募中24家获正收益 景林凯丰称雄,新浪
2019-07-12,屡遭“黑天鹅” 交银施罗德 规模缩水新管理层承压,财经网
2019-07-12,眼科医疗迎新一轮黄金发展期，机构建议关注医药行业五类投资机会,第一财经
2019-07-12,60股获券商买入评级 正邦科技目标涨幅达92.86%,Wind
2019-07-12,"美年健康:半年报预告短期承压,战略转型驱动未来成长",国金证券
2019-07-11,锦欣生殖上市遇冷 “不孕不育”蓝海变局隐现,时代周报
2019-07-11,上半年营收36.41亿，美年健康经营平稳前景趋好,中国财经网
2019-07-11,07月11日 27只股票封板 贵金属板块涨幅最大,每日经济新闻
2019-07-11,美年健康（002044.SZ）牵手公立医院，医联体时代宣告来临,格隆汇
2019-07-11,【收市点评】三大股指冲高回落 黄金板块逆势走强 | 2019.07.11,兴业证券兴e通
2019-07-11,医疗器械涨势扩大 冠昊生物等多股涨停,中国经济网
2019-07-11,美年健康2019年上半年净利1588万元—6352万元 财务费用增加,挖贝网
2019-07-11,智慧医疗概念股持续攀升 九安医疗“两连板”,中证网
2019-07-11,美年健康：预计上半年盈利同比下滑60%至90% 盈利能力下降,TechWeb
2019-07-11,大盘已经有反弹的理由,中财网
2019-07-11,美年健康发布2019年上半年业绩预告：营收增长4.5%至36.41亿,全景网
2019-07-10,财务费用等增加 美年健康预计2019年上半年净利下滑超六成 盈利能力下降,资本邦
2019-07-10,A股头条之上市公司公告精选（7.11）,金融界
2019-07-10,美年健康上半年营收36.41亿 厚积薄发增速可期,华夏时报
2019-07-10,美年健康上半年收入36.41亿，量质平衡稳健发展,金融界
2019-07-10,美年健康：预计上半年净利下降60%-90% 盈利能力下降,Wind
2019-07-10,负债超股东权益19亿 带量采购落地 乐普医疗业绩承压 偿债能力下降,投资时报
2019-07-10,07月10日填权行情机会股一览,中财网
2019-07-09,海外医药新闻发布2019/7/9【西南医药朱国广陈铁林团队】,国广有话说
2019-07-09,美年大健康董事长俞熔：医疗健康领域也出现了消费升级的趋势,澎湃新闻
2019-07-08,卫星导航概念股早盘低迷 中元股份跌近9%,中国经济网
2019-07-07,医药生物全球视野–西南证券海外医药一周资讯（2019.7.1-2019.7.5）【西南医药朱国广陈铁林团队】,国广有话说
2019-07-04,明日股市三大猜想：周线面临重要关口 回落概率大增,金融界
2019-07-04,接轨国际标准 美年大健康与华润JCI达成战略合作,证券之星
2019-07-03,美年健康(002044.SZ)年报推10派0.531516元 股权登记日7月9日,格隆汇
2019-07-03,希玛眼科大涨近35%，医药行业结构性投资机会值得关注,第一财经
2019-07-03,海外医药新闻发布2019/7/2【西南医药朱国广陈铁林团队】,国广有话说
2019-07-03,"智飞生物:19H1业绩延续高增长,预防微卡获批在即",安信证券
2019-07-02,07月02日 22只股票封板 船舶制造板块涨幅最大,每日经济新闻
2019-07-02,格隆汇A股公告精选(7.02) | 中国通号(688009.SH)拟发行不超18亿股 10日开始申购;华兴源创网上申购近2.3万个号码中签;交行建行下周派发股息；截至6月底多家公司现大量回购,格隆汇
2019-07-01,美年健康(002044.SZ)累计耗资2.14亿元回购1549.38万股,格隆汇
2019-06-28,海外医药新闻发布20190628【西南医药朱国广陈铁林团队】,国广有话说
2019-06-28,投资地产医药主题基金时，了解这点赚更多！,养基司令
2019-06-28,天风证券：医药带量采购持续推进 精选三大投资主线,证券时报网
2019-06-26,利空出尽+估值切换，医药板块年底或迎新一轮上涨趋势,第一财经
2019-06-26,海外医药新闻发布20190626【西南医药朱国广陈铁林团队】,国广有话说
2019-06-26,【申万零售】家家悦（603708）：以“鲜”利其器，全国扩张正当时,消费共伊语
2019-06-26,本月以来260家公司接受机构调研，机构调研聚焦电子企业,Wind
2019-06-26,本月以来260家公司接受机构调研 机构调研聚焦电子企业,中证报
2019-06-26,银行股集体大幅下跌 黄金股继续大受追捧,每日经济新闻
2019-06-26,美年健康汇川技术最受关注 机构调研聚焦电子企业,中证报
2019-06-25,海外医药新闻发布20190625【西南医药朱国广陈铁林团队】,国广有话说
2019-06-25,美年健康(002044.SZ)累计耗资2亿元回购1439.38万股,格隆汇
2019-06-25,美年健康：股东世纪长河质押1890万股，用于融资,Wind
2019-06-25,【申万零售】重庆百货(600729)：混改落地，规模和效率有望进一步提升,消费共伊语
2019-06-25,【申万零售】苏宁易购(002024)：48亿收购家乐福中国，加快全场景零售业态布局,消费共伊语
2019-06-24,"医药生物行业:医药政策进入密集落地期,聚焦科创板、医药创新和医药消费",东吴证券
2019-06-23,【中信建投医药|行业周报】：8省市取消耗材加成，“腾笼换鸟”更进一步,菊颖医药观察
2019-06-21,东海证券发布医药行业中期策略：两维度布局,证券时报网
2019-06-21,1847家机构调研322次：公私募为主力 两股最受宠(表),新浪
2019-06-21,财通基金发展失策投研能力“不足” 总经理王家俊接连“受挫”,中金在线
2019-06-21,质疑媒体报道失实 美年健康、苏州龙杰发布澄清公告,中金在线
2019-06-21,美年健康回应质疑：称俞熔未持安翰科技股份，未虚报合作门店,澎湃新闻
2019-06-21,21日公司新闻聚集：*ST康得内讧升级 中国平安连续第3日回购,证券时报网
2019-06-21,美年健康：上市四年忙收购 回购能否提振市场信心？,面包财经
2019-06-21,华兴源创安翰科技回应质疑,证券时报
2019-06-20,A股头条之上市公司公告精选（6.21）,金融界
2019-06-20,美年健康：安翰科技的谎言报道不实 对公司影响恶劣,第一财经
2019-06-20,美年健康澄清：《安翰科技的谎言》涉及公司的内容与事实不符,Wind
2019-06-20,A股共发生59宗大宗交易成交19.21亿元（6月20日）,Wind
2019-06-20,美年健康今日大宗交易成交700万股，成交价12.25元折价7.62%,Wind资讯
2019-06-19,2900点横盘一个多月，机构表示这27股还有60%的空间,Wind
2019-06-19,十部委加码扶持社会办医 千亿体检市场再迎政策大礼包,中金在线
2019-06-18,TCL集团、中国平安等密集出手 多上市公司公布股票回购计划及进展,e公司
2019-06-18,[快讯]美年健康发布解除质押公告 涉及股份16808.0350万股,中财网
2019-06-18,美年健康(002044.SZ)截至6月18日回购1078.31万股 涉资1.53亿元,格隆汇
2019-06-17,财政部医保局来查账 77家药企有多痛？,财经国家周刊
2019-06-17,业内首只医疗ETF正式上市 填补市场空白,金融投资报
2019-06-17,17日公司新闻聚焦：贵研铂业锡业股份实控人或变更 控制人变化,证券时报网
2019-06-15,中信建投证券资本市场部大健康行业双周报（2019.06.10-2019.06.23）,中信建投证券资本市场部
2019-06-14,A股头条之上市公司公告精选（6.15）,金融界
2019-06-14,美年健康：非公开发行申请获审核通过,金融界
2019-06-14,近日海外机构调研股名单,证券时报网
2019-06-14,美年健康：定增过审,Wind
2019-06-14,美年健康(002044.SZ)定增申请获证监会审核通过,格隆汇
2019-06-14,06月14日 60只个股已连涨5天,每日经济新闻
2019-06-13,做大做强体检主业 美年健康拟8亿元增资美年大健康,证券日报
2019-06-13,39家公司获海外机构调研,证券时报网
2019-06-13,美年健康海外扩张战略提上日程 1.5亿增资境外孙公司,新浪
2019-06-13,增资海外孙公司，美年健康要出海“闯关”了？,亿欧网
2019-06-13,A股早报2019年6月13日星期四,Wind
2019-06-12,海外机构调研股揭秘：6股获北上资金加仓,证券时报
2019-06-12,美年健康(002044.SZ)拟向美年大健康增资8亿元 做大做强体检主业,格隆汇
2019-06-12,美年健康：8亿元增资全资子公司美年大健康,e公司
2019-06-12,38家公司获海外机构调研,证券时报
2019-06-11,券商25个工作日调研超2400次，电子板块受关注度居首,汇通网
2019-06-11,美年健康获195家机构扎堆调研,信息时报
2019-06-10,美年健康：控股股东天亿资产等三股东合计质押6950万股,Wind
2019-06-10,东吴证券：医保控费政策常态化运行 短期建议关注政策免疫板块,证券时报网
2019-06-09,美年健康获261家机构调研 股价却创年内新低,21世纪经济报道
2019-06-09,医疗保健：医保控费政策进入常态化运行阶段 荐9股,东吴证券
2019-06-07,美年健康：未来5年将全力突破个检,中金在线
2019-06-05,美年健康(002044.SZ)截至5月底累计回购1.04亿元的股份,格隆汇
2019-06-03,北上资金40亿抄底股指却翻绿，原来这些资金仍在出逃,Wind
2019-05-31,2019格隆汇首届大中华区A股最佳上市公司评选名单揭晓,格隆汇
2019-05-31,一举拿下多家公司股权，美年健康（002044）今日发布公告,环球老虎财经
2019-05-31,美年健康2名股东合计质押309万股 公司去年净利同比增长41%,挖贝网
2019-05-30,【国盛策略 | 产业资本每周观】后续市场仍将面临减持压力——第15期,尧望后势
2019-05-30,[快讯]美年健康发布质押公告 涉及股份21710.8685万股,中财网
2019-05-30,美年健康：股东股份质押308.97万股,Wind
2019-05-29,【国盛策略 |市场情绪周监控】股票型基金发行大幅增加——市场情绪周监控第36期,尧望后势
2019-05-29,[快讯]基因测序、深汕合作区概念走弱,中财网
2019-05-27,科创板系列报告之医疗器械篇：拟登录科创板五家代表性器械公司对比,国广有话说
2019-05-27,A股投资者行为和资金流向周报—产业资本净减持，陆股通继续大额流出20190527,宏信视角
2019-05-27,【申万零售】水果价格为何“一路高歌”？,消费共伊语
2019-05-27,宏信证券：产业资本净减持 陆股通继续大额流出,和讯
2019-05-27,了不起的中小板：15年再融资1.6万亿助力实体经济，打造细分冠军主平台,21世纪经济报道
2019-05-24,净增持再现！5月市场回购或回暖，产业资本在释放什么信号？,证券时报网
2019-05-24,美年健康股东上海美馨解除质押1200万股,挖贝网
2019-05-23,[快讯]美年健康发布解除质押公告 涉及股份12478.8743万股,中财网
2019-05-23,A股早报2019年5月23日星期四,Wind
2019-05-22,A股共发生74宗大宗交易成交8.08亿元（5月22日）,Wind
2019-05-22,A股早报2019年5月22日星期三,Wind
2019-05-21,月内364家公司发布回购公告涉资逾400亿 两主线掘金回购潜力股,证券日报
2019-05-20,寻找强内需与科创板的最大公约数 --医药行业周报（2019.05.13-2019.05.19）,兴证医药健康
2019-05-19,中期策略外发，寻找行业结构优化进程中高景气成长细分的确定性,国医盛视
2019-05-17,美年健康：股东新增股份质押合计225.72万股,Wind
2019-05-17,医药行业2018利润增速创5年新低 延安必康实际盈利稳中有升 盈利能力下降,每经网
2019-05-16,美年健康：股份回购实施期限延期 违约失信,Wind
2019-05-15,【申万零售】那些年我们经历的节假日错位,消费共伊语
2019-05-15,【申万零售】4月社零总额同比增长7.2%，假期错位导致短期波动,消费共伊语
2019-05-14,国盛证券药行业2019年中期策略：细分真英雄方主沉浮,证券时报网
2019-05-14,【国盛医药张金洋团队】医药行业医药行业2019年中期策略：结构优化看百家争鸣，细分真英雄方主沉浮,国医盛视
2019-05-14,【医药行业】2019年中期策略：结构优化看百家争鸣，细分真英雄方主沉浮--寻找行业结构优化进程中高景气成长细分的确定性,格隆汇
2019-05-14,财经早报:MSCI纳A权重翻倍 美股暴跌道指重挫617点 连续下跌,新浪
2019-05-13,北京将推进“互联网+护理服务” 4股迎机遇,中证报
2019-05-13,【申万零售】商业贸易行业周报：食品价格推动4月CPI维持温和通胀态势,消费共伊语
2019-05-13,【朝闻国盛0513】新局面新变化，坚守核心资产,国盛证券研究所
2019-05-12,【申万零售】一张图读懂周六福珠宝,消费共伊语
2019-05-12,【西南医药】美年健康（002044）：全年业绩符合预期，短期质控费用上升,国广有话说
2019-05-11,美年健康2名股东合计质押4667万股 公司去年净利同比增长41%,挖贝网
2019-05-10,美年健康：公司股东世纪长河、天亿控股合计质押4666.68万股,Wind
2019-05-10,【早间资讯】2019-05-10,大通证券投教基地
2019-05-09,民生加银夺4月份权益基金跌幅冠军 2只混基跌超9%,中国经济网
2019-05-08,未来垄断性医药股有哪些,云掌财经
2019-05-08,[快讯]美年健康发布解除质押公告 涉及股份21605.0018万股,中财网
2019-05-08,"权益事件监测周报:93家公司发布分红预案,70家公司发布高管减持",渤海证券
2019-05-08,券商首次关注3股并给予买入评级（5月8日）,Wind
2019-05-08,【朝闻国盛0508】“巴菲特们”的秘密——财务视角解密外资选股框架,国盛证券研究所
2019-05-07,假医门未过新模式不被认同 美年健康玩命扩张受其害,新浪
2019-05-07,安翰科技回复上交所64问 客户集中度高具有普遍性 问询,中证网
2019-05-07,上交所64问安翰科技 重度依赖“美年系”遭重点关注,北京商报网
2019-05-07,[路演]美年健康：继续深耕全国市场 加快三四线城市布局,全景网
2019-05-07,【金工】93家公司发布分红预案，70家公司发布高管减持——权益事件监测周报（联系人：郝倞 张世良）,渤海证券研究
2019-05-07,【天风研究·固收】信用早早报（5月7日）,固收彬法
2019-05-07,【东吴晨报0507】【策略】周评【行业】医药【个股】完美世界、平治信息,东吴研究所
2019-05-06,[快讯]美年健康51462万限售股5月10日解禁 解禁,中财网
2019-05-06,美年健康：2019年累计新增借款超上年末净资产的20% 大额借贷担保,Wind
2019-05-06,美年健康(002044.SZ)截至4月底回购660.7万股 涉资9742.93万元,格隆汇
2019-05-06,五大上市险企首季净利大增 主因是投资收益大幅增长,羊城晚报
2019-05-05,【西南医药】医药行业2018年年报及2019年一季报总结：行业分化明显，疫苗、CRO和药店等表现抢眼,国广有话说
2019-05-05,板块分化后的投资策略 ——兴证医药2019年5月投资月报,兴证医药健康
2019-05-05,【招商医药】医药生物行业18年年报及19年一季报回顾--医药整体业绩探底，内部分化明显,招商医讯
2019-05-05,【国盛医药张金洋团队】年报季报验证医药从野蛮扩张到结构优化，继续推荐医药流通,国医盛视
2019-05-03,33家医疗服务上市公司2018年年报：12家净利润同比下降 盈利能力下降,亿欧网
2019-04-30,【西南医药】美年健康（002044）：全年业绩符合预期，短期质控费用上升,国广有话说
2019-04-30,医疗保健：基金医药持仓比例11.3% 荐9股,和讯
2019-04-30,连续五年高成长股票名单出炉！8股获北上资金增仓超100%,证券时报
2019-04-30,2707家公司披露一季报证金、汇金等持股名单曝光,重庆商报
2019-04-30,民营体检市场竞逐正酣 瑞慈聚焦大健康闭环,21世纪经济报道
2019-04-29,【申万零售】机构持仓环比提升，百货板块受青睐,消费共伊语
2019-04-29,300多家一季度业绩亏损，这些上市公司发行的债券需防踩雷！,Wind
2019-04-29,医疗保健：机构Q1医药持仓略有下降 荐45股,和讯
2019-04-29,医疗保健：把握医药科创板行情 荐13股,和讯
2019-04-29,“每年体检”到“美年体检”，深度解析美年健康的投资价值与逻辑,格隆汇
2019-04-29,【东吴医药】医药周观点20190429:基金医药持仓比例11.3%，较2018年略有提升，建议积极关注有业绩保障的公司,东吴医药研究团队
2019-04-29,美年健康一季度净利亏损1.18亿较上年同期亏损增加 现金流量净额为-5.56亿元,挖贝网
2019-04-28,"中泰证券：将美年健康评级调低为""增持""",Wind
2019-04-28,医疗保健：继续推荐3+2主线 荐2股,和讯
2019-04-28,医疗保健：医药生物业周报 荐6股,和讯
2019-04-28,美年健康2018年营收增长34.64% 实现净利润8.21亿元,经济观察网
2019-04-28,美年健康2018年营收突破80亿元,新华网
2019-04-28,【国盛医药张金洋团队】详解2019Q1机构医药持仓，继续推荐医药流通,国医盛视
2019-04-28,"美年健康:2018年实现体检中心633家,检验人次数超过2778万人次,行业龙头地位显著",东吴证券
2019-04-28,"美年健康2018年报及19Q1季报点评:提升管理与合规,稳健内生+外延成长",国元证券
2019-04-26,美年健康去年营收84.6亿元 净利8.2亿元 董事长俞熔薪酬300万元,挖贝网
2019-04-26,年报观察｜美年健康2018年营收破80亿 同比增长34.64%,华夏时报
2019-04-26,【国信医药】美年健康2018年年报暨2019年一季报点评：增速放缓，完善生态圈布局,GuosenHealthcare
2019-04-26,「医药速读社」与350亿美元市场擦肩？吉利德第二项NASH研究也失败,新浪
2019-04-26,"国信证券：将美年健康评级调低为""增持""",Wind
2019-04-26,经历风波的美年健康去年收入84亿，民营体检力拓AI,第一财经
2019-04-26,美年健康公布2018业绩 净利8.21亿元同比增长40.53%,新浪
2019-04-26,华创事件驱动早报4-26：泛在电力物联网建设进度超预期；维生素A报价继续向上,华创证券研究
2019-04-26,美年健康去年营收超80亿元 健康流量入口赋能生态圈,证券日报
2019-04-26,【申万零售】美年健康(002044):年报业绩符合预期，龙头地位进一步巩固,消费共伊语
2019-04-25,A股头条之上市公司公告精选（4.26）,金融界
2019-04-25,上市公司业绩精选：老凤祥2018年净利同比增6.02％,金融界
2019-04-25,美年健康收购西宁美年等19家公司股权,北京商报网
2019-04-25,美年健康(002044.SZ)2018年净利润升40.53%至8.21亿元 拟10转2派0.53元,格隆汇
2019-04-25,美年健康2018年盈利8.21亿元 今年一季度亏损1.18亿元 亏损,北京商报网
2019-04-25,美年健康：2018年净利润同比增40.53%,Wind
2019-04-25,美年健康：一季度亏损同比扩大净亏1.18亿元 亏损,Wind
2019-04-24,创投行业进入洗牌期 信中利年报业绩稳中有升,每经网
2019-04-23,20家公司定增方案“向下调整”,大众证券报
2019-04-22,【天风医药】一周医讯：医药后市更值得期待，持续关注“三条主线”,思医辨药
2019-04-22,【东吴医药】医药周观点20190421:关注医保局动态，把握医药科创板行情,东吴医药研究团队
2019-04-15,全市场最牛的基金经理怎么看当前市场？怎么选股票？（附金牛奖榜单）,中证报
2019-04-15,医药板块仍具备较高性价比优势 关注四类股,证券时报网
2019-04-11,安翰科技IPO预警：重度依赖美年系 其大客户波动明显,新浪
2019-04-10,A股共发生54宗大宗交易成交10.92亿元（4月10日）,Wind
2019-04-10,美年健康今日大宗交易成交19.76万股，成交价17.02元折价7.55%,Wind资讯
2019-04-10,医疗保健：亢奋下留一半清醒 短期看估值修复,和讯
2019-04-09,医疗保健：居民医药消费需求依旧刚性 荐6股,和讯
2019-04-08,【天风医药】一周医讯：看好医药板块行情，重点关注生物类细分领域及医药大消费投资机会,思医辨药
2019-04-07,再论医药流通！重新梳理长期医药十年十倍四大主线！【国盛医药张金洋团队】,国医盛视
2019-04-06,A股持续走牛，大额减持是隐患，白马股成焦点 减持股份,Wind
2019-04-05,首批受理企业的影子股先抓眼球！,券商中国
2019-04-04,四年“老将”乔海英业绩不佳遭“瘦身”，平安基金现人才乏力 盈利能力下降,中金在线
2019-04-03,最新药企身价排行榜出炉 千亿市值上市企业仅剩三席,健康界
2019-04-02,恒瑞、华润、九州通等药企市值排行出炉,赛柏蓝
2019-04-01,【中银医药】周观点：科创板第二批名单出炉，科技成长及创新型企业仍为主推方向,周观宇论
2019-04-01,1日公司新闻聚焦：全通教育拟收吴晓波资产被问询 问询,证券时报网
2019-04-01,基金年报重仓股探营：“迷恋”金融和大消费 708只基金重仓中国平安,证券日报
2019-04-01,"【中证盘前】增值税税率今起下降！10倍牛股东方通信年报出炉；全通教育拟收吴晓波资产被问询，今日复牌；标普创十年最大单季涨幅
盈利能力下降",中证报
2019-04-01,这家上市公司高调“官宣”：我是合资券商影子股,中财网
2019-03-31,创新疫苗将进入第二波浪潮，重新梳理长期医药十年十倍四大主线【国盛医药张金洋团队】,国医盛视
2019-03-31,一季度基金回报喜人！最高斩获56%收益 冠军基金经理看好这两大板块,中证报
2019-03-29,绩优股溢价交易增多 机构通过大宗平台疯狂增持——3月大宗交易平台简析,红周刊
2019-03-29,公告精选：中行、农行、交行披露2018年年报,e公司
2019-03-29,美年健康：一季度预亏0.8亿元-1.2亿元 预亏,e公司
2019-03-29,美年健康：预计一季度亏损8000万-1.2亿元 预亏,Wind
2019-03-29,旧爱新宠齐上阵 基金比拼重仓股,金融投资报
2019-03-27,申万宏源：北新路桥拟发可转债并购 新宙邦拟募资额上调三成,和讯
2019-03-27,医疗保健：一致性评价大限取消 荐11股,和讯
2019-03-26,【中信建投医药 | 行业周报】科创板接受项目申报，积极关注医药主线机会,菊颖医药观察
2019-03-26,【中信建投医药】科创板系列研究之二 安瀚科技：胶囊胃镜创新企业,菊颖医药观察
2019-03-26,这家胶囊胃镜公司将上科创板 刘永好、王思聪都是幕后股东,中金在线
2019-03-26,【华泰医药代雯团队】科创投资手册系列之安翰科技：磁控胶囊胃镜技术先锋,谈医论股丨华泰医药
2019-03-26,中信建投晨会0326 | 关注医疗信息化补涨机会；科创板受理企业研究；中航机电,中信建投证券研究
2019-03-26,【医药|杜佐远团队太平洋证券】从安翰科技的迅速成长看美年健康的平台价值——科创板医药系列解析之二,太平洋证券研究
2019-03-25,光大策略 | 资金净流入244亿元，陆股通出现净卖出——2019年第11周股市资金跟踪,超悦策略
2019-03-25,“丑媳妇见公婆”：科创板首批9家受理企业基本面深度解读,阿尔法工场
2019-03-25,安翰科技：收入七成依赖美年健康 王思聪、刘永好参与,中金在线
2019-03-25,首批受理科创板企业及相应投资机会分析,大众证券报
2019-03-25,科创板上市审核问答 影子股名单,中国基金报
2019-03-25,等不及科创板开板，首批受理企业的影子股先抓眼球！ 9家企业26只A股影子股看过来,券商中国
2019-03-24,科创板开门迎客，医药创新驱动力换挡在即｜【光大医药·周报】,医心医意要健康
2019-03-21,公告汇总：*ST上普拟主动终止公司股票上市,网易
2019-03-21,A股头条之上市公司公告精选（3.22）,金融界
2019-03-21,公告集锦：中炬高新实控人变更姚振华 涪陵榨菜去年净利增近六成,腾讯网
2019-03-21,美年健康拟下调募资金额3.3亿 压缩补充流动资金总额,挖贝网
2019-03-21,3月21日上市公司晚间公告速递,新浪
2019-03-21,美年健康：下调定增募资额至不超20.46亿元,e公司
2019-03-20,十个门店行业大起底：新消费·门店经济，十分钟看懂,格隆汇
2019-03-19,A股早报2019年3月19日星期二,Wind
2019-03-18,【中信建投医药】行业周报：慢牛行情下， 医药成长股配置价值凸显,菊颖医药观察
2019-03-18,百花村(600721.SH):控股股东六师国资公司拟转让约7952.51万股公司股份,格隆汇
2019-03-17,百花村大股东选婿 两家意向方浮出,e公司
2019-03-15,美年健康(002044.SZ)股东上海和途已将5115.70万股转让予海通证券,格隆汇
2019-03-15,A股早报2019年3月15日星期五,Wind
2019-03-15,晨会0315｜逆周期调节开始起作用,微信
2019-03-15,美年健康（002044）：美年新时代，连锁体检龙头整装再起,中信证券研究
2019-03-14,美年健康(002044.SZ)：“18美年01”拟于3月19日付息 票面利率6.57%,格隆汇
2019-03-14,商业零售：MSCI扩容A股 荐5股,和讯
2019-03-14,A股早报2019年3月14日星期四,Wind
2019-03-13,北上资金恢复净买入 持续调仓金融和消费板块,证券时报
2019-03-12,完成并购爱康国宾，阿里苏宁等买方为何看上这个民营体检巨头,澎湃新闻
2019-03-12,信号！连续4天净卖出结束，北上资金恢复净买入！这些公司重获加仓,e公司
2019-03-12,阿里及苏宁等完成并购爱康国宾 具体金额未披露,新京报
2019-03-12,最前线丨阿里苏宁百亿元并购爱康国宾，要下决心做医疗生意？,36氪
2019-03-11,"医药行业周报;医保控费趋严,需更加重视CRO/CMO投资价值",证券之星
2019-03-11,"医药生物行业:科创板助力,带动医药板块估值回升",东吴证券
2019-03-08,国资基金上海论坛：助力国有资本投资运营,中证网
2019-03-08,“她投资”崛起：今天是女神节，来看看国内创投圈的“半壁江山”,铅笔道
2019-03-07,午评：市场风格转换！白马股普遍调整，两市成交超7000亿,证券时报网
2019-03-06,美年健康(002044.SZ)股东天亿控股解除质押1200万股,格隆汇
2019-03-04,【天风医药】3月月报：寻找低估值滞涨同时业绩有望向上的标的，关注科创板影响,思医辨药
2019-03-03,【天风医药】一周医讯：寻找低估值业绩向上标的，关注科创板对医药板块的影响,思医辨药
2019-03-01,美年健康(002044.SZ)截至2月底累计回购9742.93万元股份,格隆汇
2019-03-01,医疗保健：持续强推创新服务商+注射剂国际化+医药消费品 关注非洲猪瘟带来的肝素原料行业变化,和讯
2019-03-01,【平安医药】行业专题报告：大湾区规划出台，生物医药领域迎来投资风口,A叶寅A医药行业研究
2019-03-01,2019年医药行业投资机会解读,联讯金融
2019-03-01,棱镜|A股大规模业绩预亏背后：牛市阴影下，万亿商誉雷 预亏,棱镜
2019-02-28,2019，医药冷链如何乘坐政策之风发展？,亿欧网
2019-02-25,政策“脱敏”与创新药的长期空间,格隆汇
2019-02-25,02月25日 122只个股已连涨5天,每日经济新闻
2019-02-25,"医药与健康护理行业周报:集采政策明确试点先行,行情趋好关注医药投资机会",正点财经
2019-02-25,【天风医药】一周医讯：继续看好后续医药板块行情，关注业绩高增长标的,思医辨药
2019-02-25,"医药生物行业:两会政策决定医药产业走势,政策免疫板块仍是首选",东吴证券
2019-02-24,医疗保健：继续推荐确定性高的细分行业 荐3股,中银国际
2019-02-22,积极打造大健康平台 美年健康与杭州艾迪康达成战略合作,证券日报
2019-02-22,北上资金扫货遵循政策与业绩前景,大众证券报
2019-02-22,资金压力“有点大”，美年健康旗下6家体检机构引入参投基金,亿欧网
2019-02-22,1年吃进20公司45亿商誉压顶 美年健康豪买杠杆率堪忧,投资时报
2019-02-22,价量齐升沪指兵临2800点关口资金涌入电子等三行业孕育牛股,证券日报
2019-02-22,价量齐升沪指兵临2800点关口 三行业孕育牛股,证券日报
2019-02-21,宽基系列终结篇：中小板基金如何选？,新浪
2019-02-21,【医疗保健-体检行业】深度：透过《年鉴》看我国医疗机构体检人次变化,格隆汇
2019-02-20,美年健康：已初步完成粤港澳地区体检中心整体布局,e公司
2019-02-19,"医药生物行业基于2000余份新春调查问卷结果的分析研究:知否知否,医药消费应是愈浓愈厚",正点财经
2019-02-18,"医药生物行业:居民医药消费需求依旧刚性,紧抓业绩高增长个股",东吴证券
2019-02-17,重要公告汇总： 8连板的银星能源未筹划重大重组,网易
2019-02-16,40股有望大涨逾三成,投资快报
2019-02-16,180份年报业绩快报盘点 机构集中推荐13只个股,证券日报
2019-02-15,2019年2月策略：持续上攻后的调整 期待年报盈喜,和讯
2019-02-15,美年健康：量价提升持续 增持评级,和讯
2019-02-15,美年健康：19年有望企稳 买入评级,和讯
2019-02-14,美年健康：为公司长期发展奠定坚实基础 买入评级,和讯
2019-02-14,25股获券商买入评级 保利地产目标涨幅达55.27%,Wind
2019-02-14,【东吴晨报0214】【个股】迈为股份、美年健康,东吴研究所
2019-02-13,600家体检中心已基本覆盖全国 美年健康2018年净利增长近五成,证券日报
2019-02-13,"美年健康:2018年业绩预告发布,体检龙头再起航",正点财经
2019-02-13,医药生物2月投资策略及年报前瞻：期待年报报喜，关注政策变化,国信研究
2019-02-13,精选年报业绩有保障及估值合理个股——医药行业周报,渤海证券
2019-02-13,美年大健康产业控股股份有限公司2018年度业绩快报,证券时报
2019-02-13,【医药-美年健康(002044)】江琦、王超（研究助理）：公司点评：业绩基本复合预期，期待Q1经营表现-20190212,中泰证券研究所
2019-02-12,美年健康去年利润8亿元同比增长42% 建成600家专业体检中心,挖贝网
2019-02-12,A股头条之上市公司公告精选（2.13）,金融界
2019-02-12,2月12日上市公司消息公告，久立特材去年年度净利同比增长128%,和讯
2019-02-12,12日晚公告精选丨东方金钰：拟暂时终止控制权转让事项,21财经搜索
2019-02-12,公告精选：东方金钰收上交所监管函，拟暂时终止控制权转让；*ST毅达独董仍未与现任董事长建立联系，股价已连续3个涨停 问询,每日经济新闻
2019-02-12,美年健康：2018年净利8.22亿元 同比增长41.7%,证券之星
2019-02-12,[快讯]久立特材2018年净利同比增128% 多家公司公布业绩-更新中,中财网
2019-02-12,美年健康业绩快报：去年净利8.22亿元 同比增长41.70%,腾讯网
2019-02-12,美年健康(002044.SZ)2018年度净利润升41.7%至8.22亿元,格隆汇
2019-02-12,美年健康业绩快报：2018年净利同比增41.7%,e公司
2019-02-12,美年健康业绩快报：2018年净利润8.22亿元，同比增长41.7%,Wind
2019-02-11,医药生物行业周报：蓄力待发展望长期机遇,国海证券
2019-02-11,药企并购热潮持续 医药行业大洗牌,医药网
2019-02-11,联讯证券：美年健康买入评级,联讯证券
2019-02-11,【医药】江琦、王超（研究助理）：2月月报：信心正逐步恢复、Q1建议关注创新药、原料药和商业板块-20190210,中泰证券研究所
2019-02-02,【中信证券 | 消费】从持仓结构看消费产业,麦高玩乐游
2019-02-01,广州万隆：多头弹药突然翻倍 这类股回调即是买入时机,中金在线
2019-01-31,医疗保健：2018年预计增长保持稳健 荐21股,和讯
2019-01-31,"医药行业周报:创新药产业链为长期主题,重点推荐恒瑞医药、药石科技",西南证券
2019-01-30,A股共发生39宗大宗交易成交12.23亿元（1月30日）,Wind
2019-01-30,医药行业周报:三类医药股的不同投资策略,正点财经
2019-01-30,中财独家:等待节后进一步春季反弹攻势机构预测,中财网
2019-01-30,美年健康今日大宗交易成交577.60万股，成交价14.3元折价8.27%,Wind资讯
2019-01-30,31日机构强推买入 六股成摇钱树,证券之星
2019-01-30,A股早报2019年1月30日星期三,Wind
2019-01-30,医药行业周报:上海卫健委进一步规范自费药品采购及使用管理,渤海证券
2019-01-30,"美年健康:引入上海国资战投,夯实健康预防医学龙头地位",申万宏源
2019-01-29,美年健康获国资入股 体检行业资本动作频频、管理仍待“体检”,21世纪经济报道
2019-01-29,今年已有12家民营上市公司欲“牵手”国资 涉及金额合计约40亿,经济观察网
2019-01-29,【医药-美年健康(002044)】江琦、王超（研究助理）：公司点评：计划引入上海国资背景战投，助力公司长期发展-20190128,中泰证券研究所
2019-01-29,【晨会聚焦】工业企业数据点评：盈利再降，亟待财政政策更加积极,中泰证券研究所
2019-01-29,创新药产业链主题性机会凸显 10只概念股获机构推荐,证券日报
2019-01-29,"医药行业周报:集采落地期多管齐下确保用量,绩报期关注确定性高的标的-",证券之星
2019-01-28,美年健康获国资战略入股 将获政策、资源、资本三方面支持,腾讯网
2019-01-28,"【中证盘前】多家券商2018年预减预亏，行业净利下滑超四成；鲁亿通2018年净利预增逾15倍；美年健康拟引入纾困基金作为战略股东
预亏",中证报
2019-01-28,美年健康获国资入股 与国盛海通基金及海通战略合作,新浪
2019-01-28,美年健康获国资战略入股 资源资本多重优势助力新飞跃,证券日报
2019-01-28,美年健康引进国资战略股东 奠定上海医疗健康产业“王者地位”,全景网
2019-01-28,A股早报2019年1月28日星期一,Wind
2019-01-28,美年健康获上海国资战投，迎来重大发展利好,中金在线
2019-01-28,"美年健康:引入上海国资战略投资,助力企业稳健发展",国元证券
2019-01-27,美年健康获战略投资 上海国资现身,新京报
2019-01-26,早讯丨小米回应柔宇指责称双折叠手机系自研；编程猫完成近六亿元融资,亿欧网
2019-01-25,沪深上市公司19年1月25日晚间上市公司重要公告,全景网
2019-01-25,搭建医疗健康产业平台 美年健康牵手国盛海通基金及海通证券开展战略合作,证券日报
2019-01-25,美年健康拟引入上海纾困基金作为战略股东,中证网
2019-01-25,美年健康成交5亿元折价大宗交易,e公司
2019-01-25,医疗保健：国家药品集采使用试点方案发布 荐11股,和讯
2019-01-25,01月25日 盘中突破半年线个股一览,每日经济新闻
2019-01-25,[互动]美年健康：公司深入布局AI人工智能 引领行业创新,全景网
2019-01-25,医疗健康投融资新趋势：向头部资源集中,证券日报
2019-01-25,基金抛售医药股 持仓市值减少200亿,金融投资报
2019-01-24,基金Q4逆势猛加仓医药股名单！不仅A股，流感疫苗全国独此一家？,中财网
2019-01-24,福布斯中国2019最佳女性创投人Top25都是谁？,福布斯
2019-01-23,基金四季报调仓动向：加配创业板 10公司控盘程度最高,证券时报网
2019-01-23,申万宏源零售行业2018年年报业绩前瞻,申万宏源
2019-01-22,"医药生物行业周报:信心恢复,逐步增配医药",国海证券
2019-01-22,医药行业周报:集采留有政策空间和余地、看好2019板块反转,证券之星
2019-01-21,老沙：在“熔断底”上方过春节,中财网
2019-01-19,棱镜丨爱康私有化三年波折后终收场，张黎刚与阿里系成最后赢家,棱镜
2019-01-19,“啪啪”打脸！盘点2018股市里那些吹过的牛皮,经济日报
2019-01-19,爱康国宾私有化完成，张黎刚称一个全新里程即将开始,Wind
2019-01-19,最悲观的时刻正在过去 基金重仓医药股业绩增长强劲,金融投资报
2019-01-18,CFi收盘揭秘:冲关日妖股跌停 60日线上还有多大空间,中财网
2019-01-18,马云出手收购爱康国宾，苏宁易购火速入局,医药网
2019-01-18,阿里熊抱体检市场了！有三种声音，你怎么想,蒲公英
2019-01-16,健康体检行业:爱康国宾私有化进程更新及对体检行业的影响讨论,中证网
2019-01-16,得马云助力，他三年前就想做的事情成了,腾讯网
2019-01-16,爱康国宾私有化尘埃落定 体检双雄“野蛮生长后”的岔路口,21世纪经济报道
2019-01-16,医药行业周报:大连市首发4+7集采工作方案,渤海证券
2019-01-15,私有化退市在即 阿里、苏宁等15亿美元收购爱康国宾股份,每日经济新闻
2019-01-15,医疗保健：新常态下应自下而上乐观选股 荐9股,和讯
2019-01-15,爱康国宾私有化，借阿里东风“体检行业老二”能否借机翻身,华夏时报
2019-01-15,A股回购热潮继续上演 新年首周20公司大手笔回购,投资快报
2019-01-15,淘宝、苏宁等15亿美元收购体检第一股“爱康国宾” 其董事长公开爆料行业“假医生、假体检”黑幕,华夏时报
2019-01-15,爱康国宾私有化冲刺 苏宁易购子公司火速参与,全景网
2019-01-14,苏宁拟出资5000万美元参与爱康国宾私有化,联商网
2019-01-11,75家上市公司被追问商誉问题 互动平台回复寥寥,第一财经
2019-01-10,广发基金总经理林传辉面临二道坎 旗下产品踩雷+清盘 重仓股票异动,新浪
2019-01-09,今日204股突破五日均线 1月9日突破五日均线个股乖离率排名,金投网
2019-01-09,医药行业周报:卫健委部署2019年卫生健康改革十大重点任务,渤海证券
2019-01-08,至于最近如火如荼的新冠疫苗方面，瑞科生物虽有所布局，但可惜介入时机点太慢，问市时间窗口并不明朗。,财华社
2019-01-08,弘康人寿增资屡受挫 湖北首富终出局,时代周报
2019-01-08,"医药行业周报:政策负面预期趋稳,支付结构调整倒逼转型",证券之星
2019-01-08,"2019年1月医药行业投资策略:“轻药重医”为正道,首推医疗器械板块",西南证券
2019-01-08,"医药行业周观点:2019推荐配置具备消费属性的医药标的,持续推荐长春高新、我武生物等标的",东吴证券
2019-01-07,盘前参考:降准等多重利好聚集 大反弹需要有大题材,中财网
2019-01-06,体检究竟是不是一门好生意？,亿欧网
2019-01-05,A股回购热潮继续上演 新年首周20公司大手笔回购,财富动力网
2019-01-04,午间公告：凯利泰拟8000万元至1.5亿元回购股份,Wind
2019-01-03,风险偏好提高，数点医药板块中的“科技”股 ——兴证医药2020年1月投资月报【兴证医药】,兴证医药健康
2019-01-03,【东吴晨报0103】【月策略】十大金股【年度策略】医药、轻工【行业】电子【个股】亚夏汽车、用友网络,东吴研究所
2019-01-02,弘康人寿拟新引入的大股东变卦了 湖北首富旗下公司“因自身原因”退出,每日经济新闻
2019-01-02,美年健康股价大跌5.02%,中金在线
2019-01-02,CFi收盘揭秘:权重股大幅下挫 指数仍有继续探底概率 连续下跌,中财网
2019-01-02,"医药行业周观点:2019年,药品创新与药品质量是行业发展的核心方向",东吴证券
2019-01-01,年终盘点丨热情与理性并存，回顾2018年非公医疗大事件,亿欧网
2018-12-31,医疗保健：改革具备顶层设计 荐9股,中银国际
2018-12-31,国金医药行业趋势研究：行业价值链重新分割，中国API强国崛起,国金证券研究所
2018-12-31,国金医药产业趋势研究系列之四：仿制药企未来投资主逻辑,国金证券研究所
2018-12-31,国金医药产业趋势研究系列开篇：政策演变逐渐明朗，药品投资思路生变,国金证券研究所
2018-12-29,强势股追踪 主力资金连续5日净流入79股,证券时报
2018-12-27,"东吴医药行业周观点:首个国产PD-1获批上市,药政持续改革加快创新药进程",东吴证券
2018-12-26,医疗保健：辅助用药将进一步边缘化 荐11股,渤海证券
2018-12-26,看好中国｜健康中国——部分医药股仍具备中期投资价值,巨丰财经
2018-12-26,医药生物行业2019年年度策略:否极泰来终可待,证券之星
2018-12-25,为什么不赚钱了？私有化三年，爱康国宾还能找回失去的吗？,21财经搜索
2018-12-25,A股2018年震荡走低，三板块逆市逞强走出独立行情,证券日报
2018-12-23,美年健康董事长、天亿集团董事长俞熔,新浪
2018-12-23,医疗保健：结构调整中孕育机遇 荐7股,中泰证券
2018-12-21,"医药行业周报:有奖举报医保欺诈行为,长期利好药店连锁龙头",渤海证券
2018-12-20,医药股2018：安全黑天鹅接二连三，政策大调整此起彼伏,第一财经
2018-12-20,连锁医疗系列对比之二：消费需求新趋势，连锁医疗价值依旧——基于通策医疗、爱尔眼科、美年健康的比较分析,国金证券研究所
2018-12-20,国金晨讯 |生活用纸集中度重回升势，布局优质龙头白马；通策VS爱尔VS美年比较分析；拓普集团轻量化底盘和智能驾驶产品打开增长空间,国金证券研究所
2018-12-20,国金晨讯精选：生活用纸行业深度，恒安国际，连锁医疗系列对比之二，拓普集团,国金证券研究所
2018-12-19,至暗时刻丨从天堂到地狱 2018医药股八大黑天鹅事件,财经网
2018-12-19,美年健康：美年健康首次回购 彰显发展信心,中金公司
2018-12-19,"医药行业连锁医疗系列对比之二:基于通策医疗、爱尔眼科、美年健康的比较分析,消费需求新趋势,连锁医疗价值依旧",国金证券
2018-12-19,"医药行业周观点:带量采购试点落地、辅助用药管理通知出台,政策主导医药板块加速完成调整",东吴证券
2018-12-18,美年健康：长沙各分院不存在“无资质人员代替医生”现象,Wind
2018-12-18,美年健康：长沙各分院不存在“无资质人员代替医生”的现象,Wind
2018-12-18,美年健康：长沙各分院不存在“无资质人员代替医生”的现象,e公司
2018-12-18,"医药行业2019年投资策略:格局重构元年,聚焦景气赛道",联讯证券
2018-12-17,医疗保健：医药有哪些政策免疫子板块 荐7股,和讯
2018-12-17,每周医药生物行业机构观点选编（2018年12月10日~12月16日）,挖贝网
2018-12-17,医药行业2019年年度投资策略报告:继续看好创新药企及细分领域龙头企业的发展,渤海证券
2018-12-13,年内1843家公司涉并购重组 机构推荐14只相关概念股,证券日报
2018-12-12,"东吴医药行业周观点:“4+7”带量采购落地,25个中标品种平均降幅达52.2%,医药板块加速出清",东吴证券
2018-12-11,"美年健康:业绩符合预期,回购提振信心",方正证券
2018-12-11,投行简报12.11 巨人网络定增购买资产获股东会通过,新浪
2018-12-11,"医药行业周报:4+7仿制药带量采购落地,“轻药重医”正当时",西南证券
2018-12-11,"医药行业政策点评:带量采购结果发布,医保局促进国内医药产业升级",西南证券
2018-12-07,五大机构解读医药股暴跌：带量采购降价超预期,新浪
2018-12-07,国海:带量采购推动仿制药变革 创新类公司必配(名单),新浪
2018-12-07,“带量采购”结果出炉 机构：仿制药格局将重塑,证券时报网
2018-12-07,A股国际化步伐再加速，逾七成MSCI成份股受机构青睐,证券日报
2018-12-05,永辉超市“甩包袱”：认怂了，还是杀鸡取卵？,投中网
2018-12-05,美年健康今日大宗交易成交13.50万股，成交价16.01元折价4.02%,Wind资讯
2018-12-05,美年健康：将合法合规列为公司经营的头等大事,国际金融报
2018-12-04,2019年医药行业选股思路：轻药重医将是主要方向,证券时报网
2018-12-04,健康体检市场前景可期 专业体检市场集中度不断提高,前瞻研究院
2018-12-04,26股获券商买入评级 拉芳家化目标涨幅达61.46%,Wind
2018-12-04,"医药行业周报:仿制药格局变革、器械崛起,轻药重医",西南证券
2018-12-04,"医药行业2018年12月投资策略:医疗器械崛起,持续重点推荐行业龙头",西南证券
2018-11-30,华越医疗获不惑创投数千万元Pre-A轮融资，致力打造医疗器械B2B平台,亿欧网
2018-11-29,A股共发生45宗大宗交易成交9.44亿元（11月29日）,Wind
2018-11-29,年度控费来袭，卫健委通报30家三甲医院上半年控费指标！,亿欧网
2018-11-28,美年健康：拟回购3亿-5亿元公司股份 用于员工持股或股权激励计划,中证网
2018-11-28,港股惊现超级牛股！10年涨13倍远超贵州茅台 近期还在创历史新高,中财网
2018-11-27,北陆药业拟以1000万元“入伙”产业投资基金，但发展前路漫漫,亿欧网
2018-11-27,29股获券商买入评级 巨星科技目标涨幅达82.40%,Wind
2018-11-27,机构看好个股逾六成实现上涨 医药生物等三行业受青睐,证券日报
2018-11-27,"医药行业周报:仿制药格局变革、器械崛起,轻医重药",西南证券
2018-11-26,"美年健康:公司产业链延伸加快落地,医质管理能力将有效提升",正点财经
2018-11-26,"美年健康:拟定增募集资金,用于生物样本库建设和补充流动资金",正点财经
2018-11-26,13股获券商买入评级 东方雨虹目标涨幅达106.65%,Wind
2018-11-26,投行简报11.26近期上市公司再融资投向以补流为主,新浪
2018-11-26,政策风口下，医疗集团连锁网络呼之欲出,亿欧网
2018-11-26,【医药】药店分类分级政策征求意见稿发布，长期利好龙头发展,天风研究
2018-11-26,【太平洋证券今日早读】固收：10月外汇占款数据点评|宏观：全球房地产和大宗商品投资|金钼股份深度报告等20181126,太平洋证券研究
2018-11-26,"美年健康事件点评:发布定增预案,生态圈日益完善,发展更加稳健",国海证券
2018-11-23,乐普医疗的自我救赎之路,亿欧网
2018-11-23,"美年健康:定增预案发布,改善资本结构、深挖数据、开发平台价值",中证网
2018-11-23,机构评级精选：工业互联网再迎风口 三大龙头获机构买入评级,巨丰财经
2018-11-23,美年健康：定增提升公司软硬实力 夯实长期成长基础,中泰证券
2018-11-23,巨丰早参：财政部酝酿PPP文件 规范发展意见即将出台,巨丰财经
2018-11-23,周五最新重磅公司传闻集锦(11月23日),证券之星
2018-11-23,美年健康发布定增预案 开建生物样本库等项目,证券日报
2018-11-22,A股头条之上市公司公告精选（11.23）,金融界
2018-11-22,(公司)美年健康拟定增募资不超23.75亿元,全景网
2018-11-22,美年健康：拟定增募资不超23.75亿元加码主业及补血,Wind
2018-11-22,大限将至！2000余家国企医院将何去何从？,亿欧网
2018-11-21,10天3借壳 壳股狂欢风险几何？,华夏时报
2018-11-21,医疗保健：仿制药格局变革 荐9股,西南证券
2018-11-21,下注570万元设立合资公司，欧普康视入局基因检测为哪般？,亿欧网
2018-11-21,2018年医疗美容行业内机构弊端及发展趋势分析,亿欧网
2018-11-20,20日中小板指跌2.93%,新华网
2018-11-20,时隔两年，香雪制药再投2.5亿元建六盘山中药产业园,亿欧网
2018-11-19,美年健康：关于部分限售股份上市流通的提示性公告,深交所
2018-11-19,[快讯]美年健康3475万限售股11月23日解禁,中财网
2018-11-19,美年健康：正积极推进新战略合作伙伴相关事宜,Wind
2018-11-15,沪深300指数成分股公司：42家从未发过社会责任报告 89%未审验,每日经济新闻
2018-11-13,11月13日 106只个股已连涨5天,每日经济新闻
2018-11-12,预防医学龙头美年健康的生态布局,时代周报
2018-11-11,“国家队”偏爱银行股 中小创个股大调仓,红周刊
2018-11-08,美年健康：股份回购彰显管理层信心 买入评级,广发证券
2018-11-07,医药行业：板块收入和扣非净利延续稳健增长 分化加剧,申万宏源
2018-11-06,双十一来了！快递公司忙调价 北上资金超百亿增持大消费,证券时报
2018-11-06,机构近期调研偏爱中小创公司,大众证券报
2018-11-06,"医药三季报总结:医药大数据,成长依旧,估值近前低,正是战略配置好时机",联讯证券
2018-11-05,【中银医药】医药生物行业2018年三季报综述——行业整体收入和扣非利润保持20%的增速中枢,周观宇论
2018-11-05,一周机构去哪儿？汇丰银行、千合资本等调研了这些个股（名单）,证券时报
2018-11-05,机构调研再升温 聚焦生物医药行业,中证报
2018-11-05,上周机构调研123家公司数量飙升近四成，20只潜力股备受外资青睐,证券日报
2018-11-05,161只个股连涨5天及以上 四大特征彰显强势逻辑,证券日报
2018-11-05,上周机构调研123家公司数量飙升近4成 20股受外资青睐,证券日报
2018-11-05,"医疗服务深度解读系列之一:体检渠道下沉,把握蓝海市场红利",国元证券
2018-11-04,机构集中调研医药生物、计算机、机械设备等行业,每经网
2018-11-04,陆家嘴财经早餐2018年11月4日星期日,Wind
2018-11-03,美年健康：目前公司在经营体检中心450余家,Wind
2018-11-02,社保证金汇金三季度调仓动向曝光,中证报
2018-11-02,85家年报预喜公司连续3年净利增逾2成 解密成长股价值,证券日报
2018-11-01,11月01日 92只个股已连涨5天,每日经济新闻
2018-11-01,美年健康：公司美元债市场反馈很积极，希望在年内完成发行,Wind
2018-11-01,数十亿大回购！步长康缘人福……谁是急先锋？（附名单）,医药经济报
2018-11-01,券商首次关注6股并给予买入评级（11月1日）,Wind
2018-11-01,"美年健康三季报点评:调整节奏,稳健前行",国海证券
2018-10-31,10月31日最新研报精选 这5股值得关注！,中财网
2018-10-31,10月31日 28只个股已连涨5天,每日经济新闻
2018-10-31,美年健康：三季报业绩符合预期 预计全年业绩保持高增长,中信建投
2018-10-31,"美年健康:回购彰显发展信心,枕戈待旦守望全年",中证网
2018-10-31,"美年健康:Q3仍保持快速增长,全年业绩预告略超预期",中证网
2018-10-31,美年健康：三季度属于团检业务旺季开端，业绩增速趋稳,Wind
2018-10-31,从哪里跌倒从哪里涨起来！白酒、医药等白马消费股强势归来？,顶尖财经网
2018-10-31,联讯证券：美年健康买入评级,联讯证券
2018-10-31,"美年健康:业绩延续高增长,股份回购坚定看好长期发展",西南证券
2018-10-31,"美年健康:2018年1~9月业绩增长68.2%,基本实现全国布局600家专业体检中心的目标",东吴证券
2018-10-30,快手正式发布营销平台加速商业化；商汤科技联合OPPO打造AR步行导航,微信
2018-10-30,跌出价值，做反弹还看次新，机构加仓名单出炉,Wind
2018-10-30,美年健康：前三季度净利同比增长近七成 健康消费升级龙头平台优势凸显,中证网
2018-10-30,30日公告透露利好 21只个股有望爆发,中金在线
2018-10-30,最新公告揭露重大利好 四只股今日或冲涨停,中财网
2018-10-30,A股早报2018年10月30日星期二,Wind
2018-10-30,盘前必读公告：这些股不容错过！,巨丰财经
2018-10-30,史上最豪回购方案来了！平安一家顶百家，这类回购股潜力大,Wind
2018-10-30,周二最新重磅公司传闻集锦(10月30日),证券之星
2018-10-29,公告精选：多只白马股第三季度业绩“不达预期”，上市公司密集发布回购公告,每日经济新闻
2018-10-29,A股头条之上市公司公告精选（10.30）,金融界
2018-10-29,公告汇总：中国平安拟启动回购 耗资或达千亿,网易
2018-10-29,前三季度赚近800亿 中国平安拟推千亿回购计划,新浪
2018-10-29,29日晚间公告精选丨乐视网：前三季度净亏损14.89亿元 亏损,21经济网
2018-10-29,10月29日晚间上市公司十大重磅公告,巨丰财经
2018-10-29,新规落地 A股掀起回购热潮,北京商报网
2018-10-29,美年健康：前三季度净利4.14亿元 同比增长68%,证券之星
2018-10-29,美年健康：拟回购3亿至5亿元股份,Wind
2018-10-29,美年健康：拟3亿至5亿元回购股份,e公司
2018-10-29,美年健康：前三季度净利润同比增68.18%,Wind
2018-10-28,医疗保健：长线战略资金逢机遇 荐9股,西南证券
2018-10-27,券商股成反弹急先锋 选“低”弃“高”捕捉超跌机会,大众证券报
2018-10-26,"医药生物行业周报:政策尚未落地,但估值已具有吸引力",国海证券
2018-10-25,300亿元！上市公司上演“回购潮”,深圳商报
2018-10-25,153股获券商买入评级 璞泰来目标涨幅达93.06%,Wind
2018-10-25,【东吴晨报1025】【个股】三一重工、森马服饰、中国联通、我武生物等,东吴研究所
2018-10-25,美年健康前三季净利最高预增八成 首次回购提振信心,证券日报
2018-10-24,美年健康加入回购大军 已有29家上市公司公布大额回购计划,第一财经
2018-10-24,政策暖风吹拂，上市公司回购股份潮起,21世纪经济报道
2018-10-24,一个月内7家上市药企抛回购方案,中国网
2018-10-24,10月24日上市公司回购,中证网
2018-10-24,美年健康提议3-5亿元回购股份 上市公司的回购正成潮涌之势,投资快报
2018-10-23,美年健康：控股股东提议斥资3亿—5亿元回购股份,证券之星
2018-10-23,机构抛售股价跌停 美年健康大股东提议不超5亿元回购股份,e公司
2018-10-23,不恋战！机构的疯狂举动到底说明了啥？,和讯
2018-10-23,多家公司发布回购公告：美年健康等获力捧,Wind
2018-10-23,美年健康：控股股东提议回购3亿元至5亿元股份,Wind
2018-10-23,跌停板解密：9只利空股遭资金大幅抛售！（10月23日）,Wind
2018-10-23,美年健康龙虎榜数据（10月23日）,Wind
2018-10-23,10月23日 龙虎榜,每日经济新闻
2018-10-23,龙虎榜：美年健康跌停 四个机构席位卖出1亿元,e公司
2018-10-23,美年健康跌停，机构集体抛售,Wind
2018-10-23,23日中小板指跌2.84%,新华网
2018-10-23,美年健康午后封跌停 成交额3.13亿元封单667手,腾讯网
2018-10-22,[互动]美年健康：预计明年将收购30家左右体检中心,全景网
2018-10-22,美年健康：满足条件的体检中心将逐步注入上市公司,Wind
2018-10-22,[快讯]美年健康56007万限售股10月25日解禁,中财网
2018-10-22,【东北医药崔洁铭/齐震】智飞生物（300122）三季报点评：业绩持续高增长，重磅疫苗放量可期,东北证券研究所
2018-10-22,本周操盘攻略：监管层集体力挺，A股投资价值凸显,Wind
2018-10-22,本周360亿市值限售股解禁，环比增加422.42%,Wind
2018-10-19,重磅：美年健康获得惠誉“BB+”评级 组合不断完善 未来发展稳定,红周刊
2018-10-16,[增持评级]医药生物行业周报：17种抗癌药纳入医保目录 创新药研发长期享受政策红利,中财网
2018-10-15,[看好评级]医药生物行业2018年三季报业绩前瞻：医药需求刚性 预计增长保持稳健,中财网
2018-10-15,【申万宏源医药闫天一团队】20181012周观点：医药需求刚性，预计增长保持稳健——医药生物行业2018年三季报业绩前瞻,申万投资健康
2018-10-15,凯雷投资领投艾迪康,中证网
2018-10-10,创业软件：医疗信息化业务撑起半边天 同比增长10倍,方正证券
2018-10-10,美年大健康花2.28亿元下了一步棋,亿欧网
2018-10-10,市值7681亿 四季度A股市场将迎限售股解禁大考,重庆商报
2018-10-09,出资2.28亿元！美年健康参与健康产业并购基金“再下一城”,亿欧网
2018-10-08,美年健康：拟出资2.28亿元参与投资产业并购基金,Wind
2018-10-08,2018年10月8日沪深两市交易提示,金融界
2018-09-29,嘉实事件驱动多只重仓股大跌，海归基金经理“水土不服”,和讯
2018-09-29,筹建诊所路上的那些坑,亿欧网
2018-09-29,上调评级至买入策略选股（9月29日）,Wind
2018-09-29,"美年健康:收购艾迪康控股部分股权,协同效应明显",联讯证券
2018-09-28,美年健康子公司拟2200万美元认购艾迪康5%股权,晨哨网
2018-09-28,美年健康拟出资2200万美元认购艾迪康5%股份，整合上下游产业资源,亿欧网
2018-09-28,医疗生物中期业绩趋势向好高端医疗器械存机会,顶尖财经网
2018-09-27,09月27日 13只股票封板 钢铁行业板块涨幅最大,每日经济新闻
2018-09-27,医药行业向来是一片创新研发“沃土” 医药板块未来可期,证券日报
2018-09-27,医药创新再迎政策激励 7只低估值业绩预喜股潜力足,证券日报
2018-09-25,带量采购：医药行业变革的探路者,和讯
2018-09-24,12只业绩大增个股遭机构席位抢筹,证券时报
2018-09-24,高管增持12只业绩暴增股,证券时报网
2018-09-23,机构、股东、高管争相买入这些业绩暴增股（名单）,证券时报
2018-09-21,多股被上调评级 业绩增长是重要动力 6股大吸金,证券之星
2018-09-21,机构把脉A股四季度行情 配置思路坚守稳健与成长平衡,证券日报
2018-09-19,美年健康出席中国双创总决赛 打造平台创新生态新模式,金融界
2018-09-18,A股最浪漫的事！社保基金连续15季以上重仓持有这些股,证券时报
2018-09-13,医药股急速跳水，康泰生物、美年健康等多股迅速翻绿,Wind
2018-09-12,贵州茅台（600519）：茅台预收款的含义,和讯
2018-09-12,第三届中华医学事务年会在上海召开 美年研究院宁毅教授发表演讲,红周刊
2018-09-12,穆迪向美年健康授予首次Ba2的评级；展望稳定,雪球
2018-09-12,12日早间两市重要公司新闻速递,证券时报网
2018-09-11,社保基金已经赚万亿人民币 青睐医药生物等六行业,新浪
2018-09-11,美年健康：拟境外发行不超过3亿美元外币债券获发改委备案登记,Wind
2018-09-11,社保基金长期重仓股名单曝光，连续五年坚守24只个股,证券日报
2018-09-11,社保基金长期重仓股名单曝光 连续五年坚守24只个股,证券日报
2018-09-07,医药行业：行业持续稳健增长分化明显强者恒强,顶尖财经网
2018-09-06,医疗保健：短期事件拖累表现 荐3股,广发证券
2018-09-04,处方药压力渐显，非药景气依旧｜【光大医药·2018H1总结】,医心医意要健康
2018-09-04,【太平洋证券策略】社保基金2018年2季度持仓分析,周雨策略观察
2018-09-04,机构动向：外资减消费加周期 私募在“吃面”,网易
2018-09-04,MSCI中国指数新加入10只成分股 蓝筹股投资价值有望凸显,广州日报
2018-09-04,国际医学全面转型医疗服务 综合医院估值体系正在形成,21世纪经济报道
2018-09-03,医疗保健：聚焦创新和消费主线 荐16股,西南证券
2018-09-03,【天风医药】9月月报：中报季收官，震荡中寻找高防御性标的,思医辨药
2018-09-02,医疗保健：拥抱龙头 荐8股,中泰证券
2018-09-01,A股反弹时该关注这类股,巨丰财经
2018-08-31,290家生物医药公司实现营收7045亿元 超七成净利润增长,证券日报
2018-08-31,"美年健康:淡季高速增长,加强管控确保长期发展",国信证券
2018-08-30,MSCI标的股扩围在即 成份股近八成中期业绩实现增长,e公司
2018-08-30,"美年健康:1-6月体检人次数突破1000万,个检比例34%,体检发展的核心数据表现靓丽",正点财经
2018-08-30,"权益事件监测周报:30家公司发布分红预案,32家公司有限售股解禁",渤海证券
2018-08-30,"美年健康:业绩持续高增长,体检龙头英雄本色",中证网
2018-08-30,30日早间两市重要公司新闻速递,证券时报网
2018-08-30,医药行业交9年来最好成绩单 研发投入加码,证券时报
2018-08-30,"美年健康:业绩持续高增长,重视内控医质将强化公司长期发展能力",国金证券
2018-08-29,美年健康:体检龙头地位稳固 长期价值看好,西南证券
2018-08-29,数据王：具有高增长能力的超跌股或站上风口,巨丰财经
2018-08-29,17点聊电商：京东天猫均没店 上海高岛屋上线小程序商城,亿邦动力
2018-08-29,华大基因升2% 国务院落成下半年深化医改重点工作,经济通
2018-08-29,29日早间两市重要公司新闻速递,证券时报网
2018-08-29,巨丰早参：央行组合拳三连击 稳定外汇市场预期,巨丰财经
2018-08-29,公告隐现重大利好 周三8只个股有望突破大涨,证券之星
2018-08-29,A股情报：一公司深夜连发三公告 今日跌停压力陡增,凤凰网
2018-08-29,美年健康净利增逾10倍 机构看好长期发展,21世纪经济报道
2018-08-28,上半年净利暴涨超十倍 美年健康走出“假医生门”了吗？,第一财经
2018-08-28,今日数据：万达电影上半年净利同比增长1.46％,金融界
2018-08-28,美年健康上半年净利增十倍 此前深陷“假医门”,e公司
2018-08-28,A股头条之上市公司公告精选（8.29）,金融界
2018-08-28,一线 | 风暴之后的美年中报业绩亮眼 净利润增长超10倍,腾讯网
2018-08-28,产品创新质控升级 美年健康中期净利同比增长10倍,证券日报
2018-08-28,沪深上市公司18年8月28日晚间上市公司重要公告,全景网
2018-08-28,美年健康上半年净利1.69亿元 同比增长逾10倍,中国网
2018-08-28,【提前看】28日公告精选：康力电梯拟10派6元，中弘股份称股票可能将被终止上市,和讯
2018-08-28,美年健康：2018年中报业绩出炉！持续高质量增长，完善提升精细化管理,红周刊
2018-08-28,美年健康：上半年净利1.7亿元 同比增10倍,e公司
2018-08-28,美年健康净利润十倍增长 狠抓医疗质控和精细化管理,金融界
2018-08-28,美年健康：上半年净利润同比增1015.48%,Wind
2018-08-28,美年健康：淡季盈利能力加强 强烈推荐评级,方正证券
2018-08-28,[快讯]兴全合润基金公布半年报 收益为-11.00%,中财网
2018-08-28,[快讯]招商成长基金公布半年报 收益为-14.21%,中财网
2018-08-27,CFi收盘揭秘:非降准非IPO 暴涨最大秘密动力@科技,中财网
2018-08-27,医药板块午后走强 启迪古汉、利德曼等6股涨停,中国经济网
2018-08-27,美年健康午后异动拉升7.12%报16.86元 成交1.88亿元,腾讯网
2018-08-27,医疗保健行业周报：建议继续加配医药板块,中财网
2018-08-27,操盘必读：8月27日证券市场要闻,中财网
2018-08-27,本周解禁市值环比降五成 仅35家公司解禁207亿元 解禁,证券时报
2018-08-26,下周超200亿元市值限售股解禁，6股解禁市值超10亿元,汇通网
2018-08-26,下周限售股解禁：美年健康、华谊兄弟定增股上市,金融界
2018-08-25,本周A股三大股指集体反弹 权重板块轮番上涨,股城网
2018-08-24,下周246亿市值限售股解禁，环比减少5% 解禁,Wind
2018-08-24,“黑天鹅”事件影响继续 医药A股千亿市值企业仅剩两家,制药网
2018-08-24,"美年健康:健康体检市场广阔,公司长期逻辑未变",国金证券
2018-08-23,[快讯]美年健康51737万限售股8月28日解禁,中财网
2018-08-23,戳穿刻舟求剑价值投资的美丽谎言,中财网
2018-08-23,[买入评级]美年健康(002044)点评：广州富海门诊部事件平息 长期投资价值不变,中财网
2018-08-23,73家入摩公司披露中期业绩 57家公司实现利润增长,中证报
2018-08-22,涨停板复盘:沪指跌0.7% 成交不足千亿创熔断以来新低,新浪
2018-08-22,多点执业让医生成抢手资源 互联网医疗高端化待解,每日经济新闻
2018-08-22,[买入评级]美年健康(002044)点评：“广州富海”事件基本平息 深跌过后“黄金坑”显现,中财网
2018-08-22,要闻速递：8月22日证券市场消息汇总,财界网
2018-08-22,[推荐评级]美年健康(002044)动态点评：广州事件基本平息 建议逢低配置,中财网
2018-08-22,北上资金累计净流入额创新高 沪深300成吸金主力,证券时报
2018-08-21,【申万宏源中小盘 每日带你复盘 2018.08.21】,申万宏源中小盘研究
2018-08-21,这家公司上半年赚了129亿元，但董事长公开道歉了,和讯
2018-08-21,8月21日A股龙虎榜揭秘，机构最青睐6股,Wind
2018-08-21,三因素或致反抽结束谨防明日冲高回落风险,中财网
2018-08-21,别太乐观！一则被严重误读的利好 市场最大巨头暗中生变,中财网
2018-08-21,美年健康今日涨停，深股通小幅净卖出,Wind
2018-08-21,小牛奔腾之涨停股揭秘：区块链掀涨停潮,中国经济网
2018-08-21,美年健康龙虎榜数据（8月21日）,Wind
2018-08-21,8月21日A股全天资金主力净流入、净流出前十大个股,中证网
2018-08-21,涨停板解密：医药股火爆再现！（8月21日）,Wind
2018-08-21,十大博客看后市：三因素或致反抽结束,新浪
2018-08-21,揭秘涨停板：高送转填权概念走势活跃 新晨科技3连板,腾讯网
2018-08-21,收评：三大股指均涨逾1% 医药造纸等多点开花,证券时报网
2018-08-21,美年健康午后封涨停成交额4.27亿元封单1.53万手,腾讯网
2018-08-21,收评：消费白马股回暖 沪指涨1.31%,e公司
2018-08-21,爱尔眼科午后异动拉升5.15%报29.38元成交3.87亿元振幅4.97%,腾讯网
2018-08-21,泰格医药低开高走拉升7.15%报50.64元成交2.75亿元振幅8.65%,腾讯网
2018-08-21,午评：权重股发力 沪指大涨1.4%,e公司
2018-08-21,美年健康高开高走拉升5.07%报15.13元成交4543万元振幅4.37%,腾讯网
2018-08-21,[优于大市评级]医药与健康护理行业深度报告：震荡格局下 如何看待医药板块未来,中财网
2018-08-20,A股持续调整，6月来521家公司获高管增持 绩优低估值股有“钱景”,搜狐
2018-08-20,独 家专访2018中华地区领军分析师优秀级选手王建兴老师,东方网
2018-08-20,爱康国宾入幕阿里系行将收官 亏损多出五成借款能力大幅下挫 亏损,投资时报
2018-08-20,东吴医药行业周观点：中报季医药行业价值凸显 重点推荐长春高新、我武生物等消费升级标的,中财网
2018-08-20,爱尔眼科午后异动跳水7.11%报27.18元成交4.43亿元振幅7.52%,腾讯网
2018-08-19,美年大健康回应“假医生”事件：实为真医生未注册备案,中青在线
2018-08-19,美年健康回复关注函 风波缘起多点执业医师未及时备案,21世纪经济报道
2018-08-18,美年健康回复深交所关注函：医生资质合规 将加强内控管理,证券日报
2018-08-18,美年健康释疑医生资质 医师多点执业注册亟待完善,新华网
2018-08-18,2195家公司预告中期业绩 409家净利润增幅翻倍,证券时报
2018-08-18,大盘有望止跌反弹的三个积极信号,中财网
2018-08-17,A股头条之上市公司公告精选（8.18）,金融界
2018-08-17,美年健康回复深交所问询函：不存在“假医生”问题,Wind
2018-08-17,两份官方文件“打架” 美年健康被曝光究竟冤不冤？,新浪
2018-08-17,美年健康：相关人员均具备执业资质 不存在“假医生”问题,e公司
2018-08-17,美年健康回复深交所关注函：相关人员均具执业资格,e公司
2018-08-17,A股、H股医药板块集体大跌,每日经济新闻
2018-08-17,快讯：医药板块重挫 美年健康等3股跌停,第一财经
2018-08-17,医药板块午后仍无起色，美年健康、康泰生物双双跌停,Wind
2018-08-17,美年健康午后封跌停成交额3.65亿元封单2931手,腾讯网
2018-08-17,“吃药”行情谢幕，医药股今年涨幅回吐殆尽,汇通网
2018-08-15,53家医药股发布业绩 超七成净利润出现上涨,重庆商报
2018-08-15,[推荐评级]创业软件(300451)：中山模式有望全国复制 积极打造健康中国生态圈,中财网
2018-08-14,非公医疗未来可期 大健康产业成新的投资风向标,和讯
2018-08-13,医疗保健行业动态：我们对医药板块的观点已由谨慎转为乐观,中财网
2018-08-13,迈瑞医疗：大客户美年健康遭“打脸”，供应商“黑料”多 关联方问题,证券之星
2018-08-13,218份中报业绩快报出炉 双增长股近六成被机构相中,证券日报
2018-08-10,2018年8月10日新闻发布会,深交所
2018-08-10,美年健康今日大宗交易成交300万股，成交价15.75元折价2.78%,Wind资讯
2018-08-10,美年健康出现4725万元折价大宗交易，卖方为中金席位,Wind
2018-08-10,美年健康副总敏感期买股遭监管 其他违规处罚,大众证券报
2018-08-10,A股震荡考验基金“独门股”,中证报
2018-08-09,A股共发生41宗大宗交易成交6.74亿元（8月9日）,Wind
2018-08-09,[优异评级]医药生物行业：特殊品种评价工作推进 又一省谈判药品不计药占比,中财网
2018-08-09,深交所对美年健康副总温海彦发监管函：半年报披露前违规买股,深交所
2018-08-09,美年健康副总温海彦6日买自家股票1.3万股 收监管函 其他违规处罚,凤凰网
2018-08-09,深交所：美年健康副总经理违规买入公司股票,Wind
2018-08-08,美年健康宁德时代均现超3000万元大宗交易，卖方均为中金席位,Wind
2018-08-08,深交所向美年健康发关注函 要求说明内控是否存重大缺陷 关注函,中国网
2018-08-08,深交所向美年健康下发关注函 要求说明整改工作安排,北京商报网
2018-08-08,美年健康收到深交所关注函 要求自查是否擅自开展CT放射诊疗 关注函,腾讯网
2018-08-08,深交所：要求美年健康自查是否擅自开展CT放射诊疗,Wind
2018-08-07,8月7日有29家公司获重要股东增减持 泛海控股已被连续增持82次,Wind
2018-08-07,美年健康高管昨日出手增持,e公司
2018-08-07,美年健康：公告均不存在与事实不符的情况,Wind
2018-08-07,七月基金战报：过半股基混基亏损医药主题基金大劫,中国经济网
2018-08-07,减仓应对踩雷，基金寻找优质错杀股,中证报
2018-08-07,需要提高体检机构违规的成本 其他违规处罚,21世纪经济报道
2018-08-07,医药生物行业周报:中报季关注绩优创新标的,浙商证券
2018-08-06,美年健康“假医生”事件获证实：被要求整改 市值蒸发超百亿 其他违规处罚,腾讯网
2018-08-06,美年健康的丑与病：如何以健康的名义坑你？,新浪
2018-08-06,美年健康坐实三大违规 165亿蒸发后还有把剑将落下 其他违规处罚,每日经济新闻
2018-08-06,假医生坐实六日市值蒸发140亿 美年健康激进并购暴雷 连续下跌,投资时报
2018-08-06,打脸了？美年健康承认：涉事门店被责令整改,金羊网
2018-08-06,三项违规坐实 美年健康被责令整改 其他违规处罚,中国网
2018-08-06,早评：三大股指低开 创业板指跳空低开0.7%,每日经济新闻
2018-08-06,美年收到责令整改通知书：涉及三大问题,新京报
2018-08-06,开评：三大股指低开 医药板块整体低迷,e公司
2018-08-06,下属门诊部遭责令限期整改 美年健康大幅低开逾3%,e公司
2018-08-06,医药板块整体低迷，康泰生物、美年健康领跌,Wind
2018-08-06,七月衰基金之四：浦银安盛医疗健康跌超6% 三年亏两成,中国经济网
2018-08-06,被查实存3项违规行为 美年健康一门诊部被责令整改 其他违规处罚,新京报
2018-08-05,5日晚公告精编丨美年健康涉事门诊部被责令整改,21世纪经济报道
2018-08-05,被认定3项违规！美年健康市值缩水170亿 其他违规处罚,证券时报网
2018-08-05,刚刚！十大上市公司公告突现利好明日有望率先爆发,搜狐
2018-08-05,公告精选：美年健康下属广州美年富海门诊部被责令整改；科陆电子获深国资企业入股,e公司
2018-08-05,美年健康:因未取得许可开展诊疗等行为收整改通知书,新浪
2018-08-05,美年健康：广州美年富海门诊部被要求责令整改,Wind
2018-08-05,万得财经周刊：时隔一年央行重拳出击！意义非同一般,Wind
2018-08-03,美年健康“假医生门”的背后：民营体检行业更需“体检”,品途商业评论
2018-08-03,浅析市场对美年健康的看法,南方财富网
2018-08-03,美年健康：目前公司经营情况一切正常,Wind
2018-08-03,CFi收盘揭秘:管理层积极维稳没获认可 多头信心不足,中财网
2018-08-03,美年健康现场调查取证进行时 重仓机构比赛“谁跑得快”,21世纪经济报道
2018-08-03,多地卫计委巡查美年健康等体检机构 医生多点执业难折射行业发展困境,证券日报
2018-08-02,【海通策略】7月减持额和8月解禁额均下降（荀玉根、王一潇）,股市荀策
2018-08-02,美年大健康体检假医生事件：承认有执业注册不及时,南方财富网
2018-08-02,美年健康4个交易日股价跌逾20% 市值蒸发超130亿 连续下跌,腾讯网
2018-08-02,财经绘|一图看懂美年健康的“增长”玄机：降了不该降的成本？,腾讯网
2018-08-02,【天风研究·固收】信用早早报（8月2日）,固收彬法
2018-08-02,美年涉嫌违规出具报告、违规开展诊疗服务 其他违规处罚,第一财经日报
2018-08-02,美年健康负债59亿3年增24倍 医务保障人员开支降22%,新浪
2018-08-02,美年健康承认执业医师备案不及时 公司营销费用激增研发投入极低,财富动力网
2018-08-02,美年健康市值蒸发115亿 连续下跌,北青网
2018-08-02,“假医门”发酵 美年健康回复关注函被“打脸” 关注函,新京报
2018-08-01,美年健康急剧扩张隐患：商誉两年增加九倍 销售费用高达15亿,凤凰网
2018-08-01,沪深三大股指集体下挫：沪指跌1.8%，创业板跌1.24%,澎湃新闻
2018-08-01,广州一健康体检机构涉嫌违规出具体检报告被调查 其他违规处罚,新华网
2018-08-01,美年健康“假医门”风波发酵 3天市值蒸发100亿 连续下跌,TechWeb
2018-08-01,新世纪：关注美年健康网络负面新闻及相关影响和进展,Wind
2018-08-01,美年健康一日蒸发67亿回复深交所问询被卫计局揭露不实 问询,搜狐
2018-08-01,主力资金上午最青睐哪些个股,证券时报网
2018-08-01,立案处罚打脸！美年健康开盘大跌,21经济网
2018-08-01,半年净利润三个亿 你所不知道的“体检江湖”,DoNews
2018-08-01,美年健康：确存在部分多点执业医师未及时完成执业注册,中国网
2018-08-01,快讯：美年健康深陷假医生门 集合竞价再跌停,新浪
2018-08-01,开评：两市股指小幅高开 上海自贸区概念大幅高开,e公司
2018-08-01,涉嫌违规出具体检报告，美年健康开盘逼近跌停,Wind
2018-08-01,美年大健康骗局揭秘：医生承认部分报告非其本人审核 欺诈造假,北青网
2018-08-01,美年健康40亿商誉悬顶： 急速扩张下密集关联收购存疑,21世纪经济报道
2018-08-01,8月限售股解禁市值1638亿 为去年7月以来最低,证券时报
2018-08-01,美年健康“亮家底”承认部分执业医师备案不及时,证券时报
2018-07-31,【赢家资讯】07月31日收盘简评,赢家之星
2018-07-31,一年5亿人次，健康体检是怎样一门生意？美年健康有多赚钱？,21世纪经济报道
2018-07-31,公告精选：美年健康称不存在无证上岗等情形；方大炭素上半年净利预增逾6倍,e公司
2018-07-31,广州天河卫计局：美年大健康涉嫌违规出具体检报告,Wind
2018-07-31,公告精选丨利源精制、科融环境预计中报变脸 ；美年健康回复深交所，相关人员执业资格证照齐全有效,每日经济新闻
2018-07-31,美年健康：公司不存在无证上岗、持错证上岗等情形,新浪
2018-07-31,美年健康回复深交所关注函：相关人员执业资格证照齐全有效,凤凰网
2018-07-31,美年健康回复深交所问询函：不存在无证上岗、持错证上岗情形,Wind
2018-07-31,假疫苗之后再曝“假医生”？股价跌停才是刚刚开始,和讯
2018-07-31,美年健康财报解析：经营激进 25%的收入投入营销,新浪
2018-07-31,7月31日中小板高活跃度个股一览,中证网
2018-07-31,个股地雷增多，零星题材难撑大盘,钱江晚报
2018-07-31,主力资金近三日大量撤出这些概念股,证券时报
2018-07-31,[同步大市-B评级]医药行业周报：中报业绩陆续发布 建议重点关注中报业绩优异的龙头股,中财网
2018-07-31,美年健康在借壳时就称退休返聘医师超7成,Wind
2018-07-31,身陷“假医生门”——美年健康已故医生“起死回生”签发医检报告？,财华社
2018-07-31,“假医生门”最新进展：主角称将与美年健康签和解协议,中国网
2018-07-31,快速扩张的美年健康在借壳时就称退休返聘医师超7成,腾讯网
2018-07-31,医药行业飞出一只黑天鹅！“假医生”传闻致这个公司股价跌停 还被深交所盯上了！,央视
2018-07-31,美年健康陷假医门：股价暴跌 市值蒸发近百亿,中国网
2018-07-31,财通证券：美年健康通过并购占据2成市场,Wind
2018-07-31,卫星导航概念股走低 长江通信领跌,中国经济网
2018-07-31,美年健康7成收入来自单位体检 第一大客户为富士康,腾讯网
2018-07-31,医药生物行业周报：重点推荐低估值高成长龙头仁和药业,中财网
2018-07-31,中金医药月度7+5组合：8月组合,中财网
2018-07-31,美年健康:目前在营体检中心超400家 预计年底达600家,新浪
2018-07-31,美年健康：预计今年底将达到600家的体检规模,Wind
2018-07-31,美年健康：预计今年底将达到600家的体检规模,e公司
2018-07-31,"美年健康:二季度维持高增长,量价提升持续",正点财经
2018-07-31,美年健康前员工自述：冒牌医生质疑何来,澎湃新闻
2018-07-31,【公司风暴】体检行业的原罪：资本推动下的美年健康,腾讯网
2018-07-31,一线 |美年健康通过并购占据2成市场 系中国最大民营体检公司,腾讯网
2018-07-31,美年健康股票代码：外延内生持续高速增长，体检龙头“淡季”发力,财通证券
2018-07-31,美年健康假医门：体检服务毛利率高达46.61%,新京报
2018-07-31,医药股反弹激活创业板 美年健康振幅超10%,证券时报网
2018-07-31,快讯：美年健康竞价低开后持续拉升 股价快速翻红,新浪
2018-07-31,美年大健康前员工自述：反映情况真实 爆料非为搞垮美年,证券时报网
2018-07-31,遭遇“假医生”风波 美年健康再跌6%市值蒸发近百亿,金融界
2018-07-31,美年健康开盘大跌逾6%,21世纪经济报道
2018-07-31,开评：两市股指微幅低开 美年健康跌超6%,证券时报网
2018-07-31,美年健康紧急澄清“假医生事件”股价低开6.04%,腾讯网
2018-07-31,两市低开沪指跌0.07% ST长生连续11个交易日跌停,腾讯网
2018-07-31,开评：两市股指微幅低开 石化板块高开,e公司
2018-07-31,美年健康开盘大跌6%，被深交所问询称媒体文章扭曲事实,Wind
2018-07-31,深股通现身3只个股龙虎榜,证券时报
2018-07-31,恒指继续在28500点震荡整理 不利因素终将消退,智通财经
2018-07-31,大基建板块行情仍未走完 A股有望迎来短暂喘息窗口,中财网
2018-07-31,31日早间上市公司最新动态梳理,证券时报网
2018-07-31,巨丰早评：市场持续性热点稀缺,巨丰财经
2018-07-31,冲高回落沪指4连阴 创业板指跌逾2%,新浪
2018-07-31,误检漏检是否属实 美年健康被深交所问询,中证报
2018-07-31,前员工指医生冒名顶替执业 美年健康声明后深交所再问询,21世纪经济报道
2018-07-31,道达投资手记：多只个股爆雷 创业板遭遇重创,每日经济新闻
2018-07-31,"美年健康:业绩持续高速增长,量价齐升",国金证券
2018-07-30,A股头条之上市公司公告精选（7.31）,金融界
2018-07-30,周一美股盘前全球重要资讯,理财18
2018-07-30,公告精选：美年健康称媒体文章扭曲事实；苏宁易购上半年净利接近60亿元,e公司
2018-07-30,收到关注函 美年健康被要求说明是否存医生无证上岗等情况,经济观察网
2018-07-30,举报挑战美年健康 深交所问询员工持证情况,21世纪经济报道
2018-07-30,[公司]美年健康澄清：媒体强加漏诊案例 扭曲事实,全景网
2018-07-30,美年健康紧急澄清“假医生事件”背后：79只基金或集体“踩雷”,每日经济新闻
2018-07-30,美年健康在深交所澄清：自媒体文章扭曲事实,新浪
2018-07-30,美年健康：自媒体文章夸大标题误导公众，扭曲事实,Wind
2018-07-30,【解盘论市】权重诱多小创落寞，歌不尽乱世烽火,Wind
2018-07-30,晚间重要公告2018年7月30日星期一,Wind
2018-07-30,晚间利空公告：台海核电终止筹划重大资产重组,金融界
2018-07-30,深交所发函美年大健康：是否存在无证上岗，误检漏检是否属实,澎湃新闻
2018-07-30,多只个股“爆雷” 创业板遭遇重创——道达投资手记,每日经济新闻
2018-07-30,7月30日A股龙虎榜揭秘，机构抢筹4股,Wind
2018-07-30,美年健康收深交所关注函,Wind
2018-07-30,美年健康业绩快报：实现净利润1.67亿元，比上年同期增长998.00%！,动脉网
2018-07-30,龙虎榜 | 大盘持续回落 机构卖多买少,金融投资报
2018-07-30,沪指四连跌 医药板块掀起跌停潮 业内人士如何看待？,凤凰网
2018-07-30,疫苗过后医药板块再遭美年健康拖累 大幅回调系遭遇行业黑天鹅还是前期涨幅过大？,金融投资报
2018-07-30,金股回顾：金股预测提及个股湖南天雁等4股封涨停!,巨丰财经
2018-07-30,数据王：3只医药股跌停引创业板三连阴 低价股炒作望降温,巨丰财经
2018-07-30,深交所发关注函 要求美年健康说明是否存在无证上岗等情况,证券时报
2018-07-30,【今日论市】短期谨慎情绪占据上风,华信涨停财经
2018-07-30,美年健康跌停 多家机构席位现身龙虎榜,第一财经
2018-07-30,美年健康遭遇“黑天鹅”跌停，机构现分歧深股通卖出,Wind
2018-07-30,资金流:周期3股军工3股流入居前 两市净流出378亿,金融界
2018-07-30,[看好评级]医药生物行业周报：阶段性调整中关注绩优主线,中财网
2018-07-30,“四连阴”是给八月行情挖坑,中财网
2018-07-30,7月30日异动股点评：医药板块命途多舛 盘点四牛与四熊,山东神光
2018-07-30,医药板块掀起跌停潮：沪指四连跌，创业板指数收跌2.19%,澎湃新闻
2018-07-30,收评:美年健康受违规签发医检报告影响 股价竞价跌停,新浪
2018-07-30,沪指冲高回落，创业板跌逾2%，大消费板块全线重挫,每日经济新闻
2018-07-30,沪指午后横盘整理 创业板指表现低迷,股城网
2018-07-30,2168公司预告中期业绩 398家增幅翻倍,证券时报
2018-07-30,独家解盘：A股持续爆雷 调仓换股的好时机,和讯
2018-07-30,巨丰收评：A股持续爆雷 市场谨慎情绪占上风,巨丰财经
2018-07-30,沪指4连阴 跌0.12% 高位股上演补跌行情,金融界
2018-07-30,收评：创业板指收跌2.2% 上证50尾盘拉升涨0.64%,e公司
2018-07-30,快讯：沪指低位震荡跌0.58% 生物医药板块惨遭血洗,新浪
2018-07-30,美年健康跌停被曝医生多数是冒充 富国基金于洋再次不幸“中弹”,深圳商报
2018-07-30,医药股集体大跌 九芝堂、智飞生物等5股跌停,中国经济网
2018-07-30,被指违规签发报告 美年健康回应遭遇有组织黑公关,中国网
2018-07-30,大反转？美年健康“去世”医生目前仍在职,凤凰网
2018-07-30,600亿体检巨头突遭利空跌停，公司回应：遭遇黑公关 已报案,每日经济新闻
2018-07-30,午评：创业板指跌1.7% 医药股大跌,e公司
2018-07-30,美年健康放量跌停 称遭遇有组织黑公关,证券时报网
2018-07-30,[推荐评级]医药行业周报：16个品种通过一致性评价 帕博利珠单抗获批,中财网
2018-07-30,美年健康跌停 汇添富精准踩雷 富国于洋再次中弹,网易
2018-07-30,美年大健康被指用冒牌医生体检 回应：遭遇黑公关,第一财经
2018-07-30,美年健康股价跌停，公司回应冒牌医生体检称遭遇黑公关,Wind
2018-07-30,美年健康跌停：方正证券4月27日研报“强烈推荐”,新浪
2018-07-30,美年健康跌停：今年36家券商研报“增持”“买入”,新浪
2018-07-30,美年大健康：如果人死了，你就只能挣一次钱了！,腾讯网
2018-07-30,美年大健康跌停：被指用早已死亡医生违规签发报告,新浪
2018-07-30,美年健康跌停，报19.53元,腾讯网
2018-07-30,上市公司七类违法行为将被“强退” 机构看好蓝筹股,广州日报
2018-07-30,医药行业周报：疫苗事件影响深远 严惩市场造假行为,中财网
2018-07-30,【东吴晨报0730】【行业】医药、非银【个股】先导智能、苏试试验等,东吴研究所
2018-07-29,医疗保健：国内创新药有望逐步进入兑现期 荐7股,中泰证券
2018-07-28,八月解禁规模创年内新低,大众证券报
2018-07-27,并购效应显现 美年健康上半年净利增近10倍,经济观察网
2018-07-27,美年健康2018年上半年实现营收近35亿元,Ofweek
2018-07-27,[买入评级]美年健康(002044)点评：量价齐升、产品结构优化带来业绩稳健增长,中财网
2018-07-27,[买入评级]美年健康(002044)点评：公司经营能力不断提高 驱动“淡季”业绩爆发增长,中财网
2018-07-27,[买入评级]美年健康(002044)点评：预防医学需求旺盛 体检龙头增长势头强劲,中财网
2018-07-27,2018年7月27日A股涨停股票预测：今日哪些热门股有望涨停？,南方财富网
2018-07-27,[推荐评级]美年健康(002044)业绩预览：个检提升与连锁扩张提速 上半年淡季大幅盈利,中财网
2018-07-27,医药生物行业日报：16个品种通过一致性评价,中财网
2018-07-26,A股头条之上市公司公告精选（7.27）,金融界
2018-07-26,晚间重要公告2018年7月26日星期四,Wind
2018-07-26,【国信医药|2018年中报业绩前瞻】分化加剧，寻找确定性增长,GuosenHealthcare
2018-07-26,美年健康：上半年净利润同比增998%（快报）,Wind
2018-07-26,美年健康：上半年净利1.7亿元 同比增约10倍,e公司
2018-07-26,美年健康发布业绩快报,凤凰网
2018-07-26,2018 II-China 评选请支持中金医药第一！,陆家嘴医药代表
2018-07-25,7月25日40只A股价格突破了半年线 今日突破半年线个股乖离率排名一览表,金投网
2018-07-25,医疗器械服务异动走强 冠昊生物等2股涨停,中国经济网
2018-07-24,24日中小板指涨1.20%,新华网
2018-07-24,美年健康：公司不涉及问题疫苗,Wind
2018-07-24,今日61只个股突破半年线,证券时报
2018-07-24,基金2Q持仓分析(医疗保健行业)：持仓比例环比上升 聚焦低估值和业绩确定性,中财网
2018-07-23,[中性评级]深度*行业*医药行业周报：MAH生产流通环节权责细化 全面推行在即,中财网
2018-07-23,[推荐评级]医药行业周报：看好泛消费升级+医药商业 选择政策避风港中的细分龙头,中财网
2018-07-23,医疗保健行业动态：关注器械创新领域投资机会,中财网
2018-07-21,公募基金调仓路线图曝光：最爱消费和医药股,股城网
2018-07-20,2018上半年五家生物医药企业净利润增幅或超过1000%,制药网
2018-07-18,【医药制造概念股龙头】机构扎堆看好医药制造业7只个股,证券日报
2018-07-18,[推荐评级]医药行业周报：业绩驱动成长 寻找超预期+确定性个股,中财网
2018-07-17,[领先大市-B评级]医药行业周报：中报业绩陆续发布 建议重点关注中报业绩优异个股,中财网
2018-07-17,中小创公司中报七成预喜 市值越大业绩越好,大众证券报
2018-07-16,同心致远从“齿”开始——美维口腔医疗联姻华西牙科开启战略合作模式,东方网
2018-07-16,医药生物行业:建议重点关注中报业绩优异的公司,中证网
2018-07-16,7月16日券商晨会研报汇编,证券日报
2018-07-16,医疗保健行业动态：关注流通行业回暖 以及寻找业绩确定性机会,中财网
2018-07-16,半年报靓丽者料成反弹先锋,中证报
2018-07-15,中小创中报业绩预告收官：逾7成预喜，244家预增超100%,证券时报网
2018-07-12,【基金点将台】市场消息清淡 黄金走势震荡,天天基金网
2018-07-12,美年健康涨2.27%，创近1个月新高，报23.89元,腾讯网
2018-07-12,美年健康涨1.76%，创近1个月新高，报23.77元,腾讯网
2018-07-11,国新健康跌停，报27.36元,腾讯网
2018-07-11,国新健康大跌5.59%，报28.70元,腾讯网
2018-07-11,国新健康大跌5.92%，报28.60元,腾讯网
2018-07-11,[推荐评级]医药行业周报：关注中报业绩确定性 空间为长期主线,中财网
2018-07-10,数据王：银行股预期回落 81家中报业绩翻倍股短线走强,巨丰财经
2018-07-10,[看好评级]医药生物行业2018年中报业绩前瞻：医疗需求刚性 重点关注稳健成长和“流量入口”型公司,中财网
2018-07-10,中报披露大幕今日拉开 资金热捧三类绩优股,证券日报
2018-07-10,"医药行业周报:《我不是药神》引热议,持续看好创新药板块",西南证券
2018-07-09,九成医药股中期业绩预喜 海普瑞等11股净利预告翻倍,证券时报网
2018-07-09,中报大幕本周拉开 绩优股受资金青睐,投资快报
2018-07-08,医药生物：逾九成公司中报预喜 有望继续走强,投资快报
2018-07-08,预喜股扎堆建筑材料等三行业 六股业绩好底子硬,证券日报
2018-07-07,1245份中报预告成机构布局依据 预喜股扎堆三大行业,证券日报
2018-07-06,业绩才是王道！7成公司预喜，5要素透露玄机……,Wind
2018-07-06,150家公司中报业绩有望翻番 82只超跌白马股蕴藏投资机会,证券日报
2018-07-04,风向变了！A股解除质押增多，星火开始燎原……,Wind
2018-07-03,美年健康携手阿里 探索AI医疗诊断科研成果落地,21世纪经济报道
2018-07-03,"智飞生物:业绩持续高增长,HPV疫苗贡献弹性",中证网
2018-07-03,这些涨幅超10倍股年内超跌 多股中期业绩大幅预增,证券时报
2018-07-03,十年涨幅超十倍股现调整 资金大量流入多股上涨,证券时报
2018-07-03,2018年7月医药行业投资策略：目前 对医药可以更乐观点,中财网
2018-07-03,美年健康大跌5.49%，报21.35元,腾讯网
2018-07-03,[推荐评级]医药行业周报：长期配置核心资产 短期关注高增速个股的估值切换,中财网
2018-07-03,国金策略李立峰：佯装在进攻 实则在防御(附十大金股),国金证券
2018-07-03,国金证券：短期跌幅过大 7月或出现短暂超跌反弹,证券时报网
2018-07-02,7月2日午间行业热点聚焦,中证网
2018-07-02,医药行业：把握行业新秩序下的龙头新趋势,金融界
2018-07-02,中金医药月度7+5组合：7月组合,中财网
2018-07-02,民营体检医疗行业三国杀 3家上市企业总市值逼近千亿,每日经济新闻
2018-07-02,民营体检行业现分化 头部企业引资本竞逐,每日经济新闻
2018-07-02,美年健康借壳上市后市值大增 加深“护城河”成未来发展当务之急,投资者报
2018-07-02,医药行业周报:把握医药中报行情带来的超额收益,西南证券
2018-07-01,医药行业2018 年半年报业绩前瞻【周观点|长江医药0701】,长江医药小组
2018-06-29,[强于大市评级]深度*行业*医药生物行业2018年中期策略：调整之后板块出现战略性买入机会,中财网
2018-06-29,【朝闻国盛】货币确认趋松，再降准可期,微信
2018-06-28,开盘观察:石油板块和科技股集体反弹 创指止跌回升,中财网
2018-06-28,[强于大市评级]【聚焦-商业模式系列】医药生物行业专题研究：美年健康：从预防到大健康产业闭环 助力“每年”健康,中财网
2018-06-27,A股入MCSI成绩单：成分股更抗跌 北上资金增持146股,证券时报网
2018-06-27,融资融智 民生银行助力美年健康打造产业生态圈,21经济网
2018-06-27,1177公司预告中期业绩 148家增幅翻倍,证券时报
2018-06-27,近4成个股业绩预告翻番，把握3类业绩高增长机会,中证报
2018-06-27,开盘观察:新能源汽车石油股强势 蓝筹股继续低迷,中财网
2018-06-27,绩优股布局正当时 近四成个股业绩预告翻番,中证报
2018-06-26,中报业绩预告提前看：近7成公司预喜，绩优公司更抗跌（附业绩大增股名单）,证券时报网
2018-06-26,[推荐评级]医药行业周报：政策驱动行业变革 治疗性药品与医疗服务均获益,中财网
2018-06-26,A股已是遍地黄金 紧盯7只市盈率低于10倍股,证券时报
2018-06-26,[强于大市评级]医药行业周报：医药调整进入尾声 板块估值吸引力初现,中财网
2018-06-25,1157家公司预告中报，六个行业预喜率超80%,Wind
2018-06-25,近七成公司中报预喜 三大行业增长强劲,投资快报
2018-06-24,1157家公司预告中报近七成预喜,证券日报
2018-06-23,1156公司预告中期业绩 139家增幅翻倍,证券时报
2018-06-23,强势股追踪 主力资金连续5日净流入39股,证券时报
2018-06-22,美年健康联手北大医学部打造公众健康研究院,经济观察网
2018-06-22,医药行业周报：医药指数调整 择机布局高景气度子行业,中财网
2018-06-22,北大医学部牵手美年健康 打造北医美年公众健康研究院,全景网
2018-06-21,市场积极因素发酵 三主线掘金后市,中证网
2018-06-21,[推荐评级]医药行业周报：长期逻辑稳定 优质标的受益集中度提升,中财网
2018-06-21,弱市重质!A股迎来中报行情，业绩叠加题材必看,Wind
2018-06-21,开盘观察:上证50出面稳定军心 钢铁房地产表现强势,中财网
2018-06-21,业绩预告密集发布 增长仍是主流,中财网
2018-06-21,底部区域再夯实，三主线指明后市方向,中证报
2018-06-21,逾千只个股反弹吸金67.5亿 机构集中力挺44只个股,证券日报
2018-06-20,典型阳吞阴！近百股收复失地 谁后劲最大？(名单),中财网
2018-06-20,券商看市：逢低关注和吸纳优质品种,中证网
2018-06-20,医药生物行业2018年下半年投资策略：投资医药“流量入口”型公司,顶尖财经网
2018-06-20,并购格局现头部效应 华泰7亿收入拉开差距,21世纪经济报道
2018-06-20,近七成公司中报预喜 5只潜力股逆市现“曙光”,证券日报
2018-06-20,医药生物行业周报:关注绩优防御性标的,浙商证券
2018-06-19,中长期向上趋势不变 医药生物存“升”机,中证报
2018-06-19,“入摩”半月：超7成MSCI成分股获加仓,Wind
2018-06-19,机构集中推荐119只个股 医药生物等三行业存“升”机,证券日报
2018-06-19,原料药企涨幅居前 医药生物行业大面积预喜,中证报
2018-06-19,千家公司七成预喜，隐现A股投资逻辑,中证报
2018-06-14,医药行业中期策略：聚焦服务、优质医药、商业三条主线(附股),联讯证券
2018-06-14,医药行业投资策略报告：医保支出结构的改变支持创新药爆发,西南证券
2018-06-14,6月14日券商晨会研报汇编,证券日报
2018-06-13,美年健康:快速扩张的体检行业龙头,广发证券
2018-06-13,开盘观察:低开低走出乎意料 钢铁成开盘唯一亮点,中财网
2018-06-13,医药行业 稳守白马、加仓细分龙头、布局滞涨,投资快报
2018-06-12,[推荐评级]医药行业周报：谈龙头的持续上涨与二线品种的机会,中财网
2018-06-11,【国金策略】如何测算当前股票质押规模及个股风险？（李立峰/艾熊峰等）,策略李立峰与行业配置笔记
2018-06-11,医药生物行业投资研究报告：医药行业具备长期成长性,中泰证券
2018-06-11,CFi收盘揭秘:新低之后还有新低？量能制约多方发挥,中财网
2018-06-11,医药板块午后全线下挫 千山药机等2股跌停,中国经济网
2018-06-11,"医药行业周报(6.4-6.10):医药指数波动,不改变医药牛市趋势",西南证券
2018-06-08,医药行业中期策略：配置业绩改善、估值合理的细分龙头标的,东吴证券
2018-06-08,6月8日晚间利好消息汇总（更新中）,证券时报网
2018-06-08,"医药生物行业周报:政策加码,重视创新药、医疗器械与消费升级",中证网
2018-06-08,中报预告揭示这些行业景气度高 20家公司市盈率或降至30倍以下,证券时报网
2018-06-07,CFi收盘揭秘:成交量制约指数上行 调整在即谨慎为上,中财网
2018-06-07,msci中国a股指数名单:茅台市值破万亿 76只msci成份股月内吸金近70亿,证券日报
2018-06-07,美年健康与中国性艾协会签订凉山州艾滋病防控合作协议,南方财富网
2018-06-07,茅台市值突破万亿 76只MSCI成份股月内吸金近70亿,证券日报
2018-06-06,生物医药行业投资策略：拥抱创新、紧抓龙头,中财网
2018-06-06,"医药生物行业周报:行情波动加剧,关注质优标的",浙商证券
2018-06-05,医药股走势强劲 关注四类股投资机会,证券时报网
2018-06-05,恒瑞医药大涨8%股价创历史新高 成首只市值超3000亿元医药股,中财网
2018-06-05,五大券商周三看好6板块34股,证券之星
2018-06-05,6月5日早间行业热点聚焦,中证网
2018-06-04,中报业绩预计翻倍股揭秘，7股有望增超十倍，股价表现却有喜有忧,中财网
2018-06-04,[增持评级]医药与健康护理行业月报：分化加剧中寻找确定性支撑,中财网
2018-06-04,深度*行业*医药行业周报：短期规避系统性风险 中长期不改行业上涨逻辑,中财网
2018-06-04,[推荐评级]医药行业周报：市场震荡调整 看好优质标的可持续成长性,中财网
2018-06-04,[强于大市评级]医药行业周报：医药指数波动 不改2018年医药牛市,中财网
2018-06-03,104家公司净利预增超100%，330家预喜公司业绩持续增长,证券时报网
2018-06-01,从中报预告淘金医药新牛股,红周刊
2018-06-01,创业板指跌近2% 证券等少数板块上涨,股城网
2018-06-01,CFi收盘揭秘:市场做多情绪不足 沪指创业板分化明显,中财网
2018-06-01,今日午评：入摩还是入魔？ 指数弱势格局并未改变,中财网
2018-06-01,78家医药生物公司披露中报预告 4家亏损2家首亏,证券日报
2018-05-31,国金策略李立峰：市场有望先抑后扬 推荐金融、二三线消费,国金证券
2018-05-31,[增持评级]医药板块未来投资趋势探讨(医药与健康护理行业)：浪潮之巅,中财网
2018-05-31,医疗股大跌原因找到了，可以低吸这些龙头！,和讯
2018-05-30,医链科技召开“MBFA医疗区块链金融联盟”成立发布会,金融界
2018-05-30,和信投顾：当前股票市场多空因素分析,中金在线
2018-05-30,包钢股份未来三个月两市 解禁规模近万亿元,广州日报
2018-05-29,6月123只个股限售股面临解禁 未来三个月两市解禁规模近万亿元,中证网
2018-05-29,包钢股份近百亿股限售股解禁 收盘价创年内新低,股城网
2018-05-28,限售股解禁！这只千亿市值股票跌停 还有这些股面临考验,证券时报网
2018-05-28,药品注册审评审批优化 利好创新药公司,中证报
2018-05-28,[强于大市评级]医药行业周报：看好医药板块 持续推荐疫苗板块及蓝帆医疗,中财网
2018-05-28,"医药行业周观点:医药行业估值仍低于历史平均水平,上市公司业绩持续好转,医药行业仍具备上涨空间",东吴证券
2018-05-25,从中报预告淘金医药新牛股,红周刊
2018-05-25,政策助力叠加高景气度 互联网医疗投资价值显现,中证网
2018-05-25,2018或成医疗信息化大年 7只互联网医疗股被集体推荐,证券日报
2018-05-24,[买入评级]智飞生物(300122)：九价HPV成功批签发 上市进程再超预期,中财网
2018-05-22,[看好评级]医药生物行业周报：持续关注绩优龙头和创新药相关企业,中财网
2018-05-22,医疗保健行业动态：高估值下板块波动加大 确定性依然是核心,中财网
2018-05-22,沪指站稳3200，又有利好传来，机构已经行动,Wind
2018-05-22,医药生物 知识产权保护有望加强 创新药价值提升,投资快报
2018-05-22,"医药行业周报:持续看好医药板块,推荐疫苗板块及蓝帆医疗",西南证券
2018-05-21,“入摩”名单重磅发布 医药股或成最大赢家,金融界
2018-05-21,逾千上市公司公布2018年中报预告 谁在翻市场底牌,中证报
2018-05-21,政策红利释放预期强烈 关注优质环保龙头,中证网
2018-05-21,后期配置把握三大主线：,国元证券订阅号
2018-05-21,【太平洋证券?今日早读】医药行业点评|策略-估值跟踪：通胀预期兑现中|必康股份公司点评|中航资本深度报告（20180521）,太平洋证券研究
2018-05-21,逾千份中报预告出炉，部分资金率先挺进绩优股“无人区”,中证报
2018-05-21,逾千份中报预告出炉 谁在翻市场底牌,中证报
2018-05-21,"医药行业每周观点:从三个方向继续深挖医药投资机会,重点推荐万孚生物、葵花药业等优质标的",安信证券
2018-05-21,"医药行业周观点:短暂波动不改医药行业以业绩为基础,以长期逻辑为空间的慢牛行情",东吴证券
2018-05-20,医疗保健：继续看好进入兑现期的创新药板块 荐8股,中泰证券
2018-05-20,医疗保健：从三个方向继续深挖医药投资机会 荐7股,安信证券
2018-05-19,安信证券：医药板块进入牛市,顶尖财经网
2018-05-17,你敢信？这些股票已默默大涨超50% 这个行业成为慢牛集中营,证券时报网
2018-05-17,政策“吹暖”医药股 医药基金该怎么选？,新浪
2018-05-17,5月17日涨停板预测：关注涨价概念及环保板块,网易
2018-05-16,[强于大市评级]部分医药个股纳入MSCI点评(医药生物行业)：医药部分个股纳入MSCI 看好长期价值,中财网
2018-05-16,医药板块业绩进入兑现期 两股或迎来主升,中财网
2018-05-16,5月16日券商晨会研报汇编,证券日报
2018-05-16,上市后年复合增长率超20%的MSCI成份股 只有26只！（附名单）,中财网
2018-05-16,两只MSCI国际通ETF上市 个人和险资认购积极,证券时报网
2018-05-16,A股修复反弹行情仍未结束 内需主题持续升温,股城网
2018-05-16,A股最新入围MSCI名单出炉 6股绝佳布局良机,证券日报
2018-05-16,A股最新入围MSCI名单出炉 37只潜力股获机构力荐,证券日报
2018-05-15,234只MSCI成分股的正确打开方式——道达投资手记,每日经济新闻
2018-05-15,美年大健康布局骨科服务 大数据撬动上下游业务延伸,21世纪经济报道
2018-05-15,[看好评级]医药生物行业周报：海外创新药陆续进入国内 创新大势不减,中财网
2018-05-15,最新MSCI成分股今年以来表现如何：片仔癀大涨61%居首，新华保险跌33%排末尾,每日经济新闻
2018-05-15,【医药*全铭团队】医药指数年初至今涨幅10.2%，“去芜存菁，慢牛行情”刚起步，此时医药更具备投资价值,东吴研究所
2018-05-15,【东吴晨报0515】【行业】环保、医药【个股】卫士通、高能环境,东吴研究所
2018-05-15,756家公司上半年业绩预喜，钢铁煤炭等行业景气度高,中证报
2018-05-14,沪深上市公司18年5月14日晚间上市公司重要公告,全景网
2018-05-14,晚间重要公告2018年5月14日星期一,--
2018-05-14,美年健康：与唯医、大象医生合作,e公司
2018-05-14,[推荐评级]医药行业周报：医药长线成长性不变 关注细分领域政策利好,中财网
2018-05-14,美年阿里“双高风险”AI天池大赛，复赛在即！,飞象网
2018-05-14,[强于大市评级]医药行业周报：医药行业牛市趋势不改 调整即是买入良机,中财网
2018-05-14,医疗保健行业动态：估值高位 波动加大 但趋势依然向好,中财网
2018-05-14,【太平洋证券 今日早读】医药行业点评|固收：4月货币金融数据、通胀数据点评|非银、机械行业点评（20180514）,太平洋证券研究
2018-05-12,AI医疗落地方式明晰，阿里从技术和应用场景两端发力,经济观察网
2018-05-11,这一行业，十年金身不破，机构争相推荐,--
2018-05-11,美年大健康冠名高铁提升品牌影响力 为国人构筑大健康蓝图,DoNews
2018-05-11,[推荐评级]医药行业2017年年报暨2018年一季报综述：一季度业绩快速增长 政策力促行业长期发展,中财网
2018-05-11,[强于大市评级]医药生物2017年年报和2018年一季报总结：医药生物行业盈利能力稳步提升 重点推荐创新药、高端医疗器械、大健康消费和疫苗,中财网
2018-05-11,[买入评级]美年健康(002044)季报点评：淡季”不淡” 体检龙头品牌价值渐显,中财网
2018-05-11,133家药企员工年薪超10万元 安迪苏人均工资秒杀行业,证券日报
2018-05-11,5月11日早间行业热点聚焦,中证网
2018-05-10,[看好评级]医药生物行业周报：行业政策落地持续推进,中财网
2018-05-09,东吴医药行业周观点：HPV 9价疫苗8天评审通过、抗癌药物大幅减税 从研发评审到支付优惠 政策全面鼓励药品创新,中财网
2018-05-09,[推荐评级]医药生物行业2018年一季报和2017年业绩回顾：板块增速回升 关注优质白马及高成长个股,中财网
2018-05-09,[推荐评级]医药行业周报：继续看好 建议加配二线细分龙头,中财网
2018-05-09,只需7个一字板 药明康德市值将比肩华大基因,网易
2018-05-08,股民要收藏！外资、社保、证金、汇金的最新重仓股曝光,中财网
2018-05-08,大数据助力 美年健康联手诺华制药构建疾病预防诊疗闭环,21世纪经济报道
2018-05-08,[强于大市评级]医药行业周报：中美贸易摩擦持续看好医药牛市 推荐智飞生物、康泰生物、贝瑞基因等,中财网
2018-05-08,[增持评级]联讯医药行业2017年报及2018Q1季报总结：行业整体扣非净利增速下降 业绩明显分化下关注结构性机会,中财网
2018-05-08,公募基金今年忙着“吃药” 医药基金该怎么选,北京晚报
2018-05-08,医药板块持续活跃近10股涨停 新光药业6天5板领衔,金融界
2018-05-08,[增持评级]医药与健康护理行业月报：积极拥抱医药 业绩、估值与政策叠加共振,中财网
2018-05-08,中小板逾七成公司半年报预喜 131家公司预计业绩可翻番,投资快报
2018-05-08,利好共振激活健康中国板块 机构新进增持15只概念股,证券日报
2018-05-07,[强于大市评级]医药行业2017年年报及2018年一季报总结：18Q1业绩加速明显 支持医药板块持续牛市,中财网
2018-05-07,[看好评级]医药生物行业周报：降价控费再下一城 政策落地提速,中财网
2018-05-07,[强于大市评级]医药生物行业研究周报：医药浪潮有望填平低估洼地 消费升级盛夏高潮迭起,中财网
2018-05-07,医药生物行业：全行业景气度回升继续推荐优质成长股,顶尖财经网
2018-05-07,申万宏源：医药生物全行业景气度回升,中证网
2018-05-07,中小板公司业绩稳步提升,新金融观察
2018-05-07,A股情报局：金牌策略分析师们为何翻多A股？,腾讯网
2018-05-07,医药股中报逾七成预喜 机构提前布局绩优股,投资快报
2018-05-04,爱康国宾转投阿里系 私有化后再掀体检业烽火,财经网
2018-05-04,"美年健康:淡季促销成效显著,一季度减亏明显,中报业绩预告大幅增长",正点财经
2018-05-03,数据王：医药行业业绩喜人15只个股创出历史新高,巨丰财经
2018-05-03,美年健康和诺华探索全病程管理与数字化医疗,亿邦动力
2018-05-03,美年健康与诺华制药（中国）签署战略合作协议,财经网
2018-05-03,美年健康今日大宗交易成交220.29万股，成交价27.23元折价2.68%,Wind资讯
2018-05-03,深圳证券市场大宗交易公开信息(2018年05月03日),顶尖财经网
2018-05-03,今日午评：聪明资金精准抄底 午后或集体大反攻？,中财网
2018-05-03,从基金重仓视角聊聊医药股的机会,中金在线
2018-05-03,78家药企预告中报业绩，逾七成报喜,Wind
2018-05-02,社保基金一季度新进109只个股 持有农业银行18个季度浮盈87亿元,证券日报
2018-05-02,行情太沉闷？那是你没看到亮点：这类股已走出3个月翻倍的牛市行情（名单）！,每日经济新闻
2018-05-02,美年健康：与诺华制药战略合作数字化医疗,e公司
2018-05-02,78家药企预告中报业绩 逾7成报喜 这些行业增长强劲,e公司
2018-05-02,医疗保健行业热点速评：互联网医疗+肿瘤降税 政策频出利好医药板块,中财网
2018-05-02,中金医药月度7+5组合：5月组合,中财网
2018-05-02,美年健康:持续产业链纵深布局,西南证券
2018-05-02,医药医疗股延续强势 博晖创新等多股涨停,证券时报网
2018-05-02,1099份中报预告近七成预喜 152家公司业绩有望翻番,投资快报
2018-05-01,国家队新进35只股 一季度末各类机构持仓变化有点大,中证网
2018-04-28,225股机构首次关注 御家汇涨幅空间最大,证券时报
2018-04-28,"美年健康:18Q1业绩大幅减亏,持续产业链纵深布局",西南证券
2018-04-28,"美年健康:“美年体检端口价值”“美因基因检测数据价值”完美结合,“扩张+健康科技”驱动公司业绩持续爆发",东吴证券
2018-04-27,研报精选：4只节后待涨,中财网
2018-04-27,美年健康股票最新消息：一季度公司增长强劲，服务内容日益多元化,国金证券
2018-04-27,创业板涨1.37%站稳1800点 医疗股大涨白马股重挫,腾讯网
2018-04-27,CFi收盘揭秘：上证50V型反转是养老金低位建仓了？,中财网
2018-04-27,203股机构首次关注 中粮地产涨幅空间最大,证券时报
2018-04-27,开盘观察:两市冲高后再度跳水 游资放假了不愿接盘,中财网
2018-04-27,中金公司：传统医药生态面临破局，全周期、全渠道健康管理服务正到来,e公司
2018-04-26,沪深上市公司18年4月26日晚间上市公司重要公告,全景网
2018-04-26,公告精选：格力电器一季度业绩增长近四成 证金增持多只券商股,e公司
2018-04-26,美年健康：上半年净利润预增超7倍,e公司
2018-04-26,美年健康：一季度亏损同比收窄净亏9832.25万元,Wind
2018-04-26,206股机构首次关注 中粮地产涨幅空间最大,证券时报
2018-04-26,中金网0426机会早报：三门核电厂即将投入运行,中金网
2018-04-26,第九届中国上市公司投资者关系评选榜单分析报告,证券时报网
2018-04-26,14只医药股创历史新高 机构五主线布局高景气细分领域,证券日报
2018-04-25,【异动股】医疗板块不断走强 振德医疗(603301-CN)涨停,财华社
2018-04-25,[推荐评级]医药行业周报：机构配置提升 性价比仍有优势,中财网
2018-04-25,变数陡增，上市公司募投演绎“平衡术”,中证报
2018-04-24,典型阳吞阴！这类股技术形态走牛 谁后劲最大？,中财网
2018-04-24,A股共发生49宗大宗交易成交36.87亿元(4月24日),Wind
2018-04-24,医药健康行业周报：厉兵秣马 重装上阵-品牌中药企业广誉远的价值再审视,中财网
2018-04-24,医疗保健：港股新规推动创新医药公司上市 荐10股,中银国际
2018-04-24,美年健康股票行情：慈铭并表显著增厚业绩，体检龙头高速成长,东北证券
2018-04-24,东吴医药行业周观点：重点推荐医药细分领域业绩显著向上的OTC板块 建议关注片仔癀、济川药业、葵花药业等,中财网
2018-04-24,[推荐评级]医药行业周报：版块防御属性凸显 关注优质资产,中财网
2018-04-24,弘康人寿增发1.4亿股引入3家新股东,国际金融报
2018-04-24,弘康人寿拟引入3家新股东 增资后注册资本变为11.4亿,中金在线
2018-04-24,基金1Q持仓分析(医疗保健行业)：1Q资金配置同比提升 聚焦长期逻辑通顺标的,中财网
2018-04-24,美年健康：董监高放杠杆“炒”自家股票获利2亿？,和讯
2018-04-24,"美年健康2017年年报点评:着力渠道下沉,龙头高速增长",国信证券
2018-04-23,[增持评级]医药生物行业周报：在整体市场调整中建议积极关注医药板块的优质公司,中财网
2018-04-23,[强于大市评级]医药行业周报：市场波动首选医药 重点推荐乐普医疗、恒瑞医药等,中财网
2018-04-23,191股机构首次关注 爱婴室涨幅空间最大,证券时报
2018-04-23,[强于大市评级]医药生物行业研究周报：板块估值持续消化 抓住成长股机遇,中财网
2018-04-23,医疗保健行业动态：医保调结构进行中 聚焦长逻辑通顺的成长标的,中财网
2018-04-20,5股值得关注 午后可查看名单,中财网
2018-04-20,[审慎增持评级]美年健康(002044)年报点评：业绩高增长 打造“流量技术生态圈”模式,中财网
2018-04-19,[增持评级]美年健康(002044)年报点评：慈铭体检并表增厚业绩 门店扩张与客单价提升推动高增长,中财网
2018-04-19,今日资金抢入六只强势股一览（2018年4月19日）,中财网
2018-04-19,[买入-A评级]美年健康(002044)年报点评：2017年收入和净利润高增长 专业体检领域龙头公司竞争优势不断加深,中财网
2018-04-19,券商首次关注4股并给予买入评级(4月19日),Wind
2018-04-19,[买入评级]美年健康(002044)年报点评：400家体检中心 2160万体检人次 2017年战略目标全面实现,中财网
2018-04-19,124股获券商买入评级 全信股份目标涨幅达81.60%,Wind
2018-04-19,"美年健康:2017年业绩符合预期,生态闭环战略根基羽翼渐丰满",申万宏源
2018-04-19,"美年健康:持续高增长,服务内容多元化,量价齐升",国金证券
2018-04-19,美年健康:核心指标均显示公司扩张步伐稳健,证券之星
2018-04-18,[买入评级]美年健康(002044)年报点评：慈铭并表增厚公司业绩 体检龙头高增长,中财网
2018-04-18,美年健康2017营收超62亿 俞熔2018年力求规模与科技,经济观察网
2018-04-18,美年健2017年净利同比增八成 质控与科技成公司发展新亮点,证券时报
2018-04-18,新时代下的新机遇，美年健康助力非公医疗,中华网
2018-04-18,[推荐评级]美年健康(002044)年报点评：业绩符合预期 体检平台日臻完善,中财网
2018-04-18,券商首次关注6股并给予买入评级(4月18日),Wind
2018-04-18,医药板块大幅回调 风险还是机会,中证报
2018-04-18,"美年健康:业绩持续高增长,龙头地位进一步巩固",西南证券
2018-04-17,美年健康：2017年实现营业收入62.33亿元 同比增长44.48%,中证网
2018-04-17,美年健康：2017年净利润同比增36%，拟10转2派0.5元,Wind
2018-04-17,[推荐评级]医药行业周报：理性解读政策 继续看好Q2行情,中财网
2018-04-17,[领先大市-B评级]医药行业周度报告：“互联网+医疗健康”获肯定 抗癌药零关税成定局,中财网
2018-04-17,一季度交出历史最好成绩单 深圳惠程转型升级初见成效,投资时报
2018-04-17,周三沪深上市公司重大公告速递 更新中,证券之星
2018-04-17,国务院出台鼓励政策支持优质仿制药 4股总动员,证券之星
2018-04-17,[看好评级]医药生物行业2018年一季报业绩前瞻：稳健增长 分化明显 重点关注优质成长与稳健价值,中财网
2018-04-17,美年健康：体检内涵进一步深化 强烈推荐评级,方正证券
2018-04-16,[推荐评级]医药行业周报：国家政策导向变化 企业创新有望进一步升级,中财网
2018-04-16,[增持评级]医药生物行业周报：市场调整是医药板块逐步布局的好时机,中财网
2018-04-16,医疗保健行业周报：开放医药市场无需恐慌 竞争才能造就伟大企业,中财网
2018-04-15,市值2500亿股价累计涨90倍 恒瑞医药高估值怎么来的,新浪
2018-04-13,医药股要走出低谷了,环球老虎财经
2018-04-13,互联网医疗7只概念股价值解析,中财网
2018-04-13,近半中小板公司预告 近六成业绩“预喜”,中金在线
2018-04-12,4月12日午间行业热点聚焦,中证网
2018-04-12,医药板块业绩进入兑现期 两股或迎来主升,证券之星
2018-04-12,"医药行业周观点:中美贸易摩擦加剧,建议防御性配置恒瑞医药、美年健康、乐普医疗、爱尔眼科等医药行业龙头企业",东吴证券
2018-04-10,[推荐评级]医药生物行业周报：仿制药获政策进一步支持 进口替代加速,中财网
2018-04-09,[买入评级]深度*行业*医药行业周报：国务院出台政策支持优质仿制药 将加快进口替代,中财网
2018-04-09,[强于大市评级]医药生物行业研究周报：医药配置价值仍在 细分龙头贯穿始终,中财网
2018-04-09,五大基金经理研判2018年医药投资,中国基金报
2018-04-09,专科连锁领域竞争格局与策略全面分析：医疗服务行业品牌化集团化质变前夜,中财网
2018-04-09,医疗保健行业周报：关注优质仿制药投资机会 以及关注流通和中药的买入机会,中财网
2018-04-09,一季度混基中邮人品爆发业绩绝尘 北信瑞丰等惨垫底,中国经济网
2018-04-09,公募基金抱团买“药”账面赚130亿元,证券日报
2018-04-08,关注医疗器械中药、医药生物投资机会,财界网
2018-04-08,[推荐评级]医药行业重点公司2018年一季报业绩前瞻：聚焦一季报 关注创新+升级主线,中财网
2018-04-08,[推荐评级]医药行业2018年4月份投资月报暨Q2季度策略：创新+升级 从初春到盛夏,中财网
2018-04-08,322公司利润环比连增 70家步入绩优股行列,证券之星
2018-04-06,年报密集披露 哪些机会将显现？,红周刊
2018-04-05,年报透露医药股的三大投资机会,中财网
2018-04-04,[推荐评级]医药行业周报：关注细分领域投资机会 加强低估值企业配置,中财网
2018-04-04,[强烈推荐评级]美年健康(002044)深度研究：战略清晰 生态完善 平台价值凸显,中财网
2018-04-04,[看好评级]医药生物行业周报：行业拐点大年 关注受益标的,中财网
2018-04-04,医药生物行业月报：医药强势延续 关注分销板块,中财网
2018-04-03,东吴医药行业周观点：药明康德成为第二家“IPO快速通道”的独角兽公司 创新药主题迎来新一轮投资机会,中财网
2018-04-03,[强于大市评级]深度*行业*医药行业周报：溢价率处于13百分位 加配创新药械/服务/连锁药店,中财网
2018-04-03,[增持评级]医药生物行业月报：行业发展持续向好 布局有增速、有未来的公司,中财网
2018-04-03,[强于大市评级]医药行业周报：医药指数持续创新高 把握医药结构化牛市,中财网
2018-04-03,[强于大市评级]医药生物行业投资策略：从工业数据窥见医药行业配置意义与投资价值,中财网
2018-04-02,战略步伐稳健 业务布局具备前瞻性,红周刊
2018-04-02,医疗保健行业动态：关注业绩确定性和估值合理性,中财网
2018-04-01,【华创医药周报180401】继续看好中药保健消费品和药店终端,华创医药组公众平台
2018-03-30,今日午评：科技股助力创业板继续大涨 市场情绪偏暖,中财网
2018-03-30,东吴证券：美年健康买入评级,顶尖财经网
2018-03-30,【天风Morning Call】晨会集萃20180330,天风研究
2018-03-29,公告精选：赣锋锂业一季度净利预增125%至175%；长江电力举牌川投能源；华信国际控股股东4.96亿股份被冻结,每日经济新闻
2018-03-29,解密主力资金出逃股 连续5日净流出307股,证券时报网
2018-03-29,[增持评级]上海证券医药生物行业周报,中财网
2018-03-29,[买入评级]美年健康(002044)点评：发布2018年一季度业绩预告 体检业务前景广阔,中财网
2018-03-29,医药龙头股大幅回调 爱尔眼科跌超9%,e公司
2018-03-29,"美年健康:2018年一季度亏损幅度收窄,经营能力持续提高,业绩符合预期",东吴证券
2018-03-28,美年健康联手阿里云启动AI大赛暨双高疾病风险预测,顶尖财经网
2018-03-28,公告精选：多家券商、银行去年四季度获证金增持；科大讯飞净利同比下降10%，拟10转5派1元,每经网
2018-03-28,多公司发布晚间重要公告 明日走势或将反转,和讯
2018-03-28,美年健康携手阿里云启动双高风险预测AI大赛,金融界
2018-03-28,美年健康：预计一季度继续亏损,Wind
2018-03-28,[审慎增持评级]美年健康(002044)公司点评：业绩稳健增长 期待产品线扩充和国际化进程,中财网
2018-03-28,医药生物板块涨幅居前 新天药业和科华生物等涨停,股城网
2018-03-28,两大新经济主线浮出水面多路资金蜂拥买入,上证报
2018-03-28,两大新经济主线浮出水面，多路资金蜂拥买入,Wind
2018-03-27,16只个股大宗交易超5000万元,中金在线
2018-03-27,“百股涨停”重现！三路资金集体加仓两大新经济龙头,顶尖财经网
2018-03-27,深圳证券市场大宗交易公开信息(2018年03月27日),顶尖财经网
2018-03-27,机构推荐:周三具备爆发潜力金股,中财网
2018-03-27,[推荐评级]医药行业周报：三把“火”有望催化医药“大年”,中财网
2018-03-27,寻求私有化两年后尘埃落定爱康国宾接受阿里系要约收购,顶尖财经网
2018-03-27,利润环比连增+同比暴增 77匹盈利白马现身,证券时报网
2018-03-27,[领先大市-B评级]医药行业周度报告：深化改革再发文 推行高值耗材“两票制”,中财网
2018-03-27,爱康国宾接受云峰和阿里巴巴私有化提议 股价大涨近8%,腾讯网
2018-03-27,医药生物行业周报:关注医药板块防御性机会,证券之星
2018-03-26,"10万亿潜力的大健康产业中,哪些上市公司最会赚钱?先看这46家",银行信息港
2018-03-26,分享投资白文涛：11年执掌超60亿元，一家“精品VC”的蜕变之路,投资界
2018-03-26,“阿里系”斥资73亿入股美年健康，民营体检“三国归晋”,环球老虎财经
2018-03-26,[增持评级]医药生物行业周报：深化审评审批改革卓有成效 资本助力创新发展,中财网
2018-03-26,揭秘涨停板：20股封涨停板！军工航天掀涨停潮,腾讯网
2018-03-26,医药生物板块一枝独秀 机构关注细分龙头和绩优股(名单),证券时报网
2018-03-26,医疗保健：生物科技带动板块热度持续上升 荐10股,和讯
2018-03-26,今日各大机构看好十大金股一览（3月26日）,金投网
2018-03-26,【国信医药|公司快评】美年健康：稳步推进并购，布局远程阅片,GuosenHealthcare
2018-03-26,【中信建投证券】每日精华推荐（2018.03.26）,中信建投证券研究
2018-03-23,[增持评级]美年健康(002044)简评：参股和控股多家体检中心 门店扩张战略稳步推进,中财网
2018-03-23,307公司利润环比连增 65家步入绩优股行列,证券时报
2018-03-23,[买入评级]美年健康(002044)动态跟踪报告：加快体外资产注入 远程阅片酝酿新增长点,中财网
2018-03-23,西南研发·晨会聚焦20180323,信达证券上海
2018-03-23,美年健康(002044)快评：稳步推进并购，布局远程阅片,国信研究
2018-03-23,【美年健康*全铭团队】稳步、持续扩张体检中心数量，开拓三、四线城市市场，为业绩长期增长注入活力,东吴研究所
2018-03-23,【东吴晨报0323】【宏观】5个bp意味着什么？【个股】中国人寿、美年健康,东吴研究所
2018-03-23,美年健康发力三四线城市体检市场,中证报
2018-03-22,机构解析：周五热点板块及个股探秘（附股）,中证报
2018-03-22,强力推荐！这6只获青睐 速看！,中财网
2018-03-22,[买入评级]美年健康(002044)点评：外延收购20家公司 平台效应进一步巩固,中财网
2018-03-22,[推荐评级]美年健康(002044)公司动态：扩张提速 加码影像远程阅片,中财网
2018-03-22,机构推荐：周四具备爆发潜力金股,金融界
2018-03-21,医药板块逐渐升温 行业创新或将引领市场,e公司
2018-03-21,美年健康：下属子公司拟3.58亿元收购十四家公司股权,Wind
2018-03-21,晚间重要公告2018年3月21日星期三,--
2018-03-21,浙商证券：医药生物大部制改革推进 行业政策暖风吹,财富动力网
2018-03-21,医药行业：科技创新才是医药行业发展的主驱动力,金融界
2018-03-21,被全民唾弃堕入深渊 而今净利润暴涨超12倍 它是如何逆袭的,证券之星
2018-03-21,【晨会聚焦】如何理解医药板块行情,中泰证券研究所
2018-03-21,【浙商医药】行业点评：行业拐点元年，创新提速，强者恒强,浙商证券研究所
2018-03-21,浙商早班车2018.03.21,浙商证券研究所
2018-03-20,这个板块本轮反弹堪比“独角兽”！价投大旗能否由它扛起？（附股）,微信
2018-03-20,[推荐评级]医药行业周报：医疗部门体系调整 关注医药流通板块,中财网
2018-03-20,[买入评级]智飞生物(300122)年报点评：17年业绩高增长 18年HPV疫苗将迎来销售大年,中财网
2018-03-20,[买入评级]智飞生物(300122)年报点评：三联苗快速放量 HPV疫苗值得期待,中财网
2018-03-20,[推荐评级]医药行业周报：国务院机构改革提升监管效率 医药行业长期趋势向好,中财网
2018-03-20,爱康国宾再遇资本敲门 张黎刚面临私有化抉择,时代周报
2018-03-19,[推荐评级]医药行业周报：医改新猜想 行业新机会,中财网
2018-03-19,[增持评级]医药生物行业周报：国务院机构改革 推动医药行业破浪前行,中财网
2018-03-19,[强于大市评级]医药生物行业研究周报：医药部委体系调整 改革箭在弦上,中财网
2018-03-19,阿里系再要约私有化爱康国宾，民营体检市场格局会因此改变吗？,搜狐
2018-03-19,[看好评级]PHARMACEUTICAL：PROMISING INVESTMENT THEMES IN PHARMACEUTICAL INDUSTRY：DRUG PRODUCERS CONSUMP.,中财网
2018-03-19,盘前有料｜盘前有料｜京东进军车联网 机构看好这些股（名单）,证券时报网
2018-03-19,医疗保健行业动态：国务院机构改革 医保支付改革有望突破,中财网
2018-03-19,北上资金加仓蓝筹弃创业板偏爱中科曙光,证券时报
2018-03-18,连续两周加仓后卖出中小创 北上资金最爱这只独家兽,新浪
2018-03-18,医疗保健：国务院机构改革 荐8股,中泰证券
2018-03-18,医疗保健：重仓医药正当时 荐8股,西南证券
2018-03-16,巧乐集团戴寿鹏： 探路产业+资本的进化之道,中金在线
2018-03-15,郑眼看盘：横盘震荡 权重股暂且占优,每经网
2018-03-15,人工智能火了，为啥医疗成为最先受益者？,IT168
2018-03-14,马云收购爱康国宾真相何在？深挖阿里和腾讯医疗的投资差异,医学界智库
2018-03-14,爱康国宾私有化迷局：卖给阿里是最好的选择吗？,创业家
2018-03-14,[增持评级]医药与健康护理行业信息点评：爱康国宾私有化出现阶段性进展 阿里巴巴或为最大赢家,中财网
2018-03-14,3月14日券商晨会研报汇编,证券日报
2018-03-14,【晨会聚焦】持续看好成长和消费！ 医药行业深度：抗PD-1单抗,中泰证券研究所
2018-03-14,【医药】江琦、王超（联系人）：国务院机构改革为医药产业发展指明方向-20180314,中泰证券研究所
2018-03-13,美年大健康面向合格投资者公开发行公司债券并更名,Wind
2018-03-13,[看好评级]医药生物行业周报：关注维生素板块投资机会,中财网
2018-03-13,医药股纷纷创新高，是昙花一现还是春天来了？,环球老虎财经
2018-03-13,2018年3月医药行业投资策略：追寻确定性、发掘低估值成长股,国信研究
2018-03-13,晨会聚焦1803013：重点关注中国中药、纺织日化、医药行业、创新药、海外市场、乐普医疗,国信研究
2018-03-13,马云再出手！爱康国宾私有化之路尘埃落定，阿里将如何打造医疗生态帝国？,动脉网
2018-03-13,【晨会聚焦】创新药进入兑现年；关注维生素涨价相关标的,中泰证券研究所
2018-03-13,【医药*全铭团队】坚定看好医药行业的向上拐点机会，建议增配医药,东吴研究所
2018-03-13,"医药周报2018年第9期:关注度提升,把握结构性机会",长城证券
2018-03-13,"医药行业周报:看好创新药、疫苗及消费升级机会,推荐恒瑞医药、安科生物、片仔癀等",西南证券
2018-03-12,医疗保健：好公司值得长期拥有 荐8股,中泰证券
2018-03-12,[强于大市评级]深度*行业*医药行业周报：每一次估值切换都是价值发现之旅,中财网
2018-03-12,创业板有望继续走强绩优中小创成长股获青睐,顶尖财经网
2018-03-12,[推荐评级]医药行业周报：把握流通板块投资机会 关注低估值优质企业,中财网
2018-03-12,[强于大市评级]医药行业周报：看好创新药、疫苗及消费升级机会 推荐恒瑞医药、安科生物、片仔癀等,中财网
2018-03-12,医疗保健行业周报：创新依然是热点 “洼地”板块值得布局,中财网
2018-03-12,[推荐评级]医药行业周报：左手创新 右手消费 布局滞涨：三问三答当下的投资机会,中财网
2018-03-12,创业板有望继续走强 绩优中小创成长股获青睐,金融界
2018-03-12,119只中小创股创年内新高 三指标筛出9只绩优成长股,证券日报
2018-03-11,三大逻辑被忽视？机构喊出“配置医药股正当时”！,每经网
2018-03-11,[增持评级]医药生物行业周报：好公司值得长期拥有,中财网
2018-03-11,医疗保健：好公司值得长期拥有 荐8股,中泰证券
2018-03-10,303公司利润环比连增 65家步入绩优股行列,证券时报网
2018-03-08,[中性评级]医药生物行业3月月报：聚焦两会 关注产业发展大趋势,中财网
2018-03-07,公告精选：一汽与奥迪重组业务成立新公司；华信国际回应被接管传言不实；多家公司推高送转,每经网
2018-03-07,[中性评级]医药生物行业2月月报：关注业绩超预期个股,中财网
2018-03-07,【股市新闻汇编】（03.07）,微信
2018-03-06,公告精选：中粮生化拟80亿元收购中粮集团旗下3家企业；证金大幅增持山东黄金；梅雁吉祥第一大股东易主,每经网
2018-03-06,深圳证券市场大宗交易公开信息(2018年03月06日),顶尖财经网
2018-03-06,[中性评级]深度*行业*医药行业周报：创业板回暖 建议加大中小市值配置,中财网
2018-03-06,[推荐评级]医药行业周报：按病种付费推荐目录公布 医保支付方式改革有望加快,中财网
2018-03-05,盈利增速最高1300%！最低亏损超3700%！2017医药上市公司业绩全览，谁是下一个黑马？,E药经理人
2018-03-05,[看好评级]医药生物行业周报：关注绩优白马及创新药,中财网
2018-03-05,[强于大市评级]医药行业周报：聚焦子行业龙头 看好恒瑞医药、安科生物、美年健康等,中财网
2018-03-05,[增持评级]医药生物行业周报：无论大小 增速和未来为王,中财网
2018-03-05,[强于大市评级]医药生物行业投资策略：年报密集期 精选业绩预期强烈估值合理的细分龙头,中财网
2018-03-05,[强于大市评级]医药生物行业研究周报：擒“消费升级” 方得奇兵,中财网
2018-03-05,【海通医药.3月月报】重点关注快报、一季报超预期个股,--
2018-03-05,医疗保健行业周报：目前时点精选优质赛道进行配置,中财网
2018-03-05,"美年健康:行业龙头地位稳固,收入利润双50%持续增长",证券之星
2018-03-04,听·天风一周一会 | 4200份问卷调查看清中国消费系列,天风研究
2018-03-03,300公司利润不断改善 63家步入绩优股行列,证券时报网
2018-03-03,年报行情“号角吹响” 钢铁医药化工行业有望送红包,金融投资报
2018-03-02,[领先大市-B评级]医药行业2017年业绩前瞻：整体增长稳健 重点把握业绩优质龙头股,中财网
2018-03-02,医药行业业绩冰火两重天 辅助用药使用受限致多家药企业绩下滑,证券日报
2018-03-01,国内科技类细分龙头股汇总,维库电子市场
2018-03-01,[增持评级]医药与健康护理行业月报：重点关注快报、一季报超预期个股,中财网
2018-03-01,2018胡润全球富豪榜：我国医药界新晋人物都有谁？,制药网
2018-03-01,中泰证券3月各行业观点及重点推荐标的-20180228,中泰证券研究所
2018-03-01,【医药】江琦：医药生物行业2018年3月月报：以业绩为导向，以创新为方向-20180301,中泰证券研究所
2018-02-28,健康中国频现利好 绩优龙头迎布局良机,中证网
2018-02-28,[中性评级]2018年医药行业春季策略报告：平淡中孕育希望,中财网
2018-02-28,开盘观察:受美股大跌影响Ａ股全线低开创业板坚挺,中财网
2018-02-26,[看好评级]医药生物行业周报：持续关注一致性评价及创新药标的,中财网
2018-02-26,[强于大市评级]医药生物行业深度研究：4000份问卷 管中窥豹医疗消费升级趋势,中财网
2018-02-26,天风医药：管中窥豹医疗消费升级趋势,新浪
2018-02-26,[强于大市评级]医药生物行业研究周报：震荡中拥抱低估值高成长的“安全标的”,中财网
2018-02-26,2月26日券商晨会研报汇编,证券日报
2018-02-26,浙商早班车2018.02.26,浙商证券研究所
2018-02-25,从规模走向技术驱动,全景网
2018-02-25,瑞鹏股份（838885）：引领中国宠物医疗市场，全产业链的行业领袖,新三板智库
2018-02-25,机构解析：下周热点板块及个股探秘（附股）,中证报
2018-02-24,2018年医药整体业绩估值为27倍 医药概念股龙头一览表,证券日报
2018-02-24,年报行情即将打响 6大板块业绩高增长股浮出水面,金融投资报
2018-02-23,美年健康：公司业绩增长好于预期 买入评级,东吴证券
2018-02-22,[增持评级]医药生物行业周报：2018年新气象 新医药 看好商业健康险和创新药物的快速发展,中财网
2018-02-22,医药圈五大投融资并购事件 将彻底改变行业格局!,医药网
2018-02-22,"医药生物行业周报:看好估值合理的子行业龙头,重点推荐恒瑞医药、长春高新、美年健康等",西南证券
2018-02-17,305公司利润不断改善 54家步入绩优股行列,证券时报
2018-02-16,狗年到了这些上市公司集体给您送祝福！,顶尖财经网
2018-02-15,强势股追踪 主力资金连续5日净流入100股,证券时报网
2018-02-14,机构解析：节后热点板块及个股,中财网
2018-02-14,券商评级:9股,证券之星
2018-02-14,2月14日早间机构研报精选 10股值得关注,证券时报网
2018-02-14,东吴证券：美年健康买入评级,顶尖财经网
2018-02-13,[增持评级]医药生物行业周报：关注调整幅度大、估值合理的优质个股,中财网
2018-02-13,五大券商周三看好6板块45股,证券之星
2018-02-13,医疗保健：看好龙头公司表现 荐5股,国信证券
2018-02-13,"【国信医药|业绩前瞻】医药生物2017年报业绩前瞻：覆盖公司整体增速较快,看好龙头公司表现",GuosenHealthcare
2018-02-13,[增持评级]美年健康(002044)简评：内生增长迅速 慈铭体检并表增厚业绩,中财网
2018-02-13,[推荐评级]医药行业周报：板块调整致超跌行情 优质标的存反弹机遇,中财网
2018-02-13,医药生物行业周报:继续关注一致性评价主题催化,浙商证券
2018-02-12,[买入评级]美年健康(002044)点评：公司发布业绩快报 平台化价值逐步强化,中财网
2018-02-12,[买入评级]美年健康(002044)公司公告点评：2017年业绩高速增长 看好长期前景,中财网
2018-02-12,美年健康：慈铭体检并表增厚业绩 增持评级,中信建投
2018-02-12,[强于大市评级]医药生物行业研究周报：市场震荡 投资机会显现,中财网
2018-02-12,[推荐评级]美年健康(002044)业绩预览：业绩符合预期 看好长期发展,中财网
2018-02-10,机构上调43股评级 新安股份目标涨幅77.70%,证券时报网
2018-02-09,美年健康：子公司大象医生远程医疗全新模式启航,e公司
2018-02-09,2月9日晚间中国财经信息网独家证券快报,中财网
2018-02-09,[看好评级]医药生物行业2017年年报业绩前瞻：稳健增长 分化明显 重点关注优质成长与稳健价值,中财网
2018-02-08,机构上调39股评级 新安股份目标涨幅69%,证券时报
2018-02-07,[看好评级]医药生物行业周报：一致性评价执行政策落地加速,中财网
2018-02-06,42股获券商买入评级 中航资本目标涨幅达67.20%,Wind
2018-02-05,[推荐评级]医药行业周报：进入年报期 关注业绩的确定性和持续性,中财网
2018-02-05,[买入评级]美年健康(002044)深度报告：高成长的体检龙头 流量价值逐步凸显,中财网
2018-02-05,[推荐评级]医药行业周报：CAR-T疗法再进优先审批 临床价值进一步凸显,中财网
2018-02-05,美年健康：创建“筛查-诊疗”新模式,e公司
2018-02-05,[强于大市评级]医药生物行业投资策略：优选“业绩拐点+估值修复”品种 巧避”雷区”,中财网
2018-02-05,[强于大市评级]医药生物行业研究周报：拥抱二线白马 守望一线龙头,中财网
2018-02-04,探索筛查+诊疗模式 美年健康牵手国家呼吸临床研究中心,21世纪经济报道
2018-02-03,品质消费、春节旅游… 新年俗新年货你准备好了吗,新华网
2018-02-03,301公司利润环比连增 54家步入绩优股行列,证券时报网
2018-02-03,1月份减持市值环比增加 海康威视排名第一,证券时报网
2018-02-02,[增持评级]医药生物行业月报：把握政策落地年龙头企业机会 布局年报、一季报业绩预增品种,中财网
2018-02-02,业绩预增板块再度崛起,证券之星
2018-02-02,拥抱创新 紧抓医药龙头,证券导报
2018-02-01,[超配评级]医药行业2018年2月投资策略：踏雪寻成长 回首看龙头,中财网
2018-02-01,中泰证券2月重点推荐标的,微信
2018-02-01,QFII等外资机构看好A股市场 偏爱中小板公司,证券日报
2018-01-31,医保控费下的3大产业趋势！云南白药、华海药业、长春高新等各自靠什么增长？,E药经理人
2018-01-31,健康体检行业专题研究：忽如一夜春风来 千树万树梨花开,中财网
2018-01-31,[颀先大市-B评级]医药行业周度报告：我国克隆猴技术取得重大突破 新药研发或将迎来重大变革,中财网
2018-01-31,[看好评级]医药生物行业周报：关注一致性评价执行政策相关标的,中财网
2018-01-30,爱康联手默沙东 抢食市场各有所需 | 快消栾弹,第一财经
2018-01-30,医疗保健：医保支付结构优化带来行业分化 荐8股,安信证券
2018-01-30,[推荐评级]医药行业周报：政策持续推动行业整合 重点关注药品及服务板块,中财网
2018-01-29,险资新规刷屏！15万亿险资增加了投资范围……,中证报
2018-01-29,券商评级:沪指冲高回落跌近1% 9股引关注,证券之星
2018-01-29,"美年健康:新投资体检中心51家,加快门店扩张战略",正点财经
2018-01-29,【中证盘前播报】尴尬了，网宿科技否认腾讯入股，今日复牌咋整？山西汾酒推进混改拟引入战投；钢铁、化工行业多家公司年报预增,中证报
2018-01-29,社保基金持11只股票浮盈均超10亿元 农业银行成社保基金“心头肉”,证券日报
2018-01-29,"医药行业周报:看好创新药、供给侧改革、消费升级,重点推荐智飞生物、鲁抗医药、片仔癀等",西南证券
2018-01-29,"美年健康重大事件快评:开店计划稳步推进,并购基金保驾护航",国信证券
2018-01-29,"医药行业周报:年报业绩预告陆续披露,整体业绩增速稳定",开源证券
2018-01-29,"美年健康:横向加速网点大扩张,纵向打造健康生态圈",上海证券
2018-01-28,医疗保健：龙头趋势明确 荐8股,中泰证券
2018-01-27,基金2017年第四季度投资偏好解密 配置重心围绕家电等五行业,证券日报
2018-01-26,美年健康：股东减持1.01%股份,e公司
2018-01-26,美年健康：对全资子公司慈铭体检增资9000万元实施,金融界
2018-01-26,美年健康：全资子公司拟投资5100万元设立子公司美,金融界
2018-01-25,生命科学领域获突破克隆猴诞生 生命科学概念股有哪些？,证券日报
2018-01-24,机构强推：明日必买的六大个股一览,中财网
2018-01-24,"智飞生物:业绩符合预期,重磅疫苗产品持续放量值得期待",正点财经
2018-01-24,利润环比连增+同比暴增 50匹盈利白马现身,证券时报网
2018-01-24,406公司披露最新股东户数 近七成筹码趋向集中,投资快报
2018-01-24,医药生物行业周报:关注具备良好业绩基础的创新药龙头企业,浙商证券
2018-01-24,"医药生物行业周报:业绩为重,继续关注绩优龙头",华安证券
2018-01-23,美年健康荣膺金圆桌“年度优秀董事会”,南方财富网
2018-01-22,国内抗感冒药物热销 医药细分行业龙头被看好,化工网
2018-01-22,机构密集调研 医药家电“经典路线”延续,中证报
2018-01-22,医药行业投资策略 这家药企比恒瑞医药还被看好,米内网
2018-01-22,五大券商周二看好6板块41股,证券之星
2018-01-22,机构推荐：周二具备布局潜力金股,中证网
2018-01-22,浙商早班车2018.01.22,浙商证券研究所
2018-01-21,上周机构调研路径曝光：两大行业受重点关注,Wind
2018-01-20,180公司利润环比连增 33家步入绩优股行列,证券时报
2018-01-19,19日晚间研报精选：8股有望爆发（名单）,和讯
2018-01-19,[调研]美年健康获多家外资机构调研 董事长解读大健康产业发展,全景网
2018-01-18,【安信医药】我们重申，继续推荐【中国医药】、【济川药业】、【葵花药业】,诸海滨科新先声
2018-01-18,开盘观察:大金融股疯狂输出 大盘强势新高需保持,中财网
2018-01-17,美年健康：预防端口迎来重大机遇 未来核心战略曝光,财富动力网
2018-01-17,“链接+AI”，以后健康医疗怎么变？,证券时报
2018-01-17,1月17日：主力巨资出逃四大板块(15:00),金融界
2018-01-17,1月17日：主力巨资出逃四大板块(14:00),金融界
2018-01-16,四大因素驱动医药股行情 千亿元级市值股有望扩容,证券日报
2018-01-16,【医药】江琦、池陈森：2018年医药生物投资策略：拥抱创新，紧抓龙头-20180115,中泰证券研究所
2018-01-15,浙商早班车2018.01.15,浙商证券研究所
2018-01-14,美年健康董事长俞熔：“关口前移、预防优先”是不可逆转的趋势,中证报
2018-01-14,医药生物行业周报：行业趋势明确看好龙头和创新,中财网
2018-01-14,医疗保健：看好龙头和创新 荐17股,中泰证券
2018-01-13,利润环比连增+同比暴增 36匹盈利白马现身,证券时报网
2018-01-12,HPV疫苗内地市场起步 GSK、默沙东“同步”借道阿里健康推广,每日经济新闻
2018-01-12,内生因素凸显，上市公司业绩增长料更稳健,Wind
2018-01-11,医药生物行业1月月报：把握年底估值切换行情布局2018,中财网
2018-01-11,今日午评：上证九连阳后遇阻蓝筹依然是主投资方向,中财网
2018-01-11,快讯：医疗板块持续走强 通策医疗领涨,新浪
2018-01-10,智飞生物(300122)：业绩爆发高增长元年开启拥抱疫苗创新大产品大时代,中财网
2018-01-10,A股情报局：上证指数八连阳背后的逻辑,腾讯网
2018-01-09,茅台创新高，意味着食品饮料还会再涨？,银行信息港
2018-01-09,医药生物行业周报：流感爆发关注主题投资机会,中财网
2018-01-09,1月9日：主力巨资出逃四大板块(15:00),金融界
2018-01-08,机会宝2017年度大数据榜单出炉，透视A股赚钱基因：近20只股票涨幅翻番，最猛涨幅近9倍！,中国基金报
2018-01-08,社保基金连续三季度增持22只个股 投资风格值得关注,中金在线
2018-01-08,【股添乐评】新年以来这板块最火 茅台年底或涨到让你目瞪口呆,中金在线
2018-01-08,医药行业周报：关注一致性评价配套政策落地通过品种将持续受益,中财网
2018-01-08,医药行业周报：再次强调LICENSE,中财网
2018-01-08,医药行业周报：疫苗行业景气度高涨重点推荐智飞生物、康泰生物等,中财网
2018-01-08,医药行业周报:医药消费升级投资机遇,中国网
2018-01-08,医药生物行业研究周报：新年新气象持续关注业绩预期强烈龙头,中财网
2018-01-08,碧桂园首次问鼎年度冠军 社保基金最为看好22股,和讯
2018-01-08,社保基金连续三季度增持22只股票 华安基金“神同步”三次增持万华化学,证券日报
2018-01-08,医药投资策略||医药行业2018年1月份投资月报【兴证医药】,药物一致性评价
2018-01-06,138公司利润不断改善 23家步入绩优股行列,证券时报网
2018-01-05,今日午评：个股跌多于少其实市场已经开始进入调整,中财网
2018-01-05,【金网早参汇】看好A股市场中长期表现；重点关注三类个股,中金金网
2018-01-05,掘金沪深股通丨外资加速扫货，8只个股净流入超亿元，这只二线白酒股连续上榜,每经网
2018-01-05,美年健康：实控人及其一致行动人增持1607万元,金融界
2018-01-05,荣之联跨界生命科学和信息科学，如何用数据服务突破精准医疗瓶颈？,动脉网
2018-01-05,华创事件驱动早报1-5：全球首个物联网架构国标通过；英特尔处理器曝安全危机,华创证券研究
2018-01-05,A股情报：外资一动作实属罕见 短线需警惕一事,凤凰网
2018-01-05,A股头条：北上资金持续扫货 江南嘉捷发公告提示风险,金融界
2018-01-04,1月4日有48家公司获重要股东增减持 报喜鸟已被连续增持27次,Wind
2018-01-04,【申万宏源中小盘 每日带你复盘 2018.01.04】,申万中小盘研究
2018-01-04,公告精选：江南嘉捷提示风险称市盈率188倍明显偏高；步森股份控股股东股票接近警戒线,e公司
2018-01-04,多家公司发布增持公告：安德利美年健康等获捧,Wind
2018-01-04,晚间重要公告2018年01月04日星期四,--
2018-01-04,1月4日晚间上市公司利好消息一览（附名单）,中金在线
2018-01-04,干货！今日晚间重要公告速读（更新中）,第一财经日报
2018-01-04,1月4日上市公司晚间公告速递,新浪
2018-01-04,美年健康：实控人及一致行动人累计增持1.36%,Wind
2018-01-04,精神病院康宁医院上市韭菜精神崩溃可去这里疗养,金融界
2018-01-04,基因帮：在基因测序行业玩起了“电商”，用互联网的力量助力科研,动脉网
2018-01-03,美年健康近期频现大宗交易员工持股计划股份购买实施完毕,每日经济新闻
2018-01-03,晚间重要公告2018年01月03日星期三,--
2018-01-03,A股共发生92宗大宗交易成交8.53亿元（1月3日）,Wind
2018-01-03,美年健康：员工持股计划累计增持1亿股，耗资19亿元,Wind
2018-01-03,上海证券重要股东二级市场交易情况,腾讯网
2018-01-03,美年健康今日大宗交易成交300万股，成交价20.24元折价3.16%,Wind资讯
2018-01-03,1月3日：主力巨资围剿四大板块(15:00),金融界
2018-01-03,【海通策略】18年1月解禁额较上月翻倍（荀玉根、李影）,股市荀策
2018-01-03,【主题研究】医疗保健行业观点聚焦：医药“消费升级”来临“好药”+“品牌”是核心,中财网
2018-01-03,【医药】由“仿”入“创”，创新开启新的时代红利,天风研究
2018-01-03,2018年开年市场风格一定程度上朝中小创倾斜,财界网
2018-01-02,CFi收盘揭秘：2018开门红！指数跳空上扬,中财网
2018-01-02,"医药生物行业:注射剂一致性评价来临,利好高质量龙头公司",中国网
2018-01-02,医药行业2018年1月份投资月报:2018的“2+2”医药投资策略,中国网
2018-01-02,医药行业2018年投资策略：正本清源柳暗花明,中财网
2018-01-02,医药行业周报：首批一致性评价品种出炉把握18年主线投资机会,中财网
2018-01-02,【医药】江琦：医药生物行业2018年1月月报：2018是政策落地大年，看好创新药、高品质仿制药、医疗服务三大方向-增持-0101,中泰证券研究所
2018-01-02,“小清新”引领产业资本增持新风尚,Wind
2018-01-02,去年12月增持市值200亿 环比增加近一成,证券时报
2018-01-01,西南证券：减持环比增加三成多 增持增加近一成,西南证券
