date,sentence,col3
2021-12-31,龙佰集团：公司投资建设的磷酸铁锂项目所需的锂原料目前来源于外购,每日经济新闻
2021-12-31,龙佰集团：20万吨磷酸铁、20万吨磷酸铁锂和10万吨石墨负极项目一期正在进行试车前的准备工作,每日经济新闻
2021-12-30,“大化工”变革产业格局,胶粘剂网
2021-12-29,龙佰集团实控人许刚质押0.4%股份及解质1.28%股份,乐居财经
2021-12-29,龙佰集团(002601)：公司股东股份解除质押及质押,资本邦
2021-12-29,龙佰集团：许刚累计质押股数约为3.19亿股,每日经济新闻
2021-12-29,龙佰集团(002601.SZ)：董事长许刚质押950万股及解质3050万股,格隆汇
2021-12-29,科技+成长：大数据寻找2021年“预增王”,Wind
2021-12-28,云铝股份募资30亿降负债牛散2.65亿捧场 受益铝价上涨前三季盈利32亿增逾四倍,长江商报
2021-12-27,龙佰集团(002601.SZ)控股股东许刚质押3720万股,智通财经
2021-12-27,龙佰集团：许刚累计质押股数约为3.4亿股,每日经济新闻
2021-12-27,钛白粉迎来“十连涨”企业纷纷发函宣布涨价,中国经营报
2021-12-27,云铝股份“豪华定增团”现神秘自然人,Wind
2021-12-27,神秘自然人砸2.65亿元，一口气买3000万股，疑似百亿级河南富豪！知名基金、券商、外资巨头组团捧场,中证报
2021-12-26,龙佰集团：副产氢气暂未对外销售,中证网
2021-12-26,龙佰集团：公司副产氢气暂未对外销售，下步将用于公司新能源电池材料产业链等领域,每日经济新闻
2021-12-26,龙佰集团：公司投资建设的20万吨磷酸铁、20万吨磷酸铁锂和10万吨石墨负极项目一期项目预计年底建成试,每日经济新闻
2021-12-26,龙佰集团：公司目前暂未对钠离子电池材料进行研究,每日经济新闻
2021-12-25,103家公司预告2021年业绩，逾八成报喜,Wind
2021-12-24,市场“高低位”切换，如何寻找稳健板块,Wind
2021-12-23,鲁北化工：公司目前未有氯化法钛白粉扩产计划,Wind
2021-12-23,年报预告抢先看！超八成公司预喜，最高增幅超10倍,证券之星
2021-12-22,最高增幅超10倍！近百家A股公司披露全年业绩预告,Wind
2021-12-22,最高增幅超10倍！近百家A股公司披露全年业绩预告,中证报
2021-12-22,机构高关注的低位绩优股名单来了,第一财经
2021-12-22,低位股悄悄崛起，机构高关注的低位绩优股名单来了,Wind
2021-12-22,"最会炒股的上市公司出手，携近18亿资金相中了它。16连板牛股今日停牌, 低位股悄悄崛起，机构高关注的低位绩优股名单来了",微信
2021-12-20,化工周报：原油价格继续下挫；周期龙头、折叠屏材料相关标的表现活跃,新浪
2021-12-19,龙佰集团：公司已公告规划建设年产3万吨高端钛合金新材料项目,每日经济新闻
2021-12-19,龙佰集团：今年钛白粉销售价格上涨既有需求拉动因素也有成本推动因素，加之全球市场新增产能有限,每日经济新闻
2021-12-19,龙佰集团：公司暂未涉及磷酸锰铁锂产品,每日经济新闻
2021-12-19,龙佰集团：公司多年深耕钛白粉行业，已获得世界第三、亚洲第一的行业地位,每日经济新闻
2021-12-17,68家A股公司剧透年度业绩，三大行业高景气度跃然纸上,Wind
2021-12-16,钛白粉概念股或迎价值重估,金融投资报
2021-12-16,国际巨头提价，国内企业跟进上调明年钛白粉价格,Wind
2021-12-16,钛白粉价格明年继续涨 或成化工市场最大赢家？,证券日报
2021-12-15,钛白粉龙头企业宣涨明年价格 成本支撑减弱“涨声”能否持续,e公司
2021-12-15,A股早报2021年12月15日星期三,Wind
2021-12-15,“强心针”来了！钛白粉龙头官宣明年涨价，部分企业紧随其后， “涨声”能否持续？专家这么说,e公司
2021-12-15,多家钛白粉公司宣布涨价,Wind
2021-12-14,行业动态丨年底钛白粉企业扎堆发布涨价函 业内人士：执行有难度,财联社
2021-12-14,行业巨头纷纷提价 钛白粉迎来2022年第一波涨价潮,证券日报网
2021-12-14,钛白粉迎新一轮涨价潮！三企业：对业绩有积极影响,中新经纬
2021-12-14,钛白粉再涨价！切入新能源赛道，产业链获价值重估,Wind
2021-12-14,钛白粉迎来新一轮涨价潮 多家上市公司上调产品价格,第一财经
2021-12-14,能源化工行业周观点：政策发力稳增长 碳排放双控催生长期机遇,新浪
2021-12-14,宁德时代10亿成立新能源材料公司,Ofweek
2021-12-14,【机会挖掘】行业龙头上调钛白粉价格 机构：产业链切入新能源产业迎来价值重估,证券时报网
2021-12-14,A股早报2021年12月14日星期二,Wind
2021-12-14,【中证盘前】中国内地首次发现奥密克戎；多家公司宣布临时停产；龙佰集团明年起上调钛白粉销售价格；美股三大指数集体收跌,中证报
2021-12-14,早知道：中国内地首次检出奥密克戎变异株；龙佰集团明年起上调钛白粉售价,e公司
2021-12-14,上市公司正负面新闻2021年12月14日星期二,Wind
2021-12-13,实控人许刚所持龙佰集团1.47%股份解除质押,乐居财经
2021-12-13,晚间公告热点追踪：龙佰集团明年起上调钛白粉销售价格,新浪
2021-12-13,晚间重要公告2021年12月13日星期一,Wind
2021-12-13,钛白粉再涨价！龙佰集团明年起上调各型号钛白粉1000元人民币/吨,第一财经
2021-12-13,龙佰集团(002601.SZ)拟上调各型号钛白粉的销售价格,智通财经
2021-12-13,龙佰集团(002601.SZ)总裁许刚解除质押3500万股,智通财经
2021-12-13,龙佰集团(002601.SZ)：1月1日起上调各型号钛白粉售价,格隆汇
2021-12-13,龙佰集团：自2022年1月1日起 上调各型号钛白粉1000元人民币/吨,新浪
2021-12-13,龙佰集团：明年起上调钛白粉销售价格,e公司
2021-12-13,龙佰集团：许刚累计质押股数约为3.03亿股,每日经济新闻
2021-12-13,龙佰集团：上调各型号钛白粉销售价格,Wind
2021-12-13,磷酸铁锂成车企新宠，涨价、扩产潮来临,Wind
2021-12-13,11公司年净利润　预计翻倍,财富动力网
2021-12-12,龙佰集团：随着环保及能耗双控政策的实施，公司作为领先的钛白粉生产商之一，预期将进一步提高市场份额,每日经济新闻
2021-12-12,【安信化工】科学考核能耗双控，看好化工龙头,安信化工研究
2021-12-12,龙佰集团：公司2022年度向银行申请的授信额度总计为人民币560亿元,每日经济新闻
2021-12-12,龙佰集团：公司现每年副产超1亿方氢气,每日经济新闻
2021-12-12,龙佰集团：公司副产氢气可循环用于现有生产线及锂电材料生产线,每日经济新闻
2021-12-12,龙佰集团：公司目前钛白粉产能101万吨,每日经济新闻
2021-12-12,龙佰集团：公司参股投资的重庆国创轻合金研究院有限公司暂未开展研究铝电池技术,每日经济新闻
2021-12-12,龙佰集团：钛白粉产能规模位居全球第三及亚洲第一,每日经济新闻
2021-12-12,龙佰集团：公司投资建设的20万吨磷酸铁、20万吨磷酸铁锂和10万吨石墨负极项目一期预计年底建成试车,每日经济新闻
2021-12-12,龙佰集团：目前暂无投资硅碳负极材料规划,每日经济新闻
2021-12-12,龙佰集团：公司目前有硫钴精矿外售,每日经济新闻
2021-12-12,九连板后两连跌停，3.34万股东惊呆，这家上市公司被证监会立案！年报预增个股名单出炉，11股业绩翻倍,新浪
2021-12-10,持续加码新能源锂电材料 龙佰集团向一子公司增资7000万元,证券日报网
2021-12-10,龙佰集团与比克电池合作，共促锂电产业高质量发展,Ofweek
2021-12-10,A股早报2021年12月10日星期五,Wind
2021-12-10,35股获券商买入评级，恒为科技目标涨幅达96.28%,Wind
2021-12-09,盘后公告集锦|2500亿消费大白马百亿定增落地！高瓴、高毅等明星机构获配,财联社
2021-12-09,龙佰集团加码新能源锂电池 比克电池框定将最低采购2.3万吨锂电材料,e公司
2021-12-09,龙佰集团与比克电池签订战略协议 将在产业协同等领域深度捆绑发展,财联社
2021-12-09,龙佰集团(002601.SZ)与比克电池建立战略合作伙伴关系,智通财经
2021-12-09,龙佰集团：与比克电池签署《战略合作框架协议》,Wind
2021-12-09,龙佰集团(002601)：年内钛白粉行业高景气带动盈利增长 新能源业务布局进一步深化,西南证券
2021-12-09,光大证券：给予龙佰集团买入评级,证券之星
2021-12-08,龙佰集团(002601.SZ)：佰利联香港拟对山东龙佰钛业增资1.3亿元,格隆汇
2021-12-08,龙佰集团(002601.SZ)拟对子公司山东龙佰钛业增资1.3亿元,智通财经
2021-12-08,龙佰集团(002601)：钛白粉量价齐升 锂电材料不断加码,新浪
2021-12-08,龙佰集团(002601)：21年业绩符合预期 新能源持续布局,新浪
2021-12-08,龙佰集团：预计2021年全年盈利45.77亿至57.22亿元,资本邦
2021-12-08,国都证券研究所晨报,新浪
2021-12-08,龙佰集团今年业绩大幅预增，北向资金却连续5日减持 减持股份,第一财经
2021-12-08,龙佰集团发布全年业绩翻倍公告，北上资金连续5日减持 减持股份,阿尔法工场
2021-12-07,晚间要闻2021年12月7日星期二,Wind
2021-12-07,龙佰集团预计全年净利超45亿元，当前股价对应估值仅11倍出头,21世纪经济报道
2021-12-07,公告精选：凯普生物、龙佰集团全年业绩大幅预增；证监会对*ST澄星及其控股股东立案,e公司
2021-12-07,公告精选：凯普生物、龙佰集团全年业绩大幅预增；牧原股份相关商业承兑汇票已全部兑付,e公司
2021-12-07,龙佰集团(002601.SZ)预计2021年度归母净利同比增长100%–150%,智通财经
2021-12-07,龙佰集团(002601.SZ)：2021年度净利润预增100%-150%,格隆汇
2021-12-07,龙佰集团：2021年预计净利润同比增长100.0%~150.0%,Wind
2021-12-07,龙佰集团：预计2021年全年净利同比增长100%-150%,财联社
2021-12-07,龙佰集团：预计2021年净利润同比增长100%至150%,Wind
2021-12-07,【正极材料周报】宁德时代/华友钴业先后开建一体化项目,中国电池网
2021-12-07,东方锆业拟加码澳洲矿产资源布局 产品量价齐升产能利用率增超10%,长江商报
2021-12-06,化工周报：周期品价格逐步企稳 静待春旺归来,新浪
2021-12-06,深度*行业*化工行业2022年策略：优秀龙头有望价值重估 新材料发展空间广阔,新浪
2021-12-06,安宁股份：公司钒钛铁精矿主要客户有攀钢集团、成渝、德胜，钛精矿主要客户有龙佰集团、蓝星大华、添光钛业、方圆钛白、东方钛业等,每日经济新闻
2021-12-06,安宁股份：公司钒钛铁精矿主要客户有攀钢集团、成渝、德胜,Wind
2021-12-06,氢能板块消息不断，16股预计全年净利润翻倍,Wind
2021-12-05,【华安化工|周报】关于《“十四五”工业绿色发展规划》发布,化工阿尔法
2021-12-03,钛白粉龙头龙佰集团，35亿投建20万吨锂离子电池项目，营业收入达500亿元,Ofweek
2021-12-02,钛微媒市场周评11.22-11.26,中国有色
2021-12-02,抢抓产业发展机遇 龙佰集团持续加码新能源材料,证券日报网
2021-12-02,龙佰集团：拟投建年产15万吨电池级磷酸铁锂生产线等项目,资本邦
2021-12-02,龙佰将建锂电负极材料项目,中化新网
2021-12-01,锂电负极材料扩产潮：龙头贝特瑞股价已涨逾3倍,时代财经
2021-12-01,龙佰集团拟30亿元投建年产15万吨电池级磷酸铁锂项目和钛白粉后处理扩能项目,上证报
2021-12-01,龙佰集团(002601.SZ)：拟投建年产15万吨电池级磷酸铁锂项目、钛白粉后处理扩能项目(20万吨/年),格隆汇
2021-12-01,龙佰集团：拟合计30亿元投建磷酸铁锂和钛白粉后处理扩能项目,财联社
2021-12-01,龙佰集团：拟合计30亿元投建磷酸铁锂和钛白粉后处理扩能项目,Wind
2021-12-01,光大证券：给予龙佰集团买入评级,证券之星
2021-12-01,龙佰集团拟投35亿元加码新能源板块,盖世汽车
2021-11-30,股价跳空高开6.7%!龙佰集团（002601.SZ）拟投资35亿建设锂电负极项目,财华社
2021-11-30,龙佰集团：公司副产氢气可循环用于现有生产线以及锂电材料生产线,每日经济新闻
2021-11-30,龙佰集团：公司预计未来两年，一方面现有产品继续处于景气周期，另一方面现有产品的新增产能和我们投资建设的磷酸铁、磷酸铁锂及负极材料新能源项目，将形成新的业绩增长点，与现有钛产业链形成协同效应,每日经济新闻
2021-11-30,龙佰集团：目前公司商誉61亿元，主要来源于2016年收购龙蟒钛业、2019年5月收购云南新立等,每日经济新闻
2021-11-30,龙佰集团：公司投资建设的磷酸铁项目一期预计年底建成投产,每日经济新闻
2021-11-30,龙佰集团：公司钛白粉的成本更具竞争力,每日经济新闻
2021-11-30,能源化工行业周观点：继续推荐高景气赛道和成长高确定性标的,新浪
2021-11-30,钴行业再创年内新高,Ofweek
2021-11-30,刘格菘闷声抄底？龙佰集团再砸35亿建设负极产能，第一大拥趸广发基金“被套”,21世纪经济报道
2021-11-30,股价跳空高开！钛白粉巨头砸35亿建设年产20万吨锂电负极材料,长江有色
2021-11-30,快讯：钛白粉概念开盘走高 龙佰集团涨超6%,新浪
2021-11-30,A股异动 | 龙佰集团(002601.SZ)涨逾5% 拟建年产20万吨锂离子电池负极材料项目,格隆汇
2021-11-30,钛白粉龙头35亿下注、机构联手北上资金抢筹17股,Wind
2021-11-30,基础化工行业周报：甘氨酸、萤石等价格延续涨势 DMC、人造石墨负极、尿素、黄磷等价格上涨,新浪
2021-11-30,钛白粉龙头35亿重金下注！机构资金最新动向曝光，联手北上资金抢筹17股,证券时报网
2021-11-30,【中证盘前】新力金融提示重组暂停、中止或取消风险,中证报
2021-11-29,龙佰集团拟35亿元加码新能源板块 将建年产20万吨锂电负极材料,e公司
2021-11-29,晚间要闻2021年11月29日星期一,Wind
2021-11-29,龙佰集团(002601.SZ)：控股股东许刚解质200万股,格隆汇
2021-11-29,龙佰集团：许刚解除质押200万股,每日经济新闻
2021-11-29,龙佰集团(002601.SZ)：拟投资35亿元建年产20万吨锂离子电池负极材料一体化项目,格隆汇
2021-11-29,龙佰集团：拟35亿元投建锂离子电池负极材料一体化项目,财联社
2021-11-29,龙佰集团：拟投建年产20万吨锂离子电池负极材料一体化项目,Wind
2021-11-29,化工周报：DMC、甘氨酸持续上涨 关注一线龙头及偏下游产品,新浪
2021-11-27,龙佰集团：公司预计明年钛白粉、海绵钛、锆制品以及其他产品市场消费量会持续增长,Wind
2021-11-27,龙佰集团：公司将依托自身技术、投资、规模等独特优势，大力发展国际主流大型沸腾氯化法工艺,每日经济新闻
2021-11-27,龙佰集团：公司第四季度生产经营保持稳定,每日经济新闻
2021-11-27,龙佰集团：公司暂不涉及锂电池生产，产品磷酸铁用于磷酸铁锂生产或对外销售，磷酸铁锂全部对外销售,每日经济新闻
2021-11-27,龙佰集团：公司预计明年钛白粉、海绵钛、锆制品以及其他产品市场消费量会持续增长,每日经济新闻
2021-11-26,基础化工行业2022年年度投资策略：坚守价值 聚焦成长,新浪
2021-11-25,龙佰集团(002601.SZ)：第二期员工持股计划存续期将于2022年5月30日届满,格隆汇
2021-11-25,龙佰集团(002601.SZ)总裁许刚解除质押3400万股,智通财经
2021-11-24,有色金属行业：新能源汽车景气度向好 关注稀土和铜板块,新浪
2021-11-24,龙佰集团注册资本增加0.08%至23.81亿元,乐居财经
2021-11-23,龙佰集团：股东李玲提前终止减持计划，减持约819万股,每日经济新闻
2021-11-23,龙佰集团：持股5%以上股东李玲提前终止减持计划，累计减持818.77万股,Wind
2021-11-23,龙佰集团(002601.SZ)：股东李玲拟提前终止减持计划 已累计减持818.77万股,格隆汇
2021-11-23,基础化工行业：需求驱动仍是主旋律,新浪
2021-11-22,银泰投资质押龙佰集团0.63%股份,乐居财经
2021-11-22,龙佰集团(002601.SZ)：银泰投资质押1490万股及解押2400万股,格隆汇
2021-11-22,龙佰集团(002601.SZ)股东银泰投资质押1490万股及解质2400万股,智通财经
2021-11-22,龙佰集团：银泰投资质押1490万股,每日经济新闻
2021-11-22,化工周报：北交所正式开盘；双碳系列政策持续落地、煤化工行业频出新动态,新浪
2021-11-19,盘后公告集锦|开发“虹宇宙”？上交所火速予以这家公司监管警示,财联社
2021-11-19,东方锆业：子公司澳洲东锆与控股股东龙佰集团签署战略合作,中证网
2021-11-19,龙佰集团(002601.SZ)：与澳洲东锆签署战略合作协议,格隆汇
2021-11-19,东方锆业(002167.SZ)：子公司就矿产开采、市场、运输等领域与龙佰集团达成合作意向,格隆汇
2021-11-19,龙佰集团(002601.SZ)拟与澳洲东锆就澳洲采矿相关项目开展合作,智通财经
2021-11-19,东方锆业：子公司与公司控股股东达成战略合作,e公司
2021-11-19,东方锆业：子公司与龙佰集团签署战略协议,财联社
2021-11-19,东方锆业：子公司与龙佰集团签署战略协议,Wind
2021-11-17,龙佰集团：许刚解除质押1300万股,每日经济新闻
2021-11-17,龙佰集团(002601.SZ)：董事长许刚解质1300万股及质押3300万股,格隆汇
2021-11-17,龙佰集团(002601.SZ)实控人许刚解质1300万股及质押5430万股,智通财经
2021-11-17,龙佰集团：公司未采购一异丙醇胺作为原材料,每日经济新闻
2021-11-17,龙佰集团：公司投资建设的20万吨磷酸铁、20万吨磷酸铁锂和10万吨石墨负极项目一期预计年底建成投产，明年一季度将实现对外销售,每日经济新闻
2021-11-15,【行业深度】洞察2022：中国钛产业竞争格局及市场份额(附市场集中度、企业竞争力评价等),前瞻研究院
2021-11-15,化工周报：维生素、磷化工价格上涨 周期品整体企稳 关注白马龙头和轮胎、农化产业链,新浪
2021-11-12,龙佰集团(002601.SZ)三季报推10派2.5元 股权登记日11月18日,格隆汇
2021-11-12,龙佰集团(002601.SZ)三季度拟实施每10股派2.5元 11月19日除权除息,智通财经
2021-11-12,龙佰集团举行“上市十周年”暨资本市场论坛,中国有色
2021-11-10,“火红”的磷酸铁锂：上市公司疯狂跨界扩产，2023年产能或面临过剩节点？,Wind
2021-11-10,21硬核投研丨“火红”的磷酸铁锂：上市公司疯狂跨界扩产 2023年产能或面临过剩节点？,21世纪经济报道
2021-11-09,犀牛财经早讯：新研股份被证监会立案 昆仑万维回复关注函,GPLP犀牛财经
2021-11-09,化工企业“带资”驶入新赛道，磷酸铁锂大宗化进程加速,Wind
2021-11-08,龙佰集团(002601.SZ)：全体董监高承诺6个月内不减持公司股票,格隆汇
2021-11-08,龙佰集团：全体董监高承诺一定期限不减持公司股票,e公司
2021-11-08,2022年中国钛产业市场现状与竞争格局分析 钛白粉市占率最高且涂料应用最广,前瞻研究院
2021-11-05,动力电池涨价呼声高涨，新一轮行业洗牌悄然开启,Wind
2021-11-03,基础化工行业2021年三季报总结：原材料价格持续提升 短期影响21Q3行业盈利能力,新浪
2021-11-03,三季报总结|钛白粉企业业绩超预期 原材料高位支撑四季度价格,财联社
2021-11-02,龙佰集团今日大宗交易成交24.52万股，成交价25.66元折价4.18%,Wind
2021-11-02,"龙佰集团现5笔大宗交易 共成交10,190.60万元",新浪
2021-11-02,龙佰集团表示在房地产景气度下降的影响下，钛白粉行业仍有较好前景,新浪
2021-11-01,上市公司产品涨价潮来袭，明确机会？提价会促进股价上涨,Wind
2021-11-01,龙佰集团：根据钛白粉原材料价格和市场需求，适时调整价格,长江有色
2021-11-01,证监会国际部：对华新水泥(600801.SH)与龙佰集团(002601.SZ)出具境外上市反馈意见,智通财经
2021-11-01,基础化工行业：把握需求确定的方向,新浪
2021-10-31,龙佰集团：全球能源紧张，国内限电限产，一定程度上会导致市场上钛白粉供应量下降，对于行业龙头企业出口业务提升有一定的促进作用。目前公司出口订单处于正常水平,每日经济新闻
2021-10-31,龙佰集团：目前公司各基地主要生产线未受到限电限产政策的影响。电费占公司产品成本比重较小，公司还配套建设了2*50MW天然气分布式能源项目，电价波动对公司业绩影响不大,每日经济新闻
2021-10-31,龙佰集团：目前钛白粉产品涨价既有成本推动因素也有需求拉动因素,每日经济新闻
2021-10-31,龙佰集团：随着销售旺季的到来以及公司产能进一步释放，销售量下半年增长较快,每日经济新闻
2021-10-31,龙佰集团：公司在云南的矿物资源总储量约为29.74万吨,每日经济新闻
2021-10-31,龙佰集团：目前公司各基地主要生产线及在建项目均未受到限电限产政策的影响，也未对公司产品产能产生影响,每日经济新闻
2021-10-31,龙佰集团：公司规划在焦作市下辖的中站区、沁阳市和博爱县三个区域分别建设年产20万吨磷酸铁、20万吨磷酸铁锂和10万吨人造石墨负极项目，计划形成新的业绩增长点，完善新能源电池产业链布局,每日经济新闻
2021-10-31,龙佰集团：公司现每年副产约1亿方氢气，可以应用于新能源电池材料产业链以及氢燃料电池领域等方面,每日经济新闻
2021-10-31,龙佰集团：公司现每年副产约1亿方氢气,Wind
2021-10-31,龙佰集团：公司的钛白粉产品目前暂没有供货给光伏玻璃企业,Wind
2021-10-31,龙佰集团：公司各基地主要生产线未受到限电限产政策影响,Wind
2021-10-31,龙佰集团：将进一步扩大钛白粉产能，并向钛合金等钛产业链下游延伸,Wind
2021-10-31,龙佰集团：目前公司出口订单处于正常水平,Wind
2021-10-31,龙佰集团：公司生产的一水硫酸亚铁可作为饲料添加剂的铁强化剂，也可用作肥料等农业方面,每日经济新闻
2021-10-30,基金三季度调仓换股全扫描，电力、能源、地产被明显加仓！,Wind
2021-10-30,年内9次调价 钛白粉的暴利生意可否持续？,中国经营报
2021-10-29,龙佰集团与广发证券签署战略合作协议,e公司
2021-10-28,上游钛白粉企业赚得盆满钵满，下游涂料企业叫苦连天,长江有色
2021-10-28,干货！2021年中国钛产业龙头企业分析——中核钛白：力争建成全球最具竞争力的钛白粉生产基地,前瞻研究院
2021-10-28,量价齐增 钛白粉企业三季度业绩亮眼,中证报
2021-10-27,每日报告回放,新浪
2021-10-27,国金证券上调龙佰集团评级至买入：业绩符合预期，扩产氯化法钛白粉提升盈利中枢,每日经济新闻
2021-10-27,国信证券维持龙佰集团买入评级，2021年三季报点评：业绩符合预期，加码布局 20 万吨氯化钛白,每日经济新闻
2021-10-27,干货！2021年中国钛产业龙头企业分析——龙佰集团：“十四五”规划营收目标超500亿,前瞻研究院
2021-10-27,西部证券维持龙佰集团买入评级，三季报点评：业绩符合预期，拟在攀西建设 20 万吨氯化法钛白粉,每日经济新闻
2021-10-27,中信证券晨会,新浪
2021-10-26,多家钛白粉企业前三季度业绩大增 预计四季度仍将保持高位运行,证券日报之声
2021-10-26,中泰证券：给予龙佰集团买入评级,证券之星
2021-10-26,龙佰集团：拟35亿元投建稀有金属综合回收示范工程,资本邦
2021-10-26,【国海化工】龙佰集团三季报点评：量价齐升助业绩高增长，钛白龙头持续扩大氯化法产能,靠谱化工股
2021-10-26,龙佰集团(002601)：业绩符合预期 钛白粉持续高景气 推进港股IPO助力双主业发展,新浪
2021-10-26,安信证券：维持龙佰集团(002601.SZ)“买入”评级 目标价35元,智通财经
2021-10-26,龙佰集团(002601)：景气持续上移 利润快速释放,新浪
2021-10-26,【华安化工|点评】龙佰集团：Q3业绩再创新高，“钛白粉+新能源”双轮发展,化工阿尔法
2021-10-26,【安信化工】龙佰集团：Q3业绩创新高，优势产能扩张巩固行业龙头地位,安信化工研究
2021-10-26,龙佰集团：前三财季盈利38.31亿人民币，同比增长96.48%,Wind
2021-10-26,刘格菘、黄兴亮、邹曦、陈一峰等知名基金经理三季报持仓大曝光！,Wind
2021-10-25,龙佰集团(002601.SZ)：第三季度净利约13.96亿元 同比增长112.51%,格隆汇
2021-10-25,龙佰集团公布三季报 前三季净利增加96.48%,新浪
2021-10-25,龙佰集团前三季度盈利大增96％ 曾多次上调钛白粉价格,中金在线
2021-10-25,图解龙佰集团三季报：第三季度单季净利润同比增112.51%,证券之星
2021-10-25,龙佰集团：前三季度净利润同比增长96.48%,Wind
2021-10-25,龙佰集团：拟35亿元投建氯化钛白粉及钒钪等稀有金属综合回收示范工程,e公司
2021-10-25,龙佰集团：聘任王海波为公司证券事务代表,每日经济新闻
2021-10-25,龙佰集团：拟投建氯化钛白粉及钒钪等稀有金属综合回收示范工程,Wind
2021-10-25,龙佰集团最新公告：拟35亿元投建20万吨氯化钛白粉及钒钪等稀有金属综合回收示范工程,证券之星
2021-10-25,龙佰集团：拟35亿元投建20万吨氯化钛白粉及钒钪等稀有金属综合回收示范工程,财联社
2021-10-25,“大象”来了！大化工争相入局锂电材料 汹涌扩产潮下碳酸铁锂还会紧缺吗？,每日经济新闻
2021-10-25,干货！2021年中国钛产业龙头企业对比：龙佰集团PK中核钛白 谁是中国“钛白粉之王”？,前瞻研究院
2021-10-19,龙佰集团现1笔大宗交易 共成交662.04万元,新浪
2021-10-19,龙佰集团今日大宗交易成交24.52万股，成交价27.0元折价9.79%,Wind
2021-10-18,化工周报：能源价格上行强化周期品景气 坚定看好泛碳中和板块 关注受益海运费下降的轮胎行业,新浪
2021-10-18,基础化工行业：把握确定性强的子赛道,新浪
2021-10-18,【华安化工|周报】对美国进口尼龙66继续征收反倾销税，万华与海康威视合作,化工阿尔法
2021-10-18,全球巨头减产50%，铜铝锌集体大涨，多家巨头提价,Wind
2021-10-16,钛白粉企业受益涨价赚得欢 下游涂料企业叫苦声中跟涨,证券日报
2021-10-15,湖北宜化“牵手”宁德时代，化工企业驶入新能源快车道,Wind
2021-10-14,解盘：百亿资金流入，光伏、工业母机、储能、黄金珠宝领涨,Wind
2021-10-14,【中证盘前】杉杉股份前三季度净利预增近9倍；前海人寿方面拟减持华侨城Ａ；晓鸣股份拟10亿元建设智慧农业产业园,中证报
2021-10-14,成本上升叠加供应紧张 多家公司上调产品价格,中证报
2021-10-13,钛白粉龙头跨界磷酸铁锂 股价大翻身,搜狐
2021-10-13,A股早报2021年10月13日星期三,Wind
2021-10-13,酱油茅涨价，股价月内涨30%！有公司年内提价10次,Wind
2021-10-13,5000亿“酱油茅”宣布涨价！股价一个月大涨超30%…多家A股公司上调产品价格，有公司年内已提价10次,证券时报
2021-10-13,上市公司正负面新闻2021年10月13日星期三,Wind
2021-10-12,龙佰集团(002601.SZ)：上调各型号钛白粉售价,格隆汇
2021-10-12,年内第九次！龙佰集团宣布各型号钛白粉销售价格上调,第一财经
2021-10-12,晚间重要公告2021年10月12日星期二,Wind
2021-10-12,龙佰集团上调公司主营产品价格,上证报
2021-10-12,龙佰集团：各型号钛白粉销售价格上调700元/吨,Wind
2021-10-12,龙佰集团：上调公司各型号钛白粉销售价格,格隆汇
2021-10-12,39股今日获机构买入评级,证券时报网
2021-10-12,新股前瞻｜龙佰集团（002601.SZ）赴港IPO背后：业绩再提速跨界进军磷酸铁,智通财经
2021-10-12,西南证券：给予龙佰集团买入评级，目标价位39.6元,证券之星
2021-10-11,化工周报：受双控及国内外能源成本推动 化工品节前价格大幅上涨 Q4看好煤化工、农化以及氯碱板块,新浪
2021-10-11,“二师兄”首次霸气涨停，多品种续迎高景气,Wind
2021-10-11,龙佰集团上调海绵钛价格20000元/吨，前三季度净利预计大增130%,阿尔法工场
2021-10-11,龙佰集团：上调海绵钛产品价格,中证网
2021-10-11,A股午间公告：龙佰集团海绵钛产品含税售价上调2万元/吨,格隆汇
2021-10-11,午间公告：龙佰集团子公司上调海绵钛产品售价；金冠股份、万马股份拟参设充换电产业投资基金,e公司
2021-10-11,龙佰集团：上调海绵钛价格20000元/吨,Wind
2021-10-11,龙佰集团(002601.SZ)：上调海绵钛产品2万元/吨,格隆汇
2021-10-11,【华安化工|周报】电价浮动范围调整，高耗能行业不受20%上浮限制,化工阿尔法
2021-10-11,龙佰集团前三季净利同比预增80%-130%,证券日报网
2021-10-09,这些公司三季报超预期报喜，更有公司日赚超3亿元,上证报
2021-10-09,龙佰集团股份有限公司 2021年前三季度业绩预告,证券时报
2021-10-08,基础化工行业：重视高盈利的持续性,新浪
2021-10-08,晚间重要公告2021年10月8日星期五,Wind
2021-10-08,龙佰集团：前三季度预计净利润同比增长80.0%~130.0%,Wind
2021-10-08,龙佰集团(002601.SZ)前三季度预盈35.10亿-44.84亿元 同比增长80%-130%,格隆汇
2021-10-08,龙佰集团：豫鑫木糖质押200万股,每日经济新闻
2021-10-08,龙佰集团：预计前三季度净利同比增长80%-130%,财联社
2021-10-08,龙佰集团：预计前三季度净利润同比增长80%至130%,Wind
2021-10-08,鲸平台新能源早报| 中国石油自主非贵金属加氢催化剂成功应用,鲸平台
2021-10-08,龙佰集团赴港IPO推进A+H双融资 布局新能源电池计划5年营收超500亿,长江商报
2021-10-07,龙佰集团：李玲于2021年7月8日减持公司股份784万股，本次减持计划时间已过半,每日经济新闻
2021-10-07,龙佰集团(002601.SZ)股东李玲累计减持784万股 减持时间过半 减持股份,智通财经
2021-10-07,龙佰集团(002601.SZ)副董事长谭瑞清合计减持3578.14万股 减持期限届满 减持股份,智通财经
2021-10-07,龙佰集团(002601.SZ)向香港联交所递交H股上市申请并刊发申请资料,智通财经
2021-10-06,一图解码：龙佰集团赴港IPO 钛白粉龙头企业推进A+H双融资,财华社
2021-10-05,港股IPO | 龙佰集团递表拟上市，上半年产生研发开支4.14亿元,资本邦
2021-10-05,【新股IPO】龙佰集团赴港递交上市申请 集资至多117亿元,凤凰网
2021-10-05,新股IPO | 龙佰集团赴港上市集最多117亿港元 公司拟布局锂电池材料市场,格隆汇
2021-10-02,龙佰集团：全国限电预计不会对公司全年经营业绩目标产生影响,每日经济新闻
2021-10-02,龙佰集团：硫酸法钛白粉副产硫酸亚铁，氯化法工艺不产出硫酸亚铁,每日经济新闻
2021-10-02,龙佰集团：公司暂无股份回购计划,每日经济新闻
2021-10-02,龙佰集团：焦作磷酸铁项目一期5万吨预计2021年底试车运行,每日经济新闻
2021-10-02,龙佰集团：个别股东减持主要是因为个人资金需求 减持股份,每日经济新闻
2021-10-01,龙佰集团：公司在攀枝花拥有钒钛磁铁矿资源，年产原矿1500万吨，铁精矿380万吨，钛精矿80万吨,每日经济新闻
2021-10-01,龙佰集团回应“股东减持对股价和钛白粉市场价格”的影响问题 减持股份,每日经济新闻
2021-10-01,龙佰集团：公司未生产天然气,每日经济新闻
2021-10-01,龙佰集团：公司未采购一异丙醇胺，没有用于磷酸铁生产,每日经济新闻
2021-10-01,龙佰集团：近期镁锭价格大涨，公司已采取措施积极应对,每日经济新闻
2021-10-01,龙佰集团：公司目前有七大生产基地,每日经济新闻
2021-10-01,龙佰集团：云南新立年产20万吨氯化法钛白粉生产线建设项目和新材料公司年产10万吨氯化法钛白粉扩能项目在建,每日经济新闻
2021-10-01,龙佰集团：公司钛白粉产能101万吨，其中氯化法钛白粉36万吨，硫酸法钛白粉65万吨,每日经济新闻
2021-10-01,龙佰集团：按照公司“十四五”规划，钛白粉产能超150万吨/年，海绵钛及钛合金8-10万吨/年,每日经济新闻
2021-09-30,龙佰集团H股上市申请获证监会受理 河南或增加一家A+H公司,上证报
2021-09-29,龙佰集团(002601.SZ)：H股首发并在香港联交所主板上市的申请材料获中证监受理,格隆汇
2021-09-29,龙佰集团(002601.SZ)首次公开发行H股申请材料获中国证监会受理,智通财经
2021-09-28,龙佰集团：目前公司各基地主要生产线及在建项目均未受到限电限产政策的影响,Wind
2021-09-28,翻倍牛股连吃两跌停，近期董监高减持这些股（名单）,Wind
2021-09-28,龙佰集团：目前公司各基地主要生产线及在建项目均未受到限电限产政策的影响。公司已积极应对，预计不会对公司生产经营产生影响,每日经济新闻
2021-09-27,基础化工行业：供给预期扰动 板块波动加大,新浪
2021-09-27,快讯：龙佰集团跌停 报于28.22元,金融界
2021-09-27,钛白粉板块6个交易日跌超20%？分析师：弱需求扩产能 “金九银十”旺季不旺,财联社
2021-09-27,化工行业周报：万华荣获年度工业信息化领军奖 玲珑荣登亚洲品牌500强榜单,国海证券
2021-09-24,龙佰集团(002601.SZ)：副董事长谭瑞清解押720万股及质押261万股,格隆汇
2021-09-24,龙佰集团：豫鑫木糖质押261万股股份,乐居财经
2021-09-24,龙佰集团(002601.SZ)副董事长谭瑞清解质720万股,智通财经
2021-09-24,龙佰集团：股东豫鑫木糖累计质押股数约为517万股,每日经济新闻
2021-09-24,龙佰集团注册资本增至23.79亿元,乐居财经
2021-09-23,龙佰集团今日大宗交易成交73.47万股，成交价32.55元折价3.13%,Wind
2021-09-22,龙佰集团现1笔大宗交易 共成交409.47万元,新浪
2021-09-22,钛白粉供不应求 中核钛白前三季度净利预增170%-220%,第一财经
2021-09-22,化工行业周报：万华荣获中国质量奖提名 玲珑逆境中坚持扩张,国海证券
2021-09-16,龙佰集团(002601.SZ)：减持数过半 副董事长谭瑞清已减持1.32%股份 减持股份,格隆汇
2021-09-16,龙佰集团(002601.SZ)副董事长谭瑞清合计减持3132.37万股 减持数量过半 减持股份,智通财经
2021-09-16,龙佰集团：谭瑞清累计减持1.32%股份，减持数量过半 减持股份,Wind
2021-09-16,龙佰集团(002601)：钛白粉景气上行带动业绩大增 看好钛产业与新能源双主业发展空间,新浪
2021-09-16,龙佰集团9月15日现19笔大宗交易,证券时报网
2021-09-16,钛白粉龙头集体涨价，产业链或迎来价值重估,Wind
2021-09-15,基础化工行业2021半年报总结：景气回升带动业绩集体上涨 肥料、氟化工、化纤、聚氨酯、合成革等板块表现亮眼,新浪
2021-09-15,龙佰集团：今年上半年公司通过拓展新的货运渠道等方式，积极应对面临的出口货运瓶颈，实现了与去年同期基本持平的出口销量,每日经济新闻
2021-09-15,龙佰集团：公司在攀枝花、云南拥有钛矿资源，同时通过子公司东方锆业在澳大利亚拥有少数股权的锆钛矿资源,每日经济新闻
2021-09-15,龙佰集团：公司磷酸铁产品由硫酸亚铁与磷酸和液碱、氧化剂等原料在一定条件下合成,每日经济新闻
2021-09-15,龙佰集团：公司子公司河南佰利新能源在焦作市中站区规划建设20万吨磷酸铁项目，同时与湖北万润合作规划建设10万吨磷酸铁项目，合计建设30万吨磷酸铁项目,每日经济新闻
2021-09-15,龙佰集团：公司规划的年产20万吨磷酸铁锂项目一期预计于2021年底试车运行,每日经济新闻
2021-09-15,龙佰集团：公司钛白粉生产过程中的副产品硫酸亚铁可用于生产磷酸铁，钛白粉和硫酸亚铁的产出比在1:3左右,每日经济新闻
2021-09-15,龙佰集团：公司控股子公司氧化钪年产量约10000公斤，金属钪年产量约1900公斤，全部用于对外销售,每日经济新闻
2021-09-15,龙佰集团：公司钛白粉产能101万吨，今年产量目标为90万吨,每日经济新闻
2021-09-15,龙佰集团：公司没有磷矿，不涉及磷化工,每日经济新闻
2021-09-15,龙佰集团：云南限电对子公司云南新立产品产量有一定影响，当前正按年度生产经营计划积极有序组织生产,每日经济新闻
2021-09-15,龙佰集团：在攀枝花拥有钒钛磁铁矿资源，没有钙钛矿,Wind
2021-09-15,A股共发生198宗大宗交易成交51.37亿元（9月15日）,Wind
2021-09-15,龙佰集团今日大宗交易成交435万股，成交价34.26元折价10.43%,Wind
2021-09-15,解盘：资源继续强势，钛白粉、锂电材料、新能源领涨,Wind
2021-09-14,基础化工行业：MDI价格上行 PVDF涨势不减,新浪
2021-09-14,继龙佰集团和中核钛白后 惠云钛业和安纳达也宣布钛白粉涨价,e公司
2021-09-14,再度集体涨价，近一年累涨近100%，行业龙头半年赚超一年的钱,Wind
2021-09-14,又有两家钛白粉企业宣布调价，机构建议这样布局相关个股,第一财经
2021-09-14,每日理财观察：国务院批复同意《东北全面振兴“十四五”实施方案》,Wind
2021-09-14,又宣布涨价！年内第八轮，龙头股大涨215%！,Wind
2021-09-14,龙佰集团上调钛白粉价格 钛白粉将迎来新一轮涨价潮,证券日报
2021-09-13,多家企业上调钛白粉售价 天然气产业景气度高丨明日主题前瞻,第一财经
2021-09-13,中核钛白、龙佰集团上调钛白粉售价，概念股迎来投资机会丨牛熊眼,第一财经
2021-09-13,午间公告：龙佰集团上调钛白粉价格100美元/吨,产业经济新闻网
2021-09-13,龙佰集团上调钛白粉价格，行业进军磷酸铁锂产业链,第一财经
2021-09-13,龙佰集团年内第五次上调钛白粉价格，累计调价4500元/吨,阿尔法工场
2021-09-13,快讯：上调公司各型号钛白粉和钪产品销售价格 龙佰集团午后直线拉涨,新浪
2021-09-13,钛白粉概念股午后冲高 龙佰集团上调产品价格,e公司
2021-09-13,午间公告2021年9月13日星期一,Wind
2021-09-13,龙佰集团(002601.SZ)：即日起上调钛白粉、钪产品销售价格,格隆汇
2021-09-13,龙佰集团：上调各型号钛白粉售价,Wind
2021-09-09,德方纳米：公司没有在自贡建设磷酸铁项目,Wind
2021-09-08,[公司] 持续高研发投入助推技术创新 龙佰集团获13项发明专利证书,全景网
2021-09-07,龙佰集团(002601.SZ)及子公司取得13项发明专利证书,智通财经
2021-09-06,龙佰集团(002601.SZ)获得政府补贴2027.40万元,智通财经
2021-09-06,龙佰集团：近期收到政府补贴资金共2027.4万元,财联社
2021-09-06,化工行业周报：万华拟建40万吨POCHP项目 玲珑新零售2.0上线,国海证券
2021-09-03,龙佰集团(002601.SZ)向暂缓授予的激励对象授予280万股限制性股票,智通财经
2021-09-01,A股龙佰集团拟本月赴港递交上市申请 集资至少62亿港元,格隆汇
2021-09-01,消息指龙佰集团最快9月递表港交所 至少集资8亿美元 上半年净利润24.35亿,中华网
2021-09-01,龙佰集团：公司在每年末会进行减值测试，暂不存在减值风险,每日经济新闻
2021-09-01,龙佰集团：公司氯化法钛白粉生产中氯气来源于外购，并且通过工艺创新实现循环使用,每日经济新闻
2021-08-31,龙佰集团：布局新能源产业 拟赴港上市 大股东及董监高大额减持,面包财经
2021-08-30,化工行业研究：碳基材料将被纳入“十四五”原材料工业相关发展规划,华安证券
2021-08-30,化工行业研究：钛白粉或纳入国家战略资源储备 产业链将迎价值重估,华安证券
2021-08-26,板块全面开花，半年报集体报喜，钛白粉概念还能走多远？,第一财经
2021-08-25,坤彩科技(603826)：十年磨一剑 技术先行者,新浪
2021-08-25,天风证券：维持龙佰集团(002601.SZ)“增持”评级 钛白粉量价齐升 贡献业绩增量,智通财经
2021-08-25,龙佰集团(002601)：业绩符合预期 业务多元拓展新边疆,新浪
2021-08-25,券商首次关注6股并给予买入评级（8月25日）,Wind
2021-08-24,华安证券：维持龙佰集团买入评级,Wind
2021-08-24,华安证券维持龙佰集团买入评级：单季度业绩创新高，加码正极材料布局,每日经济新闻
2021-08-24,龙佰集团(002601)：多极发展 未来已来,新浪
2021-08-24,【华安化工|点评】龙佰集团：单季度业绩创新高，加码正极材料布局,化工阿尔法
2021-08-24,【国海化工】钛白粉维持高景气，新能源拓展大空间——龙佰集团（002601）中报点评,靠谱化工股
2021-08-24,东北证券：维持龙佰集团(002601.SZ)“买入”评级 钛白粉产销两旺 业绩符合预期,智通财经
2021-08-24,西部证券给予龙佰集团买入评级，中报点评：钛白粉量价齐升，大举进军新能源,每日经济新闻
2021-08-24,安信证券维持龙佰集团买入评级：Q2业绩创新高，看好公司长期成长,每日经济新闻
2021-08-24,国金证券维持龙佰集团增持评级：钛白粉量价齐升带动业绩增长，布局新能源材料打造新的利润增长点,每日经济新闻
2021-08-24,龙佰集团：上半年营业收入98.38亿元，较上年同期上升55.53%,和讯
2021-08-24,国海证券首予龙佰集团买入评级，中报点评：钛白粉维持高景气，新能源拓展大空间,每日经济新闻
2021-08-24,龙佰集团上半年净利润增长88% 布局新能源产业,上证报
2021-08-23,“金九银十”再添一把火！3家“工业味精”企业半年报净利大增,中证报
2021-08-23,龙佰集团(002601.SZ)半年度净利同比增长88.33%至24.35亿元,智通财经
2021-08-23,龙佰集团：2021年半年度净利润约24.35亿元，同比增加88.33%,每日经济新闻
2021-08-23,龙佰集团：上半年净利润同比增长88.33%,Wind
2021-08-23,龙佰集团：上半年净利24亿元 同比增长87%,财联社
2021-08-23,20余家生产商先后宣布涨价！钛白粉行业大景气周期已至，板块全面开花,金融界
2021-08-22,龙佰集团赴港上市提速 提高资本实力和国际影响力,e公司
2021-08-20,新股消息 | 龙佰集团(002601.SZ)向中国证监会递交申请，或将赴港上市,智通财经
2021-08-20,解盘：权重白马低迷，钛白粉、水泥、稀土、新能源发电略涨,Wind
2021-08-18,龙佰集团收盘涨停，钛白粉淡季调价超出市场预期,阿尔法工场
2021-08-18,龙佰集团投资47亿元建设锂电池项目，明星基金经理刘格菘二季度加仓3155万股,阿尔法工场
2021-08-18,【东北化工陈俊杰/李博】龙佰集团（002601）事件点评：钛白粉强景气周期，看好“大化工低成本”优势,东北证券研究所
2021-08-17,【正极材料周报】杉杉股份上半年正极材料出货量近1.7万吨,中国电池网
2021-08-17,龙佰集团(002601)：进军锂离子电池材料 钛白粉迎景气周期,新浪
2021-08-17,化工行业周报：大鱼择大池 化工巨头挺进新能源赛道,华安证券
2021-08-17,龙佰集团：公司拟投资12亿元建设年产20万吨磷酸铁项目，投资20亿元建设年产20万吨磷酸铁锂项目，采用的是固相法,每日经济新闻
2021-08-17,龙佰集团：公司暂无股份回购计划,每日经济新闻
2021-08-17,龙佰集团：将根据项目发展规划在适当时机布局储能项目,Wind
2021-08-16,化工行业周报：新能源风起 化工龙头加速布局,新浪
2021-08-16,龙佰集团(002601)事件点评：发挥产业链优势 全面进军新能源,新浪
2021-08-16,电气设备行业周报：光伏硅料价格箱体震荡 下游需求持续向好,新浪
2021-08-16,机构已聚焦上市公司三季度经营情况！这些公司调研会信息量很大,Wind
2021-08-16,20余家生产商宣布钛白粉涨价 相关上市公司扎堆“涉锂”,证券日报
2021-08-15,【开源化工】化工周报：关注化工企业电新布局，龙头有望迎来全面重估,新浪
2021-08-15,【龙佰集团（002601.SZ）】新一批扩产开启，持续推进产业链优化升级和新能源布局——公告点评（赵乃迪/吴裕）,光大证券
2021-08-14,【方正化工】龙佰集团事件点评：高端钛白产能持续提升，全面进军新能源电池材料领域,靠谱化工股
2021-08-14,龙佰集团(002601)：价格上调 淡季不淡,新浪
2021-08-14,龙佰集团跨界锂电材料 54亿元巨额投资款从哪来,中国经济网
2021-08-14,龙佰集团(002601)：加速新能源材料布局 构建产业链一体化优势,华安证券
2021-08-14,基础化工行业周报：VE、天然气有望景气上行 新能源需求激增磷化工企业优势显着,光大证券
2021-08-13,加码布局锂电池！这家钛白粉龙头上半年业绩或大幅上涨！,国际金融报
2021-08-13,铁锂需求增长引投资热潮 龙佰集团拟投47亿跨界锂电材料,每日经济新闻
2021-08-13,龙佰集团(002601)事件点评：依自身钛产业链优势强势布局锂电材料 继续加码氯化钛白 看好钛白粉后续盈利向好,新浪
2021-08-13,拟自筹54亿元投建四大项目，龙佰集团“跨界”布局锂电材料,财经网
2021-08-13,共砸下54亿元！钛白粉龙头疯狂投资锂电池材料！,证券之星
2021-08-13,北向资金本周净买入额大幅收窄，宁德时代遭大幅净卖出近8亿元,Wind
2021-08-13,【华安化工｜点评】龙佰集团：加速新能源材料布局，构建产业链一体化优势,化工阿尔法
2021-08-13,砸54亿搞锂电！顶流基金经理刘格菘加仓的公司火了,Wind
2021-08-13,申万宏源：维持龙佰集团(002601.SZ)“买入”评级 钛产业与新能源同步扩张,智通财经
2021-08-13,海通证券：维持龙佰集团(002601.SZ)“优大于市”评级 价值区间32.81-38.6元,智通财经
2021-08-13,砸54亿搞锂电！顶流基金经理刘格菘疯狂加仓的公司，又火了，盘中涨停,中国基金报
2021-08-13,华安证券维持龙佰集团买入评级：加速新能源材料布局，构建产业链一体化优势,每日经济新闻
2021-08-13,斥资54亿连发四份投资计划 钛白粉龙头龙佰集团跨界新能源电池,财联社
2021-08-13,龙佰集团(002601)点评：拟建设磷酸铁锂与石墨负极项目 打造钛产业与新能源双龙头,新浪
2021-08-13,A股午盘综述：两市冲高回落，宁德时代巨额定增搅动市场,Wind
2021-08-13,龙佰集团(002601)：钛白粉提价迈入旺季 新能源落子破壁未来,新浪
2021-08-13,龙佰集团(002601)：投资建设磷酸铁锂项目 发挥产业链循环优势,新浪
2021-08-13,龙佰集团两连板：自筹54亿元 投建锂电池材料项目,第一财经
2021-08-13,钛白粉板块持续拉升 龙佰集团两连板,格隆汇
2021-08-13,钛白粉板块持续活跃，龙佰集团连续涨停,Wind
2021-08-13,龙佰集团2连板，公司拟建锂离子电池材料及磷酸铁等项目,Wind
2021-08-13,【异动股】钛白粉板块高开，龙佰集团(002601.CN)涨5.65%,财华社
2021-08-13,龙佰集团盘中快速下跌,新浪
2021-08-13,A股异动 | 龙佰集团(002601.SZ)涨5.8% 拟建锂离子电池材料及磷酸铁等项目,格隆汇
2021-08-13,斥资47亿跨界锂电材料 龙佰集团大幅高开8.86%,新浪
2021-08-13,A股早报2021年8月13日星期五,Wind
2021-08-13,8月13日操盘必读：影响股市利好与利空消息,新浪
2021-08-13,主力出逃这些龙头股超10亿,Wind
2021-08-12,【金财富早知道】2021-08-13,赢家之星
2021-08-12,龙佰集团投资47亿元建设锂电池项目，明星基金经理刘格菘二季度加仓3155万股,阿尔法工场
2021-08-12,晚间重要公告2021年8月12日星期四,Wind
2021-08-12,龙佰集团(002601.SZ)：拟投资15亿元建年产10万吨锂离子电池用人造石墨负极材料项目,格隆汇
2021-08-12,龙佰集团：拟投建锂离子电池材料和磷酸铁项目,财联社
2021-08-12,龙佰集团(002601.SZ)拟投12亿元建年产20万吨电池材料级磷酸铁项目,智通财经
2021-08-12,龙佰集团：拟54亿元投建锂电池材料等项目,Wind
2021-08-12,龙佰集团(002601.SZ)：拟投资7亿元建年产10万吨氯化法钛白粉扩能项目,格隆汇
2021-08-12,龙虎榜丨2.68亿资金高位出逃盐湖股份，机构扫货西藏珠峰超4亿元,21世纪经济报道
2021-08-12,8月12日龙虎榜：5.5亿资金抢筹西藏珠峰 两机构买入近4.2亿,中新经纬
2021-08-12,涨停板解密：资金涌入，化工股一片火爆！（8月12日）,Wind
2021-08-12,钛白粉售价上涨，龙佰集团放量涨停，各路资金积极加仓,第一财经
2021-08-12,龙佰集团放量涨停 两机构合计买入1.11亿元,e公司
2021-08-12,龙佰集团龙虎榜数据（8月12日）,Wind
2021-08-12,龙佰集团收盘涨停，钛白粉淡季调价超出市场预期,阿尔法工场
2021-08-12,板块异动丨多家公司提高钛白粉销售价格 钛白粉板块持续拉升,智通财经
2021-08-12,快讯：钛白粉板块持续拉升 龙佰集团涨停回封,新浪
2021-08-12,A股异动 | 龙佰集团(002601.SZ)涨超6% 上调各型号钛白粉售价,格隆汇
2021-08-12,钛白粉再现扎堆涨价 业内人士：金九银十会有多轮提价可能,财联社
2021-08-11,龙佰集团：与河南能源化工签署战略合作框架协议,财联社
2021-08-11,龙佰集团(002601.SZ)与河南能源化工签订战略合作框架协议,智通财经
2021-08-11,钛白粉淡季“涨”声不断，行业景气周期有望延续？,第一财经
2021-08-11,化工行业周报：DMC及电解液溶剂、纯碱、DMF、BDO、磷矿石、草铵膦等价格持续上涨 六氟磷酸锂、PO、双酚A、氯化钾、橡胶助剂等涨价,新浪
2021-08-11,龙佰集团：各型号钛白粉销售价格拟上调200美元/吨,资本邦
2021-08-10,晚间重要公告2021年8月10日星期二,Wind
2021-08-10,龙佰集团(002601.SZ)：上调各型号钛白粉销售价格,格隆汇
2021-08-10,龙佰集团：各型号钛白粉对下游各类客户上调200美元/吨,e公司
2021-08-10,龙佰集团：公司各型号钛白粉上调200美元/吨,Wind
2021-08-10,东方锆业扭亏净利0.59亿创十年新高 龙佰集团12.79亿“抄底”浮盈超9亿,长江商报
2021-08-09,东方锆业收购龙蟒佰利锆业务生产线,长江有色
2021-08-09,化工行业周报：化工行业结构性乐观,新浪
2021-08-06,东方锆业：拟通过全资孙公司以现金4200万元收购龙佰集团锆业务生产线,每日经济新闻
2021-08-06,钛微媒市场周评7.26-7.30,中国有色
2021-08-05,石油化工&基础化工行业2021年中期策略报告：聚焦价值 拥抱成长 把握市场分化预期下的确定性机会,光大证券
2021-08-05,川发龙蟒：朱全芳先生于2021年4月9日起担任公司董事、总裁,每日经济新闻
2021-08-05,A股早报2021年8月5日星期四,Wind
2021-08-05,39家豫股发布上半年业绩预告 超六成预增,金融投资网
2021-08-04,龙佰集团18亿元投建转子级海绵钛技术提升改造项目 推动全产业链优化升级,e公司
2021-08-04,晚间重要公告2021年8月4日星期三,Wind
2021-08-04,龙佰集团(002601.SZ)：拟投资18亿元建3万吨/年转子级海绵钛技术提升改造项目,格隆汇
2021-08-04,龙佰集团：子公司拟6亿元建设700万吨绿色高效选矿项目,中证网
2021-08-04,龙佰集团(002601.SZ)：甘肃国钛拟投建3万吨/年转子级海绵钛技术提升改造项目,智通财经
2021-08-04,龙佰集团(002601.SZ)拟投建700万吨绿色高效选矿项目以保障钛矿供应,智通财经
2021-08-04,龙佰集团：拟24亿元投建两个项目,Wind
2021-08-03,石油化工行业周报：EIA原油库存持续下降 可燃冰研发有重要进展,新浪
2021-08-02,石油石化行业：二季度化工行业基金持仓分析,新浪
2021-08-02,石油石化、基础化工、新材料行业北上资金流向周报,新浪
2021-08-02,化工：草铵膦价格涨势不减 PTA价差持续扩大,新浪
2021-08-02,基础化工行业：煤化工景气上行 PVDF乘新能源风而起,新浪
2021-08-02,基础化工行业周报：7月PMI公布 万华上调8月MDI挂牌价 两碱、辛醇、BDO、磷产业链等继续走高 DMC、草铵膦、醋酸产业链、DMF等涨价,新浪
2021-08-02,化工周报：纯碱、BDO、氨纶等持续上涨 周期旺季来临 重点关注细分龙头,新浪
2021-08-02,龙佰集团：本次洪涝灾害未对公司生产造成影响,Wind
2021-08-02,龙佰集团：力拓集团南非项目停产未对公司生产经营产生影响,Wind
2021-08-01,【华安化工|周报】碳排放将被纳入环评，首批试点涉及七省市重点行业,化工阿尔法
2021-07-31,龙佰集团：公司攀枝花公司铁精矿、钛精矿和硫钴精矿上半年产量分别为198.64万吨、46.01万吨、0.58万吨，其中铁精矿和硫钴精矿用于外销,每日经济新闻
2021-07-31,龙佰集团：公司从RBM进口少量原材料，RBM事件停产未对公司生产经营产生影响 经营问题,每日经济新闻
2021-07-31,龙佰集团：本次洪涝灾害未对公司生产造成影响,每日经济新闻
2021-07-31,龙佰集团：半年报预约披露时间为2021年8月24日,每日经济新闻
2021-07-31,龙佰集团：近期没有因环评检查而进行的检修停产安排,每日经济新闻
2021-07-30,禄丰市千亿级钛材料产业集群初具雏形,云南日报
2021-07-29,并购助业绩大爆发！110家翻番，材料、半导体亮瞎眼,Wind
2021-07-28,光大证券：上调龙佰集团(002601.SZ)评级至“买入”扩产磷酸铁项目 向新能源产业进发,智通财经
2021-07-28,基础化工行业研究：公募基金配置化工行业水平接近十年最高值 价值风格向成长风格切换明显,国金证券股份有限公司
2021-07-28,龙佰集团(002601)：拟加码磷酸铁 进军新能源材料,新浪
2021-07-28,【龙佰集团（002601.SZ）】布局磷酸铁项目，向新能源产业进发——公告点评（赵乃迪/吴裕）,光大证券
2021-07-27,磷酸铁锂需求旺盛 钛白粉企业龙佰集团跨界布局磷酸铁,证券日报网
2021-07-27,东吴证券：维持龙佰集团(002601.SZ)“买入”评级 合资投建磷酸铁 新能源车助推磷酸铁锂需求高增,智通财经
2021-07-27,东吴证券维持龙佰集团买入评级：合资投建磷酸铁，新能源材料布局再落一子,每日经济新闻
2021-07-27,【正极材料周报】富临精工子公司拟投40亿扩产磷酸铁锂,中国电池网
2021-07-27,下游需求拉动+自身便利性 钛白粉企业争相投建磷酸铁,上证报
2021-07-27,为何钛白粉生产企业可以“轻松”跨界新能源产业链？,上证报
2021-07-27,新能源产业引爆需求 钛白粉企业争相跨界投建磷酸铁项目,上证报
2021-07-26,2021Q2公募基金化工重仓股分析：21Q2公募基金化工重仓股配置环比继续上升 风格切换至细分龙头及新能源、半导体相关标的,新浪
2021-07-26,化工行业周报：化工结构性乐观,新浪
2021-07-26,中泰证券维持龙佰集团买入评级：联手湖北万润进军磷酸铁，丰富新能源领域布局,每日经济新闻
2021-07-26,2021Q2化工行业基金持仓分析：基金持仓整体稳定 核心资产仍为配置主线,广发证券
2021-07-26,化工周报：钾肥、氯碱、氨纶等持续上涨 周期旺季来临 重点关注细分领域龙头,新浪
2021-07-26,A股早报2021年7月26日星期一,Wind
2021-07-25,龙佰集团拟合资建设磷酸铁等项目 产业链拓展进一步延申,e公司
2021-07-25,【华安化工|周报】万华化学再次跻身《财富》中国500强,化工阿尔法
2021-07-25,晚间公告｜7月25日这些公告有看头,第一财经
2021-07-25,晚间重要公告2021年7月25日星期日,Wind
2021-07-25,龙佰集团(002601.SZ)拟共设重庆高端轻合金研究院推动相关领域产业发展,智通财经
2021-07-25,龙佰集团(002601.SZ)拟携湖北万润新能源共建10万吨磷酸铁生产线,智通财经
2021-07-25,龙佰集团公告，下属子公司佰利新能源拟与湖北万润新能源成立合资公司，建设10,新浪
2021-07-25,龙佰集团(002601.SZ)与中铝高端制造等公司发起成立重庆高端轻合金研究院,格隆汇
2021-07-25,龙佰集团：合资投建10万吨磷酸铁生产线,e公司
2021-07-25,龙佰集团：于与湖北万润新能源成立合资公司建设10 万吨磷酸铁生产线,Wind
2021-07-25,化工行业周报：硝酸“有价无市” PTV价差由跌转涨,新浪
2021-07-24,实地探访六家河南A股企业：受灾复产情况各异，已有企业全员回岗,Wind
2021-07-23,21世纪经济报道实地探访六家河南A股企业：受灾复产情况各异，已有企业全员回岗,21世纪经济报道
2021-07-23,21现场丨记者焦作市实地探访：多氟多、龙佰集团表示未受影响，目前生产经营正常,21世纪经济报道
2021-07-23,2021年基础化工行业中期投资策略：周期景气持续 成长聚焦龙头,新浪
2021-07-23,【名企驰援河南】龙佰集团：向河南灾情严重地区捐款500万元,中新经纬
2021-07-23,龙佰集团(002601.SZ)：拟捐赠500万元支持河南省防汛救灾,格隆汇
2021-07-23,快讯：钛白粉板块持续走弱 龙佰集团跌超5%,新浪
2021-07-23,【行情】钛白粉板块持续走弱，龙佰集团跌超5%，金浦钛业、安纳达、坤彩科技跟跌,金十数据
2021-07-21,铁锂回归|钛白粉估值逻辑为啥焕然一新？,财华社
2021-07-21,龙佰集团：公司目前生产经营正常，没有受到降雨的影响,每日经济新闻
2021-07-21,龙佰集团：公司焦作地区生产经营正常，未受暴雨影响,第一财经
2021-07-21,龙佰集团：公司一切正常 暂未受到暴雨影响,凤凰网
2021-07-21,重仓股大“换血”！顶流基金经理最新布局思路曝光,Wind
2021-07-21,明星基金最新抢买股票名单来了,Wind
2021-07-20,凑齐光伏、动力电池、模拟芯片三大龙头，延续一季度逻辑，刘格菘二季度调仓大曝光,经济观察网
2021-07-20,张坤最爱还是它，3只基金共同持有2大龙头股,Wind
2021-07-20,化工行业周报：原油高位回落 继续关注优质赛道龙头,新浪
2021-07-20,刘格菘仓位仍超90%、萧楠大幅增持银行股,Wind
2021-07-19,顶流基金经理最新重仓股大曝光，狂买这些股！,Wind
2021-07-19,化工周报：旺季即将来临 化肥、化纤持续强势 周期有望迎来价量双升,新浪
2021-07-16,基础化工行业：从锂电产业布局看西南化工企业新发展,新浪
2021-07-16,钛白粉行业景气，龙蟒佰利净利润大增,Ofweek
2021-07-16,【热点速递】钛白粉板块表现抢眼，龙头个股大幅领涨！,财华社
2021-07-15,基础化工周报：布油价格持平 三氯氢硅、氯化钾、草甘膦、纯碱等产品价格上涨,新浪
2021-07-15,解盘：金融拉指数，白酒、保险、光伏屋顶领涨,Wind
2021-07-14,化工行业周报：原油价格高位震荡 关注优质赛道龙头,新浪
2021-07-12,基础化工行业周报：MDI、氯化钾、己二酸、丁辛醇、PO价格继续上涨 DMF、DMC、电解液、草铵膦、磷矿石涨价,新浪
2021-07-12,钛白粉板块大幅拉升，安纳达涨停，天原股份、振华股份、龙佰集团、鲁北化工等跟,新浪
2021-07-12,这个板块半年报集体报喜，三季报会更猛？,Wind
2021-07-11,钛白粉板块半年报集体报喜 三季报会更猛？,上证报
2021-07-11,锂电产业链上市公司37家中报预喜！订单饱满助力业绩高燃,上海有色
2021-07-10,锂电股首批中报：净利暴增90倍“投资大神”惊现,财联社
2021-07-09,钛白粉板块再发力！安纳达、天原股份涨停,上海有色
2021-07-09,A股早报2021年7月9日星期五,Wind
2021-07-08,龙佰集团：2021年公司新能源产业重点实施一期项目5万吨磷酸铁，已于今年年初开工建设,每日经济新闻
2021-07-08,龙佰集团：我公司H股上市计划正常推进中,Wind
2021-07-08,龙佰集团：公司严格执行价格委员会决定,Wind
2021-07-08,龙佰集团：个别高管由于个人资金需求实施了减持计划,每日经济新闻
2021-07-08,龙佰集团：我公司H股上市计划正常推进中,每日经济新闻
2021-07-08,龙佰集团：密切跟踪钛白粉价格的走势及供需情况的变化，及时做好钛白粉产品的调价工作,每日经济新闻
2021-07-08,A股共发生129宗大宗交易成交22.3亿元（7月8日）,Wind
2021-07-08,龙佰集团：已成立河南佰利新能源公司、河南龙佰新材料公司，以及收购河南中炭新材料公司,Wind
2021-07-08,透视大宗交易：7月8日共成交129笔，龙佰集团成交2.32亿元,每日经济新闻
2021-07-08,"龙佰集团现1笔大宗交易 共成交23,167.20万元",新浪
2021-07-08,龙佰集团今日大宗交易成交784万股，成交价29.55元折价1.79%,Wind
2021-07-08,广东东方锆业科技股份有限公司关于控股股东名称变更的公告 关联方问题,证券时报
2021-07-07,基础化工行业投资周报：MDI价格止跌 建议关注万华化学,新浪
2021-07-06,晚间重要公告2021年7月6日星期二,Wind
2021-07-06,龙蟒佰利：自7月7日起，公司证券简称变更为“龙佰集团”。 业务变化,新浪
2021-07-06,龙蟒佰利(002601.SZ)新证券简称“龙佰集团”7月7日启用,智通财经
2021-07-06,龙蟒佰利：明日起证券简称变更为“龙佰集团” 业务变化,财联社
2021-07-06,化工行业周观点：有机硅价格维稳 草甘膦价格持续上调,新浪
2021-07-06,117家公司半年报预增幅度超一季报，三大行业“业绩牛股”频出,Wind
2021-07-05,能源化工行业周观点：油价持续新高 化工Q2业绩预告亮眼,新浪
2021-07-05,基础化工2021H1业绩前瞻：油价持续上涨叠加国内外需求共振 化工业21Q2 盈利能力环比持续提升,新浪
2021-07-05,化工行业周报：把握中报高增长标的 中长期继续看好优质成长,新浪
2021-07-03,基础化工行业周报：2021H1化工上市企业涨跌幅出炉 2021H2看好具有确定性的景气子行业,光大证券
2021-07-03,半导体材料行业跟踪报告之三：六部门发文推动制造业优质企业发展 关注半导体材料等关键领域成长空间,光大证券
2021-07-02,龙蟒佰利(002601.SZ)实际控制人许刚持股比例被动稀释超过1%,智通财经
2021-07-02,“钛白”还要继续暴涨？,金融界
2021-07-01,【SMM专题】上半年股市已落幕 中核钛白股价半年大涨130% 钛白粉企业股市表现一览,上海有色
2021-07-01,随着资本市场持续开放，海外上市公司纷纷回归A股上市，A股公司也积极筹谋到境外二次上市。,上证报
2021-07-01,河南证监局：党建引领促经济转型升级,Wind
2021-07-01,A股公司积极赴港上市，双平台助力开拓境外市场,Wind
2021-06-30,龙蟒佰利：公司在攀枝花拥有钒钛磁铁矿资源，年产原矿1500万吨，铁精矿380万吨，钛精矿80万吨，能够满足公司部分钛矿需求,每日经济新闻
2021-06-30,龙蟒佰利(002601.SZ)：副董事长谭瑞清已减持1809.03万股 减持股份,格隆汇
2021-06-30,龙蟒佰利：副董事长谭瑞清已减持约1809万股，监事会主席冯军未减持股份,每日经济新闻
2021-06-30,龙蟒佰利：股东谭瑞清累计减持0.81%股份 减持股份,Wind
2021-06-29,涨价向中游传导，业绩“红包”如期而至,Wind
2021-06-29,国泰君安晨报,新浪
2021-06-29,化工行业周报：化工行业结构性乐观 关注纯碱、钛矿、氨纶等子行业,新浪
2021-06-28,【SMM专题】钛白粉行业景气 多家企业半年报预告亮眼 金浦钛业利润大增超10倍,上海有色
2021-06-28,106家公司获机构调研（附名单）,证券之星
2021-06-25,龙蟒佰利钛白粉订单充足 前期低价订单已基本消化,上证报
2021-06-25,调研记录|龙蟒佰利（002601.SZ）：50万吨攀西钛精矿升级转化氯化钛渣创新工程于六月初实现投产，下半年将逐月提产,智通财经
2021-06-25,龙蟒佰利钛白粉订单充足 半年度业绩预告高增长,上海有色
2021-06-25,龙蟒佰利：钛白粉订单充足 仅个别地区仍有出运困难问题,e公司
2021-06-23,化工钢铁等周期板块业绩高增，中报行情聚焦业绩确定性,第一财经
2021-06-23,实控人包揽定增跑出多只大牛股，三连板妖股火上浇油，还有哪些“漏网之鱼”？,财联社
2021-06-23,钛白粉板块开盘走强，攀钢钒钛涨逾7%，行业景气有望延续丨牛熊眼,第一财经
2021-06-23,攀钢钒钛上半年预增426%-519%钛白粉价格处于历史高位或将承压,财联社
2021-06-22,龙蟒佰利(002601.SZ)：副董事长谭瑞清解押100万股,格隆汇
2021-06-22,龙蟒佰利：谭瑞清解除质押100万股,每日经济新闻
2021-06-22,龙蟒佰利(002601.SZ)大股东谭瑞清解质100万股,智通财经
2021-06-22,钛白粉强景气持续，这些公司上半年业绩预告“报喜”,新浪
2021-06-22,安宁股份：公司钛精矿主要客户为龙蟒佰利、东方钛业、蓝星大华、方圆钛白、添光钛业等,Wind
2021-06-22,业绩预告渐次落地，高增长引领周期股反弹,Wind
2021-06-21,钛白粉公司中报业绩或分化“金九银十”旺季前后价格将承压 盈利能力下降,财联社
2021-06-21,龙蟒佰利今日大宗交易成交6万股，成交价33.91元溢价2.02%,Wind
2021-06-21,龙蟒佰利现1笔大宗交易 共成交203.46万元,新浪
2021-06-21,鞍钢股份带头冲锋，周期板块大反攻！背后原因是……,Wind
2021-06-21,化工行业周报：关注二季度高增长标的 中长期继续看好优质成长股,新浪
2021-06-21,钛白粉为何持续景气？,上证报
2021-06-21,金浦钛业玩跨界留下大“坑” 上半年净利预增11倍不及计提信用损失一半,投资者网
2021-06-21,9万股民嗨翻！370亿白马业绩狂增860%，整个行业都要炸？,Wind
2021-06-21,建议重视中报行情 | 中信建投晨会,中信建投证券研究
2021-06-21,磷矿石、电石领涨市场，MDI开启反弹之路,中信建投证券研究
2021-06-19,龙蟒佰利：产业链协同凸现竞争优势,财富动力网
2021-06-19,迷茫期的一张投资明牌,Wind
2021-06-18,龙蟒佰利：公司2020年钛白粉产能101万吨，其中氯化法钛白粉36万吨，硫酸法钛白粉65万吨,每日经济新闻
2021-06-18,39股今日获机构买入评级5股上涨空间超20%,证券时报网
2021-06-18,501家上市公司中报业绩预告出炉！预喜率超六成，两大行业领跑,Wind
2021-06-18,龙蟒佰利大跌 连续下跌,新浪
2021-06-18,28股获券商买入评级，莱伯泰科目标涨幅达71.61%,Wind
2021-06-18,【东北晨会0618】市场快评：科技制造价值显现/5月经济数据点评/军工行业周报/5月航空数据点评/联创光电（深）、龙蟒佰利,东北证券研究所
2021-06-18,【东北化工陈俊杰/李博】龙蟒佰利（002601）事件点评：钛白粉强景气周期，看好“大化工低成本”优势,东北证券研究所
2021-06-18,钛白粉遭国内外龙头联手“锁价”，价格跳涨60%，龙蟒佰利盈利将创历史新高丨21硬核投研,21金融圈
2021-06-18,【东吴化工】龙蟒佰利：钛白粉景气高企，公司一体化优势凸显,东吴石化化工
2021-06-17,49股获买入评级最新:龙蟒佰利,中财网
2021-06-17,东吴证券维持龙蟒佰利买入评级：钛白粉景气高企，公司一体化优势凸显,每日经济新闻
2021-06-17,盈利近30亿！龙蟒佰利预计净利润同比增长130%！,生意社
2021-06-17,21硬核投研丨景气度持续走高钛白粉价格跳涨60%，龙蟒佰利盈利将创历史新高“预期差”显着,21世纪经济报道
2021-06-17,6月16日42只个股获券商关注，领益智造目标涨幅达113.53%,每日经济新闻
2021-06-17,35股获券商买入评级，索菲亚目标涨幅达60.14%,Wind
2021-06-17,中信建投大周期团队最新研究,中信建投证券研究
2021-06-16,43股获买入评级 最新:安井食品,中财网
2021-06-16,东北证券维持龙蟒佰利买入评级：钛白粉强景气周期，看好“大化工低成本”优势,每日经济新闻
2021-06-16,23股今日获机构买入评级6股上涨空间超10%,证券时报网
2021-06-16,每日报告回放,新浪
2021-06-16,国信证券：龙蟒佰利（002601.SZ）钛产业链高景气，Q2业绩超预期，维持“买入”评级,智通财经
2021-06-16,国信证券维持龙蟒佰利买入评级，2021年中报预告点评：钛产业链高景气，Q2 业绩超预期,每日经济新闻
2021-06-16,【龙蟒佰利 | 中报预告点评：钛产业链高景气，Q2业绩超预期 】-国信证券,化工林谈
2021-06-16,中泰证券：龙蟒佰利（002601.SZ）钛白粉维持高景气，产业链协同凸现优势，维持“买入”评级,智通财经
2021-06-16,化工行业周报：化工行业结构性乐观 关注纯碱、钛矿、氨纶等子行业,新浪
2021-06-16,37股获券商买入评级，玲珑轮胎目标涨幅达53.05%,Wind
2021-06-16,基础化工行业周报：中报行情临近 周期成长龙头进攻,新浪
2021-06-15,0616日报/天原股份电石全面恢复生产【东北基础化工】,东北基础化工
2021-06-15,龙蟒佰利(002601)：钛、铁产品价格大涨增厚利润 Q2业绩超预期,新浪
2021-06-15,龙蟒佰利(002601)：业绩大幅预增 看好公司长期成长,新浪
2021-06-15,2021年下半年投资策略：周期景气有望持续 产业变革趋势孕育成长新机遇,新浪
2021-06-15,龙蟒佰利半年报预增，净利润同比增长80%-130%,资本邦
2021-06-15,基础化工行业周报：油价上涨 三聚氰胺、磷酸一铵、有机硅DMC等产品价格上涨,新浪
2021-06-15,龙蟒佰利(002601)：净利润环比改善 拟港股上市,新浪
2021-06-15,安信证券维持龙蟒佰利买入评级：业绩大幅预增，看好公司长期成长,每日经济新闻
2021-06-15,半年报预喜 龙蟒佰利大涨6%,第一财经
2021-06-15,龙蟒佰利高开近5%,Wind
2021-06-15,【华安化工|化工周报】行业周报：审批收紧，化工行业迎来差异化发展,化工阿尔法
2021-06-15,6月15日六家公司公告出现利好：龙蟒佰利上半年净利预增80%至130%,证券之星
2021-06-15,A股早报2021年6月15日星期二,Wind
2021-06-15,陆家嘴财经早餐2021年6月15日星期二,Wind
2021-06-15,龙蟒佰利(002601.SZ)：龙蟒矿冶成为钒钛资源股权投资中心的有限合伙人认缴出资额21亿元,格隆汇
2021-06-15,龙蟒佰利(002601.SZ)：近期收到政府补贴资金共2051.32万元,格隆汇
2021-06-15,龙蟒佰利(002601.SZ)半年度净利润预增80%-130%,格隆汇
2021-06-14,晚间重要公告2021年6月14日星期一,Wind
2021-06-14,晚间公告｜6月14日这些公告有看头,第一财经
2021-06-14,龙蟒佰利(002601.SZ)钒钛资源股权投资中心完成变更登记及私募投资基金备案 基金经理离任,智通财经
2021-06-14,龙蟒佰利(002601.SZ)及子公司获得政府补贴共计2051.32万元,智通财经
2021-06-14,龙蟒佰利：上半年预计净利润同比增长80.0%~130.0%,Wind
2021-06-14,龙蟒佰利：上半年净利同比预增80%–130%,e公司
2021-06-14,龙蟒佰利：预计上半年净利润同比增长80%至130%,Wind
2021-06-10,化工行业：聚焦周期景气龙头 看好低估值优质成长,新浪
2021-06-10,动力电池与电气系统系列报告(75)：铁锂电池快速增长 上游磷酸铁可能阶段性供给受限,新浪
2021-06-10,龙蟒佰利年内连续6次提价 钛白粉涨价向下游涂料蔓延,证券日报网
2021-06-10,国内钛白粉市场或现新一轮涨价潮,Wind
2021-06-09,钛白粉龙头产品提价为二线企业股价“做嫁衣”？两大利空迹象或在“潜伏”路上,财联社
2021-06-09,龙蟒佰利(002601)：产品价格上涨 H股发行在即,新浪
2021-06-09,龙蟒佰利再度提价，带动钛白粉板块整体大涨！,环球老虎财经
2021-06-09,A股成交急剧萎缩逾千亿 周期股再抗领涨大旗,e公司
2021-06-09,龙蟒佰利拟发行H股在港交所上市 打造千亿级产业集团,上证报
2021-06-09,群益证券给予龙蟒佰利买进评级：产品价格上涨，H股发行在即,每日经济新闻
2021-06-09,中一签暴赚11万、东鹏饮料10连板 本周还有8只新股可打,券商中国
2021-06-09,指数延续整理态势 鸿蒙概念持续走强,中金在线
2021-06-09,多只概念股集体涨停 钛白粉涨至近10年高位！,中投网
2021-06-09,群益证券：龙蟒佰利（002601.SZ）产品价格上涨，H股发行在即，维持“买进”评级,智通财经
2021-06-09,钛白粉涨至近10年高位！龙蟒佰利调涨锁定7月价格，金浦钛业、安宁股份等概念股集体涨停,21世纪经济报道
2021-06-09,新股行情火爆！中一签赚超11万！钛白粉、煤炭板块爆发这只近期牛股却惨遭跌停,证券时报
2021-06-09,连拉50多个涨停后再拉10个涨停！乐视网暴涨近3倍，A股ST板块也涨疯了,上游新闻
2021-06-09,龙头再提价！钛白粉概念爆发 海南椰岛涨停！酒类股继续“耍酒疯”？,中金在线
2021-06-09,火爆！中一签赚超11万，本周还有8只新股可申购！钛白粉、煤炭板块集体爆发,证券时报
2021-06-09,化工板块超20股涨逾5% 机构：顺周期业绩将迎兑现期丨牛熊眼,第一财经
2021-06-09,解盘：百亿资金流入，钛白粉、煤炭、铁矿石、ST领涨,Wind
2021-06-09,【热股】钛白粉板块走强 金浦钛业、安纳达、鲁北化工涨停,上海有色
2021-06-09,钛白粉板块大涨，金浦钛业等多股涨停，龙蟒佰利上调产品价格,格隆汇
2021-06-09,【SMM快讯】龙蟒佰利上调钛白粉售价,上海有色
2021-06-09,钛白粉板块走高龙蟒佰利上调钛白粉价格,格隆汇
2021-06-09,盘前情报丨深圳将推出深市股票股指期货；多家鸿蒙概念股发布风险提示公告,21世纪经济报道
2021-06-09,上市公司正负面新闻2021年6月9日星期三,Wind
2021-06-08,龙蟒佰利上调钛白粉价格，建筑光伏迎机遇丨明日主题前瞻,第一财经
2021-06-08,国际钛白粉巨头齐提价，龙蟒佰利紧随其后，概念股机会又来了？,第一财经
2021-06-08,中期业绩值得期待 超四成公司中报净利增长将翻倍,大众证券报
2021-06-08,龙蟒佰利(002601.SZ)钛白粉售价再上调 7月1日起每吨售价上调500元,智通财经
2021-06-08,龙蟒佰利(002601.SZ)：减持期满 李玲已累计减持2862.7万股 减持股份,格隆汇
2021-06-08,龙蟒佰利：股东李玲减持计划期限届满，累计减持公司1.2782%股份,Wind
2021-06-08,龙蟒佰利：持股5.68%的股东李玲拟减持不超过0.70%。 拟减持股份,新浪
2021-06-08,龙蟒佰利：拟聘任立信德豪作为其发行H股并在联交所上市的境外审计机构,财联社
2021-06-08,龙蟒佰利(002601.SZ)拟聘任立信德豪作为其发行H股并在联交所上市的境外审计机构,格隆汇
2021-06-08,龙蟒佰利(002601.SZ)：7月1日起上调各型号钛白粉的售价,格隆汇
2021-06-08,龙蟒佰利(002601.SZ)拟聘任立信德豪作为H股IPO境外审计机构,智通财经
2021-06-08,注意！龙蟒佰利：股东李玲拟减持不超过1568万股 拟减持股份,每日经济新闻
2021-06-08,龙蟒佰利(002601.SZ)：持股5.68%的李玲拟减持不超1568万股 拟减持股份,格隆汇
2021-06-08,龙蟒佰利：股东李玲减持计划到期，减持股份数量约2863万股,每日经济新闻
2021-06-08,龙蟒佰利：上调各型号钛白粉销售价格,财联社
2021-06-08,龙蟒佰利：股东李玲计划减持公司0.7%股份 拟减持股份,Wind
2021-06-08,龙蟒佰利：上调各型号钛白粉销售价格,Wind
2021-06-08,[路演]龙蟒佰利：钛白粉产品的毛利率将进一步提高,全景网
2021-06-08,化工行业周报：原油价格震荡上行 关注超跌优质龙头,新浪
2021-06-07,牛人重仓｜桐昆股份有何亮点？广发基金孙迪第一大重仓股，北向资金今年大幅加仓！,每日经济新闻
2021-06-07,策略周报：如何抓住本轮中报行情？,西南证券
2021-06-07,基础化工行业周报：内外因素联动 钛白粉景气延续,新浪
2021-06-07,化工行业周报：重点看好资本开支下实现跨越式增长的周期成长股,新浪
2021-06-04,2021年基础化工行业中期投资策略：优质核心资产为盾 好赛道高成长为矛,新浪
2021-06-04,龙蟒佰利大涨,新浪
2021-06-04,解盘：超百亿资金流入，锂电、储能、半导体、IGBT略涨,Wind
2021-06-03,基础化工行业周报：MDI挂牌价理性回调 轮胎双反靴子落地,新浪
2021-06-02,龙蟒佰利(002601.SZ)相关股东解除质押3053.4万股,智通财经
2021-06-02,龙蟒佰利(002601.SZ)：副董事长谭瑞清及豫鑫木糖解押合计3053.4万股,格隆汇
2021-06-02,6月2日晚间重要行业研究汇总(附股),中金在线
2021-06-02,化工行业投资组合(6月份),新浪
2021-06-02,化工行业：景气高点之后：短期或有窄幅涨价 长期行业将迎洗牌,西南证券
2021-06-01,电力设备与新能源产业链核心数据跟踪日报,新浪
2021-06-01,投资4个亿！龙蟒佰利挺进西部地区！,上海有色
2021-06-01,龙蟒佰利：公司已成立河南佰利新能源公司、河南龙佰新材料公司，以及收购河南中炭新材料公司，专门从事新能源电池材料的研发和产业化,每日经济新闻
2021-06-01,龙蟒佰利：公司50万吨攀西钛精矿升级转化氯化钛渣创新工程已于本月初正式通电投运,每日经济新闻
2021-05-31,化工行业：黄磷-草甘膦继续引领化工涨幅 可降解塑料政策密集发布,新浪
2021-05-31,石油化工新材料行业北上资金周报,新浪
2021-05-28,龙蟒佰利(002601.SZ)向部分激励对象首次授予1.39亿股限制性股票,智通财经
2021-05-28,龙蟒佰利(002601.SZ)：龙佰钛业拟出资4亿元成立甘肃佰利联化学,格隆汇
2021-05-28,龙蟒佰利(002601.SZ)：向5001名激励对象授予1.392亿股限制性股票,格隆汇
2021-05-28,钛白粉年内连续调价飙涨，这家公司近期获多家机构调研,第一财经
2021-05-27,龙蟒佰利(002601.SZ)：李玲已减持2349.83万股 减持股份,格隆汇
2021-05-26,一季度河南超八成上市公司实现盈利 35家上市公司营收超10亿元,证券日报网
2021-05-26,"龙蟒佰利现1笔大宗交易 共成交31,163.74万元",新浪
2021-05-26,龙蟒佰利今日大宗交易成交958万股，成交价32.53元折价6.01%,Wind
2021-05-25,化工行业2021年中期策略：业绩为王，挖掘化工投资机会,东吴石化化工
2021-05-25,基础化工行业周报：4月化工品出口大增 重视高景气持续性,新浪
2021-05-24,能源化工行业周观点：化工行业处传统淡季 农化、钛白粉等延续强势,新浪
2021-05-24,钛白粉板块再走强，机构看好行业景气周期强度和持续性,第一财经
2021-05-24,化工行业周报：看好周期低估值弹性标的及高增长成长股,新浪
2021-05-24,解盘：资金持续流入，白酒、证券、造纸等领涨,Wind
2021-05-24,化工周报：草甘膦、尿素上涨 周期品格局仍然向好 持续关注细分行业龙头,新浪
2021-05-24,化工行业周报：万华搭建生物降解塑料产业联盟 聚合MDI价差扩大,新浪
2021-05-21,粤开策略专题流动性观察：周期股有所回调(2021年第9期),新浪
2021-05-21,化工行业2020年＆2021Q1财报总结：疫情后行业盈利能力迅速恢复 上半年仍延续高景气,新浪
2021-05-18,龙蟒佰利(002601.SZ)一名股东质押所持公司256.10万股,智通财经
2021-05-18,龙蟒佰利：股东汤阴县豫鑫木糖开发有限公司质押256万股,每日经济新闻
2021-05-18,龙蟒佰利大涨,新浪
2021-05-18,化工行业周报：化工开始分化 关注纯碱、钛矿、氯碱、EVA等子行业,新浪
2021-05-17,化工周报：地产链条景气持续 行业淡季价格仍坚挺 持续关注细分龙头,新浪
2021-05-17,2021Q1化工行业总结：供需格局改善 盈利大幅提升 看好景气持续,新浪
2021-05-17,化工周报：万华宁波技改扩产 草甘膦强势领涨农药板块,新浪
2021-05-17,这次通胀或许不是“狼来了” 如何应对？,秦朔朋友圈
2021-05-17,股海导航 5月17日沪深股市公告提示,新浪
2021-05-16,石油石化、基础化工、新材料行业北上资金流向周报：石油化工新材料行业北上资金周报,新浪
2021-05-16,5月16日晚间沪深上市公司重大事项公告最新快递,中金在线
2021-05-16,5月16日上市公司晚间公告速递,新浪
2021-05-16,晚间公告丨5月16日这些公告有看头,第一财经
2021-05-16,全球通胀预期攀升，谁是赢家和输家？摩根士丹利这么看,第一财经
2021-05-16,龙蟒佰利(002601.SZ)拟更名为“龙佰集团” 业务变化,格隆汇
2021-05-16,龙蟒佰利：拟变更证券简称为“龙佰集团” 业务变化,e公司
2021-05-16,化工行业：化工品价格涨多跌少 Q2北向资金化工股持仓变动分析,广发证券
2021-05-15,龙蟒佰利：公司在攀枝花拥有钒钛磁铁矿资源,每日经济新闻
2021-05-14,群益证券：龙蟒佰利（002601.SZ）钛白粉行情维持高度景气，维持“买进”评级,智通财经
2021-05-13,群益证券维持龙蟒佰利买进评级：钛白粉行情维持高度景气，新项目投产提升盈利水平,每日经济新闻
2021-05-12,刚刚，MSCI公布最新调整！5只科创板股票进入旗舰指数系列,Wind
2021-05-12,基础化工行业研究：公募基金连续四个季度加仓化工行业 加大景气度向上细分行业龙头布局,国金证券股份有限公司
2021-05-12,年内第五轮涨价落地，钛白粉连涨11个月,Wind
2021-05-11,【国金化工&新材料】2021Q1公募基金持仓分析：公募基金连续四个季度加仓化工行业，加大景气度向上细分行业龙头布局,点石化金
2021-05-11,基础化工行业2020年年报及2021年一季报总结：化工产品价格指数探底回升 橡塑制品、农化、化纤等板块表现亮眼,新浪
2021-05-11,A股异动丨龙蟒佰利(002601.SZ)跌逾6%超高现金分红备被指利益输送,格隆汇
2021-05-11,龙蟒佰利去年量价齐升净利反降11.77% 分红率189%被指助许刚包揽定增输送利益,长江商报
2021-05-10,【招商策略】人民币升值带动外资流入，加仓TMT与周期——2021年4月陆股通持股分析,招商策略研究
2021-05-10,北向资金连续3日净买入，白酒股重获资金加仓,Wind
2021-05-10,基础化工行业2020年报及2021年一季报综述：越过山丘 班行秀出,新浪
2021-05-10,通胀无牛市？这份通胀预期下的投资指南请查收,Wind
2021-05-10,策略周报：上游内需波峰Q2 下游阶段受挤压,新浪
2021-05-10,化工周报：钛白粉、草甘膦、PVC 上涨 大宗品周期情绪升温 推荐业绩持续改善的细分龙头,新浪
2021-05-10,能源化工行业周观点：化工产品景气高位延续 关注碳中和、农化、海外复苏等主线,新浪
2021-05-10,石油石化、基础化工、新材料行业北上资金流向周报,新浪
2021-05-09,晚间重要公告2021年5月9日星期日,Wind
2021-05-09,公告精选：复星医药子公司拟与BioNTech设合资公司；龙蟒佰利上调钛白粉售价,e公司
2021-05-09,5月9日晚间上市公司十大重磅公告,巨丰财经
2021-05-09,龙蟒佰利(002601.SZ)每10股派9元 股权登记日为5月14日,智通财经
2021-05-09,龙蟒佰利：上调各型号钛白粉销售价格,Wind
2021-05-09,龙蟒佰利：上调各型号钛白粉销售价格,e公司
2021-05-08,新一轮“涨价潮”来了？影响每个人,Wind
2021-05-08,因破坏资源或污染环境，去年以来超50家A股公司被罚,Wind
2021-05-07,北向资金分化加剧，中国平安、贵州茅台再遭净卖出逾5亿元,Wind
2021-05-07,传导效应来临！涨价此起彼伏，关注正当时,Wind
2021-05-07,钢铁、煤炭、海运涨势如虹，现在还能上车吗？,Wind
2021-05-07,行业已进入传统旺季，钛白粉上演新一轮涨价周期,第一财经
2021-05-07,化工行业：从SASOL的努力看煤化工企业的减排,新浪
2021-05-07,盘前情报丨粮食安全问题再引关注；疫苗股又遇变数（附股）,21世纪经济报道
2021-05-07,钛白粉再迎“涨价潮”，北向资金扫货钛白粉龙头，还增持这些股（名单）,21世纪经济报道
2021-05-06,6城首批试点智能网联汽车协同发展，钛白粉再迎涨价潮丨明日主题前瞻,第一财经
2021-05-06,钛白粉再迎“涨价潮”，机构建议这样布局相关个股,第一财经
2021-05-06,涨破天！海外刚需叠加环保巡查，钛白粉价格或将冲击历史纪录,财联社
2021-05-06,基础化工行业2020年报及2021一季报总结：2020化工行业景气呈现“V”型复苏 21Q1景气加速上行 行业盈利能力大幅修复,新浪
2021-05-05,刘格菘买爆的龙蟒佰利 拟发行H股,新浪
2021-04-30,年报收官 河南A股上市公司去年共营收6607亿元 其中1家过千亿,新浪
2021-04-29,龙蟒佰利：拟发行H股并在香港联交所上市,鲸平台
2021-04-29,0430日报/龙蟒佰利拟在港交所上市【东北基础化工】,东北基础化工
2021-04-29,龙蟒佰利(002601.SZ)：拟发行H股并在香港联交所上市,格隆汇
2021-04-29,磷酸铁锂产业分析报告：迎接双碳目标，迈向“大宗”时代,新浪
2021-04-29,中信建投大周期团队最新研究观点,中信建投证券研究
2021-04-28,5个同门兄弟扎堆一只股票！基金公司“独门股”曝光,Wind
2021-04-26,4月26日主力资金净流出246亿元,证券时报网
2021-04-26,基金规模迎高速增长期 投研能力成基金公司发展基石,中国经济网
2021-04-26,化工板块2021Q1持仓分析：环比持续改善 中小市值公司获得加持,新浪
2021-04-26,能源化工行业周观点：业绩披露期即将结束 多数子行业景气高位,新浪
2021-04-26,钛白粉板块早盘走强 龙蟒佰利涨逾5%,上证报
2021-04-26,千亿顶流时代基金规模会否成业绩的敌人,中证报
2021-04-25,最新！顶流基金重仓股大洗牌，40张图表全披露,Wind
2021-04-23,钛白粉板块尾盘异动，中核钛白冲击涨停,Wind
2021-04-23,【新时代化工 程磊团队】龙蟒佰利：2021年一季度迎来开门红，打造全球钛业巨头,新时代证券研究
2021-04-23,【早安新时代】2021/04/23今日关注：科大讯飞、掌阅科技、龙蟒佰利,新时代证券研究
2021-04-22,二季度或是全年分水岭，顶流基金调仓神同步，张坤和刘格菘斥资几十亿添置“分红标兵”,华夏时报
2021-04-22,公私募知名基金经理重仓“作业本”曝光,青岛财经日报
2021-04-22,10张图一览社保、多名明星基金经理最新重仓股,Wind
2021-04-22,刘格菘麾下基金一季度调仓路径：减仓“光伏茅”加码化工龙头股,证券之星
2021-04-21,新增重仓龙蟒佰利和恒力石化 广发基金调仓,每日经济新闻
2021-04-21,新增重仓龙蟒佰利和恒力石化 广发基金刘格菘：对市场不仅不悲观，反而更乐观,每日经济新闻
2021-04-21,15万手封死涨停！连涨10个月的产品爆了，顶流基金重金持股，4股预测涨幅超20%,证券时报网
2021-04-21,"龙蟒佰利：业绩创历史新高,二季度钛白粉供应偏紧局面或将持续",云掌财经
2021-04-21,A股收盘综述：沪指午后横盘，市场再现“喝酒吃药”行情,Wind
2021-04-21,顶流基金经理重仓股大曝光！他们如何看后市？,Wind
2021-04-21,A股午盘综述：股指低开高走，上证指数涨0.15%,Wind
2021-04-21,钛白粉板块盘中发力，金浦钛业直线涨停,Wind
2021-04-21,龙蟒佰利(002601.SZ)拉升涨近6%成刘格菘第五大重仓股,格隆汇
2021-04-21,董承非大减仓、刘格菘爱制造，赵诣增持天赐材料,Wind
2021-04-21,钛白粉业绩大涨业内人士：价格持续上涨助推业绩二季度或持续利好,证券之星
2021-04-21,看董承非、刘格菘、谢治宇最新操作！两“顶流”现分歧,Wind
2021-04-20,刘格菘的“新欢”，可能是你的“旧爱”：偏执的“龙头”爱好者,第一财经
2021-04-20,刘格菘最新持仓曝光：Q1增持康泰生物，新进龙蟒佰利、恒力石化为其前十大重仓股,格隆汇
2021-04-20,龙蟒佰利：一季度净利10.64亿元同比增长18%,格隆汇
2021-04-20,国金证券--基础化工行业研究周报：Q1高增长不稀缺，但持续高增长且估值合理标的稀缺【行业研究】,金融界股吧
2021-04-20,龙蟒佰利(002601.SZ)一季度净利升18.03%至10.64亿元,格隆汇
2021-04-20,东北证券--龙蟒佰利：钛白粉景气向上，助推业绩逆势增长【公司研究】,金融界股吧
2021-04-20,【东北化工陈俊杰】龙蟒佰利（002601）年报点评：钛白粉景气向上，助推业绩逆势增长,东北证券研究所
2021-04-20,化工行业有望维持高景气度,大众证券报
2021-04-20,化工行业有望维持高景气度,证券之星
2021-04-19,龙蟒佰利：一季度净利润同比增长18.03%,Wind
2021-04-19,多券商增持行业巨头龙蟒佰利，钛白粉连涨10个月景气度高,云掌财经
2021-04-19,4月19日晚间重要行业研究汇总(附股),中金在线
2021-04-19,华安证券--龙蟒佰利：经营业绩蓄势待发，股权激励振奋人心【公司研究】,金融界股吧
2021-04-18,2股获买入评级 最新:龙蟒佰利,中财网
2021-04-16,我国一季度GDP增长18.3%！金发拉比12天10板,证券之星
2021-04-16,A股现12天10板！白酒也集体大爆发,Wind
2021-04-16,龙蟒佰利盘初闪崩逼近跌停，成交量显著放大,Wind
2021-04-16,Wind风控日报2021年4月16日星期五,Wind
2021-04-15,龙蟒佰利：一季度净利润同比增长17.77%（业绩快报）,Wind
2021-04-15,龙蟒佰利：一季度净利润10.61亿元同比增长17.77%,格隆汇
2021-04-15,龙蟒佰利：2020年净利润23亿元同比下降11.77% 盈利能力下降,格隆汇
2021-04-15,龙蟒佰利(002601.SZ)业绩快报：一季度净利润升17.77%至10.61亿元,格隆汇
2021-04-15,龙蟒佰利(002601.SZ)2020年度净利润降11.77%至22.89亿元 盈利能力下降,格隆汇
2021-04-15,龙蟒佰利：2020年净利润同比减少11.77% 盈利能力下降,Wind
2021-04-15,龙蟒佰利(002601.SZ)一季度归母利润同比增长17.77%至10.61亿元,智通财经
2021-04-15,龙蟒佰利：一季度净利10.61亿元 同比增17.77%,e公司
2021-04-15,龙蟒佰利(002601.SZ)年度归母净利同比降11.77%至22.89亿元 盈利能力下降,智通财经
2021-04-14,化工板块表现活跃 机构建议关注两条主线,中财网
2021-04-14,钛白粉板块午后走高龙头龙蟒佰利(002601.SZ)涨超6%,格隆汇
2021-04-14,钛白粉板块尾盘走高，攀钢钒钛涨停,Wind
2021-04-14,浙商证券--化工行业周报：化工一季度业绩靓丽，化工品景气度持续回升【行业研究】,金融界股吧
2021-04-13,【行业一线】持续涨价！钛白粉行业高景气，相关概念股表现分化！,财华社
2021-04-13,成本上涨、需求旺盛，钛白粉企业扎堆涨价,Wind
2021-04-12,化工周报：钛白粉、醋酸大幅上涨 一季报进入兑现期 关注Q2基本面持续向好的细分龙头,新浪
2021-04-12,化工行业：PPI上升较快影响短期超额收益率 看好产能周期下化工景气持续,新浪
2021-04-12,【华安化工|化工周报】万华再创最佳一季,化工阿尔法
2021-04-12,龙蟒佰利:调价是根据市场行情决定 公司争在继续扩产能|公司问答,第一财经
2021-04-12,平安证券--化工行业一季报业绩前瞻：关注一季报业绩超预期子行业和上市公司【行业研究】,金融界股吧
2021-04-12,龙蟒佰利：钛白粉国内外售价再次上调,资本邦
2021-04-12,醋酸价格再破新高，万华一季报创新高超预期,中信建投证券研究
2021-04-11,公告精选丨龙蟒佰利上调各型号钛白粉售价，洛阳钼业联手宁德时代开发世界级铜钴矿,21世纪经济报道
2021-04-11,晚间重要公告2021年4月11日星期日,Wind
2021-04-11,龙蟒佰利：公司各型号钛白粉价格再上调,新浪
2021-04-11,龙蟒佰利：钛白粉对国内各类客户上调1000元人民币/吨,格隆汇
2021-04-11,龙蟒佰利(002601.SZ)：上调各型号钛白粉售价,格隆汇
2021-04-11,龙蟒佰利：上调钛白粉销售价格,Wind
2021-04-09,龙蟒佰利：金红石型钛白粉销售价格今日起对国内各类客户上调1000元/吨,格隆汇
2021-04-09,行业观察丨海绵钛节后价格大涨至6.8万元/吨 业内人士：下游需求激增涨价或继续,财联社
2021-04-09,化工行业周报：化工一季度业绩靓丽 化工品景气度持续回升,新浪
2021-04-08,龙蟒佰利(002601.SZ)子公司通过高新技术企业重新认定,智通财经
2021-04-08,化工行业4月策略：关注供需结构好转行业 龙头估值回调至合理水平,新浪
2021-04-07,化工行业专题：周期成长龙头”护城河“来自哪里？,新浪
2021-04-07,石油天然气、化工行业中国化工崛起三部曲之一：优质企业向全球化工龙头迈进,新浪
2021-04-07,盘前情报丨“公募一哥”30亿增持中炬高新；一季度新能源汽车登记增长295.20%，关注这些公司（附股）,21世纪经济报道
2021-04-07,中金 | 中国化工崛起三部曲之一：优质企业向全球化工龙头迈进,中金点睛
2021-04-06,中核钛白半年内第七次上调钛白粉价格，行业有望迎来强景气周期,第一财经
2021-04-06,化工行业：碳排交易征求意见稿发布 加速碳市场落地,新浪
2021-04-06,化工周报：钾肥、甲酸价格上涨 关注Q1业绩反转标的 推荐白马及细分龙头,新浪
2021-04-02,OPEC+4月会议点评：OPEC+增产是对全球石油需求有着更为乐观的预期,光大证券
2021-04-01,"券商3月金股组合""战绩""：27个组合全部亏损 华金最差 亏损",新浪
2021-04-01,A股早报2021年4月1日星期四,Wind
2021-03-31,A股共发生66宗大宗交易成交12.01亿元（3月31日）,Wind
2021-03-31,龙蟒佰利：公司不涉及IDC项目,每日经济新闻
2021-03-31,透视大宗交易：3月31日共成交66笔，龙蟒佰利成交2.39亿元,每日经济新闻
2021-03-31,"龙蟒佰利现1笔大宗交易 共成交23,914.30万元",新浪
2021-03-31,龙蟒佰利今日大宗交易成交890万股，成交价26.87元折价5.98%,Wind
2021-03-31,石墨电极拐点来临？产业资本、北向资金集体“加仓”，方大炭素静待涨价风起,21世纪经济报道
2021-03-31,2021年国内磷酸铁锂电池出货有望接近90GWh 对应正极材料需求量或将增至24万吨,高工锂电
2021-03-30,钛白粉成鲁北化工第一大营收源 大扩产能明年有望进行业前五,证券时报网
2021-03-30,化工行业周报：化工开始分化 关注纯碱、钛矿、氯碱 EVA等子行业,新浪
2021-03-30,钛白粉价格持续上涨，相关企业有望受益丨牛熊眼,第一财经
2021-03-29,化工行业周观点：业绩披露高峰期临近 关注业绩超预期机会,新浪
2021-03-29,基础化工行业周报：布局景气可持续性或超预期的品种,新浪
2021-03-29,石油化工新材料行业北上资金周报,新浪
2021-03-29,化工行业：万华推进福建工业园一体化布局 行业价格回调力度较小,新浪
2021-03-29,平安证券--化工行业周报：石油公司逐渐加大对新能源的布局【行业研究】,金融界股吧
2021-03-29,龙蟒佰利2.92亿收购中炭新材料 欲实现电池正负极材料协同发展,上海有色
2021-03-28,【华安化工|化工周报】万华化学落地福建一体化布局，新员工持股平台注入新活力,化工阿尔法
2021-03-28,收官在即！一季度基金业绩如何？,Wind
2021-03-28,石油天然气、化工行业：化工行情的三个核心关注之“三问三答”,新浪
2021-03-27,龙蟒佰利跨界锂电池：2.92亿收购亏损企业 亏损,中国经营报
2021-03-27,基础化工行业周报：估值收敛放缓 关注一季度业绩超预期标的,国金证券股份有限公司
2021-03-26,基础化工行业周报：布局高景气赛道 盈利弹性抵御估值波动,新浪
2021-03-26,化工专题：行业集中度提升 会带来哪些影响？,新浪
2021-03-25,道达投资手记：服装板块全面爆发 能参与吗？,每日经济新闻
2021-03-25,华西证券给予龙蟒佰利增持评级，收购石墨电极资产，正式进入新能源领域,每日经济新闻
2021-03-25,多只抱团股腰斩，机构给出反弹目标价，“矿茅”可涨125%,第一财经
2021-03-25,龙蟒佰利(002601)：拥抱电池材料与锆业务 新两极逐步展开,新浪
2021-03-25,龙蟒佰利多管齐下扩版图,上证报
2021-03-24,为聚焦业务 龙蟒佰利(002601.SZ)拟1.64亿元收购朝阳东锆100%股权,智通财经
2021-03-24,晚间重要公告2021年3月24日星期三,Wind
2021-03-24,东方锆业：1.64亿元转让全资子公司股权资产 资产异常,Wind
2021-03-24,龙蟒佰利：拟2.92亿元收购中炭新材料 进入新能源领域,e公司
2021-03-24,龙蟒佰利(002601.SZ)：拟分别对佰利新能源、龙佰四川及云南国钛进行增资,格隆汇
2021-03-24,龙蟒佰利：控股子公司云南国钛拟收购朝阳东锆100%股权,每日经济新闻
2021-03-24,龙蟒佰利(002601.SZ)拟向数家子公司增资17.7亿元,智通财经
2021-03-24,龙蟒佰利(002601.SZ)拟收购朝阳东锆新材料有限公司100%股权,格隆汇
2021-03-24,龙蟒佰利：拟收购中炭新材料100%股权,Wind
2021-03-24,中核钛白直线拉升，钛白粉板块反弹,Wind
2021-03-24,北向资金净卖出72亿元，增持化工、券商，出逃医药、白酒（附股）,21世纪经济报道
2021-03-24,北向资金动向曝光：3月23日这30只个股被猛烈扫货（附名单）,每日经济新闻
2021-03-23,龙蟒佰利跌9.97% 上月初申银万国东兴华安证券唱多,中国经济网
2021-03-23,【异动股】钛白粉板块下挫，龙蟒佰利(002601-CN)跌8.81%,财华社
2021-03-23,龙蟒佰利再跌近9%，牛年累跌超四成,Wind
2021-03-23,【异动股】钛白粉板块下挫，龙蟒佰利(002601-CN)跌8.01%,财华社
2021-03-22,平安证券--化工行业周报：降解塑料将成为拉动BDO需求的重要力量【行业研究】,金融界股吧
2021-03-21,出口市场需求持续旺盛 钛白粉企业纷纷调涨报价,财联社
2021-03-19,轮番涨价！这个市场太火了！采购商直呼：价格不论，有货就要！,中新经纬
2021-03-19,龙蟒佰利：公司在云南新立投建的年产20万吨氯化法钛白粉生产线，拟上半年开工建设,每日经济新闻
2021-03-19,龙蟒佰利跌8.67% 上月初申银万国东兴华安证券唱多,中国经济网
2021-03-19,A股周线4连跌，48只大白马股回撤超30%,Wind
2021-03-19,龙蟒佰利跌停，换手率3.16%,中新经纬
2021-03-19,龙蟒佰利触及跌停，天原股份、中核钛白跟跌,Wind
2021-03-19,龙蟒佰利大跌5.44%，报32.71元 连续下跌,中新经纬
2021-03-17,定增市场回暖，寻找“折上折”标的,Wind
2021-03-17,基础化工行业周报：化工景气仍上行 关注一季报行情,新浪
2021-03-17,电气设备行业-新能源汽车系列之七：磷酸铁锂：迎接双碳目标 迈向“大宗”时代,广发证券
2021-03-16,"龙蟒佰利现1笔大宗交易 共成交4,828.80万元",新浪
2021-03-16,龙蟒佰利今日大宗交易成交156.83万股，成交价30.79元折价9.89%,Wind
2021-03-16,化工行业周观点：钛白粉价格上调 EVA涨后趋稳,新浪
2021-03-16,新一轮涨价潮！钛白粉龙头涨价后股价直接创新高，两公司宣布跟涨500元/吨,中证报
2021-03-15,新能源掀热潮，A股各路玩家“花式”入场,云掌财经
2021-03-15,化工行业周报：继续推荐核心资产及低估值高景气标的 关注碳中和受益标的,新浪
2021-03-15,石油石化、基础化工、新材料行业北上资金流向周报,新浪
2021-03-15,交易一季报，重视周期回调机会,中信建投证券研究
2021-03-12,华西证券维持龙蟒佰利增持评级：推出大规模股权激励，产品价格继续上调,每日经济新闻
2021-03-12,龙蟒佰利大涨5.18%，换手率0.47%,中新经纬
2021-03-12,钛白粉板块走强龙蟒佰利(002601.SZ)涨超5%领涨,格隆汇
2021-03-12,钛白粉板块拉升 龙蟒佰利涨超5%,e公司
2021-03-12,钛白粉板块迅速走强，龙蟒佰利涨5%,Wind
2021-03-12,龙蟒佰利(002601)：公布限制性股票激励草案 深化激励体系 聚焦长远发展,新浪
2021-03-12,龙蟒佰利10年盈利逾百亿分红84亿 行业高景气主导产品年内三次提价,长江商报
2021-03-11,29股今日获机构买入评级,中财网
2021-03-11,股市动态|“阳光普照”，A股全面反弹来了，近九成个股都在涨，反攻“急先锋”都有谁？,财经网
2021-03-11,A股异动丨钛白粉板块拉升行业龙头龙蟒佰利上调1000元人民币/吨,格隆汇
2021-03-11,龙蟒佰利上调钛白粉价格，机构看好行业景气度上行,第一财经
2021-03-11,龙蟒佰利(002601)：钛白粉价格继续上涨 看好公司中长期成长,新浪
2021-03-11,中金再次重申全面看好A/H银行1-4个季度有39/45%的上涨空间，北向加仓白酒+银行,资本邦
2021-03-11,龙蟒佰利钛白粉再次提价 股价早盘高开3%,新浪
2021-03-11,国金证券：龙蟒佰利目标价34.14元 维持“增持”评级,e公司
2021-03-11,【国金晨讯】2月金融数据：融资需求旺盛驱动信贷数据继续超预期；华兰生物：流感疫苗高速放量，业绩稳健增长,国金证券研究所
2021-03-11,国金证券--龙蟒佰利:股权激励草案推出，行权条件高、覆盖范围广【公司研究】,金融界股吧
2021-03-11,34股获券商买入评级 山西汾酒目标涨幅达46.29%,Wind
2021-03-11,【国金化工&新材料】龙蟒佰利点评——股权激励草案推出，行权条件高、覆盖范围广（2021-03-10）,点石化金
2021-03-11,【机会挖掘】龙蟒佰利再度上调钛白粉售价 行业景气度有望持续上升,证券时报网
2021-03-11,原材料涨价有多猛？上游一天一价，中下游艰难抉择,Wind
2021-03-11,抱团股企稳？3000股下跌茅指数却大涨近3%,Wind
2021-03-10,龙蟒佰利：即日起各型号钛白粉在原价基础上上调1000元人民币/吨,第一财经
2021-03-10,公告精选：龙蟒佰利再度上调钛白粉售价；*ST众泰停牌核查,e公司
2021-03-10,公告精选：*ST众泰停牌核查；龙蟒佰利再度上调钛白粉售价,e公司
2021-03-10,盘后公告集锦|龙蟒佰利：钛白粉国内售价上调1000元/吨,云掌财经
2021-03-10,晚间重要公告2021年3月10日星期三,Wind
2021-03-10,10日公告精选：华鑫股份去年净利暴增10倍；龙蟒佰利钛白粉售价上调1000元,证券时报网
2021-03-10,龙蟒佰利(002601)：限制性股权激励方案落地 覆盖面广、激励充分 保障未来持续成长,新浪
2021-03-10,晚间重要公告：龙蟒佰利钛白粉国内售价上调1000元/吨、保利地产2月签约金额320亿元,金融界
2021-03-10,龙蟒佰利上调各型号钛白粉价格，能否挽回股价跌势？,第一财经
2021-03-10,龙蟒佰利(002601.SZ)各型号钛白粉销售价格上调,智通财经
2021-03-10,龙蟒佰利(002601.SZ)上调各型号钛白粉售价,格隆汇
2021-03-10,龙蟒佰利：钛白粉对国内各类客户上调1000元人民币/吨,Wind
2021-03-10,业内人士：龙蟒佰利本周还会再涨1000元/吨左右,格隆汇
2021-03-10,美股逆天反弹，公募大手笔自购，食品ETF（515710）牛年份额飙升70%,资本邦
2021-03-10,上市公司正负面新闻2021年3月10日星期三,Wind
2021-03-09,龙蟒佰利(002601.SZ)：拟向激励对象授予限制性股票1.52亿股,格隆汇
2021-03-09,龙蟒佰利(002601.SZ)拟推出2021年限制性股票激励计划 授予价16.54元/股,智通财经
2021-03-09,股价接连大跌，700亿市值龙头发生了什么？,Wind
2021-03-09,龙蟒佰利董秘回应股价大跌：目前是旺季周期，投资者要看公司的长期发展 连续下跌,格隆汇
2021-03-09,股价接连大跌，700亿市值龙头发生了什么？董秘独家回应来了 连续下跌,中证报
2021-03-09,基础化工行业投资周报：化工行业景气上行 继续推荐氨纶、轮胎、PVA,新浪
2021-03-09,国泰化工龙头ETF投资价值分析：拥抱化工行业景气周期,新浪
2021-03-09,基础化工行业周报：化工品涨价仍在途 推荐周期成长龙头,新浪
2021-03-09,化工行业2021一季度化工经营前瞻：产品价格持续上涨 关注聚氨酯、纺服原料、钛白粉和煤化工龙头,新浪
2021-03-09,龙蟒佰利跌超7%打压钛白粉板块，中核钛白、金浦钛业、安宁股份跟跌,Wind
2021-03-09,钛白粉大涨价也拉不动股价，还遭高管频频减持！700亿“牛股”龙蟒佰利怎么了？ 减持股份,环球老虎财经
2021-03-09,A股异动 | 龙蟒佰利(002601.SZ)跌7% 公司部分高管拟减持不超2.25%股份 拟减持股份,格隆汇
2021-03-08,龙蟒佰利(002601.SZ)股东谭瑞清及冯军拟合计减持不超过5036.21万股 拟减持股份,智通财经
2021-03-08,龙蟒佰利(002601.SZ)：股东李玲减持期过半 累计减持6万股 减持股份,格隆汇
2021-03-08,龙蟒佰利(002601.SZ)：副董事长谭瑞清及监事会主席冯军拟合计减持不超5036.205万股 拟减持股份,格隆汇
2021-03-08,龙蟒佰利：公司股东李玲累计减持0.0027%股份 减持股份,Wind
2021-03-08,龙蟒佰利：股东李玲减持6万股，减持计划时间已过半,每日经济新闻
2021-03-08,龙蟒佰利：高管谭瑞清、冯军计划减持不超2.25%股份 拟减持股份,Wind
2021-03-08,大幅调整过的化工板块是买入良机吗？,Wind
2021-03-08,化工行业周报：油价新高 继续坚守龙头并增配低估值弹性标的,新浪
2021-03-08,沙特减产+能源设施遇袭，机构推荐两大主线14只个股,第一财经
2021-03-08,十大明星基金经理仅两人抗住杀跌，是怎么操作的？,Wind
2021-03-08,基础化工行业周报2021年3月第1周：氨纶继续大涨 布油逼近70美元化工品整体延续上行,新浪
2021-03-07,【华安化工|化工月报】化工行业景气度总体加速向上,化工阿尔法
2021-03-07,【周末特辑】涨价主线还能持续吗？,国金证券研究所
2021-03-06,石油化工行业研究：OPEC+3月4日部长级会议点评：OPEC+延长减产计划 油价崛起,光大证券
2021-03-06,石化化工行业近期行情点评：短期调整不改长期逻辑 坚定长期看好石化化工板块行情,光大证券
2021-03-05,OPEC+减产支撑油价，石油板块持续走高，关注两主线,证券时报网
2021-03-05,中信证券：此轮油价上行或有望再持续一年,Wind
2021-03-05,晨会0305｜油价上行或有望再持续一年,中信证券研究
2021-03-05,全球市场“黑周四”，美股三连挫！市场在担心什么？,Wind
2021-03-05,龙蟒佰利跌停机构承接弱 游资并肩人气龙头仁东控股,财富动力网
2021-03-04,龙蟒佰利跌停 上月初申银万国东兴华安证券唱多,中国经济网
2021-03-04,屡屡涨价却难掩净利下滑，龙蟒佰利跌停，资金博弈激烈 盈利能力下降,第一财经
2021-03-04,龙蟒佰利龙虎榜数据（3月4日）,Wind
2021-03-04,龙蟒佰利跌停 机构资金现分歧,e公司
2021-03-04,快讯：钛白粉板块午后走低 龙蟒佰利封跌停,新浪
2021-03-04,【行情】钛白粉板块午后走低，龙蟒佰利封跌停，安宁股份、鲁北化工、天原股份、惠云钛业等跟跌,金十数据
2021-03-04,龙蟒佰利控股子公司环境违法被罚25万元 环保处罚,每日经济新闻
2021-03-04,2021年钛白粉行业将有望迎来强景气周期,第一财经
2021-03-04,钛白粉涨价狂潮继续，难掩龙头龙蟒佰利净利下滑，多家企业跨界争夺磷酸铁锂市场 盈利能力下降,云掌财经
2021-03-04,A股异动|龙蟒佰利(002601.SZ)跌逾6%谭瑞清及其一致行动人的持股比例减少1.94% 减持股份,格隆汇
2021-03-04,涨价主线联合报告：寻找供需错配驱动持续涨价的品种,国金证券股份有限公司
2021-03-04,石油化工＆基础化工行业2021年春季策略报告：后疫情时代下四大投资主线 龙头白马、周期成长、周期反转与成长突破,光大证券
2021-03-03,龙蟒佰利(002601.SZ)股东谭瑞清及其一致行动人减持1114.56万股 减持股份,智通财经
2021-03-03,龙蟒佰利(002601.SZ)：李玲的持股比例减少1.68%,格隆汇
2021-03-03,龙蟒佰利(002601.SZ)：谭瑞清及其一致行动人的持股比例减少1.94% 减持股份,格隆汇
2021-03-03,涨价狂潮又来，钛白粉掀起涨停潮！龙蟒佰利年内大涨35%,格隆汇
2021-03-03,月度金股报告：3月金股配置：复苏尚未充分PRICE IN,新浪
2021-03-03,多家企业抱团涨价，钛白粉概念起飞，龙头股集中度提升,第一财经
2021-03-02,多家公司上调钛白粉销售价格，行业有望迎来强景气周期丨牛熊眼,第一财经
2021-03-02,西南证券--化工行业周观点：受原油价格与供需支撑，化工品价格大幅上涨【行业研究】,金融界股吧
2021-03-01,化工周报：本轮化工周期更似07-08年 全球化工制造业基本恢复 坚定看好化工板块行情,新浪
2021-03-01,工信部重磅发声！稀土板块又火了，一只股涨停封单170多万手！另一大行业迎“金三银四”旺季！（附股）,每日经济新闻
2021-03-01,龙蟒佰利：非公开发行新增约2.08亿股3月3日上市,每日经济新闻
2021-03-01,龙蟒佰利(002601.SZ)2.07亿股新增股份于3月3日深交所上市,智通财经
2021-03-01,基础化工行业周报：化工龙头仍具备极佳配置价值,新浪
2021-03-01,化工行业周报：坚守龙头 建议重点配置低估值周期景气标的,新浪
2021-03-01,化工产品迎来史诗级上涨 化工龙头股票有哪些？,至诚财经
2021-03-01,超越周期的钛矿产业，家里有矿的不止龙蟒佰利，还有2股上榜（名单）,云掌财经
2021-03-01,中信建投：化工行业一季度季度业绩有望大幅增长，回调正是买入时，无惧调整,证券时报网
2021-02-28,化工景气指数高涨，Q1业绩有望大幅增长，无惧回调,中信建投证券研究
2021-02-27,钛白粉龙头豪掷百亿入局 磷酸铁锂前景几何？,新浪
2021-02-26,钛矿深度报告：景气大势好 再启新篇章,新浪
2021-02-24,基于DDM模型的流动性传导机制：水往何处流 通向股市之路,新浪
2021-02-23,首创证券--化工行业周报：丁辛醇价格跳涨，化工景气持续复苏【行业研究】,金融界股吧
2021-02-23,中信建投：需求上升库存下降，顺周期配置铜铝,Wind
2021-02-23,中信建投：2021年化工行业仍将是供需周期带动景气复苏之年,Wind
2021-02-22,龙蟒佰利：磷酸铁锂项目已在做前期准备 生产落地尚无时间表｜公司问答,第一财经
2021-02-22,安宁股份(002978)：具有产业链定价权的钛资源龙头 开启资源整合战略,新浪
2021-02-22,化工行业周观点：需求与油价共振 节后化工品价格跳涨,新浪
2021-02-22,磷酸铁锂近期集中迎一批“新生力量”,证券时报
2021-02-22,化工龙头ETF今日开启认购,Wind
2021-02-22,钛白粉企业集中跨界新能源 “变废为宝”有望突出成本优势,证券时报
2021-02-22,钛白粉企业集中跨界新能源 市场供需两端或迎放量,证券时报
2021-02-22,钛白粉企业跑步进场 磷酸铁锂迎来资本混战,证券时报
2021-02-21,一行业突然集中跨界新能源，更有巨头百亿杀入！补贴退坡这类电池逆袭，哪些A股公司要火？,证券时报网
2021-02-21,超级优势：钛白粉企业集中跨界新能源 更有巨头百亿杀入,e公司
2021-02-20,龙蟒佰利跨界进入磷酸铁锂市场 再设电池业务子公司,集邦新能源网
2021-02-20,龙蟒佰利跨界新能源 磷酸铁锂产能大跃进,上证报
2021-02-19,化工行业：周期风云再起 大化工机遇何在？,新浪
2021-02-19,和磷酸铁锂杠上了？钛白粉龙头跨界入场 步中核钛白后尘,上海有色
2021-02-19,【2.19锂电快讯】理想汽车累计交付量突破4万辆*龙蟒佰利跨界进入磷酸铁锂市场,上海有色
2021-02-19,化工板块重挫，卫星石化、宝丰能源相继跌停,Wind
2021-02-19,龙蟒佰利拟3亿元投建孙公司，驱动绿色发展战略,资本邦
2021-02-19,出资3亿元再设电池业务子公司 龙蟒佰利跨界进入磷酸铁锂市场,财联社
2021-02-19,犀牛财经早报：微博回应赴港上市传闻大众集团旗下品牌或IPO,GPLP犀牛财经
2021-02-18,龙蟒佰利(002601.SZ)拟出资3亿元在河南沁阳设立子公司,智通财经
2021-02-18,龙蟒佰利(002601.SZ)拟使用不超12亿元闲置募集资金暂时补充流动资金,智通财经
2021-02-18,龙蟒佰利(002601.SZ)拟使用募集资金向子公司禄丰新立提供不超15亿元借款 大额借贷担保,智通财经
2021-02-18,龙蟒佰利：子公司拟出资3亿元成立河南龙佰新材料科技有限公司,格隆汇
2021-02-18,化工期货、股票涨停潮！一文读懂上涨逻辑,Wind
2021-02-16,【牛年最牛行业之：化工】今年化工有系统性机会！中信建投：细分行业龙头或持续脱颖而出,每日经济新闻
2021-02-11,龙蟒佰利(002601)：成本为王 景气向上,新浪
2021-02-10,龙蟒佰利股东累计减持555.21万股股份减持实施完毕 减持股份,全景网
2021-02-10,A股收盘综述：鼠年完美收官，三大股指均创出逾5年新高,Wind
2021-02-10,化工行业日报：原油价格持续走高 关注煤化工机会,新浪
2021-02-10,主流企业连续提价 钛白粉景气持续复苏丨牛熊眼,第一财经
2021-02-10,年内第二波涨价潮开启，钛白粉概念集体走高，中核钛白等涨停,证券时报网
2021-02-10,板块异动丨生产企业持续上调钛白粉销售价格 钛白粉板块再度拉升,智通财经
2021-02-10,【行情】钛白粉板块走强，中核钛白、金浦钛业涨停，天原股份、龙蟒佰利等跟涨,金十数据
2021-02-10,钛白粉板块冲高，中核钛白、金浦钛业相继封板,Wind
2021-02-10,化工行业周报：整体乐观 看好顺周期行业龙头,新浪
2021-02-10,钛白粉景气持续复苏 主流企业业绩高弹性,财富动力网
2021-02-10,连涨8个月！这个行业火了，龙头股1年最大涨幅超2倍,Wind
2021-02-10,钛白粉开启景气上行强周期,大众证券报
2021-02-10,化工产品全面“回春”，高景气度有望延续,Wind
2021-02-10,抱团涨价，概念股起飞（附股）,中国基金报
2021-02-09,龙蟒佰利：股东和奔流减持计划完成，减持股份数量约555万股,每日经济新闻
2021-02-09,龙蟒佰利(002601.SZ)：董事和奔流累计减持555.21万股减持计划实施完毕,格隆汇
2021-02-09,龙蟒佰利：和奔流合计减持0.2732%公司规范 减持股份,Wind
2021-02-09,抱团涨价 龙头一次涨价利润猛涨超三成 概念股起飞,证券时报
2021-02-09,2月9日晚间重要行业研究汇总(附股),中金在线
2021-02-09,行业观察|需求旺盛送来钛白粉“开门红” 业内称行情有望延续至5月,财联社
2021-02-09,产品连续涨价8个月，这一行业迎景气周期,Wind
2021-02-09,化工行业简评报告：钛白粉景气持续复苏 主流企业连续提价,新浪
2021-02-09,解盘：金融股低迷，稀土、医美、大飞机、新能源领涨,Wind
2021-02-09,【华安化工｜公司深度】龙蟒佰利系列报告之二：成本剖析,化工阿尔法
2021-02-09,钛白粉板块全线高开，金浦钛业涨停,Wind
2021-02-09,风口来了？有基金十大重仓股全买化工，开年赚20%,券商中国
2021-02-09,成本上涨 供需紧张 钛白粉开启今年第二轮涨价,上证报
2021-02-08,比特币站上44000美元，钛白粉迎新一轮涨价潮丨明日主题前瞻,第一财经
2021-02-08,钛白粉迎新一轮涨价潮，国内已连涨8个月，龙头股还会再来一波吗？,第一财经
2021-02-08,龙蟒佰利(002601)：龙蟒佰利成本剖析,华安证券
2021-02-08,化工行业动态：景气指数与油价持续上攻 回调买入时 不改景气上行,新浪
2021-02-08,华安证券给予龙蟒佰利买入评级，系列报告之二：龙蟒佰利成本剖析,每日经济新闻
2021-02-08,西南证券--化工行业周观点：化工MDI价格摆脱前期低迷，染料，化肥持续上涨【行业研究】,金融界股吧
2021-02-08,化工行业动态点评：钛白粉价格上涨 产业链具备延伸空间,新浪
2021-02-08,化工板块再度走强，华鲁恒升、荣盛石化涨7%,Wind
2021-02-08,上调钛白粉售价，龙蟒佰利股价高开，行业有望迎来强景气周期丨牛熊眼,第一财经
2021-02-08,A股异动丨龙蟒佰利(002601.SZ)领涨钛白粉概念股上调各型号钛白粉的售价,格隆汇
2021-02-08,【早报】持股过节还是持币过节？,云掌财经
2021-02-08,【盘前热点】今日重点关注“中药”“钛白粉”“水利”等热点！,云掌财经
2021-02-08,龙蟒佰利(002601)：钛白粉淡季大幅提价 看好21 年钛行业景气上行,新浪
2021-02-08,【机会挖掘】龙蟒佰利再度上调钛白粉销售价格 行业景气度有望提升,证券时报网
2021-02-08,从2020年7月底部起涨以来，国内钛白粉价格已连续8个月上涨，且涨势依然没有停滞的迹象。,证券时报
2021-02-08,龙蟒佰利再度上调钛白粉销售价格 行业供需偏紧,证券时报网
2021-02-08,钛白粉市场连涨8月 龙蟒佰利再度涨价,证券时报
2021-02-08,罕见！产品连涨8个月，龙头股暴涨近300%！还能涨吗？,中国基金报
2021-02-07,【金财富早知道】2021-02-08,赢家之星
2021-02-07,财闻点金：流动性成为机构关注焦点 预期从一致走向分化,巨丰财经
2021-02-07,罕见！这个产品已连涨8个月，龙头股一年涨近3倍！还能继续涨？分析师这样看,新浪
2021-02-07,龙蟒佰利(002601.SZ)：上调各型号钛白粉的售价,格隆汇
2021-02-07,晚间重要公告2021年2月7日星期日,Wind
2021-02-07,化工行业周报：万华加速大汽车战略布局 国瓷将发布年报 龙佰提价,华安证券
2021-02-07,龙蟒佰利：上调公司各型号钛白粉销售价格,第一财经
2021-02-07,龙蟒佰利：各型号钛白粉售价上调1000元/吨,e公司
2021-02-07,龙蟒佰利：上调主营产品价格,Wind
2021-02-07,【龙蟒佰利-钛白粉价格大幅调涨，看好一体化龙头成长】-国信证券,化工林谈
2021-02-07,龙蟒佰利（002601）重大事件快评：钛白粉价格大幅调涨，看好一体化龙头成长,国信研究
2021-02-05,龙蟒佰利：实际控制人许刚及股东谭瑞清质押约1.68亿股,每日经济新闻
2021-02-05,龙蟒佰利(002601.SZ)：两股东合计质押1.685亿股,格隆汇
2021-02-05,龙蟒佰利(002601.SZ)通过高新技术企业重新认定,格隆汇
2021-02-05,化工行业投资组合(2月份),新浪
2021-02-05,【华安化工 | 事件点评】硫酸法钛白粉新增产能对公司盈利影响几何？,化工阿尔法
2021-02-05,华安证券--龙蟒佰利：硫酸法钛白粉新增产能对公司盈利影响几何？【公司研究】,金融界股吧
2021-02-04,曾最坚定看好科技股的明星基金经理，加仓这个“冷门”行业,上证报
2021-02-04,东兴证券--化工行业之钛白粉：海外钛白粉大厂式微，国产龙头进击【行业研究】,金融界股吧
2021-02-04,基础化工行业：化工龙头集体大涨 重申看好,新浪
2021-02-04,机构抱团有新动向！这个板块今年来大涨近40%,上证报
2021-02-02,东兴证券给予龙蟒佰利强烈推荐评级，钛白粉价格持续上涨，看好公司市占率加速提升,每日经济新闻
2021-02-01,龙蟒佰利(002601.SZ)实控人许刚质押9200万股,智通财经
2021-02-01,基础化工行业周报：油价上涨 苏氨酸价格大涨 MDI挂牌价环比持稳,新浪
2021-02-01,化工新材料行业周报：化工品大范围淡季不淡 染料价格底宜重视,新浪
2021-01-31,【国金化工】2020Q4化工持仓分析：基金重仓比例继续上行，龙头重仓市值环比大幅提升 (2021-01-31),点石化金
2021-01-31,化工持仓逐季攀升，玉米深加工产业链领涨,中信建投证券研究
2021-01-29,龙蟒佰利(002601.SZ)：总裁许刚解除质押1600万股,格隆汇
2021-01-29,钛产业“高歌猛进”,中国有色
2021-01-28,石油化工行业专题报告：化工行业投资组合(1月份),新浪
2021-01-27,哪些股票基金抱团程度高？石头科技排第一,Wind
2021-01-26,化工行业板块2020Q4持仓分析：配置比例提升 增配顺周期成长龙头,新浪
2021-01-25,化工行业周观点：化纤等顺周期持续上涨 关注周期成长,新浪
2021-01-25,化工行业周报：农药板块迎来景气反转 关注细分龙头 继续推荐顺周期资产,新浪
2021-01-25,钛白粉概念异动，中核钛白、安纳达、龙蟒佰利等股拉升,Wind
2021-01-25,深度|百亿爆款基份额缩水一半，新基金加速“输血”老基金,第一财经
2021-01-25,化工行业：化工板块超额收益有望继续 看好四条主线,新浪
2021-01-25,海绵钛产业爆出两条重磅新闻,中国有色
2021-01-25,化工新材料行业周报：淡季不淡现象依然普遍 染料底部已现,新浪
2021-01-24,年初至今化工涨幅第一，氨基酸大幅上涨,中信建投证券研究
2021-01-22,钛白粉板块走强中核钛白(002145.SZ)拉升涨停,格隆汇
2021-01-18,基础化工行业周报：华鲁多产品涨价 龙蟒钛白粉超预期扩产,新浪
2021-01-18,化工行业周报：粘胶涨价有望超预期 继续看好顺周期龙头,新浪
2021-01-18,52股获券商买入评级 精工钢构目标涨幅达91.73%,Wind
2021-01-15,龙蟒佰利(002601)系列深度报告之二：钛矿供需缺口日渐突出 资源禀赋价值凸显,新浪
2021-01-14,晚间重要公告2021年1月14日星期四,Wind
2021-01-14,龙蟒佰利：公司董事拟减持股份 拟减持股份,e公司
2021-01-14,龙蟒佰利(002601.SZ)常务副总裁和奔流拟计划减持不超过555.21万股 拟减持股份,智通财经
2021-01-14,龙蟒佰利：股东计划减持不超过0.27%股份 拟减持股份,Wind
2021-01-14,出口型企业黑马频出，“双冠王”实至名归,Wind
2021-01-14,龙蟒佰利：目前公司钛白粉订单充足，生产线满负荷运行,Wind
2021-01-14,业绩硬核前瞻系列一：大周期大制造,华安证券
2021-01-13,龙头股创新高！钛白粉价格已涨30%，涨势或将继续（受益股一览）,21世纪经济报道
2021-01-12,龙蟒佰利(002601)：钛白粉价格上调 行业龙头白马地位进一步巩固,光大证券
2021-01-12,石油石化、基础化工、新材料行业北上资金流向周报,新浪
2021-01-12,解盘：百亿资金流入，钛白粉、军工、锂矿、造纸、白酒领涨,Wind
2021-01-12,钛白粉板块强势领涨，新一轮涨价潮来了，板块迎来景气大年,第一财经
2021-01-12,钛白粉板块飙升，惠云钛业、安纳达、龙蟒佰利领涨,Wind
2021-01-12,周期股的阿尔法与贝塔：全球供需两振 中国制造优势,新浪
2021-01-12,化工新材料行业周报：钛白粉价格金三银四预计会有更大涨幅,新浪
2021-01-12,石油化工＆基础化工行业2021年策略报告：后疫情时代下四大投资主线 龙头白马、周期成长、周期反转与成长突破,光大证券
2021-01-12,钛白粉行业深度：扬帆起航，再续景气,中信建投证券研究
2021-01-12,需求向好供应紧张，钛白粉掀新一轮涨价潮,Wind
2021-01-12,钛白粉淡季不淡 连涨7个月高位运行,证券时报
2021-01-11,钛白粉价格连涨7个月，淡季也停不下来！龙头股还会再来一波吗？,证券时报网
2021-01-11,化工行业周报：原油价格持续反弹 加大顺周期行业龙头配置力度,新浪
2021-01-11,化工行业：原油价格大涨 看好顺周期板块及核心资产,新浪
2021-01-11,中金：上调龙蟒佰利目标价钛白粉价格上涨将增厚盈利,格隆汇
2021-01-10,龙蟒佰利(002601)：钛白粉价格继续上涨 看好2021年钛白粉量价齐升,新浪
2021-01-10,下周操盘攻略：春季攻势或已提前,Wind
2021-01-08,0109日报/龙蟒佰利上调各型号钛白粉价格【东北基础化工】,东北基础化工
2021-01-08,晚间重要公告2021年1月8日星期五,Wind
2021-01-08,钛白粉龙头企业宣布大幅提价，行业景气持续丨牛熊眼,第一财经
2021-01-08,龙蟒佰利(002601.SZ)：各型号钛白粉国内售价上调500元/吨,智通财经
2021-01-08,龙蟒佰利：上调公司各型号钛白粉价格,e公司
2021-01-08,龙蟒佰利：上调公司各型号钛白粉价格,Wind
2021-01-07,龙蟒佰利(002601.SZ)：就竞购金川集团钛厂资产已完成产权过户手续,格隆汇
2021-01-06,晨报0106 | 集运&卤制品行业专题、奇安信（688561）、创业慧康（300451）、龙蟒佰利（002601）,国泰君安证券研究
2021-01-05,【热股】钛白粉概念拉升龙蟒佰利涨9% 供紧需旺行业景气上行,上海有色
2021-01-05,从2009年底看2020年底：没水之后：逆势而上的龙头基因,新浪
2021-01-05,2021年1月份上海证券研究所投资组合报告,新浪
2021-01-05,安信研究|晨会在线20210105,安信证券研究
2021-01-05,【化工-张汪强】需求复苏和补库共振，化工行业景气可期,安信证券研究
2021-01-04,龙蟒佰利(002601.SZ)收到政府补贴资金共计1996.54万元,智通财经
2021-01-04,龙蟒佰利(002601.SZ)：3名股东合计解除质押9700万股,格隆汇
2021-01-04,龙蟒佰利(002601.SZ)及子公司获得政府补贴1996.54万元,格隆汇
2021-01-04,化工行业周报：粘胶淡季不淡 看好化工核心资产及顺周期龙头,新浪
2020-12-31,中信建投大周期团队最新研究观点,中信建投证券研究
2020-12-29,【申港电新|周观点】宁德时代大手笔扩产迎接电动时代,新能源深度研究
2020-12-29,四川富豪着急“割韭菜”：127亿卖掉公司后，又安排女儿套现18亿,腾讯网
2020-12-29,中信建投：化工短期进入淡季，布局明年回调正是买入时,Wind
2020-12-28,晚间重要公告2020年12月28日星期一,Wind
2020-12-28,化工行业动态：化工短期进入淡季 布局明年回调正是买入时,新浪
2020-12-28,东方锆业(002167.SZ)：许刚成将成为公司实际控制人 控制人变化,智通财经
2020-12-28,东方锆业：龙蟒佰利成为公司的控股股东,Wind
2020-12-28,本周观点：与个股集萃,华安证券
2020-12-28,化工周报：农化进入补库存阶段 部分周期品淡季回落 推荐价值及成长龙头,新浪
2020-12-28,月度金股报告：1月金股配置 春季躁动配周期,新浪
2020-12-28,化工行业周报：制冷剂、粘胶继续上涨 建议加大顺周期资产配置力度,新浪
2020-12-28,国君策略：震荡之下，布局躁动方向,国泰君安
2020-12-27,国君策略：市场的调整有限，看好春季躁动的结构行情,Wind
2020-12-25,1226日报/龙蟒佰利认购东方锆业非公开发行股份已完成登记【东北基础化工】,东北基础化工
2020-12-25,龙蟒佰利(002601.SZ)认购东方锆业非公开发行股份已完成登记,智通财经
2020-12-25,东方锆业(002167.SZ)：龙蟒佰利成为公司控股股东许刚成为公司实控人 控制人变化,格隆汇
2020-12-24,“拟大比例减持+业绩堪忧股”名单来了 拟减持股份,证券时报网
2020-12-24,中信建投大周期团队最新研究观点,中信建投证券研究
2020-12-23,【研报掘金】需求复苏驱动价格盈利向好 看好化工顺周期龙头及优质成长股,证券时报网
2020-12-23,化工行业读财报系列之一：从化工龙头资本开支探寻成长性,新浪
2020-12-21,龙蟒佰利(002601.SZ)：获核准非公开发行不超2.0552亿股新股,格隆汇
2020-12-21,化工行业动态：原油、煤炭、天然气三大能源齐飙涨 夯实行业景气持续的判断,新浪
2020-12-19,生猪期货下月上市，未来猪肉价格将如何波动？ | 国君一周热门活动精选（12.13-12.19）,国泰君安证券研究
2020-12-16,龙蟒佰利(002601.SZ)股东银泰投资拟参与转融通证券出借不超过2300万股,智通财经
2020-12-16,龙蟒佰利(002601.SZ)：银泰投资拟于近期参与转融通证券出借业务,格隆汇
2020-12-15,龙蟒佰利：目前公司钛白粉订单充足其中出口订单占比近七成,格隆汇
2020-12-15,化工行业周观点：疫苗预期推动油价上行 醋酸继续强势,西南证券
2020-12-15,化工行业：涤纶长丝价差处底部 何去从？,新浪
2020-12-14,化工行业周报：醋酸、PVC价格持续上涨 继续推荐顺周期龙头标的,新浪
2020-12-14,市场火热 钛白粉掀新一轮涨价潮,中证报
2020-12-09,龙蟒佰利(002601.SZ)三季度权益分派10派1.1元 股权登记日为12月16日,格隆汇
2020-12-08,龙蟒佰利(002601.SZ)完成增资收购东方钪业并向其转让荣佳钪钒股权 资产异常,格隆汇
2020-12-08,龙蟒佰利(002601.SZ)拟为7家下属子公司提供76.5亿元融资担保 大额借贷担保,智通财经
2020-12-08,龙蟒佰利(002601.SZ)：2021年度拟向银行申请521亿元授信额度,格隆汇
2020-12-08,龙蟒佰利：出资1.7亿元设立两家全资子公司,Wind
2020-12-08,龙蟒佰利(002601.SZ)拟投资设立2个全资子公司加强原材料供给能力,格隆汇
2020-12-08,龙蟒佰利(002601)：非公开发行过会 大股东注资支持公司发展 看好钛矿和钛白粉景气上行,新浪
2020-12-08,化工行业周报：顺周期视角下 哪些化工品价格仍在底部？,新浪
2020-12-08,安宁股份主营产品供不应求 手握9.9亿现金拟并购扩张,长江商报
2020-12-08,15股获券商买入评级 中孚信息目标涨幅达44.91%,Wind
2020-12-08,上市公司正负面新闻2020年12月8日星期二,Wind
2020-12-07,晚间重要公告2020年12月7日星期一,Wind
2020-12-07,龙蟒佰利(002601.SZ)非公开发行股票申请获中国证监会发审委审核通过,智通财经
2020-12-07,龙蟒佰利(002601.SZ)：非公开发行A股申请获审核通过,格隆汇
2020-12-07,龙蟒佰利：非公开发行A股股票申请获得证监会审核通过,Wind
2020-12-07,中泰周期·大宗指南第26期：周期品周度运行变化,新浪
2020-12-07,化工2021年投资策略报告：周期强势复苏，材料战略崛起，维持“强于大市”评级,中信建投
2020-12-07,基础化工周报：钛白粉迎来新一轮涨价潮 有机硅供给缺口加大,新浪
2020-12-07,中信建投2021年化工投资策略展望：周期强势复苏 材料战略崛起,中信建投证券研究
2020-12-04,市场火热钛白粉掀新一轮涨价潮,中证报
2020-12-03,多家公司再次上调钛白粉价格,Wind
2020-12-03,多家公司上调钛白粉价格，相关概念股开盘走强丨牛熊眼,第一财经
2020-12-02,化工行业12月策略：继续看好顺周期核心资产和细分成长龙头,新浪
2020-12-01,新时代证券：11月金股组合亏损3.04% 12月荐股名单出炉 亏损,新浪
2020-12-01,钛白粉行业迎来重大利好，相关龙头股或持续受益,第一财经
2020-11-30,化工行业：周期景气仍在延续 原油、有机硅、钛白粉、醋酸继续冲高,新浪
2020-11-30,基础化工周报：万华MDI挂牌价环比不变 看好MDI景气持续,新浪
2020-11-29,化工行业动态：继续看好顺周期核心资产 关注钛白粉、有机硅涨价,新浪
2020-11-28,炭黑、有机硅，势如破竹【周观点】,化工林谈
2020-11-27,化工行业周观点：炭黑、有机硅 势如破竹,西南证券
2020-11-27,2021年基础化工行业年度投资策略：继续拥抱顺周期 布局优质赛道龙头,新浪
2020-11-24,睿财看市场：上证指数重回3400点，市场主线继续聚焦顺周期,恒泰睿财
2020-11-23,化工行业：补库存周期＋需求旺季 产品价格普涨 顺周期继续高仓位配置,新浪
2020-11-23,基础化工周报：氨纶价格持续走高 钛白粉价格坚挺,新浪
2020-11-23,化工行业周报：加大顺周期资产配置 首推化工核心资产,新浪
2020-11-22,【行业快评|国信化工】需求共振，行业迎来景气上行周期,化工之诚
2020-11-21,搅动A股的神秘材料：钛白粉再次刷屏 概念股上演暴涨行情,腾讯网
2020-11-20,火热的钛白粉：金浦钛业7连涨后，会是下一个方大炭素么？,财经无忌
2020-11-20,龙蟒佰利(002601)深度研究报告：钛白粉龙头一体化扩张 凭成本优势不惧周期,新浪
2020-11-20,化工行业周观点：周期的力量 化工产品价格加速上涨,西南证券
2020-11-19,礼包｜中信建投证券三季报解读系列之二,中信建投证券研究
2020-11-19,钛白粉价格高歌猛进 龙头股再度起飞,财富动力网
2020-11-18,晚间重要公告2020年11月18日星期三,Wind
2020-11-18,龙蟒佰利：股东豫鑫木糖减持0.6398%公司股份 减持股份,Wind
2020-11-18,龙蟒佰利(002601.SZ)：豫鑫木糖减持期届满累计减持1300.01万股 减持股份,格隆汇
2020-11-18,景气上行，量价齐升，化工行业迎高光时刻,Wind
2020-11-18,基础化工行业2021年投资策略摘要：强者恒强 材料争先,新浪
2020-11-18,解盘：百亿资金流入，保险、次新、钛白粉、工业金属领涨,Wind
2020-11-18,行业迎景气上行周期，化工板块走势活跃，金浦钛业六连板,证券时报网
2020-11-17,晚间重要公告2020年11月17日星期二,Wind
2020-11-17,龙蟒佰利(002601.SZ)20亿元中期票据获交易商协会准予注册,智通财经
2020-11-17,龙蟒佰利(002601.SZ)拟以6.06亿元向云南国钛转让禄丰国钛100%股权 资产异常,智通财经
2020-11-17,龙蟒佰利(002601.SZ)：拟整合下属子公司海绵钛业务,格隆汇
2020-11-17,龙蟒佰利(002601.SZ)：20亿元中期票据获准注册,格隆汇
2020-11-17,潍柴动力、龙蟒佰利等股股价创历史新高,证券时报网
2020-11-17,龙蟒佰利(002601.SZ)主要股东李玲拟减持不超过1.22亿股 拟减持股份,智通财经
2020-11-17,龙蟒佰利：股东李玲拟减持公司不超6%股份 拟减持股份,格隆汇
2020-11-17,龙蟒佰利(002601.SZ)：持股7.66%股东李玲拟减持不超6%股份 拟减持股份,格隆汇
2020-11-17,龙蟒佰利：持股5%以上股东计划减持不超过6%股份 拟减持股份,Wind
2020-11-17,定增市场周报：竞价募足率环比下降 定增募资额集体下调,新浪
2020-11-17,化工行业动态点评：需求共振，行业迎来景气上行周期,国信研究
2020-11-17,化工周报：周期品涨价扩散 纺服、汽车产业链复苏有望超预期,新浪
2020-11-16,沪指涨超1%，涨价题材全面崛起，白酒反包,港股那点事
2020-11-16,化工行业：疫苗加速落地 哪些子行业和上市公司弹性大？,新浪
2020-11-16,大股东包销定增愈演愈烈，千亿“补血”在路上,Wind
2020-11-16,龙蟒佰利(002601)：钛白粉有望继续涨价 在建项目稳步推进,新浪
2020-11-16,钛白粉板块再度走强 金浦钛业4连板 龙蟒佰利再创新高,格隆汇
2020-11-16,钛白粉再次提价，相关概念股大幅拉升，金浦钛业等涨停,证券时报网
2020-11-16,时代点金（1116）：鸡苗开启疯涨模式，钛白粉接连提价,时代在线
2020-11-16,钛白粉2个月提价6次 龙头企业延伸布局上游产业,证券时报
2020-11-15,这个品种太疯狂！3天大涨130% 股东却清仓式减持 减持股份,证券时报
2020-11-15,钛白粉2个月提价6次，未来涨价行情确定性高，概念股有望受益,证券时报网
2020-11-14,沪指险守3300点 白酒板块高位“熄火”,上证报
2020-11-13,龙蟒佰利(002601.SZ)遭股东李玲减持4404.37万股 减持期限届满 减持股份,智通财经
2020-11-13,龙蟒佰利(002601.SZ)：6月17日-11月6日李玲通过集中竞价减持2079.519万股 减持股份,格隆汇
2020-11-13,龙蟒佰利：股东减持2.1675%股份，减持计划期限届满 拟减持股份,Wind
2020-11-13,化工行业周观点：顺周期思维 化工产品进入全线暴涨模式,西南证券
2020-11-13,涨停复盘 | 沪指四连阴，新能源汽车卷土重来,第一财经
2020-11-13,库存偏紧厂家将择时启动新一轮涨价潮钛白粉概念股持续大涨,财华社
2020-11-13,研报“撂倒”白酒板块！这个顺周期细分品种却再度走强,上证报
2020-11-13,解盘：金融、消费拖累指数，锂钴矿、稀土永磁、军工略涨,Wind
2020-11-13,钛白粉新一轮涨价潮又将启动，两主线围猎优质龙头股,第一财经
2020-11-13,A股早报2020年11月13日星期五,Wind
2020-11-13,龙蟒佰利：国内报价每吨上涨800元/吨,Wind
2020-11-13,龙蟒佰利：股东豫鑫木糖已累计减持1000万股 减持股份,中国经济网
2020-11-12,龙蟒佰利：豫鑫木糖合计减持0.4921%公司股份 减持股份,Wind
2020-11-12,龙蟒佰利(002601.SZ)：豫鑫木糖减持数量已过半累计减持1000.01万股 减持股份,格隆汇
2020-11-12,各大钛白粉厂家表示将择时再度涨价，超千万大单资金提前买入这6股,第一财经
2020-11-12,各大钛白粉厂家表示将择时再度涨价，超千万大单资金净流入这6股,第一财经
2020-11-12,各大钛白粉厂家满产满销，表示将择时再度涨价,Wind
2020-11-12,钛白粉板块走强 金浦钛业涨停 龙蟒佰利再创新高,格隆汇
2020-11-11,A股收盘综述：创业板指跌逾3%，创两个月最大跌幅,Wind
2020-11-11,龙蟒佰利(002601)：非公开发行方案调整 钛白粉价格持续上涨,新浪
2020-11-11,化工行业：Q3内外需驱动景气回升明显 产品涨价与业绩回升共舞,新浪
2020-11-11,A股午盘综述：上证指数午盘涨0.09%，创业板指跌逾2%,Wind
2020-11-11,钛白粉板块异动拉升，惠云钛业涨15%,Wind
2020-11-11,基础化工行业-海外需求复苏 库存回补 叠加油价上行 全面看多化工,新浪
2020-11-11,23股获券商买入评级，兔宝宝目标涨幅达114.03%,Wind
2020-11-10,龙蟒佰利(002601)：Q3业绩环比大增 坚定看好钛白粉景气回升和公司全产业链布局,新浪
2020-11-10,化工行业周报：抓住这波被动去库+价差提升的机会,新浪
2020-11-09,龙蟒佰利调整定增方案 募资总额约减半,e公司
2020-11-09,龙蟒佰利：公司终止引进战略投资者并签署解除战略合作协议 经营问题,Wind
2020-11-09,基础化工行业周报：油价上涨 环氧树脂、顺酐 己二酸、有机硅DMC、双酚A等产品价格上涨,新浪
2020-11-09,【新时代化工 程磊团队】龙蟒佰利：氯化法钛白放量收入增长，行业周期波动影响利润表现,新时代证券研究
2020-11-08,【太平洋化工柳强团队】2021年投资策略：行业复苏，三条主线掘金大化工行业投资,强大化工
2020-11-07,化工-2020Q3公募基金化工重仓股分析：化工持仓环比继续上升 白马龙头持股占比进一步提升,新浪
2020-11-06,龙蟒佰利(002601.SZ)终止引进战投并签署解除战略合作协议 经营问题,格隆汇
2020-11-04,化工：出口继续向好 看好纺织化纤、聚氨酯、钛白粉产业链,新浪
2020-11-04,【东兴化工】龙蟒佰利及钛白粉行业深度报告合辑,东兴化工产业洞见
2020-11-03,【财报总结|国信化工】基础化工行业2020Q3季报总结：行业景气恢复，化工板块三季度盈利大幅增长,化工之诚
2020-11-02,龙蟒佰利(002601)：3Q业绩基本符合预期 看好钛白粉继续涨价,新浪
2020-11-02,东兴证券：10月金股组合盈利5.46% 11月荐股名单出炉,新浪
2020-11-02,龙蟒佰利(002601)：Q3符合预期 需求回暖后续业绩有望修复,新浪
2020-11-02,【财报点评|国信化工】龙蟒佰利(002601)：产能释放行业回暖，Q3环比上行,化工之诚
2020-11-02,钛白粉行业研究跟踪框架之四：从钛原料涨价理解本轮钛白粉行情,新浪
2020-11-01,【太平洋化工】龙蟒佰利2020三季报点评：Q3以量补价业绩修复，Q4有望量价齐升业绩快速增长,强大化工
2020-11-01,龙蟒佰利(002601.SZ)三季度利润分配预案：拟每10股派1.1元,格隆汇
2020-10-31,【方正化工】龙蟒佰利2020三季报点评： 业绩环比大幅改善，一体化龙头成长空间大,靠谱化工股
2020-10-30,龙蟒佰利(002601.SZ)拟续聘立信会计师事务所为2020年度财务报表和内控审计机构,智通财经
2020-10-30,龙蟒佰利(002601.SZ)第三季度净利润降17.52%至6.57亿元 盈利能力下降,格隆汇
2020-10-30,龙蟒佰利：前三季度净利润同比减少5.62% 盈利能力下降,Wind
2020-10-30,2020年中国钛白粉行业市场现状及发展趋势分析 龙头企业延伸布局平抑供应端影响,前瞻研究院
2020-10-30,化工行业专题报告：化工迎来新一轮进攻,新浪
2020-10-30,产品供不应求钛白粉企业月内两度涨价,中证报
2020-10-29,【研报掘金】化工行业需求向好有望延至明年上半年 推荐细分行业龙头和高成长标的,证券时报网
2020-10-29,盘前有料丨蚂蚁集团今日申购；“十四五”大力推进绿色低碳经济…重要消息还有这些,证券时报网
2020-10-28,基础化工行业投资周报：纺织服装行业景气度回升 关注氨纶板块投资机会,新浪
2020-10-26,化工周报：DMF、MDI大幅上涨 化工品需求整体向好 继续推荐白马及周期龙头,新浪
2020-10-26,基础化工行业周报：油价下跌 双氧水、纯MDI、硝酸铵、丁苯橡胶、PS等产品价格上涨,新浪
2020-10-26,化工品再迎涨价潮，机构布局业绩可持续公司,Wind
2020-10-24,钛精矿价格创三年新高，钛白粉企业向上游挺进,Wind
2020-10-24,钛精矿价格创三年新高 钛白粉企业向上游挺进,证券时报
2020-10-21,龙蟒佰利(002601.SZ)：东方锆业不超8500万股定增计划获批,格隆汇
2020-10-21,转债3天大涨130%，股东却清仓式减持！钛白粉2个月提价6次，未来机会如何？（附股）,证券时报网
2020-10-20,化工行业周报：MDI大幅上涨 化纤景气复苏 持续推荐白马及周期龙头,新浪
2020-10-18,化工行业周报：海外订单回流带动纺织行业景气回升 继续推荐细分行业龙头和高成长标的,新浪
2020-10-16,龙蟒佰利(002601.SZ)收到政府补贴资金480.2万元,智通财经
2020-10-16,龙蟒佰利(002601.SZ)：禄丰新立拟对其全资子公司禄丰国钛增资6亿元,格隆汇
2020-10-16,龙蟒佰利(002601.SZ)近期获480.2万元政府补贴,格隆汇
2020-10-16,A股共发生67宗大宗交易成交9.97亿元（10月16日）,Wind
2020-10-16,"龙蟒佰利现2笔大宗交易 共成交3,029.38万元",新浪
2020-10-16,龙蟒佰利今日大宗交易成交113.63万股，成交价26.66元折价3.05%,Wind
2020-10-15,"龙蟒佰利现3笔大宗交易 共成交5,305.34万元",新浪
2020-10-15,中信建投大周期团队最新研究观点,中信建投证券研究
2020-10-14,化工行业：需求回暖带动化工品价格反弹 3Q20行业盈利有望环比改善,新浪
2020-10-14,基础化工行业2020年四季度投资策略：紧拥优质周期成长龙头,新浪
2020-10-14,【东兴化工】龙蟒佰利及钛白粉行业深度报告合辑,东兴化工产业洞见
2020-10-13,有货就是王道！钛白粉景气周期重临，行业寡头龙蟒佰利创上市新高,21世纪经济报道
2020-10-13,钛白粉“涨价潮”背后，产业链再获三大利好支撑,Wind
2020-10-13,钛白粉板块异动,Wind
2020-10-13,钛白粉行业研究跟踪框架之三：从海外钛白公司的没落看国产龙头的进击,新浪
2020-10-12,【华安化工|三季报点评】龙蟒佰利：三季度环比大幅改善，多项目巩固优势地位,化工阿尔法
2020-10-12,化工周报：MDI价格上涨 国内外需求恢复良好 持续关注周期成长股,新浪
2020-10-12,基础化工2020Q3业绩前瞻：国内外需求持续恢复 油价中枢环比反弹 Q3化工行业盈利底部反转,新浪
2020-10-12,宝钛股份(600456)：海绵钛顺周期涨价 有望增厚盈利,广发证券
2020-10-12,【兴证化工】周观点：MDI价格涨势延续，玻纤、粘胶短纤、涤纶长丝价格走高，尿素、乙二醇等煤化工产品涨价（10月12日）,兴证化工
2020-10-12,A股早报2020年10月12日星期一,Wind
2020-10-12,上市公司正负面新闻2020年10月12日星期一,Wind
2020-10-11,【公告速递】龙蟒佰利与金浦钛业上调钛白粉售价；一批公司前三季度业绩大幅预增,中国证券网
2020-10-11,【提前看】11日公告精选：上调800元/吨，龙蟒佰利钛白粉再涨价；中顺洁柔前三季净利预增逾50%,证券时报网
2020-10-11,晚间重要公告2020年10月11日星期日,Wind
2020-10-11,龙蟒佰利(002601.SZ)上调主营产品钛白粉价格,智通财经
2020-10-11,龙蟒佰利：上调各型号钛白粉销售价格,Wind
2020-10-11,化工周报：MDI产业链继续领涨市场 龙蟒佰利上调钛白粉价格,新浪
2020-10-11,化工行业研究：化工品价格景气上行 关注细分行业龙头 继续推荐高成长标的,新浪
2020-10-09,月度金股报告：10月金股配置 增配金融、周期,新浪
2020-10-09,2020年10月份上海证券研究所投资组合报告,新浪
2020-10-09,东兴证券：9月金股组合亏损7.11% 10月荐股名单出炉 亏损,新浪
2020-10-09,【东北化工陈俊杰】龙蟒佰利（002601）事件点评：不断加强上下游延伸，发展副废综合利用,东北证券研究所
2020-10-08,2020三季度化工经营前瞻：曙光已出现 聚氨酯链抢眼,新浪
2020-09-30,龙蟒佰利(002601)：资源优势不断深化 海绵钛布局进入加速期,新浪
2020-09-30,【东北基础化工】日报/龙蟒佰利拟投资建设年产3万吨转子级海绵钛项目20200929,东北基础化工
2020-09-30,32股获券商买入评级，富满电子目标涨幅达97.77%,Wind
2020-09-30,龙蟒佰利：加大稀土金属产业布局 合力整合钒钛铁矿市场,财富动力网
2020-09-29,龙蟒佰利(002601)：加大产业整合力度 全面扩展钛、铁、钪业务布局,新浪
2020-09-29,全球巨头官宣涨价！一年数次提价，此化工品供应紧张，新一轮涨价潮刚启动，概念股有这些（附名单）,证券时报网
2020-09-29,龙蟒佰利(002601)：海绵钛项目获批 产业链一体化战略进一步推进,华安证券
2020-09-29,龙蟒佰利(002601)：不断加强上下游延伸 发展副废综合利用,新浪
2020-09-29,国泰君安证券：涪陵榨菜,国泰君安证券研究
2020-09-29,化工行业周报：Q3化工板块有望迎来业绩反转 持续关注周期成长股,新浪
2020-09-28,龙蟒佰利(002601.SZ)与东方锆业核心管理团队成员冯立明、黄超华、谭若闻解除一致行动协议,格隆汇
2020-09-28,龙蟒佰利(002601.SZ)：拟增资收购东方钪业并向其转让荣佳钪钒股权 资产异常,格隆汇
2020-09-28,龙蟒佰利(002601.SZ)拟与攀国投、钢城集团等公司成立合资公司,格隆汇
2020-09-28,龙蟒佰利(002601.SZ)：拟开展外汇套期保值业务,格隆汇
2020-09-28,龙蟒佰利(002601.SZ)拟与百奥恒成立合资公司持股40%,格隆汇
2020-09-28,龙蟒佰利(002601.SZ)：子公司拟投建年产3万吨转子级海绵钛智能制造技改项目,格隆汇
2020-09-28,龙蟒佰利：子公司拟18.56亿元投建海绵钛技改项目,Wind
2020-09-28,化工行业周报：调整不改中长期方向 继续看好化工高成长公司,新浪
2020-09-28,化工行业周报：可选消费品中 缘何纺服原料化纤旺季未旺？,新浪
2020-09-27,基础化工周报：政策加码助推半导体材料发展 万华上调MDI挂牌价,光大证券
2020-09-27,基础化工：油价下跌 液氯、环氧丙烷、碳酸二甲酯DMC、三聚氰胺、纯MDI等产品价格上涨,新浪
2020-09-27,【兴证化工】周观点：万华化学继续上调10月MDI挂牌价，PO及下游聚醚、DMC延续涨势，钛精矿、DMF涨价（9月28日）,兴证化工
2020-09-27,大宗行业2020年10月金股推荐,新浪
2020-09-27,龙蟒佰利(002601.SZ)：参股子公司东方锆业定增申请获证监会审核通过,格隆汇
2020-09-23,化工行业：PO-聚醚、DMC价格齐创新高 新增推荐瑞联新材,新浪
2020-09-22,化工行业周报：油价受飓风影响反弹 继续关注低估值顺周期龙头,新浪
2020-09-22,化工周报：聚醚、MDI价格上涨 化工品需求旺季 持续推荐周期成长龙头,新浪
2020-09-21,基础化工行业2020年半年报总结：聚氨酯、钛白粉、化肥等板块至暗时刻或已过去 农药、精细化工逆势增长,新浪
2020-09-21,化工行业周报：紧抓轮胎行业投资机会；MDI、氨纶基本面持续回暖,新浪
2020-09-19,化工行业：当前仍处景气底部 未来复苏弹性大,财富动力网
2020-09-18,钛白粉行业研究跟踪框架之一：当前仍处景气底部 未来复苏弹性大 持续推荐龙蟒佰利,新浪
2020-09-17,化工深度报告：相比MDI 钛白粉是否好赛道？,新浪
2020-09-16,基础化工行业2020H财报总结：Q2恢复增长趋势 上半年业绩触底反弹,新浪
2020-09-16,策略流动性专题：成交维持相对低位 周期性行业较为抗跌,新浪
2020-09-16,基础化工行业2020年中报业绩综述：疫情冲击下展现强韧性 看好行业景气回暖,新浪
2020-09-15,龙蟒佰利(002601.SZ)：谭瑞清及其一致行动人减持期届满 累计减持1509.99万股 减持股份,格隆汇
2020-09-15,龙蟒佰利：公司董事谭瑞清累计减持0.74%股份 减持股份,Wind
2020-09-15,龙蟒佰利：朱全芳辞去公司技术工程总监职务 董监高成员变化,Wind
2020-09-14,安纳达两月内三次上调主营产品价格 龙头集体提价钛白粉行业迎旺季,长江商报
2020-09-10,化工行业点评报告：钛白粉行业触底回升 维持重点推荐龙蟒佰利和中核钛白,新浪
2020-09-09,龙蟒佰利(002601.SZ)：副董事长谭瑞清及其一致行动人合计减持1.01%股份 减持股份,格隆汇
2020-09-09,龙蟒佰利：股东谭瑞清及一致行动人累计减持比例达1.01% 减持股份,Wind
2020-09-09,三家巨头同时涨价，钛白粉行业需求恢复，概念股或迎“金秋”丨牛熊眼,第一财经
2020-09-09,10余家钛白粉企业发布涨价通知,上证报
2020-09-09,钛白粉掀涨价潮后市仍看涨,中证报
2020-09-08,三家巨头同时涨价！行业触底反弹，钛白粉指数涨近17%，概念股有8只,证券时报网
2020-09-08,"龙蟒佰利现1笔大宗交易 共成交19,816.86万元",新浪
2020-09-08,龙蟒佰利今日大宗交易成交813.50万股，成交价24.36元溢价1.0%,Wind
2020-09-08,【太平洋化工深度】龙蟒佰利：三维度对比思考，优质赛道上的加速赶超者,强大化工
2020-09-08,化工行业周报：油价开启下跌 关注低估值顺周期及近消费端龙头,新浪
2020-09-08,北向资金动向盘点：集中减仓TMT、大消费,Wind
2020-09-07,多家钛白粉公司上调产品售价，概念股反弹机会来了？丨牛熊眼,第一财经
2020-09-07,多家企业上调售价 钛白粉酝酿“金九银十”行情,e公司
2020-09-07,化工周报：旺季来临 纯碱大幅上涨 TDI不可抗力,新浪
2020-09-07,金工策略周报：预测下周呈现一定反抽 力度仍需观察,新浪
2020-09-07,化工行业周报：看好优质赛道成长标的 关注维生素及周期白马龙头,新浪
2020-09-07,龙蟒佰利各型号钛白粉国内上调500元人民币/吨，国际上调100美元/吨,资本邦
2020-09-07,龙蟒佰利主营产品价格调整,上证报
2020-09-07,龙蟒佰利(002601.SZ)上调国内钛白粉价格500元/吨,格隆汇
2020-09-07,早间公告：龙蟒佰利上调钛白粉销售价格；四维图新成立合资公司通过反垄断审查,e公司
2020-09-07,龙蟒佰利：自即日起公司各型号钛白粉销售价格对国内客户上调500元人民币/吨,格隆汇
2020-09-02,基础化工行业2020年上半年业绩综述：后疫情时代 关注需求复苏带来的投资机会,新浪
2020-09-01,龙蟒佰利（002601.SZ）：全产业链布局完善，开启扩张周期,YY港股圈
2020-09-01,年产超百万吨 龙蟒佰利钛白粉产量亚洲第一,慧聪网
2020-08-31,基础化工行业周报：油价上涨 聚合MDI、液氯、PVC糊树脂、纯碱、DMF等产品价格上升,新浪
2020-08-29,私募大佬持仓曝光！地产、科技、消费股各有所爱,Wind
2020-08-28,邓晓峰、王亚伟等私募大佬们最新A股持仓来了！,中国基金报
2020-08-27,【东吴基础化工】龙蟒佰利点评：竞购金川钛厂资产，一体化铸就长远未来,东吴石化化工
2020-08-25,化工周报：MDI、醋酸、DMF等供需格局好的产品持续上涨 坚定看好化工Q3复苏,新浪
2020-08-24,化工行业动态报告：纯碱、草甘膦再提价 DMF创历史新高,新浪
2020-08-23,龙蟒佰利(002601)系列报告之二：从追赶到超越 全球视角三个维度剖析龙蟒佰利的后发先至,新浪
2020-08-23,基础化工行业周报：核心布油价格下跌 丙酮、维生素、TDI、纯MDI、ABS等产品价格上涨,新浪
2020-08-21,东方锆业定增方案大调整，终于有了实控人，但同业竞争怎么解决？,云掌财经
2020-08-21,8月21日沪深两市最新交易提示,金融界
2020-08-20,注意！龙蟒佰利：减持计划时间已过半 股东豫鑫木糖累计减持622万股 减持股份,每日经济新闻
2020-08-20,龙蟒佰利(002601.SZ)：拟引入金川集团对甘肃国钛增资3亿元,格隆汇
2020-08-20,龙蟒佰利(002601.SZ)：定增申请获中证监受理,格隆汇
2020-08-20,龙蟒佰利：公司股东豫鑫木糖累计减持0.31%股份 减持股份,Wind
2020-08-20,"龙蟒佰利现1笔大宗交易 共成交11,040.00万元",新浪
2020-08-20,严监管冶乱象：年内42家被立案调查,Wind
2020-08-20,A股早报2020年8月20日星期四,Wind
2020-08-19,龙蟒佰利(002601.SZ)：减持期过半豫鑫木糖已减持622万股 减持股份,格隆汇
2020-08-19,A股共发生119宗大宗交易成交27.99亿元（8月19日）,Wind
2020-08-19,A股异动 | 东方锆业(002167.SZ)涨停 龙蟒佰利将成公司控股股东,格隆汇
2020-08-19,A股早报2020年8月19日星期三,Wind
2020-08-19,股海导航 8月19日沪深股市公告提示,新浪
2020-08-19,19日公司新闻聚焦：三花智控成恒大汽车供应商 东方锆业迎来新主龙蟒佰利,证券时报网
2020-08-19,东方锆业调整定增迎来新主龙蟒佰利,证券时报
2020-08-19,百亿级私募买什么股票 高毅利伟瞄中化工行业,南方财经网
2020-08-18,8月19日上市公司重要公告集锦：天赐材料上半年净利同比增长516.88%,证券日报
2020-08-18,公告精选：中国人寿澄清合并传闻 隆基股份签订近95亿元采购合同,证券时报
2020-08-18,晚间重要公告2020年8月18日星期二,Wind
2020-08-18,东方锆业：龙蟒佰利将成为公司控股股东 控制人变化,Wind
2020-08-18,东方锆业：非公开发行对象调整 龙蟒佰利将成为公司控股股东 控制人变化,e公司
2020-08-18,东方锆业：龙蟒佰利拟全额认购公司定增股份实控人将变更为许刚 控制人变化,格隆汇
2020-08-18,东方锆业(002167.SZ)：龙蟒佰利将成为公司控股股东许刚将成为公司实控人 控制人变化,格隆汇
2020-08-18,暗藏机会！淡水泉、高毅、盘京都盯上这一赛道,上证报
2020-08-18,二季度高毅资产成持有市值最高的阳光私募，但斌领衔的东方港湾“边喝酒边拿药”,Wind
2020-08-17,A股早报2020年8月17日星期一,Wind
2020-08-14,【每日金属资讯】北矿科技上半年净利降13.61%，龙蟒佰利全额认购东方锆业定增,有色钢铁杨坤河
2020-08-14,龙蟒佰利(002601.SZ)：减持期过半 李玲减持2934.26万股 减持股份,格隆汇
2020-08-14,东方锆业：调整定增方案 龙蟒佰利全额认购,e公司
2020-08-14,注意！龙蟒佰利：减持计划时间过半 股东李玲累计减持2934万股 减持股份,每日经济新闻
2020-08-14,龙蟒佰利：李玲累计减持1.44%股份，减持时间过半 减持股份,Wind
2020-08-14,头部私募持股曝光！7家机构独门股是同一板块,中证报
2020-08-14,淡水泉、高毅等百亿级私募持股曝光,Wind
2020-08-13,业绩连续三年亏损 东方锆业颓势难改或将“带帽” 亏损,投资者网
2020-08-12,私募最新持股曝光：增持24股，押中疫苗涨幅王,Wind
2020-08-12,王亚伟等大佬最新持股曝光，9私募持股超47亿,中国基金报
2020-08-12,9家百亿私募持股超47亿：赵军、冯柳、邓晓峰、王亚伟、林利军等大佬最新持股曝光,中国基金报
2020-08-11,化工行业周报：油价小幅震荡 继续关注基建材料及近消费端细分领域,新浪
2020-08-11,重仓股曝光，中长线资金运作路线图浮现,中证报
2020-08-10,化工周报：化工景气指数提升 涨价+成长增量题材领涨,新浪
2020-08-10,化工行业周报：关注轮胎行业正在进行的两大变化,新浪
2020-08-09,化工行业研究：看好化工高成长公司迎来戴维斯双击 关注维生素独立行情,新浪
2020-08-07,三特性助上市公司锁价定增成功闯关,上证报
2020-08-05,【读财报】龙蟒佰利半年报：成本费用拖累利润增长 行业景气度或将回暖,面包财经
2020-08-05,龙蟒佰利半年报：成本费用拖累利润增长 行业景气度或将回暖,面包财经
2020-08-04,高瓴、高毅、淡水泉等最新重仓了谁？半年报揭秘知名机构持仓动向,红周刊
2020-08-04,龙蟒佰利上半年营收63.25亿元，钛白粉业务收入下降5.05% 盈利能力下降,生意社
2020-08-04,龙蟒佰利(002601)上半年业绩微增 新增产能阻力全年业绩增长,新浪
2020-08-04,[互动]龙蟒佰利：云南新立盈利能力和经营活动现金流将逐渐向好,全景网
2020-08-04,半年报揭秘机构动向！社保基金、QFII、私募加仓这些股票,中证报
2020-08-04,A股早报2020年8月4日星期二,Wind
2020-08-04,【东北化工陈俊杰】龙蟒佰利（002601）中报点评：疫情影响二季度业绩，三季度有望回暖,东北证券研究所
2020-08-04,龙蟒佰利中报低于预期股价大跌 知名私募基金现身前十大股东,大众证券报
2020-08-04,5家百亿元级私募二季度重仓股现身，布局15只个股持有市值逾20亿元,Wind
2020-08-03,龙蟒佰利(002601)：疫情影响二季度业绩 下半年预计改善,新浪
2020-08-03,龙蟒佰利盘中一度跌停 四机构合计抛售3.93亿元 股票卖空,第一财经
2020-08-03,龙虎榜揭秘：3股获机构亿元净买入,证券时报网
2020-08-03,56股今日获机构买入评级15股上涨空间超20%,证券时报网
2020-08-03,龙蟒佰利放量跌逾5% 四机构卖出3.93亿元,e公司
2020-08-03,龙蟒佰利龙虎榜数据（8月3日）,Wind
2020-08-03,龙蟒佰利(002601)中期业绩点评：单季业绩低于预期 行业景气有望回暖 看好全年表现,新浪
2020-08-03,龙蟒佰利(002601)2020年中报点评：料下半年钛白行业回暖 公司进入发展新阶段,新浪
2020-08-03,A股异动|龙蟒佰利(002601.SZ)逼近跌停二季度归母净利润同比下滑39% 盈利能力下降,格隆汇
2020-08-03,龙蟒佰利2020年上半年营业收入63.25亿元，同比增长17.98%,资本邦
2020-08-03,化工行业周报：内外资重仓演变 投资理念有何变化？,新浪
2020-08-03,化工行业周报：MDI及TDI大涨；继续推荐成长型周期白马股,新浪
2020-08-02,【太平洋化工】龙蟒佰利：二季度低于预期，是危机还是机会？,强大化工
2020-08-02,百亿级私募持仓曝光！冯柳、邓晓峰、林利军买了这些票,上证报
2020-08-02,百亿级私募持仓曝光 冯柳、邓晓峰、林利军买了这些票（名单）,上证报
2020-08-02,首批私募巨头持仓曝光！高毅、正心谷、礼仁、盘京、明汯买了这些股票(名单),中国基金报
2020-08-02,首批私募巨头持仓曝光！高毅、正心谷、礼仁、盘京、明汯买了这些股票（名单）,中国基金报
2020-08-01,【方正化工】龙蟒佰利中报点评：氯化法产品放量 三个维度发力带动成长,靠谱化工股
2020-08-01,龙蟒佰利腾挪锆资产 13亿接下“烫手山芋”？,中国经营报
2020-07-31,龙蟒佰利：上半年净利润同比增长1.84%,Wind
2020-07-31,龙蟒佰利(002601.SZ)：上半年净利升1.84%至12.93亿元,格隆汇
2020-07-30,2020年8月份上海证券研究所投资组合报告,新浪
2020-07-29,龙蟒佰利7月29日大宗交易成交1.07亿元,证券时报网
2020-07-29,"龙蟒佰利现1笔大宗交易 共成交10,740.00万元",新浪
2020-07-29,新锐|内生外延双管齐下，龙蟒佰利欲打造钛全产业链平台,Ofweek
2020-07-28,基础化工：油价上涨 丁二烯、MDI-50、R125、环氧树脂、软泡聚醚等产品价格上涨,新浪
2020-07-28,透视7月以来“悄然”上涨的化工行业,Wind
2020-07-28,基础化工行业研究：2020年2季度基金配置比例回暖 但仍处低点,国金证券股份有限公司
2020-07-28,龙蟒佰利：竞购金川集团钛资产 成立禄丰国钛,南方财经网
2020-07-27,中证指数公司：8月6日发布中证兴业证券ESG盈利100指数,Wind
2020-07-27,化工行业周报：做时间的朋友 如何看待化工行业“龙头的进阶”？,新浪
2020-07-27,化工行业周报：重视复利的力量 重视成长型的白马股,新浪
2020-07-25,棕榈油王者归来，糊树脂继续上涨【西南化工周观点】,化工林谈
2020-07-24,化工行业周观点：棕榈油王者归来 糊树脂继续上涨,西南证券
2020-07-24,基础化工行业基建地产材料产业梳理：基建地产风来了 哪些化工品受益？,新浪
2020-07-24,快讯：龙蟒佰利跌停报于22.43元,金融界
2020-07-24,化工行业：当前时点化工品中观景气数据表现如何？,广发证券
2020-07-23,化工点评报告：2020Q2基金持仓化工比例回升 内外资集中增持细分龙头,新浪
2020-07-23,基础化工行业周报：PPI从环比转正趋向同比转正 加配化工正当时,光大证券
2020-07-23,化工行业点评报告：化工的行情走到哪了？,新浪
2020-07-22,龙蟒佰利：拟竞购金川集团钛厂资产,格隆汇
2020-07-22,龙蟒佰利(002601.SZ)：子公司拟斥100万元成立禄丰国钛,格隆汇
2020-07-21,龙蟒佰利(002601.SZ)：拟与银行、经销商及客户签订金融网络服务协议,格隆汇
2020-07-21,"龙蟒佰利现1笔大宗交易 共成交1,180.19万元",新浪
2020-07-21,化工行业周观点：国际原油价格持续疲软 氢能标准逐步落地,新浪
2020-07-20,化工行业：重庆巴斯夫MDI装置因故停车 钛白粉厂商发函跟进涨价 TDI、海外尿素、钛精矿价格走高,新浪
2020-07-20,化工行业周报：油价稳定 关注周期龙头、基建材料及近消费端细分领域,新浪
2020-07-20,化工周报：至暗时刻已过 需求陆续复苏 强推具备阿尔法龙头标的,新浪
2020-07-20,化工行业周报：当前化工板块中还有哪些价值洼地？,新浪
2020-07-20,乘风破浪 钛白粉涨价正当时（7.13-7.17）,生意社
2020-07-17,化工行业周观点：糊树脂、DMC价格上涨 关注化工龙头投资价值,西南证券
2020-07-17,龙蟒佰利股价又创新高，今日涨6.74%,证券时报网
2020-07-15,龙蟒佰利：持股5%以上股东李玲减持公司股份超过1% 减持股份,每日经济新闻
2020-07-15,龙蟒佰利：股东李玲累计减持比例达1.2% 减持股份,Wind
2020-07-15,龙蟒佰利(002601.SZ)：5%以上股东李玲减持1.2%股份 减持股份,格隆汇
2020-07-15,【产业梳理|国信化工】基建地产风来了，哪些化工品受益？,化工之诚
2020-07-14,A股共发生65宗大宗交易成交18.69亿元（7月14日）,Wind
2020-07-14,"龙蟒佰利现1笔大宗交易 共成交11,627.00万元",新浪
2020-07-13,再迎一波涨价潮，多家上市公司上调钛白粉产品价格,Wind
2020-07-13,化工行业周报：洪湖一泰中间体停产 草铵膦价格上行 经营问题,新浪
2020-07-12,【豫财经】A股再迎减持潮！河南12家上市公司减持16亿元 减持股份,新华网
2020-07-12,钛白粉龙头龙蟒佰利宣布提价 行业供需持续改善,e公司
2020-07-12,国泰君安总量团队联合解读牛市从何而来 | 国君周知,国泰君安证券研究
2020-07-12,7天减持超350亿！牛市情绪下减持潮汹涌,Wind
2020-07-11,龙蟒佰利(002601)：钛白粉价格上调 攀西开发巩固优势,新浪
2020-07-11,上市公司正负面新闻2020年7月11日星期六,Wind
2020-07-10,【东北基础化工】日报/龙蟒佰利：各硫酸法型号钛白粉销售价上调500元/吨20200711,东北基础化工
2020-07-10,龙蟒佰利(002601.SZ)：各硫酸法型号钛白粉销售价上调500元/吨,格隆汇
2020-07-09,龙蟒佰利子公司冶炼车间发生铁水外溢事故 安全事故,中国网
2020-07-08,龙蟒佰利拟5年投资140亿 构建氯化法全产业链推进产品升级,长江商报
2020-07-08,【东北化工陈俊杰】龙蟒佰利（002601）事件点评：合作提升钛矿自给率，氯化法优势加强,东北证券研究所
2020-07-08,53股获券商买入评级 中国中铁目标涨幅达73.96%,Wind
2020-07-08,【太平洋化工】龙蟒佰利：继续加大攀西投入，夯实全球钛白粉巨头基石,强大化工
2020-07-07,能源行业日报：天津接收站累计接卸200船LNG,新浪
2020-07-07,龙蟒佰利(002601)动态点评：加强攀西地区资源开发 产业布局再上新台阶,新浪
2020-07-07,上调评级至买入策略选股（7月7日）,Wind
2020-07-07,龙蟒佰利签署战略合作框架协议 牵手攀枝花市政府巩固全产业链优势,和讯
2020-07-06,龙蟒佰利推进钒钛磁铁矿资源利用 计划分期投资140亿元,e公司
2020-07-06,龙蟒佰利：推进钒钛磁铁矿资源利用，计划分期投资140亿元,Wind
2020-07-06,龙蟒佰利(002601.SZ)：股东豫鑫木糖解除质押793.94万股,格隆汇
2020-07-06,龙蟒佰利(002601.SZ)：与攀枝花市政府签署钒钛磁铁矿资源综合开发深加工战略合作框架协议,格隆汇
2020-07-06,化工行业周报：6月PMI数据公布 万华化学公布7月MDI挂牌价 钛白粉厂商发涨价函 PVC糊树脂、醋酸、双氧水涨价,新浪
2020-07-06,基础化工行业周报：关注低估值及较高成长性的二线蓝筹,光大证券
2020-07-04,【西南化工周观点】PVC糊树脂大幅上涨，VD3新国标行业影响深远,化工林谈
2020-07-03,龙蟒佰利(002601.SZ)：李玲持股比例降至8.9%,格隆汇
2020-07-03,龙蟒佰利：重要股东6月累计减持逾1500万股，金额超2.7亿 减持股份,面包财经
2020-07-02,基础化工2020年中期投资策略：沉舟侧畔 黎明初现,新浪
2020-07-01,2020年7月份上海证券研究所投资组合报告,新浪
2020-06-30,龙蟒佰利：第一期员工持股计划股份出售完毕 减持股份,Wind
2020-06-30,龙蟒佰利(002601.SZ)：第一期员工持股计划股份出售完毕,格隆汇
2020-06-30,龙蟒佰利(002601.SZ)：和奔流累计减持740.29万股减持计划已实施完毕 拟减持股份,格隆汇
2020-06-30,龙蟒佰利：股东和奔流减持计划完成，减持股份数量约740万股 减持股份,Wind
2020-06-29,化工周报：印度蝗灾卷土重来 看好杀虫剂、农药板块,新浪
2020-06-29,龙蟒佰利(002601)：钛白粉需求有望逐步好转 产能扩增助力增长,新浪
2020-06-23,化工行业专题研究：翻多 向2年的景气下行告别,新浪
2020-06-22,化工行业2020年中期策略报告：静待需求起、拥抱“阿尔法”,新浪
2020-06-22,化工周报：国瓷定增引入高瓴 饲料禁抗令7月实施,新浪
2020-06-22,化工2H20投资策略：把握价格反弹与需求趋势增长的确定性,新浪
2020-06-22,化工行业周报：看好民营加油站龙头崛起 继续推荐新材料及精细化工细分龙头,新浪
2020-06-19,龙蟒佰利：实控人许刚等质押了部分股权,每日经济新闻
2020-06-19,鲁北化工“腾挪术”：14亿资产重组“左手倒右手”,中国经营网
2020-06-19,龙蟒佰利(002601.SZ)：银泰投资解质2600万股及质押300万股 许刚及谭瑞清质押7500万股,格隆汇
2020-06-18,基础化工行业快评：金融系统让利1.5万亿 对化工行业影响有多大,新浪
2020-06-17,2020年基础化工行业中期投资策略：油价企稳周期回暖 关注优质近消费端及新材料龙头,新浪
2020-06-17,【太平洋化工】龙蟒佰利系列深度报告合集,微信
2020-06-16,注意！龙蟒佰利：董事谭瑞清、高管和奔流减持公司股份约8904万股尚未实施,每日经济新闻
2020-06-16,龙蟒佰利(002601.SZ)：谭瑞清及其一致行动人、和奔流减持期过半 尚未实施减持计划,格隆汇
2020-06-16,化工行业投资周报：国际油价回调 周期复苏仍在路上,新浪
2020-06-16,定增市场周报：杉杉股份拟并购LG 偏光片 紫光国威、亿利洁能并购双双被否 并购重组异常,新浪
2020-06-16,121家公司获机构调研（附名单）,证券时报网
2020-06-15,基础化工行业周报：寻求确定性 关注中报行情,新浪
2020-06-15,化工行业周报：山东省释放收储能耗指标 或利好部分耗煤上市公司,新浪
2020-06-14,龙蟒佰利：5月份及前5个月累计销量同比仍保持一定增长,Wind
2020-06-11,6月1日-6月5日钛微媒市场周评,中国有色
2020-06-11,【东北基础化工】日报/世界首创化学炼胶30万吨项目建设正式启动 20200611,东北基础化工
2020-06-10,龙蟒佰利(002601.SZ)：定增发行价调整为11.02元/股 发行数量调整为3.98亿股,格隆汇
2020-06-08,化工周报：油价站上40美元 行情回暖周期龙头加仓配置,新浪
2020-06-08,龙蟒佰利：实际控制人许刚2.5亿股解除质押,每日经济新闻
2020-06-08,龙蟒佰利(002601.SZ)：2名股东合计解除质押4.71亿股,格隆汇
2020-06-08,【东北基础化工】日报/云天化合成氨装置连续运行达500天 20200608,东北基础化工
2020-06-08,【东北基础化工】日报/商务部继续对进口丙酮征收反倾销税 20200606,东北基础化工
2020-06-03,龙蟒佰利(002601.SZ)及子公司近期获得政府补贴4592.27万元,格隆汇
2020-06-03,32股获券商买入评级 招商蛇口目标涨幅达76.86%,Wind
2020-06-03,化工行业周报-生物降解塑料：乘政策之风 静待需求变革,新浪
2020-06-03,【东北基础化工】日报/山东地炼企业产能整合转移工作拉开序幕 20200603,东北基础化工
2020-06-02,龙蟒佰利(002601.SZ)：一季报推10派9元 股权登记日6月9日,格隆汇
2020-06-02,基础化工行业周报：万华化学上调6月MDI挂牌价 国内聚合MDI挂牌价普涨；无水氢氟酸、双酚A、邻硝基氯苯涨价 尿素和磷酸一铵价格走高,新浪
2020-06-02,化工周报：万华上调6月聚合MDI挂牌价 周期品淡季不淡 静待Q3需求恢复 积极布局行业白马及龙头,新浪
2020-06-01,龙蟒佰利(002601)：氯化法产能提升 技术护城河优势加强,新浪
2020-06-01,龙蟒佰利：与钛康签订“一对一”技术合作合同 提高氯化法钛白粉进入壁垒,发布易
2020-06-01,龙蟒佰利：与钛康开展全方位深入合作 继续提高钛白粉综合竞争力,e公司
2020-06-01,A股异动 | 龙蟒佰利(002601.SZ)涨超6% 与德国钛康公司正式签订技术合作合同,格隆汇
2020-06-01,A股早报2020年6月1日星期一,Wind
2020-05-31,龙蟒佰利(002601.SZ)：与德国钛康公司正式签订技术合作合同,格隆汇
2020-05-31,龙蟒佰利：与德国钛康合作 提升焦作钛白粉产能,Wind
2020-05-31,接单了！龙蟒佰利：与钛康公司签订技术合作合同,每日经济新闻
2020-05-31,龙蟒佰利：与德国钛康合作 提升焦作钛白粉产能,e公司
2020-05-31,【东北基础化工】日报/我国首套自主开发“铁钌接力催化”氨合成技术通过科技成果鉴定 20200602,东北基础化工
2020-05-29,【东北基础化工】日报/山东出台方案分期禁用一次性塑料餐具 20200530,东北基础化工
2020-05-28,【东北基础化工】日报/巴斯夫携手彤程新材合作生产可堆肥共聚酯 20200529,东北基础化工
2020-05-28,钛微媒市场周评5.18-5.22,中国有色
2020-05-28,龙蟒佰利：第二期员工持股计划锁定期届满,每日经济新闻
2020-05-27,化工行业动态：需求改善原油连涨四周 新材料本周继续亮眼,新浪
2020-05-26,【东北基础化工】日报/中海油在渤海发现亿吨大油田 20200527,东北基础化工
2020-05-23,钛白粉价格由涨转跌 市场“两极分化”,中国经营网
2020-05-21,龙蟒佰利：公司股东股份质押,每日经济新闻
2020-05-21,龙蟒佰利(002601.SZ)：控股股东等股东合计质押2.52亿股,格隆汇
2020-05-21,25股获券商买入评级 天顺风能目标涨幅达61.42%,Wind
2020-05-21,【东北基础化工】日报/江南化工终止收购新联民爆100%股权 20200523 并购重组异常,东北基础化工
2020-05-20,【太平洋化工】龙蟒佰利动态点评：建设西部钛产业基地，进一步完善钛产业布局,微信
2020-05-20,龙蟒佰利：拟7亿元设立控股子公司建设西部钛产业基地,中国有色
2020-05-20,龙蟒佰利：拟7亿元设立控股子公司 建设西部钛产业基地,生意社
2020-05-19,【东北基础化工】龙蟒佰利（002601.SZ）2020年夏季上市公司线上交流会纪要,东北基础化工
2020-05-19,【东北基础化工】日报/中海壳牌惠州三期乙烯项目“云签约” 20200519,东北基础化工
2020-05-18,龙蟒佰利：向东方锆业出租氯氧化锆及二氧化锆生产线,证券时报网
2020-05-18,龙蟒佰利(002601.SZ)拟发行不超20亿元中期票据,格隆汇
2020-05-18,龙蟒佰利(002601.SZ)：控股子公司拟斥7亿元成立甘肃国钛,格隆汇
2020-05-18,龙蟒佰利(002601.SZ)拟向云南国钛增资7亿元,格隆汇
2020-05-18,龙蟒佰利(002601.SZ)拟向东方锆业出租氯氧化锆及二氧化锆生产线,格隆汇
2020-05-14,49股今日获机构买入评级,证券时报网
2020-05-14,龙蟒佰利(002601)：资源与技术兼备 钛产业链龙头迈入新成长期,新浪
2020-05-13,化工行业周报：油价企稳回升 继续关注近消费端细分领域,新浪
2020-05-12,龙蟒佰利(002601.SZ)股东豫鑫木糖质押358.94万股,格隆汇
2020-05-11,国城矿业可转债发行终获批 募投项目预期收益曾饱受质疑,中国网
2020-05-09,【东北基础化工】龙蟒佰利2020Q1点评：超市场预期，氯化法优势进一步巩固,东北基础化工
2020-05-08,上调评级至买入策略选股（5月8日）,Wind
2020-05-04,有公司净利逆势暴增200%！这一行业一季度亮了,证券时报
2020-04-29,三大券商周三看好的六大板块,证券之星
2020-04-29,【每日晨报】0429丨创业板注册制改革不是独立事件，专注时代浪潮公司,中国银河证券研究
2020-04-28,【建投中小盘】一周策略回顾与展望2020-04-28,中信建投中小市值
2020-04-28,2020年中国钛白粉行业市场分析：疫情稳定下价格回升 多家企业扩展上下游产业链,前瞻研究院
2020-04-28,疫情趋于稳定后 钛白粉价格也处于回升区间之中,21世纪经济报道
2020-04-27,【财报点评|国信化工】龙蟒佰利（002601）2020年一季报点评：Q1业绩超预期，非公开发行方案凸显信心,化工之诚
2020-04-27,“危中转机” 钛白粉价格逐步回升 行业龙头借势扩充产业链,21世纪经济报道
2020-04-26,龙蟒佰利拟定增融资43亿元 实控人认购加码控股权,上证报
2020-04-26,一季度盈利超9亿元拟10派9元 龙蟒佰利引入三大实力战投,e公司
2020-04-26,【东吴基础化工】龙蟒佰利：一季报实现高增长，定增加速发展节奏,东吴石化化工
2020-04-25,【国信有色·每日资讯】20200424,刘孟峦有色研究
2020-04-24,东方锆业：第一大股东的控股股东和实际控制人发生变更 控制人变化,金融界
2020-04-24,东方锆业(002167.SZ)：第一大股东龙蟒佰利的控股股东和实控人变更为许刚 控制人变化,格隆汇
2020-04-24,风口观察丨51家公司计划减持：博通集成限售解禁后遭减持，金宇车城新晋股东或将亏损离场 拟减持股份,21世纪经济报道
2020-04-24,晨会聚焦200424重点关注回天新材、新能源汽车、新宙邦、中际旭创、中国人寿、峨眉山A、龙蟒佰利、科锐国际、中国联通,国信研究
2020-04-24,东方锆业：大股东龙蟒佰利控股股东和实控人发生变更 控制人变化,Wind
2020-04-24,龙蟒佰利：业绩表现靓丽 全产业链优势突出,国泰君安
2020-04-24,A股异动 | 龙蟒佰利涨逾8% 拟定增募资不超43.87亿元 实控人携高管参与,格隆汇
2020-04-23,龙蟒佰利(002601.SZ)拟定增募资不超43.87亿元 实控人、董事及重要管理人员参与认购,格隆汇
2020-04-23,龙蟒佰利(002601.SZ)一季度净利润升44.68%至9.01亿元,格隆汇
2020-04-23,龙蟒佰利：一季度净利润同比增长44.68%,Wind
2020-04-23,A股早报2020年4月23日星期四,Wind
2020-04-23,龙蟒佰利：控股股东和实际控制人变更为徐刚 控制人变化,中国经济网
2020-04-22,告别无主状态 许刚成为龙蟒佰利实控人 控制人变化,上证报
2020-04-22,龙蟒佰利控股股东和实控人变更 控制人变化,金融界
2020-04-22,龙蟒佰利(002601.SZ)：公司控股股东及实控人变更为许刚 控制人变化,格隆汇
2020-04-22,龙蟒佰利：控股股东、实际控制人变更为许刚 控制人变化,Wind
2020-04-21,龙蟒佰利(002601.SZ)：持股1.41%股东豫鑫木糖拟减持不超0.98%股份 拟减持股份,格隆汇
2020-04-21,龙蟒佰利：豫鑫木糖拟减持不超0.98% 减持股份,Wind
2020-04-20,4月20日有13家公司获重要股东增减持 金冠股份已被连续减持9次 减持股份,Wind
2020-04-20,Wind风控日报2020年4月20日星期一,Wind
2020-04-20,上市公司正负面新闻2020年4月20日星期一,Wind
2020-04-19,晚间重要公告2020年4月19日星期日,Wind
2020-04-19,龙蟒佰利：股东拟减持公司不超6%股份 拟减持股份,e公司
2020-04-19,龙蟒佰利(002601.SZ)：李玲拟减持不超6%的股份 拟减持股份,格隆汇
2020-04-19,龙蟒佰利(002601.SZ)：李玲、王泽龙及豫鑫木糖已合计减持8.863%的股份 减持股份,格隆汇
2020-04-19,龙蟒佰利：李玲女士、王泽龙先生、豫鑫木糖合计减持公司8.8630%股份 减持股份,Wind
2020-04-19,龙蟒佰利：股东李玲女士拟减持不超过6%公司股份 减持股份,Wind
2020-04-17,A股再融资新规推波助澜，定增式产业整合潮掀起,Wind
2020-04-17,龙蟒佰利联集团股份有限公司 关于持股5%以上股东股份减持比例达到1%的公告 减持股份,中证报
2020-04-16,龙蟒佰利：股东李玲累计减持达1.62% 减持股份,Wind
2020-04-16,龙蟒佰利(002601.SZ)：持股5%以上股东李玲累计减持3296.94万股 减持股份,格隆汇
2020-04-16,A股早报2020年4月16日星期四,Wind
2020-04-16,龙蟒佰利大股东王泽龙减持1%股份 减持股份,资本邦
2020-04-16,4月16日沪深两市最新交易提示,金融界
2020-04-15,龙蟒佰利(002601.SZ)：王泽龙累计减持2249.46万股 减持股份,格隆汇
2020-04-15,龙蟒佰利：王泽龙合计减持比例达总股本1% 减持股份,Wind
2020-04-15,A股共发生37宗大宗交易成交9.94亿元（4月15日）,Wind
2020-04-15,"龙蟒佰利现3笔大宗交易 共成交21,680.62万元",新浪
2020-04-15,龙蟒佰利今日大宗交易成交1586万股，成交价13.67元折价11.12%,Wind
2020-04-15,A股早报2020年4月15日星期三,Wind
2020-04-14,"龙蟒佰利现3笔大宗交易 共成交7,555.60万元",新浪
2020-04-14,股权变更出牛股！合作共赢+产业协同是亮点,Wind
2020-04-14,龙蟒佰利认购东方锆业八成定增成新实控人 曾多次因环保违法被环保部门处罚 控制人变化,中国网
2020-04-14,东方锆业启动8亿元定增方案 龙蟒佰利携三高管认购实现入主,上证报
2020-04-14,东方锆业向5名股东定增不超过7.99亿元,资本邦
2020-04-14,最新公告透露利好 13只个股有望爆发（04.14）,中金在线
2020-04-14,4月14日沪深两市最新交易提示,金融界
2020-04-13,东方锆业：龙蟒佰利及其一致行动人将成为公司控股股东 控制人变化,中证网
2020-04-13,龙蟒佰利(002601.SZ)拟认购不超8500万股东方锆业增发的A股,格隆汇
2020-04-13,龙蟒佰利(002601.SZ)与东方锆业核心管理团队成员冯立明、黄超华、谭若闻解除一致行动协议,格隆汇
2020-04-13,东方锆业(002167.SZ)：第一大股东龙蟒佰利与冯立明、黄超华、谭若闻签署一致行动协议,格隆汇
2020-04-13,东方锆业：龙蟒佰利方面参与定增 将获取公司控制权,e公司
2020-04-13,东方锆业(002167.SZ)拟定增募资不超7.986亿元龙蟒佰利参与认购,格隆汇
2020-04-13,东方锆业：因非公开发行A股股票将导致公司控股股东和实际控制人发生变更 控制人变化,Wind
2020-04-09,【东北化工陈俊杰/李博】龙蟒佰利（002601）深度报告：志存高远的钛白粉巨头,东北证券研究所
2020-04-07,[路演]东方锆业：充分利用龙蟒佰利和自身优势 不断整合国内锆产业,全景网
2020-04-04,【东吴基础化工 | 公司深度】龙蟒佰利：氯化法钛白粉龙头，全产业链布局优势突出,东吴石化化工
2020-04-03,钛微媒市场周评3.23-3.37,中国有色
2020-04-01,[路演]龙蟒佰利：钛白粉需求整体相对稳定 钛白粉价格将在一定区间内小幅波动,全景网
2020-04-01,[路演]龙蟒佰利：一季度生产正常 疫情对公司国内销售运输造成影响 海外需求保持增长,全景网
2020-04-01,[路演]龙蟒佰利：未来公司将更加重视环保节能 积极发展循环经济,全景网
2020-03-31,上证指数午盘涨0.42%，农业股仍受资金追捧,Wind
2020-03-29,【中原化工顾敏豪】化学制品龙蟒佰利(002601)年报点评*矿产品推动业绩增长，全钛产业链铸造公司未来,中原证券研究所
2020-03-27,99股获券商买入评级，龙蟒佰利目标涨幅达69.29%,Wind
2020-03-26,【财报点评|国信化工】龙蟒佰利（002601）2019财报点评：产销规模再创新高，一体化扩张战略清晰,化工之诚
2020-03-26,35股获买入评级 最新:华电国际,中财网
2020-03-26,91股获券商买入评级 精工钢构目标涨幅达70.16%,Wind
2020-03-25,鹰眼预警:龙蟒佰利应收增速超营收 商誉占净资产四成,新浪
2020-03-25,龙蟒佰利(002601.SZ)股东豫鑫木糖解除质押722.8万股,格隆汇
2020-03-25,龙蟒佰利：2019年归母净利润25.94亿元，同比增长13.49%,面包财经
2020-03-25,【东兴化工】业绩符合预期，氯化法稳步放量 ——龙蟒佰利2019年报点评,东兴研究圈
2020-03-24,龙蟒佰利2019年营收净利双增,上证报
2020-03-24,龙蟒佰利2019年净利25.94亿元 整合国内锆产业促进“钛锆共生”,e公司
2020-03-24,龙蟒佰利(002601.SZ)2019年度净利升13.49%至25.94亿元,格隆汇
2020-03-24,龙蟒佰利：2019年净利润同比增长13.49%,Wind
2020-03-23,龙蟒佰利大跌5.21%，化学制品行业跌3.49% 连续下跌,中新经纬
2020-03-10,"龙蟒佰利现1笔大宗交易 共成交15,910.00万元",新浪
2020-03-10,龙蟒佰利今日大宗交易成交1000万股，成交价15.91元折价5.97%,Wind
2020-03-09,龙蟒佰利大跌5.06%，主力资金净流出1061.23万元 连续下跌,中新经纬
2020-03-03,"龙蟒佰利现1笔大宗交易 共成交3,264.00万元",新浪
2020-03-03,龙蟒佰利今日大宗交易成交200万股，成交价16.32元折价4.67%,Wind
2020-03-02,2月份18家公司违规受罚 本月起顶格罚款从60万元提至1000万元 其他违规处罚,大众证券报
2020-03-02,A股早报2020年3月2日星期一,Wind
2020-02-28,高钛渣等产品量价齐升 龙蟒佰利2019年净利润同比增长13.29%,上证报
2020-02-28,龙蟒佰利：2019年净利润同比增13.29%（业绩快报）,Wind
2020-02-28,龙蟒佰利(002601.SZ)业绩快报：2019年度净利润升13.29%至25.89亿元,格隆汇
2020-02-28,A股共发生49宗大宗交易成交13.77亿元（2月28日）,Wind
2020-02-28,"龙蟒佰利现1笔大宗交易 共成交14,880.00万元",新浪
2020-02-28,龙蟒佰利今日大宗交易成交1000万股，成交价14.88元折价4.74%,Wind
2020-02-26,龙蟒佰利(002601.SZ)：第一期员工持股计划拟合计减持剩余全部股票 拟减持股份,格隆汇
2020-02-26,龙蟒佰利：第一期员工持股计划拟清仓减持0.84%公司股份 减持股份,Wind
2020-02-26,中核钛白募资“补血”提振主业，95后实控人尽收16亿定增,搜狐
2020-02-26,中核钛白上调钛白粉售价，国内行业有望回暖,第一财经
2020-02-25,【太平洋化工】钛白粉行业点评：集中度持续提升，重点推荐龙蟒佰利和中核钛白,微信
2020-02-25,神秘“95后”实控人再出手 独揽中核钛白16亿元定增,上证报
2020-02-24,A股异动|龙蟒佰利跌逾5%高管拟减持最多4.38%股份 拟减持股份,格隆汇
2020-02-23,市场资金画风突变！逾2000只个股资金净流入，锂电池概念拉警报,e公司
2020-02-22,【西南化工周观点】下游开工率提升，化工产品价格回暖,化工林谈
2020-02-21,龙蟒佰利两股东拟合计减持不超4.38%股份 拟减持股份,金融界
2020-02-21,龙蟒佰利：两名高管拟减持公司不超4.38%股份 减持股份,Wind
2020-02-21,龙蟒佰利：两名高管拟减持公司不超4.38%股份 拟减持股份,e公司
2020-02-21,龙蟒佰利：公司董事和高管拟合计减持不超4.38% 拟减持股份,第一财经
2020-02-20,"龙蟒佰利现1笔大宗交易 共成交3,374.00万元",新浪
2020-02-20,龙蟒佰利今日大宗交易成交200万股，成交价16.87元折价5.81%,Wind
2020-02-19,钛白粉大幅提价，相关板块走强，龙头企业受益明显丨牛熊眼,第一财经
2020-02-18,"龙蟒佰利现1笔大宗交易 共成交5,046.00万元",新浪
2020-02-18,龙蟒佰利今日大宗交易成交300万股，成交价16.82元折价8.19%,Wind
2020-02-17,【太平洋化工】龙蟒佰利：钛白粉涨价，公司估值低位，维持“买入”,太平洋化工信息平台
2020-02-15,【西南化工周观点】海外维生素价格整体大涨，看好VE、生物素价格趋势上涨,化工林谈
2020-02-14,龙头提价A股钛白粉公司股价上涨 有机构称行业今年或迎阶段复苏,e公司
2020-02-14,龙蟒佰利：高级管理人员离职 董监高成员变化,Wind
2020-02-14,龙蟒佰利涨5.01% 近5日流入1.31亿元,中新经纬
2020-02-11,龙蟒佰利：李玲已通过集中竞价减持2077.15万股 减持股份,格隆汇
2020-02-11,龙蟒佰利：李玲合计减持1.8054%公司股份 减持股份,Wind
2020-02-07,龙蟒佰利：公司及子公司拟合计捐赠500万元助力疫情防控,中证网
2020-02-07,龙蟒佰利(002601.SZ)：拟对外捐赠500万元 助力新冠病毒肺炎疫情防控阻击战,格隆汇
2020-02-05,明阳智能、武进不锈、龙蟒佰利等上市公司现大股东高比例套现部分公司股东清仓式减持 减持股份,和讯
2020-02-05,龙蟒佰利三宗违法违规遭罚270万 被应急局喊停仍开工 其他违规处罚,中国经济网
2020-02-05,环保“惯犯” 龙蟒佰利屡教不改再受处罚 钛白粉龙头频繁分红助力大股东套现 关联方问题,和讯
2020-02-04,龙蟒佰利违反环保及化学品安全条例被罚款 环保处罚,资本邦
2020-02-04,龙蟒佰利：公司收到行政处罚决定书，被罚款270万元 其他违规处罚,Wind
2020-02-04,龙蟒佰利(002601.SZ)：持股5%以上股东王泽龙已减持3.0001%股份 减持股份,格隆汇
2020-02-04,龙蟒佰利：股东王泽龙减持3%公司股份 减持股份,Wind
2020-01-20,龙蟒佰利(002601.SZ)：李玲、王泽龙及豫鑫木糖已累计减持5.1792%的股份 减持股份,格隆汇
2020-01-20,龙蟒佰利现1笔大宗交易 共成交557.55万元,新浪
2020-01-17,又一个天才？23岁就是实控人，坐拥30亿身家！原来，他是个马甲！,e公司
2020-01-16,龙蟒佰利(002601.SZ)：2名股东合计解除质押1.12亿股,格隆汇
2020-01-15,东方锆业受托大股东资产 龙蟒佰利向锆产业扩展,e公司
2020-01-15,【每日金属资讯】寒锐钴业2019年净利润大幅下降、宏达股份扭亏为盈、寒锐钴业2019年净利润大幅下降98%,有色钢铁杨坤河
2020-01-15,东方锆业(002167.SZ)接受龙蟒佰利涉锆业务相关资产及维纳科技55.8%股权托管,格隆汇
2020-01-15,"龙蟒佰利现1笔大宗交易 共成交1,998.88万元",新浪
2020-01-15,龙蟒佰利今日大宗交易成交124万股，成交价16.12元折价7.09%,Wind
2020-01-14,"龙蟒佰利现1笔大宗交易 共成交3,206.00万元",新浪
2020-01-11,【太平洋化工】龙蟒佰利动态点评：云南新立全面复产，扩产计划续力成长,太平洋化工信息平台
2020-01-10,四川富豪李家权资本腾挪术：左手倒右手的资本游戏正上演，“龙蟒系”再谋曲线上市,华夏时报
2020-01-09,新立钛业正式实现全面复产 龙蟒佰利将形成钛、锆两翼发展格局,e公司
2020-01-09,A股共发生121宗大宗交易成交19.8亿元（1月9日）,Wind
2020-01-09,"龙蟒佰利现6笔大宗交易 共成交2,888.00万元",新浪
2020-01-09,龙蟒佰利大涨5.01% 化学制品行业涨1.42%,中新经纬
2020-01-05,首席周观点：央行降准如期而至，后续降息或将跟进,东兴研究圈
2020-01-03,"龙蟒佰利现8笔大宗交易 共成交2,523.17万元",新浪
2020-01-03,【西南证券—龙蟒佰利动态点评】与金川集团签署合作协议框架，扩充海绵钛产能,化工林谈
2020-01-02,龙蟒佰利(002601.SZ)：豫鑫木糖已减持621万股 减持股份,格隆汇
2020-01-02,龙蟒佰利(002601.SZ)：收到政府补贴资金共计422.04万元,格隆汇
2020-01-02,龙蟒佰利大涨5.33%，化学制品行业涨1.15%,中新经纬
2020-01-02,18股获券商买入评级 迪安诊断目标涨幅达58.16%,Wind
2020-01-01,龙蟒佰利：股东豫鑫木糖减持计划减持数量已过半 减持股份,Wind
2019-12-31,太平洋证券研究 12月31日最新观点：芯片格局变化或将影响产业链,太平洋证券研究
2019-12-30,【太平洋化工】龙蟒佰利动态点评：与金川集团合作共建钛产业基地，快速拓展海绵钛业务领域,太平洋化工信息平台
2019-12-29,12月29日晚间上市公司十大重磅公告,巨丰财经
2019-12-29,龙蟒佰利与金川集团签署合作框架协议,金融界
2019-12-29,龙蟒佰利：拟与金川集团合作，共建西部地区钛产业基地,Wind
2019-12-28,风起--再论ppi转正与化工配置电话会议纪要,化海锋云
2019-12-27,龙蟒佰利(002601.SZ)拟将氯氧化锆及二氧化锆生产线、所持维纳科技21.30%股权托管给东方锆业,格隆汇
2019-12-26,行政处罚决定书龙蟒佰利联集团股份有限公司 环保处罚,河南生态环境厅
2019-12-26,龙蟒佰利大幅拉升3.13% 股价创近2个月新高,金融界
2019-12-26,龙蟒佰利接盘 中核集团退出东方锆业,北极星电力
2019-12-25,石墨烯电池概念 能否再次引爆市场？,中投网
2019-12-23,龙蟒佰利(002601.SZ)收购东方锆业15.66%股权完成过户登记,格隆汇
2019-12-23,"龙蟒佰利现1笔大宗交易 共成交2,700.00万元",新浪
2019-12-23,东方锆业(002167.SZ)：股份过户完成龙蟒佰利为公司第一大股东,格隆汇
2019-12-22,华西证券：龙蟒佰利买入评级,华西证券
2019-12-20,"龙蟒佰利现1笔大宗交易 共成交2,215.10万元",新浪
2019-12-19,"龙蟒佰利现1笔大宗交易 共成交2,566.00万元",新浪
2019-12-09,龙蟒佰利股东入主中核钛白钛白粉行业或迎变局,中国经营网
2019-12-08,龙蟒佰利(002601.SZ)拟派发三季度股息10股派1.5元(含税),格隆汇
2019-12-06,龙蟒佰利(002601.SZ)拟向商业银行申请并购贷款不超5.9亿元,格隆汇
2019-12-06,龙蟒佰利：为下属子公司提供总额为82.3亿元的融资担保,Wind
2019-12-03,"龙蟒佰利现18笔大宗交易 共成交12,080.01万元",新浪
2019-12-03,23岁斥资16亿拿下这家A股公司！又是别人家小孩，三度登陆胡润百富榜，真是白手起家？,券商中国
2019-12-02,减持龙蟒佰利入主中核钛白，23岁的王泽龙何其人也？ 减持股份,环球老虎财经
2019-12-02,钛白粉行业集中度提升 企业扩张抢市场,中国经营报
2019-11-28,"龙蟒佰利现13笔大宗交易 共成交6,184.97万元",新浪
2019-11-28,股东抛售意愿依旧强烈，11月以来67家公司超亿元减持,Wind
2019-11-26,"龙蟒佰利现14笔大宗交易 共成交11,176.63万元",新浪
2019-11-22,行政处罚决定书龙蟒佰利联集团股份有限公司 环保处罚,河南生态环境厅
2019-11-22,行政处罚决定书龙蟒佰利联集团股份有限公司工程项目部部长张立东 环保处罚,河南生态环境厅
2019-11-22,"龙蟒佰利现7笔大宗交易 共成交5,500.00万元",新浪
2019-11-22,[互动]龙蟒佰利：新立钛业将尽快恢复至设计产能,全景网
2019-11-21,"龙蟒佰利现5笔大宗交易 共成交1,408.75万元",新浪
2019-11-20,"龙蟒佰利现1笔大宗交易 共成交5,063.42万元",新浪
2019-11-19,行政处罚决定书龙蟒佰利联集团股份有限公司 环保处罚,河南生态环境厅
2019-11-19,行政处罚决定书龙蟒佰利联集团股份有限公司工程项目部部长张立东 环保处罚,河南生态环境厅
2019-11-18,实控人或变为23岁神秘富豪 中核钛白股价最高涨超7% 控制人变化,新京报
2019-11-18,18日公司新闻聚焦：*ST德豪补充计提逾29亿 诚迈科技遭大比例减持,证券时报网
2019-11-18,买完“状元”再买“榜眼” 30亿元押注钛白粉 23岁神秘人拟入主中核钛白,上证报
2019-11-16,23岁小伙豪掷16亿入主A股公司！3年前同名者14亿吃下同业公司股权,每日经济新闻
2019-11-15,11月15日有82家公司获重要股东增减持 中环环保已被连续减持56次 减持股份,Wind
2019-11-15,王泽龙有望“上位”中核钛白实控人 与龙蟒佰利第四大股东同名,每日经济新闻
2019-11-15,龙蟒佰利第四大股东减持套现 或将控股中核钛白 减持股份,e公司
2019-11-14,龙蟒佰利：股东王泽龙合计减持公司2.9980%股份 减持股份,Wind
2019-11-14,龙蟒佰利(002601.SZ)股东王泽龙累计减持6092.02万股 减持股份,格隆汇
2019-11-13,"龙蟒佰利现1笔大宗交易 共成交46,690.00万元",新浪
2019-11-12,股息率10%，秒杀A50！年内最后13家享受股利分配,Wind
2019-11-11,龙蟒佰利：股东上缴短线交易收益6650元,Wind
2019-11-11,龙蟒佰利(002601.SZ)收到李玲短线交易收益6650元,格隆汇
2019-11-11,【中信证券化工及新材料】龙蟒佰利（002601）重大事项点评：并购东方锆业，产业链协同最大化,CITICS化工研究
2019-11-09,东方锆业15.66%股权转让敲定 钛白粉龙头龙蟒佰利8.73亿接盘 资产异常,每日经济新闻
2019-11-09,【太平洋化工】2020年化工板块复盘,强大化工
2019-11-08,龙蟒佰利(002601.SZ)就收购东方锆业15.66%的股份 与中核集团签订正式转让协议,格隆汇
2019-11-08,龙蟒佰利(002601.SZ)拟向商业银行申请并购贷款不超5.24亿元,格隆汇
2019-11-08,东方锆业：龙蟒佰利受让公司15.66%股份,金融界
2019-11-08,东方锆业：龙蟒佰利受让公司15.66%股权,e公司
2019-11-08,东方锆业(002167.SZ)：中核集团公开转让公司15.66%的股份 龙蟒佰利为最终受让方 资产异常,格隆汇
2019-11-07,"龙蟒佰利现1笔大宗交易 共成交5,000.90万元",新浪
2019-11-07,龙蟒佰利(002601.SZ)：股东李玲误买5万股致短线交易,格隆汇
2019-11-06,龙蟒佰利：持股5%以上股东误操作导致短线交易，买入5万股,Wind
2019-11-05,融资客青睐15股，海亮股份买入占比高达63.65%,Wind
2019-11-05,太证研究11月5日最新观点：科创板和中小创盈利改善，化工三季报盈利下滑 盈利能力下降,太平洋证券研究
2019-11-04,"龙蟒佰利现8笔大宗交易 共成交2,806.00万元",新浪
2019-10-31,龙蟒佰利发布质押公告一股东累计质押1711万股,慧聪网
2019-10-31,427股获券商买入评级 华侨城A目标涨幅达75.75%,Wind
2019-10-30,414股获券商买入评级 天虹股份目标涨幅达72.04%,Wind
2019-10-29,龙蟒佰利2019三季报点评：钛白粉龙头业绩靓丽，地产悲观预期及解禁压制估值【太平洋化工】 解禁,太平洋化工信息平台
2019-10-28,龙蟒佰利前三季度净利超20亿元,上证报
2019-10-28,龙蟒佰利：前三季度净利润同比增4.84%,Wind
2019-10-24,"基础化工行业投资周报:行业底部盘整,环氧氯丙烷涨幅明显",长城证券
2019-10-23,化工新材料板块拉升走强，机构推荐两大方向标的,第一财经
2019-10-23,"化工行业周报:双氧水价格上涨,周期品静待需求企稳,推荐成长及一体化龙头",申万宏源
2019-10-17,"龙蟒佰利现2笔大宗交易 共成交1,038.31万元",新浪
2019-10-14,"龙蟒佰利现2笔大宗交易 共成交1,312.01万元",新浪
2019-10-11,龙蟒佰利现1笔大宗交易 共成交553.50万元,新浪
2019-10-10,龙蟒佰利现1笔大宗交易 共成交366.87万元,新浪
2019-10-10,龙蟒佰利多项指标下滑 数位大股东匆忙减持是巧合？ 减持股份,投资者网
2019-10-09,龙蟒佰利现1笔大宗交易 共成交449.60万元,新浪
2019-09-25,金九银十消费旺季:利好钛白粉板块 机构建议关注龙头,第一财经
2019-09-24,龙蟒佰利成“套现机器”？第二大股东欲清仓跑路 减持股份,中国经济网
2019-09-24,龙蟒佰利惊现清仓式减持，二股东欲套现逾30亿 减持股份,环球老虎财经
2019-09-23,受“巨量减持”冲击 龙蟒佰利股价昨日大跌 减持股份,大众证券报
2019-09-23,龙蟒佰利：终止发行可转债事项 债权融资异常,e公司
2019-09-23,龙蟒佰利(002601.SZ)终止发行可转债 债权融资异常,格隆汇
2019-09-23,龙蟒佰利(002601.SZ)拟与子公司共设钛材科技 从事钛材相关产品的生产和销售,格隆汇
2019-09-23,龙蟒佰利：终止公开发行可转换公司债券 债权融资异常,Wind
2019-09-23,多位股东拟减持不超过19%的股权，龙蟒佰利（002601.SZ）跌近6% 拟减持股份,格隆汇
2019-09-23,【异动股】钛白粉板块低开，龙蟒佰利(002601-CN)跌7.09%,财华社
2019-09-23,"石油石化行业周报:油价取决于供需关系主导,重点关注烧碱及钛白粉板块",山西证券
2019-09-22,煤炭石油：重点关注烧碱及钛白粉板块 荐1股,山西证券
2019-09-21,龙蟒佰利多位股东拟减持19%股权 拟减持股份,证券时报
2019-09-20,龙蟒佰利股东及高管计划减持不超过3.88亿股，第二大股东拟彻底清仓 拟减持股份,第一财经
2019-09-20,龙蟒佰利：股东及高管拟合计减持不超19.07%股份 减持股份,中证网
2019-09-20,晚间公告热点追踪：龙蟒佰利股东等拟减持不超19.07%,新浪
2019-09-20,【提前看】20日公告精选：龙蟒佰利股东及高管拟合计减持不超19.07%股份,e公司
2019-09-20,[快讯]龙蟒佰利:关于股东减持股份的提示性 减持股份,中财网
2019-09-20,龙蟒佰利(002601.SZ)：股东及高管拟减持不超19.07%的股份 拟减持股份,格隆汇
2019-09-20,龙蟒佰利：股东李玲等拟合计减持不超过19.07%公司股份 减持股份,Wind
2019-09-20,龙蟒佰利(002601.SZ)子公司收到政府补贴资金989万元,格隆汇
2019-09-19,煤炭石油：关注油气资源油服煤化工等板块投资机会 荐6股,联讯证券
2019-09-18,八大题材进入涨价季节 机构看好12只低估值股,证券时报
2019-09-17,龙蟒佰利：2019年度日常关联交易事项变更,Wind
2019-09-16,龙蟒佰利：非公开发行限售股份上市流通提示性公告 解禁,深交所
2019-09-16,[快讯]龙蟒佰利132165万限售股9月20日解禁 解禁,中财网
2019-09-16,龙蟒佰利：13.21亿股限售股将上市流通 解禁,Wind
2019-09-16,龙蟒佰利(002601.SZ)：约13.22亿股限售股9月20日解禁 解禁,格隆汇
2019-09-14,节后解禁规模增逾一倍 14家解禁数量超过1亿股 解禁,大众证券报
2019-09-12,巨丰数据赢 | 下周53家上市公司解禁 这批股注意避险（附名单） 解禁,巨丰财经
2019-09-11,基础化工行业：整体营收规模增长放缓但盈利能力仍维持较强韧性 盈利能力下降,光大证券
2019-09-06,龙蟒佰利(002601.SZ)子公司获得政府补贴3725.11万元,格隆汇
2019-09-06,钛白粉板块午后逆势走高，中核钛白大涨5%,Wind
2019-09-05,87股获券商买入评级 海正药业目标涨幅达60%,Wind
2019-09-04,钛白粉龙头企业纷纷宣布涨价500元/吨 涨价趋势或将持续,和讯
2019-09-04,收评 光刻胶、设计咨询大涨,中财网
2019-09-04,【太平洋化工】龙蟒佰利动态点评：年内第四次提价，带领行业维持高景气,太平洋化工信息平台
2019-09-04,石墨烯板块尾盘急拉，方大炭素大涨7%,Wind
2019-09-04,钛白粉龙头纷纷提价，行业旺季来临，概念股涨势崭露头角,第一财经
2019-09-04,快讯：钛白粉板块开盘活跃 龙蟒佰利涨超6%,新浪
2019-09-04,巨丰热点：钛白粉龙头企业提价 概念股应声大涨,巨丰财经
2019-09-04,中核钛白、龙蟒佰利上调钛白粉售价 今日高开,第一财经
2019-09-03,中核钛白、龙蟒佰利双双上调钛白粉售价，概念股迎来投资机会,第一财经
2019-09-03,9月3日晚间上市公司十大重磅公告,巨丰财经
2019-09-03,龙蟒佰利(002601.SZ)各型号钛白粉售价国内客户上调500元/吨 国际客户上调50美元/吨,格隆汇
2019-09-03,龙蟒佰利：上调各型号钛白粉销售价格,Wind
2019-09-03,"中泰证券：将龙蟒佰利评级调低为""增持""",Wind
2019-08-29,龙蟒佰利今日大宗交易成交206.88万股，成交价11.58元折价9.88%,Wind
2019-08-22,"龙蟒佰利2019年半年报点评:EPS0.64元,产品结构持续向氯化法调整",光大证券
2019-08-21,【太平洋化工】龙蟒佰利（002601）2019年中报点评：稳扎稳打蓄势待发，即将迎来产能及业绩增长期,太平洋化工信息平台
2019-08-21,【西南证券—龙蟒佰利半年报点评】矿产品盈利大幅改善，钛白龙企业绩符合预期,化工林谈
2019-08-20,龙蟒佰利(002601.SZ)半年度净利润降5.29%至12.7亿元 盈利能力下降,格隆汇
2019-08-20,龙蟒佰利：上半年净利12.69亿元 同比下降5% 盈利能力下降,e公司
2019-08-20,龙蟒佰利：高级管理人员辞职 董监高成员变化,Wind
2019-08-20,龙蟒佰利：上半年净利润同比减5.29%,Wind
2019-08-16,退市边缘 谁在接盘*ST华信 风险警示,新京报
2019-08-12,*ST华信“保壳”倒计时：面值退市第三股已定？会否继续推进？神秘方这样回复,e公司
2019-08-12,"化工行业周报:醋酸价格上涨,能特益曼特8月底有望交割,周期品库存进入底部区间,建议配置白马及细分行业龙头",申万宏源
2019-08-07,龙蟒佰利跌2.69%，创近5个月新低，报13.36元 连续下跌,腾讯网
2019-08-06,增厚业绩、助攻股价！寻找未被挖掘的涨价黑马,Wind
2019-08-06,"龙蟒佰利:年内第三次带头调涨,看好龙头未来成长",西南证券
2019-08-05,钛白粉企业掀新一轮涨价潮 业内：系行业止跌回升,每日经济新闻
2019-08-05,两龙头双双宣布提价，钛白粉再度掀起涨价潮？,格隆汇
2019-08-04,【太平洋化工】龙蟒佰利动态点评：旺季来临前再次提价，稳定市场作用凸显,太平洋化工信息平台
2019-08-02,8月2日晚间上市公司十大重磅公告,巨丰财经
2019-08-02,龙蟒佰利：8月15日起上调公司各型号钛白粉售价,Wind
2019-08-02,龙蟒佰利：上调公司各型号钛白粉销售价格,Wind
2019-08-01,画面太美！提升含金量，千亿回购刷新A股新记录,Wind
2019-07-29,A股共发生81宗大宗交易成交24.15亿元（7月29日）,Wind
2019-07-29,IPO动态|安宁铁钛三闯A股：股东“临阵离场”，前后披露销售额差逾千万,财经网
2019-07-17,基础化工行业7月份投资策略:盘点化工行业的“隐形冠军”,国信证券
2019-07-16,龙蟒佰利1.18亿关联交易信批违规 深交所监管关注 金融监管处罚,金融界
2019-07-16,龙蟒佰利收到监管函：因关联交易未披露 其他违规处罚,Wind
2019-07-16,钛白粉板块异动拉升，安纳达大涨5%,Wind
2019-07-15,龙蟒佰利：成本全球领先、大型氯化法国内破局,证券时报网
2019-07-12,上市公司高股息比拼“宝宝”军团，63只“现金奶牛”名副其实,Wind
2019-07-08,龙蟒佰利：与银行、经销商及客户签订金融网络服务协议,e公司
2019-07-01,3季度业绩持续增长，一体化优势显著——龙蟒佰利,艾华新旧博弈
2019-06-27,[路演]龙蟒佰利：大力投入安全环保 提升企业绿色发展竞争力,全景网
2019-06-24,龙蟒佰利：计划在3-6个月内实现新立钛业的全面复产及盈利,e公司
2019-06-24,龙蟒佰利：新立钛业即将全面复产及盈利，会对公司业绩产生积极影响,Wind
2019-06-19,龙蟒佰利(002601.SZ)受让新立钛业68.1%股权已完成过户登记,格隆汇
2019-06-19,【西南证券-龙蟒佰利产品分析与梳理】,化工林谈
2019-06-19,"化工行业周报:PTA~聚酯产业链回暖,醋酸价格上涨,关注白马及成长龙头",申万宏源
2019-06-18,龙蟒佰利：红格钒钛磁铁矿区已发现存有稀土矿,e公司
2019-06-14,29股获券商买入评级 中设集团目标涨幅达72.84%,Wind
2019-06-13,【太平洋化工】龙蟒佰利动态点评：收购云南新立少数股东股权同时债转股增资，促其尽快复产,太平洋化工信息平台
2019-06-12,龙蟒佰利(002601.SZ)拟收购新立钛业26.18%的少数股东股权,格隆汇
2019-06-12,龙蟒佰利(002601.SZ)为有效整合现有资源 拟吸收合并兴泰公司,格隆汇
2019-06-12,龙蟒佰利(002601.SZ)拟以所持新立钛业52.19亿元债权对其增资 大幅降低其偿债压力,格隆汇
2019-06-12,龙蟒佰利：拟收购新立钛业26.18%股权并对其以债转股方式增资,发布易
2019-06-11,龙蟒佰利：取消发行7.9亿元“19佰利联SCP001”,Wind
2019-06-11,龙蟒佰利(002601.SZ)2019年第一季度权益分派每10股派6元 股权登记日为6月18日,格隆汇
2019-06-11,[快讯]龙蟒佰利公布2019年分红方案,中财网
2019-06-10,龙蟒佰利(002601.SZ)拟每10股派1元 股权登记日为6月14日,格隆汇
2019-06-10,龙蟒佰利(002601.SZ)第二期员工持股计划完成非交易过户,格隆汇
2019-06-05,龙蟒佰利：国内首套大型氯化法即将投产 盈利能力有望上行,证券时报网
2019-06-05,龙蟒佰利：资源与技术夯实龙头护城河 增持评级,申万宏源
2019-06-03,"化工行业周报:VE、萤石价格上涨,周期品整体处于淡季,关注白马及成长龙头",申万宏源
2019-05-31,龙蟒佰利：两家子公司近期获得2260.87万元政府补助,Wind
2019-05-31,龙蟒佰利(002601.SZ)子公司获得政府补助2260.87万元,格隆汇
2019-05-29,24股获券商买入评级 大华股份目标涨幅达49.14%,Wind
2019-05-29,【太平洋化工】龙蟒佰利动态点评：摘牌云南新立控制权，持续扩大氯化法技术优势,太平洋化工信息平台
2019-05-28,【民生化工】龙蟒佰利（002601）调研简报：钛白粉景气度高，氯化法产能迎快速增长,太证陶陶
2019-05-28,化工：建议配置一二线白马龙头 荐3股,申万宏源
2019-05-27,龙蟒佰利：持续扩大氯化法技术优势 买入评级,太平洋证券
2019-05-27,"龙蟒佰利:布局全钛产业链,打造钛业国际龙头",西南证券
2019-05-23,龙蟒佰利股东豫鑫木糖质押553万股 公司去年净利同比下滑9% 盈利能力下降,挖贝网
2019-05-22,[快讯]龙蟒佰利发布质押公告 涉及股份988万股,中财网
2019-05-22,龙蟒佰利：股东豫鑫木糖质押553.4万股,Wind
2019-05-21,龙蟒佰利30万吨/年氯化法钛白粉产线将宣布启用,e公司
2019-05-21,"化工行业周报:周期品进入淡季,VE价格上涨,建议配置一二线白马龙头",申万宏源
2019-05-16,河南焦作首富为何斥巨资竞购问题缠身的新立钛业,经济观察网
2019-05-14,【西南证券—龙蟒佰利公司点评】拟竞购新立钛业，进一步完善钛产品全产业链,化工林谈
2019-05-14,龙蟒佰利：进一步完善钛产品全产业链 买入评级,西南证券
2019-05-14,A股早报2019年5月14日星期二,Wind
2019-05-14,财经早报:MSCI纳A权重翻倍 美股暴跌道指重挫617点 连续下跌,新浪
2019-05-14,"化工行业周报:江苏化工企业整治持续推进,推荐一体化龙头企业",申万宏源
2019-05-13,龙蟒佰利：拟竞购新立钛业股权及债权 完善产业链,e公司
2019-05-09,"龙蟒佰利2018年年报和2019年1季报点评:1季度业绩明显好转,继续保持高分红",正点财经
2019-05-07,[快讯]14:55龙蟒佰利、华资实业等4只股票封涨停,中财网
2019-04-29,[路演]龙蟒佰利：氯化法二期生产线正在进行分段带料调试,全景网
2019-04-29,55只个股被逆市调高至“买入”，三维度挖掘反弹急先锋,证券日报
2019-04-27,【中原化工顾敏豪】龙蟒佰利(002601)年报点评*一季度业绩恢复增长，产业链一体化保障长期竞争优势,中原证券研究所
2019-04-25,235股获券商买入评级 海正药业目标涨幅达73.55%,Wind
2019-04-24,财富证券：上调龙蟒佰利评级至推荐,Wind
2019-04-24,"财富证券：将龙蟒佰利评级调高为""推荐""",Wind
2019-04-24,龙蟒佰利2019年一季度净利6.23亿元 董事长许刚持股4.17亿股,挖贝网
2019-04-24,龙蟒佰利去年净利22.86亿同比下滑9% 董事长许刚薪酬170万 盈利能力下降,挖贝网
2019-04-24,"龙蟒佰利2018年报及2019年一季报点评:业绩符合预期,纵向一体化战略积极推进",光大证券
2019-04-23,【异动股】钛白粉板块下挫，龙蟒佰利(002601-CN)跌5.44%,财华社
2019-04-23,龙蟒佰利：一季度净利6.23亿元 同比增4%,e公司
2019-04-23,"龙蟒佰利:业绩符合预期,钛白粉龙头保持强劲增长",西南证券
2019-04-22,龙蟒佰利：2018年净利同比降8.66% 盈利能力下降,e公司
2019-04-22,龙蟒佰利(002601.SZ)2018年度净利润下降8.66%至22.86亿元 拟10派1元 盈利能力下降,格隆汇
2019-04-22,龙蟒佰利(002601.SZ)一季度净利润增长4.19%至6.23亿元,格隆汇
2019-04-22,龙蟒佰利：2018年净利润同比减8.66% 盈利能力下降,Wind
2019-04-22,龙蟒佰利：一季度净利润同比增4.19%,Wind
2019-04-15,"龙蟒佰利:钛白粉景气持续,公司成长路径清晰",正点财经
2019-04-09,龙蟒佰利投资50万吨攀西钛精矿升级转化氯化钛渣,证券时报
2019-04-08,化工股现涨停潮 业绩增长+低估值滞涨的化工股名单,证券时报
2019-04-03,"基础化工行业4月份投资策略:行业供给局部收缩,重点关注染料、农药、聚酯产业链",国信证券
2019-04-01,龙蟒佰利：3月钛白粉销量创历史单月新高,e公司
2019-03-22,出口强劲叠加技术革新 钛白粉价格持续走高,21世纪经济报道
2019-03-14,龙蟒佰利：春节后钛白粉市场价涨量升,e公司
2019-03-13,"龙蟒佰利:2018年净利下滑8.6%,19年钛白粉价格有望企稳回升",正点财经
2019-03-12,"化工周报:PTA-聚酯产业链回暖,钛白粉再次提价,持续推荐柔性显示产业链",申万宏源
2019-03-11,44股获券商买入评级 保利地产目标涨幅达58.13%,Wind
2019-03-08,龙蟒佰利：钛白粉年内二次提价 氯化法项目二季度试产,证券时报网
2019-03-08,"龙蟒佰利:时隔22天再次涨价,钛白粉龙头受益高景气周期",正点财经
2019-03-07,龙蟒佰利和中核钛白双双上调钛白粉售价,Wind
2019-03-07,龙蟒佰利：上调国内钛白粉销售价格500元/吨,中证网
2019-03-07,快讯：钛白粉板块集体拉升 龙蟒佰利大涨超7%,新浪
2019-03-07,钛白粉概念午后大涨，中核钛白、龙蟒佰利涨6%,Wind
2019-03-07,午间公告：龙蟒佰利上调钛白粉销售价，创源文化120万元转让子公司股权,Wind
2019-03-07,龙蟒佰利：上调钛白粉售价 对业绩提升将产生积极影响,e公司
2019-03-06,龙蟒佰利（002601）2018年业绩快报点评：4季度业绩低于预期，长期看好公司打造钛产业链,国信研究
2019-03-04,壳玩家碰撞，李家权拟借道三泰控股，后者重组前突击回购,新京报
2019-03-04,龙蟒佰利：20万吨氯化法钛白粉项目预计二季度试生产,Wind
2019-03-04,龙蟒佰利：20万吨氯化法钛白粉项目预计二季度试生产,e公司
2019-03-04,"龙蟒佰利:多重因素导致业绩下滑,钛白产业链春季有望复苏",申万宏源
2019-02-28,【西南证券—龙蟒佰利点评】业绩略低于预期，未来有望实现氯化钛渣自给,化工林谈
2019-02-28,龙蟒佰利：与钛康公司签订合作意向书,e公司
2019-02-28,龙蟒佰利：2018年净利润同比减8.59%（快报） 盈利能力下降,Wind
2019-02-27,化工：板块商誉集中度高 减值风险可控,上海证券
2019-02-27,四川德胜集团进击资本市场：介入分众传媒旗下源星昱瀚,新京报
2019-02-27,钛白粉价格触底反转 龙蟒佰利发力布局上游,证券时报
2019-02-26,龙蟒佰利发力实现氯化钛渣自给自足 国内钛白粉价格已开启触底反转模式,e公司
2019-02-26,龙蟒佰利：拟20亿元投建50万吨钛精矿升级转化氯化钛渣创新工程项目,e公司
2019-02-26,[快讯]龙蟒佰利:签订项目投资框架协议,中财网
2019-02-26,午间公告：海辰药业2018年净利同比增26.88%,Wind
2019-02-19,国内外钛白粉龙头相继提价 钛白粉行业的春天要来了？,格隆汇
2019-02-19,"化工行业周报:钛白粉价格上涨,周期品春季行情可期,重点推荐柔性显示产业链",申万宏源
2019-02-18,钛白粉企业纷纷宣布价格上调 公司整体业绩望提升(股),金融界
2019-02-16,三巨头集体涨价 钛白粉行业迎来春天,巨丰财经
2019-02-16,【西南化工周观点】MDI价格继续上涨，DMC价格企稳反弹,化工林谈
2019-02-15,龙蟒佰利：产业链布局不断完善 买入评级,和讯
2019-02-14,今日资金抢入六只强势股一览（2019年2月14日）,中财网
2019-02-14,【事件点评|国信化工】龙蟒佰利(002601)：节后开工钛白粉迎来新一轮提价,化工之诚
2019-02-14,龙蟒佰利（002601）快评：节后开工钛白粉迎来新一轮提价,国信研究
2019-02-14,"钛白粉行业调价点评:龙头企业库存压力下降,期待出口回暖",光大证券
2019-02-13,龙蟒佰利：国内外龙头相继涨价，钛白产业链景气上行,申万宏源
2019-02-13,龙蟒佰利上调主营产品钛白 粉价格提振业绩,证券日报
2019-02-12,龙蟒佰利：上调主营产品价格,金融界
2019-02-12,龙蟒佰利(002601.SZ)硫酸法钛白粉每吨售价国内上调500元 国际上调100美元,格隆汇
2019-02-12,龙蟒佰利：上调硫酸法钛白粉销售价格,e公司
2019-02-12,龙蟒佰利：上调各型号硫酸法钛白粉销售价,Wind
2019-01-29,"2018Q4化工重仓股分析:Q4基金化工股持仓环比下降,细分领域成长有亮点",申万宏源
2019-01-28,龙蟒佰利：耗资7.5亿元 完成回购计划,证券之星
2019-01-28,龙蟒佰利：回购股份实施完成 耗资7.5亿元,e公司
2019-01-25,龙蟒佰利：与奥图泰签署战略合作协议,e公司
2019-01-22,弱市重质！涨价主题接踵而至，六品种“摇钱有术”,Wind
2019-01-09,天然气板块业绩提升预期增强 六股有望率先发力,证券日报
2019-01-08,"化工行业2019投资策略:潮落拾遗珠,拥抱需求确定性",正点财经
2019-01-02,1月2日晚间上市公司十大重磅公告,巨丰财经
2019-01-02,龙蟒佰利：已累计回购6.63亿元股份,e公司
2019-01-01,史上最大规模！美的集团40亿回购实施完毕，2018年回购金额过亿元公司已达百家,证券时报网
2018-12-29,"龙蟒佰利:盈利能力可观,高分红有望延续",正点财经
2018-12-26,龙蟒佰利今日大宗交易成交225万股，成交价11.14元折价10.67%,Wind资讯
2018-12-26,龙蟒佰利：拟投资20亿元扩大钛白粉生产 优化产业链,投资快报
2018-12-26,790家上市公司全年业绩预喜,中证报
2018-12-25,龙蟒佰利：拟投资20亿元扩大钛白粉产业链项目投资,e公司
2018-12-25,龙蟒佰利：终止设立产业投资基金,Wind
2018-12-19,龙蟒佰利：20万吨氯化法生产线项目处于单机设备调试中,e公司
2018-12-19,龙蟒佰利：20万吨氯化法生产线项目处于单机设备调试中,Wind
2018-12-05,"基础化工行业周报:VA快速上涨,磷矿石、纯碱价格上调",安信证券
2018-12-04,钛白粉板块脱颖而出，安纳达强势封板,Wind
2018-12-03,龙蟒佰利：已累计回购2.46%股份 耗资6.63亿元,证券之星
2018-12-03,龙蟒佰利：已累计耗资6.63亿元回购2.46%股份,e公司
2018-12-03,曲线上市未果 多公司转战IPO,北京商报网
2018-12-03,子公司两年收6张环保罚单 龙蟒佰利注重环保却玩文字游戏 其他违规处罚,证券日报
2018-12-03,"龙蟒佰利首次覆盖报告:业绩维持稳健,关注海外库存进入上升期",光大证券
2018-11-29,产业资本大举出手吸筹投资者可以“跟”么？（附股）,重庆商报
2018-11-29,龙蟒佰利6收环保罚单 上半年治污投入占营业成本0.6% 其他违规处罚,新浪
2018-11-27,基础化工行业:布油跌破60美元萤石、维生素、复合肥价格上涨,安信证券
2018-11-26,近六成天然气概念股年报预喜 上游提价部分燃气公司业绩承压,证券日报
2018-11-26,龙蟒佰利环保违规 被绵竹市环保局罚款10万元 其他违规处罚,挖贝网
2018-11-25,龙蟒佰利：控股子公司收到环保部门行政处罚决定书 其他违规处罚,e公司
2018-11-25,化工：布油跌破60美元 荐5股,安信证券
2018-11-21,龙蟒佰利子公司获8项发明专利证书,中金在线
2018-11-20,化工：化工板块个股商誉情况梳理,方正证券
2018-11-20,"基础化工行业周报:氟化工继续上涨,磷酸二铵市场走高",安信证券
2018-11-13,龙蟒佰利：公司及子公司取得11项专利证书,证券之星
2018-11-13,龙蟒佰利：子公司获得政府补助逾400万元,证券之星
2018-11-13,中国证监会行政处罚决定书（刘坚）,证监会
2018-11-09,龙蟒佰利：已累计回购2.1%股份，耗资5.63亿元,Wind
2018-11-09,龙蟒佰利：已累计回购2.1%股份 耗资5.63亿元,e公司
2018-11-08,化工：盈利水平保持稳健 荐5股,安信证券
2018-11-08,大客户稳定性成疑 安宁股份IPO添堵,北京商报
2018-11-02,龙蟒佰利：已耗资3.54亿元回购1.33%股份,e公司
2018-10-29,"龙蟒佰利:业绩持续稳健,氯化法扩产夯实龙头地位",中证网
2018-10-24,【西南证券—龙蟒佰利公司点评】业绩稳定增长，氯化法项目进展顺利,微信
2018-10-23,"龙蟒佰利:钛白粉行业景气持续,回购彰显信心",安信证券
2018-10-22,龙蟒佰利：前三季度净利19.7亿元 同比增2.59%,e公司
2018-10-22,龙蟒佰利：前三季度净利润同比增2.59%,Wind
2018-10-16,龙蟒佰利将实施中期分红 拟10派6.5元,e公司
2018-10-10,钛白粉概念午后再度冲高，中核钛白强势涨停,Wind
2018-10-10,龙蟒佰利：公司20万吨氯化法生产线预计年底可实现单机试车,e公司
2018-10-08,龙蟒佰利：已耗资逾亿元回购公司0.4%股权,e公司
2018-10-04,龙蟒佰利股票分析：中报业绩逆市微涨，二期氯化法项目如期推进,南方财富网
2018-09-27,"龙蟒佰利:18上半年业绩微增2.33%,中报延续高分红,维持买入",正点财经
2018-09-26,生产成本加大，多家钛白粉公司宣布涨价,Wind
2018-09-25,巨丰热点前瞻：市场或将开启中期反弹 关注结构性机会,巨丰财经
2018-09-16,化工：尿素再破两千大关 荐3股,安信证券
2018-09-12,龙蟒佰利：目前钛白粉价格有支撑,Wind
2018-09-12,【太平洋化工】龙蟒佰利2018中报点评：行业龙头业绩稳健 新产能助推全球竞争力,太平洋化工
2018-09-11,环保限产及需求旺季来临 钛白粉价格将稳中有升,前瞻研究院
2018-09-11,环保限产叠加旺季来临钛白粉龙头再度涨价,Wind
2018-09-10,龙蟒佰利：四氯化钛价格近期上涨 对公司影响不大,e公司
2018-09-10,盘前必读公告：这些投资机会不容错过！,巨丰财经
2018-09-07,9月7日晚间上市公司十大重磅公告,巨丰财经
2018-09-07,龙蟒佰利：上调主营产品钛白粉销售价格,e公司
2018-09-07,龙蟒佰利：十月起钛白粉售价对国内客户上调300元/吨,Wind
2018-09-07,年内478家公司斥资236亿元回购，逾七成公司三季报业绩预喜,证券日报
2018-09-04,龙蟒佰利：首次回购169.6万股 耗资2301万元,e公司
2018-08-29,龙蟒佰利：目前钛白粉价格有支撑,e公司
2018-08-28,龙蟒佰利：20万吨/年氯化法生产线主体已基本竣工,e公司
2018-08-28,[推荐评级]民生化工行业周报：原油价格上涨 PTA产业链持续走高,中财网
2018-08-28,财通证券：龙蟒佰利买入评级,顶尖财经网
2018-08-28,【财通化工】龙蟒佰利(002601)：钛白粉持续景气，氯化法扩产打开成长空间,财通证券研究
2018-08-27,化工行业周报：环保继续趋严 看好PTA-涤纶产业链高景气,中财网
2018-08-24,龙蟒佰利联集团股份有限公司关于回购公司股份的报告书,证券时报
2018-08-22,[买入评级]龙蟒佰利(002601)中报点评：行业龙头业绩稳健 新产能助推全球竞争力,中财网
2018-08-22,[买入评级]龙蟒佰利(002601)中报点评：18上半年业绩微增2.33% 中报延续高分红 维持买入,中财网
2018-08-22,[强烈推荐评级]龙蟒佰利(002601)中报点评：高比例分红彰显投资价值 氯化法投产值得期待,中财网
2018-08-22,[推荐评级]龙蟒佰利(002601)中报点评：供需改善推动钛白粉行业景气延续,中财网
2018-08-22,191股获券商买入评级 东易日盛目标涨幅达119.42%,Wind
2018-08-22,【化工-袁善宸】龙蟒佰利2018半年报点评：中报符合预期，全产业链布局可期,安信证券研究
2018-08-21,龙蟒佰利（002601）：二季度业绩环比增长，持续夯实龙头地位,艾华新旧博弈
2018-08-21,龙蟒佰利上半年净利润13.41亿元 销售钛白 粉30.06万吨,上海有色
2018-08-21,[买入-A评级]龙蟒佰利(002601)中报点评：中报符合预期 全产业链布局可期,中财网
2018-08-21,龙蟒佰利：上半年净赚13.41亿元 拟每10股派6.5元,投资快报
2018-08-20,公告精选：万科上半年净利超91亿元；龙蟒佰利拟10派6.5元,e公司
2018-08-20,21日高送转：龙蟒佰利拟10派6.5元,中证网
2018-08-20,[快讯]龙蟒佰利:子公司申请银团贷款、项目前期贷款及公司为其提供担保等保证措施,中财网
2018-08-20,龙蟒佰利：上半年净利13.41亿元，同比增2.33%,Wind
2018-08-20,龙蟒佰利半年报：拟10派6.5元 实现营业收入52.6亿,新浪
2018-08-20,龙蟒佰利半年报拟10派6.5元 净利润13.4亿元,金融界
2018-08-20,龙蟒佰利：上半年净利13.41亿元 拟10派6.5元,e公司
2018-08-20,龙蟒佰利子公司获得政府补助42.6万元,金融界
2018-08-20,龙蟒佰利：上半年净利润同比增2.33%,Wind
2018-08-20,[推荐评级]化工行业周报：PTA价格再创新高 DMC、DMF价格上涨,中财网
2018-08-14,龙蟒佰利：具有全球影响力的钛白粉行业巨头 强烈推荐评级,东兴证券
2018-08-13,[推荐评级]民生化工周报：PTA-聚酯产业链价格再创四年新高,中财网
2018-08-13,钛白粉涨价改善行业盈利 7只中报预喜股配置价值凸显,证券日报
2018-08-10,龙蟒佰利合计收到政府补助60.68万元,金融界
2018-08-09,巨丰热点：钛白粉价格上调 概念股呈现活跃,巨丰财经
2018-08-09,巨丰热点前瞻：市场阶段性修整望延续 关注结构性机会,巨丰财经
2018-08-01,"基础化工及新材料行业深度报告:环保叠加供给侧,共促化工企业转型升级",华安证券
2018-07-26,逾百家公司掀回购潮 回购金额创历史新高,投资快报
2018-07-20,中国上市公司协会联合沪深交易所发布A股上市公司现金分红榜单,中上协
2018-07-13,数据王：场内资金跷跷板效应明显 两大板块两种策略,巨丰财经
2018-07-13,龙蟒佰利股票分析：股票回购计划彰显信心，行业淡季提前涨价,天风证券
2018-07-13,49家险企密集调研中小创，化学制品行业备受“宠”,Wind
2018-07-13,[增持评级]龙蟒佰利(002601)公司点评：股票回购计划彰显信心 行业淡季提前涨价,中财网
2018-07-12,龙蟒佰利大涨5.37%，报13.55元,腾讯网
2018-07-12,龙蟒佰利：目前股东股权质押风险可控,中证网
2018-07-12,龙蟒佰利大涨5.44%，报13.56元,腾讯网
2018-07-12,市场回调但钛白粉价格回暖 龙蟒佰利拟3亿至12亿元回购股份,财富动力网
2018-07-12,[推荐评级]龙蟒佰利(002601)公司动态：股份回购彰显发展信心 钛白粉行业景气有望延续,中财网
2018-07-12,两公司抛亿元级回购预案,大众证券报
2018-07-11,多家公司发布回购公告：龙蟒佰利等获得力捧,Wind
2018-07-11,龙蟒佰利：拟3亿至12亿元回购股份 价格不超18元/股,e公司
2018-07-11,龙蟒佰利：拟回购3亿元-12亿元，回购价格不超过18元/股,Wind
2018-07-11,[超配评级]基础化工行业2018中报业绩前瞻：供需趋于平衡 行业盈利持续改善,中财网
2018-07-11,"基础化工行业2018年中期投资策略:产能周期底部,关注龙头成长",国信证券
2018-07-10,数据王：银行股预期回落 81家中报业绩翻倍股短线走强,巨丰财经
2018-07-10,龙蟒佰利：钛白粉价格有较强支撑，行业持续处于供给紧平衡状态,Wind
2018-07-10,龙蟒佰利：将积极研究采取各种措施维护股价稳定,Wind
2018-07-10,钛白粉行业去周期化 龙蟒佰利2020目标产能130万吨,证券时报
2018-07-10,龙蟒佰利领涨钛白粉板块,证券之星
2018-07-10,龙蟒佰利：上半年钛白粉销量同比有一定增长 将积极维护股价稳定,e公司
2018-07-06,龙蟒佰利跌1.51%，创年度新低，报11.75元,腾讯网
2018-07-04,龙蟒佰利及控股子公司获得政府财政补贴271.2万元,金融界
2018-07-02,关联交易超额1倍迟披露收监管函 龙蟒佰利5年10次被采取监管措施,证券日报
2018-06-29,2018年6月29日新闻发布会,深交所
2018-06-29,[领先大市-A评级]涂料涂漆行业专题报告：环保高压 出口向好 钛白粉景气持续,中财网
2018-06-28,[买入评级]龙蟒佰利(002601)深度报告：产业链完整 成本优势明显 龙头企业在高景气度中受益,中财网
2018-06-28,龙蟒佰利：人民币贬值有利于产品出口,Wind
2018-06-27,券商首次关注9股并给予买入评级（6月27日）,Wind
2018-06-26,龙蟒佰利获得政府财政补贴220万元,金融界
2018-06-26,[中性评级]化工行业周报：原油价格大涨 关注钛白粉提价,中财网
2018-06-26,龙蟒佰利：钛白粉出口强劲 行业继续涨价,民生证券
2018-06-25,钛白粉拉升 龙蟒佰利领涨,证券之星
2018-06-25,早间公告：华铁股份拟回购不超10亿元股份,Wind
2018-06-24,公告精选：A股增持回购接力赛持续；龙蟒佰利上调钛白粉售价,e公司
2018-06-24,晚间重要公告2018年6月24日星期日,Wind
2018-06-24,龙蟒佰利：上调钛白粉销售价格,e公司
2018-06-12,龙蟒佰利：20万吨氯化法生产线预计2019年投产,中证网
2018-06-12,龙蟒佰利：公司及其子公司获得政府奖励资金380万元,金融界
2018-06-08,20股获券商买入评级，东旭蓝天目标涨幅达43.69%,Wind
2018-06-07,龙蟒佰利：今年出口情况好于内销 占比达55%,e公司
2018-06-07,龙蟒佰利：钛白粉产销保持平衡，出口好于内销,Wind
2018-06-05,钛白粉涨价预期强烈,中证报
2018-06-05,白马股重回A股舞台中央 6只超跌绩优股值得期待,证券日报
2018-06-04,【龙蟒佰利公司点评】深化资源战略布局，夯实国际竞争地位,微信
2018-06-04,看好中国|美丽中国——机构重点调研环保板块 估值有望修复,巨丰财经
2018-05-29,龙蟒佰利联手攀枝花市政府战略合作 欲整合大规模生产产业链,证券日报
2018-05-29,龙蟒佰利：拟投资50亿建设氯化法钛白 粉产业链,投资快报
2018-05-29,5年投资50亿 龙蟒佰利在川新建钛白粉产业链,每日经济新闻
2018-05-29,"化工行业周报:环保施压导致中间体限产,染料价格大幅上涨",证券之星
2018-05-29,"化工行业周报:油价短期下调释放风险,px、丙烯酸丁酯领涨",上海证券
2018-05-28,5月28日晚间上市公司十大重磅公告,巨丰财经
2018-05-28,晚间重要公告2018年5月28日星期一,--
2018-05-28,龙蟒佰利：拟50亿元投建氯化法钛白粉产业链,Wind
2018-05-28,[推荐评级]招商基础化工行业周报：二氯乙烷、草甘膦、醋酸涨幅居前 VA、VE、R410A跌幅较大,中财网
2018-05-25,下周1177亿市值限售股解禁，环比增3.7倍,Wind
2018-05-25,龙蟒佰利：控股子公司取得四项专利证书,金融界
2018-05-24,5月24日有61家公司获重要股东增减持 万里股份已被连续减持33次,Wind
2018-05-23,龙蟒佰利：钛白粉出口市场表现较好 国内需求趋于稳定,财富动力网
2018-05-23,机构资金最近入驻这些股,证券时报
2018-05-23,重大资产重组终止原因一句带过 龙蟒佰利收关注函,每日经济新闻
2018-05-22,国家环保高压势态会导致公司停产整顿吗？龙蟒佰利终止重组说明会部分问题,全景网
2018-05-22,[强于大市评级]深度*行业*化工行业周报：油价、环保接力催化 醋酸、染料、PTA价格上涨,中财网
2018-05-21,[路演]龙蟒佰利：继续看好下半年钛白粉国内和国际市场,全景网
2018-05-21,[路演]龙蟒佰利：环保政策趋严有利于龙头企业发展,全景网
2018-05-21,龙蟒佰利今日大宗交易成交19.34万股，成交价16.3元折价0.0%,Wind资讯
2018-05-21,龙蟒佰利领涨钛白粉板块,证券之星
2018-05-18,十大异动股点评：石油板块强势爆发 海油工程涨停,巨丰财经
2018-05-18,5月18日A股龙虎榜揭秘，机构抢筹4股,--
2018-05-18,龙蟒佰利复牌跌停 三机构席位联手卖出,e公司
2018-05-18,闪崩再现！重组失败、信托持股……如何控制风险,--
2018-05-18,龙蟒佰利龙虎榜数据（5月18日）,Wind
2018-05-18,机构席位抛售兴业矿业龙蟒佰利科锐国际等多股,Wind
2018-05-18,跌停板解密：股指大涨，重挫股仍在增加！（5月18日）,Wind
2018-05-18,龙蟒佰利跌停6亿股质押 现金流大跌三曝违法排污,中国经济网
2018-05-18,收购安宁铁钛失败 龙蟒佰利开盘跌停,金融界
2018-05-18,龙蟒佰利复牌跌停，公司终止收购安宁铁钛,Wind
2018-05-18,巨丰早参：两部门联合发文！加快推进5G技术产业发展,巨丰财经
2018-05-18,5月17日公告精选：盈峰环境拟超145亿并购中联环境；常山药业实控人及高管减持股份,和讯
2018-05-17,龙蟒佰利终止收购安宁铁钛 欲发行可转债为扩张“输血”,e公司
2018-05-17,龙蟒佰利终止重组改合作 公司股票明起复牌,股城网
2018-05-17,公告精选：峨眉山A实控人变更为乐山市国资委；盾安集团将于5月24日兑付债券“13盾安集MTN1”,每日经济新闻
2018-05-17,龙蟒佰利：终止收购安宁铁钛 将向其采购钛精矿,e公司
2018-05-17,龙蟒佰利终止重大资产重组 18日起复牌,金融界
2018-05-17,龙蟒佰利：拟发行不超18.54亿元可转债加码主业及补血,Wind
2018-05-10,[领先大市-A评级]化工行业2017年报2018一季报总结：盈利能力持续提升 资本配置回归稳健,中财网
2018-05-09,[看好评级]基础化工行业周报：聚氨酯、有机硅板块普涨 氢氟酸跌幅居前,中财网
2018-05-08,化工行业景气有望维持龙头集中度持续提升(附股),顶尖财经网
2018-05-04,龙蟒佰利：钛白粉价差扩大助力业绩增长,国海证券
2018-05-02,龙蟒佰利钛白 粉出口比例持续提升,上海有色
2018-05-02,化工行业2017和1Q18回顾：化工行业高景气延续 子行业分化依旧明显,中财网
2018-04-27,"龙蟒佰利:业绩稳定,钛白粉行业景气看好全年",安信证券
2018-04-23,龙蟒佰利：一季度净利润同比增2.17%,Wind
2018-04-23,[增持评级]基础化工周期品投资报告：2018年：高度关注海外产能和消费占比较高的化工品种,中财网
2018-04-18,[路演]龙蟒佰利：产能将逐步达到并超过70万吨,全景网
2018-04-18,高管面对面 | 30家上市公司2017年度业绩说明会 在全景·路演天下举行,全景网
2018-04-15,[中性评级]化工行业周报：中美贸易摩擦升级 化工是主要反制措施行业,中财网
2018-04-09,"龙蟒佰利:行业持续高景气,氯化法未来成长可期",证券之星
2018-04-05,"销售额首破百亿!龙蟒佰利去年赚了25个亿,净利暴增466%",银行信息港
2018-04-04,[增持评级]龙蟒佰利(002601)年报点评：收购钛矿 扩产钛白粉 龙蟒佰利打造全球钛白粉龙头,中财网
2018-04-04,[买入评级]龙蟒佰利(002601)年报点评：业绩大幅增长 行业景气预计仍可持续,中财网
2018-04-04,[买入评级]龙蟒佰利(002601)2017年年报点评：年报业绩高增长 子公司拟收购上游矿企股权进一步实现产业链延伸,中财网
2018-04-04,券商首次关注6股并给予买入评级(4月4日),Wind
2018-04-04,钛白粉延续高景气 龙蟒并表增厚业绩,红周刊
2018-04-04,"龙蟒佰利:分红超预期,龙头溢价持续",西南证券
2018-04-03,[推荐评级]龙蟒佰利(002601)年报点评：看好钛白粉行业景气 二期氯化法项目驱动未来增长,中财网
2018-04-03,龙蟒佰利：全资子公司购买攀枝花龙蟒矿产品公司7.2%股权,金融界
2018-04-03,龙蟒佰利：向全资子公司四川龙蟒矿冶公司增资3亿元,金融界
2018-04-02,晚间重要公告2018年4月2日星期一,--
2018-04-02,龙蟒佰利：2017年净利增长466.02% 拟10派5.5元,e公司
2018-04-02,龙蟒佰利：2017年净利润同比增4.7倍，拟10派5.5元,Wind
2018-04-02,化工行业观点聚焦：供需改善及油价上涨驱动 看好钛白粉、涤纶、煤化工、染料等,中财网
2018-03-27,行业供需有望继续改善 看好上半年钛白粉行业景气,中金在线
2018-03-27,钛白粉行业高景气度有望持续 四股或能再接再厉,证券之星
2018-03-26,龙蟒佰利拟收购安宁铁钛后者经营业绩波动较大,顶尖财经网
2018-03-21,龙蟒佰利拟收购安宁铁钛 后者经营业绩波动较大,中金在线
2018-03-21,龙蟒佰利拟近50亿收购安宁铁钛 标的公司去年曾IPO被否,每日经济新闻
2018-03-20,龙蟒佰利拟50亿收购供货商 钛白粉高利下企业积极扩张,e公司
2018-03-20,[看好评级]基础化工行业周报：有机硅行业景气提升 农药龙头高增长可期,中财网
2018-03-20,[买入评级]龙蟒佰利(002601)动态跟踪报告：加码上游钛资源 充分受益景气周期,中财网
2018-03-20,基础化工行业日报：三力士6.2亿元可转债获批,中财网
2018-03-20,龙蟒佰利并购安宁铁钛 钛白粉行业集中度加速提升,全景网
2018-03-19,龙蟒佰利午间公告 拟收购安宁铁钛100%股权,股城网
2018-03-19,3月19日午间公告：龙蟒佰利拟不超过50亿元收购安宁铁钛100%股权,中证网
2018-03-19,化工：农药龙头高增长可期 荐9股,东兴证券
2018-03-19,午间公告：龙蟒佰利因重大资产重组停牌，证通电子拟与和盛资本受让前海友胜80%股权,Wind
2018-03-19,交易提示：龙蟒佰利临时停牌,e公司
2018-03-19,拟披露重大事项，龙蟒佰利3月19日临时停牌,Wind
2018-03-19,[中性评级]化工行业周报：烧碱价格领涨 钛白粉景气持续,中财网
2018-03-19,化工行业周报：看好钛白粉、烧碱景气 关注锂电池材料和电子化学品,中财网
2018-03-16,龙蟒佰利股本6年膨胀20.62倍,长江商报
2018-03-14,[看好评级]基础化工行业周报：烧碱行业回暖 制冷剂涨势延续,中财网
2018-03-12,[推荐评级]民生化工行业周报：烧碱价格大幅上涨 氟化工产业链继续回暖,中财网
2018-03-12,化工行业周报：看好钛白粉、烧碱等涨价 关注电子化学品投资机会,中财网
2018-03-06,[看好评级]基础化工行业周报：染料行业维持高景气 煤制乙二醇迎来黄金期,中财网
2018-03-05,[推荐评级]民生化工行业周报：制冷剂、烧碱价格上涨 推荐巨化股份、滨化股份,中财网
2018-03-02,[推荐评级]钛白粉行业深度报告：供需紧平衡支撑高景气 看好行业继续复苏,中财网
2018-03-01,[买入评级]龙蟒佰利(002601)业绩预告点评：年报业绩高增长 国际龙头亨斯曼宣布钛白粉提价行业景气度再提升,中财网
2018-03-01,龙蟒佰利：国际龙头亨斯曼宣布钛白粉提价行业景气度再提升 买入评级,国海证券
2018-03-01,[买入评级]龙蟒佰利(002601)业绩快报点评：业绩符合预期 盈利持续提升,中财网
2018-02-28,[强烈推荐-A评级]龙蟒佰利(002601)点评：公司业绩实现高增长 行业景气度仍将持续,中财网
2018-02-27,龙蟒佰利：2017年净利润同比增463.95%（快报）,Wind
2018-02-27,龙蟒佰利：2017年净利同比增逾4倍,e公司
2018-02-27,晚间重要公告2018年2月27日星期二,--
2018-02-27,龙蟒佰利：收环保局《行政处罚决定书》,Wind
2018-02-26,[看好评级]基础化工行业周报：有机硅价格看涨 关注春耕用肥高峰,中财网
2018-02-26,钛白粉拉升 龙头龙蟒佰利,证券之星
2018-02-26,[强大于市评级]深度*行业*化工行业周报：油价上涨 PX-PTA价差扩大,中财网
2018-02-26,化工：关注春耕用肥高峰 荐9股,东兴证券
2018-02-26,钛白粉拉升 龙蟒佰利领涨,证券之星
2018-02-22,[超配评级]基础化工行业2月份投资策略及2018年报前瞻：行业改善持续 坚守绩优龙头,中财网
2018-02-14,龙蟒佰利：参与发起设立规模逾10亿元产业投资基金,金融界
2018-02-14,龙蟒佰利联手赛领资本设10亿产业基金 意欲整合钛白粉行业,全景网
2018-02-13,龙蟒佰利：子公司拟建设20万吨/年氯化法钛白粉项目,e公司
2018-02-13,[看好评级]基础化工行业周报：有机硅行业景气回暖 钛白粉维持高景气,中财网
2018-02-13,四家钛白粉上市公司业绩大增,证券时报
2018-02-12,钛白粉涨价有意愿没行动，业界预计春节后实施概率大，这几家上市公司迎来布局良机？,e公司
2018-02-11,龙蟒佰利：2018年上半年钛白粉价格稳定性有保障,Wind
2018-02-09,龙蟒佰利：上半年钛白粉价格的稳定性有保障,e公司
2018-02-09,龙蟒佰利：焦作基地硫酸法钛白粉限产30%,Wind
2018-02-09,化工行业研究：钛白粉景气依旧 看好2018 年价格,中财网
2018-02-09,今日最具爆发力的牛股,财界网
2018-02-09,42股获券商买入评级 中华企业目标涨幅达94.24%,Wind
2018-02-08,【招商研究】每日复盘与晨会精要（0208）:权重加速补跌,招商策略研究
2018-02-08,中财独家:沪弱深强八二分化该如何应对？+机构预测,中财网
2018-02-08,8日晚间机构研报精选：5股值得关注（名单）,和讯
2018-02-08,机构强烈看好 大胆买入8股,中财网
2018-02-08,[增持评级]龙蟒佰利(002601)公告点评：成本提升、出口旺盛 钛白粉报价上调,中财网
2018-02-08,[推荐评级]龙蟒佰利(002601)公司动态：钛白粉淡季提价 看好2018年行业景气,中财网
2018-02-08,龙蟒佰利发布调价公告 钛白粉高景气有望延续(受益股),金融界
2018-02-08,震荡回调中机构密集调研 六股望率先发力,证券日报
2018-02-07,干货！2月7日晚间重要公告速读,第一财经
2018-02-07,2月7日晚间上市公司十大重磅公告,巨丰财经
2018-02-07,晚间重要公告2018年2月7日星期三,--
2018-02-07,龙蟒佰利：上调钛白粉产品价格,Wind
2018-02-07,[强大于市评级]深度*行业*化工行业周报：油价震荡盘整 纯MDI、钛白粉价格上涨,中财网
2018-02-06,2月6日有71家公司获重要股东增减持 汉钟精机已被连续增持63次,Wind
2018-02-06,[看好评级]基础化工行业事件点评：国际国内巨头接连提价 钛白粉行业维持高景气,中财网
2018-02-06,[看好评级]基础化工行业周报：化工板块业绩披露亮点多 继续关注龙头白马,中财网
2018-02-05,钛白粉概念股活跃走强 龙蟒佰利涨超2%,证券时报网
2018-02-03,天然气价格大幅上涨紧缺或再现 六股受益,中证报
2018-02-02,钛白粉密集提价 “好日子”或延续至5月,中证报
2018-02-02,2月2日晚间上市公司十大重磅公告,巨丰财经
2018-02-02,龙蟒佰利：正扩建20万吨/年氯化法钛白粉生产线,顶尖财经网
2018-02-02,钛白粉继续涨价 或将持续至2018年上半年,e公司
2018-01-31,[看好评级]基础化工行业周报：农药原药、油服行业景气度有望继续提升,中财网
2018-01-30,涨价潮来袭 钛白粉行情看“涨”(受益股),中证报
2018-01-30,21家年报预喜公司连续3年利润增逾5成 4只个股受青睐,证券日报
2018-01-24,龙蟒佰利：未来进口钛矿需求增长较多 氯化法项目最新进展曝光,财富动力网
2018-01-22,龙蟒佰利：钛白粉新增产能有限 预计春节后销售将提升,e公司
2018-01-22,龙蟒佰利领涨钛白粉板块,证券之星
2018-01-17,化工：提前布局春季行情 荐7股,国信证券
2018-01-17,化工：提前布局春季行情 荐4股,国信证券
2018-01-16,2017年报业绩轮廓显露，27家增长超100%可提前确定,--
2018-01-15,龙蟒佰利：核心资产价值凸显 买入评级,西南证券
2018-01-15,机构推荐:周二具备布局8大潜力金股（1.15）,中证报
2018-01-15,35股获券商买入评级，隆鑫通用目标涨幅达52.33%,Wind
2018-01-15,沪指喜现“十一连阳”机构布局忙，215家被调研公司显现三大特征,Wind
2018-01-13,龙蟒佰利：国内钛白粉供需紧平衡的状态并未改变,e公司
2018-01-12,龙蟒佰利(002601)动态跟踪报告：龙头产能持续扩张核心资产价值凸显,中财网
2018-01-12,化工近八成公司预喜 低估值白马公司为投资优选标的,投资快报
2018-01-11,【挖题材】钛海科技钛白粉上涨500元/吨（附受益股）,顶点财经
2018-01-11,"年报披露即将,擦亮双眼提前甄选业绩真增长公司",红周刊
2018-01-11,钛海科技钛白粉上涨500元/吨 关注相关概念股,金融界
2018-01-11,龙蟒佰利：获得政府财政补贴129万元,金融界
2018-01-10,早盘主力资金净流入前50只个股(1月10日）,金投网
2018-01-10,基础化工行业事件点评：棚改超预期钛白粉值得期待,中财网
2018-01-09,基础化工行业周报：化工板块迎开门红原油连续四周上涨,中财网
2018-01-08,钛白粉板块午后明显拉升，龙蟒佰利大涨6%,Wind
2018-01-08,龙蟒佰利领涨钛白粉板块,证券之星
2018-01-08,A股新年首周开门红，三路资金抢筹初显机构布局大战略,Wind
2018-01-04,一财研选｜龙头市占率快速提升，这个行业将出现寡头格局！,第一财经日报
2018-01-03,化工行业周报：制冷剂价格涨幅居前关注环保税开征带来的投资机会,中财网
2018-01-03,基础化工行业周报：2018年周期股机会犹存成长股借势崛起,中财网
2018-01-02,龙蟒佰利：开启新一轮提价，看好竞争力,财界网
2018-01-02,国际巨头提价 钛白粉供货趋紧 价格趋势向上 5大概念股-[中财网],中财网
