date,sentence,col3
2021-12-31,汇川技术(300124)跟踪报告：汇川技术如何实现管理变革？,新浪
2021-12-31,汇川技术：海外一流车企一流项目定点是汽车业务明年重要规划,e公司
2021-12-31,汇川技术：公司目前没有光储直柔项目,每日经济新闻
2021-12-31,北向资金年内加仓超4300亿元创历史新高，宁德时代全年净买入超300亿,Wind
2021-12-31,汇川机电公司开业启动仪式圆满举行,中自网
2021-12-31,29股受青睐，北向资金增持额超亿元,证券时报网
2021-12-30,汇川技术获批“国家企业技术中心”，技术创新再添“国家级名片”,中自网
2021-12-30,新里程碑！本土工控巨头年度第1万台机器人下线,中自网
2021-12-29,十公司年内获上千家机构调研 迈瑞医疗、汇川技术最受关注,大众证券报
2021-12-29,“十四五”机器人产业、智能制造发展规划出炉，机器人产业迎来发展窗口期,Wind
2021-12-28,本年度第1万台下线，汇川机器人国产化进程加速,中自网
2021-12-28,中国工控巨头入选“全球未来50强”，汇川技术、恒立液压凭啥？,Ofweek
2021-12-28,汇川技术：未来采用伺服液压系统或者电动缸来实现挖掘机的控制是研究的方向，但目前还没有成熟的方案,每日经济新闻
2021-12-28,汇川技术：公司没有人形机器人或者类似机器人的规划,每日经济新闻
2021-12-28,汇川技术：公司不对伺服的台数进行披露,每日经济新闻
2021-12-28,“专精特新”企业想成功，底层逻辑是什么？,虎嗅网
2021-12-28,汇川技术：暂未有伺服产品在新型电网和新型电力系统领域有应用,Wind
2021-12-27,汇川技术动作不断，牵手佛山高明基业进军冷轧行业,中自网
2021-12-27,汇川技术年度第1万台机器人下线 为中国智造加速度,中自网
2021-12-26,11月电机榜：特斯拉夺得亚军 博格华纳跻身前十,第一电动网
2021-12-25,汇川技术︱前三季度净利进10亿，为何增收不增利？ 盈利能力下降,星空财富
2021-12-23,汇川技术(300124)：五大业务同步发展 新能源汽车产品快速增长,新浪
2021-12-21,汇川技术(300124.SZ)：914.96万股限制性股票12月23日上市流通,格隆汇
2021-12-21,阿童木机器人实地拜访汇川技术,Ofweek
2021-12-20,汇川技术：工控龙头自我革新，技术变革在路上,中自网
2021-12-20,新能源e周报丨两部门发通知鼓励新能源汽车下乡 国内个股集体下挫 机构研判： 锂价或持续维持高位,每日经济新闻
2021-12-20,北向资金增持市值超亿元股票（附名单）,证券时报网
2021-12-20,每日理财观察：理财产品流动性风险管理办法出台,Wind
2021-12-19,明星基金经理们，最新动作来了,Wind
2021-12-18,富时中国指数成分股大调整，外资布局2022年,Wind
2021-12-17,资本开支加大，油服迎周期性盈利改善,Wind
2021-12-17,最受机构关注上市公司前三名，年内均受超百家公募调研,资本邦
2021-12-17,汇川技术：目前新能源汽车业务板块尚未实现盈利,Wind
2021-12-17,北向资金大幅加仓股名单,证券时报网
2021-12-17,汇川技术：目前已搭建形成分层分类的激励体系，并在各体系实施,每日经济新闻
2021-12-17,汇川技术：目前新能源汽车业务板块尚未盈利，但收入规模在持续扩大,每日经济新闻
2021-12-17,2021十大最受机构关注公司　“抢手货”迈瑞医疗居首位,财富动力网
2021-12-16,聪投TOP30基金经理4季度最爱调研个股，竟然还是它,新浪
2021-12-16,年底公募基金调研忙，聚焦电子与生物医药,Wind
2021-12-16,年底公募基金调研忙 聚焦电子与生物医药,全景网
2021-12-15,52股获海外机构调研 汇川技术最受关注,证券时报网
2021-12-15,52家公司获海外机构调研 汇川技术最受关注,第一财经
2021-12-15,52家公司获海外机构调研,证券时报网
2021-12-15,机构岁末密集调研四大“赛道” 电气设备等行业受偏爱,大众证券报
2021-12-14,北向资金增持市值超亿元股票（附名单）,证券时报网
2021-12-13,海外机构调研股名单，汇川技术最受关注,Wind
2021-12-13,海外机构调研股名单 汇川技术最受关注,证券时报网
2021-12-13,汇川技术-高明基业国产化联合实验室揭牌,中自网
2021-12-12,陆家嘴财经早餐2021年12月12日星期日,Wind
2021-12-11,近一周机构调研个股曝光，这家公司获600多家机构组团调研,Wind
2021-12-11,华为，隐形光伏霸主！,新浪
2021-12-11,游资慌了？曝出利空，三连板的元宇宙小龙头有ST风险！工控界“小华为”被盯上，600多家机构组团调研！光学膜龙头透露利好,微信
2021-12-10,下周401亿市值限售股解禁，恒玄科技解禁139亿居首 解禁,Wind
2021-12-10,汇川技术(300124.SZ)：1701.4651万股限售股将解禁 解禁,格隆汇
2021-12-10,汇川技术(300124.SZ)1701.47万股限售股将于12月14日上市流通 解禁,智通财经
2021-12-10,汇川技术：约1701.47万股限售股12月14日解禁，占比0.648% 解禁,每日经济新闻
2021-12-10,北向资金本周净买入额创历史新高，连续6日抢筹贵州茅台累计加仓超47亿,Wind
2021-12-10,五粮液、用友网络等62股获北向资金增持额超亿元,证券时报网
2021-12-10,大曝光！外资216亿狂买这些股（名单）,Wind
2021-12-10,北向资金动向盘点：216亿不是重点，进攻宽度才是玄机,Wind
2021-12-10,豪气！北向资金扫货A股超216亿元，增持白酒银行，减持汽车配件（附股） 减持股份,21世纪经济报道
2021-12-09,海外机构调研97家上市公司 汇川技术最受关注,第一财经
2021-12-09,34股获20家以上机构调研 汇川技术最受关注,证券时报网
2021-12-09,基金密集调研442家A股上市公司 多位百亿元量级经理齐露面,证券日报
2021-12-08,汇川技术(300124.SZ)第一大股东汇川投资质押82.3万股,智通财经
2021-12-08,汇川技术：股东累计质押情况,每日经济新闻
2021-12-08,超300人参与调研！汇川技术（300124.SZ）或成下一个热点？工业机器人未来仍会保持较好增长,智通财经
2021-12-08,汇川技术：以伺服应用为主的下游行业，锂电池、光伏等明年仍有较好机会,Wind
2021-12-08,汇川技术：会进行新能源重卡布局,每日经济新闻
2021-12-08,汇川技术：公司会采购IGBT模块，用于公司的工业自动化产品和新能源汽车相关产品中,每日经济新闻
2021-12-08,汇川技术：换电站大小不一，汇川提供的产品及解决方案的价值量也是大小不等的,每日经济新闻
2021-12-08,汇川技术：公司一直是岸电设备行业的主要份额提供者,每日经济新闻
2021-12-08,汇川技术：公司有800v高压电驱电控和充电技术,Wind
2021-12-08,汇川技术：小鹏的800V高压SIC平台的量产车，是公司提供的800v高压产品,Wind
2021-12-08,汇川技术：工业软件业务是近年来公司的重点投入方向之一,Wind
2021-12-08,汇川技术接受136家机构调研！短期主力资金净流入，市场资金或早已察觉,每日经济新闻
2021-12-08,汇川技术接受16家机构调研！短期主力资金净流入，市场资金或早已察觉,每日经济新闻
2021-12-08,汇川技术接受18家机构调研！短期主力资金净流入，市场资金或早已察觉,每日经济新闻
2021-12-08,汇川技术接受184家机构调研！短期主力资金净流入，市场资金或早已察觉,每日经济新闻
2021-12-08,汇川技术：今年以来新能源汽车业务在收入和订单方面都取得了快速增长,e公司
2021-12-07,电气设备行业周报：光伏硅片下调报价 产业博弈出现拐点,新浪
2021-12-07,机械设备行业：透过历史看降准对机械行业的积极意义,广发证券
2021-12-07,外资月报第26期：外围扰动加剧 配置盘稳步流入,新浪
2021-12-07,新闻 | 汇川技术与精功科技达成战略合作,中自网
2021-12-07,电力电气设备-工业自动化跟踪：11月外资品牌涨价预期落地 本土厂商再迎利好窗口,新浪
2021-12-06,电力设备及新能源行业周报：风光大基地二期再加码 装机需求或将迎复苏,新浪
2021-12-06,电子行业简评报告：积塔半导体获80亿融资 加码车规芯片制造产能,新浪
2021-12-06,电气设备行业周报：11月新势力销量大超预期 欧洲销量环比回暖,新浪
2021-12-06,电力设备新能源行业周报：“蔚小理哪”11月销量破万 第二批风光大基地启动,新浪
2021-12-06,2021年基金，买了个“寂寞”,Wind
2021-12-06,机械设备行业：服务机器人 高速新赛道,新浪
2021-12-05,【太平洋机械】机械行业周报20211205：全球动力电池设备测算1000亿需求中枢，企业海外扩产未来趋势,太平洋机械大讲堂
2021-12-05,新能源行业每周观察：行业趋势已成：详解长沙国际储能大会四大看点,新浪
2021-12-05,机械设备行业跟踪周报：看好国产光伏锂电设备出海机会 建议关注双控边际影响削弱后通用自动化估值修复,新浪
2021-12-04,【最全】2022年工业自动控制系统装置制造行业上市公司全方位对比(附业务布局汇总、业绩对比、业务规划等),前瞻研究院
2021-12-04,北上资金年度净买入刷新历史纪录,Wind
2021-12-03,财信证券：给予汇川技术买入评级，目标价位90.8元,证券之星
2021-12-03,变频器缺货背后的工控行业缺芯之痛,Ofweek
2021-12-03,“一九”行情会否重演，机构重仓股成岁末博弈点,Wind
2021-12-02,跨年行情如何布局？机构普遍看好这三大赛道,Wind
2021-12-01,0.26s，汇川技术推出高速SCARA机器人,Ofweek
2021-12-01,北向资金12月首个交易日加仓A股30亿，紫光国微净买入超6亿元,Wind
2021-12-01,新能源汽车行业周报：小鹏三季度交付量创新高 毛利率提升显着,新浪
2021-12-01,电力电气设备：工业自动化跟踪：十四五信息化与工业化融合规划出台 加速工控企业数字化进程,新浪
2021-12-01,6只工业母机概念股11月以来获北上资金加仓,证券时报网
2021-12-01,大湾区红利释放新趋向，链接长三角特大城市——南京，产业协同共迎新机遇,Wind
2021-11-30,PMI点评：11月制造业PMI环比+0.9PP重返扩张区间 电力供应提升生产活动明显加快,新浪
2021-11-30,陆股通月报：11月北上资金有何动向？,新浪
2021-11-30,东兴证券研究所晨报,新浪
2021-11-30,汇川技术：前10月出货高效节能永磁电机300万台以上,Ofweek
2021-11-30,电力设备及新能源行业周报：政策推动分布式规范发展 提升电网智能化水平,新浪
2021-11-29,机械设备行业周报：建议关注工业机器人相关产业链,新浪
2021-11-29,机械设备行业研究周报：国内半导体设备行业将迎来高速发展,新浪
2021-11-28,汇川技术：目前订单交付正常，也符合经营预期,每日经济新闻
2021-11-28,汇川技术：公司还没有就“电机”产品类别的产品收入进行披露,每日经济新闻
2021-11-28,汇川技术：公司的电机主要应用在通用伺服配套的领域,每日经济新闻
2021-11-28,汇川技术：亨通光电属于公司下游终端用户,每日经济新闻
2021-11-27,下周524亿市值限售股解禁，潍柴动力、晶澳科技解禁市值超百亿 解禁,Wind
2021-11-26,汇川技术(300124.SZ)：286.35万股归属限制性股票将上市流通,格隆汇
2021-11-26,高瓴重金押注新能源之王！外资最宠爱银行小白马(名单),Wind
2021-11-25,2021年10月国内动力电池产量点评：产装继续维持高景气 三元装机有所回暖,新浪
2021-11-25,电气设备行业2021年10月国内新能源车销量点评：产销持续创记录 全年销量340万辆可期,新浪
2021-11-25,10月装机电量点评：装机量环比下降 三元份额有所回升,新浪
2021-11-24,【华创汽车·专题】800V架构渐近，引领电动产业链革新,Auto Workshop
2021-11-24,66股获海外机构调研 汇川技术最受关注,证券时报网
2021-11-24,汇川技术：前10月出货高效节能永磁电机300万台以上 相关解决方案较传统节能25%,e公司
2021-11-24,密集调研精挑细选，基金“备货”有的放矢,Wind
2021-11-23,69家公司获海外机构调研,证券时报网
2021-11-23,汇川技术今日大宗交易成交62万股，成交价65.65元折价5.01%,Wind
2021-11-23,电动车2021年三季报总结：行业景气度持续 电池盈利超市场预期 涨价环节弹性较大,新浪
2021-11-23,市场温度计：东吴策略·外资大幅买入成长,新浪
2021-11-22,市场资金面周观察：股市流动性回暖 银行间资金偏紧,新浪
2021-11-22,近日海外机构调研股名单,证券时报网
2021-11-22,北向资金今日净买入14.35亿元，宁德时代再获大幅净买入近17亿,Wind
2021-11-22,新能源行业每周观察：刚柔并济、海陆共进 直流输电开启新时代,新浪
2021-11-22,电力设备及新能源行业周报：国内户用光伏装机持续景气 双面组件重获美国关税豁免权,新浪
2021-11-22,机械设备：通用电子测量仪器市场空间及竞争格局,新浪
2021-11-22,机械设备行业周报：加快机器换人进程 关注自动化设备细分行业,新浪
2021-11-22,宁德时代、顺丰控股等34股获北向资金增持额超亿元,证券时报网
2021-11-22,34股获北向资金加仓超亿元,证券时报网
2021-11-22,专题｜智能制造板块业绩大增 “灯塔工厂”数字化变革的喜与忧,投资者网
2021-11-22,中信建投机械设备2022年投资策略报告：短期寻求α，中长期顺应双碳背景,Wind
2021-11-21,央行货币执行及表述变化对A股意味着什么,招商策略研究
2021-11-20,北向资金本周加仓111亿，抄底交运物流、汽车零部件等超跌板块，扫货这些龙头股（名单）,21世纪经济报道
2021-11-20,房地产合理贷款得到满足！A股普涨，本周北上资金买入百亿,Wind
2021-11-19,北向资金今日大幅净买入近83亿，再度爆买宁德时代超14亿,Wind
2021-11-19,房地产飙升3%提振大盘，北上资金依旧宠爱新能源,Wind
2021-11-19,A股资金流向：大金融午后发力，权重股获资金回流,Wind
2021-11-19,歌尔股份等23股获北向资金增持额超亿元,证券时报网
2021-11-19,北向资金动向盘点：反手减持食品饮料、医药,Wind
2021-11-19,北向资金抛售医药白酒，买入元宇宙、锂电概念（附股）,21世纪经济报道
2021-11-18,54股获海外机构调研 汇川技术最受关注,证券时报网
2021-11-18,54家公司获海外机构调研,证券时报网
2021-11-18,电力设备新能源行业周报：恩捷宁德强强联合 当升合作芬兰矿业 央行推出绿色金融工具,新浪
2021-11-17,汇川技术接受2家机构调研！短期主力资金净流入，市场资金或早已察觉,每日经济新闻
2021-11-17,汇川技术接受29家机构调研！短期主力资金净流入，市场资金或早已察觉,每日经济新闻
2021-11-17,汇川技术接受27家机构调研！短期主力资金净流入，市场资金或早已察觉,每日经济新闻
2021-11-17,汇川技术接受16家机构调研！短期主力资金净流入，市场资金或早已察觉,每日经济新闻
2021-11-17,汇川技术接受12家机构调研！短期主力资金净流入，市场资金或早已察觉,每日经济新闻
2021-11-17,电动车10月月报：行业景气度持续向上 电池技术升级加速,新浪
2021-11-17,电力电气设备-10月工控跟踪：供给约束 需求承压 增速回落,新浪
2021-11-17,实力不够招股书来凑，禾川科技上市能有几分把握？,和讯
2021-11-17,汇川技术：公司使用的连接器产品都是外采的，为新能源汽车提供电机、电控、三合一动力总成等部件,每日经济新闻
2021-11-17,汇川技术：公司与英飞凌是战略合作关系,每日经济新闻
2021-11-17,汇川技术：公司主要产品上需要用到IGBT产品及技术,每日经济新闻
2021-11-17,汇川技术：公司新能源乘用车业务方面的三合一产品已经实现批量销售,每日经济新闻
2021-11-16,工业数据点评：10月工业增加值同比+3.5% 装备制造业呈结构性高景气,新浪
2021-11-16,兴证策略：北上资金转为流出 成交热度继续回落,新浪
2021-11-16,电驱动赛道坡长雪厚，阳光电动力厚积薄发,凤凰网
2021-11-15,北向资金连续3日净买入累计加仓近160亿，中国中免获净买入超6亿元,Wind
2021-11-15,23股获北向资金加仓超亿元,证券时报网
2021-11-15,305家公司公布最新股东户数,证券之星
2021-11-13,北向资金本周净卖出约27亿元，抛售医药制造、酿酒行业，大幅加仓“宁王”和这只券商股,21世纪经济报道
2021-11-12,伺服电机行业产业链全景梳理及区域热力地图,ZAKER
2021-11-12,电动车10月销量点评：国内销量持续向上 自主车企表现亮眼,新浪
2021-11-10,工信部发布第350批新能源汽车《公告》行业点评：长城摩卡PHEV亮相 宁德时代配套近四成纯电车型,新浪
2021-11-10,北向资金大举出货超百亿连续4日净卖出，房地产产业链持续遭抛售,Wind
2021-11-10,电子电力技术研究会在苏州汇川顺利召开,中自网
2021-11-10,宁德时代、隆基股份等21股获北向资金增持额超亿元,证券时报网
2021-11-10,21股获北向资金加仓超亿元,证券时报网
2021-11-10,北向资金动向盘点：连续19个交易日净买宁德时代,Wind
2021-11-10,北向资金连续三日净卖出，抛售中国平安逾10亿，转而加仓这些龙头股（名单）,21世纪经济报道
2021-11-09,汽车行业专题研究：芯片供给改善 关注车市年底冲量,新浪
2021-11-09,北向资金成交低迷连续3日净卖出，中国平安遭大幅净卖出超10亿元,Wind
2021-11-09,汇川技术科研成果入选国家“十三五”科技创新成就展,纺织网
2021-11-09,苏州大学—汇川技术未来智能制造研究院揭牌,中国机经网
2021-11-09,上汽集团、宁德时代等26股获北向资金增持额超亿元,证券时报网
2021-11-09,中金2022年展望 | 工业自动化：机遇与挑战并存，龙头三维破局,中金点睛
2021-11-08,电气设备行业周报：十月欧洲销量平稳 硅料供需转向紧平衡,新浪
2021-11-08,电力设备及新能源行业周报：光伏行业国家博弈长期存在 海风大基地规划展开,新浪
2021-11-08,中信建投新能源行业每周观察：供不应求 隔膜环节盈利持续提升,新浪
2021-11-08,陆股通周监控：创业板仓位续创新高,新浪
2021-11-05,北向资金结束连续6日净买入，隆基股份连续3日遭抛售累计净卖出超30亿,Wind
2021-11-05,"汇川技术现1笔大宗交易 共成交1,234.80万元",新浪
2021-11-05,2022年中国伺服电机行业全景图谱,Ofweek
2021-11-05,士兰微、汇川技术等32股获北向资金增持额超亿元,证券时报网
2021-11-05,32股受青睐，北向资金增持额超亿元,证券时报网
2021-11-05,“聪明钱”最新动向：“光伏茅”被抛近9亿，宁德时代连续16日获净买入,21世纪经济报道
2021-11-05,不确定性消退，月度反弹开启,国盛证券
2021-11-05,险资调研热情空前高涨，对周期消费股特“来电”,Wind
2021-11-04,北上资金今日净买入士兰微5.86亿元、汇川技术5.44亿元，净卖出隆基股份8.96亿元、格力电器3.57亿元。,财联社
2021-11-04,北向资金稳步加仓连续6日净买入，新能源、大消费集体获抢筹,Wind
2021-11-04,汇川技术今日大宗交易成交62.30万股，成交价61.28元折价10.05%,Wind
2021-11-04,"汇川技术现1笔大宗交易 共成交3,817.74万元",新浪
2021-11-04,聪明资金爆买“宁王”，连续买入股仅3只,证券时报网
2021-11-04,高瓴资本3季度只减仓不加仓：安全边际、成长性重定位,Wind
2021-11-04,160股获20家以上机构调研 汇川技术最受关注,证券时报网
2021-11-04,26股获北向资金加仓超亿元,证券时报网
2021-11-04,A股早报2021年11月4日星期四,Wind
2021-11-04,汇川技术11月3日现2笔大宗交易,证券时报网
2021-11-04,公司在氢燃料电池方面有研究吗？汇川技术：在研究,每日经济新闻
2021-11-04,汇川技术：就当前经营来说，公司在储能业务方面目前已推出1000V、1500V储能逆变器产品，已有样板点搭建，更多产品及方案还在部署中,每日经济新闻
2021-11-04,公司储能技术是否已经转换成产品？汇川技术：有部分产品，但总体还在部署中,每日经济新闻
2021-11-04,高瓴资本三季度只减仓不加仓，安全边际与成长性需重新定位,Wind
2021-11-04,欣锐科技(300745)：车载碳化硅高压电控龙头 借势起航,新浪
2021-11-03,汇川技术今日大宗交易成交65.26万股，成交价60.58元折价9.05%,Wind
2021-11-03,高瓴资本三季度减仓：不确定增加成新常态，安全边际与成长性需要重新定位,21世纪经济报道
2021-11-03,汇川技术现2笔大宗交易 总成交金额3953.45万元,证券时报网
2021-11-03,"汇川技术现2笔大宗交易 共成交3,953.45万元",新浪
2021-11-03,科技制造行业11月月报：新能源仍是焦点 继续布局估值和增长匹配的制造业专精特新标的,新浪
2021-11-02,汇川技术：公司在储能方面有业务布局，目前还在部署中，公司没有给小鹏汽车提供电机产品,每日经济新闻
2021-11-02,汇川技术：电梯电气大配套和新能源汽车相关业务都是支撑公司发展的重要板块。其中，电梯业务相对成熟，新能源汽车相关产品业务仍处于战略投入期,每日经济新闻
2021-11-02,汇川技术：公司在储能业务方面目前已推出1000V、1500V储能逆变器产品,每日经济新闻
2021-11-02,汇川技术：长期借款包括信用借款、抵押借款和保证借款,每日经济新闻
2021-11-02,公司的产品有没有供应特斯拉？汇川技术：没有,每日经济新闻
2021-11-02,汇川技术：在新能源车换电站设备上，公司提供物联网模块、伺服、PLC、电机和变频器等产品，同时涉及到远程维护及升级技术、多轴运动控制、共直流母线节能技术等,每日经济新闻
2021-11-02,汇川技术：公司不会独立运营换电站，而是给换电站提供电气解决方案。目前合作的车企有蔚来、吉利、东风、江淮等,每日经济新闻
2021-11-02,中银证券维持汇川技术买入评级：三季报业绩符合预期，各项业务全面发展,每日经济新闻
2021-11-02,中银证券：给予汇川技术买入评级,证券之星
2021-11-02,北向资金连续4日净买入累计扫货近150亿，新能源龙头股集体获抢筹,Wind
2021-11-02,发改委调研汇川技术等公司 了解两业融合发展情况,财联社
2021-11-02,广东区域股市周报：板块总市值跌2460亿 海天味业挤进板块市值4强,每日经济新闻
2021-11-02,汇川技术获中金公司等机构调研，三季度QFII增持8900万股,阿尔法工场
2021-11-02,高瓴4大调仓逻辑曝光，接下来看好这些方向,Wind
2021-11-02,高瓴A股持仓最全梳理！三季度调仓哪些公司？密集调研透露关注方向,Wind
2021-11-02,电力设备新能源行业周报：2030碳达峰行动方案出台 政策刺激新能源板块行情,新浪
2021-11-02,汇川技术接受2家机构调研！短期主力资金净流出，或存在资金分歧,每日经济新闻
2021-11-02,成本上涨！又一食品龙头宣布提价，PPI正在向消费传导？,Wind
2021-11-01,"汇川技术现1笔大宗交易 共成交2,910.49万元",新浪
2021-11-01,高瓴资本三季报A股持仓全扫描,Wind
2021-11-01,【浙商电新|邓伟】汇川技术：通用自动化再现强增长韧性──2021Q3业绩点评,伟娓道来话新能
2021-10-31,单周超400家机构调研！科达利扩产动力电池结构件受关注,Wind
2021-10-31,电气设备行业：三季报好于预期 重视一体化组件公司的重要投资价值,新浪
2021-10-31,汇川技术：取得数项专利证书和软件著作权证书,财联社
2021-10-30,创业板12年成绩单亮了！总市值突破13万亿,Wind
2021-10-30,181股获买入评级 最新:白云机场,中财网
2021-10-30,爆棚了！元宇宙概念龙头获超400家机构调研,Wind
2021-10-29,狂买“小而美”，抛售“大白马”！百亿基金新增重仓股曝光,Wind
2021-10-29,华安证券维持汇川技术买入评级：工控平台布局日趋完善，电车业务驶入快车道,每日经济新闻
2021-10-29,北向资金连续13个月加仓A股，隆基股份获大幅净买入超10亿,Wind
2021-10-29,汇川技术今日大宗交易成交24.74万股，成交价60.54元折价7.19%,Wind
2021-10-29,西部证券维持汇川技术买入评级，2021年三季报点评：Q3 各项业务协同发展，拟设立基金支撑长期发展,每日经济新闻
2021-10-29,汇川技术前三季扣非净利增69% 第三季扣非增23%,中国经济网
2021-10-29,东莞证券维持汇川技术推荐评级，2021年三季度点评：营销策略有效落地，毛利率短期承压,每日经济新闻
2021-10-29,德邦证券维持汇川技术增持评级：竞争力获持续验证,每日经济新闻
2021-10-29,全志科技(300458)：AIOT产品需求旺盛 业绩表现优异,新浪
2021-10-29,A股新股破发成常态，中证协、沪深交易所联手整治网下报价异常,Wind
2021-10-28,【东吴电新】汇川技术2021年三季报点评：工控领跑行业，电控量价齐升,新兴产业汇
2021-10-28,中泰证券维持汇川技术增持评级：业绩符合预期，智能制造龙头加速远航,每日经济新闻
2021-10-28,中泰证券：给予汇川技术增持评级,证券之星
2021-10-28,干货！2021年中国变频器行业龙头企业市场竞争格局分析 汇川技术VS英威腾？,前瞻研究院
2021-10-28,北向资金逆市加仓超71亿，贵州茅台获大幅净买入13亿元,Wind
2021-10-28,平安证券：给予汇川技术买入评级,证券之星
2021-10-28,平安证券维持汇川技术强烈推荐评级：保持良好发展势头，工控龙头不断成长,每日经济新闻
2021-10-28,汇川技术三季报净利增长66.31%，北上资金增持8900万股,阿尔法工场
2021-10-28,12月调研机构家数TOP20榜单出炉 汇川技术位居榜首！,智通财经
2021-10-27,汇川技术：第三季度净利同比增长28.34%,金融界
2021-10-27,汇川技术：2021年第三季度净利润约9.29亿元，同比增长28.34%,每日经济新闻
2021-10-27,汇川技术：第三季度净利9.29亿元 同比增长28.34%,财联社
2021-10-27,汇川技术：拟投资设立基金，布局与业务相关的上中下游企业,Wind
2021-10-27,汇川技术：第三季度净利润同比增长28.34%,Wind
2021-10-27,汇川技术：前三季度净利润同比增长66.31%,Wind
2021-10-27,禾川科技回复科创板二轮问询 营收相差大 上交所追问以汇川技术对标比较毛利率合理性,中华网
2021-10-26,电机、电控喜忧参半 芯片国产化亟待突破,36氪
2021-10-26,汇川技术推出大功率变桨驱动+储能产品，为减碳加速,世纪新能源
2021-10-26,电力设备及新能源行业周报：光伏户用装机维持高景气 风电分散式项目有序展开,新浪
2021-10-26,又一波知名基金经理调仓了！赵诣大幅减持重仓股，邹曦增持三一重工潍柴动力，李化松坚守迈瑞医疗 减持股份,财联社
2021-10-26,【银河电新周然】行业周报 | 特斯拉三季报表现亮眼，9月光伏装机环比下滑 盈利能力下降,中国银河证券研究
2021-10-26,刘格菘、黄兴亮、邹曦、陈一峰等知名基金经理三季报持仓大曝光！,Wind
2021-10-25,“周期高手”融通邹曦披露三季报 逆势增配地产与基建,新浪
2021-10-25,电气设备周报：国家能源局积极推动风电光伏 9月户用光伏装机量超预期,新浪
2021-10-25,“双碳”顶层文件下发，图解绿电+新能源赛道基金持仓！,Wind
2021-10-24,激增900%，这类基金彻底火了！,Wind
2021-10-23,工控界小华为业绩大增，汇川技术要触底反弹？,搜狐
2021-10-23,计算机行业周报：详解智能制造/机械能否穿越PMI周期？,新浪
2021-10-21,干货！2021年中国变频器行业竞争格局及市场份额分析 国产品牌市场占比较少,前瞻研究院
2021-10-21,北向资金减持榜单：54股减持市值超5000万元,证券时报网
2021-10-20,深度*行业*机械设备行业周报：风光大基地一期约100GW有序开工 建议相关光伏、风电、锂电设备板块,新浪
2021-10-20,北向资金两日净买入80亿，连续五日加仓宁德时代,Wind
2021-10-20,汇川技术荣获“维科杯·OFweek2021中国智造数字化转型优秀供应商奖”,Ofweek
2021-10-19,深度*行业*电力设备与新能源行业10月第3周周报：风光大基地持续推进 电动车产销再创新高,新浪
2021-10-19,电气设备行业周报：国内电车产销两旺 硅料价格持续上涨,新浪
2021-10-19,先进制造：“十四五”风电下乡50GW 零部件及主机龙头持续受益,新浪
2021-10-19,【银河电新周然】行业周报丨三季报前瞻：锂电维持高景气度，光伏关注硅料及辅材环节,中国银河证券研究
2021-10-19,公司有没有运用于VR相关的产品？汇川技术：没有,每日经济新闻
2021-10-19,公司有没有打算将汇川技术改名为汇川自动化？汇川技术：没有,每日经济新闻
2021-10-19,汇川技术：公司会持续在机床行业寻找机会，同时会持续做好产品和方案,每日经济新闻
2021-10-19,汇川技术：公司会持续跟进氢储能相关技术,每日经济新闻
2021-10-18,贝思特公司的营收，其中的新机和维保各占比是多少呢？汇川技术：主要是新机，维保占比非常小,每日经济新闻
2021-10-18,汇川技术跌3.71% 中信证券七月下旬喊买目标价96元,中国经济网
2021-10-18,深度*行业*机械设备行业周报：能源短缺背景下绿电前景广阔 能源结构转型利好锂电、光伏设备,新浪
2021-10-18,机械设备周报：工业制冷设备投资梳理,新浪
2021-10-18,北向资金大幅加仓股名单,证券时报网
2021-10-18,电气设备周报：光伏产业链价格上涨 需求逻辑全面兑现,新浪
2021-10-18,陆家嘴财经早餐2021年10月18日星期一,Wind
2021-10-17,首批“茅”概念业绩出炉，“医药女神”大举加仓中药茅,Wind
2021-10-15,新能源汽车行业跟踪报告：动力电池产装两旺 磷酸铁锂装机渗透近六成,新浪
2021-10-15,起底大佬｜为什么谢治宇是王者段位,证券之星
2021-10-15,2021年9月国内新能源车销量点评：产销再创新高 上调全年销量预期至320万辆+,新浪
2021-10-15,机械行业2021年三季报业绩前瞻：Q3整体业绩符合预期 建议关注细分赛道龙头,新浪
2021-10-15,8只工业母机概念股获百家以上机构调研,证券时报网
2021-10-15,57股获券商买入评级，正邦科技目标涨幅达133.99%,Wind
2021-10-15,高端数控机床产销两旺 工业母机概念股大涨,证券时报
2021-10-14,新能源汽车大爆发背后，谁将是下一个万亿级赛道？,中汽协
2021-10-14,工业母机大爆发，订单排至明年3月，8股获超百家机构调研（附股）,证券时报网
2021-10-14,东吴证券：给予汇川技术买入评级，目标价位73.8元,证券之星
2021-10-14,汇川技术：预计前三季度净利为23.22亿元-26.22亿元 同比增长55%-75%,中证网
2021-10-14,汇川技术前三季度净利预增55%–75%，新能源汽车业务订单快速增长,阿尔法工场
2021-10-14,汇川技术：预计2021年前三季度盈利23.22亿至26.22亿元 净利润同比增长55.00%至75.00%,资本邦
2021-10-14,汇川技术(300124)：业绩预报略低于预期 盈利端增长承压,新浪
2021-10-13,晚间重要公告2021年10月13日星期三,Wind
2021-10-13,汇川技术(300124.SZ)第三季度预盈8.69亿元-10.13亿元 同比增长20%-40%,格隆汇
2021-10-13,汇川技术：前三季度净利预增55%–75%,新浪
2021-10-13,汇川技术：预计第三季度净利润同比增长20%-40%,第一财经
2021-10-13,汇川技术：预计第三季度净利润同比增长20%-40%,Wind
2021-10-13,新能源汽车行业周报：9月欧洲电动车渗透率再创新高,新浪
2021-10-12,汇川技术跌7% 中信证券七月下旬喊买目标价96元,中国经济网
2021-10-12,新能源汽车行业跟踪报告：动力电池结构创新技术频出 旨在打造差异化优势,新浪
2021-10-12,汇川技术大跌7%！逼近高瓴成本线 ，“作业”还能抄吗?,证券之星
2021-10-12,A股收盘综述：煤炭期货、股票走势背离困扰市场，钢铁、燃气、券商、稀土大幅调整,Wind
2021-10-12,汇川技术年产1100万台伺服电机项目开工 打造岳阳智能制造新优势,中自网
2021-10-12,148家公司获机构调研（附名单）,证券之星
2021-10-12,汇川技术：联合动力仍是公司全资子公司,每日经济新闻
2021-10-12,汇川技术：对于整个与储能有关的业务，公司在做分析与研究,每日经济新闻
2021-10-11,公司是否有计划投入“减速器”的研发和生产？汇川技术：有相关技术储备，但还没有开发和生产计划,每日经济新闻
2021-10-11,汇川技术西安研发中心启幕,纺织网
2021-10-11,电力设备及新能源行业周报：风光基地建设推进 电网结构机会明确,新浪
2021-10-11,布局新能源！汇川技术又有新动作,中自网
2021-10-10,电气设备行业周报：基本面强势得验证 继续看好新能源,新浪
2021-10-09,汇川技术接受49家机构调研，通用自动化业务增速稳定,阿尔法工场
2021-10-09,汇川技术接受5家机构调研！短期主力资金净流入，市场资金或早已察觉,每日经济新闻
2021-10-09,汇川技术：公司通用自动化业务整体还是呈现比较好的增长态势,Wind
2021-10-08,北向资金今日净卖出25.72亿元，贵州茅台遭大幅净卖出超11亿元,Wind
2021-10-08,机械设备行业周报：9月制造业PMI低于荣枯线 制造业增速回调,新浪
2021-10-08,北向配置资金左侧布局“冬季躁动”,证券之星
2021-10-08,34股获券商买入评级，中国电建目标涨幅达69.89%,Wind
2021-10-07,北交所8只新股相对估值分析：锦好医疗适合长期投资吗？,搜狐
2021-10-06,重点关注新能源领域！高瓴资本最近动作频频,Wind
2021-10-05,北向资金最新动作：加仓多只细分行业龙头，大幅度减仓金融股,格隆汇
2021-10-04,电动车2021年中报总结：景气度持续向上 价格弹性环节盈利高增,新浪
2021-10-02,三季度机构调研名单出炉，772家机构扎堆调研这家公司,Wind
2021-09-30,45股获买入评级 最新:伊利股份,中财网
2021-09-30,汇川技术(300124)：汇川技术的复盘与展望-工控与工业机器人系列深度,新浪
2021-09-30,汇川技术：公司有产品应用在该领域，销售占比尚不大,Wind
2021-09-30,汇川技术：本次多地发生限电限产是多种原因造成的，总体来说目前对公司的影响较小,每日经济新闻
2021-09-30,国力股份：2020年，公司的主要客户包括GIGAVAC、汇川技术、宁德时代等公司,每日经济新闻
2021-09-29,汇川技术：目前公司电梯业务占总收入的比重为三分之一左右,每日经济新闻
2021-09-29,汇川技术：公司的机器人业务还是围绕工业领域进行,每日经济新闻
2021-09-29,新能源汽车行业周报：合资电动车缺乏爆款 市场份额下滑,新浪
2021-09-28,北向资金节前连续三日加仓累计净买入90亿，东方财富净买入超6亿元,Wind
2021-09-28,汇川技术拟向子公司增资18亿元，强化新能源车业务,阿尔法工场
2021-09-28,汇川技术和清华大学成立联合实验室,中自网
2021-09-28,市场资金面周观察：央行呵护流动性 进一步降准可期,新浪
2021-09-28,机构调研“马不停蹄”，布局路线图浮现,Wind
2021-09-27,汇川技术：拟向子公司增资18亿元,中证网
2021-09-27,汇川技术(300124.SZ)拟向联合动力增资18亿元推动新能源汽车业务,智通财经
2021-09-27,汇川技术：拟向联合动力增资18亿元,财联社
2021-09-27,汇川技术：拟向联合动力增资人民币18亿元,Wind
2021-09-27,电气设备行业周报：奔驰加速电动化 风电板块估值迎修复,新浪
2021-09-27,北向资金今日净买入14.77亿元，白酒股连续第二日遭疯抢,Wind
2021-09-27,"汇川技术现1笔大宗交易 共成交2,116.50万元",新浪
2021-09-27,汇川技术今日大宗交易成交34万股，成交价62.25元折价5.01%,Wind
2021-09-27,电力设备及新能源行业周报：主辅材价格强势 电网结构机会明确,新浪
2021-09-27,电力设备行业动态分析：新能源车销量稳定上行 风电增长确定性强化,新浪
2021-09-27,5倍牛股刚回调，高瓴景林蜂拥而来，北向资金已行动,Wind
2021-09-27,机械设备行业周报：机器换人不断加速 工业机器人稳定增长,新浪
2021-09-27,北向资金增持市值超亿元股票（附名单）,证券时报网
2021-09-27,多家知名中外资机构调研汇川技术,格隆汇
2021-09-27,北上资金流入A股速度趋缓，连续七周加仓16股,Wind
2021-09-27,北上资金流入A股速度趋缓 连续七周加仓16股,证券时报
2021-09-27,碳中和、大基地政策逐步明朗 | 兴证电新 · 每周观察,兴业电新
2021-09-26,实锤！宁德时代新设公司合伙人系汇川技术前副总裁 或违反竞业协议,财联社
2021-09-26,锂电设备行业专题之二：中道设备,新浪
2021-09-26,聪明资金最新动向曝光！连续11周加仓这个行业,Wind
2021-09-26,电气设备新能源行业周报：二线电池价格探涨缓解成本压力 8月新能源装机超市场预期,新浪
2021-09-26,北向资金大比例加仓名单来了！白酒王者归来 这家公司增持最多,财联社
2021-09-26,北向资金动向盘点：重回食品饮料，重手净买39.5亿元,Wind
2021-09-26,北向资金节前扫货！大幅增持五粮液茅台，减持这些股,Wind
2021-09-25,北向资金节前扫货白酒，大幅增持五粮液、贵州茅台等个股，减持这些行业（附名单） 减持股份,21世纪经济报道
2021-09-25,电气设备行业重大事项点评：LG化学持续完善锂电池产业链,新浪
2021-09-25,电气设备行业跟踪报告：丰田的电气化发展战略,新浪
2021-09-25,电气设备行业重大事项点评：蜂巢能源动力电池产能规划已达150GWH,新浪
2021-09-24,电气设备行业专题报告：特斯拉及造车新势力中报：二季度盈利持续向好 交付量高增 新车型打开增长空间,新浪
2021-09-24,北向资金疯狂抢筹大消费板块，五粮液创历史最大净买入,Wind
2021-09-24,汇川技术现1笔大宗交易 共成交205.03万元,新浪
2021-09-24,汇川技术今日大宗交易成交3.30万股，成交价62.13元折价4.68%,Wind
2021-09-24,电力设备及新能源行业周报：光伏装机持续增长 整县推进试点公布,新浪
2021-09-24,汇川技术：目前公司电梯业务经营稳健,每日经济新闻
2021-09-24,汇川技术：公司目前没有规划服务机器人业务,每日经济新闻
2021-09-24,北向资金动向盘点：你涨你的造纸，我还是看好电新,Wind
2021-09-24,A股万亿常态成交，三季度以来逾千家公司获机构调研,Wind
2021-09-23,提前防御？基金机构调研数据显露端倪,Wind
2021-09-23,汇川技术：实控人赠与部分股票及股权给其女儿 双方构成一致行动关系,财联社
2021-09-23,汇川技术(300124.SZ)实控人将其部分股票及股权赠与给其女儿,智通财经
2021-09-23,汇川技术：实控人拟将所持2060.2万股股票无偿赠与给其女儿,Wind
2021-09-23,深度*行业*机械设备行业周报：宁德时代、蜂巢能源公布新扩产计划 推荐锂电设备板块,新浪
2021-09-23,新能源汽车行业周报：新能源汽车自主品牌销量占比提升,新浪
2021-09-23,北向资金净卖出43.09亿元，阳光电源逆势获净买入近7亿元,第一财经
2021-09-23,北向资金净卖出额创近一个月新高，银行股遭大幅抛售,Wind
2021-09-23,热门公司调研机构云集，34家看涨逾100%,Wind
2021-09-23,周报：金融产品交易量跟踪报告第42期,新浪
2021-09-23,汇川技术：新能源汽车电驱&电源系统业务今年仍是战略亏损年份，但会保证交付,Wind
2021-09-22,汇川技术接受2家机构调研！短期主力资金净流出，或存在资金分歧,每日经济新闻
2021-09-22,机械设备行业周报：工控自动化优势明显 工程机械景气度回升,新浪
2021-09-22,电气设备行业周报：新能源汽车持续向前推进 风电“十四五”装机预期提升,新浪
2021-09-22,2大重仓股赚300亿！高瓴A股投资版图来了（名单）,Wind
2021-09-18,电动车2021年8月专题报告：8月国内销量大超预期 海外环比回落不改长期趋势,新浪
2021-09-18,汇川技术西安研发中心启幕,中自网
2021-09-18,注册制新股纵览：国力股份：国内电子真空器件领先企业 积极拓展新兴应用领域,新浪
2021-09-17,贵州茅台、汇川技术等44股获北向资金增持额超亿元,证券时报网
2021-09-17,北向资金动向盘点：持仓市值再度低于2.5万亿元,Wind
2021-09-16,中秋假期前外资暂时离场净卖出超30亿，万科A净卖出额创近4年新高,Wind
2021-09-16,汇川技术今日大宗交易成交7.60万股，成交价65.15元溢价0.0%,Wind
2021-09-16,机械设备工业数据点评：生产、投资均呈结构性高景气 高技术制造业持续引领,新浪
2021-09-16,宁德时代(300750)：布局新型电池及电驱动 期待加速成长,新浪
2021-09-15,电气设备行业简评报告：新能源车渗透率创新高 绿电交易助力双碳目标实现,新浪
2021-09-15,电力设备与新能源行业周报：绿点交易试点落地 光伏产业链价格持续上扬 8月电动车销量超预期,新浪
2021-09-15,2021年8月国内新能源车销量点评：产销两旺超预期 全年超300万辆可期,新浪
2021-09-15,创业板指跌超1%，宁德时代、爱尔眼科、智飞生物、亿纬锂能、汇川技术全线调整,Wind
2021-09-14,汇川技术：坚定投入新能源汽车电驱&电源系统业务,Wind
2021-09-14,宁德时代拟设立合资公司布局电驱系统 合伙人之一疑似汇川技术原核心成员,财联社
2021-09-14,港股异动 | 中软国际(0354.HK)一度涨超6% 与汇川技术全面战略合作,格隆汇
2021-09-14,电新1H21业绩回顾：景气延续 多点开花,新浪
2021-09-13,中国软件国际(00354.HK)与汇川技术达成全面战略合作 全球首款OpenHarmony工业智能操作系统正式启动,格隆汇
2021-09-13,中国软件国际：与汇川技术达成全面战略合作，启动OpenHarmony工业智能操作系统,Wind
2021-09-13,电动车8月销量点评：国内销量大超预期 自主车企稳步增长 车型向多元化发展,新浪
2021-09-13,电力设备新能源行业周报：电池龙头加大布局力度 光伏装机四季度旺季确定性高,新浪
2021-09-13,全志科技携手汇川技术 加速工业控制应用落地,中电网
2021-09-13,北向资金净卖出额创近一个月新高，白酒、有色股遭抛售,Wind
2021-09-13,电力设备及新能源行业周报：电网3500亿美元投资 推进新型电力系统建设,新浪
2021-09-13,电气设备行业周报：8月新能源汽车产销两旺 光伏产业链价格持续微涨,新浪
2021-09-13,陆家嘴财经早餐2021年9月13日星期一,Wind
2021-09-12,磷概念爆了，龙头获超百家机构调研，透露重要信息！,Wind
2021-09-12,基金圈炸锅！三年最牛暴赚537%，更有五倍大牛基（名单）,Wind
2021-09-11,汇川技术：跟进和调研屋顶光伏发电市场,Wind
2021-09-11,汇川技术：会积极参与双碳战略下能源方面业务,Wind
2021-09-11,汇川技术：基于双碳战略下能源方面的业务机会，公司会积极参与其中,每日经济新闻
2021-09-11,2021年H1电动车行业数据总结：电动车2021年H1淡季不淡 爆款车型引爆需求,新浪
2021-09-11,汇川技术：与全志科技成立“工业控制应用联合实验室”,e公司
2021-09-10,A股市场流动性热点跟踪：8月外资流入复盘,新浪
2021-09-10,北向资金连续三周加仓累计净买入600亿，中远海控获大幅净买入近10亿元,Wind
2021-09-10,北向资金动向盘点：逢涨净卖周期股,Wind
2021-09-09,连续净流入11天 “聪明钱”狂买这些公司,证券导报
2021-09-09,汇川技术：公司海外业务目前占比仍较小,Wind
2021-09-09,汇川技术：公司已有小型、中型PLC产品,Wind
2021-09-09,专精特新“小巨人”专题 | 晨会掘金,中信建投证券研究
2021-09-09,蔚来小鹏掉线 8 月榜单，三季度产能角逐谁将胜出？,ZAKER
2021-09-08,北向资金结束连续12日净买入，中国平安、歌尔股份净卖出均超6亿元,Wind
2021-09-08,调研记录|汇川技术（300124.SZ）：市场需求旺盛，原材料库存周转较快 已于7月底完成对汇川控制少数股东股权的收购,智通财经
2021-09-08,工业母机板块持续走弱,经济观察报
2021-09-08,五条主线挖掘新型电力系统主题,大众证券报
2021-09-08,美的集团、紫金矿业等36股获北向资金增持额超亿元,证券时报网
2021-09-08,机器人产业投资机遇显现 银华基金9月6日起发行全市场首只机器人ETF,凤凰网
2021-09-08,盘前情报丨苹果新品发布会时间敲定；贝壳否认赴港上市传闻,21世纪经济报道
2021-09-08,北向资金动向盘点：重手净买“化工”，逻辑还是“新能源车”,Wind
2021-09-08,北向资金再度爆买60亿元，大幅扫货这些行业与个股（名单）,21世纪经济报道
2021-09-08,中信建投高端制造团队最新研究,中信建投证券研究
2021-09-07,数据复盘｜化工板块主力资金净流入最多 龙虎榜机构抢筹12股,证券时报网
2021-09-07,北向资金追平年内最长净买入纪录累计加仓超550亿，美的集团净买入超11亿元,Wind
2021-09-07,特斯拉超级充电桩项目即将验收 新能源车又一痛点有望被解决？,财联社
2021-09-07,5G通信、物联网、云计算、人工智能、机器人，谁是“数字新基建”之王？,养基司令
2021-09-07,新能源汽车行业周报：小鹏汽车发布二季度财报,新浪
2021-09-07,14股获券商买入评级，比亚迪目标涨幅达29.94%,Wind
2021-09-07,宏微科技赵善麒：厚积薄发，打造IGBT民族品牌,上证报
2021-09-07,易会满重磅发声！北上资金连续11天买买买，释放强烈信号,Wind
2021-09-06,北向资金连续11日净买入累计扫货近500亿，宁德时代大幅净买入超15亿元,Wind
2021-09-06,“喝酒吃药”行情再起，主力资金开始切换赛道？,Wind
2021-09-06,比亚迪8月销量创新高，“哑铃型”销量结构有望改变 | 兴证电新 · 每周观察,兴业电新
2021-09-06,机械行业2021年半年报综述：高端制造迎来黄金投资期,新浪
2021-09-06,功率半导体加速国产替代，造车新势力率先出手,盖世汽车
2021-09-06,财信证券基金行业9月展望：近3个月资金流向明确，调整月报组合医药品种,财信证券研究
2021-09-06,三大热门赛道财报透视，高研发投入下业绩迎爆发,Wind
2021-09-06,三大热门赛道财报透视 高研发投入下业绩迎爆发,证券时报
2021-09-05,宏微科技：国产IGBT（附深度）,半导体风向标
2021-09-04,一周北上资金｜净买入279亿元，这一品类的股票被巨额加仓,上游新闻
2021-09-04,一周北上资金继续大满贯！净买入279亿元,Wind
2021-09-04,广东区域股市周报：380家机构调研华测检测 兆新股份涨38.44%涨幅第一,每日经济新闻
2021-09-04,168.33亿元主力资金本周撤离电气设备板块,证券时报网
2021-09-04,华安中证新能源汽车ETF净值下跌3.63%,新浪
2021-09-04,国泰中证新能源汽车ETF联接C净值下跌3.46%,新浪
2021-09-04,国泰中证新能源汽车ETF联接A净值下跌3.45%,新浪
2021-09-04,平安科技创新混合A净值下跌4.84%,新浪
2021-09-03,北向资金连续10日扫货累计加仓近460亿，药明康德、隆基股份净买入均超8亿元,Wind
2021-09-03,锂不香了，新能源批量跌停，北上资金却逆市抄底,Wind
2021-09-03,最全锂电产业龙头：机构抱团突破2万家，盈利增速创十年新高，北上资金猛加仓5股，高增长潜力股请收藏,证券时报网
2021-09-03,北上资金猛加仓5股，高增长锂电潜力股请收藏,第一财经
2021-09-03,最全锂电产业龙头榜单，高增长潜力股请收藏,证券时报网
2021-09-03,科技制造行业先进制造2021年9月月报：聚焦专精特新 继续布局估值和增长匹配的中小市值标的,新浪
2021-09-03,金风科技、明阳智能、电气风电、运达股份、东方电气等20家上市企业涨停！为啥？,北极星电力
2021-09-03,46股受青睐，北向资金增持额超亿元,证券时报网
2021-09-03,7月电机榜：蔚然动力跻身前三 特斯拉跌出前五,第一电动网
2021-09-02,深交所上半年成绩单：逾八成深市公司上半年实现盈利，创业板总市值跻身全球第二,华夏时报
2021-09-02,一场新革命正在全球掀起，普通人或迎来几十年少见的投资机遇,小白读财经
2021-09-02,104股今日获机构买入评级,证券时报网
2021-09-02,新能源仍是最靓的仔，32股10CM+强势反包,Wind
2021-09-02,汇川技术(300124)2021H1业绩点评：工控领头五大业务 进一步巩固龙头地位,新浪
2021-09-02,注册制改革释放创新活力 创业板“半年考”完美收官,中国金融新闻网
2021-09-02,QFII密集调研209家公司，逾163亿元北向资金加仓这些股,第一财经
2021-09-01,A股共发生117宗大宗交易成交69.8亿元（9月1日）,Wind
2021-09-01,电控，新能源车中未发育成熟的赛道，仍有机会！,星空财富
2021-09-01,创业板指半年报业绩亮眼 八成公司营收净利双重增长,全景网
2021-09-01,北向资金净买入额创一个月新高连续8日加仓，伊利股份、贵州茅台净买入均超6亿元,Wind
2021-09-01,汇川技术今日大宗交易成交3.18万股，成交价70.6元溢价0.0%,Wind
2021-09-01,又一功率半导体商上市，股价涨逾208%，市值超83亿元,36氪
2021-09-01,持续高速增长 创业板上半年营业收入达1.17万亿元,中证网
2021-09-01,深市“期中考”揭晓：近四成公司净利同比增长超50%，创业板注册制成效显着,经济观察网
2021-09-01,有“锂”也暴跌！3000亿龙头盘中闪崩跌停，“宁组合”巨震，保险券商盘中狂飙…分化割裂已成主流？,证券时报
2021-09-01,市值超1900亿！被称为“小华为”的汇川，凭什么打破欧美垄断？,中自网
2021-09-01,深耕功率半导体芯片及器件，宏微科技登陆科创板开启“新篇章”,中自网
2021-09-01,创业板2021年半年度业绩持续高增长，发展活力和韧性持续提升,资本邦
2021-09-01,【北向资金持仓月报】169股增仓超50%,证券时报网
2021-09-01,基金持仓动向：兴证全球基金董承非二季度加仓这些股（名单）,中金在线
2021-09-01,北向资金23亿加仓电子元件，净卖出中国平安逾20亿元（名单）,21世纪经济报道
2021-09-01,创新活力释放 近九成创业板公司半年报实现盈利,上证报
2021-09-01,绩优基金业绩“推手”曝光，隐形重仓股涨幅惊人,Wind
2021-08-31,八成创业板公司上半年盈利 战略性新兴产业增长强劲,证券日报网
2021-08-31,超八成深市公司上半年盈利，新能源产业链表现抢眼,第一财经
2021-08-31,深交所：上半年创业板公司净利润同比增长33.56%，龙头企业表现亮眼,智通财经
2021-08-31,突然被关闭交易权限，400亿顶流基金经理朋友圈发难，公司紧急回应！,和讯
2021-08-31,深市创业板2021年半年度业绩持续高速增长,Wind
2021-08-31,北上资金8月份净买入269.05亿元 连续11个月净买入,证券时报网
2021-08-31,数据复盘｜北向资金连续7日净流入 龙虎榜机构抢筹江特电机等股,证券时报网
2021-08-31,北向资金连续7日净买入8月累计加仓270亿，中国平安逆势遭抛售超20亿,Wind
2021-08-31,谢治宇、周应波、刘格菘、陆彬、赵诣等明星基金经理“隐形重仓股”曝光！,中国基金报
2021-08-31,宁德时代跌3.31%，中芯国际跌4.58%，双创ETF(588300)长期配置价值明显,资本邦
2021-08-31,海希通讯答精选首轮问询，市场竞争力、核心技术独立性被关注,资本邦
2021-08-31,爆款基金受关注 市场吹起“谨慎风”,金融投资报
2021-08-31,5000亿“光伏茅”又飙新高！高瓴8个月赚150亿,Wind
2021-08-31,5000亿“光伏茅”又飙新高！高瓴彻底火了：8个月暴赚150亿！740亿A股最新持仓大曝光,中国基金报
2021-08-30,电力设备及新能源行业周报：需求驱动涨价 光伏景气度有望持续,新浪
2021-08-30,投融资周报｜小度科技51亿美元估值完成B轮融资 极氪完成5亿美元融资,观察者网
2021-08-30,一周机构调研：167家上市公司被调研，504家机构集中调研了这家公司,每日经济新闻
2021-08-30,北向资金连续6日净买入累计加仓近200亿，继续大手笔加码新能源股,Wind
2021-08-30,电气设备行业周报：光伏下游景气度提升 天赐材料再度加码产能扩张提速,新浪
2021-08-30,爆款基金中报受关注 部分基金保持谨慎,金融投资报
2021-08-30,电气设备行业周报：再看光伏的持续性,新浪
2021-08-30,中期业绩向好！北上资金偏爱加仓龙头 光伏概念股再掀涨停潮,财华社
2021-08-30,互动平台热点集要,第一财经
2021-08-30,500多家机构齐调研这只股，多只锂电龙头被盯上,Wind
2021-08-30,43股受青睐，北向资金增持额超亿元,证券时报网
2021-08-30,千合资本等34家百亿私募出手！“女人的茅台”获504家机构调研 ！刘彦春、赵诣等明星基金经理盯上这些个股,21世纪经济报道
2021-08-30,太火爆！500多家机构齐调研医美龙头，透露这些重要信息！多只锂电龙头被盯上,中国基金报
2021-08-29,千合资本等34家百亿私募出手！“女人的茅台”获500家机构调研 ！刘彦春、赵诣等明星基金经理盯上这些个股,21世纪经济报道
2021-08-29,500多家机构齐调研医美龙头：透露赴港上市等信息 多只锂电龙头被盯上,凤凰网
2021-08-29,21私募投融资周报（8月23日-8月29日）,21世纪经济报道
2021-08-29,华瓴资本有投资公司吗?汇川技术：没有,每日经济新闻
2021-08-29,汇川技术：工业机器人业务是公司的战略业务,Wind
2021-08-29,公司在新能源产业方面有没有布局储能方面的业务?汇川技术：目前正在探索中,每日经济新闻
2021-08-29,公司的设备需要用到工业自动化零部件吗？汇川技术：有用到,每日经济新闻
2021-08-29,汇川技术：目前有编码器类和开关类,每日经济新闻
2021-08-29,汇川技术：工业机器人业务是公司的战略业务,每日经济新闻
2021-08-29,傅鹏博、赵诣等明星基金经理最近瞄准哪些机会？,Wind
2021-08-29,【创投复盘】小度科技以51亿美元估值完成B轮融资；国漫平台“快看”APP完成2.4亿美元融资,和讯
2021-08-29,陆家嘴财经早餐2021年8月29日星期日,Wind
2021-08-28,汇川技术：公司主要的竞争对手是境外品牌公司，包括安川、三菱、松下、西门子、ABB、施耐德、台达等,每日经济新闻
2021-08-28,汇川技术：上半年主要产品处于“保供保交付”状态,Wind
2021-08-28,汇川技术：公司电机所配高精度传感器是自制,Wind
2021-08-28,汇川技术：今年上半年公司产品的综合毛利率是38.32%，同比下降1.49% 盈利能力下降,每日经济新闻
2021-08-28,汇川技术：公司下游分散，没有单一行业单一客户集中情况,每日经济新闻
2021-08-28,汇川技术：公司没有生产机床的想法,每日经济新闻
2021-08-28,汇川技术：通过合作伙伴为宁德时代间接提供产品,Wind
2021-08-28,汇川技术：海外业务进展因疫情有所放缓,Wind
2021-08-28,医药板块回调明显 相关主题基金集体下跌,金融投资报
2021-08-28,苦练公司治理“内功” 实现由大到强飞跃,上证报
2021-08-28,鹏扬先进制造混合A净值上涨4.41%,新浪
2021-08-28,北上资金连续11个月加仓，狂买光伏股,Wind
2021-08-28,北上资金连续11个月加仓 狂买光伏股,证券时报
2021-08-27,华泰证券：维持汇川技术(300124.SZ)“买入”评级 目标价上调45%至87.45元,智通财经
2021-08-27,又一波顶流公募基金经理隐形重仓股名单 翔宇医疗、纳微科技、巨星科技等在列,财联社
2021-08-27,汇川技术(300124)：强阿尔法工控龙头 优势尽显,新浪
2021-08-27,8月险资调研热情持续发酵：特种化工、钢铁重拾青睐，永太科技月内涨幅超80%,财联社
2021-08-27,广纳人才重金研发 深圳上市公司勇闯科技“无人区”,上证报
2021-08-26,工业AI公司聚时科技完成数亿元A+轮融资，汇川技术领投,36氪
2021-08-26,机构强烈推荐34只个股-更新中,中财网
2021-08-26,【方正电新】汇川技术：多点开花，新能车业务高增长,申建国电新团队
2021-08-26,葛兰、谢治宇、傅鹏博、焦巍…又一波隐形重仓股名单来了，翔宇医疗、纳微科技、巨星科技等在列,财联社
2021-08-26,茅台“降价”吓趴白酒，两大主力资金却连续加仓,Wind
2021-08-26,78公司获得增持评级-更新中,中财网
2021-08-26,人工智能公司「聚时科技」宣布完成数亿元人民币A+轮融资,投中网
2021-08-26,工业人工智能公司聚时科技获数亿元A+轮融资,36氪
2021-08-26,融资丨「聚时科技」获数亿元A+轮融资，汇川技术领投,创业邦
2021-08-26,56股获20家以上机构调研 洽洽食品最受关注,证券时报网
2021-08-26,中证500指数创新高 上游资源材料股集体加速,财富动力网
2021-08-26,新鲜早科技丨传美国已批准向华为出售汽车零部件芯片；蜻蜓FM等APP因侵害用户权益遭下架；汽车之家二季度营收利润全面下滑,21世纪经济报道
2021-08-26,工业AI公司聚时科技完成数亿级人民币A+轮融资,Wind
2021-08-26,36氪首发 | 半导体制造及机器人业务增长，工业AI公司「聚时科技」完成数亿级人民币A+轮融资,36氪
2021-08-25,【华西电子孙远峰-每日观点＆资讯】（2021-08-26）,远峰电子
2021-08-25,【调研纪要】汇川技术：新能源汽车电驱&电源系统订单爆发式增长（20210825）,微信
2021-08-25,晚间公告热点追踪：曲江文旅上半年亏损大幅收窄 7亿欠款难追回,新浪
2021-08-25,简评：立讯精密、金博股份、传音控股、汇川技术,证券之星
2021-08-25,北向资金连续三日加仓累计净买入超百亿，大幅抄底白酒股,Wind
2021-08-25,72股今日获机构买入评级 24股上涨空间超20%,证券时报网
2021-08-25,2021年中国高层外墙清洗机器人市场需求现状分析 高层建筑增长催生大量市场需求,前瞻研究院
2021-08-25,西部证券维持汇川技术买入评级，近期获12份券商研报关注，目标均价涨幅30%,每日经济新闻
2021-08-25,京创先进完成超亿元B轮融资，已实现12英寸全自动精密划片机国产替代,C114通信网
2021-08-25,西南证券首予汇川技术持有评级：通用自动化行业领跑，核心业务显着放量,每日经济新闻
2021-08-25,京创先进宣布完成超亿元B轮融资，由中芯聚源领投,资本邦
2021-08-25,中泰证券给予汇川技术增持评级，业绩超预期，智能制造龙头加速远航,每日经济新闻
2021-08-25,微光股份：公司目前向汇川技术供应外转子风机,Wind
2021-08-25,西南证券：首予汇川技术“持有”评级 订单饱满 新能源业务有望持续放量,智通财经
2021-08-25,精锻科技(300258)：收入环比跑赢行业 长期看好电动化“红利”,新浪
2021-08-25,汇川技术(300124)：中报符合预期 内外兼修抓机会 多点开花高成长,新浪
2021-08-25,汇川技术发布2021年半年度报告,中自网
2021-08-25,江苏半导体精密划切设备研制商「京创先进」完成超亿元B轮融资,36氪
2021-08-25,京创先进完成超亿元B轮融资 专注半导体划切设备国产化,财联社
2021-08-25,46股获20家以上机构调研 汇川技术最受关注,证券时报
2021-08-25,汇川技术业绩说明会火爆 高瓴、睿远等约300家机构参与,e公司
2021-08-25,基金早班车|聪明资金关注标的盘点！军工回调，消费主题还能投吗？,金融界
2021-08-25,平安证券：新能源汽车在全球市场的渗透正迎来新一轮提速,证券时报网
2021-08-25,中信证券：给予汇川技术目标价96元 维持“买入”评级,e公司
2021-08-25,中信证券：维持汇川技术“买入”评级 目标价96元,财联社
2021-08-25,汇川技术（300124）：全面提升，加码核心产品,中信证券研究
2021-08-25,利润最高增长121%，上半年汇川技术、蓝海华腾、英威腾、合康新能等企业业绩亮眼,自动化网
2021-08-24,【东吴电新】汇川技术2021年中报点评：工控需求旺盛、替代加速，电车订单高增、ASP提升,新兴产业汇
2021-08-24,消费参考丨消费股跌出性价比了吗？,21世纪经济报道
2021-08-24,民生证券维持汇川技术推荐评级：工控、新能源汽车业务双龙头地位持续巩固,每日经济新闻
2021-08-24,安信证券维持汇川技术买入评级：多业务共同发力，工控龙头实现高增，目标价88元,每日经济新闻
2021-08-24,【浙商电新|邓伟】汇川技术：业务全面开花，伺服市占率大幅提升 ──2021中报点评,伟娓道来话新能
2021-08-24,德邦证券维持汇川技术增持评级，通用伺服高速增长，盈利能力提升展现管理变革成效,每日经济新闻
2021-08-24,利润翻倍股价难涨？汇川漂亮财报下的隐忧,格隆汇
2021-08-24,创业板注册制一周年 创业板指行稳致远,全景网
2021-08-24,华安证券维持汇川技术买入评级：业绩符合预期，工控业务高速增长,每日经济新闻
2021-08-24,汇川技术上半年净利润增长102% 核心业务取得高速发展,上证报
2021-08-24,东吴证券：维持汇川技术(300124.SZ)“买入”评级 目标价101.2元,智通财经
2021-08-24,【西部宏观张静静】宏观视角下：A股因何抱团？风格何时切换？,静观金融
2021-08-24,汇川技术上半年净利润同比增加近102%,证券日报网
2021-08-24,平安证券给予汇川技术强烈推荐评级，业绩表现亮眼，工控龙头加速成长,每日经济新闻
2021-08-24,电力电气设备行业工业自动化跟踪：2Q21需求稳健 国产亮眼,新浪
2021-08-24,今日242公司公布半年报 63家业绩增幅翻倍,证券时报网
2021-08-24,创业板“焕新”已入佳境，七大维度全面解读,Wind
2021-08-24,一图读懂汇川技术2021年中报,中金在线
2021-08-24,创业板“焕新”已入佳境 七大维度全面解读,证券时报
2021-08-24,创业板指大涨 两市成交持续破万亿,深圳商报
2021-08-24,【早间资讯】2021-08-24,大通证券投教基地
2021-08-24,晨会0824｜人民币汇率波动对国内流动性有何影响？,中信证券研究
2021-08-24,电气设备行业周报：电动车政策利好频发 宁德时代落户上海,新浪
2021-08-24,创业板改革并试点注册制一周年丨坚持“四明”思路 助力科技、资本和实体经济高水平循环,证券时报
2021-08-24,智能汽车进化论,量化藏经阁
2021-08-24,财经早报：央行释放重要信号加大信贷支持力度 1新股今日申购,新浪
2021-08-24,【中证盘前】工业母机火了！概念股提示风险；人工关节高值耗材国家集采将启动；海南矿业上半年净利增近30倍,中证报
2021-08-24,【东吴晨报0824】【行业】电新【个股】新钢股份、天工国际、恒顺醋业、青鸟消防、中国联通、吉宏股份、稳健医疗、千禾味业、盈峰环境,东吴研究所
2021-08-24,长信创新驱动股票净值上涨3.15%,新浪
2021-08-24,安信创新先锋混合发起A净值上涨3.70%,新浪
2021-08-24,安信创新先锋混合发起C净值上涨3.69%,新浪
2021-08-24,A股强势反弹，多个板块批量涨停，三大核心赛道会持续崛起？,Wind
2021-08-24,A股强势反弹，多个板块现批量涨停，三大核心赛道会持续崛起？,Wind
2021-08-24,三大股指强势反弹，机构看好高端制造,Wind
2021-08-24,基金和上市公司半年报披露多位明星基金经理隐形重仓股,证券时报
2021-08-24,刘彦春坚守大消费 傅鹏博持续加仓晶丰明源,全景网
2021-08-24,创业板强力拉升 A股全线放量反弹,重庆商报
2021-08-23,机构、上市公司致创业板注册制周年“寄语”：改革再出发 谱继往开来新章,21世纪经济报道
2021-08-23,汇川技术：上半年归母净利高增101.81% 核心板块实现高增长,中金在线
2021-08-23,汇川技术上半年净利润同比翻倍 拟投17亿元扩大产能,e公司
2021-08-23,创业板注册制开审一年枝繁叶茂：创新创业是底色 优势行业大放异彩,证券日报网
2021-08-23,公告精选：工业母机概念股科德数控提示风险；云铝股份、攀钢钒钛等业绩大增,e公司
2021-08-23,汇川技术：拟近17亿元投建工业电机及高压变频器项目,e公司
2021-08-23,A股头条之上市公司（8.24）,金融界
2021-08-23,业绩报喜 | 这家公司上半年净利增长近30倍,第一财经
2021-08-23,优化产能布局 汇川技术(300124.SZ)拟16.96亿元新建工业电机项目、高压变频器项目,智通财经
2021-08-23,“新基建、碳中和、新能源”多概念加持 汇川技术(300124.SZ)半年度归母净利同比增101.81%,智通财经
2021-08-23,汇川技术：上半年净利同比增102% 拟投建工业电机项目及高压变频器项目,财联社
2021-08-23,汇川技术：拟投资设立子公司暨建设生产厂房及配套设施,Wind
2021-08-23,汇川技术：上半年净利润同比增长101.81%,Wind
2021-08-23,解密行业龙头 | 高端制造业“牛市”,红周刊
2021-08-23,A股大幅反弹北向资金加仓超18亿，持续加码高景气板块,Wind
2021-08-23,深度*行业*机械设备行业周报：全球首批管式PECVD异质结电池下线 HJT产业化进程持续加速,新浪
2021-08-23,超3000股上涨，5000亿巨头却跌停，什么情况,Wind
2021-08-23,A股强势反弹，工业母机批量涨停，新龙头闪现？,Wind
2021-08-23,富临精工、德方纳米涨超8%，新能源车ETF(159806)涨超3%,资本邦
2021-08-23,上机数控涨停，机械ETF(516960)涨超2%,资本邦
2021-08-23,7月装机电量点评：装机量同比大增环比维稳 铁锂份额稳定,新浪
2021-08-23,A股涨幅扩大，双创基金（159783）大涨2.5%，盘中成交超3亿元位列双创类ETF第一,资本邦
2021-08-23,电气设备行业周报：光伏出口那些事儿,新浪
2021-08-23,29股获北向资金加仓超亿元,证券时报网
2021-08-23,电气设备行业周报：异质结技术再迎突破 宁德时代牵手上海政府,新浪
2021-08-23,【银河电新周然】行业周报丨多省发布“十四五”氢能产业规划，全国碳市场首月交易价涨量缩,中国银河证券研究
2021-08-23,上市公司董事长寄语,证券日报
2021-08-23,整县推进加快推动，电动车需求继续旺盛 | 兴证电新 · 每周观察,兴业电新
2021-08-23,创业板注册制一周年系列报道——公司这样说,证券日报
2021-08-22,A股明日风口：全球第四代核电技术首个商业化示范项目开始装料,新浪
2021-08-22,【安信中小盘】宏微科技、远信工业-次新股资讯0822,AX中小盘研究
2021-08-22,混合动力汽车产业链全景梳理及区域热力地图,ZAKER
2021-08-21,德邦证券首予汇川技术增持评级：工控龙头在“平原”业务中大放异彩,每日经济新闻
2021-08-20,嘉实基金姚志鹏，强调的是「一种大国崛起的使命感」,新浪
2021-08-20,爱柯迪上半年净利1.98亿元 智能电动汽车订单占比提升,证券时报
2021-08-20,发那科 VS ABB VS 安川电机，谁才是全球工业机器人之王？,Ofweek
2021-08-20,碧桂园?美好中国ESG100指数完成2021年度调仓,新浪
2021-08-20,独家！发那科 VS ABB VS 安川电机工业机器人技术布局对比(附专利总量对比、合作申请对比、重点专利布局对比等),前瞻研究院
2021-08-20,爱柯迪 | 2021H1：业绩短期扰动 电动智能加速开拓【华西汽车 崔琰团队】,汽车琰究
2021-08-20,华宝未来主导混合A净值上涨4.33%,新浪
2021-08-19,爱柯迪(600933)：Q2业绩承压 有望否极泰来,新浪
2021-08-19,北向资金年内第三次单日净卖出超百亿，中国平安遭大幅抛售超18亿,Wind
2021-08-19,“宁组合”挖掘者姚志鹏再推新基 嘉实远见先锋正发售,每日财报
2021-08-18,解密主力资金出逃股 连续5日净流出573股,证券时报网
2021-08-18,泓德基金邬传雁多只产品年内表现不佳 长期主义能否拨云见日,GPLP犀牛财经
2021-08-18,“碳中和”推动下，“十年十倍”赛道魅力尽显！新能汽车（159824）今年已涨39.98%,资本邦
2021-08-18,长江证券首席策略分析师包承超：中国制造迎来投资“黄金赛道”,Wind
2021-08-17,两市共发生92宗大宗交易 机构抢筹这些个股,第一财经
2021-08-17,浙商策略：“专精特新”机构配置规模近5000亿 外资配置规模持续上升,王杨一东吴策略
2021-08-17,大洋电机：公司在新能源汽车动力总成相关产品方面，目前同行主要包括博世、日本电产、汇川技术、麦格米特、方正电机、卧龙电驱、蓝海华腾等,每日经济新闻
2021-08-17,【浙商策略】机构对“专精特新”的配置如何？| 流动性估值跟踪,王杨策略研究
2021-08-17,"汇川技术现2笔大宗交易 共成交6,784.00万元",新浪
2021-08-17,汇川技术今日大宗交易成交100万股，成交价67.84元折价4.45%,Wind
2021-08-17,电力设备及新能源行业周报：需求回暖驱动光伏涨价 关注风电、电网配置价值,新浪
2021-08-17,收藏！2021年全球工业机器人行业技术竞争格局(附区域申请分布、申请人排名、专利申请集中度等),前瞻研究院
2021-08-17,半年报解读|磷肥价格暴涨云天化业绩创历史新高 下半年磷肥将稳价保供,财联社
2021-08-16,泰康资管明星经理“一拖八”表现平平，东吴、光大基金暂缺权益类“扛旗”舵手,红周刊
2021-08-16,10万亿市场空间燃爆，美锦能源再次涨停！,财华社
2021-08-16,1002亿主力资金近三日撤出融资融券概念股,证券时报网
2021-08-16,A股“小华为”暴跌：高瓴资本刚入局，中信证券又遭“打脸”,投资家
2021-08-16,“宏材大略”钻坚研微 宏微科技开启科创板上市之门,中国金融新闻网
2021-08-16,通信行业研究周报：5G应用专题之AGV 渗透加速 重点关注核心器件国产化,新浪
2021-08-16,西部利得创业大盘ETF（159814.sz）周报,全景网
2021-08-16,电气设备行业周报：光伏硅料价格箱体震荡 下游需求持续向好,新浪
2021-08-16,【东吴电新】7月全球电动车销量超预期，主流车企电动化进程加速——电动车2021年7月专题报告,新兴产业汇
2021-08-16,【东吴电新】电动车7月销量点评：国内销量大超预期，自主及新势力车企稳步增长，上修全年销量预期,新兴产业汇
2021-08-15,【华西通信|周专题】5G应用专题之AGV:渗透加速，重点关注核心器件国产化,香农圆桌沙龙
2021-08-15,欧美股市新高不断，下周A股能否绝地大反击？,老司基一枚
2021-08-15,电气设备行业周报：国内电车逆势增长 硅料价格小幅回升,新浪
2021-08-15,2021年7月国内动力电池装机量点评：行业景气上行 铁锂加速渗透,新浪
2021-08-13,汇川技术(300124.SZ)独立董事黄培取得独立董事资格证书,智通财经
2021-08-13,725亿主力资金近三日撤出融资融券概念股,证券时报网
2021-08-13,简评：长城汽车、汇川技术、爱尔眼科,证券之星
2021-08-13,北向资金本周净买入额大幅收窄，宁德时代遭大幅净卖出近8亿元,Wind
2021-08-13,“宁组合”先锋猎手姚志鹏：跟紧时代趋势，掘金先锋企业,新浪
2021-08-13,2021年7月国内新能源车销量点评：淡季不淡 全年300万辆可期,新浪
2021-08-13,宁德时代等22家公司荣获“中国碳公司行业先锋”称号,新浪
2021-08-13,融资客青睐12股，华远地产买入占比高达42.30%,Wind
2021-08-13,东亚前海晨会 | 8月13日,新浪
2021-08-13,【东北机构销售】复盘笔记0812：创业板指跌1.47% 汽车板块逆势领涨,东北证券研究所
2021-08-12,2021-08-12 NESC复盘笔记：创业板指跌1.47% 汽车板块逆势领涨,复盘笔记
2021-08-12,人生不能错过的硬科技投资机会,新浪
2021-08-12,沪股通净卖出0.70亿元,证券时报网
2021-08-12,17股特大单净流入资金超2亿元,第一财经
2021-08-12,解密主力资金出逃股 连续5日净流出436股,证券时报网
2021-08-12,数据复盘｜主力资金撤离电气设备、医药生物等行业 龙虎榜机构抢筹17股,证券时报网
2021-08-12,8月12日主力资金净流出375亿元,证券时报网
2021-08-12,607亿主力资金近三日撤出融资融券概念股,证券时报网
2021-08-12,牛熊共舞！1900亿高瓴概念股汇川技术突然暴挫，发生了什么？,券商中国
2021-08-12,华夏中证新能源汽车ETF：价值与成长兼顾 进攻与防御并存,新浪
2021-08-12,“小华为”突然暴跌逾10%，股民一天亏25万，发生什么了？,搜狐
2021-08-12,北向资金交投趋谨慎全天净卖出不足2亿，贵州茅台连续11日遭抛售,Wind
2021-08-12,“茅指数”“宁组合”全线急杀，成长股要变天？,Wind
2021-08-12,"牛熊共舞！1900亿高瓴概念股突然暴挫，发生了什么？""茅指数""、""宁组合""全线急杀，成长股要变天？",券商中国
2021-08-12,汇川技术跌10.45% 中信证券上月喊目标价96元,中国经济网
2021-08-12,菲尼克斯电气DMC/DFMC连接器助力汇川技术风电变桨应用,中自网
2021-08-12,A股资金流向（8月12日）：“茅族”、“宁族”双双遭抛售,Wind
2021-08-12,8月12日股市复盘总结 创业板指跌报多少点,至诚财经
2021-08-12,1516亿资金争夺20股：主力资金重点出击6股(名单),新浪
2021-08-12,【异动股】宁组合板块下挫，汇川技术(300124.CN)跌7.87%,财华社
2021-08-12,千亿光伏龙头闪崩，万亿锂电巨头重挫！,Wind
2021-08-12,最新：南京一护士确诊！千亿光伏龙头闪崩，万亿锂电巨头重挫！这只股却连拉7个一字涨停，更有暴涨29%！,中国基金报
2021-08-12,任期年化回报92.25%！寻找“隐形且不凡”的新能源基金,养基司令
2021-08-12,【异动股】宁组合板块下挫，汇川技术(300124.CN)跌6.95%,财华社
2021-08-12,2021年7月上市公司定增动态：实施家数增加 募资规模小幅下降,面包财经
2021-08-12,“小华为”汇川技术，凭什么一年涨5倍？,搜狐
2021-08-12,龙华鹭湖中心城蝶变：图书馆、群艺馆、大剧院预计今年开工！,深圳特区报
2021-08-11,北向资金又“抄底”成功！斥12亿连续爆买这只龙头股，板块已到入场好时机？,财联社
2021-08-11,解密主力资金出逃股 连续5日净流出484股,证券时报网
2021-08-11,千亿级赛道引爆，龙头股2个月大涨535%！机构称行业增长空间超10倍，两大资金抢先布局名单来了,证券时报网
2021-08-11,汇川科技登榜2020创新五百强，居第178位,证券之星
2021-08-11,美股氢能源板块大涨，如何寻找“氢能源基金”？,养基司令
2021-08-11,7月新能车批发销量同比翻番！机构：智能电动车自主崛起逻辑强化,资本邦
2021-08-11,比亚迪是中国的特斯拉吗？,新浪
2021-08-11,评论：魅力深创赛 四两拨千斤,深圳特区报
2021-08-11,深创赛走出深圳走向世界,深圳特区报
2021-08-10,浙商策略：单周回购规模创三年新高 主板的回购金额在近期明显上升,新浪
2021-08-10,【浙商策略】单周回购规模创三年新高| 流动性估值跟踪,王杨策略研究
2021-08-10,【东吴电新】海外动力电池21Q2财报点评：产能扩张提速，加大一体化及美国市场布局,新兴产业汇
2021-08-10,泓德基金秦毅：新能源车发展的动力不是电动化而是智能化,凤凰网
2021-08-10,蝶变 · 汇川技术又跑赢一条新赛道,中自网
2021-08-10,联合国发出最严厉气候变化警告！碳中和有望催生百万亿市场，基金扎堆重仓龙头，高增长潜力股出炉,搜狐
2021-08-10,碳中和高增长潜力股出炉 细分龙头获基金扎堆重仓,第一财经
2021-08-10,6月电机榜：联合汽车电子跻身前十 华域麦格纳首上榜,第一电动网
2021-08-10,收藏！《2021年全球工业机器人行业技术全景图谱》(附专利申请情况、专利竞争和专利价值等),前瞻研究院
2021-08-10,平安中证新能源汽车产业ETF净值下跌3.19%,新浪
2021-08-10,华安中证新能源汽车ETF净值下跌3.10%,新浪
2021-08-09,双创50ETF联接基金“八基齐发” ：发行期最短9天 不排除提前结束可能,金融投资报
2021-08-09,北向资金今日净买入44.66亿元，光伏股逆势遭大幅抛售,Wind
2021-08-09,首批双创50ETF联接发行 相关指基增至21只,金融投资报
2021-08-09,高瓴诠释新赛道，最新建仓软件小龙头,格隆汇
2021-08-09,汇川技术做好数字化大展，朱兴明将提升企业业务面,凤凰网
2021-08-09,策略周报：成长依然占优 第三轮疫情下的全球供应链紧缺重新加剧,新浪
2021-08-09,刚刚！1400亿地产巨头罕见触及涨停，白马久违疯狂！央视发声，芯片突然暴跌！外资近40亿杀入，转换真来了？,e公司
2021-08-09,“宁组合”齐跌，新能汽车（159824）跌超4%，盘中溢价低位上“车” 交易价格异常,资本邦
2021-08-09,盘前情报丨中国电信今日申购，哪些概念股受益？,21世纪经济报道
2021-08-09,国联安基金刘斌：极致行情难以延续 看好低估值优质龙头股,上证报
2021-08-09,注册制服务实体经济显成效,经济日报
2021-08-08,A股明日风口：打造智慧数据“全国一张网” 油气管道“工业互联网+安全生产”试点建设启动,新浪
2021-08-08,电力设备及新能源行业周报：光伏项目投资创新高 国内海风抢装高增长,新浪
2021-08-07,北向资金单周扫货100亿元！果链龙头，买买买；白酒龙头，卖卖卖！,21世纪经济报道
2021-08-07,一周沪深股通动向曝光：这30只个股净买入最多（附名单）,每日经济新闻
2021-08-07,基金经理为何争相“剁手”赛道股？拥挤交易打败传统估值框架？四大维度解码赛道股热度几何 !,ZAKER
2021-08-06,永赢基金权益投资领跑，“远航组合”阐释投研团战实力,中国经营报
2021-08-06,2020年以来领跑主要宽基，这只指数绝绝子！,新浪
2021-08-06,创业板股最新筹码变动：6股股东户数降逾一成,证券时报网
2021-08-06,"2021基金中考学霸榜来了！永赢基金权益投资领跑，中生代代表""远航组合""露头角",券商中国
2021-08-06,新能源汽车行业7月新势力销量点评：一线位次调整 二线持续高增,新浪
2021-08-06,创业板成为“双区”创新资本引擎,南方日报
2021-08-06,路直心宽 制造先行,投资快报
2021-08-05,中央定调新能源汽车加快发展，产业链优质公司值得关注,证券之星
2021-08-05,“小华为”汇川技术，何以俘获造车新势力的芳心？,中自网
2021-08-05,巨丰金融研究院2021下半年资产配置展望：坚守中国价值,和讯
2021-08-05,高镍化为当前最成熟的技术进步方向,金融投资报
2021-08-05,诺安创业板指数增强(LOF)C净值上涨3.88%,新浪
2021-08-05,366家公司预告上半年业绩 近八成报喜,发布易
2021-08-05,366家公司预告上半年业绩 近八成报喜,中证报
2021-08-04,第1000家公司上市敲钟，创业板迎来新起点！总市值13.6万亿，宁德时代万亿市值居首，东方财富排第四,财联社
2021-08-04,总市值135500亿！今天，创业板上市公司达1000家 最牛个股已涨超117倍！,全景网
2021-08-04,首批双创ETF联接基金获批，“创业板+科创板”再迎投资利器！,大众证券报
2021-08-04,创业板公司数量突破1000家，总市值接近14万亿,第一财经
2021-08-04,144亿主力资金近三日杀入MSCI概念概念股,证券时报网
2021-08-04,创业板迈入“千户时代”：1000家企业股权融资超万亿 总市值突破13万亿元,21世纪经济报道
2021-08-04,首批双创ETF联接基金来了！十佳ETF管理人华宝基金再拔头筹,资本邦
2021-08-04,双创热潮开启续集！首批ETF联接基金正式获批,发现网
2021-08-04,外资重新回归中国市场,富途证券
2021-08-04,强者恒强板块全面爆发 新能车ETF（159806）大涨近8%领涨A股,资本邦
2021-08-04,比亚迪涨超8%首次突破300元大关！智能电动车ETF放量涨4.5%,资本邦
2021-08-04,【东吴电新】海外电动车6月销量点评：季末冲量，上半年销量略超市场预期,新兴产业汇
2021-08-04,电气设备行业简评报告：新型储能概念受追捧 逆变器环节最受益,新浪
2021-08-04,8月4日利好及其影响个股,中财网
2021-08-04,高镍未来已来，龙头涅盘见云开,金融界
2021-08-04,【电新*曾朵红】高镍未来已来，龙头涅盘见云开,东吴研究所
2021-08-04,【东吴晨报0804】【策略】【行业】电新、机械设备【个股】锦浪科技、富满电子、英维克,东吴研究所
2021-08-04,【电新*曾朵红】海外电动车6月销量点评：季末冲量，上半年销量略超市场预期,东吴研究所
2021-08-04,华商上游产业股票净值下跌3.66%,新浪
2021-08-04,南方高端装备混合C净值下跌3.95%,新浪
2021-08-04,鹏扬景泰成长混合C净值下跌4.86%,新浪
2021-08-04,富国清洁能源产业灵活配置混合A净值下跌4.60%,新浪
2021-08-04,泰康睿利量化多策略混合A净值下跌3.81%,新浪
2021-08-04,高景气赛道回调更健康 北上资金连续“买买买”,投资快报
2021-08-04,证券时报头版：“千”帆竞渡，让创新活力奔涌,Wind
2021-08-04,“千”帆竞渡 让创新活力奔涌,证券时报
2021-08-03,电气设备行业重大事项点评：7月新势力销量点评：环比高增 持续超预期,新浪
2021-08-03,环球股市全日总结：8月3日,农银国际
2021-08-03,北向资金今日净买入17.99亿元，白酒股逆势遭卖出,Wind
2021-08-03,电力设备与新能源行业：高镍未来已来 龙头涅盘见云开,新浪
2021-08-03,汇川技术伺服电机制造项目落户城陵矶新港区 王一鸥等见证签约,中自网
2021-08-03,动力电池与电气系统系列报告之(80)：电动车电驱系统趋势：扁线、永磁、高压、高转速,新浪
2021-08-03,【机械设备】机械设备行业周报—国家政策引领高端制造长期向好，持续关注半导体、锂电设备、光伏设备,中银证券研究
2021-08-03,汇川技术等50股获北向资金增持额超亿元,证券时报网
2021-08-03,50股获北向资金加仓超亿元,证券时报网
2021-08-03,陆股通增仓幅度排行榜（附股）,证券之星
2021-08-03,新能源是否还能上车？ “宁组合”挖掘机姚志鹏有话说,中国网
2021-08-03,【宏观早评】PMI不及预期显示经济下行压力，疫情扩散助推国债继续上冲,新浪
2021-08-03,茅台归来！机构高喊目标价3000元！北向资金继续出逃，什么信号？,Wind
2021-08-03,A股8月开门红，北向资金加仓50亿，增持行业、个股曝光（附名单）,21世纪经济报道
2021-08-03,盘前情报丨292.92元，A股最贵新股来了！中一签或赚47万？今日申购！,21世纪经济报道
2021-08-03,"茅台归来！一天""回血""近千亿，机构高喊目标价3000元！北向资金却继续出逃，什么信号？",券商中国
2021-08-03,基金早班车|白酒股起舞，科技股还有戏吗？8月开门红，机构建议成长制造和价值消费两手抓,金融界
2021-08-03,8月开门红！新能源车深V走势，还能上车吗？,金融界
2021-08-03,痛心！河南洪灾致302人遇难；吴京、章子怡被盯上！惊人收益背后都是骗局；全城紧急寻人！去过这里请打110,中国财富网
2021-08-03,A股头条：《关于完善科技成果评价机制的指导意见》印发 北向资金周一净流入51.84亿元,金融界
2021-08-03,8月3日四大证券报头版头条内容精华摘要,新浪
2021-08-03,北向资金动向曝光：8月2日这30只个股被猛烈扫货（附名单）,每日经济新闻
2021-08-03,8月A股放量开门红 超跌白马股大幅反弹,上证报
2021-08-02,迎重磅利好！新能源汽车爆发 主力加仓龙头股超25亿元,第一财经
2021-08-02,A股半天成交破万亿 “你算老几”事件致风格切换？,每日经济新闻
2021-08-02,电新行业周报：峰谷价差拉大利好光伏及储能推广 风电需求有望超预期,新浪
2021-08-02,7月股基业绩分化，最大差距超60%！ 盈利能力下降,金融投资报
2021-08-02,外资抢筹开启八月“开门红” 两只机器人细分龙头接连被买爆,新浪
2021-08-02,北向资金 | 合计净流入51.84亿元，汇川技术、东方财富、五粮液净买入居前,上游新闻
2021-08-02,数据复盘｜汽车、非银金融等行业获主力资金青睐 北向资金连续4日净流入,证券时报网
2021-08-02,北向资金50亿扫货：净买入比亚迪3.37亿，茅台再遭卖出,中新经纬
2021-08-02,银河证券：7月金股组合亏损11.25% 8月荐股名单出炉 亏损,新浪
2021-08-02,北向资金今日净流入51.84亿元，抛售贵州茅台逾11亿元,第一财经
2021-08-02,贵州茅台回血！今日大涨超4%，却遭北向资金卖出11亿元，增减持股一览 减持股份,21世纪经济报道
2021-08-02,两只产品四年翻两倍，嘉实姚志鹏是怎么炼成的？,新浪
2021-08-02,北向资金7月动向：重点进攻高景气成长制造主线，周期性行业遭抛售,Wind
2021-08-02,最新出炉！8月2日沪深股通净流入51.84亿，其中7.174亿都买了它,每日经济新闻
2021-08-02,贵州茅台今日遭北向资金净卖出11.24亿元,e公司
2021-08-02,北上资金净买入51.84亿元 汇川技术获净买入7.17亿元,格隆汇
2021-08-02,"汇川技术现1笔大宗交易 共成交2,799.75万元",新浪
2021-08-02,8月2日主力资金净流出26亿元,证券时报网
2021-08-02,比亚迪惊现涨停，万亿储能市场能芜湖起飞么？,格隆汇
2021-08-02,汇川技术今日大宗交易成交37.32万股，成交价75.02元折价11.9%,Wind
2021-08-02,“没想到”的基金：你以为买的是教育其实配的是新能源！你以为买的是科技的创新未来其实配的是啤酒和外卖,每日经济新闻
2021-08-02,A股半天成交破万亿，“你算老几”导致风格瞬间完成切换？机构席位却在借道大宗交易抢筹科技成长,每日经济新闻
2021-08-02,电力设备新能源行业周报：《分时电价》机制助力储能大发展宁德时代钠离子电池横空出世,新浪
2021-08-02,电力设备及新能源行业周报：风光景气度持续回升 政策驱动储能发展,新浪
2021-08-02,基础材料、机械、电力电气设备行业2Q21持仓及陆港通分析：公募持仓大幅提升 超配新能源,新浪
2021-08-02,制造业PMI：极端天气因素不改PMI仍处于扩张区间 高技术制造业再提速并持续引领,新浪
2021-08-02,电气设备新能源行业周报：分时电价政策推动储能发展 中央定调支持电动车产业,新浪
2021-08-02,蜂拥进场！主力坐不住了，这个板块刚刚被基金扫货逾5亿！,每日经济新闻
2021-08-02,博时中证科创创业50ETF（588393）：行业布局更优，激发科创板、创业板共振优势,资本邦
2021-08-02,两市最近5日大宗商品交易,财富动力网
2021-08-02,电气设备行业周报：钠离子电池产业化发展在即 峰谷电价政策或刺激储能市场提速,新浪
2021-08-01,A股明日风口：出口集装箱运价创新高 安徽多地水泥厂家上调水泥价格,新浪
2021-08-01,市场震荡：机构借助大宗交易扫货科技成长股 多只热门股被追逐,上证报
2021-07-31,广东区域股市周报：2家公司退市 186家机构调研德赛西威 退市,每日经济新闻
2021-07-31,风雨同舟 驰援河南 基金行业在行动,财经网
2021-07-31,“工控小华为”汇川技术走向新能源前端 连续十年信披考评为A,硅谷动力
2021-07-31,从2776元到1678元，茅台股价创年内新低！“宁指数”上行 连续下跌,21世纪经济报道
2021-07-30,汇川技术将走向新能源前端 朱兴明新时期新要求,硅谷动力
2021-07-30,【名企驰援河南】基金业公司捐赠名单来了！累计捐赠资金超1亿元,中新经纬
2021-07-30,从2776元到1678元 茅台股价为何持续跌落？ 连续下跌,21世纪经济报道
2021-07-30,从2603元到1678元，茅台股价为何持续跌落？ 连续下跌,21世纪经济报道
2021-07-30,比亚迪惊现涨停，万亿储能市场还有多少大黑马？,36氪
2021-07-30,资本市场大火的万亿级“储能”到底是个啥？产业链上龙头有哪些？,凤凰网
2021-07-30,黄金赛道空中加油，制造业王者归来？丨复盘论,第一财经
2021-07-30,"汇川技术现5笔大宗交易 共成交19,376.17万元",新浪
2021-07-30,汇川技术今日大宗交易成交258.28万股，成交价75.02元折价3.65%,Wind
2021-07-30,制造业王者归来？基金加大配置！4大维度揭秘,Wind
2021-07-30,制造业龙头接连崛起！公募逐步加大相关股票配资,资本邦
2021-07-30,股市套路深!基金更改章程禁止美国人购买-更新中,中财网
2021-07-30,永赢基金权益投资领跑，“远航组合”阐释投研团战实力 | 基金中考学霸榜,投资时报
2021-07-30,钠离子电池问世 嘉实姚志鹏认为更多是对铅酸电池的替代,中国网
2021-07-30,制造业王者归来？IPO占比提升、基金加大配置、机构积极调研、顶级风投也有所行动…4大维度揭秘,证券时报
2021-07-30,富国创业板指数净值上涨5.00%,新浪
2021-07-30,富国中证新能源汽车指数A净值上涨5.32%,新浪
2021-07-30,富国中证工业4.0指数净值上涨4.55%,新浪
2021-07-30,富国中证智能汽车指数(LOF)净值上涨3.23%,新浪
2021-07-30,“宁”与“茅”分化的背后：究竟该怎么选,证券之星
2021-07-30,建信裕利灵活配置混合净值上涨4.67%,新浪
2021-07-30,南方益和混合净值上涨3.40%,新浪
2021-07-30,制造业越来越香？ 四大维度证实确有苗头,证券时报
2021-07-30,燕翔：“宁”与“茅”分化的背后,追寻价值之路
2021-07-29,市场思考随笔之六十五：“宁”与“茅”分化的背后,新浪
2021-07-29,汇川技术(300124.SZ)取得80项专利证书和9项软件着作权证书,智通财经
2021-07-29,重磅 | 2021中国智能制造行业产业链研究报告发布，WATTMAN瓦特曼入选重点示范企业,TechWeb
2021-07-29,张坤、谢治宇、刘格菘们已行动，新能源基金开始调仓,Wind
2021-07-29,说好的一起赚，新能源基金却开始调仓，张坤、谢治宇、刘格菘们也在行动,第一财经
2021-07-28,“宁组合”最强挖掘机姚志鹏，提前5年布局！旗下3只基金3年翻2倍！,新浪
2021-07-28,数据复盘｜主力资金撤离电子股 北向资金抢筹东方雨虹等股,证券时报网
2021-07-28,39股主力资金净流入超亿元,中国财富网
2021-07-28,长盛基金孟棋的投资经：专注、信仰、定力一个都不能少,新浪
2021-07-28,电气设备行业简评报告：大型化助推风电格局重塑 硅料价格见顶带动需求提振,新浪
2021-07-28,17股获融资客逆市净买入超亿元,证券时报网
2021-07-28,广发基金「固收+」风格图谱是如何打造的？,新浪
2021-07-27,汇川技术(300124.SZ)：完成收购控股子公司汇川控制49%的股权,格隆汇
2021-07-27,新能源汽车行业周报：奔驰发布全面电动化战略,新浪
2021-07-27,汇川技术：OBC产品是公司的新能源乘用车的主要产品之一,每日经济新闻
2021-07-27,汇川技术：HMI产品主要应用在工业自动化领域,每日经济新闻
2021-07-27,宁德时代成公募基金二季度重仓标配，重仓排位仅次于贵州茅台！,红周刊
2021-07-27,【机械设备】机械设备行业周报—国际光刻机龙头订单火爆，动力电池厂商加速扩产，关注半导体、锂电设备需求释放,中银证券研究
2021-07-27,券商首次关注7股并给予买入评级（7月27日）,Wind
2021-07-27,电气设备行业周报：光伏硅料价格继续松动 奔驰全面转向BEV,新浪
2021-07-27,2021年电新行业周报7月第3期：奔驰电动化战略升级 2025年占新车销量50%,新浪
2021-07-26,国海证券首予汇川技术买入评级，近期获1份券商研报关注，目标均价涨幅38.03%,每日经济新闻
2021-07-26,“宁组合”受追捧，如何搭建“宁FOF”？,养基司令
2021-07-26,巨丰金融研究院2021下半年资产配置展望：坚守中国价值,和讯
2021-07-26,A股狂泻，创业板大跌5%，失守3300点 连续下跌,证券之星
2021-07-26,巨丰金融研究院院长朱振鑫：过去二十年没有买房很遗憾，未来没有参与A股将更遗憾,巨丰财经
2021-07-26,风“豫”同“州” 上汽、比亚迪等上市公司驰援河南救灾,证券日报网
2021-07-26,六大券商周二看好的六大板块,华安证券
2021-07-26,超高含“宁”率，嘉实姚志鹏坐实“宁组合”最强挖掘机！,GPLP犀牛财经
2021-07-26,电气设备新能源行业周报：海外车企电动化战略加码 储能指导意见落地产业化提速,新浪
2021-07-26,"【中证盘前】多家上市公司回应义务教育“双减政策”影响；东方财富上半年净利润翻倍；社保基金拟减持中国人保不超2%股份
拟减持股份",中证报
2021-07-26,深圳人工智能集群化发展 企业数量位居全国第二,深圳特区报
2021-07-26,科技类蓝筹成香饽饽 高成长科技股新鲜出炉,证券时报
2021-07-25,"明星基金经理投资风向已变？二季度早已布局这些""宁指数""标的",红周刊
2021-07-25,7月25日上市公司晚间公告速递,新浪
2021-07-25,电气设备行业周报：新型储能政策正式落地 天赐和LG新能源签订长单,新浪
2021-07-25,电力设备及新能源行业周报：硅料价格持续下调 光伏装机预期景气,新浪
2021-07-25,公告精选：多家上市公司回应义务教育“双减”政策影响,e公司
2021-07-25,汇川技术(300124.SZ)拟向慈善机构等捐赠500万元及电梯电气配套等相关产品,智通财经
2021-07-25,汇川技术：捐赠现金及产品合计1500万元 支持河南省防汛救灾,e公司
2021-07-25,汇川技术(300124.SZ)向河南捐赠1500万元现金及产品,格隆汇
2021-07-24,“宁组合”完胜“茅指数”！硬科技龙头来了，北上资金重仓近4800亿,中国基金报
2021-07-24,核心资产大分化，“宁组合”完胜“茅指数”！硬科技龙头来了,证券时报网
2021-07-24,北上资金加大买入力度 医药与科技是主线,证券时报
2021-07-23,二季报透视公募重仓股变迁 “茅指数”“宁组合”此消彼长,全景网
2021-07-23,新能源主题基金二季度业绩大比拼：99只权益基涨逾30% 东方新能源车规模一举破百亿元,21世纪经济报道
2021-07-23,电气设备行业跟踪点评：戴姆勒强化电气化战略 2030年有望实现纯电完全渗透,新浪
2021-07-23,基金经理抱得更紧了！大幅提升创业板、科创板仓位,Wind
2021-07-23,18家千亿顶流基金公司调仓释放重要信息,Wind
2021-07-23,重磅！前十基金公司最新重仓股大曝光，附名单→→,每日经济新闻
2021-07-22,大盘继续拔高，上涨空间还有多大？,第一财经
2021-07-22,光伏概念概念股近三日受84亿主力资金追捧,证券时报网
2021-07-22,揭秘公募基金二季度重仓股：谁被增仓谁被减仓？5.6万亿头部资金买了哪些票？（附前十大基金公司重仓名单）,每日经济新闻
2021-07-22,194只送转股走出贴权走势,证券时报网
2021-07-22,金融5年风云榜·上市公司50强：茅台yyds，比亚迪称雄大湾区,证券之星
2021-07-22,【盛?动态 】长期聚焦先进制造业 长盛创新驱动基金近一年业绩排名同类1/490,长盛基金
2021-07-22,5.6万亿机构资金最新动向大揭秘！前十大基金公司20大重仓股曝光（附名单）,每日经济新闻
2021-07-22,机械设备行业2021年中期策略报告：关键领域自主可控 新兴产业风云际会(推荐),国海证券
2021-07-22,暴赚8700亿！二季度公募基金23万亿创新高,Wind
2021-07-22,周报（2021.7.21）继续紧盯6中军5缺口，关注上游,电新产业研究
2021-07-22,聚焦新能源 长盛创新驱动近一年业绩同类第一,金融投资报
2021-07-22,创业板指创6年新高，即将赶超上证指数，创业板为什么涨势凶猛？,搜狐
2021-07-22,36股获券商买入评级 老百姓目标涨幅达48.09%,Wind
2021-07-22,汇川技术投资同光晶体，碳化硅衬底或为新能源业务助力,和讯
2021-07-22,7月21日34只个股获券商关注，东方雨虹目标涨幅达53.48%,每日经济新闻
2021-07-22,【东吴晨报0722】【固收】【行业】汽车【个股】长城汽车、汇川技术,东吴研究所
2021-07-22,公募二季度重仓白酒医药新能源，明显增持新材料板块,Wind
2021-07-21,电气设备行业简评报告：六氟再度成为产能瓶颈 光伏关注户用发展浪潮,新浪
2021-07-21,新能源汽车行业周报：国轩与大众深化战略合作,新浪
2021-07-21,中信证券：维持汇川技术(300124.SZ)“买入”评级 目标价96元,智通财经
2021-07-21,宁德时代涨超4%，比亚迪涨超6%，智能电动车ETF大涨4%！,资本邦
2021-07-21,重仓股大“换血”！顶流基金经理最新布局思路曝光,Wind
2021-07-21,午后名博看市：外围动荡A股会有多大影响？,新浪
2021-07-21,赣锋锂业封死涨停板！智能电动车ETF涨超3%,资本邦
2021-07-21,南方基金史博最新持仓，重仓贵州茅台（南方绩优成长混合型基金）,证券之星
2021-07-21,重仓股连续两季“七进七出” “炒热”高手银华基金李晓星还能走多远,产业经济新闻网
2021-07-21,东方基金旗下东方新能源汽车主题规模首破百亿，长期看好新能源汽车行业投资机会,资本邦
2021-07-21,汇川技术：上半年归母净利润预增95%–125% 工业机器人等业务快速增长,中证网
2021-07-21,东吴证券：维持汇川技术(300124.SZ)“买入”评级 目标价106.7元,智通财经
2021-07-21,A股异动 | 汇川技术(300124.SZ)升超7%创新高 上半年净利同比预增超95%,格隆汇
2021-07-21,新能车板块早盘上涨，新能车ETF(159806)涨逾2%,资本邦
2021-07-21,8股获买入评级 最新:汇川技术,中财网
2021-07-21,汇川技术(300124)：工控自动化和新能源汽车需求旺盛 中报预告再超预期,新浪
2021-07-21,汇川技术(300124)：1H21业绩预告超预期 龙头持续发力,新浪
2021-07-21,东吴证券维持汇川技术买入评级，2021年半年度业绩预告点评：工控自动化和新能源汽车需求旺盛，中报预告再超预期,每日经济新闻
2021-07-21,A股早报2021年7月21日星期三,Wind
2021-07-21,蓝色起源载人太空飞行成功；长城汽车、汇川技术上半年净利大幅预增；爱美客拟收购一韩国医美制品公司,每经头条
2021-07-21,投资者早报 | 国务院：培育托育服务、乳粉奶业、动画设计和制作等行业民族品牌；富临精工：子公司拟40亿元投建磷酸铁锂正极材料项目,中金在线
2021-07-21,【民生证券研究院】晨会纪要20210721,MS研究
2021-07-21,A股走出独立行情，十大顶流基金经理最新调仓动向出炉,Wind
2021-07-21,A股走出独立行情，十大顶流基金经理最新调仓动向出炉！,Wind
2021-07-20,重仓股大“换血”！基金二季报“金句”频出，顶流基金经理最新布局思路曝光,中证报
2021-07-20,二季度，明星基金经理怎么操作的？,包子君
2021-07-20,华泰紫金中证细分食品饮料发起开售 毛甜1只任职产品长跑乏力,金融界
2021-07-20,2021年7月21日涨停板早知道：七大利好有望发酵,新浪
2021-07-20,汇川技术(300124.SZ)半年度预盈15.1亿-17.42亿元 同比增长95%-125%,格隆汇
2021-07-20,汇川技术(300124.SZ)半年度净利预增95%-125%,格隆汇
2021-07-20,汇川技术：预计上半年净利润同比增长95%-125%,Wind
2021-07-20,电气设备行业今日涨1.04% 主力资金净流入4.77亿元,中投网
2021-07-20,以消费医药投资见长的明星基金经理都在加仓科技板块，什么信号？,中国证券网
2021-07-20,10大顶流基金经理二季度调仓动向曝光,Wind
2021-07-20,汇川技术今日大宗交易成交19.20万股，成交价77.82元溢价0.0%,Wind
2021-07-20,205只送转股走出贴权走势,证券时报网
2021-07-20,归凯、傅鹏博二季报最新持仓出炉！国瓷材料成嘉实核心成长第一大重仓股，睿远成长价值减持隆基股份、抄底思摩尔！ 减持股份,每日经济新闻
2021-07-20,基金持仓动向：建信基金姚锦二季度加仓这些股（名单）,证券之星
2021-07-20,嘉实新兴产业二季度股票仓位提升3.53个百分点,中证网
2021-07-20,锂电新军巨额减持，下半年新能源还有机会吗？ 减持股份,养基司令
2021-07-20,先进制造投资周报：自动化持续高景气 龙头中报业绩靓丽,新浪
2021-07-20,明星基金经理最新重仓股大曝光！公募一哥张坤千亿大调仓,证券之星
2021-07-20,电气设备行业：大众发布2030战略 光伏多环节价格下行,新浪
2021-07-20,刘格菘仓位仍超90%、萧楠大幅增持银行股,Wind
2021-07-20,顶流基金经理最新持仓曝光 这些大白马被弃,券商中国
2021-07-20,顶流经理最新持仓曝光：刘格菘猛买“光伏茅” 这些大白马股被抛弃,券商中国
2021-07-20,重仓股“大换血”，二季报显露基金大咖“新宠”,Wind
2021-07-19,刘格菘、萧楠、李晓星最新重仓股来了！顶流基金经理二季报持仓曝光，狂买这些股,中证报
2021-07-19,基金持仓动向：银华基金李晓星二季度加仓这些股（名单）,证券之星
2021-07-19,万家基金黄兴亮最新持仓，重仓兆易创新（万家行业优选混合型基金(LOF)）,证券之星
2021-07-19,安信基金徐黄玮最新持仓，重仓汇川技术（安信中证深圳科技创新主题指数型基金(LOF)）,证券之星
2021-07-19,浙商证券资管马斌博最新持仓，重仓宁德时代（浙商汇金鼎盈事件驱动灵活配置混合型基金(LOF)）,证券之星
2021-07-19,萧楠、刘格菘、黄兴亮二季报出炉：银行、制造、成长各有所爱,澎湃新闻
2021-07-19,减仓宁德时代，加仓文娱医药！银华基金李晓星二季度这样操作,澎湃新闻
2021-07-19,电报|邬传雁旗下泓德三年丰泽最新持仓：大幅增持隆基股份新进海底捞为第八大重仓股,财联社
2021-07-19,顶流基金经理最新重仓股大曝光，狂买这些股！,Wind
2021-07-19,明星基金经理第一重仓股抢先看！刘格菘、萧楠、黄兴亮、陈一峰二季度已这样大调仓,财联社
2021-07-19,银华心怡基金李晓星：下半年依然会聚焦消费和科技行业中景气度上行的子板块,中证网
2021-07-19,电报|黄兴亮旗下万家行业优选最新持仓披露兆易创新仍为第一大重仓股,财联社
2021-07-19,万家基金黄兴亮最新持仓，重仓汇川技术（万家创业板2年定期开放混合型基金）,证券之星
2021-07-19,嘉实基金张丹华最新持仓，重仓宁德时代（嘉实创业板两年定期开放混合型基金）,证券之星
2021-07-19,北向资金今日净买入近44亿元，持续加仓白酒、医药股,Wind
2021-07-19,机械行业2021年中报业绩前瞻：业绩大幅改善 建议布局四大主线,新浪
2021-07-19,深度*行业*机械设备行业周报机械设备行业周报：重视半导体量测设备赛道：上海精测交付首台OCD、REVIEW SEM设备,新浪
2021-07-19,大盘涨跌不一，消息面压制汽车产业链情绪,财经
2021-07-19,汽车行业周报：电驱动桥一体化优势明显 国产化静待爆发,新浪
2021-07-19,汇川技术五大业务发展快速，朱兴明入选福布斯！,中自网
2021-07-19,银华基金周毅最新持仓，重仓五粮液（银华深证100指数基金(LOF)）,证券之星
2021-07-19,【银河电新周然】行业周报丨硅料价格出现松动，无钴电池正式装车,中国银河证券研究
2021-07-19,深圳在站博士后4588人,深圳商报
2021-07-18,双环三问：行业地位如何？竞争优势在哪？市场空间有多大？,新浪
2021-07-17,硬科技投向标|绍兴中芯启动A股IPO辅导零跑汽车预计今年底或明年初登陆科创板,财联社
2021-07-17,昔日创业板一哥爆雷，股价已跌去62%,搜狐
2021-07-17,华夏中证新能源汽车ETF净值下跌4.74%,新浪
2021-07-17,平安中证新能源汽车产业ETF净值下跌4.56%,新浪
2021-07-17,创业板市值一哥十年变幻,证券时报
2021-07-17,创业板十年变幻：宁德时代崛起 市值前十波动不小,证券时报
2021-07-16,193只送转股走出贴权走势,证券时报网
2021-07-16,良信股份：公司与汇川技术有合作,每日经济新闻
2021-07-16,朱兴明：汇川技术在探索中寻求变机，拓宽人才队伍建设,中自网
2021-07-15,2021年6月国内新能源车销量点评：终端销量稳步上升 新势力表现出色,新浪
2021-07-15,百亿级别资金的瞎炒,包子君
2021-07-15,科创板晚报|中共中央、国务院：在科创板引入做市商制度中芯国际明日迎400亿元解禁,财联社
2021-07-15,第三代半导体碳化硅单晶衬底企业同光晶体获数亿元Pre-IPO轮融资,财联社
2021-07-15,187只送转股走出贴权走势,证券时报网
2021-07-15,电气设备行业跟踪报告：环比微降 景气不减,新浪
2021-07-15,2021年6月国内动力电池产量点评：环比再增 景气升温,新浪
2021-07-15,汇添富中证新能源汽车产业指数(LOF)C净值下跌4.28%,新浪
2021-07-15,华夏中证新能源汽车ETF净值下跌4.54%,新浪
2021-07-15,平安中证新能源汽车产业ETF净值下跌4.60%,新浪
2021-07-15,工控龙头汇川技术向特定对象发行股票圆满完成，华泰联合证券助力“中国制造2025”及制造业强国建设,华泰联合证券
2021-07-14,汇川技术：朱兴明累计质押公司股份1566万股,每日经济新闻
2021-07-14,A股“硬科技”当道！“银地保”成过去式？如何追逐风口基金？硬核选基！,21金融圈
2021-07-14,揭秘送转股183只除权以来股价上涨,证券时报网
2021-07-14,新能源概念股集体爆发 “业界良心”踩错节奏？,证券时报
2021-07-14,新能源概念股集体爆发，喊岀“新能源泡沫论”的杨东最近在干啥？,Wind
2021-07-14,【银河晨报】7.14银行：降准改善银行负债成本，关注板块估值修复机会,中国银河证券研究
2021-07-14,“业界良心”踩错节奏？新能源概念股集体爆发，喊岀“新能源泡沫论”的杨东最近在干啥？,证券时报
2021-07-13,创业板指盘中首次反超沪指 55股创历史新高 资金投资底气来自哪里？,证券日报
2021-07-13,汇川技术：实际控制人朱兴明累计质押公司股份为1506万股,每日经济新闻
2021-07-13,汇川技术(300124.SZ)实控人朱兴明质押1506万股及解质2302.5万股,智通财经
2021-07-13,创业板指一度超过沪指，“宁组合”战胜了“茅指数”？30秒速览创业板权重股变迁史,财联社
2021-07-13,60股主力资金净流入超亿元,证券时报网
2021-07-13,揭秘送转股190只除权以来股价上涨,证券时报网
2021-07-13,A股历史性一幕的背后：创业板指为什么会超过上证综指？,东方网
2021-07-13,电气设备行业指数再创新高 长盛基金孟棋前瞻布局创翻倍收益,和讯
2021-07-13,工业互联网掘金系列(一)：工业4.0时代 PLC国产替代空间大,新浪
2021-07-13,国家无条件批准，腾讯200亿重磅收购！发生了什么？,Wind
2021-07-13,突发！国家无条件批准，腾讯200亿重磅收购！曾因此被罚50万，股价瞬间爆拉！更有创业板迎历史时刻，发生了什么？,证券之星
2021-07-13,腾讯收购搜狗获无条件批准！曾因此被罚50万 股价瞬间爆拉！,e公司
2021-07-13,94家公司遭重要股东减持涉及金额149.07亿元（附股）,证券时报网
2021-07-13,中金：立足控制基因，聚焦智能未来,中金点睛
2021-07-13,基金早班车|顶流机构关注哪些股？公募二季报大幕拉开，“专业买手”公募FOF总规模超1300亿元,金融界
2021-07-13,如何把握创业板市场的投资机遇？ 医药、新能源等核心赛道将如何演绎？,魔都资产管理人
2021-07-13,深市上市公司2020年度信披考核放榜 417家公司考核结果为A 信披质量总体稳步提升,证券日报
2021-07-12,创业板大涨，硬科技浪潮来袭？券商从“茅指数”喊到了“宁组合”,21世纪经济报道
2021-07-12,创业板人气爆棚，知名基金已提前杀入这些大牛股,中证报
2021-07-12,深交所上市公司2020年度信息披露考核公布 信息披露质量总体稳步提升,中国金融新闻网
2021-07-12,汇川技术(300124.SZ)：约3673.22万股将于7月15日上市,格隆汇
2021-07-12,A股明日风口：2021年笔电出货量将以2.36亿台突破历史新高,新浪
2021-07-12,深市上市公司2020年度信息披露考核放榜,Wind
2021-07-12,汇川技术：增发新增股份约3673万股于7月15日上市,每日经济新闻
2021-07-12,东风布局IGBT 进口替代风潮已起,财经网
2021-07-12,汇川技术今日大宗交易成交68.06万股，成交价76.33元折价5.0%,Wind
2021-07-12,揭秘送转股181只除权以来股价上涨,证券时报网
2021-07-12,强者恒强新能车(159806)盘中创历史新高领涨两市,资本邦
2021-07-12,电气设备行业跟踪点评：欧洲减碳进程或再按下加速键 计划2035年实现零碳目标,新浪
2021-07-12,电气设备行业周报：全球新能源车持续火爆 硅料首降需求有望复苏,新浪
2021-07-12,电力设备及新能源行业周报：风电板块配置价值凸显 新型电力系统长期空间可期,新浪
2021-07-12,17股获重要股东增持,证券时报网
2021-07-12,33股遭北向资金减持超亿元 减持股份,证券时报网
2021-07-12,【银河电新周然】行业周报丨园区规划助力光伏发展，6月新车销量再创新高,中国银河证券研究
2021-07-11,【民生研究】周观点汇总：市场核心矛盾由流动性转向EPS,MS研究
2021-07-11,广东区域股市周报：板块总市值跌4481亿 北讯退跌28.21%跌幅第一,每日经济新闻
2021-07-10,一文读懂新能源产业链，看看其中有哪些机会？,腾讯网
2021-07-10,新能源产业链详细梳理,证券之星
2021-07-10,【东吴电新】工控7月月报：工控需求高增、进口替代加速,新兴产业汇
2021-07-09,创业板50与双创50投资价值比较——公募基金专题报告,华宝财富魔方
2021-07-09,汇川技术(300124.SZ)实控人朱兴明及其一致行动人持股比例降至20.02%,智通财经
2021-07-09,183只送转股走出贴权走势,证券时报网
2021-07-09,关于双创50指数，你想要了解的都在这里,华创证券
2021-07-08,东吴证券：5月海外电动车销量环比稳步向上，美国市场大超预期,智通财经
2021-07-08,上半年192家公司定增：募资3000亿 朱少醒连续四季度加仓埃斯顿 景林定增新宝股份浮亏34%,新浪
2021-07-08,【东吴电新】5月销量环比稳步向上，美国市场大超预期——海外电动车销量点评,新兴产业汇
2021-07-08,12.16亿元主力资金今日抢筹电气设备板块,证券时报网
2021-07-08,186只送转股走出贴权走势,证券时报网
2021-07-08,1+1+1>3，广发基金“固收+”的体系与文化,新浪
2021-07-08,国产半导体又添新丁！IGBT功率半导体宏微科技即将招股|IPO见闻,证券之星
2021-07-08,深圳华强首次覆盖：电子产业互联网平台蓄势待发【开源计算机陈宝健团队】,健谈计算机
2021-07-08,【新时代先进制造】六部门：加快培育发展制造业优质企业，支持上市融资【周观点0704】,孟话机器人
2021-07-08,从新三板跑到科创板，铭赛科技机器人王国梦价值几何？,Ofweek
2021-07-08,华为鸿蒙HarmonyOS 2第二批正式版升级开启：包含nova8等多款机型,IT之家
2021-07-08,王禁：华为比百度聪明 造车只是时机未到？,新浪
2021-07-08,可能是未来最牛的指数之一,包子君
2021-07-08,汇川技术第二篇：业务构成及商业模式介绍,中自网
2021-07-08,汇川技术第一篇：行业投资逻辑分析,中自网
2021-07-08,1+1+1>3，广发基金“固收+”的体系与文化,证券时报网
2021-07-08,紧急购入发明专利为达科创属性要求？高凯技术科创板IPO迈出新进展,资本邦
2021-07-08,东方财富最受青睐,证券导报
2021-07-08,1+1+13，广发基金“固收+”的体系与文化,证券时报网
2021-07-08,事件驱动早报7-8：全国碳交易市场即将上线； 千兆城市建设提速,华创证券研究
2021-07-08,多地立法推广智慧电梯系统 相关产业链有望受益（附股）,金融界
2021-07-08,建信信息产业股票净值上涨3.68%,新浪
2021-07-08,华泰柏瑞积极优选股票净值上涨3.51%,新浪
2021-07-08,“铭赛科技”科创板IPO：“机器人王国梦”价值几何？,美股研究社
2021-07-07,汇川技术：公司PLC和伺服产品在该领域有应用。从产业链角度来说，隆基是公司产品的用户,每日经济新闻
2021-07-07,一家朱少醒连续4季度加仓的公司,格隆汇
2021-07-07,北向资金今日净买入43.72亿元，新能源产业链获外资疯狂抢筹,Wind
2021-07-07,电气设备行业资金流入榜：14股净流入资金超亿元,证券时报网
2021-07-07,182只送转股走出贴权走势,证券时报网
2021-07-07,7年前的那个决定，影响了我的一生：为什么有的普通人躺着就赢了？,资本邦
2021-07-07,【机会挖掘】工信部推出智能制造标准体系建设意见稿 智能制造装备受益标的梳理,证券时报网
2021-07-07,高瓴豪掷30亿！这家豪车经销商亮点何在？,新浪
2021-07-07,DolphinDB落地长江电力工业物联网平台项目,钢企网
2021-07-07,64只股北向资金持有流通盘的比例超10%,证券时报网
2021-07-07,汇川技术：公司PLC和伺服产品在光伏领域有应用,Wind
2021-07-07,30股遭北向资金减持超亿元 减持股份,证券时报网
2021-07-06,184只送转股走出贴权走势,证券时报网
2021-07-06,6只“小而美”的半导体&新能源基金,养基司令
2021-07-06,先进制造行业2021年7月投资策略：七月防守为主 布局估值和增长匹配的中小市值标的,新浪
2021-07-06,电气设备行业简评报告：光伏景气重启再度确认 锂电中游环节扩产为王,新浪
2021-07-06,28股获杠杆资金净买入超亿元,证券时报网
2021-07-06,震荡市融资客加仓机械设备等板块,中证网
2021-07-05,中证路演回放 | 熔断器领先企业中熔电气（301031）创业板上市网上路演,中证报
2021-07-05,全球硅料供需关系梳理：硅片、电池片价格开始松动,Ofweek
2021-07-05,深港通十大成交活跃股排名（7月5日）,Wind
2021-07-05,全球硅料供需关系梳理：2022年第二季度起硅料价格或快速回落,Ofweek
2021-07-05,冰火两重天：锂电半导体人气爆棚，大白马轮番新低,Wind
2021-07-05,中熔电气：国内外合作厂商众多 已积累优质客户资源群体,中证网
2021-07-05,科技股的十年牛市：如何一键投资中国科技的未来？,资本邦
2021-07-05,【申港电新|周观点】全球硅料供需关系梳理,新能源深度研究
2021-07-05,顶流科技股一网打尽，天弘双创50值得关注,资本邦
2021-07-05,机械设备周报：为何工业气体龙头享有较高估值,新浪
2021-07-05,高瓴等12家机构定增汇川技术 募集资金将提高变频器产能,中自网
2021-07-05,电气设备行业周报：中游排产维持高景气 电动车大行情延续,新浪
2021-07-05,上周融资余额16160.49亿元，环比增加42.1亿元,每日经济新闻
2021-07-05,19股获融资客大手笔净买入,证券时报网
2021-07-05,【银河晨报】7.5丨聚焦中报业绩，布局成长,中国银河证券研究
2021-07-05,【银河电新周然】行业周报丨硅片电池片价格双降，宁德深度绑定特斯拉,中国银河证券研究
2021-07-05,适合普通上班族的基金，双创50天弘场外首发！,新浪
2021-07-05,双创50指数基金，为什么堪称“科技第一基”？,新浪
2021-07-05,电气设备行业周报：新势力环比高增 光伏需求有望重振,新浪
2021-07-05,电力设备新能源行业周报：新势力6月销量创新高 多省份发布整县推进申报方案,新浪
2021-07-05,东吴证券：工控高景气和进口替代加速,证券时报网
2021-07-05,【东吴晨报0705】【策略】【行业】电新【个股】太阳纸业、广大特材、晨光文具、东风股份、柏楚电子、华熙生物、迈为股份、天奈科技,东吴研究所
2021-07-05,【电新*曾朵红】工控高景气和进口替代加速，新型电力系统结构变化——工控&电力设备行业2021年中期投资策略,东吴研究所
2021-07-05,高瓴看上豪车经销，本身是一门好生意,格隆汇
2021-07-04,重磅！【东吴电新】工控高景气和进口替代加速，新型电力系统结构变化——工控&电力设备行业2021年中期投资策略,新兴产业汇
2021-07-04,双创50ETF发车在即，上吗？,格隆汇
2021-07-04,电力设备行业：全球电动化呼啸前行 光伏多环节价格松动,新浪
2021-07-04,工控&电力设备行业2020年中期投资策略：工控高景气和进口替代加速 新型电力系统结构变化,新浪
2021-07-03,基金大事件来了！“半程冠军”新鲜出炉，更有基金交易费用下调大利好！,中国基金报
2021-07-03,【银河周知】关注上游周期品，消费升级主题以及产业数字化、碳中和等国家战略方向，推荐7月金股,中国银河证券研究
2021-07-03,计算机行业周报：回归稳健公司！,新浪
2021-07-03,比亚迪半导体拟创业板上市募资27亿：最大客户是比亚迪 红杉小米都是股东,TechWeb
2021-07-03,权重股表现不佳 券商：七月A股震荡上行概率大,中证网
2021-07-03,长信创新驱动股票净值下跌3.14%,新浪
2021-07-03,融通量化多策略灵活配置混合A净值下跌3.19%,新浪
2021-07-03,永赢创业板指数A净值下跌3.38%,新浪
2021-07-03,券商：七月A股震荡上行概率大,中证报
2021-07-02,开盘就“20cm”涨停，带动全板块涨幅第一！“茅指数”市值一日蒸发逾7200亿元 连续下跌,中证报
2021-07-02,超86亿外资今日撤离A股，白酒、医药、银行股集体遭抛售,Wind
2021-07-02,简直印钞机！今年已经暴赚1200亿！这个板块逆势大涨，年内涨超60%！股民：放弃偏见，迎接王者归来！,雪球
2021-07-02,广发基金张芊：既懂配置又懂股票的全能女将,和讯
2021-07-02,工控“小华为”汇川技术定增：42家机构抢筹，浮盈已超3亿,Ofweek
2021-07-02,基民傻眼了！上市就现跌停！别慌，基金两天扫货逾70亿，下周更是还有超170亿资金排队进场,每日经济新闻
2021-07-02,高瓴等12家机构定增入股汇川技术,--
2021-07-02,“抱团股”集体大跌迈瑞医疗跌超7% 连续下跌,格隆汇
2021-07-02,融资客青睐9股，江苏舜天买入占比高达48.38%,Wind
2021-07-02,杠杆资金重仓股曝光广誉远居首,第一财经
2021-07-02,半导体分拆上市，估值已过百亿！比亚迪发力新赛道？,21世纪经济报道
2021-07-02,42家机构抢筹汇川技术定增：高瓴8亿元拔得头筹，浮盈已超3亿,金融界
2021-07-02,7月1日融资余额16181.22亿元，环比减少100.34亿元,每日经济新闻
2021-07-02,银河证券：电动化智能化浪潮势不可挡 电动车迎来黄金发展期,证券时报网
2021-07-02,【银河电新周然】行业动态 2021.6丨电动车智能化加速在即，光伏产业链利润再分配,中国银河证券研究
2021-07-01,长线见真章！上半年券商金股组合收益率排名出炉，开源证券超32%位居第一、太平洋、国泰君安位列二三名,财联社
2021-07-01,汇川技术(300124.SZ)实控人朱兴明解除质押141万股,智通财经
2021-07-01,汇川技术：实际控制人朱兴明累计质押2302万股，占公司总股本0.89%,每日经济新闻
2021-07-01,21深度丨比亚迪半导体分拆奔赴科创板获受理：拟募资27亿 过半收入仰仗集团,21世纪经济报道
2021-07-01,21深度丨比亚迪半导体分拆奔赴创业板获受理：拟募资27亿,21世纪经济报道
2021-07-01,银河证券：6月金股组合盈利4.47% 7月荐股名单出炉,新浪
2021-07-01,汇川技术斩获纺织行业工业互联网平台示范项目,中自网
2021-07-01,高瓴、高盛等知名外资频繁调研迈瑞医疗等龙头 二季度这些公司获得外资增持,红周刊
2021-07-01,迈瑞医疗(300760.SZ)创历史新高市值超6000亿元,格隆汇
2021-07-01,创业板权重快马加鞭，迈瑞医疗等5只大权重齐创新高,Wind
2021-07-01,6500亿元新能源巨头放大招！分拆子公司上市获受理，发力芯片风口,中证报
2021-07-01,首批场外双创50指数基金发行在即，投资者配置科创龙头门槛降低,深圳特区报
2021-07-01,12股融资余额增幅超20%,证券时报网
2021-07-01,汇川技术(300124.SZ)涨4.9%创新高，市值突破2000亿,格隆汇
2021-07-01,汇川技术盘中快速上涨,新浪
2021-07-01,7月金股曝光！除了新能源、半导体 券商还看好这些股 3股目标价涨幅超80%,21世纪经济报道
2021-07-01,汇川技术21.3亿定增落地高瓴获配8亿 瑞银摩根等三大国际巨头出资4.4亿认购,长江商报
2021-07-01,6月最强新股大涨50%，7月买什么？券商力推新能源、半导体两条主线,财联社
2021-07-01,李泓灏：结构性波动或进一步加大,证券之星
2021-06-30,国金基金祭出新混基 张航1只同类产品各阶段业绩排名均向后看齐,中金在线
2021-06-30,【预见】定增份额遭知名机构抢购，汇川技术（300124.SZ）未来可期？,财华社
2021-06-30,盘后又出利好了，明天A股或冲锋迎大庆！,新浪
2021-06-30,券商把脉7月策略：中报高增长主导结构性机会,大众证券报
2021-06-30,高瓴资本领衔、114家机构集体调研汇川技术 看中什么了？,21世纪经济报道
2021-06-30,汇川技术披露21亿定增结果：高瓴资本8亿拿下近四成份额,每日经济新闻
2021-06-30,高瓴超17%基准价认购！小西门子定增引发机构抢筹,格隆汇
2021-06-30,1900亿白马股定增落地，高瓴8亿入局“小华为”，浮盈已超2亿,AI财经社
2021-06-30,股价狂飙近8%！明星机构扎堆认购汇川技术，高瓴已浮盈逾两亿,21世纪经济报道
2021-06-30,共聚工业互联网高峰论坛，360助推安全能力体系建设,国际在线
2021-06-30,业绩集体翻倍式暴增，开盘就是20CM，高瓴也出手了,证券之星
2021-06-30,高瓴资本定增“小华为”，几天赚了2亿多,搜狐
2021-06-30,揭秘送转股164只除权以来股价上涨,证券时报网
2021-06-30,彻底嗨了！创业板指创6年新高，上半年最牛A股赚428%,Wind
2021-06-30,创业板大涨超2%，创6年新高！上半年最牛A股狂赚428%，竟是它…,中国基金报
2021-06-30,巨·大盘｜科技股加速上扬 创业板指数创6年新高,巨丰财经
2021-06-30,热点淘金：两市震荡式缩量反弹 半导体炒作再度回温！,巨丰财经
2021-06-30,高瓴豪掷8亿揽入汇川技术 工业自动化领域受关注丨行业风口,第一财经
2021-06-30,明星机构扎堆认购汇川技术推动股价狂飙近8% ，高瓴“拔得头筹”浮盈逾两亿,21世纪经济报道
2021-06-30,汇川技术涨超8%，宁德时代再创新高！智能电车强势涨超3%,资本邦
2021-06-30,太平洋证券研究 6月30日最新观点：果链预期渐有暖意，Q3各细分板块缺货涨价态势有望逐步缓解,太平洋证券研究
2021-06-30,银河证券每日晨报,新浪
2021-06-30,千亿工控白马定增遭机构“疯抢”，高领豪掷八亿拿下近四成股份！,环球老虎财经
2021-06-30,汇川技术定增结果公布 高瓴浮盈达2亿元,TechWeb
2021-06-30,宁德时代又双叒叕涨！汇川技术获高瓴重金加持涨超6%！,资本邦
2021-06-30,鹏扬双创50指数基金获批 配置科技龙头获强力工具加持,证券之星
2021-06-30,基于透支久期与盈利增速视角的择股策略：核心资产分化下的投资机会挖掘,新浪
2021-06-30,汇川技术(300124.SZ)一度涨近8% 定增获高瓴、瑞银等参投,格隆汇
2021-06-30,“千亿大白马”汇川技术定增21亿遭疯抢，高瓴资本成最大获配者,资本邦
2021-06-30,汇川技术大涨,新浪
2021-06-30,开盘：三大指数涨跌不一创指涨0.37% 半导体板块表现强势,新浪
2021-06-30,汇川技术高开7%,Wind
2021-06-30,电气设备行业周报：奥迪加速电动化 光伏产业链价格趋稳,新浪
2021-06-30,时代变了？汇川技术定增遭疯抢 高瓴拿下4成份额 高毅、高盛等落选,券商中国
2021-06-30,昨夜今晨重大事件汇总,第一财经
2021-06-30,高瓴定增入股汇川技术，吃下四成份额，浮赢超1.5亿,e公司
2021-06-30,【中证盘前】高瓴、瑞银等参投汇川技术；鲁西化工上半年净利预增逾10倍；万达电影扭亏；两连板中恒集团称无转型白酒业务计划,中证报
2021-06-30,高瓴、瑞银等联袂参与定增，这家千亿市值龙头有什么看头？,中国证券网
2021-06-30,高瓴、瑞银等联袂参与定增 汇川技术有什么看头？,上证报
2021-06-30,【银河晨报】6.30丨2021年7月月度金股报告：成长风格占优，业绩高增长主导结构性机会,中国银河证券研究
2021-06-30,【银河策略曾万平/蔡芳媛/李卓睿】七月十大金股丨成长风格占优，业绩高增长主导结构性机会,中国银河证券研究
2021-06-30,"又是高瓴！定增入股千亿市值""小华为""，吃下四成份额，浮赢超1.5亿",e公司
2021-06-30,高瓴“购物车”又刷新！豪掷8亿揽入A股自动化龙头，最新布局两大方向，年内已收获16个IPO,证券时报
2021-06-30,早报(06.30)|美国房价创三十年最快增速，标普纳指创新高；汇川技术定增结果出炉，高瓴资本等参投,格隆汇
2021-06-30,68家机构竞争“小华为”汇川技术定增 高瓴资本及礼仁投资获配最大,中国基金报
2021-06-30,财联社6月30日早间新闻精选,财联社
2021-06-30,高瓴又出手：重金杀入1800亿巨头，5万股民嗨了,Wind
2021-06-30,汇川技术21亿定增结果出炉，高瓴8亿重金杀入,中国基金报
2021-06-30,光伏分布式迎来最佳利好 新能源车继续关注六氟赛道,财富动力网
2021-06-30,深夜重磅！高瓴又出手：重金杀入1800亿巨头，5万股民嗨了！更有中信证券、瑞银、广发基金等机构扎堆！网友：又要起飞了,中国基金报
2021-06-29,总额21亿！汇川技术披露定增结果：高瓴资本等参投,每日经济新闻
2021-06-29,"高瓴广发中信""抢食""千亿白马股 各路聪明资金争夺、大批明星机构""落选""",新浪
2021-06-29,汇川技术披露定增结果：高瓴、瑞银、大小摩等12机构参投,中证网
2021-06-29,晚间重大事件汇总,第一财经
2021-06-29,科创板晚报|明微电子、芯源微半年报大幅预增东方生物上半年净利预增超四倍,财联社
2021-06-29,上半年新能源ETF太赚了！TOP10中8只霸榜，华安中证新能源汽车、易方达中证新能源领跑，非货ETF规模已超9000亿,财联社
2021-06-29,公告精选：中信建投与腾讯达成战略合作；苏宁易购股票继续停牌,e公司
2021-06-29,高领“概念股”新成员？汇川技术定增现高领和摩根身影,证券之星
2021-06-29,投资科技板块最好的一只基金,新浪
2021-06-29,汇川技术披露定增结果：高瓴、UBSAG及J.P.Morgan等参投,财联社
2021-06-29,汇川技术(300124.SZ)披露定增结果：高瓴、UBSAG及J.P.Morgan等参投,格隆汇
2021-06-29,163只送转股走出贴权走势,证券时报网
2021-06-29,双创50ETF：抱团新战场？,新浪
2021-06-29,电力设备新能源行业周观察：电动与智能共振中游景气向上 1-5月户用光伏装机超预期,新浪
2021-06-29,宏微科技IPO奇观：老板欠债11年还不清 客户要求股东减资 减资破产,产业经济新闻网
2021-06-29,汇川技术董事长朱兴明：流量对工业互联网没用，一定要忠于价值,中自网
2021-06-29,【新能源车投资日报】宁德时代为特斯拉供货至2025年 长城汽车定目标：新能源车销量5年欲增55倍？,新浪
2021-06-29,先进制造投资周报：5月机器人、机床产量高增 自动化景气持续,新浪
2021-06-29,【民生研究】2021年7月配置策略精选,MS研究
2021-06-29,东吴证券：新车型叠加政策超预期，美国电动化将显着提速,智通财经
2021-06-29,重磅！【东吴电新】新车型叠加政策超预期，美国电动化将显着提速——美国电动车专题,新兴产业汇
2021-06-28,2021年第11届中国汽车论坛：新起点、新战略、新格局,新浪
2021-06-28,汇川技术(300124.SZ)拟使用不超10亿元闲置募集资金进行现金管理,智通财经
2021-06-28,牛人重仓｜ “精选条件”有效，指数再创新高，“腾笼换鸟”继续！,每日经济新闻
2021-06-28,机械设备行业周报：多类芯片新需求叠加 半导体设备供不应求,新浪
2021-06-28,北向资金今日净卖出40.55亿元，中远海控、宁德时代净卖出额居前,Wind
2021-06-28,揭秘送转股168只除权以来股价上涨,证券时报网
2021-06-28,电新行业2021年度中期投资策略：拥抱高景气,新浪
2021-06-28,电力设备及新能源行业周报：光伏需求望复苏 风电配置价值凸显,新浪
2021-06-28,全球电动车市场展望系列二：全球主要电动车市场刺激政策百家争鸣,新浪
2021-06-28,创业板大涨：“一哥”狂拉570亿，芯片股嗨了！,Wind
2021-06-28,三季度A股公司共被1313家机构调研，前三季度有772家机构盯上这家公司,亿欧网
2021-06-28,【电新*曾朵红】新车型叠加政策超预期，美国电动化将显着提速,东吴研究所
2021-06-28,电力设备与新能源21H2投资策略：对电动车板块超配 光伏拐点初现,智通财经
2021-06-28,【安信电新】电力设备与新能源21H2投资策略,电新邓永康团队
2021-06-27,【民生研究】周观点汇总：年中到三季度可能是指数层面的高点,MS研究
2021-06-25,315股送转方案已实施134股除权以来跑赢沪指,证券时报网
2021-06-25,汇川技术vs英威腾：谁是变频器行业龙头？,前瞻网
2021-06-25,2021年中国SCARA机器人市场销量及竞争格局分析 核心零部件国产替代加快,前瞻研究院
2021-06-25,汇川技术董事长朱兴明：精益为本·工业互联打造中国智造新模式,中自网
2021-06-25,东莞证券：下游需求旺盛，5月机器人产量保持高增,证券时报网
2021-06-24,机械子行业2020年回顾与展望系列报告五：进口替代持续推进 扰动中继续前行,新浪
2021-06-24,一个年化超过 20％的宽基指数，对标 ETF 明天上市！,新浪
2021-06-24,汇川技术：宁德时代是公司所在产业链上的用户，其设备厂商是公司的客户,每日经济新闻
2021-06-24,汇川技术(300124.SZ)：可行权的股票期权数量为684.225万份,格隆汇
2021-06-24,新能源汽车行业周报：比亚迪DM-I销量浅析,新浪
2021-06-24,揭秘送转股163只除权以来股价上涨,证券时报网
2021-06-24,新能车/智能车/新能电池/车联网指数…谁是“新能源车王”？,养基司令
2021-06-24,北向资金减持榜单：38股减持市值超5000万元 减持股份,证券时报网
2021-06-24,北向资金高比例持有股票名单,证券之星
2021-06-23,东吴证券：电动车终端需求好于预期，21年Q2排产环比再增20%,智通财经
2021-06-23,【东吴电新】美国政策有望超预期，下半年订单指引超预期——电动车2021年5月专题报告,新兴产业汇
2021-06-23,预见2021：《2021年中国新能源汽车产业全景图谱》(附市场现状、竞争格局和发展趋势等),前瞻研究院
2021-06-23,54股获北向资金加仓超5000万元,证券时报网
2021-06-23,新筑股份拟售后回租融资不超3.2亿9年连亏仍称将加大投入 亏损,财联社
2021-06-23,电气设备行业周报：锂电行业加速扩产 硅料价格维稳,新浪
2021-06-23,电气设备行业深度报告：下游需求高景气带动新能源汽车产业链加速向上,新浪
2021-06-22,双创基金来了，短期最受益的是创业板指数？,包子君
2021-06-22,揭秘送转股156只除权以来股价上涨,证券时报网
2021-06-22,石油板块龙头股票 石油板块龙头股票有哪些？,至诚财经
2021-06-22,新能源汽车板块股票 新能源板块股票有哪些？,至诚财经
2021-06-22,通用机械行业先进制造：拥抱苹果链新一轮设备投资周期,新浪
2021-06-22,2021年机械行业中期策略：中国“制造”到中国“创造”的投资机会,新浪
2021-06-22,突发大风暴！央行重磅出手！虚拟货币遭“连环暴击”！,国元证券订阅号
2021-06-21,新能源汽车板块活跃逾七成公司中报预喜,第一财经
2021-06-21,【新时代先进制造】拥抱苹果链新一轮设备投资周期【周观点0621】,孟话机器人
2021-06-21,科创创业50ETF横空出世 ETF里的战斗机,证券之星
2021-06-21,刚一上市就卖了：物联网主题指数三个月涨18% 今天更是又有基金来抬轿,每日经济新闻
2021-06-21,工控5月月报：工控需求高增、进口替代加速,新浪
2021-06-21,150只送转股走出贴权走势,证券时报网
2021-06-21,6月21日主力资金净流出239亿元,证券时报网
2021-06-21,电力设备及新能源行业周报：关注新能源和制造业的边际变化,新浪
2021-06-21,基民气懵了！刚一上市就卖了，结果这个板块3个月大涨了18%，今天更是又有基金来抬轿,每日经济新闻
2021-06-21,易方达科创创业ETF今日盛大发售，核心赛道投资价值大揭秘！,易方达基金
2021-06-21,【银河电新周然】行业周报丨硅片价格下跌趋势显现 中汽协预测销量增速40%,中国银河证券研究
2021-06-20,电力设备新能源周观察：电动车中游景气向上 硅料产业链博弈或将结束,新浪
2021-06-19,【银河周知】关注汽车、新能源、电子等高景气行业的投资机会,中国银河证券研究
2021-06-18,为什么说双创基金会是个好指数？,包子君
2021-06-18,开始“回血”？别高兴太早，注意还有一个“坑”，下周很关键！,第一财经
2021-06-18,市场反复调整构筑技术支撑 新能源车受到热炒！,巨丰财经
2021-06-18,电动物流车板块强势 蓝海华腾涨停,新浪
2021-06-18,“碳中和”核心“基”遇，“智能电动车ETF”6月18日重磅上市,大众证券报
2021-06-18,新能源车产业链发力多股先后涨停,第一财经
2021-06-18,电动物流车板块活跃 蓝海华腾涨幅居前,新浪
2021-06-18,IGBT概念板块走强 台基股份涨幅居前,新浪
2021-06-18,璞泰来创历史新高，融资客减仓,证券时报网
2021-06-18,标的指数近两月大涨26%，“智能电动车ETF”6月18日御风上市！,发现网
2021-06-18,新能车开盘上攻,资本邦
2021-06-18,干货！2021年中国变频器行业龙头企业对比：汇川技术PK英威腾 谁是变频器行业龙头？,前瞻研究院
2021-06-18,北向资金减持榜单：24股减持市值超亿元 减持股份,证券时报网
2021-06-18,创业板指涨幅迅速扩大至1%,Wind
2021-06-18,背靠A股上市公司汇川技术高凯技术“赴考”科创板IPO,资本邦
2021-06-18,【银河电新】2021年中期策略丨乘“双碳”之风 新能源扬帆远航,中国银河证券研究
2021-06-18,永赢智能领先混合C净值上涨3.21%,新浪
2021-06-18,国投瑞银先进制造混合净值上涨3.24%,新浪
2021-06-17,牛人重仓｜出口集装箱“一箱难求”，意味着这只股“危中有机”？,每日经济新闻
2021-06-17,科技股或成市场下半年“主角”,证券导报
2021-06-17,汇川技术盘中快速下跌,新浪
2021-06-17,广发创业板ETF联接A净值下跌3.99%,新浪
2021-06-16,电力设备及新能源行业：乘“双碳”之风 新能源扬帆远航,新浪
2021-06-16,东吴证券--电气设备新能源行业周报：锂电龙头大单不断中报预计靓丽、光伏电价政策超预期【行业研究】,金融界股吧
2021-06-16,首创证券--电气设备行业简评报告：光伏产业柳暗花明景气重启，海风地补落地确定性夯实【行业研究】,金融界股吧
2021-06-16,工业机器人国产替代持续进行 4月产量旺盛,中投网
2021-06-16,特斯拉概念股集体重挫 机构：推荐三条主线丨牛熊眼,第一财经
2021-06-16,电气设备行业周报：新能源汽车5月销量保持高增 新能源上网电价政策超预期,新浪
2021-06-16,通用机械行业先进制造：PCB需求持续景气 把握中游设备投资机会,新浪
2021-06-16,【新时代先进制造】PCB需求持续景气，把握中游设备投资机会【周观点0614】,孟话机器人
2021-06-15,重磅产品获批！易方达、南方、华夏等9家基金公司争相布局，这类ETF帮你一键配置科创板与创业板龙头股,中证报
2021-06-15,重磅双创产品来了！9家基金公司正式拿到批文,Wind
2021-06-15,光伏概念概念股近三日受66亿主力资金追捧,证券时报网
2021-06-15,电力设备及新能源行业周报：政策推动新能源发展 自动化景气有望延续,新浪
2021-06-15,汇川技术大涨5.16%，成交额9.33亿元,中新经纬
2021-06-15,【行业深度】洞察2021：中国变频器行业竞争格局及市场份额(附市场集中度、企业竞争力评价等),证券之星
2021-06-15,36股遭北向资金减持超亿元 减持股份,证券时报网
2021-06-15,【干货】工业机器人行业产业链代表企业全景生态图,前瞻研究院
2021-06-15,电力设备新能源行业周报：5月电动车销量高增长 发改委出台新能源电价政策,新浪
2021-06-15,【民生研究】周观点汇总：景气度决胜负，把握中报窗口期,MS研究
2021-06-15,【东吴晨报0615】【策略】【固收】【行业】电新、机械【个股】恩捷股份、宁德时代、亿纬锂能、智飞生物、安井食品,东吴研究所
2021-06-15,【电新*曾朵红】电动车5月销量点评：环比回升符合预期，自主车企及特斯拉表现亮眼,东吴研究所
2021-06-14,【民生研究】周观点汇总：五月份的社融大概率仍将下降，继续验证盈利周期已处顶部区域的判断,MS研究
2021-06-14,西部证券：A、H股中长期上涨逻辑逐步理顺、清晰 静待加速,新浪
2021-06-12,【东吴电新】电动车5月销量点评：环比回升符合预期，自主车企及特斯拉表现亮眼,新兴产业汇
2021-06-12,无人驾驶打开市场空间，首只车联网主题基金火爆，鹏华角逐新赛道,华夏时报
2021-06-12,股民沸腾！四部门出手了 这类科技股炸锅！,网易
2021-06-12,16只高增长机构抱团科技股曝光，北上资金也抢买它们,证券时报网
2021-06-11,A股共发生131宗大宗交易成交24.46亿元（6月11日）,Wind
2021-06-11,汇川技术现1笔大宗交易 共成交267.49万元,新浪
2021-06-11,汇川技术今日大宗交易成交4.39万股，成交价61.0元溢价0.0%,Wind
2021-06-11,行业观察|需求火爆+国产替代国内工业机器人行业景气向上,财联社
2021-06-11,揭秘送转股 132只除权以来股价上涨,证券时报网
2021-06-11,银华新能源新材料量化股票发起式C净值上涨4.30%,新浪
2021-06-11,富国清洁能源产业灵活配置混合A净值上涨3.12%,新浪
2021-06-10,鸿蒙点燃市场激情，不妨跟随这些基金吃肉！,老司基一枚
2021-06-10,129只送转股走出贴权走势,证券时报网
2021-06-10,【民生证券研究院】晨会纪要20210610,MS研究
2021-06-09,挤破头！这个规模ETF太火了，14家基金公司争相申报,搜狐
2021-06-09,【繁微另类数据】基于移动大数据的上市公司金融活动指数的选股应用,东证衍生品研究院
2021-06-09,股市流动性回落，解禁高峰来袭——资金面周观察（中泰策略） 解禁,修炼投资的水晶球
2021-06-09,中银证券：自动化设备需求超预期，泛自动化行业高景气度延续,证券时报网
2021-06-09,60只股北向资金持有流通盘的比例超10%,证券之星
2021-06-09,新能源汽车行业周报：5月欧洲电动车延续高景气,新浪
2021-06-09,工业机器人：进口替代加速+应用场景拓宽 内资迎黄金发展期,新浪
2021-06-09,诺德新享混合净值下跌6.72%,新浪
2021-06-08,汇川技术(300124.SZ)：第一大股东解押5050.5万股,格隆汇
2021-06-08,汇川技术(300124.SZ)：此次可行权的股票期权共684.225万份,格隆汇
2021-06-08,汇川技术(300124.SZ)：684.23万份股票期权可行权,智通财经
2021-06-08,汇川技术(300124.SZ)第一大股东汇川投资解质5050.5万股,智通财经
2021-06-08,汇川技术：汇川投资解除质押5050万股,每日经济新闻
2021-06-08,牛人重仓｜267只基金锁定17.5%流通股，今天入选的这只股业绩够“牛”！,每日经济新闻
2021-06-08,电气设备行业周报：新能源汽车产业链首选六氟赛道,新浪
2021-06-08,汇川技术大涨,新浪
2021-06-08,电力设备行业动态分析：欧洲电车持续繁荣 光伏展热点不断,新浪
2021-06-08,深度*行业*机械设备行业周报：重视万物互联时代下装备制造升级的历史机遇,新浪
2021-06-08,【民生证券研究院】晨会纪要20210608,MS研究
2021-06-07,电池板块投资：十五问十五答,老罗话指数投资
2021-06-07,牛人重仓｜桐昆股份有何亮点？广发基金孙迪第一大重仓股，北向资金今年大幅加仓！,每日经济新闻
2021-06-07,【机会挖掘】工信部印发工业互联网今年工作计划 20大典型应用场景将发布,证券时报网
2021-06-07,北向资金净卖出额创近一个月新高，宁德时代遭大幅抛售超14亿元,Wind
2021-06-07,电力设备新能源行业周报：六氟价格持续新高 N型电池应用加速,新浪
2021-06-07,111只送转股走出贴权走势,证券时报网
2021-06-07,连续八周净流入的北向资金在增配哪些行业【流动性跟踪第16期】,量化先行者
2021-06-07,30股获北向资金加仓超亿元,证券时报网
2021-06-07,欧洲5月注册量持续增长，光伏短期动态博弈不影响全年装机| 兴证电新 · 每周观察（祝子瀚、朱玥）,兴业电新
2021-06-06,电气设备行业周报：新技术推动组件效率进一步提升 新能源车5月销量维持高位,新浪
2021-06-06,北向资金本周持仓市值减少11亿元美的集团、中国中免、恒瑞医药等白马股遭减仓,格隆汇
2021-06-04,5月份逾350家广东上市公司接受调研 迈瑞医疗最受机构关注,证券日报网
2021-06-04,创业板？科创板？一“指”打尽A股顶级科创公司,新浪
2021-06-03,银河证券：5月金股组合盈利7.41% 6月荐股名单出炉,新浪
2021-06-03,88股即将实施分红 深圳瑞捷派现最大方,证券时报网
2021-06-03,25股受青睐，北向资金增持额超亿元,证券之星
2021-06-03,市场转暖险资仓位总体或已提升 5月扎堆调研“热搜股”妙可蓝多,财联社
2021-06-03,财经早班车｜商务部：争取用5年推动网店健全、规范有序的城市商业体系,新民晚报
2021-06-02,广东区域股市周报：7亿融资买入TCL科技 招商银行市值增长1098.46亿,每日经济新闻
2021-06-02,新能源与电力设备行业周报：美国电动车补贴力度空前 中游机会正在提前,新浪
2021-06-02,新能源汽车产业链行业-新能源驱动电机：老赛道孕育新确定性 聚焦电机或大有可为,新浪
2021-06-02,新能源汽车行业周报：宁德时代抛出大规模订单指引,新浪
2021-06-02,北向资金大幅加仓这些个股,第一财经
2021-06-02,制造业PMI：5月PMI持续处于扩张区间 高技术制造业表现亮眼,新浪
2021-06-02,财闻点金：厂商产线满载运作供不应求 MCU价格持续上调,巨丰财经
2021-06-02,小鹏5月交付量大增近5倍 P7交付量创历史新高,财联社
2021-06-01,重磅！【东吴电新】爆款平台车型驱动，锂电供不应求全面超预期——2021年电动车中期策略,新兴产业汇
2021-06-01,电气设备行业简评报告：风电结构性机会凸显 大型化海上化带动整机毛利,新浪
2021-06-01,电气设备行业周报：新能源车市场产销两旺 光伏上游供应紧张,新浪
2021-06-01,博时中证科创创业50ETF（588393）：行业布局更优，激发科创板、创业板共振优势,资本邦
2021-06-01,国泰中证新能源汽车ETF联接A净值上涨4.51%,新浪
2021-06-01,大成成长进取混合A净值上涨3.92%,新浪
2021-05-31,汇川技术现1笔大宗交易 共成交216.68万元,新浪
2021-05-31,一周机构调研：98家上市公司被调研，143家机构集中调研了这家上海公司,每日经济新闻
2021-05-31,电力设备与新能源行业2021年电动车中期策略：爆款平台车型驱动 锂电供不应求全面超预期,新浪
2021-05-31,5月31日晚间重要行业研究汇总(附股),中金在线
2021-05-31,医美概念股全线大涨 医美概念股有哪些？,至诚财经
2021-05-31,电气设备新能源行业周报：美国电动车政策和锂电中游超预期、锂电龙头全面受益,新浪
2021-05-31,电力设备及新能源行业周报：光伏产业链涨价趋势下 关注新技术和新应用,新浪
2021-05-31,4320家A股上市公司超50%未获卖方评级覆盖！,红周刊
2021-05-31,机构最爱调研公司排名！海康威视连续6年霸榜，成机构追捧“白月光”！,红周刊
2021-05-31,电力设备新能源行业周报：美国提高电动车税收抵免 光伏价格维持涨势,新浪
2021-05-31,21股获20家以上机构调研 汇川技术最受关注,证券时报网
2021-05-31,北向资金增持市值超5000万元股票（附名单）,证券时报网
2021-05-31,银河证券：电动车迎来黄金发展期，“双碳”大计光伏迎来白银时代,证券时报网
2021-05-31,机构扎堆调研多只锂电龙头,财富动力网
2021-05-31,【银河策略】六月十大金股丨市场有望稳步上行，建党百年行情可期,中国银河证券研究
2021-05-31,电子烟会对健康产生危害！225家机构密集调研长盈精密,21世纪经济报道
2021-05-31,【电新*曾朵红】4月装机电量点评：装机量同比大增环比维稳，增长趋势不变,东吴研究所
2021-05-30,近两月暴涨166%！这只医美概念股火了，一月之内接待6批次调研！,e公司
2021-05-30,多只锂电龙头获机构扎堆调研，这些股低估值高增长,证券时报网
2021-05-30,电气设备行业周报：异质结转换效率再创记录 美国电动车补贴政策进一步升级,新浪
2021-05-29,【东吴电新】4月装机电量点评：装机量同比大增环比维稳，增长趋势不变,新兴产业汇
2021-05-29,封面文章 | A股市值结构性裂变，资金加速流向核心资产,红周刊
2021-05-29,【银河周知】六月金股推荐周期、新能源、科技和消费板块,中国银河证券研究
2021-05-29,63.84亿元主力资金本周撤离电气设备板块,证券时报网
2021-05-29,长信低碳环保量化股票净值上涨4.04%,新浪
2021-05-29,诺德新旺混合净值下跌3.06%,新浪
2021-05-29,5家上市公司被券商密集调研,中国网
2021-05-29,5月券商调研路线曝光：软件行业明显升温 医美龙头被扎堆关注,第一财经
2021-05-28,汇川技术(300124.SZ)权益分派：每10股转5股派3.6元,智通财经
2021-05-28,机构调研|青睐消费板块持续关注缺芯和原材料涨价问题,第一财经
2021-05-28,引高瓴资本密集调研，汇川技术有什么独门绝技？,中自网
2021-05-28,长春高新(000661)股票行情 机构建议把握7月做多窗口！,至诚财经
2021-05-28,电气设备行业周报：新能源汽车行业不断扩张 2021年风光开发建设通知发布,新浪
2021-05-28,人工智能助力深圳龙华打造智慧城市,深圳商报
2021-05-28,51股获北向资金加仓超亿元,证券时报网
2021-05-28,5家上市公司获券商密集调研，机构建议把握7月做多窗口,Wind
2021-05-28,5家上市公司获券商密集调研 机构建议把握7月做多窗口,中证报
2021-05-27,中熔电气：净利润六年翻8倍，高成长+高研发成就“小而美”的电力熔断器龙头,证券时报网
2021-05-27,22股获券商买入评级 金发科技目标涨幅达78.39%,Wind
2021-05-27,抢滩科技创新领域，第二批“双创指数”ETF上报,Wind
2021-05-27,抢滩科技创新领域 第二批“双创指数”ETF上报,全景网
2021-05-26,机构看好这些个股最高还有66%的上涨空间,第一财经
2021-05-26,【调研纪要】汇川技术：新增的自动化线以每年10%的速度在替换老线（20210526）,微信
2021-05-26,行研｜重要程度不逊芯片！年轻人不进厂后催生的行业,证券之星
2021-05-26,汇川技术接受95家机构调研！短期主力资金净流入，市场资金早已察觉,每日经济新闻
2021-05-26,鹏华消费领先混合净值上涨3.00%,新浪
2021-05-26,周三证券|布局科技股 关注低估值超跌标的,金融投资报
2021-05-25,公共领域用车未来将全面实现电动化，三条主线布局投资机会丨牛熊眼,第一财经
2021-05-25,电力设备与新能源行业：电动车车型驱动锂电供不应求全面超预期 光伏和工控龙头强者恒强,新浪
2021-05-25,汇川技术：聘任宋君恩为公司董事会秘书,每日经济新闻
2021-05-25,2021年中国电源行业市场规模与发展趋势分析 5G商用将加速通信电源市场规模进一步扩大,前瞻研究院
2021-05-25,首创证券--电气设备行业简评报告：新能源装机下限预期加强，硅料仍将贯穿全年主题【行业研究】,金融界股吧
2021-05-25,中泰证券--电力设备新能源周观察：产业链价格再迎上调，光伏海内外持续高景气【行业研究】,金融界股吧
2021-05-25,先进制造投资周报：关注“小而美”标的切换成长逻辑后的补涨机会,新浪
2021-05-25,创业板股最新筹码变动：7股股东户数降逾5%,证券时报网
2021-05-25,平安基金“头号”基金经理李化松牛年迷失，所管产品全线亏损,新浪
2021-05-24,"汇川技术现1笔大宗交易 共成交1,009.69万元",新浪
2021-05-24,电力设备及新能源行业周报：硅料价格持续上涨 产业盈利继续分化,新浪
2021-05-24,汇川技术今日大宗交易成交11万股，成交价91.79元溢价0.0%,Wind
2021-05-24,5月24日晚间重要行业研究汇总(附股),中金在线
2021-05-24,49股获北向资金加仓超5000万元,中财网
2021-05-24,银河证券：电动车迎来黄金发展期，光伏迎来白银时代,证券时报网
2021-05-24,【银河电新周然】行业周报丨电池龙头加码上游布局，风光21年建设指引出台,中国银河证券研究
2021-05-23,“延期并网”无可能，刚性需求再确认：评国家能源局风电光伏新政 | 兴证电新 · 每周观察（范昭楠、朱玥）,兴业电新
2021-05-23,安信电新：锂电材料验证板块高景气，新政落地风光起量在即,科创板日报
2021-05-23,14只创业板股最新筹码趋向集中，两股收获超20%涨幅,证券时报网
2021-05-23,电气设备周观点：产业链价格再迎上调 光伏海内外持续高景气,新浪
2021-05-22,巨一科技巨额存货“泰山压顶”，职工薪酬变化令人迷惑,新浪
2021-05-22,股价大幅下滑，运动控制龙头雷赛智能的估值还合理吗？ 连续下跌,Ofweek
2021-05-22,泡沫挤完了？新能源汽车股再次起飞,ZAKER
2021-05-21,碳中和概念强势回归 机构青睐这些个股,第一财经
2021-05-21,散户懵了！机构大手笔调仓，火爆的新能源车基金竟被主力甩卖逾20亿元，更有ETF份额暴降超80亿份，资金去哪儿了？,每日经济新闻
2021-05-21,剑指万亿新蓝海 “智能电动车ETF”5月21日重磅开售,中国经济网
2021-05-21,东吴证券--电动车行业点评：特斯拉及造车新势力：一季度盈利水平回升，21年高增长可期，供应链受益【行业研究】,金融界股吧
2021-05-21,黄金赛道腾飞在即，“智能电动车ETF”今起重磅发行,发现网
2021-05-21,电动车2021年4月专题报告：车展新车型引爆需求 长期高增长可期,新浪
2021-05-21,【银河晨报】5.21丨策略看大宗商品之煤炭：构建助力投资的高胜率指标体系,中国银河证券研究
2021-05-21,【东吴晨报0521】【固收】【宏观】【行业】电新【个股】名创优品,东吴研究所
2021-05-21,【电新*曾朵红】特斯拉及造车新势力：一季度盈利水平回升，21年高增长可期，供应链受益,东吴研究所
2021-05-20,华安创业板50ETF：盈利高增提振估值，长期受益经济转型红利——ETP产品报告,华宝财富魔方
2021-05-20,股东户数降幅榜：3股最新股东户数降逾一成,证券时报网
2021-05-20,汇川技术5月20日大宗交易成交1.22亿元,证券时报网
2021-05-20,深圳聚集1300余家人工智能企业，全国位居第二,深圳特区报
2021-05-20,【基金交易日报】东方红新基金募集24.7亿元，新华基金王滨卸任7只产品，博时、大成、国联安基金经理离任 基金经理离任,新浪
2021-05-20,汇川技术今日大宗交易成交139万股，成交价88.0元折价5.03%,Wind
2021-05-20,工控月报：工控需求高增、进口替代加速,新浪
2021-05-20,10家基金公司上报双创50ETF!同时布局创业板、科创板两大市场,资本邦
2021-05-20,顶流基金经理最新调研股曝光!睿远基金傅鹏博二次调研天融信,资本邦
2021-05-20,A股早报2021年5月20日星期四,Wind
2021-05-20,刚刚上报！又有重磅指数产品来了，首批这10家(名单),Wind
2021-05-20,汇川技术5月19日现2笔大宗交易,证券时报网
2021-05-20,国泰中证新能源汽车ETF联接A净值上涨3.33%,新浪
2021-05-20,国泰中证新能源汽车ETF净值上涨3.53%,新浪
2021-05-20,国泰国证新能源汽车指数(LOF)净值上涨3.46%,新浪
2021-05-20,汇添富中证新能源汽车产业指数(LOF)A净值上涨3.68%,新浪
2021-05-20,华夏中证新能源汽车ETF净值上涨3.48%,新浪
2021-05-20,平安中证新能源汽车产业ETF净值上涨3.67%,新浪
2021-05-20,积极布局科技领域 10家基金公司上报双创50ETF,证券时报
2021-05-19,电力设备与新能源产业链核心数据跟踪日报,新浪
2021-05-19,国家电网再提新型电力系统 这几条投资主线值得关注丨牛熊眼,第一财经
2021-05-19,刚刚上报！又有重磅指数产品来了，首批这10家(名单),中国基金报
2021-05-19,两市共发生119宗大宗交易 机构抢筹这些个股,第一财经
2021-05-19,每经19点|沃尔玛进口啤酒篡改日期继续卖？深圳通报；速看！祝融号和火星“合影”来了；以国防军发言人：未来几天空袭规模可能还将扩大,每日经济新闻
2021-05-19,46亿主力资金近三日杀入光伏概念概念股,证券时报网
2021-05-19,"汇川技术现2笔大宗交易 共成交16,544.00万元",新浪
2021-05-19,汇川技术今日大宗交易成交188万股，成交价88.0元折价3.3%,Wind
2021-05-19,5月19日晚间重要行业研究汇总(附股),中金在线
2021-05-19,东吴证券--电气设备：海外动力电池21Q1详细点评：LG盈利大幅提升，在美产能扩张提速【行业研究】,金融界股吧
2021-05-19,【东吴电新】海外动力电池21Q1详细点评：LG盈利大幅提升，在美产能扩张提速,新兴产业汇
2021-05-19,汇川技术大涨,新浪
2021-05-19,平安证券--新能源汽车行业周报：海外电池企业一季报：韩企延续高增长【行业研究】,金融界股吧
2021-05-19,周报（2021.5.19）：Q2环比预期不宜太高，但Q2仍是电动车中上游建仓机会,电新产业研究
2021-05-19,【中原机械】机械行业周报：中原机械行业周报-4月挖掘机增速快速回落，持续关注顺周期龙头和光伏锂电设备等成长龙头,中原证券研究所
2021-05-19,汇川技术：公司会关注如何通过储能技术提高和保障国内制造业客户的用能体验,每日经济新闻
2021-05-18,市值4500亿的比亚迪，王传福野心不断，既要造车也要造半导体,财经无忌
2021-05-18,太平洋--电气设备行业：全球新能源车4月销量高增，光伏产业链价格全线上涨【行业研究】,金融界股吧
2021-05-18,电气设备行业简评报告：迎接行业风口 产能扩张为王,新浪
2021-05-18,汇川技术与南南国际签署战略合作框架协议,中自网
2021-05-18,叶飞举报、机构抛弃的小盘股竟然春节以来表现最好,资本邦
2021-05-18,A股早报2021年5月18日星期二,Wind
2021-05-18,银河证券：4月电动车销量延续高景气度硅片减薄应对硅料价格高企,金融界
2021-05-18,叶飞“爆料门”持续发酵 资金回流机构抱团股,财富动力网
2021-05-18,电力设备新能源周观察：4月新能源汽车销量符合预期 继续看好板块行情,新浪
2021-05-18,【银河电新周然】行业周报丨4月电动车销量延续高景气度 硅片减薄应对硅料价格高企,中国银河证券研究
2021-05-18,【民生证券研究院】晨会纪要20210518,MS研究
2021-05-18,长信创新驱动股票净值上涨3.69%,新浪
2021-05-18,领涨板块快速切换，权重股助推沪指收复3500点,Wind
2021-05-17,ST血崩 大号跌停潮！价值投资靠叶飞？,中金在线
2021-05-17,沪指收复3500点，蓝筹股上演王者归来！后市如何操作？,金融投资报
2021-05-17,两市共发生117宗大宗交易机构抢筹这些个股,第一财经
2021-05-17,指数涨到肉痛，但本周有大肉签，中一签或赚10万!丨复盘论,第一财经
2021-05-17,机构论市：市场二八行情分化剧烈 蓝筹股王者归来,中金在线
2021-05-17,监管重拳出击，一类股变天了,新浪
2021-05-17,【东吴电新】电动车4月销量点评：受季节波动影响环比微降，销量符合预期,新兴产业汇
2021-05-17,电力设备：电车景气依旧 光伏拐点已现,新浪
2021-05-17,汇川技术今日大宗交易成交211万股，成交价85.0元折价4.94%,Wind
2021-05-17,巨丰投顾：市场惊现两大特征 蓝筹股王者归来,中金在线
2021-05-17,刘彦春、蒋彤等顶流基金经理最新调研情况显露,资本邦
2021-05-17,5月17日晚间重要行业研究汇总(附股),中金在线
2021-05-17,信达证券--机械设备周报：全能冠军GE的转型路【行业研究】,金融界股吧
2021-05-17,抱团股再度走强低价股遭重创,格隆汇
2021-05-17,巨丰微策略：蓝筹大涨 A股价值终于回归 反弹还将延续？,巨丰财经
2021-05-17,巨丰投顾：蓝筹大涨、A股价值终于回归 反弹还将延续？,新浪
2021-05-17,"发生了什么？刚刚，""叶飞概念股""崩了，蓝筹股却狂涨：茅指数大涨3%，多只1000亿巨头罕见拉涨停！",中国基金报
2021-05-17,4月销量高增长，新能源汽车股发力拉升，北汽蓝谷等涨停,证券时报网
2021-05-17,东吴证券--电气设备新能源行业周报：锂电排产旺盛盈利有望超预期、硅料价格屡创新高【行业研究】,金融界股吧
2021-05-17,汇川技术盘中快速上涨,新浪
2021-05-17,【电新*曾朵红】电动车4月销量点评：受季节波动影响环比微降，销量符合预期,东吴研究所
2021-05-17,电力设备新能源行业周报：4月中欧新能车销量高增 光伏涨价态势延续,新浪
2021-05-17,陆家嘴财经早餐2021年5月17日星期一,Wind
2021-05-16,傅鹏博、刘彦春、蒋彤等顶流基金经理最新调研股曝光！贝莱德基金也出动了,Wind
2021-05-16,傅鹏博、刘彦春、蒋彤等顶流基金经理最新调研股曝光！贝莱德基金也出动了,中国基金报
2021-05-15,华夏中证新能源汽车ETF净值上涨3.31%,新浪
2021-05-15,平安中证新能源汽车产业ETF净值上涨3.20%,新浪
2021-05-15,万家自主创新混合A净值上涨3.23%,新浪
2021-05-14,电气设备行业点评-3月装机电量点评：装机量同环比大增 季末冲量显着,新浪
2021-05-14,定增市场2021年4月报：竞价募足率上升 解禁收益回暖,新浪
2021-05-14,爆款基金有风险投资需谨慎,证券之星
2021-05-14,126家公司获海外机构调研,证券时报网
2021-05-14,新能汽车ETF产品解读：世界正在发生变化,雪球
2021-05-14,39只创业板股最新筹码趋向集中,证券时报网
2021-05-14,48股获北向资金加仓超5000万元,证券时报网
2021-05-14,电力电气设备行业：需求全面向好 国产增速领衔,新浪
2021-05-14,144家公司获机构调研（附名单）,证券时报网
2021-05-13,"汇川技术现2笔大宗交易 共成交1,368.61万元",新浪
2021-05-13,解密主力资金出逃股连续5日净流出447股,证券时报网
2021-05-13,正弦电气上市上交所科创板 与步云工控交易存疑,证券市场周刊
2021-05-13,汇川技术今日大宗交易成交10.55万股，成交价71.35元折价10.0%,Wind
2021-05-13,62只创业板股公布截至5月10日最新股东户数,中投网
2021-05-13,华安证券：国内制造业投资加速，推荐顺周期通用设备板块,证券时报网
2021-05-13,新时代证券--先进制造投资周报：机器人和机床核心部件紧缺，龙头持续受益【行业研究】,金融界股吧
2021-05-13,正弦电气：毛利率异于同行有蹊跷 与步云工控交易真实性存疑,证券市场周刊
2021-05-12,基民懵了！这只票到底有多受欢迎？多只新基金都买成了头号重仓股，券商更是高喊还能涨100元！,每日经济新闻
2021-05-12,电气设备行业周报：欧洲4月新能源车销量高增 光伏硅料供给增加,新浪
2021-05-11,机械设备周报：机床专题研究之中国机床发展史,新浪
2021-05-11,电新行业2020与1Q21业绩回顾：景气高涨 百花齐放,新浪
2021-05-11,光电编码器核心芯片厂商「安必轩」获两2620万元Pre-A轮融资,投资界
2021-05-11,【国元机械】机械行业2020年年报及2021年一季报总结：高端制造景气度延续，一季度强劲复苏,国元高端装备
2021-05-11,万亿公募的季度决断：高配了谁，抛弃了谁？,锦缎
2021-05-11,【民生研究】策略+行业：2020年年报及2021年一季报综述,新浪
2021-05-10,电气设备新能源行业周报：电动车销量和排产持续向好、光伏5月排产边际改善,新浪
2021-05-10,电力设备及新能源行业周报：硅料盈利有望超预期 持续关注电气龙头,新浪
2021-05-10,电力设备新能源行业周报：电车周期启动 需求边际向好,新浪
2021-05-10,电力设备及工控2020年年报及2021年一季报总结：2020业绩高增 工控21Q1延续高景气,新浪
2021-05-10,汇川技术(300124.SZ)选举丁龙山为职工代表监事,智通财经
2021-05-10,【电新*曾朵红】深度：工控&电力设备行业2020年报&一季报总结——工控龙头Q1再超市场预期持续向好，电网龙头表现平稳,东吴研究所
2021-05-10,【电新*曾朵红】电动车20年及21年一季报总结——下游需求强劲，板块盈利逐季大幅提升,东吴研究所
2021-05-08,2020年A股公司研发费用近三年来首破万亿元大关,羊城晚报
2021-05-08,四大报精华摘要：多方合力提高上市公司质量,证券日报网
2021-05-08,第十三届深创赛启动 全球创新创业精英将角逐180个奖项,深圳特区报
2021-05-07,引领高质量发展·聚焦深市业绩说明会丨高端装备技术研发引关注 业绩说明会搭建公司与投资者沟通桥梁,证券时报
2021-05-07,【东吴电新】年报&季报总结：工控龙头Q1再超市场预期持续向好，电网龙头表现平稳,新兴产业汇
2021-05-07,陆港通每周复盘 | 南下资金加仓药明生物、美团，沽出紫金矿业,金融界
2021-05-07,首创证券--电气设备行业简评报告：以量利齐升为内核，从供需关系判断趋势【行业研究】,金融界股吧
2021-05-07,汇川技术跌5.1%报85.39元，领跌电气自动化设备行业,中新经纬
2021-05-07,机器人行业专题报告：智能化造就新时代 自动化生产成刚需,新浪
2021-05-07,“固收+”基金：合理控制回撤风险 追求长期绝对收益,招商定量任瞳团队
2021-05-07,注册制改革释放活力 创业板发展动能强劲,中国金融新闻网
2021-05-06,汇川技术：公司的电动乘用车异步电机刚启动开发，还没有量产,每日经济新闻
2021-05-06,电力设备新能源行业2020年报及2021年一季报综述：碳中和成就行业高景气 上游价格变动或成择时关键,光大证券
2021-05-06,电力设备新能源行业周报：新势力销量数据亮眼 光伏产业链涨价延续,新浪
2021-05-06,大成基金魏庆国再发新品，代表作大成中小盘业绩不佳 盈利能力下降,金融界
2021-05-06,4月金股组合亏损2.62% 5月荐股名单出炉 亏损,新浪
2021-05-06,36氪首发丨推进光电编码器芯片国产化替代，「安必轩」获千万级融资,36氪
2021-05-06,券商策略：智能制造有望成为新主线 短期注重防风险,财联社
2021-05-06,汇川技术接受2家机构调研,每日经济新闻
2021-05-06,5月A股结构博弈加剧 关注三条主线及个股,财联社
2021-05-06,财信证券基金深度报告：基金组合29只主动权益及固收+品种2021Q1调仓情况跟踪,财信证券研究
2021-05-06,抢筹创新高，外资最新重仓配置来了,新浪
2021-05-05,深市上市公司2020年业绩表现：主板扎实稳健、创业板活力迸发,证券时报
2021-05-05,十大券商策略：智能制造有望成为新主线 机构建议关注这些个股,财联社
2021-05-04,【东吴电新】3月海外电动车销量点评：季末冲量，全球销量大超预期,新兴产业汇
2021-05-02,创业板2020年成绩单：八成公司盈利 常态化退市机制逐步建立,新华网
2021-05-02,创业板公司2020年扣非净利平均增速高达57%，八成实现盈利,第一财经
2021-05-01,有看点！创业板改革并试点注册制后首份年报交卷！,证券时报
2021-05-01,注册制改革释放活力！创业板“成绩单”亮眼，八成盈利，净利润增速达近年来最高水平,上证报
2021-05-01,动能强、质量高、态势好，创业板改革并试点注册制后首份年报答卷可圈可点,证券时报
2021-05-01,北向资金一周动向曝光：买入“锂电茅”22亿元“光茅”20亿元，卖出茅台“本茅”14亿元,21世纪经济报道
2021-05-01,9000亿龙头又火了，白酒却被狂卖30亿,Wind
2021-04-30,上海车展复盘&最新排产跟踪：电动车型大周期启动 拥抱电动化时代,新浪
2021-04-30,9000亿龙头又火了，聪明钱22亿凶猛杀入！白酒却被狂卖30亿,e公司
2021-04-30,陆港通每周复盘 | 南下资金扫货美团、药明生物！抛售中芯国际,金融界
2021-04-30,汇川技术(300124.SZ)：取得专利证书和软件着作权证书,格隆汇
2021-04-30,东莞证券：智能化造就新时代 自动化生产成刚需,证券时报网
2021-04-30,81股获北向资金连续5天增持,e公司
2021-04-30,创业板股最新筹码变动：11股股东户数降逾5%,证券时报网
2021-04-30,"上市公司战""疫""成绩单亮相 停摆行业有望显着改善",证券时报
2021-04-30,上市公司战“疫”成绩单亮相，停摆行业有望显著改善,Wind
2021-04-29,天风证券维持汇川技术买入评级：业绩延续高增，研发投入加大,每日经济新闻
2021-04-29,汇川技术(300124)：盈利进入加速周期 奠定全年景气基础,新浪
2021-04-29,北向资金连续5日扫货，伊利股份、宁德时代净买入超6亿元,Wind
2021-04-29,市场趋谨慎 静待持续信号,第一财经
2021-04-29,汇川技术(300124)：业绩同比高增 工控龙头持续发力,新浪
2021-04-29,汇川技术(300124)2020年年报及2021年一季报点评：业务协同增长 盈利提升显着 龙头地位凸显,新浪
2021-04-29,【东吴电新】麦格米特：主业边际复苏、多极稳健增长——2020年年报&21Q1季报点评,新兴产业汇
2021-04-29,新能源车VS智能车，哪只指数未来更有“钱途”？,养基司令
2021-04-29,东方财富等25股获北向资金增持额超亿元,证券时报网
2021-04-29,硬核早报：3只热门股业绩暴增超60倍！还记得植物肉吗？“植物奶”热潮来袭，两只白酒股业绩下降值得警惕,新浪
2021-04-29,北向资金昨日净买额缩减 减持酿酒行业居首 抛售贵州茅台9.95亿元 减持股份,21世纪经济报道
2021-04-29,【宏观早评】联储会议继续维持偏鸽态度,混沌天成研究
2021-04-29,北向资金单日净流入20.08亿！加仓这些板块,e公司
2021-04-29,早餐 | 特斯拉一季度在华进账逾30亿美元,财经网
2021-04-29,【中证盘前】12个交易日涨幅达272.22%，热景生物停牌核查；格力电器一季度净利同比增121%，年报拟10派30元,中证报
2021-04-29,【音频版】财联社4月29日早报（周四）,新浪
2021-04-29,【有声早报】华龙证券4月29日财经早报,华龙掘金
2021-04-29,问题股最后时刻变脸 中期调整已接近尾声,财富动力网
2021-04-29,北向资金动向曝光：4月28日这30只个股被猛烈扫货（附名单）,每日经济新闻
2021-04-28,北向资金今日净流入20.08亿元 大幅净买入隆基股份5.27亿元,中金在线
2021-04-28,晚间重大事件汇总,第一财经
2021-04-28,A股晚报：部分钢铁产品关税5月1日起调整 *ST众泰2020年净亏损108亿元,金融界
2021-04-28,数据复盘｜医药生物等7个行业获主力资金青睐 龙虎榜机构抢筹10股,证券时报网
2021-04-28,北向资金 | 合计净流入20.08亿元，东方财富、隆基股份、汇川技术净买入居前,上游新闻
2021-04-28,【焦点复盘】权重带动指数走强 部分基金重仓股修复至年前高位,央视财经
2021-04-28,北向资金4天净买入A股超160亿元，重点增持七大行业，连续买入这些股（名单）,21世纪经济报道
2021-04-28,北水继续卖出小米、腾讯，买入港交所；南水大幅抛售茅台近10亿元,富途证券
2021-04-28,北向资金今日净流入20亿元，净卖出贵州茅台9.85亿元,第一财经
2021-04-28,117股今日获机构买入评级,证券时报网
2021-04-28,北向资金丨贵州茅台遭净卖出近10亿元。,第一财经
2021-04-28,北向资金连续4日增持A股，贵州茅台逆市遭抛售近10亿元,Wind
2021-04-28,4月28日主力资金净流出94亿元,证券时报网
2021-04-28,巨·大盘｜ 两大板块力挺大盘 个股涨跌参半,巨丰财经
2021-04-28,4月28日晚间重要行业研究汇总(附股),中金在线
2021-04-28,汇川技术去年净利21亿商誉20亿 首季汇金或已退场,中国经济网
2021-04-28,低开高走收涨：沪指涨0.42%，创业板指持续走强涨逾2%,澎湃新闻
2021-04-28,新能源汽车行业周报：华为汽车技术落地 加速汽车智能化发展,新浪
2021-04-28,中银证券维持汇川技术买入评级：一季报业绩超预期，长效激励机制建立,每日经济新闻
2021-04-28,板块异动丨下半年内需依然向好 光伏概念股再度走高,智通财经
2021-04-28,汇川技术(300124)2020年年报点评：工控和电控双轮驱动 Q1再超预期,新浪
2021-04-28,中银晨会聚焦,新浪
2021-04-28,东吴证券维持汇川技术买入评级，2020年年报点评：工控和电控双轮驱动，Q1再超预期，目标价109元,每日经济新闻
2021-04-28,华西证券维持汇川技术增持评级：深耕自动化，竞争力逐步夯实,每日经济新闻
2021-04-28,上调评级至买入策略选股（4月28日）,Wind
2021-04-28,95股今日获机构买入评级,证券时报网
2021-04-28,【硬核早报】张坤加码两主线，四大风口来袭，3只股遭股东减持，业绩下降股票名单曝光,新浪
2021-04-28,【宏观早评】隔夜利率回到近期低点，但长债继续下跌,混沌天成研究
2021-04-28,北向资金单日净流入35.12亿！加仓这些板块,e公司
2021-04-28,北向资金3日扫货超百亿，加仓这些个股,21世纪经济报道
2021-04-28,西部证券维持汇川技术买入评级，20年年报及21年一季报点评：各业务业绩共振向上，21年业绩高增长可期,每日经济新闻
2021-04-27,北向资金今日净流入32.04亿元 大幅净买宁德时代4.35亿元,中金在线
2021-04-27,A股晚报：韩国下周将恢复股市卖空 浙农股份控股股东董事长涉嫌违纪违法被查,金融界
2021-04-27,北向资金 | 合计净流入35.12亿元，汇川技术、宁德时代、迈瑞医疗、东方财富净买入居前,上游新闻
2021-04-27,深港通十大成交活跃股排名（4月27日）,Wind
2021-04-27,汇川技术：业绩符合预期，工控龙头持续高速增长,申建国电新团队
2021-04-27,东方财富、隆基股份连续7天获北向资金净买入,证券时报网
2021-04-27,数据复盘｜医药生物行业获主力资金青睐 北向资金连续3日净流入,证券时报网
2021-04-27,首创证券给予汇川技术买入评级，公司简评报告：耕耘不辍，汇川成海,每日经济新闻
2021-04-27,北向资金今日净买入35.12亿元（附股）,中金在线
2021-04-27,最新出炉！北上资金净流入35.12亿，其中4.5亿买了它,每日经济新闻
2021-04-27,北向资金丨宁德时代今日获净买入4.35亿元,第一财经
2021-04-27,北向资金净流入35.12亿 汇川技术净买入4.52亿,e公司
2021-04-27,北向资金连续三日净买入，持续加仓新能源股,Wind
2021-04-27,新能源汽车行业点评：特斯拉Q1盈利创新高 中国市场表现亮眼,新浪
2021-04-27,强势复盘丨震荡整理北向资金持续三日净流入,搜狐
2021-04-27,深度*公司*汇川技术(300124)：一季报业绩超预期 长效激励机制建立,新浪
2021-04-27,汇川技术有限公司2020年报分析,Ofweek
2021-04-27,机构强烈推荐25只个股-更新中,中财网
2021-04-27,汇川技术(300124)：龙头乘风破浪 王者再上层楼,新浪
2021-04-27,民生证券维持汇川技术推荐评级，汇川技术2020年报及2021年一季报点评：工控进口替代加速，电动车业务持续减亏,每日经济新闻
2021-04-27,平安证券维持汇川技术强烈推荐评级：业绩高速增长，自动化龙头实力不断增强,每日经济新闻
2021-04-27,半日主力资金丨青睐医药股抛售北汽蓝谷近6亿元,第一财经
2021-04-27,汇川技术(300124)年报点评：业绩高速增长 自动化龙头实力不断增强,新浪
2021-04-27,今日339公司公布年报65家业绩增幅翻倍,证券时报网
2021-04-27,汇川技术大涨7.27%，领涨电气自动化设备行业,中新经纬
2021-04-27,汇川技术(300124.SZ)拉升涨超8% 一季度净利同比增274.66%,格隆汇
2021-04-27,24家公司推出高送转方案,证券时报网
2021-04-27,【早间资讯】2021-04-27,大通证券投教基地
2021-04-27,汇川技术：2020年年度净利润21.00亿元，同比增长120.62%,全景网
2021-04-26,A股头条之上市公司4.27,金融界
2021-04-26,汇川技术(300124.SZ)2020年度归母净利同比增121%至21亿元 拟10转5派3.6元,智通财经
2021-04-26,汇川技术(300124.SZ)第一季度归母净利润同比增275%至6.46亿元,智通财经
2021-04-26,汇川技术：2020年度净利润约21亿元，同比增加120.62%，拟10转5派3.6元,每日经济新闻
2021-04-26,汇川技术(300124.SZ)2020年度净利润升120.62%至21亿元 拟10转5派3.6元,格隆汇
2021-04-26,汇川技术(300124.SZ)一季度净利润升274.66%至6.46亿元,格隆汇
2021-04-26,汇川技术：一季度净利同比增275%年报拟10转5派3.6元,格隆汇
2021-04-26,汇川技术：2020年净利润同比增长120.62%,Wind
2021-04-26,汇川技术：一季度净利润同比增长274.66%,Wind
2021-04-26,筹码新动向：144股筹码趋向集中,证券时报网
2021-04-26,电力设备新能源周观察：2025风光电量占比明确 行业维持高景气,新浪
2021-04-26,电气设备行业简评报告：光伏行业景气度仍在 Q1业绩普遍超预期,新浪
2021-04-26,电气设备行业周报：顶层设计之下的国内储能新起点,新浪
2021-04-26,中泰金工定向增发跟踪周报（04/25）,ZTQuant
2021-04-26,业绩披露临近尾声 市场将迎来变盘,中金在线
2021-04-25,汇川技术(300124.SZ)：定增申请获中证监同意注册批复,格隆汇
2021-04-25,下跌只是牛市中的回撤 智能制造有望成为新主线,中投网
2021-04-25,最新！顶流基金重仓股大洗牌，40张图表全披露,Wind
2021-04-23,巨·大盘｜基金重仓股夺回A股话语权 小盘股全线溃败,巨丰财经
2021-04-23,巨丰收评：基金重仓股推升指数,巨丰财经
2021-04-23,解盘：茅股一枝独秀，疫苗、锂矿、特高压等板块涨幅居前,Wind
2021-04-23,"北向资金动向曝光：4月22日净卖出15.97亿元,这些个股受青睐（附名单）",云掌财经
2021-04-22,泓德远见回报发布一季报 邬传雁大幅减持立讯精密 减持股份,中证网
2021-04-22,泓德邬传雁一季度减持隆基股份、海天味业、汇川技术 减持股份,每日经济新闻
2021-04-22,全景商学院上市公司高管培训班（再融资主题）4月21日成功举办,全景网
2021-04-22,是否存在集团内部计划或分配情况？中车电气回复科创板二轮问询,资本邦
2021-04-22,次新基金建仓节奏分化 市场震荡是长线布局好时机,证券时报
2021-04-21,一季度高仓位运作，银华基金李晓星4000字长文谈投资逻辑,澎湃新闻
2021-04-21,基金名将最新持仓：傅鹏博撂下酒坛子扑向中国移动 蔡向阳爱酒,财联社
2021-04-21,信达证券--机械设备行业周报：工业自动化巨头西门子的转型之路【行业研究】,金融界股吧
2021-04-21,安信证券--电力设备行业动态分析：ARCFOX上市！从造车盛宴观电动车提速【行业研究】,金融界股吧
2021-04-21,平安证券--新能源汽车行业周报：欧洲电动车季末冲量【行业研究】,金融界股吧
2021-04-20,【国盛策略】外资近期为何大幅流入？流入哪些方向？,尧望后势
2021-04-20,4月20日晚间重要行业研究汇总(附股),中金在线
2021-04-20,平安高端制造混合基金一季度持仓出炉 宁德时代已不在前十大重仓行列,中证网
2021-04-20,首创证券--电气设备行业简评报告：光伏产业链博弈持续，关注高镍正极快速增长【行业研究】,金融界股吧
2021-04-20,“电子烟第一股”思摩尔的“钞能力”正逐渐暗淡？,云掌财经
2021-04-19,捷昌驱动：关于公司董事辞职暨补选董事的公告 董监高成员变化,新浪
2021-04-19,北向资金爆买逾160亿元，新能源汽车概念股获大幅加仓,Wind
2021-04-19,刘格菘助阵500亿级大佬狂买影视巨头，有人却卖卖卖,Wind
2021-04-19,500亿级大佬狂买影视业巨头，包揽前十大股东三席！刘格菘助阵，但周应波卖卖卖,中证报
2021-04-16,大爆发！2000亿巨头突然火了，聪明钱加仓3亿股！更有千倍预增股单周股价翻倍，外资34亿杀入一行业！,证券时报网
2021-04-16,巨丰午评：A股走势分化 权重股致创业板下跌,巨丰财经
2021-04-16,核达中远通科创板IPO：用工违规，业绩波动，信息披露存疑 金融监管处罚,中金在线
2021-04-15,浙商证券--电力设备新能源行业《“十四五”智能制造发展规划》（征求意见稿）点评：支撑工控长期景气【行业研究】,金融界股吧
2021-04-15,【浙商电新｜邓伟】立体推进数字智造，支撑工控长期景气──《“十四五”智能制造发展规划》（征求意见稿）点评,伟娓道来话新能
2021-04-15,大盘先抑后扬 振芯科技融资盘流入,财富动力网
2021-04-14,【焦点复盘】高位股补跌进入尾声关注新热点及抗住退潮期的品种,证券之星
2021-04-14,北向资金今日净买入57.31亿元，京东方A净买入额创历史新高,Wind
2021-04-14,白马股轮流闪崩，基金经理被“爆”了？或已提前调仓,Wind
2021-04-14,重仓股接连跌停，兴证全球董承非要离职？回应来了,澎湃新闻
2021-04-14,【行情】新能源车板块午后涨幅扩大，宁德时代涨超6%，赣锋锂业、亿纬锂能涨超5%，汇川技术涨近5%，比亚迪涨超3%，恩捷股份涨近3%,金十数据
2021-04-14,太平洋--电气设备行业周报：新能源车全面向好，光伏组件报价平稳【行业研究】,金融界股吧
2021-04-14,北向资金疯狂抄底，两日买近130亿，大幅增持这两大板块（附股）,21世纪经济报道
2021-04-14,盘前情报丨21连板“妖股”顺控发展复牌，多家上市公司忙回应核污染处理,21世纪经济报道
2021-04-13,“茅指数”回暖，葛兰、张坤等对“抱团股”态度存分歧,红周刊
2021-04-13,东吴证券--电动车3月销量点评：A00及高端车型需求强劲，销量超市场预期【行业研究】,金融界股吧
2021-04-13,首创证券--电气设备行业简评报告：六氟企稳关注电解液盈利提升，风电结构性机会凸显【行业研究】,金融界股吧
2021-04-13,中国银河--电力设备新能源行业周报：户用光伏补贴或延续3月电动车销量喜人【行业研究】,金融界股吧
2021-04-12,公募掘金定增项目，八折“安全垫”真的安全么？,第一财经
2021-04-12,朱兴明“吹”了18年，汇川技术的“气球” 能有多大？,华夏时报
2021-04-12,顺丰连续两日跌停冲击抱团股情绪 连续下跌,云掌财经
2021-04-12,Wind茅指数再跌超2%，金龙鱼、药明康德、汇川技术下挫逾5%,Wind
2021-04-12,电力设备及新能源行业周报：210电池片硅成本优势显现 市场份额有望提升,新浪
2021-04-12,抱团股集体回调,格隆汇
2021-04-12,【华泰金工林晓明团队】上周股债低迷，超50%FOF获正收益——FOF周报20210411,华泰金融工程
2021-04-12,华安研究行业周观点集萃,华安证券
2021-04-12,申港证券--电气设备行业研究周报：欧盟碳排放交易市场的启示【行业研究】,金融界股吧
2021-04-12,电力设备新能源周观察：电动化趋势加速 拥抱行业高景气,新浪
2021-04-12,周期股表现亮眼，股指筑底尚需时间,中金在线
2021-04-12,大盘仍处于调整周期 短期关注事件性机会,网易
2021-04-12,巨丰早评：短期关注事件性机会,巨丰财经
2021-04-11,券商激辩一季报和通胀超预期！周期股被扎堆看好，推荐这些业绩景气向上板块,金融界
2021-04-11,北上资金豪掷超6亿大买它 聪明资金逆市加仓股名单来了,新浪
2021-04-10,核心资产拖累股指 周期股业绩爆炸式增长,财富动力网
2021-04-09,上市不到一天涨10倍！刷新A股7个多月纪录，股民：纸上富贵有多少？,中证报
2021-04-09,三大指数全天震荡下行，北向资金连续净流出132亿,览富财经
2021-04-09,一纸公告，大白马被爆锤！,证券之星
2021-04-09,工控龙头订单疑被截胡，汇川技术大跌近10%！ 连续下跌,环球老虎财经
2021-04-09,百瑞赢收评：权重拖累股指大幅回踩，下周关注一季度经济数据,云掌财经
2021-04-09,低开低走：沪指跌近1%，创指跌1.54%，成交6946亿,澎湃新闻
2021-04-09,A股三大指数收跌：抱团股领跌，市场热点快速轮动,21世纪经济报道
2021-04-09,3月份新能源汽车销量同比增239%，机构建议关注两大主线丨牛熊眼,第一财经
2021-04-09,巨·大盘｜核心资产抱团杀跌 大盘颈线位突破失败 重启磨底进程,巨丰财经
2021-04-09,【股市收盘】市场弱势震荡 HIT电池、第三代半导体等板块跌幅居前,上海有色
2021-04-09,【机会挖掘】新能源汽车继续刷新当月历史产销记录 行业景气不断上行,证券时报网
2021-04-09,张坤、朱少醒、傅鹏博、谢治宇、葛兰、刘彦春、王崇投资理念和股市展望,中金在线
2021-04-09,大白马接连倒下，中小市值性价比更凸显,云掌财经
2021-04-09,调整就是机会？新基金仓位迅速打满，行业龙头清一色被券商看好，然而分析师喊“买入”却被套懵,每日经济新闻
2021-04-09,三大指数低开低走创指跌1.2% 核心资产再度杀跌,网易
2021-04-09,巨丰收评：核心资产再度杀跌,巨丰财经
2021-04-09,巨丰午评：核心资产再度杀跌,巨丰财经
2021-04-09,汇川技术跌幅扩大至11%,Wind
2021-04-09,花旗：今年看好创科实业，具有强大定价权,Wind
2021-04-09,机构抱团股再度下行，Wind茅指数跌逾2%,Wind
2021-04-09,平安证券--新能源汽车行业周报：特斯拉一季度销量创新高【行业研究】,金融界股吧
2021-04-09,风电、光伏 双碳目标加速落实 成本上涨倒逼技术变革,财富动力网
2021-04-08,A股共发生135宗大宗交易成交16.51亿元（4月8日）,Wind
2021-04-08,电力设备及新能源行业3月行业动态报告：双碳目标加速落实 光伏成本上涨倒逼技术变革,新浪
2021-04-08,中国银河证券维持电力设备及新能源行业推荐评级：双碳目标加速落实，光伏成本上涨倒逼技术变革,每日经济新闻
2021-04-08,"汇川技术现3笔大宗交易 共成交5,557.08万元",新浪
2021-04-08,汇川技术今日大宗交易成交61.50万股，成交价90.36元溢价0.0%,Wind
2021-04-08,自动化系列（8）：自动化行业再现复苏，进入新的品牌塑造期,电新产业研究
2021-04-08,金融圈1天2起爆炸性大瓜：中金总监600万年薪没了，500万基金经理也卷入绯闻！ 安全事故,21金融圈
2021-04-08,42只创业板股最新筹码趋向集中,证券时报网
2021-04-08,东吴证券：2月海外电动车销量环比稳步增长，继续强烈推荐三条主线,证券时报网
2021-04-08,【电新*曾朵红】2月海外电动车销量点评：销量环比稳步增长，符合预期,东吴研究所
2021-04-07,【东吴电新】2月海外电动车销量点评：销量环比稳步增长，符合预期,新兴产业汇
2021-04-07,500亿嘉实基金经理归凯卷入桃色风波 旗下9只产品全亏损,新浪
2021-04-07,汇川技术(300124.SZ)股东汇川投资质押67万股,智通财经
2021-04-07,信达证券--机械设备行业周报：机器视觉全球巨头对比解析【行业研究】,金融界股吧
2021-04-07,一季度不足三成股基上涨 上投摩根嘉实等基金涨幅居前,中国经济网
2021-04-07,A股早报2021年4月7日星期三,Wind
2021-04-07,04.07股市早8点丨注意！不要在牛年伊始把“好股票弄丢了”,中金在线
2021-04-07,深圳智造“中国芯” 万米深海显神通,深圳特区报
2021-04-06,电气设备行业：小米布局新能源汽车领域 光伏玻璃价格回调,新浪
2021-04-06,电气设备行业周报：新势力3月销量数据亮眼 再证电动车消费力,新浪
2021-04-06,电力设备新能源行业每周观察：连续第三周 看多电动车板块机会,新浪
2021-04-06,电力设备及新能源行业周报：电气龙头向好 光伏边际改善,新浪
2021-04-06,首创证券--电气设备行业简评报告：光伏产业链价格风波持续，储能渐成新能源电站标配【行业研究】,金融界股吧
2021-04-06,爱“喝酒吃药”基金经理刘先政离职，诺德基金痛失大将前景存疑 基金经理离任,新浪
2021-04-06,【华泰金工林晓明团队】本周南方和泰康新发两只FOF产品——FOF周报20210405,华泰金融工程
2021-04-03,朱兴明吹了18年，汇川技术的“气球” 能有多大？,华夏时报
2021-04-02,解盘：人气继续回暖，半导体、今日头条、白酒、高价股领涨,Wind
2021-04-02,机构抱团股持续回暖，Wind茅指数涨近2.5%,Wind
2021-04-02,利好频现！茅系股纷纷大涨，“酵母茅”率先涨停，“防水茅”涨逾7%，季报期将现短期反弹？,金融界
2021-04-01,汇川技术(300124.SZ)向212名激励对象授予582万股预留限制性股票,智通财经
2021-04-01,汇川技术(300124.SZ)拟对新能源汽车业务进行内部重组 优化整体业务框架,智通财经
2021-04-01,十大明星基金经理“隐形”重仓股曝光 附张坤、刘格菘等最新研判,新浪
2021-04-01,申港证券--双环传动：营收稳步增长，四季度毛利率改善超预期【公司研究】,金融界股吧
2021-03-31,【安信中小盘】格林精密、新风光-次新股资讯0331,AX中小盘研究
2021-03-31,明星基金经理董承非、朱少醒、周应波的隐形重仓股和观点来了,澎湃新闻
2021-03-31,[公司]双环传动2020年营收36.64亿元同比增长13.24%,全景网
2021-03-31,掌管2000亿！谢治宇、董承非、朱少醒、周应波等四大顶流基金经理“隐形重仓股”来了,中国基金报
2021-03-31,各种茅再跌，机构：继续积极调仓,第一财经
2021-03-31,2021年中国智能制造装备行业产业链现状及区域格局分析 广东省发展优势明显,前瞻研究院
2021-03-31,创业板股最新筹码变动：5股股东户数降逾5%,证券时报网
2021-03-31,机械深度报告：制造业设备投资进入加速阶段,新浪
2021-03-30,机构抱团股持续复苏，海康、海天、金龙鱼、药明康德、汇川、包钢涨超3%,Wind
2021-03-30,归凯管理的嘉实新兴产业股票基金持仓进一步集中,Wind
2021-03-30,归凯管理的嘉实新兴产业股票基金持仓进一步集中,中证网
2021-03-30,电气设备行业周报：恒大新能源车产业累计投入近500亿 光伏龙头宣布不涨价缓解下游压力,新浪
2021-03-30,首创证券--电气设备行业深度报告：供应链一季报业绩抢眼，新能源汽车景气度维持【行业研究】,金融界股吧
2021-03-30,电气设备行业周报：中上游原材料价格企稳 龙头电池厂业绩确定性进一步夯实,新浪
2021-03-30,东吴证券：碳达峰、碳中和目标引领，光伏和电动车发展提速,证券时报网
2021-03-30,【电新*曾朵红】碳达峰、碳中和目标引领，光伏和电动车发展提速,东吴研究所
2021-03-29,电力设备及新能源行业周报：工业利润增长利好工控 风光产业发展长期向好,新浪
2021-03-29,电新行业周报：光伏行业将步入正轨 电车产业链需求高景气有望持续,新浪
2021-03-29,电气设备行业周报：价格博弈期产业链利润流动分析,新浪
2021-03-29,【华泰金工林晓明团队】行业配置策略：机构调研视角,华泰金融工程
2021-03-29,【华泰金工林晓明团队】今年以来QDII基金表现相对较好——FOF周报20210329,华泰金融工程
2021-03-29,电气设备行业周报：风电全球需求有望稳定增长 电车中游龙头业绩符合预期,新浪
2021-03-29,正弦电气以价换量应收账款四成逾期 市占率仅1.15%核心零部件依赖进口 资产异常,长江商报
2021-03-27,“抱团股”回暖终结周线连阴 机构资金活跃度明显提升,上证报
2021-03-26,爆发 一日回血1.6万亿！这就见底了？,中金在线
2021-03-26,绝地反击！一阳打破“六连阴”丨复盘论,第一财经
2021-03-26,10股最新股东户数降逾5%,证券时报网
2021-03-26,掌管500多亿元资产 嘉实明星基金经理归凯出来道歉了,每日经济新闻
2021-03-26,掌管500多亿元资产，又有基金大佬出来道歉了,每日经济新闻
2021-03-26,机构抱团股复苏，宁德、太保、汇川、分众、中远海控、亿纬锂能、国航涨超3%,Wind
2021-03-26,盘前情报丨疫苗分发提升中硼硅玻璃管需求，全款仍需等半年！这些公司成香饽饽（附股）,21世纪经济报道
2021-03-26,北向资金净买入27亿元，扫货白酒股，还加仓这些板块（附股）,21世纪经济报道
2021-03-26,回撤20%，500亿顶流基金经理道歉！,Wind
2021-03-26,回撤20%，500亿顶流基金经理发文道歉：股票能符合预期，跌了20%反而是加仓机会！,中国基金报
2021-03-25,快讯 | 为净值大幅回撤道歉！嘉实基金归凯连发4篇“微头条”：从长期角度看，依然非常有信心！,每日经济新闻
2021-03-25,7只产品回撤超20% 嘉实基金名将归凯致歉,新浪
2021-03-25,聊两只新上报的ETF：基建工程ETF和装备ETF,雪球
2021-03-24,汇川技术跌6% 1月底中信证券中金公司研报唱多,中国经济网
2021-03-24,电气设备行业报告：下游景气度持续 关注锂电中游行情,新浪
2021-03-24,别找了！5只“能打能抗”的灵活配置型基金,养基司令
2021-03-24,13部委发文力挺智能制造，产业链全梳理,财联社
2021-03-23,多部门提出大力发展智能制造，如何把握相关投资机会丨牛熊眼,第一财经
2021-03-23,A股明日风口：制定重点行业领域数字化转型路线图,新浪
2021-03-23,筹码新动向：79股筹码趋向集中,证券时报网
2021-03-23,制造业利好来了，挖掘低位优质品种,云掌财经
2021-03-23,电气设备行业周报：新能源车Q1盈利高增 光伏硅料硅片涨价,新浪
2021-03-23,通用机械行业投资周报：先进制造 自动化、智能化浪潮下 机器视觉加速渗透,新浪
2021-03-23,雷赛智能：速度环响应带宽已经达到日系产品主流的3.2Khz,每日经济新闻
2021-03-23,16只创业板股最新筹码趋向集中,证券时报网
2021-03-23,电力设备新能源行业每周观察：如何看待年初以来电网投资大幅度增长,新浪
2021-03-23,新能源 工控、新能源持续高景气,财富动力网
2021-03-22,定增市场2021年2月报：买方市场特征明显：竞价折价率大幅攀升 募足率降至五成,新浪
2021-03-22,电气设备行业周报：大众POWERDAY都说了些什么？,新浪
2021-03-22,108家公司公布最新股东户数,证券时报网
2021-03-22,【华泰金工林晓明团队】今年以来目标风险FOF平均收益为正——FOF周报20210321,华泰金融工程
2021-03-22,太平洋--机械行业周报：2月叉车翻倍以上增长，自动化投资需求强劲【行业研究】,金融界股吧
2021-03-22,【浙商电新|邓伟】工控、新能源持续高景气，积极布局龙头及高成长公司,伟娓道来话新能
2021-03-21,【国元机械】2月工业机器人产量数据点评：1-2月累计产量高增117.6%，下游强劲复苏,国元高端装备
2021-03-20,【东吴电新】1月海外电动车销量点评：销量淡季，冲量后阶段性平淡,新兴产业汇
2021-03-20,一周研读｜美债利率上行，积极调仓,中信证券研究
2021-03-19,科力尔：公司的伺服系统已经达到同行业日本公司的先进水平，实现进口替代,每日经济新闻
2021-03-19,太平洋--电气设备行业周报：新能源车2月销量高增，“十四五”规划纲要利好新能源发电【行业研究】,金融界股吧
2021-03-19,“抱团股”止跌回升 后续反弹能走多远？,上证报
2021-03-18,女人美概念爆发，市场磨叽到啥时候？,云掌财经
2021-03-18,“茅”股连续反弹，最新估值高不高？5张图看清！,Wind
2021-03-18,“抱团股”下挫，权益投资不力！泓徳基金20只产品年内收益告负,投资时报
2021-03-18,巨·大盘｜大盘缩量碎步上行 两大龙头板块回归 金融股拖累指数,巨丰财经
2021-03-18,每经15点丨专家回应新冠疫苗选单针还是双针；天津狗不理餐饮管理有限公司注销；A股全线上涨， 各种“茅”超跌反弹,每日经济新闻
2021-03-18,新能源汽车行业周报：国产特斯拉20年销量回顾,新浪
2021-03-17,56股获机构买入型评级，万华化学关注度最高,Wind
2021-03-17,56股今日获机构买入评级6股上涨空间超50%,证券时报网
2021-03-17,A股史上首次蓝筹股泡沫破裂，6成私募反对抄底,Wind
2021-03-17,3月17日晚间重要行业研究汇总(附股),中金在线
2021-03-17,正弦电气科创板IPO获批注册：产品售价呈下降趋势 对补助依赖较大,中华网
2021-03-17,汇川技术(300124)公司深度报告：工控龙头 厚积薄发 中国制造表率,新浪
2021-03-17,券商首次关注6股并给予买入评级（3月17日）,Wind
2021-03-16,汇川技术现1笔大宗交易 共成交298.76万元,新浪
2021-03-16,汇川技术今日大宗交易成交4.15万股，成交价71.99元折价11.95%,Wind
2021-03-16,新能源与电力设备行业周报：电动车中游基本面强劲依然 关注自动化与电力设备,新浪
2021-03-16,北向资金半日抄底近50亿元！机构：后市宽幅震荡,中证报
2021-03-16,创业板股最新筹码变动：6股股东户数降逾5%,证券时报网
2021-03-16,茅指数涨幅重回1%，招行、格力、顺丰、宁德、汇川技术、伊利、海尔领涨,Wind
2021-03-16,中金1-2月经济数据解读：下月或增加流动性投放 A股中期勿悲观,新浪
2021-03-16,中金：1-2月经济数据解读与资产配置,中金点睛
2021-03-15,3000亿光伏巨头为何跌停？,搜狐
2021-03-15,主力资金:创指百点长阴背后暗藏两大玄机 尾盘1.67亿跌停板抢1股,新浪
2021-03-15,光伏龙头砸出深坑！旅游业迎大利好，酒店民宿预定爆满，7股业绩有望率先回暖,证券时报网
2021-03-15,各种“茅”集体重挫！外资仍在扫货，资金流向低估值赛道？,Wind
2021-03-15,【焦点复盘】基金抱团股继续杀跌，指数二次探底，碳中和遭一致性预期坑杀,金融界
2021-03-15,基金抱团股又崩了！这些行业或受益于“填仓位”行情,财联社
2021-03-15,筹码新动向：139股筹码趋向集中,证券时报网
2021-03-15,汇川技术跌近8% 1月中信证券中金公司研报唱多,中国经济网
2021-03-15,指数假摔？创业板百点长阴，这10只指标股贡献了86点,财联社
2021-03-15,「碳中和」炒作路径分3步走，第二阶段4大赛道收益，完整名单出炉,云掌财经
2021-03-15,巨·大盘｜抱团股成做空主力 沪指回踩3400点 股票卖空,巨丰财经
2021-03-15,电气设备行业周报：新势力2020大放异彩 2021更值得期待,新浪
2021-03-15,A股收盘综述：上证指数跌0.96%守住3400关口，创业板指再挫逾4%,Wind
2021-03-15,电力设备及新能源行业周报：碳中和与十四五规划指引行业发展,新浪
2021-03-15,机械设备周专题：智能工业基础零部件系列之四 PLC,新浪
2021-03-15,快讯：光伏概念股持续走弱 阳光电源、固德威跌逾10%,新浪
2021-03-15,资金冲向这些板块 机构称“以守代攻”仍是最优选,新浪
2021-03-15,资金冲向这些板块！“光伏茅”市值半日缩水324亿，“游戏茅”带崩游戏板块 连续下跌,中证报
2021-03-15,【华泰金工林晓明团队】华安养老2040等四只FOF正在募集——FOF周报20210315,华泰金融工程
2021-03-15,广州万隆：关注后疫情时期行业复苏机会,广州万隆
2021-03-15,【读财报】2月份重要股东增减持：减持下降超四成增持上升超一倍,面包财经
2021-03-15,东吴证券--电动车2月销量点评：高端车型需求强劲，整体销量符合预期【行业研究】,金融界股吧
2021-03-15,汇川技术股价大跌5.13% 连续下跌,中国财富网
2021-03-15,创业板股最新筹码变动：3股股东户数降逾5%,证券时报网
2021-03-15,【读财报】2月份重要股东增减持动态：减持金额同比下降超四成 增持金额同比上升超一倍,面包财经
2021-03-15,【电新*曾朵红】电动车Q1销量超市场预期，龙头业绩超高增长——电动车2021年2月专题报告,东吴研究所
2021-03-14,【东吴电新】电动车2021年2月专题报告：电动车Q1销量超市场预期，龙头业绩超高增长,新兴产业汇
2021-03-12,【东吴电新】电动车2月销量点评：高端车型需求强劲，整体销量符合预期,新兴产业汇
2021-03-12,汇川技术发生大宗交易成交折价率10.01%,证券时报网
2021-03-12,汇川技术现1笔大宗交易 共成交389.75万元,新浪
2021-03-12,汇川技术今日大宗交易成交5万股，成交价77.95元折价10.01%,Wind
2021-03-12,中国银河--电力设备及新能源行业简评报告：两会圆满收官“双碳”或将重构全球制造业【行业研究】,金融界股吧
2021-03-12,西部证券--电新行业周报：产业链涨价影响光伏需求预期，电动车销量有望持续高增长【行业研究】,金融界股吧
2021-03-12,双环传动(002472)公司深度研究：产业升级重塑汽齿格局 龙头业绩反转在即,新浪
2021-03-12,汇川技术：公司工业机器人订单形势良好,每日经济新闻
2021-03-12,汇川技术：与瑞士Brusa的战略合作在继续,Wind
2021-03-12,【电气设备*曾朵红】销量、业绩均表现亮眼，开启新战略周期,东吴研究所
2021-03-11,造车新势力2020年报点评：销量、业绩均表现亮眼，开启新战略周期,新兴产业汇
2021-03-11,筹码新动向：48股筹码趋向集中,证券时报网
2021-03-11,汇川技术控股子公司环境违法被罚 环保处罚,每日经济新闻
2021-03-11,东吴证券--电气设备行业工控月报：工控需求高增、进口替代加速【行业研究】,金融界股吧
2021-03-11,2月新能源汽车销量同比增585%，行业景气不断上行丨牛熊眼,第一财经
2021-03-11,光大证券总量&行业联合报告：“碳中和”发展前景与市场影响展望,光大证券
2021-03-11,新能源与电力设备行业周报2021年3月第2周：电动车中游与光伏超跌 部分公司进入合理估值区间,新浪
2021-03-11,华夏创成长ETF净值上涨3.03%,新浪
2021-03-11,诺德新旺混合净值上涨3.37%,新浪
2021-03-11,华安双核驱动混合净值上涨3.41%,新浪
2021-03-11,长盛创新驱动混合净值上涨3.38%,新浪
2021-03-11,永赢智能领先混合A净值上涨3.53%,新浪
2021-03-10,汇川技术今日大宗交易成交6.20万股，成交价73.53元折价13.14%,Wind
2021-03-10,周报（2021.3.9）：电动车中游与光伏超跌，部分公司进入合理估值区间,电新产业研究
2021-03-10,中泰证券--电力设备新能源行业周观察：碳中和推动产业发展，行情景气持续向上【行业研究】,金融界股吧
2021-03-10,新能源汽车行业周报：欧洲2月电动车销量表现稳定,新浪
2021-03-10,申万菱信中证研发创新100ETF净值下跌3.04%,新浪
2021-03-10,长信创新驱动股票净值下跌3.03%,新浪
2021-03-09,国盛证券--电气设备行业周报：2021年风电、光伏建设方案开始征求意见，2月欧洲电动车销量环比提升【行业研究】,金融界股吧
2021-03-09,电力设备及新能源行业周报：光伏进入涨价博弈期 龙头企业有望夯实优势,新浪
2021-03-09,国海证券--机械设备行业第10周周报：工控行业加速进口替代，油服行业景气向上【行业研究】,金融界股吧
2021-03-09,核心公募基金公司持仓分析（2021年3月8日）：加仓银行和食品饮料 减电子和医药,东莞证券研究
2021-03-09,建信深证100指数增强净值下跌4.28%,新浪
2021-03-09,长信创新驱动股票净值下跌4.77%,新浪
2021-03-09,长信量化多策略股票A净值下跌4.09%,新浪
2021-03-09,信诚至远混合A净值下跌3.31%,新浪
2021-03-09,平安中证新能源汽车产业ETF净值下跌5.25%,新浪
2021-03-09,平安粤港澳大湾区ETF净值下跌3.26%,新浪
2021-03-09,申万菱信中证研发创新100ETF净值下跌5.02%,新浪
2021-03-09,华夏中证新能源汽车ETF净值下跌4.96%,新浪
2021-03-09,先进制造业：减税、增贷 政策扶持先进制造业扩大设备投资,新浪
2021-03-09,诺德新旺混合净值下跌5.68%,新浪
2021-03-09,海富通创业板增强C净值下跌4.65%,新浪
2021-03-09,添富行业整合混合净值下跌5.10%,新浪
2021-03-09,嘉实企业变革股票净值下跌4.56%,新浪
2021-03-09,中银宏观策略混合净值下跌4.73%,新浪
2021-03-09,融通互联网传媒灵活配置混合净值下跌5.22%,新浪
2021-03-08,电力设备：“碳中和”各项规划加速落地 欧洲电车2月同比再高增,新浪
2021-03-08,电力设备及新能源行业周报：光伏涨价博弈后可能的三个方向,新浪
2021-03-08,电气设备行业周报：对于电动车 市场在担心什么？,新浪
2021-03-08,信达证券--机械设备行业周报：智能工业基础零部件之三，伺服系统【行业研究】,金融界股吧
2021-03-08,太平洋--电气设备行业周报：政府工作报告强调大力发展新能源【行业研究】,金融界股吧
2021-03-08,【华泰金工林晓明团队】本周华安等新发四只 FOF ——FOF周报20210307,华泰金融工程
2021-03-08,山西证券--汽车行业周报：中汽协预估1~2月累计销量同比增长76.8%【行业研究】,金融界股吧
2021-03-08,牛年以来超8成上市深企股价上涨，有绩差股“咸鱼翻身”,南都报
2021-03-07,【山证汽车】行业周报：中汽协预估1-2月累计销量同比增长76.8% （20210301-20210307）,山西证券研究所
2021-03-06,今年哪些板块有投资机会？,云掌财经
2021-03-06,白酒稳了？茅台跌破2000元后反弹 机构这样看后市,证券时报
2021-03-06,白酒稳了？茅台跌破2000元迅速反弹，后市怎么走？机构火线解读,中国基金报
2021-03-05,汇川技术：从公司长期的经营发展来看，研发费用率都会在8%-10%,每日经济新闻
2021-03-05,“茅指数”稳了吗？茅台跌破2000元大关后迅速收回，调整到哪了？机构火线解读,证券时报网
2021-03-05,"回血！两市3000股上涨，""股王""茅台死守2000关口，还有品种“乌龙”暴涨210%，""牛市旗手""异动释放什么信号？",金融界
2021-03-05,长信创新驱动变更基金经理 祝昱丰独掌11天亏损11% 基金经理离任,中国经济网
2021-03-05,汇川技术现1笔大宗交易 共成交639.20万元,新浪
2021-03-05,新能源、环保领域碳中和动态追踪(五)：政府工作报告重视碳中和、能耗降低 发展新能源、充换电、电池回收,光大证券
2021-03-05,汇川技术今日大宗交易成交8.50万股，成交价75.2元折价14.43%,Wind
2021-03-05,创成长涨超2%，汇川技术、昌红科技、阳光电源领涨,Wind
2021-03-05,行业需求持续回暖，汽车板块逆市走强丨牛熊眼,第一财经
2021-03-05,创业板业绩快报：逾七成公司去年净利润增长,证券时报
2021-03-05,转型疫苗初见成效？万泰生物业绩增两倍却仍愁眉苦脸,电鳗快报
2021-03-05,长信创新驱动股票净值下跌5.00%,新浪
2021-03-05,建信深证100指数增强净值下跌3.81%,新浪
2021-03-05,信诚至远混合A净值下跌3.24%,新浪
2021-03-05,长信量化多策略股票A净值下跌4.20%,新浪
2021-03-05,嘉实瑞和两年持有期混合净值下跌4.30%,新浪
2021-03-05,国泰中证新能源汽车ETF联接A净值下跌4.89%,新浪
2021-03-05,泓德睿泽混合净值下跌4.67%,新浪
2021-03-05,西藏东财创业板指数C净值下跌4.63%,新浪
2021-03-05,平安科技创新混合C净值下跌5.17%,新浪
2021-03-05,国泰中证新能源汽车ETF联接C净值下跌4.89%,新浪
2021-03-05,泰康泉林量化价值精选混合C净值下跌3.59%,新浪
2021-03-05,南方高端装备混合C净值下跌4.21%,新浪
2021-03-05,长信沪深300指数增强A净值下跌3.33%,新浪
2021-03-04,“抱团”基金净值大回撤：意料之中还是意料之外？终场还是转场？,新浪
2021-03-04,中银证券--电力设备与新能源行业2月第4周周报：光伏产业链继续提价【行业研究】,金融界股吧
2021-03-04,33股获北向资金加仓超亿元,证券时报网
2021-03-04,中银证券--机械设备行业周报：工程机械春节交货旺盛，全球缺芯及数字化背景下半导体设备需求持续强劲【行业研究】,金融界股吧
2021-03-04,30家券商发布3月金股，四条选股主线曝光（附股）,Wind
2021-03-03,汇川技术(300124.SZ)：定增申请收到深交所意见告知函,格隆汇
2021-03-03,3月券商金股名单出炉，16股人气火爆，四条选股主线曝光（附股）,证券时报网
2021-03-03,汇川技术现1笔大宗交易 共成交499.40万元,新浪
2021-03-03,深度*行业*机械设备行业周报：工程机械春节交货旺盛 全球缺芯及数字化背景下半导体设备需求持续强劲,新浪
2021-03-03,汽车月度数据分析及3月展望：自主品牌回暖迅速 豪华车持续热销,新浪
2021-03-03,电气设备行业点评-蔚来汽车年报点评：全年毛利率转正 销量高增长开启,新浪
2021-03-03,平安证券--新能源汽车行业周报：上海出台2025年新能源汽车发展目标【行业研究】,金融界股吧
2021-03-02,两股出现折价超过10%大宗交易甩卖:发生了什么？公告泄露端倪,新浪
2021-03-02,汇川技术大宗交易成交1295.84万元,证券时报网
2021-03-02,电力设备新能源行业每周观察：需求持续增长 板块景气度继续向上,新浪
2021-03-02,汇川技术：发行人和保荐机构回复三轮审核问询函 问询,Wind
2021-03-02,汇川技术今日大宗交易成交16.20万股，成交价79.99元折价10.0%,Wind
2021-03-02,碳中和深度报告(二)：碳中和与大重构 供给侧改革、能源革命与产业升级,光大证券
2021-03-02,少量股票仓位，收益却赶超大盘！混合债基如何挑选？,养基司令
2021-03-02,新能源与电力设备行业周报2021年3月第1周：电动车中游景气度强 建议关注自动化与电力设备,新浪
2021-03-02,新时代证券--机械行业先进制造：通用自动化龙头2020年业绩快报亮眼【行业研究】,金融界股吧
2021-03-02,国盛证券--电气设备行业周报：理想汽车单季度利润扭亏为盈，隆基通威上调产品报价【行业研究】,金融界股吧
2021-03-02,太平洋--电气设备行业周报：上海发布新能源车产业规划，光伏硅料供不应求【行业研究】,金融界股吧
2021-03-02,先进制造投资周报：通用自动化龙头2020年业绩快报亮眼,新浪
2021-03-02,75股获券商买入评级 大华股份目标涨幅达99.12%,Wind
2021-03-02,3月开门红！各种“茅”全面反攻，A股迎来业绩浪？,Wind
2021-03-02,【山证汽车】行业周报：市场震荡下挫，高估值股票价格回归（20210222-20210228）,山西证券研究所
2021-03-02,嘉实瑞和两年持有期混合净值下跌3.06%,新浪
2021-03-01,【海得控制深度调研纪要】,云掌财经
2021-03-01,大小票“齐飞”，股民基民同“回血”~丨复盘论,第一财经
2021-03-01,机构评级榜：6股最受关注机构集体推荐,证券时报网
2021-03-01,寻找市场下一个主流方向-智能制造,云掌财经
2021-03-01,【行情】智能制造板块午后继续走高，弘亚数控午后涨停，海得控制早盘封板，赛意信息涨超12%，拓斯达、创世纪涨超8%，华中数控、汇川技术等个股纷纷走高,金十数据
2021-03-01,山西证券--汽车行业周报：市场震荡下挫，高估值股票价格回归【行业研究】,金融界股吧
2021-03-01,信达证券--机械设备行业周报：智能工业基础零部件之二，机器视觉【行业研究】,金融界股吧
2021-03-01,汇川技术(300124)2020年业绩快报点评：强者恒强 工控龙头业绩大幅增长,新浪
2021-03-01,申港证券--电气设备行业周报：硅片提价减薄对冲上游硅料涨价【行业研究】,金融界股吧
2021-03-01,海康威视、汇川技术、中免、宁德时代、牧原集体大涨，机构抱团股迎来复苏,Wind
2021-03-01,景气度快速恢复，网络安全板块有望发酵,云掌财经
2021-03-01,民生证券给予汇川技术推荐评级，汇川技术2020年业绩快报点评：工控与电动车业务高增，盈利能力显着提升,每日经济新闻
2021-03-01,东吴证券给予汇川技术买入评级，业绩快报点评：快报符合预期，Q1增长提速，目标价格为119元,每日经济新闻
2021-02-28,电力设备新能源周观察：行业景气持续向上 坚持基本面绩优标的,新浪
2021-02-28,【华泰金工林晓明团队】上周嘉实浦盈募集超90亿份——FOF周报20210228,华泰金融工程
2021-02-27,中欧量化驱动混合净值上涨7.36%,新浪
2021-02-26,高端制造行业动态点评：ABB全球最大机器人工厂将于一季度在上海投产,新浪
2021-02-26,A股共发生84宗大宗交易成交33.46亿元（2月26日）,Wind
2021-02-26,1462只个股今日尾盘资金净流入,证券时报网
2021-02-26,汇川技术今日大宗交易成交27万股，成交价76.76元折价10.0%,Wind
2021-02-26,2月26日主力资金净流出519亿元,证券时报网
2021-02-26,5G迎风口！10倍牛股再领风骚，多头今安在,Wind
2021-02-26,A股午间公告集锦,格隆汇
2021-02-26,午间公告2021年2月25日星期五,Wind
2021-02-26,午间公告：多家公司公布业绩快报 汇川技术2020年净利同比增119%,e公司
2021-02-26,汇川技术：2020年度净利润约20.85亿元，同比增加118.98%,每日经济新闻
2021-02-26,汇川技术(300124.SZ)业绩快报：2020年净利升118.98%至20.85亿元,格隆汇
2021-02-26,汇川技术：2020年净利润同比增长118.98%（业绩快报）,Wind
2021-02-26,华夏中证新能源汽车ETF净值下跌3.82%,新浪
2021-02-26,平安中证新能源汽车产业ETF净值下跌4.94%,新浪
2021-02-26,长信创新驱动股票净值下跌4.34%,新浪
2021-02-26,国投瑞银先进制造混合净值下跌4.23%,新浪
2021-02-26,汇添富环保行业股票净值下跌4.61%,新浪
2021-02-26,鹏华环保产业股票净值下跌4.10%,新浪
2021-02-26,长盛电子信息主题混合净值下跌3.29%,新浪
2021-02-26,中国梦灵活配置混合净值下跌3.34%,新浪
2021-02-25,汇川技术(300124.SZ)与控股子公司分别通过高新技术企业再次认定,格隆汇
2021-02-25,基建等投资增速保持正增长，工程机械需求旺盛丨牛熊眼,第一财经
2021-02-25,"汇川技术现1笔大宗交易 共成交3,491.92万元",新浪
2021-02-25,汇川技术今日大宗交易成交44.50万股，成交价78.47元折价10.0%,Wind
2021-02-25,九个高瓴资本调研的公司,云掌财经
2021-02-25,【电新*曾朵红】海外工控行业观察，20Q4中国需求旺盛、全球普遍改善,东吴研究所
2021-02-24,大盘调整的时间和性质,中金在线
2021-02-24,钢铁行业金属新材料系列1：特钢篇 特钢之特 技术管理铸品牌,新浪
2021-02-24,汇川技术跌7.5% 上月中信证券中金公司研报唱多,中国经济网
2021-02-24,2月24日晚间重要行业研究汇总(附股),中金在线
2021-02-24,资源品周期行情熄火！机械行业异军突起？多因素合力驱动，卖方大佬高调唱多,金融界
2021-02-24,【东吴电新】海外工控行业观察：20Q4中国需求旺盛、全球普遍改善,新兴产业汇
2021-02-24,【异动股】基金重仓板块下挫，美年健康(002044-CN)跌10.01% 重仓股票异动,财华社
2021-02-24,市场继续杀“茅”创业板指跌1.8%,格隆汇
2021-02-24,市场继续杀“茅”创业板指跌1.5%,格隆汇
2021-02-24,汽车制动系统概念股名单一览，哪些是汽车制动系统概念股？,云掌财经
2021-02-24,东吴证券--海外工控行业观察：20Q4中国需求旺盛、全球普遍改善(增持)02-24【行业研究】,金融界股吧
2021-02-24,太平洋证券研究 2月24日最新观点：全球自动化复苏明确，顺周期投资机会显着,太平洋证券研究
2021-02-24,平安证券--新能源汽车行业周报：SKI电池业务在美遇阻【行业研究】,金融界股吧
2021-02-24,信诚至远混合A净值下跌3.58%,新浪
2021-02-24,长信创新驱动股票净值下跌3.74%,新浪
2021-02-24,建信深证100指数增强净值下跌4.01%,新浪
2021-02-24,长信量化多策略股票A净值下跌4.46%,新浪
2021-02-24,信诚至远混合C净值下跌3.58%,新浪
2021-02-24,申万菱信中证研发创新100ETF净值下跌3.56%,新浪
2021-02-24,平安粤港澳大湾区ETF净值下跌3.23%,新浪
2021-02-23,工业机器人龙头埃斯顿海外“买买买”冲击千亿市值？,新浪
2021-02-23,太平洋--电气设备行业周报：美国市场LG化学胜诉，光伏上游产品供给仍偏紧【行业研究】,金融界股吧
2021-02-23,融通中国风1号灵活配置混合C净值下跌3.76%,新浪
2021-02-23,中融价值成长6个月持有混合A净值下跌4.00%,新浪
2021-02-23,嘉实瑞和两年持有期混合净值下跌4.87%,新浪
2021-02-23,建信沪深300指数增强(LOF)C净值下跌3.12%,新浪
2021-02-23,融通领先成长混合(LOF)C净值下跌4.50%,新浪
2021-02-23,长城创业板指数增强发起式C净值下跌4.96%,新浪
2021-02-23,鹏华研究智选混合净值下跌3.77%,新浪
2021-02-23,平安高端制造混合C净值下跌5.08%,新浪
2021-02-23,嘉实成长增强混合净值下跌4.45%,新浪
2021-02-23,长城中国智造混合A净值下跌4.16%,新浪
2021-02-23,长城创业板指数增强发起式A净值下跌4.95%,新浪
2021-02-23,牛年首周A股市场风格大变,中国网
2021-02-22,电力设备及新能源行业周报：硅料持续供不应求 价格延续强势表现,新浪
2021-02-22,先进制造投资周报：看好通用自动化春季持续复苏行情,新浪
2021-02-22,安信证券--电力设备行业：电动车开年延续高增，碳中和部署如火如荼【行业研究】,金融界股吧
2021-02-22,斯达半导(603290)：IGBT国内领军者 聚焦新能源汽车市场,新浪
2021-02-22,华安研究行业周观点集萃,华安证券
2021-02-22,35股获杠杆资金大手笔加仓,证券时报
2021-02-22,电力设备新能源行业周报：1月新能车销量高增 光伏需求持续提升,新浪
2021-02-22,信达证券--机械设备行业周专题：智能工业基础零部件系列之一，电机【行业研究】,金融界股吧
2021-02-22,太平洋--机械行业：全球自动化复苏明确，顺周期投资机会显着【行业研究】,金融界股吧
2021-02-22,【银河电新周然】两会前瞻丨两会召开在即，聚焦能源战略,新浪
2021-02-21,【华泰金工林晓明团队】本周华夏等新发四只FOF产品——FOF周报20210222,华泰金融工程
2021-02-20,重磅！2021年50大金股之新能源，4大黄金赛道，大牛股摇篮,云掌财经
2021-02-20,抱团股走弱，化工等顺周期板块表现强势！机构慌了？,中证报
2021-02-20,电气自控设备：全面看多工控板块 工控黄金十年开启,新浪
2021-02-20,工控行业黄金十年开启,大众证券报
2021-02-20,创业板指承压，顺周期行情未了,Wind
2021-02-20,创业板指承压 顺周期行情未了,中国财富网
2021-02-19,我比较关注的三位兴全旗下基金经理,新浪
2021-02-19,“抱团松动”杀伤力扩散！机构慌了？,中证报
2021-02-19,“抱团松动”杀伤力扩散！机构慌了？有人急忙卖茅台，有人连夜看周期,中证报
2021-02-19,首只跟踪智能制造主题的ETF来了：重仓海康威视、汇川技术,理财不二牛
2021-02-19,抱团股又崩了！北向资金狂买近百亿元 ，A股风向有变？,中证报
2021-02-19,李志林丨机构抱团取暖股集体重挫，退耕还林中小股终于涨了,中金在线
2021-02-19,南向资金罕见净卖出，后市如何走？机构火线解读,证券时报网
2021-02-19,金融产品交易量跟踪报告,新浪
2021-02-19,抱团股再度重挫！创业板盘中大跌3%、南向资金罕见净卖出，两市却有超3000股上涨，后市如何走？机构火线解读,证券时报网
2021-02-19,今日上市ETF | 首只跟踪智能制造主题的ETF来了！半天成交过亿元，重仓海康威视、汇川技术,每日经济新闻
2021-02-19,抱团瓦解？超3300只个股上涨！权重股又懵了，创业板千亿巨头集体趴下！北上资金超80亿杀入,e公司
2021-02-19,指数下行 核心资产再度重挫 个股延续普涨|早盘收市,第一财经
2021-02-19,小级别放量回调加仓要等待企稳（午评）,财经
2021-02-19,创业板指跌幅扩大至2%，多只白马股跌超5%,Wind
2021-02-19,工业4.0概念ETF来袭，国内首只“智能制造ETF”正式上市！,Wind
2021-02-19,电动车1月销量点评：1月销量好于预期 爆款车型热度持续,新浪
2021-02-18,高瓴资本加持、高盛提高预期 比亚迪特斯拉或迎对决年,新浪
2021-02-18,工业4.0概念ETF来袭，国内首只“智能制造ETF”正式上市！,资本邦
2021-02-18,高管减持排行榜：12股减持额超亿元,证券时报网
2021-02-18,中国银河--电力设备及新能源行业研究报告：两会召开在即聚焦能源战略【行业研究】,金融界股吧
2021-02-18,汇川技术：与广汽合作有批量项目，但量不太大,Wind
2021-02-18,粤开证券：新能源汽车那些事儿,新浪
2021-02-18,工业4.0吸金又吸睛!国内首只“智能制造ETF”2月19日上市!,大众证券报
2021-02-18,【浙商电新 | 工控深度】全面看多工控板块，工控黄金十年开启——工控行业深度报告之一,伟娓道来话新能
2021-02-18,银河证券：建议把握动力电池以及光伏领域的确定性机会,证券时报网
2021-02-17,新工业龙头御势腾飞，首只智能制造ETF即将火热上市！,金融投资报
2021-02-17,【浙商策略】如何看春节前后流动性情况？ | 流动性估值跟踪,王杨策略研究
2021-02-14,资本市场为何为隐形冠军加冕？,秦朔朋友圈
2021-02-10,北上资金本周抢筹股名单,证券时报网
2021-02-09,汇川技术(300124.SZ)：定增事项收到深交所第三轮审核问询函 问询,格隆汇
2021-02-09,叶叶财经：今天指数涨幅较大，年终红包如期而至！明天行情继续？,云掌财经
2021-02-09,筹码新动向：250股筹码趋向集中,证券时报网
2021-02-09,68只股股价创历史新高,证券时报网
2021-02-09,创业板最新筹码集中股名单（附股）,第一财经
2021-02-09,北向资金两日扫货近160亿，宁德时代超18亿买入,21世纪经济报道
2021-02-09,银河证券每日晨报,新浪
2021-02-09,特斯拉被约谈！马斯克不嫌事大？狂买100亿元比特币，价格“疯涨”破4.7万美元！苹果也跟吗？ 其他违规处罚,21世纪经济报道
2021-02-09,银河证券：电动车、光伏已迎黄金发展期 建议把握动力电池以及光伏领域的确定性机会,证券时报网
2021-02-09,北向资金连续两日扫货近160亿元 宁德时代被买入超18亿元,21世纪经济报道
2021-02-09,券商晨会观点速递,第一财经
2021-02-09,业绩预增的新能源汽车概念股出炉，88家利润同比翻倍,第一财经
2021-02-09,A股的节日气氛也越来越浓,搜狐
2021-02-09,北向资金动向曝光：2月8日这30只个股被猛烈扫货（附名单）,每日经济新闻
2021-02-09,道达投资手记：投资能致富！ 股民离土豪有多远？,每日经济新闻
2021-02-09,化工股引领周期股反弹 北向资金继续大幅净买入,新浪
2021-02-08,晚间重大事件汇总,第一财经
2021-02-08,市场缩量上涨，北向资金持续买入 统计学分析持股过节策略更优,大众证券报
2021-02-08,北水收官之日再狂买25亿腾讯、11亿中海油；南水增持宁德时代,富途证券
2021-02-08,数据复盘｜北向资金连续7日净流入 三一重工、宁德时代获主力大幅加仓,证券时报网
2021-02-08,北向资金 | 合计净流入79.29亿元，宁德时代、赣锋锂业、汇川技术、三一重工净买入居前,上游新闻
2021-02-08,北向资金今日净流入79亿元，净买入宁德时代18.83亿元,第一财经
2021-02-08,继续疯狂扫货！北向资金7天爆买350亿，大幅加仓这一股,21世纪经济报道
2021-02-08,北上资金净流入宁德时代18.83亿净卖出美的集团超3亿元,格隆汇
2021-02-08,51只股股价创历史新高,证券时报网
2021-02-08,北向资金净买入79.3亿元 美的集团净卖出额居首,新浪
2021-02-08,北向资金净流入79.3亿 宁德时代获净买入18.83亿,e公司
2021-02-08,北上资金净流入79.30亿宁德时代净买入18.83亿,格隆汇
2021-02-08,北向资金今日净买入79.3亿元，继续猛攻新能源,Wind
2021-02-08,泓德基金千亿扩张隐忧,证券市场周刊
2021-02-08,市场是否会有风格转换？,云掌财经
2021-02-08,"汇川技术现2笔大宗交易 共成交16,784.42万元",新浪
2021-02-08,汇川技术今日大宗交易成交59万股，成交价104.38元折价5.0%,Wind
2021-02-08,持股or持币？跨年行情这个方向更确定！,云掌财经
2021-02-08,抱团股火上浇油，“茅台永远涨”不会破灭！,新浪
2021-02-08,板块异动丨硅片价格上行利好光伏设备板块持续走强,智通财经
2021-02-08,【华泰金工林晓明团队】今年FOF收益前十中五个来自汇添富——FOF周报20210208,华泰金融工程
2021-02-08,中国中免、兴业银行、牧原股份、荣盛石化、汇川技术等明星股盘中均创新高,Wind
2021-02-08,A股异动丨汇川技术(300124.SZ)大涨逾10%破顶 市值近1900亿元,格隆汇
2021-02-08,产业长期向好 光伏龙头加紧“抢占”上游资源 这些概念股或受益丨牛熊眼,第一财经
2021-02-08,东方雨虹(ORIENTAL YUHONG)入选“最受关注A股上市公司”,新浪
2021-02-08,【山证汽车】行业周报：中汽协预估一月汽车销量同比+31.9%（20210201-20210207）,山西证券研究所
2021-02-08,【电新*曾朵红】12月海外电动车销量点评，年末冲量，欧洲市场超预期,东吴研究所
2021-02-08,电力设备及新能源行业周报：关注顺周期“Α＊Β” 硅料硅片价格强势,新浪
2021-02-08,机械设备行业跟踪周报：建议关注制造业复苏和油气行业受益标的 光伏大硅片扩产加速利好设备商,新浪
2021-02-07,【民生研究】周观点汇总：整体披露率小幅上升，净利润增速环比显着改善,MS研究
2021-02-07,电新行业周报：硅料涨价开始向下游传导 电动车销量同比高增长,新浪
2021-02-06,户均持股市值最高超800万元，24股股东户数降超10%，最新一期筹码集中股名单出炉！,证券时报网
2021-02-06,计算机行业嵌入式软件深度研究-嵌入式软件：类SAAS 渠道乘法！,新浪
2021-02-05,19只创业板股最新股东户数降逾5%,证券时报网
2021-02-05,太平洋证券：预计2021年各自动化设备企业都将景气增长,第一财经
2021-02-05,中银证券--电力设备与新能源行业1月第5周周报：业绩预告密集披露，广东出台海上风电补贴【行业研究】,金融界股吧
2021-02-05,【银河电新周然】两会前瞻丨两会召开在即，聚焦能源战略,中国银河证券研究
2021-02-04,MSCI推出两项中国科技指数：蔚来、拼多多“挤掉”阿里上位,21世纪经济报道
2021-02-04,“最受关注A股上市公司”评选结果出炉：10家胜出，四大市场“一哥”入选,证券时报
2021-02-04,归凯来了，首次亮相微博！管理规模561亿元，任职期赚222%,新浪
2021-02-04,创业板股最新筹码变动：16股股东户数降逾5%,证券时报网
2021-02-03,"汇川技术现2笔大宗交易 共成交8,671.50万元",新浪
2021-02-03,创业板股最新筹码变动：13股股东户数降逾5%,证券时报网
2021-02-03,节前大盘稳定为主，春节红包行情送上,中金在线
2021-02-03,睿财看市场：A股三大指数收涨 抱团股重拾升势,恒泰睿财
2021-02-03,市场演绎“春节红包行情” 资金回流抱团主线,财富动力网
2021-02-03,巨丰早评：外围全线上涨利于A股上行,巨丰财经
2021-02-03,抗跌股呈现三大特征25股获10家以上基金持仓,证券时报
2021-02-02,高瓴调研股多只涨停，最新名单或在“制造”未来5年投资机会,红周刊
2021-02-02,国内工业机器人产量持续回升12月同比增速超30%行业复苏信号明显,科创板日报
2021-02-02,巨·大盘 | 大盘缩量两连涨 核心资产再受追捧,巨丰财经
2021-02-02,巨丰收评：核心资产再受资金追捧,巨丰财经
2021-02-02,巨丰投顾：A股高开高走 核心资产再受资金追捧,新浪
2021-02-02,【机会挖掘】2020年工业机器人产量增长19.1% 行业景气度提升（附股）,证券时报网
2021-02-02,销售每日AH推荐,新浪
2021-02-02,最抗跌的机构抱团股名单出炉，昔日大牛股业绩巨亏8亿，股价回撤67% 重大损失,证券时报
2021-02-02,昔日大牛股股价回撤67% 最抗跌机构抱团股名单出炉,证券时报
2021-02-02,巨丰午评：开门红检验有效 大消费板块领涨,巨丰财经
2021-02-02,昔日大牛股业绩巨亏8亿 最抗跌的机构抱团股名单出炉 重大损失,新浪
2021-02-02,37只创业板股最新筹码趋向集中,证券时报网
2021-02-02,创业板指涨超1%，先导智能、汇川技术、华大基因涨幅靠前,Wind
2021-02-02,【国信金工、汽车】汽车变革加速，智能驾驶催生机遇—华泰柏瑞中证智能汽车ETF投资价值分析,量化藏经阁
2021-02-01,浙商证券：1月金股组合盈利11.91% 2月荐股名单出炉,新浪
2021-02-01,电气设备行业周报：从电动车海外财报 看景气趋势,新浪
2021-02-01,电气设备及新能源行业周报：电新行业2020Q4基金持仓分析,新浪
2021-02-01,太平洋--机械行业周报：制造业投资周期启动，自动化企业订单饱满【行业研究】,金融界股吧
2021-02-01,周报(2021.2.1)：仍看好中游，圆柱电池、六氟、光伏硅料均涨价,电新产业研究
2021-02-01,电力设备新能源行业周报：特斯拉产销快速增长 硅料涨价行情持续,新浪
2021-02-01,电力设备行业：特斯拉产能加速扩建 光伏平价时代方兴未艾,新浪
2021-01-31,叶叶财经：企业年报大戏即将开场，下周股市行情主要看两个方面！,云掌财经
2021-01-31,【华泰金工林晓明团队】四季度FOF产品持基集中度降低——FOF投资周报20210131,华泰金融工程
2021-01-31,机构抱团加速瓦解 是时候重现审视这一板块机会了,巨丰财经
2021-01-29,新一批免征车辆购置税新能源车车型公布，提振消费需求（附股）丨牛熊眼,第一财经
2021-01-29,北上资金1月份净买入399.57亿元连续4个月净买入,证券时报网
2021-01-29,电气设备行业的集中度为什么偏低？,金融界
2021-01-29,投资组合报告：2021年二月策略金股报告,新浪
2021-01-29,1月29日晚间重要行业研究汇总(附股),中金在线
2021-01-29,汇川技术(300124)汇川技术2020年业绩快报点评：工控业务强势回暖 新能源汽车扭亏在即,新浪
2021-01-29,汇川技术(300124)2020年业绩预告点评：龙头ALPHA凸显 持续高速成长,新浪
2021-01-29,中泰证券--电力设备新能源周观察：硅料价格持续上涨，关注大众MEB供应链【行业研究】,金融界股吧
2021-01-29,中泰证券--工控行业深度报告：自动化构筑制造强国，国产品牌加速崛起【行业研究】,金融界股吧
2021-01-29,东吴证券--电气设备新能源行业点评：特斯拉，全年销量目标达成，产能建设提速【行业研究】,金融界股吧
2021-01-29,浙商证券调高汇川技术机构评级为“买入”,Ofweek
2021-01-29,机构：降本降价仍是特斯拉首要任务短期盈利进一步承压,科创板日报
2021-01-29,上调评级至买入策略选股（1月29日）,Wind
2021-01-28,电力设备行业点评：特斯拉发布Q4财报 盈利低于预期,新浪
2021-01-28,82股今日获机构买入评级8股上涨空间超50%,证券时报网
2021-01-28,中银证券--机械设备行业周报：工程机械1月预期高增长，继续看好新能源及半导体设备投资【行业研究】,金融界股吧
2021-01-28,汇川技术(300124)：业绩预告符合我们预期 龙头竞争力全面升级,新浪
2021-01-28,浙商证券--汇川技术2020年报预告点评报告：通用自动化领衔各版块高增，盈利能力提升明显【公司研究】,金融界股吧
2021-01-28,汇川技术(300124)业绩预告点评：年报业绩符合预期 Q1淡季不淡、增长提速,新浪
2021-01-28,东吴证券--汇川技术：年报业绩符合预期，Q1淡季不淡、增长提速【公司研究】,金融界股吧
2021-01-28,汇川技术发布年度业绩预告，利润翻倍！,Ofweek
2021-01-28,【浙商电新】汇川技术：通用自动化领衔各版块高增，盈利能力提升明显,伟娓道来话新能
2021-01-28,股海导航 1月28日沪深股市公告提示,新浪
2021-01-27,晚间公告热点追踪：“吊牌之王” 南极电商拟3亿-5亿回购股份,新浪
2021-01-27,A股头条之上市公司（1.28）,金融界
2021-01-27,年报预喜汇总丨这家公司2020年净利润大涨近47倍,第一财经
2021-01-27,汇川技术(300124.SZ)：调整公司收到政府补助自愿披露口径,格隆汇
2021-01-27,汇川技术：预计2020年净利润同比增长100%-130%,Wind
2021-01-27,"汇川技术现1笔大宗交易 共成交3,120.46万元",新浪
2021-01-27,【东吴晨报0129】【行业】通信【个股】先惠技术、锐科激光、中伟股份、汇川技术,东吴研究所
2021-01-27,哪些股票基金抱团程度高？石头科技排第一,证券时报
2021-01-25,明星爆款新基金持仓出炉，这些行业被盯上了,格隆汇
2021-01-25,电力设备及新能源行业周报：风光装机超预期 储能补贴始出台,新浪
2021-01-25,尚智逢源：首只智能制造ETF近日开启网上认购,新浪
2021-01-25,电气设备行业周报：青海储能项目度电补贴0.1元 电池级碳酸锂价格涨势不断,新浪
2021-01-25,汇川技术(300124.SZ)：定增申请收到深交所第二轮审核问询函 问询,格隆汇
2021-01-25,机械设备行业第4周周报：工业机器人景气向上 机器视觉产业链蕴藏蓝海市场,国海证券
2021-01-25,电力设备新能源行业周观察：硅料价格持续上涨 关注大众MEB供应链,新浪
2021-01-25,优秀的公募基金经理都买了什么公司？,雪球
2021-01-25,十大“顶流”基金公司重仓股大曝光：易方达、汇添富、广发,中国基金报
2021-01-25,"十大""顶流""基金公司重仓股大曝光！白酒股占比最高",第一财经
2021-01-25,安信证券：电新板块欣欣向荣青眼有加龙头,金融界
2021-01-25,中泰证券：自动化构筑制造强国，工控行业国产品牌加速崛起,证券时报网
2021-01-25,强者恒强，融资盘继续加仓,财富动力网
2021-01-25,高仓位“抱团”风格强化，基金老将警惕“口号式”投资,Wind
2021-01-25,周报（2021.1.25）-六氟磷酸锂价格再涨，光伏硅料回暖,电新产业研究
2021-01-24,智能汽车行业深度报告：华为入局智能汽车，产业价值链面临重构,新浪
2021-01-24,瞄准“万亿级产业”新风口！首只智能制造ETF明日结束募集,资本邦
2021-01-24,【华泰金工林晓明团队】上周三只混合型基金募集超100亿——FOF投资周报20210125,华泰金融工程
2021-01-23,业绩预告公司预喜占比高 机构资金新年以来加仓绩优蓝筹,红周刊
2021-01-23,创业板指周涨幅近9% 高景气行业表现抢眼,上证报
2021-01-22,泓德“头牌”邬传雁持仓揭秘：规模400亿 与酒“绝缘”,新浪
2021-01-22,深港通十大成交活跃股排名（1月22日）,Wind
2021-01-22,顶流基金经理都在买什么？王宗合：去年4季度重仓白酒,新浪
2021-01-22,谢治宇、董承非等十大明星经理重仓股大曝光,中国基金报
2021-01-22,核酸检测概念股继续集体爆发,Wind
2021-01-22,百元股数量创历史新高 67股获北上资金增持,证券时报
2021-01-21,“中国优势”板块闪耀A股 稀土彻底疯狂：近20股涨停,e公司
2021-01-21,汇川技术(300124.SZ)：取得84项专利证书和5项软件着作权证书,格隆汇
2021-01-21,A股共发生151宗大宗交易成交31.94亿元（1月21日）,Wind
2021-01-21,刚刚，首位千亿基金经理诞生！十大明星经理重仓股大曝光（附名单）,证券时报网
2021-01-21,213亿主力资金近三日大量撤出中小创,证券时报网
2021-01-21,"汇川技术现1笔大宗交易 共成交1,453.50万元",新浪
2021-01-21,65股携上证指数创新高，业绩成走牛关键,Wind
2021-01-21,明星基金经理重仓股大曝:含傅鹏博、张坤、刘格菘、赵诣等,中国基金报
2021-01-21,巨·大盘 | 周期股全面回归 大盘指数冲破前高 把握高抛低吸机会,巨丰财经
2021-01-21,十大明星经理重仓股曝光！刘格菘4基金顶格买入一股,中国基金报
2021-01-21,超重磅！刚刚，首位千亿基金经理诞生！傅鹏博、张坤、刘格菘、刘彦春、冯波、赵诣等十大明星经理重仓股大曝光！,中国基金报
2021-01-21,剑指工业4.0黄金时代！国内首只“智能制造ETF”开启网上现金认购,中国经济网
2021-01-21,刚刚，首位千亿基金经理诞生！十大明星经理重仓股大曝光（附名单）,中国基金报
2021-01-21,刘格菘、萧楠、刘彦春、黄兴亮等明星基金经理最新持仓浮出水面,新浪
2021-01-21,刘格菘、萧楠、刘彦春等投资大佬最新持仓曝光,上证报
2021-01-21,调仓分歧大基金四季报“干货”曝光,中证报
2021-01-21,调仓分歧，大基金四季报“干货”曝光,Wind
2021-01-20,3个月仓位猛打至90%！知名基金经理调仓动向曝光,中证报
2021-01-20,3个月仓位猛打至90%！袁芳、李晓星、焦巍等知名基金经理调仓动向曝光，对白酒股分歧大,中证报
2021-01-20,哭了！刚“跨过香江”就吃了大面,搜狐
2021-01-20,通用自动化| 数据点评：12月制造业维持高景气，通用自动化持续回暖,透视先进制造
2021-01-20,"汇川技术现1笔大宗交易 共成交1,331.10万元",新浪
2021-01-20,注意！百亿级基金经理最新调仓路径浮出水面……,上证报
2021-01-20,强势回暖！新能源车产业链沸腾，近一年资金看好这些个股,第一财经
2021-01-20,多重利好刺激，新能源汽车股卷土重来，产业链龙头受关注,第一财经
2021-01-20,12月工业机器人行业月产量点评：12月行业同比+32% 21年行业景气度延续,新浪
2021-01-20,52只股北向资金持有流通盘的比例超10%,证券之星
2021-01-20,超九成机构抱团股业绩预增 1月以来市场表现强势,证券时报
2021-01-19,【太平洋机械】机械行业周报20210131：制造业投资周期启动，自动化企业订单饱满,太平洋机械大讲堂
2021-01-19,1月19日主力资金净流出501亿元,证券时报网
2021-01-19,"汇川技术现1笔大宗交易 共成交3,549.60万元",新浪
2021-01-19,电气设备行业周报：新能源车2020完美收官 光伏单晶用料高价小幅调涨,新浪
2021-01-18,投研能力可圈可点，东方基金权益投资彰显“黑马”姿态,投资时报
2021-01-18,新能源周报（2021.1.18）电动车中游趋势不改，Q1排产与价格双双超预期,电新产业研究
2021-01-18,电力设备及新能源行业周报：上海目标2025年碳达峰 现代在粤设燃电生产基地,新浪
2021-01-17,谁在布局智能制造？（中泰策略）,修炼投资的水晶球
2021-01-17,百元股已达152家 还有哪些标的将跨过百元门槛,新浪
2021-01-15,电气设备行业点评：电动车12月销量点评：12月创新高 全年销量再超预期,新浪
2021-01-15,警惕！一批明星基金经理大幅调仓了,中国基金报
2021-01-15,2020年电气设备行业上市企业市值排行榜,中商情报网
2021-01-14,汇川技术：累计收到政府补助1.03亿元,中证网
2021-01-14,汇川技术(300124.SZ)：2020年11-12月累计获得政府补助1.03亿元,格隆汇
2021-01-14,大涨15倍的白酒龙头突发跌停，“神车”连续涨停！科技股爆发，机构抱团科技50强名单来了 连续下跌,证券时报网
2021-01-14,A股或担心明天1件事机构已经吵翻了-更新中,中财网
2021-01-14,北向资金高比例持有股票名单,证券之星
2021-01-14,A股泡沫已现？抱团游戏走到尽头？来看三大首席激辩,券商中国
2021-01-13,魔咒为何失效，巨量解禁之际，“最硬”石头创新高！4000亿机械龙头大震荡，资金出逃的抱团股曝光 解禁,证券时报网
2021-01-13,蜀黍说市|中字头大股票一通大涨！传递什么信号？后市主线定了！,搜狐
2021-01-13,去年新能源汽车销量增长10.9%，两条主线布局相关投资机会丨牛熊眼,第一财经
2021-01-13,锁定6个月到三年，持有期基金如何挑选？,养基司令
2021-01-13,新能源与电力设周报：电动车中游趋势不改，其余方向机会均衡（2021年1月第3周）,电新产业研究
2021-01-12,上海瀚薪完成Pre-A轮融资，上海半导体装备材料基金领投,猎云网
2021-01-12,新能源车、光伏、环保，三类热门ETF如何挑选？,养基司令
2021-01-12,51只股北向资金持有流通盘的比例超10%,证券之星
2021-01-12,电气设备行业周报：碳排放权交易管理办法下月施行 蔚来ET7发布引领行业热潮,新浪
2021-01-11,蔚来新品问世“吓坏”锂电巨头，全固态电池量产短期难实现,第一财经
2021-01-11,AAM携手汇川联合动力合作开发下一代集成式电驱系统,美通社
2021-01-11,电力设备及新能源行业周报：12月风光装机超预期 国际巨头加速布局氢能,新浪
2021-01-11,电力设备新能源周观察：欧洲电动车销量超预期 光伏行业高景气,新浪
2021-01-11,百度官宣重大决定！盘前涨幅扩大至超6%,老虎证券
2021-01-11,春季躁动！154家公司业绩翻番，年报行情成重头戏,Wind
2021-01-11,突发！百度官宣重大决定,中国基金报
2021-01-11,国内首只智能制造ETF1月11日开售,中证网
2021-01-11,机械设备周专题：全面电动化趋势下环卫车空间扩容逻辑,新浪
2021-01-11,周其仁：柔宇是国内少有“想到造”，而不是“看到造”的企业,搜狐
2021-01-11,新年ETF募集大戏开启！首只智能制造ETF明日重磅开售,电鳗快报
2021-01-10,“工业4.0”黄金时代，首只智能制造ETF明日首发!,金融投资报
2021-01-09,新能源汽车今年还火多久？全网第一龙头透露这些财富密码！,巨丰财经
2021-01-08,今日共发生123宗大宗交易 机构抢筹这些个股,第一财经
2021-01-08,"汇川技术现2笔大宗交易 共成交7,675.00万元",新浪
2021-01-08,近一月机构调研数据分析：密集调研医药生物行业,巨丰财经
2021-01-08,钜派研究院：如何透过财报辨别“牛股基因”,新浪
2021-01-08,12只个股大宗交易超5000万元,证券之星
2021-01-08,去年盈利最多暴增45倍，年报预告季中有哪些牛股？,上证报
2021-01-08,【新三板-诸海滨】海希通讯：深耕工业无线遥控行业，德国HBC+自主欧姆双轮驱动,安信证券研究
2021-01-08,743家公司预披露，A股2020年业绩“画像”渐显眉目,Wind
2021-01-08,743家公司预披露 A股2020年业绩“画像”渐显眉目,上证报
2021-01-08,未来，A 股更美好,南方财经网
2021-01-07,138家公司年报预告利润翻倍，高毅、景林、淡水泉共同调研这家业绩预增龙头,红周刊
2021-01-07,电气设备行业周报：特斯拉四季度交付量创新高 中欧投资协定助力光伏风电,新浪
2021-01-07,668家公司预告全年业绩 219家预增,证券之星
2021-01-06,央行2021年10大工作明确！落实碳达峰、碳中和排第三，仅次于货币、信贷政策 关注六大方向投资机会,金融界
2021-01-06,Teledyne以80亿美金收购FLIR传感器行业将变天?,Ofweek
2021-01-06,214家公司全年业绩预增,证券之星
2021-01-06,【电新*曾朵红】爆款车型加速全球电动化，电动车、光伏和工控龙头全球崛起,东吴研究所
2021-01-05,【东吴电新】电动车1月销量点评：1月销量好于预期，爆款车型热度持续,新兴产业汇
2021-01-05,【东吴电新】11月全球销量点评：欧洲主流国家渗透率接近20%拐点，高增持续,新兴产业汇
2021-01-05,机械设备周报：RV减速器国产化 山雨欲来风满楼,新浪
2021-01-05,"汇川技术现2笔大宗交易 共成交5,674.60万元",新浪
2021-01-05,汇川技术股价连续两天创历史新高工控“小华为”究竟有何魔力?,Ofweek
2021-01-05,最新中国市值500强重磅出炉 腾讯位居中国市值500强第一 阿里第二,站长之家
2021-01-05,全年业绩高增长股提前看，118股净利润增幅翻倍,证券之星
2021-01-05,"【华创电新 | 周观点】""十四五""规划逐步明朗，积极拥抱新能源",华创电新研究
2021-01-04,道达投资手记：每个整数关 都是一种甜蜜诱惑,每日经济新闻
2021-01-04,机构调研丨近5日7家公司获调研,第一财经
2021-01-04,每一个整数关，都是一种甜蜜诱惑——道达投资手记,每日经济新闻
2021-01-04,"汇川技术现1笔大宗交易 共成交4,540.50万元",新浪
2021-01-04,【研报掘金】新能源汽车行业将维持高歌猛进态势 ModelY价格下调催化板块投资机会,证券时报网
2021-01-04,机构调研专注成长，跨年行情将超预期,Wind
2021-01-04,电气设备行业周报：12月光伏并网或超预期 电动车补贴新政符合预期,新浪
2021-01-04,新能源汽车行业点评：特斯拉乘胜追击 MODELY低价上市,新浪
2021-01-04,1月份A股市场如何布局？ 众机构年前密集调研360家公司,证券日报
2021-01-03,机构大举调研股盘点 基金公司最关注个股是汇川技术,金融界
2021-01-03,“科技龙头50强”新鲜出炉！,中国基金报
2021-01-03,布局春躁行情：机构一个月调研超6000次,上证报
2021-01-03,2021年继续看好科技龙头 这些个股净利预增超20%,第一财经
2021-01-03,“科技龙头50强”出炉！拿下A股10%市值，机构和聪明资金抱团重仓超万亿,证券时报
2021-01-03,机构频繁调研这些个股 8年23倍大牛股被盯上,第一财经
2021-01-03,最新潜在目标曝光！锂电龙头获百家机构调研 透露固态电池等重磅信息！8年23倍大牛股被盯上,金融界
2021-01-03,2021年A股有哪些机会？新能源汽车、光伏、半导体三大行业或“跨栏奔腾”,金融投资报
2021-01-01,电池与电气系统（67）:爆款Model Y，中国供应链的业务弹性将进一步加大,电新产业研究
2021-01-01,中信建投证券2021年度十大预测,中信建投证券研究
2020-12-31,本月创新高股揭秘：半数获北向资金加仓,证券时报
2020-12-31,67只股股价创历史新高,证券时报网
2020-12-31,"汇川技术现1笔大宗交易 共成交8,859.60万元",新浪
2020-12-31,汇川技术(300124.SZ)拟为子公司申请银行授信提供担保 大额借贷担保,智通财经
2020-12-31,12月31日午间重要公告集锦,上证报
2020-12-31,汇川技术(300124.SZ)及子公司2021年拟向银行申请授信额度167.75亿元人民币和2200万美元,格隆汇
2020-12-31,汇川技术：2020年度计提资产减值准备14182.45万元 资产异常,Wind
2020-12-31,汇川技术及子公司2020年拟计提资产减值准备约1.42亿元 资产异常,上证报
2020-12-31,【东吴电新】汇川技术业绩预告点评：年报业绩符合预期，Q1淡季不淡、增长提速,新兴产业汇
2020-12-31,【银河晨报】12.31丨策略：理解“新变化”，顺应“新趋势”，把握“新消费”发展机遇,中国银河证券研究
2020-12-30,浙商年度峰会精华回顾第七弹：新能源篇,浙商证券研究所
2020-12-30,道达投资手记：哪些个股在抢跑 2021市场将继续分化,每日经济新闻
2020-12-30,指数创出5年新高 创业板今昔有何不同,每日经济新闻
2020-12-30,市场赚钱效应升温，风格却不断切换，抓住低吸潜伏的好时机！,包子君
2020-12-30,中证500当前是否值得买（估值表）,新浪
2020-12-30,可以持股过节的品种很多,中金在线
2020-12-30,哪些个股在抢跑2021年行情？——道达投资手记,每日经济新闻
2020-12-30,"汇川技术现1笔大宗交易 共成交3,327.20万元",新浪
2020-12-30,新能源汽车行业周报：天幕玻璃引领时尚潮流 电动车先行,新浪
2020-12-30,623家公司预告全年业绩 185家预增,证券之星
2020-12-29,半导体集体暴涨 机构此前密集调研,第一财经
2020-12-29,182家公司全年业绩预增,证券之星
2020-12-28,【东吴机械陈显帆】周观点：工程机械、新能源维持产销两旺，机器视觉为智能制造赋能前景可期,透视先进制造
2020-12-28,2020年银行系公募业绩显着分化 两基金缺席爆款权益盛宴,红周刊
2020-12-28,机构调研能催涨股价？这些公司最受关注 有股票走出“六连板”行情,腾讯网
2020-12-28,机械设备周报：细数全球商用餐饮设备龙头,新浪
2020-12-28,本周观点：与个股集萃,华安证券
2020-12-28,615家公司预告全年业绩 180家预增,证券之星
2020-12-26,高房价低工资，青岛解不开的死结？,搜狐
2020-12-26,2020年银行系公募业绩显着分化 中加、建信基金缺席爆款权益盛宴 盈利能力下降,红周刊
2020-12-26,上海宣布开始接种，保护期至少半年以上！英国神甩锅，和南非吵起来了,证券时报网
2020-12-26,12只个股被社保与QFII，连续持仓五个季度,Wind
2020-12-26,12只个股被社保与QFII 连续持仓五个季度,证券日报
2020-12-26,988份券商报告描绘2021年A股掘金地图 热度最高十大“金”股揭秘,证券日报
2020-12-25,社保与QFII连续五个季度共同持仓12只金股,新浪
2020-12-25,近一月机构调研数据分析,巨丰财经
2020-12-25,机构调研热情不减 建筑电气等行业关注度高,中证网
2020-12-25,25股受青睐，北向资金增持额超亿元,证券时报网
2020-12-25,全年业绩高增长股提前看，108股净利润增幅翻倍,证券之星
2020-12-25,机构调研热情不减，建筑电气等行业关注度高,Wind
2020-12-25,机构调研热情不减 建筑电气等行业关注度高,中证报
2020-12-24,汇川技术吸引逾270家机构调研！这三大行业最受机构关注,中证报
2020-12-24,A股今日共发生161宗大宗交易 机构抢筹这些个股,第一财经
2020-12-24,28家公司获海外机构调研,证券时报网
2020-12-24,"汇川技术现1笔大宗交易 共成交8,660.00万元",新浪
2020-12-24,【干货】智能制造装备行业产业链全景梳理及区域热力地图分析,前瞻研究院
2020-12-23,【东吴机械陈显帆】周观点：挖掘机有望开门红，新能源景气旺盛利好设备商,透视先进制造
2020-12-23,汇川技术(300124)：行业复苏叠加国产替代加速 驱动长期成长,新浪
2020-12-23,汇川技术(300124.SZ)：实控人朱兴明解除质押417.5万股及质押展期205万股,格隆汇
2020-12-23,29股获海外机构调研,证券时报网
2020-12-23,31股今日获机构买入评级,证券时报网
2020-12-23,12月23日晚间重要行业研究汇总,天然橡胶网
2020-12-23,2021年电力设备及工业控制行业投资策略：电气设备迎来数字化、智能化时代,新浪
2020-12-23,171家公司全年业绩预增,证券之星
2020-12-22,2020险资投资图谱：头部机构成举牌主力 科技、消费股备受调研青睐,北京商报
2020-12-22,调研上市公司800余家、举牌20余次 哪些股票是保险资金的心头好？,21世纪经济报道
2020-12-22,290亿主力资金近三日大量撤出中小创,证券时报网
2020-12-22,33家上市公司获海外机构调研 这只股累计涨幅近25%,第一财经
2020-12-22,高瓴、高盛、大摩、红杉资本最新调研透露2021年布局方向，科技股和医药股仍是座上宾,红周刊
2020-12-22,机械设备行业周报：工业复苏超预期 多地限电 顺周期延续,新浪
2020-12-22,602家公司预告全年业绩 170家预增,证券之星
2020-12-22,13股获20家以上机构调研 汇川技术最受关注,证券时报网
2020-12-22,盘前情报丨新能源站上风口，产业链或受益（附股）,21世纪经济报道
2020-12-22,北向资金大幅扫货近80亿元，这些行业及个股最受青睐（附股）,21世纪经济报道
2020-12-22,北向资金动向曝光：抛售海康威视超5亿元 这30只个股昨遭大甩卖（附名单）,每日经济新闻
2020-12-21,机构看准这些新能源汽车股 最高净利预增45倍,第一财经
2020-12-21,主力资金尾盘净流入这些个股,第一财经
2020-12-21,本周观点：与个股集萃,华安证券
2020-12-21,2020年中国工业自动控制系统装置制造行业市场现状及发展前景分析 市场规模稳增长,前瞻研究院
2020-12-21,400亿工业消防市场投资机会在哪？,信达证券
2020-12-21,63家公司获机构调研（附名单）,证券时报网
2020-12-21,上周62家公司获机构调研 逾21亿元大单资金加仓14股,证券日报
2020-12-20,超跌半导体龙头被盯上，55家机构扎堆调研，哪些行业受机构青睐？,21世纪经济报道
2020-12-20,超跌半导体龙头被盯上，55家机构扎堆调研（附百亿私募重点关注名单）,21世纪经济报道
2020-12-20,工控领域的华为，8年21倍大牛股获两百多家机构调研，透露机器人业务等重磅信息！超跌芯片概念股被盯上,证券时报
2020-12-20,工控领域的华为，8年21倍牛股获两百多家机构调研，透露机器人业务等重磅信息,搜狐
2020-12-20,汇川技术获272家机构调研 透露机器人业务等重磅信,新浪
2020-12-19,25只创新高股获北向资金加仓,证券时报
2020-12-19,62家公司获机构调研（附名单）,证券之星
2020-12-18,A股2020年三季报业绩&公募基金配置分析：公募基金视角下 三季报展现的投资机会,新浪
2020-12-18,29股获海外机构调研,证券时报网
2020-12-18,12月18日主力资金净流出233亿元,证券时报网
2020-12-18,两融余额四连升 137.64亿增量杠杆资金进场,证券之星
2020-12-18,56家公司获机构调研（附名单）,证券之星
2020-12-18,11股获20家以上机构调研,证券时报网
2020-12-18,中控技术，下一个汇川？,阿尔法工场研究院
2020-12-18,创业板27股筹码连续集中 机械设备股居多,证券时报
2020-12-17,【安信中小盘】派能科技、伟创电气-次新股资讯1217,AX中小盘研究
2020-12-17,265家上市公司年报业绩预喜 白酒、家电、汽车等消费行业向好,大众证券报
2020-12-17,汇川技术(300124.SZ)：全资子公司长春汇通通过高新技术企业再次认定,格隆汇
2020-12-17,海外机构调研股名单汇川技术最受关注,证券时报网
2020-12-17,工业机器人 | 数据点评：11月工业机器人产量同比+32%，工业自动化持续回暖,透视先进制造
2020-12-17,两融余额三连升 杠杆资金大比例加仓10股,证券之星
2020-12-17,全年业绩高增长股提前看，103股净利润增幅翻倍,证券之星
2020-12-17,盘前情报丨新冠疫苗大批量生产在即，华为鸿蒙2.0传来重磅消息，这些概念股值得关注,21世纪经济报道
2020-12-16,中国银河证券2021年投资策略会：守正出新,新浪
2020-12-16,硬科技IGBT投资分析,电力电子产业网
2020-12-16,【国信金工】科技赋能，优质赛道—智能汽车驶向未来,量化藏经阁
2020-12-16,新能源汽车行业周报：20年国内新能源汽车累计销量同比转正,新浪
2020-12-16,57只创业板股最新筹码趋向集中,证券时报网
2020-12-15,电气设备行业周报：11月国内外新能源车销量高增 十四五光伏规划或超预期,新浪
2020-12-15,332家公司公布最新股东户数,证券时报网
2020-12-15,2021年度工控&电网策略报告：国产化进程加速 聚焦高成长个股,新浪
2020-12-15,机械设备周报：降本提效 智能物流发展可期,新浪
2020-12-15,164家公司全年业绩预增,证券之星
2020-12-15,电力设备及新能源行业2021年投资策略：破晓而生 踏浪前行,新浪
2020-12-15,【中证盘前】市场监管总局等5部门约谈特斯拉；“疯狂的石头”去年业绩大增75%；“光伏茅台”再次大额采购；爱美客拟10转8派35元,中证报
2020-12-14,电气设备行业周报：“十四五”国内光伏成长确定性强 我国新能源车全年销量望至130万辆,新浪
2020-12-14,电气设备行业周报：欧洲新气候法案将至少提振欧洲电动车产销目标34PCT,新浪
2020-12-14,快讯：新能源车概念爆发 小康股份直线涨停,新浪
2020-12-14,深圳设企业博士后工作站分站事权落地 TCL华星光电等获批,南都报
2020-12-14,电鳗快报|伟创电气IPO：科创属性不足市占率太低还隐瞒神秘关联关系,电鳗快报
2020-12-12,新能源汽车利好纷纷落地,巨丰财经
2020-12-12,创新高股揭秘：北向资金加仓19股，机构抢筹3只,证券时报
2020-12-12,34只创业板股最新筹码集中，4股股东户数降一成,证券时报
2020-12-12,华夏天信重启IPO：控股股东在国际造假案中获利颇丰 欺诈造假,21世纪经济报道
2020-12-11,筹码新动向：92股筹码趋向集中,证券时报网
2020-12-11,21调查丨华夏天信重启IPO：更换保荐机构二度辅导 信披瑕疵能否“洗白”？,21世纪经济报道
2020-12-11,163家公司全年业绩预增,证券之星
2020-12-11,【早间资讯】2020-12-11,大通证券投教基地
2020-12-11,A股早报2020年12月11日星期五,Wind
2020-12-11,盘前情报丨超10个省份发布地方“十四五”规划建议，重点布局这三大产业！,21世纪经济报道
2020-12-11,两融业务周报（20201207-20201211）,东吴财经通
2020-12-10,险资入市或加速 330家公司四季度以来获保险公司密集调研,第一财经
2020-12-10,汇川技术定增募资21.30亿元 拟收购子公司49%股权升级业务结构,金融界
2020-12-10,近五日8只个股被机构调高评级 这只个股还有42%的上涨空间,第一财经
2020-12-10,创业板股最新筹码变动：11股股东户数降逾一成,证券时报网
2020-12-10,12月10日利好及其影响个股,中财网
2020-12-10,2021年装备制造业周期上行，看中国制造自信崛起,Wind
2020-12-09,筹码新动向：234股筹码趋向集中,证券时报网
2020-12-09,基金年终排名战打响！抄作业的机会又来了吗？,格隆汇
2020-12-09,电力设备行业年度策略报告：行业景气维持 重视业绩弹性,新浪
2020-12-09,汽车电动化的三条最强主线及受益股！,新浪
2020-12-09,10个月20倍，大行业里的小公司,格隆汇
2020-12-09,创业板股最新筹码变动：9股股东户数降逾一成,证券时报网
2020-12-09,汇川技术(300124.SZ)：约2550.24万股限售股12月11日解禁 解禁,格隆汇
2020-12-09,全年业绩高增长股提前看，103股净利润增幅翻倍,证券之星
2020-12-09,中信建投2021年机械投资策略展望：机械龙头加速全球化进程,中信建投证券研究
2020-12-09,汇川技术：占总股本1.48%限售股将于12月11日上市流通 解禁,Wind
2020-12-08,股东户数降幅榜：16股最新股东户数降逾一成,证券时报网
2020-12-08,[路演]汇川技术：提高新能源汽车业务的整体盈利水平,全景网
2020-12-08,直冒冷汗！龙头闪崩20%跌停，两大百亿私募或中招，老“韭菜”也看懵！ 连续下跌,每日经济新闻
2020-12-08,巨·热点 | 市场再现结构调整 五大板块轮动活跃！,巨丰财经
2020-12-08,新能源汽车行业周报：德国11月电动车渗透率突破20%,新浪
2020-12-08,正弦电气将于上交所科创板上市,Ofweek
2020-12-08,汇川技术新能源布局再进一步！,中自网
2020-12-08,创业板股最新筹码变动：7股股东户数降逾一成,证券时报网
2020-12-08,中国新能源汽车电控系统行业深度解析,电子工程世界
2020-12-08,国内中低压变频器市场现状如何,自动化网
2020-12-07,电力设备及新能源行业周报：光伏龙头长单密集落地 电堆降价潮指明降本路径,新浪
2020-12-07,从基金亏损榜看：基民如何避大雷？,格隆汇
2020-12-07,中加特：核心科技难以支撑逆天毛利率,证券市场周刊
2020-12-07,新能源汽车行业周报：行业景气度持续提振 锂电材料相继涨价,新浪
2020-12-07,71只创业板股最新筹码趋向集中,证券时报网
2020-12-07,159家公司全年业绩预增,证券之星
2020-12-06,下周操盘攻略：业绩在，牛就在,Wind
2020-12-06,中泰金工定向增发跟踪周报(1206),ZTQuant
2020-12-06,猛！这7名股东一年狂赚45亿，14倍大牛股迎巨额解禁洪流！下周解禁股名单曝光，千亿科技龙头在列 解禁,证券时报
2020-12-05,下周840亿市值限售股解禁，环比增加56.56% 解禁,Wind
2020-12-04,蓝筹股在大宗交易平台被机构资金积极买入，高瓴、高盛、景林、高毅、淡水泉集中调研背后或有买入冲动,红周刊
2020-12-04,电气设备新能源行业2021年度投资策略：兼顾成长和估值 在变中寻找机会,新浪
2020-12-04,下周101.11亿股限售股解禁，解禁市值达848.56亿元 解禁,36氪
2020-12-04,天齐锂业涨超8%，领涨新能源汽车概念股,Wind
2020-12-04,少数派投资|内循环和出口贸易，2020年的意外之喜,证券之星
2020-12-04,名字即品牌：兴证全球基金乔迁,基尔摩斯
2020-12-04,银河证券：新能源汽车产业链迎来实质性回暖 龙头公司值得坚守,证券时报网
2020-12-04,【银河电新周然/赵腾辉】行业动态 2020.11丨补贴确权加速，存量项目再获支持,中国银河证券研究
2020-12-04,三方阵营布局电驱动系统，本土与外资将“分庭抗礼”,盖世汽车
2020-12-03,35家公司获海外机构调研,证券时报网
2020-12-02,“长阳挂星”几个意思，你猜你猜你猜猜猜~丨复盘论,第一财经
2020-12-02,新能源车中概股全线哑火A股大幅分化，机构这样看丨牛熊眼,第一财经
2020-12-02,A股12月定律被发现！机构布局中：42股看涨逾70%,Wind
2020-12-02,A股12月定律被发现！跨年行情布局中，机构再次聚焦一个方向,Wind
2020-12-02,新能源汽车行业周报：全球动力电池产能快速增长,新浪
2020-12-02,5只年报预增股获北上资金加仓超亿元,证券时报网
2020-12-02,中加特故意贬低竞争对手，关联交易拒不披露,云掌财经
2020-12-02,炸锅，5连板后，最强面板股紧急澄清：没有这些热门业务！北上资金埋伏5只业绩预增股，新能源车龙头赫然在列（附名单）,证券时报
2020-12-02,21股筹码连续集中 三成跑赢大盘,证券时报
2020-12-01,玩ETF的基友们，注意了！,基尔摩斯
2020-12-01,600份年报预告抢鲜看：“小牛”才露尖尖角,Wind
2020-12-01,创业板股最新筹码变动：4股股东户数降逾5%,证券时报网
2020-12-01,重新聚焦科技成长，热门板块机构2021策略前瞻,Wind
2020-12-01,德邦语音早报丨20201201 行业聚焦“工业机器人”、“生物医药”,德邦证券微资讯
2020-12-01,85家公司获机构调研(附名单),中财网
2020-12-01,11月份机构密集调研446家公司 近80亿元大单资金加仓32只潜力股,财富动力网
2020-12-01,机构重仓股跟踪月报,新浪
2020-11-30,电力设备及新能源行业周报：光伏尺寸标准化助力平价 燃料电池关注度提升,新浪
2020-11-30,27股获海外机构调研 迈瑞医疗最受关注,证券时报网
2020-11-30,11月以来这家公司被349家机构调研,第一财经
2020-11-30,9家百亿私募盯上了8只个股！这家公司被170多家机构调研,中新经纬
2020-11-30,83家公司获机构调研(附名单),中财网
2020-11-30,12股获10家以上机构调研,证券时报网
2020-11-30,正弦电气逾期款高产品价降 产能未饱和拟募资扩2.5倍,中国经济网
2020-11-30,中科透露与华为合作等重磅信息 无人驾驶龙头获超百家机构调研,财富动力网
2020-11-29,透露与华为合作等重磅信息，无人驾驶龙头获超百家机构调研！10年21倍大牛股被盯上,证券时报
2020-11-27,北上资金本周净买入168.50亿元连续4周净买入,证券时报网
2020-11-27,这些新能源车股盈利、研发、机构关注度等排行业前20！四公司卡位优势明显,巨丰财经
2020-11-27,20股获10家以上机构调研 中科创达最受关注,证券时报网
2020-11-27,72家公司获机构调研（附名单）,证券时报网
2020-11-27,A股市场走势回归平稳 北上资金净流入60亿,证券时报
2020-11-26,北上资金活跃股名单(11月26日),证券时报网
2020-11-26,发生了什么？新能源车集体暴跌，北上资金60亿杀入！A股未来咋走？ 连续下跌,证券时报网
2020-11-26,127家年报业绩预亏，这10只债券兑付需警惕！,Wind
2020-11-26,东吴证券：国内工控行业逆势增长 进口替代正带来更大规模扩张,第一财经
2020-11-26,17股获10家以上机构调研 汇川技术最受关注,证券时报网
2020-11-26,79家公司获机构调研（附名单）,证券时报网
2020-11-26,【电新*曾朵红】海外工控行业观察：Q3整体边际改善、中国市场一枝独秀,东吴研究所
2020-11-26,年末私募调研热情骤升，近4000家机构合计调研逾5200次,Wind
2020-11-25,赋能智能制造｜英特尔助力新冠疫苗生产驶入“快车道”,E药经理人
2020-11-25,北向资金连续四日出逃，抛弃白酒股，却看好这一板块（附股）,21世纪经济报道
2020-11-25,燃料电池利好不断 如何捕捉风口上的猪？,巨丰财经
2020-11-25,逆风：财政部加快新能源补贴，四行业直接受益！(附股),新浪
2020-11-25,573家公司预告全年业绩 149家预增,证券时报
2020-11-25,A股跨年度行情已经拉开序幕三条主线或引爆市场,巨丰财经
2020-11-25,【东吴晨报1125】【策略】【行业】电新、机械【个股】中控技术,东吴研究所
2020-11-25,巨丰早参：美股收高道指首次突破3万点 国务院提出积极开发智能化终端产品,巨丰财经
2020-11-25,“造车新势力”市场表现强势 产业链龙头业绩回暖,证券时报
2020-11-24,光伏概念热门股炒作降温 24股最新价较年内高点回撤20%以上,第一财经
2020-11-24,*ST富控账上现金174万、负债数十亿 股价已暴跌98% 偿债能力下降,腾讯网
2020-11-24,跌到只剩渣！这家公司账上现金174万，负债数十亿，股价已暴跌98%！光伏龙头单日飙涨169%，绩优概念股出炉 偿债能力下降,证券时报
2020-11-24,电气设备行业专题报告：造车新势力三季报总结：销量、业绩均超预期 新势力已成气候,新浪
2020-11-24,市占率不足2% 募资产能还将翻倍 正弦电气IPO底气何来？,新浪
2020-11-24,电气设备行业周报：造车新势力三季度业绩亮眼 光伏资源整合加速,新浪
2020-11-24,电力设备新能源行业每周观察：需求持续提升 铁锂正极涨价蠢蠢欲动,新浪
2020-11-24,那些被华为卖掉的公司：10家A股上市公司，总市值超1800亿元,中国经济周刊
2020-11-24,券商频频调研科技医药，板块或现配置良机,Wind
2020-11-24,券商频频调研科技医药 板块或现配置良机,中证报
2020-11-23,电力设备及新能源行业周报：光伏龙头联合强化一体化布局 巨轮航定行稳致远,新浪
2020-11-23,什么情况？周期股爆棚，券商调研“心头好”却在别处，两大板块何时重振雄风？,中证报
2020-11-23,电新行业周报：太阳能发电量持续提升 新能源车销量高增长有望持续,新浪
2020-11-22,经济学家管清友：注册制让股票市场从供销社模式转向超市模式,澎湃新闻
2020-11-22,那些被华为卖掉的公司 后来都怎么样了？,新浪
2020-11-21,42只股北向资金持有流通盘的比例超10%,证券时报网
2020-11-21,财经连连看丨股市周评：弱势的上证指数有走强迹象,新民晚报
2020-11-20,行情走高，明年或将迎来大牛市,证券之星
2020-11-20,机构扎堆看好年报业绩暴增股,财富动力网
2020-11-20,逾500家公司公布年度业绩预告 近四成预喜,证券时报
2020-11-19,年报业绩暴增股名单来了 机构扎堆看好它们（附股）,新浪
2020-11-19,逾百家公司预计2020全年净利翻倍 谁将引领跨年行情？,经济观察网
2020-11-18,大金融助力拉升创业板蓄势待发？,金融界
2020-11-18,机构11月以来共调研超300家公司 关注这些股,第一财经
2020-11-18,外资加速调研A股，紧盯科技医药龙头,Wind
2020-11-17,【招商策略】MLF超额续作提振情绪，陆股通加仓顺周期——金融市场流动性与监管动态周报（1116）,招商策略研究
2020-11-17,【国盛策略 | 陆股通周监控】风险偏好回暖，周期再获北上加仓*第73期,尧望后势
2020-11-17,汇川技术(300124.SZ)：定增事项收到深交所审核问询函 问询,格隆汇
2020-11-17,汇川技术被问询：要求披露本次各募投项目具体投资构成和相关投资金额测算的合理性 问询,Wind
2020-11-17,新能源汽车行业周报：小鹏理想三季报表现亮眼,新浪
2020-11-17,电气设备行业周报：十月国内外新能源车销量高增 光伏单晶硅片价格平稳,新浪
2020-11-16,龙虎教授：方新侠“飘了”，“4家机构”涨停板收割！,新浪
2020-11-16,电力设备及新能源行业周报：广东上海发布氢能规划 燃料电池示范在即,新浪
2020-11-16,低回撤打新基金系列|“固收+”策略之债券基金,养基司令
2020-11-16,盘前情报丨首批科创50ETF今日上市！本周超70亿股限售股解禁（附股） 解禁,21世纪经济报道
2020-11-16,盘前情报丨首批四只科创50ETF今上市；全球最大自贸区来了，A股有望迎“长牛”！（附概念股）,21世纪经济报道
2020-11-15,招商策略：中期A股有望迎来一轮明显的“跨年行情”,招商策略研究
2020-11-15,粤开策略：新能源汽车行业加速向上趋势确定,粤开崇利论市
2020-11-15,82股股价创新高，近半获北向资金加仓,证券时报
2020-11-15,走向上市之路——香蜜湖加速器系列活动正式启幕,奥一网
2020-11-15,这些消息影响下周股市！,搜狐
2020-11-14,北向资金连续四日出逃，抛弃白酒股，却看好这一板块（附股）,21世纪经济报道
2020-11-13,高毅、景林、重阳、高盛都来了 4季度机构5000次调研去了哪些公司,红周刊
2020-11-13,高毅、景林、重阳、高盛都来了，四季度明星机构5000次调研都去了哪些公司,红周刊
2020-11-13,汇川技术(300124.SZ)子公司商品期货套期保值业务余额额度调整为不超过3亿元,智通财经
2020-11-13,汇川技术(300124.SZ)拟继续使用闲置募集资金购买银行理财产品,智通财经
2020-11-13,汇川技术(300124.SZ)拟使用日理财余额不超50亿元闲置自有资金购买理财产品,智通财经
2020-11-13,汇川技术：累计获得政府补助6874.72万元,中证网
2020-11-13,汇川技术(300124.SZ)近日累计获6874.72万元政府补助,格隆汇
2020-11-13,北向资金连续第二周净买入，36股成交活跃,证券时报
2020-11-13,全年业绩高增长股提前看，102股净利润增幅翻倍,证券之星
2020-11-12,沪股通净卖出17.07亿元,证券时报网
2020-11-12,海外机构调研股名单埃斯顿最受关注,证券时报网
2020-11-12,“抄基金经理作业”也是技术活！低换手长跑持仓值得一看,上证报
2020-11-12,"抄作业也是技术活 这些低换手""基金长跑健将""持仓值得一看",上证报
2020-11-12,电气设备行业-新能源汽车与电力设备行业三季报总结：景气与分化,新浪
2020-11-12,北向资金再度出逃！抛售白酒股近20亿元，贵州茅台洋河股份被净卖出超3亿元,21世纪经济报道
2020-11-12,中金工业自动化2021年展望：工控大周期开启，紧握三条主线,中金点睛
2020-11-12,北向资金动向盘点：继续增持银行，减仓高估值板块,Wind
2020-11-12,机构调研马不停蹄 投资“风向标”隐现,中证报
2020-11-11,机构调研热度不减：海康威视迎来500家机构 这些公司最受关注(股),中证网
2020-11-11,迎来500家机构！这公司成“流量担当”，散户“抄作业”管用吗？,中证报
2020-11-11,电气设备行业周报：大众ID.4明年一季度将上市 光伏硅料价格下降和玻璃短缺,新浪
2020-11-11,电力设备新能源周观察：光伏需求持续向好 电动车销量将超预期,新浪
2020-11-11,机构推荐买入238股 8股预测上涨空间超30%,证券时报
2020-11-10,20只个股吸引超50家机构调研，汇川技术最受青睐,第一财经
2020-11-10,这8只个股机构预测上涨空间超30%,第一财经
2020-11-10,汇川技术(300124.SZ)：子公司苏州汇川完成变更经营范围 关联方问题,格隆汇
2020-11-10,机构推荐的好物清单来了 这只股8年涨近36倍,新浪
2020-11-10,新能源汽车行业周报：10月德国电动车续创新高 ID.3欧洲热卖成爆款,新浪
2020-11-10,电力电气设备行业-3Q持仓及陆港通分析：资金大幅流入 电池工控受到青睐,新浪
2020-11-10,电气设备及新能源行业周报：海内外10月新能源车市场持续回暖,中国能源网china5e
2020-11-10,北向资金最新调仓名单来了：绩优科技股获青睐，部分金融股遭抛弃,证券时报网
2020-11-10,北向资金动向盘点：净买近200亿，在三条线上展开,Wind
2020-11-10,输配电气行业：龙头盈利开始改善 海外动力电池单季收入新高,财富动力网
2020-11-10,【东吴晨报1110】【行业】汽车、通信、电新【个股】新东方-S,东吴研究所
2020-11-10,【电新*曾朵红】动力电池海外专题四之SKI——狂奔的二线海外电池厂，20年元年启动,东吴研究所
2020-11-10,罕见！北向资金大举扫货200亿元，茅台被抢购13亿元，这些行业最受青睐（附股）,21世纪经济报道
2020-11-09,113家公司获海外机构调研,证券时报网
2020-11-09,46只股股价创历史新高,证券时报网
2020-11-09,汇川技术(300124)：业绩大超预期 双王已露峥嵘,新浪
2020-11-09,565家公司预告全年业绩 144家预增,证券时报
2020-11-09,电力设备及新能源行业周报：光伏全面放开容配比 特高压直流再获核准,新浪
2020-11-09,电力设备及新能源行业2020年三季度总结：“新新”向荣,新浪
2020-11-09,【电新*曾朵红】海外动力电池20Q3详细点评：单季度收入历史新高，龙头盈利开始改善,东吴研究所
2020-11-08,【东吴电新】SKI深度：狂奔的二线海外电池厂，20年元年启动——动力电池海外专题4,新兴产业汇
2020-11-08,8年20倍科技龙头获两百多家机构调研 透露机器人国产化率等信息,新浪
2020-11-08,百家公司获机构调研：探寻A股四季度投资密码,经济观察报
2020-11-07,百家公司获机构调研：探寻A股四季度投资密码,经济观察网
2020-11-07,新能源概念遍地开花 机构无情抛售浪潮信息,财富动力网
2020-11-07,北上资金本周抢筹股名单,证券时报网
2020-11-07,深股通席位本周龙虎榜净买入27股,证券时报网
2020-11-06,深市创新标杆深创100：样本研发投入为深市平均8倍,全景网
2020-11-06,近日海外机构调研股名单,证券时报网
2020-11-06,【东吴电新】电动车板块三季报总结：Q3需求明显恢复，拐点明确，旺季来临,新兴产业汇
2020-11-06,超30只半导体股获北上、杠杆资金加仓,第一财经
2020-11-06,刚刚，全球光刻机巨头放话，出口中国有戏！10万手大单火速封死涨停，光刻机龙头应声大涨！最新北上资金+杠杆资金+机构关注股名单来了,证券时报网
2020-11-06,外资罕见加仓110亿！释放什么信号？,中国基金报
2020-11-06,57股获20家以上机构扎堆调研，汇川技术最受关注,Wind
2020-11-06,178家公司获机构调研（附名单）,证券时报网
2020-11-06,沪指站稳3300！市场惊现五大信号,Wind
2020-11-06,深市首只万亿市值股诞生 千亿市值股扎堆创新高,证券时报
2020-11-05,新能车ETF当日大涨5.35%，跨年行情即将开启,新浪
2020-11-05,明天最强风口上的转债上市|医疗器械集采价暴跌90%，医疗还能玩吗?,基少成多
2020-11-05,大白马集体上涨，A股再上3300点！外资罕见加仓110亿！释放什么信号？,证券时报
2020-11-05,散户傻眼了！大白马罕见批量创新高！而这些牛股竟都藏身于此，连续3年跑赢指数的基金重仓股曝光（附名单）,每日经济新闻
2020-11-05,星石、高毅、高瓴调研标的股迅速走红，科技、医药维持热度，顺周期板块快速上位,红周刊
2020-11-05,40亿主力资金近三日撤出超涨概念股,证券时报网
2020-11-05,电气设备行业：电车2C市场爆发 10月新势力需求火爆,新浪
2020-11-05,109家公司获海外机构调研,证券时报网
2020-11-05,149股今日获机构买入评级,证券时报网
2020-11-05,央妈又放大招，熟悉的味道回来了！,证券之星
2020-11-05,大盘资金净流入95.26亿元 买入这些板块 多只个股创历史新高,第一财经
2020-11-05,电气设备行业周报：新能源汽车技术路线图发布 光伏玻璃再度涨价,新浪
2020-11-05,汽车股行情持续造好 高涨幅低市盈率有这些个股,第一财经
2020-11-05,巴菲特重仓12年暴赚22倍：比亚迪再创新高 深市首只万亿股也来了,新浪
2020-11-05,巴菲特重仓12年暴赚22倍，比亚迪再创历史新高！深市首只万亿市值股诞生，千亿市值白马扎堆创新高,金融界
2020-11-05,【申港电新|周观点】海内外10月新能源车市场持续回暖,新能源深度研究
2020-11-05,电新行业3Q20回顾：电动车、电力设备逐季回暖 工控业绩超预期,新浪
2020-11-05,蔚来市值超宝马 比亚迪直逼大众 A股产业链要嗨？,证券时报
2020-11-05,191家公司获机构调研（附名单）,证券时报网
2020-11-05,个股出逃龙虎榜统计,南方财经网
2020-11-04,汇川技术(300124)2020年三季报点评：进口替代加速 行业龙头优势凸显,新浪
2020-11-04,电力设备新能源行业周观点：纯电路线不动摇 政策护航新能源,广发证券
2020-11-04,工业：工业自动化会议纪要：看好周期复苏、智能制造催化、龙头份额提升,新浪
2020-11-04,500亿医药股罕见跌停 机构扎堆推荐的年报业绩暴增股曝光,新浪
2020-11-04,165股今日获机构买入评级,证券时报网
2020-11-04,103家公司获海外机构调研,证券时报网
2020-11-04,巨·热点 | 市场上下来回调整 六板块盘中受热炒！,巨丰财经
2020-11-04,东吴证券：电动车板块整体稳健增长 板块分化明显,新浪
2020-11-04,北上资金大买银行股 低估值板块要爆发？|焦点资讯,第一财经
2020-11-04,汇川技术涨停市值一日增长220亿 四大业务高速增长前三季净利翻倍,长江商报
2020-11-04,港股盘前必读：蚂蚁集团A+H股上市同步暂缓,Wind
2020-11-04,171家公司获机构调研（附名单）,证券时报网
2020-11-04,北向资金动向盘点：加仓金融股，家电净卖第一,Wind
2020-11-04,连续两日净买入60亿元！北向资金大幅加持银行券商（附股）,21世纪经济报道
2020-11-04,【东吴晨报1104】【策略】【行业】汽车、传媒、电新【个股】山煤国际、中青旅,东吴研究所
2020-11-04,【电新*曾朵红】9月海外电动车销量点评：欧洲大超预期，ID.3开始放量,东吴研究所
2020-11-04,【电新*曾朵红】深度：电动车行业20年三季报总结：Q3需求明显恢复，拐点明确，旺季来临,东吴研究所
2020-11-04,【电新*曾朵红】深度：工控&电力设备行业2020三季报总结——Q3加速增长，工控大超预期,东吴研究所
2020-11-04,最牛百亿级爆款基金收益率达85% 医药主题却黯然失色,中证网
2020-11-03,21测评丨31家券商11月金股出炉：首个交易日6只涨停，74只个股扎堆三大行业,21世纪经济报道
2020-11-03,豪掷近4亿元！打板中金公司 强悍游资占据买入榜第一,中证报
2020-11-03,深港通十大成交活跃股排名（11月3日）,Wind
2020-11-03,35股特大单净流入资金超1亿元,证券时报网
2020-11-03,45股主力资金净流入超亿元,证券时报网
2020-11-03,数据复盘| 36亿主力资金潜入非银金融行业 北向资金连续2日净流入,证券时报网
2020-11-03,北向资金净流入31.22亿元，净买入招商银行5.87亿元,上游新闻
2020-11-03,北上资金连续两日净买入60亿元，大买银行股，低估值公司要爆发？（名单）,21世纪经济报道
2020-11-03,北上资金净流入31.21亿 招行净买入5.87亿,新浪
2020-11-03,北向资金净流入31.21亿元，招商银行获净买入5.87亿元居首,Wind
2020-11-03,涨停板复盘：三大指数均涨超1% 题材概念表现活跃,新浪
2020-11-03,新能源汽车产业规划发布 推动产业链高质量发展,中国经济网
2020-11-03,年终排名战倒计时！前10月最牛基金收益超110%，还有一人独占3只“翻倍基”,中国财富网
2020-11-03,2020年中国新能源汽车行业市场现状及发展前景分析 政策+需求将带动产业链受益,前瞻研究院
2020-11-03,北向资金开始落袋为安？提前涨了1个月，新能源汽车产业规划发布，要不要上车吗？,证券时报网
2020-11-03,11月开门红 创业板涨1.98%,新浪
2020-11-03,15股受融资客青睐，净买入超亿元,证券时报网
2020-11-03,A股早报2020年11月3日星期二,Wind
2020-11-03,166家公司获机构调研（附名单）,证券时报网
2020-11-03,光伏业绩向好机构加仓 游资逐步远离次新炒作,财富动力网
2020-11-03,【民生证券研究院】晨会纪要20201103,MS研究
2020-11-03,注册制改革翻开发展新篇章,中国金融新闻网
2020-11-03,创业板11年：改革不停顿 创新浪潮涌,中证报
2020-11-03,创业板新的再融资制度服务实体给力 企业获得感更强,证券日报
2020-11-03,探底3209点大盘翻红操作上不宜盲目追高,重庆商报
2020-11-02,创业板新的再融资制度服务实体给力 企业获得感更强,证券日报
2020-11-02,刘格菘第二！年内四只翻倍基金，他竟独占其三,中证报
2020-11-02,【2日资金路线图】主力资金净流出226亿元 龙虎榜机构抢筹22股,证券时报网
2020-11-02,今年以来四只翻倍基金 百亿爆款基金最牛大赚84%,中证网
2020-11-02,“刘格菘第二”！今年以来四只翻倍基金，他竟独占其三,中证报
2020-11-02,改革后的创业板再融资制度让上市公司获得感得到加强,证券日报网
2020-11-02,【华安机械】汇川技术：业绩大超预期，高质量成长叠加变革红利释放——三季报业绩点评,机械倩影
2020-11-02,沪指震荡收涨，大消费板块再续强势,量化先行者
2020-11-02,资金流日报！两市共流入资金4081.65亿，流出资金4036.81亿,云掌财经
2020-11-02,机构现身33股，净买入韦尔股份17.26亿元、净卖出汇川技术2.37亿元,第一财经
2020-11-02,深股通现身11只个股龙虎榜,证券时报网
2020-11-02,涨停复盘 | 新能源汽车产业链全线爆发 江铃汽车4天3板,第一财经
2020-11-02,三季度提前布局年报预增股 冯柳、刘格菘、冯明远、傅鹏博剑指这些标的,红周刊
2020-11-02,62股每笔成交量增超50%,证券时报网
2020-11-02,创业板十一周年注册制改革落地： 首发、再融资、重组“多管齐下 ” 推动科技、资本和实体经济高水平循环,21世纪经济报道
2020-11-02,4股获营业部资金净买入超4000万元,证券时报网
2020-11-02,重磅文件《新能源汽车产业发展规划》发布 一个新的时代来了,新浪
2020-11-02,游资情报 | 沪股通、机构、庆春路合计31亿封板芯片龙头；“方新侠”打板工控自动化龙头！,每日经济新闻
2020-11-02,数据复盘|京东方A获资金青睐 机构抢筹19股,证券时报网
2020-11-02,数据复盘|京东方A获资金青睐 机构抢筹21股,证券时报网
2020-11-02,估值的艺术1：汇川技术,王红兵_量化团队
2020-11-02,11月迎开门红，创业板涨近2%，新能源、白酒领涨市场,港股那点事
2020-11-02,汇川技术、美的集团等股股价创历史新高,证券时报网
2020-11-02,11月2日龙虎榜，机构青睐这19股,证券时报网
2020-11-02,机构今日买入这22股，买入韦尔股份17.26亿元丨牛熊眼,第一财经
2020-11-02,203股今日获机构买入评级7股上涨空间超50%,证券时报网
2020-11-02,海外机构调研股名单广联达最受关注,证券时报网
2020-11-02,11月2日深市创业板活跃股公开信息,深交所
2020-11-02,龙虎榜：汇川技术放量涨停 两机构卖出3.16亿元,e公司
2020-11-02,汇川技术业绩大超预期今日涨停，机构借高出货,Wind
2020-11-02,涨停板解密：强势回归，三板块个股受资金大力追捧！（11月2日）,Wind
2020-11-02,涨停板复盘：大小指数分化显著 家电板块大爆发,新浪
2020-11-02,巨·热点｜市场调整节奏不改 六大板块受青睐！,巨丰财经
2020-11-02,A股收评：创业板指涨近2%汽车家电股大涨芯片概念午后走强,格隆汇
2020-11-02,新华500指数收盘报5030.98点 涨0.63%,新华网
2020-11-02,收评：沪指震荡微涨，创业板指涨近2%，大消费板块表现亮眼,证券时报网
2020-11-02,A股收盘综述：指数平静下个股大分化，上证指数微红报收、中金公司首日涨31%,Wind
2020-11-02,逆风：A股千亿市值行业龙头股一览！,新浪
2020-11-02,国产替代概念龙头浪潮信息跌超8%：板块集体重挫 发生了什么？ 连续下跌,新浪
2020-11-02,医药安评龙头跌停，新能源产业规划将出台，有哪些概念先起来,新浪
2020-11-02,两大板块早盘大幅度拉升,新浪
2020-11-02,新华500指数午盘报5022.18点 涨0.45%,新华网
2020-11-02,11月2日午盘两市净流入前20股(名单),金融界
2020-11-02,解盘：资金再度流入，光伏、充电桩、白酒、动力电池领涨,Wind
2020-11-02,午评：沪指早盘微跌，创业板指涨1.5%，新能源汽车光伏概念活跃,证券时报网
2020-11-02,业绩大超预期，汇川技术股价创下历史新高！,环球老虎财经
2020-11-02,A股异动：新能源汽车板块继续走强，汇川技术、江铃汽车涨停,英为财情
2020-11-02,公募投资风向标！抱团50强出炉 电子、医药生物和食品饮料行业股票数量居多,金融界
2020-11-02,新能源汽车持续拉升走强 胜蓝股份等多股涨停,中国经济网
2020-11-02,汇川技术三季报点评：业绩再次大超预期、工控和电控双王崛起,新兴产业汇
2020-11-02,汇川技术发布2020年三季度业绩报告,中自网
2020-11-02,快讯：光伏概念早盘拉升走强 汇川技术封涨停,新浪
2020-11-02,A股早评：三大指数高开电器仪表板块高开居前,格隆汇
2020-11-02,汇川技术涨超12%，公司业绩大超预期,Wind
2020-11-02,电力设备及新能源行业周报：光伏辅材涨价持续超预期 政策加码充换电建设运营,新浪
2020-11-02,【东吴晨报1102】【策略】【固收】【行业】银行【个股】农业银行、隆基股份、汇川技术、国电南瑞、中炬高新、中国软件,东吴研究所
2020-11-01,汇川技术：业绩大超预期，自动化、电动车业务双双高增长,电新产业研究
2020-11-01,创业板十一周年：改革行至水深处 注册制扬帆再起航,中国金融新闻网
2020-11-01,1.2万亿的大抱团，基金一半持仓都在这50股！医药“一哥”被踢出前10强，茅台抱团首次破千亿,证券时报
2020-11-01,11年后再出发，注册制开启创业板新纪元,第一财经
2020-10-31,创业板十一周年记：新兴产业聚集效应日益显著 注册制改革起航迎新起点,21世纪经济报道
2020-10-30,汇川技术：前三季度净利润同比增长131.93%,Wind
2020-10-30,汇川技术：2020年预计净利润同比增长90.0%~140.0%,Wind
2020-10-30,汇川技术(300124.SZ)2020年度净利润预增90%-140%,格隆汇
2020-10-30,汇川技术：第三季度净利同比增长192.49%,e公司
2020-10-30,汇川技术(300124.SZ)第三季度净利润升192.49%至7.24亿元,格隆汇
2020-10-30,138股本月创新高52股获北向资金抢筹,证券时报网
2020-10-30,【申港电新|周观点】2020三季报总结-风光景气上行 新能源车迎来拐点,新能源深度研究
2020-10-30,明星基金经理积极调仓 青睐白酒地产,金陵晚报
2020-10-30,10月30日利好及其影响个股,中财网
2020-10-30,汇川技术：北京市康达（广州）律师事务所关于公司第五期股权激励计划调整及首次授予相关事项的法律意见书,证券之星
2020-10-29,汇川技术(300124.SZ)授予限制性股票3265.6万股,智通财经
2020-10-29,汇川技术(300124.SZ)申请向特定对象发行股票获深交所受理,智通财经
2020-10-29,汇川技术：已为动力电池生产设备提供配套方案及产品,Wind
2020-10-29,20只创业板股最新筹码趋向集中7股筹码集中以来涨逾一成,证券时报
2020-10-29,【华泰策略|资金面】谁在买顺周期、低估值品种？——2020年主动偏股型公募基金三季报持仓分析,华泰策略研究
2020-10-29,电气设备行业月度报告（2020年10月）：合理利用小时数确定，光伏玻璃及硅料产能趋紧,财信证券研究
2020-10-29,解码7788份公募基金三季报：“吃药喝酒”仍为主流，明星基金经理持仓分化,Wind
2020-10-29,明星基金经理青睐白酒、地产等板块，港股持仓明显增加,Wind
2020-10-29,明星基金经理青睐白酒、地产等板块 港股持仓明显增加,证券时报
2020-10-29,解码7788份公募基金三季报： “吃药喝酒”仍为主流 明星基金经理持仓分化,21世纪经济报道
2020-10-28,吃药喝酒还是拥抱科技？傅鹏博、刘格菘、冯明远、张坤......明星基金经理三季报调仓路径曝光,21世纪经济报道
2020-10-28,新能源汽车行业专题报告：造车新势力的突围之道,新浪
2020-10-28,每日研报干货专享：关注科技题材盈利预期,巨丰财经
2020-10-28,仓位有升有降贵州茅台仍受青睐 高估值品种料承压,中证网
2020-10-28,电力设备行业动态跟踪报告：三季度工业自动化行业有哪些变化？,新浪
2020-10-28,重仓股曝光 金牛基金经理调仓“门道”明晰,中证报
2020-10-27,300亿爆款基金经理爱买哪些股票？三季报最新重仓曝光,理财不二牛
2020-10-27,明星基金经理最新持股大曝光！,中国基金报
2020-10-27,百亿级基金仍高仓位“吃药喝酒玩科技”,金融投资报
2020-10-27,重磅！明星基金经理刘彦春、归凯、黄兴亮、邹曦、刘辉最新持股大曝光！,中国基金报
2020-10-27,电力设备及新能源行业周报：全生命周期小时数补贴出台 六部委再议剥离国网制造装备业务,新浪
2020-10-26,电力设备新能源周观察：光伏玻璃价格持续上涨 电动车Q4延续高增长,新浪
2020-10-26,A股共发生104宗大宗交易成交23.07亿元（10月26日）,Wind
2020-10-26,股票仓位为92.35% 重仓立讯精密、迈瑞医疗等,中投网
2020-10-26,汇川技术现1笔大宗交易 共成交205.82万元,新浪
2020-10-26,汇川技术(300124)工控自动化龙头：产品线条持续扩张 业务多点开花,新浪
2020-10-26,汇川技术今日大宗交易成交3.30万股，成交价62.37元溢价0.0%,Wind
2020-10-26,股票仓位为98.62% 重仓宁德时代、东方财富等,中投网
2020-10-26,【太平洋机械】机械行业周报20201025：工程机械基本面强劲，继续重点推荐,太平洋机械大讲堂
2020-10-25,46股逆市创历史新高，10股获北向资金加仓,证券时报
2020-10-24,电气设备行业点评-LG化学20Q3点评：电池收入历史新高 拆分在即公布宏伟蓝图,新浪
2020-10-24,Wind风控日报2020年10月24日星期六,Wind
2020-10-23,A股头条之上市公司（10.24）,金融界
2020-10-23,汇川技术：未与特斯拉达成合作意向 未向特斯拉提供马达,上证报
2020-10-23,汇川技术：公司及子公司苏州汇川未与特斯拉达成合作意向,澎湃新闻
2020-10-23,汇川技术(300124.SZ)澄清：公司及苏州汇川联合动力系统未与特斯拉达成合作意向未向其提供马达,格隆汇
2020-10-23,汇川技术：未向特斯拉提供马达，亦未签署任何商务协议,Wind
2020-10-23,政策利好叠加制造业复苏：工业机器人或迎上升期 相关个股有这些,科创板日报
2020-10-23,2025年机器将替代8000多万工作岗位 2020中国工业机器人行业需求前景预测,中研网
2020-10-23,汇川技术回应Model 3国产马达传闻：未收到有关消息,Wind
2020-10-23,汇川技术回应Model3国产马达传闻：未收到有关消息,金十数据
2020-10-23,"电气设备行业点评：特斯拉20Q3财报业绩再超预期,盈利能力大幅提上,全年维持50万辆目标，维持“增持”评级",东吴证券
2020-10-22,新能源汽车行业点评：特斯拉多项经营指标创历史新高 开启稳定盈利新阶段,新浪
2020-10-22,70股今日获机构买入评级5股上涨空间超50%,证券时报网
2020-10-22,9只创业板股股东户数下降,证券时报网
2020-10-22,我国新能源汽车产业发展成效显著，这些产业链公司值得关注,第一财经
2020-10-22,创业板最新筹码集中股名单出炉,证券时报
2020-10-22,汇川技术(300124)：工控巨头 新起点再次腾飞,华安证券
2020-10-21,125家公司公布最新股东户数,证券时报网
2020-10-21,【申港电新|周观点】电动车销量超预期 高景气延续2021,新能源深度研究
2020-10-21,创业板畅想曲：前世、今生、未来,养基司令
2020-10-21,新能源汽车行业周报：9月国产新能源乘用车上险增长超2倍,新浪
2020-10-20,汇川技术(300124.SZ)：取得72项专利证书和2项软件著作权证书,格隆汇
2020-10-20,25只股股价创历史新高,证券时报网
2020-10-19,电力设备及新能源行业周报：看好受益“两新一重”标的 风电迎预期改善,新浪
2020-10-19,【电新*曾朵红】9月装机电量点评：装机量同环比大增，铁锂占比提升,东吴研究所
2020-10-19,细分行业龙头大盘点 13股业绩有望高增长,证券时报
2020-10-18,电气设备行业周报：如何看待9月国内产销超预期,新浪
2020-10-17,12股获机构密集调研，迈瑞医疗被“踏破门槛”,Wind
2020-10-17,全名单重磅来袭！这些都是细分行业龙头股,中国基金报
2020-10-17,91股入选A股细分行业龙头 13股业绩有望持续高增长(名单),新浪
2020-10-17,细分行业龙头全名单！千家机构调研，医疗器械界“茅台”受追捧，14股获机构抱团,证券时报网
2020-10-17,中公教育：复考助力业绩释放,财富动力网
2020-10-16,高端装备行业10月报：电动车行业9月产销两旺，但今年累计同比仍未转正,广证恒生新三板研究极客
2020-10-16,AI创未来，2020吴中高新区人工智能产业峰会圆满结束,亿欧网
2020-10-16,电力设备新能源行业2020年三季报业绩前瞻：新能源发电业绩高增，新能车反转趋势确立,格隆汇
2020-10-15,2020工业互联赋能新基建高峰论坛在苏州举行,证券时报网
2020-10-15,受周其仁肯定的柔宇科技有多大的市场潜力,砍柴网
2020-10-15,2020年中国新能源专用车行业市场现状及竞争格局分析 市场需求持续下降,前瞻研究院
2020-10-15,东吴证券：新能源汽车向上趋势持续 推荐宁德时代等,证券时报网
2020-10-14,电气设备行业9月销量点评 新能源汽车向上趋势持续 爆款车型表现亮眼,新浪
2020-10-14,考虑了良久，为何定投选择了科技50策略指数？,养基司令
2020-10-14,电力电气设备-工业自动化跟踪：行业稳步复苏 进口替代持续,新浪
2020-10-13,芯片巨头大跌18%，牛市旗手熄火，7·1行情还有戏吗,中证报
2020-10-13,两大利空突袭！芯片巨头暴跌18%，67亿市值蒸发，“牛市旗手”熄火，“7·1”行情还有戏吗？,中证报
2020-10-12,一日暴涨6000亿！深圳板块爆发数字货币井喷，A股重磅政策不断史上第三次大牛市导火索点燃？,金融界
2020-10-12,深圳概念基金，两大类,基尔摩斯
2020-10-12,电力设备及新能源行业周报：国网展望“十四五”电网投资 塑造能源互联网产业链,新浪
2020-10-12,三季度外资大举减仓“大白马”，茅台中免被砸，发生了什么,中国基金报
2020-10-11,突然不香了？外资大举减仓A股大白马，茅台、中免被砸100亿，五粮液高达160亿,中国基金报
2020-10-11,外资大举减仓A股大白马：突然不香了？ 发生了什么？,中国基金报
2020-10-11,机械设备行业研究周报：IFR对未来三年工业机器人前瞻乐观 光伏+锂电仍为成长主线,新浪
2020-10-10,2020海博会聚合电子信息企业向海洋进军,凤凰网
2020-10-10,2020海博会：助推海洋高端装备自主创新,凤凰网
2020-10-10,预见2020：《2020年中国工业自动控制系统装置制造产业全景图谱》(附发展现状、竞争格局、发展前景),前瞻研究院
2020-10-09,【电新*曾朵红】9月电动车全面开花，多重利好叠加，布局正当时,东吴研究所
2020-10-08,【东吴电新】12月电动车销量点评：年末冲量，欧洲市场超预期,新兴产业汇
2020-10-08,【东吴电新】9月海外电动车销量点评：欧洲大超预期，ID.3开始放量,新兴产业汇
2020-10-08,【东吴电新】新能源车产业发展规划符合预期，长期托底电动车发展,新兴产业汇
2020-10-08,电力设备行业深度报告：20万元的特斯拉还有多远？,新浪
2020-10-07,电气设备行业销量点评：8月海外电动车销量点评：欧洲维持同比高增，ID.3开始交付，维持“增持”评级,东吴证券
2020-10-05,新能源汽车机构关注50强出炉！五菱宏光出“神车”，8月销量超过特斯拉,和讯
2020-10-05,小鹏汽车9月三大数据创历史新高机构展望新能源汽车产业链四季度行情,科创板日报
2020-10-05,新能源汽车机构关注50强出炉！汽车行业格局大变，产业链全曝光,腾讯网
2020-10-05,汽车行业格局大变，产业链全曝光！新能源汽车机构关注50强出炉,腾讯网
2020-10-05,打败特斯拉 五菱宏光出“神车” 汽车行业格局大变 产业链全曝光,金融界
2020-10-05,打败特斯拉：五菱宏光出“神车” 产业链全曝光（股）,新浪
2020-10-03,汇川技术300124:布局五大板块，公司利润步入快速提升阶段,搜狐
2020-09-29,【东吴电新】9月销量点评：新能源汽车向上趋势持续，爆款车型表现亮眼,新兴产业汇
2020-09-29,【东吴电新】9月电动车全面开花，多重利好叠加，布局正当时,新兴产业汇
2020-09-29,新能源汽车行业周报：特斯拉电池日召开，维持“强于大市”评级,平安证券
2020-09-29,电气设备行业：欧洲渗透率进一步提高 特斯拉强势恢复,财富动力网
2020-09-28,【建投中小盘】一周策略回顾与展望2020-09-28,中信建投中小市值
2020-09-28,立功科技回复问询函：构建工业智能物联生态系统 加速产业链整合 问询,证券日报
2020-09-28,【电新】电力设备与新能源行业9月第4周周报：特斯拉召开“电池日”，隆基通威合作再升级,中银证券研究
2020-09-27,中小盘增发并购双周报：市场回调 但新政以来定增胜率依旧超95％,新浪
2020-09-27,策略系列：一周策略回顾与展望,新浪
2020-09-27,电气设备新能源行业周报：中欧两国携手倡导绿色发展 光伏电动车双双利好,新浪
2020-09-27,电气设备行业研究：隆基通威加强硅料环节合作 特斯拉电池日召开,新浪
2020-09-25,工业机器人行业发展趋势 2020工业机器人行业未来投资前景及市场规模预测,中研网
2020-09-25,深视监管第三十一期丨拆解28份创业板年报“资优生”：新经济公司如何“言之有物”？,21世纪经济报道
2020-09-25,A股异动丨汇川技术(300124.SZ)涨约4% 拟定增募资21.3亿元加码智能制造,格隆汇
2020-09-25,8股获机构买入型评级 汇川技术关注度最高,证券时报网
2020-09-25,21股获券商买入评级，三诺生物目标涨幅达50.66%,Wind
2020-09-24,A股共发生141宗大宗交易成交34.76亿元（9月24日）,Wind
2020-09-24,汇川技术现1笔大宗交易 共成交972.00万元,新浪
2020-09-24,汇川技术今日大宗交易成交18万股，成交价54.0元溢价0.0%,Wind
2020-09-24,汇川技术(300124.SZ)第四期股权激励合计注销674.25万份股票期权,智通财经
2020-09-24,汇川技术(300124)：股权激励彰显信心 定增收购PLC股权、加码智能制造,新浪
2020-09-24,汇川控制完成8.22亿人民币战略投资融资,亿邦动力
2020-09-24,电气设备行业月度报告：十四五预期升温，产业链价格企稳，给予“领先大市”评级,财信证券
2020-09-24,汇川技术(300124)：股权激励聚人心 加速工业软件和数字化布局,国金证券股份有限公司
2020-09-24,预见2020：《2020年中国数控系统产业全景图谱》（附市场规模，企业格局，发展前景等）,前瞻研究院
2020-09-24,拟定增募资21.3亿元 汇川技术加码智能制造,上证报
2020-09-23,9月24日十大利好公告：爱建集团拟大额回购股份,中国证券网
2020-09-23,周四最新重磅公司新闻集锦(09月24日),证券之星
2020-09-23,汇川技术(300124.SZ)拟用定增募集资金8.22亿元收购汇川控制余下49%股权,智通财经
2020-09-23,A股头条之上市公司（9.24）,金融界
2020-09-23,汇川技术(300124.SZ)拟定向增发股票募集不超21.3亿元,智通财经
2020-09-23,汇川技术：拟定增募资不超21.3亿元,Wind
2020-09-23,汇川技术(300124.SZ)拟推不超6412.34万股股权激励计划,格隆汇
2020-09-23,汇川技术(300124.SZ)拟收购汇川控制剩余49%股权,格隆汇
2020-09-23,汇川技术(300124.SZ)拟定增募资不超21.3亿元用于收购汇川控制49%股权等等,格隆汇
2020-09-22,【太平洋机械】机械行业周报20200927：工程机械销售数据强劲，继续重点推荐行业龙头,太平洋机械大讲堂
2020-09-22,任泽平：中国新能源汽车发展报告,泽平宏观
2020-09-22,新能源汽车行业周报：宁德时代包揽先导智能定增,新浪
2020-09-22,14股获买入评级 最新:瑞联新材,中财网
2020-09-22,买买买不停！科创新源散热产品战略加速落地,上证报
2020-09-22,申通快递再获阿里巨量增持多股有望逆行情上涨,搜狐
2020-09-22,“鱼尾”行情，机会要从核心资产里找,阿尔法工场
2020-09-22,汇川技术：公司与“小米亦庄黑灯工厂”合作很少,Wind
2020-09-21,【曾朵红团队】光伏、电动车、工控三大成长主线，深度跟踪，全面看好！,新兴产业汇
2020-09-21,联想入选新基建China Built 股价涨逾10%,凤凰网
2020-09-21,联想入选新基建China Built 高管揭秘过去15年最大的变化,飞象网
2020-09-21,工博会机器人展 协作机器人、AMR等成为焦点,财富动力网
2020-09-20,电新行业周报：8月光伏新增装机同比增长 充电桩维持快速增长趋势,新浪
2020-09-20,电气设备行业周报：时代使命、大国担当 新能源宏图加码,新浪
2020-09-19,智能制造行业动态跟踪报告：工博会机器人展 协作机器人、AMR等成为焦点,新浪
2020-09-19,电气自动化设备行业：Q2中国市场强势复苏 海外疫情影响加剧,新浪
2020-09-18,筹码新动向：255股筹码趋向集中,证券时报网
2020-09-18,【东吴电新】9月装机电量点评：装机量同环比大增，铁锂占比提升,新兴产业汇
2020-09-18,电新行业趋势观察系列-2020工博会见闻：数字化更进一步 软件能力成为重点,新浪
2020-09-18,大数据揭秘：基金持股抱团呈现三大趋势,Wind
2020-09-17,20股最新筹码大幅集中，半数为创业板股,证券时报
2020-09-17,多领域结合，人工智能应用将会诞生很多优秀企业,经济观察报
2020-09-17,基金抱团百强股出炉，抱团趋势或将持续,第一财经
2020-09-17,汇川技术(300124.SZ)：实控人朱兴明质押1020万股 解押1706万股,格隆汇
2020-09-17,新能源汽车概念股近三日最受主力资金青睐,证券时报网
2020-09-17,管清友：双循环发展新格局有六个关键词,新浪
2020-09-17,8月装机电量点评：装机量同环比改善 客车市场回升明显,新浪
2020-09-16,最新 特斯拉大动作！关注新能源ETF产品！,识基荟
2020-09-16,特斯拉爆出大动作！极可能建全球最大超级充电桩，A股汽车巨头市值猛飙千亿，产业链最全名单来了,证券时报网
2020-09-16,风速丨天风研究核心推荐全景20200913,天风研究
2020-09-15,15股最新股东户数降逾一成,证券时报网
2020-09-15,管清友：新基建驱动下实现中国经济“换道超车”的投资机会,新浪
2020-09-15,新能源汽车行业周报：特斯拉的欧洲困局,新浪
2020-09-15,马云马化腾罕见联手 新能源车行业牛股扎堆,新浪
2020-09-15,电气设备行业周报：新能源车8月国内销量高增 十四五规划为新能源发展保驾护航,新浪
2020-09-14,汇川技术：7-8月累计收到政府补助5434.19万元,中证网
2020-09-14,汇川技术(300124.SZ)：7-8月累计获5434.19万元政府补助,格隆汇
2020-09-14,汇川技术17年发展成就“工控之王” 三年投22亿研发获321项发明专利,长江商报
2020-09-14,【华西通信】周专题：5G加速赋能工业领域，关注机器视觉、工业控制等关键环节,香农圆桌沙龙
2020-09-14,机械行业周报：海绵钛价格持续下行 关注钛合金领域投资机会,新浪
2020-09-14,A股300 余公司掘金超万亿新基建 半年营收2.65 万亿预收款同比增680 亿,长江商报
2020-09-14,5年内撬动11万亿元 新基建将赛道升维带来增量巨大机会,经济日报
2020-09-14,新基建带来巨大赛道升维增量机会,经济日报
2020-09-13,8月销量点评：产销持续向上 符合预期,新浪
2020-09-13,北向资金高比例持有股票名单,证券时报
2020-09-11,新乳业：重视低温奶赛道,股市动态分析
2020-09-11,天风证券：造车新势力的突围之道,新浪
2020-09-11,伟创电气收到现金与营收差距大 应收款高关联方屡输血,中国经济网
2020-09-10,汇川技术(300124.SZ)：全资子公司长春汇通通过高新技术企业再次认定,格隆汇
2020-09-10,长丝织造协会二届五次理事会暨产业发展论坛海安举行,中国纺织报
2020-09-09,双创行情速递——创业板50 vs科创50（2020.09.09）,魔都资产管理人
2020-09-09,【招商策略】新《固废法》实行，关注固废处理与可降解新材料——科技前沿及新产业观察周报（0908）,招商策略研究
2020-09-08,专访管清友：新基建打通双循环，China Built大有可为,第一财经
2020-09-08,造车新势力研究系列：资本开支对比,新浪
2020-09-08,95家上市公司信披考核垫底：欢瑞世纪、獐子岛等11家质量堪忧,中国经济网
2020-09-08,【电新】电新行业2020年中报综述：板块业绩平稳增长，新能源发电表现亮眼,中银证券研究
2020-09-07,电力设备新能源行业20年中报业绩回顾：工控及新能源发电景气度高 新能源车迎来向上拐点,新浪
2020-09-07,南兴股份：与“汇川技术”有日常业务合作,Wind
2020-09-07,【电新*曾朵红】深度：Q2明显恢复，工控高歌猛进,东吴研究所
2020-09-07,【东吴电新】工控&电力设备行业2020中报总结：Q2明显恢复，工控高歌猛进,新兴产业汇
2020-09-07,【东吴电新】7月海外电动车销量点评：欧洲大超预期，美国销量恢复,新兴产业汇
2020-09-06,【太平洋机械】机械行业周报20200905：机械板块估值优势明显，推荐细分景气行业,太平洋机械大讲堂
2020-09-06,电气设备行业周报：欧洲8月新能源车销量维持高增 国内核电实质性重启,新浪
2020-09-06,电气设备行业周报：欧洲新能源车销量高增 光伏玻璃需求持续向好,新浪
2020-09-06,【华创电新 | 周观点】“绿色发展”已成趋势，重视新能源车销售数据回暖,华创电新研究
2020-09-05,电新行业周报：光伏市场前景良好 电解液环节盈利有望修复,新浪
2020-09-04,电力设备及新能源行业2020年中报业绩总结：增长韧性凸显 格局加速优化,新浪
2020-09-04,电气自动化设备行业20年中报总结：疫情影响短期需求 下半年旺季来临,新浪
2020-09-04,A股中报季900只超预期个股名单,锦缎
2020-09-04,【东吴电新】周策略：电动车Q3拐点明确，光伏Q3业绩继续高增,新兴产业汇
2020-09-03,汇川技术(300124.SZ)：实控人朱兴明质押310万股及解质614.88万股,格隆汇
2020-09-03,1H20业绩回顾&下半年行业动态前瞻：工控篇,新浪
2020-09-03,创业板IPO家数募资额同比翻番,上证报
2020-09-03,创业板 IPO家数募资额同比翻番,上证报
2020-09-01,“爆款王”兴全合宜规模缩水近五成 吴圣涛等相继离开或凸显人才困局 规模大幅缩水,和讯
2020-09-01,艾比森蝉联德勤中国“2020中国卓越管理公司”,凤凰网
2020-09-01,汇川技术推出全新直驱电机产品,中自网
2020-09-01,收入锐减支出加大，深圳应对“最难财政年”|一财实地调研,第一财经
2020-09-01,电气设备行业周报：海外市场助力新能源车板块业绩 硅料价格有望趋稳,新浪
2020-09-01,思瑞浦（688536）：信号链模拟IC设计龙头 未来前景可期,证券时报网
2020-09-01,思瑞浦：信号链模拟IC设计龙头未来前景可期,证券时报
2020-08-31,[快讯]创业板指中报凸显创新创业企业活力,全景网
2020-08-31,【太平洋机械】机械行业周报20200829：产业链国产化叠加需求复苏，关注工业机器人投资机会,太平洋机械大讲堂
2020-08-31,创业板2020年半年报收官：经营态势扭转 二季度业绩环比大增147.37%,21世纪经济报道
2020-08-31,创业板指转跌，泰格医药、汇川技术均下挫超4%,Wind
2020-08-31,高合HiPhi X领衔 4款重磅新能源车型申报图曝光,腾讯网
2020-08-31,深市八成公司上半年实现盈利 二季度增长动能强劲,上证报
2020-08-31,深市八成公司上半年实现盈利 头部企业贡献六成净利,新浪
2020-08-31,深市公司上半年近八成盈利创业板动能强劲,证券时报
2020-08-31,深市公司上半年近八成实现盈利 创业板注册制首批18家公司营收、净利增幅均高于平均水平,证券日报
2020-08-29,逾百股本周股价创新高7股获机构净买入,证券时报
2020-08-29,贺宛男:股民应静下心来寻找价值慢牛,中财网
2020-08-29,10位明星基金经理“心水股”首次披露,中国基金报
2020-08-29,装备制造业半年报业绩喜人,Wind
2020-08-29,装备制造业半年报业绩喜人 细分龙头盈利倍增比比皆是,上证报
2020-08-28,63家公司获海外机构调研,证券时报网
2020-08-28,新基建创造新机遇，报告解析“China Built”十大代表企业,凤凰网
2020-08-28,创业板16股涨停，一指标达开板以来历史新高,Wind
2020-08-28,突发，最强“牛股”停牌核查！,中国基金报
2020-08-28,最强“牛股”停牌核查！千亿芯片股猛回调，业绩大增的龙头名单曝光,搜狐
2020-08-28,创业板16股涨停，一指标达开板以来历史新高！,Wind
2020-08-28,大基金加仓千亿芯片股！业绩大增的龙头名单曝光,证券时报
2020-08-27,公募权益类基金仓位连升两月，8月调研聚焦五行业,Wind
2020-08-27,报告称十家新基建代表企业组成“China Built”，去年总营收逾2万亿,砍柴网
2020-08-27,57家公司获海外机构调研,证券时报网
2020-08-27,小鹏IPO前夜美股新能源汽车股全线大涨A产业链股全面开花,格隆汇
2020-08-27,【申港电新|周观点】中报总结：风光业绩突出 新能源车跨过低点,新能源深度研究
2020-08-27,上市公司“淘金”新基建 10家核心企业脱颖而出,上证报
2020-08-26,管清友最新报告： 已上市新基建企业年营收12万亿，占全国GDP的13%,和讯
2020-08-26,51家公司获海外机构调研,证券时报网
2020-08-26,管清友：中国经济换道超车 新基建“China Built”崛起,中金在线
2020-08-25,【兴证张忆东团队】海外机构：关注充满增长机会的中国市场——A股美股行业动态跟踪,张忆东策略世界
2020-08-25,42只股股价创历史新高,证券时报网
2020-08-25,新能源汽车行业周报：蔚来与宁德时代携手推出BAAS业务,新浪
2020-08-25,1611公司公布半年报224家业绩增幅翻倍,证券时报网
2020-08-25,【电新】电力设备与新能源行业8月第4周周报：山煤国际设立合资公司，HJT产业化大幕开启,中银证券研究
2020-08-25,92家公司获机构调研（附名单）,证券时报网
2020-08-25,创业板中考成绩单曝光 盘点上半年最赚钱的10公司,财富动力网
2020-08-24,电力设备及新能源行业周报：光伏涨价不改需求 电网投资回暖,新浪
2020-08-24,汇川技术(300124)：业绩高增长 盈利能力持续提升,新浪
2020-08-24,46家公司获海外机构调研,证券时报网
2020-08-24,1296公司公布半年报187家业绩增幅翻倍,证券时报网
2020-08-24,电力设备新能源周观察：汽车执行器赛道优质 风电龙头中报高增,新浪
2020-08-24,超200家机构 调研德赛西威汇川技术,中国基金报
2020-08-23,最新报告盘点500家新基建企业，“China Built”十大企业崛起,猎云网
2020-08-23,2020年专用车零部件行业市场现状及竞争格局分析 磷酸铁锂占主导地位【组图】,前瞻研究院
2020-08-22,1275公司公布半年报184家业绩增幅翻倍,证券时报网
2020-08-21,A股共发生122宗大宗交易成交25.7亿元（8月21日）,Wind
2020-08-21,汇川技术今日大宗交易成交20万股，成交价55.32元溢价0.0%,Wind
2020-08-21,工信部放宽生产准入门槛 中国新能源汽车突围战打响,通信信息报
2020-08-21,【新丝路企业展播】热烈祝贺丝促会成员单位东南电梯榜上有名！,产业发展研究
2020-08-21,快讯：特斯拉概念板块涨幅超1% 宁波韵升率先涨停,证券日报
2020-08-21,IPO被否三年后 步科股份转板再战 IPO融资异常,北京商报
2020-08-20,步科股份迎上会大考 被否经历受关注,北京商报
2020-08-20,755亿主力资金近三日大量撤出中小创,证券时报网
2020-08-20,汇川技术是如何坐稳国内工控行业之王这把交椅的？,Ofweek
2020-08-20,十张图了解2020年我国新能源专用车行业市场规模及竞争格局 产销量下降明显 盈利能力下降,前瞻研究院
2020-08-20,新能源车主题VS传统汽车基金，有点纠结了？,养基司令
2020-08-20,【电新】汇川技术：工控业务快速增长，盈利能力连季提升,中银证券研究
2020-08-20,【早安新时代】晨会早读2020/08/20：今日关注科士达、汇川技术,新时代证券研究
2020-08-20,【兴业证券晨会聚焦0820】电子-深南电路中报点评；农业-温氏股份：养猪大量盈利养鸡承压；海外-思考乐教育走出大湾区能力逐步提升,兴证研究
2020-08-19,汇川技术：业绩再超预期，盈利能力持续提升【安信电新】,电新邓永康团队
2020-08-19,551亿主力资金近三日大量撤出中小创,证券时报网
2020-08-19,汇川技术(300124)：工控巨头 乘风而上,华安证券
2020-08-19,汇川技术(300124)：业绩贴预告上限 自动化行业下半年仍将景气,国金证券股份有限公司
2020-08-19,【面包财报】汇川技术：2020年上半年归母净利润7.74亿元，同比增长94.33%,面包财经
2020-08-19,【财报智读】汇川技术：2020年上半年归母净利润7.74亿元，同比增长94.33%,面包财经
2020-08-19,790公司公布半年报122家业绩增幅翻倍,证券时报网
2020-08-19,汇川技术(300124)：龙头逆势增长 组织变革成效已现,新浪
2020-08-19,股市的风浪又大起来了，是时候考虑这种能攻善守的基金经理了！,Bank资管
2020-08-19,31公司获得增持评级-更新中,中财网
2020-08-19,汇川技术(300124)2020年上半年业绩点评：业绩超预期 通用自动化业务高增长,创业板
2020-08-19,【国金晨讯】上调中国飞鹤、汇川技术盈利预测，持续推荐美诺华,国金证券研究所
2020-08-18,新能源汽车行业中期投资策略：高歌猛进，基本面与预期共振,新浪
2020-08-18,汇川技术(300124)：业绩超预期 国产替代加速,新浪
2020-08-18,机构强烈推荐20只个股-更新中,中财网
2020-08-18,汇川技术：中报业绩顶格预告上限，自动化行业复苏有望加快,电新产业研究
2020-08-18,【电新*曾朵红】7月销量点评：同比转正，Q3拐点确立,东吴研究所
2020-08-17,道达投资手记：央行发红包 沪指要创新高？,每日经济新闻
2020-08-17,机械行业研究：7月份机器人、叉车保持高增长 制造业投资继续向好,新浪
2020-08-17,汇川技术(300124.SZ)：子公司拟开展商品期货套期保值业务,格隆汇
2020-08-17,汇川技术：上半年净利同比增94% 新能源乘用车业务实现快速增长,e公司
2020-08-17,汇川技术(300124.SZ)：上半年净利升94.33%至7.74亿元,格隆汇
2020-08-17,汇川技术：上半年净利润同比增长94.33%,Wind
2020-08-17,机械行业周报：锂电龙头释放利好 设备景气度逐步抬升,新浪
2020-08-14,【东吴晨报0814】【固收】【行业】电新、医药【个股】广州酒家、中国联通、三花智控、鹏鼎控股,东吴研究所
2020-08-14,【电新*曾朵红】蔚来20Q2：盈利改善大超预期，现金流首次转正,东吴研究所
2020-08-13,海希通讯：深耕工业无线遥控行业，德国HBC+自主欧姆双轮驱动【安信诸海滨团队】,诸海滨新三板
2020-08-12,北向资金新动向：总金额接近2万亿,Wind
2020-08-12,北向资金动向曝光：8月11日这30只个股遭大甩卖，减持海通证券2.48亿，恒瑞医药、汇川技术、康泰生物等上榜（附名单） 减持股份,每日经济新闻
2020-08-11,“国产化”趋势下，国内主流MCU厂商实力如何？（附盘点）,国际电子商情
2020-08-11,新能车产业链不断向好 机构：看好龙头高成长、高确定性机会丨牛熊眼,第一财经
2020-08-11,电力设备行业：光伏产业链涨价持续 V字之后欧洲电车持续向好,新浪
2020-08-10,电气设备太平洋电力设备与新能源行业周报：欧洲7月新能源车销量爆表 光伏硅料三季度最为短缺行业研究,新浪
2020-08-10,汇川技术：在重卡电动化方面已有产品和业务布局 业务体量不大,中国证券网
2020-08-09,【东吴电新】7月销量点评：同比转正，Q3拐点确立,新兴产业汇
2020-08-09,电新行业周报：光伏有望迎抢装潮 欧洲新能源汽车销量将快速增长,新浪
2020-08-09,纳思达：通用和安全芯片走向前台，奔图打印机受益国产化替代,证券时报网
2020-08-09,【华创电新 | 周观点】涨价加速光伏新技术应用，关注新能源车销售改善,华创电新研究
2020-08-09,机械行业研究：未来2-3年制造业资本开支向上 带来自动化显著投资机会,新浪
2020-08-07,"汇川技术现1笔大宗交易 共成交2,058.80万元",新浪
2020-08-06,工业自动化跟踪：同比稳健、环比波动 进口替代持续,新浪
2020-08-06,深证信息发布创新龙头指数和深圳高新指数,新华网
2020-08-05,【东吴电新】海外动力电池20Q3详细点评：单季度收入历史新高，龙头盈利开始改善,新兴产业汇
2020-08-05,【东吴电新】海外动力电池20Q2详细点评：LG盈利逆势大增，下半年旺季来临,新兴产业汇
2020-08-05,【东吴电新】LG化学20Q3点评：电池收入历史新高，拆分在即公布宏伟蓝图,新兴产业汇
2020-08-05,【东吴电新】海外动力电池20Q4详细点评：全年lg及sk实现高增，产能扩张提速,新兴产业汇
2020-08-04,新能源汽车行业周报：二季度LG化学电池业务营收利润创新高,新浪
2020-08-04,思源电气创历史新高，北向资金减仓,证券时报网
2020-08-04,8月4日券商晨会研报汇编,证券日报
2020-08-04,国茂股份(603915)：受益产品升级与市场份额持续提升,新浪
2020-08-04,【电新*曾朵红】海外动力电池20Q2详细点评：LG盈利逆势大增，下半年旺季来临,东吴研究所
2020-08-03,"40周年红利预期+""直辖市""猜想 深圳本地股要飞了？(百股攻略)",新浪
2020-08-03,电车七月产销同比首次上升，低压电器提价显景气需求【安信电新周观察20200817】,电新邓永康团队
2020-07-31,北上资金连续4个月净买入，本月成交活跃股抢先看,证券时报网
2020-07-31,369股本月创新高133股获北向资金抢筹,证券时报网
2020-07-31,"汇川技术现1笔大宗交易 共成交2,761.35万元",新浪
2020-07-31,兴全合宜规模腰斩后渐稳 谢治宇加仓医药减持地产,新浪
2020-07-30,斯达半导(603290)：乘风破浪的国产IGBT龙头,华安证券
2020-07-30,主营产品业绩大幅下滑，协昌科技经营稳定性存疑 盈利能力下降,时代在线
2020-07-30,中泰证券：受益电动车销量带动 零部件赛道和优质标的或迎戴维斯双击,证券时报网
2020-07-29,电气设备行业深度报告：博世应对电动化变革的“十八般武艺”,新浪
2020-07-29,电气设备行业周报：量价齐升正当时 聚焦光伏景气周期开端,新浪
2020-07-29,工业自动化跟踪：2Q20行业结构复苏 企业成长分化,新浪
2020-07-29,加快建设第三代半导体材料创新平台，深圳龙华区出台十大举措,LED在线
2020-07-29,【每日晨报】0729丨石化丨20Q2公募基金持仓创新低，油价企稳+需求回升助力H2业绩改善,中国银河证券研究
2020-07-29,【行业动态】电新 2020.7丨基金Q2加仓新能源，电动车、光伏为主要方向,中国银河证券研究
2020-07-28,电力设备及新能源行业7月行业洞察报告：基金Q2加仓新能源 电动车、光伏为主要方向,新浪
2020-07-27,【东吴电新】八方股份20Q3点评：Q3增长超预期，产品结构改善,新兴产业汇
2020-07-27,北汽集团与国网电动汽车公司深化战略合作 关注相关个股,证券时报网
2020-07-27,【电新*曾朵红】基金Q2持仓：新能源汽车、光伏板块持仓明显提升,东吴研究所
2020-07-26,工控重磅深度！【东吴电新】春寒料峭处，百花齐放时——工控自动化行业深度报告,新兴产业汇
2020-07-26,电气设备新能源行业周报：光伏全产业链涨价 电动车众多新车上市,新浪
2020-07-26,电气设备行业周报：光伏行业进入高景气周期 特斯拉Q2业绩超预期,新浪
2020-07-26,重磅深度！【东吴电新】造车新势力深度：大浪淘沙沉者为金，风卷残云胜者为王,新兴产业汇
2020-07-26,【东吴电新】基金Q4持仓：新能源汽车持仓持续提升，光伏、工控略有下滑,新兴产业汇
2020-07-26,我国工业机器人持续高增长 持续关注相关上市公司,国元证券订阅号
2020-07-24,北上资金本周抢筹股名单,证券时报网
2020-07-24,深港通十大成交活跃股排名（7月24日）,Wind
2020-07-24,新能源汽车行业点评：特斯拉连续四个季度盈利 产品升级亮点频出,新浪
2020-07-24,2020年中国工业自动控制系统装置制造行业发展现状与前景分析 两千亿市场规模静开启,前瞻研究院
2020-07-24,头号研报：理想汽车赴美上市 新能源汽车再上风口,巨丰财经
2020-07-24,基金2Q20机械持仓分析：低配幅度扩大 看好低估值、增长快个股,新浪
2020-07-23,【东吴电新】特斯拉20Q3财报点评：业绩再超预期，盈利能力大幅提上，全年维持50万辆目标!,新兴产业汇
2020-07-23,汽车行业继续回暖，双林股份加速汽车“低成本”概念新布局,和讯
2020-07-23,电新行业周报：新能源车销量持续改善 光伏硅料价格继续上涨,新浪
2020-07-23,龙华区携手腾讯全力打造数字经济先行区,Wind
2020-07-22,汇川技术现2笔大宗交易均为折价成交,证券时报网
2020-07-22,314亿主力资金近三日大量撤出中小创,证券时报网
2020-07-22,"汇川技术现2笔大宗交易 共成交3,006.86万元",新浪
2020-07-21,[公司]汇川技术：实际控制人朱兴明解除质押约416万股 再质押280万股,全景网
2020-07-21,汇川技术(300124.SZ)：实控人朱兴明质押280万股解质415.8万股,格隆汇
2020-07-21,69只股股价创历史新高,证券时报网
2020-07-21,382亿主力资金近三日大量撤出中小创,证券时报网
2020-07-21,明星基金经理调仓换股！医药、科技持续受关注,中投网
2020-07-21,【东吴电新】周策略：光伏全产业链涨价，电动车众多新车上市,新兴产业汇
2020-07-21,新能源汽车行业周报：新能源汽车下乡 开辟农村市场,新浪
2020-07-21,7月21日券商晨会研报汇编,证券日报
2020-07-21,【电新*曾朵红】工控龙头乘风破浪，电力设备盈利改善——工控&电力设备行业2020年中期投资策略,东吴研究所
2020-07-21,拆解基金二季报：增持医药生物、电子行业个股,Wind
2020-07-21,刘格菘3只基金“抱团”1只股,金融投资报
2020-07-21,拆解基金二季报,21世纪经济报道
2020-07-21,刘格菘3只基金“抱团”隆基股份 傅鹏博、邬传雁重仓这些股,新浪
2020-07-20,汇川技术(300124.SZ)及子公司取得89项专利证书和1项软件著作权证书,格隆汇
2020-07-20,工控&电力设备行业2020年中期投资策略：工控龙头乘风破浪 电力设备盈利改善,新浪
2020-07-20,54只股股价创历史新高,证券时报网
2020-07-20,电力设备及新能源行业周报：央企光伏密集招开标 电网投资稳步修复,新浪
2020-07-20,明星基金经理最新持仓揭晓 二季度医药获增持,金融投资报
2020-07-20,嘉实泰和二季度增持计算机 小幅减持医药 减持股份,中证网
2020-07-20,嘉实新兴产业二季度规模增长5.61亿份,中证网
2020-07-19,【国金电新周观点】光伏景气复苏持续验证，电网投资加速回暖，新车加速上市助推下半年国内市场超预期,新兴产业观察者
2020-07-19,基金二季报出炉！五大知名基金经理最新重仓股来了,中国基金报
2020-07-19,电气设备行业周报：电动车热管理赛道清晰 光伏组件报价止跌回升,新浪
2020-07-17,2020年工控行业表现如何？14家企业发布上半年业绩预告,Ofweek
2020-07-17,A股连续三日回调大消费板块成抗跌股集中营,证券时报
2020-07-16,抗跌龙头股名单，仅46只！中报大超预期，机构扎堆上调目标价（附股）,证券时报网
2020-07-16,"汇川技术现1笔大宗交易 共成交2,999.70万元",新浪
2020-07-16,每周盈利预测报告,新浪
2020-07-16,融资客和北向资金齐加仓 汇川技术股价创新高,证券时报网
2020-07-16,汇川技术股价创新高，融资客抢先加仓,证券时报网
2020-07-16,汇川技术：厚积薄发加速超越 工控王牌扬帆起航,证券时报网
2020-07-15,23公司获得增持评级-更新中,中财网
2020-07-15,【NE数据】2020上半年电机电控TOP10：比亚迪下滑六成,第一电动网
2020-07-14,电梯企业中报业绩预告“冰火两重天”：远大智能亏0.5亿 康力电梯至少赚1.5亿,每日经济新闻
2020-07-14,汇川技术(300124.SZ)及子公司5-6月累计获得政府补助9234.8万元,格隆汇
2020-07-14,109只股股价创历史新高,证券时报网
2020-07-14,汇川技术：工业机器人业务今年增速较好 符合发展预期,中国证券网
2020-07-14,汇川技术持续走强，股价再创新高,证券时报网
2020-07-14,7月14日券商晨会研报汇编,证券日报
2020-07-13,上市电梯企业中期业绩预告相继“出炉” 为何“冰火两重天”？,每日经济新闻
2020-07-13,【电新*曾朵红】6月销量点评：环比明显恢复，Q3拐点将临,东吴研究所
2020-07-13,机械行业周报：挖机销量延续高增 继续关注工程机械板块投资机会,新浪
2020-07-13,20股预计上半年扭亏10股净利增幅有望超10倍,证券时报
2020-07-12,业绩向好个股中 这些股获机构上调目标价,第一财经
2020-07-12,7个月暴涨7倍 大牛股中报预增超25倍,新浪
2020-07-12,【国金电新周观点】光伏维持看双击，动力电池龙头逻辑持续加强，工控做多热情持续,新兴产业观察者
2020-07-12,电气设备行业周报：6月国内新能源车销量环比加速 关注风电中报行情,新浪
2020-07-12,速度与激情 追看风云起,南方财经网
2020-07-11,牛市最大考验来了！基金经理紧盯重仓股，最怕踩雷 重仓股票异动,中国基金报
2020-07-11,北上资金交易热情骤升滞涨科技股受捧,证券时报
2020-07-11,北上资金交易热情骤升 大幅增仓滞涨冷门科技股,证券时报
2020-07-10,调整不减“牛市氛围” 机构荐股“准确率”稳增 、锁定股曝光,红周刊
2020-07-10,6月装机电量点评：环比明显向好 蓄势待发,新浪
2020-07-10,154只股股价创历史新高,证券时报网
2020-07-10,62股今日获机构买入评级12股上涨空间超20%,证券时报网
2020-07-10,汇川技术业绩预告点评：销售结构变化、降本增效 公司整体盈利能力提升,发布易
2020-07-10,中报业绩浪袭来，龙头股本月已涨70%，关注这些高景气板块,证券时报网
2020-07-10,创业板注册制迎“新同学”，山东大学校企亮相！这7家公司即将首发上会,证券时报网
2020-07-10,创业板试点注册制IPO受理企业达261家,证券时报
2020-07-09,汇川技术（300124）：业绩大超预期，自动化业务收入增长、盈利能力迎来双击,电新产业研究
2020-07-09,汇川技术(300124)：下游需求回暖 业绩超市场预期,创业板
2020-07-09,47股每笔成交量增超50%,证券时报网
2020-07-09,185只股股价创历史新高,证券时报网
2020-07-09,69股今日获机构买入评级11股上涨空间超20%,证券时报网
2020-07-09,汇川技术(300124)：工控业务增长大超预期 盈利能力显著改善,新浪
2020-07-09,汇川技术营业收入10年增23倍 实施三期股权激励董监高全员持股,长江商报
2020-07-09,56股获券商买入评级，震安科技目标涨幅达86.83%,Wind
2020-07-09,科创板早报|Q2华为手机出货量或超三星6月特斯拉在纯电动市场销量份额23%,科创板日报
2020-07-09,中信建投：机械行业围绕五大趋势 掘金长线机会（附股）,证券时报网
2020-07-08,机械行业2020年中期投资策略：围绕五大趋势 掘金长线机会,新浪
2020-07-08,31股每笔成交量增超50%,证券时报网
2020-07-08,汇川技术(300124.SZ)年报推10派1.8元股权登记日7月14日,格隆汇
2020-07-08,7月8日复盘：强势市场该如何布局 主力资金出击7股,新浪
2020-07-08,178只股涨停最大封单资金7.77亿元,证券时报网
2020-07-08,收评：沪指涨1.74%站上3400点 券商股再度爆发军工板块掀涨停潮,金融界
2020-07-08,87只股上午收盘涨停(附股),证券时报网
2020-07-08,解盘：超200亿资金流入，稀土永磁、军工、新材料领涨,Wind
2020-07-08,福斯特股价又创新高，今日涨2.37%,证券时报网
2020-07-08,【读财报】6月份重要股东增减持动态：医药生物公司频繁减持 房地产净增持金额居首 减持股份,面包财经
2020-07-08,汇川技术：新增合并主体贝思特，使净利润有较快增长,资本邦
2020-07-08,A股异动|汇川技术(300124.SZ)涨停料中期净利同比增长超70%,格隆汇
2020-07-08,8日公司新闻聚焦：大连港拟换股吸并营口港 暴风集团暂停上市,证券时报网
2020-07-08,7月8日利好及其影响个股,中财网
2020-07-08,这10家公司发布公告有看点 上半年业绩翻身股或继续飙涨,巨丰财经
2020-07-08,【读财报】6月份重要股东增减持动态：医药生物公司频繁减持房地产净增持金额居首 减持股份,新华网
2020-07-08,股海导航 7月8日沪深股市公告提示,新浪
2020-07-08,【中证盘前】国泰君安、华安证券遭股东减持；美国退出世卫组织，美三大股指下跌，特斯拉再创新高,中证报
2020-07-08,财经早报：机构预测6月CPI料小幅抬升 3新股今日申购,新浪
2020-07-08,A股头条：港股通北向单日成交额再创高峰，美股集体收跌 连续下跌,金融界
2020-07-07,【东吴电新】汇川技术三季报点评：业绩再次大超预期、工控和电控双王崛起,新兴产业汇
2020-07-07,【东吴电新】汇川技术业绩快报点评：快报符合预期，Q1增长提速,新兴产业汇
2020-07-07,晚间公告热点追踪：暴风集团、*ST康得股票暂停上市,新浪
2020-07-07,A股头条之上市公司（7.8）,金融界
2020-07-07,公告精选：暴风集团、*ST康得股票暂停上市；振德医疗预计上半年净利同比大增,e公司
2020-07-07,7日晚公告精选丨多家公司发布上半年业绩预告,21世纪经济报道
2020-07-07,汇川技术(300124.SZ)：预计上半年净利6.77-7.97亿元 同比增70%-100%,格隆汇
2020-07-07,汇川技术：预计上半年净利润同比增长70%至100%,Wind
2020-07-07,国盛电新王磊：新能源车、光伏成长加速，迎接长周期景气拐点,新浪
2020-07-07,美股特斯拉昨夜暴涨创新高，关注国产化供应链投资机会丨牛熊眼,第一财经
2020-07-06,电力设备及新能源行业周报：电网统采密集公示 光伏料迎盈利修复,新浪
2020-07-06,特斯拉电动皮卡在中国开启预订 2020年新能源驱动电机行业现状及市场前景规模预测,新浪
2020-07-06,【太平洋机械】机械行业周报20200704：工业机器人国产化加速，明星企业“扎堆”上市,太平洋机械大讲堂
2020-07-06,【朝闻国盛0706】下半年基建投资高增，幅度和结构如何？,国盛证券研究所
2020-07-06,三花智控的故事，通过历史关口的抉择看公司治理,阿尔法工场研究院
2020-07-06,【电新*曾朵红】电动车行业2020年中期投资策略：高歌猛进，基本面与预期共振,东吴研究所
2020-07-06,【行业雷达】梳理行业脉络，挖掘机会热点,华龙掘金
2020-07-05,【国金电新周观点】光伏优质龙头仍有上行空间，关注充电运营龙头,新兴产业观察者
2020-07-05,电气设备行业周报：多晶硅料价格开始反弹 欧洲6月新能源车销量恢复高增,新浪
2020-07-03,头号研报：新能源汽车龙头纷纷创新高 充电桩补涨可期,巨丰财经
2020-07-02,重磅！【东吴电新】电动车中期策略：高歌猛进，基本面与预期共振,新兴产业汇
2020-07-02,4年多回报135%，访嘉实归凯：好公司的“慢”变量比“快”变量更重要，今年更聚焦偏内需标的,嘉实基金
2020-07-02,新能源汽车主题基金：政策、需求双驱动，投资前景广阔 ——主题基金研究系列之八,ZTQuant
2020-07-02,电池与电气系统（五十二）：欧洲电动车市场再超预期，中国中游将迎来长周期增长,电新产业研究
2020-07-02,新能源汽车电机电控行业发展分析,汽车工信网
2020-07-02,【东吴电新】 电气设备行业点评：欧洲市场显著回暖，德法增长强劲,新兴产业汇
2020-07-01,汇川技术：实际控制人朱兴明解除质押约355万股及再质押约260万股,每日经济新闻
2020-07-01,汇川技术(300124.SZ)：实控人朱兴明质押260万股及解押355.32万股,格隆汇
2020-07-01,【东吴电新】周策略：6月电动车销量超预期，多晶硅价格开涨,新兴产业汇
2020-07-01,嘉实基金归凯：银行地产或估值反弹 今年聚焦偏内需标的,新浪
2020-07-01,特斯拉股价创新高 10年暴涨60倍！概念股名单来了,证券时报
2020-07-01,3万亿大产业再迎催化！中央发布工业互联网创新发展指导意见，产业链有望受关注,证券时报网
2020-07-01,美股尾盘拉升！特斯拉大涨，股价创历史新高，10年暴涨60倍！A股概念龙头股名单来了，北上资金最青睐股重仓163亿,证券时报
2020-06-30,上半年，81家投资机构的投资数量同比下降，最大跌幅达91.67%,猎云网
2020-06-30,早间公告2020年6月30日星期二,Wind
2020-06-30,汇川技术子公司拟投资建设厂房及配套设施,中国证券网
2020-06-30,晨会0630｜财富管理开放进行时,中信证券研究
2020-06-30,新能源汽车｜上通五打造电动低成本典范，供应链料将受益,中信证券研究
2020-06-30,汇川技术(300124.SZ)：江苏经纬拟斥2.5亿元投建厂房 满足集中生产研发等场地需要,格隆汇
2020-06-30,汇川技术(300124.SZ)：苏州汇川斥3.3亿元投建厂房 拟用于生产高性能电机等产品,格隆汇
2020-06-30,早间公告：楚江新材控股股东减持可转债；汇川技术子公司拟投建厂房,证券时报网
2020-06-29,电气设备新能源行业周报：光伏竞价项目超预期 特斯拉Q2销量超预期,新浪
2020-06-29,【华创电新|周观点】光伏竞价指标下发，“双积分”政策落地,华创电新研究
2020-06-29,车企巨头纷纷抱团取暖 拜腾烧光84亿造不出量产车 新能源电动汽车还有出路吗？,中研网
2020-06-29,6月29日券商晨会研报汇编,证券日报
2020-06-29,电力设备&工控行业2020中期策略：紧跟电网新基建增量 布局工控复苏渗透,广发证券
2020-06-28,【国金电新周观点】光伏3个积极边际变化继续推升板块，工业互联网落地提速,新兴产业观察者
2020-06-28,电主轴龙头，收购欧洲老牌数控系统厂商获新动能 ——昊志机电（300503）深度报告,新浪
2020-06-28,电气设备行业周报：光伏产业链价格映射需求景气 新能源车双积分修正案公布,新浪
2020-06-28,电新行业周报：光伏产品价格有望企稳 新能源车产业迈向高质量发展,新浪
2020-06-24,汇川技术所属的电气设备行业 今日整体涨幅为0.51%,中投网
2020-06-24,融资客和北向资金齐加仓 汇川技术股价创历史新高,证券时报网
2020-06-23,汇川技术：朱兴明持股比例降至5%以下,Wind
2020-06-23,汇川技术(300124.SZ)：朱兴明已通过大宗交易减持597.83万股 减持股份,格隆汇
2020-06-23,驱动电机系统是什么？2020新能源驱动电机行业现状及投资前景分析,中研网
2020-06-22,电力设备及新能源行业周报：电网投资修复超预期 加氢站标准征求意见,新浪
2020-06-22,A股共发生116宗大宗交易成交41.19亿元（6月22日）,Wind
2020-06-22,越努力越亏损，背影杀手信大捷安 亏损,财华社
2020-06-22,"汇川技术现8笔大宗交易 共成交19,345.78万元",新浪
2020-06-22,汇川技术今日大宗交易成交597.83万股，成交价32.36元折价8.85%,Wind
2020-06-22,A股旅客们，创业板牛号早班火车还能乘坐多久？,养基司令
2020-06-22,27股获券商买入评级 旺能环境目标涨幅达37.70%,Wind
2020-06-21,【国金电新周观点】梅耶博格转型组件制造，国网数字新基建提速，电车销售望加速回暖,新兴产业观察者
2020-06-19,25股今日获机构买入评级,中财网
2020-06-19,电气设备行业2020年下半年投资策略：风光尚好仍可期，新基建引领新成长，维持“谨慎选择”评级,东莞证券
2020-06-19,上海全面实施“工赋上海”三年行动计划 工业互联网概念股或将受关注,证券时报网
2020-06-18,汇川技术(300124)重大事项点评：中标深圳地铁牵引系统项目 工控及电动车业务快速增长,新浪
2020-06-17,超200公司股东户数“剧透”，视源股份等筹码集中、股价上升（附表）,红周刊
2020-06-17,重回2900点！多路资金上演“回马枪”，更有爆款基金频现身,Wind
2020-06-16,科技、工业板块机构关注度提升，成长驱动逻辑不变,Wind
2020-06-14,【国金电新周观点】光伏需求预期持续好转，工控、电车数据保持强势,新兴产业观察者
2020-06-14,【国盛电新|周报】5月新能源车销量继续回升，光伏组件出口环比上升9%,电新硬核研究
2020-06-13,【东吴电新】6月销量点评：环比明显恢复，Q3拐点将临,新兴产业汇
2020-06-12,【东吴电新】5月销量点评：整体温和恢复，特斯拉强势增长,新兴产业汇
2020-06-11,北向资金高比例持有股票名单,中财网
2020-06-11,6月11日券商晨会研报汇编,证券日报
2020-06-11,【电新*曾朵红】5月装机电量点评：总体平稳，特斯拉及新造车势力表现亮眼,东吴研究所
2020-06-10,注意！汇川技术：部分董事、高级管理人员减持计划完成，共计减持约14万股 拟减持股份,每日经济新闻
2020-06-10,汇川技术(300124.SZ)：2名董事及高管减持完毕 减持股份,格隆汇
2020-06-10,汇川技术(300124.SZ)：苏州汇川1820.18万元竞得苏州吴中经济开发区一宗工业用地,格隆汇
2020-06-10,汇川技术：两董事、高管累计减持14万股，完成减持计划 减持股份,Wind
2020-06-10,67股股东户数连续下降 （附股）,证券时报网
2020-06-10,新能源汽车行业周报：5月欧洲电动车注册量环比复苏明显,新浪
2020-06-09,A股明日风口：阿里云拟未来3年投两千亿攻坚核心技术,新浪
2020-06-09,33股今日获机构买入评级 7股上涨空间超20%,证券时报网
2020-06-09,67股筹码连续3期集中,证券时报网
2020-06-09,筹码连续集中股名单（附股）,证券时报网
2020-06-08,电气设备新能源行业周报：欧州电动车政策持续超预期 国内锂电中游排产逐步恢复,新浪
2020-06-08,北上资金净买入超200亿流入金额连续四周放大,证券时报
2020-06-07,研值担当，价值护航！第14届上市公司价值评选评委阵容亮相！申报系统开放,证券时报网
2020-06-07,【国金电新周观点】新能源平价时代保障机制初探，国网再次明确战略目标，德国电动车激励政策再加码,新兴产业观察者
2020-06-07,【华创电新｜周观点】光伏投资有望加速，“双积分”政策保障新能源汽车长期发展,华创电新研究
2020-06-07,【华创电新｜周观点】新能源汽车6月销量环比快速增长，光伏需求持续回暖,华创电新研究
2020-06-07,【华创电新｜周观点】光伏高景气周期开启，新能源车产销加速,华创电新研究
2020-06-05,汇川技术：部分高级管理人员减持计划完成，共计减持约8.62万股 拟减持股份,每日经济新闻
2020-06-05,本周逾千家机构扎堆调研计算机行业公司,中证网
2020-06-05,汇川技术(300124.SZ)：副总裁易高翔已减持8.62万股 减持股份,格隆汇
2020-06-05,汇川技术：易高翔合计减持0.0050%公司股份 减持股份,Wind
2020-06-05,最新股东户数揭秘：这62股股东户数连降三期,证券时报网
2020-06-05,6月5日券商晨会研报汇编,证券日报
2020-06-05,“空壳”代理商竟营利翻番，透支分红后中加特想上市圈钱|IPO研究院,和讯
2020-06-04,【东吴电新】5月装机电量点评：总体平稳，特斯拉及新造车势力表现亮眼,新兴产业汇
2020-06-04,电力电气设备：需求换挡 生产恢复 收入增长,新浪
2020-06-04,七大明星私募二季度合计调研144家公司,红周刊
2020-06-04,张磊、王亚伟等明星私募最新调研曝光 迈瑞医疗最高,红周刊
2020-06-04,2020年中国工业自动控制系统装置制造行业市场现状与发展前景分析 市场规模稳步增长,前瞻研究院
2020-06-04,险资权益投资强势归来 潜在标的“话你知”,投资快报
2020-06-04,20股遭重要股东大额减持（附股）,证券时报网
2020-06-04,6月4日券商晨会研报汇编,证券日报
2020-06-03,筹码新动向：148股筹码趋向集中,证券时报网
2020-06-03,34家公司获海外机构调研,证券时报网
2020-06-03,斯达半导全球第八国内唯一 摩根士丹利买入近7%,巨丰财经
2020-06-03,188股股东户数下降比例超5%超六成个股跑赢沪指,证券时报
2020-06-02,39家公司获海外机构调研,证券时报网
2020-06-02,国轩高科等多股获机构一致预测净利润增幅在100%以上,第一财经
2020-06-02,股东急抢货！动力电池龙头被大众看上，主力提前埋伏！最新筹码大幅集中股名单,证券时报网
2020-06-02,18股遭重要股东减持超亿元 减持股份,证券时报网
2020-06-02,公募基金最新关注行业浮现 5月调研偏爱科技及大消费,投资快报
2020-06-01,工业自动化策略：短期需求换挡 紧握进口替代+先进制造机遇,新浪
2020-06-01,减持！汇川技术：部分董事、高级管理人员减持公司股份约24万股 减持股份,每日经济新闻
2020-06-01,汇川技术(300124.SZ)：部分董事、高管已合计减持23.56万股 减持股份,格隆汇
2020-06-01,电气设备新能源行业周报：欧州电动车政策超预期 光伏扩产标准趋严,新浪
2020-06-01,机械行业周报：继续重视需求确定性 重点关注军用航空材料,新浪
2020-06-01,特斯拉CEO马斯克获首笔股票期权奖励 股票期权和绩效股区别,TechWeb
2020-06-01,【朝闻国盛0601】6月配置建议&金股推荐,国盛证券研究所
2020-05-31,百家机构调研股 身兼机器人、新能源汽车、工业互联等概念的科技龙头,金融界
2020-05-31,聪明资金连续10周扫货！这个概念被爆炒，外资重金杀入，有个股处“买爆”边缘,搜狐
2020-05-30,新能源汽车动力总成包括什么？2020新能源汽车动力总成行业前景及竞争规模分析,中研网
2020-05-30,油烟机电机制造工艺 2020油烟机电机行业发展现状及市场前景规模分析,中研网
2020-05-30,新能源汽车电机类型及应用场景分析 2020新能源驱动电机市场供求及投资前景分析,中研网
2020-05-30,世界最大纯电动飞机首飞 电动飞机技术难点 2020电机行业发展趋势及市场规模分析,搜狐
2020-05-30,伺服电机与步进电机的区别 2020伺服电机行业竞争格局及市场规模分析,中研网
2020-05-30,风力发电机叶片是什么材料？2020风力发电机叶片行业发展现状及前景趋势分析,中研网
2020-05-29,72股股东户数连续下降 （附股）,证券时报网
2020-05-29,12家公司获20家以上机构扎堆调研 汇川技术最受关注,证券时报网
2020-05-29,75家公司获机构调研（附名单）,证券时报网
2020-05-28,海外工控行业观察：Q1订单继续改善 疫情影响复苏节奏,新浪
2020-05-28,70股股东户数连降 筹码持续集中,中财网
2020-05-28,26家外资私募发行77只私募基金，调研聚焦三行业,Wind
2020-05-28,近日海外机构调研股名单,中证网
2020-05-28,103家公司获机构调研（附名单）,证券时报网
2020-05-28,【国金研究】注册制+新基建催化创大盘价值——招商创业板大盘ETF基金分析报告,国金证券
2020-05-27,最新股东户数揭秘：这69股股东户数连降三期,证券时报网
2020-05-27,【国盛电新|周报】电池片技术升级有望加速，大众拟入股江淮和国轩,电新硬核研究
2020-05-27,华安证券：新基建政策驱动 工业互联网规模望超万亿,新浪
2020-05-27,32家公司获20家以上机构扎堆调研 新产业最受关注,证券时报网
2020-05-27,119家公司获机构调研（附名单）,证券时报网
2020-05-27,深交所连预警：3股将被外资买爆 为何钟爱中国资产？,券商中国
2020-05-26,汇川技术：整合贝思特 拓展国际市场,中国财富网
2020-05-26,【建投策略-流动性观察】富时罗素扩容，外资小幅流入——5月第4周,中信建投
2020-05-26,64股股东户数连续下降 （附股）,证券时报网
2020-05-26,汇川技术：1-4月份分销结果有所改善，但短期效果还不明显,Wind
2020-05-25,电力设备及新能源行业周报：欧洲计划电动车政策 消纳扩容利好长期装机,新浪
2020-05-25,最新股东户数揭秘：这55股股东户数连降三期,证券时报网
2020-05-25,【国盛电新|周报】德国新能源车政策再加码，各省可再生能源消纳责任权重下发,电新硬核研究
2020-05-25,富时罗素纳A权重提至25%“聪明钱”看上哪些个股?,财富动力网
2020-05-25,财富早知道 | 美立法歧视中概股，中国证监会郑重回应,中国财富网
2020-05-24,【国金电新周观点】光伏新增消纳空间超预期，4月电网投资如期转正，欧盟电车刺激政策方向意义重大,新兴产业观察者
2020-05-24,外资逆势加仓近4亿！北上资金重点加仓38股(名单),网易
2020-05-24,北上资金连续七周加仓25股,格隆汇
2020-05-24,西部证券：建议关注内需拉动较大的工控个股,证券时报网
2020-05-23,349家公司持股筹码趋于集中 国内外机构二季度积极增持,红周刊
2020-05-22,“头盔概念股”退烧！市场监管总局发文严查头盔涨价,鲁网
2020-05-22,10股主力资金净流入超亿元,证券时报网
2020-05-22,最新股东户数揭秘：这47股股东户数连降三期,证券时报网
2020-05-21,唯一“认真”研究头盔的券商，新时代比中信、海通更“抢风头”,21世纪经济报道
2020-05-21,头号研报：利好刺激不断 新能源汽车销量剑指160万辆,巨丰财经
2020-05-21,解密主力资金出逃股 连续5日净流出558股,证券时报网
2020-05-21,谨防市场周期的切换,金融界
2020-05-21,17股主力资金净流入超亿元,证券时报网
2020-05-21,24股股东户数连降 筹码持续集中,证券时报网
2020-05-21,【东吴电新】大众拟入主国轩，车企坚定电动化，中国供应链崛起,新兴产业汇
2020-05-21,迦南智能IPO：多项财务指标弱于同行，募投项目消化能力存疑 项目问题,新浪
2020-05-21,网友调侃“爱他就送头盔！” 官方回应：暂时不罚电动车！ 多家头盔公司提示风险，“疯狂”的头盔能火多久？,每日经济新闻
2020-05-21,电力设备与新能源：疫情不改放量趋势 LG尤为亮眼,新浪
2020-05-21,新日股份：所售头盔均为外采 销售收入占比较小,投资快报
2020-05-21,东吴证券：疫情不改放量趋势 明年全球电动车将恢复高增长（附股）,证券时报网
2020-05-21,【电新*曾朵红】海外电池20Q1深度点评：疫情不改放量趋势，LG尤为亮眼,东吴研究所
2020-05-20,筹码新动向：162股筹码趋向集中,证券时报网
2020-05-20,解密主力资金出逃股 连续5日净流出545股,证券时报网
2020-05-20,电气设备行业资金流出榜：7股净流出资金超5000万元,证券时报网
2020-05-20,61股股东户数连续下降 （附股）,证券时报网
2020-05-20,基金坚定看好新能源汽车板块 借“基”上车该怎么选？,中投网
2020-05-20,龙头股宁德时代再度启动 能否带动创业板指再创新高？,中投网
2020-05-20,口罩神话再现？“一盔一带”落地 头盔价格飙升5倍,中新网
2020-05-20,王德伦:深化改革带来创业板的二次创业 体现产业结构转型前进方向,新浪
2020-05-20,王德伦：创业板迈入改革深水区 带来二次创业机遇,新浪
2020-05-20,特斯拉磷酸铁锂车型进目录 锂电池概念股集体躁动丨牛熊眼,第一财经
2020-05-20,头盔还能“疯狂”多久,山东商报
2020-05-20,头盔概念股走强 南京聚隆、国立科技、银禧科技涨停,金融界
2020-05-20,【东吴晨报0521】【策略】【固收】【行业】电新、计算机、通信【个股】爱奇艺,东吴研究所
2020-05-19,68只股股价创历史新高,证券时报网
2020-05-19,筹码新动向：160股筹码趋向集中,证券时报网
2020-05-18,头盔概念股走强，需求缺口将超过2亿个，头盔自动化产业爆发,证券时报网
2020-05-18,新增缺口超过2亿个，“一盔一带”新政即将实施，产业链个股有望受益,证券时报网
2020-05-18,最新筹码集中股来了！这只抗疫龙头股东数降近30%,网易
2020-05-18,最新筹码集中股来了！这只抗疫龙头股东数大降近30%（名单）,证券时报
2020-05-18,最新筹码集中股来了 抗疫龙头股东数降近30%(名单),新浪
2020-05-17,【新时代机械】类比口罩，关注头盔需求爆发带来的自动化投资机会【自动化周观点】,孟话机器人
2020-05-17,【国金电新周观点】光伏组件新品迭代加快，充电桩建设望提速，铁锂特斯拉上目录,新兴产业观察者
2020-05-17,【东吴电新】海外电池20Q1深度点评：疫情不改放量趋势，LG尤为亮眼,新兴产业汇
2020-05-15,电报|各路资金竞逐，4月至今7家上市公司抢投半导体标的,科创板日报
2020-05-15,中芯国际科创板IPO再掀半导体投融热：各路资金围猎 这8家上市公司“潜伏”,科创板日报
2020-05-15,中芯国际再掀半导体融资热：各路资金围猎 这7家上市公司“潜伏”,科创板日报
2020-05-14,14股最新股东户数降逾5%,证券时报网
2020-05-14,汇川技术大宗交易成交42.80万股 成交额1509.56万元,证券时报网
2020-05-14,A股共发生104宗大宗交易成交57.35亿元（5月14日）,Wind
2020-05-14,汇川技术：累计收到政府补贴4221.67万元,中证网
2020-05-14,汇川技术(300124.SZ)：3-4月获得政府补助4221.67万元,格隆汇
2020-05-14,"汇川技术现1笔大宗交易 共成交1,509.56万元",新浪
2020-05-14,汇川技术今日大宗交易成交42.80万股，成交价35.27元折价0.08%,Wind
2020-05-14,震荡向上不改看多预期！机构强推科技+消费,Wind
2020-05-14,【电新*曾朵红】电动车4月销量回暖，合资新势力表现突出,东吴研究所
2020-05-13,最新股东户数揭秘：这42股股东户数连降三期,中财网
2020-05-13,投资者要汇川技术为国争口气，董秘回应了！,Ofweek
2020-05-13,电力设备与新能源行业4月销量点评：电动车4月销量回暖 合资新势力表现突出,新浪
2020-05-13,6股最新股东户数降超5% 华西股份降幅最多,证券时报网
2020-05-12,"汇川技术现1笔大宗交易 共成交2,740.80万元",新浪
2020-05-12,汇川技术今日大宗交易成交80万股，成交价34.26元折价3.49%,Wind
2020-05-12,机械设备上市公司TOP100利润榜，“工控小华为”进前十,Ofweek
2020-05-12,10股股东户数连续减少3期以上 多伦科技已连续减少7期,证券时报
2020-05-11,电气设备行业月度报告（2020年4月）：内需边际复苏，外需预期改善，迎布局时点,微信
2020-05-11,【电新*曾朵红】4月装机3.60gwh，同比-33%，环比+30%,东吴研究所
2020-05-10,【太平洋机械】机械行业周报20200509：工业机器人及自动化订单回暖，行业复苏继续进行,太平洋机械大讲堂
2020-05-10,【国金电新周观点】硅片继续降价助推光伏降本，工控复苏持续超预期，燃料电池奖励政策征求意见,新兴产业观察者
2020-05-09,【东吴电新】4月海外销量点评：欧美阶段性受挫，德国瑞典逆势增长,新兴产业汇
2020-05-08,未来两个季度我国数字经济增速有望超同期,中国电子报
2020-05-08,144家公司获机构调研（附名单）,证券时报
2020-05-08,5月8日券商晨会研报汇编,证券日报
2020-05-08,70家公司获20家以上机构扎堆调研 分众传媒最受关注,证券时报网
2020-05-08,【东吴晨报0511】【固收】【行业】电新、非银、食品饮料、银行,东吴研究所
2020-05-07,汇川技术：一季度业绩高增长，自动化进口替代有望加速,电新产业研究
2020-05-07,55股股东户数连续下降（附股）,中财网
2020-05-07,华创证券：4月金股组合盈利6.94% 5月荐股名单出炉,新浪
2020-05-07,【东吴电新】工控&电力设备三季报总结：Q3加速增长，工控大超预期,新兴产业汇
2020-05-07,66家公司获20家以上机构扎堆调研 分众传媒最受关注,证券时报网
2020-05-07,4月份险企扎堆“云调研”，医药医疗股关注度高,制药网
2020-05-07,【电新*曾朵红】深度：电动车行业19年及20年一季度总结：行业集中度提升，中游龙头业绩逆市增长,东吴研究所
2020-05-07,4月险资调研上百家A股公司,中证报
2020-05-06,汇川技术：部分董事、高管拟合计减持不超37.2万股 减持股份,Wind
2020-05-06,汇川技术(300124.SZ)：4名董事、高管拟合计减持不超37.19万股 拟减持股份,格隆汇
2020-05-06,险资口味有变！调研行踪显示，这只创业板白马股最热门，医药医疗股关注度提升,中证报
2020-05-06,22股筹码连续3期集中,中财网
2020-05-06,汇川技术2019营收73.90亿，一季度业绩超预期,中自网
2020-05-06,海康威视、分众传媒、广联达等公司被多家机构扎堆调研,证券时报网
2020-05-06,广证恒生-市场要闻点评-第1267期-20200506,广证恒生策略研究
2020-05-06,节后如何布局？海外机构四月密集调研92股 这5只白马股被北上资金买买买,证券日报
2020-05-06,安信证券：电力设备新能源行业业绩亮眼 疫情之下底部已现,金融界
2020-05-06,机构调研重新活跃，分众传媒、汇川技术受关注,Wind
2020-05-06,机构调研重新活跃分众传媒、汇川技术受关注,证券时报
2020-05-06,光大电新 | 财报总结：格局影响业绩，龙头引领行业,EBSCN电新研究
2020-05-03,口罩机设备需求大增？这家公司获185家机构集中调研！,21世纪经济报道
2020-05-03,"【太平洋机械】机械行业点评：2020Q1基金超配机械行业,集中度继续提升",太平洋机械大讲堂
2020-04-30,108家机构调研鸿路钢构 保增长措施利于钢构发展,中国财富网
2020-04-30,多股股东户数连续下降 铂科新材、中航机电已连降7期,证券时报网
2020-04-30,汇川技术：一季报表现良好，龙头优势望持续显现,证券时报网
2020-04-30,睿投顾： A股五穷六绝魔咒将至？扩容压力不可轻视！,恒泰头派账户
2020-04-29,创业板、医药大幅增配——2020Q1基金持仓分析报告,魔都资产管理人
2020-04-29,市场深V迎创业板改革，未来资金会流向大科技龙头,红周刊
2020-04-28,国常会部署推进新基建 引导合力建设工业互联网,中证网
2020-04-28,因AI而生，“疫”不容辞--英特尔携手合作伙伴，以人工智能助力科技战疫,C114通信网
2020-04-28,“科技向善”不是空话 英特尔与合作伙伴在行动,中新网
2020-04-28,科技向善 看英特尔以及生态伙伴如何用AI战“疫”,Ofweek
2020-04-28,汇川技术(300124.SZ)：2019年净利降18.42%至9.52亿元 拟10派1.8元 盈利能力下降,格隆汇
2020-04-28,汇川技术(300124.SZ)：一季度净利升33.57%至1.72亿元,格隆汇
2020-04-28,多维度战“疫”，英特尔与合作伙伴功不可没,北国网
2020-04-28,4月28日早盘两市板块龙虎榜排名(名单),金融界
2020-04-28,券商首次关注7股并给予买入评级（4月28日）,Wind
2020-04-27,汇川技术：2019年净利润同比减少18.42% 盈利能力下降,Wind
2020-04-27,汇川技术：一季度净利润同比增长33.57%,Wind
2020-04-27,【电新】汇川技术：众水汇川，大道至简,天风研究
2020-04-26,【国金电新周观点】光伏内需快速回暖以内补外，电车新政促铁锂回潮，电网信息化明确为新基建方向,新兴产业观察者
2020-04-26,一季度基金重点加仓新基建股,财富动力网
2020-04-26,公募基金新基建重仓股曝光 600多只基金竟扎堆一股,每日经济新闻
2020-04-25,【东吴电新】基金Q2持仓深度：新能源汽车、光伏板块持仓明显提升,新兴产业汇
2020-04-25,最新股东户数揭秘：这49股股东户数连降三期,证券时报
2020-04-25,Q1公募347只新基建重仓股曝光 600多只基金竟扎堆一股,新浪
2020-04-24,（新能源）汽车板块再迎风口，主题基金如何挑选？,养基司令
2020-04-24,重磅！一季度公募基金347只“新基建”重仓股曝光！600多只基金竟扎堆一只票（附名单）,每日经济新闻
2020-04-24,巴菲特看中国股市：茅台后，这些股在3-5年有望成为10倍大牛,和讯
2020-04-24,说干就干，一季度基金重点加仓新基建个股名单来了！,证券时报网
2020-04-23,筹码新动向：116股筹码趋向集中,证券时报网
2020-04-23,最新股东户数揭秘：这41股股东户数连降三期,证券时报网
2020-04-23,毅达资本尤劲柏：绿色投资不仅有社会意义，也是一笔明智投资,21世纪经济报道
2020-04-23,28股股东户数持续下降筹码集中趋势明显,证券时报
2020-04-22,28股筹码连续3期集中,证券时报网
2020-04-22,嘉实泰和一季度股票仓位略有下降,中证网
2020-04-22,嘉实新兴产业一季度规模环比增长超一倍,中证网
2020-04-22,4月22日盘前速览 | 国常会再出重招！提高普惠金融考核力度，减轻小微企业房租负担,华福小福牛
2020-04-21,不温不火的步科股份拟上科创板 主要产品市场占有率不足5%,科创板日报
2020-04-21,【太平洋机械】工业自动化行业点评： 3月份工业机器人同比转正，医疗相关,太平洋机械大讲堂
2020-04-21,汇川技术澄清：没有对外发售任何期权产品,Wind
2020-04-21,数据中心领衔 新基建概念股表现活跃,中投网
2020-04-21,41只股北向资金持有流通盘的比例超10%,证券时报网
2020-04-21,发改委首次明确新基建范围 七大领域迎机遇（附核心标的）,证券时报网
2020-04-20,汇川技术(300124.SZ)及子公司取得50项专利证书和8项软件著作权证书,格隆汇
2020-04-17,3月驱动电机排行榜：比亚迪第一、特斯拉第二、北汽新能源第三,第一电动网
2020-04-17,狠砸200亿，北向资金连续3天抄底，外资正在大举买入哪些股？,证券时报网
2020-04-16,【东吴电新】4月装机3.60gwh，同比-33%，环比+30%,新兴产业汇
2020-04-16,股东户数降幅榜：8股最新股东户数降逾一成,证券时报网
2020-04-16,电动车消费回暖 机构看好全球一线供应链投资机会,中国财富网
2020-04-16,39只股北向资金持有流通盘的比例超10%,证券时报网
2020-04-15,6.52亿元资金今日流出电气设备股,证券时报网
2020-04-15,汇川技术：短期扰动不改长期趋势，看好龙头把握机遇,证券时报网
2020-04-15,【电新*曾朵红】3月装机2.76gwh，特斯拉带动外资电池放量,东吴研究所
2020-04-14,6股最新股东户数降逾一成,证券时报网
2020-04-14,电气设备行业今日净流入资金22.79亿元，6股净流入资金超亿元,证券时报网
2020-04-14,地量见地价，北向资金今日回归，A股能否就此迎来转机？,证券时报网
2020-04-14,逾50股一季度业绩超预期,证券时报
2020-04-13,机构评级榜：7股最受关注机构集体推荐,证券时报网
2020-04-13,上能电气：行业领先的电力电子设备制造商,证券市场周刊
2020-04-13,汇川技术最新筹码趋于集中,证券时报网
2020-04-13,东吴证券：3月电动车销量环比大幅回暖，同比降幅缩窄,证券时报网
2020-04-13,【电新*曾朵红】3月销量点评：销量环比大幅回暖，同比降幅缩窄,东吴研究所
2020-04-12,【国金电新周观点】宏微观同步迎接光伏平价，充电桩建设提速，电车3月产销反弹强劲,新兴产业观察者
2020-04-12,工控自动化行业：疫情不改复苏趋势 全年有望实现增长,南方财经网
2020-04-11,【东吴电新】4月销量点评：电动车4月销量回暖，合资新势力表现突出,新兴产业汇
2020-04-11,【一周研值】特别国债、流动性与4月市场如何看？疫情不改高端锂电铜箔长期确定性,国金证券研究所
2020-04-11,13股最新股东户数降逾一成,证券时报网
2020-04-10,汇川技术(300124.SZ)：第一大股东解除质押1400万股,格隆汇
2020-04-10,多家公司一季报预增 内生外延相得益彰,上证报
2020-04-10,汇川技术：一季度预计净利润同比增长30.0%~50.0%,Wind
2020-04-10,汇川技术(300124.SZ)一季度净利预增30%至50%,格隆汇
2020-04-10,斯达半导：销售回款降速，股市新兵能否抗住疫情冲击？,面包财经
2020-04-09,4月9日券商晨会研报汇编,证券日报
2020-04-08,行业月报：国网加码特高压投资，聚焦确定性内需,微信
2020-04-08,东吴证券：3月欧洲电动车逆势增长，英德销量大超预期,证券时报网
2020-04-08,【东吴电新】3月海外销量点评：欧洲市场两极分化，特斯拉超预期增长,新兴产业汇
2020-04-07,【东吴电新】汇川技术年报&一季报点评：Q1订单超预期，工控、电控驱动高增,新兴产业汇
2020-04-07,汇川技术(300124.SZ)：第一大股东解除质押220.0001万股,格隆汇
2020-04-06,新能源汽车：行业补贴迎重大利好，政策暖风频吹,新能源网
2020-04-05,重磅！【东吴电新】20年2Q投资策略：电动车反转可期，工控和光伏成长值期待,新兴产业汇
2020-04-05,【东吴电新】全球电动车销量点评：2月欧洲继续引领高增长，各大车企齐发力,新兴产业汇
2020-04-05,【东吴电新】行业点评：3月装机2.76gwh，特斯拉带动外资电池放量,新兴产业汇
2020-04-03,【东吴电新】电动车3月销量点评：销量环比大幅回暖，同比降幅缩窄,新兴产业汇
2020-04-03,8股股东户数骤降筹码大幅集中（附股）,证券时报
2020-04-03,重磅！【东吴电新】全球电动车政策梳理：补贴与考核双管齐下，全球电动化提速,新兴产业汇
2020-04-03,云天励飞获近 10 亿元人民币 Pre-IPO 轮融资,砍柴网
2020-04-03,GPLP投融资：云天励飞获近10亿元 小能科技获1.25亿元,GPLP犀牛财经
2020-04-03,27.10亿元主力资金今日撤离电气设备板块,证券时报网
2020-04-03,4月3日券商晨会研报汇编,证券日报
2020-04-03,【电新*曾朵红】动力电池海外专题5之三星SDI：消费与储能先行，动力仍为一梯队有力竞争者,东吴研究所
2020-04-02,科创板晚报|晶丰明源14日限售股解除第四范式完成C+轮融资估值约20亿美元,科创板日报
2020-04-02,东吴证券：三星SDI产能产量将迅速扩大，相关供应链龙头有望受益,证券时报网
2020-04-02,首发|悦芯科技完成千万级别A+轮融资，打造高端集成电路测试装备国之重器,投资界
2020-04-02,半导体测试设备公司“悦芯科技”获千万级A+轮融资,36氪
2020-04-02,如何寻找长期确定性品种，以应对短期的不确定？,养基司令
2020-04-02,申万、天风等十大券商4月金股出炉，避险+“新老”基建成主流,21世纪经济报道
2020-04-01,【东吴电新】重大事件点评：电动车政策落地略超预期，销量加速回暖，呵护电动车持续高增！建议加大龙头配置！,新兴产业汇
2020-04-01,3月外资持仓变动盘点：重仓股多数被卖，医药股普遍获青睐,证券时报
2020-04-01,政策“红包”来袭 汽车板块掀涨停潮！,中投网
2020-04-01,汇川技术最新股东户数下降6.56%筹码趋向集中,证券时报网
2020-04-01,4月1日券商晨会研报汇编,证券日报
2020-04-01,东吴证券：电动车补贴延至22年超预期 强烈推荐布局中游龙头,证券时报网
2020-03-31,六大创业板指数齐聚一堂，未来更看好谁？,养基司令
2020-03-31,科技独大 基金隐形重仓股掀起面纱,中证报
2020-03-30,汇川技术(300124.SZ)：第一大股东汇川投资质押3300万股,格隆汇
2020-03-30,基金“隐形”重仓股浮出水面！刘格菘等透露后市布局（附股）,中证报
2020-03-30,全球放水稳股市北上资金抄底纺织服装股,证券时报
2020-03-26,工程机械企业重点项目基地纷纷开工建设,我的钢铁
2020-03-25,【安信中小盘】雷赛智能、三友医疗申购-次新股资讯0325,AX中小盘研究
2020-03-25,新时代证券：疫情抑制短期需求，中长期利好自动化渗透率提升,证券时报网
2020-03-24,电气设备行业资金流出榜：13股净流出资金超5000万元,证券时报网
2020-03-24,工业互联网再成网红，如何抓住“牛鼻子”？,Wind
2020-03-23,【电新*曾朵红】电动车专题5：国内寒往春来，海外初露峥嵘——19年总结及20年预测,东吴研究所
2020-03-23,干货！工业互联网产业链全面梳理【含相关上市公司名单】,华西证券
2020-03-23,3月23日券商晨会研报汇编,证券日报
2020-03-23,【东吴电新】大众20Q1财报点评：疫情增加短期现金压力，电动化如期推进,新兴产业汇
2020-03-23,【东吴电新】大众19年财报点评：坚定电动化+数字化，20年开启电动新时代,新兴产业汇
2020-03-22,【太平洋机械】机械行业周报20200322：工业互联网和制造业大基金，有望成为自动化板块催化剂,太平洋机械大讲堂
2020-03-22,【国金电新周观点】光伏或再次以内补外，电力新基建确定性强,新兴产业观察者
2020-03-21,【安信中小盘】3.23-3.27新股申购一览,AX中小盘研究
2020-03-20,【研报掘金】疫情有望加速制造业机器人换人 国产化孕育大机遇,机电之家
2020-03-20,【东吴电新】宝马19年财报点评：总体平稳增长，电动化大幅加码,新兴产业汇
2020-03-20,紧急购入发明专利为达科创属性要求？高凯技术科创板IPO迈出新进展,资本邦
2020-03-20,【国金研究】注册制+新基建催化创大盘价值——招商创业板大盘ETF基金分析报告,国金证券研究所
2020-03-19,全面推动公共领域用车电动化 2025年汽车电动化占比25% 2020解禁新能源车限购,中国记协网
2020-03-19,37只股北向资金持有流通盘的比例超10%,证券时报网
2020-03-18,汇川技术(300124.SZ)旗下经纬轨道通过高新技术企业重新认定,格隆汇
2020-03-18,38只股北向资金持有流通盘的比例超10%,证券时报网
2020-03-16,【太平洋机械】工业自动化行业点评：制造业大基金重磅来袭，自动化行业迎实质性利好,太平洋机械大讲堂
2020-03-15,【国金电新周观点】光伏外需再评估，特高压投资可持续，铁锂趋势再加强,新兴产业观察者
2020-03-15,新基建拉动：电力设备价值重估,南方财经网
2020-03-13,汇川技术(300124.SZ)及子公司年初至2月底累计获得政府补助2828.69万元,格隆汇
2020-03-13,驱动电机：2月装机1.3万台，特斯拉升至第一，独占三成,第一电动网
2020-03-12,深度！【东吴电新】三星SDI：消费与储能先行，动力仍为一梯队有力竞争者（海外电动车专题5）,新兴产业汇
2020-03-12,A股开盘：三大股指均跌超1% 5G概念领跌,第一财经
2020-03-12,国盛证券：欧洲高增，中国回暖，新能源车产业拐点确立,证券时报网
2020-03-12,深度！【东吴电新】国内寒去春来，海外初露峥嵘——19年总结及20年预测（电动车专题5）,新兴产业汇
2020-03-11,40只股北向资金持有流通盘的比例超10%,证券时报网
2020-03-11,欧洲新能源车销量超预期 锂电池龙头企业有望受益,证券时报网
2020-03-11,东吴证券：政策和车型齐发力、欧洲电动车爆发,证券时报网
2020-03-11,【电新*曾朵红】欧洲电动化专题之二：政策和车型齐发力、欧洲电动车爆发,东吴研究所
2020-03-11,股东户数降幅榜：17股最新股东户数降逾一成,证券时报网
2020-03-10,【国盛电新|周报】商务部鼓励各地出台促新能源车消费措施，锡盟7GW风电项目用地获批---第13周观点,电新硬核研究
2020-03-10,中国新能源驱动电机市场供应格局分析及新能源驱动电机装机量分析,中研网
2020-03-10,41只股北向资金持有流通盘的比例超10%,证券时报网
2020-03-09,15股最新股东户数降逾一成,证券时报网
2020-03-09,23省市今年基建投资额仅7.45万亿元 2020各省基建投资项目清单 新基建市场发展前景分析,微博
2020-03-09,16万元 ！ 5套集中式逆变器3月15日将开拍,北极星电力
2020-03-09,从汇川到风场，一台风电驱动器的14段旅程,新能源网
2020-03-09,3月9日券商晨会研报汇编,证券日报
2020-03-09,【电新*曾朵红】2月装机0.60gwh，同比-73%，环比-74%,东吴研究所
2020-03-09,【电新*曾朵红】“新基建”新视角，电力设备价值重估,东吴研究所
2020-03-08,【国金电新周观点】光伏电价微调利需求释放，电气设备迎新基建东风，欧洲电车销售延续高增,新兴产业观察者
2020-03-08,【东吴电新】2月装机0.60gwh，同比-73%，环比-74%,新兴产业汇
2020-03-07,【东吴电新】“新基建”新视角，电力设备价值重估,新兴产业汇
2020-03-06,【东吴电新】全球电动车销量点评：1月欧洲电动化大超预期，PSA销量亮眼,新兴产业汇
2020-03-06,64股今日获机构买入评级,证券时报网
2020-03-06,【研报掘金】电网或承担逆周期调节责任 关注特高压等新基建方向,证券时报网
2020-03-06,A股三大股指低开！沪指跌1.03% 金融股开盘集体走弱,第一财经
2020-03-05,行业专题 | 疫情有望加速制造业机器人换人趋势，国产化孕育巨大机遇【天风机械】,先进制造观察
2020-03-05,107股今日获机构买入评级,证券时报网
2020-03-05,新基建又一分支异军突起 8000亿大蛋糕待分 这些公司需重点关注,证券时报
2020-03-05,83股获券商买入评级 姚记科技目标涨幅达99.57%,Wind
2020-03-05,3月4日有74家公司获重要股东增减持，延安必康已被连续减持156次,Wind
2020-03-04,3月3日有73家公司获重要股东增减持，延安必康已被连续减持156次 减持股份,Wind
2020-03-04,斯达半导连续20个一字板 湘财证券席位独霸龙虎榜,证券时报
2020-03-03,20个一字涨停！次新股斯达半导创28个月以来最长一字板纪录，一签暴赚11万，这家证券公司独霸龙虎榜！,e公司
2020-03-03,股东户数降幅榜：9股最新股东户数降逾一成,证券时报网
2020-03-03,近25万亿元重点项目投资计划出炉 机构对新基建领域看高一线（附股）,证券日报
2020-03-03,虚惊一场，创业板指大涨4%，屡屡大涨底气何在？龙头时代来了！,证券时报网
2020-03-03,汇川技术2019年收入73.94亿元,中自网
2020-03-03,震荡格局下市场风格切换 机构力荐电气设备行业,证券日报
2020-03-03,海外工控行业观察：Q4订单边际改善明显 半导体、电子、油气需求向好,东吴证券
2020-03-03,186股获券商买入评级，天康生物目标涨幅达77.28%,Wind
2020-03-03,汇川技术：利润略超预期 工控复苏势头明确,南方财经网
2020-03-02,筹码新动向：95股筹码趋向集中,证券时报网
2020-03-02,【公司深度】斯达半导：快速崛起的国内IGBT行业领军者,吉森电子研究
2020-03-02,【策略联合行业】库存回补带来哪些机会？,分析师徐彪
2020-03-02,中银证券：稳增长诉求之下，基建与电网投资有望抬头,证券时报网
2020-03-02,19公司获得推荐评级-更新中,中财网
2020-03-02,114股今日获机构买入评级17股上涨空间超20%,证券时报网
2020-03-02,【中银电新】特高压泛在多管齐下，电网投资有望发力,老成之见
2020-03-01,【国金电新】光伏需求再审视，电网投资负重任，电车趋势再加码,新兴产业观察者
2020-02-29,巨丰原创：泛科技行业重点公司介绍,巨丰财经
2020-02-28,速冻食品板块受疫情影响成为抢手货！工业自动化助力行业效能？,格隆汇
2020-02-28,汇川技术：2019年净利润同比减10.29%（业绩快报） 盈利能力下降,Wind
2020-02-28,汇川技术(300124.SZ)业绩快报：2019年净利降10.29%至10.47亿元 盈利能力下降,格隆汇
2020-02-28,42只股北向资金持有流通盘的比例超10%,证券时报网
2020-02-27,工业互联网四领域迎机遇,中证报
2020-02-26,国金证券：工业互联网的OT侧 建议关注三条主线,证券时报网
2020-02-26,广证恒生-市场要闻点评-第1252期-20200226,广证恒生策略研究
2020-02-25,【东吴电新】特斯拉20Q1点评：盈利超预期，后续催化剂众多，强烈推荐布局板块,新兴产业汇
2020-02-25,汇川技术(300124.SZ)子公司经纬轨道签署2.55亿元车辆牵引系统采购合同,格隆汇
2020-02-25,深圳科技指数近5年涨幅达135% 安信深圳科技主题指数基金业绩飘红,中金在线
2020-02-25,国金证券：建议从两条主线选择工控板块投资标的,证券时报网
2020-02-24,现在是投资新能源车行业的好时机吗？,中国基金报
2020-02-22,高管减持排行榜：13股减持额超亿元,证券时报网
2020-02-21,【电新*曾朵红】电力设备与系能源行业点评：1月装机2.32gwh，同比-53%，环比-76%,东吴研究所
2020-02-21,【电新*曾朵红】电气设备与新能源行业点评：德国电动车补贴正式落地，欧洲电动化加速,东吴研究所
2020-02-21,2月21日券商晨会研报汇编,证券日报
2020-02-20,【东吴电新】1 月装机 2.32gwh，同比-53%，环比-76%,新兴产业汇
2020-02-20,【东吴电新】德国电动车补贴正式落地，欧洲电动化加速,新兴产业汇
2020-02-20,宁德时代技术再获巨头认可 霸主地位全面锁定,东吴证券
2020-02-20,AI抗疫| 旷视、阿里、同盾等人工智能企业为疫情提供科技助力,金融界
2020-02-19,机器人切入防疫战场 机器人50指数逆市上扬,e公司
2020-02-19,暴走A股：A股最全科技主题ETF基金，我都整理好了！,金融界
2020-02-19,创业板强势最大推手浮现，76只基金狂买三大概念,证券时报网
2020-02-19,【东吴电新】特斯拉与宁德洽谈无钴方案，铁锂有望复苏,新兴产业汇
2020-02-19,机械行业：穿越机器人广阔赛道寻找明日之星！,天风证券
2020-02-19,创业板强势最大推手浮现 76只基金年内回报已超30% 狂买三大概念,证券时报网
2020-02-18,财闻点金：国常会要求抓好畜禽生产 养殖龙头竞争优势凸显,巨丰财经
2020-02-18,坐稳扶好！又有280亿外资要进场！如今北向资金也玩题材，10大创业板重仓股曝光（附名单）,每日经济新闻
2020-02-18,深交所发布五大科技指数 最受市场关注的核心行业现身！,每日经济新闻
2020-02-18,【电新*曾朵红】1月电动车销4.4万辆，同比降54.4%，基本符合预期,东吴研究所
2020-02-18,【东吴晨报0218】【行业】电新【个股】太极股份、锦浪科技、波司登、中际旭创,东吴研究所
2020-02-18,【东吴电新】1月电动车销4.4万辆，同比降54.4%，基本符合预期,新兴产业汇
2020-02-17,电新|周观点:光伏利好不断催化，氢能再迎春风,CITICS电新
2020-02-17,【电子-马良】斯达半导：国产IGBT龙头，新能源自主先驱,安信证券研究
2020-02-16,高管减持排行榜：10股减持额超亿元,证券时报网
2020-02-15,本周重点报告精选（2020.02.10—2020.02.14）,平安研究
2020-02-15,下一个卓胜微？闻泰科技？功率半导体IGBT深度介绍,巨丰财经
2020-02-14,川财证券：建议跟踪和布局智能化和互联网化“科技型”企业,证券时报网
2020-02-14,平安证券：预计2020年我国新能源汽车销量160-200万辆,证券时报网
2020-02-14,王祥：新能源车主题聚焦机构看好后市机会,中金在线
2020-02-14,新能源汽车产业链投资机会梳理：从锂钴到整车,平安证券
2020-02-14,2月14日券商晨会研报汇编,证券日报
2020-02-13,【汽车*黄细里】汽车零部件行业专题报告：三重要素共振，新一轮周期启航！,东吴研究所
2020-02-13,【东吴晨报0213】【行业】机械、汽车【个股】通威股份,东吴研究所
2020-02-13,2月12日有72家公司获重要股东增减持，延安必康已被连续减持155次,Wind
2020-02-12,电气设备新能源行业周报：碳排放压顶 欧洲新能源汽车单月数据暴增,兴业证券
2020-02-12,[麒麟研报]电气设备领涨 券商:看好新能源车和光伏,新浪
2020-02-12,44只股北向资金持有流通盘的比例超10%,证券时报网
2020-02-11,股票涨停潮 ETF提前结募 新能源汽车要火遍全年？,上证报
2020-02-11,昔日的大神创，又回来了！,证券时报网
2020-02-11,午评｜沪指2900点附近震荡 医药、口罩等板块大跌 连续下跌,上游新闻
2020-02-11,午评：沪指冲高回落涨0.33%收复2900点创业板指跌0.72%,金融界
2020-02-11,个股掀涨停潮，相关ETF提前结束募集，这一题材要火遍全年？,上证报
2020-02-11,华泰证券：技术周期的战略高地—工业互联网,金融界
2020-02-10,【东吴电新】基金Q1持仓深度：新能源汽车持仓企稳、光伏和风电持仓略降,新兴产业汇
2020-02-10,【申港电新】19Q4基金持仓分析：新能源车独领风骚,新能源深度研究
2020-02-10,高管减持排行榜：5股减持额超亿元,证券时报网
2020-02-10,【他山金石】“全民高科技”时代，为何我们推荐这家水表龙头？,搜狐
2020-02-10,【东吴电新】基金Q4持仓深度：新能源汽车持仓明显提升、光伏和风电持仓略降,新兴产业汇
2020-02-09,【国金电新周观点】光伏接棒电动车，高景气行业中的估值洼地，国家电网全力复工,新兴产业观察者
2020-02-07,汇川技术向湖北捐款700万元,北极星电力
2020-02-07,【电新*曾朵红】海外电池厂财报点评：Q4动力盈利全面好转，20年需求大年确定,东吴研究所
2020-02-07,43只股北向资金持有流通盘的比例超10%,证券时报网
2020-02-06,东吴证券：电动车海外销量超预期，国产Model3提产迅速，推荐赣锋锂业(01772)等,智通财经
2020-02-06,汽车行业深度报告：龙头依旧，新能源放眼长远,格隆汇
2020-02-06,【国金研究】斯达半导：脱颖而出的IGBT龙头,国金证券研究所
2020-02-06,周四机构一致看好的七大金股（02.06）,中金在线
2020-02-05,布局特斯拉概念，选择哪些基金？,养基司令
2020-02-03,银行理财子公司调研A股公司 “口味”各不相同,中投网
2020-02-03,汇川技术拐点将至，多项业务助力2020,国泰君安
2020-02-02,【国金电新周观点】电新整体受疫情影响较小，反弹优选电车光伏,新兴产业观察者
2020-02-01,动力电池与电气系统（四十二）特斯拉19年业绩超预期，2020年启动Model Y新品周期,电新产业研究
2020-02-01,详细！【东吴电新】特斯拉19Q4财报：销量业绩均超预期，ModelY交付提前至20Q1，明确引进CATL,新兴产业汇
2020-02-01,又一批深圳上市公司参与驰援武汉 捐款筹物共同支援抗击疫情,证券日报
2020-01-28,2019年中国工业机器人行业市场分析：伺服系统和控制系统技术难度相对较低,前瞻研究院
2020-01-23,【国盛电新|周报】特斯拉将合作CATL，“风光”建设政策开始征求意见,电新硬核研究
2020-01-21,电气设备行业：新能源汽车全年销量120.6万辆（可下载）,百度
2020-01-21,91股获券商买入评级 航天发展目标涨幅达70.53%,Wind
2020-01-20,汇川技术（300124）：业绩加速转好，未来长期可期,CITICS电新
2020-01-20,【东吴电新曾朵红团队】汇川技术：年报预告符合预期，工控触底好转、电控突破在即,新兴产业汇
2020-01-19,汇川技术：2019年年度业绩报告预告,深交所
2020-01-19,【国金电新周观点】组件龙头频破效率纪录，国网换帅不改发展趋势，铁锂热度持续提升,新兴产业观察者
2020-01-19,汇川技术：预计2019年净利润同比下降5%-25% 盈利能力下降,Wind
2020-01-19,汇川技术(300124.SZ)：2019年净利预降5%-25% 盈利能力下降,格隆汇
2020-01-18,【东吴电新】电动车销量点评：2019年总体略降，2020年预计高增,新兴产业汇
2020-01-18,巨丰原创：如何捕捉下一只翻倍黑马 星期六的暴涨有什么启发？,巨丰财经
2020-01-18,一周362只个股突破一年新高,中财网
2020-01-17,下周2980亿市值限售股解禁，环比增加715.5% 解禁,Wind
2020-01-17,汇川技术(300124.SZ)第一大股东解除质押1156万股,格隆汇
2020-01-17,187.92亿限售股下周解禁 环比提升近六成,中证网
2020-01-17,【电新*曾朵红】销量点评：2019年总体略降，2020年预计高增,东吴研究所
2020-01-16,提起人工智能只能想到北上深？40家江苏AI企业盘点,极客网
2020-01-15,解密主力资金出逃股连续5日净流出497股,证券时报网
2020-01-15,机器人有望迎来拐点 中长期国产化率提升,财富动力网
2020-01-15,【东吴晨报0117】【行业】电新【个股】欧派家居、中联重科、博迈科、晶盛机电,东吴研究所
2020-01-15,卧龙电驱（600580）：EV电机迎业绩爆发拐点，龙头价值仍被低估,CITICS电新
2020-01-15,高管减持排行榜：8股减持额超亿元,证券时报网
2020-01-14,外资巨头乐观展望2020年A股 对科技板块兴趣递增,每日经济新闻
2020-01-14,汇川技术(300124.SZ)：约1182.33万股限制性股票1月20日解禁 解禁,格隆汇
2020-01-14,解密主力资金出逃股连续5日净流出460股,证券时报网
2020-01-14,汇川技术(300124.SZ)及子公司2019年11-12月累计获得政府补助6112.48万元,格隆汇
2020-01-14,40只股北向资金持有流通盘的比例超10%,证券时报网
2020-01-13,今年A股还能涨多少？高盛、瑞银、花旗这些外资巨头的2020年A股策略都在这里了！,每日经济新闻
2020-01-13,210股遭高管减持套现43.19亿元,证券时报网
2020-01-13,解密主力资金出逃股连续5日净流出410股,证券时报网
2020-01-13,【东吴晨报0113】【策略】周评【行业】电新【个股】浙江永强、山鹰纸业、颐海国际、光威复材、开润股份,东吴研究所
2020-01-13,【电新*曾朵红】12月装机9.71gwh，同比-27%，环比+54%,东吴研究所
2020-01-12,【太平洋机械】机械行业点评：制造业资本开支正在重回增长，看好智能制造全年表现,太平洋机械大讲堂
2020-01-11,【东吴电新】12月装机9.71gwh，同比-27%，环比+54%,新兴产业汇
2020-01-11,【国金电新周观点】再论光伏新技术对龙头影响，电车迎政策强催化,新兴产业观察者
2020-01-11,【国盛电新|专题】新能源汽车十年政策回顾,电新硬核研究
2020-01-11,【安信中小盘】1.13-1.17新股申购一览,AX中小盘研究
2020-01-11,一周325只个股突破一年新高,中财网
2020-01-10,14公司获得推荐评级-更新中,中财网
2020-01-10,“跟李佳琦、薇娅有密切合作” 这家公司应声大涨,每日经济新闻
2020-01-10,东吴证券：特斯拉(TSLA.US)零部件2020年底或将100%国产化，看好产业链供应,智通财经
2020-01-09,重磅深度！【东吴电新】特斯拉国产新周期，电动化大未来——电动车专题4,新兴产业汇
2020-01-09,【国盛策略】全球估值比较：哪些周期核心资产被低估？,尧望后势
2020-01-09,2019年机构调研上市公司超6000次，苏宁易购位居热门榜前三,红周刊
2020-01-09,41只股北向资金持有流通盘的比例超10%,证券时报网
2020-01-09,近三个月险资密集调研197家A股公司,证券日报
2020-01-09,高管减持排行榜：7股减持额超亿元,证券时报网
2020-01-08,今日28只个股突破五日均线,证券时报网
2020-01-08,【国盛电新|周报】Model Y项目启动，爱旭发布210电池片产品---第2周周报,电新硬核研究
2020-01-08,30只股短线走稳站上五日均线,证券时报网
2020-01-08,动力电池与电气系统系列（四十）:Model Y中国项目启动，特斯拉发展将更具爆发力,电新产业研究
2020-01-07,汇川技术(300124.SZ)回购注销114.5万股限制性股票,格隆汇
2020-01-07,243股遭高管减持套现46.89亿元,证券时报网
2020-01-07,解密主力资金出逃股连续5日净流出267股,证券时报网
2020-01-07,智能制造专题之工业机器人（二）：伺服系统 控制系统门槛相对较低 本土品牌突破希望较大【组图】,前瞻研究院
2020-01-06,高管减持排行榜：10股减持额超亿元,证券时报网
2020-01-06,光大策略 李瑾 | 资金净流入365亿元，两融余额提升 —— 2019年第52周股市资金跟踪,超悦策略
2020-01-06,央行今年首次降准央行降准受益股有哪些?附2020年央行降准最新信息,中新网
2020-01-06,重磅会议本周将召开！一类概念股疯涨，产业链全解析（收藏）,证券时报网
2020-01-06,动力电池与电气系统（三十九）：特斯拉为代表的优质供给，拉开行业新一轮发展序幕,电新产业研究
2020-01-05,基金调研去了哪？最新年度数据来了（名单）,中国基金报
2020-01-04,一周213只个股突破一年新高,中财网
2020-01-04,2019年末筹码集中股出炉 31股股东户数降逾一成,证券时报
2020-01-03,高管减持排行榜：11股减持额超亿元,证券时报网
2020-01-03,外资颠覆A股 北向资金增持前100名平均涨近70% 这批公司仍滞涨,证券时报网
2020-01-03,北向资金又上课啦！先知先觉从何而来？大幅净买入哪些股票？,上证报
2020-01-03,有73家公司获重要股东增减持，延安必康已被连续减持153次,Wind
2020-01-02,2020年1月份券商月度金股出炉 5家券商推荐这家公司,证券日报
2020-01-02,北向资金又在给我们上课啦！先知先觉从何而来？大幅净买入哪些股票？还有什么新动向？,上证报
2019-12-31,2019年盘点：近1400家企业被调研，海康威视最受关注,格隆汇
2019-12-31,A股共发生123宗大宗交易成交21.39亿元（12月31日）,Wind
2019-12-31,股东户数降幅榜：11股最新股东户数降逾一成,证券时报网
2019-12-31,汇川技术今日大宗交易成交600万股，成交价28.84元折价5.87%,Wind
2019-12-31,动力电池与电气系统（三十八）:全国财政工作会议再提新能源车，财政支持有望加强,电新产业研究
2019-12-31,【朝闻国盛1231】周期核心资产：“低估值陷阱”有望解除,国盛证券研究所
2019-12-31,券商年内1.7万次“拜访”1206家上市公司“中小创”被重点关照,证券日报
2019-12-30,电新|周观点：海外电动化加速，电机电控迎边际改善,CITICS电新
2019-12-30,电力设备行业：海外工控巨头如何看2020年行业景气度,顶尖财经网
2019-12-30,国盛证券：低估值陷阱有望解除,国盛证券
2019-12-30,电气设备财政部表态超预期，再议动力电池库存周期,中泰证券
2019-12-29,【国金电新周观点】光伏价格望平稳，关注磷酸铁锂回暖和充电桩改善,新兴产业观察者
2019-12-27,股东户数降幅榜：9股最新股东户数降逾一成,证券时报网
2019-12-27,揭秘百家机构调研股，机构说这些还能涨60%+（名单）,中财网
2019-12-26,2019年金融机构调研图谱：融资融券概念股被调研4.7万次最火爆计算机软件行业独领风骚,证券日报
2019-12-26,8股最新股东户数降逾一成,证券时报网
2019-12-26,湘电风能助力贵州山区振兴,新能源网
2019-12-25,7股股东户数降逾一成筹码大幅集中股名单来了,证券时报
2019-12-25,【东吴机械陈显帆】周观点：12月制造业复苏有望强化，三桶油2020年资本开支有望持续高增速,透视先进制造
2019-12-25,中信证券：电机电控行业将迎来格局重塑和盈利修复机遇,证券时报网
2019-12-25,23股获券商买入评级 金地集团目标涨幅达52.17%,Wind
2019-12-25,电新｜新能源汽车电机电控：全球竞争，强者为王,中信证券研究
2019-12-24,沸腾了！2197亿！宁德时代成“创业板一哥”！,金融界
2019-12-24,42股今日获机构买入评级,证券时报网
2019-12-24,电新行业2020年度策略：全球电动化风起云涌，光伏异质结初露头角,格隆汇
2019-12-24,重磅深度！【东吴电新】宏发股份：高压直流全球龙头高成长、传统继电器拐点向上,新兴产业汇
2019-12-23,汇川技术最新股东户数下降7.90%筹码趋向集中,证券时报网
2019-12-23,解密主力资金出逃股连续5日净流出508股,证券时报网
2019-12-23,【科新先声】IPO观察：浩洋电子等4家过会，其中伺服行业雷赛智能值得重点追踪【安信诸海滨团队】,诸海滨科新先声
2019-12-23,电新|周观点：国网展望2020年投资，光伏政策加速落地,CITICS电新
2019-12-22,【国金电新周观点】光伏政策节奏符合预期，电网投资结构性方向明确，关注磷酸铁锂需求回暖,新兴产业观察者
2019-12-21,华测检测被爆买，还有这些股获北上资金大比例持有（附股）,证券时报网
2019-12-21,一周230只个股突破今年新高,中财网
2019-12-20,【东吴电新】10月欧洲电动车销量较好，德国尤为亮眼,新兴产业汇
2019-12-20,解密主力资金出逃股连续5日净流出338股,证券时报网
2019-12-20,【东吴晨报1220】【行业】电新,东吴研究所
2019-12-19,动力电池与电气系统系列（三十六）:美国电动化政策有望加码，全球电动化加速,电新产业研究
2019-12-19,IPO动态|四年前过会却未能上市，雷赛智能再冲A股能否圆梦？,财经网
2019-12-19,解密主力资金出逃股连续5日净流出274股,证券时报网
2019-12-19,37只股北向资金持有流通盘的比例超10%,证券时报网
2019-12-18,2019十大最受机构关注个股 海康威视列首位,财富动力网
2019-12-17,曾经IPO过会但批文“难产” 雷赛智能转战中小板,国际金融报
2019-12-17,电新|周观点：明年泛在建设大纲发布，充电行业迎边际改善,CITICS电新
2019-12-16,9只创业板50指数成份股股价创下年内新高,e公司
2019-12-16,创业板50指数狂飙48%，这些低估值创业板个股仍有望维持高增长（附名单）,e公司
2019-12-16,分拆上市大热！公募基金一手调研结果及上市公司分拆计划全曝光,21世纪经济报道
2019-12-16,汇川技术大幅拉升1.81% 股价创近2个月新高,金融界
2019-12-16,“分拆预期”概念受关注 下半年机构调研集中920家,证券日报
2019-12-14,一周151只个股突破今年新高,中财网
2019-12-13,39只股北向资金持有流通盘的比例超10%,证券时报网
2019-12-13,【东吴电新】11月电动车销量9.5万辆，同比下降43.7%，环比上升27.1% 盈利能力下降,新兴产业汇
2019-12-13,【电新*曾朵红】11月电动车销量9.5万辆，同比下降43.7%，环比上升27.1% 盈利能力下降,东吴研究所
2019-12-13,新能源汽车：强化长期信心 政策预期向好,财富动力网
2019-12-13,险资年内调研400家A股公司，“中小创”占七成电子软件板块最吃香,Wind
2019-12-12,受机构狂推的三大行业 表现却天差地别,金融界
2019-12-12,12月12日券商晨会研报汇编,证券日报
2019-12-11,【财经早餐】11月金融数据出炉,华龙掘金
2019-12-11,3D摄像头需求开始显现 VCSEL市场增长有望开启,证券时报网
2019-12-10,电新|周观点：新产业规划利好充电氢能，电网发文提质增效,CITICS电新
2019-12-10,【电新*曾朵红】全面放开外资电池企业点评：意料之中，龙头地位稳固,东吴研究所
2019-12-10,金融机构调研158家创业板公司超3000次,Wind
2019-12-10,金融机构调研158家创业板公司超3000次,证券日报
2019-12-09,【朝闻国盛1209】2020年政策的变与不变,国盛证券研究所
2019-12-09,【东吴电新】全面放开外资电池企业点评：意料之中，龙头地位稳固,新兴产业汇
2019-12-08,平安基金钱晶：以指数投资参与新能源汽车行情,中证网
2019-12-06,汇川技术大幅拉升0.62% 股价创近2个月新高,金融界
2019-12-06,动力电池与电气系统（三十五）中国新能源汽车长期发展规划出台,电新产业研究
2019-12-05,美的集团最接近外资“禁买线” 其后还有谁？,中国经济网
2019-12-05,汇川技术大幅拉升1.31% 股价创近2个月新高,金融界
2019-12-05,45股获券商买入评级，工业富联目标涨幅达72.21%,Wind
2019-12-04,太前瞻·太平洋大制造第12期电话会议纪要20191203,太平洋证券研究
2019-12-04,汇川技术：从变频器业务看汇川驱动技术实力,证券时报网
2019-12-02,汇川技术：工控自动化行业正在见底，公司订单开始回升,证券时报网
2019-11-30,23股股东户数大幅下降，这些股年报业绩大增（名单）,证券时报
2019-11-28,11月28日有63家公司获重要股东增减持 延安必康已被连续减持139次 减持股份,Wind
2019-11-28,捷昌驱动 | 全球线性驱动领导者，多场景爆发驱动业绩高速增长【方正新兴产业】,新兴产业研究中心
2019-11-28,华泰证券：2020年或为海内外电动车增速拐点元年,第一财经
2019-11-26,500亿资金收盘只流入214亿 最后三分钟发生了什么？,新浪
2019-11-25,揭秘近一年金融机构调研：富时概念被调研近5万次居首 计算机软件板块最吃香,证券日报
2019-11-25,10月以来获北上资金增持3500万股，汇川技术成色如何？,格隆汇
2019-11-25,动力电池与电气系统列（三十四）:德系车企电动化进程再加速，中国中游将显著受益,电新产业研究
2019-11-22,汇川技术：副总裁李瑞琳减持8.75万股 减持股份,Wind
2019-11-22,汇川技术(300124.SZ)：李瑞琳减持计划实施完成 已减持8.75万股 拟减持股份,格隆汇
2019-11-22,白马股调整 外资减持茅台 低价股集体狂飙 风格变天如何应对？ 减持股份,证券时报网
2019-11-22,汇川技术大幅拉升0.88% 股价创近2个月新高,金融界
2019-11-21,【汇川技术】大幅拉升1.18% 股价创近2个月新高,金融界
2019-11-19,2019电车产销略降，2020预计高增长 | 兴业电新 · 每周观察（朱玥、曾英捷）,兴业电新
2019-11-19,2.77%，创业板指创3个月最大单日涨幅！北上资金连续加仓行业龙头,证券时报网
2019-11-19,"汇川技术现1笔大宗交易 共成交5,847.40万元",新浪
2019-11-19,汇川技术今日大宗交易成交260万股，成交价22.49元折价12.9%,Wind
2019-11-18,斯达股份：应收账款莫名暴增难脱夸大业绩嫌疑 资产异常,中金在线
2019-11-17,对比海外市场，国内高空作业平台市场具有多少爆发力【天风机械周报19W47】,先进制造观察
2019-11-17,下周影响市场重要资讯前瞻,新浪
2019-11-16,近三月金融机构密集调研电子、计算机板块 富时概念被调研次数最多,证券日报
2019-11-15,科技板块早盘再度拉升走强 机构称科技股是未来最重要的投资主线,中投网
2019-11-15,私募10月报:十大策略平均收益均为正 调研热情复苏,格上理财
2019-11-15,【东吴晨报1115】【行业】电新【个股】腾讯控股、安踏体育,东吴研究所
2019-11-15,机构调研 “硬科技”吃香,中证报
2019-11-14,10月私募青睐计算机 较9月700次增长1倍,中投网
2019-11-14,【东吴电新】10月电动车销量7.5万辆，同比下降45.6%，环比下降5.9% 盈利能力下降,新兴产业汇
2019-11-14,定增周报（2019年第45周）：4家公司增发募资逾20亿,面包财经
2019-11-13,汇川技术：公司在自动化领域仍有百亿以上成长空间,--
2019-11-13,汇川技术(300124.SZ)第一大股东解除质押3800万股,格隆汇
2019-11-13,汇川技术(300124.SZ)及子公司9-10月累计获得政府补助7536.49万元,格隆汇
2019-11-13,13日创业板指涨0.62%,新华网
2019-11-13,四大科技指数“火拼”，你会get谁？,养基司令
2019-11-13,11月13日券商晨会研报汇编,证券日报
2019-11-13,【电新*曾朵红】10月装机4.07gwh，同比-31%，环比+3%,东吴研究所
2019-11-13,券商四季度以来“到访”5家科创板公司 公募私募等“踩点”杭可科技11次,证券日报
2019-11-13,【东吴电新】10月装机4.07gwh，同比-31%，环比+3%,新兴产业汇
2019-11-12,中金公司：四季度至明年工业控制行业有望逐步回暖,中证网
2019-11-09,股价看齐基本面 四季度预增股迎来高光时刻,金融投资报
2019-11-08,锐特信息携手东方国信，出席 2019年产业互联与数字经济大会，共创供应链数字化转型之路,中国物流与采购网
2019-11-07,机构频繁赶场得出一重要结论：科技消费两手抓,Wind
2019-11-07,MSCI本月纳A扩容 海外机构调研忙,财界网
2019-11-07,【电新*曾朵红】深度：海外车企电动化战略及车型梳理： 全球电动化浪潮将至，ToC端将迎来爆发,东吴研究所
2019-11-06,特斯拉国产化进程再加速，超级工厂今年底或将投产，供应链公司纷纷受益,腾讯网
2019-11-06,【电新*曾朵红】深度：动力电池海外专题二之 松下： 全球动力龙头寻求突破,东吴研究所
2019-11-06,多家大型险企发声：坚定看多不动摇 相信明年有牛市,上证报
2019-11-05,汇川技术(300124.SZ)：贝思特49%的股权过户手续已完成,格隆汇
2019-11-05,"""三年一个周期""近尾声 保险大咖喊话：明年有大牛市",上证报
2019-11-05,工控行业三季报总结：工控短期承压泛在、低压、电表相对亮眼,东吴证券
2019-11-05,【东吴电新】工控&电力设备19年报及20一季报总结：Q1总体承压，工控龙头表现优异、电网龙头稳健,新兴产业汇
2019-11-05,【东吴电新】电动车行业19年及20年一季度总结：行业集中度提升，中游龙头业绩逆市增长,新兴产业汇
2019-11-05,【东吴电新】电动车行业三季报总结：行业集中度提升，中游龙头业绩逆市增长,新兴产业汇
2019-11-05,【东吴电新】海外电池厂19Q3经营梳理：业绩分化，欧洲订单逐步落地 盈利能力下降,新兴产业汇
2019-11-05,【电新*曾朵红】海外电池厂19Q3经营梳理：业绩分化， 欧洲订单逐步落地 盈利能力下降,东吴研究所
2019-11-05,【电新*曾朵红】深度：电动车板块19年三季报总结： 电动车板块整体稳健增长，板块分化明显,东吴研究所
2019-11-04,【电新】2019年三季报综述:板块业绩有所下滑，盈利质量明显提升*强于大市 盈利能力下降,中银国际证券研究
2019-11-03,【国金电新】光伏玻璃结构性涨价反映需求转暖，关注锂电海外供应链放量和消费电子新爆款,新兴产业观察者
2019-11-03,机构调研热度升温，朱雀、凯丰等14家明星私募造访了这些公司,21世纪经济报道
2019-11-03,电气设备：大众ID.3国内亮相 中国制造MODEL3开放预订,中银国际
2019-11-02,封闭式基金偏爱制造业 13家上市公司获增持,巨丰财经
2019-11-02,海外机构调研股名单 广联达最受关注,证券时报
2019-11-02,305家公司前三季度研发费用占营收比超10% 117家研发投入超1亿元,证券日报
2019-11-01,10月机构调研热情回落，电子、化学行业高关注度延续,格隆汇
2019-11-01,电气设备：国家发改委深化燃煤发电上网电价形成机制改革 荐3股,渤海证券
2019-11-01,【朝闻国盛1031】解禁规模大幅下降，北上资金小幅流入,国盛证券研究所
2019-10-30,机构调研:伟星新材两跌停 汇川技术称新能源车毛利低,新浪
2019-10-30,创业板十周年：高新企业超九成 全面改革正当时,证券时报
2019-10-30,"十年诞生19只十倍股,最牛股暴涨36倍,创业板最有钱大佬身价700亿",证券时报
2019-10-30,19只十倍股在这里诞生！创业板十周年，累计研发投入3300亿,证券时报
2019-10-29,创业板十岁了明星企业掌门人来了 看看说了啥？,新浪
2019-10-29,【华泰电新黄斌团队】汇川技术：短期仍承压，底部布局优质成长,华泰电新价值研究
2019-10-29,创业板十周年“成果清单”亮眼！总市值约5.8万亿元，高新技术企业超九成！,央视
2019-10-29,汇川技术：业绩超预期，各项业务齐头并起【安信电新】,电新邓永康团队
2019-10-29,汇川技术（300124.SZ）：贝思特并表，毛利率和净利率连续5年下滑 盈利能力下降,格隆汇
2019-10-29,这种区块链标的还可以参与,金融界
2019-10-29,【电新*曾朵红】特斯拉19Q3财报点评： 业绩远超预期，上海工厂投产在即，国内供应链受益！,东吴研究所
2019-10-29,华创事件驱动早报10-29：通信行业盛会召开在即；ABB收购上海联桩新能源,华创证券研究
2019-10-28,汇川技术：前三季度净利同比下降18.65% 盈利能力下降,Wind
2019-10-28,汇川技术：前三季净利同比下滑19% 盈利能力下降,证券时报网
2019-10-28,A股头条之上市公司（10.28）,金融界
2019-10-28,汇川技术公布三季报 前三季净利减少18.65% 盈利能力下降,新浪
2019-10-28,汇川技术前三季度营收49.08亿元 同比上升24.61％,金融界
2019-10-28,汇川技术：前三季度净利润同比减18.65% 盈利能力下降,Wind
2019-10-22,专注自主研发国密安全芯片 信大捷安闯关科创板,中证报
2019-10-22,溢价31.18% 云内动力5.5亿拿下蓝海华腾控股权,每日经济新闻
2019-10-22,基石资本董事长张维：创业板要冲在资本市场改革最前沿,证券时报
2019-10-22,"电力设备与新能源行业周报:9月工控略有复苏,光伏旺季有所延后",东吴证券
2019-10-18,电气设备：新能源需求有所调整 荐9股,财信证券
2019-10-18,1股获买入评级 最新:汇川技术,中财网
2019-10-17,【电新】电力设备与新能源行业2019年三季报业绩前瞻:板块业绩分化较大，新能源发电表现亮眼*强于大市 盈利能力下降,中银国际证券研究
2019-10-16,【电新*曾朵红】9月电动车销8.0万，同比-34.2%，环比-6.5%,东吴研究所
2019-10-16,【电新*曾朵红】8月海外电动车销量6.87万辆，同比-2%，环比+9%,东吴研究所
2019-10-15,【东吴电新】电气设备与新能源行业点评：9月电动车销8.0万，同比-34.2%，环比-6.5%,新兴产业汇
2019-10-15,【东吴电新】电气设备与新能源行业点评：8月海外电动车销量6.87万辆，同比-2%，环比+9%,新兴产业汇
2019-10-15,深圳进入海博会时间，多家上市公司“秀肌肉”,Wind
2019-10-15,深圳进入海博会时间 多家上市公司“秀肌肉”,上证报
2019-10-14,汇川技术：预计前三季度净利润同比下降10%~25% 盈利能力下降,Wind
2019-10-14,【东吴晨报1014】【行业】环保、电新【个股】海底捞、杰瑞股份、韶能股份,东吴研究所
2019-10-14,【东吴晨报1016】【固收】【行业】传媒、电新、机械【个股】绿盟科技、宁德市代、深圳燃气、麦格米特、先导智能、天孚通信等,东吴研究所
2019-10-14,【东吴电新】行业点评：9月装机3.95gwh，同比-31%，环比+9%,新兴产业汇
2019-10-14,新能源汽车行业周报:新一轮新能源汽车补贴公示,平安证券
2019-10-14,"电力设备与新能源行业周报:电动车销售依然平淡,泛在加快推进",东吴证券
2019-10-14,"电气设备与新能源行业点评:9月装机3.95gwh,同比-31%,环比+9%(增持)",东吴证券
2019-10-13,工信部表态实施工业互联网战略 产业前景乐观,国元证券订阅号
2019-10-12,海外机构年内密集调研321家公司 六大行业成外资走访重点,证券日报
2019-10-11,【川财研究所*四季度展望】机械设备：积极跟踪和布局具有自主核心优势的智能化和互联网化科技型企业,川财研究
2019-10-10,推动深企高质发展 《中国上市公司报道》即将开播,中证网
2019-10-10,机械制造：积极跟踪和布局具有自主核心优势的智能化和互联网化科技型企业,川财证券
2019-10-09,市场情绪趋于理性，后市有待基本面验证,格隆汇
2019-10-09,10月9日沪深两市最新交易提示,上证报
2019-10-07,【国金电新周观点】煤电价改不改新能源大势，四季度电网投资望加速回暖,新兴产业观察者
2019-09-30,【电新】8月深度跟踪:新能源汽车销量环比微增，海外光伏持续景气*强于大市,中银国际证券研究
2019-09-30,[快讯]汇川技术发布质押公告一股东累计质押2646万股,中财网
2019-09-30,汇川技术(300124.SZ)第一大股东质押1400万股,格隆汇
2019-09-27,【电新】中电联发布2019年1-8月份电力工业运行简况——电力设备行业周报——看好（联系人：张冬明 滕飞）,渤海证券研究
2019-09-27,9月27日券商晨会研报汇编,证券日报
2019-09-27,这批股票获机构调高评级 7股上涨空间超30%（名单）,证券时报
2019-09-27,【电新*曾朵红】8月装机3.47gwh，同比-17%， 环比-26%，龙头三元环比回暖明显,东吴研究所
2019-09-26,汽车：海外光伏持续景气 荐25股,中银国际
2019-09-24,9月24日有89家公司获重要股东增减持 延安必康已被连续减持117次 减持股份,Wind
2019-09-23,工业综合：新能源汽车行业周报 海口1.2亿元充电桩基础设施项目开工建设,平安证券
2019-09-23,汇川技术：周期底部储备技术、优化管理 维持30元目标价,证券时报网
2019-09-20,[快讯]汇川技术发布解除质押公告一股东累计质押4956万股,中财网
2019-09-20,汇川技术(300124.SZ)：实控人朱兴明质押2646万股及解押2000万股,格隆汇
2019-09-20,A股共发生91宗大宗交易成交19.93亿元（9月20日）,Wind
2019-09-20,[快讯]9月20日大宗交易一览,中财网
2019-09-20,汇川技术(300124.SZ)：李瑞琳拟减持不超8.75万股 拟减持股份,格隆汇
2019-09-20,[快讯]汇川技术:关于部分高级管理人员减持股份的预披露 减持股份,中财网
2019-09-20,汇川技术：股东李瑞琳计划减持不超过8.75万股 减持股份,Wind
2019-09-20,汇川技术今日大宗交易成交139.13万股，成交价23.29元折价4.86%,Wind
2019-09-20,汽车：电动车产业链全景图电机电控篇 荐2股,平安证券
2019-09-19,17股获券商买入评级 传化智联目标涨幅达48.88%,Wind
2019-09-18,趋势研报：大盘短期回踩之后，有望迎来新一轮上涨,云掌财经
2019-09-18,"电力设备与新能源行业9月第3周周报:双积分再征意见,8月新能源汽车产销环比微增",证券之星
2019-09-17,"电力设备与新能源行业点评:8月电动车销8.5万辆,环比+6.4%,同比-15.8%,纯电乘用车明显回暖",东吴证券
2019-09-16,"【华泰电新黄斌团队】汇川技术(300124 SZ,买入): 强阿尔法工控龙头，驱动未来",华泰证券研究所
2019-09-15,继续看好科技类企业和传统行业龙头公司的投资机会【天风机械周报19W38】,先进制造观察
2019-09-15,【国金电新周观点】电池片价格反弹，关注泛在招标提速和消费电子电池,新兴产业观察者
2019-09-15,【东吴电新曾朵红团队】周策略：光伏中上游开始涨价，锂电龙头景气度提升,新兴产业汇
2019-09-13,联讯早餐荟——9月11日星期三,联讯金融
2019-09-12,汇川技术：7月1日-8月31日累计获得政府补助5010.85万元,Wind
2019-09-12,汇川技术(300124.SZ)及子公司7-8月累计获得政府补助5010.85万元,格隆汇
2019-09-12,盯盘:普邦股份等8股秒停,中财网
2019-09-11,汇川技术：电梯大配套实力进一步增强 强烈推荐评级,平安证券
2019-09-11,动力电池与电气系统（三十一）法兰克福车展开幕，海外车企电动化正在加速,电新产业研究
2019-09-11,11日公司新闻聚焦:会稽山收上交所问询函 万集科技中标1.14亿项目,证券时报网
2019-09-11,最新公告透露利好 12只个股有望爆发（09.11）,中金在线
2019-09-11,A股早报2019年9月11日星期三,Wind
2019-09-11,68家险企下半年以来扎堆调研140家上市公司380次—— 险企首次“踩点”4家科创板公司,证券日报
2019-09-10,A股头条之上市公司（9.11）,金融界
2019-09-10,汇川技术：重组事项获通过 11日起复牌,金融界
2019-09-10,汇川技术(300124.SZ)：重组事项获证监会无条件通过 明起复牌,格隆汇
2019-09-10,并购重组委2019年第39次会议审核结果公告,证监会
2019-09-10,重组申请获证监会有条件通过 长春高新将推进收购金赛药业29.5%股权,e公司
2019-09-10,证监会：汇川技术、长春高新重组过会,e公司
2019-09-10,证监会：长春高新、汇川技术并购重组事项均获通过,Wind
2019-09-10,10日公司新闻聚焦：恒锋工具获郑国基超比例举牌 大智慧提示风险,证券时报网
2019-09-10,【中证盘前】重磅！金融基础设施统筹监管箭在弦上；建生猪养殖场最高补助500万；唐人神8月生猪销售收入接近翻倍；大智慧等提示风险,中证报
2019-09-09,上市公司明日停复牌（9.10）,金融界
2019-09-09,A股头条之上市公司（9.10）,金融界
2019-09-09,【华创电新】本周重点覆盖公司信息归总,华创电新研究
2019-09-09,汇川技术：重组事项将上会 10日起停牌 重大事项停牌,金融界
2019-09-09,汇川技术：停牌的公告,深交所
2019-09-09,汇川技术：并购重组事项明日上会 重大事项停牌,Wind
2019-09-09,汇川技术(300124.SZ)明起停牌 待收到审核结果后及时公告并申请复牌,格隆汇
2019-09-09,8月机构调研明细出炉，市场风向标在何方？,格隆汇
2019-09-09,"电力设备新能源行业2019年半年报综述:新能源业绩表现突出,下半年把握量增主线",平安证券
2019-09-08,【国金电新周观点】光伏板块继续演绎确定性行情，近期重点关注泛在电力物联网建设提速,新兴产业观察者
2019-09-06,【太平洋机械】行业周报：工博会开幕在即，工业自动化向上拐点可能加速到来,太平洋机械大讲堂
2019-09-05,9月5日盘前重要公司新闻,中财网
2019-09-05,早间公告：汇川技术重组事项将于9月10日上会,Wind
2019-09-05,早间公告：汇川技术重组事项将于9月10日上会,e公司
2019-09-05,【东吴晨报0905】【策略】周评【行业】电新【个股】正泰电器,东吴研究所
2019-09-05,【电新行业*曾朵红】深度：电动车板块整体稳健增长，板块分化明显,东吴研究所
2019-09-05,"电力设备与新能源行业9月第1周周报:行业中报披露完毕,需求旺季即将来临",证券之星
2019-09-04,【东吴电新】电动车中报总结：中游业绩好于上游，各环节龙头优势凸显,新兴产业汇
2019-09-04,如何选择科创型基金？,量化先行者
2019-09-04,汇川技术(300124.SZ)：发行股份购买资产事项将于近日上会 当天停牌,格隆汇
2019-09-04,12家新能源汽车上市公司半年报：半数净利润下滑 寒流从下至上蔓延 盈利能力下降,盖世汽车
2019-09-04,“科技牛”渐显 机构回避估值过高标的,中证报
2019-09-02,【东吴电新】6月海外电动车销量8.08万辆，同比+23%，环比+20%,新兴产业汇
2019-09-02,【电新】行业2019年中报综述:板块业绩略有下滑，经营现金流大幅改善*强于大市 盈利能力下降,中银国际证券研究
2019-09-01,机构调研热情高涨！6家公司获上百家机构扎堆调研，百亿私募看上这些股,21世纪经济报道
2019-09-01,【国金电新周观点】光伏板块从周期性折价走向确定性溢价，关注下半年电网投资提速,新兴产业观察者
2019-09-01,电力设备 | 2019中报总结：拐点将至，静待反转,中泰证券研究所
2019-08-31,6股获买入评级 最新:中国石油,中财网
2019-08-30,汇川技术：新能源车业务下半年值得期待 目标价28.4元,证券时报网
2019-08-28,【电新行业*曾朵红】6月海外电动车销量8.07万辆，同比+21%，环比+20%,东吴研究所
2019-08-27,【华创电新】本周重点覆盖公司信息归总,华创电新研究
2019-08-27,吐血整理|14种深市风格指数基金如何挑选,养基司令
2019-08-27,最高减-99.99% 148股中报含雷,中财网
2019-08-26,[快讯]汇川技术:向全资子公司汇川技术（东莞）有限公司增资暨拟实施东莞松山湖研发运营中心项目,中财网
2019-08-26,【太平洋机械】广日股份(600894)公司点评：2019H1归母利润同比增长100%，将继续不断提高市场占有率,太平洋机械大讲堂
2019-08-26,汇川技术：上半年净利润同比减19.67% 盈利能力下降,Wind
2019-08-26,A股分拆上市新规填补监管空白，这35家潜在标的或率先受益,澎湃新闻
2019-08-26,高端制造业面临机遇与挑战并存“黄金期” 资本市场成上市公司发展重要途径,证券日报
2019-08-25,【国金电新周观点】玻璃提价预期增强预示旺季到达，需求能见度提升促板块估值切换,新兴产业观察者
2019-08-23,【华泰电力设备与新能源】Q3重磅研究报告合集,华泰证券研究所
2019-08-21,新能源汽车行业周报:比亚迪动力电池配套长安,平安证券
2019-08-18,【国金电新周观点】中环新品聚全行业目光，电网建设数字化趋势明确,新兴产业观察者
2019-08-16,敏感时期，中国科技股开始逆袭——,参考消息
2019-08-15,经济结构转型成效显著 价值公司头雁效应凸显,证券时报
2019-08-14,[快讯]汇川技术:《中国证监会行政许可项目审查一次反馈意见通知书》（191597号）之反馈意见回复,中财网
2019-08-14,"电力设备与新能源行业周报:电动车筑底待旺季,光伏降价见底等旺季",东吴证券
2019-08-13,【电新行业*曾朵红】7月电动车销8万辆，同比-4.7%，环比-47.5%，低点已过，布局正当时,东吴研究所
2019-08-13,"电力设备与新能源行业:从国电投招标看光伏组件技术走向,下半年泛在电力物联网建设将提速",国金证券
2019-08-13,新能源汽车行业周报:7月国内新能源车销量同比走低,平安证券
2019-08-13,汽车行业周报:7月乘用车批发销量下滑收窄 盈利能力下降,联讯证券
2019-08-11,【国金电新周观点】从国电投招标看光伏组件技术走向，下半年泛在电力物联网建设将提速,新兴产业观察者
2019-08-09,"电气设备与新能源行业:7月装机4.70gwh,龙头占比大幅提升",东吴证券
2019-08-07,中纺机集团与汇川技术开展技术合作,中自网
2019-08-06,电力设备及新能源行业：关注燃电卡位环节国产化，制造景气弱企稳，维持“强于大市”评级,格隆汇
2019-08-06,【电新行业*曾朵红】海外电池厂19H1经营梳理：业绩分化，但整体环比改善,东吴研究所
2019-08-06,【东吴晨报0806】【行业】电新【个股】万科A、ST新梅、恩捷股份,东吴研究所
2019-08-05,【东吴电新】海外电池厂19H1经营梳理：业绩分化，但整体环比改善,新兴产业汇
2019-08-05,振邦智能IPO：大股东一家三口持股比例99% 瑞华为审计机构,挖贝网
2019-08-05,"电力设备与新能源行业周报:电池排产逐步恢复迎旺季,光伏降价临尾声等旺季",东吴证券
2019-08-04,【国金电新周观点】以开放而理性的态度看待新能源领域的新事物,新兴产业观察者
2019-08-01,近年来，全球开源技术蓬勃发展，在金融、医疗、制造、交通等领域获得广泛应用。,中国金融信息网
2019-07-31,【电新/张文臣团队】2019年下半年电新行业投资策略—后补贴时代，产品定成败,太平洋证券研究
2019-07-31,7月31日券商晨会研报汇编,证券日报
2019-07-31,【电新行业*曾朵红】欧洲碳排放专题：燃油触顶，电动当立,东吴研究所
2019-07-31,新能源汽车行业周报:中汽协下调新能源汽车销量预测至150万台,平安证券
2019-07-30,07月30日 收盘突破年线个股一览,每日经济新闻
2019-07-30,7月30日券商晨会研报汇编,证券日报
2019-07-30,"电新行业6月深度跟踪:新能源汽车抢装明显,风电景气度大幅提升",证券之星
2019-07-29,"电力设备新能源行业电动车2019年专题深度3:政策面超预期,基本面筑底回升,明年均是大年",东吴证券
2019-07-26,重回1元面值的睿远基金能否二次火爆？,北京商报
2019-07-24,王德伦：科创板潜在上市企业创造产业链主题机遇,金融界
2019-07-24,都在关注科创板 外资在干嘛？7月北向资金调仓动向 28股大增仓,证券时报网
2019-07-23,创业板迎来SmartBeta投资神器，这是要嗨了吗？,养基司令
2019-07-23,47股获券商买入评级 雄帝科技目标涨幅达64.55%,Wind
2019-07-23,7月23日券商晨会研报汇编,证券日报
2019-07-23,【东吴电新】基金Q2电新持仓分析：板块持仓分化明显，光伏和电池环节持仓增加,新兴产业汇
2019-07-22,公用事业：北京出台电动出租车更新奖励政策 荐10股,平安证券
2019-07-21,【电新】国家能源局发布6月份全社会用电量——电力设备行业周报——看好（联系人：张冬明 滕飞）,渤海证券研究
2019-07-21,【国金电新周观点】从龙头业绩超预期看光伏行业现状，电力设备关注半年报高增,新兴产业观察者
2019-07-19,汇川技术(300124.SZ)及旗下公司陆续取得专利证书和计算机软件著作权登记证书,格隆汇
2019-07-17,摩根士丹利报告：哪些未来科技企业具有投资价值？,第一财经
2019-07-17,头号研报：新能源汽车的核心是什么？,巨丰财经
2019-07-17,7月17日券商晨会研报汇编,证券日报
2019-07-17,【电新】2019年半年报业绩前瞻：板块业绩整体平稳，风电与电池表现亮眼*强于大市,中银国际证券研究
2019-07-16,汇川技术（300124）：关注工控复苏进程，看好龙头穿越周期,CITICS电新
2019-07-15,公用事业：乘用车积分新规征求意见 荐3股,东兴证券
2019-07-15,35公司获得买入评级-更新中,中财网
2019-07-15,25公司获得买入评级-更新中,中财网
2019-07-15,【东吴电新】6月电动车销15.2万量，同比+80%，环比+49.6%,新兴产业汇
2019-07-15,【东吴电新】汇川技术中报预告点评:二季度增长放缓，有待工控复苏和乘用车起量,新兴产业汇
2019-07-13,汇川技术(300124.SZ)上半年净利润预降15%-30% 盈利能力下降,格隆汇
2019-07-13,汇川技术2019年上半年净利3.47亿-4.22亿 产品收入结构变化市场竞争加剧,挖贝网
2019-07-13,上半年27家百亿级私募中24家获正收益 景林凯丰称雄,新浪
2019-07-12,汇川技术：预计上半年净利下降15%-30% 盈利能力下降,Wind
2019-07-12,【电新行业*曾朵红】6月电动车销15.2万量，同比+80%，环比+49.6%,东吴研究所
2019-07-12,【东吴晨报0715】【固收】【行业】电新【个股】安科生物、开润股份、福光股份、嘉元科技、当升科技、中联重科、汇川技术、宁德时代,东吴研究所
2019-07-11,汇川技术(300124.SZ)：贝思特51%股权过户手续已完成 并变更登记至公司名下,格隆汇
2019-07-11,公用事业：6月电动车销15.2万量 荐18股,东吴证券
2019-07-11,【国盛电新|年度策略】全球共振，成长再起,电新硬核研究
2019-07-11,【电新行业*曾朵红】双积分修正案（意见稿）点评：长效机制，真正托底电动车长期高增长,东吴研究所
2019-07-10,【东吴电新】双积分修正案（意见稿）点评：长效机制，真正托底电动车长期高增长,新兴产业汇
2019-07-09,【东吴电新】6月装机6.6gwh，同比+131%，环比+16%,新兴产业汇
2019-07-09,【电新行业*曾朵红】6月装机6.6gwh，同比+131%，环比+16%,东吴研究所
2019-07-09,【东吴晨报0709】【行业】电新【个股】金地商置、旭辉控股集团、金地集团、金科股份,东吴研究所
2019-07-09,新能源汽车行业周报:6月国内动力电池装机量达到6.61GWh,平安证券
2019-07-08,【电新行业*曾朵红】5月海外电动车销量6.71万辆，同比+13%，环比+11%,东吴研究所
2019-07-07,【东吴电新】5月海外电动车销量6.71万辆，同比+13%，环比+11%,新兴产业汇
2019-07-05,【中信建投机械日报20190705】北京首个电网侧储能电站正式并网投运,朝阳门机械研究
2019-07-05,【电新】国家能源局加快推进新一轮农网改造升级——电力设备行业周报——看好（联系人：张冬明 滕飞）,渤海证券研究
2019-07-04,明日股市三大猜想：周线面临重要关口 回落概率大增,金融界
2019-07-03,新能源汽车行业周报:蔚来汽车召回部分ES8车型 产品问题,平安证券
2019-07-02,科创板掘金 | 青岛华夏天信智能物联股份有限公司,第一财经
2019-07-01,全球新能源乘用车5月销量榜单 新能源汽车需求增速放缓,新能源网
2019-07-01,【电新】2019年中期策略:休负好风光*强于大市,中银国际证券研究
2019-06-30,汇川技术(300124.SZ)拟每10股派2元 股权登记日7月4日,格隆汇
2019-06-30,盘后13股公布分红方案-更新中,中财网
2019-06-30,[快讯]汇川技术公布2018年年度分红实施方案,中财网
2019-06-28,深市上市公司2018年度信息披露考核结果出炉：总体披露质量较好,深交所
2019-06-28,中银国际：光伏风电高景气，新能源汽车需求增速放缓,证券时报网
2019-06-27,电气设备：工控需求仍然承压 荐4股,广发证券
2019-06-27,"电新行业5月深度跟踪:光伏风电高景气,新能源汽车需求增速放缓",证券之星
2019-06-26,招行今遭净卖出逾6亿 连续2日累计遭净卖出15.72亿,第一财经
2019-06-26,本月以来260家公司接受机构调研，机构调研聚焦电子企业,Wind
2019-06-26,本月以来260家公司接受机构调研 机构调研聚焦电子企业,中证报
2019-06-26,险资上半年调研263家上市公司 超8成上涨最高涨超5倍,证券日报
2019-06-26,回购潮来袭：6月规模创新高 回购公告日均28份,新浪
2019-06-26,汇川技术（300124）：看好模式优势，工控长期向好,CITICS电新
2019-06-26,美年健康汇川技术最受关注 机构调研聚焦电子企业,中证报
2019-06-25,"中国""科""公司评选之电气设备研发支出最高：上海电气",新浪
2019-06-25,券商半年内调研873家公司，50多家券商“齐访”6家公司,Wind
2019-06-25,券商半年内调研873家公司 50多家券商“齐访”6家公司,证券日报
2019-06-23,【机械】科创板第一股花落华兴源创，逆周期及先进制造仍是重点布局方向,天风研究
2019-06-21,汇川技术(300124.SZ)发行股份购买资产申请获证监会受理,格隆汇
2019-06-21,1847家机构调研322次：公私募为主力 两股最受宠(表),新浪
2019-06-20,【东吴电新】4月海外电动车销量6.02万辆，同比增19%，但EV表现较强,新兴产业汇
2019-06-20,"动力电池海外专题一之LG化学:厚积薄发,龙头增长潜力无限",东吴证券
2019-06-19,安恒：网络安全新星,半导体风向标
2019-06-19,电气设备：4月海外电动车销量6.02万辆 荐15股,东吴证券
2019-06-19,电气设备：龙头增长潜力无限 荐14股,东吴证券
2019-06-18,新华能源日报【2019年6月18日】,中国金融信息网
2019-06-17,电气设备行业阶段性调整带来趋势性机会,格隆汇
2019-06-17,-新能源汽车行业周报:全国充电桩保有量接近百万台,平安证券
2019-06-17,"电力设备与新能源行业周报:电动车5月产销平淡,工控5月需求偏弱",东吴证券
2019-06-16,险资调研半年报:国寿、平安最勤快 电子行业最受关注,国际金融报
2019-06-14,12亿元现金收购贝思特股权 汇川技术至少还有18亿元资金缺口没着落？,证券日报
2019-06-14,【东吴晨报0614】【行业】电新【个股】光威复材,东吴研究所
2019-06-14,A股“入摩”一周年 成分股公司业绩表现出色,中证报
2019-06-14,【东吴电新】5月电动车销量同比增速回落，环比微增,新兴产业汇
2019-06-13,【电新行业*曾朵红】5月装机5.4gwh，环比微增5%，符合预期,东吴研究所
2019-06-12,【东吴电新】5月装机5.4gwh，环比微增5%，符合预期,新兴产业汇
2019-06-11,汇川技术：A股最有华为基因的上市公司,阿尔法工场
2019-06-11,【川财证券所*深度报告】2019年机械设备行业中期策略：传统机械关注油服、先进制造聚焦半导体，基础件看国产替代,川财研究
2019-06-11,东吴证券：发改委稳消费，供需两端重点促进电动车发展,证券时报网
2019-06-11,【东吴电新】发改委稳消费，供需两端重点促进电动车发展,新兴产业汇
2019-06-11,新能源汽车行业周报:三部委发文不得对新能源汽车限行限购,平安证券
2019-06-05,汇川技术回复问询函：标的公司被收购后，控股权变更不影响其与全球知名品牌合作,中金在线
2019-06-05,汇川技术：回复深交所重组问询函 问询,Wind
2019-06-04,二季度私募调研合计逾2400次 景林投资“最勤奋”,证券日报
2019-06-04,新能源汽车行业周报:特斯拉Model 3开放国产预订,平安证券
2019-05-31,汇川技术收深交所重组问询函 问询,Wind
2019-05-31,房地产建安投资触底反弹，关注电梯行业投资机会【天风机械】,高端装备新视角
2019-05-31,2019格隆汇首届大中华区A股最佳上市公司评选名单揭晓,格隆汇
2019-05-29,外资狂买“核心资产” 最牛股连涨11天涨幅翻倍,投资快报
2019-05-29,新晋MSCI个股尾盘异动 北上资金买超400亿,证券时报
2019-05-29,24.94亿元收购贝思特 汇川技术存财务压力,投资者网
2019-05-28,A股尾盘暴力拉升！北上资金杀回马枪，10分钟净流入56亿，这26只个股“涨姿势”,e公司
2019-05-28,神秘资金尾盘百亿抢筹！A股的“盛夏”不远了！,金融界
2019-05-28,"辉立证券(香港)：将汇川技术评级调高为""买入""",Wind
2019-05-28,MSCI被动资金尾盘抢筹！多家基金呼吁抄底,金融界
2019-05-28,尾盘暴力拉升原因找到了 北向资金抢筹 MSCI新纳入个股无例外推高,证券时报网
2019-05-27,电气设备行业周报:新能源开工旺季即将开启,正点财经
2019-05-27,19股获券商买入评级 汇川技术目标涨幅达67.39%,Wind
2019-05-27,【电新】4月深度跟踪:行业需求亮点纷呈*强于大市,中银国际证券研究
2019-05-27,【东吴晨报0527】【金融工程】【个股】汇川技术,东吴研究所
2019-05-27,新能源汽车行业周报:稀土价格快速上涨,平安证券
2019-05-26,电气设备：风光平价项目公布 风电电价政策出台,中银国际
2019-05-24,汇川技术：收购贝思特协同效应显著 目标价38.4元,证券时报网
2019-05-24,周五机构一致看好的七大金股（05.24）,中金在线
2019-05-24,"汇川技术:收购贝思特方案更新,跨国客户优势凸显",东吴证券
2019-05-23,新能源汽车行业周报:发改委规范充换电服务收费标准,平安证券
2019-05-22,秦洪看盘｜科技股逞强，给A股市场注入企稳能量,澎湃新闻
2019-05-20,业绩分化 百亿私募平均收益垫底 盈利能力下降,中证网
2019-05-20,【国金电新周观点】国内外积极因素继续催化光伏板块，工业及房地产数据将利好工控及低压,新兴产业观察者
2019-05-19,逾1600只私募产品入市 百亿级私募密切调研这类股,经济观察网
2019-05-19,巨丰原创：MSCI被动建仓时间开启 新入选成份股或更具吸引力！,巨丰财经
2019-05-19,新能源专题：氢燃料电池出击，高温膜、加氢/储氢环节孕育投资机遇【天风机械周报19W21】,高端装备新视角
2019-05-17,工业互联网舆情升温 机构青睐细分领域龙头(附股),中财网
2019-05-17,上海海得控制系统股份有限公司关于对深圳证券交易所2018年年报问询函回复的公告 问询,证券时报
2019-05-17,电力设备与新能源行业2019年第4批推广目录点评:高续航里程趋势继续加强,东吴证券
2019-05-16,【中信建投金融工程】MSCI扩容A股超预期，创业板成分增加冲击显著,鲁明量化全视角
2019-05-16,【电新行业*曾朵红】4月新能源车销9.7万辆，同增18.1%，基本符合预期,东吴研究所
2019-05-16,【东吴电新】4月新能源车销9.7万辆，同增18.1%，基本符合预期,新兴产业汇
2019-05-15,盘面现5大积极信号 创业板指大涨逾2%,证券时报
2019-05-15,私募调研新动向 4月青睐信息技术和工业材料(附股),新浪
2019-05-15,中金公司：MSCI提高A股纳入系数至10% 新增31只个股,金融界
2019-05-15,中金：MSCI提高A股纳入系数至10%，新增31只个股,中金点睛
2019-05-15,神秘力量护盘，都是假象？,中财网
2019-05-15,MSCI扩容名单出炉 创业板成为重头戏(附股),投资快报
2019-05-15,附表 18只新增大盘创业板股名单,第一财经日报
2019-05-15,增至10% A股入摩权重翻倍,北京商报
2019-05-15,MSCI偏爱创业板医疗股,金融投资报
2019-05-15,MSCI纳A因子扩容激发外资布局热情 7只QFII重仓股获大单抢筹,证券日报
2019-05-14,【东吴电新】3月海外电动车销量8.71万辆，同增17%，新车型支撑增长！,新兴产业汇
2019-05-14,最受海外机构关注MSCI成份股找到 QFII持仓最高是它,新浪
2019-05-14,MSCI扩容26只大盘股 “聪明钱”早已布局,第一财经日报
2019-05-14,MSCI首批扩容名单公布，超4000亿增量资金在路上,经济观察网
2019-05-14,MSCI今天公布A股扩容名单 26只中国A股将被纳入,北京晚报
2019-05-14,18只创业板股纳入MSCI指数 这6只被超百家基金追捧（附名单）,每日经济新闻
2019-05-14,5月14日 新闻早报|4月二线城市卖地金额刷新近2年最高纪录；MSCI新增纳入26只A股名单,财经网
2019-05-14,MSCI扩容！南方基金：有望推动核心成长股,财经网
2019-05-14,国金策略：MSCI事件对“消费、金融”有一定提振作用,腾讯网
2019-05-14,美股一夜蒸发8万亿 哪些品种有望成为A股避风港,第一财经
2019-05-14,18只“创蓝筹”首度亮相！市场波动不影响MSCI扩容决策,第一财经
2019-05-14,MSCI公布A股扩容第一阶段的新纳个股：18只创业板大盘A股上榜,华福小福牛
2019-05-14,【电新行业*曾朵红】3月海外电动车销量8.71万辆，同增17%，新车型支撑增长,东吴研究所
2019-05-14,盘前重磅！MSCI官宣，A股权重扩容由5%到10%，新增纳入26股中文名单来了！18只创业板股，4000亿增量资金候场,券商中国
2019-05-14,18只创业板股票纳入MSCI指数,e公司
2019-05-14,重磅！MSCI如期提高A股纳入因子至10%，还新增了这些创业板股票,上观
2019-05-14,MSCI：纳入的26只中国A股股票中，有18只来自创业板,Wind
2019-05-13,12只创业板股将首度“入摩” “创蓝筹”要火？,火山财富
2019-05-13,MSCI首次A股扩容名单即将出炉：创业板首迎“入摩”12股！这一概念又要火？,每日经济新闻
2019-05-13,【电新行业*曾朵红】电动乘用车4月装机5.4gwh，环比略微提升，符合预期,东吴研究所
2019-05-12,【东吴电新】4月装机5.4gwh，环比略微提升，符合预期,新兴产业汇
2019-05-10,【东吴电新】电动车年报季报总结：中游重回增长，龙头表现突出,新兴产业汇
2019-05-10,【东吴电新】工控电力设备年报季报总结：工控和低压电器前低后高后劲足，电网设备龙头有望恢复增长,新兴产业汇
2019-05-10,【电新】国家发改委完善光伏发电上网电价机制——电力设备行业周报——看好（联系人：张冬明 滕飞）,渤海证券研究
2019-05-10,【电新行业*曾朵红】深度： 电气设备行业18年报及19年1季报总结：电动车板块整体稳健增长，板块分化明显,东吴研究所
2019-05-10,【电新行业*曾朵红】深度：电力设备与新能源行业年报及1季报总结：工控和低压电器前低后高后劲足，电网设备龙头有望恢复增长,东吴研究所
2019-05-08,12家新能源汽车电机企业财报观察：业绩下滑、应收账款高企 盈利能力下降,证券之星
2019-05-08,【电新】电新行业2018年年报与2019年一季报综述:分化趋势明显，经营现金流大幅改善*强于大市,中银国际证券研究
2019-05-07,大利好！外资5月可以买创业板了（附27股全名单）,金融界
2019-05-06,汇川技术(300124.SZ)旗下经纬轨道签署1.88亿元的车辆牵引系统的采购合同,格隆汇
2019-05-06,分化持续，上游盈利下滑，龙头效应凸显--新能源汽车产业链2018年&2019Q1财报总结【中泰电新】,中泰电新研究
2019-05-05,【国金电新周观点】光伏电价政策如期落地，Q1新能源消纳继续改善,新兴产业观察者
2019-04-30,机械制造：机械行业19Q1基金持仓分析,和讯
2019-04-29,【中信证券电新】汇川技术一季报点评：关注行业复苏与业务放量，业绩有望持续修复,CITICS电新
2019-04-29,【长城电新-周报】氢锂优势互补 光伏价格筑底,明晓新能
2019-04-29,汽车：碳酸锂价格下跌0.37％ 荐1股,和讯
2019-04-29,电气设备：关注产业政策在非补贴端的积极变化 荐1股,和讯
2019-04-29,汽车：华为携手宁德时代 车联网产业获技术支持,和讯
2019-04-29,378股获券商买入评级 顺网科技目标涨幅达85.17%,Wind
2019-04-29,3月新能源汽车全产业链数据简报,盖世汽车
2019-04-28,知名私募持股曝光：高毅资产新进8股，淡水泉新进中材科技,澎湃新闻
2019-04-28,【国金电新周观点】五月光伏产品价格好于预期，关注超跌电力设备白马,新兴产业观察者
2019-04-28,【东吴机械周观点】预计挖机4月仍将正增长，宁德时代加速扩产节奏,透视先进制造
2019-04-28,"汇川技术:毛利率环比回升,乘用车有望持续放量",证券之星
2019-04-27,深股通成龙虎榜主力多头 一线游资追捧美锦能源,证券时报
2019-04-27,【东吴电新】汇川技术：Q1全年低点，通用Q2复苏和乘用车电控值期待,新兴产业汇
2019-04-26,【新时代电新】汇川技术一季报点评：毛利率短期承压，静待工控复苏和新能源业务上量 盈利能力下降,新时代新能源开文明团队
2019-04-26,行业近况：出租车电气化拉动整车销量，中上游产业链持续高增长,金车研究
2019-04-26,"麦捷科技:静待滤波器放量,未来弹性十足",平安证券
2019-04-25,汇川技术(300124.SZ)一季度净利润降34.28%至1.29亿元 盈利能力下降,格隆汇
2019-04-25,汇川技术：一季度净利润同比减34.28% 盈利能力下降,Wind
2019-04-25,MSCI扩容在即，15股获海外机构扎堆调研,证券时报
2019-04-24,3200点拉锯战，机构普遍看好科技+大消费,Wind
2019-04-24,电气设备：政策渐进落地 荐1股,和讯
2019-04-23,油价创6个月新高，石油石化板块还能追吗？,养基司令
2019-04-22,巨丰数据赢|近一周机构调研数据 多家上市公司获资金关注,巨丰财经
2019-04-22,电气设备：2019年风光政策征求意见,和讯
2019-04-22,电气设备：业绩密集披露 关注高增长细分板块,中银国际
2019-04-22,汽车：碳酸锂价格下跌0.62% 荐1股,和讯
2019-04-22,电气设备：2月海外电动车销量5.9万辆 荐14股,和讯
2019-04-22,电气设备：国网多举措攻坚清洁能源消纳难题 荐9股,和讯
2019-04-22,逾300家机构扎堆调研股曝光,证券时报
2019-04-22,明星私募身影活跃 逾300家机构调研汇川技术,e公司
2019-04-22,上市公司财报季 机构调研紧扣业绩,中证报
2019-04-21,14家百亿明星私募看中了这10家公司，王亚伟也亮相了,21世纪经济报道
2019-04-21,【国金电新周观点】光伏产品价格触底催化行情，景气回升趋势越加清晰,新兴产业观察者
2019-04-21,机构调研马不停蹄！本周，明星私募组团现身三家公司,e公司
2019-04-19,汇川技术：锁定长期持续发展 买入评级,和讯
2019-04-18,电气设备：聚焦海外景气及供应链突破 荐1股,和讯
2019-04-18,"群益证券：将汇川技术评级调低为""中性"" 投资评级恶化",Wind
2019-04-18,从仪器仪表企业年报看仪器仪表行业发展关键,中国仪表网
2019-04-18,144股获券商买入评级 当代明诚目标涨幅达113.99%,Wind
2019-04-18,"广证恒生：将汇川技术评级调高为""强烈推荐""",Wind
2019-04-18,【东吴晨报0418】【行业】医药【个股】劲嘉股份、麦格米特、中再资环、拓斯达、汇川技术,东吴研究所
2019-04-18,华夏、平安旗下ETF将上市 机构为绝对主力,证券时报
2019-04-18,3200点博弈背后的龙虎榜 逾330亿元资金扫货158只个股,证券日报
2019-04-17,机构调研：潍柴动力已掌控新能源业务优质资源,中金在线
2019-04-17,【东吴电新】汇川技术：整体符合预期，工控复苏和乘用车电控值期待！,新兴产业汇
2019-04-17,电力设备与新能源行业：板块业绩整体平稳光伏风电强劲增长,中银国际
2019-04-17,【广证恒生电新】-点评报告-汇川技术（300124.SZ）-短期增速波动不改长期逻辑，工控轨交快速增长,广证恒生
2019-04-17,"汇川技术2019年Q1业绩预告点评;短期面临压力,经济企稳利好中长期发展",正点财经
2019-04-17,137股获券商买入评级 东方航空目标涨幅达59.57%,Wind
2019-04-17,『早安，新时代！』晨会早读2019/4/17: 今日关注理邦仪器、汇川技术、中国建筑、粤水电、紫光股份,新时代证券研究
2019-04-17,【电新-邓永康】汇川技术：工控龙头稳健增长，乘用车有望放量,安信证券研究
2019-04-17,安信研究|晨会在线 20190417,安信证券研究
2019-04-17,"汇川技术年报点评:整体符合预期,工控复苏和乘用车电控值期待!",东吴证券
2019-04-17,"汇川技术:通用自动化竞争优势明显,19年乘用车电控有望放量",平安证券
2019-04-16,【中信证券电新】汇川技术年报点评：业绩稳定增长，成长动力充足,CITICS电新
2019-04-16,汇川技术2018年净利润11.67亿元 同比增长10.08%,中国仪表网
2019-04-16,【新时代电新】汇川技术年报点评：收入实现稳健增长，静待工控行业复苏,新时代新能源开文明团队
2019-04-16,4月上半月公募基金“摸底”53股 偏爱调研“TMT”行业,投资快报
2019-04-16,【电新行业*曾朵红】电动乘用车3月销11万，同比翻倍，基本符合预期,东吴研究所
2019-04-16,"汇川技术:轨交与通用增速较快,乘用车亮点频现",证券之星
2019-04-15,汇川技术(300124.SZ)2018年净利润升10.08%至11.67亿元 拟10派2元,格隆汇
2019-04-15,汇川技术：2018年净利同比增10% 拟10派2元,e公司
2019-04-15,汇川技术：2018年净利润同比增10.08%,Wind
2019-04-12,2018年中国伺服系统行业市场现状及发展前景分析 三大应用领域拉动市场规模增长,前瞻研究院
2019-04-12,138股获券商买入评级，顺网科技目标涨幅达95.99%,Wind
2019-04-12,『早安，新时代！』晨会早读2019/4/12: 今日关注汇川技术、新北洋,新时代证券研究
2019-04-12,【东吴晨报0412】【策略】点评【个股】机器人、劲嘉股份、汇川技术,东吴研究所
2019-04-12,险资密集调研电子科技板块：调研赛过“刮旋风” 加仓稳如“慢郎中”,中证报
2019-04-12,电力设备行业周报:海南首批智能电网示范项目启动,渤海证券
2019-04-11,【新时代电新】汇川技术一季报业绩预告点评： 2019Q1收入稳健增长，收购贝思特实现业务协同,新时代新能源开文明团队
2019-04-11,168股获券商买入评级 勘设股份目标涨幅达107.09%,Wind
2019-04-11,【电新行业*曾朵红】 3月装机电量点评： 延续抢装态势，装机电量同环比高增长,东吴研究所
2019-04-11,【山证两融】融资融券周报2019年第14周(4月1日至4月5日),山西证券研究所
2019-04-11,【东吴电新】3月装机电量点评：延续抢装态势，装机电量同环比高增长！,新兴产业汇
2019-04-11,【东吴电新】汇川技术预告点评：一季度预告是低点，工控复苏和乘用车电控值期待,新兴产业汇
2019-04-10,电气设备：光伏平价加速到来 荐2股,和讯
2019-04-10,深圳机器人行业产值接近1200亿元,Ofweek
2019-04-10,"汇川技术:拟收购贝思特,迈向世界一流电梯解决方案提供商",正点财经
2019-04-10,汇川技术：预计一季度净利润同比下降20%-40% 盈利能力下降,Wind
2019-04-10,午间公告：腾邦国际澄清与红岭创投无任何债务关系,Wind
2019-04-10,129股获券商买入评级 大亚圣象目标涨幅达85.81%,Wind
2019-04-10,新能源汽车行业周报:碳酸锂价格下跌0.62%,平安证券
2019-04-09,汇川技术：国内走向海外 强烈推荐评级,和讯
2019-04-09,汽车：宁德时代拟将德国工厂扩建至98GWH 荐2股,和讯
2019-04-09,电气设备：光伏产业链价格维稳 荐2股,和讯
2019-04-09,电气设备：1月装机电量超预期 荐14股,和讯
2019-04-09,电气设备：高能量密度车型占比提升 荐15股,和讯
2019-04-09,电气设备：需求旺盛和大周期启动 荐25股,和讯
2019-04-09,汽车：广汽腾讯携手 深度布局出行市场,和讯
2019-04-09,国金证券：建议加大对工控、继电器、电源等工业元件配置力度,证券时报网
2019-04-09,"仪器仪表行业:工业复苏预期增强,工控迎来加配良机",国金证券
2019-04-08,【建投中小盘】一周策略回顾与展望,中信建投中小市值
2019-04-08,机械制造：北向资金对机械股如何选择,和讯
2019-04-08,【中泰电新】第15周观点：乌兰察布6GW风电基地开标，电动车关注边际改善环节,中泰电新研究
2019-04-08,电气设备：静待补贴政策落地后绩优股布局机会 荐10股,和讯
2019-04-08,8日公司新闻聚焦：多家公司一季度业绩预喜,证券时报网
2019-04-08,要闻速递：4月8日证券市场消息汇总,财界网
2019-04-08,锂电池产能有哪些消化的空间？【天风机械周报1915】,高端装备新视角
2019-04-08,【东吴晨报0408】【策略】周评【行业】环保、食品【个股】日机密封、龙净环保、汇川技术,东吴研究所
2019-04-08,战略收购受关注 机构扎堆调研汇川技术,e公司
2019-04-08,"汇川技术:拟收购贝思特,强强联合提升竞争力",安信证券
2019-04-07,清明节前一周逾40家公司获调研 汇川技术最受机构青睐,e公司
2019-04-07,耗资25亿对外战略并购，这家公司获机构扎堆调研！,e公司
2019-04-07,【国金电新周观点】光伏一季报催化开启，制造业复苏预期增强加配工控,新兴产业观察者
2019-04-06,【东吴电新】汇川技术：收购贝思特稳定现金流业务，丰富业务形态和经营模式,新兴产业汇
2019-04-04,4月4日A股龙虎榜揭秘，机构最青睐3股,Wind
2019-04-04,汇川技术龙虎榜数据（4月4日）,Wind
2019-04-04,热点复盘：4月4日市场最强热点,中金在线
2019-04-04,04月04日 收盘突破年线个股一览,每日经济新闻
2019-04-04,拟近25亿收购贝思特加码电梯业务 汇川技术复牌涨停,金融界
2019-04-04,汇川技术(300124.SZ)拟作价24.87亿元收购电梯零部件公司贝思特,格隆汇
2019-04-04,浙商·电新公用环保 | 首批三代核电项目电价落地,浙商证券研究所
2019-04-04,04月04日 公告将复牌个股（名单）,每日经济新闻
2019-04-04,4月4日盘前必看与交易提示,中财网
2019-04-04,04日最新公告透露利好 15只个股有潜力,中金在线
2019-04-04,巨丰早参：证监会酝酿修改再融资规则,巨丰财经
2019-04-04,财闻点金：进境物品行邮税将调降 跨境购物迎来政策红利,巨丰财经
2019-04-04,【中证盘前】散户跑步入场！3月深市新开户数翻倍；国常会重磅利好，东航南航美股涨逾12%；顺丰控股遭减持合计不超7.91%股份,中证报
2019-04-03,汇川技术：股票复牌的提示性公告,深交所
2019-04-03,A股头条之上市公司公告精选（4.4）,金融界
2019-04-03,汇川技术拟25亿收购贝思特 提升电梯电气整体解决方案能力,e公司
2019-04-03,公告精选：英洛华等一季度业绩大幅预增；多家公司股东披露减持计划,e公司
2019-04-03,东海财经速递20190403,东海通财富
2019-04-03,汇川技术：拟近25亿元收购电梯配件企业贝思特,e公司
2019-04-03,汇川技术：拟24.87亿元收购“贝思特”100%股权，4月4日复牌,Wind
2019-04-03,电气设备：静待国内政策落地 板块配置价值凸显,和讯
2019-04-02,【浙商电新】给2019版新能源汽车补贴政策划重点,浙商证券研究所
2019-04-01,【中泰电新】第14周观点：风电招标量同增23%，新能源车Q2或抢装，PMI指数回暖下工控望企稳,中泰电新研究
2019-04-01,【国金电新周观点】从调价幅度观光伏各环节供需，板块调整近尾声,新兴产业观察者
2019-04-01,应用平台接连落地推升板块关注度 工业互联网概念受机构热捧,证券日报
2019-04-01,"新能源汽车行业点评41:电动汽车补贴退坡大,地补将支持充电加氢等",浙商证券
2019-03-28,【电气设备与新能源*曾朵红】补贴政策落地，短期抢装，长期强者恒强,东吴研究所
2019-03-27,电气设备：海上风电已到投资风口 荐6股,和讯
2019-03-27,【东吴电新】补贴政策落地，短期抢装，长期强者恒强,新兴产业汇
2019-03-26,电新|周观点：制造PMI重返扩张区间，行业景气有望修复,CITICS电新
2019-03-25,108股获券商买入评级 天康生物目标涨幅达71.88%,Wind
2019-03-22,汇川技术：副总裁李瑞琳减持计划期限届满，未减持,Wind
2019-03-21,工业综合：移动机器人(AGV)产业链分析 进入发展黄金期,和讯
2019-03-21,03月21日 公告停牌个股（名单）,每日经济新闻
2019-03-21,孔明直播：《3月21日热点信息+个股公告》,中金在线
2019-03-21,A股头条：科创板惊现垫资开户 美联储暗示今年不再加息,金融界
2019-03-21,"电气设备行业周报:首选锂盐电解液龙头,关注充电与加氢投资机会",国海证券
2019-03-20,汇川技术(300124.SZ)拟收购贝思特电气全部股权 明起停牌,格隆汇
2019-03-20,A股头条之上市公司公告精选（3.21）,金融界
2019-03-20,公告精选：3公司实控人发生变更；多家公司被重要股东减持；顺丰控股4.99亿股25日解禁 减持股份,每日经济新闻
2019-03-20,汇川技术：关于筹划发行股份及支付现金购买资产事项的停牌公告,深交所
2019-03-20,20日晚公告精选丨最新减持、高送转分红名单都在这了 减持股份,21世纪经济报道
2019-03-20,上市公司明日停复牌（3月21日）,金融界
2019-03-20,汇川技术：筹划收购贝思特股权，明日起停牌,Wind
2019-03-20,汇川技术：筹划收购贝思特股权 明日起停牌,e公司
2019-03-20,【电气设备新能源|张文臣团队太平洋证券】新能源车2月销量高增，风电行业持续向好,太平洋证券研究
2019-03-19,新能源汽车行业周报:2月国内新能源汽车销售5.3万辆,平安证券
2019-03-18,电气设备：单晶PERC电池片降价不改光伏产业趋势,和讯
2019-03-16,中小创整体业绩下滑格局已定 估值合理的绩优股仍存机会 盈利能力下降,红周刊
2019-03-15,汇川技术今日大宗交易成交20万股，成交价26.65元折价0.0%,Wind资讯
2019-03-15,机械制造：MSCI权重提升叠加行业景气持续 荐4股,和讯
2019-03-14,大富科技成万人迷 近百家机构参与调研会,证券之星
2019-03-14,11家电机电控上市公司业绩：超6成增收不增利 最高亏损23亿 亏损,盖世汽车
2019-03-13,创业板年内涨幅超40% 强势从何而来,第一财经
2019-03-13,"电气设备与新能源行业:电动车2月销5.3万辆,同增54%,产5.9万辆,同增51%",东吴证券
2019-03-12,电气设备：2019年1月海外电动车销量6.2万辆 荐15股,和讯
2019-03-12,新能源汽车行业周报:2月国内动力电池装机量2.24gwh,平安证券
2019-03-11,北上资金年内大举加仓创业板标的,Wind
2019-03-11,创业板个股涨停数创年内新高 北上资金早已大举加仓,新浪
2019-03-11,"电气设备与新能源行业点评:2019年1月海外电动车销量6.2万辆,同增46%",东吴证券
2019-03-10,【国金电新周观点】关注光伏Q1高增长及电力泛在物联网热度持续提升,新兴产业观察者
2019-03-09,继续布局中小创绩优股,红周刊
2019-03-06,银河证券：MSCI扩大A股纳入因子 影响几何,和讯
2019-03-06,孔明直播：《3月6日热点信息+个股公告》,中金在线
2019-03-06,附表 创业板指数前20大权重股,第一财经
2019-03-06,道达投资：创业板成“主战场” 外资瞄准了哪些个股,每日经济新闻
2019-03-05,工业互联网：科技浪潮新主线！【天风机械】,高端装备新视角
2019-03-05,【电气设备新能源|张文臣团队太平洋证券】铁锂路线有望复活，提前布局海上风电,太平洋证券研究
2019-03-05,"汇川技术:业绩快报略超预期,通用自动化强阿尔法,期待乘用期待乘用车发力",东吴证券
2019-03-04,招商策略:MSCI扩容有望为A股带来约4550亿元增量资金,新浪
2019-03-04,月度掘金丨方正2019·3月金股,方正证券研究
2019-03-04,中信建投晨会0304 | 解读科创板制度；MSCI扩容A股对创业板影响几何？,中信建投证券研究
2019-03-03,【华创电新】周观点：风电一季度持续向好，特斯拉倒逼车企电气化提速,华创电新研究
2019-03-02,创业板首次纳入MSCI 或流入262亿元,新浪
2019-03-02,八大维度透视180只MSCI新增概念股,证券时报
2019-03-02,MSCI扩容27只创业板股 三维度掘金潜力牛股,证券日报
2019-03-02,创业板27只“入摩”股更侧重成长性,证券日报
2019-03-01,纳入MSCI的421A股全名单解析：医药生物行业最受青睐,澎湃新闻
2019-03-01,电气设备：光伏征求意见总体需求旺盛 荐10股,和讯
2019-03-01,【电新】汇川技术：通用自动化业务带动业绩稳增,微信
2019-03-01,MSCI大幅提高A股权重 速看421只纳入股中文名单,新浪
2019-03-01,快讯：MSCI首次纳入创业板股票 创业板高开涨逾2%,网易
2019-03-01,创业板首次“入摩” 潜在成分股普涨 宋城演艺涨近5%,证券时报网
2019-03-01,创业板首次“入摩” 爱尔眼科等潜在被纳入个股全线高开,证券时报网
2019-03-01,MSCI宣布将增加中国A股在MSCI指数中的权重 创业板首次纳入,中金在线
2019-03-01,创业板首次“入摩” 潜在成分股开盘走强,e公司
2019-03-01,创业板首次“入摩” 27只潜在成分股大名单,e公司
2019-03-01,MSCI宣布扩大纳入A股:权重将增至3.3% 500亿美元驰援,新浪
2019-03-01,重磅！MSCI宣布扩大纳入A股：权重将增至3.3%，两步变三步，创业板个股也被纳入，近500亿美元或将驰援A股,证券时报网
2019-03-01,"汇川技术2018年业绩快报点评:工控自动化龙头企业,2018年业绩符合预期",东莞证券
2019-02-28,【东吴电新曾朵红团队】汇川技术：业绩快报略超预期，通用自动化强阿尔法，期待乘用车发力,新兴产业汇
2019-02-28,汇川技术：2018年净利润同比增9.97%（快报）,Wind
2019-02-26,机械工业产销基本平稳 汽车制造加快创新转型,经济日报
2019-02-26,电力设备行业周报:我国能源清洁化取得阶段性成果,渤海证券
2019-02-26,新能源汽车行业周报:1月新能源汽车产销近十万辆,平安证券
2019-02-24,【东吴电新曾朵红团队】周策略：光伏征求意见总体需求旺盛，电动车静待政策落地,新兴产业汇
2019-02-20,【东吴电新曾朵红团队】2018年海外电动车累计销量81.64万辆，同增51%,新兴产业汇
2019-02-20,创业板一季报或好于预期,投资快报
2019-02-20,【东吴晨报0220】【行业】电新【个股】通威股份、比音勒芬,东吴研究所
2019-02-20,【电气设备新能源|张文臣团队太平洋证券】一月动力电池出货量高增长，光伏产业链价格维稳,太平洋证券研究
2019-02-20,"2019年1月电动车销量点评:1月电动车销量超预期,乘用车结构升级明量超预期,乘用车结构升级明显继续看好龙头行情",东吴证券
2019-02-19,德银：大湾区纲要出台 荐六大投资主题及38只受惠股,格隆汇
2019-02-19,北上资金单周净买入创历史第二高 外资风格转向加仓中小创,投资快报
2019-02-19,【东吴晨报0219】【行业】电新、机械【个股】盈趣科技、恒瑞医药、葵花药业、三一重工,东吴研究所
2019-02-19,"电气设备与新能源:2018年海外电动车累计销量81.64万辆,同增51%",东吴证券
2019-02-19,"电力设备行业周报:国网加快“三型两网”建设,推进“放管服”改革",渤海证券
2019-02-18,【东吴电新曾朵红团队】抢装情绪高涨，1月装机电量超预期,新兴产业汇
2019-02-18,三大消息带来全面逼空 创指重返1400,证券时报网
2019-02-18,【东吴晨报0218】【行业】机械-半导体设备、电新,东吴研究所
2019-02-17,【国金电新周观点】新能源节后开工旺盛，关注电网信通领域投资,新兴产业观察者
2019-02-16,茅台今年涨两成 这轮反弹走多远,浙江在线
2019-02-16,目前股市并不具备大牛市条件“春躁”行情还能走多远,中财网
2019-02-15,北向资金单周净买入史上第二高 加仓中小创,e公司
2019-02-15,264亿！北上资金单周净买入史上第二高，加仓中小创，猪肉概念遭抢食！（附名单）,e公司
2019-02-15,沪指跌近1%失守2700 或再面临关键时刻,证券时报网
2019-02-14,行业年报业绩分化 电力设备细分龙头将脱颖而出,大众证券报
2019-02-13,【电气设备新能源|张文臣团队太平洋证券】风电行业反转复苏确认，动力电池登上世界舞台,太平洋证券研究
2019-02-13,"电力设备行业2018年年报业绩前瞻:业绩持续分化,龙头差异竞争力凸显",平安证券
2019-02-11,电力设备与新能源行业周报：风光需求超预期旺盛、电动车静待政策,东吴证券
2019-02-10,【华创电新】周观点：宁德时代签订本田采购大单，光伏产业链受益需求旺盛价格上行,华创电新研究
2019-02-10,【国金电新周报】新能源产业链高景气节后延续，特高压开标超预期,新兴产业观察者
2019-02-07,机器人行业业绩预告对比，谁家上演“变脸”,亿欧网
2019-01-31,新能源汽车行业动态跟踪第167期:丰田松下成立合资公司,平安证券
2019-01-30,79股获券商买入评级 闻泰科技目标涨幅达61.21%,Wind
2019-01-30,【电气设备新能源|张文臣团队太平洋证券】恒大收购卡耐，海外光伏超预期,太平洋证券研究
2019-01-30,"汇川技术:2018年业绩符合预期,通用自动化是亮点",东吴证券
2019-01-29,电动车长期配置价值临近 布局概念股,证券时报网
2019-01-29,68股获券商买入评级 招商蛇口目标涨幅达59.47%,Wind
2019-01-29,特斯拉在中国点燃的战火与篝火,阿尔法工场
2019-01-29,"电力设备与新能源行业1月第5周周报:光伏电价政策再度讨论,锂电池行业规范发布",证券之星
2019-01-28,汇川技术：乘用车业务2019年逐步放量 强烈推荐评级,和讯
2019-01-28,"汇川技术2018年业绩预告点评:新能源汽车短期承压,业绩基本符合预期",正点财经
2019-01-28,【数据揭秘】01月25日 融资客最看好的前20只个股,每日经济新闻
2019-01-28,60股获券商买入评级 新城控股目标涨幅达76.93%,Wind
2019-01-28,"汇川技术2018年业绩预告点评:业绩增速放缓,通用自动化、轨交业务较快增长 盈利能力下降",东莞证券
2019-01-27,【国金电新周观点】光伏政策预期微调临近落地，关注电网“一高三化”投资方向,新兴产业观察者
2019-01-27,锂电板块热情延续，基建龙头估值修复【天风机械周报2019W4】,高端装备新视角
2019-01-25,1月28日下周一黑马个股推荐 下周一最具爆发力六大牛股一览,南方财富网
2019-01-25,下周最具投资价值六大牛股一览（2019年1月25日）,中财网
2019-01-25,"国金晨讯 | 凯莱英:中国CDMO龙头乘风全球产业转移；汇顶科技:受益光学指纹爆发；传媒娱乐的周期性研究，何来""口红效应""",国金证券研究所
2019-01-25,"汇川技术:电控业务触底,通用自动化展现强韧增长实力",国金证券
2019-01-24,汇川技术2018年净利最高可达12.19亿 同比增长15%,挖贝网
2019-01-24,A股头条之上市公司公告精选（1.25）,金融界
2019-01-24,汇川技术：预计2018年净利润同比增长0%-15%,Wind
2019-01-24,[快讯]汇川技术公布年度业绩预告,中财网
2019-01-24,汇川技术2018年度业绩预增 净利润增长0%-15%,腾讯网
2019-01-24,电气设备：看好光伏年后的海外市场 荐1股,和讯
2019-01-24,创业板再添聪明因子指数 创业板50慌吗？,中金在线
2019-01-23,收评：反弹行情如何演绎？ 紧扣春季行情三主线,中金在线
2019-01-23,深交所发布创业蓝筹及创成长指数 宁德时代等入选样本股,中证网
2019-01-23,宁德时代等50股入围创业板低波蓝筹指数 智飞生物等50股入围创业板动量成长指数,e公司
2019-01-22,京东践行环保承诺 新能源物流车替代前景广阔,第一财经
2019-01-22,新能源汽车行业动态跟踪第166期:深圳设立动力电池回收补贴,平安证券
2019-01-21,上市公司“一致行动协议”的性质、违约责任与监管,新浪
2019-01-21,【平安】行业动态跟踪报告*新能源汽车*深圳设立动力电池回收补贴*强于大市,平安研究
2019-01-21,电气设备：11月海外电动车销量8.5万辆 荐15股,和讯
2019-01-21,电气设备：新能源进入平价与补贴项目并行时代 荐16股,和讯
2019-01-21,电气设备：近期需重点关注政策变化 荐5股,和讯
2019-01-21,三大举措发力 加速中国工业机器人发展,电子信息产业网
2019-01-21,本周62家公司限售股解禁市值近560亿元 解禁,证券时报
2019-01-21,电力设备行业周报:世界海拔最高的山地光伏扶贫项目投入运行,渤海证券
2019-01-20,【中泰电新】第4周观点：静待光伏补贴和指标政策落地，聚焦优质龙头,中泰电新研究
2019-01-20,【华创电新】周观点：新能车供给需求共振上行，江苏大额核准海风项目,华创电新研究
2019-01-19,76.52亿限售股下周解禁 中信银行解禁数量居首,中证报
2019-01-18,下周两市620亿市值限售股解禁，环比增加102.07% 解禁,Wind
2019-01-18,【东吴电新曾朵红团队】11月海外电动车销量8.5万辆，同增68%，累计71.6万辆，同增50%,新兴产业汇
2019-01-17,【东吴电新曾朵红团队】2018年电动车累计销售125.6万辆，同比大增62%，且乘用车结构进一步优化,新兴产业汇
2019-01-17,"电力设备与新能源行业点评:2018年电动车累计销售125.6万辆,同比大增62%,且乘用车结构进一步优化",东吴证券
2019-01-16,[快讯]汇川技术103万限售股1月21日解禁,中财网
2019-01-16,汇川技术：关于第三期股权激励计划所涉限制性股票第二个解锁期解锁股份上市流通的提示性公告,深交所
2019-01-16,招商策略：先进制造被市场认可 掘金五大领域投资机会,金融界
2019-01-15,【浙商电新公用环保】官方促风光发电平价上网，难度最大特高压送电,浙商证券研究所
2019-01-15,【电新】周报：政策力推风光无补贴项目，新能源乘用车12月销量高增长,微信
2019-01-15,【电气设备新能源|张文臣团队太平洋证券】新能源乘用车销量过百万，平价政策出台给予强烈信心,太平洋证券研究
2019-01-15,"电力设备与新能源行业点评:2018年累计装机电量57gwh,同比增长57%",东吴证券
2019-01-15,"电力设备与新能源及公用环保行业周报:官方促风光发电平价上网,难度最大特高压送电",浙商证券
2019-01-15,"电力设备与新能源行业周报:风光平价管理办法出台,平价在即龙头成长空间打开",东吴证券
2019-01-14,【东吴电新曾朵红团队】2018年累计装机电量57gwh，同比增长57%,新兴产业汇
2019-01-14,【东吴晨报0114】【个股】交通银行、中国金茂,东吴研究所
2019-01-13,【国金电新周观点】平价上网政策稳固装机预期，电源侧储能需求启动,新兴产业观察者
2019-01-09,汇川技术：第四期股权激励发布 买入评级,和讯
2019-01-09,“深圳”基金和“浙江”基金,金融界
2019-01-09,【电气设备新能源|张文臣团队太平洋证券】18年动力电池出货量创新高，海上风电核准加速,太平洋证券研究
2019-01-08,电气设备：第十三批新能源汽车推广目录发布,和讯
2019-01-07,[快讯]汇川技术发布解除质押公告 涉及股份4956万股,中财网
2019-01-07,电气设备：静候1季度机会 荐3股,和讯
2019-01-07,34股获券商买入评级 瑞康医药目标涨幅达85.71%,Wind
2019-01-07,电力设备行业周报:中国首个大型平价上网光伏项目并网发电,渤海证券
2019-01-06,【长江电新-周观点】板块景气延续，“避风港”行情初显,长江电力设备新能源
2019-01-06,【华创电新】汇川技术：第四期股权激励方案出台，工控业务市占率持续提升,华创电新研究
2019-01-04,电气设备：首个大型平价上网光伏项目并网 正式开启平价时代,和讯
2019-01-04,"汇川技术:推出第4次股权激励计划,推动公司业务持续发展",中证网
2019-01-04,头号研报：蓝海华腾——股价已充分反映悲观预期,巨丰财经
2019-01-04,汇川技术：公布第四期股权激励计划草案 锁定长期持续发展,东吴证券
2019-01-04,39股获券商买入评级 平治信息目标涨幅达99.11%,Wind
2019-01-04,"电力设备与新能源行业1月第1周周报:静待国内政策落地,板块配置价值凸显",证券之星
2019-01-04,电新行业2019年年度策略:风景这边独好,证券之星
2019-01-03,公告精选：易世达实控人提议年报10转5；平安银行2018年净利同比增长7%,e公司
2019-01-03,汇川技术：子公司中标1.93亿元轨道交通项目,e公司
2019-01-03,国金晨讯精选：2019年度策略——通信/汽车/汽车上游资源/电力设备/建筑/太阳能,国金证券研究所
2019-01-02,万霁资产牛春宝：A股遍地黄金 投资者却信心全无,新浪
2019-01-02,机构2018年调研逾1400家公司，海康威视连续三年最受青睐,证券时报
2019-01-02,机构全年调研逾1400家公司 海康威视连续三年最受青睐,证券时报
2019-01-02,"电力设备与新能源行业:10月海外电动车销量7.3万辆,表现平稳",东吴证券
2019-01-01,【华创电新】周观点：特斯拉推进中国供应商开发，新能源年底需求持续旺盛,华创电新研究
2019-01-01,【长江电新-周观点】新能源有望旺季开年，板块“避风港”价值强化,长江电力设备新能源
2018-12-29,"电力设备新能源行业2019年投资策略:脚步渐近,新能源迈向平民时代",正点财经
2018-12-27,电气设备：中国制造支撑工控需求 荐6股,和讯
2018-12-27,智能电网掀涨停潮 关注细分龙头,金融投资报
2018-12-25,【中信电新】电动汽车周报：燃料电池行业专题之四——氢气的生产、运输和加注,微信
2018-12-25,基金早报：证监会部署税延养老公募试点 货币ETF骤降,新浪
2018-12-25,陈光明、裘国根、邓晓峰 这些大佬为何盯上这些股票？,中财网
2018-12-25,盘前参考:美股跌完亚太跌！日本股市重挫4% A股跟不,中财网
2018-12-25,39股获券商买入评级 五粮液目标涨幅达47.17%,Wind
2018-12-25,【东吴晨报1225】【年度策略】传媒【个股】汇川技术,东吴研究所
2018-12-25,【晨会聚焦】第三代“婴儿潮”的消退,中泰证券研究所
2018-12-25,【电新】邹玲玲、花秀宁（研究助理）：11月风电装机同增50%，电动车持续景气-20181224,中泰证券研究所
2018-12-25,【电气设备新能源|张文臣团队太平洋证券】正极材料高镍化趋势不变，海上风电有望加速开工,太平洋证券研究
2018-12-24,"电气设备行业跟踪周报:确定性和成长性兼具,看好优质龙头",正点财经
2018-12-24,电气设备：成长 逆周期属性并存,和讯
2018-12-24,减税大礼包来了！个税改革将全面落地 8金股望持续爆发,巨丰财经
2018-12-24,汇川技术：轨交有望再添一单 即将迎来交付旺季,中金公司
2018-12-24,24日早间上市公司重要公告汇总,证券时报网
2018-12-24,盘前必读公告：上市公司重大消息一览！,巨丰财经
2018-12-23,A股头条之上市公司公告精选（12.23）,金融界
2018-12-23,多因素利好金价表现，黄金板块有望迎来量价齐升,第一财经
2018-12-23,涨停板早知道：七大利好明日有望发酵,新浪
2018-12-23,【国金电新周观点】重视新能源板块比较优势，政策预期波动提供上车机会,新兴产业观察者
2018-12-23,公告汇总：猛狮科技与国资企业达成合作,网易
2018-12-23,汇川技术：控股子公司预中标1.92亿元轨道交通项目,Wind
2018-12-23,汇川技术：子公司预中标1.93亿元采购项目,e公司
2018-12-21,【东吴晨报1221】【策略】中观数据【行业】电新,东吴研究所
2018-12-20,电力设备及新能源行业:11月份宏观经济数据跟踪及对工控行业影响,正点财经
2018-12-20,工业机器人市场生气蓬勃，国产伺服电机趁势崛起,亿欧网
2018-12-19,SCARA机器人市场火热 未来发展趋势不容错过,赛迪网
2018-12-18,【电新】邹玲玲、花秀宁（研究助理）：“全球电动化+本土化”加速，继续看好风电中游-20181216,中泰证券研究所
2018-12-18,深圳本地股迎重磅利好 近9亿元资金抢筹12只龙头股,证券日报
2018-12-18,"电力设备行业2019年度投资策略报告:风电竞价来临,平台型工控企业值得关注",渤海证券
2018-12-16,立足大趋势，把握边际改善环节【安信电新·周观察 1216】,电新邓永康团队
2018-12-16,新能源汽车机会越来越明晰,巨丰财经
2018-12-15,陈光明专户产品备案规模逾80亿 新基金相中哪些上市公司？,投资快报
2018-12-14,电气设备：11月装机电量8.9GWH 荐10股,和讯
2018-12-14,并购热度持续回升 11只个股年内被亿元以上资金追捧,广州日报
2018-12-14,【东吴电新曾朵红团队】11月装机电量点评：11月装机电量8.9gwh，环比大增50%，前11月已累计44gwh,新兴产业汇
2018-12-13,年内1843家公司涉并购重组 机构推荐14只相关概念股,证券日报
2018-12-12,"汇川技术2018年三季报点评:工控业务稳健发展,新能源业务提升成长空间",正点财经
2018-12-11,【平安重点】2019年电力设备行业年度策略报告*政策确定性趋强，聚焦增量与溢价*强于大市,平安研究
2018-12-10,电气设备：持续看好电动车和光伏龙头 荐17股,和讯
2018-12-10,【头条研报】前11月新能源车产超6成 机构研究3公司,新浪
2018-12-10,电力设备新能源2018年度投资策略：继往开来,金融界
2018-12-06,国海证券：新能源汽车行业处于换挡加速期 头部企业价值凸显,证券时报网
2018-12-03,"电力设备与新能源行业周报:政策偏暖和年底需求旺盛,电动车和光伏龙头领涨",中证网
2018-12-01,巨丰原创：新能源汽车接过领涨大旗,巨丰财经
2018-11-30,五大券商下周看好6板块35股,证券之星
2018-11-30,汇川技术股份有限公司董事长朱兴明演讲,新浪
2018-11-30,"电力设备行业月报:光伏景气度提升,工控板块承压",渤海证券
2018-11-29,汇川技术：估值拐点显现 再次赢得机构青睐,证券市场周刊
2018-11-28,财融汇·早间必读 | 20181128,财通证券融资融券部
2018-11-27,汇川技术今日大宗交易成交124.99万股，成交价18.86元折价10.49%,Wind资讯
2018-11-27,盘前参考:四大行20+万亿入A股人造牛 科创再现利好,中财网
2018-11-27,【电新苏晨】兴业电新2019年年度策略：凤凰涅槃，方可走出轮回,兴证研究
2018-11-26,电力设备行业周报:青海~河南、陕北~武汉特高压工程开始设备招标,渤海证券
2018-11-23,巨丰投顾：创投爆炒后谁将接过领涨大旗？,中新经纬
2018-11-22,近期有两家基金公司很受投资者关注,新浪
2018-11-21,[快讯]汇川技术发布解除质押公告 涉及股份5616万股,中财网
2018-11-20,禾望电气业绩全面下滑，实控人欲增持稳人心 盈利能力下降,国际金融报
2018-11-20,中科院助粤港澳大湾区科创建设 超15家机构联袂推荐6只潜力股,证券日报
2018-11-20,26股获券商买入评级 华菱钢铁目标涨幅达48.04%,Wind
2018-11-20,"电气设备行业周报:配额制有望缓解补贴缺口,重视三元产业链龙头",国海证券
2018-11-20,"2018年机械行业周报11月第3期:光博会助力激光行业加速发展,10月工业机器人下滑幅度收窄",证券之星
2018-11-19,中科院助粤港澳大湾区科创建设 超15家机构推荐6股,证券日报
2018-11-19,浙商·电新公用环保 | 配额制三征意见，政策或助环保企业经营改善,浙商证券研究所
2018-11-19,电力设备与新能源行业周报:新能源和电动车优质龙头成长性看好,东吴证券
2018-11-19,"电力设备与新能源及公用环保行业周报:配额制三征意见,政策或助环保企业经营改善",浙商证券
2018-11-19,电力设备行业周报:国家电网在欧盟的首个电网EPC项目正式竣工,渤海证券
2018-11-18,【国金电新周观点】配额制政策第三次征求意见，明年一月正式执行,新兴产业观察者
2018-11-18,电气设备：关注风电行业制造环节的盈利改善,川财证券
2018-11-16,电新行业：18年第11批推广目录点评,东吴证券
2018-11-15,【东吴电新】10月装机电量点评：同比翻倍，环比持平，单车带电量均略有下滑,新兴产业汇
2018-11-15,【东吴电新】10月电动车销13.8万辆，乘用车与商用车均稳定增长，看好龙头成长行情,新兴产业汇
2018-11-15,【东吴电新】三季报点评：电力设备中低压电器表现抢眼 工控板块向头部集中,新兴产业汇
2018-11-15,【东吴晨报1114】【行业】电新【个股】万达电影、顾家家居,东吴研究所
2018-11-15,【电新*曾朵红】电力设备中低压电器表现抢眼,东吴研究所
2018-11-15,【电新*曾朵红】10月装机电量点评：同比翻倍，环比持平，单车带电量均略有下滑,东吴研究所
2018-11-14,新能源汽车行业点评40:上调2018年新能源汽车产量预期至125万辆,浙商证券
2018-11-13,11月13日 大宗交易,每日经济新闻
2018-11-13,【电新*曾朵红】10月电动车销13.8万辆，乘用车与商用车均稳定增长，看好龙头成长行情,东吴研究所
2018-11-13,【东吴晨报1113】【行业】银行、电新【个股】安踏体育,东吴研究所
2018-11-12,【中信建投电新】新能源汽车：累计销量超过17年总量，乘用车产销持续高增长,新能源沙龙
2018-11-10,【东吴电新】电动车行业三季报总结：电动车板块整体稳健增长，板块分化明显,新兴产业汇
2018-11-09,【电新*曾朵红】电气设备行业2018年三季报总结：电动车板块整体稳健增长，板块分化明显,东吴研究所
2018-11-09,【东吴晨报1109】【行业】电新、医药【个股】杰瑞股份,东吴研究所
2018-11-07,【中信建投电新周观点】光伏装机预期上调，强烈看好产业链龙头,新能源沙龙
2018-11-07,【中信建投电新】三季报综述：业绩增速回落，优选各环节龙头,新能源沙龙
2018-11-07,"汇川技术前三季度经营情况总结:承压背景下亮点凸显,通用自动化+新能源乘用车保驾护航",正点财经
2018-11-06,市场回暖机构看“多”，千股调涨青睐科技板块,Wind
2018-11-06,【电新】三季报综述：板块业绩短期承压，细分领域持续分化,中银国际证券研究
2018-11-05,赵军冯柳邓晓峰裘国根等牛私募三季度的股票大动作,新浪
2018-11-05,电气设备：中游格局持续集中 荐7股,安信证券
2018-11-05,电力设备行业周报:能源局发布2018年前三季度风电并网运行情况,渤海证券
2018-11-03,海外机构对42家上市公司进行调研 海康威视最受关注,证券时报网
2018-11-02,【华创电新】本周重点覆盖公司信息归总,华创电新研究
2018-11-02,期指主力合约全涨 IF1811涨幅4.02%,证券之星
2018-11-01,汇川技术股东汇川投资质押660万股 占其所持股份的2.13%,挖贝网
2018-11-01,读懂新能源的第一篇雄文！钴锂、电芯、三元……产业链上中下游都梳理好了！,上海有色
2018-11-01,创业板：让资本活水灌溉双创企业未来,证券时报
2018-10-31,201亿资金加速进驻 主力资金重仓五类股,证券之星
2018-10-30,前三季度工业自动化企业业绩表现,Ofweek
2018-10-30,港珠澳大桥提振粤港澳大湾区 机构联袂推荐5只概念股,证券日报
2018-10-30,[快讯]汇川技术发布质押公告 涉及股份7626万股,中财网
2018-10-29,这只“老白马”三季度被港资减仓 内地机构却蜂拥而至,每日经济新闻
2018-10-29,【中银电新 沈成团队】电力设备与新能源行业10月第4周周报：青海-河南直流特高压获批，三季报密集发布,微信
2018-10-29,特高压工程大规模建设 核心装备是关键,电新邓永康团队
2018-10-29,电气设备：青海 河南直流特高压获批,中银国际
2018-10-29,机构调研热度回升 海康威视最受追捧,证券时报
2018-10-28,【国金电新周观点】特高压核准正式启动，LG南京电池工厂动工,新兴产业观察者
2018-10-26,【新时代电新 开文明团队】汇川技术：自动化增速较高，轨交&机器人带来新动能，新能源有待放量,新时代证券研究
2018-10-26,171股获券商买入评级 东方雨虹目标涨幅达115.63%,Wind
2018-10-25,【华创电新】汇川技术：通用自动化业务持续快速增长，巩固行业龙头地位,华创电新研究
2018-10-25,机构评级精选：5G时代受益显著 中新赛克评级获机构上调,巨丰财经
2018-10-25,【中银电新 沈成团队】汇川技术（300124）2018年三季报点评：业绩稳进增长，通用自动化增速较高,老成之见
2018-10-25,汇川技术：通用自动化持续高增长 买入评级,广发证券
2018-10-25,联讯证券：汇川技术买入评级,联讯证券
2018-10-24,24日晚公告精选丨多家公司说明深圳国资驰援情况,21世纪经济报道
2018-10-24,A股头条之上市公司公告精选（10.25）,金融界
2018-10-24,汇川技术：前三季度净利7.94亿元 同比增9.8%,e公司
2018-10-24,汇川技术：前三季度净利润同比增9.80%,Wind
2018-10-23,沪指下跌1.1%报2625.75点 饮料制造等板块领跌,腾讯网
2018-10-22,次新导航（第41期）：证监会核发新股1家，新农股份建议关注,微信
2018-10-22,[互动]汇川技术：2018年新能源车行业整体情况与预期有一定差距,全景网
2018-10-22,业绩超预期公司成二级市场资金布局重点,证券日报
2018-10-21,【国金电新周观点】能源变革论坛召开，关注电网功能升级,新兴产业观察者
2018-10-19,【东吴电新】9月电动车销12.1万辆，乘用车表现亮眼，商用车开始起量，看好龙头成长行情！,新兴产业汇
2018-10-19,37股获券商买入评级 隆华科技目标涨幅达54.48%,Wind
2018-10-18,电力设备与新能源行业：光伏产品价格表现分化 锂电龙头业绩亮眼,国金证券股份有限公司
2018-10-18,51股获券商买入评级：鲁亿通目标涨幅达160%,Wind
2018-10-18,【东吴晨报1018】【个股】汇川技术、信维通信、中国海防,东吴研究所
2018-10-18,"汇川技术:精耕智能制造,发力新能源车,“双王战略”助力工控龙头持续高增长",国金证券
2018-10-18,"电力设备与新能源行业9月装机电量点评:同环比增幅明显,商用车已起量",东吴证券
2018-10-17,电气设备与新能源行业周报：电动车产销旺盛 看好龙头成长行情,中证网
2018-10-17,电新行业：乘用车表现亮眼 看好龙头成长行情,金融界
2018-10-17,我国工业机器人产量占全球1/3，核心零部件自主研发能力提升,第一财经
2018-10-17,【电新*曾朵红】9月电动车销12.1万辆，乘用车表现亮眼，商用车开始起量，看好龙头成长行情！,东吴研究所
2018-10-17,浙商早班车2018.10.17,浙商证券研究所
2018-10-17,电力设备与新能源行业10月第2周周报:9月国内新能源汽车产销高增长,证券之星
2018-10-17,"汇川技术业绩预告点评:通用业务增长体现阿尔法,电动车布局长远",东吴证券
2018-10-17,新能源汽车行业点评39:18年前三季新能源汽车产销逾70万辆,浙商证券
2018-10-16,浙商·电气新能源 | 18年前三季新能源汽车产销逾70万辆,分析师
2018-10-16,财融汇·早间必读 | 20181016,微信
2018-10-16,[互动]汇川技术：受宏观经济形势影响 经营有一定压力,全景网
2018-10-16,[强大于市评级]深度*行业*电力设备与新能源行业2018年三季报前瞻：行业景气有所回落 细分板块持续分化,中财网
2018-10-16,【电新】三季报前瞻：行业景气有所回落，细分板块持续分化,中银国际证券研究
2018-10-15,大客户汇川技术逼近跌停 斯达半导体如何冲击IPO？,第一财经
2018-10-15,[增持评级]汇川技术(300124)三季报业绩预告点评：整体业绩符合预期 期待新能源汽车发力,中财网
2018-10-15,[推荐评级]电气设备行业事件点评报告：电动车产销提速 产业链企稳在望,中财网
2018-10-15,[推荐评级]汇川技术(300124)三季报业绩预告点评：工控业务持续较快增长 高研发投入影响短期利润增速,中财网
2018-10-15,汇川技术午后封跌停 成交额3.86亿元封单492手,腾讯网
2018-10-15,[买入评级]电气设备行业周报：九月销量涨势明显 宁德时代扣非业绩增八成,中财网
2018-10-15,[推荐评级]电气设备行业点评：新能源汽车9月产销逆势高增长,中财网
2018-10-15,电气设备：电动车产销提速或促行业转暖 荐3股,国海证券
2018-10-15,电新行业周报：电车产销两旺 光伏政策趋好,中财网
2018-10-15,智能制造行业发展空间巨大 系统解决方案市场生态初步形成,前瞻研究院
2018-10-15,"汇川技术:业绩预告符合预期,通用自动化稳健增长,新能源即将释放",证券之星
2018-10-13,【华创电新】本周重点覆盖公司信息归总,华创电新研究
2018-10-11,对比三大股指 创指前十大权重拖累指数度最高,中证网
2018-10-10,麦捷科技：募投项目产能释放 股权激励彰显信心,红周刊
2018-10-10,2018世界智能制造大会明起举行 相关概念股或受益,证券时报网
2018-10-09,三季度机构调研偏爱中小创 海康威视最受宠,金融投资报
2018-10-09,北上资金3季度买卖A股名单来了：白马股被弃，这一概念大获青睐！,每日经济新闻
2018-10-09,看好中国｜制造中国——智能制造试点示范项目持续推进 助力工业自动化升级,巨丰财经
2018-10-07,【国金电新周观点】配额制再次征求意见近落地，关注特高压核准,新兴产业观察者
2018-10-06,金力永磁股票分析：国内新能和节能环保领域核心材料领先供应商,南方财富网
2018-09-27,电气设备：前八月硅价先扬后抑 荐5股,渤海证券
2018-09-27,"电气设备行业周报:新能源车中游需求发力,特高压建设提速",国海证券
2018-09-26,[快讯]汇川技术发布质押公告 涉及股份2000万股,中财网
2018-09-26,三大期指高位震荡 IF和IH涨逾1%,证券之星
2018-09-26,【新时代机械郭泰团队】 研发抵税专题研究：全行业降低企业税赋，进一步助力高端制造领域,机械泰通
2018-09-26,"汽车行业周报:厚积而薄发,汽车消费结构正在转变",山西证券
2018-09-24,粤港澳大湾区再获利好 QFII与社保基金围猎4只个股,证券日报
2018-09-21,【2018全球未来出行大会】中国科学院电子所研究部主任温旭辉：新能源汽车电机驱动技术发展,盖世汽车
2018-09-21,强势股追踪 主力资金连续5日净流入60股,证券时报网
2018-09-19,【电气设备新能源|张文臣团队太平洋证券】新能源车产销旺季，新能源平价发电加速到来,太平洋证券研究
2018-09-19,"电力设备行业:新能源车旺季开启,特高压基建提速",安信证券
2018-09-18,"电气设备行业周报:钴及电解液涨价,领跑者支撑单晶PERC后续价稳",正点财经
2018-09-18,【电新】邹玲玲、花秀宁（研究助理）：电动车短期反弹有动力，新能源平价时代到来-20180917,中泰证券研究所
2018-09-17,今日资金抢入六只强势股一览（2018年9月17日）,中财网
2018-09-17,"汇川技术:中报业绩持续增长,新能源汽车业务放量",正点财经
2018-09-17,8月机构频频出动：百亿私募调研次数环比增3倍,每日经济新闻
2018-09-16,【国君电新|周观点】蔚来上市催化，行业预期积极转好,国君电新深度观察
2018-09-16,机构调研瞄准蓝筹价值标的 6只个股被机构联袂推荐,证券日报
2018-09-14,汇川技术：平台布局彰显竞争优势 厚积薄发等待乘用车花开,渤海证券
2018-09-14,"电气设备行业周报:需求转暖价格依然承压,重视反弹时龙头溢价",国海证券
2018-09-13,石油股大涨医药股大跌,红周刊
2018-09-13,机械设备：拓展应用市场攻坚核心技术,顶尖财经网
2018-09-13,【数据揭秘】09月12日 融资客最看好的前20只个股,每日经济新闻
2018-09-13,百亿私募调研猛增两倍，科技消费受关注,中证报
2018-09-13,百亿私募调研猛增两倍 科技消费板块备受关注,中证报
2018-09-13,百亿级私募“抱团”调研 汇川技术等获7家关注,证券日报
2018-09-12,电气设备：新能源消纳稳步提升 荐8股,广发证券
2018-09-12,股票私募8月平均亏损超4%百亿级私募亏损最多,腾讯网
2018-09-11,8月私募行业平均收益-2.83%，机构抱团调研中小创个股,澎湃新闻
2018-09-11,18年第9批推广目录点评：低能量密度车型几乎被淘汰 乘用车高续航比例进一步提升,东吴证券
2018-09-11,电新行业：国家推进输变电工程建设持续看好风电板块,顶尖财经网
2018-09-11,【东吴晨报0911】【策略】周策略【行业】环保、电新,东吴研究所
2018-09-11,海外机构调研75家公司 三季报业绩预喜是主要特征,证券日报
2018-09-11,"电力设备与新能源行业周报:电网基建加码,新能源汽车金九银十可期",万联证券
2018-09-11,"电力设备行业周报:国家电网深化中非合作,推动“一带一路”建设",渤海证券
2018-09-10,"麦捷科技:MPIM前景明朗,卡位滤波器收获5G红利",正点财经
2018-09-10,【平安重点】行业专题报告*电力设备*中报业绩整体尚可，存量升级态势延续*强于大市,平安研究
2018-09-10,【国君电新|周观点】电解液与特高压的周期轮回,国君电新深度观察
2018-09-10,【东吴晨报0910】【中报总结】电新、计算机、保险【行业】月饼行业深度【个股】中青旅、先导智能、旭辉控股集团,东吴研究所
2018-09-10,【电新*曾朵红】2018中报总结： 电力设备中低压电器表现抢眼，工控板块向头部集中,东吴研究所
2018-09-08,【东吴电新】中报点评：电动车板块整体稳健增长，板块分化明显,新兴产业汇
2018-09-08,【东吴电新】中报点评：电力设备中低压电器表现抢眼，工控板块向头部集中,新兴产业汇
2018-09-07,中金：料中国电气设备行业稳步增长 推荐国电南瑞,经济通
2018-09-06,9月6日券商晨会研报汇编,证券日报
2018-09-06,三季度以来机构“摸底”609股偏爱电子化工生物医药三行业,顶尖财经网
2018-09-06,"电力设备行业2018中报总结:企业分化,聚焦龙头",安信证券
2018-09-05,【光大证券】跨市场新能源汽车产业链2018年中报总结——龙头优势明显，静待毛利率调整,EBSCN新三板研究
2018-09-05,"汇川技术跟踪笔记之一:十年之期看汇川,轻舟已过万重山",正点财经
2018-09-05,电气设备：电力设备分化明显 荐4股,广发证券
2018-09-05,电气设备：聚焦龙头 荐12股,安信证券
2018-09-05,"新能源汽车行业中报总结:上游与中下游盈利分化,行业进入调整期",证券之星
2018-09-04,【中报总结】电新行业2018年中报总结：从数量向质量发展结构性变化中寻找投资机会,东兴研究圈
2018-09-04,【国君电新】解密ABB#3,国君电新深度观察
2018-09-03,次新股中报扣非净利润同比显著增长——华泰中小盘周报,华泰中小市值
2018-09-03,电气设备：整体平稳 荐4股,中银国际
2018-09-03,机构8月密集调研科技类公司,中证报
2018-09-03,【国君电新|周观点】锂电洗牌加剧，产能逐步退出,国君电新深度观察
2018-08-31,24家知名机器人相关上市公司2018上半年财报,Ofweek
2018-08-31,科技股上半年表现亮眼，或成基金新宠,国际金融报
2018-08-30,麦捷科技：MPIM前景明朗，卡位滤波器收获5G红利,平安证券
2018-08-30,"汇川技术:中期业绩符合预期,新能源车业务快速增长",广发证券
2018-08-30,上半年倍受基金青睐 超跌成长股或现良机,天天基金网
2018-08-30,8月30日券商晨会研报汇编,证券日报
2018-08-29,平安研报20180829,平安研究
2018-08-29,【平安重点】汇川技术*300124*汇川跟踪笔记之一：十年之期看汇川，轻舟已过万重山*强烈推荐,平安研究
2018-08-29,兴证销售每日AH推荐-20180830,兴证销售每日精选
2018-08-28,半年报浮现基金投资意向新兴成长股获青睐,国际金融报
2018-08-28,【电气设备与新能源|太平洋证券】新能源车进出口表现强劲，风电龙头业绩提升兑现,太平洋证券研究
2018-08-28,汇川技术：小业务强平台助力业绩提升 “双王”初现曙光,证券时报
2018-08-28,100只成长股研发投入比例走高 投资者更偏爱谁？,证券日报
2018-08-28,"电新行业周报:锂电装机表现良好,风电龙头中报符合预期",联讯证券
2018-08-27,电气设备与新能源行业周报：电动车继续看好龙头重视低估值高增长龙头,顶尖财经网
2018-08-27,[强于大市评级]深度*行业*电力设备与新能源行业周报：欧盟光伏贸易壁垒取消在即 国内风电持续复苏,中财网
2018-08-27,外资机构集中调研A股科技类公司,中财网
2018-08-27,百家机构调研股曝光 机构看好机器人概念股,中财网
2018-08-27,三因素支撑外资持续增配A股 最新调研曝光2大选股逻辑,证券日报
2018-08-26,258家机构关注，几乎一半为私募！这家公司为啥这么火？,21世纪经济报道
2018-08-26,电气设备：欧盟光伏贸易壁垒取消在即 国内风电持续复苏,中银国际
2018-08-25,电气设备: 新能源乘用车应用领域深度解析,红周刊
2018-08-23,[买入评级]汇川技术(300124)中报点评：通用自动化+新能源汽车共同发力 半年报业绩符合预期,中财网
2018-08-23,业绩符合预期 通用自动化、乘用车业务具备长期潜力,招商证券
2018-08-23,8月23日券商晨会研报汇编,证券日报
2018-08-22,[推荐评级]电力设备与新能源行业周报：造车新势力步伐加快 光伏产业链价格继续微降,中财网
2018-08-22,8月22日券商晨会研报汇编,证券日报
2018-08-22,[优于大市评级]汇川技术(300124)半年报点评：通用自动化、新能源汽车驱控持续快速增长,中财网
2018-08-22,浙商早班车2018.08.22,浙商证券研究所
2018-08-21,浙商·电气新能源 | 汇川技术：经营稳健，新能源汽车业务发展快,分析师
2018-08-21,汇川技术：终止发行股份购买资产事项 再融资异常,e公司
2018-08-21,[中性评级]新能源行业周报：高端产品突破中 低谷中蕴涵突破,中财网
2018-08-21,22日机构强推买入六股成摇钱树,证券之星
2018-08-21,[买入评级]电气设备行业周报：静待新能车销量回暖 持续看好风机龙头,中财网
2018-08-21,[买入评级]汇川技术(300124)中报点评：中报业绩符合预期 工控维持高景气 静待新能源车电控放量,中财网
2018-08-21,中银国际*每日速递20180821：飞凯材料、汇川技术、天士力、沃森生物、通威股份、舍得酒业、岭南股份、烽火通信、中国巨石等,中银国际证券研究
2018-08-21,[强于大市评级]深度*行业*电力设备与新能源行业周报：7月全社会用电量同比增长6.8%,中财网
2018-08-21,152股获券商买入评级 联创电子目标涨幅达103.33%,Wind
2018-08-21,【东吴晨报0821】【行业】医药【个股】汇川技术、火炬电子、晨光文具等,东吴研究所
2018-08-21,【汇川技术*曾朵红】中报整体符合预期，智能制造+电动车空间广阔,东吴研究所
2018-08-21,"电气设备与新能源行业周报:电动乘用车销售向好,坚定看好龙头",东吴证券
2018-08-21,"汇川技术:中报符合预期,新业务布局持续深入",安信证券
2018-08-20,汇川技术：中报业绩符合预期，工控龙头业绩稳健增长【国信机械】,机械老司机
2018-08-20,[看好评级]电气设备行业周报：车型丰富强化消费崛起后盾 经济放缓不改工控向好逻辑,中财网
2018-08-20,今日资金抢入六只强势股一览（2018年8月20日）-第4页,中财网
2018-08-20,[审慎增持评级]汇川技术(300124)半年报点评：新能源汽车表现亮眼 业绩符合预期,中财网
2018-08-20,[强烈推荐评级]汇川技术(300124)半年报点评：通用自动化稳快 新能源轨交乘风,中财网
2018-08-20,[领先大市-A评级]电力设备行业动态分析：三大主线日益明晰 新能源车逻辑不改,中财网
2018-08-20,[增持评级]汇川技术(300124)半年报点评：“双王”战略为公司保驾护航,中财网
2018-08-20,[增持评级]电力设备新能源行业周报：电动车逐月回暖 全球风电需求提速,中财网
2018-08-20,【平安】汇川技术*300124*通用自动化稳快，新能源轨交乘风*强烈推荐,平安研究
2018-08-20,[增持评级]电气设备行业周报：继续看好风电龙头 新能源车静候凤凰涅槃,中财网
2018-08-20,机器人行业前景如何？机器人从业薪酬分布报告,工业电器网
2018-08-20,[增持评级]汇川技术(300124)中报点评：业绩符合预期 新能源车业务高速增长,中财网
2018-08-20,『早安，新时代！』晨会早读2018/8/20：今日关注汇川技术、东方电缆、杭州园林,新时代证券研究
2018-08-20,[增持评级]深度*公司*汇川技术(300124)中报点评：中报业绩持续增长 新能源汽车业务放量,中财网
2018-08-19,【国君电新|周观点】风电龙头迎三重利好催化,国君电新深度观察
2018-08-19,【中泰电新】汇川技术：业绩符合预期，工控业务维持增长，静待新能源车放量,中泰电新研究
2018-08-19,汇川技术：智能制造+新能源汽车战略持续深化 强烈推荐评级,方正证券
2018-08-19,[强烈推荐评级]汇川技术(300124)半年报点评：业绩符合预期 工控市占率继续提升 乘用车产品开始批量销售,中财网
2018-08-19,[买入评级]汇川技术(300124)中报点评：工业自动化稳定增长 新能源汽车快速推进 半年报符合预期,中财网
2018-08-17,汇川技术：上半年净利润同比增15.72%,Wind
2018-08-17,[推荐评级]汽车行业点评报告：电驱动桥-新能源汽车核心动力总成,中财网
2018-08-17,利德华福二十年芳华，从中关村加入施耐德再迈入数字化转型,中自网
2018-08-16,[推荐评级]新能源乘用车应用领域深度解析(电气设备行业),中财网
2018-08-15,[买入评级]工控&电力设备行业8月刊：工信部五方面促进制造业高质量发展 乌东德柔直启动招标,中财网
2018-08-15,8月15日券商晨会研报汇编,证券日报
2018-08-15,【电新苏晨】新能源乘用车应用领域深度解析,兴证研究
2018-08-15,【电新*曾朵红】7月电动乘用车销量7.1万辆，结构持续优化,东吴研究所
2018-08-15,"电力设备与新能源行业周报:电动车产销量平稳过渡,静待爆款车型放量",长城证券
2018-08-14,【东吴电新】7月电动乘用车销量7.1万辆，结构持续优化,新兴产业汇
2018-08-14,明日股市三大猜想及应对策略：工业互联网行情可期,中财网
2018-08-14,9家公司业绩大增 机构密集调研,证券时报
2018-08-14,8月14日券商晨会研报汇编,证券日报
2018-08-14,工业互联网市场规模将达万亿 板块6日吸金逾24亿元,证券日报
2018-08-13,电气设备：7月电动乘用车销量7.1万辆 荐14股,东吴证券
2018-08-13,[买入评级]电力设备与新能源行业研究周报：十三五电力规划启动调整 造车新势力开始放量,中财网
2018-08-13,上周基金调研19家公司,中国基金报
2018-08-13,本周解禁市值达260亿元 多家公司定增限售股流通,证券时报
2018-08-10,下周294亿市值限售股解禁，环比增加186%,Wind
2018-08-10,[公司]汇川技术：生产工人流失率为每年40%-50%,全景网
2018-08-10,北上资金抢筹58只个股 其中56只个股被券商看好,证券日报
2018-08-09,东吴电新:电动车板块持续向好 中游龙头有望引领反转,新浪
2018-08-09,"电力设备与新能源行业点评:18年第8批推广目录点评,专用车集中申报,放量在即",东吴证券
2018-08-07,【建投策略】养老基金获批助推机构化过程——8月第1周流动性观察,中信建投
2018-08-06,367亿主力资金近三日撤出融资融券概念股,中财网
2018-08-06,机械板块个股或现分化态势 机构选股趋同性增加,股城网
2018-08-06,巨头入局，无人配送真的要来了么,砍柴网
2018-08-06,基金二季报梳理：基金重仓股中暗藏了哪些秘密,中财网
2018-08-05,电力设备与新能源行业：6月海外电动车销量5.96万辆同环比稳步增长,顶尖财经网
2018-08-04,74只个股获10家以上机构扎堆看好 六股值得期待,证券日报
2018-08-03,"电力设备与新能源行业周报:单晶硅片再度降价,配额制出台值得期待",长城证券
2018-08-02,7月北上资金增持金融股减持消费股,腾讯网
2018-08-02,汇川技术：正在试验高速电动机和磁浮轴承,中证网
2018-07-31,巨头入局，无人配送真的要来了么？,极客公园
2018-07-31,电气设备新能源行业周报：电芯产业链迅速提升 风电环比改善,中财网
2018-07-31,[买入评级]电气设备行业周报：可再生能源配额制年内出台 新能源发电预期转好,中财网
2018-07-31,7月31日券商晨会研报汇编,证券日报
2018-07-31,【电力设备与新能源|邵晶鑫团队太平洋证券】北汽全面新能源化战略坚定，风光补贴强度不变提振信心,太平洋证券研究
2018-07-30,[增持评级]联讯电新周报：配额制年内或将出台 风光板块长期发展向好,中财网
2018-07-30,中国机器人生产的地方在哪里，难怪这些地方的工业如此发达,工业电器网
2018-07-30,"电力设备与新能源行业周报:电动车龙头继续看反转,风光龙头估值开始修复",东吴证券
2018-07-29,【长江电新.周观点】电动车旺季可期，风电复苏正当时,长江电力设备新能源
2018-07-25,【华创电新】本周重点覆盖公司信息归总,华创电新研究
2018-07-25,自动化行业：行业或有短期扰动，优势产品公司长期空间更加清晰,招商证券
2018-07-25,[推荐评级]动力电池与电气系统系列报告之(二十一)：上半年锂电池数据分析：动力电池库存已降到合理水平,中财网
2018-07-25,2Q18基金持仓(电气设备行业)：光伏收紧影响配置意愿 向新能源车板块转移,中财网
2018-07-25,跨市场新能源汽车周报(2018年第30期):宁德时代加深与华晨宝马战略合作关系,光大证券
2018-07-24,【东吴电新】电动汽车行业点评：2018年上半年电池与车企配套情况,新兴产业汇
2018-07-24,[推荐评级]电力设备与新能源行业周报：宁德时代深化下游客户合作 电力市场化交易助新能源消纳,中财网
2018-07-24,[买入评级]工控&电力设备行业7月报：IAS&RS助力华中智能制造 国网充电桩招标量提升,中财网
2018-07-24,[买入评级]电气设备行业周报：钴锂短期调价影响中游 硅料价格再次反弹,中财网
2018-07-24,基金2Q18机械持仓分析：板块持仓回升 关注稳定内需+自主可控,中财网
2018-07-24,46股获券商买入评级 凯乐科技目标涨幅达96.67%,Wind
2018-07-24,【新时代机械 郭泰团队】 基金超配机械比例明显提升，业绩超预期个股受青睐,新时代证券研究
2018-07-24,"电力设备与新能源行业周报:升级元年和旺季在即,电动车龙头成长行情发酵",东吴证券
2018-07-23,【招商策略】私募资管规模收缩明显，小盘股基金仓位占比提升——金融市场流动性与监管动态周报（0723）,招商策略研究
2018-07-23,【长江电新&机械】汇川技术中报预告点评：新能源汽车电控及通用自动化带动收入高增长，扣非归母净利润持续上行,CHM长江机械
2018-07-23,汇川技术：工控+新能源车电控引领业绩高增速,中信建投
2018-07-23,7月23日券商晨会研报汇编,证券日报
2018-07-23,北上资金净买入21.36亿 分众传媒净买入居首,证券时报网
2018-07-23,[增持评级]电气设备行业周报：风电反转逻辑持续验证 海上风电将有优异表现,中财网
2018-07-23,北向资金持续加仓 A股配置价值凸显,中证报
2018-07-22,【国金电新周观点】整车与电池厂合作掀高潮，龙头优势继续扩大,新兴产业观察者
2018-07-22,电气设备：半年报逾八成公司业绩环比预增,投资快报
2018-07-21,【平安】行业动态跟踪报告*电力设备*新能源汽车延续高景气度，风光变局未见分晓*强于大市,平安研究
2018-07-21,【新时代证券】本周精选：电新-工控自动化行业深度报告，公司深度：桃李面包、华工科技、璞泰来、金圆股份,新时代证券研究
2018-07-20,[传闻求证]凰权项目华策影视支付给倪妮的片酬高达9778万元？,全景网
2018-07-20,电动车新一轮三年十倍(汽车与汽车零部件)：“补贴”结束 “高端”开启,中财网
2018-07-20,[互动]汇川技术：围绕产品性能等打造新能源乘用车业务综合竞争力,全景网
2018-07-20,汇川技术：7月19日融资余额为5.67亿元，较前一日骤增9.04%,Wind资讯
2018-07-20,【东吴晨报0720】【行业】机械、电新、电子【个股】新高教集团、龙净环保,东吴研究所
2018-07-20,电力设备行业周报:6月份全社会用电量同比增长8.0%,渤海证券
2018-07-19,浙商·电气新能源环保 | 一周重要公告（2018.7.14-20）,分析师
2018-07-19,[增持评级]电力设备与新能源行业点评：2018年上半年电池与车企配套情况,中财网
2018-07-19,310批新车公示新能源专用车配套分析 国轩高科与宁德时代打平，国能电池进前三,盖世汽车
2018-07-19,[互动]汇川技术：上半年起重业务标杆客户拓展取得较好进展,全景网
2018-07-18,深港通十大成交活跃股排名（7月18日）,Wind
2018-07-18,[互动]汇川技术：在国内电梯市场中的份额占比为35%-40%,全景网
2018-07-18,【华创电新】汇川技术点评：业绩符合预期，新能源汽车业务快速增长,华创电新研究
2018-07-18,"汇川技术点评报告:业绩预告基本符合预期,通用自动化业务潜力所在",正点财经
2018-07-18,动力电池行业迎来新高峰 电机电控市场格局尚未明晰,新华网
2018-07-18,[增持评级]18年第7批推广目录点评(电力设备与新能源行业)：共342款车型入选 高续航高能量密度趋势显著,中财网
2018-07-18,53股获券商买入评级 保利地产目标涨幅达122.05%,Wind
2018-07-18,7月18日券商晨会研报汇编,证券日报
2018-07-18,【东吴晨报0718】【行业】电新【个股】地素时尚、星源材质、乐普医疗,东吴研究所
2018-07-17,【东吴电新】电动车点评：6 月电动车结构优化，全球电动化取得实质 性进展，反转正当时,新兴产业汇
2018-07-17,[推荐评级]动力电池与电气系统系列报告之(二十)：2018年第7批推荐目录发布 高能量密度趋势不改,中财网
2018-07-17,[增持评级]电力设备与新能源行业点评：6月单月装机电量2.86GWH 同比增加33% 纯电乘用车带电量大幅提升,中财网
2018-07-17,7月17日券商晨会研报汇编,证券日报
2018-07-17,57股获券商买入评级 当代明诚目标涨幅达133.12%,Wind
2018-07-17,[强于大市评级]汽车行业专题研究：“补贴”结束 “高端”开启-电动汽车新一轮三年十倍,中财网
2018-07-17,【长江电新&机械】汇川技术中报预告点评：新能源汽车电控及通用自动化带动收入高增长，扣非归母净利润持续上行,CHM长江机械
2018-07-17,"电力设备与新能源行业点评:6月电动车结构优化,全球电动化取得实质性进展,反转正当时",东吴证券
2018-07-17,"电力设备行业:内外合力消费市加速,定海神针中国芯突破",安信证券
2018-07-17,"汇川技术事件点评:业绩增速符合预期,电控和通用自动化增长较快",渤海证券
2018-07-16,[强烈推荐评级]汇川技术(300124)：业绩预告符合预期 工控与新能源业务驱动公司高速成长,中财网
2018-07-16,[增持评级]汇川技术(300124)H1业绩预告点评：工控龙头优势明显 业绩增长符合预期,中财网
2018-07-16,跟随到超越 我国工控崛起正当时 3股迎腾飞契机,证券之星
2018-07-16,[强于大市评级]深度*行业*电力设备与新能源行业周报：6月新能源汽车产销与用电量持续高增长,中财网
2018-07-16,【平安】行业动态跟踪报告*电力设备*新能源汽车延续高景气度，风光变局未见分晓*强于大市,平安研究
2018-07-16,汇川技术预计今年上半年营收23.24-26.14亿元 新能源车业务拉动增长,盖世汽车
2018-07-16,7月16日券商晨会研报汇编,证券日报
2018-07-16,[推荐评级]汇川技术(300124)业绩预览：工控及电控稳定增长 内生外协驱动强化,中财网
2018-07-16,电气设备行业周报：光伏价格企稳 风电与电动车长期价值可期,中财网
2018-07-16,"工控自动化行业深度报告:跟随到超越,我国工控崛起正当时",证券之星
2018-07-15,[买入评级]汇川技术(300124)：新能源汽车及工控业务双轮驱动 半年度业绩增速符合预期,中财网
2018-07-15,【国金电新周观点】关注电新板块与中报相关的几类机会,新兴产业观察者
2018-07-13,[超配评级]电气设备新能源行业2018年中期策略：锂电格局迅速集中 板块底部择优配置,中财网
2018-07-12,[推荐评级]动力电池与电气系统系列报告之(十九)：从去库存向备库存转变 中游库存拐点正在来临,中财网
2018-07-12,[买入评级]工信部第7批目录及乘联会厂家数据：6月销售结构显著改善 乘用车高端化趋势不改,中财网
2018-07-11,电气设备新能源行业周报：电车集中度迅速提升 风电底部反转有望,中财网
2018-07-10,北水充沛南水枯——7月第2周流动性观察,中信建投
2018-07-10,[推荐评级]电力设备与新能源行业2018年中期投资策略：底部下拐点渐近 分化中龙头崛起,中财网
2018-07-10,[买入评级]电气设备行业周报：新能源车蓄势待发 硅料价格触底,中财网
2018-07-10,[增持评级]电气设备行业周报：下跌孕育机遇 重点关注风电与电动车高端产业链,中财网
2018-07-10,7月10日券商晨会研报汇编,证券日报
2018-07-10,"电力设备行业:迎电车浪潮,享智造盛宴",安信证券
2018-07-09,汇川技术跌1.74%，创近4个月新低，报30.00元,腾讯网
2018-07-09,汇川技术:新能源及轨交业务再次出发,正点财经
2018-07-09,汇川技术大跌5.04%，报28.99元,腾讯网
2018-07-09,汇川技术跌1.21%，创近4个月新低，报30.16元,腾讯网
2018-07-07,【长江电新-周观点】政策路径明确，坚定产业信心,微信
2018-07-06,[中性评级]电力设备行业周报：中国首个大型商业化光热电站一次带电并网成功,中财网
2018-07-06,[看好评级]电力设备及新能源行业动态跟踪：蓝天保卫战吹响新能源公交车、物流车新一轮进军号角,中财网
2018-07-05,A股情报局：共识效应，A股发生踩踏,腾讯网
2018-07-05,【东吴晨报0705】【电新】电动车反转大行情触发,东吴研究所
2018-07-04,[推荐评级]电力设备与新能源行业周报：电动车升级消费崛起 光伏产业链持续降价,中财网
2018-07-04,[增持评级]18年第6批推广目录点评(电力设备与新能源行业)：前16批目录废止 高能量密度、高续航趋势显著,中财网
2018-07-04,[推荐评级]机械设备行业跟踪报告：中国市场引领全球工业机器人高增长 5月机器人产量增速数据维持高位,中财网
2018-07-04,[增持评级]电气设备与新能源行业点评：5月单月装机电量4.49GWH 同比增加214% 商用车抢装亮眼,中财网
2018-07-04,[增持评级]电力设备与新能源行业点评：5月海外电动车销量5.23万辆 稳步增长,中财网
2018-07-04,"电力设备行业半年度投资策略:工控持续向好,风电平价上网加快到来",渤海证券
2018-07-03,汇川技术跌1.9%，创近2个月新低，报31.00元,腾讯网
2018-07-03,【平安重点】行业动态跟踪报告*新能源汽车*荣威MARVEL X启动预售*强于大市,平安研究
2018-07-03,成长篇 | 2018年下半年行业策略,国都证券
2018-07-03,汇川技术跌1.77%，创近2个月新低，报31.04元,腾讯网
2018-07-03,[推荐评级]电新18年中报预期(电气设备行业)：选对赛道 追求成长,中财网
2018-07-02,深市上市公司2017年度信息披露考核工作收官 上市公司总体信息披露质量较好,深交所
2018-07-02,深交所：深市涌现出一批信息披露质量好、运作规范水平高的公司,e公司
2018-07-02,[增持评级]电气设备行业周报：电动车边际改善 Q3旺季开启,中财网
2018-07-02,汇川技术跌3.87%，创近1个月新低，报31.55元,腾讯网
2018-07-02,[强大于市评级]深度*行业*电力设备与新能源行业周报：三代核电机组正式并网,中财网
2018-07-02,电气设备行业:电车拐点开启 消费崛起强化,长江证券
2018-07-02,[推荐评级]智能制造系列深度报告之六：装备制造业视角的工业互联网发展机会,中财网
2018-07-02,[增持评级]电力设备与新能源行业周报：升级元年和旺季开始 电动车龙头持续反转,中财网
2018-07-02,45股获券商买入评级 双环传动目标涨幅达75.03%,Wind
2018-07-02,机械设备行业中期策略报告：周期弹性兑现 进口替代是配置主线 工业互联网是方向,中财网
2018-07-02,"电气设备行业:风电处于估值底部,现长期投资机会",联讯证券
2018-07-01,智能制造产业链调研干货汇报【安信智能领航·第6期电话会议纪要】,电新邓永康团队
2018-07-01,【国金电新周观点】储能电池国家标准发布，电网电车外资股比放开,新兴产业观察者
2018-07-01,立足全球，感受中国芯力量【安信电新·周观察·0631】,电新邓永康团队
2018-06-29,半导体设备的国产化之路【安信智能领航闭门沙龙·第4期】,电新邓永康团队
2018-06-29,[强于大市评级]深度*行业*电新行业2018年中期策略：产业升级 格局优化,中财网
2018-06-29,[买入评级]汇川技术(300124)动态跟踪：强强联合 助力汇川快速发展,中财网
2018-06-29,24股获券商买入评级 保隆科技目标涨幅达131.84%,Wind
2018-06-29,【东吴晨报0629】【个股】汇川技术、烽火通信,东吴研究所
2018-06-29,【汇川技术*曾朵红】收购少数股东权益，整合布局智能制造,东吴研究所
2018-06-28,深交所就深市上市公司2017年度现金分红及监管情况答记者问,深交所
2018-06-28,"汇川技术:购买汇川控制剩余股权,重点布局智能制造",中证网
2018-06-28,深交所：高现金分红水平公司增加 股息率态势改善,证券时报网
2018-06-27,[推荐评级]汽车行业周报：新能源乘用车高端化 关注整车龙头与相关零部件机会,中财网
2018-06-27,董秘解码：中文在线表示维护知识产权任重而道远,巨丰财经
2018-06-27,大消费高产“慢牛” 布局消费智造升级,中证网
2018-06-26,汇川技术：筹划收购汇川控制剩余49%股权,e公司
2018-06-26,电力设备与新能源行业深度报告：电动车升级元年、工控新周期 优质龙头成长空间开启,中财网
2018-06-26,电气设备新能源行业周报：行业排产复苏 看好三季度电车行情,中财网
2018-06-26,电动物流车概念股|EVTech 2018国际纯电动物流车及充换电技术大会,金融界
2018-06-26,[买入评级]工控&电力设备2018年中期策略：工控需求向好持续 电网提升新能源消纳,中财网
2018-06-26,"电力设备与新能源行业6月第4周周报:新能源汽车行业向好,5月全社会用电量高增长",证券之星
2018-06-26,"电力设备行业:动力全开,新周期新成长",安信证券
2018-06-25,数据显示工业机器人产业景气度高 六股掘金,证券日报
2018-06-25,"电力设备与新能源行业周报:电动车旺季在即龙头迎反转,制造业投资加速显示工控高景气",东吴证券
2018-06-24,工业机器人产业景气度高 6只龙头股上周逆市上涨,证券日报
2018-06-24,【国金电新周观点】电车板块显比较优势，数据印证工控低压电器高景气,新兴产业观察者
2018-06-23,电气设备：风光发电潜力巨大 荐16股,中信建投
2018-06-22,[中性评级]电力设备行业周报：中电联发布《中国电力行业年度发展报告2018》,中财网
2018-06-22,[互动]汇川技术：对工业互联网业务还在探索过程中,全景网
2018-06-20,6月20日有114家公司获重要股东增减持 恒顺众昇已被连续增持33次,Wind
2018-06-20,平安证券：大胆布局核电重启 谨慎博弈火电反弹,中证网
2018-06-20,华业资本拟5亿至10亿元回购股份 蓝晓科技盐湖提锂再获大单,云掌财经
2018-06-20,【电力设备与新能源|邵晶鑫团队太平洋证券】潜在爆款车接续登场，光伏单多晶分化持续,太平洋证券研究
2018-06-20,"电力设备行业:风光久旱逢甘露,电车破浪会有时",安信证券
2018-06-19,工业机器人——中国制造，从做大到做强,工业电器网
2018-06-19,[增持评级]电力设备新能源行业周报：电动车升级趋势明确 第七批可再生能源补贴目录公布,中财网
2018-06-18,[买入评级]汇川技术(300124)：经纬订单确认 轨交业绩确定性增强,中财网
2018-06-18,35股获券商买入评级 蓝盾股份目标涨幅达79.24%,Wind
2018-06-15,市场反复磨底 防御板块受青睐,中证网
2018-06-14,[看好评级]电力设备及新能源行业动态跟踪：新能源乘用车高速增长 未来空间可期,中财网
2018-06-13,电气设备新能源行业周报：销量向好、热点频出催生电车行情,中财网
2018-06-13,周三最新重磅公司传闻集锦(6月13日),证券之星
2018-06-13,"电新2018年度中期投资策略:新能源加速平价,新能源汽车步入新发展阶段",联讯证券
2018-06-12,公告精选：长园集团尾盘跌停 格力集团终止要约收购,e公司
2018-06-12,汇川技术：子公司中标逾4亿元苏州轨道交通项目,e公司
2018-06-12,[推荐评级]电力设备行业投资策略报告：政策换挡下的新能源成长投资,中财网
2018-06-12,[增持评级]电力设备新能源行业周报：新能源乘用车5月销量靓丽 新能源发电第七批补贴目录或将近期发布,中财网
2018-06-12,[增持评级]电力设备新能源行业点评：4月海外电动车同比增27% 环比有所回落 符合预期,中财网
2018-06-12,[买入评级]工控&电力设备行业6月报：工业互联网发展行动计划发布 增量配电改革继续推进,中财网
2018-06-12,【东吴晨报0612】【策略】继续逢低布局成长【行业】机械、电新,东吴研究所
2018-06-12,浙商早班车2018.06.12,浙商证券研究所
2018-06-11,2018年中期投资策略报告之电力设备与新能源行业篇：紧随高镍趋势，坚持业绩为王,新能源沙龙
2018-06-11,[增持评级]机械设备行业2018年中期投资策略报告：兼顾周期成长 精选优质标的,中财网
2018-06-11,[推荐评级]汽车行业周报：宇通5月新能源客车销量爆发 当前新能源产业链具备足够强的配置价值,中财网
2018-06-11,五大券商周二看好6板块64股,证券之星
2018-06-11,动力电池系列报告（十八）：第6批目录发布，高能量密度车型持续推出,电新产业研究
2018-06-11,6月11日券商晨会研报汇编,证券日报
2018-06-11,【电力设备与新能源|邵晶鑫团队太平洋证券】消费接力抢装+CATL正式上市，新能源车的新时代开启,太平洋证券研究
2018-06-11,"电力设备与新能源行业周报:5月电动车销售超预期,旺季和升级元年带来反转行情",东吴证券
2018-06-11,"新能源与电力设备行业研究:光伏政策影响快速显现,工业互联网迎发展元年",国金证券
2018-06-11,"电力设备行业:政策激发对策,铅华洗尽方见成长",安信证券
2018-06-08,A股破净股两个月增近9成，机构调研个股偏向五大行业,--
2018-06-08,电力设备行业周报：能源局发布2017年全国电力可靠性年度报告,中财网
2018-06-08,6月8日涨停板预测：独角兽概念有望再爆发,网易
2018-06-08,巨丰热点前瞻：市场震荡筑底或持续 把握结构性机会,巨丰财经
2018-06-08,A股迎分层时代 中报披露如火如荼近七成公司业绩预喜,和讯
2018-06-08,工业互联网发展行动计划印发 六股有望率先发力,证券时报
2018-06-07,工业互联网发展行动计划印发 将推动产业发展,e公司
2018-06-07,招商证券：新能源汽车国补力度可承受 长期看好板块投资机会,e公司
2018-06-06,车企加速推进新能源新车型投放 关注产业链龙头股,证券时报网
2018-06-06,动力电池系列报告（十七）：新能源汽国补力度可承受，长期看好板块投资机会,电新产业研究
2018-06-06,机构看好创业板漂亮100 估值或反转 四股可关注,中证网
2018-06-06,[推荐评级]动力电池与电气系统系列报告之(十六)：第4、5批推荐目录发布 行业将平稳过渡,中财网
2018-06-06,[推荐评级]电气设备行业深度研究：新政之后 再无周期,中财网
2018-06-06,[增持评级]电动车2017年报及季报总结：成长与分化并存 精选优质龙头,中财网
2018-06-06,【东吴晨报0606】【中期策略】宏观固收、纺服、传媒、电子【个股】葵花药业、中国利郎（H）、合景泰富（H）、金地商置（H）,东吴研究所
2018-06-06,【电力设备与新能源|邵晶鑫团队太平洋证券】光伏政策剧震产业端向死而生，CATL上市有望提振中游估值,太平洋证券研究
2018-06-06,近9亿元大单抢筹创业板 机构集中推荐32只个股,证券日报
2018-06-05,A股共发生80宗大宗交易成交30.69亿元（6月5日）,Wind
2018-06-05,13只个股大宗交易超5000万元,中财网
2018-06-05,汇川技术今日大宗交易成交595.58万股，成交价30.27元折价7.37%,Wind资讯
2018-06-04,5月机构调研动向曝光！43只MSCI成分股被盯上这些股已经暴涨！,顶尖财经网
2018-06-04,[强于大市评级]机械设备行业研究周报：六月继续重视成长 工业机器人与锂电设备的盛夏将至,中财网
2018-06-04,"电力设备行业:政策意志彰显,光伏巨震影响几何",安信证券
2018-06-02,【平安】行业专题报告*机械*运动控制系统：智能装备的大脑，工业控制的核心*强于大市,平安研究
2018-06-01,【华泰证券研究所】每日晨会启明星20180601,华泰证券研究所
2018-06-01,东吴研究│6月十大金股：震荡反复，积蓄力量,东吴研究所
2018-05-31,午后金股精选:稳健增长穿越周期,中财网
2018-05-31,抢权行情能否上演？ 这些股即将实施分红,证券时报网
2018-05-30,带你寻找第二个“宁德时代” 全景大湾区沙龙·新能源汽车专场活动成功举行,全景网
2018-05-30,周四机构一致最看好的6只个股（5.30）,中金在线
2018-05-30,全景大湾区沙龙今日举行 聚焦新能源汽车行业投资机遇,全景网
2018-05-30,午间研报精选：白云山等3股短期或存买入机会,和讯
2018-05-30,今日股市热点板块：5月30日周三热点板块及个股探秘,证券之星
2018-05-30,[增持评级]电力设备2018年中期策略：电网朱格拉 工控多共振,中财网
2018-05-30,电气设备新能源行业周报：强者恒强逻辑持续被验证,中财网
2018-05-30,[增持评级]电力设备新能源行业中期策略：动能转换 云破日出,中财网
2018-05-30,"汇川技术:工控龙头多点开花,稳健增长穿越周期",申万宏源
2018-05-28,消费龙头股逆市逞强暗藏玄机？,火山财富
2018-05-28,私募二季度调研大幅增长 中小创公司获青睐,每日经济新闻
2018-05-28,[领先大市-A评级]电力设备行业动态分析：以风电消纳为核 造中国电池之芯,中财网
2018-05-28,电力设备行业：边际改善聚焦龙头,顶尖财经网
2018-05-28,新能源车企迎来近190亿元补贴 6股迎来上车良机,证券日报
2018-05-28,"电力设备与新能源行业周报:锂电旺季在即迎反转,风光龙头强者恒强",东吴证券
2018-05-27,新能源车企迎来近190亿补贴 3重因素保障产业中期成长,证券日报
2018-05-27,富士康从代工向工业互联网转型符合行业发展趋势，工业互联网巨大想象空间再获关注。,新兴产业观察者
2018-05-25,最多亏20%，正收益寥寥无几，大型私募的日子也不好过,凤凰网
2018-05-25,鲁股大宗交易暴露机构资金最新动向 盯紧喽！东港股份被溢价抢筹,经济导报
2018-05-24,今年将有232万台工业机器人上岗 国产机器人加速崛起,工业电器网
2018-05-24,富士康申购 中签至少赚2万,中金在线
2018-05-23,电气设备：风光发电潜力巨大 荐16股,中信建投
2018-05-23,快讯：富士康概念股异动拉升 安彩高科涨近9%,新浪
2018-05-23,13.77元，富士康凌晨公布IPO价格，明日申购！单签收益或达2万元,e公司
2018-05-23,5月机构调研爱去两类绩优公司 逾百家机构涌向六公司,大众证券报
2018-05-23,【电新*曾朵红团队】4月电动车结构优化超预期，电动车反转正当时,东吴研究所
2018-05-23,车载电源逐浪踏青 欣锐科技募资3.3亿首登创业板,每日经济新闻
2018-05-23,"电力设备与新能源行业点评:4单月装机电量3.76gwh,同比增加305%,纯电乘用车单车带电量提升明显",东吴证券
2018-05-22,欣锐科技5月23日上市定位分析,金融界
2018-05-22,机构调研热情高涨：逾百家机构调研北方华创 千合资本、朱雀投资等盯上这些股,机会宝
2018-05-22,[增持评级]汇川技术(300124)调研简报：布局新能源汽车 打造业绩新增长极,中财网
2018-05-22,沪指站稳3200，又有利好传来，机构已经行动,Wind
2018-05-22,机构大宗交易“无招有招”,中证报
2018-05-21,"机器人行业跟踪报告:国产减速机突破瓶颈,进口替代加速",广发证券
2018-05-21,电动车旺季在即 工控景气持续向好 4股势不可挡,证券之星
2018-05-21,政策红利释放预期强烈 关注优质环保龙头,中证网
2018-05-21,一周机构调研：机构扎堆调研北方华创等公司,证券时报网
2018-05-21,"电力设备与新能源行业周报:电动车旺季在即迎反转,工控景气持续向好",东吴证券
2018-05-20,一周机构去哪儿？朱雀投资、摩根士丹利等调研了这些股(附名单),证券时报网
2018-05-20,公共充电桩呈现明确的高增长+高功率化趋势，重点关注进入壁垒和毛利率均较高的充电模块供应商。,新兴产业观察者
2018-05-18,机构调研暗藏市场“密码” 看“热闹”更要看“效果”,中证网
2018-05-18,五大机构参与上市公司机构调研 券商基金扛大旗,中证报
2018-05-18,盘前有料｜油价大涨凸显煤化工成本优势 机构重点关注2股（名单）,证券时报网
2018-05-18,【东吴晨报0518】【行业】纺服、电新【个股】亿帆医药,东吴研究所
2018-05-17,公告精选：峨眉山A实控人变更为乐山市国资委；盾安集团将于5月24日兑付债券“13盾安集MTN1”,每日经济新闻
2018-05-17,[增持评级]电力设备与新能源行业年报总结：17年工控和低压电器贡献主要增长 18Q1继续维持上升态势,中财网
2018-05-17,汇川技术：5月16日融资余额为6.13亿元，较前一日骤增5.84%,Wind资讯
2018-05-17,粤港澳大湾区规划呼之欲出 五领域投资机会初露锋芒,证券日报
2018-05-16,工业互联网利好政策出台 五大细分领域受青睐,中证网
2018-05-16,[买入评级]电力设备&工控5月报投资策略：国网充电桩招标量显著提升 工控高景气持续,中财网
2018-05-16,[增持评级]机械工业/电气设备行业深度报告：工控高景气明确、电动车短期扰动不改长期趋势,中财网
2018-05-16,智能制造：3C自动化和装配应用引领机器人增长,申万宏源
2018-05-16,[互动]汇川技术：会继续投入新能源乘用车业务,全景网
2018-05-16,A股修复反弹行情仍未结束 内需主题持续升温,股城网
2018-05-16,工业互联网利好政策出台 11只相关概念股有机会,证券日报
2018-05-15,“成长+进口替代” 激活智能机器人板块,中证网
2018-05-15,[增持评级]新能源板块行业周报：新能源汽车板块基本面向好 依旧看好钴、高镍等细分板块,中财网
2018-05-15,看好中国｜制造中国——机器人核心零部件国产化进程加速,巨丰财经
2018-05-15,【概念】进口替代加速，机器人产业存巨大市场潜力和发展空间,国元证券订阅号
2018-05-15,[看好评级]智能制造小组机器人深度系列报告之一：3C自动化和装配应用引领增长 零部件/本体国产化进程加速,中财网
2018-05-15,汇川技术及子公司两月内累计获得政府补助5500万元,中证网
2018-05-15,5月15日早间公告集锦,顶尖财经网
2018-05-15,早间公告：易到用车控股股东韬蕴资本拟战略入股赫美集团,Wind
2018-05-15,工业互联网论坛纪要(科技行业)：数据机器融合带来新的投资机会,中财网
2018-05-15,巨丰早评：市场迎来多重利好,巨丰财经
2018-05-15,【电力设备与新能源|邵晶鑫团队太平洋证券】中游电池环节回暖 坚定看好下半年新能源车消费元年,太平洋证券研究
2018-05-15,“成长+进口替代”激活智能机器板块 QFII增持9股,证券日报
2018-05-14,富士康IPO拟募资273亿 概念股涨停催化工业互联网行情,经济观察网
2018-05-14,5月14日晚间利好消息汇总,证券时报网
2018-05-14,5月24日打新富士康，A股概念股集体狂欢，这两家公司率先封板！（附股）,e公司
2018-05-14,业绩大面积预喜 主力机构密集调研这些板块（附股）,天天基金网
2018-05-14,央行出手释重磅信号 抄底号角已吹响(附股),中证报
2018-05-14,富士康IPO获批 相关概念股表现亮眼 （附机构观点）,每日经济新闻
2018-05-14,[增持评级]电力设备与新能源行业周报：再议电动乘用车升级 电动车反转正当时,中财网
2018-05-14,【异动股】工业互联网概念股高开高走 黄河旋风(600172-CN)涨超6%,财华社
2018-05-14,机构：景气好转估值历史低位 新能源汽车大行情开启,证券时报网
2018-05-14,富士康24日申购 相关概念股或再迎机会（名单）,证券时报网
2018-05-14,[强于大市评级]机械设备行业研究周报：季报成长性分析 机构低配与持续成长值得关注,中财网
2018-05-14,[买入评级]新能源汽车行业简评：4月抢装行情持续火爆 车型格局开始分化,中财网
2018-05-14,【策略*王杨】为成长而战：为什么我们自上而下看好新能源汽车大行情开启？,东吴研究所
2018-05-14,北上资金杀“回马枪”？一批白马股重获增持！这家公司被减持近9亿,--
2018-05-13,北上资金杀“回马枪”？ 一批白马股重获增持,金融界
2018-05-13,【长江电新-周观点】基本面与行情共振，宜乘风而上,微信
2018-05-12,险资一季度钟情医药股 中国平安被大幅减持,中金在线
2018-05-12,欣锐科技(300745) 申购代码300745 申购日期5.14,红周刊
2018-05-11,[路演]汇川技术：2017回款改进效果好 应收账款增幅低于收入增幅,全景网
2018-05-11,[路演]汇川技术：将围绕新能源汽车等关键技术领域寻找并购标的,全景网
2018-05-11,[路演]汇川技术：牵引系统核心技术强劲 已中标多个项目,全景网
2018-05-11,欣锐科技5月14日申购宝典,金融界
2018-05-11,[增持评级]机械设备行业深度研究：新赛道迭起 国产机器人爆发在即,中财网
2018-05-11,机械工业/新能源板块行业周报：光伏产业18 年装机有望超55GW 关注产业投资机会,中财网
2018-05-11,[推荐评级]中小盘新能源汽车行业专题一：电驱动系统：行业洗牌倒逼产业升级 专业化厂商加速崛起,中财网
2018-05-11,A股情报局：在反弹中更需要保持一份理性,腾讯网
2018-05-11,机器人产业一揽子政策正酝酿 三主线掘金概念股,证券时报网
2018-05-11,中小创业绩平稳增长 新兴产业引领作用凸显,金融界
2018-05-11,对标国际先进 向产业链高端迈进,南方日报
2018-05-09,[买入评级]汇川技术(300124)：智能制造持续发力 汽车电子硕果累累,中财网
2018-05-09,[增持评级]电力设备与新能源行业周报：电动车抢装火爆 淡季担忧证伪将迎来反转,中财网
2018-05-09,[买入评级]机器人行业跟踪报告：国产减速机突破瓶颈 进口替代加速,中财网
2018-05-09,[增持评级]机械工业/电气设备行业跟踪报告：工控景气度延续 中长线推荐新能源汽车核心标的,中财网
2018-05-08,[增持评级]电气设备行业一季报专题：二次、电源、工控设备业绩一枝独秀,中财网
2018-05-08,【天风机械】弘讯科技：注塑机控制系统龙头迎来高增长，全面布局工业4.0、巩固优势地位,高端装备新视角
2018-05-08,先进制造业大会今日召开 智能制造迎风口(受益股),金融界
2018-05-07,[强于大市评级]深度*行业*电新行业2017年年报与2018年一季报总结：增长稳健 分化明显,中财网
2018-05-07,运用有息负债率筛选潜力股,红周刊
2018-05-07,“入摩”进入倒计时 机构调研都去了哪儿（附股）,中证网
2018-05-07,午间研报精选：创业板这5只股向上拐点确立,和讯
2018-05-07,机构调研纷至沓来 科技龙头行情见长,中证网
2018-05-06,机构投资风向正在从主板向中小创转移 小盘绩优股迎来机构密集调研,红周刊
2018-05-05,机构看好哪些股？二季度这些公司被基金扎堆调研（附名单）,中财网
2018-05-04,格力不分红或暗藏玄机 A股2017年报派现已然破万亿,金融投资报
2018-05-03,中财独家:创业板反弹空间有望达到百点？十机构预测,中财网
2018-05-03,"汇川技术:通用自动化业务发生质变,乘用车动力总成平台雏形初现",正点财经
2018-05-03,3500多家上市公司年报出炉 创业板公司表现亮眼,中国经济网
2018-05-02,深市现金分红TOP30看过来！77%公司年报分红，104家不分红被重点关注,和讯
2018-05-02,电气设备：新能源政策持续发布 一季报业绩风险释放,中银国际
2018-05-02,91亿净资金杀跌流出 机构恐慌逃离十大股,证券之星
2018-05-02,招商证券：中期内MSCI将为市场带来增量资金,中证网
2018-05-02,北上资金增配创业板 东方财富4.73亿元位居创业板之首,财富动力网
2018-05-02,机构节前调研137家公司 13只个股被扎堆看好,证券日报
2018-05-02,华创证券电力设备新能源行业首席分析师胡毅：,证券时报网
2018-05-02,汇川技术：领航工控15年 向新能源乘用车动力总成发力,证券时报
2018-05-01,一周机构去哪儿？博时、朱雀等调研了这些股(附名单),证券时报网
2018-05-01,深交所：2017年深市共有764家公司存在对美出口贸易,Wind
2018-05-01,南北资金净买入逐月递减，但创业板屡获加仓，3只股票均获亿元级别增持,e公司
2018-05-01,一场会议，254家机构+16000字调研记录！这家公司火了,e公司
2018-05-01,汇川技术董事长朱兴明：我们现在站在一个巨大的产业技术断层的风口上,e公司
2018-05-01,【直播中】【高管面对面】汇川技术：打一场新能源汽车之和智能制造的“双王之战”,e公司
2018-04-28,"汇川技术2017年年报点评:通用自动化业务快速增长,轨交、电控有望实现突破",光大证券
2018-04-27,格力11年来首次不分红股价跌 A股白电巨头业绩变化谁最牛?,广州日报
2018-04-27,汇川技术：工控龙头持续领先 新能源车轨交后劲足,证券时报
2018-04-27,"汇川技术:收入持续放量,新能源车进展顺利",安信证券
2018-04-26,"汇川技术年报点评:自动化业务优势明显,新能源汽车业务短期承压",渤海证券
2018-04-25,汇川技术：通用自动化持续高增长 增持评级,中银国际
2018-04-25,价值低估、回购来护盘，这份“库藏股”名单请收好,--
2018-04-25,汇川技术：乘用车动力总成进入产业化通道 强烈推荐评级,方正证券
2018-04-25,4月25日午间金股精选,中证网
2018-04-25,[推荐评级]汇川技术(300124)年报点评：业绩符合预期 期待物流车与乘用车业务实现突破,中财网
2018-04-25,大盘反弹行情可能随时结束 创业板能否现独立行情？,重庆商报
2018-04-24,汇川技术：2017年净利润同比增13.76%，拟10派3元,Wind
2018-04-24,汇川技术：一季度净利润同比增13.94%,Wind
2018-04-24,电气设备新能源行业周报：风光利好频现 电池装机数据高增长,中财网
2018-04-24,[买入评级]汇川技术(300124)：增资前海晶瑞并购基金 转向并购驱动发展路线,中财网
2018-04-24,321股披露最新股东户数 逾半数公司股东在减少,投资快报
2018-04-23,4月23日晚间机构研报精选 10股值得关注,证券时报网
2018-04-23,[领先大市评级]电力设备行业周报：看复苏乘风而上 拨迷雾挂挡前行,中财网
2018-04-23,[推荐评级]智能制造系列深度报告之三：智能装备企业有望引领工业互联网浪潮,中财网
2018-04-23,[推荐评级]新制造孕育新动能系列02：再谈工业互联网的投资逻辑：产业链与案例,中财网
2018-04-23,191股机构首次关注 爱婴室涨幅空间最大,证券时报
2018-04-23,[强于大市评级]机械设备行业研究周报：18年油服市场相比17年有哪些变化 ?,中财网
2018-04-23,东吴证券：分布式光伏将超预期 电动车工控持续景气,东吴证券
2018-04-20,[看好评级]电力设备及新能源行业深度报告：伺服系统：智能制造带动行业大发展 国产品牌进口替代风口已至,中财网
2018-04-20,[增持评级]电力设备新能源行业点评：1季度装机电量4.4GWH 同比大增2.5倍,中财网
2018-04-19,[增持评级]机械工业/新能源板块行业周报：销量、积分、海外因素三重催化 看好18年新能源汽车销量,中财网
2018-04-18,25家A股上市公司已经布局工业互联网 哪家更具实力？,北极星电力
2018-04-18,[增持评级]工控行业更新：跑步入场 工业互联网带来新机遇,中财网
2018-04-18,"电力设备与新能源周报:新能源汽车需求启动淡季不淡,产业链进入二季度黄金投资期",中投证券网
2018-04-17,伯朗特与汇川技术子公司签署合作协议,证券时报网
2018-04-17,[强于大市评级]深度*行业*电力设备与新能源行业2018年一季度业绩前瞻：行业经营整体向好 细分板块有所分化,中财网
2018-04-17,机械行业2018年Q2暨4月策略:投资机械新经济,国信证券
2018-04-16,电气设备：工控新动能效果显现 荐17股,中信建投
2018-04-16,[强于大市评级]深度*行业*电力设备与新能源行业周报：3月新能源汽车产销同比翻番,中财网
2018-04-16,[买入评级]汇川技术(300124)动态跟踪：一季报营收增速符合预期 全年业绩高增长可期,中财网
2018-04-16,电气设备：风光外部环境改善 荐8股,广发证券
2018-04-16,[强于大市评级]机械设备行业研究周报：国际摩擦加剧推升油价 油服行业筑底向上,中财网
2018-04-16,[增持评级]电力设备与新能源行业周报：电动车和工控持续向好 积极布局龙头,中财网
2018-04-16,电气设备新能源行业周报：电车产销两旺 不惧风电短期扰动,中财网
2018-04-16,创业板行情的新态势,投资快报
2018-04-16,[看好评级]电气行业周报：新能源车3月销量高增长 工控进入扩张新周期,中财网
2018-04-16,[买入评级]工控行业深度报告：制造强国核心 推动转型升级,中财网
2018-04-15,[领先大市-A评级]电力设备行业周报：风已起不畏扰动 势已至龙头争锋,中财网
2018-04-15,[增持评级]电力设备新能源行业周报：3月电池装机龙头效应凸显 高增长的用电量拓宽新能源空间,中财网
2018-04-13,研报精选 6股值得关注（4.13）,中金在线
2018-04-13,[看好评级]电力设备与新能源行业周报：光伏进入产业旺季 宁德时代顺利过会,中财网
2018-04-13,【钴锂峰会】2025年中国新能源汽车份额将达20% 动力电池格局将先集中后分散,上海有色
2018-04-13,[买入评级]汇川技术(300124)：工控持续景气 电控渐进佳境,中财网
2018-04-13,[增持评级]电力设备新能源行业点评：3月电动车销量6.8万超预期 抢装行情火爆,中财网
2018-04-13,汇川技术：威马汽车是公司客户,Wind
2018-04-13,4月13日券商晨会研报汇编,证券日报
2018-04-12,黑马股推荐：2018年4月12日推荐6只黑马股,至诚财经
2018-04-12,4月12日券商晨会研报汇编,证券日报网
2018-04-12,"电气设备与新能源行业周报:3月产销超预期和高端乘用车升级,持续看好电动车反转行情",东吴证券
2018-04-11,[增持评级]2018年第三批推广目录点评(电力设备新能源行业)：车型数量众多 高能量密度占比提升明显,中财网
2018-04-11,[买入-A评级]汇川技术(300124)公司快报：一季报预告符合预期 收入稳健增长,中财网
2018-04-11,补贴退坡首季业绩下滑超七成 蓝海华腾股价应声跌停,每日经济新闻
2018-04-10,4月10日创业板高活跃度个股一览,中证网
2018-04-10,汇川技术踏上估值回归之旅,证券市场周刊
2018-04-10,汇川技术预计第一季度业绩1.8亿元至2.2亿元,中证网
2018-04-10,汇川技术：预计一季度净利润同比增长5%-25%,Wind
2018-04-10,午间公告：多家公司一季报业绩预增；东方园林中标7.95亿元项目,e公司
2018-04-10,电气设备行业周报：风光渐暖 关注电车销量,中财网
2018-04-10,[买入评级]电气设备行业周报：新能源汽车补贴落地 工控市场快速增长,中财网
2018-04-10,券商首次关注7股并给予买入评级(4月10日),Wind
2018-04-10,50股获券商买入评级 南威软件目标涨幅达42.48%,Wind
2018-04-09,[买入评级]汇川技术(300124)：工控打造强业绩支撑 新业务再造增长引擎,中财网
2018-04-08,中上协2017年度最受投资者尊重的上市公司评选结果揭晓,证券时报网
2018-04-08,机械制造：优质公司和高增长行业成为长期配置首选 荐4股,长江证券
2018-04-08,[买入评级]电力设备&工控行业4月报：工控景气持续 电改持续推进,中财网
2018-04-08,322公司利润环比连增 70家步入绩优股行列,证券之星
2018-04-05,【光大新三板】工信部发布《2018年新能源汽车标准化工作要点》 ——跨市场新能源汽车周报（2018年第14期）,EBSCN新三板研究
2018-04-04,电气设备行业周报：三元产业链确定性强 新能源发电转暖,中财网
2018-04-04,[领先大市-A评级]电力设备行业动态分析：独角兽CATL上会 迎高端制造之势 享清洁能源之风,中财网
2018-04-04,[增持评级]机械工业/新能源板块行业周报：CATL即将首发上会 关注产业链投资机会及高镍投资机遇,中财网
2018-04-03,[增持评级]电力设备新能源行业周报：独角兽CATL上会在即提振情绪 风光需求旺季到来,中财网
2018-04-03,[增持评级]电力设备与新能源行业周报：PMI超预期利好工控 电动车抢装如火如荼,中财网
2018-04-03,[强于大市评级]机械设备行业研究周报：挖机三月高增长可期 持续聚焦半导体等新兴成长行业,中财网
2018-04-03,[买入评级]电气设备行业投资策略：新能源车布局加速 工控行业景气持续,中财网
2018-04-02,我国智能制造标准体系初步建立 概念股有望爆发(附股),证券时报网
2018-03-30,30日晚间研报精选：机构重点关注5股（附名单）,和讯
2018-03-30,【光大新三板】CATL等新能源汽车产业链企业入选科技部火炬中心独角兽名单 ——跨市场新能源汽车周报（2018年第13期）,微信
2018-03-30,今日资金抢入六只强势股一览（2018年3月30日）,中财网
2018-03-30,国金：资金向价值成长迁移的趋势未变 4月十大金股,金融界
2018-03-30,国金证券发布4月份10大金股 认为资金向“价值成长”迁移,中证网
2018-03-30,"宏发股份:多款产品均有建树,高压直流继电器仍是亮点",证券之星
2018-03-29,天赐材料点评：第二期股权激励计划发布，开启新一轮高增长(2),电新产业研究
2018-03-29,[增持评级]2018年工控行业展望：再出发 工控迈入新阶段,中财网
2018-03-29,[增持评级]汇川技术(300124)轨交业务中标点评：再突破 轨交业务落地贵阳,中财网
2018-03-29,【异动股】工业互联网概念股走强 黄河旋风(600172-CN)涨近6%,财华社
2018-03-28,2018价值投资标的股票推荐（附股）,银行信息港
2018-03-28,[强于大市评级]机械设备行业2018年第二季度投资策略：估值提升 注重工业互联网带来的投资价值,中财网
2018-03-28,[增持评级]机械工业/新能源板块行业周报：能源局发布《可再生能源电力配额及考核办法(征求意见稿)》 风电景气反转持续加强,中财网
2018-03-27,研报精选：云计算产业面临发展拐点，两条主线看好潜力公司,第一财经
2018-03-27,汇川技术控股子公司中标2.5亿元采购项目,中证网
2018-03-27,[增持评级]电力设备新能源行业周报：锂业龙头延续高增长,中财网
2018-03-27,利润环比连增+同比暴增 77匹盈利白马现身,证券时报网
2018-03-26,工业智能化奇点临近，谁主沉浮【安信智能领航-第1期电话会纪要】,电新邓永康团队
2018-03-26,[领先大市-A评级]电力设备行业动态分析：风光不改 大势所趋,中财网
2018-03-26,“工业互联·云领智造”工业互联网平台苏州峰会在苏州相城举行,中青在线
2018-03-26,苏州首个智能制造工业互联网平台体验中心对外开放,工业电器网
2018-03-26,工业互联网概念股拉升走强 金卡智能涨停,证券时报网
2018-03-26,光伏分布式发电迎新发展 光伏概念股一览表,证券日报
2018-03-26,光伏分布式发电迎新一轮发展 六股突围拉开序幕,证券日报
2018-03-26,光伏分布式发电迎新发展 19只年报业绩翻番股潜力凸显,证券日报
2018-03-25,长江证券：压力仍在 结构机会仍多,长江证券
2018-03-25,电气设备：新能源政策频出 荐12股,和讯
2018-03-24,汇川技术：海外市场销售是公司战略重点 但目前占比非常小,e公司
2018-03-23,特朗普已然宣战 全球股期市场承压明显 对有类品种却是利好,中金在线
2018-03-23,粤港澳大湾区将成经济增长新一极,财界网
2018-03-23,307公司利润环比连增 65家步入绩优股行列,证券时报
2018-03-23,[看好评级]智能制造系列报告之一：智能制造：制造强国战略的必经之路,中财网
2018-03-23,广东力推工业互联网 提出带动万家企业数字化升级(股),金融界
2018-03-22,粤港澳大湾区将成经济增长新一极附股,财界网
2018-03-21,[强于大市评级]智能制造行业专题报告(一)：工业机器人产业链大起底 国产品牌于大浪潮中崛起,中财网
2018-03-20,[增持评级]新能源板块行业周报：新能源车短期催化较强 长期关注811和NCA进展;风电复苏确定性强,中财网
2018-03-20,[增持评级]电力设备新能源行业周报：风电反转迹象已现 锂电全球化竞争下价值重估,中财网
2018-03-20,平安研报20180320,平安研究
2018-03-20,【平安重点】行业专题报告*机械*工业机器人产业链大起底，国产品牌于大浪潮中崛起*强于大市,平安研究
2018-03-20,平安证券：强烈推荐岭南股份,中证网
2018-03-20,沪深两市融资余额呈现稳步攀升趋势,财界网
2018-03-20,3月20日券商晨会研报汇编,证券日报
2018-03-20,"电力设备与新能源行业周报:锂电中游估值回归,多晶硅降价渐趋稳",长城证券
2018-03-19,牛股背后频现融资客身影除了有色板块还能在哪寻宝,顶尖财经网
2018-03-19,3月19日晚间重要行业研究汇总(附股),中金在线
2018-03-19,电气设备：弃风限电大幅好转 荐16股,中信建投
2018-03-19,[增持评级]电力设备与新能源行业周报：电动车中游生产加码 工控订单持续强劲,中财网
2018-03-19,[增持评级]新兴能源行业周报：大国重器：电新独角兽,中财网
2018-03-19,"电气设备行业:动力电池2月装机同比大增,光伏初现回暖趋势",证券之星
2018-03-18,长江证券：两会之后市场会如何变化,长江证券
2018-03-18,【华创电新】周观点：新能源发电量增速强劲，电网技术升级助力新能源消纳,华创电新研究
2018-03-17,大国重器:电新独角兽【国君电新王浩/徐云飞团队】,国君电新深度观察
2018-03-16,【华创电新】本周重点覆盖公司信息归总,华创电新研究
2018-03-16,板块和个股分化严重,中金在线
2018-03-16,3月16日晚间重要行业研究汇总(附股),中金在线
2018-03-16,汇川技术获得3677万元政府补助,中财网
2018-03-16,[增持评级]电力设备与新能源行业点评：1月海外电动车基本保持稳定 静待放量,中财网
2018-03-16,【东吴晨报0316】【行业】机械、电新、房地产【个股】晶盛机电、华润双鹤、华润三九,东吴研究所
2018-03-15,3月15日晚间重要行业研究汇总(附股),中金在线
2018-03-15,汇川技术：3月14日融资余额为6.09亿元，较前一日骤增6.41%,Wind资讯
2018-03-15,汇川技术：1-2月累计获得政府补助3677万元,金融界
2018-03-15,[推荐评级]汇川技术(300124)：中标贵阳项目 轨交业务再取突破,中财网
2018-03-15,【东吴晨报0315】【宏观】1-2月经济数据【行业】计算机、通信【个股】新城控股、平安银行、汇川技术,东吴研究所
2018-03-15,【电新*曾朵红团队】2月电动车销量同比高增长，反转行情延续,东吴研究所
2018-03-15,华创事件驱动早报3-15：多城市提速自动驾驶路测进程；苹果无线充电器月底开卖,华创证券研究
2018-03-15,周四最新重磅公司传闻集锦(3月15日),证券之星
2018-03-15,A股情报：中小板将继续反弹 21股将爆发(名单),凤凰网
2018-03-15,粤港澳大湾区利好消息频出现 六股绝佳布局良机,证券日报
2018-03-15,“大国重器”显威三类板块显升机 六股掘金,证券日报
2018-03-15,“大国重器”显威 三类相关股率先崛起显“升机”,证券日报
2018-03-14,沪深上市公司18年3月14日晚间上市公司重要公告,全景网
2018-03-14,汇川技术：预中标2.55亿元轨道交通项目,e公司
2018-03-14,[增持评级]电力设备行业2018年春季策略：工控与配网支撑行业增长,中财网
2018-03-13,红刊绩优指数之高成长的电气设备,红周刊
2018-03-13,创业板走出过山车行情：次新股走弱是回调信号？,腾讯网
2018-03-13,电气设备新能源行业2018投资策略：电车起航 风光犹存(附股),西部证券
2018-03-13,北京和众汇富：从一个细节 筛选优质潜力股,金融界
2018-03-13,机构之音：用反证法论证创业板难见大反转,山石观市
2018-03-13,创业板短期或现技术回调 机构看好优质股表现,金融界
2018-03-13,135只创业板股放量连涨超3日 机构扎堆推荐12只优质股,证券日报
2018-03-13,"电力设备与新能源行业周报:电动车销售大增升级在即,工业互联网抢占制高点",东吴证券
2018-03-13,"电力设备与新能源周报:电动车产销量淡季不淡,工业互联网驱动工控持续复苏",长城证券
2018-03-13,"电力设备行业:风驰电掣,万象更新",安信证券
2018-03-12,跑赢指数、8成预喜！这些回购“库藏股”请珍藏……,--
2018-03-12,巨丰投顾：题材股此起彼伏 创业板指剑指前期高点,中证网
2018-03-12,[增持评级]机械工业/新能源板块行业周报：新能源车一季度预计销量12-13万辆;乘用车电池三元化 物流车铁锂化,中财网
2018-03-12,179亿资金加速进驻 主力资金重仓五类股,证券之星
2018-03-12,3月12日大盘收评：锂电池股票大涨 多只龙头涨停,南方财富网
2018-03-12,题材股此起彼伏 创业板剑指前高,中财网
2018-03-12,[增持评级]电力设备新能源行业周报：新能源汽车2月产销持续强劲 2018年能源工作方向明确,中财网
2018-03-12,电气设备新能源行业周报：电车数据如期向好 风电热情高 光伏渐暖,中财网
2018-03-12,汇川技术：对富士康销售额占公司总体销售额比重不大,Wind
2018-03-12,汇川技术澄清：和富士康工业互联网公司没有关系,e公司
2018-03-12,[增持评级]电力设备与新能源行业周报：电动车销售大增升级在即 工业互联网抢占制高点,中财网
2018-03-12,一现象或暗示中小创行情迈入新阶段 看长做短为宜,金融界
2018-03-12,巨丰午评：大盘上行空间打开,巨丰财经
2018-03-12,3月12日你要知道的十大上市公司新闻,中国基金报
2018-03-12,工业互联网板块风云再起，东土科技强势封板,Wind
2018-03-12,[互动]汇川技术：富士康是公司客户 但销售额比重不大,全景网
2018-03-12,119只中小创股创年内新高 三指标筛出9只绩优成长股,证券日报
2018-03-12,京东方成都子公司收到补助，欧菲科技拟设立全资子公司,元器件交易网
2018-03-12,"电力设备新能源第10周周报:新能源车产销同比高增长,光伏产品价格趋稳市场逐步回暖",证券之星
2018-03-11,放量！长阳！创业板的春天来了？机构说，创业板“漂亮50”已到配置时,中证报
2018-03-11,涨停板早知道：七大利好明日有望发酵,新浪
2018-03-11,汇川技术：富士康是公司的客户,e公司
2018-03-11,长江证券：PEG角度出发 三论淡化风格,长江证券
2018-03-11,新能源车2月销量：低端车型过渡期开始去库存,中财网
2018-03-10,77股目标涨幅超两成 57亿主力资金抢筹,证券时报网
2018-03-10,303公司利润环比连增 65家步入绩优股行列,证券时报网
2018-03-10,电气设备：电改持续推进 荐4股,广发证券
2018-03-10,创业板放量上涨 风格切换或加速,金融投资报
2018-03-09,【光大新三板】CATL进入大众汽车供应链 ——跨市场新能源汽车周报（2018年第10期）,EBSCN新三板研究
2018-03-09,工业互联网板块午后异动，绿盟科技涨停,Wind
2018-03-09,[看好评级]电力设备与新能源行业周报：国家能源局发布2018年风电投资监测预警结果,中财网
2018-03-09,资金借道基金快速入场 “创蓝筹”有望走出独立行情,股城网
2018-03-09,3月9日券商晨会研报汇编,证券日报
2018-03-08,2月份跑赢两大指数概率79%，漂亮100盈利能力强劲，这一行业上涨动力十足,e公司
2018-03-08,[超配评级]电气设备新能源行业2018投资策略：电车起航 风光犹存,中财网
2018-03-08,【中信建投证券】每日精华推荐（2018.03.08）,中信建投证券研究
2018-03-07,[买入评级]18年新能源汽车投资策略：紧随补贴政策 看好新能源汽车结构化行情,中财网
2018-03-07,80股目标涨幅超两成 50亿主力资金抢筹,证券时报网
2018-03-06,3月6日有43家公司获重要股东增减持 汉钟精机已被连续增持88次,Wind
2018-03-06,【国君电新】股价创新高的汇川技术还值得投资吗？,国君电新深度观察
2018-03-05,3月5日研报精选：业务快速增长,和讯
2018-03-05,[增持评级]电力设备新能源行业周报：新能源车加速回暖 看好风电行业反转,中财网
2018-03-05,[买入评级]电气设备行业投资策略：PMI呈扩张态势 光伏节后装机步入正轨,中财网
2018-03-05,[强于大市评级]深度*行业*电力设备与新能源行业周报：动力蓄电池回收利用管理暂行办法落地,中财网
2018-03-05,从工业互联网的角度，再思考国电南瑞与正泰电器【安信电新】,电新邓永康团队
2018-03-05,电气设备：动力蓄电池回收利用管理暂行办法落地,中银国际
2018-03-05,144只创蓝筹股利润连增 机构力荐10只潜力股,证券日报
2018-03-05,[增持评级]电力设备与新能源行业周报：高端制造聚焦工业互联网 电动乘用车迎来消费升级,中财网
2018-03-05,【太平洋证券 今日早读】双汇发展点评|乾照光电、汇川技术公司点评|电新、机械设备行业追踪（20180305）,太平洋证券研究
2018-03-05,【电力设备与新能源|邵晶鑫团队太平洋证券】关注新能源车2月销量，风电光伏回暖趋势,太平洋证券研究
2018-03-04,节后北上资金递增式净买入 电子行业最受青睐（附股）,证券时报网
2018-03-04,节后北上资金递增式净买入 这些板块获明显加仓(股),新浪
2018-03-04,【长江电新-周观点】时来易失，赴机在速,微信
2018-03-04,外资本周净流入超50亿元，这个板块买入额占比超1/4（附外资增仓创业板个股）,每经网
2018-03-04,【华创电新】周观点：新能源板块节后强势反转，工业互联网催化工控龙头投资机会,华创电新研究
2018-03-03,300公司利润不断改善 63家步入绩优股行列,证券时报网
2018-03-03,103股目标涨幅超两成 73亿主力资金抢筹,证券时报网
2018-03-02,[看好评级]电力设备与新能源行业周报：光伏产品价格下跌 分散式风电有序发展,中财网
2018-03-02,巨丰热点：智能机器盘中走强 沈阳机床等个股涨停,巨丰财经
2018-03-02,工业互联网概念股快速走强 海得控制涨停,证券时报网
2018-03-02,2017年工控行业“钱”尘往事：亦喜亦忧,中国工控网
2018-03-02,东吴研究 | 月度策略及十大金股：关注通胀主线下的的配置机会,东吴研究所
2018-03-02,【东吴晨报0302】【月策略】十大金股【个股】分众传媒、卫士通、理文造纸、南极电商等,东吴研究所
2018-03-02,"汇川技术:业绩快报符合预期,多点开花后劲十足",证券之星
2018-03-01,敏感时点再现 变盘窗口或来临(附股),21世纪经济报道
2018-03-01,【光大新三板】《新能源汽车动力蓄电池回收利用管理暂行办法》出台——跨市场新能源汽车周报（2018年第9期）,EBSCN新三板研究
2018-03-01,213亿资金加速进驻 主力资金重仓五类股,证券之星
2018-03-01,太平洋证券：工控行业的发展驱动力强,金融界
2018-03-01,盘点中国工业自动化十大企业,北极星智电
2018-03-01,创业板蓝筹股有哪些:创业板三连阳飙升5.08% 机构调仓换股力荐17,证券日报
2018-03-01,[中性评级]电力设备行业周报：新能源是趋势 龙头企业优势大,中财网
2018-03-01,[买入评级]汇川技术(300124)：17年业绩符合预期 工控自动化与新能源汽车持续增长,中财网
2018-03-01,[中性评级]电力设备行业点评：春节期间电力设备板块动态情况和中短期市场观点,中财网
2018-03-01,中泰证券3月各行业观点及重点推荐标的-20180228,中泰证券研究所
2018-03-01,46家环保公司年报预计翻倍 7.13亿元资金抢筹14只绩优股,中财网
2018-03-01,【太平洋证券 今日早读】工控行业点评|投策：短期调整不改上行趋势，博弈驱动导致创业板反弹|三环集团等公司点评（20180301）,太平洋证券研究
2018-03-01,46家环保公司年报预计翻倍 六股再接再厉,证券日报
2018-03-01,创业板三连阳飙升5.08% 机构调仓换股力荐17只创蓝筹,证券日报
2018-02-28,【华创电新】汇川技术公司点评：工控业务持续高增长，轨交牵引系统不断突破,华创电新研究
2018-02-28,今日上午主力资金流入、流出个股盘点（2月28日）,证券时报
2018-02-28,今日上午主力资金流入哪些个股？,证券时报
2018-02-28,[强烈推荐评级]汇川技术(300124)公司事件点评报告：业绩符合预期 智能制造与新能源汽车产业变革的推手,中财网
2018-02-28,[推荐评级]汇川技术(300124)：工控业务持续高增长 轨交牵引系统不断突破,中财网
2018-02-28,【东吴晨报0228】【行业】机械【个股】新奥股份、水晶光电、森马服饰、玖龙纸业、汇川技术、跨境通等,东吴研究所
2018-02-27,多重利好驱动 动力电池迎布局良机,中证网
2018-02-27,明日最具爆发力六大牛股名单（2月28日）-第2页,中财网
2018-02-27,午评：让创蓝筹来得更猛烈些吧,e公司
2018-02-27,午评：分化走势凸显市场主线 创业板逆市走强,中财网
2018-02-27,权重股偃旗息鼓 创业板逆市走强,巨丰财经
2018-02-27,三逻辑助力创业板指飙升3.61% 近30亿资金入场抢筹,证券日报
2018-02-27,"汇川技术2017年度业绩快报点评:业绩快报符合预期,新能源业务是未来亮点",证券之星
2018-02-27,"汇川技术:业绩快报符合预期,轨交业务捷报频传",证券之星
2018-02-26,【华创机械】每日公告速递2018-2-26,华创机械
2018-02-26,汇川技术：2017年净利润同比增14.24%（快报）,Wind
2018-02-26,中上协“2017年度最受投资者尊重的上市公司评选”入围名单揭晓,中上协
2018-02-26,【快讯】两市高开 次新股全线走强,每日经济新闻
2018-02-26,【电力设备与新能源|邵晶鑫团队太平洋证券】新能源车行情已至，电网投资看好配用电,太平洋证券研究
2018-02-26,广发证券：坚守大金融 关注周期品,中证报
2018-02-25,电气设备：全球生产自动化加速 荐4股,广发证券
2018-02-25,长江证券：此轮反弹我们应该关注什么,长江证券
2018-02-25,【长江电新-周观点】行情如期而至，新能源风口长存,微信
2018-02-25,【华创电新】周观点：新能源汽车补贴调整方案落地，提振市场投资情绪,华创电新研究
2018-02-24,[增持评级]电力设备与新能源行业点评：电动车补贴政策落地 新年扬帆起航,中财网
2018-02-24,[强于大市评级]深度*行业*电力设备与新能源行业周报：新能源汽车补贴退坡落地,中财网
2018-02-23,[中性评级]电力设备与新能源行业周报：2018年补贴政策落地 动力电池迎布局良机,中财网
2018-02-23,机构：2018年补贴政策落地 动力电池迎布局良机,证券时报网
2018-02-23,电力设备与新能源行业2月第3周周报:新能源汽车补贴退坡落地,证券之星
2018-02-22,【中信建投中小市值】新能源汽车补贴新政影响几何？,中信建投
2018-02-22,迎势而上 狗年A股行情值得期待,网易
2018-02-17,305公司利润不断改善 54家步入绩优股行列,证券时报
2018-02-15,2亿主力资金近三日大量杀入中小创,证券时报网
2018-02-14,28亿资金净流出,中金在线
2018-02-13,汇川技术：控股子公司预中标4.2亿元采购项目,Wind资讯
2018-02-13,创业板空翻多？三大信号预示创业板走强 “创蓝筹”率先被盯上,证券时报网
2018-02-13,一财研选｜北斗组网全球覆盖加速，应用驱动产业进入黄金期！,第一财经
2018-02-13,汇川技术：子公司成为苏州5号线采购项目第一中标候选人,e公司
2018-02-13,[推荐评级]机械设备行业深度报告：中国工业机器人的出路在哪里?,中财网
2018-02-13,中证数据：两市资金净流入前20股（2月13日）,金融界
2018-02-13,五大券商周三看好6板块45股,证券之星
2018-02-13,早评:创业板创半年最大涨幅 市场反弹有望延续,证券之星
2018-02-13,巨丰早评：市场反弹有望延续,巨丰财经
2018-02-13,"电气设备行业:工控,经济回暖复苏,产业升级崛起",证券之星
2018-02-12,巨丰复盘：两市止跌反弹现普涨行情 高送转概念掀涨停潮,巨丰财经
2018-02-12,A股市场呈现普涨格局,巨丰财经
2018-02-12,新能源车1月销量：政策过渡期迎来开门红,中财网
2018-02-12,【晨会聚焦】钴和锂的配置时机；银行核心财务指标稳健上行,中泰证券研究所
2018-02-11,【长江电新-周观点】潮退珍珠见，淡季当布局,长江电力设备新能源
2018-02-11,又一“巨无霸”要来A股了，小伙伴们尽开颜……,--
2018-02-11,【华创电新】周观点：1月新能源汽车产销大增，龙头标的引领产业升级,华创电新研究
2018-02-11,电气设备：制造业维持高景气度 荐10股,东吴证券
2018-02-11,长江证券：行业基本面并未变化的市场回调,长江证券
2018-02-11,A股下挫外资动向曝光：沪股通周净流出超120亿元，这个板块卖出额就占比一半,每经网
2018-02-10,【光大新三板】每周研究回顾（20180205-20180209）,EBSCN新三板研究
2018-02-09,欣锐科技多数据遭调节 销售数据与客户公布数据不同,金融界
2018-02-09,[中性评级]电力设备与新能源行业周报：关注光伏和风电领域业绩确定的低估值个股,中财网
2018-02-09,[光大证券]新能源汽车行业跨市场系列报告（总论篇）：电动浪潮风起，产业重构云涌,资本邦
2018-02-08,【光大新三板】2018年首批新能源汽车推荐目录发布 ——跨市场新能源汽车周报（2018年第6期）,EBSCN新三板研究
2018-02-08,已有超200家上市公司披露去年业绩快报 近八成净利增长,北青网
2018-02-07,[看好评级]新能源行业周报：行业景气度仍处于低谷,中财网
2018-02-07,发展预期良好：三主线布局机器人板块,中证报
2018-02-07,逾七成公司业绩预喜 创业板估值合理,投资快报
2018-02-07,工业民用两领域市场前景广阔 逾6亿元涌入机器人板块,证券日报
2018-02-06,[买入评级]电气设备&工控行业月刊·第2期：2017年电力消费回暖 智能制造稳步推进,中财网
2018-02-06,电子行业绩优股筹码大幅集中 节后机会在这里(股),中财网
2018-02-05,[强于大市评级]深度*行业*电力设备与新能源行业周报：2018年第1批新能源汽车推广目录发布,中财网
2018-02-05,[增持评级]电力设备与新能源行业周报：电动车1月合格证数大幅提升 制造业PMI依旧高景气,中财网
2018-02-05,工业互联·云领智造——新华三力推全栈工业互联网平台,飞象网
2018-02-05,[增持评级]机械工业/新能源板块行业周报：销量同比大增 新能源汽车或企稳反弹,中财网
2018-02-05,【太平洋证券 今日早读】电新行业点评|化工-染料、拓斯达深度报告|生益科技、浙江交科、润和软件等公司点评（20180205）,太平洋证券研究
2018-02-05,巨丰早评：市场短线仍将承压,巨丰财经
2018-02-05,电力设备与新能源行业2月第1周周报:2018年第1批新能源汽车推广目录发布,证券之星
2018-02-04,电气设备：三元材料价格仍在上涨 荐4股,和讯
2018-02-04,电气设备：制造业PMI依旧高景气 荐10股,东吴证券
2018-02-03,301公司利润环比连增 54家步入绩优股行列,证券时报网
2018-02-02,【光大新三板】工信部将出台《电动汽车安全要求》等3项强制性国家标准 ——跨市场新能源汽车周报（2018年第5期）,EBSCN新三板研究
2018-02-02,周一机构一致最看好的6只个股（2.2）,中金在线
2018-02-02,[买入评级]汇川技术(300124)：工行行情向好 公司业绩符合预期,中财网
2018-02-02,今日49只个股突破半年线,证券时报网
2018-02-01,[增持评级]深度*公司*汇川技术(300124)：业绩预增符合预期 工控业务快速增长,中财网
2018-02-01,[买入评级]汇川技术(300124)：业绩预告营收超预期 通用自动化、新能源物流车业务高速增长,中财网
2018-02-01,100股获券商买入评级 永清环保目标涨幅达69.12%,Wind
2018-02-01,中泰证券2月重点推荐标的,微信
2018-01-31,研报精选 6股值得关注（1.31）,中金在线
2018-01-31,[增持评级]汇川技术(300124)业绩预告点评：春风报喜 工控助力2017年稳增长,中财网
2018-01-31,汇川技术股票怎么样：业绩符合预期，工控高增， 新能源汽车业务,南方财富网
2018-01-31,北上资金流向呈现新特点 减持部分大消费股,股城网
2018-01-31,[推荐评级]汇川技术(300124)：工业自动化高增长望延续 新能源乘用车业务值得期待,中财网
2018-01-31,北上资金再揽新欢 买入医药、电子科技等板块中的龙头股,财富动力网
2018-01-31,[推荐评级]汇川技术(300124)业绩预览：2017年度业绩预告符合预期 重申推荐,中财网
2018-01-31,北上资金扩围加码细分龙头 白酒股“落袋为安”,金融界
2018-01-31,北上资金扩围加码细分龙头，减持部分大消费股,Wind
2018-01-31,机械设备行业日报：深圳轨道交通2035年将建成超1300公里,中财网
2018-01-31,【晨会聚焦】业绩为王！,中泰证券研究所
2018-01-31,【电新-汇川技术(300124)】 邹玲玲：业绩符合预期，工控高增，新能源汽车业务放量-20180131,中泰证券研究所
2018-01-30,北向资金口味变了！它们正在悄悄买入这些股……,顶尖财经网
2018-01-30,汇川技术：预计2017年净利润同比增长10.0%-20%,Wind
2018-01-30,"电气设备行业周报:分布式光伏突飞猛进,风电景气逐步回升",证券之星
2018-01-29,长江策略：本轮创业板上涨个股具有哪些特征？,中财网
2018-01-29,这些非周期性公司业绩预增至少30% 估值将降至20倍以下(名单),证券时报网
2018-01-29,汇川技术研发投入7年劲增6倍,长江商报
2018-01-29,"电力设备与新能源行业周报:电动车补贴政策接近落地,制造业投资加速利好工控",东吴证券
2018-01-29,电力设备与新能源行业周报:工信部发布2017年我国光伏产业运行情况,渤海证券
2018-01-28,电气设备行业获资金关注 六股望爆发在即,中证报
2018-01-27,创业板机会来了？外资本周净流入创业板近8亿元，这只股票买入额就占比一半,每经网
2018-01-27,电气设备行业获资金关注 龙头股优势明显,中证报
2018-01-27,巨丰访谈：创业板好日子要来了？ 养老金到账释重要信号,巨丰财经
2018-01-27,基金2017年第四季度投资偏好解密 配置重心围绕家电等五行业,证券日报
2018-01-27,创业板上演结构性行情 “马太效应”将愈加明显,证券时报
2018-01-25,巨丰早评：绩优股仍是市场主流,巨丰财经
2018-01-25,解禁已成股价“杀手” 张家港行一字跌停,深圳商报
2018-01-25,创业板指数创5个月以来最大单日涨幅 反弹还是反转？,深圳商报
2018-01-24,【光大新三板】中国电动汽车百人会论坛（2018）在北京召开 ——跨市场新能源汽车周报（2018年第4期）,EBSCN新三板研究
2018-01-24,今日25只A股封板 传媒行业涨幅最大,证券时报网
2018-01-24,今日34只个股跨越牛熊分界线,证券时报网
2018-01-24,巨丰投顾：券商股力挺大盘 创业板放量长阳,金融界
2018-01-24,创业板利空出尽展开强反弹,巨丰财经
2018-01-24,巨丰午评：创业板利空出尽否极泰来,巨丰财经
2018-01-24,欣锐科技调节利润后遗症显现? 现金流屡负募资7亿补血,中国经济网
2018-01-23,深港通十大成交活跃股排名(1月23日),Wind
2018-01-23,行业景气度高企 关注智能机器龙头,中证报
2018-01-23,广发证券：北上资金加速流入大周期,广发证券
2018-01-23,智能机器行业喜迎政策红包 五股绝佳布局良机,证券日报
2018-01-23,智能机器喜迎政策红包 11只高成长股凸显潜力,证券日报
2018-01-21,长江证券：我们以为在聊风格 其实是在聊景气,长江证券
2018-01-21,【长江电新-周观点】波动加剧，成长始终,微信
2018-01-20,敲黑板 划重点！2018电动汽车百人会会议概览,盖世汽车
2018-01-20,2017年报陆续披露：跟踪企业科研投入占比数据选股,红周刊
2018-01-19,1月19日有41家公司获重要股东增减持 汉钟精机已被连续增持59次,Wind
2018-01-18,A股共发生54宗大宗交易成交9.42亿元（1月18日）,Wind
2018-01-18,今日突破五日均线个股,证券时报网
2018-01-18,汇川技术今日大宗交易成交23.20万股，成交价24.73元折价8.2%,Wind资讯
2018-01-18,423只股短线走稳 站上五日均线,证券时报网
2018-01-18,【电力设备新能源】王磊、孟兴亚、邹玲玲：继往开来-2018年度投资策略-20180117,中泰证券研究所
2018-01-18,欣锐科技：诸多问题困扰质疑声音不断,顶尖财经网
2018-01-17,【光大新三板】2017年新能源汽车销量77.7万辆，同比增长53.3% ——跨市场新能源汽车周报（2018年第3期）,EBSCN新三板研究
2018-01-17,拟上市公司深度报道| 诸多问题困扰欣锐科技 质疑声浪继续高涨,金融投资报
2018-01-17,电气设备：继往开来 荐12股,中泰证券
2018-01-16,59股获券商买入评级，永清环保目标涨幅达67.98%,Wind
2018-01-16,浙商·电气新能源|点评：汇川技术、智慧能源,微信
2018-01-16,浙商早班车2018.01.16,浙商证券研究所
2018-01-15,电力设备与新能源行业周报：电动车全年销量略超预期一季度景气度同比高增长,中财网
2018-01-15,电力设备新能源行业周报：2017新能源车销售77万辆局部变化无碍新能源大趋势,中财网
2018-01-14,【华创机械】每日公告速递2018-01-14,华创机械
2018-01-12,电气设备行业动态：新能源车12月销量超预期收官2018年谨慎乐观,中财网
2018-01-11,银河证券晨会纪要-180111,银河证券
2018-01-11,【晨会纪要】策略丁文 银河证券晨会纪要—20180111,中国银河证券研究
2018-01-10,【光大新三板】12月新能源乘用车销量超10万辆—跨市场新能源汽车周报（2018年第2期）,EBSCN新三板研究
2018-01-10,机械工业行业周报：新能源汽车或进入抢装期中游景气提升,中财网
2018-01-08,深度*行业*电新行业2018年度投资策略：风光势再起电车塑格局,中财网
2018-01-08,电力设备:风光无限启航 新能源车挂挡提速,安信证券
2018-01-08,【东吴晨报0108】【周报】宏观固收/策略【行业】机械、电新,东吴研究所
2018-01-07,机构调研也冷热不均？1/3深市公司去年未获机构调研，其中竟有……,证券时报网
2018-01-06,"电力设备与新能源行业:电动车补贴政策或延期执行,一季度景气度同比高增长",中国网
2018-01-05,补贴新政落地 行业成长无忧,红周刊
2018-01-05,电力设备与新能源行业点评：电动车免购置税政策延续至2020年利好板块,中财网
2018-01-05,电力设备与新能源行业周报：发改委出台输电价格定价办法及配电价格指导意见,中财网
2018-01-05,五大券商下周看好6板块46股,证券之星
2018-01-05,机械军工行业年度策略：智造升级关键期新兴成长迎良机,中财网
2018-01-05,境外科技股涨势如虹 A股科技股难有整体性机会,深圳商报
2018-01-04,【光大新三板】四部委发布《关于免征新能源汽车车辆购置税的公告》-跨市场新能源汽车周报（2018年第1期）,EBSCN新三板研究
2018-01-04,【长江电新-电力设备2018年度策略】景气周期性复苏，平台常态化崛起,微信
2018-01-04,电气设备：电网投资向配网倾斜 荐6股,广发证券
2018-01-04,[传闻求证]永安行哈罗单车已进入雄安开展业务？,全景网
2018-01-04,电气设备&工控行业月刊·第1期：电网投资向配网倾斜工控行业景气性持续,中财网
2018-01-04,"新能源汽车行业系列报告电机电控篇:寻找确定性投资机会,第三方大有可为",中国网
2018-01-04,中低速磁悬浮进展顺利，产业链上企业受益,第一财经日报
2018-01-04,资本助力广深科创走廊 四大万亿产业集群崛起,21世纪经济报道
2018-01-03,汇川技术监事计划减持不超过500万股,中证报
2018-01-03,机械工业/新能源板块行业周报：新能源汽车补贴政策延后抢装继续,中财网
2018-01-03,[传闻求证]福建省法院不使用科大讯飞的智慧系统？,全景网
2018-01-03,汇川技术：新能源业务下半年显著好转买入评级,群益证券
2018-01-02,"机械行业从工控自动化看机械:看好周期复苏持续性,重点关注工程机械、纺机、塑机",中国网
2018-01-02,要讯:经济转向高质量发展资本偏好中国智造,证券日报
2018-01-02,电力设备行业周报：风光无限启航新能源车挂挡提速,中财网
2018-01-02,老沙:芳华2018：拒绝一九分化、拒绝韭菜茬！,中财网
2018-01-02,机构去年调研1500家A股公司，海康威视连续两年最受机构青睐,Wind
2018-01-01,机构投资者全年调研1500家A股公司 海康威视连续2年最受欢迎,e公司
2018-01-01,长江证券：春季躁动若不出现应该买什么,长江证券
2018-01-01,电气设备：春季躁动寻找催化剂重点关注分布式发电交易试点荐8股,东吴证券
