date,sentence,col3
2021-12-31,宝钢股份最新公告：拟推第三期A股限制性股票计划,证券之星
2021-12-31,宝钢股份(600019.SH)已累计回购约4.86亿股 耗资近36亿元,智通财经
2021-12-31,宝钢股份(600019.SH)拟推不超5亿股第三期A股限制性股票计划,智通财经
2021-12-31,宝钢股份：拟授予限制性股票总量不超过5亿股，授予价格每股4.29元,Wind
2021-12-31,宝钢股份(600019.SH)：截至12月底已累计回购2.18%股份,格隆汇
2021-12-31,华联股份：公司暂无重组计划,Wind
2021-12-31,螺纹钢商品报价动态（2021-12-31）,生意社
2021-12-31,12月31日上海钢材市场冷轧板卷价格行情,全球金属网
2021-12-31,中国搞定2200兆帕特种钢，一举打破美日垄断地位，终于变成师父,腾讯网
2021-12-31,年报成绩单陆续出炉，20家公司净利润预增超100%,Wind
2021-12-30,12月30日上海钢材市场冷轧板卷价格行情,全球金属网
2021-12-30,宝钢股份9ni钢连浇创国内新纪录,钢企网
2021-12-30,元素周期表成2021年A股投资地图,Wind
2021-12-29,浙商证券：粗钢控产逻辑有望在2022年兑现 钢铁板块盈利回升,证券时报网
2021-12-29,世界首套！宝钢湛江100万吨级氢基竖炉工程开工,长江有色
2021-12-29,12月29日上海钢材市场冷轧板卷价格行情,全球金属网
2021-12-28,武钢一四烧结节能改造工程开工,我的钢铁
2021-12-28,12月28日上海钢材市场冷轧板卷价格行情,全球金属网
2021-12-28,上汽乘用车与宝钢股份成立先进汽车用材联合创新实验室－国务院国有资产监督管理委员会,国资委
2021-12-27,12月27日上海钢材市场冷轧板卷价格行情,全球金属网
2021-12-27,里程碑！长航集团干散货年运量迈入亿吨时代,国际船舶
2021-12-24,12月24日上海钢材市场冷轧板卷价格行情,全球金属网
2021-12-24,宝钢彩涂板实现完全无铬化,兰格钢铁网
2021-12-23,往日亦师亦友如今对簿公堂 宝钢缘何遭日本制铁11亿索赔 诉讼纠纷,第一财经
2021-12-23,2021中国钢铁企业专利创新指数发布 宝钢连续4年第一,科技日报
2021-12-23,12月23日上海钢材市场冷轧板卷价格行情,全球金属网
2021-12-22,12月22日上海钢材市场冷轧板卷价格行情,全球金属网
2021-12-22,美欧日有紧迫感，上海公里级超导电缆感谢海外“不卖之恩”，今创五项世界纪录,新浪
2021-12-22,透视超2000条环境数据、涉及超700家上市公司，A股上市公司环境风险报告（2020-2021）出炉,每经头条
2021-12-22,闻讯丨中国股市十大扩张板块公布！钢铁、化工、有色…均在列！股期联动，展望2022，哪些大宗商品可能具备投资级机会？,华闻期货
2021-12-22,GDP总量相近，湖北武汉央企多，浙江杭州超级富豪多，四川成都呢,搜狐
2021-12-21,宝钢股份大宗交易成交1623.16万元,证券时报网
2021-12-21,投资41亿！10万吨负极材料项目正式开工,Ofweek
2021-12-21,重庆钢铁最新公告：拟与宝钢资源组建合资公司 将在马迹山开展铁矿石混匀加工业务,证券之星
2021-12-21,宝钢股份(600019.SH)：拟调整智慧制造推进组织体制 成立大数据与智慧化部,格隆汇
2021-12-21,宝武碳业41亿元押注负极材料,高工锂电
2021-12-21,12月21日上海钢材市场冷轧板卷价格行情,全球金属网
2021-12-20,北向资金今日再度净卖出9.71亿元，药明康德连续4日遭抛售累计出货超30亿,Wind
2021-12-20,12月10大钢铁项目投产、复产,北极星节能
2021-12-20,惨！这48家水泥厂、商混厂破产！（附名单）,中国混凝土网
2021-12-20,12月20日上海钢材市场冷轧板卷价格行情,全球金属网
2021-12-19,【德邦金工|周报】沪深300短期回调不改向上趋势，创业板“死叉”信号已现 20211219,微信
2021-12-19,北向资金大调仓！加仓“券茅”逾40亿元，减仓“药茅”超20亿元,中证报
2021-12-18,富时中国指数成分股大调整，外资布局2022年,Wind
2021-12-17,中国诚通独揽新时代证券股权 东兴证券出局,中国经营网
2021-12-17,北向资金结束连续12日净买入，药明康德遭大幅抛售超10亿元,Wind
2021-12-17,12月17日上海钢材市场冷轧板卷价格行情,全球金属网
2021-12-17,宁德时代、宝钢股份等31股获北向资金增持额超亿元,证券时报网
2021-12-17,北向资金动向盘点：近两周加仓“非银”已超百亿,Wind
2021-12-17,每日理财观察：商务部将着力从三方面稳外贸稳产业链,Wind
2021-12-17,北向资金买入力度加大，抢筹钢铁行业（名单）,21世纪经济报道
2021-12-17,北上资金连续12天净买入，煤炭行业搭上氢能源快车,Wind
2021-12-16,钢铁板块起舞，年内大涨37%！中金等预判，2022年布局钢铁股关注这两大主线！,红周刊
2021-12-16,沪港通十大成交活跃股排名（12月16日）,Wind
2021-12-16,数据复盘｜63股获主力加仓超亿元 北向资金抢筹宁德时代、宝钢股份等,证券时报网
2021-12-16,宝钢股份：公司将综合运用资产重组、业务调整、委托管理等多种方式，稳妥推进相关业务整合,每日经济新闻
2021-12-16,宝钢股份：公司产品中没有NPS钢带,每日经济新闻
2021-12-16,北上资金今日净买入宁德时代8.68亿元、宝钢股份6.30亿元，净卖出山西汾酒7.95亿元、药明康德4.49亿元。,财联社
2021-12-16,北向资金追平年内最长净买入纪录，山西汾酒净卖出额创历史新高,Wind
2021-12-16,A股收盘综述：煤炭板块崛起、题材炒作翩翩起舞，汾酒换帅传言引发放量回调,Wind
2021-12-16,宝钢股份、包钢股份、华菱钢铁，谁是成长能力最强的普钢企业？,Ofweek
2021-12-16,12月16日上海钢材市场冷轧板卷价格行情,全球金属网
2021-12-16,解盘：资金持续流入，煤炭、工业母机、大基建、网游领涨,Wind
2021-12-16,快讯：宝钢特钢优特钢、钢管1月份出厂价格调整政策,兰格钢铁网
2021-12-16,宝钢股份2022年1月份,兰格钢铁网
2021-12-15,上海证券报：上期所党委书记、理事长姜岩：贯彻新发展理念 推进新阶段转型发展 全力践行期货市场服务实体产业发展的使命,上期所
2021-12-15,上期所党委书记、理事长姜岩：贯彻新发展理念 推进新阶段转型发展 全力践行期货市场服务实体产业发展的使命,上期所
2021-12-15,报告：中国18家钢铁企业达世界一流水平,中新网
2021-12-15,丁立国率队赴宝武湛江钢铁、鄂城钢铁参观交流,钢铁新闻网
2021-12-15,快讯：钢铁板块持续走强 金洲管道涨停,新浪
2021-12-15,上期所下一步会如何推进新阶段的转型发展？,上证报
2021-12-15,东吴证券：中期继续看好钢铁股,Wind
2021-12-15,东吴证券：中期继续看好钢铁股,e公司
2021-12-14,宝钢股份高扩孔纳米高强钢在商用车领域实现国内首单销售,兰格钢铁网
2021-12-14,12月14日上海钢材市场冷轧板卷价格行情,全球金属网
2021-12-14,日经：电磁钢板领域中国宝钢专利技术进步惊人 上升至全球第四,和讯
2021-12-14,宝钢股份：受托管理宝武铝业以便寻求未来的发展空间,每日经济新闻
2021-12-14,宝钢股份：BSI小程序中的“当天价格”不是公司期货销售价格，而是品种交易指数及区域交易指数,每日经济新闻
2021-12-14,宝钢股份：钢铁行业购销价差明显收窄，预计四季度和明年一季度面临一定压力,每日经济新闻
2021-12-14,宝钢股份：公司目前受托管理宝武铝业，该公司目前产能10万吨，2023年力争达产30万吨,每日经济新闻
2021-12-14,宝钢股份：公司没有锂矿、稀土矿；关于矿山自主开采权，公司每年通过宝华瑞合作项目获得600万吨铁矿石供货,每日经济新闻
2021-12-14,宝钢股份：BSI小程序中的区域交易指数，是公司板材生产基地形成的交货地的价格指数群,每日经济新闻
2021-12-14,宝钢股份：多数研发工作由公司根据各自营运需要自行开展，但也有宝武集团内合作开发的情况,每日经济新闻
2021-12-14,宝钢股份：宝钢股份正按集团发布的碳中和目标和减碳方向编制降碳行动方案,每日经济新闻
2021-12-14,宝钢股份：公司与沙特阿美签署了谅解备忘录，确定双方共同开展建设世界一流的全流程厚板厂项目可研及后续工作内容,每日经济新闻
2021-12-14,宝钢股份：2019年8月中国宝武出具了承诺，会在未来5年内解决公司和马钢股份存在的同业竞争问题,每日经济新闻
2021-12-14,宝钢股份：作为钢铁龙头企业，公司不会再做钢铁的财务投资,每日经济新闻
2021-12-14,宝钢股份：公司无并股的计划,Wind
2021-12-14,宝钢股份：公司专注碳钢产品的生产制造，公司的母公司中国宝武旗下有不锈钢产品及相关业务,每日经济新闻
2021-12-14,宝钢股份：公司专注于碳钢产品深耕，以宝武集团内部减少同业竞争为契机，将积极寻求并购整合机会,每日经济新闻
2021-12-14,宝钢股份：2020年公司钢铁主业人均钢产量1288吨/人?年,每日经济新闻
2021-12-14,宝钢股份：公司目前积极开展各项低碳冶金技术的探索,财联社
2021-12-14,宝钢股份发布降碳行动方案：2035年力争减碳30%，2050年力争实现碳中和,兰格钢铁网
2021-12-13,宝钢股份现1笔大宗交易 共成交948.00万元,新浪
2021-12-13,宝钢股份预制加工新式U型坡口工艺在我国实现首次应用,我的煤炭网
2021-12-13,宝钢股份今日大宗交易成交150万股，成交价6.32元折价10.73%,Wind
2021-12-13,12月13日上海钢材市场冷轧板卷价格行情,全球金属网
2021-12-11,中信建投证券六大研究团队最新解读中央经济工作会议,Wind
2021-12-11,钢铁板块股价企稳，首钢股份董事因亲属短线交易深表自责,华夏时报
2021-12-11,中泰证券易主 下海官员李峰改革向何方 控制人变化,中国经营报
2021-12-10,宝钢转炉LT改造EP项目5#转炉顺利复产,我的钢铁
2021-12-10,12月10日上海钢材市场冷轧板卷价格行情,全球金属网
2021-12-10,常宝钢管技术研发中心正式启用,我的钢铁
2021-12-09,从追随到引领 中外钢企共享市场红利,第一财经
2021-12-09,北向资金狂买A股超200亿净买入额创历史次高，继续大幅抢筹白酒股,Wind
2021-12-09,12月9日上海钢材市场冷轧板卷价格行情,全球金属网
2021-12-09,武钢有限六号高炉大修改造项目点火投产,我的钢铁
2021-12-09,宝钢股份发布降碳行动方案：2035年力争减碳30%，2050年力争实现碳中和,我的钢铁
2021-12-08,北向资金再度加仓近百亿，贵州茅台获大幅净买入超16亿元,Wind
2021-12-08,钢铁行业2022年度策略：筑底企稳 静待修复,新浪
2021-12-08,12月8日上海钢材市场冷轧板卷价格行情,全球金属网
2021-12-08,工业互联网和过去的自动化、信息化系统有什么区别?,Ofweek
2021-12-08,打造先进汽车用材联合创新实验室,浦东时报
2021-12-08,宝钢股份预制加工新式U型坡口工艺在我国实现首次应用,兰格钢铁网
2021-12-08,12月8日行业要闻概览,钢企网
2021-12-08,艾瑞：新旧经济的分野，人口、投资、市值表现,艾瑞咨询
2021-12-08,内外兼修创新驱动 上海上市公司变大为强,上证报
2021-12-07,北向资金今日净买入79.49亿元，继续抄底大金融板块,Wind
2021-12-07,中冶宝钢承接宝钢股份冷轧C017机组排雾系统改造项目,钢铁新闻网
2021-12-07,12月7日上海钢材市场冷轧板卷价格行情,全球金属网
2021-12-07,东吴证券：中期继续看好钢铁股,Wind
2021-12-06,钢铁行业库存周度点评：需求端持续回暖 本周库存大幅去化,新浪
2021-12-06,碳中和周报：“十四五”工业绿色发展规划出台 全力推动工业碳达峰,新浪
2021-12-06,新材料&金属材料行业周报：降准利好材料需求进一步复苏,新浪
2021-12-06,释放变革活力！宝钢股份冷轧部跑出高质量发展加速度,兰格钢铁网
2021-12-06,12月6日上海钢材市场冷轧板卷价格行情,全球金属网
2021-12-06,钢铁行业周报：高层发声将适度降准 短期或支撑钢价,新浪
2021-12-03,上汽乘用车携手宝钢股份打造先进汽车用材联合创新实验室,和讯
2021-12-03,基础材料行业：无取向看升级 取向与非晶动态竞争,新浪
2021-12-03,12月3日上海钢材市场冷轧板卷价格行情,全球金属网
2021-12-03,吉林省委副书记、省长韩俊会见金风科技董事长武钢,华夏能源网
2021-12-03,邹继新：绿色是宝钢高质量发展的底色,上证报
2021-12-03,钢铁Ⅱ：地产恢复 消费回升 布局钢铁股时点已到,新浪
2021-12-02,12月2日上海钢材市场冷轧板卷价格行情,全球金属网
2021-12-02,武钢有限烧结电站打赢定修保产攻坚战,中国冶金报
2021-12-02,华宝证券-武钢大厦5.22亿元ABS获上交所受理,乐居财经
2021-12-01,北向资金12月首个交易日加仓A股30亿，紫光国微净买入超6亿元,Wind
2021-12-01,中国宝武“数智钢铁”优秀案例精彩亮相中国“5G 工业互联网”大会,兰格钢铁网
2021-12-01,宝信软件(600845)深度报告：工业软件厚积薄发 IDC资源整合加速扩容,新浪
2021-12-01,12月1日上海钢材市场冷轧板卷价格行情,全球金属网
2021-11-30,上海农商行董事王娟任职获准 现任宝山钢铁财务总监,和讯
2021-11-30,宝钢股份：累计支付34.55亿元回购股份,格隆汇
2021-11-30,宝钢股份：截至2021年11月30日已累计回购约4.66亿股，占比2.09%,每日经济新闻
2021-11-30,宝钢股份：已累计回购4.66亿股，支付总金额34.55亿元,Wind
2021-11-30,宝钢股份最新公告：截至11月30日已累计回购4.66亿股,证券之星
2021-11-30,宝钢股份(600019.SH)斥资34.55亿元累计回购4.66亿股,智通财经
2021-11-30,11月30日上海钢材市场冷轧板卷价格行情,全球金属网
2021-11-30,金风科技董事长：应出台煤电价格联动机制，保障电力生产和供应稳定,新浪
2021-11-30,业绩说明会持续提升获得感 沪市公司“面对面”话高质量发展,上证报
2021-11-29,钢铁行业周报：疫情再反复 反弹被中断,新浪
2021-11-29,11月29日上海钢材市场冷轧板卷价格行情,全球金属网
2021-11-29,“A拆A”大戏不断，创业板科创板成上市地首选,Wind
2021-11-29,布局新增长点，年内超40家公司发布分拆上市计划,Wind
2021-11-29,盛德鑫泰：金世富盈(北京)投资有限公司、Hello china集团等2家机构于11月17日调研我司,证券之星
2021-11-28,震荡市继续防守为主 三行业逢低配置,金融投资报
2021-11-27,钢铁板块整体上扬，包钢股份上涨20.63%「钢铁周评榜」,华夏时报
2021-11-26,从“实验室”到“生产线”，这个“全球第一”的超导电缆出自宝山！,东方网
2021-11-26,宝钢股份与太钢发挥协同效应保供国内重大项目,兰格钢铁网
2021-11-26,11月26日上海钢材市场冷轧板卷价格行情,全球金属网
2021-11-26,钢铁行业周报数据库,新浪
2021-11-26,中冶宝钢以匠心铸造美丽钢厂,钢铁新闻网
2021-11-26,宝钢股份：公司的产品售价及原料采购价格与期货价格并无直接关联,每日经济新闻
2021-11-26,华辰装备：公司产品服务于宝钢股份、鞍钢股份、首钢股份、河钢股份、太钢不锈、柳钢股份、包钢股份、南钢股份、攀钢集团、日照钢铁、金钼股份、鼎胜新材、太阳纸业、金田铜业、ANDRITZ、DANIELI、JSL、BSL等国内外200余家客户,每日经济新闻
2021-11-26,宝钢股份：2020年全年，公司出口主要包括热轧及厚板产品124万吨、冷轧产品168万吨、钢管产品15万吨等，境外市场营业收入270亿元，占公司全年总营业收入约10%,每日经济新闻
2021-11-26,宝钢股份：2020年公司境外市场营收270亿元，占公司全年总营收约10%,Wind
2021-11-26,宝钢股份：2020年公司取向硅钢产量约85万吨，国内市占率60%左右,Wind
2021-11-26,宝钢股份拟拆分宝武碳业创业板上市 标的半年盈利5.23亿总资产超116亿,长江商报
2021-11-26,以能效约束推动低碳转型，重点工业领域节能“有章可循”,Wind
2021-11-25,值得一读！解密大佬20年投资得失,菜鸟理财
2021-11-25,西藏矿业：后续如何落实宝武集团与宁德时代签订的战略合作协议，还需西藏矿业与,新浪
2021-11-25,西藏矿业：回复深交所关注函 关注函,Wind
2021-11-25,美国深陷钢铁荒，3万家工厂停工停产，中企宝钢却9个月净赚291亿 经营问题,腾讯网
2021-11-25,11月25日上海钢材市场冷轧板卷价格行情,全球金属网
2021-11-25,年内上市公司回购金额逾1100亿,Wind
2021-11-24,急得连丰田一起砍，日本制铁为何如此紧张中国宝钢？,和讯
2021-11-24,有色金属行业深度报告：磁性材料-未来电气化大时代的核心材料,新浪
2021-11-24,宝钢股份(600019.SH)选举周燕萍为职工监事,智通财经
2021-11-24,解密：河钢、首钢或将重组？成世界第二大钢企！,腾讯网
2021-11-24,11月24日上海钢材市场冷轧板卷价格行情,全球金属网
2021-11-24,钢铁钻石！宝钢供货中海油龙口lng项目,钢企网
2021-11-24,钢铁板块探底回升，攀钢钒钛涨超6%，河钢资源、甬金股份、宝钢股份跟涨。,新浪
2021-11-24,【浙商新材料|马金龙】磁材专家交流纪要,微信
2021-11-24,宝钢股份分拆，宝武碳业创业板上市,Wind
2021-11-23,又见钢企拆分上市，宝武碳业拟冲刺创业板，创新成色几何,第一财经
2021-11-23,宝钢股份分拆宝武碳业创业板上市，打造全系碳基新材料帝国快马加鞭,21世纪经济报道
2021-11-23,北向资金连续3日加仓累计扫货近150亿，宁德时代11月累计净买入超百亿,Wind
2021-11-23,宝钢股份拟拆分宝武碳业至创业板上市 打造独立碳基新材料上市平台,每日经济新闻
2021-11-23,突然爆发！3000亿电子烟龙头暴涨14%，钢铁板块也大涨…北交所股票表现亮了，仅2股下跌，啥情况？,证券时报
2021-11-23,宝钢股份发布公告 拟分拆控股子公司至创业板上市,北京商报
2021-11-23,A股异动丨宝钢股份涨约4% 拟拆分宝武碳业至创业板,格隆汇
2021-11-23,11月23日上海冷轧卷板市场价格,兰格钢铁网
2021-11-23,A股早报2021年11月23日星期二,Wind
2021-11-23,"辉瑞和BioNTech称其新冠疫苗对青少年预防感染有效性100%；麦肯锡因内幕交易被罚；爱立信同意收购云通信公司Vonage
金融监管处罚",每经头条
2021-11-23,每日财报|宝钢股份子公司分拆上市 小牛电动前三季度净利润9171万,每日财报
2021-11-22,晚间要闻2021年11月22日星期一,Wind
2021-11-22,盘后公告集锦|又见百亿定增！这家隔膜龙头拟募资扩产,财联社
2021-11-22,宝钢股份拟拆分宝武碳业至创业板 募资将用于新型炭材料等项目,e公司
2021-11-22,晚间资讯∣佳兆业发布锦恒财富产品兑付方案；宝钢股份拟分拆子公司至创业板上市,证券时报网
2021-11-22,公告精选丨宝钢股份拟分拆子公司至创业板上市；中超控股及实控人遭证监会立案,21世纪经济报道
2021-11-22,11月23日上市公司重要公告集锦：中国中铁拟推不超2亿股限制性股票激励计划,证券日报之声
2021-11-22,公告精选：恩捷股份拟定增募资不超128亿元；何享健累计增持10.5亿元美的集团股份,e公司
2021-11-22,【晚间公告抢先看】保利发展发行不超98亿元公司债、国轩高科与长城汽车零部件公司签订不低于10GWh采购协议,金融界
2021-11-22,宝钢股份拟分拆子公司宝武碳业至深交所创业板上市,上证报
2021-11-22,追风的人霍江明：志在建立中国人自己的风机控制理论,科技日报
2021-11-22,宝钢股份：拟将控股子公司宝武碳业分拆至创业板上市,Wind
2021-11-22,钢铁周报：展望2022年全年 近有忧虑远有希望,新浪
2021-11-22,钢铁行业周报：需求持续回升 库存加速去化,新浪
2021-11-22,11月22日(15:30)杭州建筑钢材批量价格,兰格钢铁网
2021-11-22,11月22日上海钢材市场冷轧板卷价格行情,全球金属网
2021-11-22,中国钢铁限产，铁矿石价格大跌60%，宝钢打破历史记录，净赚291亿,Ofweek
2021-11-22,“5G+工业互联网”建设加力，产业化规模化应用持续推进,Wind
2021-11-21,【国君钢铁|宝钢股份】成本削减深入推进，产品结构持续优化,鹏飞论钢
2021-11-20,螺纹钢价急速缩水，多家钢厂停工限产，专家：大宗商品拐点已至,证券之星
2021-11-19,钢铁行业2022年策略：行稳致远 砥砺前行,新浪
2021-11-19,北向资金今日大幅净买入近83亿，再度爆买宁德时代超14亿,Wind
2021-11-19,5G赋能武钢智慧转型 “一键炼钢”成为现实,中新网
2021-11-19,11月19日上海钢材市场冷轧板卷价格行情,全球金属网
2021-11-19,中国5G+工业互联网大会今开幕,Wind
2021-11-19,宝钢股份热轧产品成功进入智慧灯杆制造供应链,钢企网
2021-11-18,北向资金今日净卖出44.53亿元，传统核心资产集体遭抛售,Wind
2021-11-18,11月18日(16:40)上海镀锌板市场价格,兰格钢铁网
2021-11-18,11月18日(14:50)上海冷轧卷板市场价格,兰格钢铁网
2021-11-18,11月18日上海钢材市场冷轧板卷价格行情,全球金属网
2021-11-18,11月18日西安镀锌板市场价格,兰格钢铁网
2021-11-17,北向资金结束连续4日净买入，贵州茅台遭大幅抛售超11亿元,Wind
2021-11-17,11月17日上海钢材市场冷轧板卷价格行情,全球金属网
2021-11-17,独家采访找钢网CEO王东 揭秘B2B电商核心内幕,亿邦动力
2021-11-16,科技引领 智慧赋能 武钢资源加速驰骋新赛道,我的煤炭网
2021-11-16,11月16日九江建筑钢材批量价格,兰格钢铁网
2021-11-16,11月16日上海钢材市场冷轧板卷价格行情,全球金属网
2021-11-16,绿电有望“持证上岗”,中国环境报
2021-11-16,全球品质加持，宝钢汽车板助力用户打造极致安全车身,兰格钢铁网
2021-11-15,北向资金连续3日净买入累计加仓近160亿，中国中免获净买入超6亿元,Wind
2021-11-15,中国银河维持环保公用/建材/钢铁/煤炭行业推荐评级：深入打好污染防治攻坚战，推动经济社会绿色转型,每日经济新闻
2021-11-15,11月15日上海钢材市场冷轧板卷价格行情,全球金属网
2021-11-13,钢铁板块连跌两个月后反弹，永兴材料上涨14.58%「钢铁周评榜」,华夏时报
2021-11-12,北向资金再度加仓超36亿，东方财富本周净买入近28亿,Wind
2021-11-12,有色钢铁行业周策略(2021年第44周)：采暖季与能耗双控叠加 Q4供给或承压,新浪
2021-11-12,11月12日南京造船板市场价格,兰格钢铁网
2021-11-12,11月12日上海钢材市场冷轧板卷价格行情,全球金属网
2021-11-12,国内最宽厚板不锈钢在宝钢批量轧制成功丨钢铁财经资讯速览,钢铁新闻网
2021-11-11,钢铁行业：需求反弹 库存重回下降通道,新浪
2021-11-11,宝钢股份武钢有限5G+铁钢界面智慧平台铁水调度模块成功上线,e公司
2021-11-11,北向资金杀回马枪超86亿资金回流A股，东方财富获大幅净买入超18亿,Wind
2021-11-11,宝信软件(600845)：三季度业绩符合预期 工业软件与IDC成长空间广阔,新浪
2021-11-11,11月11日(11:20)上海冷轧卷板市场价格,兰格钢铁网
2021-11-11,【行情】钢铁板块短线拉升，金岭矿业涨近5%，宝钢股份、方大特钢、太钢不锈跟涨,金十数据
2021-11-11,11月11日上海钢材市场冷轧板卷价格行情,全球金属网
2021-11-11,重磅！世界钢企35强发布！宝武、中钢、鞍钢、马钢、沙钢上榜！,北极星节能
2021-11-11,宝钢股份2021年12月份国内期货销售价格调整的公告,中华商务网
2021-11-11,武钢建立炼钢操控中心，打造数字化集控模式；中国电力与腾讯云合作，建设低碳零碳数据中心 | 36氪大公司数字化创新指南1110,36氪
2021-11-11,金额同比翻番，914家公司年内回购超千亿,Wind
2021-11-11,电厂存煤突破1.2亿吨！煤价遭腰斩，钢铁、煤炭周期股全线大跌！,Wind
2021-11-10,中国宝武旗下钢铁电商欧冶云商拟登创业板,每日经济新闻
2021-11-10,宝钢股份2021年12月热轧卷板价格政策,兰格钢铁网
2021-11-10,宝钢股份2021年12月份板材产品价格政策,兰格钢铁网
2021-11-10,宝钢股份：已回购2.05%的股份 耗资33.91亿元,智通财经
2021-11-10,宝钢股份：截至今日已累计回购2.05%股份,财联社
2021-11-10,宝钢股份：公司生产经营情况正常，但是受上游焦煤、合金、能源介质等原燃料价格上涨超过铁矿石价格下跌等因素影响，总体成本压力较大,每日经济新闻
2021-11-10,宝钢股份：公司冷轧汽车板销量占比约为19-20%，硅钢销量占比7-8%,每日经济新闻
2021-11-10,宝钢股份：公司目前没有相关并购或持股计划,每日经济新闻
2021-11-10,宝钢股份：已回购股份占公司总股本的比例约为2.05%,格隆汇
2021-11-10,宝钢股份：公司已累计回购2.05%公司股份,Wind
2021-11-10,宝钢股份：以集中竞价交易方式回购股份比例累计达到2%,Wind
2021-11-10,北向资金大举出货超百亿连续4日净卖出，房地产产业链持续遭抛售,Wind
2021-11-10,1400亿巨头连跌3个月重挫41%！股民：解套有希望吗？,凤凰网
2021-11-10,11月10日(16:17)广州镀锌板市场价格,兰格钢铁网
2021-11-10,冲刺IPO的欧冶云商回应关联交易数据差异：因双方收入确认方式不同,每日经济新闻
2021-11-10,煤炭、钢铁板块反弹，宝钢股份、冀中能源翻红,Wind
2021-11-10,有色钢铁行业周策略：新能源需求强劲 锂矿价格持续上涨,新浪
2021-11-10,11月10日上海钢材市场冷轧板卷价格行情,全球金属网
2021-11-10,世界级钢铁企业竞争力排名出炉,兰格钢铁网
2021-11-10,TiPLab IP Observation / 电子通讯版：2021.10.11-2021.11.10,TiPLab
2021-11-10,910家公司今年以来回购股份逾千亿元,Wind
2021-11-09,沪港通十大成交活跃股排名（11月9日）,Wind
2021-11-09,中国宝武旗下钢铁电商欧冶云商冲刺IPO：毛利率不足2%，资产负债率超同行 偿债能力下降,每日经济新闻
2021-11-09,北向资金今日净流出21亿元 宁德时代获加仓超5亿元,第一财经
2021-11-09,北向资金成交低迷连续3日净卖出，中国平安遭大幅净卖出超10亿元,Wind
2021-11-09,11月9日上海钢材市场冷轧板卷价格行情,全球金属网
2021-11-09,周期产业2022年投资策略：聚焦成长性材料量利齐升下的机会,新浪
2021-11-09,氢能潮涌，巨头骈进,Wind
2021-11-08,螺纹钢价格暴跌！从火爆到低迷仅10多天，钢厂大幅砍产能,中国经济网
2021-11-08,崛起!这块被遗忘的“房价黑洞”如今却成了香饽饽?,搜狐
2021-11-08,这些ETF基金遭重创！能源价格大幅回落，带动全球原料普跌,Wind
2021-11-08,11月8日上海钢材市场冷轧板卷价格行情,全球金属网
2021-11-08,钢铁行业周报：淡季渐开启 库存转累积,新浪
2021-11-08,首单！宝钢股份“碳中和”钢铁产品发运,钢铁新闻网
2021-11-06,“双碳”目标下钢铁业重组或加速,证券日报
2021-11-05,11月5日上海钢材市场冷轧板卷价格行情,全球金属网
2021-11-05,11月5日武汉冷轧无取向硅钢片市场价格,兰格钢铁网
2021-11-05,11月5日南昌建筑钢材批量价格,兰格钢铁网
2021-11-05,中冶长天荣获国家科技进步奖一等奖,钢铁新闻网
2021-11-05,钢铁行业：需求回落 库存有所积累,新浪
2021-11-05,同舟共济再“启新” 一汽-大众供应商走访（下）,中国经济网
2021-11-04,11月4日(16:10)无锡冷轧卷板市场价格,兰格钢铁网
2021-11-04,11月4日上海钢材市场冷轧板卷价格行情,全球金属网
2021-11-04,中国五冶集团武钢热轧厂1580产线3号加热炉改造项目点火成功,钢企网
2021-11-04,欧盟用钢行业生产2021年预计增长9.3%丨钢铁财经资讯速览,钢铁新闻网
2021-11-03,卢平：传统行业能否实现“茅台化”？,新浪
2021-11-03,宝钢股份：第三季度净利润65亿元 同比增68.56%,我的不锈钢
2021-11-03,宝钢宽厚板2021年11月份期货价格,兰格钢铁网
2021-11-03,11月3日上海钢材市场冷轧板卷价格行情,全球金属网
2021-11-03,浙江青山钢管成为中国特钢企业协会不锈钢分会第六届常务理事会新成员,钢铁新闻网
2021-11-03,壳牌2021“赋能进步，共创净零未来”高峰论坛圆满收官,美通社
2021-11-02,武钢1号转底炉成功投料生产,钢企网
2021-11-02,钢铁板块跌势不止，宝钢股份再创阶段新低,Wind
2021-11-02,11月2日上海钢材市场冷轧板卷价格行情,全球金属网
2021-11-01,宝钢股份第三季度实现营收926.94亿元 同比增长31.78%,煤炭网
2021-11-01,宝钢股份：已耗资31.67亿元回购股票,格隆汇
2021-11-01,宝钢股份(600019.SH)累计回购4.21亿股 耗资31.66亿元,智通财经
2021-11-01,宝钢股份(600019.SH)：10月未回购股份,格隆汇
2021-11-01,宝钢股份：累计回购约4.21亿股，占比1.89%,每日经济新闻
2021-11-01,宝信软件(600845)：业绩高增 智慧制造与云服务持续受益,国金证券股份有限公司
2021-11-01,国家知识产权局回应宝钢在日被诉侵权：实施对外贸易知识产权保护工程 诉讼纠纷,第一财经
2021-11-01,图解宝钢股份三季报：第三季度单季净利润同比增68.61%,证券之星
2021-11-01,11月1日上海钢材市场冷轧板卷价格行情,全球金属网
2021-11-01,11月1日杭州建筑钢材批量价格,兰格钢铁网
2021-11-01,东吴证券给予宝钢股份买入评级：成本拖累，核心资产韧性凸显,每日经济新闻
2021-11-01,东吴证券：给予宝钢股份买入评级,证券之星
2021-11-01,索赔11亿元，日本钢铁与宝钢掀起专利之争,新浪
2021-11-01,11月1日行业要闻早餐资讯,钢企网
2021-10-31,【中信建投通信|阎贵成&武超则团队】宝信软件：智慧制造需求提升，能力边界不断扩张，业绩超预期,建投通信研究
2021-10-31,钢铁板块七周连跌，中信特钢跌去9.20%，钢企三季度经营承压,华夏时报
2021-10-31,【招商通信余俊团队】宝信软件（600845.SH）业绩符合预期，智慧制造打造工业互联网新增长极,俊Sir通信研究
2021-10-31,碳中和周报：“双碳”顶层政策发布 明确达峰前相关领域细化目标,新浪
2021-10-31,国盛证券：给予宝信软件买入评级,证券之星
2021-10-31,国盛证券给予宝信软件买入评级：三季度业绩符合预期，工业软件与IDC成长空间广阔,每日经济新闻
2021-10-31,68公司获得增持评级-更新中,中财网
2021-10-31,金属新材料周报：煤价下降对下游已出现正贡献,新浪
2021-10-31,周建平：数字与实体加速融合，传统产业也能完整数字化,和讯
2021-10-31,江毅会见金风科技董事长武钢,我的煤炭网
2021-10-30,LubTop点评行业周报（2021年第40期）,润滑油信息网
2021-10-30,4500家公司三季报亮丽出炉，传统行业和新兴产业交相辉映,Wind
2021-10-29,宝钢股份：前三季净利超215亿元，中国钢铁产能扩张已见顶,澎湃新闻
2021-10-29,宝钢股份前三季度实现营收2782.22亿元 同比增长38.9%,e公司
2021-10-29,宝钢股份第三季度净利润同比增长68.56%,上证报
2021-10-29,北向资金连续13个月加仓A股，隆基股份获大幅净买入超10亿,Wind
2021-10-29,宝钢股份：前三季度净利润215.9亿元 同比增长174.53%,中证网
2021-10-29,宝钢股份：2021年前三季度净利润215.90亿元，同比增加174.53%,每日经济新闻
2021-10-29,宝钢股份：第三季度净利润65亿元 同比增68.56%,e公司
2021-10-29,宝钢股份：第三季度净利润65.02亿元 同比增长68.56%,财联社
2021-10-29,宝钢股份：第三季度净利润65.02亿元，同比增长68.56%,Wind
2021-10-29,10月29日(11:10)上海冷轧卷板市场价格,兰格钢铁网
2021-10-29,10月29日(15:00)长沙镀锌板市场价格,兰格钢铁网
2021-10-29,10月29日(15:00)武汉冷轧卷板市场价格,兰格钢铁网
2021-10-29,华体科技三季报实现营收4.45亿 携手国资、联姻宝钢加速智慧产业生态布局,证券时报网
2021-10-29,10月29日上海钢材市场冷轧板卷价格行情,全球金属网
2021-10-29,华泰固收：整合进行时—钢铁行业信用展望,Wind
2021-10-28,【华泰固收|信用】整合进行时—钢铁行业信用展望,华泰固收强债论坛
2021-10-28,中国银河维持中钢国际推荐评级：Q3业绩高增长，低碳冶金潜力大,每日经济新闻
2021-10-28,钢铁行业周度聚焦：短期行业仍将底部震荡 关注供暖季政策发力,新浪
2021-10-28,10月28日上海钢材市场冷轧板卷价格行情,全球金属网
2021-10-28,超一半企业涉氢！2021年最受赞赏的中国公司出炉,新能源网
2021-10-27,追“宗”系列：限电压力加码 供给收紧支撑价格持续提涨,新浪
2021-10-27,昆仑润滑荣获宝武集团“优秀供应链合作伙伴”,润滑油信息网
2021-10-27,10月27日上海钢材市场冷轧板卷价格行情,全球金属网
2021-10-26,10月26日(16:48)重庆镀锌板市场价格,兰格钢铁网
2021-10-26,10月26日(16:45)成都镀锌板市场价格,兰格钢铁网
2021-10-26,云海金属：公司和宝钢集团投资的宝镁项目目前尚未开始建设,Wind
2021-10-26,回购、增持潮频现，强护盘模式开启,Wind
2021-10-26,10月26日(16:10)贵阳中厚板市场价格,兰格钢铁网
2021-10-26,中国宝武一余热综合利用项目入围世界钢铁协会“Steelie奖”,兰格钢铁网
2021-10-26,10月26日九江建筑钢材批量价格,兰格钢铁网
2021-10-26,10月26日上海钢材市场冷轧板卷价格行情,全球金属网
2021-10-26,新材料&金属材料行业周报(2021年10月第4期)：煤价下滑利于成本下降,新浪
2021-10-25,北向资金连续5日加仓累计扫货超300亿，阳光电源、天赐材料净买入额均超新高,Wind
2021-10-25,10月25日上海钢材市场冷轧板卷价格行情,全球金属网
2021-10-25,华体-宝钢材料研究中心签约揭牌,e公司
2021-10-25,钢铁板块连续六周震荡下行，首钢股份下跌7.24%「钢铁周评榜」,华夏时报
2021-10-25,“长三角创业地图”版图不断扩大,Wind
2021-10-24,碳中和周报：政策不断加码 提升能源保供能力,新浪
2021-10-22,全球十大钢铁集团中国占七席,西本
2021-10-22,陕鼓位居榜单40位！2021新型实体企业100强榜单发布,中国能源网
2021-10-22,钢铁行业：需求收缩 库存持续下降,新浪
2021-10-22,A股收盘综述：煤炭钢铁板块调整、动力煤连吃三跌停，资金转向芯片和消费股,Wind
2021-10-22,10月22日上海钢材市场冷轧板卷价格行情,全球金属网
2021-10-22,A股午盘综述：半导体产业链、地产、家电复苏，煤炭、钢铁板块调整,Wind
2021-10-22,打破进口依赖！宝钢全球首发低残余应力高强度油缸无缝管材,我的钢铁
2021-10-21,北向资金持续加仓三日抢购A股超180亿，中国平安获大幅净买入超10亿,Wind
2021-10-21,宝地资产所持宝钢住商汽车股份增至100%,乐居财经
2021-10-21,10月21日上海钢材市场冷轧板卷价格行情,全球金属网
2021-10-21,尖端领域竞争知产纠纷在所难免,中国贸易报
2021-10-20,10月20日(15:05)上海镀锌板市场价格,兰格钢铁网
2021-10-20,宝钢被日本制铁起诉专利侵权 双方曾合建百万吨工程项目 诉讼纠纷,中国经营网
2021-10-20,10月20日上海钢材市场冷轧板卷价格行情,全球金属网
2021-10-20,凌云股份：与宝钢合作先进汽车用钢材料，热成钢毛利有望提升,财联社
2021-10-19,有色钢铁行业周报：限电推动价格上行 关注低库存品种,新浪
2021-10-19,钢铁行业动态点评：采暖季错峰生产 行业供给持续收紧,新浪
2021-10-19,钢铁2021Q3业绩前瞻：限产减量叠加成本压力 三季度盈利环比下降 盈利能力下降,新浪
2021-10-19,加快实施“1+5”战略 宝钢股份协同欧冶云商深化三方面合作,上证报
2021-10-19,北向资金今日净买入39.06亿元，继续大幅加仓宁德时代超7亿元,Wind
2021-10-19,公司调研|凌云股份：与宝钢合作先进汽车用钢材料 热成钢毛利有望提升,财联社
2021-10-19,10月19日上海钢材市场冷轧板卷价格行情,全球金属网
2021-10-19,宝钢股份电镀锌无机自润滑sw产品实现批量供货,钢企网
2021-10-19,包钢股份与宝钢股份在包头签署央地结对协作协议、钢管产业委托管理协议,管道商务网
2021-10-19,徒弟抢走师父饭碗！被日本制铁起诉索赔11亿元 宝钢再回应 诉讼纠纷,快科技
2021-10-19,宝钢股份遭日本制铁以侵权为由索赔11亿 双方关系紧密17年前在华成立合资公司 诉讼纠纷,长江商报
2021-10-18,每经19点|首批“跨境理财通”试点银行名单发布：深圳地区20家银行入围；龙虎榜：大北农单日净买入额最多，26只个股被机构扫货,每日经济新闻
2021-10-18,晚间公告｜10月18日这些公告有看头,第一财经
2021-10-18,金融街下午茶2021年10月18日星期一,Wind
2021-10-18,刚刚！宝钢股份发布重要公告,每日经济新闻
2021-10-18,日本制铁起诉宝钢股份(600019.SH)与丰田汽车 分别索赔200亿日元 诉讼纠纷,智通财经
2021-10-18,宝钢股份：将积极应诉 坚决扞卫公司权益 诉讼纠纷,新浪
2021-10-18,宝钢股份：日本制铁向公司提出技术专利诉讼 诉讼纠纷,财联社
2021-10-18,宝钢股份：对于日本制铁单方面主张，公司不予认同并将积极应诉 诉讼纠纷,Wind
2021-10-18,日本制铁公司诉丰田汽车、宝山钢铁专利侵权 诉讼纠纷,电缆网
2021-10-18,宝钢股份：积极应诉 坚决扞卫公司的权利丨公司问答 诉讼纠纷,第一财经
2021-10-18,钢铁行业库存周度点评：钢材库存高速去化 行业驱动力仍存,新浪
2021-10-18,钢铁行业周度聚焦：错峰生产的推行将进一步催化产量收缩,新浪
2021-10-18,10月18日上海钢材市场冷轧板卷价格行情,全球金属网
2021-10-18,10月18日行业要闻概览,钢企网
2021-10-18,钢铁行业周报：四季度煤炭供需仍偏紧 碳减排背景下煤炭价格或重估,新浪
2021-10-18,金属新材料周报：限电影响有所缓解,新浪
2021-10-18,宝钢遭日本制铁索赔 最新回应：不予认同,中华商务网
2021-10-18,早报 (10.18) | 发生了什么？“牙茅”董事长狂怼网友；陕西新增2例外省游客核酸检测阳性病例,格隆汇
2021-10-18,早财经丨教育部公布12个基础教育综合改革实验区；上海银行回应“客户取现五百万”；“滤镜景点”遭吐槽，小红书道歉,每日经济新闻
2021-10-17,宝钢遭日本制铁索赔200亿日元！最新回应来了！,金融时报
2021-10-17,拿下丰田订单却被日本钢铁公司起诉侵权 宝钢回应：将积极应诉 诉讼纠纷,快科技
2021-10-16,宝钢拿下丰田重磅订单，日本制铁突然发难,Wind
2021-10-16,铁矿石研究手册（四）：四大矿山篇之FMG,和讯
2021-10-15,被日本制铁起诉侵权，宝钢：坚决扞卫公司权益 诉讼纠纷,亿欧网
2021-10-15,西藏矿业(000762)公司点评：双主营板块迎量价齐升 扎布耶二期稳步扩建,新浪
2021-10-15,10月15日上海钢材市场冷轧板卷价格行情,全球金属网
2021-10-15,华光环能：公司员工持股计划尚未开展减持,Wind
2021-10-14,10月14日上海钢材市场冷轧板卷价格行情,全球金属网
2021-10-14,宝钢股份到石横特钢对标交流丨钢铁财经资讯速览,钢铁新闻网
2021-10-14,错峰生产政策落地，行业供给收缩超预期,金融界
2021-10-14,《京津冀及周边地区2021-2022年采暖季钢铁行业错峰生产通知》点评：2022年1-3月 “226”城市粗钢减产占全国产量比例或将超过15,光大证券
2021-10-14,周期板块连续调整，“期股联动”为何突然失效？,Wind
2021-10-13,【兴证策略 | 陆股通】近期外资加仓哪些板块?,尧望后势
2021-10-13,策略周刊：北上资金流入放缓 两融融资减少-市场资金面周观察,新浪
2021-10-13,10月13日上海钢材市场冷轧板卷价格行情,全球金属网
2021-10-13,10月份宝钢对一座高炉停产检修信息,中华商务网
2021-10-12,A股收盘综述：煤炭期货、股票走势背离困扰市场，钢铁、燃气、券商、稀土大幅调整,Wind
2021-10-12,Mysteel午报：钢价多数下跌，期螺跌逾3%,我的钢铁
2021-10-12,10月12日上海钢材市场冷轧板卷价格行情,全球金属网
2021-10-12,长安福特点赞宝钢股份有力保供,钢企网
2021-10-12,北向资金动向盘点：反手净卖食品饮料,Wind
2021-10-12,变电之辩 政协委员：燃煤要敢于走新路,新浪
2021-10-11,新材料&金属材料行业周报(2021年10月第2期)：节后逐步恢复正常,新浪
2021-10-11,北向资金今日小幅净买入1.87亿元，药明康德、招商银行净买入超3亿元,Wind
2021-10-11,A股市场破净股一览（10月11日）,Wind
2021-10-11,宝钢包装布局“淮上明珠”！,兰格钢铁网
2021-10-11,钢铁周报：关注钢铁板块投资机会,新浪
2021-10-11,区交易中心举办政企对接宝武专场服务会,东方网
2021-10-11,淮北矿业：公司焦煤、焦炭客户以马钢、宝钢、华菱钢铁等国内大型钢铁生产企业为主，甲醇客户主要分布在省内及江浙等周边地区,每日经济新闻
2021-10-11,10月11日上海钢材市场冷轧板卷价格行情,全球金属网
2021-10-11,包钢与宝钢举行钢管产业合作签约仪式,管道商务网
2021-10-11,钢铁板块走软，宝钢股份13个交易日内累跌超30%,Wind
2021-10-11,2021年9月陆股通持仓分析：食品饮料转大幅加仓 美元走强或增大外资扰动,新浪
2021-10-10,宝钢股份(600019.SH)半年度权益分派10派3.5元 股权登记日为10月14日,格隆汇
2021-10-10,宝钢股份(600019.SH)半年度每股派0.35元,智通财经
2021-10-09,北向资金重点买入食品饮料，龙头股获25亿增持，同时加仓这些个股（名单）,21世纪经济报道
2021-10-09,钢铁行业周报：生铁产量环比加速下滑 四季度煤炭库存或持续累积,新浪
2021-10-09,首发、领先、打破垄断！看钢企硬核实力,中国冶金报
2021-10-08,北向资金今日净卖出25.72亿元，贵州茅台遭大幅净卖出超11亿元,Wind
2021-10-08,10月8日上海钢材市场冷轧板卷价格行情,全球金属网
2021-10-08,9月份钢铁行业PMI为45.0%，运行依然偏紧丨钢铁财经资讯速览,钢铁新闻网
2021-10-08,宝钢股份助力中石化西北油田亿吨级油气开发,兰格钢铁网
2021-10-08,传统工业企业改造后变得更“聪明” 江城智能工厂开启智造新时代,新浪
2021-10-07,宝钢股份：累计回购约4.21亿股，占比1.89%,每日经济新闻
2021-10-07,Mysteel：2021年国庆假期全国涂镀板卷市场运行情况评述,我的钢铁
2021-10-04,金属周期品高频数据周报：9月PMI新订单指数仍处于荣枯线下 高炉产能利用率降至年内新低水平,光大证券
2021-09-30,陕西唯一国企 陕鼓入选第二批“两业融合”发展试点,钢铁新闻网
2021-09-30,北向资金9月净买入超300亿连续12个月加仓A股，批量扫货新能源产业链股,Wind
2021-09-30,宝钢股份(600019.SH)累计回购4.21亿股 耗资31.67亿元,智通财经
2021-09-30,中国宝武：辐射南亚和东南亚 将昆钢打造成西南地区钢铁领军企业,中国日报网
2021-09-30,宝钢股份：公司的母公司中国宝武在钢结构业务上有所涉足，而公司专注于高端钢铁产品的制造和服务，短期内没有涉足钢结构板块的业务规划,每日经济新闻
2021-09-30,宝钢股份(600019.SH)：9月未实施股份回购,格隆汇
2021-09-30,9月30日上海钢材市场冷轧板卷价格行情,全球金属网
2021-09-30,宝钢股份助力中石化西北油田亿吨级油气开发丨钢铁财经资讯速览,钢铁新闻网
2021-09-30,北向资金最新“购物清单”：增持食品饮料，减持电子元件 减持股份,21世纪经济报道
2021-09-30,北向资金动向盘点：连续第四日净买食品饮料,Wind
2021-09-30,资金避险情绪升温，行情调整充分后或孕育转机,Wind
2021-09-29,【中金固收·信用】中国短期融资券及中期票据信用分析周报,中金固定收益研究
2021-09-29,市值蒸发超万亿，周期股被爆锤，北上资金抄底这些股！,Wind
2021-09-29,北向资金今日净卖出2.67亿元 宝钢股份净卖出5.46亿元,新浪
2021-09-29,北上资金净卖出2.67亿元 宝钢股份遭净卖出5.46亿元,格隆汇
2021-09-29,北向资金丨宝钢股份遭净卖出5.46亿元,第一财经
2021-09-29,北向资金结束连续3日净买入，宝钢股份净卖出额创新高,Wind
2021-09-29,9月29日上海钢材市场冷轧板卷价格行情,全球金属网
2021-09-28,“凌云-宝钢”先进汽车用钢联合实验室成立,中证网
2021-09-28,大商所冉华：以专业化精细化特色化期货服务助力煤焦钢产业高质量发展,Wind
2021-09-28,马钢牵手宝钢实现特钢领域协同创效,兰格钢铁网
2021-09-28,宝钢股份高端产品助力我国在页岩勘探开发中探囊取“油”！,兰格钢铁网
2021-09-28,周期股回调，宝钢股份跌1.3%，央创ETF（515900）迎谷底买入黄金时机,资本邦
2021-09-28,安徽怀远宝钢新建智能化铝制两片罐项目顺利开工,长江有色
2021-09-28,9月28日上海钢材市场冷轧板卷价格行情,全球金属网
2021-09-28,双碳风口来临，沪市主板公司践行ESG转型,Wind
2021-09-27,钢铁行业周度聚焦：钢铁利润占比超过铁矿石,新浪
2021-09-27,钢铁行业周报：调整即是机会,新浪
2021-09-27,北向资金今日净买入14.77亿元，白酒股连续第二日遭疯抢,Wind
2021-09-27,一文读懂：新媒体时代上市公司如何进行投资者关系管理？,全景网
2021-09-27,钢铁周报：钢铁股被错杀 珍惜绝佳配置机会,新浪
2021-09-27,钢铁行业：不惧扰动 坚定看好金九银十下的钢铁行情,新浪
2021-09-27,金融支持实体经济，共建ESG绿色生态,中金在线
2021-09-27,9月27日上海钢材市场冷轧板卷价格行情,全球金属网
2021-09-26,金属周期品高频数据周报：螺纹吨钢利润创2019年以来新高 卷螺吨钢价差由正转负降至-130元,光大证券
2021-09-26,钢铁行业：钢厂利润持续攀高 钢材社库八连降,新浪
2021-09-26,上海区域股市周报：新增3家上市公司 15家机构调研永冠新材,每日经济新闻
2021-09-26,宝钢股份与行业利润对比,雪球
2021-09-26,钢铁企业除尘灰综合利用现状与展望,北极星节能
2021-09-25,钢铁股偃旗息鼓继续下跌，宝钢、首钢等多股跌超7%,华夏时报
2021-09-25,今年以来A股公司回购总额近1400亿元,Wind
2021-09-24,金融街下午茶2021年9月24日星期五,Wind
2021-09-24,A股收盘综述：煤炭、水泥、钢铁、化肥大幅调整，限产限电下市场找寻新方向,Wind
2021-09-24,A股午盘综述：水泥、煤炭、钢铁股遭到抛售，资金回流食品、白酒板块,Wind
2021-09-23,宝钢股份宝山基地烧结工序降耗减碳！,兰格钢铁网
2021-09-22,钢铁行业周度聚焦：钢铁五大品种总产量创2020年4月来最低值,新浪
2021-09-22,绿色能源与大宗商品月报(2021年9月)行业月报,新浪
2021-09-22,新材料&金属材料行业周报(2021年9月第3期)：基本面未变 回调是机会,新浪
2021-09-21,钢铁行业周报：能耗双控+环保限产 四季度粗钢产量将进一步下滑,新浪
2021-09-18,宝钢股份：及其下属公司武钢有限、湛江钢铁、梅钢公司合计增资 14.79 亿元入股宝武水务,北极星电力
2021-09-18,宝钢股份：拟增资入股宝武水务,中华商务网
2021-09-17,马鞍山钢铁股份：拟增资入股宝武水务,Wind
2021-09-17,马钢股份：拟与宝钢股份、武汉钢铁等共同增资入股宝武水务,发布易
2021-09-17,宝钢股份：拟增资入股宝武水务,西本
2021-09-17,宝钢股份：拟向宝武水务增资14.79亿元,中证网
2021-09-17,马鞍山钢铁股份：公司与宝钢股份等共同增资入股宝武水务,Wind
2021-09-17,韶钢松山：2018年公司退出宝特长材是居于宝武集团的规划及属地化管理的需要,每日经济新闻
2021-09-17,宝钢股份(600019.SH)对宝武水务增资21.73亿元,智通财经
2021-09-17,A股收盘综述：市场高抛煤、钢、稀土、锂，“吃药喝酒”局面再现或因基金纠正风格漂移,Wind
2021-09-17,钢铁、煤炭板块连续杀跌，宝钢、神华、山西焦化、山西焦煤、首钢等均跌超4%,Wind
2021-09-16,碳中和2021年四季度策略报告：碳中和背景下龙头公司成长性凸显,新浪
2021-09-16,宝钢股份拿到大湾区南通道项目最高强度彩涂板订单,钢企网
2021-09-15,每日理财观察：互认基金“打头阵”，公募布局“跨境理财通”,Wind
2021-09-15,有色钢铁行业周策略(2021年第37周)：需求旺季 成本下行 吨钢利润有望持续扩张,新浪
2021-09-14,金融街下午茶2021年9月14日星期二,Wind
2021-09-14,宝钢股份今日大宗交易成交22万股，成交价11.04元溢价0.0%,Wind
2021-09-14,北向资金今日净卖出超41亿元，中国平安、白酒股持续遭抛售,Wind
2021-09-14,A股突然跳水，2大利空搅局，影响多大？,Wind
2021-09-14,魔咒再现！中石油暴拉9%，A股跳水跌破3700点,Wind
2021-09-14,A股收盘综述：金融乏力、煤钢休整，鸿蒙、锂电池、磷化工、盐湖提锂依旧火热,Wind
2021-09-14,【异动股】钢铁行业板块下挫，宝钢股份(600019.CN)跌7.35%,财华社
2021-09-14,宝钢股份：践行可持续发展理念 推进绿色发展新蓝图,中证网
2021-09-14,周期股大涨，机构追高买买买！北上资金却抛售,Wind
2021-09-14,年内A股逾千家公司回购总额超1300亿元,Wind
2021-09-14,宝钢股份：打造绿色供应链体系 共建高质量生态圈,中证报
2021-09-13,大宗商品行业周报：绿色能源与大宗商品周报(2021年第19期),新浪
2021-09-13,钢铁行业周报：四季度煤炭端将贡献钢厂利润 吨钢毛利继续扩张,新浪
2021-09-13,宝钢股份：目前公司给川崎、江南造船等供货,每日经济新闻
2021-09-13,北向资金净卖出额创近一个月新高，白酒、有色股遭抛售,Wind
2021-09-13,宝钢股份：力拓、中铝集团及公司的母公司中国宝武三家公司持有西芒杜铁矿的铁矿石矿权资产（3号和4号区块）,每日经济新闻
2021-09-13,宝钢股份：目前没有定增计划,每日经济新闻
2021-09-13,宝钢股份：目前公司硅钢产能约350万吨,Wind
2021-09-13,钢铁行业周度聚焦：钢材库存去化加速,新浪
2021-09-13,宝武集团鄂城钢铁炼钢厂无组织排放源超低排改造项目EPC中标,北极星节能
2021-09-10,北向资金连续三周加仓累计净买入600亿，中远海控获大幅净买入近10亿元,Wind
2021-09-10,解放日报：上期所和宝武集团联手“期货稳价订单”业务试点,上期所
2021-09-10,武钢有限召开累计产钢4亿吨座谈会,兰格钢铁网
2021-09-10,包钢股份与宝钢股份签署央地结对协作协议及钢管产业委托管理协议－国务院国有资产监督管理委员会,国资委
2021-09-10,宝钢股份与沙特阿美合作 将在沙特建厂－国务院国有资产监督管理委员会,国资委
2021-09-10,北向资金动向盘点：逢涨净卖周期股,Wind
2021-09-10,宝钢股份半年完成营收目标64% 牵手沙特阿美建厂布局国际化,长江商报
2021-09-10,A股逼近3700！将成全球香饽饽？北上资金再度净买入,Wind
2021-09-09,宝钢拟与全球最大油企沙特阿美合作建钢厂：“走出去”关乎生死,观察者网
2021-09-09,北向资金再度净流入，今日抢筹宁德时代近9亿元,第一财经
2021-09-09,北向资金今日净买入超26亿元，连续11日扫货宁德时代累计加仓超70亿,Wind
2021-09-09,A股资金流向（9月9日）：资源股炒作进入高潮期，铜、黄金挖掘补涨,Wind
2021-09-09,A股收盘综述：上证指数迫近3700，“煤超风”、“钢铁侠”助阵,Wind
2021-09-09,宝钢股份冲击涨停，创逾13年新高,Wind
2021-09-09,包钢股份：公司不持有宝钢股份的股票,Wind
2021-09-09,包钢股份：公司不持有宝钢股份的股票，宝钢股份也不持有公司股票,每日经济新闻
2021-09-08,宝钢股份与沙特阿美石油公司签署合作备忘录 国际化战略加速落地,证券日报网
2021-09-08,晚间重要公告2021年9月8日星期三,Wind
2021-09-08,宝钢股份与沙特阿美协商计划在沙特合作建设世界一流全流程厚板工厂,上证报
2021-09-08,疫情下布局国际化，宝钢拟在沙特建厂,第一财经
2021-09-08,上海期货交易所和宝武集团联手 “期货稳价订单”业务试点,上观
2021-09-08,宝钢股份(600019.SH)拟与沙特阿美在沙特阿拉伯共建全流程厚板工厂,智通财经
2021-09-08,宝钢股份与沙特阿美签约合作建厂,我的钢铁
2021-09-08,宝钢股份国际化战略取得新进展 将与沙特阿美合作建厂,上证报
2021-09-08,国际化新突破：宝钢股份与全球最大油企沙特阿美拟合作建厂,澎湃新闻
2021-09-08,宝钢特钢2座40吨电炉产能出让公告,我的钢铁
2021-09-08,期市投资参考：伦敦基本金属多数下跌，焦煤、焦炭手续费上调,Wind
2021-09-08,上期所启动“期货稳价订单”试点业务,Wind
2021-09-07,宝钢股份：与沙特阿美签署谅解备忘录,财联社
2021-09-07,钢铁股迅速拉高，新钢股份大涨6%,Wind
2021-09-07,脑洞大开！网友想出“世博园总部概念股”，央企旗下上市公司股价走强,Wind
2021-09-07,脑洞大开！网友想出“世博园总部概念股”，央企旗下上市公司股价走强,中证报
2021-09-06,宝钢股份发行沪上首单可持续发展挂钩债券，募集金额50亿元,澎湃新闻
2021-09-06,宝钢股份成功发行沪上首单可持续发展挂钩债券,中证网
2021-09-06,宝钢股份在银行间市场发行上海市首单可持续发展挂钩债券,Wind
2021-09-06,宝钢股份在银行间市场发行上海市首单可持续发展挂钩债券,证券时报网
2021-09-06,钢铁行业：限产集中落地 看好后续钢铁板块行情,新浪
2021-09-05,陆家嘴财经早餐2021年9月5日星期日,Wind
2021-09-04,宝钢与包钢签订央地结对协作协议 为推动东北振兴作出更大贡献,新浪
2021-09-04,钢铁行业周报：需求边际回暖 钢材库存持续下滑,新浪
2021-09-04,宝钢股份与包钢股份签订央地结对协作等两份协议,Wind
2021-09-04,宝钢股份与包钢股份签订央地结对协作等两份协议,e公司
2021-09-03,北向资金连续10日扫货累计加仓近460亿，药明康德、隆基股份净买入均超8亿元,Wind
2021-09-03,武钢有限U75V在线热处理钢轨上道试用考核大纲评审会顺利召开,兰格钢铁网
2021-09-03,QFII最新重仓股：4股股价两月涨超100%，更有8个交易日涨超150%,Wind
2021-09-03,北向资金动向盘点：一顿净买猛如虎，市值还是2.5万亿,Wind
2021-09-03,宝钢股份董秘王娟：说明会的核心在于“真诚认真专业”六字真经,证券日报
2021-09-02,周期股再度领涨市场，4张图看清煤炭、钢铁业绩、估值和偿债能力！,Wind
2021-09-02,宝钢股份(600019)：2Q21业绩超预期 核心资产业绩估值双升可期,新浪
2021-09-02,宝钢股份：无条件认真执行限产！,宝钢股份
2021-09-01,有色钢铁行业周策略(2021年第35周)：发改委严禁电解铝优惠电价 铝价受成本推动或持续走高,新浪
2021-09-01,宝钢股份2021中期业绩发布会：探索低碳冶金技术创新，推动钢铁行业高质量发展,全景网
2021-08-31,上交所：业绩回升态势有所稳固，上半年沪市主板九成公司实现盈利,Wind
2021-08-31,业绩暴涨却遭四大矿山收割 ：上市钢企急谋铁矿石破局,21世纪经济报道
2021-08-31,北向资金连续7日净买入8月累计加仓270亿，中国平安逆势遭抛售超20亿,Wind
2021-08-31,宝钢股份(600019.SH)：8月已累计回购650万股,格隆汇
2021-08-31,宝钢股份：累计回购约4.21亿股，占比1.89%,每日经济新闻
2021-08-31,宝钢股份(600019.SH)截至8月底回购比例约为1.89%,智通财经
2021-08-31,宝钢股份2021年中期业绩发布速递,西本
2021-08-31,A股收盘综述：物以稀为贵，Wind稀土指数8月再涨超两成、锂矿指数涨58%,Wind
2021-08-31,宝钢股份(600019)：核心资产 盈利大超预期 继续推荐,新浪
2021-08-31,解盘：白马股低迷，水泥、环保、锂矿、磷化工略涨,Wind
2021-08-31,宝钢股份：上半年产量2600万吨，下半年会环比下降,宝钢股份
2021-08-31,机构二季度持股趋分散，增持蓝筹白马,Wind
2021-08-31,宝钢股份(600019)：量利齐增 半年报业绩创上市后最佳,新浪
2021-08-30,东吴证券维持宝钢股份买入评级：核心资产，盈利大超预期，继续推荐,每日经济新闻
2021-08-30,西藏矿业：扎布耶新一期项目规划期内项目落地形成2.5万吨锂产能,Wind
2021-08-30,北向资金连续6日净买入累计加仓近200亿，继续大手笔加码新能源股,Wind
2021-08-30,云海金属：云海金属和宝钢金属目前技术和客户等资源共享，共同推进镁行业的发展,每日经济新闻
2021-08-30,宝钢股份：上半年吨钢综合能耗创历史新低,全景网
2021-08-30,宝钢股份：宝山基地已启动建设硅钢五期工程 预计2022年底投产,全景网
2021-08-30,宝钢股份：积极推进海外钢铁基地的建设,全景网
2021-08-30,宝钢包装2021年上半年实现净利润1.66亿元，同比增长46.57%,经济观察网
2021-08-30,关于宝钢湛江钢铁有限公司氢基竖炉系统项目（一步）产能置换方案的公告,我的钢铁
2021-08-30,板块异动 | 钢企利润持续大增 钢铁板块开盘拉升,智通财经
2021-08-30,港股异动 | 南方锰业(01091)早盘涨超13% 9月宝钢总部电解锰招标价格31100元/吨,智通财经
2021-08-30,晨会聚焦210830重点关注中国中免、楚天科技、亿纬锂能、中国电建、紫光股份、中兴通讯、丸美股份、贝瑞基因、宝钢股份、方大特钢等,国信研究
2021-08-30,业绩大超预期，钢铁板块投资正当时,金融界
2021-08-30,静待钢市旺季来临,金融界
2021-08-30,晨报0830 | 宏观、策略、房地产专题、钢铁专题、宝钢股份（600019）、优博讯（300531）,国泰君安证券研究
2021-08-30,盐湖提锂业务发展提速，西藏矿业业绩说明会“干货”多,Wind
2021-08-29,【国君钢铁丨宝钢股份】不断奔跑的行业龙头,鹏飞论钢
2021-08-29,重庆钢铁股份：拟与宝武环科订立合资合同,Wind
2021-08-29,最新一批分红预案来袭！10股中报分红超10亿,Wind
2021-08-28,4倍大牛股亮底牌，牛散入局浮盈可观,Wind
2021-08-28,创上市以来最好业绩，宝钢股份派发“大红包”,中国证券网
2021-08-28,上市公司正负面新闻2021年8月28日星期六,Wind
2021-08-27,宝钢包装：2021年半年度净利润约1.52亿元，同比增加75.75%,每日经济新闻
2021-08-27,[中报]宝钢股份2021上半年经营业绩创同期历史新高 实现利润总额205亿元,全景网
2021-08-27,宝钢包装(601968.SH)半年度归母净利同比增长75.75%至1.52亿元,智通财经
2021-08-27,海外信用评级汇总2021年8月27日星期五,Wind
2021-08-27,晚间重要公告2021年8月27日星期五,Wind
2021-08-27,宝钢股份创上市以来同期业绩最好水平，上半年净利超150亿,澎湃新闻
2021-08-27,宝钢股份：2021年半年度净利润150.79亿元，同比增加276.74%,每日经济新闻
2021-08-27,宝钢股份2021年上半年实现净利润167.65亿元，同比大幅增长273.15%,经济观察网
2021-08-27,宝钢股份公布半年报 上半年净利增加276.74%,新浪
2021-08-27,宝钢股份(600019.SH)半年度净利润升276.74%至150.79亿元 拟10派3.5元,格隆汇
2021-08-27,宝钢股份(600019.SH)拟回购注销17.79万股限制性股票,智通财经
2021-08-27,宝钢股份(600019.SH)上半年归母净利润同比增长276.74%至150.79亿元 每股派0.35元,智通财经
2021-08-27,穆迪上调宝钢股份评级至A2,证券时报网
2021-08-27,宝钢股份：上半年净利润同比增长276.74% 拟10派3.5元,中证网
2021-08-27,宝钢股份：2021年上半年净利150.79亿元，同比增长276.74%,新浪
2021-08-27,宝钢股份：上半年净利润同比增276.74% 预计下半年国内钢价或重心下移,e公司
2021-08-27,宝钢股份：上半年净利150.79亿元 同比增长277%,财联社
2021-08-27,宝钢股份：上半年净利润150.79亿元同比增276.74%，拟每股派0.35元,Wind
2021-08-27,武汉平煤武钢联合焦化有限责任公司连收三封《行政处罚决定书》,中国网
2021-08-27,宝信软件(600845)中报点评：核心受益数智化发展 工业互联网、新基建布局蓄势待发,新浪
2021-08-27,傅鹏博等又一波百亿基金经理隐形重仓股现身,Wind
2021-08-27,中国企业获取海外铁矿石资源最新消息汇总,中国冶金报
2021-08-27,宝武集团鼎力支持 西藏矿业拟20亿元加码盐湖提锂,上证报
2021-08-26,跌出价值！千亿白马频现回购，强护盘模式开启,Wind
2021-08-26,云海金属(002182)：产能扩张即将落地 业绩有望成长,新浪
2021-08-26,板块异动 | 钢铁行业利润中枢有望提振 钢铁板块持续走强,智通财经
2021-08-26,包钢股份与宝钢股份签署《钢管产业合作框架协议》－国务院国有资产监督管理委员会,国资委
2021-08-26,钢铁板块逆势走强，马钢股份、本钢板材双双封板,Wind
2021-08-25,马钢股份：董事会会议批准关于2021年中期存货跌价准备变动、坏账准备变动等议案,Wind
2021-08-25,北向资金连续三日加仓累计净买入超百亿，大幅抄底白酒股,Wind
2021-08-25,能源 基础材料行业动态：限电影响持续 水泥回升态势确立,新浪
2021-08-25,宝钢德盛新炼钢工程两条不锈钢线投产,我的钢铁
2021-08-25,武汉市委原书记马国强履新,财经网
2021-08-25,马国强，新职明确,新京报
2021-08-24,有色钢铁行业周策略(2021年第34周)：锂盐景气持续 铁矿下跌延续,新浪
2021-08-24,8月24日上海钢材市场冷轧板卷价格行情,全球金属网
2021-08-24,包钢与宝钢股份、宝钢资源、宝武炭材、宝武清能签约合作,钢铁新闻网
2021-08-24,智慧制造 智能服务，宝钢轧辊竞争力再提升！,兰格钢铁网
2021-08-23,鞍钢合并本钢 抱团取暖,e公司
2021-08-23,8月23日上海钢材市场冷轧板卷价格行情,全球金属网
2021-08-23,"2021-2025年锂供需有望逐步走向紧张, 盐湖提锂技术进步奏响产业革新主旋律",智通财经
2021-08-23,河钢宣钢成功开发Φ21.6mm1860MPa预应力钢绞线丨钢铁财经资讯速览,钢铁新闻网
2021-08-22,宝钢股份控股子公司4469万项目环评获同意,每日经济新闻
2021-08-21,重庆钢铁签9.87亿元销售大单 今年股价上涨79%,上游新闻
2021-08-21,宝信软件(600845)公司信息更新报告：业绩高增长 PLC有望开启新空间,新浪
2021-08-21,内蒙古包钢钢联股份有限公司公告（系列）,证券时报
2021-08-20,宝信软件(600845)2021年中报点评：业绩接近预告上限 软件业务大幅增长,新浪
2021-08-20,钢铁/煤炭/有色行业2021中期投资策略：供应受抑 钢煤铝行业中长期景气提升可期,光大证券
2021-08-20,晚间重要公告2021年8月20日星期五,Wind
2021-08-20,深度|盐湖提锂：技术进步奏响产业革新主旋律,齐丁有色研究
2021-08-20,宝钢股份(600019.SH)：与包钢股份签署钢管产业合作框架协议,格隆汇
2021-08-20,宝钢股份：与包钢股份基于共识，拟在钢管方面开展合作,Wind
2021-08-20,上海外轮代理 宝钢股份有限公司 长江日报报业集团 万源中学 汇福粮油,钢企网
2021-08-20,宝信软件(600845)：高速高质量增长 工业互联网领军者,新浪
2021-08-20,8月20日上海钢材市场冷轧板卷价格行情,全球金属网
2021-08-20,【招商通信余俊团队】宝信软件（600845.SH）业绩增长强势，工业智造核心能力进一步凸显,俊Sir通信研究
2021-08-19,鞍钢重组本钢即将尘埃落定 新晋“钢铁巨无霸”产能超5000万吨,每日经济新闻
2021-08-19,翻倍“钢铁侠”跌停惊魂！行业基本面有变？,Wind
2021-08-19,8月19日上海钢材市场冷轧板卷价格行情,全球金属网
2021-08-19,宝钢股份风电产品成功参与维斯塔斯哥伦比亚风电项目,钢企网
2021-08-19,领证！宝钢危废处置系统助力创建“无废城市”,北极星节能
2021-08-19,协同创效9.5亿元--“宝马”共建高质量钢铁生态圈,中国冶金报
2021-08-18,5G刚刚发力：钢铁工人和医生先尝到了甜头,财经网
2021-08-18,上海区域股市周报：复星医药跌出板块市值9强 6亿融资买入中芯国际,每日经济新闻
2021-08-18,昆钢红钢高线绿色低碳直接轧制技术改造项目投产,钢企网
2021-08-18,8月18日上海钢材市场冷轧板卷价格行情,全球金属网
2021-08-18,武钢有限为我国首个风电大基地项目植入“中国芯”,兰格钢铁网
2021-08-18,中国宝武首条连铸直轧产线诞生,我的钢铁
2021-08-17,北向资金逆市抄底加仓A股近15亿，通威股份、北方稀土净买入额均创历史新高,Wind
2021-08-17,8月17日上海钢材市场冷轧板卷价格行情,全球金属网
2021-08-17,宝钢无取向硅钢首根厂房钢柱吊装完成,我的钢铁
2021-08-16,有“锂”有据：把握西藏盐湖提锂从0到1的历史性机遇,广发证券
2021-08-16,有色金属锂行业研究：自主可控，大有可为,新浪
2021-08-16,北向资金今日大幅净买入62亿元，低估值消费白马股获追捧,Wind
2021-08-16,8月16日上海钢材市场冷轧板卷价格行情,全球金属网
2021-08-16,宝钢股份：原计划8月投产的湛江钢铁三号高炉 预计推迟,兰格钢铁网
2021-08-15,钢铁行业：钢价持续高位震荡 钢材需求将逐步改善,新浪
2021-08-14,8月14日行业要闻概览,钢企网
2021-08-14,钢铁行业周报：全年产量压减进入实操阶段,新浪
2021-08-13,8月13日上海钢材市场冷轧板卷价格行情,全球金属网
2021-08-13,中国宝武：宝钢特钢2座40吨电炉产能出让,我的钢铁
2021-08-13,汇众教育“注定不凡17周年暨V10.0新产品上海站发布会”带来数字创意职业教育行业新突破,凤凰网
2021-08-12,8月12日上海钢材市场冷轧板卷价格行情,全球金属网
2021-08-12,钢铁板块持续上扬，首钢股份涨停,Wind
2021-08-12,板块异动丨钢铁业减产概率进一步提升 钢铁板块持续走强,智通财经
2021-08-12,全球57%的钢铁产能，怎样联合起来？,观察者网
2021-08-12,【行情】钢铁板块持续拉升，首钢股份涨超5%，马钢股份、南钢股份、宝钢股份跟涨,金十数据
2021-08-11,中国短期融资券及中期票据信用分析周报,新浪
2021-08-11,宝钢股份供货维斯塔斯哥伦比亚风电项目，首批达2.4万吨,证券时报网
2021-08-11,26特色园区跟踪调研｜中期成果⑥上海新材料产业新动能,澎湃新闻
2021-08-11,新材料&金属材料行业周报(2021年8月第2期)：铁矿石大跌 钢铁完美逻辑已现,新浪
2021-08-11,8月11日上海钢材市场冷轧板卷价格行情,全球金属网
2021-08-10,北向资金尾盘加速进场连续2日净买入，白酒股强势反弹但仍遭外资抛售,Wind
2021-08-10,国资委公布200家标杆企业、100个标杆项目和10个标杆模式,数据观
2021-08-10,宝钢新型高耐候焊丝用钢成功应用于高原“绿巨人”,钢企网
2021-08-10,8月10日上海钢材市场冷轧板卷价格行情,全球金属网
2021-08-10,国内首套日本SPCO生态电炉预计明年在本钢投运丨钢铁财经资讯速览,钢铁新闻网
2021-08-10,北向资金动向盘点：重手净卖“电力设备新能源”,Wind
2021-08-10,北向资金增持食品饮料、医药、券商板块，买入酱茅，大幅出逃这些股（名单）,21世纪经济报道
2021-08-09,钢铁行业周度聚焦：8月份高炉检修进入集中期 供需缺口进一步放大,新浪
2021-08-09,钢铁周报：限产严格执行 出口韧性彰显我国制造业竞争优势,新浪
2021-08-09,钢铁行业报告：日均粗钢产量持续下降 限产持续推进,新浪
2021-08-09,钢铁板块午后持续走俏，首钢股份冲击涨停,Wind
2021-08-09,钢铁行业周报：紧盯限产效果,新浪
2021-08-09,8月9日上海钢材市场冷轧板卷价格行情,全球金属网
2021-08-09,【行情】钢铁板块持续拉升，中信特钢涨超6%，新钢股份、宝钢股份、友发集团跟涨,金十数据
2021-08-08,钢铁行业：短期扰动不改板块第二波行情投资逻辑,新浪
2021-08-08,这些公司7月真金白银大手笔回购,上游新闻
2021-08-08,钢铁行业周报：铁矿石大跌 钢厂利润有望持续修复,新浪
2021-08-07,汇众教育举办“注定不凡”17周年暨V10.0新产品上海站发布会,凤凰网
2021-08-06,宝钢股份：中报预计于2021年8月28日披露,每日经济新闻
2021-08-06,8月6日上海钢材市场冷轧板卷价格行情,全球金属网
2021-08-06,宝钢股份：公司仍将实施现有现金股利政策,Wind
2021-08-06,宝钢股份：电炉炼钢产能约200万吨，占公司炼钢量不足5%,Wind
2021-08-06,宝钢股份：母公司中国宝武已统一向河南做出捐赠,Wind
2021-08-06,宝钢股份：2020年公司电工钢产量355万吨，产量占比7.7%,Wind
2021-08-06,宝钢股份：公司湛江东山基地三号高炉原计划今年8月投产，今年能否投产存在不确定性,Wind
2021-08-06,宝钢与美的联手打造百万吨合作平台丨钢铁财经资讯速览,钢铁新闻网
2021-08-05,8月5日上海钢材市场冷轧板卷价格行情,全球金属网
2021-08-05,资本市场持续发力支持制造业融资,中国金融新闻网
2021-08-05,资本市场持续发力支持制造业融资,金融时报
2021-08-04,北向资金今日净买入隆基股份11亿元，连续五日卖出茅台,Wind
2021-08-04,8月4日上海钢材市场冷轧板卷价格行情,全球金属网
2021-08-03,宝钢股份2021版冷轧企标发布,钢企网
2021-08-03,宝武、鞍钢、三明钢铁等企业入选国务院国资委国有重点企业管理标杆创建行动,我的钢铁
2021-08-03,北向资金今日净买入17.99亿元，白酒股逆势遭卖出,Wind
2021-08-03,8月3日上海钢材市场冷轧板卷价格行情,全球金属网
2021-08-03,宝钢包装拟投4.99亿海外扩产主业 引入宝武集团短期借款两年降12亿 盈利能力下降,长江商报
2021-08-02,钢铁行业研究周报：铁矿大跌推升利润 关注稳价政策影响,新浪
2021-08-02,晚间重要公告2021年8月2日星期一,Wind
2021-08-02,汇众教育举办2021年“注定不凡”17周年暨V10.0新产品发布会,凤凰网
2021-08-02,宝钢股份：累计回购约4.15亿股，占比1.86%,每日经济新闻
2021-08-02,钢铁行业周度聚焦：限产持续发酵 利润中枢上移,新浪
2021-08-02,宝钢股份：已耗资31.2亿元回购1.86%股份,e公司
2021-08-02,宝钢股份(600019.SH)累计回购比例达1.86% 耗资31.2亿元,智通财经
2021-08-02,宝钢股份：7月份回购超1亿股，已累计回购4.146亿股,Wind
2021-08-02,碳中和纠偏导致钢铁板块跌幅居前 机构分歧隐现,财联社
2021-08-02,8月2日上海钢材市场冷轧板卷价格行情,全球金属网
2021-08-02,丁立国：有可能参与西芒杜铁矿的开发,兰格钢铁网
2021-08-02,【浙商新材料|马金龙】“运动式”减碳与钢铁压产无关(8月1日),微信
2021-07-31,钢铁周报：Q2机构持仓上升 政治局会议再次强调大宗稳价,新浪
2021-07-30,中钢国际(000928)：Q2订单增长68% 充足订单保障业绩增长,新浪
2021-07-30,钢铁板块继续扩大升幅，宝钢股份、华菱钢铁、鞍钢股份涨超8%,Wind
2021-07-30,7月30日上海钢材市场冷轧板卷价格行情,全球金属网
2021-07-30,钢铁板块震荡上行，西宁特钢涨停,Wind
2021-07-29,北向资金今日净买入逾42亿元，比亚迪、东方雨虹净买入居前,Wind
2021-07-29,梅山钢铁：稳控运行能力，打好成本基础,兰格钢铁网
2021-07-29,7月29日上海钢材市场冷轧板卷价格行情,全球金属网
2021-07-29,武钢：绿色经济的新未来看这里,人民政协网
2021-07-29,宝信软件(600845)：十年一剑PLC 工业互联网+IDC两开花,新浪
2021-07-29,北向资金动向盘点：“军工”连续五日净卖出,Wind
2021-07-29,聪明钱回来了，抄底逾80亿元，增持行业、个股曝光（名单）,21世纪经济报道
2021-07-28,工控系统行业报告：看PLC/DCS/SCADA市场的中国机遇,新浪
2021-07-28,7月28日上海钢材市场冷轧板卷价格行情,全球金属网
2021-07-28,宝钢股份耐微生物腐蚀管产品全球首发,兰格钢铁网
2021-07-27,中国五冶集团承接宝武集团马钢北区废水深度处理综合利用工程项目正式开工,钢企网
2021-07-27,聚焦IPO | 欧冶云商靠“突击并购”扭亏，并购中或存“国有资产流失”,红周刊
2021-07-27,A股再迎回购潮，千亿资金整装待发,Wind
2021-07-27,7月27日上海钢材市场冷轧板卷价格行情,全球金属网
2021-07-27,宝钢无取向硅钢助力高速磁悬浮项目建设,兰格钢铁网
2021-07-27,驰援河南，钢企接力行动仍在继续,我的钢铁
2021-07-27,钢铁周报：抑制出口下 钢材仍有缺口 利润扩张或使钢铁股创造历史,新浪
2021-07-26,7月26日上海钢材市场冷轧板卷价格行情,全球金属网
2021-07-26,中国为什么要争“锂”？,网易
2021-07-24,马钢股份(600808)：高弹性、长板材兼顾的区域龙头,新浪
2021-07-23,华宝证券新班子到位！原总裁刘加海履新董事长，熊伟升任总裁，宝武集团旗下金融资产正迎起势期,证券之星
2021-07-23,在绿色转型的赛道上东风与武钢再联手,兰格钢铁网
2021-07-23,7月23日上海钢材市场冷轧板卷价格行情,全球金属网
2021-07-23,钢铁板块高开高走，首钢股份连续涨停,Wind
2021-07-23,宝武重工磨辊运维领域专业化整合取得新突破丨钢铁财经资讯速览,钢铁新闻网
2021-07-23,核心篇：钢铁行业信用分析特征与投资序列,新浪
2021-07-22,钢铁行业2021年债券投资手册之一：钢铁行业景气度与整合情况,新浪
2021-07-22,钢铁涨出了稀土逻辑，怎么回事？,华尔街见闻
2021-07-22,电工钢行业深度报告-新能源及工业动力核心材料：被忽视低估的电工钢,新浪
2021-07-22,7月22日上海钢材市场冷轧板卷价格行情,全球金属网
2021-07-22,钢材利润大幅修复，钢铁股第二波行情启动，持续性如何？,第一财经
2021-07-22,钢铁央企重组，着力点应放在哪里？,搜狐
2021-07-21,7月涨幅最大行业花落谁家？板块中个股业绩、债务2张图看清！,Wind
2021-07-21,北向资金今日净买入31.17亿元，东方财富获净买入逾11亿元,Wind
2021-07-21,【浙商新材料|马金龙】新能源核心材料:被低估的电工钢,微信
2021-07-21,7月21日上海钢材市场冷轧板卷价格行情,全球金属网
2021-07-21,重庆钢铁股份有限公司,证券时报
2021-07-20,7月20日上海钢材市场冷轧板卷价格行情,全球金属网
2021-07-20,工业烟气深度治理还需加大创新力度,中国环境报
2021-07-20,【异动股】低碳冶金板块下挫，宝钢股份(600019.CN)跌3.94%,财华社
2021-07-19,在BBB级与A级两头跑，“出圈”的华宝证券IPO能冲多远？,华夏时报
2021-07-19,建行宝钢宝山支行：金融惠民出实招,搜狐
2021-07-19,燃料电池指数创两年新高，发生了什么？,Wind
2021-07-19,钢铁行业专题报告：上半年业绩亮丽 限产决定下半年走势,新浪
2021-07-19,银河证券每日晨报,新浪
2021-07-19,钢铁行业：产量边际回落 利润维持高位,新浪
2021-07-19,绿色能源与大宗商品月报(2021年7月),新浪
2021-07-19,“精”彩纷呈！宝武精品市场开拓佳音频传,兰格钢铁网
2021-07-19,大中矿业：公司暂未与宝钢股份开展业务合作,每日经济新闻
2021-07-19,7月19日上海钢材市场冷轧板卷价格行情,全球金属网
2021-07-19,钢铁行业研究周报：限产预期再起 钢厂盈利有望重回扩张,新浪
2021-07-17,钢铁行业：景气度将进一步上行,财富动力网
2021-07-17,中钢协何文波：2020年会员企业研发投入超过固定资产投资完成总额,Wind
2021-07-16,鞍本重组稳步推进 本钢集团无偿受让本钢板材14.28%股份,e公司
2021-07-16,北向资金再度净卖出超41亿，新能源产业链股遭大幅抛售,Wind
2021-07-16,建材-6月点评：玻璃愈旺 钢铁、水泥蓄势,新浪
2021-07-16,宝钢股份：不存在同业竞争关系 对股份公司没有影响丨公司问答,第一财经
2021-07-16,宝钢股份宝山基地全面实现焦炉电机车无人化,兰格钢铁网
2021-07-16,7月16日上海钢材市场冷轧板卷价格行情,全球金属网
2021-07-16,山钢集团并入宝武集团已经进入实质性推进阶段,电缆网
2021-07-16,"同时，安阳钢铁预计净利润达6.6亿元～8.6亿元,同比去年增长3倍左右，实现扭亏为盈。",财华社
2021-07-16,【热点零距离】看点十足，钢铁股爆发领涨两市！,财华社
2021-07-16,战国七雄到一家独霸 钢铁产业格局大变样,证券时报
2021-07-16,宝武集团重组山钢集团“靴子”落地 “双碳”目标下钢铁业重组或加速,证券日报
2021-07-15,中泰证券控股股东或生变 实控人仍是山东国资委 控制人变化,每日经济新闻
2021-07-15,华菱钢铁：公司与全球钢铁巨头安赛乐米塔尔有合资设立汽车板公司,Wind
2021-07-15,「e公司观察」钢铁产业大变局 从战国七雄到一家独霸,e公司
2021-07-15,登顶“世界第一”后再出手，“亿吨宝武”拟重组山钢集团，粗钢产能逼近1.5亿吨,21世纪经济报道
2021-07-15,兰格点评：宝武重组山钢1.5版钢铁航母即将启航,兰格钢铁网
2021-07-15,钢铁行业重大事件点评：粗钢产量压减预期叠加钢企兼并重组加速 行业景气度将进一步上行,光大证券
2021-07-15,钢协：7月上旬重点钢企粗钢日均产量213.76万吨丨钢铁财经资讯速览,钢铁新闻网
2021-07-15,梅山钢铁：铸极致能力 更高起点上的更大追求,兰格钢铁网
2021-07-15,7月15日上海钢材市场冷轧板卷价格行情,全球金属网
2021-07-15,大动作！宝武钢铁拟战略重组山钢，行业格局将迎来洗牌？,证券之星
2021-07-15,【中证盘前】“猪茅”预计上半年净利下滑；仁东控股被立案调查；大股东拟大额减持同花顺；大基金减持国科微,中证报
2021-07-15,宝武钢铁拟重组山钢集团，中泰证券控股股东可能发生变化 控制人变化,每日经济新闻
2021-07-14,宝武集团将兼并重组山东钢铁 有利于提高铁矿石集中采购话语权,每日经济新闻
2021-07-14,靴子落地 宝武集团敲定兼并重组山东钢铁,每日经济新闻
2021-07-14,宝武钢铁筹划对山钢集团战略重组 总产能将达1.5亿吨,e公司
2021-07-14,山东钢铁：山东省国资委正与宝武集团筹划对山钢集团战略重组事项 公司控股股东、实际控制人或发生变更 控制人变化,金融界
2021-07-14,通信行业点评报告：5G应用扬帆 产业共同繁荣,新浪
2021-07-14,有色金属周报：工业金属维持震荡 看好钴锂Q3表现,新浪
2021-07-14,7月14日上海钢材市场冷轧板卷价格行情,全球金属网
2021-07-14,全球首套智慧高炉运行平台在宝钢建成投运－国务院国有资产监督管理委员会,国资委
2021-07-13,宝钢股份：全球首发的取向耐热刻痕产品实现首单批量供货,e公司
2021-07-13,宝信软件(600845)：钢铁领域的工业软件龙头,新浪
2021-07-13,7月13日上海钢材市场冷轧板卷价格行情,全球金属网
2021-07-13,能源、基础材料行业：锂钴仍将向上 玻璃需求逐渐转旺,新浪
2021-07-13,中国长江三峡集团来信：感谢助“白鹤”展翅高飞的“镇国之宝”！,兰格钢铁网
2021-07-12,钢铁周报：再来强CALL钢铁股 配置钢铁板块绝佳机会,新浪
2021-07-12,钢铁行业研究周报：限产预期重燃 钢厂利润修复,新浪
2021-07-12,金属周期品高频数据周报：需求回落、压产预期升温 吨钢期货主力合约利润快速升至1025元,光大证券
2021-07-12,7月12日上海钢材市场冷轧板卷价格行情,全球金属网
2021-07-12,全球首套智慧高炉运行平台在宝钢股份建成投运,兰格钢铁网
2021-07-11,武汉聚焦精化工有限责任公司环境违法被罚22万元,每日经济新闻
2021-07-10,中国宝武旗下宝信软件人工智能中台首发，助推智慧制造2.0,澎湃新闻
2021-07-09,7月9日上海钢材市场冷轧板卷价格行情,全球金属网
2021-07-09,宝钢股份拓展广西风电用钢市场,兰格钢铁网
2021-07-08,张文学出任重庆钢铁董事长 第四期员工持股买入906万股,上游新闻
2021-07-08,Mysteel：上海涂镀市场上半年回顾及下半年展望,我的钢铁
2021-07-08,重钢前总裁张文学任职董事长,金融投资报
2021-07-08,宝钢资源全力打造矿山可持续发展能力,兰格钢铁网
2021-07-08,“中国镁业”呼之欲出，池州新项目建成将增厚5.6亿净利润，镁价逼近2万公司业绩迎拐点,第一财经
2021-07-08,武钢有限冷轧厂打造高铝锌铝镁酸洗钢一流产线,上海有色
2021-07-08,7月8日上海钢材市场冷轧板卷价格行情,全球金属网
2021-07-08,提供绿色“芯”动力！宝钢打造新能源汽车驱动电机用无取向硅钢第一品牌,钢铁新闻网
2021-07-08,重庆钢铁第八届董事会第四十次会议决议暨选举公司董事长的公告,东方财富
2021-07-08,重庆钢铁再换高管前总裁张文学当选为董事长,中国证券网
2021-07-08,武钢为白鹤滩水电站注入“芯”动能,兰格钢铁网
2021-07-08,宝钢新能源汽车驱动电机用无取向硅钢产销量突破30万吨,兰格钢铁网
2021-07-08,宝钢股份邹玉贤：转型为专注于钢铁大数据分析应用的高科技公司丨全程大放送,第一财经
2021-07-07,重庆钢铁再换高管：前总裁张文学任职董事长,界面
2021-07-07,张文学当选重庆钢铁新董事长,上证报
2021-07-07,宝武集团领导在介休市考察调研,钢企网
2021-07-07,解决产业链用户材料“卡脖子”难题！宝钢股份微电机用钢市场形势喜人,兰格钢铁网
2021-07-07,全流程废水零排放！宝日汽车板技高一筹,钢铁新闻网
2021-07-07,7月7日上海钢材市场冷轧板卷价格行情,全球金属网
2021-07-07,实现高水平科技自立自强，钢铁行业权威专家这样说,中国冶金报
2021-07-07,有色金属周报：工业金属延续震荡 钴锂价格持续向好,新浪
2021-07-06,A股与港股行业首选：2021年7月,新浪
2021-07-06,国内商品期市收盘多数上涨，硅铁、热卷涨逾3%,Wind
2021-07-06,7月6日上海钢材市场冷轧板卷价格行情,全球金属网
2021-07-06,宝武钢铁与霍尼韦尔合作布局氢能源市场,北极星电力
2021-07-05,钢铁行业周报：淡季过后需求不悲观 关注供给收缩 钢铁股有长逻辑,新浪
2021-07-05,中国五冶承建的宝日汽车板新建冷轧废水回用项目全线通水,钢铁新闻网
2021-07-05,宝钢股份：公司目前直销比例在80%以上,每日经济新闻
2021-07-05,宝钢股份：目前并无进入特钢领域的计划,e公司
2021-07-05,宝钢股份：今年一季度公司出口比例约8%,Wind
2021-07-05,宝钢股份：铁矿石价格上涨确实给公司带来了一定的成本压力,Wind
2021-07-05,宝钢股份：湛江三高炉预计在今年8月点火投产,Wind
2021-07-05,宝钢股份：公司与主流矿山均有长期协议,Wind
2021-07-05,7月5日上海钢材市场冷轧板卷价格行情,全球金属网
2021-07-05,大宗商品行业周报：绿色能源与大宗商品周报(2021年第9期),新浪
2021-07-05,霍尼韦尔携手上海宝氢布局氢能源市场助力实现“双碳”目标,美通社
2021-07-04,宝钢股份4.77万员工构成：女性比例为12%，50岁以上的员工占比16.9%、行政人员占比5.1%,不止是钢货
2021-07-04,环保：因地施策 各省市央企碳达峰时间线梳理,新浪
2021-07-03,武汉氢能产业促进联盟正式启动 落户青山区,荆楚网
2021-07-02,武汉“965”产业集群建设加速落地：汉阳、武昌、青山规划出炉 意在打造千亿、百亿产业集群,21世纪经济报道
2021-07-02,欧冶云商创业板IPO获受理，争当首家上市钢铁电商,资本邦
2021-07-02,钢铁产业互联网企业欧冶云商提交IPO招股书,亿邦动力
2021-07-02,宝信软件(600845)：业绩预告超预期 宝武智慧制造需求持续增加,新浪
2021-07-02,7月2日上海钢材市场冷轧板卷价格行情,全球金属网
2021-07-02,扬子江船业为宝钢航运建造首制59000吨散货船开工,国际船舶
2021-07-02,“油王”半年赚近千亿，七成公司业绩预喜！,Wind
2021-07-01,6月上市公司回购金额暴增160%！机构建议两条渠道筛选投资机会,Wind
2021-07-01,宝信软件(600845)：智慧制造业务驱动业绩高增长,新浪
2021-07-01,太钢不锈上半年预盈逾700% 下游需求向好&经营绩效大幅增加,上海有色
2021-07-01,【招商通信余俊团队】宝信软件（600845.SH）半年报业绩超预期，工业智造赋能打造新增长极,俊Sir通信研究
2021-07-01,7月1日上海钢材市场冷轧板卷价格行情,全球金属网
2021-07-01,东风日产合资双方“用心”拥抱客户,南方日报
2021-06-30,宝钢股份(600019.SH)：6月耗资约10亿元累计回购13440.6万股,格隆汇
2021-06-30,宝钢股份(600019.SH)斥资23.2亿元累计回购3.08亿股,智通财经
2021-06-30,宝钢股份：累计回购约3.08亿股，占比1.38%,每日经济新闻
2021-06-30,6月30日上海钢材市场冷轧板卷价格行情,全球金属网
2021-06-29,创造新的利润增长点 梅山钢铁厚规格酸洗产品下线,钢企网
2021-06-29,6月29日上海钢材市场冷轧板卷价格行情,全球金属网
2021-06-29,申万宏源：公司积极推进传统自营业务加快向综合金融服务转型,Wind
2021-06-29,1月~5月份黑色金属冶炼和压延加工业利润总额同比增长377.1%丨钢铁财经资讯速览,钢铁新闻网
2021-06-28,钢铁行业：被低估的盈利 看好板块悲观预期修复机会,新浪
2021-06-28,能源、基础材料行业：铜铝抛储官宣落地 玻璃累库放缓,新浪
2021-06-28,钢铁周报：淡季需求回落 或为压产政策落地创造条件 钢铁股有长逻辑,新浪
2021-06-28,6月28日上海钢材市场冷轧板卷价格行情,全球金属网
2021-06-27,【国君钢铁|周策略】钢铁行业淡季迎来板块配置窗口,鹏飞论钢
2021-06-25,【光大金工|基金市场】一季度社保、险资、QFII基金三类机构更青睐何类板块？ ——2021年第一季度机构持仓点评,微信
2021-06-25,【国君钢铁|宝钢股份】竞争优势凸显，盈利能力上行,鹏飞论钢
2021-06-25,【国君钢铁|周策略】短期震荡不改行业投资逻辑,鹏飞论钢
2021-06-25,6月25日上海钢材市场冷轧板卷价格行情,全球金属网
2021-06-24,北向资金今日再度净买入30.97亿元，新能源概念股受资金抢筹,Wind
2021-06-24,6月24日上海钢材市场冷轧板卷价格行情,全球金属网
2021-06-24,逾500份半年报预告透底行业热度,Wind
2021-06-23,中国短期融资券及中期票据信用分析周报,新浪
2021-06-23,宝钢股份(600019.SH)回购比例约1.09% 耗资18.2亿元,智通财经
2021-06-23,宝钢股份：累计回购约2.42亿股，占比1.09%,每日经济新闻
2021-06-23,宝钢股份(600019.SH)：截6月23日累计斥资18.2亿元回购2.42亿股,格隆汇
2021-06-23,宝钢股份大涨,新浪
2021-06-23,宝钢股份圆满完成中海油神安项目紧急保供的直缝埋弧焊钢管任务,管道商务网
2021-06-23,6月23日上海钢材市场冷轧板卷价格行情,全球金属网
2021-06-23,宝钢无取向硅钢进入混凝土浇筑阶段,我的钢铁
2021-06-23,中国宝武首批爱国主义教育基地挂牌,新华网
2021-06-22,6月22日上海钢材市场冷轧板卷价格行情,全球金属网
2021-06-22,宝钢轧制桥梁复合板重磅首发,钢企网
2021-06-22,券商晨会精华：美联储紧缩政策开启黄金超调建议重点超配,财联社
2021-06-22,指数小幅震荡 宝钢基金再次露峥嵘,财富动力网
2021-06-21,钢铁行业周报：相同的业绩博弈期 不同的钢铁股环境,新浪
2021-06-21,金属周期品高频数据周：基建、地产新开工、工业品三大链条主要商品量价利齐降,光大证券
2021-06-21,北向资金连续2日净卖出，继续抛售医药生物和白酒股,Wind
2021-06-21,中冶京诚总承包宝武集团鄂钢粗轧机 占领高端产品市场,钢企网
2021-06-21,宝武鄂钢宽厚板厂粗轧机机架成功浇注,我的钢铁
2021-06-21,【行业深度】洞察2021：中国氢能源行业竞争格局及市场份额(附市场集中度、企业竞争力评价等),前瞻研究院
2021-06-21,6月21日上海钢材市场冷轧板卷价格行情,全球金属网
2021-06-21,钢铁行业周报：钢企利润有望触底反弹,新浪
2021-06-21,钢企业绩迎来大爆发，板块进入配置期丨牛熊眼,第一财经
2021-06-21,【国君钢铁|周策略】业绩释放，钢铁进入配置期,鹏飞论钢
2021-06-20,钢铁行业周报：需求进入淡季 关注钢企中报业绩,新浪
2021-06-19,二季度平均月赚超10亿元！这家公司为啥这么牛？,Wind
2021-06-18,北向资金本周累计净卖出50亿元，药明康德、宁德时代连续4日遭抛售,Wind
2021-06-18,6月18日上海钢材市场冷轧板卷价格行情,全球金属网
2021-06-18,北向资金内部分化，大幅扫货半导体概念股，出逃券商、银行股（名单）,21世纪经济报道
2021-06-17,北向资金今日净买入15.94亿元，芯片、消费电子股获资金大幅抢筹,Wind
2021-06-17,云海金属(002182)公司研究首次覆盖报告：业绩稳健增长 轻量化机遇促发展,新浪
2021-06-17,宝钢股份大跌 连续下跌,新浪
2021-06-17,韶钢松山：公司今年在欧冶电商平台交易钢铁的大约在400万吨左右,Wind
2021-06-17,宝钢股份完成中海油神安项目紧急保供的直缝埋弧焊钢管任务,钢企网
2021-06-17,6月17日上海钢材市场冷轧板卷价格行情,全球金属网
2021-06-17,钢铁行业5月经济数据点评：粗钢再创新高 内需扁平演绎,新浪
2021-06-16,业绩稳健增长，轻量化机遇促发展——云海金属 (002182)公司研究首次覆盖报告,华宝财富魔方
2021-06-16,中国短期融资券及中期票据信用分析周报,新浪
2021-06-16,6月16日晚间重要行业研究汇总(附股),中金在线
2021-06-16,平安证券：钢铁行业景气环比或回落，关注两条投资主线,证券时报网
2021-06-16,6月16日上海钢材市场冷轧板卷价格行情,全球金属网
2021-06-16,宝钢彩涂新品抗病毒活性率超99%,钢企网
2021-06-16,包钢股份：公司将加大推进“四降两提”工程力度,Wind
2021-06-16,宝钢股份邹继新：确保业界第一地位不动摇,兰格钢铁网
2021-06-16,宝武集团四项技改工程项目开启,兰格钢铁网
2021-06-16,钢铁周报：钢铁股二季度业绩可期,新浪
2021-06-16,多家券商发布下半年投资策略，两大关键词被反复提及,Wind
2021-06-16,多家券商发布下半年投资策略 两大关键词被反复提及,证券时报
2021-06-15,6月15日上海钢材市场冷轧板卷价格行情,全球金属网
2021-06-15,钢铁行业研究周报：盈利低位运行 关注淡季需求,新浪
2021-06-15,华菱钢铁：公司去年出口比例5%左右，短期不会有太大变化,Wind
2021-06-15,重庆钢铁换帅！张文学拟任董事长谢志雄拟任总裁 董监高成员变化,兰格钢铁网
2021-06-15,多基地主工序专业化整合，宝钢股份初亮剑！,钢企网
2021-06-15,钢铁行业研究周报：山西矿山关停 铁矿石价格上涨,新浪
2021-06-14,【国金燃料电池】零部件国产化进度超预期，氢能应用拓展带动电解水产业发展,新兴产业观察者
2021-06-14,中信建投：市场波澜不惊，成长为矛金融为盾,Wind
2021-06-14,【国君钢铁|周策略】钢价保持高位震荡，持续推荐钢铁板块,鹏飞论钢
2021-06-13,宝钢股份中生代崛起：80后沈侃毅担任硅钢事业部总经理,不止是钢货
2021-06-12,钢铁周报：钢价短期趋稳 中期关注“双限”态度,新浪
2021-06-11,山东钢铁回应与宝武集团的合作事宜：目前不存在应披露而未披露的信息,不止是钢货
2021-06-11,宝钢股份：监事朱汉铭辞职 董监高成员变化,Wind
2021-06-11,宝钢股份(600019.SH)选举马江生、黎楚君为职工监事,智通财经
2021-06-11,6月11日上海钢材市场冷轧板卷价格行情,全球金属网
2021-06-11,“黄河明珠”三门峡有色发展正当时,中国有色
2021-06-11,投资者问山东钢铁：网传宝武集团与公司在洽谈合作事宜是否属实？回复来了,兰格钢铁网
2021-06-10,宝钢湛江钢铁三高炉系统项目烧结工程纪实,中国网
2021-06-10,进出口银行九家分行携手助推宝武集团高质量发展,中国金融新闻网
2021-06-10,北向资金连续3日净买入，隆基股份获大幅净买入超21亿元,Wind
2021-06-10,宝钢股份(600019.SH)：2020年度权益分派10派3元 股权登记日6月17日,格隆汇
2021-06-10,宝钢股份(600019.SH)将于6月18日分红 每股派0.3元,智通财经
2021-06-10,2021年中期钢铁行业策略报告：海外钢铁同行低碳排放启示录,新浪
2021-06-10,西部最大钢铁上市公司包钢股份与宝武集团旗下宝武炭材、宝武清能 签署合作框架协议,中证网
2021-06-10,宝武集团四项技改工程项目开启,西本
2021-06-10,包钢股份与宝武清能、宝武炭材开展合资合作丨钢铁财经资讯速览,钢铁新闻网
2021-06-09,2021年有色钢铁行业中期策略报告：锂、铝、特材或维持高景气,新浪
2021-06-09,中国石油：公司未持有宝钢股份,每日经济新闻
2021-06-09,采掘、钢铁板块领涨，3张图一览相关个股业绩、估值、债券风险情况,Wind
2021-06-09,宝钢将启动广东湛江钢铁建设氢基竖炉系统项目（一步）工程,北极星电力
2021-06-09,钢铁股卷土重来 机构：板块估值优势仍然明显丨牛熊眼,第一财经
2021-06-09,上海市稀土协会和宝武集团探讨沟通上海稀土产业园区愿景规划,中国有色
2021-06-09,包钢股份与宝武集团旗下公司开展合作,上证报
2021-06-08,北向资金今日小幅净买入3.01亿元，山西汾酒净卖出额创历史新高,Wind
2021-06-08,【行情】钢铁板块午后拉升，八一钢铁涨超4%，本钢板材、宝钢股份、沙钢股份跟涨,金十数据
2021-06-08,6月8日上海钢材市场冷轧板卷价格行情,全球金属网
2021-06-08,金属周期品高频数据周报：地产竣工链两类商品价格创八年新高 乘用车两项产销指标创五年同期最低,光大证券
2021-06-07,北向资金净卖出额创近一个月新高，宁德时代遭大幅抛售超14亿元,Wind
2021-06-07,建筑行业第223期周报：碳中和／制造业／国际工程等领域龙头公司中报业绩或超预期,新浪
2021-06-07,钢铁周报：供应受限预期再起 钢铁股长逻辑坚实,新浪
2021-06-07,钢铁行业研究周报：限产边际趋严 盈利缓慢修复,新浪
2021-06-07,钢铁行业周报：全国减产预期削弱 地方减产预期反复,新浪
2021-06-07,6月7日上海钢材市场冷轧板卷价格行情,全球金属网
2021-06-07,【国君钢铁|周策略】钢价超跌反弹，继续推荐钢铁板块,鹏飞论钢
2021-06-06,战略合作联合倡议协同研发 隆基新能源携手多方共建BIPV生态链,每日经济新闻
2021-06-05,隆基新能源装配式展厅引爆SNEC,搜狐
2021-06-05,A股绿色周报｜30家上市公司登风险榜 星湖科技旗下公司接受监督检查时弄虚作假,每日经济新闻
2021-06-05,宝钢股份环境违法被罚28万元 环保处罚,每日经济新闻
2021-06-04,装配式展厅“空降”外展 隆顶BIPV引爆SNEC,中国网
2021-06-04,钢铁行业：钢铁碳中和路径思考与产业变革,新浪
2021-06-04,6月4日上海钢材市场冷轧板卷价格行情,全球金属网
2021-06-03,钢铁板块迎来久违大涨近期机构看好这些个股,第一财经
2021-06-03,6月3日上海钢材市场冷轧板卷价格行情,全球金属网
2021-06-03,【东吴晨报0603】【个股】伊利股份、重庆钢铁,东吴研究所
2021-06-02,专题 | 镍：碳排量第二大的有色金属,看见大宗
2021-06-02,前5月41个钢铁项目开工 涉及武钢等14家钢企,我的钢铁
2021-06-02,二重装备与宝武集团签订4300mm轧机设备合同,重型机械协会
2021-06-02,6月2日上海钢材市场冷轧板卷价格行情,全球金属网
2021-06-02,东吴证券：重庆钢铁（601005.SH）融入宝武，管理改善显着，首予“买入”评级,智通财经
2021-06-02,重庆钢铁(601005)：百年重钢 蜕变新生,新浪
2021-06-02,如何把握当前周期行业产业债投资机会？ | 国盛固收杨业伟团队,业谈债市
2021-06-01,固定收益专题：如何把握当前周期行业产业债投资机会？,新浪
2021-06-01,中金行业首选：2021年6月,新浪
2021-06-01,7736米！宝钢股份套管创纪录,钢企网
2021-06-01,6月1日上海钢材市场冷轧板卷价格行情,全球金属网
2021-06-01,中冶宝钢完成宝钢冷轧区域多机组同步定修任务,钢企网
2021-06-01,云工业互联网平台、风电机模型……这些重庆“智造”亮相浦江创新论坛-全球技术转移大会,上游新闻
2021-06-01,全球技术转移大会发布万余项创新需求,文汇报
2021-05-31,宝钢股份：累计回购约1.73亿股，占比0.778%,每日经济新闻
2021-05-31,宝钢股份(600019.SH)：截至5月末累计斥资13.2亿元回购1.73亿股,格隆汇
2021-05-31,宝钢股份：已累计回购1.73亿股 耗资13.2亿元,财联社
2021-05-31,绿色能源与大宗商品周报：(2021年第4期),新浪
2021-05-31,钢铁行业：短期震荡不改行业投资逻辑,新浪
2021-05-31,钢铁行业研究周报：钢价触底反弹 后续盈利或改善,新浪
2021-05-31,5月31日上海钢材市场冷轧板卷价格行情,全球金属网
2021-05-29,宝钢股份董事长：碳中和目标下中国钢铁进入产业变革关键时期,澎湃新闻
2021-05-28,5月28日上海钢材市场冷轧板卷价格行情,全球金属网
2021-05-28,板块估值优势仍然明显，钢铁股再走强,第一财经
2021-05-27,宝钢股份宝山基地增加高性价比矿使用量,兰格钢铁网
2021-05-27,助力海马汽车增产　宝钢股份“接单超跑”跑出加速度,兰格钢铁网
2021-05-27,金风科技：子公司与京东集团合作，将成立新能源合资公司,Wind
2021-05-27,中信证券：周期景气延续，成长未来可期,Wind
2021-05-26,中国短期融资券及中期票据信用分析周报,新浪
2021-05-26,螺纹钢、铁矿石10天跌逾20%，后市怎么看？,Wind
2021-05-26,钢铁行业：高处不胜寒,新浪
2021-05-26,国信证券--钢铁20年年报及21年一季报总结：业绩逐季改善，关注政策扰动【行业研究】,金融界股吧
2021-05-26,武钢钢渣处理环保改造项目投产,钢企网
2021-05-26,监管层再度发话为钢材市场降温，为何多家机构仍看好板块机会？,第一财经
2021-05-25,2021年下半年钢铁板块展望：中期逻辑不变 钢铁行情下半场,新浪
2021-05-25,钢铁行业动态跟踪报告：价格上涨推升行业盈利高增 下半年钢企盈利或将回落 盈利能力下降,新浪
2021-05-25,合肥常青机械股份有限公司关于上海证券交易所对公司2020年年度报告的信息披露监管工作函的回复 金融监管处罚,证券时报
2021-05-24,券商年中策略百家争鸣碳中和热度不减,时代在线
2021-05-24,宝钢股份发布双碳目标新产品：与客户商定定价周期，减少价格波动,21世纪经济报道
2021-05-24,钢铁行业研究周报：政策导向保供 钢价显着回落,新浪
2021-05-24,安钢集团混改低调推进！最快明年年底完成,兰格钢铁网
2021-05-24,葛红林：2014年中铝巨亏期间临危担任董事长，当时曾担心“中铝在我的手上垮了” 重大损失,不止是钢货
2021-05-23,钢铁行业周报：短期扰动不改板块投资逻辑,新浪
2021-05-22,李稻葵对谈成都原市长葛红林：城市的活力比实力更重要,澎湃新闻
2021-05-22,安阳钢铁控股股东混改低调推进 行业人士分析：超乎预期，最快明年年底完成,财联社
2021-05-21,钢铁行业跟踪快报：淡化短期波动 回归钢铁价值,新浪
2021-05-21,中钢协副会长骆铁军：资源瓶颈和环境压力越来越强烈地对中国未来钢铁的发展构成实质性约束，密切关注欧盟“碳边境调节机制”进展,不止是钢货
2021-05-21,房地产行业：工业固废综合利用企业用地现状及其静脉产业园选址研究,新浪
2021-05-21,河钢舞钢德标高端模具钢板2311/2312实现工业化量产,兰格钢铁网
2021-05-21,八大券商主题策略：掘金“碳中和”！历史性配置机遇来了？全面看多煤炭板块,中金在线
2021-05-21,5月21日上海钢材市场冷轧板卷价格行情,全球金属网
2021-05-21,宝钢股份、柳钢股份人事变动,兰格钢铁网
2021-05-21,中钢协：调整出口产品结构，细化我国钢铁产品进出口税则税目,我的钢铁
2021-05-20,12股获多家机构“买入”评级，机构推荐胜率超六成,第一财经
2021-05-20,北上资金活跃股名单(5月20日),证券时报网
2021-05-20,中钢协：促进高附加值产品出口，提早研究碳关税的影响,Wind
2021-05-20,中钢协：响应“一带一路”倡议和利用好《RCEP协定》契机，不断新兴市场,Wind
2021-05-20,周期股突遭“反手做空”！多股一天跌超10%,Wind
2021-05-20,顺周期三大板块领跌！2张图一览237家上市公司业绩、债券风险情况,Wind
2021-05-20,宝钢股份人事变动——邹继新为公司第八届董事会董事长,宝钢股份
2021-05-20,【国信金属|深度】业绩逐季改善，关注政策扰动,微信
2021-05-20,重磅！宝武刘建荣任新余钢铁董事长！宝武旗下或再添千万吨级钢企？,北极星节能
2021-05-20,宝钢股份大跌 连续下跌,新浪
2021-05-20,山西美锦钢铁绿色智造新材料产业园落户忻州丨钢铁财经资讯速览,钢铁新闻网
2021-05-20,融资余额连增七天 局部板块热潮涌动,财富动力网
2021-05-20,助力钢铁业绿色低碳发展！中国宝武多元板块承揽多个环保项目,我的钢铁
2021-05-20,宝武武钢有限高速棒材生产线开工,中华商务网
2021-05-20,绿色能源与大宗商品月报(2021年5月)行业月报,新浪
2021-05-20,钢铁Ⅱ：业绩逐季改善 关注政策扰动,新浪
2021-05-19,钢铁、建材行业4月数据点评：供需持续向好 价格表现亮眼,新浪
2021-05-19,钢铁行业周报：减产博弈当道 矿价却依旧强势,新浪
2021-05-19,宝武集团徐昌林：重点推进加快扩大铁元素供给,新浪
2021-05-19,锂矿概念狂飙，汽车板块再遭抢筹，分析师：一信号明显,Wind
2021-05-19,黑色系连续重挫，顺周期行情结束了吗？,Wind
2021-05-19,宝武武钢有限高速棒材生产线开工,西本
2021-05-19,宝钢股份探索全新高炉用料模式,兰格钢铁网
2021-05-19,宝武武钢有限高速棒材生产线开工,我的钢铁
2021-05-19,30股获券商买入评级，天阳科技目标涨幅达66.32%,Wind
2021-05-18,重庆钢铁董事长刘建荣跨省调任新余钢铁集团董事长,澎湃新闻
2021-05-18,建筑材料行业追“宗”系列：复苏深化支撑铜铝价格 玻璃维系强势,新浪
2021-05-18,建筑行业周观点：持续关注低碳和绿色新赛道 公募REITS快速落地,新浪
2021-05-18,钢铁行业4月数据点评：产量持续新高 需求数据中性,新浪
2021-05-18,国内多家重点钢企“首发”新产品,我的钢铁
2021-05-17,钢铁重大人事关注：新钢董事长、重钢董事长,新浪
2021-05-17,每日报告回放,新浪
2021-05-17,钢铁行业研究周报：原料期货价格下行 钢厂盈利有望维持高位,新浪
2021-05-17,宝武精品填补国内空白，助力用户拿下NO.1,兰格钢铁网
2021-05-17,宝钢股份(600019)：竞争优势凸显 盈利能力上行,新浪
2021-05-17,宝钢股份高等级取向硅钢七大全球首发产品揭幕,钢企网
2021-05-17,中泰周期·大宗指南：周期品周度运行变化,新浪
2021-05-17,看料炒股—看原材料涨跌，炒股票！（2021年5月17日）,生意社
2021-05-17,宝钢股份5人空降昆钢：1位任总助兼财务总监4位任搬迁项目副指挥长,兰格钢铁网
2021-05-17,2021年第一季度机构持仓点评：一季度社保、险资、QFII基金三类机构更青睐何类板块？,光大证券
2021-05-15,【光大金工|基金研究】一季度社保、险资、QFII基金三类机构更青睐何类板块？ ——2021年第一季度机构持仓点评,EBQuant
2021-05-15,钢价猛涨！会带动消费品价格上涨？有工地老板靠卖钢筋赚了300万,腾讯网
2021-05-14,金风科技：新型电力系统呼唤智慧风电,金风科技
2021-05-14,宝钢股份(600019)：优质板材龙头 结构升级、降本增效提升盈利能力,广发证券
2021-05-14,乌海黄河亿腾色素炭黑有限公司环境违法被罚10万元 环保处罚,每日经济新闻
2021-05-14,快讯：钢铁板块午后下挫走弱 华菱钢铁跌逾6%,新浪
2021-05-13,宝钢：将取向硅钢打造成全球第一品牌，碳中和带来可观新需求,澎湃新闻
2021-05-13,中泰钢铁数据,新浪
2021-05-13,北向资金连续3日净卖出逾百亿，万华化学遭大幅抛售8亿元,Wind
2021-05-13,2020董秘薪酬报告：最高达千万元，差距达百倍,Wind
2021-05-13,打破国外垄断，中国宝武高端取向硅钢用上“自产”氧化镁,我的钢铁
2021-05-13,中国宝武高端取向硅钢用上“自产”氧化镁－国务院国有资产监督管理委员会,国资委
2021-05-13,宝钢股份价格政策解读回顾,中华商务网
2021-05-12,武钢产轨道钢俏销海内外市场,搜狐
2021-05-12,中国短期融资券及中期票据信用分析周报,新浪
2021-05-12,逼近40%！钢铁今年列所有板块涨幅之首 两大规律不可忽视,巨丰财经
2021-05-12,钢铁有色行业2021年中期投资策略：全面崛起,新浪
2021-05-12,“手无寸铁”你慌不慌？铁矿石半年疯涨89%，宝钢称涨价对下游布局好,时代财经
2021-05-12,宝钢股份价格政策解读回顾,宝钢股份
2021-05-12,中国宝武大物流体系建设跑出跨境物流“加速度”,兰格钢铁网
2021-05-12,【行情】钢铁板块午后跳水，太钢不锈跌逾5%，鞍钢股份、抚顺特钢、久立特材、宝钢股份等跟跌,金十数据
2021-05-12,平安证券--钢铁行业2020年报及2021年一季报业绩综述：2020业绩止跌反弹，2021盈利中枢或抬升【行业研究】,金融界股吧
2021-05-12,快讯：钢铁股早盘走高 酒钢宏兴拉升封板,新浪
2021-05-11,监管出手降温显效，黑色系冲高回落，铁矿石不再强势,Wind
2021-05-11,Mysteel早读：宝钢上调6月出厂价，三大期货交易所发布通知,我的钢铁
2021-05-11,央地严控“两高”项目，助推产业绿色转型,Wind
2021-05-10,2021上海制造品牌价值榜发布，上汽集团、金龙鱼、宝钢位居前三,21世纪经济报道
2021-05-10,钢铁行业周报：宏观助推黑色 矿石领衔新高,新浪
2021-05-10,宝钢股份2021年6月份国内期货销售价格调整公告,新浪
2021-05-10,中国指标铁矿石期货飙升10%至纪录高位 钢铁ETF（515210）涨超4％成交额超1亿元,金融界
2021-05-10,钢铁周报：减产预期强烈 钢材价格近期大幅攀升,新浪
2021-05-10,钢铁行业周报：需求旺盛 钢铁继续进攻,新浪
2021-05-10,晨会聚焦210510重点关注通信、计算机、保险、钢铁、汽车汽配、社会服务、纺织服装、证券、医药、家电,国信研究
2021-05-10,钢铁2021年中期投资策略暨5月月报：需求有韧性，高盈利可期,国信研究
2021-05-10,螺纹钢、铁矿石期货强势涨停，碳中和下这样布局钢铁股,第一财经
2021-05-10,中冶宝钢承接宝钢电炉操作集控中心一期改造工程,钢铁新闻网
2021-05-10,新繁荣的起点！两大重磅催化剂，叠加5大长期利好，钢铁企业吨盈利已重回历史高位，多家券商共同推荐这2只票,新浪
2021-05-09,【国君钢铁|周策略】需求旺盛，钢铁继续进攻,鹏飞论钢
2021-05-08,智能车用芯片迎来提升关键期,重庆商报
2021-05-08,业绩催化钢铁股行情 一家板材龙头股望再爆发（附董秘连线）,巨丰财经
2021-05-07,“煤飞色舞”行情来袭机构紧急上调这些个股评级,第一财经
2021-05-07,未来汽车产业将迎哪些新变革？这场盛会告诉你,重庆商报
2021-05-07,5月7日晚间重要行业研究汇总(附股),中金在线
2021-05-07,【热股】太钢不锈两日涨停封板 资金大举买入 机构：维持买入评级,上海有色
2021-05-07,【中泰钢铁】产能置换新规及中澳事件点评,钢铁俱乐部
2021-05-07,“刚需”笑了！钢厂跟涨、股价起飞 政策方向继续趋严！关注行业龙头,中金在线
2021-05-07,钢铁、煤炭、海运涨势如虹，现在还能上车吗？,Wind
2021-05-07,【国君钢铁|快评】产能置换实施办法出台，钢铁新繁荣开启,鹏飞论钢
2021-05-07,《钢铁行业产能置换实施办法》点评：政策方向继续趋严 钢铁布局时点再临,新浪
2021-05-07,李迅雷、郭皓：碳中和趋势下钢铁业牛市能走多长？,Wind
2021-05-07,券商晨会精华：新版产能置换办法将进一步压减钢铁产能龙头公司有望受益,证券之星
2021-05-07,快讯：钢铁板块大幅高开 重庆钢铁逼近涨停,新浪
2021-05-07,有色钢铁行业周策略(2021年第18周)：出口退税和进口关税政策调整落地 吨毛利或持续扩张,新浪
2021-05-07,钢铁行业产能置换实施办法公布，政策方向继续趋严，关注行业龙头,证券时报网
2021-05-07,盘前情报丨粮食安全问题再引关注；疫苗股又遇变数（附股）,21世纪经济报道
2021-05-07,李迅雷、郭皓：碳中和趋势下钢铁业的牛市能走多长？,新浪
2021-05-06,北向资金午后加速离场，中国平安遭大幅抛售超15亿元,Wind
2021-05-06,宝钢股份：已累计回购4484.38万股，占比0.201%,每日经济新闻
2021-05-06,宝钢股份(600019.SH)4月未回购股份,智通财经
2021-05-06,宝钢股份(600019.SH)：截至4月末累计斥资3.2亿元回购4484.38万股,格隆汇
2021-05-06,上汽集团：公司与宝武集团、上海机场集团、上海化工区和华谊集团等伙伴开展“氢”战略合作，共建共享燃料电池汽车产业生态,每日经济新闻
2021-05-06,银河证券：4月金股组合盈利4.06% 5月荐股名单出炉,新浪
2021-05-06,宝钢汽车板，展示面向未来的眼界和胸襟！,兰格钢铁网
2021-05-06,八大券商主题策略：碳资产扩张元年！关注“碳中和”+“强复苏”两条主线,中金在线
2021-05-06,重庆钢铁飙涨停！“煤飞色舞钢花溅”行情再现 5月金股名单曝光,中金在线
2021-05-06,解盘：资金小幅流入，煤炭、纯碱、金属、火电领涨,Wind
2021-05-06,港股钢铁有色假期大涨，A股钢铁板块接棒，5月建议这样布局,第一财经
2021-05-06,产能短缺尚未缓解，钢铁板块强势拉升，重庆钢铁等涨停,证券时报网
2021-05-06,钢铁煤炭开盘大涨,Wind
2021-05-06,钢铁、煤炭、有色金属板块齐造好,Wind
2021-05-06,宝钢股份：未来钢铁行业发展的趋势是并购整合和碳中和,兰格钢铁网
2021-05-06,碳中和概念股悲喜录：吹尽狂沙，谁是真金,Wind
2021-05-06,去年A股公司营收占GDP总额52%，顺周期板块逆袭,Wind
2021-05-02,十大热门行业逐个看 【钢铁篇】 |整个行业仅一家亏损，净利最高增长261倍！钢铁股价业绩双升,证券时报
2021-05-02,外资重金押注锂电池龙头 业绩持续爆发股仅31只,新浪
2021-05-02,行业｜2021年是投资宝钢的好时机吗？,雪球
2021-04-30,数据港(603881)：业绩符合预期 静待云厂商资本开支回暖,新浪
2021-04-30,云煤能源(600792.SH)：宝钢工程公司中标公司建设工程项目,格隆汇
2021-04-30,太平洋证券维持宝钢股份增持评级：一季度业绩高增长，成本削减工作推进超预期,每日经济新闻
2021-04-29,Mysteel：锌铝镁相关产品或成为后期主流趋势,我的钢铁
2021-04-29,北向资金连续5日扫货，伊利股份、宁德时代净买入超6亿元,Wind
2021-04-29,中泰证券：二季度钢铁行业盈利有望重回历史峰值趋势,证券时报网
2021-04-29,天风证券：钢厂盈利空间或将进一步扩大,Wind
2021-04-29,关税政策落地 钢铁股集体走低 机构：有利于促进行业转型升级丨牛熊眼,第一财经
2021-04-29,【异动股】低碳冶金板块下挫，八一钢铁(600581-CN)跌3.6%,财华社
2021-04-29,钢铁产品关税政策落地，钢材出口有望减少，影响有多大,证券时报网
2021-04-29,中金：钢铁出口退税力度略超预期，仍看好宝钢等龙头盈利估值双升,Wind
2021-04-29,中金：中国钢铁出口退税力度略超预期仍看好宝钢等龙头盈利估值双升,格隆汇
2021-04-29,【中泰钢铁】钢铁出口退税取消影响分析,钢铁俱乐部
2021-04-29,【机会挖掘】钢铁进出口关税调整 生产出口高附加值钢材产品的企业或受关注,证券时报网
2021-04-29,钢铁产品关税调整和取消退税落地，影响有多大？,Wind
2021-04-28,重磅！钢铁产品关税调整和取消退税落地，影响有多大？丨火线解读,第一财经
2021-04-28,宝钢股份一季度业绩大增 精品开发战略见效,上证报
2021-04-28,[路演]宝钢股份：未来将重点发展并购整合、碳中和领域 打造新能源材料一揽子解决方案服务商,全景网
2021-04-28,标普：宝钢股份利润率将受益于钢铁减产,Wind
2021-04-28,北向资金连续4日增持A股，贵州茅台逆市遭抛售近10亿元,Wind
2021-04-28,宝钢股份(600019)：挖潜继续 21Q1吨钢毛利超1000元,新浪
2021-04-28,宝钢汽车板大秀精彩亮相上海国际车展,兰格钢铁网
2021-04-28,银河证券每日晨报,新浪
2021-04-28,武钢有限高棒项目正式开工,我的钢铁
2021-04-28,95股今日获机构买入评级,证券时报网
2021-04-28,钢材期货涨势如虹，板块个股一季度业绩“硬刚”,Wind
2021-04-27,宝钢股份去年净利润逾126亿元，成本环比削减38亿元,澎湃新闻
2021-04-27,北向资金连续三日净买入，持续加仓新能源股,Wind
2021-04-27,[路演]宝钢股份：预期国内汽车下半年生产将获得更快提升,全景网
2021-04-27,[路演]宝钢股份：将保持在新能源材料方面的高研发投入,全景网
2021-04-27,[路演]宝钢股份：大数据中心已覆盖宝山基地 预计21年完成多基地节点的互通,全景网
2021-04-27,[路演]宝钢股份：低碳冶金技术研发是公司的主要工作,全景网
2021-04-27,[路演]宝钢股份：密切关注新能源汽车用材变化 积极与新能源汽车公司进行合作,全景网
2021-04-27,宝钢股份：2020年净利润约127亿，拟派发现金红利近67亿,资本邦
2021-04-27,中泰证券维持宝钢股份增持评级：成本削减计划超额完成,每日经济新闻
2021-04-27,【国信金属|财报点评】宝钢股份：产业布局优化，盈利持续提升,微信
2021-04-27,[年报]宝钢股份：2020年营收2836.74亿元 全年累计削减成本38亿元,全景网
2021-04-27,宝钢股份(600019)：业绩逐季增长 湛江三高炉项目有望提前投产,新浪
2021-04-27,【行情】钢铁板块走弱，盛德鑫泰跌近9%，安阳钢铁、宝钢股份、本钢板材、友发集团跟跌,金十数据
2021-04-27,晨会聚焦210427重点关注食品饮料、美国寿险、海洋王、华测导航、山西汾酒、宝钢股份、爱美客、安恒信息、传音控股、东方财富,国信研究
2021-04-27,利润全球钢铁行业第一！一图看懂宝钢股份2020年度业绩报告暨2021年一季度报告,兰格钢铁网
2021-04-27,宝钢股份(600019)2020年报及2021一季报点评：产业布局优化 盈利持续提升,新浪
2021-04-27,宝钢股份削减成本38亿支撑业绩提升 近七年累计分红427亿分红率超50%,长江商报
2021-04-26,晚间重要公告2021年4月26日星期一,Wind
2021-04-26,宝钢股份获沪股通连续3日净买入累计净买入5.99亿元,证券时报网
2021-04-26,中泰周期·大宗指南：周期品周度运行变化,新浪
2021-04-26,宝钢股份(600019.SH)：2020年度净利升0.91%至126.77亿元拟10派3元,格隆汇
2021-04-26,宝钢股份：2020年度净利润126.77亿元，同比增加0.91%,每日经济新闻
2021-04-26,宝钢股份(600019.SH)年度归母净利同比增长0.91%至126.77亿元 每10股派3元,智通财经
2021-04-26,宝钢股份(600019.SH)一季度归母净利同比增长247.76%至53.59亿元,智通财经
2021-04-26,宝钢股份(600019.SH)：一季度净利53.6亿元同比增长248%,格隆汇
2021-04-26,宝钢股份：一季度净利同比增长248%年报拟10派3元,新浪
2021-04-26,宝钢股份：一季度净利润53.59亿元 同比增248%,e公司
2021-04-26,宝钢股份：去年净利润微增至126.8亿元，今年一季度大增247.76%,Wind
2021-04-26,钢铁周报：“碳中和”背景下是黑色产业链利润重塑的过程 钢铁股有中长期逻辑,新浪
2021-04-26,钢铁行业周报：环保限产再次升级,新浪
2021-04-26,钢铁行业周报：关注减产、对冲政策和季节性因素,新浪
2021-04-26,宝武集团两项钢厂改造项目将开工,我的钢铁
2021-04-23,A股收盘综述：上证指数涨0.26%，创业板指涨1.87%,Wind
2021-04-23,巨丰收评：基金重仓股推升指数,巨丰财经
2021-04-23,宝钢股份：钢制白车身成本最低，占整车成本3-8%左右,Wind
2021-04-23,宝钢股份：电炉炼钢占公司炼钢量不足5%,Wind
2021-04-23,钢铁板块午后持续抬升，八一钢铁回封涨停,Wind
2021-04-23,八一钢铁引爆顺周期行情！下一个风口来了？22只储能概念股受关注,中金在线
2021-04-23,【异动股】钢铁行业板块拉升，八一钢铁(600581-CN)涨10.06%,财华社
2021-04-23,一季度平煤股份原煤产量增长3% 商品煤销售毛利增长31.33%,--
2021-04-22,北向资金今日净卖出15.97亿元，中国平安净卖出额创5个月新高,Wind
2021-04-22,武钢新建棒线项目亮相市重大项目集中开工活动,兰格钢铁网
2021-04-22,【异动股】低碳冶金板块拉升，八一钢铁(600581-CN)涨9.76%,财华社
2021-04-22,八大券商主题策略：钢铁股的疯狂能持续多久？还能否介入？标的名单来了,中金在线
2021-04-22,【行情】钢铁板块大幅走强，八一钢铁封板，马钢股份、凌钢股份、宝钢股份、三钢闽光等纷纷大幅走高,金十数据
2021-04-22,当固收+遇上钢铁ETF,新浪
2021-04-21,【朝闻国盛0420】国内经济复苏预期回落，利率震荡下行,国盛证券研究所
2021-04-21,钢铁股整体表现不振，宝钢、华菱钢铁、太钢不锈、凌钢、鞍钢跌超3%,Wind
2021-04-20,光大证券--金属行业高频数据周报：钢铜铝利润均在历史高位上继续攀升【行业研究】,金融界股吧
2021-04-20,汽车零部件企业“变化”不小,中证网
2021-04-20,最新！傅鹏博、谢治宇、朱少醒、邓晓峰持股变动名单,Wind
2021-04-19,中泰证券：二季度钢铁行业盈利有望重回历史峰值，可逢低布局半年报超预期机会,格隆汇
2021-04-18,16年才有进展，鞍钢重组本钢，为何起了大早赶了晚集,云掌财经
2021-04-16,宝钢股份：宝武炭材料公司进行股份制改制,格隆汇
2021-04-16,宝钢股份：公司董事张锦刚辞职 董监高成员变化,Wind
2021-04-16,宝武集团再签民营钢企,我的钢铁
2021-04-16,业绩预增最高200倍！市场反复震荡，为何钢铁股仍稳步上涨？（附股）,21世纪经济报道
2021-04-16,19股获机构高频“买入”评级，15股机构看涨空间超15%,金融界
2021-04-15,鞍钢正在筹划重组辽宁本钢 下一个“钢铁巨无霸”将诞生？,每日经济新闻
2021-04-15,多年绯闻对象将联姻 鞍钢集团筹划重组本钢集团,e公司
2021-04-15,钢材社会库存持续下降，机构认为相关个股具备较好防御性丨牛熊眼,第一财经
2021-04-15,今天，60后工程师IPO敲钟：湖北又诞生一家硬核上市公司,投资界
2021-04-13,《产业》丰兴、河静钢、宝钢全面喊涨,Yahoo
2021-04-13,【研报掘金】2021年钢铁行业或出现供需缺口 看好板块投资机会应积极配置,同壁财经
2021-04-13,开源证券--钢铁行业周报：关注钢铁股一季报行情【行业研究】,金融界股吧
2021-04-13,八一钢铁2020年净利增长185% 2021年营收目标253亿元,上证报
2021-04-13,上海涂镀早讯：稳中坚挺,百川盈孚
2021-04-13,光大证券--钢铁行业债券专题研究报告之一：钢铁行业信用研究框架【行业研究】,金融界股吧
2021-04-13,中信集团达成西澳普雷斯顿角铁矿石开采协议丨钢铁财经资讯速览,钢铁新闻网
2021-04-13,中信证券：继续维持2021年是中国钢铁行业大年的判断,Wind
2021-04-12,安阳钢铁上演“地天板”，四连板后再度提示风险,第一财经
2021-04-12,多家钢企一季度业绩猛增：钢铁股还能“上车”吗？,中财网
2021-04-12,估值、盈利、政策三重利好 环保板块风口正起！（附标的）,中金在线
2021-04-12,金属行业高频数据周报：钢铁板块与沪深两市的PB比值较2017年的高点仍有46%的空间,光大证券
2021-04-12,魏成文任太钢集团总经理,钢铁新闻网
2021-04-12,太钢复合板拿到进军化工领域的“金钥匙”丨钢铁财经资讯速览,钢铁新闻网
2021-04-12,重庆钢铁降本增效一季度净利超10亿 钢产能欲达1000万吨增四成,长江商报
2021-04-11,【国君钢铁|周策略】钢铁新周期开启，需求超预期,鹏飞论钢
2021-04-11,宝钢股份：后续将大力拓展“汽车材料”的范围，提供包括铝合金、新能源汽车电机、电池等在内的多元材料,不止是钢货
2021-04-09,宝钢超轻型纯电动高安全白车身BCB EV全球首发,中证网
2021-04-09,重庆钢铁净利翻259倍！A股、H股齐飙涨，钢铁爆发年来了,格隆汇
2021-04-09,A股涨停，H股飙涨30%！重庆钢铁净利翻259倍，钢铁爆发年来了,格隆汇
2021-04-09,早评：沪指低开0.20% 行业板块普跌,网易
2021-04-09,3600亿龙头顺丰控股巨亏10亿，千家机构慌不慌 重大损失,Wind
2021-04-09,周期股业绩逆天!重庆钢铁、中国铝业一季度预增259、30倍!,财富动力网
2021-04-08,宝钢股份“智慧制造”战略进一步落地 BSI宝钢标准产品交易价格指数面世,上证报
2021-04-08,BSI宝钢标准产品交易价格指数发布,中证网
2021-04-08,重庆钢铁一季度净利预增259倍，机构称板块将迎“估值+业绩”双升,第一财经
2021-04-08,宝钢股份今日大宗交易成交35.29万股，成交价8.5元折价1.28%,Wind
2021-04-08,“碳中和”时代下国泰钢铁ETF投资价值分析：“碳”为观止 百炼成钢,新浪
2021-04-08,八成主要原材料来自宝钢！翔楼新材毛利率低于同行应收账款激增 盈利能力下降,投资时报
2021-04-08,钢铁板块大爆发8股涨停！“双碳”目标下钢企兼并重组驶入快车道,环球老虎财经
2021-04-08,通胀+环保助推周期股，钢铁、航运的春天来了，生物医药确定,新浪
2021-04-08,2020年重点钢铁企业用水、节水情况分析,我的钢铁
2021-04-08,上海涂镀早讯：稳中回落,百川盈孚
2021-04-08,板块指数创3年新高 钢铁股有望成为市场新主线丨牛熊眼,第一财经
2021-04-08,钢铁行业早盘大幅拉升，安阳钢铁一字涨停，机构看好行业发展机遇,金融界
2021-04-08,宝钢股份、太钢不锈人事变动！,钢铁新闻网
2021-04-08,王牌投研：市占率40%，龙头高增望延续！量价齐升，业绩大超预期,新浪
2021-04-08,分析“碳中和”背景下，钢铁行业投资机会,银河证券
2021-04-08,盘前情报丨北京布局氢能产业，2023年氢能产业规模目标突破500亿元,21世纪经济报道
2021-04-08,新周期起点，钢铁继续进攻,金融界
2021-04-08,晨报0408 | 钢铁行业专题、上港集团（600018）,国泰君安证券研究
2021-04-07,钢铁板块普涨，华菱钢铁尾盘涨停，深股通买入9178万元,第一财经
2021-04-07,碳中和背景下钢铁股全线爆发，后市可关注这些细分领域,第一财经
2021-04-07,银河证券每日晨报,新浪
2021-04-07,国内硅钢市场价格主稳个调,百川盈孚
2021-04-07,钢铁板块多股涨停，机构：行业正站在新繁荣的起点,第一财经
2021-04-07,武汉川云工贸有限公司获评国家3A级物流企业,搜狐
2021-04-07,浙商证券--新材料&金属材料（钢铁）行业深度报告：钢铁压产势在必行，年度确定性投资机会【行业研究】,金融界股吧
2021-04-07,央视聚焦这个行业！这一工艺能消减99%的污染气体 行业将迎变局,央视财经
2021-04-06,宝钢股份董事长邹继新：高度重视市值管理和资产效率提升工作，力争公司2023年ROE行业分位值显着提升,不止是钢货
2021-04-06,开源证券--钢铁行业周报：旺季钢价大幅上涨【行业研究】,金融界股吧
2021-04-06,宝钢股份：宝钢股份关于公司副总经理辞职的公告 董监高成员变化,新浪
2021-04-06,宝钢股份(600019.SH)：魏成文、胡玉良辞去副总经理职务 董监高成员变化,智通财经
2021-04-06,生意社：观望情绪浓烈 硅铁市场震荡下行,生意社
2021-04-06,中泰周期·大宗指南第13期：周期品周度运行变化,新浪
2021-04-06,宝钢股份：副总经理魏成文、胡玉良辞职 董监高成员变化,Wind
2021-04-06,国信证券：需求旺盛叠加供给扰动，钢铁板块具配置价值,Wind
2021-04-06,上海涂镀早讯：偏强运行,百川盈孚
2021-04-06,4家钢企上榜2021年一季度“中国上市企业市值500强”！,钢铁新闻网
2021-04-06,宝钢取向硅钢耐热刻痕品牌发布暨产品首发,兰格钢铁网
2021-04-06,金属行业高频数据周报：螺纹价格创2008年9月以来的新高、利润处于历史中高位,光大证券
2021-04-06,宝钢股份耐候钢系列产品又添新品种丨钢铁财经资讯速览,钢铁新闻网
2021-04-06,建筑工程业行业：碳中和/央企国改/一带一路/矿产重估是2季度热点,新浪
2021-04-05,【国君钢铁|周策略】新周期起点，钢铁继续进攻,鹏飞论钢
2021-04-05,“一坯难求”！钢坯最高报价再创新高，后续怎么走？,证券之星
2021-04-05,中泰证券：钢铁行业冶炼利润大幅扩张,Wind
2021-04-04,钢铁行业周报：工信部等将开展粗钢产量压减工作 钢价预计偏强震荡,新浪
2021-04-04,瑞泰科技(002066)：业绩符合预期 或背靠宝武借势腾飞,新浪
2021-04-03,两家世界500强央企重组带来什么期待,云掌财经
2021-04-03,钢铁行业：压产势在必行 投资机会确定,财富动力网
2021-04-02,“回购王”曝光，股价保卫战打响，4股最土豪（名单）,Wind
2021-04-02,董明珠向全球推介武汉 加大投入做大做强当地产业项目,新浪
2021-04-01,钢铁板块午后爆发！限产力度持续增强，这一细分品种或成最大赢家,证券之星
2021-04-01,宝钢股份今日大宗交易成交312万股，成交价7.27元折价13.76%,Wind
2021-04-01,宝钢股份(600019.SH)已累计回购0.2%股份 耗资3.2亿元,智通财经
2021-04-01,“中国神化”来了！央企整合，下一个是谁？,Wind
2021-04-01,宝钢股份：3月回购631.37万股，购买最高价为8.07元/股,Wind
2021-04-01,"券商3月金股组合""战绩""：27个组合全部亏损 华金最差 亏损",新浪
2021-03-31,宝信软件(600845)：内生竞争力“智”造核心,新浪
2021-03-31,中国短期融资券及中期票据信用分析周报,新浪
2021-03-31,格力致敬英雄城！董明珠在武汉与专家、企业家共论中部高质量发展新机遇,经济日报
2021-03-31,钢铁业兼并整合的“微笑曲线”已现,商品价值链研究
2021-03-31,平煤股份:精煤品质卓越 盈利能力强劲,e公司
2021-03-31,青山实业2020年营收2908亿元丨钢铁财经资讯速览,钢铁新闻网
2021-03-31,新势力崛起，揭秘孙迪、胡宜斌、杜洋的隐形重仓股！,Wind
2021-03-30,华宝证券启动上市辅导：净利润波动剧烈 曾因业务违规收警示函 金融监管处罚,投资时报
2021-03-30,A股三大指数震荡拉升 航天航空和新疆板块领涨,中金在线
2021-03-30,晨会精华：市场存量博弈特征明显！机会集中在这些价值洼地和绩优股,中金在线
2021-03-30,金属行业高频数据周报：短流程螺纹钢利润自1月底以来累计提升每吨逾900元,光大证券
2021-03-30,3月30日利好及其影响个股,云掌财经
2021-03-30,宝钢股份又拿下中俄东线天然气管道工程焊管大单,我的钢铁
2021-03-29,今年的钢铁，越来越像2017年了,格隆汇
2021-03-29,钢铁行业周报：产量增加 需求放量 等候政策明确方向,新浪
2021-03-29,【盖世汽车2021中国车身大会】2021中国车身大会圆满成功,盖世汽车
2021-03-29,钢铁行业研究周报：唐山限产维持 建材旺季来临,新浪
2021-03-29,中泰证券--中钢国际:国改与碳中和双重催化，释放发展活力【公司研究】,金融界股吧
2021-03-29,建筑行业第213期周报：碳中和钢铁园林热点纷呈 低估值国企改革蓄势待发,新浪
2021-03-29,钢铁行业周报：旺季需求启动 钢价稳步走强,新浪
2021-03-29,上海涂镀早讯：稳中有涨,百川盈孚
2021-03-29,宝武集团鄂城钢铁与郧阳榕峰钢铁达成战略合作,生意社
2021-03-29,钢铁行业周报：螺纹新高难掩矿石强势 高位风险逐步累积,新浪
2021-03-29,国金证券--宝钢股份：Q4业绩环比继续改善【公司研究】,金融界股吧
2021-03-29,【十大券商一周策略】市场底确认，悲观预期顶点已现,Wind
2021-03-28,机构论后市丨当下A股是超跌反弹行情，结构配置是重中之重,第一财经
2021-03-28,国君策略：坚定认为前期快速下跌的情况不会重演,Wind
2021-03-27,钢铁行业周报：“碳中和”及限产政策扰动 钢价预计偏强震荡,新浪
2021-03-27,“碳中和”下的钢铁行情：“第二次供给侧改革”要来了吗？,21金融圈
2021-03-27,绿色发展加快碳减排 钢铁业备战碳中和“大考”,上证报
2021-03-26,21硬核投研丨碳中和“钢铁”行情：唐山一纸限令的铁马金戈与润物无声,21世纪经济报道
2021-03-26,武钢有限“低碳行动”促进生态发展,兰格钢铁网
2021-03-26,郧阳榕峰钢铁与宝武集团鄂城钢铁达成战略合作,兰格钢铁网
2021-03-26,太钢不锈(000825)：宝武入主 打造不锈钢旗舰平台,国金证券股份有限公司
2021-03-26,国金证券--太钢不锈:宝武入主，打造不锈钢旗舰平台【公司研究】,金融界股吧
2021-03-25,租赁公司案例 | 华宝租赁2020年资产破百亿，完成对马钢租赁的吸收合并,零壹财经
2021-03-25,上汽集团：2020年净利润204.31亿元，同比下滑20.2% 盈利能力下降,Wind
2021-03-25,钢铁板块回吐日内升幅，宝钢、首钢、华菱钢铁跌超1%,Wind
2021-03-25,钢铁行业碳中和系列研究之二：我们正站在钢铁行业新繁荣的起点,新浪
2021-03-25,云海金属：公司2021年各项业务均有增涨，公司或董事长或宝钢如有增持计划会及时公告,每日经济新闻
2021-03-25,全球制造业：2021，看这里！,工业电器网
2021-03-25,碳中和目标下，风电是不可忽视的主力军,中国能源网
2021-03-25,宝钢股份东山基地新工艺无取向硅钢广受用户青睐,我的钢铁
2021-03-25,江苏靖江：宝钢天然气专用钢板首发,工业新闻网
2021-03-24,A股收盘综述：上证指数下滑1.3%，碳中和、券商、白酒板块冲高回落,Wind
2021-03-24,A股午盘综述：上证指数跌1.22%，碳中和、白酒、券商板块逆市走升,Wind
2021-03-24,金龙鱼、万华、紫金矿业、恒力、宝钢、荣盛石化等机构抱团股跌幅均超5%,Wind
2021-03-24,【行情】钢铁板块继续走低，甬金股份跌近9%，宝钢股份、中信特钢、太钢不锈、新钢股份、华菱钢铁跌近4%,金十数据
2021-03-24,金龙鱼、万华、恒力石化、宝钢、荣盛石化、中信特钢等机构抱团股均跌超3%,Wind
2021-03-24,宝钢价值2号遭遇重大失误 韭菜王拉开月度争冠距离,财富动力网
2021-03-23,财闻点金：A股市场再度走弱 部分公募基金青睐低估值主题,巨丰财经
2021-03-23,沪港通十大成交活跃股排名（3月23日）,Wind
2021-03-23,北向资金净买入宁德时代逾3亿元，这些股获加仓,第一财经
2021-03-23,北向资金今日净卖出71.84亿元，立讯精密、恒瑞医药、中国平安净卖出逾4亿元,Wind
2021-03-23,5张图看清！千亿市值大票年后跌幅、估值和债务规模,Wind
2021-03-23,金属行业高频数据周报：碳中和持续发酵 高碳排放、高耗能行业的中长期供求关系有望改善,光大证券
2021-03-23,A股三大指数收跌：北向资金净卖出超70亿元 周期股大跌 连续下跌,中金在线
2021-03-23,钢材全线大跌！供给收缩信号明确，投资逻辑又变了？,Wind
2021-03-23,限产影响或甚于供给测改革 钢铁龙头有望受益（附股）,金融界
2021-03-23,全线大跌！这一市场骤然降温，市场投资逻辑又变了？,Wind
2021-03-23,证券时报头版：钢铁行业供给收缩，碳中和目标引领新一轮洗牌,Wind
2021-03-22,钢铁行业周报：需求逐步启动 唐山限产进入常态化阶段,新浪
2021-03-22,宝钢股份：近期公司股价明显上升，突破回购价格上限,每日经济新闻
2021-03-22,宝钢股份：马钢股份不是公司子公司,每日经济新闻
2021-03-22,宝钢股份：公司没有自有铁矿山，电炉炼钢占炼钢量不足5%,每日经济新闻
2021-03-22,宝钢股份：目前公司审定碳排放量中较大比例为免费配额，有小部分缺口,每日经济新闻
2021-03-22,宝钢股份：目前已经开发出2000MPa热成型材料并在BCB EV（宝钢自主开发的超轻型电动车白车身）上应用,每日经济新闻
2021-03-22,宝钢股份：公司煤、焦消耗量在三千多万吨,每日经济新闻
2021-03-22,基础化工行业：追“宗”系列：大宗投资前瞻：通胀修复提振铜铝价格 钢铁供给收缩预期强化,新浪
2021-03-22,钢铁行业周报：限产引领钢价 盈利未及上轮,新浪
2021-03-22,三大指数收盘集体涨超1%，碳中和概念领跑，北向资金净买入71亿元,21世纪经济报道
2021-03-22,冶金工业经研中心冯超：中国钢铁工业的新挑战、新机遇和新格局,经济观察报
2021-03-22,北方重工紧抓市场机遇 奋力抢占市场,凤凰网
2021-03-22,北方重工：全面提升质量 为企业发展保驾护航,北国网
2021-03-22,八大券商主题策略：刷屏全网的碳中和！拥抱能源革命的强主题 一“碳”究竟！,中金在线
2021-03-22,上海涂镀早讯：稳中有涨,百川盈孚
2021-03-22,沉寂了许久的红利指数，能否厚积薄发？,养基司令
2021-03-22,【国信金属|行业点评】唐山限产加码，钢厂盈利向上,微信
2021-03-22,钢铁行业利好接踵而至，碳中和背景下这样布局（附股）,Wind
2021-03-22,钢铁行业利好接踵而至 碳中和背景下这样布局（附股）,第一财经
2021-03-22,钢铁重镇唐山减排超预期，钢坯价格创13年新高,财联社
2021-03-22,每日理财观察：易会满发声表态注册制、IPO排队、A股杠杆,Wind
2021-03-22,财经早茶｜彩电厂商酝酿涨价；本周336份年报出炉,证券时报网
2021-03-22,宝钢股份：实现“碳达峰、碳中和”的六大路径,兰格钢铁网
2021-03-22,中国钢铁行业大年，“碳中和”东风吹起戴维斯双击？,Wind
2021-03-22,市场调整进入后段，可逐步布局！提前布局通胀预期拐点,Wind
2021-03-22,【国君钢铁|周策略】库存去化加速，继续看好钢铁行业投资机会,鹏飞论钢
2021-03-21,周末证券｜碳中和重塑供给端 各路资金齐聚钢铁股,金融投资报
2021-03-20,钢铁行业周报：唐山限产草案力度较大 将助力钢价盈利,新浪
2021-03-20,钢铁行业周报：唐山限产政策反复扰动 钢价预计偏强震荡,新浪
2021-03-19,钢铁深度研究：特钢板块崛起 关注成长行业,新浪
2021-03-19,【国信计算机】宝信软件（600845）深度报告：IDC开启龙头集中，工业互联网领航工控,微信
2021-03-19,金融街下午茶2021年3月19日星期五,Wind
2021-03-19,钢铁行业低估值有望得到修复,Wind
2021-03-19,【市场观潮】碳中和叠加估值潜力！钢铁板块能否持续发力？,Wind
2021-03-19,A股收盘综述：上证指数下滑1.69%再守3400关口，牛年周线录得五连阴,Wind
2021-03-19,中国钢铁工业协会关于下达2021年第二批团体标准制修订计划的通知,我的钢铁
2021-03-19,氢能炼钢：技术、经验与前景,新浪
2021-03-19,拿下“钢铁钻石”最大订单！宝钢股份9镍钢中标中海油唐山LNG项目,我的钢铁
2021-03-19,两市股指震荡上行 宝钢价值暂时领先,财富动力网
2021-03-18,“顺周期”+“碳中和”助力：“钢铁基金”扛起月度冠军,21世纪经济报道
2021-03-18,宝钢股份：3月18日主力资金净流入额占板块的25.66%,每日经济新闻
2021-03-18,每日八张图纵览A股：低估值进攻才是最好的防守！抱团股能否继续追逐？,中金在线
2021-03-18,钢铁行业深度报告：源头减量提升普钢弹性 产业升级利好行业龙头,新浪
2021-03-18,A股收盘综述：上证指数涨0.51%录得三连阳，石化、白酒、医美板块领涨,Wind
2021-03-18,兴论碳中和系列：拥抱能源革命的强主题,新浪
2021-03-18,李迅雷：周期股估值修复 H股、B股配置价值凸显,新浪
2021-03-18,【行情】钢铁板块午后异动，方大特钢涨停，宝钢股份涨近5％，太钢不锈、酒钢宏兴、西宁特钢、八一钢铁等跟涨,金十数据
2021-03-18,钢铁股午后发力，方大特钢冲击涨停,Wind
2021-03-18,午评：指数震荡上行创指涨1.5% 医美化工股全线爆发,新浪
2021-03-18,兰格点评：龙头钢企抢占“碳中和”先机,兰格钢铁网
2021-03-18,每日理财观察：中国电信回归A股加速推进,Wind
2021-03-17,金融街下午茶2021年3月17日星期三,Wind
2021-03-17,A股收盘综述：上证指数微跌0.03%，保险、银行、碳中和板块调整,Wind
2021-03-17,“十三五”工业资源综合利用典型案例——宝武集团创新探索“固废不出厂”模式,我的钢铁
2021-03-17,快讯：钢铁股持续下挫 华菱钢铁、酒钢宏兴跌逾6% 连续下跌,新浪
2021-03-17,【行情】A股钢铁板块走低，华菱钢铁跌5.5%，八一钢铁跌4.3%，宝钢股份、杭钢股份等跟跌,金十数据
2021-03-17,机构“踏破”华菱钢铁门槛：2月至今股价大涨近七成,Wind
2021-03-17,宝武集团入主18个月，马钢股份更换三任总经理 董监高成员变化,云掌财经
2021-03-16,背靠宝武集团的华宝证券开启上市辅导 辅导机构为中金公司,21世纪经济报道
2021-03-16,背靠宝武集团华宝证券开启上市辅导，致力于打造“钢铁生态圈特色券商”,21世纪经济报道
2021-03-16,景气度爆棚：钢铁行业成了牛股集中营 铁矿石价格创新高（股）,新浪
2021-03-16,A股收盘综述：上证指数缩量涨0.78%，碳中和概念飙升、地产白酒反弹,Wind
2021-03-16,钢铁、建材行业1-2月数据点评：供需两旺开门红 高景气助推估值上行,新浪
2021-03-16,三大指数齐涨，钢铁煤炭股集体杀跌，白酒板块反弹，北向资金净流入49.28亿元，机构观点,和讯
2021-03-16,A股午盘综述：上证指数涨0.24%，碳中和概念崛起提振市场,Wind
2021-03-16,宝钢股份大跌5.04%，领跌钢铁II行业 连续下跌,中新经纬
2021-03-16,光大证券--金属行业高频数据周报：碳中和有望显着改善高碳排放、高耗能行业的中长期供求关系【行业研究】,金融界股吧
2021-03-16,钢铁板块跌幅扩大，宝钢股份下挫逾5%,Wind
2021-03-16,华泰研究 | 启明星20210316,华泰证券研究所
2021-03-16,当“顺周期”遇上“碳中和”，券商投资策略又说了些啥,Wind
2021-03-15,钢铁板块尾盘拉升，宝钢股份重新翻红,Wind
2021-03-15,钢铁行业周报：唐山减产 粗钢压产 政策主导市场,新浪
2021-03-15,钢铁业发生两件大事 这一概念突然火了,上证报
2021-03-15,【财联社午报】市场围绕三大主线展开 权重股成空头主力军,财联社
2021-03-15,碳中和背景叠加减排限产，钢铁板块将迎来估值、业绩双升局面,第一财经
2021-03-15,上海涂镀早讯：主稳运行,百川盈孚
2021-03-15,钢铁板块逆市大涨,Wind
2021-03-15,深度解读 | 库存超预期下降，钢铁继续进攻,大成基金
2021-03-15,钢材需求超预期恢复，钢铁板块再度大幅拉升，酒钢宏兴三连板,证券时报网
2021-03-15,钢铁板块持续拉升，宝钢股份涨超4%并创多年新高,Wind
2021-03-15,北向资金大调仓！狂买5只银行股，2000亿市值钢铁巨头遭减仓,Wind
2021-03-15,宝钢股份四大生产基地,中华商务网
2021-03-15,新闻联播头条强call！“碳冶金”概念出炉,巨丰财经
2021-03-15,“碳中和”红到发紫！生态部暗访治乱，警惕有人蹭热点,Wind
2021-03-14,【国君钢铁|周策略】库存超预期下降，钢铁继续进攻,鹏飞论钢
2021-03-14,这个周末大事超多！速览影响A股10大消息！,Wind
2021-03-13,钢铁行业周报：唐山限产政策反复扰动 钢价预计偏强震荡,新浪
2021-03-12,政协委员、金风科技董事长武钢：带头推进“碳中和”，做新时代的“追风者” | 建言2021,华夏能源网
2021-03-12,A股收盘综述：上证指数录涨因电力、碳中和板块爆发，周线仍三连跌,Wind
2021-03-12,华宝证券新班子到位！原总裁刘加海履新董事长，熊伟升任总裁，宝武集团旗下金融资产正迎起势期,财联社
2021-03-12,宝钢股份钢贸公司：汽车用钢接单量创新高,e公司
2021-03-12,八大券商主题策略：关于碳中和 四十年投资蓝图徐徐展开（标的全览）,中金在线
2021-03-12,钢铁板块二度拉升，华菱钢铁、太钢不锈均涨7%,Wind
2021-03-12,钢铁板块下滑，宝钢股份、鞍钢股份、包钢股份领跌,Wind
2021-03-12,万华化学、隆基股份、宝钢股份、通威股份均高开超2%,Wind
2021-03-12,33只股遭北向资金减仓超10%,证券时报网
2021-03-12,北向资金连续3日净买入累计达144亿元，哪些股受青睐？（附股）,21世纪经济报道
2021-03-12,宝钢价值2号基金位居第一 海通证券广州新港东路证券营业部 林利,财富动力网
2021-03-11,【日报|国君煤炭翟堃】平煤股份：精煤洗出率约56% 主焦长协价约为1594元/吨,煤市乾坤
2021-03-11,钢铁行业报告：二线钢铁股补涨,新浪
2021-03-11,"宝钢股份现1笔大宗交易 共成交1,153.43万元",新浪
2021-03-11,宝钢股份今日大宗交易成交153.79万股，成交价7.5元折价15.45%,Wind
2021-03-11,A股收盘综述：上证指数劲升2.36%，机构抱团股持续复苏、周期股爆发,Wind
2021-03-11,行业进入“金三银四”传统旺季，碳中和背景下今年或是钢铁股大年？,第一财经
2021-03-11,供需错配叠加碳中和发展，钢铁板块强势拉升，华菱钢铁等涨停,证券时报网
2021-03-11,酒钢宏兴、柳钢股份涨停，钢铁板块继续拉升,Wind
2021-03-11,A股午盘综述：上证指数涨1.78%，茅台、宁德时代、隆基股份涨超4%,Wind
2021-03-11,新钢股份封住涨停、华菱钢铁涨超8%，钢铁板块继续抬升,Wind
2021-03-11,大公国际：产能置换力度加码 钢铁行业2021年信用风险整体可控,新浪
2021-03-11,光大证券总量&行业联合报告：“碳中和”发展前景与市场影响展望,光大证券
2021-03-11,韶钢松山与惠东华业、粤北钢铁签订合作框架协议,钢铁新闻网
2021-03-11,【两会关注】代表委员建议和提案中的碳达峰、碳中和,中国能源网china5e
2021-03-11,推动绿电消费 加快风电发展,中国环境报
2021-03-10,【中金固收·信用】中国短期融资券及中期票据信用分析周报,中金固定收益研究
2021-03-10,王江平参加原材料工业司党支部碳达峰、碳中和专题研讨学习,Wind
2021-03-10,碳中和之行业拆解-再看碳中和：融资、生产、生活方式变革,新浪
2021-03-10,光大证券--金属行业高频数据周报：冷轧（工业钢）和螺纹（建筑钢）价差创20年9月以来新低(增持)03-09【行业研究】,金融界股吧
2021-03-10,A股午盘综述：上证指数涨0.67%、创业板指涨2.95%，机构抱团股复苏,Wind
2021-03-10,华菱钢铁冲击涨停、宝钢股份涨超4%，钢铁板块再度拉升,Wind
2021-03-10,建设能源互联网 充分发挥产业链带动作用,工业电器网
2021-03-10,袁伟霞代表建议：为非化工企业配套空分项目不进化工园区,我的钢铁
2021-03-10,每日理财观察：超级巨无霸来了，中国电信要回A股上市,Wind
2021-03-10,Mysteel早读：宝钢热轧上调300，铁矿石价格指数大跌10美元,我的钢铁
2021-03-10,两市持续走低 重组题材夯实收益,财富动力网
2021-03-09,A股共发生112宗大宗交易成交20.65亿元（3月9日）,Wind
2021-03-09,金融街下午茶2021年3月9日星期二,Wind
2021-03-09,钢铁弱市起舞，碳中和催生行业硬逻辑,Wind
2021-03-09,宝钢股份今日大宗交易成交188.80万股，成交价7.24元折价14.72%,Wind
2021-03-09,"宝钢股份现1笔大宗交易 共成交1,366.91万元",新浪
2021-03-09,中期业绩估值有望双升，钢铁板块表现强势｜今日异动数据,第一财经
2021-03-09,牛了！茅台们遭重挫，这家千亿巨头却逆袭，一个月涨超22%,搜狐
2021-03-09,全国人大代表袁伟霞：恳请政府部门考虑允许已落实安全措施、为非化工企业配套的空分项目可以不进入化工园区,中国县域经济报
2021-03-09,“金三银四”传统旺季钢铁板块逆势飘红，碳中和下迎来“大机会”,财联社
2021-03-09,有色金属＆钢铁行业报告：把握工业活动旺季将至的周期配置机会,新浪
2021-03-09,A股收盘综述：上证指数再跌1.82%至3350位置，创业板指两日累挫超8%,Wind
2021-03-09,博亚精工：“专精特”核心技术体系竞争力凸显创新驱动产品进口替代,云掌财经
2021-03-09,多重因素提振，钢铁板块强势上扬，关注三投资主线,证券时报网
2021-03-09,宝钢股份打开涨停板，成交金额约28亿元,Wind
2021-03-09,盘点｜能源电力领域代表委员对碳达峰、碳中和的建议和提案,北极星智电
2021-03-09,行业进入传统旺季，钢铁板块强势上扬，三条主线掘金投资机会丨牛熊眼,第一财经
2021-03-09,钢铁板块持续走强,Wind
2021-03-09,免费研报精选：“钢铁侠”、“钴奶奶”出手了 顺周期或仍是三月主旋律？,中金在线
2021-03-09,钢铁板块走强 宝钢股份触及涨停,e公司
2021-03-09,【行情】钢铁板块继续走强，新兴铸管、宝钢股份午后拉升封板，华菱钢铁、八一钢铁、太钢不锈、方大特钢等纷纷走高,金十数据
2021-03-09,钢铁板块午后全线爆发，龙头宝钢股份封板,Wind
2021-03-09,A股深V反转，北上资金抢筹30亿，反弹有何深意？,Wind
2021-03-09,解盘：沪指盘中失守3400点，海运、挖掘机、白酒略涨,Wind
2021-03-09,A股午盘综述：上证指数触底回弹半日跌0.18%，机构抱团股先跳水后反扑,Wind
2021-03-09,宝钢股份：国内外需求共振，2021年或成钢体股大年,搜狐
2021-03-09,钢铁股走强，安阳钢铁涨停，大钢不锈、宝钢股份等多股跟涨,金融界
2021-03-09,【两会访谈】何文波委员：成为钢铁巨擘的“心头好”，有色如何借力发力,中国有色
2021-03-09,宝钢股份大涨超5%，提振钢铁板块,Wind
2021-03-09,快讯：钢铁板块快速反弹 宝钢股份大涨5%,新浪
2021-03-09,【行情】钢铁板块活跃，宝钢股份涨5%，华菱钢铁、永兴材料、新钢股份、安阳钢铁等纷纷跟涨,金十数据
2021-03-09,开源证券--钢铁行业周报：供给端扰动加剧、关注板块两类投资机会【行业研究】,金融界股吧
2021-03-09,宝钢股份宝武铝业电池壳用材首单订货,宝钢股份
2021-03-08,全国政协委员武钢：为“碳中和”长跑者赋“能”,新浪
2021-03-08,钢铁专题报告：减中有加 由加来减-论钢铁碳中和,新浪
2021-03-08,全国政协委员武钢：继续实施“两海”战略 进一步降低海上风电成本,第一财经
2021-03-08,钢铁行业周报：需求已启动 钢铁也能进攻,新浪
2021-03-08,A股收盘综述：上证指数下滑2.3%，创业板指跌入技术性熊市,Wind
2021-03-08,申港证券--钢铁行业研究周报：钢铁行业盈利或持续修复【行业研究】,金融界股吧
2021-03-08,免费研报精选：低估值的建筑板块具备配置性价比 两条主线挖掘投资机会！,中金在线
2021-03-08,金风科技武钢：建议新能源基地周边直接发展循环经济产业集群,澎湃新闻
2021-03-08,A股午盘综述：上证指数下滑1.01%，机构抱团股再度杀跌,Wind
2021-03-08,宝钢股份这些产品实现销售新突破,我的钢铁
2021-03-08,供给端扰动加剧，钢铁板块强势上扬，太钢不锈等涨停,证券时报网
2021-03-08,东吴证券--宝钢股份：充分受益碳中和，行业龙头强者恒强【公司研究】,金融界股吧
2021-03-08,单日连续提价 钢铁进入“金三银四”传统旺季,财联社
2021-03-08,钢铁股再度崛起，宝钢股份、新钢股份、华菱钢铁、方大特钢大涨,Wind
2021-03-08,钢铁专题研究报告：期待碳中和的落实,新浪
2021-03-08,【东吴晨报0308】【策略】【固收】【宏观】【行业】国防军工、非银【个股】宝钢股份、用友网络、汉威科技、IGG、宁水集团,东吴研究所
2021-03-08,【宝钢股份*杨件】深度：充分受益碳中和，行业龙头强者恒强——东吴碳中和系列报告（二）,东吴研究所
2021-03-08,保障碳排放“30·60”目标 风电市场潜力值得期待,证券时报
2021-03-07,【国君钢铁｜周策略】需求已启动，钢铁也能进攻,鹏飞论钢
2021-03-07,【中泰金属|行业专题】期待碳中和的落实,钢铁俱乐部
2021-03-07,行业观察｜碳中和背景下行业供给端将受限 多家头部钢厂正制定低碳冶金等具体方案,券商中国
2021-03-07,一财探两会丨武钢：2021年及未来风电装机规模仍值得期待,第一财经
2021-03-07,【隆基股份：聊聊BIPV行业】,云掌财经
2021-03-07,全国政协委员、金风科技董事长武钢：风电行业应带头推进“碳中和”填补绿色供应链标准缺失,每日经济新闻
2021-03-07,全国政协委员、金风科技董事长武钢：积极制定绿色供应链管理标准 加速推动 “碳中和”目标实现,每日经济新闻
2021-03-06,钢铁行业周报：压缩冶炼产能预期增强 钢价预计偏强震荡,新浪
2021-03-06,有色金属行业：碳达峰将重塑钢铁产业链利润分配,财富动力网
2021-03-05,钢铁行业动态跟踪报告：碳中和会造成国内钢材供需出现缺口吗？,新浪
2021-03-05,政协委员武钢：建议鼓励新能源基地周边发展循环经济产业集群,新浪
2021-03-05,A股收盘综述：上证指数触底反弹守住3500，白酒、汽车、科技股回暖,Wind
2021-03-05,全国人大代表、宝武集团中南钢铁总裁李世平：钢铁业绿色发展对实现“碳达峰”和“碳中和”至关重要,每日经济新闻
2021-03-05,全国人大代表、宝武集团中南钢铁总裁李世平：强化需求侧管理，推动建筑行业用钢量提升,每日经济新闻
2021-03-05,【异动股】钢铁行业板块低开，宝钢股份(600019-CN)跌7.67%,财华社
2021-03-05,快讯：钢铁板块早盘大跌 宝钢股份、华菱钢铁跌逾8% 连续下跌,新浪
2021-03-05,华菱钢铁、宝钢股份、鞍钢股份跌超7%,Wind
2021-03-04,3月4日板块复盘：“钢铁侠”是怎么炼成的？这一板块竟然掀起涨停潮！,中金在线
2021-03-04,钢铁股逆市飙升背后资金博弈激烈，如何把握此轮行情,第一财经
2021-03-04,3月4日晚间重要行业研究汇总(附股),中金在线
2021-03-04,平安证券--钢铁行业：短期预期已满，基本面未至【行业研究】,金融界股吧
2021-03-04,低价股中的战斗机？包钢股份“成功出道”9个交易日大涨77.50%！成为这轮行情最靓的仔,金融界
2021-03-04,钢铁碳中和：必要性及去产量可能路径探讨,新浪
2021-03-04,稀土永磁板块再度上扬，机构认为相关板块长牛有四大逻辑丨牛熊眼,第一财经
2021-03-04,26股获买入评级 最新:苏宁易购,中财网
2021-03-04,免费研报精选：“碳中和”是长达40年的主题投资机会！利好四大主线（附标的）,中金在线
2021-03-04,【机构评论】充分重视碳中和背景下来带的供给受限长逻辑 关注宝钢、华菱等板材企业,上海有色
2021-03-04,两大利好助钢铁板块开启狂飙模式，后市投资机会如何把握？,第一财经
2021-03-04,【热股】钢铁股持续走高 新钢股份开盘涨停,上海有色
2021-03-04,4吨铁水炼出5吨钢 武钢有限铁钢比指标首破0.80,证券时报网
2021-03-04,中信证券：供给侧改革再临，宝钢剑指三千亿目标价15.85元,第一财经
2021-03-04,宝武集团中南钢铁：整合广东省存量钢铁产能今年目标超500万吨,兰格钢铁网
2021-03-04,每日理财观察：多个热点城市加码楼市调控,Wind
2021-03-04,北向资金扫货A股90亿，超一半资金买入这一板块，却出逃格力、茅台,21世纪经济报道
2021-03-04,宝钢股份（600019）：供给侧改革再临，宝钢剑指三千亿,中信证券研究
2021-03-04,晨报0304 | 钢铁行业专题、养老险行业专题,国泰君安证券研究
2021-03-04,北向资金动向曝光：3月3日这30只个股遭大甩卖（附名单）,每日经济新闻
2021-03-04,金融股大爆发，千亿银行股罕见涨停！郭树清点赞“精准拆弹”，券商大喊“守住银行心不慌”，机构称还要涨40%！,21金融圈
2021-03-03,10只个股尾盘净流入资金超亿元,证券时报网
2021-03-03,A股反弹能否持续？外资大逆转！一指标再背离,Wind
2021-03-03,【研报掘金】碳中和背景下钢铁板块迎来重要投资机会 行业业绩未来向上弹性较大,证券时报网
2021-03-03,景气周期来临！一产品连涨8个月，螺纹钢创近9年新高,Wind
2021-03-03,3月3日晚间重要行业研究汇总(附股),中金在线
2021-03-03,A股收盘综述：上证指数单边上扬1.95%，周期、金融板块爆发,Wind
2021-03-03,南京银行放量涨停，钢铁煤炭有色全线爆发,证券之星
2021-03-03,惊呆，这只银行股放巨量涨停，钢铁煤炭有色全线爆发，低位低估值顺周期股仅20只,证券时报
2021-03-03,钢铁板块大涨，行业利好接踵而至，碳中和背景下这样布局,第一财经
2021-03-03,华菱钢铁、新钢股份涨停，钢铁板块扩大升幅,Wind
2021-03-03,长城证券--有色金属行业周报：工业金属高位震荡，钴锂价格持续回暖【行业研究】,金融界股吧
2021-03-03,国资上市公司密集回购股份 分析认为国有资产估值水平被低估,上证报
2021-03-03,推动绿电消费政策保障“30·60”目标实现,中证报
2021-03-02,逆市新高股名单出炉 机构扎堆看好,第一财经
2021-03-02,酒鬼酒29天跌42%，一批机构抱团股连续大跌！逆市新高股来了，机构扎堆推荐,证券时报网
2021-03-02,中冶宝钢承制武钢焊接渣罐进入全面焊接阶段,钢铁新闻网
2021-03-02,光大证券--有色金属行业高频数据周报：工业金属价格继续全面走强，铝价创17年来新高【行业研究】,金融界股吧
2021-03-02,宝钢股份精品桥梁钢中标跨长江公铁两用桥标志性工程,我的钢铁
2021-03-02,钢铁行业周报：价格高位运行 关注供给端扰动,新浪
2021-03-02,三月首日，宝钢价值2号基金先拔头筹,财富动力网
2021-03-01,去产能或超预期！供需矛盾下 钢铁行业有望迎来戴维斯双击,财联社
2021-03-01,宝钢股份(600019.SH)截至2月末累计斥资2.7亿元回购3853.01万股,格隆汇
2021-03-01,宝钢股份：截至2月28日，已累计回购3853.01万股,Wind
2021-03-01,A股收盘综述：上证指数缩量涨1.21%，机构抱团股反攻、稀土点燃题材股,Wind
2021-03-01,申港证券--钢铁行业研究周报：压减钢铁产量可能的政策选择【行业研究】,金融界股吧
2021-03-01,山东钢铁涨停、宝钢股份涨超7%，钢铁板块继续拉升,Wind
2021-03-01,【行情】钢铁板块集体走高，宝钢股份大涨7%，山东钢铁、杭钢股份、重庆钢铁、永兴材料跟涨,金十数据
2021-03-01,宝钢股份大涨超6%，杭钢、山东钢铁、重庆钢铁、八一钢铁、首钢全线上扬,Wind
2021-02-28,平安证券首予宝钢股份推荐评级：业绩有望持续向好，高分红凸显龙头投资价值,每日经济新闻
2021-02-28,宝钢股份（SH600019）股票前景怎么样？,云掌财经
2021-02-27,钢铁行业周报：铁矿助推成本上行 钢价预计偏强震荡,新浪
2021-02-26,碳中和目标下A股先锋调研：钢铁行业加速碳达峰，多行业影响已现,21世纪经济报道
2021-02-26,经历了牛年“开门红”后 钢价是否还有进一步上涨的空间？,上证报
2021-02-26,兰格追踪：二月份钢铁行业大事记回顾,兰格钢铁网
2021-02-26,国内钢市行情普涨，牛市起点还是“短途游”？,Wind
2021-02-25,需求支撑钢价走强，相关板块投资性价比显现丨牛熊眼,第一财经
2021-02-25,解盘：大盘止跌回稳，地产、保险、基建、金属领涨,Wind
2021-02-25,需求端爆发钢铁股迎来价值投资好时期,证券导报
2021-02-25,上海涂镀早讯：稳中向上,百川盈孚
2021-02-25,最全梳理！美的超百亿回购后大涨，谁是下一个？,证券时报网
2021-02-25,【行情】钢铁板块集体冲高，包钢股份涨停，华菱钢铁、宝钢股份、山东钢铁、首钢股份等跟涨,金十数据
2021-02-25,钢铁股盘初走强，沙钢股份大涨7%,Wind
2021-02-24,最全梳理！美的超百亿回购助力逆势大涨，谁是下一个？这些公司手握巨额现金（名单）,证券时报网
2021-02-24,美的集团斥资不超过140亿回购 能提振股价吗,新浪
2021-02-24,海外信用评级汇总2021年2月24日星期三,Wind
2021-02-24,惠誉：确认宝武钢铁集团和宝钢股份的评级为“A”，展望稳定,Wind
2021-02-24,A股收盘综述：上证指数跌1.99%、抱团明星股再扑街，创业板指五日累挫12%,Wind
2021-02-24,马来西亚宝钢制罐项目钢结构工程开工,我的钢铁
2021-02-24,金风科技武钢：30?60碳目标吹响能源转型进入快速发展阶段的集结号,中新网
2021-02-24,麦格理：市场准备迎商品“超级周期” 中国铝业(02600)、洛阳钼业(03993)等上行空间大,智通财经
2021-02-24,央企去年向社保划转国资1.21万亿元,北京青年报
2021-02-23,干货来了！国资委：加快国有资本优化和结构调整,Wind
2021-02-23,麦格理：市场准备迎商品“超级周期”中铝、洛钼、中国东方、赣锋锂业等上行空间大,格隆汇
2021-02-23,彭华岗：央企下一步重组将聚焦战略安全、产业引领等功能,澎湃新闻
2021-02-23,国资委：支持央企采取重组整合等多种途径，加快国有资本的布局优化和结构调整,Wind
2021-02-23,武钢集团与中国农业银行湖北省分行签订全面战略合作协议,我的钢铁
2021-02-23,宝武重工宝钢轧辊获“江苏省示范智能车间”认定,中国泵阀网
2021-02-23,华晨汽车集团控股：涉及两起重大诉讼(仲裁) 诉讼纠纷,Wind
2021-02-23,能源、基础材料行业追“宗”系列-大宗投资前瞻：工业金属受益于通胀上行 建材春季躁动开启,新浪
2021-02-23,中信：顺周期板块调整后市场会重回均衡状态,中信证券研究
2021-02-23,中信证券：钢铁投资价值或将超越2017年供给侧改革时期,中信证券研究
2021-02-23,钢铁｜钢铁投资价值或将超越2017年供给侧改革时期,中信证券研究
2021-02-22,钢铁、有色逆市爆发，3张图看清投资前景！,Wind
2021-02-22,2021年建设项目陆续出炉，大基建再起波澜,Wind
2021-02-22,【研报掘金】节后首周钢市迎来开门红 板块旺季行情已经启动建议三条主线选股,证券时报网
2021-02-22,大跌眼镜！小盘股逆袭了龙头股？,上证报
2021-02-22,宝钢股份打开涨停板，成交金额约29亿元,Wind
2021-02-22,金属行业高频数据周报：流动性和景气度共振将继续推动大宗金属股的盛宴,光大证券
2021-02-22,上海涂镀早讯：坚挺运行,百川盈孚
2021-02-22,【行情】钢铁板块大涨，宝钢股份大涨8%，包钢股份、沙钢股份、韶钢松山、太钢不锈等纷纷拉升,金十数据
2021-02-22,钢铁股大涨，包钢股份、河钢资源均涨超7%,Wind
2021-02-22,陈德荣：2021年是中国宝武国际化元年,兰格钢铁网
2021-02-22,这家“亿吨级钢铁航母”透露小目标,友爱的宝武
2021-02-22,A股分红10万亿，部分大市值股息率低得让人震惊,Wind
2021-02-21,徐向春：钢铁产业兼并重组驶入快车道,我的钢铁
2021-02-20,北向资金大调仓！加仓三大“中”字头，减仓半导体,中证报
2021-02-20,钢铁行业周报：成本抬升叠加需求复苏预期 钢价偏强震荡运行,新浪
2021-02-19,宝钢股份率先掌握智能一键RH精炼关键技术,友爱的宝武
2021-02-18,董登新：贵州茅台三大“硬伤”,第一财经
2021-02-18,上海涂镀早讯：小幅上涨,百川盈孚
2021-02-18,董登新：深度剖析茅台三大“硬伤”,搜狐
2021-02-17,董登新：茅台三大危机冷思考,中新经纬
2021-02-16,2021年1月上海A股上市公司市值TOP100：金龙鱼6610亿元排第一,挖贝网
2021-02-12,智能炼钢，这里的黎明“净”悄悄,湖北日报
2021-02-11,金属行业高频数据周报行业周报：全国实体经济部门四季度杠杆率近一年来首降,光大证券
2021-02-10,鼠年A股收官日：沪指创5年新高，茅台股价站上2600元,观察者网
2021-02-10,怕了吗？茅台半小时涨出一个宝钢的市值！股价涨超2500元,中新经纬
2021-02-10,钢铁行业2020年报业绩前瞻：板材类公司业绩持续改善 特钢业绩穿越周期,新浪
2021-02-09,粤开策略解盘：上证重回3600点 公司喜迎回购潮,新浪
2021-02-09,17万股民尴尬了！辽港股份正式“亮相”A股遭遇跌停,重庆商报
2021-02-09,中信特钢盈利60亿重组后再迎增长 市值1670亿首超宝钢居行业之首,长江商报
2021-02-08,钢铁行业周报：盈利小幅反弹 继续看好制造业用钢,新浪
2021-02-08,金属行业高频数据周报：全国实体经济部门四季度杠杆率近一年来首降,光大证券
2021-02-08,今年上市公司已回购350亿，搭个“车”可否？,Wind
2021-02-08,破局铁矿石供应依赖须做大蛋糕,兰格钢铁网
2021-02-08,钢铁行业周报：基本面真空期 行情小幅震荡,新浪
2021-02-08,煤炭行业周报：预期强弱转换 焦炭基本面最优,新浪
2021-02-08,钢铁行业周报：钢材市场进入春节模式 持续看好特钢细分赛道,新浪
2021-02-07,【国君钢铁|周策略】钢材市场进入春节模式，持续看好特钢细分赛道,鹏飞论钢
2021-02-07,“十三五”钢铁工业发展取得的巨大成就 去产能成效显着,中钢协
2021-02-05,中信特钢(000708)：Q4归母净利环增5% 市值行业第一,新浪
2021-02-05,有色金属行业：高温合金：好风凭借力 借势当起飞,新浪
2021-02-05,开源证券--钢铁行业周报：短期流动性趋紧导致商品调整下行【行业研究】,金融界股吧
2021-02-05,“十三五”钢铁行业主要发展成就,中钢协
2021-02-05,宝钢股份量身定制特殊材料，协力打造国之重器,友爱的宝武
2021-02-05,上市公司正负面新闻2021年2月5日星期五,Wind
2021-02-05,债市周报 | 信用：企业发行利率多数上行，期限利差有所走扩,靳论固收
2021-02-05,宝钢出手回购1000万股 多家公司推出回购计划,证券时报
2021-02-05,A股或掀三年来最猛回购潮,金融投资报
2021-02-04,晚间重要公告2021年2月4日星期四,Wind
2021-02-04,Mysteel：全国金属包装产业2020年回顾及2021年展望,我的钢铁
2021-02-04,晚间公告｜2月4日这些公告有看头,第一财经
2021-02-04,【公告抢先看】晚间重要公告：新城控股1月份合同销售金额同比增长48.51%、中核钛白收关注函,金融界
2021-02-04,2月4日上市公司晚间公告速递,新浪
2021-02-04,A股分化严重 上市公司又掀回购潮,金融投资报
2021-02-04,宝钢股份：2月4日通过集中竞价交易方式首次回购1000万股,Wind
2021-02-04,宝钢股份(600019.SH)2月4日首次回购1000万股,格隆汇
2021-02-04,宝武集团的有色金属版图,中国有色
2021-02-04,中泰证券--中泰周期·大宗指南：周期品周度运行变化~第5期【投资策略】,金融界股吧
2021-02-03,上市公司再现回购潮，中小市值企业很踊跃，这些公司回购最多,e公司
2021-02-03,A股异动丨中信特钢(000708.SZ)市值超宝钢成为A股市值最高钢企,格隆汇
2021-02-03,什么情况！上市公司再现回购潮，中小市值企业很踊跃，这些公司回购最多（名单）,证券时报网
2021-02-02,云南省政府与宝武集团合作 做强做优做大云南钢铁产业,e公司
2021-02-02,信达证券--宝信软件公司深度报告：从三大预期差解读新基建龙头长期确定性价值【公司研究】,金融界股吧
2021-02-02,宝武会否杀入第一钢铁大省河北？,兰格钢铁网
2021-02-02,钢铁周报：充分重视碳中和背景下来带的供给受限长逻辑 关注宝钢、华菱等板材企业,新浪
2021-02-01,中国终于造出了圆珠笔小钢珠！但这远远不够,虎嗅网
2021-02-01,煤炭行业周报：行业淡季逐渐开启 继续推荐焦炭板块,新浪
2021-02-01,钢铁行业周报：下游进入淡季 看好特钢细分赛道,新浪
2021-02-01,钢铁行业2021年2月投资策略：供需格局环比趋弱 关注限产与疫情管控影响,广发证券
2021-02-01,不锈钢产业巨头做大做强，行业集中度或将进一步提高,长江有色
2021-02-01,宝钢股份回购1000万股公司股票丨今日钢铁财经资讯速览,中国冶金报社
2021-02-01,云海金属(002182)：疫情消退行业复苏,新浪
2021-02-01,2386份年报业绩预告：近六成报喜，龙头公司领跑势头强劲,Wind
2021-01-31,【国君钢铁|周策略】下游进入淡季，看好特钢细分赛道,鹏飞论钢
2021-01-29,钢铁行业人力资本竞争力指数发布，前十除了宝钢沙钢还有谁？,澎湃新闻
2021-01-29,老毕工作室：企业重组之路-板特大亨宝武遇见地方大佬山钢,新浪
2021-01-29,金风售电实践中国首个可再生能源“碳中和”智慧园区 ——金风科技亦庄智慧园区获北京绿色交易所认证,北极星电力
2021-01-29,中国钢铁工业协会发布钢铁行业人力资本竞争力（组织效能）指数,新浪
2021-01-29,山钢集团并入宝武集团已进入实质性推进阶段,中华商务网
2021-01-29,【硬核早报】南下资金青睐两大核心资产，寻找股票中的爱马仕,新浪
2021-01-29,期市投资参考：LNG价格近期走势迅速下滑市场回归理性,Wind
2021-01-29,12家钢企2020年盈利情况一览,中国冶金报
2021-01-29,港股盘前必读：阿里巴巴减持阿里健康总金额约39亿港元,Wind
2021-01-28,宝武2023年实现1500万吨不锈钢的路径猜想：收购柳钢中金、北部湾新材料？,不止是钢货
2021-01-28,山钢集团将加入“亿吨宝武”朋友圈 以史为鉴 市场对重组反应平稳,财联社
2021-01-28,大公司动态丨花呗、借呗额度可调整，网友：能管住自已的手了,第一财经
2021-01-28,深度｜兼并山钢的宝武集团 仍在继续扩张的路上,21世纪经济报道
2021-01-28,兰格点评：钢铁大佬攻城略地即将“再下一城”,兰格钢铁网
2021-01-28,金风科技亦庄智慧园区获可再生能源“碳中和”智慧园区认证,中新网
2021-01-28,金融街下午茶2021年1月28日星期四,Wind
2021-01-28,兰格冷轧板卷日盘点（1.28）：价格小幅上涨 市场成交较弱,兰格钢铁网
2021-01-28,山钢集团并入宝武集团进入实质性推进阶段,Wind
2021-01-28,山钢集团并入宝武集团进入推进阶段 山东钢铁尾盘异动,新浪
2021-01-28,山钢集团并入宝武集团已进入实质性推进阶段,格隆汇
2021-01-28,开局就要奔跑！这些新建和技改项目按下快进键,友爱的宝武
2021-01-27,国信证券--数字浪潮系列之钢铁行业数字化：智能制造重塑竞争力，IDC打开成长空间【行业研究】,金融界股吧
2021-01-27,海南矿业获评全国第七届冶金矿山“十佳厂矿”,上证报
2021-01-27,兰格点评：政策聚焦新能源汽车知名钢企加码布局,兰格钢铁网
2021-01-27,高温合金：行业公司能兑现业绩预期吗？,新浪
2021-01-26,钢铁行业2021年度策略报告：特钢行业依旧看好，关注兼并重组,新浪
2021-01-26,兰格涂镀板卷日盘点（1.26）：涂镀价格暂稳运行 市场成交清淡,兰格钢铁网
2021-01-26,钢铁建材行业4Q持仓：建材转为低配 北水持续加码消费建材龙头,新浪
2021-01-26,国内硅钢市场价格小幅整理,百川盈孚
2021-01-26,上海硅钢市场早讯：稳中整理,百川盈孚
2021-01-25,【Mysteel黑色金属例会0125】钢材需求回落，本周钢铁市场或震荡偏弱,我的钢铁
2021-01-25,中泰周期·大宗指南第4期：周期品周度运行变化,新浪
2021-01-25,宝钢股份(600019.SH)：聘任盛更红为公司总经理,格隆汇
2021-01-25,119股预计全年业绩翻倍，医药板块腾飞！,中国财富网
2021-01-25,六大券商周一看好的六大板块,证券之星
2021-01-25,上海涂镀早讯：稳中有降,百川盈孚
2021-01-25,钢铁行业周报：淡季钢企亏损加剧 亏损,新浪
2021-01-25,公铁海无缝衔接 焦作—青岛铁海快线成功首发,河南日报
2021-01-25,基金持转债仓位下降，信用冲击影响显现——华创债券可转债周报20210124【华创固收丨周冠南团队】,华创债券论坛
2021-01-24,【国君钢铁|周策略】淡季需求下滑，看好特钢细分赛道,鹏飞论钢
2021-01-24,钢铁行业周报：原料价格维持高位 钢价预计高位震荡,新浪
2021-01-22,行业观察｜3000吨进口废钢首单入关在即 钢铁业内人士称短期影响有限,财联社
2021-01-22,宝钢股份：大额回购彰显信心,搜狐
2021-01-22,1月以来58股发布回购预案 30股预计回购超亿元,Wind
2021-01-22,1月以来58股发布回购预案 30股预计回购超亿元,证券时报
2021-01-21,中钢国际(000928)：订单高速增长 业绩符合预期,新浪
2021-01-21,宝钢股份(600019)2020年业绩预告点评：业绩大超预期 建议重视板材底部复苏机会,新浪
2021-01-21,32股今日获机构买入评级,中财网
2021-01-21,宝钢股份(600019)：四季度业绩预告高增长 回购彰显信心,新浪
2021-01-21,湛钢1650mm连铸工程热试成功，年产铸坯280万吨,中国冶金报
2021-01-21,宝钢股份(600019)：业绩超预期+大规模回购上调 上调21年盈利预测,新浪
2021-01-21,上调评级至买入策略选股（1月21日）,Wind
2021-01-21,69股获券商买入评级 新媒股份目标涨幅达65.67%,Wind
2021-01-21,各大钢企2020年业绩表现精彩纷呈,兰格钢铁网
2021-01-21,以整合促高质量发展,上证报
2021-01-21,多家上市公司发布高溢价回购方案,中证报
2021-01-20,【明日主题前瞻】芯片涨价潮蔓延 晶圆遭芯片制造企业抢购,财联社
2021-01-20,钢铁／有色金属行业2021年度投资策略：高景气在上半年延续 工业材强于建筑材,光大证券
2021-01-20,A股再现大手笔回购！宝钢股份豪掷40亿奖励员工 股价逼近涨停,时代财经
2021-01-20,彰显价值，A股迎来一大波回购潮,Wind
2021-01-20,1月20日异动股点评：高铁概念走强的逻辑 盘点四牛与四熊,山东神光
2021-01-20,宝钢股份抛40亿元回购方案 当日股价上涨9.82%,证券时报网
2021-01-20,宝钢股份(600019)：4Q大超预期 盈利拐点显现 估值回归可期,新浪
2021-01-20,2021年供需格局将改善 钢材盈利有望提升,兰格钢铁网
2021-01-20,宝钢回购消息冲击涨停（附大比例回购股名单）,证券时报网
2021-01-20,操盘必读｜北向资金狂卖茅台五粮液；宝钢股份拟40亿元回购；去年1800万投资者跑步入场；美股上涨欧股下跌,上游新闻
2021-01-20,2万亿市值巨头诞生！美团超工行成港股第三大权重，看看南向资金喜欢买谁。宝钢回购消息冲击涨停（附大比例回购股名单）,证券时报网
2021-01-20,宝钢股份午盘涨近7%,中证网
2021-01-20,钢企业绩回暖 钢铁股早盘拉升 ｜板块牛熊榜,第一财经
2021-01-20,解盘：小金属整体活跃，稀土、动力电池、电源设备领涨,Wind
2021-01-20,钢铁板块发力走高，宝钢股份一度涨停，拟不超40亿回购股份,证券时报网
2021-01-20,上海涂镀早讯：窄幅向下,百川盈孚
2021-01-20,宝钢股份（600019）快评：四季度业绩大幅改善,国信研究
2021-01-20,钢铁板块走强北向资金持续流入,格隆汇
2021-01-20,钢铁板块发力拉升，北向资金持续流入，已提前布局这些股（附股）,第一财经
2021-01-20,拟用不超过40亿元回购股份！宝钢股份触及涨停,金融界
2021-01-20,【异动股】钢铁行业板块拉升，宝钢股份(600019-CN)涨9.98%,财华社
2021-01-20,追求铁水运输的极致效率！全球首台灵巧鱼雷车正式运行,中国冶金报社
2021-01-20,钢铁板块走强 宝钢股份涨停,e公司
2021-01-20,快讯：钢铁板块拉升 宝钢股份涨8%,新浪
2021-01-20,宝钢股份封涨停，钢铁板块受提振整体走强,Wind
2021-01-20,宝钢股份高开逾6%，拟用不超40亿元自有资金回购A股,Wind
2021-01-20,A股早报2021年1月20日星期三,Wind
2021-01-20,宝钢股份去年净利预计同比增1%到6%,中华商务网
2021-01-20,71股获券商买入评级，中铁工业目标涨幅达63.93%,Wind
2021-01-20,每日理财观察：银保监会就偿二代二期修订征求意见,Wind
2021-01-20,欧普康视净利增长超三成 多股业绩好有望上涨,巨丰财经
2021-01-19,【中泰金属|公司点评】宝钢股份-四季度业绩环比继续改善,钢铁俱乐部
2021-01-19,【国君钢铁|深度研究】宝钢股份：积极拥抱全球钢铁核心资产,鹏飞论钢
2021-01-19,晚间公告热点追踪：“掌门人”夏建统被批捕 “睿康”帝国陨落,新浪
2021-01-19,盘后公告集锦|华天科技定增募资51亿元加码高端封测 片仔癀2020年净利润同比增长21.27%,财联社
2021-01-19,晚间重要公告2021年1月19日星期二,Wind
2021-01-19,宝钢股份去年净利预计同比增1%到6%，上年逾124亿元,澎湃新闻
2021-01-19,1月19日晚间上市公司利好消息一览(附名单),中金在线
2021-01-19,晚间公告｜1月19日这些公告有看头,第一财经
2021-01-19,宝钢股份拟回购1.80%至2.25%公司股份,上证报
2021-01-19,宝钢股份：预计2020年度净利润同比增加1亿元-7亿元,我的钢铁
2021-01-19,宝钢股份(600019.SH)拟以不超40亿元回购股份 回购价不超8.09元/股,智通财经
2021-01-19,宝钢股份：拟用不超过40亿元的自有资金回购A股,Wind
2021-01-19,宝钢股份：拟不超40亿元回购公司A股股份,格隆汇
2021-01-19,宝钢股份：拟不超过40亿元回购股份,e公司
2021-01-19,宝钢股份(600019.SH)拟回购4亿股-5亿股回购价不超8.09元/股,格隆汇
2021-01-19,宝钢股份：2020年净利润预增1%到6%,Wind
2021-01-19,宝钢股份(600019.SH)2020年度净利润预增1%到6%,格隆汇
2021-01-19,产业债专题之钢铁行业：景气度波动 如何看待钢铁债投资？,新浪
2021-01-19,宝钢股份(600019)：积极拥抱全球钢铁核心资产,新浪
2021-01-19,Mysteel午报：冷热卷价格普跌，黑色期货全线下挫,我的钢铁
2021-01-19,2021年燃料电池重卡将迎来发展黄金期,中国机经网
2021-01-19,鞍山市：推进宝武集团与海镁集团混改,兰格钢铁网
2021-01-19,【中泰交运建筑】中钢国际点评：订单高速增长，业绩符合预期,微信
2021-01-19,钢铁行业2020年度业绩前瞻：增收减利的另类演绎,新浪
2021-01-19,钢铁：本轮冬储高度或将有限,新浪
2021-01-18,【中泰金属】钢铁行业12月数据点评-需求增速高位回落,钢铁俱乐部
2021-01-18,钢铁行业周报：钢材盈利创四年新低,新浪
2021-01-18,上海涂镀早讯：稳中有跌,百川盈孚
2021-01-18,三峡新能源与金风科技 高层会晤！,北极星电力
2021-01-18,本周2426亿市值限售股解禁，环比增加1254.32% 解禁,Wind
2021-01-18,基金持转债仓位下降，信用冲击影响显现——华创债券可转债周报20210124【华创固收丨周冠南团队】,华创债券论坛
2021-01-17,【国君钢铁|周策略】继续看好特钢投资机会,鹏飞论钢
2021-01-16,宝武集团八钢公司总经理助理姜振峰一行到东岭参观交流,经济网
2021-01-15,【兴证计算机】工业互联：正迎戴维斯双击时刻,兴业计算机团队
2021-01-15,宝钢股份注册资本减少，由222.74亿元降至222.69亿 减资破产,企查查
2021-01-15,成都燃气聘任杨平为公司总经理,格隆汇
2021-01-15,新天钢集团2020年实现产值849亿元、利润40.3亿元丨今日钢铁财经资讯速览,中国冶金报社
2021-01-14,24股主力资金净流入超亿元,证券时报网
2021-01-14,宝钢股份华东区域取向硅钢销量占领国内市场半壁江山,兰格钢铁网
2021-01-14,【行情】钢铁板块持续拉升，中信特钢、友发集团涨7%，盛德鑫泰、久立特材、宝钢股份等跟涨,金十数据
2021-01-14,钢铁板块再度拉升，宝钢股份涨超3%,Wind
2021-01-14,宝武一大波项目陆续建成运行,友爱的宝武
2021-01-14,钢铁煤炭行业齐发力，争享工业互联智能化,Wind
2021-01-14,宝武集团&京东数科：2020产业金融区块链联盟白皮书（附下载）,199IT
2021-01-13,兰格冷轧板卷日盘点（1.13）：价格明显下跌 市场需求清淡,兰格钢铁网
2021-01-13,干勇：时代呼唤着中国钢铁向智能化、绿色化发展,中国冶金报
2021-01-12,宝钢股份(600019.SH)：5637.08万股限制性股票1月18日解禁 解禁,格隆汇
2021-01-12,2021年钢铁及新材料行业年度策略：寻找周期与成长共振,新浪
2021-01-12,金属行业高频数据周报：工业和建筑业的钢价差近半个月回落明显,光大证券
2021-01-12,煤炭／钢铁行业数据周报(第一周),新浪
2021-01-11,计算机行业周报：信创之新在于“芯” 行业国产推进应用软件或先行,新浪
2021-01-11,瑞达期货：成本不断抬升，支撑锰硅价格,瑞达期货
2021-01-11,宝钢股份(600019.SH)：控股股东拟办理解除可交债担保及信托登记涉28.5亿股,格隆汇
2021-01-11,宝钢股份：职工监事何梅芬辞职，补选黎楚君为职工监事 董监高成员变化,Wind
2021-01-11,宝钢股份：控股股东拟办理解除可交换公司债券担保及信托登记,Wind
2021-01-11,宝钢股份2月主要钢材基价全线上调，最高每吨上调1500元,中国家电网
2021-01-11,46股获买入评级 最新:芒果超媒,中财网
2021-01-11,上海涂镀早讯：稳中偏弱,百川盈孚
2021-01-11,解旗任韶钢松山董事长,中国冶金报社
2021-01-11,打造全球最大单体炼钢车间 宝钢湛钢三高炉系统热负荷试车成功,兰格钢铁网
2021-01-11,宝钢打造国内最大的单体炼钢车间,我的钢铁
2021-01-11,41股获券商买入评级 爱施德目标涨幅达162.86%,Wind
2021-01-10,【国君钢铁|周策略】需求逐渐进入淡季,鹏飞论钢
2021-01-10,钢铁行业周报：原料价格维持高位 钢价预计高位震荡,新浪
2021-01-09,中冶京诚为国内最大350吨转炉提供核心自控系统,中国冶金报社
2021-01-08,钢铁煤炭行业月报：继续看好高端钢材需求、价格,新浪
2021-01-08,2020年12月行业利差跟踪：信用冲击波开始向城投蔓延,新浪
2021-01-08,国内硅钢市场价格继续上行,百川盈孚
2021-01-08,上海硅钢市场早讯：稳中整理,百川盈孚
2021-01-08,晨会聚焦210120重点关注银行流动性月报、稀土行业快评、宝钢股份、冀东水泥,国信研究
2021-01-08,中国宝武正式受让重钢集团90%股权,兰格钢铁网
2021-01-07,【国君钢铁|宝钢股份】核心产品连续提价，公司竞争优势凸显,鹏飞论钢
2021-01-07,供需格局改善，钢铁板块异动大涨｜今日异动数据,第一财经
2021-01-07,原材料“扎堆”涨价 新一轮家电提价已势在必行?,中国家电网
2021-01-07,巨·热点：高位调整加剧短期分化 七大板块轮动受热炒！,巨丰财经
2021-01-07,A股收盘综述：上证指数涨0.71%录得6连阳，茅台股价攀升至2140元,Wind
2021-01-07,钢铁股大涨，不锈钢期货主力合约涨停，钢需求稳中有升,第一财经
2021-01-07,宝钢股份宝山基地炼钢厂多个项目创技改“新速度”,我的钢铁
2021-01-07,太钢不锈封住涨停，宝钢股份、西宁特钢、武进不锈等跟涨,Wind
2021-01-07,铁矿石上演“疯狂的石头”，业内苦寻良方欲“破局”,Wind
2021-01-07,铁矿石价格连续上涨，钢企须抱团提升议价能力,Wind
2021-01-07,中国宝武粗钢产量全球领先,经济日报
2021-01-07,太钢集团近日托管宝钢德盛和宁波宝新,工业新闻网
2021-01-06,钢铁行业2021年月投资策略：供需格局环比改善减弱，关注矿价走势和限产政策，给予”买入“评级,广发证券
2021-01-05,铁矿石价格疯涨下，澳洲经济遭反噬，中国则以3招加速扭转局面,腾讯网
2021-01-05,计算机行业周报：从ARM发展看信创生态收敛 工业软件景气度提升,新浪
2021-01-05,钢铁行业2021年度策略：提质增效,新浪
2021-01-05,上海涂镀早讯：震荡偏弱,百川盈孚
2021-01-05,总投资27亿元，宝方炭材石墨电极项目兰州投产,国家煤化工网
2021-01-05,钢铁行业：行情转震荡 冬储将开启,新浪
2021-01-04,中信特钢：市值已接近宝钢股份，拟竞购上海电气钢管40%股权,不止是钢货
2021-01-04,大干新基建｜钢铁企业成功转型大数据中心，有哪些先天优势,澎湃新闻
2021-01-04,铸造“大国重器”的“钢铁脊梁”,兰格钢铁网
2021-01-04,能源、基础材料行业追“宗”系列：大宗投资前瞻：疫情反复不改复苏预期 继续建议顺周期板块配置,新浪
2021-01-04,上海涂镀早讯：稳中有降,百川盈孚
2021-01-04,八大政策决定2021年钢铁行业走向,兰格钢铁网
2021-01-04,新年新气象 生产开门红,经济日报
2021-01-04,轧钢炼铁再创最佳,经济日报
2021-01-03,【国君钢铁|周策略】需求季节性下滑,鹏飞论钢
2021-01-01,工信部：严禁新增钢铁产能！有序推进再生钢铁原料进口和资源利用，铁矿石期货又有新动向,期货日报
2020-12-31,策略研究报告：2021年十大金股,新浪
2020-12-31,60辆！全球迄今最大一批氢能重卡在上海交付,陆家嘴金融网
2020-12-31,钢铁压减产量势在必行行业盈利或将改善,兰格钢铁网
2020-12-31,2020年钢企兼并重组，不止是“亿吨宝武”,我的钢铁
2020-12-31,疫情下铁矿石价格逆市创7年新高外资持续流入钢铁板块涨幅居前,财华社
2020-12-31,太钢集团托管宝钢德盛和宁波宝新,友爱的宝武
2020-12-30,全国工业和信息化工作会议提出压缩粗钢产量事项点评：从去产能到去产量 钢铁行业议价能力有望回升,新浪
2020-12-30,国际领先｜“热轧无缝钢管在线组织性能调控关键技术、装备开发与应用”项目科技成果评价会在北京召开,兰格钢铁网
2020-12-30,年终盘点：2020年钢铁行业七大政策,我的钢铁
2020-12-30,生意社热点商品发现（2020年12月30日）,生意社
2020-12-30,上海涂镀早讯：小幅低靠,百川盈孚
2020-12-30,宝武铝业一期30万吨铝合金精深加工项目全面投产,长江有色
2020-12-30,【宏观经济】供给侧改革：五年“去产能”的检视,兴业研究宏观
2020-12-30,中国宝武斩获多个“中国工业大奖”,我的钢铁
2020-12-29,宝钢股份现1笔大宗交易 共成交228.00万元,新浪
2020-12-29,宝钢股份今日大宗交易成交40万股，成交价5.7元折价3.06%,Wind
2020-12-29,上海瀚昱超低温SCR催化剂在宝钢湛江钢铁球团烟气 150℃脱硝项目投运成功,北极星电力
2020-12-29,钢铁行业如何做好“十四五”数智化转型？,中国冶金报
2020-12-28,钢铁周报：看好制造业、看好板材和特钢新材料,新浪
2020-12-28,钢铁行业周报：钢价冲高回落 持续关注碳酸锂涨价行情,新浪
2020-12-28,行业重组持续宝武系再扩容 钢价后续如何演绎？,e公司
2020-12-28,中泰周期·大宗指南第29期：周期品周度运行变化,新浪
2020-12-28,中国宝武钢铁集团托管太钢 工商变更登记手续已办理完毕,电缆网
2020-12-28,上海涂镀早讯：稳中弱调,百川盈孚
2020-12-28,9家钢企获得我国工业领域最高奖项,兰格钢铁网
2020-12-27,【国君钢铁|周策略】需求库存再超预期，板块跨年行情持续演绎,鹏飞论钢
2020-12-27,钢铁行业周报：原料价格冲高回落 钢价预计高位震荡,新浪
2020-12-26,托管太钢集团 宝武系A股方阵扩容至10家,上证报
2020-12-25,云海金属(002182)公司深度报告：宝钢加持助力全球镁行业龙头地位 汽车轻量化标的再出发,新浪
2020-12-25,中国宝武年产钢突破亿吨,Wind
2020-12-25,武钢有限退火炉设备安装项目完成,我的钢铁
2020-12-25,上海涂镀早讯：微幅向下,百川盈孚
2020-12-24,引领全球钢铁业 中国宝武粗钢年产量突破1亿吨！,科技日报
2020-12-24,Mysteel参考丨江苏建筑钢材产业发展现状和规划,我的钢铁
2020-12-24,中国宝武年产钢突破亿吨,新华网
2020-12-24,十年大数据看A股“年末效应”：整体机会大于风险,Wind
2020-12-23,“中国第一钢企”宝武迎130年 实现“亿吨产量”目标,文华财经
2020-12-23,钢铁航母中国宝武年产钢突破1亿吨！中国钢企问鼎全球第一,澎湃新闻
2020-12-23,宝信软件拟收购飞马智科75.73%股权 解决潜在同业竞争,e公司
2020-12-23,常宝股份(002478.SZ)：常宝钢管集团拟对常宝普莱森增资1135万美元,格隆汇
2020-12-23,最后6个交易日！十年大数据看A股“年末效应”,Wind
2020-12-23,钢铁行业周报：需求高位 黑色系爆发,新浪
2020-12-23,生意社热点商品发现（2020年12月23日）,生意社
2020-12-23,中国建材集团企业与宝武环科集团签署合作备忘录,中国建材集团
2020-12-23,上海涂镀早讯：震荡调整,百川盈孚
2020-12-22,这一工业互联网平台力争3至5年内成国内示范，中国宝武研发,澎湃新闻
2020-12-21,大运新N8E钜赢版车型：高配置、保安全,卡车之家
2020-12-21,钢铁行业周报：黑色链条价格持续强势,新浪
2020-12-21,宝武集团被评为全球钢铁业之首,国是直通车
2020-12-21,上海涂镀早讯：小幅上涨,百川盈孚
2020-12-20,【国君钢铁|周策略】需求库存超预期，继续看好板块跨年行情,鹏飞论钢
2020-12-19,首钢股份：关联收购VS盈利失真,证券市场周刊
2020-12-19,上期所：进一步提升重要商品价格影响力,Wind
2020-12-19,深交所副总经理唐瑞：未来将稳步推出单市场ETF期权,Wind
2020-12-19,宝钢股份、重庆钢铁拟收购4家公司股权！,中国冶金报社
2020-12-19,越秀房托15年：商业地产大变局,Wind
2020-12-18,国内知名的烟气治理综合服务商 同兴环保登陆A股,第一财经
2020-12-18,同兴环保：低温SCR脱硝催化剂技术达到国际先进水平,投资时报
2020-12-18,特钢概念股逆势走强，机构依然看好相关板块明年投资机会丨牛熊眼,第一财经
2020-12-18,上海涂镀早讯：坚挺运行,百川盈孚
2020-12-18,重磅！宝钢股份拟收购绍兴3家碳纤维公司控股权，对家不高于5亿元,不止是钢货
2020-12-18,宝钢股份董事长 邹继新,中证报
2020-12-17,"宝钢股份现2笔大宗交易 共成交1,364.16万元",新浪
2020-12-17,宝钢股份(600019.SH)：子公司拟收购绍兴市柯桥区天堂硅谷碳纤维产业投资合伙企业所持碳纤维业务全部股权,格隆汇
2020-12-17,国内硅钢市场价格宽幅上涨,百川盈孚
2020-12-17,宝钢硅钢部新增耐热刻痕机组工程投产,我的钢铁
2020-12-17,上海硅钢市场早讯：持续上涨,百川盈孚
2020-12-17,上海涂镀早讯：高位震荡,百川盈孚
2020-12-17,中国宝武启动武汉工业港项目丨今日钢铁财经资讯速览,中国冶金报社
2020-12-16,谢志雄任韶钢松山总裁 陆隆文为高级副总裁,中国经济网
2020-12-16,海外信用评级汇总2020年12月16日星期三,Wind
2020-12-16,力拓：未来两年将向宝武钢铁集团投资1000万美元,Wind
2020-12-16,宝武武汉工业港项目启动：总投资57亿 转型为社会公共港口,澎湃新闻
2020-12-16,标普：确认宝山钢铁及宝运企业的评级为“A-”，展望稳定,Wind
2020-12-16,标普：确认宝武钢铁集团及宝钢资源评级分别为“A-”和“BBB+”,Wind
2020-12-16,中国建材集团企业与宝武环科集团签署合作备忘录,中国建材集团
2020-12-16,生意社热点商品发现（2020年12月16日）,生意社
2020-12-16,生意社：冷轧连涨8月 价格翻倍 后市涨势仍可期,生意社
2020-12-16,宝钢新型耐热刻痕技术全球首发并成功产业化,友爱的宝武
2020-12-16,昆钢环保搬迁转型升级项目烧结机工程开工,我的钢铁
2020-12-15,生意社：冷轧12月下半月高位震荡 1月或仍有小涨行情,生意社
2020-12-15,【中泰金属】钢铁行业11月数据点评-下游增速筑顶中,钢铁俱乐部
2020-12-15,铁矿石价格突破1000元/吨！中国2次“质问”澳企，已推3大应对措施,新浪
2020-12-15,上海涂镀早讯：稳中偏强,百川盈孚
2020-12-15,提升热装热送率，宝钢股份有何“秘笈”？,我的钢铁
2020-12-14,生意社：库存持续下降 彩涂价格大幅拉涨,生意社
2020-12-14,矿价上涨偏离基本面 钢企盈利能力分化,兰格钢铁网
2020-12-14,53股获北向资金连续5天增持 贵州茅台居首,证券时报
2020-12-14,铁矿石价格突破千元大关 钢企集体发声指存在炒作迹象,中证报
2020-12-13,【国君钢铁|周策略】需求再超预期，继续看好板块龙头四季度行情,鹏飞论钢
2020-12-13,钢铁行业周报：铁矿石价格创历史新高,新浪
2020-12-13,北向资金调仓：加仓5只金融股 狂卖这只1700亿市值科技股,中证报
2020-12-12,宝武旗下四公司增资宝武清能：气体行业有更多业务重组机会,澎湃新闻
2020-12-12,宝山基地炼钢厂整体铁钢比“破九进八”！,友爱的宝武
2020-12-11,公告精选丨妙可蓝多：实控人和蒙牛尚有部分条款未达成一致,21世纪经济报道
2020-12-11,策略日报：指数震荡收涨 钢铁板块领涨,新浪
2020-12-11,宝钢股份两子公司拟以气体资产股权增资宝武清能,上证报
2020-12-11,晚间公告｜12月11日这些公告有看头,第一财经
2020-12-11,兰格冷轧板卷周盘点（12.11）：市场价格持续拉涨 整体需求一般,兰格钢铁网
2020-12-11,宝武1月价格大幅上调　背后逻辑为哪般,新浪
2020-12-11,兰格研究：成本上升Vs需求差异 钢企盈利为几何？,兰格钢铁网
2020-12-11,宝钢股份(600019.SH)：宝武清能获增资合计26.39亿元,智通财经
2020-12-11,宝钢股份(600019.SH)：武钢有限及湛江钢铁拟参股宝武清能,格隆汇
2020-12-11,宝钢股份：盐城项目无实质性进展,Wind
2020-12-11,宝钢股份无取向硅钢产线开工：总投资27.2亿 完全面向新能源车,上海有色
2020-12-11,上海硅钢市场早讯：继续上涨,百川盈孚
2020-12-11,钢企纷纷宣布转型数据中心,兰格钢铁网
2020-12-11,近三日净买入超120亿元 北向资金准备过年？,21世纪经济报道
2020-12-11,【动力煤】日报-2020-12-10-电力长协签约背景下动力煤大幅上行,英大期货
2020-12-11,北向资金动向盘点：再度试水周期类,Wind
2020-12-11,邪门！铁矿石价格不断创新高 钢铁股却上涨了,Wind
2020-12-11,电子行业：业绩向好 关注高确定性板块,财富动力网
2020-12-10,2020年中国钢材行业概览,新浪
2020-12-10,32股今日获机构买入评级,证券时报网
2020-12-10,兰格冷轧板卷日盘点（12.10）：价格继续上行 市场成交一般,兰格钢铁网
2020-12-10,什么情况？铁矿石直逼千元续创新高，钢铁股也涨,Wind
2020-12-10,宝钢股份(600019)：出厂价第八个月上调 薄板普涨400-500元／吨,新浪
2020-12-10,国内硅钢市场价格宽幅上涨,百川盈孚
2020-12-10,铁矿石价持续上扬钢价再创新高A股钢铁板块结束短调再度领涨,财华社
2020-12-10,上海涂镀早讯：小幅上行,百川盈孚
2020-12-10,钢铁板块大幅拉升 西宁特钢安阳钢铁涨停,证券时报网
2020-12-10,黑色系期货价格迭创新高 煤炭股、钢铁股集体飙涨,第一财经
2020-12-10,中国钢铁行业首家 宝钢股份大数据中心投运,兰格钢铁网
2020-12-09,这条全球唯一的生产线在上海开工，生产新能源车关键基础材料,澎湃新闻
2020-12-09,宝钢股份2021年1月份国内期货销售价格调整的公告,我的钢铁
2020-12-09,中国短期融资券及中期票据信用分析周报,新浪
2020-12-09,分歧加剧！北上资金连续六周加仓，公募仓位降至年内低位,Wind
2020-12-09,中冶节能环保中标宝钢股份二炼钢3x300吨转炉煤气净化系统改造项目,北极星电力
2020-12-09,上海涂镀早讯：主稳个涨,百川盈孚
2020-12-09,2020年12月9日早班车（紫金财经&胜泰智慧）,紫金财经
2020-12-09,大商所：支持宝武集团等钢铁企业设立交割厂库 着眼多角度深化期现合作,中国冶金报社
2020-12-09,宝钢股份大数据中心建成投用,我的钢铁
2020-12-09,传闻：“宝武太”预计明日正式挂牌！董事长及财务负责人由宝武委派，总经理则由太钢任命；采购、销售经营将一体化集中管理,不止是钢货
2020-12-09,全球唯一！宝钢股份这条专业生产线开工,友爱的宝武
2020-12-09,宝钢一高等级无取向硅钢项目开工：面向新能源车，全球首个,Wind
2020-12-09,宝钢一高等级无取向硅钢项目开工：面向新能源车，全球首个,澎湃新闻
2020-12-09,宝钢股份应对新能源车大变局：无取向硅钢国内市占率60%，继续扩建产能，2023年投产后将达到400万吨！,不止是钢货
2020-12-08,宝钢股份无取向硅钢产品结构优化项目今日启动,格隆汇
2020-12-08,钢铁煤炭行业月报：继续看好炉料、动力煤价格,新浪
2020-12-08,宝钢湛江十四五规划重点钢铁项目 将再建2座5050m高炉,上海有色
2020-12-08,2021年华东省间年度电力交易 成交电量超千亿千瓦时,国家电网
2020-12-08,期市投资参考：澳大利亚上调明后年农业出口预期，铁矿石实现十连涨,Wind
2020-12-07,中泰周期·大宗指南第26期：周期品周度运行变化,新浪
2020-12-07,着眼多角度深化期现合作 大商所理事长冉华一行走访宝武集团,中证报
2020-12-07,大商所理事长冉华：着眼多角度深化期现合作，服务钢铁产业高质量发展,Wind
2020-12-07,着眼多角度深化期现合作 服务钢铁产业高质量发展,期货日报网
2020-12-07,钢铁周报：制造业需求强劲 黑色产业链躁动,新浪
2020-12-07,兼并重组是钢铁产业大趋势,兰格钢铁网
2020-12-07,周一机构一致看好的七大金股（12.7）,中金在线
2020-12-07,金属行业高频数据周报：出口和工业品链条继续向上、基建地产链条总体向下,光大证券
2020-12-07,“顺周期成长龙头50强”出炉 15股净利预计高增长,证券时报
2020-12-06,浙商张建民||5G网络投入和应用发展预期乐观,浙商通信张建民组
2020-12-06,【国君钢铁|周策略】需求偏强，继续看好板块龙头四季度行情,鹏飞论钢
2020-12-05,宝信软件：钢铁信息化龙头，踏“物”腾“云”开启新征程,财富动力网
2020-12-04,中钢国际(000928)：国改先锋 开启发展新里程,新浪
2020-12-04,镁行业深度报告：镁行业底部反转已现 汽车轻量化拉开长期增长空间,新浪
2020-12-04,兰格研究：民营钢企整合重组进入加速期,兰格钢铁网
2020-12-04,长天能环荣获“2020‘北极星杯’ 钢铁烟气治理影响力企业”称号,北极星电力
2020-12-03,明年主要钢材品种均价稳中有涨,期货日报
2020-12-03,中国神华、紫金矿业、长城汽车、京东方A、宝钢、长安汽车等集体大跌,Wind
2020-12-03,钢铁行业2020年12月投资策略：供需格局稳中改善 关注置换产能落地情况,广发证券
2020-12-03,上海涂镀早讯：稳中有涨,百川盈孚
2020-12-03,【策略*陈李】东吴证券月度策略及金股组合——通胀推动盈利上行,东吴研究所
2020-12-03,【东吴晨报1203】【策略】【固收】【行业】机械【个股】安琪酵母、国联股份,东吴研究所
2020-12-03,中国宝武与中国建材集团战略联姻 瑞泰科技：三年营收目标百亿 破局耐火材料产业,中证报
2020-12-02,上海涂镀早讯：主流上行,百川盈孚
2020-12-02,“第三届中国电炉炼钢科学发展论坛” 初步议程,中国冶金报社
2020-12-02,华泰研究所12月金股推荐,新浪
2020-12-01,又是9艘！扬子江船业再获“老客户”订单,国际船舶
2020-12-01,宝钢股份拓展光伏支架用钢新市场,友爱的宝武
2020-12-01,马迹山港区、八钢矿业、梅山矿业委托宝钢资源管理,友爱的宝武
2020-12-01,金属行业周报：电解铝盈利、冷轧价格继续刷新8年新高,光大证券
2020-11-30,A股30年 | 市值前十五公司演变背后的故事，传统产业落幕，新兴领域正在上演,港股那点事
2020-11-30,中泰周期·大宗指南第25期：周期品周度运行变化,新浪
2020-11-30,碳中和目标下我国钢铁行业的挑战与机遇,北极星节能
2020-11-30,上海涂镀早讯：震荡调整,百川盈孚
2020-11-29,【国君钢铁|周策略】需求依旧偏强，继续看好板块四季度行情,鹏飞论钢
2020-11-29,【国君钢铁|年度策略】重塑格局，成本为王,鹏飞论钢
2020-11-29,2021年投资策略报告合辑,国信研究
2020-11-27,宝钢股份炼钢厂这项工艺技术取得重大突破,我的钢铁
2020-11-26,钢铁行业2021年投资策略：追寻不确定中的确定,新浪
2020-11-26,本钢集团新产品研发聚焦“高端制造”多点开花,钢铁新闻网
2020-11-26,云海金属(002182)：青阳项目打开中长期成长空间,新浪
2020-11-25,宝信软件(600845.SH)：控股股东所持股份锁定承诺,格隆汇
2020-11-25,中国短期融资券及中期票据信用分析周报,新浪
2020-11-25,云海金属(002182)：池州一体化镁合金工厂 构建“中国镁业”雏形,新浪
2020-11-24,翔楼新材IPO：主要原材料超八成来自宝钢 曾通过供应商转贷7000万,每日经济新闻
2020-11-24,宝钢股份(600019.SH)：拟成立宝山工业气体分公司、武汉钢铁投资新建连续热处理生产线,格隆汇
2020-11-24,瑞达期货：硅铁回调整理，关注下方支撑,瑞达期货
2020-11-24,上海涂镀早讯：高位运行,百川盈孚
2020-11-24,明年中国铁矿石需求仍将强劲,国际商报
2020-11-23,【国君钢铁|周策略】需求再超预期，四季度行情持续演绎,鹏飞论钢
2020-11-23,中冶宝钢圆满完成宝钢化工首次炭黑年修,中国橡胶网
2020-11-23,中泰周期大宗指南：周期品周度运行变化,新浪
2020-11-23,宝钢二号4706立高炉大修后成功出铁,我的钢铁
2020-11-23,黑色系产销两旺，资金押注“旺季行情”,Wind
2020-11-23,宝武集团近22亿元收购新疆第二大钢企,八一钢铁
2020-11-23,Mysteel午报：钢价涨跌互现，黑色期货普跌,我的钢铁
2020-11-23,上海道简机电：用技术为客户提供国际一流的智能装备,时代在线
2020-11-23,上海涂镀早讯：稳中调整,百川盈孚
2020-11-23,中晶环境 ：构建钢铁行业烟气污染物资源化利用体系 推动钢铁工业绿色低碳高质量发展,北极星电力
2020-11-23,6家钢铁上市公司环境责任信息披露评价达到3星半以上级别,中国冶金报社
2020-11-23,北向资金一周动向盘点：净买入55.1亿元，重点加仓“周期”,Wind
2020-11-23,中冶京诚再承接“行业之最”项目,北京商报
2020-11-22,【国君钢铁高端材料】本轮钢铁股上涨的本质是Alpha,鹏飞论钢
2020-11-22,钢铁行业周报：钢价续创年内新高 预计将高位震荡,新浪
2020-11-20,中冶京诚签订最宽不锈钢热轧加热炉总承包工程,中国冶金报社
2020-11-20,武钢有限近3年投49亿元开展污染治理攻坚,兰格钢铁网
2020-11-20,韶钢松山：公司控股股东名称发生变更,Wind
2020-11-20,韶钢松山(000717.SZ)：控股股东更名为“宝武集团中南钢铁有限公司”,格隆汇
2020-11-20,国信证券：钢铁板块投资可优选业绩确定性高的个股（附股）,证券时报网
2020-11-20,钢铁行业2021年投资策略：追寻不确定中的确定,国信研究
2020-11-19,刘芹没准快“大成”了,投中网
2020-11-18,用煤不见煤、用矿不见矿、运料不见料 封闭式环保料场如何“炼成”？,中国网
2020-11-18,RCEP签订助力人民币国际化提速，海外对冲基金持续加码多头,21世纪经济报道
2020-11-17,耐磨钢板产销现状如何？2020耐磨钢板行业发展前景及市场投资规模分析,中研网
2020-11-17,钢铁行业10月经济数据点评：正视需求韧性 审视长期影响,新浪
2020-11-17,2020年10月钢铁行业数据点评：供需基本面改善 库存加速去化,新浪
2020-11-17,钢铁行业一周重点数据一览表,新浪
2020-11-17,华泰证券：2021年看好上游原料及高端钢铁制造两条主线,证券时报网
2020-11-17,中泰证券：短期基本面偏强 关注滞涨钢铁股（附股）,证券时报网
2020-11-16,【中泰金属】钢铁行业10月数据点评——需求再度走强,钢铁俱乐部
2020-11-16,有色金属行业报告：补库周期或带动铜价向上弹性放大 金价仍将受益于通胀及对冲交易,新浪
2020-11-16,实现“无人化”！全球最大封闭式环保料场助力高质量发展,北极星节能
2020-11-16,生意社：库存稳步消化 彩涂板卷高位运行,生意社
2020-11-16,基础化工周期行业数据周报：(第四十六周),新浪
2020-11-16,宝钢股份专业化整合首次向合资企业延伸，涉磨辊业务,澎湃新闻
2020-11-16,平煤股份：焦炭价格明显上涨，行情或将进一步持续,Wind
2020-11-16,上海涂镀早讯：稳中坚挺,百川盈孚
2020-11-15,【国君钢铁|周策略】需求再超预期，继续看好四季度行情,鹏飞论钢
2020-11-15,【中泰交运建筑】中钢国际深度报告：国改先锋，开启发展新里程,星空财富
2020-11-14,扬子江船业与宝钢航运签订2艘59000吨散货船合同,国际船舶
2020-11-13,中国钢铁业：十四五规划带来机遇,新浪
2020-11-13,兰格冷轧板卷周盘点（11.13）：市场价格大幅上涨 整体市场成交一般,兰格钢铁网
2020-11-13,先气化长江后氢化长江？宝武集团LNG罐箱首次海江联运抵武汉！,中国燃气网
2020-11-12,【国君钢铁|数据快评】需求继续超出市场预期，优选龙头,鹏飞论钢
2020-11-12,美畅股份(300861.SZ)拟2877.38万元收购宝美升41%股权,格隆汇
2020-11-12,华宝信托迎来新任董事长，“争创行业一流”管理目标落地,信托百佬汇
2020-11-12,兰格冷轧板卷日盘点（11.12）：价格基本持稳 市场成交一般,兰格钢铁网
2020-11-12,《鋼鐵股》中鋼 12月內銷盤價漲定了,Yahoo
2020-11-12,宝钢股份(600019)：连续第7个月上调出厂价,新浪
2020-11-12,博亚精工客户集中供应商不省心，产能充足募资扩产消化或存疑,云掌财经
2020-11-12,【国信计算机】计算机行业2020年三季报点评：鸿蒙2.0生态初现，计算机逢低介入,国信计算机
2020-11-12,港股科网股打85折，A股风格大切换！发生了什么,Wind
2020-11-11,材料行业周报：需求向好延续 关注钢材库存去化节奏,新浪
2020-11-11,A股风格大切换！顺周期品种逆势走强，北上资金提前部署,Wind
2020-11-11,【研报掘金】钢铁板块有望在四季度迎来业绩估值双升 当下正是布局良机,证券时报网
2020-11-11,证金汇金同时连续21季重仓股揭秘,证券时报网
2020-11-10,华菱钢铁：为什么业绩环比改善弱于宝钢？,兰格钢铁网
2020-11-10,宝钢二号高炉顺利送风烘炉,我的钢铁
2020-11-10,陆股通减仓幅度排行榜（附股）,证券时报网
2020-11-10,再现抢货潮！黑色系产业链“这个冬天不太冷”,中证报
2020-11-10,【东吴晨报1112】【固收】【个股】万里扬、环旭电子、先导智能、青鸟消防、亿帆医药、宝钢股份,东吴研究所
2020-11-09,宝钢湛江钢铁公司广东价格违法遭罚 多收环保电价款,中国经济网
2020-11-09,西门子与宝信软件在第三届进博会上签署战略合作协议,中自网
2020-11-09,北向资金买买买，“跨年行情”这就来了？,中证报
2020-11-09,上海涂镀早讯：稳中上行,百川盈孚
2020-11-09,布局皖西？中国宝武部署建设宝武霍邱新材料产业园,兰格钢铁网
2020-11-08,【国君钢铁 |周策略】需求超预期，四季度行情有望继续演绎,鹏飞论钢
2020-11-07,北向资金抢筹机构乐观看待后市,中证报
2020-11-07,北向资金抢筹加仓顺周期 家电和汽车股比翼齐飞,中证网
2020-11-06,北向资金本周加仓超210亿元 这10只股票最受捧,中证报
2020-11-06,我国5G基站超40万个 5G快速进入我们的生活,互联网协会
2020-11-06,钢铁行业2020年三季报总结：Q3普钢企业归母净利同环比上行,新浪
2020-11-06,钢铁股逆市走高，机构建议关注特钢龙头,第一财经
2020-11-06,材料行业日报：关注焦炭新旧产能更替对供给的影响,新浪
2020-11-06,世界500强企业共话“大家的市场”,光明日报
2020-11-06,施耐德电气全球执行副总裁、中国区总裁尹正：进博会承载着企业对市场活力的期待,光明日报
2020-11-05,宝信点评(600845)：并购飞马智科 宝武集团持续兑现强赋能,新浪
2020-11-05,钢铁行业周报：汽车用钢需求复苏 建议关注板材标的,华安证券
2020-11-05,宝钢股份(600019)：冷轧价格上涨推动三季度业绩超预期,光大证券
2020-11-05,华菱钢铁冲击涨停、宝钢股份涨约7%，钢铁板块连续拉升,Wind
2020-11-05,6公司获得增持评级-更新中,中财网
2020-11-05,钢铁板块快速拉升，钢价表现坚挺，关注估值修复,第一财经
2020-11-05,上海涂镀早讯：微幅向上,百川盈孚
2020-11-05,施耐德电气全球执行副总裁：非常看好中国的数字经济前景,澎湃新闻
2020-11-04,海外信用评级汇总2020年11月4日星期三,Wind
2020-11-04,宝钢股份(600019)：受益于汽车复苏 Q3业绩改善显着,新浪
2020-11-04,惠誉：确认宝武和宝钢股份评级为“A”，展望稳定,Wind
2020-11-04,世界钢铁工业发展的新趋势新特征,兰格钢铁网
2020-11-03,钢铁行业2020年三季度点评：制造业需求加速回暖 板材企业盈利明显增长,新浪
2020-11-03,宝钢股份(600019)2020年三季报点评：三季度利润环比大增 盈利仍有修复空间,新浪
2020-11-03,37公司获得增持评级-更新中,中财网
2020-11-03,国内硅钢市场价格稳中运行,百川盈孚
2020-11-03,【中泰金属】Q3盈利环比改善-钢铁行业2020年三季报总结,钢铁俱乐部
2020-11-03,上海硅钢市场早讯：维稳运行,百川盈孚
2020-11-03,A股早报2020年11月3日星期二,Wind
2020-11-02,钢铁行业2020年11月投资策略：供需格局环比稳中改善 关注环保限产政策,广发证券
2020-11-02,东吴证券：10月金股组合盈利11.48% 11月荐股名单出炉,新浪
2020-11-02,中国移动携手中兴通讯等发布《5G+工业互联网安全白皮书》,Wind
2020-11-02,三元股份旗下乳企担心污水排放超标 暗自稀释被查处 其他违规处罚,每日经济新闻
2020-11-02,上海涂镀早讯：主稳个调,百川盈孚
2020-11-02,这些年基金重仓股，谁是“匆匆过客”、谁是“定海神针”,中证报
2020-11-02,宝钢股份：2021年板材市场面临较大挑战,兰格钢铁网
2020-11-02,珠江啤酒旗下技改项目未过环评关：无总量指标确认书,每日经济新闻
2020-11-02,【策略*陈李】东吴证券月度策略及金股组合——宽幅震荡，聚焦龙头,东吴研究所
2020-11-02,宝钢股份：三季度利润环比增幅51%，盐城项目尚无实质进展,澎湃新闻
2020-11-02,这些年基金重仓股谁是“匆匆过客”谁是“定海神针”,中证网
2020-11-02,“全球工业天团”缘何齐聚进博会？听听他们怎么说,上观
2020-11-01,【国君钢铁 |周策略】需求持续强势，金秋行情有望继续演绎,鹏飞论钢
2020-11-01,宝钢股份：中国宝武盐城项目仍处于研究等待阶段，目前尚无实质性进展！,中国冶金报社
2020-11-01,宝钢股份可能剥离部分非核心业务丨今日钢铁财经资讯速览,中国冶金报社
2020-11-01,5G商用一周年，上海电信秀出四大“5G力量”,澎湃新闻
2020-11-01,宝钢股份(600019)：三季度业绩环比增56% 上调盈利预测,新浪
2020-10-31,A股绿色周报｜中国中冶第5次登环境风险榜，三元股份旗下乳企领百万罚单,每日经济新闻
2020-10-31,【国君钢铁|宝钢股份】价利齐升，Q3业绩超预期,鹏飞论钢
2020-10-31,宝钢包装：大力推进创新业务发展,中证报
2020-10-31,110余家公司第三季度净赚超10亿元,Wind
2020-10-30,宝武“托管”中钢：中国钢铁航母加速兼并,经济观察网
2020-10-30,宝钢股份三季度业绩网上说明会核心纪要：盐城项目尚无实质性进展，力争未来在海外布局方面取得突破,不止是钢货
2020-10-30,【重磅|深度，开源煤炭&石化】淮北矿业：低估值高股息焦煤龙头，新业务贡献增长极,能源观察站
2020-10-30,宝信软件(600845)：收购飞马智科 软件信息化份额持续提升,新浪
2020-10-30,【中泰金属|公司点评】宝钢股份-Q3归母净利几近Q1和Q2之和,钢铁俱乐部
2020-10-30,宝信软件(600845)重大事项点评：拟收购马钢旗下信息化公司 行业整合实现业务拓展,新浪
2020-10-30,【招商通信余俊团队】宝信软件（600845）拟收购飞马智科部分股权，信息化业务整合加速,俊Sir通信研究
2020-10-30,上海涂镀早讯：微幅向上,百川盈孚
2020-10-30,[路演]宝钢股份：积极推动中长期能够给公司和股东带来协同效应和价值创造的并购重组,全景网
2020-10-30,云海金属(002182)：三季度扣非净利润恢复正增长 看好未来与宝钢深度协同合作,新浪
2020-10-30,[路演]宝钢股份：上市以来公司累计分红比例在50%以上,全景网
2020-10-30,[路演]宝钢股份：宝钢已为特斯拉在上海的工厂正式供货,全景网
2020-10-30,[路演]宝钢股份：会把握目前板材市场需求较好的时机,全景网
2020-10-30,宝钢股份前三季度实现净利78.59亿元,我的钢铁
2020-10-30,宝钢股份：前三季度净利润为78.59亿元,中华商务网
2020-10-30,【中证盘前】蚂蚁集团网上申购金额创A股新高；中石油三季度日赚超4亿；十四部门印发扩内需促消费方案；蔚来股价创新高,中证报
2020-10-29,【国君通信|公司深度】宝信软件：深耕智慧制造和工业互联网，IDC业务开启新周期,程风信语
2020-10-29,宝信软件(600845)：IDC／智能制造长效驱动 盈利能力持续攀升,新浪
2020-10-29,宝钢股份经营业绩持续提升 三季度利润总额环比增幅 51%,上海有色
2020-10-29,宝钢股份(600019.SH)前三季度净利润降12.86%至78.59亿元 盈利能力下降,格隆汇
2020-10-29,宝钢股份：第三季度利润总额53.1亿元 环比增51%,e公司
2020-10-29,宝钢股份：前三季度净利润同比减少12.86% 盈利能力下降,Wind
2020-10-29,工业经济研究：产能利用率较充分，行业集中度现分化,华西证券
2020-10-29,国内硅钢市场价格持稳观望,百川盈孚
2020-10-29,晨光文具(603899)：Q3传统零售表现亮眼 继续稳步前行,新浪
2020-10-29,背靠国务院国资委，欧冶云商申请上市辅导验收,资本邦
2020-10-29,上海硅钢市场早讯：稳中运行,百川盈孚
2020-10-29,【中泰金属|公司点评】八一钢铁-Q3疫情对公司影响明显,钢铁俱乐部
2020-10-29,钢铁行业：供需矛盾累积,财富动力网
2020-10-29,钢铁行业如何洗牌正在揭晓,财富动力网
2020-10-28,宝信软件(600845)：IDC业务扩张带来机会 全年业绩高增长可期,西南证券
2020-10-28,高端产品不断打破垄断，上海加速迈向全球卓越制造基地,上观
2020-10-28,上汽通用五菱掌握热成型超高强钢技术,中国财富网
2020-10-28,中钢协肯定中国宝武托管中钢 呼吁钢铁行业加快兼并重组,兰格钢铁网
2020-10-28,钢企三季度业绩加速回暖，降本增效应对原材料涨价压力,Wind
2020-10-27,【中泰金属】供需矛盾累积-钢铁行业冬季展望,钢铁俱乐部
2020-10-26,中泰周期大宗指南第20期：周期品周度运行变化,新浪
2020-10-26,沙钢转型IDC：重组四年遇新变数 A股难再现“宝钢+宝信”,新浪
2020-10-26,上海5G基站数占全国20.19%，全国第一领跑全球,Wind
2020-10-26,中国钢铁工业协会三季度信息发布会答记者问,中钢协
2020-10-26,宝钢股份炼铁厂高炉利用系数稳步提升,兰格钢铁网
2020-10-26,上海涂镀早讯：稳中观望,百川盈孚
2020-10-26,宝钢股份(600019)：汽车板龙头 底部反转,新浪
2020-10-25,【国君钢铁|周策略】需求强势，继续看好金秋行情,鹏飞论钢
2020-10-24,Mysteel：从新能源汽车看用钢变化,我的钢铁
2020-10-24,转型升级系列之二：钢铁与“互联网+”：政策、资金、能耗和土地储备共铸“钢铁+IDC”基石,广发证券
2020-10-23,宝钢包装收购案被否：标的业绩承诺不如现在营收水平 并购重组异常,新浪
2020-10-23,云海金属(002182)：销量增长致2020年Q3归母净利环比增长26％,新浪
2020-10-23,快速响应！宝钢股份紧急保供香港新冠疫情隔离病房项目,兰格钢铁网
2020-10-23,云海金属(002182)：镁价下行拖累业绩增速 全产业链优势体现 盈利能力下降,新浪
2020-10-22,宝钢股份今日大宗交易成交45万股，成交价5.68元溢价9.23%,Wind
2020-10-22,宝钢股份现1笔大宗交易 共成交255.60万元,新浪
2020-10-22,宝钢股份全球首创“无缝钢管在线控冷技术”,兰格钢铁网
2020-10-22,铸炼民族品牌钢铁脊梁，上汽通用五菱在国内率先掌握应用超高强度零部件技术,和讯
2020-10-22,上海涂镀早讯：微幅向上,百川盈孚
2020-10-22,华菱转2：变革向上的华中最大钢企，建议积极申购,睿哲固收研究
2020-10-21,中国短期融资券及中期票据信用分析周报,新浪
2020-10-21,有色金属周报：工业数据走强提振铜需求 持续看好钴锂价格回暖,新浪
2020-10-21,从中国宝武兼并重组说开去,中国冶金报
2020-10-20,宝钢股份2020年11月份碳钢内销价格政策,生意社
2020-10-20,上海涂镀早讯：稳中有涨,百川盈孚
2020-10-19,钢铁周报：关注锂电业务被低估的永兴材料以及受益于汽车复苏的宝钢股份,新浪
2020-10-19,材料行业周报：业绩改善确定性强 周期板块表现较好,新浪
2020-10-18,宝武集团董事长：大力推进混改，三年内一级子公司全上市,Wind
2020-10-17,钢铁行业周报：钢铁需求预期上调 或支撑螺纹钢走势,新浪
2020-10-17,A股绿色周报｜6家央企上市公司登环境风险榜 宝钢股份子公司超标排放被罚,每日经济新闻
2020-10-16,钢铁行业：十月金秋 需求启动,新浪
2020-10-16,明年全球钢铁需求或增长4.1%，机构看好板块金秋行情,第一财经
2020-10-16,三大气体巨头在中国的布局,北极星电力
2020-10-16,大科激光万瓦激光器产线投产 立足长沙迎来发展新阶段,Ofweek
2020-10-16,宝钢股份：未计划出售下属软件公司股票,Wind
2020-10-16,宝钢股份：三季度出口有一定程度受到国外疫情影响,Wind
2020-10-15,宝信软件(600845)2020Q3业绩预增公告点评：IDC与信息化双轮驱动 Q3业绩大幅增长,新浪
2020-10-15,《鋼鐵股》河靜鋼 逆勢調降12月盤價,Yahoo
2020-10-15,上海涂镀早讯：稳中偏弱,百川盈孚
2020-10-15,宝钢股份五大全新部门统领四基地钢铁主工序发展,上海有色
2020-10-15,中国宝武下一个重组对象是谁？,华夏时报
2020-10-14,中国短期融资券及中期票据信用分析周报,新浪
2020-10-14,Mysteel午报：钢价局部下跌，铁矿领跌黑色系,我的钢铁
2020-10-14,上海涂镀早讯：小幅向上,百川盈孚
2020-10-14,中国宝武拟托管中钢集团，谁是下一个重组对象,华夏时报
2020-10-14,21股获买入评级 最新:小熊电器,中财网
2020-10-14,A股史上最大回购要来？格力能否重回“一哥”地位,券商中国
2020-10-13,宝钢股份借鉴“军种+战区”管理模式,友爱的宝武
2020-10-13,Mysteel：针对热冷镀区域&品种价差的一些思考,我的钢铁
2020-10-13,钢铁周报：中钢11月最新盘价看涨,新浪
2020-10-12,《鋼鐵股》中鋼、中鴻盤價續看漲 Q4營運有利,Yahoo
2020-10-12,【天风有色杨诚笑团队】小金属：车企排产提升，新能源车市场预期回暖,笑看有色
2020-10-12,上海硅钢市场早讯：稳中整理,百川盈孚
2020-10-12,商务部公布明年到期的反倾销措施名单|今日钢铁财经资讯速览,中国冶金报社
2020-10-12,宝钢中标中俄东线天然气管道南段工程 北段中段供货46万吨,管道商务网
2020-10-11,【国君钢铁|周策略】十月金秋，行情可期,鹏飞论钢
2020-10-11,钢铁行业：十月金秋 行情可期,新浪
2020-10-11,淡马锡特设多元策略资管集团，管理超3700亿资产,券商中国
2020-10-10,深圳市市场监督管理局：1批次钢筋产品抽查不合格 产品问题,质量新闻网
2020-10-10,钢铁行业周报：Q3冷轧毛利环比增幅最大,新浪
2020-10-09,钢铁行业月报：今冬或拉尼娜 继续看多动力煤价,新浪
2020-10-09,钢铁行业2020年10月投资策略：钢材供需环比继续改善 关注环保限产进展,广发证券
2020-10-09,上海涂镀早讯：稳中有强,百川盈孚
2020-10-09,宝武集团下一个并购目标大猜想：或将不再重组以汽车板为主业的钢企，和山钢具有一定的互补性，会考虑其他国有钢厂的产品特点,不止是钢货
2020-10-08,耐磨钢板市场应用现状 2020耐磨钢板行业未来投资前景及规模预测,中研网
2020-10-08,2020耐磨钢板产业企业竞争及未来发展方向,百度
2020-10-08,Mysteel：国庆节期间全国主要市场冷轧镀锌品种运行情况概览,我的钢铁
2020-10-08,钢铁行业2020Q3业绩前瞻：矿价高位侵蚀普钢 特钢略胜一筹,新浪
2020-10-07,钢铁工业用水、节水现状,北极星节能
2020-10-06,钢铁行业20Q3业绩前瞻：Q3板材钢企盈利或好于长材钢企，维持“增持”评级,华泰证券
2020-10-02,钢铁行业：Q3板材钢企盈利或好于长材钢企,云掌财经
2020-09-30,宝钢股份：积极探讨市值管理的举措和影响,第一财经
2020-09-30,【中金固收·信用】中国短期融资券及中期票据信用分析周报 20200422,中金固定收益研究
2020-09-29,宝信软件(600845)：工业信息化和IDC双轮驱动 业绩实现稳健增长,新浪
2020-09-29,钢铁行业20Q3业绩前瞻：Q3板材钢企盈利或好于长材钢企,新浪
2020-09-29,能源柔性 开启“可再生能源+”发展新模式,金风科技
2020-09-29,重庆国际交通轻量化展览会10月举办,中国有色
2020-09-28,有色金属一周回顾：无钴电池仍遥不可及 看好铜钴,新浪
2020-09-28,国企三年行动方案公布在即，好戏在后头,Wind
2020-09-28,钢铁巨头安赛乐米塔尔或14亿美元出售其美国资产 资产异常,电缆网
2020-09-28,陕晋川甘建筑钢企达成自律减产共识|今日钢铁财经资讯速览,中国冶金报社
2020-09-28,福然德IPO发行网上有效申购超7000倍 三季度业绩有望回暖,产业经济新闻网
2020-09-27,【国君钢铁|周策略】继续看好金秋行情,鹏飞论钢
2020-09-27,钢铁行业跟踪周报：行业基本面平稳,新浪
2020-09-27,大宗指南：周期品周度运行变化,新浪
2020-09-27,钢铁行业：继续看好金秋行情,新浪
2020-09-27,钢铁行业周报：钢铁股还能否借“风格切换”东风？,新浪
2020-09-27,品牌联盟董事长王永为武钢集团讲授《品牌，基业长青的秘密》课程,新浪
2020-09-27,上海涂镀早讯：暂稳运行,百川盈孚
2020-09-27,钢铁行业一周重点数据一览表,新浪
2020-09-26,如何做到不违规？《静静说IR》为你呈现,全景网
2020-09-26,湛江钢铁党政一把手变动：刘代德由总经理升任董事长，新任总经理陈云鹏曾长期担任宝钢股份冷轧厂厂长,不止是钢货
2020-09-25,【民生计算机|周观点】赋能金融+融合B端，看好蚂蚁Fintech生态发展,MS计算机
2020-09-25,宝钢自主研发的双面不锈钢轧制复合板首次成功运用于煤气管道,上海有色
2020-09-24,湛江钢铁1号高炉核心技经指标：吨钢投资5100元、吨钢成本低于对标厂428元，人均年产钢目标2000吨,不止是钢货
2020-09-23,宝钢股份宝山基地三大品种8月超产近8000吨,兰格钢铁网
2020-09-23,优质工具钢市场需求 2020优质工具钢行业竞争现状及市场投资前景分析,中研网
2020-09-23,有色金属周报：下游电动车产销数据亮眼 锂价有望筑底回升,新浪
2020-09-22,硅铁市场稳中稍显利好,百川盈孚
2020-09-22,材料行业日报：钢材去库偏慢引发需求担忧矿价或回到100美金,新浪
2020-09-22,马钢股份拟与关联方、电商平台共同构建钢铁生态交易圈,中国证券网
2020-09-21,马鞍山钢铁股份(00323)拟成立合资公司 整合内部工业品相关资源,智通财经
2020-09-21,宝钢股份董事长率30人赴华菱集团调研交流，此前曾在方大特钢对标,不止是钢货
2020-09-21,睿璞投资蔡海洪：渴望收益，更渴望用最可持续的方式获取收益 | 好买臻选,新浪
2020-09-21,【公告抢先看】晚间重要公告：海澜之家未在南京设立半导体设备新公司、起步股份向辛选投资和张晓双转让股权,金融界
2020-09-21,八一钢铁(600581.SH)拟与八家公司共同投资设立工业品公司持股占比2%,格隆汇
2020-09-21,马钢股份(600808.SH)拟与八家公司共同投资设立工业品公司 持股占比11%,格隆汇
2020-09-21,【IDC圈一周最HOT】IDCC2020、阿里全浸没式液冷数据中心、宝钢大数据中心、全国用云增119%、第33批CDN牌照,中国IDC圈
2020-09-21,生意社：原料走弱 彩涂板卷高位盘整,生意社
2020-09-21,韶钢松山(000717.SZ)：拟出资2.4亿元与宝武集团、宝钢股份等共设合资公司 公司持股6%,格隆汇
2020-09-21,宝钢股份：参股设立欧冶工业品股份有限公司，注册资本40亿,Wind
2020-09-21,宝钢股份(600019.SH)拟与八家公司共同投资设立欧冶工业品 持股占比34%,格隆汇
2020-09-21,宝钢股份：参股设立欧冶工业品股份有限公司 注册资本40亿,e公司
2020-09-21,宝信软件(600845.SH)：拟与中国宝武、宝钢股份等设立欧冶工业品成为服务钢铁生态圈的第三方工业品智慧供应链集成服务平台,格隆汇
2020-09-21,上海涂镀早讯：主稳运行,百川盈孚
2020-09-21,钢铁行业周报：板块旺季行情有望持续演绎,新浪
2020-09-18,新型工业电商引领新生代互联网创新发展,中国电子报
2020-09-18,世界钢协：氢能在中国钢铁工业蓄势待发,我的钢铁
2020-09-17,【SMM专题】重庆钢铁易主中国宝武 “宝武系”钢企再添一员 控制人变化,上海有色
2020-09-17,材料行业日报：中国宝武成重钢实际控制人,新浪
2020-09-17,宝钢股份：三年左右建成覆盖多基地、架构完备的大数据中心,澎湃新闻
2020-09-17,董登新：中国股市30年光辉岁月,新浪
2020-09-16,欧冶云商牵手央企电商平台共谋发展,上证报
2020-09-16,中国短期融资券及中期票据信用分析周报,新浪
2020-09-16,这家工厂竟然一个人也没有丨工业最前沿,第一财经
2020-09-16,钢铁-高温合金行业深度报告：需求持续增长 业绩释放前夜,新浪
2020-09-16,宝钢启动大数据中心建设,中证网
2020-09-16,沙钢股份闪崩跌停，一家有着高科技理想的钢铁企业,Wind
2020-09-16,钢材市场“金九银十”比预期来的晚,兰格钢铁网
2020-09-16,“金九银十”比预期更晚，铁矿石走弱，钢铁板块怎么样了？,第一财经
2020-09-16,2020耐磨钢板行业投资风险及市场总体规模分析,中研网
2020-09-16,钢铁8月数据：需求增速回落,新浪
2020-09-16,又是萝卜章！1.8亿信托计划底层资产竟是假合同！虚假收益权被转手3次,21世纪经济报道
2020-09-16,1.8亿信托计划惊现虚假底层资产，供应链金融为何屡现萝卜章？ 欺诈造假,Wind
2020-09-15,钢铁行业点评：板强长弱延续 看好基建用钢表现,新浪
2020-09-15,【行业专题】耐火材料：迈入存量博弈，龙头开启变革大时代,鲍大侠之建材
2020-09-15,上海涂镀早讯：主稳运行,百川盈孚
2020-09-15,钢铁行业周报：宝钢继续上调10月板材价格,新浪
2020-09-15,钢铁行业周报：钢铁产业集中度逐渐提升 实现高质量发展,华安证券
2020-09-14,有色金属行业一周回顾：8月国内社融超预期 看好铜钴,新浪
2020-09-14,湛江钢铁：打造世界最高效率的绿色碳钢制造基地！,中国冶金报社
2020-09-14,上海涂镀早讯：震荡调整,百川盈孚
2020-09-13,武钢有限党政一把手相继变动：吴小弟接替刘安任执行董事、湛钢副总敖爱国履新主持工作的副总 董监高成员变化,不止是钢货
2020-09-13,A股绿色周报｜28家上市公司暴露环境风险，6.67亿投资项目迈过环评关,每日经济新闻
2020-09-13,【国君钢铁周策略】看好板块行情持续演绎,鹏飞论钢
2020-09-13,【兴证计算机】海外研究系列之云平台 —— Microsoft Azure,兴业计算机团队
2020-09-12,2020年中国无缝钢管行业市场竞争格局及发展前景分析 未来市场集中度将进一步提升,前瞻研究院
2020-09-11,宝钢股份董事长率七大部分赴方大特钢：开展对标找差学习交流,不止是钢货
2020-09-11,国内硅钢市场价格主流拉涨,百川盈孚
2020-09-11,上海硅钢市场早讯：小幅上涨,百川盈孚
2020-09-11,【国金晨讯】风华高科深度、八一钢铁深度、宝钢股份深度、甘源食品深度、农夫山泉深度、休闲食品行业深度,国金证券研究所
2020-09-10,（上市公司人事）国芳集团副总经理刘安辞职 董监高成员变化,中国经济网
2020-09-10,材料行业日报：钢材短期表需偏弱或多源自表外供应冲击,新浪
2020-09-10,宝钢热轧上涨50，建材钢厂扩大减产，钢价下跌空间有限,我的钢铁
2020-09-10,兰格涂镀板卷日盘点（9.10）： 涂镀价格稳中趋弱 市场成交清淡,兰格钢铁网
2020-09-10,兰格冷轧板卷日盘点（9.10）：价格稳中下调 需求采购一般,兰格钢铁网
2020-09-10,宝钢股份：公司副总经理辞职 董监高成员变化,Wind
2020-09-10,关于“全国重点大型耗能钢铁生产设备节能降耗对标竞赛”2019年度评审结果的公示,中钢协
2020-09-10,钢铁生产设备节能降耗“冠军炉”名单出台,兰格钢铁网
2020-09-10,宝钢二号高炉大修改造工程正式停炉大修,生意社
2020-09-10,宝钢二号高炉大修改造工程正式停炉大修,中国网
2020-09-10,兴讲堂：钢铁企业信用分析框架（PART3）,兴业研究
2020-09-09,武钢有限重大人事变动：吴小弟任党委书记、执行董事 董监高成员变化,不止是钢货
2020-09-09,对标！2019年国内最牛的烧结机、高炉、转炉！,中钢协
2020-09-09,打新了！今天6只新股齐发，中一签或赚10万,中国基金报
2020-09-08,宝钢股份现1笔大宗交易 共成交645.60万元,新浪
2020-09-08,宝钢股份今日大宗交易成交120万股，成交价5.38元溢价6.53%,Wind
2020-09-08,有色金属行业2020年半年报总结：Q2有色板块业绩回暖 关注黄金股及军工材料股业绩兑现,新浪
2020-09-08,睿璞投资蔡海洪：渴望收益，更渴望用最可持续的方式获取收益,新浪
2020-09-08,宝武集团鄂城钢铁总裁、党委副书记赖晓敏一行到方大九钢走访交流,兰格钢铁网
2020-09-08,宝钢股份成功研制霞浦核电蒸发器用钢板,兰格钢铁网
2020-09-08,有色金属一周回顾：铜钴价格有望上涨 重视周期成长龙头,新浪
2020-09-08,材料行业日报：钢铁板块表现相对抗跌,新浪
2020-09-08,鲁宝钢管顺利签约搬迁 以实际行动支持幸福新城建设,管道商务网
2020-09-08,关注！宝湛、太钢、昆钢、德龙等11家钢企建设项目进展汇总,中国冶金报社
2020-09-07,国君周知 | 中报季收官，逾百家公司上调目标价,金衍君
2020-09-07,燃气市场新闻－燃气市场动态,国际燃气网
2020-09-07,宝钢成功试制新一代核电关键设备蒸发器用钢板,友爱的宝武
2020-09-07,燃气发电新闻－燃气发电动态,国际燃气网
2020-09-07,上海涂镀早讯：稳中调整,百川盈孚
2020-09-06,“超级打新周”又来了！或有单签盈利十万“肉签”,上证报
2020-09-05,钢铁发债集团中报总结：净利润下滑38%，近一半企业亏损；华菱集团在归母净利和总资产回报率两项指标均排行业第一 亏损,不止是钢货
2020-09-05,环保技术让企业生产“不下线”——一家环保替代技术企业的“妙手回春”技,新华网
2020-09-05,钢铁行业周报：建筑钢材需求放量 冷卷延续强势表现,新浪
2020-09-05,“金九银十”来临，钢铁市场向好,Wind
2020-09-05,“金九银十”来临钢铁市场向好,中证报
2020-09-04,卧龙电驱与宝钢股份战略合作,中国证券网
2020-09-04,宝钢股份：牵头建立覆膜铁国家标准,兰格钢铁网
2020-09-04,钢铁、煤炭行业月报(2020年8月)：卷板利润修复 推荐宝钢股份等,新浪
2020-09-04,钢铁行业月报：海外需求复苏 制造业回暖带动板材订单回升,新浪
2020-09-04,加快推进改革，提高国企资源配置效率,第一财经
2020-09-04,创业板注册制首月全覆盖 赛事更加跌宕起伏,南方财经网
2020-09-03,材料行业日报：营收稳健钢铁等周期板块表现抗跌,新浪
2020-09-03,两大化工央企融合加速 本轮国企改革 强调“专业化重组”,21世纪经济报道
2020-09-02,"宝钢股份现1笔大宗交易 共成交4,513.60万元",新浪
2020-09-02,新一代核电关键设备蒸发器用钢板 宝钢制造,兰格钢铁网
2020-09-02,河钢构建“闭环”氢能新生态的启示,新能源网
2020-09-02,上海涂镀早讯：高位运行,百川盈孚
2020-09-02,外资二季末操盘曝光：QFII新进152股，乐普医疗最受捧,澎湃新闻
2020-09-01,9月钢市开门红宝钢板材最高上调400元/吨,格隆汇
2020-09-01,上海涂镀早讯：稳中偏强,百川盈孚
2020-09-01,需求回暖印度钢铁企业盈利能力改善,兰格钢铁网
2020-09-01,企业扶贫一马当先,北京商报
2020-09-01,金风科技武钢：保能源安全、保产业链稳定可再生能源企业应担当,中国能源网china5e
2020-09-01,有色金属一周回顾：看好钴价上涨 锂重视海外龙头 继续推荐周期成长个股,新浪
2020-08-31,【中泰金属】盈利同比继续下滑-钢铁行业2020年半年报总结 盈利能力下降,钢铁俱乐部
2020-08-31,宝钢股份(600019)2020年中报点评：上半年产销略下滑 Q2经营明显改善 盈利能力下降,新浪
2020-08-31,“金九银十”旺季强预期，钢铁产能有望小幅爆发，上市公司盈利整体改善,证券时报网
2020-08-29,"宝武耐材A股上市平台诞生：瑞泰科技大股东拟由中建材变更为中国宝武，目标三年营收翻番至百亿元、五年成为世界级的耐材企业
控制人变化",不止是钢货
2020-08-29,以史为鉴，当前时点买银行地产，还是中小创？,中国基金报
2020-08-29,以史为鉴，当前时点买银地保还是中小创？这份优质周期龙头名单收好，北上资金已潜伏它们,证券时报
2020-08-29,策略 | 那些年，我们经历的“牛市补涨”,广发香港
2020-08-29,李伏安评民间借贷利率新政：制定政策时要认清小微企业基本规律,新浪
2020-08-29,李伏安：中小企业是“交易型模式” 免税期到了就关店,新浪
2020-08-28,宝钢盐城项目最新进展：已将长材、连铸等可研工作委托给中冶京城,不止是钢货
2020-08-28,12张图纵览外资A股持仓，高盛、小摩、领航重仓名单全披露,Wind
2020-08-28,铁矿石领衔原材料涨价 上市钢企上半年多数业绩同比下滑 盈利能力下降,每日经济新闻
2020-08-28,[路演]宝钢股份：下半年冷轧产品需求上升将对业绩形成支撑,全景网
2020-08-28,[路演]宝钢股份：公司冷轧板需求比较旺盛 三季度公司订单情况良好,全景网
2020-08-28,宝钢股份：已经为特斯拉正式供货,Wind
2020-08-28,[路演]宝钢股份：上半年克服困难生产稳定 下半年努力高产稳产,全景网
2020-08-28,[路演]宝钢股份：多重因素导致公司股价走势疲弱,全景网
2020-08-28,[路演]宝钢股份：积极推进智能制造新技术的试点探索与数字化转型,全景网
2020-08-28,【上市公司】上半年宝钢股份业绩下降超三成 盈利能力下降,兰格钢铁网
2020-08-28,融资客青睐10股，新华传媒买入占比高达40.31%,Wind
2020-08-28,宝钢股份：上半年净利同比下降36.87% 盈利能力下降,中华商务网
2020-08-28,【中泰金属|公司点评】宝钢股份-需求恢复叠加成本削减，盈利表现较好,钢铁俱乐部
2020-08-28,【中泰金属|公司点评】八一钢铁-二季度疆内需求显著改善,钢铁俱乐部
2020-08-27,宝钢股份上半年：营收下滑7.8%，利润缘何大降36.8% 盈利能力下降,经济观察网
2020-08-27,【提前看】27日公告精选：巨头半年报扎堆披露！中国平安净赚687亿，中石油净亏300亿,e公司
2020-08-27,宝钢股份上半年实现净利润40亿元 预计铁矿石价格仍将高位运行,e公司
2020-08-27,宝钢股份上半年净利润40亿元，成本超进度削减36.5亿元,澎湃新闻
2020-08-27,公告点题｜8月27日这些公告有看头,第一财经
2020-08-27,宝钢股份：上半年净利润同比减少36.86% 盈利能力下降,Wind
2020-08-27,宝钢股份(600019.SH)：上半年净利同比降36.87%至40.02亿元 盈利能力下降,格隆汇
2020-08-27,宝钢股份：上半年净利同比下降36.87% 盈利能力下降,e公司
2020-08-27,B站业绩来了！一个季度亏损5.7亿，市值却堪比宝钢 亏损,中国基金报
2020-08-27,天柱搬迁、宝钢湛江等多个钢铁项目最新进展,我的钢铁
2020-08-26,企业扶贫一马当先,北京商报网
2020-08-26,金风科技与内蒙古电力集团签署战略合作协议,金风科技
2020-08-26,重庆钢铁(601005)：加入宝武 蜕变继续,新浪
2020-08-26,【中泰金属|公司点评】重庆钢铁-加入宝武，蜕变继续,钢铁俱乐部
2020-08-26,析微质造 智动未来-智能实验室现场演示会完美落幕,化工仪器网
2020-08-25,【广发策略】那些年，我们经历的“牛市补涨”——“轻问轻答”系列报告,广发策略研究
2020-08-25,Mysteel午报：钢价局部小涨，铁矿石期货持续下跌,我的钢铁
2020-08-25,上海涂镀早讯：稳中震荡,百川盈孚
2020-08-25,上海冷轧板卷市场价格早讯：稳中上行,百川盈孚
2020-08-25,柳钢股份拟斥资60亿增资控股广西钢铁 获其控制权,兰格钢铁网
2020-08-25,柳钢股份拟增资控股广西钢铁 增资后持股比例45.83%,新浪
2020-08-24,晨光文具(603899)：Q2各业务逐步恢复 精细化管理升级进一步夯实成长逻辑,新浪
2020-08-24,宝武集团并购太钢集团进一步整合中国钢铁行业,新浪
2020-08-24,中国恩菲设计的程潮选厂迁建工程通过竣工验收,中国有色
2020-08-24,有色金属一周回顾：新能源需求恢复 继续看好钴 重视周期成长,新浪
2020-08-24,宝信软件(600845)2020年中报点评：盈利能力提升 IDC与智能制造驱动长期成长,新浪
2020-08-24,武钢借助铁区一体化管控平台建“智慧钢厂”,长江日报
2020-08-24,有色周观点：坚守黄金 增配钴铜等复苏品种,新浪
2020-08-24,兰格视点：宝武兼并太钢形成不锈钢超级航母,兰格钢铁网
2020-08-24,中国宝武三重组亿吨钢铁巨无霸起航 或实控8家A股公司2019年盈利近200亿,长江商报
2020-08-24,中国宝武将间接控股太钢不锈 “亿吨宝武”呼之欲出,每日经济新闻
2020-08-23,【太平洋有色】继续坚守黄金，并增配钴铜等复苏品种 | 行业观点及高频数据跟踪,有色钢铁杨坤河
2020-08-22,钢铁业兼并重组时间窗口再开启 下一个是河钢和首钢？,新浪
2020-08-22,后中国建材时代：即将消失的几大水泥公司,中国水泥网
2020-08-22,李锦专栏 | 中国钢铁行业正开启“大钢企时代”,华夏时报
2020-08-22,钢铁业重组下一步：五年内集中度提升30%,经济观察网
2020-08-22,钢铁巨无霸再下一城！宝武重组太钢，不锈钢业务整合三种可能引人遐想,时代在线
2020-08-22,宝武集团与太钢联合重组 中国首个亿吨级钢铁集团将诞生,中证报
2020-08-22,钢铁行业点评：宝武重组太钢 亿吨钢企呼之欲出,新浪
2020-08-22,中国宝武重组太钢 亿吨级钢铁巨舰即将起航,中国经营网
2020-08-21,中国最大钢铁集团再度重组扩容 “亿吨宝武”呼之欲出,每日经济新闻
2020-08-21,兰格研究：宝武联合重组太钢 “亿吨钢铁航母”启航,兰格钢铁网
2020-08-21,交了百万罚款却不承认有环境违法 上市钢铁巨头们为何如此“任性”？ 环保处罚,每日经济新闻
2020-08-21,中国宝武与太钢集团实施联合重组 2020钢铁行业现状及前景分析,中研网
2020-08-21,宝钢股份重大人事变动：周学东升任党委副书记,不止是钢货
2020-08-21,重磅重组，又一千亿级企业将并入中国宝武,上观
2020-08-21,标普：中国钢铁企业业务状况、杠杆水平差距较大,Wind
2020-08-21,钢铁上市公司隐瞒了什么？,中国环境报
2020-08-20,武钢昆钢2500立方米高炉开建,中国冶金报
2020-08-20,Mysteel：2020年1-6月我国马口铁进出口情况浅析,我的钢铁
2020-08-20,上海涂镀早讯：坚挺运行,百川盈孚
2020-08-20,宝钢股份业绩出现拐点 旗下控股公司违规未信披？ 其他违规处罚,云掌财经
2020-08-20,宝信软件(600845)：中报业绩高增长 工业软件与IDC 不断取得突破,新浪
2020-08-19,中国短期融资券及中期票据信用分析周报,新浪
2020-08-19,中国前10家钢企粗钢产量集中度仅37%，兼并重组第三步怎么走？,Wind
2020-08-19,中国前10家钢企粗钢产量集中度仅37%，兼并重组第三步怎么走？,经济观察网
2020-08-19,2020年冷轧薄板市场发展现状如何？冷轧薄板市场供需格局分析预测,中研网
2020-08-18,材料行业日报：中报业绩陆续公布 特钢平稳普钢下滑 盈利能力下降,新浪
2020-08-18,宝城期货煤焦钢日报20200818：黑色金属延续强势,宝城期货
2020-08-18,2020上海企业百强榜出炉，上汽集团、宝武集团、交通银位列前三位,第一财经
2020-08-18,“上海制造”哪家强，刚刚发布的2020上海制造百强榜给出答案（附榜单）,上观
2020-08-18,“合康变频”技术推介会邯郸站圆满落幕,中自网
2020-08-18,上海涂镀早讯：小幅向上,百川盈孚
2020-08-17,当中小创科板的大佬们鸡贼一般地减持时，这些板块的英雄们却在增持！,新浪
2020-08-17,有色金属行业周报：布局九月旺季 继续推荐铝和钴,新浪
2020-08-17,上海涂镀早讯：稳中偏强,百川盈孚
2020-08-16,世界钢铁企业技术竞争力排名，中国企业挤入前三位,一德菁英汇
2020-08-16,钢铁行业周报：宝钢继续上调9月板材价格,新浪
2020-08-15,6.41万亿、增长30.3%！人民币在全球外汇储备占比创新高,中新网
2020-08-15,中国宝武重大事项：武钢耐材和瑞泰马钢的部分股权拟注入到中建材旗下的瑞泰科技,不止是钢货
2020-08-15,央行重磅报告发布！发展成熟的期货市场陆续引入境外交易者，人民币计价货币功能将有更多发展,期货日报
2020-08-15,人民币越来越国际范儿！在全球外汇储备占比创新高,中新网
2020-08-14,央行：境内钢铁企业铁矿石进口使用人民币结算不断取得进展,期货日报网
2020-08-14,首钢股份安阳钢铁河钢股份宝钢股份等环境信披不实在,新浪
2020-08-14,中冶京诚超低氮燃烧技术，从源头治理创收生态效益,中国冶金报社
2020-08-14,8月开门红喜杀钢贸商“金九银十”充满期待,经济导报
2020-08-12,兰格冷轧板卷日盘点（8.12）：价格高位盘整运行 整体市场成交缩量,兰格钢铁网
2020-08-12,中企与全球三大铁矿石供应商实现人民币跨境结算 花旗：2030年人民币将成全球第三大货币,国际金融报
2020-08-12,云海金属(002182)：宝钢金属战略增持6%股份 镁合金业务有望持续增长,新浪
2020-08-11,转型关键期，10家信托公司换帅！ 董监高成员变化,中证报
2020-08-11,尾盘跳水！期钢跌破3800，钢价会跟跌？,我的钢铁
2020-08-11,32公司获得增持评级-更新中,中财网
2020-08-11,宝钢金属进一步持股镁行业龙头云海金属，发展轻量化材料,澎湃新闻
2020-08-11,兰格冷轧板卷日盘点（8.11）：价格小幅上调 市场成交较差,兰格钢铁网
2020-08-11,国内硅钢市场价格继续上涨,百川盈孚
2020-08-11,钢矿早报：需求回升 今日关注社融数据,新浪
2020-08-11,上海硅钢市场早讯：小幅上涨,百川盈孚
2020-08-11,产能将超海螺水泥！“中国神泥”横空出世！,雪球
2020-08-11,陈德荣：宝钢股份要进行市值管理，要给投资者好的预期,不止是钢货
2020-08-10,Mysteel晚餐：宝钢板材大幅提价，废钢货紧价涨,我的钢铁
2020-08-10,宝钢上调200-400，钢材期货齐跌，钢价跟谁走？,我的钢铁
2020-08-10,共同开发光伏建筑钢材 中建材与宝武集团签署战略合作协议,中国建材集团
2020-08-10,宝武清能的氢电朋友圈,新能源网
2020-08-10,上海涂镀早讯：主稳个涨,百川盈孚
2020-08-09,IPO周报｜优客工场拟以SPAC方式Q3在美上市，小鹏汽车向着“造车新势力”第三股前进,和讯
2020-08-09,云锡与宝钢股份积极探索在绿色循环供应链、电商平台等领域合作,中国有色
2020-08-08,欧冶云商上市工作全面启动，或成国内首家上市钢铁电商,澎湃新闻
2020-08-08,年内9家信托公司换帅，大股东偏爱“自己人”扛大旗,Wind
2020-08-06,Mysteel调研：上海马口铁市场走访调研报告,我的钢铁
2020-08-06,钢铁行业一周重点数据一览表,新浪
2020-08-06,欧冶云商启动IPO：钢铁电商独角兽养成记,亿邦动力
2020-08-06,干勇：推进钢铁行业技术创新智能升级,兰格钢铁网
2020-08-05,福然德或未披露外协供应商关联关系，多家大客户同是主要供应商,新浪
2020-08-05,依米康中标马钢旗下公司数据中心机电项目,证券日报
2020-08-05,再次中标亿元数据中心项目订单 依米康信息数据领域优势显现,证券日报
2020-08-05,上海涂镀早讯：主稳个涨,百川盈孚
2020-08-05,如何深入推进兼并重组？,中国冶金报
2020-08-05,欧冶云商启动上市辅导：有望成为钢铁电商第一股,IPO早知道
2020-08-05,有色金属周报：实际利率持续下行 金价创历史记录,新浪
2020-08-04,材料行业日报：大湾区城轨规划落地 华南需求将进一步提振,新浪
2020-08-04,以众智之力扬起高质量发展之帆,钢铁新闻网
2020-08-04,中国宝武再出手！打造华东最大拆船产业基地 年可供应废钢300万吨,兰格钢铁网
2020-08-04,5家百亿元级私募二季度重仓股现身，布局15只个股持有市值逾20亿元,Wind
2020-08-03,宝钢股份：华宝投资累计增持约7671万股,每日经济新闻
2020-08-03,宝钢股份：控股股东累计增持0.34%股份,Wind
2020-08-03,宝钢股份(600019.SH)：华宝投资已累计增持A股7671.1403万股,格隆汇
2020-08-03,太重集团制造的全国最大转炉成套装置成功发运,中国机经网
2020-08-03,【SMM简评】上半年营收超预期 力拓加快西芒杜铁矿开发进程,上海有色
2020-08-03,上海涂镀早讯：偏强运行,百川盈孚
2020-08-02,宝武钢铁打造华东最大拆船产业基地,国际船舶
2020-07-31,5G智汇堂纪要：行业虚拟专网助力数字经济发展,新浪
2020-07-31,吴淞氢能产业园开园 毅镤科技作为首批企业正式签约入园,北极星电力
2020-07-30,宝钢股份发布大数据平台和营销数据域第一阶段功能,钢铁新闻网
2020-07-30,兰炭促进钢铁企业绿色转型,我的钢铁
2020-07-30,中国宝武钢铁进军分布式光伏投资领域,集邦新能源网
2020-07-29,钢铁行业周报：二季度公募基金钢铁股持仓比重环比回落,新浪
2020-07-29,宝钢股份高速铁路用耐腐蚀钢轨新品全球首发，填补国际空白,澎湃新闻
2020-07-29,中国宝武布局氢能：吴淞氢能产业园开园，宝武清能等签约入园,澎湃新闻
2020-07-29,宝钢造 助力我国深海勘探开采事业,兰格钢铁网
2020-07-29,武钢与宝武清能将联合开发光伏发电项目,钢铁新闻网
2020-07-29,材料行业日报：6月钢铁行业利润明显改善,新浪
2020-07-29,云海金属(002182)：业绩环比大幅改善 深加工初具规模,新浪
2020-07-28,Mysteel产经午报：钢价震荡偏弱 下半年钢铁行业展望,我的钢铁
2020-07-28,金属包装行业景气度持续提升 宝钢包装半年净利7500万增49%,长江有色
2020-07-28,策略｜大宗商品和相关股票联动性分析-20200728,中银期货研究
2020-07-27,Mysteel调研：不锈钢持续去库背后的原因,我的不锈钢
2020-07-27,中证指数公司：8月6日发布中证兴业证券ESG盈利100指数,Wind
2020-07-27,半年报业绩、债券兑付压力，4张图看清这些公司状况！,Wind
2020-07-27,大宗指南第8期：周期品周度运行变化,新浪
2020-07-27,Mysteel产经午报：钢价偏弱运行 这些钢企上榜财富中国500强,我的钢铁
2020-07-27,上海涂镀早讯：稳中震荡,百川盈孚
2020-07-27,马钢集团厂办大集体改革实施启动,钢铁新闻网
2020-07-27,华达新材：产业链布局完整 在金属制品行业具有较强影响力,中证网
2020-07-26,上海国资引实力战投定调：绿地二次混改深度市场化,Wind
2020-07-25,AI创企湃道智能获百度风投Pre-A轮融资，加速产品迭代,猎云网
2020-07-25,国企改革三年行动方案受监督重实效 粮食领域或面临大整合,中国经营报
2020-07-24,十张图了解2020年中国无缝钢管市场竞争格局 天津钢管产能第一,前瞻研究院
2020-07-23,总投资1.21万亿元！上半年2697个知名项目落户河南,大河报
2020-07-22,三季度钢铁业绩和估值有望双升 六股迎反攻,证券时报
2020-07-22,材料行业日报：各地基建项目密集开工 旺季需求可期,新浪
2020-07-22,钢铁煤炭行业ESG评级及建设情况剖析：钢煤企业推动ESG建设正当时,新浪
2020-07-22,【研报掘金】三季度钢铁业绩和估值有望双升 板块已进入重要战略配置期,证券时报网
2020-07-22,有色金属周报：实际利率稳步下行 持续看好贵金属,新浪
2020-07-22,上海涂镀早讯：高位运行,百川盈孚
2020-07-22,锡兴特钢关闭拆除 昔日“冶金小镇”脱胎换骨炼真金,兰格钢铁网
2020-07-22,绿地二次混改下的上海国资一盘棋,Wind
2020-07-21,材料行业日报：VALE发布二季报铁矿发货目标维持不变,新浪
2020-07-21,【民生策略】地产新开工超预期回升，强降雨将结束关注施工需求复苏,策略研究猿
2020-07-21,迟来的中金公司回A：投行业务风光不再 零售业务频遇违约 违约失信,中国经济网
2020-07-21,上海涂镀早讯：稳中高靠,百川盈孚
2020-07-21,强强联合推动钢铁与城市共融共生,中国环境报
2020-07-21,中国钢企海外并购须注重行稳致远,兰格钢铁网
2020-07-20,有色金属行业一周回顾：二季度经济增速转正 看好铜、钴 重视轻量化龙头云海金属,新浪
2020-07-20,材料行业日报：旺季渐近周期板块情绪向好,新浪
2020-07-20,钢铁行业周报：热轧较螺纹的溢价幅度已至2017年的中高位,光大证券
2020-07-20,高-低温脱硝技术在宝钢湛江钢铁电厂2台350MW机组上的成功应用,北极星电力
2020-07-20,武钢对环保一年投入36亿！,中国冶金报
2020-07-18,李迅雷：给民营企业“输血”的同时也要配合“造血”,新浪
2020-07-17,宝钢2060兆帕级缆索钢丝将实现首次工程应用,兰格钢铁网
2020-07-17,【冷轧】上海冷轧市场价格,百川盈孚
2020-07-17,新疆创新低碳冶炼 全国首个氧气高炉点火,兰格钢铁网
2020-07-17,【银河有色】中期策略：库存高企，需求回复，钢价或将走低,中国银河证券研究
2020-07-16,本钢、河钢、鞍钢和宝钢先后出台8月份板材价格政策,欧浦钢铁网
2020-07-16,中泰钢铁行业数据库,新浪
2020-07-16,抗菌性是不锈钢发展的一个重要方向,钢铁新闻网
2020-07-16,宝钢包装(601968)：中报预告亮眼 确认基本面向上拐点,新浪
2020-07-16,我国再批准4个40万吨级矿石泊位|今日钢铁财经资讯速览,中国冶金报社
2020-07-16,上海涂镀早讯：小幅上调,百川盈孚
2020-07-16,五年内10-20座加氢站落地 上汽与宝武签约,北极星电力
2020-07-15,材料行业日报：H1业绩预告陆续发布普钢盈利整体下滑 盈利能力下降,新浪
2020-07-15,中国短期融资券及中期票据信用分析周报,新浪
2020-07-15,大连重工起重集团上半年新增订货超66亿元,工业新闻网
2020-07-15,上海涂镀早讯：暂稳运行,百川盈孚
2020-07-14,宝钢股份：对武钢气体公司减资12亿元 减资破产,中证网
2020-07-14,材料行业日报：1-6月我国铁矿石进口同比增加9.6%,新浪
2020-07-14,聚焦主业 武汉钢铁减资气体子公司 减资破产,北京商报
2020-07-14,兰格涂镀板卷日盘点（7.14）：价格窄幅震荡 市场交投氛围一般,兰格钢铁网
2020-07-14,2060MPa级！全球最高强度缆索钢丝“宝钢造”,我的钢铁
2020-07-14,宝钢股份(600019.SH)：董事会批准关于武钢气体优化资本结构的议案,格隆汇
2020-07-14,中国钢质量逼近日本 丰田汽车从宝武钢铁集团采购电工钢板,盖世汽车
2020-07-14,不断迈出新步伐！金风科技：风电“长跑者”,经济日报
2020-07-14,上海硅钢市场早讯：暂稳观望,百川盈孚
2020-07-14,上海涂镀早讯：宽幅向上,百川盈孚
2020-07-14,中国钢企海外并购须注重行稳致远,中国发展网
2020-07-13,材料行业日报：百余重大水利工程发布 基建需求长期向好,新浪
2020-07-13,兰格涂镀板卷日盘点（7.13）：价格稳中趋涨 成交有所收窄,兰格钢铁网
2020-07-13,推动智慧制造与产城融合 陈德荣与广东省副省长覃伟中座谈交流,兰格钢铁网
2020-07-13,【兴证金属·镁行业跟踪】镁铝比处于历史底部，镁价反转在即,兴证有色钢铁
2020-07-13,上海硅钢市场早讯：窄幅上涨,百川盈孚
2020-07-13,全国马口铁市场2020年上半年回顾及三季度展望,我的钢铁
2020-07-13,四十载栉风沐雨 创新助力钢铁绿色前行,中国环境报
2020-07-13,生意社：本周（7.03-7.10）彩涂板卷稳中有涨,生意社
2020-07-13,Mysteel产经早读：国家防汛应急响应提升至Ⅱ级 钢银库存增1.44%,我的钢铁
2020-07-12,钢铁行业周报：产量明显回落 表需成交双上涨,新浪
2020-07-10,AI赋能钢铁：中国宝武旗下宝信软件自主研发工业互联网平台,澎湃新闻
2020-07-10,宝信软件：勇立工业互联网潮头,飞象网
2020-07-10,建筑钢材最新价格 2020年建筑钢材行业发展前景趋势及现状分析报告,百度
2020-07-10,为什么很多公司上了ERP、MES等系统，仍效率很低？企业数字化3大挑战,猎云网
2020-07-09,乘势而上，勇立潮头！宝信软件“打造工业互联网，赋能钢铁生态圈”,友爱的宝武
2020-07-09,材料行业日报：应急减排技术指南修订 推动钢铁环保升级,新浪
2020-07-09,上海涂镀早讯：稳中小涨,百川盈孚
2020-07-09,【计算机-胡又文】宝信软件：宝之云四期放量，项目验收带动业绩增长,安信证券研究
2020-07-09,广大特材徐卫明：锻造特钢民企“硬核”力量,上证报
2020-07-08,宝信软件(600845)：公司中报业绩高增 IDC+智能制造业务双主线驱动未来成长,新浪
2020-07-08,材料行业日报：钢材现货成交季节性回升提振板块情绪,新浪
2020-07-08,宝信软件(600845)：宝之云四期快速上架 Q2业绩大幅增长,新浪
2020-07-08,宝信软件(600845)：软件、IDC亮眼 中报预计持续高增,新浪
2020-07-08,【招商通信余俊团队】宝信软件（600845）业绩再超预期，打造新基建领军企业,俊Sir通信研究
2020-07-07,材料行业日报：雨季即将褪去钢材价格温和回升,新浪
2020-07-07,中国恩菲设计的大冶铁矿西区充填站完成工业调试,中国有色
2020-07-07,中国宝武中央研究院马钢技术中心揭牌,钢铁新闻网
2020-07-06,材料行业日报：行业微观表现平稳 关注钢铁板块估值提升,新浪
2020-07-06,钢铁板块午后继续拉升，韶钢松山率先涨停,Wind
2020-07-06,上海涂镀早讯：盘整运行,百川盈孚
2020-07-06,【中泰钢铁】见机行事-2020中期策略,钢铁俱乐部
2020-07-03,华中涂镀市场周评：订货成本增加 价格稳中上涨 （2020.6.28-7.3）,我的钢铁
2020-07-03,半年报业绩预告不佳！警惕这些债券兑付风险,Wind
2020-07-03,广东湛江建“粤西数谷” 力推5G、AI发展,中新网
2020-07-03,中国宝武四大项目落户重庆,兰格钢铁网
2020-07-02,重庆市委书记市长与宝武集团、吉利控股、三一集团董事长分别座谈,证券时报网
2020-07-02,云海金属(002182)深度研究：宝钢大力扶持的汽车轻量化龙头,新浪
2020-07-01,钢铁行业2020年7月投资策略：供需格局环比走弱 关注“稳增长”政策进展,广发证券
2020-07-01,含镍不锈钢——建筑外立面材质的优质选择,中国有色
2020-07-01,Mysteel产经午报：黑色期货普跌 七月全球铁矿供应仍处高位,我的钢铁
2020-07-01,宝武“入主”重庆钢铁正在履行内部决策审批程序,兰格钢铁网
2020-07-01,中国宝武近期动作频频,中国冶金报
2020-07-01,打破普氏垄断！铁矿石定价基准多样化，期货点价渐成主流,期货日报
2020-06-30,马钢股份(600808)：携手宝武发挥协同效应 降本增效提高盈利能力,华安证券
2020-06-30,助推东西扶贫协作 一亩田收到闵行区感谢信,凤凰网
2020-06-30,【SMM金属早餐】基本金属齐涨 沪铜铝刷阶段新高*金属进出口数据及分析*三元前驱体价格料缓慢下行,上海有色
2020-06-30,【SMM金属早餐】沪铜短线维持高位震荡*唐山公布空气质量保障方案*沪铅破位上行但压力仍在,上海有色
2020-06-30,包容看待钢厂“扎堆”搞大数据,经济日报
2020-06-29,西藏矿业实控人变为国务院国资委，中国宝武将再增一上市平台 控制人变化,澎湃新闻
2020-06-29,美股高开，Facebook跌逾8%,Wind
2020-06-29,重庆钢铁(01053.HK)：宝武集团正履行内部决策和审批程序,格隆汇
2020-06-29,美股盘前：三大期指多数上涨,Wind
2020-06-29,花大价钱，还得看澳洲脸色：中国铁矿石如何不被“断粮”？,美尔雅期货
2020-06-29,必和必拓与宝钢完成价值约1400万美元区块链铁矿石贸易,上海有色
2020-06-29,必和必拓与宝钢完成首个区块链铁矿石交易，价值约1400万美元,Wind
2020-06-29,上海涂镀早讯：暂稳运行,百川盈孚
2020-06-29,“数”看财务公司普惠金融：为多领域小微企业“输血”,中国金融新闻网
2020-06-28,吴淞打响整体转型第一枪，这块比黄浦区还大的“大衣料子”怎么裁,上观
2020-06-28,盘点丨上半年钢铁行业大事记,我的钢铁
2020-06-28,上海冷轧板卷市场价格早讯：稳中震荡,百川盈孚
2020-06-24,本钢转债：高YTM或可弥补低股性，建议申购,睿哲固收研究
2020-06-24,防城港钢铁基地1号高炉将建成投产，计划总投资360亿元,澎湃新闻
2020-06-24,宝城期货煤焦钢日报20200624：原料强势延续，盘面利润收缩,宝城期货
2020-06-24,Mysteel产经午报：沙钢废钢上调50 宝武牵头开发几内亚铁矿,我的钢铁
2020-06-24,水气治理再上新台阶！宝武水务—中央研究院联合研发中心成立,北极星节能
2020-06-24,宝武集团牵头组基金 筹谋开发非洲几内亚巨型铁矿,商务部
2020-06-24,湛江钢铁打造海岛“智慧钢厂”,兰格钢铁网
2020-06-23,生意社：镀锌7月价格或呈现先稳后小跌走势,生意社
2020-06-23,材料行业日报：短期钢材出货下滑较快,新浪
2020-06-23,钢铁行业周报：长材需求走弱 板材供需向好,新浪
2020-06-23,武汉镀锌：资源供应紧张,我的钢铁
2020-06-23,花大价钱，还得看澳洲脸色：中国铁矿石如何不被“断粮”？,凤凰网
2020-06-23,Mysteel产经午报：钢价局部下跌 焦炭连涨6轮,我的钢铁
2020-06-23,上海涂镀早讯：稳中偏弱,百川盈孚
2020-06-22,21人事 ｜ 华宝信托总经理孔祥清任职资格获批,21世纪经济报道
2020-06-22,材料行业日报：雨季扰动加剧成材出货回落幅度偏大,新浪
2020-06-22,链上贸易摆脱污名 中国和海外市场已用区块链打通多条交易通道,和讯
2020-06-22,全面牛不会存在的,中财网
2020-06-22,Mysteel产经午报：钢价稳中有涨 铁矿石期货跌逾2%,我的钢铁
2020-06-22,风电企业：先落地 再借力,北极星电力
2020-06-22,上海涂镀早讯：稳中上行,百川盈孚
2020-06-22,每日理财观察：多管齐下出实招推动消费回升,Wind
2020-06-20,又一家企业全球第二总部在武汉开工,第一财经
2020-06-20,钢企外延IDC别嗨得太早,证券时报
2020-06-19,“沪”信共赢 做受尊敬的上市公司——2020上海辖区上市公司集体接待日成功举办,全景网
2020-06-19,央行上海总部积极推进金融支持稳企业保就业,Wind
2020-06-19,Mysteel产经午报：钢价小幅上涨 各地力推钢铁行业超低排放,我的钢铁
2020-06-19,宝钢股份大家熟吗？不熟？我来介绍一下就熟了,腾讯网
2020-06-19,中金：一二线城市钢企布局IDC业务建议关注宝钢股份、河钢股份,格隆汇
2020-06-19,钢铁：钢企转型IDC 踏上新征程,新浪
2020-06-19,强化投资人知情权保护，持续提升投资者关系管理,恒泰期货互联网投教基地
2020-06-19,低估值高股息率板块受捧，煤炭股钢铁股持续上涨,Wind
2020-06-19,市场快速轮动上攻3000点阻力大，咋操作？,重庆商报
2020-06-18,材料行业日报：5月黑德兰港口铁矿石出口量环比增6%,新浪
2020-06-18,周期产业重大事项点评：重提供给侧改革 利好周期产业估值修复,新浪
2020-06-18,A股共发生128宗大宗交易成交34.76亿元（6月18日）,Wind
2020-06-18,宝钢股份今日大宗交易成交232万股，成交价4.65元折价2.92%,Wind
2020-06-18,"宝钢股份现4笔大宗交易 共成交1,078.80万元",新浪
2020-06-18,建成后团城山宝钢将搬迁！总投资11.41亿的宝钢黄石新港项目二期举行开工仪式,我的钢铁
2020-06-18,钢铁、煤炭行业2020年中期策略：钢铁震荡为主 煤炭难下行,新浪
2020-06-18,上电富士获宝武集团湛江工程变频器订单,中国机经网
2020-06-18,Mysteel产经午报：沙钢废钢下调30 全球板材价格大范围上涨,我的钢铁
2020-06-18,重庆钢铁三连板，股价飙升逾30%,上游新闻
2020-06-18,港股异动 | 重庆钢铁股份(01053)续涨5%暂现三连阳 高管层调整“宝武系”全面接手,智通财经
2020-06-18,大涨两天！这个板块为何突然强势？,上证报
2020-06-18,武钢大数据中心获国家最高等级认证,长江网
2020-06-17,东京制铁7月钢材价格最高上调7.3%,欧浦钢铁网
2020-06-17,信用分析周报：中国短期融资券及中期票据信用分析周报,新浪
2020-06-17,Mysteel产经午报：钢价稳中有跌 焦化行业规范条件发布,我的钢铁
2020-06-17,上海涂镀早讯：稳中坚挺,百川盈孚
2020-06-17,湖北省委书记应勇、省长王晓东与陈德荣、胡望明座谈,钢铁新闻网
2020-06-17,6月上旬重点钢企粗钢日均产量210.92万吨 环比增加0.8%|今日钢铁财经资讯速览,钢铁新闻网
2020-06-16,因势利导谋发展，中冶宝钢转型发展再制造延伸冶金运营产业链,产业经济新闻网
2020-06-16,Mysteel产经午报：钢价延续弱势 挖掘机销售火爆,我的钢铁
2020-06-16,中国宝武：复工复产迈向稳产高产,中国工业报
2020-06-15,南昌涂镀：价格下调 成交较差,我的钢铁
2020-06-15,生意社：供需平衡 彩涂板卷稳中上行,生意社
2020-06-15,Mysteel产经午报：粗钢日产历史新高 钢材消费进入淡季,我的钢铁
2020-06-15,惊！天这么热，TA们竟然不怕中暑？,钢铁新闻网
2020-06-12,首钢股份(000959)：定位高端板材 产能持续放量,新浪
2020-06-12,材料行业日报：螺纹钢表观消费量小幅回落,新浪
2020-06-12,国内硅钢市场价格稳中整理,百川盈孚
2020-06-12,宝钢股份宝山基地冷轧厂1730单元年修项目圆满结束,兰格钢铁网
2020-06-12,Mysteel产经午报：钢价弱稳运行 唐山型钢厂陆续复产,我的钢铁
2020-06-12,中国宝武全球首发新型耐磨钢BW400QP,钢铁新闻网
2020-06-12,上海硅钢市场早讯：稳中整理,百川盈孚
2020-06-12,上海涂镀早讯：主稳个涨,百川盈孚
2020-06-12,新冠疫情对钢铁行业的影响小于对整个社会经济的影响,兰格钢铁网
2020-06-12,冷轧库存看市场：库存降幅扩大 市场高位运行,我的钢铁
2020-06-11,宝钢股份7月份内销调价信息,欧浦钢铁网
2020-06-11,钢铁行业2020年下半年投资策略：短期延续利好 长期压力增大,光大证券
2020-06-11,Mysteel产经午报：钢价偏弱运行 6月粗钢产量续增,我的钢铁
2020-06-11,夏雪松：新基建战略举措将为宝信软件带来巨大机遇,上证报
2020-06-11,宝信软件(600845)：钢铁洪流泛云化 IDC扩张蓄势待发,西南证券
2020-06-10,宝钢股份“新一代风电用钢”快速抢占高端市场,北极星电力
2020-06-10,材料行业日报：长材需求季节性走弱板材需求筑底回升,新浪
2020-06-10,南昌涂镀：价格上调 成交一般,我的钢铁
2020-06-10,新一代风电用钢逆市快速抢占高端市场,中国能源网china5e
2020-06-10,Mysteel产经午报：宝钢上调7月产品价格 江苏推进多个钢铁项目,我的钢铁
2020-06-10,“铁疙瘩”有“大智慧”——长三角企业借工业互联网转型升级,新华网
2020-06-10,2020年前五个月宝钢新一代风电用钢实现销量同比增长165%,新能源网
2020-06-10,2019年全球钢企粗钢产量排名出炉（附136家钢企产量）,兰格钢铁网
2020-06-10,疯狂的石头！价格一天大涨5% 俩月涨超三成！它还能疯狂多久？,央视
2020-06-09,宝钢吨钢综合能耗下降，宝山梅山青山基地完成地方控煤要求,Wind
2020-06-09,宝钢吨钢综合能耗下降，宝山梅山青山基地完成地方控煤要求,澎湃新闻
2020-06-09,宝钢股份：强化投资人知情权保护 持续提升投资者关系管理,新华网
2020-06-09,Mysteel产经午报：钢价涨势受阻 钢材直供占比提高,我的钢铁
2020-06-09,宝钢：“十三五”投入环保128亿！去年吨钢综合能耗578千克标煤,兰格钢铁网
2020-06-08,宝钢股份：绿色经营成果亮眼 谋求城市钢厂升华,上证报
2020-06-08,生意社：6月8日彩涂价格稳中有涨,生意社
2020-06-08,材料行业点评受疫情影响淡水河谷宣布暂停一球团矿区,新浪
2020-06-08,Mysteel产经午报：黑色系翻红 全球制造业降势趋缓,我的钢铁
2020-06-08,铁矿石板块开盘走强！淡水河谷被迫停产成价格支撑 经营问题,格隆汇
2020-06-08,宝钢股份去年吨钢综合能耗578千克标煤,我的钢铁
2020-06-05,宝钢股份邹继新：更加积极主动承担绿色发展责任,中证网
2020-06-05,华中涂镀市场周评：订货成本抬升 商家挺价出货 （2020.5.29-6.5）,我的钢铁
2020-06-05,宝钢股份：要始终成为绿色发展领跑者,证券时报网
2020-06-05,Mysteel产经午报：钢价小幅下跌 全球钢铁需求预测,我的钢铁
2020-06-05,王虎祥任宝武集团鄂城钢铁有限公司高级副总裁,北极星节能
2020-06-05,材料行业日报：本周螺纹表需环比增加至445万吨,新浪
2020-06-04,宝钢湛江钢铁基地烧结工程,中国环境报
2020-06-04,分红潮再次来临：8家高送转，百元牛股藏其中,Wind
2020-06-04,湖北省经信厅副厅长吕晓华：发挥数据新要素支撑作用，加速推进工业数字化转型,中国电子报
2020-06-04,Mysteel产经午报：钢价上涨乏力 安阳4.3米焦炉限产50%,我的钢铁
2020-06-03,中缅中心和缅甸大使馆举办疫情后首场线下活动“中缅投资交流会”,新浪
2020-06-03,宝钢股份：铁矿石是主要原料废钢添加量有限,兰格钢铁网
2020-06-03,Mysteel产经午报：钢价偏强运行 多个钢铁项目热试成功,我的钢铁
2020-06-03,强化投资人知情权保护，持续提升投资者关系管理,中国财富网
2020-06-03,宝武清能整合托管宝钢股份3家工业气体单元|今日钢铁财经资讯速览,钢铁新闻网
2020-06-03,世界钢铁协会执行委员会第65次会议召开 于勇将连任一届主席,兰格钢铁网
2020-06-02,首钢股份：拟发行不超过100亿元的公司债券|今日钢铁财经资讯速览,搜狐
2020-06-02,“5G+工业互联网”怎么做？ 中国电信举例说明,电子信息产业网
2020-06-02,钢铁：需求超预期 铁矿石率先涨价,新浪
2020-06-01,6月2日上市公司重要公告集锦：中泰证券将于6月3日在上交所上市,证券日报
2020-06-01,犀牛财经晚报：传小鹏汽车提交IPO文件 歌华有线实控人将变为国务院,GPLP犀牛财经
2020-06-01,宝钢股份(600019.SH)：总经理侯安贵辞职 董监高成员变化,格隆汇
2020-06-01,宝钢股份：公司董事、总经理侯安贵辞职 董监高成员变化,e公司
2020-06-01,宝钢股份：侯安贵辞去董事、总经理职务 董监高成员变化,Wind
2020-06-01,1136.66万元主力资金今日撤离钢铁板块,证券时报网
2020-06-01,常宝股份(002478.SZ)：常宝国际拟3440万元收购常宝精特6%股权,格隆汇
2020-06-01,宝钢锌铝镁家族再添新成员丨宝钢黄石公司高铝锌铝镁彩涂成功实现量产,上海有色
2020-06-01,Mysteel产经午报：钢价强势上涨 5月下旬粗钢产量继续回升,我的钢铁
2020-06-01,推动可再生能源发展保障能源安全,电力新闻网
2020-06-01,319家！2020年武汉市重点排污单位名录,北极星节能
2020-05-30,中国宝武与全球铁矿石巨头实现人民币跨境结算,经济日报
2020-05-29,华中涂镀市场周评：价格涨跌互现（2020.5.22-5.29）,我的钢铁
2020-05-29,材料行业日报：1-4月交通固定资产投资同比降8.6%,新浪
2020-05-29,Mysteel产经午报：钢价普遍上涨 达州钢铁加盟方大集团,我的钢铁
2020-05-29,中国宝武氢能产业布局落子首个科研性示范加氢站开建,钢铁新闻网
2020-05-28,IIGF观点 | 发展可再生能源助力经济低碳转型,微信
2020-05-28,Mysteel产经午报：沙钢废钢下调30 国内首座7.5米焦炉出焦,我的钢铁
2020-05-28,广西防城港氧化铝和钢铁两大项目开始联调联试,中国有色
2020-05-28,金风科技董事长武钢：建议适当延长风电项目并网时限要求,证券时报网
2020-05-28,金风科技董事长武钢:建议发行可再生能源补贴特别国债,证券时报网
2020-05-28,金风科技董事长武钢：建议“十四五”规划把低碳能源发展放在重要位置,Wind
2020-05-28,建议“十四五”规划把低碳能源发展放在重要位置,证券时报
2020-05-27,复盘能源行业，两会代表们最关心这些问题,第一财经
2020-05-27,宝钢股份(600019.SH)年报推10派2.8元 股权登记日6月2日,格隆汇
2020-05-27,Mysteel产经午报：代表委员建议用好废钢资源 工业企业利润明显改善,我的钢铁
2020-05-27,中国宝武宝钢股份和一亩田达成助农扶贫战略合作,凤凰网
2020-05-27,全力支持复工复产，推动高质量发展,中国环境报
2020-05-27,钢铁行业与债券深度梳理,岳读债市
2020-05-26,武钢委员：加大对新疆农村电网“升级”资金支持力度,中国经济网
2020-05-26,钢铁行业兼并重组路径分析,中国冶金报
2020-05-26,Mysteel产经午报：图说报告看钢需 生铁增量空间有多少？,我的钢铁
2020-05-26,6月建成投运 宝钢股份示范加氢站正式开工,北极星电力
2020-05-26,【聚焦两会】武钢：保障可再生能源企业合法权益,工业新闻网
2020-05-25,宝钢股份：强化投资人知情权保护，持续提升投资者关系管理,新浪
2020-05-25,Mysteel产经午报：钢价小幅下跌 4月全球粗钢产量同比降13%,我的钢铁
2020-05-25,“两会”上的光伏提案：延长2019年光伏、风电竞价电站并网期限,集邦新能源网
2020-05-25,多位代表委员呼吁：延长2019年风电、光伏竞价并网期限,中国能源报
2020-05-24,金融机构看过来！宝武集团和哪家银行合作最深？在哪家基金买理财产品最多？衍生品业务参与情况如何？,不止是钢货
2020-05-24,两会日记|武钢：建议发行特别国债弥补可再生能源补贴缺口,金风科技
2020-05-24,武钢：建议加强可再生能源科学普及工作,新华网
2020-05-24,武钢：我国风电产业已进入高质量发展新阶段,新华网
2020-05-23,宝钢造全球最高等级系泊链用圆钢首次商用|今日钢铁财经资讯速览,钢铁新闻网
2020-05-22,晚间重要公告2020年5月22日星期五,Wind
2020-05-22,华中涂镀市场周评：价格坚挺 市场资源紧张（2020.5.15-5.22）,我的钢铁
2020-05-22,2020年全国“两会”上，关于可再生能源代表们提出了这些提案,Ofweek
2020-05-22,河南矿山承制宝钢湛江起重机再次顺利通过专家A检,中国经济网
2020-05-22,甬金股份：研发宽幅精密手撕板材 不锈行业整合洗牌“强者恒强” 行业恶化,我的不锈钢
2020-05-22,煤化工精细化工市场规模分析 2020年煤化工精细化工行业发展前景趋势及现状分析,中研网
2020-05-22,宝钢包装：拟设马来西亚孙公司，新建约4.61亿元易拉罐生产线,Wind
2020-05-22,全国政协委员、金风科技董事长武钢：适当延长风电项目并网时限要求 保障行业健康可持续发展,中证网
2020-05-22,武汉冷轧：价格坚挺 板卷价差扩大,我的钢铁
2020-05-22,国内外石油管品种开发与标准体系建设现状分析及思考,兰格钢铁网
2020-05-22,清科数据：4月并购市场小幅波动，汽车行业并购规模拔得头筹,投资界
2020-05-21,亏损严重 蒂森克虏伯考虑出售钢铁业务 亏损,欧浦钢铁网
2020-05-21,宝钢造全球最高等级系泊链用圆钢首次商用 助力我国深海勘探开采事业,e公司
2020-05-21,两会|全国政协委员武钢：保障可再生能源企业合法利益 促进可再生能源消纳,中国经营网
2020-05-21,平安证券：后工业化时代钢铁供需格局必然受到深刻影响 关注宝钢股份等,证券时报网
2020-05-21,钢铁&宏观行业深度报告：以美为鉴――探寻后工业化时代中国钢铁行业供需演变,新浪
2020-05-21,全国政协委员武钢：我们为什么能占有中国风电机组出口总量的半壁江山,中国机经网
2020-05-21,Mysteel产经午报：沙钢上调50 政协十三届三次会议今开幕,我的钢铁
2020-05-21,武汉镀锌：价格小幅上调 市场资源紧张,我的钢铁
2020-05-21,材料行业日报：周期品整体需求共振 关注持续性,新浪
2020-05-21,布局资讯服务，欧冶云商投资钢之家,第一财经
2020-05-21,标准出台3月后 超低排放实现了,中国环境报
2020-05-21,25股获券商买入评级 天顺风能目标涨幅达61.42%,Wind
2020-05-20,Mysteel产经午报：钢价涨跌互现 2020年两会重点提前看,我的钢铁
2020-05-20,4股获买入评级 最新:五 粮 液,中财网
2020-05-19,宝钢股份：强化投资人知情权保护 持续提升投资者关系管理,证券日报
2020-05-19,材料行业日报：工业品强需求逐渐向上游资源行业传导,新浪
2020-05-19,宝钢股份关于公司董事、高管辞职的公告 董监高成员变化,新浪
2020-05-19,钢铁区域性产能加速整合，这批钢企今年退出市场！ 业务变化,第一财经
2020-05-19,另有安排！宝钢股份：公司董事、副总经理辞职 董监高成员变化,每日经济新闻
2020-05-19,宝钢股份(600019.SH)：董事周建峰、副总经理储双杰辞职 董监高成员变化,格隆汇
2020-05-19,宝钢股份：副总经理周建峰因工作安排辞职 董监高成员变化,Wind
2020-05-19,中国宝武与全球铁矿石“三大巨头”实现人民币跨境结算,国资委
2020-05-19,钢材行业发展环境分析,北极星节能
2020-05-19,金风科技携手中国电建华东院与大丰区政府签订《大丰海上风电项目合作备忘录》,中国机经网
2020-05-19,金风科技、华东院与江苏大丰区正式举行海上风电合作签约仪式！,北极星电力
2020-05-19,“抓基础、保安全、创金牛、促提升”——厚板部精整区域基础管理提升实践,经济网
2020-05-18,区块链行业动态跟踪报告：各地监管持续完善 以政府和央企为主导的应用持续推进,新浪
2020-05-18,一宗引人注意的铁矿石跨境结算：区块链、大宗商品与人民币国际化,Wind
2020-05-18,绿色升级，水泥行业“超低排放”时代来临,中国水泥网
2020-05-18,一宗引人注意的铁矿石跨境结算：区块链、大宗商品与人民币国际化,经济观察网
2020-05-18,雄韬股份：氢能营收主要来自氢燃料电池发动机系统、毛利率为50.29%,北极星电力
2020-05-18,蒂森克虏伯或出售钢铁业务，宝钢已参与洽谈 资产异常,晨哨网
2020-05-18,[快讯]全景投资者关系金奖（2019）揭晓 上海辖区多家上市公司上榜,全景网
2020-05-18,中冶宝钢打造烧结烟气净化超低排放样板工程,北极星节能
2020-05-15,外企头条：罗氏深化在华战略布局,经济日报
2020-05-15,宝钢完成首笔区块链跨境人民币数字化贸易交易,计世网
2020-05-15,疫情防控常态化 钢企怎样保安全？,中国冶金报
2020-05-15,邹忠平：推动中国特大型高炉技术站上世界之巅,钢铁新闻网
2020-05-15,成熟的期货市场推动人民币计价货币功能发挥,倍特期货
2020-05-15,【案例解析】上海梅山钢铁股份有限公司炼钢厂#2、#3转炉声波除尘项目,北极星电力
2020-05-15,精准脱贫 金风科技勇担责任——“大风车”带动扶贫路,新华网
2020-05-14,材料行业日报：5月上旬螺纹表观消费延续4月高点,新浪
2020-05-14,渣打银行在区块链上发行首份基于人民币的信用证,区块链铅笔Blockchain
2020-05-14,铁矿石人民币结算“再下一城” 全球最大买家中国争取定价权,中新网
2020-05-14,宝钢股份：未来行业走势取决经济复苏及国际疫情控制情况,证券时报
2020-05-14,Mysteel产经午报：钢价震荡偏强 财政部部长透露这些重要信号,我的钢铁
2020-05-14,兰格研究：钢铁产能区域整合进入窗口期,兰格钢铁网
2020-05-14,必和必拓与中国宝武加强战略合作 探索铁矿石人民币跨境结算和数字化新技术,上海有色
2020-05-14,材料行业日报：钢谷网中西部建材表需创年内新高,新浪
2020-05-14,宝钢回应回购股份维护股价：只能短期刺激股价对长期估值影响甚微,格隆汇
2020-05-14,疫情影响逐步缓解，宝钢股份称钢铁行业形势仍不乐观,Wind
2020-05-14,疫情影响逐步缓解 宝钢股份称行业形势仍不乐观,中证报
2020-05-13,历史上首次！中企与“三大矿山”均实现人民币结算，这笔7000亿的生意，中国要拿定价权,每日经济新闻
2020-05-13,天奇股份子公司中标宝钢湛江8371万元项目,证券日报
2020-05-13,上海宝山15.16亿元出让两地块 中华企业、宝钢分摘一宗,观点地产网
2020-05-13,土地热线 | 上海宝山15.16亿元出让两地块 广州拟19.7亿出让3宗土地,观点地产网
2020-05-13,中国短期融资券及中期票据信用分析周报,新浪
2020-05-13,天奇股份：全资子公司中标8371万元宝钢湛江项目,e公司
2020-05-13,星展银行助力中国宝武宝钢股份和力拓集团在区块链平台Contour上完成首个跨境人民币数字化贸易交易,北国网
2020-05-13,必和必拓完成与中国宝钢的铁矿石交易 首次以人民币进行计价,上海金属网
2020-05-13,中国宝武实现快堆蒸汽发生器关键材料用钢自主制造,兰格钢铁网
2020-05-13,材料行业日报：废钢累涨360元 粗钢增产空间受限,新浪
2020-05-13,宝钢徳盛第一粗炼厂二期新项目开工建设喜报频传,我的不锈钢
2020-05-13,中国宝武与三大矿商均已实现人民币跨境矿石交易结算,观察者网
2020-05-13,武钢失火了？官方通报来了,楚天都市报
2020-05-13,上海宝冶中标宝钢股份四烧结环境除尘器超低排放优化改造项目,北极星电力
2020-05-12,好消息：中企与全球3大铁矿石巨头实现人民币结算！美元却遭质疑,腾讯网
2020-05-12,养猪真的香？阿里、京东、万科、美团等巨头纷纷跨界养猪！,腾讯网
2020-05-12,中国宝武与全球三大铁矿石供应商实现铁矿石交易人民币跨境结算,Wind
2020-05-12,中国宝武与全球三大铁矿石供应商实现铁矿石交易人民币跨境结算,新华网
2020-05-12,中冶长天：紧随钢铁行业烟气减排技术发展脚步,中国环境报
2020-05-12,央企、大宗贸易、人民币跨境结算 还首次应用了区块链,新浪
2020-05-11,【平安钢铁】业绩综述：行业短板依旧未补，特钢盈利韧性凸显,钢铁侠
2020-05-11,广东将打造钢铁行业先进材料产业集群,中国冶金报
2020-05-11,新矿：筑起煤炭保供钢铁长城,大众日报
2020-05-11,Mysteel产经早读：央行加强逆周期调节 钢银库存降8%,我的钢铁
2020-05-11,Mysteel产经早读：央行加强逆周期调节 楼市迎小阳春,我的钢铁
2020-05-10,动作频频 宝武水务快速整合宝武系内部水务市场资源,北极星电力
2020-05-09,宝钢对2020年6月碳钢板材国内期货销售价格稳中上调,生意社
2020-05-09,昔日“壕”门钢铁业过起苦日子：降薪、死守1元“退市红线”,新浪
2020-05-08,宝武钢铁产能跃居世界首位引日企担忧,自动化网
2020-05-08,重磅！QFII和RQFII不再限购，“抬轿子”的来了？,格隆汇
2020-05-08,华中涂镀市场周评：镀锌价格上涨 商家谨慎出货（2020.4.30-5.8）,我的钢铁
2020-05-08,大连重工·起重集团第八届“十佳青年”光荣榜,中国机经网
2020-05-07,5月7日有77家公司获重要股东增减持 南大光电已被连续减持72次 减持股份,Wind
2020-05-07,宝信软件业绩高增长背后难题待解：应收账款及应收票据高企，现金流下滑原因成迷？ 盈利能力下降,和讯
2020-05-07,包钢股份控股股东斥资逾20亿元增持,证券时报
2020-05-06,股价连跌三年、逼近1元“警戒线”，包钢股份推40亿元增持计划护盘 连续下跌,21世纪经济报道
2020-05-06,宝钢股份(600019.SH)：华宝投资累计增持7671.14万股A股,格隆汇
2020-05-06,宝钢股份：控股股东及一致行动人累计增持0.34%股份,Wind
2020-05-06,【招商通信余俊团队】REITs助推IDC行业发展，光环新网核心受益——公募REITs试点对IDC行业影响解读,俊Sir通信研究
2020-05-06,两项重大突破！宝钢海管产品实力揽大单！,兰格钢铁网
2020-05-06,沙钢成为方大特钢第四大股东何享健跻身宝钢股份第十大股东,中国冶金报
2020-05-05,上交所发布沪市主板公司2019年年报整体分析报告,Wind
2020-05-05,4月大宗交易成交219亿元；机构悄然吃货大蓝筹,每日经济新闻
2020-04-30,华中冷轧市场周评：跌幅逐渐收窄 节前备货谨慎（2020.4.24-4.30）,我的钢铁
2020-04-30,上海宝冶举办“国企顶梁柱——劳动竞赛促生产”企业开放日云端宣传活动,凤凰网
2020-04-30,宝钢股份一季度实现净利15.36亿元 同比下降42.08%|今日钢铁财经资讯速览 盈利能力下降,钢铁新闻网
2020-04-30,沪市主板公司去年实现净利3.19万亿元，拟派现近1.03万亿元创历史新高,证券日报
2020-04-29,[年报]宝钢股份净利润为124.23亿元 拟用一半利润分红,全景网
2020-04-29,武汉建材：价格震荡趋弱，低价成交为主,我的钢铁
2020-04-29,A股牛散炒股谁最强？何雪萍押中两倍牛股；章建平、赵建平抢筹科技；何享健独爱钢铁水泥！,每日经济新闻
2020-04-29,宝钢股份：2019年年度主要财务指标,上交所
2020-04-29,[路演]宝钢股份：一季度实现了四大基地“零间断”生产,全景网
2020-04-29,[路演]宝钢股份：公司复工复产几乎恢复至正常水平,全景网
2020-04-29,[路演]宝钢股份：在相当长时间内新老基建将共同发力,全景网
2020-04-29,[路演]宝钢股份：疫情未影响巴西、澳大利亚对公司的原料供应,全景网
2020-04-29,[路演]宝钢股份：疫情影响汽车市场大幅下滑 生产经营承受较大压力 连续下跌,全景网
2020-04-29,[路演]宝钢股份：新冠疫情对公司及行业影响主要集中在二季度,全景网
2020-04-29,宝钢股份一季度实现净利15.36亿元 2020计划产钢4636万吨,生意社
2020-04-29,【中泰金属|公司点评】宝钢股份-成本优化迎接挑战,钢铁俱乐部
2020-04-28,A股头条之上市公司（4.28）,金融界
2020-04-28,欧冶云商创新融贷模式助力抗疫,上证报
2020-04-28,宝钢股份2019年年报发布：净利下滑超四成，何享健买成前十大股东 盈利能力下降,每日经济新闻
2020-04-28,4月29日上市公司重要公告集锦：上海机场一季度净利同比下滑超九成,证券日报
2020-04-28,4月28日股市预警| 24家公司突发利空 27亿资金流出这十股,腾讯网
2020-04-28,钢企龙头宝钢股份去年净利下滑：市场供大于求趋势将愈加明显 盈利能力下降,澎湃新闻
2020-04-28,中国宝武钢铁会博中心开工 ，“钢铁荣耀 铸梦百年”活动标识首发！,我的不锈钢
2020-04-28,公告点题｜4月28日这些公告有看头,第一财经
2020-04-28,宝钢股份：2019年净利同比减少42.08％ 拟10派2.8元 盈利能力下降,金融界
2020-04-28,4月28日上市公司晚间公告速递,新浪
2020-04-28,宝钢股份一季度实现净利15.36亿元 今年计划产钢4636万吨,我的钢铁
2020-04-28,宝钢股份：一季度净利润同比下滑约43.63% 盈利能力下降,e公司
2020-04-28,宝钢股份(600019.SH)一季度净利润降43.63%至15.36亿元 盈利能力下降,格隆汇
2020-04-28,宝钢股份(600019.SH)2019年度净利润降42.08%至124.23亿元 拟每股派0.28元 盈利能力下降,格隆汇
2020-04-28,宝钢股份：2019年拟派发现金股利0.28元/股，预计分红62.368亿元,Wind
2020-04-28,宝钢股份：2019年净利润同比减少42.08% 盈利能力下降,Wind
2020-04-28,宝钢股份：一季度净利润同比减少43.63% 盈利能力下降,Wind
2020-04-28,新疆：贴心服务有温度落实政策有力度,国税总局
2020-04-27,4年前关停的上海不锈高炉“新生”：宝武钢铁会博中心开工,澎湃新闻
2020-04-27,A股共发生87宗大宗交易成交14.25亿元（4月27日）,Wind
2020-04-27,"宝钢股份现4笔大宗交易 共成交1,062.56万元",新浪
2020-04-27,宝钢股份今日大宗交易成交232万股，成交价4.58元折价5.18%,Wind
2020-04-27,【广发策略】那些年，我们经历的“牛市补涨”——“轻问轻答”系列报告（十三）,广发策略研究
2020-04-27,宝钢股份全面实现南方海上风电项目供货,北极星电力
2020-04-27,宝钢湛江项目定修作业顺利结束 验收后移交生产单元,兰格钢铁网
2020-04-27,中冶宝钢承接宝钢三期原料码头工程顺利竣工,兰格钢铁网
2020-04-26,中冶宝钢与宝武铝业签订合作协议,中国有色
2020-04-24,宝钢海管产品实力揽大单,兰格钢铁网
2020-04-24,宝钢揽下海管大单,兰格钢铁网
2020-04-24,宝钢股份全面对接中船体系华南区域海上风电项目用钢,新能源网
2020-04-23,【*中冶科工小公募（第二期）】不超15亿/3年（2.3%-3.3%）/中诚信AAA/AAA/上交所/今日簿记,中信建投固定收益部
2020-04-23,武汉冷轧：价格下调 冷板较为坚挺,我的钢铁
2020-04-23,武汉镀锌：价格小幅下调 等待钢厂结算,我的钢铁
2020-04-23,5G商用逐步推开 哪些新应用会脱颖而出？,澎湃新闻
2020-04-23,武汉市1326个亿元以上重大项目全面复工,长江日报
2020-04-23,5G八大应用场景前瞻：从5G消息到工业互联,澎湃新闻
2020-04-22,【东兴计算机】宝信软件（600845）：智能制造与IDC业务双轮驱动，工业软件业务有望后续提升利润空间,王者计算机
2020-04-22,Mysteel：解封后的武汉冷镀市场,我的钢铁
2020-04-22,钢铁行业4月22日资金流向日报,证券时报网
2020-04-22,新基建观察之F：智能工厂开创“智”造无限可能,新华网
2020-04-22,好消息！上海电缆研究所超导电缆有了突破性进展,上观
2020-04-21,Insta360影石获D轮融资，将用于拓展运动相机产品线,钛媒体
2020-04-21,Insta360影石完成D轮融资 IPO仍需等待市场东风,中金在线
2020-04-21,马钢矿业首季经济运行稳中向好,兰格钢铁网
2020-04-21,中国宝武等共同出资10亿元 成立新疆天山钢铁联合有限公司,中国冶金报
2020-04-17,环保政策趋严 工业废水处理行业进入重点发展时期,北极星节能
2020-04-16,上海发力“无人工厂” 将打造十家世界一流智能制造标杆工厂,澎湃新闻
2020-04-16,生产效率平均提升50%，“无人工厂”擘画上海制造新未来,上观
2020-04-16,武汉镀锌：价格平稳 商家加紧出货,我的钢铁
2020-04-16,武汉冷轧：价格平稳 部分资源紧缺,我的钢铁
2020-04-15,扶贫点蔬菜滞销，这家央企将它们送到最需要的地方,上观
2020-04-14,鄂州关于重新划定高污染燃料禁燃区的通告,我的钢铁
2020-04-14,塔里木油气勘探重大突破！宝钢股份高等级油套管发挥扛鼎之力,兰格钢铁网
2020-04-13,智慧能源和绿色发展双轮驱动：金风科技可持续发展报告发布,新华网
2020-04-13,一季度山东能源集团销售商品煤2610.77万吨,中国煤炭资源网
2020-04-11,5137.35万主力资金本周流入钢铁股,证券时报网
2020-04-10,华中涂镀市场周评：价格跌幅收窄 市场等待恢复（2020.4.3-4.10）,我的钢铁
2020-04-10,宝钢股份2020年5月份国内期货销售价格调整的公告,欧浦钢铁网
2020-04-10,探访疫情下中国制造转型：24小时“黑灯工厂”用智能大脑高产稳产,第一财经
2020-04-10,武汉热轧：价格小幅上涨 库存稍有减少,我的钢铁
2020-04-10,武钢硅钢产品实现开门红,兰格钢铁网
2020-04-10,南钢新产业协同打赢战“疫”硬仗,钢铁新闻网
2020-04-09,兰格研究：产业链利润能否从矿山向钢厂转移？,兰格钢铁网
2020-04-09,易大宗（1733.HK）：账面现金大于市值，被低估的“小而美”标的,格隆汇
2020-04-09,生意社：冷轧4月止跌或可期 但行情依旧偏弱,生意社
2020-04-08,钢铁企业成立统一采购平台“自救”,工业新闻网
2020-04-08,钢铁力量 撑起这么多重量级大项目,中国冶金报
2020-04-07,品质相约 江苏、山西两地客户、经销商陆续走进华菱星马参观考察,中国机经网
2020-04-07,【国信钢铁】宝钢股份(600019)：成本持续削减，龙头地位稳固,国信钢铁
2020-04-06,疫情冲击钢铁市场 钢企“抱团”谋出路,电缆网
2020-04-05,东风本田、武钢等龙头企业已实现满负荷生产,Wind
2020-04-05,东风本田、武钢等龙头企业已实现满负荷生产,金十数据
2020-04-05,【关注】天津市天津医院副院长、天津第二批支援湖北医疗队副领队徐卫国：全队“打胜仗零感染”,健康天津
2020-04-03,华中冷轧市场周评：价格缓慢下行 市场成交不畅（2020.3.27-4.3）,我的钢铁
2020-04-03,全国马口铁市场周评：各地成交一般 价格震荡下行（2020.3.27-4.3）,我的钢铁
2020-04-03,武汉热轧：商户心态谨慎 以出货为主,我的钢铁
2020-04-03,南昌涂镀：价格下调 成交一般,我的钢铁
2020-04-03,武钢生产经营稳定运行,兰格钢铁网
2020-04-03,点赞上海无人工厂：“化危为机”早有预案,文汇报
2020-04-01,“四个主动” 农行上海市分行全力做好抗疫各项金融服务,中国金融新闻网
2020-04-01,宝钢股份全球首发耐微生物腐蚀管材,兰格钢铁网
2020-04-01,【中金固收·信用】中国短期融资券及中期票据信用分析周报 20200401,中金固定收益研究
2020-04-01,宝钢：国内首家掌握690兆帕级高性能桥梁钢制造技术,兰格钢铁网
2020-04-01,购汇1.3亿美元 武钢采购铁矿石稳生产,湖北日报
2020-04-01,多质疑声中闯关IPO的福然德，资质欠缺或难成行,中金在线
2020-03-31,【华泰钢煤*年报点评】韶钢松山：08年来首次分红，股息率4%,华泰钢铁煤炭研究
2020-03-31,一周内四地方政府上马氢能产业,中国能源网china5e
2020-03-31,【钢铁】韶钢松山：重启现金分红回报投资者 公司经营仍有改善空间,天风研究
2020-03-31,宝山钢铁股份有限公司 关于修改《公司章程》的公告,中证报
2020-03-30,韶钢松山(000717.SZ)拟斥4000万元与宝武集团等共设原料采购服务公司,格隆汇
2020-03-30,中国宝武拟投资5亿元建立铁矿石采购共享平台,中国冶金报
2020-03-30,铁矿石最大采购者中国宝武组建“宝武原料”：提升定价话语权,澎湃新闻
2020-03-30,中冶集团精准有序推动在鄂项目复工复产,中国有色
2020-03-30,武钢100%复工复产,长江日报
2020-03-30,券商评级：三大指数下跌 九股迎来掘金良机,证券之星
2020-03-29,重庆钢铁(01053)拟斥4000万元参设宝武原料采购服务有限公司,智通财经
2020-03-29,重庆钢铁(601005.SH)拟与中国宝武、宝钢股份、马钢集团等等共同组建宝武原料,格隆汇
2020-03-29,“制造之城”武汉亟待重启：东风本田每停工一天多亏损5亿元 亏损,腾讯网
2020-03-27,华中涂镀市场周评：市场略有成交 物流运输受阻（2020.3.20-3.27）,我的钢铁
2020-03-27,武汉镀锌：价格弱势向下 市场复苏缓慢,我的钢铁
2020-03-27,上海市印发2020年大气污染防治工作计划,我的钢铁
2020-03-27,全球伙伴向上海企业求援咨询，他们“拷贝”哪些防疫复产经验,上观
2020-03-27,在鄂国企按下全面复工复产“启动键”,光明日报
2020-03-26,巨·个股 | 中国制造2025必经之路！工业软件国产化迫在眉睫 产业链龙头标的出炉,巨丰财经
2020-03-26,从口罩转产到企业复工，后疫情时代：中国制造数字化如何转型?,家纺产业网
2020-03-26,废钢主流市场稳定个别调整,钢铁新闻网
2020-03-26,驻湖北央企复产“加速跑”,经济日报
2020-03-25,Mysteel参考丨从产量看国内中厚板钢厂品种钢生产能力,我的钢铁
2020-03-25,中冶集团精准有序推动在鄂项目复工复产,新浪
2020-03-24,【天风钢铁|日报】世界钢协：2020年2月全球粗钢产量1.433亿吨,金龙钢铁分析
2020-03-24,新品！宝钢德盛成功研制出抗菌性节镍型奥氏体不锈钢,我的不锈钢
2020-03-24,武汉热轧：解封时间确定 市场心态提振,我的钢铁
2020-03-24,复工复产按下“快捷键” 中国宝武两家在鄂企业今年打算这么干,中国冶金报
2020-03-24,面对面解决困难 心贴心服务企业,中国环境报
2020-03-24,行业龙头领航 上海辖区上市公司复工复产显活力,上证报
2020-03-24,全面修复产业链，上海上市公司复工“有招”,Wind
2020-03-23,生意社：4月中旬冷轧价格或止跌企稳,生意社
2020-03-22,【关注】2020年3月“天津好人”：天津敬业奉献好人——王莹,健康天津
2020-03-20,华中涂镀市场周评：市场逐渐恢复 短期出货受限（2020.3.13-3.20）,我的钢铁
2020-03-20,上海钢市周评：价格涨跌互现 成交整体一般（2020.3.13--3.20）,我的钢铁
2020-03-20,南昌涂镀：价格暂稳 成交一般,我的钢铁
2020-03-19,上海重点产业复工复产提速，特斯拉上海工厂产能超疫情前,第一财经
2020-03-19,国内废钢市场弱势运行,钢铁新闻网
2020-03-18,由一起高炉事故引发的联想与分析——兼谈危机应对与钢企内部的专业协同,钢铁新闻网
2020-03-18,战“疫”迎来转折：首批41支援鄂医疗队撤离,21世纪经济报道
2020-03-17,"宝钢股份现1笔大宗交易 共成交2,036.98万元",新浪
2020-03-17,宝钢股份今日大宗交易成交415.71万股，成交价4.9元溢价0.0%,Wind
2020-03-17,宝钢德盛产线检修,兰格钢铁网
2020-03-17,沪市公司回购增持势头不减，用真金白银筑起信心“长城”,Wind
2020-03-16,江苏兴达增加订货量助武钢有限抗疫,兰格钢铁网
2020-03-14,投资者提问：请问这次疫情是否影响了与宝钢的合作进程，有新的进展吗？这么久了,新浪
2020-03-13,上海智能制造率先实现复工提效，多家“智能工厂”逆势接单,上观
2020-03-13,华中冷轧市场周评：价格弱势下跌 市场等待复苏（2020.3.6-3.13）,我的钢铁
2020-03-13,战“疫”不停有序复工央企在负责,新华网
2020-03-13,武汉热轧：市场到货减少 需求表现不佳,我的钢铁
2020-03-13,武汉镀锌：价格略有调整 市场等待复工,我的钢铁
2020-03-13,价值低估!A股这份“抗跌”名单请收好,Wind
2020-03-12,武钢有限将全面返岗复工：严控外出，因疫情不能复工工资照发,澎湃新闻
2020-03-12,财富内参：IDC行业怎么看？产业链相关公司有哪些？新会计准则带来什么风险？日韩疫情对我国产业链影响？,和讯
2020-03-12,多元化融资支持抗疫复工,中证网
2020-03-12,排除万难全力调度 保障战“疫”物资抢运——记中央赴湖北指导组成员、交通运输部前方工作组成员罗德麟,交通新闻网
2020-03-12,国内废钢市场弱势下跌（2月29日~3月6日）,钢铁新闻网
2020-03-11,【微访谈精华回顾】液态医用氧产能实现湖北省医疗机构全覆盖 和远气体预计全年受疫情影响可控,e公司
2020-03-11,武汉热轧：商家心态谨慎 复工时间后延,我的钢铁
2020-03-11,中国宝武成全球第一钢铁企业 将布局建上海运控中心,煤炭网
2020-03-11,雪浪环境投资标的助净利增九成 内生外延并举资产6年增长4倍,长江商报
2020-03-10,武汉冷轧：价格弱势下行,我的钢铁
2020-03-10,“上海宝钢爆炸”：高炉损坏气体喷出行成火光官方已回应 安全事故,国家煤化工网
2020-03-09,宝钢股份：一炼铁厂热气窜出事故已顺利处置并将迅速恢复生产,上证报
2020-03-09,宝钢节能成功中标韶关松山股份一般固废处置EPC总承包项目,北极星节能
2020-03-09,宝钢股份：宝山基地四号高炉将于3月10日恢复生产,e公司
2020-03-09,宝钢股份发生高温热空气窜出事故 安全事故,北京商报网
2020-03-09,上海宝钢事故原因查明:系高炉损坏气体喷出形成火光 安全事故,澎湃新闻
2020-03-09,宝钢股份事故系热风炉短管耐材脱落致管道爆裂，无人员伤亡 安全事故,澎湃新闻
2020-03-09,宝钢股份：宝山基地四号高炉设备故障未造成人员伤亡 将尽快恢复生产,上证报
2020-03-09,宝钢股份：发生生产事故 安全事故,Wind
2020-03-09,宝钢股份：宝山基地四号高炉事故对经营业绩基本不会构成影响 安全事故,e公司
2020-03-09,中标量16.6万吨宝钢股份成为深中通道项目最大钢材供应商,国资委
2020-03-09,用氧量超平时10倍 武汉改造17家医院保证医用氧供应,长江网
2020-03-09,宝钢股份宝山基地高炉发生火灾：无人伤亡，已无明火 安全事故,每日经济新闻
2020-03-07,一周钢铁业要闻回顾2020年3月2日-3月6日,中国煤炭资源网
2020-03-06,宝钢股份：公司董事王强民辞职 董监高成员变化,Wind
2020-03-06,华中涂镀一周评述：市场等待恢复 价格弱势下行（2020.2.28-3.6）,我的钢铁
2020-03-06,产业融合生纽带 把产品和受众拉得更近,牛华网
2020-03-06,武汉热轧：库存小幅增加 需求仍显清淡,我的钢铁
2020-03-06,马口铁一周评述：各地成交恢复 价格震荡偏弱（03.02-03.06）,我的钢铁
2020-03-06,武汉冷轧：价格小幅回落,我的钢铁
2020-03-06,主要周期性行业细分龙头名单|认识周期②,金融界
2020-03-06,南昌涂镀：价格弱稳 成交有所放量,我的钢铁
2020-03-06,钢铁业世界榜首易主，中国宝武成为全球第一钢企,上观
2020-03-06,中国宝武成全球第一钢铁企业 将布局建上海运控中心,新浪
2020-03-05,农行助力宝钢股份发行疫情防控债,上证报
2020-03-05,中国宝武粗钢产量跻身“全球第一”,工业新闻网
2020-03-05,疫情期间“不能停”企业样本观察：有1.8万员工的武钢有限如何兼顾防疫和生产？,每日经济新闻
2020-03-05,宝钢将发行票面利率2.95%的不超30亿元疫情防控债,新京报
2020-03-05,湛江经开区重点项目、重点企业、大型商场复工率均达100%,南方网
2020-03-04,1/3员工在武汉 中国宝武以“智造”增强“疫情抵抗力”,中新网
2020-03-04,产量跻身全球第一 中国宝武何以破解钢铁“白菜价”？,中新网
2020-03-04,富时A50纳4股：中信建投、京东方、中兴通讯、韦尔股份,第一财经
2020-03-04,【宝钢小公募】不超30亿/3年（2.5%-3.5%）/中诚信AAA/AAA/上交所/今日簿记,中信建投固定收益部
2020-03-04,江苏沿海规划设计一个钢铁基地,我的钢铁
2020-03-03,武汉热轧：市场出货为主 可议价空间大,我的钢铁
2020-03-03,武汉镀锌：价格略有调整 成交困难,我的钢铁
2020-03-03,《中国冶金报》（2020年03月03日 07版七版）,钢铁新闻网
2020-03-02,42岁海南大学教授林肇宏逝世,澎湃新闻
2020-03-02,水泥股领衔基建板块上演反弹 低市盈率陷阱被“打脸”？,每日经济新闻
2020-03-02,福建大东海等多个钢铁产能置换项目或将加快开工,中国冶金报
2020-03-02,晋煤集团向武钢有限公司捐赠30万元,国际煤炭
2020-03-02,疫情当前，钢企关爱职工有实招,钢铁新闻网
2020-03-02,搭乘“工业互联网”快车 宝信软件能否成为IDC龙头？,投资者网
2020-02-29,生意社：3月冷轧价格或先跌后涨,生意社
2020-02-28,中金公司拟返A上市，昔日投行高光黯淡，靠腾讯扶持财富管理成新看点？,21世纪经济报道
2020-02-28,川煤集团防控生产“两手抓” 煤炭日生产量约3万吨,国际在线
2020-02-28,华中涂镀一周评述：短期复工困难 价格平稳运行（02.21-02.28）,我的钢铁
2020-02-28,数字化转型 从服务开始,中国经济网
2020-02-28,武汉热轧：库存压力明显 市场稍有出货,我的钢铁
2020-02-28,马口铁一周评述：各地全面复工 价格震荡偏弱（02.24-02.28）,我的钢铁
2020-02-28,南昌涂镀：价格下行 少量成交,我的钢铁
2020-02-28,弘宇股份欲参与央企混改,山东商报
2020-02-28,宝钢股份财务总监吴琨宗辞职 董事会秘书王娟接任 董监高成员变化,巨潮资讯网
2020-02-27,提前拉响疫情防控“警报”的华菱衡钢 抢得了哪些市场先机？,经济网
2020-02-27,浦发银行行长潘卫东：浦发已对全国494户疫情防控企业批复授信715亿元,Wind
2020-02-27,弘宇股份业绩大跌股东减持 宝武集团要接烫手山芋？ 盈利能力下降,中国网
2020-02-27,山西焦煤全力保供获盛赞,中国煤炭网
2020-02-26,弘宇股份：拟参与宝武集团旗下公司混改,中证网
2020-02-26,武汉热轧:商家持稳观望 库存压力增大,我的钢铁
2020-02-26,宝钢股份关于公司财务总监辞职的公告 董监高成员变化,新浪
2020-02-26,宝钢股份：财务总监吴琨宗因工作安排辞职,Wind
2020-02-26,宝钢股份(600019.SH)拟对口扶贫捐赠6050万元王娟获任财务总监,格隆汇
2020-02-26,截至2月21日山西焦煤集团共有47个生产矿井、28座选煤厂复工复产,中国煤炭资源网
2020-02-26,全面复工受制于众多因素 供应链产业网亟待同步复工,经济日报
2020-02-25,武汉产能有限 山西伸援手解燃“煤”之急,央视
2020-02-25,2019年全国各省钢铁行业超低排放改造标准汇总,北极星节能
2020-02-25,【关注】分秒必争 全力以赴救治病人──记天津第一批支援湖北医疗队党总支书记、领队陆伟,健康天津
2020-02-24,中国宝武调整上海不锈、宝钢特钢“掌门人”,中国金属网
2020-02-24,华润信托践行初心使命 体现责任担当投身疫情防控阻击战,上证报
2020-02-24,行动不间断，战“疫”进行时——光大信托驰援武汉防疫抗灾在行动,经济观察网
2020-02-24,捐资稳价保民生 Olé精品超市全渠道联动齐战“疫”,联商网
2020-02-24,复工时刻，“关灯工厂”能续命吗？,雷锋网
2020-02-24,建华保供Telsa 预制件迎来需求潮,中国水泥网
2020-02-24,持续增援！钢企大力援建湖北医疗设施,钢铁新闻网
2020-02-23,【动态】前线手记丨天津医疗救治队在武汉（十二）,健康天津
2020-02-23,【聚焦】5名“90后”一线医护人员的战“疫”,健康天津
2020-02-22,天津支援湖北疫情防控首封战报：共收治患者753人，47人已出院,新浪
2020-02-21,新世纪评级：钢铁行业受新冠疫情影响简评,--
2020-02-21,5000只氧气钢瓶投放“方舱”,和讯
2020-02-21,宝钢携手日本制铁共同抗疫,钢铁新闻网
2020-02-20,中国石化旗下长岭炼化增产医用氧气，助武汉医院摆脱缺氧困局,澎湃新闻
2020-02-20,武汉战“疫”3个“娘子军”的背后,中国经济网
2020-02-20,黄金水道不断“流”——来自长江航运的保畅见闻,新华网
2020-02-20,武钢“无米下锅”？宁波舟山港紧急保供14.5万吨铁矿石,中港网
2020-02-20,浦发银行 落地上海首单疫情防控债,金融时报
2020-02-19,疫情防控债成“香饽饽”，浦发银行落地上海首单,和讯
2020-02-19,山东能源集团：雪中送“炭”助力武汉保卫战,国际煤炭
2020-02-19,多艘武汉钢材船抵沪支援宝钢复工复产,香港文汇网
2020-02-18,宝钢包装(601968.SH)拟设立兰州宝钢制罐有限公司,格隆汇
2020-02-17,破解武汉缺氧困境：中国宝武武汉总部保障当地超一半医用氧气,澎湃新闻
2020-02-17,中国宝武向鄂州慈善总会捐赠500万，累计捐赠4900万,澎湃新闻
2020-02-17,4家医院病房同时改建施工！中交二航局紧急支援武汉抗疫建设,中国交建
2020-02-17,钢厂原料告急！中钢协“求助信”曝行业三大难，武钢库存仅够维持5天,21世纪经济报道
2020-02-17,多地捐赠物资运抵宝武武汉总部,和讯
2020-02-15,字节跳动医务救助基金：将为全部1716名已确诊医务工作者提供资助,金融界
2020-02-14,兰格钢铁：第7周兰格进口矿价格指数小幅上涨,和讯
2020-02-14,疫情对炼焦煤市场影响几何？二季度走势独家预判！,中国能源网china5e
2020-02-13,【抗击疫情，钢企在行动】火速！中国宝武武汉总部校区防疫隔离区投入使用,钢铁新闻网
2020-02-13,钢厂电厂煤炭频频告急 山东能源集团率先复工保供,经济观察网
2020-02-13,快讯：区块链概念早盘大幅走强 富通鑫茂封涨停,证券日报
2020-02-13,上海宝钢为何能不停工？不碰面生产+智能化技术 经营问题,上观
2020-02-12,山东4000吨煤炭发往武汉 解疫区燃“煤”之急,央视
2020-02-12,高炉不能停、疫情防控不松懈，宝钢股份智慧制造破解平衡难题,澎湃新闻
2020-02-12,【抗击疫情，钢企在行动】抗击疫情，鄂钢港务公司力保民生重点物资卸船转运,钢铁新闻网
2020-02-12,中国制造缩影：宝钢股份打造24小时“黑灯工厂” 智能手段实现稳产、高产,每日经济新闻
2020-02-12,宝钢股份生产超计划运行,北京商报
2020-02-12,华润万家驰援抗疫一线,联商网
2020-02-12,“黑灯工厂”“不碰面生产”“智慧物流”——宝钢股份以“智能制造”实现稳产高产,新华网
2020-02-11,A股共发生91宗大宗交易成交20.91亿元（2月11日）,Wind
2020-02-11,宝钢股份今日大宗交易成交5084.97万股，成交价4.85元折价9.01%,Wind
2020-02-11,疫区船舶受管控“无岸可靠” 宁波舟山港伸援手,证券日报
2020-02-11,疫情难改长期趋势，钢铁板块龙头存错杀反弹机会,第一财经
2020-02-11,长城润滑油保障宝钢用油需求,润滑油网
2020-02-10,武汉联通完成武钢体育中心方舱医院覆盖,e公司
2020-02-10,"宝钢股份现1笔大宗交易 共成交9,278.75万元",新浪
2020-02-10,36家公司重要股东开启增持模式累计增持32.00亿元（附股）,证券时报网
2020-02-09,【钢铁行业抗击疫情简报】中国宝武，凝聚起战“疫”的强大力量,钢铁新闻网
2020-02-09,个股资金动向,南方财经网
2020-02-08,同心抗“疫”有我钢铁力量————钢铁行业提供人力、物力支持最新情况,钢铁新闻网
2020-02-08,钢铁行业全力支援湖北医疗设施建设,钢铁新闻网
2020-02-07,解燃“煤”之急 山西煤炭企业加快复工复产,中国金融信息网
2020-02-07,锡业股份：克服重重困难全力确保供货,中国有色
2020-02-07,钢企积极支援抗疫一线,国际商报
2020-02-07,宝钢股份：武钢有限维持正常营运但物流运输受到一定影响,第一财经
2020-02-06,宝钢与淡水河谷开展铁矿石人民币跨境结算,期货日报
2020-02-06,中国宝武与巴西淡水河谷对部分进口铁矿石首次采用人民币结算,中证网
2020-02-06,淡水河谷旗下铁矿石加工厂将于2022年开工,长江有色
2020-02-06,中国宝武与巴西淡水河谷公司首次实现人民币跨境结算,新浪
2020-02-06,山东能源集团足额保供解燃“煤”之急,经济日报
2020-02-06,6股获重要股东大手笔增持（附股）,证券时报网
2020-02-06,瑞德西韦正式启动临床试验，这些抗流感股筹码大幅集中,证券时报网
2020-02-06,2月5日有65家公司获重要股东增减持，信邦制药已被连续减持63次 减持股份,Wind
2020-02-05,抗击疫情：坚定必胜信心 津汉儿女携手抗“疫”,天津网
2020-02-05,今日10只股公告增持股数达0.99亿,证券时报网
2020-02-05,最新公告透露利好 13只个股有望爆发（02.05）,中金在线
2020-02-04,增持、回购、取消减持 多家上市公司披露“护盘”计划 终止回购,每日经济新闻
2020-02-04,宝钢股份获大股东增持,上证报
2020-02-04,中国宝武增持宝钢股份 深化国有资本投资公司试点,新京报
2020-02-04,罕见！创业板大涨近5% 大资金却在悄然撤离,金融界
2020-02-04,中国宝武：适度增持宝钢股份股票,中新网
2020-02-04,中国宝武增持宝钢股份：在疫情抗击关键时期加大金融支持力度,澎湃新闻
2020-02-04,宝钢股份：中国宝武增持超7000万股公司股份 未来6个月拟继续增持,中证网
2020-02-04,中国宝武拟未来6个月增持宝钢股份2%股份,证券时报网
2020-02-04,宝钢股份控股股东方面拟增持不超2%股份,金融界
2020-02-04,宝钢股份(600019.SH)：华宝投资拟增持2%股份 已增持0.32%股份,格隆汇
2020-02-04,宝钢股份：控股股东增持7171万股 拟继续增持,新浪
2020-02-04,省属煤炭企业保障疫区供应彰显国企担当,市场导报
2020-02-04,【广证恒生计算机】宝信软件（600845）-公告点评-业绩稳健增长，智能制造及IDC业务齐增长,广证恒生
2020-02-04,21股主力资金净流入超亿元,证券时报网
2020-02-04,武汉热轧：报价下跌 市场无成交,我的钢铁
2020-02-04,钢企累计捐款捐物超6.2亿元,北极星节能
2020-02-04,中央政法委：原武钢董事长邓崎琳目前正在监狱服刑,新京报
2020-02-04,"揭秘海通国际感染病毒高管：""我认为投资有三个境界""",中国经济网
2020-02-03,消息人士：海通国际邓晞并非武钢前董事长之女,新浪
2020-02-03,爱心持续 河南上市公司驰援防疫一线,证券时报
2020-02-03,A股开市沙钢股份等钢铁股暴跌，疫情压抑需求，钢材社会库存走高恐无悬念 连续下跌,华夏时报
2020-02-03,山西省属煤炭企业全力保障疫区能源供应,中国金融信息网
2020-02-02,山西煤炭国企组团保障湖北疫区用煤,中新网
2020-02-01,疫情突袭，中国车企合并潮还会远吗？,腾讯网
2020-01-31,生意社：春节后冷轧市场价格或先跌后涨,生意社
2020-01-30,疫情就是命令山西焦煤在行动,黄河新闻网
2020-01-25,中国宝武：向武汉市捐赠3000万元，持续关注疫情发展,澎湃新闻
2020-01-23,2019年中国铁矿石进口多花1800亿 外国巨头主导定价权何时休？,腾讯网
2020-01-23,【中泰金属|深度报告】当钢铁遇上IDC,钢铁俱乐部
2020-01-23,上海地区盘库日记摘要（二）,我的钢铁
2020-01-22,国内废钢市场持稳运行（1月11日~1月17日）,钢铁新闻网
2020-01-21,节后预测：上海彩涂板卷偏强运行,我的钢铁
2020-01-20,宝钢股份关于公司副总经理辞职的公告 董监高成员变化,新浪
2020-01-20,宝钢股份：副总经理姚林龙辞职 董监高成员变化,Wind
2020-01-19,节后预测：沈阳市场冷镀价格持稳运行,我的钢铁
2020-01-17,华中涂镀一周评述：多数商家放假 即将进入休市（01.10-01.17）,我的钢铁
2020-01-16,宝武与日本JFE建合资公司：生产高级特殊钢，开拓全球市场,澎湃新闻
2020-01-15,3年投资40亿元实施环保改造，鄂钢治“三废”与城相融,湖北日报
2020-01-15,今年国企改革不仅重组一批，也要清退一批,21世纪经济报道
2020-01-15,宝钢股份入选世界经济论坛“灯塔工厂” 成唯一入选中国钢企,中证报
2020-01-15,国内废钢主流市场趋稳（1月4日~1月10日）,钢铁新闻网
2020-01-14,武汉“两江四岸”再增绿8000亩 17处废弃矿山整地复绿,湖北日报
2020-01-14,珠海一化工厂爆炸 宝钢等8家上市公司持股 安全事故,新浪
2020-01-14,宝钢股份入选世界经济论坛“灯塔工厂”：唯一入选中国钢企,澎湃新闻
2020-01-14,同一个国家拥有两座灯塔工厂，海尔全球唯一,证券之星
2020-01-14,281只股破净 房地产银行最为集中,证券时报
2020-01-13,武钢有限尘泥资源化再生装置项目开工建设,楚天都市报
2020-01-12,宝武集团：党委“掌舵”促发展,经济日报
2020-01-11,亿元以上重大项目116个 总投资2712.5亿元 武汉市2020年重大项目集中开工,21世纪经济报道
2020-01-10,【研报掘金】机构称钢铁股估值修复行情未完待续 春季反弹有望继续看好3股,证券时报网
2020-01-10,5G无人车：宝钢运输作业“新姿势”,C114通信网
2020-01-10,最全！2019年度国家科学技术奖励名单,Wind
2020-01-09,仁东控股拟战略投资区块链企业 推动创新金融业务发展,e公司
2020-01-09,宝钢股份：第二期A股限制性股票计划首次授予限制性股票第一个解锁期解锁暨上市公告,上交所
2020-01-09,仁东控股(002647.SZ)拟战略投资北京众签或智汇信元 就通过区块链技术、智能合约技术与行业场景结合来共建供应链金融平台和贸易金融平台,格隆汇
2020-01-09,宝钢股份(600019.SH)：5489.57万股限制性股票16日解禁 解禁,格隆汇
2020-01-09,粤丰环保(01381.HK)：与国企的合作更上一层楼，重申“买入”评级，目标价5.15港元,格隆汇
2020-01-09,B站业绩来了！一个季度亏损5.7亿，市值却堪比宝钢 亏损,中国基金报
2020-01-08,中冶集团：2019年经营业绩创历史新高,第一财经
2020-01-08,“亿吨宝武”如何更强？陈德荣：绿色关乎存亡，智慧关乎未来,澎湃新闻
2020-01-07,【天风钢铁|日报】1月新增专项债券发行额或超5000亿 外资行将参与承销,金龙钢铁分析
2020-01-07,无偿划转完成过户登记 首钢集团成宝钢股份股东 减持股份,证券日报
2020-01-07,武钢3号焦炉停用 年减煤70万吨,欧浦钢铁网
2020-01-07,常宝股份：拟投建常宝钢管技术研发中心项目,e公司
2020-01-07,中泰国际：粤丰环保给予买入评级 目标价5.15港元,新浪
2020-01-07,宝钢股份：国有股份无偿划转过户登记手续已办理完毕,新浪
2020-01-07,宝钢股份(600019.SH)：中国宝武无偿划转2.19%股份予首钢集团完成过户登记 资产异常,格隆汇
2020-01-07,宝钢股份热轧1580轧辊辊耗 连续两个月打破最优纪录,兰格钢铁网
2020-01-07,钢铁行业研究与2020策略：追本溯源 烟花易冷 知止有定,北极星节能
2020-01-07,工信部推动钢铁工业高质量发展，板块估值修复有望延续,腾讯网
2020-01-07,宝钢股份2020年2月国内钢材调价政策,欧浦钢铁网
2020-01-04,“关改搬转”提档升级 上市公司扛起长江保护重任,上证报
2020-01-03,宝钢股份(600019.SH)：贝克伟辞任董事等职务 董监高成员变化,格隆汇
2020-01-03,宝钢股份：公司董事贝克伟辞职 董监高成员变化,Wind
2020-01-03,宝钢股份(600019.SH)拟回购注销314.09万股限制性股票,格隆汇
2020-01-03,宝钢德盛1780热轧轧机牌坊安装,兰格钢铁网
2020-01-03,宝钢股份UOE产线刷新全年产量新纪录,兰格钢铁网
2020-01-03,中泰证券：钢铁股估值仍然偏低,Wind
2020-01-02,苏州大学与宝钢合作开发镁处理洁净钢关键技术,中国有色
2020-01-02,重庆钢铁重组两年后再度易主宝武钢铁有望成最大股东 控制人变化,工业新闻网
2019-12-31,面向2020年 河北钢铁业路在何方,煤炭网
2019-12-31,宝武钢铁再纳重钢资产超8200亿 钢铁产量冲击全球第一,长江商报
2019-12-30,宝武集团有意成为重庆钢铁实控人,上证报
2019-12-30,中金：明年建材股首推海螺水泥亦看好中建材及信义玻璃等,格隆汇
2019-12-30,快讯：实控人或变更为宝武集团 重庆钢铁股份涨20% 控制人变化,新浪
2019-12-30,港股午评|恒指早盘一路走高，中资券商股集体大涨,富途证券
2019-12-30,宝武集团收购重庆钢铁提速 多名宝武系高管入驻管理层,21世纪经济报道
2019-12-30,港股异动 | 实控人或变更为宝武集团 重庆钢铁股份(01053)现涨逾8% 控制人变化,智通财经
2019-12-30,港股异动 | 重庆钢铁股份涨逾9% 实控人或变更为宝武集团 控制人变化,格隆汇
2019-12-30,【IDC圈一周最HOT】IDCC2019大会圆满落幕、武钢大数据中心一期投运、华为云贵安B区封顶、UCloud科创板上市获批,中国IDC圈
2019-12-30,30日公司新闻聚焦:昊华能源曝虚增资产 新集能源计提11亿减值准备（2）,证券时报网
2019-12-30,上证早知道│新证券法明年3月起施行；宝武集团有意成为这家公司实控人,中国证券网
2019-12-30,12月30日盘前重要公司新闻,上证报
2019-12-30,东兴研究|周观点20191230,东兴研究圈
2019-12-30,长江流域大钢企整合中国宝武入主重庆钢铁,重庆商报
2019-12-29,周末重磅不断 这些消息影响下周股市,金融界
2019-12-28,中国宝武入主重庆钢铁 长江流域大钢企大整合,重庆商报
2019-12-28,重庆钢铁拟易主 宝武集团将从“幕后”走到“台前” 控制人变化,中国证券网
2019-12-28,宝武集团有意向成为重庆钢铁实控人 控制人变化,北京商报
2019-12-27,12月28日上市公司重要公告集锦：海航基础拟逾百亿元转让海口南海明珠生态岛项目,证券日报
2019-12-27,重庆钢铁股份(01053.HK)：宝武集团有意成为公司实控人 控制人变化,格隆汇
2019-12-27,宝武集团拟实控重庆钢铁 高管已先期换血 董监高成员变化,e公司
2019-12-27,重庆钢铁实控人或变更为宝武集团 控制人变化,上证报
2019-12-27,重庆钢铁：宝武集团有意成为公司的实控人 控制人变化,e公司
2019-12-27,宝山钢铁股份有限公司关于国有股份无偿划转进展的公告 资产异常,巨潮资讯网
2019-12-26,中国宝武无偿转让宝钢股份股权获国资委批准 资产异常,腾讯网
2019-12-26,宝钢股份(600019.SH)：中国宝武拟无偿划转股份事项获国务院国资委批准 资产异常,格隆汇
2019-12-26,宝钢股份：国有股份无偿划转获得国资委批准,Wind
2019-12-26,宝钢股份商用车用钢亮相2019中国（上海）国际客车展,钢铁新闻网
2019-12-25,废钢市场稳中观望（12月14日~12月20日）,钢铁新闻网
2019-12-20,世界首例：膜法脱氨工艺在制酸废水处理领域成功应用,中国水网
2019-12-18,主要板材钢企公布2020年1月份期货价格调整公告,欧浦钢铁网
2019-12-18,【川财研究所*2020年年度策略】钢铁：钢铁行业进入产能置换和集中度提升高峰期,川财研究
2019-12-17,张韶峰：区块链的特点可在泛金融领域进行信用重构,新浪
2019-12-17,宝钢股份：宝武没有计划将其持有的首钢股份股权划至公司,新京报
2019-12-17,建龙集团与欧冶云商签署战略合作协议共建高质量钢铁生态圈,钢铁新闻网
2019-12-17,【中泰钢铁|行业点评】钢铁行业11月数据点评-需求强劲驱动商品反弹,钢铁俱乐部
2019-12-13,险资和外资加速入场，A股投资风格生变？,经济日报
2019-12-13,首钢集团、中国宝武全面战略合作迈出实质性步伐,钢铁新闻网
2019-12-13,脸被打肿！上千份研报狂吹35股，千亿级龙头却被用脚投票,每经网
2019-12-11,宝钢股份2020年1月钢材调价政策,欧浦钢铁网
2019-12-11,澳大利亚Cattle Hill风电场首批风电机组并网发电,中国机经网
2019-12-11,宝钢欧洲研发中心在慕尼黑成立,钢铁新闻网
2019-12-11,废钢市场稳中偏强运行（11月30日~12月6日）,钢铁新闻网
2019-12-11,试水交叉持股 首钢集团笑纳宝钢股份2.19%股权,上证报
2019-12-11,股海导航 12月11日沪深股市公告提示,新浪
2019-12-10,12月11日上市公司重要公告集锦：视觉中国被约谈再次暂停服务,证券日报
2019-12-10,公告汇总：中国石化与国家管网集团商讨重组事宜,网易
2019-12-10,A股头条之上市公司（12.11）,金融界
2019-12-10,宝钢股份2.19%国有股权无偿划转 资产异常,上证报
2019-12-10,宝钢股份：中国宝武拟将所持2.19%股份划转首钢集团 资产异常,新京报
2019-12-10,宝钢股份：控股股东拟向首钢集团无偿划转2.19%公司股份,证券时报网
2019-12-10,宝钢股份(600019.SH)：中国宝武拟无偿划转2.19%的股份予首钢集团 资产异常,格隆汇
2019-12-10,[公司]宝钢股份控股股东拟通过无偿划转方式转让公司2.19%股权给首钢集团,全景网
2019-12-10,宝钢股份：中国宝武通过无偿划转将2.19%股权给首钢 资产异常,新浪
2019-12-10,宝钢股份：控股股东中国宝武拟无偿划转公司2.19%的股份,第一财经
2019-12-10,券商唱多周期股 基金持仓市值低,金融投资报
2019-12-09,北上资金净买入宝钢股份4.11亿 连续7日增持恒瑞医药至6.55亿元,格隆汇
2019-12-09,北向资金净买入宝钢超4亿元，净卖出海康威视超4亿元,第一财经
2019-12-09,北向资金今日净流入33.91亿元，宝钢股份净买入超4亿元,Wind
2019-12-09,12月9日主力巨资出逃四大板块(附股),金融界
2019-12-09,宝钢股份研制出新材质管束用管达世界领先水平,兰格钢铁网
2019-12-09,【异动股】钢铁行业板块拉升，韶钢松山(000717-CN)涨4.74%,财华社
2019-12-06,首钢股份(000959.SZ)：首钢集团所持15%股份已无偿划转至宝武集团 资产异常,格隆汇
2019-12-06,宝钢股份高炉空压站高压并网改造完成,兰格钢铁网
2019-12-05,犀牛财经早报：四川取缔不合规P2P网贷 100款App下架整改,GPLP犀牛财经
2019-12-05,中国交建（601800.SH）:被剔除富时中国A50指数，未来还可以期待吗？ 剔除指数,格隆汇
2019-12-05,【国信钢铁】钢铁行业周报（1月6日-1月12日）：冬储平稳启动，钢价小幅震荡,国信钢铁
2019-12-05,【国信钢铁】钢铁行业周报（12月30日-1月5日）：需求尚无虞，关注冬储进程,国信钢铁
2019-12-05,富时罗素季度审核变更 中国交建、宝钢股份被剔除,新京报
2019-12-05,【国信钢铁】钢铁行业周报（1月13日-1月19日）：钢价趋稳，年后存博弈机会,国信钢铁
2019-12-05,大参考：稀土报价上调 下游补库周期或开启,巨丰财经
2019-12-04,富时中国A50指数纳入牧原股份、立讯精密，剔除交建、宝钢,第一财经
2019-12-04,富时罗素：将牧原股份、立讯精密纳入富时中国A50指数,Wind
2019-12-04,舒印彪会见金风科技董事长武钢,中国能源网china5e
2019-12-04,共谋合作发展 华能集团高层与金风科技高管亲切会谈,北极星电力
2019-12-04,北上资金大笔减持茅台 调入这些板块 减持股份,红周刊
2019-12-03,金风科技：激荡30年 跑出风电高质量发展加速度,新能源网
2019-12-02,从南北船合并看央企重组的变与不变,工人日报
2019-12-02,中证指数公司：调整上证50、上证180等指数样本股,Wind
2019-12-02,【行业动态】钢铁 1911丨需求超预期库存加速去化提振钢价，行业利润反弹钢铁将展开估值修复行情,中国银河证券研究
2019-12-02,福然德客户与供应商密集重叠公允存疑 关联交易频繁资金拆借三年超30亿,长江商报
2019-11-29,生意社：11月29日彩涂板价格持稳运行,生意社
2019-11-29,广州造船业搭“中国神船”掘金蓝海,南方网
2019-11-29,【中泰钢铁|行业点评】钢铁修复尚未结束,钢铁俱乐部
2019-11-28,宝钢股份荣获2019“金责奖”最佳社会(S)责任奖,新浪
2019-11-28,酒钢炼轧厂为钢铁主业升级改造添油助力,兰格钢铁网
2019-11-27,8000亿神船诞生！中国中车、宝武钢铁之后，还有多少巨无霸在路上？,证券时报
2019-11-27,传统产业跨界者“钢铁” 如何与氢能擦出火花？,北极星电力
2019-11-27,国内废钢市场偏强运行（11月16日~11月22日）,钢铁新闻网
2019-11-27,谷歌云加速5G应用落地 云计算产业链受益 6股飞,证券时报网
2019-11-26,白马惨案后周期狂奔！会不会是一日游呢？,中投网
2019-11-26,周期股早盘全线熄火 能否迎来第二波？,中投网
2019-11-26,中冶南方自主研发的首套全自动出钢系统在武钢热试成功,钢铁新闻网
2019-11-25,明日MSCI三度扩容，今日北上资金继续抢筹，这些个股成香饽饽！（互动：这次扩容大盘怎么走）,e公司
2019-11-25,中国石油向中冶划无偿划转5.6亿A股股份 资产异常,澎湃新闻
2019-11-25,钢铁水泥板块早盘表现强势 这些个股被机构看好！,中投网
2019-11-25,中金：暖冬建筑赶工带旺钢材水泥需求 关注海螺水泥(0914.HK)等行业龙头,格隆汇
2019-11-25,周期股大涨蕴藏什么信号 市场风格已转换？,证券时报
2019-11-25,市场风格转换已印证？周期股“三驾马车”齐奔，大批个股涨停，科技白马连续杀跌！ 连续下跌,e公司
2019-11-25,【中泰钢铁|行业点评】钢铁股估值修复机会,钢铁俱乐部
2019-11-25,Lgmi：宝武首钢战略联盟或成钢企重组新模式,兰格钢铁网
2019-11-25,中国宝武集团成立清洁能源公司，入局氢能产业,中化新网
2019-11-25,今日投条 | 丁猛：把握机会，关注破净龙头股！,国元证券订阅号
2019-11-25,巨丰数据赢｜北上资金持续流入 低估白马股备受追捧,巨丰财经
2019-11-25,本周股市三大猜想及应对策略：有色金属受资金青睐？,财富动力网
2019-11-24,破净潮时隔一年再度来袭 这次大盘能否探明底部,第一财经
2019-11-23,北上资金连续14周净买入，低估值破净股受青睐,Wind
2019-11-22,沪港通十大成交活跃股排名（11月22日）,Wind
2019-11-22,北上资金连续14周扫货！抛售茅台、恒瑞等大牛股，大举加仓这些破净股！,e公司
2019-11-22,数据真实性存疑、遭上交所连环48问，福然德IPO前景难料 问询,财经网
2019-11-21,日本JFE计划收购宝钢特钢韶关公司的50％股份,兰格钢铁网
2019-11-21,菲律宾Global Ferronickel与宝钢签订100万吨镍矿供应协议,长江有色
2019-11-20,涨价了！今年最惨板块逆势反弹 机构看好这类股,证券时报
2019-11-20,中国宝武钢子公司获日本JFE钢铁6.9亿元注资,日经中文网
2019-11-20,国内废钢市场弱势下跌（11月9日~11月15日）,钢铁新闻网
2019-11-19,主要板材钢企公布12月份期货价格调整公告,欧浦钢铁网
2019-11-18,宝武开建互联宝地产业园二期项目 投资20亿,新京报
2019-11-18,全球铁矿石人民币计价或成趋势，钢铁股或迎阶段性上涨,第一财经
2019-11-18,李武钢实施行政强制措施决定书 资产查封,广州人民政府
2019-11-18,中国宝武集团成立清洁能源公司 加码氢能布局,新京报
2019-11-15,宝钢股份在人民大会堂获颁这个大奖,上观
2019-11-15,重磅 钢铁巨头中国宝武集团成立能源公司 入局天然气LNG产业,慧聪网
2019-11-14,【建投金工丁鲁明团队】2019年12月重要指数成分调整名单预测及调整事件效应回顾,鲁明量化全视角
2019-11-13,2019年第六届中国国际400系不锈钢大会指出——400系不锈钢在新领域应用前景广阔,钢铁新闻网
2019-11-13,国内废钢价格涨跌互现（11月2日~11月8日）,钢铁新闻网
2019-11-13,创新创业英才齐聚中原 智能制造逐鹿双创桂冠,科技日报
2019-11-12,长三角秋冬季大气治理方案出炉：PM2.5浓度、重度及以上污染天数均要减少2%,每日经济新闻
2019-11-12,上海上市公司前三季度累计营收近3.9万亿元 183家公司归母净利同增,证券日报
2019-11-12,股息率10%，秒杀A50！年内最后13家享受股利分配,Wind
2019-11-12,鞍钢求变：集团与上市公司业绩分化 董事长频向宝武取经 盈利能力下降,新京报
2019-11-12,马钢(00323-HK)：宝钢已持股57.175%,财华社
2019-11-11,【国信钢铁】钢铁行业周报（11月25日-12月1日）：库存降速趋缓，钢价高位回调,国信钢铁
2019-11-11,【国信钢铁】钢铁行业周报（11月11日-11月17日）：淡季不淡，钢价上涨,国信钢铁
2019-11-11,【国信钢铁】钢铁行业周报（11月18日-11月24日）：钢价持续上涨，盈利回归高位,国信钢铁
2019-11-08,国企深化改革再放信号，首钢集团无偿划转部分上市公司股权 资产异常,凤凰网
2019-11-08,获得首钢股份15%股权 钢铁航母宝武集团再扩张,新京报
2019-11-08,首钢股份控股股东所持15%国有股权无偿划转宝武集团 减持股份,金融界
2019-11-08,国企连下采购大单，今年的购物车里多了啥,第一财经
2019-11-08,首钢股份(000959.SZ)：首钢集团所持15%股份拟无偿划转至宝武集团 资产异常,格隆汇
2019-11-07,报告|2019年10月上海A股上市公司市值TOP100晨光文具市值达460亿,挖贝网
2019-11-07,宝武水务首批委托管理协议签订,兰格钢铁网
2019-11-06,“以大带小”加公益大讲堂，为“双创”插上翅膀,证券之星
2019-11-06,国内废钢资源偏紧主流市场稳定,钢铁新闻网
2019-11-05,银行股大涨揭秘：高股息率+业绩回暖+北水加仓,Wind
2019-11-05,【行业动态】钢铁 1910丨环保限产降低高炉开工率，基建回暖叠加冬储临近静待钢材需求释放,中国银河证券研究
2019-11-05,最新公告透露利好 15只个股有望爆发（11.05）,中金在线
2019-11-05,股海导航 11月5日沪深股市公告提示,新浪
2019-11-05,银行理财品收益走低且破刚兑,财富动力网
2019-11-04,太钢集团与宝武集团、山东鑫海战略合作，不锈钢“巨无霸”要来了？,e公司
2019-11-04,11月4日上市公司晚间公告速递,新浪
2019-11-04,太钢不锈(000825.SZ)：太钢集团与宝武钢铁集团、山东鑫海签署战略合作框架协议,格隆汇
2019-11-04,太钢不锈：控股股东与宝武钢铁集团和山东鑫海战略合作,e公司
2019-11-04,进博会，中国宝武各项筹备工作已就绪,中国机经网
2019-11-04,宝武与太原钢铁、山东鑫海将在不锈钢领域展开合作,中国煤炭资源网
2019-11-04,【进博倒计时】进博会，中国宝武准备好了！,国资委
2019-11-04,宝钢股份跌1.21%，创年度新低，报5.73元 连续下跌,中新经纬
2019-11-04,一周钢铁业要闻回顾（10.28-11.01）,中国煤炭资源网
2019-11-04,上市公司的理财江湖 规模缩减银行“揽客”各有奇招,中证报
2019-11-01,行业首家废水零排放和智慧水集控钢厂是如何建成的？,钢铁新闻网
2019-11-01,钢企盈利持续下滑四季度仍难改观 盈利能力下降,兰格钢铁网
2019-10-31,汇金公司三季度操盘路径曝光：新进31股，清仓减持了13股 减持股份,澎湃新闻
2019-10-31,QFII调仓路线图曝光：新进75只个股 增持68只个股,第一财经
2019-10-31,【新时代新作为新篇章】上海正式进入5G时代，年内力争完成外环线以内主城区基本覆盖,上观
2019-10-31,【方正宏观】云海金属：成本优势+下游延伸，盈利能力改善,方正证券研究
2019-10-30,制造业转型实践历路：AIoT产业融合落地的困境与思考,雷锋网
2019-10-30,中钢协称未来铁矿石价格对钢企效益影响不会过大,欧浦钢铁网
2019-10-30,太钢集团与宝武钢铁集团签约战略合作协议,兰格钢铁网
2019-10-30,加强海外铁矿石产能投资是化解中国铁矿石价格困境的关键,钢铁新闻网
2019-10-30,废钢价格涨跌互现（10月19日~10月25日）,钢铁新闻网
2019-10-30,"宝信软件:IDC与软件业务均平稳,长期增长逻辑不改",申万宏源
2019-10-29,宝钢钢管产品实现管拧质量判定智能化,兰格钢铁网
2019-10-29,近三年削减钢铁产能1.5亿吨 去产能步入“深水区”,21世纪经济报道
2019-10-28,武钢第二冷轧厂停产检修信息 经营问题,欧浦钢铁网
2019-10-28,2019包钢股份债转股项目正式落地,新浪
2019-10-28,宝钢股份：已在为特斯拉上海工厂供货,格隆汇
2019-10-28,"宝钢股份:高矿价拉高成本,三季度盈利下滑 盈利能力下降",国信证券
2019-10-27,【中泰钢铁|公司点评】宝钢股份-降本平滑周期波动,钢铁俱乐部
2019-10-27,【云掌财经早报】2019/10/27星期日,云掌财经
2019-10-25,A股头条之上市公司（10.25）,金融界
2019-10-25,【上市公司】前三季度宝钢股份实现净利润88.74亿元同比下降43.65% 盈利能力下降,兰格钢铁网
2019-10-25,10月25日上市公司晚间公告速递,新浪
2019-10-25,宝钢股份：前三季度净利润同比减43.65% 盈利能力下降,Wind
2019-10-25,宝钢股份：前三季度净利88.74亿元 同比降44% 盈利能力下降,e公司
2019-10-25,【国金计算机】宝信软件三季报点评：业绩稳健增长，发展继续向好,新经济的瞭望
2019-10-25,【中信建投 通信】宝信软件2019三季报点评：IDC持续较快增长，软件业务低于预期,建投通信研究
2019-10-25,【每日晨报】1030丨上市险企保费增速分化,中国银河证券研究
2019-10-25,"宝信软件:前三季度业绩增长平稳,手握IDC资源成长可期",东莞证券
2019-10-24,【申万宏源通信】宝信软件19三季报点评：IDC与软件业务均平稳，长期增长逻辑不改,申万宏源通信研究
2019-10-23,【国君钢铁|每日跟踪】上海螺纹3670，前8个月重点钢铁企业钢材营销统计分析,鹏飞论钢
2019-10-23,镍价大幅回升或将带动不锈钢价格反弹,和讯
2019-10-23,万丰奥威：短期业绩承压，携手宝钢加码轻量化,证券时报网
2019-10-23,国内废钢市场弱势下行（10月12日~10月18日）,钢铁新闻网
2019-10-23,工业互联网创新发展迎新突破 六顾强势突破,上证报
2019-10-22,钢老大宝武集团布局铝业 70亿投向河南铝合金基地,新京报
2019-10-21,"钢铁行业周报:库存下行,消费韧性持续",国信证券
2019-10-17,深成指年内涨幅全球第一 10月买什么？,证券时报
2019-10-16,安阳钢铁净利润跌超7成 称因环保限产 销量下降 盈利能力下降,中国网
2019-10-16,废钢市场稳中向上运行（10月5日～10月11日）,钢铁新闻网
2019-10-15,【国信钢铁】钢铁行业周报（11月4日-11月10日）：库存加速去化，钢材价格上涨,国信钢铁
2019-10-15,【国信钢铁】宝钢股份(600019.SH)财报点评：高矿价拉高成本，三季度盈利下滑 盈利能力下降,国信钢铁
2019-10-15,【国信钢铁】钢铁行业周报（10月28日-11月3日）：淡季临近，建材成交保持较高水平,国信钢铁
2019-10-15,钢铁行业周报:秋季限产有望加严,国信证券
2019-10-14,武钢一号高炉宣布永久停产，曾为新中国炼出第一炉铁水 经营问题,澎湃新闻
2019-10-14,立志成为“钢铁侠”的90后，超酷！,C114通信网
2019-10-14,韶钢松山拟转让宝特韶关 另一子公司韶钢国贸破产清算 减资破产,证券日报
2019-10-11,特钢巨头完成重组，中信特钢前三季度净利飙增9倍,格隆汇
2019-10-11,陆闻言：5G将驱动钢铁下一轮生产变革,中国冶金报
2019-10-10,宝钢股份：公开发行不超200亿元公司债获证监会批准,Wind
2019-10-10,宝钢股份(600019.SH)获核准公开发行总额不超200亿元公司债券,格隆汇
2019-10-09,计算机板块景气度稳健持续上升 六股受青睐,中证报
2019-10-08,员工持股将成宝武集团改革重点 陈德荣：理直气壮推进,新京报
2019-10-08,宝钢汽车板2019年度BCB巡展走进北汽新能源,兰格钢铁网
2019-10-08,武钢有限二热轧生产线计划检修信息,兰格钢铁网
2019-10-08,宝武钢铁集团斥资118亿在海宁兴建浙江总部,兰格钢铁网
2019-10-04,宝钢股份工业固体废物渗漏 遭上海监管罚9.5万 其他违规处罚,中国经济网
2019-10-02,宝武钢铁集团斥资118亿在海宁兴建浙江总部,新京报
2019-10-01,中国上市公司：资本市场催生出的响亮名字,上证报
2019-09-30,国民经济70年“领头雁”：混改成为国企改革突破口,第一财经
2019-09-30,周一机构一致看好的七大金股（09.30）,中金在线
2019-09-29,A档案| 宝钢股份因工业固体废物渗漏被上海市生态环境局罚款9.5万元 环保处罚,和讯
2019-09-29,宝武钢铁集团获首笔市场LPR定价FTE借款,新京报
2019-09-29,中天钢铁的喜与忧,新京报
2019-09-27,"【钢铁】沧桑七十载,何处是未来--转型升级,行业有望迎来寡头时代",格隆汇
2019-09-27,关于核准宝山钢铁股份有限公司向合格投资者公开发行公司债券的批复,证监会
2019-09-27,【国金研究】宝信软件深度：高成长确定性的双料龙头,国金证券研究所
2019-09-25,【国君钢铁|每日跟踪】上海螺纹3750，坚定高质量发展道路，宝钢股份要做钢铁业引领者,鹏飞论钢
2019-09-25,【中金固收·信用】中国短期融资券及中期票据信用分析周报,中金固定收益研究
2019-09-25,环保限产趋严，钢价有望再走强，机构建议关注钢铁板块细分行业,第一财经
2019-09-24,上市公司理财热情退却 认购规模同比降三成,中国经营报
2019-09-23,宝钢股份：宝钢财务公司吸收合并武钢财务公司,Wind
2019-09-23,钢铁：降库放缓扰乱节奏 荐5股,爱建证券
2019-09-23,【国信钢铁】行业周报（9月16日- 9月22日）：节日影响降库，钢价上行受阻,国信钢铁
2019-09-23,宝钢股份宝山基地炼铁厂专门成立“黑金之光”团队,兰格钢铁网
2019-09-23,制造业营收拔头筹 产业链升级踩油门,中证报
2019-09-21,目标全球第一 亿吨级钢铁“巨无霸”来了,新浪
2019-09-20,【川财研究所*常规报告】宝信软件（600845）：宝之云IDC加速推进，公司全年增长可期,川财研究
2019-09-20,武钢有限助力重庆首条自主研发胶轮导轨电车交通项目,兰格钢铁网
2019-09-19,马鞍山钢铁股份(00323.HK)：中国宝武成为间接控股股东 触技术全购 控制人变化,格隆汇
2019-09-19,宝武钢铁集团与马钢集团重组实施协议在合肥签署,新浪
2019-09-19,宝武钢铁集团与马钢重组实施协议今日签署，安徽国资委将划转马钢股权,Wind
2019-09-19,宝钢股份：发行债务融资工具获得中国银行间市场交易商协会接受注册,Wind
2019-09-19,宝钢股份(600019.SH)发行债务融资工具获接受注册,格隆汇
2019-09-18,2018年普钢上市公司改革管理热点及趋势性变化分析 （上篇）,兰格钢铁网
2019-09-17,中电信工业互联网平台秀肌肉：百吨重载框架车无人驾驶运货,澎湃新闻
2019-09-17,【国信钢铁】行业周报（9月23日- 9月29日）：节前限产超预期，钢价偏强震荡,国信钢铁
2019-09-17,工博会｜宝钢技术：深度融合5G等技术，构建智能运维新模式,澎湃新闻
2019-09-17,【国信钢铁】行业周报（10月7日-10月13日）：秋季限产有望加严,国信钢铁
2019-09-16,宝钢股份：19H1业绩下滑符合预期，武钢有限负债表夯实 盈利能力下降,商品价值链研究
2019-09-16,宝钢股份：武钢有限负债表夯实 增持评级,中信建投
2019-09-16,美联储或迎来年内二次降息 华为全联接大会召开在即 华为全联接大会召开在即,信息时报
2019-09-12,这个零部件选好了，中国半挂车就可以更强！,工程机械商贸
2019-09-11,酒钢集团氢冶金研究院成立,中国能源网china5e
2019-09-10,中韩石化发布社会责任报告,中国经济网
2019-09-10,宝钢股份：独立董事夏大慰辞职 董监高成员变化,Wind
2019-09-09,【每日金属资讯】印尼将研究加快出台铝土矿出口禁令、宝钢发布10月份期货价格政策,有色钢铁杨坤河
2019-09-09,宝钢加码上海宝山基地：投资24亿优化“工艺品”无取向硅钢,澎湃新闻
2019-09-07,【提示】这个项目将助力新能源车强“心”！,上海发布
2019-09-06,【天风研究·固收】转债日报（9月10日）,固收彬法
2019-09-05,【新时代新作为新篇章】事关上海未来发展！央企合作再启新程，一批重大项目落地上海,上观
2019-09-05,打响蓝天保卫战：鄂钢拆除两座35吨小转炉,兰格钢铁网
2019-09-04,十年宝钢“芯”，宝钢发力新能源汽车驱动电机用钢，国内市场占有率达6成,21世纪经济报道
2019-09-04,报告 | 2019年8月上海A股上市公司市值TOP50,挖贝网
2019-09-04,马钢(00323-HK)：宝钢的H股要约获发改委授出境外投资备案通知,财华社
2019-09-03,马钢股份：宝武集团可能要约收购公司全部已发行H股获国家发改委备案,Wind
2019-09-03,上市公司优势还是有的！2万多亿融资，平均成本不到4%,Wind
2019-09-03,“中考”超常发挥公司名单出炉，竟诞生了这26只翻倍牛股,e公司
2019-09-01,上半年A股公司赚2.14万亿，超八成公司业绩掺“水分”,21世纪经济报道
2019-09-01,2018年中国特钢行业市场现状及发展趋势分析 尚存较大发展空间 产品将向中高端发展,前瞻研究院
2019-08-30,上市公司8300亿闲钱买理财，1.5万亿债券融资，这17家有点不一样,Wind
2019-08-30,银河证券：静待旺季需求放量和限产政策支撑钢价,证券时报网
2019-08-30,"钢铁行业周报:钢材连续两周降库,成交仍未见明显好转",爱建证券
2019-08-30,"钢铁行业周报:库存高位下降,钢价弱势震荡",国信证券
2019-08-29,【华创通信·公司深度】宝信软件：双擎领航—工业软件需求加速释放，IDC厚积薄发孕育新成长,华创通信研究
2019-08-29,宝钢股份子公司东方付通违法遭罚 违反支付业务规定 关联方问题,中国经济网
2019-08-28,再上新台阶 金风科技获得“全国质量奖”,质量新闻网
2019-08-28,2018年不同资产规模上市公司盈利状况：偏小者盈利较优偏大者稳定性更高,钢铁新闻网
2019-08-27,宝钢股份网上业绩说明会核心纪要：预期今年后期汽车市场逐步回升，但工程机械等行业的需求不太乐观,不止是钢货
2019-08-27,"宝钢股份2019年半年报点评:降本增效、产品高端,护城河稳固",国信证券
2019-08-26,广东省市场监管局抽查20批次摩托车乘员头盔产品 不合格2批次 产品问题,质量新闻网
2019-08-26,A股早报2019年8月26日星期一,Wind
2019-08-26,宝钢股份：汽车产销下行幅度超出预期,证券时报网
2019-08-24,A股重磅利好：富时罗素“加仓”两倍 84股成“新宠”,新浪
2019-08-24,A股重磅利好来了！全球指数巨头大举“加仓”两倍，84只个股成“新宠”！超千亿外资下周进场扫货，刚净买112亿九周新高！,中国基金报
2019-08-24,名单来了！富时罗素宣布79只A股纳入旗舰指数，各路外资正在加码！北上资金年内净流入已超千亿,证券时报网
2019-08-23,56家A股上市钢企，18家股价跌破净资产！去年大爆发的钢铁行业，今年咋降温了,央视
2019-08-23,"外资杀了回马枪!陆股通创近9周最大净买入,QFII二季度增持这些股",证券时报
2019-08-23,周期顶部还是底部？ 钢企业绩大幅度滑坡，投资者何去何从 盈利能力下降,央视
2019-08-23,年底前上市公司还有4000多亿债券要兑付，这些家或有风险,Wind
2019-08-23,[路演]宝钢股份：今年上半年公司成本削减超额完成目标,全景网
2019-08-22,【中泰钢铁|公司点评】宝钢股份-成本削减提升安全边际,钢铁俱乐部
2019-08-22,【每日金属资讯】金钼股份上半年净利润同比+83%、盛达矿业上半年净利润+9%、宝钢股份上半年净利润同比减少38%,有色钢铁杨坤河
2019-08-22,A股头条之上市公司（8.23）,金融界
2019-08-22,公告精选：中国人寿上半年净利同比增128.9%；读者传媒提示风险,e公司
2019-08-22,半年净利近62亿 宝钢股份：业绩达预期,澎湃新闻
2019-08-22,宝钢股份2019年上半年实现净利润61.87亿元 同比降38.19% 盈利能力下降,证券时报
2019-08-22,行业景气度不在！中国神钢也扛不住下滑，半年少赚了40亿 盈利能力下降,21世纪经济报道
2019-08-22,宝钢股份(600019.SH)拟回购注销167.37万股限制性股票,格隆汇
2019-08-22,宝钢股份：上半年净利同比下降38% 盈利能力下降,e公司
2019-08-22,宝钢股份(600019.SH)半年度净利润降38.19%至61.87亿元 盈利能力下降,格隆汇
2019-08-22,宝钢股份中报：上半年净利润61.87亿元，同比下降38.19%,Wind
2019-08-22,【方正有色】云海金属(002182)：成本优势+下游延伸，盈利能力改善,方正证券研究
2019-08-21,人工智能全面赋能产业链 上海打造“AI+”城市生态,第一财经
2019-08-21,宝信软件：软件信息化业务受益于钢铁行业整合,证券时报网
2019-08-21,AI＋钢铁：中国宝武董事长3000米外一键炼钢,澎湃新闻
2019-08-21,23家钢铁上市公司2018年偿债状况分析,中国冶金报
2019-08-21,【川财研究所*业绩点评】宝信软件（600845）：受益于宝武整合的持续推进，深耕智能制造服务,川财研究
2019-08-21,【通信-宝信软件(600845)】吴友文、陈宁玉：业绩符合预期，智慧制造产业服务能力不断提升-20190820,中泰证券研究所
2019-08-21,宝信软件:IDC推进顺利、智能制造需求高涨,东北证券
2019-08-20,【新时代计算机 田杰华团队】宝信软件：业绩符合预期，云计算建设需求驱动IDC业务持续成长,新时代证券研究
2019-08-20,【申万宏源通信】宝信软件19H1点评：钢铁IT与IDC需求无虞，关注长期成长,申万宏源通信研究
2019-08-20,逆势增资引发猜想 华宝信托上市方案将有新进展？,国际金融报
2019-08-20,"钢铁行业周报:钢厂减产增加,库存下降来迟",国信证券
2019-08-20,"钢铁行业周报:电炉减产显现,钢材利润回升",爱建证券
2019-08-19,上海制造哪家强？细数刚刚发布的2019上海制造业企业百强榜（附榜单）,上观
2019-08-19,2019上海企业百强出炉！入围门槛提升近10亿，21家企业营收超千亿！（附榜单）,上观
2019-08-15,【国信钢铁】行业周报（9月2日- 9月8日）：金九银十，降库提速,国信钢铁
2019-08-15,【国信钢铁】行业周报（8月19日- 8月25日）：库存高位下降，钢价弱势震荡,国信钢铁
2019-08-15,【国信钢铁】宝钢股份(600019.SH)财报点评：降本增效、产品高端，护城河稳固,国信钢铁
2019-08-15,【国信钢铁】行业周报（8月12日- 8月18日）：钢厂减产增加，库存下降来迟,国信钢铁
2019-08-15,宝钢黄石公司搬迁 同步建设新港项目,兰格钢铁网
2019-08-15,"重庆钢铁:降本增效显著,助公司盈利稳健性优于行业",光大证券
2019-08-14,攀钢晋升为“最具专利创新力企业”亚军,兰格钢铁网
2019-08-13,【中泰钢铁|每日速递】山东区域钢厂：将减限产 维护市场稳定运行,钢铁俱乐部
2019-08-13,【国君钢铁|每日跟踪】上海螺纹3670，兰州建立淘汰落后产能淘汰机制,鹏飞论钢
2019-08-13,黄石与中国宝武集团签订战略合作协议 将推进宝钢搬迁,新华网
2019-08-13,黄石与宝武集团签订战略合作协议 推动黄石绿色网络型钢厂合作,湖北日报
2019-08-12,钢铁业重大事项：沙钢集团30天内两次开会要求“降本增效”、包钢集团债转股工作取得初步成果，酒钢董事长与宝武客人座谈,不止是钢货
2019-08-11,"中信建投钢铁周观点第61期：供需矛盾仍在,压力传向钢厂",商品价值链研究
2019-08-08,湛江钢铁三高炉系统项目炼钢渣处理BOO工程正式开工,兰格钢铁网
2019-08-08,武钢有限吨钢综合能耗指标创历史最优,兰格钢铁网
2019-08-07,宝钢股份强烈推进新一轮成本变革：降本是抵御风险的首要保证，成本变革为“公司五大核心能力之首”,不止是钢货
2019-08-07,近2000家企业技术中心筑起上海产业技术创新要素新高地（附十强榜单）,上观
2019-08-07,我国钢管企业首次牵头修订API标准,兰格钢铁网
2019-08-07,宝钢股份跌0.51%，创年度新低，报5.88元,腾讯网
2019-08-06,钢铁板块的冰与火：股票已整体跌回至供给侧改革以前，但债券信用利差创6年新低,不止是钢货
2019-08-06,宝钢股份将独资设立宝钢盐城钢铁有限公司,宝钢股份
2019-08-06,工业追梦人庞邢健 : 绿色智能制造的幕后英雄,中自网
2019-08-06,宝钢股份高端套管再显“入地”实力 在亚洲陆上第一深井连创两项纪录,国资委
2019-08-06,我国电工钢市场竞争加剧,中国冶金报
2019-08-06,后期将加快向中高端电工钢发展,钢铁新闻网
2019-08-06,【中泰钢铁|月度跟踪】淡季盈利低位徘徊,钢铁俱乐部
2019-08-06,"钢铁行业周报:铁矿石港口库存转增,矿价下跌",国信证券
2019-08-05,报告 | 2019年7月上海A股上市公司市值TOP50,挖贝网
2019-08-05,宝信软件（600845）深度：IDC行业“核心资产”，智能制造助力腾飞,国信研究
2019-08-02,“氢能炼铁”哪家强？,钢铁新闻网
2019-08-01,中国宝武加快盘活存量工业用地：首个租赁住房项目正式开工,澎湃新闻
2019-07-31,国企改革“双百企业”扩围新增48家名单，多家上市公司入围,Wind
2019-07-31,揭开重点钢铁上市公司3类利润指标神秘面纱,中国冶金报
2019-07-31,"有色金属行业周报:供需格局显著改善,钼系产业链迎来结构性投资机会",长城证券
2019-07-30,黑色系7月30日价格继续波澜不惊：沪螺稳定、热卷跌0.5%、水泥回涨0.1%,不止是钢货
2019-07-30,宝钢股份独资5亿设立盐城钢铁，将对标世界最先进精品钢工厂进行建设,上观
2019-07-30,宝钢股份：将独资设立宝钢盐城钢铁有限公司，注册资本5亿元,澎湃新闻
2019-07-30,宝钢股份：第七届董事会第九次会议决议公告,上交所
2019-07-29,宝钢股份：公司董事辞职 董监高成员变化,Wind
2019-07-29,"云海金属公司动态点评:净利润超预期增长,上游硅铁扩建与下游精深加工项目齐发力",长城证券
2019-07-28,现场|探访宝中国宝武黑灯工厂，5G如何助力智慧钢厂,第一财经
2019-07-25,陆家嘴观察丨白酒没劲儿了？金融地产龙头股咋又来劲儿了？,央视
2019-07-25,恒指窄幅震荡 成交不足600亿,南方财经网
2019-07-24,中国宝武将控股马钢集团51%股权，马钢命运或被改写,财华社
2019-07-24,资产结构良性调整 短期偿债水平提高,中国冶金报
2019-07-24,"有色金属行业周报:白银厚积薄发展现高弹性,工业金属价格有望企稳回升",长城证券
2019-07-23,【中泰钢铁|每日速递】我国6月出口板材320万吨，同比下降18.8%,钢铁俱乐部
2019-07-23,宝钢实现3KM远程5G炼钢：26分钟出钢，成分指标全在标准范围内！,不止是钢货
2019-07-23,“宝马合并”触发要约收购，中国宝武拟51.5亿港元拿下马钢H股,格隆汇
2019-07-23,距离3000米“一键炼钢” 中国宝武探索智慧制造新工艺,新华网
2019-07-23,51.47亿港元！中国宝武拟溢价要约收购马钢股份全部H股,证券日报
2019-07-23,上海农商银行“甩卖”不良贷款降不良率 低价募股或致国资流失,中金在线
2019-07-23,宝钢股份宝山基地厚板部日产创佳绩,兰格钢铁网
2019-07-23,马钢升近2% 收购土地建生产线及发电项目,新浪
2019-07-23,马钢(00323-HK)：宝钢按每股2.97港元向H股提强制性现金要约,财华社
2019-07-23,马鞍山钢铁股份：中金代表宝钢按每股2.97港元提出可能强制性现金要约,Wind
2019-07-23,马鞍山钢铁股份(00323.HK)获宝钢香港折让约17.04%提要约收购全部H股,格隆汇
2019-07-22,中国宝武打造“智慧钢厂”,中新网
2019-07-22,钢铁：板块处低配 荐4股,国信证券
2019-07-19,宝钢股份绿色钢铁推进汽车行业节能减排,兰格钢铁网
2019-07-19,十大公募基金重仓股之博时基金：二季度加仓金融，买卖两桶油,每日经济新闻
2019-07-18,宝武集团两家企业定修任务完成,兰格钢铁网
2019-07-18,"钢铁行业2019中报前瞻:预计二季度板块业绩环比回升43%,但三季度仍然承压",申万宏源
2019-07-17,【国信钢铁】行业周报（8月5日- 8月11日）：矿价、钢价大跌，市场情绪偏弱,国信钢铁
2019-07-17,【国信钢铁】行业周报（7月15日-7月21日）：限产再加码，板块处低配,国信钢铁
2019-07-17,科创板又现“擅改招股书”！证监会责令中信证券30天内上报内控整改报告 其他违规处罚,第一财经
2019-07-17,金风换帅背后玄机：陆上霸主下海攻擂,Ofweek
2019-07-17,【国信钢铁】行业周报（7月29日- 8月4日）：铁矿石港口库存转增，矿价下跌,国信钢铁
2019-07-15,供给侧改革红利消退，钢铁板块中报预告多隐忧,Wind
2019-07-15,宝钢汽车板技术秀走进东风日产,兰格钢铁网
2019-07-14,【国君钢铁|周策略】钢材进入供需双弱格局，钢价震荡运行,鹏飞论钢
2019-07-12,上市公司高股息比拼“宝宝”军团，63只“现金奶牛”名副其实,Wind
2019-07-11,金风科技(02208.HK)选举武钢为董事长,格隆汇
2019-07-11,华宝信托产品“套牢”上市公司,中国经济网
2019-07-11,2019年财富中国500强分行业榜：钢铁类,我的钢铁
2019-07-11,跨国企业本外币集中运营 上海总部经济增强“磁力”,第一财经日报
2019-07-09,宝钢包装旗下四子公司获增资超11亿元,证券日报
2019-07-08,【国君钢铁|周策略】限产改善供求矛盾，三季度钢价不悲观,鹏飞论钢
2019-07-08,社论：整合国企资源做优国有资本,第一财经
2019-07-08,这个第一厉害了 让中国成为世界第一产钢大国,央视
2019-07-08,羡慕特斯拉？上海宝山，一座中国版“超级工厂”正在浮出水面,上观
2019-07-06,事涉非标资金池 华宝信托产品“套牢”上市公司,中国经营报
2019-07-05,宝钢股份今日大宗交易成交37.08万股，成交价6.61元折价-0.3%,Wind资讯
2019-07-05,宝钢特钢明确下阶段环保重点,兰格钢铁网
2019-07-03,如何批量抓涨停？关注这板块的25只股票！,搜狐
2019-07-03,报告 | 2019年6月上海A股上市公司市值TOP50,挖贝网
2019-07-03,钢铁企业要重视全方位的超低排放,中国冶金报
2019-07-03,南北船近万亿资产重组 独闯市场20年后再做一家人,长江商报
2019-07-01,【中泰钢铁|月度跟踪】关注环保限产持续性,钢铁俱乐部
2019-07-01,"宝信软件:低价收购武钢工技,钢铁信息化整合持续推进",国元证券
2019-06-29,中国宝武董事长陈德荣：“亿吨宝武”或于明年年底提前实现,Wind
2019-06-28,欧冶云商20亿股权融资：国调基金、中证投资等入局 宝武系持股降至60%,21世纪经济报道
2019-06-28,【东兴军工】钢研高纳系列报告之二：收购新力通，打造军民协同产业链,军工e洞察
2019-06-27,上海农商行拟登陆A股 股权整改尚须完成,金融投资报
2019-06-26,【晨会聚焦】苏宁易购：被低估的零售龙头,中泰证券研究所
2019-06-25,周二最新重磅公司传闻集锦(6月25日),证券之星
2019-06-24,宝信软件拟近3亿元购武钢工技100%股权 标的2018年亏损达2.29亿元 投资失误,e公司
2019-06-24,6月24日上市公司晚间公告速递,新浪
2019-06-24,钢铁板块迎来久违大涨，低估值+高分红相关标的有望受益,第一财经
2019-06-24,【申万宏源通信】宝信软件：整合预期再兑现，长期成长无忧！,申万宏源通信研究
2019-06-23,【国君钢铁|周策略】矿价保持强势，需求淡季钢价趋弱,鹏飞论钢
2019-06-19,【国信钢铁】行业周报（7月8日-7月14日）：限产抑制产量，雨季影响需求,国信钢铁
2019-06-19,【国信钢铁】行业周报（7月1日-7月7日）：环保限产力度影响产业链利润分配,国信钢铁
2019-06-18,【国君钢铁|公司深度】重庆钢铁——西南地区龙头钢企，地区优势明显,鹏飞论钢
2019-06-18,宝钢湛江钢铁三高炉系统项目烧结工程开工,兰格钢铁网
2019-06-18,宝钢无缝钢管厂两项改造项目将开工,兰格钢铁网
2019-06-18,历数五次跨界养猪潮，互联网大佬们或已押对风口,虎嗅网
2019-06-18,高股息策略全军覆没，加入此因子后收益轻松跑赢市场！,养基司令
2019-06-17,都是套路！先拿控制权后重组，整合“大戏”在后头,Wind
2019-06-17,宝钢股份：铁矿石基本面中长期看依然供过于求,e公司
2019-06-16,记者观察：钢铁股蓝筹化之路坎坷几多？,每日经济新闻
2019-06-14,中国宝武：深入推进“三治四化”加快建设绿色城市钢厂,兰格钢铁网
2019-06-12,3公司获得增持评级-更新中,中财网
2019-06-12,证券时报头版：“央地”联动，地方国企加盟央企提速,证券时报
2019-06-11,"钢铁行业周报:需求小幅下滑,钢厂利润收缩",国信证券
2019-06-10,福然德：供应商“兼职”大客户，募投项目官宣数据“打架”,中金在线
2019-06-06,杭钢股份重组杭钢集团谋整体上市 3年前重组标的顺利兑现承诺,长江商报
2019-06-05,报告 | 2019年5月上海A股上市公司市值TOP50,挖贝网
2019-06-04,“中国神钢plus”的出炉，对马钢来说究竟意味着什么？,挖贝网
2019-06-04,钢企兼并重组进行时！大钢企时代已来临,长江有色
2019-06-04,中国宝武重组马钢集团，“亿吨宝武”目标可期,环球老虎财经
2019-06-04,控股股东51%股份划中国宝武 马钢股份即将易主国资委,新浪
2019-06-04,宝武重组马钢“官宣” 专家称钢铁业兼并重组刚到“上半场”,中国网
2019-06-04,宝武钢铁“收编”马钢集团 “中国神钢”剑指亿吨产能,21世纪经济报道
2019-06-04,钢铁行业周报:宝武重组马钢产量达8700万吨,爱建证券
2019-06-03,中国宝武兼并马钢集团之后：更多的兼并重组或许在路上,经济观察网
2019-06-03,宝钢股份今日大宗交易成交1050万股，成交价6.38元折价0.0%,Wind资讯
2019-06-03,中国宝武重组马钢集团:距全球最大钢企差几百万吨,澎湃新闻
2019-06-03,国泰君安中小盘·重点推荐信息更新【宝信软件（600845）:中国宝武“无偿”收购马钢，公司信息化业务有望再加速】,易研九鼎
2019-06-03,宝武集团合并马钢开启新一波兼并重组，钢铁业投资机会或将来临,21世纪经济报道
2019-06-03,中国宝武重组马钢集团！国内首家近亿吨级钢铁巨头诞生,中证报
2019-06-03,Lgmi：“钢铁航母”再添新成员，亿吨“超级钢企”指日可待,兰格钢铁网
2019-06-03,宝马联盟正式合并：中国第一钢厂合并产能超美国全国,新浪
2019-06-03,钢铁：建议关注景气偏好的油气用管板块,广发证券
2019-06-03,“钢铁航母”启航！“中国神钢”重组马钢，冲击亿吨“钢铁巨无霸”,上游新闻
2019-06-03,中国钢铁巨无霸“收编”马钢集团 宝武集团再推中国钢铁业重组,21世纪经济报道
2019-06-03,【申万宏源通信】宝信软件：宝武收购马钢，行业整合带动信息化需求持续增长,申万宏源通信研究
2019-06-03,宝武重组马钢 无偿获得后者51%股权,新京报
2019-06-03,中国宝武“收编”马钢集团 钢铁业兼并重组再进一步,华夏时报
2019-06-03,"钢铁行业宝武集团无偿受让马钢集团控股权点评:集团层面并购,协同效应仍需观察",申万宏源
2019-06-03,"钢铁行业周报:库存拐点临近,钢价承压",国信证券
2019-06-02,【华泰钢铁*行业点评】“宝马重组”，开创跨国资委先例,华泰钢铁煤炭研究
2019-06-02,宝武集团拟收购马钢集团51%股份 马钢股份实际控制人将变身国务院国资委,证券日报
2019-06-02,钢铁：关注梅雨季对需求的影响 荐5股,中泰证券
2019-06-02,官宣！马钢集团被宝武集团收归，省属国企变央企,经济观察网
2019-05-31,2019格隆汇首届大中华区A股最佳上市公司评选名单揭晓,格隆汇
2019-05-31,券商看好1011家A股公司 三行业61只潜力股成香饽饽,证券日报
2019-05-30,宝钢股份短期融资券发行 总额为20亿元,挖贝网
2019-05-28,宝钢股份高炉炉前作业自动化改造项目将开工,兰格钢铁网
2019-05-28,钢铁行业周报:全国高炉产能利用率连续三周低于去年同期,光大证券
2019-05-27,Lgmi：上市钢企业绩缩水二季度仍不乐观,兰格钢铁网
2019-05-27,宝钢股份每股派发现金红利0.5元 共计派发现金红利111.38亿,挖贝网
2019-05-27,【国信钢铁】行业周报（5月20日-5月26日）：供需两旺，成本支撑螺纹价格上行,国信钢铁
2019-05-27,[互动]宝钢股份：将积极应对汽车行业下滑,全景网
2019-05-26,宝钢股份(600019.SH)拟每股派0.5元 股权登记日为5月30日,格隆汇
2019-05-25,下周主流机构最看好的板块个股,都市快报
2019-05-24,"钢铁行业环保高压下的钢铁专题二十四:《关于推进实施钢铁行业超低排放的意见》发布,超低排放改造启动,落后产能将逐步退出,环保基础好钢企更受益",广发证券
2019-05-24,宝钢湛江钢铁三高炉冷轧工程2标将开工,兰格钢铁网
2019-05-24,“融资客”逆势增仓潜伏这些个股有肉吃？,重庆商报
2019-05-23,13公司获QFII连续三季度加仓 偏爱两领域 普遍越跌越买,大众证券报
2019-05-21,武钢有限热轧三分厂1号加热炉改造项目点火成功,兰格钢铁网
2019-05-21,宝信软件：IDC及软件开发双轮驱动 买入评级,广发证券
2019-05-21,以量补价效益优先 方大炭素做强做大主业,证券日报
2019-05-21,第四批国企混改试点骤增至160家 社保基金提前布局相关概念股,证券日报
2019-05-21,"钢铁行业周报:4月房地产数据全面回升,需求预期好转",爱建证券
2019-05-20,以量补价 争取效益最大化 方大炭素争做世界第一炭素强企,证券日报
2019-05-20,【国信钢铁】行业周报（5月13日-5月19日）：矿价突破百元大关，钢厂盈利仍有韧性,国信钢铁
2019-05-20,融资客青睐8股，外高桥买入占比高达48.23%,Wind
2019-05-19,【国君钢铁|每日跟踪】上海螺纹3960，2019唐山市钢铁工业协会二届九次理事会议召开,鹏飞论钢
2019-05-18,宝钢股份：2018年度股东大会决议公告,上交所
2019-05-18,近六成QFII持仓股月内跑赢大盘 14只重仓股被机构扎堆看好,证券日报
2019-05-17,环境部：宝钢特钢等企业超标排污,科技日报
2019-05-16,快讯：钢铁股盘中走强 宝钢股份逼近涨停,新浪
2019-05-15,华宝信托多款产品出风险 违规发放信托贷款被处罚 其他违规处罚,新浪
2019-05-14,中信建投钢铁周报：高产量下库存去化趋缓，短期重点推荐特钢板块,商品价值链研究
2019-05-14,上证50成份股事件周报（2019.05.06-2019.05.12）,爱建证券研究所
2019-05-13,【国信钢铁】行业周报（5月6日-5月12日）：高产量下钢厂利润双向承压 盈利能力下降,国信钢铁
2019-05-12,【国君钢铁|周策略】钢铁新常态：行业两大变化,鹏飞论钢
2019-05-12,钢企过得怎么样？,岳读债市
2019-05-10,河钢最高涨90 宝钢6月挺价！钢价还跌吗？,我的钢铁
2019-05-10,宝钢股份2019年6月价格发布,宝钢股份董秘室
2019-05-10,江苏钢铁行业布局大调整：退出环太湖 转移至沿海,澎湃新闻
2019-05-10,【国信钢铁】行业周报（6月3日-6月9日）：需求小幅下滑，钢厂利润收缩,国信钢铁
2019-05-08,宝武首季经营性利润行业第一,钢铁新闻网
2019-05-07,【华泰钢铁*财报总结】18Q4-19Q1钢铁行业景气度下行,华泰钢铁煤炭研究
2019-05-07,MSCI纳入因子提升在即 或引300亿元增量资金,证券日报
2019-05-06,有色金属：美联储维持联邦利率 下调超额存款准备金率5个基点,申万宏源
2019-05-06,五大机构首季持仓新动向 社保基金新增持291家公司,证券日报
2019-05-06,QFII新进276只个股 偏爱休闲服务等三大行业,证券日报
2019-05-06,钢铁行业板块2018年报及2019年一季报综述:钢铁行业盈利创历史新高后回归理性,光大证券
2019-05-05,【中泰钢铁|月度跟踪】供需博弈趋缓，钢价波动或收敛,钢铁俱乐部
2019-05-05,报告| 2019年3月上海A股上市公司市值TOP50,挖贝网
2019-05-03,"国海证券：将宝钢股份评级调低为""增持""",Wind
2019-05-02,大摩：最新中港市场焦点股及估值预测,格隆汇
2019-05-01,钢铁股的无奈：总市值仅相当于半个茅台、在基金重仓股中仅占0.12%,不止是钢货
2019-05-01,4月北上资金净流出180亿，QFII最新出逃股名单曝光,21世纪经济报道
2019-04-30,宝钢股份2018年利润达278.2亿元,钢铁新闻网
2019-04-30,华宝信托年报看点,21世纪经济报道
2019-04-29,"钢铁行业周报:需求旺盛,产量猛增,钢价胶着",正点财经
2019-04-29,【国君钢铁|周策略】库存去化，供给上行空间有限,鹏飞论钢
2019-04-28,中信建投钢铁周报：盈利大幅下降的一季报也隐含着钢企强弱分化在加剧 盈利能力下降,商品价值链研究
2019-04-28,江南造船新闻－江南造船动态,国际船舶
2019-04-28,钢铁：供强需弱库存去化暂缓 荐7股,东兴证券
2019-04-28,钢铁：机构配置继续探底 非钢标的成投资亮点,和讯
2019-04-28,陆家嘴财经早餐2019年4月28日星期日,Wind
2019-04-27,宝钢股份：汽车板销量稳居全球前三位,Wind
2019-04-27,2996份年报亮出A股成长能量 三大指标掘金潜力股,证券日报
2019-04-27,云计算板块投资热情高涨 六股绝佳布局良机,中证报
2019-04-26,"宝钢股份:降本增效深入,静候汽车行业破局",国信证券
2019-04-25,【申万宏源煤炭钢铁】宝钢股份（600019）2018年报及2019年一季报点评：18全年稳增长，19Q1业绩下滑 盈利能力下降,申万宏源钢铁
2019-04-25,钢价下跌原燃料涨价 钢企一季度业绩普遍遇冷,e公司
2019-04-25,宝钢发力智能制造，探索工业互联网5G应用,第一财经
2019-04-25,宝钢股份去年净利216亿元 同比增长13% 董事长邹继新未从公司领取薪酬,挖贝网
2019-04-25,上海农商行董事长、行长到位，审议IPO相关议案，A股备战能否提速？,经济观察网
2019-04-25,钢价上涨 宝钢股份2018年营收净利双增,北京商报网
2019-04-25,[路演]宝钢股份：2019年出口销售规模目标为400万吨左右,全景网
2019-04-25,[路演]宝钢股份：下游建筑桥梁行业将迎来“井喷期”,全景网
2019-04-25,[路演]宝钢股份：预计2019年财务费用较去年将有所下降,全景网
2019-04-25,[路演]宝钢股份：汽车板等优势产品销量保持较好水平,全景网
2019-04-25,[路演]宝钢股份：汽车行业增速有望高于预期,全景网
2019-04-25,[路演]宝钢股份：一季度部分产品实现了全球首发,全景网
2019-04-25,[路演]宝钢股份：预计上半年业绩将同比低于去年同期,全景网
2019-04-25,[快讯]宝钢股份公布2018年年度分红方案,中财网
2019-04-25,宝钢股份：2018年净利润同比增12.49%,Wind
2019-04-24,公告精选：益生股份等一季度业绩大增；天津磁卡重组被否,e公司
2019-04-24,宝钢股份：一季度净利27.26亿元 同比下滑45.7% 盈利能力下降,e公司
2019-04-24,宝钢股份：一季度净利润27.26亿元，同比下降45.7%,Wind
2019-04-24,Lgmi：新形势下城市钢厂的发展之路,兰格钢铁网
2019-04-22,【国君钢铁|周策略】库存继续去化，板块维持乐观,鹏飞论钢
2019-04-22,建材：简论周期品投资的春耕与秋收 荐5股,和讯
2019-04-22,东兴研究 | 周观点20190422,东兴研究圈
2019-04-20,宝钢股份短期融资券发行 总额为30亿元,挖贝网
2019-04-19,朱可炳离任 朱永红华宝信托董事长任职资格获批,每日经济新闻
2019-04-19,"2019年1~2月钢铁行业数据点评:限产力度较弱,长流程钢厂增产推动产量高增长,库存进入快速去化通道,钢价将维持反弹走势",正点财经
2019-04-19,宝钢股份(600019.SH)完成发行30亿元超短期融资券,格隆汇
2019-04-18,04月18日 盘中突破年线个股一览,每日经济新闻
2019-04-17,今年中国煤炭进口变量尤多,中国能源网china5e
2019-04-17,央企“晒”成绩单利润4265亿实现开门红,北青网
2019-04-17,上市公司配股融资之风渐起 火热背后原因何在,第一财经
2019-04-16,央企重组预期升温 国资委回应“两船”合并进展关切,新华网
2019-04-16,国资委三个“可以”回应格力混改 “两船”合并会按有关规则和要求公布,每日经济新闻
2019-04-16,"钢铁行业周报:社融超预期,普钢供需双旺,特钢空间广阔",正点财经
2019-04-16,国资委彭华岗：央企重组要按照市场化原则 成熟一户推动一户,观点地产网
2019-04-16,宝钢股份焦炉装煤车环保改造项目完工,兰格钢铁网
2019-04-16,钢材需求超出预期 谨防供应端压力,大宗内参
2019-04-15,宝钢包装扣非净利扭亏为盈 四子公司获宝武集团增资迎转型升级,证券日报
2019-04-14,【国君钢铁|周策略】社融超预期，高需求消灭高供给,鹏飞论钢
2019-04-13,宝钢股份短期融资券发行 总额为30亿元,挖贝网
2019-04-12,【华泰有色李斌团队】国改红利: 甄选精品民企谋大势，强强联合改革激发活力,华泰研究所有色金属
2019-04-12,"宝钢股份:2019年5月期货出厂价点评,五月出厂价稳中有涨,有望利好Q2业绩",光大证券
2019-04-10,宝钢股份2019年5月价格发布,宝钢股份董秘室
2019-04-10,宝信软件：IDC向全国布局 买入评级,和讯
2019-04-09,【申万宏源有色】20190404周报：周期向好情绪高昂，短期看好云铝、云铜，钴价超跌反弹,申万有色公众平台
2019-04-08,钢铁行业周报:高度关注唐山二三季度钢铁错峰生产执行力度,光大证券
2019-04-07,【国君钢铁|周策略】宏观预期修复，板块估值抬升,鹏飞论钢
2019-04-04,钢铁：钢铁股继续看涨 荐6股,和讯
2019-04-03,报告| 2019年3月上海A股上市公司市值排行榜,挖贝网
2019-04-02,钢铁：关注供给边际增量 荐6股,和讯
2019-04-02,金风科技去年净利32.17亿元 同比增长5% 董事长武钢年薪446万元,挖贝网
2019-04-02,【钢铁】笃慧、曹云（研究助理）：关注供给边际增量-20190401,中泰证券研究所
2019-04-02,【晨会聚焦】4月资产配置观：一波三折，去伪存真,中泰证券研究所
2019-04-02,A股将开启第二轮上涨 116只放量股被机构看好,证券日报
2019-04-01,中信建投黄文涛：关注滞涨行业板块或业绩支撑较好的个股,中信建投
2019-04-01,中国钢铁企业为何大而欠强？,澎湃新闻
2019-04-01,有色金属：PMI回升高于市场预期 荐2股,申万宏源
2019-03-31,中信建投钢铁周报：PMI重回50上方，三钢闽光分红超预期有望提振钢铁股,商品价值链研究
2019-03-31,【国君钢铁|周策略】需求强势，钢价偏强运行,鹏飞论钢
2019-03-30,基于历史的复盘——当前猪周期和股票处于什么位置？【天风农业】,吴立话农业牛股
2019-03-29,03月29日 盘中突破半年线个股一览,每日经济新闻
2019-03-28,【重磅|深度，开源煤炭石化】平煤股份：“精煤战略”稳固业绩，高分红有望抬升估值,能源观察站
2019-03-28,中国宝武关于宝山钢铁股份有限公司等产能出让方案的公告,上海有色
2019-03-27,"财富证券：将宝钢股份评级调低为""谨慎推荐"" 投资评级恶化",Wind
2019-03-27,有色金属：黄金板块建议积极逢低买入 荐1股,申万宏源
2019-03-27,有色金属：镁价上涨关注云海金属 重申持续推荐黄金,申万宏源
2019-03-25,钢铁：高库存去化速率下钢价有支撑 荐6股,东兴证券
2019-03-24,【国君钢铁|周策略】供需双强继续演绎,鹏飞论钢
2019-03-24,大型发电集团2019年加码风电资本开支 金风科技等有望分食30GW装机,e公司
2019-03-22,"云海金属年报点评:全年业绩稳步提升,牵手宝钢拓宽发展空间",正点财经
2019-03-22,"云海金属:业绩大增,宝钢入股汽车镁材有望加速",中证网
2019-03-21,【国君钢铁|每日跟踪】上海螺纹3950，天津北辰区全力淘汰落后产能助推区域实现高质量发展,鹏飞论钢
2019-03-21,民生证券：建议积极布局钢铁板块黑色产业链标的,Wind
2019-03-21,"钢铁行业:住建部提高建筑设计标准,增加钢筋需求,继续推荐钢铁",正点财经
2019-03-21,宝钢股份短期融资券发行 总额为20亿元,挖贝网
2019-03-20,中融钢铁净值上涨 请保持关注,金融界
2019-03-20,这家美股上市的武汉企业怎么了？,每经网
2019-03-20,金风科技：2018年风机设备市场招标量创历史新高,e公司
2019-03-19,"1-2月经济数据点评:地产高周转模式承压,需求中枢渐次降级",正点财经
2019-03-19,"云海金属:携手宝钢,变身镁行业应用推广先锋",正点财经
2019-03-19,中信建投：大冶特钢买入评级,中信建投
2019-03-19,年报季钢企高分红预期较浓 机构集中推荐6只个股,证券日报
2019-03-15,"上海洗霸:业绩增长符合预期,工业水龙头发展动力充沛",正点财经
2019-03-15,钢铁：宝钢大幅上调4月出厂价 荐2股,和讯
2019-03-15,[中性评级]钢铁行业2月数据点评：需求韧性和供给弹性,中财网
2019-03-14,亏损近29亿并购公司涉嫌诈骗 宁波东力要“凉凉”？,新浪
2019-03-14,[看好评级]有色金属一周回顾：最新推荐云海金属 重申持续推荐黄金 短期将迎来金价向上拐点,中财网
2019-03-14,"钢铁行业周报:看好上半年需求,钢价或将震荡上行",正点财经
2019-03-14,钢铁行业动态跟踪报告:高度关注两会期间可能的限产情况,光大证券
2019-03-13,【国君钢铁|每日跟踪】上海螺纹3890，安徽长江钢铁产能减量置换技改环境影响报告书批前公示,鹏飞论钢
2019-03-13,报！停限产来袭！期钢涨破3800 钢价再涨一波？,钢联资讯
2019-03-13,"钢铁行业周报:库存拐点如期而至,关注今年首份终端需求月度数据",爱建证券
2019-03-13,"宝钢股份2019年4月出厂价点评:四月出厂价显著上调,品牌溢价进一步提升",光大证券
2019-03-12,【申万宏源钢铁煤炭】20190312日报,申万宏源钢铁
2019-03-12,报告| 2019年2月上海A股上市公司市值TOP50,挖贝网
2019-03-12,宝钢股份短期融资券发行总额为30亿元,挖贝网
2019-03-11,【天风钢铁|日报】期市大幅下挫，原料表现弱于成材,金龙钢铁分析
2019-03-11,中信建投钢铁周报：库存高点调头向下，期货价格表现疲弱,商品价值链研究
2019-03-11,武钢有限热轧三热轧生产线计划检修信息,兰格钢铁网
2019-03-11,宝钢股份2019年4月价格发布,宝钢股份董秘室
2019-03-11,钢铁：期货价格表现疲弱 荐4股,中信建投
2019-03-11,IDC | 信息基础设施系列专题第八期,建投海外研究
2019-03-08,宝钢股份超短期融资券发行 总额为30亿元,挖贝网
2019-03-07,【天风钢铁|日报】社会库存下降 螺纹探底回升,金龙钢铁分析
2019-03-07,【国君钢铁|每日跟踪】上海螺纹3850，晋城市将重污染天气黄色预警升级为橙色预警,鹏飞论钢
2019-03-06,【国君钢铁|每日跟踪】上海螺纹3860，唐山市延长重污染天气Ⅰ级应急响应,鹏飞论钢
2019-03-06,【国信钢铁】钢铁行业周报（3月30日-4月5日）：黑色系价格下跌,国信钢铁
2019-03-06,【国信钢铁】钢铁行业周报（3月16日-3月22日）：钢材库存转降，乐观预期尚难验证,国信钢铁
2019-03-06,【国信钢铁】钢铁行业周报（3月23日-3月29日）：海外疫情发酵，板材价格承压,国信钢铁
2019-03-06,"钢铁行业周报:春季需求旺盛,支撑钢价上涨",国信证券
2019-03-05,宝钢股份：近七个月公司累计开展委托理财164.15亿元,Wind
2019-03-05,"上海洗霸:督查推动工业污水大市场,多领域拓展带动公司高成长",正点财经
2019-03-05,福州千亿元级钢铁产业基地建设进展顺利！宝钢德盛已承接炼钢产能389万吨,兰格钢铁网
2019-03-04,【国君钢铁|每日跟踪】上海螺纹3880，鞍山市启动重污染天气黄色预警,鹏飞论钢
2019-03-04,梅钢主要领导调整,我的钢铁
2019-03-02,三月A股市场展望：机构扎堆看好休闲服务等三大行业,证券日报
2019-03-01,中国宝武关于宝山钢铁股份有限公司等产能出让方案的公示,我的钢铁
2019-03-01,宝钢股份锌铝镁镀层汽车板在东风日产试冲成功,兰格钢铁网
2019-02-28,清华开发出超快速柔性电子制造技术 六股受关注,证券时报
2019-02-26,永钢与宝武环科开展环保合作,钢铁新闻网
2019-02-26,"钢铁行业周报:相对估值跌至近年低值,建议关注高分红钢企",爱建证券
2019-02-24,【国君钢铁|周策略】库存上行叠加下游成交逐步回暖，维持钢价短期震荡判断,鹏飞论钢
2019-02-24,方大特钢大手笔分红超24亿元！但它还不是赚得最多的钢铁上市公司,中金在线
2019-02-24,方大特钢大手笔分红超24亿元 上市钢企2018年全面盈利,每日经济新闻
2019-02-23,武钢和中国电力工程齐退出 长江财险控股权生变,中国经营报
2019-02-22,【天风研究·固收】转债日报（2月22日）,固收彬法
2019-02-21,【东兴钢铁】钢铁行业深度报告：只争朝夕——估值和成本视角下钢铁股短期博弈的投资价值分析,东兴研究圈
2019-02-20,【国君钢铁|每日跟踪】上海螺纹3760，2月20-24日京津冀及周边地区将出现一次区域性中至重度污染过程,鹏飞论钢
2019-02-20,武钢有限获卡特彼勒“银级优秀供应商”称号,湖北日报
2019-02-20,中泰证券：钢铁产业链整体心态较为平稳，静待需求释放,Wind
2019-02-19,【每日重点资讯】马来西亚铝土矿开采禁令到期后不再延长、武钢鄂钢公司产能置换、正海磁材在美设立子公司、安泰科技泰国启动扩产项目,微信
2019-02-19,武汉钢铁集团鄂城钢铁有限责任公司建设项目产能置换方案公告,我的钢铁
2019-02-19,"钢铁行业2018年年报业绩前瞻:业绩续创新高,低估值、高股息配置价值仍存",正点财经
2019-02-19,宝钢股份首发全球损耗最低取向硅钢,钢铁新闻网
2019-02-19,武钢、中电工程退出长江财险 湖北国资背景股东接盘,新浪
2019-02-19,2019工业互联网峰会即将召开 六股有望率先发力,证券时报
2019-02-19,钢铁行业周报:假期钢材库存超预期累积,爱建证券
2019-02-18,中信建投钢铁周报：钢价下行风险释放，需求启动可高看一线,商品价值链研究
2019-02-18,宝钢股份锌铝镁镀层汽车板在东风日产试冲获得成功,兰格钢铁网
2019-02-18,钢铁：钢价下行风险释放 荐4股,中信建投
2019-02-18,宝钢股份(600019.SH)“17宝钢MTN001”2月21日付息,格隆汇
2019-02-18,宝武钢铁基地落户盐城 加快推进精品项目建设,上海有色
2019-02-18,钢铁：关注天气对节后复工的影响 荐5股,东兴证券
2019-02-18,胡望明：盐城宝武钢铁基地定位为“未来钢厂” 确保项目早日开工,我的钢铁
2019-02-17,【国君钢铁|周策略】钢价短期震荡，防范供给风险,微信
2019-02-15,改革开放40年！中国何以成为世界钢管大国?,兰格钢铁网
2019-02-13,钢铁：兼并重组行之有效 案例复盘,和讯
2019-02-13,武钢有限电工钢生产实现“以三当四”,钢铁新闻网
2019-02-10,钢铁：关注节后冬储积极性变化 荐6股,国盛证券
2019-02-10,2018年上海上市公司市值TOP50,挖贝网
2019-02-06,【国信钢铁】钢铁行业周报（2月17日-2月23日）：复工节奏影响短期走势，政策加码改善行业预期,国信钢铁
2019-02-03,这是一份并购案例指引和系统指南！上万金融人已经验证！,并购优塾
2019-02-02,欧浦智网董事会“大换血” 金莱特实控人为董事候选人,每日经济新闻
2019-02-01,"钢铁行业业绩前瞻:全年盈利预增30%以上,但预计2019年盈利下行",中证网
2019-02-01,"钢铁行业:产业链情绪回暖,预计库存继续上行",正点财经
2019-01-31,钢铁：旺季博弈可期 荐3股,和讯
2019-01-31,三行业将领衔业绩浪基金超前布局连续四季度持仓48只个股,证券日报
2019-01-31,国内首例：湛江钢铁冷轧库区行车“无人驾驶”,兰格钢铁网
2019-01-30,宝钢股份2018年利润再创历史新高,钢铁新闻网
2019-01-30,中国宝武明确发展战略！分“三步走”，实现“万亿宝武”,钢铁新闻网
2019-01-29,宝钢股份短期融资券发行 总额为20亿元,挖贝网
2019-01-28,钢铁行业:贴水修复估值改善,正点财经
2019-01-28,"钢铁行业:基差持续缩窄,冬储逐步启动",正点财经
2019-01-25,2018年业绩表现出色 2019年钢价承压,中证报
2019-01-24,并购要看趋势！没研究过30个经典案例，别在并购圈混了！,并购优塾
2019-01-24,钢铁：基建补短板支撑需求 荐3股,和讯
2019-01-24,宝钢股份2050热轧“黄金产线”本色尽显,兰格钢铁网
2019-01-24,钢铁行业事件点评:透过唐山方案看2019年钢铁行业的环保限产和供需格局,东兴证券
2019-01-23,【天风钢铁|日报】黑色系期市窄幅盘整，现货市场成交逐日萎缩,金龙钢铁分析
2019-01-23,宝钢股份短期融资券发行 总额为20亿元,挖贝网
2019-01-22,上市钢企业绩普遍预喜 市场缘何谨慎乐观？,e公司
2019-01-22,宝钢股份荣获首届新财富最佳上市公司,宝钢股份
2019-01-22,钢铁行业12月数据点评:地产投资是全年需求定海神针,正点财经
2019-01-22,【天风研究·固收】转债日报（1月22日）,固收彬法
2019-01-22,"钢铁行业周报:库存低,累库慢,螺纹基差快速修复",国信证券
2019-01-21,【长江钢铁|宝钢股份】稳中有进，脱颖而出,长江钢铁
2019-01-21,中信建投钢铁周报：龙头股迎面赶来，钢铁股继续看涨,微信
2019-01-21,宝钢股份：18年盈利超200亿，Q4盈利好于预期,商品价值链研究
2019-01-21,【国君钢铁|每日跟踪】上海螺纹3770，环境部：钢铁行业深度治理将是2019年大气防治重点,鹏飞论钢
2019-01-21,2018年钢企业绩多预喜 最豪钢企3亿年终奖散出红包雨,上海有色
2019-01-21,宝钢股份:四季度业绩超预期,正点财经
2019-01-21,"宝钢股份:业绩超预期,中期逻辑延续",正点财经
2019-01-21,钢铁行业:逆周期调节估值修复,正点财经
2019-01-21,宝钢股份2018年净利润或超过200亿元,我的钢铁
2019-01-21,宝钢股份：稳经营、高分红 公司全年业绩依然亮眼,民生证券
2019-01-21,宝钢取向硅钢产品结构优化（一期）工程全线投产,兰格钢铁网
2019-01-21,【天风研究·固收】转债日报（1月21日）,固收彬法
2019-01-21,钢铁行业周报:唐山高炉开工大幅回升,爱建证券
2019-01-20,【国君钢铁|周策略】产业链情绪回暖叠加年报业绩预期，钢铁股短期反弹,鹏飞论钢
2019-01-19,外企在拆分，国企在合并，why,财经杂志
2019-01-19,宝钢股份2018年净利预计突破200亿元大关 同比增幅最高12%,经济观察网
2019-01-19,宝钢股份2018年净利增加15亿到23亿 去年191.7 亿元,挖贝网
2019-01-18,公告汇总：海通证券去年净利下滑约四成 盈利能力下降,网易
2019-01-18,【每日重点资讯】洛阳钼业收购TFM另外24%权益；宝钢股份、方大特钢2018年利润预增；宝钛股份2018年业绩预增超6倍,有色钢铁杨坤河
2019-01-18,公告精选：宝钢股份去年净利预增8%到12% 海通证券去年净利下滑约四成,e公司
2019-01-18,宝钢股份：2018年年度业绩报告预告,上交所
2019-01-18,[快讯]宝钢股份公布年度业绩预告,中财网
2019-01-18,"钢铁行业:节后需求或超预期,建议布局钢铁公司",正点财经
2019-01-18,宝钢股份：预计2018年度净利润同比增加8%-12%,Wind
2019-01-18,宝钢股份：2018年度净利润预增8%到12%,e公司
2019-01-18,宝钢股份2018年度业绩预增 净利润增长8%-12%,腾讯网
2019-01-18,业绩持续回升烘热钢铁板块 六股投资正当时,证券日报
2019-01-17,"宝信软件中小盘信息更新:18年业绩超预期,idc与信息化业务齐头并进",正点财经
2019-01-17,"钢铁行业周报:供改边际影响减弱,关注结构性机会",正点财经
2019-01-17,今日各大机构看好十大金股一览（2019年1月17日）,金投网
2019-01-17,兰州黄河的“脱实向虚”：炒股7年终遇鬼 主业啤酒市场已无机会,中国网
2019-01-17,宝信软件：利润激增超过五成 增长是否可持续？,面包财经
2019-01-16,【国君钢铁|每日跟踪】上海螺纹3750，工信部：严禁钢铁水泥等新上项目扩大产能,鹏飞论钢
2019-01-16,周四机构一致看好的九大金股（1.16）,证券之星
2019-01-16,【东北证券●策略专题】沪股通股票变更对于股价的定量影响分析,东北研究所策略研究
2019-01-16,"钢铁行业数据周报:社会库存持续回升,钢价持续震荡",东兴证券
2019-01-16,"宝信软件:idc业务高上架率超预期,信息化业务齐头并进",申万宏源
2019-01-15,【申万宏源钢铁煤炭】20190115日报,微信
2019-01-15,【广证恒生-计算机行业周报】2019年CES开幕，人工智能是最重要的主题之一,广证恒生
2019-01-15,武汉钢铁集团鄂城钢铁有限责任公司建设项目产能置换方案,我的钢铁
2019-01-15,【通信-宝信软件(600845)】吴友文、陈宁玉：全年业绩略超预期，IDC向全国布局-20190114,中泰证券研究所
2019-01-15,"宝信软件:业绩超预期,IDC持续扩张",西南证券
2019-01-15,"计算机行业周报:工信部力推5G+车联网,建议关注智能汽车",渤海证券
2019-01-15,"钢铁行业2019年年度投资策略:政策红利逐渐退出,兼并重组再塑行业格局",华融证券
2019-01-15,"宝信软件:宝之云带动业绩快速增长,武钢大数据蓄势待发",安信证券
2019-01-15,"钢铁行业周报:社库增厂库减,冬储渐起",爱建证券
2019-01-14,宝信软件：IDC业务走向全国 买入评级,和讯
2019-01-14,今日资金抢入六只强势股一览（2019年1月14日）,中财网
2019-01-14,钢铁：供改边际影响减弱 荐4股,银河证券
2019-01-14,百度云入围2018 Q3 Forrester wave：引领数字中国的智能引擎强势崛起,飞象网
2019-01-14,钢铁行业周报:贸易商冬储需求开始逐渐释放,申万宏源
2019-01-14,"钢铁行业周报:钢价震荡,冬储逐步启动",国信证券
2019-01-13,【国君钢铁|周策略】钢铁社会库存上行，价格短期存在支撑,鹏飞论钢
2019-01-13,【安信计算机】政策与产业共振，智能网联汽车发展提速,计算机司令部
2019-01-11,"钢铁兼并重组之路径:行业内扩张、产业链延伸、跨行业布局,竞争力提升取之有“道”",广发证券
2019-01-11,宝山钢铁：公司董事长、总经理等发生变动,Wind
2019-01-11,“春季播种系列”钢铁篇：兼并重组浪潮为大势所趋,和讯
2019-01-10,主业不行 副业来凑 上市公司豪掷1.65万亿理财 天茂集团583亿拔头筹,华夏时报
2019-01-10,潜力股挖掘中 这3股有机遇,中财网
2019-01-10,券商评级:三大股指震荡收跌 九股迎掘金良机,证券之星
2019-01-10,邹继新任宝钢股份董事长,钢铁新闻网
2019-01-10,宝钢股份原总经理邹继新升任董事长,我的钢铁
2019-01-10,宝信软件：合资设立武钢大数据产业园 IDC向全国布局,中泰证券
2019-01-10,【天风研究·固收】转债日报（1月10日）,固收彬法
2019-01-10,宝钢股份总经理邹继新辞职 未在公司领取报酬 董监高成员变化,挖贝网
2019-01-10,招商蛇口全年狂奔 销售1706亿、积极扩储与前海土地利好,观点地产网
2019-01-09,沪螺维持在3800元/吨、水泥再跌0.6%、焦炭回落0.4%,不止是钢货
2019-01-09,宝信软件：拟与武钢集团等共设武钢大数据产业园公司,金融界
2019-01-09,（上市公司人事）宝钢股份总经理邹继新辞职 董监高成员变化,中国经济网
2019-01-09,宝信软件：出资4亿元与关联企业合资设立大数据产业园,中证网
2019-01-09,宝钢股份：董事会选举邹继新为董事长，聘任侯安贵为公司总经理,Wind
2019-01-09,武钢有限一米七热轧生产线通板成功,欧浦钢铁网
2019-01-09,盘前有料｜鼓励汽车家电消费新政将岀台，美股连涨3日…重要消息有这些,证券时报网
2019-01-09,"钢铁行业周报:库存慢速累积,关注冬储进程",国信证券
2019-01-08,1月8日晚间上市公司十大重磅公告,巨丰财经
2019-01-08,1月8日上市公司晚间公告速递,新浪
2019-01-08,八一钢铁：控股股东签署增资扩股暨市场化债转股框架协议,e公司
2019-01-08,券商评级:三大股指全线下跌 九股迎掘金良机,证券之星
2019-01-08,宝钢国际南方公司钢材年销量首次突破千万吨,兰格钢铁网
2019-01-08,"宝钢股份2019年2月、3月出厂价点评:出厂价3月小幅回涨,相比市场溢价处历史较高位",光大证券
2019-01-05,钢铁：逆周期调节政策继续加码 荐5股,中泰证券
2019-01-05,美的40亿回购给A股带来了什么,红周刊
2019-01-04,武钢有限创国内板坯连铸机连浇时间和炉数最好纪录,欧浦钢铁网
2019-01-04,力拓与宝武签订深化合作框架协议,钢铁新闻网
2019-01-04,A股回购热潮新年更澎湃 机构全力备战,证券之星
2019-01-03,三家子公司估值接连翻番华菱钢铁百亿收购估值待考,兰格钢铁网
2019-01-03,化工围城下如何打造“干净的海”？ 广东重工业城市海洋经济转型,21世纪经济报道
2019-01-02,宝钢股份入选“创新中国·百强上市公司”榜单,钢铁新闻网
2019-01-02,钢铁：钢价再震荡下行 荐5股,东兴证券
2019-01-02,钢铁业：创新驱动 减量发展,经济日报
2019-01-01,租赁住房市场动态监测半月报（第二十一期）,中金在线
2018-12-28,华菱钢铁百亿收购估值待考,证券市场周刊
2018-12-28,节后最具爆发力六大黑马,证券之星
2018-12-28,宝钢股份系列研究(二)湛江篇:第二增长极保驾护航,正点财经
2018-12-28,【每日晨报】策略丁文 银河证券晨报—20181228,中国银河证券研究
2018-12-27,中泰证券钢铁行业数据库周报,正点财经
2018-12-27,27日潜力排行榜居前的板块(附股),证券之星
2018-12-27,中国宝武公布2017年负责人税前年薪：一二把手近70万元,澎湃新闻
2018-12-26,宝钢集团入局长租公寓，首次实现静安区存量资产成功转型,亿欧网
2018-12-26,"云海金属:携钢铁巨头,赴“镁”丽征程",正点财经
2018-12-25,作价3.63亿元 宝钢金属获云海金属8%股权,e公司
2018-12-25,宝钢湛江钢铁探索环保与发展新路径,兰格钢铁网
2018-12-25,"钢铁行业周报:长材需求旺盛,品种分化扩大",正点财经
2018-12-25,"钢铁行业周报:库存继续下降,钢价窄幅波动",国信证券
2018-12-24,钢铁：以废钢视角看钢铁供给的艺术 荐6股,东兴证券
2018-12-24,钢铁：钢价延续震荡 荐5股,东兴证券
2018-12-24,澳大利亚力拓集团与中国宝武钢铁集团签订框架协议,商务部
2018-12-22,钢铁：2019年基调重回保增长 荐5股,中泰证券
2018-12-21,利通电子12月24日上市定位分析,金融界
2018-12-20,力拓与宝武签订框架协议 商讨深化双方合资合作,中国煤炭资源网
2018-12-20,14家钢企上榜对外贸易民企500强,钢铁新闻网
2018-12-19,力拓与中国最大客户宝武商讨深化合资合作，共同开发铁矿石,Wind
2018-12-19,武钢集团欲出清长江财险股份 2.99亿元底价转让18.67%股份,每日经济新闻
2018-12-19,宝钢轧辊连续5年获蒂森克虏伯最高评价,欧浦钢铁网
2018-12-19,武钢有限携多款“大国重器”参展中国工业设计展,欧浦钢铁网
2018-12-19,热点追踪：雄安规划编制获明显进展，关注环保板块,国元财富管理
2018-12-18,航空工业入围国有资本投资公司试点 后续改革可期,e公司
2018-12-18,宝钢股份：第七届董事会第五次会议决议公告,深交所
2018-12-18,[公司]宝钢股份获“创新中国·百强上市公司”称号,全景网
2018-12-18,"钢铁行业周报:钢材产量下降,库存小幅上升",国信证券
2018-12-17,先进制造业概念股有哪些？先进制造业概念股上市公司解析,云掌财经
2018-12-17,A股共发生66宗大宗交易成交18.54亿元（12月17日）,Wind
2018-12-17,宝钢股份今日大宗交易成交2930.82万股，成交价6.77元折价0.44%,Wind资讯
2018-12-17,钢铁：钢价短期震荡 荐5股,东兴证券
2018-12-17,"钢铁行业周报:库存升幅较小,供需维持弱平衡",申万宏源
2018-12-15,钢铁：需求稳态供给反复 荐5股,中泰证券
2018-12-15,盐城市副市长孙轶：宝武盐城新基地 不是传统意义上的招商引资,21世纪经济报道
2018-12-14,【晨会纪要】策略丁文 银河证券晨会纪要—20181214,中国银河证券研究
2018-12-14,研报精选：早盘6只黑马先看看,中财网
2018-12-13,【国君钢铁|每日跟踪】上海螺纹3850，贵钢桂宝特钢120吨电炉项目竣工,鹏飞论钢
2018-12-13,"2019年钢铁行业投资策略:周期轮动,强者恒强",国信证券
2018-12-12,【东北证券】今日新股丨利通电子申购,东北证券金融世界
2018-12-12,"宝钢股份2019年1月期货出厂价点评:1月出厂价随行情下调,高溢价仍凸显竞争力",光大证券
2018-12-11,法兴华宝遭第五次挂牌抛售 汽车租赁业抛股潮中迎来低谷,经济观察网
2018-12-11,银河证券：震荡磨底等信号 配置为先选个股,和讯
2018-12-11,利通电子12月12日申购宝典,金融界
2018-12-11,宝钢股份湛江钢铁三高炉项目建设启动,钢铁新闻网
2018-12-10,钢铁：钢价企稳回升 荐5股,东兴证券
2018-12-10,"钢铁行业周报:库存双降,钢价反弹",国信证券
2018-12-09,【国君钢铁|周策略】钢价小幅反弹，吨钢毛利继续回升,鹏飞论钢
2018-12-09,钢铁：供给端调整支撑钢价回暖 荐5股,广发证券
2018-12-07,"宝信软件2018年三季报点评:公司业绩高增长,钢铁信息化维持高景气",中证网
2018-12-07,尹世明：百度云让全民追剧避免卡顿！,北国网
2018-12-07,A股国际化步伐再加速，逾七成MSCI成份股受机构青睐,证券日报
2018-12-06,韶钢松山会计核算不规范公司独立性不足 被监管警示,新浪
2018-12-06,宝武集团与控股公司财务核算未完全分开 被监管警示 其他违规处罚,新浪
2018-12-05,建厂49年的宝钢梅钢将迁出南京：十年内转移至沿海盐城,澎湃新闻
2018-12-04,宝钢股份：宝武&江苏省关于梅钢搬迁协议点评,华创证券
2018-12-04,标普上调中国宝武和宝钢股份信用评级,钢铁新闻网
2018-12-04,26股获券商买入评级 拉芳家化目标涨幅达61.46%,Wind
2018-12-04,"钢铁行业周报:现货原料补跌,G20利好下板块有望得到阶段性修复",爱建证券
2018-12-04,"宝钢股份公告点评:梅钢拟搬迁缓解地方环保压力,或增加公司资本支出",光大证券
2018-12-03,沪深300等指数17日起调整样本股,中证协
2018-12-03,A股收官行情值得期待，机构扎堆相中三大行业,证券日报
2018-12-02,【国君钢铁|周策略】钢价小幅回落，原料跟跌后吨钢毛利小幅回升,鹏飞论钢
2018-12-02,12月2日晚间上市公司十大重磅公告,巨丰财经
2018-12-02,中国宝武与江苏政府签署战略协议 力争十年实现梅钢区域战略转型,证券日报
2018-12-01,钢铁：11月河北钢铁行业PMI环比大降6.5%创年内新低 短期钢价或偏弱运行,广发证券
2018-11-30,重磅|中国宝武拟在盐城市建设2000万吨精品钢项目，2019年启动建设一期800-1000万吨、投资额500亿元,不止是钢货
2018-11-30,宝钢股份重大事项：独资设立宝钢盐城公司，梅钢前总经理履新宝钢董事,不止是钢货
2018-11-30,宝钢股份：2028年底前钢铁冶炼产能逐步迁出南京市,中证网
2018-11-30,宝钢股份：控股股东拟500亿盐城投建精品钢项目 优先考虑由公司投建,e公司
2018-11-30,宝武钢铁拟十年内钢铁冶炼产能逐步迁出南京市,Wind
2018-11-29,武钢有限冷轧一冷轧生产线计划检修信息,兰格钢铁网
2018-11-28,"钢铁行业数据周报:环保限产明显趋松,库存拐点确立",东兴证券
2018-11-28,"钢铁行业周报:厂库累积,钢价下挫",国信证券
2018-11-27,独家！武钢财务公司挂牌转让鹏程保险经纪5.02%股权,每日经济新闻
2018-11-27,千家上市公司购买万亿元理财产品,云掌财经
2018-11-26,宝钢包装被列入经营异常名录 尚未公布具体原因 列入经营异常名录,每日经济新闻
2018-11-26,穆迪上调中国宝武 宝钢股份信用评级,兰格钢铁网
2018-11-26,钢铁：钢厂利润大幅下滑 荐5股 盈利能力下降,爱建证券
2018-11-24,投资意愿低迷 上市公司万亿资金押注理财,中国经营报
2018-11-22,【SMM地图看钢市】钢坯暴跌钢企利润被压缩 部分地区钢厂拟检修 盈利能力下降,上海有色
2018-11-22,武钢绿色城建中标东西湖雨污分流改造PPP项目,钢铁新闻网
2018-11-22,标准普尔上调宝钢股份信用评级,宝钢股份董秘室
2018-11-22,宝武、鞍钢否认合并传闻,北京商报
2018-11-21,【申万宏源钢铁煤炭】20181121日报,申万宏源钢铁
2018-11-21,A股头条之上市公司公告精选（11.22）,金融界
2018-11-21,鞍钢股份澄清：未得到“宝武集团和鞍钢集团进行合并重组”信息,凤凰网
2018-11-21,宝钢股份你要闹哪样？看清楚第一财经写什么了吗？,第一财经
2018-11-21,宝武和鞍钢计划合并重组？宝钢辟谣：假消息,21世纪经济报道
2018-11-21,宝钢股份澄清：未收到“和鞍钢集团进行合并重组”信息,中财网
2018-11-21,宝钢澄清拟与鞍钢合并重组传闻：从未商谈过,中新经纬
2018-11-21,宝钢股份：未与鞍钢集团就合并问题进行过任何的商谈或意思表示,Wind
2018-11-21,沪股通十大活跃个股成交额28.96亿元 宝钢股份近一个月首次上榜,e公司
2018-11-21,沪港通十大成交活跃股排名（11月21日）,Wind
2018-11-21,戴志浩调任鞍钢引“宝鞍合并”猜测，宝武回应：没有消息发布,澎湃新闻
2018-11-21,宝武集团回应与鞍钢合并传闻：目前没有该方面消息,每日经济新闻
2018-11-21,穆迪上调中国宝武、宝钢股份信用评级,钢铁新闻网
2018-11-21,揭秘涨停板：创投概念股大分化 资金转战未大幅上涨个股,腾讯网
2018-11-21,媒体称宝武集团和鞍钢集团将重组 钢铁板移动两股涨停,腾讯网
2018-11-21,业内人士称宝武鞍钢合并可能性不太 但钢铁行业在推进兼并重组,21世纪经济报道
2018-11-21,涨停揭秘：两市缩量窄幅调整 部分超跌股迎来涨停潮,巨丰财经
2018-11-21,【SMM专题】鞍钢股份股价暴涨6% 人事变动再引发重组猜想,上海有色
2018-11-21,宝武和鞍钢计划合并重组？双方否认,中新经纬
2018-11-21,宝武和鞍钢计划合并重组？鞍钢高层回应：没有听说,第一财经日报
2018-11-21,宝钢股份：未听说宝武集团和鞍钢集团合并的消息,金融界
2018-11-21,消息称宝武集团和鞍钢集团将重组 钢铁股拉升宏达矿业涨近9%,腾讯网
2018-11-21,快讯：钢铁股盘中异动拉升 鞍钢股份涨超5%,新浪
2018-11-21,消息称宝武集团和鞍钢集团合并重组 鞍钢股份、宝钢股份直线拉升,腾讯网
2018-11-21,知情人士：中国正计划宝武集团和鞍钢集团的合并重组,腾讯网
2018-11-21,钢铁股集体攀升，鞍钢股份冲击涨停,Wind
2018-11-21,鞍钢股份、宝钢股份午后直线拉升,Wind
2018-11-20,"上海洗霸:工业化学水处理龙头,运营+工艺双核驱动",国联证券
2018-11-20,姚林会见中国宝武党委书记、董事长陈德荣一行,钢铁新闻网
2018-11-20,"钢铁行业数据周报:错峰生产效果待验证,钢价有望企稳",东兴证券
2018-11-20,"钢铁行业周报:限产不及预期,钢厂利润收缩 盈利能力下降",国信证券
2018-11-19,【国君钢铁|每日跟踪】上海螺纹4300，唐山市18日20时至21日12时启动污染减排措施,鹏飞论钢
2018-11-19,戴志浩先生卸任宝钢股份董事长,宝钢股份董秘室
2018-11-19,关于核准长信基金管理有限责任公司变更股权的批复 基金经理离任,证监会
2018-11-19,【天风钢铁|日报】市场价格受挫 期现普跌,金龙钢铁分析
2018-11-19,宝钢股份董事长戴志浩调任鞍钢集团总经理、党委副书记,Wind
2018-11-19,11月19日上市公司晚间公告速递,新浪
2018-11-19,宝钢股份换股吸收合并武钢股份后第一任董事长辞职 董监高成员变化,中国网
2018-11-19,钢铁行业数据库,中证网
2018-11-19,宝钢股份：公司董事长戴志浩辞职，因工作另有安排,Wind
2018-11-19,中国宝武改革开放再出发：从全球“追赶者”到全球“首发者”,新华网
2018-11-19,钢铁：错峰生产效果待验证 荐3股,东兴证券
2018-11-19,年内1200多家上市公司购银行理财产品 金额达1.37万亿元创近五年新高,证券日报
2018-11-18,【国君钢铁|周策略】短期价格回调，中期有底部,鹏飞论钢
2018-11-18,迷你基金成群结队 创金合信基金炒股有心无力,红周刊
2018-11-17,钢铁：限产松动打压利润 荐5股,中泰证券
2018-11-17,钢铁：10月粗钢产量创历史新高 基建投资增速企稳回升,广发证券
2018-11-16,穆迪上调中国宝武、宝钢股份信用评级,欧浦钢铁网
2018-11-16,宝武特冶正式独立运营,钢铁新闻网
2018-11-16,宝钢股份短期融资券发行 总额为20亿元,挖贝网
2018-11-15,【国君钢铁|每日跟踪】上海螺纹4430，前三季度钢铁行业实现利润3587亿元，同比增长65.3%,鹏飞论钢
2018-11-15,【天风钢铁|日报】钢铁行业利润大幅增长 行业整体趋势向好,金龙钢铁分析
2018-11-15,24股获券商买入评级：宝钢股份目标涨幅达67.43%,Wind
2018-11-14,光大证券：宝钢股份买入评级,光大证券
2018-11-14,国泰君安：宝信软件增持评级,国泰君安
2018-11-13,(互动)宝钢股份：三季度为行业传统淡季 销售未下降,全景网
2018-11-13,武汉与宝武钢铁签署合作协议 5年计划投资超百亿,长江日报
2018-11-13,宝钢股份镀锡板厂新建二次冷轧机组日设计产能超出15%,欧浦钢铁网
2018-11-13,23股获券商买入评级：三钢闽光目标涨幅达65.23%,Wind
2018-11-13,"钢铁行业周报:长材消费下行,现货价格松动",国信证券
2018-11-12,钢铁：短期恐慌之后钢价有望企稳 荐4股,中信建投
2018-11-12,宝钢股份：Q4季度均价环比整体上涨 业绩有望继续向好,光大证券
2018-11-12,钢铁：供强需弱期现普跌 荐3股,东兴证券
2018-11-12,武钢有限余热发电创新高,欧浦钢铁网
2018-11-10,钢铁：10月钢材出口同比增10%连续两月回暖 荐6股,广发证券
2018-11-10,钢铁：限产执行是未来钢价的核心 荐5股,中泰证券
2018-11-08,宝武集团：亲属违规经商办企 领导将被免职或解聘 其他违规处罚,新浪
2018-11-07,施耐德电气与宝武集团深化战略合作，共促钢铁巨擎数字化转型提速,中国能源网china5e
2018-11-07,中国宝武今签约31个项目 涵盖智能装备促转型,腾讯网
2018-11-07,穆迪上调宝钢股份信用评级！,宝钢股份董秘室
2018-11-07,以智慧制造推动钢铁产业转型升级,钢铁新闻网
2018-11-07,"钢铁行业数据周报:弱需求诱导预期悲观,低库存导致基差扩大",东兴证券
2018-11-06,陈德荣：钢铁进口在结构和量上变化很大 希望进口高端装备,凤凰网
2018-11-05,"钢铁行业周报:长板材利润分化,铁水优先供给螺纹",爱建证券
2018-11-02,宝钢股份前三季度利润总额超200亿元,钢铁新闻网
2018-11-01,宝钢股份今日大宗交易成交36.95万股，成交价7.0元折价7.53%,Wind资讯
2018-11-01,【宝钢股份（600019）】业绩环比改善，盈利预测实现概率增大,中信建投证券研究
2018-10-31,上交所就沪市公司2018年三季报情况答记者问,上交所
2018-10-31,"宝钢股份:业绩稳步增长,盈利能力持续提升",中证网
2018-10-31,【SMM专题】钢铁PMI跑赢制造业 三季度钢企业绩普遍预喜,上海有色
2018-10-30,宝钢股份前三季实现营收2253亿元 新一轮智慧制造专项规划出炉,证券日报
2018-10-30,钢铁：铁水优先供给螺纹 荐5股,爱建证券
2018-10-30,(路演)宝钢股份：相信硅钢业务未来能获得进一步发展,全景网
2018-10-30,(路演)宝钢股份：在冷轧汽车板市场上拥有50%以上的市场份额,全景网
2018-10-30,(路演)宝钢股份：技术标准与国际先进水平接轨,全景网
2018-10-30,(路演)宝钢股份：汽车超高强钢品种处于全球领先地位,全景网
2018-10-30,宝钢股份：2018年前三季度主要财务指标,上交所
2018-10-30,宝钢股份：第七届董事会第四次会议决议公告,上交所
2018-10-30,这些上市公司昨夜报利好 今待检,中财网
2018-10-30,盘前必读公告：这些股不容错过！,巨丰财经
2018-10-29,公告精选：多只白马股第三季度业绩“不达预期”，上市公司密集发布回购公告,每日经济新闻
2018-10-29,宝钢股份：前三季度净利157亿元 同比增35%,e公司
2018-10-29,宝钢股份：前三季度净利润同比增34.96%,Wind
2018-10-29,宝钢股份：前三季度净利润157.47亿元，同比增长34.96%,Wind
2018-10-29,钢铁：长材需求旺盛 荐7股,国信证券
2018-10-29,川财证券：宝信软件增持评级,川财证券
2018-10-25,云煤能源前三季度业绩同比扭亏为盈,中证网
2018-10-25,武钢热轧一热轧生产线计划检修信息,兰格钢铁网
2018-10-23,钢价再度上涨，10家公司市盈率已不足5倍，估值洼地已现？,Wind
2018-10-23,"钢铁行业周报:唐山限产略超预期,旺季成交短期有望持续",爱建证券
2018-10-22,宝钢或控股云海金属,国际金融报
2018-10-22,宝钢系重大动态：拟战略入股镁业上市公司云海金属,不止是钢货
2018-10-22,汽车销量增幅放缓宝钢将寻更多利润增长点,中财网
2018-10-22,"钢铁行业周报:钢材消费旺盛,三季报行情展开",国信证券
2018-10-19,宝钢汽车板销量进入世界前三,电缆网
2018-10-18,【中泰钢铁|每日速递】唐山市10月19日零时起继续执行应急减排措施,钢铁俱乐部
2018-10-18,宝信软件(600845)3Q18预计预告点评：钢铁信息化软件和IDC双高增，成就行业龙头,申万宏源研究
2018-10-18,"宝信软件:钢铁信息化软件和IDC双高增,成就行业龙头",申万宏源
2018-10-17,宝信软件：传统业务超预期，IDC业务稳定发展,华创证券
2018-10-16,哪家上市公司最“不务正业”？A股上千家逾万亿元购理财产品,深圳商报
2018-10-16,宝钢股份钢管条钢事业部电炉生产实现重大突破,兰格钢铁网
2018-10-16,钢铁：高股息率个股梳理,国信证券
2018-10-15,[推荐评级]钢铁行业周报：库存进入下降通道 三季报行情演绎,中财网
2018-10-15,钢铁、建材行业周报：水泥价格继续推涨 钢铁三季报盈利预告强劲,中财网
2018-10-15,[强于大市评级]钢铁行业研究周报：六家公司公布三季度预增报告 前三季度表现亮眼,中财网
2018-10-12,光大证券：宝钢股份买入评级,光大证券
2018-10-09,宝钢股份：10月8日融资余额为13.43亿元，较前一日骤增5.78%,Wind资讯
2018-10-06,钢铁：理想与现实的差距 荐5股,长江证券
2018-10-01,陆家嘴财经早餐2018年10月1日星期一,Wind
2018-09-30,陆家嘴财经早餐2018年9月30日星期日,Wind
2018-09-29,钢铁行业区域差异分析 ——不同区域钢企的经营特征与风险,和讯
2018-09-29,探访古黄河出海口：黄海边吹响央企集结号,中新网
2018-09-29,企源科技拟4900万收购宝钢咨询62%股权,犀牛之星
2018-09-28,【中泰钢铁|每日速递】京津冀秋冬季大气治理方案发布,钢铁俱乐部
2018-09-28,宝武炭材料科技有限公司揭牌,欧浦钢铁网
2018-09-28,百度积极布局5G技术落地AI场景 张亚勤称5G是AI的催化剂,砍柴网
2018-09-28,宝武集团通过华宝信托入股唐钢集团 宝武、河钢两大超级巨无霸展,国际金融报
2018-09-28,上海联合产权交易所交易信息,证券时报
2018-09-28,韶钢松山:占区位优势、享焦材双利,国信证券
2018-09-27,钢铁需求旺季来临重点推荐10只个股,顶尖财经网
2018-09-27,宝钢股份迎中秋老同志座谈会举行,宝钢股份
2018-09-27,"钢铁行业专题报告:用数据说话,钢铁行业是否存在“国进民退”",平安证券
2018-09-26,A股已成香饽饽！6张图看外资在股、债之间大轮动,Wind
2018-09-26,【SMM专题】宝武钢铁集团兼并重组启示录 未来20年钢铁产能减半？,上海有色
2018-09-26,宝武将收购马钢？双方均否认业内称必然,证券日报
2018-09-25,钢铁产业链9月25日监测：螺纹钢微跌0.6%至4600元/吨，钒氮再涨3.5%至58万元/吨,不止是钢货
2018-09-25,"宝钢股份:钢铁龙头半年业绩大幅增长超六成,维持“买入”建议",正点财经
2018-09-25,宝钢特钢通过首批次航空主干材料审核,欧浦钢铁网
2018-09-24,【国君钢铁|周策略】需求预期回升，限产悲观预期得到缓解,鹏飞论钢
2018-09-24,钢铁：旺季缺口下的性价比 荐6股,长江证券
2018-09-23,钢铁：旺季钢铁库存继续去化 荐5股,中泰证券
2018-09-23,钢铁：基建预期或继续向上修复 荐5股,广发证券
2018-09-23,节后股市三大看点 8只个股有望突破大涨,中财网
2018-09-22,AI化公司势不可挡 我国三大产业均实现人工智能落地,中国经营报
2018-09-21,北上资金加仓助贵州茅台重返700元,大众证券报
2018-09-21,宝钢黄石新港区域1号彩涂机组正式热负荷运行,兰格钢铁网
2018-09-20,中国宝武城市服务：停产9年的“线材工业摇篮”变身产业园区,澎湃新闻
2018-09-19,工信部公示第二批服务型制造示范名单 高德红外等多家上市公司上榜,中证网
2018-09-19,钢铁：抽丝剥茧 荐5股,长江证券
2018-09-19,武钢有限条材厂大废钢比创历史最佳,欧浦钢铁网
2018-09-19,中国中冶：聚焦主业 深度参与服务国家战略,证券时报
2018-09-19,加码基建与新兴业务 中国中冶正焕发新生机,证券时报
2018-09-18,钢铁产业链9月18日监测：螺纹钢再涨0.2%至4640元/吨，五氧化二钒再涨3.4%至30.5万元/吨,不止是钢货
2018-09-17,【国君钢铁|周策略】限产悲观预期得到缓解,鹏飞论钢
2018-09-17,中厚板产业链四季度展望：某大型机械企业采购需求同比增长20%-30%，取暖季期间对钢厂产量的影响将必然存在,不止是钢货
2018-09-17,宝钢股份热轧卷取温度控制技术取得标志性突破,兰格钢铁网
2018-09-16,陈德荣回应宝武与马钢的重组传闻：目前尚未接到任何通知,不止是钢货
2018-09-16,影视公司蜂拥实景娱乐：讲求IP方法论,21世纪经济报道
2018-09-16,钢铁：再论宝钢低于1倍PB的好机遇,长江证券
2018-09-14,长江钢铁，永不止步！,长江钢铁
2018-09-13,钢铁业并购重组新势力：宝钢联合马钢、鞍钢、东方资产成立华宝冶金资产管理有限公司，以化解过剩产能为使命,不止是钢货
2018-09-13,【天风钢铁|日报】唐山市钢铁企业13日至15日继续加严减排,金龙钢铁分析
2018-09-13,18股获券商买入评级 太阳纸业目标涨幅达84.21%,Wind
2018-09-12,宝钢股份：四季度首月出厂价迎上涨 汽车板亦小幅调升,光大证券
2018-09-12,梅钢计划值管理和全流程盈利集控系统上线,钢铁新闻网
2018-09-12,融资客青睐24股，宋都股份买入占比高达65.39%,Wind
2018-09-11,255亿资金争夺20股：主力资金重点出击4股(名单),新浪
2018-09-11,A股市场破净股一览（9月11日）,Wind
2018-09-11,武钢钢电多项指标创近年最佳,欧浦钢铁网
2018-09-11,武钢有限炼钢厂上月废钢比等指标创新高,欧浦钢铁网
2018-09-11,钢铁板块集体下跌 宝钢股份跌逾4%,证券时报网
2018-09-11,宝钢股份汽车板技术秀在日本登场,钢铁新闻网
2018-09-11,30家公司净利润同比增长 钢铁板块盈利将持续提升,大众证券报
2018-09-10,【国君钢铁|周策略】限产悲观预期缓解后，静待秋冬限产时,鹏飞论钢
2018-09-10,钢铁行业：构建“科学”和“艺术”相结合的感知体系,顶尖财经网
2018-09-10,利通电子: 应收款急速攀升 持续发展力存疑,股市动态分析
2018-09-09,"1563家上市公司忙炒房,市值高达5800亿！",搜狐
2018-09-08,宝方炭材料股权结构曝光：宝钢持股51%、方大炭素持股49%,不止是钢货
2018-09-08,陕西煤业50亿元大手笔回购有望迎来估值修复,中证报
2018-09-07,宝钢股份热轧卷取温度控制技术取得标志性突破,欧浦钢铁网
2018-09-06,武钢物流外贸码头首艘外轮直航出口越南,钢铁新闻网
2018-09-05,用智慧创造奇迹 | 2018年宝钢股份智慧制造硕果累累,宝钢股份董秘室
2018-09-05,这家公司可生产世界最大的立体卷铁心变压器,北极星智电
2018-09-05,中国宝武多家单位续评上海市花园单位,钢铁新闻网
2018-09-05,宝钢股份综合码头废钢单日接卸量创新高,欧浦钢铁网
2018-09-05,"宝钢股份半年报点评:冷轧板盈利环比微降,降本增效成果显著 盈利能力下降",国海证券
2018-09-04,宝钢股份上半年经营业绩大幅提升创上市以来同期最好水平,宝钢股份
2018-09-04,梅钢试轧成功铝锌镁产品,宝钢股份
2018-09-04,中国宝武再签中国南极泰山站工程,钢铁新闻网
2018-09-03,【中泰钢铁|月度跟踪】关注环保限产持续性,钢铁俱乐部
2018-09-03,钢铁：建筑钢材需求较弱 荐8股,申万宏源
2018-09-03,钢铁：期股展开回调 荐5股,爱建证券
2018-09-03,蒙古能源与八钢达成7.5亿美元焦煤供应协议,生意社
2018-09-02,【国君钢铁|周策略】钢价短期调整并非下行拐点,鹏飞论钢
2018-08-31,【前沿观察】特大型高炉无料钟炉顶获冶金科学技术奖,钢铁俱乐部
2018-08-31,武钢有限在线余热全长淬火轨实现量产出口,欧浦钢铁网
2018-08-31,宝钢股份助国之重器向“中国标准”迈进,欧浦钢铁网
2018-08-31,为钢铁高质量发展创造“绿动力”,钢铁新闻网
2018-08-31,宝钢股份等8家钢企榜上有名,钢铁新闻网
2018-08-31,半年报披露收官 近七成上市公司报喜,证券时报
2018-08-31,3539家上市公司上半年净利增长14.39%，三大行业表现抢眼,中证报
2018-08-30,【天风钢铁|日报】31家上市钢企上半年实现净利超470亿元,金龙钢铁分析
2018-08-30,上市钢企中报总结：Q2扣非净利润265亿元创历史新高，加权资产负债率已至53%但仍有2家超过80%,不止是钢货
2018-08-30,"宝钢股份2018年半年报点评:业绩继续高速增长,东山和青山基地持续向好",光大证券
2018-08-29,钢铁：环保高压不改 荐6股,申万宏源
2018-08-29,宝钢拟投近190亿建设湛江钢铁三高炉系统项目,我的钢铁
2018-08-29,宝钢拟投资188.5亿建设湛江钢铁三高炉系统项目,钢铁新闻网
2018-08-29,"宝钢股份2018年中报点评:上半年归母净利润100.1亿元,同比增长62.23%",国信证券
2018-08-28,【中泰钢铁|每日速递】河南企业成绩单出炉：前7个月钢铁利润增长625.3%,钢铁俱乐部
2018-08-28,"【中泰钢铁|每日速递】环保部启动""千里眼""计划",钢铁俱乐部
2018-08-28,宝钢股份：钢铁龙头半年业绩大幅增长超六成，维持“买入”建议,群益证券
2018-08-28,[买入评级]钢铁行业周报：国务院部署推进西部开发 财政部要求加快地方专项债准备工作 需求预期或逐步向上修复,中财网
2018-08-28,[路演]宝钢股份：上半年铁钢总体实现产销平衡,全景网
2018-08-28,[路演]宝钢股份：股价终将反映公司价值,全景网
2018-08-28,宝钢股份：公司下半年出口量将总体保持平稳,全景网
2018-08-28,[路演]宝钢股份：湛江3号高炉项目预计2021年建成投产,全景网
2018-08-28,[路演]宝钢股份：下半年出口美国数量有所减少,全景网
2018-08-28,[路演]宝钢股份：多年来保持行业内高研发投入,全景网
2018-08-28,宝钢股份：营业收入1485.34亿元 同比增长2.17%,中泰证券
2018-08-28,[路演]宝钢股份：上半年冷轧产品走势相对弱于热系产品,全景网
2018-08-28,宝钢特钢实现核电不锈钢316H批量生产,上海有色
2018-08-28,10万吨超高功率石墨电极项目落户兰州,国家煤化工网
2018-08-27,公告精选：宝钢股份等中期业绩大增；莱克电气拟10派20元,e公司
2018-08-27,宝钢股份上半年净利超百亿元 证金增持至4.9%,中证网
2018-08-27,宝钢股份公布二季报：净利润环比降1%至50亿元，自由现金流103亿元创单季最好水平 盈利能力下降,不止是钢货
2018-08-27,方大炭素：内外改革促进业绩转身,中证网
2018-08-27,8月27日晚间上市公司十大重磅公告,巨丰财经
2018-08-27,27日晚公告精选丨科大讯飞定增获批,21世纪经济报道
2018-08-27,宝钢股份半年净利100亿元，拟近190亿元建湛江三号高炉,澎湃新闻
2018-08-27,宝钢股份：上半年净利超百亿同比增62% 证金持股升至4.9%,e公司
2018-08-27,宝钢股份：上半年净利润达100.09亿元 同比增长62.23%,凤凰网
2018-08-27,宝钢股份：子公司拟收购武钢集团及其下属公司相关资产,Wind
2018-08-27,[中性评级]钢铁行业周报：警惕需求集中释放后旺季不旺,中财网
2018-08-27,宝钢股份：上半年利润总额140.8亿元，创上市以来同期业绩最好水平,Wind
2018-08-27,[增持评级]钢铁行业周报：维持钢铁偏强运行判断,中财网
2018-08-27,中泰钢铁行业数据库周报20180825,中财网
2018-08-26,【国君钢铁|周策略】维持钢铁偏强运行判断,鹏飞论钢
2018-08-24,2018年冶金科学技术奖唯一特等奖花落中国宝武,钢铁新闻网
2018-08-24,上海百强企业年营收破6万亿：上汽蝉联第一，上榜门槛50亿,澎湃新闻
2018-08-24,宝钢股份荣膺“2018中国最佳董事会50强”,宝钢股份董秘室
2018-08-24,北上资金逆市“买买买” 六只个股彰显投资价值,证券日报
2018-08-24,北上资金逆市“买买买” 45只个股被重点扫货,证券日报
2018-08-22,华宝系谋求体上市 旗舰华宝信托大加杠杆利润率反跌,投资时报
2018-08-22,[快讯]宝钢股份公布半年度业绩预告,中财网
2018-08-22,梅钢计划值管理和全流程盈利集控系统上线,欧浦钢铁网
2018-08-22,被人割肉还得当“爸爸”伺候？利通电子处境维艰,新浪
2018-08-21,“宝钢股份—特变天变联合实验室”挂牌,宝钢股份
2018-08-21,华龙证券：底部区域盘整阶段 方向仍看新经济,华龙期货
2018-08-21,钢铁周报：中钢盘价看涨,中财网
2018-08-21,宝钢股份荣膺“中国上市公司资本运作标杆奖”,宝钢股份董秘室
2018-08-21,中国宝武与方大集团兰州联手造世界炭素制造基地,中新网
2018-08-21,14家钢企披露中报 净利润全部为正,新京报
2018-08-21,"钢铁行业周报:供给压缩有望加码,棚改完成度超7成",爱建证券
2018-08-20,方大炭素：与宝钢化工联合出资27亿元建设10万吨超高功率石墨电极项目,中证网
2018-08-20,１０万吨超高功率石墨电极项目落户甘肃兰州,新华网
2018-08-20,中泰钢铁行业数据库20180818,中财网
2018-08-20,宝钢化工与方大炭素10万吨超高功率石墨电极项目落户兰州红古,e公司
2018-08-20,[看好评级]钢铁行业周报：供需双弱 乐观预期助推钢价新高,中财网
2018-08-20,宝钢股份黄石公司持续推进降本增效,兰格钢铁网
2018-08-20,[买入评级]上海钢联(300226)半年报点评：钢银规模持续增长 钢材定价优势加强,中财网
2018-08-20,[强于大市评级]钢铁行业研究周报：供需双振预判得到验证 继续看多钢铁行情,中财网
2018-08-20,[增持评级]钢铁行业周报：判断兑现钢价新高,中财网
2018-08-19,[买入评级]钢铁行业周报：18年去产能目标已完成80% 需求预期逐步向上修复 看好钢铁行业投资机会,中财网
2018-08-19,【国君钢铁|周策略】地产偏强叠加高炉限产，看好板块继续偏强运行,鹏飞论钢
2018-08-19,[推荐评级]宝信软件(600845)半年报点评：IDC稳步发展 传统业务订单增长较快,中财网
2018-08-18,宝钢能环部首席工程师：钢铁行业超低排放的改造要800亿元，活性炭和循环流化床的运营成本都在12元/吨左右,不止是钢货
2018-08-18,中石油入股了一家重量级公司，国企改革又提速了！,创业家
2018-08-18,证监会：积极推动并购重组市场化改革,中证报
2018-08-17,宝钢钢管条钢事业部无缝钢管厂轧管产线4次刷新班产纪录,欧浦钢铁网
2018-08-17,净利润闪崩为何也过会利通电子IPO的“软肋”存隐忧 连续下跌,华夏时报
2018-08-16,民生计算机 | 宝信软件2018年半年报点评：工业互联网与云计算双轮驱动，拥抱业绩爆发期,一计之长
2018-08-16,部分个股换手率下降 股市操作需考虑个股流动性,广州日报
2018-08-15,山钢集团两企业上榜中国钢企“较强专利创新力企业”排行榜,钢铁新闻网
2018-08-15,[推荐评级]钢铁行业七月份数据点评：供给稳定需求扩张 钢价盈利双升,中财网
2018-08-15,[增持评级]2018年7月钢铁焦炭产量点评(钢铁行业)：下半年供给继续受到压制值得期待,中财网
2018-08-15,[增持评级]钢铁行业7月数据点评：地产持续超预期支撑钢铁需求,中财网
2018-08-15,钢铁、建材行业7月数据点评：粗钢日产量环比略降 水泥整体淡季不淡,中财网
2018-08-15,[中性评级]大气行业专题报告(一)：钢铁超低排放开启非电烟气治理大幕,中财网
2018-08-15,用心铸就服务 用诚信赢得客户,钢铁新闻网
2018-08-14,节能从精细化管理开始,钢铁新闻网
2018-08-14,杰瑞环保在上海接连交付热相分离项目,中国能源网china5e
2018-08-14,光大证券：宝钢股份维持买入评级,顶尖财经网
2018-08-14,"钢铁行业周报:供给相对顶部,基建托底带动“钢需”",爱建证券
2018-08-13,[增持评级]钢铁行业周报：8月供需无忧 板块震荡偏强,中财网
2018-08-13,宝钢股份2018年9月价格发布,宝钢股份董秘室
2018-08-13,钢铁、建材行业周报：水泥价格受低价区域冲击 限产下钢材供给继续趋紧,中财网
2018-08-13,[强于大市评级]钢铁行业研究周报：需求旺季即将到来 支撑板块继续上行,中财网
2018-08-12,【国君钢铁|周策略】8月供需无忧，板块震荡偏强,鹏飞论钢
2018-08-12,[增持评级]钢铁行业周报：稳内需进一步推进,中财网
2018-08-12,[买入评级]钢铁行业周报：银保监会引导加大基建金融支持 环保高压抑制产量 看好钢铁行业投资机会,中财网
2018-08-11,上市路上华宝投资高层大换血 43岁朱可炳跳槽联通,新京报
2018-08-10,宝钢股份上调9月份国内热轧和普冷钢期货销售价格,凤凰网
2018-08-10,北上资金抢筹58只个股 其中56只个股被券商看好,证券日报
2018-08-09,武钢重工集团铸锻业务板块成建制划转至襄阳重材,钢铁新闻网
2018-08-08,【国君钢铁|每日跟踪】上海螺纹4300，7月份我国钢材进出口量公布,鹏飞论钢
2018-08-07,快讯：钢铁板块集体拉升 杭钢股份大涨超5%,新浪
2018-08-07,"钢铁行业周报:秋冬季限产方案发布,力度再加码",申万宏源
2018-08-07,"钢铁行业周报:钢厂利润高位震荡,焦化利润大幅上升",爱建证券
2018-08-06,钢铁产业链8月6日监测：螺纹钢稳定在4230元/吨，焦炭上涨1.4%，硅锰上涨1.2%,不止是钢货
2018-08-06,鞍钢股份拟收购朝阳钢铁：全部使用自有资金，杠杆加的比预期小,商品价值链研究
2018-08-05,【国君钢铁|周策略】宏观预期修复下，板块继续偏强运行,鹏飞论钢
2018-08-05,钢铁：关注环保限产 荐5股,中泰证券
2018-08-04,国资委主管杂志：央企是A股市值定盘星分红更大方，但市盈率偏高,腾讯网
2018-08-04,重钢重启：去年半年亏10亿，今年已赚7亿！,经济观察网
2018-08-03,"上海钢联事件点评:收购中联钢,加强定价能力",国海证券
2018-08-02,集成电路/工业机器人/新能源汽车等成为上海工业投资重点,上观
2018-08-02,7000万，一个月，上海钢联拿下中联钢,经济观察网
2018-08-02,与城市相融共生，我们一直在努力,钢铁新闻网
2018-08-02,环保限产叠加基建投资回暖 螺纹钢逼近五年新高(附股),金融界
2018-08-01,北上资金活跃成交基建股 净买入三一宝钢海螺水泥,e公司
2018-08-01,C919大飞机主起落架关键锻件全部实现国产化,澎湃新闻
2018-08-01,武钢中冶工业技术服务有限公司揭牌成立,钢铁新闻网
2018-08-01,"钢铁行业周报:开工大幅下降,预期从供需双弱转为供弱需强",爱建证券
2018-07-31,宝钢股份黄石公司上半年产品经营成效显著,欧浦钢铁网
2018-07-31,政策边际宽松点燃市场热情 钢铁板块迎来反转行情,天天基金网
2018-07-31,钢铁、建材行业周报：周报限产致钢厂开工率下滑显著 常州限产水泥价格有望超预期,中财网
2018-07-31,新一轮浪潮将至，又有工程机械企业或将重组？(图),慧聪网
2018-07-31,巨丰早评：市场持续性热点稀缺,巨丰财经
2018-07-31,钢铁板块PE9.86倍处低位 机构联袂看好5只潜力股,证券日报
2018-07-30,今日9只股价格突破了年线 7月30日突破年线个股一览,每日经济新闻
2018-07-30,226亿资金恐慌逃离 五类股遭主力机构抛,证券之星
2018-07-30,巨丰收评：A股持续爆雷 市场谨慎情绪占上风,巨丰财经
2018-07-30,[增持评级]钢铁行业周报：中期逻辑显现推动钢价和钢铁股集体走高,中财网
2018-07-30,钢铁：把握宏观改善下的估值修复机会,中证网
2018-07-30,上海交大与宝钢股份共建“未来钢铁联合研究中心”,上海有色
2018-07-30,钢铁上市公司盈利能力哪家强？,钢铁新闻网
2018-07-29,近80亿元北上资金入场 “聪明钱”瞄准低估值权重股,金融界
2018-07-29,[买入评级]钢铁行业周报：限产扩大、需求稳定 盈利将持续 看好钢铁行业投资机会,中财网
2018-07-29,中泰钢铁行业数据库周报20180728,中财网
2018-07-29,【国君钢铁|周策略】宏观预期修复下，继续看好钢铁股反弹,鹏飞论钢
2018-07-27,宝钢特钢首个国家重大专项课题通过验收,欧浦钢铁网
2018-07-27,浦项制铁担忧通用汽车韩国公司订单减少,钢铁新闻网
2018-07-26,[推荐评级]可抵扣亏损对企业现金流和利润的影响专题研究(钢铁行业)：钢企还有多少税盾可以用?,中财网
2018-07-26,17家钢铁公司中报业绩预喜 钢铁概念股有哪些,证券日报
2018-07-26,宝钢股份|公司新闻|宝信软件宝康电子亮相第十二届中国国际智能交通展动态可变车道解决方案荣获优秀奖,宝钢股份
2018-07-26,北上资金净买入16.18亿元 中国平安净买入居首,证券时报网
2018-07-26,信托公司曲线上市有望再扩容,北京商报
2018-07-25,庄建军辞任宝钢包装总经理 仍任党委书记、董事,中国经济网
2018-07-25,美孚优释达服务品牌全新升级：专业润滑 服务到家,中新网
2018-07-25,宝钢股份实现产成品物流无纸化提货,钢铁新闻网
2018-07-25,[看好评级]钢铁行业事件点评：政策边际宽松推动板块反转行情,中财网
2018-07-25,[看好评级]钢铁行业周报：把握宏观改善下的估值修复机会,中财网
2018-07-25,4天372亿元资金涌入近千只个股 钢铁等三行业最受青睐,金融界
2018-07-25,招商证券：股票市场猴性外资可能扰动人民币汇率走势,金融界
2018-07-25,巨丰早评：短线反弹目标揭秘,巨丰财经
2018-07-24,“新重钢”破茧重生 中报预盈7.6亿元,金融界
2018-07-24,7月24日宝钢股份（600019）股票行情观点：持股为宜,南方财富网
2018-07-24,巨丰收评：短线超跌机会仍有 中线逐步配置蓝筹股,巨丰财经
2018-07-24,今日61只个股突破半年线,证券时报
2018-07-24,钢铁概念股龙头：宏观缓和+环保趋严 助力钢铁估值修复,证券之星
2018-07-24,钢铁股紧跟周期股前进步伐，韶钢松山强势涨停,Wind
2018-07-24,鲁宝钢管PQF产线通过道达尔API套管产品认证,兰格钢铁网
2018-07-23,三类军工股强势崛起 逾9亿元资金追捧59只概念股,证券日报
2018-07-23,[看好评级]钢铁行业周报：政策微调定向宽松 利于稳定内需,中财网
2018-07-23,华宝信托将注入华宝投资 宝武钢铁集团金融板块上市持续推进,国信钢铁
2018-07-23,太钢申请对欧盟等不锈钢反倾销立案调查，宝钢不锈等4企支持,澎湃新闻
2018-07-23,基金2Q18持仓分析(钢铁、建材行业)：板块情绪仍低迷 建材环比明显减仓,中财网
2018-07-23,[买入评级]钢铁行业周报：唐山市污染减排攻坚行动正式开始 货币政策边际微调或修复需求悲观预期,中财网
2018-07-23,国际钢铁进入“巨无霸”时代？,钢铁新闻网
2018-07-23,[增持评级]钢铁行业周报：钢铁板块正在酝酿积极的因素,中财网
2018-07-23,钢铁、建材行业周报：基本面仍平稳 长三角熟料紧平衡下提前涨价,中财网
2018-07-23,【国君钢铁|每日跟踪】上海螺纹4140，财政部：上半年钢铁等行业利润同比大幅增长,鹏飞论钢
2018-07-22,【国君钢铁|周策略】钢价短期无忧，板块震荡偏强,鹏飞论钢
2018-07-22,【申万债券】细则落地利好短久期高等级信用债；政府债利差估值逻辑与投资策略——信用周报2018年第21期（2018.07.22）,申万宏源固收研究
2018-07-22,中泰钢铁行业数据库周报20180721,中财网
2018-07-21,宝武集团金融重组生变华宝投资“通吃”堪比金控,中国经营报
2018-07-20,工业互联网平台建设等文件印发 工信部加大企业上云支持,中财网
2018-07-20,[买入评级]钢铁6月份核心数据点评：信贷周期与财政周期约束再度显现 地产端隐含的超预期边际或值得期待,中财网
2018-07-20,柳钢正式控股广西钢铁集团,欧浦钢铁网
2018-07-20,中国上市公司协会联合沪深交易所发布A股上市公司现金分红榜单,中上协
2018-07-20,好马配好鞍！我国造岛神器配上中国宝武的“风帆”,慧聪网
2018-07-20,宝钢钢构与中化泉州签订钢结构框架协议采购合同,钢铁新闻网
2018-07-20,宝钢股份：7月19日融资余额为12.44亿元，较前一日骤降5.62%,Wind资讯
2018-07-20,巨丰早评：A股将反复试探底部,巨丰财经
2018-07-19,宝钢股份：航母扬帆 行稳致远,中证网
2018-07-19,巨丰收评：超跌股表现活跃,巨丰财经
2018-07-19,巨丰投顾：权重股有护盘力量出现,巨丰财经
2018-07-19,两市双双冲高回落 权重股有护盘力量出现,证券之星
2018-07-19,巨丰热点：央企重组将继续推进 钢铁板块整体活跃,巨丰财经
2018-07-19,上证50发力涨近1% 海螺水泥、宝钢股份涨逾3%,证券时报网
2018-07-18,贾可：所谓国汽集团，现在不过是一种过度联想,汽车商业评论
2018-07-18,渤海信托与华宝信托拟曲线上市，上市方案与细节首次曝光,国际金融报
2018-07-18,百度云入围Forrester公有云报告 打造“数字中国”建设的智能引擎,砍柴网
2018-07-18,金股预测晚间版：宝信软件等3股后市上涨概率超70%,巨丰财经
2018-07-18,武钢有限产品首次直航出口,欧浦钢铁网
2018-07-18,[看好评级]钢铁行业周报：库存继续下降 反弹行情持续,中财网
2018-07-18,两家信托扩充资本 齐曝曲线上市新进展,证券时报
2018-07-18,855股环保“陈情” 环境治理进入“新赛道”,21世纪经济报道
2018-07-17,180天后渤海信托上市细节曝光 除了渤海还有华宝信托,中金在线
2018-07-17,【国君钢铁|周策略】钢价淡季无忧，板块偏强运行,鹏飞论钢
2018-07-17,鞍钢集团：亚洲电动车之父、中国工程院院士陈清泉加盟智囊团,澎湃新闻
2018-07-17,[看好评级]钢铁行业周报：环保限产继续发酵 盈利高位向上,中财网
2018-07-17,宝钢股份首卷锌铝镁镀层汽车板下线,宝钢股份
2018-07-17,宝钢股份大力推进多基地制造管理模式,宝钢股份
2018-07-17,全力支撑我国输配电行业绿色高效发展宝钢股份取向硅钢挺起“国字号”脊梁,宝钢股份
2018-07-17,钢铁、建材行业6月数据点评：吨钢毛利环比提升 水泥价格淡季不淡,中财网
2018-07-17,宝钢股份热轧耐磨蚀钢助国之重器扬帆起航,钢铁新闻网
2018-07-17,【计算机】宝信软件：智能制造和IDC双轮驱动，未来几年将持续高增长,天风研究
2018-07-17,钢铁行业周报:唐山限产支撑淡季钢价,爱建证券
2018-07-16,华宝信托将注入华宝投资 宝武钢铁集团金融板块上市持续推进,新京报
2018-07-16,[增持评级]钢铁行业周报：钢价淡季无忧 板块偏强运行,中财网
2018-07-16,[中性评级]钢铁行业2018年中报前瞻：业绩继续提升 关注行业三季度估值修复机会,中财网
2018-07-16,[增持评级]钢铁行业周报：华北环保限产进一步加强,中财网
2018-07-16,钢铁、建材行业周报：基本面稳健 业绩预告提供板块催化剂,中财网
2018-07-16,[增持评级]钢铁行业周报：唐山环保限产助推钢铁板块反弹,中财网
2018-07-16,[买入评级]钢铁行业周报：唐山7月20日至8月31日开展污染减排攻坚行动 环保高压持续促供需紧平衡,中财网
2018-07-16,携国企改革红利冲击IPO 中国铁塔或成港股年度募资王,证券日报
2018-07-13,得益于钢铁去产能 22家钢企入围2018年《财富》中国500强,电缆网
2018-07-13,【轻量化高峰论坛】爱驰汽车孙黎：混合材料车身是未来发展方向,盖世汽车
2018-07-13,[推荐评级]宝钢股份(600019)深度报告：航母扬帆 行稳致远,中财网
2018-07-13,智慧采购助推宝钢股份整合融合,钢铁新闻网
2018-07-12,[买入评级]环保高压下的钢铁专题二十：《河北省钢铁行业去产能工作方案(2018-2020年)》发布：河北示范效应显著 落后产能将加速退出 供给端升级强化,中财网
2018-07-12,巨丰热点：钢企限产支撑市场回暖 钢铁股活跃,巨丰财经
2018-07-12,90股获券商买入评级 依顿电子目标涨幅达107.31%,Wind
2018-07-12,大宗商品2Q18预览(基础材料行业)：盈利同比改善 带动估值修复,中财网
2018-07-12,"宝钢股份2018年8月期货出厂价点评:8月出厂价整体持平,取向硅钢持续强劲",光大证券
2018-07-11,【天风钢铁|日报】唐山展开三种气体减排攻坚行动 为期43天,微信
2018-07-11,宝钢股份跃居2018年《财富》中国500强第24位,宝钢股份董秘室
2018-07-11,22家钢企入围2018《财富》中国500强宝钢股份以2894亿元营收居首,经济观察网
2018-07-11,宝钢股份热轧耐磨蚀钢助推国之疏浚造岛重器扬帆起航,兰格钢铁网
2018-07-11,宝钢股份BWELDY960QL4厚板高强钢替代进口,钢铁新闻网
2018-07-10,[增持评级]钢铁行业周报：短流程炼钢的供给连续3周环比增加,中财网
2018-07-10,宝钢股份2018年8月价格发布,宝钢股份董秘室
2018-07-10,宝钢股份|公司新闻|《机构投资者》杂志2018年度“亚太区公司管理团队”评选揭晓宝钢股份位列“最佳投资者关系公司”（基础材料组）榜首,宝钢股份
2018-07-10,[增持评级]钢铁行业点评报告：环保新形态 供改新方向,中财网
2018-07-10,"钢铁行业周报:库存环比小幅下降,盈利有望回升",申万宏源
2018-07-09,【国君钢铁周策略】供需暂稳，钢价区间震荡,微信
2018-07-09,政策直通车：外国投资者参与A股交易范围将进一步放开,巨丰财经
2018-07-08,钢铁行业数据周报20180707,中财网
2018-07-08,[买入评级]钢铁行业周报：蓝天保卫战正式启动、10月底唐山钢企须完成超低排放改造 环保高压态势持续,中财网
2018-07-06,你只看到美的，还记得宝钢50亿回购么？,红周刊
2018-07-06,宝钢股份热轧耐磨蚀钢助推国之疏浚造岛重器扬帆起航,欧浦钢铁网
2018-07-06,[买入评级]环保高压下的钢铁专题十九：唐山要求18年10月前完成超低排放改造-超低排放改造加速落地 环保高压夯实供需紧平衡,中财网
2018-07-05,【天风钢铁|日报】钢材社会库存再次下降，本周降幅15.5万吨,微信
2018-07-05,环保高压下的钢铁专题十八：重点区域将淘汰130M2以下烧结机-淘汰面积占全国的20.47% 中小钢企压力更大、上市公司影响有限,中财网
2018-07-05,大宗商品2H18展望：以时间换空间;关注优质龙头,中财网
2018-07-05,钢铁建材2H18展望：环保高压不减 高盈利有望持续,中财网
2018-07-05,A股市场破净股一览（7月5日）,Wind
2018-07-05,宝钢湛江钢铁将建3号高炉预计容量5050m！,兰格钢铁网
2018-07-05,平安证券晨会纪要-180705,平安证券
2018-07-05,40亿豪气回购！美的发出最强音 金额竟超A股4成公司总市值！6月以来回购案例创新高,证券时报网
2018-07-05,供需格局改善推升钢铁业盈利 3只绩优股迎估值修复,证券日报
2018-07-04,宝武集团产能布局再优化：出让宝钢不锈、梅钢近450万吨产能，拟建设湛江3号高炉、鄂钢新转炉、德盛不锈连铸项目,不止是钢货
2018-07-04,宝武集团与上海市签约 进一步推动宝山吴淞地区整体转型升级,e公司
2018-07-04,关于中国宝武宝钢不锈、梅钢公司产能出让的公示,我的钢铁
2018-07-04,[中性评级]钢铁行业快评：钢铁*唐山再提淘汰设备 环保渐成主抓手,中财网
2018-07-04,[同步大市评级]钢铁行业2018年中期投资策略：踏准估值节奏 警惕宏观风险,中财网
2018-07-04,[买入评级]环保高压下的钢铁专题十七：重点区域1000M3以下高炉将加速淘汰：落后设备退出促供给再收缩 进一步夯实供需紧平衡,中财网
2018-07-04,[买入评级]钢铁行业PMI点评(2018年7月份)：6月PMI指数小幅上升51.60% 7月预计钢市以稳为主,中财网
2018-07-04,钢铁要闻简讯丨多家钢企产能置换方案落地,我的钢铁
2018-07-03,【天风钢铁|日报】柳州钢铁预计上半年净利润同比增长395%到467%,微信
2018-07-03,[增持评级]钢铁行业周报：供给钝化 需求平稳,中财网
2018-07-03,宝钢股份跌0.95%，创年度新低，报7.27元,腾讯网
2018-07-02,打造负责任央企 中冶天工农民工业校传技能普法律讲礼仪,证券日报
2018-07-02,宝钢股份大跌5.01%，报7.40元,腾讯网
2018-07-02,[看好评级]钢铁行业周报：库存继续上升 静待补库需求释放,中财网
2018-07-02,宝钢股份冷轧厂C213自动包装机组进入功能验收,宝钢股份
2018-07-02,宝钢股份中央研究院开展表面分析技术研修暨支部共建,宝钢股份
2018-07-02,宝钢股份跌3.08%，创年度新低，报7.55元,腾讯网
2018-07-02,[增持评级]钢铁行业周报：货币政策进一步微调,中财网
2018-07-02,[买入评级]钢铁行业周报：2020年前唐山市1000立方米以下高炉将全部淘汰 钢铁行业去产能持续深化,中财网
2018-07-02,宝钢股份跌2.57%，创年度新低，报7.59元,腾讯网
2018-07-02,[增持评级]钢铁行业周报：钢铁行业正逐步进入需求淡季,中财网
2018-07-02,钢铁、建材行业周报：吨钢毛利震荡回调 水泥价格淡季坚挺,中财网
2018-06-29,宝武钢铁首迎一把手调整 他49岁晋升浙江副省长,欧浦钢铁网
2018-06-28,两大钢铁央企掌门人变更：陈德荣由宝武集团总经理升任董事长，奚国华由新兴际华集团董事长履新一汽集团总经理,不止是钢货
2018-06-28,陈德荣任宝武集团董事长、党委书记,我的钢铁
2018-06-28,宝钢股份VLGC低温船板打破国外垄断,钢铁新闻网
2018-06-27,宝钢股份跌1.85%，创年度新低,腾讯网
2018-06-26,钢铁、建材行业周报：钢铁社会库存增加 水泥价格淡季上调,中财网
2018-06-26,宝钢股份首席师研讨智能制造,宝钢股份
2018-06-26,宝钢股份|公司新闻|开拓创新打造开放式技术高地汽车用钢开发与应用技术国家重点实验室召开第一届理事会第七次会议,宝钢股份
2018-06-26,[增持评级]钢铁行业周报：盈利持续性助力板块修复?,中财网
2018-06-26,中泰钢铁行业数据库20180623,中财网
2018-06-26,中国宝武公开转让一批资产设备,我的钢铁
2018-06-26,"钢铁行业周报:多因素扰动库存上升,盈利维持高位",申万宏源
2018-06-25,【国君钢铁|每日跟踪】上海螺纹4090，央行：通过定向降准支持市场化法治化“债转股”和小微企业融资,微信
2018-06-25,[买入评级]宝钢股份(600019)投资价值分析报告：龙头与协同优势显著 高分红凸显投资价值,中财网
2018-06-25,150余家供应商汇集观致汽车 冲击10万年销量,中新网
2018-06-25,"2018年钢铁行业半年度策略报告:稳中求进,寻找确定性",平安证券
2018-06-24,【国君钢铁|周策略】地产平稳库存低位下，钢价难以出现持续下跌,微信
2018-06-24,湖北广电收购宝武集团旗下武钢通信在即,证券时报网
2018-06-22,退市股投机炒作要不得,经济日报
2018-06-22,六月精选股票组合（第三周）| 海通证券研究所出品,微信
2018-06-22,宝钢股份成为国内首家VLGC低温钢板供货钢企,欧浦钢铁网
2018-06-22,2018下半年钢铁行业投资策略：从成本曲线看盈利的持续性,中财网
2018-06-22,股市走弱，3大机构集体加仓另一市场,Wind
2018-06-21,宝钢40年：从追随者到引领者,全景网
2018-06-20,审计署：原武钢未按要求完成应收账款和存货压控工作,审计署
2018-06-20,lgmi数据看市：国内热卷检修增 库存增 后市价格谨慎乐观,和讯
2018-06-20,动力煤价格延续上涨 四概念股腾飞在即,证券时报
2018-06-19,宝钢股份具备供应超大型集装箱船用止裂钢能力,Wind
2018-06-19,全球首创:四台机器人在一座连铸机上“共舞”,兰格钢铁网
2018-06-19,弱势重质 关注低估值板块,金融投资报
2018-06-19,"钢铁行业:钢铁板块业绩确定性迎资金配置,钢价小幅上涨",东北证券
2018-06-19,钢铁行业周报:短期供给受限推动钢价创年内新高,光大证券
2018-06-18,【国君钢铁|周策略】地产数据超预期，看好钢铁继续反弹,微信
2018-06-15,下周816亿市值限售股解禁，环比减少一成,Wind
2018-06-15,宝钢股份与韩国浦项开展互动交流,钢铁新闻网
2018-06-15,[增持评级]钢铁行业5月数据点评：地产需求回暖逐步显现,中财网
2018-06-15,宝钢股份具备供应超大型集装箱船用止裂钢能力,欧浦钢铁网
2018-06-15,[增持评级]污染防治攻坚战系列报告钢铁篇：钢铁环保长短期机制并驾齐驱 利于产业升级,中财网
2018-06-15,钢铁、建材行业5月数据点评：粗钢产量增幅较高 水泥需求环比继续改善,中财网
2018-06-15,【韶钢松山（000717）】降本增效叠加区域优势，经营业绩将继续创新高,中信证券研究
2018-06-14,6月14日有78家公司获重要股东增减持 通威股份已被连续增持142次,Wind
2018-06-14,安阳钢铁、西宁特钢涨停！钢价涨不休？钢铁股再度活跃走强,中财网
2018-06-14,博涵财经成功承办第十四届世界管理大会,苏南网
2018-06-14,[超配评级]钢铁行业2018下半年投资策略：企业利润向好 悲观预期修正,中财网
2018-06-14,期现联动促钢铁板块连涨 钢铁概念股有哪些?,证券日报
2018-06-14,[看好评级]钢铁行业事件点评：预期边际改善推动反弹行情,中财网
2018-06-14,光大证券：宝钢股份维持买入评级,顶尖财经网
2018-06-14,32股获券商买入评级 当代明诚目标涨幅达85.39%,Wind
2018-06-14,期现联动促钢铁板块连涨 5只个股被机构集中推荐,证券日报
2018-06-13,宝钢股份智慧制造项目填补业内空白,e公司
2018-06-13,限产升级钢铁行业盈利无忧 8只个股估值修复潜力大,证券日报
2018-06-13,"钢铁行业周报:库存降幅收窄,环保持续发酵",申万宏源
2018-06-12,宝钢股份：首期限制性股票计划第三个解锁期解锁暨上市公告,上交所
2018-06-12,钢铁板块强势反弹：宝钢7月上调钢价 三钢闽光表示“谨慎乐观”,e公司
2018-06-12,宝钢股份2018年7月价格发布,宝钢股份董秘室
2018-06-12,看好中国|消费升级---北上资金亲睐大消费,巨丰财经
2018-06-12,[增持评级]钢铁行业周报：高炉开工率略回落 行业基本面良好,中财网
2018-06-11,宝钢股份调整部分7月份国内期货销售价格,e公司
2018-06-11,施耐德电气尹正：如何让传统企业成为数字化时代的领导者？,经济观察报
2018-06-11,午评：创业板指失守1700点 钢铁和体育等板块大热,证券时报网
2018-06-11,[优于大势评级]钢铁行业周报：环保督察逐步发力 库存持续去化,中财网
2018-06-11,长江口动力煤价重上700元/吨 四股有望率先受益,证券时报
2018-06-11,钢铁行业周报:边际改善带来反弹机会,爱建证券
2018-06-10,A股“入摩”首周，北上资金持续加仓这些板块,--
2018-06-10,巨丰原创：A股入摩外资助推多股创历史新高 23只成分股吸金70亿,巨丰财经
2018-06-09,入摩6日北上资金逾200亿扫货 三维度挖掘A股新机遇,证券日报
2018-06-08,宝钢股份新一届董监高团队集体登场,宝钢股份董秘室
2018-06-08,“三大”再次释放合并信号 中国千万级汽车巨头将诞生？,华夏时报
2018-06-08,宝钢新加坡公司今年出口再创同期新高,钢铁新闻网
2018-06-08,"""煤超疯""再袭 煤企盈利将高位增长(受益股)",证券日报
2018-06-08,中国石油无偿划转19.4亿股 圆通速递中标香港机场,云掌财经
2018-06-08,宝钢股份：与城市和谐共生,兰格钢铁网
2018-06-08,A股迎分层时代 中报披露如火如荼近七成公司业绩预喜,和讯
2018-06-08,行业盈利仍处高位 钢铁股迎来反弹,证券时报
2018-06-08,集成电路关键基础材料实现量产 六股迎腾飞契机,证券时报
2018-06-08,四优势支撑钢铁板块强劲反弹 双底吸引近10亿元大单,证券日报
2018-06-08,中石油无偿划转19.4亿股 或是混改前奏,证券日报
2018-06-06,Lgmi：宝钢徳盛未来将阔步前行,兰格钢铁网
2018-06-06,中冶宝钢技术多措并举聚焦无人化行车安全管控,钢铁新闻网
2018-06-06,宝信软件(600845)调研纪要：工业互联网引领制造业革命,中财网
2018-06-05,最大客户及供应商皆出自关联方 韶钢松山回函释疑深交所问询,e公司
2018-06-05,库存与估值“双底”渐显 钢铁股逢低配置正当时,中证报
2018-06-04,【热点关注】宝武不锈的未来在哪里,长江钢铁
2018-06-04,钢铁行业数据库周报,中财网
2018-06-04,钢铁、建材行业周报：钢铁社库快速去化延续 水泥有望淡季不淡,中财网
2018-06-04,[增持评级]钢铁行业月度跟踪报告：利润仍维持高位,中财网
2018-06-04,2018年钢铁行业中期投资策略：不变的是变化,中财网
2018-06-04,钢铁行业周报:中厚板引领钢铁板块,光大证券
2018-06-04,"钢铁行业周报:库存同比转负,多地环保限产",申万宏源
2018-06-03,【国君钢铁|周策略】行业维持高景气，乐观情绪渐起,微信
2018-06-03,[买入评级]久立特材(002318)深度研究：油气管受益于油气资本开支回升 核电管享核电设备国产化良机,中财网
2018-06-01,要退市的股票居然还有人买！富贵险中求，还是太傻太天真？,和讯
2018-06-01,一汽、东风成立新合资公司 “融合”之路更进一步,盖世汽车
2018-05-31,六月精选股票组合及上月组合回顾|海通证券研究所出品,微信
2018-05-31,国内外众多专家学者相聚宝钢股份探讨钢铁业可持续发展创新技术和策略,宝钢股份
2018-05-31,《2018上市公司资本品牌溢价报告》发布 内生价值释放 溢价整体提升,证券日报
2018-05-30,宝钢一钢不锈钢2018年7月前后全部关停 再见！,上海有色
2018-05-30,宝武黄石公司全力推进新港项目建设,欧浦钢铁网
2018-05-30,高智能化钢制品库在宝钢股份投用,钢铁新闻网
2018-05-30,东进，共同唱响“同一首歌” ———宝钢股份汽车板营销人员整合融合纪实,钢铁新闻网
2018-05-30,[中性评级]钢铁行业品种结构调整专题报告之一：汽车板专题：市场容量增长趋缓 “一超多强”格局渐显,中财网
2018-05-30,平安证券：外资对国内债市的增持力度或将边际放缓,中证网
2018-05-30,盘前有料｜宁德时代申购、欧美股市重挫、农行千亿定增获批……,证券时报网
2018-05-29,工业互联网，再造一个新联想？,元器件交易网
2018-05-29,两大有色集团开启重组——道达早评,每日经济新闻
2018-05-29,中国宝武一线创新“闪亮”国际发明展,钢铁新闻网
2018-05-29,"钢铁行业:《徐州市钢铁行业布局优化和转型升级方案》点评,落实环保治理,优化钢铁行业布局",申万宏源
2018-05-28,[增持评级]钢铁行业周报：产存数据显示板材需求较强,中财网
2018-05-28,太重首造智能冶金铸造起重机,中国机经网
2018-05-28,中泰钢铁行业数据库周报20180526,中财网
2018-05-28,钢铁、建材行业周报：钢铁社库持续快速去化 水泥价格高位震荡,中财网
2018-05-28,[增持评级]钢铁行业周报：外部风险阶段性缓解,中财网
2018-05-28,"钢铁行业:高炉开工率连续10周回升,中板和螺纹价差创8年新高",光大证券
2018-05-27,【华泰钢铁*邱瀚萱】产存数据显示板材需求较强,微信
2018-05-26,【国君钢铁|周策略】开工率继续回升,微信
2018-05-26,宝钢股份：2017年度股东大会决议公告,上交所
2018-05-25,宝钢股份率先掌握世界“三最”管线钢生产技术,钢铁新闻网
2018-05-24,宝钢股份取向电工钢产能及产量规模已列全球上市钢企首位：最新披露两项全球首发产品,新华网
2018-05-23,"钢铁行业:环保高压迎需求淡季,钢价高位震荡",东北证券
2018-05-22,宝钢股份|公司新闻|陈德荣出席第十届中国国际钢铁大会发表主旨演讲以钢铁业的转型升级推动中国经济高质量发展,宝钢股份
2018-05-22,[推荐评级]钢铁行业专题报告：超低排放改造呼之欲出 落后产能加速出清,中财网
2018-05-22,[看好评级]钢铁行业周报：后续增产有限 基本面继续向好,中财网
2018-05-21,钢铁板块思考系列之一从周期行业对比角度看钢铁板块估值,不止是钢货
2018-05-21,钢铁：基建有望迎来拐点 荐5股,爱建证券
2018-05-21,钢铁行业周报:钢铁板块逐步迈向淡季,光大证券
2018-05-20,钢铁：落后产能将加速退出 荐6股,广发证券
2018-05-18,中冶宝钢技术第二分公司承建的两项工程完工,兰格钢铁网
2018-05-18,气溫创同期新高助力用电需求增长 五股火热爆发,证券时报
2018-05-17,联想大数据登陆2018世界智能大会 用CPS激发智能制造活力,DoNews
2018-05-17,本特勒汽车举办首个亚太区供应商大会,盖世汽车
2018-05-17,48股获券商买入评级 滨化股份目标涨幅达105.48%,Wind
2018-05-16,宝山基地核心产品二季度均价环比变化：热轧和冷轧汽车板涨50元/吨，非汽车板普冷降50元/吨,不止是钢货
2018-05-16,宝钢股份动态点评：6月出厂价稳中有涨，Q2经营有望向好,天风证券
2018-05-16,产能过剩幽灵再现 中国钢材股阴云笼罩,彭博社
2018-05-16,宝钢股份：建成投用国内最大智能化钢制品库,e公司
2018-05-16,重庆钢铁换届周竹平任董事长 今年营收目标206亿元,重庆商报
2018-05-16,4月数据点评(钢铁、建材行业)：钢材盈利明显修复 水泥需求环比大幅跳升,中财网
2018-05-15,宝钢院士毛新平谈薄板坯连铸连轧产线：25%~30%的冷轧产品可以被同等厚度的热轧产品替代,不止是钢货
2018-05-15,[路演]开滦股份：主要客户有宝钢首钢等大型钢企,全景网
2018-05-15,宝钢股份股票分析：现金奶牛特征明显，盈利仍有挖潜空间,中信建投
2018-05-15,钢铁行业周报:全国高炉开工率连续第9周回升,光大证券
2018-05-14,宝钢股份2018年整合融合工作有序推进,宝钢股份
2018-05-14,方大特钢举办点检管理系统培训,钢铁新闻网
2018-05-14,今日资金抢入六只强势股一览（2018年5月14日）,中财网
2018-05-14,宝钢股份：盈利仍有挖潜空间 增持评级,中信建投
2018-05-14,武钢集团产业聚焦改革解读,兰格钢铁网
2018-05-14,[同步大势评级]钢铁行业周报：淡季到来隐忧 钢价高位震荡,中财网
2018-05-14,国内最大、智能化程度最高的钢制品库在宝钢股份投用,兰格钢铁网
2018-05-14,[强于大市评级]钢铁行业研究周报：集中开工结束 钢材供需进入高位震荡期,中财网
2018-05-14,钢铁、建材行业周报：华东水泥价格涨势延续五周 钢材库存继续快速去化,中财网
2018-05-14,首艘国产航母开始海试 相关上市公司望受市场关注,金融界
2018-05-14,QFII首季逆市增持，海外资金加速布局A股,--
2018-05-13,【国君钢铁|周策略】高炉开工率继续回升，库存下降显示需求不弱,微信
2018-05-13,【天风钢铁|周报】集中开工结束 钢材供需进入高位震荡期,微信
2018-05-13,白马周期金融重获北上资金青睐,中财网
2018-05-13,陆家嘴财经早餐2018年5月13日星期日,Wind
2018-05-12,PPI数据八个月来首次回升 钢铁等三大行业孕育新机遇,证券日报
2018-05-11,以“车”为媒 华菱星马牵手芜湖海螺(图),慧聪网
2018-05-11,钢铁行业盈利面大幅改善 哪些钢铁概念股将受益,证券日报
2018-05-11,宝钢股份2018年6月份期货价格发布,宝钢股份董秘室
2018-05-11,一汽、东风、长安合并 已是在弦之箭,车质网
2018-05-11,【国金智能制造】中国一重深度报告之三：产能置换正当时，冶炼设备迎来新景气,微信
2018-05-10,[买入评级]钢铁行业财务分析系列之九：2017年年报分析：盈利面明显扩张 供需持续改善 行业景气度有望持续,中财网
2018-05-10,今日资金抢入六只强势股一览（2018年5月10日）,中财网
2018-05-10,[推荐评级]钢铁行业一季报总结：板块盈利能力持续增强 全年景气预期不改,中财网
2018-05-10,宝钢冷轧厂热镀锌厚料产线改造工程完工,兰格钢铁网
2018-05-10,宝钢股份一季度利润达69.2亿元,钢铁新闻网
2018-05-09,[同步大市评级]钢铁行业周报：库存减幅收窄 钢厂利润持续回升,中财网
2018-05-09,[看好评级]钢铁行业周报：库存降幅略收窄 盈利高位向上,中财网
2018-05-09,[强推评级]韶钢松山(000717)点评：长材需求加速 南北价差扩大 区域龙头风云再起,中财网
2018-05-09,宝钢三期工程将开工,兰格钢铁网
2018-05-09,[同步大势评级]钢铁行业周报：库存去化趋缓 钢价持续上行,中财网
2018-05-09,宝钢股份与中冶宝钢技术拟订20项智慧检修项目,兰格钢铁网
2018-05-09,宝钢股份镀锡板厂双聚焦双提升,兰格钢铁网
2018-05-09,钢铁行业周报:模拟的钢铁业利润已连续第6周回升,光大证券
2018-05-08,[买入评级]宝信软件(600845)季报点评：一季度净利润增速78.14% 智能制造促业绩拐点,中财网
2018-05-08,钢铁、建材行业周报：华东环保推升水泥价格 钢材盈利再冲高,中财网
2018-05-08,湛江钢铁一季度实现“开门红”,钢铁新闻网
2018-05-08,中国宝武：精挑细选做混改,兰格钢铁网
2018-05-07,[买入评级]【钢铁行业财务分析系列之七】2018年一季报分析：盈利面同比扩张 供需边际向好 看好钢铁行业投资机会,中财网
2018-05-07,中国宝钢参加,兰格钢铁网
2018-05-07,[买入评级]韶钢松山(000717)深度报告：享区位优势、降本增效夯实竞争力 拟收购宝特韶关加快产品升级,中财网
2018-05-07,"方大炭素2018年一季报点评:一季度业绩创历史新高,环比增长符合预期",光大证券
2018-05-06,一季报曝光社保、QFII、私募投资图谱,大众证券报
2018-05-05,宝钢股份2018年一季度业绩网上路演问答摘录,宝钢股份董秘室
2018-05-04,-138.78亿！论亏损，乐视网饶过谁？,和讯
2018-05-04,宝钢股份美洲技术服务中心成立,上海有色
2018-05-04,研报精选 6股值得关注（5.4）,中金在线
2018-05-04,宝钢股份钢管条钢事业部无缝钢管厂3月份热轧管产量实现新突破,兰格钢铁网
2018-05-04,宝钢股份2018年一季报点评:钢铁制造板块盈利能力再创新高,申万宏源
2018-05-03,宝钢股份：5月2日融资余额为15.03亿元，较前一日骤增7.08%,Wind资讯
2018-05-02,QFII最新持股动向曝光：扎堆持有4股，十大重仓股市值占比超五成,21世纪经济报道
2018-05-02,毛利率变动趋势或存异常 利通电子IPO问题还真是不少,新浪
2018-05-02,宝钢特钢成功完成首次承接的小口径石化用690合金换热管合同,兰格钢铁网
2018-05-02,白马股轮番轰炸，说好的价值投资呢？,--
2018-05-02,[路演]宝钢股份：受上年业绩基数等因素影响 一季度业绩增幅略低,全景网
2018-05-02,[路演]宝钢股份：钢铁行业正从2015年的供需低谷走出来,全景网
2018-05-01,沪市公司2017年业绩稳中向好 经营质量再上新台阶,上交所
2018-05-01,宝钢股份发布靓丽季报今年一季度利润创上市以来单季同期最优,宝钢股份
2018-04-28,上市钢企2017年年报总结：吨钢净利方大和三钢领先，人均钢产量杭钢和柳钢居前、人均薪资方大和柳钢相对较高,不止是钢货
2018-04-28,【上市公司】一季度宝钢股份实现净利润50.21亿元 同比增长32.6%,兰格钢铁网
2018-04-27,上市钢企2017年吨钢扣非净利排名：方大特钢656元、三钢闵光621元、韶钢松山472元、太钢不锈446元、宝钢股份390元,不止是钢货
2018-04-27,方大炭素：投资27亿元 建年产10万吨石墨电极生产线,中证网
2018-04-27,宝钢炼钢、炼铁、烧结三厂同步定修完成,上海有色
2018-04-27,去年四季度至今宝钢股份厚板经营实现连续盈利,上海有色
2018-04-27,宝钢股份：一季度净利润50.2亿元，同比增长32.6%,Wind
2018-04-26,中国宝武今年打算这样干,钢铁新闻网
2018-04-26,武钢有限成本变革助推竞争力快速提升,欧浦钢铁网
2018-04-25,周期板块引领反弹北向资金抢先加仓,顶尖财经网
2018-04-25,风向标再度出现：北向资金成功抄底周期股(名单),中财网
2018-04-25,"宝钢股份:协同、整合为重点,全面降本提升综合效率",证券之星
2018-04-24,[看好评级]钢铁行业周报：库存去化速度不减 降准修复预期,中财网
2018-04-24,[同步大势评级]钢铁行业周报：央行定向降准提振情绪 库存去化持续 钢价低位反弹,中财网
2018-04-24,钢铁股集体拉升，钢价持续上行旺季行情或开启,Wind
2018-04-23,看好中国｜国产航母海试有望带来结构性机会,巨丰财经
2018-04-23,钢铁：库存去化速度不减 荐6股,申万宏源
2018-04-23,[强于大市评级]钢铁行业研究周报：基本面持续向好 关注板块反弹行情,中财网
2018-04-23,钢铁、建材行业周报：水泥价格继续上行 钢材社会库存降幅扩大,中财网
2018-04-23,中国高温合金产业创新战略联盟成立,兰格钢铁网
2018-04-23,金风科技：风电行业“供给侧改革”样本,证券时报
2018-04-23,"宝钢股份:整合持续释放红利,降本提升公司效益",东北证券
2018-04-22,[推荐评级]稀土行业跟踪：国内稀土龙头企业 量价齐升业绩亮眼,中财网
2018-04-22,[推荐评级]钢铁行业周报：库存降幅扩大&宏观预期改善 促进板块升温,中财网
2018-04-20,第三批混改名单呼之欲出，强强联合、卖壳齐头并进,--
2018-04-20,宝钢轧辊获评蒂森克虏伯A类优先采购供应商,钢铁新闻网
2018-04-20,四月精选股票组合（第三周）| 海通证券研究所出品,--
2018-04-20,[买入评级]粗钢产量数据点评(2018年3月)：3月份粗钢产量达7398 万吨、1-3月份累计同比增5.40%,中财网
2018-04-20,宝钢股份镀锡板厂用科技手段实现降本增效,兰格钢铁网
2018-04-20,常宝钢管高强韧性射孔枪管体产品通过中国石油学会鉴定,我的钢铁
2018-04-20,基础材料行业观点聚焦：需求预期有望改善;建议关注低估值个股,中财网
2018-04-19,[强烈推荐评级]宝信软件(600845)公司跟踪报告：一季报超预期 公司有望成为工业互联网平台型公司,中财网
2018-04-18,钢铁产业链4月18日监测：沪螺上涨1.6%至3790元/吨，水泥再涨0.1%，热卷再涨1%，废钢再跌2.3%,不止是钢货
2018-04-18,[看好评级]钢铁行业点评：全国日均粗钢产量环比略降 Q1年化产量约8.11亿吨,中财网
2018-04-18,817家公司现国家队身影，白马股分歧，创蓝筹受青睐,--
2018-04-18,基础材料行业3月数据点评：粗钢日均产量同比上行;水泥需求降幅明显,中财网
2018-04-17,钢铁股有哪些？钢铁股票龙头一览,财富动力网
2018-04-17,中国宝武：宝武重组首年 武钢有限实现成本削减30亿元,e公司
2018-04-17,[看好评级]钢铁行业周报：供给缓慢增加 资源继续消化,中财网
2018-04-17,大洋一号起航海试 哪些航母概念股值得关注？,南方财富网
2018-04-17,北上资金再现逆市操作 斥资逾18亿元布局9只龙头股,证券日报
2018-04-16,宝钢股份:多方并进 全年业绩靓丽,长江证券
2018-04-16,钢铁：资源继续消化 荐6股,申万宏源
2018-04-16,[中性评级]钢铁行业周报：钢材社会库存降幅按部就班,中财网
2018-04-16,[增持评级]宝钢股份(600019)年报点评：2017年盈利192亿元 拟派现100亿元,中财网
2018-04-16,[强于大市评级]钢铁行业研究周报：板块一季度业绩靓眼 基本面改善提升板块配置价值,中财网
2018-04-16,宝钢实现无人化自动接焦作业,兰格钢铁网
2018-04-16,钢铁、建材行业周报：水泥需求分化明显 钢材社会库存继续下降,中财网
2018-04-15,[增持评级]钢铁行业周报：在需求恢复与供给压力的博弈下 钢价震荡向上,中财网
2018-04-15,不锈钢隐形富豪的合众连横术：一家子公司拟卖给太钢不锈，一家子公司和宝钢不锈签订合作备忘录,微信
2018-04-15,四月精选股票组合（第二周）| 海通证券研究所出品,--
2018-04-13,宝钢特钢长材棒二产线成材率提高,兰格钢铁网
2018-04-13,漂亮100龙头股回调 独角兽大飞机概念股走强,证券时报
2018-04-12,[买入评级]宝钢股份(600019)年报点评：龙头企业投资价值凸显,中财网
2018-04-12,[看好评级]钢铁行业点评：需求释放驱动库存加速下降 反弹启动,中财网
2018-04-12,博鳌时间｜宝武集团陈德荣：美国提高钢铁关税不会对中国构成大的威胁,经济观察网
2018-04-12,钢铁板块打响反攻战 哪些钢铁板块股票值得关注？,股城网
2018-04-12,钢铁行业日报：徐州钢厂面临环保限产,中财网
2018-04-11,宝钢股份：龙头地位势不可挡 推荐评级,和讯
2018-04-11,今年中国钢铁需求如何？宝钢股份这样预测,新浪
2018-04-11,宝钢股份：创上市以来最佳业绩 买入评级,和讯
2018-04-11,[买入评级]宝信软件(600845)点评：2018Q1预告超预期 双轮驱动业绩加速增长,中财网
2018-04-11,研报精选 6股值得关注（4.11）,中金在线
2018-04-11,[推荐评级]宝信软件(600845)一季度业绩预增点评：IDC上架率提升 钢铁信息化订单增加 驱动公司业绩高增长,中财网
2018-04-11,宝武钢铁集团总经理陈德荣：大宗商品以更多更高比例采用人民币计价是必然结果,经济网
2018-04-11,[推荐评级]宝信软件(600845)深度研究：最具潜力IDC企业 深度布局智能制造 打造工业4.0领军企业,中财网
2018-04-11,【大行报告】大华继显:维持宝钢股份(600019-CN)买入评级 目标价11.25元,财华社
2018-04-11,湛江钢铁“两率”均创历史新高,兰格钢铁网
2018-04-11,上证50指数创近一年最大单日涨幅 白马蓝筹今日继续走强？——道达早评,每经网
2018-04-11,115股获券商买入评级，中金环境目标涨幅达95.18%,Wind
2018-04-11,"宝钢股份:业绩具内生增长潜力,高分红凸显投资价值",光大证券
2018-04-10,宝钢股份：中美贸易摩擦不断升级 会影响出口业务,e公司
2018-04-10,宝钢股份：中国钢铁行业格局已在好转,e公司
2018-04-10,研报精选 6股值得关注（4.10）,中金在线
2018-04-10,[超配评级]钢铁Ⅱ行业重大事件快评：春季行情迟到 但并未缺席,中财网
2018-04-10,[路演]宝钢股份：预计全年中国钢铁需求同比有所下降,全景网
2018-04-10,[路演]宝钢股份：今年行业环境改善 全球经济存在不确定性,全景网
2018-04-10,[路演]宝钢股份：已组织管理团队研究应对贸易摩擦对策,全景网
2018-04-10,宝钢股份股票分析：公司发布2017年业绩公告 业绩再创新高,中泰证券
2018-04-10,宝钢股份营销中心助力热板新品拓展新市场纪实,兰格钢铁网
2018-04-10,中国宝武多个项目获上海市科技进步奖,宝钢股份
2018-04-10,[看好评级]钢铁行业周报：库存消化大超预期 单周需求量新高,中财网
2018-04-10,宝钢股份去年净赚192亿元 四季度获证金、陆股通增持,证券之星
2018-04-10,受益宝武整合协同优势 宝钢去年利润创新高,证券时报
2018-04-10,宝钢股份去年净利翻番,中证报
2018-04-09,钢铁产业链4月9日监测：沪螺下跌0.5%至3670元/吨，水泥再涨0.3%热卷涨2.3%,不止是钢货
2018-04-09,4月9日公告精选：雅戈尔一季度预盈近百亿,和讯
2018-04-09,公告精选：雅戈尔一季度预盈近百亿；乐视网一季度预亏逾3亿,e公司
2018-04-09,4月9日晚间上市公司十大重磅公告,巨丰财经
2018-04-09,晚间重要公告2018年4月9日星期一,--
2018-04-09,10日年报速递：宝钢股份2017年净利192亿元同比翻番(更新中),中证网
2018-04-09,中泰钢铁行业数据库20180407,中财网
2018-04-09,宝钢股份：2017年净利192亿元同比翻番 证金持股增至4.86%,e公司
2018-04-09,宝钢股份净利翻番拟派息超百亿，证金公司持股比例升至4.86%,Wind
2018-04-09,钢铁指数盘中拉升涨逾1% 华菱钢铁涨逾6%,中证网
2018-04-09,韶钢松山拟收购关联方持有的宝特韶关100%股权,兰格钢铁网
2018-04-09,钢铁行业周报：需求逐步放量 符合前期观点,中财网
2018-04-09,钢铁、建材行业周报：水泥价格涨幅扩大 钢材社会库存降幅增加,中财网
2018-04-08,[买入评级]钢铁行业PMI点评(2018年3月份)：3月中采PMI指数小幅升至50.60%,中财网
2018-04-08,钢铁：需求逐步放量 荐3股,川财证券
2018-04-08,2018年最新中国钢铁行业资本系图谱,中投网
2018-04-08,钢铁行业月报：需求逐渐放量 钢价止跌反弹,中财网
2018-04-07,宝钢股份：龙头比较优势再审视 买入评级,和讯
2018-04-06,2017年粗钢产量前15的企业有了这些变化,钢铁新闻网
2018-04-06,宝武集团高管第二次考察碳纤维龙头企业恒神股份,不止是钢货
2018-04-05,钢铁等四行业国企利润大增 国企改革概念股龙头股,证券之星
2018-04-05,钢铁等四行业国企利润大增 六股业绩向好底子硬,证券之星
2018-04-04,[中性评级]钢铁行业周报：板块超跌反弹 短期钢价仍将承压,中财网
2018-04-04,钢铁行业日报：唐山高炉逐步点火复产,中财网
2018-04-04,宝钢股份大力推进智慧制造、建设数字化高炉,兰格钢铁网
2018-04-04,宝武集团转让杭钢股份20%股权,兰格钢铁网
2018-04-04,全球首套大型高炉控制中心在宝钢股份建成启用,钢铁新闻网
2018-04-04,可再生能源进入大范围增量替代阶段,中国经济网
2018-04-03,韶钢松山拟收购关联方持有的宝特韶关100%股权 提升管理效率,中证网
2018-04-03,加快公司转型升级 韶钢松山拟购宝特韶关100%股权,北京商报网
2018-04-03,[增持评级]钢铁行业周报：钢铁行业在价格暴跌后需求启动显著,中财网
2018-04-03,[看好评级]钢铁行业周报：交易放量 库存下降超去年同期,中财网
2018-04-03,[强于大市评级]钢铁行业研究周报：需求如期复苏 钢材价格企稳回升,中财网
2018-04-03,业绩说明会迎来小高峰 4月3日35家上市公司在全景·路演天下等你约,全景网
2018-04-02,钢铁：Q1业绩整体环比下滑 荐8股,申万宏源
2018-04-02,钢铁：供需边际向好 荐5股,广发证券
2018-04-02,钢铁：钢铁去库存加 荐3股,川财证券
2018-04-02,钢铁去产能工作要点将发布 钢铁概念股龙头一览,证券日报
2018-04-02,钢铁、建材行业周报：水泥价格稳步上行 建筑钢材社会库存继续去化,中财网
2018-04-02,钢铁去产能工作要点将发布 相关公司或迎布局良机,金融界
2018-04-01,监管层出王炸！周末13大消息影响下周股市（附股+点评）,新浪
2018-04-01,钢铁行业点评：需求逐步放量 钢铁去库存加快,中财网
2018-03-30,四月精选股票组合及上月组合回顾| 海通证券研究所出品,微信
2018-03-30,杭钢股份股权划转 两大国资运营公司接盘,全景网
2018-03-30,长安股权划拨疑云：混改、央企合并还是减少管理层级？,经济观察网
2018-03-30,"钢铁行业兼并重组专题报告:经验借鉴篇,它山之石,可以攻玉",平安证券
2018-03-29,【长江钢铁|每日动态】宝武集团划转杭钢股份约20%股权给诚通金控和国新投资,微信
2018-03-29,长江钢铁——最强大的研究团队,长江钢铁
2018-03-29,国家队基金操盘了解一下：一年只新进一只股,每日经济新闻
2018-03-29,钢铁板块午后持续走强 西宁特钢涨超8%,证券时报网
2018-03-28,A股共发生44宗大宗交易成交24.27亿元(3月28日),Wind
2018-03-28,宝钢股份今日大宗交易成交7000万股，成交价8.35元折价0.0%,Wind资讯
2018-03-28,中国宝武、武汉科技大学炭材料联合工程研究中心成立,钢铁新闻网
2018-03-27,[推荐评级]宝信软件(600845)年报点评：IDC与智能制造双重提振 打造工业4.0领军企业,中财网
2018-03-27,招商蛇口（001979）财报点评：再创辉煌,微信
2018-03-27,基础材料行业周报：水泥价格继续回升 钢材社会库存去化加速,中财网
2018-03-27,宝钢特钢牵头制订的G115无缝钢管团体标准通过审定,兰格钢铁网
2018-03-27,常宝钢管高强韧性射孔枪管体产品通过中国石油学会测井专业委员会的专家鉴定,兰格钢铁网
2018-03-27,钢铁行业:钢价已跌至去年8月以来最低水平,光大证券
2018-03-26,宝武集团重大人事变动：马国强履新湖北省委副书记，谁将接任董事长？,微信
2018-03-26,[买入评级]钢铁行业周报：需求延迟释放、限产钢企复工叠加贸易摩擦升级 预计短期钢价偏弱运行,中财网
2018-03-26,[增持评级]钢铁行业周报：钢价连续下探 市场仍处主动去库存阶段,中财网
2018-03-26,中泰钢铁行业数据库,中财网
2018-03-26,马国强任湖北省委副书记 原任中国宝武钢铁集团董事长(图|简历),中国经济网
2018-03-26,钢铁行业这些项目获2018年度国家科技奖提名！,钢铁新闻网
2018-03-26,2018央企改革最新消息：最新央企改革概念股名单,金融界
2018-03-26,宝钢股份钢管条钢生产经营持续向好,兰格钢铁网
2018-03-26,宝钢股份推出今年深化改革7项举措,兰格钢铁网
2018-03-26,宝钢特钢钢管厂解决高速冷轧机主离合器故障,兰格钢铁网
2018-03-26,【钢铁】笃慧、赖福洋、曹云（联系人）：黑色产业链降价去库-20180325,中泰证券研究所
2018-03-25,钢铁：黑色产业链降价去库 荐5股,和讯
2018-03-24,巨丰原创：央企改革望再上风口 市场预热或提前展开,巨丰财经
2018-03-24,个股资金流向,投资快报
2018-03-23,钢铁行业日报：建筑钢材社会库存降幅扩大,中财网
2018-03-23,浙商早班车2018.03.23,浙商证券研究所
2018-03-22,中信证券去年净利增10%：国家队四季度增持，资管规模下滑,澎湃新闻
2018-03-22,钢铁产业链3月22日监测：沪螺再跌1.1%至3730元/吨，废钢再跌2.2%,不止是钢货
2018-03-22,“337调查”案中国钢铁完胜！保住近28亿美元出口市场,21世纪经济报道
2018-03-22,宝钢股份：关于国有股份无偿划转完成过户登记的公告,Wind
2018-03-22,券商评级:两市连续回调 7股望受关注,金融界
2018-03-22,[看好评级]钢铁行业点评：有条件地复产有助缓解供给压力 钢材价格有望止跌企稳,中财网
2018-03-22,[增持-A评级]宝信软件(600845)公司快报：智能工业稳增长 IDC+云创新收,中财网
2018-03-22,钢铁行业日报：中西部钢材社会库存降幅较大,中财网
2018-03-22,"宝信软件:业绩小幅超预期,18年更值得期待",申万宏源
2018-03-22,"宝信软件:智能工业稳增长,IDC+云创新收",证券之星
2018-03-21,【国信转债】转债“大时代”系列专题之七：煤炭、钢铁行业转债分析手册,国信固收研究
2018-03-21,新华保险去年净利53.8亿增长近9%，遭宝武集团连续减持,澎湃新闻
2018-03-21,西安航发来信感谢宝钢特钢鼎力相助,兰格钢铁网
2018-03-21,[买入评级]宝信软件(600845)年报点评：IDC业务高成长 公司迎来新发展机遇,中财网
2018-03-21,钢铁行业日报：北方开工有望提振钢铁需求,中财网
2018-03-21,"宝信软件:IDC业务放量,公司运营质量提升",证券之星
2018-03-20,宝武集团在美国337调查案中胜诉,e公司
2018-03-20,钢铁“量-价-利”数据库,中财网
2018-03-20,[推荐评级]成交放量 库存进入下降通道,中财网
2018-03-20,安钢设备管理迈进信息化时代,安阳钢铁集团
2018-03-20,研报精选：6股值得关注（3.20）,中金在线
2018-03-20,[同步大市评级]钢铁行业周报：库存迎来拐点 仍需关注主动去库力度,中财网
2018-03-20,[买入评级]宝信软件(600845)年报点评：IDC+MES齐头并进 2017年增长超预期,中财网
2018-03-20,[增持评级]1-2月份钢铁供需数据点评：供需悄然变化,中财网
2018-03-20,[增持评级]宝信软件(600845)年报点评：业绩增长符合预期 智能制造行业领军,中财网
2018-03-20,【找钢网库存】去库周期何时到？找钢库存说真相—3月第2周库存分析,财经网
2018-03-20,[看好评级]钢铁行业周报：贸易商和终端主动去库存 价格将震荡偏弱,中财网
2018-03-20,[增持评级]钢铁行业周报：需求略有好转 库存去化速度为关键,中财网
2018-03-20,钢铁行业日报：板材钢企一季报行情值得期待,中财网
2018-03-20,【通信-宝信软件(600845)】 陈宁玉：领先的工业互联网平台企业，软件信息化与IDC业务高增长-20180319,中泰证券研究所
2018-03-20,【晨会聚焦】疫苗行业或迎投资机会,中泰证券研究所
2018-03-20,钢铁价格业内看涨心态积极 四股有望率先受益,证券时报
2018-03-20,"钢铁行业周报:社会库存环比首降,旺季需求仍有待观察",平安证券
2018-03-19,中国宝武董事长马国强：下游用钢的需求很多轻量化的方向已经开始，制定战略要把新材料进一步突出,不止是钢货
2018-03-19,宝武、鞍钢等龙头引领中国汽车板市场继续领跑！【转载】,长江钢铁
2018-03-19,电弧炉和转炉炼钢全方位对比【转载】,长江钢铁
2018-03-19,中泰钢铁行业数据库20180317,中财网
2018-03-19,资本市场聚焦服务实体经济 “国之重器”“大国工程”获支持,新华网
2018-03-19,[推荐评级]钢铁行业周报：关注成交与去库速度 春季行情有望开启,中财网
2018-03-19,招商局孙承铭拜会上海宝山区委书记及南通市副市长,中港网
2018-03-19,[推荐评级]钢铁行业周报：社会库存节后首次回落 钢材成交优于去年同期,中财网
2018-03-19,光大证券：建议买入宝钢股份,中证网
2018-03-19,基础材料行业周报：水泥价格开始推涨 钢材社会库存小幅下跌,中财网
2018-03-19,中冶宝钢技术承接宝钢化工焦油萘环保整治工程,兰格钢铁网
2018-03-19,【钢铁】笃慧、赖福洋、曹云（联系人）：关注钢铁库存消化速度-20180318,中泰证券研究所
2018-03-19,钢铁行业:钢铁业逐渐步入供需两旺的时节,光大证券
2018-03-18,今年钢价将继续处于上升趋势 宝钢股份等钢铁股或再上一台阶,云掌财经
2018-03-18,史上最全！钢铁企业吨钢生产成本剖析！【转载】,长江钢铁
2018-03-18,【长江钢铁周观点】需求渐起，砥砺前行,长江钢铁
2018-03-17,钢铁等四行业运营能力良好 四股业绩向好底子硬,证券日报
2018-03-17,逾八成公司业绩增长 四大财务指标掘金白马股,证券日报
2018-03-16,【长江钢铁核桃说第三期】只待需求起，旺季仍可期(20180316),长江钢铁
2018-03-16,[买入评级]粗钢产量数据点评(2018年2月)：2月份粗钢产量达6982万吨、2月日均粗钢产量创历史新高,中财网
2018-03-16,[增持评级]钢铁行业2月数据点评：限产松动供给提升,中财网
2018-03-16,宝钢股份：调高四月钢材出厂价,光大证券
2018-03-16,钢铁行业日报：钢厂复产延期利好供需改善,中财网
2018-03-15,八一钢铁：关于上海证券交易所问询函的回复暨复牌公告,Wind
2018-03-15,QFII重仓概念股近三日最受主力资金青睐,证券时报网
2018-03-15,"钢铁行业周报:库存继续攀升,关注春季需求释放",正点财经
2018-03-15,宝钢冷轧厂自动化改造项目将开工,欧浦钢铁网
2018-03-15,基础材料行业调研反馈：需求较有韧性;品种有所分化,中财网
2018-03-15,钢铁、建材行业1-2月数据点评：粗钢日产量提升 水泥需求逐步启动,中财网
2018-03-15,【钢铁】笃慧、赖福洋：限产松动供给提升-20180315,中泰证券研究所
2018-03-15,【晨会聚焦】钢铁增库存驱使开工率提升，紧盯基建数据,中泰证券研究所
2018-03-15,固投增速创出半年新高 供给受限推升钢企业绩(受益股),金融界
2018-03-15,【申万宏源钢铁煤炭】采暖季限产效果不显，地产投资超预期增长——2018年1-2月钢铁行业数据点评,微信
2018-03-15,尽快推行可再生能源配额制,证券日报
2018-03-15,近60亿元出逃 创业板失守5日均线,中证报
2018-03-14,树业环保（430462.OC）：深耕环保领域，抢占可降解快递袋市场新风口,新三板智库
2018-03-14,巨丰复盘：沪指失守3300 创业板大挫题材股熄火,巨丰财经
2018-03-14,[强推评级]招商蛇口(001979)点评：拟现金收购招商漳州 彰显非市场化拿地能力 重申强烈推荐,中财网
2018-03-14,巨丰收评：大盘缩量整固 上行仍有潜力,巨丰财经
2018-03-14,央企合并提速 邮科院大唐电信筹划重组,新华网
2018-03-14,【广发策略】拨开北上资金的迷雾——流动性“源头活水”系列之二,戴康的策略世界
2018-03-14,"钢铁行业2018年3月投资策略:三月柳浓时,再候需求起",国信证券
2018-03-13,宝钢股份2018年家电用户座谈会召开,宝钢股份
2018-03-13,首艘国产航母总指挥:2018年有惊喜(受益股),央视
2018-03-13,宝钢股份与宇通客车成立联合实验室,金融界
2018-03-13,[推荐评级]钢铁行业周报：需求启动延后 短期库存杀跌,中财网
2018-03-13,[增持评级]2018年春季国君钢铁策略：春寒料峭 周期轮回,中财网
2018-03-13,宝钢股份大力协同保供塔里木油田扩能,兰格钢铁网
2018-03-13,【钢铁】库存水平属趋势性上升 节奏变化不改价格上涨行情,天风研究
2018-03-13,"钢铁行业周报:钢材库存去化不及预期,谨慎对待旺季预期行情",平安证券
2018-03-12,[中性评级]钢铁行业周报：钢材库存去化不及预期 谨慎对待旺季预期行情,中财网
2018-03-12,[增持评级]钢铁行业周报：库存基本见到全年高点,中财网
2018-03-12,[优于大势评级]钢铁行业周报：美正式决定对进口钢铁征重税 高库存终显威力,中财网
2018-03-12,[推荐评级]钢铁Ⅱ行业周报：开工进度不达预期 需求发力仍需等待,中财网
2018-03-12,[推荐评级]钢铁行业周报：需求滞后、成交逐步向好 春季行情有望开启,中财网
2018-03-12,[增持评级]钢铁行业周报：需求延迟启动阶段性影响钢市信心,中财网
2018-03-12,中泰钢铁行业数据库20180311,中财网
2018-03-12,晨会聚焦1803012：重点关注新能源车、中洲控股、领益智造、亿联网络、恒力股份、中国联通,国信研究
2018-03-12,基础材料行业周报：水泥需求有所恢复 钢材社会库存涨幅趋缓,中财网
2018-03-12,【晨会聚焦】通胀跳升对市场影响几何,中泰证券研究所
2018-03-12,【钢铁】笃慧、赖福洋、曹云（联系人） ：节后库存压力显现-20180311,中泰证券研究所
2018-03-12,"钢铁行业周报:需求释放缓慢,但价格继续调整空间不大",申万宏源
2018-03-11,【长江钢铁周观点】全景视角：旺季的四种模式,长江钢铁
2018-03-11,宝钢股份四大基地首次实现公开月度联合调价：4月价冷、热轧均上调50元/吨,不止是钢货
2018-03-11,钢铁：节后库存压力显现 荐5股,中泰证券
2018-03-10,2018年最新中国钢铁行业资本系图谱 【转载】,长江钢铁
2018-03-10,武钢有限公司2018年4月份价格调整通知,兰格钢铁网
2018-03-10,“宝武系”美好时代：韶钢净利猛增24倍成缩影,华夏时报
2018-03-09,宝钢股份2018年4月份期货价格发布,宝钢股份董秘室
2018-03-09,【找钢网库存】关键节点新发现 找钢库存来呈现——3月第1周库存分析,苏南网
2018-03-09,钢铁从全行业亏损到创纪录盈利永远别低估改革的决心,顶尖财经网
2018-03-09,工业互联网行业加速发展可期 六股迎来掘金机会,证券时报
2018-03-09,美金属进口关税15日内开征 关注中国钢铁和铝业股票,凤凰网
2018-03-08,唐山调研纪要(钢铁行业)：复产在即 等待需求复苏,中财网
2018-03-08,弃风弃光现象仍存 全国政协委员呼吁可再生能源配额制,每日经济新闻
2018-03-07,[增持评级]韶钢松山(000717)年报点评：未来将聚焦中高端棒线,中财网
2018-03-07,宝钢股份多方发力 加速智慧制造进程,国资委
2018-03-07,周期品产业链调研之二(钢铁行业)：贸易商长材库存创近年新高,中财网
2018-03-06,宝钢股份组织首席师开展研修,宝钢股份
2018-03-06,宝钢股份：此次美国提高进口钢关税对公司业绩不会造成大影响,e公司
2018-03-06,钢铁：鼓励钢铁企业兼并重组 荐6股,川财证券
2018-03-06,韶钢松山2017年盈利25.17亿元 同比增长2381.13%,上海有色
2018-03-06,[推荐评级]钢铁行业动态研究：繁荣正在当下 看好3-4月钢铁趋势行情,中财网
2018-03-06,[推荐评级]钢铁行业周报：旺季需求有望启动,中财网
2018-03-06,2018年2月上旬重点监测钢铁企业生产经营情况简要分析,欧浦钢铁网
2018-03-06,【浙商钢铁】2018年去产能决胜之战，再退出落后产能3000万吨,浙商证券研究所
2018-03-06,浙商早班车2018.03.06,浙商证券研究所
2018-03-05,方大炭素下挫 风格转换之下周期股何去何从,和讯
2018-03-05,[买入评级]钢铁行业PMI点评(2018年2月份)：2月PMI指数小幅降至49.50% 供需格局整体持续改善,中财网
2018-03-05,[看好评级]钢铁行业周报：节后需求释放 钢价趋强运行,中财网
2018-03-05,[增持评级]钢铁行业周报：春寒料峭 库存继续上升,中财网
2018-03-05,[买入评级]钢铁行业周报：环保限产常态化预期升温 预计短期钢价稳中有升,中财网
2018-03-05,[增持评级]钢铁行业周报：库存刷新近两年新高 关注需求释放进度,中财网
2018-03-05,[强于大市评级]钢铁行业研究周报：大规模春季复工临近 板块回调行业遇布局良机,中财网
2018-03-05,[强烈推荐评级]宝钢股份(600019)深度报告：高端产品优势显著 环保行业领先 2018年有望迎来“戴维斯双击”,中财网
2018-03-05,【钢铁概念股龙头】钢铁行业：业绩在手 调整无忧,南方财富网
2018-03-05,[增持评级]钢铁行业周报：钢铁板块受估值体系的变化而出现小幅回调,中财网
2018-03-05,[买入评级]钢铁行业月度投资策略(2018年3月)：旺季需求显著复苏、环保限产及高压抑制产量释放 供需错配促行业景气度向好,中财网
2018-03-05,晨会聚焦180305：重点关注蓝思科技、游族网络、TCL集团、三孚股份、木林森、锦江股份,国信研究
2018-03-05,融资客青睐22股，力生制药买入占比高达52.09％,Wind
2018-03-05,开启中国宝武海外事业新征程,兰格钢铁网
2018-03-05,[中性评级]钢铁行业周报：钢材价格涨幅扩大 短期需关注社会库存去化情况,中财网
2018-03-05,宝钢股份：3月2日融资余额为20.82亿元，较前一日骤增7.28%,Wind资讯
2018-03-05,【钢铁】笃慧、赖福洋、曹云（联系人）：旺季前库存增幅较大-20180304,中泰证券研究所
2018-03-05,路测新规加速智能汽车商用 六股蓄势待发,证券日报
2018-03-05,国内钢价涨幅有所扩大 四股受益绝佳布局良机,证券时报
2018-03-04,【长江钢铁周观点】业绩在手，调整无忧,长江钢铁
2018-03-04,【长江钢铁核桃说】为何下游正增长，产量有过负增长？,长江钢铁
2018-03-04,厉害了，我的钢！ 【转载】,长江钢铁
2018-03-04,钢铁产业链3月2日监测：沪螺稳定沪卷再跌0.2%，中西部水泥价格回落,不止是钢货
2018-03-04,【申万宏源钢铁煤炭】20180305钢铁周观点：节后需求释放，钢价趋强运行,微信
2018-03-03,武钢去年经营利润超70亿，今年将减产400万吨！【转载】,长江钢铁
2018-03-03,机构看好钢铁板块春季行情,证券日报
2018-03-03,年报行情“号角吹响” 钢铁医药化工行业有望送红包,金融投资报
2018-03-02,【长江钢铁|每日动态】美国将对进口钢铁征收25%关税,长江钢铁
2018-03-02,公告精选：宝钢拟无偿划转1.2亿股份；万科A前两月销售额破千亿；海航基础控股股东质押占比升至96%,每经网
2018-03-02,宝钢:控股股东拟无偿转给诚通金控和国新各1.116亿股,新浪
2018-03-02,公告精选：万科前两个月销售额突破千亿元；融创中国暂无接手贾跃亭所持股票计划,e公司
2018-03-02,宝钢股份：控股股东拟向诚通金控、国新投资各转让0.5%股份,e公司
2018-03-02,3月2日A股市场四大牛股与四大熊股盘点,金投网
2018-03-02,钢铁行业日报：关注常态化限产对钢铁供给的影响,中财网
2018-03-02,浙商早班车2018.03.02,浙商证券研究所
2018-03-01,新旧动能转换钢铁行业回暖 仍须防范四大风险,经济日报
2018-03-01,涨停复盘:工业互联爆发软件携手挺进 小创分四路崛起,金融界
2018-03-01,风向真变了！蓝筹折价甩卖增多，溢价成交名单请珍藏,--
2018-03-01,武钢实业钢能公司为丁青人民送去温暖,钢铁新闻网
2018-03-01,[看好评级]钢铁行业PMI指数点评：季节性因素+环保限产导致PMI回落 但无碍节后上扬行情,中财网
2018-03-01,[超配评级]钢铁行业17年报业绩前瞻及3月投资策略：2017年盈利成倍提升 期待春季行情,中财网
2018-03-01,工业互联网政策扶持再加码 概念股引关注,证券之星
2018-03-01,钢铁：期待春季行情 荐8股,国信证券
2018-03-01,[增持评级]钢铁行业简报：邯郸全年环保限产再加码 华北高炉供给持续面临高压,中财网
2018-03-01,[中性评级]2月钢铁PMI数据点评(钢铁行业)：钢铁生产环比有所收缩 关注原料价格全面上涨,中财网
2018-03-01,钢铁行业日报：供给受限利好钢材价格,中财网
2018-03-01,中泰证券3月各行业观点及重点推荐标的-20180228,中泰证券研究所
2018-02-28,【长江钢铁】套子里的周期,长江钢铁
2018-02-28,长城策略*月度金股‖三月（长城策略：汪毅，包婷）,长城研究--宏观策略
2018-02-28,宝钢股份|公司新闻|武钢有限CSP产线实现高效规模化生产成为全球规格最全产量最大效率最高的硅钢生产线,宝钢股份
2018-02-28,打造面向未来钢铁的竞争优势宝钢股份智慧制造进入新阶段,宝钢股份
2018-02-28,今日上午主力资金流入、流出个股盘点（2月28日）,证券时报
2018-02-28,2月28日武汉镀锌板价格稳,兰格钢铁网
2018-02-28,[增持评级]钢铁行业周报：库存上升速度较快,中财网
2018-02-28,钢铁行业整体向好 上市钢企2017年收获颇丰,现代物流报
2018-02-28,美国337调查去年对中国立案22起 创历史新高,法治网
2018-02-28,钢铁行业日报：关注唐山、邯郸限产对供给的影响,中财网
2018-02-28,早安！方正最新观点20180228,方正证券研究
2018-02-28,专家学者建言国企降杠杆：有减有加 弃旧换新,经济日报
2018-02-27,一文看懂2017宝武等钢企汽车板现状【转载】,长江钢铁
2018-02-27,【策略】如何看待创业板反弹的持续性？,国元证券订阅号
2018-02-27,《沪深两市》沪指半日跌0.91% 资源股造淡 国防及环保股抽高,银行信息港
2018-02-27,宝钢股份湛江钢铁2250热轧产线累计产量突破1000万吨,国资委
2018-02-27,【钢铁】笃慧、邓轲（联系人）：2018年钢铁行业春季投资策略报告-腊梅幽香-20180226,中泰证券研究所
2018-02-27,信达证券钢铁行业卓越推,信达证券
2018-02-27,"钢铁行业周报:市场情绪趋乐观,钢价小幅上涨",平安证券
2018-02-26,中上协“2017年度最受投资者尊重的上市公司评选”入围名单揭晓,中上协
2018-02-26,[强于大市评级]钢铁行业周报：长材库存大幅累积 河北错峰限产延长,中财网
2018-02-26,[看好评级]钢铁行业周报：首周钢材稳中有涨 关注限产常态化,中财网
2018-02-26,[推荐评级]钢铁行业周报：钢铁股春季行情有望开启盈利推动的第二阶段,中财网
2018-02-26,[增持评级]钢铁行业周报：节后钢价微涨 社会库存快速攀升,中财网
2018-02-26,钢铁：多钢企发布2017年度业绩快报 荐6股,川财证券
2018-02-26,[增持评级]钢铁行业周报：唐山限产期延长推动钢铁股进一步估值提升的行情,中财网
2018-02-26,[推荐评级]钢铁行业周报：节后库存大幅攀升 3月需求实质性启动值得期待,中财网
2018-02-26,如何寻找破净个股的投资机会?,中信建投优问
2018-02-26,钢铁行业周报：钢贸商补库叠加限产新政落地 市场预期乐观,中财网
2018-02-26,【钢铁】笃慧、赖福洋、曹云（联系人）：关注部分地区限产时间延长-20180224,中泰证券研究所
2018-02-26,【计算机】谢春生、陈倩卉（联系人）：工业互联网深度系列（1）：工业互联，制造升级-关注“工业软件+云平台+大数据”-0224,中泰证券研究所
2018-02-26,钢材期现价格齐涨 行业迎来需求旺季(受益股),金融界
2018-02-26,【申万宏源钢铁煤炭】美国关税潜在影响有限，国际经济复苏利于中国钢铁出口——美国拟实施最严厉的钢铁关税点评,微信
2018-02-26,【长江钢铁 】唐山、河南2018限产相关消息出炉， 夯实供给刚性,长江钢铁
2018-02-26,【长江钢铁】理性看待库存的增加,长江钢铁
2018-02-26,【长江钢铁周观点】库存还合理，旺季仍可期,长江钢铁
2018-02-25,钢铁：看好春季复工后的钢铁需求 荐6股,川财证券
2018-02-24,[增持评级]钢铁行业点评报告：环保限产常态化机制建立,中财网
2018-02-23,[推荐评级]钢铁行业周报：旺季临近 春季行情加速,中财网
2018-02-23,下周股票推荐：2月26日机构强推买入 六股成摇钱树,南方财富网
2018-02-23,钢铁：理性看待库存的增加 荐4股,长江证券
2018-02-23,钢铁：全国钢企置换炼钢产能超1.3亿吨 荐5股,川财证券
2018-02-23,钢铁：1月钢材出口量环比降17.99%同比降36.61% 荐5股,广发证券
2018-02-23,钢铁行业日报：看好节后复工钢铁需求,中财网
2018-02-23,宝钢股份：全球竞争力凸显盈利能力持续提升,广发证券
2018-02-22,节后首周热轧生产与社会库存情况分析【转载】,长江钢铁
2018-02-22,资金发力沪指实现开门红 50亿元大单抢筹27只潜力股,证券日报
2018-02-22,最新撤离路线曝光：上证50成两融逃离主力,顶尖财经网
2018-02-22,[中性评级]钢铁行业周报：节前钢材库存继续增加 钢价小幅波动,中财网
2018-02-22,[超配评级]钢铁Ⅱ行业快评：螺纹库存大幅增长 消费将在元宵节后启动,中财网
2018-02-22,[看好评级]钢铁行业潜在高分红高股息标的筛选：高盈利有望高分红 推荐潜在高股息率标的,中财网
2018-02-22,[增持评级]钢铁行业周报：节前钢铁基本面平稳 春节期间海外钢铁股普涨,中财网
2018-02-22,[买入评级]钢材、铁矿石进出口数据点评(2018年1月份)：1月钢材出口量环比降17.99%、同比降36.61%,中财网
2018-02-22,501亿资金争夺20股：主力资金重点出击12股(名单),新浪
2018-02-22,快讯：武汉镀锌板价格稳,兰格钢铁网
2018-02-22,新旧动能转换钢铁行业回暖 仍须防范四大风险,经济日报
2018-02-22,节前近58亿元资金入场抢筹,证券日报
2018-02-20,冶建“国家队”巡礼！盘点那些顶级资质冶建企业,钢铁新闻网
2018-02-20,2018年钢铁行业春季策略：业绩夯实 估值待提升(附股),川财证券
2018-02-17,神火股份最新消息|神火股份(000933)主营电解铝和煤炭,南方财富网
2018-02-17,钢铁行业高盈利有望高分红 钢铁概念股龙头有哪些？,南方财富网
2018-02-17,新旧动能转换钢铁行业回暖 仍须防范四大风险,中国经济网
2018-02-14,“中国财经界奥斯卡”揭晓宝钢股份获“最佳董事会”,宝钢股份
2018-02-14,机构解析：节后热点板块及个股,中财网
2018-02-14,券商评级:9股,证券之星
2018-02-14,机构推荐：节后具备布局9大潜力金股,中金在线
2018-02-13,如何把智能制造业落向实处 这个关于领跑者的话题值得我们思考,腾讯网
2018-02-13,18亿主力资金近三日杀入QFII重仓概念股,证券时报网
2018-02-13,[看好评级]钢铁行业周报：节前钢价稳定运行 看好节后钢价表现,中财网
2018-02-13,[看好评级]钢铁行业周报：节前钢价持稳 唐山错峰生产常态化,中财网
2018-02-13,宝钢：预计中国钢铁业今年将继续好转 仍需警惕钢价下行风险,上海有色
2018-02-13,钢铁、建材行业周报：水泥限产逐步落地 钢材库存上涨明显,中财网
2018-02-13,"宝信软件调研简报:智能制造行业龙头,IDC业务高成长",国海证券
2018-02-12,[中性评级]钢铁行业周报：板块大幅回调无关基本面 钢价继续小幅波动上升,中财网
2018-02-12,[增持评级]钢铁行业周报：经销商加速冬储 钢价企稳回升,中财网
2018-02-12,筛选钢铁行业潜在高分红高股息标的,中金在线
2018-02-12,47股目标涨幅超两成 54亿主力资金抢筹,证券时报
2018-02-12,方正证券丨一周聚焦0212-0216,方正证券研究
2018-02-12,【晨会聚焦】钴和锂的配置时机；银行核心财务指标稳健上行,中泰证券研究所
2018-02-11,【海通策略】保持耐心，坚定信心（荀玉根、唐一杰）,股市荀策
2018-02-11,[强于大市评级]钢铁行业研究周报：大盘全面回调 战略性配置盈利确定、低估值钢铁股,中财网
2018-02-11,[推荐评级]钢铁行业周报：库存继续攀升 关注节后需求启动情况,中财网
2018-02-11,超跌之后 市场“黄金坑”渐露,巨丰财经
2018-02-11,钢铁：开展钢企重大事故隐患治理行动 荐6股,川财证券
2018-02-11,[增持评级]钢铁行业周报：春节前钢市逐步休市,中财网
2018-02-11,钢铁行业数据库周报20180210,中财网
2018-02-11,[推荐评级]钢铁Ⅱ行业周报：唐山错峰生产政策趋严 开工旺季行情值得期待,中财网
2018-02-10,年终奖大满贯派送！方大特钢走红“传奇”简史,中财网
2018-02-10,央企改革试点加快落地,财界网
2018-02-09,炒股不赔钱有多难？一个基金经理股市沉浮的17年,央视
2018-02-09,另类钢企的3倍盈利，方大特钢靠啥走红,华夏时报
2018-02-09,权重砸盘，价值投机谢幕，年报披露日引爆风险点,--
2018-02-09,964亿资金争夺20股：主力资金重点出击7股(名单),新浪
2018-02-09,巨丰资金流向：创业板成市场避风港 超跌个股强反弹,巨丰财经
2018-02-09,[看好评级]钢铁行业2017年报前瞻：业绩历史新高 18年高盈利水平可持续,中财网
2018-02-09,巨丰收评：股指或现最后一跌,巨丰财经
2018-02-09,环保促进造纸高景气 布局行业龙头正当时,股市动态分析
2018-02-09,钢铁：18年高盈利水平可持续 荐5股,申万宏源
2018-02-09,46股目标涨幅超两成 72亿主力资金抢筹,证券时报
2018-02-09,宝钢新日铁自动化改造项目将开工,欧浦钢铁网
2018-02-09,宝钢特钢超长薄壁合金管材获重大突破,兰格钢铁网
2018-02-09,混改 重组 上市 防风险是2018年央企的四大工作重心,财界网
2018-02-09,五家央企代表通报混改进展 央企混改将加快落地,财界网
2018-02-08,降杠杆，又一重武器亮相，这次真动格了……,--
2018-02-08,810亿资金争夺20股：主力资金重点出击6股(名单),新浪
2018-02-08,今日沪指跌1.43% 银行行业跌幅最大,证券时报
2018-02-08,[推荐评级]钢铁行业点评报告：环保之后 安全生产或是下一个风口,中财网
2018-02-08,宝钢股份连续三年获评江西五十铃优秀供应商,欧浦钢铁网
2018-02-08,宝钢股份优化断点管理拓展取向硅钢市场,钢铁新闻网
2018-02-08,钢铁行业日报：鼓励小型电炉企业联合接收转移产能,中财网
2018-02-08,钢铁行业月报：现货价格压制产量 利好节后市场,中财网
2018-02-08,产业资本携33亿元资金净增持157股,证券日报
2018-02-08,国企民企携手 进得来、干得好、退得出,第一财经日报
2018-02-08,混改由“怎样混”转向“怎样改”阶段,证券时报
2018-02-08,价值因素锁定A股下跌空间 产业资本携33亿资金净增持,证券日报
2018-02-07,1022亿资金争夺20股：主力资金重点出击2股(名单),新浪
2018-02-07,[买入评级]宝信软件(600845)深度研究：IDC、智能制造双轮驱动 王者归来,中财网
2018-02-07,宝武再推钢铁重组 这次主角是“汉阳铁厂”,荆楚网
2018-02-07,66家扎堆调研美锦能源 高管回应关于收购锦富煤业事宜,中国基金报
2018-02-07,【钢铁】估值提升行情开启 优质标的大阅兵,天风研究
2018-02-07,"钢铁行业周报:冬储加速,板块迎来强势期",爱建证券
2018-02-06,中国宝武：旗下混改的企业将不止目前的五成,第一财经
2018-02-06,【长江钢铁周观点】积极关注绩优龙头（2018/2/4）,长江钢铁
2018-02-06,1051亿资金争夺20股：主力资金重点出击8股(名单),新浪
2018-02-06,[增持评级]钢铁行业周报：钢铁板块迎来估值提升的行情,中财网
2018-02-06,[超配评级]钢铁行业周报：钢材库存快速增加 节前钢价窄幅波动,中财网
2018-02-06,[推荐评级]钢铁行业周报：钢铁股继续提估值,中财网
2018-02-06,基础材料行业观点聚焦：大宗商品板块：估值修复进行时,中财网
2018-02-06,[买入评级]钢铁行业月度投资策略：冬储助钢价向上、原料持续弱势 盈利趋向改善,中财网
2018-02-06,[看好评级]钢铁行业周报：库存平稳回升 估值修复行情持续,中财网
2018-02-06,[推荐评级]钢铁行业周报：限产传闻点燃板块情绪 持续推荐基本面扎实+业绩亮眼的钢铁股,中财网
2018-02-06,[增持评级]2017年业绩预告总结暨2018年钢铁行业春季策略：钢企业绩夯实 估值待提升,中财网
2018-02-06,[中性评级]钢铁行业周报：节前钢价窄幅波动 关注节后库存水平,中财网
2018-02-06,钢铁行业日报：华北建筑用钢需求有望在采暖季后爆发,中财网
2018-02-06,钢铁行业周报：2017年全国粗钢产量同比增长5.7%,中财网
2018-02-06,【川财研究*钢铁】钢企业绩夯实，估值待提升——2017年业绩预告总结暨2018年钢铁行业春季策略,川财研究
2018-02-06,钢铁行业:板块迎来估值提升的行情,光大证券
2018-02-05,2017年全年宝武利润约140亿元,中新网
2018-02-05,高成本下港口现货矿价难降【转载】,长江钢铁
2018-02-05,纯铁不如合金钢：中国第一钢企锻造“混改样本”,中新网
2018-02-05,[增持评级]钢铁行业周报：节前钢价略显“鸡肋” 核心资产依然为主线,中财网
2018-02-05,[推荐评级]钢铁行业周报：库存大幅攀升 静待节后行情,中财网
2018-02-05,[推荐评级]钢铁行业跟踪报告：为什么钢企业绩可持续性强?之二,中财网
2018-02-05,[中性评级]钢铁行业周报：钢价环比微幅上升 后期仍将维持波动运行,中财网
2018-02-05,[推荐评级]钢铁行业周报：冬储继续 钢价持续震荡,中财网
2018-02-05,[买入评级]钢铁行业PMI点评(2018年1月份)：1月PMI指数小幅升至50.90% 供需格局整体持续改善,中财网
2018-02-05,钢铁板块景气度有望继续维持 钢铁股涨幅居前,每日经济新闻
2018-02-05,快讯：武汉镀锌板价格稳,兰格钢铁网
2018-02-05,【国信宏观固收】转债周报：转债正股的17年业绩预报梳理,国信固收研究
2018-02-05,中泰证券：冬储推动钢价止跌企稳 推荐宝钢股份等11股,金融界
2018-02-05,牛散大学堂吴国平与广东鸿图董秘调研访谈实录,金融界
2018-02-05,中泰钢铁行业数据库周报20180203,中财网
2018-02-05,钢铁板块快速拉升 八一钢铁涨超6%,证券时报网
2018-02-05,宝钢股份钢管条钢事业部无缝钢管厂设备和工具作业区为生产保驾纪实,兰格钢铁网
2018-02-05,【川财研究】周观点汇总20180204：春季行情未完，关注低估值蓝筹,川财研究
2018-02-05,湛江口岸去年进口铁矿逾四千万吨,兰格钢铁网
2018-02-05,A股业绩预告“地雷”扎堆，乐视仅排第十三位,--
2018-02-05,巨丰早评：市场短线仍将承压,巨丰财经
2018-02-05,【钢铁】龙头带领估值提升，后市大有可为,天风研究
2018-02-04,山东国企出售一援疆钢铁项目33亿挂牌无人接盘后降价至10亿元出售|新京报财讯,新京报
2018-02-04,施耐德电气：以革新型实践赋能工业物联网,经济观察报
2018-02-04,闪崩股频现 蓝筹股仍是主流！,巨丰财经
2018-02-03,中石油“铁树开花” 周期股有望迎来春季攻击潮,红周刊
2018-02-03,周策略：本周创数月最大跌幅 沪指反弹将在3500遇阻,中财网
2018-02-03,钢铁：靓丽预增提振板块估值 荐11股,中泰证券
2018-02-03,A股一周入冬 结果煤炭最暖,中财网
2018-02-03,92亿净资金流入 五大板块成资金热捧标的,证券之星
2018-02-03,55股目标涨幅超两成 76亿主力资金抢筹,中财网
2018-02-03,结构性震荡凸显市场价值风口 四行业景气度回升,证券日报
2018-02-02,【长江钢铁|每日动态】今日期货价格钢矿皆强,长江钢铁
2018-02-02,重庆钢铁新董事会选出 宝钢系人马亮相,经济观察网
2018-02-02,宝钢股份今日大宗交易成交25万股，成交价10.28元折价7.39%,Wind资讯
2018-02-02,涨停复盘:小创周期相继组织反攻终扭颓势 有色成队长,金融界
2018-02-02,CFi收盘揭秘:两市神奇逆转翻红 下周或逐步展开反弹,中财网
2018-02-02,钢铁板块午后持续走强，鞍钢股份涨6%,Wind
2018-02-02,一张图带您读懂宝钢股份2018年重点工作,宝钢股份董秘室
2018-02-02,河北省严格实施钢企错峰生产，行业盈利状况良好,第一财经
2018-02-02,钢铁行业日报：1月份河北省钢铁行业PMI环比上涨3.3%,中财网
2018-02-02,半数钢铁公司2017年年报业绩有望翻番,证券日报
2018-02-02,长城润滑脂获 德国西马克全球技术认证,科技日报
2018-02-01,[中性评级]钢铁行业年报业绩前瞻：业绩创历史新高 关注内生成长性个股机会,中财网
2018-02-01,两市个股上涨不足一成，创业板指再创年内新低,第一财经
2018-02-01,CFi收盘揭秘:个股闪崩不断 两市跌跌不休或还有新低,中财网
2018-02-01,一月国内钢铁行业开局良好 概念股引关注,证券之星
2018-02-01,巨丰原创：钢铁股2017年的业绩是如何炼成的？,巨丰财经
2018-02-01,三个交易日沪指波动超百点 短线急跌后或将构筑箱体,巨丰财经
2018-02-01,今日午评：市场利空不断 两市个股时有闪崩成新常态,中财网
2018-02-01,钢铁板块掀起业绩炒作浪潮行情,中金在线
2018-02-01,沪指围绕平盘线震荡 钢铁板块领涨,腾讯网
2018-02-01,开盘观察:股指有企稳迹象钢铁航运水泥均有所表现,中财网
2018-02-01,巨丰热点：钢铁板块全线活跃 板块大涨2%以上,巨丰财经
2018-02-01,钢铁股强势拉升，宝钢股份涨逾4%,Wind
2018-02-01,【实战传真】热点追踪：钢铁板块景气提升，业绩上行催升板块活跃,国元财富管理
2018-02-01,百股跌停不要慌 2大积极迹象值得关注,Wind
2018-02-01,今年首月国内钢铁PMI回升，关注电炉钢成长空间,第一财经
2018-02-01,中泰证券2月重点推荐标的,微信
2018-02-01,钢铁行业日报：2017年全国粗钢产量同比增长5.7%,中财网
2018-02-01,转向大金融大周期龙头,中财网
2018-02-01,【方正策略】业绩预告追踪：超预期、低估值（0201）,策略研究
2018-01-31,"【平安重点】行业动态跟踪报告*钢铁*业绩创历史新高,关注内生成长性个股机会*中性",平安研究
2018-01-31,[推荐评级]钢铁行业周报：冬储积极 钢价持续震荡,中财网
2018-01-31,【川财研究*每日晨报】20180131：美债收益率创新高,川财研究
2018-01-31,钢企年报超过预期继续看好钢铁股春季行情,财界网
2018-01-30,17家上市钢企业绩齐翻身 安泰集团却逆市亏损面临退市风险,每日经济新闻
2018-01-30,【长江大宗2018春季策略会|钢铁板块】嘉宾圆桌对话,长江钢铁
2018-01-30,【长江大宗2018春季策略会|钢铁板块】需求韧性、供给刚性、波动收敛,长江钢铁
2018-01-30,[中性评级]钢铁行业周报：钢企陆续发布盈利预告 同比增约290%,中财网
2018-01-30,中泰钢铁行业数据库周报20180127,中财网
2018-01-30,9只钢铁股年报预计翻番股吸金近6亿 钢铁概念股有哪些？,证券日报
2018-01-30,钢铁：钢厂库存下降 盈利略有回升,中证网
2018-01-30,钢铁行业日报：17年12月重点钢企钢材销量同比涨10.30%,中证网
2018-01-30,巨丰午评：沪指回踩3500点 资源股强势护盘,巨丰财经
2018-01-30,早评:沪指创今年最大单日跌幅 大盘调整后有望继续上行,证券之星
2018-01-30,新增长周期催生新“结构牛”,中财网
2018-01-30,巨丰早评：大盘调整后有望继续上行,巨丰财经
2018-01-30,钢铁板块掀业绩浪行情 9只年报预计翻番股吸金近6亿,证券日报
2018-01-29,钢铁：钢铁行业上市公司业绩大幅提升,国信证券
2018-01-29,巨丰复盘：大盘快速调整终结周线六连阳,巨丰财经
2018-01-29,钢铁公司的年终奖为什么这么丰厚？,巨丰财经
2018-01-29,15亿主力资金近三日杀入大央企重组概念股,证券时报网
2018-01-29,蓝筹震荡引发沪指高台跳水，A股再迎“黑色星期一”,第一财经
2018-01-29,巨丰收评：强势股杀跌加速调整,巨丰财经
2018-01-29,券商评级:两市全线调整 7股望受关注,金融界
2018-01-29,券商评级:沪指冲高回落跌近1% 9股引关注,证券之星
2018-01-29,宝钢股份 年报超预期 上调盈利预测 强烈推荐评级,招商证券
2018-01-29,宝钢股份领涨石墨电极板块,证券之星
2018-01-29,巨丰原创：2017年钢企赚了多少钱？,巨丰财经
2018-01-29,午评：两市高位承压快速跳水 注意回调风险！,中财网
2018-01-29,白马股集体大跌，沪指冲高回落,第一财经
2018-01-29,———中国宝武武钢有限物流改革纪实,钢铁新闻网
2018-01-29,钢铁板块快速走强 太钢不锈涨停,证券时报网
2018-01-29,周期股开盘活跃，太钢不锈强势封板,Wind
2018-01-29,48股获券商买入评级 鲁抗医药目标涨幅达60.89%,Wind
2018-01-29,国电神华合并 1.8万亿“神电”将问世,新京报
2018-01-29,近六成钢企净利润超10亿5家公司净利润增幅逾10倍,顶尖财经网
2018-01-29,宝钢股份创逾9年新高,中证报
2018-01-29,"钢铁行业:钢企业绩预告超预期,冬储仍在稳步推进",东北证券
2018-01-29,"宝钢股份:2017年盈利超预期,2018年业绩有望再攀新高",光大证券
2018-01-29,"宝钢股份2017年报业绩预增点评:业绩超预期,高成长可持续",申万宏源
2018-01-28,钢铁：预计短期钢材价格稳中有升 荐5股,广发证券
2018-01-28,下周各大机构看好十大金股一览（1月29日-2月2日）,中财网
2018-01-27,宝武集团湛钢高炉投产以来生产与长寿实绩,钢铁新闻网
2018-01-27,央企重组或成2018年重头戏 谁将成为下一个焦点？,证券日报
2018-01-26,绩优与低估值公司是资金布局的方向,红周刊
2018-01-26,中财独家;市场未来的振幅将会明显放大？机构预测,中财网
2018-01-26,870亿资金争夺20股：主力资金重点出击4股(名单),新浪
2018-01-26,宝钢2017年业绩同比增长113%-121%业绩 创历史新高,上海有色
2018-01-26,中国宝武提前超额实现“三年任务两年完成”压减目标,宝钢股份
2018-01-26,宝钢股份首次覆盖报告:研发驱动下的全球新材料高端制造企业,正点财经
2018-01-26,67股获券商买入评级，道明光学目标涨幅达61.63%,Wind
2018-01-26,【中证盘前播报】乐视网提示实控人变更风险，千山药机大股东质押股票跌破平仓线，宝钢股份、沱牌舍得等多家公司业绩大幅预增，道指创新高,中证报
2018-01-26,巨丰早参：74万“新韭菜”跑步入场 A股投资热度上升,巨丰财经
2018-01-26,宝钢股份去年净利预增逾一倍,中证报
2018-01-26,【方正策略】估值“低地”守抱成长“高地”（0126）,策略研究
2018-01-26,"宝钢股份:行业景气提升+内部降本增效,助力业绩超预期",平安证券
2018-01-25,公告精选：千山药机大股东质押股票跌破平仓线；多家公司业绩大幅预增（更新中）,e公司
2018-01-25,沪深上市公司18年1月25日晚间上市公司重要公告,全景网
2018-01-25,宝钢股份大宗交易成交超9亿元 折价率13.96%,e公司
2018-01-25,晚间重要公告2018年1月25日星期四,--
2018-01-25,A股共发生47宗大宗交易成交21.57亿元（1月25日）,Wind
2018-01-25,[快讯]宝钢股份净利预增超110% 多家公司公布业绩,中财网
2018-01-25,宝钢股份预计2017年实现净利超190亿元,我的钢铁
2018-01-25,26日年报预告：凌钢股份年报预增近八倍(更新中),中证报
2018-01-25,853亿资金争夺20股：主力资金重点出击7股(名单),新浪
2018-01-25,宝钢股份：年度净利预增超110% 湛江钢铁超预期全面盈利,e公司
2018-01-25,宝钢股份：2017年净利预增113%到121%,Wind
2018-01-25,巨丰资金流向：市场冲高回落 次新股盘中活跃,巨丰财经
2018-01-25,高层释放重磅利好 三因素促创业板底部金叉-更新中,中财网
2018-01-25,2017国企利润增速冲至23.5% 钢铁等行业扭亏为盈,每经网
2018-01-25,国企年度数据标出白马牧场 三行业强势显现,证券日报
2018-01-24,中国钢企布局沿海 柳钢瞄准东盟经济圈,中新网
2018-01-24,9家上市钢企去年预盈 多家净利增幅或超10倍,证券时报
2018-01-24,A股近期可能变盘（1月24日）,银行信息港
2018-01-24,涨幅超57%！“巨丰投顾2018十大金股”被主流媒体疯转背后,巨丰财经
2018-01-24,2017年国企利润总额2.9万亿元 钢铁等行业扭亏为盈,电缆网
2018-01-24,宝钢股份：2018-2020年成本削减100亿元,欧浦钢铁网
2018-01-24,创业板大涨突破1800点 13只成长龙头股或迎“升”机,证券日报
2018-01-24,全球首套高炉炉前作业自动化控制系统在宝钢股份投用,兰格钢铁网
2018-01-24,姜伯静：采暖限产期过后钢铁行业会强势反弹,腾讯网
2018-01-24,【钢铁】业绩+春季复工叠加驱动，持续推荐板块年初行情,天风研究
2018-01-24,年内逾300亿北上资金进场 13只成长龙头股或迎升机,证券日报
2018-01-24,"钢铁煤炭周报:坚守周期性行业的投资理念,把握好低估值钢煤标的的投资机会",中投证券网
2018-01-23,宝钢股份扎实推进今年宝武整合融合工作,兰格钢铁网
2018-01-23,宝钢冷轧酸再生系统改善项目完工,兰格钢铁网
2018-01-23,钢铁行业:社会库存继续累积 钢价跌幅明显缩小,平安证券
2018-01-22,钢铁：冬储行情正当时 荐6股,爱建证券
2018-01-22,宝武集团整合“互联网+钢铁”平台欧冶云商收购琴台e网,21经济网
2018-01-22,钢铁：板块有望开启反弹 荐11股,申万宏源
2018-01-22,钢铁价格企稳反弹 关注周期股投资机会(附股),证券时报网
2018-01-22,西南策略：周期股回调存在配置机会，大胆布局龙头股,Wind
2018-01-22,【晨会聚焦】资本市场如何看银行这波行情,中泰证券研究所
2018-01-22,钢企迎冬储行情龙头公司报喜 六股将爆发在即,证券时报
2018-01-22,"宝信软件:股权激励授予,智能制造与IDC双轮推进",东北证券
2018-01-21,【长江钢铁周观点】冬储开启，空间可期,长江钢铁
2018-01-21,资金钟爱低估值蓝筹 三大行业成急先锋(附股),金融投资报
2018-01-20,武钢电商平台琴台e网“嫁入”欧冶云商,亿邦动力
2018-01-20,资金钟爱低估值蓝筹 银行家电钢铁成急先锋,金融投资报
2018-01-19,为什么说钢铁股的投资价值比你想象的大？——1月19日海外脱水研报,和讯
2018-01-19,宝武钢铁整合旗下电商平台 构建钢材共享服务生态圈,第一财经
2018-01-19,银行股纷纷创出历史新高 偏股基金募集火爆凸显亢奋情绪,财经杂志
2018-01-19,985亿资金争夺20股：主力资金重点出击4股(名单),新浪
2018-01-19,宝钢股份冷轧厂七条主线年产量创历史新高,兰格钢铁网
2018-01-19,宝钢冷轧无人化行车改造项目启动,兰格钢铁网
2018-01-19,宝钢股份提出新三年成本削减目标：2018-2020年确保100亿元,Wind
2018-01-19,宝钢股份提出新三年成本削减目标：2018-2020年确保100亿元,e公司
2018-01-19,【国金智能制造】大国重器——【中国一重】深度报告之一：重型机械龙头，十年磨砺再昂首,微信
2018-01-19,【晨会聚焦】经济短期回暖,中泰证券研究所
2018-01-19,巨丰早评：把握市场主线才有获利机会,巨丰财经
2018-01-19,惨烈！高管借钱增持4亿爆仓了：再跌20%更可怕,中国基金报
2018-01-18,高管借钱增持4亿爆仓：再跌20%多 还不起本金利息,中国基金报
2018-01-18,神雾节能高管借钱增持4亿爆仓 杠杆交易“惹的祸”,中国基金报
2018-01-18,韶钢认真部署安全环保工作,钢铁新闻网
2018-01-18,银行龙头尾盘急速拉升，沪指强势突破前高,第一财经
2018-01-18,巨丰收评：提防两大板块回调风险,巨丰财经
2018-01-18,午后钢铁板块快速拉升 供需依然维持紧平衡,金投网
2018-01-18,钢铁：环保落后产能将加速退出 荐9股,广发证券
2018-01-18,钢铁板块异动拉升，本钢板材迅速涨停,Wind
2018-01-18,武钢磁轭钢用于乌东德水电工程发电机材料,兰格钢铁网
2018-01-18,中钢协关于调整部分理事、常务理事的决定,中钢协
2018-01-17,【长江钢铁】节前共振将至，节奏时点开启,长江钢铁
2018-01-17,智慧能源业务崛起 东旭蓝天智能运维机器人实现产业化创新应用,金融界
2018-01-17,【重磅！】上海钢联深度：利润拐点在即，进入长期成长轨道（Fintech系列深度之七）,申万宏源S全民全流量计算机话报
2018-01-17,上海打响环保排污第一枪杜邦、巴斯夫通通受警告,纺织网
2018-01-17,钢铁概念股宝钢股份：内外兼修奠定龙头地位,南方财富网
2018-01-17,钢铁板块异动拉升 方大特钢涨超4%,证券时报网
2018-01-17,钢铁公司2017年报业绩大幅上修，关注电炉钢增长,第一财经日报
2018-01-17,宝钢股份超薄取向硅钢实现国内工业用电力变产品首次应用,兰格钢铁网
2018-01-17,梅钢冷轧厂：夯实基础管理提升系统稳定能力,兰格钢铁网
2018-01-17,钢铁公司盈利大幅增长需求旺盛 四股值得关注,中财网
2018-01-17,【钢铁】业绩价格双驱动，标的南北轮换，迎接钢铁板块主动行情,天风研究
2018-01-16,【重磅！】宝信软件深度：成长加速的云服务和智能工业领军,申万宏源S全民全流量计算机话报
2018-01-16,钢铁信息周报,宝钢股份董秘室
2018-01-16,浙江舟山口岸铁矿石进口量创新高,中新网
2018-01-16,宝钢股份：全球竞争力和投资价值凸显 买入评级,广发证券
2018-01-16,"宝钢股份深度报告:三大钢种国际先进,宝武协同增强弹性,全球竞争力和投资价值凸显",广发证券
2018-01-16,宝武整合营销信息化项目切换上线,兰格钢铁网
2018-01-16,神雾环保与神雾节能复牌交流纪要,国信研究
2018-01-16,去产能“深化年”：钢铁、煤炭业或迎重组潮,21经济网
2018-01-16,去产能“深化年”： 钢铁、煤炭业或迎重组潮,21世纪经济报道
2018-01-15,钢铁：钢价节前或将企稳回升 荐4股,申万宏源
2018-01-15,钢铁行业周报：钢铁股年报行情开启,中财网
2018-01-15,钢铁行业周报：短期钢价看冬储力度Q1行情仍可期待,中财网
2018-01-15,[推荐评级]钢铁春季行情推荐报告(钢铁行业)：估值业绩双提升 钢铁行情两步走,中财网
2018-01-15,钢铁行业周报：社会库存累积速度加快钢价或将逐步弱势趋稳,中财网
2018-01-15,钢铁行业跟踪报告：电炉钢大放量?没那么容易,中财网
2018-01-15,钢铁行业周报：钢价再跌3.6%至14周最低石墨电极均价再涨4.3%至历史新高,中财网
2018-01-15,[增持评级]钢铁行业2018年度投资策略：固本培元,中财网
2018-01-15,曾经的宝钢、武钢合并 今日的中核与国电投欲重组？,欧浦钢铁网
2018-01-15,钢坯跌破3500 钢价周一要跟4000说再见？,钢联资讯
2018-01-15,宝钢股份拓展顶级牌号取向硅钢高端用户市场,兰格钢铁网
2018-01-15,【钢铁】笃慧、赖福洋：2018钢铁行业投资策略-固本培元-20180114,中泰证券研究所
2018-01-15,浙商早班车2018.01.15,浙商证券研究所
2018-01-14,钢铁去产能进入深化年 兼并重组将延续“三步走”,e公司
2018-01-14,[中性评级]钢铁行业深度报告：政策仍是关键变量 钢企盈利维持中高位,中财网
2018-01-14,钢铁：12月钢材出口量环比升5.98% 荐5股,广发证券
2018-01-14,近日 融资融券余额再次出现飙涨的行情,财界网
2018-01-13,钢铁：关注钢企业绩逐步披露 荐9股,中泰证券
2018-01-13,中钢协宣布人事变动情况和吸收新会员的决定【转载】,长江钢铁
2018-01-12,【长江钢铁】高起点，强韧性——钢铁行业2017年年度业绩前瞻,长江钢铁
2018-01-12,为什么最近涨幅前几的板块多为老面孔？,银行信息港
2018-01-12,大V观点：2018年要重点关注“量”点在哪,巨丰财经
2018-01-12,28家上市国企重组停牌,长江商报
2018-01-12,私募论市 没有风格转化 只有好坏分化,兰格钢铁网
2018-01-12,工业互联网发展路线图明晰 六股布局良机,中证网
2018-01-11,钢铁信息周报,宝钢股份董秘室
2018-01-11,韶钢松山 持续受益广东供需格局 特钢将迎来发展 强烈推荐评级,民生证券
2018-01-11,"《钢铁行业产能置换实施办法》印发点评:总量控制更严,结构调整倾向电炉",中国网
2018-01-11,国企重组要突破规模情结 重在提升竞争力,中国经济网
2018-01-10,钢铁煤炭：搭上周期性行业的顺风车,中证网
2018-01-10,六安市五届政协主席、副主席、秘书长简历(主席付新安),中国经济网
2018-01-10,五大钢铁企业如何进行智能化改造,中国工业报
2018-01-10,钢铁春季行情推荐电话会议纪要：估值业绩双提升持续推荐钢铁股春季行情,中财网
2018-01-10,宝钢股份拓展顶级牌号取向硅钢高端用户市场,兰格钢铁网
2018-01-10,2017年度宝钢股份设备管理JK成果与优秀合理化建议发布,兰格钢铁网
2018-01-10,全年销售1128亿元 招商蛇口“联姻”东风汽车与低成本纳储,观点地产网
2018-01-09,【长江钢铁】产能置换新政趋严，催化春季躁动行情,长江钢铁
2018-01-09,行业基本面良好 钢铁股春季行情有望提前开启,中证网
2018-01-09,瞄准“退房”央企国企土地资源 招商蛇口收购东风房地产80%股权,每日经济新闻
2018-01-09,宝钢股份节能环保技术获国家科技进步二等奖,宝钢股份董秘室
2018-01-09,钢铁行业这7个项目获2017年度国家科学技术奖！,钢铁新闻网
2018-01-09,券商评级:沪指八连阳站稳3400点 9股聚焦,证券之星
2018-01-09,策略周报:龙头逻辑从消费蔓延至周期,正点财经
2018-01-09,钢铁行业周报：钢价大幅回调进口矿港口库存创历史新高,中财网
2018-01-09,2017年钢铁行业重磅事件盘点,长江有色
2018-01-09,钢铁产能置换加严比例要求 钢铁概念股龙头一览,证券时报
2018-01-09,钢铁行业周报：继续关注冬储预期下春季躁动,中财网
2018-01-09,钢铁行业产能置换实施办法点评:行政手段缓解新增产能投放,中国网
2018-01-09,深市主力大单流出前20股,金融界
2018-01-09,钢铁行业点评：新产能置换实施办法出台严把置换审核关,中财网
2018-01-09,我国钢铁去产能成效正显现,兰格钢铁网
2018-01-09,宝钢湛江钢铁被评为“中国质量诚信企业”,钢铁新闻网
2018-01-09,宝钢热轧500万吨运输合同签订,兰格钢铁网
2018-01-09,钢铁股春季行情望提前上演 近11亿大单狂抢9只个股,证券日报
2018-01-08,岁末年初全国超10000亿交通基建项目开工！【转载】,长江钢铁
2018-01-08,*ST重钢新管理层欲高炉换电炉 四大因素“诱惑”其接盘,每日经济新闻
2018-01-08,"宝钢股份:四大基地共同发力,行业龙头持续盈利",腾讯网
2018-01-08,转型跨越成大道——2017年我国矿业企业新闻热点回顾,国际煤炭
2018-01-08,2018年十大行业投资策略之四 钢铁业：从盈利改善到估值回归,长江商报
2018-01-08,"钢铁行业周报:社会库存累积加速,继续关注冬储行情",中国网
2018-01-08,1月8日：主力巨资出逃四大板块(14:00),金融界
2018-01-08,钢铁板块异动拉升 新钢股份涨超4%,证券时报网
2018-01-08,"钢铁行业周报:钢价大跌冬储渐开,盈利回落难挡“春春欲动”",中国网
2018-01-08,宝钢股份(600019)公司动态：具备内生增长动能的低估值龙头,中财网
2018-01-08,宝钢股份青山基地彩涂机组实现月达产,兰格钢铁网
2018-01-08,钢铁、建材行业周报：水泥价格高位盘整;钢价普跌吨毛利回调,中财网
2018-01-08,【国信转债】转债“大时代”系列专题之二：2017年转债市场回顾,国信固收研究
2018-01-08,【钢铁】笃慧、赖福洋 ：关注主动性冬储节奏-20180106,中泰证券研究所
2018-01-08,【晨会聚焦】地产限购边际松动影响几何,中泰证券研究所
2018-01-08,2018年钢铁企业重组或将再次开启,CTA基金网
2018-01-08,工信部严禁新增钢铁产能 低效产能或成未来化解重点,证券日报
2018-01-07,钢铁行业周报:钢铁股春季行情启动,中国网
2018-01-07,"钢铁行业库存点评:库存增加预期中,持续推荐钢铁股春季行情",中国网
2018-01-07,挣钱比王思聪还溜！父亲被枪杀后掌权的“败家子”，自己做成山西首富！,搜狐
2018-01-07,打破国外垄断！特大型无料钟炉顶设备实现国产化,钢铁新闻网
2018-01-05,共1483家！上海市2018年重点排污单位名录,北极星电力
2018-01-05,宝钢股份两大厚板精品亮相第十七届国际煤炭采矿设备展,欧浦钢铁网
2018-01-05,钢铁智能制造成下一风口 五大钢铁企业如何进行智能化改造,兰格钢铁网
2018-01-05,暴雪影响冬煤运输 煤价看涨情绪高涨(受益股),证券时报
2018-01-05,【钢铁】未来五年我国钢铁总产能仍将大幅减少,天风研究
2018-01-05,【天风Morning Call】晨会集萃20180105,天风研究
2018-01-04,【长江钢铁】趋势无功，节奏有道——钢铁投资逻辑再思考,长江钢铁
2018-01-04,一季度煤价料持续高位年报行情或提前启动(受益股),中证报
2018-01-03,*ST重钢复牌涨停，新管理层力争满产满销复信心,经济观察网
2018-01-03,钢铁行业周报：淡季影响逐步体现,中财网
2018-01-03,券商评级:沪指日线四连阳9股有飞涨潜力,证券之星
2018-01-03,钢铁行业点评：多因素共振板块行情再起,中财网
2018-01-03,*ST重钢重整完毕长江跨流域协同效应可期,中金在线
2018-01-03,重钢365亿债务重整完成净收益20亿市值破200亿,凤凰网
2018-01-03,沪指大涨近1% 三大利好来袭(附股),证券日报
2018-01-03,钢铁行业周报：钢市弱势运行期待钢价下跌增强冬储意愿,中财网
2018-01-03,"钢铁行业基本面跟踪系列一:钢材盈利17H2持续改善、17Q4为年内高点,18年供需紧平衡促景气度持续",中国网
2018-01-03,行业盈利维持高位方大特钢率钢铁股领“红包”,大众证券报
2018-01-03,三路资金助力A股喜迎开门红 逾35亿聪明资金进场扫货,证券日报
2018-01-02,"钢铁行业周报:社会库存缓慢累积,关注冬储行情开启",中国网
2018-01-02,【中泰钢铁】一周重点数据一览表,中财网
2018-01-02,钢铁行业研究周报：新年快乐钢铁长红!,中财网
2018-01-02,【钢铁】笃慧、赖福洋：四季度盈利继续维持高位-20171231,中泰证券研究所
2018-01-02,中国制造虚火渐退净利同比增四成,顶尖财经网
2018-01-02,中国远洋海运成央企保增长先锋,长江商报
2018-01-01,小金属：钒系产品暴涨15%左右，钨钼锗继续上涨,笑看有色
2018-01-01,最新钢企产能置换方案一览【转载】,长江钢铁
2018-01-01,【申万宏源钢铁煤炭】20180102钢铁周观点：钢市弱势运行，期待钢价下跌增强冬储意愿,微信
