date,sentence,col3
2021-12-31,行业观察|半岛超声炮大火 医美设备厂商国产替代空间广阔,财联社
2021-12-31,复星医药：董事会会议审议通过关于受让重庆复创医药研究有限公司23.9992%股权的议案,Wind
2021-12-31,复星医药产业拟出资1.41亿美元增持重庆复创24%股权,乐居财经
2021-12-31,复星医药(600196.SH)：子公司拟以1.41亿美元受让重庆复创23.9992%股权,格隆汇
2021-12-31,复星医药(600196.SH)子公司拟1.41亿美元受让小分子靶向药物企业重庆复创24%股权,智通财经
2021-12-31,复星医药5500万打水漂 终止引进的SGLT-2抑制剂开发,新浪
2021-12-30,复星医药2196｜1.41亿美元增持新药研究业务 | 头条金融网,头条日报
2021-12-30,每日理财观察：年终奖等个税优惠政策顺延两年,Wind
2021-12-29,复锐医疗科技(01696)控股股东购买14.16万股公司股份,智通财经
2021-12-29,开拓药业产品研发遇挫，另一家合作公司默默“中枪”,国际金融报
2021-12-29,新浪医药年度盘点丨合久必分？2021医药行业十大拆分剥离动态 有人为“升级” 有人为“保命”,新浪
2021-12-29,复星医药(02196)：“18复药03”注销未转售债券金额9.91亿元,智通财经
2021-12-29,复星医药(02196)：2021年度内董事变动后公司治理结构符合法律规定,智通财经
2021-12-29,恒指收跌0.83%，恒生科技指数创历史低位,Wind
2021-12-29,上海复星医药集团：公司董事发生变动 董监高成员变化,Wind
2021-12-29,上海复星医药集团：“18复药03”完成转售,Wind
2021-12-29,新冠“神药”临床结果未达预期，开拓药业否认失败，国内还有5款口服药在研,新浪
2021-12-29,港股异动 | 复星医药跌5% 子公司终止万格列净片药品临床试验及后续开发,格隆汇
2021-12-29,【港股通】复星医药(02196)跌逾4% 子公司终止药品临床试验,和讯
2021-12-28,复星医药：本集团实际为复星健康担保金额为6.8亿元,每日经济新闻
2021-12-28,开拓药业暴跌70%，中期分析不理想的新冠口服药走向何方？,澎湃新闻
2021-12-28,复星医药：订立增资协议,Wind
2021-12-28,晚间重要公告2021年12月28日星期二,Wind
2021-12-28,复星医药(02196)：宁波复瀛拟出资1000万元参与设立私募股权投资基金,智通财经
2021-12-28,复星医药(02196.HK)拟为复星健康不超3亿元授信额度项下债务提供担保 大额借贷担保,格隆汇
2021-12-28,复星医药(02196)：复星健康按持股比例向上海卓瑞增资1020万元,智通财经
2021-12-28,复星医药(02196.HK)：上海卓瑞注册资本增至8700万元,格隆汇
2021-12-28,一周七天连轴干 手术机器人在这个科室火了 已有国产品牌能与进口产品一较高下,财联社
2021-12-28,复星医药(600196.SH)：子公司拟出资1000万元参设目标基金,格隆汇
2021-12-28,复星医药(600196.SH)：子公司江苏万邦拟终止万格列净片的临床试验及后续开发,格隆汇
2021-12-28,复星医药(600196.SH)：子公司及关联方拟合计对上海卓瑞增资2000万元,格隆汇
2021-12-28,复星医药：控股子公司终止万格列净片药品临床试验,Wind
2021-12-27,复星医药(600196.SH)拟参与设立私募股权投资基金,智通财经
2021-12-27,第七批国采规则或将调整；康希诺重组新冠疫苗最新进展；迈威生物计划科创板上市,GBIHealth
2021-12-24,国内创新药企业正迎来密集收获期！,--
2021-12-23,复星医药：控股子公司与甫康药业签订马来酸奈拉替尼片大中华区独家商业化合作协议,e公司
2021-12-23,复星医药(02196)：复宏汉霖(02696)拟为汉霖医药不超12.53亿元贷款提供担保 大额借贷担保,智通财经
2021-12-23,复星医药：本集团实际对外担保金额约合人民币206.14亿元 大额借贷担保,每日经济新闻
2021-12-23,上市公司环境责任信息披露有哪些变化？,中国环境报
2021-12-22,中山公用：目前未收到公司大股东或管理层人员计划购买复星集团减持部分股份的相关信息,每日经济新闻
2021-12-22,复星医药：公司经营一切正常,每日经济新闻
2021-12-21,复星医药发生大宗交易 成交折价率10.35%,证券时报网
2021-12-21,复星医药今日大宗交易成交7.10万股，成交价44.78元折价10.35%,Wind
2021-12-21,药企们为什么都在拆分？,虎嗅网
2021-12-21,复锐医疗科技 | 领先技术能量源龙头，构建美丽新生态,医药研选
2021-12-20,复星医药(02196.HK)子公司通过GMP符合性检查,格隆汇
2021-12-20,复星医药(02196.HK)子公司斯鲁利单抗注射液联合重组抗EGFR人源化单克隆抗体注射液用于治疗晚期实体瘤开展II期临床试验获批准,格隆汇
2021-12-20,复星医药(02196)：湖南洞庭药业通过GMP符合性检查,智通财经
2021-12-20,复星医药(600196.SH)：斯鲁利单抗注射液、重组抗EGFR人源化单克隆抗体注射液获药品临床试验批准,格隆汇
2021-12-20,复星医药(600196.SH)：斯鲁利单抗注射液联合HLX07治疗晚期实体瘤获准开展II期试验,智通财经
2021-12-20,复星医药(600196.SH)子公司二车间硬胶囊生产线通过GMP符合性检查,智通财经
2021-12-20,复星医药：子公司获药品临床试验批准,财联社
2021-12-20,抢占科创高地，面向全球招才引智!复星亮相首届全国博士后创新创业大赛,大众证券报
2021-12-19,宣告破产！亚洲著名民营肿瘤医院负债3100多万 减资破产,器械之家
2021-12-19,经营不善，知名肿瘤医院被宣告破产！ 减资破产,爱爱医
2021-12-18,PE巨头TPG申请IPO上市：摩根大通、高盛等23家投行券商组团助阵,Wind
2021-12-16,【港股通】复星医药(02196)为子公司金额4.0亿元贷款提供担保 大额借贷担保,和讯
2021-12-16,复星医药(02196)拟为附属公司贷款提供担保 大额借贷担保,智通财经
2021-12-16,复星医药拟为徐州复星医药提供不超过4亿元贷款担保 大额借贷担保,乐居财经
2021-12-16,复星医药：截至2021年12月15日，本集团实际对外担保金额按2021年12月15日汇率折合人民币约201.2亿元 大额借贷担保,每日经济新闻
2021-12-16,复星医药：拟为子公司提供不超过4亿元连带责任保证担保,Wind
2021-12-15,国内三地发现奥密克戎！国产疫苗中和试验结果密集出炉，有多少能应对新毒株？,21世纪经济报道
2021-12-15,国内三地发现奥密克戎！国产疫苗中和试验结果密集出炉，有多少能应对新毒株？,21经济网
2021-12-14,复星集团持有青岛啤酒4年减持套现114亿港元，浮盈22亿港元 减持股份,中证报
2021-12-14,【港股通】青岛啤酒(00168)遭复星集团减持3800万股H股 股价倒升3.33% 减持股份,和讯
2021-12-14,年内被复星系三度减持背后：青岛啤酒季度营收从增长到下滑的尴尬 减持股份,电鳗快报
2021-12-14,医美板块再度活跃，鲁商发展率先涨停,Wind
2021-12-14,【港股通】复星医药(02196)涨近3% 料mRNA新冠疫苗对奥密克戎仍有明显预防作用,和讯
2021-12-13,青岛啤酒：复星集团减持公司H股3800万股，占总股本约2.78% 减持股份,资本邦
2021-12-13,青岛啤酒股份(00168)获股东复星集团旗下两家实体合计减持3800万股H股 减持股份,智通财经
2021-12-13,复星集团旗下两家实体减持青岛啤酒2.78%H股股份 减持股份,乐居财经
2021-12-13,青岛啤酒(600600.SH)股东复星集团旗下两家实体减持3800万股公司H股股份 减持股份,智通财经
2021-12-13,青岛啤酒：复星集团旗下两家实体12月9日减持公司H股3800万股 减持股份,Wind
2021-12-12,医药周报｜绿鞋护盘 百济神州会破发吗；阿斯利康用于新冠肺炎暴露前预防药物将很快上市,钢企网
2021-12-11,药企加码布局创新药赛道,Wind
2021-12-10,A股早报2021年12月10日星期五,Wind
2021-12-10,智通港股早知道 | (12月10日)央行上调外汇存准率2个百分点 11月各类挖掘机销量同比下降36.6%,智通财经
2021-12-09,智通港股公告精选︱(12.9)固生堂、凯莱英及北海康成明天上市 腾盛博药治疗新冠肺炎中和抗体联合疗法获批上市,智通财经
2021-12-09,BioNTech公布最新实验数据，三针mRNA新冠疫苗BNT162b2可有效中和奥密克戎变异病毒,医麦客News
2021-12-09,复星医药(02196)：拟对天津星耀进行减资 减资破产,智通财经
2021-12-09,复星医药(02196)拟为复星健康不超过1.5亿元贷款提供担保 大额借贷担保,智通财经
2021-12-09,复星医药：集团实际对外担保金额折合人民币约197.02亿元 大额借贷担保,每日经济新闻
2021-12-09,复星医药(600196.SH)：复星医药产业拟以400万元受让星创健康科技87%股权,格隆汇
2021-12-09,复星医药：对所投资有限合伙企业减资暨关联交易 减资破产,Wind
2021-12-09,复星医药(600196.SH)及相关方拟对天津星耀同比例减资500万元 减资破产,格隆汇
2021-12-09,复星医药：拟为控股子公司复星健康担保1.5亿元,Wind
2021-12-09,复星医药(600196.SH)：子公司拟以2870万美元受让FMH45%股权,格隆汇
2021-12-09,复星医药：复星医药产业拟现金出资400万元受让复星高科技持有的星创健康科技87%的股权,Wind
2021-12-09,复星医药：复星实业拟现金出资2870万美元受让Windgothenburg持有的FMH45%的股权,Wind
2021-12-09,港股异动 | 复星医药(02196)午后涨超5% 宣布将与Biontech研发针对奥密克戎毒株的疫苗,智通财经
2021-12-09,【异动股】复星医药(02196.HK)涨4.38%,财华社
2021-12-09,“毒”性到底强不强？实验数据不断出炉，奥密克戎“精准画像”开始浮现,21世纪经济报道
2021-12-08,复星医药参股成立企业管理合伙企业，注册资本1000万元,乐居财经
2021-12-08,企业服务领域投融资日报（12月9日）：星创健康科技被复星医药并购,亿欧网
2021-12-08,复星医药持有亚能生物技术股份降至20%,乐居财经
2021-12-08,复星医药：复星诊断提供的三靶标高灵敏核酸检测方案，可覆盖新冠病毒变异株的检测,每日经济新闻
2021-12-07,复星医药(02196)委任王可心及关晓晖为执行董事,智通财经
2021-12-07,复星医药：王可心及关晓晖获正式选举为第八届董事会执行董事,Wind
2021-12-07,复星医药：股东大会通过关于延长与上海复宏汉霖科创板上市有关授权有效期及更换授权人士的议案,Wind
2021-12-07,医美行业深度报告：行业上游医美器械制造商门槛高 竞争格局好,新浪
2021-12-07,港股生物医药板块走高 复星医药涨近3%,财联社
2021-12-07,“上海首富”郭广昌转身,斑马消费
2021-12-07,港股投资日历：商汤-W启动招股,Wind
2021-12-06,医药行业周报：医保谈判结果出炉 持续鼓励创新,新浪
2021-12-06,复星医药跌3.49% 中泰证券中信证券8月下旬喊买入,中国经济网
2021-12-06,先行先试、协同创新，国内疫苗企业聚力湾区重构产业新生态,21世纪经济报道
2021-12-06,医药行业一周观察：医保谈判落地 国产创新药收获颇丰,新浪
2021-12-06,复星医药回爱民：现有疫苗对奥密克戎到底是否有效仍待观察,21世纪经济报道
2021-12-05,医药行业周报：医保谈判尘埃落地 看好本土创新发力,新浪
2021-12-05,复星医药位列第一！ESG500强医药生物行业榜单发布,新浪
2021-12-04,复星医药回爱民：新冠病毒有一些变异未必能改变对疫苗的反应,澎湃新闻网
2021-12-03,复星医药(02196)：汉贝泰?用于转移性结直肠癌、非小细胞肺癌治疗获上市注册批准,智通财经
2021-12-03,复星医药：控股子公司获药品注册批准,Wind
2021-12-03,复星医药(600196.SH)：用于转移性结直肠癌及晚期、转移性或复发性非小细胞肺癌治疗的汉贝泰?获批上市,格隆汇
2021-12-03,复星医药最新公告：贝伐珠单抗注射液获药品注册批准,证券之星
2021-12-03,复星医药：贝伐珠单抗注射液获药品注册批准,财联社
2021-12-03,中山公用：公司暂未收到大股东中汇集团意向购买复星集团计划减持的公司股份的相关消息,每日经济新闻
2021-12-03,华润三九(000999)：员工股权激励方案终出台 建立长效激励机制 彰显公司发展信心,新浪
2021-12-02,复星医药亮相首届BEYOND国际科技创新博览会 展示创新驱动医疗健康产业生态布局,中金在线
2021-12-02,复星医药：12月7日召开股东大会,Wind
2021-12-02,复星医药投资成立创业投资管理合伙企业，持股65.60%,搜狐
2021-12-02,复星医药：增持计划届满 获控股股东9.67亿人民币增持2793.05万股H股,财华社
2021-12-02,复星医药参股成立创业投资管理合伙企业，持股65.6%,乐居财经
2021-12-02,港股盘前必读：腾讯控股拟向不少于25700位奖励人士授予441万股奖励,Wind
2021-12-01,【浙商医美】复锐医疗科技：股权激励计划通过，看好能量源医美王者发展空间,微信
2021-12-01,写意报告丨创新药的国际化与商业化研究,同写意
2021-12-01,复星医药：增持计划实施期限届满，累计增持2793.05万股H股,Wind
2021-12-01,【港股通】复星医药(02196)获复星高科技及复星国际累计增持2793.05万股H股,和讯
2021-12-01,复星医药(02196.HK)控股股东累计增持2793万股H股 增持计划期限届满,格隆汇
2021-12-01,复星高科技及其控股股东累计增持复星医药1.09%股份，增持计划期限届满,乐居财经
2021-12-01,复星医药(600196.SH)股东复星高科技及复星国际累计斥资约9.67亿元增持2793.05万股H股,智通财经
2021-12-01,复星医药(600196.SH)：增持期满 控股股东方面已累计增持2793.05万股H股,格隆汇
2021-12-01,融资客青睐6股，宋都股份买入占比高达39.16%,Wind
2021-11-30,复星医药的管理水平和回报水平高吗？,搜狐
2021-11-30,ATFX港股：奥米克戎来袭，康希诺、国药控股、复星医药受益,金融界
2021-11-30,新冠特效药不及预期，有效率下降至30%，影响多大,Wind
2021-11-29,医药行业周报：OMICRON成热议 CDMO和上游边际改善,新浪
2021-11-29,新冠检测概念股大涨！个股研发成色如何？这家公司研发投入占比仅0.0158%,北京商报
2021-11-29,医药股早间分化 复星医药早间获主力抢筹超亿元,第一财经
2021-11-29,解盘：股指震荡走高，锂电、储能、肺炎检测领涨,Wind
2021-11-29,今日港股生物医药板块持续走高，开拓药业等涨近11%,制药网
2021-11-29,医药生物行业创新药周报：OMICRON毒株异军来袭 新冠药物研发快速推进,新浪
2021-11-29,【异动股】复星医药(02196.HK)涨4.45%,财华社
2021-11-29,【行情】港股抗疫概念股普涨，开拓药业(09939.HK)涨10.8%，复星医药(02196.HK)涨6.73%，君实生物(01877.HK)涨5.9%，中国生物制药(01177.HK)涨3.56%，国,金十数据
2021-11-29,港股抗疫概念逆市大涨，开拓药业、康希诺生物一度涨超10%,Wind
2021-11-29,私募EB每周跟踪：可交换私募债跟踪,新浪
2021-11-29,智通港股早知道 | (11月29日)Omicron变异新冠病毒引担忧，烟草专卖法实施条例修改落地,智通财经
2021-11-29,门槛将大幅提高，互联网医疗行业告别“野蛮生长”,Wind
2021-11-28,复星医药VS沃森生物~花几分钟看下两个新冠疫苗企业的财务数据,深水财经社
2021-11-28,复星医药VS智飞生物~花2分钟看两个新冠疫苗企业背后的综合实力,深水财经社
2021-11-27,上海复星医药（集团）股份有限公司 关于控股子公司 通过GMP符合性检查的公告,证券时报
2021-11-27,上市公司正负面新闻2021年11月27日星期六,Wind
2021-11-26,智通港股公告精选︱(11.26)美团Q3收入同比增长37.9%至488.3亿元 同道猎聘Q3净利增长1.26倍,智通财经
2021-11-26,晚间重要公告2021年11月26日星期五,Wind
2021-11-26,撤回申请！复星医药抗过敏仿制药，投入已超千万,汇聚南药
2021-11-26,【港股通】复星医药(02196)：桂林南药通过药品GMP符合性现场检查,和讯
2021-11-26,复星医药(02196)：复星医药产业于中国境内FCN-159片用于I型神经纤维瘤的治疗启动II期临床研究,智通财经
2021-11-26,复星医药：控股子公司通过GMP符合性检查,Wind
2021-11-26,复星医药：公司目前暂不涉及养老产业,每日经济新闻
2021-11-26,复星医药(600196.SH)：子公司用于“原料药(磺胺多辛、乙胺嘧啶、盐酸莫西沙星)、盐酸莫西沙星片”的生产场地通过GMP符合性检查,格隆汇
2021-11-26,复星医药控股子公司通过GMP符合性检查,乐居财经
2021-11-26,复星医药(600196.SH)子公司桂林南药通过GMP符合性检查,智通财经
2021-11-26,复星医药：FCN-159片用于I型神经纤维瘤的治疗启动II期临床研究,财联社
2021-11-26,复星医药(600196.SH)拟参与设立安吉基金和徐州基金,智通财经
2021-11-26,盟科药业冲刺科创板；阿里健康中期业绩；复星医药双抗在澳获批临试,GBIHealth
2021-11-25,复星医药：“18复药03”回售金额9.91亿元，拟转售,Wind
2021-11-25,医药行业加速洗牌，头部药企掀起合作潮,Wind
2021-11-25,港股公告精选：佳兆业集团正考虑措施以增加流动性今日复牌,Wind
2021-11-25,Wind风控日报2021年11月25日星期四,Wind
2021-11-25,智通港股早知道 | (11月25日)美联储或提前加息 稀土价格快速反弹破9月高点,智通财经
2021-11-25,上市公司正负面新闻2021年11月25日星期四,Wind
2021-11-24,智通港股公告精选︱(11.24)复星医药参设多个基金加强布局大健康产业 阿里健康中期亏损2.32亿元,智通财经
2021-11-24,复星医药：设立安吉及徐州投资基金，计划募集资金均为5亿元,Wind
2021-11-24,复星医药：成立合伙企业,Wind
2021-11-24,复星医药：董事会建议销售交易年度上限调整为7.5亿元,Wind
2021-11-24,晚间重要公告2021年11月24日星期三,Wind
2021-11-24,复星医药(02196)：“18复药02”将于11月30日付息,智通财经
2021-11-24,复星医药(02196)及控股子公司拟与宁波星曜共同投资设立股权投资基金大连复健,智通财经
2021-11-24,复星医药(02196):奥鸿药业主动申请撤回色甘酸钠颗粒的注册申请,智通财经
2021-11-24,复星医药：控股子公司药品于澳大利亚药品管理局完成临床试验备案,Wind
2021-11-24,复星医药：控股子公司撤回药品注册申请,Wind
2021-11-24,复星医药(02196.HK)：控股子公司撤回药品注册申请,格隆汇
2021-11-24,复星医药(02196)控股子公司拟参设私募基金定向投资早期创新药项目,智通财经
2021-11-24,复星医药(02196.HK)：拟参与设立私募股权投资基金,格隆汇
2021-11-24,复星医药：“18复药03”债券付息日11月30日,Wind
2021-11-24,复星医药：“18复药02”债券付息日11月30日,Wind
2021-11-24,中山公用：股东复星集团拟减持不超6%公司股份 拟减持股份,36氪
2021-11-24,中山公用(000685.SZ)股东复星集团拟减持不超8850.67万股 拟减持股份,智通财经
2021-11-24,中山公用：复星集团拟减持不超过总股本6% 拟减持股份,Wind
2021-11-24,为持续加强对于前沿创新药研发项目的早期介入 复星医药(600196.SH)拟参设基金,智通财经
2021-11-24,复星医药(600196.SH)：拟携宁波星曜等共同设立投资基金大连复健,格隆汇
2021-11-24,复星医药(600196.SH)：复宏汉霖药品于澳大利亚药品管理局完成临床试验备案,智通财经
2021-11-24,复星医药：董事会会议审议通过关于调整部分2021年日常关联交易预计的议案,Wind
2021-11-24,复星医药：子公司主动申请撤回色甘酸钠颗粒的上市许可注册申请 IPO融资异常,Wind
2021-11-24,复星医药：子公司/企业拟参与设立目标基金，用于肿瘤创新药项目,Wind
2021-11-24,复星医药(600196.SH)：子公司拟参设安吉基金、徐州基金两个平行基金 以定投肿瘤及非肿瘤治疗等领域,格隆汇
2021-11-24,为加强大健康产业布局 复星医药(600196.SH)拟设股权投资基金出资及管理平台,智通财经
2021-11-24,复星医药：控股子公司药品HLX301于澳大利亚药品管理局完成临床试验备案,Wind
2021-11-24,复星医药：控股子公司药品HLX301于澳大利亚药品管理局完成临床试验备案,财联社
2021-11-23,韩国药企利妥昔单抗占欧洲市场40% 国产现状如何？,药智网
2021-11-23,医药行业周报：持续看好优质创新与CXO龙头企业,新浪
2021-11-22,CAR-T治疗肿瘤再迎重大进展，电源管理芯片供应紧缺丨明日主题前瞻,第一财经
2021-11-22,辅助生殖站上风口，底部放量的低估值股来了,Wind
2021-11-22,进博会观察|双轮驱动 复星打造全球化动力新引擎,光明网
2021-11-22,复星国际陈启宇：中国企业成为全球创新药研发全链条的重要参与者,中国经营报
2021-11-21,医保谈判尘埃落定，布局医药蓝筹正当时！,红周刊
2021-11-19,又一家大型民营医院被收购了！,新浪
2021-11-19,医药板块异动：奥翔药业涨停，先声药业涨超6%,制药网
2021-11-19,部分抗疫概念股走强 复星医药(02196)涨3.8% 全国新冠疫苗接种超24亿剂次,和讯
2021-11-18,深度*行业*2021年MRNA疫苗技术分析深度报告之二：新冠疫情持续 加强针与高效疫苗需求提升,新浪
2021-11-18,复星医药：布局医药健康业链，切入感染防治赛道,中金在线
2021-11-17,A股融资融券日报：两融余额减少48.12亿元（11月16日）,Wind
2021-11-17,复星系拓展资本版图 “A拆北”钢宝股份信披违规 其他违规处罚,金融投资报
2021-11-16,北向资金再度加仓近42亿连续4日净买入，批量扫货白酒医药股,Wind
2021-11-16,复星医药：12月7日召开2021年第三次临时股东大会,Wind
2021-11-16,恒指高开高走录得六连涨，博彩、游戏股爆发,Wind
2021-11-16,【行情】港股抗疫概念股走高，康希诺生物(06185.HK)涨5.39%，复星医药(02196.HK)涨超4%，中国生物制药(01177.HK)、腾盛博药-B(02137.HK)涨约2.69%，四环医药,金十数据
2021-11-16,【异动股】复星医药(02196.HK)涨4.15%,财华社
2021-11-16,【行情】港股医美概念股拉升，瑞丽医美(02135.HK)涨12.66%，时代天使(06699.HK)涨6.7%，复星医药(02196.HK)涨3.11%，康哲药业(00867.HK)涨1.39%，昊海,金十数据
2021-11-15,北交所开市后首例分拆上市预案来了！南钢股份抢跑 郭广昌欲再扩资本版图,北京商报
2021-11-15,医美概念持续拉升，行业需求快速增长，主力看好这些股,第一财经
2021-11-15,陆家嘴财经早餐2021年11月15日星期一,Wind
2021-11-14,晚间重要公告2021年11月14日星期日,Wind
2021-11-14,复星回应产品陷抄袭罗生门：拥有知识产权，相信法院,Wind
2021-11-12,北向资金再度加仓超36亿，东方财富本周净买入近28亿,Wind
2021-11-12,医药板块2021Q3分析暨11月月报：高基数下增速放缓 板块基本面仍旧强劲 把握配置窗口期,新浪
2021-11-12,北向资金动向盘点：房地产回暖，重手加仓却是非银,Wind
2021-11-11,希望破灭！天价药没有双十一，120万一针抗癌神药或无缘医保,时代财经
2021-11-11,雪扬科技起诉复星集团等侵犯商业秘密 诉讼纠纷,北京商报
2021-11-11,斥资8亿，复星再控股一家三级医院,医学界智库
2021-11-11,Wind医药：每日行业动态（2021-11-11）,Wind
2021-11-11,国家医保谈判“降价”依旧是主旋律，感染药及PD(L)-1新适应症成角逐热点,Wind
2021-11-10,21深度丨国产新冠mRNA疫苗箭在弦上：IIIb期加强针临床试验获批，谁将是最终大赢家？,21世纪经济报道
2021-11-10,复星医药：控股子公司通过GMP符合性检查的公告,Wind
2021-11-10,120万元一针抗癌神药进入医保谈判！医药龙头股直接飙涨逾9%，一批上市公司产品纳入谈判,中证报
2021-11-10,复星医药(600196.SH)：控股子公司富马酸丙酚替诺福韦原料药生产线通过GMP符合性检查,格隆汇
2021-11-10,120万元一针抗癌神药首次进入医保谈判！能砍成多少？,Wind
2021-11-10,沃森生物冲击涨停，疫苗板块继续扩大升幅,Wind
2021-11-10,【异动股】复星医药(02196.HK)涨3.82%,财华社
2021-11-10,沃森生物火箭发射，现涨超10%,Wind
2021-11-10,A股早报2021年11月10日星期三,Wind
2021-11-10,港股11月10日早报：舜宇光学10月手机镜头出货量下降 复星医药受让广州新市医院股权,财联社
2021-11-10,港股盘前必读：腾讯宣布全面升级员工“职业里程碑”关怀方案,Wind
2021-11-09,复星医药：控股子公司复星健康受让广州新市医院70%股权,中证网
2021-11-09,复星医药：附属公司拟以8.09亿元收购目标公司70%的股权,Wind
2021-11-09,复星医药(02196.HK)拟委任王可心及关晓晖为执行董事,格隆汇
2021-11-09,【晚间公告抢先看】平治信息签订VR战略合作协议、*ST澄星债权人申请公司破产重整 减资破产,金融界
2021-11-09,复星医药(02196)拟为复星实业申请的不超7500万欧元授信下的债务提供担保 大额借贷担保,智通财经
2021-11-09,复星医药(02196.HK)：控股子公司拟8.09亿元受让广州新市医院70%股权,格隆汇
2021-11-09,晚间重要公告2021年11月9日星期二,Wind
2021-11-09,复星医药：第八届董事会第五十六次会议审议通过五项议案,Wind
2021-11-09,复星医药子公司拟逾8亿元收购广州新市医院70%股权,上证报
2021-11-09,复星医药：复星医药关于非执行董事辞职的公告 董监高成员变化,新浪
2021-11-09,复星医药：本集团实际对外担保金额折合人民币约200.55亿元 大额借贷担保,每日经济新闻
2021-11-09,复星医药(600196.SH)：复星健康拟出资8.09亿元受让林俊杰持有的广州新市医院70%股权,格隆汇
2021-11-09,复星医药：复宏汉霖生物医药产业化基地（二）一期项目增加8.18亿元投资,财联社
2021-11-09,复星医药：龚平、张厚林请辞非执行董事职务 董监高成员变化,Wind
2021-11-09,复星医药：拟8.09亿元受让广州新市医院70%股权,Wind
2021-11-09,北向资金成交低迷连续3日净卖出，中国平安遭大幅净卖出超10亿元,Wind
2021-11-09,如何对恒瑞医药进行估值？,中访网
2021-11-09,【异动股】复星医药(02196.HK)涨3.09%,财华社
2021-11-09,医药股大涨，医保谈判在即，哪些药企值得关注？,第一财经
2021-11-09,Wind医药：每日行业动态（2021-11-09）,Wind
2021-11-09,第四届进博会疫苗创新备受瞩目 复星晒mRNA疫苗包装盒,中国纸业网
2021-11-09,港股11月9日早报：复星医药新药临床获批 中兴通讯拟收购中兴微电子18.82%股权,财联社
2021-11-09,锂电持续大爆发，医药医疗却崩了！公募紧急解读来了,Wind
2021-11-09,新能源主线继续领跑，机构建议布局“跨年行情”,Wind
2021-11-09,锂电持续大爆发，医药医疗却崩了！公募基金解读来了,Wind
2021-11-08,【晚间公告抢先看】祖名股份上调部分植物蛋白饮品出厂价、ST中天股票累计涨幅较大 停牌核查,金融界
2021-11-08,复星医药(02196.HK)：参与设立的投资基金完成私募投资基金备案,格隆汇
2021-11-08,复星医药：复星通睿已于近期在中国证券投资基金业协会完成备案手续,Wind
2021-11-08,复星医药：控股子公司获药品临床试验批准,Wind
2021-11-08,复星医药成立企业管理合伙企业，经营范围含生物化工产品技术研发,新京报
2021-11-08,复星医药：FCN-342片获药品临床试验批准,乐居财经
2021-11-08,复星医药(600196.SH)：复创医药获药品临床试验批准,格隆汇
2021-11-08,9000亿赛道重挫、美国突发大消息，市场预期巨变？,Wind
2021-11-08,复星医药：FCN-342片用于痛风治疗开展临床试验获批,Wind
2021-11-08,两大利空来袭 医药股集体下跌 机构：关注创新服务产业链,第一财经
2021-11-08,烟花下的抗疫背后：中国做到了什么？还要做哪些常态化准备？,观察者网
2021-11-08,A股收盘综述：锂电池王者归来，天齐锂业上板并获主力净流入27亿元,Wind
2021-11-08,疫苗股崩了！沃森生物61天腰斩 股民人均亏52万 亏损,凤凰网
2021-11-08,A股午盘综述：锂电池板块再度崛起，稀土、环保、航运、元宇宙炒作积极,Wind
2021-11-08,A股疫苗股集体下挫 复星医药和沃森生物跌超5%,格隆汇
2021-11-08,港股异动：生物医药板块大跌！康希诺生物跌超20%、复星医药跌超6%,证券之星
2021-11-08,康希诺-U跌近10%创上市以来新低，疫苗板块连续下滑,Wind
2021-11-07,连续四年参展进博会，复星医药：立足中国 链接全球,E药经理人
2021-11-07,复星医药：与国家卫健委国际交流与合作中心启动“乡村振兴健康示范工程”战略合作,Wind
2021-11-07,复星医药：与国家卫生健康委国际交流与合作中心启动“乡村振兴健康示范工程”战略合作,e公司
2021-11-06,逛进博｜默沙东大屏秀新冠口服药，复星晒mRNA疫苗包装盒,澎湃新闻
2021-11-06,辉瑞新冠口服药要逆转疫情？股价飙涨，两大竞争对手全崩了！,Wind
2021-11-06,重磅突发！辉瑞新冠口服药，降低住院或死亡率89%，要逆转疫情？,Wind
2021-11-05,医疗健康产业2022年投资策略：医疗投资进入百花齐放时代 国产自主化进入新高潮,新浪
2021-11-04,复星医药：公司目前暂不涉及所述产品的生产,每日经济新闻
2021-11-04,北向资金稳步加仓连续6日净买入，新能源、大消费集体获抢筹,Wind
2021-11-03,医药行业一周观察：三季报后板块表现分化 关注估值合理的优质标的,新浪
2021-11-03,A股收盘综述：“光伏茅”放量迫近跌停恫吓热门赛道，煤炭、地产、防疫板块逆市上扬,Wind
2021-11-03,港股异动 | 复星医药(02196)拉升7% 新冠疫苗增量前景被看好,智通财经
2021-11-03,【异动股】复星医药(02196.HK)涨4.76%,财华社
2021-11-02,复星医药跌4.88% 中泰证券中信证券8月下旬喊买入,中国经济网
2021-11-02,6家药企前三季度研发投入超过10亿元，创新势头强劲,制药网
2021-11-01,大健康产业投资并购动态周报Vol.70,新康界
2021-11-01,业绩更好的复星医药，为什么市值不足恒瑞医药一半？,钛媒体
2021-11-01,药企表现出强劲的研发投入意愿，让研发站上“C”位,制药网
2021-11-01,里昂：重申复星医药(02196)“买入”评级 目标价微升至67.6港元,智通财经
2021-11-01,永泰说新闻 | 国家卫健委发布《互联网诊疗监管细则(征求意见稿)》，我国首个《CAR-T细胞制品临床研究质量控制要求》已实施,永泰生物
2021-11-01,大行评级 | 里昂：复星医药(2196.HK)第三季业绩胜预期 重申“买入”评级,格隆汇
2021-11-01,东方财富证券：给予复星医药增持评级,证券之星
2021-11-01,东方财富证券给予复星医药增持评级，2021年三季报点评：业绩稳健增长，重磅产品商业化不断推进,每日经济新闻
2021-10-31,直击进博会|默沙东新冠口服药亮相 复星晒出mRNA疫苗包装盒 医药馆新冠药物大放送,财联社
2021-10-31,一周全球十大并购：伊利62亿收购澳优乳业34.33%股权，腾讯17亿收购日本出版巨头7%股权,晨哨网
2021-10-30,复星医药：加大科研投入，持续加强商业化能力,经济日报
2021-10-30,明看并购｜复星医药：文艺复“星”,微信
2021-10-29,【公告速读】十月第四周医药重点公司重要公告,新康界
2021-10-29,医药资本大佬被证监会立案调查，曾忽悠复星,健识局
2021-10-29,瑞信：维持复星医药(2196.HK)跑赢大市评级 目标价下调至51港元 机构下调估值,格隆汇
2021-10-29,斥巨资投资后，有药企开始出现“消化不良”,制药网
2021-10-29,复星医药(600196)：业绩持续稳健增长 创新管线丰富布局,广发证券
2021-10-28,疫苗股午后异动，康希诺涨超4%,Wind
2021-10-28,【券商聚焦】交银维持复星医药(02196)买入评级 指业绩稳健增长且研发进展顺利,和讯
2021-10-28,三季度营收超100亿，复星医药抗住降价压力业绩持续增长,中金在线
2021-10-28,纳微科技(688690)：业绩持续高增长 引进归国核心技术人才研发实力进一步增强,新浪
2021-10-28,三个月股价腰斩，疫苗救不了复星医药,ZAKER
2021-10-28,伴随诊断白热化，MRD检测如何能成为肿瘤NGS企业的第二曲线？,动脉网
2021-10-28,信达达伯舒Q3销售额创新高；复星医药公布2021Q3财报,GBIHealth
2021-10-27,复星医药前三季度净利润同比增长43.8% 拟对外收购以丰富疫苗管线,每日经济新闻
2021-10-27,复星医药前三季度净利润36亿同比增44%，半年4次出售资产回收资金41亿,搜狐
2021-10-27,Nature专访回爱民博士：如何引领创新药物研发？,同写意
2021-10-27,浙商证券维持复星医药买入评级，复星医药2021Q3业绩点评：符合预期，看好H2业绩表现,每日经济新闻
2021-10-27,中泰证券维持复星医药买入评级：创新多点开花，新冠疫苗带来可观增量,每日经济新闻
2021-10-27,11.08亿，复星医药又一大动作！,微信
2021-10-27,国金证券维持复星医药买入评级：新品种放量持续，创新技术推进在望,每日经济新闻
2021-10-27,国金证券：给予复星医药买入评级,证券之星
2021-10-27,Wind医药：每日行业动态（2021-10-27）,Wind
2021-10-27,复星医药：前三季度实现净利润35.65亿元，同比增长43.8%,资本邦
2021-10-27,国联证券维持复星医药增持评级：业绩持续增长，创新和合作逐步落地,每日经济新闻
2021-10-27,10月26日晚间公告|多家药企披露三季报，1家发布全年业绩预告,制药网
2021-10-27,21健讯Daily｜首个国产HPV疫苗获世卫预认证；吉利德和默沙东合研HIV新疗法,21世纪经济报道
2021-10-27,【港股通】复星医药(02196)拟斥近40亿元收疫苗研发生产公司73.01%股权,和讯
2021-10-27,10月27日三季报汇总：赣锋锂业、TCL科技等公司公告出现利好,证券之星
2021-10-27,A股早报2021年10月27日星期三,Wind
2021-10-27,迪士尼关联公司销售劣质T恤被罚没28万；赫兹租车已逐步上线特斯拉Model 3车型；台积电宣布推出N4P制程工艺,每经头条
2021-10-27,公告精选 | 中国铝业第三季净利增近430%；创梦天地拟携手腾讯深耕潮玩市场,富途证券
2021-10-27,复星医药(02196)及复兴国际(00656):复兴医药产业拟以11.08亿元现金及雅立峰100%股权作价揽成都安特金生物技术73.01%股权,智通财经
2021-10-27,复星医药：以代价11.08亿收购目标公司32.52%的股权,新浪
2021-10-27,港股盘前必读：小鹏P5因毫米雷达供货短缺影响部分车型交付,Wind
2021-10-27,复星医药：复星医药产业同意以人民币11.08亿元对价向出售股东收购持有目标公司合计约32.52%股权,格隆汇
2021-10-27,国内手术机器人产业崛起：市场需求逐年攀升，本土创新成趋势,Wind
2021-10-26,智通港股公告精选︱(10.26)鹰瞳科技-B于10月26日至29日招股 引入广发基金等多名基石投资者,智通财经
2021-10-26,复星医药：前三季度净利润同比增长43.80%,中证网
2021-10-26,复星医药：订立有关收购附属公司权益的股权转让协议,Wind
2021-10-26,复星医药前三季度收入同比增长22.38% 毛利率同比减少5.3个百分点 盈利能力下降,证券日报网
2021-10-26,晚间要闻2021年10月26日星期二,Wind
2021-10-26,公告精选丨诺德股份回应“副总推票猛过卖方”，这些公司三季度净利增幅超百倍,21世纪经济报道
2021-10-26,复星医药(02196)前三季度归母净利同比增长43.8%至35.65亿元,智通财经
2021-10-26,复星医药：三季度净利增逾40%，拟丰富疫苗产品管线,澎湃新闻
2021-10-26,复星医药公布2021年前三季度业绩 持续加强商业化能力 归母净利润同比增43.80%,中金在线
2021-10-26,复星医药公布三季报 前三季净利增加43.8%,新浪
2021-10-26,复星医药拟收购细菌性疫苗研制公司安特金73.01%股权,上证报
2021-10-26,复星医药(02196)拟出资参与设立星盛复盈 加强大健康产业布局,智通财经
2021-10-26,【港股通】复星医药(02196)：复星医药产业拟收购安特金,和讯
2021-10-26,【晚间公告抢先看】多家上市公司披露三季度业绩报告、诺德股份回应“副总推票猛过卖方”系个人展望,金融界
2021-10-26,【港股通】复星医药(02196)：复星健康拟斥资5440.8万元受让深圳复星健康余下45.1864%股权,和讯
2021-10-26,复星医药第三季净利同比增逾四成,上证报
2021-10-26,复星医药第三季度归属股东净利10.82亿元，同比增加41.62%,乐居财经
2021-10-26,复星医药：第八届董事会第五十五次会议审议通过三季报等四项议案,Wind
2021-10-26,加快医疗健康服务业务整合 复星医药(600196.SH)子公司拟增持深圳复星健康45.19%股权,智通财经
2021-10-26,复星医药(600196.SH)前三季度归母净利同比增43.80%至35.65亿元,智通财经
2021-10-26,拓展细菌性疫苗产品储备 复星医药(600196.SH)拟控股收购安特金,智通财经
2021-10-26,加强大健康产业布局 复星医药(600196.SH)拟共同投资设立星盛复盈,智通财经
2021-10-26,图解复星医药三季报：第三季度单季净利润同比增41.62%,证券之星
2021-10-26,复星医药：2021年第三季度净利润约10.82亿元，同比增长41.62%,每日经济新闻
2021-10-26,复星医药：拟收购安特金 丰富疫苗产品管线,e公司
2021-10-26,复星医药：第三季度实现净利润10.82亿元，同比增长41.62%。,财联社
2021-10-26,复星医药：第三季度净利同比增长42%,财联社
2021-10-26,复星医药：第三季度净利润同比增长41.62%,第一财经
2021-10-26,复星医药：拟控股收购安特金,Wind
2021-10-26,复星医药：第三季度净利润同比增长41.62%,Wind
2021-10-26,复星医药：前三季度净利润同比增长43.8%,Wind
2021-10-26,创新大势下，医药行业掀起合作潮,制药网
2021-10-26,泛生子与复星医药签订Seq,上证报
2021-10-26,复星医药携手北森，一体化HR SaaS引爆HR效率革命,北国网
2021-10-26,复星医药2196｜购疫苗企业73%股权 涉资40亿人币 | 头条金融网,头条日报
2021-10-25,谁会从肿瘤MRD技术迭代周期中胜出 | 海斌访谈,第一财经
2021-10-25,复星医药(02196.HK)拟为子公司复星实业提供不超3.2亿元担保 大额借贷担保,格隆汇
2021-10-25,进博会倒计时10天 | Fosun Health展现复星医药全球创新力 多项“展品”加速落地成“商品”,中金在线
2021-10-25,复星医药拟为复星健康等提供4.2亿元担保 大额借贷担保,乐居财经
2021-10-25,复星医药：本集团实际对外担保金额折合人民币约195.13亿元 大额借贷担保,每日经济新闻
2021-10-25,打造全球领先手术机器人制造研发基地,浦东时报
2021-10-25,直观复星达芬奇创新中心在张江科学城正式启用，未来打造全球第二总部,medworld器械世界
2021-10-24,多家知名药企被出售,赛柏蓝
2021-10-24,直观复星达芬奇创新中心来了！,器械之家
2021-10-24,医药行业周报：基因测序在临床应用的瓶颈与未来,新浪
2021-10-23,泛生子(GTH.US)与复星医药签订Seq,智通财经
2021-10-23,热门中概股周五普遍下滑 小白买买跌超38%,新浪
2021-10-22,泛生子宣布与复星医药签订Seq-MRD?独家商业化合作协议,新浪
2021-10-22,复星医药与泛生子达成独家合作 推动血液肿瘤监测服务国内落地,e公司
2021-10-22,泛生子(GTH.US)与复星医药(02196.HK)达成独家合作，携手推动血液肿瘤监测服务在华落地,和讯
2021-10-22,舍得酒业：辟谣老酒利空后发布三季报，多空厮杀谁能笑到最后？,和讯
2021-10-22,国泰君安：新冠疫苗进入业绩兑现期，港股部分标的将受益,Wind
2021-10-22,每日理财观察：证监会正评估完善试点注册制各项安排,Wind
2021-10-21,辉瑞：接种mRNA新冠疫苗加强针后有效率为95.6%,澎湃新闻
2021-10-21,恒指收跌0.45%，地产、金融逆市走强,Wind
2021-10-21,9倍大牛股被质疑老酒造假，公司正面刚！今晚将披露三季报,Wind
2021-10-20,【港股通】复星医药(02196)子公司复创医药研制的“FCN-338片”获国家药监局批准开展临床试验,和讯
2021-10-20,复星医药：子公司药品FCN-338片用于复发或难治性B细胞淋巴瘤获批临床试验,科创板日报
2021-10-20,北向资金两日净买入80亿，连续五日加仓宁德时代,Wind
2021-10-20,复星医药：2018年公开发行公司债券2021年票面利率调整为3.4%,Wind
2021-10-20,复星医药(600196.SH)子公司FCN-338片用于复发或难治性B细胞淋巴瘤临床试验获批,智通财经
2021-10-20,复星医药：药品FCN-338片开展临床试验获批,格隆汇
2021-10-20,复星医药：控股子公司FCN-338片获药品临床试验批准,Wind
2021-10-20,复星医药：将“18复药03”后2年票面利率由4.68%下调至3.40%,Wind
2021-10-20,北向资金动向盘点：人民币升值或引发大规模净流入,Wind
2021-10-20,复星医药：复星凯特的奕凯达是国内首个获批上市的CAR-T细胞治疗产品,Wind
2021-10-20,北向资金回流！增持汽车、家电，加仓锂电龙头7亿元,21世纪经济报道
2021-10-19,复星医药(02196)：2018年公开发行公司债券(第二期)(品种二)回售登记期为10月20日至26日,智通财经
2021-10-19,复星医药(02196.HK)：2018年公司债(第二期)(品种二)回售登记期为10月20日至10月26日,格隆汇
2021-10-19,复星医药：“18复药03”回售登记期10月20日至10月26日,Wind
2021-10-19,【异动股】复星医药(02196.HK)涨5.84%,财华社
2021-10-18,医药生物行业周报：疫苗加强针接种工作陆续开启 关注三季报业绩预期差投资机会,新浪
2021-10-18,医药行业周报：行业震荡回调 把握优质股配置机会,新浪
2021-10-18,复星医药成员企业Tridem Pharma首个非洲区域性药品分销中心在科特迪瓦开业,金融界
2021-10-17,人才难求！创新药企井喷致人才争夺愈烈，本土头部企业研发人员薪酬已与跨国企业比肩,汇聚南药
2021-10-16,“中式连锁快餐第一股”要来了！00后位列第六大股东,Wind
2021-10-16,医药行业周报：流通+中药反弹 重视“低估值+放量”逻辑,新浪
2021-10-15,【异动股】复星医药(02196.HK)涨3.42%,财华社
2021-10-14,复星医药：10月26日举行董事会会议，审议三季度业绩,Wind
2021-10-13,复星医药：10月26日举行董事会会议,Wind
2021-10-13,医美板块今日逆势大涨！行业快速发展，有望成为全球规模最大市场之一！机构关注度高，28股获北向资金加仓（附股）,证券时报
2021-10-12,从“买买买”到“卖卖卖”，复星医药的“生意经”发生了啥变化？,21世纪经济报道
2021-10-12,复星医药与赫尔森签署部分产品在中国内地及港澳地区的独家许可和分销协议,证券时报网
2021-10-12,2020年我国医药制造业研发经费投入超700亿，百济神州最高！,艾美达行业研究
2021-10-12,复星集团引入新投资者并更名为 Lanvin Group,CFW时尚
2021-10-12,强生达雷妥尤单抗皮下注射剂型在华获批；百济泽布替尼澳大利亚获批新适应证,GBIHealth
2021-10-11,医药行业周报：不对称有机催化研究,新浪
2021-10-11,复星医药的年内第四卖——诊断龙头亚能生物,新康界
2021-10-11,复星医药(02196)拟为附属贷款提供担保 大额借贷担保,智通财经
2021-10-11,复星医药：控股子公司拟设立合资公司，并认缴51%资本,Wind
2021-10-11,复星医药：控股子公司通过GMP符合性检查,Wind
2021-10-11,复星医药(02196.HK)拟为子公司5000万元贷款提供担保 大额借贷担保,格隆汇
2021-10-11,复星医药(600196.SH)：复星健康拟出资3570万元与关联方共设苏州星晨,格隆汇
2021-10-11,复星医药(600196.SH)：复宏汉霖用于生产斯鲁利单抗注射液的原液生产南线等通过GMP符合性检查,格隆汇
2021-10-11,复星医药：本集团实际对外担保金额按2021年10月11日汇率折合人民币约约216.09亿元 大额借贷担保,每日经济新闻
2021-10-11,复星医药：控股子公司通过GMP符合性检查,财联社
2021-10-11,复星医药：董事会审议通过关于参与投资设立苏州星晨儿童医院有限公司的议案,Wind
2021-10-11,复星医药：重组抗PD-1人源化单克隆抗体注射液通过GMP符合性检查,Wind
2021-10-11,复星医药：拟共同投资设立苏州星晨，于苏州市设立并运营营利性三级儿童医疗机构,Wind
2021-10-11,复星北铃公共卫生应急产业与危重症诊疗技术工程中心正式奠基开工,中国网
2021-10-09,错失新冠被抛售？复星出售亚能生物股份，可能还是要谋“资本局” 减持股份,经济观察网
2021-10-09,赛诺菲退出mRNA新冠疫苗研究 沃森生物静待三期临床结果,新浪
2021-10-09,连卖4家子公司“瘦身” 大刀阔斧革新诊断业务 复星医药在下什么棋？,新浪
2021-10-09,复星医药年内四次出售资产，将布局新赛道加速业务转型 资产异常,资本邦
2021-10-08,复星医药一年内4次出售资产意欲何为？ 资产异常,国际金融报
2021-10-08,复星出售多家子公司股权，回笼超40亿,汇聚南药
2021-10-08,多家知名药企，卖了！,微信
2021-10-08,"复星医药现1笔大宗交易 共成交1,287.50万元",新浪
2021-10-08,再次出售两家子公司股权，复星医药在下一盘什么样的棋？,新京报
2021-10-08,复星医药今日大宗交易成交25万股，成交价51.5元溢价0.0%,Wind
2021-10-08,知名药企年内出售四家子公司股权！,微信
2021-10-08,医药人才招聘（10.08更新）,新浪
2021-10-08,美国加大新冠检测，什么信号？境外疫苗有效率大降,Wind
2021-10-08,复星医药大跌,新浪
2021-10-08,复星医药年内出售四公司股权 回笼资金41亿布局新赛道加速转型,长江商报
2021-10-08,复星医药持续梳理体外诊断业务,全景网
2021-10-08,快讯 | 复星医药：近16亿元对价转让诊断板块两项资产，推进资产和业务梳理及一体化发展,财经网
2021-10-07,【浙商医药┃孙建】周报：国内细胞治疗行业是好赛道么？,杏林建研
2021-10-07,复星医药梳理体外诊断业务 拟近16亿元出售两项目资产 资产异常,e公司
2021-10-07,复星医药：拟以人民币约15.96亿元的对价向买方转让所持有的亚能生物29.02%的股权以及向买方与亚能生物共同指定的主体转让所持有的金石医检所100%的股权,每日经济新闻
2021-10-07,【异动股】复星医药(02196.HK)涨4.61%,财华社
2021-10-06,复星医药新品进入II期临床 半年投入17.77亿研发“下猛药”,电鳗快报
2021-10-06,陆家嘴财经早餐2021年10月6日星期三,Wind
2021-10-06,复星医药VS恒瑞医药～恒瑞在行业还是有很高地位的，综合实力很强,深水财经社
2021-10-06,复星医药VS西藏药业～复兴在西藏面前胜负比只有4:8？,深水财经社
2021-10-05,暴涨暴跌的复星医药，值得关注吗？,格隆汇
2021-10-05,【恒指小幅收涨】恒指触底反弹收涨0.28%，恒生科技指数跌0.31%。能源、有色股强势上涨，中国石油涨超7%创逾2年新高。医药股低开高走，复星医药大涨13%。地产股普跌，融创中国、中国奥园跌超10%。（中新经纬APP）,中新经纬
2021-10-05,恒指触底反弹收涨0.28%，复星医药大涨13%,Wind
2021-10-05,惊天逆转！暴跌近20%后，千亿龙头反弹15%,Wind
2021-10-05,【恒指午盘小幅收涨】恒指探底回升午盘涨0.32%，盘初一度跌约1.5%创1年新低；恒生科技指数跌0.21%。有色、能源、医药板块强势，复星医药大涨超15%，中国铝业涨超7%。（中新经纬APP）,中新经纬
2021-10-05,恒指探底回升午盘涨0.32%,Wind
2021-10-05,港股异动︱复星医药(02196)急升逾7% 美国国家传染病研究所所长称新冠口服药不会代替疫苗,智通财经
2021-10-05,港股医疗保健股反弹 复星医药涨近10%,新浪
2021-10-05,【异动股】复星医药(02196.HK)涨8.8%,财华社
2021-10-05,港股探底回升，恒指跌幅收窄至0.4%,Wind
2021-10-05,被“错杀”后部分疫苗股反弹 复星医药(2196.HK)涨超7%,格隆汇
2021-10-05,港股医药板块反弹，复星医药涨幅扩大至10%,Wind
2021-10-05,陆家嘴财经早餐2021年10月5日星期二,Wind
2021-10-04,新冠特效药吓崩疫苗股，其实结局早已注定？,格隆汇
2021-10-04,港股第一天开市，有哪些信息需要关注？,证券之星
2021-10-04,复星医药港股一度下挫超20%，节后A股可抄底？,上游新闻
2021-10-04,默沙东莫努匹韦真的是新冠特效药？小分子新冠药物潜力几何,澎湃新闻
2021-10-04,港股10月“开门黑”，疫苗、资源股集体下挫,Wind
2021-10-04,假期重磅！“白衣骑士”出手，恒大卖出一笔资产有望回血200亿？恒大汽车应声暴涨,每日经济新闻
2021-10-04,重磅突发！港股大跌550点：疫苗龙头暴跌20% 恒大突然停牌 重大事项停牌,Wind
2021-10-04,新冠特效药来了？港股疫苗蒸发450亿港元，复星医药股价两月跌6成,腾讯网
2021-10-04,美国医药公司开发出口服抗新冠病毒试验性药丸，复星医药等港股医药股大跌,每日经济新闻
2021-10-04,港股恒指一度跌超2% ，医药股、港口海运、风电股大跌，复星医药跌超20%,和讯
2021-10-04,复星医药港股大跌逾20% ，此前默沙东称口服抗新冠病毒药有效,澎湃新闻
2021-10-04,港股医药股大幅走低 复星医药跌逾11%,中证网
2021-10-04,恒指跌幅扩大至2%，医药、电力、教育板块跌幅居前,Wind
2021-10-04,港股医药股大跌 复星医药跌超20%,财联社
2021-10-04,港股医药板块跌势扩大，抗疫概念股大跌,Wind
2021-10-04,【行情】港股生物医药股跌幅居前，开拓药业跌15%，康希诺生物跌12%，复星医药跌10.6%，药明生物跌5.6%，再鼎医药跌4%,金十数据
2021-10-04,港股医药板块走弱，康希诺生物、开拓药业跌超10%,Wind
2021-10-04,港股疫苗股承压集体低开 复星医药(2196.HK)跌超4%,格隆汇
2021-10-03,盘点：BigPharma技术平台布局(恒瑞/复星/石药),药通社
2021-10-02,复星医药(02196.HK)出售附属亚能生物股权,财华社
2021-10-01,这些药企工业收入超百亿：恒瑞、石药、上药,赛柏蓝
2021-10-01,上市公司正负面新闻2021年10月1日星期五,Wind
2021-09-30,复星医药：同意以15.961亿元的对价转让复星医药出售权益,Wind
2021-09-30,晚间重要公告2021年9月30日星期四,Wind
2021-09-30,复星医药拟转让亚能生物及金石医检所股权 预计贡献收益约14亿元,e公司
2021-09-30,复星医药(02196)拟15.961亿元向康桥五期美元基金出售亚能生物29.02%股权及金石医检所100%股权,智通财经
2021-09-30,复星医药(02196.HK)拟为控股子公司复星实业提供不超1亿美元担保 大额借贷担保,格隆汇
2021-09-30,复星医药：拟转让亚能生物及金石医检所股权,e公司
2021-09-30,复星医药(600196.SH)：集团拟以15.96亿元转让亚能生物29.02%股权及金石医检所100%股权,格隆汇
2021-09-30,复星医药(600196.SH)：子公司联合注射用曲妥珠单抗联合化疗(XELOX)启动II期临床研究,格隆汇
2021-09-30,复星医药：拟转让所持亚能生物合计29.02%股权及金石医检所100%股权,Wind
2021-09-29,医疗科技案例｜复星医药：稳步落实疫苗研发与供应，积极调整仿制创新药品布局,零壹财经
2021-09-29,北向资金结束连续3日净买入，宝钢股份净卖出额创新高,Wind
2021-09-29,复星医药收跌8.52%，现报52.05元,乐居财经
2021-09-29,北向资金动向盘点：持续买入食品饮料,Wind
2021-09-29,北向资金扫货金融地产，出逃五粮液、格力电器等股（名单）,21世纪经济报道
2021-09-28,复星医药跌4.13% 中泰证券中信证券一个月前喊买入,中国经济网
2021-09-28,奥鸿药业与燃点医药达成战略合作协议 共同推进高端制剂和改良新药开发,中国网
2021-09-27,医药生物行业周报：确认政策底 行业迎来布局良机,新浪
2021-09-27,华为出手，入局AI新药研发和CXO领域 | 中成药集采战役打响！19省加入【最新闻0927】,MedTrend医趋势
2021-09-26,德邦证券助力复星集团成功发行20亿人民币公司债,钢企网
2021-09-26,医药行业周报：医保局回应种植牙问题 牙科集采会不会来？,新浪
2021-09-24,港股多个板块遇“劫日”，新冠特效药传闻重创医药股，龙头复星医药跌近20%，为何多个板块成惊弓之鸟,财联社
2021-09-23,刚刚，复星医药副总裁辞职 董监高成员变化,思齐俱乐部
2021-09-23,复星医药：复星医药关于高级管理人员辞职的公告 董监高成员变化,新浪
2021-09-23,复星医药(02196)：Lihui Zou请辞副总裁职务,智通财经
2021-09-23,复星医药：副总裁Lihui Zou辞职,Wind
2021-09-23,复星医药：本集团实际对外担保金额折合人民币约约209.91亿元 大额借贷担保,每日经济新闻
2021-09-23,复星医药：获《药品生产许可证》 可扩大汉曲优产能,e公司
2021-09-23,复星医药(600196.SH)：Lihui Zou辞任副总裁职务 董监高成员变化,智通财经
2021-09-23,复星医药(600196.SH)控股子公司获药品生产许可证,智通财经
2021-09-23,复星医药：为控股子公司复星实业提供4000万欧元担保,Wind
2021-09-23,复星医药：控股子公司获《药品生产许可证》，生产注射用曲妥珠单抗,Wind
2021-09-23,中泰国际：复星医药子公司治疗慢性心力衰竭新药获FDA同意开展临床试验,新浪
2021-09-23,中国短期融资券及中期票据信用分析周报,新浪
2021-09-22,复星医药(02196.HK)完成发行2021年度第三期超短期融资券,财华社
2021-09-22,医药生物行业周报：人工关节拟中选结果好于预期 市场紧张情绪得到缓解,新浪
2021-09-22,复星医药：2021年度第三期超短期融资券发行完成，发行总额12亿元,乐居财经
2021-09-22,金象复星医药500万元成立白塔寺药店连锁公司,乐居财经
2021-09-21,智通港股公告精选︱(9.21) 复星医药治疗慢性心力衰竭新药NS012获美国FDA药品临床试验批准,智通财经
2021-09-21,晚间重要公告2021年9月21日星期二,Wind
2021-09-21,复星医药(02196)：治疗慢性心力衰竭新药NS012获美国 FDA 药品临床试验批准,智通财经
2021-09-21,复星医药(02196.HK)完成发行12亿元超短融,格隆汇
2021-09-21,复星医药(600196.SH)：NS012 获批开展用于治疗慢性心力衰竭的临床试验,智通财经
2021-09-21,复星医药：控股子公司获美国FDA药品临床试验批准,e公司
2021-09-21,复星医药(600196.SH)：子公司NS012获美国FDA药品临床试验批准,格隆汇
2021-09-21,复星医药(600196.SH)完成发行12亿元超短期融资券,智通财经
2021-09-21,复星医药：控股子公司获美国FDA药品临床试验批准,Wind
2021-09-21,医药行业周观点：人工关节集采落地 政策扰动市场情绪,新浪
2021-09-17,【异动股】复星医药(02196.HK)涨4.04%,财华社
2021-09-17,A股早报2021年9月17日星期五,Wind
2021-09-17,复星医药9月16日现1笔大宗交易,证券时报网
2021-09-16,A股共发生170宗大宗交易成交38.33亿元（9月16日）,Wind
2021-09-16,复星医药今日大宗交易成交326.90万股，成交价57.51元溢价0.0%,Wind
2021-09-16,复星医药：为控股子公司提供担保,Wind
2021-09-16,复星医药：控股子公司获药品注册申请受理,Wind
2021-09-16,复星医药2196｜完成发行12亿人币超短期融资券 利率2.6% | 头条金融网,头条日报
2021-09-16,复星医药(600196.SH)：子公司斯鲁利单抗注射液联合化疗等获药品注册申请受理,格隆汇
2021-09-16,复星医药：拟为控股子公司FMH提供不超过3850万欧元担保 大额借贷担保,每日经济新闻
2021-09-16,复星医药：斯鲁利单抗注射液联合卡铂和白蛋白紫杉醇一线治疗局部晚期或转移性鳞状非小细胞肺癌获国家药品监督管理局药品注册申请审评受理,财联社
2021-09-16,干货！发改委发布会：保供稳价、粮食安全、猪肉收储,Wind
2021-09-16,复星医药：斯鲁利单抗注射液第二个适应症获注册申请受理,Wind
2021-09-16,大行评级 | 大摩：美10年期债息回升，复星医药(2196.HK)等股对此敏感,格隆汇
2021-09-15,复星医药跌5.79% 中泰证券中信证券20天前喊买入,中国经济网
2021-09-14,复星医药：作为国内首个上市的个性化细胞治疗产品，奕凯达为二线以后的淋巴瘤患者带来了持续缓解的可能性,每日经济新闻
2021-09-14,复星医药：截至2021年6月30日，集团已有共计19个已通过或视为通过仿制药一致性评价的产品在五批药品集采招标中中选,每日经济新闻
2021-09-14,复星医药(02196)：复宏汉霖拟为其控股子公司汉霖制药不超3亿元债务提供担保 大额借贷担保,智通财经
2021-09-14,复星医药：本集团实际对外担保金额按2021年9月14日汇率折合人民币约203.75亿元 大额借贷担保,每日经济新闻
2021-09-13,复星医药大宗交易成交1593.50万元,证券时报网
2021-09-13,复星医药：“18复药01”完成转售债券金额人民币4.2亿元,Wind
2021-09-13,200亿元规模胰岛素“官宣”进入集采时代，A股“双子星”的阵痛与挑战,Wind
2021-09-13,海航重整方案出炉，航空、机场板块敲定接盘方,Wind
2021-09-12,复星医药(600196.SH)：复星医药产业以等值于750万美元的人民币对复星凯特增资,格隆汇
2021-09-11,辛国斌：“十四五”机器人产业规划制定中,Wind
2021-09-11,舍得酒业高管变更，“复星系”与“老将”并行 董监高成员变化,新京报
2021-09-10,舍得酒业高管变动：财务负责人辞职，新聘任4名副总裁一半来自复星系 董监高成员变化,中华网
2021-09-10,舍得酒业任命4名副总裁，复星系邹庆利接任首席财务官,搜狐
2021-09-10,复星医药(02196)附属公司复锐医疗科技(01696)建议采纳受限制股份单位计划,智通财经
2021-09-10,青岛啤酒：股东复星集团累积减持H股超5%至6822.23万股 减持股份,中国经济网
2021-09-10,复星医药(02196.HK)：Sisram批准建议采纳受限制股份单位计划,格隆汇
2021-09-10,复星医药(600196.SH)控股子公司复锐医疗科技拟推受限制股份单位计划,智通财经
2021-09-10,复星医药：拟向副总裁刘毅授出22万份Sisram受限制股份单位,Wind
2021-09-10,复星医药：董事会审议通过关于参与对复星凯特生物科技有限公司增资的议案,Wind
2021-09-10,青岛啤酒(600600.SH)股东复星集团累积减持H股6822.23万股 减持股份,智通财经
2021-09-10,医药业周报：从“PB-ROE” 医药投资“性价比”已现,新浪
2021-09-10,复星医药：目前已完成国内多家顶级医院端治疗中心的认证,每日经济新闻
2021-09-09,恒瑞医药非布司他片获得注册 将与复星医药竞争市场,e公司
2021-09-09,疫苗板块2021H1总结：新冠疫苗商业化价值初现 在研管线亮点颇多,新浪
2021-09-09,港股盘前必读：比亚迪发布纯电专属平台e平台3.0,Wind
2021-09-08,大摩：上调复星医药(2196.HK)目标价至61.3港元 评级“与大市同步”,证券之星
2021-09-08,大摩：予复星医药(02196)“与大市同步”评级 目标价升9.4%至61.3港元,智通财经
2021-09-06,药企出海标本：复星医药在非洲,汇聚南药
2021-09-06,医药生物行业创新药周报：闻弦歌知雅意 由跨国药企中报看创新药发展,新浪
2021-09-06,【异动股】复星医药(02196.HK)涨3.19%,财华社
2021-09-04,复星医药or沃森生物：国产mRNA新冠疫苗何时能打上？,钛媒体
2021-09-04,海内外企业同台竞技，数字贸易成服贸会最强风口,Wind
2021-09-03,云雾渐开！破产重整愈演愈烈，危机变转机,Wind
2021-09-02,21健讯Daily｜复星医药首批mRNA新冠疫苗运抵台湾；8月30位A股药企主要高管离职,21世纪经济报道
2021-09-02,复星医药首批93.2万剂复必泰疫苗抵达台湾地区,观察者网
2021-09-02,复星医药：首批mRNA新冠疫苗复必泰运抵台湾,e公司
2021-09-02,A股97家创新药企业上半年研发投入逾180亿元,Wind
2021-09-01,复星医药发生大宗交易 成交折价率10.51%,证券时报网
2021-09-01,复星医药今日大宗交易成交34.45万股，成交价56.97元折价10.51%,Wind
2021-09-01,北向资金净买入额创一个月新高连续8日加仓，伊利股份、贵州茅台净买入均超6亿元,Wind
2021-09-01,医药生物行业周报：医美行业强化监管 安徽省IVD集采结果公布,新浪
2021-09-01,医药行业：国内建议部分重点人群接种加强针,新浪
2021-09-01,【异动股】复星医药(02196.HK)涨3.61%,财华社
2021-09-01,上海复星医药（集团）股份有限公司 关于证券事务代表辞职的公告,中证报
2021-08-31,逾700家上市公司上半年炒493只A股：哪些亏损，哪些赚钱？,第一财经
2021-08-31,半年报看新冠疫苗销售：科兴中维上半年盈利500亿？,澎湃新闻
2021-08-31,复星医药(02196)：陆璐辞任证券事务代表职务,智通财经
2021-08-31,复星医药：证券事务代表陆璐辞职,每日经济新闻
2021-08-31,复星医药(600196.SH)：陆璐辞去证券事务代表职务,智通财经
2021-08-30,复星医药：mRNA疫苗国内审批进展正常，首个细胞治疗产品已上市,阿尔法工场
2021-08-27,每日理财观察：银保监会进一步完善财产保险公司产品监管制度,Wind
2021-08-27,港股盘前必读：中国平安上半年归母净利润580.05亿元同比下降15.5%,Wind
2021-08-26,复星医药跌5.89% 中信证券中泰证券刚喊买入,中国经济网
2021-08-26,恒指缩量收跌1.08%，医药、科技股跌幅居前,Wind
2021-08-26,上海区域股市周报：21家机构调研思源电气 5亿融资买入复星医药,每日经济新闻
2021-08-26,港股医疗保健板块回调明显，复星医药跌逾8%,每日经济新闻
2021-08-26,复星医药跌8%，港股医疗板块又遭“血洗”？恒生医疗ETF（513060）持续溢价 交易价格异常,资本邦
2021-08-26,复星医药上半年营收同比增20.85%，创新产品落地促产品结构转型,中投网
2021-08-26,上证50跌幅扩大至1%，中国中免、复星医药跌超3%,Wind
2021-08-26,FDA正式批准首个新冠疫苗 复星医药吴以芳：将积极沟通 争取早日将其推向国内市场,每日经济新闻
2021-08-25,创新成果落地 复星医药上半年业绩增长强劲,中国经营网
2021-08-25,复星医药创新药步入收获期，董事长吴以芳：希望未来打造50亿美元级重磅产品,华夏时报
2021-08-25,北向资金连续三日加仓累计净买入超百亿，大幅抄底白酒股,Wind
2021-08-25,产经报道｜复星医药吴以芳：仿制药下行压力将会持续加大，坚定创新进入无人区,财经网
2021-08-25,疫苗“添柴”集采“减收” 复星医药将加大创新品种占比,证券日报网
2021-08-25,复星医药A股涨超5%H股涨逾7% 郭广昌：复必泰在正常推进,新浪
2021-08-25,港股异动丨复星医药(2196.HK)涨4.6% 上半年复必泰疫苗收入超5亿元,格隆汇
2021-08-25,郭广昌：复必泰审批进展正常 除了疫苗复星医药还有很多好产品丨C位,第一财经
2021-08-25,复星医药：mRNA疫苗国内审批进展正常，首个细胞治疗产品已上市,阿尔法工场
2021-08-25,复星医药拉升 郭广昌称新冠mRNA疫苗复必泰审批进展正常,新浪
2021-08-25,复星CFO龚平：上半年股东增持复星医药近10亿 有机会乐于继续增持,新浪
2021-08-25,【异动股】复星医药(02196.HK)涨3.4%,财华社
2021-08-25,东吴证券：维持复星医药(600196.SH)“买入”评级 业绩符合预期 下半年收入有望大幅增长,智通财经
2021-08-25,新冠mRNA疫苗复必泰审批进展正常 复星医药盘中直线拉升涨超2%,新浪
2021-08-25,交银国际：复星医药维持买入评级 目标价59.51港元,新浪
2021-08-25,*高盛削复星医药(02196)目标价4.7%至68.7港元 维持“中性”评级 机构下调估值,和讯
2021-08-25,复星医药上半年迎来“丰收季” 更新更早更高效布局“战略性产品”,上证报
2021-08-25,新冠疫苗进展、集采供货、仿制药红利？复星医药董事长这么答,Wind
2021-08-25,复星医药(600196)2021年半年报点评：各业务板块稳健发展 创新转型成果渐显,光大证券
2021-08-25,新冠疫苗进展、集采供货、仿制药红利？复星医药董事长这么答,澎湃新闻
2021-08-25,复星医药(600196)2021年中报点评：业绩符合预期 创新与国际化战略引领公司高质量发展,新浪
2021-08-25,复星医药上半年净利润增长超四成 研发投入力度不减,电鳗快报
2021-08-25,复星医药：新冠疫苗带来5亿营收，首位CAR-T治癌患者将在9月初出结果,21商评网
2021-08-24,复星医药吴以芳：向创新药物迈进 不断提高创新品种收入比重,中证网
2021-08-24,复星国际：上半年净利润逾40亿元，快乐板块业务仍然亏损 亏损,澎湃新闻
2021-08-24,复星医药上半年新冠疫苗营收超5亿，推动mRNA疫苗尽快国内上市,21世纪经济报道
2021-08-24,中银证券维持复星医药增持评级：新品种进入收获期，金融资产价值提升,每日经济新闻
2021-08-24,复星医药董事长吴以芳：五年后创新药收入占营收比重争取达到五成以上,每日经济新闻
2021-08-24,【中银医药】复星医药：2021年H1新品种进入收获期，金融资产价值提升,周观宇论
2021-08-24,盘前全知道 | 大摩称美股不太可能大幅回调，逆市看好深度回调股,美股研究社
2021-08-24,复星医药吴以芳回应新冠疫苗上市：会与监管部门沟通,Wind
2021-08-24,复星医药吴以芳回应新冠疫苗上市：会与监管部门沟通,第一财经
2021-08-24,FDA批准全球首款mRNA新冠疫苗，国内首支mRNA还有多远？疫苗缺口有多少？,新浪医药
2021-08-24,辉瑞疫苗获FDA完全批准，有效性微降4%，复星医药新冠疫苗半年入账5亿,时代财经
2021-08-24,"复星医药吴以芳:与BioNTech业务合作正常进行,mRNA新冠疫苗注册按国内要求推进",搜狐
2021-08-24,复星医药董事长：力争五年后将创新药物销售收入占比提高至50%以上,财联社
2021-08-24,国金证券维持复星医药买入评级：医药新品与Gland同比高增，成长力持续优化,每日经济新闻
2021-08-24,复星医药实现营业收入169.52亿元，同比增长20.85%,东方网
2021-08-24,全球首款mRNA新冠疫苗获批！将实现国内本地化生产,快科技
2021-08-24,复星医药出售公司资产，多家药企开启“瘦身模式”！ 资产异常,微信
2021-08-24,中泰证券：维持复星医药(600196.SH)“买入”评级 创新产品快速放量 业绩重回高增长,智通财经
2021-08-24,【AH互动】复星医药(02196)中期纯利增44.77% H股涨近5%,和讯
2021-08-24,复星医药盈喜，港股医药板块绝地反弹，恒生医疗ETF(513060)涨超4%,资本邦
2021-08-24,【异动股】复星医药(02196.HK)涨3.96%,财华社
2021-08-24,上证50涨幅扩大至1%,Wind
2021-08-24,重磅！全球首款mRNA新冠疫苗获得FDA正式批准，复星医药拥有大中华区独家权益,中金在线
2021-08-24,复星医药上半年净利润25亿同比增45%，核心创新药单品收入增2倍,搜狐
2021-08-24,复星医药高开近5% 上半年净利增44%至24.82亿元,新浪
2021-08-24,港股异动丨复星医药(2196.HK)高开近5% 上半年净利增44.77%至24.82亿元,格隆汇
2021-08-24,融资客青睐10股，厦门空港买入占比高达53.40%,Wind
2021-08-24,港股公告精选：京东集团二季度收入同比增长26.2%至2538亿元,Wind
2021-08-24,每日财报|复星医药上半年净利增长44.77% 广汇汽车中期大增净利200%,搜狐
2021-08-24,犀牛财经早报：复星医药出售天津药业股权舒泰神上半年亏损,GPLP犀牛财经
2021-08-24,财经早报：央行释放重要信号加大信贷支持力度 1新股今日申购,新浪
2021-08-24,一图读懂复星医药2021年中报,证券之星
2021-08-24,智通港股早知道 | (8月24日)原油强势反弹结束七连跌，海运运价回升至一年最高点,智通财经
2021-08-24,聪明资金大幅加仓！新冠疫苗贡献收入超过5亿 复星医药上半年营收近170亿！,e公司
2021-08-24,公募看好医药股多元化投资机会,Wind
2021-08-24,复星医药(02196.HK)六个月多赚近45% 寻求并购与整合的机会,财华社
2021-08-24,复星医药(02196.HK)拟逾14亿售天津药业25%股权 预计收益约1.94亿,财华社
2021-08-23,格隆汇港股聚焦(08.23)︱德琪医药宣布塞利尼索用于治疗骨髓纤维化II期研究申请在中国获批；中手游、国泰君安国际等上半年业绩超预期,格隆汇
2021-08-23,智通港股公告精选︱(8.23)618周年庆大促再创多个纪录 京东集团-SW二季度收入同比增长26.2%至2538亿元,智通财经
2021-08-23,复星医药上半年净利增44.77% 新冠疫苗复必泰贡献超5亿元收入,每日经济新闻
2021-08-23,公告精选丨萍乡中院决定对星星科技启动预重整；海南矿业等公司半年报盈利同比增逾10倍,21世纪经济报道
2021-08-23,上市公司重要公告集锦：萍乡中院决定对星星科技启动预重整,证券日报之声
2021-08-23,和讯曝财报|复星医药上半年营收近170亿 新品冲抵集采风险制药业务贡献7成收入,和讯
2021-08-23,公告精选：工业母机概念股科德数控提示风险；云铝股份、攀钢钒钛等业绩大增,e公司
2021-08-23,复星医药公布2021年中期业绩 创新成果持续落地 国际化运营能力进一步提升,金融界
2021-08-23,复星医药(02196)上半年归母净利同比增加44.77%至24.82亿元,智通财经
2021-08-23,复星医药(02196)拟以约14.326亿元出售天津药业约25%股权以优化资产配置 资产异常,智通财经
2021-08-23,复星医药(02196.HK)：用于生产利妥昔单抗注射液的制剂生产二线通过GMP符合性检查,格隆汇
2021-08-23,复星医药(02196)控股子公司通过GMP符合性检查,智通财经
2021-08-23,晚间重要公告2021年8月23日星期一,Wind
2021-08-23,复星医药：上半年净利超24亿，港澳新冠疫苗收入逾5亿元,澎湃新闻
2021-08-23,复星医药(600196.SH)拟14.32亿元出售天津药业25.0011%股权,智通财经
2021-08-23,复星医药(600196.SH)：拟以约14.33亿元转让天津药业25.0011%的股权,格隆汇
2021-08-23,复星医药(600196.SH)子公司通过GMP符合性检查,智通财经
2021-08-23,复星医药(600196.SH)：上半年净利增44.77%至24.82亿元,格隆汇
2021-08-23,复星医药：上半年净利同比增45% 拟转让天津药业25%股权,财联社
2021-08-23,复星医药半年报：上半年净利24.8亿元 同比增44.77%,财联社
2021-08-23,复星医药：公司拟向天津金耀转让所持有的天津药业25.0011%股权,Wind
2021-08-23,复星医药：上半年净利润24.82亿元同比增长44.77%,Wind
2021-08-23,晚间公告｜8月23日这些公告有看头,第一财经
2021-08-23,天药股份(600488.SH)金耀集团拟将持有药业集团股权比例为99.0014%,智通财经
2021-08-23,天药股份：复星医药出让公司控股股东25%股权 不再持股 减持股份,e公司
2021-08-23,超3000股上涨，5000亿巨头却跌停，什么情况,Wind
2021-08-23,去中心化社交与内容协议RSS3完成百万美元融资 复星集团梁信军等参投,财联社
2021-08-23,【异动股】复星医药(02196.HK)涨3.55%,财华社
2021-08-23,复星医药上半年实现净利24.82亿元,北京商报
2021-08-20,復星医药：投资事项,Wind
2021-08-20,复星医药(600196.SH)：拟投资以病理免疫组化和肿瘤伴随诊断检测为特色和重点布局方向的苏州百道,格隆汇
2021-08-20,复星医药(600196.SH)子公司拟投资取得苏州百道58.67%股权 完善诊断业务整体布局,智通财经
2021-08-20,港股跌势扩大：恒生科技指数跌3%，医药股重挫,Wind
2021-08-20,【2196】复星医药中期多赚44.8% 不派息 | 头条金融网,头条日报
2021-08-20,智通港股通占比异动统计|8月20日,智通财经
2021-08-19,"复星医药现1笔大宗交易 共成交6,503.76万元",新浪
2021-08-19,复星医药今日大宗交易成交97.10万股，成交价66.98元折价0.77%,Wind
2021-08-19,智通港股通占比异动统计|8月19日,智通财经
2021-08-18,上海区域股市周报：复星医药跌出板块市值9强 6亿融资买入中芯国际,每日经济新闻
2021-08-18,复星医药注射用曲妥珠单抗获批新规格,新京报
2021-08-18,顶流基金加仓股曝光，青睐高成长龙头,Wind
2021-08-18,Wind医药：每日行业动态（2021-08-18）,Wind
2021-08-18,智通港股通占比异动统计|8月18日,智通财经
2021-08-18,港股公告精选：上海电气预计上半年净亏损47.9亿至49.9亿元,Wind
2021-08-17,医药生物行业跨市场周报：国产科研试剂领军企业义翘神州上市 科研服务赛道热度再起,光大证券
2021-08-17,复星医药控股子公司注射用曲妥珠单抗获药品补充申请批准通知书,新浪
2021-08-17,复星医药：阿基仑赛注射液被纳入突破性治疗药物程序,财联社
2021-08-17,突然崩了，3800家公司下跌！究竟发生了什么？,Wind
2021-08-17,舍得交出复星系入主后首份半年报，下半年这样干！,佳酿网
2021-08-17,医药行业周观点：短期回调不改行业高景气发展 关注业绩超预期优质个股投资机会,新浪
2021-08-17,【异动股】复星医药(02196.HK)跌3.01%,财华社
2021-08-17,智通港股通占比异动统计|8月17日,智通财经
2021-08-17,国内多家企业加速mRNA疫苗研发 疫苗“混打”有效性仍未明确,第一财经
2021-08-16,国内mRNA疫苗厂商押注加强剂市场 获得批准仍有挑战,第一财经
2021-08-16,西部证券：首予舍得酒业(600702.SH)“增持”评级 复星系入驻 有望带来资源加持,智通财经
2021-08-16,创新药行业周报：2021年8月第二周创新药周报,西南证券
2021-08-16,医药生物行业：关注CXO新秀 重点推荐皓元医药、诺泰生物等,新浪
2021-08-16,智通港股通占比异动统计|8月16日,智通财经
2021-08-14,七年两次退市！中国第一家外资高端民营医院怎么了？,器械之家
2021-08-14,和睦家再度私有化，高端医疗服务龙头下一站去往何方？,Wind
2021-08-13,复星医药(02196)拟为控股子公司不超2000万美元贷款提供担保 大额借贷担保,智通财经
2021-08-13,北向资金本周净买入额大幅收窄，宁德时代遭大幅净卖出近8亿元,Wind
2021-08-13,复星医药：本集团实际对外担保金额约为203.03亿 大额借贷担保,每日经济新闻
2021-08-13,【异动股】复星医药(02196.HK)跌3.33%,财华社
2021-08-13,BioNTech：正与复星医药全力以赴向中国台湾民众提供疫苗,36氪
2021-08-13,北向资金动向盘点：持续净卖白酒，谁在接盘？,Wind
2021-08-13,智通港股通占比异动统计|8月13日,智通财经
2021-08-13,26家药企上半年八成净利增长 两家公司重磅新药即将报产,全景网
2021-08-12,为什么反复大涨大跌的复星医药不是白马股,和讯
2021-08-12,和睦家医院二度私有化 复星两进宫难成“赢家”,新浪
2021-08-12,人民金融·创新药指数涨1.09% | 26家药企披露半年报，八成净利增长，两家表示重磅新药即将报产,证券时报网
2021-08-12,PE天团出手，100亿大案子诞生,投资界
2021-08-12,【异动股】复星医药(02196.HK)跌3.15%,财华社
2021-08-12,【行情】港股部分医药股与生物技术股走低，复星医药跌3.65%，开拓药业跌3.36%，百济神州跌2.88%，诺诚健华跌2.6%，康希诺生物跌2.4%，中国生物制药跌0.88%,金十数据
2021-08-12,港股疫苗股继续下跌 复星医药(2196.HK)跌3.65%,格隆汇
2021-08-12,A股融资融券日报：两融余额增加75.25亿元（8月11日）,Wind
2021-08-12,每日理财观察：中国7月M2同比增长8.3%，新增人民币贷款1.08万亿,Wind
2021-08-12,智通港股通占比异动统计|8月12日,智通财经
2021-08-12,港股盘前必读：恒大汽车部分资产出售，道指、标普500创新高,Wind
2021-08-11,“复星系”保险版图：投资330亿、曾集齐9颗龙珠，如今价值几何？,凤凰网
2021-08-11,和睦家再度私有化，高端医疗服务龙头下一站去往何方？,21世纪经济报道
2021-08-11,南向资金今日成交活跃股名单（8月11日）,证券时报网
2021-08-11,金融街下午茶2021年8月11日星期三,Wind
2021-08-11,南向资金今日净买入56.32亿港元，吉利汽车净买入超10亿港元,Wind
2021-08-11,北向资金今日净卖出超28亿元，白酒股持续惨遭抛售,Wind
2021-08-11,85股主力资金净流入超亿元,证券时报网
2021-08-11,A股资金流向（8月11日）：锂电上游龙头强者恒强,Wind
2021-08-11,恒指宽幅震荡收涨0.2%，恒大系冲高回落,Wind
2021-08-11,港股抗疫概念股走低 康希诺生物跌超12%复星医药跌10%,新浪
2021-08-11,1800亿医药白马5连阴，市值缩水480亿，经历了什么？,网易
2021-08-11,医美板块单边下滑，昊海生科、朗姿股份、复星医药、爱美客、国际医学领跌,Wind
2021-08-11,恒大系大消息，地产股嗨了！煤炭有色狂飚，多股涨停潮,Wind
2021-08-11,医药行业周报：如何看待生物试剂未来空间？,新浪
2021-08-11,复星医药再度大跌逾5%：国产灭活疫苗异军突起 复星医药面临挑战 连续下跌,第一财经
2021-08-11,【行情】抗病毒概念股持续走低，康希诺跌超7%，万泰生物、复星医药跌逾5%，沃森生物、泰林生物、谱尼测试等跟跌,金十数据
2021-08-11,复星医药跌超9%领跌医美股 高盛下调其AH股评级 投资评级恶化,新浪
2021-08-11,【行情】港股医美概念走弱，复星医药跌超9%，昊海生物科技跌5.7%，复锐医疗科技跌3.7%，四环医药、时代天使跌约2%,金十数据
2021-08-11,【异动股】复星医药(02196.HK)跌4.85%,财华社
2021-08-11,【行情】港股药品股与生物技术股走低，复星医药跌超6%，康方生物、君实生物、康希诺生物均跌超4%，药明康德与再鼎医药跌超2%,金十数据
2021-08-11,智通港股通占比异动统计|8月11日,智通财经
2021-08-11,荣昌生物刷新中国单药海外授权交易纪录；国产皮卡新冠疫苗海外获批临试,GBIHealth
2021-08-10,变异株肆虐 mRNA疫苗或催生4700亿年销售市场 国内布局企业一览,新浪
2021-08-10,北向资金尾盘加速进场连续2日净买入，白酒股强势反弹但仍遭外资抛售,Wind
2021-08-10,被新冠拯救的港股“药王”：上市不到半年股价腰斩，又因疫情8个月暴涨570%,读懂财经
2021-08-10,复星医药(02196.HK)拟8月23日举行董事会会议审核中期业绩,格隆汇
2021-08-10,复星医药：将于8月23日（星期一）举行董事会会议,Wind
2021-08-10,新冠病毒超级传播者，1人传1500人！张文宏最新提醒,Wind
2021-08-10,多家跨国药企半年报披露 这10个药卖的最好,赛柏蓝
2021-08-10,复星医药AH股齐升 子公司药品获批临床试验,格隆汇
2021-08-10,【异动股】复星医药(02196.HK)涨4.55%,财华社
2021-08-10,A股融资融券日报：两融余额增加71.84亿元（8月9日）,Wind
2021-08-10,智通港股通占比异动统计|8月10日,智通财经
2021-08-10,北向资金动向盘点：重手净卖“电力设备新能源”,Wind
2021-08-10,A股风格快速切换：金融地产绝地反击，热门赛道“停车休整”,Wind
2021-08-09,晚间重要公告2021年8月9日星期一,Wind
2021-08-09,复星医药(02196.HK)：近日，上海复星医药股份有限公司控股子公司上海,新浪
2021-08-09,复星医药(02196)子公司获药品临床试验批准 参与研发的FH-2001胶囊可用于治疗晚期恶性实体瘤,智通财经
2021-08-09,复星医药 PD-L1/FGFR 小分子抑制剂获批临床,Insight数据库
2021-08-09,最新 | 这10个药卖的最好（附名单）,赛柏蓝
2021-08-09,复星医药(02196.HK)“18复药01”将于8月13日付息,格隆汇
2021-08-09,剑指30亿美元空间！Bcl-2研发正当时,新浪医药
2021-08-09,复星医药(600196.SH)：抗肿瘤药FH-2001胶囊获药品临床试验批准,智通财经
2021-08-09,复星医药(600196.SH)：用于晚期恶性实体瘤治疗的FH-2001胶囊获批开展I期临床试验,格隆汇
2021-08-09,复星医药：控股子公司用于晚期恶性实体瘤的FH-2001胶囊获批开展临床试验,Wind
2021-08-09,A股风格分化背后：外资加仓“老白马”，两融资金涌入周期股,Wind
2021-08-09,医药行业周报：进入中报期 关注业绩超预期个股,新浪
2021-08-09,高盛：将药明生物列入“确信买入”名单 降复星医药等8只医药股评级至“中性” 投资评级恶化,格隆汇
2021-08-09,医药生物行业创新药周报：聚焦特效治疗药 应对新冠“流感化”,新浪
2021-08-09,A股风格大逆转！芯片锂电股大跌，万亿巨头跳水,Wind
2021-08-09,【异动股】复星医药(02196.HK)跌3.13%,财华社
2021-08-09,每日理财观察：2021年中期私募基金长期业绩榜出炉,Wind
2021-08-09,A股早报2021年8月9日星期一,Wind
2021-08-09,A股融资融券日报：两融余额增加8.43亿元（8月6日）,Wind
2021-08-09,高盛下调复星医药AH股评级 投资评级恶化,格隆汇
2021-08-09,陆家嘴财经早餐2021年8月9日星期一,Wind
2021-08-08,国泰君安：新冠疫苗进入业绩兑现期,Wind
2021-08-08,中泰医药行业周报：疫情、中报成为当前催化 把握医药行业投资窗口,新浪
2021-08-07,恒瑞医药VS复星医药：时移境迁 殊途同向未了局,同写意
2021-08-07,又一百亿级私有化交易案诞生：香港“财爷”梁锦松、复星华平高盛都来了,猎云网
2021-08-07,高研发投入，是这些创新药企发展基石,红周刊
2021-08-07,锂电池领跑比亚迪市值暴增 生物疫苗恐高复星医药重挫,财富动力网
2021-08-07,两只千亿“医药大白马”突然暴跌！竟然是机构大举砸盘，发生了什么？,证券之星
2021-08-06,新风医疗纽交所退市，和睦家再别资本市场！复星系“穷追不舍”为哪般？ 退市,国际金融报
2021-08-06,疫苗行业系列报告(1)-新冠疫苗篇：全球疫情反复 国产疫苗正当时,新浪
2021-08-06,复星医药近一个月首次上榜港股通成交活跃榜,证券时报网
2021-08-06,跌停后被撬开，多路资金大举出逃，千亿巨头复星医药能抄底吗？,第一财经
2021-08-06,复星医药龙虎榜数据（8月6日）,Wind
2021-08-06,8月6日龙虎榜：医药股下挫 近26亿资金出逃复星医药、药明康德,中新经纬
2021-08-06,一天狂卖超20亿 这个白马赛道已被机构清仓式减持！ 减持股份,证券之星
2021-08-06,最新龙虎榜动向：复星医药、药明康德均被净卖出逾10亿元（名单）,21世纪经济报道
2021-08-06,金融街下午茶2021年8月6日星期五,Wind
2021-08-06,新冠疫苗集体崩跌，竟因这两件事？,Wind
2021-08-06,南向资金今日净买入61.86亿港元，腾讯获净买入超51亿港元,Wind
2021-08-06,8月6日主力资金净流出244亿元,证券时报网
2021-08-06,龙虎榜：复星医药跌8.5% 一机构席位卖出8.9亿元,e公司
2021-08-06,复星医药A股今日一度跌停，一机构卖出8.94亿元,Wind
2021-08-06,A股资金流向（8月6日）：持续利好加持，资金对锂电产业链出现分歧,Wind
2021-08-06,恒指收跌0.1%，科技股分化快手再创新低,Wind
2021-08-06,突然闪崩：2000亿医药巨头复星医药盘中跳水跌停 市值蒸发140亿 连续下跌,每日经济新闻
2021-08-06,A股收盘综述：上证指数跌0.24%，病毒防治概念股全线走弱,Wind
2021-08-06,港股医药板块受挫，复星医药跌超10%，恒生医疗ETF（513060）20日吸金近1.5亿,资本邦
2021-08-06,拜登放话，机构沸腾了，比亚迪站上历史新高,Wind
2021-08-06,生物疫苗板块午后继续下挫，复星医药跌停,36氪
2021-08-06,【行情】生物疫苗板块午后持续下挫，复星医药跌停，康希诺跌超12%，沃森生物、康泰生物、博晖创新等跌逾7% 连续下跌,金十数据
2021-08-06,太火爆！30亿资金扫货碳中和，4月进场的投资者已大赚逾50%！首只虚拟现实ETF也来了，板块权重股近期更是集体上涨,每日经济新闻
2021-08-06,疫苗医药股突然崩了！多只千亿巨头大跌,Wind
2021-08-06,A股早盘回调 创业板指跌超1% 半导体、疫苗股全线重挫 锂电股逆市冲高 连续下跌,华尔街见闻
2021-08-06,医药板块异动，多只个股体验“过山车”,制药网
2021-08-06,A股午盘综述：上证指数跌0.48%，创业板指跌逾1%,Wind
2021-08-06,快讯：复星医药跌停 报于78.54元,金融界
2021-08-06,生物疫苗板块持续下跌，复星医药、康希诺跌超9% 连续下跌,第一财经
2021-08-06,港A疫苗股集体大跌 复星医药(600196.SH)跌停 连续下跌,格隆汇
2021-08-06,生物疫苗概念大幅下挫，复星医药大跌超8%，长春高新再走弱 连续下跌,证券时报网
2021-08-06,新冠肺炎治疗有望迎来特效药：复星医药大跌7%国药控股涨0.72%,新浪
2021-08-06,【异动股】复星医药(02196.HK)跌5.35%,财华社
2021-08-06,上证50跌幅扩大至1%，复星医药跌超7%领跌成分股,Wind
2021-08-06,【行情】疫苗板块全线下跌，复星医药跌超6%，康泰生物跌超5%，康希诺、沃森生物、西藏药业、长春高新等跟跌 连续下跌,金十数据
2021-08-06,复星医药盘中快速下跌,新浪
2021-08-06,快讯：疫苗概念股开盘走弱 复星医药大跌近7% 连续下跌,新浪
2021-08-05,复星医药参与和睦家母公司私有化，高端医疗龙头为何“命运曲折”？,21世纪经济报道
2021-08-05,mRNA迎风口，两巨头市值超2600亿美元，辉瑞或靠它重回top1，中国军团强势崛起！,E药经理人
2021-08-05,医药生物行业2021年8月投资策略：布局业绩确定 估值合理标的,新浪
2021-08-05,复星医药：同意参与New Frontier Health Corporation私有化,新浪
2021-08-05,【AH互动】复星医药(02196)H股再涨2.6% 参与NFHC建议私有化,和讯
2021-08-05,医药股走高：康哲药业、爱康医疗涨近5%复星医药涨超3%,新浪
2021-08-05,【异动股】复星医药(02196.HK)涨3.25%,财华社
2021-08-05,复星医药涨近4% 现报79.90港元,新浪
2021-08-05,复星医药AH股高开兼创历史新高 子公司拟参与医疗保健供应商NFH私有化,格隆汇
2021-08-05,港股异动︱复星医药(02196)高开4.22% 复星实业拟以置换股份的方式参与NFH私有化 获中国证监会核准非公开发行不超过约1.28亿股A股,智通财经
2021-08-05,港股早评：恒指低开0.14% 电子烟大跌 药品股强势 复星医药创新高,格隆汇
2021-08-05,A股融资融券日报：两融余额增加114.45亿元（8月4日）,Wind
2021-08-05,对抗德尔塔新药物来了？国药集团大动作！900亿疫苗巨头传利好,Wind
2021-08-05,复星医药(02196.HK)参与NEWFRONTIERHEALTHCORPORATION的建议私有化,财华社
2021-08-05,在上市与私有化之间“反复横跳” 复星医药子公司投资的和睦家或再度私有化,每日经济新闻
2021-08-04,复星医药(02196)：复星实业拟以置换股份的方式参与NFH私有化,智通财经
2021-08-04,复星医药(02196.HK)：子公司拟参与医疗保健供应商NFH私有化,格隆汇
2021-08-04,复星医药(600196.SH)拟参与医疗保健供应商“和睦家”母公司NFH 私有化交易,智通财经
2021-08-04,复星医药(600196.SH)：子公司拟参与医疗保健供应商NFH私有化,格隆汇
2021-08-04,复星医药：拟参与NFH私有化 将持有HoldCo 6.9%股份,财联社
2021-08-04,复星医药：子公司复星实业拟参与NFH私有化,Wind
2021-08-04,苦熬多月，疫情反弹后的医药大行情又是“昙花一现”,药智网
2021-08-04,又一百亿级私有化交易案诞生：香港“财爷”梁锦松、复星华平高盛都来了,36氪
2021-08-04,复星医药供应台湾地区疫苗获紧急使用授权批准,新浪
2021-08-04,【异动股】复星医药(02196.HK)涨3.16%,财华社
2021-08-04,A股融资融券日报：两融余额减少19.26亿元（8月3日）,Wind
2021-08-04,股市流动性回升 北上资金波动变大——市场资金面周观察（0726-0730）（中泰策略）,修炼投资的水晶球
2021-08-04,游戏产业将变天？北上积极调仓聚焦两大板块,Wind
2021-08-03,市场资金面周观察：股市流动性回升 北上资金波动变大,新浪
2021-08-03,阿里巴巴：第一财季营收2054.7亿元，同比增34%,Wind
2021-08-03,北上资金不惧调整逆势增仓，三季度重拾传统“大白马”,Wind
2021-08-03,2000亿芯片龙头跌停！本轮科技股行情拐点到了吗？,Wind
2021-08-03,游戏股崩了！半导体锂电重挫，千亿大白马跌10%,Wind
2021-08-03,恒生科技指数跌2.36%，热门科技股走低,Wind
2021-08-03,疫苗股持续走强，西藏药业涨停,Wind
2021-08-03,【异动股】复星医药(02196.HK)涨3.05%,财华社
2021-08-03,美国疫情“爆表”！两大药企突然上调疫苗价格，投资逻辑巨变,Wind
2021-08-02,复星医药：旗下复星诊断向郑州捐赠十万人份新冠核酸试剂,e公司
2021-08-02,北向资金7月动向：重点进攻高景气成长制造主线，周期性行业遭抛售,Wind
2021-08-02,复星医药(02196.HK)：于2021年7月30日，本公司收到中国证监会,新浪
2021-08-02,复星医药：中国证监会核准非公开发行新股（A股）,Wind
2021-08-02,2021年8月份上海证券研究所投资组合报告,新浪
2021-08-02,复星医药(02196.HK)非公开发行A股申请获中国证监会核准批复,格隆汇
2021-08-02,回眸大健康——2021年7月医药大事记,中国经济网
2021-08-02,复星医药：证监会核准公司非公开发行新股不超过1.28亿股,每日经济新闻
2021-08-02,复星医药(600196.SH)非公开发行A股股票申请获中国证监会核准批复,智通财经
2021-08-02,A股资金流向（8月2日）：高切低痕迹明显，资金转战超跌价值股,Wind
2021-08-02,复星医药：非公开发行A股申请获中证监核准批复,财联社
2021-08-02,复星医药(600196.SH)：非公开发行A股申请获中证监核准批复,格隆汇
2021-08-02,医药行业周报：政策担忧不改医药高景气 疫情爆发带来疫苗阶段性机会,新浪
2021-08-02,疫苗股集体跳水，智飞生物跌近6%,Wind
2021-08-02,A股融资融券日报：两融余额减少7.74亿元（7月30日）,Wind
2021-08-01,最新中国医药工业100强揭晓！,汇聚南药
2021-07-31,会员动态 | 天汇资本及部分已投企业家走进复星医药总部,同写意
2021-07-31,医药行业周报：器械政策频出 创新引领未来,新浪
2021-07-30,医药生物行业2020年报及2021年一季报总结分析：年报景气度分化 一季报复苏回暖,新浪
2021-07-30,【2196】复星医药获准非公开发行不超过1.28亿股A股 | 头条金融网,头条日报
2021-07-30,A股资金流向（7月30日）：白酒“信仰崩塌”连遭抛售,Wind
2021-07-30,复星医药：“18复药01”回售金额为人民币9.75亿元，拟转售,Wind
2021-07-30,上海复星医药集团：“18复药01”回售金额近9.75亿元,Wind
2021-07-30,复星医药翻红，带领港股医药板块企稳，恒生医疗ETF（513060）近10日流入9000万元,资本邦
2021-07-30,【行情】新冠疫苗板块午后持续拉升，复星医药涨超9%，未名医药、国药股份涨逾6%，沃森生物、赛升药业、康希诺、万泰生物等集体冲高,金十数据
2021-07-30,复星医药午后大幅走高：A股逼近涨停，H股涨超5%,新浪
2021-07-30,复星医药AH股联袂拉升,Wind
2021-07-30,抗疫概念午后再度走高，博晖创新封板,Wind
2021-07-30,复星医药参股成立创业投资合伙企业，注册资本4.05亿,搜狐
2021-07-30,每日理财观察：发改委进一步完善分时电价机制,Wind
2021-07-29,医药生物2021年8月策略：布局业绩确定 估值合理标的,新浪
2021-07-29,金融街下午茶2021年7月29日星期四,Wind
2021-07-29,北向资金今日净买入逾42亿元，比亚迪、东方雨虹净买入居前,Wind
2021-07-29,港股高开高走强势收涨，恒生科技指数暴涨8%,Wind
2021-07-29,抗疫概念股集体走高 复星医药涨超8%,新浪
2021-07-29,复星医药：拟投资2.3亿设立基金投资生物医药领域企业,资本邦
2021-07-29,【行情】复星医药港股午后涨幅扩大至10%，A股复星医药涨6.7%，此前辉瑞上调复必泰疫苗销量预期,金十数据
2021-07-29,【行情】抗病毒概念股早盘再度拉升，沃森生物涨超9%，康希诺涨逾7%，博晖创新、金域医学、万泰生物、复星医药跟涨,金十数据
2021-07-29,疫苗股强势上攻，沃森生物大涨9%,Wind
2021-07-29,北向资金动向盘点：“军工”连续五日净卖出,Wind
2021-07-29,聪明钱回来了，抄底逾80亿元，增持行业、个股曝光（名单）,21世纪经济报道
2021-07-29,三胎概念逆市爆发，高增长潜力名单出炉（附股）,Wind
2021-07-28,晚间重要公告2021年7月28日星期三,Wind
2021-07-28,【公告抢先看】晚间重要公告：*ST赫美股价异动 29日起停牌核查、中鼎股份子公司获理想汽车X03项目定点,金融界
2021-07-28,复星医药(02196.HK)：复星通睿基金已完成首轮募集,格隆汇
2021-07-28,晚间公告｜7月28日这些公告有看头,第一财经
2021-07-28,复星医药(02196)：复星通睿基金已完成首轮募资4.05亿元,智通财经
2021-07-28,复星医药(02196.HK)参与设立私募股权投资基金发掘中早期生物医药成长性企业,格隆汇
2021-07-28,北向资金今日净买入80.53亿元，东方雨虹获净买入近12亿元,Wind
2021-07-28,复星医药：拟出资2.3亿元参与设立基金,中证网
2021-07-28,复星医药(600196.SH)拟参设私募股权基金投资中早期生物医药领域,智通财经
2021-07-28,复星医药：2.3亿元参设基金 投资中早期生物医药领域,e公司
2021-07-28,复星医药(600196.SH)：拟参设私募股权投资基金以参股投资中早期生物医药领域的成长性企业,格隆汇
2021-07-28,德尔塔病毒载量超原始毒株1000倍，加强针箭在弦上，谁家疫苗最有希望？,华夏时报
2021-07-28,【异动股】复星医药(02196.HK)涨3.48%,财华社
2021-07-28,复星医药(02196.HK)拟设立目标基金以经营创业投资及股权投资业务,财华社
2021-07-28,北向资金动向盘点：净卖不过才40亿，抛压为什么那么大,Wind
2021-07-27,21深度｜mRNA缘何成“海王”？引得国内药企争相“联姻”入局,21世纪经济报道
2021-07-27,关于核准上海复星医药（集团）股份有限公司非公开发行股票的批复,证监会
2021-07-27,"复星医药现2笔大宗交易 共成交2,330.94万元",新浪
2021-07-27,复星医药今日大宗交易成交33.88万股，成交价68.8元溢价0.0%,Wind
2021-07-27,北向资金今日净卖出41.72亿元，贵州茅台遭净卖出逾10亿元,Wind
2021-07-27,大摩：降复星医药、三生制药、东阳光药及华润医疗评级至“与大市同步” 投资评级恶化,格隆汇
2021-07-27,A股融资融券日报：两融余额减少6.08亿元（7月26日）,Wind
2021-07-27,北向资金净流出超百亿创年内新高，连续出逃京东方，抄底这些个股（名单）,21世纪经济报道
2021-07-27,北向资金动向盘点：净卖第一不是食品饮料，更不是医药,Wind
2021-07-26,“放弃”科创板转港股，又被发回，艾美疫苗成色受质疑，九成营收靠两款“老产品”,经济观察网
2021-07-26,北向资金大幅净卖出128.02亿元 复星医药净买入额居首,新浪
2021-07-26,北向资金 | 合计净流出128.02亿元，净买入复星医药3.18亿元,上游新闻
2021-07-26,北向资金净卖出创近一年新高，京东方A遭净卖出10.53亿元居首,Wind
2021-07-26,权重砸盘，漂亮50创新低，发生了什么？,Wind
2021-07-26,恒指收盘放量大跌4.13%险守26000点，刷新去年12月23日以来新低,Wind
2021-07-26,A股收盘综述：消费、金融全线杀跌，芯片股尾盘暴拉,Wind
2021-07-26,【行情】复星医药A股午后触及跌停，成交额42.95亿元,金十数据
2021-07-26,A股午盘综述：三大指数均跌逾2%，茅指数、宁组合集体大跌,Wind
2021-07-26,A股融资融券日报：两融余额减少25.75亿元（7月23日）,Wind
2021-07-26,北上资金重点加仓名单来了！22股连续七周加仓,Wind
2021-07-25,心系河南灾区 复星医药火速驰援急需医疗物资,金融界
2021-07-24,电报｜复星集团杨朔:区块链面要向产业做杀手级应用,财联社
2021-07-24,数据驱动创新系列：有关AI制药的4问4答,新浪
2021-07-23,"华熙生物氨氮和化学需氧量排放低,65%的上市药企研发占比小于",搜狐
2021-07-23,A股震荡下行超46亿外资暂时撤离，新能源产业链股遭大幅抛售,Wind
2021-07-23,复星医药AH股齐升H股涨超3%续创历史新高,格隆汇
2021-07-23,港股早评：恒指微幅高开0.06%恒大系继续反弹复星医药开涨2.5%有望再创新高,格隆汇
2021-07-23,复星医药等31股获融资净买入超亿元,证券时报网
2021-07-23,A股融资融券日报：两融余额增加93.49亿元（7月22日）,Wind
2021-07-23,每日理财观察：新时代推动中部地区高质量发展的意见发布,Wind
2021-07-23,北向资金连续4日净流入A股；7.58亿资金出逃，“药茅”片仔癀跌停,21世纪经济报道
2021-07-23,北向资金动向盘点：重手净买金融，大额净卖医药,Wind
2021-07-22,TOP30基金手中的1.1万亿在二季度买了啥？9只个股二季度涨幅超100%,新浪
2021-07-22,北向资金连续4日“买买买”累计加仓超160亿，歌尔股份净买入额创逾7个月新高,Wind
2021-07-22,A股收盘综述：两市成交超1.3万亿元，新能源车产业链热度不减,Wind
2021-07-22,【行情】辅助生殖板块午后持续走弱，长春高新跌超6%，复星医药、共同药业、麦迪科技跟跌,金十数据
2021-07-22,基金抱团50强出炉！顶流扎堆增持股曝光,Wind
2021-07-22,A股午盘综述：两市半日成交超8000亿元，北向资金净买入近70亿元,Wind
2021-07-22,港股早评：恒指高开0.88%石油股、科技股强势复星医药开涨2%有望再创新高,格隆汇
2021-07-22,安信国际晨报：汽车板块维持景气，优质消费板块值得布局,安信国际
2021-07-22,A股融资融券日报：两融余额增加100.15亿元（7月21日）,Wind
2021-07-21,北向资金今日净买入31.17亿元，东方财富获净买入逾11亿元,Wind
2021-07-21,百合佳缘喜获复星集团两项大奖,东方网
2021-07-21,Tenapanor慢性肾病适应症上市受挫 Ardelyx股价暴跌73.9% 连续下跌,Insight数据库
2021-07-21,新能源半导体高歌猛进，20多个板块涨逾4%,Wind
2021-07-21,复星医药AH股齐创历史新高 新冠疫苗“复必泰”上市将近,格隆汇
2021-07-21,辅助生殖技术获政策助推，概念股大涨，市场成长空间广阔,第一财经
2021-07-21,港股异动 | 抗疫概念股早盘走高 复星医药(02196)、开拓药业-B(09939)均涨超5%,智通财经
2021-07-21,【异动股】复星医药(02196.HK)涨3.68%,财华社
2021-07-21,生物医药行业周报：即将进入中报季 推荐关注业绩确定性强的标的,新浪
2021-07-21,每日理财观察：LPR连续15个月不变，三孩生育政策公布,Wind
2021-07-21,A股融资融券日报：两融余额增加20.89亿元（7月20日）,Wind
2021-07-21,北向资金动向盘点：继续买入医药，重回“新能源车”,Wind
2021-07-21,复星医药：与江苏众强签署曲前列尼尔注射液全国独家销售代理协议,36氪
2021-07-21,海外疫情反弹扰动市场，医药股成资金追逐焦点,Wind
2021-07-20,主力资金近5日加仓复星医药近15亿，大幅抛售比亚迪87亿,第一财经
2021-07-20,连续3日净买入复星医药获沪股通净买入14.79亿元,证券时报网
2021-07-20,北向资金 | 合计净流入30.65亿元，恒瑞医药、万华化学、复星医药净买入居前,上游新闻
2021-07-20,北向资金今日净流入30.65亿元 恒瑞医药获加仓5.7亿元,第一财经
2021-07-20,北向资金今日净买入30.65亿元，持续加仓医药股,Wind
2021-07-20,安信国际晨报：关注内房股流动性风险,安信国际
2021-07-20,复星医药(600196.SH)：复锐医疗科技拟配股净筹6.15亿港元,格隆汇
2021-07-20,复星医药：附属公司订立配售协议,Wind
2021-07-20,复星医药(02196.HK)附属公司订立配售协议,格隆汇
2021-07-20,复星医药：控股子公司根据一般性授权配售股份,Wind
2021-07-20,北向资金动向盘点：重手买入“医药”，谨防“德尔塔”,Wind
2021-07-19,两家药企获北向资金大手笔增持,制药网
2021-07-19,郭广昌继续重仓海南，400亿欲将海航收入囊中？,观察者网
2021-07-19,北向资金今日净买入近44亿元，持续加仓白酒、医药股,Wind
2021-07-19,艾德证券期货：复星医药股价创历史新高，“复必泰”有望加速落地？,新浪
2021-07-19,A股资金流向（7月19日）：资金避高就低，医药、白酒龙头重获资金青睐,Wind
2021-07-19,李浩德：复星医药近期五大利好盘点,凤凰网
2021-07-19,医药行业2021年中期投资策略：创新为行业长期发展主旋律 聚焦相关高景气、高尖端细分领域,新浪
2021-07-19,29股获北向资金增持额超亿元，两家药企增持市值亮眼,制药网
2021-07-19,复星医药董事长兼CEO吴以芳入选《福布斯2021中国最佳CEO榜》,大众证券报
2021-07-19,【异动股】复星医药(02196.HK)涨4.1%,财华社
2021-07-19,复星医药等29股获北向资金增持额超亿元,证券时报网
2021-07-19,复星医药(02196.HK)获摩根大通增持145.7万股,格隆汇
2021-07-19,康泰生物布局mRNA人用传染病疫苗项目,全景网
2021-07-18,162个药将停止报销,赛柏蓝
2021-07-18,康泰生物子公司与嘉晨西海合作 联合布局mRNA人用传染病疫苗,e公司
2021-07-18,【周末特辑】国金研究十大热门研报,国金证券研究所
2021-07-17,香港恒指午间休盘跌1.59%，复星医药盘中刷新历史高点,36氪
2021-07-17,复星医药涨超5%，股价创历史新高,36氪
2021-07-16,港股收评｜恒指平收，港交所涨近4％，小米集团涨近5％,腾讯网
2021-07-16,医药生物行业周报：公立医院高质量发展试点先行 加快优质医疗资源扩容布局,新浪
2021-07-16,陆股通净卖出41.44亿元（附名单）,证券时报网
2021-07-16,北向资金净卖出宁德时代逾9亿元，这些股获加仓,第一财经
2021-07-16,【权益变动】复星医药(02196.HK)获摩根大通增持145.677万股,财华社
2021-07-16,最新出炉！7月16日沪深股通净流出41.45亿，复星医药被逆势买入7.92亿！,每日经济新闻
2021-07-16,北向资金再度净卖出超41亿，新能源产业链股遭大幅抛售,Wind
2021-07-16,港股收盘(7.16)|恒指收涨0.03% 二季度销量超越苹果 小米(01810)涨近5%领涨蓝筹,智通财经
2021-07-16,【行情】BioNTech盘前涨1.1%，复星医药近期透露，复必泰疫苗已通过药监局专家评审,金十数据
2021-07-16,江苏、上海集采|广东多家药企退市|新冠疫苗|强生|阿斯利康|荣昌生物|复星医药,艾美达行业研究
2021-07-16,【港股通】复星医药(02196)涨近8% 据报药监局对“复必泰”审定工作已经基本完成,和讯
2021-07-16,港股生物医药股走强，复星医药涨超8%,Wind
2021-07-16,港股异动 | 复星医药(02196)再涨超5% 汇丰称多项业务可带动增长 上调目标价52.2%,智通财经
2021-07-16,汇丰：上调复星医药(02196.HK)目标价至70港元 评级买入,中金在线
2021-07-16,汇丰研究：复星医药维持买入评级 目标价升至70港元,新浪
2021-07-16,汇丰研究：大幅调升复星医药(02196)目标价52.2%至70港元 维持“买入”评级,智通财经
2021-07-16,【异动股】复星医药(02196.HK)涨3.72%,财华社
2021-07-16,21健讯Daily｜11省份试点推动公立医院高质量发展；复星医药获治疗新冠药物商业化权益；Moderna市值首破千亿美元,21世纪经济报道
2021-07-16,Teva重磅药申报上市；维迪西妥单抗新适应证或将上市；开拓药业合作复星医药商业化新冠药物,GBIHealth
2021-07-16,思维独角兽 | 三星电子为大众汽车供应汽车芯片;立昂微：上半年净利同比预增166%-182%,投资者网
2021-07-15,5.6亿元！开拓药业与复星医药就「普克鲁胺」治疗新冠在印度和非洲的商业化达成合作,医药魔方Info
2021-07-15,复星医药(02196)：2018年公开发行公司债券(第一期)实施回售,智通财经
2021-07-15,复星医药(02196.HK)：“18复药01”票面利率将调整为3.5%,格隆汇
2021-07-15,港股收盘(7.15)|恒指收涨0.75% 央行释放流动性超预期 内银、内险股集体爆发,智通财经
2021-07-15,开拓药业、复星医药就普克鲁胺治疗新冠在印、非等29国商业化达成合作,观察者网
2021-07-15,解盘：金融拉指数，白酒、保险、光伏屋顶领涨,Wind
2021-07-15,复必泰有望成为国内加强针 复兴医药称专家评审已过：或免费接种,快科技
2021-07-15,中报大超预期，这家“医美+牙科”概念股前景如何？,新浪
2021-07-15,mRNA新冠疫苗通过专业评审！复星医药早盘强势上涨近7%，恒生医疗ETF近10天犀利吸金7400万元！,资本邦
2021-07-15,A股异动：复星医药涨近5%，旗下新冠疫苗“复必泰”已通过专业评审,证券之星
2021-07-15,复星医药(02196.HK)涨逾5%,中金在线
2021-07-15,【异动股】复星医药(02196.HK)涨6.02%,财华社
2021-07-15,港股异动 | 复星医药(02196)涨超7% 报道称mRNA新冠疫苗“复必泰”通过专业评审,智通财经
2021-07-15,复星医药5.6亿买断国产新冠口服药非洲、印度权益，它会是下一个mRNA疫苗吗？|见智研究所,华尔街见闻
2021-07-15,买断国产新冠口服药非洲、印度权益 复星医药开盘大涨近5%,新浪
2021-07-15,复星医药涨逾5% “复必泰”通过中国药监局的专家评审,新浪
2021-07-15,21健讯Daily｜国内首款mRNA新冠疫苗通过专家评审；全球首款国产双载体13价肺炎疫苗即将获批；华大基因上半年净利同比预降27%-39%,21世纪经济报道
2021-07-15,港股异动 | 开拓药业-B(09939)高开逾7% 与复星医药就普克鲁胺治疗新冠在印度及非洲商业化达成合作,智通财经
2021-07-15,安信国际晨报：美联储不急于Tapering，大市反弹势头未改,安信国际
2021-07-15,开拓药业(09939.HK)和复星医药(02196.CN)就普克鲁胺治疗新冠在印、非达成商业化合作,财华社
2021-07-15,开拓药业-B(09939.HK)与复星医药就普克鲁胺治疗新冠在印度和非洲商业化达成合作,格隆汇
2021-07-14,快讯｜舍得酒业：预计2021年与复星集团等日常关联交易不超过6800万元,财经网
2021-07-14,医药生物行业周报：医药板块估值已具备吸引力 建议长期配置优质赛道,新浪
2021-07-14,【异动股】复星医药(02196.HK)涨3.04%,财华社
2021-07-14,年门诊量260万的三甲民营医院改名了！,新浪
2021-07-14,港股异动|开拓药业-B(9939.HK)高开7.77%与复星医药就普克鲁胺治疗新冠在印度和非洲商业化达成合作,格隆汇
2021-07-14,二线白酒股太牛了！复星系“入主”舍得酒业带动市值飙涨超600亿，山西汾酒创下近10来最好成绩,中国基金报
2021-07-13,沪深港通资金医药股流向数据库,新浪
2021-07-13,智飞生物参股公司细胞治疗实体瘤获突破 CD70靶点肾细胞癌获临床申请受理,e公司
2021-07-13,大行评级|瑞信：维持复星医药(2196.HK)优于大市评级目标价68港元,格隆汇
2021-07-13,上海区域股市周报：1亿融资买入韦尔股份复 星医药跌出板块市值9强,每日经济新闻
2021-07-13,2021券商医药行业动态（第28周）,Wind
2021-07-13,复星系“入主”即迎“开门红”舍得酒业上半年净利预增逾3倍,财联社
2021-07-13,复星医药向台湾供应新冠疫苗；八省二区集采结果公布；百济、诺华合作国内医院,GBIHealth
2021-07-13,上市公司正负面新闻2021年7月13日星期二,Wind
2021-07-12,复星医药定增申请获批 已剥离旗下涉房业务,中新经纬
2021-07-12,盘后公告集锦|盛屯矿业：上半年净利同比最高预增超20倍,财联社
2021-07-12,晚间重要公告2021年7月12日星期一,Wind
2021-07-12,复星医药(02196.HK)：于2021年7月12日，中国证监会发行审核委,新浪
2021-07-12,复星医药(02196.HK)非公开发行A股股票申请获中国证监会审核通过,财华社
2021-07-12,上海复星医药将向台湾供应1000万剂mRNA新冠疫苗丨医麦猛爆料,医麦客News
2021-07-12,复星医药：定增申请过会,中证网
2021-07-12,复星医药(02196.HK)：A股定增申请获中国证监会审核通过,格隆汇
2021-07-12,复星医药(600196.SH)非公开发行A股股票申请获证监会审核通过,智通财经
2021-07-12,复星医药(600196.SH)：非公开发行股票获证监会发行审核委员会审核通过,格隆汇
2021-07-12,复星医药：非公开发行A股股票申请获得中国证监会审核通过,Wind
2021-07-12,医药行业一周观察：板块大幅调整 如何看待创新药和CXO的未来,新浪
2021-07-12,财经药点｜上半年国内上市药企市值Top20揭晓，两制药龙头市值一升一降,中国医药报
2021-07-12,医药生物行业创新药周报：丽珠集团V-01新冠疫苗中和抗体滴度高 保护力持久,新浪
2021-07-12,【异动股】复星医药(02196.HK)涨4.57%,财华社
2021-07-12,复星医药发布控股子公司许可项目进展,电鳗快报
2021-07-12,将向台湾地区供1000万剂mRNA疫苗 复星医药涨逾4%,新浪
2021-07-12,【行情】A股复星医药涨3.29%,金十数据
2021-07-12,恒指高开1.2%，中兴通讯涨超9%,Wind
2021-07-12,小K播早报！国家能源局：储能发展政策正加紧制定复星医药签署千万剂新冠疫苗销售协议,财联社
2021-07-12,复星医药：复星实业将向台积电、鸿海、永龄基金会委托的裕利医药销售共计1000万剂mRNA新冠疫苗,Wind
2021-07-12,复星医药(02196.HK)：复星实业将向台积电等委托的裕利医药销售1000万剂mRNA新冠疫苗,格隆汇
2021-07-12,复药(02196.HK)(600196.CN)与台积电鸿海签协议供应新冠疫苗,财华社
2021-07-11,官宣！台积电、郭台铭出手，复星医药将向台湾地区供1000万剂mRNA疫苗,21世纪经济报道
2021-07-11,复星医药(600196.SH)：复星实业将向台积电、鸿海等销售1000万剂mRNA 新冠疫苗,智通财经
2021-07-11,每经21点丨暴雨预警升级！中国气象局启动Ⅲ级应急响应；复星医药：控股子公司将向裕利医药销售1000万剂mRNA新冠疫苗,每日经济新闻
2021-07-11,复星医药：将向裕利医药销售共计1000万剂mRNA新冠疫苗,Wind
2021-07-09,产经报道｜国内首款CAR-T获批，细胞疗法仍在途中,财经网
2021-07-09,复星医药(02196)：2020年度A股每股现金红利0.43元,智通财经
2021-07-09,复星医药(02196.HK)将派发A股每股现金红利0.43元,格隆汇
2021-07-09,复星医药现2笔大宗交易 共成交884.04万元,新浪
2021-07-09,复星医药今日大宗交易成交13.90万股，成交价63.6元溢价0.0%,Wind
2021-07-09,复星医药：2020年度A股权益分派10派4.3元股权登记日为7月16日,财联社
2021-07-09,复星医药(600196.SH)2020年度A股权益分派10派4.3元 股权登记日为7月16日,格隆汇
2021-07-09,复星医药(600196.SH)A股将于7月19日分红 每股派0.43元,智通财经
2021-07-08,复星医药：本集团实际对外担保金额按2021年7月8日汇率折合人民币约约201.68亿元 大额借贷担保,每日经济新闻
2021-07-08,"复星医药现1笔大宗交易 共成交1,500.92万元",新浪
2021-07-08,复星医药(02196)拟为复星医药产业不超过8000万欧元贷款提供担保 大额借贷担保,智通财经
2021-07-08,复星医药今日大宗交易成交23.90万股，成交价62.8元溢价0.0%,Wind
2021-07-08,复星医药(02196.HK)为控股子公司提供担保 大额借贷担保,格隆汇
2021-07-08,"【行情】港股药品股持续下挫，翰森制药跌8.32%，精优药业跌8.21%，四环医药跌7.51%，康龙化成跌7.26%，德琪医药-B跌7.23%，复星医药跌5.74%，京东健康跌超5%
连续下跌",金十数据
2021-07-08,集采常态化加速行业洗牌 药企抢占新药与非医保赛道,证券时报网
2021-07-08,复星医药7月7日现4笔大宗交易,证券时报网
2021-07-07,中国首款！髋膝多应用智能手术机器人亮相,器械之家
2021-07-07,"复星医药现4笔大宗交易 共成交7,200.00万元",新浪
2021-07-07,复星医药今日大宗交易成交110.94万股，成交价64.9元溢价0.0%,Wind
2021-07-07,【招商医药】新冠疫苗系列跟踪报告：病毒变异、序贯接种及非注射剂型观点,招商医讯
2021-07-07,医药股猛跌主题基金齐挫，行情结束了吗？,时代在线
2021-07-07,策略日报：指数尾盘拉升 科技、医药板块回落,新浪
2021-07-07,肿瘤创新药或有更高临床研发要求，行业巨变？复星医药等大跌,南都报
2021-07-07,A股融资融券日报：两融余额减少3.13亿元（7月6日）,Wind
2021-07-07,恒指震荡收跌 医疗保健板块领跌,经济参考报
2021-07-07,每日理财观察：中办国办发布意见，依法从严打击证券违法活动,Wind
2021-07-07,港股盘前必读：香港交易所将推出全新招股平台FINI以全面简化IPO程序,Wind
2021-07-07,港股投资日历：小鹏汽车、朝聚眼科今日上市,Wind
2021-07-07,创新药门槛提高： CDE新政剑指研发同质化 力推“中国首创”,21世纪经济报道
2021-07-06,21医政解读｜谁在裸泳、谁真创新？CDE新政剑指研发同质化力推“中国首创”,21世纪经济报道
2021-07-06,医药股集体暴跌原因找到了！,Wind
2021-07-06,金融街下午茶2021年7月6日星期二,Wind
2021-07-06,滴滴股价跌30%，蒸发1400亿！医药股集体崩跌，真相找到了,Wind
2021-07-06,A股资金流向（7月6日）：超160亿元资金撤离医药、半导体行业,Wind
2021-07-06,恒指收跌0.25%录得六连跌，医药股大跌,Wind
2021-07-06,A股收盘综述：上证指数探底回弹小幅录跌，CRO指数再挫7%,Wind
2021-07-06,中银证券给予复星医药增持评级：全面布局创新，有望获国内mRNA疫苗第一签,每日经济新闻
2021-07-06,刚刚，“区块链第一股”自曝亏损115亿！医药巨头集体跳水，龙头砸出深坑，主力资金猛砸这些股 重大损失,e公司
2021-07-06,医药股集体崩了！这指数跌近9%，5000亿白马闪崩近14%,Wind
2021-07-06,复星医药跌停，成交额42.3亿元,中新经纬
2021-07-06,A股午盘综述：上证指数跌0.53%，医药板块大调整、CRO指数下挫近9%,Wind
2021-07-06,医药股全线暴跌 药明生物及复星医药均跌超10% 连续下跌,新浪
2021-07-06,医药板块大幅下挫，皓元医药等大跌，复星医药跌停 连续下跌,证券时报网
2021-07-06,港股异动：港股药品板块大跌，复星医药、药明生物大跌11% 连续下跌,证券之星
2021-07-06,资金流向分析,新浪
2021-07-06,快讯：医美概念持续下挫 复星医药、奥园美谷跌停 连续下跌,新浪
2021-07-06,复兴医药A股触及跌停，主力净流出7亿元,Wind
2021-07-06,恒生医疗保健业指数大跌6.5%，多只权重医药股跌逾10%,Wind
2021-07-06,【行情】港股药品板块持续下挫，复星医药、药明生物与锦欣生殖跌超10%，信达生物与康龙化成跌近9% 连续下跌,金十数据
2021-07-06,港股医药板块持续走弱，恒生医疗保健业指数下挫4.7%,Wind
2021-07-06,药品板块持续下探 复星医药(02196)跌6.26%,和讯
2021-07-06,泰格医药再度大跌超6%，药明康德、复星医药、微芯生物等纷纷下滑,Wind
2021-07-06,A股融资融券日报：两融余额增加81.53亿元（7月5日）,Wind
2021-07-06,白酒行情过山车幕后，基金经理持仓何来“默契”？,Wind
2021-07-05,医药行业每周医览药闻：关注结构性机会 把握高确定性,新浪
2021-07-05,A股融资融券日报：两融余额减少58.92亿元（7月2日）,Wind
2021-07-05,上海复星医药（集团）股份有限公司关于非公开发行A股股票发审委会议准备工作告知函回复的公告,中证报
2021-07-02,"复星医药氮氧化物和二氧化硫年排放百吨,通策医疗温室气体排放少",搜狐
2021-07-02,心玮医疗通过聆讯：复星医药在上市前退出，还因涉嫌专利侵权被告 诉讼纠纷,凤凰网
2021-07-02,美国4000名疫情前线工作者，揭秘mRNA疫苗真实数据丨医麦猛爆料,医麦客News
2021-07-02,【异动股】复星医药(02196.HK)涨3.27%,财华社
2021-07-02,A股融资融券日报：两融余额减少101.12亿元（7月1日）,Wind
2021-07-01,500亿大品种，这些药企领跑,赛柏蓝
2021-07-01,医药生物行业月报：关注中报预期的投资机会,新浪
2021-07-01,医美板块发力，昊海生科涨近7%,Wind
2021-06-30,两江新区又添一创新中心，星光国际精准医疗创新中心项目签约落地,上游新闻
2021-06-30,每日“药”闻|CXCR4抑制剂临床失败，复星医药近亿元打水漂；信达生物布局ADC,读懂财经
2021-06-30,舍得酒业确定新的领导班子 融入复星系推动高质量发展,上证报
2021-06-30,74只港股获南向资金大比例持有,证券之星
2021-06-30,A股融资融券日报：两融余额增加21.38亿元（6月29日）,Wind
2021-06-29,294家医药公司分红582亿！恒瑞攒钱研发，迈瑞慷慨，云南白药分近50亿，Biotech几乎不分！,E药经理人
2021-06-29,CXCR4 抑制剂III期研究失败，复星医药拥有中国权益,医药魔方Info
2021-06-29,沪港通十大成交活跃股排名（6月29日）,Wind
2021-06-29,抗癌龙龙头突然大跌14%，两大传闻突袭！ 连续下跌,Wind
2021-06-29,两大传闻突袭，抗癌龙头突然暴跌14%,Wind
2021-06-29,北向资金今日净卖出31.39亿元，贵州茅台获净买入额3.17亿元,Wind
2021-06-29,医药生物行业周报：第五批集采结果发布 注射剂成为主力剂型,新浪
2021-06-29,A股融资融券日报：两融余额增加94.84亿元（6月28日）,Wind
2021-06-29,A股早报2021年6月29日星期二,Wind
2021-06-29,北向资金动向盘点：逢涨大额减持猪肉股,Wind
2021-06-29,机构上调宁德时代目标价至600元，北向资金却大幅抛售3.91亿,21世纪经济报道
2021-06-28,【主力资金】主力紧急抢筹两大白马股，买入资金超20亿元,搜狐
2021-06-28,主力紧急抢筹复星医药和比亚迪 买入资金超20亿元,新浪
2021-06-28,数据复盘｜龙虎榜机构抢筹15股 复星医药获主力资金大幅加仓,证券时报网
2021-06-28,复星医药：拟为控股子公司复星医药产业提供担保,Wind
2021-06-28,复星医药：拟为控股子公司复星医药产业提供不超过1亿元担保,每日经济新闻
2021-06-28,A股资金流向（6月28日）：短线热门股遭资金抛售,Wind
2021-06-28,划时代意义的治疗产品？复星医药涨停逼近历史新高,证券之星
2021-06-28,异动股揭秘：生物疫苗个股异动 复星医药触及涨停,ZAKER
2021-06-28,【港股通】复星医药(02196)盘中涨超9% 我国首个细胞治疗类产品成功获批上市,和讯
2021-06-28,港股异动 | 复星医药(02196)A股涨停H股涨超10% 复星凯特CAR-T细胞治疗产品近日获批上市,智通财经
2021-06-28,【异动股】复星医药(02196.HK)涨6.71%,财华社
2021-06-28,板块异动 | 医药股走高 昊海生物科技涨逾23%复星医药涨7%,金融界
2021-06-28,我国首个细胞治疗类产品成功获批 复星医药逼近涨停,新浪
2021-06-28,疫苗板块走强 复星医药逼近涨停,e公司
2021-06-28,疫苗板块午后发力，复星医药逼近涨停,Wind
2021-06-28,【行情】中药股早盘持续拉升，仁和药业逼近涨停，马应龙、同仁堂、广誉远等集体涨超9%，复星医药涨超6%，中新药业、白云山等跟涨,金十数据
2021-06-26,国内首款CAR-T产品获批上市 患者用得起吗,经济观察网
2021-06-25,首款CAR-T获批小玩家却笑不出来 监管严可能只有3张“门票”怎么办？,经济观察报
2021-06-25,医药行业2021年半年度投资策略：医改新常态下 紧扣创新+消费投资主线,渤海证券
2021-06-25,中信证券：预计带量采购对未来市场冲击边际减小，创新研发将成药企发展核心,证券时报网
2021-06-25,产品定价几许 引发关注,南方日报
2021-06-25,南向资金高比例持有港股名单,证券之星
2021-06-24,34股获买入评级 最新:司 太 立,中财网
2021-06-24,医药行业重大事项点评：第五批国采拟中选结果产生 注射剂集采大幅提速,新浪
2021-06-24,人民金融·创新药指数涨1.32% | 6月创新药集中获批上市，今年半年获批的创新药数量已接近去年全年水平,证券时报网
2021-06-24,复星医药(600196)：CAR-T首家上市 先发优势望奠定龙头地位,新浪
2021-06-24,浙商证券：复星医药（600196.SH）CAR~T首家上市，先发优势有望奠定龙头地位，维持“买入”评级,智通财经
2021-06-24,浙商证券维持复星医药买入评级，复星医药事件点评：CAR-T首家上市，先发优势望奠定龙头地位,每日经济新闻
2021-06-24,中泰证券给予复星医药买入评级，首个国产CAR-T获批，开启细胞治疗商业化元年,每日经济新闻
2021-06-24,开盘：恒指高开0.17%，医药股再度上扬，港股复星医药涨超1%,金融界
2021-06-24,A股融资融券日报：两融余额增加57.06亿元（6月23日）,Wind
2021-06-24,6月23日30只个股获券商关注，先河环保目标涨幅达50.92%,每日经济新闻
2021-06-24,港股公告精选：重庆钢铁股份拟35.51亿元购买长寿钢铁的铁前资产,Wind
2021-06-24,复星医药(600196)：首家CAR-T获批上市+进入细胞治疗领域,新浪
2021-06-24,智通港股早知道︱(6月24日)第五批国家药品集采平均降价56%，小鹏汽车通过港交所上市聆讯,智通财经
2021-06-23,晚间重要公告2021年6月23日星期三,Wind
2021-06-23,复星医药：本公司孙公司药物上市注册申请获国家药监局批准,Wind
2021-06-23,复星医药(02196.HK)：复星凯特奕凯达上市注册申请获国家药监局批准,格隆汇
2021-06-23,国内首款CAR-T细胞疗法获批复星医药AH股齐涨,证券之星
2021-06-23,复星医药：更改暂停办理过户期间,Wind
2021-06-23,国内首款CAR-T产品来了 复星医药阿基伦赛注射液正式获批,和讯
2021-06-23,国内首款CAR-T细胞治疗产品获批上市，海外定价242万元，商业化如何落地？,华夏时报
2021-06-23,中国首款CAR-T产品获批上市，国产化大潮要来了吗？,同写意
2021-06-23,医药行业周报：人工关节国采启动 有望加速头部集中,渤海证券
2021-06-23,晚间公告｜6月23日这些公告有看头,第一财经
2021-06-23,复星医药：阿基仑赛注射液获批上市系国内首款CAR-T细胞疗法,财联社
2021-06-23,复星医药(600196.SH)：阿基仑赛注射液获批上市系国内首款CAR-T细胞疗法,格隆汇
2021-06-23,复星医药(600196.SH)：CAR-T细胞治疗产品“阿基仑赛注射液”获药品注册批准,智通财经
2021-06-23,复星医药：复星凯特获药品注册批准,e公司
2021-06-23,科创板最牛新股诞生，纳微科技上市首日暴涨1274%，机构纷纷看好,第一财经
2021-06-23,中国首个CAR-T获批 复星医药AH股齐涨逾5%,中新经纬
2021-06-23,复星医药(600196)重大事项点评：阿基仑赛获批上市 国内首款CAR-T疗法花落复星医药,新浪
2021-06-23,A股罕见！上市第1天疯涨10倍，1签狂赚4.3万,Wind
2021-06-23,复星医药AH股齐拉升复星凯特CAR-T细胞治疗产品获批,格隆汇
2021-06-23,医药股在香港集体爆发 行业多重利好催化审评审批效率提速,新浪
2021-06-23,【异动股】复星医药(02196.HK)涨4.06%,财华社
2021-06-23,港股早评：三大指数均高开药品股全线上涨复星医药开涨逾2%,格隆汇
2021-06-23,国金证券：复星医药（600196.SH）中国首个CART获批，维持“买入”评级,智通财经
2021-06-23,复星医药(02196)：复星凯特CAR-T 细胞治疗产品阿基仑赛注射液获批上市,智通财经
2021-06-23,A股融资融券日报：两融余额增加83.31亿元（6月22日）,Wind
2021-06-23,【国金晨讯】全国碳排放权交易，哪些领域备受关注？复星医药：中国首个CART获批，复星凯特细胞治疗里程碑,国金证券研究所
2021-06-23,5700亿疫苗巨头疯狂扩产，什么信号？疫情惊现两大预期差,Wind
2021-06-23,复星医药(600196.SH)：复星凯特CAR-T疗法正式获批,格隆汇
2021-06-23,【医药】人工关节国采启动，国产龙头有望获益――医药行业周报——中性,渤海证券研究
2021-06-23,中泰证券：药品审评审批“速”“质”提升，全面利好医药行业发展,证券时报网
2021-06-22,《2020年度药品审评报告》解读：药品审评审批“速”“质”提升 全面利好医药行业发展,新浪
2021-06-22,药明康德参股公司Ambrx在纽交所挂牌上市 已被复兴、厚朴投资收购,新浪
2021-06-22,2700亿疫苗巨头大跌，一大传闻突袭？黄金坑来了？,Wind
2021-06-22,复星医药：7月14日举行2021年第二次临时股东大会,Wind
2021-06-22,A股资金流向（6月22日）：周期股获资金回流，科技题材龙头遭抛售,Wind
2021-06-22,A股收盘综述：医药龙头午后爆发，采掘、银行全天强势,Wind
2021-06-22,医药生物行业周观点：关注行业政策及上半年业绩超预期的企业,新浪
2021-06-22,复星医药AH股齐拉升研究显示BNT162b2有效率高达93%高于Moderna疫苗,格隆汇
2021-06-22,【异动股】复星医药(02196.HK)涨3.48%,财华社
2021-06-22,港股复星医药直线拉升，现涨近6%，报57.85港元，其他抗疫概念个股不同程,新浪
2021-06-22,疫苗板块午后转暖，复星医药大涨7%,Wind
2021-06-22,汉光药业孤儿药获批上市；勃林格殷格翰精分新药拟纳入突破性治疗；和黄医药索凡替尼获批新适应证,GBIHealth
2021-06-21,复星系“饮酒”成瘾 旗下投资机构注资走岂清酿,中华网
2021-06-21,电鳗快报|从仿制到创新 新冠疫苗开售 复星医药今年的业绩稳了！,电鳗快报
2021-06-21,【行情】港股医药股集体走低，丽珠医药跌近5%，金斯瑞生物科技跌超2%，中国生物制药、绿叶制药、复星医药跌逾1%，药明生物跟跌,金十数据
2021-06-21,智通港股通占比异动统计|6月21日,智通财经
2021-06-20,【国金医药】创新药周报20210620,医药研选
2021-06-19,医药行业周报：国内首个CAR-T即将获批 如何看CGT领域未来？,新浪
2021-06-18,CAR-T深度报告(一)：CAR-T概念及全球上市CAR-T疗法,新浪
2021-06-18,复星医药(02196)：FCN-098胶囊用于晚期恶性肿瘤治疗开展临床试验获国家药监局批准,智通财经
2021-06-18,复星医药：子公司获药品临床试验批准,e公司
2021-06-18,复星医药(600196.SH)：复创医药抗肿瘤新药FCN-098胶囊获批临床,格隆汇
2021-06-18,复星医药：子公司FCN-098胶囊获批开展临床试验,财联社
2021-06-18,复星系再度加码酒企投资 低度酒新锐成立1年两获融资,和讯
2021-06-17,北向资金今日净买入15.94亿元，芯片、消费电子股获资金大幅抢筹,Wind
2021-06-17,复星医药等24股获北向资金增持额超亿元,证券时报网
2021-06-17,A股融资融券日报：两融余额减少69.57亿元（6月16日）,Wind
2021-06-17,北向资金动向盘点：大额减持白酒，加仓银行,Wind
2021-06-17,每日理财观察：美联储按兵不动，点阵图暗示或提前加息,Wind
2021-06-17,港股盘前必读：顺丰拟分拆顺丰同城赴港上市,Wind
2021-06-17,北向资金增持银行、减持白酒，贵州茅台遭抛售6.75亿元 减持股份,21世纪经济报道
2021-06-17,“清仓”中国核心资产，潘石屹200亿把公司卖了！,Wind
2021-06-16,复星医药(02196)及复星国际(00656)拟按持股比例为FMH合计最高3.5亿元债务提供担保 大额借贷担保,智通财经
2021-06-16,复星医药(02196.HK)为控股子公司提供担保 大额借贷担保,格隆汇
2021-06-16,复星医药：为子公司提供不超过1.925亿元债务担保 大额借贷担保,Wind
2021-06-16,复星医药：为控股子公司FMH提供不超过约1.9亿元担保 大额借贷担保,每日经济新闻
2021-06-16,数据驱动创新系列：AI助力新药研发破局 数据要素定位竞争格局,新浪
2021-06-16,【行情】港股医药板块跌幅扩大，中国中药跌7.7%，歌礼制药跌5.9%，复星医药跌5.2%，石药集团跌3.8%,金十数据
2021-06-16,医药行业周报：安徽省骨科耗材带量采购启动 坚守医药创新逻辑主线,新浪
2021-06-16,A股融资融券日报：两融余额增加53.09亿元（6月15日）,Wind
2021-06-16,【医药】加快社区医院建设，推进医疗服务均衡化――医药行业周报——中性,渤海证券研究
2021-06-15,粤开医药行业周报 | 国家护航基因治疗产品，坚守医药创新逻辑主线,粤开崇利论市
2021-06-15,A股资金流向（6月15日）：主板两只新股疯狂“吸金”,Wind
2021-06-15,恒指弱势震荡收跌0.71%，特步国际冲高回落涨逾20%,Wind
2021-06-15,复星医药大跌7.45% 成交额36.57亿元 连续下跌,中新经纬
2021-06-15,复星医药大跌5.11%，净流出3.37亿元 连续下跌,中新经纬
2021-06-15,60万股民懵了！700亿巨头闪崩跌停！有色钢铁大跌,Wind
2021-06-15,融资客青睐8股，世茂股份买入占比高达54.84%,Wind
2021-06-15,直击复星医药股东大会，公司回应新冠疫苗进展 德国专家已参与改造工厂 8月生产线有望投产,每日经济新闻
2021-06-14,复星集团收购奢侈品鞋履Sergio Rossi,中服网
2021-06-12,直击复星医药股东大会：mRNA新冠疫苗审批进展成焦点,每日经济新闻
2021-06-12,贝达药业PD-1制剂获批临床；复星医药新药获批临试；绿叶制药新药上市申请获受理,GBIHealth
2021-06-12,上市公司正负面新闻2021年6月12日星期六,Wind
2021-06-11,复星医药(02196.HK)：CD19靶点自体CAR-T细胞治疗产品阿基仑赛注射液获批临床,格隆汇
2021-06-11,复星医药(02196)拟派发末期股息每股0.52港元,智通财经
2021-06-11,晚间重要公告2021年6月11日星期五,Wind
2021-06-11,复星医药(02196)：复星医药产业拟对复星凯特进行增资,智通财经
2021-06-11,复星医药(02196)增补选举王全弟为审计委员会委员,智通财经
2021-06-11,股东牵记mRNA疫苗 复星医药董事长吴以芳：希望8月产线建成投产,每日经济新闻
2021-06-11,复星医药：CD19靶点自体CAR-T细胞治疗产品阿基仑赛注射液获批临床,财联社
2021-06-11,复星医药(600196.SH)：CD19靶点自体CAR-T细胞治疗阿基仑赛注射液获临床试验批准,智通财经
2021-06-11,复星医药：复星凯特获药品临床试验批准,Wind
2021-06-11,直击股东大会：复星医药将加大疫苗投入，肿瘤疫苗是重中之重,和讯
2021-06-11,A股资金流向（6月11日）：新能源、疫苗龙头获资金回流,Wind
2021-06-11,从云南白药看医药企业的投资选择,中国医药报
2021-06-11,两家药企强强联手，加强业务往来！,制药网
2021-06-11,A股融资融券日报：两融余额增加67.59亿元（6月10日）,Wind
2021-06-11,评级机构警告：有些制药企业 在大流行机会前 有点丢制药业的脸,腾讯网
2021-06-10,复星医药(600196)：自研与BD并重 加速创新转型,广发证券
2021-06-10,复星医药(02196)：Balixafortide用于与艾立布林联合治疗乳腺癌获临床试验批准,智通财经
2021-06-10,接近舍得的人士表示：举报内容系“有罪推定” 诉讼纠纷,网易
2021-06-10,复星医药：控股子公司获药品临床试验批准,Wind
2021-06-10,复星医药(02196)：复宏汉霖(02696)拟为俩子公司合共不超过2亿元的融资债务提供担保 大额借贷担保,智通财经
2021-06-10,复星医药：复宏汉霖为控股子公司提供两笔共2亿元担保 大额借贷担保,Wind
2021-06-10,复星医药(600196.SH)：Balixafortide联用艾立布林治疗HER2阴性、局部复发或转移性乳腺癌国内获批临床,格隆汇
2021-06-10,复星医药：Balixafortide联用艾立布林治疗HER2阴性、局部复发或转移性乳腺癌国内获批临床,财联社
2021-06-10,复星医药(600196.SH)：抗癌药Balixafortide 开展相关临床试验申请获批,智通财经
2021-06-10,复星医药：为控股子公司提供担保 大额借贷担保,每日经济新闻
2021-06-10,复星医药1.82亿美元引进 CXCR4拮抗剂在中国获批临床,新浪
2021-06-10,私募经理举报舍得酒业股价被操纵，舍得内部人士称无实质证据 诉讼纠纷,Wind
2021-06-10,10倍牛股被大V举报，4000亿白酒新贵也遭质疑 诉讼纠纷,Wind
2021-06-10,两龙头药企，宣布联手,赛柏蓝
2021-06-10,【异动股】复星医药(02196.HK)涨3.44%,财华社
2021-06-10,疫苗板块回暖复星医药跳涨超3%,格隆汇
2021-06-10,疫苗板块回暖，康华生物涨超5%,Wind
2021-06-10,A股融资融券日报：两融余额减少2.5亿元（6月9日）,Wind
2021-06-10,港股盘前必读：我国又一新冠灭活疫苗上市使用，港交所或提高主板上市门槛,Wind
2021-06-10,复星医药(02196.HK)向复星国际(00656.HK)增购NOVA股权至100%,财华社
2021-06-09,复星医药(02196.HK)附属拟732万美元收购NOVA 49%权益,格隆汇
2021-06-09,复星医药(02196.HK)拟与重药控股集团互相提供服务,格隆汇
2021-06-09,复星医药(02196.HK)子公司拟732万美元受让Nova JV余下49%股权,格隆汇
2021-06-09,复星医药(02196.HK)与重药控股签订有关原材料/产品及服务的互供框架协议,格隆汇
2021-06-09,复星医药：子公司拟732万美元受让NovaJV49%股权,财联社
2021-06-09,复星医药：控股子公司拟732万美元收购Nova JV49%股权,中证网
2021-06-09,复星医药(600196.SH)美国子公司拟732万美元收购Nova JV 49%股权,智通财经
2021-06-09,A股资金流向（6月9日）：券商龙头遭抛售,Wind
2021-06-09,A股早报2021年6月9日星期三,Wind
2021-06-09,【医药】常态化推进药械集采，加快发展城市医疗集团及县域医共体——医药行业周报——中性,渤海证券研究
2021-06-09,港股盘前必读：“金融科技2025”策略公布，世界银行上调经济增长预期,Wind
2021-06-09,智通港股通占比异动统计|6月9日,智通财经
2021-06-08,A股共发生86宗大宗交易成交49.12亿元（6月8日）,Wind
2021-06-08,复星医药现2笔大宗交易总成交金额6.24亿元,证券时报网
2021-06-08,"复星医药现2笔大宗交易 共成交62,400.36万元",新浪
2021-06-08,复星医药今日大宗交易成交956.47万股，成交价65.24元折价1.0%,Wind
2021-06-08,南向资金今日净卖出17.67亿港元，科技股集体遭抛售,Wind
2021-06-08,复星医药现6.24亿元大宗交易,e公司
2021-06-08,【异动股】复星医药(02196.HK)涨3.74%,财华社
2021-06-08,疫苗板块活跃 复星医药涨幅居前,新浪
2021-06-08,医美板块反弹，复星医药、爱美客、昊海生科、华熙生物、金发拉比等普涨,Wind
2021-06-07,注册制新股纵览：纳微科技：国内领先的高性能纳米微球生厂商,新浪
2021-06-07,茅台迎来2大利好，全球最大中国股票基金再出手,Wind
2021-06-07,医药行业一周观察：药品与器械集采持续推进，科兴疫苗纳入WHO紧急使用清单,国信研究
2021-06-07,医药生物行业：新冠疫苗标的调整到位 重点推荐智飞生物、复星医药等,新浪
2021-06-07,金融市场流动性与监管动态周报：历史上解禁高峰前后市场表现如何？,新浪
2021-06-05,谱写细胞基因治疗药物新篇章：俱乐部理事会新任命与新征程！,同写意
2021-06-04,复星医药：实际对外担保金额约为189亿元 大额借贷担保,每日经济新闻
2021-06-04,据港交所披露文件：6月1日，摩根大通在复星医药(02196.HK)的持股比,新浪
2021-06-04,复星医药(02196.HK)：为多家控股子公司提供担保 大额借贷担保,格隆汇
2021-06-04,“医药行业三大百强榜”分析！2021中国药品研发实力100强榜即将发布,药智网
2021-06-04,双鹭药业：目前持有复星医药127.43万股，最初投资成本3608.02万元,Wind
2021-06-04,A股融资融券日报：两融余额减少4.5亿元（6月3日）,Wind
2021-06-04,智通港股通占比异动统计|6月4日,智通财经
2021-06-04,2021年医药生物行业半年度策略报告：乘风破浪会有时 辅助生殖新机遇,新浪
2021-06-03,拜耳集团大中华区总裁，辞职,赛柏蓝器械
2021-06-03,6月3日晚间重要行业研究汇总(附股),中金在线
2021-06-03,国信证券：医药板块调整后延续反弹态势，回归均衡风格,证券时报网
2021-06-03,医药生物2021年6月策略：不忘疫情防控，重视创新与消费升级,国信研究
2021-06-03,A股融资融券日报：两融余额减少24.47亿元（6月2日）,Wind
2021-06-03,智通港股通占比异动统计|6月3日,智通财经
2021-06-02,6月2日晚间重要行业研究汇总(附股),中金在线
2021-06-02,策略专题报告：外资如何押注中国？,西南证券
2021-06-02,【行情】港股复星医药午后异动，现转涨1.2%，报63.9港元,金十数据
2021-06-02,新冠检测及疫苗板块回调，热景生物跌超13%,Wind
2021-06-02,医药生物行业2020年年报及2021年一季报综述：行业业绩恢复性增长 持续看好创新药等高景气领域,新浪
2021-06-02,A股融资融券日报：两融余额增加83.42亿元（6月1日）,Wind
2021-06-02,【医药】三胎政策开放+老龄化加速，医药产业部结构升级持续推进――医药行业周报——中性,渤海证券研究
2021-06-01,医药生物月报：“三胎”“七普”相继发布 医药空间广阔 继续把握赛道布局、大小兼备的思路,新浪
2021-06-01,八连阳！定增、回购、重整齐上阵，花样保壳迎转机,Wind
2021-06-01,金融产品交易量跟踪报告第26期,新浪
2021-06-01,医药生物行业简评报告：广东医保联采影响有限 迎接疫苗行业利润尖峰时刻,新浪
2021-06-01,复星医药(02196.HK)旗下用于治疗I型神经纤维瘤病新药获美FDA药品临床试验批准,财华社
2021-06-01,复星医药(02196.HK)旗下用于治疗晚期实体瘤新药获美FDA药品临床试验批准,财华社
2021-06-01,财经药点丨从云南白药看医药企业的投资选择,中国医药报
2021-06-01,复星医药：拟5.53亿转让台州浙东医养投资75%股份 资产异常,资本邦
2021-06-01,【行情】港股抗疫概念板块多数下行，康希诺生物跌超7%，歌礼制药跌近4%，复星医药跌超3%,金十数据
2021-06-01,复星医药(02196.HK)作价人民币约5.53亿出售在建的台州浙东医院,财华社
2021-06-01,商业贸易行业深度报告：颜值经济时代医美需求风起 产品端龙头公司强者恒强,新浪
2021-06-01,A股融资融券日报：两融余额增加114.99亿元（5月31日）,Wind
2021-06-01,复星医药(02196.HK)拟斥资人民币250万参与设立合资公司,财华社
2021-06-01,复星医药子公司拟出资250万与关联方设立合营公司,中国经济网
2021-06-01,集中供地连拍三天近百房企参与苏州紧急阻击抢地狂热资本,Wind
2021-05-31,格隆汇港股聚焦(05.31)︱现代牙科一季度收益增32.7%至7.01亿港元；招商银行31.21亿元购买台州银行14.8559%股份获批,格隆汇
2021-05-31,智通港股公告精选︱(5.31)中集集团拟分拆中集天达至深交所创业板上市,智通财经
2021-05-31,复星医药(02196)：禅城医院及复星医疗完成转让佛山禅曦100%股权及债权,智通财经
2021-05-31,复星医药：附属公司与杏脉科技就设立合资公司订立合同,Wind
2021-05-31,复星医药(02196.HK)：完成股权和债权转让合同 不再持有佛山禅曦股权 资产异常,格隆汇
2021-05-31,晚间重要公告2021年5月31日星期一,Wind
2021-05-31,医疗健康产业2021年下半年投资策略：百花齐放 关注疫情后时代的医药强势复苏,新浪
2021-05-31,印度毒株考验“国门”！疫苗火爆远超预期， 有公司单季利润百亿，机构称Q2迎尖峰时刻，5家公司躺赢！,金融界
2021-05-31,疫情反复的背后：新冠检测持续扩大规模，疫苗研发仍在冲刺,奥一网
2021-05-31,复星医药(02196.HK)：重组抗CD73全人源单克隆抗体注射液获美国FDA药品临床试验批准,格隆汇
2021-05-31,复星医药(02196)：复星健康拟以5.53亿元的转让总价转让台州浙东医养投资75%股权 资产异常,智通财经
2021-05-31,复星医药(600196.SH)：HLX23用于晚期实体瘤治疗临床试验获美国FDA批准,智通财经
2021-05-31,复星医药：控股子公司获美国FDA药品临床试验批准,Wind
2021-05-31,复星医药(02196.HK)：复星健康拟向台州市立投资转让台州浙东医养投资75%股权总价5.53亿元 资产异常,格隆汇
2021-05-31,复星医药(600196.SH)子公司参与研制的FCN-159片获美国FDA药品临床试验批准,智通财经
2021-05-31,复星医药：佛山禅曦100%股权转让已完成工商变更登记,Wind
2021-05-31,复星医药(600196.SH)不再持有佛山禅曦股权,格隆汇
2021-05-31,复星医药：拟转让所持台州浙东医养投资75%的股权,Wind
2021-05-31,复星医药(600196.SH)拟5.53亿元出售台州浙东医养投资75%股权获益3亿元 资产异常,格隆汇
2021-05-31,复星医药(600196.SH)：禅城医院拟共同设立新公司持股50%,格隆汇
2021-05-31,复星医药(600196.SH)：FCN-159片用于治疗成人和儿童I型神经纤维瘤病在美获批临床,格隆汇
2021-05-31,复星医药：控股子公司拟转让所持台州浙东医养投资75%股权 资产异常,每日经济新闻
2021-05-31,复星医药(600196.SH)：重组抗CD73全人源单抗注射液在美获批临床试验,格隆汇
2021-05-31,复星医药：子公司获美国FDA药品临床试验批准,e公司
2021-05-31,复星医药：子公司参研的FCN-159片获美国FDA药品临床试验批准,财联社
2021-05-31,复星医药：控股子公司收到美国FDA关于同意其参与研制的FCN-159片用于,新浪
2021-05-31,【权益变动】复星医药(02196.HK)获摩根大通增持119.7872万股,财华社
2021-05-31,舍得酒业高管集体辞职，为复星系正式入主铺路 董监高成员变化,证券之星
2021-05-31,复星集团为海南高质量发展积极助力,经济日报
2021-05-31,八大券商主题策略：医药板块兼具科技加消费属性！未来3-5年是国产疫苗的黄金时代,中金在线
2021-05-31,A股午盘综述：上证指数微跌，宁德时代市值首次突破万亿元提振创业板,Wind
2021-05-31,疫苗板块高开低走，未名医药闪崩一度大跌逾8%,Wind
2021-05-31,【行情】港股抗疫概念股走强，复星医药、四环医药涨超2%，康希诺生物涨超1%,金十数据
2021-05-31,【权益变动】复星医药(02196.HK)获复星国际增持100万股,财华社
2021-05-31,A股融资融券日报：两融余额增加33.03亿元（5月28日）,Wind
2021-05-31,医药行业周报：医药成“策略”投资 个股重视变化,新浪
2021-05-31,中信证券：医药投资进入了百花齐放的新时期,第一财经
2021-05-29,9交易日7涨停！几大巨头竞购，海航资产火了,Wind
2021-05-28,舍得酒业高管集体辞职 复星系加大管理层掌控 董监高成员变化,中新网
2021-05-28,对赌失败：甘肃富豪卖了白酒 旗下矿业冲击IPO 承诺失信,新浪
2021-05-28,复星医药(02196.HK)获郭广昌或一致行动人再增持100万股H股,格隆汇
2021-05-28,舍得酒业高管再次“集体团灭”，复星系腾位子的手笔？,搜狐
2021-05-28,郭广昌“改组”舍得酒业，多名董事监事突然辞职，股价刚创新高 董监高成员变化,时代周报
2021-05-28,北向资金本周净买入额创纪录，美的集团获大幅净买入逾11亿元,Wind
2021-05-28,郭广昌或其一致行动人增持复星医药股份100万股,每日经济新闻
2021-05-28,Fosun International Holdings Ltd.或其一致行动人增持复星医药股份100万股,每日经济新闻
2021-05-28,【异动股】复星医药(02196.HK)涨3%,财华社
2021-05-28,舍得酒业人事巨震？51个交易日股价暴涨250% 复星时代如何复星？,新浪
2021-05-28,舍得多名董事、监事集体辞职，疑似由“复星系”高层更替 董监高成员变化,环球老虎财经
2021-05-28,A股融资融券日报：两融余额增加73.28亿元（5月27日）,Wind
2021-05-28,北向资金4天扫货473亿元，重点加仓这些板块及个股（名单）,21世纪经济报道
2021-05-28,北向资金动向盘点：净买146亿，电子拔得头筹,Wind
2021-05-28,不到3个月大涨258%！公司高层大震荡，股民却视为利好，还看高至300元/股？,中证报
2021-05-28,追逐mRNA | 投资观察,研发客
2021-05-27,药企观察 | 不断前进中的无菌仿制药巨头-印度Gland Pharma,CPhI制药在线
2021-05-27,A股早报2021年5月27日星期四,Wind
2021-05-27,A股融资融券日报：两融余额增加50.37亿元（5月26日）,Wind
2021-05-27,今日MSCI再迎重要时间点,Wind
2021-05-27,32家私募豪赌“红筹”药股，营收为零的海创药业如何突入科创板？,Wind
2021-05-26,雪球副总裁刘江涛：“深挖价值”时代正加速到来,财富动力网
2021-05-26,中国短期融资券及中期票据信用分析周报,新浪
2021-05-26,广州发现1例阳性，荔湾区全员检测！千亿疫苗股狂拉,Wind
2021-05-26,A股资金流向（5月26日）：沪强深弱态势明显，创蓝筹遭资金抛售,Wind
2021-05-26,恒生指数涨1%港股复星医药涨超6%,第一财经
2021-05-26,复星医药午后涨幅扩大至8% 现报64.9港元,新浪
2021-05-26,复星医药AH股齐涨：A股逼近涨停，H股创历史新高,格隆汇
2021-05-26,快讯：抗疫概念股大涨 四环医药涨近10%复星医药涨超9%,新浪
2021-05-26,【行情】复星医药午后涨幅持续扩大,金十数据
2021-05-26,传播链再延长，广州一家三口感染！疫苗板块怎么走,Wind
2021-05-26,复星医药现涨超4% 报62.60港元,新浪
2021-05-26,港股异动 | 复星医药(02196)涨超6%创历史新高 此前公布控股股东累计增持约8.69亿元人民币,智通财经
2021-05-26,【行情】港股抗疫板块异动拉升，四环医药涨逾7%，复星医药涨逾5%，石药集团等跟涨,金十数据
2021-05-26,生物疫苗板块异动拉升 复星医药涨超7%,e公司
2021-05-26,疫苗板块强劲反弹，未名医药大涨6%,Wind
2021-05-26,A股融资融券日报：两融余额增加26.93亿元（5月25日）,Wind
2021-05-26,健康营养品牌薄荷健康完成D轮融资，投后估值超20亿元,Wind
2021-05-26,【医药】集采规则与品类多样探索，处方外流再度提振――医药行业月报——看好,渤海证券研究
2021-05-26,复星医药(02196.HK)完成发行利率2.9%的15亿人民币超融券,财华社
2021-05-25,财联社5月25日讯，复星医药完成第一期超短期融资券的发行，发行总额为15亿元人民币。,财联社
2021-05-25,新冠疫苗多赚钱？辉瑞、Moderna赚翻，科兴Q1盈利100亿！其它国产企业如何？,新浪医药
2021-05-25,食品饮料行业周观点：高端白酒淡季不淡 冻品低温乳“鲜”在进行时,新浪
2021-05-25,复星医药(02196.HK)拟为复星实业不超2亿美元贷款提供担保 大额借贷担保,格隆汇
2021-05-25,复星医药：完成发行15亿元超短期融资券,Wind
2021-05-25,复星医药(02196.HK)完成发行15亿元超短期融资券,格隆汇
2021-05-25,北向资金爆买A股超200亿创历史纪录，白酒、金融、医药股遭“疯抢”,Wind
2021-05-25,复星医药：2021年度第二期超短期融资券发行完成,Wind
2021-05-25,复星医药：本集团实际对外担保金额约为187亿元 大额借贷担保,每日经济新闻
2021-05-25,复星医药(600196.SH)：完成发行15亿元超短期融资券,格隆汇
2021-05-25,华为放大招鸿蒙手机来了！A股大爆发，金融股掀涨停潮,Wind
2021-05-25,三大指数齐创本轮反弹新高，北上资金半日狂买114亿,证券之星
2021-05-25,解盘：超百亿资金流入，炒股软件、证券、疫苗、医美领涨,Wind
2021-05-25,复星医药获股东超8亿元增持，最新持股比例为39.55%,资本邦
2021-05-25,东吴证券--医药行业2021年中期策略报告：人口结构演变铸造医药长期牛市，建议超配医药【行业研究】,金融界股吧
2021-05-25,【异动股】复星医药(02196.HK)涨5.49%,金融界
2021-05-25,疫苗股早盘全线走高 复星医药涨超5%,新浪
2021-05-25,港股异动 | 复星医药(02196)涨超5%领涨疫苗股 新冠疫苗或进入业绩兑现期,智通财经
2021-05-25,上证50涨幅扩大至1%，伊利股份升逾4%领涨,Wind
2021-05-25,复星医药AH双双高开控股股东及一致行动人累计增持2593万股H股,格隆汇
2021-05-25,【行情】A股生物疫苗涨幅居前，未名医药涨停，智飞生物、康泰生物涨超5%，沃森生物、康希诺、复星医药等也大幅高开,金十数据
2021-05-25,港股龙头一封中报泄露玄机，疫苗业绩开始兑现，这一万亿市值板块将起飞？,财联社
2021-05-25,A股融资融券日报：两融余额增加58.06亿元（5月24日）,Wind
2021-05-25,北向资金动向盘点：逆市加仓医药,Wind
2021-05-25,智通港股通占比异动统计|5月25日,智通财经
2021-05-25,智通港股通持股解析|5月25日,智通财经
2021-05-25,港股盘前必读：富时罗素指数公司将小米重新纳入富时全球股票指数系列,Wind
2021-05-25,偏爱“喝酒吃药”布局大金融，北向资金增持这些股（名单）,21世纪经济报道
2021-05-25,融资余额两周增长近300亿元，医药生物等三大板块最吸金,Wind
2021-05-24,格隆汇港股聚焦(05.24)︱中国生物制药首季纯利增118.5%；复星医药控股股东及一致行动人累计增持2593万股H股,格隆汇
2021-05-24,复星医药(02196.HK)控股股东增持股份,财华社
2021-05-24,复星医药(02196.HK)：2020年12月1日至2021年5月21日期,新浪
2021-05-24,复星医药：控股股东至5月21日已持有公司逾10亿股,Wind
2021-05-24,复星医药：控股股东至5月21日已持有公司逾10亿股,澎湃新闻
2021-05-24,复星医药(02196.HK)控股股东及一致行动人累计增持2593万股H股,格隆汇
2021-05-24,复星医药(02196):复星高科技及Fosun International Limited累计增持2593.05万股公司股份,智通财经
2021-05-24,"复星医药现1笔大宗交易 共成交1,127.52万元",新浪
2021-05-24,北向资金今日净买入超18亿，继续加仓医药股,Wind
2021-05-24,复星医药(600196.SH)：控股股东方面增持比例达1.01%,格隆汇
2021-05-24,复星医药(600196.SH)：复星高科技及其控股股东已累计增持公司2593万股H股股份,智通财经
2021-05-24,复星医药(600196.CN)：复星高科技及其控股股东已累计增持2593万股H股股份,财华社
2021-05-24,复星医药：复星高科技及其控股股东Fosun International Limited累计增持公司H股2593万股,每日经济新闻
2021-05-24,复星医药：复星高科技及其控股股东累计增持1%公司股份,Wind
2021-05-24,复星医药大跌 连续下跌,新浪
2021-05-24,疫苗板块逆势下跌，康希诺闪崩大跌9%,Wind
2021-05-24,复星医药盘中快速下跌,新浪
2021-05-24,晨会聚焦210524重点关注社会服务、海外银行、传媒、医药、卓胜微,国信研究
2021-05-24,A股融资融券日报：两融余额减少24.62亿元（5月21日）,Wind
2021-05-24,智通港股通占比异动统计|5月24日,智通财经
2021-05-24,医药行业每周医览药闻：全年业绩确定性强 长期看好院外零售快速多元化发展,新浪
2021-05-23,崛起的核酸疫苗，mRNA疫苗技术是否被过度神化,第一财经
2021-05-23,产经报道丨直击第84届CMEF场内外：医疗器械加速国产化，本土产研发力升级还在进行时,财经网
2021-05-21,两大航空并购产业基金横空出世，未来或现更多上市公司身影,华夏时报
2021-05-21,新生的复豫酒业背后，是复星的资本游戏？还是郭广昌的白酒梦想？,新京报
2021-05-21,【行情】港股抗疫概念股涨幅扩大，京东健康涨5.6%，平安好医生涨4.5%，比亚迪电子涨4.1%，康希诺生物涨3.4%，复星医药涨2.5%,金十数据
2021-05-21,郭广昌抄底海航？复星系鏖战航空争夺战,凤凰网
2021-05-21,【异动股】复星医药(02196.HK)涨5.32%,金融界
2021-05-21,港股医药股涨势扩大，康宁杰瑞制药涨近10%,Wind
2021-05-21,A股融资融券日报：两融余额增加9.63亿元（5月20日）,Wind
2021-05-21,郭广昌又出手：豫园股份拟投资航空企业，打造航空梦，复星系首单或为*ST海航,金融投资报
2021-05-21,复星国际(00656.HK)增持复星医药(02196.HK)持股比例升至13.14%,财华社
2021-05-20,“复星系”400亿大手笔布局航空 谁是神秘标的？,国际金融报
2021-05-20,上海区域股市周报：63家机构调研上海医药 2亿融资买入浦发银行,每日经济新闻
2021-05-20,豫园延伸产业链，郭广昌踏进了机舱,乐居财经
2021-05-20,复星医药(02196.HK)获复星国际增持100万股H股,格隆汇
2021-05-20,Fosun International Holdings Ltd.或其一致行动人增持复星医药股份100万股,每日经济新闻
2021-05-20,北向资金恢复交易首日净卖出逾15亿，恒瑞医药、东方财富净卖出均超5亿元,Wind
2021-05-20,解盘：资金小幅流入，白酒、家电、高送转、次新略涨,Wind
2021-05-20,郭广昌又出手！“复星系”豫园股份拟参与投资航空企业,资本邦
2021-05-20,融资丨硬组织手术机器人平台型企业「键嘉机器人」完成数亿元C轮融资，LYFE Capital领投,创业邦
2021-05-20,A股融资融券日报：两融余额增加46.4亿元（5月19日）,Wind
2021-05-20,智通港股通占比异动统计|5月20日,智通财经
2021-05-19,豫园股份参与设立400亿元豫航产业，复星系 “航空梦”首单或锁定*ST海航,中国证券网
2021-05-19,上海首富400亿竞购海航？,腾讯网
2021-05-19,400亿！复星旗下豫园股份拟参与海航航空资产重组,Wind
2021-05-19,总经理陈星德离职，德邦基金沦为复星系“附庸” 董监高成员变化,环球老虎财经
2021-05-19,“复星系”豫园股份拟参与投资航空企业，神秘标的是否涉及海航？,贝壳财经
2021-05-19,复星医药与BioNTech强强联合推动mRNA疫苗本土化，短期有望增利数十亿元,新康界
2021-05-19,5名牛散抱团，连续4个季度加仓，结果套惨了……,Wind
2021-05-19,疫苗板块午后转暖，康希诺涨超5%,Wind
2021-05-19,复星医药荣登Asiabrand“2021中国品牌500强”,中金在线
2021-05-19,首只百元ST股摘帽！股价涨6倍，A股迎来摘帽潮,Wind
2021-05-19,【牛人重仓】复星医药:牛人重仓绩优股今年以来融资余额增仓25%以上，今日资金流入-4293.58万元，北向资金持股4846.3万股，融资余额808716.75万元；前3个交易日，北向资金增持-266.28万股，融资额增加126507.88万元，主力资金净流入-110441.79万元,每日经济新闻
2021-05-19,16股获融资客大手笔净买入,证券时报网
2021-05-19,每日理财观察：美元指数失守90大关，大类资产今夜迎变盘关键时点,Wind
2021-05-19,A股融资融券日报：两融余额增加53.49亿元（5月18日）,Wind
2021-05-19,【医药】政策扶持中医药出口，品牌中药有望获益――医药行业周报——看好,渤海证券研究
2021-05-19,智通港股通占比异动统计|5月19日,智通财经
2021-05-19,重磅信号！资金正加速进场，2大板块成为买入目标,Wind
2021-05-19,重磅信号！资金正加速进场 两大板块成为买入目标,上证报
2021-05-19,融资余额六连增，杠杆资金加仓疫苗股汽车股,Wind
2021-05-18,21深度｜最高降超90%！上市药企整体销售费用近五年首降，“带金销售”风真刹住了？,21世纪经济报道
2021-05-18,【主力资金】主力砸盘疫苗龙头，出逃资金超13亿元,证券时报网
2021-05-18,金融街下午茶2021年5月18日星期二,Wind
2021-05-18,5月18日主力资金净流出142亿元,证券时报网
2021-05-18,A股资金流向（5月18日）：资金避高就低，医药龙头遭抛售,Wind
2021-05-18,A股收盘综述：上证指数录得三连升，创业板指跌0.73%,Wind
2021-05-18,主力抛售医药生物板块复星医药遭卖出超3亿元。 股票卖空,第一财经
2021-05-18,A股午盘综述：上证指数微涨，石油、军工走强,Wind
2021-05-18,复星医药大跌5.37%，领跌生物制品行业 连续下跌,中新经纬
2021-05-18,【行情】新冠疫苗板块多股跳水，复星医药跌近5%，康希诺、国药股份、康泰生物等纷纷下行,金十数据
2021-05-18,疫苗板块走弱，复星医药跌近5%,Wind
2021-05-18,复星医药等19股获融资净买入超亿元,证券时报网
2021-05-18,A股融资融券日报：两融余额增加66.37亿元（5月17日）,Wind
2021-05-18,近20只个股融资净买入超亿元复星医药居首,第一财经
2021-05-18,智通港股通占比异动统计|5月18日,智通财经
2021-05-18,北向资金大幅加仓白酒股，“茅五”最受欢迎,21世纪经济报道
2021-05-18,北向资金动向盘点：新一轮白酒抱团在路上,Wind
2021-05-17,粤开医药：中医药服务出口基地政策落地 关注中药投资机会,新浪
2021-05-17,北上资金今日净买入五粮液7.64亿元、美的集团6.65亿元，净卖出复星医药,新浪
2021-05-17,北向资金今日净买入25.78亿元，继续大幅加仓白酒股,Wind
2021-05-17,A股资金流向：盘面较为混乱，小金属龙头获青睐,Wind
2021-05-17,医药行业一周观察：医药板块强势反弹 关注疫苗及全球化创新,新浪
2021-05-17,疫苗板块高开低走，未名医药、复星医药双双跌超4%,Wind
2021-05-17,A股融资融券日报：两融余额增加42.69亿元（5月14日）,Wind
2021-05-17,智通港股通占比异动统计|5月17日,智通财经
2021-05-17,上周疫苗产业股表现活跃 10只概念股业绩有望大增,证券时报
2021-05-16,招商策略：从白马到快马，风格无坚不破，唯快不破,Wind
2021-05-16,疫苗龙头放大招 股价重回巅峰 融资客紧急抢筹这些股,网易
2021-05-15,【浙商|孙建】周报：看好CDMO行业进入业绩加速期,杏林建研
2021-05-15,人才难求！创新药企井喷致人才争夺愈烈，本土头部企业研发人员薪酬已与跨国企业比肩,华夏时报
2021-05-15,“榨菜茅”33亿定增遭哄抢，张坤出手了！,Wind
2021-05-14,A股资金面日报：非银金融行业获主力资金大幅加仓 北向资金连续5周买买买,中金在线
2021-05-14,A股医药生物公司研发实力排行榜：恒瑞医药、复星医药、君实生物研发投入居前三，药明康德研发人员数量最多,华夏时报
2021-05-14,药企销售费用年榜:恒瑞、步长等超80亿 复星医药市场费蝉联第一,新浪
2021-05-14,智通港股空仓持单统计,智通财经
2021-05-14,北向资金狂买近百亿，五粮液获大幅净买入超9亿元,Wind
2021-05-14,5月14日主力资金净流入121亿元,证券时报网
2021-05-14,A股资金流向（5月14日）：大金融引爆全场，资金抢筹券商龙头,Wind
2021-05-14,港股大盘点：医美概念集体暴走 这只疫苗股月涨70%,新浪
2021-05-14,港股风向标 | 医美概念持续活跃，这只疫苗股月涨近70%，有色股回调,金融界
2021-05-14,生物医药板块强势上涨,Wind
2021-05-14,价值品牌板块强势 复星医药涨幅居前,新浪
2021-05-14,港股异动︱复星医药(02196)涨超5% 瑞信重申其“跑赢大市”评级并升目标价15.4%至60港元,智通财经
2021-05-14,疫苗股集体大涨 复星医药(600196.SH)触及涨停,格隆汇
2021-05-14,复星医药午后再度涨停，股价逼近历史高点,Wind
2021-05-14,最新追查，2确诊病例省外详细轨迹公布！医药股飙升,Wind
2021-05-14,财联社5月14日讯，港股药品板块午后持续走高，石药集团涨超10%，丽珠医药涨8%，复星医药涨6%。,财联社
2021-05-14,监管出手，黑色系集体闪崩！2000亿龙头冲涨停,Wind
2021-05-14,解盘：资金回流明显，证券、疫苗、环保、保险领涨,Wind
2021-05-14,【异动股】复星医药(02196.HK)涨3.73%,财华社
2021-05-14,复星医药(2196.HK)快速拉升自4月以来最高累涨90%,格隆汇
2021-05-14,复星医药等11股获融资净买入超亿元,证券时报网
2021-05-14,A股早报2021年5月14日星期五,Wind
2021-05-14,A股融资融券日报：两融余额减少1.64亿元（5月13日）,Wind
2021-05-14,智通港股通占比异动统计|5月14日,智通财经
2021-05-14,A股薪酬榜出炉：高管年薪高低相差737倍，董事长最大差距近3000倍,网易
2021-05-13,复星“席中”换酒抛青啤，本金收回+浮盈百亿,财经网
2021-05-13,A股资金面日报：北向资金连续3日净流出 解密主力资金出逃股,中金在线
2021-05-13,药企“带金销售”顽疾如何解？,制药网
2021-05-13,主力动向｜45股主力买入超亿元！复星医药、士兰微、天齐锂业、润和软件、沃森生物位居前五！,上游新闻
2021-05-13,2020医药板块分化：医疗高增中药化药承压 未名、舒泰神等医保出局后转亏 亏损,新浪
2021-05-13,A股资金流向（5月13日）：资金各自为战，有色龙头连续被抛售,Wind
2021-05-13,复星医药大涨7.15% 成交额44.72亿元,中新经纬
2021-05-13,复星医药等14股获融资净买入超亿元,证券时报网
2021-05-13,A股融资融券日报：两融余额增加44.12亿元（5月12日）,Wind
2021-05-13,智通港股通占比异动统计|5月13日,智通财经
2021-05-12,编辑/富途资讯Zoe,富途证券
2021-05-12,智通每日大行研报丨小摩首予B站(09626)目标价1600港元 微盟集团(02013)获大摩看高至25港元,智通财经
2021-05-12,北向资金连续两日净卖出，白酒股获批量增持,Wind
2021-05-12,【国金医药】医美行业深度：医美黄金时期，美丽经济亟待腾飞,医药研选
2021-05-12,373家医药企业年报解读：销售费用近5年首降，头部化现象明显、行业分化加剧,每日经济新闻
2021-05-12,安信国际：复星医药业绩持续复苏 建议积极关注,新浪
2021-05-12,销售每日AH推荐,新浪
2021-05-12,安信国际：复星医药(02196)业绩持续复苏 与BioNTech(BNTX.US)合资实现国内新冠疫苗商业化,智通财经
2021-05-12,A股融资融券日报：两融余额增加29.68亿元（5月11日）,Wind
2021-05-12,复星医药获评医药行业“十三五”企业管理奖-创新发展杰出企业,中金在线
2021-05-12,北向资金动向盘点：白酒股连续拔得头筹,Wind
2021-05-12,北向资金出逃近48亿元，但不忘“吃药喝酒”，五粮液获加仓6.5亿元,21世纪经济报道
2021-05-12,恒瑞医药(600276)：2021年恒瑞医药企业研究报告,新浪
2021-05-12,复星医药(600196)：拟与BIONTECH设立合资公司 MRNA技术平台未来可期,新浪
2021-05-11,沪港通十大成交活跃股排名（5月11日）,Wind
2021-05-11,复星医药(600196)重大事项点评：与BIONTECH成立JV 打造全球领先的MRNA技术平台,新浪
2021-05-11,复星医药(600196.SH)：复宏汉霖就BRAFV600E抑制剂与润新生物签订许可协议,格隆汇
2021-05-11,【权益变动】复星医药(02196.HK)获摩根大通增持677.1531万股,财华社
2021-05-11,北向资金今日净流出47.81亿元 五粮液获净买入6.44亿元,第一财经
2021-05-11,策略日报：指数震荡分化 资源类板块领涨,新浪
2021-05-11,北向资金创一个半月最大净卖出，京东方A、通威股份净卖出超6亿元,Wind
2021-05-11,21股今日获机构买入评级5股上涨空间超10%,证券时报网
2021-05-11,复星医药AH股走势分化：A股涨超8%，H股跌超3%,格隆汇
2021-05-11,累计套现60亿、复星减持青岛啤酒手不停 友尽？ 减持股份,华夏时报
2021-05-11,东吴证券维持复星医药买入评级：拟与BioNTech投资设立合资公司，长期看好mRNA新冠疫苗市场前景,每日经济新闻
2021-05-11,瑞信指复星医药(02196-HK)与BioNTech设合营为利好升目标价至60港元,财华社
2021-05-11,快速扩产！BioNTech在新加坡设立区域总部和mRNA疫苗工厂,财联社
2021-05-11,瑞信上调复星医药目标价至60港元，维持跑赢大市评级,Wind
2021-05-11,复星医药(600196)：MRNA疫苗有望加速本地化生产 平台技术后续合作未来可期,新浪
2021-05-11,诺和诺德血友病新药获批临床；复星医药与BioNTech成立合资公司；普瑞金与瑞迪博士达成合作,GBIHealth
2021-05-11,【东吴晨报0511】【宏观】【个股】华菱钢铁、复星医药、华宏科技,东吴研究所
2021-05-11,【兴业证券晨会聚焦0511】通信-中瓷电子深度；医药-复星医药：拟与BioNTech设立合资公司；金属-海亮股份；地产-金地集团,兴证研究
2021-05-11,瑞信：升复星医药目标价至60港元 与BioNTech合作令人惊喜,金融界
2021-05-11,一天飙涨25% 游资、机构齐聚复星医药龙虎榜 私募人士提醒,券商中国
2021-05-10,南财快评：充分发挥中国疫苗在全球防疫中的作用,21世纪经济报道
2021-05-10,美股开盘涨跌不一，拼多多跌逾5%,Wind
2021-05-10,复星医药（600196）事件点评：拟与BioNTech投资设立合资公司，长期看好mRNA新冠疫苗市场前景！【东吴医药朱国广团队】,国广有话说
2021-05-10,多重利好扫除“专利豁免”阴霾 A股新冠疫苗概念股集体大反弹,21世纪经济报道
2021-05-10,这些药企最具创新力：恒瑞、天士力、百济神州,赛柏蓝
2021-05-10,复星医药大涨25%，疫苗届黑马诞生,格隆汇
2021-05-10,南向资金净卖出港股65亿港元，美团、腾讯遭抛售,Wind
2021-05-10,瑞信：重申复星医药“跑赢大市”评级 目标价上调15.4%至60港元,财联社
2021-05-10,多重利好传来：复星医药创历史新高 疫苗板块卷土重来？,财联社
2021-05-10,大行评级|瑞信：上调复星医药(2196.HK)目标价至60港元评级“跑赢大市”,格隆汇
2021-05-10,盘前异动：BioNTech大涨7%，拟与复星医药设立合资公司,证券之星
2021-05-10,港股复星医药涨幅扩大至25%,e公司
2021-05-10,A股资金流向（5月10日）：有色龙头再获资金加仓，白酒龙头遭抛售,Wind
2021-05-10,港股收盘丨恒指跌0.05%复星医药大涨25%,第一财经
2021-05-10,恒指收跌0.05% 中国有色矿业涨近23% 复星医药涨25%,网易
2021-05-10,复星医药(2196.HK)尾盘拉升涨超25%创历史新高,格隆汇
2021-05-10,恒指宽幅震荡收跌0.05%，周期、医药股强势上涨,Wind
2021-05-10,复星医药H股尾盘涨幅扩大至25%，创上市以来新高,Wind
2021-05-10,【行情】港股复星医药尾盘大涨近24%,金十数据
2021-05-10,国金证券：复星医药(600196.SH)与BioNTech设立合资公司，维持“买入”评级,智通财经
2021-05-10,走势分化！疫苗股大幅反弹，贵州茅台却跌破1900元,中国证券网
2021-05-10,突发！美国进入国家紧急状态；手无寸铁=踏空，铁矿石概念沸腾；郭广昌旗下公司一字涨停,中证报
2021-05-10,怎么回事？美国宣布进入紧急状态！A股周期股大爆发,Wind
2021-05-10,国药集团新冠疫苗列入WHO紧急使用清单 | 碧迪医疗拟分拆糖尿病业务独立上市 【最新闻0510】,MedTrend医趋势
2021-05-10,复星医药拟与BioNTech合资本地化生产mRNA新冠疫苗，年产能将达10亿剂,21世纪经济报道
2021-05-10,解盘：百亿资金流入，顺周期、数字货币、医美、疫苗走强,Wind
2021-05-10,A股午盘综述：上证指数涨0.06%，再现“煤飞色舞”,Wind
2021-05-10,千亿复星医药迎来重大利好，开盘一字涨停，封单超11万手,第一财经
2021-05-10,复星医药等一字涨停!医疗ETF(512170)今日上涨1.63%,资本邦
2021-05-10,复星获mRNA疫苗生产许可收益可观 关键原料谁来供应？,第一财经
2021-05-10,医美概念再度走强，三星医疗、复星医药等多股涨停，机构看好全产业链投资机会,金融界
2021-05-10,股价“依赖”疫苗、利润一半靠投资，复星医药还只是仿制药公司？,中访网
2021-05-10,A股异动：复星医药开盘涨停，公司拟实现新冠疫苗本土化生产,证券之星
2021-05-10,复星医药大单封涨停，港股大涨逾20%！要投1亿美元干这件大事！,上游新闻
2021-05-10,生物疫苗概念拉升走高 东方嘉盛、复星医药涨停,中国经济网
2021-05-10,晨会聚焦210510重点关注通信、计算机、保险、钢铁、汽车汽配、社会服务、纺织服装、证券、医药、家电,国信研究
2021-05-10,恒生指数开盘涨0.58%复星医药涨15%,科创板日报
2021-05-10,今日A股市场热点新闻及最新公告前瞻（2021/5/10） 环保处罚,--
2021-05-10,开盘：A股三大股指集体高开沪指涨0.14%，钢铁行业领涨，复星医药涨停,金融界
2021-05-10,今日A股市场热点新闻及最新公告前瞻（2021/5/10）,--
2021-05-10,港股早评：恒指高开0.58% 药品、有色金属板块强势 复星医药开涨15%,--
2021-05-10,复星医药/BioNTech在中国设立合资公司,新浪
2021-05-10,【异动股】疫苗股获追捧，复星医药(02196-HK)猛涨20.2%,财华社
2021-05-10,复星医药大单封涨停 拟设合资公司以实现mRNA新冠疫苗本地化,证券时报网
2021-05-10,每日“药”闻|辉瑞CEO反对放弃新冠疫苗专利；复星医药拟建设mRNA疫苗生产基地,读懂财经
2021-05-10,国信证券--医药行业一周观察：21Q1成绩单已出，关注业绩持续兑现标的【行业研究】,金融界股吧
2021-05-10,【异动股】复星医药(02196.HK)涨18.78%,财华社
2021-05-10,洋河股份等54股近五日获机构净买入,证券时报网
2021-05-10,复星医药与BioNTech达成合资量产协议，计划年产10亿剂mRNA新冠疫苗,资本邦
2021-05-10,港股医药股继续上攻，复星医药涨超20%，国药控股涨逾10%,Wind
2021-05-10,疫苗板块大幅高走复星医药(2196.HK)涨幅扩大至逾22%欧盟暂缓豁免疫苗知识产权,格隆汇
2021-05-10,港股复星医药涨超20%,第一财经
2021-05-10,复星医药H股涨幅扩大至20%,Wind
2021-05-10,快讯：拟成立合资公司实现mRNA新冠疫苗本地化生产 复星医药一字涨停,新浪
2021-05-10,疫苗股开盘走强 复星医药涨停,e公司
2021-05-10,港股开盘(5.10)︱恒指涨0.58% 复星医药(02196)高开近15% 与BioNTech拟就新冠疫苗产品的本地化生产及商业化设立合资公司,智通财经
2021-05-10,疫苗板块迎来反弹窗口？拜登遭“围攻”，欧盟暂缓豁免,Wind
2021-05-10,快讯：港股恒指高开0.58% 复星医药涨15%周期股爆发,新浪
2021-05-10,【行情】A股开盘，上证综指涨0.14%，深证成指涨0.09%，创业板指涨0.34%，国药股份涨近10%，复星医药涨停,金十数据
2021-05-10,复星医药A股一字涨停，封单近12万手,Wind
2021-05-10,辉瑞同款国产的mRNA新冠疫苗要来了：年产10亿剂,快科技
2021-05-10,复星医药拟实现新冠疫苗本土化生产 复星医药涨15%复星国际涨6%,新浪
2021-05-10,复星医药(2196.HK)高开近15%拟与BioNTech设合资公司实现mRNA疫苗本地化生产及商业化,格隆汇
2021-05-10,开盘：恒指高开0.58%，复星医药涨15%,老虎证券
2021-05-10,恒指高开0.58%，疫苗股大涨,Wind
2021-05-10,复星医药拟与拜恩泰科设合资公司，新冠疫苗本土化年产能十亿剂,澎湃新闻
2021-05-10,复星医药等12股获融资净买入超亿元,证券时报网
2021-05-10,A股早报2021年5月10日星期一,Wind
2021-05-10,A股融资融券日报：两融余额减少25.99亿元（5月7日）,Wind
2021-05-10,国金证券：对复星医药维持盈利预测和“买入”评级,第一财经
2021-05-10,机构最新潜在目标曝光，海康威视获500家机构调研,Wind
2021-05-10,复星医药等12股获融资净买入额超1亿元,第一财经
2021-05-10,【国金晨讯】A股一周策略：商品的最后一涨，股票的最后一跌；复星医药：与BioNTech设立合资公司，mRNA疫苗布局再进一步,国金证券研究所
2021-05-10,企业观 | 复星医药再“加码”：mRNA新冠疫苗在中国内地尚未获批，未来或可探索技术用于更多疾病治疗领域,财经网
2021-05-10,复星医药(02196.HK)与BioNTech组合资生产新冠疫苗年产能可达10亿剂,财华社
2021-05-09,复星医药拟成立合资公司，在中国生产mRNA 新冠疫苗,第一财经
2021-05-09,晚间重要公告2021年5月9日星期日,Wind
2021-05-09,公告精选：复星医药子公司拟与BioNTech设合资公司；龙蟒佰利上调钛白粉售价,e公司
2021-05-09,复星医药(02196)：复星医药产业与BioNTech拟就新冠疫苗产品的本地化生产及商业化设立合资公司,智通财经
2021-05-09,复星医药(02196.HK)子公司拟与BioNTech设立合资公司实现新冠疫苗产品本地化生产及商业化,格隆汇
2021-05-09,复星医药：子公司拟与BioNTech设合资公司，实现mRNA新冠疫苗本地化生产,Wind
2021-05-09,复星医药：子公司拟与BioNTech设合资公司 实现mRNA新冠疫苗的本地化生产及商业化,e公司
2021-05-09,新冠疫苗专利将开放?产能受限难救急，国内疫苗企业扩产稳为上,资本邦
2021-05-09,上海区域股市周报：澜起科技市值缩水最多复星医药进入上海股市值前10强 连续下跌,每日经济新闻
2021-05-08,87亿商誉！复星医药回归主业，前途依旧忐忑？,星空财富
2021-05-08,写意人物丨专访回爱民：激活企业的创新基因,同写意
2021-05-08,扬子江爆品大涨189%，AZ坐稳销冠，未来欲破千亿销售，赛诺菲消失，齐鲁又进阶，2021谁能笑傲百床大院？,E药经理人
2021-05-08,一届消博会，一次携手，一场金徽消费精品盛宴,糖酒快讯
2021-05-08,逃离印度！民众设法筹款租乘私人飞机，订单激增900%,Wind
2021-05-08,郭广昌新酒局：又减持青岛啤酒，已连饮金徽、舍得，还是白酒香？ 减持股份,新京报
2021-05-08,周期股遍地开花逆市走强 赵老哥出走复星医药重挫,财富动力网
2021-05-07,不爱啤酒爱白酒？郭广昌的白酒野心,新京报
2021-05-07,复星集团减持青岛啤酒3300万股H股，持股比例降至8.15% 减持股份,资本邦
2021-05-07,主力动向｜77股主力买入超亿元！格林美、复星医药、紫金矿业、北方稀土、招商银行位居前五！,上游新闻
2021-05-07,5月7日晚间重要行业研究汇总(附股),中金在线
2021-05-07,市场点评：三大因素加剧分化 震荡行情持续演绎,华安证券
2021-05-07,套现超20亿！复星集团再次减持青岛啤酒3300万股 减持股份,环球老虎财经
2021-05-07,机构大举买入太钢不锈 游资抄底复星医药 |两融龙虎榜,第一财经
2021-05-07,【异动股】复星医药(02196.HK)涨4.14%,财华社
2021-05-07,港股开盘：恒生指数开盘涨0.29%，复星医药涨逾5%,金融界
2021-05-07,【食品饮料α掘金】复星减持青岛啤酒套现20亿元，QFII对食品饮料持股比例显着下降 减持股份,新浪
2021-05-07,港股疫苗股反弹 复星医药高开5.18%,中证网
2021-05-07,抗疫概念股全线高开 复星医药高开逾5%,新浪
2021-05-07,【行情】复星医药港股涨超5%，现报价为50.8港元,金十数据
2021-05-07,港股早评：三大指数均高开0.3%钢铁、煤炭板块继续强势复星医药开涨5.18%,格隆汇
2021-05-07,恒指高开0.29%，疫苗股反弹,Wind
2021-05-07,每日理财观察：大宗商品狂欢，多种商品刷新历史,Wind
2021-05-07,A股融资融券日报：两融余额增加68.2亿元 5月6日）,Wind
2021-05-07,A股早报2021年5月7日星期五,Wind
2021-05-07,A股风格又切换！创业板一度跌逾4%，顺周期扛鼎市场,Wind
2021-05-07,复星医药荣获“粤港澳大湾区百强企业传承大奖”,大众证券报
2021-05-07,新冠疫苗专利放开？A股疫苗企业：短期影响不大,Wind
2021-05-07,拜登政府宣称专利豁免，疫苗企业迎来技术升级良机,Wind
2021-05-07,一则消息引发疫苗股巨震，“杀逻辑”还是“杀估值”？,Wind
2021-05-07,公私募抱团南下，投资港股渐成标配,Wind
2021-05-06,政策转向带崩疫苗板块，北向、机构、主力资金集体抛售疫苗股 股票卖空,第一财经
2021-05-06,疫苗板块遭遇重创，市场是否反应过度？,第一财经
2021-05-06,公告精选：赣锋锂业拟要约收购海外锂项目公司；君正集团拟投建可降解塑料项目,e公司
2021-05-06,美国或将放弃新冠疫苗专利 复星医药股价过山车,华夏时报
2021-05-06,晚间重要公告2021年5月6日星期四,Wind
2021-05-06,东莞证券维持复星医药谨慎推荐评级：美国开放专利影响有限，Q1主营业务持续恢复,每日经济新闻
2021-05-06,青岛啤酒股份(00168.HK)：近日复星集团减持公司3300万股H股 减持股份,格隆汇
2021-05-06,逾四成A股上市药企销售费用同比增长复星医药广告宣传砸钱最猛,北京商报
2021-05-06,智通港股通活跃成交,智通财经
2021-05-06,港股通净卖出3.75亿港元,证券时报网
2021-05-06,复星医药龙虎榜数据（5月6日）,Wind
2021-05-06,最新龙虎榜动向：2.32亿资金抢筹太钢不锈，7.35亿资金出逃华东医药（名单）,21世纪经济报道
2021-05-06,机构今日买入这25股，抛售江特电机1.44亿元丨龙虎榜,第一财经
2021-05-06,拜登一个动作引爆全球，疫苗股全线大跌！看最新解读,Wind
2021-05-06,跌停板解密：两类个股遭大单集中卖出！（5月6日）,Wind
2021-05-06,复星医药今日跌停沪股通卖出6.12亿元,第一财经
2021-05-06,复星医药跌停 北向资金、机构资金净卖出,e公司
2021-05-06,复星医药放量跌停，机构、外资集体出货,Wind
2021-05-06,A股风格快速切换：疫苗股重挫，顺周期起舞,Wind
2021-05-06,青岛啤酒：复星集团减持3300万股H股 减持股份,Wind
2021-05-06,青岛啤酒(600600.SH)：复星集团已减持公司3300万股H股 减持股份,格隆汇
2021-05-06,青岛啤酒：近日复星集团减持公司3300万股H股 减持股份,格隆汇
2021-05-06,A股资金流向（5月6日）：消费、疫苗龙头遭资金抛售,Wind
2021-05-06,恒指宽幅震荡收涨0.77%，疫苗股大跌,Wind
2021-05-06,交银国际：复必泰即将获批内地使用，料成复星医药催化剂,Wind
2021-05-06,担心有点过了！复星医药跌逾20%，康希诺跌15%,Wind
2021-05-06,什么情况？疫苗股崩了、创业板大跌！钢铁汽车现涨停潮,Wind
2021-05-06,复星医药A股午后撬开跌停板，智飞生物等纷纷收窄跌幅,Wind
2021-05-06,【行情】A股复星医药打开跌停板，现跌幅收窄至9%,金十数据
2021-05-06,这个担心有点过了！刚刚，复星医药港股跌逾20%，康希诺跌15%,上证报
2021-05-06,全球疫苗股集体“深蹲”！多股跌超20%，创业板一度跌4%，这些板块却在暴涨…啥情况？,证券时报
2021-05-06,复星医药创近六年最大跌幅 美国支持豁免对疫苗知识产权的保护,金融投资报
2021-05-06,A股港股生物疫苗概念股齐齐下跌，发生了什么？丨一大板块,第一财经
2021-05-06,疫苗股全线下跌 复星医药暴跌25% 连续下跌,新浪
2021-05-06,解盘：资金小幅流入，煤炭、纯碱、金属、火电领涨,Wind
2021-05-06,A股午盘综述：创业板指跌3.21%，疫苗概念深度回调,Wind
2021-05-06,复星医药H股跌超25%，A股封死跌停,第一财经
2021-05-06,港股医疗保健板块跌幅持续扩大 复星医药跌逾24%,中证网
2021-05-06,【行情】港股复星医药大跌25%，抹去本月以来涨幅 连续下跌,金十数据
2021-05-06,复星医药港股跌幅扩大至25%,Wind
2021-05-06,港股盘中跳水，恒生科技指数转跌,Wind
2021-05-06,【行情】港股复星医药短线下挫，跌幅扩大至20%,金十数据
2021-05-06,复星医药跌停，股价报54.22元,中新经纬
2021-05-06,A股疫苗概念持续下挫 复星医药跌停 连续下跌,e公司
2021-05-06,【行情】A股生物疫苗股持续下挫，复星医药跌停，智飞生物、康希诺-U跌超13% 连续下跌,金十数据
2021-05-06,10股受融资客青睐，净买入超亿元,证券时报网
2021-05-06,康希诺生物跌幅扩大至20%，复星医药跌17%,Wind
2021-05-06,【异动股】复星医药(02196.HK)初段3连跌再挫12% 连续下跌,财华社
2021-05-06,【行情】港股抗疫概念股盘初跌幅扩大，康希诺生物跌超15%，复星医药现跌12.5%，开拓药业跌10%,金十数据
2021-05-06,港股疫苗概念跌幅持续扩大，康希诺生物跌超15%,Wind
2021-05-06,【行情】A股生物疫苗板块开盘走弱，康希诺-U跌12%，智飞生物跌9%，复星医药、沃森生物跌逾7%,金十数据
2021-05-06,复星医药低开近8%，近期复星医药H股大幅回调,Wind
2021-05-06,港股开盘丨恒指高开0.81%，复星医药跌逾9%,第一财经
2021-05-06,【行情】港股疫苗概念股大跌，复星医药、康希诺生物均跌逾9% 连续下跌,金十数据
2021-05-06,恒生指数开盘涨0.81% 复星医药港股大跌9.51% 连续下跌,e公司
2021-05-06,A股融资融券日报：两融余额减少152.9亿元（5月5日 ）,Wind
2021-05-06,恒指高开0.81%，恒生科技指数涨0.7%,Wind
2021-05-06,A股早报2021年5月6日星期四,Wind
2021-05-05,港股医药股普跌复星医药(2196.HK)跌超2%,格隆汇
2021-05-05,【行情】港股医药股集体大跌，百济神州跌近8%，复星医药跌超6%，再鼎医药跌5%，康希诺跌超3% 连续下跌,金十数据
2021-05-05,港股医药股多数下跌，百济神州跌6.8%,Wind
2021-05-05,中信证券：料复星医药旗下复必泰疫苗本季内地获批,金融界
2021-05-05,交易异动！复星医药：近3个交易日上涨23.75%，无未披露的重大事项,每日经济新闻
2021-05-04,多家知名药企出售子公司！ 资产异常,谷丰观点
2021-05-04,港股恒指经历泻逾900点后反弹0.7%，资源股获捧紫金矿业扬12.6%,财华社
2021-05-04,港股恒指收盘涨0.7%，有色股爆发，复星医药再创历史新高,和讯
2021-05-04,恒指收涨0.7%，有色、能源板块走强,Wind
2021-05-04,全球资源价格猛涨，刚刚，港股黄金、有色又飙了！,e公司
2021-05-04,恒生早盘探底回升收涨0.25%：港股有色股爆发 复星医药再创历史新高,财联社
2021-05-04,复星医药一度涨超5%再破顶 中信证券料公司旗下重磅产品陆续获批,新浪
2021-05-04,【行情】复星医药持续拉升，现涨近5%，报62港元，日内最多跌5.6%,金十数据
2021-05-04,港股异动 | 复星医药(02196)涨超5%再破顶 中信证券预计复必泰疫苗有望本季内地获批,智通财经
2021-05-04,港股医药股终止连日涨势，复星医药跌近4%,老虎证券
2021-05-04,【异动股】医药股逆转，复星医药(02196.HK)终止4连升掉头挫3.8%,财华社
2021-05-04,【行情】港股医药股终止连日涨势，复星医药跌3.9%，康龙化成跌3.6%，药明生物跌2.6%，药明康德跌2.2%，君实生物跌1.5%,金十数据
2021-05-04,【行情】昨日强势的港股医美概念股今日集体转跌，瑞丽医美跌4.3%，复星医药跌3%，四环医药跌1%,金十数据
2021-05-04,安信国际晨报：缩量调整不足惧，后市行情犹可期,安信国际
2021-05-04,五月首个交易日，亚太“跑输”欧美，疫苗、医美继续飞舞,Wind
2021-05-04,陆家嘴财经早餐2021年5月4日星期二,Wind
2021-05-03,港股2连跌累计挫逾900点，复星医药逆市破顶再升19.6% 连续下跌,财华社
2021-05-03,恒指收跌1.28%：复星医药创历史新高 影视股意外大跌 连续下跌,财联社
2021-05-03,港股普跌！复星医药大涨20% 首席喊话:A股5月会上涨,上证报
2021-05-03,港股收盘丨恒指收跌1.28%，复星医药涨近20%,第一财经
2021-05-03,香港恒生指数收跌1.28% 复星医药大涨近20%,e公司
2021-05-03,恒指低开低走跌1.28%，金融、消费、科技股跌幅居前,Wind
2021-05-03,印度疫情告急！连续12天新增超30万，世卫：感染人数或超3亿！港股疫苗股大涨，复星医药创新高,每日经济新闻
2021-05-03,港股医美概念爆发：瑞丽医美涨超50%，复星医药涨超20%，均创历史新高,格隆汇
2021-05-03,医美概念股集体暴涨 瑞丽医药涨超40%复星医药涨超20%,新浪
2021-05-03,【行情】复星医药午后大涨20%，股价逼近60港元，该公司此前公布Q1业绩好于市场预期，获瑞士信贷上调目标价,金十数据
2021-05-03,复星医药涨幅扩大至20%，成交近8亿港元,Wind
2021-05-03,中信证券：维持复星医药(02196)“买入”评级 目标价52港元,智通财经
2021-05-03,印度疫情失控！亚太股市集体走低，港股疫苗股火热，复星医药创新高！北大方正重整生效，方正控股盘中暴涨100%,证券时报
2021-05-03,发生了什么？港股突然大跌，影视股狂跌！这家闪崩80%，这只却暴涨120%，更有千亿白马股大涨…,Wind
2021-05-03,医美概念股涨幅不断扩大 瑞丽医美涨超31%复星医药涨近15%,新浪
2021-05-03,【行情】复星医药港股涨幅扩大至15%,金十数据
2021-05-03,港股大跌，影视股狂跌！金汇教育闪崩80%，方正控股则一度暴涨超120% 连续下跌,证券之星
2021-05-03,复星医药港股涨超11%,e公司
2021-05-03,快讯：复星医药涨幅扩大至10.74% 市值突破1400亿港元,新浪
2021-05-03,【行情】复星医药港股午后涨幅扩大至10%，市值逼近1400亿港元，该公司此前公布Q1业绩好于市场预期，获瑞士信贷上调目标价,金十数据
2021-05-03,复星医药午后涨幅扩大至10%,Wind
2021-05-03,印度股市开盘急挫，亚洲股市都跌了，港股医疗器械板块逆市大爆发,证券时报网
2021-05-03,刚刚，印度股市开盘急挫，亚洲股市都跌了！但港股这个概念逆市大爆发，市值龙头创历史新高！,e公司
2021-05-03,【行情】复星医药涨幅扩大至8%，现报53.4港元，创历史新高，此前瑞士信贷上调复星医药目标价至52港元,金十数据
2021-05-03,异动直击|复星医药涨超6%，创逾三年新高,富途证券
2021-05-03,港股异动 | 复星医药(2196.HK)大涨10%创历史新高 市值逼近1400亿！,格隆汇
2021-05-03,【异动股】复星医药(02196.HK)涨5.37%,财华社
2021-05-03,【异动股】疫苗股复星医药(02196.HK)4连升再涨6.9%,财华社
2021-05-03,复星医药涨近7% 瑞信上调其目标价18%至52港元,新浪
2021-05-03,开盘：恒指低开0.23%，复星医药开涨逾2%,老虎证券
2021-05-03,陆家嘴财经早餐2021年5月3日星期一,Wind
2021-05-02,郭广昌：将有15000台迈卓制氧机在未来运往印度,Wind
2021-05-01,陆家嘴财经早餐2021年5月1日星期六,Wind
2021-04-30,被重罚的药企 其他违规处罚,新浪
2021-04-30,复星医药(600196.SH)：mRNA新冠疫苗于中国境内尚处于II期临床试验阶段,格隆汇
2021-04-30,A股药企一季报：11家净利超十亿，32家销售费用率过半,澎湃新闻
2021-04-30,商誉炸雷，亏损超79亿，公司股价闪崩！主力新宠曝光，超29亿资金抢筹，社保基金也重仓押宝,证券之星
2021-04-30,复星医药：A股股票交易异常波动,Wind
2021-04-30,复星医药(02196.HK)A股异动 不存在未披露重大信息,格隆汇
2021-04-30,复星医药(02196)A股股票交易异常波动 不存在未披露重大事项,智通财经
2021-04-30,【主力资金】大资金紧急出逃新能源车龙头，卖出资金超13亿元,证券时报网
2021-04-30,复星医药：目前子公司mRNA新冠疫苗于中国境内尚处于II期临床试验阶段,e公司
2021-04-30,复星医药龙虎榜数据(4月30日）,Wind
2021-04-30,复星医药：子公司疫苗于中国境内尚处于II期临床试验阶段,金十数据
2021-04-30,业绩利好，复星医药股价三天两板，外资、机构纷纷买入,第一财经
2021-04-30,机构今日卖出这9股，买入复星医药4.54亿元丨龙虎榜,第一财经
2021-04-30,一举变现14亿元！郭广昌再度减持青岛啤酒，不爱啤酒爱白酒？ 减持股份,中证报
2021-04-30,复星医药再度涨停外资、机构纷纷买入,第一财经
2021-04-30,4月30日龙虎榜解析：复星医药净买入额最多，还有18只个股被机构扫货,每日经济新闻
2021-04-30,步长制药业绩逆势增长领先同行，全产业链布局威力渐显,时代财经
2021-04-30,A股主力资金流向（4月30日）：医药股获资金爆买,Wind
2021-04-30,瑞信：复星医药给予跑赢大市评级 目标价升至52港元,新浪
2021-04-30,智通每日大行研报︱复星医药(02196)首季业绩胜预期 获瑞信上调目标价18%至52港元,智通财经
2021-04-30,港股收盘(4.30)|恒指收跌1.97% 复必泰疫苗接近获批 复星医药(02196)逆市涨逾7%,智通财经
2021-04-30,主力动向｜54股主力买入超亿元！复星医药、华东医药、隆基股份、东方财富、赣锋锂业位居前五！,上游新闻
2021-04-30,涨停板解密：资金追捧，医药股逆市现涨停潮！（4月30日）,Wind
2021-04-30,恒指低开低走收跌1.97%，科技、有色股领跌,Wind
2021-04-30,个股异动 | 复星医药大涨超7% 股价刷新52周新高,金融界
2021-04-30,A股收盘综述：上证指数跌0.81%，创业板指涨1.31%,Wind
2021-04-30,医药“小阳春”行情渐入佳境 医药龙头股票有哪些？,至诚财经
2021-04-30,复星医药（600196.SH）首板，现价60.24元,Wind
2021-04-30,北上资金加仓多只绩优疫苗股，9股增持超亿,Wind
2021-04-30,海外疫情持续！Q1业绩向好资金加仓疫苗及新冠检测等股大涨,财华社
2021-04-30,多位明星基金经理增持，医药板块上涨的空间还大吗?丨牛熊眼,第一财经
2021-04-30,解盘：一季报超预期公司大幅领涨,Wind
2021-04-30,A股午盘综述：上证指数跌0.51%，创业板指大涨收复3100点,Wind
2021-04-30,港股异动 | 复星医药(02196)续涨逾6% 消息称复必泰疫苗有望7月前国内获批,智通财经
2021-04-30,香港新冠疫苗第一针接种比例达13.7%，40+岁人群占比最高,富途证券
2021-04-30,【行情】疫苗股走高，复星医药、沃森生物大涨7%，康泰生物、康希诺等涨5%,金十数据
2021-04-30,【异动股】复星医药(02196.HK)涨4.01%,财华社
2021-04-30,融资客青睐7股，中国交建买入占比高达42.92%,Wind
2021-04-30,A股融资融券日报：两融余额减少11.12亿元（4月29日）,Wind
2021-04-30,白酒股真正的王炸来了！净利暴增1000%，半年多股价暴涨300%,Wind
2021-04-29,复星入主后ST舍得首交成绩单：今年一季度业绩大增10倍，管理层尚未改组,每日经济新闻
2021-04-29,【异动股】复星医药(02196.HK)涨3.27%,财华社
2021-04-29,A股融资融券日报：两融余额增加19.61亿元（4月28日）,Wind
2021-04-29,每日理财观察：钢铁进出口关税调整正式落地,Wind
2021-04-29,A股早报2021年4月29日星期四,Wind
2021-04-28,新冠疫苗股大涨背后：康希诺商业化居前，多家企业两条腿走路,澎湃新闻
2021-04-28,复星医药等11股获特大单资金净流入超2亿元,证券时报网
2021-04-28,复星医药(02196.HK)：复宏汉霖的斯鲁利单抗注射液已纳入优先审评审批程序,格隆汇
2021-04-28,牛熊日报丨抗疫概念股受捧，复星医药购证升逾80%！,金融界
2021-04-28,4月28日主力资金流向一览：59只股流入超1亿元 包括复星医药、东方财富等,金融界
2021-04-28,A股资金流向（4月28日）：医药板块持续获资金流入，消费电子被抛售,Wind
2021-04-28,涨停板解密：医药股再现涨停潮！（4月28日）,Wind
2021-04-28,港股收盘丨恒指收涨0.45%复星医药涨逾9%,第一财经
2021-04-28,恒生指数收涨0.45% 复星医药涨逾9%,e公司
2021-04-28,恒指收涨0.45%，生物医药、物业管理股领涨,Wind
2021-04-28,A股收盘综述：创业板指涨超2%，市场再现“喝酒吃药”,Wind
2021-04-28,主力资金尾盘抢筹抱团股，复星医药获净买入23亿元,第一财经
2021-04-28,港股异动 | 抗疫概念股午后继续拉升 开拓药业-B(09939)涨逾22% 复星医药(02196)涨逾10%,智通财经
2021-04-28,复星医药涨超11% 创2018年6月以来新高,新浪
2021-04-28,复星医药A股封涨停板 H股涨超11% 均创阶段新高,格隆汇
2021-04-28,抗疫概念股午后拉升 复星医药上涨11%康希诺上涨5%,新浪
2021-04-28,抗疫板块继续走强，生物科技ETF上市以来价格涨幅超20%,Wind
2021-04-28,快讯：医美概念午后持续走强 复星医药、朗姿股份触涨停板,新浪
2021-04-28,港股抗疫概念板块持续走高 开拓药业涨近23%复星医药涨近10%,新浪
2021-04-28,疫苗股午后走强，复星医药冲击涨停,第一财经
2021-04-28,【行情】港股部分抗疫概念股午后拉涨，开拓药业涨超22%，复星医药一度涨超10%，京东健康涨超6%，康希诺生物涨超2%,金十数据
2021-04-28,港股部分医药股拉升，开拓药业涨超23%,Wind
2021-04-28,疫苗股午后涨势扩大，康泰生物、复星医药双双大涨7%,Wind
2021-04-28,浙商证券维持复星医药买入评级：利润端略超预期，看好业绩向上加速拐点,每日经济新闻
2021-04-28,复星医药(600196)2021一季报点评：Q1复苏态势显着 新品驱动业绩增长,新浪
2021-04-28,港股异动 | 复星医药(02196)涨超5% 首季归母净利同比增长46.78%至8.47亿元,智通财经
2021-04-28,全球疫情反弹疫苗概念走高 机构重申产业链机会,第一财经
2021-04-28,【异动股】复星医药(02196-HK)涨3.45%,财华社
2021-04-28,医美行业正快速发展,大众证券报
2021-04-28,【行情】港股抗疫概念板块走强，开拓药业涨7.73%，白云山涨5.64%，京东健康涨超5%，复星医药涨3.5%,金十数据
2021-04-28,【医药】子行业走势分化，偏好消费、科技、服务属性——医药行业月报——看好,渤海证券研究
2021-04-28,医美市场规模有望加速扩容,大众证券报
2021-04-27,复星医药(600196.SH)控股子公司通过GMP符合性检查,智通财经
2021-04-27,豫园股份“上瘾”关联交易，郭广昌画了一个闭环,乐居财经
2021-04-27,多家知名药企卖子公司了！,医药观察家网
2021-04-27,医药生物板块涨0.46% 未名医药和双鹭药业涨停,证券日报网
2021-04-27,每日“药”闻|百济神州2020年亏损15.97亿美金；长效RSV抗体三期临床成功,读懂财经
2021-04-27,复星医药(600196)：创新药驱动成长 创新疫苗带来高弹性空间,国金证券股份有限公司
2021-04-27,高盛指若内地批准复星医药(02196-HK)复必泰疫苗进入市场或将成为催化剂,财华社
2021-04-27,颜值经济推动医美市场高景气 爱美客一季度营收净利双双大增,第一财经
2021-04-27,【国金晨讯】华住酒店：互联网思维在酒店行业的降维竞争；覆铜板涨价周期性研究及未来判断,国金证券研究所
2021-04-27,港股公告精选：美团收到国家市场监督管理总局调查通知书，公司称将积极配合调查,Wind
2021-04-27,复星医药(02196.HK)与豫园股份订立股权和债权转让合同 资产异常,格隆汇
2021-04-27,复星医药(02196-HK)首季盈利增47%,财华社
2021-04-27,成绩单！复星医药：第一季度净利润8.47亿元，同比增长46.78%,每日经济新闻
2021-04-26,格隆汇港股聚焦(04.26)︱复星医药一季度净利润8.47亿元；永达汽车一季度纯利大增786.2%,格隆汇
2021-04-26,复星医药(02196)子公司拟5.5亿元向豫园股份转让佛山禅曦房地产100%股权及债权 资产异常,智通财经
2021-04-26,复星医药(02196)首季归母净利同比增长46.78%至8.47亿元,智通财经
2021-04-26,复星医药(600196.SH)第一季净利增46.78%至8.47亿元,智通财经
2021-04-26,复星医药持续创新开发适宜儿童抗疟用药 已受益4250万非洲儿童,中国网
2021-04-26,复星医药(02196)建议委任王全弟及余梓山为独立非执行董事,智通财经
2021-04-26,复星医药：第一季度净利润8.472亿元人民币,金十数据
2021-04-26,复星医药：拟向豫园股份转让佛山禅曦100%股权,Wind
2021-04-26,复星医药：一季度净利润同比增长46.78%,Wind
2021-04-26,智通每日大行研报︱瑞银指青岛啤酒(00168)增长前景被低估 复星医药(02196)获汇丰研究上调目标价,智通财经
2021-04-26,复星助力抗击疟疾 携手共建无疟疾世界,中证网
2021-04-26,世界防治疟疾日｜中国创新药青蒿琥酯助力全球抗击疟疾,中国经济网
2021-04-26,八大券商主题策略：深度挖掘疫苗产业链机会 核心资产标的名单曝光,中金在线
2021-04-26,汇丰研究：升复星医药(2196.HK)今明两年纯利预测维持买入评级,格隆汇
2021-04-26,汇丰研究：升复星医药(02196)目标价至46港元 评级“买入”,智通财经
2021-04-26,解盘：百亿资金流入，金属、肺炎检测、疫苗、第三代半导体领涨,Wind
2021-04-26,【异动股】复星医药(02196-HK)涨4.15%,财华社
2021-04-26,【行情】港股医药股开拓药业涨超14%，联邦制药涨10.6%，复星医药涨近5%,金十数据
2021-04-25,2亿支！复星医药青蒿琥酯助力全球抗击疟疾,中金在线
2021-04-25,复星医药已向全球供应超过2亿支注射用青蒿琥酯,中金在线
2021-04-25,国内药物研发投入持续增长，这些药企更舍得花钱,制药网
2021-04-24,上市药企2020年报解码：谁大把花钱做销售推广？谁重金搞研发？,经济观察网
2021-04-24,上市药企2020年报解码，医疗器械公司净利增幅大,Wind
2021-04-23,千亿市值的药企迷恋“副业”？复星医药能否 “复兴”？,医药地理
2021-04-23,八大券商主题策略：寻找医药变革中的长牛品种 持续推荐“六个方向”,中金在线
2021-04-23,解盘：茅股一枝独秀，疫苗、锂矿、特高压等板块涨幅居前,Wind
2021-04-23,【异动股】复星医药(02196-HK)涨3.15%,财华社
2021-04-23,辉瑞mRNA疫苗针对中国人群的1期临床试验发表,生物探索
2021-04-22,复锐医疗科技(01696)拟3.12亿元收购复星牙科的全部已发行股本,智通财经
2021-04-22,复星医药：子公司复宏汉霖自主研发的药物获国家药监局注册申请受理,Wind
2021-04-22,复星医药(02196.HK)：控股子公司获药品注册申请受理,格隆汇
2021-04-22,复星医药：子公司斯鲁利单抗注射液注册申请获受理,格隆汇
2021-04-22,复星医药(600196.SH)：斯鲁利单抗注射液上市注册申请获国家药监局受理并拟纳入优先审评,格隆汇
2021-04-22,复星医药：旗下自主研发的斯鲁利单抗注射液获药品注册申请受理，并拟优先审评,Wind
2021-04-22,疫苗板块午后持续走高，康希诺大涨8%,Wind
2021-04-21,渤海证券--医药行业周报：药品与耗材国采推进，结合估值与业绩探寻机会【行业研究】,金融界股吧
2021-04-21,【医药】药品耗材国采持续推进，医改稳态化下结合业绩寻机会――医药行业周报——中性,渤海证券研究
2021-04-20,金徽酒一季度营收5.08亿元，与2019年基本持平,搜狐
2021-04-20,恒瑞医药2020年营收、净利同比增长约两成 研发费用创新高,经济观察网
2021-04-20,每日“药”闻|恒瑞医药去年营收277亿，同比增长19%；石药集团PI3K抑制剂申请上市,云掌财经
2021-04-20,港股医药生物板块全线上扬，多只个股涨超3%,制药网
2021-04-19,长春高新、复星医药、智飞生物集体大涨提振疫苗板块,Wind
2021-04-19,北上资金早盘净买入138亿，刷新年内新高,Wind
2021-04-19,复星医药现涨4.38% 报38.1港元,新浪
2021-04-19,【异动股】复星医药(02196-HK)涨6.16%,财华社
2021-04-16,4天翻倍，15股创历史新高——大数据探究牛股基因,Wind
2021-04-16,【异动股】复星医药(02196-HK)涨3.37%,财华社
2021-04-16,解盘：百亿资金流入，白酒、二胎、数字货币、医美领涨,Wind
2021-04-16,复星医药AH股齐拉升 均涨超3%,新浪
2021-04-16,上市公司正负面新闻2021年4月16日星期五,Wind
2021-04-15,306家药企晒2020成绩单！超40家亏损，77家翻倍，云南白药、复星……狂赚超30亿 亏损,米内网
2021-04-15,4月15日，ST舍得股价突破100元，成为A股史上首支突破百元的ST股。,证券时报
2021-04-15,A股首只！“ST”百元股来了，ST舍得拔得头筹，行业普遍回调，为何它一枝独秀？,证券时报
2021-04-15,晚间重要公告2021年4月15日星期四,Wind
2021-04-15,速读社丨澳门特区政府暂缓阿斯利康疫苗供澳 科伦药业罗红霉素片首家过评,新浪医药
2021-04-15,创新时代，这些药企研发费用大增,制药网
2021-04-15,复星医药(600196.SH)：用于实体瘤及淋巴瘤治疗的HLX26获批开展临床试验,格隆汇
2021-04-15,复星医药(600196.SH)控股子公司重组抗LAG-3人源化单克隆抗体注射液获临床试验批准,智通财经
2021-04-15,复星医药：用于实体瘤及淋巴瘤治疗的HLX26获批开展临床试验,格隆汇
2021-04-15,复星医药：控股子公司获药品临床试验批准,Wind
2021-04-15,四个交易日翻倍！一季报“预增王”股价站上百元关口下一个是谁？,证券之星
2021-04-15,A股217家药企发布年报，多家药企研发费用增长明显,制药网
2021-04-15,越跌越买！一周内私募举牌两家A股，释放什么信号？,Wind
2021-04-14,医美概念爆发，外资大幅加仓3股，机构看好这些股,第一财经
2021-04-14,217家A股药企年报：复星医药研发40亿居榜首，诊断类企业净利润增幅超6000%，还有5家公司净利润降幅超1000%,E药经理人
2021-04-14,“少女针”火了，医美概念爆发，7连板爆炒股上演地天板，外资加仓这些概念股,证券之星
2021-04-14,复星医药(02196.HK)4月26日举行董事会会议审批一季度业绩,格隆汇
2021-04-14,复星系赋能，金徽酒发展再提速,酒业新闻网
2021-04-14,恒瑞医药虚开经费送礼 上海医药财务造假7736万被指管理混乱 欺诈造假,长江商报
2021-04-14,财政部彻查恒瑞医药虚开经费送礼 上海医药财务造假7736万被指管理混乱 欺诈造假,长江商报
2021-04-13,财政部岀手！清查药企“带金销售”，剑指药价虚高，涉及多家上市公司,证券时报
2021-04-13,国信证券--医药行业一周观察：关注财报季投资机会，第四批药品集采即将落地执行【行业研究】,金融界股吧
2021-04-13,19家药企被处罚，4700亿龙头在列，更有全球医药巨头,Wind
2021-04-12,复星医药(600196.SH)：阿达木单抗注射液获批新增葡萄膜炎适应症,格隆汇
2021-04-12,A股收盘综述：上证指数跌逾1%退守3400点,Wind
2021-04-12,国信证券：关注医药行业财报季超预期机会，推荐三条主线,Wind
2021-04-12,郭广昌：复星集团将和甘肃省、陇南市携手把金徽酒做大做强,Wind
2021-04-12,郭广昌：复星集团将和甘肃省、陇南市携手把金徽酒做大做强,e公司
2021-04-11,复星医药2020年净利增长10%，承认采购的国外疫苗存在瑕疵，已被封存！,云掌财经
2021-04-10,一季报大幕拉开 业绩高增股带火三大板块（附股）,金融投资报
2021-04-09,复星医药(02196)拟为复星医药产业银行贷款提供担保 大额借贷担保,智通财经
2021-04-09,复星医药(02196.HK)为控股子公司提供担保 大额借贷担保,格隆汇
2021-04-09,复星医药：实际对外担保金额占净资产的约49.28% 大额借贷担保,每日经济新闻
2021-04-09,华海药业三度跌停，市值蒸发69亿！5家医药白马股爆雷！ 连续下跌,医药资讯地方台
2021-04-09,国内CAR-T产品进入上市倒计时,南方日报
2021-04-09,渤海证券--医药行业周报：持续关注Q1业绩高增长个股【行业研究】,金融界股吧
2021-04-09,每日理财观察：海南自贸港再迎政策“大礼包”,Wind
2021-04-08,各大药企财报、研发投入大揭秘！,制药网
2021-04-08,港股收盘：周期股提振恒指涨超1% 收复29000点 友邦保险涨超6%,英为财情
2021-04-08,4月8日主力资金净流出228亿元,证券时报网
2021-04-08,公募基金女将“能顶半边天”？你应该看看这只灵活配置型基金,私募排排网
2021-04-08,港股收评：三大股指低开高走，药品、乳制品股午后强势拉升，国美零售跌超11％,金融界
2021-04-08,3月医药大事件之榜单篇：各大药企财报、研发投入等揭晓,制药网
2021-04-08,港股药品股普涨石四药(2005.HK)涨超8%领涨板块,格隆汇
2021-04-08,港股药品股午后拉升 石四药集团涨超7%复星医药涨超5%,新浪
2021-04-08,4月8日主力买进前10股,中金在线
2021-04-08,【异动股】复星医药(02196-HK)涨5.69%,财华社
2021-04-08,截至北京时间11:30，上证指数3486.19，上涨0.19%；深证成指14001.37，上涨0.16%,每日经济新闻
2021-04-08,A股午盘综述：上证指数涨0.19%，创业板指涨0.86%.,Wind
2021-04-08,【行情】港股医药股走高，国药控股涨逾4%，复星医药、同仁堂科技、石四药集团等跟涨,金十数据
2021-04-08,南向资金高比例持有港股名单,证券之星
2021-04-08,智通港股通持股解析|4月8日,智通财经
2021-04-08,创新药的泡沫要破了？,阿尔法工场研究院
2021-04-08,修炼内功，组织机制全面进化,财华社
2021-04-08,医药生物行业周报：估值修复中 关注Q1有望超预期的CXO板块,新浪
2021-04-08,复星医药(600196)：研发创新持续兑现 医疗器械业务增长亮眼,新浪
2021-04-07,大咖云集，论道上海，药品安全追溯系统建设讨论会圆满结束,消费日报
2021-04-07,中国生物医药行业的研发竞争,贝壳社
2021-04-07,53公司获得增持评级-更新中,中财网
2021-04-07,东方财富证券--复星医药：业绩稳步增长，新药放量可期【公司研究】,金融界股吧
2021-04-07,A股最新MSCI ESG评级：阳光电源成最大“黑马”,阿尔法工场研究院
2021-04-07,【医药】持续关注Q1业绩高增长个股――医药行业周报——中性,渤海证券研究
2021-04-07,港股盘前必读：深市新主板首日开局平稳，IMF上调中国经济增长至8.4%,Wind
2021-04-07,财经早茶｜张坤携30亿资金大举增持中炬高新；香雪制药控股股东等资金占用5.3亿,同壁财经
2021-04-06,复星医药(02196)拟将非公开发行A股股票募集资金调整为不超过44.84亿元,智通财经
2021-04-06,15亿美元交易后：掌上超声标杆Butterfly的新动向,器械之家
2021-04-06,高瓴背书的凯莱英，未来5-10年是否还能保持高速增长？,新浪
2021-04-06,2021券商医药行业动态（第15周）,Wind
2021-04-06,医药行业每周医览药闻：从2020年财报看国内创新药行业发展,新浪
2021-04-06,医药行业周报：核心资产景气回归 关注第二批耗材集采进程,新浪
2021-04-06,上周9款1类新药批临床;《长期处方管理规范（试行 征求意见稿）》发布；复星新冠疫苗5日在香港恢复接种,GBIHealth
2021-04-05,里昂：一举升复星医药评级至买入 目标价上调至43.56港元,金融界
2021-04-05,医药行业一周观察：调整后重归均衡 关注内生成长明确的一二线公司,新浪
2021-04-04,医药投向标|福建第二轮集采纳入生物制品微医正式向港交所提交上市申请生物医药企业年报披露潮,科创板日报
2021-04-03,细胞与基因治疗每周动态：首款BCMA靶向CAR-T上市，纽福斯眼科基因疗法获临床试验许可,E药经理人
2021-04-02,复星医药吴以芳：聚焦战略和人才，陆续推出创新产品,上证报
2021-04-02,复星医药(600196)：创新疫苗国际领先 创新药接棒驱动成长,国金证券股份有限公司
2021-04-02,复星医药(600196)：创新转型催化成长 收入结构性变化愈加明显,新浪
2021-04-02,光大证券--复星医药2020年报点评：业绩稳健增长，创新与国际化再上层楼【公司研究】,金融界股吧
2021-04-02,国信证券--医药生物行业2021年4月投资策略：调整后更均衡，优选内生成长【行业研究】,金融界股吧
2021-04-02,A股早报2021年4月2日星期五,Wind
2021-04-02,社保QFII持股路径曝光，化工电子板块各有所爱,Wind
2021-04-01,复星医药(02196)：Bio NTech确认“210102”批次疫苗安全性和有效性不受影响,智通财经
2021-04-01,复星医药(02196.HK)：BioNTech确认210102批次疫苗安全性和有效性不受影响 将继续配合港澳疫苗接种计划,格隆汇
2021-04-01,复星医药的2020：疫苗一支没来得及卖，疫苗股先挣了5亿,健识局
2021-04-01,多家知名医药企业高管离职 市场推动转型 董监高成员变化,医药网
2021-04-01,晚间重要公告2021年4月1日星期四,Wind
2021-04-01,社保QFII最新调仓！两类资金分歧巨大,Wind
2021-04-01,复星医药：将继续配合中国香港及澳门政府疫苗接种计划,Wind
2021-04-01,复星医药：根据BioNTech截至目前针对“210102”批次疫苗产品中存在少量西林瓶封盖有关瑕疵问题的调查，BioNTech确认该问题的出现与超低温运输条件下的疫苗包装相关联，疫苗的安全性和有效性不,金十数据
2021-04-01,复星国际联席CEO陈启宇：不排除在区域市场做相应并购,新浪
2021-04-01,复星医药：研发人员已近2300人，相关业务遍及60个国家,中金在线
2021-04-01,解读复星医药2020年财报 上市新药营收14亿 投资收益占净利62%,新浪
2021-04-01,东吴证券给予复星医药买入评级，2020年年报点评：创新产品加速转化落地，医疗器械板块迎来新机遇,每日经济新闻
2021-04-01,中航证券给予复星医药买入评级，2020年报点评：研发创新持续兑现，医疗器械业务增长亮眼,每日经济新闻
2021-04-01,晨会聚焦210401重点关注纺织服装、医药生物、安克创新、药明康德、新和成、卓胜微、中芯国际-U、华熙生物、周大生、宇信科技,国信研究
2021-04-01,智通港股通持股解析|4月1日,智通财经
2021-04-01,港股盘前必读：中国中化与中国化工重组，美国公布2万亿美元的基础设施计划,Wind
2021-03-31,原则上不拓展新赛道、仍将布局白酒复星业绩发布会还有哪些看点,新京报
2021-03-31,瑞信：下调复星医药目标价至44港元 评级跑赢大市 机构下调估值,金融界
2021-03-31,人均亏1.2万，一季度A股领跌全球,21世纪经济报道
2021-03-31,复星医药吴以芳：器械与诊断业务增长可期 不断推进ESG管理,证券日报网
2021-03-31,最新！31家药企高管离职（附名单） 董监高成员变化,赛柏蓝
2021-03-31,复星国际董事长：推进疫苗国内上市，继续坚持全球化,Wind
2021-03-31,复星国际董事长：推进疫苗国内上市，继续坚持全球化,第一财经
2021-03-31,创新成果加速转化落地 复星医药业绩将持续稳定增长,第一财经
2021-03-31,大行评级|瑞信：维持复星医药(2196.HK)跑赢大市评级目标价降至44港元,格隆汇
2021-03-31,里昂：复星医药目标价升89%至43.56港元 升至买入评级,新浪
2021-03-31,大行评级|高盛：升复星医药(2196.HK)每股盈利预测维持买入评级,格隆汇
2021-03-31,里昂：升复星医药(2196.HK)评级至买入 目标价上调至43.56港元,格隆汇
2021-03-31,华东医药引进的叶酸受体α靶向ADC获批临床丨医麦猛爆料,医麦客News
2021-03-31,复星国际(00656-HK)郭广昌:选择疫苗研发技术以国家利益为先,财华社
2021-03-31,深耕成长，复星国际(00656)多维度探寻产业发展“金钥匙”,智通财经
2021-03-31,交银国际：复星医药目标价43.20港元 维持买入评级,新浪
2021-03-31,【医药】结合板块走势，甄选Q1业绩高增长个股――医药行业月报 ——中性,渤海证券研究
2021-03-31,智通港股通持股解析|3月31日,智通财经
2021-03-31,复星医药吴以芳：医保谈判利好行业，创新药可及性得以加速,澎湃新闻
2021-03-31,复星国际：去年净利润80.2亿元，豫园股份贡献超三成收入,澎湃新闻
2021-03-31,权益投资“出彩”，险资最新重仓股名单曝光,Wind
2021-03-30,复星医药去年扣非净利润27亿增长22%，上市新药贡献收入超10亿,搜狐
2021-03-30,复星医药董事长吴以芳：生物类似药大大提升药物可及性，不排除部分品种被纳入集采,每日经济新闻
2021-03-30,复星医药(600196)：符合预期 BD和自主研发能力进入加速兑现期,新浪
2021-03-30,郭广昌2021致股东信：最挑战的一年 最好的一年,新浪
2021-03-30,复宏汉霖：2020年成绩亮眼创新加速盈利在望,金融界
2021-03-30,复星国际(00656)公布2020年业绩：总收入1366亿元，收购DJULA、舍得酒、金徽酒等领先品牌,智通财经
2021-03-30,复星国际(00656)2020年末期息每股22港仙 归母净利约80.18亿元,智通财经
2021-03-30,复兴医药引进的CXCR4拮抗剂临床申请获受理,医药魔方Info
2021-03-30,复星医药吴以芳：不排除生物类似药会进集采，要做好产能准备,第一财经
2021-03-30,复星医药CEO：复星医药提交BioNTech在中国的疫苗数据,金十数据
2021-03-30,复星医药去年扣非净利润27亿增长22%，新冠疫苗利润未兑现已被叫停,搜狐
2021-03-30,复星医药2020年实现扣非净利润27.18亿元 同比增长21.65%,中证网
2021-03-30,智通港股通持股解析|3月30日,智通财经
2021-03-30,港股公告精选：比亚迪股份预计首季净利同比上升77.56%至166.34%,Wind
2021-03-30,复星医药去年净利增10.27% 全年研发投入逾40亿元,证券时报网
2021-03-30,复星医药(02196.HK)2020年纯利升10.27%至36.63亿元 过亿单品达39个,格隆汇
2021-03-29,复星医药：2020年盈利36.63亿人民币，同比增长10.27%,Wind
2021-03-29,复星医药2020年净利同比增逾一成 拟10派4.3元,上证报
2021-03-29,复星医药(02196)授权Gland Pharma投资印度当地共同基金及债券 单日最高余额不超过印度卢比200亿元,智通财经
2021-03-29,复星医药(02196)2020年归母净利同比增长10.27%至36.63亿元 每10股派4.3元,智通财经
2021-03-29,长荣海运：后续对长赐号的检查结果将决定该船是否能恢复其原定路线,Wind
2021-03-29,复星医药2020年净利同比增10% 研发费用同比增长36.94％,金融界
2021-03-29,复星医药：2020年度净利润约36.63亿元，同比增加10.27%,每日经济新闻
2021-03-29,29日公告精选：复星医药去年净利增10%；顺控发展收到深交所关注函,证券时报网
2021-03-29,复星医药年度报告：2020年净利润同比增长10% 拟10派4.3元,新浪
2021-03-29,复星医药：2020年营收303.06亿元 拟10派4.3元,金融界
2021-03-29,复星医药：2020年净利36.63亿元 同比增10%,e公司
2021-03-29,复星医药(600196.SH)2020年度扣非净利润升21.65%至27.18亿元 拟10派4.3元,格隆汇
2021-03-29,复星医药：2020年净利润同比增长10.27%,Wind
2021-03-29,看好医药赛道，A 股是不够的，如何一键南下布局,微信
2021-03-29,医药行业一周观察：继续推荐成长性确定且估值合理的优质标的,新浪
2021-03-29,百亿抗抑郁药市场迎洗牌！14个品种已过评，东阳光药、绿叶、豪森……10款1类新药发力,米内网
2021-03-29,背靠复星系的豫园股份：营收止步不前利润双位数增长,中华网
2021-03-29,67只港股获南向资金大比例持有,证券之星
2021-03-29,晨会0329｜悲观预期顶点已现，四月基本面破局,中信证券研究
2021-03-29,复宏汉霖-B（2696.HK）：三悍将商业化价值凸显，国际化视野加速推进创新升级,格隆汇
2021-03-28,复星医药：复宏汉霖获RX208研发、生产及商业化相关权利许可,格隆汇
2021-03-28,复星医药：控股子公司签署约束性条款书,Wind
2021-03-28,复星医药(600196.SH)：复宏汉霖获抗癌药RX208研发、生产及商业化相关权利许可,智通财经
2021-03-28,下周交易提醒：贵州茅台等近500家上市公司披露年报，13只新股连发，限售股解禁市值约338亿元,金融界
2021-03-27,复星医药：复宏汉霖就BRAFV600E抑制剂与润新生物签订许可协议,第一财经
2021-03-27,「财富周评榜」“医茅们”表现分化：迈瑞医疗市值涨304亿，“女人的茅台”爱美客周跌超13%,华夏时报
2021-03-27,科创板蓄势待发，中国生物制药2020处于业绩过渡期,药融圈
2021-03-26,抗疫一周年公益再出发 复星医疗加快“硬核”科技打造健康管理平台,证券日报网
2021-03-26,智通港股通持股解析|3月26日,智通财经
2021-03-26,协和发酵麒麟布罗索尤单抗新适应证获批；和黄医药1.69亿美元出售非处方药合资企业；复星医药新冠疫苗暂停港澳地区接种,GBIHealth
2021-03-25,医药行业发展迅猛，这些药企被看好,制药网
2021-03-25,阿斯利康新冠疫苗风波又起 拿下中国代理权的康泰生物还好吗？,华夏时报
2021-03-25,新冠疫苗出现瑕疵，港澳叫停接种！“千亿医药股”市值大跳水！,医药资讯地方台
2021-03-25,现场直击丨医药数字化发展到了哪一步？,药智网
2021-03-25,阿斯利康疫苗最新数据遭质疑，复星医药回应港澳暂停接种mRNA新冠疫苗,生物探索
2021-03-25,高度负责！复星医药新冠疫苗因少量瓶盖问题暂停在中国港澳注射 大陆地区处在II期临床阶段,产业经济新闻网
2021-03-25,每日理财观察：欧亚大动脉被“切断”！最新情况来了,Wind
2021-03-24,市场震荡摸底 北向资金逆势买入 业绩披露期关注低估值、高成长标的,大众证券报
2021-03-24,A股头条之上市公司公告（3.25）,金融界
2021-03-24,别慌！港澳暂停mRNA疫苗接种 和疫苗安全无关,新浪
2021-03-24,复星医药(02196.HK)称无理由认为mRNA疫苗相关批次产品安全可能存在风险,格隆汇
2021-03-24,复星医药：部分新冠疫苗产品存瑕疵，以通知有关部门暂停接种,Wind
2021-03-24,复星医药称疫苗在港澳暂停使用并封存，系对产品安全负责，AH股双双下跌,时代在线
2021-03-24,发生了什么？港澳地区紧急叫停复必泰疫苗 复星医药股价跳水,e公司
2021-03-24,ETF日报 | 苏伊士运河被堵，2倍做多原油ETF盘前涨近5%,金融界
2021-03-24,香港食物及卫生局：暂停接种复必泰疫苗属预防性措施,21世纪经济报道
2021-03-24,国内重点创新药企，最新在研管线汇总,思齐俱乐部
2021-03-24,香港特区政府：复必泰疫苗涉事批次已注射15万剂,Wind
2021-03-24,香港特区政府：复必泰疫苗涉事批次已注射15万剂,金十数据
2021-03-24,BioNTech所产新冠疫苗存瑕疵 2020上半年为复星医药贡献利润14.52%,中华网
2021-03-24,午后跳水！药瓶封盖有瑕疵？这款新冠疫苗突遭“喊停”，千亿市值医药股急跌8%，公司紧急调查,每日经济新闻
2021-03-24,复星医药：港澳暂停接种BioNTech疫苗不会对公司正常生产经营造成重大影响,金融界
2021-03-24,港股收盘：恒生指数收跌2.03%，恒生科技指数跌3.07%,Wind
2021-03-24,港澳地区暂停一款疫苗接种，千亿白马闻声急跌，发生了什么,Wind
2021-03-24,突发！港澳地区暂停一款新冠疫苗接种，千亿大白马闻声急跌，公司紧急调查，港澳卫生部门也发声,证券时报网
2021-03-24,A股收盘综述：上证指数下滑1.3%，碳中和、券商、白酒板块冲高回落,Wind
2021-03-24,【异动股】复星医药(02196-HK)跌5.27%,财华社
2021-03-24,复星医药就澳门今日起暂停接种mRNA新冠疫苗通知作出回复,新浪
2021-03-24,疫苗暂停于香港、澳门使用并封存，复星医药午后跳水,第一财经
2021-03-24,今天谁在砸盘？“大宗商品之王”要背锅？,Wind
2021-03-24,快讯 | 复星医药：批号“210102”mRNA新冠疫苗封盖存在瑕疵，港澳地区今起暂停接种,财经网
2021-03-24,复星医药AH股跳水 疫苗暂停在香港、澳门使用并作封存,格隆汇
2021-03-24,复星医药午后跳水，AH股一度跌超6%,老虎证券
2021-03-24,【行情】复星医药港股跌超6%,金十数据
2021-03-24,复星医药跌幅扩大至7%,e公司
2021-03-24,【行情】复星医药午后快速下探，跌超5%,金十数据
2021-03-24,复星医药午后快速下探，股价跌近5%,Wind
2021-03-24,重庆首个肝癌创新药进入国内新药Ⅰ期临床试验,重庆商报
2021-03-24,复星医药：该疫苗本次暂停使用并作封存，预计不会对本集团的正常生产经营造成重大影响,金十数据
2021-03-24,复星医药：疫苗暂停于中国香港、澳门使用并作封存，系出于对产品安全高度负责的态度谨慎做出,e公司
2021-03-24,复星医药：疫苗暂停于中国香港、澳门使用并作封存，系出于对产品安全高度负责的态度谨慎做出,Wind
2021-03-24,复星医药：该疫苗系本集团获BioNTech许可引进区域内（即中国大陆及港澳台）、针对新型冠状病毒的mRNA新冠疫苗,金十数据
2021-03-24,突发消息！因包装瑕疵 港澳叫停BioNTech复必泰疫苗接种,FX168
2021-03-24,香港特区政府：因封盖包装有瑕疵，今日起暂停接种复必泰疫苗,格隆汇
2021-03-24,【行情】港股复星医药现跌2.78%,金十数据
2021-03-24,澳门特区政府：BioNTech新冠疫苗封盖包装有瑕疵，暂停接种,观察者网
2021-03-24,因封盖包装有瑕疵澳门今日起暂停接种mRNA新冠疫苗,金十数据
2021-03-24,交银国际：看好研发能力强、规模效应显着的器械龙头药企,新浪
2021-03-24,中国中免等9股获融资净买入超5000万元,第一财经
2021-03-24,【医药】结构性机会显现，关注业绩高增长个股――医药行业周报——中性,渤海证券研究
2021-03-24,68只港股获南向资金大比例持有,证券时报网
2021-03-24,智通港股通持股解析|3月24日,智通财经
2021-03-24,乐乎大兴违法发布房源信息遭罚 A轮获复星集团投资 其他违规处罚,中国经济网
2021-03-24,专家研讨会：“打开国门”发展经济，接种新冠疫苗尤为必要,澎湃新闻
2021-03-24,港澳:3月24日起暂停接种BioNTech疫苗，紧急调查封盖包装瑕疵问题 其他违规处罚,21世纪经济报道
2021-03-23,A股明日风口：制定重点行业领域数字化转型路线图,新浪
2021-03-23,百亿抗抑郁药市场迎洗牌！14个品种已过评，东阳光药、绿叶、豪森……10款1类新药发力,米内网
2021-03-23,2020年净利增幅超22% 金徽酒未来有四大看点,佳酿网
2021-03-23,医药生物行业周报：关注新冠疫苗接种提速带来的业绩弹性,新浪
2021-03-23,板块异动丨生物制药股集体上涨 天大药业涨超5%领涨,金融界
2021-03-23,67只港股获南向资金大比例持有,证券时报网
2021-03-23,智通港股通持股解析|3月23日,智通财经
2021-03-22,金徽酒(603919)：结构升级加速业绩超预期 复星系协同效应初步显现,新浪
2021-03-22,华润啤酒有意拿下白酒企业,Wind
2021-03-22,复星医药：2020年初公司成立全球研发中心,每日经济新闻
2021-03-22,南向资金高比例持有港股名单,证券之星
2021-03-21,年报解读|金徽酒产品和财务结构持续优化 正借力“复星系”拓展华东市场,财联社
2021-03-21,76个品种满足第五批集采要求！持续跟踪107周，本周11个品种通过（视同）一致性评价,医药云端工作室
2021-03-21,生物医药行业周报：新冠疫苗相继获批上市 密切关注一季度业绩,新浪
2021-03-19,复星医药又一自研抗癌药获批临床试验,生物探索
2021-03-18,抗肿瘤新药行业专题系列2：血癌篇：三大靶向新品层出 CAR-T疗法蓄势待发,渤海证券
2021-03-18,复星医药子公司YP01001胶囊获批开展针对晚期实体瘤的临床试验,新浪
2021-03-17,复星医药新药临床试验获批 2026年一线肝癌靶向药市场规模或超百亿,每日经济新闻
2021-03-17,晚间重要公告2021年3月17日星期三,Wind
2021-03-17,复星医药(02196.HK)：YP01001胶囊用于晚期实体瘤治疗临床试验获批,格隆汇
2021-03-17,2020中国生物药研发实力排行榜TOP5企业管线分析,药智网
2021-03-17,复星医药(600196.SH)：YP01001胶囊用于治疗晚期实体瘤获批临床试验,格隆汇
2021-03-17,复星医药：YP01001胶囊临床试验获批,Wind
2021-03-17,复星医药(02196.HK)3月29日举行董事会会议审批年度业绩,格隆汇
2021-03-17,3月17日晚间重要行业研究汇总(附股),中金在线
2021-03-17,渤海证券--医药行业周报：关注一季度业绩同比高增长的优质个股【行业研究】,金融界股吧
2021-03-17,【医药】关注一季度业绩同比高增长的优质个股――医药行业周报——中性,渤海证券研究
2021-03-16,抗肿瘤新药行业专题系列1：实体瘤靶点篇：百舟竞流 何以争锋,渤海证券
2021-03-16,【行情】疫苗股盘中跳水，智飞生物跌超4%，康希诺-U、复星医药、康华生物转跌,金十数据
2021-03-16,67只港股获南向资金大比例持有,证券之星
2021-03-15,【异动股】复星医药(02196-HK)涨3.96%,财华社
2021-03-15,智通港股早知道︱(3月15日) 欧科云链(01499)等区块链概念短期有炒作 小米(01810)股价有望重回基本面,智通财经
2021-03-15,医药行业一周观察：板块战略配置价值显现 关注成长性与估值的匹配,新浪
2021-03-15,放过张坤、刘彦春吧,虎嗅APP
2021-03-14,智通港股公告精选︱(3.14)小米集团-W：认定为中国涉军企业的行政命令被美国法院叫停,智通财经
2021-03-14,复星医药(02196)拟采纳2021限制性股票激励计划(草案),智通财经
2021-03-12,复星医药(02196)拟向激励对象授予限制性股票不超过240.72万股,智通财经
2021-03-12,复星医药：发布2021年限制性股票激励计划,每日经济新闻
2021-03-12,复星医药(600196.SH)拟授出不超240.72万股A股限制性股票,智通财经
2021-03-12,复星医药(600196.SH)拟推不超240.72万股限制性股票激励计划,格隆汇
2021-03-12,【异动股】复星医药(02196-HK)跌3.11%,财华社
2021-03-12,智通港股通持股解析|3月12日,智通财经
2021-03-12,辉瑞疫苗无症状感染保护力达94%；GSK/Vir中和抗体降低住院/死亡风险85%,药明康德
2021-03-11,石药集团、恒瑞医药、齐鲁制药、复星医药，哪个会成为未来的行业龙头呢？,汇聚南药
2021-03-11,大医药细分领域，CXO渐成“时代宠儿”,Wind
2021-03-11,上海市发布重大工程项目清单，15家上市公司榜上有名,云掌财经
2021-03-11,复星医药(02196-HK)：复宏汉霖用于一线治疗转移性结直肠癌启动II/III期临床研究,财华社
2021-03-11,复星医药(600196.SH)：治疗转移性结直肠癌相关方案启动II/III期临床研究,智通财经
2021-03-11,复星医药(600196.SH)：HLX10联合HLX04及化疗用于一线治疗转移性结直肠癌启动II/III期临床研究,格隆汇
2021-03-11,异动直击|医药股集体走高，石药涨10%，信达生物涨8%,富途证券
2021-03-11,南向资金高比例持有港股名单,证券之星
2021-03-11,两融余额持续缩减，科创板次新股获资金关注,Wind
2021-03-10,详解复星医药的四大核心业务，未来能赶上恒瑞医药吗？,云掌财经
2021-03-10,30亿！今年民企最大规模公司债花落红星美凯龙控股集团,金融界
2021-03-10,渤海证券--医药行业周报：中短期关注业绩同比高增长的细分领域优质企业【行业研究】,金融界股吧
2021-03-10,3月，医药公司高管离职潮还在继续！ 董监高成员变化,制药网
2021-03-10,【医药】中短期关注2020Q1业绩高增长的细分领域优质企业——医药行业周报——中性,渤海证券研究
2021-03-09,复兴医药的“灰犀牛”：高管频繁离职，百亿融资大幕再度开启 董监高成员变化,华夏时报
2021-03-09,解密主力资金出逃股连续5日净流出421股,证券时报网
2021-03-09,2021券商医药行业动态（第11周）,Wind
2021-03-09,69只港股获南向资金大比例持有,证券之星
2021-03-09,智通港股通持股解析|3月9日,智通财经
2021-03-08,【招商策略】新成立基金规模回升，美债收益率持续上行——金融市场流动性与监管动态周报（0308）,招商策略研究
2021-03-08,复星医药(02196)：每手“17 复药 01”将于3月15日派息34.8元,智通财经
2021-03-08,复星医药(02196.HK)“17复药01”将于3月15日付息,格隆汇
2021-03-08,医药行业一周观察：大小市值表现分化 关注二线优质公司的机会,新浪
2021-03-08,复星医药：控股子公司复星实业持有BioNTech普通股158.08万股,每日经济新闻
2021-03-08,【异动股】复星医药(02196-HK)跌4.77%,财华社
2021-03-08,70只港股获南向资金大比例持有,证券之星
2021-03-05,复星医药(02196)聘任 Aimin Hui 为公司执行总裁,智通财经
2021-03-05,复星医药(02196.HK)聘任Aimin Hui为执行总裁,格隆汇
2021-03-05,复星医药(600196.SH)：聘任AiminHui为公司执行总裁,格隆汇
2021-03-05,创新药行业专题：迎来黄金发展期 迈向国际化的星辰大海,新浪
2021-03-04,【异动股】复星医药(02196-HK)跌3.97%,财华社
2021-03-04,"【行情】新冠检测板块持续下跌，安图生物封跌停，万泰生物、金域医学跌逾7%，艾德生物、复星医药、华大基因、利德曼等跟跌
连续下跌",金十数据
2021-03-04,【行情】医美概念股持续走弱，爱美客跌逾11%，华熙生物、爱尔眼科跌幅超6%，复星医药、奥园美谷、澳洋健康等跟跌,金十数据
2021-03-04,南向资金高比例持有港股名单,证券之星
2021-03-03,复星医药参与三方签约 中国第一家儿童质子治疗中心战略协议在沪达成,证券日报网
2021-03-03,医药行业周报：估值切换下 什么变了、什么没变？,新浪
2021-03-03,渤海证券--医药行业周报：短期回调不改中长期配置逻辑【行业研究】,金融界股吧
2021-03-03,【医药】短期回调不改中长期配置逻辑——医药行业周报——中性,渤海证券研究
2021-03-02,郭广昌的复星开启A股“买买买”：逆势大采购 从酒买到化工,新浪
2021-03-02,龙头药企高管离职！多家药企高管被降薪！ 董监高成员变化,医药资讯地方台
2021-03-02,今日药闻|复星医药高管变动！副总裁陈战宇离职，李东久继任 董监高成员变化,富途证券
2021-03-02,快讯 | 复星医药：陈战宇辞职 李东久受聘任公司高级副总裁 董监高成员变化,财经网
2021-03-02,犀牛财经早报：海底捞2020年净利降90%惠程科技变更为ST惠程,GPLP犀牛财经
2021-03-01,复星医药：复星医药关于高级管理人员辞职的公告 董监高成员变化,新浪
2021-03-01,犀牛财经晚报：特斯拉否认做换电业务PP体育解除中超版权协议,GPLP犀牛财经
2021-03-01,复星医药(02196.HK)：陈战宇辞任副总裁 董监高成员变化,格隆汇
2021-03-01,复星医药：聘任李东久为公司高级副总裁,e公司
2021-03-01,复星医药：陈战宇辞去副总裁职务 董监高成员变化,Wind
2021-03-01,疫苗 | 又有2款新冠疫苗上市 盘点国内COVID-19疫苗研发现状,CPhI制药在线
2021-03-01,【异动股】复星医药(02196-HK)涨3.01%,财华社
2021-03-01,复星医药独家授权德国疫苗获进展 入围中国香港、澳门采购名单,产业经济新闻网
2021-03-01,多家知名药企研发榜单来了！,医药资讯地方台
2021-03-01,中国医药企业研发投入哪家强？新出炉的榜单来了,制药网
2021-02-28,香港新增22例新冠肺炎确诊病例，累计破1.1万例,Wind
2021-02-28,陆家嘴财经早餐2021年2月28日星期日,Wind
2021-02-27,复星医药和BioNTech共同宣布，首批mRNA新冠疫苗抵达中国香港和澳门,Wind
2021-02-27,香港第二款新冠疫苗首批58.5万剂抵港，下周开始预约接种,Wind
2021-02-27,首批58.5万剂复必泰新冠疫苗运抵香港,证券时报网
2021-02-27,首批复星医药／德国药厂拜恩泰科新冠疫苗今早运抵香港,科创板日报
2021-02-26,"复星医药(02196.HK) ""16复药01""拟于3月4日付息及摘牌",格隆汇
2021-02-26,复星医药(02196.HK)完成发行15亿元超短期融资券,格隆汇
2021-02-26,复星医药(02196.HK)完成发行2021年第一期超短期融资券,格隆汇
2021-02-26,解密主力资金出逃股连续5日净流出539股,证券时报网
2021-02-26,复星医药(600196.SH)完成发行2021年度第一期超短期融资券,格隆汇
2021-02-26,每日药闻|玻尿酸龙头华熙生物增收不增利；两款国产新冠疫苗获批,云掌财经
2021-02-26,【国泰君安国际】晨报：美债收益率新高，挖掘周期和低估品种 20210226,国泰君安证券香港
2021-02-26,医药行业2020年报及2021年一季报业绩前瞻：2020分化巨大 21Q1恢复良好,新浪
2021-02-26,首批10.5万剂！mRNA新冠疫苗将在中国澳门启动接种,南都报
2021-02-26,今日药闻|复星医药mRNA新冠疫苗获澳门特别许可进口批准,富途证券
2021-02-26,69只港股获南向资金大比例持有,证券之星
2021-02-26,A股早报2021年2月26日星期五,Wind
2021-02-26,中泰证券：国内新冠病毒疫苗进入兑现期，关注有望首批兑现利润的相关企业,Wind
2021-02-26,昨夜今晨重大事件汇总,第一财经
2021-02-26,华安中证细分医药ETF净值下跌3.49%,新浪
2021-02-26,中泰证券：国内新冠病毒疫苗进入兑现期 关注有望首批兑现利润的相关企业,证券时报网
2021-02-26,华安中证细分医药ETF联接A净值下跌3.23%,新浪
2021-02-25,智通港股公告精选︱(2.25)网易全年净收入增长24%至737亿元 康希诺生物新冠疫苗附条件获批上市,智通财经
2021-02-25,公告精选丨美的集团今日耗资3亿元回购320万股，这三家锂电池龙头又有大动作,21世纪经济报道
2021-02-25,晚间重大事件汇总,第一财经
2021-02-25,【行业一线】爱美客6天急跌26%！医美行业还值得看好吗？,财华社
2021-02-25,复星医药和BioNTech宣布mRNA新冠疫苗获澳门特别许可进口批准,中证网
2021-02-25,晚间重要公告2021年2月25日星期四,Wind
2021-02-25,复星医药：中国澳门向公司采购首批10.5万剂mRNA新冠疫苗BNT162b2,格隆汇
2021-02-25,复星医药：mRNA新冠疫苗BNT162b2获得中国澳门特别行政区卫生局特别许可进口批准、供中国澳门卫生局使用于当地新冠病毒疫苗接种计划，所涉疫苗数量不超过10.5万剂,金十数据
2021-02-25,复星医药：澳门政府计划采购共计40万剂mRNA新冠疫苗BNT162b2,e公司
2021-02-25,新冠病毒疫苗研究系列8：新冠一周年：疫苗接种和病毒变异 未来会如何？,新浪
2021-02-25,复星医药(600196)：持续创新转型 大体量迎来高增长,新浪
2021-02-25,39家上市公司要换老板，这一波易主潮有何不同,Wind
2021-02-24,因出口程序待完成 复必泰疫苗25日无法抵港,中新网
2021-02-24,渤海证券--医药行业月报：海外疫情显拐点，高估值板块风险释放【行业研究】,金融界股吧
2021-02-24,【异动股】复星医药(02196-HK)跌3.48%,财华社
2021-02-24,42家国内重点创新药企最新在研管线汇总，快来get！,药通社
2021-02-24,嘉实中证医药卫生ETF净值下跌4.21%,新浪
2021-02-24,富国中证医药50ETF净值下跌4.73%,新浪
2021-02-24,进口高端医美器械占比达80％ 国内企业需“虎口夺食”,证券日报
2021-02-23,Beam4.4亿美元收购Guide，基因药物“接力赛”开始，传统药企还有机会吗？,E药经理人
2021-02-23,医药行业周报：生物类似药相似性评价正式启动,新浪
2021-02-23,【异动股】复星医药(02196-HK)涨3.32%,财华社
2021-02-23,【行情】港股药品股造好，中国生物制药涨超12%，四环医药涨超7%，复星医药涨近4%,金十数据
2021-02-23,今日上市ETF | 竞争激烈！跟踪创新药指数的ETF又来了，重仓药明康德和恒瑞医药,每日经济新闻
2021-02-23,智氪|4000亿的“医药茅台”亿药明康德，凭什么3年涨5倍？,36氪
2021-02-23,南向资金高比例持有港股名单,证券之星
2021-02-23,智通港股通持股解析|2月23日,智通财经
2021-02-23,上海复星医药（集团）股份有限公司,中证报
2021-02-22,复星医药：积极推进新型冠状病毒mRNA疫苗上市进展,每日经济新闻
2021-02-22,复星医药(02196)聘请中金公司担任非公开发行A股股票工作的保荐机构,智通财经
2021-02-22,复星医药(02196.HK)拟变更保荐机构及保荐代表人,格隆汇
2021-02-22,复星医药(02196.HK)参与设立的投资基金完成私募投资基金备案,格隆汇
2021-02-22,【异动股】复星医药(02196-HK)跌3.22%,财华社
2021-02-22,2021年，创新转型将成传统药企发展重点,制药网
2021-02-21,华东医药靠医美“出圈” 传统药企涉足医美会是门好生意吗？,全景网
2021-02-21,7年内二次退市，不是美股宠儿的和睦家，能受A股欢迎吗？,AI财经社
2021-02-20,【浙商医药|孙建】周报：“恐高”回调，坚守主线,杏林建研
2021-02-20,辉瑞拜恩泰科称疫苗无需超低温存储 有望扩大供给范围,第一财经
2021-02-20,首批科兴新冠疫苗运抵香港,Wind
2021-02-19,ADC抗体偶联药物进入爆发期，恒瑞、荣昌生物、高瓴等抢占百亿市场,药通社
2021-02-19,6个新冠疫苗品种已开展III期临床试验，疫苗股业绩飙升，如何布局？,第一财经
2021-02-19,68只港股获南向资金大比例持有,证券之星
2021-02-19,智通港股通持股解析|2月19日,智通财经
2021-02-18,神榜单再现！2021热销药物预测：美罗华、安维汀均出局,健识局
2021-02-18,第四批国采启动，最新竞争格局分析,赛柏蓝
2021-02-18,刚刚！第四批国采中选结果正式公布（附Excel版名单）,赛柏蓝
2021-02-18,Wind医药：每日行业动态（2021-02-18）,Wind
2021-02-18,【异动股】复星医药(02196-HK)跌3.33%,财华社
2021-02-18,复星医药：控股子公司NovelstarNS002片获美国FDA药品临床试验批准,资本邦
2021-02-18,北向资金大幅加仓股名单,证券时报网
2021-02-18,【早间资讯】2021-02-18,大通证券投教基地
2021-02-18,股海导航 2月18日沪深股市公告提示,新浪
2021-02-17,A股明日风口：春节档期票房破75亿 美国得州严寒天气扰乱能源市场,新浪
2021-02-17,公告精选丨君实生物、复星医药子公司相关申请均获批 华东医药拟收购HighTech公司,21世纪经济报道
2021-02-17,公告精选：科华数据中标腾讯定制化数据中心项目；上海机场1月旅客吞吐量同比降69%,e公司
2021-02-17,晚间公告｜2月17日这些公告有看头,第一财经
2021-02-17,经济学人全球头条：优衣库市值首超ZARA，香港迪士尼即将重新开放，韩国政府处罚三星掌门人,前瞻网
2021-02-17,复星医药：子公司获美国FDA药品临床试验批准,e公司
2021-02-16,香港新冠疫苗顾问专家委员会建议特区政府批准紧急使用科兴疫苗,Wind
2021-02-16,智通港股52周新高、新低统计|2月16日,智通财经
2021-02-16,【异动股】复星医药(02196-HK)跌3.06%,金融界
2021-02-16,【浙商医药|周报】新起点，强调中国优势,杏林建研
2021-02-11,智通港股通持股解析|2月11日,智通财经
2021-02-11,港股公告精选：美高梅中国2020年调整后EBITDA亏损13.7亿港元 亏损,Wind
2021-02-11,上市公司正负面新闻2021年2月11日星期四,Wind
2021-02-10,【公告抢先看】晚间重要公告：法院许可海航控股在重整期间继续营业并自行管理财产,金融界
2021-02-10,全国重点人群接种疫苗4052万剂次，疫苗产业链公司迎利好,第一财经
2021-02-10,晚间重要公告2021年2月10日星期三,Wind
2021-02-10,智通港股解盘(2.10) | 节后行情积极看好 多头排列品种可作为首选,智通财经
2021-02-10,晚间公告｜2月10日这些公告有看头,第一财经
2021-02-10,复星医药(02196)控股子公司Novelstar获美国FDA药品临床试验批准,智通财经
2021-02-10,复星医药：子公司NS002片获美国FDA药品临床试验批准,科创板日报
2021-02-10,复星医药(02196.HK)控股子公司获美国FDA药品临床试验批准,格隆汇
2021-02-10,医药行业周报：上级指引 推动中医药特色发展、医疗装备创新发展,渤海证券
2021-02-10,复星医药：NS002片获批美国FDA药品临床试验,格隆汇
2021-02-10,复星医药(600196.SH)：治疗炎性关节病新药NS002片相关临床试验获批,智通财经
2021-02-10,复星医药(600196.SH)：NS002片获批美国FDA药品临床试验,格隆汇
2021-02-10,复星医药：子公司新药获美国FDA药品临床试验批准,Wind
2021-02-10,鼠年行情完美收官！机构资金抱团取暖，节后还有哪些机会——骑牛看熊2月10日淘金收评,云掌财经
2021-02-10,复星医药港股午后持续走高，创两年半新高,Wind
2021-02-10,【行情】港股抗疫概念股午后相继走高，康希诺生物一度涨超13%，复星医药短线拉涨，现涨近10%，君实生物涨4.1%，京东健康涨2.8%,金十数据
2021-02-10,快讯：新冠检测板块拉升冲高 九强生物涨幅逾10%,新浪
2021-02-10,【行情】新冠检测板块午后拉升冲高,金十数据
2021-02-10,【异动股】复星医药(02196-HK)涨3.01%,财华社
2021-02-10,2020年全球医疗与生命科技报告之交易篇：盛筵开启，以创新升级应对万变挑战,36氪
2021-02-10,【医药】国办引发七大政策措施，推动中医药特色发展――医药行业周报——中性,渤海证券研究
2021-02-10,智通港股通持股解析|2月10日,智通财经
2021-02-09,连线CEO|声佗医疗普强凌：“硅谷科技”切入听力辅助赛道突破垄断掘金千亿蓝海,科创板日报
2021-02-09,J司压轴发了1888元新春红包,汇聚南药
2021-02-09,励晶太平洋(00575.HK)：江苏万邦医药已取得药品审评中心的临床试验审批,格隆汇
2021-02-09,医药行业一周观察：疫情或转为持久战 行业景气度提升,新浪
2021-02-09,第四批国采中选结果 百亿市场进口替代开始,医药网
2021-02-09,智通港股通持股解析|2月9日,智通财经
2021-02-09,跟拥有多家上市公司的企业集团聊聊协同价值管理,搜狐
2021-02-08,今日尾盘资金抢筹这些个股,证券时报网
2021-02-08,复星医药(02196.HK)：苏州基金的认缴出资额将增至10亿元,格隆汇
2021-02-08,上周五融资买入前50名个股排名,财富动力网
2021-02-08,南向资金高比例持有港股名单,证券之星
2021-02-08,智通港股通占比异动统计|2月8日,智通财经
2021-02-08,医药生物行业：第二款国产新冠疫苗获批上市 看好疫苗大时代背景下的新冠增量,新浪
2021-02-07,生物医药行业周报：第四批集采正式开标 拟中选药品平均降幅52%符合预期,新浪
2021-02-07,A股明日风口：北京成数字人民币红包试点第三城 “缺芯”困局蔓延,新浪
2021-02-06,第四轮集采结果公布，国内药企或迎发展契机！,国元证券订阅号
2021-02-05,【浙商医药|孙建】API：新集采落地，乌云镶金边,杏林建研
2021-02-05,核酸检测是门好生意吗？上市公司净利润暴涨数十倍,36氪
2021-02-05,2月5日晚间重要行业研究汇总(附股),中金在线
2021-02-05,中信证券：第四批带量采购降价符合预期 未来带量采购对市场冲击料将减小,证券时报网
2021-02-05,【异动股】复星医药(02196-HK)涨3.54%,财华社
2021-02-05,复星医药：控股子公司天津谦达与关联方复星商社拟成立合资公司,资本邦
2021-02-05,国信证券：国内龙头有望通过集采快速放量抢占市场份额 更看好积极转型创新药的企业,证券时报网
2021-02-05,智通港股通占比异动统计|2月5日,智通财经
2021-02-05,69只港股获南向资金大比例持有,证券时报网
2021-02-05,复星医药(02196-HK)设合资强化医疗物资供应链平台,财华社
2021-02-04,格隆汇港股聚焦(02.04)︱中芯国际第四季纯利升189.7%；万科首月合同销售714.7亿元,格隆汇
2021-02-04,复星医药(02196)：复星医药产业拟按持股比例向复星凯特增资1000万美元,智通财经
2021-02-04,复星医药(02196)附属拟出资2550万元设立合资公司,智通财经
2021-02-04,复星医药(02196.HK)：复星医药产业拟认缴复星凯特新增注册资本1000万美元,格隆汇
2021-02-04,复星医药(02196.HK)拟成立合资海南复星商社医疗贸易,格隆汇
2021-02-04,复星医药(600196.SH)拟携复星商社设海南合资公司拓展并强化医疗物资供应链平台,智通财经
2021-02-04,复星医药：控股子公司拟为其全资子公司汉霖制药提供1亿元担保 大额借贷担保,每日经济新闻
2021-02-04,复星医药(600196.SH)：控股子公司与复星商社拟共设新公司,格隆汇
2021-02-04,复星医药(600196.SH)：控股子公司与Kite Pharma拟按所持复星凯特股权比例对其进行增资,格隆汇
2021-02-04,江苏柯伦迪医疗技术有限公司环境违法被罚22万元 环保处罚,每日经济新闻
2021-02-04,联手中融人寿，海航投资进击转型,投资家
2021-02-04,【异动股】复星医药(02196-HK)跌3.19%,财华社
2021-02-04,【医药】第四批集采报价落幕，规模化仿制药平台或长存――医药行业点评——中性,渤海证券研究
2021-02-04,医药行业重大事项点评：第四批带量采购拟中选结果产生 降价幅度符合预期,新浪
2021-02-03,智通港股公告精选︱(2.3)心通医疗-B公开发售获认购超769倍 每股发售价12.2港元,智通财经
2021-02-03,多家上市药企报喜拟中标药品集采，集采常态化医药板块如何走？,第一财经
2021-02-03,最高降幅95%！第四批药品带量采购竞标新出炉,格隆汇
2021-02-03,复星医药(02196)完成发行16亿元公司债 票面利率为3.98%,智通财经
2021-02-03,复星医药(02196)2021年公开发行公司债券(第一期)品种一发行规模为16亿元,智通财经
2021-02-03,复星医药(02196.HK)发行16亿元公司债券,格隆汇
2021-02-03,2月3日晚间重要行业研究汇总(附股),中金在线
2021-02-03,三大指数弱势震荡沪指跌0.46%，科技股大幅跳水，北向资金净买入34亿,和讯
2021-02-03,重磅！第四批国采最全报价流出（附表格）,赛柏蓝
2021-02-03,第四轮国家药品集采：复星医药子公司中标索拉非尼,格隆汇
2021-02-03,第四批集采结果将在5月执行 机构看好这些药企,制药网
2021-02-03,68只港股获南向资金大比例持有,证券之星
2021-02-02,智通港股公告精选︱(2.2)保利协鑫能源签署多晶硅采购协议 预估合同总额73.28亿元,智通财经
2021-02-02,南钢股份28亿拿下控股权，万盛股份成“复星系”A股老八,云掌财经
2021-02-02,复星医药(02196.HK)拟为控股子公司提供担保 大额借贷担保,格隆汇
2021-02-02,复星医药：为控股子公司提供人民币1亿元及3000万美元担保 大额借贷担保,每日经济新闻
2021-02-02,欧洲药品管理局加速评审国产CAR-T疗法，上市或提速,奥一网
2021-02-02,复星医药：为控股子公司复星医药产业提供1亿元及3000万美元担保 大额借贷担保,每日经济新闻
2021-02-02,Wind医药：每日行业动态（2021-02-02）,Wind
2021-02-02,10万剂灭活疫苗本周抵达澳门，春节前后三类人群可优先接种，每位受种者500元预算含保险费,21世纪经济报道
2021-02-02,复星医药新型冠状病毒肺炎mRNA疫苗药品批准证明文件待领取,新浪
2021-02-02,布局mRNA技术赛道，复星医药（02196）国际化之路越走越宽,智通财经
2021-02-02,【干货】医药产业链全景梳理及区域热力地图,前瞻研究院
2021-02-01,格隆汇港股聚焦(02.01)︱富力地产1月总销售收入升77%至113.6亿元；荣晖国际年度纯利预增1.7倍,格隆汇
2021-02-01,复星医药(600196.SH)认购私募基金份额促进在大健康产业相关领域的布局,智通财经
2021-02-01,周二最新重磅公司传闻集锦(2月2日),证券之星
2021-02-01,复星医药(02196.HK)拟出资1900万美元认购MGBⅢ基金份额,格隆汇
2021-02-01,复星医药：子公司拟1900万美元认购私募基金份额,e公司
2021-02-01,复星医药(600196.SH)：复星实业拟认购1900万美元MGBⅢ基金份额,格隆汇
2021-02-01,喝酒开车 郭广昌的“汽车大计”还差哪一块？,新浪
2021-02-01,万盛股份拟迎新东家 有望成为复星系一员,证券日报网
2021-02-01,艾德证券期货：心纬医疗递交赴港IPO申请，押注脑卒中百亿级市场,新浪
2021-02-01,【异动股】复星医药(02196-HK)涨5.57%,财华社
2021-02-01,这些药企研发实力强劲，建立起强者恒强的壁垒,制药网
2021-02-01,南向资金高比例持有港股名单,证券之星
2021-02-01,医药生物行业报告简版：药品集采常态化推进 看好创新主线、API+制剂一体化龙头企业,新浪
2021-02-01,药品集采制度走向常态化，采购范围将有序扩大,兴证医药健康
2021-01-31,爱酒也爱车！不断进击的郭广昌，还在等待什么机会？,野马财经
2021-01-29,复星mRNA新冠疫苗2月下旬抵港，内地上市正加速推进,中国经济周刊
2021-01-29,医药行业重大事项点评：国务院发布药品带量采购意见 应采尽采 范围更广,新浪
2021-01-29,复星医药(02196.HK)：2021年公司债(第一期)品种一票面利率为3.98%,格隆汇
2021-01-29,中泰证券--医药生物行业周报：CRO/CDMO行情将如何延续？长坡厚雪，未来可期【行业研究】,金融界股吧
2021-01-29,郭广昌“猎A”新收获，一年内耗资近百亿 “复星系”版图再扩,资本邦
2021-01-29,港交所辅助生殖基因检测第一股贝康医疗本周招股 超额认购已达78倍,IPO早知道
2021-01-29,《自然》子刊综述：乳腺癌的治疗现状与未来,药明康德
2021-01-29,郭广昌27.6亿入主万盛股份 九个月耗百亿收购三家A股公司,长江商报
2021-01-29,郭广昌A股购物车又添新，揽入万盛股份即大涨，复星系32家全名单来了,证券时报网
2021-01-28,透视郭广昌A股“7子”版图,北京商报
2021-01-28,万盛股份易主，郭广昌再下一城，复星系A股公司将达8家 控制人变化,第一财经
2021-01-28,郭广昌28亿拟入万盛股份染指阻燃剂市场 复星系A股版图再下一城,时代在线
2021-01-28,明星基金年化收益不到4%！在基金圈追星，这事儿不靠谱,易简财经
2021-01-28,透视郭广昌A股版图7家公司业绩分化明显,北京商报
2021-01-28,曹名长管理的中欧恒利年化收益不到4%:在基金圈追星 这事儿不靠谱,易简财经
2021-01-28,人民金融·创新药指数涨1.16% | 国内首款CAR-T大概率延后上市，多款重磅创新药研发取得积极进展,证券时报网
2021-01-28,股转加定增 万盛股份将易主复星系郭广昌 控制人变化,GPLP犀牛财经
2021-01-28,浙商证券--医药行业周报：CXO/IVD业绩预喜，疫情下持续高景气【行业研究】,金融界股吧
2021-01-28,封面新闻丨国产疫苗全部用进口瓶？我国医用玻璃了解一下！,中国科技网
2021-01-28,涨停板被炸！豪掷28亿元，郭广昌“复星系”又拿下一家A股公司,中证报
2021-01-28,复星集团郭广昌：复星的未来，坚定去做对的事、难的事和需要时间积累的事,凤凰网
2021-01-28,郭广昌又出手！1个月内拿下两家A股公司，3000多亿复星系又火了,中国基金报
2021-01-28,创新成为传统药企们不能回避的话题 一批企业正在转型路上,制药网
2021-01-28,每日“药”闻|沃森生物业绩大增；泰格医药投资收益10亿元,云掌财经
2021-01-28,万盛股份拟易主“复星系”，郭广昌将掌控8家A股公司！ 控制人变化,环球老虎财经
2021-01-28,郭广昌出手！万盛股份复牌一度涨停，市值突破百亿大关,第一财经
2021-01-28,复星医药拟发行2021年第一期公司债券 基础发行规模10亿元,全景网
2021-01-28,郭广昌将掌控8家A股公司 8个月连演3场并购大戏,上证报
2021-01-28,8个月连演3场并购大戏！郭广昌将掌控8家A股公司,上证报
2021-01-28,71只港股获南向资金大比例持有,证券时报网
2021-01-28,心玮医疗递交赴港IPO申请 复星医药、国投创合为股东,新浪
2021-01-28,权益投资乘风起，银行理财为A股注“活水”,Wind
2021-01-27,万盛股份连发股权转让与定增方案 将易主”复星系“郭广昌 资产异常,e公司
2021-01-27,格隆汇港股聚焦(01.27)︱建业新生活年度纯利预增逾八成；药明生物年度净利预增超65%,格隆汇
2021-01-27,智通港股公告精选︱(1.27) 药明生物预期2020年度股东应占利润同比增65%以上,智通财经
2021-01-27,【银华基金】交易日报 2021-1-27,新浪
2021-01-27,复星首批新冠疫苗2月抵港 争取尽快在内地应用,时代在线
2021-01-27,三大百强榜，这些药企入选（附名单）,赛柏蓝
2021-01-27,复星医药(02196)拟发行2021年公司债券(第一期),智通财经
2021-01-27,复星医药(02196-HK)子公司获药品临床试验批准,财华社
2021-01-27,复星医药：子公司药品注射用FN-1501获批临床试验,科创板日报
2021-01-27,胰岛素市场群雄角逐 无集采压力的甘李药业能否一飞冲天？,新浪
2021-01-27,上海复星高科技(集团)增持复星医药(02196)265万股，每股作价38.23港元,智通财经
2021-01-27,复星医药(02196.HK)：注射用FN-1501获药品临床试验批准,格隆汇
2021-01-27,复星医药注射用FN-1501I期临床研究获NMPA批准,新浪
2021-01-27,复星医药(600196.SH)子公司药品注射用FN-1501获批临床试验,格隆汇
2021-01-27,【权益变动】复星医药(02196-HK)获上海复星高科技(集团)增持265万股,财华社
2021-01-27,复星医药：目前公司已启动2020年相关减值测试工作,Wind
2021-01-27,南向资金高比例持有港股名单,证券之星
2021-01-26,即将于2月下旬抵港的复星新冠疫苗，如何保证储运安全？,第一财经
2021-01-26,首批疫苗2月抵港，复星医药：正推动新冠疫苗尽快在内地应用,澎湃新闻
2021-01-26,【会议直击】复星医药(02196-HK):BioNTech疫苗将于2月底供香港,财华社
2021-01-26,复星医药回应mRNA新冠疫苗大陆上市：尽快！,金十数据
2021-01-26,生物制品(一致评级)概念股近三日受10亿主力资金追捧,证券时报网
2021-01-26,栖霞金矿确认10人遇难 复星系招金矿业股价走势平稳,中国经济网
2021-01-26,2020医药三大榜：重复率超60%，39家企业“三榜同入”，独榜企业特点是？,药智网
2021-01-26,面对biotech后浪 人福等一众传统药企如何“求生”逆袭？,E药经理人
2021-01-26,每日“药”闻| 针对变异新冠病毒，Moderna开始研发增强版疫苗；辉瑞疫苗在香港获批,读懂财经
2021-01-26,半导体巨头酝酿新一轮涨价芯片短缺何时能够遏制？,搜狐
2021-01-26,阳光电源预计去年净利润翻番 一类股业绩超预期利好股价,巨丰财经
2021-01-26,智通港股通持股解析|1月26日,智通财经
2021-01-26,犀牛财经早报：营口港股票终止上市金信诺实控人黄昌华协助调查,GPLP犀牛财经
2021-01-26,智通港股早知道︱(1月26日) 快手科技(01024)定于26-29日公开招股，关注赣锋锂业(01772)股价强势,智通财经
2021-01-26,香港特区政府认可复星医药／德国药厂拜恩泰科新冠疫苗在港紧急使用,新华网
2021-01-26,【中证盘前】西水股份2020年预亏87.36亿；蓝思科技等业绩大幅预增；五连板永吉股份澄清无雾化电子烟相关业务收入,中证报
2021-01-26,南向资金抱团买买买，买上港股30000点,Wind
2021-01-25,智通港股公告精选︱(1.25) 百奥家庭互动获腾讯收购3.26亿股 腾讯将成为主要股东,智通财经
2021-01-25,格隆汇港股聚焦(01.25)︱复星医药新冠疫苗获批在香港紧急使用；腾讯将成为百奥家庭互动主要股东,格隆汇
2021-01-25,财闻点金：上海将大力建设充电设施 行业有望迎来增速拐点,巨丰财经
2021-01-25,美股盘前：重磅财报组团来袭 大型科技股保持强势,财联社
2021-01-25,复星医药mRNA疫苗获中国香港地区紧急使用认可,证券日报网
2021-01-25,复星医药和BioNTech SE宣布mRNA新冠疫苗于中国香港获紧急使用认可,中证网
2021-01-25,春运返乡核酸检测需求将达6亿次，背后这家企业利润最高增70倍！,电商报
2021-01-25,大公司动态丨华为要卖手机业务？官方回应来了！,第一财经
2021-01-25,科创板晚报|上海：争取集成电路12纳米先进工艺规模量产EDA公司芯华章完成A+轮融资,科创板日报
2021-01-25,A股明日风口：FF计划中国设厂 香港批准BioNTech新冠疫苗紧急使用,新浪
2021-01-25,复星医药(02196.HK)收到中证监行政许可项目审查反馈意见,格隆汇
2021-01-25,复星医药(600196.SH):mRNA新冠疫苗BNT162b2获认可于中国香港紧急使用,智通财经
2021-01-25,复星医药：mRNA新冠疫苗BNT162b2获认可于香港紧急使用,Wind
2021-01-25,复星、BioNTech新冠疫苗在港获批紧急使用 首批预计2月下旬抵港,新浪
2021-01-25,城市数字化转型利好上海医药业未来发展｜直击上海两会,第一财经
2021-01-25,大消费概念股近三日最受主力资金青睐,证券时报网
2021-01-25,每日医药牛股点评|康龙化成2020年净利润高增长，股价却暴跌,富途证券
2021-01-25,医药“三大榜”：42家企业“三榜同入”，独榜企业差异“巨大”,药智网
2021-01-25,一键布局医药创新龙头 工银创新药产业ETF重磅发行,新浪
2021-01-25,70只港股获南向资金大比例持有,证券时报网
2021-01-25,智通港股通持股解析|1月25日,智通财经
2021-01-25,400年老字号冲刺A股，成本不足6元，撑起了近5亿营收,每日经济新闻
2021-01-24,医疗健康行业周报 | 西湖生物医药完成近亿元Pre-A＋轮融资；复宏汉霖“阿达木单抗”新适应症获批,36氪
2021-01-24,热门融资标的股票分析,华龙掘金
2021-01-23,复星医药(02196-HK)控股股东增持计划实施进展,财华社
2021-01-22,格隆汇港股聚焦(01.22)︱华润啤酒年度纯利大幅预增与50%；中信银行2020年度初步净利489.8亿元,格隆汇
2021-01-22,港股IPO|心玮医疗港股上市在即，已向证监会提交境外上市审批材料,资本邦
2021-01-22,复星医药(02196.HK)：2020年3月以来控股股东增持比例达1.10%,格隆汇
2021-01-22,复星医药(600196.SH)获控股股东增持2808.4万股H股 增持比例达1.1%,智通财经
2021-01-22,复星医药(600196.SH)2020年3月以来控股股东增持比例达1.10%,格隆汇
2021-01-22,复星医药：控股股东累计增持2808万股H股,Wind
2021-01-22,下周业绩披露高峰，“天雷滚滚”现冰山一角,Wind
2021-01-22,国产创新药正加快拥抱国际市场的星辰大海,制药网
2021-01-22,肺炎检测概念股连续大涨 主力大幅进场扫货,第一财经
2021-01-22,高开高走 涨超9%！药明康德A股市场突破4000亿,新浪
2021-01-22,解盘：科技、金融普跌，锂矿、肺炎检测、电源设备略涨,Wind
2021-01-22,快讯：生物疫苗板块走强 生物股份、海利生物先后封板,新浪
2021-01-22,【权益变动】复星医药(02196-HK)获ShanghaiFosunHighTechnology(Group)增持250万股,财华社
2021-01-22,智通港股通持股解析|1月22日,智通财经
2021-01-21,净利润最高增长逾70倍，刚需之下核酸检测概念股又火了,第一财经
2021-01-21,逾10家千亿市值公司试水 “A拆A”或影响企业股权和产业布局规划,每日经济新闻
2021-01-21,最新国际与国内的“十大新药”公布，国内恒瑞、信达、复宏汉霖、再鼎,汇聚南药
2021-01-21,复星国际增持复星医药250万股，涉资9423万港元,老虎证券
2021-01-21,栖霞金矿事故已致1名矿工遇难 复星系间接持股,中国经济网
2021-01-21,返乡需持证 核酸检测业务继续吃香,36氪
2021-01-21,核酸检测公司火了，浙江湖州富豪身家88亿！25年前从复星离开,腾讯网
2021-01-21,恒指30000点得而复失 家居装修零售商板块领跌,中新经纬
2021-01-21,【异动股】复星医药(02196-HK)跌3.1%,财华社
2021-01-21,云顶新耀CEO荣膺“第十三届健康中国-十大医药产业人物”奖,美通社
2021-01-21,市场要闻 | 春节返乡需持证，“核酸检测”概念股风口要来了？,36氪
2021-01-21,2021券商医药行业周观点（第3周）,Wind
2021-01-21,中国稀土涨超60% 医药股活跃 高增长白马名单来了,网易
2021-01-21,A股医药股活跃，高增长医药白马名单来了,证券时报网
2021-01-21,数说A股：中国稀土飙涨超60％，A股医药股活跃，高增长医药白马名单来了,腾讯网
2021-01-21,华为内部人士：预留了芯片，用于下一代手机！中国稀土飙涨超60%，A股医药股活跃，高增长医药白马名单来了,证券时报网
2021-01-21,化学制药债研究框架二：化学制药债打分模型构建和应用,新浪
2021-01-21,68只港股获南向资金大比例持有,证券时报网
2021-01-21,智通港股通占比异动统计|1月21日,智通财经
2021-01-21,智通港股通持股解析|1月21日,智通财经
2021-01-20,春节返乡需持7日内核酸阴性证明，概念股名单奉上,21世纪经济报道
2021-01-20,春节返乡核酸检测成“刚需” 概念股名单奉上,中财网
2021-01-20,我国新冠疫苗接种量已超1500万人次，龙头业绩增长空间广阔丨牛熊眼,第一财经
2021-01-20,春节返乡需持7日内核酸阴性证明：核酸检测成“刚需”,财联社
2021-01-20,67只港股获南向资金大比例持有,证券时报网
2021-01-20,智通港股通占比异动统计|1月20日,智通财经
2021-01-20,智通港股通持股解析|1月20日,智通财经
2021-01-19,净利增速预计超1000%！医药股“新贵”背后的潜能,医药经济报
2021-01-19,2020科创板医药涨幅王……多只新冠试剂概念股疯狂破纪录,新浪
2021-01-19,【异动股】复星医药(02196-HK)涨3.39%,财华社
2021-01-19,新冠疫情之下 2021年全球生物医药行业七大趋势预测,E药经理人
2021-01-19,本月内，多家上市药企管理层变动引关注,制药网
2021-01-19,开盘：恒指 广汽集团发布快充电池澄清公告高开1.74%,金融界
2021-01-19,【行情】港股复星医药涨1.36%，香港专家顾问委员会批准使用复星BioNTech疫苗，称效益大于风险,金十数据
2021-01-19,智通港股通持股解析|1月19日,智通财经
2021-01-19,不被重视的复星医药,网易
2021-01-19,智通港股早知道︱(1月19日)快手通过港交所上市聆讯，留意广汽集团(02238)近期估值变动,智通财经
2021-01-18,智通港股公告精选︱(1.18)麦迪卫康公开发售获168.75倍认购 预期1月19日上市,智通财经
2021-01-18,复宏汉霖「阿达木单抗」新适应症获批！,医药地理
2021-01-18,晚间公告热点追踪：公司拟最多计提近8亿商誉减值 5.7万股民炸锅,新浪
2021-01-18,复星医药：控股子公司新药获药品注册补充申请审评受理,中证网
2021-01-18,复星医药(600196.SH)：阿达木单抗注射液新增葡萄膜炎适应症获药品注册补充申请受理,格隆汇
2021-01-18,复星医药(600196.SH)：董事姚方减持完毕累计减持32.27万股A股 减持股份,格隆汇
2021-01-18,复星医药(02196)：阿达木单抗注射液新增葡萄膜炎适应症获国家药监局药品注册补充申请审评受理,智通财经
2021-01-18,复星医药：姚方实际减持共计32.27万股公司A股股份 减持股份,Wind
2021-01-18,2020智慧医疗行业规模突破千亿大关 引来各大公司争先布局,中研网
2021-01-18,第四批国采即将启动，涉及45个品种！,医药资讯地方台
2021-01-18,首款国产CAR-T即将上市 高昂定价谁来买单？,E药经理人
2021-01-18,医药行业一周观察：龙头普遍回调，关注轮动机会,国信研究
2021-01-18,【权益变动】复星医药(02196-HK)获ShanghaiFosunHighTechnology(Group)增持199.05万股,财华社
2021-01-18,65只港股获南向资金大比例持有,证券时报网
2021-01-18,智通港股通持股解析|1月18日,智通财经
2021-01-18,辉瑞乳腺癌新药未进医保降价54％，弃医保转战商保成为外企新选择？,腾讯网
2021-01-18,医药行业政策点评：第四批集采开标在即 持续看好创新药及相关产业链,西南证券
2021-01-18,医药生物：CXO景气度持续高涨 重点推荐药明康德、凯莱英等,财富动力网
2021-01-17,热门融资标的股票分析,华龙掘金
2021-01-17,医药行业每周医览药闻：如何看待医药零售板块的政策机遇,新浪
2021-01-16,第四批国采启动，最新竞争格局分析,赛柏蓝
2021-01-16,制药行业市值排行榜：恒瑞医药市值稳居首位，君实生物市值缩水过千亿 连续下跌,华夏时报
2021-01-16,2020中国民营企业信用100强发布：华为、美的、正威国际位列前三,新浪
2021-01-16,2020中国制造业企业信用100强发布：华为、中国建筑、美的列前三,新浪
2021-01-16,第四批集采冲击550亿市场！扬子江、齐鲁、科伦……激战在即，6大超10亿注射剂抢手,米内网
2021-01-15,格隆汇港股聚焦(01.15)︱丘钛科技年度纯利预增40%至60%；中国太平2020年原保费收入1784亿元,格隆汇
2021-01-15,智通港股公告精选︱(1.15)丘钛科技2020年股东应占综合溢利预增40%至60%,智通财经
2021-01-15,复星医药(02196)非公开发行A股股票申请获中国证监会受理,智通财经
2021-01-15,复星医药(02196)拟为复星实业及复星医药产业提供担保 大额借贷担保,智通财经
2021-01-15,复星医药(02196.HK)拟为控股子公司提供担保 大额借贷担保,格隆汇
2021-01-15,复星医药(600196.SH)非公开发行A股股票申请获证监会受理,智通财经
2021-01-15,复星医药(600196.SH)定增申请获中国证监会受理,格隆汇
2021-01-15,恒指收涨0.27% 医疗及医学美容服务板块领涨,中新经纬
2021-01-15,A股医药生物板块，12家企业市值达千亿,制药网
2021-01-15,2020年，这2家市值站上千亿大关的药企受关注,制药网
2021-01-15,64只港股获南向资金大比例持有,证券时报网
2021-01-15,智通港股通持股解析|1月15日,智通财经
2021-01-15,人民金融·创新药指数微涨 国内首款CAR-T要来了,证券时报
2021-01-14,【焦点复盘】资金弃高就低，科创板50指数大涨，抱团主线是否暂告一段落？,财联社
2021-01-14,复星医药(600196.SH)子公司就针对人体TROP2靶点抗体产品签署许可协议,智通财经
2021-01-14,复星医药(600196.SH)：复宏汉霖签署许可协议,格隆汇
2021-01-14,复星医药：控股子公司复宏汉霖获Chiome独占许可,Wind
2021-01-14,人民金融·创新药指数涨0.28% | 国内首款CAR-T要来了，4款获突破性治疗认证，中国CAR-T疗法将迎突破,证券时报网
2021-01-14,扬子江大丰收！13个新品搅局350亿市场，仿制药申报NO.1，46个过评品种霸屏,米内网
2021-01-14,你有便秘的困扰吗？中国停止生产销售使用酚酞片，可能会诱发癌症！涉及多家上市公司,金融界
2021-01-14,中泰国际：复星医药子公司药物获国家药监局批准,新浪
2021-01-14,Wind快讯|每日医药行业动态（2021-01-14）,Wind
2021-01-14,智通港股通持股解析|1月14日,智通财经
2021-01-14,复星 酒业大买家的算盘,佳酿网
2021-01-14,华创事件驱动早报1-14：工业互联网创新发展计划印发；被动元件产业链量价齐升,华创证券研究
2021-01-13,A股头条之上市公司（1.14）,金融界
2021-01-13,新冠疫苗即将进入全民接种时代，机构推荐重点关注这些标的,第一财经
2021-01-13,晚间重要公告2021年1月13日星期三,Wind
2021-01-13,生物医药“新赛道” 大湾区与长三角竞合下半场,南方日报
2021-01-13,复星医药(02196-HK)旗下用于治疗多发性骨髓瘤新药获准开展Ⅰ期临床试验,财华社
2021-01-13,复星医药：重组抗CD38全人单克隆抗体注射液获临床试验批准,新浪
2021-01-13,复星医药(600196.SH)：重组抗CD38全人单克隆抗体注射液获准临床试验,智通财经
2021-01-13,复星医药(600196.SH)控股子公司获药品临床试验批准,格隆汇
2021-01-13,恒指小幅收跌0.15% 酒店及度假村板块领跌,中新经纬
2021-01-13,【异动股】复星医药(02196-HK)跌3.29%,财华社
2021-01-13,【行情】港股抗疫概念股走弱，中国生物制药跌3.4%，平安好医生跌2.87%，京东健康跌2.66%，阿里健康与复星医药跌近2%,金十数据
2021-01-13,恒指小幅跌0.03% 酒店及度假村板块领跌,中新经纬
2021-01-13,破解生物医药企业融资难 上海市生物医药产医和产融协同对接会举行,新民晚报
2021-01-13,上市公司重要公告发布复星医药子公司药品临床试验申请获受理,搜狐
2021-01-13,智通港股通持股解析|1月13日,智通财经
2021-01-13,交银国际：零售药店/医疗机构申请纳入医保定点有利促进医药零售行业增长,财华社
2021-01-12,全球疫苗产能大幅提升 厂商预计年收入超百亿美元,第一财经
2021-01-12,港股异动 | 复星医药(02196)午后涨超5% 抗癌药YP01001胶囊临床试验申请获受理,智通财经
2021-01-12,中国“首富”，万泰生物董事长辞职！短短四天，5家知名药企高管离职！,医药资讯地方台
2021-01-12,午评：三大指数低开高走创指涨1.1% 钛白粉板块活跃,新浪
2021-01-12,【异动股】复星医药(02196-HK)涨3.46%,财华社
2021-01-12,复星凯特CAR-T细胞疗法获批将近系国内首款,格隆汇
2021-01-12,港股医疗保健股盘初爆发 百济神州涨逾10%,中证网
2021-01-12,【信达看盘】2021.1.12,信达证券上海
2021-01-12,62只港股获南向资金大比例持有,证券时报网
2021-01-12,医药生物行业跨市场周报：南下资金定价能力有望提升 重视港股医药板块配置价值,光大证券
2021-01-12,智通港股通持股解析|1月12日,智通财经
2021-01-12,融资客加仓 重金砸向四大赛道,中证网
2021-01-12,融资余额创近5年来新高：融资客重金砸向四大赛道,新浪
2021-01-11,格隆汇港股聚焦(1.11)︱耀才证券金融前三季税前纯利预增64%；惠理集团年度纯利大幅预增至13亿港元,格隆汇
2021-01-11,A股头条之上市公司（1.12）,金融界
2021-01-11,1502亿主力资金近三日撤出全A(等权)概念股,证券时报网
2021-01-11,1月11日主力资金净流出600亿元,证券时报网
2021-01-11,复星医药(02196.HK)：子公司参与研制的YP01001胶囊临试申请获受理,格隆汇
2021-01-11,复星医药：子公司参与研制的YP01001胶囊临试申请获受理,格隆汇
2021-01-11,复星医药(600196.SH)：子公司参与研制的YP01001胶囊临试申请获受理,格隆汇
2021-01-11,天士力子公司终止登陆科创板，此前曾撤回港股上市,南都报
2021-01-11,专访复星医药回爱民： 新药研发的“跳跃式赶超”，四类企业该各自找准定位,新康界
2021-01-11,【国君产研|产业观察】医疗机器人多维驱动发展,国产研究中心
2021-01-11,国内药企纷纷“出海”，征战国外市场,制药网
2021-01-11,医药生物/行业周报：关注业绩超预期的机会,新浪
2021-01-11,南向资金高比例持有港股名单,证券之星
2021-01-11,智通港股通占比异动统计|1月11日,智通财经
2021-01-11,智通港股通持股解析|1月11日,智通财经
2021-01-11,安信基金2股基上月跌超3% 安信盈利驱动份额缩水66%,中国经济网
2021-01-11,国际医学股价大幅波动，向上趋势是否戛然而止？,新浪
2021-01-10,84个ANDA！石药、复星、齐鲁等药企继续“出海”征战美国市场,E药经理人
2021-01-10,热门融资标的股票分析,华龙掘金
2021-01-09,欧盟增加3亿剂疫苗购买 拜恩泰科全年产能几乎满额,第一财经
2021-01-09,金融与实业持续共赢：资本如何打造更多独角兽？,新浪
2021-01-09,舍得股权拍卖前后,经济观察网
2021-01-09,汇证上调复星国际(00656-HK)目标价而非复星医药(02196-HK)(修正版),财华社
2021-01-08,2020年18位药企董事长离职背后，折射了怎样的现实与困境？,E药经理人
2021-01-08,上海首富“贪杯”！45亿豪饮舍得，市值暴增242亿元，仅用了一周,中国基金报
2021-01-08,晨会聚焦210201重点关注种业深度报告、中国中免、钢铁、轻工、中芯国际-U、远大医药、中国中药、快手科技、宇通客车、华测检测,国信研究
2021-01-08,2020炒股竟然炒了个寂寞，快来看看你全年投资收益能排第几？,德邦证券微资讯
2021-01-08,汇证指疫苗加速分发利好复星医药(02196-HK)升其目标价至14.9港元,财华社
2021-01-08,智通港股通占比异动统计|1月8日,智通财经
2021-01-08,智通港股通持股解析|1月8日,智通财经
2021-01-07,这家药企获得6.82亿元融资，传统药企转型5大模式成亮点,医药云端工作室
2021-01-07,2021年医药行业机会在哪？,汇聚南药
2021-01-07,恒指收跌0.52% 中国联通跌超11%,中新经纬
2021-01-07,传统药企转型做新药研发，5种模式成亮点！,医药资讯地方台
2021-01-07,三大股指悉数翻绿 主力盘中撤离这些个股,第一财经
2021-01-07,郭广昌投资有道：“舍”45亿“得”190亿 仅用了一周,上证报
2021-01-07,主力资金丨半日抢筹天齐锂业近19亿元 大幅扫货有色股,第一财经
2021-01-07,恒指半日跌0.43% 消费电子产品板块领跌,中新经纬
2021-01-07,非公开发行A股股票预案,索比光伏网
2021-01-07,60只港股获南向资金大比例持有,证券之星
2021-01-07,智通港股通持股解析|1月7日,智通财经
2021-01-06,复盘复星郭广昌的酒业版图：靠“买酒”赚了几百亿,证券时报网
2021-01-06,格隆汇个股放量排行榜|1月6日,格隆汇
2021-01-06,澳门自由行旅客恢复至疫情前六成，140万剂新冠疫苗预计首季抵澳,21世纪经济报道
2021-01-06,Wind快讯|每日医药行业动态（2021-01-06）,Wind
2021-01-06,医药行业一周观察：国药新冠疫苗附条件获批上市 紧握创新龙头,新浪
2021-01-06,南向资金高比例持有港股名单,证券之星
2021-01-06,每日“药”闻|美国新冠疫苗接种比例低于预期；长春高新净利润预计大增,读懂财经
2021-01-06,智通港股通持股解析|1月6日,智通财经
2021-01-06,【重磅】2021 China Focus全球生命科学峰会，8场对话，33位中外大咖嘉宾！,药渡
2021-01-06,智通港美股会议日历|1月6日,智通财经
2021-01-05,齐鲁、信达等司生物类似药还能享多久“丰厚”定价？这家企业悄然发起价格战！集采会引爆战火吗？,E药经理人
2021-01-05,新冠疫苗研发进度不占优，西藏药业是转型还是“讲故事”？董事长陈达彬：项目不是没有进展，有中长期的战略考虑,每日经济新闻
2021-01-05,解密主力资金出逃股连续5日净流出415股,证券时报网
2021-01-05,郭广昌豪饮白酒：豫园股份控股舍得，三连涨停市值增长百亿,财经无忌
2021-01-05,谁在成为中国的Celgene?,汇聚南药
2021-01-05,格隆汇个股放量排行榜|1月5日,格隆汇
2021-01-05,复星系豫园股份业绩大增 为何资本市场并不买单？,新浪
2021-01-05,45.3亿元竞得ST舍得控股权 豫园股份连续三日涨停,证券时报网
2021-01-05,研发进度不占优，股价跌去六成 西藏药业搞新冠疫苗是“转型”还是“讲故事”？,每日经济新闻
2021-01-05,最新中国市值500强重磅出炉 腾讯位居中国市值500强第一 阿里第二,站长之家
2021-01-05,创新药研发进入高速发展期 2021医药行业未来投资趋势预测,中研网
2021-01-05,2020年，医药行业20多位重量级掌舵人离任 董监高成员变化,制药网
2021-01-05,智通港股通占比异动统计|1月5日,智通财经
2021-01-05,智通港股通持股解析|1月5日,智通财经
2021-01-04,解密主力资金出逃股连续5日净流出414股,证券时报网
2021-01-04,复星医药(600196.SH)：复宏汉霖与Intas签订许可协议 就相关合作达成正式协议,格隆汇
2021-01-04,恒指收涨0.89% 禽畜肉类板块领涨,中新经纬
2021-01-04,并购、增产、提价……茅台携众白酒再创历史新高,Wind
2021-01-04,展望与回眸|“白酒信仰”不灭 资本涌动并购潮起,时代在线
2021-01-04,郭广昌新年感言：复星的价值是什么？,陆家嘴金融网
2021-01-04,中国新冠疫苗上市，全民免费接种 | 万东医疗总裁燕霞辞职【最·新闻0104】 董监高成员变化,MedTrend医趋势
2021-01-04,【豫园股份：45.3亿元竞得舍得集团70%股权，继续加码消费产业布局】开源零售黄泽鹏团队,泽鹏商业观察
2021-01-04,恒指午盘收涨0.75%禽畜肉类板块领涨,中新经纬
2021-01-04,【异动股】复星医药(02196-HK)跌5.4%,财华社
2021-01-04,国信证券医药生物2021年1月策略：紧握创新龙头，重视“春季躁动”,证券时报网
2021-01-04,晨会聚焦210104重点关注医药生物、玲珑轮胎,国信研究
2021-01-04,58只港股获南向资金大比例持有,证券之星
2021-01-04,融资客青睐12股，招商港口买入占比高达47.01%,Wind
2021-01-04,上海复星医药（集团）股份有限公司,中证报
2021-01-03,转型or消亡？面对biotech后浪“生猛”，人福、罗欣等一众传统药企如何“求生”逆袭？,E药经理人
2021-01-03,全球近千万人接种新冠疫苗，拜恩泰科CEO：短时间内无法满足所有需求,第一财经
2021-01-03,全球股市联动日益紧密 2021年的风口在哪里？,中证报
2021-01-03,复星医药(02196-HK)获中证监准增发新H股上限1.1亿,财华社
2021-01-02,“牛”转乾坤！我们已被移除2020、进群2021，看看大佬们在群里说了啥？,证券时报网
2021-01-01,复星郭广昌：践行“立业助天下”初心 让生活变得更美好,投资时报
2021-01-01,复星郭广昌：复星的价值是什么？| 新年献词?,乐居财经
2021-01-01,智通港股通持股解析|1月1日,智通财经
2021-01-01,舍得集团“易主”，复星酒局再添新人,华夏时报
2021-01-01,豫园股份45.3亿元揽下ST舍得控股权,中证报
2020-12-31,郭广昌45亿豪饮舍得，历经27轮竞拍，5年前就有意入主,每日经济新闻
2020-12-31,郭广昌又出手！刚喝舍得又剑指万盛股份，复星系版图有多大？,腾讯网
2020-12-31,医药生物行业2021年1月投资策略：紧握创新龙头 重视“春季躁动”,新浪
2020-12-31,获复星旗下豫园股份45.3亿入主 ST舍得人士：跟金徽酒不存在太大的同业竞争,每日经济新闻
2020-12-31,84股主力资金净流入超亿元,证券时报网
2020-12-31,392亿主力资金近三日撤出全A(非陆股通重仓前100)概念股,证券时报网
2020-12-31,控股舍得酒！郭广昌“买酒上瘾”豪掷126亿,野马财经
2020-12-31,12月31日晚间上市公司十大重磅公告,巨丰财经
2020-12-31,复星医药(600196.SH)增发不超1.104亿股H股获中国证监会核准,智通财经
2020-12-31,复星医药(600196.SH)：获中证监核准增发境外上市外资股批复,格隆汇
2020-12-31,复星医药：证监会核准公司增发不超过约1.1亿股H股,Wind
2020-12-31,才饮“金徽”又喝“舍得”！豫园股份斥资45亿拍下舍得集团70%股权,环球老虎财经
2020-12-31,2020年中国药企License out火爆！热门交易领域未变,新浪医药
2020-12-31,康弘药业：“擦”亮业绩护航定增,证券市场周刊
2020-12-31,复星系再出手 45.3亿拍下舍得集团70%股权,北京商报
2020-12-31,ST舍得将换新“东家” 新资本或有利未来推进高端化、全国化布局,证券日报网
2020-12-31,12月31日异动股点评：“复星系”再饮白酒 盘点四牛与四熊,山东神光
2020-12-31,中国阻断新冠传播至少需17亿支疫苗，市场可达2000亿,第一财经
2020-12-31,官宣！新冠疫苗将为全民免费提供！中国首款新冠疫苗附条件上市！,华夏时报
2020-12-31,45.3亿拍下沱牌舍得集团70%股权 复星系成为舍得酒业实控人 控制人变化,佳酿网
2020-12-31,中国首款新冠疫苗附条件上市！国家卫健委称“新冠疫苗属公共产品将为全民免费提供”,华夏时报
2020-12-31,45.3亿元！复星集团或拍下舍得集团70％股权，ST舍得涨停,腾讯网
2020-12-31,复星医药涨9%,36氪
2020-12-31,复星集团或拿下沱牌舍得70%股权 舍得酒业加快在全国重点城市落地,新浪
2020-12-31,45.3亿！复星集团购得舍得酒业，未来或面临同业竞争问题,时代在线
2020-12-31,复星拍下舍得70%股权？竞拍对手：复星太厉害，律师：两个交易日内须公告,中华网
2020-12-31,复星集团或拿下沱牌舍得70%股权 复星医药直拉9%,新浪
2020-12-31,复星医药、复星国际股价拉升 复星集团45.3亿元接手舍得集团70%股权,格隆汇
2020-12-31,复星医药AH股直线拉升 或拿下沱牌舍得70%股权,新浪
2020-12-31,ST舍得封住涨停，复星集团或拍得沱牌舍得集团股权,Wind
2020-12-31,【异动股】复星医药(02196-HK)涨3.21%,财华社
2020-12-31,复星集团或45.3亿元拍下沱牌舍得集团70%股权,Wind
2020-12-31,2千平仓库 百台-75℃冰箱！mRNA新冠疫苗中国市场启动背后,科创板日报
2020-12-31,智通港股通持股解析|12月31日,智通财经
2020-12-31,郭广昌A股购物车又添新，揽入万盛股份即大涨，复星系32家全名单来了,证券时报网
2020-12-30,定增市场周报：竞价发行难度上升：募足率骤降 折价率下滑,新浪
2020-12-30,728亿主力资金近三日撤出全A(等权)概念股,证券时报网
2020-12-30,复星医药(02196)：苏州基金的认缴出资额将增加至约9.26亿元,智通财经
2020-12-30,复星医药(02196)拟为控股子公司复星实业提供担保,智通财经
2020-12-30,复星医药(02196.HK)拟为复星实业不超3000万美元贷款授信提供担保 大额借贷担保,格隆汇
2020-12-30,一年28位药企掌门人离职，76%新冠患者出院半年仍有症状,健识局
2020-12-30,ST舍得与天洋控股“分手”在即：传川酒集团、复星集团将参与竞拍,时代财经
2020-12-30,与天洋控股“分手”在即，被摆上货架的ST舍得接盘方依然扑朔迷离,时代在线
2020-12-30,医药行业周报：第四批仿制药集采拉开序幕 新版医保目录尘埃落定,渤海证券
2020-12-30,烧钱博弈疫苗！复星医药：你不是药神,中访网
2020-12-30,【医药】第四批仿制药集采拉开序幕，新版医保目录尘埃落定――医药行业周报——中报,渤海证券研究
2020-12-30,智通港股通持股解析|12月30日,智通财经
2020-12-30,一级市场也“醉酒”，新派白酒成新宠,Wind
2020-12-29,807亿主力资金近三日撤出全A(等权)概念股,证券时报网
2020-12-29,医药行业一周观察：持续推荐三大主线 紧握高性价比的核心资产,新浪
2020-12-29,复星医药(02196)注销未转售“18复药02”金额2.6亿元,智通财经
2020-12-29,上海复星医药集团：完成“18复药02”转售,Wind
2020-12-29,2020年国家医保谈判亮点：国产PD-1均纳入 双重测算过程揭秘,经济观察网
2020-12-29,【异动股】复星医药(02196-HK)跌3.34%,财华社
2020-12-29,【信达看盘】2020.12.29,信达证券上海
2020-12-29,南向资金高比例持有港股名单,证券之星
2020-12-29,A股早报2020年12月29日星期二,Wind
2020-12-29,智通港股通持股解析|12月29日,智通财经
2020-12-29,绿叶制药旗下博安生物获战略投资或以“第五套标准”闯关科创板,科创板日报
2020-12-29,港股投资日历：汇森家居、CGII HLDGS今日上市，首都创投披露业绩,Wind
2020-12-29,【山证早班车】山西证券：晨会纪要（20201229）,山西证券研究所
2020-12-29,智通港股投资日志|12月29日,智通财经
2020-12-28,【浙商医药|峰会回顾】浙商峰会回顾：医药分论坛,杏林建研
2020-12-28,格隆汇港股聚焦(12.28)︱中国宏桥预计年度净利大幅上升50%；多家上市公司产品列入新版国家医保目录,格隆汇
2020-12-28,【收盘简评】2020-12-28,赢家之星
2020-12-28,重磅！联手阿里成立汽车科技公司，上汽获超6亿资金杀入,金融界
2020-12-28,医药行业整体或存风险，自下而上仍多机会,湛述宏观
2020-12-28,A股头条之上市公司（12.29）,金融界
2020-12-28,晚间重要公告2020年12月28日星期一,Wind
2020-12-28,主力资金：联手阿里成立汽车科技公司 上汽获超6亿资金杀入,新浪
2020-12-28,复星医药小分子创新药苏可欣进入国家医保目录,Wind
2020-12-28,医药生物行业跨市场周报：融合与共生 重视药店板块回调后的配置价值,光大证券
2020-12-28,重磅信号！聪明外资正在疯狂加仓这个行业,港股那点事
2020-12-28,42股主力资金净流入超亿元,证券时报网
2020-12-28,840亿主力资金近三日撤出全A(等权)概念股,证券时报网
2020-12-28,数据复盘| 43股主力资金净流入超亿元 北向资金加仓伊利股份等股,证券时报网
2020-12-28,复星医药小分子创新药苏可欣进入国家医保目录,中金在线
2020-12-28,收盘点评｜A股稳步上行，IC延续偏弱,金衍君
2020-12-28,复星医药(02196)拟为复星医药产业7000万欧元的流动资金贷款提供担保 大额借贷担保,智通财经
2020-12-28,复星医药(02196.HK)拟参与设立南京星健睿赢股权投资合伙企业,格隆汇
2020-12-28,复星医药(02196)拟参与设立私募股权投资基金 加强集团大健康产业布局,智通财经
2020-12-28,今日这些个股异动 主力抢筹白酒股,第一财经
2020-12-28,复星医药：子公司拟参与设立目标基金,格隆汇
2020-12-28,复星医药(600196.SH)：拟与包括关联方在内的其他4方投资人设基金,格隆汇
2020-12-28,恒指收跌0.27%，玩具板块领跌,中新经纬
2020-12-28,主力尾盘加码这些个股,第一财经
2020-12-28,复星医药(600196.SH)参设私募股权投资基金加强集团大健康产业布局,智通财经
2020-12-28,博安生物获战略投资，或将择机分拆上市？,智通财经
2020-12-28,【异动股】复星医药(02196-HK)跌3.07%,财华社
2020-12-28,国家医保目录谈判药品平均降幅超50% 医药股止跌反弹丨牛熊眼,第一财经
2020-12-28,视点 | 中邮智赢俱乐部视点,中邮证券
2020-12-28,热门融资标的股票分析,华龙掘金
2020-12-28,港股盘前必读：上交所对特定类型公司股票纳入沪港通下港股通标的实施首次调整,Wind
2020-12-28,【医药】第四批集采序幕拉开，多产品原研厂商占绝对份额——医药行业事件点评——中性,渤海证券研究
2020-12-27,热门融资标的股票分析,华龙掘金
2020-12-26,【浙商医药|周报】CXO龙头新高下的思考：空间、趋势和供需 ──医药行业周报20201226,杏林建研
2020-12-26,香港通过紧急立法使用新冠疫苗 专家称复星新冠疫苗有望最早抵港,新浪
2020-12-26,“医药一哥”股价创上市以来的新高，市值突破6300亿大关,制药网
2020-12-26,mRNA新冠疫苗获批带动需求提升 多间机构看好复星医药（02196）,智通财经
2020-12-26,康弘药业：“擦”亮业绩护航定增,证券市场周刊
2020-12-26,医保谈判结果未出，恒瑞医药股价新高，“医药股一哥”稳了？,奥一网
2020-12-25,【收盘简评】2020-12-25,赢家之星
2020-12-25,59股主力资金净流入超亿元,证券时报网
2020-12-25,704亿主力资金近三日撤出全A(等权)概念股,证券时报网
2020-12-25,主力资金：尾盘资金出手杀入锂电概念 5股被爆买,新浪
2020-12-25,今日这些个股异动 主力资金抢筹有色概念股,第一财经
2020-12-25,数据复盘| 41亿主力资金潜入有色金属行业 机构抢筹赣锋锂业等13股,证券时报网
2020-12-25,主力资金今日尾盘大幅流入新能源概念股,第一财经
2020-12-25,复星医药高管离职！ 董监高成员变化,医药资讯地方台
2020-12-25,特斯拉“超级工厂”投产在即 充电桩有望大幅放量 三大主线值得期待,中国能源网china5e
2020-12-25,股海导航 12月25日沪深股市公告提示,新浪
2020-12-25,互联网医疗加速跑 中医药趁势出海,南方日报
2020-12-24,格隆汇港股聚焦(12.24)︱潍柴动力拟非公开发行A股募资不超130亿元；美联集团预计年度业绩转亏为盈,格隆汇
2020-12-24,复星医药：复星医药关于高级管理人员辞职的公告,新浪
2020-12-24,公告精选丨联通创投发起设立5G产业母基金，五连板郑州煤电风险提示,21世纪经济报道
2020-12-24,晚间公告热点追踪:1.1万股东难眠 家具龙头董事长遭证监会调查,新浪
2020-12-24,晚间重要公告2020年12月24日星期四,Wind
2020-12-24,关于核准上海复星医药（集团）股份有限公司发行境外上市外资股的批复,证监会
2020-12-24,复宏汉霖-B(02696)委任李鑫磊为副总裁兼首席财务官,智通财经
2020-12-24,恒指收涨0.16% 瑞声科技涨7.07%领涨蓝筹股,中新经纬
2020-12-24,复星医药(02196.HK)拟为控股子公司复星实业不超1.25亿美元融资提供担保 大额借贷担保,格隆汇
2020-12-24,复星医药(02196.HK)：李鑫磊辞去副总裁职务 董监高成员变化,格隆汇
2020-12-24,复星医药：控股子公司药品通过仿制药一致性评价,Wind
2020-12-24,复星医药(600196.SH)：呋塞米片、替米沙坦片通过仿制药一致性评价,格隆汇
2020-12-24,复星医药：副总裁李鑫磊辞职 董监高成员变化,Wind
2020-12-24,国药集团新冠疫苗国内上市申请获受理 未来十年是医药行业投资黄金期,新浪
2020-12-24,恒指涨0.25% 航空航天板块领涨,中新经纬
2020-12-24,生物基材料技术研发商星魅生物获1.09亿人民币A轮融资,亿邦动力
2020-12-24,港股开盘(12.24)︱恒指早盘平开 阿里巴巴-SW(09988)低开逾3%,智通财经
2020-12-24,南向资金高比例持有港股名单,证券之星
2020-12-24,智通港股通持股解析|12月24日,智通财经
2020-12-24,上市公司董事长被投毒，是同事作案？警方公告来了,券商中国
2020-12-24,两融透析：大盘重心上移 歌尔股份融资盘小幅流入,财富动力网
2020-12-23,普通人何时能打上新冠疫苗？不用到群里问了，我们搜集了最全消息,南方+
2020-12-23,全球新冠疫苗竞速进入下半场：产能大比拼,21世纪经济报道
2020-12-23,交银：看好产品组合丰富的制药龙头 首选买入药明生物,新浪
2020-12-23,疫苗板块调整，复星医药、康希诺-U、智飞生物、沃森生物、长春高新普跌,Wind
2020-12-23,14股获融资客逆市净买入超亿元,证券时报网
2020-12-23,A股融资融券日报：两融余额增加2.44亿元（12月22日）,Wind
2020-12-23,58只港股获南向资金大比例持有,证券时报网
2020-12-23,智通港股通持股解析|12月23日,智通财经
2020-12-23,智通港股投资日志|12月23日,智通财经
2020-12-23,产能大比拼 全球新冠疫苗竞速进入下半场,21世纪经济报道
2020-12-22,复锐医疗科技(01696)：复锐医疗天津同意向天津星魅出资1000万元,智通财经
2020-12-22,复锐医疗科技(01696.HK)：天津星魅生物科技获A轮投资1.09亿元,格隆汇
2020-12-22,21深度｜全球新冠疫苗竞速进入下半场：产能大比拼,21世纪经济报道
2020-12-22,不用再等60天！批签发新规出台，新冠疫苗上市障碍扫清,健识局
2020-12-22,1088只个股今日尾盘资金净流入,证券时报网
2020-12-22,【主力资金】尾盘资金出逃这三类股，5000亿巨头被砸盘,证券时报网
2020-12-22,33股主力资金净流入超亿元,证券时报网
2020-12-22,24股特大单净流入资金超1亿元,证券时报网
2020-12-22,复星医药今日大宗交易成交58万股，成交价50.72元折价12.14%,Wind
2020-12-22,医药行业2021年投资策略报告：自上而下延选政策导向，顺应时代潮流，给予“中性”评级,渤海证券
2020-12-22,今日主力尾盘加码这些个股 抗疫、白酒概念居多,第一财经
2020-12-22,价格低至1.5分，最高降幅达95%，194家药企角逐的第三批国采还有哪些看点？,动脉网
2020-12-22,巨·热点 | 周期与金融杀跌 四板块呈现局部走强,巨丰财经
2020-12-22,亚洲首批辉瑞疫苗运抵新加坡！李显龙称是“期待已久的礼物”,21世纪经济报道
2020-12-22,港股100强颁奖典礼隆重举行，复星国际(00656-HK)荣获“最优秀大型消费产业集团”奖,财华社
2020-12-22,英国出现变异病毒，钟南山、张文宏相继发声，抗疫概念股掀涨停潮,21世纪经济报道
2020-12-22,主力资金丨半日抢筹贵州茅台逾14亿，大幅抛售汽车股,第一财经
2020-12-22,机构资金看好医药行业 全球范围内生物医药企业并购重组异常活跃,中研网
2020-12-22,微医又又又被传上市 数字医疗业务能撑起60亿美元的估值吗？,新浪
2020-12-22,【异动股】青蒿素板块拉升，南卫股份(603880-CN)涨9.98%,财华社
2020-12-22,疫苗板块拉升，复星医药、康希诺-U、智飞生物、沃森生物、长春高新纷纷上扬,Wind
2020-12-22,恒指低开0.17% 家庭电器板块领跌,中新经纬
2020-12-22,智通港股通持股解析|12月22日,智通财经
2020-12-21,407亿主力资金近三日撤出全A(等权)概念股,证券时报网
2020-12-21,12月21日主力资金净流出61亿元,证券时报网
2020-12-21,疫苗直击 | 英国疫情恶化！美国批准Moderna疫苗,金融界
2020-12-21,复星医药(02196.HK)拟为复星实业不超1.05亿美元贷款提供担保 大额借贷担保,格隆汇
2020-12-21,沃森生物涨近8%提振疫苗板块，康华生物、复星医药等跟涨,Wind
2020-12-21,复星医药(600196.SH)拉升,格隆汇
2020-12-21,2020新浪医药年度总评榜正式揭晓！,新浪医药
2020-12-21,医药行业一周观察：春季躁动似有提前，紧握医药核心资产,国信研究
2020-12-21,医药行业周报：如何选股？创新赋能、制造升级和降本增效,新浪
2020-12-21,A股融资融券日报：两融余额增加21.42亿元（12月18日）,Wind
2020-12-21,港股占比异动统计|12月21日,智通财经
2020-12-21,华盛早报 | 中芯国际回应被美列入“实体清单”，英国新冠变种已失控,金融界
2020-12-21,智通港股通占比异动统计|12月21日,智通财经
2020-12-21,智通港股通持股解析|12月21日,智通财经
2020-12-21,2020，这些资本大佬为酒企“疯狂”,国际金融报
2020-12-21,复星医药新冠疫苗二期临床推进正常,第一财经
2020-12-20,周日重大事件汇总,第一财经
2020-12-20,周末影响市场重要资讯回顾,新浪
2020-12-20,复星医药：新冠疫苗国内二期临床完成入组，未收到严重不良报告,Wind
2020-12-20,12月20日，记者从复星医药方面获悉，截至12月19日，其mRNA新冠核酸疫苗BNT162b2国内II期临床试验已提前完成960位受试者入组，目前未收到任何严重不良事件报告,金十数据
2020-12-20,复星医药：新冠疫苗国内二期临床完成入组，未收到严重不良报告,第一财经
2020-12-20,热门融资标的股票分析,华龙掘金
2020-12-19,格隆汇个股放量排行榜 | 12月19日,格隆汇
2020-12-19,如何保障全国接种需求？ 国药控股演练新冠疫苗配送,第一财经
2020-12-19,豫园股份董事长徐晓亮：今天中国三股巨浪扑面而来,第一财经
2020-12-18,国内新冠疫苗大规模接种渐近：1亿剂“复星疫苗”或明年运抵中国,华夏时报
2020-12-18,格隆汇个股放量排行榜|12月18日,格隆汇
2020-12-18,复星医药：重组人胰岛素及类似物产业化（原料+制剂）项目延期 项目问题,Wind
2020-12-18,新冠疫苗大规模生产将近！重点产业链即将迎来爆发期,证券之星
2020-12-18,开盘：恒指跌0.1% 高瓴资本投资标的VESYNC上市高开88.41%,金融界
2020-12-18,南向资金高比例持有港股名单,证券之星
2020-12-18,A股融资融券日报：两融余额增加53.73亿元（12月17日）,Wind
2020-12-18,智通港股通占比异动统计|12月18日,智通财经
2020-12-18,港股盘前必读：小米集团8.55亿美元零息有担保可换股债券发行完成,Wind
2020-12-18,A股最惨“庄股”上演绝地求生，超10亿资金却悄悄跑路,证券时报网
2020-12-18,智通港股通持股解析|12月18日,智通财经
2020-12-18,智通港股早知道︱(12月18日)盲盒线上消费呈爆发式增长，留意中国神华(01088)等煤炭股强势,智通财经
2020-12-18,财经早报：公募基金规模或赶超理财 “资管一哥”或将易主,新浪
2020-12-18,股海导航 12月18日沪深股市公告提示,新浪
2020-12-18,新冠疫苗做好大规模生产准备 国产装瓶与冷链运输体系蓄势待发,北京日报
2020-12-18,上市公司正负面新闻2020年12月18日星期五,Wind
2020-12-18,复星系减持青岛啤酒3100万H股 减持股份,财富动力网
2020-12-18,BioNTech与复星医药宣布达成协议 承诺向中国供应mRNA新冠核酸疫苗,证券日报
2020-12-18,指数窄幅震荡 云游者仍居第一,南方财经网
2020-12-17,晚间重要公告2020年12月17日星期四,Wind
2020-12-17,今日尾盘主力买入这些股,第一财经
2020-12-17,【今日机构评级汇总】韦德布什看好FuboTV用户增长，Daiwa Capital看好蔚来ES6具备竞争能力,美股研究社
2020-12-17,复星医药(02196.HK)：类风湿关节炎(RA)治疗药品利妥昔单抗注射液获药品注册申请受理,格隆汇
2020-12-17,复星医药(600196.SH)子公司利妥昔单抗注射液药品注册申请获受理,格隆汇
2020-12-17,复星医药：利妥昔单抗注射液药品注册申请获受理,Wind
2020-12-17,A股最惨“庄股” 上演绝地求生一幕，超10亿资金却悄悄跑路,证券时报
2020-12-17,格隆汇个股放量排行榜|12月17日,格隆汇
2020-12-17,【信达看盘】2020.12.17,信达证券上海
2020-12-17,巨·热点 | 强周期与大金融携手推升两市强势反弹,巨丰财经
2020-12-17,972亿资金争夺20股：主力资金重点出击13股(名单),新浪
2020-12-17,新格局·大未来 第三届中国产业互联网峰会(CIIS 2020)：聚产业互联新动能 话数字生态新变革,智通财经
2020-12-17,医药生物板块持续走强，业内建议关注这些企业,制药网
2020-12-17,多个新冠疫苗紧急上市市场空间巨大疫苗产业链概念股再次引关注,财华社
2020-12-17,瑞信：复星医药目标价升9.3%至47港元 跑赢大市评级,新浪
2020-12-17,【异动股】复星医药(02196-HK)涨3.33%,财华社
2020-12-17,5款疫苗进入期临床试验；医保谈判价格大降，恒瑞依然独秀,新浪
2020-12-17,瑞信：上调复星医目标价9.3%至47港元，评级“跑赢大市”,36氪
2020-12-17,药监局批准Ⅱ期临床，1亿剂国际合作新冠疫苗明年有望供应国内,Wind
2020-12-17,瑞信：上调复星医药(2196.HK)目标价至47港元 评级“跑赢大市”,格隆汇
2020-12-17,国家药监局批准Ⅱ期临床1亿剂国际合作新冠疫苗明年有望供应国内,格隆汇
2020-12-17,与拜恩泰科达成新冠疫苗供货协议 复星医药（02196）量价齐步拉升,智通财经
2020-12-17,【国泰君安国际】晨报：玻璃行业受政策影响承压，关注生物制药和手机产业链 20201217,国泰君安证券香港
2020-12-17,开盘：恒指涨0.56% 中芯国际高层内讧收上交所监管函H股跌0.99% 问询,金融界
2020-12-17,官宣：我国5支新冠疫苗冲刺中！相关产业链公司即将迎来爆发期,证券时报网
2020-12-17,医药股大幅反弹,财富动力网
2020-12-17,A股融资融券日报：两融余额增加21.56亿元（12月16日）,Wind
2020-12-17,智通港股通占比异动统计|12月17日,智通财经
2020-12-17,57只港股获南向资金大比例持有,证券时报网
2020-12-17,智通港股通持股解析|12月17日,智通财经
2020-12-17,每日理财观察：新版市场准入负面清单发布，四年缩减62%,Wind
2020-12-17,港股盘前必读：复星医药与BioNTech及其控股子公司签订mRNA新冠疫苗供货协议,Wind
2020-12-17,重磅官宣！我国5支新冠疫苗冲刺中，正做好大规模生产准备，相关产业链公司即将迎来爆发期，潜在受益股有这些（名单）,证券时报
2020-12-17,重磅！国产5支新冠疫苗冲刺中 潜在受益股有这些,证券时报
2020-12-17,【财经早报】2020/12/17星期四,云掌财经
2020-12-17,年终巨献，不负众望！CPhI & P-MEC China盛大启幕！,药事纵横
2020-12-17,定了！国内新冠疫苗价格首次公布；震惊！银监局前官员受审，创纪录受贿2.29亿元；10只中国公司股票被MSCI移除 其他违规处罚,中国财富网
2020-12-16,青岛啤酒股东复星集团减持公司2.27%股份 减持股份,上证报
2020-12-16,美股盘前：美联储决议在即 道指期货涨0.3%,新浪
2020-12-16,盘前：大麻股飙升30%，热门电商今晚登陆纳斯达克,老虎证券
2020-12-16,减持传闻落地 复星集团减持青岛啤酒3100万股H股,e公司
2020-12-16,疫苗行业专题报告：新冠疫苗加速研发，曙光已现,新浪
2020-12-16,晚间重要公告2020年12月16日星期三,Wind
2020-12-16,【主力资金】主力紧急抢筹3只大白马股，杀入资金超15亿元,证券时报网
2020-12-16,舍得集团股权将拍卖：天洋投资5年浮盈38%，华润、川酒集团被传有意竞拍 司法拍卖,搜狐
2020-12-16,三大指数维持震荡整理态势 机构建议关注优质成长股的低吸机会,投资者网
2020-12-16,周周有牛股：接下来要减仓操作，市场行情发生大变天！,新浪
2020-12-16,智通港股解盘(12.16) | 热点趋于多元化注意出现转换,智通财经
2020-12-16,智通港股通活跃成交|12月16日,智通财经
2020-12-16,11股特大单净流入资金超2亿元,证券时报网
2020-12-16,资金复盘｜南下资金净流入港股约17亿港元！抛售腾讯超4亿港元,金融界
2020-12-16,数据复盘|逾33亿主力资金撤离非银金融行业 北向资金加仓贵州茅台等股,证券时报网
2020-12-16,青岛啤酒股份(00168)获复星集团减持3100万股H股 减持股份,智通财经
2020-12-16,12月16日主力资金净流出201亿元,证券时报网
2020-12-16,刚刚下班、即将下班或是又要加班的你需要知道这些大事,第一财经
2020-12-16,金融街下午茶2020年12月16日星期三,Wind
2020-12-16,北水动向(12.16)|北水净流入约7600万 手机产业链现分化 光伏玻璃股遭沽售,智通财经
2020-12-16,盘前异动：BioNTech涨2%，将向中国大陆供应至少1亿剂新冠疫苗,证券之星
2020-12-16,医药周报2020年第48期：医保谈判结果即将公布 第四批全国集采已开启,新浪
2020-12-16,青岛啤酒(600600.SH)：复星集团完成转让3100万股H股,格隆汇
2020-12-16,青岛啤酒：复星集团减持公司H股3100万股 减持股份,Wind
2020-12-16,港股收盘：恒指收涨约1% 阿里巴巴、腾讯反弹2% 比亚迪电子大涨6%,英为财情
2020-12-16,医药行业专题报告：集采重塑仿制药竞争格局，重视创新及医保免疫方向,西南证券
2020-12-16,恒生指数收涨0.97%报26460点 蓝月亮集团(06993)首挂收涨13%,凤凰网
2020-12-16,恒指收涨0.97% 家具板块领涨,中新经纬
2020-12-16,"市场综述：中芯""内讧""带崩半导体，市场又现喝酒、吃药行情",老虎证券
2020-12-16,港股收评：恒指涨0.97%，苹果概念股全天强势，半导体板块继续下挫,格隆汇
2020-12-16,港股收盘(12.16)|恒指收涨0.97% 光伏玻璃产能限制松绑 福莱特玻璃(06865)挫逾11%,智通财经
2020-12-16,复星医药：mRNA新冠核酸疫苗Ⅱ期临床试验计划招募960名健康受试者,金十数据
2020-12-16,盘点第三届进博会五大亮点：“首发首展”新品达400多项,新浪
2020-12-16,收评：恒指涨0.97%终结三连阴 中芯国际跌4.94%近百亿港元市值蒸发 连续下跌,金融界
2020-12-16,收评：港股恒指涨0.97% 蓝月亮涨13%医药股暴力反弹,新浪
2020-12-16,恒生指数收涨0.97% 医疗、科技板块领涨,e公司
2020-12-16,恒指收涨0.97%，医药股领涨,Wind
2020-12-16,12月16日复盘：明天会否又是黑周四 主力资金出击9股,新浪
2020-12-16,817亿资金争夺20股：主力资金重点出击9股(名单),新浪
2020-12-16,巨丰资金流向：市场缩量主力大幅撤离 酿酒板块获17亿资金流入！,巨丰财经
2020-12-16,至少1亿剂！德国BioNTech将向中国供应疫苗，我国疫苗何时上市？,新浪
2020-12-16,医保谈判接近尾声医药股反弹：锦欣生殖大涨9% 华润医疗涨6%,新浪
2020-12-16,医药股午后涨幅扩大，百济神州涨5.5%,Wind
2020-12-16,港股异动︱复星医药(02196)涨近5% 与BioNTech签订新协议 明年向中国引进至少1亿剂新冠疫苗,智通财经
2020-12-16,【异动股】复星医药(02196-HK)涨3.6%,财华社
2020-12-16,与BioNTech订立供应协议 复星医药AH股午后齐步拉升,格隆汇
2020-12-16,mRNA新冠疫苗更多供货细节公布 2021年或向中国大陆供应不少于1亿剂,每日经济新闻
2020-12-16,沃森生物“贱卖”资产闹剧：疫苗股高处不胜寒 资产异常,证券市场周刊
2020-12-16,【信达看盘】2020.12.16,信达证券上海
2020-12-16,BioNTech预计2021年向中国大陆供应至少1亿剂新冠核酸疫苗,上观
2020-12-16,恒指高开0.82% 新能源物料板块领涨,中新经纬
2020-12-16,【干货】生物制药产业链全景梳理及区域热力地图,前瞻研究院
2020-12-16,复星医药：拜恩泰科承诺明年向中国大陆供应不少于1亿剂疫苗,澎湃新闻
2020-12-16,【港股异动】复星医药涨2.1%,Wind
2020-12-16,A股融资融券日报：两融余额增加16.45亿元（12月15日）,Wind
2020-12-16,BioNTech(BNTX.US)与复星医药(02196)宣布达成协议 向中国供应mRNA新冠核酸疫苗,智通财经
2020-12-16,智通港股通占比异动统计|12月16日,智通财经
2020-12-16,复星医药(02196)：BioNTech Manufacturing承诺于2021年向中国内地供应不少于1亿剂新冠疫苗产品,智通财经
2020-12-16,智通港股通持股解析|12月16日,智通财经
2020-12-16,投资机会何在？医药股连续反弹，政策面阶段不确定性有望消除,澎湃新闻
2020-12-16,复星医药：与BioNTech等订立新冠疫苗供货协议,Wind
2020-12-16,智通港股通资金流向统计(T+2)|12月16日,智通财经
2020-12-15,这些资本大佬“疯狂”并购酒企 疯狂为哪般？,新浪
2020-12-15,医疗器械驶上“黄金赛道” 创新助力迈上新高度,中国经济网
2020-12-15,复星医药(02196.HK)为复星医药产业提供5亿元担保 大额借贷担保,格隆汇
2020-12-15,主力资金大幅净流出 朗姿股份遭抛售额居前列 股票卖空,第一财经
2020-12-15,复星医药(600196.SH)：与BioNTechSE就mRNA新冠疫苗的销售供货、提成分享等事项达成进一步约定,格隆汇
2020-12-15,恒指高开0.11% 乳制品板块领涨,中新经纬
2020-12-15,A股融资融券日报：两融余额增加45.9亿元（12月14日）,Wind
2020-12-15,56只港股获南向资金大比例持有,证券时报网
2020-12-15,复星医药(02196.HK)：复星医药产业与BioNTech就向中国大陆供应新冠疫苗产品订立供货协议,格隆汇
2020-12-15,智通港股通持股解析|12月15日,智通财经
2020-12-14,香港特别行政区政府澄清有关订购内地疫苗网上谣传,Wind
2020-12-14,医药板块明年走势如何？,汇聚南药
2020-12-14,复星陈启宇:国际化是我们最重要的一个标签 大型药企分拆是趋势,新浪
2020-12-14,第四批药品集采44个品种报量，6300亿注射剂市场迎大考,澎湃新闻
2020-12-14,798亿资金争夺20股：主力资金重点出击10股(名单),新浪
2020-12-14,A股强势收涨创指涨1.44%，玻璃制造等板块领涨,中新经纬
2020-12-14,香港特区政府宣布采购最多750万剂量mRNA新冠核酸疫苗,老虎证券
2020-12-14,年终盘点之疫苗篇：抢占新冠疫苗赛道 药企研发争分夺秒,北京商报
2020-12-14,医药行业周报：把握中国优势 就是把握明年行情,新浪
2020-12-14,A股融资融券日报：两融余额减少57.04亿元（12月11日）,Wind
2020-12-14,A股早报2020年12月14日星期一,Wind
2020-12-14,纳指剔除四中企恆指支持看26256.4,财华社
2020-12-14,智通港股通持股解析|12月14日,智通财经
2020-12-14,时代点金（1214）：复星医药新冠疫苗签单，ST电能拟借芯片重生,时代财经
2020-12-13,【近两周待发项目1213】中山证券承销信用债及ABS,中山证券债券发行
2020-12-13,热门融资标的股票分析,华龙掘金
2020-12-13,上海已“清零” | CPhI & P-MEC China邀您赴约，展商名单全面发布！不见不散！,药事纵横
2020-12-12,揭秘本周聪明钱｜主力年底继续玩弄“老把戏”，这类股遭遇“清仓大甩卖”！,每日经济新闻
2020-12-12,香港特区政府计划采购750万剂复星医药mRNA新冠疫苗,第一财经
2020-12-12,“名医臻美 品质优选”更美APP首届蓝钻臻选活动完美收官！,TechWeb
2020-12-12,香港与科兴生物和复星药业等签署新冠疫苗购买协议,资本邦
2020-12-12,【财经早报】2020/12/12星期六,云掌财经
2020-12-12,三大指数高开低走 绝处逢生表现优异,南方财经网
2020-12-11,新冠疫情之下，2021年全球生物医药行业七大趋势预测！下一个风口在这里！,E药经理人
2020-12-11,复星医药申请使用辉瑞疫苗？BioNTech：是BioNTech的疫苗,新浪
2020-12-11,智通港股解盘(12.11) | 三大方向对恒指形成助力,智通财经
2020-12-11,数据复盘|主力资金撤离电子股 机构抢筹云南白药等股,证券时报网
2020-12-11,数据：前三季度化药、中药负增长，生物制品、器械大幅增长；线上销售形势一片大好！,医药云端工作室
2020-12-11,12月11日主力资金净流出512亿元,证券时报网
2020-12-11,1315亿主力资金近三日撤出全A(等权)概念股,证券时报网
2020-12-11,12月11日主力资金流向日报,证券时报网
2020-12-11,三部门发文 “互联网+”医疗迎来新拐点！,贝壳社
2020-12-11,主力资金大幅抛售科技类个股 医药类个股逆市获买入 股票卖空,第一财经
2020-12-11,巨·大盘｜创业板指数空头排列 科技股全线杀跌 第一个变盘日来临,巨丰财经
2020-12-11,科兴750万剂新冠疫苗获香港购入 首批100万剂下月抵港,第一财经
2020-12-11,林郑月娥：与两药厂签订疫苗采购协议，首批100万剂明年1月到港,Wind
2020-12-11,林郑月娥：与两药厂签订疫苗采购协议 首批100万剂明年1月到港,21世纪经济报道
2020-12-11,12月11日复盘：如此杀跌为哪般？ 主力资金出击6股,新浪
2020-12-11,815亿资金争夺20股：主力资金重点出击6股(名单),新浪
2020-12-11,巨丰资金流向：市场放量杀跌 479亿主力资金出逃！,巨丰财经
2020-12-11,香港特区向科兴、辉瑞等公司购买新冠疫苗,老虎证券
2020-12-11,巨丰收评：大盘午后跌幅加深 科技股全线杀跌,巨丰财经
2020-12-11,市场消息：复星医药有关辉瑞新冠疫苗的申请最快可于下周获得批准,金十数据
2020-12-11,市场消息：复星医药正向香港卫生署申请使用辉瑞疫苗,Wind
2020-12-11,恒指涨0.28% 禽畜肉类板块领涨,中新经纬
2020-12-11,港股午评|小米新高后倒跌0.36%；保利协鑫大涨逾10%,富途证券
2020-12-11,巨丰午评：A股三大股指均跌逾1% 3500股飘绿,巨丰财经
2020-12-11,解盘：A股高开低走，半导体、传媒、稀土领跌,Wind
2020-12-11,午评：三大指数集体跌超1% 数字货币板块领跌两市,新浪
2020-12-11,12月11日午盘两市净流入前20股(名单),金融界
2020-12-11,【AH股联动】与国药物流就疫苗配送达成合作 复星医药AH股齐涨,凤凰网
2020-12-11,【异动股】復星医药(02196-HK)涨4.02%,财华社
2020-12-11,复星医药短线拉升现涨3.7%,老虎证券
2020-12-11,复星医药与国药物流举行BioNTech mRNA新冠疫苗物流配送合作协议签约仪式,第一财经
2020-12-11,国药股份拉涨超5%,Wind
2020-12-11,复星医药与国药物流就BioNTech mRNA新冠疫苗配送达成合作,Wind
2020-12-11,复星医药与国药物流就BioNTechmRNA新冠疫苗配送达成合作,金十数据
2020-12-11,慧聪集团（2280.HK）旗下兆信股份获近亿元战投，复星系押注逻辑何在？,格隆汇
2020-12-11,智通港股通持股解析|12月11日,智通财经
2020-12-10,面瘫、过敏，辉瑞新冠疫苗现不良反应！美英接连发布官方警告,健识局
2020-12-10,学习金徽酒，大豪科技豪饮红星二锅头，市值三天突破百亿,财经无忌
2020-12-10,新一轮药品国采来了！44品种开始报量 一大批“光脚者”入场,科创板日报
2020-12-10,1548只个股今日尾盘资金净流入,证券时报网
2020-12-10,黄金赛道：利润堪比茅台，千亿颜值经济迎爆发,Wind
2020-12-10,更美APP精准市场投放 推动机构流量转化率提升,TechWeb
2020-12-10,国药控股启动新冠疫苗全国物流演练：确保冷链全过程安全高效,澎湃新闻
2020-12-10,视点 | 中邮智赢俱乐部视点,中邮证券
2020-12-10,A股融资融券日报：两融余额减少60.97亿元（12月9日）,Wind
2020-12-10,南向资金高比例持有港股名单,证券之星
2020-12-10,智通港股通占比异动统计|12月10日,智通财经
2020-12-10,睿财看市场：敬畏市场跟随趋势 庄股闪崩打击人气,恒泰睿财
2020-12-10,智通港股通持股解析|12月10日,智通财经
2020-12-10,盘前情报丨仁东控股惨遭11连跌，监管出手了！干冰价格暴涨20倍，疫苗冷链新风口来了（附股） 连续下跌,21世纪经济报道
2020-12-10,智通港股通资金流向统计(T+2)|12月10日,智通财经
2020-12-10,中泰证券：创新创造价值 寻找医药中的马拉松选手（附股）,证券时报网
2020-12-09,大笔资金流入这类板块成为逆势上涨领头羊,巨丰财经
2020-12-09,进展最快国产疫苗！国药中生新冠疫苗在阿联酋获批上市，明年产能预计将超10亿剂,华夏时报
2020-12-09,啥情况？4000亿白马被连续砸盘 两天大跌8%,新浪
2020-12-09,12月9日主力资金净流出555亿元,证券时报网
2020-12-09,数据复盘| 90亿主力资金撤离非银金融行业 歌尔股份获资金青睐,证券时报网
2020-12-09,港股收评：恒指涨0.75%，医疗保健、啤酒领涨大市,格隆汇
2020-12-09,12月9日复盘：把握强势板块回调机会 主力资金出击7股,新浪
2020-12-09,首只国产新冠疫苗获批海外上市 这家公司尾盘应声涨停,第一财经
2020-12-09,923亿资金争夺20股：主力资金重点出击7股(名单),新浪
2020-12-09,巨丰资金流向：市场放量大幅回落 507亿主力资金出逃！,巨丰财经
2020-12-09,【行情】疫苗股午后拉升，国药股份大涨8%，国药一致、智飞生物、复星医药等个股跟涨,金十数据
2020-12-09,疫苗板块急速拉升，复星医药、康希诺-U、未名医药、智飞生物冲高,Wind
2020-12-09,第4个类似物获批，阿达木单抗赛道开始拥挤,读懂财经
2020-12-09,贝壳投研：估值35亿，沃森生物为何“贱卖”最具前景子公司？,新浪
2020-12-09,医药生物行业专题研究：百舸争流 生物类似物市场潜力巨大,新浪
2020-12-09,周三机构一致看好的七大金股（12.9）,中金在线
2020-12-09,【券商聚焦】交银国际：料未来几年内药品集采会加速 首选买入药明生物,凤凰网
2020-12-09,智通港股通持股解析|12月9日,智通财经
2020-12-09,交银国际看好那3间创新型生物科技企业,财华社
2020-12-08,“证券时报-润灵评级”医药行业上市公司ESG评估报告,证券时报网
2020-12-08,独家专访复宏汉霖CEO张文杰：复宏汉霖进入发展第二阶段，要实现生物类似药和创新药双领导地位,E药经理人
2020-12-08,类似药倒逼原研药企降价，阿达木百亿市场再增实力玩家,健识局
2020-12-08,瓣膜市场风起云涌：国内首个二尖瓣置换产品上市在即,科创板日报
2020-12-08,上海“清零” | 年终巨献，CPhI & P-MEC China继续领跑制药工业超级大展,蒲公英
2020-12-08,医药行业景气度盘点专题：从中国新到全球新的创新药黄金赛道 政策和资本驱动迎来二次跃迁,新浪
2020-12-08,870亿主力资金近三日撤出全A(等权)概念股,证券时报网
2020-12-08,我国创新药市场空间巨大 中国创新药市场发展调研及投资分析,中研网
2020-12-08,2020中国企业ESG“金责奖”评选获奖名单出炉,新浪
2020-12-08,28股今日获机构买入评级,证券时报网
2020-12-08,创新20年：造福全球病患的时代,药明康德
2020-12-08,复星医药(600196)：阿达木单抗类似药获批上市 三大单抗即将集中放量,新浪
2020-12-08,复星医药(02196-HK)自研抗类风湿关节炎新药上市注册申请获批准,财华社
2020-12-08,复宏汉霖第三款自研单抗汉达远获批上市 复星医药加快布局自身免疫疾病领域,证券日报网
2020-12-08,A股涨跌不一 疫苗板块表现不佳,中国报告大厅
2020-12-08,恒指低开0.18% 其他服饰配件板块领跌,中新经纬
2020-12-08,12月8日 13股盘前利好公告速递,中财网
2020-12-08,复星医药：子公司mRNA疫苗已获批于中国境内开展临床试验,Wind
2020-12-08,一天内医药企业频频更新动态：有的开启“买买买”，有的终止重组 并购重组异常,制药网
2020-12-08,A股早报2020年12月8日星期二,Wind
2020-12-08,54只港股获南向资金大比例持有,证券时报网
2020-12-08,最新公告透露利好 13只个股有望爆发（12.8）,中金在线
2020-12-08,智通港股通占比异动统计|12月8日,智通财经
2020-12-08,智通港股通持股解析|12月8日,智通财经
2020-12-08,复宏汉霖-B（2696.HK）：第三款产品汉达远获批上市，强力加入百亿市场竞争,格隆汇
2020-12-08,复宏汉霖-B(02696)汉达远获批上市：三款产品领跑业界，解锁“变现”新领域,智通财经
2020-12-08,医药行业一周观察：医药板块整体反弹 持续推荐三条主线,新浪
2020-12-08,上市公司正负面新闻2020年12月8日星期二,Wind
2020-12-07,复星医药阿达木单抗获批 三足鼎立市场格局或被打破,每日经济新闻
2020-12-07,新冠疫情引燃mRNA疫苗投资 沃森生物之后智飞生物也出手,新浪
2020-12-07,A股头条之上市公司（12.8）,金融界
2020-12-07,电报|复宏汉霖：阿达木单抗汉达远获批上市自动纳入医保,科创板日报
2020-12-07,汉达远获批上市 复星医药开启自身免疫疾病慢病管理新时代,中证网
2020-12-07,晚间重要公告2020年12月7日星期一,Wind
2020-12-07,复星医药：阿达木单抗注射液上市注册申请获批,Wind
2020-12-07,格隆汇个股放量排行榜|12月7日,格隆汇
2020-12-07,Wind快讯|每日医药行业动态（2020-12-07）,Wind
2020-12-07,【异动股】生物疫苗板块低开，沃森生物(300142-CN)跌16.91%,财华社
2020-12-07,A股融资融券日报：两融余额减少13.24亿元（12月4日）,Wind
2020-12-07,智通港股通占比异动统计|12月7日,智通财经
2020-12-07,智通港股通持股解析|12月7日,智通财经
2020-12-06,国内首个BCL-2抑制剂获批 维奈克拉有望成艾伯维重磅产品,新浪
2020-12-06,热门融资标的股票分析,华龙掘金
2020-12-06,浙商早知道 | 12月9日,浙商证券研究所
2020-12-04,48股主力资金净流入超亿元,证券时报网
2020-12-04,891亿资金争夺20股：主力资金重点出击7股(名单),新浪
2020-12-04,医药2021年度投资策略：医保全面控费背景下，医药“四化建设”是未来投资方向【安信医药马帅团队】,医药马帅团队
2020-12-04,解构20支民营资本系：1.66万亿市值背后的资本力量,上证报
2020-12-04,A股融资融券日报：两融余额减少10.63亿元（12月3日）,Wind
2020-12-04,盛视早参：板块良性轮动 震荡上行可期,新浪
2020-12-04,医疗产业迎难而上 展现韧劲和涌向创新的激情,每日经济新闻
2020-12-04,28股获融资客大手笔净买入,证券时报网
2020-12-04,A股早报2020年12月4日星期五,Wind
2020-12-04,全球新冠疫苗大规模开打在即，国产疫苗也迎来大消息！,21世纪经济报道
2020-12-04,A股“吃药”行情能否延续？医疗器械国产替代空间多大？《下一个黄金十年——中国医疗产业白皮书》为您揭秘,每日经济新闻
2020-12-04,53只港股获南向资金大比例持有,证券之星
2020-12-04,智通港股通占比异动统计|12月4日,智通财经
2020-12-04,智通港股通持股解析|12月4日,智通财经
2020-12-04,坐拥1.66万亿元市值 A股20支民营资本系激荡三十年,上证报
2020-12-04,财闻点金：国家大基金大力布局存储领域 初创公司频获扶持,巨丰财经
2020-12-04,109只个股连涨5天 有个股已累涨95% 医药股扎堆走出连涨行情,第一财经
2020-12-03,【收盘简评】2020-12-03,赢家之星
2020-12-03,晚间要闻2020年12月3日星期四,Wind
2020-12-03,复星医药称正向香港卫生署申请使用辉瑞疫苗,Wind
2020-12-03,复星医药称正向香港卫生署申请使用辉瑞疫苗,金十数据
2020-12-03,A股明日风口：发改委预计2025年中国联网汽车将达2800万辆,新浪
2020-12-03,【主力资金】新风口，巨头已出手！社区团购概念股爆了，龙头已六连板,证券时报网
2020-12-03,28亿主力资金近三日杀入创新药概念股,证券时报网
2020-12-03,复星医药现1笔大宗交易 共成交527.00万元,新浪
2020-12-03,今日这些个股异动 医疗板块获主力资金青睐,第一财经
2020-12-03,辉瑞新冠疫苗获批 疫苗概念股拉升 正川股份涨停,第一财经
2020-12-03,复星医药今日大宗交易成交10万股，成交价52.7元折价4.87%,Wind
2020-12-03,数据复盘|85亿主力资金撤离电子行业 北向资金加仓比亚迪、中国平安等股,证券时报网
2020-12-03,12月3日主力资金净流出347亿元,证券时报网
2020-12-03,复星医药(02196)：复宏汉霖(02696)拟为Hengenix 最高1000万美元汇丰银行循环贷款授信提供担保 大额借贷担保,智通财经
2020-12-03,复星医药(02196.HK)：复宏汉霖拟为其全资子公司提供不超1000万美元贷款担保 大额借贷担保,格隆汇
2020-12-03,国外疫情持续严峻，生物医药板块是否可以抄底?,财富动力网
2020-12-03,港股震荡反弹 小米领涨科技股｜港股收市,第一财经
2020-12-03,2020年错失的三只牛股,中财网
2020-12-03,恒指收涨0.74% 地产代理板块领涨,中新经纬
2020-12-03,12月3日复盘：风险在路上且行且珍惜 资金重点出击5股,新浪
2020-12-03,A股收评：沪指收跌0.21%，医疗、生物制品领涨两市，有色金属、煤炭板块暴跌 连续下跌,格隆汇
2020-12-03,937亿资金争夺20股：主力资金重点出击5股(名单),新浪
2020-12-03,巨丰资金流向：市场高位调整呈现分化格局 309亿资金呈现出逃！,巨丰财经
2020-12-03,A股收评：创业板指涨逾1%医药股领涨两市煤炭板块重挫,格隆汇
2020-12-03,疫苗股又火了，突然暴涨5%，飙升500亿！A股谁最牛？,中国基金报
2020-12-03,恒指涨0.56% 消费电子板块领涨,中新经纬
2020-12-03,港股午评：恒指涨0.56%生物疫苗股、香港银行股走强,格隆汇
2020-12-03,复星医药AH股齐涨 正积极推进辉瑞mRNA新冠核酸疫苗中国临床,格隆汇
2020-12-03,复星医药涨超5% 正积极推进中国临床试验,新浪
2020-12-03,港股异动︱复星医药(02196)涨超5% 正积极推进中国临床 全球首款mRNA新冠核酸疫苗下周英国开打,智通财经
2020-12-03,【异动股】復星医药(02196-HK)涨4.44%,财华社
2020-12-03,【行情】港股抗疫概念走强，复星医药涨约4.5%，比亚迪电子涨3.82%，石药集团涨3.49%，康希诺生物涨3.12%,金十数据
2020-12-03,最优秀的企业家未来需要讲好哪三个“故事”？,中新经纬
2020-12-03,对话复星医药回爱民博士：mRNA新冠疫苗BNT162b2最新研发进展,新浪
2020-12-03,智通港股通持股解析|12月3日,智通财经
2020-12-03,英国批准辉瑞新冠疫苗启用 复星拟引入国内,北京商报
2020-12-02,拜恩泰科新冠疫苗在英国获批紧急使用，世卫组织正在审查数据,澎湃新闻
2020-12-02,复宏汉霖生物药汉曲优获医保代码 中欧两地商业化继续推进,证券日报网
2020-12-02,辉瑞/Biontech新冠疫苗获批 两大概念站上风口,第一财经
2020-12-02,【浙商医药|周报】把握中国优势，就是把握明年行情,杏林建研
2020-12-02,全球首款mRNA新冠核酸疫苗下周英国开打 复星医药正积极推进中国临床研究,证券日报网
2020-12-02,辉瑞和BioNTech新冠疫苗在英国获得紧急使用授权,经济观察网
2020-12-02,全球首款mRNA新冠核酸疫苗英国获批 复星医药：正积极推进中国临床,每日经济新闻
2020-12-02,普通民众下周接种！辉瑞新冠疫苗获英国紧急使用授权,财经杂志
2020-12-02,兆信股份获得复星集团近亿元战略投资,资本邦
2020-12-02,【浙商医药|周报】如何选股？创新赋能、制造升级和降本增效,杏林建研
2020-12-02,兆信科技获复星近亿投资 慧聪集团（2280.HK）产业互联网之路再添新动力,中国服装网
2020-12-02,利尔化学今年净利预增80%%以上 多股有望开启上涨行情,巨丰财经
2020-12-02,肿瘤领域成资本市场关注的热点，药企融资不断,制药网
2020-12-02,最新公告透露利好 12只个股有望爆发（12.02）,中金在线
2020-12-02,A股早报2020年12月2日星期三,Wind
2020-12-02,12月2日 12股盘前利好公告速递,中财网
2020-12-02,【早间资讯】2020-12-02,大通证券投教基地
2020-12-02,港股公告精选：证监会已收到比亚迪股份提交的H股发行申请材料,Wind
2020-12-02,港股盘前必读：未盈利生物科技公司或一个月后纳入互联互通标的,Wind
2020-12-02,智通港股通持股解析|12月2日,智通财经
2020-12-02,【中证盘前】北向资金扫货这些股！深成指、创业板指调整样本股；5连板彩虹股份发澄清公告；西上海等4股今日申购；纳指、标普创新高,中证报
2020-12-02,股海导航 12月2日沪深股市公告提示,新浪
2020-12-02,中泰证券：新冠疫苗数据持续积极，逐步进入兑现期，持续看好板块成长,证券时报网
2020-12-02,上市公司正负面新闻2020年12月2日星期三,Wind
2020-12-02,每日财报｜复星医药H股被增持华泰证券回购股份,搜狐
2020-12-02,复星医药(02196-HK)获控股股东增持137万股,财华社
2020-12-02,A股头条：证监会同意3家公司科创板IPO注册，美股集体收涨,金融界
2020-12-02,全球首款新冠疫苗获批，下周英国开打，复星医药将招募960名志愿者参与中国临床,21商评网
2020-12-01,格隆汇港股聚焦(12.1)︱富力地产11月份权益合约销售升7%至146亿元；中国软件国际与深圳市政府达成战略合作协议,格隆汇
2020-12-01,晚间要闻2020年12月1日星期二,Wind
2020-12-01,慧聪集团(02280)附属兆信信息引入复星集团等为战略股东 产业互联网之路再添新动力,智通财经
2020-12-01,A股头条之上市公司（12.2）,金融界
2020-12-01,晚间公告热点追踪：麒盛科技副总单华锋因涉嫌内幕交易被刑事拘留,新浪
2020-12-01,公告精选丨五连板彩虹股份澄清：不存在OLED等业务，大家人寿合计减持5%大商股份股份,21世纪经济报道
2020-12-01,复星医药(600196.SH)控股股东复星高科技增持137万股公司H股股份,智通财经
2020-12-01,晚间重要公告2020年12月1日星期二,Wind
2020-12-01,公告精选丨豪取五连板，彩虹股份澄清：这些热点业务我都没有,21世纪经济报道
2020-12-01,周三最新重磅公司传闻集锦(12月02日),证券之星
2020-12-01,2020年12月2日涨停板早知道：七大利好有望发酵,新浪
2020-12-01,SPAC炒热华尔街资本，获“一代女股神”青睐,新浪
2020-12-01,复星医药：控股股东拟增持不超2%股份 已增持H股137万股,中证网
2020-12-01,11只个股尾盘净流入资金超亿元,证券时报网
2020-12-01,复星医药(02196)获控股股东复星高科技增持137万股 拟未来一年累计增持不超过2%股权,智通财经
2020-12-01,复星医药(02196.HK)：控股股东拟增持不超2%的股份已增持137万股H股,格隆汇
2020-12-01,疫情叠加集采致业绩大降，中国生物制药暴跌11% 盈利能力下降,环球老虎财经
2020-12-01,复星医药：复星高科技拟继续增持不超过总股本2%,格隆汇
2020-12-01,复星医药公告：控股股东复星高科技今日增持公司H股137万股,36氪
2020-12-01,【广证恒生医药月报】 药监局加强带量采购中选冠脉支架质量监管，国药集团提交新冠疫苗上市申请,广证恒生新三板研究极客
2020-12-01,复星医药(600196.SH)：控股股东拟增持不超2%的股份已增持H股137万股,格隆汇
2020-12-01,复星医药：控股股东增持137万股H股，拟不低于1亿元继续增持,Wind
2020-12-01,“南水”加速入市 H股酝酿价值修复契机,红周刊
2020-12-01,依赖投资“补血”100亿 从事风投的利欧股份值得投资吗？,新浪
2020-12-01,【异动股】復星医药(02196-HK)涨4.75%,财华社
2020-12-01,恒指高开0.31% 汽车板块表现较弱,中新经纬
2020-12-01,疫苗股拉升，智飞生物、康泰生物、沃森生物、长春高新、复星医药集体走强,Wind
2020-12-01,智通港股通持股解析|12月1日,智通财经
2020-12-01,资本市场三十而立 上市公司与美好生活“零距离”,证券时报网
2020-11-30,疫苗直击 | 辉瑞、Moderna占据主要市场，阿斯利康遭严重质疑,金融界
2020-11-30,67个新药获批临床：恒瑞、先声、石四药,赛柏蓝
2020-11-30,558亿主力资金近三日撤出全A(非陆股通重仓前100)概念股,证券时报网
2020-11-30,医药行业每周医览药闻：全国高耗集采 加速进口替代 推进产业创新,新浪
2020-11-30,医药生物行业报告：把握业绩好 确定性较强的子行业,新浪
2020-11-30,医药行业周报：医药板块延续调整 关注优秀细分领域龙头机会,新浪
2020-11-30,共建无疟疾世界：复星医药携手知名国际疟疾专家探讨孕妇和儿童疟疾预防新趋势,复星医药
2020-11-30,远大医药与eTheRNA深化合作 推动mRNA技术在中国落地,21世纪经济报道
2020-11-30,宋清辉：上证50指数中科技股比重逐步增加符合中国经济转型方向,搜狐
2020-11-30,恒指低开0.15% 家庭电器板块领跌,中新经纬
2020-11-30,恒瑞、先声、石四药……67个新药获批临床！豪森拿下首个口溶膜制剂，默沙东新药来了,米内网
2020-11-30,恒指低开0.15%，中海油跌近5%,Wind
2020-11-30,每周医药看点（11.23~11.29）,中国医药报
2020-11-30,4股获买入评级 最新:引力传媒,中财网
2020-11-30,智通港股通持股解析|11月30日,智通财经
2020-11-30,还在等抄底？炒A股的“低价审美”行不通了,虎嗅APP
2020-11-29,A股定价全球化之后的一个巨大风险,要资讯
2020-11-29,专访复星医药联席总裁陈玉卿：非公医疗市场机会大 禅城医院经验可借鉴,每日经济新闻
2020-11-29,【建投中小盘】一周策略回顾与展望2020-11-29,中信建投
2020-11-29,中泰金工定向增发跟踪周报(1129),ZTQuant
2020-11-29,热门融资标的股票分析,华龙掘金
2020-11-28,CDE前首席科学家、恒瑞、AZ、上药、微芯思辨研发内涵！中国医药创新到底是研大还是发大？如何平衡？谁将有潜力成为万亿市值药企？,E药经理人
2020-11-28,未来十年，医药行业投资机会在这！,汇聚南药
2020-11-28,复星医药联席总裁陈玉卿：四个维度提升竞争力应对疫情挑战,每日经济新闻
2020-11-27,复星医药现1笔大宗交易 共成交580.69万元,新浪
2020-11-27,"成都先导董事长李进：创新药研发成本巨大,期待DNA编码化合物库筛选技术帮忙“减负”",每日经济新闻
2020-11-27,制药指数近三个月回调15%，药品集采的影响开始显现,格隆汇
2020-11-27,932亿主力资金近三日撤出全A(等权)概念股,证券时报网
2020-11-27,研发日报丨默沙东、拜耳、百济神州……多家药企药品国内获批上市,新浪
2020-11-27,11月27日主力资金净流出148亿元,证券时报网
2020-11-27,复星医药联席总裁陈玉卿：医疗行业的发展和剧变，背后的推动力是科技（附演讲全文）,每日经济新闻
2020-11-27,复星医药联席总裁陈玉卿：互联网医疗改变就医习惯 但线下资源支撑非常重要,每经网
2020-11-27,复星新冠疫苗国内二期临床启动 中德疫苗合作结“硕果”,新浪
2020-11-27,“会做手术”的机器人将成为外科的未来吗？,新浪
2020-11-27,智通港股通持股解析|11月27日,智通财经
2020-11-27,陆家嘴财经早餐2020年11月27日星期五,Wind
2020-11-26,主力资金：芯片封测概念龙头尾盘跳水 近2亿资金出逃,新浪
2020-11-26,1064亿主力资金近三日撤出全A(等权)概念股,证券时报网
2020-11-26,11月26日主力资金净流出349亿元,证券时报网
2020-11-26,【新康界每周投资策略】科创板细则落地，或可分拆上市的医药上市公司有哪些？,新康界
2020-11-26,上市半个月，市值破千亿！不到1个月，新建3个基地！ “药明系”这回很猛了,新康界
2020-11-26,本周，7家药企股价创新低，而网售处方药基本宣告没戏 连续下跌,新康界
2020-11-26,目录即将公布！这些药，有望进国家医保（附名单）,赛柏蓝
2020-11-26,重磅！工信部中国医药工业百强榜发布（附榜单）,赛柏蓝
2020-11-26,复星系再出手减持青岛啤酒郭广昌套现40亿港元 减持股份,GPLP犀牛财经
2020-11-26,人民金融·创新药指数涨1.12% | 今年首现创新中药获批临床，君实生物、荣昌生物ADC药物步入临床,证券时报网
2020-11-26,复星医药拟定增不超过49.83亿，用于创新药物临床、许可引进等,资本邦
2020-11-26,集采后仿制药利润大幅“割肉”，药企能否抓住创新药时代风口,医药资讯地方台
2020-11-26,复星拟定增募资近50亿 重点布局新冠疫苗等创新药研发,新浪
2020-11-26,A股资讯晨报,新浪
2020-11-26,押中辉瑞疫苗的中国复星，刚刚花14亿来伦敦买房了,搜狐
2020-11-26,Wind快讯 每日医药行业动态（2020-11-26）,Wind
2020-11-26,这17家肿瘤免疫治疗企业，或将引领国内肿瘤免疫的未来发展,生物探索
2020-11-26,操盘必读｜华为重申不造整车；8天7板，小康股份继续提示风险；美股涨跌互现纳指创新高,上游新闻
2020-11-26,大跌之后两种走势,中财网
2020-11-26,【港股通】复星医药拟发行A股 集资不超过约49.83亿元,凤凰网
2020-11-26,智通港股通占比异动统计|11月26日,智通财经
2020-11-26,11月26日 12股盘前利好公告速递,中财网
2020-11-26,智通港股通持股解析|11月26日,智通财经
2020-11-26,最新公告透露利好 12只个股有望爆发（11.26）,中金在线
2020-11-26,美呗提出的“八大坑” 自己一个没少踩,36氪
2020-11-26,股海导航 11月26日沪深股市公告提示,新浪
2020-11-26,复星医药(02196-HK)配售A股集资50亿人民币,财华社
2020-11-26,A股头条：境外疫情输入风险进一步加大，深交所强调提高新股定价市场化水平,金融界
2020-11-26,复星医药拟定增募资50亿元 强化创新药研发能力,证券时报
2020-11-26,上海复星医药（集团）股份有限公司非公开发行A股股票预案,证券时报
2020-11-25,复星医药抛近50亿元定增预案 3.25亿用于新冠mRNA疫苗临床及里程碑付款,每日经济新闻
2020-11-25,格隆汇港股聚焦(11.25)︱阿里健康中期经调整净利润大增286.4%；先健科技控股子公司元心科技引入战略投资,格隆汇
2020-11-25,A股头条之上市公司（11.26）,金融界
2020-11-25,复星医药(02196)：“18复药02”拟转售金额不超过2.6亿元,智通财经
2020-11-25,"复星医药(600196.SH)：BNI拟与LGVW及其全资子公司ClayMergerSub,Inc.进行合并交易",格隆汇
2020-11-25,晚间公告热点追踪：网络文学鼻祖“李寻欢”要来A股了,新浪
2020-11-25,复星医药(02196)拟定增不超过约1.28亿股A股以集资加大对“4+3”研发平台的建设,智通财经
2020-11-25,公告精选丨四维图新：公司被百度起诉,21世纪经济报道
2020-11-25,复星医药(600196.SH)：拟就HLX35与Binacea进行开发合作并就该产品向其授予相关许可权,格隆汇
2020-11-25,晚间重要公告2020年11月25日星期三,Wind
2020-11-25,复星医药：控股子公司签署许可协议,格隆汇
2020-11-25,复星医药：拟定增募资不超49.83亿元,Wind
2020-11-25,复星医药在江苏启动新冠疫苗二期临床试验，拟招募960人,澎湃新闻
2020-11-25,复星医药(02196)和BioNTech(BNTX.US)宣布其新冠候选疫苗BNT162b2将在中国开展二期临床试验,智通财经
2020-11-25,复星医药现1笔大宗交易 共成交538.00万元,新浪
2020-11-25,复星BioNTech疫苗在中国开展二期临床，招募960名健康受试者,Wind
2020-11-25,复星拜恩泰科疫苗在中国开展二期临床，招募960名健康受试者,第一财经
2020-11-25,复星医药：“18复药02”回售金额为2.6亿元，拟进行转售,Wind
2020-11-25,郭广昌重返杭州 复地27亿摘下东湖新城35万方综合体,观点地产网
2020-11-25,市场消息：BioNTech将与复星医药在中国开展二期试验,金十数据
2020-11-25,“饮酒大师”郭广昌弃饮“青岛啤酒”？资本玩死的酒企有多少？,搜狐
2020-11-25,安信国际 | 复星国际(0656.HK)：战略聚焦、前瞻布局，产业集团乘风破浪,安信国际
2020-11-25,买入名创优品的最大风险并不是产品质量,36氪
2020-11-25,【信达看盘】2020.11.25,信达证券上海
2020-11-25,复星系再减持青岛啤酒套现21亿 源自业绩遇到天花板？ 减持股份,金融界
2020-11-25,智通港股通持股解析|11月25日,智通财经
2020-11-25,热门股“刹车”，多家上市公司合计减持逾百亿元 减持股份,Wind
2020-11-24,格隆汇港股聚焦(11.24)︱小米三季度营收同比增34.5%至722亿元；先健科技引入战投高瓴资本及德福资本,格隆汇
2020-11-24,复宏汉霖－B(02696-HK)：控股股东增持H股,财华社
2020-11-24,四大新冠疫苗比价：阿斯利康或3美元起，俄罗斯低于10美元,澎湃新闻
2020-11-24,复宏汉霖-B(02696.HK)获控股股东增持16.45万股拟视市况继续增持,格隆汇
2020-11-24,晚间重要公告2020年11月24日星期二,Wind
2020-11-24,21股主力资金净流入超亿元,证券时报网
2020-11-24,复星医药(02196)：璀璨之星拟出资4000万美元认购Pontifax(Cayman)VI L.P.等值份额,智通财经
2020-11-24,复星医药(600196.SH)：控股子公司璀璨之星拟认购私募基金份额,格隆汇
2020-11-24,复星医药：出资4000万美元认购私募基金份额,Wind
2020-11-24,全球新冠疫苗接种提速复星-BioNTech新冠疫苗拟2月下旬抵港,财华社
2020-11-24,机遇、挑战并存 中国医疗器械行业能否迎来黄金十年？,每日经济新闻
2020-11-24,【行情】港股生物医药股持续走弱，康希诺生物跌近6%，石药集团、复星医药、君实生物等跟跌,金十数据
2020-11-24,A股午盘综述：上证指数跌0.07%，新能源车概念股活跃,Wind
2020-11-24,医药股再度走弱，石药集团跌超5%,Wind
2020-11-24,【行情】港股抗疫概念股阴跌，石药集团跌超3%，君实生物、复星医药跌超1%,金十数据
2020-11-24,智通港股通持股解析|11月24日,智通财经
2020-11-24,大机构开始“戒酒”，多家酒企发减持公告,证券时报
2020-11-23,"啤酒股今年""一路喝高"" 青岛、燕京两大啤酒股遭股东减持 减持股份",澎湃新闻
2020-11-23,啤酒股今年“一路喝高”，青岛、燕京两大啤酒股遭股东减持 减持股份,澎湃新闻
2020-11-23,2020全球最具潜力药品TOP10出炉 | MIT年度“50家聪明公司”揭晓 | 医健领域一周60起融资事件,医学界智库
2020-11-23,郭广昌减持青啤套现35亿！放下啤酒，痛饮白酒？ 减持股份,野马财经
2020-11-23,疫情刺激冷链物流短期需求增加 有专家称新冠疫苗对冷链设备需求有限,证券日报网
2020-11-23,通化东宝能否“自救”？新一代速效胰岛素与GLP-1类谁是“王者”,药智网
2020-11-23,郭广昌的酒局生变：收购甘肃金徽酒后，又减持青岛啤酒套现35亿 减持股份,腾讯网
2020-11-23,礼来巴瑞替尼获批治疗新冠 盘点Jak抑制剂上市及在研管线,新浪
2020-11-23,11月23日早盘两市净流入前20股(名单),金融界
2020-11-23,【异动股】復星医药(02196-HK)涨3.77%,财华社
2020-11-23,6家钢铁上市公司环境责任信息披露评价达到3星半以上级别,中国冶金报社
2020-11-23,澳柯玛：尚不掌握biontech或复星医药的具体疫苗储存和运输要求,格隆汇
2020-11-23,恒指高开0.79% 软件开发板块领涨,中新经纬
2020-11-23,晨会聚焦201123重点关注太阳能、医疗大数据盘点、医药行业,国信研究
2020-11-23,遭复星集团减持套现千万 青岛啤酒股价到头了吗？ 减持股份,佳酿网
2020-11-23,智通港股通占比异动统计|11月23日,智通财经
2020-11-23,智通港股通持股解析|11月23日,智通财经
2020-11-23,港股公告精选：恒大地产1257亿战投已转为普通股,Wind
2020-11-23,疫苗研发突破加持下，复星旅文将迎来触底反弹？,21世纪经济报道
2020-11-23,增减持公告汇总丨复星集团累计减持这只啤酒股5%股份,第一财经
2020-11-23,最强医药股的补跌说明什么?,财富动力网
2020-11-23,上市公司正负面新闻2020年11月23日星期一,Wind
2020-11-22,浙商早知道 | 11月23日,浙商证券研究所
2020-11-22,【国信医药】板块延续回调趋势，静待医保谈判落地（周观点）,GuosenHealthcare
2020-11-22,郭广昌豪饮青啤 最近三月套现约21亿元,e公司
2020-11-22,晚间重要公告2020年11月22日星期日,Wind
2020-11-22,青岛啤酒：复星集团累计减持比例达5% 减持股份,Wind
2020-11-22,8股获买入评级 最新:广汽集团,中财网
2020-11-22,医药生物行业周报：调整提供布局良机 拥抱长期成长和确定性,新浪
2020-11-22,沪指一周涨逾2%逼近3400点关口 产业复苏主线之下关注主题性机会,大众证券报
2020-11-21,智通港股空仓持单统计|11月21日,智通财经
2020-11-21,本周上涨合预期，下周当心现危机,中金在线
2020-11-21,复星医药控股子公司Gland Pharma在印度两大交易所顺利上市,证券日报网
2020-11-21,指数结束调整集体收涨，周期股持续活跃，低吸机会是否一触即发?,财富动力网
2020-11-20,辉瑞已提交新冠疫苗紧急使用授权申请，美国或12月中旬可用,澎湃新闻
2020-11-20,新冠疫苗的丝毫进展，牵动着全球投资者的心脏！,富途证券
2020-11-20,大文旅丨复星旅文触底反弹？,21世纪经济报道
2020-11-20,复星医药(02196)将于11月30日派付2018年公开发行公司债券(第二期)利息,智通财经
2020-11-20,"复星医药(02196.HK)""18复药03""将于11月30日付息",格隆汇
2020-11-20,"复星医药(02196.HK)""18复药02""将于11月30日付息",格隆汇
2020-11-20,复星医药(02196.HK)拟为控股子公司提供担保 大额借贷担保,格隆汇
2020-11-20,380亿主力资金近三日撤出全A(等权)概念股,证券时报网
2020-11-20,复星医药(600196.SH)：GlandPharma已分别在孟买证券交易所及印度国家证券交易所主板开始买卖,格隆汇
2020-11-20,11月20日主力资金净流出32亿元,证券时报网
2020-11-20,复星医药(02196)：建议分拆Gland Pharma于孟买及印度证交所独立上市已完成,智通财经
2020-11-20,复星医药(02196.HK)：GlandPharma已于印度时间11月20日在孟交所及印交所上市,格隆汇
2020-11-20,复星医药(02196-HK)旗下抗白血病新药获临床试验注册审评受理,财华社
2020-11-20,A股又“买醉”！刚刚，白酒股飙升1600亿,中国基金报
2020-11-20,Wind快讯 每日医药行业动态（2020-11-20）,Wind
2020-11-20,港股早评：恒指高开0.19%科技股强势德琪医药首日上市开涨8.41%,格隆汇
2020-11-20,智通港股通占比异动统计|11月20日,智通财经
2020-11-20,智通港股通持股解析|11月20日,智通财经
2020-11-20,每日财报｜中海地产债券发行24亿恩华药业回购,搜狐
2020-11-19,格隆汇港股聚焦(11.19)︱ 网易公布第三季度财报：营收同比增长27.5%至187亿元，净利37亿元,格隆汇
2020-11-19,智通港股公告精选︱(11.19)网易-S三季度毛利同比增加25.6%至99亿元,智通财经
2020-11-19,A股头条之上市公司（11.20）,金融界
2020-11-19,晚间公告热点追踪：7天6板青青稞酒收深交所关注函,新浪
2020-11-19,拿下金徽后，复星又瞄上了一家葡萄酒,中国白酒网
2020-11-19,751亿主力资金近三日撤出全A(等权)概念股,证券时报网
2020-11-19,11月19日主力资金净流出167亿元,证券时报网
2020-11-19,这只大跌的ETF近两日流入了十个亿,魔都资产管理人
2020-11-19,晚间重要公告2020年11月19日星期四,Wind
2020-11-19,复星医药(02196)：注射用 FN-1501用于晚期肝细胞癌治疗获药品临床试验申请受理,智通财经
2020-11-19,BlingBling，296座金灿灿沉甸甸的金牛奖杯被抱走！这些上榜公司，有一个重要特点,中证报
2020-11-19,社保基金三季度减仓操作：大涨大卖、小涨小卖、不涨不卖,红周刊
2020-11-19,复星医药(02196.HK)：利妥昔单抗注射液已完成III期临床研究,格隆汇
2020-11-19,复星医药：利妥昔单抗注射液类风湿关节炎III期临床研究完成,e公司
2020-11-19,复星医药：利妥昔单抗注射液已完成III期临床研究,Wind
2020-11-19,复星医药(600196.SH)：复星医药产业获药品临床试验申请受理,格隆汇
2020-11-19,复星医药(600196.SH)：控股子公司药品临床试验已达到预设主要研究终点,格隆汇
2020-11-19,复星医药：注射用FN-1501获国家药监局临床试验注册审评受理,Wind
2020-11-19,A股融资融券日报：两融余额增加19.41亿元（11月18日）,Wind
2020-11-19,智通港股通占比异动统计|11月19日,智通财经
2020-11-19,【宏观早评】长债再破3.3%，盘中几无抵抗,混沌天成研究
2020-11-19,53只港股获南向资金大比例持有,证券时报网
2020-11-19,智通港股通持股解析|11月19日,智通财经
2020-11-18,政策加持 资本追逐 医药行业如何发展 且听知名高管咋说 2020 中国医药健康创新资本论坛11月27日在深圳举行,每日经济新闻
2020-11-18,BioNTech新冠疫苗有效率达95%，复星称积极推动在中国上市,第一财经
2020-11-18,资本追逐、政策加持 “高关注”时代过后国内医药行业走向何方？,每日经济新闻
2020-11-18,每年有50%的疫苗因冷链系统问题被浪费掉,富途证券
2020-11-18,A股明日风口：英国2030年起禁售汽柴油 辉瑞新冠疫苗有效率达95%,新浪
2020-11-18,A股资金面日报：银行股受资金青睐,中投网
2020-11-18,GLP-1类药物搅局500亿“糖尿病”市场，通化东宝、甘李药业“危矣”,药智网
2020-11-18,35股主力资金净流入超亿元,证券时报网
2020-11-18,639亿主力资金近三日撤出全A(等权)概念股,证券时报网
2020-11-18,医药生物行业周报：不惧短期调整 逢低布局景气度高的细分赛道,新浪
2020-11-18,视频｜A股疫苗行情何时再度开启？该如何布局？来看看专家怎么说,重庆商报
2020-11-18,集采后仿制药利润大幅割肉 CRO企业会否成为创新药时代新风口？,华夏时报
2020-11-18,复星医药法定代表人变更为吴以芳 董监高成员变化,企查查
2020-11-18,【热点报告——股指期货】2020年12月主要规模指数成分股调整预测,东证衍生品研究院
2020-11-18,【信达看盘】2020.11.18,信达证券上海
2020-11-18,23股遭融资净卖出超5000万元,证券时报网
2020-11-18,A股融资融券日报：两融余额增加26.05亿元（11月17日）,Wind
2020-11-18,【医药】Moderna再发新冠疫苗积极临床结果，医药进入配置阶段——医药行业周报——中性,渤海证券研究
2020-11-18,智通港股通占比异动统计|11月18日,智通财经
2020-11-18,港股盘前必读：发改委正编制“十四五”规划，华为荣耀出售尘埃落定,Wind
2020-11-18,智通港股通持股解析|11月18日,智通财经
2020-11-18,每日理财观察：金砖国家领导人第十二次会晤举行,Wind
2020-11-18,复星医药为子公司1.93亿外币贷款业务债务提供担保 大额借贷担保,中国经济网
2020-11-18,A股市场风格切换 顺周期板块火爆,证券时报
2020-11-17,两市特大单净流出超200亿元 这个保险行业龙头吸金超6亿元,第一财经
2020-11-17,智通港股公告精选︱(11.17)亚东集团公开发售获认购18.3倍 每股发售价0.84港元,智通财经
2020-11-17,【收盘简评】2020-11-17,赢家之星
2020-11-17,能做超低温冰柜的公司有哪些？这些A股公司均涉及,第一财经
2020-11-17,两大业务市场潜力十足，励晶太平洋（00575）成长路径已清晰,智通财经
2020-11-17,【招商策略】MLF超额续作提振情绪，陆股通加仓顺周期——金融市场流动性与监管动态周报（1116）,招商策略研究
2020-11-17,游资情报 | 机构联手砸盘3亿多，溧阳路“孙哥”逢低捡漏？顶级游资扫货“泉阳泉”！,每日经济新闻
2020-11-17,牙科界的“茅台”突发大跌 百家机构懵了,新浪
2020-11-17,【超级大单】保险行业龙头吸金超5亿元,证券时报网
2020-11-17,【主力资金】大资金猛抢万亿白马股，这些股尾盘获主力追逐（附名单）,证券时报网
2020-11-17,牙科界的“茅台”突发大跌，10年涨近24倍！顺周期板块大涨，这些龙头频频创新高,证券时报网
2020-11-17,数据复盘| 79亿主力资金撤离医药生物行业 机构净卖出王府井等股,证券时报网
2020-11-17,11月17日主力资金净流出424亿元,证券时报网
2020-11-17,金融街下午茶2020年11月17日星期二,Wind
2020-11-17,A股极度分化创指大跌2%市场观望情绪浓厚大盘难破拉锯格局,财华社
2020-11-17,复星医药(02196)拟为子公司不超过1.925亿元外币贷款业务项下债务提供担保 大额借贷担保,智通财经
2020-11-17,砸盘元凶？特殊主力5800亿蜂拥出逃 昔日龙头断崖式暴跌 股票卖空,中财网
2020-11-17,恒指收涨0.13%非酒精饮料板块领涨,中新经纬
2020-11-17,复星医药(02196.HK)拟为FMH不超1.9亿元贷款提供担保 大额借贷担保,格隆汇
2020-11-17,突发！创业板盘中大跌3%：白酒医药猛跌，更有疫苗龙头暴跌11%，市场风格真的变了？ 连续下跌,中国基金报
2020-11-17,港股复盘：恒指小涨0.13%，农夫山泉2日累计攀升近19%,格隆汇
2020-11-17,收评：恒指涨0.13% 科技股跳水农夫山泉涨7.28%钟睒睒再成中国首富,金融界
2020-11-17,收评：沪指跌0.21%创业板指跌2%科技股午后大幅上行,中金网
2020-11-17,港股收评：恒指震荡收涨0.13%航空、石油板块强势抗疫概念股普遍下挫,格隆汇
2020-11-17,A股收评：创业板指跌2%，医疗医药板块集体扑街,格隆汇
2020-11-17,两市全天弱势：北向小幅流入 电气设备板块遭抛35亿,新浪
2020-11-17,A股三大股指集体收跌 白酒股尾盘跳水 连续下跌,中新经纬
2020-11-17,975亿资金争夺20股：主力资金重点出击4股(名单),新浪
2020-11-17,震荡回调：科技股连续走弱，沪指跌0.21%，创指大跌2%,澎湃新闻
2020-11-17,收评：A股全天低迷创业板指大跌2%午后地产板块护盘白酒股跳水 连续下跌,金融界
2020-11-17,A股收盘综述：上证指数收跌0.21%，白酒股午后高台跳水,Wind
2020-11-17,挖掘“大健康”价值与机会，2020智通财经&大湾汇医药投资论坛圆满落幕,智通财经
2020-11-17,疫苗冷链概念再度活跃 冰轮环境澳洋健康涨停,证券时报网
2020-11-17,新冠疫苗接连释放积极信号，让我们对疫情有何预期？,中新经纬
2020-11-17,Moderna新冠疫苗有效性达94.5% 最快今年底或明年初获批上市,中国新闻周刊
2020-11-17,恒指涨0.11%航运及港口板块领涨,中新经纬
2020-11-17,新冠候选mRNA疫苗有效性、稳定性、产能的PK，谁更占优？,第一财经
2020-11-17,【金徽酒调研简报：省内升级及省外开拓加速，复星协同打开潜力空间—方正食品饮料201116】,虎哥的研究
2020-11-17,两市走势分化：港口航运板块大涨 主力逃出半导体,新浪
2020-11-17,Moderna疫苗数据公布后竞争对手股价大跌 连续下跌,第一财经
2020-11-17,午评：恒指涨0.11% 科技股暴跌农夫山泉涨超6%续创新高 连续下跌,新浪
2020-11-17,深度调研疫苗冷链上下游：超低温需求有限2-8℃产能有释放空间,科创板日报
2020-11-17,A股震荡走弱：创指大跌2.55%航运股逆市拉升,中新经纬
2020-11-17,A股午盘综述：上证指数跌0.2%，创业板指跌2.55%,Wind
2020-11-17,Moderna新冠疫苗有效率达94%超越辉瑞 复星医药A股、H股跌超7%,金融界
2020-11-17,快讯：港股抗疫概念板块普跌 复星医药跌超7%康希诺生物跌近5%,新浪
2020-11-17,【行情】港股抗疫概念板块普跌，复星医药、康希诺生物开盘直线跳水，分别跌7%和5%,金十数据
2020-11-17,复星医药大跌6.28%，领跌生物制品板块,中新经纬
2020-11-17,生物疫苗概念下挫，智飞生物、东方生物、复星医药领跌,Wind
2020-11-17,【行情】生物疫苗板块走弱，复星医药跌6%，智飞生物跌5%，西藏药业、海利生物、赛升药业等均跌逾3%,金十数据
2020-11-17,快讯：生物疫苗板块走弱 复星医药大跌6%,新浪
2020-11-17,产业周报丨国家药监局加强医疗器械质量监督管理工作，德昇济医药获2亿美元的A轮融资,新浪医药
2020-11-17,A股融资融券日报：两融余额增加73.19亿元（11月16日）,Wind
2020-11-17,市场涨出新高度！道指即将突破30000点,Wind
2020-11-17,医药行业机遇和挑战并存，部分板块仍具备结构性机会,制药网
2020-11-17,智通港股通占比异动统计|11月17日,智通财经
2020-11-17,智通港股通持股解析|11月17日,智通财经
2020-11-17,比辉瑞疫苗更好？Moderna宣布疫苗有效率为94.5％，还破解了冷链难题,华夏时报
2020-11-17,格隆汇港股通5日资金流入流出排行榜 | 11月16日,格隆汇
2020-11-16,【爱美客|事件点评】利拉鲁肽注射液获临床批件，减肥（重）领域布局增量可期【安信医药马帅团队】,医药马帅团队
2020-11-16,零下20度能存半年！新冠疫苗莫德纳与辉瑞到底谁方便存储,澎湃新闻
2020-11-16,在新冠疫苗的催化下 冷链存储运输行业发展有望提速,中证报
2020-11-16,医疗美容概念股全名单，爱尔眼科等3只概念股累计涨幅翻倍,第一财经
2020-11-16,617亿主力资金近三日撤出全A(等权)概念股,证券时报网
2020-11-16,11月16日主力资金净流出57亿元,证券时报网
2020-11-16,溢价300倍，成本33元最高售价1万！堪比茅台的暴利行业涨嗨了，概念股全名单请收藏，一则公告引爆冷门股,证券时报网
2020-11-16,个股4天3涨停！辉瑞新冠疫苗需-70℃存储，冷藏设备在美遭疯抢，A股冷链板块直接飙了,中证报
2020-11-16,中小企业资本市场周报（2020年11月9日-11月13日）,中泰证券中小企业金融部
2020-11-16,中国第五款新冠疫苗开启三期临床试验，由高福团队与智飞生物合研,21世纪经济报道
2020-11-16,两大千亿科技巨头突然大跌！主力资金紧急出逃,中国基金报
2020-11-16,解密BioNTech腾飞之路：从34亿到255亿的跨越,每日经济新闻
2020-11-16,910亿资金争夺20股：主力资金重点出击8股(名单),新浪
2020-11-16,顺周期概念股迎来爆发！9股连涨8天 最牛股连续涨停（附名单）,e公司
2020-11-16,刚刚，2只千亿科技龙头突然大跌，主力紧急出逃近10亿！仅9股连涨8天，最牛股连续涨停（附名单）,证券时报
2020-11-16,2只千亿科技龙头突然大跌！9股连涨8天（附名单）,证券时报
2020-11-16,低回撤打新基金系列|“固收+”策略之债券基金,养基司令
2020-11-16,A股资讯晨报,新浪
2020-11-16,医美板块大涨，疫情趋稳需求恢复，三条赛道布局医疗美容,第一财经
2020-11-16,疫苗超低温冰柜脱销 相关概念股早盘走强,新浪
2020-11-16,6股遭融资净卖出额超亿元,证券时报网
2020-11-16,【方正食饮201115】行情扩散，三四线白酒波动大，大众品继续回调,虎哥的研究
2020-11-16,快讯：恒指涨0.78% 获纳入恒指美团涨近5%安踏涨超6%,新浪
2020-11-16,医药行业一周观察：新冠疫苗有效性数据优秀，调整中关注龙头投资机会,国信研究
2020-11-16,A股融资融券日报：两融余额减少8.08亿元（11月13日）,Wind
2020-11-16,A股早报2020年11月16日星期一,Wind
2020-11-16,11月16日 12股盘前利好公告速递,中财网
2020-11-16,最新公告透露利好 12只个股有望爆发（11.16）,中金在线
2020-11-16,智通港股通占比异动统计|11月16日,智通财经
2020-11-16,智通港股通持股解析|11月16日,智通财经
2020-11-16,港股公告精选：瑞声科技第三季度净利同比降38%，但环比增60%,Wind
2020-11-16,医药周报2020年第44期：海外疫苗公布中期分析 把握四季度布局主线,新浪
2020-11-16,南财早新闻丨RCEP正式签署！财政部表示将做好协定关税减让相关工作；联博香港提交公募牌照申请,21世纪经济报道
2020-11-16,美国这款产品严重脱销，市场需求有望高达16000亿元。量价双击，7000亿产业景气度爆棚，年内第8次涨价，多只股市盈率不足10倍,证券时报
2020-11-16,饲料年内第8次涨价潮来了！多只股市盈率不足10倍,证券时报
2020-11-16,格隆汇港股通5日资金流入流出排行榜|11月15日,格隆汇
2020-11-16,融资盘继续流入 制造业周期蓝筹表现活跃,财富动力网
2020-11-15,【浙商医药|周报】估值持续回落，mRNA疫苗积极结果导致板块分化,杏林建研
2020-11-15,A股明日风口：15国正式签署区域全面经济伙伴关系协定,新浪
2020-11-15,招商策略：中期A股有望迎来一轮明显的“跨年行情”,招商策略研究
2020-11-15,2020年11月16日涨停板早知道：七大利好有望发酵,新浪
2020-11-15,短期下周当上涨，中期方向待观察,中金在线
2020-11-15,市场或将出现新的爆发性热点,中金在线
2020-11-15,格隆汇个股放量排行榜 | 11月15日,格隆汇
2020-11-15,【中金医药】疫苗突破+美国大选进展，行业调整与继续分化-中金医药周报系列七十九,陆家嘴医药代表
2020-11-15,医药行业每周医览药闻：中国科技创新的卖水者 科学服务行业方兴未艾,新浪
2020-11-15,生物医药行业周报：辉瑞新冠疫苗保护率超90% 新冠疫苗研发稳定推进,新浪
2020-11-15,热门融资标的股票分析,华龙掘金
2020-11-14,美国超低温存储冷柜已经脱销，海尔生物等探讨潜在的疫苗低温存储解决方案,Wind
2020-11-14,美国超低温存储冷柜已经脱销，海尔生物等探讨潜在的疫苗低温存储解决方案,金十数据
2020-11-14,复星医药(02196.HK)分拆GlandPharma最终定价每股1500卢比,财华社
2020-11-14,格隆汇个股放量排行榜 | 11月14日,格隆汇
2020-11-14,新冠疫苗临床获批、创新药物上市……刚离开四叶草，法国德国企业就迎来利好,上观
2020-11-14,狙击牛熊：下周大盘走势路线图(2020.11.14),中金在线
2020-11-14,复星医药(02196)和BioNTech(BNTX.US)宣布其新冠候选疫苗BNT162b2在中国获批临床,智通财经
2020-11-14,揭秘本周聪明钱｜3400点真是“铁顶”？融资客“背道而驰”低吸这类股！,每日经济新闻
2020-11-14,一周药闻丨复星新冠疫苗临床试验获批 辉瑞JAK抑制剂达到3期临床终点,新浪医药
2020-11-14,上市公司正负面新闻2020年11月14日星期六,Wind
2020-11-13,格隆汇港股聚焦(11.13)︱敏华控股中期纯利升6.18%至7.49亿港元；网易下周四公布业绩,格隆汇
2020-11-13,复星医药和 BioNTech宣布其mRNA候选疫苗BNT162b2获中国国家药监局临床试验批准,中金在线
2020-11-13,【浙商医药|周报】板块回调下医药制造业α和β的思考,杏林建研
2020-11-13,公告精选：复星医药新冠疫苗BNT162b2临床试验获批；上海天洋上调产品售价,e公司
2020-11-13,公告精选丨古井贡酒拟定增募资不超过50亿；多家上市公司被股东减持,21世纪经济报道
2020-11-13,复星医药控股子公司新冠病毒mRNA疫苗获临试批准,中国证券网
2020-11-13,复星医药(02196)：Gland Pharma于印度发行4319.7万股合计募资125亿印度卢比,智通财经
2020-11-13,复星医药(02196.HK)：预计Gland Pharma将于印度时间11月20日在孟交所及印交所上市,格隆汇
2020-11-13,复星医药：新冠疫苗临床试验获批，拟中国境内开展二期研究,澎湃新闻
2020-11-13,主力资金：主力紧急出逃3只超级白马股 卖出资金近40亿元,新浪
2020-11-13,复星新型冠状病毒mRNA疫苗BNT162b2临床试验获批,新浪
2020-11-13,复星医药拟定增募资50亿元，加大“4+3”研发平台建设,药智网
2020-11-13,数据复盘|隆基股份遭主力资金净卖出18亿元 北向资金连续4日净流出,证券时报网
2020-11-13,复星医药(600196.SH)：预计GlandPharma股份将于印度标准时间11月20日在孟买证交所及印度证交所开始买卖,格隆汇
2020-11-13,复星医药(600196.SH)：控股子公司“新型冠状病毒mRNA疫苗BNT162b2”药品获批临床试验,格隆汇
2020-11-13,复星医药：新型冠状病毒mRNA疫苗BNT162b2临床试验获批,Wind
2020-11-13,复星医药：上海复星医药股份有限公司控股子公司上海复星医药产业发展有限公司收到国家药品监督管理局关于其获许可的新型冠状病毒mRNA疫苗BNT162b2用于预防新型冠状病毒肺炎的临床试验批准,金十数据
2020-11-13,1061亿主力资金近三日撤出全A(等权)概念股,证券时报网
2020-11-13,11月13日主力资金净流出311亿元,证券时报网
2020-11-13,涨停复盘 | 沪指四连阴，新能源汽车卷土重来,第一财经
2020-11-13,格隆汇个股放量排行榜|11月13日,格隆汇
2020-11-13,白酒金融等权重领跌沪指四连阴多空拉锯3300关注下周止跌迹象,财华社
2020-11-13,因疫苗“有效性超90%”刷屏的BioNTech，什么来头？,天风期货研究所
2020-11-13,进博会成绩单来了| 自然阳光洞察行业潜力，持续加码中国市场,凤凰网
2020-11-13,982亿资金争夺20股：主力资金重点出击6股(名单),新浪
2020-11-13,连续三日涨停后，金徽酒盘中跌停，复星系掌门郭广昌仍赚近3倍,AI财经社
2020-11-13,Wind快讯 每日医药行业动态(2020-11-12),Wind资讯
2020-11-13,冰轮环境午后直线涨停,第一财经
2020-11-13,冰轮环境股价异动拉升涨停 疫苗冷链概念股跟随走高,金融界
2020-11-13,午后一则利好消息传来，冰轮环境股价迅速飙升涨停,第一财经
2020-11-13,医疗健康产业2021年投资策略：医疗投资迎来长跑期 关注医保控费下的新机遇,新浪
2020-11-13,酒类食品饮料行业：小酒热下的冷思考,新浪
2020-11-13,冰轮环境：正在承建复星医药旗下公司的-70℃超低温生物冷库,e公司
2020-11-13,北向资金流出43亿：有色股获18亿主力买入 6亿资金加码比亚迪,新浪
2020-11-13,中金：部分酒企炒作已经脱离基本面,中金点睛
2020-11-13,【信达看盘】2020.11.13,信达证券上海
2020-11-13,A股融资融券日报：两融余额增加3.35亿元（11月12日）,Wind
2020-11-13,年内百余位药企高管离职，所谓哪般？ 董监高成员变化,制药网
2020-11-13,智通港股通占比异动统计|11月13日,智通财经
2020-11-13,智通港股通持股解析|11月13日,智通财经
2020-11-13,每日财报｜吉药控股更换控股股东豆神教育实控人减持,搜狐
2020-11-13,布局mRNA技术创新体系迎来“高光时刻”,中证报
2020-11-13,新冠疫苗“搅动”全球市场,中华工商时报
2020-11-13,智通港美股会议日历|11月13日,智通财经
2020-11-12,A股头条之上市公司（11.13）,金融界
2020-11-12,"白酒、黄酒、青稞酒齐涨停!A股酒博会掀高潮,最大赢家竟是郭广昌,""中国巴菲特""左手疫苗右手白酒暴涨300亿!",金融界
2020-11-12,狙击新冠！疫苗、抗体、特效药哪个快？复星医药疫苗进口运输准备就绪,华夏时报
2020-11-12,复星医药吴以芳：mRNA疫苗是国际合作硕果 国内供应量仍有挑战,复星医药
2020-11-12,盛视早参：周期萌动 科技承压,新浪
2020-11-12,A股喝酒行情再起：市值单日增长超2100亿，金徽、青青稞酒接连涨停,时代在线
2020-11-12,【公告抢先看】晚间重要公告:海格通信启动分拆驰达飞机上市筹备工作 量子跃动能否成掌阅科技股东存不确定性,金融界
2020-11-12,市场要闻丨新冠疫苗获临床试验注册审评受理 ，复星医药现阶段已经投入6619万元,36氪
2020-11-12,研发日报丨恒瑞医药PD-1单抗新药又一项上市申请获受理,新浪
2020-11-12,速读社丨默沙东K药一线治疗结直肠癌拟纳入优先审评复星医药新冠mRNA疫苗获批临床,新浪医药
2020-11-12,22股主力资金净流入超亿元,证券时报网
2020-11-12,格隆汇个股放量排行榜|11月12日,格隆汇
2020-11-12,复星医药(02196)：HLX15用于多发性骨髓瘤治疗获国家药品监督管理局临床试验注册审评受理,智通财经
2020-11-12,A股休整酝酿新一轮攻势这一概念受到资金追捧,巨丰财经
2020-11-12,复星医药：子公司药品临床试验申请获受理,Wind
2020-11-12,11月12日复盘：量能决定翻不起大浪 主力资金出击11股,新浪
2020-11-12,复星医药(600196.SH)控股子公司获药品临床试验申请受理,格隆汇
2020-11-12,876亿资金争夺20股：主力资金重点出击11股(名单),新浪
2020-11-12,巨丰资金流向：市场窄幅调整引分化 主力再现大幅撤离 ！,巨丰财经
2020-11-12,医药关于疫苗行业跟踪点评：辉瑞BIONTECH中期数据乐观 关注疫苗和低温存储产业链机会,新浪
2020-11-12,疫苗获得重大进展，复星旅游文化（1992.HK）底部反转，价值迎回归,格隆汇
2020-11-12,最新疫苗好消息，复星医药获临床试验注册审评受理，概念股及,新浪
2020-11-12,复星医药全资子公司新冠疫苗BNT162b2临床试验申请获受理,企查查
2020-11-12,医药生物行业重大事件快评：全球首个新冠疫苗中期分析显示保护力超90％,新浪
2020-11-12,疫苗板块拉升，复星医药涨超6%，利好消息密集发布,第一财经
2020-11-12,A股小幅高开沪指涨0.07%半导体板块走强,中新经纬
2020-11-12,复星医药大涨5.46%，领涨生物制品板块,中新经纬
2020-11-12,病毒防治概念股集体拉升，复星医药、乐普医疗涨幅居前,Wind
2020-11-12,恒生指数高开0.7%报26409点 阿里巴巴(09988)反弹涨3.8%,凤凰网
2020-11-12,恒指高开0.28% 汽车板块领涨,中新经纬
2020-11-12,快讯：港股恒指高开0.7% 科技股反弹京东涨7%美团涨4%,新浪
2020-11-12,【行情】港股开盘，恒指开涨0.7%,金十数据
2020-11-12,热门融资标的股票分析,华龙掘金
2020-11-12,"大盘板块分化, 云南铜业融资盘小幅流入",财富动力网
2020-11-12,常铝股份:公司承建了复星医药多个制药洁净工程项目,Wind
2020-11-12,常铝股份:公司承建了复星医药多个制药洁净工程项目,e公司
2020-11-12,A股融资融券日报：两融余额减少30.05亿元（11月11日）,Wind
2020-11-12,电鳗快报|复星医药发布mRNA疫苗国内新进展有望成为其业绩“稳定器”?,电鳗快报
2020-11-12,早间公告2020年11月12日星期四,Wind
2020-11-12,复星医药资产劲升280倍 郭广昌财富年内增177亿,新浪
2020-11-12,智通港股通持股解析|11月12日,智通财经
2020-11-12,新医改背景下药企不断做“减法”，重心逐渐向创新药转移,制药网
2020-11-12,医药生物行业获融资客加仓，5只个股净买入额超亿元,制药网
2020-11-12,复星医药：控股子公司mRNA疫苗BNT162b2获临床试验注册审评受理,中国财富网
2020-11-12,港股盘前必读：港交所第三季度股东应占溢利33.5亿港元同比增52%,Wind
2020-11-12,早间公告：复星医药子公司疫苗用于预防新冠病毒肺炎获临床试验注册审评受理,e公司
2020-11-12,复星医药：mRNA疫苗获药监局临床试验注册审评受理,Wind
2020-11-12,4只港股获南向资金连续净买入 吉利汽车连续9天获净买入,证券时报网
2020-11-11,【收盘简评】2020-11-11,赢家之星
2020-11-11,这个万亿市场火了！16万个老旧小区5年内要“进化”，巨头纷纷布局,21世纪经济报道
2020-11-11,大批药企涌入玻尿酸行业，今年双11成300倍暴利神话的最后狂欢？,健识局
2020-11-11,海外商用新冠疫苗国内落地存不确定性 复星医药股价飙涨后现“过山车”行情,华夏时报
2020-11-11,疫苗板块集体下跌，冷链龙头澳柯为何逆势涨停？ 连续下跌,环球老虎财经
2020-11-11,智通港股通活跃成交|11月11日,智通财经
2020-11-11,数据复盘|比亚迪遭主力资金净卖出24亿元 北向资金连续2日净流出,证券时报网
2020-11-11,主力资金：3只大白马股获资金逆市追捧 买入资金超10亿元,新浪
2020-11-11,超级大单：3倍牛股尾盘为何大跌？一大隐忧曝光,新浪
2020-11-11,比亚迪突发大跌，万亿美团2天跌超19%！招行创历史新高，疫苗消息引巨变，利好股名单来了 连续下跌,证券时报
2020-11-11,北水动向(11.11)|北水净流入92.7亿 合计抢筹腾讯(00700)、美团(03690)逾百亿,智通财经
2020-11-11,11月11日主力资金净流出535亿元,证券时报网
2020-11-11,805亿主力资金近三日撤出全A(等权)概念股,证券时报网
2020-11-11,复星医药得辉瑞助攻，发布许可项目最新进展,药智网
2020-11-11,医药生物行业周报：全国冠脉支架集采落地 关注相关龙头企业,新浪
2020-11-11,新冠疫苗重大突破！中企也有份，独家代理新冠疫苗有效性超90%！,搜狐
2020-11-11,1083亿资金争夺20股：主力资金重点出击1股(名单),新浪
2020-11-11,128元/针，辉瑞疫苗美国定价出炉！卖到中国市场会更贵吗？,网易
2020-11-11,A股回调：创指失守2700点关口，半导体板块领跌,中新经纬
2020-11-11,北向资金流出近10亿：银行股发力护盘 比亚迪遭23亿资金卖出,新浪
2020-11-11,涨停板复盘：三大股指弱势调整 芯片、汽车板块大跌,新浪
2020-11-11,富瑞：给予复星医药“买入”评级，目标价39港元,36氪
2020-11-11,市场要闻丨辉瑞疫苗来了？产能压力叠加进口因素，复星医药股价上演过山车,36氪
2020-11-11,富瑞：荐“买入”复星医药（02196） 目标价39港元,智通财经
2020-11-11,快讯：疫苗板块午后走高 复星医药涨6%,新浪
2020-11-11,辉瑞疫苗成功前，让子弹再飞一会儿,新浪
2020-11-11,瑞信：将复星医药H股评级上调至跑赢大盘，目标价43港元,Wind
2020-11-11,恒指小幅下跌汽车板块领跌,中新经纬
2020-11-11,外资小幅流出：资源股获主力青睐 科技题材集体走弱,新浪
2020-11-11,新冠疫苗进入“预产期” 多家国内外公司与时间赛跑,证券日报网
2020-11-11,辉瑞新冠疫苗90%有效背后：缺乏安全性数据难下定论 大规模接种尚需再过五道关卡,金融界
2020-11-11,复星国际董事长郭广昌个人社交账号透露新冠疫苗研发进展，被质疑“违规披露” 其他违规处罚,资本邦
2020-11-11,昨日强势股集体回落：华虹半导体跌10% 比亚迪跌超7%,新浪
2020-11-11,复星医药大跌5.03%，成交31.61亿,中新经纬
2020-11-11,安信国际晨报：科网龙头及汽车股短期受压，长期乐观看法不变,安信国际
2020-11-11,复星医药9亿押中有效性90%的新冠疫苗，“中国强生”正冉冉升起？,晨哨网
2020-11-11,复星医药为子公司担保 高管层留不住人？,GPLP犀牛财经
2020-11-11,【信达看盘】2020.11.11,信达证券上海
2020-11-11,医药行业-冠脉支架全国集采落地 互联网+医保支付持续优化,新浪
2020-11-11,恒指低开0.28%互联网服务板块领跌,中新经纬
2020-11-11,三大指数集体低开，景点旅游、机场航运、生物疫苗等跌幅居前,21世纪经济报道
2020-11-11,交银国际：石药用于治疗复发或晚期实体瘤药物在中国获批临床,新浪
2020-11-11,迈瑞医疗、复星医药等股获融资净买入额超亿元,证券时报网
2020-11-11,A股早报2020年11月11日星期三,Wind
2020-11-11,A股融资融券日报：两融余额增加29.94亿元（11月10日）,Wind
2020-11-11,每日理财观察：证监会全面启动上市公司治理专项行动,Wind
2020-11-11,智通港股通持股解析|11月11日,智通财经
2020-11-11,港股盘前必读：复星医药公告称新冠疫苗能否获批上市存在不确定性,Wind
2020-11-11,【国金早闻】市场说给你听,国金期货微服务
2020-11-11,反垄断指南利淡AMTX恆指支持看26000,财华社
2020-11-11,复星医药：2020年11月11日，上海复星医药（集团）股份有限公司控股子公司上海复星医药产业发展有限公司收到《受理通知书》，其获许可的mRNA疫苗BNT162b2用于预防新型冠状病毒肺炎获国家药品监督,金十数据
2020-11-11,好消息全部浮现 高位遇沽压,财富动力网
2020-11-11,辉瑞新冠疫苗尚待更多有效性数据，储运难题已有“复星方案”,Wind
2020-11-11,注意！对接100+欧美项目，China Focus线上对接会第2场来袭!,药渡
2020-11-11,复星医药(02196-HK)：新冠疫苗于內地处I期临床试验,财华社
2020-11-11,电话会议释放mRNA 新冠疫苗研发重磅信息 复星医药强势涨停背后的产能压力,21世纪经济报道
2020-11-11,疫苗研发获重要进展 航空旅游股应声飘红,第一财经
2020-11-11,辉瑞新冠疫苗尚待更多有效性数据，储运难题已有“复星方案”,第一财经
2020-11-11,复星医药回应新冠疫苗引进时间：合法安全前提下能多快就多快,证券日报
2020-11-10,进博会专题 | 波士顿科学、再鼎制药、阿斯利康专访（视频）,健识局
2020-11-10,复星医药全球合作的新冠疫苗有效性超90%，国内落地将提速,健识局
2020-11-10,郭广昌提前透露新冠疫苗研发进展是否涉嫌信披违规？ 其他违规处罚,第一财经
2020-11-10,疫苗有效性90%：疫苗安全性如何？保护期多久？复星医药回应了,21世纪经济报道
2020-11-10,疫苗有效性90% 复星医药强势涨停！疫苗安全性如何？回应来了,21世纪经济报道
2020-11-10,格隆汇港股聚焦(11.10)︱华虹半导体第三季度收入创历史新高；腾讯控股明日公布业绩,格隆汇
2020-11-10,图说今日股市：三大指数震荡下行沪指跌0.4%机场航运板块全天领涨,第一财经
2020-11-10,复星医药(02196.HK)与BioNTech新冠疫苗合作在有序推进中,格隆汇
2020-11-10,新冠疫苗“打工人”复星医药：看得见的利好，看不清的商业化前景,读懂财经
2020-11-10,辉瑞制药宣布新冠疫苗获突破居家概念股应声大跌,雷帝触网
2020-11-10,复星医药：与BioNTech就新冠疫苗合作在有序推进 区域内能否获批上市以及上市时间存不确定性,e公司
2020-11-10,复星医药(600196.SH)：与BioNTech就新冠疫苗在区域内的合作在有序推进中,格隆汇
2020-11-10,复星医药：新冠疫苗能否获批上市存在不确定性,Wind
2020-11-10,复星医药：与BioNTech就新冠疫苗在区域内的合作在有序推进中,金十数据
2020-11-10,复星医药：复星医药产业获BioNTech授权在区域内开展mRNA新型冠状病毒疫苗产品的开发和商业化,金十数据
2020-11-10,电话会议释放mRNA新冠疫苗研发重磅信息，复星医药强势涨停背后的产能压力,21世纪经济报道
2020-11-10,上市公司财报造假识别、无水再生纸…！进博会上的新科技来了,中国基金报
2020-11-10,辉瑞疫苗引爆市场 合作方复星称或在华建设疫苗产能,中国经济周刊
2020-11-10,目录即将公布！这些药，有望进国家医保（附名单）,赛柏蓝
2020-11-10,侃财｜一家坑了所有人的上市公司,证券时报网
2020-11-10,辉瑞宣布新冠疫苗有效性超90% 冷链运输和储存成关键,经济观察网
2020-11-10,辉瑞新冠疫苗宣布有效率超90%，中方合作伙伴称或在华建设产能,中国经济周刊
2020-11-10,智通港股通活跃成交|11月10日,智通财经
2020-11-10,郭广昌个人微信号透露新冠疫苗研发进展被质疑“信披违规” 复星医药股价今日涨停 其他违规处罚,中国网
2020-11-10,数据复盘|108亿主力资金撤离电子行业 机构抢筹9股,证券时报网
2020-11-10,11月10日主力资金净流出531亿元,证券时报网
2020-11-10,北水动向(11.10)|北水净流出11.67亿 港交所(00388)明日放榜 绩前获超3亿增持,智通财经
2020-11-10,复星医药：控股子公司拟510万元与关联方共设佛山星莲护理院,发布易
2020-11-10,复星医药(02196.HK)拟参与投资设立佛山市星莲护理院,格隆汇
2020-11-10,涨停复盘 | 两市涨停家数骤减，神州数码放量涨停,第一财经
2020-11-10,复星医药：mRNA新冠疫苗中国市场毛利65%归复星,金十数据
2020-11-10,涨停板解密：市场回探，部分个股逆市仍强劲！（11月10日）,Wind
2020-11-10,恒指收涨1.1%中国海洋石油领涨蓝筹股,中新经纬
2020-11-10,复星医药(600196.SH)：禅城医院与关联方星双健拟共设佛山星莲,格隆汇
2020-11-10,港股收盘(11.10)|恒指收涨1.1% 疫苗利好推动风险偏好回升 石油股、航空股涨幅居前,智通财经
2020-11-10,收评：恒指涨1.1% 航空、石油大涨科技股暴跌美团跌11%,新浪
2020-11-10,港股收盘快报(11.10)|恒指收涨1.76% 复星医药(02196)收涨逾14% 数日前已获得BioNTech的授权许可,智通财经
2020-11-10,11月10日复盘：保持谨慎心态 主力资金出击5股,新浪
2020-11-10,1144亿资金争夺20股：主力资金重点出击5股(名单),新浪
2020-11-10,11月10日异动股点评：这只股独享疫苗盛宴 盘点四牛与四熊,山东神光
2020-11-10,【新华500】新华500指数（989001）弱势震荡跌0.6%,新华网
2020-11-10,巨·数据 | 芯片概念热度退潮 谁能成为下一个龙头概念,巨丰财经
2020-11-10,震荡下跌：成交又不足万亿，机场航运股爆发，北向资金净流出,澎湃新闻
2020-11-10,复星医药吴以芳：新冠疫苗将采用最保守冷链条件确保产品质量,金十数据
2020-11-10,收评：沪指跌0.4%创业板指大跌1.45% 智慧农业炸板 航空、旅游板块逆市大涨,金融界
2020-11-10,复星医药董事长：新冠疫苗或有阶段性产能压力，按优先级考虑,澎湃新闻
2020-11-10,A股收盘综述：上证指数跌0.4%，创业板指跌1.45%,Wind
2020-11-10,跟盘丨创业板指跌1.46% 机场、能源板块表现活跃,第一财经
2020-11-10,复星医药回爱民：可以期待mRNA新冠疫苗保护时长超过半年,Wind
2020-11-10,新华500指数午盘报5297.28点 涨0.01%,新华网
2020-11-10,复星医药回爱民：可以期待mRNA新冠疫苗保护时长超过半年,澎湃新闻
2020-11-10,复星医药涨停，领涨生物制品板块,中新经纬
2020-11-10,1300亿疫苗龙头涨停 10倍牛股却大跌！市场逻辑骤变？,中证报
2020-11-10,1300亿龙头涨停，10倍牛股跌9%，市场逻辑骤变？,中证报
2020-11-10,大白马早盘跳水 免税概念龙头重挫！疫苗新突破 这家A股公司嗨了！两大万亿资金加仓股来了,金融界
2020-11-10,辉瑞的疫苗试验大获成功，黄金大跌100美元,理财18
2020-11-10,复星电话会：可以期待辉瑞、BioNTech新冠疫苗保护时间超过6个月,格隆汇
2020-11-10,猝不及防！万亿巨头跌去1500亿市值，腾讯小米集体重挫 连续下跌,e公司
2020-11-10,猝不及防！万亿巨头跌去1500亿市值，腾讯、小米等科技股集体重挫！这些板块却嗨了...机构：抓紧时间买入！ 连续下跌,证券时报网
2020-11-10,复星电话会：辉瑞、BioNTech新冠疫苗三期实验没有任何严重不良反应,新浪
2020-11-10,港股午评|航空、石油、博彩股集体暴涨！科技股走低，美团大跌近8%,富途证券
2020-11-10,港股午评：恒指涨0.72%航空、石油暴涨科技股回调,金融界
2020-11-10,"行情围绕""疫苗""展开：复星获主力抢筹 11亿资金流入民航股",新浪
2020-11-10,A股午盘丨沪指涨0.12% 航空、能源涨幅居前,第一财经
2020-11-10,解盘：指数继续走强，航空运输、白酒、影视略涨,Wind
2020-11-10,A股午盘综述：上证指数午盘涨0.12%，创业板指跌0.28%,Wind
2020-11-10,辉瑞称其新冠疫苗有效性超90%！中国合作方复星医药一字涨停,环球老虎财经
2020-11-10,分拆上市、高管换血，复星医药博弈资本寒冬 董监高成员变化,中访网
2020-11-10,【港股通】持有辉瑞新冠疫苗的相关权益 复星医药升逾11%,凤凰网
2020-11-10,新冠疫苗研发迎重大进展 关注这些疫苗概念超跌股,第一财经
2020-11-10,关于辉瑞和BioNTech新冠疫苗的八个问题,网易
2020-11-10,A股开盘沪指涨0.41% 航空能源疫苗板块涨幅居前,中新经纬
2020-11-10,郭广昌：全球合作的复星新冠疫苗三期临床有效性超90%,中证网
2020-11-10,两市开盘涨跌互现 疫苗、航空板块表现强势,上证报
2020-11-10,生物疫苗概念大幅拉升 复兴医药一度涨停,证券时报网
2020-11-10,BNT162b2新冠疫苗结果超预期复星医药A股涨停H股大涨14.98%,金融界
2020-11-10,余震尚存 内盘金银油盘初上演大行情|主力合约,新浪
2020-11-10,57股获北向资金加仓超亿元,证券时报网
2020-11-10,安信国际晨报：不明朗因素消除，大市迎来升浪,安信国际
2020-11-10,新冠疫苗好消息不断，全球风险资产飙涨，A股后市会怎么走？,第一财经
2020-11-10,【行情】复星医药打开涨停板，现涨8.27%，成交额21.23亿元,金十数据
2020-11-10,港股异动︱山东黄金(01787)挫逾9%领跌黄金股 疫苗研制迎重大突破 资金风险偏好回升 国际金价下跌,智通财经
2020-11-10,三大指数开盘涨跌不一 复星医药涨停,中证网
2020-11-10,恒指高开1.76%航空服务板块领涨,中新经纬
2020-11-10,辉瑞新冠疫苗能阻止90%感染 合作伙伴复星医药H股早盘大涨14.98%,金融界
2020-11-10,港股开盘(11.10)︱恒指涨1.76%报26474点 复星医药(02196)高开近15%,智通财经
2020-11-10,复星医药集合竞价涨停开盘,上证报
2020-11-10,复星医药港股高开近15%,老虎证券
2020-11-10,快讯：港股恒指高开1.76% 石油股、博彩股集体暴涨,新浪
2020-11-10,开盘：欧股暴涨刺激恒指涨1.76% 辉瑞新冠疫苗助复星医药涨14.98%,金融界
2020-11-10,复星医药开盘涨停，公司合作研发的新冠mRNA疫苗有效率达90%,Wind
2020-11-10,【行情】A股开盘，生物疫苗板块普涨，复星医药涨停,金十数据
2020-11-10,港股早评：恒指大幅高开1.76%航空、旅游板块大涨科技股全线下跌,格隆汇
2020-11-10,恒生指数开盘上涨1.76% 港股复星医药高开近15%,e公司
2020-11-10,【行情】香港恒生指数开盘涨1.76%，复星医药港股开涨近15%，公司合作研发的mRNA疫苗有效率高达90%,金十数据
2020-11-10,疫苗数据引爆全球市场，A股市场怎么走？,第一财经
2020-11-10,海外新冠疫苗研发取得重要进展 这些行业板块或反弹（附股）,证券时报网
2020-11-10,新冠疫苗全球首个3期临床数据出炉，意味着什么？,华夏时报
2020-11-10,中信证券：BNT162b2新冠疫苗结果超预期，有望为相关企业业绩带来较大弹性,Wind
2020-11-10,中信证券：BNT162b2新冠疫苗结果超预期 建议关注复星医药等,证券时报网
2020-11-10,中信证券：BNT162b2新冠疫苗结果超预期 有望为相关企业业绩带来较大弹性,e公司
2020-11-10,医药｜BNT162b2新冠疫苗结果超预期,中信证券研究
2020-11-10,智通港股通持股解析|11月10日,智通财经
2020-11-10,疫苗落地概率增加 利好多行业 疫苗概念股或暴涨在即,巨丰财经
2020-11-10,全球市场涨出股灾感觉！原油飙涨7%,Wind
2020-11-10,辉瑞：计划下周向美国FDA提交疫苗紧急使用授权,Wind
2020-11-10,中国、美国、英国、法国、德国……全球医药巨头公布新冠肺炎疫苗最新进展,上观
2020-11-09,疫苗大利好！辉瑞疫苗有效性被证超90% 这家国内药企为相关权益方,科创板日报
2020-11-09,辉瑞称疫苗能阻止90%的新冠病毒感染 复星医药拥有该疫苗国内权益,北京商报
2020-11-09,郭广昌谈mRNA新冠疫苗：符合法规前提下，尽早在中国上市,澎湃新闻
2020-11-09,郭广昌：辉瑞和BioNTech是复星新冠疫苗的研发合作伙伴，其疫苗有效率高达90%，普通流感疫苗也只有70%左右,每日经济新闻
2020-11-09,复星医药与拜恩泰科谈mRNA新冠疫苗：深度推进合作 拟上市疫苗安全性及耐受性更好,证券日报网
2020-11-09,171亿主力资金近三日撤出超涨概念股,证券时报网
2020-11-09,73股今日获机构买入评级11股上涨空间超20%,证券时报网
2020-11-09,自然阳光强势登陆第三届中国国际进口博览会,凤凰网
2020-11-09,应对疫情 进博会搭建中外药企携手合作的舞台,第一财经
2020-11-09,全球首款治疗大B细胞淋巴瘤的CAR-T细胞疗法亮相进博会,澎湃新闻
2020-11-09,"医药生物冠脉支架集采落地,医疗耗材利空压制释放，维持“增持”行业评级",东吴证券
2020-11-09,提供90%的保护！辉瑞新冠mRNA疫苗远超预期,生物探索
2020-11-09,安信国际 | 医药行业动态分析报告：CRO头部企业Q3业绩保持高增长,安信国际
2020-11-09,恒指高开1.73%电讯设备板块领涨,中新经纬
2020-11-09,万亿资金加速入市5类龙头标的跨年行情或已开启,巨丰财经
2020-11-09,【信达看盘】2020.11.9,信达证券上海
2020-11-09,视点 | 中邮智赢俱乐部视点,中邮证券
2020-11-09,A股融资融券日报：两融余额增加2.12亿元（11月6日）,Wind
2020-11-09,A股早报2020年11月9日星期一,Wind
2020-11-09,智通港股通持股解析|11月9日,智通财经
2020-11-09,每日理财观察：央行发布《中国金融稳定报告（2020）》,Wind
2020-11-09,复星医药和拜恩泰科谈mRNA新冠疫苗：进展、产能及冷链,澎湃新闻
2020-11-09,超预期！国家公布重要数据，A股正酝酿新牛市,网易
2020-11-08,BioNTech首席执行官Ugur Sahin：如mRNA新冠疫苗结果好 我们产量能达3000万剂,每日经济新闻
2020-11-08,冠脉支架集采落地，医疗耗材利空压制释放【东吴医药朱国广团队|1106周报】,国广有话说
2020-11-08,热门融资标的股票分析,华龙掘金
2020-11-08,【浙商医药|周报】估值持续回落，重点推荐有望进入业绩加速期的CDMO,杏林建研
2020-11-07,你关心的新冠疫苗，又更新了“剧透”,新浪
2020-11-07,生物制造产业（人才）联盟成立 天津全力打造国际生物制造产业高地,科技日报
2020-11-07,进博声音：全球医疗科技创新助力抗疫防疫,中新网
2020-11-07,新冠解药在哪？逛了两天进博会，我们得到了这些疫苗和药品的新消息,每日经济新闻
2020-11-07,直击进博会：疫情正加速全球医疗科技创新 疫苗破题常态化防疫,证券日报网
2020-11-07,揭秘本周聪明钱｜主力“高抛低吸”太熟练；这类股各路资金唯恐避之不及！,每日经济新闻
2020-11-07,贝达药业：美化报表护航定增,证券市场周刊
2020-11-07,携新冠疫苗技术参展进博会 复星国际展示中国抗疫力量,上证报
2020-11-07,新华财经早报：11月7日,新华网
2020-11-07,进博会上的新冠疫苗,经济观察网
2020-11-07,个股资金流向,财富动力网
2020-11-07,上市公司正负面新闻2020年11月7日星期六,Wind
2020-11-06,mRNA新冠候选疫苗研发之外：能生产多少？运输怎么办？,每日经济新闻
2020-11-06,复星医药：美国FDA同意子公司新药用于治疗新冠肺炎进行临床试验,新浪
2020-11-06,A股头条之上市公司（11.7）,金融界
2020-11-06,四大疫苗巨头亮相进博会，阿斯利康和强生展示新冠疫苗进展,澎湃新闻
2020-11-06,公告精选：天赐材料子公司将向特斯拉供应锂离子电池电解液；掌阅科技与字节跳动尚未开展具体深化合作事宜,e公司
2020-11-06,纷纷展示最先进药物技术 300家全球医药巨头“抢占”进博会商机|聚焦进博会,华夏时报
2020-11-06,公告精选：天赐材料子公司将向特斯拉供应锂离子电池电解液；中国建筑已累计耗资26.09亿元回购司股份,e公司
2020-11-06,复星医药：子公司用于治疗新冠肺炎新药获FDA临床试验批准,澎湃新闻
2020-11-06,晚间重要公告2020年11月6日星期五,Wind
2020-11-06,复星医药：近日，上海复星医药股份有限公司控股子公司HengenixBiotech，Inc.收到美国FDA关于同意ACE2-Fc受体融合蛋白用于治疗新型冠状病毒肺炎进行临床试验的函,金十数据
2020-11-06,16股特大单净流入资金超2亿元,证券时报网
2020-11-06,最强风口大分化！5000亿龙头透露重磅信息，却遭资金砸盘20亿，冷门股锐奇股份5天大涨62%,证券时报网
2020-11-06,复星医药(600196.SH)：新冠肺炎治疗新药HLX71获FDA临床试验批准,格隆汇
2020-11-06,复星医药：美国FDA同意子公司ACE2-Fc受体融合蛋白用于治疗新冠肺炎进行临床试验,e公司
2020-11-06,337亿主力资金近三日撤出全A(等权)概念股,证券时报网
2020-11-06,11月6日主力资金净流出393亿元,证券时报网
2020-11-06,上证指数微跌0.24%，国务院例行吹风会，央行透出哪些风？,搜狐
2020-11-06,恒指收涨0.07% 贵金属板块领涨,中新经纬
2020-11-06,恒生指数收涨0.07%，小米领涨蓝筹,Wind
2020-11-06,A股收评：创业板指跌近2%，医疗器械暴跌，北向资金净流入近60亿元 连续下跌,格隆汇
2020-11-06,正川股份中硼窑炉成功点火，产业链延伸实现进口替代,蒲公英
2020-11-06,1079亿资金争夺20股：主力资金重点出击10股(名单),新浪
2020-11-06,A股收盘综述：上证指数本周涨2.7%，长江一级家电制造、汽车行业均劲升超10%,Wind
2020-11-06,千亿市值复星医药人事震荡：8位高管相继辞职 背后有何原因？ 董监高成员变化,新浪
2020-11-06,3Q2020持仓分析：医药仓位有所回落，紧握核心资产,西南证券
2020-11-06,14家药企高管辞职！包括5位董事长！ 董监高成员变化,药智网
2020-11-06,冠脉支架和医疗器械带量采购，短期是利空，长期是利好：进口替代和行业整合将加速,财经
2020-11-06,恒指跌0.18%食品添加剂板块领跌,中新经纬
2020-11-06,市场要闻 | 新冠疫苗来了，复星医药强势涨停，全球股市还有哪些投资机会？,36氪
2020-11-06,A股午盘综述：上证指数跌0.71%再失3300，汽车、白酒股获利盘喷涌而出,Wind
2020-11-06,【异动股】復星医药(02196-HK)跌4.15%,财华社
2020-11-06,快讯：生物疫苗板块早盘走弱 西藏药业跌超5%,新浪
2020-11-06,【行情】疫苗股走弱，西藏药业跌超5%，智飞生物、长春高新、复星医药、正川股份等跌逾3%,金十数据
2020-11-06,疫苗板块急速下滑，长春高新、复星医药、智飞生物跌超3%,Wind
2020-11-06,智通港股通持股解析|11月6日,智通财经
2020-11-06,南向资金高比例持有港股名单,证券时报网
2020-11-06,复星医药董事长离任人事震荡或折射扩张后遗症 董监高成员变化,投资者网
2020-11-06,链接五大洲 促进“双循环” “民企军团”进博会大显身手,上证报
2020-11-06,进博会里的大循环 | 新冠疫苗总动员 谁先出线？,北京商报
2020-11-05,Fosun Health展台亮相第三届进博会，创新驱动让全球家庭更健康,新浪
2020-11-05,一周亏损30%：先声药业，港股的“韭菜收割机” 亏损,中金在线
2020-11-05,探访进博会医药馆：首设公卫防疫专区 药械厂商集中展示最新产品,经济观察网
2020-11-05,首设公共卫生防疫专区，疫苗研发、检测试剂带来惊喜不断,科技日报
2020-11-05,核酸检测设备、新冠疫苗研发进展，在进博会这个展区都能看到,澎湃新闻
2020-11-05,新疫苗、新疗法，进博会最“火爆”展区见闻,新华网
2020-11-05,医药行业2020Q3持仓分析：医药仓位有所回落 紧握核心资产,西南证券
2020-11-05,人民金融·创新药指数涨1.2% | 我国新冠检测试剂和疫苗研发取得突破，多个创新药获批美国临床,证券时报网
2020-11-05,10月医药大事件之榜单篇：涵盖范围广、内容丰富,制药网
2020-11-05,“2020智通财经&大湾汇医药投资论坛”活动报名中！,智通财经
2020-11-05,52只港股获南向资金大比例持有,证券时报网
2020-11-05,智通港股通持股解析|11月5日,智通财经
2020-11-05,小K播早报！证监会：蚂蚁延迟上市是对投资者和市场负责任的做法特斯拉内华达工厂增设4680电池产线,科创板日报
2020-11-04,与拜恩泰科合作生变？复星医药：在推动两款新冠疫苗国内上市,澎湃新闻
2020-11-04,复星：新冠疫苗临床Ⅰ期进入数据分析阶段，临床Ⅱ期桥接试验积极筹备中,Wind
2020-11-04,复星：新冠疫苗临床Ⅰ期进入数据分析阶段 临床Ⅱ期桥接试验积极筹备中,中证网
2020-11-04,市场消息：复星医药计划不再继续进行与BioNTechSE合作的、目前已在中国开展测试的新冠疫苗临床测试，转而寻求该公司其他候选新冠疫苗在中国的许可,金十数据
2020-11-04,复星医药：与BioNTech SE合作的临床Ⅱ期桥接试验积极筹备中,新浪
2020-11-04,复星医药(02196.HK)拟为控股子公司复星医药产业不超1亿元融资提供担保,格隆汇
2020-11-04,复星医药(02196)拟为附属公司提供贷款担保 大额借贷担保,智通财经
2020-11-04,A股收盘综述：上证指数缩量小涨，中国人寿、君正集团领跌蚂蚁金服概念板块,Wind
2020-11-04,A股午盘综述：上证指数半日微升，蚂蚁金服指数跌超2%,Wind
2020-11-04,医械行业前景可观，知名企业纷纷加码布局,制药网
2020-11-04,赣锋锂业、复星医药等港股获南向资金持股比例超20%,证券时报网
2020-11-04,智通港股通占比异动统计|11月4日,智通财经
2020-11-04,智通港股通持股解析|11月4日,智通财经
2020-11-04,复星医药(02196-HK)︰GlandPharma已递交非正式招股书,财华社
2020-11-04,2020深圳BT峰会18日举行 专家将聚焦“深圳生物技术的下一个五年”,晶报
2020-11-04,近50位“抗疫专家”高手过招，第三届进博会上你将看到这些首发单品,上观
2020-11-03,格隆汇港股聚焦(11.3)︱中国恒大前10个月销售6325亿元，已超过去年全年,格隆汇
2020-11-03,对话复星陈启宇：打卡进博是自我检阅，医药创新要可负担,澎湃新闻
2020-11-03,大健康产业投资并购动态周报Vol.24,新康界
2020-11-03,复星医药(02196)：Gland Pharma向印度的公司注册处递交非正式招股书,智通财经
2020-11-03,风格要切换到价值股？这些公司正全力回购自家股票,金融界
2020-11-03,复星医药(02196.HK)：丙硫氧嘧啶片通过仿制药质量与疗效一致性评价,格隆汇
2020-11-03,复星医药：控股子公司的丙硫氧嘧啶片通过仿制药一致性评价,Wind
2020-11-03,复星医药(600196.SH)：GlandPharma向印度的公司注册处递交非正式招股书,格隆汇
2020-11-03,复星医药：控股子公司RHP已于11月2日递交孟买证交所,Wind
2020-11-03,管理层换血 复星医药欲告别“投资公司”身份,北京商报
2020-11-03,复星医药(02196.HK)：GlandPharma非正式招股书已递交予SEBI、孟买证交所及印度证交所,格隆汇
2020-11-03,【广证恒生医药月报】药监局发布新冠抗体药物临床药学研究指导原则，4个国产疫苗进入临床三期,广证恒生新三板研究极客
2020-11-03,市场大事件 | 高瓴、红杉加持也没用，医药明星公司上市首日就破发？ 连续下跌,36氪
2020-11-03,【券商聚焦】安信国际：关注受医改政策影响较小，成长确定性高的创新药产业链标的,凤凰网
2020-11-03,复星医药换帅 吴以芳接棒陈启宇 董监高成员变化,北京商报
2020-11-03,复星医药接连发布高管离职公告 高层为何大换血？ 董监高成员变化,GPLP犀牛财经
2020-11-03,疫苗板块午后快速走高，康华生物领涨5%,Wind
2020-11-03,各国参展商热情只增不减，纷纷点赞中国经济新活力,第一财经
2020-11-03,新冠肺炎疫苗、无人接种舱……上海这一万多平方米将成为全球焦点,上观
2020-11-03,智通港股通占比异动统计|11月3日,智通财经
2020-11-03,智通港股通持股解析|11月3日,智通财经
2020-11-02,资金流日报！两市共流入资金4081.65亿，流出资金4036.81亿,云掌财经
2020-11-02,高值耗材带量采购对医疗器械上市公司冲击有多大？,新浪
2020-11-02,疫苗股纷纷走弱华兰生物跌停,金十数据
2020-11-02,华兰生物触及跌停拖累疫苗股，长春高新、复星医药均跌超3%,Wind
2020-11-02,无症状感染者猛增！全球新冠疫苗最新进展盘点,新浪
2020-11-02,交银国际：复星医药重申买入评级 目标价43港元,新浪
2020-11-02,每周医药看点（10.26~11.1）,中国医药报
2020-11-02,智通港股通持股解析|11月2日,智通财经
2020-11-02,复星医药(02196-HK)控股子公司签署许可协议的补充公告,财华社
2020-11-02,今日公告导读,证券时报
2020-11-02,信用负面周度回顾20201026-20201030,郁言债市日常跟踪
2020-11-02,【浙商医药|三季报】创新药研发高景气有望持续，看好CDMO业绩加速,杏林建研
2020-11-01,公告精选丨蚂蚁集团中签号出炉；傲农生物10月生猪销售量同比增逾4倍,21世纪经济报道
2020-11-01,复星集团郭广昌：制造业是温州的基础 创新应成为未来发展的核心,新浪
2020-11-01,莎普爱思滴眼液，因一致性评价问题或将停产；国采第三批陆续执行；77药品纳入临床急需境外新药名单｜云端周报 经营问题,医药云端工作室
2020-11-01,复星医药(600196.SH)：就与Lilly签署许可协议现对主要付款安排作补充,格隆汇
2020-11-01,128股获买入评级最新:中航机电,中财网
2020-11-01,复星医药：控股子公司复创医药与Lilly签署许可协议,Wind
2020-11-01,医药生物行业专题研究：从壁垒出发寻找医美领域的确定性机遇,新浪
2020-11-01,医药行业每周医览药闻：医药零售板块2020年三季报业绩总结：抓住景气度提升明确的优质赛道,新浪
2020-11-01,热门融资标的股票分析,华龙掘金
2020-11-01,复星医药(600196)：业绩符合预期 创新药物成功出海！,新浪
2020-10-31,医疗健康行业周报 | 臻和科技完成超10亿元E轮融资；慢性病互联网复诊费将纳入医保,36氪
2020-10-30,北上资金本月抢筹股名单,证券时报网
2020-10-30,（上市公司人事）复星医药副总裁彭奕然辞职 董监高成员变化,中国经济网
2020-10-30,复星医药、天士力、华北制药总裁、总经理、董事长辞职 董监高成员变化,健识局
2020-10-30,复星医药关于高级管理人员辞职的公告 董监高成员变化,新浪
2020-10-30,28股主力资金净流入超亿元,证券时报网
2020-10-30,复星医药(02196)：复宏汉霖拟为汉霖制药1.5亿元的银行借款提供担保 大额借贷担保,智通财经
2020-10-30,复星医药(600196)：增长态势延续 全面恢复,新浪
2020-10-30,复星医药(02196)副总裁彭奕然辞职 董监高成员变化,智通财经
2020-10-30,复星医药人事密集变动：陈启宇辞任董事长 另有6位高管今年接连辞职 董监高成员变化,中国网
2020-10-30,173股今日获机构买入评级,证券时报网
2020-10-30,复星医药：彭奕然辞去副总裁职务 董监高成员变化,Wind
2020-10-30,复星医药三季报点评：业绩符合预期，创新药物成功出海!【东吴医药朱国广团队】,国广有话说
2020-10-30,艾德证券期货：恒指连日下跌后将进入触底休整 科技公司或将高位盘整,和讯
2020-10-30,复星医药(02196-HK)首9月盈利增长20.12%至人民币24.79亿元,财华社
2020-10-30,恒指低开0.21% 建筑材料板块领跌,中新网
2020-10-30,今日924公司公布三季报113家业绩增幅翻倍,证券时报网
2020-10-30,复星医药三季报业绩稳健 创新药进入密集收获期,上证报
2020-10-30,礼来4.4亿美元引进复星医药BCL-2抑制剂,药明康德
2020-10-30,复星医药控股子公司复创医药与礼来制药就抗肿瘤小分子创新药达成许可协议,中金在线
2020-10-30,A股融资融券日报：两融余额增加46.35亿元（10月29日）,Wind
2020-10-30,智通港股通持股解析|10月30日,智通财经
2020-10-30,保险资金已“上膛”A股后市机会多,中证报
2020-10-29,格隆汇港股聚焦(10.29)︱中远海能前三季净利升470.39%至33.24亿元；比亚迪第三季度净利大增1362.66%,格隆汇
2020-10-29,陈启宇辞任复星医药董事长，管理层大调整！ 董监高成员变化,E药经理人
2020-10-29,【浙商医药|点评】复星医药：Q3 业绩持续恢复，2021 年有望进入业绩释放期,杏林建研
2020-10-29,A股头条之上市公司（10.30）,金融界
2020-10-29,复星医药前三季度归母净利润同比增20% 吴以芳任复星医药董事长兼首席执行官,证券日报网
2020-10-29,复星医药三季报：研发费用18.78亿元，较2019年同期增长45.55%,药通社
2020-10-29,超4亿美元！复星医药和礼来合作,医药云端工作室
2020-10-29,晚间重要公告2020年10月29日星期四,Wind
2020-10-29,复星医药(600196.SH)：前三季度净利升20.12%至24.79亿元,格隆汇
2020-10-29,18股特大单净流入资金超2亿元,证券时报网
2020-10-29,晚间公告｜10月29日这些公告有看头,第一财经
2020-10-29,复星医药(02196)：复创医药授予纽约上市公司Lilly独家研发及商业化BCL-2选择性小分子抑制剂FCN-338的权利,智通财经
2020-10-29,复星医药第三季度净利增40%，掌舵十年陈启宇正式辞任董事长 董监高成员变化,搜狐
2020-10-29,复星医药(02196.HK)委任吴以芳为董事长；委任关晓晖为执行总裁兼首席财务官,格隆汇
2020-10-29,复星医药2020年三季报出炉：创新药进入密集收获期 业绩持续稳健增长,中金在线
2020-10-29,复星医药换帅：因工作调整陈启宇辞去董事长一职，吴以芳接棒 董监高成员变化,澎湃新闻
2020-10-29,吴以芳接替陈启宇获任复星医药(02196)董事长及授权代表,智通财经
2020-10-29,欧洲疫情引发欧美股巨震，A股独树一帜，公募三季报有何参考？,搜狐
2020-10-29,复星医药高管密集变动！近90亿商誉压顶，医药界“PE”弊端突显 董监高成员变化,新浪医药
2020-10-29,复星医药(02196)前三季度归母净利24.79亿元 同比增加20.12%,智通财经
2020-10-29,药明系CAR-T选手药明巨诺-B强势来袭 质地如何？,新浪
2020-10-29,A股收盘：雷军祝贺！“VIE+CDR第一股”九号公司上市首日大涨100%,英为财情
2020-10-29,复星医药：陈启宇、姚方分别辞去公司董事长、联席董事长职务 董监高成员变化,Wind
2020-10-29,复星医药：前三季度净利润同比增长20.12%,Wind
2020-10-29,10月29日复盘：见底信号明显 主力资金出击14股,新浪
2020-10-29,886亿资金争夺20股：主力资金重点出击14股(名单),新浪
2020-10-29,A股收盘综述：上证指数录升0.11%连续三日小涨，热门板块尾盘滑落,Wind
2020-10-29,疫苗股高举高打，智飞生物涨超10%,Wind
2020-10-29,老牌药企太极集团走上混改路 国药集团入主成为实控人！ 控制人变化,新康界
2020-10-29,恒指开盘跌1.69%，新股金辉控股低开2.79%,老虎证券
2020-10-29,两明星基金经理悉数沉沦 三季报曝光安信基金名将败因,和讯
2020-10-29,【行情】港股抗疫概念股走软，比亚迪电子跌2.4%，四环医药跌2.15%，复星医药跌超2%，石药集团跌1.9%，阿里健康跌1.8%,金十数据
2020-10-29,晨会1029｜明年社融怎么看？,中信证券研究
2020-10-29,智通港股通持股解析|10月29日,智通财经
2020-10-29,直投股票理财产品三季报曝光 理财子公司积极抢滩权益市场,中证报
2020-10-29,智通港股投资日志|10月29日,智通财经
2020-10-28,金城医药（300233）：20Q3渠道端继续发力，销售回款高增长【天风新兴产业|季报点评】,新经济牛股挖掘机
2020-10-28,新冠疫苗研发进入最后攻坚阶段，正川股份跑步入场助力国内医药产业转型升级,E药经理人
2020-10-28,股市新势力持仓曝光！仓位达85%，看好疫苗领域机会,中证报
2020-10-28,10月28日主力资金净流出67亿元,证券时报网
2020-10-28,智通AH统计|10月28日,智通财经
2020-10-28,进博会倒计时 自然阳光筹备工作已全面落实,凤凰网
2020-10-28,【异动股】復星医药(02196-HK)跌3.03%,财华社
2020-10-28,【券商聚焦】安信国际：关注新冠疫苗研发龙头企业 看好复星医药、君实生物,凤凰网
2020-10-28,复星系进驻金徽酒：三季度营收净利双下滑，省外市场占比不足五分之一 盈利能力下降,搜狐
2020-10-28,两大明星基金经理悉数沉沦，基金三季报曝光安信基金名将败因,金融界
2020-10-28,独家专访拜恩泰科CEO：具备数亿剂疫苗产能 寻求分批出口中国,第一财经
2020-10-28,安信国际 | 医药行业动态分析报告：器械集采文件发布， 医药板全面回调；关注政策免疫个股,安信国际
2020-10-28,恒指低开0.06% 汽车板块领跌,中新经纬
2020-10-28,智通港股通持股解析|10月28日,智通财经
2020-10-27,辉瑞中国车艳：希望进博会能推动创新疫苗在中国同步上市,澎湃新闻
2020-10-27,『医药头条君』Q4十余款新药有望获批 涉及赛诺菲、辉瑞、BMS,新浪
2020-10-27,693亿主力资金近三日撤出全A(等权)概念股,证券时报网
2020-10-27,复星医药旗下印度 Gland pharma计划下月进行高达9亿美元的IPO,Wind
2020-10-27,超20家中国公司参与 涉及药物30多款 Q3授权交易特点有这些,药明康德
2020-10-27,聚焦抗纤维化领域，多款治疗药有了新突破,制药网
2020-10-27,医药生物行业：拥抱生物医药第三次革命(下)：下篇-立潮头 基因治疗市场潜力无限,新浪
2020-10-27,生物医药行业深度报告：疫情、医保、集采 影响终端销售的三个关键词,新浪
2020-10-26,我国药企新冠疫苗研发开启加速度 五条技术路线盘点,金融界
2020-10-26,医药生物行业周报：医药板块短期调整 寻找长期优质标的,新浪
2020-10-26,“中国创新100强药企”榜单公布 | 医健领域发生40起融资事件 | 1500多家基层医疗机构用上了AI,医学界智库
2020-10-26,解密主力资金出逃股连续5日净流出717股,证券时报网
2020-10-26,10月26日主力资金净流出243亿元,证券时报网
2020-10-26,759亿资金争夺20股：主力资金重点出击6股(名单),新浪
2020-10-26,财融汇·日间资讯,财通证券融资融券部
2020-10-26,视点 | 中邮智赢俱乐部视点,中邮证券
2020-10-26,A股融资融券日报：两融余额减少114.88亿元（10月23日）,Wind
2020-10-26,智通港股通持股解析|10月26日,智通财经
2020-10-25,半壁江山！中国新药许可交易数量激增，创新药企“十字路口”何去何从？,E药经理人
2020-10-25,热门融资标的股票分析,华龙掘金
2020-10-24,这个万亿大市场迎来最好时代！煤老板都来砸钱，泡沫也不小,搜狐
2020-10-24,资金流向周报：4个行业资金净流出超百亿元,证券时报
2020-10-24,个股资金流向,财富动力网
2020-10-23,格隆汇港股聚焦(10.23)︱中信建投证券前三季度净利升96.11%；长城汽车第三季度营收、净利润双增,格隆汇
2020-10-23,主力资金连续9天净流出,证券时报网
2020-10-23,一天输掉一套房：可转债尾盘跳水 最高浮亏超55%,新浪
2020-10-23,8股特大单净流入资金超2亿元,证券时报网
2020-10-23,数据复盘| 69亿资金撤离医药生物行业 中国平安获主力大幅加仓,证券时报网
2020-10-23,18股主力资金净流入超亿元,证券时报网
2020-10-23,复星医药：拟出资444万元参设南京复鑫 作为股权投资基金出资及管理平台,发布易
2020-10-23,恒瑞为什么是第一？“创新100强”四梯级榜单公布，TOP10药企临床试验占据中国半壁江山！,E药经理人
2020-10-23,复星医药(600196.SH)、子公司与星辉安盈等共同投资设立南京复鑫,格隆汇
2020-10-23,复星医药(02196)控股子公司拟参与投资设立南京复鑫,智通财经
2020-10-23,复星医药(02196.HK)拟投资设立南京复鑫股权投资管理合伙企业,格隆汇
2020-10-23,732亿资金争夺20股：主力资金重点出击5股(名单),新浪
2020-10-23,【异动股】復星医药(02196-HK)跌3%,财华社
2020-10-23,【异动股】生物疫苗板块下挫，康希诺,财华社
2020-10-23,快讯：疫苗板块持续下挫 康希诺跌9% 连续下跌,新浪
2020-10-23,快讯：疫苗股午后持续下挫,每经网
2020-10-23,【行情】康希诺大跌近10%，长春高新跌超8%，博晖创新、复星医药、正川股份等个股全线下挫 连续下跌,金十数据
2020-10-23,盛视早参：“十四五”规划公布在即 乘风破浪,新浪
2020-10-23,疫苗板块连续下滑，长春高新跌超3%,Wind
2020-10-23,13股获融资客买入占成交额比超三成,证券时报网
2020-10-23,A股融资融券日报：两融余额增加6.01亿元（10月22日）,Wind
2020-10-23,智通港股通持股解析|10月23日,智通财经
2020-10-23,【小瑞分享】新冠疫苗即将上市，疫苗产业未来投资机会分析,北信瑞丰基金
2020-10-23,北向资金动向盘点：逆势抄底中国太保,Wind
2020-10-23,被减仓10个亿，白酒不香了？北向资金已连续7日净卖出，这些行业最受欢迎（附股）,21世纪经济报道
2020-10-23,减仓10亿 白酒不香了？这些行业最受北向资金欢迎,21世纪经济报道
2020-10-22,【收盘简评】2020-10-22,赢家之星
2020-10-22,又一巨头杀入零售行业，OTC市场竞争加剧,健识局
2020-10-22,42股今日被主力资金净卖出超亿元,第一财经
2020-10-22,主力资金：高管刚刚透露大内幕 4.5亿资金追捧锂电龙头,新浪
2020-10-22,每日研报干货专享：等待盈利预期上升后的下一轮投资机会,巨丰财经
2020-10-22,数据复盘|医药生物股遭主力抛弃 北向资金连续7日净流出,证券时报网
2020-10-22,主力资金连续8天净流出,证券时报网
2020-10-22,每日研报干货专享：新消费迎来政策风口 持续关注顺周期板块,巨丰财经
2020-10-22,677亿主力资金近三日撤出全A(等权)概念股,证券时报网
2020-10-22,10月22日主力资金净流出181亿元,证券时报网
2020-10-22,智通AH统计|10月22日,智通财经
2020-10-22,两市触底回升：北向净流出27亿 主力抢筹食品饮料股,新浪
2020-10-22,689亿资金争夺20股：主力资金重点出击5股(名单),新浪
2020-10-22,A股收盘综述：上证指数录跌0.38%，洋河股份、比亚迪、美的再创新高,Wind
2020-10-22,两市下探回升：北向半日流出20亿 食品股受主力青睐,新浪
2020-10-22,沪指半日下跌0.83%，生物制品等板块领跌,中新经纬
2020-10-22,5年后再出手 复星医药股价大涨后董事长拟高位减持34万股 拟减持股份,GPLP犀牛财经
2020-10-22,恒逸石化等5股获融资客买入占成交额比超四成,证券时报网
2020-10-22,疫苗板块全线下挫 连续下跌,第一财经
2020-10-22,A股融资融券日报：两融余额增加5.83亿元（10月21日）,Wind
2020-10-22,智通港股通持股解析|10月22日,智通财经
2020-10-22,"大盘低位抬高,新华保险融资盘小幅流入",财富动力网
2020-10-21,【主力资金】不惧利空，尾盘暴拉22%，量子通信龙头出逃资金近3亿,证券时报网
2020-10-21,研发日报丨复星医药First-in-class新药获FDA 批准临床,新浪
2020-10-21,解密主力资金出逃股连续5日净流出697股,证券时报网
2020-10-21,817亿主力资金近三日撤出全A(等权)概念股,证券时报网
2020-10-21,复星医药(02196.HK)拟为控股子公司钟吾医院3000万元授信提供担保 大额借贷担保,格隆汇
2020-10-21,智通AH统计|10月21日,智通财经
2020-10-21,宁波星健兰亭打造康养行业EHSQ体系标杆，全球首个DNV·GL认证,凤凰网
2020-10-21,畅联股份助力丹纳赫打造上海自贸区物流仓库,证券时报
2020-10-21,691亿资金争夺20股：主力资金重点出击12股(名单),新浪
2020-10-21,691亿资金争夺20股：主力资金重点出击8股(名单),新浪
2020-10-21,绍兴首发新冠疫苗亲民定价！千亿市场开启疫苗产业链股逆市走高,财华社
2020-10-21,新风天域如何通过SPAC上市并购和睦家｜律格资本,凤凰网
2020-10-21,中国四款新冠疫苗进入四款III期临床，明年业绩爆发可期,新浪
2020-10-21,医药行业动态分析：制药龙头个股回调 关注布局机遇,新浪
2020-10-21,解盘：资金流出，疫苗、次新、大消费、网红经济领涨,Wind
2020-10-21,A股午盘综述：上证指数半日下滑0.35%，半导体、风电、军工板块领跌,Wind
2020-10-21,新冠疫苗量产可期，千亿市场机会逐步开启丨牛熊眼,第一财经
2020-10-21,投资策略-陆股通周监控第71期：北上延续回流 配置盘大幅加仓,新浪
2020-10-21,【国泰君安国际】晨报：港股回归基本面驱动 2020年10月21日周三,国泰君安证券香港
2020-10-21,年底调仓，低估值轮番崛起，A股风格切换将上演？,证券时报网
2020-10-21,上市药企资本变局不断：丽珠分拆上市 CRO将现第四家A+H企业,E药经理人
2020-10-21,疫苗板块持续拉升，康希诺大涨11%,36氪
2020-10-21,生物疫苗板块拉升 康希诺大涨逾12%,上证报
2020-10-21,疫苗板块拉升走强我国新冠疫苗年底年产能可达6.1亿剂,格隆汇
2020-10-21,疫苗板块涨幅扩大至3%，康希诺-U涨超9%,Wind
2020-10-21,晨会聚焦201021重点关注9月快递数据、医药政策、建龙微纳、新洋丰,国信研究
2020-10-21,医药政策快评：DRGs试点进一步扩大，把握三条投资主线,国信研究
2020-10-21,正式归属复星系 金徽酒能否脱胎换骨,电鳗快报
2020-10-21,A股融资融券日报：两融余额增加43.8亿元（10月20日）,Wind
2020-10-21,【早间资讯】2020-10-21,大通证券投教基地
2020-10-21,智通港股通持股解析|10月21日,智通财经
2020-10-20,格隆汇港股聚焦(10.20)︱中国移动前三季净利816亿元元，5G套餐客户达1.14亿户,格隆汇
2020-10-20,【浙商策略】以史为鉴，人民币升值期间的外资流入情况 | A股市场策略周报,王杨策略研究
2020-10-20,财华洞察| 有备而来！25亿拿下金徽酒，投资大鳄复星如何谋定“酒局”？,财华社
2020-10-20,丽珠试剂分拆上市冲击千亿蓝海、CRO第四家A+H企业将现……上市药企资本变局不断,E药经理人
2020-10-20,板蓝根上热搜：香雪制药蹭热度 单凭概念炒作难撑长远发展,红周刊
2020-10-20,解密主力资金出逃股连续5日净流出630股,证券时报网
2020-10-20,【国盛策略】北上延续回流，配置盘大幅加仓——陆股通周监控第71期,尧望后势
2020-10-20,复星医药：ORIN1001片获美国FDA药品临床试验批准,新浪
2020-10-20,智通AH统计|10月20日,智通财经
2020-10-20,复星医药(02196.HK)：ORIN1001片获美国FDA药品临床试验批准,格隆汇
2020-10-20,复星医药(600196.SH)：控股子公司Orinove获美国FDA药品临床试验批准,格隆汇
2020-10-20,复星医药：控股子公司获美国FDA药品临床试验批准,格隆汇
2020-10-20,研发周期可缩短至1年，德国新冠疫苗研发企业与复星医药携手参加进博会,上观
2020-10-20,699亿资金争夺20股：主力资金重点出击13股(名单),新浪
2020-10-20,白酒股逆势大涨背后：复星系加码布局 黄金股也来买醉,财联社
2020-10-20,雷允上北区零售公司密云药房遭整改 经营不合格器械 其他违规处罚,中国经济网
2020-10-20,疫苗板块尾盘异动,Wind
2020-10-20,安信国际：制药龙头个股回调 关注医药行业布局机遇,凤凰网
2020-10-20,A股融资融券日报：两融余额增加26.32亿元（10月19日）,Wind
2020-10-20,智通港股通持股解析|10月20日,智通财经
2020-10-20,靶向CD19的CAR-T疗法—血液瘤领域的明珠,药事纵横
2020-10-20,两融余额6天增近500亿元北上资金和融资客同抢13只股,格隆汇
2020-10-20,两路资金合流而入 机构乐观看待A股后市,中证报
2020-10-19,【浙商医药|周报】短期调整下，哪些赛道安全边际高、成长属性强？,杏林建研
2020-10-19,A股头条之上市公司（10.20）,金融界
2020-10-19,「医药速读社」罗氏/艾伯维AML联合疗法获批 DGRs试点方案下发,新浪
2020-10-19,沪指冲高回落跌穿60日线，金秋行情还有吗？,重庆商报
2020-10-19,医药行业长期向好，5大领域大有可为,汇聚南药
2020-10-19,数据解盘|今日北向资金合计净流出18.34亿元 医药制造板块遭主力资金抛售 股票卖空,新浪
2020-10-19,复星医药(02196-HK)：汉曲优获药品注册补充申请受理,财华社
2020-10-19,速读社丨罗氏/艾伯维AML联合疗法获批按病种分值付费试点工作方案下发,新浪医药
2020-10-19,数据复盘| 84亿主力资金撤离医药生物行业 北向资金连续4日净流出,证券时报网
2020-10-19,研发日报丨默沙东K药两项治肺癌积极临床结果公布,新浪
2020-10-19,格隆汇个股放量排行榜|10月19日,格隆汇
2020-10-19,10月19日主力资金净流出352亿元,证券时报网
2020-10-19,971亿主力资金近三日撤出全A(等权)概念股,证券时报网
2020-10-19,2020年中国创新药行业供需分析及发展前景研究,中研网
2020-10-19,复星医药(02196.HK)：注射用曲妥珠单抗新增“60mg/瓶”规格获国家药监局药品注册补充申请审评受理,格隆汇
2020-10-19,智通AH统计|10月19日,智通财经
2020-10-19,复星医药(600196.SH)：汉霖制药注射用曲妥珠单抗药品注册补充申请获受理,格隆汇
2020-10-19,复星医药：控股子公司注射用曲妥珠单抗新增规格补充申请获受理,Wind
2020-10-19,医药生物行业周报：冠脉支架国采方案落地 头部企业有望相对受益,新浪
2020-10-19,收评：沪指冲高回落跌0.7%，创业板指跌1.28%，煤炭燃气等板块走弱,证券时报网
2020-10-19,【行情】港股抗疫概念股走低，白云山跌7.6%，石药集团跌近2%，复星医药跌1.14%，阿里健康跌1.68%，平安好医生跌1.6%,金十数据
2020-10-19,中国化学制药工业企业百强揭晓，前三排名有变,制药网
2020-10-19,东吴证券：心脏支架集采即将落地 长期看利好国产龙头,新浪
2020-10-19,港股IPO|“药明系”第三家，药明巨诺通过港交所聆讯,资本邦
2020-10-19,晨会聚焦201019重点关注国防军工、医药行业、深科技,国信研究
2020-10-19,要约收购完成复星系为何多次增持金徽酒？,经济观察网
2020-10-19,16股获融资客买入占成交额比超三成,证券时报网
2020-10-19,恒生指数高开0.73%报24565点 银行股走强建设银行(00939)高开2.5%,凤凰网
2020-10-19,A股融资融券日报：两融余额减少33.11亿元（10月16日）,Wind
2020-10-19,智通港股通持股解析|10月19日,智通财经
2020-10-19,大盘低位抬高 融资盘大幅回流,财富动力网
2020-10-19,医疗行业反腐利剑出鞘！揭开巨额销售费用“画皮”,Wind
2020-10-19,证券时报头版评论：药企须让研发创新站C位,证券时报
2020-10-19,拟引入新战投 国药集团会是太极的救命稻草吗,北京商报
2020-10-16,北向资金本周净买入超百亿，34股上榜成交活跃榜,证券时报
2020-10-16,4300万美元！复宏汉霖「贝伐珠单抗」独家适用症授权Essex,药智网
2020-10-16,财融汇·日间资讯,财通证券融资融券部
2020-10-16,指数调整未破强支撑 加速赶底倒计时,巨丰财经
2020-10-16,格隆汇个股放量排行榜|10月16日,格隆汇
2020-10-16,复星医药(02196)拟对2018年发行的公司债券实施回售,智通财经
2020-10-16,复星医药(02196)：“18复药02 ”票面利率调整为3.83%,智通财经
2020-10-16,复星医药(02196.HK)将“18复药02”利率下调64个基点,格隆汇
2020-10-16,复星医药(02196.HK)10月29日董事会考虑及通过第三季度业绩,格隆汇
2020-10-16,智通AH统计|10月16日,智通财经
2020-10-16,10月16日复盘：回踩到位静待拉升 主力资金出击9股,新浪
2020-10-16,疫苗 | 又有2款新冠疫苗上市，盘点国内COVID-19疫苗研发现状,CPhI制药在线
2020-10-16,759亿资金争夺20股：主力资金重点出击9股(名单),新浪
2020-10-16,复星医药：将“18复药02”票面利率由4.47%下调至3.83%,Wind
2020-10-16,中泰国际：瑞安房地产首3季合约物业销售额逾132亿元,新浪
2020-10-16,17股获融资客买入占成交额比超三成,证券时报网
2020-10-16,"先声药业是一家老牌药企，早在2007年已在美股上市，后遭到2008年金融危机，中概股频遭浑水、香橼等机构做空，股价相比前一年下跌75%。2009年因收购延申生物被骗后，先声药业认为公司难以通过股票市场融资，2013年12月决定私有化。
被出具沽空报告",富途证券
2020-10-16,9股获融资净买入额超亿元 金龙鱼居首,证券时报网
2020-10-16,杠杆资金大幅加仓股曝光 澄星股份买入占比高达40.83%,e公司
2020-10-16,A股融资融券日报：两融余额增加30.9亿元（10月15日）,Wind
2020-10-16,智通港股通持股解析|10月16日,智通财经
2020-10-15,“复星系”要约收购结果待确认 金徽酒迎股票一日停牌,中华网
2020-10-15,复星医药：子公司复宏汉霖拟就HLX04用于湿性年龄相关性黄斑,--
2020-10-15,指数遇阻回落 勿盲目追涨杀跌,巨丰财经
2020-10-15,格隆汇个股放量排行榜|10月15日,格隆汇
2020-10-15,复星医药(02196)：复宏汉霖拟就HLX04用于湿性年龄相关性黄斑变性等眼病治疗与Essex进行开发合作,智通财经
2020-10-15,复星医药：与Essex签订《许可协议》,Wind
2020-10-15,港股收评：恒指收跌2.06%，恒生科技指数成分股明显下挫，钢铁、风电板块表现强势,格隆汇
2020-10-15,复星医药(600196.SH)：复宏汉霖向Essex授出贝伐珠单抗HLX04商业化独家许可,格隆汇
2020-10-15,肉毒素治疗颈部肌张力障碍！DaxibotulinumtoxinA 3期临床获得成功，复星医药引入中国开发！,生物谷
2020-10-15,复星医药(02196.HK)拟就HLX04与亿胜投资及珠海亿胜进行开发合作,格隆汇
2020-10-15,智通AH统计|10月15日,智通财经
2020-10-15,白酒吃香吸引并购目光！走牛6年，未来如何？,Wind
2020-10-15,736亿资金争夺20股：主力资金重点出击8股(名单),新浪
2020-10-15,疫苗板块拉升，复星医药、智飞生物先后翻红,Wind
2020-10-15,【异动股】復星医药(02196-HK)跌3.76%,财华社
2020-10-15,恒指半日跌1.28% 新能源物料板块领跌,中新经纬
2020-10-15,医药生物行业日报：美国礼来暂停新冠病毒抗体药物后期试验,新浪
2020-10-15,融资客看好15股买入占成交超三成,证券时报网
2020-10-15,融资客青睐15股 买入占成交额比超三成,证券时报网
2020-10-15,10股获杠杆资金净买入超亿元,证券时报网
2020-10-15,操盘必读｜又一桩天价离婚案！超15亿元股权被分割；蚂蚁集团全球总部正式落户杭州；美股下跌，新能源汽车股集体大涨,上游新闻
2020-10-15,10股获融资净买入额超亿元 复星医药居首,证券时报网
2020-10-15,北向资金动向盘点：连续加仓食品饮料，集中减仓“疫苗”股,Wind
2020-10-15,A股融资融券日报：两融余额增加78.8亿元（10月14日）,Wind
2020-10-15,抛售农牧饲渔股，买入家电股！北向资金国庆后首迎净流出（附股）,21世纪经济报道
2020-10-15,智通港股通持股解析|10月15日,智通财经
2020-10-15,盘前必读丨9月CPI今日公布 万达电影前三季预亏约20亿元,第一财经
2020-10-14,数据复盘|近100亿主力资金撤离电子行业 北向资金大幅加仓格力电器,证券时报网
2020-10-14,北向资金今日净流出超15亿元，牧原股份遭净卖出9.42亿元丨牛熊眼,第一财经
2020-10-14,北上资金净流出15.55亿 牧原股份净卖出9.42亿,--
2020-10-14,北向资金净流出15.55亿元，格力电器逆势获净买入17.33亿元,Wind
2020-10-14,复星医药(02196.HK)拟为控股子公司复星医药产业2.5亿元贷款提供担保 大额借贷担保,格隆汇
2020-10-14,投资者提问：FDA官网显示，公司的F652用于治疗新冠肺炎的II期临床试验,新浪
2020-10-14,巨·热点 | 市场调整因分化 五板块逆势轮动受青睐！,巨丰财经
2020-10-14,10月14日复盘：大盘盘整何时能结束 主力资金出击8股,新浪
2020-10-14,803亿资金争夺20股：主力资金重点出击8股(名单),新浪
2020-10-14,考虑了良久，为何定投选择了科技50策略指数？,养基司令
2020-10-14,港股异动 | 复星医药AH股齐涨 子公司新药获批开展临床试验,格隆汇
2020-10-14,恒指半日跌0.27% 航空航天军工板块领跌,中新经纬
2020-10-14,沪指弱势震荡半日跌0.54%风电板块逆市大涨,中新经纬
2020-10-14,融资客看好21股买入占成交超三成,证券时报网
2020-10-14,A股午评：沪指跌0.5%风电、注册制次新股逆势大涨,格隆汇
2020-10-14,疫苗板块再度拉升，智飞生物、复星医药领涨,Wind
2020-10-14,【异动股】復星医药(02196-HK)涨3.17%,财华社
2020-10-14,睿财看市场：市场窄幅震荡 汽车板块爆发,恒泰睿财
2020-10-14,融资客青睐21股 买入占成交额比超三成,证券时报网
2020-10-14,张文杰“接棒”，复宏汉霖“创新+国际化”战略持续提速,汇聚南药
2020-10-14,【浙商策略】复盘今年以来的定增情况 | 流动性跟踪周报,王杨策略研究
2020-10-14,业绩爆发！3500亿巨头又新高，今年已飙涨170%,中国基金报
2020-10-14,交银国际：医保局集采政策落地时间不确定性较大,新浪
2020-10-14,A股融资融券日报：两融余额增加111.94亿元（10月13日）,Wind
2020-10-14,港股盘前必读：蚂蚁集团“推迟上市”，新版iPhone 5499元起售,Wind
2020-10-14,(10月14日)留意内银板块反弹持续性，关注苹果(AAPL.US)产业链股价变动,智通财经
2020-10-14,复星医药(02196-HK)子公司新药获准开展临床试验,财华社
2020-10-13,【公告抢先看】晚间重要公告：起步股份未有拟提名辛有志为公司董事候选人的计划、国联证券副总裁杨明辞职,金融界
2020-10-13,公告点题｜10月13日这些公告有看头,第一财经
2020-10-13,10月13日上市公司晚间公告速递,新浪
2020-10-13,巨丰投资首席投资顾问：指数强势震荡震仓洗盘不会影响上升趋势,新华网
2020-10-13,巨·热点｜市场调整不改强势格局 多板块轮动受热炒！,巨丰财经
2020-10-13,复星医药(600196.SH)：马来酸阿伐曲泊帕片用于ITP获批临床试验,格隆汇
2020-10-13,复星医药：马来酸阿伐曲泊帕片获准开展临床试验,Wind
2020-10-13,10月13日复盘：持续攀升态势确立 主力资金出击8股,新浪
2020-10-13,794亿资金争夺20股：主力资金重点出击8股(名单),新浪
2020-10-13,复星医药：马来酸阿伐曲泊帕片获准开展临床试验,格隆汇
2020-10-13,涨停板复盘：指数全天震荡走高 汽车板块午后爆发,新浪
2020-10-13,A股收评：沪指触底回升缩量微涨0.04%，中小板表现亮眼,格隆汇
2020-10-13,沪指翻红 两市成交额突破8000亿元,金融投资报
2020-10-13,A股收盘综述：上证指数缩量微升，美的、顺丰、洋河、长城汽车等明星股创新高,Wind
2020-10-13,"医药生物拥抱生物医药第三次革命(上)：未来已来,基因治疗根基稳固，维持“增持”评级",财通证券
2020-10-13,10月13日午盘两市净流入前20股(名单),金融界
2020-10-13,疫苗相关个股持续走强，楚天科技、海顺新材封住涨停，正川股份拉,--
2020-10-13,解盘：金融拖累指数，疫苗、燃料电池、白酒领涨,Wind
2020-10-13,创业板指半日涨0.19% 疫苗股大涨,中新经纬
2020-10-13,A股午评：沪指跌0.28%、创业板指涨0.19%医药股大涨,格隆汇
2020-10-13,A股午盘综述：上证指数半日跌0.28%，创业板成交金额再超沪市,Wind
2020-10-13,快讯：生物疫苗板块持续拉升 博晖创新涨17%,新浪
2020-10-13,疫苗概念股持续走高,Wind
2020-10-13,生物疫苗早盘快速走强 瑞普生物涨逾9%,中国经济网
2020-10-13,生物疫苗板块走高新冠病毒疫苗即将进入兑现期,格隆汇
2020-10-13,疫苗板块冲高，复星医药、康希诺-U、智飞生物、天坛生物、华兰生物普涨,Wind
2020-10-13,热门融资标的股票分析,华龙掘金
2020-10-13,智通港股通持股解析|10月13日,智通财经
2020-10-13,中泰证券：新冠病毒疫苗即将进入兑现期 建议关注康泰生物等,证券时报网
2020-10-12,"【浙商医药|周报】持续推荐“核心赛道”,关注新冠疫苗研发进展",杏林建研
2020-10-12,10月12日主力资金净流入212亿元,证券时报网
2020-10-12,数据复盘|北向资金连续2日净流入超百亿元 中国平安获主力大幅加仓,证券时报网
2020-10-12,创新药三季度报告：创新力量集中于头部企业，全球首创新药取得突破，肿瘤药扎堆存风险,证券时报网
2020-10-12,1024亿资金争夺20股：主力资金重点出击12股(名单),新浪
2020-10-12,投投投！创新“抢夺”赛开启！多家MNC以投带产已入局,E药经理人
2020-10-12,视点 | 中邮智赢俱乐部视点,中邮证券
2020-10-12,A股融资融券日报：两融余额增加132.13亿（10月9日）,Wind
2020-10-12,A股早报2020年10月12日星期一,Wind
2020-10-12,郭广昌砸26亿痛饮金徽酒！“复星系”布局白酒老字号,野马财经
2020-10-12,国泰君安：疫苗行业持续高景气 龙头公司步入收获期,证券时报网
2020-10-12,智通港股通持股解析|10月12日,智通财经
2020-10-11,淡马锡特设多元策略资管集团，管理超3700亿资产,券商中国
2020-10-11,国君医药 | 新冠疫苗加速研发，曙光已现,国泰君安证券研究
2020-10-10,首支新冠疫苗股一年内将飙升5倍？,金融界
2020-10-09,假期花的钱今天赚回来了吗？A股总市值大增1.75万亿，“牛市旗手”却跌停了，资金涌向这些股,中证报
2020-10-09,游资情报｜创业板掀涨停潮，“章盟主”“作手新一”围猎2只行业龙头股暴赚！,每日经济新闻
2020-10-09,数据复盘| 77亿主力资金潜入电子行业 北向资金净买入比亚迪超10亿元,证券时报网
2020-10-09,北水狂买美团15亿，加仓腾讯6亿；南水涌入比亚迪11亿，增持茅台,富途证券
2020-10-09,2只个股尾盘净流入资金超亿元,证券时报网
2020-10-09,医药生物行业周观点：把握十月配置窗口 关注三季报,新浪
2020-10-09,股民嗨了！A股暴涨！光伏板块掀涨停潮，龙头破3000亿！不过，这家公司市值却暴跌 连续下跌,21世纪经济报道
2020-10-09,股民嗨了A股暴涨：后市如何？哪些板块值得关注？,21世纪经济报道
2020-10-09,A股十月“开门红”创指大涨3.81%外资跑步进场净流入逾110亿,财华社
2020-10-09,基金重仓概念股近三日最受主力资金青睐,证券时报网
2020-10-09,中泰国际：中海外9月合约销售按年升20%至近349亿元,新浪
2020-10-09,资金流向日报：22个行业资金呈净流入,证券时报网
2020-10-09,36亿主力资金近三日撤出全A(非陆股通重仓前100)概念股,证券时报网
2020-10-09,74股主力资金净流入超亿元,证券时报网
2020-10-09,10月9日复盘：中阳反弹剑指何方 主力资金出击17股,新浪
2020-10-09,医药生物全球前沿报告：决战Q4 再看疫苗、中和抗体与创新,国金证券股份有限公司
2020-10-09,873亿资金争夺20股：主力资金重点出击10股(名单),新浪
2020-10-09,复星医药控股子公司Hengenix用于治疗新冠的HLX70，获美国FDA临床试验批准,资本邦
2020-10-09,873亿资金争夺20股：主力资金重点出击17股(名单),新浪
2020-10-09,涨停板复盘：A股节后开门红 市场题材活跃,新浪
2020-10-09,巨丰资金流向：节后市场强势反弹 主力资金大举流入！,巨丰财经
2020-10-09,复星医药A股封涨停板,格隆汇
2020-10-09,生物疫苗概念午后异动走强 万方发展涨停,中国经济网
2020-10-09,复星医药封住涨停，主力净流入近7亿元,Wind
2020-10-09,快讯：疫苗股午后继续走高,每经网
2020-10-09,快讯：生物疫苗板块走强 万方发展午后封板,新浪
2020-10-09,疫苗板块午后走强，复星医药冲击涨停,Wind
2020-10-09,外资扫货136亿！4000亿大牛股却崩了,中国基金报
2020-10-09,亿万股民嗨了，A股果然暴涨！创业板飙4%，外资狂扫货136亿！光伏股掀涨停潮，龙头破3000亿！4000亿大牛股却崩了，发生了啥,中国基金报
2020-10-09,亿万股民嗨了：创业板飙4% 4000亿大牛股为何却崩了,中国基金报
2020-10-09,【AH股联动】复星医药(02196)AH股齐涨 子公司用于治疗新冠肺炎新药或批临床,新浪
2020-10-09,医药生物行业：10月医药板块会扭转颓势吗？,新浪
2020-10-09,开门红逼空行情，未持股过节的就继续等,财经
2020-10-09,疫苗股拉升，复星医药涨近7%,Wind
2020-10-09,十一假期全球普涨A股望再起行情？两股迎风口有望爆发,搜狐
2020-10-09,晨会聚焦201009重点关注医药生物、上海家化,国信研究
2020-10-09,送走A股惨淡的9月 第四季收官之战如何打？,投资者网
2020-10-09,时代点金（1009）：陆金所赴美上市，燕京啤酒董事长被立案调查,时代在线
2020-10-09,A股早报2020年10月9日星期五,Wind
2020-10-09,港股公告精选：中国恒大年内合约销售额5922.5亿元，完成全年销售目标91%,Wind
2020-10-09,小K播早报！苹果下周或发布新款iPhone五只蚂蚁战配基金全部售罄,科创板日报
2020-10-09,股海导航 10月0日沪深股市公告提示,新浪
2020-10-09,上市公司正负面新闻2020年10月9日星期五,Wind
2020-10-09,智通港股投资日志|10月9日,智通财经
2020-10-08,格隆汇港股聚焦(10.8)︱中国平安联营公司陆金所控股提交纽交所上市申请；吉利汽车9月总销量同比升11%至12.6万部,格隆汇
2020-10-08,A股头条之上市公司（10.9）,金融界
2020-10-08,【金财富早知道】2020-10-09,赢家之星
2020-10-08,晚间公告热点追踪：7.3万股东难眠 240亿市值啤酒股董事长被调查,新浪
2020-10-08,公告精选：陆金所控股提交境外上市申请；宁波华翔拟实施欧洲业务重组,e公司
2020-10-08,公告精选丨燕京啤酒董事长被立案调查；复星医药：用于治疗新冠肺炎的药物获批,21世纪经济报道
2020-10-08,晚间重要公告2020年10月8日星期四,Wind
2020-10-08,周四上市公司晚间重要公告,金融界
2020-10-08,2020年10月9日涨停板早知道：七大利好有望发酵,新浪
2020-10-08,复星医药(02196)控股子公司用于治疗新冠的HLX70获美国FDA药品临床试验批准,智通财经
2020-10-08,10月8日上市公司晚间公告速递,新浪
2020-10-08,复星医药(02196.HK)：抗S1全人源单克隆中和抗体HLX70新药获美国FDA药品临床试验批准,格隆汇
2020-10-08,复星医药：子公司用于治疗新冠肺炎的药物获FDA药品临床试验批准,Wind
2020-10-08,复星医药：子公司用于治疗新冠肺炎的药物获FDA药品临床试验批准,e公司
2020-10-08,复星医药(02196.HK)：复宏汉霖授予Accord在美国及加拿大就HLX02独家商业化及与相关权利许可,格隆汇
2020-10-08,医药生物行业周观点：医药板块迎来配置时点，关注行业三季报，维持“强大于市”评级,格隆汇
2020-10-08,【浙商医药|周报】推荐Q3业绩高增长板块（API、CXO、检测），关注新冠疫苗Q4进展,杏林建研
2020-10-07,交银国际：白云山将拆分广州医药在港交所上市,新浪
2020-10-06,港股收评：恒生科技指大涨3.4%，科技、医药板块集体爆发,格隆汇
2020-10-06,股价大跌40%，商誉超90亿，民营医药巨头的“捷径”还能走多远？ 连续下跌,云掌财经
2020-10-06,发现丙肝病毒，3名科学家获得诺贝尔奖！这些概念股或受关注,券商中国
2020-10-05,5亿！知名药企买医院,赛柏蓝
2020-10-05,重磅！诺贝尔生理学或医学奖揭晓，因发现丙肝病毒，这三位分享760万元奖金；这些概念股或受关注,证券时报网
2020-10-04,医药行业50强榜单出炉：北上资金大手笔增持个股曝光,新浪
2020-10-04,复星医药(02196-HK)：复宏汉霖就HLX02授予Accord区域性独家商业化,财华社
2020-10-04,2020年9月上海A股上市公司市值TOP100 交通银行3394亿元居第一,挖贝网
2020-10-04,流感疫苗“一针难求”：排队预约拼人品，黄牛加价近3倍兜售,中新经纬
2020-10-03,魔鬼在细节：三张表中的投资机会,新浪
2020-10-02,A股“千亿俱乐部”109将！四季度有望迎来一轮反弹行情,华夏时报
2020-10-02,A股“千亿俱乐部”109将：四季度有望迎来一轮反弹行情,华夏时报
2020-10-01,9月A股牛熊榜：新余国科股价屡创新高，昔日“影音霸主”表现垫底,时代周报
2020-10-01,智通港股通持股解析|10月1日,智通财经
2020-10-01,上市公司正负面新闻2020年10月1日星期四,Wind
2020-09-30,晚间重要公告2020年9月30日星期三,Wind
2020-09-30,复星医药(02196.HK)：奋乃静片通过仿制药质量与疗效一致性评价,格隆汇
2020-09-30,解密主力资金出逃股连续5日净流出803股,证券时报网
2020-09-30,张文杰接任复宏汉霖首席执行官 持续推动创新及国际化战略,上证报
2020-09-30,421亿主力资金近三日撤出全A(等权)概念股,证券时报网
2020-09-30,25股主力资金净流入超亿元,证券时报网
2020-09-30,复星医药(600196.SH)：朝晖药业奋乃静片通过仿制药一致性评价,格隆汇
2020-09-30,复星医药：控股子公司药品通过仿制药一致性评价,Wind
2020-09-30,交银国际：创新药及生物科技板块估值有望持续提升,新浪
2020-09-30,郭广昌在线调侃马云称赞海南有巨大的发展潜力,搜狐
2020-09-30,A股融资融券日报：两融余额减少40.71亿元（9月29日）,Wind
2020-09-30,郭广昌：复星国际将继续深耕海南,新浪
2020-09-30,智通港股通持股解析|9月30日,智通财经
2020-09-30,股海导航 9月30日沪深股市公告提示,新浪
2020-09-30,复星医药(02196-HK)联席董事长计划减持A股 拟减持股份,财华社
2020-09-30,健康医疗企业社会责任履行面临新考验 细分行业之间差距较大,21世纪经济报道
2020-09-29,A股头条之上市公司（9.30）,金融界
2020-09-29,上市公司晚间利空汇总：未名医药股东拟减持不超6％股权,金融界
2020-09-29,犀牛财经晚报：华住集团回应沽空报告 ATM机市场持续萎缩,GPLP犀牛财经
2020-09-29,复星国际郭广昌：复星集团会继续深耕海南 又落户四个项目,上证报
2020-09-29,健康医疗企业社会责任履行面临新考验 细分行业之间差距较大,21世纪经济报道
2020-09-29,格隆汇个股放量排行榜|9月29日,格隆汇
2020-09-29,【券商聚焦】关注成长确定性高的创新药产业链标的 安信国际看好百济神州、君实生物,凤凰网
2020-09-29,复星医药(600196.SH)：联席董事长姚方拟减持不超34.168万股A股 拟减持股份,格隆汇
2020-09-29,复星医药：董事计划减持34万股股份 拟减持股份,Wind
2020-09-29,复星医药(600196.SH)：控股子公司复宏汉霖拟授予Accord在区域内就HLX02开展独家商业化许可,格隆汇
2020-09-29,546亿资金争夺20股：主力资金重点出击10股(名单),新浪
2020-09-29,发生了什么？军工股突然大爆发，两只20%涨停,中国基金报
2020-09-29,疫苗股走软，智飞生物、长春高新、康泰生物、复星医药、华兰生物、万泰生物普跌,Wind
2020-09-29,医药生物行业周观点：医药板块迎来配置时点 关注行业三季报,新浪
2020-09-29,港股盘前必读：9月28日中国恒大、恒大汽车涨幅均超过20%,Wind
2020-09-29,智通港股通持股解析|9月29日,智通财经
2020-09-28,两家知名药企围绕50亿大品种的改良新药开展合作,东方药网
2020-09-28,恒指收涨1.04% 楼宇建造板块领涨,中新经纬
2020-09-28,东阳光药、华海……60个新药获批临床！国产1类新药大爆发,东方药网
2020-09-28,药企爆发“创新潮”，大批新药获批临床,化工仪器网
2020-09-28,大摩：升复星国际（00656）目标价至11港元 评级“增持”,智通财经
2020-09-28,大摩：复星国际目标价升至11港元 维持增持评级,新浪
2020-09-28,药企爆发“创新潮”，大批新药获批临床,制药网
2020-09-28,复星陈启宇：我们的目标是让人类健康活到121岁,产经新闻
2020-09-28,智通港股通持股解析|9月28日,智通财经
2020-09-28,融资盘小幅流出 节前风险偏好受抑制,财富动力网
2020-09-28,智通港股投资日志|9月28日,智通财经
2020-09-27,【国信医药】海外第二波疫情来袭，关注检测板块业绩弹性（周观点）,GuosenHealthcare
2020-09-27,医药行业一周观察：海外第二波疫情来袭 关注检测板块业绩弹性,新浪
2020-09-27,两家知名药企合作了,药智网
2020-09-27,郭广昌再调仓：复星旅文过冬，复星医药春来,腾讯网
2020-09-27,两家知名药企围绕50亿大品种的改良新药开展合作,赛柏蓝
2020-09-27,2020中国大健康产业峰会：重构产业价值 聚焦疫后医疗新机遇,21世纪经济报道
2020-09-27,【浙商医药|周报】医药领涨大盘，从成长属性再看API投资逻辑,杏林建研
2020-09-26,《中国健康医疗上市公司社会责任报告》：制药优于其他行业，企业间差距明显,21世纪经济报道
2020-09-26,“巨无霸”接连登陆A股，千亿市值公司增至108家,Wind
2020-09-26,“巨无霸”接连登陆A股千亿市值公司增至108家,证券时报
2020-09-25,【浙商医药|周报】强势反弹，哪些核心赛道必须加？,杏林建研
2020-09-25,北向资金本周连续撤离，净卖出247亿，逆市抢筹15股,证券时报
2020-09-25,A股头条之上市公司（9.26）,金融界
2020-09-25,晚间公告热点追踪：证监会要求国金、国联自查 重组影响几何,新浪
2020-09-25,“五大流派”逐鹿千亿新冠疫苗市场，谁能胜出？,读懂财经
2020-09-25,【公告抢先看】晚间重要公告：紫江企业拟分拆紫江新材料上市、东软集团子公司成为吉利5G智能通讯终端供应商,金融界
2020-09-25,盘点全球十大畅销药物：肿瘤药占六席，修美乐榜首位置恐不保,健识局
2020-09-25,陆港通每周复盘 | 北水流入骤减近百亿，南水狂卖贵州茅台,金融界
2020-09-25,13股特大单净流入资金超1亿元,证券时报网
2020-09-25,复星医药(02196)为子公司广济医院不超2.4亿元债务提供担保 大额借贷担保,智通财经
2020-09-25,复星医药：控股子公司获药品临床试验通知书,Wind
2020-09-25,复星医药(02196.HK)拟为控股子公司广济医院不超2.4亿元授信提供担保 大额借贷担保,格隆汇
2020-09-25,复星医药(02196.HK)：RT002新药获临床试验通知书,格隆汇
2020-09-25,复星医药创新成果不断涌现 旗下复宏汉霖HLX04上市申请已受理,中金在线
2020-09-25,567亿资金争夺20股：主力资金重点出击10股(名单),新浪
2020-09-25,突发闪崩！400亿疫苗大牛股跌停，7万股民懵了！,中国基金报
2020-09-25,突发闪崩！400亿疫苗大牛股跌停，7万股民懵了！究竟发生了什么？,中国基金报
2020-09-25,恒指跌0.21%印刷及包装等板块表现活跃,中新经纬
2020-09-25,巨丰午评：大盘震荡筑底 板块轮动人气低迷,巨丰财经
2020-09-25,【异动股】復星医药(02196-HK)涨4.55%,财华社
2020-09-25,疫苗股飙升，康希诺-U、智飞生物、西藏药业、华兰生物、复星医药集体上涨,Wind
2020-09-25,14股获融资客大手笔净买入,证券时报网
2020-09-25,A股融资融券日报：两融余额减少21.84亿元（9月24日）,Wind
2020-09-25,智通港股通持股解析|9月25日,智通财经
2020-09-25,观望气氛浓厚 港股徘徊,南方财经网
2020-09-24,9月24日主力资金净流出527亿元,证券时报网
2020-09-24,恒指低开低走收跌1.82%报23311.07点，资源股、医疗股跌幅居前,Wind
2020-09-24,679亿资金争夺20股：主力资金重点出击4股(名单),新浪
2020-09-24,复星医药投资成立化妆品制造公司，注册资本1000万,证券时报网
2020-09-24,跟盘丨北向资金净流出逾百亿 疫苗股回暖,第一财经
2020-09-24,真正的战略配售基金，场内折价不香吗？,养基司令
2020-09-24,【异动股】復星医药(02196-HK)跌3.2%,财华社
2020-09-24,A股融资融券日报：两融余额增加47.28亿元（9月23日）,Wind
2020-09-24,港股盘前必读：吉利汽车发布SEA浩瀚智能进化体验架构,Wind
2020-09-24,智通港股通持股解析|9月24日,智通财经
2020-09-24,中泰证券：国内创新之势蓬勃而起 建议关注创新药主线（附股）,证券时报网
2020-09-23,道达投资手记：资金都去哪儿了？节前一般较清淡,每日经济新闻
2020-09-23,又见地量，积极尝试新周期！(附龙头股复盘),新浪
2020-09-23,智通港股解盘(09.23) | 连续调整后恒指小幅企稳 消息刺激品种表现强劲,智通财经
2020-09-23,尾盘主力资金净流出1461万元 隆基股份尾盘流入近2亿元,第一财经
2020-09-23,港股收评：恒指探底回升收涨0.11%，农夫山泉涨超7%逼近新高,格隆汇
2020-09-23,35股主力资金净流入超亿元,证券时报网
2020-09-23,9月23日复盘：在震荡中把握布局机会 主力资金出击12股,新浪
2020-09-23,收评：恒指涨0.11% 钟睒睒成中国首富农夫山泉涨7.08%市值近4400亿,金融界
2020-09-23,港股收盘(9.23)|恒指收涨0.11% 玖龙纸业(02689)年度业绩超预期 纸业股表现强势,智通财经
2020-09-23,港股收盘丨恒指收收涨0.11% 农夫山泉大涨超7%,第一财经
2020-09-23,738亿资金争夺20股：主力资金重点出击12股(名单),新浪
2020-09-23,收评：港股恒指涨0.11% 乐享互动破发钟睒睒稳居中国首富 连续下跌,新浪
2020-09-23,恒指收涨0.11% 纸及纸制品板块领涨,中新经纬
2020-09-23,恒生指数收涨0.11% 医疗股领涨,e公司
2020-09-23,恒指震荡收涨0.11%报23742.51点，医药股领涨,Wind
2020-09-23,容维证券：指数低位震荡 关注疫苗板块,新浪
2020-09-23,巨丰资金流向：市场缩量震荡调整 医药行业获主力近30亿买入！,巨丰财经
2020-09-23,A股集体收高创指涨1.74%医疗板块表现活跃,中新经纬
2020-09-23,A股收盘综述：上证指数缩量小涨，疫苗、光伏股爆发,Wind
2020-09-23,【中证盘前】中纪委点名茅台、五粮液节前涨价！豫金刚石否认资产重组；华谊兄弟实控人拟减持3%；金力永磁成为特斯拉供应商,中证报
2020-09-23,中国疫苗试验中证明有效：康希诺涨9%复星医药涨6%,新浪
2020-09-23,【行情】港股医药股持续走高，复星医药涨超6%，药明生物、药明康德、上海医药等纷纷走高,金十数据
2020-09-23,医疗股持续拉升，康希诺生物涨8%,Wind
2020-09-23,恒指跌0.01%林业及木材板块领跌,中新经纬
2020-09-23,恒指半日跌0.01%,中证网
2020-09-23,“网红一哥”热炒股资金流出近6亿医疗股再次发力成资金流入焦点,金融界
2020-09-23,【异动股】復星医药(02196-HK)涨5.56%,财华社
2020-09-23,A股午盘综述：创业板指半日升1.47%，疫苗股爆发,Wind
2020-09-23,疫苗板块连续拉升，康希诺-U涨超12%、智飞生物涨10%,Wind
2020-09-23,复星医药子公司收到中重度眉间纹治疗临床试验通知书,资本邦
2020-09-23,操盘必读｜中纪委点名茅台、五粮液节前涨价！豫金刚石否认资产重组；华谊兄弟实控人拟减持3%；美股全线上涨,上游新闻
2020-09-23,港股盘前公告精选：中通快递-SW发行价定为每股218港元,Wind
2020-09-23,盘前信息早知道（09.23）,中金在线
2020-09-23,智通港股通持股解析|9月23日,智通财经
2020-09-23,32只股遭北向资金减仓超20%,证券时报网
2020-09-23,买入汽车股，减持医药股，北向资金昨日继续出逃（附股） 减持股份,21世纪经济报道
2020-09-23,流感疫苗需求较往年明显提前 批签发规模同比猛增（附股）,证券时报网
2020-09-23,北向资金动向盘点：加仓新能源，连续减仓食品饮料,Wind
2020-09-23,智通港股早知道︱(9月23日)中国广电成立或加速5G建设，留意中国铁塔(00788)等股价变化,智通财经
2020-09-23,各地开打流感疫苗 药企批签发量大增,上证报
2020-09-23,【金财富早知道】2020-09-23,赢家之星
2020-09-22,格隆汇港股聚焦(9.22)︱中通快递在港上市发行价厘定为218港元；建设银行拟发行不超1600亿元二级资本工具,格隆汇
2020-09-22,智通港股公告精选︱(9.22)乐享互动公开发售超购逾千倍 再鼎医药招股定价562港元,智通财经
2020-09-22,北向资金再度出逃！沪指失守3300点，这些板块和个股遭抛售,Wind
2020-09-22,晚间公告热点追踪：快手直播“一哥”入股 起步股份四连板,新浪
2020-09-22,晚间公告热点追踪：三妖股异常交易账户被立案调查 50亿参与搏杀,新浪
2020-09-22,9月22日北向资金成交活跃股名单（附股）,证券时报网
2020-09-22,下半年，医药板块四个投资方向被看好 ！,汇聚南药
2020-09-22,【公告抢先看】晚间重要公告：我乐家居高管与“杀猪盘”事件无关联关系、圆城黄金拟收购白酒公司圣窖酒业,金融界
2020-09-22,复星医药(02196)：复星医药产业治疗中重度眉间纹新药将于中国境内开展III期临床试验,智通财经
2020-09-22,数据复盘| 49亿主力资金撤离电子行业 北向资金连续2日净流出,证券时报网
2020-09-22,北上资金净流出20.02亿 宁德时代、立讯精密逆势获净买入超5亿元,金融界
2020-09-22,北向资金再度出逃，全天净卖出超20亿，机构提醒持续关注这一点（附抛售个股名单） 股票卖空,21世纪经济报道
2020-09-22,沃森生物今日被北向资金净卖出5.68亿,e公司
2020-09-22,复星医药：控股子公司获药品临床试验通知书,Wind
2020-09-22,复星医药(600196.SH)控股子公司新药RT002获批临试,格隆汇
2020-09-22,复星医药：控股子公司获药品临床试验通知书,e公司
2020-09-22,681亿资金争夺20股：主力资金重点出击10股(名单),新浪
2020-09-22,医药行业周报：关注板块回调态势下的疫苗及生物制品,新浪
2020-09-22,智通港股通持股解析|9月22日,智通财经
2020-09-21,晚间重要公告2020年9月21日星期一,Wind
2020-09-21,格隆汇个股放量排行榜 | 9月21日,格隆汇
2020-09-21,医药板块大幅回调，未来上涨机会在哪？,汇聚南药
2020-09-21,重磅文件发布，多家抗抑郁药概念股上涨,制药网
2020-09-21,医药生物行业周报：CSCO、ESMO大会召开 关注创新药产业链,新浪
2020-09-21,晨会聚焦200921重点关注PDF行业、医药行业、安车检测、券商,国信研究
2020-09-21,新冠肺炎检测板块触底反弹，硕世生物、东方生物涨超5%,Wind
2020-09-21,港股盘前必读：蚂蚁集团科创板首发过会,Wind
2020-09-21,智通港股通持股解析|9月21日,智通财经
2020-09-21,复星国际董事长郭广昌:复星FC2M吹响全球生态供应链集结号,中投网
2020-09-20,大健康投融周报丨复星医药收购易研云，6家企业更新融资动态,亿欧网
2020-09-20,医药行业一周观察：板块延续回调趋势 医保目录调整名单公布,新浪
2020-09-20,浙商早知道 | 9月22日,浙商证券研究所
2020-09-19,终于 “东北茅台”回复来了！承认金磊作法欠妥,中国基金报
2020-09-19,上市公司正负面新闻2020年9月19日星期六,Wind
2020-09-19,新冠疫苗“诞生”前夜,21世纪经济报道
2020-09-19,终于，“东北茅台”回复来了：“业绩展望下滑”系误读，承认金磊做法欠妥！杠杆资金被吓坏，北上资金乘机“抄底”？ 盈利能力下降,e公司
2020-09-18,每日医药资讯：甘李药业甘精胰岛素在哈萨克斯坦获批、复星医药附属拟斥资450万元收购易研云,新康界
2020-09-18,格隆汇港股聚焦(9.18)︱百济神州首次公布帕米帕利治疗晚期卵巢癌数据；盛跃网络事长王佶将成星光文化单一最大股东,格隆汇
2020-09-18,北上资金本周净买入108.32亿元,证券时报网
2020-09-18,公告精选丨长春高新回复关注函：业绩展望下滑系误读；铜陵有色与阿里云等公司签署框架合作协议,21世纪经济报道
2020-09-18,晚间重要公告2020年9月18日星期五,Wind
2020-09-18,399亿主力资金近三日撤出全A(等权)概念股,证券时报网
2020-09-18,复星医药(02196)：大股东累计增持公司1716.95万股H股,智通财经
2020-09-18,复星系神奇操作“解救”金徽酒原实控人，限售股或迎提前解除,中华网
2020-09-18,复星医药(02196)控股股东增持计划实施期限届满 累计增持1717万股公司H股,智通财经
2020-09-18,复星医药关于控股股东增持本公司股份计划实施期限届满的公告,亿邦动力
2020-09-18,复星医药(600196.SH)：增持期届满控股股东复星高科技累计耗资3.95亿元增持公司1716.95万股H股,格隆汇
2020-09-18,复星医药：控股股东累计增持1716.95万股公司H股股份,Wind
2020-09-18,智通AH统计|9月18日,智通财经
2020-09-18,港股医药股走强 维亚生物涨超8%药明生物涨超4%,新浪
2020-09-18,复星医药附属公司拟斥资450万元收购易研云,新浪
2020-09-18,BioNTech寻求收购诺华制药德国厂房，预计疫苗年产量将扩大至7.5亿剂,智通财经
2020-09-18,三个月内再豪掷25亿元加码金徽酒 复星系凭什么信心满满？,中华网
2020-09-18,智通港股通持股解析|9月18日,智通财经
2020-09-18,北向资金动向盘点：净卖“茅台”21亿，锁仓比亚迪,Wind
2020-09-18,倒计时24天！从新药研发到商业化生产 -- 亚太药物研发领袖峰会2020,药事纵横
2020-09-18,复医(02196-HK)附属全购大健康领域数字化应用平台开发商,财华社
2020-09-17,复星医药子公司450万布局大健康领域,医药资讯地方台
2020-09-17,长春高新分拆百克生物IPO：产品结构单一 推广费是研发投入近五倍,腾讯网
2020-09-17,低价联动？10款药在上海暂停挂网一年，舒泰神、四环医药、百洋,新浪医药
2020-09-17,复星医药(02196)附属拟斥资450万元收购易研云 以强化药品研发项目管理的数字化能力,智通财经
2020-09-17,复星医药(02196.HK)拟450万元收购易研云(上海)医疗科技全部股权,格隆汇
2020-09-17,复星医药(600196.SH)：天津星魅引进美容塑形药物RZL012注射剂,格隆汇
2020-09-17,复星医药(02196.HK)：天津星魅获Raziel许可在中国独家临床开发和商业化RZL012,格隆汇
2020-09-17,复星医药(600196.SH)与复星医疗、复星高科技拟出资1亿元对深圳复星健康进行增资,格隆汇
2020-09-17,复星医药：获得Raziel产品许可及供应权益,格隆汇
2020-09-17,复星医药(600196.SH)：子公司拟450万元受让易研云100%股权,格隆汇
2020-09-17,复星医药：拟合计出资人1亿元对深圳复星健康进行增资,Wind
2020-09-17,恒指收跌1.56%，地产代理板块领跌,中新经纬
2020-09-17,复星医药(02196)：附属深圳复星健康获合计1亿元增资,智通财经
2020-09-17,复星医药(02196.HK)：深圳复星健康注册资本增至约1.2亿元,格隆汇
2020-09-17,智通AH统计|9月17日,智通财经
2020-09-17,降温信号显现！多只权益类基金募集延期，机构重仓股持续分化,金融界
2020-09-17,恒指低开0.2%，投资及资管板块领跌,中新经纬
2020-09-17,新型药物制剂研发逐渐成国家优先项目，发展不断加速,制药网
2020-09-17,北向资金动向盘点：突然集中加仓“泛金融”,Wind
2020-09-17,A股融资融券日报：两融余额增加1.73亿元（9月16日）,Wind
2020-09-17,智通港股通持股解析|9月17日,智通财经
2020-09-17,42只股遭北向资金减仓超20%,证券时报网
2020-09-17,A股成交创3个多月新低创业板又现20%涨停潮,证券时报
2020-09-17,两市成交量创3个多月新低 创业板又现20%涨停潮,证券时报
2020-09-16,北上资金净买入7.42亿元宁德时代净买入居首,证券时报网
2020-09-16,医药股大跌下，这三大投资方向被看好,汇聚南药
2020-09-16,太低迷！A股成交创3个多月新低，后市怎么走？资金逆市买入这些股（附名单）,证券时报网
2020-09-16,水皮：【谈股论金】落花有意，流水无情,华夏时报
2020-09-16,【超级大单】10倍大牛股盘中跳水，18亿机构资金打折抛售,证券时报网
2020-09-16,17股特大单净流入资金超1亿元,证券时报网
2020-09-16,降温信号显现：北信瑞丰海富通工银瑞信国寿安保权益基金募集延期,新浪
2020-09-16,数据复盘| 52亿主力资金撤离医药生物行业 北向资金连续2日净流入,证券时报
2020-09-16,北向资金净流入逾7亿元，宁德时代获净买入近3亿元丨牛熊眼,第一财经
2020-09-16,北向资金净买入7.42亿元，连续4日净买入这只特斯拉概念股（名单）,21世纪经济报道
2020-09-16,北向资金连续两日净流入，宁德时代获净买入2.97亿元居首,Wind
2020-09-16,沪深指数集体跳水创指跌1.55%市场缩量调整权重股稳大盘,财华社
2020-09-16,市场如期调整，一个新方向值得关注！,中财网
2020-09-16,21股主力资金净流入超亿元,证券时报网
2020-09-16,510亿主力资金近三日撤出全A(等权)概念股,证券时报网
2020-09-16,巨·大盘｜大盘反弹遇阻回落 高位抱团股跌势不止,巨丰财经
2020-09-16,新股解读|吃惯汉堡、融惯美金，再鼎医药（ZLAB.US）何时脱“未盈利”之帽？,智通财经
2020-09-16,智通AH统计|9月16日,智通财经
2020-09-16,主力资金重点出击6股(名单),中财网
2020-09-16,A股收盘综述：创业板综指缩量收跌1.39%，市场资金围猎注册制次新股,Wind
2020-09-16,复星高科：拟发行10亿元中期票据 用于偿还有息债务,中国网
2020-09-16,创业板指持续下探跌1.47%生物疫苗板块走弱,中新经纬
2020-09-16,"""东北茅台""又暴跌 9月蒸发455亿!金磊到底违规没? 其他违规处罚",e公司
2020-09-16,A股震荡调整大金融、新能源等多板块获市场资金集中流入,金融界
2020-09-16,A股午盘综述：创业板综指半日跌1.54%，注册制次新股获热炒,Wind
2020-09-16,两市缩量盘整 航空、光伏、第三代半导体概念活跃,第一财经
2020-09-16,长春高新下挫超5%，疫苗板块持续下滑,Wind
2020-09-16,21股获杠杆资金净买入超5000万元,证券时报网
2020-09-16,A股融资融券日报：两融余额增加29.0亿元（9月15日）,Wind
2020-09-16,复星系再度“加码”金徽酒 全年业绩目标恐难实现,中国网
2020-09-16,智通港股通持股解析|9月16日,智通财经
2020-09-16,岂止长春高新，这些热门股也现机构分歧,Wind
2020-09-16,【大行报告】交银国际为何看好国产高值耗材企业﹖,财华社
2020-09-16,新冠疫苗最快11月可接种，A股疫苗能否雄起？,券商中国
2020-09-16,57家“准金控”涉足百张金融牌照,证券时报
2020-09-15,【超级大单】大跌眼镜！飙涨50亿后，第三代半导体龙头公告销售仅19万元,证券时报网
2020-09-15,北向资金净买入33亿元，连续3日卖出这只牛奶股近10亿（名单）,21世纪经济报道
2020-09-15,9月15日主力资金净流出106亿元,证券时报网
2020-09-15,创新力初显！国产PD-1单抗四大药企强势比拼,制药网
2020-09-15,智通AH统计|9月15日,智通财经
2020-09-15,香港恒生指数收涨0.38%汽车、地产股涨幅居前,中新经纬
2020-09-15,恒指收涨0.38%报24732.76点，小米集团逆势跌逾5%、中国恒大涨逾8%,Wind
2020-09-15,新冠疫苗重大进展！这些A股又要嗨了？,中国基金报
2020-09-15,【异动股】復星医药(02196-HK)涨3%,财华社
2020-09-15,A股收盘综述：创业板综指缩量收升0.34%，成交金额连续两日超沪市,Wind
2020-09-15,业内聚焦后疫情时期的医药生物产业,新华网
2020-09-15,疫苗股尾盘拉升 博晖创新涨超17%,e公司
2020-09-15,快讯：疫苗板块尾盘拉升 博晖创新大涨18%,新浪
2020-09-15,生物疫苗概念午后持续走高 君正集团涨停,中国经济网
2020-09-15,生物疫苗概念持续拉升 君正集团、博辉创新涨停 康华生物、一心堂等多股大涨,金融界
2020-09-15,【行情】疫苗板块午后异动拉升，康华生物大涨7%，复星医药、西藏药业涨近5%，康泰生物、沃森生物、华北制药长春高新等纷纷走高,金十数据
2020-09-15,疫苗板块强力拉升，复星医药涨近5%、长春高新涨3%,Wind
2020-09-15,疫苗板块迎来久违回暖，康华生物领涨6%,Wind
2020-09-15,新冠疫苗最快11月接种 13只疫苗股业绩值得期待,证券时报
2020-09-15,重大进展！新冠疫苗最快11月接种，这类疫苗被曝紧缺！概念龙头砸出“深坑”，北上资金潜伏它们,证券时报网
2020-09-15,迈兰6亿欧元出手收购，全球最大仿制药企却在“沉没”？,晨哨网
2020-09-15,智通港股通持股解析|9月15日,智通财经
2020-09-14,1500亿市值白马股无原因跌停？一日蒸发167亿！ 连续下跌,全景网
2020-09-14,东北“市值一哥”罕见跌停，一日蒸发160亿！,Wind
2020-09-14,复星医药现1笔大宗交易 共成交219.17万元,新浪
2020-09-14,下半年，医药行业开启“淘汰赛”！,汇聚南药
2020-09-14,【超级大单】募资百亿养猪近700万头！猪肉龙头股价8连跌，资金持续抛售 连续下跌,证券时报网
2020-09-14,10年29倍医药龙头罕见跌停，北上资金大举建仓！10年最高涨69倍，光伏龙头股价创历史新高,证券时报网
2020-09-14,复星医药今日大宗交易成交4.59万股，成交价47.75元溢价0.0%,Wind
2020-09-14,2020半年报总结：行业分化加剧 龙头集中度提升,新浪
2020-09-14,30股主力资金净流入超亿元,证券时报网
2020-09-14,医药企业发展稳健，4家药企市值超1500亿,制药网
2020-09-14,智通AH统计|9月14日,智通财经
2020-09-14,医药行业周报：板块回调 关注低估值、高业绩确定性细分龙头,新浪
2020-09-14,下半年，药品、药企、人员淘汰加速,制药网
2020-09-14,国信证券：医药板块短期出现回调 建议关注具有中长期竞争力的细分龙头,证券时报网
2020-09-14,智通港股通持股解析|9月14日,智通财经
2020-09-13,明日A股机会早知道,第一财经
2020-09-13,【浙商医药|周报】板块回调，关注低估值、高业绩确定细分龙头,杏林建研
2020-09-13,金控公司办法出台，医保局提出深入实施全民参保计划丨明日主题前瞻,第一财经
2020-09-13,大健康投融周报丨癌症早筛公司Grail申请IPO，13家企业融资,亿欧网
2020-09-13,一周药闻丨北海康首个罕见病药物上市，再鼎医药、君实生物等产品获批,亿欧网
2020-09-13,多位专家谈新冠疫苗暂停试验：个案，中国没有发现类似问题,Wind
2020-09-13,多位专家谈新冠疫苗暂停试验：个案，中国没有发现类似问题,澎湃新闻
2020-09-13,多位专家谈新冠疫苗暂停试验：个案，仍需进一步评估,澎湃新闻
2020-09-12,新消费观察丨金徽酒上市4年营收累增28%落后同行，“复星系”入主能否“改运”,搜狐
2020-09-12,北向资金抄底创业板，疫苗股获重点关注,上证报
2020-09-12,个股资金流向,财富动力网
2020-09-12,医药生物行业:基本面无虞 Q4有望反转,财富动力网
2020-09-12,北向资金抄底创业板 疫苗股获重点关注,上证报
2020-09-12,无惧调整北上资金大举抄底创业板,证券时报
2020-09-11,医保局提出深入实施全民参保计划 机构：5条主线投资医药股丨牛熊眼,第一财经
2020-09-11,这类资金深谙“别人恐惧时贪婪”，本周大幅抄底创业板，还有猪肉龙头被连买5天（附股）,证券时报网
2020-09-11,医药代表陷入冰火两重天,汇聚南药
2020-09-11,立讯精密尾盘净流入资金超亿元,证券时报网
2020-09-11,辉瑞和BioNTech公布新冠疫苗临床前数据，并与欧盟签订高达3亿剂的最大初始订单,21世纪经济报道
2020-09-11,38股主力资金净流入超亿元,证券时报网
2020-09-11,北向资金扫货创业板，主要买哪些股票？,上证报
2020-09-11,复星医葯(02196-HK)：奥鸿药业FCN-437c用于晚期乳腺癌适应症治疗启动II期临床研究,财华社
2020-09-11,智通港股通持股解析|9月11日,智通财经
2020-09-11,【山证医药】2020年7月疫苗批签发数据跟踪 ：1-7月整体批签发情况良好，流感疫苗本年实现批签发,山西证券研究所
2020-09-10,研究发现价值 金融界“金智奖”医药生物企业价值评选名单公布,金融界
2020-09-10,关注大健康 | 中国医药研发·创新峰会在渝开幕 中国药企研发投入谁最多？,重庆商报
2020-09-10,复星医药(02196)：FCN-437c用于晚期乳腺癌适应症治疗启动II期临床研究,智通财经
2020-09-10,【总榜】《2020中国药品研发综合实力排行榜 TOP100》隆重发布！,药智网
2020-09-10,资本狂欢下的「分拆上市」热潮,东方药网
2020-09-10,收购北盟物流 延安必康抢占4000亿医药冷链市场,发布易
2020-09-10,复星医药(02196.HK)：用于晚期乳腺癌适应症治疗新药启动II期临床研究,格隆汇
2020-09-10,复星医药(600196.SH)：FCN-437c用于晚期乳腺癌适应症治疗启动II期临床研究,格隆汇
2020-09-10,为焕发业务活力，药企分拆成大势所趋,制药网
2020-09-10,东方财富等19股获北向资金增持额超亿元,证券时报网
2020-09-10,复星医药(600196)：贝伐珠单抗类似药报产 生物药进入收获期,新浪
2020-09-10,9月10日早盘两市板块龙虎榜排名(名单),金融界
2020-09-10,恒生指数高开0.47%报24584点 中国联通(00762)涨2.4%领涨蓝筹,凤凰网
2020-09-10,【行情】复星医药涨近2%，全资子公司复星长征自主研发的新型冠状病毒核酸检测试剂盒被正式列入世界卫生组织应急使用清单,金十数据
2020-09-10,A股融资融券日报：两融余额减少55.94亿元（9月9日）,Wind
2020-09-10,智通港股通持股解析|9月10日,智通财经
2020-09-10,华创事件驱动早报9-10：国务院要求创新无接触消费模式；苹果新品将引爆超宽带技术,华创证券研究
2020-09-10,复星医药7.42亿受让重庆药友10%股权 标的上半年净利4.86亿业绩持续增长,长江商报
2020-09-10,北向资金动向盘点：总持仓市值已降至1.88万亿,Wind
2020-09-10,股海导航 9月10日沪深股市公告提示,新浪
2020-09-10,上市公司正负面新闻2020年9月10日星期四,Wind
2020-09-09,格隆汇港股聚焦(9.09)︱南航子公司实行启动混改，拟出让不超49.5%股权；弘阳地产前8个月销售480亿元,格隆汇
2020-09-09,A股头条之上市公司（9.10）,金融界
2020-09-09,一大利空袭来：疫苗龙头盘中大跌近20% 概念股最高回撤已超40%,新浪
2020-09-09,晚间重要公告2020年9月9日星期三,Wind
2020-09-09,9月9日晚间上市公司十大重磅公告,巨丰财经
2020-09-09,万泰生物(603392.SH)：鼻喷流感病毒载体新冠肺炎疫苗启动临床试验,格隆汇
2020-09-09,组织管治进化显成效，复星国际(00656)两个ESG评级获上调,智通财经
2020-09-09,复星医药：子公司获药品注册申请受理,Wind
2020-09-09,复星医药：子公司获药品注册申请受理,e公司
2020-09-09,复星医药(02196.HK)：贝伐珠单抗注射液获国家药监局药品注册审评受理,格隆汇
2020-09-09,复星医药(600196.SH)：贝伐珠单抗注射液获药品注册申请受理,格隆汇
2020-09-09,金徽酒(603919)：豫园股份提出要约收购 持股比例将增至38％,新浪
2020-09-09,医药生物行业9月投资策略：基本面无虞，Q4有望反转,国信证券
2020-09-09,C2M狼烟再起 复星FC2M战略吹响全球生态供应链集结号,中金在线
2020-09-09,上半年，近8成药企加大了研发投入,制药网
2020-09-09,交银国际：具成本和研发优势的国产高值耗材药企受益,新浪
2020-09-09,智通港股通持股解析|9月9日,智通财经
2020-09-09,晚间公告热点追踪：罕见！3只创业板“妖股”同日停牌核查,新浪
2020-09-09,上市公司正负面新闻2020年9月9日星期三,Wind
2020-09-08,含CBD国产非特殊用途化妆品备案获通过 双鹭药业投资业务多点开花,e公司
2020-09-08,公告精选：豫金刚石、长方集团、天山生物明起停牌；露笑科技收关注函,21世纪经济报道
2020-09-08,复星医药子拟逾7亿元受让重庆药友10%股权 控制权提升至61%,e公司
2020-09-08,药友制药完成7.42亿人民币战略投资融资,亿邦动力
2020-09-08,核酸疫苗推广须破物流关,第一财经
2020-09-08,再豪掷超7亿增持 “复星系”缘何“执饮”金徽酒？,国际金融报
2020-09-08,晚间重要公告2020年9月8日星期二,Wind
2020-09-08,复星医葯(02196-HK)7.42亿元增持重庆药友10%权益,财华社
2020-09-08,降价53%VS年内上涨179%，带量采购之后的A股上市药企反应大不同？,搜狐
2020-09-08,豫园股份拟要约收购金徽酒8%股份郭广昌二度增持看上了啥?,金融投资报
2020-09-08,复星医药(02196)：复宏汉霖(02696)拟为汉霖制药不超过2亿元的银行借款提供担保 大额借贷担保,智通财经
2020-09-08,药企中考：化学制剂、中药承压 研发费用增长17%,新浪
2020-09-08,复星医药(600196.SH)：聘任李东明为公司高级副总裁,格隆汇
2020-09-08,复星医药(02196.HK)拟聘任李东明为高级副总裁,格隆汇
2020-09-08,复星医药：控股子公司拟7.42亿元受让重庆药友约10.044%股权,发布易
2020-09-08,复星医药(02196.HK)子公司拟受让重庆药友制药约10.044%股权,格隆汇
2020-09-08,复星医药：复星医药产业拟7.42亿元受让重庆药友约10.04%股权,Wind
2020-09-08,复星医药(02196.HK)：复宏汉霖拟为子公司不超2亿元借款提供担保 大额借贷担保,格隆汇
2020-09-08,复星医药(600196.SH)：复星医药产业拟7.42亿元受让重庆药友约10.044%股权,格隆汇
2020-09-08,巨·热点：金融股引发市场探底回升 热点板块轮动走强,巨丰财经
2020-09-08,7.15亿“加注”金徽酒控制权 复星系全球44家上市公司版图曝光,21世纪经济报道
2020-09-08,豫园股份7.15亿要约收购金徽酒股份8%股权，复星系全球44家上市公司版图完全曝光,21世纪经济报道
2020-09-08,豫园股份7.15亿增持金徽酒 进一步巩固控制权,佳酿网
2020-09-08,复星国际扩大海南布局：复星商社、复星医药“落户”海南,澎湃新闻
2020-09-08,复星FC2M大会暨全球生态供应链峰会三亚举行 复星集团与海南省有关单位签署3个合作协议,海南日报
2020-09-08,疫苗股冲高，万泰生物、辽宁成大、康泰生物、复星医药普涨,Wind
2020-09-08,再收购8%股权！“复星系”坐实金徽酒控股股东,环球老虎财经
2020-09-08,50只港股获南向资金大比例持有,证券时报网
2020-09-08,智通港股通占比异动统计|9月8日,智通财经
2020-09-08,智通港股通持股解析|9月8日,智通财经
2020-09-08,格隆汇盘前要点丨9月8日,格隆汇
2020-09-08,复星携全球产业链伙伴掘金海南新一轮开放大机遇,上证报
2020-09-08,香港建设收购 小米强势,南方财经网
2020-09-07,索拉非尼仿制药陆续获批上市 原研先降为敬 “首仿”挂网价再降三成,国家药监局
2020-09-07,复星旗下多板块业务落地海南 全球布局构筑FC2M生态供应链,证券日报
2020-09-07,BioNTech(BNTX.US)与辉瑞(PFE.US)德国2/3期新冠疫苗研究获批 复星医药(02196)国药控股(01099)参与推进疫苗供应链,智通财经
2020-09-07,复星医药与国药控股达成关于mRNA新冠疫苗物流合作协议,澎湃新闻
2020-09-07,犀牛财经投融资：零氪科技获7亿元 听云获4亿元,GPLP犀牛财经
2020-09-07,开放合作、聚力共赢——复星医药首次举办全球生态供应链峰会医药产业论坛,中金在线
2020-09-07,复星(00656)FC2M大会在海南举行 全球生态供应链吹响集结号,智通财经
2020-09-07,解密主力资金出逃股连续5日净流出757股,证券时报网
2020-09-07,复星医药与国药控股签署关于BioNTech mRNA新冠疫苗物流合作协议,Wind
2020-09-07,复星医药携手国药控股 共同推进疫苗商业化及供应链服务,证券时报
2020-09-07,Wind快讯 每日医药行业动态（2020-9-7）,Wind
2020-09-07,智能骨科手术机器人企业键嘉机器人获超亿元人民币B轮融资,投资界
2020-09-07,键嘉机器人完成亿元及以上人民币B轮融资,亿邦动力
2020-09-07,键嘉机器人完成超亿元B轮融资，浩悦资本为独家财务顾问,资本邦
2020-09-07,CTI华测检测正式加入中国ESG领导者组织,新浪
2020-09-07,医药分析框架系列报告（1）：时间的玫瑰：三类核心竞争力,国信研究
2020-09-07,医药行业一周观察：二季度业绩回暖，关注创新药、器械及服务板块,国信研究
2020-09-07,智通港股通持股解析|9月7日,智通财经
2020-09-07,香港建设收购 小米强势,财富动力网
2020-09-07,医药生物：关注估值切换带来低估值板块投资机遇,财富动力网
2020-09-06,医药生物行业：去伪存真,新浪
2020-09-06,医药行业周报：板块回调 关注估值切换带来低估值板块投资机遇,新浪
2020-09-06,医药生物行业周报：国产创新药频繁授权海外 继续重点推荐创新药产业链,新浪
2020-09-06,医药行业每周医览药闻：2020年医药中报业绩总结：后疫情时代 关注需求复苏下蕴含的全球市场机会,新浪
2020-09-05,揭秘本周聪明钱｜罕见：这一“唯我不败”行业终被主力抛弃；融资客却逆市疯狂低吸！,每日经济新闻
2020-09-05,创新药是仿制药吗？2020创新药市场发展现状及投资前景规模分析,中研网
2020-09-05,智能骨科手术机器人企业“键嘉机器人”完成超亿元B轮融资,猎云网
2020-09-05,本周两市热点追踪,财富动力网
2020-09-04,【浙商医药|中报】创新药产业链：本土力量逐步彰显硬实力，制药升级进入兑现期,杏林建研
2020-09-04,【浙商医药|中报总结】Q2改善，选赛道更重要,杏林建研
2020-09-04,孵化投资大迁移！谁是中国未来的Alexion、BioMarin、Seagen？,E药经理人
2020-09-04,近 40 亿的 PD-1、20 亿安罗替尼，2020 上半年创新药王炸产品销售额大爆发！,汇聚南药
2020-09-04,解密主力资金出逃股连续5日净流出687股,证券时报网
2020-09-04,民办教育四十而立：教育行业未来“造富” 靠什么？,搜狐
2020-09-04,收评：港股恒指跌0.82% 小米强势翻红涨2.51% 比亚迪电子涨6.03%,新浪
2020-09-04,收评：港股恒指跌1.25% 小米强势翻红涨2.51%比亚迪电子涨6.03%,新浪
2020-09-04,养老金二季度末现身134家公司前十大流通股东榜,证券时报
2020-09-04,碧桂园沪深ESG100优选指数完成年度调仓,新浪
2020-09-04,恒指跌1.83%，航空航天军工板块领跌,中新经纬
2020-09-04,午评：港股恒指重挫1.83% 恒生科技股大跌阿里跌近5% 连续下跌,新浪
2020-09-04,【异动股】復星医药(02196-HK)跌5.2%,财华社
2020-09-04,港股异动 | 青岛啤酒股份(00168)挫逾4% 遭复星集团减持3600万股 占总股本约2.64% 减持股份,智通财经
2020-09-04,智通港股通持股解析|9月4日,智通财经
2020-09-04,A股中报季900只超预期个股名单,锦缎
2020-09-04,北向资金动向盘点：海天味业净卖出1.2亿元，不是杀跌主力,Wind
2020-09-04,恒指低开0.3%报24621.021点 半导体板块领跌,中新经纬
2020-09-03,青岛啤酒股东复星集团减持所持3600万股公司H股股份 减持股份,上证报
2020-09-03,青岛啤酒股份(00168.HK)：复星集团减持公司3600万股H股 减持股份,格隆汇
2020-09-03,四大国产PD-1上半年销售总额预估近40亿元！国内市场本土、外资排名翻转？,新康界
2020-09-03,青岛啤酒：复星集团减持3600万股H股 持股比例降至12.88% 减持股份,e公司
2020-09-03,流感概念股盘中拉升走高 葵花药业涨停,中国经济网
2020-09-03,庄一强：疫情冲击 民营医院只能死掉一片,新浪
2020-09-03,51只港股获南向资金大比例持有,证券时报网
2020-09-03,智通港股通持股解析|9月3日,智通财经
2020-09-02,交银国际：关注门诊慢病用药相关药企 推荐买入绿叶制药,新浪
2020-09-02,港股盘前必读：吉利汽车科创板IPO申请已获上交所受理拟融资200亿元,Wind
2020-09-02,智通港股通占比异动统计|9月2日,智通财经
2020-09-02,智通港股通持股解析|9月2日,智通财经
2020-09-01,10股特大单净流入资金超2亿元,证券时报网
2020-09-01,9月1日主力资金净流出320亿元,证券时报网
2020-09-01,军工行业资金大幅流入近18亿欧菲光一字跌停却有超5亿资金抄底,金融界
2020-09-01,【国泰君安国际】晨报：把握周期，拥抱消费 2020年9月1日周二,国泰君安证券香港
2020-09-01,药企半年报：圣湘生物领跑抗疫股 康美药业等问题企业业绩下滑 盈利能力下降,澎湃新闻
2020-09-01,两融余额接近15000亿紫金矿业被融资客集中关注,金融界
2020-09-01,港股公告精选：中信有限中期归母净利同比减约22.1%至181.46亿元,Wind
2020-09-01,智通港股通占比异动统计|9月1日,智通财经
2020-09-01,AH股溢价指数上行 港股迎抄底好时机？,中国经济时报
2020-09-01,南向资金高比例持有港股名单,证券时报网
2020-09-01,智通港股通持股解析|9月1日,智通财经
2020-09-01,上市公司创新药8月报告：第一梯队在研品种近百个，抗肿瘤药占半壁江山,Wind
2020-08-31,创投日报 |「鸭嘴兽」获3000万美元Pre-B轮融资，「陆道培医疗」完成超亿元 B+轮融资；以及今天值得关注的早期项目,36氪
2020-08-31,8月A股牛熊榜：西域旅游转战创业板大涨267%，新股两极分化,时代周报
2020-08-31,北向资金本月现净卖出，终结连续4个月净买入格局，50股上榜成交活跃股名单,证券时报
2020-08-31,陆股通月买入前二十概念股近三日最受主力资金青睐,证券时报网
2020-08-31,【超级大单】这个概念大爆发，一天7股创新高，5亿资金追捧龙头,证券时报网
2020-08-31,融资客动向揭秘，大手笔加仓光伏概念龙头,证券时报网
2020-08-31,16股特大单净流入资金超2亿元,证券时报网
2020-08-31,420亿主力资金近三日撤出全A(非陆股通重仓前100)概念股,证券时报网
2020-08-31,「医药速读社」诺华Entresto喜忧参半 阿斯利康达格列净获突破,新浪
2020-08-31,上市公司创新药8月报告：第一梯队在研品种近百个 主攻肿瘤药,证券时报网
2020-08-31,华盖资本许小林：医疗健康是慢生意，巨大泡沫是短期现象 丨2020中国投资人未来峰会,36氪
2020-08-31,复星医药1.82亿美元引进CXCR4拮抗剂 治疗HER2阴性转移性乳腺癌,药明康德
2020-08-31,复星医药子公司获一家瑞士公司肿瘤拮抗剂授权,资本邦
2020-08-31,比芯片牛 多股走势力压茅台！此医药概念牛股成群,证券时报
2020-08-31,比芯片还牛，多股走势力压茅台！这个医药概念牛股成群，最牛34天涨13倍，业绩持续高增长股仅14只,证券时报网
2020-08-31,复星医药荣登2019年度中国医药工业百强企业榜Top 10,中金在线
2020-08-31,复星医药(02196)旗下公司获授权使用及改进独家临床开发及商业化抗肿瘤药CXCR4拮抗剂Balixafortide,智通财经
2020-08-31,复星医药控股子公司签署许可协议,和讯
2020-08-31,A股融资融券日报：两融余额增加31.43亿元（8月28日）,Wind
2020-08-31,智通港股通持股解析|8月31日,智通财经
2020-08-31,48家生物疫苗公司年投120亿研发 市值超2万亿15家公司股价年内翻倍,长江商报
2020-08-31,2019年度国内主要金融集团发展研究,中国金融新闻网
2020-08-30,下周！年内最高点，会被拿下？（附下周机会）,搜狐
2020-08-30,【浙商医药|周报】板块回调，关注估值切换带来低估值板块投资机遇,杏林建研
2020-08-30,时隔18年！首个国产曲妥珠单抗上市1年治疗费用较原研降50%，但这些因素导致治疗不足,科创板日报
2020-08-30,获批10天即开出首张处方，首个国产曲妥珠单抗上市，复宏汉霖要打造“一体化生态”,E药经理人
2020-08-30,复星国际联席CEO：负债率控制在50%-60% 储备现金1159亿元,新浪
2020-08-30,复星国际上半年储备现金1159亿元 郭广昌称“投资＋产业运营”两条腿走路,证券日报
2020-08-30,2019年度中国医药工业百强榜重磅发布，恒瑞首进前十，扬子江、广州医药、国药集团位列前三（附名单）,汇聚南药
2020-08-30,2019年中国医药工业百强榜发布：65家中资上市公司上榜,澎湃新闻
2020-08-30,一周药闻丨罗氏、绿叶等产品获批临床；百济神州获贝伐珠单抗开发权,亿欧网
2020-08-30,重磅！工信部中国医药工业百强榜发布（附榜单）,赛柏蓝
2020-08-30,A股重回3400点，聪明钱重仓这些股！交易盘主导7月以来史诗级大进大出,21财闻汇
2020-08-30,8月，17家药企高管人士变动！ 董监高成员变化,医药云端工作室
2020-08-30,北上资金八成重仓消费、金融和科技 交易盘主导7月以来史诗级大进大出,21世纪经济报道
2020-08-30,蛋壳周报20200830：圣湘生物登录科创板；申淇医疗完成数亿元人民币C轮融资,动脉网
2020-08-30,估值蚂蚁集团：谁的资本盛宴？,Wind
2020-08-29,领跑新冠疫苗赛道，复星站在创新聚变前夜,云掌财经
2020-08-29,大爱无疆！复星集团、金徽企业捐款500万元支持陇南暴洪灾后恢复重建,糖酒快讯
2020-08-29,沪深港通资金医药股流向数据库,新浪
2020-08-29,主力“狂饮买醉”追龙头 一类关键个股被弃拖累大盘,每日经济新闻
2020-08-29,估值蚂蚁：谁的资本盛宴？,经济观察网
2020-08-29,北向资金动向盘点：白酒涨势虽好，加仓最大却是银行,Wind
2020-08-28,晚间要闻2020年8月28日星期五,Wind
2020-08-28,复星国际核心业务逐步恢复 回应评级被下调：机构不理解公司基础运营的健康程度 投资评级恶化,每日经济新闻
2020-08-28,北向资金今日净流入创近一个月最高，京东方A被扫货近10亿,澎湃新闻
2020-08-28,2018年度“百强榜”回顾：新旧动能接续转换 行业格局重构升级,中国医药报
2020-08-28,郭广昌谈复星2020上半年：全球化弥足珍贵，用投资来补强产业,21世纪经济报道
2020-08-28,复星国际董事长郭广昌：已完成全球布局、产业布局，重心转为产业运营,每日经济新闻
2020-08-28,康希诺称与加拿大项目尚未完全终结,第一财经
2020-08-28,复星集团、金徽酒向陇南灾区捐款500万元 助力灾区恢复重建工作,中证网
2020-08-28,数据复盘| 42亿资金潜入医药生物行业 京东方A获主力大幅加仓,证券时报网
2020-08-28,CDK4/6：First-in-Class年销50亿美元，恒瑞、贝达、君实争相布局,新浪医药
2020-08-28,56亿主力资金近三日杀入大消费概念股,证券时报网
2020-08-28,巨丰投资首席投资顾问：沪指放量突破20日线 有利于8月完美收官,新华网
2020-08-28,北向资金今日净买入64.43亿元，京东方A净买入近10亿元居首,Wind
2020-08-28,复星国际董事长：疫情是否阻碍全球化拓展,第一财经
2020-08-28,76股主力资金净流入超亿元,证券时报网
2020-08-28,郭广昌谈全球化：复兴每一块我们都没丢掉 只会更强,网易
2020-08-28,复星董事长郭广昌：已完成全球布局，扩张中一定要有血的教训,澎湃新闻
2020-08-28,8月28日午盘两市板块龙虎榜排名(名单),金融界
2020-08-28,8月28日午盘两市净流入前20股(名单),金融界
2020-08-28,8月28日早盘两市板块龙虎榜排名(名单),金融界
2020-08-28,巨丰数据赢｜北上资金流出趋缓 一消费股或资金青睐,巨丰财经
2020-08-28,8月28日早盘两市净流入前20股(名单),金融界
2020-08-28,复星陈启宇：新冠疫苗研发已经进入三期临床试验,新浪
2020-08-28,微创医疗下跌2% 中期盈转亏6556万美元 亏损,新浪
2020-08-28,雅各臣科研飙近15% 伙复星医药在港澳供应在研疫苗,新浪
2020-08-28,宁德时代等54股获北向资金增持额超5000万元,证券时报网
2020-08-28,复星医药、BioNTech将为港澳地区供应1000万剂mRNA新冠疫苗,新浪
2020-08-28,港股开盘(8.28)︱恒指涨0.2% 雅各臣科研制药(02633)高开17.05% 与复星医药订立疫苗供销意向书,智通财经
2020-08-28,港股异动丨雅各臣科研制药(02633.HK)高开超17% 与复星医药就在港澳分销2019冠状病毒病疫苗签订意向书,格隆汇
2020-08-28,港股异动 | 雅各臣科研制药(02633)高开17.05% 与复星医药(02196)订立疫苗供销意向书,智通财经
2020-08-28,A股融资融券日报：两融余额增加32.37亿元（8月27日）,Wind
2020-08-28,北向资金动向盘点：“换子”电动汽车,Wind
2020-08-28,4只行业龙头半年报净利润增幅超10倍,证券时报网
2020-08-28,什么信号？A股成交额创近两月新低,中国基金报
2020-08-28,突发，最强“牛股”停牌核查！,中国基金报
2020-08-28,最强“牛股”停牌核查！千亿芯片股猛回调，业绩大增的龙头名单曝光,搜狐
2020-08-28,大基金加仓千亿芯片股！业绩大增的龙头名单曝光,证券时报
2020-08-28,上市公司正负面新闻2020年8月28日星期五,Wind
2020-08-27,浙商早知道 | 8月28日,浙商证券研究所
2020-08-27,主力资金连续8天净流出，A股成交额创出近两个月新低,澎湃新闻
2020-08-27,将向港澳地区供应1000万剂mRNA新冠疫苗 复星医药和BioNTech宣布合作意向,经济观察网
2020-08-27,复星医药签订向港澳供应1000万剂新冠疫苗意向书,澎湃新闻
2020-08-27,复星医药(02196)和BioNTech(BNTX.US)宣布向港澳地区供应1000万剂mRNA新冠疫苗的合作意向,智通财经
2020-08-27,复星国际上半年总收入达633亿元 核心业务逐步恢复,证券日报
2020-08-27,陆股通净卖出10.05亿元（附名单）,证券时报网
2020-08-27,雅各臣科研制药(02633)与复星医药(02196)全资附属订立疫苗供销意向书,智通财经
2020-08-27,雅各臣科研制药(02633.HK)与复星医药签署在香港及澳门分销2019冠状病毒病疫苗意向书,格隆汇
2020-08-27,复星医药签订mRNA新冠疫苗供应及分销合作意向书,格隆汇
2020-08-27,复星医药(600196.SH)：子公司与雅各臣就mRNA新冠疫苗于香港、澳门的供应及分销合作达成意向,格隆汇
2020-08-27,复星医药：复星实业与雅各臣就mRNA新冠疫苗供应及分销合作达成意向,Wind
2020-08-27,复星医药：子公司复星实业与雅各臣科研制药有限公司签订意向书，双方就mRNA新冠疫苗于合作区域的供应及分销合作达成意向，拟由复星实业向雅各臣供应、并由雅各臣在合作区域经销1000万剂mRNA新冠疫苗,金十数据
2020-08-27,数据复盘| 42股主力资金净流入超亿元 北向资金净买入宁德时代逾11亿元,证券时报网
2020-08-27,北水涌入小米、腾讯，加仓美团；南水逆市买宁德时代、抛售白酒,富途证券
2020-08-27,刚刚下班、即将下班或是又要加班的你需要知道这些大事,第一财经
2020-08-27,北向资金今日净卖出10.05亿元，白酒股遭抛售,Wind
2020-08-27,瑞信：升复星医药(2196.HK)评级至“中性”目标价上调至33.18港元,格隆汇
2020-08-27,恒指半日跌0.63%大市成交额868.22亿港元,中新经纬
2020-08-27,专访SCG生物医药中国区首席运营官Christy Ma：国内生物医药行业起飞，我选择了在最好的时候回来,每日经济新闻
2020-08-27,初战告捷！陌远科技成功突破重围进军创新创业大赛国家队！,凤凰网
2020-08-27,巨丰数据赢｜北上资金再次波动 该券商股被主力逢低关注,巨丰财经
2020-08-27,杠杆资金大手笔加仓22股,证券时报网
2020-08-27,复星医药：控股子公司上海复星医药产业发展有限公司获《药品生产许可证》,资本邦
2020-08-27,恒指低开0.09%报25469.77点环保股走低,中新经纬
2020-08-27,券商首次关注11股并给予买入评级（8月27日）,Wind
2020-08-27,A股融资融券日报：两融余额减少69.23亿元（8月26日）,Wind
2020-08-27,盘前情报丨阿里砸百亿，5G巨无霸来了，这11大板块要火？,21世纪经济报道
2020-08-27,盘前情报丨千亿广电巨无霸或诞生！阿里砸100亿入股，11家上市公司出资，这11大板块要火？,21世纪经济报道
2020-08-27,社保基金二季度重仓股揭秘：新进67股增持97股,证券时报网
2020-08-27,智通港股通持股解析|8月27日,智通财经
2020-08-27,【中证盘前】农业农村部：国内粮价缺乏大幅上涨的条件；《八佰》票房超11.55亿；阿里入股中国广电，多家上市公司参股,中证报
2020-08-27,北向资金动向盘点：小幅加仓非银、公用事业，减仓电子、医药,Wind
2020-08-27,格隆汇港股聚焦(8.26)︱小米集团上半年营收1032亿，经调整净利润57亿元,格隆汇
2020-08-26,【浙商医药|中报】复星医药：业绩拐点逐步确认，创新增量提速带动产品结构调整,杏林建研
2020-08-26,复星医药CEO谈全球首例新冠二次感染：更说明疫苗的必需性,澎湃新闻
2020-08-26,复星医药(600196.SH)子公司获美洛昔康片《药品生产许可证》,格隆汇
2020-08-26,复星医药总裁吴以芳：国内有望与国外同步，于10月寻求新冠mRNA疫苗上市申请,21世纪经济报道
2020-08-26,复星医药总裁吴以芳：寻求新冠mRNA疫苗与国外同步于10月申请国内上市,21世纪经济报道
2020-08-26,中报业绩披露临近尾声 震荡市中关注行业景气度高的板块,大众证券报
2020-08-26,复星医药总裁吴以芳：期待新冠疫苗在十月完成临床,Wind
2020-08-26,复星医药总裁吴以芳：期待新冠疫苗在十月完成临床,每日经济新闻
2020-08-26,A股大幅回调，创业板跌逾2%！但这个板块火了，3只个股20%涨停，资金大幅涌入,证券时报网
2020-08-26,北上资金活跃股名单(8月26日),证券时报网
2020-08-26,3只股获北向资金连续净卖出,证券时报网
2020-08-26,国内医药产业大洗牌加速！,汇聚南药
2020-08-26,大批药企发布半年报，这两类企业业绩大涨,汇聚南药
2020-08-26,智通港股解盘(08.26) | 巨无霸来袭恒指维持震荡 市场继续聚焦防御,智通财经
2020-08-26,数据复盘| 153亿资金撤离电子行业 君正集团获主力大幅加仓,证券时报网
2020-08-26,复星医药CEO：对于集采中的恶性降价，未来建议有控制手段,澎湃新闻
2020-08-26,复星医药(02196.HK)：美洛昔康片获生产许可,格隆汇
2020-08-26,复星医药(02196)：复星医药产业获《药品生产许可证》,智通财经
2020-08-26,股价暴涨8倍，利润增长115.51%，背后却是危机四伏,药智网
2020-08-26,疫情影响下的复星医药，营收不靠抗疫靠什么,第一财经
2020-08-26,北上资金净卖出11.77亿元复星医药遭净卖出6.15亿元,格隆汇
2020-08-26,北向资金净流出11.77亿元 复星医药净流出6.15亿元,新浪
2020-08-26,北向资金终结连续三日净流入，爱尔眼科获净买入5.75亿元居首,Wind
2020-08-26,王者解盘：18罗汉调整，资金回流超跌股？,金融界
2020-08-26,复星医药中报点评：疫情影响下，医疗生态彰显平衡风险能力！【东吴医药朱国广团队】,国广有话说
2020-08-26,大健康黄金十年新起点 创新药将成行业竞争主战场,每日经济新闻
2020-08-26,复星医药：获准生产美洛昔康片,Wind
2020-08-26,智通AH统计|8月26日,智通财经
2020-08-26,药企接连发布半年报，这两大领域表现亮眼,制药网
2020-08-26,【A股收盘综述】创业板综指低收2.18%，沪指跌超1%受累半导体等回调,Wind
2020-08-26,四环医药跌近10% 报0.95港元,新浪
2020-08-26,哪些医药指数基金，创新药和疫苗占比更高？,养基司令
2020-08-26,A股午盘综述：创业板综指午盘跌1.64%，12只创业板股逆市涨超10%,Wind
2020-08-26,康龙化成升逾5%破顶 报93港元,新浪
2020-08-26,快讯：截至10：30医药制造行业涨0.60% 获超5.11亿元大单资金净买入,证券日报
2020-08-26,复星医药上半年营收140亿微降1%，疫苗板块降温股价下跌超33% 盈利能力下降,搜狐
2020-08-26,复星医药(600196)：业绩超出预期 研发进入收获期,新浪
2020-08-26,石药集团升近5% 报16.64港元,新浪
2020-08-26,石四药升逾10% 报4.6港元,新浪
2020-08-26,"【国金晨讯】建发国际:优秀国资房企,有望冲击千亿规模；从“黑悟空到原神”,手游美术工艺看中国；上调中国巨石盈利预测",国金证券研究所
2020-08-26,华创事件驱动早报8-26：世界半导体大会召开在即；玻纤巨头上调产品售价,华创证券研究
2020-08-26,巨丰数据赢｜北上资金持续回流 一龙头在低位被主力“锁定”,巨丰财经
2020-08-26,石药集团升逾3% 报16.38港元,新浪
2020-08-26,A股异动丨复星医药A+H齐涨 半年度实现净利17.15亿元 同比增长13.10%,格隆汇
2020-08-26,蚂蚁金服板块涨1%，新开普涨超8%、润和软件涨6%、复星医药涨超3%,Wind
2020-08-26,A股融资融券日报：两融余额减少7.68亿元（8月25日）,Wind
2020-08-26,社保基金二季度重仓股揭秘：新进52股增持88股,证券时报网
2020-08-26,智通港股通占比异动统计|8月26日,智通财经
2020-08-26,智通港股通持股解析|8月26日,智通财经
2020-08-26,公告版位提示,中证报
2020-08-26,上市公司正负面新闻2020年8月26日星期三,Wind
2020-08-25,A股头条之上市公司（8.26）,金融界
2020-08-25,复星医药(02196-HK)半年多赚13%,财华社
2020-08-25,【兴证张忆东团队】海外机构：关注充满增长机会的中国市场——A股美股行业动态跟踪,张忆东策略世界
2020-08-25,复星医药(02196)及复星国际(00656)拟为FMH合共不超过7700万美元贷款提供担保 大额借贷担保,智通财经
2020-08-25,复星医药(02196)中期归母净利增长13.1%至17.15亿元,智通财经
2020-08-25,复星医药(02196.HK)半年度实现净利17.15亿元同比增长13.10%,格隆汇
2020-08-25,复星医药上半年净利17.15亿，抗肿瘤产品增长近60%,澎湃新闻
2020-08-25,四个大品种，销售团队将变动,赛柏蓝
2020-08-25,主力资金重点出击9股(名单),中财网
2020-08-25,37股主力资金净流入超亿元,证券时报网
2020-08-25,707亿主力资金近三日撤出全A(非陆股通重仓前100)概念股,证券时报网
2020-08-25,复星医药：上半年净利润同比增长13.1%,Wind
2020-08-25,复星医药(600196.SH)半年度净利润升13.1%至17.15亿元,格隆汇
2020-08-25,复星医药：上半年净利同比增长13.10%,e公司
2020-08-25,智通AH统计|8月25日,智通财经
2020-08-25,中生制药跌逾5% 报8.92港元,新浪
2020-08-25,巨丰数据赢｜北上资金小幅回流 该商业龙头近期被资金明显增持,巨丰财经
2020-08-25,复星医药公布2020年中期业绩,美通社
2020-08-25,中生制药跌逾3% 报9.1港元,新浪
2020-08-25,智通港股通占比异动统计|8月25日,智通财经
2020-08-25,智通港股通持股解析|8月25日,智通财经
2020-08-25,北向资金动向盘点：加仓行业龙头；“消费”摇摆不定,Wind
2020-08-25,恒指收跌0.83%报25281.15点 中国联通领跌蓝筹,中新经纬
2020-08-25,复星系豫园股份入主金徽酒，预收下降近3成销售不容乐观 | 中报季 盈利能力下降,新浪
2020-08-24,第三批国采结果正式出炉！看透集采市场，公立医院市场格局生变,E药经理人
2020-08-24,复宏汉霖(02696.HK)中期总收入同比增5.5倍 研发开支达7.57亿元,格隆汇
2020-08-24,复宏汉霖-B(02696)中期毛利同比增长812.3%至约5200万元,智通财经
2020-08-24,复星医药今日大宗交易成交4.75万股，成交价54.31元溢价0.0%,Wind
2020-08-24,【天风医药】行业点评：第三批国采产生拟中选，长期关注创新赛道,思医辨药
2020-08-24,智通AH统计|8月24日,智通财经
2020-08-24,2020年获得美国FDA孤儿药资格的中国新药！5款为PD-1/L1抑制剂,药明康德
2020-08-24,医药生物指数大幅跑赢市场多重因素驱动行业格局和企业估值重塑,金融界
2020-08-24,医药生物第三批带量采购点评：集采常态化 本轮降幅略超预期,新浪
2020-08-24,2020年药企重组改造、裁员潮不断将持续涌现 业务变化,制药网
2020-08-24,业绩来了！新冠疫苗第一股却盘中大跌13% 盈利能力下降,中国基金报
2020-08-24,兴业证券：药品集采影响正逐渐脱敏 长期关注核心资产和创新类标的,证券时报网
2020-08-24,A股融资融券日报：两融余额减少10.67亿元（8月21日）,Wind
2020-08-24,智通港股通持股解析|8月24日,智通财经
2020-08-24,新冠疫苗紧急使用范围或扩大、概念股有望受关注,金融界
2020-08-23,微评丨医疗影响力排行榜：带量采购、2020医保目录调整方案、强生,亿欧网
2020-08-23,A股周一见 | 创业板注册制将开启，市场会怎么走？,第一财经
2020-08-23,一周药闻|中国首个新冠疫苗专利获批，4款药物获批上市,亿欧网
2020-08-23,价格低至1.5分 194家药企角逐的第三批国采还有哪些看点？,动脉网
2020-08-23,[公司]迈开“两条腿”走路 迦南科技2020年半年度营收净利双增长,全景网
2020-08-23,价格低至1.5分，最高降幅达95%，194家药企角逐的第三批国采还有哪些看点？,动脉网
2020-08-23,德适生物：开发全自动染色体智能分析工作站，5分钟完成患者核型诊断报告【复星·星未来创业营】,动脉网
2020-08-22,第三轮集中采购，本土药企成最大赢家,Wind
2020-08-21,变盘关键节点！主力资金力挺这类股,中国基金报
2020-08-21,变盘关键节点！主力资金力挺食品饮料，批量牛股创纪录！1800亿科技龙头透露重磅信息,证券时报网
2020-08-21,第三轮集中采购本土药企成最大赢家 中标医药股走势分化明显,证券日报
2020-08-21,第三次药品集采谁是大赢家？石药拟中选品种多，复星新药入围,澎湃新闻
2020-08-21,【好药记】第三批国采中标8药，一致性评价再添2员，石药欧意领衔起跑；正大天晴、复星、华邦.,药智网
2020-08-21,9股特大单净流入资金超2亿元,证券时报网
2020-08-21,暴涨161.47%！疫情或催生疫苗板块成最大赢家,广发证券
2020-08-21,8月21日主力资金净流出201亿元,证券时报网
2020-08-21,第三批药品集采大杀价：最高猛降95%破记录，多家外资药企高报价被指“战略性放弃”,华夏时报
2020-08-21,智通AH统计|8月21日,智通财经
2020-08-21,主力资金重点出击13股(名单),中财网
2020-08-21,全球新冠疫苗研发“加速跑”，谁能最先成功？,凤凰网
2020-08-21,四环医药升逾19% 创1个月新高,新浪
2020-08-21,药企一季度业绩分化：多家下降、部分逆势增长，四大维度指标表现各一,和讯
2020-08-21,复锐医疗科技(01696)中报出炉：夯实全球化战略拓新品 卫生事件中展现经营弹性,智通财经
2020-08-21,A股融资融券日报：两融余额减少19.27亿元（8月20日）,Wind
2020-08-21,A股早报2020年8月21日星期五,Wind
2020-08-21,智通港股通持股解析|8月21日,智通财经
2020-08-21,盘前有料｜特斯拉股价突破2000美元，纳指续创收盘新高…重要消息有这些,证券时报网
2020-08-21,【中证盘前】民间借贷利率司法保护上限大幅下降；透景生命获QFII举牌；今日5只新股申购；纳指再创新高，特斯拉首次站上2000美元,中证报
2020-08-21,A股头条：中美双方已商定将于近日举行通话，北向资金周四净流出28.32亿元,金融界
2020-08-20,格隆汇港股聚焦(8.20)︱阿里2021财年Q1营收1537.5亿元；美团点评明日发布中期业绩,格隆汇
2020-08-20,【浙商医药|周报】集采加速下，探讨仿制药板块的投资主线,杏林建研
2020-08-20,【浙商医药|周报】从中报看医药：业绩回暖，器械+CXO增速领跑行业,杏林建研
2020-08-20,A股头条之上市公司（8.21）,金融界
2020-08-20,周五最新重磅公司新闻集锦(08月21日),证券之星
2020-08-20,疫苗股还香吗，抄底时机对不对？,格隆汇
2020-08-20,复星医药(02196)控股子公司若干药品拟中选全国药品集中采购,智通财经
2020-08-20,第三批药品集采现场：多家外企报出无效“高价” 二甲双胍报出1.5分地板价,经济观察网
2020-08-20,第三批国家药品集采集锦：华海、海正等获大满贯恒瑞、豪森等略有失意,科创板日报
2020-08-20,公告精选：多家公司中标第三批国家药品集中采购；透景生命获境外机构投资者举牌,e公司
2020-08-20,复星医药(600196.SH)子公司药品拟中选全国药品集中采购,格隆汇
2020-08-20,复星医药：5个药品拟中选第三批全国药品集中采购,Wind
2020-08-20,第三批国采报价流出，跨国药企大撤离，齐鲁华海信立泰血战到底,健识局
2020-08-20,21股特大单净流入资金超1亿元,证券时报网
2020-08-20,复星医药(02196.HK)拟为子公司复星实业不超10亿元贷款提供担保 大额借贷担保,格隆汇
2020-08-20,1626亿主力资金近三日撤出全A(等权)概念股,证券时报网
2020-08-20,智通AH统计|8月20日,智通财经
2020-08-20,第三批带量采购GSK/复星医药乙肝药物报价超竞对75倍,格隆汇
2020-08-20,午间资金流：君正集团资金大幅流出军工股热情消退,金融界
2020-08-20,利好初步兑现疫苗股股价下跌 专家建议关注研发第一梯队动向,证券日报
2020-08-20,第三批带量采购报价拉米夫定原研葛兰素史克／复星医药未降价,格隆汇
2020-08-20,疫苗股复苏，长春高新、康华生物、康泰生物、复星医药、万泰生物均走升,Wind
2020-08-20,A股融资融券日报：两融余额减少2.78亿元（8月19日）,Wind
2020-08-20,智通港股通持股解析|8月20日,智通财经
2020-08-20,北向资金动向盘点：增持公用事业、房地产，再度重手减持食品饮料,Wind
2020-08-20,灾后修复的拐点行业迎来机会,国盛证券
2020-08-20,年内新高前A股摔了一跤滞涨电力股强势拉升,证券时报
2020-08-19,荆州富豪张美华遭小股东逼宫：旗下同济堂六位董事被提议罢免 董监高成员变化,和讯
2020-08-19,A股遭90分钟空袭！外资急卖61亿，美高校将剥离中概股？,券商中国
2020-08-19,药明系第三家上市公司：药明巨诺能否重演药明康德传奇？,资本邦
2020-08-19,解密主力资金出逃股连续5日净流出314股,证券时报网
2020-08-19,北上资金活跃股名单(8月19日),证券时报网
2020-08-19,数据复盘| 180亿主力资金撤离电子行业 北向资金连续2日净流出,证券时报网
2020-08-19,兴业银行今日被北向资金净卖出3.37亿,e公司
2020-08-19,北向资金净流出超60亿，兴业银行再遭净卖出3.37亿元居首,Wind
2020-08-19,743亿主力资金近三日撤出全A(等权)概念股,证券时报网
2020-08-19,34股主力资金净流入超亿元,证券时报网
2020-08-19,本月即将开标 关注大品种竞争格局重构,东莞证券研究
2020-08-19,2020上海民企百强榜发布 复星集团蝉联第二名,中证网
2020-08-19,A股集体下挫，创指跌超3%！两市逾3000股飘绿 连续下跌,中新经纬
2020-08-19,突发大跌，千亿股罕见跌停，接下来买什么？,证券之星
2020-08-19,A股收盘解读：上证指数低收1.24%，创业板指跌超3%受累疫苗股调整,Wind
2020-08-19,【异动股】肝素概念板块下挫，景峰医药(000908-CN)跌6.71%,财华社
2020-08-19,8月19日午盘两市机构大单抛盘40股(名单),金融界
2020-08-19,复星医药大跌5.01%，成交24.13亿元,中新经纬
2020-08-19,A股午盘综述：上证指数午盘下滑0.3%，疫苗板块跌6%,Wind
2020-08-19,【异动股】肝素概念板块下挫，复星医药(600196-CN)跌6.85%,财华社
2020-08-19,新冠灭活疫苗或将在出国人员中开始接种,证券时报网
2020-08-19,疫苗板块走弱 沃森生物跌逾5%,e公司
2020-08-19,疫苗板块整体下挫近2%，智飞生物、复星医药、康泰生物跌幅居前,Wind
2020-08-19,交银国际：生物科技板块股价调整后估值吸引 买入康方生物,新浪
2020-08-19,A股融资融券日报：两融余额增加73.58亿元（8月18日）,Wind
2020-08-19,智通港股通持股解析|8月19日,智通财经
2020-08-19,【四大证券报精华摘要】8月19日,新华网
2020-08-19,两融余额1.47万亿元创5年新高 北上资金和融资客同抢13只股票,证券日报
2020-08-19,药品集采“A股效应”边际递减：三年三轮砸实医药板块“黄金坑”？,证券日报
2020-08-18,81亿资金撤离非银金融行业 61股获主力资金净流入超亿元,证券时报网
2020-08-18,数据复盘| 81亿资金撤离非银金融行业 省广集团等57股获主力资金净流入超亿元,证券时报网
2020-08-18,国家队概念股近三日受182亿主力资金追捧,证券时报网
2020-08-18,2020上海百强企业众榜单发布经营规模稳步扩大经济效益持续提高,经济日报
2020-08-18,恒指收涨0.08%医疗及医学美容服务板块领涨,中新经纬
2020-08-18,复星900万喜提首家过评！精神兴奋药过评产品达19个,东方药网
2020-08-18,新股前瞻丨药明系版图再扩大，年内亏近7亿元的药明巨诺申请港交所上市,智通财经
2020-08-18,59股主力资金净流入超亿元,证券时报网
2020-08-18,拿什么拯救你，失效的抗生素,商界
2020-08-18,智通AH统计|8月18日,智通财经
2020-08-18,1017亿资金争夺20股：主力资金重点出击5股(名单),新浪
2020-08-18,2020上海企业百强榜出炉，你所在的企业上榜了吗（附榜单）,上观
2020-08-18,国产新冠疫苗预计年内上市：两针不到1千元，这些A股又疯涨,中国基金报
2020-08-18,8月18日午盘主力巨资抢筹四大板块(附股),金融界
2020-08-18,大利好！国产新冠疫苗预计年内上市，两针不到1000元，这些A股又疯涨,中国基金报
2020-08-18,石药集团升逾3% 报16.1港元,新浪
2020-08-18,三生制药抽高近7% 半年纯利增近1.2倍,新浪
2020-08-18,A股融资融券日报：两融余额增加183.96亿元（8月17日）,Wind
2020-08-18,智通港股通持股解析|8月18日,智通财经
2020-08-18,北向资金动向盘点：重手加仓金融，大幅减仓白酒、医药,Wind
2020-08-17,【浙商医药|点评】复星医药：创新增量业绩兑现加快，有望验证公司业绩拐点,杏林建研
2020-08-17,主力资金：3只科技股获主力尾盘抢筹 杀入资金超4亿元,金融界
2020-08-17,超级大单：苹果传来大消息 大资金追捧千亿市值科技巨头,金融界
2020-08-17,研发日报丨东阳光3款糖尿病复方制剂将获批 两款冲击首仿,新浪
2020-08-17,8月14日融资买入占成交额居前个股一览,中投网
2020-08-17,MSCI大盘概念股近三日最受主力资金青睐,证券时报网
2020-08-17,与未来10年大健康黄金时代同频共振 新沪商医疗大健康产业联盟将成立,每日经济新闻
2020-08-17,8月17日主力资金净流入345亿元,证券时报网
2020-08-17,64亿主力资金近三日撤出领涨龙头概念股,证券时报网
2020-08-17,融资融券每周策略,新浪
2020-08-17,智通AH统计|8月17日,智通财经
2020-08-17,中生制药升近3% 报9.43港元,新浪
2020-08-17,融资客青睐7股 买入占成交额比超三成,证券时报网
2020-08-17,8月17日早盘主力巨资抢筹四大板块(附股),金融界
2020-08-17,新冠肺炎检测板块震荡走低，硕世生物、东方生物、迪安诊断、复星医药普跌,Wind
2020-08-17,复星系与金徽酒签约后首互动：加速东进或迎新阶段,中华网
2020-08-17,CAR-T赛道竞争火热，国内药企研发正呈三大趋势,制药网
2020-08-17,再加码！柏思荟2020BDIC大会day1日程，你们pick谁？,药渡
2020-08-17,财融汇·日间资讯,财通证券融资融券部
2020-08-17,牛市早报｜创业板注册制24日开张，本周将有14只新股发行,澎湃新闻
2020-08-17,A股融资融券日报：两融余额减少67.88亿元（8月14日）,Wind
2020-08-17,智通港股通持股解析|8月17日,智通财经
2020-08-17,股海导航 8月17日沪深股市公告提示,新浪
2020-08-17,下周看多两大方向！,金融界
2020-08-17,【山证早班车】山西证券：晨会纪要（20200817）,山西证券研究所
2020-08-16,80个药9月起不报销；北京医保推信息库管理，擅自涨价出局,健识局
2020-08-16,16日晚公告精编丨厦门港务实控人将变更为省国资委，*ST毅达将于明日恢复交易,21世纪经济报道
2020-08-16,A股头条之上市公司（8.17）,金融界
2020-08-16,8月16日晚间上市公司十大重磅公告,巨丰财经
2020-08-16,8月17日上市公司重要公告集锦：上海机场7月旅客吞吐量同比下滑57%,证券日报
2020-08-16,公告精选：*ST毅达将于8月17日恢复交易；恒大预计上半年实现核心净利193亿,e公司
2020-08-16,晚间重要公告2020年8月16日星期日,Wind
2020-08-16,上市公司晚间公告速递,新浪
2020-08-16,私有化5年内床位数量翻3倍，和睦家是怎么做管理的？,医学界智库
2020-08-16,复星医药：控股子公司药品通过仿制药一致性评价,中证网
2020-08-16,复星医药：盐酸阿米替林片通过仿制药质量与疗效一致性评价,Wind
2020-08-16,医药行业每周医览药闻：如何看待逐步常态化的耗材集采,新浪
2020-08-15,医药行业罕见负增长，“躺着赚钱”时代一去不返，高管批量离职 董监高成员变化,健识局
2020-08-15,北上资金趋于谨慎，水泥股遭大面积抛售,Wind
2020-08-15,北上资金趋于谨慎水泥股遭大面积抛售,证券时报
2020-08-15,个股资金流向,财富动力网
2020-08-14,格隆汇港股聚焦(8.14)︱奥园上半年股东应占核心净利润24.5亿元 阿里下周三公布首季业绩,格隆汇
2020-08-14,中国疫苗领跑：全球7款新冠疫苗进入Ⅲ期临床试验，结果最快四季度揭晓,华夏时报
2020-08-14,人气股数量骤降78% 两大板块成主力首选避风港,证券时报网
2020-08-14,晚间重要公告2020年8月14日星期五,Wind
2020-08-14,北上资金交投活跃度持续下降：本周大买这些白马股 狂抛水泥股,新浪
2020-08-14,读懂本周市场的关键：两大关键信号及两大后市逻辑,Wind
2020-08-14,复星医药(02196)：复宏汉霖（02696）用于治疗乳腺癌及胃癌新药获上市注册批准,智通财经
2020-08-14,【广证恒生医药月报】 《基本医疗保险用药管理暂行办法》公布，陈薇团队全球首个新冠疫苗Ⅱ期临床试验数据发表,广证恒生新三板研究极客
2020-08-14,复星医药：控股子公司药品获注册批准,第一财经
2020-08-14,复星医药(600196.SH)控股子公司注射用曲妥珠单抗获注册批准,格隆汇
2020-08-14,本周食品和银行板块成主力资金避风港,第一财经
2020-08-14,数据复盘| 44亿主力资金潜入食品饮料行业 北向资金净买入立讯精密等股,证券时报网
2020-08-14,暴涨后A股疫苗板块突现回调 是熄火还是蓄势 他们有话说,科创板日报
2020-08-14,骤降78%，人气股数量仅剩28只！万亿巨头突发涨停，两大板块成首选避风港,证券时报
2020-08-14,外资大举加仓 资金动向传出积极信号,中投网
2020-08-14,新华500指数本周跌0.31% 流动性及经济复苏或对A股形成支撑,新华网
2020-08-14,54股主力资金净流入超亿元,证券时报网
2020-08-14,复星医药(02196)附属拟对卓瑞门诊增资1020万元,智通财经
2020-08-14,复星医药(600196.SH)：复星医疗与星双健、复星健控拟按持股比例对卓瑞门诊进行增资,格隆汇
2020-08-14,智通AH统计|8月14日,智通财经
2020-08-14,905亿资金争夺20股：主力资金重点出击10股(名单),新浪
2020-08-14,复星医药大跌5.18%，成交28.56亿元,中新经纬
2020-08-14,午间资金流：板块强弱切换持续加速科技股、白酒股资金吸引力再度增强,金融界
2020-08-14,刚刚，吃下定心丸！央妈一周释放4900亿，更预告续作“麻辣粉”！军工医药复活，外资大举加仓！10万大肉签突然暴跌，发生了什么？,中国基金报
2020-08-14,A股午盘综述：上证指数午盘震荡下滑0.16%，北向资金实际净买入30亿元,Wind
2020-08-14,疫苗板块再跌超2%，复星医药、万泰生物均跌5%左右,Wind
2020-08-14,生物疫苗板块走弱,格隆汇
2020-08-14,8月14日早盘主力巨资抢筹四大板块(附股),金融界
2020-08-14,医药股走弱 康希诺跌超9%,e公司
2020-08-14,A股融资融券日报：两融余额增加24.24亿元（8月13日）,Wind
2020-08-14,成交跌破万亿A股面临变盘？这56只便宜货还没涨,时代财经
2020-08-14,8月13日融资余额14005.96亿元，环比增加15.06亿元,每日经济新闻
2020-08-14,盘前情报0814丨万亿板块迎利好；主力资金、北向资金都在买它,21世纪经济报道
2020-08-14,操盘必读：影响股市利好与利空消息（8月14日）,--
2020-08-14,智通港股通持股解析|8月14日,智通财经
2020-08-14,MSCI指数调整9月1日正式生效套利机会来了吗,每日商报
2020-08-14,【中证盘前】爱奇艺遭美国证监会调查，盘后重挫近20%；第一创业否认与首创证券合并；苹果市值逼近2万亿美元,中证报
2020-08-14,【山证早班车】山西证券：晨会纪要（20200814）,山西证券研究所
2020-08-14,智通港股投资日志|8月14日,智通财经
2020-08-13,A股头条之上市公司（8.14）,金融界
2020-08-13,啥情况？A股成交量骤降20%，北上资金净卖出21亿，融资客趁农业股大涨疯狂套现,证券时报网
2020-08-13,复星医药：复宏汉霖贝伐珠单抗HLX04已完成III期临床研究 将于近期提交上市注册申请,e公司
2020-08-13,【主力资金】超10亿资金砸盘，盘中巨震11%，“中国神泥”熄火 股票卖空,搜狐
2020-08-13,风格大变，这些冷门股获机构首次关注，社保基金扎堆持股煤化工龙头,搜狐
2020-08-13,复星医药现1笔大宗交易 共成交300.25万元,新浪
2020-08-13,北水本周已净流入思摩尔超10亿，建仓中国建材；南水狂买京东方,富途证券
2020-08-13,北向资金净流出20.83亿净卖出复星医药5.68亿元,上游新闻
2020-08-13,【浙商医药|周报】关注医药板块回调带来的CXO行业投资机会,杏林建研
2020-08-13,研发日报丨信达IBI112启动 I 期临床 礼进1类新药在华报临床,新浪
2020-08-13,14股特大单净流入资金超2亿元,证券时报网
2020-08-13,数据复盘| 15亿主力资金买入京东方A 北向资金连续2日净流出,证券时报网
2020-08-13,北向资金0813丨这只医药股被外资抛弃？本周以来被净卖出超16亿,21世纪经济报道
2020-08-13,Wind快讯 每日医药行业动态（2020-8-13）,Wind
2020-08-13,最新出炉！8月13日沪深股通净流出20.83亿，京东方A获逆势净买入8.87亿元,每日经济新闻
2020-08-13,解密主力资金出逃股连续5日净流出680股,证券时报网
2020-08-13,北上资金今日净卖出20.82亿元京东方A获净买入8.87亿元,格隆汇
2020-08-13,北上资金净流出20.82亿 复星医药被净卖出5.68亿,e公司
2020-08-13,北向资金今日成交额创逾1个月新低，京东方A获净买入8.87亿元,Wind
2020-08-13,1298亿主力资金近三日撤出全A(非陆股通重仓前100)概念股,证券时报网
2020-08-13,42股主力资金净流入超亿元,证券时报网
2020-08-13,复星医药(02196.HK)8月25日举行董事会会议以批准中期业绩,格隆汇
2020-08-13,918亿资金争夺20股：主力资金重点出击5股(名单),新浪
2020-08-13,智通AH统计|8月13日,智通财经
2020-08-13,疫苗板块复苏，复星医药直线拉升涨逾3%,Wind
2020-08-13,开盘大涨124%，市值近千亿！疫苗“大热门”康希诺登陆科创板，H股股价今年已翻两倍,中证报
2020-08-13,2019年度中国医药工业百强榜，大批中药企业“刷屏”,制药网
2020-08-13,复星医药：控股子公司药品临床试验申请获受理,资本邦
2020-08-13,快讯：康希诺今日登陆科创板 机构看好研发实力较强疫苗相关公司,证券日报
2020-08-13,融资客看好9股买入占成交超三成,证券时报网
2020-08-13,东方财富等33股获北向资金增持额超亿元,证券时报网
2020-08-13,复宏汉霖:重组抗VEGF人源单抗注射液III期试验达预设主要终点,Ofweek
2020-08-13,又有36名高管离职，下半年药企“离职潮”依旧 董监高成员变化,制药网
2020-08-13,电报|近20家药企宣布分拆子公司上市诊断试剂、疫苗等领域居多,科创板日报
2020-08-13,港股公告精选|祖龙娱乐预期中期经调整净利润增逾1000%；腾讯Q2经调整净利润同比增长28%,富途证券
2020-08-13,A股融资融券日报：两融余额减少34.17亿元（8月12日）,Wind
2020-08-13,新冠抗体试剂紧急使用授权突被取消！安图生物业绩速降大股东“套现”前途凉凉 盈利能力下降,电鳗快报
2020-08-13,盘前情报0813丨MSCI最新季度指数调整出炉：京沪高铁中芯国际等入选,21世纪经济报道
2020-08-13,股海导航 8月13日沪深股市公告提示,新浪
2020-08-13,“三问”药企扎堆分拆上市：为何集中在今年，有什么好处，问询要点在哪,科创板日报
2020-08-13,智通港股通持股解析|8月13日,智通财经
2020-08-13,北向资金动向盘点：加仓化工、交运，持续减仓消费,Wind
2020-08-13,北向资金动向曝光：8月12日这30只个股被猛烈扫货（附名单）,每日经济新闻
2020-08-13,格隆汇港股通5日资金流入流出排行榜|8月12日,格隆汇
2020-08-13,A股探底回升北上资金尾盘又抄底,证券时报
2020-08-13,【金财富早知道】2020-08-13,赢家之星
2020-08-12,格隆汇港股聚焦(8.12)︱腾讯控股上半年营收2229亿，线上业务增长迅速；中国平安前7月保费收入5037亿元,格隆汇
2020-08-12,复星医药：HLX04新药三期临床疗效与原研药等效,中证网
2020-08-12,A股头条之上市公司（8.13）,金融界
2020-08-12,资金继续出逃疫苗股 智飞生物资金流出近10亿元,第一财经
2020-08-12,又是尾盘异动：北上资金连续临近收盘时大扫货 重点狙击这些个股,新浪
2020-08-12,复星医药(02196)：用于慢性免疫性血小板减少症适应症新药获临床试验申请受理,智通财经
2020-08-12,公告精选：腾讯控股二季度净利润同比增37%；华新水泥大幅上调回购股份金额,e公司
2020-08-12,复星医药(02196.HK)：马来酸阿伐曲泊帕片获国家药监局临床试验注册审评受理,格隆汇
2020-08-12,又有近40名医药上市公司高管辞职，下半年离职浪潮凶猛依旧 董监高成员变化,E药经理人
2020-08-12,复星医药(02196.HK)新药HLX04完成III期临床研究,格隆汇
2020-08-12,君正集团爆拉大长腿17%：最后5分钟闪崩跳水6% 发生了什么？ 连续下跌,新浪
2020-08-12,【主力资金】华为芯片曝出新进展，尾盘近4亿资金建仓概念股,证券时报网
2020-08-12,数据解盘|今日北向资金合计净流入5.65亿元 医药制造板块遭主力资金抛售 股票卖空,新浪
2020-08-12,复星医药：控股子公司药品完成III期临床研究,e公司
2020-08-12,复星医药(600196.SH)：用于转移性结直肠癌治疗的HLX04已完成III期临床研究且已达到预设的主要研究终点,格隆汇
2020-08-12,复星医药(600196.SH)：获许可的马来酸阿伐曲泊帕片临床试验申请获受理,格隆汇
2020-08-12,智飞生物自主疫苗产品300%增长，康华生物签发数量降低75.88%，康华生物狂犬病疫苗3年内难有“对手”,药智网
2020-08-12,北向资金0812丨业绩增长放缓，这只医药股本周以来被净卖出逾13亿 盈利能力下降,21世纪经济报道
2020-08-12,“超级打新周”延续！本周18只新股申购，医药生物新股“涨势”可期,资本邦
2020-08-12,数据复盘| 143亿资金撤离医药生物行业 北斗星通遭主力资金净卖出逾9亿元,证券时报网
2020-08-12,沪指金针探底，北向资金尾盘逆袭，低吸机会已出现？,第一财经
2020-08-12,北水涌入美团超5亿，加仓思摩尔、小米；南水减持恒瑞医药，加仓东方财富 减持股份,富途证券
2020-08-12,北上资金今日净流出16亿 恒瑞医药遭净卖出7亿,金融界
2020-08-12,29股主力资金净流入超亿元,证券时报网
2020-08-12,1410亿主力资金近三日撤出全A(非陆股通重仓前100)概念股,证券时报网
2020-08-12,北向资金净流出16.38亿元，外资回流疫苗龙头,Wind
2020-08-12,医药行业周报：医药板块短期波动 持续关注高成长赛道,渤海证券
2020-08-12,智通AH统计|8月12日,智通财经
2020-08-12,恒指收涨1.42% 水务板块领涨,中新经纬
2020-08-12,远大医药跌近13% 报7.14港元,新浪
2020-08-12,复星医药大跌7.1%，振幅8.37%,中新经纬
2020-08-12,恒指跌0.19%出版板块领跌,中新经纬
2020-08-12,爆发后又下挫，肝素概念板块会是昙花一现吗？,制药网
2020-08-12,【行情】疫苗板块持续杀跌，海利生物跌停，康泰生物跌9%，康华生物、复星医药、冠昊生物、西藏药业、华兰生物单边下行 连续下跌,金十数据
2020-08-12,恒生指数低开0.09%报24868点 黄金股受压中国黄金国际(02099)低开8.9%,凤凰网
2020-08-12,A股融资融券日报：两融余额减少63.28亿元（8月11日）,Wind
2020-08-12,【医药】医药板块短期波动，持续关注高成长赛道——医药行业周报——中性（联系人：甘英健、陈晨、张山峰）,渤海证券研究
2020-08-12,智通港股通占比异动统计|8月12日,智通财经
2020-08-12,智通港股通持股解析|8月12日,智通财经
2020-08-12,北向资金新动向：总金额接近2万亿,Wind
2020-08-12,尾盘跳水，北向资金逆市净买入39亿！外资持仓名单已出炉,Wind
2020-08-12,“MEK抑制剂”全球已上市4大替尼药物，国内恒瑞&天晴均有布局！,药渡
2020-08-12,尾盘跳水 北向资金却抢筹！外资这些持仓名单出炉,Wind
2020-08-12,智通港股通资金流向统计(T+2)|8月12日,智通财经
2020-08-12,A股暴雨将至！符合这三点就可大胆低吸,新浪
2020-08-12,北向资金动向曝光：8月11日这30只个股被猛烈扫货，增持海康威视6.91亿元，牧原股份、招商银行、复星医药等上榜（附名单）,每日经济新闻
2020-08-12,3400点得而复失 北上资金尾盘逆市抄底,证券时报
2020-08-11,主题驱动股票池：俄罗斯宣布全球首款疫苗，概念股一览！,新浪
2020-08-11,别再盲目买疫苗股了,格隆汇
2020-08-11,上亿资金追捧食品小白马，尾盘资金抛售股名单来了,搜狐
2020-08-11,北上资金净流入39亿 海康威视净买入7亿,金融界
2020-08-11,数据复盘| 106亿主力资金撤离非银金融行业 北向资金净买入海康威视等股,证券时报网
2020-08-11,北向资金净买入海康威视6.99亿,上游新闻
2020-08-11,资本进退下的白酒赛道有哪些新变化,中国商报
2020-08-11,1530亿主力资金近三日撤出全A(非陆股通重仓前100)概念股,证券时报网
2020-08-11,8月11日主力资金净流出653亿元,证券时报网
2020-08-11,7天5板！却与索拉非尼“首仿”失之交臂 亚宝药业连板是闹了乌龙？,科创板日报
2020-08-11,智通AH统计|8月11日,智通财经
2020-08-11,恒指涨2.4%餐饮板块领涨,中新经纬
2020-08-11,再一次破万亿意味着什么,新浪
2020-08-11,资金青睐金融股，热炒个股业绩兑现风险需警惕 | 市场观察,第一财经
2020-08-11,北向资金大幅加仓股名单,证券时报网
2020-08-11,A股融资融券日报：两融余额增加64.09亿元（8月10日）,Wind
2020-08-11,港股盘前必读：MSCI于8月12日宣布最新季度指数评审结果,Wind
2020-08-11,医药生物行业周观点：关注高景气行业赛道 精选优质个股,新浪
2020-08-11,智通港股通占比异动统计|8月11日,智通财经
2020-08-11,智通港股通持股解析|8月11日,智通财经
2020-08-11,新冠疫苗股业绩抢先看，近半数净利下滑，3倍牛股预亏近亿元！疫苗上市公司研发进度全曝光 预亏,证券时报网
2020-08-11,两市主力资金净流出220亿元 大资金出逃苹果概念龙头,金融界
2020-08-11,金融投资报：华为欲破无“芯”之痛 A股对重研发应给予更多包容,金融投资报
2020-08-11,【招商策略】融资资金成短期主力，行业类ETF净申购——金融市场流动性与监管动态周报(0810),招商策略研究
2020-08-10,尾盘主力资金净流出59亿元 资金逢高出逃中信证券,第一财经
2020-08-10,复星医药：复宏汉霖新冠病毒中和抗体及受体融合蛋白研发项目获立项支持,Wind
2020-08-10,【主力资金】苹果概念股突遭利空，大资金出逃概念龙头,证券时报网
2020-08-10,1741只个股今日尾盘资金净流入,证券时报网
2020-08-10,1390亿主力资金近三日撤出全A(非陆股通重仓前100)概念股,证券时报网
2020-08-10,8月10日主力资金净流出220亿元,证券时报网
2020-08-10,开启“造富”盛宴，分拆上市魔力何在？,Wind
2020-08-10,A股延续分化沪指涨0.75%逼近3400保险证券等金融股护盘大涨,财华社
2020-08-10,智通AH统计|8月10日,智通财经
2020-08-10,8月来成交量新低，盘中蓝筹受追捧,Wind
2020-08-10,中国百强县出炉：33个县GDP破千亿 前十江苏占一半,第一财经
2020-08-10,8月10日主力巨资抢筹四大板块(附股),金融界
2020-08-10,医药生物行业周报：中报窗口期继续看好业绩高增长板块 持续推荐有实力能兑现的疫苗公司,新浪
2020-08-10,关键指标异常，多只高位股下跌，37只热门股回调超20%,证券时报网
2020-08-10,复星医药大跌5.28%，近5日流出54.47亿元,中新经纬
2020-08-10,百万手买单封涨停！2500亿巨额重组引爆周期股,中国基金报
2020-08-10,恒指跌0.35%铜板块领跌,中新经纬
2020-08-10,8月10日午盘两市机构大单抛盘40股(名单),金融界
2020-08-10,8股获融资客买入占成交额比超三成,证券时报网
2020-08-10,8月10日早盘两市机构大单抛盘40股(名单),金融界
2020-08-10,财融汇·日间资讯,财通证券融资融券部
2020-08-10,时代医药周报 | 武汉出台重点监控目录，辅助用药限量降价大势所趋,时代在线
2020-08-10,疫苗股普跌 日本突现新冠病毒变异,格隆汇
2020-08-10,【异动股】肝素概念板块下挫，常山药业(300255-CN)跌8.64%,财华社
2020-08-10,A股融资融券日报：两融余额减少84.42亿元（8月7日）,Wind
2020-08-10,恒指低开0.63% 汽车板块领跌,中新经纬
2020-08-10,中生制药跌逾3% 创1个月新低,新浪
2020-08-10,疫苗概念股持续走弱，西藏药业、万泰生物跌幅明显,Wind
2020-08-10,视点 | 中邮智赢俱乐部视点,中邮证券
2020-08-10,2020年，22家医药企业市值突破千亿,制药网
2020-08-10,上周融资余额14036.23亿元，环比增加316.12亿元，君正集团、复星医药、北斗星通净买入额排前三,每日经济新闻
2020-08-10,MSCI将宣布八月季度指数评审结果 概念股分化三特征,证券日报
2020-08-10,复宏汉霖(02696-HK)新药开发及国际化为关键因素复星医药作后盾看好表现,财华社
2020-08-10,智通港股通占比异动统计|8月10日,智通财经
2020-08-10,智通港股通持股解析|8月10日,智通财经
2020-08-10,港股盘前必读：腾讯控股公告正在审阅美国行政命令的潜在后果,Wind
2020-08-10,融资盘连续净流入 题材炒作占据上风,财富动力网
2020-08-09,科创板第五十四周交易大复盘：新鲜事有趣事创纪录的事一应俱全,新浪
2020-08-09,光伏产业仍具投资价值,红周刊
2020-08-09,【平安生物】港股医药策略报告：优质标的集会，长期配置优选,--
2020-08-09,销售领域复刻“烧钱模式” 百济神州(06160)半年砸16亿开辟新药市场,智通财经
2020-08-09,粤开策略 | 大势研判：震荡上行，关注四大主线（附中报最新解读）,粤开崇利论市
2020-08-09,智飞生物：疫苗行业第一股总市值站上3000亿估值是否已经泡沫化?,新浪
2020-08-08,医药行业一周观察：板块估值维持高位 疫苗仍为最大主线,新浪
2020-08-08,揭秘本周“聪明钱”｜身处高位的医药生物股顶不住了；不过这只周内连续5涨停的军工大牛为何也被抛弃？,每日经济新闻
2020-08-08,A股成交额连续8日破万亿北上资金大进大出,证券时报
2020-08-07,【浙商医药|周报】持续推荐业绩确定性高CXO板块，关注疫苗板块进展,杏林建研
2020-08-07,A股成交连续8日破万亿！北上资金上午砸盘，尾盘扫货，这只个股最受宠！,e公司
2020-08-07,2只股获南向资金连续净买入,证券时报网
2020-08-07,智通港股通活跃成交|8月7日,智通财经
2020-08-07,为什么今天疫苗反包失败了？,南方财经网
2020-08-07,智通港股空仓持单统计|8月7日,智通财经
2020-08-07,北水动向(8.7)|北水净流出16.29亿 新经济股现分歧 美团(03690)受追捧 中芯国际(00981)遭沽售,智通财经
2020-08-07,数据复盘| 215亿主力资金撤离电子行业 北向资金连续3日净流出,证券时报网
2020-08-07,涨停复盘 | 光启技术成功拿下10天9板，医药板块出现明显分化,第一财经
2020-08-07,投资科技指数看过来,新浪
2020-08-07,主力资金连续4天净流出,证券时报网
2020-08-07,1301亿主力资金近三日撤出全A(非陆股通重仓前100)概念股,证券时报网
2020-08-07,48股主力资金净流入超亿元,证券时报网
2020-08-07,智通AH统计|8月7日,智通财经
2020-08-07,创新药盘点系列报告(14)：新冠疫苗和抗体：时间就是生命 效率就是金钱,新浪
2020-08-07,恒指低开低走半日跌2.27%腾讯控股盘中重挫10%,中新经纬
2020-08-07,7股获融资客买入占成交额比超三成,证券时报网
2020-08-07,两市盘整沪指跌1.45%：券商股重挫，军工股上扬,中新经纬
2020-08-07,加入复星系后，东家FC2M战略升级,第一财经
2020-08-07,生物疫苗概念持续回调 康华生物跌超8%,e公司
2020-08-07,两融余额九连升 31股融资余额增幅超50%,证券时报网
2020-08-07,生物疫苗概念再度下挫，复星医药跌逾7%，康泰生物逆市涨停,证券时报网
2020-08-07,疫苗概念股再度下挫，复星医药、康华生物领跌,Wind
2020-08-07,智通港股通占比异动统计|8月7日,智通财经
2020-08-07,智通港股通持股解析|8月7日,智通财经
2020-08-07,智通港股通资金流向统计(T+2)|8月7日,智通财经
2020-08-07,券商股异动后传闻被否！A股巨震时最佳策略速读,新浪
2020-08-07,格隆汇港股通5日资金流入流出排行榜 | 8月6日,格隆汇
2020-08-06,康泰生物获阿斯利康新冠疫苗独家授权 疫苗研发需警惕概念化炒作,e公司
2020-08-06,疫苗股还香吗？,格隆汇
2020-08-06,71只股股价创历史新高,证券时报网
2020-08-06,5只股近一个月首次上榜港股通成交活跃榜,证券时报网
2020-08-06,券商股尾市突击——道达投资手记,每日经济新闻
2020-08-06,【超级大单】中一签狂赚44万的大牛股跌停，百亿资金出逃医药股,证券时报网
2020-08-06,【主力资金】芯片龙头获主力相中，杀入资金超11亿元,证券时报网
2020-08-06,医保目录动态调整纳入更多新冠治疗药品 鼓励企业积极投身研发生产,证券日报
2020-08-06,研发日报丨GSK全球首个BCMA抗体偶联药物获FDA加速批准,新浪
2020-08-06,数据复盘| 174亿资金撤离医药生物行业 复星医药遭主力资金净卖出逾28亿元,证券时报网
2020-08-06,人民金融·创新药指数来了！7月涨3.4%，人福医药、华北制药、百济神州等重磅创新药取得积极进展,证券时报网
2020-08-06,主力资金连续3天净流出,证券时报网
2020-08-06,1286亿主力资金近三日撤出全A(非陆股通重仓前100)概念股,证券时报网
2020-08-06,智通港股52周新高、新低统计|8月6日,智通财经
2020-08-06,智通AH统计|8月6日,智通财经
2020-08-06,基石药业飙近7% 拟递交肺癌新药上市申请,新浪
2020-08-06,上证综指V型反转，盘中三大信号需关注,Wind
2020-08-06,巨丰收评：市场探底回升 减持冲击做多信心,巨丰财经
2020-08-06,维维撤离 复星入场 白酒赛道有哪些新变化,中国商报
2020-08-06,猝不及防！刚刚，疫苗股暴跌5%，中1签狂赚44万的大牛股罕见跌停！军工有色大涨，外资净卖20亿，肖钢：警惕这个风险！,中国基金报
2020-08-06,两市高开低走 疫苗概念股走弱军工股逆市走强,中新经纬
2020-08-06,午间资金流：医疗行业资金大幅流出军工板块资金流动异常频繁,金融界
2020-08-06,两市高开低走创业板指跌1.70%疫苗概念股走弱,中新经纬
2020-08-06,蔚蓝生物受益“禁抗”令 还要投6亿建动物疫苗生产线,证券时报
2020-08-06,中泰国际：复星医药新冠疫苗研发进展顺利,新浪
2020-08-06,医药股大涨，生物疫苗板块多家药企涨停,制药网
2020-08-06,操盘必读｜两家上市猪企7月业绩靓丽，国中水务回应商汤科技传闻，纳指再创新高,上游新闻
2020-08-06,8月5日融资余额14087.55亿元，环比增加108.01亿元,每日经济新闻
2020-08-06,26股获融资净买入额超亿元 复星医药居首,证券时报网
2020-08-06,A股融资融券日报：两融余额增加126.72亿元（8月5日）,Wind
2020-08-06,A股早报2020年8月6日星期四,Wind
2020-08-06,乘风破浪的恒瑞医药：5000亿市值下的真面貌,网易
2020-08-06,科创板早报|四大行正大规模内测数字货币App宁德时代成为奔驰头部供应商,科创板日报
2020-08-06,智通港股通占比异动统计|8月6日,智通财经
2020-08-06,智通港股通持股解析|8月6日,智通财经
2020-08-06,两融透析：大盘继续活跃　正泰电器融资盘小幅流入,财富动力网
2020-08-06,盘前利好11则，利空2则,中财网
2020-08-06,【东吴七点半】沪指实现四连涨 军工科技表现亮眼（08.06）,东吴财经通
2020-08-06,【山证医药】2020H1疫苗批签发数据跟踪：上半年整体实现快速增长，各重磅品种表现抢眼,山西证券研究所
2020-08-06,智通港股通资金流向统计(T+2)|8月6日,智通财经
2020-08-06,李泓灏：A股创新高概率大 结构性牛市行情仍将持续,大众证券报
2020-08-05,70多名受试者接种 复星医药和BioNTech合作新冠疫苗有新进展,新华网
2020-08-05,8股尾盘净流入资金超亿元 重点抢筹2只科技股,第一财经
2020-08-05,芯片高开低走 前期热点回归,每日经济新闻
2020-08-05,【收盘简评】2020-08-05,赢家之星
2020-08-05,稀土涨价潮来临，A股稀土全产业链概念股一览（名单）,搜狐
2020-08-05,美股三大股指小幅高开 中概股斗鱼、虎牙大涨逾11%,凤凰网
2020-08-05,美国三大股指高开：道指涨逾0.6%，斗鱼涨15%,Wind
2020-08-05,复星医药宣布mRNA新冠疫苗临床已启动，72名受试者完成接种,第一财经
2020-08-05,经历私有化深度整合 海尔智家三地上市静待估值花开,经济观察报
2020-08-05,【超级大单】主力杀出回马枪，12亿资金抢筹的疫苗龙头盘后宣布大消息,证券时报网
2020-08-05,【主力资金】尾盘主力潜伏2只科技股，杀入资金超3亿元,证券时报网
2020-08-05,新冠疫苗两大官宣！复星医药mRNA疫苗临床试验开启 中国生物新冠灭活疫苗车间通过检查,每日经济新闻
2020-08-05,智通港股通活跃成交|8月5日,智通财经
2020-08-05,26股获特大单资金净流入超2亿元,证券时报网
2020-08-05,数据复盘| 61亿资金撤离电子行业 君正集团获主力大幅加仓,证券时报网
2020-08-05,761亿主力资金近三日撤出全A(非陆股通重仓前100)概念股,证券时报网
2020-08-05,复星医药和BioNTech新冠疫苗I期试验已有72名受试者接种,21世纪经济报道
2020-08-05,利好发威！集成电路板块飙升逾1000亿！,中投网
2020-08-05,71股主力资金净流入超亿元,证券时报网
2020-08-05,金融街下午茶2020年8月5日星期三,Wind
2020-08-05,59股获机构买入型评级 启明星辰关注度最高,证券时报网
2020-08-05,清一色防御性板块领涨，外围恐又有幺蛾子！,中财网
2020-08-05,"新冠疫苗又有重大进展，概念股还要飞？注意，这只""伪疫苗""股巨震，单日换手居然达106%，套利交易现身？",券商中国
2020-08-05,96只股股价创历史新高,证券时报网
2020-08-05,59股今日获机构买入评级16股上涨空间超20%,证券时报网
2020-08-05,重赏之下未见勇夫，半导体真的是利好兑现？,新浪
2020-08-05,复星医药：已在中国开始基于mRNA的新冠疫苗的临床试验,第一财经
2020-08-05,复星医药和BioNTech宣布已在中国开始新冠疫苗临床试验,老虎证券
2020-08-05,复星医药和BioNTech宣布：已在中国开始mRNA新冠疫苗临床试验,Wind
2020-08-05,秦洪看盘｜指数强势震荡，产业风口股御风而行,澎湃新闻
2020-08-05,复星医药和BioNTech宣布已在中国开始基于mRNA的新冠疫苗的临床试验,金十数据
2020-08-05,指数窄幅震荡，盘中医药、科技两大板块“蹊跷板”效应明显,Wind
2020-08-05,智通AH统计|8月5日,智通财经
2020-08-05,A股连续6日成交过万亿军工农业股领涨市场上行压力仍较大,财华社
2020-08-05,恒指震荡走高收涨0.62%，油气、有色、医药板块涨幅居前,Wind
2020-08-05,8月5日复盘：悄然发生三大变化 主力资金重点出击10股,新浪
2020-08-05,涨停板复盘：三大指数持续盘整 农业股集体走强,新浪
2020-08-05,收评：沪指涨0.17%创业板指涨0.97%农业、稀土等板块午后崛起,金融界
2020-08-05,1149亿资金争夺20股：主力资金重点出击10股(名单),新浪
2020-08-05,聪明钱撤退：军工板块掀涨停潮 半导体板块遭抛38亿,新浪
2020-08-05,【新华500】新华500指数（989001）5日缩量上涨0.23%,新华网
2020-08-05,涨停股复盘：23股封单超亿元,证券时报网
2020-08-05,巨丰资金流向：市场调整加速板块轮动 农业板块获16亿主力增持！,巨丰财经
2020-08-05,A股收盘综述：上证指数连升4日，半导体及芯片概念爆发,Wind
2020-08-05,每经数说丨7月下半月新药研发：信达生物上半年PD-1卖9亿元；健康元迎战60亿哮喘吸入制剂市场,每日经济新闻
2020-08-05,8月5日午后主力巨资抢筹四大板块(附股),金融界
2020-08-05,8月5日午后两市净流入前20股(名单),金融界
2020-08-05,医药生物行业深度报告：新疫苗、新接种率、新时代-新冠引领上呼吸道感染相关疫苗长周期提升起点,国海证券
2020-08-05,利好发威:疫苗股也嗨了 A股强势翻红 聪明钱却在撤退？,e公司
2020-08-05,牛市“推动浪” 机构8月金股“圈定”医药、周期等三大方向,红周刊
2020-08-05,两市低开高走创指涨1.45% 军工股集体上扬,中新经纬
2020-08-05,午评：探底回升再冲前高，多热点集中发力,新浪
2020-08-05,午间资金流：军工、医疗板块资金大幅流入大金融板块分化严重,金融界
2020-08-05,药明康德升近3% 创上市新高,新浪
2020-08-05,国信证券医药业8月投资策略：新冠疫情肆虐 疫苗与检测主线持续,金融界
2020-08-05,快讯：生物疫苗板块持续拉升 君正集团水下拉升封板,新浪
2020-08-05,疫苗股年内飚涨，今日突现集体跳水能否浇灭市场热情？,证券日报
2020-08-05,京东健康、华兰生物……47家中国医疗独角兽排名大公开,E药经理人
2020-08-05,长江生命科技跌近6% 中期纯利按年跌近50% 盈利能力下降,新浪
2020-08-05,医药生物2020年8月投资策略：新冠疫情肆虐，疫苗与检测主线持续,国信研究
2020-08-05,国信医药生物8月投资策略：疫苗与检测仍是主线,国信研究
2020-08-05,快讯：疫苗板块早盘走弱 西藏药业逼近跌停,新浪
2020-08-05,【行情】疫苗板块开盘大跌，康泰生物跌9%，西藏药业逼近跌停，冠昊生物、鹏鹞环保、华兰生物、复星医药等集体走弱,金十数据
2020-08-05,疫苗股高位震荡！板块狂欢能否持续？分化信号出现！,21财闻汇
2020-08-05,54只港股获南向资金大比例持有,证券时报网
2020-08-05,A股融资融券日报：两融余额增加42.15亿元（8月4日）,Wind
2020-08-05,交银国际：随规则稳定和品种逐步增多 中生制药将受益,新浪
2020-08-05,睿财看市场：科创50指数跌3.5%，银行与保险板块走强,恒泰睿财
2020-08-05,智通港股通持股解析|8月5日,智通财经
2020-08-05,政策红利持续释放，市场马踏飞燕,国盛证券
2020-08-05,港股盘前必读：中国恒大1至7月份累计合约销售金额约达3991.4亿元,Wind
2020-08-05,新冠疫苗商业化预期下，产业链板块狂欢能否持续？,Wind
2020-08-05,新经济龙头纷至沓来，科创板迎来多赢局面,Wind
2020-08-05,两融余额创5年来新高74股连续6周获资金加仓,证券时报
2020-08-05,疫苗股集体降温 新冠疫苗商业化预期下 板块狂欢能否持续？,21世纪经济报道
2020-08-05,复星系高位接盘金徽酒 东阳人郭广昌能否喝得下陇酒？,腾讯网
2020-08-04,格隆汇港股聚焦(8.04)︱福莱特玻璃上半年净利升76.27%至4.61亿元中国恒大7月合约销售503亿元同比增长24.4%,格隆汇
2020-08-04,单周暴买超300亿！杠杆客抢筹疫苗股，另有这只PVC概念迎接四连板,金融界
2020-08-04,16%剧震150亿成交，疫苗龙头股多空博弈激烈，一个月市值增800亿,搜狐
2020-08-04,21测评丨券商继续“喝酒吃药”，天风“霸占”龙虎榜，长城中奖“不老药”麻雀变凤凰,21世纪经济报道
2020-08-04,两市特大单资金大幅流出 疫苗股遭抛售、金融股被抢筹,第一财经
2020-08-04,复星医药今日主力资金净流出25.36亿元,第一财经
2020-08-04,疫苗概念股集体大降温！机构猛砸名单曝光！抗跌疫苗概念股仅剩11只！,上游新闻
2020-08-04,第3批药品集采下，这些药将大降价,汇聚南药
2020-08-04,智通港股通活跃成交|8月4日,智通财经
2020-08-04,特斯拉出猛料：主力抢筹5只概念股 最高扫货超6亿,新浪
2020-08-04,主力资金：医药龙头遭主力砸盘 超25亿资金大出逃,新浪
2020-08-04,8月4日主力资金流向日报,证券时报网
2020-08-04,招商银行等18股获特大单资金净流入超2亿元,证券时报网
2020-08-04,数据复盘| 173亿资金撤离电子行业 复星医药遭主力资金净卖出逾25亿元,证券时报网
2020-08-04,758亿主力资金近三日撤出全A(非陆股通重仓前100)概念股,证券时报网
2020-08-04,每手派息51元 复星医药(02196):“18复药01”将于8月13日付息,智通财经
2020-08-04,复星医药(02196.HK)参设基金完成私募投资基金备案,格隆汇
2020-08-04,银行板块今日“异军突起”，市场重回谨慎,Wind
2020-08-04,"超2500只个股飘绿：疫苗板块盘中熄火 9板""妖股""炸板糟抛15亿",新浪
2020-08-04,十方观点：周二盘中巨震释放重磅信号,新浪
2020-08-04,7月份A股大涨总市值突破80万亿元 8月行情将如何演绎？,乐居财经
2020-08-04,复星医药子公司通过仿制药一致性评价 沈阳红旗累计研发投入1169万元,资本邦
2020-08-04,A股风云突变！股民惊呆：20分钟40亿扫货，疫苗股高位巨震，大佬葛卫东一把狂赚10亿！,中国基金报
2020-08-04,机构研判后市：高景气度行业是加仓方向 医药板块仍值得期待,发布易
2020-08-04,中国同辐升逾15% 创上市新高,新浪
2020-08-04,快讯：疫苗板块午后急速跳水 海利生物封跌停,新浪
2020-08-04,【行情】疫苗股午后急速跳水，海利生物封住跌停，君正集团、复星医药、赛升药业等大幅跳水 连续下跌,金十数据
2020-08-04,震荡突然加剧，罕见指标已现，上一次还是2014年,中证报
2020-08-04,午间资金流：大金融强势崛起军工板块资金大幅流出,金融界
2020-08-04,震荡突然加剧，慌了？罕见指标已现，上一次还是2014年,中证报
2020-08-04,第三批药品集采开标在即，市占率高的存量品种一览,医药资讯地方台
2020-08-04,港股午评|恒指涨0.83%，美团涨超6%再创新高！,富途证券
2020-08-04,融资客连续10周加仓股仅8只，冷门股被罕见加仓30周！苹果概念龙头业绩猛增超10倍,证券时报
2020-08-04,两市震荡运行沪指微涨0.09%银行股集体飘红,中新经纬
2020-08-04,分子诊断：进击的2020，如何持续领跑IVD？ | 青桐资本观察,前瞻研究院
2020-08-04,"""跷跷板""效应显现：主力出逃题材股 大金融板块崛起",新浪
2020-08-04,快讯：疫苗板块表现活跃涨逾1% 康泰生物上涨9.19%居首,证券日报
2020-08-04,生物疫苗概念盘中异动崛起 上海医药等多股涨停,中国经济网
2020-08-04,港股异动︱复星国际(00656)涨超8% 获汇丰看好并重申“买入”评级,智通财经
2020-08-04,杠杆资金余额创5年新高 狂买两大板块 这些创业板个股被扫货,证券时报网
2020-08-04,港股异动︱复星医药(02196)盘中涨近6%创两年新高 抗结核药通过仿制药一致性评价,智通财经
2020-08-04,医药行业一周观察：第三批全国集采文件公布，海外疫情持续较高增长,国信研究
2020-08-04,复星医药升逾5% 报9.29港元,新浪
2020-08-04,疫苗板块早盘分化,第一财经
2020-08-04,8月4日券商晨会研报汇编,证券日报
2020-08-04,疫苗相关个股开盘跳水,金十数据
2020-08-04,44股获融资净买入额超亿元 中国长城居首,证券时报网
2020-08-04,A股融资融券日报：两融余额增加245.57亿元（8月3日）,Wind
2020-08-04,8月3日融资余额13941.13亿元，44只个股净买入额超亿元，中国长城、复星医药、紫光国微排名前三,每日经济新闻
2020-08-04,4日公司新闻聚焦：万科拟当泰禾集团二股东 北汽蓝谷定增募资不超55亿,证券时报网
2020-08-04,智通港股通占比异动统计|8月4日,智通财经
2020-08-04,两融业务周报（20200727-20200731）,东吴财经通
2020-08-04,智通港股通持股解析|8月4日,智通财经
2020-08-04,港股盘前必读：恒大汽车对外发布旗下新能源汽车品牌“恒驰”首期6款车型,Wind
2020-08-04,粘上疫苗就火！冷链、灌装、瓶子股还能追涨吗？,搜狐
2020-08-04,股海导航 8月4日沪深股市公告提示,新浪
2020-08-04,智通港股通资金流向统计(T+2)|8月4日,智通财经
2020-08-04,既看业绩也看趋势，机构称只认“高景气度”,Wind
2020-08-04,独家|股份改制前夕遭“复星系”蹊跷弃购 福然德IPO股权“代持”疑云难消,和讯
2020-08-04,标题： 复星加码智能制造 爱夫迪全球总部上海开建,第一财经
2020-08-03,格隆汇港股聚焦(8.03)︱信义光能上半年纯利升47.6%碧桂园7月权益合同销售同比增27.52%,格隆汇
2020-08-03,8月3日晚间影响市场消息汇总 央行：下半年货币政策要更加灵活适度、精准导向,银河股票资讯
2020-08-03,【招商策略】内外资持续分化，融资余额大幅提升——金融市场流动性与监管动态周报,招商策略研究
2020-08-03,晚间公告热点追踪：欧菲光上半年净利润同比暴涨近23倍,新浪
2020-08-03,复星国际突遭穆迪下调评级：总资产逾7000亿 上半年利润或暴跌70% 主体评级下调,新浪
2020-08-03,ETF的大时代要来了？,Wind
2020-08-03,超级大单：疫苗龙头10天9板 近4亿资金大出逃,新浪
2020-08-03,智通港股通活跃成交|8月3日,智通财经
2020-08-03,A股复盘：普涨后市场恐将分化警惕高低切,中金网
2020-08-03,豫园股份控股金徽酒完成过户 复星系蹭上白酒热,中华网
2020-08-03,研发日报丨II期试验未达预期 Alexion终止罕见肾病研发计划,新浪
2020-08-03,北水动向(8.3)|北水净流入47.11亿 中芯国际(00981)再获净买入逾6亿,智通财经
2020-08-03,444亿主力资金近三日撤出融资融券概念股,证券时报网
2020-08-03,速读社丨西门子164亿美元收购瓦里安诺华司库奇尤单抗欧盟获批,新浪医药
2020-08-03,主力资金重点出击8股(名单),中财网
2020-08-03,康希诺公布A股中签率， 疫苗腾飞下能否“战”到最后！？,药智网
2020-08-03,金融街下午茶2020年8月3日星期一,Wind
2020-08-03,复星医药：盐酸乙胺丁醇片通过仿制药一致性评价,Wind
2020-08-03,汇丰：复星国际目标价为15.2港元 重申买入评级,新浪
2020-08-03,8月第2周流动性观察：场外资金略有收紧 外资流出成交活跃,新浪
2020-08-03,复星医药(02196.HK)：盐酸乙胺丁醇片通过仿制药一致性评价,格隆汇
2020-08-03,复星医药(600196.SH)：盐酸乙胺丁醇片通过仿制药一致性评价,格隆汇
2020-08-03,恒指震荡收跌0.56%，医药、科技股走强,Wind
2020-08-03,8月A股喜迎“开门红”，军工航天板块大涨8%!,Wind
2020-08-03,Wind快讯 每日医药行业动态（2020-8-3）,Wind
2020-08-03,汇丰看好复星国际(00656.HK)疫情后的增长机遇，重申买入评级,格隆汇
2020-08-03,A股收盘综述：上证指数涨1.75%，科创50大涨7.26%,Wind
2020-08-03,生物疫苗概念持续走强 复星医药等涨停,e公司
2020-08-03,生物疫苗午后持续走强 博晖创新等多股涨停,中国经济网
2020-08-03,复星爱夫迪全球总部动工 计划于明年四季度IPO申报,21世纪经济报道
2020-08-03,交银国际：复星医药目标价升至43港元 重申买入评级,新浪
2020-08-03,8月3日午盘主力巨资抢筹四大板块(附股),金融界
2020-08-03,恒指半日跌0.95%报24362.09点恒隆地产领跌蓝筹,中新经纬
2020-08-03,午评：继续抱团疫情线，重磅消息引爆军工,新浪
2020-08-03,汇丰研究：重申复星国际(0656.HK)“买入”评级 目标价15.2港元,格隆汇
2020-08-03,上海医药飙近10% 全国集采纳入品种较多,新浪
2020-08-03,5股获融资客买入占成交额比超三成,证券时报网
2020-08-03,8月3日早盘主力巨资抢筹四大板块(附股),金融界
2020-08-03,远大医药升近20% 创52周新高,新浪
2020-08-03,上海医药升逾10% 报15.16港元,新浪
2020-08-03,国家政策鼓励药品创新 创新发展成为大势所趋,北京商报
2020-08-03,国家出台政策鼓励药品创新 创新发展是大势所趋,北京商报
2020-08-03,恒指低开0.12% 其他服饰配件板块领跌,中新经纬
2020-08-03,悦康药业拟投3.9亿元做研发 仿制药转战“创仿结合”,新浪
2020-08-03,上周融资余额13720.11亿元，环比增加308.33亿元，复星医药、智飞生物净买入金额超10亿,每日经济新闻
2020-08-03,A股融资融券日报 ：两融余额增加78.75亿元（7月31日）,Wind
2020-08-03,睿财看市场：未来市场的核心投资机会仍在大消费和高科技两条主线,恒泰睿财
2020-08-03,智通港股通占比异动统计|8月3日,智通财经
2020-08-03,智通港股通持股解析|8月3日,智通财经
2020-08-03,大型医用设备规划配置量上调，利好设备和诊断用药生产企业【开源医药】,医药佐料
2020-08-03,药企创新争渡“微利时代”,北京商报网
2020-08-02,制药人才网www.zhiyaojob.cn新增职位,药通社
2020-08-02,8月金股来啦 7月最牛金股涨了125.81%,上证报
2020-08-02,格隆汇个股放量排行榜 | 8月2日,格隆汇
2020-08-02,mRNA癌症疫苗+免疫检查点抑制！BioNTech与再生元合作，开发BNT111/Libtayo组合治疗黑色素瘤！,生物谷
2020-08-02,臻质医疗：合成生物学技术赋能，加速再生医学产品在退行性疾病中的临床转化【复星·星未来创业营】,动脉网
2020-08-02,医药行业每周医览药闻：疫苗依然是解决新冠疫情的最根本方法,新浪
2020-08-02,市场行业板块多数飘红 生物疫苗题材持续升温,南方财经网
2020-08-01,制药类职位！企业免费发布！,药通社
2020-08-01,格隆汇个股放量排行榜 | 8月1日,格隆汇
2020-08-01,117股本周创新高39股获北向资金抢筹,证券时报网
2020-08-01,股价创历史新高股一览,证券时报网
2020-08-01,巨丰访谈：金价创新高医药生物受宠 当前投资主线有哪些？,巨丰财经
2020-07-31,【浙商医药|周报】第三批集采方案下发，持续看好API板块成长性,杏林建研
2020-07-31,2020年新冠疫苗行业专题：新冠疫苗和中和抗体有望成为本次疫情防控的核心主力,西南证券
2020-07-31,新冠疫苗产业完整名单出炉:龙头暴涨19倍 这些概念股仍在地板上,金融界
2020-07-31,财华洞察|有备而来！25亿拿下金徽酒，投资大鳄复星如何谋定“酒局”？,财华社
2020-07-31,北上资金连续4个月净买入，本月成交活跃股抢先看,证券时报网
2020-07-31,龙虎榜揭秘：机构及北向资金集体抢筹20股,证券时报
2020-07-31,150家药企，入局全国集采,赛柏蓝
2020-07-31,数据复盘|83亿主力资金潜入电子行业 中芯国际获主力大幅加仓,证券时报网
2020-07-31,369股本月创新高133股获北向资金抢筹,证券时报网
2020-07-31,百亿资金搏杀芯片龙头股，主力扫货近30亿元！科技股抢筹名单来了,证券时报网
2020-07-31,互动区炸了，股价秒涨停！新冠疫苗产业完整名单出炉，龙头飚涨19倍，这些概念股仍在地板上,证券时报网
2020-07-31,疫苗之外的赛道，聚焦血制品行业,Wind
2020-07-31,格隆汇个股放量排行榜|7月31日,格隆汇
2020-07-31,237亿主力资金近三日撤出全A(非陆股通重仓前100)概念股,证券时报网
2020-07-31,新华500指数本周涨4.26% 生物医药等行业涨幅居前,新华网
2020-07-31,73股主力资金净流入超亿元,证券时报网
2020-07-31,本周大盘震荡反弹 A股头条精华版抓到3涨停强势股,金融界
2020-07-31,智通AH统计|7月31日,智通财经
2020-07-31,全球最大度假村集团复星旅游文化(01992)加速复苏，加深布局中国,智通财经
2020-07-31,1310亿资金争夺20股：主力资金重点出击11股(名单),新浪
2020-07-31,生物疫苗概念再度爆发 西藏药业沃森生物再创新高,证券时报网
2020-07-31,远大医药升逾10% 创52周新高,新浪
2020-07-31,沈阳化工等57股近五日获机构净买入,证券时报网
2020-07-31,7月30日融资余额13653.11亿元，环比增加69.45亿元，达安基因获净买入4.5亿,每日经济新闻
2020-07-31,石药集团升逾3% 报16.6港元,新浪
2020-07-31,猎鹰看盘：震荡不改局部热度的延续，短线留意这些要点！,金融界
2020-07-31,A股融资融券日报 ：两融余额增加76.12亿元（7月30日）,Wind
2020-07-31,"记得打新！中1签或赚30万 ""新冠疫苗第一股""发行",中国基金报
2020-07-31,智通港股通占比异动统计|7月31日,智通财经
2020-07-31,智通港股通持股解析|7月31日,智通财经
2020-07-31,港股盘前必读：新冠疫苗第一股康希诺7月31日科创板申购,Wind
2020-07-31,8只港股获南向资金连续净买入 腾讯控股连续4天获净买入,证券时报网
2020-07-31,格隆汇港股通5日资金流入流出排行榜|7月30日,格隆汇
2020-07-31,港股受惠A股造好再跟升,南方财经网
2020-07-31,"大机会就在今天！中1签或狂赚30万，""新冠疫苗第一股""发行，疫苗股先涨疯",中国基金报
2020-07-31,大机会就在今天：新冠疫苗第一股的康希诺发行 中1签或狂赚30万,新浪
2020-07-30,乐普医疗分拆子公司赶考科创板，分拆上市概念股有哪些？,21财闻汇
2020-07-30,安信国际晨报：宽币环境促使资金追捧增长前景占优的中资股,安信国际
2020-07-30,安信国际 | 市场起伏下医药板块比较优势突出,安信国际
2020-07-30,安信国际晨报：攻守兼备,安信国际
2020-07-30,华创事件驱动早报7-28：市内免税店创新值得期待；汽车巨头加码固态电池,华创证券研究
2020-07-30,道达投资手记：牛市乱蹭热点也出事,每日经济新闻
2020-07-30,龙源电力近一个月首次上榜港股通成交活跃榜,证券时报网
2020-07-30,沪指收跌 两市成交再破万亿，北向资金跑路,腾讯网
2020-07-30,首个国产单抗登陆欧盟 复宏汉霖回A再加码,时代在线
2020-07-30,医药生物行业日报：关注受益于海外供给紧缩的血制品企业,新浪
2020-07-30,主力资金：华为国产芯片有新消息 尾盘3亿资金扫货芯片龙头,新浪
2020-07-30,智通港股通活跃成交|7月30日,智通财经
2020-07-30,疯狂的疫苗股：1年暴涨10倍，3000亿巨头被大笔套现！,搜狐
2020-07-30,第三批国采下月开标！百家药企迎来残酷生存战（附规则解读）,新浪医药
2020-07-30,这家公司蹭热点蹭出事了——道达投资手记,每日经济新闻
2020-07-30,牛市初期医药股或持续高烧，疫苗短期有市梦率风险，但更多优质股3-5年成长逻辑未变,红周刊
2020-07-30,数据复盘| 75亿资金撤离电子行业 格力电器遭主力资金净卖出逾21亿元,证券时报网
2020-07-30,北水动向(7.30)|北水净流入55.78亿 分别增持石药(01093)、广汽(02238)逾4亿港元,智通财经
2020-07-30,A股新冠疫苗第一股来了：明天申购！发行价A股史上第二，中一签最少赚10万？其港股已连涨3天,证券时报
2020-07-30,六张深度数据图，透视今年涨幅超60%的医药板块,Wind
2020-07-30,【中信建投医药|行业深度】新冠疫苗系列深度之二：全球新冠疫苗积极进展，看好新冠疫苗商业化价值,菊颖医药观察
2020-07-30,格隆汇个股放量排行榜|7月30日,格隆汇
2020-07-30,复星医药(02196)拟为复星医药产业1亿元银行贷款提供担保,智通财经
2020-07-30,生物制品Ⅱ：全球新冠疫苗积极进展 看好新冠疫苗商业化价值,新浪
2020-07-30,318亿主力资金近三日撤出全A(非陆股通重仓前100)概念股,证券时报网
2020-07-30,中国股市：大盘3300没守住，周五迎来大跌？股市希望还在吗？,中财网
2020-07-30,39股主力资金净流入超亿元,证券时报网
2020-07-30,A股新冠疫苗第一股来了：明天申购 中一签最少赚10万？,证券时报网
2020-07-30,受获利了结打击沪指收跌，科技和资源类股领跌,环球外汇网
2020-07-30,复星医药(02196.HK)拟为控股子公司复星医药产业1亿元贷款提供担保,格隆汇
2020-07-30,30日强势板块分析：疫苗概念再度活跃 风电板块发力走高,证券时报网
2020-07-30,智通AH统计|7月30日,智通财经
2020-07-30,乐普医疗分拆子公司赶考科创板，A股38例分拆上市概念标的一览,21世纪经济报道
2020-07-30,巨丰收评：大盘冲高回落 军工金融领跌,巨丰财经
2020-07-30,收评：沪指跌0.23%创业板指跌0.86%风电板块午后崛起,金融界
2020-07-30,三大指数震荡收跌：两市成交超万亿，北向资金净流出逾60亿,澎湃新闻
2020-07-30,复星集团董事长郭广昌：酒店业在慢慢复苏 部分度假村入住超九成,新浪
2020-07-30,中生制药升近3% 报10.28港元,新浪
2020-07-30,疫苗股又大涨了 但许多人在纠结加仓还是止盈,上证报
2020-07-30,目前最大的主线是疫苗，如果你心跳怕怕了，就卖100股压压惊,财经
2020-07-30,午间要闻|深圳房地产调控“新八条”细则出台；美国四大科技巨头集体接受反垄断拷问；东莞暂停滨海湾新区各类建设行为,经济观察报
2020-07-30,新冠疫苗连传好消息，还有“大肉签”要来，行业进入黄金发展期丨牛熊眼,第一财经
2020-07-30,午评：两市震荡盘整沪指微涨疫苗、医药板块受资金追捧,金融界
2020-07-30,8000亿市场重磅利好 北斗芯片龙头连续涨停！杠杆资金巨资加仓股票揭秘,金融界
2020-07-30,午评：港股恒指涨1.05% 港版纳指获追捧万达酒店涨34%,新浪
2020-07-30,恒指涨1.05% 其他服饰配件板块领涨,中新经纬
2020-07-30,午评：外资出逃股指震荡，疫苗板块强者恒强,新浪
2020-07-30,7月29日融资余额13583.66亿元，复星医药、智飞生物、五粮液等融资净买入居前,每日经济新闻
2020-07-30,巨丰午评：沪指围绕3300点拉锯 生物医药板块井喷,巨丰财经
2020-07-30,【A股午盘综述】沪指围绕3300点拉锯，疫苗概念股再受追捧,Wind
2020-07-30,紧急梳理疫苗全产业链，还有一个新冠疫苗生产环节还没被重视！,财富动力网
2020-07-30,恒指大涨超1%重返25000点 港版纳指、医药消费获追捧,新浪
2020-07-30,医药行业重点事项点评：第三批带量采购规则变化较少 市场预期逐步稳定,新浪
2020-07-30,新冠检测概念发力走高 国务院部署加强核酸检测能力建设,证券时报网
2020-07-30,复星医药A股封住涨停板再创新高，当月累涨超80%,Wind
2020-07-30,8股获融资客买入占成交额比超三成,证券时报网
2020-07-30,港股医药股表现活跃,第一财经
2020-07-30,石药集团升近5% 报16.04港元,新浪
2020-07-30,融资客看好8股买入占成交超三成,证券时报网
2020-07-30,生物疫苗概念持续走强 瑞普生物等多股涨停,中国经济网
2020-07-30,康希诺抽升逾8%创2个月高位 A股定价折让近6%,新浪
2020-07-30,石药集团升近3% 报15.72港元,新浪
2020-07-30,29股获融资净买入额超亿元 复星医药居首,证券时报网
2020-07-30,生物疫苗概念再度活跃，智飞生物复星医药再创新高,证券时报网
2020-07-30,复星医药A股拉涨近7%，连续刷新历史新高,Wind
2020-07-30,复星医药高开2.7%，再创新高,Wind
2020-07-30,【早间资讯】2020-07-30,大通证券投教基地
2020-07-30,投资情报丨核酸检测概念迎利好；中一签能赚20万+？史上第二高发行价来了,21世纪经济报道
2020-07-30,A股融资融券日报 ：两融余额增加148.46亿元（7月29日）,Wind
2020-07-30,智通港股通占比异动统计|7月30日,智通财经
2020-07-30,智通港股通持股解析|7月30日,智通财经
2020-07-30,大盘先抑后扬 机器人融资盘小幅流入,财富动力网
2020-07-30,港股盘前必读：中国香港二季度GDP同比降9%,Wind
2020-07-30,智通港股通资金流向统计(T+2)|7月30日,智通财经
2020-07-29,创业板指涨近4% 两市成交量再破万亿！新三板精选层个股从破发到大涨 你抄对底了吗？,国际金融报
2020-07-29,合并传言又起，中信建投还能追高吗？,和讯
2020-07-29,医药股走势强劲，机构建议关注后疫情时代受益板块丨牛熊眼,第一财经
2020-07-29,好消息：中德疫苗合作迎来新突破！此前已获中企近10亿元投资,搜狐
2020-07-29,合并传闻又被辟谣，基金是越“贵”越猛！,新浪
2020-07-29,复星医药新冠疫苗在泰州开展临床试验，首批36名志愿者接种,澎湃新闻
2020-07-29,上海对标波士顿 生物医药迎来机遇期,第一财经
2020-07-29,“疫”飞冲天！史上第二高发行价，自带新冠疫苗超人气光环，中一签或冲击赚30万纪录？,证券时报网
2020-07-29,刀锋：合并传闻又被辟谣，基金越“贵”越猛暗藏危机！,新浪
2020-07-29,今天这波反弹，意外不意外？,格隆汇
2020-07-29,逾七成个股涨幅超40% 生物医药股业绩与股价“齐飞”,大众证券报
2020-07-29,刀锋：重返万亿，紧盯这路资金动向！(附龙头股复盘),新浪
2020-07-29,复星集团董事长郭广昌：公司新冠病毒mRNA疫苗Ⅰ期临床试验首批36位志愿者成功接种,Wind
2020-07-29,复星集团董事长郭广昌：7月28日，我们复星医药获德国BioNTech授权的新冠病毒mRNA疫苗Ⅰ期临床试验首批36位志愿者成功接种,金十数据
2020-07-29,郭广昌：新冠病毒mRNA疫苗Ⅰ期临床试验首批36位志愿者成功接种,新浪
2020-07-29,智通港股解盘(07.29) | 券商股发力引领恒指反弹 摆脱困局还差一根放量大阳线,智通财经
2020-07-29,复星医药获BioNTech授权疫苗Ⅰ期临床试验首批志愿者成功接种,财华社
2020-07-29,新冠疫苗概念股再遭爆炒，谁将最快上市？巨头定价已悬殊10倍,新浪医药
2020-07-29,智通港股通活跃成交|7月29日,智通财经
2020-07-29,借势百万保险人，20多家药企大突围,赛柏蓝
2020-07-29,【主力资金】尾盘跳水的医药龙头突发利好，业绩狂增11倍,证券时报网
2020-07-29,生物医药在疫情中火爆，很多投资却是孤注一掷,财经杂志
2020-07-29,关于临床试验,富途证券
2020-07-29,161亿主力资金近三日撤出全A(非陆股通重仓前100)概念股,证券时报网
2020-07-29,复星国际被下调评级回应称调降“过度悲观” 投资评级恶化,中新经纬
2020-07-29,全球产业“投资＋运营”战略发力 复星旗下多业务板块回暖,证券日报
2020-07-29,港股收盘(7.29)|恒指收涨0.45% 获蒙牛(02319)增持成最大股东 中国圣牧(01432)暴涨75%,智通财经
2020-07-29,智通AH统计|7月29日,智通财经
2020-07-29,港股医药股午后上扬,第一财经
2020-07-29,全面反弹下的三条新线索,Wind
2020-07-29,恒指震荡收高0.45%，券商、芯片股走强,Wind
2020-07-29,以时间换空间完成整个3-2调整,财经
2020-07-29,7月29日复盘：大涨之下能上车了吗？主力资金出击16股,新浪
2020-07-29,1189亿资金争夺20股：主力资金重点出击16股(名单),新浪
2020-07-29,涨停板复盘：创业板指大涨近4% 两市成交额重回万亿,新浪
2020-07-29,A股收评：沪指收涨2.06%，科技医药板块全面爆发,格隆汇
2020-07-29,A股单边上行：沪指涨逾2%逼近3300点医疗板块强势,中新经纬
2020-07-29,收评：三大指数单边上行沪指涨2% 疫苗概念现涨停潮,新浪
2020-07-29,控股股东累计质押2.04亿股，金徽酒加入“复星系”能否破局？,搜狐
2020-07-29,【行情】内地医药股走高，康希诺生物-B涨13.36%，君实生物6.25%，平安好医生涨5.33%，复星医药涨3.8%,金十数据
2020-07-29,三主线齐反弹 推升指数至压力附近,金融界
2020-07-29,生物医药持续走高 安科生物等逾10股涨停,中国经济网
2020-07-29,午评：外资引领指数反弹，疫情线延续强势,新浪
2020-07-29,午评：三大指数低开高走创指涨2.4% 生物疫苗表现亮眼,新浪
2020-07-29,7月29日早盘主力巨资抢筹四大板块(附股),金融界
2020-07-29,13股即将实施分红 复星医药派现最大方,证券时报网
2020-07-29,融资客看好2股买入占成交超三成,证券时报网
2020-07-29,率先提出“智能护理”后，派凡科技已建成物联网智慧医疗一站式解决方案【复星·星未来创业营】,动脉网
2020-07-29,【行情】疫苗板块持续拉升，智飞生物封板，西藏药业、未名医药、复星医药、华兰生物、赛升药业等集体大涨,金十数据
2020-07-29,海南海药回复深交所关注函 融资与销售模式将改善 关注函,时代在线
2020-07-29,药明生物开升逾1% 料上半年盈利增长逾58%,新浪
2020-07-29,悲观的穆迪与“苏醒”的复星国际(00656),智通财经
2020-07-29,A股融资融券日报：两融余额增加24.98亿元（7月28日）,Wind
2020-07-29,睿财看市场：三大指数缩量上涨，食品饮料板块强势领涨,恒泰睿财
2020-07-29,智通港股通占比异动统计|7月29日,智通财经
2020-07-29,港股盘前必读：泰格医药首日孖展额度高达408.35亿港元超购68.35倍,Wind
2020-07-29,智通港股通持股解析|7月29日,智通财经
2020-07-29,五粮液集团董事长李曙光率队考察复星集团,中国白酒网
2020-07-29,安信证券：新冠疫苗未来市场空间值得期待，建议关注智飞生物等,证券时报网
2020-07-29,内循环经济站上风口大消费概念股走强,证券时报
2020-07-29,CAR-T产业化之路,21世纪经济报道
2020-07-28,智通港股解盘(07.28) | 积极因素在聚焦恒指小幅反弹 恒生科技指数表现凶猛,智通财经
2020-07-28,沪港通十大成交活跃股排名（7月28日）,Wind
2020-07-28,北上资金活跃股名单(7月28日),证券时报网
2020-07-28,主力资金：19亿资金出逃疫苗黑马股 尾盘上亿资金搏杀TWS概念龙头,新浪
2020-07-28,超级大单：大资金抢筹3只科技股 杀入资金近30亿,新浪
2020-07-28,A股重磅！茅台刚刚披露业绩，上半年日赚超亿元，外资猛加仓！内循环火了，概念股名单曝光（附股）,证券时报
2020-07-28,智通港股通活跃成交|7月28日,智通财经
2020-07-28,"复星医药现1笔大宗交易 共成交1,428.25万元",新浪
2020-07-28,数据复盘| 70亿资金撤离医药生物行业 五粮液获主力大幅加仓,证券时报网
2020-07-28,两市主力资金净流出199.92亿元，医药生物行业净流出居首,证券时报网
2020-07-28,1493亿主力资金近三日撤出全A(非陆股通重仓前100)概念股,证券时报网
2020-07-28,7月28日主力资金净流出200亿元,证券时报网
2020-07-28,后疫情时代 疫苗行业将如何发展？,东方药网
2020-07-28,缩量反弹调整未结束？北上资金大笔调仓白酒医药,Wind
2020-07-28,智通AH统计|7月28日,智通财经
2020-07-28,恒指收涨0.69%，食品添加剂板块领涨,中新经纬
2020-07-28,策略日报：修复性反弹依然可期待,新浪
2020-07-28,1049亿资金争夺20股：主力资金重点出击10股(名单),新浪
2020-07-28,指数缩量反弹：白酒板块回暖 这只疫苗龙头遭抛20亿,新浪
2020-07-28,涨停板复盘：股指全天缩量震荡 资金青睐防御板块,新浪
2020-07-28,收盘丨沪指涨0.71%成交额萎缩，黄金概念股回调,第一财经
2020-07-28,新冠疫苗专题报告：未来市场空间广阔 多技术路径百家争鸣,新浪
2020-07-28,复星医药、长城汽车、海利生物等7月份大牛股大幅回调，海利生物一度跌停,Wind
2020-07-28,疫苗行业深度报告系列二：生物制品，全球的期待，新冠疫苗谁将拔得头筹？,天风证券
2020-07-28,7月28日午盘主力巨资抢筹四大板块(附股),金融界
2020-07-28,北向半日流出7亿：黄金板块集体跳水 白酒股再受热捧,新浪
2020-07-28,10股获融资客买入占成交额比超三成,证券时报网
2020-07-28,锐叔论市 大盘能否真正企稳，得看这三个因素！,腾讯网
2020-07-28,融资客看好10股买入占成交超三成,证券时报网
2020-07-28,“次新代”组团突围 康美、步长消失 19家药企闯500强,E药经理人
2020-07-28,上市药企高管层调整频繁，69家已有变动,制药网
2020-07-28,广汇汽车等52股近五日获机构净买入,证券时报网
2020-07-28,复星医药跌近6% 惟旗下新冠病毒疫苗开展I期临床,新浪
2020-07-28,暴走A股：深扒出来一只云游戏“隐形冠军”,金融界
2020-07-28,15股获融资客大手笔净买入,证券时报网
2020-07-28,15股获融资净买入额超亿元 复星医药居首,证券时报网
2020-07-28,恒指高开1.38%，消费电子产品板块领涨,中新经纬
2020-07-28,美的集团拟拆分美智光电创业板上市 多股有望持续发力,和讯
2020-07-28,中国公司6亿买断 海外新冠病毒mRNA疫苗进军国内,凤凰网
2020-07-28,A股融资融券日报：两融余额增加44.04亿元 （7月27日）,Wind
2020-07-28,复星医药高开3.5%，股价续创新高,Wind
2020-07-28,黄金突破新高 并且一路突破新高！什么时候到顶？,金融界
2020-07-28,牛市早报｜规模以上工业企业利润降幅收窄，国际金价创新高,澎湃新闻
2020-07-28,A股早报2020年7月28日星期二,Wind
2020-07-28,操盘必读｜美股收涨黄金再创新高！林芝腾讯举牌世纪华通，美的集团拟分拆美智光电创业板上市,上游新闻
2020-07-28,机构潜伏汽车民族品牌 多游资集体布局复星医药,财富动力网
2020-07-28,智通港股通占比异动统计|7月28日,智通财经
2020-07-28,智通港股通持股解析|7月28日,智通财经
2020-07-28,猎鹰看盘：成交量萎缩市场回归常态 十字星后能否反弹？,金融界
2020-07-28,焕一生物：以“AI+免疫”赋能临床，推动精准诊疗新时代【复星·星未来创业营】,动脉网
2020-07-28,港股盘前必读：泰格寻求在香港IPO中募资至多14亿美元,Wind
2020-07-28,巨丰早评：沪指围绕3200点拉锯 把握低吸机会,巨丰财经
2020-07-28,【中证盘前】林芝腾讯举牌世纪华通；美的集团拟分拆美智光电创业板上市；海欣食品上半年净利同比增逾5倍；黄金价格再创新高,中证报
2020-07-28,主力资金净流出274亿元 龙虎榜机构抢筹5股,证券时报网
2020-07-28,中信建投：新冠疫苗临床进展顺利，潜在市场空间巨大,Wind
2020-07-28,中信建投：新冠疫苗临床进展顺利，潜在市场空间巨大,证券时报网
2020-07-28,天风证券：重点关注疫苗行业优质公司 推荐智飞生物等,证券时报网
2020-07-28,智通港股通资金流向统计(T+2)|7月28日,智通财经
2020-07-28,两市成交金额跌破万亿 沪指险守3200点,上证报
2020-07-28,A股头条：新闻联播报道新三板精选层设立 创业板注册制第一股下周二申购,金融界
2020-07-28,市场短期震荡，后市将何去何从？,Wind
2020-07-28,2020年7月27日百万实盘日志,腾讯网
2020-07-27,复星医药：mRNA新冠疫苗在国内尚处1期临床试验启动阶段,澎湃新闻
2020-07-27,27日晚公告精选丨多公司获举牌；美的集团拟分拆子公司上市,21世纪经济报道
2020-07-27,A股头条之上市公司（7.28）,金融界
2020-07-27,年内累涨99%，复星医药：新冠mRNA疫苗事项尚存诸多不确定性,第一财经
2020-07-27,"复星医药现1笔大宗交易 共成交1,683.40万元",新浪
2020-07-27,主力资金：3000亿安防巨头罕见涨停 外资豪掷近8亿抢筹,金融界
2020-07-27,资金复盘｜南下资金净买入腾讯1.57亿港元！净卖出中芯国际1.72亿港元,华盛证券
2020-07-27,复星医药发生大宗交易成交折价率16.30%,证券时报网
2020-07-27,3000亿安防巨头罕见涨停，外资豪掷近8亿抢筹，尾盘资金出逃科技一哥,搜狐
2020-07-27,复星医药直线涨停，或因独享“SARS-COV-2疫苗”中国市场,药智网
2020-07-27,三批国采7月底实施方案和细则，中选规则改还是不改？,药智网
2020-07-27,复星医药(02196-HK)控股股东未有买卖公司A股,财华社
2020-07-27,游资情报｜疫苗龙头股价狂奔，机构与多路顶级游资对决！溧阳路孙哥、方新侠、作手新一联手封板,每日经济新闻
2020-07-27,智通港股通活跃成交|7月27日,智通财经
2020-07-27,股王“第二”易主，康华生物靠一支狂犬疫苗翻10倍,搜狐
2020-07-27,复星医药龙虎榜数据(7月27日）,Wind
2020-07-27,复星医药(600196.SH)近期股价涨幅较大新冠mRNA疫苗尚处于I期临床试验启动阶段,格隆汇
2020-07-27,2020年药企高管密集变动，为哪般？恒瑞、甘李、平安好医生,新浪医药
2020-07-27,机构今日买入这22股，抛售复星医药3.87亿元丨牛熊眼,第一财经
2020-07-27,北水涌入思摩尔超18亿，连续9日抛售中芯国际；南水增持海康威视,富途证券
2020-07-27,A股缩量震荡，后市怎么看？,搜狐
2020-07-27,复星医药(02196.HK)A股异动 不存在未披露重大信息,格隆汇
2020-07-27,交易异动！复星医药：不存在应披露而未披露的重大信息 近3个交易日上涨22.32%,每日经济新闻
2020-07-27,复星医药：新冠mRNA疫苗事项尚存诸多不确定因素,金融界
2020-07-27,复星医药等24股股价创历史新高,证券时报网
2020-07-27,复星医药：新冠mRNA疫苗尚处于I期临床试验启动阶段,e公司
2020-07-27,复星医药：新冠mRNA疫苗尚处于I期临床试验启动阶段,Wind
2020-07-27,复星医药近三日大涨逾22%，机构抛货顶级游资汇聚,Wind
2020-07-27,金融街下午茶2020年7月27日星期一,Wind
2020-07-27,“港版纳指”首日登场未能冲喜港股跌102点,财华社
2020-07-27,涨停板解密：三板块个股火热上攻！（7月27日）,Wind
2020-07-27,7月27日主力资金净流出274亿元,证券时报网
2020-07-27,新冠肺炎疫苗研制进入加速跑 9家企业组成第一攻关方阵,证券日报
2020-07-27,7月27日复盘：调整行情已临近尾声 主力资金出击10股,新浪
2020-07-27,基金收评 | 两市缩量收涨，黄金股受追捧！公募解读投资逻辑,第一财经
2020-07-27,27日强势板块分析：黄金概念爆发 医药板块再度活跃,证券时报网
2020-07-27,巨丰资金流向：市场缩量窄幅调整 贵金属超12亿主力增持！,巨丰财经
2020-07-27,【新华500】新华500指数（989001）27日缩量涨0.1%,新华网
2020-07-27,【异动股】复星医药(02196-HK)升势再现现扬6.4%,财华社
2020-07-27,收评：A股缩量震荡沪指涨0.26%两市成交额不足1万亿黄金概念大涨,金融界
2020-07-27,明天时间窗口关注反弹力度,新浪
2020-07-27,巨丰收评：市场回踩箱体底部 黄金疫苗逆势走强,巨丰财经
2020-07-27,A股收盘综述：上证指数缩量涨0.26%，黄金股掀涨停潮,Wind
2020-07-27,复星国际正式加入中国ESG领导者组织,新浪
2020-07-27,【天风医药丨深度】全球的期待，新冠疫苗谁将拔得头筹？——疫苗行业深度报告系列二,思医辨药
2020-07-27,生物疫苗概念走强 复星医药、康华生物、赛升药业涨停,金融界
2020-07-27,恒指跌0.09%，其它金属矿物板块领跌,中新经纬
2020-07-27,港股盘中技术分析（2020年7月27日）,--
2020-07-27,广州万隆：黄金领涨 内循环经济受追捧！,广州万隆
2020-07-27,64只股上午收盘涨停(附股),证券时报
2020-07-27,新华500指数午盘报4840.68点 涨0.20%,新华网
2020-07-27,午评|三大股指宽幅震荡 黄金概念领涨两市,新浪
2020-07-27,私家医生全程医疗健康服务，晟衷医疗定义高端医疗新模式,Ofweek
2020-07-27,午间资金流复盘：贵金属、医疗板块资金持续流入大金融、军工表现低迷,金融界
2020-07-27,医药板块走势活跃 沿三条主线布局确定性行情,证券时报网
2020-07-27,快讯：复星医药涨停 报于52.93元,金融界
2020-07-27,复星医药升近10% 报39.35港元,新浪
2020-07-27,港股异动︱复星医药(02196)A股涨停H股升9% 受益于BioNTech mRNA疫苗利好消息不断,智通财经
2020-07-27,快讯：生物疫苗板块走强 复星医药封板,新浪
2020-07-27,疫苗相关个股继续走强 复星医药封板,e公司
2020-07-27,复星医药A股封住涨停再创新高，7月份累计上涨56%,Wind
2020-07-27,东阳光药跌近13% 料中期纯利跌最多45% 盈利能力下降,新浪
2020-07-27,医药行业一周观察：三条主线布局确定性行情,国信研究
2020-07-27,复星医药(600196.SH)涨8%再创历史新高 年内累涨95%,格隆汇
2020-07-27,国信证券：三条主线布局医药行业确定性行情,Wind
2020-07-27,国信证券：三条主线布局医药行业确定性行情,e公司
2020-07-27,复星医药大涨5.15%，成交10.88亿,中新经纬
2020-07-27,复星医药大涨超8%再创新高，新冠肺炎检测板块涨超3%,Wind
2020-07-27,【行情】疫苗板块持续走高，复星医药大涨8%，智飞生物、沃森生物、康华生物、鹏鹞环保等纷纷拉升,金十数据
2020-07-27,东阳光药跌逾10% 创52周新低,新浪
2020-07-27,智通港股通持股解析|7月27日,智通财经
2020-07-27,A股融资融券日报：两融余额减少187.18亿元（7月24日）,Wind
2020-07-27,焕一生物：以AI赋能系统免疫学的临床应用，1.5年内合作26家医疗机构【复星·星未来创业营】,动脉网
2020-07-27,52只港股获南向资金大比例持有,证券时报网
2020-07-27,港股盘前必读：香港市场首批A股“杠反产品”将于今日在港交所上市,Wind
2020-07-27,【中信建投医药 | 行业周报】机构持仓再创新高 优势赛道继续看好,菊颖医药观察
2020-07-26,分众传媒，至暗时刻已过,和讯
2020-07-26,第三批国采，最新消息传出,赛柏蓝
2020-07-26,生物制品Ⅱ行业投资策略报告：新冠疫苗研发迅速推进 利润空间达百亿级,新浪
2020-07-26,老公司更具投资价值,红周刊
2020-07-25,128股本周逆市创新高：北向资金加仓29股，机构抢筹7股,证券时报
2020-07-25,上半年归母利润同比收窄，复星还值得期待吗,环球老虎财经
2020-07-25,复星国际预期上半年归母利润同比收窄 深度产业运营重振利好,证券日报
2020-07-25,触底反弹，复星(00656)增长可期,智通财经
2020-07-25,复星国际（0656.HK）穿越疫情后迎来新突破，下半年业务恢复增长可期,格隆汇
2020-07-25,复星受疫情影响已见底深度产业运营重振利好,财华社
2020-07-24,复星国际料上半年归母净利18-22亿元 最多降71.09% 盈利能力下降,观点地产网
2020-07-24,复星医药大宗交易成交37万股成交额1609.50万元,证券时报网
2020-07-24,"复星医药现1笔大宗交易 共成交1,609.50万元",新浪
2020-07-24,10万亿市场，百万人要成为兼职药代,赛柏蓝
2020-07-24,智通港股通活跃成交|7月24日,智通财经
2020-07-24,沪指击穿3200点，超3500股下跌，机构猜测大跌根源！抗跌股太稀缺，逆市新高股仅剩8只,证券时报
2020-07-24,1175只个股今日尾盘资金净流入,证券时报网
2020-07-24,智通港股52周新高、新低统计|7月24日,智通财经
2020-07-24,医药生物行业：20Q2主动公募医药持仓维持大幅超配状态 重仓集中度有所下降,新浪
2020-07-24,股东福利！43股即将分红，抢权行情能否开启？,Wind
2020-07-24,翰森制药跌逾10% 创1个月新低 连续下跌,新浪
2020-07-24,涨停板复盘：三大指数单边下挫 飘红个股不足300只,新浪
2020-07-24,石药集团跌近5% 报15.32港元,新浪
2020-07-24,港股盘中技术分析（2020年7月24日）,--
2020-07-24,从研发实力大盘点，看药企未来市场核心竞争力,制药网
2020-07-24,复星医药涨幅一度达到8.8%，股价创历史新高,Wind
2020-07-24,【异动股】青蒿素板块下挫，昆药集团(600422-CN)跌2.96%,财华社
2020-07-24,BioNTech mRNA疫苗利好消息不断 复星医药(02196)中长期投资价值尽显,智通财经
2020-07-24,题材 | 二季度公募超配医药股,中邮证券
2020-07-24,中生制药开跌近6%暂为最差蓝筹 遭高层折让逾3%减持 减持股份,新浪
2020-07-24,医疗健康行业基金2Q分析：2季度仓位同比和环比上升 风险偏好依然较高,新浪
2020-07-24,智通港股通持股解析|7月24日,智通财经
2020-07-24,A股融资融券日报：两融余额增加86.87亿元（7月23日）,Wind
2020-07-24,与美年大健康合作，脂联素检测助推糖尿病早发现4-7年，专注IVD的优尼德有何不同？【复星·星未来创业营】,动脉网
2020-07-24,A股早报2020年7月24日星期五,Wind
2020-07-24,港交所创出新高,财富动力网
2020-07-24,港股盘前必读：阿里巴巴国际站上半年平台实收交易额同比增长80%,Wind
2020-07-24,【国元视点】探底回升，压力测试凸显内在韧性,国元证券订阅号
2020-07-24,【国元资讯早班车】科创板首轮减持潮来袭,国元证券订阅号
2020-07-24,三大股指盘中下跌逾2% 围绕业绩布局结构性机会,大众证券报
2020-07-24,巨丰早评：逢调整低位进场,巨丰财经
2020-07-24,震荡企稳重拾升势 北向资金抢权分红,财富动力网
2020-07-23,分化加剧 主力拥抱军工股 北向资金净流出13.47亿元 沪深今日北上资金流向一览（2020/7/23）,--
2020-07-23,A股三大指数盘中跌逾2% 围绕业绩布局结构性机会,大众证券报
2020-07-23,涨停潮！疫苗连传好消息，下半年医改重点任务已敲定,中证报
2020-07-23,【23日资金路线图】主力资金净流出670亿元 龙虎榜机构抢筹13股,证券时报网
2020-07-23,高瓴悬了！凯莱英大改23亿定增案，究竟蕴含怎样的玄机？,Wind
2020-07-23,复星医药(02196.HK)将派发A股每股现金红利0.39元,格隆汇
2020-07-23,大盘探底回升 这一板块望成市场主线,金融界
2020-07-23,沪指探底回升 抓住三主线个股低吸,重庆商报
2020-07-23,复星医药(600196.SH)A股年报推10派3.9元股权登记日7月29日,格隆汇
2020-07-23,A股共发生130宗大宗交易成交49.23亿元（7月23日）,Wind
2020-07-23,涨停复盘 | 军工板块“热火朝天”，医药行情再度来袭,第一财经
2020-07-23,新冠病毒mRNA疫苗国内临床获批，复星医药股价逆市造好获追捧,财华社
2020-07-23,超级大单：大资金抛售的科技股名单曝光 5G龙头被卖出近14亿元,新浪
2020-07-23,主力资金：3只大白马股尾盘被砸盘 超3亿资金出逃,新浪
2020-07-23,数据复盘| 141亿主力资金撤离电子行业 中兴通讯遭主力资金净卖出逾20亿元,证券时报网
2020-07-23,秦洪看盘｜A股市场探底回稳，韧性增强,澎湃新闻
2020-07-23,1044亿主力资金近三日撤出全A(非陆股通重仓前100)概念股,证券时报网
2020-07-23,7月23日主力资金流向日报,证券时报网
2020-07-23,复星医药等23股获特大单资金净流入超2亿元,证券时报网
2020-07-23,89只股股价创历史新高,证券时报网
2020-07-23,港股回复平静升205点医药股受捧复星医药弹10%,财华社
2020-07-23,市场综述：A股V型反转，医药、军工成宝藏板块,老虎证券
2020-07-23,A股探底回升创指涨1.11% 不确定因素增加市场震荡洗盘为主,财华社
2020-07-23,沪指结束四日连涨收低0.23%，军工板块再度爆发,环球外汇网
2020-07-23,【新华500】新华500指数（989001）23日收盘涨2.73%,新华网
2020-07-23,十大上市药企透视：恒瑞医药归母净利居首 华润三九销售费用率高企,投资时报
2020-07-23,恒生指数收涨0.82%报25263点 瑞声科技(02018)涨13%领涨蓝筹,凤凰网
2020-07-23,涨停板解密：医药股逆市再现火热上攻！（7月23日）,Wind
2020-07-23,收评：港股恒指涨0.82% 苹果概念股、医药股集体上涨,新浪
2020-07-23,北向资金流出36亿：主力拥抱军工股 复星医药受青睐,新浪
2020-07-23,恒指宽幅震荡收涨0.82%，电子烟概念大涨,Wind
2020-07-23,新华制药升逾10% 报4.74港元,新浪
2020-07-23,7月23日复盘：A股向好趋势未变 主力资金出击12股,新浪
2020-07-23,新华500指数收盘报5063.19点 涨0.01%,新华网
2020-07-23,涨停板复盘：创指下探回升涨逾1% 军工股表现亮眼,新浪
2020-07-23,【异动股】世卫料疫苗最快明年初面世多只医药股涨升复星医药弹9.3%,财华社
2020-07-23,1265亿资金争夺20股：主力资金重点出击12股(名单),新浪
2020-07-23,创业板指探底回升涨逾1%，军工及疫苗股走强,21世纪经济报道
2020-07-23,北向资金流出31亿：主力拥抱军工股 复星医药受青睐,新浪
2020-07-23,巨丰资金流向：短期调整加剧市场分化 主力561亿呈现撤离！,巨丰财经
2020-07-23,96只股涨停最大封单资金2.78亿元,证券时报网
2020-07-23,收评：创业板指涨1.11% 军工及疫苗股走强,网易
2020-07-23,【异动股】青蒿素板块拉升，复星医药(600196-CN)涨停,财华社
2020-07-23,收评：三大指数探底回升沪指跌0.2% 疫苗板块再走强,新浪
2020-07-23,收评：沪指跌0.24%创业板指涨1.11%军工股、疫苗股成资金关注焦点,金融界
2020-07-23,巨丰收评：大盘探底回升 调整提供上车机会,巨丰财经
2020-07-23,【A股收盘综述】上证指数探底回升收跌0.24%，机构抱团股涨势依旧如火如荼,Wind
2020-07-23,快讯：医疗卫生板块表现强势涨1.55% 东宝生物等13只个股联袂涨停,证券日报
2020-07-23,快讯：复星医药涨停 报于47.6元,金融界
2020-07-23,中国中免、隆基股份、复星医药均打开涨停板,Wind
2020-07-23,沃森生物(300142.SZ)快速拉升涨超8%首度站上70元市值突破千亿,格隆汇
2020-07-23,融资客和北向资金齐加仓 复星医药股价创新高,证券时报网
2020-07-23,医药板块再度活跃 东宝生物复星医药等涨停,证券时报网
2020-07-23,抗疫概念股午后进一步集体走强全球疫情继续呈高爆发态势,格隆汇
2020-07-23,复星医药升近10%创52周新高 现报37.95港元,新浪
2020-07-23,异动直击|内地医药股走强，药明康德大涨7%创新高,富途证券
2020-07-23,快讯：医药股午后涨幅扩大 复星医药A股涨停H股大涨近10%,新浪
2020-07-23,午后疫苗股继续拉升 康华生物、复星医药等多股涨停,金融界
2020-07-23,【行情】疫苗股午后继续拉升，康华生物、复星医药相继封板，西藏药业、冠昊生物此前涨停，海利生物、智飞生物等跟涨,金十数据
2020-07-23,复星医药(600196.SH)封涨停板,格隆汇
2020-07-23,“不老药”又爆发了，无惧A股调整！龙头11个交易日翻倍，这些公司也在涉足,证券时报
2020-07-23,生物疫苗板块持续冲高 复星医药涨停,第一财经
2020-07-23,快讯：疫苗板块午后继续走强 复星医药等多股涨停,新浪
2020-07-23,复星医药涨9.31%，股价创历史新高,证券时报网
2020-07-23,复星医药午后封住涨停板，新冠肺炎检测板块继续拉升,Wind
2020-07-23,无惧A股调整“不老药”又爆发 龙头11个交易日翻倍,e公司
2020-07-23,午间资金流复盘：军工板块强势拉升后回落科技股资金大幅流出,金融界
2020-07-23,午评：港股恒指涨0.37% 医药、教育股上涨瑞声大涨12%,新浪
2020-07-23,北向半日流出10亿：指数下探回升 60亿资金出走计算机应用,新浪
2020-07-23,沪指半日跌1.19%科创50指数跌1.18%,中新经纬
2020-07-23,巨丰午评：金融科技陷入调整 大盘将确认箱体底部,巨丰财经
2020-07-23,7月23日早盘两市机构大单抢筹40股(名单),金融界
2020-07-23,快讯：疫苗板块表现活跃 西藏药业、复星医药涨幅均超7%,证券日报
2020-07-23,医药股再获追捧 复星医药升逾6%,新浪
2020-07-23,国药集团称新冠疫苗年底前或可上市，疫苗板块持续升温丨牛熊眼,第一财经
2020-07-23,快讯：医药股持续造好 药明康德涨7%复星医药涨6%,新浪
2020-07-23,【行情】港股医药板块盘中拉升，药明康德涨7.7%，复星医药涨6%，君实生物涨3.6%,金十数据
2020-07-23,康泰生物、智飞生物、康龙化成均创新高，复星医药大涨超6%,Wind
2020-07-23,医药板块大涨 天坛生物涨超8%,e公司
2020-07-23,药明康德升近7%破顶 报120.5港元,新浪
2020-07-23,中生制药升近3% 报10.7港元,新浪
2020-07-23,智通港股通占比异动统计|7月23日,智通财经
2020-07-23,智通港股通持股解析|7月23日,智通财经
2020-07-23,【浙商医药|周报】持续关注Q2基金重仓提升的制药创新产业链─医药行业周报,杏林建研
2020-07-22,“抢”完药物“抢”疫苗：美国政府和辉瑞、BioNTech达成6亿剂新冠疫苗购买协议,21世纪经济报道
2020-07-22,“蚂蚁”长成万亿巨无霸 谁将分享这场IPO盛宴,第一财经
2020-07-22,医院用药排行榜公布，AZ成新霸主，波立维、血栓通跌出前十,健识局
2020-07-22,刚刚！中国医药工业百强榜公布（附名单）,赛柏蓝
2020-07-22,恒指收跌2.25% 半导体板块领跌,中新经纬
2020-07-22,上证50指数率先翻绿，中国人寿、复星医药领跌,Wind
2020-07-22,7月22日午后主力巨资抢筹四大板块(附股),金融界
2020-07-22,联邦制药升近10% 报7.65港元,新浪
2020-07-22,恒指午盘微涨0.08%家具板块领涨,中新经纬
2020-07-22,蚂蚁金服指数午盘涨1.4%，财通证券获主力净流入7.4亿元,Wind
2020-07-22,快讯：29只疫苗概念股上涨 机构建议关注研发实力较强公司,证券日报
2020-07-22,7月22日券商晨会研报汇编,证券日报
2020-07-22,智通港股通占比异动统计|7月22日,智通财经
2020-07-22,科技股飙升 港股高位收市,财富动力网
2020-07-22,智通港股通持股解析|7月22日,智通财经
2020-07-22,智通港股股东权益披露|7月22日,智通财经
2020-07-21,“蚂蚁”金服长成万亿巨无霸，谁将分享这场IPO盛宴,第一财经
2020-07-21,反转来了！全球疫苗频出利好！市值超300亿的网红抗疫股却遭熔断？,格隆汇
2020-07-21,他是首富挚友 给27位高管开出1亿薪水 现又“染指”山东百年企业,搜狐
2020-07-21,智通港股解盘(07.21) | 核心蓝筹的盛宴推动恒指上涨 回归常态才是真,智通财经
2020-07-21,第三批国采，官方正式发文,赛柏蓝
2020-07-21,港股推“港版纳指”冲高577点“双马”报喜急弹7-8%,财华社
2020-07-21,智通港股52周新高、新低统计|7月21日,智通财经
2020-07-21,收评：恒指涨2.31% 科技股飙升港交所涨10%腾讯涨8%阿里涨7%,新浪
2020-07-21,恒指放量收涨2.31%，科技股大涨,Wind
2020-07-21,7月21日复盘：科技股面临重新洗牌 主力资金出击6股,新浪
2020-07-21,现在，辩未来| 2020CHC·中信证券医疗健康大会暨第九届中国医疗健康产业投资与并购CEO峰会圆满落幕,投资界
2020-07-21,A股集体收红创指涨逾1%疫苗股大涨,中新经纬
2020-07-21,蚂蚁金服指数收涨4.18%，张江高科、复星医药、凤凰传媒主力资金净流入居前,Wind
2020-07-21,互联网医疗概念午后拉升 国际医学、国新健康涨停,金融界
2020-07-21,疫苗概念再度活跃，智飞生物等涨停，新冠疫苗研发又有新进展,证券时报网
2020-07-21,大华继显：可进一步提升关注复星医药(02196-HK)和康希诺(06185-HK),财华社
2020-07-21,内地医药股午后继续走强 阿里健康涨10%中国生物制药涨9%,新浪
2020-07-21,午市前瞻：港版纳指难独力托市 料24500至25800点波动,新浪
2020-07-21,午评：恒指大涨1.88% 港交所涨9%阿里涨7%腾讯涨6%,新浪
2020-07-21,医药生物行业周报：进入中报窗口期 拥抱行业确定性,新浪
2020-07-21,生物疫苗概念走强 智飞生物涨超6%,e公司
2020-07-21,新冠肺炎检测板块造好 三诺生物、复兴医药领涨,第一财经
2020-07-21,生物疫苗概念拉升走强 海利生物涨停,中国经济网
2020-07-21,新冠肺炎检测板块造好，复星医药、乐普医疗、丽珠集团、万孚生物、安科生物普涨,Wind
2020-07-21,重磅｜全球三大新冠病毒疫苗项目同日公布新进展,21世纪经济报道
2020-07-21,恒指高开1.47% 汽车板块领涨,中新经纬
2020-07-21,中生制药升近5%破顶 报10.56港元,新浪
2020-07-21,内地医药股集体走高 药明生物涨6%中国生物制药涨4%,新浪
2020-07-21,【行情】港股医药概念股走高，药明生物涨6%，药明康德涨4%，复星医药涨3%,金十数据
2020-07-21,港股投资日历：工商银行、中国恒大等股派息,Wind
2020-07-21,估值吸引 港股收复25000点,南方财经网
2020-07-21,智通港股投资日志|7月21日,智通财经
2020-07-20,药企研发实力抢先看，研发投入是未来,药智网
2020-07-20,这些药，医院销量最好！,医药观察家网
2020-07-20,燃料电池行业周观点：氢能标准逐步落地 产业化发展再提速,新浪
2020-07-20,格隆汇个股放量排行榜|7月20日,格隆汇
2020-07-20,41股今日获机构买入评级,证券时报网
2020-07-20,1271亿主力资金近三日撤出全A(非陆股通重仓前100)概念股,证券时报网
2020-07-20,政策再次助力，互联网医疗加速发展可期--兴证海外医药周报(2020.07.13-2020.07.17),兴证医药健康
2020-07-20,利隆新媒体实控人离境不归、3个月未发工资，股东间上演“谁是卧底”,Wind
2020-07-20,【国信医药】中报前瞻环比改善，布局确定性增长（2020年7月投资策略）,GuosenHealthcare
2020-07-20,智通港股通持股解析|7月20日,智通财经
2020-07-19,格隆汇个股放量排行榜 | 7月19日,格隆汇
2020-07-19,复星医药新冠病毒mRNA疫苗国内临床获批并将于泰州开展I期临床试验,中金在线
2020-07-18,吴以芳接任复星医药董事长：相信未来5年头部企业一半收入来自创新药，复星医药要比别人快0.01秒,E药经理人
2020-07-18,【浙商医药|策略】全球接轨、替代升级─2020年医药中期投资策略,杏林建研
2020-07-18,格隆汇个股放量排行榜 | 7月18日,格隆汇
2020-07-18,2020年医药中期投资策略：全球接轨、替代升级,新浪
2020-07-18,波立维消失，AZ终于坐稳销冠！辉瑞碰壁、赛诺菲被拖累、复星直接出局，2020Q1医院用药市场大变！,E药经理人
2020-07-18,港股失守25000点关口,南方财经网
2020-07-17,智通港股解盘(07.17) | 矫枉过正恒指缩量观望 消费概念接力走强,智通财经
2020-07-17,医药生物2020下半年投资策略：产业升级 关注医药核心价值,新浪
2020-07-17,格林美正式加入中国ESG领导者组织,新浪
2020-07-17,恒指收涨0.47％报25089.17点 本周累计跌2.48％,腾讯网
2020-07-17,生物药、中成药或将纳入集采，影响近六千亿市场！,医药云端工作室
2020-07-17,格隆汇个股放量排行榜|7月17日,格隆汇
2020-07-17,港股收盘：恒指微涨约0.5% 科技股小幅反弹 阿里、腾讯、京东涨超2%,英为财情
2020-07-17,港股收盘(7.17)|恒指收涨0.47% 中资券商股跌幅居前 光大证券(06178)挫逾8%,智通财经
2020-07-17,收评：恒指涨0.47%日线七连阴 旅游、传媒股受追捧微盟涨11.26%,金融界
2020-07-17,收评：港股恒指涨0.47% 港交所大涨3%神州租车涨22%,新浪
2020-07-17,恒指缩量收涨0.47%，成交额创本月新低,Wind
2020-07-17,石药集团升近3% 报15.92港元,新浪
2020-07-17,恒指高开高走涨0.61% 食品添加剂板块领涨,中新经纬
2020-07-17,午评：港股恒指冲高回落涨0.61% 科技、医药、消费反弹,新浪
2020-07-17,港股异动|抗疫概念股走强国家药监局全力推动新冠肺炎疫苗研发上市,格隆汇
2020-07-17,【国泰君安国际】晨报：短期谨慎操作，中期“千金难买牛回头” 2020年7月17日周五,国泰君安证券香港
2020-07-17,新冠肺炎检测板块大涨超3%，硕世生物、东方生物、乐普医药、复星医药、华大基因飙升,Wind
2020-07-17,李氏大药厂涨逾3% 申请作突破性治疗药物,新浪
2020-07-17,港股医疗保健板块盘中拉升 复星医药涨逾6%,中证网
2020-07-17,港股异动 | 复星医药(02196)涨超6% 子公司mRNA疫苗(BNT162b1)获临床试验批准,智通财经
2020-07-17,2020医药生物下半年投资策略：守正出奇，把握大波段景气度变化,国信研究
2020-07-17,艾德证券期货：国内经济稳步复苏，恒生有望反弹,和讯
2020-07-17,华盛早报｜高盛加仓中国市场！315晚会万科、趣头条被批,华盛证券
2020-07-17,A股融资融券日报：两融余额减少62.73亿元（7月16日）,Wind
2020-07-17,睿财看市场： 一盆冷水，行远路艰，发展和改革才能骑稳牛,恒泰睿财
2020-07-17,智通港股通占比异动统计|7月17日,智通财经
2020-07-17,智通港股通持股解析|7月17日,智通财经
2020-07-17,港股盘前必读：复星医药子公司新型冠状病毒mRNA疫苗获临床试验批准,Wind
2020-07-17,朗迈医疗：预期营收5000万，计划冲进脊柱微创领域前三【复星·星未来创业营】,动脉网
2020-07-17,每日理财观察：6月宏观数据出炉，银保监会强调信托公司出兜底函不具法律效应,Wind
2020-07-17,7月17日热点概念与题材前瞻,新浪
2020-07-17,A股连续三日回调大消费板块成抗跌股集中营,证券时报
2020-07-16,百济神州百亿融资背后:净亏损大增 研发占比远高同行 亏损,新浪
2020-07-16,【获批】罗氏40亿抗肿瘤药遇劲敌！复星利妥昔单抗注射液再添两项适应症,汇聚南药
2020-07-16,资金复盘｜南下资金逆势净流入近22亿！加仓小米、阅文,华盛证券
2020-07-16,【主力资金】8000亿白马巨头跌停，大单资金抛售达26亿,证券时报网
2020-07-16,抗跌龙头股名单，仅46只！中报大超预期，机构扎堆上调目标价（附股）,证券时报网
2020-07-16,智通港股通活跃成交|7月16日,智通财经
2020-07-16,格隆汇个股放量排行榜 | 7月16日,格隆汇
2020-07-16,恒生指数收跌2% 失守25000点 腾讯大跌5%,英为财情
2020-07-16,恒指高开低走收跌2%吉利汽车领跌蓝筹股,中新经纬
2020-07-16,收评：恒指跌2%日线六连阴 科技、医药股遭团灭中芯国际大跌25.23% 连续下跌,金融界
2020-07-16,Wind快讯 每日医药行业动态（2020-7-16）,Wind
2020-07-16,恒指高开低走收跌2%，中芯国际跌超25%,Wind
2020-07-16,A股大跌4.5%，“接着洗盘，接着跌”，明天还会继续大跌吗？,--
2020-07-16,港股恒指大跌2%失守25000点 科技、医药、消费团灭,新浪
2020-07-16,1714亿资金争夺20股：主力资金重点出击1股(名单),新浪
2020-07-16,涨停板复盘：三大股指全线重挫 两市跌停超200家,新浪
2020-07-16,复星医药跌近10% 报31.1港元,新浪
2020-07-16,快讯：复星医药跌停 报于38.55元,金融界
2020-07-16,医药股上演估值杀：君实生物、康诺希生物跌超10%,新浪
2020-07-16,恒生指数午盘收跌1.17%报25183点 中芯国际(00981)急挫17%,凤凰网
2020-07-16,恒指跌1.17%报25183.08点 半导体板块领跌,中新经纬
2020-07-16,午评：恒指大跌1.17% 中芯国际遭杀跌成交量是腾讯3倍 连续下跌,新浪
2020-07-16,港股开盘丨恒指开盘涨0.27% 中芯国际高开逾2%,第一财经
2020-07-16,A股：复宏汉霖，中国生物制药尖子生，下一个恒瑞医药！,搜狐
2020-07-16,港股恒指跌超1% 中芯国际遭杀跌科技医药强势股重挫 连续下跌,新浪
2020-07-16,复星系普涨 复星国际升逾2%主动买盘76%,新浪
2020-07-16,两融透析：融资客热情有消退“喝酒吃药”组合依然经典,金融界
2020-07-16,23股获融资净买入额超亿元 中信证券居首,证券时报网
2020-07-16,恒指高开0.27%报25549.40点 蒙牛乳业领涨蓝筹股,中新经纬
2020-07-16,A股早报2020年7月16日星期四,Wind
2020-07-16,A股融资融券日报：两融余额增加10.73亿元（7月15日）,Wind
2020-07-16,智通港股通占比异动统计|7月16日,智通财经
2020-07-16,智通港股通持股解析|7月16日,智通财经
2020-07-16,复星医药(02196.HK)控股子公司新冠病毒mRNA疫苗获药品临试批准,格隆汇
2020-07-16,复星医药(600196.SH)：与BioNtech合作研发mRNA疫苗获批临试,格隆汇
2020-07-16,复星医药：子公司新型冠状病毒mRNA疫苗获临床试验批准,Wind
2020-07-16,复星医药：控股子公司上海复星医药产业发展有限公司收到国家药品监督管理局关于其获许可的新型冠状病毒mRNA疫苗（BNT162b1）用于预防新型冠状病毒肺炎的临床试验批准,金十数据
2020-07-16,早间公告：复星医药子公司新冠疫苗获临床试验批准,e公司
2020-07-16,连续回购市值回涨超百亿 信立泰能否救赎还看新集采,投资者网
2020-07-16,浙商早知道 | 7月17日,浙商证券研究所
2020-07-15,【收盘简评】2020-07-15,赢家之星
2020-07-15,分拆上市提振股价，是蜜糖还是砒霜?,智通财经
2020-07-15,【15日资金路线图】主力资金净流出1126亿元 龙虎榜机构抢筹21股,证券时报网
2020-07-15,港股通成交活跃股追踪这3股近一个月首次上榜,证券时报网
2020-07-15,智通港股解盘(07.15) | 港股扛住利空强势震荡 科技股一战意义重大,智通财经
2020-07-15,【超级大单】突发利好，11亿大资金抢筹这只疫苗股,证券时报网
2020-07-15,【主力资金】千亿资金净流出！7股出逃最凶，尾盘资金猛砸科技股,证券时报网
2020-07-15,智通港股通活跃成交|7月15日,智通财经
2020-07-15,复星医药等19股获特大单资金净流入超2亿元,证券时报网
2020-07-15,数据复盘|主力资金净流出1126亿元 309股被净卖出超亿元,证券时报网
2020-07-15,复星医药子公司恶性肿瘤新药获新进展，股价涨10.58%,资本邦
2020-07-15,年内最高赚超90%！医药主题基金继续乘风破浪,中投网
2020-07-15,涨停板解密：政策利好，旅游产业股火热爆发！（7月15日）,Wind
2020-07-15,北水动向(7.15)|北水净流入20.53亿 科创板上市利好将兑现 沽售中芯国际(00981)逾10亿,智通财经
2020-07-15,1070只个股今日尾盘资金净流入,证券时报网
2020-07-15,格隆汇个股放量排行榜 | 7月15日,格隆汇
2020-07-15,三大概念受24亿主力资金追捧,证券时报网
2020-07-15,恒指高开低走微涨0.01%半导体板块跌幅居前,中新经纬
2020-07-15,智通港股52周新高、新低统计|7月15日,智通财经
2020-07-15,港股收盘(7.15)|恒指收涨0.01% 国内跨省游重启 旅游概念股集体上扬,智通财经
2020-07-15,市场综述：牛市“飘到”美股，三大板块“组团”上涨,老虎证券
2020-07-15,15日强势板块分析：酒店餐饮板块大幅走高 食品饮料股活跃,证券时报网
2020-07-15,收评：恒指震荡近600点微涨0.01% 芯片股全线熄火中芯国际跌8.01%,金融界
2020-07-15,收评：港股尾盘翻红涨0.01% 旅游股爆发美兰空港涨21%,新浪
2020-07-15,越跌越买！主力疯狂抄底标的曝光,搜狐
2020-07-15,7月15日复盘：阶段性调整是否开始？主力资金出击5股,新浪
2020-07-15,"北向尾盘抄底：百亿主力逃离半导体 还有""中芯""概念股挣扎跌停",新浪
2020-07-15,涨停板复盘：指数集体跌逾1% 题材概念多数下行,新浪
2020-07-15,巨丰资金流向：两市大幅回落调整 近千亿主力资金再现出逃！,巨丰财经
2020-07-15,巨丰收评：两市宽幅震荡进行多空换手 明日公布重磅消息,巨丰财经
2020-07-15,107只股涨停最大封单资金12.52亿元,证券时报网
2020-07-15,港股午评|恒指高开低走，半导体板块领跌，中芯国际跌超7%,富途证券
2020-07-15,复星医药、冠昊生物、海特生物午后回封涨停，创新药板块涨幅再次达到3%,Wind
2020-07-15,恒指高开低走跌0.55%半导体板块领跌,中新经纬
2020-07-15,“走进港美股上市公司”广州站 豪华调研团实力对话四家上市公司,智通财经
2020-07-15,巨丰午评：科技股回落引发调整 市场迎来风险释放期！,巨丰财经
2020-07-15,午评：港股恒指高开低走跌0.55% 医药股走高华为概念大跌 连续下跌,新浪
2020-07-15,港股午评：恒指跌0.55%手机概念股、半导体领跌中芯国际大跌逾7%,格隆汇
2020-07-15,北向资金继续流出：主力追捧白电股 券商龙头遭抛11亿,新浪
2020-07-15,A股下探：沪指跌1.39%再失3400点，科技股集体走低,中新经纬
2020-07-15,解盘：资金流出，科技股领跌，创新药、白酒略涨,Wind
2020-07-15,A股午盘综述：上证指数午盘跌1.39%，5G、半导体跌幅靠前,Wind
2020-07-15,快讯：医药制造板块开盘1小时涨0.89% 获4.85亿元大单资金净买入,证券日报
2020-07-15,石药集团扬近4%创逾5个月高位 抗炎药获注册批件,新浪
2020-07-15,复星医药强势涨停、恒瑞医药再创新高，提振创新药板块,Wind
2020-07-15,快讯：复星医药涨停 报于42.83元,金融界
2020-07-15,丽珠医药升近6%破顶 报42.15港元,新浪
2020-07-15,医药板块拉升 九典制药等涨停,每日经济新闻
2020-07-15,港股复星医药涨9.13% 控股子公司获准开展临床试验,证券时报网
2020-07-15,复星医药AH股均涨超6% 子公司新药获批用于两项新增适应症,格隆汇
2020-07-15,医药股大涨，海特生物触及涨停,Wind
2020-07-15,快讯：医药板块异动拉升 九典制药、海普瑞先后封板,新浪
2020-07-15,医药板块拉升 华为概念板块低开低走,红周刊
2020-07-15,港股医药股走强，金斯瑞生物科技涨幅扩大至8%,Wind
2020-07-15,复星医药抽升6% 旗下恶性肿瘤药品获批临床试验,新浪
2020-07-15,港股异动︱复星医药(02196)涨超8% 子公司新药获准开展临床试验,智通财经
2020-07-15,7月13日周一，德国生物技术公司BioNTech和美国制药巨头辉瑞在实验中的新冠病毒疫苗获得美国食品与药品管理局（FDA）的「快速通道」地位，这意味着相关监管审查将加速。另外，7月初辉瑞和BioNTech宣布，双方联合开发的基于mRNA的新冠病毒疫苗BNT162b1在Ⅰ/Ⅱ期临床试验中取得积极结果。,富途证券
2020-07-15,华创事件驱动早报7-15：腾讯正式推出微信小商店；火星探测任务即将启动,华创证券研究
2020-07-15,智通港股通占比异动统计|7月15日,智通财经
2020-07-15,智通港股通持股解析|7月15日,智通财经
2020-07-15,印媒：复星撤出3亿美元的印度医疗投资磋商,Wind
2020-07-15,美股盘中：市场权衡财报表现和疫情风险 摩根大通财报强劲但隐患犹存,FX168
2020-07-15,药企高管密集变动：行业生态变化倒逼企业组织变革,21世纪经济报道
2020-07-14,格隆汇港股聚焦(7.14)︱中国人寿上半年原保费收入4280亿元山东黄金、中联重科上半年净利大幅预增,格隆汇
2020-07-14,复星医药(600196.SH)：汉霖制药获利妥昔单抗注射液补充申请批准通知书,格隆汇
2020-07-14,复星医药：控股子公司收到利妥昔单抗注射液补充申请批准通知书,中证网
2020-07-14,晚间公告热点追踪：昔日10倍股千山药机被终止上市,新浪
2020-07-14,复星医药：控股子公司FCN-338片获药品临床试验通知书,中证网
2020-07-14,每日医药简讯：复星医药获临床试验注册审评受理、宏力医疗港交所上市,新康界
2020-07-14,复星医药控股子公司FCN-338片获临试通知,中国证券网
2020-07-14,格隆汇个股放量排行榜|7月14日,格隆汇
2020-07-14,智通港股52周新高、新低统计|7月14日,智通财经
2020-07-14,复星医药(02196.HK)子公司获药品补充申请批准通知书,格隆汇
2020-07-14,复星医药(02196.HK)：用于血液系统恶性肿瘤治疗新药获准临床试验,格隆汇
2020-07-14,恒指弱势震荡收跌1.14%博彩股逆市上扬,中新经纬
2020-07-14,复星医药(600196.SH)：控股子公司获药品临床试验通知书,格隆汇
2020-07-14,石药集团跌逾3% 报15.72港元,新浪
2020-07-14,7月14日复星医药新冠病毒mRNA疫苗临床申请获受理,--
2020-07-14,更美APP用刘诗诗伊能静照片宣传构成侵权 共判赔33万 诉讼纠纷,中国经济网
2020-07-14,恒指低位震荡跌1.71%汽车股、金融股走弱,中新经纬
2020-07-14,港股午评|恒指走弱跌超400点，博彩股逆市大涨,富途证券
2020-07-14,郭广昌：复星和BioNtech研发预防新冠病毒疫苗获药监局受理,新浪
2020-07-14,复星医药(02196-HK)附属获授权的新冠疫苗获药品临床试验申请受理,财华社
2020-07-14,复星医药涨超2%，获BioNTech授权的新冠疫苗在国内获批临床,老虎证券
2020-07-14,复星医药获BioNTech授权的新冠mRNA疫苗在国内获批临床，国外临床数据将于7月发布,21世纪经济报道
2020-07-14,国泰君安君得明混合基金最新净值涨幅达1.56％,金融界
2020-07-14,复星医药升逾3% 成交约580万股,新浪
2020-07-14,复星医药（02196）获许可的COVID-19mRNA疫苗获国家药监局临床试验注册审评受理,智通财经
2020-07-14,港股异动|复星医药AH股齐涨逾5%新冠病毒mRNA疫苗获临床试验注册审评受理,格隆汇
2020-07-14,【港股通】复星医药新冠疫苗临床申请获受理 股价高涨近4%,凤凰网
2020-07-14,【异动股】复星医药(02196-HK)初段连续大涨两天曾扬5.5%,财华社
2020-07-14,港股异动︱复星医药(02196)早盘涨超9% mRNA疫苗(BNT162b1)获药监局临床试验注册审评受理,智通财经
2020-07-14,港股开盘(7.14)︱恒指跌0.42% 永胜医疗(01612)发盈喜早盘高开12%,智通财经
2020-07-14,智通港股通占比异动统计|7月14日,智通财经
2020-07-14,智通港股通持股解析|7月14日,智通财经
2020-07-14,港股盘前必读：腾讯云自研分布式HTAP数据库TBase正式发布最新开源版本,Wind
2020-07-14,格隆汇港股通5日资金流入流出排行榜|7月13日,格隆汇
2020-07-13,复星医药(02196)：新型冠状病毒mRNA疫苗(BNT162b1)获药监局临床试验注册审评受理,智通财经
2020-07-13,复星医药(02196.HK)：新冠病毒mRNA疫苗(BNT162b1)获国家药监局临床试验注册审评受理,格隆汇
2020-07-13,复星医药：子公司新型冠状病毒mRNA疫苗获临床试验注册审评受理,中证网
2020-07-13,A股头条之上市公司（7.14）,金融界
2020-07-13,复星医药(600196.SH)：新型冠状病毒mRNA疫苗获临床试验注册审评受理,格隆汇
2020-07-13,复星医药：用于预防新型冠状病毒疫苗获国家药监局临床试验注册审评受理,Wind
2020-07-13,7月13日主力资金净流出181亿元,证券时报网
2020-07-13,港股扭跌为升微扬44点比亚迪推“汉”暴涨16%创新高,财华社
2020-07-13,格隆汇个股放量排行榜 | 7月13日,格隆汇
2020-07-13,恒指冲高回落微涨0.17% 汽车股集体走强,中新经纬
2020-07-13,【异动股】多只药股获追捧药明生物(02269-HK)曾升8.6%,财华社
2020-07-13,复星医药董事长陈启宇卸任上海复星保业投资管理有限公司法定代表人 董监高成员变化,e公司
2020-07-13,复星医药升近10% 创1个月新高,新浪
2020-07-13,复星医药拟分拆控股子公司GLANDPHARMA在印度和孟买上市,投中网
2020-07-13,恒指早盘震荡收涨0.92%金属矿物板块领涨,中新经纬
2020-07-13,复星国际拟分拆GLAND PHARMA在印度及孟买交易所独立上市,资本邦
2020-07-13,快讯：疫苗板块整体涨幅超3% 机构称概念股存脉冲式上涨机会,证券日报
2020-07-13,复星医药涨3.38%创近2个月新高，报36.74元,中新经纬
2020-07-13,晨会聚焦200713重点关注半导体专题、立思辰、轻工行业、医药行业、香港交易所、芒果超媒、金发科技、视觉中国,国信研究
2020-07-13,香港联交所批准复星医药(02196)分拆Gland Pharma境外上市,智通财经
2020-07-13,这10家公司发布公告有看点 机构牢牢紧盯这类潜力个股,巨丰财经
2020-07-13,新华财经早报：7月13日,中国金融信息网
2020-07-13,医药行业一周观察：中报季来临 关注疫情受益板块,新浪
2020-07-13,智通港股通占比异动统计|7月13日,智通财经
2020-07-13,智通港股通持股解析|7月13日,智通财经
2020-07-13,私家医生全程医疗健康服务，晟衷医疗定义高端医疗新模式【复星·星未来创业营】,动脉网
2020-07-13,股海导航 7月13日沪深股市公告提示,新浪
2020-07-13,智通港股通资金流向统计(T+2)|7月13日,智通财经
2020-07-13,格隆汇港股通5日资金流入流出排行榜 | 7月12日,格隆汇
2020-07-12,A股头条之上市公司（7.13）,金融界
2020-07-12,7月13日上市公司重要公告集锦：金新农上半年净利同比预增854%-1028%,证券日报
2020-07-12,晚间公告热点追踪：山东国企改革提速 多家公司宣布重组,新浪
2020-07-12,晚间重要公告2020年7月12日星期日,Wind
2020-07-12,复星医药：分拆控股子公司印度上市获港交所批准,Wind
2020-07-12,格隆汇个股放量排行榜 | 7月12日,格隆汇
2020-07-12,【民生医药|周报】板块跑赢大盘，坚守 CXO 和 API 领域,杏林建研
2020-07-12,复星医药(600196.SH)：Gland Pharma就股份在印度上市申请原则性批准,格隆汇
2020-07-11,狂犬疫苗短缺背后,经济观察网
2020-07-11,复星医药(02196-HK)分拆GlandPharma印度上市,财华社
2020-07-10,格隆汇港股聚焦(7.10)︱舜宇6月手机镜头出货量升16.5%至1.18亿件乐游科技与腾讯订立私有化独家协议,格隆汇
2020-07-10,复星拟分拆Gland Pharma在印度独立上市，提供独立融资平台,21世纪经济报道
2020-07-10,复星称Gland Pharma提交IPO申请 寻求在印度上市,新浪
2020-07-10,复星医药(02196.HK)及复星国际(00656.HK)：GlandPharma在印度递交非正式招股书草稿,格隆汇
2020-07-10,复星医药及复星国际：建议分拆GLAND PHARMA并在印度国家证券交易所及孟买证券交易所独立上市,e公司
2020-07-10,复星国际：拟分拆GLAND PHARMA LIMITED并在印度及孟买证交所独立上市,Wind
2020-07-10,上市药企中期业绩陆续出炉 鱼跃医疗等预计增长超100% | 医资周报,金融界
2020-07-10,复星医药子公司拟为汉霖医药申请不超过7亿元保证担保,资本邦
2020-07-10,格隆汇个股放量排行榜|7月10日,格隆汇
2020-07-10,复星医药：控股子公司拟分拆并计划在印度证交所及孟买证交所上市,36氪
2020-07-10,李氏大药厂飙逾22% 拟分拆眼科公司上市,新浪
2020-07-10,三生制药上涨5.03% 分拆三生国健科创板上市,新浪
2020-07-10,埃泽思生物：临床级细胞培养产品供应商，合作200+下游细胞治疗企业定制服务【复星·星未来学员】,动脉网
2020-07-10,智通港股通持股解析|7月10日,智通财经
2020-07-09,疯狂的并购机器停摆，誉衡药业控股股东破产 减资破产,时代在线
2020-07-09,风口起飞，集采混战，海外抢攻，“黑马”新冠试剂还能热多久？,新浪医药
2020-07-09,格隆汇个股放量排行榜|7月9日,格隆汇
2020-07-09,复星医药(02196)控股子公司拟为汉霖医药提供担保 大额借贷担保,智通财经
2020-07-09,复星医药(02196.HK)：复宏汉霖拟为汉霖医药不超6.97亿元贷款提供担保 大额借贷担保,格隆汇
2020-07-09,药品研发专题分析报告：国内巨头竞争优势明确 海外巨头静待新品上市小高潮,新浪
2020-07-09,复星集团：下调“18复星03”票面利率至3.00%,Wind
2020-07-09,锂电池正极材料龙头股 2020年锂电池正极材料发展趋势,中国电池网
2020-07-09,恒指高开0.85%报26351.13点 半导体板块领涨,中新经纬
2020-07-09,中信证券：药品研发国内巨头竞争优势明确 重点推荐恒瑞医药等,证券时报网
2020-07-09,智通港股通持股解析|7月9日,智通财经
2020-07-09,晨会0709｜二次疫情下的欧美“宅需求”,中信证券研究
2020-07-08,格隆汇个股放量排行榜|7月8日,格隆汇
2020-07-08,恒指收涨0.59%报26129.18点航空航天军工板块领涨,中新经纬
2020-07-08,恒指涨0.34%报26063.51点 航空航天军工板块领涨,中新经纬
2020-07-08,药明康德升逾3%破顶 报104港元,新浪
2020-07-08,智通港股通持股解析|7月8日,智通财经
2020-07-08,上市医药企业资本变局：扎堆分拆上市，抢占高估值风口,Wind
2020-07-08,拨云见日：国产生物类似药上市潮初现,21世纪经济报道
2020-07-08,上市医药企业资本变局：扎堆分拆上市 抢占高估值风口,21世纪经济报道
2020-07-07,格隆汇个股放量排行榜|7月7日,格隆汇
2020-07-07,骨科手术机器人公司天智航涨超614% 刷新科创板首日涨幅纪录,腾讯网
2020-07-07,青桐资本观察：分子诊断进击2020，如何持续领跑IVD？,36氪
2020-07-07,7日公司新闻聚焦：复星系退出粤高速A 珠海国资加码宝鹰股份,证券时报网
2020-07-07,智通港股通持股解析|7月7日,智通财经
2020-07-07,【华金证券晚间资讯（20200706）】,华金研究
2020-07-07,上市公司正负面新闻2020年7月7日星期二,Wind
2020-07-06,亚特集团解除质押金徽酒股份7327万股 推进复星系收购事项,中华网
2020-07-06,晚间重要公告2020年7月6日星期一,Wind
2020-07-06,6日晚公告精编丨中信建投称不存在未披露的重大信息，四连板浙商证券、海汽集团提示风险,21世纪经济报道
2020-07-06,复星系退出粤高速A 山东高速接盘,e公司
2020-07-06,复星医药(02196)为附属贷款提供担保 大额借贷担保,智通财经
2020-07-06,复星医药(02196)：复健基金管理公司拟任苏州基金及天津基金的基金管理人并提供基金管理服务,智通财经
2020-07-06,格隆汇个股放量排行榜|7月6日,格隆汇
2020-07-06,7月6日上市公司晚间公告速递,新浪
2020-07-06,龙湖世茂旭辉背后美国资本魅影,乐居财经
2020-07-06,复星医药：拟与Kite Pharma现金增资复星凯特 为其后续研发和生产提供资金支持,发布易
2020-07-06,复星医药：子公司拟1000万美元增资复星凯特,e公司
2020-07-06,复星医药(02196.HK)拟为子公司复星实业(香港)不超5000万美元贷款提供担保 大额借贷担保,格隆汇
2020-07-06,复星医药(600196.SH)子公司拟对复星凯特等比例增资1000万美元,格隆汇
2020-07-06,复星医药:BioNTech疫苗迎重磅进展,投资家
2020-07-06,36氪独家 | 复星集团原CFO王灿出任美菜CFO，但美菜IPO或将延期,36氪
2020-07-06,部分医药股有回吐 中生制药突跌近3%派送中期息,新浪
2020-07-06,三生制药升近10% 创1个月新高,新浪
2020-07-06,石药集团升逾3% 创1个月新高,新浪
2020-07-06,恒指高开0.68%报25545.54点 证券及经纪板块领涨,中新经纬
2020-07-06,智通港股通持股解析|7月6日,智通财经
2020-07-05,A股七月急翻身，券商不是一枝独秀，医药+科技+白马股（名单）,搜狐
2020-07-04,国信证券 | 7月十大金股,国信研究
2020-07-03,信邦制药陷多元化困局,证券市场周刊
2020-07-03,沪指站上3100！接下来机会在哪里？,菜鸟理财
2020-07-03,辉瑞/BioNTech新冠疫苗1/2期结果积极,新浪
2020-07-03,一批知名药企要上市,赛柏蓝
2020-07-03,恒指高开0.78%家具板块领涨,中新经纬
2020-07-03,核酸检测背后的生意:有人月赚千万 但担心不会长久,网易
2020-07-03,智通港股通持股解析|7月3日,智通财经
2020-07-02,中欧恒利三年上半年亏6.4% 曹名长掌舵:3年扭亏为盈？,新浪
2020-07-02,海普瑞H股发行价确定 “A+H”双融资平台呼之欲出,每经网
2020-07-02,复星医药(600196)：创新研发+医药专业投资 布局优势显现,国联证券
2020-07-02,68家知名药企高管变动 多重因素叠加医药人承压,中国网
2020-07-02,巨·热点｜主板市场迎来强势上涨 绩优蓝筹板块获青睐！,巨丰财经
2020-07-02,太阳马戏团申请破产，二股东复星强调将助力“保留和重建品牌”,环球旅讯
2020-07-02,猎聘协办人社部民营企业招聘月活动 助力民营企业复产达产,中新网
2020-07-02,中生制药升逾3% 报15.04港元,新浪
2020-07-02,【信达看盘】2020.7.2,信达证券上海
2020-07-02,新冠肺炎检测板块急速拉升，复星医药大涨超7%,Wind
2020-07-02,华兰生物、长春高新、天士力……上半年 多家药企分拆子公司上市,新浪
2020-07-02,【首发】“数字病理+AI”平台91360完成新一轮数千万融资，叩响未来病理之门,动脉网
2020-07-02,智通港股通资金流向统计(T+2)|7月2日,智通财经
2020-07-01,【盘点】2020年上半年美国FDA批准的24创新疗法，6款已被中国药企引入大中华区开发！,生物谷
2020-07-01,安全芯片重大突破！11亿资金扫货龙头股，三家机构重金杀入,证券时报网
2020-07-01,【民生医药|行业周报】板块普涨，关注成长性更强的 CXO和API板块,杏林建研
2020-07-01,部分药企扎堆新冠疫苗研发只为蹭热度？,中国网
2020-07-01,7月1日午盘主力巨资抢筹四大板块(附股),金融界
2020-07-01,湖北省开始上报第三批集采品种采购数据：第三批带量采购预计7月份展开,新浪
2020-07-01,智通港股通资金流向统计(T+2)|7月1日,智通财经
2020-07-01,6月小结，6月30日吉祥鹿实盘交易日记,腾讯网
2020-06-30,龚平获任复星医药(02196)审计委员会成员,智通财经
2020-06-30,复星医药(02196)将派2019年度末期股息每股0.39元,智通财经
2020-06-30,复星医药(02196.HK)选举龚平及潘东辉为非执行董事,格隆汇
2020-06-30,沐海宁辞任复星医药(02196)非执行董事等职务 董监高成员变化,和讯
2020-06-30,复星启动“千英计划”招收过千名应届毕业生 郭广昌上阵揽才,证券时报
2020-06-30,复星医药关于非执行董事辞职的公告 董监高成员变化,新浪
2020-06-30,复星医药：沐海宁辞去非执行董事等职务 董监高成员变化,Wind
2020-06-30,恒指收涨0.52%报24427.189点 香港交易所涨逾3%,中新经纬
2020-06-30,石药集团升逾3% 报14.78港元,新浪
2020-06-30,医药企业扎堆挤进“新冠疫苗研发”赛道 部分企业无实质进展只为“蹭热度”？,中国网
2020-06-30,起底风口之上的核酸检测,健康界
2020-06-30,华润医药升逾5% 报4.42港元,新浪
2020-06-30,恒指高开0.69% 国企指数涨0.77%,中新经纬
2020-06-30,智通港股通持股解析|6月30日,智通财经
2020-06-29,复星医药(02196)：RT002用于颈部肌张力障碍治疗获国家药监局临床试验注册审评受理,智通财经
2020-06-29,复星医药(02196.HK)：治疗颈部肌张力障碍新药获国家药监局临床试验受理,格隆汇
2020-06-29,投资人视角丨国家联采办“拍了拍”各大药企，第三批药品集采工作蓄势待发！,E药经理人
2020-06-29,复星医药(600196.SH)：复星医药产业药品临床试验申请获受理,格隆汇
2020-06-29,68家药企高管离职！ 董监高成员变化,蒲公英
2020-06-29,Wind快讯| 每日医药行业动态（2020-6-29）,Wind
2020-06-29,巨·热点｜市场调整引分化 四大题材受追捧！,巨丰财经
2020-06-29,康龙化成升逾4% 创上市新高,新浪
2020-06-29,复星医药子公司复创医药FCN-011胶囊临床试验获批,资本邦
2020-06-29,启明创投梁颕宇独家讲述投资甘李药业10年市值暴增73倍的背后故事,21世纪经济报道
2020-06-29,复星医药两款自主研发抗肿瘤1类新药获批临床,金融界
2020-06-29,快讯：呼吸机概念板块逆市走强 戴维医疗等个股涨逾2%,证券日报
2020-06-29,丽珠医药升近4% 创上市新高,新浪
2020-06-29,新冠疫苗研发传捷报，概念股大涨，康华生物涨停丨牛熊眼,第一财经
2020-06-29,华盛早报 | 新冠疫苗再获新进展！两医疗新股今日上市,华盛证券
2020-06-29,智通港股通占比异动统计|6月29日,智通财经
2020-06-29,智通港股通持股解析|6月29日,智通财经
2020-06-29,华创事件驱动早报6-29：新冠疫苗研发再传捷报；商业银行有望获得券商牌照,华创证券研究
2020-06-29,A股头条：证监会回应向商业银行发放券商牌照传言，首批四只创业板战略配售基金来了,金融界
2020-06-28,A股头条之上市公司（6.29）,金融界
2020-06-28,复星医药(02196.HK)：拟为控股子公司复星实业提供担保 大额借贷担保,格隆汇
2020-06-28,复星医药(02196.HK)：FCN-159片用于I型神经纤维瘤的治疗获批开展临床试验,格隆汇
2020-06-28,复星医药(02196)：FCN-159片用于I型神经纤维瘤的治疗获批开展I期临床试验,智通财经
2020-06-28,复星医药(02196)拟为复星实业5000万美元融资额度提供担保 大额借贷担保,智通财经
2020-06-28,一批新药将上市：恒瑞、赛诺菲、默沙东…,赛柏蓝
2020-06-28,医药生物行业周报：拥抱药物创新和器械创新大时代,新浪
2020-06-28,【关注】上半年药企人事密集变动,汇聚南药
2020-06-28,复星医药(600196.SH)：FCN-011胶囊用于实体瘤治疗获批开展临床试验,格隆汇
2020-06-28,复星医药(600196.SH)：FCN-159片用于I型神经纤维瘤的治疗获批开展临床试验,格隆汇
2020-06-28,复星医药：国家药监局同意FCN-159片开展临床试验,格隆汇
2020-06-27,罗氏取消部分药代销售指标,赛柏蓝
2020-06-27,GIL行业步入快速发展期,红周刊
2020-06-27,第三批集采最新消息！560亿市场巨震 14个品种抢手,东方药网
2020-06-26,石药集团升逾3% 报14.64港元,新浪
2020-06-26,智通港股通占比异动统计|6月26日,智通财经
2020-06-25,智通港股通占比异动统计|6月25日,智通财经
2020-06-25,智通港股通持股解析|6月25日,智通财经
2020-06-25,A股头条：证监会核发5家公司IPO批文 创业板第三批受理名单出炉,金融界
2020-06-24,格隆汇港股聚焦(6.24)︱雅居乐集团拟分拆旗下雅城于港交所独立上市圆通速递国际料中期纯利同比大增,格隆汇
2020-06-24,A股头条之上市公司（6.25）,金融界
2020-06-24,晚间公告热点追踪：创业板第一高价股卓胜微遭股东减持,新浪
2020-06-24,复宏汉霖-B(02696.HK)与复星医药(02196.HK)订立SAP实施协议,格隆汇
2020-06-24,复星医药(02196)：复宏汉霖与Accord就新增许可规格等达成一致,智通财经
2020-06-24,复星医药(02196)：用于中重度眉间纹治疗的RT002获国家药监局临床试验注册审评受理,智通财经
2020-06-24,综述：中欧合作助力全球新冠疫苗研发“提速”,新华网
2020-06-24,复星医药(600196.SH):复宏汉霖与Accord签订补充协议 新增60mg、420mg规格注射剂,格隆汇
2020-06-24,复星医药：控股子公司获药品临床试验申请受理,Wind
2020-06-24,全球新冠疫苗研发大作战，谁将拔得头筹？,时代在线
2020-06-24,复星医药(600196.SH)：治疗中重度眉间纹新药临床试验申请获受理,格隆汇
2020-06-24,新冠疫苗大消息！这只A股涨疯了：6天拉出4个涨停板！,中国基金报
2020-06-24,石药集团升近5% 创1个月新高,新浪
2020-06-24,石药集团升逾3% 报14.32港元,新浪
2020-06-24,国药控股抽升近4% 成交约278万股,新浪
2020-06-24,长江生技飙逾19% 黑色素瘤疫苗获FDA批快速通道,新浪
2020-06-24,恒生指数开盘涨0.51% 腾讯股价站上500港元,中新经纬
2020-06-24,智通港股通持股解析|6月24日,智通财经
2020-06-24,药企与资本联袂：全球新冠疫苗研发加速度,21世纪经济报道
2020-06-23,复星医药：银行间市场交易商协会接受公司中期票据注册,中证网
2020-06-23,复星医药(02196.HK)完成注册50亿元中期票据,格隆汇
2020-06-23,复星医药(600196.SH)：获接受注册50亿元的中期票据,格隆汇
2020-06-23,中生制药升逾3% 报14.9港元,新浪
2020-06-23,恒指高开0.12%，腾讯股价续刷历史新高,中新经纬
2020-06-23,【医药2020H1业绩前瞻】刚需属性逐步显现，Q2业绩加速趋势明显,兴证医药健康
2020-06-23,博实乐教育(BEDU.US)、美的置业(03990)、百奥家庭互动(02100)、汇量科技(01860)实地调研报名中,智通财经
2020-06-23,智通港股通持股解析|6月23日,智通财经
2020-06-22,【民生医药|周报】持续推荐特色原料药及医药服务，关注全国集采后的替代空间,杏林建研
2020-06-22,【超级大单】凶悍！外资爆买5个亿，半导体龙头被抢筹,证券时报网
2020-06-22,格隆汇个股放量排行榜|6月22日,格隆汇
2020-06-22,上证50指数震荡翻绿，三一重工、复星医药跌幅居前,Wind
2020-06-22,智通港股通持股解析|6月22日,智通财经
2020-06-21,【民生医药|周报】医药牛市思考，选赛道vs选标的,杏林建研
2020-06-21,阳勇:用钻石的标准高品质选股 看好医药行业12个方向,和讯
2020-06-21,【药咖君】2款全球TOP10畅销药“危”；默沙东PD-1“双喜”；$89.8亿临床急需药上市、恒瑞1类新药,药智网
2020-06-21,疫情常态化下，医药投资的变与不变,中信建投证券研究
2020-06-20,首台5G+氢燃料电动无人驾驶拖拉机落地 哪些概念股值得重点关注？,巨丰财经
2020-06-19,【信达看盘】2020.6.19,信达证券上海
2020-06-19,“沪”信共赢 做受尊敬的上市公司——2020上海辖区上市公司集体接待日成功举办,全景网
2020-06-19,复星医药(02196.HK)子公司拟为佛山禅曦不超6亿元融资提供担保 大额借贷担保,格隆汇
2020-06-19,格隆汇个股放量排行榜|6月19日,格隆汇
2020-06-19,[路演]复星医药：继续通过采用技术引进和“深度孵化”的模式衔接全球前沿创新技术,全景网
2020-06-19,恒指收涨0.73%证券及经纪板块领涨,中新经纬
2020-06-19,第三批国采细则曝光！拟纳入80多个品规 7月3日前完成报量！,新浪
2020-06-19,一文看懂医药股的研发现状,红周刊
2020-06-19,翰森制药升逾4% 创上市新高,新浪
2020-06-19,上半年药企人事密集变动 东北制药、九芝堂等“高管”接连辞职 董监高成员变化,中国网
2020-06-19,智通港股通持股解析|6月19日,智通财经
2020-06-18,复星集团梁信军:疫情是影响未来股票波动的主导因素,新浪
2020-06-18,【信达看盘】2020.6.18,信达证券上海
2020-06-18,格隆汇个股放量排行榜|6月18日,格隆汇
2020-06-18,复星医药(02196.HK)拟为复星弘创提供不超6500万元担保 大额借贷担保,格隆汇
2020-06-18,复星医药核酸检测试剂盒中标京津冀集采,中证网
2020-06-18,复星医药核酸检测试剂盒中标京津冀集采,金融界
2020-06-18,石药集团升近5% 报13.8港元,新浪
2020-06-18,疫苗板块大涨 “纯正”新冠病毒疫苗股并不多,广州日报
2020-06-18,石药集团升逾3% 主动买盘54%,新浪
2020-06-18,智通港股通持股解析|6月18日,智通财经
2020-06-18,医药概念股狂掀涨停潮后面还跟不跟？,重庆商报
2020-06-17,受试者100%产生抗体！灭活疫苗捷报带动板块掀涨停潮,时代在线
2020-06-17,新冠疫苗再获进展，抗体阳转率达100%，概念股也来了,搜狐
2020-06-17,白皮书来啦！上市名企大PK，哪个生物医药产业园才是真正的资本摇篮？,新浪医药
2020-06-17,不是牛市，遍地牛股！157家公司创历史新高，医药股最疯狂,红周刊
2020-06-17,最前线丨新冠疫苗再释利好，疫苗概念股集体上涨,36氪
2020-06-17,恒指收涨0.56% 餐饮板块领涨,中新经纬
2020-06-17,康哲药业升逾10% 报10.38港元,新浪
2020-06-17,巨·个股｜疫苗再出利好！受益股一字涨停 多只龙头完成突破（附股）,巨丰财经
2020-06-17,疫苗传重大利好！国药控股大涨14%，A股生物疫苗股狂飙！,环球老虎财经
2020-06-17,四环医药升近11% 创1个月新高,新浪
2020-06-17,疫苗传大利好！中和抗体阳转率100%，个股一字封板，概念股掀涨停潮,中国基金报
2020-06-17,恒指跌0.03%贵金属板块领跌,中新经纬
2020-06-17,【券商聚焦】防护和核算检测品需求反弹 交银予丽珠医药、东阳光药买入评级,凤凰网
2020-06-17,疫苗板块大爆发，这个赛道从来不缺牛股，军工股为何暴涨?,新浪
2020-06-17,中生制药升近3% 创上市新高,新浪
2020-06-17,生物疫苗概念集体走强 华北制药涨停,e公司
2020-06-17,安信国际 | 医药行业动态分析报告：医保官方结果公示， 新冠疫苗进入全民接种时代,安信国际
2020-06-17,华润医药升近5% 报4.72元,新浪
2020-06-17,【异动股】北京疫情反弹药股普涨四环医药(00460-HK)升6%,财华社
2020-06-17,石药集团升逾3% 暂连升2日,新浪
2020-06-17,医疗股走强，国药控股涨近8%,Wind
2020-06-17,新冠肺炎检测板块急速拉升，迪安诊断、复星医药等领涨,Wind
2020-06-17,A股新冠疫苗概念股全面梳理 龙头连续4涨停,金融投资网
2020-06-17,中国生物新冠疫苗临床试验揭盲疫苗接种后安全无严重不良反应,科创板日报
2020-06-17,智通港股通持股解析|6月17日,智通财经
2020-06-17,超重磅！抗体阳转率100%！全球首个新冠疫苗揭盲，这些相关受益股值得关注！,格隆汇
2020-06-17,需求增加 半数核酸检测股股价创新高,北京商报
2020-06-16,中生制药升逾5% 主动买盘76%,新浪
2020-06-16,智通港股通持股解析|6月16日,智通财经
2020-06-16,一批药企高管离职 多种因素医药业压力加剧 董监高成员变化,医药网
2020-06-15,智通港股解盘(06.15) | 逻辑生变恒指回撤60日均线 后市关注两个方面,智通财经
2020-06-15,Wind快讯| 每日医药行业动态（2020-6-15）,Wind
2020-06-15,智通港股通持股解析|6月15日,智通财经
2020-06-14,【中信建投医药|行业周报】本周重点推荐IVD行业：疫情反复+精准医疗龙头资本化,菊颖医药观察
2020-06-12,天士力生物冲刺科创板，药企回归潮再起,IT时代网
2020-06-12,北上资金超10亿重仓5家原料药公司,证券时报网
2020-06-12,恒指午间收跌1.28%，油气设备服务板块领跌,Wind
2020-06-12,智通港股通持股解析|6月12日,智通财经
2020-06-11,国君固收金融控股公司专题研究：潮水褪去，暗礁初现,Wind
2020-06-11,辉瑞普强拆成三大块，互联网医疗业务首次独立，药企进调整季,健识局
2020-06-11,28股获杠杆资金净买入超5000万元,证券时报网
2020-06-11,智通港股通持股解析|6月11日,智通财经
2020-06-11,51只港股获南向资金大比例持有,证券时报网
2020-06-11,量能萎缩VS外资净流入，是走还是留？,国盛证券
2020-06-11,卫健委严控医院用药： 20种“神药”、 18种高值耗材药占比精细化考核,21世纪经济报道
2020-06-10,【民生医药|周报】：板块超额收益明显，持续推荐估值性价比高的API,杏林建研
2020-06-10,快讯：医疗器械板块强势崛起 三鑫医疗等3只个股涨停,证券日报
2020-06-10,危中见机，后疫情时代的中长期投资机会：医疗健康下半年投资策略,Wind
2020-06-10,智通港股通持股解析|6月10日,智通财经
2020-06-10,中信证券：医疗健康危中见机，关注后疫情时代的中长期投资机会,证券时报网
2020-06-10,52只港股获南向资金大比例持有,证券时报网
2020-06-10,医疗健康｜危中见机，后疫情时代的中长期投资机会：2020年下半年投资策略,中信证券研究
2020-06-10,中信建投：核酸检测加快推进，行业整体受益,证券时报网
2020-06-10,晨会0610 | 百强房企拿地积极,中信建投证券研究
2020-06-09,资本对阵白酒局 海银系和复星系谁的酒量大？,北京商报
2020-06-09,绿叶制药升近4% 新药获批美国临床试验,新浪
2020-06-09,“走进港美股上市公司”深圳站 豪华调研团实力对话3家上市公司,智通财经
2020-06-09,豫园股份(600655)：收购复星津美 继续加码消费产业布局,新浪
2020-06-09,“复星系”、“海银系”接连买买买 白酒并购新周期到了？,佳酿网
2020-06-09,智通港股通持股解析|6月9日,智通财经
2020-06-09,A股韭菜好割？天士力生物弃海外回科创板疑团,网易
2020-06-08,医药生物行业周报：全球疫情持续 API和CDMO二季度超预期机会明显,新浪
2020-06-08,年内5位高管离职 头顶90亿商誉的复星医药何时才能重回千亿俱乐部？ 董监高成员变化,国际金融报
2020-06-08,金徽酒销售净利率下滑 复星系下豫园股份18亿入主“钱景”如何？ 盈利能力下降,投资时报
2020-06-08,浦东向南，六大板块大PK后谁是赢家？,36氪
2020-06-08,早盘：恒指高开1%突破25000点 旭辉控股获多家机构资本布局涨3.14%,金融界
2020-06-08,智通港股通持股解析|6月8日,智通财经
2020-06-08,智通港股股东权益披露|6月8日,智通财经
2020-06-08,龙湖世茂旭辉背后的美国资本魅影,乐居财经
2020-06-07,又一款中国产新冠核酸检测试剂盒获得美国紧急使用授权,澎湃新闻
2020-06-07,【民生医药|周报】：疫苗集中采购政策对疫苗价格和量影响很有限，持续关注后疫情时代下“枢纽性”和内需驱动型板块的成长确定性,杏林建研
2020-06-07,传奇生物赴美IPO首日暴涨60% 中概股危机下：“硬核”才是硬道理,E药经理人
2020-06-06,复星医疗：疫情改变市民医疗习惯,财华社
2020-06-05,【好药记】2020一致性评价提速？注射剂成主力，正大天晴、齐鲁、复星,药智网
2020-06-05,4+7试点集采『定向爆破』 爆对人了吗？,新浪
2020-06-05,汇丰研究：调整药业股目标价 看好中生制药(1177.HK),格隆汇
2020-06-05,一批被踢出市场的药品要回来了？百亿销量“神话”难续,新浪
2020-06-05,智通港股通持股解析|6月5日,智通财经
2020-06-05,智通港股股东权益披露|6月5日,智通财经
2020-06-05,区域震荡格局未变,上证报
2020-06-04,2020-06-4 NESC复盘笔记：创业板指涨0.39% 地摊经济概念持续发酵,复盘笔记
2020-06-04,今年第五位高管离职！复星医药90亿商誉压顶，一季度业绩同比跌近两成 资产异常,资本邦
2020-06-04,智通港股通持股解析|6月4日,智通财经
2020-06-04,智通港股股东权益披露|6月4日,智通财经
2020-06-04,业绩快报 | 金地前5月销售578亿 中梁、正荣、雅居乐均破400亿,观点地产网
2020-06-03,全球疫苗峰会即将召开 疫苗行业关注度持续提升,e公司
2020-06-03,浦发银行联合复星发布“复星健康+”定制卡,中国金融新闻网
2020-06-03,今年五高管相继离职 复星医药千亿市值门槛靠什么过？ 董监高成员变化,新浪
2020-06-03,中梁控股前五月收金430亿元 单月销售环比上升64.13%,观点地产网
2020-06-03,CDE药审新动态！热门靶点新药扎堆受理,东方药网
2020-06-03,中生制药升逾3% 创52周新高,新浪
2020-06-03,智通港股通持股解析|6月3日,智通财经
2020-06-03,智通港股股东权益披露|6月3日,智通财经
2020-06-03,医药生物行业周报：支付端改革持续深化 创新仍是长期投资主题,新浪
2020-06-02,新冠核酸检测公司之江生物要来科创板 参股公司刚获A轮融资,新浪
2020-06-02,多家知名药企，高管辞职 董监高成员变化,医药观察家网
2020-06-02,北京和众汇富：麻醉药龙头人福医药浪子回头聚焦主业,和讯
2020-06-02,复星医药副总裁李建青辞职，系该公司今年第五位辞职高管,Wind
2020-06-02,复星医药(02196)：复宏汉霖拟为汉霖制药不超1.1亿元贷款提供担保 大额借贷担保,智通财经
2020-06-02,医药生物行业点评报告：ASCO 2020全球进展解读：免疫疗法依旧亮眼 联合用药大势所趋,新浪
2020-06-02,复星医药：为控股子公司提供不超1.1亿元担保 大额借贷担保,Wind
2020-06-02,复星医药副总裁李建青辞职，系该公司今年以来第五位辞职高管 董监高成员变化,澎湃新闻
2020-06-02,复星医药获RKS中证800成分股ESG评级BBB级,中证网
2020-06-02,石药集团升逾3% 报16.16港元,新浪
2020-06-02,5月医药大事件之榜单篇：榜单丰富度有所提升,制药网
2020-06-02,翰森制药升近2% 创上市新高,新浪
2020-06-02,康龙化成升逾1% 创上市新高,新浪
2020-06-02,智通港股通持股解析|6月2日,智通财经
2020-06-02,格隆汇港股通5日资金流入流出排行榜 | 6月1日,格隆汇
2020-06-02,金徽酒18亿易主复星 郭广昌“豪饮”志在整合 控制人变化,时代在线
2020-06-01,复星医药(600196.SH)：李建青自5月31日起不再担任公司副总裁职务,格隆汇
2020-06-01,复星医药(600196.SH)签订日常关联交易框架协议,格隆汇
2020-06-01,复星医药(02196)获RKS中证800成分股ESG评级BBB级 领跑A股上市公司,智通财经
2020-06-01,复星医药(02196)签订产品互供框架协议,智通财经
2020-06-01,复星医药关于高级管理人员辞职的公告 董监高成员变化,新浪
2020-06-01,深度*公司*金徽酒(603919)：积极求变 陇酒龙头二次创业,新浪
2020-06-01,『医药头条君』陶勇诊室新增逃生通道 这些药企今日起禁入市场,新浪
2020-06-01,复星医药：李建青辞去副总裁职务 董监高成员变化,Wind
2020-06-01,掉出千亿俱乐部后，复星医药为何难以重振？,搜狐
2020-06-01,格隆汇个股放量排行榜 | 6月1日,格隆汇
2020-06-01,格隆汇港股通5日资金流入流出排行榜 | 5月31日,格隆汇
2020-06-01,从投资收购到亲自下场 解码复星的互联网医疗布局,新浪
2020-06-01,翰森制药升近3% 创上市新高,新浪
2020-06-01,石药集团升近5% 报15.92港元,新浪
2020-06-01,智通港股通占比异动统计|6月1日,智通财经
2020-06-01,智通港股通持股解析|6月1日,智通财经
2020-06-01,中泰证券：后疫情时期重点关注医疗器械、疫苗和CXO板块投资机会,证券时报网
2020-05-31,和睦家医疗2020年一季度营收同比下降25% 盈利能力下降,北京商报网
2020-05-31,复星医药虚胖,证券市场周刊
2020-05-31,搜狐快消周报丨国台酒业冲击A股IPO；复星系18亿入主金徽酒,搜狐
2020-05-31,【民生医药|周报】CXO表现较好，推荐景气提升细分领域配置价值,杏林建研
2020-05-30,港股“五月穷”走势疲弱全月累跌6.83% 热门个股几家欢喜几家愁,中国金融信息网
2020-05-30,多家药企入驻BioBAY二期 T-ALL、类风湿药物都有哪些新进展？,每日经济新闻
2020-05-30,优秀的医药ETF，都在这！,Wind
2020-05-30,八万亿悸动：S基金路在何方？,晨哨网
2020-05-29,王晶翼获科伦千万股权激励，本土药企为留人才放大招！恒瑞、信达、基石……谁的激励更丰厚？,E药经理人
2020-05-29,1万年薪却能得9亿分红？299家A股药企高管薪酬大揭秘！迈瑞、药明争抢榜首，恒瑞仍保持低调,E药经理人
2020-05-29,金徽酒易主复星系 “西北王”有望加速布局全国市场？ 控制人变化,中国经营网
2020-05-29,Wind快讯| 每日医药行业动态（2020-05-29）,Wind
2020-05-29,中集集团正式加入中国ESG领导者组织,新浪
2020-05-29,郭广昌18亿拿下金徽酒 大佬“涉酒”并不都顺利,新浪
2020-05-29,午市前瞻：港股短期继续偏弱 易跌难升或下试22000点,新浪
2020-05-29,复星医药(02196-HK)旗下抗恶性肿瘤新药获美FDA临床试验批准,财华社
2020-05-29,恒指跌0.73%报22964.15点汽车板块领跌,中新经纬
2020-05-29,中生制药绩后倒升逾8%冠蓝筹 获瑞信升至跑赢大市,新浪
2020-05-29,【品今晨汇】2020年5月29日,搜狐
2020-05-29,复星医药50亿元超短期融资券获得注册，控股子公司复创医药药品获美国FDA临床试验批准,资本邦
2020-05-29,2020全国两会8大医药热词最新出炉 各个都是重磅！,新浪
2020-05-29,中生制药升近6% 报12.02港元,新浪
2020-05-29,29日公司新闻聚焦：海信电子产业控股拟引战投 多家公司拟参与组建广电网络公司,证券时报网
2020-05-29,一致性评价进入收获期，882个仿制药过评,制药网
2020-05-29,A股早报2020年5月29日星期五,Wind
2020-05-29,牛市早报｜大众中国将成国轩高科第一大股东，天合光能今申购,澎湃新闻
2020-05-29,智通港股通占比异动统计|5月29日,智通财经
2020-05-29,智通港股通持股解析|5月29日,智通财经
2020-05-29,金徽酒逾18亿易主豫园股份 成为复星系白酒板块主力军 控制人变化,长江商报
2020-05-29,智通港股早知道︱(5月29日)?国美零售(00493)筹码增多医疗器械股谨防抄底,智通财经
2020-05-29,郭广昌的大消费版图,斑马消费
2020-05-29,【中证盘前】国轩高科：大众中国将成公司第一大股东；多家公司拟参与组建中国广电网络公司；美股下跌，瑞幸咖啡跌逾20%,中证报
2020-05-29,领跌股逐步止跌 领先股持续强势,上证报
2020-05-29,郭广昌再度“喝酒” 复星系加速白酒布局,腾讯网
2020-05-28,金徽酒股份被多次质押 豫园股份回应谁来为质押买单？,中华网
2020-05-28,格隆汇港股聚焦(5.28)︱国美零售向京东发行1亿美元可转债 中国外运获实控人招商局增持1000万股H股,格隆汇
2020-05-28,“复星系”18.3亿控股金徽，下一个目标是谁？,中国白酒网
2020-05-28,A股头条之上市公司（5.29）,金融界
2020-05-28,复星再入白酒局,北京商报
2020-05-28,晚间公告热点追踪：东沣B成史上首只面值退市的纯B股,新浪
2020-05-28,豫园股份拿下第17家老字号 背后唱的是“复星醉酒”？,国际金融报
2020-05-28,两会4大医药关键词，每个都是重磅,蒲公英
2020-05-28,中央出大招！1万亿特别国债力挺这个行业，哪些概念股有望受益？,e公司
2020-05-28,复星医药：子公司获美国FDA药品临床试验批准,Wind
2020-05-28,错误解读带崩康希诺！全球疫苗进展到底如何？,凤凰网
2020-05-28,复星医药：子公司获美国FDA药品临床试验批准,e公司
2020-05-28,复星医药(600196.SH)：控股子公司获美国FDA药品临床试验批准,格隆汇
2020-05-28,复星医药(600196.SH)获接受注册50亿元的超短期融资券,格隆汇
2020-05-28,解密主力资金出逃股 连续5日净流出474股,证券时报网
2020-05-28,复星医药(02196.HK)：50亿元超短期融资券获得注册,格隆汇
2020-05-28,37.54亿元资金今日流出医药生物股,证券时报网
2020-05-28,18亿入主金徽酒，复星系如何“快乐饮酒”,时代在线
2020-05-28,医药股全线下跌 第三批国家带量采购箭在弦上 连续下跌,格隆汇
2020-05-28,医药股全线下跌 浙江医用耗材带量采购方案出炉 连续下跌,格隆汇
2020-05-28,知名药企一前列腺癌药过评！,微信
2020-05-28,三大原因造成医药股杀跌 医疗器械集采也来了,新浪
2020-05-28,复星系拟18.3亿收购金徽酒29.9%股权 郭广昌将成金徽酒实控人,中国网
2020-05-28,石药集团跌近6% 报16港元,新浪
2020-05-28,金徽酒18.37亿元易主，“复星系”掌门人郭广昌成实际控制人 控制人变化,中华网
2020-05-28,石药集团现跌逾2% 晨星下调评级至持有 投资评级恶化,新浪
2020-05-28,石药集团跌逾3% 报16.42港元,新浪
2020-05-28,金徽酒18.37亿元易主 “复星系”白酒再下一城 控制人变化,北京商报
2020-05-28,智通港股通持股解析|5月28日,智通财经
2020-05-28,【中证盘前】国务院金融委将推“金改11条”；华邦健康拟分拆子公司创业板上市；美欧股市上涨，瑞幸咖啡涨逾21%；美油下跌近4.5%,中证报
2020-05-28,顶级大佬的无奈之举，除了金徽酒，他还能选谁呢？,新浪
2020-05-27,格隆汇港股聚焦(5.27)︱阿里健康年度经调整纯利升115%华晨中国控股股东拟出售2亿股公司股份,格隆汇
2020-05-27,A股头条之上市公司（5.28）,金融界
2020-05-27,27日晚公告精选丨中国石油：800亿元公司债计划获批,21世纪经济报道
2020-05-27,公告精选：天广中茂股票终止上市；克明面业总经理计划增持公司股份,e公司
2020-05-27,5月28日涨停板早知道：七大利好有望发酵,新浪
2020-05-27,研发日报丨清华大学团队研发出核酸检测卡盒,新浪
2020-05-27,复星医药(02196.HK)：女性绝经后骨质疏松症治疗药获批临床试验,格隆汇
2020-05-27,复星医药(600196.SH)：控股子公司获药品临床试验通知书,格隆汇
2020-05-27,Wind快讯| 每日医药行业动态（2020-05-27）,Wind
2020-05-27,中国隐形富豪：借3万起家创5000亿帝国，被称为“内地李嘉诚”,搜狐
2020-05-27,预计7月份启动集采 第三批“国谈”箭在弦上！,新浪
2020-05-27,复星医药跌1.97%创近2个月新低近5日流出22369.5万元 连续下跌,中新经纬
2020-05-27,【权益变动】复星医药(02196-HK)获ShanghaiFosunHighTechnology(Group)增持82.2万股,财华社
2020-05-27,A股早报2020年5月27日星期三,Wind
2020-05-27,最新公告透露利好 12只个股有望爆发（05.27）,中金在线
2020-05-27,智通港股通占比异动统计|5月27日,智通财经
2020-05-27,不惧首季业绩萎缩 复星医药研发投入增四成助创新与仿制“双飞” 盈利能力下降,和讯
2020-05-27,智通港股通持股解析|5月27日,智通财经
2020-05-27,豫园股份45.3亿元揽下ST舍得控股权,中证报
2020-05-27,A股头条：证监会回应康美药业60万罚单 深交所对3股发出外资持股预警 金融监管处罚,金融界
2020-05-26,格隆汇港股聚焦(5.26)︱比亚迪半导体拟增资扩股引入战投金山软件一季度经营利润同比大增124%,格隆汇
2020-05-26,【国信医药】新冠检测专题(2)：海外爆发，Q2弹性可期,GuosenHealthcare
2020-05-26,疫情下的生物科技故事很燃：“新冠救星”还是“资本泡沫”,第一财经
2020-05-26,A股头条之上市公司（5.27）,金融界
2020-05-26,医疗新基建方向明确 机构称将拉动相关设备需求,中国财富网
2020-05-26,周二上市公司晚间重要公告,金融界
2020-05-26,5月26日上市公司晚间公告速递,新浪
2020-05-26,复星医药(02196.HK)比卡鲁胺片通过仿制药一致性评价,格隆汇
2020-05-26,复星医药：控股子公司药品通过仿制药一致性评价,Wind
2020-05-26,复星医药(600196.SH)：子公司比卡鲁胺片通过一致性评价,格隆汇
2020-05-26,2020券商医药行业周观点（第17周）,Wind
2020-05-26,每经数说丨5月上半月新药研发：复宏汉霖与2药企合作研发新冠全人源抗体药物，君实生物与礼来达成2.55亿美元新冠抗体合作,每日经济新闻
2020-05-26,医药行业每周医览药闻：火眼实验室与中国的高科技输出,新浪
2020-05-26,智通港股通持股解析|5月26日,智通财经
2020-05-26,智通港股股东权益披露|5月26日,智通财经
2020-05-26,复星医药(02196.HK)获郭广昌增持82.2万股,格隆汇
2020-05-25,从BFC到上海西站 传复星参拍90亿地块里的魔都心思,观点地产网
2020-05-25,重磅利好之下 10倍新冠疫苗“股王”竟一度“闪崩”近30%,新浪
2020-05-25,A股明日风口：上海印发促进中医药传承创新发展实施意见,新浪
2020-05-25,5天3次反转，新冠疫苗“高速走钢丝”，康希诺股价3日重挫27%,新浪医药
2020-05-25,【中信建投医药 | 行业动态】新冠疫苗一期临床数据披露：安全有效，支持进一步研究,菊颖医药观察
2020-05-25,医药生物行业今日净流出资金5.57亿元，10股净流出资金超5000万元,证券时报网
2020-05-25,融资余额三连降 10股获融资客逆势大手笔加仓,中证网
2020-05-25,医药行业周报：《公共卫生防控救治能力建设方案》发布 建议关注相关设备市场,新浪
2020-05-25,【信达看盘】2020.5.25,信达证券上海
2020-05-25,生物医药行业周报：第三批带量采购即将开展 仿制药集采进入常态,新浪
2020-05-25,智通港股通占比异动统计|5月25日,智通财经
2020-05-25,智通港股通持股解析|5月25日,智通财经
2020-05-25,智通港股股东权益披露|5月25日,智通财经
2020-05-24,复宏汉霖汉利康新增外推适应症获NMPA受理，惠及患者群体进一步扩大 | 正心Ecosphere,新浪
2020-05-24,A股创业药创新高，海内外原研药差距有多大,红周刊
2020-05-24,【民生医药|周报】关注“补短板”，持续推荐API、CXO 和医疗器械板块,杏林建研
2020-05-23,中国新冠疫苗重磅好消息！柳叶刀发表陈薇团队试验结果：安全，能诱导免疫反应,21世纪经济报道
2020-05-23,医药生物行业本周资金流出榜：36股净流出资金超亿元,证券时报网
2020-05-23,重磅！中国疫苗全球领跑！世界首个人体临床数据公布：全部产生免疫应答，相关概念股要起飞？,每日经济新闻
2020-05-23,中国抢先发布首个新冠疫苗人体试验结果，《柳叶刀》赞叹：安全！有免疫反应,21商评网
2020-05-22,沪指周线两连阴逼近2800点 估值扩张具备较好基础,大众证券报
2020-05-22,10股主力资金净流入超亿元,证券时报网
2020-05-22,郭广昌增持复星医药(02196)157.85万股，每股作价约27.20港元,智通财经
2020-05-22,国内药企发力国际市场，“走出去”成重要发展战略,制药网
2020-05-22,5月国内药企再现离职潮，不乏上市药企和知名高管,制药网
2020-05-22,智通港股通持股解析|5月22日,智通财经
2020-05-22,智通港股股东权益披露|5月22日,智通财经
2020-05-22,盘点 | 十项新冠疫苗研发项目进入临床开发阶段，它们的最新进展意味着什么？,药明康德
2020-05-22,修复行情有望上台阶,上证报
2020-05-21,北向资金净流入21.31亿元 6股发力引来市场关注,证券时报
2020-05-21,中国科学家公布实验室首个mRNA新冠候选疫苗的动物数据,生物谷
2020-05-21,17股主力资金净流入超亿元,证券时报网
2020-05-21,227股获融资客持续加仓 医药板块受青睐,中证网
2020-05-21,茅台、迈瑞、恒瑞等一批龙头股创新高！但斌昨晚不禁感叹……,上证报
2020-05-21,5月21日午盘两市净流入前20股(名单),金融界
2020-05-21,维亚生物抽升8% 就收购朗华制药股权支付按金,新浪
2020-05-21,药明生物低开近3% 遭大股东配售6000万股,新浪
2020-05-21,智通港股股东权益披露|5月21日,智通财经
2020-05-21,智通港股通持股解析|5月21日,智通财经
2020-05-20,第三轮集采，这58个药或入选,赛柏蓝
2020-05-20,解密主力资金出逃股 连续5日净流出545股,证券时报网
2020-05-20,研发日报丨乙肝功能性治愈！罗氏与Vividion合作,新浪
2020-05-20,【主力资金】游资猛砸光刻胶概念，主力重金杀入OLED龙头,证券时报
2020-05-20,两会：“中场休息”会给“下半场”的医疗行业带来哪些变化？,药智网
2020-05-20,37.02亿元资金今日流出医药生物股,证券时报网
2020-05-20,23股主力资金净流入超亿元,证券时报网
2020-05-20,核酸检测年初走红，行业前景如何？专家教你判断公司价值,第一财经
2020-05-20,最全两会前瞻：这一行业胜率80%！三大热点板块投资机遇出炉，七大看点值得关注,e公司
2020-05-20,三轮带量采购目录最快7月出台 基本沿用二轮规则,E药经理人
2020-05-20,第二十六批医药保健行业舆情榜单TOP10红榜发布,制药网
2020-05-20,翰森制药升近3% 创上市新高,新浪
2020-05-20,石药集团升逾3% 暂连升4日,新浪
2020-05-20,智通港股通占比异动统计|5月20日,智通财经
2020-05-20,智通港股通持股解析|5月20日,智通财经
2020-05-19,【主力资金】扫货芯片股，资金疯抢的名单来了,证券时报网
2020-05-19,复星医药参与设立私募股权并投资基金-亚汇网,--
2020-05-19,福布斯最新上市公司2000强：CVS超辉瑞成新霸主！16家中国药企入围，翰森超越中生,E药经理人
2020-05-19,最少翻4倍！美股新冠疫苗龙头有哪些？,华盛证券
2020-05-19,复星医药(600196.SH)：利妥昔单抗注射液新增两项适应症获药品注册审评受理,格隆汇
2020-05-19,16家中国药企上榜2020年“全球上市公司2000强”,制药网
2020-05-19,多么痛的领悟，你看不上的这270只个股股价已经超越五年前！,上证报
2020-05-19,时代热评 | 陈启宇任上猛增178倍，复星医药近百亿商誉压顶,时代在线
2020-05-19,康方生物升3%中生制药上涨2% 细胞癌新药临床试验佳,新浪
2020-05-19,恒生指数高开2.32%报24489点 蓝筹股全线上扬创科实业(00669)升4.98%,凤凰网
2020-05-19,智通港股通占比异动统计|5月19日,智通财经
2020-05-19,智通港股通持股解析|5月19日,智通财经
2020-05-19,【华西医药崔文亮团队】《医药生物行业点评报告：两会医药议题解读：疫苗、创新药、IVD和医疗设备等领域继续成为关注焦点》,崔文亮研究团队
2020-05-19,【山证医药】医药行业周报（20200517）：注射剂一致性评价正式文件出台，行业格局面临巨变,山西证券研究所
2020-05-18,12家知名药企换帅！董事被罢免！7位高管集体离职！ 董监高成员变化,汇聚南药
2020-05-18,医药巨头们的2800亿元销售费用之谜：钱都花哪了,投中网
2020-05-18,复星医药(02196.HK)：苏州基金及天津基金已分别于中国证券投资基金业协会完成备案,格隆汇
2020-05-18,复星医药(02196)拟共同出资参与设立复健一期基金,智通财经
2020-05-18,复星医药：旗下公司拟参设私募股权投资基金 参与大健康领域中早期创新企业培育孵化,发布易
2020-05-18,复星医药(02196.HK)拟参与设立俩投资基金投资大健康领域,格隆汇
2020-05-18,智通港股通持股解析|5月18日,智通财经
2020-05-18,“科技龙头50强”研发强度是A股整体均值6倍多,证券时报
2020-05-17,【财经明星会】京东沈建光：“两会”前瞻，财政货币政策如何助力经济复苏？,e公司
2020-05-17,逾三成A股药企销售费用率超30% 百奥泰居首,中金在线
2020-05-16,A股科技龙头50强全名单出炉！机构重仓超3400亿,上游新闻
2020-05-16,干货满满！A股科技龙头50强全名单出炉，胜率高达80%！机构重仓超3400亿,搜狐
2020-05-16,郭广昌对话张文宏：疫苗何时能出来？全员筛查有无必要？口罩还要不要戴？,每日经济新闻
2020-05-15,【中信建投金融工程】重要指数成分调整事件效应回顾及2020年6月调整名单预测,鲁明量化全视角
2020-05-15,36.90亿元主力资金今日撤离医药生物板块,证券时报网
2020-05-15,442亿主力资金近三日撤出融资融券概念股,证券时报网
2020-05-15,药企研发投入年榜：恒瑞夺冠 药明康德研发人数破万,新浪
2020-05-15,复旦张江飙逾8% A股科创板上市获批,新浪
2020-05-15,三生制药上升10% 创1个月新高,新浪
2020-05-15,港股早盘走低恒指跌0.6% 前高管卷入问题奶粉事件澳优大跌近10% 连续下跌,腾讯网
2020-05-15,医药一哥恒瑞医药行贿丑闻败露忙甩锅？官方回应：系员工个人行为 其他违规处罚,中国商报
2020-05-15,医药生物行业点评报告：ASCO 2020公布多项临床数据 国内创新蓬勃势起,新浪
2020-05-15,【信达看盘】2020.5.15,信达证券上海
2020-05-15,智通港股通持股解析|5月15日,智通财经
2020-05-14,165个药，已满足国采条件（附名单）,赛柏蓝
2020-05-14,2分钟读财报|恒瑞、复星等药企频曝贿赂案 销售费用畸高成焦点,新浪
2020-05-14,沪深300等重要指数将调整样本股！这些股望入围,中证报
2020-05-14,44.33亿元资金今日流出医药生物股,证券时报网
2020-05-14,复星医药(02196)拟为复星实业不超8500万美元贷款提供担保 大额借贷担保,智通财经
2020-05-14,沪深300等重要指数要调整样本股！券商一致认为这些个股有望入围,中证报
2020-05-14,27股主力资金净流入超亿元,证券时报网
2020-05-14,近万名医生“云坐堂” “复星健康+”在线平台5月15日至17日义诊3天,证券日报
2020-05-14,复星医药：拟为控股子公司复星实业提供不超8500万美元资金担保 大额借贷担保,中国网
2020-05-14,复星医药(02196.HK)拟向复星实业提供8500万美元担保 大额借贷担保,格隆汇
2020-05-14,等权重医药100，为何能跑赢大多数医药指数？,养基司令
2020-05-14,复星医药在研药物情况：小分子创新药19项，生物创新药12项，一致性49项！,药通社
2020-05-14,长江生科升7% 将展示黑色素瘤抗原疫苗免疫临床数据,新浪
2020-05-14,美股有望开启股灾2.0 A股再次面临新抉择,金融界
2020-05-14,智通港股通持股解析|5月14日,智通财经
2020-05-14,凯莱英与辉瑞等制药巨头嵌入式合作 引入战投高瓴锁定至少8亿订单,长江商报
2020-05-13,研发日报丨赛诺菲CD38抗体组合疗法达到3期临床终点,新浪
2020-05-13,医药生物板块领涨大盘 机构：重点持有核心资产,中国财富网
2020-05-13,短期催化不断 积极看好创新药主线的投资机会,证券时报网
2020-05-13,大行评级|交银国际：予丽珠医药及复星医药“买入”评级,格隆汇
2020-05-13,交银国际：予丽珠医药(1513.HK)及复星医药(2196.HK)“买入”评级,格隆汇
2020-05-13,最被看好十大港股：小摩予华润啤酒目标价45港元,新浪
2020-05-13,交银国际：看好检测试剂概念股短期走势 予丽珠医药(01513)及复星医药(02196)“买入”评级,智通财经
2020-05-13,【研报掘金】长期趋势明朗短期催化不断 创新药正迎来黄金发展期,证券时报网
2020-05-13,近期新增一大波医药类职位，来看看？,药通社
2020-05-13,交银国际：给予丽珠医药及复星医药买入评级,新浪
2020-05-13,石药集团升逾3% 主动买盘57%,新浪
2020-05-13,国产中性硼硅玻璃将为新冠病毒疫苗保驾护航,微信
2020-05-13,【东北销售团队】复盘笔记0512：创业板指V型走势涨1.01% 食品饮料板块走强,东北证券研究所
2020-05-13,【民生医药|周报】分化行情下甄选高景气板块，推荐API及医药外包,杏林建研
2020-05-13,4000亿“医药一哥”涉受贿案，巨额学术推广费被质疑，公司最新回应来了！ 其他违规处罚,证券时报网
2020-05-13,【券商聚焦】看好检验测试剂概念股 交银予丽珠医药、复星医药买入评级,凤凰网
2020-05-13,中生制药升逾3% 主动买盘70%,新浪
2020-05-13,13日财经早茶：国网编织充电桩全国一张网 水泥企业迎估值修复期,证券时报网
2020-05-13,智通港股通占比异动统计|5月13日,智通财经
2020-05-13,智通港股通持股解析|5月13日,智通财经
2020-05-13,大规模检测铺开核酸试剂需求旺盛,中证报
2020-05-13,大规模检测铺开 业内人士：利好相关医学检验行业,中证报
2020-05-13,逾百家医药企业被查税处罚 食药监处罚,新快报
2020-05-13,【直播】“三高”钢铁生死劫 | “韧性”地产走何方？,德邦证券微资讯
2020-05-12,License out大爆发！信达狂揽4项交易，恒瑞、天士力多家知名药企参与，最高20亿美元！,E药经理人
2020-05-12,【山证医药】医药行业周报（20200510） ：行业刚性需求凸显，建议关注恢复较快细分领域,山西证券研究所
2020-05-12,两融业务周报（20200504-20200508）,东吴财经通
2020-05-12,BioNTech(BNTX.US)Q1净亏损5340万欧元，研发费用同比增长13.8% 亏损,智通财经
2020-05-12,新冠核酸检测铺开：试剂集采价格再降 业内称利润丰厚,新浪
2020-05-12,新冠检测板块飙涨 券商：核酸检测市场空间达52亿,中国基金报
2020-05-12,武汉紧急通知，全员核酸筛查！这些股票应声暴涨,中国基金报
2020-05-12,恒指跌1.78% 燃气供应板块领跌,中新经纬
2020-05-12,海关支持医疗器械产业发展 助推开垦人工智能“试验田”,中国日报网
2020-05-12,海外收购“开花结果”！复星医药分拆Gland Pharma境外上市获证监会放行,和讯
2020-05-12,智通港股通占比异动统计|5月12日,智通财经
2020-05-12,智通港股通持股解析|5月12日,智通财经
2020-05-12,股海导航 5月12日沪深股市公告提示,新浪
2020-05-12,麻醉科主任收受回扣贿赂超300万元，4000亿医药巨头卷入其中,和讯
2020-05-12,恒瑞医药行贿丑闻背后：带金销售“毒瘤”待清除 其他违规处罚,Wind
2020-05-12,格隆汇港股聚焦(5.11)︱龙光地产4月权益合约销售增逾四成 多家券商四月业绩大增,格隆汇
2020-05-11,复星医药分拆子公司境外上市获证监会无异议函,北京商报网
2020-05-11,5月12日上市公司重要公告集锦：中信建投4月份母公司净利10.39亿元,证券日报
2020-05-11,复星医药(600196.SH)：中国证监会国际合作部对分拆Gland Pharma境外上市无异议,格隆汇
2020-05-11,销售顽疾待解 医药龙头恒瑞医药卷入行贿案 其他违规处罚,每日经济新闻
2020-05-11,公告精选：天广中茂可能被终止上市；孚日股份等公司控制权拟变更,e公司
2020-05-11,复星医药分拆GLANDPHARMA境外上市获得中国证监会无异议函,财华社
2020-05-11,5月11日上市公司晚间公告速递,新浪
2020-05-11,复星医药(02196.HK)分拆GlandPharma境外上市获中证监无异议函,格隆汇
2020-05-11,复星医药：证监会对公司分拆Gland Pharma境外上市无异议,e公司
2020-05-11,复星医药：证监会对分拆控股子公司境外上市无异议,新浪
2020-05-11,恒瑞医药的行贿经：270万砸翻麻醉科主任 其他违规处罚,网易
2020-05-11,石药集团连升四日后跌近1% 主动沽盘逾六成,新浪
2020-05-11,抗疫题材午后逆势走强，安科生物涨逾4%,Wind
2020-05-11,时代投研 | 医药生物业绩大盘点：生物制品毛利率登顶，一季度业绩普跌 盈利能力下降,时代在线
2020-05-11,李氏大药厂炒高逾5% 附属于东南亚开发眼科药物,新浪
2020-05-11,恒指高开0.99% 家庭电器板块领涨,中新经纬
2020-05-11,智通港股通占比异动统计|5月11日,智通财经
2020-05-11,智通港股通持股解析|5月11日,智通财经
2020-05-10,全球新冠疫苗若研发成功对药用玻璃需求测算【太平洋医药】,医药佐料
2020-05-10,复星集团总裁助理陈波：优秀品牌是企业的牵引机和助推器,每日经济新闻
2020-05-10,复星医药(02196-HK)子公司新药临床试验注册审评获药监局受理,财华社
2020-05-10,复星医药(02196-HK)子公司新药获台卫生福利部同意用于晚期实体瘤治疗临床试验,财华社
2020-05-09,凡知医学数千万元A+轮融资 助推核酸快速诊断试剂进入注册通道,动脉网
2020-05-09,业绩欠佳“甩锅”价值投资？安信基金说辞你接受吗？,金融界
2020-05-09,【民生医药|周报】超额收益持续，推荐加仓API、医疗器械,杏林建研
2020-05-08,A股头条之上市公司（5.8）,金融界
2020-05-08,药企频现离职潮 是薪酬太少还是行业变局倒逼,新浪
2020-05-08,复星医药(02196)：FCN-338片临床试验申请获受理 拟治疗血液系统恶性肿瘤,智通财经
2020-05-08,复星医药(02196.HK)FCN-338片获药品临床试验申请受理,格隆汇
2020-05-08,复星医药(600196.SH)：FCN-338片用于血液系统恶性肿瘤治疗药品临床试验申请获受理,格隆汇
2020-05-08,复星医药(600196.SH)：汉霖生技获药品临床试验批准,格隆汇
2020-05-08,传复星前全球合伙人兼CTO梁剑峰加盟中梁控股,观点地产网
2020-05-08,复星医药(600196.SH)：GlandPharma就股份在印度上市申请原则性批准,格隆汇
2020-05-08,GE最高职位中国高管离任 O/K药多员大将生变！ 董监高成员变化,E药经理人
2020-05-08,[公司]智慧物流带动全年业务 药物研发外包行业有望带动迦南科技新突破,全景网
2020-05-08,QFII投资风格大复盘，高比例持股组合年均复合收益率近20%！目前重仓这些股,证券时报网
2020-05-08,苏企A股“掌门人”薪酬披露43人薪酬超百万,搜狐
2020-05-08,新冠病毒检测试剂市场放量 相关公司二季度业绩受益,中证报
2020-05-07,格隆汇港股聚焦(5.07)︱中国太保发行GDR并在伦交所上市获银保监会同意 广汽集团4月汽车销量同比增长6.1%,格隆汇
2020-05-07,又一批药企高管离职，医药行业怎么了？ 董监高成员变化,汇聚南药
2020-05-07,复星医药：控股子公司获得药品临床试验申请受理,中证网
2020-05-07,复星医药：控股子公司获药品临床试验申请受理,中证网
2020-05-07,复星医药(02196)：抗癌药FCN-159片获药品临床试验注册审评受理,智通财经
2020-05-07,邮储银行或将纳入沪深300及上证50指数 ——指数成分股2020年6月调整名单预测,EBQuant
2020-05-07,复星医药(600196.SH)：I型神经纤维瘤治疗药临床试验申请获受理,格隆汇
2020-05-07,复星医药(02196.HK)拟向复星医药产业提供不超7亿元担保 大额借贷担保,格隆汇
2020-05-07,复星医药(02196.HK)FCN-159片用于纤维瘤治疗获临床试验审评受理,格隆汇
2020-05-07,复星医药：为控股子公司提供不超7亿元担保 大额借贷担保,Wind
2020-05-07,国内企业新冠疫苗研发提速 科兴中维项目在恒河猴模型中安全有效,北京商报
2020-05-07,药企高管离职频现，医药行业大洗牌来了？ 董监高成员变化,制药网
2020-05-07,Hequn Yin辞任复星医药(02196)高级副总裁职务 董监高成员变化,智通财经
2020-05-07,A股早报2020年5月7日星期四,Wind
2020-05-07,这10家公司发布公告有看点 速看大手笔增持回购个股！,巨丰财经
2020-05-07,最新公告透露利好 15只个股有望爆发（05.07）,中金在线
2020-05-07,股市早报：影响周四走势的重磅消息一览（附股）,证券时报
2020-05-07,【山证医药】医药行业周报（20200503）：医保用药管理办法征求意见，持续关注国产创新,山西证券研究所
2020-05-07,【快讯】复星医药（02196.HK）计划联合开发治疗新冠肺炎的药物。,金十数据
2020-05-07,晚间公告热点追踪：泰晶科技提前赎回“泰晶转债”,新浪
2020-05-07,周四最新重磅公司新闻集锦(05月07日),证券之星
2020-05-06,格隆汇港股聚焦(5.06)︱创维集团一季度纯利增逾九成 中集车辆拟回归A股上市,格隆汇
2020-05-06,复星医药高级副总裁Hequn Yin辞职,北京商报
2020-05-06,复星医药(600196.SH)：复宏汉霖拟合作开发治疗新冠肺炎的全人源抗体药物,格隆汇
2020-05-06,复星医药：子公司拟合作开发全人源抗体药物用于单药或联用治疗新冠肺炎,e公司
2020-05-06,CRO&CDMO投研体系之数据跟踪（系列3）：2020Q1回顾与前瞻，短期疫情不改医药研发刚性需求【安信医药】,医药马帅团队
2020-05-06,复星医药关于高级管理人员辞职的公告 董监高成员变化,新浪
2020-05-06,时隔半个月 复星医药又一副总裁辞职 董监高成员变化,中国网
2020-05-06,复星医药(02196.HK)：HequnYin辞任高级副总裁 董监高成员变化,格隆汇
2020-05-06,复星医药(600196.SH)：Hequn Yin因个人原因辞去高级副总裁职务 董监高成员变化,格隆汇
2020-05-06,复星医药：高级管理人员辞职 董监高成员变化,Wind
2020-05-06,辉瑞与BioNTech合研的新冠疫苗在美完成首批临床试验接种,21世纪经济报道
2020-05-06,港股早盘震荡上行恒指涨0.6% 医药股走高SOHO中国跌3%,腾讯网
2020-05-06,这4家上市药企，年销售费用超过80亿元,制药网
2020-05-06,视点 | 中邮智赢俱乐部视点,中邮证券
2020-05-06,逆势募资23亿，国资首度入股，华谊兄弟（300027.SZ）为何获资本青睐？,格隆汇
2020-05-06,A股融资融券日报：两融余额减少73.09亿元（4月30日),Wind
2020-05-06,智通港股通持股解析|5月6日,智通财经
2020-05-06,中泰证券：流动性充裕，各行业稳步复苏，围绕三条主线结构化配置,证券时报网
2020-05-05,美股异动 |受疫苗临床试验进展消息刺激 BioNTech SE(BNTX.US)盘前涨超4%,智通财经
2020-05-05,智通港股空仓持单统计|5月5日,智通财经
2020-05-05,广证恒生-沪深港通月报-港股通月流入下降，北上资金加速流入-20200505,广证恒生策略研究
2020-05-05,智通港股通占比异动统计|5月5日,智通财经
2020-05-05,智通港股通持股解析|5月5日,智通财经
2020-05-04,年报季后，国泰君安上调目标价超过20%的公司名单 | 国君研究,国泰君安证券研究
2020-05-04,交银国际：升复星医药(2196.HK)目标价至34港元 评级“买入”,格隆汇
2020-05-04,4月日均融券余额突破200亿元创新高，这一行业这一个股最受融资客青睐！,每日经济新闻
2020-05-04,交银国际：复星医药目标价升至34港元 维持买入评级,新浪
2020-05-04,复星医药(02196)主体及若干公司债券信用等级为AAA,智通财经
2020-05-04,交银国际：升复星医药(02196)目标价至34港元 维持“买入”评级,智通财经
2020-05-04,格隆汇港股通5日资金流入流出排行榜 | 5月3日,格隆汇
2020-05-03,4月份17家药企高管离职 董监高成员变化,医药云端工作室
2020-05-02,复星医药(02196-HK)第一季凈利润5.77亿跌18.97% 盈利能力下降,财华社
2020-05-02,格隆汇港股通5日资金流入流出排行榜 | 5月1日,格隆汇
2020-05-01,【光大医药|Q1点评】复星医药：疫情短暂影响经营，创新转型喜讯频传,医心医意要健康
2020-05-01,药明康德细胞免疫疗法暂无进展 营收大涨商誉四年增两倍,投资者网
2020-05-01,智通港股通占比异动统计|5月1日,智通财经
2020-05-01,上市公司正负面新闻2020年5月1日星期五,Wind
2020-05-01,格隆汇港股通5日资金流入流出排行榜 | 4月30日,格隆汇
2020-04-30,加入消费“复苏”计划：复星旗下多板块业务启动线上线下促销活动,21世纪经济报道
2020-04-30,晚间重要公告2020年4月30日星期四,Wind
2020-04-30,新冠疫苗领跑全球 康希诺科创板成功过会！盛名之下荆棘满路,新浪医药
2020-04-30,复星医药一季度营收净利双下滑 股价继续下挫 盈利能力下降,中国经济网
2020-04-30,新冠核酸检测公司业绩冰火两重天 行业空间还有多大？,第一财经
2020-04-30,医药代表被医院“画圈”，违规将停止产品采购 其他违规处罚,制药网
2020-04-30,北上资金连续5周回流 A股或开启上攻模式,证券导报
2020-04-30,A股融资融券日报：两融余额减少41.24亿元（4月29日）,Wind
2020-04-30,智通港股通占比异动统计|4月30日,智通财经
2020-04-30,智通港股通持股解析|4月30日,智通财经
2020-04-30,股海导航 4月30日沪深股市公告提示,新浪
2020-04-30,增逾两成 2920家公司去年研发费用6459亿元,中证报
2020-04-30,上市公司正负面新闻2020年4月30日星期四,Wind
2020-04-29,A股头条之上市公司（4.29）,金融界
2020-04-29,上市公司数据播报：康隆达2019年净利5006.54万元,金融界
2020-04-29,晚间公告热点追踪：两桶油Q1均亏损超百亿 创A股记录,新浪
2020-04-29,复星医药一季度净利同比下降19% 盈利能力下降,金融界
2020-04-29,复星医药(600196.SH)一季度营收58.81亿元 净利5.77亿元,格隆汇
2020-04-29,晚间重要公告2020年4月29日星期三,Wind
2020-04-29,复星医药(02196-HK)一季度少赚18.97% 盈利能力下降,财华社
2020-04-29,复星医药一季度实现净利5.77亿元 同比下滑18.97% 盈利能力下降,北京商报
2020-04-29,复星医药携手多位国内外专家探讨非洲新冠疫情防治,证券时报网
2020-04-29,进出口银行上海分行抗疫复产主题金融债助力民营药企复工复产,中国金融新闻网
2020-04-29,一天缩水2000亿元！最牛板块突然“翻车”，千亿龙头大跌近7%，资金砸盘最凶的个股曝光 连续下跌,证券时报
2020-04-29,复星医药(02196)一季度归母净利润达5.77亿元,智通财经
2020-04-29,复星医药(02196.HK)一季度净利润达5.77亿元研发费用增长25.2%,格隆汇
2020-04-29,复星医药：一季度净利润5.77亿元 同比下滑约19% 盈利能力下降,e公司
2020-04-29,复星医药：一季度净利润5.77亿元，同比下滑18.97% 盈利能力下降,Wind
2020-04-29,Wind快讯| 每日医药行业动态（2020-04-29）,Wind
2020-04-29,华谊兄弟逆市定增22.9亿元国资首度入局 腾讯、复星系、阿里影业再加码,中证网
2020-04-29,复宏汉霖悄启科创板辅导，复星医药拆子公司上市再进一步,21世纪经济报道
2020-04-29,恒指收涨0.28%报24643.590点 汽车板块领涨,中新经纬
2020-04-29,复星医药携手国内外专家支援非洲疫情防治,中证网
2020-04-29,每天上千人次制药人在这里求职！,药通社
2020-04-29,想让基因检测高效触达基层医疗，「凡知医学」完成数千万元A+轮融资,36氪
2020-04-29,【民生医药|点评】复星医药：业绩符合预期，看好创新增量发力带来业绩拐点,杏林建研
2020-04-29,疫苗竞赛继续加速 辉瑞杀入下周启动美国临床试验,腾讯网
2020-04-29,华谊兄弟逆市定增23亿：腾讯、复星系、阿里影业再加码 国资首度入局,中国财富网
2020-04-29,华谊兄弟(300027.SZ)拟定增募资不超22.9亿元引入阿里影业、腾讯、复星系等为战投,格隆汇
2020-04-29,智通港股通占比异动统计|4月29日,智通财经
2020-04-29,智通港股通持股解析|4月29日,智通财经
2020-04-29,引入阿里、腾讯、复星系，这家创业板公司拟募资不超22.9亿元,中证报
2020-04-29,华谊兄弟定增23亿元，腾讯、复星系、阿里影业再加码，国资首度入局,投资界
2020-04-29,【首发】凡知医学完成数千万元A+轮融资，助推核酸快速诊断试剂及设备进入注册通道,动脉网
2020-04-28,4月，多家龙头药企上演“人事地震”,汇聚南药
2020-04-28,4月28日复盘：近期低点或已出现 主力资金出击8股,新浪
2020-04-28,康龙化成升逾2% 创上市新高,新浪
2020-04-28,615亿资金争夺20股：主力资金重点出击8股(名单),新浪
2020-04-28,东阳光药下跌10% 创52周新低 连续下跌,新浪
2020-04-28,恒指高开0.5%报24401.119点 广播板块领涨,中新经纬
2020-04-28,A股融资融券日报：两融余额减少16.14亿元（4月27日）,Wind
2020-04-28,4月28日券商晨会研报汇编,证券日报
2020-04-28,智通港股通占比异动统计|4月28日,智通财经
2020-04-28,智通港股通持股解析|4月28日,智通财经
2020-04-28,智通港股通资金流向统计(T+2)|4月28日,智通财经
2020-04-28,主力资金：大资金出逃科技股 最高3亿资金砸盘 尾盘主力抢筹这些股,金融界
2020-04-28,格隆汇港股通5日资金流入流出排行榜 | 4月27日,格隆汇
2020-04-28,智通港股投资日志|4月28日,智通财经
2020-04-27,格隆汇港股聚焦(4.27)︱ 万科一季度净利增逾1成 睿见教育中期核心净利润升33.2%,格隆汇
2020-04-27,复宏汉霖与复星凯特就CAR-T和biCAR-T研发达成战略合作,证券日报
2020-04-27,薄荷健康完成亿元及以上人民币C轮融资,亿邦动力
2020-04-27,复星医药：控股子公司获药品临床试验申请受理,中证网
2020-04-27,复星医药(02196)用于实体瘤治疗创新型小分子化学药物获临床试验注册审评受理,智通财经
2020-04-27,复星医药(02196.HK)：实体瘤治疗新药获药品临床试验申请受理,格隆汇
2020-04-27,康龙化成升逾10% 创上市新高,新浪
2020-04-27,472亿资金争夺20股：主力资金重点出击10股(名单),新浪
2020-04-27,迈克生物、达安基因等多家上市药企入选湖北新冠病毒检测试剂集采,北京商报网
2020-04-27,中生制药升逾3% 主动买盘63%,新浪
2020-04-27,互联网体重与健康管理服务提供商薄荷网完成C轮融资,亿邦动力
2020-04-27,午市前瞻： 港股本周维持横行格局 上望24800点,新浪
2020-04-27,港股早盘强势上行恒指涨1.7% 内银股走高中国银行涨超2%,腾讯网
2020-04-27,8家药企高管换血！ 董监高成员变化,微信
2020-04-27,【国信证券】海外疫情持续蔓延，新冠检测试剂需求大增（周观点）,GuosenHealthcare
2020-04-27,【信达看盘】2020.4.27,信达证券上海
2020-04-27,A股融资融券日报：两融余额减少69.89亿元（4月24日）,Wind
2020-04-27,智通港股通占比异动统计|4月27日,智通财经
2020-04-27,智通港股通持股解析|4月27日,智通财经
2020-04-27,智通港股通资金流向统计(T+2)|4月27日,智通财经
2020-04-27,格隆汇港股通5日资金流入流出排行榜 | 4月26日,格隆汇
2020-04-26,北上资金月内净流入482.82亿元 抢筹名单出炉,证券日报
2020-04-26,A股明日风口：两部门将推进互联网电视业务IPv6改造,新浪
2020-04-26,国产HPV疫苗获签发，哪些概念股值得关注？,搜狐
2020-04-26,月内净流入482.82亿元！北上资金连续5周回流A股开启进攻模式 抢筹名单出炉净利最高翻10倍,证券日报
2020-04-26,疫情之下品牌魅力凸显，如何做好品牌定位？,联商网
2020-04-26,郭广昌：面对危机，我们应对的办法只有一种,腾讯网
2020-04-26,两大题材龙头获大手笔加仓 融资客连续15周加仓股出炉,新浪
2020-04-26,主力抱团医疗消费防御板块 特高压概念暂歇喘息,南方财经网
2020-04-25,美的集团、五粮液连续11日以上获陆股通增持|粤开策略资金面日报-0424,微信
2020-04-24,格隆汇港股聚焦(4.24)︱龙湖13亿港元认购绿城服务股份中国太保一季度净利同比增长53%,格隆汇
2020-04-24,A股头条之上市公司（4.24）,金融界
2020-04-24,检测试剂板块再度走强一季度药企业绩分化明显|医资周报,金融界
2020-04-24,近4万股东一字闷杀！“神药”破灭，暴涨牛股“翻车”，18股资金大逃出,搜狐
2020-04-24,沪港通十大成交活跃股排名（4月24日）,Wind
2020-04-24,数据复盘｜北向资金净流入32.5亿元 机构1.57亿元抢筹安集科技,证券时报网
2020-04-24,北向资金净流入32.49亿元 净买入复星医药2.14亿元,上游新闻
2020-04-24,复星医药(02196)：治非霍奇金淋巴瘤及类风湿关节炎药利妥昔单抗注射液获药品补充申请批件,智通财经
2020-04-24,复星医药(02196.HK)：单克隆抗体药物汉利康获药品补充申请批件,格隆汇
2020-04-24,每经18点丨证监会：重拳打击上市公司财务造假、欺诈等行为；想来踢球？斯科拉里称C罗曾询问中国足球情况,每日经济新闻
2020-04-24,北上资金净买入复星医药2.14亿、宁德时代1.61亿元,格隆汇
2020-04-24,北上资金净流入32.50亿 复星医药净买入2.14亿,金融界
2020-04-24,北向资金净流入32.5亿 复星医药获净买入2.14亿,e公司
2020-04-24,北向资金净流入32.49亿元，复星医药获净买入2.14亿元,Wind
2020-04-24,复星医药(600196.SH)：汉利康获批新增500mg/50mL/瓶规格等,格隆汇
2020-04-24,552亿资金争夺20股：主力资金重点出击2股(名单),新浪
2020-04-24,石药集团跌逾5% 主动卖盘56%,新浪
2020-04-24,巴菲特看中国股市：茅台后，这些股在3-5年有望成为10倍大牛,和讯
2020-04-24,A股融资融券日报：两融余额增加0.38亿元（4月23日）,Wind
2020-04-24,智通港股通占比异动统计|4月24日,智通财经
2020-04-24,智通港股通持股解析|4月24日,智通财经
2020-04-24,核酸检测大规模展开 相关上市公司受益几何,上证报
2020-04-24,50家企业，数百个医药职位！不求职也可以围观！,药通社
2020-04-24,大规模核酸检测来袭 达安基因等11股大涨,北京商报网
2020-04-23,格隆汇港股聚焦(4.23)︱中国人寿一季度净利下降34% 比亚迪与日野合作开发纯电动商用车,格隆汇
2020-04-23,A股头条之上市公司（4.23）,金融界
2020-04-23,多平台上线核酸检测预约服务 国内核酸试剂商业化提速,北京商报网
2020-04-23,30只个股主力资金流入超亿元 格力电器居首,第一财经
2020-04-23,智通港股通活跃成交|4月23日,智通财经
2020-04-23,复星医药(02196)：注射用曲妥珠单抗获欧盟药品GMP证书 可治疗转移性乳腺癌等,智通财经
2020-04-23,【信达看盘】2020.4.23,信达证券上海
2020-04-23,复星医药(02196.HK)控股子公司获欧盟药品GMP证书,格隆汇
2020-04-23,大规模核酸检测来袭 达安基因等11股站上风口,北京商报
2020-04-23,复星医药：控股子公司获欧盟药品GMP证书,金融界
2020-04-23,北水动向(4.23)|北水净流入11.39亿 平安好医生(01833)再获超3亿增持,智通财经
2020-04-23,研发日报丨基石首次在华提交新药申请 Biogen新药上市被推迟,新浪
2020-04-23,复星医药(600196.SH)：汉霖制药获欧盟药品GMP证书,格隆汇
2020-04-23,港股复盘：恒指徘徊两万三 市场进入中短期寻顶的阶段,腾讯网
2020-04-23,智通港股52周新高、新低统计|4月23日,智通财经
2020-04-23,美股异动丨BioNTech(BNTX.US)盘前再涨超13% 获批在德国进行COVID-19疫苗首次临床试验,智通财经
2020-04-23,港股反复震荡 原油宝事件拖累中行股价|港股收市,第一财经
2020-04-23,624亿资金争夺20股：主力资金重点出击5股(名单),新浪
2020-04-23,港股午后窄幅震荡恒指涨0.5% 医药股教育股走高,腾讯网
2020-04-23,华润医药上涨2% 旗下儿科产品斐童上市,新浪
2020-04-23,恒指年内跌幅超4200点，这些港股却在创新高！,腾讯网
2020-04-23,恒指冲高回落半日涨0.23% 医药股教育股涨幅居前,腾讯网
2020-04-23,2020年全球市场可谓是一片阴霾，风险资产和避险资产全球同跌，恒指年初至今跌幅超4200点，车市寒冬下的汽车股延续着跌势，去年大热的苹果概念股陷入困境，高速公路等公用事业股避险属性全无，但也有一些个股创下新高，踩对了节奏的投资者获益颇丰，而有些投资者默默吃土，割裂成为今年港股市场的关键词。,富途证券
2020-04-23,恒指涨0.23% 航空航天军工板块领涨,中新经纬
2020-04-23,郭广昌：抗新冠病毒疫苗研发在德国进入临床试验,新浪
2020-04-23,港股午评|恒指盘中一度转跌，国美零售创逾2年新高,富途证券
2020-04-23,恒半日涨0.23% 航空航天军工板块领涨,中新经纬
2020-04-23,香港恒生指数涨0.23%报23475.82点，能源、医疗保健板块涨幅居前,Wind
2020-04-23,复星医药(02196-HK)：匹伐他汀钙片通过仿制药一致性评价,财华社
2020-04-23,港股异动 | 复星医药A+H联袂上涨 所合作的BioNTech开始进行新冠疫苗人体试验,格隆汇
2020-04-23,复星医药飙逾6% 获批发行50亿公司债券,新浪
2020-04-23,丽珠医药涨逾4% 获大摩上调目标价,新浪
2020-04-23,港股异动 | 合作药企BioNTech疫苗获批在德国临床试验 复星医药(02196)涨逾5%,智通财经
2020-04-23,中生制药升近3% 主动买盘67%,新浪
2020-04-23,复星医药涨超4%，合作药企新冠疫苗获批在德国临床试验,富途证券
2020-04-23,23日公司新闻聚焦:中行回应原油宝问题 国轩高科澄清大众入股报道,证券时报网
2020-04-23,智通港股通占比异动统计|4月23日,智通财经
2020-04-23,智通港股通持股解析|4月23日,智通财经
2020-04-23,社保基金现身289只股前十大流通股东榜,证券时报网
2020-04-23,股海导航 4月23日沪深股市公告提示,新浪
2020-04-23,4月23日20:00开播 | 后疫情时代，社会办医生存法则,医学界智库
2020-04-23,上海复星医药（集团）股份有限公司 关于控股子公司药品通过仿制药一致性评价的公告,中证报
2020-04-22,爱尔眼科2019年度分配预案：拟10送3股派1.5元,证券时报网
2020-04-22,格隆汇港股聚焦(4.22)︱中国联通一季度净利同比下降超一成远航港口一季度纯利预增逾四成,格隆汇
2020-04-22,A股头条之上市公司（4.22）,金融界
2020-04-22,复星医药(02196)发行总额不超过50亿元公司债券的注册申请获同意,智通财经
2020-04-22,复星医药子公司匹伐他汀钙片通过仿制药一致性评价,金融界
2020-04-22,复星医药(02196.HK)匹伐他汀钙片通过仿制药一致性评价,格隆汇
2020-04-22,复星医药(02196.HK)：中国证监会同意公司发行不超50亿元公司债券的注册申请,格隆汇
2020-04-22,复星医药(02196)拟发行不超50亿元公司债券的注册申请获批复,搜狐
2020-04-22,复星医药(600196.SH)：江苏万邦匹伐他汀钙片通过一致性评价,格隆汇
2020-04-22,智通港股通活跃成交|4月22日,智通财经
2020-04-22,复星医药：子公司药品通过仿制药一致性评价,e公司
2020-04-22,4月23日涨停板早知道：七大利好有望发酵,新浪
2020-04-22,北水动向(4.22)|北水净流入9.68亿 平安好医生(01833)获2.64亿增持 股价再破顶,智通财经
2020-04-22,港股通净买入腾讯3亿港元,格隆汇
2020-04-22,辉瑞和BioNTech开展新冠疫苗获批临床 后者系复星医药合作伙伴,北京商报
2020-04-22,医药生物行业资金流出榜：12股净流出资金超亿元,证券时报网
2020-04-22,复星医药(600196.SH)发行不超50亿元公司债券注册申请获中国证监会批复,格隆汇
2020-04-22,智通港股52周新高、新低统计|4月22日,智通财经
2020-04-22,【信达看盘】2020.4.22,信达证券上海
2020-04-22,4月22日早盘主力巨资抢筹四大板块(附股),金融界
2020-04-22,【财经明星会预告】工业富联董事长李军旗：新基建下的智造之“变”,e公司
2020-04-22,A股融资融券日报：两融余额增加10.51亿元（4月21日）,Wind
2020-04-22,智通港股通持股解析|4月22日,智通财经
2020-04-22,【山证医药】医药行业周报（20200418）：继续关注疫情下医疗器械和原料药板块投资机会,山西证券研究所
2020-04-22,一季报出炉 明星基金加仓三领域,金融投资报
2020-04-22,港股大盘走势反复,南方财经网
2020-04-21,国药一致披露2019年度分配预案：拟10派6元,证券时报网
2020-04-21,1200亿养老金到账，又要驰援A股？最新持仓动向曝光：现身64家公司，连续6季度青睐这只个股,e公司
2020-04-21,一季报出炉 明星基金加仓三大领域,金融投资报
2020-04-21,智通港股52周新高、新低统计|4月21日,智通财经
2020-04-21,国务院发文 全国三级医院建设实验室 加强新冠检测能力,新浪
2020-04-21,午市前瞻：料恒指回调幅度不大 本周可守23000点,新浪
2020-04-21,4月上半月新药研发：百济神州PD-1获批新适应症,每日经济新闻
2020-04-21,复星医药创年度新高 成交额6.41亿元,中新经纬
2020-04-21,英皇证券：板块轮动受惠港股牛皮市 医药股炒作涌现,新浪
2020-04-21,开盘：美油跌至负值拖累恒指低开0.34% 中国生物制药配售2亿股跌4.71%,金融界
2020-04-21,A股融资融券日报：两融余额增加42.91亿元（4月20日）,Wind
2020-04-21,智通港股通持股解析|4月21日,智通财经
2020-04-21,社保基金现身259只股前十大流通股东榜,证券时报网
2020-04-21,新老基建齐发力 三大股指全线收红,上证报
2020-04-21,多家公司检测试剂盒获美紧急使用授权,中证报
2020-04-20,新光药业拟10派4.5元股息率3.02%,证券时报网
2020-04-20,港股收盘(4.20)|恒指收跌0.21% 获拼多多战略投资 国美零售(00493)收涨逾16%,智通财经
2020-04-20,港股震荡走弱，科技股强势依旧｜港股收市,第一财经
2020-04-20,收评：港股恒指走低跌0.21% 国美零售大涨16.44%,新浪
2020-04-20,615亿资金争夺20股：主力资金重点出击8股(名单),新浪
2020-04-20,美国犯下失误，90款试剂未经审核进入市场！或将不得不向中国进口,搜狐
2020-04-20,养老金持仓动向：新进28只股 对南钢股份持股量最多,证券时报
2020-04-20,A股多个指数报价异常！损失不大 大概率是这原因,e公司
2020-04-20,恒指跳水回升半日涨0.16% 国美零售涨近14%,腾讯网
2020-04-20,复星医药涨逾4% 子公司拟开展新药临床试验,新浪
2020-04-20,复星医药AH股齐涨 新冠病毒核酸检测试剂盒获美FDA紧急使用授权,格隆汇
2020-04-20,快讯：港股恒指高开0.51% 国美零售早盘暴涨33%,新浪
2020-04-20,恒指高开0.51%，家居装修零售商板块领涨,中新经纬
2020-04-20,智通港股通占比异动统计|4月20日,智通财经
2020-04-20,智通港股通持股解析|4月20日,智通财经
2020-04-20,48只港股获南向资金大比例持有,证券时报网
2020-04-20,科创板早报|中兴联合联通完成大带宽射频测试芯片封装产能依然紧张,科创板日报
2020-04-20,格隆汇港股通5日资金流入流出排行榜 | 4月19日,格隆汇
2020-04-19,复星医药新冠病毒核酸检测试剂盒获美国FDA紧急使用授权,Wind
2020-04-19,复星医药新冠病毒核酸检测试剂盒获美国FDA紧急使用授权,证券时报网
2020-04-18,养老金去年末现身54只股前十大流通股东榜,证券时报网
2020-04-18,格隆汇港股通5日资金流入流出排行榜 | 4月17日,格隆汇
2020-04-17,17日晚公告精编丨神州优车：已出现金融机构和供应商挤兑苗头,21世纪经济报道
2020-04-17,复星医药副总裁戴昆任职未满三月辞职 董监高成员变化,中国网
2020-04-17,格隆汇个股放量排行榜 | 4月17日,格隆汇
2020-04-17,复星医药(02196.HK)：戴昆辞任副总裁 董监高成员变化,格隆汇
2020-04-17,4月17日上市公司晚间公告速递,新浪
2020-04-17,复星医药：子公司获药品临床试验通知书,证券时报网
2020-04-17,复星医药(600196.SH)：FCN-207片用于高尿酸血症的治疗获批开展临床试验,格隆汇
2020-04-17,复星医药：副总裁戴昆因个人原因辞职 董监高成员变化,Wind
2020-04-17,风险偏好缓慢修复，融资客连日加仓,中证报
2020-04-17,多款药物进入收割期，复星医药股价何时迎来新突破？,第一财经
2020-04-17,缺少国内认证新冠病毒抗体检测产品出口难三诺生物：国内注册正在推进,科创板日报
2020-04-17,上海：税费优惠激发药企创新活力,中国税务报
2020-04-17,豫园股份合肥星泓城消防遭通报 复星集团总投资85亿,中国经济网
2020-04-17,复星集团：为海外抗疫提供支援,经济日报
2020-04-17,A股融资融券日报：两融余额增加21.15亿元（4月16日）,Wind
2020-04-17,智通港股通占比异动统计|4月17日,智通财经
2020-04-17,智通港股通持股解析|4月17日,智通财经
2020-04-17,晚间公告热点追踪：广深铁路一季度预亏4.5亿-5.5亿,新浪
2020-04-17,复星医药(02196-HK)子公司许可产品获进口药品注册,财华社
2020-04-17,格隆汇港股通5日资金流入流出排行榜 | 4月16日,格隆汇
2020-04-16,4月17日上市公司重要公告集锦：上海机场3月份旅客吞吐量同比下降85.03%,证券日报
2020-04-16,A股头条之上市公司（4.16）,金融界
2020-04-16,复星医药仿制药非布司他片获一致性评价通过,证券日报
2020-04-16,复星医药首个引进小分子创新药阿伐曲泊帕片国内获批上市,金融界
2020-04-16,复星医药(02196.HK)4月29日举行董事会议以通过季度业绩,格隆汇
2020-04-16,复星医药：控股子公司药品通过仿制药一致性评价,中证网
2020-04-16,复星医药(02196.HK)非布司他片通过仿制药一致性评价,格隆汇
2020-04-16,复星医药(02196.HK)收到马来酸阿伐曲泊帕片《进口药品注册证》,格隆汇
2020-04-16,复星医药(600196.SH)：马来酸阿伐曲泊帕片获进口药品注册证,格隆汇
2020-04-16,复星医药(600196.SH)：江苏万邦非布司他片通过仿制药一致性评价,格隆汇
2020-04-16,恒指收跌0.58%险守24000点 腾讯控股涨近3%股价创一月多新高,腾讯网
2020-04-16,智通港股52周新高、新低统计|4月16日,智通财经
2020-04-16,4月16日复盘：无量反弹成功概率几何 主力出击11股,新浪
2020-04-16,最被看好十大港股:交银国际上调腾讯目标价至466港元,新浪
2020-04-16,社保组合新进80家公司，养老金现身47股，26股获两大机构同时加持,证券时报
2020-04-16,573亿资金争夺20股：主力资金重点出击11股(名单),新浪
2020-04-16,复星医药大涨7.11%，报37.22元,中新经纬
2020-04-16,美银证：上调复星医药(2196.HK)目标价至33港元 评级维持买入,格隆汇
2020-04-16,美银美林：上调复星医药(02196)目标价至33港元 维持“买入”评级,智通财经
2020-04-16,240多家药企披露2019年业绩，行业正在加速分化,国际金融报
2020-04-16,90股昨日获机构买入评级,证券时报
2020-04-16,智通港股通占比异动统计|4月16日,智通财经
2020-04-16,智通港股通持股解析|4月16日,智通财经
2020-04-16,社保基金去年四季度重仓股揭秘：5股社保基金持股比例超10%,金融界
2020-04-16,前方高能，4月份北向资金净流入达334.28亿元！持仓个股曝光（名单）,每日经济新闻
2020-04-15,【民生医药|周报】医疗服务领涨，持续关注“供-需”端增速分化带来投资机会,杏林建研
2020-04-15,研发日报丨赛诺菲/GSK联手开发新冠疫苗 预计明年下半年获批,新浪
2020-04-15,5.15亿元资金今日流入医药生物股,证券时报网
2020-04-15,业内热议新修订《药品注册管理办法》：规范注册行为 助力医药创新,中国医药报
2020-04-15,巨·个股|全球首个临床二期！疫苗研发速度超预期，谁有望获益？（附股）,巨丰财经
2020-04-15,疫苗生产还有多远？这些股票已迫不及待开始狂欢,中国财富网
2020-04-15,复星医药子公司自主研发新药获药监局申请批件,资本邦
2020-04-15,中生制药升逾2% 主动买盘67%,新浪
2020-04-15,国产生物类似药突破产能瓶颈，2020年有望快速上量,制药网
2020-04-15,智通港股通占比异动统计|4月15日,智通财经
2020-04-15,智通港股通持股解析|4月15日,智通财经
2020-04-15,社保基金现身205只股前十大流通股东榜,证券时报网
2020-04-15,我国已有3个疫苗进入临床 腺病毒载体疫苗已进入二期（附股）,金融界
2020-04-15,4月15日涨停板预测：11股有望冲击涨停,金融界
2020-04-14,格隆汇港股聚焦(4.14)︱中国人寿一季度保费收入3078亿元小米耗资2.5亿港元回购2455万股,格隆汇
2020-04-14,复星医药：子公司获药品补充申请批件 新药适用于类风湿关节炎等治疗,金融界
2020-04-14,晚间公告热点追踪：中信证券澄清与中信建投合并传闻,新浪
2020-04-14,复星医药(02196)：复宏汉霖拟为汉霖制药不超过2亿元贷款提供担保 大额借贷担保,智通财经
2020-04-14,两种新冠病毒灭活疫苗进入临床试验 国产疫苗研发加速推进,每日经济新闻
2020-04-14,复星医药(02196)子公司收到关于利妥昔单抗注射液的药品补充申请批件,智通财经
2020-04-14,复星医药(02196.HK)：汉霖制药类风湿关节炎治疗药物获药品补充申请批件,格隆汇
2020-04-14,复星医药(600196.SH)：汉霖制药获药品补充申请批件,格隆汇
2020-04-14,复星医药：拟为控股子公司提供不超2亿元担保 大额借贷担保,Wind
2020-04-14,跟着“国家队”炒股：汇金证金“种草”保险，社保中意长春高新,第一财经
2020-04-14,医药生物行业今日涨1.74%，主力资金净流出4.50亿元,证券时报网
2020-04-14,恒指冲高回落收涨0.56% 医药板块活跃,中新经纬
2020-04-14,恒指半日涨0.65％挑战24500点 黄金股全线大涨,腾讯网
2020-04-14,国药集团武汉所研发 全球首个新冠病毒灭活疫苗进入临床,上证报
2020-04-14,【山证医药】医药行业周报（20200411）：年报与一季报持续发布，长短期结合关注业绩表现较好个股,山西证券研究所
2020-04-13,钢银电商：沉淀钢贸领域20余年，打造钢铁电商交易新局面【安信三板诸海滨团队】,诸海滨新三板
2020-04-13,复星医药(02196)：“17复药01”于上交所上市并交易的数量为1091.95万张,智通财经
2020-04-13,医药生物行业今日净流出资金9.03亿元，14股净流出资金超5000万元,证券时报网
2020-04-13,4月13日复盘：等待两个关键时刻 主力资金出击7股,新浪
2020-04-13,475亿资金争夺20股：主力资金重点出击7股(名单),新浪
2020-04-13,我们离全民新冠病毒筛查还有多远,科创板日报
2020-04-13,复星国际净利8连增加码线上营销 5家子公司贡献超八成收入,长江商报
2020-04-12,这些大品种，医院卖得最好（附名单）,赛柏蓝
2020-04-12,【药咖君】7年垄断被破，恒瑞首仿获批；复星引进新药国内独一家；诺和诺德降糖王位不倒，FDA疫情下的极强求生欲,药智网
2020-04-11,2019年医院用药10大产品、10大药企榜单出炉,医药云端工作室
2020-04-11,【安信证券】复星国际2019年报点评：利润稳步增长，战略聚焦助于提高ROE,新角度新金融
2020-04-11,辉瑞和BioNTech公布新冠病毒疫苗研发合作细节 计划最早4月底首次进行临床试验,中国网
2020-04-11,医药生物行业本周资金流出榜：19股净流出资金超亿元,证券时报网
2020-04-10,辉瑞：一种蛋白酶抑制剂对新冠病毒具有抗病毒活性,证券时报
2020-04-10,京、沪接连发布新冠病毒核酸检测新政 复工检测需求或增加,科创板日报
2020-04-10,重磅：三轮带量采购目录最快7月出台！22亿奥美拉唑等大品种大概率入选,E药经理人
2020-04-10,社保与QFII去年四季度共同现身37家公司 斥资逾40亿联袂加仓11股,证券日报
2020-04-10,A股首只创新药ETF今日上市，这一指数年化收益超16%,券商中国
2020-04-10,A股首只创新药ETF今日上市，这一指数年化收益超16%,证券时报
2020-04-10,康希诺、复宏汉霖等近20家药企“冲刺”科创板 底气在哪里？,新浪
2020-04-10,智通港股通持股解析|4月10日,智通财经
2020-04-10,智通港股通占比异动统计|4月10日,智通财经
2020-04-10,A股融资融券日报：两融余额增加27.65亿元（4月9日）,Wind
2020-04-10,50只港股获南向资金大比例持有,证券时报网
2020-04-10,社保基金去年四季度重仓股揭秘：19股社保基金持股比例超5%,证券时报网
2020-04-09,资金抢筹最凶的RCS概念股出炉，4股上亿资金扫货,搜狐
2020-04-09,智飞生物重磅品种就要批了 新政之下还有哪些重磅新药将获批？,e公司
2020-04-09,产品如期报产商业运营团队到位泽璟制药“首战”能否过关？,科创板日报
2020-04-09,583亿资金争夺20股：主力资金重点出击7股(名单),新浪
2020-04-09,险资新晋重仓21只个股，邮储银行成为期末持股市值最高的个股,第一财经
2020-04-09,华润医药升逾5% 主动买盘64%,新浪
2020-04-09,石药集团升逾3% 主动买盘65%,新浪
2020-04-09,A股融资融券日报：两融余额减少0.1亿元（4月8日）,Wind
2020-04-09,智通港股通持股解析|4月9日,智通财经
2020-04-09,A股早报2020年4月9日星期四,Wind
2020-04-08,【中金固收·信用】中国短期融资券及中期票据信用分析周报,中金固定收益研究
2020-04-08,复星医药(02196.HK)：控股子公司获药品临床试验通知书,格隆汇
2020-04-08,复星医药：重组抗CTLA-4全人单克隆抗体注射液临床试验获批,e公司
2020-04-08,复星医药(600196.SH)：重组抗CTLA-4全人单克隆抗体注射液获药品临床试验通知书,格隆汇
2020-04-08,复星医药(02196.HK)完成发行3亿元超短期融资券,格隆汇
2020-04-08,医保概念概念股近三日受18亿主力资金追捧,证券时报网
2020-04-08,【兴业策略|行业比较】“大创新50/100”组合重磅调整（王德伦、张兆）,XYSTRATEGY
2020-04-08,611亿资金争夺20股：主力资金重点出击3股(名单),新浪
2020-04-08,数百个近期热招岗位！欢迎药企免费发布！,药通社
2020-04-08,武汉“解封”！创投圈传来好消息，红杉资本等巨头出手了,中国基金报
2020-04-08,养老金去年末现身31只股前十大流通股东榜,证券时报网
2020-04-08,集采之下，中国原料药行业将迎发展机遇,制药网
2020-04-08,艾德证券期货：欧美疫情或进入拐点 市场二次探底后机会大于风险,和讯
2020-04-08,科技驱动破解融资难 构建普惠金融客户生态体系,中国网
2020-04-08,49只港股获南向资金大比例持有,证券时报网
2020-04-08,智通港股通持股解析|4月8日,智通财经
2020-04-08,【财经早餐】国常会决定增设46个跨境电商综合试验区，推广促进跨境电商发展,华龙掘金
2020-04-08,【山证医药】医药行业周报（20200405）：新版《药品注册管理办法》正式发布，建议持续关注国产创新,山西证券研究所
2020-04-07,智通港股公告精选︱(4.7)龙光地产3月权益合约销售额71.2亿元 跨周期稳定增长,--
2020-04-07,复星医药(02196.HK)董事会审议通过与国药控股签订产品服务互供框架协议,格隆汇
2020-04-07,新冠疫苗研发或再迎加速！核酸疫苗领跑，又一款即将启动临床试验,新浪医药
2020-04-07,全球抗疫复星携手北上广医疗专家分享“中国经验”,财华社
2020-04-07,石药集团升逾3%主动买盘45% 暂连升4日,新浪
2020-04-07,复星国际涨逾4% 公司本月回购709万股,新浪
2020-04-07,医疗物资出口收紧：有公司订单暂缓 国内拿证救命,新京报
2020-04-07,受瑞幸财务事件影响 微医IPO或调整保荐人,电商报
2020-04-07,支援全球抗疫 复星集团携手北上广医疗专家分享“中国经验”,中证网
2020-04-07,智通港股通占比异动统计|4月7日,智通财经
2020-04-07,一季度医疗主题基金成最大赢家 涨幅排名前三,中国经济网
2020-04-07,【信达看盘】2020.4.7,信达证券上海
2020-04-07,A股融资融券日报：两融余额减少72.42亿元（4月3日）,Wind
2020-04-07,43股去年四季度获社保基金扎堆持有,证券时报
2020-04-07,智通港股通持股解析|4月7日,智通财经
2020-04-07,皮海洲：买！买！买！险资增持能增强市场的信心吗,中财网
2020-04-07,一季度医药基金包揽混基涨幅前三 华夏建投富国领涨,中国经济网
2020-04-06,绿叶制药微跌0.27%创上市新低 暂连跌2日 连续下跌,新浪
2020-04-06,智通港股通持股解析|4月6日,智通财经
2020-04-05,【近两周待发项目0405】中山证券承销信用债及ABS,中山证券债券发行
2020-04-04,首批港交所B股上市本土创新药企2019成绩单大公开：谁最令人意外？,E药经理人
2020-04-04,2019年医疗服务资本市场报告：弱周期，新起点,猎云网
2020-04-04,恒指收跌0.19%报23236点 石油股领跌蓝筹中石油H股跌超5%,腾讯网
2020-04-03,【微访谈精华回顾】复星医药：医疗冲在前线 全球调配抗疫物资支援,证券之星
2020-04-03,机构：医药板块“攻守兼备” 建议积极配置,中国财富网
2020-04-03,【深度报道】新药受试者招募的喜与忧,E药经理人
2020-04-03,恒指收跌0.19%报23236.11点 油气设备服务板块领跌,中新经纬
2020-04-03,4月3日复盘：下周市场面临双重考验 主力资金出击7股,新浪
2020-04-03,恒指缩量收跌0.19%，神州租车大跌54.4%停牌,Wind
2020-04-03,622亿资金争夺20股：主力资金重点出击7股(名单),新浪
2020-04-03,联邦制药飙逾7%创逾一年高位 绩后获大行唱好,新浪
2020-04-03,药股逆市获资金追入 中生制药扬近3%石药集团升近2%,新浪
2020-04-03,中生制药升近3% 主动买盘63%,新浪
2020-04-03,早盘复盘：沪指跌0.33%农业股逆势走强，恒指跌0.6%三桶油领跌大市,格隆汇
2020-04-03,养老金去年末现身29只股前十大流通股东榜,证券时报网
2020-04-03,近期热招岗位！欢迎药企免费发布！,药通社
2020-04-03,抢抓成渝地区双城经济圈建设机遇 复星集团将进一步加大在重庆战略布局,重庆商报
2020-04-03,科创板“当仁不让” 复星系后仿制药时代的“头牌” 复宏汉霖能否挑大梁？,全景网
2020-04-03,智通港股通持股解析|4月3日,智通财经
2020-04-03,【东北医药崔洁铭/马千里】疫苗行业深度：核酸疫苗专题研究,东北证券研究所
2020-04-02,呼吸机岀口被严管？复星医药海外生产,新京报
2020-04-02,A股头条之上市公司（4.2）,金融界
2020-04-02,复星医药:新冠疫苗研发追赶国际速度或4月底临床试验,新京报
2020-04-02,83股今日获机构买入评级,证券时报网
2020-04-02,47亿主力资金近三日撤出含H股的A股概念股,证券时报网
2020-04-02,保险行业深度研究：财险赛道的长期逻辑,并购优塾
2020-04-02,最前线 | 康希诺生物股价再创新高，获美国资本集团增持6629万港元,36氪
2020-04-02,复星国际（0656.HK）新定位和聚焦战略的确立，驱动内在价值的提升,格隆汇
2020-04-02,长江生命科技升近6% 三连跌后反弹,新浪
2020-04-02,【光大医药 | 年报点评】复星医药：各板块稳健增长，创新转型成果涌现,医心医意要健康
2020-04-02,两融余额五连降杠杆资金大幅减仓15股,证券时报网
2020-04-02,复星国际现跌4% 中金削目标价10% 机构下调估值,新浪
2020-04-02,分析国内外医疗机器人行业现状及趋势,新浪
2020-04-02,复星医药发布《2019企业社会责任报告》：追求人才和产品的可持续发展,中金在线
2020-04-02,恒指收跌2.19%险守23000点 汽车股重挫广汽集团跌超10% 连续下跌,腾讯网
2020-04-02,复星国际去年利润增10% 高管回应新冠肺炎疫苗进度,新京报
2020-04-02,智通港股通持股解析|4月2日,智通财经
2020-04-02,融资客连续减仓机构唱多科技股,中证报
2020-04-02,【财经秘书】保险行业情报,搜狐
2020-04-01,抗疫物资出口政策收紧，几家欢喜几家愁，这些企业的出路或艰难,科创板日报
2020-04-01,复星医药2019营收超285亿 新冠疫苗有望4月进入临床,21世纪经济报道
2020-04-01,复星去年净利达148亿元现金充裕 郭广昌称疫情下存产业拓展机会,证券日报
2020-04-01,民生银行第二十次会议遭两董事投反对和弃权票 大唐发电盈利下滑 盈利能力下降,金融界
2020-04-01,复星国际收入盈利创新高，疫情下危中觅机,财华社
2020-04-01,1261只个股今日尾盘资金净流入,证券时报网
2020-04-01,研发日报丨默沙东K药在中国获准前列腺癌临床试验,新浪
2020-04-01,6亿主力资金近三日杀入陆股通周卖出前二十概念股,证券时报网
2020-04-01,复星国际去年盈利创新高，疫情下关注哪些投资机会,第一财经
2020-04-01,华润医药跌逾5% 主动卖盘51%,新浪
2020-04-01,复星国际(00656.HK)举行2019年业绩直播 管理层谈疫情影响：国内业务做足准备 加快恢复,格隆汇
2020-04-01,港股上市公司复宏汉霖回应科创板IPO：当仁不让,Wind
2020-04-01,港股上市公司复宏汉霖回应科创板IPO：当仁不让,新浪
2020-04-01,突发，印度制药厂发生新冠聚集性爆发！一公司10名员工检测阳性！,药通社
2020-04-01,复星医药旗下复宏汉霖新药I期临床安全性及耐受性良好,证券日报
2020-04-01,复星国际董事长郭广昌：去年不易，今年更难，疫情危机加速复星自我提升,每日经济新闻
2020-04-01,复星国际跌近2% 于合理时间才考虑回购,新浪
2020-04-01,郭广昌：中国会率先从疫情危机中走出，内需依然是巨大机遇,腾讯网
2020-04-01,复星陈启宇：新冠肺炎疫苗预期4月底开始临床实验,新浪
2020-04-01,复星国际：复星医药净利增23% 具备全球研发体系雏形,新浪
2020-04-01,复星国际:5家子公司贡献81%收入 复星旅文利润贡献大,新浪
2020-04-01,一季度抗癌药获批占比大，未来或仍将保持快速增长,制药网
2020-04-01,陈启宇：2020复星增长关键词是聚焦 对三大产业充满信心,新浪
2020-04-01,复星国际去年收入1430亿 复星旅文对利润贡献最大,观点地产网
2020-04-01,复星国际：公司业绩增长稳健 平均债务成本为5.06%,新浪
2020-04-01,药明生物涨近4% 控股股东配售部分股权,新浪
2020-04-01,复星业绩会5大看点：疫情之后存机会 复星四方面受益,新浪
2020-04-01,英国企业将量产呼吸机 呼吸机如何救命？我国生产医用呼吸机的上市公司有哪些？,中研网
2020-04-01,“创新研发+海外布局”双擎驱动 复星医药(02196)未来增长可期,智通财经
2020-04-01,吴以芳：疫情对整个医药行业的影响深刻和深远,南都报
2020-04-01,复星国际(00656)：战略聚焦、组织进化，全球危机中独辟内生式高效成长路径,智通财经
2020-03-31,复星医药2019年财报：深度聚焦制药，“4+3”研发平台凸显全球创新能力,E药经理人
2020-03-31,A股头条之上市公司（3.31）,金融界
2020-03-31,复星国际2019年净利增10%至148亿 郭广昌：新阶段将“聚焦”核心产业,每日经济新闻
2020-03-31,GE最高职位中国高管离任，O/K药多员大将生变！外企离职裁员潮来了？ 董监高成员变化,E药经理人
2020-03-31,一线丨复星国际2019收入1429.8亿元增31％，超四成来自海外,腾讯网
2020-03-31,复星医药研发投入继续高位 2019年营收与净利齐增,证券日报
2020-03-31,复星医药(02196.HK)：附属结直肠癌等多种实体癌的治疗新药近日完成相关临床研究报告,格隆汇
2020-03-31,“三驾马车”并驾齐驱 复星国际2019年业绩再创新高,上证报
2020-03-31,复星医药(02196)：抗癌药重组抗EGFR人源化单抗注射液具良好安全性及耐受性,智通财经
2020-03-31,复星医药(02196)拟出资5000万认缴一医疗产业基金份额,智通财经
2020-03-31,一图看懂复星医药2019年度业绩,金融界
2020-03-31,复星国际2019年总收入1429.8亿同比增长31%，归母净利润同比增长10%,搜狐
2020-03-31,复星国际：去年净利润148亿元创历史新高，同比增长10%,澎湃新闻
2020-03-31,连续亏损 复宏汉霖“筹钱”科创板 亏损,北京商报网
2020-03-31,复星国际发布2019年业绩 总收入同比增长31%,中证网
2020-03-31,去年营收利润双增 疫情下复星医药如何“打全场”？,第一财经
2020-03-31,复星国际(00656.HK)发布2019全年业绩：利润保持两位数增长，苦练内功应对疫情,格隆汇
2020-03-31,实现第八年连续增长 复星国际(00656.HK)年度纯利升10%至148亿元,格隆汇
2020-03-31,复星医药：拟出资5000万元认购私募基金份额,中证网
2020-03-31,复星医药(600196.SH)：拟5000万认购私募基金份额挖掘并储备行业内的优质项目,格隆汇
2020-03-31,复星医药(600196.SH)：重组抗EGFR人源化单克隆抗体注射液完成I期临床试验研究报告,格隆汇
2020-03-31,611亿主力资金近三日撤出融资融券概念股,证券时报网
2020-03-31,复星医药：拟续展及新增不超过等值230亿元担保额度 大额借贷担保,Wind
2020-03-31,【证券之星】今日两市超大账户减持的50只个股 减持股份,证券之星
2020-03-31,复宏汉霖CEO：疫情影响可控 上个月复工率即90%以上,新浪
2020-03-31,3月医药大事件之榜单篇：上榜企业有太多“熟面孔”,制药网
2020-03-31,复星医药2019年净利同比增长22.66%,北京商报
2020-03-31,联邦制药升逾10% 主动买盘67%,新浪
2020-03-31,最前线丨君实生物拟登陆科创板，将成首家“新三板+H+A”公司,36氪
2020-03-31,社保基金去年四季度重仓股揭秘：新进36股增持39股,证券时报网
2020-03-31,核心产品销售增长拉动业绩 复星医药2019年年报“药”力强劲,上证报
2020-03-31,中生制药下跌6% 去年纯利跌70% 盈利能力下降,新浪
2020-03-31,复星医药：2019年业绩营收与净利润齐增 全球化创新能力凸显,中金在线
2020-03-31,复星医药集团2019计提资产减值准备3.73亿元，致净利润减少3.73亿元 资产异常,资本邦
2020-03-31,A股融资融券日报：两融余额减少40.59亿元（3月30日）,Wind
2020-03-31,中信证券：细究海外抗疫需求的爆发 建议关注五大主线,新浪
2020-03-31,复星医药(02196-HK)2019年实现凈利润37.44亿元,财华社
2020-03-31,智通港股通持股解析|3月31日,智通财经
2020-03-31,复星医药(02196)董事会审议通过复宏汉霖于科创板上市的议案,智通财经
2020-03-31,复星医药(02196)：复宏汉霖生物医药产业化基地第二阶段投资不超7.2亿元,智通财经
2020-03-31,为强化大健康产业的布局 复星医药(02196)投资设立苏州星晨及天津星耀,智通财经
2020-03-31,复星医药(02196)：复星医药产业与Kite Pharma拟对复星凯特进行增资共1000万美元,智通财经
2020-03-31,复星医药(02196)拟续聘安永华明和安永会计师事务所,智通财经
2020-03-31,复星医药(02196)拟续展及新增不超230亿元担保额度 大额借贷担保,智通财经
2020-03-31,复星医药(02196)2019年度合计计提资产减值准备3.726亿元 资产异常,智通财经
2020-03-31,两融业务周报（20200323-20200327）,东吴财经通
2020-03-31,复星医药(02196.HK)2019年度净利润升22.66%至33.22亿元 研发投入升38.15%,格隆汇
2020-03-31,复星医药：2019年年度主要财务指标,上交所
2020-03-31,每股派息0.39元 复星医药(02196)年度归母净利润增22.7%至33.22亿元,智通财经
2020-03-30,业绩快报 | 宝宝树2019年营收3.57亿元，复星系王长颖将担任董事会副主席,36氪
2020-03-30,复星医药：2019年盈利33.22亿人民币，同比增长22.66%,Wind
2020-03-30,复星医药(600196.SH)：复宏汉霖拟于上交所科创板上市,格隆汇
2020-03-30,【民生医药|年报点评】复星医药:内生业务增长强劲，创新增量有望带来业绩拐点,杏林建研
2020-03-30,复星医药(02196.HK)：复宏汉霖拟科创板上市拓宽融资渠道,格隆汇
2020-03-30,复星医药：2019年营业收入285.85亿 同比增长14.72%,新浪
2020-03-30,复星医药：2019年净利润同比增长22.66%,Wind
2020-03-30,复星医药：2019年净利33.22亿元 同比增23%,e公司
2020-03-30,复星医药(600196.SH)2019年度净利润升22.66%至33.22亿元 研发投入达34.63亿元,格隆汇
2020-03-30,复星医药：2019年度合计计提资产减值准备3.73亿元 资产异常,Wind
2020-03-30,复宏汉霖-B(02696)建议A股在科创板发行并上市,智通财经
2020-03-30,复星医药(02196)拟参设苏州合伙及天津合伙企业 强化大健康产业布局,智通财经
2020-03-30,11股特大单净流入资金超1亿元,证券时报网
2020-03-30,呼吸机全球紧缺 上市企业“外单”激增,新京报
2020-03-30,【信达看盘】2020.3.30,信达证券上海
2020-03-30,1312只个股今日尾盘资金净流入,证券时报网
2020-03-30,复星医药(02196)建议委任龚平、潘东辉为非执行董事,智通财经
2020-03-30,救命呼吸机全球紧缺，我国近千家呼吸机企业迎全球订单,上游新闻
2020-03-30,2020年中国体外诊断行业市场分析：疫情防控中成为发展关键 市场增速位居全球首位,前瞻研究院
2020-03-30,恒生指数震荡收跌1.32%报23175.11点，博彩股跌幅居前,Wind
2020-03-30,588亿资金争夺20股：主力资金重点出击2股(名单),新浪
2020-03-30,港股午后止跌回升恒指一度涨0.02% 博彩股集体走低医药股上涨,腾讯网
2020-03-30,【民生医药|周报】推荐疫情影响下“供-需”端增速分化带来投资机会,杏林建研
2020-03-30,快讯：港股恒指跌幅收窄至0.56% 内地医药股集体上涨,新浪
2020-03-30,恒指低位回升半日跌1.29% 航空股全线下挫,腾讯网
2020-03-30,君实生物涨近半成 去年收入大增至逾7亿人民币,新浪
2020-03-30,药明康德H股跌近7% 股东拟减持A股 拟减持股份,新浪
2020-03-30,上海医药逆市上涨6% 去年多赚逾半成,新浪
2020-03-30,港股异动︱新冠病毒核酸检测试剂盒通过药监局应急审批 复星医药(02196)涨超5%,智通财经
2020-03-30,远大医药（0512.HK）：聚焦创新药械两大赛道，战略版图愈发稳固！,格隆汇
2020-03-30,智通港股通持股解析|3月30日,智通财经
2020-03-30,A股融资融券日报：两融余额减少56.76亿元（3月27日）,Wind
2020-03-29,【直播预告】直击大商所液化石油气LPG期货挂牌上市,e公司
2020-03-27,250亿大资金砸盘！白马股也扛不住 外资却悄悄买入,金融界
2020-03-27,智通港股空仓持单统计|3月27日,智通财经
2020-03-27,8股特大单净流入资金超2亿元,证券时报网
2020-03-27,医药生物行业资金流出榜：9股净流出资金超亿元,证券时报网
2020-03-27,【财经明星会】余昊：全球股市暴跌之下的港股市场投资价值 连续下跌,e公司
2020-03-27,周五指数冲高回落，这里是顶部了吗？,金融界
2020-03-27,3月27日主力资金净流出252亿元,证券时报网
2020-03-27,复宏汉霖利妥昔单抗大卖 600亿市场一触即发,贝壳社
2020-03-27,恒指收涨0.56% 油气设备服务板块领涨,中新经纬
2020-03-27,涨停板复盘：创业板指单边下挫 农业股集体回调,新浪
2020-03-27,598亿资金争夺20股：主力资金重点出击8股(名单),新浪
2020-03-27,复星医药：诊断试剂产品认证，不会致主营变更,资本邦
2020-03-27,3月27日午盘主力巨资抢筹四大板块(附股),金融界
2020-03-27,绿叶制药跌逾10% 主动卖盘58%,新浪
2020-03-27,智通港股通占比异动统计|3月27日,智通财经
2020-03-27,新冠疫苗研发竞跑：每支大概100元，中国力量最快年底上市,腾讯网
2020-03-27,A股早评：三大指数高开逾1% 题材概念全线飘红,格隆汇
2020-03-27,潜望丨新冠疫苗研发竞跑：每支大概100元 中国力量最快年底上市,腾讯网
2020-03-27,A股融资融券日报：两融余额减少37.84亿元（3月26日）,Wind
2020-03-27,每日理财观察：一季报预约披露时间表出炉，社保基金最新持股名单曝光,Wind
2020-03-27,智通港股通持股解析|3月27日,智通财经
2020-03-27,A股早报2020年3月27日星期五,Wind
2020-03-27,5G技术助跑，上市公司抢滩智慧医疗,Wind
2020-03-27,港A医药板块携手走强 优质标的价值凸显,中证报
2020-03-27,风险偏好改善 融资客加仓意愿回升,中证报
2020-03-26,逆市抢筹 超4亿大资金买入医药龙头,金融界
2020-03-26,提醒！最坏的时刻即将过去，A股大行情在后头！,华讯财经
2020-03-26,复星医药(600196.SH)：尚无法预计新冠病毒诊断试剂获国内注册/欧盟CE认证对营收的影响,格隆汇
2020-03-26,复星医药：医学诊断收入占比较小,Wind
2020-03-26,智通港股通活跃成交|3月26日,智通财经
2020-03-26,9股特大单净流入资金超2亿元,证券时报网
2020-03-26,空客宣布德国、英国机翼工厂减产3周 法国和西班牙业务部分恢复,英为财情
2020-03-26,无惧实体店关闭！英国家电零售商Dixons近3周线上销售大增70%,英为财情
2020-03-26,数据复盘｜机构1.7亿元抢筹华大基因 19亿主力资金净流出协鑫集成,证券时报网
2020-03-26,北水动向(3.26)|北水净流入18.23亿为本月最低 内险股表现分化,智通财经
2020-03-26,医药生物行业今日涨2.14%，主力资金净流入15.92亿元,证券时报网
2020-03-26,两市主力资金净流出324.68亿元，电子行业净流出居首,证券时报网
2020-03-26,市场综述：港A股走弱美股期指下挫，航空股涨势遇阻,老虎证券
2020-03-26,港股收盘：恒指收跌0.7% 复星医药大涨12% 旗下病毒检测试剂获批,英为财情
2020-03-26,26股主力资金净流入超亿元,证券时报网
2020-03-26,A股小幅回调 机构称逐步整固筑底是大概率事件,新浪
2020-03-26,港股收盘(3.26)|恒指收跌0.74% 医药板块活跃 复星医药(02196)收涨超11%,智通财经
2020-03-26,A股三大股指集体收跌，医疗器械股逆势走强 连续下跌,观察者网
2020-03-26,收评：恒指高开低走跌0.74%终结四连阳 医药股护盘复星医药涨11.9%,金融界
2020-03-26,恒生指数收跌0.74% 能源、金融板块领跌,e公司
2020-03-26,港股收评：恒指收跌0.74%石油股、汽车股普跌中国恒大续涨7%瑞声升近4%,格隆汇
2020-03-26,收评：港股恒指跌0.74% 医药股走高复星医药大涨12%,新浪
2020-03-26,恒指收跌0.74% 服装零售商板块领跌,中新经纬
2020-03-26,恒生指数收跌0.74%报23352.34点，中信股份跌领跌蓝筹,Wind
2020-03-26,3月26日复盘：夯实底部再出发 主力资金出击7股,新浪
2020-03-26,632亿资金争夺20股：主力资金重点出击7股(名单),新浪
2020-03-26,收评：两市震荡沪指跌0.6%医疗器械、农牧饲渔成亮点,金融界
2020-03-26,巨丰收评：市场缩量筑底 板块轮动明显,巨丰财经
2020-03-26,医药板块避风港属性凸显！抗疫药物获新进展,中投网
2020-03-26,复星医药H股飙逾15%，子公司测试剂盒通过审批,老虎证券
2020-03-26,复星医药升近11% 创1个月新高,新浪
2020-03-26,A股弱势整理，上证指数收盘跌0.6%,Wind
2020-03-26,医药股逆市走高 复星医药飙逾15%,新浪
2020-03-26,港股异动 | 新冠病毒检测试剂盒通过药监局应急审批 复星医药(02196)A股涨停 H股飙升16%,智通财经
2020-03-26,核酸检测试剂盒通过审批，复星医药拉涨15%,富途证券
2020-03-26,复星医药(2196.HK)涨近6%新冠病毒测试剂盒获药监局应急审批,格隆汇
2020-03-26,医药器械午后走高 明德生物涨停,中国经济网
2020-03-26,【行情】医药板块尾盘再度拉升，复星医药涨停，未名医药大涨6%，赛升药业、上海医药纷纷走强。,金十数据
2020-03-26,快讯：医药板块尾盘再度拉升 复星医药涨停,新浪
2020-03-26,复星医药新冠病毒核酸检测试剂盒通过国家药监局应急审批,中证网
2020-03-26,药业股普遍逆市上升 石药集团扬逾5%三生制药涨近9%,新浪
2020-03-26,石药集团升逾3% 暂连升3日,新浪
2020-03-26,三生制药升逾11% 暂连升3日,新浪
2020-03-26,A股融资融券日报：两融余额增加25.49亿元（3月25日）,Wind
2020-03-26,智通港股通持股解析|3月26日,智通财经
2020-03-26,格隆汇港股通5日资金流入流出排行榜 | 3月25日,格隆汇
2020-03-26,专访北京银行张东宁:保护征信 精准滴灌中小微企业,新浪
2020-03-25,复星医药(02196)完成收购复锐医疗科技(01696)21.93%股权 持股升至74.76%,智通财经
2020-03-25,复锐医疗科技(01696.HK)：复星医药(02196.HK)完成受让公司21.93%股权,格隆汇
2020-03-25,【收藏】最新最全重点肿瘤创新药企业在研管线汇总,汇聚南药
2020-03-25,医药板块避风港属性凸显，关注业绩持续快速增长的优质股丨牛熊眼,第一财经
2020-03-25,3月25日复盘：A股暴涨内因揭秘 主力资金出击14股,新浪
2020-03-25,773亿资金争夺20股：主力资金重点出击14股(名单),新浪
2020-03-25,重磅！恒生推出生物科技最新指数 首批成分股公司曝光,E药经理人
2020-03-25,单靠新基建远远不够！请收好这份核心资产名单,证券时报网
2020-03-25,单靠新基建远远不够！大消费再成香饽饽，请收好这份核心资产名单,证券时报
2020-03-25,三生制药升近11% 主动买盘62%,新浪
2020-03-25,恒指高开2.61% 家庭电器板块领涨,中新经纬
2020-03-25,A股融资融券日报：两融余额减少4.98亿元（3月24日）,Wind
2020-03-25,智通港股通占比异动统计|3月25日,智通财经
2020-03-25,智通港股通持股解析|3月25日,智通财经
2020-03-25,47只港股获南向资金大比例持有,证券时报网
2020-03-25,原研药降价进医保 本土生物类似药研发和商业化踏上新征程,21世纪经济报道
2020-03-24,复宏汉霖上市首份年报：研发投入14亿元 亏损8.78亿元 亏损,北京商报
2020-03-24,港交所未盈利生物科技公司已达15家 总市值逾2610亿港元,e公司
2020-03-24,汉利康创收7900万元 助力复宏汉霖2019年营收同比激增超11倍,证券日报
2020-03-24,复宏汉霖发布2019年度业绩：多维度创新成果凸显，国际化与商业化稳步推进,美通社
2020-03-24,A股市场主力资金净流出21.48亿元 山东黄金净流入额居首,中证网
2020-03-24,港股异动丨复星医药涨7.75%控股股东增持计划已累计增持0.28%股份,格隆汇
2020-03-24,A股市场资金变动一览（3月24日）,Wind
2020-03-24,恒指推出新指数 复星医药（02196）获纳恒生沪深港通生物科技50指数,智通财经
2020-03-24,复宏汉霖-B（2696.HK）：首个生物类似药国产替代加速，全球化创新凸显价值,格隆汇
2020-03-24,恒指高开3.69% 服装零售商板块领涨,中新经纬
2020-03-24,中生制药涨近6% 获纳恒生沪深港通生物科技50指数,新浪
2020-03-24,复宏汉霖2019年营收同比增11.25倍，汉丽康销售额达7900万元,和讯
2020-03-24,大批药企布局医疗器械相关业务，医械前景被看好,制药网
2020-03-24,复宏汉霖交上市后首份成绩单：营收9090万 研发投入超14亿,每日经济新闻
2020-03-24,智通港股通持股解析|3月24日,智通财经
2020-03-24,智通港股通占比异动统计|3月24日,智通财经
2020-03-24,【山证医药】医药行业周报（20200323）：海外疫情持续蔓延，建议关注原料药等细分领域,山西证券研究所
2020-03-24,恒瑞医药交2019年“成绩单”：营收净利均增长超30% 研发叠加政策助力,21世纪经济报道
2020-03-23,复宏汉霖(02696.HK)持续加强创新研发投入，产品商业化进程稳步推进,格隆汇
2020-03-23,复宏汉霖-B(02696)年度总收入增11.25倍至9090万元 研发开支增加约44.66%,智通财经
2020-03-23,一批药企转向器械 医疗器械迎长期机遇,赛柏蓝
2020-03-23,恒瑞市值涨至3500亿！去年净赚53亿！孙飘扬任上交出最后答卷,新浪医药
2020-03-23,恒瑞医药的2019，暗藏不少惊喜,格隆汇
2020-03-23,格隆汇个股放量排行榜 | 3月23日,格隆汇
2020-03-23,超3600亿元市值的恒瑞首提要“合规转型” 释放了什么信号？,E药经理人
2020-03-23,微创医疗下周一放榜 逆市扬逾6%破10天线,新浪
2020-03-23,沪指失守2700，两市九成个股下跌，一板块却掀起涨停潮,每日经济新闻
2020-03-23,康希诺生物涨近19%破顶 获大摩升目标价及营收预测,新浪
2020-03-23,中信证券：疫苗是解决COVID-19肺炎的根本 关注相关标的,证券时报网
2020-03-23,智通港股通持股解析|3月23日,智通财经
2020-03-23,智通港股通占比异动统计|3月23日,智通财经
2020-03-23,中信证券：疫苗、mRNA、腺病毒载体将是抗击新冠病毒疫情的解药,金融界
2020-03-22,业务停摆大幅裁员 老牌太阳马戏团“命悬一线” 员工变动,北京商报
2020-03-22,【东吴医药】周观点20200322：国产新冠疫苗研发和国际同步，建议关注康希诺、复星医药、智飞生物,东吴医药研究团队
2020-03-22,罕见大撤退！融资客连续加仓股仅剩8只，大基金二期概念龙头被抢筹（附名单）,e公司
2020-03-21,【民生医药|周报】原料药跑赢板块，继续推荐全球产业链定价能力强和内需驱动的医药细分龙头,杏林建研
2020-03-21,逆势扫货！管理着650亿美元的高瓴资本，最先加码哪些行业？,上证报
2020-03-21,你敢跌我就敢买！本周抄底资金规模翻倍，逾百亿借道ETF进场，芯片最受青睐,每日经济新闻
2020-03-21,本周重点报告精选（2020.03.16-2020.03.20）,平安研究
2020-03-21,格隆汇港股通5日资金流入流出排行榜 | 3月20日,格隆汇
2020-03-20,【国信医药】药品创新价值凸显，医院建设带来器械需求增长（周观点）,GuosenHealthcare
2020-03-20,格隆汇个股放量排行榜 | 3月20日,格隆汇
2020-03-20,截至3月20日AH股共计1只股票股价倒挂,Wind
2020-03-20,天津启东金象大药房门店1天收3罚单 复星医药持股40%,中国经济网
2020-03-20,3月20日早盘两市机构大单抛盘40股(名单),金融界
2020-03-20,智通港股通占比异动统计|3月20日,智通财经
2020-03-20,智通港股通持股解析|3月20日,智通财经
2020-03-19,两巨头研发新冠疫苗拒供中国？辉瑞：复星医药已入局,新京报
2020-03-19,复星医药入局新冠疫苗研发，4月下旬进入临床试验,医药云端工作室
2020-03-19,两巨头瞄向它，多家药企披露进展，哪款新冠疫苗能最终突围？,新浪医药
2020-03-19,深挖医美器械潜力 复锐医疗科技2019年营收同比增长12.7%,证券日报
2020-03-19,格隆汇个股放量排行榜|3月19日,格隆汇
2020-03-19,恒指收跌2.61% 卫星无线通讯板块领跌,中新经纬
2020-03-19,2020年医药行业格局如何？投资者推荐三大逻辑,制药网
2020-03-19,辉瑞回应“拒绝向中国提供新冠疫苗”：复星医药用8500万提前拿下了中国市场的开发和商业权,21世纪经济报道
2020-03-19,复锐医疗科技(01696)：营收稳健增长，持续发力全球化布局,智通财经
2020-03-19,郭广昌复盘“战时机制”：不要错过任何一次危机对组织的考验,腾讯网
2020-03-19,拒绝向中国提供疫苗？辉瑞回应：复星医药已提前入局,中新经纬
2020-03-19,与BioNTech共同开发新冠疫苗为何不包括中国市场？辉瑞回应争议,每日经济新闻
2020-03-19,辉瑞拒绝向中国提供疫苗？复星医药已抢占在华独家权利,澎湃新闻
2020-03-19,中国市场权利被复星医药独家“抢断”，辉瑞抗病毒疫苗研发引争议,第一财经
2020-03-19,【民生医药|专题】从药品结构调整看仿制药投资的预期差——仿创行业专题报告（二）,杏林建研
2020-03-19,辉瑞生物制药集团今日公告称：如果辉瑞与BioNTech的合作最终创造出一种安全有效的疫苗，虽然辉瑞与BioNTech的协议不包括中国市场,金十数据
2020-03-19,搜狐医药|辉瑞新冠疫苗分销将不包括中国？辉瑞回应：复星医药已提前合作,搜狐
2020-03-19,开盘：恒指小幅低开0.32％ 腾讯业绩增幅超20％涨2.69％,金融界
2020-03-19,复星医药控股股东增持712万股 七年研发投入增速34.7%难阻业绩低迷,电鳗快报
2020-03-19,45只港股获南向资金大比例持有,证券时报网
2020-03-19,3月19日沪深两市最新交易提示,金融界
2020-03-19,智通港股公告精选︱(3.18)腾讯全年股东应占盈利同比增19%至933.1亿元,--
2020-03-18,新冠病毒检测试剂出海潮：十多家上市公司布局 抢滩欧盟,新京报
2020-03-18,联手BioNTech共抗COVID-19，复星医药加速mRNA疫苗领域布局,财华社
2020-03-18,【e公司直播】华测检测：布局战略领域促增长 积极应对疫情危与机,e公司
2020-03-18,高科技呼吸机产品亮相！睡眠市场或将成为下一个蓝海,新浪
2020-03-18,增持计划期限已过半 复星医药(02196)获复星高科技累计增持711.65万股H股,智通财经
2020-03-18,复星医药(02196.HK)：控股股东增持计划已过半 累计增持0.28%股份,格隆汇
2020-03-18,康希诺、复宏汉霖、成大生物等近20家药企“冲刺”科创板，底气在哪里？,新浪医药
2020-03-18,2020券商医药行业周观点（第10周）,Wind
2020-03-18,GBI专题报告 | 新一轮带量采购冲击波：仿制药企洗牌加速,新浪
2020-03-18,Wind快讯 | 每日医药行业动态（2020-03-18）,Wind
2020-03-18,格隆汇个股放量排行榜|3月18日,格隆汇
2020-03-18,医药板块强势反弹！这些上市公司迎“出海”机遇,中投网
2020-03-18,中国百强大健康民营企业出炉（附名单）,医药观察家网
2020-03-18,复星医药(02196.HK)3月30日董事会考虑及通过全年业绩,格隆汇
2020-03-18,复星医药(600196.SH)：复星高科技增持期过半 累计增持711.65万H股,格隆汇
2020-03-18,908亿资金争夺20股：主力资金重点出击3股(名单),新浪
2020-03-18,复星医药入局COVID-19疫苗研发,零壹财经
2020-03-18,港股异动︱与BioNTech强强联合共抗COVID-19 复星医药(02196)续涨逾8%,智通财经
2020-03-18,恒指震荡走高半日涨0.08% 物业管理股医药股飙升,腾讯网
2020-03-18,法匹拉韦量产投入临床 医药股普涨四环医药涨近9%,新浪
2020-03-18,全国首款重组新冠疫苗背后的康希诺生物：已研发15种疫苗产品 正在冲击“A+H”,北京商报网
2020-03-18,复星医药大涨6.71%，成交额95828万元,中新经纬
2020-03-18,与BioNTech强强联合共抗COVID-19 复星医药(02196)踏上全球mRNA领跑赛道,智通财经
2020-03-18,交银国际：相关产品销量增 看好丽珠医药及中国中药,新浪
2020-03-18,【信达看盘】2020.3.18,信达证券上海
2020-03-18,恒指翻红，医疗股涨幅居前,Wind
2020-03-18,胡润发布《2020胡润中国百强大健康民营企业》,Wind
2020-03-18,美股新冠疫苗龙头暴涨66%！A股影子股起飞，疫苗距离上市还有多远,证券时报网
2020-03-18,【医药】关注医药一季报，逢低布局优质龙头——医药行业周报——中性（联系人：徐勇、甘英健、陈晨、张山峰）,渤海证券研究
2020-03-18,智通港股通持股解析|3月18日,智通财经
2020-03-18,79股获券商买入评级 鹏辉能源目标涨幅达112.05%,Wind
2020-03-18,港股盘前必读：香港特区将向全球各地发出海外旅游红色警示,Wind
2020-03-18,新冠疫苗研发领域多路线部署 相关公司望受关注,证券时报网
2020-03-17,全国首款重组新冠病毒疫苗背后的康希诺生物,北京商报网
2020-03-17,VIP资讯分享： A.大基金二期注资紫光展锐 估值逾600亿元。,首席投顾说
2020-03-17,A股明日风口：两部门印发意见加大多能互补支持力度,新浪
2020-03-17,大资金连续5日出逃 这些股抛压最重,金融界
2020-03-17,主力动向：3月17日特大单净流出64.59亿元,证券时报网
2020-03-17,复星医药有望成中国市场最大受益者 BioNTech拟最快于4月启动新冠疫苗临床试验,健识局
2020-03-17,买买买，License in方兴未艾,新浪医药
2020-03-17,中天科技尾盘净流入资金超亿元,证券时报网
2020-03-17,市场综述：无惧海外市场压力！港股超跌反弹可期,老虎证券
2020-03-17,A股市场主力资金净流出238.53亿元 中天科技净流入额居首,中证网
2020-03-17,复星医药：为控股子公司提供担保1亿元 大额借贷担保,Wind
2020-03-17,40股主力资金净流入超亿元,证券时报网
2020-03-17,恒指收涨0.87%出版板块领涨,中新经纬
2020-03-17,港股收评：恒指震荡收涨0.87% 手游股、光伏股回升明显 腾讯、友邦皆升超2%,格隆汇
2020-03-17,新华500指数（989001）17日收盘下跌0.37%,新华网
2020-03-17,巨丰资金流向：市场探底回升 238亿资金再现出逃！,巨丰财经
2020-03-17,复星医药大涨5.12%，最近一日融资余额166700.71万元,中新经纬
2020-03-17,多家药企竞速新冠肺炎疫苗研发,第一财经
2020-03-17,康希诺生物与军科院合研新冠病毒疫苗启动志愿者预招募 曾与陈薇团队研发出全球首个埃博拉疫苗,21世纪经济报道
2020-03-17,智通港股通持股解析|3月17日,智通财经
2020-03-17,40股获券商买入评级 万盛股份目标涨幅达76.81%,Wind
2020-03-17,今日COVID-19研发动态：Moderna新冠疫苗完成首例志愿者接种，IL-6抑制剂启动2/3期临床试验,药明康德
2020-03-17,【山证医药】医药行业周报（20200315）：海外疫情持续升温，建议关注相关领域投资机会,山西证券研究所
2020-03-17,券商看好医药行业13股获多家机构推荐,证券时报
2020-03-16,【光大医药|公告点评】复星医药：引进COVID-19 mRNA疫苗，CAR-T纳入优先审评,医心医意要健康
2020-03-16,特效药尚未面世，新冠病毒疫苗研发“不得不慢”，距离真正上市还有多远？,E药经理人
2020-03-16,复星医药入局 超20家药企竞速新冠肺炎疫苗研发,北京商报
2020-03-16,研发日报丨优时比抗癫痫新药padsevonil 2b期临床失败,新浪
2020-03-16,复星医药(02196.HK)向子公司提供1亿元担保 大额借贷担保,格隆汇
2020-03-16,医药股大面积上涨 能否挽回行业颓势？,新浪
2020-03-16,68股今日获机构买入评级6股上涨空间超50%,证券时报网
2020-03-16,新华500指数收盘报3977.43点 跌4.48%,新华网
2020-03-16,【微访谈精华回顾】福鞍股份：进军环保领域 三大业务板块协同发展,e公司
2020-03-16,复星医药入局新冠肺炎疫苗研发：合作伙伴系美股“新生” 尚未盈利,北京商报
2020-03-16,在路上：狠砸4.74亿元，复星医药入局新冠疫苗研发,财华社
2020-03-16,阳普医疗“佛系”发展,证券市场周刊
2020-03-16,解密主力资金出逃股连续5日净流出790股,证券时报网
2020-03-16,恒指重挫超4%险守23000点 科网股集体下跌中兴通讯跌超23% 连续下跌,腾讯网
2020-03-16,【国信医药】疫情牵动市场情绪，关注研发进展（2020年3月投资策略）,GuosenHealthcare
2020-03-16,全力保障医疗物资供应 三大行业协会齐心协力抗疫复工,医疗器械协会
2020-03-16,今日28只个股跨越牛熊分界线,证券时报网
2020-03-16,Wind快讯| 每日医药行业动态（2020-03-16）,Wind
2020-03-16,新华500指数16日收盘下跌4.48% 报3977.43点,新华网
2020-03-16,新华500指数（989001）16日收盘下跌4.48%,新华网
2020-03-16,申万宏源：恒指上周五跌幅收窄 收报24032点跌276点,新浪
2020-03-16,新华500指数午盘报4102.93点 跌1.46%,新华网
2020-03-16,恒指低位回升半日跌2.19% 中兴通讯H股重挫20%,腾讯网
2020-03-16,电报|复星凯特一新药上市申请被纳入优先审评,科创板日报
2020-03-16,港股午评|恒指跌幅有所收窄，中兴通讯大跌20% 连续下跌,富途证券
2020-03-16,71只个股跨越牛熊分界线,证券时报网
2020-03-16,联手BioNTech启动新冠疫苗研发，复星医药逆市涨超4%,富途证券
2020-03-16,部分医疗股逆市受捧 微创医疗涨逾6%,新浪
2020-03-16,医药板块整体走强 约10股涨停,e公司
2020-03-16,复星医药逆市弹近6% 入股美国疾病治疗研发公司,新浪
2020-03-16,恒指低开近3%报23317点 石油股下跌中海油跌超7%,腾讯网
2020-03-16,医药生物行业2020年3月投资策略：疫情牵动市场情绪，关注研发进展,国信研究
2020-03-16,港股异动︱附属与BioNTech签署疫苗产品许可协议 复星医药(02196)早盘高开逾7%,智通财经
2020-03-16,港股开盘(3.16) | 恒指低开2.98%报23317点 蓝筹股全线走弱,智通财经
2020-03-16,港股异动 | 复星医药逆市高开7.72% 获BioNTech授权开发及商业化针对COVID-19疫苗产品,格隆汇
2020-03-16,【早间资讯】2020-03-16,大通证券投教基地
2020-03-16,恒指低开2.98% 新能源物料板块领跌,中新经纬
2020-03-16,A股早报2020年3月16日星期一,Wind
2020-03-16,智通港股通持股解析|3月16日,智通财经
2020-03-16,港股公告精选：国泰君安每手“18国君G1”将于3月23日付息51.5元,Wind
2020-03-16,最新公告透露利好 16只个股有望爆发（03.16）,中金在线
2020-03-16,盘前必读公告：上市公司重大消息一览！,巨丰财经
2020-03-16,巨丰早参：美联储再次紧急降息并启动7000亿美元量化宽松计划,巨丰财经
2020-03-16,【中证盘前】美联储降息1个百分点，推出7000亿美元QE计划；定向降准今日落地，释放长期资金5500亿元；国机重装获准重新上市,中证报
2020-03-16,每日财报简讯|绝味食品本周将解禁162.7亿元 兆新股份董事长突然辞职,搜狐
2020-03-16,陆家嘴财经早餐2020年3月16日星期一,Wind
2020-03-16,中泰证券：新冠病毒疫苗离我们有多远？,金融界
2020-03-16,晚间公告热点追踪：多家公司信披违法违规遭立案调查,新浪
2020-03-16,上市公司正负面新闻2020年3月16日星期一,Wind
2020-03-16,【中信证券医药田加强团队】新冠病毒疫苗研发：与时间的赛跑,CITICS医药
2020-03-15,复星医药陈启宇：全产业链支援抗疫 公共信任是经营的底线和基础,新浪
2020-03-15,复星医药重金入局新冠肺炎疫苗产品开发,第一财经
2020-03-15,支付8500万美元许可费 复星医药启动与BioNTech新冠疫苗合作,新浪
2020-03-15,周末上市公司晚间重要公告,金融界
2020-03-15,重磅！恒生推出生物科技最新指数，首批成分股公司曝光，恒瑞、石药等悉数入围，还有谁将加入？,E药经理人
2020-03-15,晚间公告精选丨因涉嫌信披违法违规，多家公司遭证监会立案调查,21世纪经济报道
2020-03-15,复星医药(02196)附属与BioNTech签署疫苗产品许可协议 另拟5000万美元认购其0.7%股权,智通财经
2020-03-15,复星医药(02196.HK)获BioNTech授权开发及商业化针对COVID-19疫苗产品,格隆汇
2020-03-15,复星医药与BioNTech战略合作 开发针对新冠肺炎的疫苗产品,e公司
2020-03-15,极速：复星新冠mRNA疫苗4月底开展临床,汇聚南药
2020-03-15,3月16日涨停板早知道：七大利好有望发酵,新浪
2020-03-15,“壕掷”1.35亿美元！复星医药联手BioNTech启动新冠疫苗战略合作,证券日报
2020-03-15,公告精选：多家公司遭立案调查；中国电信集团投资公司拟受让辰安科技18.68%股权,e公司
2020-03-15,晚间重要公告2020年3月15日星期日,Wind
2020-03-15,3月15日上市公司晚间公告速递,新浪
2020-03-15,复星医药(600196-CN)(02196-HK)联手BioNTech启动新冠疫苗战略合作,财华社
2020-03-15,公告点题｜3月15日这些公告有看头,第一财经
2020-03-15,复星医药（02196）与全球领先mRNA疗法企业BioNTech联手 启动新冠疫苗战略合作,智通财经
2020-03-15,复星医药(600196.SH)：益基利仑赛注射液已被纳入药品上市注册优先审评程序,格隆汇
2020-03-15,复星医药：BioNTech授权复星医药产业开发针对COVID-19的疫苗产品,e公司
2020-03-15,复星医药：子公司获BioNTech许可开发新冠肺炎疫苗产品,Wind
2020-03-15,【民生医药|跟踪点评】复星医药：与BioNTech开展合作，布局mRNA疫苗领域,杏林建研
2020-03-15,资本市场，抗疫概念走强,富途证券
2020-03-13,中国创新药！最新最全重点肿瘤创新药企业在研管线汇总,新康界
2020-03-13,【顶点.解读】3月13日晚间要闻速递,顶点财经
2020-03-13,智通港股52周新高、新低统计|3月13日,智通财经
2020-03-13,智通港股通占比异动统计|3月13日,智通财经
2020-03-13,智通港股通持股解析|3月13日,智通财经
2020-03-13,制度创新支撑新结构行情,上证报
2020-03-12,【微访谈精华回顾】广汇能源经营工作受疫情影响可控?计划五年内提升LNG收入占比至七成以上,e公司
2020-03-12,多元化融资支持抗疫复工,中证网
2020-03-12,复星医药HLX10临床试验获新进展,新浪
2020-03-12,传奇生物已向SEC秘密递表，募资3亿美元，最快二季度挂牌上市,36氪
2020-03-12,恒指低开2.27% 服装零售商板块领跌,中新经纬
2020-03-12,A股早报2020年3月12日星期四,Wind
2020-03-12,最新公告透露利好 14只个股有望爆发（03.12）,中金在线
2020-03-11,格隆汇港股聚焦(3.11)︱SOHO中国称正与海外金融投资者洽谈 邮储银行获控股股东斥资逾25亿元增持A股,格隆汇
2020-03-11,复星医药(02196.HK)“17复药01”回售申报数量为158.05万张,格隆汇
2020-03-11,复星医药(02196)：Tenapanor片于治疗高磷血症的临床试验获批准,智通财经
2020-03-11,A股头条之上市公司（3.12）,金融界
2020-03-11,【微访谈精华回顾】液态医用氧产能实现湖北省医疗机构全覆盖 和远气体预计全年受疫情影响可控,e公司
2020-03-11,债券重大事件2020年3月11日星期三,Wind
2020-03-11,复星医药Tenapanor片获得III期临床试验通知,金融界
2020-03-11,复星医药(02196.HK)子公司Tenapanor片获临床试验通知书,格隆汇
2020-03-11,复星医药：“17复药01”回售金额为人民币1.5805亿元，拟进行转售,Wind
2020-03-11,复星医药：控股子公司获临床试验通知书,e公司
2020-03-11,复星医药(600196.SH)：经一线化疗失败的晚期宫颈癌治疗方案启动II期临床研究,格隆汇
2020-03-11,复星医药(600196.SH)：复星医药产业Tenapanor片获临床试验通知书,格隆汇
2020-03-11,【华西医药崔文亮团队】《新冠疫苗专题系列报告1：新冠疫苗研发迅速推进，利润空间达百亿级》,崔文亮研究团队
2020-03-11,ADC药物市场或近百亿美元 国内药企开始加速布局,制药网
2020-03-11,【民生医药|周报】3/15：大盘出现调整，全球产业链定价能力强和内需驱动的医药细分龙头投资性价比凸显,杏林建研
2020-03-11,智通港股通持股解析|3月11日,智通财经
2020-03-10,疫情对健康险影响如何？看复星联合健康险总裁怎么说,新浪
2020-03-10,远大医药发力创新主要靠并购，会再遇“黑天鹅”吗？,中金在线
2020-03-10,研发日报丨Empliciti一线治疗多发性骨髓瘤3期临床失败,新浪
2020-03-10,复星医药一新药临床试验申请获受理，拟用于骨质疏松治疗,米内网
2020-03-10,恒指收涨1.41% 服装零售商板块领涨,中新经纬
2020-03-10,CAR-T市场规模日益扩大，引众多药企布局,制药网
2020-03-10,复星医药旗下HLX14获临床试验注册审评受理,新浪
2020-03-10,复星医药：复宏汉霖、汉霖制药新药申请受理,资本邦
2020-03-10,智通港股通持股解析|3月10日,智通财经
2020-03-10,【山证医药】医药行业周报（20200308）：医保改革最高指导文件发布，建议关注相关受益龙头标的,山西证券研究所
2020-03-10,两融业务周报（20200302-20200306）,东吴财经通
2020-03-09,【金财富决策参考】2020-03-10,赢家之星
2020-03-09,复星医药(02196)：治疗高危骨折风险女性绝经后骨质疏松症的HLX14获临床试验注册审评受理,智通财经
2020-03-09,复盘：91只涨停股谁能连板？两大顶级概念首次正面交锋！,新浪
2020-03-09,A股食品医药类企业海外收入2000亿元，47家公司收入占比超50%,Wind
2020-03-09,【e公司直播】晨光生物：20年成就天然植物提取领域龙头 加速构建大健康行业生态圈,e公司
2020-03-09,智通港股通占比异动统计|3月9日,智通财经
2020-03-09,智通港股通持股解析|3月9日,智通财经
2020-03-08,国内CAR-T应用迎突破，延安必康已抢占赛道,凤凰网
2020-03-08,花红微商“小黑膏”宣称使用30余种名贵苗药可治风湿等 生产企业回应“未使用名贵苗药、确存夸大宣传”,中国网
2020-03-06,智通港股公告精选︱(3.6) 碧桂园2月销售额约209.2亿元 中信建投证券2月净利激增91.32%,智通财经
2020-03-06,格隆汇港股聚焦(3.06)︱信德集团和香港中旅拟组跨境运输合营中手游预计年度经调整纯利增长70%至85%,格隆汇
2020-03-06,疫情下布局，不错！自研抗癌药红利期将过，贝达药业拟募资10亿攻新药,国际金融报
2020-03-06,【e公司直播—3.8 女神节特别企划】益盛药业：产品被列入新冠肺炎诊疗方案 整体布局人参产业链,e公司
2020-03-06,复星医药(02196)治疗痛风新药FCN-207片获临床试验注册审评受理,智通财经
2020-03-06,复星医药(02196.HK)“17复药01”拟3月16日付息,格隆汇
2020-03-06,复星医药(02196.HK)：治疗高尿酸血症或痛风新药获药监局临床试验注册审评受理,格隆汇
2020-03-06,复星医药(600196.SH)：高尿酸血症治疗药临床试验申请获受理,格隆汇
2020-03-06,复星医药：控股子公司研制的新药获国家药监局临床试验注册审评受理,Wind
2020-03-06,PD-1市场已超百亿美元 CAR-T离规模商业化还有多远？,新康界
2020-03-06,复星“战疫”解码：看全球化大公司如何轻盈敏捷？,智通财经
2020-03-06,中生制药升逾3% 创52周新高,新浪
2020-03-06,第二批集采品种正式落地 下一个业绩巨头花落谁家？,新浪
2020-03-06,44只港股获南向资金大比例持有,证券时报网
2020-03-06,智通港股通占比异动统计|3月6日,智通财经
2020-03-06,智通港股通持股解析|3月6日,智通财经
2020-03-05,联邦制药升近11% 创52周新高,新浪
2020-03-05,石药集团升逾5% 主动买盘72%,新浪
2020-03-05,石药集团升逾3% 主动买盘68%,新浪
2020-03-05,智通港股通占比异动统计|3月5日,智通财经
2020-03-05,智通港股通持股解析|3月5日,智通财经
2020-03-05,格隆汇港股通5日资金流入流出排行榜|3月4日,格隆汇
2020-03-04,【中金固收·信用】中国短期融资券及中期票据信用分析周报,中金固定收益研究
2020-03-04,在带量采购冲击下，国产创新药及CRO企业更受关注,制药网
2020-03-04,业内：中短期来看，研发费用是决定药企发展前景的主要因素,制药网
2020-03-04,药明康德升近4% 创上市新高,新浪
2020-03-04,第2批全国药品集采中选药品，多地正式挂网！,制药网
2020-03-04,互联网医疗迎来爆发式增长 市场空间有望持续打开,中国报告大厅
2020-03-04,智通港股通占比异动统计|3月4日,智通财经
2020-03-04,智通港股通持股解析|3月4日,智通财经
2020-03-04,格隆汇港股通5日资金流入流出排行榜|3月3日,格隆汇
2020-03-03,格隆汇个股放量排行榜|3月3日,格隆汇
2020-03-03,【#特别策划#直击湖北上市公司抗疫保卫战】三特索道：积极应对疫情影响 探索文旅+金融、文旅+科技融合发展,e公司
2020-03-03,创新ETF密集上市 中证创新药产业指数有哪些投资机会？,中投网
2020-03-03,2020年首例中印药企合作！印度药企开启在华加速跑,E药经理人
2020-03-03,恒指高开0.48% 新能源物料板块领涨,中新经纬
2020-03-03,"EARNEST Partners, LLC减持复星医药(02196)30.35万股，每股作价约22.27港元 减持股份",智通财经
2020-03-03,"【权益变动】复星医药(02196-HK)被EARNESTPartners,LLC减持30.35万股 减持股份",财华社
2020-03-03,八成混基二月份净值上涨 广发天弘等重仓中小创结硕果,中国经济网
2020-03-03,智通港股通占比异动统计|3月3日,智通财经
2020-03-03,智通港股通持股解析|3月3日,智通财经
2020-03-03,友邦高层蔡强加盟微医 能否破解互联网医疗盈利难题？,和讯
2020-03-03,【山证医药】医药行业周报（20200301）：新冠肺炎疫情全球蔓延升级，维持医药长期看好观点,山西证券研究所
2020-03-03,在线问诊需求大增互联网医疗迎行业发展机遇,证券时报
2020-03-02,伊利股份、复星医药等公司发行疫情防控债,e公司
2020-03-02,互联网医疗全力战“疫”，这个行业大爆发，万亿板块迎强势反弹，低估值连续高增长股票名单来了,e公司
2020-03-02,复星医药关于2020年度第一期超短期融资券发行完成的公告,亿邦动力
2020-03-02,全球生物技术IPO TOP10！中国占席4家,药智网
2020-03-02,复星医药(600196.SH)完成发行2020年度第一期超短融,格隆汇
2020-03-02,复星医药(02196.HK)完成发行6亿元超短期融资券,格隆汇
2020-03-02,格隆汇个股放量排行榜|3月2日,格隆汇
2020-03-02,友邦保险集团原区域首席执行官蔡强加盟互联网医疗独角兽,每日经济新闻
2020-03-02,访问量超预期 复星医疗拟将互联网医疗服务常态化运营,证券日报
2020-03-02,在全球生物技术IPO规模前十中，中国药企抢眼,制药网
2020-03-02,港股异动丨微创医疗(0853.HK)再升7.69%创新高 5连升累计涨近23%,格隆汇
2020-03-02,三生制药跌近1% 澄清公司董事及管理层一直保持稳定,新浪
2020-03-02,智通港股通持股解析|3月2日,智通财经
2020-02-28,传友邦前区域CEO蔡强将担任微医CFO 负责赴港IPO事宜,电商报
2020-02-28,微医聘请友邦前区域CEO蔡强为CFO 最早年底赴港IPO,新浪
2020-02-28,国开行上海分行积极助力按下复工复产“快进键”,中国金融新闻网
2020-02-28,截至2月28日AH股共计1只股票股价倒挂,Wind
2020-02-28,【微访谈精华回顾】九州通：协助管理防控物资仓库 详解“防疫经验”与产业布局,e公司
2020-02-28,批复授信额度715亿元 浦发银行促企业复工复产,证券日报
2020-02-28,专注亚洲人敏感口腔健康的口腔护理品牌贝医生获数千万元A轮融资,猎云网
2020-02-28,烧掉30亿仍无产品问世，康方生物IPO拼死一搏,投资界
2020-02-28,42只港股获南向资金大比例持有,证券时报网
2020-02-28,智通港股通占比异动统计|2月28日,智通财经
2020-02-28,智通港股通持股解析|2月28日,智通财经
2020-02-27,行业主题ETF再添一员 首只创新药ETF来了,新浪
2020-02-27,浦发银行批复疫情防控企业715亿授信，潘卫东：特殊期采取特殊信贷政策,经济观察报
2020-02-27,青岛啤酒拟跨界布局威士忌 公司人士：长远来看，黄酒我们也有兴趣,每日经济新闻
2020-02-27,浦发银行潘卫东：加速数字化转型 促企业复工复产 保民生服务畅通,和讯
2020-02-27,透过疫情应对评估上市公司抗压能力,新浪
2020-02-27,医药领域迎来长期建设周期 机构：重点把握这些核心资产,中国财富网
2020-02-27,最被看好十大港股:里昂升复星医药目标价至24.09港元,新浪
2020-02-27,【#特别策划#直击湖北上市公司抗疫保卫战】九州通：协助管理防控物资仓库 详解“防疫经验”与产业布局,e公司
2020-02-27,浦发银行行长潘卫东：浦发已对全国494户疫情防控企业批复授信715亿元,Wind
2020-02-27,浦发银行行长潘卫东：浦发已对全国494户疫情防控企业批复授信715亿元,上证报
2020-02-27,三生制药跌近11% 创52周新低 连续下跌,新浪
2020-02-27,新冠疫情之下 医药代表新机会来了,赛柏蓝
2020-02-27,里昂：升复星医药目标价至24.09港元 予跑赢大市评级,智通财经
2020-02-27,里昂：升复星医药(02196)至“跑赢大市”评级 上调目标价至24.09港元,智通财经
2020-02-27,东阳光药逆市飙近6%破20天线 大摩首予增持评级,新浪
2020-02-27,逾1500亿元主力资金离场 418股遭集中抛售,中证网
2020-02-27,智通港股通持股解析|2月27日,智通财经
2020-02-26,复星医药：国内首个CAR-T报产 卖亏损资产提业绩 投资失误,新浪
2020-02-26,复星医药(02196)拟为复星实业不超过1.27亿美元授信项下债务提供担保 大额借贷担保,智通财经
2020-02-26,复星医药：为控股子公司提供1.27亿美元担保 大额借贷担保,Wind
2020-02-26,【关注】厉害了复星！3个新品、1款创新药将获批,米内网
2020-02-26,复星医药：“17复药01”回售金额预计不超过1.58亿元,Wind
2020-02-26,【信达看盘】2020.2.26,信达证券上海
2020-02-26,70股获券商买入评级 正邦科技目标涨幅达56.54%,Wind
2020-02-26,智通港股通持股解析|2月26日,智通财经
2020-02-26,港股盘前必读：中国联通预计今年整体手机市场销售规模在3.3亿台左右,Wind
2020-02-26,2月26日盘前重要公司新闻,上证报
2020-02-26,【山证早班车】山西证券：晨会纪要（20200226）,山西证券研究所
2020-02-26,A股再现深V走势科技题材成反弹主力,证券时报
2020-02-25,恒指收涨0.27%报26893点 新经济股回升小米集团涨近3%,腾讯网
2020-02-25,复星医药：2016年公开发行公司债券（面向合格投资者）（第一期）2020年付息公告,上交所
2020-02-25,55股今日获机构买入评级8股上涨空间超20%,证券时报网
2020-02-25,产品上市申请获受理，细胞治疗行业将迎来新突破！,中国证券网
2020-02-25,【e公司直播】新华锦：并购稀缺石墨矿资产 欲全力打造“烯谷”,e公司
2020-02-25,大资金连续3日出逃市场分歧加大 主力尾盘杀入这些股,金融界
2020-02-25,罕见黄金坑？千亿科技龙头玩刺激，主力抢买股曝光 （附股）,证券时报网
2020-02-25,高瓴、兴全下重注 医药“高烧”的AB面:二级热一级慌,新浪
2020-02-25,研发日报丨ContraFect新型抗菌疗法获FDA突破性疗法认定,新浪
2020-02-25,17股特大单净流入资金超2亿元,证券时报网
2020-02-25,复星医药(02196)：“17复药01”回售金额预计不超过1.58亿元,智通财经
2020-02-25,港股终止3连跌升72点腾讯一柱擎天为恒指贡献89点,财华社
2020-02-25,"复星医药(02196.HK)""16复药01""将于3月4日付息",格隆汇
2020-02-25,港股收盘(2.25)|恒指收涨0.27% 传获华为麒麟芯片订单 中芯国际(00981)收涨7.23%,智通财经
2020-02-25,收评：恒指低开高走涨0.27% 贵金属板块低迷山东黄金跌6.54%,金融界
2020-02-25,恒指收涨0.27%，其它金属矿物板块领涨,中新经纬
2020-02-25,恒生指数收盘涨0.27%，科技股领涨,Wind
2020-02-25,沪深A股主力资金合计净流出643.99亿元 太平洋净流入额居首,中证网
2020-02-25,复星医药合营公司复星凯特CAR-T产品注册申请被受理,证券日报
2020-02-25,首个CAR-T细胞注射液！复星申报上市,新京报
2020-02-25,巨丰资金流向：两市剧震加剧主力出逃 581亿呈现净流出！,巨丰财经
2020-02-25,复星医药升逾10% 主动买盘67%,新浪
2020-02-25,市场避险情绪持续 腾讯撑市港股午收26799点下跌21点,新浪
2020-02-25,港股午评：恒指半日跌0.08%特斯拉概念股逆市走强赣锋锂业涨5.29%,格隆汇
2020-02-25,研发投入4.74亿，国产CAR-T申报上市！,制药网
2020-02-25,复星医药涨逾3% 投资癌症药上市申请受理,新浪
2020-02-25,异动直击|合营公司CAR-T产品注册申请获受理，复星医药涨超5%,富途证券
2020-02-25,港股异动 | 复星医药港A齐升 港股急升近6% 复星CAR-T申报上市获受理,格隆汇
2020-02-25,东阳光药上涨2% 料去年最少多赚120%,新浪
2020-02-25,港股异动 | 复星凯特“益基利仑赛注射液”获药品注册申请受理 复星医药(02196)涨逾4%,智通财经
2020-02-25,恒指低开0.37%，重机械板块领跌,中新经纬
2020-02-25,高瓴成立创投、入股凯莱英，从早期到一级半的健康布局,36氪
2020-02-25,港股早评：恒指低开0.37%药品股走强三桶油、中国平安等大多蓝筹下跌,格隆汇
2020-02-25,国内首个CAR-T细胞治疗产品上市申请获受理 用于治疗淋巴瘤成人患者,经济观察网
2020-02-25,智通港股通占比异动统计|2月25日,智通财经
2020-02-25,智通港股通持股解析|2月25日,智通财经
2020-02-25,巨丰早参：工信部有序推动工业通信业企业复工复产,巨丰财经
2020-02-25,【山证医药】医药行业周报（20200223）：疫情对市场影响持续走弱，行业逐步回归主线投资逻辑,山西证券研究所
2020-02-25,全球调配抗疫物资，郭广昌说：哪怕是包机，也要第一时间运回来,上观
2020-02-24,智通港股公告精选︱(2.24)东阳光药预计2019年股东应占溢利增长不低于120%,智通财经
2020-02-24,2月25日上市公司重要公告集锦：同花顺拟10派8.5元,证券日报
2020-02-24,格隆汇港股聚焦(2.24)︱融创中国2019年纯利预增超50% 石药集团附属新诺威2019年净利升21.84%至2.73亿元,格隆汇
2020-02-24,A股头条之上市公司（2.25）,金融界
2020-02-24,晚间公告热点追踪：五天四板彩虹股份提示风险,新浪
2020-02-24,复星凯特CAR-T细胞注射液申报上市获受理 研发投入约4.74亿元,每日经济新闻
2020-02-24,国内首个CAR-T新药上市申请获受理！复星凯特“拔头筹”,上证报
2020-02-24,重磅！首款Car-T申报上市，投入近5亿元,药通社
2020-02-24,复星医药(02196)为FMH申请的1650万美元贷款提供担保 大额借贷担保,智通财经
2020-02-24,复星医药：复星凯特抗人CD19 CAR-T细胞注射液获药品注册申请受理,e公司
2020-02-24,CAR-T助阵复星医药，后续空间还有多大？,格隆汇
2020-02-24,复星医药(02196.HK)拟为控股子公司不超1650万美元贷款提供担保 大额借贷担保,格隆汇
2020-02-24,复星医药：益基利仑赛注射液(拟定)用于成人复发难治性大B细胞淋巴瘤治疗获药品注册申请受理,格隆汇
2020-02-24,复星医药：为控股子公司提供3000万美元担保 大额借贷担保,Wind
2020-02-24,格隆汇个股放量排行榜|2月24日,格隆汇
2020-02-24,一文带你了解国内体外诊断行业发展现状与趋势分析 多家企业科创板上市 体外诊断行业增速快【组图】,前瞻研究院
2020-02-24,【e公司直播】直击华为鼠年首场发布会 华为将带来哪些惊喜产品？,e公司
2020-02-24,2019医疗服务并购回顾：寒冬中的小阳春 成功先例和新入局者,新浪
2020-02-24,【民生医药|点评】复星医药：国内首个CAR-T报产，先发优势奠定龙头地位,杏林建研
2020-02-24,智通港股通持股解析|2月24日,智通财经
2020-02-23,商业志 | 郭广昌合伙人 始于1992的偏爱一生,观点地产网
2020-02-21,复星国际换帅：郭广昌万亿资产梦何时圆,腾讯网
2020-02-21,复星国际高层大调整：汪群斌任联席董事长 陈启宇、徐晓亮联席CEO 董监高成员变化,观点地产网
2020-02-21,富马酸喹硫平片通过一致性评价,药通社
2020-02-21,格隆汇个股放量排行榜|2月21日,格隆汇
2020-02-21,65股主力资金净流入超亿元,证券时报网
2020-02-21,【e公司微访谈】禾丰牧业：全力保障“菜篮子” 致力成为“ 世界顶级农牧食品企业”,证券时报
2020-02-21,【e公司微访谈】红日药业：疫情发展对公司生产经营以及复工带来哪些影响？,e公司
2020-02-21,恒指低开0.57%报27450点 联想集团跌近2%,腾讯网
2020-02-21,41只港股获南向资金大比例持有,证券时报网
2020-02-21,智通港股通持股解析|2月21日,智通财经
2020-02-20,多家知名大药企高管离职，部分或裁员千人！ 董监高成员变化,汇聚南药
2020-02-20,疫情期间，已有34家药企高管离职 董监高成员变化,汇聚南药
2020-02-20,98股主力资金净流入超亿元,证券时报网
2020-02-20,国开行上海市分行：已承诺贷款近80亿元，实现发放17.71亿元,第一财经
2020-02-20,上海疫情防控发布|发挥开发性金融优势，国开行上海市分行已承诺贷款近80亿元,上观
2020-02-20,【e公司微访谈】保证大输液生产进军口罩防护产业 华仁药业战疫在行,e公司
2020-02-19,截至2月19日AH股共计1只股票股价倒挂,Wind
2020-02-19,抗击疫情 复星集团捐防护服、护目镜等物资,资本邦
2020-02-19,病毒检测、体温监测，科技力量正在让疫情防控走向专业化,科技日报
2020-02-19,智通港股通占比异动统计|2月19日,智通财经
2020-02-19,三年十倍：凯莱英的魅力何在？,阿尔法工场
2020-02-18,完善罕见病布局，药明康德投资新公司能否圆其“华为梦”？,新浪医药
2020-02-18,复星医药董事长回应疫情对公司经营的影响,e公司
2020-02-18,复星医药：除湖北的子公司外 大部分都已有序复工,e公司
2020-02-18,复星医药：向疫区捐赠医疗设备和生活物资价值已超2000万元,e公司
2020-02-18,复星医药：已在全球调配202万件医疗防护物资运回国内,e公司
2020-02-18,海翔药业 药厂还是化工厂？,证券市场周刊
2020-02-18,复星医药：截至2月13日 各成员医院支援抗疫一线的医护人员有130名,e公司
2020-02-18,复星医药：对疫情防控所需的药品、医疗设备迅速做了预判和产品储备准备,e公司
2020-02-18,【e公司微访谈直播】复星医药：医疗冲在前线 全球调配抗疫物资支援,e公司
2020-02-18,智通港股通持股解析|2月18日,智通财经
2020-02-17,再融资新规后首役：凯莱英23亿定增，高瓴资本全额认购！为什么是现在？看点在哪？,E药经理人
2020-02-17,解密主力资金出逃股连续5日净流出326股,证券时报网
2020-02-17,获高瓴资本斥资23亿元入股，凯莱英股价涨停创新高,格隆汇
2020-02-17,截至2月17日AH股共计1只股票股价倒挂,Wind
2020-02-17,复星医药：积极承担社会责任 战“疫”中及时响应,新浪
2020-02-17,康龙化成升近5% 创上市新高,新浪
2020-02-17,石药集团升逾3% 暂连升2日,新浪
2020-02-17,昨晚，高瓴火速出手：23亿元，再融资新规首例诞生！,投资界
2020-02-17,39只港股获南向资金大比例持有,证券时报网
2020-02-17,智通港股通持股解析|2月17日,智通财经
2020-02-16,【山证医药】医药行业周报（20200215）：疫情带动部分高景气领域热度再提升，创新是行业永恒主题,山西证券研究所
2020-02-16,凯莱英推新版融资方案 高瓴资本战略入股,e公司
2020-02-14,民生医药：几个细分产业系统化研究框架,杏林建研
2020-02-14,【建投中小盘】一周策略回顾与展望2020-11-29,中信建投中小市值
2020-02-14,国泰基金梁杏:长期看好创新药 关注医疗基础设施需求,新浪
2020-02-14,解密主力资金出逃股连续5日净流出438股,证券时报网
2020-02-14,复星集团向孝感、黄冈等七市急送医疗物资,证券日报
2020-02-14,截至2月14日AH股共计1只股票股价倒挂,Wind
2020-02-14,恒指低开0.11%建筑材料板块领跌,中新经纬
2020-02-14,复星持续向湖北急送医疗物资,中证网
2020-02-14,智通港股通持股解析|2月14日,智通财经
2020-02-14,国内债市盘前：湖北省新增新冠肺炎病例4823例,Wind
2020-02-14,陆家嘴财经早餐2020年2月14日星期五,Wind
2020-02-13,智通港股公告精选︱(2.13)阿里巴巴第三财季收入同比增38%至1614.56亿,智通财经
2020-02-13,孝感、黄冈、随州、黄石、荆门、鄂州、荆州 复星持续向湖北急送医疗物资,中金在线
2020-02-13,债券重大事件2020年2月13日星期四,Wind
2020-02-13,受理号达538个！一致性评价过评企业排行榜,药智网
2020-02-13,截至2月13日AH股共计1只股票股价倒挂,Wind
2020-02-13,智通港股通持股解析|2月13日,智通财经
2020-02-13,复星医药：将“17复药01”票面利率由4.50%下调至3.48%,Wind
2020-02-12,"房企在行动|研制试剂、建医院…...跨界,不止造口罩!",搜狐
2020-02-12,快讯|复星医药：公司债券“17复药01”票面利率下调,财经网
2020-02-12,复星医药(02196)“17复药01”回售登记期2月17日至2月21日,智通财经
2020-02-12,解密主力资金出逃股连续5日净流出292股,证券时报网
2020-02-12,复星医药(02196.HK)“17复药01”票面利率下调至3.48%,格隆汇
2020-02-12,截至2月12日AH股共计1只股票股价倒挂,Wind
2020-02-12,受技术等因素驱动，我国生物药市场规模增速远超其他细分市场,制药网
2020-02-12,恒指高开0.48%报27717点 部分消费股回暖李宁涨超5%,腾讯网
2020-02-12,智通港股通占比异动统计|2月12日,智通财经
2020-02-12,智通港股通持股解析|2月12日,智通财经
2020-02-12,【山证医药】医药行业周报（20200209）：短期关注疫情概念，长期持续看好国产创新,山西证券研究所
2020-02-11,复星全球调配医疗物资 星夜驰援雷神山医院,中金在线
2020-02-11,机构：市场短期炒作难改医药板块自身发展逻辑,中国财富网
2020-02-11,复星医药成员企业博毅雅向湖北捐赠140台医用无创呼吸机,中证网
2020-02-11,未来制药领域创新为王，国内药企研发投入稳健增长,制药网
2020-02-11,截至2月11日AH股共计1只股票股价倒挂,Wind
2020-02-11,智通港股通占比异动统计|2月11日,智通财经
2020-02-11,智通港股通持股解析|2月11日,智通财经
2020-02-10,复星医药新冠肺炎核酸检测试剂已完成300多例临床标本,新京报
2020-02-10,格隆汇个股放量排行榜 | 2月10日,格隆汇
2020-02-10,截至2月10日AH股共计1只股票股价倒挂,Wind
2020-02-10,抗击疫情，888家上市公司已行动,经济网
2020-02-10,助力上海打赢疫情防控阻击战，国开行上海分行在行动,凤凰网
2020-02-10,复星集团支持抗疫如此低调：尚未捐款而是捐赠大量医疗物资,运营商财经网
2020-02-10,中国中药升逾11% 创1个月新高,新浪
2020-02-10,智通港股通持股解析|2月10日,智通财经
2020-02-09,不赚钱、不同权、不在境，科创板催生的新型A股上市公司,野马财经
2020-02-09,我们不是基建狂魔，我们只是为了救人在拼尽全力争分夺秒,雪球
2020-02-07,上海市浙江商会： 96家浙商企业为“战疫”捐钱捐物，总计超过15亿元,21世纪经济报道
2020-02-07,格隆汇个股放量排行榜 | 2月7日,格隆汇
2020-02-07,截至2月7日AH股共计1只股票股价倒挂,Wind
2020-02-07,智通AH统计|2月7日,智通财经
2020-02-07,股票基金收复大跌缺口 109只收益超5%,金融投资报
2020-02-07,复星医药获信贷支持用于新型冠状病毒核酸检测试剂投产,中国金融信息网
2020-02-07,泰凌医药升近22% 主动买盘72%,新浪
2020-02-07,恒指低开0.5%报27356点 医药股逆市走高,腾讯网
2020-02-07,港股早评：恒指低开0.5% 药品股继续强势 石油股、保险股跌幅居前,格隆汇
2020-02-07,智通港股通持股解析|2月7日,智通财经
2020-02-06,格隆汇个股放量排行榜 | 2月6日,格隆汇
2020-02-06,从歌礼制药的暴涨暴跌到多维度的疫情再梳理,财华社
2020-02-06,【抗击疫情】会员在行动：支援武汉协和！复星的1000套防护服 请你们先收下,医疗器械协会
2020-02-06,智通AH统计|2月6日,智通财经
2020-02-06,截至2月6日AH股共计1只股票股价倒挂,Wind
2020-02-06,复星基金会联合中国光彩事业基金会捐赠5000件防护服,新浪
2020-02-06,同仁堂科技升近10% 暂连升4日,新浪
2020-02-06,恒指高开1.45%禽畜肉类板块领涨,中新经纬
2020-02-06,我国生物制药业已呈现集聚发展态势，市场规模将近4000亿元,制药网
2020-02-06,雅各臣科研制药现上涨7% 报1.77元,新浪
2020-02-06,智通港股通持股解析|2月6日,智通财经
2020-02-05,智通AH统计|2月5日,智通财经
2020-02-05,截至2月5日AH股共计1只股票股价倒挂,Wind
2020-02-05,“4＋7”后，改良型新药市场潜力巨大！,制药网
2020-02-05,恒指高开0.72%报26869点 医药股走高石四药集团涨超22%,腾讯网
2020-02-05,沪市公司监管锐评：心守静气 与春同行,上证报
2020-02-04,智通AH统计|2月4日,智通财经
2020-02-04,宁德时代正向情绪居首，爱尔眼科负向情绪警笛拉响,21世纪经济报道
2020-02-04,中生制药升逾3% 暂连升2日,新浪
2020-02-04,盯盘:76股暴力拉升 6股秒停,中财网
2020-02-04,快讯：港股恒指大涨1.1% 科网、医药、消费集体回暖,新浪
2020-02-04,沪指、深成指低开逾2%，医药股集体高开,富途证券
2020-02-04,A股早评：沪指、深成指低开逾2% 医药股开盘走强,格隆汇
2020-02-04,【行情】港股药品股上行，整体涨幅2.39%，中国医疗集团涨7.2%，丽珠医药涨4%，国药控股涨3.98%，复星医药涨3.7%，中国生物制药、白云山涨超1%。,金十数据
2020-02-04,岑智勇：恒指托沽味浓 反弹目标先看26600点,新浪
2020-02-04,股指及新型冠状病毒疫情数据分析,弘业期货
2020-02-04,山西证券：新型冠状病毒肺炎疫情下，仍需关注医药长期投资逻辑,证券时报网
2020-02-04,沪市公司监管锐评第十二期 | 每临大事有静气,上证报
2020-02-04,复星医疗集团密切跟进疫情 82万件物资运抵防控一线,证券日报
2020-02-04,疫情扰动全球股市外资逆市流入A股,中国经济时报
2020-02-03,A股上市公司奋力“抗疫”,大众证券报
2020-02-03,A股现23年来最惨开盘! 期指跌停！外资却为何出手爆买？,金融界
2020-02-03,郭广昌：复星已研制出检测无症状患者试剂,新浪
2020-02-03,A股创4年最大单日跌幅，外资却狂买182亿！市场何日可稳？,券商中国
2020-02-03,疫情防控，A股公司在行动（上）,Wind
2020-02-03,截至2月3日AH股共计1只股票股价倒挂,Wind
2020-02-03,恒指小幅收涨 其它金属矿物板块领涨,中新经纬
2020-02-03,复星医药新冠病毒核酸检测试剂完成研发 申请应急审批,新京报
2020-02-03,恒指涨0.09%报26336.410点 软件开发板块领涨,中新经纬
2020-02-03,复星医药加速推进新型冠状病毒核酸检测试剂研制,中证网
2020-02-03,复星医药（02196）加速推进新型冠状病毒核酸检测试剂研制,智通财经
2020-02-03,“武汉，加油！”逾300家上市公司发出最强音,证券时报
2020-01-31,智通港股通持股解析|1月31日,智通财经
2020-01-30,腾讯联合复星集团在海外采购的45000套防护服已抵达武汉,第一财经
2020-01-30,智通港股通持股解析|1月30日,智通财经
2020-01-29,复星首批医疗援助物资29日凌晨抵达武汉,e公司
2020-01-29,日最大产能2000万只，我们到底为什么还缺口罩？,国际金融报
2020-01-28,郭广昌：复星启动全球物资调配计划 为战胜疫情尽力,新浪
2020-01-28,复星全球买口罩 郭广昌:我终于理解了什么是战略物资,新浪
2020-01-27,智通港股通持股解析|1月27日,智通财经
2020-01-25,全球新冠战场上的“基础设施公司”,经济观察报
2020-01-24,鼠年出生董事长掌管21个行业龙头，更有日赚7亿元的大BOSS,证券时报网
2020-01-24,恒指跌0.35%报27810点 医药股下挫石药集团跌近2%,腾讯网
2020-01-24,智通港股通持股解析|1月24日,智通财经
2020-01-24,【新春奉送】回顾民生医药团队的一年,杏林建研
2020-01-23,抗疫战中，民营医院“当逃兵”了吗？一家民营医院被征用之后……,医学界智库
2020-01-23,2020全国两会8大医药热词最新出炉，各个都是重磅！,新浪医药
2020-01-23,带量采购催化股价连涨5日，这只市值最大的港股国内药企有多低调？,财华社
2020-01-23,港股三大指数均跌超2% 医药、濠赌股大跌 连续下跌,格隆汇
2020-01-23,【年底盘点】药企年会进行时，这些老板的发言透露了哪些方向？,E药经理人
2020-01-23,收藏：以史为镜，回顾非典对A股的影响,华夏时报
2020-01-23,【信达看盘】2020.1.23,信达证券上海
2020-01-23,智通港股通持股解析|1月23日,智通财经
2020-01-22,智通港股公告精选︱(1.22)中国光大银行2019年归母净利373.54亿元 同比增10.98%,智通财经
2020-01-22,格隆汇港股聚焦(1.22)︱光大银行去年归母净利升11%至373.54亿元 中国联通2019年净利达113亿元,格隆汇
2020-01-22,公告精选丨多家公司去年业绩预亏！*ST信威预亏167亿元，可能被暂停上市,21世纪经济报道
2020-01-22,复星医药(02196)：SAF-189治疗肿瘤的临床试验获美国FDA批准,智通财经
2020-01-22,复星医药(02196.HK)控股子公司肿瘤治疗新药获FDA药品临试批准,格隆汇
2020-01-22,复星医药：控股子公司获美国FDA药品临床试验批准,e公司
2020-01-22,晚间重要公告2020年1月22日星期三,Wind
2020-01-22,A股共发生81宗大宗交易成交21.97亿元（1月22日）,Wind
2020-01-22,复星医药：新药“丁二酸复瑞替尼”获“美国FDA”批准临床试验,Wind
2020-01-22,公告点题丨1月22日这些公告有看头,第一财经
2020-01-22,复星医药现1笔大宗交易 共成交842.10万元,新浪
2020-01-22,复星医药今日大宗交易成交33.59万股，成交价25.07元折价7.35%,Wind
2020-01-22,【信达看盘】2020.1.22,信达证券上海
2020-01-22,广证恒生-市场要闻点评-第1233期-20200122,广证恒生策略研究
2020-01-22,智通港股通持股解析|1月22日,智通财经
2020-01-21,格隆汇港股聚焦(1.21)︱中国财险2019年净利预增35%到60% 海通证券预计年度归母净利升80%到86%,格隆汇
2020-01-21,投资图谱：“2019新型冠状病毒”来袭 A股四大维度99股备受关注,金融界
2020-01-21,第二批带量采购结果公布带动行情，游资趁机抛售医药股丨牛熊眼,第一财经
2020-01-21,复星医药：非执行董事王灿辞职,Wind
2020-01-21,复星医药(02196.HK)委任非执行董事沐海宁担任审计委员会成员,格隆汇
2020-01-21,复星医药(02196.HK)附属早期乳腺癌治疗药物获药品临床试验通知书,格隆汇
2020-01-21,复星医药：非执行董事辞职,Wind
2020-01-21,智通港股通持股解析|1月21日,智通财经
2020-01-21,未来药物创新将走向何处？业内：3个方向值得参考,制药网
2020-01-21,【山证医药】医药行业周报（20190119）：集采常态化加速推进，行业逐步进入创新时代,山西证券研究所
2020-01-20,格隆汇个股放量排行榜 | 1月20日,格隆汇
2020-01-20,快讯：港股恒指高开低走失守29000点 公共场合股走低,新浪
2020-01-20,疫情防控关注度提升 第二批带量采购落地 哪些医药股值得关注？,证券时报网
2020-01-20,集采靴子落地医药股集体走高 中泰:医药长牛周期开始,新浪
2020-01-20,快讯：港股恒指高开0.39% 中国移动暴涨5.74%,新浪
2020-01-20,智通港股通持股解析|1月20日,智通财经
2020-01-19,罗氏Kadcyla获批在即 填补国内ADC药物空白！,新浪
2020-01-18,【民生医药|点评】药品专利链接制度接轨美国，延长专利期,杏林建研
2020-01-18,格隆汇个股放量排行榜 | 1月18日,格隆汇
2020-01-18,第二轮药品集采最大降幅逾97%，医药企业将强者愈强,Wind
2020-01-17,【前瞻】国家医保局长文详解，下一批集采品种已有计划！,E药经理人
2020-01-17,创纪录！84个ANDA，石药、复星、齐鲁等药企继续“出海”征战美国市场！,E药经理人
2020-01-17,【大行报告】安捷:第二轮集采科伦药业(02422-CH)是最大贏家,财华社
2020-01-17,格隆汇个股放量排行榜|1月17日,格隆汇
2020-01-17,复星医药(02196.HK)：梁剑峰辞任非执行董事 董监高成员变化,格隆汇
2020-01-17,复星医药：非执行董事梁剑峰辞职 董监高成员变化,Wind
2020-01-17,截至1月17日AH股共计1只股票股价倒挂,Wind
2020-01-17,第二批带量采购开标，涉及33个品种，降价幅度或更大,环球老虎财经
2020-01-17,医药行业快评：新一轮药品集采结果公布，仿制药逻辑加速转变,国信研究
2020-01-17,智通港股通持股解析|1月16日,智通财经
2020-01-17,又一批高价抗癌药4月或降价！业内：创新研发仍是关键,制药网
2020-01-16,营收、净利均大涨逾30%，超3600亿元市值的恒瑞却首提要“合规转型”，释放了什么信号？,E药经理人
2020-01-16,中生制药升逾5% 创1个月新高,新浪
2020-01-16,药明生物午后涨近5% 购德国生物药制造设施扩大产能,新浪
2020-01-16,复星医药公布两款抗癌药研发进度以及两项对外担保,证券日报
2020-01-16,康宁杰瑞制药飙逾4% 大摩首予增持评级,新浪
2020-01-16,16日公司新闻聚焦:百达精工现特斯拉乌龙 新文化与李佳琦战略合作,证券时报网
2020-01-16,智通港股通持股解析|1月15日,智通财经
2020-01-15,智通港股公告精选︱(1.15) 莎莎国际于香港计划未来18个月内关闭约20%至25%的店铺,智通财经
2020-01-15,格隆汇港股聚焦(1.15)︱中联重科2019年净利预增112.89%至122.79% 中国平安2019年原保费收入7946亿元 同比增长10.5%,格隆汇
2020-01-15,15日晚公告精编丨一大波减持来袭，这家公司被股东清仓,21世纪经济报道
2020-01-15,复星医药(600196.SH)：晚期实体瘤治疗药ORIN1001片获临床试验通知书,格隆汇
2020-01-15,复星医药(02196.HK)拟为子公司钟吾医院2亿元贷款提供担保 大额借贷担保,格隆汇
2020-01-15,复星医药(02196.HK)：用于晚期实体瘤治疗新药获准临床试验,格隆汇
2020-01-15,信达生物涨逾4% 大摩唱好其对政策压力相对免疫,新浪
2020-01-15,智通港股通持股解析|1月14日,智通财经
2020-01-14,智通港股通占比异动统计|1月13日,智通财经
2020-01-14,股海导航 1月14日沪深股市公告提示,新浪
2020-01-14,港股开盘前瞻：文业集团等两只新股首挂 新城发展拟配股融资27亿,腾讯网
2020-01-14,【中证盘前】股价暴涨近5倍大牛股年报业绩预增100倍！首批上市科创板公司网下配售限售股即将解禁；美股创新高,中证报
2020-01-13,智通港股公告精选︱(1.13) 中国平安：平安银行2019年股东应占净利281.95亿元 同比增长13.6%,智通财经
2020-01-13,格隆汇港股聚焦(1.13)︱中信证券2019年归母净利增长30.86%至122.88亿元 新华保险2019年原保费收入升12.96%至1381.3亿元,格隆汇
2020-01-13,1月14日涨停板早知道：七大利好有望发酵,新浪
2020-01-13,复星医药(02196-HK)：子公司复创医药获临床试验通知书,财华社
2020-01-13,研发日报丨信迪利单抗一线治疗NSCLC达主要研究终点,新浪
2020-01-13,复星医药子公司FCN-647胶囊收到临试通知,上证报
2020-01-13,1月13日上市公司晚间公告速递,新浪
2020-01-13,复星医药(02196.HK)B淋巴细胞恶性肿瘤治疗药物获临床试验通知书,格隆汇
2020-01-13,复星医药：“FCN-647胶囊”获准开展临床试验,Wind
2020-01-13,复星医药(600196.SH)：B淋巴细胞恶性肿瘤治疗药获临床试验通知书,格隆汇
2020-01-13,上市公司1.35万亿发债融资，这些龙头民企成本最低！,Wind
2020-01-13,恒指涨1.02%报28929点 腾讯控股站上400港元,腾讯网
2020-01-13,2019年，全球药企大型并购为何接连不断,制药网
2020-01-13,医药企业的未来——并购交易,药渡
2020-01-13,2019年前三季度，这3家药企研发支出规模排名靠前,制药网
2020-01-13,恒指高开0.47%报28772.371点 物业服务及管理板块领涨,中新经纬
2020-01-13,智通港股通占比异动统计|1月10日,智通财经
2020-01-13,智通港股通持股解析|1月10日,智通财经
2020-01-13,免疫诊断“风口”劲吹，迈瑞医疗、安图生物、迈克生物，三巨头哪家强？,阿尔法工场
2020-01-12,复星医药董晓娴、京东方A刘洪峰、首创股份邵丽、华东医药陈波、洋河股份丛学年荣获第17届财经风云榜主板“2019年度五星董秘”,和讯
2020-01-12,“第17届中国财经风云榜之上市公司评选奖项”榜单揭晓（附名单）,和讯
2020-01-12,投资人必看：2020 J.P. Morgan大会聚焦药品定价远程医疗，15家中国企业将亮相新兴市场论坛,动脉网
2020-01-11,四季度业绩有望继续向好，板块有望逐步渐入佳境-医药行业2019年业绩前瞻,兴证医药健康
2020-01-11,复星医药(02196-HK)抗体注射液获药品临床试验申请受理,财华社
2020-01-11,2019中国十大并购评选揭晓 高瓴入主格力电器在列,新浪
2020-01-11,医药代表机会来了！大批药企在招人,汇聚南药
2020-01-10,智通港股公告精选︱(1.10)周大福第三季度内地同店销售取得2%正增长,智通财经
2020-01-10,格隆汇港股聚焦(1.10)︱绿地香港去年合约销售升28%至485亿元 龙湖集团获吴亚军家族信托增持640万股,格隆汇
2020-01-10,复星医药(02196)：治黑色素瘤新药HLX13获药品临床试验申请受理,智通财经
2020-01-10,复星医药：控股子公司获药品临床试验申请受理,Wind
2020-01-10,复星医药(02196.HK)重组抗CTLA-4全人单克隆抗体注射液获药品临床试验申请受理,格隆汇
2020-01-10,284只股短线走稳站上五日均线,证券时报网
2020-01-10,218只股短线走稳站上五日均线,证券时报网
2020-01-10,丽珠医药逆市涨近3% 料去年纯利增最多25%,新浪
2020-01-10,开年以来多家药企招人，医药代表机会来了！,制药网
2020-01-10,恒指高开0.36%，新能源物料板块领涨,中新经纬
2020-01-09,分拆上市新规发酵 上市公司热衷“A拆A”,重庆商报
2020-01-09,蒙牛正式加入中国ESG领导者组织,新浪
2020-01-09,中国医药创新风潮正盛，这三点值得注意,制药网
2020-01-09,港股市场投资交易备忘（1月9日）,Wind
2020-01-09,智通港股通占比异动统计|1月8日,智通财经
2020-01-09,智通港股通持股解析|1月8日,智通财经
2020-01-08,港股机构增减持一览（1月8日） 减持股份,Wind
2020-01-08,石药、神州细胞合作落空，或成双输结果,科创板日报
2020-01-08,药业股见反弹 三生制药升逾4%突破20天线,新浪
2020-01-08,40只港股获南向资金大比例持有,证券时报网
2020-01-08,智通港股通占比异动统计|1月7日,智通财经
2020-01-08,智通港股通持股解析|1月7日,智通财经
2020-01-07,石药集团升逾3% 主动买盘61%,新浪
2020-01-07,264只股短线走稳站上五日均线,证券时报网
2020-01-07,智通港股通占比异动统计|1月6日,智通财经
2020-01-07,智通港股通持股解析|1月6日,智通财经
2020-01-07,【山证医药】医药行业周报（20190104）：国产创新持续开花结果，建议长期关注,山西证券研究所
2020-01-06,“瘦身”计划已正式开启！从“买买买”到“归核化”，上市药企这几年经历了什么？,E药经理人
2020-01-06,中生制药跌逾3% 主动卖盘58%暂连跌2日,新浪
2020-01-06,安信国际 | 2020医药行业：集采带来不确定性，创新仍是发展主线,安信国际
2020-01-06,【权益变动】复星医药(02196-HK)获复星国际控股增持46万股,财华社
2020-01-06,智通港股通持股解析|1月3日,智通财经
2020-01-05,板块有望渐入佳境，关注医药消费品的绝对收益机会--医药行业周报（2019.12.30-2020.1.5）,兴证医药健康
2020-01-03,“阿莫西林们”的全国砍价战：第二批带量采购开标在即，药企降价风暴再袭,华夏时报
2020-01-03,东阳光药料去年全年营收增近1.5倍 现随市跌5%,新浪
2020-01-02,快讯|复星医药主要董事变更 曾投资“完美创意” 董监高成员变化,财经网
2020-01-02,一文读懂A股医药股：七大板块全解析,腾讯网
2019-12-31,2019年“吸金王”出炉 逾385亿元资金涌入10只个股,证券日报
2019-12-31,进入2020时代（一）：跨越2019-2020年的带量采购,医药云端工作室
2019-12-31,带量采购再扩品种1月17日开标 部分原研药或降价九成,第一财经
2019-12-31,大盘平稳收官 为年后突破蓄势,金融界
2019-12-31,410只股短线走稳站上五日均线,证券时报网
2019-12-31,恒指跌0.49%报28179点 医药股上扬白云山涨超4%,腾讯网
2019-12-31,458只股短线走稳站上五日均线,证券时报网
2019-12-31,恒指低开0.28%报28241.43点其他服饰配件板块领跌,中新经纬
2019-12-31,智通港股通占比异动统计|12月30日,智通财经
2019-12-31,智通港股通持股解析|12月30日,智通财经
2019-12-31,【山证医药】医药行业周报（20191229）：第二批集采正式启动，持续看好国产创新与消费高景气领域,山西证券研究所
2019-12-31,中国生物医药进阶之路：创新已来 高质量发展通路即将开启,21世纪经济报道
2019-12-30,更美APP回应被明星起诉 称已在沟通欢迎监督 诉讼纠纷,经济网
2019-12-30,第二批药品带量采购启动，创新药和器械有望正式崛起,第一财经
2019-12-30,复星国际（0656.HK）路演纪要：定位科创驱动的家庭消费产业集团，持续提升产品竞争力,格隆汇
2019-12-30,智通港股通持股解析|12月27日,智通财经
2019-12-29,梳理与展望，盘点2019的“热点”与“冷门” --医药行业周报（2019.12.23-2019.12.29）,兴证医药健康
2019-12-29,【国信医药】新一轮国家药品集采文件公布，涉及33个新品种（行业重大事件快评）,GuosenHealthcare
2019-12-27,更美APP回应被明星起诉：已在沟通 愿接受监督 诉讼纠纷,新京报
2019-12-27,更美App被明星起诉背后：医美行业乱象丛生 诉讼纠纷,观察者网
2019-12-27,这款APP惹上大麻烦了！“半个”影视圈和它打官司 诉讼纠纷,南方财经网
2019-12-27,36个明星告了一家医美平台，拿明星肖像蹭热点，声称只为普及知识,AI财经社
2019-12-27,投资HC-1119前列腺癌药物 三年内海思科账面收益超五倍,全景网
2019-12-27,金风科技正式加入中国ESG领导者组织,新浪
2019-12-27,研发投入增加+产品密集落地 中国创新药加速升级,每日经济新闻
2019-12-26,医美平台更美APP遭多位明星起诉 公司称初衷是通过明星案例科普医美知识 诉讼纠纷,证券日报
2019-12-26,智通港股公告精选︱(12.26)谭木匠庆祝上市10周年 拟派特别息每股67.15港仙,智通财经
2019-12-26,解局 | 豫园股份35亿珠海拿地与它的地产角色,观点地产网
2019-12-26,复星医药(02196)子公司重庆药友通过GMP认证检查,智通财经
2019-12-26,永安财险编制虚假材料被罚15万：年内多次收罚单，曾被投诉捆绑网贷销售 金融监管处罚,搜狐
2019-12-26,一众明星起诉更美APP侵权 曾被冯小刚告上法庭 诉讼纠纷,中新经纬
2019-12-26,更美APP遭多位明星起诉 更美APP是干什么的 我国医美行业市场发展前景如何？ 诉讼纠纷,TechWeb
2019-12-26,复星医药(600196.SH)控股子公司重庆药友通过GMP认证检查,格隆汇
2019-12-26,中泰证券：2020年，医药行业新的长牛周期有望开启,证券时报网
2019-12-26,今日190只个股突破半年线,证券时报网
2019-12-25,48股今日获机构买入评级7股上涨空间超20%,证券时报网
2019-12-25,39只港股获南向资金大比例持有,证券时报网
2019-12-25,和睦家“卖身”背后：私立医院重资产下盈利平衡术大考,21世纪经济报道
2019-12-25,复星医药认购NFC940万股份,南方财经网
2019-12-24,今日248只个股突破半年线,证券时报网
2019-12-24,195只股中线走稳站上半年线,证券时报网
2019-12-24,今日94只个股突破年线,证券时报网
2019-12-24,153只股中线走稳站上半年线,证券时报网
2019-12-24,今日300只个股突破五日均线,证券时报网
2019-12-24,【盘中播报】111只个股跨越牛熊分界线,证券时报网
2019-12-24,智通港股通占比异动统计|12月23日,智通财经
2019-12-24,智通港股通持股解析|12月23日,智通财经
2019-12-24,【山证医药】医药行业周报（20191222）：短期因素不改行业增长趋势，维持长期看好观点,山西证券研究所
2019-12-23,33只AH股溢价超100%,证券时报网
2019-12-23,中国上市公司环境信息披露状况如何？,中国环境报
2019-12-23,智通港股通占比异动统计|12月20日,智通财经
2019-12-23,智通港股通持股解析|12月20日,智通财经
2019-12-22,一批知名药企，被出售（附名单）,赛柏蓝
2019-12-22,调整，是为了明年的精彩--医药行业周报（2019.12.16-2019.12.22）,兴证医药健康
2019-12-22,香港“财爷”梁锦松99亿接盘，郭广昌笑赚15亿，和睦家二谋上市,投中网
2019-12-21,上市公司环境信息披露评价报告：复星医药居首，超七成企业未披露,经济观察网
2019-12-21,《中国上市公司环境责任信息披露评价报告（2018）》发布 逾七成企业未披露环境报告,中证网
2019-12-21,逾七成上市公司未披露环境信息报告，多家曾被环保处罚,Wind
2019-12-21,逾七成上市公司未披露环境信息报告 多家曾被环保处罚 环保处罚,第一财经
2019-12-20,复星医药(02196.HK)：持续督导保荐代表人变更为崔健民,格隆汇
2019-12-20,LVMH、Kering 注意了 中国复星的时尚野心才刚开始！,中服网
2019-12-20,细数中国医药产业2019年的这些“第一次”,E药经理人
2019-12-20,智通港股通占比异动统计|12月19日,智通财经
2019-12-20,智通港股通持股解析|12月19日,智通财经
2019-12-20,港股开盘前瞻：富力地产拟配售2.7亿股 李小加减持港交所65万股,腾讯网
2019-12-19,智通港股公告精选︱(12.19)钜盛华及前海人寿合计所持万科股权已不足5%,智通财经
2019-12-19,格隆汇港股聚焦(12.19)︱中国人寿拟斥不超100亿元设合伙投资养老产业 万科企业股东钜盛华和前海人寿减持5.65亿股A股 持股降至5%以下,格隆汇
2019-12-19,复星医药子公司完成5.23亿美元出售和睦家医院股权 资产异常,资本邦
2019-12-19,分拆上市——横跨未来一年的A股主题？,环球老虎财经
2019-12-19,宝宝树与复星系“宫斗暗流”,环球老虎财经
2019-12-19,复星医药出售和睦家医院股权交割已完成 资产异常,新京报
2019-12-19,47股今日获机构买入评级12股上涨空间超20%,证券时报网
2019-12-19,新风天域收购和睦家并更名新风医疗 市值约14亿美元 业务变化,新浪
2019-12-19,复星医药(600196.SH)完成转让HHH权益及认购NFC增发的940万股,格隆汇
2019-12-19,复星医药：出售资产及对外投资进展 资产异常,Wind
2019-12-19,复星医药(02196.HK)完成交割出售HHH权益及HealthyHarmonyGP股份 资产异常,格隆汇
2019-12-19,泰凌医药昨飙31%后 现逆市续涨逾12%破20天线,新浪
2019-12-19,联邦制药逆市涨逾7% 创13个月高位,新浪
2019-12-19,长江生命涨逾11% 与长江实业附属订立新管理协议,新浪
2019-12-19,国际药企研发投资回报趋0，制药行业将进入“白垩纪”？,晨哨网
2019-12-19,首家宣告境内分拆上市公司巨无霸央企中国铁建尝鲜,兰格钢铁网
2019-12-19,恒指跌0.44%报27761点 保利物业涨超20%,腾讯网
2019-12-19,【盘中播报】52只股长线走稳站上年线,证券时报网
2019-12-19,【盘中播报】106只个股跨越牛熊分界线,证券时报网
2019-12-19,智通港股通占比异动统计|12月18日,智通财经
2019-12-19,智通港股通持股解析|12月18日,智通财经
2019-12-18,辉瑞、诺华、罗氏......跨国药企们2019年在中国都在做这3件事,新康界
2019-12-18,复星凯特首个CAR-T产业化生产基地正式启用,中证网
2019-12-18,格隆汇个股放量排行榜 | 12月18日,格隆汇
2019-12-18,复星医药(02196-HK)更换联席公司秘书及授权代表 董监高成员变化,财华社
2019-12-18,港股开盘前瞻：晨兴资本出售2.4亿股小米 迈科管业等三新股首挂,腾讯网
2019-12-18,【民生医药|公司深度】复星医药：整合能力提升+创新增量催化，业绩迎来兑现期,杏林建研
2019-12-17,格隆汇港股聚焦(12.17)︱中国人民保险集团前11月原保费收入升11.67%至5096.55亿元中国神华11月煤炭销售量达3780万吨同比减少2.3%,格隆汇
2019-12-17,EARNEST Partners增持复星医药(02196)40.3万股 每股作价21.92港元,智通财经
2019-12-17,从韭菜的视角看医药企业在香港、科创板上市状况,Insight数据库
2019-12-17,原新三板公司青岛思普润开启IPO之路 曾因提前使用募资被罚 其他违规处罚,鲁网
2019-12-17,【增减持】复星医药(02196.HK)获EARNEST Partners增持40.3万股,格隆汇
2019-12-17,百济神州公布新药临床数据 惟逆市跌近7%失守红底,新浪
2019-12-17,"【权益变动】复星医药(02196-HK)获EARNESTPartners,LLC增持40.3万股",财华社
2019-12-17,恒指高开0.45%报27630点 海尔电器复牌涨超18%,腾讯网
2019-12-16,超级利好！分拆上市来了，最强概念股出炉（名单）,中国基金报
2019-12-16,A股分拆上市通道正式开启31股公开宣称“要分拆”！四大方向掘金分拆概念,券商中国
2019-12-16,智通港股通持股解析|12月13日,智通财经
2019-12-16,智通港股通资金流向统计|12月16日,智通财经
2019-12-16,格隆汇港股通5日资金流入流出排行榜 | 12月15日,格隆汇
2019-12-15,复宏汉霖重组抗PD-1联合治疗肺癌启动3期临床研究,新浪
2019-12-14,分拆上市新规出炉谁将率先受益：至少17家公司已表态在推进,澎湃新闻
2019-12-14,强力反弹后重磅来袭：上市公司分拆境内上市规定出台 7大门槛4大核心有调整 这些受益股要火？,金融界
2019-12-13,复星医药公布旗下多款药品临床试验进展,证券日报
2019-12-13,192个药，大批医院不能卖了,赛柏蓝
2019-12-13,一致性评价最新进展，受理号达1653个，通过438个,药智网
2019-12-13,港股早知道：利好消息港汇走强助力恒指再次向上 进口受益股万洲国际当吼,智通财经
2019-12-13,巨丰早参：中央经济工作会议召开全面定调2020年,巨丰财经
2019-12-13,智通港股通持股解析|12月12日,智通财经
2019-12-13,【中证盘前】中央经济工作会议确定明年六大重点工作；共达电声吸并万魔声学被否 ；标普纳指创收盘新高,中证报
2019-12-13,华创事件驱动早报12-13：高端光模块迎来发展契机；苹果解禁iPhone第三方无线快充,华创证券研究
2019-12-13,股海导航 12月13日沪深股市公告提示,新浪
2019-12-12,智通港股公告精选︱(12.12)渣打集团拟13亿美元出售印尼银行Permata44.56%股权,智通财经
2019-12-12,【华金证券晚间资讯（20191212）】,华金研究
2019-12-12,12月13日涨停板早知道：七大利好有望发酵,新浪
2019-12-12,复星医药(02196)：复宏汉霖（02696）治疗转移性非鳞状非小细胞肺癌联合用药启动 III 期临床研究,智通财经
2019-12-12,复星医药(02196)：用于辅助治疗胃癌新药HLX10启动 III 期临床研究,智通财经
2019-12-12,复星医药(600196.SH)：重组抗PD-1人源化单克隆抗体注射液联合化疗用于新辅助/辅助治疗胃癌启动III期临床研究,格隆汇
2019-12-12,复星医药(02196.HK)：新药HLX10联合化疗用于新辅助/辅助治疗胃癌启动III期临床研究,格隆汇
2019-12-12,复星医药(600196.SH)：Tenapanor片用于便秘性肠易激综合症治疗获批临床试验,格隆汇
2019-12-12,复星医药收到Tenapanor片临床试验通知,金融界
2019-12-12,复星医药(02196)：治疗便秘性肠易激综合症新药将于近期开展 I 期临床试验,智通财经
2019-12-12,[公司]复星医药：子公司获临床试验通知书,全景网
2019-12-12,贝达药业未来5年能否再创辉煌就看近两三年的三款新药,药智网
2019-12-12,复星医药(600196.SH)：便秘性肠易激综合症治疗药获临床试验通知书,格隆汇
2019-12-12,恒指高开0.72% 家庭电器板块领涨,中新经纬
2019-12-12,智通港股通持股解析|12月11日,智通财经
2019-12-12,港股开盘前瞻：康宁杰瑞制药等两公司首挂,智通财经
2019-12-11,【民生医药|周报】12/16：关注特色原料药和CXO板块，积极布局优势赛道,杏林建研
2019-12-11,复星医药(02196)：副总裁汪曜减持股份计划期限届满且未减持A股,智通财经
2019-12-11,复星医药关于高级管理人员减持股份计划期限届满的公告 拟减持股份,亿邦动力
2019-12-11,复星医药(02196.HK)副总裁汪曜减持期届满期间未减持公司A股,格隆汇
2019-12-11,交银国际：中生制药开发的百西诺获颁发药品注册批件,新浪
2019-12-11,智通港股通持股解析|12月10日,智通财经
2019-12-10,知名药企为何花近亿元在杭建立研发基地？,制药网
2019-12-10,“科技创新大时代” ——国信证券2020年度策略及上市公司交流会邀请函,国信研究
2019-12-10,港股开盘前瞻：刘永好增持民生银行 启明医疗等两只新股首挂,智通财经
2019-12-10,华创事件驱动早报12-10：华为终端全线搭载鸿蒙系统；自主可控推动网络安全快速发展,华创证券研究
2019-12-09,格隆汇港股聚焦(12.9)︱舜宇光学11月手机镜头出货量升42.9%至1.3亿件长城汽车前11月累计销量达95.429万辆,格隆汇
2019-12-09,智通港股公告精选︱(12.9)舜宇光学11月手机镜头出货量同比增42.9%至1.3亿件,智通财经
2019-12-09,A股头条之上市公司（12.10）,金融界
2019-12-09,3亿，重磅品种新动作,赛柏蓝
2019-12-09,复星医药：HLX1 HLX07获临床试验通知书 主要用于头颈部鳞状细胞癌的治疗,金融界
2019-12-09,复星医药(02196.HK)子公司HLX10及HLX07联合治疗头颈部鳞状细胞癌方案获临床试验通知书,格隆汇
2019-12-09,青蒿素制剂再获突破，首个儿童剂型获世卫组织预认证,硅谷动力
2019-12-09,恒指收跌0.01% 林业及木材板块领跌,中新经纬
2019-12-09,更美：从未因违法采集信息被下架 平台整形医生均有资质 其他违规处罚,DoNews
2019-12-09,【上证50成分股】事件周报,爱建证券研究所
2019-12-09,智通港股通持股解析|12月6日,智通财经
2019-12-08,几项政策的浅析与投资节奏的把握 --医药行业周报（2019.12.02-2019.12.08）,兴证医药健康
2019-12-06,“时光荏苒，星堡守候”走进星堡中环养老社区，体验一站式综合性养老,微信
2019-12-06,医药股回暖反弹，金斯瑞涨超4%,富途证券
2019-12-06,带量采购开标至今，都对药企造成了哪些影响？,制药网
2019-12-06,中生制药涨逾2% 重上10天及100天线,新浪
2019-12-06,薪酬过亿上市药企高管已达3位！抢人才 本土创新药企与MNC拼待遇,E药经理人
2019-12-06,【民生医药|周报】12/09：集采政策加速推进，稳妥加仓优势赛道,杏林建研
2019-12-06,智通港股通持股解析|12月5日,智通财经
2019-12-06,复星医药原研药仿制药审评均获进展 业绩增长有戏？,电鳗快报
2019-12-06,港股开盘前瞻：小米斥2亿港元回购2202万 小摩增持中国人保,智通财经
2019-12-05,格隆汇港股聚焦(12.5)︱融创中国前11月合同销售额突破5000亿元招商证券11月母公司净利增23.8%至5.51亿元,格隆汇
2019-12-05,复星医药(02196)用于肾病透析患者高磷血症的Tenapanor片获临床试验注册审评受理,智通财经
2019-12-05,复星医药(600196.SH)：Tenapanor片用于终末期肾病透析患者高磷血症治疗获临床试验注册审评受理,格隆汇
2019-12-05,复星医药：控股子公司获药品临床试验申请受理,Wind
2019-12-05,和睦家：将利用资本市场加速医院和科室建设,中证网
2019-12-05,智通港股通持股解析|12月4日,智通财经
2019-12-05,“后复星时代”的和睦家 非公医疗仍面临多重难题,21世纪经济报道
2019-12-04,梁锦松谈收购和睦家：交易估值合理 对盈利很乐观,新浪
2019-12-04,和睦家新址开业：“新东家”梁锦松、“老东家”陈启宇谈并购后合作,21世纪经济报道
2019-12-04,四环医药昨创逾八年新低后 现逆市升近5% 连续下跌,新浪
2019-12-04,复星医药子公司阿莫西林胶囊过评,新浪
2019-12-04,用研发管线抢本土创新资源！BI、AZ等之后 还有哪些MNC将入局？,E药经理人
2019-12-04,智通港股通持股解析|12月3日,智通财经
2019-12-04,港股早知道：恒指急跌急涨渐成常态 汽车板块现反弹唯趋势难以持续,智通财经
2019-12-03,智通港股公告精选︱(12.3)小米斥资约1.69亿港元回购1878.2万股,智通财经
2019-12-03,格隆汇港股聚焦(12.3)︱新城发展前11月销售额升24.17%至2465.62亿元 复星医药：阿莫西林胶囊通过仿制药一致性评价,格隆汇
2019-12-03,A股头条之上市公司（12.4）,金融界
2019-12-03,复星国际控股(00656)增持复星医药(02196)40.5万股 每股作价22.0057港元,智通财经
2019-12-03,以药品集中采购和使用为突破口，医药领域供给侧改革按下“快进键”,中国医药报
2019-12-03,复星医药(02196)附属阿莫西林胶囊通过仿制药一致性评价,智通财经
2019-12-03,复星医药：药品通过仿制药一致性评价,金融界
2019-12-03,复星医药(600196.SH)：桂林南药阿莫西林胶囊通过仿制药一致性评价,格隆汇
2019-12-03,智通港股通持股解析|12月2日,智通财经
2019-12-03,智通港股股东权益披露|12月3日,智通财经
2019-12-03,一纸公告山水再现 ——海普瑞的跨国运营地图,21世纪经济报道
2019-12-02,【上证50成分股】事件周报,爱建证券研究所
2019-12-02,四环医药跌逾4%暂三连跌 创超过八年新低 连续下跌,新浪
2019-12-02,“科技创新大时代” ——国信证券2020年度策略及上市公司交流会邀请函,国信研究
2019-12-02,智通港股通占比异动统计|11月29日,智通财经
2019-12-02,智通港股通持股解析|11月29日,智通财经
2019-12-02,智通港股投资日志|12月2日,智通财经
2019-11-30,国产白血病新药！复星医药FN-1501获美国FDA授予孤儿药资格认定，治疗急性髓性白血病(AML),生物谷
2019-11-29,国家医保谈判“灵魂砍价”刷屏！抗癌进口药等大幅降价 医药股的春天又来了,金融投资报
2019-11-29,港股复盘：今天才大跌500多点，反应太滞后,YY港股圈
2019-11-29,恒瑞成长史告诉我们：国内仿制药企转型创新药企的八大关键,新康界
2019-11-29,白马股下行茅台大跌4%拖累A股沪指创阶段新低磨底还在继续 连续下跌,财华社
2019-11-29,恒指收跌2.03%报26346.490点 药品板块领跌,中新经纬
2019-11-29,收评：港股恒指跌2.03%月跌2.08% 医药板块普跌,新浪
2019-11-29,收评：三大股指弱势盘整沪指跌0.61% 白酒板块领跌,新浪
2019-11-29,恒指空头情绪升温半日跌近2% 蓝筹股下跌石药集团跌超11%,腾讯网
2019-11-29,午评：港股恒指跌1.97% 医药板块普跌,新浪
2019-11-29,香港恒生指数午盘跌1.97%报26363.78点,Wind
2019-11-29,快讯：医药股大幅走弱 通化东宝逼近跌停 连续下跌,新浪
2019-11-29,医药板块大幅走弱 通化东宝逼近跌停 连续下跌,第一财经
2019-11-29,"【行情】医药股大幅走弱，通化东宝逼近跌停，凯普生物、贝达药业、大博医疗等跌近8%。权重医药生物股恒瑞医药跌逾4%，复星医
连续下跌",金十数据
2019-11-29,美国FDA认定复星医药(02196-HK)治白血病治疗新药FN-1501,财华社
2019-11-29,新版医保目录出炉，石药集团大跌7% 连续下跌,富途证券
2019-11-29,医药股再度受压 石药集团急跌逾7%暂最差蓝筹,新浪
2019-11-29,智通港股通占比异动统计|11月28日,智通财经
2019-11-29,智通港股通持股解析|11月28日,智通财经
2019-11-28,格隆汇港股聚焦(11.28)︱波司登中期纯利上升36.4%至3.43亿元 复星医药在研白血病新药获美国孤儿药认定,格隆汇
2019-11-28,复星医药(02196)：FN-1501治疗急性髓性白血病获美国FDA孤儿药认定,智通财经
2019-11-28,复星医药(600196.SH)：白血病新药FN-1501获美国FDA孤儿药认定,格隆汇
2019-11-28,智通港股通持股解析|11月27日,智通财经
2019-11-27,民生证券：PD-1医保谈判，最终谁将入局？,第一财经
2019-11-27,智通港股通占比异动统计|11月26日,智通财经
2019-11-27,智通港股通持股解析|11月26日,智通财经
2019-11-26,长江生命科技急跌逾9% 主动沽盘达71%,新浪
2019-11-26,恒指高开0.71%报27183.900点 其他支援服务板块领涨,中新经纬
2019-11-26,“科技创新大时代” ——国信证券2020年度策略及上市公司交流会预邀请函,国信研究
2019-11-26,智通港股通占比异动统计|11月25日,智通财经
2019-11-26,智通港股通持股解析|11月25日,智通财经
2019-11-25,复星医药(02196.HK)向复星实业提供5000万美元担保 大额借贷担保,格隆汇
2019-11-25,复星医药：拟为控股子公司复星实业（香港）提供5000万元美元担保 大额借贷担保,Wind
2019-11-25,智通港股通占比异动统计|11月22日,智通财经
2019-11-25,智通港股通持股解析|11月22日,智通财经
2019-11-25,机构：医药板块整体短期调整 长期坚持配置龙头,证券时报网
2019-11-24,调整中孕育的机会 --医药行业周报（2019.11.18-2019.11.24）,兴证医药健康
2019-11-22,恒指收涨0.48% 旅游及观光板块领涨,中新经纬
2019-11-22,恒指收涨0.48%报26595点 卡森国际复牌飙升近480%,腾讯网
2019-11-22,恒指反弹乏力半日涨0.26% 美团点评涨超8%创历史新高,腾讯网
2019-11-22,A股冲高回落沪指2900点得而再失 医药股走势疲弱,Wind
2019-11-22,复星医药青蒿素制剂被纳入WHO推荐采购清单,制药网
2019-11-22,高位医药股全线杀跌，我武生物、康泰生物双双跌停,Wind
2019-11-22,恒指涨0.32%报26551点 美团点评大涨近9%,腾讯网
2019-11-22,【民生医药|行业动态】PD-1医保谈判，最终谁将入局？,杏林建研
2019-11-22,22日公司新闻聚焦:格力集团谋求入主欧比特 暴风集团审计机构请辞,证券时报网
2019-11-22,智通港股通占比异动统计|11月21日,智通财经
2019-11-22,智通港股通持股解析|11月21日,智通财经
2019-11-22,最新公告透露利好 15只个股有望爆发（11.22）,中金在线
2019-11-22,财经早报:科创板第一例定价低于下限 A股破净率超10%,新浪
2019-11-22,股海导航 11月22日沪深股市公告提示,新浪
2019-11-22,港股开盘前瞻：卡森国际否认沽空机构报告指称 雅高控股暴跌后复牌,智通财经
2019-11-22,格隆汇港股通5日资金流入流出排行榜 | 11月21日,格隆汇
2019-11-21,格隆汇港股聚焦(11.21)︱维他奶撇除汇率影响中期纯利按年增7% 雅高控股股价急跌致股东宏胜所持1.51亿股遭强平 股票质押异常,格隆汇
2019-11-21,智通港股公告精选︱(11.21)雅高控股主要股东梁迦杰遭强制出售1.51亿股,智通财经
2019-11-21,A股头条之上市公司（11.22）,金融界
2019-11-21,复星医药青蒿素制剂获世界卫生组织预认证,上证报
2019-11-21,晚间公告热点追踪：中船科技并购重组事项未获通过 并购重组异常,新浪
2019-11-21,复星医药青蒿素产品通过世界卫生组织药品预认证,上证报
2019-11-21,复宏汉霖注册资本新增至约5.4亿人民币 曾为复星医药控股子公司,金融界
2019-11-21,复星医药(02196)控股子公司两种抗疟药品通过WHO PQ认证,智通财经
2019-11-21,复星医药：子公司抗疟药品通过世卫组织预认证,e公司
2019-11-21,复星医药(02196.HK)控股子公司药品通过WHOPQ认证,格隆汇
2019-11-21,复星医药(600196.SH)：双氢青蒿素磷酸哌喹分散片及双氢青蒿素磷酸哌喹片通过WHO PQ认证,格隆汇
2019-11-21,恒指低开1.12% 电子零件板块领跌,中新经纬
2019-11-21,前景堪忧？罗氏近500亿大品种遭本土药企狙击,新浪
2019-11-21,港股早评：恒指大幅低开1.12% 蓝筹股全线走低 腾讯跌逾1%,格隆汇
2019-11-21,智通港股通持股解析|11月20日,智通财经
2019-11-21,智通港股通占比异动统计|11月20日,智通财经
2019-11-21,上海汉辰获海鸥表业65%股权 前者为豫园股份子公司,新浪
2019-11-21,智通港股通资金流向统计|11月21日,搜狐
2019-11-20,又有两品种首家通过一致性评价 通过受理号已超400个！,药智网
2019-11-20,101家药企研发费用曝光，这家企业3个月花14亿,制药网
2019-11-20,信托公司的“养猪经”,金融界
2019-11-20,歌礼制药上涨5.31% 月内暂累升约36%,新浪
2019-11-20,频繁变动的跨国药企 为何能在转型期中国得到空前增长？,E药经理人
2019-11-20,169个品种过评！齐鲁制药以“速度”拔得头筹,制药网
2019-11-20,智通港股通持股解析|11月19日,智通财经
2019-11-19,2019大健康年会:聚焦行业社会责任 探讨医疗新机遇,21世纪经济报道
2019-11-19,互联网医疗行业规范化进行时 微医获选2019中国健康产业「阳光」奖-年度优秀企业,21世纪经济报道
2019-11-19,孔府家人事变动 刘涛离任前往复星集团,佳酿网
2019-11-19,智通港股通持股解析|11月18日,智通财经
2019-11-18,复星医药(02196)：“18复药02”将于12月2日付息每手44.7元,智通财经
2019-11-18,复星医药(600196.SH)：“18复药03”12月2日付息 每手派息46.80元,格隆汇
2019-11-18,复星医药(02196.HK)“18复药03”将于12月2日付息,格隆汇
2019-11-18,【上证50成分股】事件周报,爱建证券研究所
2019-11-18,上证50指数涨逾1% 成分股大面积飘红,新浪
2019-11-18,上证50指数涨逾1% 成分股大面积飘红,上证报
2019-11-18,智通港股通占比异动统计|11月15日,智通财经
2019-11-16,医药富豪榜洗牌 几大家族市场风云变幻,华夏时报
2019-11-16,医药股年底行情可期 创新药中药医疗器械是三条主线,金融投资报
2019-11-15,年度盘点：2019中国药企在美获批ANDA排行榜！,药智网
2019-11-15,恒指高开0.78%报26529.951点 互联网服务板块领涨,中新经纬
2019-11-15,港股异动 | 复星医药高开3.28% 子公司获MimiVax授权许可使用SurVaxM,格隆汇
2019-11-15,港股早评：恒指高开0.78% 蓝筹股齐升 腾讯、中国平安等筹皆上涨,格隆汇
2019-11-15,智通港股通持股解析|11月14日,智通财经
2019-11-15,医药｜2020年投资策略：登高望远，后带量采购时代,中信证券研究
2019-11-15,我国科研人员培育出新型青蒿 青蒿素含量提高80%,证券时报网
2019-11-15,华创事件驱动早报11-15：中移动将发布多款AR/VR设备；智能手表行业快速增长,华创证券研究
2019-11-14,长江生命科技逆市反弹近6% 传将有新药获批,新浪
2019-11-14,复星系新动向：豫园股份作价12.64亿元收购星圻投资,新京报
2019-11-14,60亿大品种市场争夺战，知名药企纷纷下场,制药网
2019-11-14,智通港股通占比异动统计|11月13日,智通财经
2019-11-14,智通港股通持股解析|11月13日,智通财经
2019-11-14,港股开盘前瞻：阿里巴巴披露赴港招股书 旅橙文化等三只新股上市,智通财经
2019-11-14,格隆汇港股聚焦(11.13)︱澳优前三季经调整净利润增长67.6%至6.625亿元 中国太平前10月原保费收入升12.07%至1518.36亿元,格隆汇
2019-11-13,智通港股公告精选︱(11.13)腾讯前三季股东应占盈利增11%至717.28亿元,智通财经
2019-11-13,更美APP发布医美消费榜：2019年双11当日订单量同比增长7倍,DoNews
2019-11-13,12日晚公告精编丨獐子岛未知扇贝死亡具体原因，海康威视董事被立案调查 其他违规处罚,21世纪经济报道
2019-11-13,复星医药(02196)获MimiVax授权使用其专利和专有知识商业化肿瘤免疫治疗产品SurVaxM,智通财经
2019-11-13,复星医药(02196.HK)获MimiVax授予新型肿瘤免疫治疗产品独家权,格隆汇
2019-11-13,复星医药(600196.SH)：子公司获肿瘤免疫治疗产品SurVaxM区域性独家开发及商业化授权,格隆汇
2019-11-13,复星医药(600196.SH)：复星医药产业获MimiVax许可,格隆汇
2019-11-13,艾德证券期货：市场缺乏热点 恒指大概率震荡磨底,新浪
2019-11-13,格隆汇港股通5日资金流入流出排行榜 | 11月12日,格隆汇
2019-11-12,华领医药急跌18% 创历史新低主动卖盘达65% 连续下跌,新浪
2019-11-11,水滴公司CEO沈鹏受聘成为复星大学专家讲师及学术顾问,砍柴网
2019-11-11,恒指跌2.1%报27070.55点 电脑器材板块领跌,中新经纬
2019-11-11,复星国际创近半年高位后倒跌 现跌逾1%,新浪
2019-11-10,哪家跨国药企能从带量采购中突围？,第一财经
2019-11-09,复星健康黑科技：达芬奇手术机器人等亮相进博会,新浪
2019-11-08,实探进博会：网红美妆，进口食品，无人机运输，那些参展巨头们的上新与下沉,21商评网
2019-11-08,进博会直击| 最全盘点！巨头们齐聚进博会，展现哪些行业热点？,健康界
2019-11-08,药企加速布局产品线，产业链延伸成大势所趋,制药网
2019-11-08,2019进博会引领风向标，全球药械巨头齐聚，长期看好中国市场,动脉网
2019-11-08,翰森制药上涨2%破50天线 获纳入MSCI中国指数,新浪
2019-11-08,石药微跌1%曾创逾1年高位 收购抑制肿瘤细胞增殖药,新浪
2019-11-08,A股高开：沪指涨0.51% 饲料、渔业等板块领涨,中新经纬
2019-11-08,百亿元的阿达木单抗生物类似药市场，谁夺头魁？,制药网
2019-11-07,11月7日股市预警|6家公司突发利空 19亿资金流出这十股,腾讯网
2019-11-07,沪深两市主力资金净流出73.2亿元 正邦科技净流入额居首,中证网
2019-11-07,港股收盘(11.7)|恒指收涨0.57% 尾盘暴力拉升超300点 长江生科(00775)续涨超20%,智通财经
2019-11-07,恒指收涨0.57%刷新逾3个月高位 广播板块领涨,中新经纬
2019-11-07,收评：港股恒指涨0.57% 内地医药股、中资金融股上涨,新浪
2019-11-07,恒指收涨0.57%报27847点 内地医药股近全线上涨,腾讯网
2019-11-07,恒指尾盘拉升收涨0.57%，医药、金融股领涨大市,Wind
2019-11-07,【异动股】药股普涨石药曾弹4.1%,财华社
2019-11-07,歌礼制药午后愈升愈有 现逆市飙升14%,新浪
2019-11-07,港股午评|恒指窄幅震荡，医药股领涨大市，区块链股上扬,富途证券
2019-11-07,第二届进博会医疗科技齐亮相 巨头们带来哪些“黑科技”,健康界
2019-11-07,2019福布斯中国富豪榜最新出炉！50位医药人入围400强,医药手机报
2019-11-07,午评：港股恒指跌0.34% 苹果概念股下跌瑞声科技跌4%,新浪
2019-11-07,11月7日午盘两市净流入前20股(名单),金融界
2019-11-07,恒指走势反复半日跌0.34% 复星医药涨超5%,腾讯网
2019-11-07,医药板块集体上涨，复星医药涨超6%,富途证券
2019-11-07,医药行业喜事连连 港A两地药品股普涨,格隆汇
2019-11-07,复星医药涨3.14%报26.27元，创近1个月内新高,中新经纬
2019-11-07,复星医药上涨6% 子公司药物获审评受理,新浪
2019-11-07,快讯：内地医药股上涨 石药上涨5.01%获多大行唱多,新浪
2019-11-07,香港恒生指数开盘涨0.01% 长江生命科技涨20%,中新经纬
2019-11-07,港股异动丨石药集团(1093.HK)大涨近4%领涨恒指 多大行集体唱多,格隆汇
2019-11-07,港股异动 | 复星医药高开2.65% 用于晚期实体瘤药物获临床试验注册审评受理,格隆汇
2019-11-07,恒指高开0.01%报27690点 恒生银行领涨蓝筹,腾讯网
2019-11-07,港股早知道：恒指高位整固不改重心向上格局 原奶价格连续上涨,金融界
2019-11-07,港股开盘前瞻：摩根士丹利增持华润啤酒 多家券商公布10月业绩,智通财经
2019-11-07,植发机器人、干细胞治疗技术：复星健康尝到甜头今年连推新品,澎湃新闻
2019-11-07,健康科技创新助力 人类能活到121岁吗？,每日经济新闻
2019-11-06,格隆汇港股聚焦(11.06)︱港交所前三季EBITDA升3%至96.63亿港元 多家券商10月数据亮眼,格隆汇
2019-11-06,国家药监局：政策人才资本都是当前药品创新的利好因素,第一财经
2019-11-06,一致性评价新进展：这家企业厉害了！,汇聚南药
2019-11-06,11月6日股市预警|8家公司突发利空 34亿资金流出这十股,腾讯网
2019-11-06,复星医药：控股子公司用于晚期实体瘤治疗药品获临床试验申请受理,第一财经
2019-11-06,复星医药(600196.SH)：ORIN1001片用于晚期实体瘤治疗获临床试验注册审评受理,格隆汇
2019-11-06,一致性评价铺就中国仿制药提质之路,中国食品药品网
2019-11-06,169 个品种通过一致性评价，有企业过评30个,制药网
2019-11-06,【晨会聚焦】超配金融板块,中泰证券研究所
2019-11-06,【医药-复星医药(600196)】江琦、赵磊：公司点评：Gland计划推进海外上市，生物药、小分子创新持续-20191105,中泰证券研究所
2019-11-05,孙建谈医药选股逻辑：坚持市场化、全球化的选股路,新浪
2019-11-05,投资收益增厚净利超七成，复星医药的投资逻辑要变么？,财华社
2019-11-05,外围市场创新高+北上资金持续流入，A股反弹能走多远？,国盛证券
2019-11-05,【山证医药】医药行业周报（20191103）：三季报披露收官，建议关注高景气领域,山西证券研究所
2019-11-04,医药新周期 筛选六大细分行业长跑冠军（附表）,新浪
2019-11-04,11月4日股市预警|7家公司突发利空 16亿资金流出这十股,腾讯网
2019-11-04,全球医疗健康“黑科技”亮相进博会 郭广昌称复星助力中国家庭消费升级,证券日报
2019-11-04,复星医药涨幅创近1个月新高 报26.05元,中新经纬
2019-11-04,医药股核心资产集体新高 四大资金狂扫货 这些股目标涨幅30%以上,证券时报网
2019-11-04,药明康德涨逾4%破顶 绩后曾获里昂升目标价,新浪
2019-11-04,国家药监局局长焦红调研复星医药,e公司
2019-11-04,申万宏源：恒指升至27100点 按周计上升1.63%,新浪
2019-11-04,绿叶制药飙近6% 药物基地通过上市批准前检查,新浪
2019-11-04,4日公司新闻聚焦：益生股份扩充养猪业务 格力电器成闻泰科技股东,证券时报网
2019-11-04,最新公告透露利好 13只个股有望爆发（11.04）,中金在线
2019-11-04,【医药】江琦、谢木青：医药板块2019Q3分析暨11月月报：三季报期总结：结构性高增长持续，建议继续重点布局高景气板块-1102,中泰证券研究所
2019-11-04,解码机构调仓换股路径,中证网
2019-11-04,老年痴呆有救了！中国原创新药获批上市，填补这一领域17年空白，工业大麻为何也兴奋？,券商中国
2019-11-02,复星医药(02196-HK)拟分拆小分子注射剂仿制药业务印度上市,财华社
2019-11-01,格隆汇港股聚焦(11.1)︱复星医药控股子公司Gland Pharma拟在印度证交所和孟买证交所上市 合景泰富10月预售额升123.6%至101.28亿元,格隆汇
2019-11-01,下周333亿市值限售股解禁，环比减少36.41% 解禁,Wind
2019-11-01,复星医药：第八届董事会第八次会议（临时会议）决议公告,上交所
2019-11-01,A股头条之上市公司（11.1）,金融界
2019-11-01,复星医药一控股子公司拟境外上市,新京报
2019-11-01,复星医药(02196.HK)子公司禅城医院向深圳复星健康注资1040.8万元持股51%,格隆汇
2019-11-01,11月1日晚间上市公司十大重磅公告,巨丰财经
2019-11-01,复星医药(02196.HK)：控股子公司Gland Pharma拟在印度证交所和孟买证交所上市,格隆汇
2019-11-01,复星医药(600196.SH)：控股子公司Gland Pharma拟在印度上市,格隆汇
2019-11-01,复星医药控股子公司GLAND PHARMA拟在印度的证交所上市,Wind
2019-11-01,实锤：4+7中选药采购量扩增6倍，9000药品将遭临床替代,AI财经社
2019-11-01,【复星医药】19Q3季报点评：扣非增速较高，创新转型稳步推进,医心医意要健康
2019-11-01,复星医药(02196-HK)子公司禪城医院开拓互联网的新医疗服务,财华社
2019-11-01,【异动股】青蒿素板块拉升，浙江医药(600216-CN)涨停,财华社
2019-11-01,恒指低开0.37% 地产代理板块领跌,中新经纬
2019-11-01,百济神州飙逾两成 获安进收购27亿美元股权,新浪
2019-11-01,股海导航 11月1日沪深股市公告提示,新浪
2019-10-31,格隆汇港股聚焦(10.31)︱中国建材前三季净利润升36%至104.28亿元 中国光大控股：部分高管已认购可购买公司股份的基金,格隆汇
2019-10-31,复星医药前三季度营收增17% 扣非后净利增8%,证券日报
2019-10-31,复星医药：控股子公司获药品临床试验申请受理,金融界
2019-10-31,复星医药：注射用曲妥珠单抗用于转移性乳腺癌适应症治疗的III期临床研究已达到预设的主要终点,格隆汇
2019-10-31,复星医药：HLX11用于转移性乳腺癌、早期乳腺癌治疗获临床试验注册审评受理,格隆汇
2019-10-31,"复星医药(02196.HK)：治疗B淋巴细胞恶性肿瘤新药""FCN-647胶囊""临床试验申请获受理",格隆汇
2019-10-31,一致性评价最新进展：受理号达1536个 35个品种过评已满3家,药智网
2019-10-31,复星医药子公司16.5万不合格药品流出 当前已召回超5万余支 产品问题,新浪
2019-10-31,带量采购倒逼制药企业创新，七成企业三季报增加研发费用,第一财经
2019-10-31,【异动股】青蒿素板块拉升，海正药业(600267-CN)涨8.11%,财华社
2019-10-31,东阳光药飙近6%六连扬 本月累涨两成八,新浪
2019-10-31,医药股领涨，三季报业绩亮眼，哪些低估值高业绩标的值得关注？,第一财经
2019-10-31,【异动股】青蒿素板块拉升，海正药业(600267-CN)涨8.32%,财华社
2019-10-30,恒指收跌0.44%报26667.711点 汽车板块领跌,中新经纬
2019-10-30,青蒿战役：欧美的算计、非洲的胜利以及印度的威胁,南方财经网
2019-10-30,责令停售！复星医药子公司检出16.5万不合格药品 业务变化,中金在线
2019-10-30,继“举报门”后又被爆出产品问题 复星药业召回大量支注射剂 诉讼纠纷,运营商财经网
2019-10-30,传统药企联姻创新药企再上演：云南白药3.5亿元基石投资中国抗体,制药网
2019-10-30,艾德证券期货：恒指上方压力较大，警惕联储降息后下跌,和讯
2019-10-30,复星医药业绩增速遇阻 子公司药品不合格敲警钟,和讯
2019-10-29,复星医药(02196)11月8日将有1亿股非公开发行A股限售股上市流通 解禁,智通财经
2019-10-29,复星医药：前三季净利同比下降1.45% 盈利能力下降,证券时报网
2019-10-29,4+7扩品种“箭在弦上”，这些过评热门品种待发！,新浪医药
2019-10-29,复星医药：前三季度净利润同比减1.45% 盈利能力下降,Wind
2019-10-29,复星医药(02196)前三季归母净利减少1.45%至20.64亿元 盈利能力下降,智通财经
2019-10-29,复星医药(02196.HK)前三季度扣非净利润增长8.21%至17.22亿元,格隆汇
2019-10-29,复星医药：前三季度净利润20.6亿元，同比下滑1.45% 盈利能力下降,Wind
2019-10-29,复星医药(02196.HK)1.004亿股限售A股将于11月8日上市流通,格隆汇
2019-10-29,复星医药：约1亿股限售股将于11月8日上市流通 解禁,Wind
2019-10-29,【民生医药|季报点评】复星医药：现金流持续上升，创新药上市有望带动净利率回升,杏林建研
2019-10-29,刚刚早知道：题材火热但需避免被伪区块链公司收割 同行股价连创新高中粮肉食有望追落后,智通财经
2019-10-29,【医药-复星医药(600196)】江琦、赵磊：2019Q3点评：扣非净利润增长8%，非经及研发投入影响整体表现-20191029,中泰证券研究所
2019-10-29,复星医药旗下公司 召回5万支注射剂 产品问题,第一财经
2019-10-28,长春长生之后又一家医药公司出事 已生产16万支药品,云掌财经
2019-10-28,复星医药旗下公司产品曝出生产问题，5.24万支注射剂被召回 产品问题,第一财经
2019-10-28,复星医药控股子公司一批次注射剂被召回 含量不合格 产品问题,新京报
2019-10-28,东阳光药升逾3% 首三季多赚超过93%,新浪
2019-10-28,复星国际上升2% 郭广昌指积极研究区块链应用技术,新浪
2019-10-28,石药集团扬逾2% 新诺威制药上季多赚26%,新浪
2019-10-28,复星医药因设备原因流出16.5万支问题药 当前已召回超5万支 产品问题,长江商报
2019-10-28,"医药行业周报:三季报持续发布,建议关注业绩持续稳步增长的个股",山西证券
2019-10-27,10月27日上市公司晚间公告速递,新浪
2019-10-27,复星医药：控股子公司产品抽检不合格 产品问题,Wind
2019-10-26,阿达木单抗首仿即将被这家药企拿下！,制药网
2019-10-25,“网红”公募基金经理三季度在买啥？最新重仓股曝光,新浪
2019-10-25,长盛基金乔培涛：四季度基本面具备边际改善基础,中证网
2019-10-25,复星医药(02196)：孙峰接替刘涛涛出任持续督导保荐代表人,智通财经
2019-10-25,【越秀证券研究】石四药集团：受益行业整合，产品结构升级提速(评级：买入，目标价：8.30元),越秀証券研究
2019-10-24,医疗器械企业收入将破万亿元，北上深居创新项目申请前三位,第一财经
2019-10-24,债券融资成本大比拼！这9家民企可与央企论高低,Wind
2019-10-24,【民生医药】医药生物2019年三季报总结：基本面进入值得期待的新周期,杏林建研
2019-10-24,登陆港股后又谋科创板上市：君实生物的资本大棋局,面包财经
2019-10-23,75亿！知名药企出售两大品种,赛柏蓝
2019-10-23,复星医药：拟为控股子公司复星医疗申请3亿元的贷款提供连带责任保证担保 大额借贷担保,Wind
2019-10-23,复星医药(02196.HK)拟为子公司复星医疗提供3亿元贷款担保 大额借贷担保,格隆汇
2019-10-23,【权益变动】复星医药(02196-HK)获EdinburghPartners增持73.8万股,财华社
2019-10-23,医药公司2019三季报披露期，3条主线被继续看好！,制药网
2019-10-23,出售和睦家部分股份获复星医药股东大会高票通过,证券日报
2019-10-23,ADC药物PK！荣昌生物RC48适应症多 百奥泰BAT8001进展快,新浪
2019-10-22,复星医药旗下乙酰谷酰胺药获GMP证书,证券日报
2019-10-22,复星医药控股子公司收到药品GMP证书,新浪
2019-10-22,药企扎堆加码研发，创新药市场离收获期还有多远？,财华社
2019-10-22,医药行业后市机会仍被看好，建议关注这些药企！,制药网
2019-10-22,医药股普涨 华润医药升逾2%中金看好国内医药成长,新浪
2019-10-22,海内外企业相继在上海设立创新平台,证券时报网
2019-10-22,解散波立维团队？赛诺菲正式回应了 经营问题,赛柏蓝
2019-10-21,格隆汇港股聚焦(10.21)︱中国移动前三季度纯利跌14%至818亿元 石四药集团前三季度纯利升17.2%至7.59亿港元,格隆汇
2019-10-21,复星医药(600196.SH)：朝晖药业获药品GMP证书,格隆汇
2019-10-21,如何看待骨科企业股价屡创新高？,格隆汇
2019-10-21,8省确定“4＋7”扩围时间，药企开始加速创新升级,制药网
2019-10-21,石药集团(01093)、石四药集团(02005)、中国旭阳集团(01907)、21世纪教育(01598)实地调研,智通财经
2019-10-21,智通港股通持股解析|10月2日,智通财经
2019-10-18,首批孵化项目入驻复星领智 引领生物医药科技创新,上证报
2019-10-18,不满意还要保持微笑哦！复星医药慢慢来,新浪
2019-10-18,复宏汉霖下周增发436万股H股 净筹2.1亿港元,新京报
2019-10-18,恒指冲高后跳水半日跌0.09% 香港本地地产股领跌蓝筹,腾讯网
2019-10-18,百济神州涨逾3% 中金首予跑赢大市评级,新浪
2019-10-18,A股早报2019年10月18日星期五,Wind
2019-10-18,最新公告透露利好 15只个股有望爆发（10.18）,中金在线
2019-10-18,复宏汉霖(02696-HK)超额配股权获部份行使额外净筹2.1亿元,财华社
2019-10-17,A股头条之上市公司（10.18）,金融界
2019-10-17,[公司]复星医药：治疗转移性或复发性实体瘤新药HLX55单抗获批开展临床试验,全景网
2019-10-17,复星医药控股子公司HLX55单抗获临床试验通知书,金融界
2019-10-17,微利时代，大批仿制药被停止研发！,制药网
2019-10-17,恒指高开0.54%报26809.039点 酒精饮料板块领涨,中新经纬
2019-10-17,巨丰早参：国常会最新定调！高度重视利用外资,巨丰财经
2019-10-16,A股头条之上市公司（10.17）,金融界
2019-10-16,【中金固收·信用】中国短期融资券及中期票据信用分析周报,中金固定收益研究
2019-10-16,化药注射剂一致评价征求稿出台，集采品种要到扩展注射液了？,格隆汇
2019-10-16,上海医药布局海外市场仿制药能否成为营收新引擎？,中国商报
2019-10-16,青蒿素概念盘中走强 誉衡药业涨逾8%,中国经济网
2019-10-16,苦脏累的基层医疗 迎来政策与技术加持,第一财经
2019-10-15,格隆汇港股聚焦(10.15)︱华南城上半财年合约销售升13.7%达77.33亿港元 中国太平前9个月原保费收入升11.5%至1411.24亿元,格隆汇
2019-10-15,复星医药关于2019年度第三期超短期融资券发行完成的公告,亿邦动力
2019-10-15,复星医药(02196.HK)完成5亿元超短期融资券发行,格隆汇
2019-10-15,清科季报：2019年第三季度中企IPO数量继续上升，科创板市场崭露头角,资本邦
2019-10-15,石药集团上涨1% 附属料第三季多赚至少15%,新浪
2019-10-14,微利时代 仿制药企转型“创仿结合”,北京商报网
2019-10-14,14日公司新闻聚焦:中国化学签943亿大单 金溢科技ETC订单成倍增长,证券时报网
2019-10-14,"医药行业周报:三季报即将公布,建议关注业绩确定性较高个股",山西证券
2019-10-13,药企的三条路，板块的三季报--医药行业周报（2019.10.07-2019.10.13）,兴证医药健康
2019-10-12,医药业洗牌在即，中国药企准备好了吗？,医学界智库
2019-10-11,格隆汇港股聚焦(10.11)︱广汽前9个月汽车销量超150万辆 舜宇9月手机镜头出货量同比上升43.9%,格隆汇
2019-10-11,A股头条之上市公司（10.12）,金融界
2019-10-11,晚间公告热点追踪：蓝盾股份拟引入国有资本,新浪
2019-10-11,10月11日晚间上市公司十大重磅公告,巨丰财经
2019-10-11,“2019中国医药上市公司竞争力”颁奖典礼来了！,E药经理人
2019-10-11,【医药】江琦、赵磊：2019年10月月报：谈判目录即将发布，重点关注创新药及高景气子板块-20191007,中泰证券研究所
2019-10-11,复星医药(02196.HK)10月29日召开董事会议 审核三季业绩,格隆汇
2019-10-11,复星医药：子公司生产线通过美国FDA现场检查,e公司
2019-10-11,复星医药(600196.SH)：医工院制药生产线通过美国FDA现场检查,格隆汇
2019-10-11,富过王健林，药神夫妇跻身中国富豪前五，20年逆袭市值超4千亿,腾讯网
2019-10-11,【对话掌门人】问大佬如何与印度药企做生意，看创新黑马怎么学恒瑞？,E药经理人
2019-10-11,2019年Q3中国药企获FDA批准的ANDA再添24个，泰德、博瑞、巨泰首次入围,药智网
2019-10-11,大批药企营销团队 有新去处了,赛柏蓝
2019-10-11,10月11日沪深两市最新交易提示,上证报
2019-10-11,复宏汉霖赴港上市破发之后：“单抗龙头”如何成为复星医药“最有希望的孩子”？ 连续下跌,每日经济新闻
2019-10-10,复星国际(0656.HK)：聚焦家庭消费，产业赋能价值被低估，首次覆盖给予“买入”评级,格隆汇
2019-10-10,扎堆投资产业基金 上市公司盯上了啥？,上证报
2019-10-10,华盛早报 | 万科前9月销售同比增约10%，生猪养殖企业业绩逆转,新浪
2019-10-10,港股开盘前瞻：鲁大师IPO挂牌交易 野村首予美团买入评级,腾讯网
2019-10-09,复星医药(600196.SH)：万邦金桥化学合成车间IV区获药品GMP证书,格隆汇
2019-10-09,复星医药(02196.HK)子公司获药品GMP证书,格隆汇
2019-10-09,全球首份数字健康150强榜单出炉：中国企业微医坐上头把交椅,证券之星
2019-10-09,价格腰斩前景堪忧 贝达药业如何突围单品运营之困？,投资者网
2019-10-09,小摩给予腾讯控股目标价450港元,南方财经网
2019-10-08,恒指冲高回落，半日涨0.67%，美团年内股价已翻倍,富途证券
2019-10-08,复星集团惊现地产反腐大案 几年前董事长郭广昌失联案再被提及 董监高成员异常事件,运营商财经网
2019-10-08,医药创新探索 如何从“中国首创”到“全球首创”,每日经济新闻
2019-10-08,诺贝尔医学奖揭晓Ａ股抗癌药概念迎风口,证券时报
2019-10-02,电影国庆档正“燃”，复星系、中植系等实力资本系族现身,新京报
2019-10-02,9月医药大事件之榜单篇：上半年研发、净利润排名出炉,制药网
2019-10-01,复锐医疗科技(01696-HK)拟议股权变动,财华社
2019-10-01,复星医药子公司拟3.9亿港元受让复锐医疗科技股权,新京报
2019-10-01,专访复星医药董事长、复宏汉霖主席兼非执行董事陈启宇： 单抗龙头复宏汉霖赴港上市 多款产品陆续进入商业化阶段,21世纪经济报道
2019-09-30,医药创新探索：如何从“中国首创”到“全球首创”,每日经济新闻
2019-09-30,复星医药将以3.9亿港元购买复锐医疗科技21.93%的股份,Wind
2019-09-30,2019年医药三季报业绩前瞻||三季报预期向好，关注“变化”、稳守“核心资产”【兴证医药】,兴证医药健康
2019-09-30,中国医药创新100强出炉！前5名已具备参与国际竞争实力！,制药网
2019-09-30,复星国际现跌2%跌穿50天线 遭大摩降至持平评级 投资评级恶化,新浪
2019-09-30,格隆汇港股通5日资金流入流出排行榜 | 9月29日,格隆汇
2019-09-28,格隆汇港股通5日资金流入流出排行榜 | 9月27日,格隆汇
2019-09-28,对话郭广昌：穿越周期 1+N的复星式发展逻辑,中国经营报
2019-09-27,9月过评数已达18个 361个通过一致性评价品种分析,药智网
2019-09-27,国药控股续跌近3% 八连跌累挫11%创三年半新低 连续下跌,新浪
2019-09-27,港股午盘丨恒指跌0.3% 能源、医药板块跌幅居前,第一财经
2019-09-27,“4 7”报价一降再降，未来仿制药企该怎么活？,制药网
2019-09-27,带量采购扩围中标结果出炉 个别药物降幅高达近八成,广州日报
2019-09-27,格隆汇港股通5日资金流入流出排行榜 | 9月26日,格隆汇
2019-09-26,收评：恒指涨0.37%创近三年最长连阴纪录 达芙妮尾盘暴涨28%,金融界
2019-09-26,【朝闻国盛0925】北上单日净流入再创新高,国盛证券研究所
2019-09-26,复宏汉霖港交所上市首日破发能否拯救复星医药市值 连续下跌,国际金融报
2019-09-26,今年香港IPO募资将超1800亿 或现“科创板+H”模式,全景网
2019-09-26,巨丰早参：工行农行10%股权正式划转全国社保基金,巨丰财经
2019-09-26,复宏汉霖赴港上市提速商业化 三款生物类似药等批文“箭在弦上”,华夏时报
2019-09-26,格隆汇港股通5日资金流入流出排行榜 | 9月25日,格隆汇
2019-09-26,今年香港IPO募资将超1800亿或现“科创板+H”模式,证券时报
2019-09-25,格隆汇港股聚焦(9.25)︱财政部拟划转部分工行及农行股份给社保基金 复星医药晚期肝细胞癌联合治疗方案启动II期临床研究,格隆汇
2019-09-25,集采扩面结果公布，关注行业价格体系和估值变化,兴证医药健康
2019-09-25,复星医药(600196.SH)：复宏汉霖将于9月25日挂牌港交所主板,格隆汇
2019-09-25,复宏汉霖(02696.HK)中期总收入同比增5.5倍研发开支达7.57亿元,格隆汇
2019-09-25,背靠复星系、市值超百亿 复宏汉霖依旧难逃破发魔咒 连续下跌,新浪
2019-09-25,复星旅文的多事之秋：海外项目破产、高管贪污被查 减资破产,凤凰网
2019-09-25,一批知名药企要上市,赛柏蓝
2019-09-25,9月26日涨停板早知道：七大利好有望发酵,新浪
2019-09-25,复星医药：HLX10联合HLX04用于治疗晚期肝细胞癌启动II期临床研究,e公司
2019-09-25,复星医药(02196.HK)晚期肝细胞癌联合治疗方案启动II期临床研究,格隆汇
2019-09-25,复宏汉霖港股挂牌 复星系上市公司版图再扩张,新京报
2019-09-25,复星医药(02196.HK)：9月25日复宏汉霖H股于港交所主板上市,格隆汇
2019-09-25,复宏汉霖今日正式上市：10年未盈利，市值超250亿港元,新浪医药
2019-09-25,复星系生物制药公司在港挂牌 董事长看好市场潜力,第一财经
2019-09-25,港股药品股多数下跌 复星医药跌超5%,腾讯网
2019-09-25,“4+7”扩面拟中标结果公示 与去年第一轮中选价格比平均降幅25%,21世纪经济报道
2019-09-25,医疗保健：带量采购全国扩面 关注集采受益标的,国盛证券
2019-09-25,恒指半日跌0.95%险守26000点 小米集团跌超4%,腾讯网
2019-09-25,午评：港股恒指跌0.95%险守26000点 小米大跌4.5% 连续下跌,新浪
2019-09-25,摩通：复星医药(2196.HK)两款药物参与竞标 整体影响正面,格隆汇
2019-09-25,恒指下探回升 医药板块跌幅居前,第一财经
2019-09-25,【IPO追踪】复宏汉霖(02696-HK):将加大产品研发力度,财华社
2019-09-25,医药股跌幅扩大，翰森制药跌8%,Wind
2019-09-25,刚刚，复宏汉霖港股IPO：市值超250亿港元，近20家VC/PE押宝,投资界
2019-09-25,医药股集体回调 京新药业跌逾8%,中国经济网
2019-09-25,港股医药股走低 中国生物制药跌超3%,腾讯网
2019-09-25,异动直击|「4+7」集采扩面激烈杀价，医药股再度走弱,富途证券
2019-09-25,开盘：恒指低开0.5% 新股复宏汉霖低开4.33%破发 连续下跌,金融界
2019-09-25,创新驱动复宏汉霖-B(2696.HK） 9月破冰第一股今日敲钟,格隆汇
2019-09-25,复星旗下生物科技股今上市，复宏汉霖-B低开4%,富途证券
2019-09-25,快讯：恒指低开0.5% 药品扩围价格再降医药股走低,新浪
2019-09-25,快讯：复宏汉霖今日在港交所上市 股价低开4.33%,新浪
2019-09-25,平均降价近六成！医药股涨停跌停冰火两重天 全国药品集中采购更进一步,中证报
2019-09-25,【国盛医药张金洋团队】带量采购全国扩面，关注集采受益标的,国医盛视
2019-09-25,中信：带量采购全国扩面拟中选结果产生 行业集中度预计将提升,证券时报网
2019-09-25,我国迎来首仿药上市热潮 多股有望受益,证券时报网
2019-09-25,医药板块突现闪崩！4+7带量采购全国扩围 报价突破地板价 医药股还要跌多少？ 行业恶化,券商中国
2019-09-25,医药企业不惜以价换量引发行业大洗牌,金陵晚报
2019-09-25,药品集采试点扩围拟中选结果出炉 价格大降医药行业加速洗牌,中证网
2019-09-25,三季度以来养老金持仓股浮盈近10亿 35只潜力股被机构密集调研,证券日报
2019-09-25,带量采购全国覆盖 中标药品价格再降25%,北京商报
2019-09-24,防癌顶层方案公布！医学诊断市场十年5倍市场空间（附股）,红周刊
2019-09-24,独家｜“4+7”扩面在即，赛诺菲：波立维和安博诺已入最终中标名单,21世纪经济报道
2019-09-24,英国最大旅行社倒闭，60万游客被困，复星受牵连 减资破产,中证报
2019-09-24,药企“抢标大战”：“4+7”扩面下加速资源争夺,新浪医药
2019-09-24,医药股走势过山车石药集团大涨8% 温杰:龙头长线理想,新浪
2019-09-24,部分医药股午后持续杀跌，京新药业跌停,Wind
2019-09-24,复星系未止跌 复星国际软近2%复星旅文跌约3%,新浪
2019-09-24,复宏汉霖-B定价49.6港元，9月25日上市,富途证券
2019-09-24,医药股逆市向下 中生制药再跌逾1%石药集团跌近2%,新浪
2019-09-24,4＋7药品带量采购扩面结果将揭晓 这些药企被看好,制药网
2019-09-24,港交所助力破解医疗数据时代难题 明年预计改革新股定价发行机制,21世纪经济报道
2019-09-24,生物药企上市赛道分化 科创板港股有望互通,时代周报
2019-09-23,研发一哥百济神州遭质疑：去年研发支出48亿远超同行,新浪
2019-09-23,格隆汇个股放量排行榜 | 9月23日,格隆汇
2019-09-23,议市厅丨复星医药业绩承压，上半年50亿销售费用侵蚀利润，“医药界PE”下一步该如何破局？ 盈利能力下降,和讯
2019-09-23,4+7带量采购中标结果明日出炉，中国中药挫逾5%领跌医药股,富途证券
2019-09-23,消费+科技属性将驱动医药长牛 --医药行业周报（2019.09.16-2019.09.22）,兴证医药健康
2019-09-23,【中信建投医药|行业周报】新旧交替机会不断 配置高性价比标的,菊颖医药观察
2019-09-23,"医药行业周报:我国迎来首仿药上市热潮,建议关注相关优质企业",山西证券
2019-09-22,地产反腐又见大案：复星“开了”3人,中国基金报
2019-09-22,【权益变动】复星医药(02196-HK)获复星国际控股两日合增256万股,财华社
2019-09-21,200讲者对3000医药人，两天两夜讲清楚：产业生死转型的创新、资本、政策、营销,E药经理人
2019-09-21,复宏汉霖CEO刘世高：港股上市是里程碑，预计三年内有六个产品面市,每日经济新闻
2019-09-21,格隆汇港股通5日资金流入流出排行榜 | 9月20日,格隆汇
2019-09-20,[快讯]9月20日大宗交易一览,中财网
2019-09-20,复星医药今日大宗交易成交29万股，成交价27.47元折价1.89%,Wind
2019-09-20,齐鲁大爆发！17个过评品种霸屏，5个“4+7”品种迎战集采，21个注射剂发力,米内网
2019-09-20,宏信证券：每日信息速递,和讯
2019-09-20,复星医药赴港分拆上市 募资规模超30亿港元,证券之星
2019-09-20,子公司分拆上市白云山冲刺千亿市值,中国经营网
2019-09-20,今年最重磅医药IPO：复宏汉霖拟下周赴港上市，10年未盈利,AI财经社
2019-09-20,提前埋伏 后面还有利好要兑现！,金融界
2019-09-20,复星医药(02196-HK)获控股股东增持106万股,财华社
2019-09-20,复星医药分拆上市再进一步 复宏汉霖IPO募资有望超30亿港元,证券日报
2019-09-20,周五最新重磅公司传闻集锦(9月20日),证券之星
2019-09-19,A股头条之上市公司（9.20）,金融界
2019-09-19,【提前看】19日公告精选：深交所公开谴责*ST新海及相关当事人；复星医药控股股东拟增持不低于1亿元股份,e公司
2019-09-19,19日晚公告精选丨*ST大控或被终止上市；又一家公司成为华为合格供应商 风险警示,21世纪经济报道
2019-09-19,晚间公告热点追踪：武汉凡谷控股股东及一致人减持1%,新浪
2019-09-19,9月20日涨停板早知道：七大利好有望发酵,新浪
2019-09-19,复星医药:控股股东增持H股 拟12个月内增持不低于1亿,新浪
2019-09-19,复星医药：控股股东拟不低于1亿元增持股份,e公司
2019-09-19,复星医药(600196.SH)：控股股东拟增持不超2%的股份 已增持2183万元的H股,格隆汇
2019-09-19,复星医药：控股股东增持公司H股106万股,第一财经
2019-09-19,复星医药(02196.HK)控股股东增持106万股H股 拟继续增持不超2%公司股份,格隆汇
2019-09-19,复宏汉霖将挂牌，港交所风吹依旧,新浪医药
2019-09-19,IPO日报 | 复宏汉霖发售价为49.6港元，拟于9月25日上市；整合营销供应商艾德韦宣赴港IPO；唯医骨科完成亿元B轮融资,格隆汇
2019-09-19,复星医药吴以芳：持续创新 致力于让每个家庭乐享健康,投资时报
2019-09-19,复星医药分拆复宏汉霖港股上市，又一家生物科技公司来了,环球老虎财经
2019-09-19,分拆上市来了！这家A股企业分拆子公司赴港上市，打破9月份港股IPO空窗期,e公司
2019-09-19,复宏汉霖(02696)定价49.60港元/股，位于发行区间下限，公司将于9月25日正式上市,云掌财经
2019-09-19,复星医药分拆复宏汉霖拟于9月25日香港上市,中国网
2019-09-19,复宏汉霖赴港发行市值267亿 能否逃脱破发魔咒？ 连续下跌,投中网
2019-09-19,复宏汉霖IPO规模创今年以来同业纪录,IPO早知道
2019-09-19,复星医药：复宏汉霖预期将于9月25日在港交所主板买卖,第一财经
2019-09-19,复星医药(600196.SH)：控股子公司复宏汉霖将于9月25日在港上市,格隆汇
2019-09-19,复星医药控股子公司复宏汉霖拟9月25日在香港上市,中证网
2019-09-19,早间公告：四维图新联合体中标科技司服务平台项目,Wind
2019-09-18,格隆汇港股聚焦(9.18)︱通达集团拟分拆公司于深交所独立上市 四川成渝8月通行费收入升4.85%至4.07亿元,格隆汇
2019-09-18,复星医药(02196.HK)：复宏汉霖H股发售价为每股49.6港元,格隆汇
2019-09-18,医疗保健：聚焦优质企业 荐12股,国信证券
2019-09-18,一致性评价进入收获期，药品过评不断,制药网
2019-09-18,IPO认购指南：复宏汉霖-B(2696.HK),格隆汇
2019-09-17,上半年，这四家药企研发投入共计72.73亿元,制药网
2019-09-17,“印度干儿子”格兰德制药要上市复星打的什么算盘,新浪
2019-09-16,“A+H”又添一股，曾上市连获13个涨停板,格隆汇
2019-09-16,2019上半年，这5家药企销售费用均超32亿元,制药网
2019-09-16,张江药谷嬗变：从稻田到“创新高地”,中国经营报
2019-09-16,中概股新“造壳运动”，大佬们正闷声发大财,阿尔法工场
2019-09-16,上海宏达新材料股份有限公司上海复星医药（集团）股份有限公司,证券时报
2019-09-15,【民生医药|周报】09/16：WCLC叠加CSCO，关注创新产业链基本面变化,微信
2019-09-15,“分拆热”不减！白云山启动子公司上市筹备工作，“千亿市值梦”何时能圆？,财华社
2019-09-14,1亿拿下2个单抗，医药股一哥股价创新高！正大天晴、石药.....23个品种大降价,米内网
2019-09-13,一周新股|百威亚太二进宫，复宏汉霖招股中,富途证券
2019-09-13,复星医药：第八届董事会第五次会议（临时会议）决议公告,上交所
2019-09-12,格隆汇港股聚焦(9.12)︱众安在线前8月原保费收入增近两成 复宏汉霖将于9月25日登陆港交所,格隆汇
2019-09-12,从合作办厂到全链条板块合作 外资药企的新“玩法”,新京报
2019-09-12,复星医药(600196.SH)：复宏汉霖就在研产品HLX10拟授予Kalbe Genexine在10个国家独家开展商业化 获支付至多6.82亿美元及销售提成,格隆汇
2019-09-12,复星医药(02196.HK)就在研产品HLX10签署许可条款书以加快拓展东南亚市场,格隆汇
2019-09-12,复星医药(02196.HK)重组抗PD-1人源化单克隆抗体注射液联合化疗启动III期临床研究,格隆汇
2019-09-12,复星医药(600196.SH)：HLX10联合化疗用于治疗未接受过治疗的广泛期小细胞肺癌启动III期临床研究,格隆汇
2019-09-12,复星医药(600196.SH)：复宏汉霖已刊发招股章程 H股发行价每股49.6港元-57.8港元,格隆汇
2019-09-12,新商业模式会给未来的药企带来什么？,医药网
2019-09-12,复宏汉霖——复星医药旗下创新药生物医药公司,老虎证券
2019-09-12,一致性评价进展分析：齐鲁双赢 苯磺酸氨氯地平片最热,药智网
2019-09-12,茅台们大跌：黄牛靠边，资金作祟,第一财经
2019-09-12,逾30家A股公司计划分拆上市,深圳商报
2019-09-12,早间公告：天业通联、中京电子重组事项近日上会,Wind
2019-09-11,【IPO追踪】复星旗下复宏汉霖(02696-HK)明起招股入场费5838港元,财华社
2019-09-11,【异动股】单抗概念板块下挫，九洲药业(603456-CN)跌5.87%,财华社
2019-09-11,复宏汉霖明天启动招股 卡塔尔投资局及高管成为基石投资者,IPO早知道
2019-09-11,复星医药(600196.SH)：复宏汉霖更新聆讯后资料集,格隆汇
2019-09-11,医药业转型提速 创新发展添彩“健康中国”,中证报
2019-09-11,【IPO追踪】复星医药(02196-HK)拟分拆复宏汉霖主板上市,财华社
2019-09-11,【金财富决策参考】2019-09-11,赢家之星
2019-09-10,复星医药(02196.HK)：复宏汉霖已向香港联交所呈交经更新聆讯后资料集,格隆汇
2019-09-10,孙飘扬、陈启宇、吕明方往一个城墙口冲锋：中国药企进军世界前列的准备、挑战、时间,E药经理人
2019-09-10,破10！这个药一致性评价第11家过评企业诞生,药智网
2019-09-10,华鑫证券：医药生物板块业绩增长稳健 配置价值显著,证券时报网
2019-09-10,复星医药(02196.HK)：复宏汉霖拟为汉霖制药不超1.7亿元融资提供担保 大额借贷担保,格隆汇
2019-09-10,复星医药：为孙公司1.7亿元融资额度下债务提供最高额连带责任保证担保 大额借贷担保,Wind
2019-09-10,复星医药(600196.SH)：Tenapanor片用于便秘性肠易激综合症治疗的临床试验申请获受理,格隆汇
2019-09-10,易明医药知名大品种 首家过评,赛柏蓝
2019-09-10,营收百亿药企大比拼：恒瑞、复星、上药,赛柏蓝
2019-09-10,仿制药一致性评价势在必行，又有多家药企品种过评,制药网
2019-09-10,复星医药控股子公司药品通过仿制药一致性评价,中国网
2019-09-10,跨国药企近期大动作！渠道下沉、“甩包袱”,制药网
2019-09-10,港股早知道：九月红包行情进行中 概念股继续飞舞,智通财经
2019-09-10,【山证医药】医药行业周报（20190908）：建议持续关注医保目录谈判与“4+7”带量采购扩面,山西证券研究所
2019-09-10,难舍中国市场 跨国药企转战创新药,北京商报
2019-09-10,医药行业周报:建议持续关注医保目录谈判与“4+7”带量采购扩面,山西证券
2019-09-09,格隆汇港股聚焦(9.9)︱广汽前8个月汽车销量达131.94万辆 龙光地产8月合约销售增逾五成,格隆汇
2019-09-09,A股头条之上市公司（9.10）,金融界
2019-09-09,复星与丸红株式会社进一步战略合作，关注教育等领域,Wind
2019-09-09,港股复盘：5G主题再度降临,YY港股圈
2019-09-09,复星医药：苯磺酸氨氯地平片通过仿制药一致性评价,第一财经
2019-09-09,一周新股|消费金融巨头捷信过讯，上半年贷款不良率8.7%,富途证券
2019-09-09,复宏汉霖今天开始簿记，舒泰神子公司拟筹千万美元成为基石投资者,IPO早知道
2019-09-07,市值冲破1600亿港元!翰森制药领跑港股医药股，高市值背后有何难题待解？,财华社
2019-09-07,卖卖卖，跨国药企扎堆剥离非核心资产，诺华7.9亿元出售苏州工厂 资产异常,AI财经社
2019-09-05,舒泰神子公司拟千万美元参与复宏汉霖IPO,新京报
2019-09-05,复星医药(02196.HK)向合营提供7088.3万元委托贷款,格隆汇
2019-09-05,药品性价比比拼时代来袭，44药企研发投入超1亿元,制药网
2019-09-04,【东吴医药】医药生物行业2019H1业绩总结：行业增速放缓，龙头引领增长，聚焦创新药产业链、创新生物制品、医疗服务等景气细分赛道,东吴医药研究团队
2019-09-04,郭广昌失策二十年，复星医药市值落后50倍，医药龙头孙飘扬笑了,投中网
2019-09-04,"复星医药:19H1收入增长稳健,费用增加拖累利润 盈利能力下降",申万宏源
2019-09-03,【医药】江琦、祝嘉琦：医药板块2019H1分析暨9月月报：产业结构调整，子板块分化明显，把握结构性机会-20190901,中泰证券研究所
2019-09-03,44家A股上市医药企业研发投入超1亿元,新京报
2019-09-03,烧钱的研发 药企的希望,新京报
2019-09-02,重药控股股东拟混改引入战投 49%股权转让作价41亿元 减持股份,国际金融报
2019-09-02,带量采购重塑跨国药企专利过期原研药市场,第一财经
2019-09-02,一周新股|多家巨头齐递表，复宏汉霖过聆讯,富途证券
2019-09-02,国内首款生物类似药获批上市，复宏汉霖仿创结合打造生物药全产业链,格隆汇
2019-09-01,复星医药董事长陈启宇：抗癌创新药降价是必经之路,澎湃新闻
2019-09-01,【民生医药|周报】09/09：政策影响钝化，二线公司关注度提升,微信
2019-08-31,复星医药(600196.SH)就出售“和睦家”医院和诊所资产 已聘请会计师事务所对HHH财报进行了审计 资产异常,格隆汇
2019-08-31,国家队钟爱大盘蓝筹北上资金加仓国际指数标的,证券时报
2019-08-31,近九成上市公司上半年实现盈利科创板表现亮丽,证券时报
2019-08-30,复星医药(02196)：“和睦家”2019年1-5月归母净亏损为8784.2万元 亏损,智通财经
2019-08-30,复星医药(02196)附属出售所持和睦家医院股份并向NFC认购940万股获董事会通过 资产异常,智通财经
2019-08-30,复星医药上半年收入增长稳健 对复宏汉霖未来发展充满信心,证券日报
2019-08-30,复星医药上半年50亿销售费用侵蚀利润 归母净利15亿,中国经济网
2019-08-29,【安信非银】复星国际中报点评：聚焦产业运营显效，盈利稳中有升,新角度新金融
2019-08-29,毛利率相差近10个百分点，康龙化成冲刺H股，对标药明康德有多大压力？,财华社
2019-08-29,复宏汉霖赴港上市再进一步 复星医药新药研发进入回报期？,华夏时报
2019-08-29,复星医药：费用上升研发多投 期待新药上市改善业绩,证券时报网
2019-08-29,@基民们，大家心目中的“硬核科技”基金有哪些？,养基司令
2019-08-29,BioBAY香港子公司成立 充分参与全球创新,中国日报网
2019-08-29,复星国际上半年收入涨57% 郭广昌：复星的定位是消费产业集团 不是多元化投资企业,21世纪经济报道
2019-08-28,复星国际上半年收入增57% 汪群斌透露管理层也非常关注股价,每日经济新闻
2019-08-28,分拆上市潜在标的多达532家 概念火热需警惕“李鬼”,第一财经
2019-08-28,复星国际陈启宇：密切关注科创板评估控股企业上市可能,中证网
2019-08-28,这个大品种，降价60%,赛柏蓝
2019-08-28,【增减持】 复星医药(02196.HK)获Edinburgh Partners增持177万股,格隆汇
2019-08-28,复星医药2019上半年营收142亿元，加速创新转型与国际化拓展,21商评网
2019-08-28,复星国际半年赚76亿元 首次派发中期股息,新京报
2019-08-28,港股午评|恒指窄幅震荡，中烟香港再跌超8%，汽车股集体爆发,富途证券
2019-08-28,分拆上市新规落地，填补监管细则空白——点评分拆上市新规征求意见稿 | 汪毅，包婷，王小琳,长城研究--宏观策略
2019-08-28,A股三大股指小幅下跌 军工股表现强劲,证券时报网
2019-08-28,复星业绩会：产品线到了爆发前期 人快乐点不易生病,新浪
2019-08-28,上半年营收同比增57%，复星国际涨5%,富途证券
2019-08-28,复星国际扬逾5% 半年纯利升11%首派中期息,新浪
2019-08-28,复星国际涨超5% 上半年收入同比增57%,腾讯网
2019-08-28,恒指两连挫后再试反弹高开0.4% 中兴通讯绩后高开6%,腾讯网
2019-08-28,复星国际上半年总收入684亿元，中国业务占57%,澎湃新闻
2019-08-28,格隆汇港股通5日资金流入流出排行榜 | 8月27日,格隆汇
2019-08-28,分拆上市新规出台 三维度挖掘潜力股,金融投资报
2019-08-27,步长制药发布半年报：营收净利双增长，转型稳步进行中,中金在线
2019-08-27,复星医药上半年增收不增利，销售费用近50亿元 盈利能力下降,全景网
2019-08-27,复星医药：创新业务持续投入，药品板块业绩向好,证券时报网
2019-08-27,复星国际中期归母净利76亿元 首派中期股息0.13港元,观点地产网
2019-08-27,复星国际(00656.HK)半年收入684.8亿元创历史新高 首次宣派中期息,格隆汇
2019-08-27,半年报风云｜复星国际：上半年收入684.8亿元 同比增长57%,乐居财经
2019-08-27,复星国际：上半年归属股东净利润76.1亿元同比增长11%,中国网
2019-08-27,石药集团走高近3% 暂九连升累涨逾36%,新浪
2019-08-27,新药品管理法通过，化学制药股早盘火热，机构：我国医药创新迎机遇期,第一财经
2019-08-27,新能源汽车之列的氢燃料电池汽车 今年增长非常迅猛,万隆证券网
2019-08-27,最高减-99.99% 148股中报含雷,中财网
2019-08-27,【财经早餐】国务院发布山东、江苏、广西、河北、云南、黑龙江等6个自由贸易试验区总体方案,华龙掘金
2019-08-27,财闻点金：我国将要实施产业基础再造工程 增强自主能力,巨丰财经
2019-08-27,药品管理法鼓励支持创新药 医药创新迎黄金发展期（附受益股）,金融界
2019-08-27,复星医药(02196-HK)中期少赚3%不派息续拓展境內外融资渠道 盈利能力下降,财华社
2019-08-27,格隆汇港股通5日资金流入流出排行榜 | 8月26日,格隆汇
2019-08-27,港股低位略见承接,南方财经网
2019-08-26,复星医药：第八届董事会第四次会议（定期会议）决议公告,上交所
2019-08-26,复星医药：2019年半年度主要财务指标,上交所
2019-08-26,【中投早知道】2019-08-27,赢家之星
2019-08-26,手握国内首个生物类似药 复宏汉霖能否借力登陆港交所？,每日经济新闻
2019-08-26,复星医药：上半年主营业务实现均衡增长,中证网
2019-08-26,复星医药(02196)：重庆医工院拟为医工院制药不超5000万元授信项下债务提供担保 大额借贷担保,智通财经
2019-08-26,复星医药(02196.HK)拟为医工院制药不超5000万元贷款提供担保 大额借贷担保,格隆汇
2019-08-26,复星医药2019中期“成绩单”：营收141.73亿、净利略降 首个生物类似药上市 盈利能力下降,21世纪经济报道
2019-08-26,复星医药上半年实现营收141.73亿元 同比增长19.51%,中国网
2019-08-26,复星医药：加速创新转型国际化拓展 2019上半年主营业务均衡增长,中金在线
2019-08-26,复星医药：上半年净利15.16亿元 同比降2.84% 盈利能力下降,e公司
2019-08-26,复星医药(600196.SH)与复星健控拟共设基金管理公司 专注于大健康领域基金的受托管理,格隆汇
2019-08-26,复星医药中报：上半年净利润15.16亿元，同比下降2.84% 盈利能力下降,Wind
2019-08-26,IPO日报 | 复宏汉霖通过港交所上市聆讯；旷视科技递表，或成AI第一股；火花思维获8500万美元新一轮融资,格隆汇
2019-08-26,【异动股】新药品管理法获批医药股逆市扬复星医药升5.1%,财华社
2019-08-26,复星医药AH股逆势上涨 复宏汉霖分拆上市已呈交聆讯后资料集,格隆汇
2019-08-26,A股分拆上市新规填补监管空白，这35家潜在标的或率先受益,澎湃新闻
2019-08-26,药品管理法鼓励创新 医药板块强势延续,金元证券指定乾坤
2019-08-26,最新分拆上市概念股名单 这些公司已明确透露分拆意向,证券时报
2019-08-26,复宏汉霖通过港交所聆讯，本周启动招股,IPO早知道
2019-08-26,早间公告：复星医药披露复宏汉霖分拆上市进展,e公司
2019-08-26,早间公告：复星医药复宏汉霖已向香港联交所提交聆讯后资料集,Wind
2019-08-26,【医药-复星医药(600196)】江琦、赵磊：2019H1点评：主营业务增长良好，参股公司亏损拖累业绩-20190826 亏损,中泰证券研究所
2019-08-25,我为公司打call：2018年度中国医药工业百强榜发布！,药通社
2019-08-25,复星医药(02196.HK)：复宏汉霖已向联交所呈交聆讯后资料集,格隆汇
2019-08-25,重磅！2018年度中国医药工业百强企业榜单发布，揭秘前三甲创收秘辛！,新浪医药
2019-08-25,牢记使命 聚力向新——2018年度中国医药工业百强榜单评析,医药地理
2019-08-24,资本市场重磅：分拆上市来了 这些个股要嗨？(名单),新浪
2019-08-23,政策“绿灯”亮了 这些明确分拆上市的个股要嗨？,新浪
2019-08-23,物管股又疯了，利润想要多少有多少,和讯
2019-08-23,格隆汇个股放量排行榜 | 8月23日,格隆汇
2019-08-23,收评：恒指涨0.5%站稳26000点 日照港裕廊暴涨83.52%,金融界
2019-08-23,药品股全线大涨 中国中药(0570.HK)收涨12.32%,格隆汇
2019-08-23,08月23日 收盘突破年线个股一览,每日经济新闻
2019-08-23,大涨80%！市值超3400亿 恒瑞医药被537家基金产品抱团持仓,金融界
2019-08-23,医药板块震荡走高 龙津药业诚意药业等涨停,证券时报网
2019-08-23,午评：恒指涨0.48% 内险股大涨中国人寿涨4%领涨蓝筹,新浪
2019-08-22,贵州茅台再创新高:大消费成牛股摇篮 谁是明日之星？,中证报
2019-08-22,药品股普涨 丽珠医药(1513.HK)升近4%领涨,格隆汇
2019-08-22,港股早知道：落袋为安 心态重要,智通财经
2019-08-22,医药生物2019年8月投资策略：重视现金流改善标的，继续乐观,国信研究
2019-08-21,智通港股公告精选︱(8.21)比亚迪股份中期归母净利飙升203.61%至14.55亿元,智通财经
2019-08-21,最新!医保目录大调整 至少影响36家上市公司(附名单),新浪
2019-08-21,复星医药(02196)就分拆复宏汉霖上市 将仅向合资格复星医药H股股东提供保证配额,智通财经
2019-08-21,西南证券：未来一大批创新药品种或将爆发,证券时报网
2019-08-21,复星医药(02196.HK)：复宏汉霖分拆上市保证配额记录日为9月4日,格隆汇
2019-08-21,格隆汇个股放量排行榜 | 8月21日,格隆汇
2019-08-21,又一品种过评 324个通过一致性评价品种分析,新浪
2019-08-21,"医药生物行业事件点评:2019版医保目录出炉,结构变化带来机遇与挑战",东莞证券
2019-08-20,格隆汇港股聚焦(8.20)︱ 邮储银行上半年净利升14.94%至373.81亿元 海底捞中期净利升40.92%至9.11亿元,格隆汇
2019-08-20,复星医药今日大宗交易成交38.08万股，成交价26.13元折价1.69%,Wind
2019-08-20,药企转型自救指南：在变革中崛起,贝壳社
2019-08-20,格隆汇个股放量排行榜 | 8月20日,格隆汇
2019-08-20,复星医药(600196.SH)子公司HLX10启动II期临床研究,格隆汇
2019-08-20,【平安医药】新版医保延续腾笼换鸟思路，纳入品种迎放量机会,平安研究
2019-08-20,【民生医药|中报总结】医药板块2019中报总结：增长的韧劲足，逐步加仓二线龙头,微信
2019-08-20,“腾笼换鸟”力度加大，优化结构鼓励创新提升保障水平-医保目录点评,兴证医药健康
2019-08-19,机会来了？43只医药股获股东增持 4大细分领域受青睐,中证报
2019-08-19,格隆汇个股放量排行榜 | 8月19日,格隆汇
2019-08-19,罗氏再遭重击！UNH将安进两款生物仿制药列为目录首选药物,新浪
2019-08-19,“4+7”扩面跨国、本土药企心态大不同？,医药经济报
2019-08-19,西安国际医学中心开诊在即 国际医学新增医疗供给有望进入收获期,e公司
2019-08-16,复星医药为控股子公司大连雅立峰5000万授信提供担保 大额借贷担保,挖贝网
2019-08-16,医药行业查账风暴来袭，药品回扣等乱象或被遏制,制药网
2019-08-15,过一致性评价药品，大杀价,赛柏蓝
2019-08-15,复星医药(02196.HK)拟为大连雅立峰提供不超5500万元担保 大额借贷担保,格隆汇
2019-08-15,2019版国家医保目录即将公布，这5大药企被看好,制药网
2019-08-15,药业股偏软 国药控股跌逾4%暂最大跌幅国指股 连续下跌,新浪
2019-08-14,新版医保目录公布在即，被错杀的医药板块各细分领域机会来了,第一财经
2019-08-14,复星医药(600196.SH)子公司收到DiaMedica关于终止许可协议的通知 资质撤销,格隆汇
2019-08-13,复星医药(02196.HK)将于8月26日举行董事会会议以审议中期业绩,格隆汇
2019-08-13,新增补开赛！26个药品“卡位”进采购目录,医药经济报
2019-08-12,复星医药(02196)拟为附属贷款提供担保 大额借贷担保,智通财经
2019-08-12,复星医药(02196.HK)拟为复星实业申请8000万美元贷款额度提供担保 大额借贷担保,格隆汇
2019-08-12,复星医药：拟为控股子公司担保不超过8000万美元,Wind
2019-08-12,跨国药企开始聚焦于自身优势业务，轻装上阵！,制药网
2019-08-11,中期关注性价比，长期坚守核心资产 --医药行业周报（2019.08.05-2019.08.11）,兴证医药健康
2019-08-10,【荟萃 ◆ 32周】2019云计算三大关键词：产业拐点、CBA战略、双高齐飞【诸海滨团队】,诸海滨科新先声
2019-08-09,医美市场乱象频发，陷黑产之困，阿里美团京东仍争相入局,AI财经社
2019-08-09,医药生物行业政策密集发布，未来创新药有望受益,制药网
2019-08-08,消费白马股跌幅排名 谁被错杀 这些股被机构一致看好,证券时报
2019-08-08,在波动中寻找确定性 医药龙头持续获新资金涌入,智通财经
2019-08-08,政策密集推出 医药生物板块确定性无忧,中证报
2019-08-07,近2000家企业技术中心筑起上海产业技术创新要素新高地（附十强榜单）,上观
2019-08-07,2019年7月全国医健产业融资汇总,新浪
2019-08-07,复星医药跌0.16%，创近1个月新低，报24.54元 连续下跌,腾讯网
2019-08-07,王怀南疑与Juul失之交臂 宝宝树及其股东共克时艰？,新浪
2019-08-07,"创新药行业研究报告:拥抱变革·制胜创新之三,顾盼大分子市场~生物类似药篇",国元证券
2019-08-06,【权益变动】复星医药(02196-HK)被美国资本集团减持88.4万股 减持股份,财华社
2019-08-06,汉森制药诡异闪崩跌停 复星医药国泰君安叫苦不迭 连续下跌,中国经济网
2019-08-05,仿制药大战一触即发 仅87个品种通过一致性评价,新京报
2019-08-05,【医药】江琦、池陈森：2019年8月月报：不确定性中寻找确定性，创新与升级两大方向-20190802,中泰证券研究所
2019-08-04,沪港将携手举办时尚与纺织人工智能国际会议,Wind
2019-08-02,复星医药13个品种通过一致性评价 平均投入超七百万元,新京报
2019-08-02,复星医药(02196)抗肿瘤药注射用HLX55单抗获药监局临床试验注册审评受理,智通财经
2019-08-02,中泰证券：寻找医药板块确定性 创新与升级两大方向,证券时报网
2019-08-02,复星医药抗癌药调价 国产汉利康零售价低至原研“六折”,证券日报
2019-08-02,优质抗癌药持续调价 国产汉利康零售价已低至“六折”,中证网
2019-08-02,郭广昌：很多人事情都没开始做 就要把功劳先算清楚,金融界
2019-08-01,CFi收盘揭秘:8月开门启示 白马将与中小创分道扬镳,中财网
2019-08-01,7月多省公布拟直接挂网过评品种，仿制药市场大战一触即发,制药网
2019-08-01,【医药生物创新药】行业研究报告：政策&市场-拥抱变革·制胜创新之一：顾盼大分子市场,格隆汇
2019-08-01,复星医药拟5.23亿美元出售和睦家 “牵手”十年获利16亿,证券之星
2019-07-31,新风天域出手收购 和睦家医疗辗转5年再上市,健康界
2019-07-31,和睦家借壳美股上市 “跳水皇后”伏明霞老公接手,中新经纬
2019-07-31,『医药头条君』K药上半年收入逼近50亿美元 福建药招新动向,新浪
2019-07-31,费用激增、财务爆雷丨一场药企、医院和管理者间的抢位战,新浪
2019-07-31,格隆汇个股放量排行榜 | 7月31日,格隆汇
2019-07-31,复星医药：第八届董事会第三次会议（临时会议）决议公告,上交所
2019-07-31,2019年7月份，多家制药企业获得药品GMP证书,制药网
2019-07-31,医药产业迎来发展大变革，药企纷纷走上创新之路,制药网
2019-07-31,伏明霞老公接手“和睦家” 复星医药拟5.23亿美元出售,野马财经
2019-07-31,复星医药(02196-HK)售和睦家医院和诊所权益料收益16.5亿人民币,财华社
2019-07-31,新风天域将收购和睦家医疗，成为中国最大的上市综合私立医疗服务机构之一,亿欧网
2019-07-30,复星医药(02196)附属出售所持和睦家医院股份 并向NFC认购940万股 资产异常,智通财经
2019-07-30,梁锦松接盘：TPG、复星出售和睦家医疗股权 资产异常,21世纪经济报道
2019-07-30,复星医药(02196)拟转让HHH有限合伙权益并参与认购NFC新增发股份 料可获收益16.47亿元 资产异常,智通财经
2019-07-30,信立泰、石药、正大天晴PK阿斯利康！10亿大品种“1+3”格局形成,亿欧网
2019-07-30,格隆汇个股放量排行榜 | 7月30日,格隆汇
2019-07-30,2019上半年163个批文过评迎大丰收 齐鲁领跑,米内网
2019-07-30,复星医药(600196.SH)完成发行3亿元超短期融资券,格隆汇
2019-07-30,复星医药(02196.HK)完成发行3亿元超短期融资券,格隆汇
2019-07-30,刚成立就估值500亿美元辉瑞联手迈蓝组建全球最大仿制药公司,新浪
2019-07-30,今年上半年，我国制药企业们都在忙些什么？,制药网
2019-07-30,医疗保健：顾盼大分子市场 荐6股,国元证券
2019-07-29,掉队公司后来居上：微芯生物发行价20.43元 周三打新,第一财经
2019-07-29,投融资：海创药业获4千万美元 NOLO VR获亿元级,和讯
2019-07-29,复宏汉霖“融资研发”模式恐难长久 多款产品面临“夹击”,红周刊
2019-07-29,格隆汇个股放量排行榜 | 7月29日,格隆汇
2019-07-29,96个注射剂“搅局”6000亿市场 33个品种年销超10亿,米内网
2019-07-29,盘前必读公告：这些股不容错过！,巨丰财经
2019-07-29,最新公告透露利好 13只个股有望爆发（07.29）,中金在线
2019-07-27,前乐创文娱CEO张昭出任复星集团副总裁及影视集团CEO,猎云网
2019-07-26,格隆汇港股聚焦(7.26)︱融创中国料上半年净利同比增逾45% 中信建投上半年净利升37.61%至23.3亿元,格隆汇
2019-07-26,7月26日晚间上市公司十大重磅公告,巨丰财经
2019-07-26,复星医药：子公司获临床试验通知书,e公司
2019-07-26,复星医药控股子公司收到收到国家药品监督管理局签发的《临床试验通知书》,挖贝网
2019-07-26,复星医药(600196.SH)：重组人促红素-HyFc融合蛋白注射液用于治疗肾性贫血获准开展临床试验,格隆汇
2019-07-26,复星医药(02196.HK)子公司治疗肾性贫血新药获准开展临床试验,格隆汇
2019-07-26,同仁堂科技跌近4% 被中金降级至中性评级 投资评级恶化,新浪
2019-07-25,[快讯]复星医药公布2018年年度分红实施方案,中财网
2019-07-25,复星医药(02196.HK)将于8月2日派发A股每股现金红利0.32元,格隆汇
2019-07-25,复星医药(600196.SH)拟每10股A股派3.2元 股权登记日为8月1日,格隆汇
2019-07-25,中西医药互补政策推进，6只医药股涨幅超1%,制药网
2019-07-24,医药行业巨震 10大变局降临,医药观察家网
2019-07-24,上证50指数涨超1% 中国太保涨逾3%领涨,证券时报网
2019-07-24,复星医药(02196-HK)子公司获认证车间,财华社
2019-07-24,港股投资日历：复星医药除净，联想集团、中国南方航空等股派息,Wind
2019-07-24,"医药生物行业2019年中报业绩前瞻:医药板块持续分化,寻找景气与避险的交集",申万宏源
2019-07-23,A股头条之上市公司公告精选（7.24）,金融界
2019-07-23,接二连三！外资药企频频出售专利过期药，是为哪般？,医药地理
2019-07-23,研发投入约563万元，复星医药子公司异烟肼片通过一致性评价,药通社
2019-07-23,复星医药：子公司获得药品GMP证书,第一财经
2019-07-23,复星医药(02196.HK)子公司获得药品GMP证书,格隆汇
2019-07-23,复星旅游急升近7% 中期料亏转盈最少赚4.5亿元,新浪
2019-07-22,聚焦医药的两个新变化-“政策趋缓+科创板映射” --医药行业周报（2019.07.15-2019.07.21）,兴证医药健康
2019-07-22,销售费用、学术推广费用高为医药行业“通病”,制药网
2019-07-22,【中信证券丨消费】国内基金持仓专题：2019Q2消费持仓突破前期高点,麦高玩乐游
2019-07-22,【信达看盘】2019.7.22,信达证券上海
2019-07-22,消费｜19Q2消费持仓突破前期高点：国内基金持仓分析,中信证券研究
2019-07-22,《科创板首批上市公司/交易制度解读电话会议纪要》,太平洋证券研究
2019-07-22,"医药生物行业:厚积薄发,单抗产品进入兑现期",国联证券
2019-07-21,【西南医药|0721周报】科创板正式落地，重点推荐南微医学+心脉医疗,国广有话说
2019-07-21,【国盛医药张金洋团队】周观点：详解2019Q2机构医药持仓，继续推荐2+X主线,国医盛视
2019-07-20,医美APP“更美”不着急今年IPO 2018年已实现盈利,经济观察网
2019-07-19,医药股走弱，次新股翰森制药跌超4%,富途证券
2019-07-19,【健康界产业周刊】又一家二甲双胍过一致性评价 科创板生物医药第一股落地,健康界
2019-07-19,中生制药反弹逾3% 旗下降糖药获批通过一致性评价,新浪
2019-07-19,仿制药一致性评价最新进展：受理号达1289个 通过308个,药智网
2019-07-19,未通过一致性评价的药品市场洗牌进入白热化阶段,制药网
2019-07-19,9家A股上市公司有意分拆子公司“闯关”科创板,经济日报
2019-07-18,复星集团CEO汪群斌来访本钢，4月中郭广昌也来过！本钢集团正处混改关键期,不止是钢货
2019-07-17,微医打造医疗界亚马逊 半年入局两家上市公司,腾讯网
2019-07-17,一文看透上半年国内医健领域并购丨2019年中盘点（三）,健康界
2019-07-17,17日重要公司新闻聚焦：科大讯飞定增募资29.3亿 一汽富维获举牌,证券时报网
2019-07-17,最新公告透露利好 13只个股有望爆发（07.17）,中金在线
2019-07-17,"医药生物行业7月投资策略:中报前瞻稳健,政策明朗改善预期",国信证券
2019-07-16,格隆汇港股聚焦(7.16)︱中国平安上半年原保费收入4462.4亿元 同比增长9.4%,格隆汇
2019-07-16,A股头条之上市公司公告精选（7.17）,金融界
2019-07-16,过评集满三家不采购，或将调整？,赛柏蓝
2019-07-16,复星医药(02196-HK)：异烟肼片(规格：0.3g)通过仿制药一致性评价,财华社
2019-07-16,复星医药子公司“异烟肼片”通过一致性评价,新浪
2019-07-16,复星医药(600196.SH)异烟肼片通过仿制药一致性评价,格隆汇
2019-07-16,更美APP：IPO传闻不实，2018年已盈利、正在发展新业务,21世纪经济报道
2019-07-16,中信证券：消费整体向上趋势无疑 建议持续配置,证券时报网
2019-07-16,医美APP更美接触投行 最快今年第四季度IPO,牛华网
2019-07-16,医疗保健股上涨 阿里健康(0241.HK)涨近3%,格隆汇
2019-07-16,盘前：三大指数收红 沪指长下影线显示下方支撑较强,中国经济网
2019-07-16,消费｜6月社零超预期，汽车、化妆品增长显著,中信证券研究
2019-07-16,医美App更美密集接触投行，最快今年四季度IPO,新浪
2019-07-16,《健康中国行动》等相关文件出台，细分领域标的有望迎来机遇,第一财经
2019-07-15,宝宝树集团(01761.HK)拟向小星医生增资400万元,格隆汇
2019-07-15,复星医药：制剂五车间符合美国FDA cGMP标准,中证网
2019-07-15,复星医药：控股子公司生产线通过美国FDA现场检查,e公司
2019-07-15,科创板分拆上市，有哪些潜在投资机会？,经济日报
2019-07-15,医疗保健：短期布局中报业绩确定性高的细分龙头 荐5股,上海证券
2019-07-15,恒指低开高走收涨约0.3%，安踏无惧浑水第四轮打击,Wind
2019-07-15,午市前瞻：香港投资气氛向淡港股短期二万九有阻力,搜狐
2019-07-15,【石药、中生制药和石四药领药品股普涨 4+7药品采购座谈会纪要透露利好】,格隆汇
2019-07-15,【中信建投医药|行业周报】：药品集采政策底出现， 优选受压低估值品种,菊颖医药观察
2019-07-15,港股V型反弹 三大指数由绿翻红,中证网
2019-07-15,2018医药工业百强名单揭晓，这些药企入围前十,制药网
2019-07-15,【异动股】內地第二轮仿制药将全国招标多只药股持续逆市上升,财华社
2019-07-15,复星医药市场费一年激增25亿 利润结构失衡5年投资收益105亿超净利七成,长江商报
2019-07-14,新股前瞻︱为了上市拼财务表，中国抗体制药不借钱只为降低负债率？,智通财经
2019-07-14,复星医药(02196-HK)旗下上海復宏漢霖獲准來港上市,财华社
2019-07-13,互联网医美平台“更美”寻求IPO，最快第四季度赴美国或香港上市,猎云网
2019-07-12,英百年旅游集团奄奄一息 复星料获旅游业务多数股权,21世纪经济报道
2019-07-12,复星医药子公司赴港分拆上市获证监会核准,资本邦
2019-07-12,复星医药(02196.HK)：复宏汉霖拟发行境外上市外资股获证监会核准,格隆汇
2019-07-12,帕金森病新药！第三代强效COMT抑制剂在美国申请上市，复星医药$1800万引入国内开发,生物谷
2019-07-12,投资者审慎 港股缩量回稳,南方财经网
2019-07-11,科伦药业创仿结合发力自主研发 药物制剂业务销售或超百亿,21世纪经济报道
2019-07-11,锦欣生殖上市遇冷 “不孕不育”蓝海变局隐现,时代周报
2019-07-11,复星医药：药品研发多点开花，业绩有望逐季加速,证券时报网
2019-07-11,【信达看盘】2019.7.11,信达证券上海
2019-07-11,融资客青睐23股，华孚时尚买入占比高达65.30%,Wind
2019-07-10,复星医药(02196)为复星实业(香港)5000万美元贷款提供担保 大额借贷担保,智通财经
2019-07-10,复星医药(02196.HK)向子公司提供不超5000万美元担保 大额借贷担保,格隆汇
2019-07-10,A股市场资金变动一览（7月10日）,Wind
2019-07-10,布局乙肝药品生产线，复星医药大涨6%,富途证券
2019-07-10,6月医药大事件之榜单篇：多样性排名考验药企综合实力,制药网
2019-07-10,港股异动︱收购葛兰素史克苏州公司布局乙肝药品生产线 复星医药(02196)反弹逾4%,智通财经
2019-07-10,港股异动 | 复星医药涨超4% 子公司获乙肝药品生产线,格隆汇
2019-07-10,港股医药板块迅速走高 吉林长龙药业涨近5%,中证网
2019-07-10,港股异动 | 药品股普涨 改革持续推行 获券商看好,格隆汇
2019-07-10,公告解读：中国平安耗资逾5亿元回购股份 累计回购金额己达50亿元,南方财经网
2019-07-09,海外医药新闻发布2019/7/9【西南医药朱国广陈铁林团队】,国广有话说
2019-07-09,复星医药“搅局”百亿乙肝市场，拟2.5亿收购GSK苏州,亿欧网
2019-07-09,复星医药拟2.5亿元娶葛兰素史克（苏州）进门 布局乙肝药市场谋求协同,证券日报
2019-07-09,知名大品种，GSK卖了,赛柏蓝
2019-07-09,复星医药收购GSK苏州公司 能否跻身肝病治疗群雄？,新浪
2019-07-09,复星医药拟收购葛兰史素克(苏州)有限公司,亿欧网
2019-07-09,复星医药子公司购葛兰素史克苏州公司，获治疗乙肝药品生产线,澎湃新闻
2019-07-09,17股获券商买入评级 杰瑞股份目标涨幅达27.36%,Wind
2019-07-09,最新公告透露利好 15只个股有望爆发（07.09）,中金在线
2019-07-08,智通港股公告精选︱(7.8)广发证券上半年非合并净利增31.5%至28.87亿元,智通财经
2019-07-08,2.5亿，复星医药子公司接手GSK苏州工厂（含设施以及批件等）,药通社
2019-07-08,复星医药：拟不超2.5亿元收购股权 新增治疗慢性乙肝药品品种及生产设施等,e公司
2019-07-08,复星医药(02196.HK)子公司拟2.5亿元受让葛兰素史克制药(苏州)100%股权,格隆汇
2019-07-08,复星医药(600196.SH)子公司拟受让葛兰素史克制药苏州100%股权,格隆汇
2019-07-08,复星医药：拟受让葛兰素史克苏州100%股权 新增药品品种,发布易
2019-07-08,复星医药：通过股权转让新增药品品种及相关生产设施 资产异常,Wind
2019-07-08,【中信证券丨消费】2019Q2北向资金消费持仓分析——总体持仓稳定，行业配置略显变化,麦高玩乐游
2019-07-08,复星系生物制药公司复宏汉霖再次闯关港交所,格隆汇
2019-07-08,医药股随大市走弱，中国中药跌超6%,富途证券
2019-07-08,医药股普遍回吐 中生制药跌逾3%石药跌超过2%,新浪
2019-07-08,一周新股|16家公司递表，新股首挂涨逾100%,富途证券
2019-07-08,复宏汉霖更新招股书，坚持港交所上市,亿欧网
2019-07-07,【山证医药】医药行业周报（20190707）：医保控费形势依然严峻，创新药研发热情高涨,山西证券研究所
2019-07-07,医药生物全球视野–西南证券海外医药一周资讯（2019.7.1-2019.7.5）【西南医药朱国广陈铁林团队】,国广有话说
2019-07-07,医疗保健：北上资金增配医疗器械领域,川财证券
2019-07-07,复星医药(02196-HK)控股子公司拟购入力思特制药股权,财华社
2019-07-07,复星医药子公司复宏汉霖赴港上市,赛柏蓝
2019-07-05,复星医药：第八届董事会第二次会议(临时会议)决议公告,上交所
2019-07-05,复星医药旗下复宏汉霖赴港IPO，三年亏10亿元，尚无产品销售收入 亏损,资本邦
2019-07-05,格隆汇港股聚焦(7.05)︱百威亚太全球拟发行16.26亿股用于还债 融创上半年销售额超2100亿元,格隆汇
2019-07-05,复星医药(600196.SH)：复宏汉霖向联交所呈交经更新的上市申请(A1表格),格隆汇
2019-07-05,复星医药(02196)附属以5.796亿元的竞得成都力思特75.9%股权,智通财经
2019-07-05,复星医药(600196.SH)与重药控股订立销售采购协议,格隆汇
2019-07-05,复星医药(02196.HK)：奥鸿药业拟以5.79亿元收购成都力思特股份75.9085%股权,格隆汇
2019-07-05,复星医药(02196.HK)与重药控股订立销售及采购协议,格隆汇
2019-07-05,复星国际(00656-HK)：复宏汉霖已向联交所呈交经更新上市申请,财华社
2019-07-05,【华泰医药代雯团队】《第一批国家重点监控合理用药药品目录》点评：靴子落地,谈医论股丨华泰医药
2019-07-05,华泰证券：靴子落地 第一批监控用药目录出台,证券时报网
2019-07-05,复星医药总裁兼CEO吴以芳：加速创新，提升产品力和品牌力,复星医药
2019-07-04,格隆汇港股聚焦(7.04)︱旭辉控股上半年销售额超884亿元 华泰证券股东国信集团拟继续增持,格隆汇
2019-07-04,港股异动 | 复星医药涨3.73% 子公司实体瘤治疗新药启动III期临床研究,格隆汇
2019-07-04,中生制药续升逾2%领涨蓝筹 暂三连升兼三连阳,新浪
2019-07-04,"医药生物行业:注册申请高增长,审评通过高效率,国产创新药迎来黄金收获期",山西证券
2019-07-04,"创新药盘点系列报告(11):进击的疫苗,深度盘点,重磅迭出",国信证券
2019-07-03,7月3日有67家公司获重要股东增减持 新易盛已被连续减持53次 减持股份,Wind
2019-07-03,郭广昌与以色列创新署长会谈 打造业务发展新生态,新浪
2019-07-03,中国“科”公司之复星VS恒瑞：谁的科研实力更强？,新浪
2019-07-03,解析北大医疗位列社会办医集团百强榜首的战略之道,健康界
2019-07-03,翰森制药上升4.83%兼破顶 一手200万股交叉盘,新浪
2019-07-03,海外医药新闻发布2019/7/2【西南医药朱国广陈铁林团队】,国广有话说
2019-07-03,6月以来，多家药企产品获得美国FDA批准文号,制药网
2019-07-03,复星医药控股股东复星高科技增持2396万股 耗资约5.63亿元,挖贝网
2019-07-03,国航未来几个季度客流量将有所改善,南方财经网
2019-07-02,格隆汇港股聚焦(7.2)︱平安再出资5.2亿元回购 万科上半年合同销售额3340亿元,格隆汇
2019-07-02,复星医药(600196.SH)增持计划期限届满 控股股东累计增持2396.43万股,格隆汇
2019-07-02,复星医药：控股股东增持期限届满，累计增持5.6亿元,Wind
2019-07-01,一批被踢出市场的药品要回来了？百亿销量“神话”难续,新浪医药
2019-07-01,抗抑郁药文拉法辛市场规模达十亿 复星有望首家过评,米内网
2019-07-01,力思特拟7.5亿卖身复星医药谋曲线上市 单一产品贡献近九成销售收入存风险,中国经济网
2019-07-01,【医药】江琦、赵磊：行业点评：看好审评审批改革持续推动下的中国创新药产业发展-20190702,中泰证券研究所
2019-06-30,投资负资产少的公司,红周刊
2019-06-28,海外医药新闻发布20190628【西南医药朱国广陈铁林团队】,国广有话说
2019-06-28,复宏汉霖-B（2696.HK）：可负担的创新，值得期待的IPO？,富途证券
2019-06-28,豪掷7亿“收编”注射剂1类新药，这家药企或迎来第30个过亿单品,米内网
2019-06-28,医疗器械行业薪酬发布 年薪中位数——82万,医药网
2019-06-28,投资地产医药主题基金时，了解这点赚更多！,养基司令
2019-06-28,康哲药业逆市急升近6% 附属获干眼症药大中华商业权,新浪
2019-06-27,戊乙奎醚！复星医药产品成功迭代的又一制胜王牌！,医药地理
2019-06-27,药企加快并购节奏，全球医药版图将产生巨大变化,制药网
2019-06-27,信息速递| 2019年6月27日格林大华信息速递,格林大华期货资讯
2019-06-27,【信达看盘】2019.6.27,信达证券上海
2019-06-26,利空出尽+估值切换，医药板块年底或迎新一轮上涨趋势,第一财经
2019-06-26,外资动向| 北向资金减仓A股 沪深股通净流出9.44亿元,腾讯网
2019-06-26,海外医药新闻发布20190626【西南医药朱国广陈铁林团队】,国广有话说
2019-06-26,商誉超88亿的复星医药，拟7.4亿收购力斯特,和讯
2019-06-26,42股今日获机构买入评级（附股）,证券时报
2019-06-26,港股微升36点市场观望气氛浓厚,财华社
2019-06-26,港股午盘基本平收 零售股、医药股现强势,中证网
2019-06-26,医药板块表现强势，机构：不惧政策扰动，把握高确定性投资主线,第一财经
2019-06-26,陆家嘴早餐(2019年06月26日),国元珠海微智聚金
2019-06-26,A股早报2019年6月26日星期三,Wind
2019-06-26,最新公告透露利好 14只个股有望爆发（06.26）,中金在线
2019-06-26,财经早报：中信证券清仓中信建投 6月回购规模创新高,新浪
2019-06-26,"【中证盘前】定了！科创板第一股发行价24.26元；中信证券拟清仓减持中信建投；新纶科技涉信披违规被证监会立案调查；美三大股指下跌
其他违规处罚",中证报
2019-06-26,联讯早餐荟——6月26日星期三,联讯金融
2019-06-26,华创事件驱动早报6-26：各大厂商5G手机有望陆续上市；两部委部署能源迎峰度夏工作,华创证券研究
2019-06-26,力思特制药：多次冲击上市无果，攀上复星医药能否圆梦？,每日经济新闻
2019-06-26,复星医药：第八届董事会第一次会议(临时会议)决议公告,上交所
2019-06-26,复星医药：2018年度股东大会、2019年第一次A股类别股东会及2019年第一次H股类别股东会决议公告,上交所
2019-06-26,力思特制药拟借复星医药子公司曲线上市,北京商报网
2019-06-26,周三最新重磅公司传闻集锦(6月26日),证券之星
2019-06-25,复星医药(02196)选举任倩为公司监事会主席,智通财经
2019-06-25,复星医药(02196.HK)控股子公司拟不超7.47亿元揽力思特制药97.8251%股权,格隆汇
2019-06-25,A股头条之上市公司公告精选（6.26）,金融界
2019-06-25,公告精选：普洛药业等业绩预增；科融环境拟将注册地搬迁至雄安新区,e公司
2019-06-25,复星医药收购力思特制药 推进外延式扩张战略,新浪
2019-06-25,海外医药新闻发布20190625【西南医药朱国广陈铁林团队】,国广有话说
2019-06-25,复星医药对外投资公告,亿邦动力
2019-06-25,复星医药：子公司拟收购力思特制药97.83%股份,e公司
2019-06-25,复星医药(600196.SH)子公司拟参与挂牌竞购及协议受让力思特制药97.8251%的股份,格隆汇
2019-06-25,医疗保健：医药生物业周报 荐8股,华鑫证券
2019-06-25,"中国""科""公司评选之医药生物技术人员最多:药明康德",新浪
2019-06-25,精优药业急涨近28% 惟被领航医药悉数沽售股份,新浪
2019-06-25,药明生物仍走低逾2% 野村指美国修正案不影响业务,新浪
2019-06-25,【医药-复星医药(600196)】江琦、赵磊：公司点评：收购力思特制药97.83%股权，快速补强产品管线-20190626,中泰证券研究所
2019-06-25,"生物医药行业周报:政策密集推出,短期建议紧抓政策免疫细分领域-190624",平安证券
2019-06-24,41个重磅药，销售额公开（附名单）,赛柏蓝
2019-06-24,管理层震荡 轻研发中恒集团超六成收入挺营销 董监高成员变化,投资时报
2019-06-24,2019中国药品研发综合实力十强揭晓，都是强者！,制药网
2019-06-24,格隆汇港股通5日资金流入流出排行榜 | 6月23日,格隆汇
2019-06-23,女性性功能障碍新药！复星医药$1.05亿引进的产品Vyleesi在美国获批，30分钟起效/持续8小时,生物谷
2019-06-22,格隆汇港股通5日资金流入流出排行榜 | 6月21日,格隆汇
2019-06-21,仿制药品目录建议清单出炉，受益股有哪些？,格隆汇
2019-06-21,复星医药：海外市场取得新突破，首个国产曲妥珠单抗获欧盟上市申请受理,中金在线
2019-06-21,【健康界产业周刊】青蒿素“引爆”资本市场 百济神州与新基“分手”,健康界
2019-06-21,东海证券发布医药行业中期策略：两维度布局,证券时报网
2019-06-21,威高股份急挫逾4% 拟折让最多7%配售9170万股,新浪
2019-06-19,四成A股药企销售费用率超30%,北京商报网
2019-06-19,青蒿素概念股一夜蹿红，昆药集团等多家公司提示风险,第一财经
2019-06-19,恒瑞医药再交新药上市申请 成本或面临上涨压力,新浪
2019-06-19,收评：热点快速轮动沪指高开低走涨0.96% 两市成交额重返5000亿,金融界
2019-06-19,快讯：青蒿素概念表现依旧活跃 昆药集团录得三连板,新浪
2019-06-19,青蒿素概念持续活跃 昆药集团3连板,证券时报网
2019-06-19,"生物医药行业周报:不惧政策扰动,把握高确定性投资主线",平安证券
2019-06-18,6.89亿元！康方生物牵手正大天晴加速PD-1产品上市,新浪
2019-06-18,连续一字涨停！屠呦呦青蒿素研究取得新突破，火了这家上市公司！,中国基金报
2019-06-18,誉衡药业超期回复问询函：巨额商誉悬顶 超6成股份被质押 问询,新浪
2019-06-18,复宏汉霖松江生物医药产业化基地开工,证券时报网
2019-06-18,复宏汉霖松江基地开工 长三角G60科创走廊又一项目落地,中证网
2019-06-18,青蒿素概念股蹿红 多家企业撇清关系,新京报
2019-06-18,收评：两市震荡成交额创4个月新低 创业板指涨近1%黄金股抢眼,金融界
2019-06-18,昆药集团再涨停！青蒿素概念股持续造好，该关注哪些投资机会？,上游新闻
2019-06-18,【信达看盘】2019.6.18,信达证券上海
2019-06-18,医药股沸腾！屠呦呦团队又出重大进展，你该关注哪些投资机会？,国盛证券
2019-06-18,我国出台遏制结核病行动计划 相关研发企业有望受益,证券时报网
2019-06-18,巨丰早评：后市重点关注三类股,巨丰财经
2019-06-18,市场开始下滑产品迭代速度将加快 智能家居“乘风者”乐鑫科技双重承压,中证报
2019-06-18,注入青蒿素医药板块集体“股舞”,重庆商报
2019-06-17,屠呦呦科研进展“引爆”医药股，创新药和科创板成医药行业最大变量,第一财经
2019-06-17,多股涨停！青蒿素概念躁动，医药板块集体沸腾,重庆商报
2019-06-17,青蒿素概念股暴涨，非“重大突破”！非“重大利好”！,新浪医药
2019-06-17,财政部医保局来查账 77家药企有多痛？,财经国家周刊
2019-06-17,诺贝尔奖得主屠呦呦团队再次刷屏！医药股跟风起舞,中投网
2019-06-17,港股收盘(6.17)|恒指冲高回落涨0.4% 香港地产股回暖 黄金板块走弱,智通财经
2019-06-17,屠呦呦团队研究获新突破青蒿素概念股集体大涨,网易
2019-06-17,屠呦呦团队宣布“青蒿素抗药性”难题有了重大进展！ 二级市场闻风而动,全景网
2019-06-17,A股缩量震荡沪指微涨0.2% 医药股表现活跃,中新经纬
2019-06-17,两市成交额创四个月新低,红周刊
2019-06-17,涨停板复盘：2900点关口得而复失 青蒿素概念股受捧,新浪
2019-06-17,青蒿素概念股走强：A股市场大幅缩量震荡，北向资金净流入,澎湃新闻
2019-06-17,收评：两市震荡沪指涨0.2% 金融股护盘医药股强势爆发,金融界
2019-06-17,收评：三大股指冲高回落沪指涨0.2% 医药股表现活跃,新浪
2019-06-17,细数6月以来，那些值得重点关注的医药动态！,制药网
2019-06-17,“青蒿素抗药性”获新突破 十余药企受益股价大涨,新京报
2019-06-17,指数再现分化 华泽退41个跌停刷新A股历史纪录,e公司
2019-06-17,午间综述：2900点压力未化解 A股变盘窗口临近,腾讯网
2019-06-17,巨丰热点：诺奖得主屠呦呦再发布重大科研突破 医药板块活跃,巨丰财经
2019-06-17,巨丰午评：大盘冲高回落 2900点压力未化解,巨丰财经
2019-06-17,屠呦呦团队研究新突破引爆A股青蒿素概念，昆药集团已开展临床试验,21世纪经济报道
2019-06-17,港股盘中涨幅扩大 保险、生物科技等板块领涨,中证网
2019-06-17,青蒿素抗药性难题现突破，中国厂商份额不到1%,第一财经
2019-06-17,【异动股】复星医药(02196-HK)新药获批 曾涨5.3%,财华社
2019-06-17,屠呦呦团队放“大招”后，青蒿素板块集团高开、两股涨停,澎湃新闻
2019-06-17,快讯：股指低开高走 医药矿业股领涨 农业股回落,中国经济网
2019-06-17,港股异动︱屠呦呦团队青蒿素研究获重大突破 复星医药(02196)升逾5%领涨青蒿素概念股,智通财经
2019-06-17,恒指高开 制药股领涨,中证网
2019-06-17,医药生物改革短期镇痛下寻找结构调整中的机遇，维持“增持”评级,格隆汇
2019-06-17,【港股早评：恒指高开0.49%涨逾百点 吉利涨1.64%领涨蓝筹 复星医药高开3.46%】,格隆汇
2019-06-17,屠呦呦团队研究获重大新突破 青蒿素概念2股涨停,金融界
2019-06-17,诺奖得主屠呦呦将再发布重大科研突破，相关概念集锦！,腾讯网
2019-06-17,今天，这个与医药有关的题材值得关注——道达早评,每日经济新闻
2019-06-17,"医药行业2019年半年度投资策略报告:改革春风迎面来,几家欢喜几家愁",渤海证券
2019-06-16,扩大资本市场对外开放下的中国医药投资--医药行业周报（2019.06.10-2019.06.16）,兴证医药健康
2019-06-16,复星医药一创新药获美国FDA快速通道资格 三阴乳腺癌治疗有望取得新突破,中证网
2019-06-16,医疗保健：改革短期镇痛下寻找结构调整中的机遇 荐8股,中泰证券
2019-06-16,复星医药乳腺癌新药获快速通道资格,北京商报网
2019-06-15,【中信证券丨消费】2019年5月社零数据点评——5月如期回升，必需稳健、化妆品亮眼,麦高玩乐游
2019-06-14,经观头条 | 药价究竟能不能降？财政部穿透式查账 直指药企账目重灾区,经济观察网
2019-06-14,药企“砸钱卖药”之华润三九：一年斥资44亿市场推广，研发投入营收占比仅3.7%,华夏时报
2019-06-14,【泰有财·研究服务】 每日资讯,中泰金融国际
2019-06-14,港股异动 | 生物科技板块普涨 金斯瑞升逾3%领涨,格隆汇
2019-06-14,港股生物制药板块逆市走强,中证网
2019-06-14,牛市早报｜科创板首批企业两个月内上市，中签率超高新股来了,澎湃新闻
2019-06-14,最新公告透露利好 16只个股有望爆发（06.14）,中金在线
2019-06-13,格隆汇港股聚焦(6.13)︱新华保险前5月原保费收入升9.49%至598.03亿元 中国银行称中银金科今日挂牌开业,格隆汇
2019-06-13,公告汇总：兰石重装五涨停提示风险,网易
2019-06-13,A股头条之上市公司公告精选（6.14）,金融界
2019-06-13,13日晚公告精编丨第三家股份行获批筹建理财子公司，斯尔邦拟作价110亿元借壳上市,21经济网
2019-06-13,格隆汇6月13日晚间公告速递丨复星医药阿伐曲泊帕片获批临试 中联重科今再回购844万股A股,格隆汇
2019-06-13,437家药企被并购（附名单）,汇聚南药
2019-06-13,格隆汇个股放量排行榜 | 6月13日,格隆汇
2019-06-13,复星医药：子公司药品阿伐曲泊帕片获临床试验批准,e公司
2019-06-13,复星医药(02196.HK)：阿伐曲泊帕片用于治疗CIT临床试验获批,格隆汇
2019-06-13,未雨绸缪构建大健康价值链闭环 延安必康不惧政策调整,中金在线
2019-06-13,2019以来，百家国内外药企高层发生人事变动,制药网
2019-06-13,5月医药大事件之榜单篇：药企营收、净利润等排名陆续公布,制药网
2019-06-12,实控人签订虚假合同套取3294.87万元？贵州益佰制药收警示函 其他违规处罚,21世纪经济报道
2019-06-11,传复星国际为时尚集团寻求1亿美元投资,无时尚中文网
2019-06-11,稽查77家药企 医药行业能否“固本还原”,经济观察报
2019-06-11,4000亿市值药企诞生、创新药获FDA首肯背后：中国医药产业2019年的这些“第一次”,E药经理人
2019-06-11,恒瑞医药一年差旅费超9亿，A股医药“市值一哥”64亿销售费砸到哪？,华夏时报
2019-06-11,销售投入占50%研发支出不足5% 中药企业缘何重销售轻研发,财经网
2019-06-11,复星集团星未来资本执行总经理苏伟萍确认出席FUS猎云网2019年度医疗健康产业峰会,猎云网
2019-06-11,药企收购频发，”瘦身“自救为保身！,医药手机报
2019-06-10,新京报：对药企财务问题核查是切实回应民生之举,新京报
2019-06-10,奥赛康学术推广费超24亿 264名销售员每天花费近3万,长江商报
2019-06-10,四环医药涨近3% 新药临床试验文献获刊登,新浪
2019-06-10,医疗保健：医改政策密集推出 政策扰动下聚焦影像及口腔及创新产业链,平安证券
2019-06-10,医药生物 | 改革阵痛期，寻找结构调整中的机遇,中泰证券研究所
2019-06-06,闪崩又来了！仙股再次出现，严监管下如何防雷？,Wind
2019-06-06,20家国内外药企占据中国医院药品市场多数份额,制药网
2019-06-06,财政部“查账”医药企业 助推药企培育核心竞争力,央视
2019-06-06,复星集团：将持续加强在国内的投资,中国金融信息网
2019-06-06,【信达看盘】2019.6.6,信达证券上海
2019-06-06,【联讯富瑞市场观察】“穿透式”监管吓倒医药股,联讯金融
2019-06-05,剑指销售费用，77家药企被查账！钱，都去哪了？,澎湃新闻
2019-06-05,高开低走 避险情绪升温,国元财富管理
2019-06-05,复星董事长郭广昌：面对全球市场波动怎么办,第一财经
2019-06-05,大盘向下或是烟雾弹,中财网
2019-06-05,财政部要查账 奥赛康、步长制药等销售费用占比超过30%,第一财经
2019-06-05,中生制药下跌近11% 中央拟扩大药物集中采购,新浪
2019-06-05,财政部“穿透式”监管查账 揭开药企销售费畸高“遮羞布”,第一财经
2019-06-05,港股医药板块遭重挫 机构建议关注三大投资主线,中证网
2019-06-05,港股医药板块午后跌幅扩大,中证网
2019-06-05,港股医药股跌势扩大 中国生物制药(1177.HK)大跌超8%,格隆汇
2019-06-05,不到两天市值蒸发1400亿！医药股怎么了？ 连续下跌,中证报
2019-06-05,77家药企“穿透式”检查风暴掀翻医药板块 天士力股价闪崩逼近跌停 连续下跌,21世纪经济报道
2019-06-05,北上资金持续净流入 三大ETF指数基金大幅吸金,e公司
2019-06-05,港股异动︱财政部将稽查77家药企 中生制药(01177)挫逾5%领跌医药股,智通财经
2019-06-05,77家药企被检查：500亿市值“吓”没后，医药股再度大跌,上游新闻
2019-06-05,复星医药股价大跌5.02% 股价创4个月以来新低,中金在线
2019-06-05,中生制药下跌2.5%暂最差蓝筹 内地推进药品集中采购,新浪
2019-06-05,【权益变动】复星医药(02196-HK)被贝莱德减持106.3万股,财华社
2019-06-05,部分医药股大跌 财政部检查77家药企会计信息影响发酵,格隆汇
2019-06-05,医药板块单边下行 恒瑞医药、复星医药等跌逾4%,e公司
2019-06-05,【产品】【行业公司研究】第77期—上海复星高科技(集团)有限公司,兴业研究
2019-06-05,药企“穿透式”查账风暴袭来 剑指销售费用虚高和财务不真实,21世纪经济报道
2019-06-04,【投行参要】每日审核要点及市场动态 | 2019.06.04,兴业证券兴e通
2019-06-04,监管局查账 77 家药企！销售费用 Top20 企业有 7 个,Insight数据库
2019-06-04,一个都不能少！强监管“排雷”，这类股被资金抛弃,Wind
2019-06-04,医药行业迎来1个月的检查工作，销售费用成重点,制药网
2019-06-04,财政部检查77家药企会计信息：27家A股、1家港股和3家美股或受影响,格隆汇
2019-06-04,【财政部检查77家药企会计信息：27家A股、1家港股和3家美股或受影响】,格隆汇
2019-06-04,医药板块受冲击？财政部将检查77家药企销售费用，实行“穿透式”监管，多家明星药企在列,e公司
2019-06-04,医药股跌幅扩大 财政部将抽检77家公司会计信息质量,上游新闻
2019-06-04,石药集团走低逾3% 暂跌幅最大国指股,新浪
2019-06-04,是否存在药品回扣？财政部将对77家药企进行稽查,北青网
2019-06-04,医药股普跌 医药行业会计信息质量检查正在进行,格隆汇
2019-06-04,财政部会同医保局将开展医药行业会计信息质量检查工作，A股多家上市药企在检查名单中,财政部
2019-06-04,财政部开展2019年度医药行业会计信息质量检查工作 多家上市公司在列,财政部
2019-06-03,平安证券：医药行业防御性战略配置价值突出,新浪
2019-06-03,"李嘉诚""弃壳""长园集团暴雷格力集团偷鸡不成蚀把米?",新浪
2019-06-03,上交所三大指数样本股调整,全景网
2019-06-03,国海证券：复星医药买入评级,国海证券
2019-06-03,操盘必读｜易会满：A股市场估值处历史低位；美股5月大跌；稀土概念集中“示警”,上游新闻
2019-06-03,3日公司新闻聚焦：招商局控股辽港集团 中国宝武将控股马钢集团,证券时报网
2019-06-03,【中证盘前】易会满：中国资本市场韧性在增强；美股5月大跌，创今年最差月度表现；宝武正式重组马钢；稀土概念股集中提示风险,中证报
2019-06-02,医疗保健：创新和升级是最确定的大趋势 荐8股,中泰证券
2019-06-01,恒瑞PD-1获批，百济神州新适应症受理！百亿研发费用下，新一轮市场争夺战要这样打？,E药经理人
2019-06-01,【国金行业纵横】中国医药研发蓬勃兴起：转型、创新、发展 | 第22期,国金证券研究所
2019-06-01,公告点题｜5月31日这些公告有看头,第一财经
2019-05-31,智通港股公告精选︱(5.31)安踏体育否认沽空机构指控,智通财经
2019-05-31,格隆汇港股聚焦(5.31)︱安踏体育澄清沽空报告 中国平安再增持工商银行约1.11亿股H股,格隆汇
2019-05-31,公告精选：长园集团被证监会立案调查；多个稀土概念股连续涨停提示风险 其他违规处罚,e公司
2019-05-31,最新一致性评价排行榜！复星、齐鲁并列第一,Insight数据库
2019-05-31,上市公司中的“潜力股”在哪里？数据显示长三角最多,上观
2019-05-31,公告点题｜今晚这些公告有看头（更新中）,第一财经
2019-05-31,复星医药：控股子公司生产线通过美国FDA现场检查,e公司
2019-05-30,不甘示弱！6家药企巨头2018营收增速超20%,制药网
2019-05-30,励晶太平洋逆市飙升8% 拟收购大麻电商平台,新浪
2019-05-30,远离雷区的优质民企都有哪些特征？,国泰君安证券研究
2019-05-30,复星国际：下跌后频繁回购 能否拯救低迷的股价？,面包财经
2019-05-29,标普：复星国际所投公司若IPO将改善资产流动性和多样性,观点地产网
2019-05-29,比起步长制药和珍宝岛 这家药企销售费用占比更高,南都报
2019-05-28,复星医药(02196.HK)拟为子公司复星实业贷款提供担保 大额借贷担保,格隆汇
2019-05-28,生物医药企业领跑 创新企业冲关科创板,中国医药报
2019-05-28,中生制药获德银吁买入 现飙近3%,新浪
2019-05-27,科创板系列报告之医疗器械篇：拟登录科创板五家代表性器械公司对比,国广有话说
2019-05-27,迈瑞医疗并购改写模仿基因 但也埋下负债和商誉的高风险,中金在线
2019-05-27,格隆汇港股通5日资金流入流出排行榜 | 5月26日,格隆汇
2019-05-26,医疗保健：医药板块攻守兼备 荐7股,中泰证券
2019-05-25,格隆汇港股通5日资金流入流出排行榜 | 5月24日,格隆汇
2019-05-24,投入需加强？ A股年入50亿药企仅4家研发占收入比超10%,财经网
2019-05-24,一致性评价：又一品种3家满员16种获承办 科伦药业添新丁,新浪
2019-05-24,科创板估值系列报告： 节能环保及医药生物行业估值分析,格隆汇
2019-05-24,步长制药销售费用占营收59%低于同行水平 商誉两年未减少转型大健康,长江商报
2019-05-24,格隆汇港股通5日资金流入流出排行榜 | 5月23日,格隆汇
2019-05-23,步长制药回复年报问询函 医药行业销售费用和研发投入受关注 问询,金融界
2019-05-23,复星医药(02196.HK)为控股子公司钟吾医院3000万元综合授信提供担保 大额借贷担保,格隆汇
2019-05-23,步长制药如何花掉80亿销售费？深夜回复可不简单！,新浪
2019-05-23,"医药生物行业2019q1业绩前瞻-2019q1医药板块整体增长稳健,个股业绩持续分化",正点财经
2019-05-22,步长制药回复上交所13问 辩称中药注射液安全有效 问询,e公司
2019-05-21,格隆汇港股聚焦(5.21)︱石药一季度纯利增近三成 研发投入4.61亿元,格隆汇
2019-05-21,科创板系列之一：科创板创新药估值探讨【西南医药朱国广陈铁林团队】,国广有话说
2019-05-21,5月21日上市公司晚间公告速递,新浪
2019-05-21,复星医药(02196.HK)：利妥昔单抗注射液获药品注册补充申请受理,格隆汇
2019-05-21,复星医药：控股子公司获药品注册补充申请受理,e公司
2019-05-21,创新药板块拉升 冠昊生物冲击涨停,证券时报网
2019-05-21,21日公司新闻聚焦：多只华为概念股提示风险,证券时报网
2019-05-21,华创事件驱动早报5-21：食品安全工作受高度重视；电解液价格上涨在即,华创证券研究
2019-05-21,细分行业分化较大 关注三大主线,财富动力网
2019-05-21,云南白药盈利能力承压 陈发树迎新考验,时代周报
2019-05-20,格隆汇港股聚焦(5.20)︱小米一季度经调整净利升22.4%至20.81亿元 国际市场收入同比增34.7%,格隆汇
2019-05-20,复星医药：控股子公司获药品GMP证书,e公司
2019-05-20,复星医药(02196.HK)子公司获抗感染药物药品GMP证书,格隆汇
2019-05-20,寻找强内需与科创板的最大公约数 --医药行业周报（2019.05.13-2019.05.19）,兴证医药健康
2019-05-20,营收8501亿销售费用超2000亿 A股医疗赛道还有哪些绊脚石,每日经济新闻
2019-05-19,北向资金单周净流出190亿，行业细分龙头大白马成“最爱”,每日经济新闻
2019-05-19,23药企薪酬公布：华润、恒瑞、九州通…（附名单）,汇聚南药
2019-05-19,复星医药高管汪曜拟减持股份 去年利润减少13.33% 减持股份,挖贝网
2019-05-19,百亿营收药企薪酬大比拼：这10家员工年薪超15万 最大雇主揭晓,米内网
2019-05-19,医疗保健：医保基金扩容 荐7股,中泰证券
2019-05-17,上市公司布局健康产业 医院并购热度仍盛,财经网
2019-05-17,复星医药(02196.HK)副总裁汪曜拟减持不超1.25万股公司A股,格隆汇
2019-05-17,复星医药：高级管理人员拟减持不超过1.25万股公司A股股份 减持股份,Wind
2019-05-16,迷幻！港股大牛市，它却暴跌74%，要来科创板的复旦张江你怎么看？,读懂财经
2019-05-16,格隆汇港股通5日资金流入流出排行榜 | 5月15日,格隆汇
2019-05-15,社保基金一季度新建仓股票（附名单）,证券时报
2019-05-14,一致性评价最新进展：受理号达1082个，通过187个品种目录,汇聚南药
2019-05-14,格隆汇个股放量排行榜 | 5月14日,格隆汇
2019-05-14,中信证券：看得见的成长 坚守消费配置,证券时报网
2019-05-14,美股一夜蒸发8万亿 哪些品种有望成为A股避风港,第一财经
2019-05-14,A股迎多空大对决时刻 目前位置应不惧下跌 一板块或成避风港,证券时报网
2019-05-14,消费｜看得见的成长，坚守消费配置：2019年下半年投资策略,中信证券研究
2019-05-14,生物医药行业周报:生物制品和医疗服务子行业继续维持高景气,平安证券
2019-05-13,多元化背后的发展逻辑,中国经营报
2019-05-13,关注避风港，把握黄金坑--医药行业周报（2019.05.06-2019.05.12）,兴证医药健康
2019-05-13,恒瑞、石药、复星等8家最赚钱药企大比拼,赛柏蓝
2019-05-12,【西南医药】美年健康（002044）：全年业绩符合预期，短期质控费用上升,国广有话说
2019-05-11,用时间积累做“难”和“对”的事情 访复星国际执行董事、联席总裁徐晓亮,中国经营报
2019-05-10,格隆汇个股放量排行榜 | 5月10日,格隆汇
2019-05-10,什么是高手？买的股票一半是龙头，股价还翻倍,每日经济新闻
2019-05-10,2019年步长制药战略成效更显，销售费用已降至第6位,证券之星
2019-05-10,【国金研究】“证金公司”持仓专题：Q1投资路线图浮现，规模8562.5亿，“金融建筑”集中,国金证券研究所
2019-05-10,格隆汇港股通5日资金流入流出排行榜 | 5月9日,格隆汇
2019-05-09,上海新世纪资信评估维持复星医药(600196)主体及债项AAA信用等级，展望稳定。,中国金融信息网
2019-05-09,2018年中国医药健康产业上市企业创新能力TOP100,新浪医药
2019-05-09,港股异动丨医药板块普跌 中生物制药跌逾4%,格隆汇
2019-05-09,2018年A股药企研发投入概况回顾,药渡
2019-05-09,医药板块估值重塑性价比优势凸显 六股值得关注,证券时报网
2019-05-08,未来垄断性医药股有哪些,云掌财经
2019-05-08,"国家队猛买15股 券商高喊""不要砍仓""",证券时报
2019-05-08,2018年中国医药上市公司排行榜,医药魔方
2019-05-07,去年A股药企销售费用2500亿，研发费用仅340亿，这是行业共性吗？,e公司
2019-05-07,纳川股份参股基金拟7.4亿出让星恒电源部分股权 后者正筹备IPO,每日经济新闻
2019-05-07,生物医药公司 加大研发投入成趋势,中证报
2019-05-07,2018年仅25家上市药企亏损 医药行业整体承压,新京报
2019-05-06,【平安医药】医药行业2018年年报及2019年一季报综述：2018Q4利润增速承压，医药子行业持续分化,A叶寅A医药行业研究
2019-05-06,【中证盘前】上交所12问康美药业！近300亿元如何“失踪”？开尔新材半年报预增90倍；广州浪奇发力工业大麻应用；两公司遭立案调查,中证报
2019-05-06,A股药企年报季结束，哪些高管、员工薪酬较高？,制药网
2019-05-06,A股疫苗龙头研发投入PK！哪些重磅疫苗最值得期待？,格隆汇
2019-05-06,最新药审动态：复星又来重磅抗癌生物类似药 3个亿级产品通过评,药智网
2019-05-06,复星旅文飙近6%兼破顶 两日暂累升10.3%,新浪
2019-05-06,6日公司新闻聚焦：康美药业遭监管问询 广州浪奇发力工业大麻应用,证券时报网
2019-05-06,完整版内容仅限VIP客户查阅，如需获取相应权限，请联系文末销售人员。,兴业研究
2019-05-06,【医药-复星医药(600196)】江琦、赵磊：2019Q1点评：持续加大研发投入，归母净利润企稳小幅增长0.92%-0429,中泰证券研究所
2019-05-06,“最贵董事长”易主 11名高管薪酬超千万,信息时报
2019-05-05,【华金证券晚间资讯（20190505）】,华金研究
2019-05-05,板块分化后的投资策略 ——兴证医药2019年5月投资月报,兴证医药健康
2019-05-05,『医药头条君』抗逆转录病毒治疗下HIV病毒感染零风险,新浪
2019-05-05,【国盛医药张金洋团队】年报季报验证医药从野蛮扩张到结构优化，继续推荐医药流通,国医盛视
2019-05-05,11家药企研发投入破10亿！4家超过20亿,制药网
2019-05-04,复星医药一季度净利7.1亿元同比增长1% 现金流量净额为4.1亿元,挖贝网
2019-05-03,【港股异动 | 港交所新上市制度改革一周年 生物科技股普涨】,格隆汇
2019-05-03,港股医药股小幅走高 绿叶制药涨超4%,证券时报网
2019-05-01,437家药企被并购（附名单）,赛柏蓝
2019-04-30,格隆汇港股聚焦(4.30)︱重庆银行一季度净利润升9.9%至12.32亿元,格隆汇
2019-04-30,A股头条之上市公司公告精选（5.1）,金融界
2019-04-30,公告精选：运达股份中标重大项目；药明康德股东拟减持不超11.93%股份,e公司
2019-04-30,复星医药：子公司获药品临床试验申请受理,e公司
2019-04-30,复星医药(02196.HK)：凯茂生物治疗肾性贫血药物获药品临床试验申请受理,格隆汇
2019-04-30,细数2018年研发投入超10亿的中国药企,制药网
2019-04-30,医疗保健：市场大幅调整 关注有基本面支撑的优质个股,和讯
2019-04-30,平地一声雷！康美药业年报姗姗来迟 营收多计88.98亿,21世纪经济报道
2019-04-30,复星医药：第七届董事会第八十四次会议(定期会议)决议公告,上交所
2019-04-30,545股北向资金加仓 两大神奇规律将再显灵 5月看好两板块（名单）,证券时报网
2019-04-30,复星国际联席总裁、复星医药董事长陈启宇谈复星对产业投资的3次定义,晨哨网
2019-04-29,复星医药：一季度净利润同比增0.92%,Wind
2019-04-29,复星医药(02196-HK)首季多赚近1%,财华社
2019-04-29,复星医药(02196.HK)一季度归母净利润增长0.92%至7.12亿元,格隆汇
2019-04-29,复星医药(02196.HK)注册资本将减少至25.63亿元,格隆汇
2019-04-29,医疗保健：带量采购执行情况超预期 荐9股,和讯
2019-04-29,后“年报季”聚焦高景气领域，关注业绩增长可持续性｜【光大医药·周报】,医心医意要健康
2019-04-29,上证50指数涨超1%,每日经济新闻
2019-04-29,【医药-复星医药(600196)】江琦、赵磊：公司点评：创新研发平台接连发力，报产国内首个曲妥珠单抗生物类似药-20190426,中泰证券研究所
2019-04-29,【山证医药】医药行业周报（20190427）：市场大幅调整，关注有基本面支撑的优质个股,山西证券研究所
2019-04-28,医疗保健：带量采购进入落地阶段 荐4股,和讯
2019-04-28,你能搞来一支麻风疫苗嘛？你会眼红吴晓滨1.4亿年薪吗？,券商中国
2019-04-28,【国盛医药张金洋团队】详解2019Q1机构医药持仓，继续推荐医药流通,国医盛视
2019-04-27,格隆汇港股回购榜 | 4月26日,格隆汇
2019-04-26,复星医药(02196.HK)4月26日耗资171.12万元回购16.24万股A股,格隆汇
2019-04-26,国药在线获3亿元B轮融资 将布局医药新零售,亿邦动力
2019-04-26,一村资本等投资国药在线3亿元B轮融资,投中网
2019-04-26,药企子公司上市 业内：分拆成为行业一种趋势,制药网
2019-04-25,格隆汇港股聚焦(4.25)︱中国人寿一季度净利升92.6%至260.34亿元,格隆汇
2019-04-25,中信证券：建议持续配置消费龙头，短期聚焦一季报表现,证券时报网
2019-04-25,"医药生物行业跨市场周报:医保目录调整方案落地,创新药放量预期加速",光大证券
2019-04-24,康美药业沉浮录：多次行贿 财务报表疑似造假遭立案,21世纪经济报道
2019-04-24,药师帮遭“封杀”背后： 医药B2B低价串货酿成药企心头大患？,第一财经日报
2019-04-24,"迈瑞医疗:业绩持续稳健增长,平台型器械龙头地位无可撼动",联讯证券
2019-04-23,第二批带量采购55品种已排队（附名单）,赛柏蓝
2019-04-22,又一家三级公立医院，或被复星医药拿下,医药网
2019-04-22,有意收购托马斯库克集团？复星称对市场传闻不予评论,新京报
2019-04-22,医疗保健：医保目录调整方案发布 荐6股,长城证券
2019-04-22,医保目录调整方案落地，创新药放量预期加速｜【光大医药·周报】,医心医意要健康
2019-04-22,65个过评基药迎利好！40个独家过评 9个年销超50亿,米内网
2019-04-19,“国家队”去年四季度新进18股,大众证券报
2019-04-19,300亿爆款基金回本！3500点成立，3200点赚了14亿,小波思基
2019-04-19,「医药速读社」FDA警告：安进重磅骨质疏松症药增加脊柱骨折风险,新浪
2019-04-19,一致性评价最新进展：受理号达1051个 通过183个 视同通过65个,药智网
2019-04-19,上市公司高管薪酬大起底：方大特钢董事长3169万居榜首,经济观察网
2019-04-19,又一家三级公立医院被上市公司改制,新浪
2019-04-19,355家上市公司高管薪酬总额过千万 方大特钢中信证券居前两名,证券日报
2019-04-18,格隆汇港股聚焦(4.18)︱中国人寿一季度净利润预增80%-100%至243.32亿-270.36亿元,格隆汇
2019-04-18,中信证券：3月社零超预期 建议持续配置消费龙头,证券时报网
2019-04-18,生物医药抢跑科创板 最受益的PE/VC排名,格隆汇
2019-04-17,格隆汇港股聚焦(4.17)︱吉利汽车获Zhejiang Geely Holding Group增持5503万股,格隆汇
2019-04-17,【中信证券|消费】3月社零超预期，地产相关行业回升最显著,麦高玩乐游
2019-04-17,复星医药(02196.HK)拟联手锦州市政府共建锦州市第二医院 拓展大健康产业布局,格隆汇
2019-04-17,复星医药：与锦州市人民政府签订合作共建锦州市第二医院框架协议,Wind
2019-04-17,郭广昌原高级秘书汤晶莹接棒复星系旗下多家公司,腾讯网
2019-04-17,医疗保健：抓住增速快和发展趋势中的医药子行业 荐8股,和讯
2019-04-17,券商看好医药板块 多只医药指数估值仍待修复,信息时报
2019-04-17,国内药物市场蓝海-自身免疫的药王,药渡
2019-04-17,【港股异动 | 控股子公司获欧盟药品GMP证书 复星医药高开3.45%】,格隆汇
2019-04-17,财富早知道【4月17日】,中金在线
2019-04-16,格隆汇港股聚焦(4.16)︱中国人保一季度原保险保费收入升13.6%至1932.32亿元,格隆汇
2019-04-16,复星医药(02196.HK)控股子公司获欧盟药品GMP证书,格隆汇
2019-04-16,平安证券：继续看好影像、口腔和创新药三大主线,证券时报网
2019-04-16,93个重点产品中标价与医疗机构采购量曝光,米内网
2019-04-16,医药生物行业动态:复星医药引进细胞疗法研发管线,上海证券
2019-04-15,复星医药关于向合营公司提供委托贷款暨关联交易的公告,亿邦动力
2019-04-15,【平安医药】生物医药行业周报：继续看好影像、口腔和创新药三大主线,A叶寅A医药行业研究
2019-04-15,医疗保健：继续看好影像及口腔和创新药三大主线 荐6股,平安证券
2019-04-15,恒指报29910.000点 影视娱乐板块领涨,腾讯网
2019-04-15,建议关注医药国改机会，港股医药配置价值凸显｜【光大医药·周报】,医心医意要健康
2019-04-15,42个品种有望进入第二批4+7（附名单）,赛柏蓝
2019-04-13,复星医药利润含金量远低于恒瑞,证券市场周刊
2019-04-13,估值550亿元“闯关”IPO 豪森药业上市梦再进一步,新浪
2019-04-12,消费｜CPI上行，超市板块配置热情预计提升,中信证券研究
2019-04-11,格隆汇个股放量排行榜 | 4月11日,格隆汇
2019-04-10,格隆汇个股放量排行榜 | 4月10日,格隆汇
2019-04-10,人福医药否认分拆 但传统药企热衷分拆成趋势,第一财经
2019-04-10,再孵个金蛋，A股刮起分拆上市风,钱江晚报
2019-04-10,港股异动︱子公司药品通过一致性评价且获两种新药独家授权 复星医药(02196)逆市涨超5%,智通财经
2019-04-10,复星、人福、海王生物等3品种通过一致性评价,药智网
2019-04-10,港股异动丨旗下两子公司收获利好 复星医药涨逾4%,格隆汇
2019-04-10,受理企业再增5家 马云雷军现身 逾八成公司钟爱“标准一” 15家“已问询” 上海本地企业研发优势明显,中证报
2019-04-10,复星医药董事长陈启宇：推动优质子公司对接科创板,Wind
2019-04-10,疯狂！近70亿抢一只白马股资金短线躁动成反向指标,中财网
2019-04-10,复星医药董事长陈启宇：推动优质子公司对接科创板,中证报
2019-04-10,燃料电池板块行情现三大新变化 7只概念股连涨5天及以上,证券日报
2019-04-09,格隆汇港股聚焦(4.9)︱中信证券3月非合并净利润升56.05%至13.85亿元,格隆汇
2019-04-09,9800000000元 网传雷军去年薪酬至少98亿元？,新浪
2019-04-09,A股头条之上市公司公告精选（4.10）,金融界
2019-04-09,公告精选：多家券商3月业绩环比大增；吉比特拟10派100元；同花顺多名股东拟合计减持不超7.76%股份,每日经济新闻
2019-04-09,复星医药(02196.HK)董事会会议审议通过子公司投资不超10亿元于上海建医药产业化基地,格隆汇
2019-04-09,"复星医药(02196.HK)：拟投不超10亿元于""复宏汉霖生物医药产业化基地(二)""一期项目第一阶段",格隆汇
2019-04-09,复星医药(02196.HK)：沈阳红旗抗结核病药异烟肼片通过仿制药一致性评价,格隆汇
2019-04-09,断崖减量2268亿反抽 周线调整明天正式展开,中金在线
2019-04-08,亚宝药业（600351.SH）收到4.66亿纾困资金 公司流动负债占比超90% 偿债能力下降,格隆汇
2019-04-08,被埋没的医药股,和讯
2019-04-08,医疗保健：修复或将持续 荐15股,和讯
2019-04-08,【天风医药】一周医讯：看好医药板块行情，重点关注生物类细分领域及医药大消费投资机会,思医辨药
2019-04-08,医疗保健：带量采购进入落地阶段 荐5股,和讯
2019-04-08,【平安医药】生物医药行业周报：关注一季度业绩，继续推荐细分领域龙头,微信
2019-04-06,【榜单】2018年研发投入过10亿的中国药企,微信
2019-04-05,重点城市公立医院化学药终端竞争格局变化,米内网
2019-04-04,【研发】步长制药阿达木单抗类似药进入I期临床,米内网
2019-04-04,医疗保健：国家组织药品集中采购和使用试点方案发布,和讯
2019-04-03,最新药企身价排行榜出炉 千亿市值上市企业仅剩三席,健康界
2019-04-03,逾千家机构扎堆三公司 外资减持大智慧错失暴涨,证券时报
2019-04-03,复星国际调整组织架构为“1+N” 多个产业板块准备上市,证券日报
2019-04-02,兴证·私募与企业部今日推荐汇总-2019.4.2,A股组合投资策略
2019-04-02,中信证券：继续看好大消费，消费七大行业最新观点,证券时报网
2019-04-02,【晨会聚焦】4月资产配置观：一波三折，去伪存真,中泰证券研究所
2019-04-02,【医药】江琦、祝嘉琦（研究助理）：2019年4月月报-医药创新是大方向，关注Q1高增长的优质公司-20190401,中泰证券研究所
2019-04-01,【平安医药】生物医药行业周报：业绩仍是驱动个股分化主要力量 盈利能力下降,A叶寅A医药行业研究
2019-04-01,如何实现3个月赚50%以上？ 扒一扒公募基金的隐形重仓股,天天基金网
2019-04-01,医疗保健：2019Q1医药板块整体增长稳健 荐9股,和讯
2019-04-01,【中信证券┃消费】如期接力上涨，还将继续,麦高玩乐游
2019-04-01,封树标：资本市场步入大发展黄金期,中证网
2019-04-01,医药企业千亿市值俱乐部仅剩3家！5家掉队,制药网
2019-04-01,复星国际(0656.HK)：生态布局初显成效，投资聚焦注重科创,格隆汇
2019-04-01,消费｜如期接力上涨，还将继续,中信证券研究
2019-04-01,中国生物制药2018业绩：3大领域齐发力，收入增长40%，4款产品收入破10亿元,医药魔方
2019-04-01,50%以上回报怎么来的？挖掘他们的隐形重仓股(股),中财网
2019-04-01,QFII布局A股路线图曝光 锁定35家公司青睐医药等三行业,证券日报
2019-03-31,复星医药29个产品年销过亿,米内网
2019-03-31,恒瑞市值涨超400亿 11家药企跌出500强,E药经理人
2019-03-31,一季度基金回报喜人！最高斩获56%收益 冠军基金经理看好这两大板块,中证报
2019-03-30,复星国际去年营收首破千亿元 公司高管阐释未来投资运营方法论,每日经济新闻
2019-03-30,复星医药：第七届董事会第八十二次会议(临时会议)决议公告,上交所
2019-03-29,A股头条之上市公司公告精选（3.30）,金融界
2019-03-29,公告精选：雏鹰农牧、正邦科技一季度大幅预亏；三钢闽光年报拟10转5派20元,每日经济新闻
2019-03-29,复星医药陈启宇：首个生物类似药比原研价格低三成，复星有成本和盈利的信心,21世纪经济报道
2019-03-29,康崇利：慢牛已开启 沪指年内有望到3500点,金融界
2019-03-29,全球“药王”修美乐或遇危机 诺华苏金单抗即将国内上市,米内网
2019-03-29,复星医药(600196.SH)拟申请发行不超100亿元公司债券,格隆汇
2019-03-29,汇丰：升复星医药(02196.HK)目标价至36.2港元 去年业绩符预期,格隆汇
2019-03-29,“颜值经济”兴起，医美器械龙头复锐医疗科技（1696.HK）实现稳定增长,格隆汇
2019-03-29,医疗保健：结构调整下多数公司进入价值区间 荐8股,和讯
2019-03-29,2018年盈利创新高 2019复星要投什么,第一财经
2019-03-28,复星国际陈启宇：希望复星系创新企业能够借助科创板更快速发展,每日经济新闻
2019-03-28,医疗保健：科创板概念持续火热 荐11股,和讯
2019-03-28,恒指低开0.23%报28663点 新东方在线上市首日平开,腾讯网
2019-03-28,2019年医疗服务资本市场报告：弱周期，新起点,动脉网
2019-03-28,郭广昌：年轻人都很努力 继续看好中国,新浪
2019-03-28,"复星医药:业绩低于预期,创新带来希望",西南证券
2019-03-27,深读复星：产业大生态和投资大风口,环球老虎财经
2019-03-27,【安信非银】复星国际年报点评：生态布局初显成效，投资聚焦注重科创,新角度新金融
2019-03-27,复星国际去年营收首破千亿元 郭广昌：投资将以控股型为主,每日经济新闻
2019-03-27,【国信医药|年报点评】复星医药（600196.SH）：利润触底回升，生物药扬帆起航,GuosenHealthcare
2019-03-27,医疗保健：科技创新将成为主旋律 荐6股,和讯
2019-03-27,2019中国创新药全球化布局 信达等企业取得突破性进展,药明康德
2019-03-27,【国金研究】保险资金专题：险资如何配置A股及其相关特征,国金证券研究所
2019-03-27,复星医药净利润下滑 研发费用上升投资收益减少是主因？ 盈利能力下降,号外财经网
2019-03-27,复星医药去年净利27.08亿同比减13% 董事长陈启宇年薪1425万元 盈利能力下降,挖贝网
2019-03-27,2018年复星国际总收入首破千亿元，投资近半数是海外项目,澎湃新闻
2019-03-27,复星医药CEO吴以芳：复宏汉霖Ｈ股上市策略不变 正认真研究科创板,证券日报
2019-03-27,遇研发阵痛 复星医药四年来净利首次下滑 盈利能力下降,北京商报
2019-03-26,复星国际2018年净利134亿元 连续7年保持增长,证券时报
2019-03-26,复星国际2018年总收入首破一千亿元,中证网
2019-03-26,复星国际(00656.HK)2018年净利升1.86%至134.06亿元 每股派息0.37港元。,格隆汇
2019-03-26,医疗科技行业头名独角兽，微医决定再次组织升级,北国网
2019-03-26,【中信建投医药】复星医药(600196)简评：研发投入充分， 创新逐步兑现,菊颖医药观察
2019-03-26,复星系“拧紧过日子” 近期密集减持6家上市公司,新京报
2019-03-26,复星医药年度报告：全年归母净利润27.08亿元 同比下降13.33%,新浪
2019-03-26,复星前高管辞职2年首发声：已退出复星国际顶层架构 董监高成员变化,新京报
2019-03-26,复星医药2018增长最快为药品制造与研发 总营收则为249.18亿元,经济观察网
2019-03-26,复星医药（600196）：2019年起创新药逐步进入收获期,中泰证券
2019-03-26,国内抗结核用药市场及产品解读,新浪
2019-03-26,26日公司新闻聚焦：多家公司大手笔分红,证券时报网
2019-03-26,股海导航 26日沪深公司重要消息,中财网
2019-03-26,复星医药：全年研发投入达25亿，2019年创新药进入收获期,证券时报网
2019-03-26,复星医药2018年营收249.18亿元 同比增长34.45%,中国网
2019-03-26,格隆汇港股聚焦(3.25)︱中国通号拟在上交所科创板上市 发行不超21.97亿股A股,格隆汇
2019-03-25,复星医药(02196.HK)：因任期届满 汪群斌、张学庆及韦少琨辞任非执行董事 董监高成员变化,格隆汇
2019-03-25,复星医药(02196.HK)累计对外担保金额约131.72亿元,格隆汇
2019-03-25,复星医药(02196.HK)：集团续展及新增委托贷款/借款额度不超80亿元,格隆汇
2019-03-25,复星医药(600196.SH)2018年营收249.18亿元 研发投入升63.92%至25.07亿元,格隆汇
2019-03-25,复星医药对外投资暨关联交易公告,亿邦动力
2019-03-25,复星医药(02196.HK)拟斥2.55亿元与复星健控增资复拓生物,格隆汇
2019-03-25,复星医药：2018年净利润同比减13.33%，拟10派3.2元 盈利能力下降,Wind
2019-03-25,复星医药：2018年净利27亿元 同比降13%,e公司
2019-03-25,复星医药：2018年净利润27亿元同比降13.33%，拟10派3.20元,Wind
2019-03-25,医疗保健：创新型药企有望迎来估值重塑 荐4股,上海证券
2019-03-25,"科创板基金在等""出生证"" 现在就想投资怎么安排？",网易
2019-03-25,平安证券：带量采购进入落地阶段，把我细分龙头结构性机会,证券时报网
2019-03-25,"生物医药行业周报:带量采购进入落地阶段,把我细分龙头结构性机会",平安证券
2019-03-24,科创板开门迎客，医药创新驱动力换挡在即｜【光大医药·周报】,医心医意要健康
2019-03-22,明天系又一接盘侠浮出水面 “复星系”也来凑热闹？,新浪
2019-03-21,药明生物跌近4% 大股东配售5200万股,新浪
2019-03-21,国内药企捷报频传 8款创新药获批临床,药明康德
2019-03-21,亿胜生物科技(1061.HK)：金玉满盆，蓄势待发,格隆汇
2019-03-20,"科创板生物医药公司系列研究之复旦张江:自主产权核心技术管线丰富,拳头品种持续放量",正点财经
2019-03-20,智通港股早知道 |（3月20日）业绩中藏雷不少，但惊喜更多,智通财经
2019-03-20,氢燃料电池市场将达万亿元级别 5只个股获机构集中推荐,证券日报
2019-03-19,格隆汇港股聚焦(3.19)︱小米集团2018年经调整净利润升59.5%至85.55亿元,格隆汇
2019-03-19,19日晚公告精选丨多家公司披露业绩分红事项,21世纪经济报道
2019-03-19,复星医药(02196-HK)控股子公司研制的药品获临床试验申请受理,财华社
2019-03-19,公告集锦：ST康得新3月11日至今新增被诉案件9起 诉讼纠纷,腾讯网
2019-03-19,复星医药：子公司单抗药物获临床试验申请受理,e公司
2019-03-19,科创板开门接单，首批医药企业有谁？老牌药企点燃分拆热情？,医药经济报
2019-03-19,"生物医药行业周报:医保目录调整在即,创新药产业链长期受益",平安证券
2019-03-19,"医药生物行业跨市场周报:医保目录再调整启动,创新/抗癌/基药品种受益",光大证券
2019-03-18,指数缩量逼空，明日能不能买？,和讯
2019-03-18,迈瑞第一！医械上市公司市值排行榜,医药网
2019-03-18,医疗保健：重点推荐创新产业链 荐18股,和讯
2019-03-18,医疗保健：医药创新乘风而上 荐8股,和讯
2019-03-18,"凯莱英:全年业绩略有波动,后续增长确定性高",正点财经
2019-03-18,8个大品种药已过评 5个正被药企“哄抢”,米内网
2019-03-18,四环医药扬逾3% 氨基酸注射液注册获批,新浪
2019-03-18,医药板块科技+消费双重属性 6股迎腾飞契机,中证报
2019-03-15,格隆汇港股聚焦(3.15)︱福耀玻璃2018年净利润升30.87%至41.2亿元 拟每10股派7.5元,格隆汇
2019-03-15,渤海证券医药行业二季度投资策略报告：着眼精品，强者恒强,证券时报网
2019-03-15,医疗保健：科创板利好科技创新型企业 荐15股,和讯
2019-03-15,[推荐评级]医药生物-医保目录调整将至 继续深化“腾笼换鸟”,中财网
2019-03-15,复星医药旗下生物类似药子公司复宏汉霖取得药品GMP证书,中国网
2019-03-14,格隆汇港股聚焦(3.14)︱旭辉控股集团2018年度核心净利润升35.6%至55.36亿元 末期息19.68分,格隆汇
2019-03-14,复星医药(02196.HK)附属复宏汉霖取得药品GMP证书,格隆汇
2019-03-14,[中性评级]兴证海外医药周报：创新驱动成长 制造降税减负,中财网
2019-03-14,震荡洗盘沪指坚守3000点 612只连涨股隐现主力调仓路线图,证券日报
2019-03-14,"【国金晨讯】冬季电动车续航焦虑,低温热管理潜力巨大；医保目录动态调整拉开序幕，新药好药纳入将提速",国金证券研究所
2019-03-13,全球“药王”内地遇冷还遭扎堆仿制 抗癌药新贵PD-1被围剿,每日经济新闻
2019-03-13,医疗保健：受益MSCI扩容 板块估值修复有望延续,和讯
2019-03-13,收评：沪股通净流出2.58亿 深股通净流出17.2亿,新浪
2019-03-13,上证50指数涨1%,每日经济新闻
2019-03-13,“科创板上市”概念快速升温,中金在线
2019-03-13,午评：沪股通净流出5.67亿 深股通净流出13亿,新浪
2019-03-12,这个人很懒，什么也没有留下 . . .,华夏时报网
2019-03-12,这只个股1个多月涨幅超60%！券商开科创板电话会议，解读医药创新企业投资机会！,每日经济新闻
2019-03-12,医疗保健：首家医药公司正式申请拟科创板上市 荐15股,和讯
2019-03-12,医疗保健：科创板加速行业创新升级 荐4股,和讯
2019-03-12,复星国际(656.HK )： 以保险+金融为本，打造成长型产业投资平台，首次给予“增持”评级,格隆汇
2019-03-12,"医药周报2019第10期:首家医药公司正式申请拟科创板上市,制度创新带动产业创新升级",长城证券
2019-03-11,沃森生物业绩终于扭亏为盈 筹划赴港上市只为钱？,新京报
2019-03-11,民生证券：科创板A股影子股筛选,民生证券研究院
2019-03-11,【平安医药】生物医药行业周报：科创板加速行业创新升级，肝素原料涨价预期值得关注,A叶寅A医药行业研究
2019-03-11,恒指高开0.1%，医药股多数上涨,每日经济新闻
2019-03-11,"医药生物行业:科创板助力,带动医药板块估值回升",东吴证券
2019-03-10,超3000亿市场遭分食 31个生物类似药打头阵、排队上市,药智网
2019-03-09,科创板开门迎客 这些独角兽可“抢票”（附名单）,经济观察网
2019-03-08,格隆汇港股聚焦(3.8)︱ 中国平安下周二公布业绩 舜宇光学2月手机镜头出货量同比升19.5%至6518.7万件,格隆汇
2019-03-08,复星医药(02196.HK)拟为复星实业不超8000万美元授信项下债务提供担保,格隆汇
2019-03-08,复星医药(02196.HK)拟3月25日举行董事会会议 考虑及通过公司年度业绩及其他事项,格隆汇
2019-03-07,上证50指数跌超2%,每日经济新闻
2019-03-06,复星医药：2017年公开发行公司债券(面向合格投资者)(第一期)2019年付息公告,上交所
2019-03-06,兴业证券：医药板块进可攻退可守 关注三类标的,证券时报网
2019-03-06,"复星医药(02196.HK)：""17复药01""将于3月14日付息",格隆汇
2019-03-05,前诺华中国区总裁徐海瑛，上任哈药总经理,医药网
2019-03-05,重新审视中国医药市场 2019年国内外药企高层人事调整频繁,化工网
2019-03-05,上市至今暴涨10倍！医药并购之王！可股价狂跌56%，又是啥情况？,并购优塾
2019-03-05,科创板、A股其他板块与港股市场IPO制度及定价估值体系对比分析——会议纪要,中信建投证券研究
2019-03-05,【晨会聚焦】银行股大行情的历史梳理：美好时光还会重现？,中泰证券研究所
2019-03-05,【医药】 江琦、赵磊：科创板专题报告：丰富医药创新企业上市路径，创新引领未来-20190304,中泰证券研究所
2019-03-05,"医药生物行业周报:受益MSCI扩容,板块估值修复有望延续",上海证券
2019-03-04,科创板助推医药产业升级 医药板块多股涨停,天天基金网
2019-03-04,董事长薪酬哪家强？迈瑞、东软、复星医药,医药网
2019-03-04,长城证券：科创板利好科技创新型企业，加速医药产业升级,证券时报网
2019-03-04,消费｜为下一轮上涨接力：消费行业观点总结,中信证券研究
2019-03-04,"【国金晨讯】科创主旋律蓄势待发,总量/医药前瞻；萌宠经济背后的故事,95后晚婚的孤独；网络文学二十年,且看阅文IP全产业链开发",国金证券研究所
2019-03-04,【东北证券●联合专题】红利落谁家——减税动态测算,微信
2019-03-01,操盘必读：3月1日证券市场要闻,中财网
2019-03-01,1日最新公告透露利好 15只个股有潜力,中金在线
2019-03-01,常年50倍以上市盈率 恒瑞医药为何越来越“贵”？,新浪
2019-03-01,部分试点城市3月实施药品带量采购政策,中证报
2019-03-01,辅助用药遭炮轰 千亿元神药市场“萎缩”加速,证券日报
2019-02-28,格隆汇港股聚焦(2.28)︱中国铁塔下周一公布业绩 澳博控股2018年度纯利升45.2%至28.5亿港元,格隆汇
2019-02-28,A股头条之上市公司公告精选（3.1）,金融界
2019-02-28,公告精选：海南瑞泽拟联合开发马术文化小镇 融创中国预计去年净利增超45%,e公司
2019-02-28,28日晚间公告精选：海南瑞泽将投30亿元开发马术文化小镇,21世纪经济报道
2019-02-28,上市公司公告集锦：万华化学2018年度实现净利润106.1亿,腾讯网
2019-02-28,2月28日上市公司晚间公告速递,新浪
2019-02-28,复星医药：利妥昔单抗注射液获药品注册批件,e公司
2019-02-28,主力154亿净流出A股 最新资金流向排名一览(表),万隆证券网
2019-02-28,科创板+注册制将落地！首批药企花落谁家？,医药经济报
2019-02-28,复星医药：利妥昔单抗类似药获批上市，生物药进入收获期,证券时报网
2019-02-27,衡量公司真实盈利能力 净现比才是A股的“照妖镜”,新浪
2019-02-27,2018年全球医疗机器人行业发展前景广阔 亚洲市场或将成为转移重心,前瞻研究院
2019-02-27,医药生物：首个国产生物类似药获批释放积极信号,证券时报网
2019-02-27,融资买入额激增 生物医药板块补涨,证券时报
2019-02-27,复星医药分拆复宏汉霖冲刺港股IPO 上市前夕首个国产生物类似药获批,证券日报
2019-02-27,"复星医药:中国首个生物类似药获批,验证公司研发实力",西南证券
2019-02-26,国内首个生物类似药获批罗氏超10亿元的蛋糕将被瓜分,中金在线
2019-02-26,恒指收跌0.65% 医药板块逆市走高,中证网
2019-02-26,复星医药(02196.HK)：“16复药01”预计交易数量为2994.5万张,格隆汇
2019-02-26,复星医药：首个国产生物类似药获批 开始生物药大时代,证券时报网
2019-02-26,【港股收评：恒指跌0.65% 前期强势的苹果概念、中资券商股回落】,格隆汇
2019-02-26,全球生物医药板块走强,中证网
2019-02-26,恒生指数午盘翻绿生物医药板块涨幅居前,中证网
2019-02-26,恒生指数上午收盘跌0.51% 瑞声科技领跌蓝筹,中证网
2019-02-26,02月26日 盘中突破半年线个股一览,每日经济新闻
2019-02-26,棱镜丨首个国产生物类似药获批上市，惠及淋巴瘤患者,棱镜
2019-02-26,医药股领涨行业板块,中证网
2019-02-26,快讯：细胞免疫治疗概念股异动拉升 佐力药业等涨停,新浪
2019-02-26,国产生物类似药利妥昔单抗获批 复星医药大涨,智通财经
2019-02-26,复星医药早盘封涨停 成交额13.08亿元封单2222手,腾讯网
2019-02-26,港股高位滞涨 生物医药板块走强,中证网
2019-02-26,创新药概念拉升走强 佐力药业、冠昊生物涨停,中证网
2019-02-26,复星医药AH股均高开近5% 子公司药品上市注册申请获批,格隆汇
2019-02-26,首个国产生物类似药汉利康获批上市 复星医药开启中国生物类似药新时代,中金在线
2019-02-26,"医药行业周报2019第8期:关注年报行情,布局受政策免疫标的",长城证券
2019-02-25,首个国产生物类似药利妥昔单抗获批上市 复星医药：该新药尚需取得GMP认证证书,e公司
2019-02-25,复星医药(02196.HK)附属非霍奇金淋巴瘤治疗药物上市注册申请获批准,格隆汇
2019-02-25,国家药监局：首个国产生物类似药利妥昔单抗获批上市,Wind
2019-02-25,政策“脱敏”与创新药的长期空间,格隆汇
2019-02-25,2019年最新创投概念龙头股有哪些？2019年创投概念龙头股一览,南方财富网
2019-02-25,石药集团遭大华继显唱淡 现逆市跌逾2%,新浪
2019-02-24,医疗保健：布局业绩有望超预期的标的 荐8股,中泰证券
2019-02-23,医药市场格局重构中 药企人事变动频繁,经济观察网
2019-02-22,复星医药：2016年公开发行公司债券(面向合格投资者)(第一期)2019年付息公告,上交所
2019-02-22,复星医药(02196.HK)：“16复药01”将于3月4日派息 每手33.50元,格隆汇
2019-02-22,首钢基金扩大在港上市公司布局 打造产业投资控股平台,投中网
2019-02-22,药明生物获交银国际维持目标价 现涨近4%,新浪
2019-02-21,复星国际(0656.HK)：“金字塔生态“层层赋能，技术驱动边际增长，首次给予“买入”评级,格隆汇
2019-02-21,科创板规则征求意见结束 各地加快推动企业上市(附股),金融界
2019-02-20,复星系股权大变动:梁信军退出亚东广信 营收超七百亿,新京报
2019-02-19,60倍PE 12倍PB 15年长牛的药王恒瑞医药还能走多远？,金融界
2019-02-19,港股高开低走 恒指收跌0.42%,中证网
2019-02-19,"医药行业周报:国务院新年第一会任务部署,癌症、罕见病产业链将受益",正点财经
2019-02-19,"医药行业周报2019第7期:修复或将持续,提前布局业绩高增长标的",长城证券
2019-02-18,错失黄金时代之九：复星地产,乐居财经
2019-02-17,主线优质龙头仍是首选 |【光大医药·周报】,医心医意要健康
2019-02-17,生物医药行业：细分领域龙头将保持较快增长 掘金五大主线,平安证券
2019-02-15,大分子生物药的大机会,全景网
2019-02-15,机构预测明日大盘走势 大跌元凶竟是它？,证券之星
2019-02-15,上证50跌幅扩大至2%,每日经济新闻
2019-02-15,强生57.5亿美元收购，将挑战达芬奇机器人,医药网
2019-02-15,新年开工以来，3家药企发生人事变动！,制药网
2019-02-14,复星文旅扩张变数：收购亚洲最大主题公园计划或夭折 并购重组异常,北京商报
2019-02-13,复星医药又一抗癌新药获批临床试验 即将展开I期试验,新京报
2019-02-13,宜华健康（000150.SZ）：业绩预增却接连大跌 背后有何古怪？,格隆汇
2019-02-13,华鑫证券：短期指数反弹或有波折,华鑫证券
2019-02-13,行业信心持续回暖 医药板块有望迎来估值修复期,大众证券报
2019-02-13,"医药行业:论集采后的中国医药产业趋势,今非昔比",正点财经
2019-02-13,13日最新公告透露利好 15只个股有潜力,中金在线
2019-02-13,A股早报2019年2月13日星期三,Wind
2019-02-13,旗下度假村爆出质量门！复星怎么会让“亚布力”中毒？,虎嗅网
2019-02-13,医药板块景气向好,中证报
2019-02-13,沪指四连阳飙升3.74% 近70亿元资金扫货三大行业,证券日报
2019-02-12,格隆汇港股聚焦(2.12)︱中国平安获摩根大通逾6亿元增持801.76万股H股,格隆汇
2019-02-12,复星医药：治疗胃癌与乳腺癌新药获临试批件,证券之星
2019-02-12,12日晚公告精选丨东方金钰：拟暂时终止控制权转让事项,21财经搜索
2019-02-12,公告精选：东方金钰收上交所监管函，拟暂时终止控制权转让；*ST毅达独董仍未与现任董事长建立联系，股价已连续3个涨停 问询,每日经济新闻
2019-02-12,下一轮带量采购何时登场？18品种有望入选,亿欧网
2019-02-12,复星医药(02196-HK)控股子公司获药品临床试验批准,财华社
2019-02-12,恒指稳守28000点 医药板块集体爆发,中证网
2019-02-12,港股收盘(2.12)|恒指下探回升收涨0.1% 铁塔(00788)盘中再创新高,智通财经
2019-02-12,港股三大指数小幅收涨 医药板块表现强劲,中证网
2019-02-12,医疗保健：政策负面影响基本释放 荐6股,和讯
2019-02-12,复星医药(02196.HK)：治疗胃癌和乳腺癌新药临试获国药监局批准,格隆汇
2019-02-12,港股医药板块集体上涨,中证网
2019-02-12,创新趋势继续 复星医药升超5%,格隆汇
2019-02-12,港股异动︱石药(01093)升逾5%领涨蓝筹 国务院增罕见病药税务优惠,智通财经
2019-02-12,医疗保健：注重内生可持续增长 荐7股,和讯
2019-02-11,复星医药：第七届董事会第八十次会议(临时会议)决议公告,上交所
2019-02-11,格隆汇港股聚焦(2.11)︱吉利汽车1月销量创历史新高至15.84万部 环比升70%,格隆汇
2019-02-11,80余名高管辞职，药企人事变动还将继续！ 董监高成员变化,医药观察家网
2019-02-11,复星医药(02196.HK)拟新设“精准医疗产业部” 负责寻找及引入精准医疗技术(产品)和服务,格隆汇
2019-02-11,复星医药(02196.HK)聘任Hequn Yin为高级副总裁,格隆汇
2019-02-11,复星医药：董事会同意新设“精准医疗产业部”,Wind
2019-02-11,两个月，知名药企3位副总裁离职！ 董监高成员变化,微信
2019-02-11,时隔半月，知名药企又一高管离职！ 董监高成员变化,微信
2019-02-11,药企收入净利增速双降，出路在哪儿？ 盈利能力下降,亿欧网
2019-02-11,港股生物制药概念小幅低开,每日经济新闻
2019-02-11,消费产业｜从持仓结构看消费产业：2018Q4基金持仓分析,中信证券研究
2019-02-11,【医药】江琦、王超（研究助理）：2月月报：信心正逐步恢复、Q1建议关注创新药、原料药和商业板块-20190210,中泰证券研究所
2019-02-10,冰雪消融，静待春暖花开 |【光大医药·周报】,医心医意要健康
2019-02-09,研发投入近2亿元 复宏汉霖阿达木单抗获上市申请受理,银行信息港
2019-02-07,经济疲软大变局之下 五大百货巨头迎来转型之战？,和讯
2019-02-02,【中信证券 | 消费】从持仓结构看消费产业,麦高玩乐游
2019-02-02,医疗保健：集采得到各方落实部署 荐6股,和讯
2019-02-02,医疗保健：建议布局优质公司 荐8股,和讯
2019-02-01,大分子生物药的大机会,红周刊
2019-02-01,科创板关注的五大行业独角兽企业都有谁,中国财经网
2019-02-01,复星获欧盟批准，或收购德国服装零售商Tom Tailor,晨哨网
2019-02-01,复星医药：关于召开2019年第一次临时股东大会的通知,上交所
2019-02-01,研发投入近2亿元 复宏汉霖阿达木单抗获上市申请受理,证券日报
2019-02-01,"医药周报2019第5期:集采得到各方落实部署,低估值下有望迎来反转",长城证券
2019-01-31,双鹭药业炒股亏损 下修2018年利润约1亿元 投资失误,挖贝网
2019-01-31,复星医药(02196.HK)“16复药01”回售申报金额达550万元,格隆汇
2019-01-31,医疗保健：2018年预计增长保持稳健 荐21股,和讯
2019-01-31,恒指放量收涨1.1%，博彩股领涨,Wind
2019-01-31,医疗保健：利妥昔首仿将上市 国内生物类似药进度盘点,和讯
2019-01-31,港股异动︱医药股交投活跃 康哲药业(00867)升近7%,智通财经
2019-01-31,【信达看盘】2019.1.31,信达证券上海
2019-01-30,医药行业周报:三类医药股的不同投资策略,正点财经
2019-01-30,医药生物行业双周报2019年第2期(总第2期):国务院发布《国家组织药品集中采购和使用试点方案》,正点财经
2019-01-29,复星医药(600196.SH)附属治疗类风湿关节炎适应症药物完成临床I/II期试验,格隆汇
2019-01-29,复星医药以75万元转让德尚韵兴0.3214%股权,亿欧网
2019-01-29,复星医药(02196.HK)：复星平耀拟向投资团队转让德尚韵兴0.3214%股权,格隆汇
2019-01-29,港股公告精选：禹洲地产拟发行5亿美元优先票据,Wind
2019-01-29,创新药产业链主题性机会凸显 10只概念股获机构推荐,证券日报
2019-01-28,格隆汇港股聚焦(1.28)︱中联重科2018年净利润预增46.4%-61.42%至19.5亿元-21.5亿元,格隆汇
2019-01-28,医疗保健：板块有望随情绪修复走出反转行情 荐15股,和讯
2019-01-28,1月28日上市公司晚间公告速递,新浪
2019-01-28,复星医药(02196)乳腺癌治疗新药获美国FDA药品临床试验批准,智通财经
2019-01-28,复星医药(02196.HK)：乳腺癌治疗新药临试获美国FDA批准,格隆汇
2019-01-28,复星医药：控股子公司获美国FDA药品临床试验批准,Wind
2019-01-28,国产单抗类似药迎来上市元年，竞争之下比拼综合实力|【光大医药·周报】,医心医意要健康
2019-01-27,利妥昔首仿将上市，国内生物类似药进度盘点【周观点|长江医药0127】,长江医药小组
2019-01-27,生物仿制药重磅利好！这家公司即将拿到首个批文，还有一批在路上,e公司
2019-01-27,审批新规首个生物仿制药即将获批，复星医药旗下复宏汉霖抢得头筹,Wind
2019-01-27,首个生物仿制药即将获批 复宏汉霖抢得头筹,e公司
2019-01-27,公募老将选股思路延续 高ROE成为首要标准,新浪
2019-01-27,【中泰一周微视】钢铁/银行/建材/地产/化工/医药/零售/通信/军工,中泰证券研究所
2019-01-25,格隆汇港股聚焦(1.25)︱长城汽车2018年净利升6.51%至53.54亿元 今年销量目标120万辆,格隆汇
2019-01-25,中国药事2018:抗癌药与降价潮 不存在的“神药”,新京报
2019-01-25,复星医药(02196.HK)：2型糖尿病药万苏平通过仿制药一致性评价,格隆汇
2019-01-25,28日机构强推买入六股成摇钱树,中财网
2019-01-25,4.7亿美元收购Gland Pharma约22%股权，复星医药旗下再添猛将？,亿欧网
2019-01-25,「医药新势力」曾经的香饽饽，如今的烫手山芋，药企抛售医院为哪般？,亿欧网
2019-01-25,流感来袭 这些上市公司产品成“抗流”主力军！(名单),中财网
2019-01-25,【医药-复星医药(600196)】江琦、赵磊：公司点评：银屑病适应症弯道超车，阿达木单抗类似药申报生产-20190124,中泰证券研究所
2019-01-25,【晨会聚焦】深改委会议内涵丰富，远不止科创板,中泰证券研究所
2019-01-25,复星医药(02196-HK)附属向存续股东授出经修订出售权,财华社
2019-01-25,中证报头版：基金“弃”外资“取”，海外机构加速布局A股,中证报
2019-01-25,基金抛售医药股 持仓市值减少200亿,金融投资报
2019-01-24,格隆汇港股聚焦(1.24)︱复星医药授出一项新选择权 拟最高4.7亿美元受让印度药企Gland Pharma 22.08%的股份,格隆汇
2019-01-24,复星医药(02196.HK)授出一项新选择权 拟最高4.7亿美元受让印度Gland Pharma 22.08%的股份,格隆汇
2019-01-24,复星医药(02196-HK)控股子公司抗体注射液获药品注册申请受理,财华社
2019-01-24,复星医药(02196.HK)类风湿性关节炎新药获注册受理,格隆汇
2019-01-24,股市早知道:科创板和注册制来了 房企发40亿美元债,网易
2019-01-24,财闻点金｜中央深改委召开会议 通过设立科创板总体实施方案,巨丰财经
2019-01-24,华创事件驱动早报1-24：科创板及试点注册制总体方案获通过；海南将编制出台多项旅游规划,华创证券研究
2019-01-24,【山证早班车】山西证券晨会纪要（20190124）,山西证券研究所
2019-01-23,格隆汇港股聚焦(1.23)︱招商银行2018年净利润升14.84%至805.6亿元,格隆汇
2019-01-23,A股头条之上市公司公告精选（1.24）,金融界
2019-01-23,复星医药：实体瘤治疗新药临试获美国FDA批准,Wind
2019-01-23,复星医药：子公司获美国FDA药品临床试验批准,e公司
2019-01-23,复星医药(02196.HK)：FCN-437c用于实体瘤治疗获美国FDA临床试验批准,格隆汇
2019-01-22,易方达产品3年亏30%：41万基民落泪 宋昆2500点卖A股,新浪
2019-01-22,复星医药短期融资券发行 总额为10亿元,挖贝网
2019-01-21,格隆汇港股聚焦(1.21)︱中国石油2018年度净利润预增280亿-300亿元 增幅123%-132%,格隆汇
2019-01-21,复星医药(02196.HK)完成发行10亿元超短期融资券,格隆汇
2019-01-21,复星医药：将“16复药01”存续期后两年票面利率上调至4.50%,Wind
2019-01-21,"医药生物行业周报:从现在开始不再悲观,短期和中长期也许都是底部",正点财经
2019-01-21,带量采购正式落地 机构频频抄底医药股,证券时报
2019-01-21,"医药行业周报2019年第4期:集采顶层设计出台,板块有望随情绪修复走出反转行情",长城证券
2019-01-20,三部委联合召开会议促消费 机构扎堆看好9只概念股,证券日报
2019-01-20,上市公司环境信息披露总体水平略有上升,Wind
2019-01-20,上市公司环境信息披露总体水平略有上升,中证网
2019-01-20,【中泰一周微视】钢铁/银行/建材/煤炭/机械/地产/医药/食品饮料/零售/通信,中泰证券研究所
2019-01-20,社会办医迎热潮，资本缘何青睐非公医疗,亿欧网
2019-01-19,“啪啪”打脸！盘点2018股市里那些吹过的牛皮,经济日报
2019-01-19,药品集中采购方案发布促企业以量换价 五股躁动,中财网
2019-01-19,医药生物 新阶段动能切换，创新才是医药永恒的魅力,红周刊
2019-01-18,格隆汇港股聚焦(1.18)︱洛阳钼业斥89.05亿港元收购TFHL余下30%股权 坐拥全球储量最大、品味最高的铜钴矿80%权益,格隆汇
2019-01-18,“复星系”已减持法兰泰克1.78%股权 套现约3500万元,经济观察网
2019-01-18,复星医药(02196.HK)决定将“16复药01”票面利率由3.35%上调至4.5%,格隆汇
2019-01-18,恒指收涨1.25%站上27000点 科技股领涨蓝筹,腾讯网
2019-01-18,医药生物一致性评价品种带量集采：长期方向确定，逐步推进形成稳定预期,格隆汇
2019-01-18,医疗保健：8天3起跨国大并购 荐6股,和讯
2019-01-18,医药板块全线走强，华海药业冲击涨停,Wind
2019-01-18,恒指重新站上27000点 科技股和医药股继续强势,中证网
2019-01-18,【权益变动】复星医药(02196-HK)获复星国际增持104.45万股,财华社
2019-01-18,3.2亿元市场的重磅药品，首家过一致性评价,医药网
2019-01-18,药企的“买卖戏剧”：一度扎堆买医院 如今纷纷甩包袱,中财网
2019-01-17,医疗保健：医药生物双周报 荐10股,和讯
2019-01-17,润灵环球责任评级：A股上市公司CSR报告数量十年增长1.29倍,中国经济网
2019-01-17,*ST长生午后封跌停 成交额128万元封单165.25万手,腾讯网
2019-01-17,绿叶制药：大手笔回购撑不住股价 投资者在担心什么？,面包财经
2019-01-16,格隆汇港股聚焦(1.16)︱中国平安2018年原保费收入升18.94%至7191.44亿元,格隆汇
2019-01-16,复星医药子公司治疗敏感结核病药品通过一致性评价,新京报
2019-01-16,润灵环球责任评级：2018年，851家A股上市公司披露CSR报告，CSR信息披露十年增长1.29倍,和讯
2019-01-16,【权益变动】复星医药(02196-HK)获复星国际增持36.55万股,财华社
2019-01-15,国资改革继续深入 国药集团完成股权多元化改革,e公司
2019-01-15,【三分钟读懂财报】美的/格力、恒瑞/复星到底是不是一类公司？,华宝证券
2019-01-15,创投早报|供应链管理服务商获18亿元；美国共享滑板车融天使,腾讯网
2019-01-15,"医药行业周报2019第3期:8天3起跨国大并购,品种为王创新为纲",长城证券
2019-01-14,CFi收盘揭秘:交建天地板 东方不败会以何种方式不败,中财网
2019-01-14,宇道生物完成复星医药Pre-A轮融资,中金在线
2019-01-14,坎坷重组路，华润医疗人事震动何时到头？,财华社
2019-01-12,国企医院改制能否助推非公医疗发展？,亿欧网
2019-01-11,医疗保健：危与机并存 荐14股,和讯
2019-01-11,CFi收盘揭秘:券商屡护盘释重磅信号　节前可涨到此,中财网
2019-01-11,卫健委拟发展远程医疗 五只个股腾飞在即掘良机,证券时报
2019-01-10,复星系大举减持石大胜华 北京哲厚3.3亿元接手逾8%股份,e公司
2019-01-10,港股异动︱子公司四价流感疫苗获临床试验批准 复星医药(02196)现涨4.17%,智通财经
2019-01-09,揭秘A股董事长年薪：平均91万 最高相差超7700倍,金融界
2019-01-09,威高股份逆市挫逾1% 遭大华继显降至卖出评级,新浪
2019-01-09,医药生物行业2019年投资策略:创新才是硬道理,国信证券
2019-01-09,"医药周报2019第2期:并购大事件,危与机并存",长城证券
2019-01-08,格隆汇港股聚焦(1.8)︱长城汽车12月销量升6.54% 全年销量达105.3万辆,格隆汇
2019-01-08,8日晚公告精选：金财互联更名去除“权健”字样,21世纪经济报道
2019-01-08,复星医药旗下四价流感疫苗临床试验申请获批,中证网
2019-01-08,6亿！复星医药转让达芬奇手术机器人独家代理权,财经网
2019-01-08,1月8日上市公司晚间公告速递,新浪
2019-01-08,复星医药：子公司获四价流感病毒裂解疫苗临床试验批准,Wind
2019-01-08,"医药生物行业月报:结构调整下多数公司进入价值区间,创新是最确定的方向",正点财经
2019-01-07,千亿中药帝国的倒塌 康美药业现金流4年低于净利,大众证券报
2019-01-06,至暗时刻仍有光明，坚定拥抱创新升级 |【光大医药·周报】,医心医意要健康
2019-01-06,新年首周医药卫生板块不是开门红 而是迎一轮下跌,新浪
2019-01-06,复星医药：直观复星上海受让达芬奇手术机器人独家经销权,Wind
2019-01-05,永安财险因防碍监管检查等被罚50万元，高层内斗往事曝光 其他违规处罚,澎湃新闻
2019-01-05,最新公告大利好 10股周一望大涨,中财网
2019-01-05,A股熔断3周年仍有翻倍收益个股 茅台、榨菜夺魁,投资快报
2019-01-04,1月4日晚间上市公司十大重磅公告,巨丰财经
2019-01-04,复星医药(02196.HK)控股子公司获药品临床试验批准,格隆汇
2019-01-04,医疗保健：创新引领未来 荐6股,和讯
2019-01-04,又一新品种首家过评 乙肝一线药物过评企业达4家,药智网
2019-01-03,重磅参照药核心专利逼近到期 复宏汉霖能否成为“专利悬崖效应”承接者？,中金在线
2019-01-03,【市场观察】预期不佳，杀跌不止,联讯金融
2019-01-03,港股异动︱医药股延续弱势 绿叶制药(02186)挫逾半成,智通财经
2019-01-03,恒指失守25000点关口 苹果、医药等板块跌幅居前,证券时报网
2019-01-03,风险偏好提高，数点医药板块中的“科技”股 ——兴证医药2020年1月投资月报【兴证医药】,兴证医药健康
2019-01-03,只能静待国家再次救市,中财网
2019-01-02,格隆汇港股聚焦(1.2)︱中信股份：大冶特钢拟发行231.82亿元代价股份收购兴澄特钢86.5%股权,格隆汇
2019-01-02,沪深上市公司19年1月12日晚间上市公司重要公告,全景网
2019-01-02,新年开局不利 2449点看上去有点悬——道达投资手记,每日经济新闻
2019-01-02,复星医药(02196.HK)附属治疗原发性高血压药品通过一致性评价,格隆汇
2019-01-02,万霁资产牛春宝：A股遍地黄金 投资者却信心全无,新浪
2019-01-02,康美药业遭遇黑天鹅！华夏基金半年亏近5亿元 重仓股票异动,财经网
2019-01-02,开门重挫 A股存一大致命性利空 2449点已成纸窗户,中财网
2019-01-02,复星医药：子公司药品通过仿制药一致性评价,Wind
2019-01-02,CFi收盘揭秘:权重股大幅下挫 指数仍有继续探底概率 连续下跌,中财网
2019-01-02,复星医药午后异动重挫7.35%报21.56元 成交5.77亿元,腾讯网
2019-01-02,港股异动︱医药板块大幅下挫 三生制药(01530)领跌 连续下跌,智通财经
2019-01-02,行业增长具有不确定性 石药(01093.HK)跌6%,格隆汇
2019-01-02,2018年A股遇近10年最冷“寒冬”,中财网
2019-01-02,【医药】江琦、谢木青：1月月报：结构调整下多数公司进入价值区间，创新是最确定的方向-20190101,中泰证券研究所
2019-01-02,跑步进场 大健康成投资热土,时代周报
2018-12-29,贺宛男:曾经的漂亮50到底怎么啦？,中财网
2018-12-28,格隆汇嘉宾访谈 | Sisram更名的背后，预示着怎样的新篇章？,和讯
2018-12-28,仿制药一致性评价最新进展：受理号达1289个，通过308个,药智网
2018-12-28,白云山向母企收购王老吉商标 现升近4%,新浪
2018-12-28,石药集团获主席增持 现升近3%,新浪
2018-12-28,医药生物2019年投资策略：创新才是硬道理,国信研究
2018-12-28,2018年12月28日股市消息早知道：今日大盘预测及个股分析,南方财富网
2018-12-27,复星医药：第七届董事会第七十七次会议(临时会议)决议公告,上交所
2018-12-27,12月27日晚间上市公司十大重磅公告,巨丰财经
2018-12-27,复星医药：控股子公司富马酸喹硫平片通过仿制药一致性评价,证券之星
2018-12-27,复星医药：子公司抗癌新药获药品临床试验批准,Wind
2018-12-27,复星医药：子公司抗癌新药获药品临床试验批准,e公司
2018-12-27,反弹空间还有多大？2019该去哪里打猎？,中财网
2018-12-26,【非银-张经纬】复星国际：投资聚焦运营显效，生态动能厚积薄发,安信证券研究
2018-12-26,安信研究|晨会在线 20181226,安信证券研究
2018-12-25,新股速递| 复宏汉霖，背靠复星的单抗生物药独角兽,华盛证券
2018-12-25,"医药行业周报2018第46期:DRGs试点即将启动,精细化管理将利好进口替代",长城证券
2018-12-24,创新药领域迎“春天” 5只概念股获机构推荐,证券日报
2018-12-23,从“浙江模式”看耗材集采趋势 |【光大医药·周报】,微信
2018-12-22,卫健委再挺医联体，GPO入局带量采购，邮政开药店|健识周报,健识局
2018-12-22,复宏汉霖冲刺港交所：前8个月亏2.8亿 复星持股超61%,凤凰网
2018-12-21,上证50创22个月新低逾百亿长线资金逆势涌入,中证网
2018-12-21,复宏汉霖赴港IPO：背靠复星系 能否抢占赛道先机？,面包财经
2018-12-20,《中国上市公司ESG蓝皮书》发布 华泰证券等入选责任云ESG100指数,证券时报网
2018-12-20,哪些行业社会评价低？ 除了房地产还有几个想不到,21经济网
2018-12-20,研发费用下降成弊病亚宝药业该如何赢回投资者信任,中财网
2018-12-20,融资客青睐21股，澄星股份买入占比高达51.36%,Wind
2018-12-20,打造禅医民营样板 复星医药大湾区布局加速度,21世纪经济报道
2018-12-19,医药行业周报:买“避风港”还是“弹坑”?新政策环境下医药投资,正点财经
2018-12-19,中标结果公布！18.95亿市场华海占7品规,米内网
2018-12-19,至暗时刻丨从天堂到地狱 2018医药股八大黑天鹅事件,财经网
2018-12-18,高管增持排行榜 7股获增持超千万元,证券时报
2018-12-18,又有两家药企的药品中标4＋7带量采购,制药网
2018-12-18,复星系这家公司牛了：未有产品上市销售 却估值200亿,国际金融报
2018-12-18,"医药行业周报2018第45期:限制辅助用药,助力药品结构升级",长城证券
2018-12-17,同仁堂因过期蜂蜜股价下挫 43只基金持仓躺枪 重仓股票异动,国际金融报
2018-12-17,深港通连续6个交易日净流入 资金偏爱个股变成这些股,中证报
2018-12-17,一致性评价成为继“4+7”后热门话题，药品申报热度不减,亿欧网
2018-12-17,“复星系”独角兽在港提交上市申请资料 估值达200亿元,经济观察网
2018-12-17,国都香港：经济下行风险增大 港股或下探25000点,新浪
2018-12-17,复星系重启买买买 旗下公司上市加速,证券之星
2018-12-17,中金：近期外资动向及成因分析,微信
2018-12-17,老沙:环球股市都进入了“垃圾时间”,中财网
2018-12-17,"医药生物行业周报:政策多发扰动期,建议关注品牌中药的配置价值",光大证券
2018-12-17,医药行业2019年年度投资策略报告:继续看好创新药企及细分领域龙头企业的发展,渤海证券
2018-12-16,医疗器械板块投资机会相对突出【周观点|长江医药1216】,长江医药小组
2018-12-16,复星旅文赴港IPO前传：还原收购Club Med的“翻盘”故事,经济观察报
2018-12-15,复宏汉霖赴港IPO：4种单抗正进行3期临床试验,格隆汇
2018-12-15,陈光明专户产品备案规模逾80亿 新基金相中哪些上市公司？,投资快报
2018-12-15,复星上市公司矩阵扩营 复星旅文在港敲钟,证券时报
2018-12-15,带量采购对医药行业 是寒冬还是机遇？,红周刊
2018-12-14,港股全日总结：恒指跌429点腾讯中移受压石药挫12%,理财18
2018-12-14,医药及科技股拖累大盘 恒指结束三连涨,中证网
2018-12-14,港股半日总结：恒指跌364点中移动及医药股受压,理财18
2018-12-14,【中金海外策略】全球资金流向监测：美股现2月以来最大单周流出，新兴港股流入逆转,Kevin策略研究
2018-12-14,复星医药控股子公司复宏汉霖递交H股上市申请,凤凰网
2018-12-14,港股开市：恒指低开305点腾讯及中移动造淡恒安续跌,理财18
2018-12-14,拟2.3亿美元收购复星系旗下公司51%股权 海南矿业遭遇上交所问询 问询,每日经济新闻
2018-12-14,14日早间两市重要公司新闻速递,证券时报网
2018-12-13,复星医药：子公司复宏汉霖已向港交所呈交上市申请,e公司
2018-12-13,复星医药：子公司复宏汉霖今日已向香港联交所呈交上市申请,Wind
2018-12-13,"医药生物行业周报:仿制药高毛时代过去,集中度提升将催生新巨头",正点财经
2018-12-13,「A+H」临床合同研究机构（CRO）生物医药企业泰格医药将于8月7日在联交所挂牌，这是继药明康德、康龙化成后国内第三家CRO机构，其拟募资107亿港元（13.8亿美元），为2020年截止7月30日亚洲生物医药公司IPO规模最大项目。,富途证券
2018-12-13,药明康德今日杀入港股，未盈利生物医药股有点慌？,亿欧网
2018-12-13,东方红睿玺基金经理高位抓牛尾，投资僵化忽视风险,和讯
2018-12-12,子公司赴港上市添新例 康莱德拟分拆医疗器械公司,e公司
2018-12-12,一致性评价大限将至 药企仍紧锣密鼓跟进,制药网
2018-12-12,58股获高管增持 近10日主力资金净流入13只,证券时报
2018-12-12,"医药行业周报2018第44期:4+7带量采购结果公示,药品结构升级的新起点",长城证券
2018-12-11,深耕内容+服务 微医摘得2018独角兽企业微信传播力大奖,证券之星
2018-12-11,“独角兽”复宏汉霖欲赴港上市，连年亏损却估值200亿元 亏损,凤凰网
2018-12-11,"医药生物行业研究:乘新趋势之浪,享价值重构之华",国金证券
2018-12-10,多只医药股回应不受带量采购影响 板块持续低迷,新京报
2018-12-10,恒指跌1.23%报25743.289点 生物科技板块领跌,腾讯网
2018-12-10,恒指跌1.6%报25647.459点 半导体板块领跌,腾讯网
2018-12-10,财融汇·早间必读 | 20181210,财通证券融资融券部
2018-12-10,东海晨报20181210,东海通财富
2018-12-10,大限将至，又有8药品过一致性评价（附名单）,医药网
2018-12-10,12月，5个药品的品种通过一致性评价,制药网
2018-12-10,三大股指低开沪指跌0.64%失守2600 医药板块持续下挫 连续下跌,腾讯网
2018-12-10,国金晨讯精选：世纪华通深度，最终幻想由盛转衰专题，雅本化学深度，医药2019策略,国金证券研究所
2018-12-09,微评丨医疗影响力排行榜：复星医药、贵州百灵、万东医疗,亿欧网
2018-12-09,带量采购引发医药股“雪崩” 2019年行业板块将如何演绎,第一财经
2018-12-09,医药板块的“至暗时刻”！“4+7”带量采购降价幅度远超市场预期！恒瑞医药蒸发百亿,环球老虎财经
2018-12-08,医药中标价骤降52% 超级黑天鹅夺走近4000亿市值,中国基金报
2018-12-07,医药板块连续两天大跌 市值蒸发近2400亿 连续下跌,每日经济新闻
2018-12-07,7日晚间公告精选丨比亚迪：控股股东王传福拟增持100万股,21世纪经济报道
2018-12-07,公告精选：药明康德确定H股发行价为每股68港元；王传福拟增持100万股比亚迪,每日经济新闻
2018-12-07,带量采购持续杀伤 机构领跑医药股安全边际集体消失,新浪
2018-12-07,“中国巴菲特”郭广昌的新筹码 分拆上市背后的盘算,新浪
2018-12-07,复星医药：控股子公司药品氯化钾颗粒通过仿制药一致性评价,Wind
2018-12-07,港股全日总结：恒指跌92点，腾讯及中移动逆市升2%,理财18
2018-12-07,“柚子”受伤、黑天鹅频现，这份基金持股明细请收好,Wind
2018-12-07,227亿资金争夺20股：主力资金重点出击5股(名单),新浪
2018-12-07,恒指尾盘跳水收跌0.35%，医药股继续大跌,Wind
2018-12-07,复星医药：国内临床试验已启动 买入评级,和讯
2018-12-07,收评：沪指小幅上涨0.03%报2605.89点 运输设备等板块领涨,腾讯网
2018-12-07,东方红三成基金持有立讯精密，重仓持有难挡持续下跌 重仓股票异动,和讯
2018-12-07,【平安重点】行业动态跟踪报告*生物医药*带量采购降价超预期，建议配置政策避风港*强于大市,平安研究
2018-12-07,沪指小幅上涨0.16%报2609.39点 运输设备等板块领涨,腾讯网
2018-12-07,复星医药午后异动重挫5.03%报26.41元 成交8.71亿元,腾讯网
2018-12-07,沪指小幅上涨0.14%报2608.81点 通信设备等板块领涨,腾讯网
2018-12-07,带量采购降价超预期 医药股今日再现多股跌停,金融界
2018-12-07,五大机构解读医药股暴跌：带量采购降价超预期,新浪
2018-12-07,医药股持续低迷 机构称带量采购短期对业绩影响有限,新浪
2018-12-07,国海:带量采购推动仿制药变革 创新类公司必配(名单),新浪
2018-12-07,【异动股】单抗概念板块下挫，丽珠集团(000513-CN)跌6.03%,财华社
2018-12-07,“带量采购”预中标结果公布 一类股短期内需规避,金融界
2018-12-07,盘前参考:美股大长腿 华为事件对大盘冲击有多大？,中财网
2018-12-07,【医药】理性看待带量采购，短期看非药、中长期拥抱创新药龙头,中信证券研究
2018-12-07,“带量采购”结果出炉 机构：仿制药格局将重塑,证券时报网
2018-12-07,药品带量采购谈判重创医药股,北京日报
2018-12-07,“带量采购”降药价，机构迅速先抛为敬,Wind
2018-12-07,“4+7”药品带量采购结果呼之欲出：中标价悬崖式下跌利弊几何？,21世纪经济报道
2018-12-06,带量采购发威，A、H医药股一日蒸发超千亿市值！这些药企已有对策，有股票直线拉涨 连续下跌,e公司
2018-12-06,4+7带量采购中标药价大跌 医药股向上还是向下？,第一财经
2018-12-06,复宏汉霖拟境外IPO申请,资本邦
2018-12-06,港股延续下跌趋势 科技、航空、医药股重挫,中证网
2018-12-06,港股全日总结：恒指跌663点，腾讯挫半成，中生制药泻16%,理财18
2018-12-06,港股恒指大跌2.47％ 医药股、华为产业链全线承压,金融界
2018-12-06,恒指收跌2.5%险守26000点，内地医药股全线大跌,Wind
2018-12-06,带量采购预中选出炉 医药业面临严峻降价形势(附名单),金融界
2018-12-06,成交额TOP20均呈主力资金净流出:中兴通讯净流出11亿,新浪
2018-12-06,涨停板复盘:沪指跌1.68%创指跌2.61% 医药股午后暴跌 连续下跌,新浪
2018-12-06,收评：沪指跌1.68%逼近2600 医药、科技股暴跌,新浪
2018-12-06,智飞生物午后异动重挫5.07%报42.54元 成交5.95亿元,腾讯网
2018-12-06,港股异动：医药股跌幅继续扩大，中国生物制药跌逾14%,Wind
2018-12-06,药品带量采购预中标结果公布 医药股大幅翻绿,腾讯网
2018-12-06,复星医药产业与肉毒素企业Revance签署许可协议,动脉网
2018-12-06,【医药-复星医药(600196)】江琦、赵磊：公司点评：Yescarta长期持续有效，国内临床试验已启动-20181205,中泰证券研究所
2018-12-06,复星系投资版图加速扩容,北京商报
2018-12-05,[公告摘要]格隆汇港股聚焦(12.5)︱创梦天地及佳兆业物业明日挂牌上市,格隆汇
2018-12-05,复星医药分拆复宏汉霖香港上市得到证监会受理,挖贝网
2018-12-05,复星医药：子公司复宏汉霖首次公开发行H股申请材料获证监会受理,e公司
2018-12-05,复星医药子公司获神经毒素RT002区域独家销售许可,新京报
2018-12-05,【头条研报】光伏业确认业绩底部 机构研究这4家公司,新浪
2018-12-05,12月05日 28只个股已连涨5天,每日经济新闻
2018-12-05,12月05日 主力资金近三日都在买这些概念股,每日经济新闻
2018-12-05,医疗保健：关注受政策影响较小的细分领域 荐7股,和讯
2018-12-05,因总市值缩水等原因 4只券商股“隐退”上证50样本股 连续下跌,证券日报
2018-12-04,复星医药：第七届董事会第七十六次会议(临时会议)决议公告,上交所
2018-12-04,[公告摘要]复星医药(02196.HK)旗下子公司获Revance授权使用其技术,格隆汇
2018-12-04,【股添乐评】新浪集团要借壳回A股！ 四只券商股被踢出上证50指数,中金在线
2018-12-04,中国迎接全球创新大机遇：90%国际药企有意进入中国市场,医药网
2018-12-04,国药控股拟转让国药健康在线部分股权 标的负债过亿 资产异常,新京报
2018-12-04,10余家药企忙与“芬太尼”撇清关系 14只麻醉概念股意外飘红,号外财经网
2018-12-04,东方、招商、浙商、银河4券商被剔除样本股 是何原因？,证券时报
2018-12-04,关于调整上证50、上证180、上证380等指数样本股的公告,上交所
2018-12-04,中国银河等5股被踢出上证50指数样本股，工业富联获调入,澎湃新闻
2018-12-04,放量上涨逾百亿元大单涌入A股，北上资金等三路资金现新动向,证券日报
2018-12-04,五大指数新调入87只股票 机构集中推荐14只龙头股,证券日报
2018-12-04,仿制药一致性评价启动率仅44.3%,新京报
2018-12-04,"医药生物行业周报:带量采购结果即将公布,紧握不确定中的确定增量",光大证券
2018-12-03,虚惊一场！芬太尼管控趋严，14只概念股意外飘红,中新经纬
2018-12-03,3家公司的3个仿制药通过或即将通过一致性评价,证券时报网
2018-12-03,“母婴”新经济竞争激烈 “宝宝树”有何优势吸引阿里入股？,凤凰网
2018-12-03,我国多措并举保证药品供应 139种短缺药大部分复产供应,制药网
2018-12-03,11月，共有这些药企的品规通过一致性评价！,制药网
2018-12-03,【医药】江琦、赵磊：2018年12月月报：正本清源、结构升级，把握创新、升级的确定性方向-20181202,中泰证券研究所
2018-12-03,芬太尼成黑天鹅！14只A股5200亿市值或波及,券商中国
2018-12-02,医药股唱响“冰与火之歌” 行业长期价值仍被机构看好,每日经济新闻
2018-11-30,王旭东：医药行业优秀企业家不断涌现，保障药品安全要产管并重,中国经济网
2018-11-30,沾上科创板概念就涨？ 多家生物医药企业回应,证券日报
2018-11-29,重药控股转让医工院所有股权 标的曾被收回药品GMP证书 资产异常,e公司
2018-11-29,2018全球创新1000强公司发布！恒瑞、百济神州、复星、科伦……等8家中国医药公司上榜,医药魔方
2018-11-29,【医药徐佳熹】医药生物行业2019年投资策略报告——新游戏规则 vs 历史的轮回,兴证研究
2018-11-28,宏信证券：每日信息速递,和讯
2018-11-28,港股公告精选：新世界发展拟47.8亿元收购广州一地块权益以开发地铁上盖项目,Wind
2018-11-28,复星旅游赴港上市:上半年营收66亿亏半亿 现金流承压,新浪
2018-11-27,复星医药股东大会审议通过复宏汉霖境外上市议案,北京商报网
2018-11-27,沪深上市公司18年11月27日晚间上市公司重要公告,全景网
2018-11-27,27日晚间公告精选丨东方园林拟发优先股募资还债36亿元,21世纪经济报道
2018-11-27,复星医药：2018年第一次临时股东大会、2018年第一次A股类别股东会及2018年第一次H股类别股东会决议公告,上交所
2018-11-27,复星医药：子公司拟不超10亿元投建原料药基地,e公司
2018-11-27,机构：医保当年结余和滚存结余逐步增加 看好医药股结构性机会,证券时报
2018-11-27,上海复星医药：12月17日将召开“16复药01”“17复药01”和“18复药01”持有人会议,Wind
2018-11-27,上市公司通告摘要一览（5）,经济通
2018-11-27,27日早间上市公司重要公告汇总,证券时报网
2018-11-26,复星医药(02196)子公司用于治疗胃癌和乳腺癌新药获国家食药监临床试验注册审评受理,智通财经
2018-11-26,[快讯]复星医药71万限售股11月30日解禁,中财网
2018-11-26,复星医药：子公司抗癌新药临床试验申请获受理,Wind
2018-11-26,复星医药：子公司抗癌新药临床试验申请获受理,e公司
2018-11-26,专家诊股：龙辉国际走势偏弱 复星医药26止损,金融界
2018-11-26,"医药生物行业周报:药店分级意见稿出台,坚守细分景气龙头",光大证券
2018-11-24,复星医药董事长陈启宇：最具价值的医药企业是研发费用投入最大的企业,e公司
2018-11-23,30亿大品种！又一个抗感染药物通过一致性评价,米内网
2018-11-23,206家生物医药公司商誉达1544亿元 43家公司超过10亿元,证券日报
2018-11-23,指数成分股将调整，机构紧盯套利机会,中证报
2018-11-22,东证资管再踩两雷,证券市场周刊
2018-11-22,东证资管再踩雷:华域汽车、分众传媒走弱 多基金受伤,证券市场周刊
2018-11-22,带量采购公布新文件：所有药品、全部市场，降价限价！,医药网
2018-11-22,这50个品种，一致性评价最热门（附名单）,医药网
2018-11-22,试点带量采购模式落地 医药生物板块领跑两市,大众证券报
2018-11-22,盘前参考:国常会释放利好信号 沪深两地公司有福,中财网
2018-11-22,免疫治疗国内市场前景广阔 3.29亿大单月内抢筹9只股,证券日报
2018-11-21,疫苗股大涨真相：三点预售、四点售罄，多地出现疫苗“一针难求”！,e公司
2018-11-21,复星医药月底审议上市方案 独角兽复宏汉霖市值已达200亿,经济观察网
2018-11-21,[公告摘要]复星医药(02196.HK)11月27日召开股东会审议复宏汉霖境外上市及仅向H股股东提供保证配额,格隆汇
2018-11-21,复星医药：11月27日召开股东大会审议复宏汉霖境外上市方案,Wind
2018-11-21,【超级大单】 11月21日 11只个股特大单净流入超亿元,每日经济新闻
2018-11-21,11月21日 主力资金近三日都在买这些概念股,每日经济新闻
2018-11-21,11月21日 主力资金抢筹最积极的前10股（附名单）,每日经济新闻
2018-11-21,复星医药子公司药友制药全国首家通过盐酸克林霉素胶囊一致性评价,中金在线
2018-11-20,周二上市公司晚间重要公告（更新中）,金融界
2018-11-20,11月20日上市公司晚间公告速递,新浪
2018-11-20,[快讯]11月20日晚间沪深两市重要公司公告一览-更新中,中财网
2018-11-20,多家公司拟清仓减持，这份风险名单请收好,Wind
2018-11-20,复星医药：控股子公司药品通过仿制药一致性评价,Wind
2018-11-20,热点追踪：科技巨头加速布局智慧医疗，关注受益产业链板块,国元财富管理
2018-11-19,复星医药：第七届董事会第七十四次会议(临时会议)决议公告,上交所
2018-11-19,免疫疗法新突破 定向“杀手T细胞”研制成功,证券时报
2018-11-19,复星医药旗下Sisram拟收购以色列医美产品分销商NMI 60%股权,经济通
2018-11-19,【超级大单】 11月19日 10只个股特大单净流入超亿元,每日经济新闻
2018-11-18,医疗保健：4+7带量采购文件发布 荐8股,中泰证券
2018-11-16,红黄蓝事件一周年：有人获利，有人割肉，有人抄底被埋,和讯
2018-11-16,【超级大单】 11月16日 6只个股特大单净流入超亿元,每日经济新闻
2018-11-16,【平安医药】行业动态跟踪报告：4+7城市带量采购，压力中孕育着机会,A叶寅A医药行业研究
2018-11-16,达芬奇机器人致命案在英听证 复星医药独家代理前景黯淡？,证券日报
2018-11-16,周五最新重磅公司传闻集锦(11月16日),证券之星
2018-11-15,上交所推进科创板筹办 11只创投概念股被社保连续3个季度持仓,证券日报
2018-11-15,沪深300指数成分股公司：MQI平均披露率为34%,每日经济新闻
2018-11-13,复星医药：第七届董事会第七十三次会议(临时会议)决议公告,上交所
2018-11-13,基岩资本 | 全球医疗健康行业融资周报NO.25,和讯
2018-11-12,陈启宇谈复星：市值总会过度表现，内生外延耕耘不变,21商评网
2018-11-11,医疗保健：积极配置优质龙头公司 荐8股,中泰证券
2018-11-09,复星国际陈启宇：区块链等科技正在渗透影响着医疗行业,Bianews
2018-11-08,全球市场扫描：欧美股市大涨 今日A股有这些提示,第一财经
2018-11-07,每日外资动向|北向资金流入A股 沪深股通共流入近23亿元,腾讯网
2018-11-07,复星国际联席总裁、复星医药董事长陈启宇,新浪
2018-11-07,医药行业：板块收入和扣非净利延续稳健增长 分化加剧,申万宏源
2018-11-07,长城证券：国家对创新药利好政策不断兑现 关注6股,证券时报网
2018-11-07,世界领先的“达芬奇”手术机器人亮相进口博览会,中新网
2018-11-06,快讯：港股医药股午后集体上涨 希玛眼科大涨超26%,新浪
2018-11-06,医疗保健：进入慢病管理时代,申万宏源
2018-11-06,【权益变动】复星医药(02196-HK)获复星国际增持185.25万股,财华社
2018-11-05,【中银医药】医药生物行业2018年三季报综述——行业整体收入和扣非利润保持20%的增速中枢,周观宇论
2018-11-05,【平安医药】生物医药行业2018年三季报综述：医药2018Q3收入回暖，利润承压，子行业分化加剧,A叶寅A医药行业研究
2018-11-05,【平安重点】行业专题报告*生物医药*基药定义与国际接轨，新增西药市场规模近1500亿*强于大市,平安研究
2018-11-05,平安研报20181105,平安研究
2018-11-05,【川财研究所*常规报告】第一批境外上市临床急需新药名单发布,川财研究
2018-11-05,陷造假风波，又一高管离职，净利润三连跌，复星医药该如何“复兴”？,和讯
2018-11-05,"医药周报:新版基药目录支持国产创新,医药板块进入配置区间",长城证券
2018-11-02,【医药】江琦、赵磊：医药上市公司2018三季报分析：研发创新驱动行业发展，高景气板块持续-20181101,中泰证券研究所
2018-11-02,"复星医药:创新研发持续高投入,短期业绩下滑明显",西南证券
2018-11-02,"复星医药三季报点评:研发投入加大影响当期业绩,生物类似药上市可期",国海证券
2018-11-01,花更少的钱用更好的药 一致性评价铺就中国仿制药提质之路,中国医药报
2018-11-01,"复星医药:研发投入持续加大,业绩短期承压",正点财经
2018-10-31,复星医药前三季净利减少13.44% 近5年利润增幅逐年走低 盈利能力下降,中国网
2018-10-31,复星医药：结合实际情况适时考虑回购,Wind
2018-10-31,复星医药：密切关注回购新规 将适时考虑,e公司
2018-10-31,融资客青睐26股，吉视传媒买入占比高达52.96%,Wind
2018-10-31,复星医药三季度净利降幅增至两位数,证券日报
2018-10-30,和聚投资:市场低位何时反弹?短期看政策中长期看经济,新浪
2018-10-30,复星医药发布三季报:营收同比增39% 研发费用增59%,新浪
2018-10-30,复星医药跌逾3% 首三季少赚13%,新浪
2018-10-30,五家公司新闻现重大利空,证券之星
2018-10-29,公告精选：多只白马股第三季度业绩“不达预期”，上市公司密集发布回购公告,每日经济新闻
2018-10-29,[公告摘要]复星医药(02196.HK)前9月营收达181.42亿元 同比增长39.99%,格隆汇
2018-10-29,复星医药发布三季报 营收同比增长39.99%,腾讯网
2018-10-29,复星医药前三季度营收同比增长39.99% 研发费用同比增长59.13%,中证网
2018-10-29,复星医药：前三季度净利润同比减13.44% 盈利能力下降,Wind
2018-10-29,医疗保健：新版国家基药目录发布 强调临床价值与保障供应并重,上海证券
2018-10-29,安信港股晨报：内地积极推动救市，继续关注金融股,安信国际
2018-10-29,四大机构三季度持股动向浮出水面：金融股地产股依然是机构最爱,深圳商报
2018-10-29,中证报头版：公募基金三季度大手笔增持金融板块,中证报
2018-10-29,恒瑞医药前三季度实现净利29.12亿元,证券日报
2018-10-28,医疗保健：三季报接近收官 医药成长依旧,联讯证券
2018-10-28,医疗保健：积极配置优质龙头公司 荐8股,中泰证券
2018-10-27,最新数据！十大基金公司重仓股来了，最爱这些股(名单),中国基金报
2018-10-26,【海通策略】加金融减消费——基金2018年三季报点评（荀玉根、郑子勋）,微信
2018-10-26,一致性评价新增一品种集齐三家！,医药云端工作室
2018-10-26,复星医药：控股子公司获药品临床试验批准,金融界
2018-10-26,7家药企入选2017沪深上市公司商标品牌价值排行榜,制药网
2018-10-25,这12家药企品牌价值最高！,医药观察家网
2018-10-25,原料药又“出事”！ 两家上市药企“中招”,米内网
2018-10-25,医药行业周报:中长线布局迎来较好切入点,渤海证券
2018-10-24,复星医药1000万美元将投资美癌症诊断测试商Glycotest 获其40%股权,晨哨网
2018-10-23,这4家通过一致性评价的企业获150万元奖励,米内网
2018-10-22,港股异动︱市场情绪逐渐恢复 医药股整体回暖,智通财经
2018-10-22,"医药行业周报:政策底部明显,绩优股或反弹",西南证券
2018-10-20,14省联合议价结果公布！这48个药降价了（附名单）,赛柏蓝
2018-10-18,交银国际：东阳光药派发2018年中期股息,新浪
2018-10-18,10月18日券商晨会研报汇编,证券日报
2018-10-18,"医药生物行业深度报告:带量采购专题研究,以上海为例看政策方向",国海证券
2018-10-17,东方红权益投资“悍将”触礁，年内六成产品亏损 亏损,和讯
2018-10-17,医疗保健：破晓已现 荐3股,中泰证券
2018-10-17,医疗保健：17种抗癌药进医保 荐12股,渤海证券
2018-10-17,"医药行业周报:17种抗癌药进医保,多省市发文响应",渤海证券
2018-10-16,复星医药控股子公司拟出售旗下资产 优化资源配置,新京报
2018-10-16,复星集团保险板块扩张火热，中国区域收益还处低势,国际金融报
2018-10-16,[公告摘要]复星医药(02196.HK)附属拟3.64亿元转让SHL5.69%股权,格隆汇
2018-10-16,东方红熊市发行五年定开混基，旗下定开基金盈利状况堪忧,和讯
2018-10-15,[看好评级]医药生物行业2018年三季报业绩前瞻：医药需求刚性 预计增长保持稳健,中财网
2018-10-15,[推荐评级]医药行业周报：17种抗癌药纳入国家医保 研发驱动型企业长期受益,中财网
2018-10-15,【申万宏源医药闫天一团队】20181012周观点：医药需求刚性，预计增长保持稳健——医药生物行业2018年三季报业绩前瞻,申万投资健康
2018-10-15,7家中国药企上榜“2018世界最佳雇主”,制药网
2018-10-15,生物医药行业:第三批抗癌药医保谈判落地 以价换量期待结果,中证网
2018-10-15,"医药行业周报:估值吸引力强,期待三季报行情",西南证券
2018-10-13,复星医药孙公司重庆医工院遭举报后被收回GMP证书 诉讼纠纷,野马财经
2018-10-12,复星医药：重庆医工院GMP证书被收回不会对集团产生重大影响,e公司
2018-10-12,复星医药：重庆医工院被重庆食药监局处罚，对公司无重大影响,Wind
2018-10-12,临床最常用局麻药物断货 原材料价格暴涨近百倍(附股),金融界
2018-10-11,10月11日券商晨会研报汇编,证券日报
2018-10-11,"医药行业周报:抗癌专采持续推进,行业供给格局保稳向优",渤海证券
2018-10-10,仿制药概念走弱 华海药业跌停,e公司
2018-10-10,【平安医药】行业动态跟踪报告：第三批抗癌药医保谈判落地，以价换量期待结果,A叶寅A医药行业研究
2018-10-09,国药升逾3％暂最佳国指股 获海通国际升目标价,经济通
2018-10-09,复星医药副总裁离职,北京商报
2018-10-08,新华保险：第六届董事会第二十六次会议决议公告,上交所
2018-10-08,新华保险(01336)拟与复星关联公司订立日常关联交易框架协议,智通财经
2018-10-08,【平安】行业深度报告*生物医药*抗肿瘤靶向药深度分析：广袤市场，英雄辈出*强于大市,平安研究
2018-10-08,医疗保健：医药很可能迎来结构性艳阳天 荐14股,西南证券
2018-10-07,[公告摘要]复星医药(02196.HK)：石加珏辞任副总裁职务,格隆汇
2018-10-07,石加珏辞任复星医药(02196)副总裁职务,智通财经
2018-10-07,复星医药：石加珏申请辞去副总裁职务,Wind
2018-10-06,复星医药股票分析：复星凯特CAR-T获批临床，未来有望快速推进,南方财富网
2018-10-02,港股医药行业月报20180928,国泰君安证券香港
2018-10-02,Butterfly获富达领投2.5亿美元D轮融资，研发便携式全身超声扫描仪,猎云网
2018-09-30,上半年医药行业业绩向好 这五大药企营收占近20%,制药网
2018-09-29,2018上半年医药制造行业概览：行业总体进入调整期 一致性评价进程提速,每日经济新闻
2018-09-29,嘉实事件驱动多只重仓股大跌，海归基金经理“水土不服”,和讯
2018-09-29,"医药周报2018第34期:关注结构性机会,看好创新药和生物类似药的发展",长城证券
2018-09-28,宁波水表成功过会，安联锐视被否,联讯新三板研究
2018-09-28,09月28日 48只个股已连涨5天,每日经济新闻
2018-09-28,全球资金流向监测：除新兴债市外，其他均现流出,Kevin策略研究
2018-09-28,复星医药子公司布局超声领域 竞争对手称项目“一直没有起量的趋势”,中证网
2018-09-28,独角兽早报 | 捷利交易宝挂牌上市；触宝科技今日登陆纽交所；流利说纳市IPO；三家公司今起招股,和讯
2018-09-28,复星医药：全球资本助力 生物药龙头复宏汉霖走上舞台,中泰证券
2018-09-28,复星医药控股子公司复宏汉霖拟赴港上市 撤回新三板挂牌申请,新京报
2018-09-27,复星医药：第七届董事会第七十一次会议(临时会议)决议公告,上交所
2018-09-27,公告精选：高升控股遭立案调查 思特奇股东拟减持不超20.43%股份 减持股份,e公司
2018-09-27,复宏汉霖撤回新三板挂牌申请 拟赴港上市,中证网
2018-09-27,撤回新三板挂牌申请 复星医药控股子公司复宏汉霖拟赴港上市,e公司
2018-09-27,布局智能手机超声成像仪 复星医药斥资1.06亿美元投资BNI,全景网
2018-09-27,[公告摘要]	复星医药(02196.HK)：复宏汉霖撤回新三板上市申请并拟于港交所主板上市,格隆汇
2018-09-27,复星医药1.06亿美元投资BNI 布局智能手机超声成像仪,新浪
2018-09-27,复星医药：复宏汉霖撤回新三板上市申请 拟赴港上市 IPO融资异常,e公司
2018-09-27,股市快讯：午后生物制品走强 华兰生物涨逾7%,中国经济网
2018-09-27,医药股集体大涨 机构揭秘打好四季度“反击战”的三条思路,证券时报网
2018-09-27,97个药品通过一致性评价 可能将放弃GPO？,医药网
2018-09-27,北上资金成交额剧增 继续加仓白酒龙头,证券时报
2018-09-26,再添一个！复星已有5个品规通过一致性评价,医药云端工作室
2018-09-26,恒指收涨逾1%，海底捞上市首日险守发行价,Wind
2018-09-26,看好中国｜健康中国——估值较低 市场反弹之际关注龙头标的,巨丰财经
2018-09-26,Butterfly获富达领投2.5亿美元D轮融资，进一步研发便携式全身超声扫描仪,猎云网
2018-09-26,港股异动︱受益于研发费用加计扣除政策 医药股普涨,智通财经
2018-09-26,创新研发日益受重视，这3家药企上半年投入超5亿！,制药网
2018-09-26,医药行业：带量采购政策带来持续压力 更多关注政策免疫的服务、类消费和创新药,联讯证券
2018-09-26,国开证券研究20180926,国开证券研究
2018-09-26,尾盘资金抢筹这些个股,中金在线
2018-09-26,26日早间上市公司重要公告汇总,证券时报网
2018-09-26,【医药生物】研发支出税收抵扣新政影响测算：利好研发驱动型企业及CRO行业,中信建投证券研究
2018-09-26,"医药行业周报:基药制度进一步完善,制药业供给侧持续改革",渤海证券
2018-09-25,花费600万，复星-阿奇霉素胶囊通过一致性评价！,药物一致性评价
2018-09-25,复星医药：阿奇霉素胶囊通过仿制药一致性评价,证券时报
2018-09-25,A股头条之上市公司公告精选（9.26）,金融界
2018-09-25,肿瘤学盛宴：国产创新药锋芒初露,顶尖财经网
2018-09-24,医疗保健：研发费用加计扣除率提高 致力研发创新的企业受益更大,华金证券
2018-09-23,医疗保健：持续看好创新药产业链 荐8股,中泰证券
2018-09-21,9月21日上市公司晚间公告速递,新浪
2018-09-21,复星医药：子公司实体瘤治疗新药临床试验申请获受理,Wind
2018-09-21,复星医药：控股子公司用于实体瘤治疗新药临床试验申请获受理,e公司
2018-09-21,【中金海外策略】全球资金流向监测：大幅流入美国，新兴依然流出但压力减轻,Kevin策略研究
2018-09-21,复星医药：带量采购政策有利于将质高价优的产品引入市场,Wind
2018-09-21,复星医药：带量采购政策有利于将质高价优的产品引入市场,e公司
2018-09-21,药品带量采购政策利好龙头企业,中证网
2018-09-20,复星医药：集团今年将有五十余个品种开展一致性评价,Wind
2018-09-20,【晨会聚焦】锂电中游再扬帆，医药价值渐显现,中泰证券研究所
2018-09-20,药明康德启动在港上市程序 或成第三只A+H医药股,中证报
2018-09-20,登陆沪市百余日再望香江 药明康德启动“A+H”计划,21世纪经济报道
2018-09-19,医药行业：带量采购祸福相依 危机并存,光大证券
2018-09-19,【中投早知道】2018-09-20,赢家之星
2018-09-19,"“大医保”动态跟踪系列报告之三:带量采购,祸福相依,危机并存",光大证券
2018-09-18,看好中国｜健康中国——事件影响不大 低吸龙头标的,巨丰财经
2018-09-18,德银下调香港医药股目标价,中证网
2018-09-18,复星集团计划投资30亿元建设ClubMed南京度假村,北京商报
2018-09-18,【金融工程】唐军、陈俊伟（研究助理）、李倩云（研究助理）：中泰金工事件驱动周报主营产品涨价及冷门股效应-20180917,中泰证券研究所
2018-09-17,医疗保健：带量采购影响行业信心 板块调整暂且养精蓄锐,上海证券
2018-09-17,郭广昌投资新能源，为何选择了它？,Ofweek
2018-09-17,"医药股中长期投资价值被看好 当前""追涨杀跌""已成风",新浪
2018-09-14,易方达折戟医疗股 重创之下投资者巨亏 重大损失,华夏时报
2018-09-14,鹏华基金年内指数基金跌幅惨重，亏损近5亿收取管理费超千万,和讯
2018-09-14,易方达宋昆管理4只基金半年亏损11亿元，收取管理费1.7亿元,和讯
2018-09-14,【兴业定量任瞳团队】基金经理揭秘系列之八：嘉实基金齐海滔,XYQUANT
2018-09-14,药物临床试验数据核查将开展，涉及50个药！,制药网
2018-09-14,医保动态跟踪系列——药品带量集采全国试点：短期阵痛，中长期加速产业升级,申万宏源研究
2018-09-14,恒指高开0.8%报27229点 吉利汽车领涨蓝筹,金融界
2018-09-14,"医药行业医药国产赫赛汀上市申请点评:首个国产赫赛汀上市申请获得受理,中国单抗市场爆发在即",长城证券
2018-09-13,【独家】“龙象之争”—中印药企获FDA批准的药品大比拼,药智网
2018-09-13,史上最惨医药股集体杀跌是带量采购惹的祸吗？,搜狐
2018-09-13,【数据揭秘】09月12日 融资客最看好的前20只个股,每日经济新闻
2018-09-13,融资客青睐34股，东方集团买入占比高达57.51%,Wind
2018-09-12,复星又出手母婴，年糕妈妈获过亿B+轮融资,国际金融报
2018-09-12,恒生指数收盘跌0.29% 生物医药等消费白马股重挫,证券时报网
2018-09-12,恒指探底回升收跌0.29%，医药股全线重挫,Wind
2018-09-12,【超级大单】 09月12日 8只个股特大单净流入超亿元,每日经济新闻
2018-09-12,9月初，获药物临床试验批件的企业大梳理,制药网
2018-09-12,白马股杀跌 大华股份、海康威视跌近8%,证券时报网
2018-09-12,恒指下跌0.4%再创逾1年新低 医药股领跌蓝筹,新浪
2018-09-12,基因研究取得重要进展 关注精准医疗,第一财经
2018-09-12,最前线|临近上市，专注母婴的宝宝树为什么做起了金融服务？,36氪
2018-09-12,国企医院剥离倒计时： 资本圈地跨越“万张床位”门槛,21世纪经济报道
2018-09-10,复星医药：控股子公司获药品临床试验批准,e公司
2018-09-10,A股市场资金变动一览（9月10日）,Wind
2018-09-10,[公司信息]【增减持】复星医药(02196.HK)获Wellington Management Group LLP增持2.75万股,格隆汇
2018-09-10,证监会年内首批两公司QFII资格大数据揭秘外资长期投资图谱,顶尖财经网
2018-09-09,医疗保健：自下而上选择穿越熊市 荐5股,财通证券
2018-09-08,我国儿童疟疾预防用药 通过世界卫生组织预认证,中国经济网
2018-09-08,秋播逆生长的公司,红周刊
2018-09-07,沪指勉强收复2700点，看好白马股估值回归及有业绩支撑超跌股机会,云掌财经
2018-09-07,09月07日 主力资金抢筹最积极的前10股（附名单）,每日经济新闻
2018-09-07,医药行业：行业持续稳健增长分化明显强者恒强,顶尖财经网
2018-09-07,复星医药新药临床获批 上半年费用拖累业绩增长,号外财经网
2018-09-07,A股13920亿商誉悬顶需警惕：上海医药破百亿,新浪
2018-09-07,23股获券商买入评级 万科A目标涨幅达97.28%,Wind
2018-09-07,近九成生物医药企业销售费用上涨105家公司涨幅超50%,顶尖财经网
2018-09-07,老板们要小心了 现在流行员工举报,证券时报
2018-09-07,6家药企亚洲最强,医药地方台
2018-09-06,宜华健康两年收购医院超20家 床位数过万,医药网
2018-09-06,医疗保健：短期事件拖累表现 荐3股,广发证券
2018-09-06,复星医药跌幅已超过20% 易方达系六基金遭“团灭”,证券市场周刊
2018-09-06,上半年9家药企销售费用超20亿 7家增长翻倍,米内网
2018-09-06,2018年医药行业中报总结分析：暂时无方向性自下而上选择为主,顶尖财经网
2018-09-06,乐视网和中弘股份停牌核查;两只养老目标基金下周一发行;金力永磁、丰山集团今日申购|9月6日,恒泰头派账户
2018-09-06,【晨会聚焦】中报分红的机遇与风险,中泰证券研究所
2018-09-06,【医药-复星医药(600196)】江琦、赵磊：公司点评：嫁接海外成熟产品技术，CAR-T细胞治疗取得突破-20180905,中泰证券研究所
2018-09-06,【药讯】复星引进的全球第二款CAR-T疗法Yescarta获临床批准、华海抗VEGF单克隆抗体获临床批件,药智网
2018-09-06,"医药行业周报:基药目录大调整,国务院下令增补187个品种",渤海证券
2018-09-05,二季度险资新增持股88只，看好材料、银行板块,国际金融报
2018-09-05,A股头条之上市公司公告精选（9.6）,金融界
2018-09-05,复星医药参投公司在研CAR-T药物临床试验获受理,中证网
2018-09-05,复星医药(02196)：抗淋巴瘤药益基利仑赛获药品临床试验批准,智通财经
2018-09-05,5日晚间公司重大利好公告,证券之星
2018-09-05,复星医药：复星凯特获药品临床试验批准,e公司
2018-09-05,医疗保健：基药目录大调整 荐13股,渤海证券
2018-09-05,这里有一份透露投资动向的半年报 请查收！,中金在线
2018-09-05,医疗保健：国产医械首登《柳叶刀》,川财证券
2018-09-05,八月衰基金之三：安信消费医药换股逃不过狂跌宿命,中国经济网
2018-09-05,上半年广告费用同比增长逾四成,中证报
2018-09-05,重庆医药工业研究院公司被举报： 生产、注册工艺不一致频现 部分系历史遗留问题,21世纪经济报道
2018-09-05,"医药生物行业周报:板块业绩高增长,短期关注超跌与绩优股",华安证券
2018-09-04,复星旅文赴港上市，收购来的Club Med营收贡献超95%,国际金融报
2018-09-04,【天风研究·固收】信用早早报（9月4日）,固收彬法
2018-09-04,国家药监局介入复星医药子公司事件,北京商报
2018-09-03,沪港通十大成交活跃股排名（9月3日）,Wind
2018-09-03,资金流:低价4股光伏1股流入居前 两市净流出183亿,金融界
2018-09-03,303亿资金争夺20股：主力资金重点出击7股(名单),新浪
2018-09-03,268家上市药企公布上半年研发费用 4家超4亿元,制药网
2018-09-03,沪指下跌0.89%跌破2800点关口 通信运营、铁路运输等板块领跌,腾讯网
2018-09-03,财融汇·早间必读 | 20180903,财通证券融资融券部
2018-09-03,员工自曝子公司“五宗罪” 复星医药市值蒸发超50亿元 连续下跌,扬子晚报
2018-09-03,上市公司发力自主研发，上半年研发投入逆势增逾两成,中证报
2018-09-03,上市公司发力自主研发 上半年研发投入逆势增逾两成,中证报
2018-09-02,医疗保健：拥抱龙头 荐8股,中泰证券
2018-09-02,中弘股份重组引罗生门 暴风集团发文或违规招来监管函 其他违规处罚,证券之星
2018-09-01,2公募高管变更专家狠批富荣基金信披错误,中国基金网
2018-09-01,国家药监局派出“复星举报案”督查组,北青网
2018-09-01,GPLP早报：悟空问答为何并入微头条伊利被质疑成长不再,搜狐
2018-08-31,复星医药突遭利空盘中跌停，投资者该如何面对A股这些“黑天鹅”？,中金在线
2018-08-31,复星医药子公司被举报进展：国家药监局已派出督察组,新京报
2018-08-31,巨牛观市：是时候展现真正的技术了,巨丰财经
2018-08-31,金融街下午茶2018年8月31日星期五,Wind
2018-08-31,秦洪看盘｜紧张情绪下白马股闪崩，放大A股市场调整压力,澎湃新闻
2018-08-31,资金流:科技2股地产3股流入居前 两市净流出177亿,金融界
2018-08-31,复星医药800亿巨头暴跌子公司遭员工举报被紧急调查 关联方问题,新浪
2018-08-31,次新股居板块跌幅榜前列,红周刊
2018-08-31,401亿资金争夺20股：主力资金重点出击5股(名单),新浪
2018-08-31,复药否认附属造假传闻 惟股价挫近5％ 欺诈造假,经济通
2018-08-31,外资尾盘涌入极其靠谱 快来盯牢这10股,红周刊
2018-08-31,快讯：复星医药H股现价下跌4.95% 报31.65元,新浪
2018-08-31,复星医药股价跌近5% 报31.65元,新浪
2018-08-31,8月收官战再曝地雷 午后能否深V逆转？,证券之星
2018-08-31,5G概念引领科技股快速回暖,红周刊
2018-08-31,沪指盘中“V”型反转,红周刊
2018-08-31,港股午盘：资讯科技板块领跌 腾讯半日重挫4.6%,每日经济新闻
2018-08-31,保险、银行、券商板块上扬,红周刊
2018-08-31,午评：沪指探底回升微跌0.08% 银行基建等护盘,网易
2018-08-31,员工自爆子公司“五宗罪”，复兴医药目前市值已蒸发超40亿元,Wind
2018-08-31,午评：两市下探回升沪指跌0.08% 银行股护盘走强,新浪
2018-08-31,复星医药回应举报：产品均根据已批准工艺生产,每日经济新闻
2018-08-31,复星医药子公司遭举报恐担心成为下一个长生生物,搜狐
2018-08-31,半年报透露机构新动向 社保基金又在抄底了？,中证网
2018-08-31,复星医药旗下被举报造假的重庆医工院，此前已有“案底”,第一财经
2018-08-31,复星医药旗下被举报造假的重庆医工院，此前已有“案底” 诉讼纠纷,第一财经
2018-08-31,复星医药回应：我们内部看没有任何问题,新京报
2018-08-31,复星医药卷入造假门盘中触跌停 证金二季度增持被套 欺诈造假,中国经济网
2018-08-31,国泰君安国际**环球早间速递**2018年8月31日周五,国泰君安证券香港
2018-08-31,复星医药回应“重庆食药监局对其子公司展开调查”：内部看没有任何问题,Wind
2018-08-31,子公司被公开举报 复星医药A股触及跌停,金融界
2018-08-31,【盘中动态】大消费板块调整，迎布局机会？,每日经济新闻
2018-08-31,A股开盘丨两市集体低开，网络游戏板块领跌,第一财经日报
2018-08-31,复星医药AH股大跌超8%,中证网
2018-08-31,子公司被举报编造生产记录 复星医药H股开盘跌5.7%,金融界
2018-08-31,复星医药低开低走跳水7.84%报28.90元 成交5.88亿元,腾讯网
2018-08-31,复星医药回应“造假”举报：旗下药厂正按FDA要求整改 诉讼纠纷,腾讯网
2018-08-31,复星医药开盘大跌，旗下公司被食药监部门调查,Wind
2018-08-31,早知道：ST长生9月3日起被停牌 中弘重组协议终止 重大事项停牌,网易
2018-08-31,【东北医药崔洁铭/齐震】复星医药(600196)中报点评：研发投入大幅增加，即将步入收获期,东北证券研究所
2018-08-31,复星医药子公司被举报追踪：重庆食药监局已展开调查,和讯
2018-08-31,复星医药遭遇“黑天鹅” 重庆食药监局已进驻子公司调查 关联方问题,和讯
2018-08-31,上半年机构持股新动向：证金增持金融地产,证券时报
2018-08-31,复星医药旗下公司被食药监部门调查 其他违规处罚,中证报
2018-08-31,复星医药子公司被公开举报：FDA曾警示其数据造假 其他违规处罚,每日经济新闻
2018-08-31,QFII连续6个季度持仓90只个股 27只绩优股受机构青睐,证券日报
2018-08-31,290家生物医药公司实现营收7045亿元 超七成净利润增长,证券日报
2018-08-30,复星医药：重庆食药监局已就信件内容进行飞行检查 结果尚待结论性意见,e公司
2018-08-30,复星医药：重庆食药监局已进行飞行检查，结果尚待结论性意见,Wind
2018-08-30,复星医药遭员工举报：比长生生物更恶劣 多次遭美国FDA警告 诉讼纠纷,凤凰网
2018-08-30,股市藏宝图：创投板块迎政策利空，工行拟发优先股募资近千亿,腾讯网
2018-08-30,又一个长生生物？复星医药旗下公司遭员工举报,新浪
2018-08-30,晚间要闻2018年8月30日星期四,Wind
2018-08-30,复星医药子公司被举报生产和检验记录造假，重庆检查组已进驻 诉讼纠纷,澎湃新闻
2018-08-30,复星半年报，让郭广昌“一身轻”,虎嗅网
2018-08-30,复星医药回应子公司被举报编造生产记录、骗取GMP证书：不符合事实,Wind
2018-08-30,医药行业交9年来最好成绩单 研发投入加码,证券时报
2018-08-30,郭广昌：经济下行有更多投资机会 复星净负债率将控制在60%以下,21世纪经济报道
2018-08-30,复星国际上半年净利同比增长17% 郭广昌：继续推动核心资产对接资本市场,每日经济新闻
2018-08-30,医药行业周报:国家药监局就药品信息化追溯体系建设征求意见,渤海证券
2018-08-29,复星国际上半年净利68.6亿元 健康板块利润增长31.2%,经济观察网
2018-08-29,【盘前看市】等待缩量回调机会 低吸超跌白马股和科技股,云掌财经
2018-08-29,复星医药2018上半年营收、研发投入双增长，海外布局效应明显,21世纪经济报道
2018-08-29,持仓全貌曝光 基金继续青睐消费股,天天基金网
2018-08-29,8月29日券商晨会研报汇编,证券日报
2018-08-29,【医药-崔文亮】复星医药：非经常性投资收益下滑及费用率上升拖累公司业绩，研发迎来收获期 盈利能力下降,安信证券研究
2018-08-28,投资高手复星2018上半年科创投入40亿 医药类投入增幅接近90%,经济观察网
2018-08-28,复星国际上半年实现净利68.58亿元，同比增长17% ｜新京报财讯,新京报
2018-08-28,【独家】半年报数据说：复星、中国医药营收达百亿，科伦净利迅增，泰格研发投入超销售费用,药智网
2018-08-28,复星国际上半年净利68.6亿元 同比增长17%,证券时报网
2018-08-28,厉害了，我的A股！有背景的退市股都被“大神”救走了,Wind
2018-08-28,复星国际发布2018上半年业绩 利润同比增长17%,新浪
2018-08-28,涨停板复盘：沪指震荡整理跌0.11% 自由贸易港崛起,新浪
2018-08-28,360亿资金争夺20股：主力资金重点出击5股(名单),新浪
2018-08-28,药企下功夫研发等来“风口” 多家企业创新药多点开花,制药网
2018-08-28,[推荐评级]医药行业周报：理性看待药监人事变化 积极布局估值切换行情,中财网
2018-08-28,"攀钢钒钛开盘后3分钟""跌停"" 恢复上市""暴利""时代终结",中国基金报
2018-08-28,港股半日总结：恒指升68点，港交所造好，申洲弹逾6%,理财18
2018-08-28,港股开市：恒指高开259点，建行向好，舜宇续扬,理财18
2018-08-28,广证恒生-融资融券日报-沪指上涨，两融上升-20180828,广证恒生策略研究
2018-08-28,业绩殿后黯淡离任 东证资管林鹏“一拖五”变“一拖三”,号外财经网
2018-08-28,复星医药公布2018年中报 研发投入倍增 坚定创新和国际化,全景网
2018-08-28,融资余额回稳，跨境资金继续流入,国盛证券
2018-08-28,一根阳线改变三观？行情大小，还看这个指标；5G概念不断扩散，多股涨停！,恒泰头派账户
2018-08-28,复星医药：8月27日融资余额为20.22亿元，较前一日骤增27.96%,Wind资讯
2018-08-28,操盘必读：8月28日证券市场要闻,财界网
2018-08-28,*ST建峰今日恢复上市,大众证券报
2018-08-28,[快讯]招商成长基金公布半年报 收益为-14.21%,中财网
2018-08-27,[快讯]复星医药公布半年报,中财网
2018-08-27,"[公告摘要]复星医药(02196.HK)：""重组人胰岛素产业化项目""可使用状态日期延至2020年12月",格隆汇
2018-08-27,复星医药：上半年净利下滑8% 研发费用增长超五成 盈利能力下降,e公司
2018-08-27,3000股放量普涨！社保、私募齐加仓，触底反弹开始了？,21财经搜索
2018-08-27,复星医药：上半年净利润同比减7.61% 盈利能力下降,Wind
2018-08-27,*ST建峰明日恢复上市 股东榜有3家上市公司（名单）,证券时报网
2018-08-27,8月27日A股全天资金主力净流入、净流出前十大个股,中证网
2018-08-27,【今日论市】脉冲式反弹，或以空间换时间,华信涨停财经
2018-08-27,涨停板解密：医药生物股火爆再启动！（8月27日）,Wind
2018-08-27,资金流:消费5股科技3股流入居前 两市净流入274亿,金融界
2018-08-27,德新交运冲击6连板失败，京天利4连板接替市场总龙头,云掌财经
2018-08-27,405亿资金争夺20股：主力资金重点出击19股(名单),新浪
2018-08-27,A股放量大涨：沪指三连阳收复20日线，创业板指暴涨近3%,澎湃新闻
2018-08-27,漫长且考验人性 明日三大看点,山东神光
2018-08-27,8月27日复盘：投资机会增加 主力重点出击19股(名单),新浪
2018-08-27,揭秘涨停板：5G概念股轮番上涨 金信诺等5股涨停,腾讯网
2018-08-27,5G概念再度爆发,红周刊
2018-08-27,港股异动︱复星医药(02196)A股涨停 H股跟涨8.93%,智通财经
2018-08-27,医药板块午后走强 启迪古汉、利德曼等6股涨停,中国经济网
2018-08-27,[港股异动]医药生物股继续回暖 康臣药业(01681.HK)领涨,格隆汇
2018-08-27,医药板块崛起，复星医药、华兰生物等多股涨停,Wind
2018-08-27,【盘中动态】多只医药股涨停 多数机构仍然持乐观态度,每日经济新闻
2018-08-27,医药制造板块崛起 复星医药等6股集体涨停,金融界
2018-08-27,医药股集体大涨 复星医药等多股涨停,e公司
2018-08-27,港股恒指涨2.06%报28243.09点 国指上涨2.7%,新浪
2018-08-27,复星医药高开高走拉升5.33%报32.20元 成交4.44亿元,腾讯网
2018-08-27,【医药-复星医药(600196)】江琦、赵磊：2018H1点评：研发投入大幅增加影响表观利润，创新趋势继续-20180828,中泰证券研究所
2018-08-24,本土制药企业对美国西药制剂出口概况,医药网
2018-08-24,“黑天鹅”事件影响继续 医药A股千亿市值企业仅剩两家,制药网
2018-08-24,资金流:金融5股业绩2股流入居前 两市净流出32亿,金融界
2018-08-24,复星医药(02196-HK)发行第一期公司债券将上市,财华社
2018-08-23,港股半日总结：恒指倒跌200点瑞声偏软医药股逆升,理财18
2018-08-22,【国金策略】二级市场净减持--资金周度监测124期（李立峰/魏雪等）,策略李立峰与行业配置笔记
2018-08-21,复星医药：第七届董事会第六十九次会议(临时会议)决议公告,上交所
2018-08-21,浪眼财经丨石药绩后冲高领跑，歌礼、百济“决战港股”路在何方？,新浪医药
2018-08-21,绩优股遭遇持续下跌，东证资管“大牛”基金悉数亏损,中金在线
2018-08-21,复星医药子公司SISRAM MED 2018上半年收入增长7820万美元 全球拓展“医+美”,经济观察网
2018-08-21,复星医药向赞比亚捐赠抗疟药品,北京商报
2018-08-21,北上资金持续买入MSCI成分股 11股增持幅度超100%,证券时报
2018-08-20,多家上市公司抢跑注射剂一致性评价 未过一致性评价药被踢出市场,和讯
2018-08-20,[推荐评级]医药行业周报：调整后 自下而上的机会已愈发显著,中财网
2018-08-20,医药生物行业周报：医保基金收入首次负增长?,中财网
2018-08-20,百济神州半年亏损18亿元 歌礼制药腰斩或成前车之鉴,中国经济网
2018-08-17,中美生物医药合作已初步扭转“一边倒”局面,医药网
2018-08-17,港股全日总结：憧憬中美贸易谈判，恒指升113点，腾讯弹逾3%,理财18
2018-08-17,四大原因引发今天大跌,中财网
2018-08-17,8月17日复盘：当务之急恢复信心 主力资金均现净流出,新浪
2018-08-17,资金流:次新3股低价3股流入居前 两市净流出232亿,金融界
2018-08-17,313亿资金争夺20股：主力资金均呈现净流出(名单),新浪
2018-08-17,A股、H股医药板块集体大跌,每日经济新闻
2018-08-17,快讯：医药板块重挫 美年健康等3股跌停,第一财经
2018-08-17,医药板块午后仍无起色，美年健康、康泰生物双双跌停,Wind
2018-08-17,8月17日跌停股揭秘：风华高科再度闪崩 股价逼近跌停 连续下跌,中证网
2018-08-17,快讯：生物医药板块全线下挫 我武生物大跌近5% 连续下跌,新浪
2018-08-17,生物医药股全线下挫 连续下跌,每日经济新闻
2018-08-17,生物医药股下挫 泰格医药快速跌停,e公司
2018-08-17,“国家队”持仓稳健 社保基金积极调仓,中证报
2018-08-16,易方达郭杰携两基金交叉持股改革改成了“喝酒”,新浪
2018-08-16,"医药行业周报:国家医保局,14种抗癌药将迎新一波降价",渤海证券
2018-08-16,押注中国生物医药，Loncar中国生物医药ETF启动,医药魔方
2018-08-15,[增持评级]“大医保”动态跟踪系列报告之一：医保局应运而生 系列新政呼之欲出,中财网
2018-08-15,7月医药大事件之榜单篇：肯定药企成绩 提供发展动力,制药网
2018-08-15,医疗保健：14种抗癌药将迎新一波降价 荐12股,渤海证券
2018-08-14,[推荐评级]医药行业周报：论带量采购的影响与投资策略,中财网
2018-08-14,[看好评级]医药生物行业周报：挖掘估值切换带来的优质股价值投资机会,中财网
2018-08-14,【山证医药】医药生物行业周报（20180806-20180812）：挖掘估值切换带来的优质股价值投资机会,山西证券研究所
2018-08-13,医疗保健：挖掘估值切换带来的优质股价值投资机会 荐1股,山西证券
2018-08-13,专家诊股：中国铁建可留意 食品股看高一线,金融界
2018-08-13,[推荐评级]医药生物行业深度研究报告：上海带量采购结果及趋势分析,中财网
2018-08-13,永安保险困局：利润腰斩 风险评级下调 盈利能力下降,投资者报
2018-08-12,医疗保健：医药性价比持续提升 荐5股,川财证券
2018-08-12,医疗保健：创新药进入兑现期 荐8股,中泰证券
2018-08-10,复星系人身险公司上半年投诉量排名靠前 业务收入剧增,中国网
2018-08-10,历经“镇痛”后医药股被治愈？医疗产业链个股全面爆发,顶尖财经网
2018-08-10,[推荐评级]医药生物行业深度报告：抗PD-1单抗：免疫疗法新星 国内发展元年开启,中财网
2018-08-10,全球资金流向监测：回流美国股债；流出新兴与港股，但流入A股,Kevin策略研究
2018-08-10,[增持评级]医药生物行业研究：加快进口药上市 药审推动进一步与国际接轨 3星级,中财网
2018-08-10,国家基本药物制度面临调整 优先调入通过一致性评价仿制药(附股),证券时报网
2018-08-10,上海复星医药(集团)股份有限公司关于控股子公司获药品临床试验申请受理的公告,证券时报
2018-08-09,复星医药(02196)胃癌晚期新药获临床试验注册审评受理,智通财经
2018-08-09,复星医药：控股子公司一款抗癌新药获临床试验申请受理,Wind
2018-08-09,9只资源股基金 哪只最正宗？,中金在线
2018-08-09,渤海证券医药行业周报：牢牢把握业绩主线,证券时报网
2018-08-09,上海、陕西、海南加快通过仿制药一致性评价药品挂网,e公司
2018-08-08,现实版“药神”上市！目前仍然巨亏，市值却碾压A股99%医药公司，其美股两年翻10倍 重大损失,证券时报网
2018-08-08,医药行业周报：国家医保局：新一轮抗癌药医保准入谈判下月完成,中财网
2018-08-08,医疗保健：2018年医疗器械行业标准制修订项目公布,川财证券
2018-08-07,学不好这项技能，你的投资就像獐子岛的海参扇贝又双叒要跑了,并购优塾
2018-08-07,资产重组致盈利能力恢复 *ST钒钛和*ST建峰本月下旬重返A股,e公司
2018-08-07,70%市场将给一致性评价药 ！,药物一致性评价
2018-08-07,白马股回调考验价值投资,中国经济时报
2018-08-06,腾讯云回应“数据丢失”：固件版本bug；传华为决定退出美国市场|创客 经营问题,搜狐
2018-08-06,专注基层医疗领域的互联网解决方案提供商明医众禾完成上亿元A2轮融资,猎云网
2018-08-06,益丰大药房1.4亿收购上虹大药房51%股权,医药网
2018-08-06,【医药徐佳熹】板块性价比提升，布局细分龙头||医药行业2018年8月份投资月报,兴证研究
2018-08-05,医疗保健：长期布局期-创新药大趋势及仿制药结构性机会有望出现 荐8股,中泰证券
2018-08-04,2017年度中国医药工业百强榜发布，研发总投入突破300亿,Wind
2018-08-04,又一家连锁药店卖了,赛柏蓝
2018-08-03,恒指弱势震荡小幅收跌，港股本周录得大幅下挫,Wind
2018-08-03,CFi收盘揭秘:管理层积极维稳没获认可 多头信心不足,中财网
2018-08-03,快讯：大消费和医疗集体低迷 安图生物等多股跌停,新浪
2018-08-02,金融人zuì重要的两件事：吻到心上人，找到对的投资标的,并购优塾
2018-08-02,十年观察：中国药企未来竞争靠什么？,医药网
2018-08-02,药神情节现实版：复星医药旗下印度仿制药企被诉 诉讼纠纷,中财网
2018-08-01,十年磨一剑，哪些股票穿越牛熊？,红周刊
2018-08-01,前7月偏股型基金业绩排名出炉 医药基金继续领跑,股城网
2018-07-31,[推荐评级]医药行业周报：论医药回调后的投资机会,中财网
2018-07-31,中金医药月度7+5组合：8月组合,中财网
2018-07-31,"海辰药业:核心品种加速放量,高端仿制药望接连落地",平安证券
2018-07-30,华润双鹤销售费18亿是研发7倍 业绩不够竟然收购来凑,新浪
2018-07-30,资金流:周期3股军工3股流入居前 两市净流出378亿,金融界
2018-07-30,巨丰午评：两类股的炒作或结束,巨丰财经
2018-07-29,医疗保健：国内创新药有望逐步进入兑现期 荐7股,中泰证券
2018-07-26,上海发布“健康服务业50条” 新政打开诊所、医学检验类公司发展空间（附名单）,e公司
2018-07-26,新天然气：复星集团退出潜在要约收购亚美能源,e公司
2018-07-26,复星医药：控股股东增持270.5万股H股,Wind
2018-07-26,复星医药年报推10派3.8元 股权登记8月2日,金融界
2018-07-26,复星医药(02196-HK)8月3日派发A股年度股息每股0.38元,财华社
2018-07-26,复星医药(02196-HK)：复星高科技7月25日增持公司270.5万股H股,财华社
2018-07-26,一致性仿制药受地方认同 9家公司11个品种新近或即将获批,e公司
2018-07-26,基金中报持仓分析：集中持股抱团依旧，金融周期严重低配（国信策略）,--
2018-07-25,万方发展收购股权尾款拖欠近一年 存在撤销交易风险,e公司
2018-07-25,[看好评级]医药行业周报：把握业绩主线 精选符合行业发展趋势个股,中财网
2018-07-25,【晨会聚焦】稳内需持续升温；个股：招商银行,中泰证券研究所
2018-07-24,7月24日有59家公司获重要股东增减持 包钢股份已被连续增持46次,Wind
2018-07-24,创业板仓位继续上行，FOF持基风格各异——2018Q2主动型及FOF基金季报分析,中泰金工
2018-07-24,医药生物行业点评：2018Q2公募基金医药持仓比重和集中度提升,中财网
2018-07-24,基因检测设备公司「瀚辰光翼」获复星集团、博远资本数千万元投资,金融界
2018-07-24,【财华社-港股早评】 2018年7月24日,财华社
2018-07-24,恒指高开0.09%报28282点 基建股普遍高开,金融界
2018-07-24,看好中国｜健康中国 ——“黑天鹅”事件下关注错杀行业龙头,巨丰财经
2018-07-24,基金2Q持仓分析(医疗保健行业)：持仓比例环比上升 聚焦低估值和业绩确定性,中财网
2018-07-24,复星医药：7月23日融资余额为16.92亿元，较前一日骤增10.04%,Wind资讯
2018-07-24,医药生物行业周报:持续推荐优质龙头、低估值商业,华安证券
2018-07-23,资金流:银行5股军工1股流入居前 两市净流入33亿,金融界
2018-07-23,“疫苗风暴”未平！长生生物午后复牌跌停，医药股集体大跌,中金在线
2018-07-23,[推荐评级]医药行业周报：看好泛消费升级+医药商业 选择政策避风港中的细分龙头,中财网
2018-07-21,【新三板医药行业双周报】爱尔眼科业绩喜人，国家助推智慧医院建设,广证恒生新三板研究极客
2018-07-21,公募基金调仓路线图曝光：最爱消费和医药股,股城网
2018-07-21,赛诺菲起诉复星医药子公司 以阻止抗癌药的仿制药,新浪
2018-07-21,周六最新重磅公司传闻集锦(7月21日),证券之星
2018-07-20,A股头条之上市公司公告精选（7.21）,金融界
2018-07-20,恒瑞医药需重新估值 创新药子板块将上演“戴维斯双击”——专访雷球资产投资总监顾斌,红周刊
2018-07-20,长生生物因“疫苗门”连续5日跌停，医药生物行业如何避雷？,和讯
2018-07-20,复星医药(02196)子公司实体瘤治疗新药获准进行临床试验,智通财经
2018-07-20,今日（7月20日）复星医药（600196）股票行情观点：等待趋势反转,南方财富网
2018-07-20,【泰有财·明星项目推荐】微医：腾讯系中国最大医疗科技平台！,中泰金融国际
2018-07-20,【国泰君安国际策略速评】医药行业：复星医药（2196.HK）配售6800万H股集资25.8亿港元，不属于意外事件主要用于海外还债,国泰君安证券香港
2018-07-20,46股获券商买入评级 正泰电器目标涨幅达56.32%,Wind
2018-07-19,复星据称考虑将Gland Pharma在印度上市 筹资5亿美元,凤凰网
2018-07-19,恒指高开低走险守28000点，航空股全线下挫,Wind
2018-07-19,中国中药急挫逾4％ 暂连跌五日兼五连阴,经济通
2018-07-19,复宏汉霖融资半年内估值翻倍至30亿美元，年内赴港IPO,金融界
2018-07-19,港股半日总结：恒指仅升6点，小米吐逾6%，医药股造淡,理财18
2018-07-19,复星医药折价配售H股 募资缓解资金压力,金融界
2018-07-19,港股异动︱拟配售6800万股净筹25.78亿元 复星医药(02196)跌7.02%,智通财经
2018-07-19,恒指开盘涨0.48%，中国海洋石油领涨蓝筹,Wind
2018-07-19,复星医药拟以每股38.2港元配售6800万股H股,Wind
2018-07-19,早间公告：宁德时代与广汽拟成立合资公司,Wind
2018-07-19,华大基因二跌停 看广告还是看疗效？,央视
2018-07-18,新书上线！神不知鬼不觉，财务数据大变！这些会计准则不搞懂，摆脱不了韭菜命运！,并购优塾
2018-07-18,港股半日总结：恒指升87点，小米涨半成，舜宇回稳,理财18
2018-07-18,复星医药股票分析:复宏汉霖估值创新高，单抗研发进度有望进一步加快,中泰证券
2018-07-18,国产新药完成3期临床试验 药企掘金AD治疗市场,证券时报网
2018-07-18,[推荐评级]医药行业周报：医药反弹有望持续 重点关注业绩增长明确标的,中财网
2018-07-17,复星医药：第七届董事会第六十四次会议(临时会议)决议公告,上交所
2018-07-17,明峰医疗再获新融资 国产医疗器械企业机遇挑战并存,每日经济新闻
2018-07-17,[领先大市-B评级]医药行业周报：中报业绩陆续发布 建议重点关注中报业绩优异个股,中财网
2018-07-17,[增持评级]华鑫证券医药生物行业双周报,中财网
2018-07-17,看好中国｜健康中国 ——大幅反弹止跌 关注仿制药,巨丰财经
2018-07-17,我国创新药研发呈现“星星之火渐成燎原之势”,制药网
2018-07-17,精选中报业绩预期向好及符合行业发展趋势个股——医药行业周报,渤海证券
2018-07-16,火爆电影催生医药主题继续活跃,红周刊
2018-07-16,83亿美国医疗器械公司，复星医药出手了,医药网
2018-07-16,医药生物行业:建议重点关注中报业绩优异的公司,中证网
2018-07-16,51亿，国药器械被卖！国药系医械业务整合开始,医药网
2018-07-16,肿瘤创新药系列报告之一：乳腺癌：靶向治疗的“加减法”,中财网
2018-07-16,晨会精选（2018年7月16日）,中证网
2018-07-16,广证恒生-市场要闻点评-第861期-20180716,广证恒生策略研究
2018-07-16,"复星医药:拟开展国内单抗联合用药临床试验,产品协同性有望逐渐体现",中泰证券
2018-07-16,平安研报20180716,平安研究
2018-07-16,沪市公司积极践行环保责任守护蓝天绿水青山,顶尖财经网
2018-07-16,国元国际晨报 2018-7-16 周一,微信
2018-07-16,互联网医疗行业迎全新发展期 逾4亿大单抢筹7只概念股,证券日报
2018-07-15,中英企业合作助力海南旅游国际化,光明网
2018-07-14,复星与宝宝树的C2M版图,经济观察网
2018-07-13,晚间重要公告2018年7月13日星期五,Wind
2018-07-13,【申万宏源医药闫天一团队】肿瘤系列专题之乳腺癌：靶向治疗的“加减法”,申万投资健康
2018-07-13,2018年我国医药工业迎来新“风暴” “台风眼”将逐渐形成,化工网
2018-07-13,[强于大市评级]医药行业2018中报前瞻：行业景气度底部回升 结构性行情有望延续,中财网
2018-07-13,医药股普遍造好 复星医药现升5.58%报42.6元,经济通
2018-07-13,医药生物行业日报：国家药监局加大进口药品器械境外检查力度,中财网
2018-07-13,[买入评级]天士力(600535)公告点评：天士力生物PRE-IPO落地 估值位居前列,中财网
2018-07-13,政策助国内创新药研发提速 机构精选4只概念股,证券日报
2018-07-12,[推荐评级]医药国家药品监督管理局发布《接受药品境外临床试验数据的技术指导原则》点评：接受境外实验数据细则公布 新药上市“时差”有望显著缩短,中财网
2018-07-12,万邦医药万格列净片获临床试验批准 用于Ⅱ型糖尿病,中国网
2018-07-12,智飞生物涨0.94%，创近1个月新高，报50.52元,腾讯网
2018-07-12,天士力：生物药平台价值初显 引领天士力价值重估,中证网
2018-07-11,[看好评级]医药行业周报：把握业绩主线 精选优质个股,中财网
2018-07-11,复星医药：万格列净片获临床试验批件,e公司
2018-07-11,19点聊电商：百果园ALL IN小程序后的未来计划,亿邦动力
2018-07-11,第4次卸任旗下子公司职位 郭广昌退出复星医药董事会,新浪
2018-07-10,视频丨郭广昌正式退出复星医药董事会,21世纪经济报道
2018-07-10,[看好评级]医药生物行业2018年中报业绩前瞻：医疗需求刚性 重点关注稳健成长和“流量入口”型公司,中财网
2018-07-10,两大逻辑促疫苗股飙升 4只白马股备受机构青睐,证券日报
2018-07-10,郭广昌又卸任一家子公司职务：已退出复星医药董事会,搜狐
2018-07-10,复星医药确认郭广昌已退出公司董事会,经济观察网
2018-07-10,[推荐评级]医药行业周报：布局政策免疫品种 推荐二线细分龙头,中财网
2018-07-10,两大逻辑促疫苗股飙升 6只白马股备受机构青睐,证券日报
2018-07-09,宝宝树与复星集团联合发布医疗服务产品“小星医生”,金融界
2018-07-09,复星集团与阿里、三元等联合发布C2M母婴新零售战略,金融界
2018-07-09,6月医药大事件之企业篇：收购、合作仍是药企重点,制药网
2018-07-09,医药板块走势活跃 山河药铺北大医药等涨停,证券时报网
2018-07-09,生物制品行业2018年半年度投资策略:看好医药行业内细分龙头及创新药领域的发展,渤海证券
2018-07-07,我们处在药品创新最好的时代，还是最坏的时代？,微信
2018-07-06,我不是药神大热背后：专利药价格高企 牵动生死门,国际金融报
2018-07-05,多家重庆医药企业跻身2018国内药企研发排行榜,医药网
2018-07-05,智飞生物大跌5.26%，报44.52元,腾讯网
2018-07-05,[强烈推荐-A评级]豫园股份(600655)点评：资产交割完成 复星“快乐”旗舰持续强化,中财网
2018-07-05,再掀回购潮！美的集团拟斥重金回购股份,证券时报
2018-07-04,回购、增持潮愈演愈烈 美的集团斥资40亿元回购股份,e公司
2018-07-04,复星医药：控股股东增持公司50万股H股,e公司
2018-07-04,复星医药：控股股东7月4日增持H股共计50万股,金融界
2018-07-04,[EQUALWEIGHT评级]港股医药2H18投资策略报告：PHARMACEUTICALS：SECTOR OUTLOOK,中财网
2018-07-04,九家公司新闻现重大利空,中财网
2018-07-04,复药控股(02196-HK)股东增持200万股H股,财华社
2018-07-04,周三最新重磅公司传闻集锦(7月4日),证券之星
2018-07-04,复星医药控股股东两月内开启新一轮增持,证券时报
2018-07-03,3日晚公告精选丨多家上市公司遭股东减持,21世纪经济报道
2018-07-03,[公司]复星医药控股股东拟增持不超2%股权,全景网
2018-07-03,复星医药控股股东开启新一轮增持 前次增持完成不到两月共斥资2.45亿,e公司
2018-07-03,晚间重要公告2018年7月3日星期二,Wind
2018-07-03,复星医药关于控股股东增持股份暨增持计划的公告,亿邦动力
2018-07-03,复星医药获控股股东增持200万股 拟继续增持,金融界
2018-07-03,复星医药：控股股东今日增持0.08%股份，拟买入不超2%股份,Wind
2018-07-03,上市药企全新市值排名！6家进入千亿俱乐部,制药网
2018-07-03,国外药品加快落地中国市场，倒逼本土药企创新发展,制药网
2018-07-03,环保问题成“拦路虎”，药企不得不加大关注,制药网
2018-07-03,沃森生物大跌5.03%，报18.51元,腾讯网
2018-07-03,复星医药大跌5.16%，报38.43元,腾讯网
2018-07-03,[推荐评级]医药行业2018年7月份投资月报：风雨后见彩虹 积极布局中报行情,中财网
2018-07-03,复星医药跌3.04%，创近1个月新低，报39.29元,腾讯网
2018-07-03,六月衰基金血泪之一：大成基金旗下4只混基跌10%,中国经济网
2018-07-03,国产创新药迎来机遇期,新京报
2018-07-03,"医药生物行业2018年中期策略:创新为本,精选优质龙头",华安证券
2018-07-02,知名药企，要上市,汇聚南药
2018-07-02,知名药企，要上市,赛柏蓝
2018-07-02,7月2日晚间利好消息汇总（更新中）,证券时报网
2018-07-02,医药行业：把握行业新秩序下的龙头新趋势,金融界
2018-07-02,《我不是药神》口碑爆棚 创新药与影视股两大板块有望受益,证券时报网
2018-07-02,赴港上市潮兴起 这些药企准备“动身”,制药网
2018-07-02,A股公司高管薪酬：这位董事4037万排榜首，超第二名2000多万,搜狐
2018-07-02,【策略】享受负面情绪释放后的超跌反弹,中信证券研究
2018-07-02,【宏观】当下经济基本面并“无虞”，流动性和中美贸易争端仍然是关键要素,中信证券研究
2018-07-02,药明康德拟赴港上市,中证报
2018-07-02,复星医药：持续创新研发 国际化进程加快,证券时报
2018-07-01,药明康德刚来A股又要去H股 为啥高破发率还蜂拥至港 连续下跌,中证网
2018-07-01,医药独角兽再谋港股上市 药明康德拟发行H股,e公司
2018-07-01,复星医药：将陆续上市新药 重磅产品利妥昔单抗即将推出,e公司
2018-07-01,复星医药：并购方面更注重战略能力的获取,e公司
2018-07-01,复星医药：现阶段仿制药贡献主要现金流 创新药占比将越来越高,e公司
2018-07-01,【高管面对面】复星医药：创新驱动 迈向国际一流医疗健康产业集团,e公司
2018-06-30,六行业或引领七月行情 四板块实现抢眼 6股掘金,中财网
2018-06-29,进口创新药落地加速，本土药企的“中国芯”将如何炼成？,野马财经
2018-06-29,体外诊断行业加速整合 科华生物、复星医药重资布局,经济观察网
2018-06-29,处方外流市场争夺硝烟渐起 阿里健康收购玉平民大药房,证券日报
2018-06-29,复星医药大涨5.03%，报41.55元,腾讯网
2018-06-29,2017中国医药行业影响力榜单发布，涵盖整个产业链！,制药网
2018-06-29,[推荐评级]创新药产业深度报告暨2018年中期投资策略：医药创新的收获期逐渐来临,中财网
2018-06-29,头个中国自主研发生产抗癌药将上市 关注国内抗癌药上市公司,金融界
2018-06-29,2018/6/29股市消息早知道：今日大盘预测及个股分析,南方财富网
2018-06-29,盘前参考:媒体喊话救市效果寥寥 地主家也没有余粮,中财网
2018-06-29,【朝闻国盛】货币确认趋松，再降准可期,微信
2018-06-29,仿制药升级机遇不应错过,证券日报
2018-06-28,[看好评级]医药生物行业周报：防御优势突显 关注业绩成长性与创新标的,中财网
2018-06-28,三元股份业绩飘摇 复星系新帅调亮相调高营收预期,新浪
2018-06-28,生物制品行业周报:复星医药控股子公司签署许可协议,渤海证券
2018-06-27,[买入评级]复星医药(600196)点评：HLX04与PD-1单抗联合用药获批临床 创新药布局得到深化,中财网
2018-06-27,港股普跌 寻底态势或将延续,中证网
2018-06-27,收评：沪指创出两年新低 权重股集体受挫,证券时报网
2018-06-27,蓝筹股集体杀跌,每日经济新闻
2018-06-27,金百临咨询：医药股大幅走低 A股市场再度疲软,中证网
2018-06-27,[推荐评级]医药行业周报：什么是股市波动中的避风港-安全性+确定性板块,中财网
2018-06-26,[推荐评级]医药生物行业事件点评：医保谈判与专项招采在即 创新抗癌药加速进入放量周期,中财网
2018-06-26,[强于大市评级]医药行业周报：医药调整进入尾声 板块估值吸引力初现,中财网
2018-06-26,【山证医药】医药生物行业周报（20180618-20180624）：防御优势突显，关注业绩成长性与创新标的,山西证券研究所
2018-06-26,青岛啤酒换帅月余 复星系入局加速混改,时代周报
2018-06-26,"医药生物行业周报:震荡行情下医药板块防御属性良好,重视中报业绩的确定性及成长性",上海证券
2018-06-25,[买入评级]复星医药(600196/02196.HK)重大事项点评：转让HLX02海外权益意义重大 公司单抗研发水平已接轨国际,中财网
2018-06-25,医药短期回调哪些优质龙头值得重点关注,顶尖财经网
2018-06-25,"复星医药:出售HLX02部分海外权益,生物药研发实力再获证明",西南证券
2018-06-25,24股获券商买入评级，易尚展示目标涨幅达86.72%,Wind
2018-06-25,【策略】估值在底部区域，但看得清未来才会有大行情,中信证券研究
2018-06-25,【医药-复星医药(600196)】江琦、张天翼：拟开展国内首个单抗联合用药临床试验，产品协同性有望逐渐体现-20180623,中泰证券研究所
2018-06-25,【权益变动】复星医药(02196-HK)遭The Capital Group减持103.35万股 涉资4671.73万,财华社
2018-06-24,【周知录】估值底部；油市偏紧,中信证券研究
2018-06-22,国务院下令，这些药要进医保,3156医药网
2018-06-22,群众少跑腿、数据多跑路 平顶山打造“互联网+医疗健康”新模式,新华网
2018-06-22,国泰君安国际：复星医药旗下曲妥珠单抗签订海外授权,新浪
2018-06-22,医药行业周报：医药指数调整 择机布局高景气度子行业,中财网
2018-06-22,个别医药股跑出：金斯瑞升近半成 药明生物涨逾1％,经济通
2018-06-22,复星医药：6月21日融资余额为15.36亿元，较前一日骤降7.92%,Wind资讯
2018-06-22,【医药-复星医药(600196)】江琦、张天翼：曲妥珠单抗海外授权，重磅品种进军国际市场-20180622,中泰证券研究所
2018-06-22,"2018年生物医药行业半年度策略报告:行业触底回升,紧握医药产业升级结构性机会",平安证券
2018-06-21,A股头条之上市公司公告精选（6.22）,金融界
2018-06-21,复星医药购体外诊断代理商股权 标的曾为迪安诊断拟收购对象,每日经济新闻
2018-06-21,【平安重点】行业半年度策略报告*生物医药*行业触底回升，紧握医药产业升级机构性机会*强于大市,平安研究
2018-06-21,创新药再迎政策利好推动 4只概念股可重点关注,证券日报
2018-06-21,PD-1抗体药物获批上市 这几个医药股可以重点关注,中研网
2018-06-21,【医药】再次布局优质医药个股的机会到来,中信证券研究
2018-06-21,周四最新重磅公司传闻集锦(6月21日),证券之星
2018-06-21,创新药再迎利好推动 3亿元大单抢筹4只概念股,证券日报
2018-06-21,复星医药：第七届董事会第六十次会议(临时会议)决议公告,上交所
2018-06-20,6月20日晚间上市公司十大重磅公告,巨丰财经
2018-06-20,复星医药：子公司逾4亿元收购迪会信28%股权,e公司
2018-06-20,复星医药：顺应供给侧改革，用心做好药,环球老虎财经
2018-06-20,国务院常务会确定加快已在境外上市新药审批（股）,金融界
2018-06-20,21日利好公告：复星医药逾4亿元收购迪会信28%股权(更新中),中证网
2018-06-20,医药商业巨头钱往哪投？国控、华润、上药的全产业链布局,医药经济报
2018-06-20,PD-1抗体药物获准进口 国内市场竞争将更趋激烈,证券时报
2018-06-20,【金融工程】唐军、潘琨（联系人）：中泰金工事件驱动周报主营产品涨价及冷门股效应-20180619,中泰证券研究所
2018-06-20,医药周报:推荐医保目录和一致性评价政策下估值合理、业绩和成长确定表的,长城证券
2018-06-19,6月19日沪深两市最新交易提示,金融界
2018-06-19,大股东拟出让股权 红日药业控制权骤变之谜,时代周报
2018-06-18,金融实习|广发证券、兴业研究、复星集团等,微信
2018-06-15,引入战投后三元换帅 复星系张学庆出任新总经理,华夏时报
2018-06-14,[增持-B评级]复星医药(600196)公司快报：类风关III期临床启动 利妥昔多适应症研发进入尾声,中财网
2018-06-14,全国断供的“救命药”赫赛汀，一至两个月将有货！,制药网
2018-06-14,医药行业中期策略：聚焦服务、优质医药、商业三条主线(附股),联讯证券
2018-06-14,医药行业投资策略报告：医保支出结构的改变支持创新药爆发,西南证券
2018-06-14,复星医药(600196)：生物药龙头 核心产品收获在即,证券导报
2018-06-14,6月14日券商晨会研报汇编,证券日报
2018-06-14,医药生物行业:关注优先审评受益标的+商业板块,华安证券
2018-06-13,德尚韵兴完成B轮融资，将持续深耕AI+超声、三维可视化领域,金融界
2018-06-13,融资余额五连降 万华化学受融资客青睐,e公司
2018-06-13,[买入评级]复星医药(600196/02196.HK)重大事项点评：阿法骨化醇成功通过一致性评价 研发逐渐步入业绩兑现期,中财网
2018-06-13,承接处方外流千亿市场，上药云健康、国药在线、阿康健康这么干【2018基层医疗创新实践峰会】,和讯
2018-06-13,四价流感疫苗获批上市 市场规模有望超百亿元,证券时报网
2018-06-13,医药行业 稳守白马、加仓细分龙头、布局滞涨,投资快报
2018-06-13,流感疫苗市场规模有望超百亿 机构看好10只概念股,证券日报
2018-06-12,年初“押错题”现迎加强版 国内四价流感疫苗生产首获批,每日经济新闻
2018-06-12,CFDA 动真格了！大批中药注射剂说明书要改,和讯
2018-06-12,[推荐评级]医药行业周报：谈龙头的持续上涨与二线品种的机会,中财网
2018-06-12,研发一年豪掷近50亿 国内药企三巨头产品究竟有多牛？,米内网
2018-06-12,【医药-复星医药(600196)】江琦、张天翼：阿法骨化醇通过一致性评价，利妥昔单抗新适应症启动III期临床-20180611,中泰证券研究所
2018-06-12,重庆药友制药阿法骨化醇片通过一致性评价,微信
2018-06-12,四部门组织建设专项 支持创新药研发和产业化(受益股),金融界
2018-06-11,复星医药(02196-HK)：子公司阿法骨化醇片获一致性评价,财华社
2018-06-11,沪指3连阴盘中创年内新低 大消费概念股重挫,每日经济新闻
2018-06-11,医药生物行业投资研究报告：医药行业具备长期成长性,中泰证券
2018-06-11,资金流:消费3股周期2股流入居前 两市净流出170亿,金融界
2018-06-11,医药股独角兽借壳上市，大股东盆满体满,苏南网
2018-06-11,"医药行业周报(6.4-6.10):医药指数波动,不改变医药牛市趋势",西南证券
2018-06-09,复星再布局AI医疗 领投浙江德尚韵兴图像科技B轮融资,21世纪经济报道
2018-06-08,恒瑞市值破3千亿 医药企业排位重新洗牌,医药网
2018-06-08,生物制品:创新CAR-T疗法获批开启美国临床试验,渤海证券
2018-06-08,复星医药、延安必康、天药股份3家上市公司子公司皆有产品不合格 产品问题,中国医药报
2018-06-08,研发投入进入收获期 复星医药股价能否再创新高？,号外财经网
2018-06-08,"复星医药:中国生物药龙头,奇点临近!",国金证券
2018-06-07,首家通过一致性评价的「伊马替尼」药企，要定了！,和讯
2018-06-07,收评：恒指高开高走收涨0.81% 医药股逆势下跌,中证网
2018-06-07,港股全日总结：恒指再升253点，中资金融股扬，吉利受捧,理财18
2018-06-07,资金流:金融地产4股海南1股流入居前 两市流出231亿,金融界
2018-06-07,中生制药挫近4% 汇证指利好因素已反映,新浪
2018-06-06,2017国内药企销售费用：3家超50亿元！,制药网
2018-06-06,生物医药行业投资策略：拥抱创新、紧抓龙头,中财网
2018-06-06,巨丰早参：6只独角兽基金将获批 募资有望达数千亿,巨丰财经
2018-06-05,医药股走势强劲 关注四类股投资机会,证券时报网
2018-06-05,母婴健康社区宝宝树获阿里巴巴投资,新浪
2018-06-05,复星医药副总裁邵颖离职,北京商报
2018-06-04,“独角兽”药明康德盘中跌停 46亿炒新资金被埋,每日经济新闻
2018-06-04,5日机构强推买入 六股成摇钱树,证券之星
2018-06-04,[强于大市评级]医药行业周报：医药指数波动 不改2018年医药牛市,中财网
2018-06-04,【策略】宏观的纷乱中，选择阻力最小的方向,中信证券研究
2018-06-04,【医药*全铭团队】医保局成立点评：三保合一提升医保基金运行效率，定价、采购、支付三合一加强医改执行力,东吴研究所
2018-06-03,A股市场2018年6月投资策略——宏观的纷乱中，选择阻力最小的方向,中信证券研究
2018-06-02,昔日自主汽车老大百亿级“卖身”6大豪门提亲！,中财网
2018-06-01,资金流:降关税3股周期2股流入居前 两市净流出353亿,金融界
2018-06-01,入摩首日沪综指收跌0.7％ 全周累跌2％,经济通
2018-06-01,停牌四个月金盾股份今日复牌 中国国旅签约澳门机场,云掌财经
2018-06-01,被动基金抄底A股完成 大宗商品“藏宝图”曝光,中金在线
2018-06-01,【晨会聚焦】先破后立，六月仍然大有可为,中泰证券研究所
2018-06-01,巨丰热点前瞻：A股正式明晟时代 市场修复行情望延续,巨丰财经
2018-06-01,16年再回首 郭广昌终于重组豫园股份,野马财经
2018-05-31,2018年最吸睛的跨国药企高管变动,医药网
2018-05-31,[强烈推荐评级]复星医药(600196)公司事件点评：CD20靶点利妥昔单抗类似药III期临床完成 上市在即,中财网
2018-05-31,[推荐评级]医药生物行业事件点评：国家医疗保障局成立 结构化行情长期持续,中财网
2018-05-31,盘后研报精选：关注这三只累积涨幅较大个股,和讯
2018-05-31,[增持评级]医药生物行业点评：金斯瑞CAR-T临床美国获批 中国细胞疗法又一里程碑,中财网
2018-05-31,【平安重点】行业专题报告*生物医药*PD-1/PD-L1元年，领先公司：抢先上市+联合用药*强于大市,平安研究
2018-05-31,午评：恒指涨0.75%企稳30000点 “三桶油”集体走高,中证网
2018-05-31,医药股泡沫破了？,环球老虎财经
2018-05-31,5月31日券商晨会研报汇编,证券日报
2018-05-31,医疗股大跌原因找到了，可以低吸这些龙头！,和讯
2018-05-31,【山证医药】医药行业19年中期策略：科创助力产业升级，生物医药迎黄金发展期,山西证券研究所
2018-05-31,奇瑞混改疑云：与姚振华“争抢”奇瑞 郭广昌入局造车第一站？,盖世汽车
2018-05-30,中国驻印度大使罗照辉：中印关系总体稳定,经济日报
2018-05-30,沪深上市公司18年5月30日晚间上市公司重要公告,全景网
2018-05-30,泰格医药：助力HLX01（利妥昔单抗注射液）完成Ⅲ期临床试验,e公司
2018-05-30,复星医药：和睦家医院落户广州 全面引入美国全科医生制度,e公司
2018-05-30,三步走！药企这样打造大品种,医药网
2018-05-30,复星医药：后续更多品种有望陆续跟进 买入评级,中泰证券
2018-05-30,医药股行情“生变” 行情是否会告一段落,中证网
2018-05-30,医药股大跌的四点启示,证券时报
2018-05-30,“吃药行情”突然“药停了” 机构称估值透支是导火索,证券时报
2018-05-29,最后40分钟，医药股集体开砸，这只白马股罕见跌停，机构这么看,和讯
2018-05-29,APICloud获得1亿元融资 复星集团领投,证券日报
2018-05-29,个别医药股续炒高 三生制药、白云山均涨约半成齐破顶,经济通
2018-05-29,破冰论股：沪指五连阴 次新开板局部个股存投资机会,金融界
2018-05-29,机构资金流向每日分析:午后机构卖出资金加速，罗牛山被流出3亿余元,红周刊
2018-05-29,游资放弃结束5连板 游资热买却跌得更狠,和讯
2018-05-29,A股收跌创业板尾盘重挫1.29% 高位医药股午后杀跌,每日经济新闻
2018-05-29,中财独家:市场已进入超跌反弹时间窗口？十机构预测,中财网
2018-05-29,资金流:次新4股消费3股流入居前 两市净流出315亿,金融界
2018-05-29,医药龙头大幅杀跌意欲何为 市场或已出现转机,证券之星
2018-05-29,439亿资金争夺20股：主力资金重点出击4股(名单),新浪
2018-05-29,图穷匕见——片仔癀历史天量跌停 医药股行情终结！,金融界
2018-05-29,揭秘涨停板：4股封涨停！医药板块高位跳水个股分化,腾讯网
2018-05-29,连续调整风险充分释放 把握结构性投资机会,大众证券报
2018-05-29,收评：大盘五连阴失守日线 医药股内地香港遭遇双杀,新浪
2018-05-29,收评：指数5连阴失守所有日均线 高位医药股午后大跳水,每经网
2018-05-29,新一轮内地赴港上市大猜想：这些生物科技公司要上市你支持谁？,米内网
2018-05-29,38只个股创历史新高 集中在两大行业,中证报
2018-05-29,【财神看市】头部医药股“疯了”，A股贫富差距进一步拉大,阿尔法工场
2018-05-29,利好频现 港股医药板块涨势强劲,中证报
2018-05-29,创历史新高股集中在两大行业 两类股有望续涨,证券日报
2018-05-29,"医药生物行业:关注创新、优质仿制药,布局医药商业",华安证券
2018-05-29,"医药生物行业周报:政策东风持续推进,优选景气度高的细分板块研发龙头",上海证券
2018-05-28,亏损标的估值激增 新湖中宝“豪赌”趣链科技遭疑,北京商报
2018-05-28,豪取15板！中签者便净赚10万，是否高估了，后市怎么走？,新浪
2018-05-28,新湖中宝12亿入局区块链：复星系潜伏 标的公司估值俩月翻 2倍,腾讯网
2018-05-28,港股收评：恒指震荡收涨0.67% 成交量萎缩,中证网
2018-05-28,专家:美国本周非农数据倘强劲 6月势加息,中泰金融国际
2018-05-28,[推荐评级]医药行业周报：医药还能加配什么?-“三大三中三小”,中财网
2018-05-28,恒指地量收涨0.67%，中国石油股份领涨蓝筹,Wind
2018-05-28,331亿主力资金近三日撤出融资融券概念股,证券时报
2018-05-28,安信证券张德良：继续紧盯医药健康服务,顶尖财经网
2018-05-28,5月28日复盘:短期反弹或一触即发 主力重点出击12股,新浪
2018-05-28,397亿资金争夺20股：主力资金重点出击12股(名单),新浪
2018-05-28,医药板块表现抢眼 多股午后涨停,每日经济新闻
2018-05-28,药品注册审评审批优化 利好创新药公司,中证报
2018-05-28,15涨停，药明康德何时到顶？总市值已达1231亿！,云掌财经
2018-05-28,A股情报局：不确定性因素犹存，哪些板块是避风港？,腾讯网
2018-05-28,24股获券商买入评级，内蒙一机目标涨幅达34.22%,Wind
2018-05-28,本周股市三大猜想及应对策略：股指持续震荡筑底？,投资快报
2018-05-27,41种药迈过仿制药一致性评价 正大天晴掘金乙肝市场,经济观察网
2018-05-27,蚂蚁金服概念股近三日最受主力资金青睐,证券时报
2018-05-26,中信证券·亮马组合（6月上）,中信证券研究
2018-05-26,10股尾盘遭抢筹 苏宁易购净流入资金居首,中金在线
2018-05-26,游资追高博弈药明康德 机构集体出逃东方园林,财富动力网
2018-05-25,1403只个股今日尾盘资金净流入,证券时报网
2018-05-25,港股复盘： 恒指艰难维持妖股风起 医药板块持续走强,智通财经
2018-05-25,主力资金千亿大逃离 这个板块成市场避风港(附股),中财网
2018-05-25,5月25日A股全天资金主力净流入、净流出前十大个股,金融界
2018-05-25,收评：恒指低开低走跌0.56% 新秀丽继续大跌逾12%,中证网
2018-05-25,大盘短线见底概率很大！20股活跃，下周这些板块或率先反弹！名单,财富动力网
2018-05-25,恒指成交低迷收跌0.56%，联想集团逆市大涨,Wind
2018-05-25,医药股迭创新高 创业板退守年线 下周该作何选择,证券之星
2018-05-25,5月25日复盘:大盘三阴超跌反弹可期 主力买6股(名单),新浪
2018-05-25,5.28机构推荐：下周具备布局潜力金股,中证网
2018-05-25,352亿资金争夺20股：主力资金重点出击4股(名单),新浪
2018-05-25,巨丰资金流向：两市调整加剧分化行情 汽车板块受主力青睐,巨丰财经
2018-05-25,复星医药逆市飙逾6% 旗下淋巴瘤新药完成临床试验,经济通
2018-05-25,医药板块午后攀升 跃居行业指数涨幅榜首位,中证网
2018-05-25,“独角兽”明星药明康德连续13个涨停 公司发布紧急“预警”,央视
2018-05-25,复星医药2017年营收185亿 创新研发为最核心驱动力,医药网
2018-05-25,石药首季多赚近43％ 现升半成破顶,经济通
2018-05-25,港股异动利妥昔单抗注射液完成临床III期试验 复星医药(02196)涨4%,智通财经
2018-05-25,复星医药(02196.HK)：子公司利妥昔单抗注射液完成临床试验,腾讯网
2018-05-25,消费升级下 你看懂消费类基金选股的逻辑了吗？,中金在线
2018-05-25,药明康德14个涨停股价突破百元 总市值超越复星医药,金融界
2018-05-25,【医药-复星医药(600196)】江琦、张天翼：利妥昔单抗顺利完成三期临床试验，公司单抗平台首个品种交出完美成绩单-0524,微信
2018-05-25,25日公告透露利好 9只个股有望爆发,中证网
2018-05-25,生物医药千亿元阵营添丁 药明康德13个涨停挺进前五,证券日报
2018-05-24,千亿市值独角兽诞生！中签药明康德已赚7.6万，更有万亿市值独角兽在路上？警惕有风险,证券时报网
2018-05-24,药明康德中一签赚7.6万 实控人夫妇身家超900亿,新浪
2018-05-24,5月25日增减持,中证网
2018-05-24,5月25日或影响股价的重要公告,中证网
2018-05-24,复星医药：利妥昔单抗注射液完成临床III期试验,e公司
2018-05-24,这六家药企入围2017年中国信用企业100强,制药网
2018-05-24,星·守护|乡村医生专属意外险激活通道正式上线,中国财经网
2018-05-24,又有8个通过一致性评价 5大品种即将锁定“1+3”格局,米内网
2018-05-23,细胞医疗进入大发展期 后市表现值得期待,中证网
2018-05-23,[增持评级]医药生物行业事件点评：国家意志 大型医用设备配置证放开是大利好,中财网
2018-05-23,一致性评价再重塑药品格局 百亿乙肝药物市场谋变,21经济网
2018-05-23,灵北、科伦、复星三国杀 通过一致性品种夹击原研,医药网
2018-05-23,【晨会聚焦】银行怎样面对资管新规,中泰证券研究所
2018-05-23,【晨会聚焦】关注汽车关税调整,中泰证券研究所
2018-05-23,机构称细胞免疫治疗进入大发展期 六股有望受益,证券日报
2018-05-23,机构称细胞免疫治疗进入大发展 6只概念股具上涨潜力,证券日报
2018-05-23,"医药周报2018第19期:产业升级趋势确定,看好医药长期投资价值",长城证券
2018-05-22,36只医药股创历史新高 8只比药明康德便宜、盈利更强,金融界
2018-05-22,恒瑞医药两千亿市值养成记,医药网
2018-05-22,中金网0522午间资讯汇总：道森股份领涨天然气概念,中金网
2018-05-22,[买入评级]复星医药(600196)点评：艾司西酞普兰通过一致性评价 后续更多品种有望陆续跟进,中财网
2018-05-22,5月以来，国内药企持续上演并购大戏,制药网
2018-05-22,22日公告透露利好 13只个股有望爆发,中证网
2018-05-22,早餐资讯：美国将对伊朗施加前所未有的财政压力,网易
2018-05-22,医药生物 知识产权保护有望加强 创新药价值提升,投资快报
2018-05-22,中欧基金葛兰：基本面研究驱动必配优秀成长龙头,证券日报
2018-05-22,"医药生物行业周报:调整行情下重视业绩与估值的匹配度,短期关注研发主线催化剂驱动",上海证券
2018-05-22,"复星医药:艾司西酞普兰通过一致性评价,有望加速进口替代",国金证券
2018-05-22,医药生物行业:中长期持续看好板块,华安证券
2018-05-21,公告精选：金龙机电控股股东部分质押股份存在平仓风险；凯迪生态大股东所持28.53%股份被轮候冻结 股票质押异常,e公司
2018-05-21,5月22日或影响股价的重要公告,中证网
2018-05-21,收购印度药企获50亿商誉 复星医药尝到甜头又盯上诺华？,中国网
2018-05-21,5月21日上市公司晚间公告速递,新浪
2018-05-21,复星医药：子公司草酸艾司西酞普兰片通过仿制药一致性评价,Wind
2018-05-21,“入摩”名单重磅发布 医药股或成最大赢家,金融界
2018-05-21,22家药企开医院：人福、益佰、康美、华润…,医药网
2018-05-21,口服降糖药新时代开启 国内多家药企积极布局,制药网
2018-05-21,后期配置把握三大主线：,国元证券订阅号
2018-05-21,QFII早锁定47只“入摩”股 医药股数量最多,证券日报
2018-05-21,基金首季换股频率加快 3只基金前十大重仓股全部“变脸”,证券日报
2018-05-21,"医药行业每周观点:从三个方向继续深挖医药投资机会,重点推荐万孚生物、葵花药业等优质标的",安信证券
2018-05-20,医疗保健：知识产权保护有望加强 荐8股,广发证券
2018-05-20,医疗保健：继续看好进入兑现期的创新药板块 荐8股,中泰证券
2018-05-19,安信证券：医药板块进入牛市,顶尖财经网
2018-05-19,医药资本狂人朱吉满遇挫 腾讯投资的挂号网将借壳誉衡药业？,搜狐
2018-05-18,复星凯特CEO王立群：细胞治疗要走得快做得好,第一财经日报
2018-05-18,互联网医疗融资潮再起 医疗供应能力成盈利关键,21世纪经济报道
2018-05-17,明日最具投资机会六大牛股一览（2018年5月17日）,中财网
2018-05-17,石药涨近4％破顶 自宣布染蓝后升17％,经济通
2018-05-17,这家知名药企——江中药业，要卖给华润医药,医药网
2018-05-17,[强烈推荐-A评级]豫园股份(600655)点评：注资落地 深度融入复星版图,中财网
2018-05-17,世界杯临近，啤酒股又将“率先起舞”？,环球老虎财经
2018-05-17,日线连阳股会否隐藏下一只大牛股？这几只股最有戏,中财网
2018-05-17,恒瑞医药上市18年股价翻93倍 2595亿登顶A股医药一哥,证券日报
2018-05-16,闪崩股济民制药：跑马圈地建医院 捉襟见肘资金流,新浪
2018-05-16,[强于大市评级]部分医药个股纳入MSCI点评(医药生物行业)：医药部分个股纳入MSCI 看好长期价值,中财网
2018-05-16,中证数据：两市资金净流入前20股（5月16日）,金融界
2018-05-16,0516涨停股揭秘：常山药业引领医药板块逆势掀涨停潮,中金网
2018-05-16,232家上市药企披露一季度报 9家净利润超5亿元,制药网
2018-05-16,沪指兵临3200点 MSCI新增成分股表现突出,全景网
2018-05-16,中金网0516午间资讯汇总：医药板块再掀涨停潮,中金网
2018-05-16,医药板块业绩进入兑现期 两股或迎来主升,中财网
2018-05-16,快讯：医药概念早盘全线走强 海翔药业涨停,中国经济网
2018-05-16,同一天！17家药企被纳入MSCI指数,制药网
2018-05-16,【大行报告】交银国际：对医疗行业评级“领先”,财华社
2018-05-16,5月16日券商晨会研报汇编,证券日报
2018-05-16,细胞治疗产品申报临床 有望后来居上,红周刊
2018-05-16,5800亿投入背后：重视研发哪家强,大众证券报
2018-05-16,A股最新入围MSCI名单出炉 6股绝佳布局良机,证券日报
2018-05-16,A股最新入围MSCI名单出炉 37只潜力股获机构力荐,证券日报
2018-05-15,港股六连涨后止步 腾讯创一个半月来最大单日跌幅,证券时报网
2018-05-15,港股全日总结：恒指跌389点，腾讯失守400元，医药股逆市涨,理财18
2018-05-15,港股收评：恒指收跌1.23% 医药股逆市上涨,中证网
2018-05-15,恒指高开低走收跌1.2%，科网股走低,Wind
2018-05-15,0515涨停股揭秘：食品加工板块午后掀涨停潮,中金网
2018-05-15,白云山午后涨停 多只医药股领涨MSCI板块,证券时报网
2018-05-15,5月15日午间策略：指数继续震荡整固 博超跌反弹最稳健,中证网
2018-05-15,港股半日总结：恒指跌284点，腾讯险守400元，瑞声续受压,理财18
2018-05-15,港股异动︱白云山(00874)AH股同步走高齐创52周新高 港股通持股占比增至28%,智通财经
2018-05-15,今日午评：高开低走蓝筹拖累 午后指数或走向分化,中财网
2018-05-15,午间研报精选：大北农等5股短期或存买入机会,和讯
2018-05-15,宝宝树将联手复星合资成立新公司,亿欧网
2018-05-15,[推荐评级]医药行业周报：仿制加码创新 投资主线明确,中财网
2018-05-15,最新公告透露利好 20只个股有潜力（5.15）,中证网
2018-05-15,【医药-复星医药(600196)】江琦、张天翼：细胞治疗申请临床试验，质量&稳定性国内领先-20180515,中泰证券研究所
2018-05-15,"医药生物行业17年报18年一季报总结:增速回升,内部分化,关注创新、优质仿制药、连锁药店、医药商业",华安证券
2018-05-14,沪深上市公司18年5月14日晚间上市公司重要公告,全景网
2018-05-14,复星医药：复星凯特药品临床试验申请获受理,e公司
2018-05-14,A股头部效应 最值钱80家公司控制30%市值,和讯
2018-05-14,[领先大市-A评级]医药行业每周观点：不惧短期调整 关注OTC提价及估值成长合理的二线品种,中财网
2018-05-13,微医董事长兼CEO廖杰远谈融资感受：投资人从“做功德”到“做生意”，市场没想象那么难,每日经济新闻
2018-05-13,巨丰原创：市场有望掀起入摩炒作风 关注各成分股补涨机会,巨丰财经
2018-05-12,2018下半年投资策略观点集萃（上）,中信证券研究
2018-05-12,60股目标涨幅超两成 48亿主力资金抢筹,证券时报
2018-05-11,数据王：4只医药股资金净流出超20亿元 注意短线获利了结,巨丰财经
2018-05-11,复星医药竞购诺华价值20亿美元资产,新浪
2018-05-11,决战一触即发 未来至少降准2次?(附股),中证投资
2018-05-11,[强于大市评级]医药生物2017年年报和2018年一季报总结：医药生物行业盈利能力稳步提升 重点推荐创新药、高端医疗器械、大健康消费和疫苗,中财网
2018-05-11,73家药企董事长薪酬超百万元 药明康德董事长、总经理年薪均超千万元,证券日报
2018-05-11,133家药企员工年薪超10万元 安迪苏人均工资秒杀行业,证券日报
2018-05-11,深挖年报数据 上市公司两千亿广宣费谁在“打水漂”,大众证券报
2018-05-10,上海证券市场大宗交易公开信息(2018-05-10),顶尖财经网
2018-05-10,复星医药今日大宗交易成交5万股，成交价43.35元折价0.0%,Wind资讯
2018-05-10,45亿资金稳步流入 主力机构助推十大类股,证券之星
2018-05-10,4月医药大事件之榜单篇：发掘市场潜力 提升行业整体水平,制药网
2018-05-10,上海降低药品医疗器械注册费，创新药企业受益,第一财经
2018-05-10,产业资本态度转变 六股受到净增持值得重点关注,证券日报
2018-05-10,资本光环下的微医盈利难题,北京商报
2018-05-10,产业资本态度转变 近9亿元资金净增持11只个股,证券日报
2018-05-09,两大板块大涨的背后这路资金正在不断买买买,顶尖财经网
2018-05-09,沪深上市公司18年5月9日晚间上市公司重要公告,全景网
2018-05-09,公告精选：中兴通讯受拒绝令影响，主要经营活动已无法进行；万华化学拟522亿元吸收合并控股股东万华化工,每日经济新闻
2018-05-09,5月9日晚间上市公司十大重磅公告,巨丰财经
2018-05-09,复星医药：证监会核准公司增发不超9678.81万股境外上市外资股,Wind
2018-05-09,指数将重启升势？明日三大看点,中财网
2018-05-09,[增持评级]生物医药行业研究：《关于抗癌药品增值税政策的通知》出台 国内抗癌药研发生产企业有望受益,中财网
2018-05-09,重磅信号频发出 妖股或大限将至(附股),中财网
2018-05-09,0509涨停股揭秘：美力科技四连板接力永和智控,中金网
2018-05-09,巨丰资金流向：两市缩量窄幅震荡 石油板块整体走强,巨丰财经
2018-05-09,[买入评级]医药生物行业深度研究：细胞治疗：让肿瘤成为慢病,中财网
2018-05-09,今日盘中突破半年线个股,证券时报网
2018-05-09,0509午间资讯汇总：美力科技领涨填权概念,中金网
2018-05-09,[推荐评级]医药行业周报：继续看好 建议加配二线细分龙头,中财网
2018-05-09,复星医药：控股子公司获药品GMP证书,金融界
2018-05-09,只需7个一字板 药明康德市值将比肩华大基因,网易
2018-05-09,复宏汉霖：为让同胞用上更好抗癌药,经济日报
2018-05-09,复星医药：关于召开2017年度股东大会的通知,上交所
2018-05-08,沪深上市公司18年5月8日晚间上市公司重要公告,全景网
2018-05-08,多家公司发增持公告：复星医药孚日股份银江股份等获力捧,Wind
2018-05-08,5月8日晚间上市公司十大重磅公告,巨丰财经
2018-05-08,公募基金仓位超六成 医药股成新宠？,新浪
2018-05-08,复星医药：控股股东斥资2.45亿元增持 完成增持计划,e公司
2018-05-08,医药板块持续活跃近10股涨停 新光药业6天5板领衔,金融界
2018-05-08,惊呆了！10家药企研发投入近90亿,米内网
2018-05-08,机构一致看好哪些股票？2018年5月8日机构一致看好10金股(6),至诚财经
2018-05-08,“独角兽”药明康德今日上市 这几只股有望率先受益,金融界
2018-05-08,去年A股上市公司高管薪酬比拼：金融和房地产业最高,中国经济周刊
2018-05-08,公募基金今年持续加仓医药股,信息时报
2018-05-07,新生物创新系列研究之二：CD20靶点单抗 针对淋巴瘤的大品种,中财网
2018-05-07,医药行业17年报及18年一季报小结,安信证券
2018-05-07,医药生物行业：全行业景气度回升继续推荐优质成长股,顶尖财经网
2018-05-07,医药板块概念股复星医药：贝伐珠单抗启动III期临床,南方财富网
2018-05-07,申万宏源：医药生物全行业景气度回升,中证网
2018-05-07,本周A股或有一场激战 10只股被机构集中推荐(附股),中财网
2018-05-07,社保和公募纷纷扎堆医药板块 六股有望率先发力,证券时报
2018-05-07,“代理+创新”助疫苗业繁荣 近2亿大单抢筹6只潜力股,证券日报
2018-05-06,看了基金一季报笑了 1722位公募基金经理其实就2位,中财网
2018-05-05,百合网慕岩：郭广昌的收购对百合网是件好事,新浪
2018-05-04,展露地产野心？郭广昌花样跨界40亿控股百合网,中国经营网
2018-05-04,大盘沉闷的背后 创业板的骚动已经按不住了,火山财富
2018-05-04,港股总结：恒指跌386点穿三万关汇控绩差价挫逾3%,理财18
2018-05-04,收评：沪股通净流出4.09亿 深股通净流出7.87亿,新浪
2018-05-04,0504涨停股揭秘：金刚玻璃率领虚拟现实爆发涨停潮,中金网
2018-05-04,本土生物医药崛起 风口在单抗和CAR-T？,南都报
2018-05-04,【陆股通交易追踪】陆股通净流入4亿元 医药生物板块再遭减仓,e公司
2018-05-04,A股公司研发投入首破5000亿 科技类企业出手最大方,证券时报
2018-05-04,32家医药生物公司毛利率超80%超七成公司销售费用过亿元,顶尖财经网
2018-05-04,40亿！郭广昌入主婚恋网站百合网 控股约7成,亿邦动力
2018-05-04,三元股份三年从15跌到5元 扣非后连亏三年复星被套,中国经济网
2018-05-03,数据王：医药行业业绩喜人15只个股创出历史新高,巨丰财经
2018-05-03,郭广昌拟40亿拿下百合网实控权,北京商报网
2018-05-03,外资青睐MSCI标的股 贵州茅台净买入金额最高,金羊网
2018-05-03,蚂蚁金服概念股近三日最受主力资金青睐,证券时报网
2018-05-03,联邦制药涨半成近七年高 大华继显续吁买,新浪
2018-05-03,创新药获6到12年数据保护期 这些药企或将受益,格隆汇
2018-05-03,机构三逻辑看好创新药标的,中证报
2018-05-03,4个月覆盖过千家药店，星邦健康用营销、医疗和保险 “让天下药店没有难做的生意”【基层案例】,和讯
2018-05-03,智能放疗AI与云服务提供商连心医疗完成5000万A轮融资，加快提升基层医院肿瘤诊疗能力,和讯
2018-05-03,试验数据保护助行业健康发展 哪些创新药概念股将受益,证券时报
2018-05-03,从基金重仓视角聊聊医药股的机会,中金在线
2018-05-03,复星医药：5月17日召开“16复药01”、“17复药01”持有人会议,Wind
2018-05-03,【陆股通交易追踪】陆股通净流入45.7亿元 五粮液、贵州茅台受追捧,e公司
2018-05-03,国金晨讯 | 金科文化挖掘休闲游戏大“钱景” /三生制药业绩符预期，核心品种受益医保增速稳健,国金证券研究所
2018-05-03,创新研发是医药行业主旋律 13家药企研发投入额同比翻倍,21世纪经济报道
2018-05-02,行情太沉闷？那是你没看到亮点：这类股已走出3个月翻倍的牛市行情（名单）！,每日经济新闻
2018-05-02,1463只个股今日尾盘资金净流入,证券时报
2018-05-02,0502涨停股揭秘：医药板块延续节前强势上涨势头,中金网
2018-05-02,5月2日复盘:大盘缓慢升温 主力重点出击10股（名单）,新浪
2018-05-02,91亿净资金杀跌流出 机构恐慌逃离十大股,证券之星
2018-05-02,471亿资金争夺20股：主力资金重点出击10股(名单),新浪
2018-05-02,巨丰资金流向：节后市场调整依旧 医药板块呈现活跃,巨丰财经
2018-05-02,证金公司一季度新进立讯精密等19只个股,证券时报网
2018-05-02,落到实处的鼓励政策驱动创新研发型企业快速成长,顶尖财经网
2018-05-02,快讯：医药股午后持续活跃 泰合健康涨停,新浪
2018-05-02,0502午间资讯汇总：新光药业领涨医药板块,中金网
2018-05-02,复星集团三亚亚特兰蒂斯旅游项目开业 耗资达110亿元,观点地产网
2018-05-02,快讯：生物制药早盘集体拉升 智飞生物涨愈8%,中国经济网
2018-05-02,医药生物行业：关注三大领域投资机会(附股),中投证券网
2018-05-02,这些消息 牛市行情还需进一步确认,财界网
2018-05-02,抗癌药品增值税率降低 创新药产业发展将提速(受益股),金融界
2018-05-02,郭广昌：复星仍寻求全球投资标的,证券日报
2018-04-30,癌症患者的福音！5月1日起部分抗癌药零关税,搜狐
2018-04-29,亚特兰蒂斯今日开业，郭广昌称将在海南寻找更多投资机会,Wind
2018-04-29,亚特兰蒂斯今日开业 郭广昌：寻找更多海南投资机会,新浪
2018-04-28,郭广昌：复星将在海南寻找投资机会，今年重点打造全球家庭幸福生态系统,第一财经日报
2018-04-28,一线|对话郭广昌：复星还有足够财务空间做收购兼并,腾讯网
2018-04-28,复星集团将在海南进一步寻找投资机会,新浪
2018-04-28,復星医药(02196-HK)首季少赚4.3%,财华社
2018-04-28,基金经理们的持股单 仓位变化透露哪些玄机？(附股),新浪
2018-04-28,北上资金对白马和中小创喜好均分化,大众证券报
2018-04-27,复星医药：一季度净利润同比减4.33%,Wind
2018-04-27,0427涨停股揭秘：永安药业引领医药板块大涨,中金网
2018-04-27,中证数据：两市资金净流入前20股（4月27日）,金融界
2018-04-27,慧聪集团喜获最受内地机构投资者关注港股通公司荣誉,DoNews
2018-04-27,0427午间资讯汇总：华锋股份复牌再封涨停,中金网
2018-04-27,中投证券：动荡之中建议关注医药生物细分领域龙头白马,中投证券网
2018-04-27,多项单抗类生物药进入三期临床,中证网
2018-04-27,部分白马股现业绩地雷 昔日牛股今失蹄,证券时报
2018-04-27,医药生物行业：关注三大领域投资机会,北京晨报
2018-04-27,医药生物行业:关注一季报优异个股及商业板块,华安证券
2018-04-26,2017年上市公司广告费公布 上汽集团成最大广告主,新浪
2018-04-26,复星医药(02196.HK)实际对外担保金额合计120.27亿元,格隆汇
2018-04-26,平安好医生登陆港股、微医今年分拆上市，至今亏损的“独角兽”为何能成功上市？,环球老虎财经
2018-04-26,复星集团：与临港集团战略合作 共同打造创新型产业园区,e公司
2018-04-26,医药股向下 药明(02269-HK)跌逾3%,财华智库网
2018-04-25,市场偏爱有加！医药股再度起飞 券商持续关注这些股,中财网
2018-04-25,[推荐评级]医药行业周报：机构配置提升 性价比仍有优势,中财网
2018-04-25,[强于大市评级]海外医药行业一周回顾：大数据时代生物医疗产业正在悄然巨变,中财网
2018-04-25,进口药能否抢占国产药地盘,北青网
2018-04-24,复星医药(02196-HK)接获共100亿元票据及短期融资券注册通知书,财华社
2018-04-24,医药健康行业周报：厉兵秣马 重装上阵-品牌中药企业广誉远的价值再审视,中财网
2018-04-24,专家诊股：港股芯片投资路漫漫 煤炭短期波动难推测,金融界
2018-04-24,基金1Q持仓分析(医疗保健行业)：1Q资金配置同比提升 聚焦长期逻辑通顺标的,中财网
2018-04-24,恒瑞医药加码研发 “A股药王”创新不易,时代周报
2018-04-23,[增持评级]医药生物行业周报：在整体市场调整中建议积极关注医药板块的优质公司,中财网
2018-04-23,【权益变动】复星医药(02196-HK)获基金增持181.05万股,财华社
2018-04-23,[领先大市-A评级]医药行业每周观点：继续关注Q1业绩超预期和业绩落地支撑盈利向上 以及白马股调整带来投资机会,中财网
2018-04-23,西部证券：3100点附近构筑阶段性底部,西部证券
2018-04-23,关注！多家药企医药项目获得新进展！,制药网
2018-04-23,跌破净资产，与投资者对簿公堂，复星曾重金押宝的昔日明星沦落！,犀牛之星
2018-04-23,使用周线的六大技巧 入摩在即海外资金关注8只个股,中财网
2018-04-22,郭广昌:我卖疟疾药品一年赚2亿美元 但我希望它灭绝,金融界
2018-04-21,89亿！这18家创新药公司研发投入“下重注”，资深私募有两点建议,e公司
2018-04-20,港交所“同股不同权”上市规则将生效 多家企业有望成为首批受益者,猎云网
2018-04-20,51家上市药企研发费用过亿元 14家研发费用占营收比超10%,证券日报
2018-04-20,复星集团在渝投资逾百亿 千亩马球马术项目也将落户重庆,中金在线
2018-04-20,复星将在两江新区建马球马术项目,重庆晨报
2018-04-19,“基因测序第一股”华大基因去年营收突破20亿元,证券日报
2018-04-19,复星医药(02196.HK)订立两项框架协议,格隆汇
2018-04-19,中国医药行业企业集团十强名单公布 这几家你一定熟,制药网
2018-04-19,看好中国 |健康中国 ——创新药机会依旧,巨丰财经
2018-04-19,港股医药股集体走高 东阳光药大涨逾10%,中证网
2018-04-19,泰凌医药反弹4% 取得骨质疏松药星马泰等独家经营权,新浪
2018-04-18,[强烈推荐-A评级]豫园股份(600655)深度报告：复星注资 快乐旗舰二次启航,中财网
2018-04-18,抗癌药零关税 急需药加快进医保 四股可以持续关注,新华网
2018-04-18,劲嘉股份：借助复星瑞哲投资整合等经验 共同促进战略目标,财富动力网
2018-04-18,医药股弱势未改 复星医药(02196-HK)创一个月新低,财华智库网
2018-04-18,B2B迎来黄金发展期，陌远科技能否成为第一支“独角兽”？,飞象网
2018-04-17,[推荐评级]医药行业周报：理性解读政策 继续看好Q2行情,中财网
2018-04-17,港股全日总结：恒指跌252点，手机设备股及医药股挫,理财18
2018-04-17,沪指失守3100点整数关口 海南板块高开后全线杀跌,财富动力网
2018-04-17,沪指失守3100点 紧盯这一重要点位,证券之星
2018-04-17,研发势头正旺！这些药企的核心产品不容小觑！,制药网
2018-04-17,[看好评级]医药生物行业2018年一季报业绩前瞻：稳健增长 分化明显 重点关注优质成长与稳健价值,中财网
2018-04-17,医药生物行业周报:持续推荐创新药和医药商业,华安证券
2018-04-16,抗癌概念股有哪些？抗癌概念股龙头一览,财富动力网
2018-04-16,[领先大市-A评级]医药行业每周观点：关注一季度业绩超预期及白马股短期调整带来投资机会 重点推荐千金药业、葵花药业、万孚生物,中财网
2018-04-16,A股市场资金变动一览（4月16日）,Wind
2018-04-16,458亿资金争夺20股：主力资金重点出击5股(名单),新浪
2018-04-16,[增持评级]医药生物行业周报：市场调整是医药板块逐步布局的好时机,中财网
2018-04-16,【中证盘前播报】重庆百货称尚未与阿里系商谈混改，德奥通航大幅下修2017年业绩，新疆火炬核查完毕今日复牌，多家公司一季度业绩大增,中证报
2018-04-16,陆股通净流入28.31亿 白酒龙头股受追捧,佳酿网
2018-04-16,开盘：两市小幅低开 海南板块大涨5%,腾讯网
2018-04-16,(港股)复星医药子公司新药启动临床III期试验,全景网
2018-04-16,融资客青睐42股，鲁商置业买入占比高达52.97％,Wind
2018-04-16,【个股公告】今日公布重磅利好,金元证券指定乾坤
2018-04-16,“两票制”加速药品流通环节整合 制药企业积极布局销售端,中证网
2018-04-16,本周股市三大猜想及应对策略：大盘等待再起时机？,金融界
2018-04-16,復星医药(02196-HK)：治直肠癌药適应癥的临床III期试验,财华社
2018-04-15,4月15日晚间上市公司十大重要公告一览,巨丰财经
2018-04-15,复星医药：近期启动新药治疗转移性结直肠癌适应症临床试验,Wind
2018-04-15,[推荐评级]医药行业周报：医药板块涨幅举居前 继续坚持三条主线,中财网
2018-04-15,复星医药：控股子公司新药完成临床I期试验,e公司
2018-04-15,市值2500亿股价累计涨90倍 恒瑞医药高估值怎么来的,新浪
2018-04-15,[超配评级]生物科技行业热点技术专题研究：CAR-T开启中国创新药大幕：生物科技热点技术系列之二-细胞免疫疗法,中财网
2018-04-14,指数或迎变盘关键期 49股或有四成上涨空间(附股),中财网
2018-04-14,指数或迎变盘关键期 22板块本周资金净流出,中金在线
2018-04-14,创新药发展受到政策支持 四股迎来大好上车良机,证券之星
2018-04-13,复星医药跌破1000亿，拐点来了？,环球老虎财经
2018-04-13,白马股本周集体走强但最后时刻医药股跌了行情结束？,顶尖财经网
2018-04-13,技术面透露A股下周可能大跌！主力资金大举逃离这些股（名单）,财富动力网
2018-04-13,港股全日总结：恒指回吐22点，成交仅970亿，软件及医药股挫,理财18
2018-04-13,收评：恒指跌0.07%失守31000点 医药股集体受挫,中证网
2018-04-13,中财独家：震荡过程中一类股机会明显？＋机构预测,中财网
2018-04-13,十大机构预测下周大盘走势 市场短期风险还需释放防范,证券之星
2018-04-13,主力资金近三日大量撤出这些概念股,中金在线
2018-04-13,92亿净资金杀跌流出 机构恐慌逃离十大股,证券之星
2018-04-13,大盘以时间换空间 等待再起时机,中财网
2018-04-13,今日散户最关注的前50只个股（4/13）,中金在线
2018-04-13,短线防风险36只股短期均线现死叉,证券时报
2018-04-13,进口抗癌药实施进口零关税 关注创新龙头企业,中金在线
2018-04-13,创业板指迎四连阴 尾盘杀跌原因揭秘,证券之星
2018-04-13,367亿资金争夺20股：主力资金重点出击3股(名单),新浪
2018-04-13,[看好评级]国务院要求对进口抗癌药实施进口零关税等事件点评：继续看好国内创新药及高端仿制药企业的发展,中财网
2018-04-13,今日上午主力资金大量净流入个股解密,证券时报
2018-04-13,恒指半日微跌0.08%报30807点 复星医药跌7.18％,金融界
2018-04-13,指数高开低走 三类股短期风险剧增,证券之星
2018-04-13,医药板块高开低走，回落明显,Wind
2018-04-13,快讯：复星医药跌逾7% 跌破60元至3月23日来最低水平,新浪
2018-04-13,进口抗癌药实现零关税！对医药上市公司意味着什么，哪些公司将受益,中金在线
2018-04-13,目前A股总成交额为1561.95亿元,新浪
2018-04-13,今日看盘：今日股市热点概念与题材前瞻（20180413）,银行信息港
2018-04-13,国常会关注医药领域知识产权 创新药概念股有哪些？,南方财富网
2018-04-13,【陆股通交易追踪】陆股通净流入28.31亿 五粮液等白酒股受追捧,e公司
2018-04-13,节后融资客甩卖银行扫货新经济,大众证券报
2018-04-13,医药股获资金追捧显防御本色 六股成摇钱树,证券之星
2018-04-13,国常会关注医药领域知识产权 六股绝佳布局良机,证券之星
2018-04-13,医药股显防御本色 近八成医药公司一季报业绩预喜,金融界
2018-04-12,国常会关注医药领域知识产权 创新药发展获助力,e公司
2018-04-12,[看好评级]生物制品行业周报：把握业绩主线 精选优质个股,中财网
2018-04-12,[强于大市评级]创新药系列报告：CAR-T迎收获期 中国成全球产业焦点,中财网
2018-04-12,医药板块业绩进入兑现期 两股或迎来主升,证券之星
2018-04-11,安永：中企海外投资放缓结构优化 生命科学类并购量逆势增长,每日经济新闻
2018-04-11,收评：恒指涨0.55% “三桶油”集体走高,中证网
2018-04-11,今日散户最关注的前50只个股（4/10）,中金在线
2018-04-11,464亿资金争夺20股：主力资金重点出击12股(名单),新浪
2018-04-11,浩悦资本刘浩：政策鼓励创新，培育更多医疗健康独角兽,苏南网
2018-04-11,今日午评：上证指数气势如虹 银行房地产大资金流入,中财网
2018-04-11,【大行报告】交银：给予医药行业领先评级,财华社
2018-04-11,4月11日券商晨会研报汇编,证券日报
2018-04-10,4月10日晚间重要行业研究汇总(附股),中金在线
2018-04-10,“互联网＋药企”拐点已至，业内大佬怎么看?,制药网
2018-04-10,国家意志大型医用设备配置证放开是大利好,顶尖财经网
2018-04-10,政策利好+景气度向上 医药股防御优势凸显,中证网
2018-04-10,海南获进口医疗器械审批权创新药龙头企业将受益,财界网
2018-04-10,[看好评级]生物制品行业周报：国办印发改革仿制药供应保障及使用政策意见,中财网
2018-04-10,争夺新经济“独角兽”:证监会谋变 不错过下一个阿里,时代周报
2018-04-10,社保基金连续三个季度持仓161只个股 解密布局策略,证券日报
2018-04-09,聊聊医药企业的那些“扎堆”行为,制药网
2018-04-09,国泰君安国际晨报 2018年4月9日周一,国泰君安证券香港
2018-04-09,北上资金逾40亿元抄底 家电股重回加仓视野,金融界
2018-04-08,复星医药：控股子公司凯茂生物受让产品临床批件,Wind
2018-04-08,5300亿的复星，大手笔布局医械圈！,医药网
2018-04-08,[增持评级]医药生物行业动态：国务院发文促进仿制药研发、生产和使用,中财网
2018-04-08,[推荐评级]医药行业重点公司2018年一季报业绩前瞻：聚焦一季报 关注创新+升级主线,中财网
2018-04-08,[推荐评级]医药行业2018年4月份投资月报暨Q2季度策略：创新+升级 从初春到盛夏,中财网
2018-04-06,年报密集披露 哪些机会将显现？,红周刊
2018-04-05,真正的中国独角兽：政策利好 生物医药十亿美金俱乐部扩容,经济观察网
2018-04-05,年报“见光死”？是机会不是风险！,红周刊
2018-04-04,仿制药迎利好，机构4月继续看好创新药,红周刊
2018-04-04,[增持评级]医药生物行业周报：医药板块估值持续回升 布局高景气度成长股,中财网
2018-04-04,午评：恒指跌0.08%企稳30000点 医药股集体大涨,中证网
2018-04-04,上海医药升幅扩至9% 内地将落实税收优惠,新浪
2018-04-04,港股医药股继续走强 绿叶制药大涨逾8%,中证网
2018-04-04,仿制药政策框架明晰进口替代的大周期开启（附股）,顶尖财经网
2018-04-04,【国泰君安国际】医药行业简评；仿制药企业降税至15%税率，港股仿制药企业利好,国泰君安证券香港
2018-04-04,[增持评级]医药生物行业点评：国务院政策加码 医药行业供给侧改革提速,中财网
2018-04-04,美国公布对华产品关税清单 这些中国股票值得关注,凤凰网
2018-04-04,国金证券：国务院政策加码 医药行业供给侧改革提速,中证网
2018-04-04,今日涨停板股票预测：4月4日关注美医药公司股价暴涨,证券日报
2018-04-04,券商看市：存量博弈特征明显 波动加大控制仓位,中证网
2018-04-04,政策力挺仿制药 “吃药”行情能否再度上演,中财网
2018-04-04,基金机构紧盯“吃药”行情,中证报
2018-04-04,政策力挺仿制药供应 具备研发实力药企或将受益,金融界
2018-04-04,赫赛汀复合新药获突破 美股SLS股价大涨1.5倍(附股),金融界
2018-04-04,上市企业“版图”重构,中财网
2018-04-03,东吴医药行业周观点：药明康德成为第二家“IPO快速通道”的独角兽公司 创新药主题迎来新一轮投资机会,中财网
2018-04-03,[增持评级]医药生物行业月报：行业发展持续向好 布局有增速、有未来的公司,中财网
2018-04-02,本周股评家最看好的个股(名单),中财网
2018-04-02,淡看风格起落 基金今年紧盯优质公司,中证报
2018-04-02,复星国际2017业绩亮眼刷屏 步步为营背后产业扩张杀手锏,投资者报
2018-04-01,监管层出王炸！周末13大消息影响下周股市（附股+点评）,新浪
2018-03-31,【创新药企业IPO系列专题之二】剖析投资机构最关注问题：创新药估值溢价与机构需做如何调整？,广证恒生新三板研究极客
2018-03-31,年报密集披露，哪些机会将显现？,红周刊
2018-03-30,杏泽资本—大健康生态圈投资人,苏南网
2018-03-30,国金：资金向价值成长迁移的趋势未变 4月十大金股,金融界
2018-03-30,国金证券发布4月份10大金股 认为资金向“价值成长”迁移,中证网
2018-03-30,今日各大机构看好十大金股一览（2018年3月30日）,金投网
2018-03-30,机构一致看好哪些股票？2018年3月30日机构一致看好10金股,南方财富网
2018-03-30,【海外】环球医疗：业绩符合预期，新业务长路漫漫,天风研究
2018-03-30,年报显示调仓路线 绩优基金开始布局成长股,金融投资报
2018-03-30,生物制品行业周报:药明康德顺利过会募资57亿元,渤海证券
2018-03-30,"复星医药:业绩稳健增长,即将步入研发收获期",证券之星
2018-03-29,复星医药：复宏汉霖创新型单抗获三地临床试验批准,e公司
2018-03-29,周期还是创业板？明天的行情很关键！,--
2018-03-29,118亿净资金流入 五大板块成资金热捧标的,证券之星
2018-03-29,今日散户最关注的前50只个股（3/29）,中金在线
2018-03-29,第一上海：复星国际给予买入评级 目标价至24.5港元,新浪
2018-03-29,白马股走弱蓝筹 破位调整走势,财界网
2018-03-29,[买入评级]复星医药(600196)年报点评：创新+国际化 配置全球优质医疗资源,中财网
2018-03-29,医药龙头股大幅回调 爱尔眼科跌超9%,e公司
2018-03-29,今日各大机构看好十大金股一览（2018年3月29日）,金投网
2018-03-29,上证50指数创年内新低 短期面临反弹机会,云掌财经
2018-03-29,[买入评级]复星医药(600196)深度研究：收入现金流快速增长 大力投入研发 重磅品种有望陆续获批,中财网
2018-03-29,券商首次关注8股并给予买入评级(3月29日),Wind
2018-03-29,盘前：白马股走弱蓝筹股阴跌 沪指反复震荡筑底,中国经济网
2018-03-29,今日涨停股票推荐：3月29日周四机构一致最看好的十大金股(名单),南方财富网
2018-03-29,郭广昌：复星不会为了战略而盲目并购 不靠烧钱不靠想象力 未来3年科创投资将达200亿元,21世纪经济报道
2018-03-29,复星以产业运营逻辑参股近10家独角兽,金融界
2018-03-29,郭广昌“再辞任” 复星：仍是灵魂人物,新京报
2018-03-29,辰欣药业交上市首份成绩单净利3.67亿，银行理财获益1300万,顶尖财经网
2018-03-28,郭广昌为什么心潮澎湃？,腾讯网
2018-03-28,北上资金抄底白马股 深股通买入五粮液8.06亿元,证券时报网
2018-03-28,今日散户最关注的前50只个股（3/28）,中金在线
2018-03-28,复星医药：配置全球优质医疗资源 买入评级,中信建投
2018-03-28,[审慎增持评级]复星医药(600196)年报点评：17年延续稳定增长 单抗研发龙头将入收获期,中财网
2018-03-28,[大行评级]摩通：升复星医药(02196.HK)目标价至62港元 评级“增持”,金融界
2018-03-28,郭广昌：复星的每一步都不是靠烧钱来的,凤凰网
2018-03-28,复星医药2017年营收185.34亿元 推进国际化进程,腾讯网
2018-03-28,医药生物板块涨幅居前 新天药业和科华生物等涨停,股城网
2018-03-28,新三板7家企业上榜2017独角兽名单,金融界
2018-03-28,看好中国｜大健康产业独角兽企业的“后台”,巨丰财经
2018-03-28,两大新经济主线浮出水面多路资金蜂拥买入,上证报
2018-03-28,两大新经济主线浮出水面，多路资金蜂拥买入,Wind
2018-03-28,CAR-T领域中国公司集体“爆发” 监管层与企业合力实现“弯道超车”,21世纪经济报道
2018-03-28,郭广昌去职后复星医药的2018年会怎么走,顶尖财经网
2018-03-28,2017年复星医药营收185.34 亿元，同比增长26.69 %,21商评网
2018-03-28,"复星医药:研发投入高速增长,再次验证公司创新属性",证券之星
2018-03-27,“百股涨停”重现！三路资金集体加仓两大新经济龙头,顶尖财经网
2018-03-27,复星国际2017年净利润增长28%，新投资项目超100个,澎湃新闻
2018-03-27,医药生物行业站上风口 进口替代图破局,证券之星
2018-03-27,复星发布年报：净利润131亿，负债率大幅下降,搜狐
2018-03-27,【视频直播预告】复星国际业绩会明日举行 看郭广昌的投资布局,中金在线
2018-03-27,[推荐评级]医药行业周报：三把“火”有望催化医药“大年”,中财网
2018-03-27,郭广昌辞去复星医药相关职务 将专注集团管理,医药网
2018-03-27,今日散户最关注的前50只个股（3/27）,中金在线
2018-03-27,港股异动︱复星国际(00656)涨5% 与汇丰银行战略合作,智通财经
2018-03-27,沪指激战3100点 芯片大飞机概念龙头可适当关注,中金在线
2018-03-27,[买入-A评级]复星医药(600196)年报点评：业绩基本符合预期 公司研发进入收获期 内生外延铸就国际一流医药企业,中财网
2018-03-27,[港股]复星医药：郭广昌申请辞去非执行董事等职务,全景网
2018-03-27,【陆股通交易追踪】陆股通净流入38.4亿 伊利股份贵州茅台受追捧,e公司
2018-03-27,美股强劲反弹 今天A股稳了？——道达早评,每经网
2018-03-27,复星“海淘”保险，仍对Ethniki念念不忘,和讯
2018-03-27,復星医药(02196-HK)去年多赚11%末期息38分,金融界
2018-03-27,郭广昌申请辞去复星医药董事等职务,中金在线
2018-03-26,郭广昌辞去复星医药非执行董事 已调整多家复星系职务,21世纪经济报道
2018-03-26,连续任职23年后 郭广昌不再担任复星医药董事,新京报
2018-03-26,复星医药：内生外延铸就国际一流医药企业 买入评级,安信证券
2018-03-26,火热的细胞治疗,微信
2018-03-26,靓丽成绩单：复星医药公布2017业绩,微信
2018-03-26,公告精选：万科A去年净利280亿同比增33%；郭广昌辞去复星医药董事等职务；证金增持国投电力,每日经济新闻
2018-03-26,复星医药：郭广昌辞去董事等职务 2017年净利润31.24亿元,中证网
2018-03-26,郭广昌辞任复星医药非执行董事：整体工作更聚焦复星集团层面,澎湃新闻
2018-03-26,创新药企业IPO地点如何选择？全方位剖析资本市场特点与行业特性,微信
2018-03-26,19股特大单净流入超亿元 计算机板块受青睐,证券时报网
2018-03-26,"10万亿潜力的大健康产业中,哪些上市公司最会赚钱?先看这46家",银行信息港
2018-03-26,公告精选：证金增持国投电力 万科A去年净利280亿同比增33%,e公司
2018-03-26,郭广昌辞去复星医药相关职务：更聚焦复星整体发展,顶尖财经网
2018-03-26,复星医药：郭广昌不再兼任公司非执行董事，因将更聚焦集团层面,Wind
2018-03-26,复星医药：2017年净利润同比增11.36%，拟10派3.8元,Wind
2018-03-26,复星医药：2017年净利31.24亿元 同比增11%,e公司
2018-03-26,【解盘论市】谁独经遇一眼惊鸿语成谶，神创不曾转身,Wind
2018-03-26,晚间重要公告2018年3月26日星期一,--
2018-03-26,恒生指数收涨0.79% 石油股走强,证券时报网
2018-03-26,3月26日复盘:周二能否止跌 主力重点出8股(名单),新浪
2018-03-26,583亿资金争夺20股：主力资金重点出击8股(名单),新浪
2018-03-26,[增持评级]医药生物行业周报：深化审评审批改革卓有成效 资本助力创新发展,中财网
2018-03-26,揭秘涨停板：20股封涨停板！军工航天掀涨停潮,腾讯网
2018-03-26,医药生物板块一枝独秀 机构关注细分龙头和绩优股(名单),证券时报网
2018-03-26,恒瑞、复星发力 医药板块重拾涨势,e公司
2018-03-25,生物药“独角兽”复宏汉霖总裁刘世高：中国药物研发处在百年难得一见的机遇期,每日经济新闻
2018-03-25,医药龙头“复星医药”还有机会上车吗？,银行信息港
2018-03-24,老百姓大药房董事长谢子龙：药品零售毛利率35%已成历史 应拥抱新零售,21世纪经济报道
2018-03-23,【概念】医药板块上涨原因揭秘，后续还有哪些细分逻辑值得跟踪？,国元证券订阅号
2018-03-22,复星国际陈启宇：连锁药店应当从纯售药模式转向健康管理机构,澎湃新闻
2018-03-22,黑马股推荐：2018年3月22日推荐5只黑马股,南方财富网
2018-03-22,3月22日券商晨会研报汇编,证券日报
2018-03-22,【Chuancai Research】China Market Weekly Outlook,川财研究
2018-03-21,多条均线粘合，变盘在即？中国平安盘中创2个月新高！明日留意这只新零售概念股,每日经济新闻
2018-03-21,创新药或成下一个 “风口”,红周刊
2018-03-21,[看好评级]生物制品行业周报：复星、石药等32家公司入选“中国生物医药指数”,中财网
2018-03-21,医药机构改革方案确定 深化医改推进 4股望井喷,证券之星
2018-03-21,多因素驱动医药股大涨,大众证券报
2018-03-21,A股市场昨再现“吃药”行情 复星医药成为“人气王”获168家机构青睐,每日商报
2018-03-21,医药行业：科技创新才是医药行业发展的主驱动力,金融界
2018-03-21,蓝筹与成长共舞 创业板个股强者恒强,股城网
2018-03-21,【晨会聚焦】如何理解医药板块行情,中泰证券研究所
2018-03-21,【浙商医药】行业点评：行业拐点元年，创新提速，强者恒强,浙商证券研究所
2018-03-21,浙商早班车2018.03.21,浙商证券研究所
2018-03-20,这个板块本轮反弹堪比“独角兽”！价投大旗能否由它扛起？（附股）,微信
2018-03-20,复星医药子公司Sisram2017年净利润增长37.2%,中证网
2018-03-20,接下来且板且珍惜（3月20日）,银行信息港
2018-03-20,3月20日A股全天资金主力净流入、净流出前十大个股,金融界
2018-03-20,1604只个股今日尾盘资金净流入,证券时报网
2018-03-20,[买入评级]复星医药(600196)点评：引进美国即将上市的创新药 产品线梯队进一步丰富,中财网
2018-03-20,中证数据：两市资金净流入前20股（3月20日）,金融界
2018-03-20,恒指收涨0.11%报31549点 医药股强势上涨,腾讯网
2018-03-20,数据王：医药股掀涨停潮 春天或将至？,巨丰财经
2018-03-20,417亿资金争夺20股：主力资金重点出击9股(名单),新浪
2018-03-20,巨丰资金流向：两市弱势反弹 医药板块成亮点,巨丰财经
2018-03-20,五大券商周三看好6板块44股,证券之星
2018-03-20,中证午评：市场震荡整理 医药生物逆势走强,中证网
2018-03-20,整点播报：各股指弱势震荡 医药生物领涨,中证网
2018-03-20,医药生物板块逆势拉升,中证网
2018-03-20,东易日盛、凯恩股份、利德曼多家上市公司调研机会在这里,中国基金报
2018-03-20,医药板块持续拉升 关注景气度高的细分领域龙头,每经网
2018-03-20,两融余额小幅回升 紫光国芯等6股大受追捧,和讯
2018-03-20,医药板块政策暖风吹 12股3月以来创历史新高,金融界
2018-03-20,【天风Morning Call】晨会集萃20180320,天风研究
2018-03-20,"医药生物行业周报:顶层机构改革落地,坚守创新和一致性评价",华安证券
2018-03-20,医药生物行业:国务院机构改革开启医药行业“大医保”时代,光大证券
2018-03-19,这一板块12股创历史新高 券商：今年是全面向上的拐点年！,中金在线
2018-03-19,【平安重点】行业专题报告*生物医药*2017年医院终端用药结构变化与投资机会分析*强于大市,平安研究
2018-03-19,平安研报20180319,平安研究
2018-03-19,[强于大市评级]医药生物行业专题研究：机构改革组建医药三大部门 监管开启新篇章,中财网
2018-03-19,[推荐评级]医药行业周报：医改新猜想 行业新机会,中财网
2018-03-19,[增持评级]医药生物行业周报：国务院机构改革 推动医药行业破浪前行,中财网
2018-03-19,涨停复盘:独角兽现分化次新股再活跃 万兴科技迎8板,金融界
2018-03-19,中财独家:创业板反包阳预示着题材股升温？机构预测,中财网
2018-03-19,巨丰投顾：继续关注国资背景的底部小市值科技股,巨丰财经
2018-03-19,中泰证券：全视角 个股,中泰证券
2018-03-19,45亿资金稳步流入 主力机构助推十大类股,证券之星
2018-03-19,周一股市平稳开局 创业板带领两市收涨,和讯
2018-03-19,中证数据：两市资金净流入前20股（3月19日）,金融界
2018-03-19,19日盘后机构策略汇总：市场看涨盼跌氛围浓厚 操作难度加大,证券时报网
2018-03-19,[领先大市-A评级]医药行业每周观点：把握结构性机会 短中期密切关注业绩超预期和年报业绩落地支撑盈利向上的个股,中财网
2018-03-19,479亿资金争夺20股：主力资金重点出击10股(名单),新浪
2018-03-19,收评：沪股通净流入4.81亿 深股通净流入5.41亿,新浪
2018-03-19,巨丰收评：缩量预示调整仍未结束,巨丰财经
2018-03-19,午评：创业板高涨近2% 次新股11股涨停,腾讯网
2018-03-19,国内生物药市场爆发在即！药企开启布局模式,制药网
2018-03-19,[看好评级]PHARMACEUTICAL：PROMISING INVESTMENT THEMES IN PHARMACEUTICAL INDUSTRY：DRUG PRODUCERS CONSUMP.,中财网
2018-03-19,药明生物涨逾4%破顶 今日放榜,新浪
2018-03-19,盘前有料｜盘前有料｜京东进军车联网 机构看好这些股（名单）,证券时报网
2018-03-18,信达、复宏汉霖、华领…15家可赴港上市中国医药企业清单,健识局
2018-03-18,医疗保健：国务院机构改革 荐8股,中泰证券
2018-03-18,医疗保健：重仓医药正当时 荐8股,西南证券
2018-03-18,医疗保健：短中期密切关注业绩超预期和年报业绩落地支撑盈利向上的个股 荐8股,安信证券
2018-03-17,1300亿资金237只个股 A股入摩谁将受宠？,巨丰财经
2018-03-17,四新经济点燃发展新引擎 工业互联网等题材全面激活,金融投资报
2018-03-16,开年后，超50位上市药企高管职位变动,医药云端工作室
2018-03-16,从南京传奇的传奇，看细胞疗法的冰与火之歌,E药经理人
2018-03-16,上市药企开年超50位高管职位变动 中国医药两年三换董事长,中国网
2018-03-16,杭州下城举办国际医疗健康产业“相亲会”,杭州网
2018-03-16,西南研发·晨会聚焦20180316,西南证券研究所
2018-03-16,生物药：全球巨头深度布局、国内投资迎时代机遇,西南证券研究所
2018-03-16,燃料电池产业迈入景气周期 四股迎腾飞契机,证券日报
2018-03-16,燃料电池迈入景气周期 11只年报预计翻倍股机会凸显,证券日报
2018-03-15,【光大新三板】新三板成“独角兽”孵化器——每日资讯20180315,EBSCN新三板研究
2018-03-15,[增持评级]医药生物行业点评：注射剂研发征求意见 行业规范化加速,中财网
2018-03-15,医药大涨后建议关注细分领域优质公司 4股受捧,证券之星
2018-03-15,[增持评级]国务院机构改革医药篇：三权分立 深化改革,中财网
2018-03-15,[中性评级]医药生物行业周报：关注增长确定性强的细分市场龙头标的,中财网
2018-03-15,【平安】行业快评*生物医药*CDE发布指导意见，利好具有创新能力的注射剂企业*强于大市,平安研究
2018-03-15,[中性评级]医药生物行业周报：医药大涨后继续建议关注细分领域优质公司,中财网
2018-03-15,港股生物医药板块持续走强,中证报
2018-03-14,金刚科技与复星集团旗下企业达成战略合作协议,犀牛之星
2018-03-14,【权益变动】復星医药(02196-HK)遭基金减持132.64万股,财华社
2018-03-14,【大行报告】交银：维持復星医药(02196-HK)买入评级和62港元目标价,财华社
2018-03-14,南华金融：发改委覆批3个煤矿项目可留意煤炭相关板块,金融界
2018-03-14,国金证券：注射剂研发征求意见 行业规范化加速,中证网
2018-03-14,[增持评级]医药生物行业点评：中国首个CAR-T疗法IND获批 金斯瑞领跑第一枪,中财网
2018-03-14,3月14日券商晨会研报汇编,证券日报
2018-03-14,【晨会聚焦】持续看好成长和消费！ 医药行业深度：抗PD-1单抗,中泰证券研究所
2018-03-14,【医药】江琦、王超（联系人）：国务院机构改革为医药产业发展指明方向-20180314,中泰证券研究所
2018-03-14,【医药】江琦、张天翼：抗PD-1单抗——划时代的产品，免疫疗法中的闪耀之星-20180313,中泰证券研究所
2018-03-14,挂牌企业融资另辟蹊径 新三板成“独角兽”孵化器,投资快报
2018-03-14,氢能源物流车放量在即万亿市场蓄势待发 六股飞,证券时报
2018-03-13,医药股纷纷创新高，是昙花一现还是春天来了？,环球老虎财经
2018-03-13,中生制药遭野村吁沽 惟现升逾2%破顶,新浪
2018-03-13,石药集团涨近2% 获华泰大升目标三成,新浪
2018-03-13,大健康领域享受政策红利 医药产业强劲发展之上海,中国医药报
2018-03-13,晨会聚焦1803013：重点关注中国中药、纺织日化、医药行业、创新药、海外市场、乐普医疗,国信研究
2018-03-13,【晨会聚焦】创新药进入兑现年；关注维生素涨价相关标的,中泰证券研究所
2018-03-13,医药生物行业周报:关注一季报有望超预期个股及低估值的商业个股,华安证券
2018-03-13,"医药行业周报:看好创新药、疫苗及消费升级机会,推荐恒瑞医药、安科生物、片仔癀等",西南证券
2018-03-12,医疗保健：好公司值得长期拥有 荐8股,中泰证券
2018-03-12,医改联动药企创新加速 创新药板块表现异军突起,财富动力网
2018-03-12,[强于大市评级]医药行业周报：看好创新药、疫苗及消费升级机会 推荐恒瑞医药、安科生物、片仔癀等,中财网
2018-03-12,快讯：内地迎独角兽回归继续发酵 科网医药股走好,新浪
2018-03-12,石药集团升半成领涨国指 旗下新药获美认可,新浪
2018-03-12,地图里隐藏的“五行”投资圈,红周刊
2018-03-12,晨会聚焦1803012：重点关注新能源车、中洲控股、领益智造、亿联网络、恒力股份、中国联通,国信研究
2018-03-12,[推荐评级]医药行业周报：左手创新 右手消费 布局滞涨：三问三答当下的投资机会,中财网
2018-03-12,医改联动药企创新加速 优质龙头迎机遇,金融界
2018-03-12,医改联动药企创新加速 五股有望率先发力,证券日报
2018-03-12,题材层出不穷,投资快报
2018-03-12,民政部支持互联网+养老 六股腾飞在即掘金良机,证券时报
2018-03-12,反弹在犹豫中展开 融资盘小幅增长,投资者报
2018-03-12,医改联动药企创新加速 近9亿元大单抢筹9只医药股,证券日报
2018-03-11,[增持评级]医药生物行业周报：好公司值得长期拥有,中财网
2018-03-11,医疗保健：好公司值得长期拥有 荐8股,中泰证券
2018-03-11,我国医疗机器人产业发展特征分析,搜狐
2018-03-09,复星医药：第七届董事会第五十四次会议(临时会议)决议公告,上交所
2018-03-09,恒指涨0.9%报30930点 手机配件股集体走强,腾讯网
2018-03-09,资金抢筹大消费 尾盘异动露马脚,中证报
2018-03-08,辰欣药业新药权益转让疑云：研发投入超千万却58万出售 董事长夫人在受让方任职,每日经济新闻
2018-03-08,沪指小幅下挫 机构建议关注中小创,钱江晚报
2018-03-08,今日散户出逃最多的前50只个股（3/8）,中证网
2018-03-08,沪指年线争夺白热化 机构最新调仓路线曝光,银行信息港
2018-03-08,港股异动︱生物医药股热度升温 金斯瑞(01548)涨9%,智通财经
2018-03-08,游资作妖试探监管底线 盘中这一诱惑需予以警惕,金融界
2018-03-08,【午评】沪指早盘窄幅震荡 方向选择信号即将出现,中金在线
2018-03-08,股指面临重要压力区域 向上突破的难度较大,巨丰财经
2018-03-08,金斯瑞急涨近12% 药明生物升幅扩至超过7%,新浪
2018-03-08,[中性评级]医药生物行业3月月报：聚焦两会 关注产业发展大趋势,中财网
2018-03-08,热点前瞻：乐观者打造优质股的清晰上升通道,腾讯网
2018-03-08,6家净利过亿 新三板隐形“独角兽”潜伏,21世纪经济报道
2018-03-07,秦洪看盘｜大盘未脱离箱体震荡格局，进一步下跌空间有限,澎湃新闻
2018-03-07,80股目标涨幅超两成 50亿主力资金抢筹,证券时报网
2018-03-07,医疗器械企业技术大比拼，发改委权威发布,医药网
2018-03-07,[看好评级]医药生物行业周报：年报陆续发布 可持续高增长是看点,中财网
2018-03-07,上海绿色供应链呈现四大亮点,中国环境报
2018-03-07,【山证医药】医药生物行业周报（20180226-20180304）：年报陆续发布，可持续高增长是看点,山西证券研究所
2018-03-06,收评：沪股通净流入7.19亿 深股通净流入4.2亿,新浪
2018-03-06,午评：沪股通净流入1.46亿 深股通净流入2.38亿,新浪
2018-03-06,第一梯队冲刺IPO，互联网医疗向智能升级成趋势,财经网
2018-03-06,复星医药：2017年公开发行公司债券(面向合格投资者)(第一期)2018年付息公告,上交所
2018-03-06,晨会聚焦180306：重点关注汽车行业、环保行业、港股、安车检测、宇通客车、上汽集团,国信研究
2018-03-06,【医药】江琦、王超（联系人）：2018政府工作报告为医药行业发展定下良好基调-20180305,中泰证券研究所
2018-03-06,【晨会聚焦】聚焦两会八大看点,中泰证券研究所
2018-03-06,前两月混基收益最高差30% 中邮汇添富技高一筹,中国经济网
2018-03-05,[增持评级]纺织服装行业周报：复星集团扩大时尚版图 外延并购完善多品牌战略,中财网
2018-03-05,[强于大市评级]医药行业周报：聚焦子行业龙头 看好恒瑞医药、安科生物、美年健康等,中财网
2018-03-05,[增持评级]医药生物行业周报：无论大小 增速和未来为王,中财网
2018-03-05,[推荐评级]医药行业2018年3月份投资月报：创新药2.0+细分市场龙头,中财网
2018-03-05,医疗保健：2018政府工作报告为医药行业发展定下良好基调 荐8股,中泰证券
2018-03-05,晨会聚焦180305：重点关注蓝思科技、游族网络、TCL集团、三孚股份、木林森、锦江股份,国信研究
2018-03-03,巨丰原创：那些即将登陆A股的“独角兽”,巨丰财经
2018-03-03,年报行情“号角吹响” 钢铁医药化工行业有望送红包,金融投资报
2018-03-02,政策加码创新医疗 国投瑞银创新医疗混合基金3月1日发行,证券日报
2018-03-02,掘金小米产业链6股 大基金二期将出利好芯片股,银行信息港
2018-03-02,午评：沪指宽幅震荡跌0.32% 科技股集体回落,网易
2018-03-02,[领先大市-B评级]医药行业2017年业绩前瞻：整体增长稳健 重点把握业绩优质龙头股,中财网
2018-03-02,晨会聚焦180302：重点关注游族网络、中国联通、银行业,国信研究
2018-03-01,巨丰哥问答：近期港股上涨迅猛原因何在？,巨丰财经
2018-03-01,【调研最前线】诺思兰德(430047)：立足心血管， 做重组蛋白与基因治疗药物开拓者,广证恒生新三板研究极客
2018-03-01,收评:沪指走强涨0.44% 创业板涨2.07%豪取4连阳,网易
2018-03-01,午评：沪指反转走强涨0.60% 工业互联网领涨两市,网易
2018-03-01,晨会聚焦180301：重点关注美亚柏科、广联达、石基信息、天虹股份、乐普医疗、扬杰科技,国信研究
2018-03-01,郭广昌在法国接受采访：复星正瞄准更多海外交易,Wind
2018-03-01,中泰证券3月各行业观点及重点推荐标的-20180228,中泰证券研究所
2018-03-01,【医药】江琦：医药生物行业2018年3月月报：以业绩为导向，以创新为方向-20180301,中泰证券研究所
2018-02-28,癌症治疗领域公立医院占比超80% 新人恒大能否站稳脚跟？,每日经济新闻
2018-02-28,健康中国频现利好 绩优龙头迎布局良机,中证网
2018-02-28,最被看好十大港股：小摩给予港交所目标价300港元,新浪
2018-02-28,收评：沪指2月份跌6.36% 创一年来最大月度跌幅,网易
2018-02-28,医疗保健：以业绩为导向 荐8股,中泰证券
2018-02-28,午评:沪指回调跌1.27% 创指反弹是机会还是陷阱？,网易
2018-02-27,继药品之后，全国首个医疗器械MAH试点产品也出来了！,医药云端工作室
2018-02-27,收评：沪指终止6连阳跌1.13% 真的会二次探底吗？,网易
2018-02-27,上海MAH制度试点修得正果 首个品种花落复星医药,中国医药报
2018-02-27,晨会聚焦180227：重点关注海康威视、中国国旅、计算机行业、港股、中兴通讯,国信研究
2018-02-26,过去20年买哪些股票最赚钱？（最全）,基金观察网
2018-02-26,今日尾盘资金抢筹这些个股,证券时报网
2018-02-26,中国生物制药涨逾2% 两个累涨约5%,新浪
2018-02-26,乐普医疗出资3亿干“大”事 试水保险市场,医药网
2018-02-26,2月26日券商晨会研报汇编,证券日报
2018-02-26,盘点 | 拜耳艾力雅上市，北海康成抗癌药进入3期临床,药明康德
2018-02-25,机构解析：下周热点板块及个股探秘（附股）,中证报
2018-02-24,复星副总裁：紧抓战略机遇期，实现创新研发的跨越式发展,汇聚南药
2018-02-24,优先审评品种大盘点（二）,新浪医药
2018-02-24,2018年医药整体业绩估值为27倍 医药概念股龙头一览表,证券日报
2018-02-24,年报行情即将打响 6大板块业绩高增长股浮出水面,金融投资报
2018-02-23,专家诊股：交通银行上涨较慢 融创目前相对站稳,金融界
2018-02-23,[增持评级]上海证券医药生物行业周报20180222,中财网
2018-02-23,收评：沪指收复年线涨0.63% 午后造纸板块走强,网易
2018-02-23,医疗保健：辉瑞第三代ALK抑制剂申请上市,川财证券
2018-02-23,最新优先审评名单三大亮点,医药经济报
2018-02-22,[增持评级]医药生物行业周报：2018年新气象 新医药 看好商业健康险和创新药物的快速发展,中财网
2018-02-22,专家诊股：内银股有重估机会 恒指短期上升空间不大,金融界
2018-02-22,医药圈五大投融资并购事件 将彻底改变行业格局!,医药网
2018-02-22,医疗保健：本周医药生物行业指数上涨3.94% 荐6股,上海证券
2018-02-22,复星医药增持禅城医院股份,北京商报
2018-02-22,22日可能影响股价重要财经证券资讯速递(更新中),证券时报网
2018-02-22,"医药生物行业周报:看好估值合理的子行业龙头,重点推荐恒瑞医药、长春高新、美年健康等",西南证券
2018-02-21,节前南北资金恢复双向净买入，五粮液被持续加仓，创业板遭获利了结,e公司
2018-02-21,亚太股市表现强势 香港恒生指数小幅上扬,中金网
2018-02-20,复星医药：CD20靶点利妥昔单抗类似药纳入优先审评，上市步伐加快,南方财富网
2018-02-18,过去20年买哪些股票最赚钱 医药公司占比最高,新浪
2018-02-16,中文传媒业绩增长良好 建议维持买入评级,金投网
2018-02-15,2017中国药企“成绩单”：跨境并购成网红 制剂出口表现平平,医药网
2018-02-14,专家诊股：华润燃气可中线部署 恒指节后或波动较大,金融界
2018-02-14,复星医药增持禅城医院股份,北京商报
2018-02-13,[增持评级]医药生物行业周报：关注调整幅度大、估值合理的优质个股,中财网
2018-02-13,3200点得而复失：金融地产再护盘，沪指和深成指全天飘红,澎湃新闻
2018-02-13,国药现升2% 最新报33.05元,新浪
2018-02-13,涨停板复盘：三大股指冲高回落 权重股逐渐走弱,新浪
2018-02-13,收评：沪指3200点得而复失涨0.98% 权重股冲高回落,新浪
2018-02-13,复星医药领涨细胞免疫治疗板块,证券之星
2018-02-13,午间研报精选：机构重点关注新华保险等5股,和讯
2018-02-13,午评：上证50指数涨2.5%沪指涨1.80% 权重股齐发力,新浪
2018-02-13,医药股今早冲高 金斯瑞(01548-HK)升近8%,财华智库网
2018-02-13,流感疫情肆虐全球 医药股迎利好鲁抗医药大涨近6%,新浪
2018-02-13,国元国际晨报 2018-2-13 周二,国元国际订阅号
2018-02-13,[买入评级]复星医药(600196)点评：收购禅城医院21.43%股权 龙头优势不断扩大,中财网
2018-02-13,港股公告精选：海航旗下香港国际建投拟159.59亿港元向恒基地产出售香港两幅地块,Wind
2018-02-13,【中证盘前播报】方大炭素“壕”派现33.99亿元，多公司拟增持回购股份，三公司质押股份濒临爆仓，欧美股市集体大反弹,中证报
2018-02-13,通化金马六家医院“一口闷” 药企加速布局医疗服务业,全景网
2018-02-13,北水减少流入 港股暂无方向,投资快报
2018-02-12,周二两市重要公告抢先看,中证报
2018-02-12,股市早知道：影响股票市场的重磅新闻汇总(2.13),网易
2018-02-12,公告精选丨方大炭素年报拟10派19元；多家公司今晚公布回购股份方案,每日经济新闻
2018-02-12,公告汇总：方大炭素净利暴增53倍 拟每10股派19元,网易
2018-02-12,沪深两市晚间重要公告一览 最新利空、利好消息集锦,和讯
2018-02-12,【解盘论市】股经多少事，都付笑谈中,Wind
2018-02-12,第一上海叶尚志：假日气氛转浓 港股动力下降,金融界
2018-02-12,复星医药：控股子公司拟7.5亿元受让禅城医院约21.43%股权,Wind
2018-02-12,[推荐评级]创新药行业深度报告系列之三：全球视野中国创新-中国创新药品种梳理与估值讨论,中财网
2018-02-12,香港恒生指数收跌0.2%，报29459.63点,每经网
2018-02-12,复星医药：子公司拟7.5亿元受让禅城医院21.43%股权,e公司
2018-02-12,恒指尾盘跳水收跌0.16%,金融界
2018-02-12,平安好医生估值50亿美金，或拉开互联网医疗IPO序幕,搜狐
2018-02-12,中泰证券：全视角 个股,中泰证券
2018-02-12,港股异动︱医药股普涨 石药集团(01093)领涨升8.19%,智通财经
2018-02-12,东证资管的年关：灵魂人物出走 爆款基金褪色,财经网
2018-02-12,【中证盘前播报】证监会立案调查獐子岛“扇贝异常”事件；证金大幅增持南山铝业；多家上市公司集体增持“自救”；美股巨震后反弹,中证报
2018-02-12,"生物医药行业周报:估值中枢下移,部分公司投资价值已现",平安证券
2018-02-11,囚徒困境下的白马股踩踏 暴跌的原因在于我们所有人,新浪
2018-02-10,【新三板医药行业双周报】CAR-T再进优先审评，振德医疗IPO过会成功-180209,广证恒生新三板研究极客
2018-02-10,周末两市重要公告一览：红太阳Q1净利预增58%至77%,中证网
2018-02-09,干货！2月9日晚间重要公告速读,第一财经
2018-02-09,多公司发布晚间重要公告 下周走势或将反转,和讯
2018-02-09,跨境并购、新药申请虽热闹，中国药企的制剂出口2017年表现却平平,财经杂志
2018-02-09,2月9日上市公司晚间公告速递,新浪
2018-02-09,复星医药：发行不超50亿元公司债获证监会核准,e公司
2018-02-09,大摩相信复星医药(02196.HK)股价60日内将升 评级「增持」,金融界
2018-02-09,[看好评级]医药生物行业2017年年报业绩前瞻：稳健增长 分化明显 重点关注优质成长与稳健价值,中财网
2018-02-08,中国：医疗保健：国家食药监局优先审评令新产品周期加速,中财网
2018-02-08,[推荐评级]医药生物行业深度研究：以AVASTIN为例看国内外贝伐珠单抗市场-创新药“工具书”系列之单抗(VEGF靶点),中财网
2018-02-08,[强于大市评级]医药生物行业专题研究：500亿的PD-1/L1抗体市场空间是如何量化测算的,中财网
2018-02-08,独家：微医完成四大业务整合或为IPO铺路 未来不排除分拆上市,21世纪经济报道
2018-02-08,恒指高开低走涨0.06% 权重股走弱,金融界
2018-02-08,国企民企携手 进得来、干得好、退得出,第一财经日报
2018-02-07,港股没跟上美股反弹节奏 港股通标的大换血引关注,证券时报网
2018-02-07,[看好评级]生物制品行业周报：把握业绩主线 持续看好创新药领域的发展,中财网
2018-02-07,古中人：股昨大跌 短期可择优，雅各臣可吼,金融界
2018-02-07,晨会聚焦180207：重点关注腾讯，旅游板块,国信研究
2018-02-07,国药集团以混改推动医药行业提质增效,中国经济网
2018-02-07,【山证医药】医药生物行业周报（20180204）：利好政策不断，创新仍是鼓励重点,山西证券研究所
2018-02-06,一财研选｜资源稀缺叠加资本逐鹿，这个行业迎来戴维斯双击！,第一财经
2018-02-06,传统找王者 新兴看龙头——专访涌津投资CEO谢小勇,红周刊
2018-02-06,古中人：雅各臣进军生物製市场前景佳,金融界
2018-02-06,[强于大市评级]海外医药行业一周回顾：生物科技的投资魅力：SIRTEX溢价49%接到美国瓦里安收购要约,中财网
2018-02-06,单抗行业专题研究：拥抱蓝海，风起“抗”林,国信研究
2018-02-05,郭广昌承诺帮扶15000个乡村医生，基层市场有救了！,健识局
2018-02-05,复宏汉霖将在香港上市，拟融资超30亿元？本土创新四大梯队长啥样？,E药经理人
2018-02-05,关于核准上海复星医药（集团）股份有限公司向合格投资者公开发行公司债券的批复,证监会
2018-02-05,新医疗将会怎样？这些行业大咖讨论了这些热点话题…,医学界智库
2018-02-05,[推荐评级]医药行业周报：进入年报期 关注业绩的确定性和持续性,中财网
2018-02-05,[推荐评级]医药行业周报：CAR-T疗法再进优先审批 临床价值进一步凸显,中财网
2018-02-05,八成生物药企业绩预喜 医药概念股龙头一览表,证券日报
2018-02-05,医药行业：创新和终端格局重构两条主线选股,南方财富网
2018-02-05,国际早班车：美债大跌累欧美市场重挫 人民币承压强美元,凤凰网
2018-02-05,八成生物药企业绩预喜 4只“错杀”股或迎估值修复,证券日报
2018-02-04,【华创医药周报201806】寻找不确定中的确定性机会,华创医药组公众平台
2018-02-04,持股还是持币过春节？机构们几乎站在了同一战线,Wind
2018-02-03,药企实力火拼！未来5年，约40%公立医院要卖！,健识局
2018-02-03,传复星医药(02196)旗下复宏汉霖拟下半年香港上市,智通财经
2018-02-02,豫园股份224亿元重组方案有条件过会 复星大快乐棋局落下关键一子,中国经营网
2018-02-02,券商看市：回避地雷股 坚守价值重估,中证报
2018-02-02,复星医药今日大宗交易成交10万股，成交价40.64元折价0.0%,Wind资讯
2018-02-02,[买入评级]医药生物行业深度：CART疗法兴起 生物赛道上的中国机会,中财网
2018-02-02,复星系生物科技公司复宏汉霖或于下半年赴港IPO,Wind
2018-02-02,首届C2M智能科技峰会议程一览,腾讯网
2018-02-02,中银国际港股通每日报告(零售),正点财经
2018-02-02,[增持评级]医药生物行业月报：把握政策落地年龙头企业机会 布局年报、一季报业绩预增品种,中财网
2018-02-02,今日午评：创业板逆境展开反击上涨 大盘重回3400点,中财网
2018-02-02,港股异动︱医药股走强 东瑞制药（02348）涨近6%,智通财经
2018-02-02,拥抱创新 紧抓医药龙头,证券导报
2018-02-02,[港股]复星医药附属公司设合资公司 推动大健康AI技术应用,全景网
2018-02-01,复星医药：第七届董事会第五十二次会议(临时会议)决议公告,上交所
2018-02-01,智通港股公告精选︱2月1日,智通财经
2018-02-01,复星医药(02196)子公司拟出资1000万美元认购AMG可转债,智通财经
2018-02-01,港股复盘：短线忧虑情绪上升 恒指2月开门下跌,格隆汇
2018-02-01,[强于大市评级]生物医药行业动态跟踪报告：第二十六批拟纳入优先审评程序重点品种分析,中财网
2018-02-01,16位药企高管辞职了！ 董监高成员变化,医药地方台
2018-02-01,复星医药3款创新药获批临床 利妥昔单抗注射液有望成为国内首个生物类似药,米内网
2018-02-01,[强烈推荐评级]复星医药(600196)事项点评：CD20靶点利妥昔单抗类似药纳入优先审评 上市步伐加快,中财网
2018-02-01,中泰证券2月重点推荐标的,微信
2018-02-01,[INCREASE评级]CHUANCAI RESEARCH 2018 STRATEGY REPORT：2018 CHINA EQUITY MARKET PHARMACEUTICAL OUTLOOK,中财网
2018-02-01,复星集团：全球布局投资保险科技,证券时报
2018-01-31,医保控费下的3大产业趋势！云南白药、华海药业、长春高新等各自靠什么增长？,E药经理人
2018-01-31,[增持评级]医药生物行业动态：第26批优先审评名单公示 3个CAR-T疗法临床申请被纳入优先审评,中财网
2018-01-31,盘前有料｜三代机组投产在即，核电重启一触即发（附股）,证券时报网
2018-01-31,54股一个月跌幅超两成 三类个股跌幅巨大,深圳商报
2018-01-31,国家加强医药产业 创新支持力度 药企创新迎政策红利,21世纪经济报道
2018-01-31,多家上市药企抗肿瘤创新药被纳入拟优先审评品种,中证报
2018-01-30,雅各臣科研制药增资上海复宏汉霖事项完成,智通财经
2018-01-30,解读2017医药行业十大关键词！,E药经理人
2018-01-30,复星医药子公司获得美洛昔康片的药品补充申请批件,智通财经
2018-01-30,年内A股走强 仍有54家个股跌幅超两成,新浪
2018-01-30,医疗保健：医保支付结构优化带来行业分化 荐8股,安信证券
2018-01-30,[买入评级]医药生物行业投资策略：口腔医疗消费需求快速提升 大型口腔连锁将成未来整合方向,中财网
2018-01-30,[增持评级]医药生物行业点评：安科携手美天旎 中国CAR-T疗法迈向全球合作,中财网
2018-01-30,[领先大市-A评级]医药行业每周观点：控费仍是主旋律 从医保支付结构改善角度寻求投资机会,中财网
2018-01-30,白马股昨日遭大幅抛售 贵州茅台创最大单日跌幅,股城网
2018-01-30,[港股]复星医药子公司药品拟纳入优先审评程序药品注册申请名单,全景网
2018-01-30,豫园股份收购标的负债497亿 复兴地产业务萎缩傍A股,中国经济网
2018-01-30,贵州茅台创两年多来最大单日跌幅 谁在抛售白马股？,中财网
2018-01-30,狂奔的“白马”跑不动了？ 白马股后市或出现分化,深圳商报
2018-01-30,【山证医药】医药生物行业周报（20180122-20180128）：业绩预告持续发布，行业整体表现良好,山西证券研究所
2018-01-29,10个基金抱团股票9个大跌 私募称目前只是短暂回调,中国基金报
2018-01-29,谁在卖出白马股？,顶尖财经网
2018-01-29,复星医药(02196)：利妥昔单抗注射液拟纳入优先审评程序药品注册申请名单,智通财经
2018-01-29,贵州茅台单日市值蒸发超500亿 五只股跌出千亿榜单,金融界
2018-01-29,主力资金最青睐个股揭秘,证券时报网
2018-01-29,涨停复盘:银行崛起白酒塌方白马股回调 区块链异动,金融界
2018-01-29,港股收盘(1.29)︱恒指跌0.56%报32966 周期股逆势上涨,智通财经
2018-01-29,午评：沪指冲高回落 短期将要歇歇脚？,e公司
2018-01-29,对标公立医院“心好累”？社会办医出路或在这里,财新健康
2018-01-29,报告丨2017中国化药年度报告,药物一致性评价
2018-01-29,"医药行业周报:看好创新药、供给侧改革、消费升级,重点推荐智飞生物、鲁抗医药、片仔癀等",西南证券
2018-01-29,"医药行业周报:年报业绩预告陆续披露,整体业绩增速稳定",开源证券
2018-01-28,医疗保健：龙头趋势明确 荐8股,中泰证券
2018-01-28,医疗保健：持续关注CRO及分销领域投资机会,川财证券
2018-01-27,陈启宇：社会资本在解决“看病难”问题上大有可为,医学界智库
2018-01-27,【新三板医药行业双周报】海内外医药市场再掀并购热潮，500家县级医院能力提升工程促进分级诊疗落地,广证恒生新三板研究极客
2018-01-27,基金2017年第四季度投资偏好解密 配置重心围绕家电等五行业,证券日报
2018-01-26,复星集团带领哈罗单车深入线下布局,创业邦
2018-01-26,沪市去年并购重组交易9200亿，上证所称更加关注五类问题,澎湃新闻
2018-01-26,沪市上市公司去年完成并购重组864家次 交易金额9200亿元,21世纪经济报道
2018-01-26,第一百十二期新闻发布会,上交所
2018-01-26,平安证券：“强烈推荐”复星医药,中证网
2018-01-26,"复星医药深度报告:单抗龙头,研发管线从Biosimilar到Innovative全覆盖",平安证券
2018-01-25,郭广昌产业互联网低调潜行 下一个流量风口来临,和讯
2018-01-25,机构：社会办医已占“半壁江山” 民资参与国企医院剥离尚有难度,每日经济新闻
2018-01-25,复星地产业务回A迎大考,北京商报网
2018-01-25,大健康产业的创新之路,南方财富网
2018-01-25,凤凰医疗创办人传沽一成股权 现涨7%,新浪
2018-01-25,劲嘉股份：利用优势响应客户需求 实现细支烟烟标的收入占比提升,财富动力网
2018-01-25,医药生物行业:CAR-T疗法第二起大并购:Celgene90亿美元收购Juno,华安证券
2018-01-24,"医药生物行业:巨头接连巨额收购CAR~T公司,CAR-T细胞产品价值受认可",中证网
2018-01-24,东吴证券举办医药产业高端论坛,中金在线
2018-01-24,三生制药迎重磅利好 业绩有望再攀新高,米内网
2018-01-24,荀玉根：四季度基金仓位整体微升 金融占比仍很低,金融界
2018-01-24,1月24日公告透露利好:14只个股有潜力,中财网
2018-01-23,智通港股公告精选︱1月23日,智通财经
2018-01-23,海通策略点评基金2017年四季报：金融占比仍很低,金融界
2018-01-23,公告精选：乐视网明天复牌；中国联通董事会拟提前换届，李彦宏等BATJ股东代表获提名,每日经济新闻
2018-01-23,公告精选：乐视网明日复牌；多家公司推高送转方案,e公司
2018-01-23,晚间重要公告2018年1月23日星期二,--
2018-01-23,1月23日上市公司晚间公告速递,新浪
2018-01-23,复星医药：自主研发肿瘤创新药获批临床试验,e公司
2018-01-23,创新药大爆发！三生制药迎重磅利好，业绩有望再攀高？,米内网
2018-01-23,巨头接连巨资收购CAR-T公司 2股最受机构看好,证券时报网
2018-01-23,[行业研究] 虚与实：基因行业A股上市公司分析,金融界
2018-01-22,AH股比价：3只个股股价倒挂,证券时报网
2018-01-22,公募2017年整体盈利达5600亿，中国平安获657只基金重仓,新浪
2018-01-22,三元联合复星收购法国食品品牌St Hubert完成交割,21世纪经济报道
2018-01-22,医疗保健：持续看好创新龙头与生物企业 荐5股,山西证券
2018-01-22,212亿再加仓 五概念受追捧或成主线,证券之星
2018-01-22,医疗保健：市场推广投入对市场份额影响有多大 荐3股,中泰证券
2018-01-22,华大基因荣登投资家“2017年度最具投资价值A股上市公司Top10”,全景网
2018-01-22,五大券商周二看好6板块41股,证券之星
2018-01-22,公募基金继续增持蓝筹股 减仓TMT和新能源,证券时报
2018-01-22,基金继续增持绩优蓝筹股 减仓TMT和新能源,中国基金报
2018-01-22,最具社会责任上市公司,证券日报
2018-01-21,那些将要改变人类命运的A股医药上市公司,巨丰财经
2018-01-21,医疗保健：创新药放量进入新时代 荐8股,中泰证券
2018-01-20,2018年哪家港股药企更具投资价值？,制药网
2018-01-20,基金定价权日渐增强 蓝筹股或延续强势,网易
2018-01-20,揭秘2017股基冠军+第一大公募基金公司最新调仓动向,中国基金网
2018-01-19,智通港股公告精选︱1月19日,智通财经
2018-01-19,首届金骏马奖揭晓 长盛基金揽双项大奖,新浪
2018-01-19,复星医药：第七届董事会第五十一次会议(临时会议)决议公告,上交所
2018-01-19,复星医药(02196)经总裁提名 聘任李东明为公司副总裁,智通财经
2018-01-19,最被看好十大港股：麦格理维持腾讯目标价450元,新浪
2018-01-19,CAR-T新药获实质进展 银河生物今日复牌,中新网
2018-01-19,高盛升复星医药(02196.HK)评级至「买入」 上调三生制药(01530.HK)目标价,金融界
2018-01-19,42家药企上榜2017中国上市公司市值500强,制药网
2018-01-19,基金经理看好宏观景气 继续力挺蓝筹,证券时报
2018-01-19,盘前有料 |银行业绩改善+估值重构 机构看好这些股,证券时报网
2018-01-19,最牛基金经理持仓曝光：兴全谢治宇、东方红林鹏十大重仓股抢先看,顶尖财经网
2018-01-19,最牛基金经理持仓大曝光：谢治宇重仓股抢先看(名单),中国基金报
2018-01-19,三元股份联手复星拓展大健康产业,全景网
2018-01-19,【晨会聚焦】经济短期回暖,中泰证券研究所
2018-01-19,强生欲剥离糖尿病业务 三诺生物等或40亿美元参与竞购,21世纪经济报道
2018-01-18,当下最红的两大基金经理持股名单梳理,证券时报网
2018-01-18,最牛基金经理持仓大曝光：兴全谢治宇+冠军东方红林鹏,e公司
2018-01-18,最牛基金经理持仓曝光：兴全300亿谢治宇+东方红林鹏,中国基金报
2018-01-18,跨境医疗半程：国际机构蜂拥入华，只为高净值客户,第一财经
2018-01-18,刚刚！最牛基金经理持仓大曝光：兴全300亿谢治宇+冠军东方红林鹏(名单),中国基金报
2018-01-18,速读社丨云南健之佳A股上市失败 香雪制药牵手GE进军细胞治疗,新浪医药
2018-01-18,收盘研报精选 这10股明天爆发?,中财网
2018-01-18,中生制药三连阴后 现再挫近4%,新浪
2018-01-18,中国公司市值500强 42家药企上榜,制药网
2018-01-17,ST生化史曜瑜辞任总经理、财务总监 仍任董事长,中国经济网
2018-01-17,复星医药：创新药全面布局 买入评级,中泰证券
2018-01-17,【重磅！】上海钢联深度：利润拐点在即，进入长期成长轨道（Fintech系列深度之七）,申万宏源S全民全流量计算机话报
2018-01-17,复星医药：两子公司获批白血病治疗药物临床试验,中国网
2018-01-17,【医药-复星医药(600196)】江琦、张天翼：从单抗到小分子，创新药全面布局-20180117,中泰证券研究所
2018-01-17,【山证医药】医药生物行业周报（20180108-20180114）：2017年度业绩预告陆续发布,山西证券研究所
2018-01-17,银河生物控股公司马力喏首席科学顾问陈思毅：两三年后CAR-T疗法赛道将现“裸泳者”,21世纪经济报道
2018-01-16,股市早知道：影响股票市场的重磅新闻汇总(1.17),网易
2018-01-16,公告汇总：贵州燃气股价涨幅较大 17日起停牌核查,网易
2018-01-16,晚间重要公告2018年1月16日星期二,--
2018-01-16,复星医药：控股子公司新药注射用FN-1501临床试验获国家食药监总局批,Wind
2018-01-16,四大因素驱动医药股行情 千亿元级市值股有望扩容,证券日报
2018-01-16,【医药】江琦、池陈森：2018年医药生物投资策略：拥抱创新，紧抓龙头-20180115,中泰证券研究所
2018-01-15,复星集团新方向 布局“科创+客户+全球化2.0”,新浪
2018-01-15,医药生物行业周报：继续推荐龙头公司,中财网
2018-01-15,医疗保健：2017年度业绩预告陆续发布 荐5股,山西证券
2018-01-15,医药生物行业点评：第六家IND获受理中国将成CAR,中财网
2018-01-15,香港内地医药股又大幅跑赢A股 四大原因解析,证券时报网
2018-01-15,金百临咨询：行情两极分化格局短期难改,顶尖财经网
2018-01-15,热点前瞻：港股牛市氛围推高A股蓝筹股,腾讯网
2018-01-15,港股“牛氛”提振A股士气 二八格局短期或将难以改变,北京晨报
2018-01-14,医药生物行业周报：行业趋势明确看好龙头和创新,中财网
2018-01-14,【华创医药周报201803】关注大病种领域用药格局的变化与投资机会,华创医药组公众平台
2018-01-14,百余团队竞速肿瘤细胞疗法，预期两年内上市定价近百万,第一财经日报
2018-01-14,医疗保健：看好龙头和创新 荐17股,中泰证券
2018-01-13,复星系收购St Hubert“圈地”快消领域 三元借力多元化突围,中国经营网
2018-01-13,医疗保健：创新药研发周期理论,申万宏源
2018-01-13,复星收购St Hubert圈地快消领域 三元借力多元化突围,中国经营报
2018-01-12,92家医药上市公司年报预喜 热衷海外“扫货”,证券时报网
2018-01-12,青啤内忧外患财务投资人总难得志 复星66亿接棒迎来“美好生活”？,投资时报
2018-01-12,秦洪：市场产生担忧成交未放大 显示追涨情绪不足,澎湃新闻
2018-01-12,收评：沪股通净流入15.92亿 深股通净流入6.93亿,新浪
2018-01-12,今日令散户资金惊慌失措的50只个股,证券之星
2018-01-12,金色两点半：次新股二胎概念午后走强上证50坚挺,中财网
2018-01-12,中生制药涨半成破顶 获瑞信升目标价,新浪
2018-01-12,1月12日：主力巨资围剿四大板块(14:00),金融界
2018-01-12,1月12日：主力巨资出逃四大板块(15:00),金融界
2018-01-12,1月12日：两市板块龙虎榜排名(14:00),金融界
2018-01-12,1月12日：早盘主力巨资出逃四大板块(11:30),金融界
2018-01-12,1月12日：早盘两市板块龙虎榜排名(11:30),金融界
2018-01-12,【中金海外策略】全球资金流向监测：新兴市场现15年中以来最大单周流入；海外资金加速流入港股,Kevin策略研究
2018-01-11,永安财险两大股东宫斗正酣 频受处罚谁是话事人？,投资时报
2018-01-11,速读社丨复星医药1800万美元收购帕金森药物销售权,新浪医药
2018-01-11,医药生物行业1月月报：把握年底估值切换行情布局2018,中财网
2018-01-11,中国平安、京东方A、美的集团入选2018“下注中国”十大核心资产,证券时报
2018-01-11,医药行业三大细分市场率先受益(附股),财界网
2018-01-11,南华金融：油价持续上涨可留意「三桶油」,金融界
2018-01-11,[港股]复星医药拟斥1.02亿元增资复拓生物,全景网
2018-01-11,[港股]复星医药附属公司拟斥2550万美元参设医药公司,全景网
2018-01-11,【陆股通交易追踪】陆港通净买入 银行股获青睐 茅台等白酒股遭减持,e公司
2018-01-11,32家医药生物公司高管离职英特集团实控人变更,顶尖财经网
2018-01-10,复星医药：第七届董事会第五十次会议(临时会议)决议公告,上交所
2018-01-10,复星医药公布2018年首次投资计划，拓展海内外医药创新业务,第一财经
2018-01-10,速读社丨默沙东新型HIV药物Doravirine在美进入正式审查,新浪医药
2018-01-10,中生制药获里昂续予优于大市 现仍跌近2%,新浪
2018-01-10,1月10日：早盘主力巨资出逃四大板块(10:30),金融界
2018-01-10,A股情报局：上证指数八连阳背后的逻辑,腾讯网
2018-01-10,【晨会纪要】策略丁文 银河证券晨会纪要—20180110,中国银河证券研究
2018-01-10,银河证券晨会纪要-180110,银河证券
2018-01-10,沪指八连阳 “喝酒吃药”行情再现,广州日报
2018-01-10,医药股强势依旧 “五个优质”或成就行业巨头崛起,证券日报
2018-01-09,茅台创新高，意味着食品饮料还会再涨？,银行信息港
2018-01-09,港股药企排名！石药、康哲、三生、中国生物等14家企业谁强？2018谁更具投资价值？,E药经理人
2018-01-09,"医药板块多股涨停,券商看好这些股",银行信息港
2018-01-09,复星医药：万邦医药拟独家销售代理BIAL帕金森病治疗药物,e公司
2018-01-09,“喝酒吃药”行情再次上演 30亿巨资蜂拥两板块,和讯
2018-01-09,医药生物行业周报：持续关注通过一致性评价品种,中证网
2018-01-09,中生制药涨逾2% 瑞信续予优于大市,新浪
2018-01-08,中国生物制药（1177.HK）128亿关联交易，吃相究竟如何？,和讯
2018-01-08,珍稀物种：AH折价股值得高度关注,红周刊
2018-01-08,事件驱动 午后两大行业现利好,中财网
2018-01-08,医药生物行业周报：建议关注我们的年度策略暨创新药系列深度第三篇,中财网
2018-01-08,医药生物行业数据周报:首部《中国上市药品目录集》发布,中国网
2018-01-08,"018年1月份医药投资策略:医药产业进入大时代,创新驱动行业发展",中国网
2018-01-08,医药行业周报：疫苗行业景气度高涨重点推荐智飞生物、康泰生物等,中财网
2018-01-08,两领域专家频频斩获最高科技奖 这些公司或迎机遇,证券时报网
2018-01-06,【国君环保-徐强】环保今日要闻-博世科、东方园林、国祯环保新增大单-2018.01.05,国君环保徐强之环保资讯
2018-01-06,医药千亿俱乐部,经济观察网
2018-01-05,“真正的抗癌神药”申请国内上市，哪些A股公司已布局？,证券时报网
2018-01-05,"医药生物行业:诺华重磅药物LCZ696在华专利被宣布无效,关注在研厂商的投资机会",腾讯网
2018-01-05,青岛啤酒确证调价：AH股价双双大涨 复星浮盈近40亿,中金在线
2018-01-05,沪市主力控盘个股一览(表),金融界
2018-01-05,1月5日：主力巨资出逃四大板块(15:00),金融界
2018-01-05,1月5日：早盘主力巨资出逃四大板块(11:30),金融界
2018-01-05,2017年中国资本市场医药企业表现,制药网
2018-01-05,医药港股2018年投资策略：强者恒强-掘金最具创新优势和长线价值的医药港股,国信研究
2018-01-05,晨会聚焦180105：重点关注中青旅、中际旭创、宇通客车、木林森,国信研究
2018-01-05,【晨会纪要】策略丁文 银河证券晨会纪要—20180105,中国银河证券研究
2018-01-05,荣之联跨界生命科学和信息科学，如何用数据服务突破精准医疗瓶颈？,动脉网
2018-01-05,1月5日：早盘主力巨资出逃四大板块(10:30),金融界
2018-01-04,【国君环保徐强】环保今日要闻-博世科、博天环境再增新单-2018.01.04,国君环保徐强之环保资讯
2018-01-04,10只个股大宗交易超5000万元,证券时报
2018-01-04,复星医药今日大宗交易成交10万股，成交价44.88元折价0.0%,Wind资讯
2018-01-04,多家重庆药企进入2017研发实力百强榜,制药网
2018-01-04,【行业深度】医药生物李平祝/霍辰伊拥抱医药创新的新时代—创新药产业深度报告暨2018年投资策略,中国银河证券研究
2018-01-04,恒生指数延续涨势再创新高 两类A股受益获上涨催化剂,证券日报
2018-01-04,港股医药板块新年孕育新机遇,中证报
2018-01-04,医药板块出现回暖迹象 有望借风使力,证券时报
2018-01-03,创新药产业深度报告暨2018年投资策略：拥抱医药创新的新时代,中财网
2018-01-03,中生制药涨近4%突破14元关再创新高,新浪
2018-01-03,2017收官：沪港深基金大放光彩东方红系成大赢家,全景网
2018-01-03,【医药】由“仿”入“创”，创新开启新的时代红利,天风研究
2018-01-03,细胞免疫疗法或迎井喷！多家上市公司正抢占这片蓝海,顶尖财经网
2018-01-03,郑磊：大中小盘港股怎么投资最挣钱,腾讯网
2018-01-03,【山证医药】医药生物行业周报（20171225-20171231）：首批仿制药一致性评价品种落地,山西证券研究所
2018-01-03,【山证策略】稳赢大市，2017年绝对收益32.96%-山西证券策略研究-双剑合璧组合（20180102）,山西证券研究所
2018-01-03,华创事件驱动早报1-3：全球顶级消费电子展临近；首款国产人工智能芯片推出,华创证券研究
2018-01-02,复星医药(2196):首席执行官吴以芳增持计划实施期限届满,经济通
2018-01-02,CFi收盘揭秘：2018开门红！指数跳空上扬,中财网
2018-01-02,18年1月美奢月刊：国际奢侈品17年显著受益于亚太消费,中财网
2018-01-02,1月2日：主力巨资围剿四大板块(15:00),金融界
2018-01-02,医疗保健：同时明确首家生物类似药为高 荐14股,中泰证券
2018-01-02,五大券商下周看好6板块49股,证券之星
2018-01-02,"医药生物行业:首批一致性品种出台,看好后续投资机会",中国网
2018-01-02,医疗保健：首批仿制药一致性评价品种落地荐7股,山西证券
2018-01-02,医疗保健：行业迎来创新时代荐12股,平安证券
2018-01-02,"生物制品行业:博生吉安科产品获CDE受理,行业发展提速",中国网
2018-01-02,【医药】江琦：医药生物行业2018年1月月报：2018是政策落地大年，看好创新药、高品质仿制药、医疗服务三大方向-增持-0101,中泰证券研究所
2018-01-02,大限将至仿制药能否觅新生,北京商报
2018-01-01,郭广昌：10年将投入3亿元，复星发起“乡村医生”扶贫计划,Wind
2018-01-01,生物医药行业专题报告：CAR-T疗法产业化开启新纪元打开百亿级别新市场,中财网
2018-01-01,医药生物行业点评：首批通过一致性评价的产品进入药品上市目录集,中财网
2018-01-01,A股2018:投资者结构会改善回归价值投资才是赚钱之道,中国经济时报
