date,sentence,col3
2021-12-31,【银华基金】交易日报 2021-12-31,新浪
2021-12-31,北上资金12月份净买入889.92亿元 连续15个月净买入,证券时报网
2021-12-31,北上资金本周抢筹股名单,证券时报网
2021-12-31,AI研发投2亿，业绩崩了！年末基金扎堆道歉，基民：有用吗？赚钱才是硬道理,证券之星
2021-12-31,2021年信用卡与支付十大新闻,金融界
2021-12-31,服务中小企业出实招兴业银行南京分行 按下科创金融“加速键”,荔枝网
2021-12-31,节前最后一日，成都农商行领千万级别罚单，多家银行被罚金额过百万 金融监管处罚,资本邦
2021-12-31,兴业银行无锡分行落地首笔科技型风险补偿普惠贷款,东方网
2021-12-31,2021名家讲坛系列活动顺利收官 兴业银行持续深耕私人银行,21世纪经济报道
2021-12-31,零售数字化转型显效 兴业银行手机银行接连获奖,和讯
2021-12-31,兴业银行三明分行私人银行财富中心开业啦！,和讯
2021-12-31,“一点接入、联通全球” 兴业银行共享直连全球资金管理平台再升级,搜狐
2021-12-31,华西证券：给予兴业银行买入评级,证券之星
2021-12-31,华西证券给予兴业银行买入评级，战略构筑壁垒，转债拓展空间,每日经济新闻
2021-12-31,民生银行信用卡业务投诉量上半年在湖南居股份制商业银行首位,中国经济网
2021-12-31,银行财眼 | 兴业银行海口分行被罚30万元：因违规发放贷款承接本行不良贷款 金融监管处罚,凤凰网
2021-12-31,汇聚金融力量 赋能实体经济——兴业期货助力商品市场保价稳供,期货日报网
2021-12-31,兴业银行南京分行打造消费者权益保护新格局,荔枝网
2021-12-31,A股融资融券日报：两融余额增加32.82亿元（12月30日）,Wind
2021-12-31,银行业持续为“三农”输送金融“活水”,中国金融新闻网
2021-12-31,Wind风控日报2021年12月31日星期五,Wind
2021-12-31,青睐长期景气赛道，银行理财权益投资力度将加大,Wind
2021-12-31,“小包演练”盛行，个人不良贷款转让业务“摸着石头过河”,Wind
2021-12-30,2022年A股怎么走？银行理财公司这么看,Wind
2021-12-30,银行APP掀起“瘦身”潮！,中国银行保险报
2021-12-30,盘后公告集锦|十个交易日股价翻倍！又一家抗疫概念股停牌核查,财联社
2021-12-30,晚间重要公告2021年12月30日星期四,Wind
2021-12-30,兴业银行可转债发行结果：网上投资者弃购3.62亿元,财联社
2021-12-30,兴业银行厦门分行：聚焦“减污降碳” 构建绿色资产,中国金融新闻网
2021-12-30,兴“绿色”之业 助陇原发展——兴业银行兰州分行绿色金融驱动黄河流域生态保护和高质量发展,和讯
2021-12-30,兴业银行：公司仅介入阳光城少量一二线城市且资质较好的房地产开发项目融资,Wind
2021-12-30,稳住农业基本盘 兴业银行青岛分行按下金融助农“快进键”,中国金融新闻网
2021-12-30,科技赋能资金监管 兴业银行成都分行逐步完善住房租赁生态圈,和讯
2021-12-30,阳光何时照围城？,证券之星
2021-12-30,兴业银行南京分行走准服务三农“奋斗路”，贡献乡村振兴“兴业力量”,荔枝网
2021-12-30,A股融资融券日报：两融余额减少8.94亿元（12月29日）,Wind
2021-12-30,2021黄金盘点：疫情叠加通胀，全球央行持仓量创31年新高,Wind
2021-12-30,科大讯飞股份有限公司关于2021年非公开发行股票募集资金项目 募集资金使用完毕及募集资金专户销户完成的公告,中证报
2021-12-29,主动担当 精准发力——兴业期货谱写服务中小微企业新篇章,金融界
2021-12-29,服务湖北经济高质量发展 兴业银行武汉分行债券承销规模超200亿元,中国金融新闻网
2021-12-29,全方位满足差异化需求 兴业银行苏州分行“融智”转型显成效,大众证券报
2021-12-29,一揽子综合融资助推跨境融资 兴业银行苏州分行落地首单港股私有化项目,大众证券报
2021-12-29,泛海控股:控股股东1亿股份将被公开拍卖 司法拍卖,金融界
2021-12-29,北向资金年末交投持续低迷净买入逾6亿元，连续4日加仓宁德时代累计扫货超20亿,Wind
2021-12-29,兴业银行正式推出对公跨境业务品牌 “兴业单证通”,中投网
2021-12-29,兴业银行上海分行成功参投澳门市场首笔工商企业绿色债券,陆家嘴金融网
2021-12-29,服务经济高质量发展 兴业银行为实体企业承销债券近4000亿元,搜狐
2021-12-29,福建：首期“海峡金融讲堂”开讲,中国金融新闻网
2021-12-29,兴业银行信用卡荣膺领航中国“杰出信用卡品牌奖”,金融界
2021-12-29,兴业银行：按下科技赋能乡村振兴“加速键”,和讯
2021-12-29,银行间交易商协会发布11月主承承销情况分类统计,Wind
2021-12-29,万里石为万里石装饰等1.42亿元融资提供担保 大额借贷担保,乐居财经
2021-12-29,北向资金动向盘点：连续净买电新，王者已归来？,Wind
2021-12-29,A股融资融券日报：两融余额增加34.59亿元（12月28日）,Wind
2021-12-29,盘前情报丨千亿私募幻方量化发道歉信；百年泸州老窖再度上调价格,21经济网
2021-12-29,每日理财观察：券商营业部排名大洗牌，量化交易催生硬件竞赛,Wind
2021-12-29,北向资金净买入13亿元，增持银行电池，扫货这些个股,21世纪经济报道
2021-12-29,北向资金动向曝光：12月28日这30只个股被猛烈扫货（附名单）,每经网
2021-12-29,年末弱势震荡，板块轮动持续,Wind
2021-12-28,【银华基金】交易日报 2021-12-28,新浪
2021-12-28,巨无霸可转债兴业转债入场，今年银行转债发行达1100亿,第一财经
2021-12-28,"兴业银行现1笔大宗交易 共成交5,298.81万元",新浪
2021-12-28,艾融软件再拿下2个大单！中标工商银行和上海银行两大采购项目,同壁财经
2021-12-28,每经18点|陕西延安新增本土确诊病例2例；兴业银行被北上资金净买入近6亿元；恒驰汽车量产下线仪式可能要到明年初,每日经济新闻
2021-12-28,最新出炉！12月28日沪深股通净流入12.92亿，其中5.932亿都买了它,每经网
2021-12-28,北上资金净买入兴业银行5.93亿元，净卖出贵州茅台7.65亿元,格隆汇
2021-12-28,北向资金净买入12.93亿元 兴业银行净买入5.93亿元,新浪
2021-12-28,北向资金假期后首日加仓近13亿，兴业银行、宁德时代净买入均超5亿元,Wind
2021-12-28,年底大宗交易井喷，四大行业获机构扫货！,Wind
2021-12-28,转债中签结果：兴业银行公布中签号,中财网
2021-12-28,兴业银行可转债中签结果出炉：超1064万个,财联社
2021-12-28,兴业银行长沙分行：擦亮“三张名片” 服务湖南“三高四新”战略,证券日报网
2021-12-28,兴业银行在湘落地首笔分布式光伏发电项目并购贷款,红网
2021-12-28,兴业银行(601166.SH)可转债网上中签结果出炉：中签号共1064.1202万个,格隆汇
2021-12-28,绿色项目需具备可持续性，兴业银行如何建设绿色金融产品体系？,时代周报
2021-12-28,“真香”引发“真卷”！可转债打新户数破1100万,Wind
2021-12-28,兴业银行厦门分行为制造业转型发展增添绿色动力,中国金融新闻网
2021-12-28,14股获杠杆资金净买入超亿元,证券时报网
2021-12-28,融资客青睐9股，光大银行买入占比高达42.39%,Wind
2021-12-28,年终报道 | 年内银行动用多元资本补充工具密集“补血”数千亿元 2022年资本补充压力仍存,财联社
2021-12-28,A股融资融券日报：两融余额增加29.17亿元（12月27日）,Wind
2021-12-28,华创固收2022年可转债年度策略报告：“局促”环境下的应对,Wind
2021-12-28,银行业零售布局再升级 “大零售”“大财富”成为转型发展关键词,中国金融新闻网
2021-12-28,减少消费者选择焦虑，银行App爱“瘦身”更爱财富管理,Wind
2021-12-28,年末大宗交易增多，机构抢筹藏玄机,Wind
2021-12-27,银行兴起数字极简风：“智能手机App恐惧症”终于有救了,第一财经
2021-12-27,年内“补血”需求旺盛 银行可转债迎来发行潮,北京商报
2021-12-27,兴业银行(601166.SH)：“兴业转债”网上中签率约为0.0986%,智通财经
2021-12-27,转债申购结果：兴业银行转债公布中签率,中财网
2021-12-27,福建水泥(600802.SH)拟参与认购兴业银行可转债及兴业证券配售新股,智通财经
2021-12-27,兴业银行三明分行：践行金融担当 服务地方发展,中国金融新闻网
2021-12-27,银行行业研究周报：政策发力 估值筑底,新浪
2021-12-27,银行间交易商协会要求青岛胶州城投补充10亿元超短融注册文件,观点地产网
2021-12-27,积极践行“双碳”目标，注入绿色金融创新活力 兴业银行厦门分行积极通过政银企合作，助推绿色金融跨越式发展,和讯
2021-12-27,“为客户多想一步、想早一步” ——浅谈兴业信用卡运营管理中的“新四化建设”,北国网
2021-12-27,再创新高 兴业银行南京分行全年债券承销突破800亿元,荔枝网
2021-12-27,A股融资融券日报：两融余额减少95.83亿元（12月24日）,Wind
2021-12-27,神华每日财经,神华期货
2021-12-27,兴业银行与深圳交易集团签订合作协议,深圳商报
2021-12-27,陆家嘴财经早餐2021年12月27日星期一,Wind
2021-12-27,货币政策“以我为主”显自信，精准调控渐入臻境,Wind
2021-12-27,“持牌私行”队伍扩容 财富管理成私人银行业务转型突破口,证券日报
2021-12-26,乱象过后日趋规范，上海重现异地银行资金营运中心设立潮,第一财经
2021-12-26,这家大行低调下线一款支付类App 手机银行“瘦身”会成为趋势吗,北京商报
2021-12-26,2022年Q1还有春季躁动行情吗？,王杨一东吴策略
2021-12-26,专题：TLAC之下，银行资本工具发行需求有多大？,志明看金融
2021-12-26,兴业转债申购价值分析：商行+投行双引擎的银行航母,新浪
2021-12-26,时隔十年监管再发私行专营牌照，银行零售业务破局路在何方？,Wind
2021-12-26,时隔十年监管再发私行专营牌照，银行零售业务破局路在何方？,第一财经
2021-12-25,年内最大银行可转债下周一认购，福建省财政厅将参与兴业转债配售,电鳗快报
2021-12-25,中国上市公司500强：银行包揽前四，85家利润超100亿元,腾讯网
2021-12-25,突围高净值市场 私行专营机构争相挂牌,中国经营报
2021-12-25,结构性存款“变阵”，规模骤降探路转型,Wind
2021-12-25,【固收】基本面持续向好，“商行+投行”战略进行中——兴业转债（113052.SH）新券定价报告（张旭）,新浪
2021-12-24,【银华基金】交易日报 2021-12-24,新浪
2021-12-24,智通A股机构动向参考(01.05) | 退潮期,智通财经
2021-12-24,"兴业银行现10笔大宗交易 共成交20,513.87万元",新浪
2021-12-24,兴业银行今日大宗交易成交518.82万股，成交价19.07元溢价0.0%,Wind
2021-12-24,兴业银行厦门分行持续精准服务小微企业,中国金融新闻网
2021-12-24,浦口康居建设拟发行5亿元中期票据，用于保障房项目建设,乐居财经
2021-12-24,兴业银行多措并举助推福建驶入高质量发展快车道,中国金融新闻网
2021-12-24,11股获杠杆资金净买入超亿元,证券时报网
2021-12-24,兴业银行为实体企业承销债券近4000亿元,中国金融新闻网
2021-12-24,A股融资融券日报：两融余额增加19.59亿元（12月23日）,Wind
2021-12-24,盘前情报丨华为首款鸿蒙汽车、纵向折叠屏手机重磅发布，供应链或受益,21世纪经济报道
2021-12-24,北向资金动向盘点：逢高减持食品饮料,Wind
2021-12-24,有望“二中一”，今年最后一个打新盛宴来了！,Wind
2021-12-24,北向资金结束连续4日净卖出，大幅出逃酿酒板块，“茅五泸”均被抛售,21世纪经济报道
2021-12-24,申购在即！巨无霸可转债要来了,Wind
2021-12-24,申购在即！巨无霸可转债要来了，心动or行动？,中证报
2021-12-24,银行以票充贷需求大，年末票据利率跌至“零”附近,Wind
2021-12-24,融资成本低，商业银行青睐发行可转债,Wind
2021-12-24,可转债打新再迎盛宴，500亿元兴业转债下周启动网上申购,Wind
2021-12-23,省政府与兴业银行签署合作协议 王宁王予波吕家进共同见证签约,云南发布
2021-12-23,银行股频繁“破净”，迎来年内最大规模可转债“兴业转债”,国际金融报
2021-12-23,兴业转债：商行+投行驱动的大盘银行转债——申购价值分析【华创固收 | 周冠南团队】,新浪
2021-12-23,沪港通十大成交活跃股排名（12月23日）,Wind
2021-12-23,深入推进普惠金融 兴业银行厦门分行多措并举关注小微企业发展,中国金融新闻网
2021-12-23,兴业银行绵阳分行着力化解融资难题 助推科创小微企业快速发展,金融投资报
2021-12-23,兴业银行宁德分行 打造供应链金融服务新生态,中投网
2021-12-23,办卡还要捐款？监管严禁银行开卡捆绑其他业务　霸王条约该终结了,时代周报
2021-12-23,年内最大规模可转债来袭 银行系权重居高不下,中投网
2021-12-23,绿色金融“碳”寻记：兴业银行北京分行 赤道银行基因的“京版”落地,北京商报
2021-12-23,时隔10年私人银行牌照再重启，兴业银行成首家股份行私行持牌机构,资本邦
2021-12-23,兴业银行厦门分行助力城市环境更靓丽,金融界
2021-12-23,商业银行“补血”激战再融资市场，年内核心一级资本补充方案已实施破千亿,资本邦
2021-12-23,引领绿色消费新风尚 兴业银行信用卡持续创新绿色金融服务,第一财经
2021-12-23,兴业银行：拟发行500亿元可转债,全景网
2021-12-23,A股融资融券日报：两融余额增加24.04亿元（12月22日）,Wind
2021-12-23,时隔近十年监管再次下发牌照 股份行首家私人银行专营机构开业,证券日报
2021-12-22,兴业银行厦门分行发挥绿色金融力量，打造产业升级新样本,和讯
2021-12-22,聚焦重点领域，支持绿色项目长远发展 兴业银行厦门分行充分发挥绿色银行品牌特色，助力城市生态文明建设,和讯
2021-12-22,又一家股份行披露私行部筹建进展 逐鹿高端市场，银行如何“抢蛋糕”,北京商报
2021-12-22,晶澳科技与兴业银行签订战略合作协议,e公司
2021-12-22,兴业银行(601166.SH)：“兴业转债”将于12月27日开启网上申购,智通财经
2021-12-22,年关将至，邮储、平安、兴业、广发、中信等银行集中抛甩不良“包袱”,金融界
2021-12-22,兴业银行：发行可转债500亿元，申购日为12月27日,每日经济新闻
2021-12-22,特别策划｜让“供应链”成为“共赢链” 兴业银行持续升级供应链融资解决方案,财经杂志
2021-12-22,兴业银行兰州分行落地甘肃省首单碳汇贷,和讯
2021-12-22,兴业银行厦门分行：通过政银企合作，助推绿色金融跨越式发展,中国金融新闻网
2021-12-22,兴业银行12月22日大宗交易成交2240.57万元,证券时报网
2021-12-22,"兴业银行现1笔大宗交易 共成交2,240.57万元",新浪
2021-12-22,可转债上市首日火爆再现，两方面或触发估值调整风险！,Wind
2021-12-22,兴业银行北京分行与中信证券达成首单“碳中和”概念信用风险缓释合约交易,证券日报网
2021-12-22,“商行+投行”助力实体经济高质量发展,搜狐
2021-12-22,2021基金经理调研报告：基民不赚钱原因找到了,Wind
2021-12-22,兴业银行临沂分行“秒贴+再贴现”模式，精准助力实体经济,鲁网
2021-12-22,兴证国际(6058.HK)：荣获最具社会责任公司奖，树立金融企业ESG标杆,格隆汇
2021-12-22,26亿个贷不良资产包年末加速处理,21经济网
2021-12-22,兴业银行青岛分行落地1亿元保障性住房租赁贷款业务,中国金融新闻网
2021-12-22,股份行首家私人银行专营机构获批开业,金融界
2021-12-22,激发市场主体活力 福建金服云平台解决融资需求突破1000亿元,和讯
2021-12-22,银保监会批准兴业银行私人银行部开业,中国网
2021-12-22,超500家机构账户：解密个贷不良资产包,Wind
2021-12-22,兴业银行潍坊分行举办2022年资本市场展望投资报告会,腾讯网
2021-12-22,【通稿】兴业消费金融七周年：稳中求进 行稳致远,凤凰网
2021-12-22,A股融资融券日报：两融余额减少7.19亿元（12月21日）,Wind
2021-12-22,每经9点丨国家卫健委：昨日新增本土确诊病例57例，其中陕西53例；中国移动等3股今日申购；宁德时代全球布局最大单体项目在福鼎投产,每日经济新闻
2021-12-22,12月21日37只个股获券商关注，三六零目标涨幅达74.63%,每经网
2021-12-22,可转债周报：转债市场小幅震荡调整 日均成交额明显缩量,新浪
2021-12-21,利好连连！银行股大幅拉涨 主力、机构青睐这些个股,第一财经
2021-12-21,超500家机构账户：解密个贷不良资产包里都“包”了点什么？,第一财经
2021-12-21,机构推荐这些个股 兴业银行还可涨72%,第一财经
2021-12-21,【晚间公告抢先看】苏泊尔称激励计划不存在利益输送情形、16连板三羊马22日起停牌核查,金融界
2021-12-21,晚间公告｜12月21日这些公告有看头,第一财经
2021-12-21,兴业银行私人银行专营机构获准开业,和讯
2021-12-21,LPR下调5个基点!目前成都首套房贷利率如何?,搜狐
2021-12-21,兴业银行：银保监会同意本公司私人银行部开业，并核发《金融许可证》,36氪
2021-12-21,兴业银行：私人银行部获准开业,Wind
2021-12-21,兴业银行私行业务独立持牌正式获批，私行AUM已近8000亿元,证券时报网
2021-12-21,2021（第四届）零售银行领导者年会圆满落幕！,中金在线
2021-12-21,私行专营牌照到手！兴业银行私人银行部获批开业，戴叙贤任总经理,搜狐
2021-12-21,浙商证券：给予兴业银行买入评级，目标价位33.5元,证券之星
2021-12-21,兴业银行杭州分行为乡村振兴注入金融活力,中国金融新闻网
2021-12-21,一点接入、联通全球！兴业银行共享直连全球资金管理平台升级,南都报
2021-12-21,银行周榜｜建行、工行“华山论剑”，兴业银行连遇强敌,中国银行保险报
2021-12-21,监管收紧下多银行暂停智能投顾业务 少数银行能正常提供服务或涉“无证驾驶” 其他违规处罚,搜狐
2021-12-21,【浙商|银行梁凤洁/邱冠华】兴业银行：新十年，新动能,新浪
2021-12-21,产品创新步入快车道 银行业加快提升绿色金融服务能力,中国金融新闻网
2021-12-21,兴业银行厦门分行：助力环保科创企业成长,中国金融新闻网
2021-12-21,A股融资融券日报：两融余额减少40.23亿元（12月20日）,Wind
2021-12-21,【动态】兴业研究公司绿金成果获“2021年十大绿色金融案例奖”,兴业研究
2021-12-21,LPR时隔20个月首次下调，明年仍有下降空间,Wind
2021-12-21,年内迎首次“降息”，货币政策发力稳增长,Wind
2021-12-20,丰林集团为全资子公司钦州丰林提供4.5亿元担保 大额借贷担保,乐居财经
2021-12-20,兴业银行达成全国首单挂钩“碳中和债”信用风险缓释合约交易,金融界
2021-12-20,中国银联云闪付App试点“一键查卡”功能,IT之家
2021-12-20,兴业银行大宗交易成交352.00万元,证券时报网
2021-12-20,兴业银行现1笔大宗交易 共成交352.00万元,新浪
2021-12-20,兴业银行今日大宗交易成交20万股，成交价17.6元折价9.84%,Wind
2021-12-20,香港品质保证局专题研讨会 可持续金融及气候适应·香,中国网
2021-12-20,兴业银行首席经济学家鲁政委：LPR下降为金融系统向实体经济让利创造有利条件 未来LPR仍有下降空间,上证报
2021-12-20,兴业银行泸州分行召开实体企业座谈交流会 纾解小微融资难题,金融投资报
2021-12-20,兴业银行西安分行助力西安新市民圆“安居梦”,中投网
2021-12-20,百洋医药为两家子公司提供担保，担保最高债务本金共计6240万元 大额借贷担保,乐居财经
2021-12-20,12月个贷不良转让上新提速，5家银行共计转让债权超20亿,资本邦
2021-12-20,兴业银行厦门分行投行业务今年融资额破500亿元,和讯
2021-12-20,郑商所2021年度高级分析师揭晓兴业期货榜上有名,期货日报网
2021-12-20,A股融资融券日报：两融余额减少80.19亿元（12月17日）,Wind
2021-12-20,瑞鹄汽车模具股份有限公司关于使用部分闲置募集资金进行现金管理的进展公告,腾讯网
2021-12-20,26亿元“包袱”年末集中甩，银行个贷不良转让试点渐入正轨,Wind
2021-12-20,2021年可转债供给总量和结构盘点——可转债周报【华创固收 | 周冠南团队】,华创债券论坛
2021-12-19,周末影响A股十大事件来了！,Wind
2021-12-19,【浙商策略王杨】秋收冬藏：以退为进，关注稳增长链,王杨一东吴策略
2021-12-19,银行行业周报：信用卡迎来规范化发展 理财流动性新规落地,新浪
2021-12-18,行业规范助力“双碳” 绿色金融日渐走俏,中国经营报
2021-12-18,富时中国指数成分股大调整，外资布局2022年,Wind
2021-12-18,山东惠发食品股份有限公司 关于签订募集资金专户存储三方监管协议的公告,中证报
2021-12-17,【银华基金】交易日报 2021-12-17,新浪
2021-12-17,中国企业社会创新旗舰项目评估报告发布,经济日报
2021-12-17,海信家电：认购理财产品2亿元,Wind
2021-12-17,一财年度首席调研：2022年GDP增速预测均值回落，政策稳字当头,第一财经
2021-12-17,兴业银行肇庆分行开业 完成大湾区内地9市全覆盖,上证报
2021-12-17,兴业信托投资蓝色债券，助力福建海洋经济发展,经济观察网
2021-12-17,兴业信托助力扬州世园会诠释绿色发展理念,经济观察网
2021-12-17,充分发挥信托优势，为寿光蔬菜浇灌“金融活水”,经济观察网
2021-12-17,兴业银行厦门分行：化初心为匠心 锻造小微企业“精品服务”,中国金融新闻网
2021-12-17,兴业银行银川分行：多举措提升服务地方经济发展质效,中国金融新闻网
2021-12-17,兴业银行肇庆分行开业，肇庆迎来首家“碳中和网点”,奥一网
2021-12-17,央行榜单刷屏！金融机构重金砸向硬科技，银行业霸屏,Wind
2021-12-17,A股融资融券日报：两融余额增加5.56亿元（12月16日）,Wind
2021-12-17,每经9点|浙江嘉兴两所高校紧急封闭管理；福奇：奥密克戎数周内或成美国主流毒株，医院恐不堪重负,每日经济新闻
2021-12-17,12月16日22只个股获券商关注，兴业银行目标涨幅达71.79%,每经网
2021-12-17,兴业研究公司2022年度策略会圆满落幕,新浪
2021-12-16,银行业2021年十件大事，你了解了吗？,中证报
2021-12-16,23股今日获机构买入评级,证券时报网
2021-12-16,兴业银行(601166.SH)拟给予龙岩文旅汇金集团系列关联交易额度231亿元,智通财经
2021-12-16,兴业银行大连分行 支持专精特新“小巨人”企业,中国金融新闻网
2021-12-16,“一点接入、联通全球” 兴业银行共享直连全球资金管理平台再升级,财经网
2021-12-16,A股融资融券日报：两融余额增加10.27亿元（12月15日）,Wind
2021-12-16,浙商证券维持兴业银行买入评级：转债再次提速，最佳买点已现,每日经济新闻
2021-12-16,浙商证券：给予兴业银行买入评级，目标价位33.5元,证券之星
2021-12-16,兴业银行(601166)：更高效的执行、更厚实的资本 预期纠偏打开估值空间,新浪
2021-12-16,商业银行行业：商业银行业日报,新浪
2021-12-16,多元配置成主流，结构性存款产品失宠,Wind
2021-12-16,转债打新冲刺1100万户，银行券商转债受青睐,Wind
2021-12-16,兴业银行股份有限公司关于公开 发行A股可转换公司债券申请 获得中国证券监督管理委员会 核准批文的公告,中证报
2021-12-15,打新户数三年暴增500倍！500亿元巨无霸快速获批文，再添一把火？,上证报
2021-12-15,晚间重要公告2021年12月15日星期三,Wind
2021-12-15,兴业银行：获准发行500亿元可转债 期限6年,中证网
2021-12-15,厦门：金融支持绿色低碳发展显成效,中国金融新闻网
2021-12-15,兴业银行公开发行可转债申请获核准批复,上证报
2021-12-15,ST星源：与兴业银行签订授信合同,每日经济新闻
2021-12-15,兴业银行(601166.SH)公开发行A股可转债申请获中国证监会批准,智通财经
2021-12-15,兴业银行(601166.SH)：获核准公开发行500亿元的A股可转债,格隆汇
2021-12-15,兴业银行南京分行助农户坐享“阳光收入” ——15分钟！首笔线上农户光伏贷落地,荔枝网
2021-12-15,兴业银行长沙分行助力乡村振兴显担当,中国金融新闻网
2021-12-15,兴业银行深圳分行“跨境理财通”业务上线 开辟粤港澳大湾区跨境投资新通道,搜狐
2021-12-15,引金融活水助力地方经济发展 兴业银行苏州分行积极发挥投行“尖刀”作用,大众证券报
2021-12-15,A股融资融券日报：两融余额增加9.31亿元（12月14日）,Wind
2021-12-15,百万年薪招兵买马！今年以来上市银行高管变动超170次,Wind
2021-12-15,用“含绿量”检验“含金量” 为经济发展注入金融活水,经济参考报
2021-12-14,信用卡投诉同比增长23%、个贷业务同比增长112.6%，光大银行第三季度投诉量位列股份行首位,凤凰网
2021-12-14,艾融软件成为上海银行人力采购项目供应商 本月内连续拿下两个重大项目,同壁财经
2021-12-14,北向资金盯紧券商股，爆买百亿仅次于食品饮料，东财、中信、华泰、广发净买入最高，华林增仓比例最高,财联社
2021-12-14,银行智能投顾江湖生变：多家按下暂停键,中新经纬
2021-12-14,服务经济高质量发展 兴业银行为实体企业承销债券近4000亿元,搜狐
2021-12-14,林腾蛟不躺平 | 自救②,金融界
2021-12-14,银行周榜｜建行单挑工行“战队”，兴业银行强势登顶,中国银行保险报
2021-12-14,银行行业周观点：稳增长政策有助于提振板块估值,新浪
2021-12-14,兴业银行荣获“2021年度银行业精品投行天玑奖”,搜狐
2021-12-14,元宇宙满屏涨停，北上资金爆买金融白酒,Wind
2021-12-13,银行行业周报：中央经济工作会议释放积极预期 板块估值延续修复,新浪
2021-12-13,媒体速递 | 鼎新革故、服务大局 兴业基金权益投研行高质量发展之路,新浪
2021-12-13,北向资金连续9日净买入累计加仓近700亿，爆买东方财富超17亿,Wind
2021-12-13,11月银行间市场发行规模环比上升，中票发行成本涨跌互现，短融发行成本上升,中证鹏元评级
2021-12-13,兴业银行荣获IFF“2021全球绿色金融奖”,陆家嘴金融网
2021-12-13,吕家进：促进共同富裕关键在服务实体经济高质量发展,财经网
2021-12-13,银行业联合开展主题宣传活动 兴业银行信用卡保护持卡人合法权益,北国网
2021-12-13,政采云金融服务创新升级，让供应商融资不再难,凤凰网
2021-12-13,A股融资融券日报：两融余额增加0.16亿元（12月10日）,Wind
2021-12-13,每经8点|黑龙江讷河发现5人核酸样本结果呈阳性；11月中国运输生产指数发布：客运同比下降43.5%；多家上市公司因疫情公告停产,每日经济新闻
2021-12-13,交运业绿色转型蕴藏巨大商机,Wind
2021-12-12,【浙商梁凤洁/邱冠华】2022年策略：稳增长，买银行,大话金融
2021-12-12,不止招行、工行，中信、广发、江苏等银行智能投顾产品也暂停买入,21世纪经济报道
2021-12-12,不止招行、工行，中信、广发、江苏等银行智能投顾产品也暂停买入,Wind
2021-12-12,银行行业周报：稳经济 利好银行,新浪
2021-12-12,券商评级一周速览：133只个股获券商关注，兴业银行目标涨幅达82.75%,每经网
2021-12-12,注意！机构四季度大概率在继续加仓新能源，并重新增配大消费！,红周刊
2021-12-12,《中国超高净值人群社会责任白皮书》：九成以上超高净值人群主动考虑社会公益,中国经营报
2021-12-12,流动性预期宽裕 大金融迎来窗口期,金融投资报
2021-12-12,消费新城正扬帆,经济日报
2021-12-11,蜂巢能源完成60亿元B＋轮融资,Wind
2021-12-11,12月10日23只个股获券商关注，兴业银行目标涨幅达82.75%,每经网
2021-12-11,兴业银行济南分行线上“兴农贷”来了，“菜篮子”有了新保障,鲁网
2021-12-10,三季度银行业个贷投诉同比增加38.6%,中国银行保险报
2021-12-10,兴业银行(601166)公司点评：可转债顺利过会 为加速转型蓄力,新浪
2021-12-10,兴业银行广州分行行长金林一行签署重要合作协议,凤凰网
2021-12-10,福建省首个企业新台币账户落地兴业银行,中金在线
2021-12-10,北向资金本周净买入额创历史新高，连续6日抢筹贵州茅台累计加仓超47亿,Wind
2021-12-10,喜迎新貌，再启新程 兴业银行龙岩龙腾社区支行乔迁开业,中国金融新闻网
2021-12-10,兴业银行厦门禾祥西支行 厝边好网点 社区好邻居,和讯
2021-12-10,兴业银行厦门分行：让金融普惠老人 打造“老年友好型”银行,中国金融新闻网
2021-12-10,兴业银行南京分行金融助农“小故事”， 服务乡村振兴“大文章”,荔枝网
2021-12-10,兴业银行滨州分行瞄准涉农领域助力乡村振兴成效,和讯
2021-12-10,兴业银行天津分行金融助力乡村振兴,中国金融新闻网
2021-12-10,注意了！三季度这些银行消费投诉量最多！,中国金融新闻网
2021-12-10,第三季度银行业消费投诉情况发布：个人贷款业务投诉量同比增38.6%,21世纪经济报道
2021-12-10,第三季度光大银行信用卡业务投诉量居股份制商业银行首位,中国经济网
2021-12-10,兴业银行今年已为实体企业承销债券近4000亿元,Wind
2021-12-10,兴业银行今年已为实体企业承销债券近4000亿元,证券时报网
2021-12-10,江西为“两山”转化注入催化剂,中国环境报
2021-12-10,成立5年的顺丰同城也要赴港IPO了,搜狐
2021-12-10,A股融资融券日报：两融余额增加7.33亿元（12月9日）,Wind
2021-12-10,银保监会：今年三季度接收银行业消费投诉近九万件 较去年同期增长2.6%,银保监会
2021-12-10,银保监会：三季度银行业个人贷款业务投诉同比增长38.6%,Wind
2021-12-10,产品服务接地气帮扶小微很给力,海峡导报
2021-12-10,银行角度看11月社融：未来需求是核心【中泰银行·戴志锋/邓美君/贾靖】,传统借贷vs新型金融
2021-12-10,“聪明钱”大手笔抢筹，跨年行情渐入佳境,Wind
2021-12-10,系统重要性机构“补血”有术，银行业二级资本债“大单”频现,Wind
2021-12-10,业界共话票据市场新生态，中小企业融资成本显著降低,Wind
2021-12-10,BCG&兴业银行：2021年中国超高净值人群社会责任白皮书,199IT
2021-12-09,私行发展新契机：超高净值人群社会责任投资意识升温，如何解决核心痛点？,每日经济新闻
2021-12-09,债券重大事件2021年12月9日星期四,Wind
2021-12-09,兴业银行私人银行客户月日均AUM达7600亿元,上证报
2021-12-09,全柴动力使用7100万元暂时闲置募集资金进行现金管理,乐居财经
2021-12-09,兴业银行厦门分行：发挥绿金力量 守护鹭岛碧海蓝天,和讯
2021-12-09,兴业银行荣膺《银行家》“2021中国年度银行”大奖,搜狐
2021-12-09,热烈祝贺兴业期货荣膺“年度最具社会责任期货公司”等奖项,金融界
2021-12-09,机构：中性假设下北交所打新年化收益率可达8.54%，四条主线“掘金”,每日经济新闻
2021-12-09,加大金融支持 推进区域协调发展——兴业银行成都分行绘就成渝双城“兴”画卷,和讯
2021-12-09,服务经济高质量发展 兴业银行为实体企业承销债券近4000亿元,中金在线
2021-12-09,兴业银行在湖南年承销债券突破200亿元，居省内同业第一,Wind
2021-12-09,兴业银行在湖南年承销债券突破200亿元 居省内同业第一,证券时报网
2021-12-09,A股融资融券日报：两融余额增加42.4亿元（12月8日）,Wind
2021-12-09,【债券快讯】12月8日中资美元债一级市场发行3只债券；另有1家公司潜在发行,国元国际
2021-12-09,兴业银行| 转债获批夯实资本，看好公司“商行+投行”战略转型【中泰银行·戴志锋/邓美君/贾靖】,传统借贷vs新型金融
2021-12-08,新三板重要公告汇总（2021年12月8日）,同壁财经
2021-12-08,温州城建拟发行4.8亿元超短期融资券，利率最低2%,乐居财经
2021-12-08,艾融软件与兴业银行签订重大合同,上证报
2021-12-08,樊纲：房地产市场不具备系统性风险,澎湃新闻
2021-12-08,兴业银行私人银行10周年联合BCG 发布《中国超高净值人群社会责任白皮书》,中国金融新闻网
2021-12-08,兴业银行落地股份制银行首单“乡村振兴 共同富裕”北金所债权融资计划,大众证券报
2021-12-08,艾融软件40天内签第二份重大合同：拿下兴业银行研发现场技术服务,同壁财经
2021-12-08,北向资金再度加仓近百亿，贵州茅台获大幅净买入超16亿元,Wind
2021-12-08,兴业银行私行十年最新AUM近8000亿，打造“中国企业家的主要财富管理银行”,证券时报网
2021-12-08,兴业银行银川分行： 唱响宁夏九大重点产业发展“交响曲”,中国贸易新闻网
2021-12-08,国有行股份行现金管理类产品七日年化收益率集体跌破3%丨机警理财日报（12月8日）,21世纪经济报道
2021-12-08,爆料！“嘉实基金”旗下财富机构卷入“暴雷”事件，投资尽调是否失职？,新浪
2021-12-08,普元联合IDC发布《低代码开发平台助推金融企业数字化转型》白皮书,砍柴网
2021-12-08,A股早报2021年12月8日星期三,Wind
2021-12-08,A股融资融券日报：两融余额减少43.44亿元（12月7日）,Wind
2021-12-08,每经9点|国家卫健委：昨日新增本土确诊病例44例；佳兆业集团在香港暂停交易；世卫组织：57个国家和地区出现奥密克戎毒株,每日经济新闻
2021-12-08,北向资金动向盘点：狂买金融股，风格已变,Wind
2021-12-08,商业银行行业：商业银行业日报(2021.12.7),新浪
2021-12-08,盘前情报丨微博今日在港交所挂牌上市；百济神州2亿元新股遭弃购,21世纪经济报道
2021-12-08,12月7日19只个股获券商关注，兴业银行目标涨幅达74.3%,每经网
2021-12-08,北向资金扫货A股近80亿元！大幅增持银行券商，减持有色金属（附股） 减持股份,21世纪经济报道
2021-12-07,银行股表现活跃 主力、机构青睐这些个股,第一财经
2021-12-07,财华洞察|万亿降准，券商、银行和保险板块“隐现”投资机会？,财华社
2021-12-07,可转债专题报告：从转股价格看兴业银行(601166.SH)未来的股价空间,新浪
2021-12-07,数据复盘｜主力资金撤离有色金属、电子等行业 北向资金抢筹中国平安、招商银行等,证券时报网
2021-12-07,50股主力资金净流入超亿元,证券时报网
2021-12-07,北向资金今日净买入79.49亿元，继续抄底大金融板块,Wind
2021-12-07,18股今日获机构买入评级,证券时报网
2021-12-07,A股资金流向：赛道股再度下杀，资金进驻价值蓝筹,Wind
2021-12-07,1268亿资金争夺20股：主力资金重点出击7股(名单),新浪
2021-12-07,兴业银行：金融活水涌乡村 产业盛开富民花,和讯
2021-12-07,时隔5个月再次降准，机构称有望改善经济预期和银行股投资逻辑,澎湃新闻
2021-12-07,兴业银行(601166)：可转债获批 催化剂第一弹！-兴业银行可转债获批点评报告,新浪
2021-12-07,A股融资融券日报：两融余额减少24.72亿元（12月6日）,Wind
2021-12-07,中信证券：压制银行板块表现的经济景气和资产质量悲观预期有望逐步改善,e公司
2021-12-07,12月7日 6股盘前利好公告速递,中财网
2021-12-07,【浙商|银行】兴业银行:可转债获批，催化剂第一弹！,大话金融
2021-12-07,十年深耕，感恩同行,21世纪经济报道
2021-12-06,兴业银行：福建省财政厅已完成无偿划转充实社保基金股份过户登记手续,中证网
2021-12-06,证监会：通威股份(600438.SH)等四家公司发行可转债事项获通过,智通财经
2021-12-06,【晚间公告抢先看】牧原股份11月份生猪销售收入67.67亿元、亿纬锂能实控人减持时误买入2万股 终止减持计划,金融界
2021-12-06,兴业银行：第一大股东福建省财政厅已完成过户登记手续,新浪
2021-12-06,一财首席调研：12月信心指数重回50线上，降准强化稳增长信号,第一财经
2021-12-06,证监会：兴业银行等4家公司可转债事项均获通过,中证网
2021-12-06,晚间公告｜12月6日这些公告有看头,第一财经
2021-12-06,兴业银行现2笔大宗交易 共成交660.40万元,新浪
2021-12-06,大宗交易揭秘：白马股筹码松动，6股获超溢价买入,Wind
2021-12-06,兴业银行今日大宗交易成交20万股，成交价16.52元折价10.8%,Wind
2021-12-06,兴业银行：公开发行A股可转债申请获证监会审核通过,财联社
2021-12-06,兴业银行：公开发行A股可转换公司债券申请获得中国证监会审核通过,Wind
2021-12-06,兴业银行荣获IFF“2021全球绿色金融奖”,财经网
2021-12-06,兴业银行武汉分行落地湖北省首单革命老区债券,经济网
2021-12-06,鼎新革故、服务大局 兴业基金权益投研行高质量发展之路,新浪
2021-12-06,银行业投资观察：“稳增长”预期明确,新浪
2021-12-06,信托2021：逐“绿”谋发展 创新与规范同行,金融时报
2021-12-06,首批！兴业银行深圳分行积极响应央行政策 率先落地碳减排贷款,搜狐
2021-12-06,借外力 修内功——兴业信用卡多点发力 深耕存量客户经营,北国网
2021-12-06,A股融资融券日报：两融余额减少18.05亿元（12月3日）,Wind
2021-12-05,中上协：积极推动ESG与企业经营深度融合,Wind
2021-12-05,银行业对一行两会就恒大问题答记者问的点评：靴子落地 预期改善,新浪
2021-12-05,降准与测算：缓释银行负债成本预计0.5BP,新浪
2021-12-04,绿色信贷稳步发展，支持产业转型,微信
2021-12-04,恒大再爆债务违约风险，专家称属于个别现象 违约失信,Wind
2021-12-03,信用债日报：地产债延续弱势，中国恒大2.6亿美元担保无法履约,Wind
2021-12-03,七彩化学(300758.SZ)：拟向兴业银行鞍山分行申请最高额不超3亿元综合授信额度,格隆汇
2021-12-03,林腾蛟又松了一口气：“18福建阳光MTN001”公司债本金展期一年获通过,21世纪经济报道
2021-12-03,兴业银行落地股份制银行首单“乡村振兴、共同富裕”北金所债权融资计划,中金在线
2021-12-03,兴业银行重庆分行：探索“党建+”模式 以高质量党建引领高质量发展,上游新闻
2021-12-03,*ST西水：截至目前，公司直接持有兴业银行股票1.25亿股,每日经济新闻
2021-12-03,老板电器(002508.SZ)斥3亿元认购兴业银行理财产品,智通财经
2021-12-03,金标委就《金融数据安全 数据安全评估规范》等2项金融标准征求意见,Wind
2021-12-03,三季度公募基金代销百强榜出炉 银行仍是主力,中国网
2021-12-03,兴业信托积极发挥信托优势，大力服务乡村振兴,经济观察网
2021-12-03,兴业银行三明分行与福建闽光云商有限公司签署战略合作协议,和讯
2021-12-03,金融报道｜基金代销渠道战：第三方机构强势崛起 银行费率低至“一折” 应战,财经网
2021-12-03,数据分析驱动精准营销 兴业银行加速数字化转型,证券时报网
2021-12-03,A股融资融券日报：两融余额减少72.45亿元（12月2日）,Wind
2021-12-03,信托公司高管变动十分频繁，仅11月份就有3家信托公司迎来新总裁！ 董监高成员变化,信托网
2021-12-03,【动态】兴业研究出席香港中资银行业协会专题讲座 并作主题发言,兴业研究
2021-12-02,证监会：兴业银行等四公司发行可转债事项12月6日上会,e公司
2021-12-02,【银华基金】交易日报 2021-12-2,新浪
2021-12-02,证监会：12月6日审议兴业银行等4家公司可转债发行申请,Wind
2021-12-02,兴业银行今后5年提供不低于3000亿融资支持助福州实施强省会战略,Wind
2021-12-02,兴业银行今后5年提供不低于3000亿融资支持 助福州实施强省会战略,证券时报网
2021-12-02,海信家电：非全资附属公司认购理财产品1.5亿元,Wind
2021-12-02,滨江房产拟发行9亿元短期融资券，利率3.5%-4.5%,乐居财经
2021-12-02,福建阳光集团拟召开2018年第一期中票持有人会议表决债券本金展期一年等,中华网
2021-12-02,“减碳新浪潮 金融新生态”澎湃新闻2021金融发展高峰论坛成功召开,澎湃新闻网
2021-12-02,福建阳光拟召开2018年中票持有人会议 议案包括债券本金展期一年,观点地产网
2021-12-02,深耕厚植 静待花开 ——兴业信用卡扎实推进“织网工程”,北国网
2021-12-02,兴业银行与福建省国资委签署战略合作协议,中国证券网
2021-12-02,【中原银行】银行行业年度策略：淡化宏观扰动，重视“内功”提升,中原证券研究所
2021-12-02,A股融资融券日报：两融余额增加5.37亿元（12月1日）,Wind
2021-12-02,金融主管部门释放“保障刚需合理个贷需求”信号，广州市场房贷真的松了,南方日报
2021-12-02,监管“喊话”后房贷奏效了吗？调查22家银行：房贷真的松了！,Wind
2021-12-02,南方日报调查：广州市场房贷真的松了，有国有银行开始下调房贷利率,Wind
2021-12-02,美联储“放鹰”黄金不济，超20家银行限制黄金交易,Wind
2021-12-01,湖北铁投：湖北省铁路发展基金正式成立,中证网
2021-12-01,银行行业周报：稳信贷 以普惠小微和绿色金融为支点,新浪
2021-12-01,年内已有5家拿到筹建“许可证”，为何银行扎堆设立资金业务专营机构,北京商报
2021-12-01,兴业银行荣膺英国《银行家》“2021中国年度银行”大奖,和讯
2021-12-01,社保基金筹资接力棋至中盘，做大“蛋糕”是应有之义,时代周报
2021-12-01,福建龙岩：“兴闪贷”让数据多跑路群众少跑腿,中国金融新闻网
2021-12-01,兴业银行日照分行“合同贷”助力营商环境提升,中投网
2021-12-01,“一卡通用”！三明市第三代社保卡发行啦！,和讯
2021-12-01,关爱户外劳动者 兴业银行“兴公益”惠民驿站开展“暖冬行动”,大众证券报
2021-12-01,A股融资融券日报：两融余额增加15.02亿元（11月30日）,Wind
2021-12-01,华通银行五年换三任行长，新行长如何破解民营银行吸储魔咒？,时代周报
2021-11-30,银行发力二维码互联互通 真香定律不减，场景化金融服务怎么玩？,北京商报
2021-11-30,北向资金今日净卖出超34亿元11月累计加仓185亿，贵州茅台连续3日遭抛售,Wind
2021-11-30,银企携手绘蓝图 赋能实体谱新篇,和讯
2021-11-30,济南高新拟发行12亿元超短期融资券，利率2.5%-3.5%,乐居财经
2021-11-30,小生意贷动大民生 兴业银行成都分行拓宽个体户致富路,搜狐
2021-11-30,柔性组织助力兴业银行15天上线“阳光采购”平台,证券时报网
2021-11-30,主角是谁？11月银行发债单月顶十个月，规模超2840亿元,Wind
2021-11-30,兴业银行晋中分行零售综合金融资产突破百亿元大关,中国金融新闻网
2021-11-30,“以红促绿”，推动绿色金融发展再上新台阶,和讯
2021-11-30,逐浪低碳时代：银行业持续加码绿色金融,金融时报
2021-11-30,福建华通银行第三任行长汪宇任职资格获批，该行上半年总资产、总负债双双“缩表”,中国经济网
2021-11-30,北向资金动向盘点：再次转向电力设备新能源,Wind
2021-11-30,A股融资融券日报：两融余额增加18.95亿元（11月29日）,Wind
2021-11-30,兴业银行绿色金融为乡村振兴注入金融养分,中国金融新闻网
2021-11-30,盘前情报丨中国首批区块链订单融资落地雄安；日产汽车5年内投2万亿日元，电池成本降六成,21世纪经济报道
2021-11-30,兴业银行落地38.44亿元乡村振兴专题对公信贷资产流转项目,中国金融新闻网
2021-11-30,锂电池继续活跃，北向资金加仓电池行业8.88亿元，大幅减持这只白酒股（名单） 减持股份,21世纪经济报道
2021-11-30,仁东控股21亿货币资金98%受限 霍东夫妇成“老赖”4.5亿借款逾期,长江商报
2021-11-30,能源绿色转型获政策加持，万亿资金争相涌入,Wind
2021-11-29,【银华基金】交易日报 2021-11-29,新浪
2021-11-29,跨年行情何时开启？黄燕铭领衔，这场高质量圆桌讨论干货满满！,Wind
2021-11-29,福建华通银行行长汪宇任职资格获批,北京商报
2021-11-29,A股地图看福建：“宁王”领头，还有4家市值破千亿,雪球
2021-11-29,兴业银行信用卡中心原总经理汪宇出任华通银行行长,澎湃新闻
2021-11-29,主承销商：关注“16大机床SCP001”等五只债券违约后续进展情况 未按时兑付本息,Wind
2021-11-29,信托一周动态盘点（第2期）｜ 上周集合信托成立规模环比下滑，房地产类回暖,21世纪经济报道
2021-11-29,24股获重要股东增持 兴业银行获增持金额最多,证券时报网
2021-11-29,兴业银行落地全国首单乡村振兴对公信贷流转项目,财经网
2021-11-29,重要股东增持排行榜：6股增持金额超5000万元,证券时报网
2021-11-29,A股融资融券日报：两融余额减少44.66亿元（11月26日）,Wind
2021-11-29,2021中国（深圳）城市能源大会在深圳隆重召开,中国能源网china5e
2021-11-28,资管新规过渡期即将结束，上市银行11月发债超三季度,第一财经
2021-11-28,兴业银行太原分行首笔碳减排项目贷款落地,搜狐
2021-11-27,高管变动频繁！11月份3家信托公司迎来新总裁！ 董监高成员变化,微信
2021-11-27,银行行业本周跌1.94%，主力资金净流出48.57亿元,证券时报网
2021-11-27,首批12笔碳减排贷款发放，利率与同期限档次LPR基本持平,Wind
2021-11-26,兴业银行南宁分行首笔林权抵押项目贷款落户大桂山林场,广西新闻网
2021-11-26,火眼金睛识骗局，防范诈骗于未然 兴业银行南京分行成功堵截40万元电信诈骗,荔枝网
2021-11-26,"欠钱不还花样年子公司或遭“清算”,阳光城母公司债券现资不抵债 减资破产",搜狐
2021-11-26,北向资金净卖出近45亿结束连续5日净买入，招商银行净卖出超6亿元,Wind
2021-11-26,兴业银行副行长陈锦光： 加快渠道战略升级赋能财富管理未来,大众证券报
2021-11-26,推动能源结构绿色转型 兴业银行清洁能源贷款余额增五成,大众证券报
2021-11-26,兴业银行苏州分行举办私行名家讲坛 分享后疫情时代财富传承智慧,大众证券报
2021-11-26,人事｜兴业银行总行投行部副总郭晓恺出任兴业信托总裁,21世纪经济报道
2021-11-26,兴业银行沈阳分行用“断卡行动”阻止电信诈骗,投资咨询网
2021-11-26,兴业银行厦门分行助企业“点绿成金”,中投网
2021-11-26,厦门兴业银行让金融普惠老人 打造“老年友好型”银行,金融界
2021-11-26,兴业银行绿色贷款余额增五成,中国银行保险报
2021-11-26,银行业不断加大能源保供支持力度,中国金融新闻网
2021-11-26,融资客青睐12股，中文传媒买入占比高达40.26%,Wind
2021-11-26,A股融资融券日报：两融余额增加16.32亿元（11月25日）,Wind
2021-11-26,11月25日A股融资买入额834.88亿元，北方稀土（600111.SH）居首,智通财经
2021-11-26,每日理财观察：国务院部署在六城市开展营商环境创新试点,Wind
2021-11-26,兴业银行股份有限公司 关于股东权益变动的提示性公告,证券时报
2021-11-26,福建阳光旗下一债券召集持有人会：因资产池不能足额覆盖本息,Wind
2021-11-25,银行行业周报：基金代销规模披露 社融筑底按揭回暖,新浪
2021-11-25,晚间要闻2021年11月25日星期四,Wind
2021-11-25,公告精选：国科微等多家公司回应被列入“实体清单”影响,e公司
2021-11-25,晚间重要公告2021年11月25日星期四,Wind
2021-11-25,兴业银行：福建省财政厅等所持4.03亿股将划转至用于充实社保基金的划转专户,中证网
2021-11-25,兴业银行雄安分行揭牌,中国银行保险报
2021-11-25,晚间公告｜11月25日这些公告有看头,第一财经
2021-11-25,兴业银行厦门分行携手厦门市工商联搭建民企金融服务平台,中国金融新闻网
2021-11-25,11月25日上市公司晚间公告速递,新浪
2021-11-25,解燃眉之急 兴业银行武汉分行金融活水助力乡村振兴,财经网
2021-11-25,兴业银行(601166.SH)：福建省财政厅(划转专户)拟受让公司1.94%股份,智通财经
2021-11-25,兴业银行：福建省财政厅等18家股东拟将所持10%股份无偿划转至社保基金,e公司
2021-11-25,兴业银行：股东拟将所持10%股份无偿划转至社保基金,财联社
2021-11-25,福建省财政厅所持兴业银行10%股份将在近期无偿划转至专户 用于充实社保基金,新浪
2021-11-25,兴业银行：福建财政厅等18家股东所持公司4亿股将划转至专户用于充实社保基金,Wind
2021-11-25,兴业银行(601166.SH)：成功发行450亿元二级资本债券,格隆汇
2021-11-25,长城汽车(02333)为多个子公司提供担保 大额借贷担保,智通财经
2021-11-25,兴业银行：绿色金融描绘乡村共富新画卷,财经网
2021-11-25,人行银川中支有效推动供应链金融发展,中国金融新闻网
2021-11-25,人行西安分行营管部办理全国首批DVP结算再贴现业务,中国金融新闻网
2021-11-25,因“18福建阳光MTN001”价格波动较大 将召集持有人会议,观点地产网
2021-11-25,申购费率“一折起” 多银行开启基金代销价格战,中投网
2021-11-25,2021年海南省中小企业融资对接会在海口举办,证券导报
2021-11-25,交易商协会接受滨江房产集团合计35.1亿元超短融注册,观点地产网
2021-11-25,A股融资融券日报：两融余额增加23.98亿元（11月24日）,Wind
2021-11-25,每日理财观察：债券回购交易火爆，期限错配惹关注,Wind
2021-11-25,理财公司权益投资透视：从牛刀小试到勇挑大梁还有多远,Wind
2021-11-24,利好！南宁房贷利率“小碎步”下行 多家银行放款加快,新浪
2021-11-24,推动能源结构绿色转型 兴业银行清洁能源贷款余额增五成,金融时报
2021-11-24,全柴动力使用6500万元闲置自有资金进行现金管理,乐居财经
2021-11-24,持续加大绿色信贷投放，兴业银行清洁能源贷款余额增五成,证券时报网
2021-11-24,银行股拉升 兴业银行涨超1%,格隆汇
2021-11-24,板块异动 | 央行支持多渠道补充资本 银行板块短线拉升,智通财经
2021-11-24,兴业银行重庆分行“连连贷”产品让中小企业融资更畅通,上游新闻
2021-11-24,兴业银行西安分行：成功发行租赁债权资产支持票据,中国金融新闻网
2021-11-24,福建区域股市周报：腾景科技涨34.44%涨幅第一 紫金矿业跌出板块市值3强,每日经济新闻
2021-11-24,打造三张名片，擦亮兴业金字招牌,金融界
2021-11-24,兴业银行厦门分行坚守金融服务本心，助力厦门城市建设与发展,金融界
2021-11-24,A股融资融券日报：两融余额增加25.03亿元（11月23日）,Wind
2021-11-24,基金代销江湖硝烟起，银行渠道竞相推出优惠费率,Wind
2021-11-24,200亿理财延期，阳光城艰难自救,21商评网
2021-11-23,质押阳光城84%股权 林腾蛟不躺平,搜狐
2021-11-23,银行机构微博影响力哪家强？兴业银行位居榜首,新浪
2021-11-23,“内控合规管理建设年 知识之王大闯关”线上知识竞赛圆满收官！,中国银行保险报
2021-11-23,11月23日上市公司晚间公告速递,新浪
2021-11-23,79亿主力资金近三日撤出融资融券概念股,证券时报网
2021-11-23,西青经开拟发行6.4亿元中期票据，期限为3年,乐居财经
2021-11-23,A股融资融券日报：两融余额增加111.29亿元（11月22日）,Wind
2021-11-23,A股早报2021年11月23日星期二,Wind
2021-11-23,【债券快讯】11月22日中资美元债一级市场发行1只债券；另有2家公司潜在发行,国元国际
2021-11-23,兴业银行11月22日现3笔大宗交易,证券时报网
2021-11-23,统统打1折！银行代销基金烽烟起，更有银行推出“0费率”,Wind
2021-11-23,银行发力财富管理，基金代销费率战“白热化”,Wind
2021-11-23,机构参与大宗交易热情高，主流赛道熙熙攘攘,Wind
2021-11-23,机构参与大宗交易热情高 主流赛道熙熙攘攘,中证网
2021-11-23,绿色发展提速：银行业积极探索谋求发展,新浪
2021-11-23,"规模大降！新基发行遇""寒流""，银行也卖不动了",Wind
2021-11-22,调限额、代平仓、强制关闭业务功能：银行个人贵金属业务进一步受限 业务变化,搜狐
2021-11-22,A股共发生184宗大宗交易成交68.37亿元（11月22日）,Wind
2021-11-22,20天7银行发声：满足房地产客户合理资金需求,21世纪经济报道
2021-11-22,屯粮过冬！房企打响信心保卫战,凤凰网
2021-11-22,"兴业银行现3笔大宗交易 共成交90,728.11万元",新浪
2021-11-22,碳中和周报（第23期）丨国常会：设立2000亿元支持煤炭清洁高效利用专项再贷款；发改委：正研究制定重点行业“双碳”实施方案；钢铁行业碳达峰实施方案近期将发布,21世纪经济报道
2021-11-22,福建高速(600033.SH)：以大宗交易购买兴业银行4600万股股票,格隆汇
2021-11-22,福建高速(600033.SH)斥约8亿元购买4600万股兴业银行股票,智通财经
2021-11-22,11月22日午后主力巨资抢筹四大板块(附股),金融界
2021-11-22,11月22日午盘主力巨资抢筹四大板块(附股),金融界
2021-11-22,11月22日早盘主力巨资抢筹四大板块(附股),金融界
2021-11-22,法院冻结富力地产等公司存款6.66万元，期限一年,乐居财经
2021-11-22,兴业银行香港 FRN N20211120：上市地位将于今天办公时间结束后撤回 退市,Wind
2021-11-22,A股融资融券日报：两融余额减少11.76亿元（11月19日）,Wind
2021-11-22,基金发行提前入冬，银行代销“画风突变”,Wind
2021-11-21,【兴证固收.转债】哪些新券值得关注？——可转债研究,兴证固收研究
2021-11-21,兴业银行荣获“2021年度银行业精品投行天玑奖”,和讯
2021-11-21,兴业银行副行长陈锦光：加快渠道战略升级 赋能财富管理未来,中证网
2021-11-21,阳光城控股股东解除质押2.07亿股 同时质押2.33亿股,观点地产网
2021-11-21,又有银行放大招！基金申购狂打“1折”，渠道革命真的来了,Wind
2021-11-21,"又有银行放大招！基金申购狂打""1折""，渠道革命真的来了",中国基金报
2021-11-21,业内热议银行理财：提升多元资产配置能力 加强金融科技支撑,财联社
2021-11-21,200万起步的桥水私募火了，多家机构卖爆了,Wind
2021-11-21,金融圈炸锅！200万起步，狂卖80亿！桥水私募火了,Wind
2021-11-21,注意！这类银行卡正在被加速清理,Wind
2021-11-20,兴业银行副行长陈锦光：提升财富管理专业化能力 加强银行渠道战略能力建设,中证网
2021-11-20,事关28万亿元大市场！银行理财资金投向哪里？,Wind
2021-11-20,银行角度看央行3季度货币报告: 结构因素驱动贷款利率环比回升【中泰银行·戴志锋/邓美君/贾靖】,传统借贷vs新型金融
2021-11-20,财富管理争抢客源：银行仍居基金代销C位,Wind
2021-11-20,万科能救阳光城？,新浪
2021-11-19,兴业银行上海分行增设网点支持松江新城建设,中国金融新闻网
2021-11-19,兴业银行河北雄安分行正式开业,中国经济网
2021-11-19,兴业银行广州佛山分行名家讲坛暨私行客户私享会成功举办,21世纪经济报道
2021-11-19,美元债展期，阳光城做了个表率,乐居财经
2021-11-19,兴业银行现1笔大宗交易 共成交540.00万元,新浪
2021-11-19,兴业银行今日大宗交易成交30万股，成交价18.0元折价2.7%,Wind
2021-11-19,金融报道｜11月二级资本债发行规模激增3倍达1765亿元 系统重要性银行成发行“主力军”,财经网
2021-11-19,扩大松江地区服务辐射面，兴业银行上海松江新城支行正式开业,陆家嘴金融网
2021-11-19,形象更新！服务升级！兴业银行重庆江北支行乔迁新址盛大开业,上游新闻
2021-11-19,兴业银行太原分行：截至9月末已发放小微企业贷款4.87亿元,中国金融新闻网
2021-11-19,A股融资融券日报：两融余额减少3.0亿元（11月18日）,Wind
2021-11-19,【债券快讯】11月18日中资美元债一级市场发行4只债券；另有2家公司潜在发行,国元国际
2021-11-19,每日晨报-20211119,国元国际
2021-11-19,【动态】斩获双奖！兴业研究荣获CEIC“2021绿色金融研究领军人物”及“非凡影响力研究团队”奖项,兴业研究
2021-11-19,净值化转型再提速，银行理财轻装上阵启新程,Wind
2021-11-18,【银华基金】交易日报 2021-11-18,新浪
2021-11-18,渠道争夺“白热化”？银行代销基金激战正酣：优惠持续2年，上千只产品申购费率低至1折，更有银行推出“0费率”,每日经济新闻
2021-11-18,兴业银行西安分行：金融支持科创企业发展,中国金融新闻网
2021-11-18,海信家电：非全资附属公司认购3亿元理财产品,Wind
2021-11-18,“碳中和”机票如何减碳？,民航资源网
2021-11-18,兴业银行现1笔大宗交易 共成交450.00万元,新浪
2021-11-18,兴业银行在科技引领下加速数字化转型,上证报
2021-11-18,兴业银行行长陶以平：在高质量发展中促进共同富裕,中国网
2021-11-18,兴业银行行长陶以平：银行过去是、将来也会是财富管理服务的重要提供者,中国网
2021-11-18,兴业银行行长陶以平：商业银行可在传统资产负债表外构建新型“资产负债表”开展直接融资,中国网
2021-11-18,兴业银行行长陶以平：商业银行要平稳有序助力推进经济“底层逻辑重构”和“稳速换挡”,ZAKER
2021-11-18,兴业银行拟发行450亿元二级资本债 分为两个品种,和讯
2021-11-18,全面深化金融科技体制机制改革 兴业银行加速数字化转型,中国经营报
2021-11-18,兴业数金总裁陈翀：推动科技从支持保障到引领业务发展,证券时报网
2021-11-18,打通企业绿色融资渠道，兴业银行昆明分行落地云南省首笔“绿票通”业务,搜狐
2021-11-18,A股融资融券日报：两融余额增加35.43亿元（11月17日）,Wind
2021-11-18,A股早报2021年11月18日星期四,Wind
2021-11-18,兴业银行：贯彻落实全会精神 打造数字兴业生态银行,中国金融新闻网
2021-11-18,金融支持生物多样性保护持续加码,新浪
2021-11-18,落地全国首批能源保供债券,长城网
2021-11-18,经济日报：金融业抢抓机遇“点绿成金”,Wind
2021-11-18,以金融之笔描绘绿色湖州,经济日报
2021-11-18,创新驱动促发展 使命担当惠民生 兴业银行北京分行践行高质量发展侧记,北京青年报
2021-11-17,兴业基金股债投资失衡，权益产品业绩分化明显，高管变更频繁 盈利能力下降,和讯
2021-11-17,一边卖资回血、一边收购资产，三盛优化业务欲过“寒冬”,国际金融报
2021-11-17,华夏、兴业加入基金代销费率大战 1折申购费已成打折标配,财联社
2021-11-17,兴业银行大连分行支持大连科技担保首笔知识产权质押落地,中国金融新闻网
2021-11-17,透视大宗交易：11月17日共成交141笔，兴业银行成交19.23亿元,每经网
2021-11-17,"兴业银行现2笔大宗交易 共成交192,280.00万元",新浪
2021-11-17,兴业银行今日大宗交易成交11000万股，成交价17.48元折价5.56%,Wind
2021-11-17,21金融研究｜中小企业金融服务成绩单： 大行重心转向覆盖“空白地带”，中小银行奋起直追,21世纪经济报道
2021-11-17,兴业银行香港分行发行20亿港元等值境外绿色存款证,中新网
2021-11-17,兴业银行深圳分行荣获2021年度粤港澳大湾区杰出服务银行天玑奖,搜狐
2021-11-17,兴业银行上海分行多条举措支持外贸新业态发展,陆家嘴金融网
2021-11-17,扶稳“菜篮子” 保障“菜园子” ——兴业银行长沙分行助力乡村振兴显担当,经济网
2021-11-17,兴业银行助力农村养殖业拓宽致富路,财经网
2021-11-17,兴业银行常州分行首笔光伏经销商经营贷落地,索比光伏网
2021-11-17,商业银行行业：商业银行业日报,新浪
2021-11-17,银行股三季度机构持仓大幅下降 招商银行获最多机构持股,大众证券报
2021-11-17,每日理财观察：北交所次新股交投活跃，机构调研热情高涨,Wind
2021-11-17,A股融资融券日报：两融余额减少48.12亿元（11月16日）,Wind
2021-11-17,许老板卖豪宅还债了！,ZAKER
2021-11-17,从验证绿色金融商业模式到“第二增长曲线” 兴业银行计划五年内实现规模翻番,21世纪经济报道
2021-11-16,债券通“南向通”一级市场首单交易落地！绿色资产打头阵,第一财经
2021-11-16,兴业银行：结合自身实际 贯彻落实六中全会精神,中国金融新闻网
2021-11-16,【银华基金】交易日报 2021-11-16,新浪
2021-11-16,兴业银行财富银行职工科技创新工作室挂牌成立,大众证券报
2021-11-16,科伦药业为川宁生物提供5000万元担保 大额借贷担保,乐居财经
2021-11-16,个人贵金属业务压降加速，有银行对客户集中平仓,第一财经
2021-11-16,探路“双碳”时代 兴业银行青岛分行绿色金融呈现燎原之势,半月谈
2021-11-16,上海清算所成功支持首单“南向通”债券发行认购落地,Wind
2021-11-16,上海清算所成功支持首单“南向通”债券发行认购落地,上清所
2021-11-16,兴业银行发布公告，这些时间有业务将暂停服务 经营问题,每日经济新闻
2021-11-16,又见银行打折促销卖基金，最高降费90%！银行代销基金逻辑生变,Wind
2021-11-16,"什么信号？又见银行""打折促销""卖基金，最高降费90%！银行代销基金逻辑生变",券商中国
2021-11-16,福茶网为茶企茶农插上金融翅膀,和讯
2021-11-16,【银行】银行业周报—政策改善有望催化行情,中银证券研究
2021-11-16,A股融资融券日报：两融余额减少2.07亿元（11月15日）,Wind
2021-11-16,【债券快讯】11月15日中资美元债一级市场发行3只债券；另有4家公司潜在发行,国元国际
2021-11-16,资管市场新格局下：银行理财如何把握市场机遇,新浪
2021-11-15,【银华基金】交易日报 2021-11-15,新浪
2021-11-15,中仑科技集团承办的首届新材料科技创新发展大会成功召开,上证报
2021-11-15,北交所开市，服务“专精特新”，这些银行积极行动,中证报
2021-11-15,兴业银行太原分行：金融活水支持乡村振兴,中国金融新闻网
2021-11-15,神秘赣商资本游戏“玩转”海源复材,Wind
2021-11-15,大涨500%！北交所开市 银行动起来！,新浪
2021-11-15,兴业银行香港 FRN N20211120：最后交易日期为11月17日,Wind
2021-11-15,A股融资融券日报：两融余额减少22.02亿元（11月12日）,Wind
2021-11-15,A股早报2021年11月15日星期一,Wind
2021-11-15,国内财经媒体头版2021年11月15日星期一,Wind
2021-11-15,银行业总动员，服务专精特新各显神通,Wind
2021-11-14,半月3家逾千亿，系统重要性银行密集发行二级资本债,Wind
2021-11-14,多家银行调整贵金属、外汇等业务，“炒金”“炒汇”持续收紧,Wind
2021-11-13,揭秘本周大宗交易：1074笔大宗交易成交219.43亿元，机构席位扫货这8只个股（附名单）,每经网
2021-11-13,阳光城积极行动修复信用 股价和债券价格回升,凤凰网
2021-11-13,阳光控股最新理财产品兑付方案出炉，投资人或上演“飞奔抢房”,Wind
2021-11-13,独家丨阳光控股最新理财产品兑付方案深夜出炉，投资人或上演“飞奔抢房”,21世纪经济报道
2021-11-12,【银华基金】交易日报 2021-11-12,新浪
2021-11-12,"兴业银行现1笔大宗交易 共成交138,512.44万元",新浪
2021-11-12,绝不躺平的阳光城 似乎走到了黎明之前,凤凰网
2021-11-12,北向资金再度加仓超36亿，东方财富本周净买入近28亿,Wind
2021-11-12,透视大宗交易：11月12日共成交151笔，兴业银行成交13.85亿元,每经网
2021-11-12,兴业银行深圳分行 启动数字化引擎,中投网
2021-11-12,光明地产拟在银行间债券市场发行最高5.8亿元中期票据,金融界
2021-11-12,全国首创 厦航“碳中和”机票上线,民航资源网
2021-11-12,兴业银行携手厦门航空推出全国首批碳中和机票,金融界
2021-11-12,2021年11月12日，金融时报：山东烟台：服务特色产业 打造“苹果王国”,郑商所
2021-11-12,A股融资融券日报：两融余额增加26.26亿元（11月11日）,Wind
2021-11-12,A股早报2021年11月12日星期五,Wind
2021-11-12,新势力业绩不俗，基金代销江湖“变天”,Wind
2021-11-12,深圳股权交易中心筹划推出“专精特新培育板”,Wind
2021-11-12,银行股怎么了？,新浪
2021-11-11,解局 | 阳光城“关键一役”,观点地产网
2021-11-11,【银华基金】交易日报 2021-11-11,新浪
2021-11-11,基金代销混战再现！银行仍居代销C位，部分保有规模略有回落 原因几何,北京商报
2021-11-11,兴业银行财富银行职工科技创新工作室挂牌成立,财经网
2021-11-11,*ST西水：目前公司正在积极妥善处理并消除导致会计师出具无法表示意见审计报告的因素,每日经济新闻
2021-11-11,兴业银行三明分行落地我市首笔整县推进分布式光伏项目贷款,和讯
2021-11-11,我市首笔“节水贷”落地,和讯
2021-11-11,兴业银行三明分行：金融助力尤溪园区建设，打造产业振兴“新引擎”,和讯
2021-11-11,"兴业银行现1笔大宗交易 共成交99,983.70万元",新浪
2021-11-11,兴业银行今日大宗交易成交5847万股，成交价17.1元折价9.48%,Wind
2021-11-11,透视大宗交易：11月11日共成交200笔，兴业银行成交10亿元,每经网
2021-11-11,阳光城(000671.SZ)债务展期背后，为什么我建议利益相关方要多给房企些耐心?,格隆汇
2021-11-11,兴业银行现近10亿元大宗交易 机构买入,e公司
2021-11-11,助力“小巨人”成长 兴业银行金融活水精准滴灌福建专精特新企业,和讯
2021-11-11,阳光金服上百老总 “逼宫”要刚兑，质押股份遭强平，闽系富豪林腾蛟迎来至暗时刻 股票质押异常,和讯
2021-11-11,破净率超8成，“打骨折”的银行股还能翻身吗？,Wind
2021-11-11,大连金融业机构扎实做好常态化疫情防控和金融服务工作,中国金融新闻网
2021-11-11,三季度公募基金代销榜：互联网第三方平台增速超银行系,财经网
2021-11-11,又有上市公司踩雷！2.4亿信托本金逾期未收回，时隔47天才披露,Wind
2021-11-11,11月11日午盘主力巨资抢筹四大板块(附股),金融界
2021-11-11,兴业基金王薏因个人年龄原因离任 总经理胡斌督察长职务 董监高成员变化,新浪
2021-11-11,11月11日早盘主力巨资抢筹四大板块(附股),金融界
2021-11-11,兴业银行海口分行携手海南登记结算公司开展党建共建活动,证券导报
2021-11-11,中国内地“碳中和机票”将首现厦门,中新网
2021-11-11,全国首创“碳中和机票”明日上线 由兴业银行联合厦门航空推出，旅客坐飞机就能践行碳减排,金融界
2021-11-11,股份行三季报业绩大比拼：浦发、民生、渤海三家银行营收净利双降 民生银行不良率最高 盈利能力下降,新浪
2021-11-11,10亿元！山西首发能源保供用途债券,搜狐
2021-11-11,A股融资融券日报：两融余额增加15.9亿元（11月10日）,Wind
2021-11-11,绝味食品股份有限公司 关于使用闲置募集资金进行现金管理到期赎回的公告,证券时报
2021-11-11,绿色金融政策工具扩容撬动更多碳减排资金,Wind
2021-11-10,【银华基金】交易日报 2021-11-10,新浪
2021-11-10,兴业银行青岛分行：跑出金融赋能外贸企业“加速度”,中国金融新闻网
2021-11-10,风格切换下A股资金去了哪里？,Wind
2021-11-10,零利率谣言缘何再起？大额存单利率规模双降，银行揽储压力下发力理财产品,第一财经
2021-11-10,兴业银行资产端收益率下行,证券市场周刊
2021-11-10,多家银行收紧这两项业务！,中国银行保险报
2021-11-10,兴业银行惠民驿站：暴雪中城市守护者的加油站,和讯
2021-11-10,兴业银行：承销30亿元能源保供债券,金融界
2021-11-10,近九成银行股“破净”，市场错杀给机会？,证券之星
2021-11-10,A股融资融券日报：两融余额增加23.63亿元（11月9日）,Wind
2021-11-10,A股早报2021年11月10日星期三,Wind
2021-11-10,兴业银行11月9日现4笔大宗交易,证券时报网
2021-11-10,商业银行行业：商业银行业日报,新浪
2021-11-10,“金融+教育”兴业银行打造一站式出国金融服务平台,新快报
2021-11-09,阳光城三笔债券展期方案获通过 拟召开临时董事会商讨债务清偿计划 本息展期,财联社
2021-11-09,兴业银行与漳州市政府签署战略合作协议,e公司
2021-11-09,兴业银行发生4笔大宗交易 合计成交10.00亿元,证券时报网
2021-11-09,兴业银行南京分行首家自贸区支行正式开业,荔枝网
2021-11-09,兴业银行今日大宗交易成交5885万股，成交价16.99元折价7.21%,Wind
2021-11-09,七匹狼：公司不存在大股东非经营性占用上市公司资金的情形,Wind
2021-11-09,他山之石系列银行行业专题报告：积极拥抱变革 提升非息业务对ROE的贡献,新浪
2021-11-09,银行周榜｜建行、工行、农行“鏖战”微信榜，兴业银行微博榜上“背水一战”,中国银行保险报
2021-11-09,A股融资融券日报：两融余额增加39.23亿元（11月8日）,Wind
2021-11-09,每日理财观察：央行推出碳减排支持工具，期限1年利率1.75%,Wind
2021-11-09,测算｜央行的碳减排支持新工具对企业和银行的财务影响【中泰银行·戴志锋/邓美君/贾靖】,传统借贷vs新型金融
2021-11-09,多家银行收紧账户贵金属与外汇业务,Wind
2021-11-09,融资客减仓近百亿元，机构建议两手布局,Wind
2021-11-09,多家银行收紧账户贵金属与外汇业务,中证报
2021-11-09,产品净值波动压力增加，城商行主动调控理财规模增速,Wind
2021-11-08,【银华基金】交易日报 2021-11-8,新浪
2021-11-08,优先兑付内部员工？阳光城旗下理财公司欲以房抵债，身家170亿的林腾蛟也顶不住了,和讯
2021-11-08,华宝国际(00336.HK)：集团成员公司已认购兴业银行11亿元金融产品,格隆汇
2021-11-08,华宝国际：认购兴业银行提供合计投资总额为人民币11亿元的若干金融产品,Wind
2021-11-08,兴业银行上海分行高龄关怀系列报道：客户行动不便，我们上门解忧,陆家嘴金融网
2021-11-08,兴业银行发布重要公告，这个时间段手机银行将暂停服务,每日经济新闻
2021-11-08,A股融资融券日报：两融余额减少121.85亿元（11月5日）,Wind
2021-11-08,每日理财观察: 基金投顾迎强监管,Wind
2021-11-08,房地产风险拖累关注类贷款 多家银行信贷转向“新兴领域”,证券日报
2021-11-07,有银行将对未结清仓位用户集中平仓、解约！“炒金”“炒汇”持续收紧 原因为何？,北京商报
2021-11-07,兴业银行南京分行落地首笔光伏经销商经营性贷款,中国金融新闻网
2021-11-07,收入结构持续优化，银行发力财富管理显成效,Wind
2021-11-06,资管圈大消息！20年基金大佬李道滨离职,Wind
2021-11-06,银行信贷积极投向，“专精特新”企业,Wind
2021-11-06,净值化加速，银行理财聚焦新兴业务,Wind
2021-11-05,亿纬锂能拟对两子公司提供担保，授信期限一年 大额借贷担保,资本邦
2021-11-05,北上资金本周净买入44.14亿元 连续4周净买入,证券时报网
2021-11-05,兴业银行落地全国首批能源保供债券,上证报
2021-11-05,银行涉房贷款新动向：要矫正过度收贷行为，也要重点管住风险丨焦点,新浪
2021-11-05,因需专注自身企业经营 阳光城林腾蛟辞任兴业银行董事 董监高成员变化,金融界
2021-11-05,北向资金结束连续6日净买入，隆基股份连续3日遭抛售累计净卖出超30亿,Wind
2021-11-05,阳光城林腾蛟辞去兴业银行董事职务，企查查显示其间接持股2.39% 董监高成员变化,TechWeb
2021-11-05,强化党建引领，兴业银行广州分行为群众办实事,ZAKER
2021-11-05,中信证券：银行股估值有空间，配置有价值,Wind
2021-11-05,阳光城过冬天：流动性危机与债务违约风险 违约失信,证券之星
2021-11-05,基金代销江湖 2021 版： 三分天下加速内卷，价格战升温,ZAKER
2021-11-05,据悉阳光城林腾蛟已出售兴业银行部分股份 此前已辞任该行董事职务 董监高成员变化,中华网
2021-11-05,独家|知情人士：阳光城董事局主席林腾蛟已出售兴业银行部分股份,财联社
2021-11-05,基金代销竞争激烈 多家银行降费抢客,搜狐
2021-11-05,A股融资融券日报：两融余额增加33.85亿元（11月4日）,Wind
2021-11-05,A股早报2021年11月5日星期五,Wind
2021-11-05,早读拾光（11.5）丨机构再次下调多家房企评级 北京加强商品房预售资金管理 投资评级恶化,和讯
2021-11-05,财信证券银行业2021年11月月报：三季报落地，板块上行有动力,财信证券研究
2021-11-04,【中金固收·信用】中国公司债及企业债信用分析周报,中金固定收益研究
2021-11-04,国有大行发力财富管理：三季度邮储中收增速最快 交行中高端客群两位数增长,华夏时报
2021-11-04,速看！兴业银行发布重要公告,每日经济新闻
2021-11-04,盘后公告集锦|光伏龙头海外再受阻 收到荷兰法警跨境临时禁令,财联社
2021-11-04,【银华基金】交易日报 2021-11-4,新浪
2021-11-04,金融赋能 释放商业地标展现新活力,和讯
2021-11-04,兴业银行：将在11月15日后对尚未结清的账户贵金属、账户外汇客户持仓集中平仓,北京商报
2021-11-04,林腾蛟辞任兴业银行董事 为减持股份援助阳光城铺路？ 董监高成员变化,21世纪经济报道
2021-11-04,阳光城董事长林腾蛟辞任兴业银行董事 董监高成员变化,北京商报
2021-11-04,10月银行间市场发行规模环比上升，中票发行成本涨跌互现，短融发行成本下降,中证鹏元评级
2021-11-04,兴业银行今日大宗交易成交5800万股，成交价17.19元折价5.7%,Wind
2021-11-04,快讯：阳光城董事局主席林腾蛟辞任兴业银行董事 董监高成员变化,乐居财经
2021-11-04,阳光城实控人林腾蛟辞任兴业银行董事 董监高成员变化,每日经济新闻
2021-11-04,林腾蛟辞去兴业银行董事及相关委员会职务 董监高成员变化,观点地产网
2021-11-04,兴业银行(601166.SH)林腾蛟辞去董事相关职务 董监高成员变化,智通财经
2021-11-04,兴业银行：董事林腾蛟辞职 董监高成员变化,Wind
2021-11-04,银行股近2年经营成绩变化的量化排名,雪球
2021-11-04,兴业银行成都分行落地首单TDFI项下永续中期票据,和讯
2021-11-04,践行数字化转型 兴业银行北京分行线上票据池融资额突破百亿大关,财经网
2021-11-04,A股融资融券日报：两融余额减少44.29亿元（11月3日）,Wind
2021-11-04,商业银行行业：商业银行业日报(2021.11.3),新浪
2021-11-04,深圳市尚荣医疗股份有限公司 关于2020年非公开发行股票募集资金专户销户完成的公告,证券时报
2021-11-04,险资三季度调仓动向　抛售地产重点增持周期股,财富动力网
2021-11-04,“双碳”带来百万亿级市场,Wind
2021-11-03,上市银行最新业绩一览 9家银行拨备超过400%,新浪
2021-11-03,北向资金连续5日净买入，隆基股份遭大幅抛售超16亿元,Wind
2021-11-03,北交所开市在即！银行顺势而为，服务“专精特新”还有哪些难题待解？,北京商报
2021-11-03,兴业银行荣获“2021年中国银行业ESG实践天玑奖”,和讯
2021-11-03,东方日升获兴业银行宁波分行首笔支持整县推进分布式光伏贷款,索比光伏网
2021-11-03,银行业：区域位置突出的农商行获基金逆势增持,新浪
2021-11-03,北向资金减持榜单：32股减持市值超亿元 减持股份,证券时报网
2021-11-03,杠杆资金大手笔加仓32股,证券时报网
2021-11-03,兴业银行等9股获融资净买入超亿元,证券时报网
2021-11-03,兴业银行三季报：净利润增长23.45% 不良持续“双降”,大众证券报
2021-11-03,北向资金动向盘点：冷静应对巨幅波动,Wind
2021-11-03,A股融资融券日报：两融余额减少75.11亿元（11月2日）,Wind
2021-11-03,业绩超预期，股价却下跌，银行股怎么了？注意，这一风险不可忽视,券商中国
2021-11-03,连续4日净买入！北向资金增持电子元件、减持银行，逾12亿大幅加仓“光伏茅” 减持股份,21世纪经济报道
2021-11-03,上市银行不良率普降，部分涉房业务风险暴露,Wind
2021-11-03,首只公募REITs主题理财产品发行,中证网
2021-11-03,确保金融支持绿色低碳见实效,经济日报
2021-11-03,上市银行不良率普降 部分涉房业务风险暴露,全景网
2021-11-02,业绩涨股价跌！上市银行能否迎来估值修复行情？,国际金融报
2021-11-02,银行机构微博影响力哪家强？民生信用卡位居榜首,新浪
2021-11-02,深度｜上市银行3季报总结: 稳健与分化；息差企稳回升，优质银行持续强【中泰银行·戴志锋/邓美君/贾靖】,传统借贷vs新型金融
2021-11-02,净息差承压银行三季报大秀中收战绩，基金经理偏爱两类银行,第一财经
2021-11-02,最新出炉！11月2日沪深股通净流入23.65亿，其中12.950亿都买了它,每经网
2021-11-02,北上资金今日净买入隆基股份12.95亿元、宁德时代8.97亿元，净卖出兴业银行4.48亿元、贵州茅台3.42亿元。,财联社
2021-11-02,实控人全额担保寻求债务展期，与泰康沟通获认可，阳光城正努力化解危机,房地产报
2021-11-02,北向资金连续4日净买入累计扫货近150亿，新能源龙头股集体获抢筹,Wind
2021-11-02,1348亿资金争夺20股：主力资金重点出击7股(名单),新浪
2021-11-02,A股收盘综述：“宁王”力扛创业板，多只航母概念股尾盘暴拉涨停,Wind
2021-11-02,银行板块重挫！市值单日蒸发近2000亿，“公募一哥”张坤仍有浮盈,AI财经社
2021-11-02,兴业银行郑州分行打好合规经营“组合拳”,中国金融新闻网
2021-11-02,大金融走弱，银行板块跌逾3%，券商股持续跳水,Wind
2021-11-02,福建区域股市周报：19家机构调研亿联网络 法拉电子进入板块市值10强,每日经济新闻
2021-11-02,中信证券：关注银行业当前盈利表现超预期与板块估值绝对低位带来的配置价值,智通财经
2021-11-02,银行板块单边下滑，平安银行跌近6%,Wind
2021-11-02,嘉实谭丽管理基金亏损背后：4只重仓股今年在大跌！ 重仓股票异动,新浪
2021-11-02,中信证券：银行行业收入要素继续改善 资产质量总体平稳运行,证券时报网
2021-11-02,A股融资融券日报：两融余额增加47.83亿元（11月1日）,Wind
2021-11-01,【银华基金】交易日报 2021-11-1,新浪
2021-11-01,多家银行降低代销基金申购费率，改变代销盈利模式,资本邦
2021-11-01,上市银行前三季业绩两极分化，中收扛大旗，房地产风险暴露 盈利能力下降,第一财经
2021-11-01,兴业数金成为上海票交所供应链票据平台新参与机构,和讯
2021-11-01,受个别房企风险暴露影响，部分银行前三季度关注类贷款攀升,Wind
2021-11-01,【*兴业资产小公募】不超5亿，3年（21兴资02，188960，3.30%-4.30%） ，AAA/AAA，今日簿记,中信建投固定收益部
2021-11-01,线上渠道频现整合 电子银行做“减法”,中国经营报
2021-11-01,11月1日早盘主力巨资抢筹四大板块(附股),金融界
2021-11-01,10月8家银行发债798.5亿，永续债占逾五成,Wind
2021-11-01,“知产”变“资产” 兴业银行携手福建省知识产权局助力科创企业发展,中金在线
2021-11-01,A股融资融券日报：两融余额减少52.62亿元（10月29日）,Wind
2021-11-01,银行代销基金减费让利 从销售型向服务型角色转变,证券日报
2021-10-31,兴业银行落地市场首单住房租赁应收账款债权融资计划,东方网
2021-10-31,兴业银行石家庄分行成功举办“科技企业加速成长计划”暨专精特新小巨人路演活动,东方网
2021-10-30,兴业银行石家庄分行首批上线CIPS标准收发器 助力企业国际业务发展,东方网
2021-10-30,银行三季报收官：“宇宙行”双料冠军，北向资金唯独偏爱邮储银行,证券之星
2021-10-30,银行三季成绩单出炉：3/4银行净利润超两位数增长,21世纪经济报道
2021-10-30,10月29日324只个股获券商关注，北新建材目标涨幅达115.79%,每经网
2021-10-30,【三季报观察】受累房企风险暴露 部分银行关注类贷款抬头 银行高管这样诊断趋势,经济观察报
2021-10-30,【三季报观察】江浙沪城商行表现亮眼 优质银行获基金加仓,经济观察报
2021-10-30,A股股份行前三季度业绩比拼：3家净利增超二成，2家负增长,澎湃新闻网
2021-10-30,机构三季度持股趋分散，大资金偏爱钢铁和有色,Wind
2021-10-29,险资持仓出炉！850亿市值科技龙头再获加仓,Wind
2021-10-29,平安证券给予兴业银行强烈推荐评级：中收增速走阔，盈利能力保持优异,每日经济新闻
2021-10-29,“聪明钱”单月狂买近60亿！万亿“宁王”彻底火了,Wind
2021-10-29,21金融研究｜存量撕杀+结构调整，信用卡的下一个战场在哪？,21世纪经济报道
2021-10-29,【银华基金】交易日报 2021-10-29,新浪
2021-10-29,兴业银行：“16大机床SCP001”违约后续进展情况,Wind
2021-10-29,A股资金流向：主线和题材共振反弹，宁王、隆基联手爆发,Wind
2021-10-29,10月29日主力巨资抢筹四大板块(附股),金融界
2021-10-29,浙商证券维持兴业银行买入评级，近期获2份券商研报关注，目标均价涨幅53.41%,每日经济新闻
2021-10-29,安信证券维持兴业银行买入评级，兴业银行2021年三季报点评：业绩增长符合预期，不良继续“双降”,每日经济新闻
2021-10-29,108公司获得增持评级-更新中,中财网
2021-10-29,10月29日午后主力巨资抢筹四大板块(附股),金融界
2021-10-29,华西证券维持兴业银行买入评级：非息收入表现靓丽，拨备少提贡献业绩,每日经济新闻
2021-10-29,华西证券：给予兴业银行买入评级,证券之星
2021-10-29,A股融资融券日报：两融余额减少165.82亿元（10月28日）,Wind
2021-10-29,【浙商|梁凤洁/邱冠华】兴业银行：商行投行，中收王者,大话金融
2021-10-29,兴业银行单季度资产增量创六年新高，连续四个季度实现不良“双降”,证券时报网
2021-10-29,详解兴业银行21年3季报：中收靓丽高增，资产质量平稳【中泰银行·戴志锋/邓美君/贾靖】,传统借贷vs新型金融
2021-10-29,险资三季度“掘金图”曝光 科技股成新宠,中证网
2021-10-28,兴业银行公布三季报 前三季净利增加23.45%,新浪
2021-10-28,兴业银行：继续推进投资设立兴银国际相关工作,中证网
2021-10-28,10银行披露三季报：农行利润“等于”5个茅台，顶流基金经理谢治宇减持中信,时代周报
2021-10-28,兴业银行(601166.SH)：第三季度归母净利增24.07%至239.26亿元,格隆汇
2021-10-28,10月29日上市公司重要公告集锦：比亚迪前三季度净利同比减少28.43%,证券日报之声
2021-10-28,中顺洁柔遭遇换帅阵痛：业绩接连“跳水” 管理层频频“换血” “纸茅”亟待止损,财联社
2021-10-28,兴业银行三季度净利润增逾24%，不良率降至1.12%,澎湃新闻
2021-10-28,兴业银行：前三季度净利润同比增长23.45%,Wind
2021-10-28,​狂买这些股！新基金建仓大曝光,Wind
2021-10-28,兴业银行三季度净利增长24%远超营收增速，不良贷款持续双降,中华网
2021-10-28,图解润阳科技三季报：第三季度单季净利润同比减38.81%,证券之星
2021-10-28,兴业银行三季度归属净利润增长23.45%，理财规模达1.74万亿元,第一财经
2021-10-28,兴业银行前三季度净利润增长23.45% 中间业务收入表现亮眼,和讯
2021-10-28,图解兴业银行三季报：第三季度单季净利润同比增24.07%,证券之星
2021-10-28,兴业银行截至9月底理财规模达1.74万亿元 较年初增长18.02%,北京商报
2021-10-28,兴业银行三季报：净利润增长23.45％ 不良持续“双降”,金融界
2021-10-28,碳中和浪潮席卷而来！这家绿色银行都做了哪些布局？,投资时报
2021-10-28,前三季度，兴业银行实现净利润640.38亿元，同比增长23.45%,资本邦
2021-10-28,银行21Q3金融板块持仓：银行保险均减配、“财富管理”类券商获得增配,新浪
2021-10-28,银行行业点评2021Q3公募基金持仓数据点评：银行公募持仓占比回落 政策边际改善利好基本面平稳和估值修复,新浪
2021-10-28,兴业银行：第三季净利239.26亿元 同比增长24.07%,格隆汇
2021-10-28,兴业银行：第三季度净利润239.26亿元，同比增长24.07%,Wind
2021-10-28,绿色慈善信托落地,中国银行保险报
2021-10-28,盐城大丰城建拟发行7亿元短期融资券，票面利率5%-5.6%,乐居财经
2021-10-28,苏高新拟发行4亿元超短期融资券，票面利率2.2%-3.2%,乐居财经
2021-10-28,又一家银行，降了！,中国银行保险报
2021-10-28,兴业银行兰州分行全力以赴共战疫情,和讯
2021-10-28,“个人系”公募基金大起底：大佬“创业”岂可锦衣夜行？,Wind
2021-10-28,广发基金林英睿推出价值新品 广发鑫睿一年持有11月1日起发售,财经网
2021-10-28,A股融资融券日报：两融余额减少19.89亿元（10月27日）,Wind
2021-10-28,商业银行行业：仓位继续降低 绩优中小行获逆势增持,新浪
2021-10-28,机构加仓银行，跟不跟？,搜狐
2021-10-28,银行行业：景气度预期有望改善 关注板块配置机会,广发证券
2021-10-27,IIGF新闻 | 中财大绿金院加入“生物多样性金融伙伴关系” 共促全球生物多样性保护,中央财经大学绿色金融国际研究院
2021-10-27,【银华基金】交易日报 2021-10-27,新浪
2021-10-27,又换行长！两家民营银行迎开业四年第三任行长，年内已有7家民营银行换帅 董监高成员变化,券商中国
2021-10-27,兴业银行厦门分行探索科创机制改革 注入内生动力,金融界
2021-10-27,浦发银行信用卡中心上半年平均每千万个人客户投诉量位居在沪持牌信用卡中心首位,中国经济网
2021-10-27,浦发银行信用卡中心上半年在上海投诉量位列在沪持牌信用卡中心首位,中国经济网
2021-10-27,浦发银行信用卡中心上半年在上海信用卡费息类投诉量居首,中国经济网
2021-10-27,苏高新拟发行4亿元超短期融资券，期限为265天,乐居财经
2021-10-27,董承非“封笔之作”、谢治宇仓位提升……,Wind
2021-10-27,上海银行业上半年投诉情况：上海银行居中资行首位，浦发银行信用卡投诉量最多,中华网
2021-10-27,A股融资融券日报：两融余额增加17.51亿元（10月26日）,Wind
2021-10-27,实践“两山”理论 “钢城”蜕变“绿都”,中国环境报
2021-10-27,又有银行撒福利！基金申购费率打一折，涵盖知名产品，银行纷纷自降费率下的哪盘棋？,中证报
2021-10-27,看效果｜重庆推动气候投融资试点 全市绿色贷款余额超3300亿元,上游新闻
2021-10-27,费率优惠大本营持续扩容 财富管理服务逻辑生变,中证网
2021-10-27,费率优惠大本营持续扩容，财富管理服务逻辑生变,Wind
2021-10-27,大行APP喊话，“满天星”与“大一统”谁领风骚？,Wind
2021-10-27,顶流来了！谢治宇、朱少醒、周蔚文、刘彦春等最新持股大曝光,Wind
2021-10-26,【银华基金】交易日报 2021-10-26,新浪
2021-10-26,图解理邦仪器三季报：第三季度单季净利润同比减59.68%,证券之星
2021-10-26,办实事解难题 兴业银行引金融活水精准滴灌福建小微企业,中金在线
2021-10-26,银行周报：三季报超预期 看好银行估值修复,新浪
2021-10-26,兴业银行成功发行300亿元二级资本债券,北京商报
2021-10-26,私人银行客户个性化需求增加：财富管理市场机遇与挑战并存,中国金融新闻网
2021-10-26,A股融资融券日报：两融余额增加78.07亿元（10月25日）,Wind
2021-10-26,深圳市科达利实业股份有限公司 2021年第三季度报告,证券日报
2021-10-26,“双碳”纲领性文件解析：丰富交易品种和交易方式，将碳汇纳入全国碳交易市场,Wind
2021-10-25,兴业银行落地市场首单住房租赁应收账款债权融资计划,大众证券报
2021-10-25,兴业银行(601166.SH)完成发行300亿元二级资本债券,智通财经
2021-10-25,兴业银行泸州分行多措并举 开展反洗钱宣传,金融投资报
2021-10-25,10月25日午后主力巨资抢筹四大板块(附股),金融界
2021-10-25,福建首张碳汇主题一元碳汇联名卡发布,中新网
2021-10-25,兴业银行董事长吕家进：提升资产管理的普惠性 助力人民群众财富保值增值,中证网
2021-10-25,10月25日午盘主力巨资抢筹四大板块(附股),金融界
2021-10-25,流量见顶压力开始迫近！多家银行主动出击，调整App布局,Wind
2021-10-25,A股融资融券日报：两融余额减少66.73亿元（10月22日）,Wind
2021-10-24,兴业银行兰州分行全力以赴战疫情,中国金融新闻网
2021-10-23,兴业银行佛山分行副行长郭建新任职资格获准,奥一网
2021-10-23,兴业银行苏州分行举行“敬老月”活动,大众证券报
2021-10-23,打造国际一流绿色金融综合服务供应商,中证报
2021-10-22,“近30%涨幅可以了”，招行披露三季报，北向资金连续4季度加仓5亿股，股民：下周起飞,证券之星
2021-10-22,兴业银行吕家进：绿色低碳转型将有力推动金融业迈上“第二增长曲线”,中证网
2021-10-22,北上资金本周净买入233.03亿元,证券时报网
2021-10-22,债市风云｜如意科技被纳入被执行人 新方正集团成立 被执行人,中新经纬
2021-10-22,首批！兴业银行获得跨境理财通试点资格,中国经济网
2021-10-22,兴业银行大连分行聚焦服务实体经济走访商会开展调研,中国金融新闻网
2021-10-22,北向资金一年来首次连续两日加仓超百亿，七天爆买宁德时代近50亿,Wind
2021-10-22,资管新规倒计时 银行加速迁移理财产品,北京商报
2021-10-22,专访兴业银行董事长吕家进：聚焦生物多样性保护，以金融活水涵养生态之水,21世纪经济报道
2021-10-22,兴业银行青岛分行首单双标债券落地,Wind
2021-10-22,华夏银行上半年在天津每百万个人客户投诉量居股份行首位,中国经济网
2021-10-22,兴业银行青岛分行首单双标债券落地,金融时报
2021-10-22,A股融资融券日报：两融余额减少6.9亿元（10月21日）,Wind
2021-10-22,【债券快讯】10月21日中资美元债一级市场发行多只债券；另有1家公司潜在发行,国元国际
2021-10-22,破解融资痛点难点 金融助力专精特新企业奋楫前行,中国金融新闻网
2021-10-22,绿色金融如何支持生物多样性保护？,中国环境报
2021-10-21,【银华基金】交易日报 2021-10-21,新浪
2021-10-21,金融街论坛年会特别报道丨绿色金融新局：低碳创新的路线图,北京商报
2021-10-21,主力净流入银行板块超40亿元，加仓这些股，行业三季报值得期待,第一财经
2021-10-21,兴业银行董事长吕家进：绿色低碳转型将推动金融业迈上“第二增长曲线”,21经济网
2021-10-21,海信家电：非全资附属公司拟认购2亿元兴业银行理财产品,Wind
2021-10-21,首批19家系统重要性银行是如何产生的？,金融界
2021-10-21,沪港通十大成交活跃股排名（10月21日）,Wind
2021-10-21,41股主力资金净流入超亿元,证券时报网
2021-10-21,北向资金持续加仓三日抢购A股超180亿，中国平安获大幅净买入超10亿,Wind
2021-10-21,银行板块大幅走高，首批三季报显头彩，机构：关注核心资产及低估值指标,财联社
2021-10-21,A股资金流向（10月21日）：新能源板块显露疲态，资金避高就低流入大金融龙头,Wind
2021-10-21,仅剩两月余！资管新规过渡期进入倒数，理财整改还有哪些未了事？,北京商报
2021-10-21,八大券商主题策略：保险行业最差的时点过去了？,中投网
2021-10-21,大金融板块集体走强 主力早间加仓中国平安超10亿元,第一财经
2021-10-21,A股午盘综述：煤炭板块暴力反弹，保险、稀土、磷化工、纯碱板块大涨,Wind
2021-10-21,上市银行首批三季报“开门红” 银行板块集体飙涨,第一财经
2021-10-21,A股融资融券日报：两融余额增加49.12亿元（10月20日）,Wind
2021-10-20,兴业银行厦门分行：绿色金融融资余额超200亿元,中国金融新闻网
2021-10-20,兴正策略：北上流入规模边际放缓 成交活跃度下降,新浪
2021-10-20,兴业银行落地市场首单住房租赁应收账款债权融资计划,和讯
2021-10-20,点绿成金 兴业银行厦门分行擦亮绿色金融名片,和讯
2021-10-20,“跨境理财通”试点银行名单正式公布， 兴业银行广州分行入围首批试点银行,财经网
2021-10-20,A股融资融券日报：两融余额增加48.77亿元（10月19日）,Wind
2021-10-20,专题｜如何从财报分析上市银行的财富管理？【中泰银行·戴志锋/邓美君/贾靖】,传统借贷vs新型金融
2021-10-19,保粮食安全 兴业银行哈尔滨分行助力黑龙江秋粮抢收,和讯
2021-10-19,积极践行绿色金融 打造乡村振兴的兴业样板,财经网
2021-10-19,兴业银行大连分行金融创新赋能制造业高质量发展,中国金融新闻网
2021-10-19,"大湾区""跨境理财通""开卖 内地40个试点银行机构公布",南方日报
2021-10-19,明星FOF产品亏损 这家银行理财子公司“道歉”了：请静待花开 亏损,华尔街见闻
2021-10-19,收紧外汇、贵金属业务 兴业银行再次“出手”,新浪
2021-10-19,A股融资融券日报：两融余额增加74.53亿元（10月18日）,Wind
2021-10-19,助力实现“双碳”目标 兴银理财推出首款混合类ESG理财产品,中国金融新闻网
2021-10-18,跨境理财通最早明日可开展业务，首批试点银行名单出炉,澎湃新闻网
2021-10-18,兴业银行戴叙贤：财富管理业务进入成长期，私行将是兵家必争之地,新浪
2021-10-18,北向资金净卖出额创近2个月新高，贵州茅台遭大幅抛售逾14亿元,Wind
2021-10-18,近期市场流动性变化情况,量化先行者
2021-10-18,皇氏集团(002329.SZ)：华南公司拟为公司不超过9100万元的综合授信提供担保 大额借贷担保,智通财经
2021-10-18,银行行业研究周报：9月金融数据点评：贷款需求弱+政策强调稳,新浪
2021-10-18,首次认定19家全国系统重要性银行，江苏只有江苏银行入选,深水财经社
2021-10-18,A股融资融券日报：两融余额减少36.07亿元（10月15日）,Wind
2021-10-18,应高度重视数据分析在恢复与处置计划制定中的作用,中国金融新闻网
2021-10-18,漳州市龙海区实行项目资本金制度,中国环境报
2021-10-18,财信证券银行业2021年10月月报：基本面向好，四季度行情可期,财信证券研究
2021-10-18,银行理财子公司现金管理类产品整改有望提速,Wind
2021-10-18,举办淮河生态经济带产业投资发展基金对接会,新浪
2021-10-17,银行行业周报：本周聚焦-19家系统重要性银行+央行三季度发布会关注点,新浪
2021-10-16,盘后公告集锦|氢燃料电池产业化！这家汽车龙头拟分拆子公司至科创板上市,财联社
2021-10-16,兴业银行入选我国系统重要性银行,中国金融新闻网
2021-10-16,系统重要性银行名单来了！19家商业银行入选，共分5档，有何影响？,券商中国
2021-10-16,银行行业快报：看多银行股的逻辑进一步强化,新浪
2021-10-16,一周沪深股通动向曝光：这30只个股净买入最多（附名单）,新浪
2021-10-16,银行股三季报下周披露，北上资金率先潜伏,Wind
2021-10-16,央行、银保监会重磅发布！我国系统重要性银行名单出炉，有何影响？,Wind
2021-10-15,我国系统重要性银行名单首次披露，19家银行入围，附加监管将带来哪些影响？,财联社
2021-10-15,【银华基金】交易日报2021-10-15,新浪
2021-10-15,30家参评，19家入选！首批国内系统重要性银行名单出炉,经济观察网
2021-10-15,兴业银行签署《银行业金融机构支持生物多样性保护共同宣示》,中证网
2021-10-15,现代传播：认购理财产品,Wind
2021-10-15,“多样未来”项目正式启动 企业发展与生物多样性保护论坛成功召开,21世纪经济报道
2021-10-15,19家系统重要性银行名单发布：都分在哪组，哪些银行资本压力大？,21世纪经济报道
2021-10-15,央行、银保监会联合发文，系统重要性银行附加监管规定来了,Wind
2021-10-15,行业观｜兴业银行将对无持仓客户进行集中解约 年内多家银行收紧贵金属、外汇业务,财经网
2021-10-15,金融报道｜银行股升温：明星基金经理连续重仓 估值或迎修复良机,财经网
2021-10-15,北向资金恢复交易后首日净买入近27亿，再度大手笔加仓新能源股,Wind
2021-10-15,重磅！央行、银保监会发布我国系统重要性银行名单,Wind
2021-10-15,兴业银行发布公告 将集中解约无持仓客户,资本邦
2021-10-15,兴业银行发布账户贵金属、账户外汇业务调整公告,资本邦
2021-10-15,9月银行间市场发行规模环比下降，中票短融发行成本上升,中证鹏元评级
2021-10-15,A股融资融券日报：两融余额增加24.67亿元（10月14日）,Wind
2021-10-15,银行股3季报预测框架与前瞻：净息差企稳回升，营收和利润增速保持稳健向上【中泰银行·戴志锋/邓美君/贾靖】,传统借贷vs新型金融
2021-10-15,闻“汛”而动 风雨同舟：银行业暖心金融服务助力山西防汛救灾,中国金融新闻网
2021-10-15,资管新规过渡期仅剩约2个月 银行机构加速整改,广州日报
2021-10-14,【银华基金】交易日报2021-10-14,新浪
2021-10-14,兴业银行：将于10月23日起对账户贵金属、账户外汇业务无持仓客户进行集中解约,北京商报
2021-10-14,兴业银行发布《关于账户贵金属、账户外汇业务调整的公告》表示，为控制市场风险、保护投资者权益，该行将于2021年10月23日起对账户贵金属、账户外汇业务（福满金业务）无持仓客户进行集中解约,金十数据
2021-10-14,生物多样性丧失带来不可逆金融风险，机构创新金融产品“集资”支持生态修复,21经济网
2021-10-14,兴业银行陈亚芹：“赤道原则”改变银行仅依赖环评建立的准入机制,21世纪经济报道
2021-10-14,海信家电：空调营销公司认购1亿元理财产品,Wind
2021-10-14,绿色金融助力能源国企转型发展,经济日报
2021-10-14,情系桑榆重晚晴，兴业银行“安愉人生”打造“老年友好型”银行,金融界
2021-10-14,助力实现“双碳”目标，“兴业样本”是这样布局的,第一财经
2021-10-14,一图读懂和邦生物2021年三季报，净利润同比增1112.42%,证券之星
2021-10-14,兴业银行太原分行向山西省红十字会捐款100万元,和讯
2021-10-14,兴业银行海口分行助力海南清洁能源岛建设,证券导报
2021-10-14,银行业2021年9月金融数据点评：社融增速见底,新浪
2021-10-14,A股融资融券日报：两融余额减少5.34亿元（10月13日）,Wind
2021-10-14,银行角度看9月社融：总量结构依旧不佳，宽信用传导较难【中泰银行·戴志锋/邓美君/贾靖】,传统借贷vs新型金融
2021-10-13,开启“瘦身”模式！这家国有大行将关停旗下一款APP，多家银行已行动 经营问题,中证报
2021-10-13,【生猪期货交易指南】2 影响生猪价格变动的主要因素,兴业期货
2021-10-13,【生猪期货交易指南】1 生猪产业链及生产、消费与贸易,兴业期货
2021-10-13,兴业银行未来3年拟向福建港口集团提供不低于200亿元意向性承诺额度,证券时报网
2021-10-13,【银华基金】交易日报2021-10-13,新浪
2021-10-13,21金融研究｜银行的“中收”战事：2021，谁是转型之王？,21世纪经济报道
2021-10-13,兴业银行与福建港口集团签署全面战略合作协议,中金在线
2021-10-13,华夏理财苑志宏：理财业务如何助力股份制商业银行跨越式发展,搜狐
2021-10-13,关注生物多样性保护，“中国经验”成热点话题,第一财经
2021-10-13,核心资本充足率连降三年兴业银行再发千亿资本债 吕家进备战重点突破战略,时代周报
2021-10-13,A股融资融券日报：两融余额减少54.76亿元（10月12日）,Wind
2021-10-13,关于证券质押登记证明的遗失声明,证券时报
2021-10-12,【银华基金】交易日报2021-10-12,新浪
2021-10-12,哪些银行跻身本周微博影响力榜单？三家银行排名下降，招商银行位居榜首,新浪
2021-10-12,科技赋能金融，兴业银行上海分行迈入电子亮证新时代,陆家嘴金融网
2021-10-12,北向资金成交缩量全天净卖出近14亿元，东方财富遭大幅净卖出6亿元,Wind
2021-10-12,天成科技：拟向兴业银行申请授信500万元,同壁财经
2021-10-12,兴业银行青岛分行落地山东省首单水权质押贷款,鲁网
2021-10-12,中国银行业App盘点：最多的一家13款 招行排名第二（附名单）,新浪
2021-10-12,明星基金经理大笔买入银行股 要不要跟？,国际金融报
2021-10-12,知名基金经理加仓招商银行 机构认为银行布局正当时,投资快报
2021-10-12,A股融资融券日报：两融余额增加40.2亿元（10月11日）,Wind
2021-10-12,A股早报2021年10月12日星期二,Wind
2021-10-12,净卖出五粮液居首！北向资金持续出货白酒股，增持这些板块（名单）,21世纪经济报道
2021-10-12,北向资金动向盘点：反手净卖食品饮料,Wind
2021-10-11,一财首席调研：年度GDP预测均值8.15%，10月信心指数低于荣枯线,第一财经
2021-10-11,又有银行整合手机App，“减法”背后藏有哪些门道,北京商报
2021-10-11,【银华基金】交易日报2021-10-11,新浪
2021-10-11,兴业银行债权投资减值损失大增，个人住房及商用房贷款不良率微增 投资失误,和讯
2021-10-11,兴业银行上海分行“电子亮证”服务为民解忧,中国金融新闻网
2021-10-11,兴业银行获准发行不超1000亿元二级资本债券,智通财经
2021-10-11,兴业银行(601166.SH)：发行二级资本债券获行政许可,格隆汇
2021-10-11,兴业银行：发行二级资本债券获中国人民银行行政许可,Wind
2021-10-11,银行股连日走强！三季报或存在超预期，机构：估值历史低位，关注修复机会,证券之星
2021-10-11,银行股连日走强！三季报或存在超预期，机构：估值历史低位，关注修复机会,财联社
2021-10-11,A股资金流向（10月11日）：资金延续避高就低态势，大金融板块获青睐,Wind
2021-10-11,百亿牛股闪崩近50%！张坤出手，引爆十万亿板块,Wind
2021-10-11,兴业银行：“19迪马实业MTN001”持有人会议审议通过相关议案,Wind
2021-10-11,行业观 | 基金加仓银行股翻红 机构指银行加配正当时,财经网
2021-10-11,银行股集体爆发！带动上证50大涨，政策呵护之下后市可期？,新浪
2021-10-11,零售银行的「新猎场」：谁是中国财富管理之王？,搜狐
2021-10-11,20股突然闪崩跌停，强势板块重挫！军工银行股大爆发,Wind
2021-10-11,助力“双碳” 兴银理财推出首款混合类ESG理财产品,金融界
2021-10-11,A股10月开门红！中国平安、招商银行轮番领涨，张坤增持吹响反攻集结号？,时代周报
2021-10-11,银行板块拉升，招商银行大涨6%，公募一哥新买1680万股浮盈5000万,AI财经社
2021-10-11,前三季度新基金托管规模成绩单出炉，招商银行蝉联榜首,资本邦
2021-10-11,板块异动 | 资产质量显著改善 银行板块异动拉升,智通财经
2021-10-11,张坤加仓！招商银行大涨6% 银行股又香了？,证券之星
2021-10-11,【异动股】银行板块拉升，瑞丰银行(601528.CN)涨7.98%,财华社
2021-10-11,【行情】银行股开盘走强，平安银行拉升涨超5%，杭州银行、招商银行、兴业银行、宁波银行等集体涨超3%,金十数据
2021-10-11,招商银行、平安银行、兴业银行快速拉升，张坤出手节前两天买入招行,Wind
2021-10-11,A股融资融券日报：两融余额增加127.02亿元（10月8日）,Wind
2021-10-11,前三季度11家机构新基金托管规模超千亿,Wind
2021-10-11,前三季度11家机构新基金托管规模超千亿,证券时报
2021-10-10,“公募一哥”张坤出手了，节前两天买入招商银行A股超8亿元,澎湃新闻网
2021-10-10,厦门兴业银行争做服务台企“主力军”,和讯
2021-10-10,兴业银行厦门分行积极助力探索厦门特色高质量数字化道路,和讯
2021-10-10,擦亮三张名片 金融助力高质量发展,和讯
2021-10-10,深度前瞻｜恒大集团债务风险对金融、地产及经济的传导：风险可控，经济增长压力【中泰银行地产·戴志锋/陈立/邓美君/贾靖】,传统借贷vs新型金融
2021-10-10,赢在深秋：Q4是今年最佳投资窗口（浙商策略王杨）,王杨一东吴策略
2021-10-10,【棉系期货投教材料】3 棉花期货合约七问,兴业期货
2021-10-10,【棉系期货投教材料】2 棉花下游分析,兴业期货
2021-10-10,“绿电”助力碳达峰与碳中和——光伏、风电发展引导能源转型,经济观察报
2021-10-09,兴业银行厦门分行勇担社会责任，积极贡献兴业力量全力支持复工复产,金融界
2021-10-09,上市股份行效能哪家强？华夏银行人均创造营收和利润均垫底,和讯
2021-10-08,未来5年提供千亿意向性融资支持 兴业银行与福建省商务厅签署战略合作协议,中金在线
2021-10-08,房地产行业：定量测算房贷压降进度 按揭投放加快留有空间,新浪
2021-10-08,【银华基金】交易日报2021-10-08,新浪
2021-10-08,宏川智慧(002930.SZ)：下属公司拟申请银行授信并接受公司及关联方提供担保 大额借贷担保,格隆汇
2021-10-08,兴业银行RPA项目入选“2021年度金融科技与数字化转型创新成果”,中国经济网
2021-10-08,兴业银行“快易贷”——服务中小微企业的好帮手,搜狐
2021-10-08,银行业投资观察：政策向好 信用风险稳定,新浪
2021-10-08,兴业银行莆田分行落地福建省首笔金服云线上抵押登记业务,中金在线
2021-10-08,“南向通”开通首日 兴业银行达成首批交易,搜狐
2021-10-08,A股融资融券日报：两融余额减少211.44亿元（9月30日）,Wind
2021-10-08,广发证券：继续看好银行股既有绝对又有相对收益,新浪
2021-10-07,中国人民银行深圳市中心支行与深圳市生态环境局联合举办战略合作框架协议签约仪式暨绿色融资银企对接会,中国金融新闻网
2021-10-07,兴业银行海口分行落地海南省首单整县屋顶分布式光伏发电项目贷款,中国金融新闻网
2021-10-05,兴业银行太原分行：开展绿色运营 打造绿色银行,中国金融新闻网
2021-10-03,“同梦·同兴”三十周年 | 杨东：实践价值投资的人，越到后面会越真实,兴业证券订阅号
2021-10-01,兴业银行捐款800万元助力厦门疫情防控,金融界
2021-10-01,法国兴业银行子公司在 MakerDAO 治理论坛提交担保债券代币再融资提案,链闻
2021-09-30,青岛啤酒股份：最近十二个月分别与平安银行等8家银行订立了结构性存款协议,Wind
2021-09-30,共同战“疫” 兴业银行捐赠超2000万支持福建疫情防控,中金在线
2021-09-30,金融百家丨邢毓静：对应不同生命周期企业，金融机构如何提供绿色金融产品和服务,21世纪经济报道
2021-09-30,深圳人行与生态环境局联合举办战略合作签约仪式暨绿色融资银企对接会成功举办,深圳新闻网
2021-09-30,简易开户服务让企业开户触手可及,中国金融新闻网
2021-09-30,寓义于利——兴业银行海口分行落地海南省首单整县屋顶分布式光伏发电项目贷款,和讯
2021-09-30,兴业银行重庆分行精准滴灌乡村振兴 让“攻坚花”结出“共富果”,上游新闻
2021-09-30,兴业银行落地全国首单 保险项下“建筑减碳贷”,新浪
2021-09-30,兴业银行落地35亿元 银团贷款首笔资金,新浪
2021-09-30,鲁政委：能耗双控由来已久，为何2021年尤其缺电,新浪
2021-09-30,兴业银行陈亚芹：新能源、可再生能源等重点行业机遇凸显 银行机构正密切对接,财联社
2021-09-30,A股融资融券日报：两融余额减少147.36亿元（9月29日）,Wind
2021-09-30,银行信用卡业绩十强榜：国有行领衔招行赶超 不良率总体下降,投资者网
2021-09-30,昇兴集团股份有限公司 2021年前三季度业绩预告,证券日报
2021-09-30,乐鑫信息科技（上海）股份有限公司 2021年第三季度报告（下转D146版）,证券日报
2021-09-29,@那谁谁，银行喊你去领“减费让利”大礼包！,金融时报
2021-09-29,大型银行优化人才结构：左手紧握科技，右手推向基层,Wind
2021-09-29,21独家｜大型银行优化人才结构：左手紧握科技，右手推向基层,21世纪经济报道
2021-09-29,科技赋能 兴业银行理财业务加速数字化转型,中金在线
2021-09-29,【绿色金融】碳中和目标下银行业绿色金融发展的六大趋势,兴业研究宏观
2021-09-29,手续费再减免 多银行发“减费让利”礼包,山西晚报
2021-09-29,A股融资融券日报：两融余额减少32.66亿元（9月28日）,Wind
2021-09-29,洒下甘霖育果蔬 来自“中国蔬菜之乡”的金融故事,中国金融新闻网
2021-09-29,【银期合集】最全面的银期签约操作指引来啦！,徽商期货
2021-09-28,农户自家光伏发电也能贷款 兴业银行厦门分行落地分布式光伏发电贷,和讯
2021-09-28,银行上演花样“补血”热潮 可转债、二级资本债齐上阵，动作频频为哪般,北京商报
2021-09-28,【银华基金】交易日报2021-09-28,新浪
2021-09-28,行业深度！2021年中国股份制上市银行竞争格局及市场份额分析 招商银行综合实力领先发展,前瞻研究院
2021-09-28,兴业银行私人银行荣获2020“十佳财富管理创新奖”,中国经济网
2021-09-28,RMBS发行“井喷”、央行罕见提及房地产 信贷政策有望调整？,21世纪经济报道
2021-09-28,“区块链+安心充”防范商家卷款跑路，预付保破解消费痛点,猎云网
2021-09-28,加速供应链融资数字化 兴业银行推出“兴享数融”新服务,和讯
2021-09-28,兴业银行落地武商集团并购贷款12.67亿元,证券时报网
2021-09-28,稳生产保民生 金融助力“战疫” 兴业银行厦门分行当好金融主力军，齐心协力服务疫情防控,和讯
2021-09-28,2021年“绿色金融助力双碳目标的政策与实务工作坊”在京举行,中证网
2021-09-28,商业银行行业：商业银行业日报,新浪
2021-09-28,A股融资融券日报：两融余额减少146.44亿元（9月27日）,Wind
2021-09-28,【债券快讯】9月27日中资美元债一级市场发行1只债券；另有2家公司潜在发行,国元国际
2021-09-28,养老理财来了，你我如何选择,经济日报
2021-09-28,兴业银行、华福证券首席经济学家鲁政委： 资产配置面临着40年未有之大变局,ZAKER
2021-09-27,区域金融要参｜辽宁拟对农业保险加大支持；多家银行9月30日起推出小微企业服务收费减免措施,21世纪经济报道
2021-09-27,【银华基金】交易日报2021-09-27,新浪
2021-09-27,代销版图持续扩容 银行理财子公司破圈“路线图”怎么走,北京商报
2021-09-27,“南向通”开通首日兴业银行达成首批交易,大众证券报
2021-09-27,BesTV+流媒体战略落地周年，SMG、东方明珠新媒体内容生态高质量发展,经济日报
2021-09-27,兴业银行莆田分行1000万元贷款驰援仙游方舱建设,中金在线
2021-09-27,银行行业研究周报：上市银行房地产贷款梳理,新浪
2021-09-27,北向资金今日净买入14.77亿元，白酒股连续第二日遭疯抢,Wind
2021-09-27,兴业银行并购融资助力武商集团首次“走出湖北”,财经网
2021-09-27,兴业银行获批公开发行不超过500亿元A股可转换公司债券,北京商报
2021-09-27,兴业银行鲁政委：建议推出碳资产质押融资配套政策,21世纪经济报道
2021-09-27,许仲翔：我们为何持续看好招商银行和兴业银行的投资价值,红周刊
2021-09-27,松动！昆明新房贷款最快1周放款！不过银行拒贷退房占比又提高了,新浪
2021-09-27,中信VS兴业：谁才是财富管理王者？,零壹财经
2021-09-27,中国首批 绿色金融标准正式发布 兴业银行参与编制,新浪
2021-09-27,恒大地产负债“瘦身”＋多家银行力挺能否满血复活？,乡村小萌宝
2021-09-27,贸易收支便利化 为业务提速——兴业银行福州分行落地全行首笔贸易收支便利化试点业务,和讯
2021-09-27,兴业银行福州分行助力福州新区集团成功发行6亿元中票,和讯
2021-09-27,A股融资融券日报：两融余额减少102.73亿元（9月24日）,Wind
2021-09-26,我为群众做实事丨兴业银行上海分行将反假货币宣传送入嘉定新城,陆家嘴金融网
2021-09-26,电信诈骗一顿操作猛如虎 兴业银行成都分行成功堵截为客户挽回损失,中国网
2021-09-26,兴业银行漳州分行全力以赴 同心抗“疫”,和讯
2021-09-26,莆田：并肩战疫情，金融服务“不打烊”,和讯
2021-09-24,银行行业点评报告：新增“S”级 银行监管评级体系空前细化,新浪
2021-09-24,北向资金疯狂抢筹大消费板块，五粮液创历史最大净买入,Wind
2021-09-24,兴业银行落地全国首单建筑节能改造保险项下“建筑减碳贷”,财经网
2021-09-24,兴业银行密集调整贵金属业务 频发债券补充资本,新浪
2021-09-24,A股融资融券日报：两融余额增加70.33亿元（9月23日）,Wind
2021-09-24,“超级大包”来了！个贷不良批量转让市场供需活跃,Wind
2021-09-23,银行行业简评报告：《商业银行监管评级办法》怎么看？,新浪
2021-09-23,纾困解难　兴业银行暖心服务助力福建疫情防控,中国金融新闻网
2021-09-23,13家银行为何排队表态？称恒大贷款有足额抵押物、风险可控,凤凰网
2021-09-23,防疫、对台金融服务两不误 兴业银行落地国亨化学35亿元银团贷款首笔资金,中金在线
2021-09-23,兴业银行首席经济学家鲁政委：关注“碳中和”目标对大宗商品结构性变化的两点影响,期货日报网
2021-09-23,个别房企事件影响点评：个别大房企流动性危机对银行影响大么？,新浪
2021-09-23,兴业银行服务“专精特新”又有大动作,陆家嘴金融网
2021-09-23,房地产贷款风险来袭，多家银行撇清与恒大关联,Wind
2021-09-23,A股融资融券日报：两融余额增加66.65亿元（9月22日）,Wind
2021-09-23,福建宁德兴业银行职员诈骗多名女企业家 涉案资金逾3亿 其他违规处罚,新浪
2021-09-23,史无前例！一大批公司限产，牛股核心工厂全面停产,Wind
2021-09-23,港股盘前必读：中策集团拟清仓出售所持全部恒大汽车股票,Wind
2021-09-23,银行股是否反应过度了？多家撇清与恒大关联,Wind
2021-09-23,“双碳”目标提出一周年：千家碳公司放眼万亿市场,Wind
2021-09-23,"""顶流""谢治宇大动作，兴全合润、兴全合宜同时打开大额申购",Wind
2021-09-23,突发！中国恒大ADR疯涨47%,Wind
2021-09-22,银行股集体重挫，到底有多大风险？机构紧急发声,Wind
2021-09-22,兴业银行等多家上市银行回应与恒大业务往来：风险可控,Wind
2021-09-22,兴业银行等多家上市银行回应与恒大业务往来：风险可控,e公司
2021-09-22,“数据牛”“牛权贷”，兴业银行为养殖户“贷”出致富新路子,陆家嘴金融网
2021-09-22,兴业银行推出美国运通品牌人民币借记卡,陆家嘴金融网
2021-09-22,金融知识普及月 金融知识进万家 ——兴业银行广州管理部开展金融知识普及月宣传活动,奥一网
2021-09-22,兴业银行：今年以来已逐步压降恒大房地产项目授信敞口 没有涉及非房地产板块,财联社
2021-09-22,兴业银行：公司一直严格监控对恒大集团的授信业务，只介入少量一二线城市且资质较好的房地产开发项目融资,每日经济新闻
2021-09-22,兴业银行：升级打造绿色银行、财富银行、投资银行“金色名片”,中证网
2021-09-22,A股融资融券日报：两融余额减少203.49亿（9月17日）,Wind
2021-09-22,兴业银行：加强ESG量化指标应用与披露 提升信披精准度,中证网
2021-09-21,恒大漩涡里的20家银行,Wind
2021-09-19,14家银行披露境外贷款余额数据，哪几家有可能超标？,Wind
2021-09-18,兴业银行网点设计项目斩获BCX“最佳银行网点体验”奖,东方网
2021-09-18,兴业银行福州分行助力福州新区集团成功发行6亿元中票,中金在线
2021-09-18,《关于银行业金融机构境外贷款业务有关事宜的规定（征求意见稿）》对外征求意见,Wind
2021-09-18,兴业银行陈亚芹：新能源、可再生能源等重点行业机遇凸显 银行机构正密切对接,财联社
2021-09-17,海信家电：非全资附属公司拟认购3亿元兴业银行理财产品,Wind
2021-09-17,兴业银行欢迎您,财经网
2021-09-17,兴业银行服务“专精特新”又有大动作,金融界
2021-09-17,携手共进 服务实体——兴业期货与陕钢集团、兴业银行西安分行签署战略合作协议,期货日报网
2021-09-17,“数据牛”“牛权贷” 兴业银行为养殖户“贷”出致富新路子,中金在线
2021-09-17,A股融资融券日报：两融余额减少144.97亿元（9月16日）,Wind
2021-09-17,银行网点进退两难，大幅收缩趋势尚不明显,Wind
2021-09-16,区域金融要参｜四川荣县落地双碳监测平台；西藏2020年人均非现金支付135.81笔,21世纪经济报道
2021-09-16,兴业银行大连分行携手东软信息学院成立大连首家高校消费者教育示范基地,中国金融新闻网
2021-09-16,兴业银行推出美国运通品牌人民币借记卡,金融界
2021-09-16,谁抵押了我的房产？沈阳一业主与兴业银行对簿公堂 诉讼纠纷,房地产报
2021-09-16,兴业银行首笔农村集体经营性建设用地使用权抵押贷款落地青岛,金融界
2021-09-16,A股融资融券日报：两融余额增加18.27亿元（9月15日）,Wind
2021-09-16,多家银行收紧外汇、贵金属业务,Wind
2021-09-15,兴业银行发布《兴业银行股份有限公司数据合规白皮书》,Wind
2021-09-15,兴业银行业内首发数据合规白皮书,上证报
2021-09-15,北向资金今日净买入逾21亿元，批量扫货光伏股,Wind
2021-09-15,兴业银行太原分行：加快数字化转型 助力业务高质量发展,中国金融新闻网
2021-09-15,兴业银行持续加大对小微企业等市场主体减费让利力度,财经网
2021-09-15,为优质科创客群注入“金融活水” 兴业银行苏州分行“商行+投行”战略并举,大众证券报
2021-09-15,A股融资融券日报：两融余额减少10.55亿元（9月14日）,Wind
2021-09-15,北向资金继续流出！出逃银行、酿酒行业，却持续买入宁德时代,21世纪经济报道
2021-09-15,盘前情报丨苹果发布iPhone 13系列，券商建议关注三季度“果链”公司业绩,21世纪经济报道
2021-09-15,北向资金动向盘点：周期股下跌，净卖第一却是食品饮料,Wind
2021-09-15,北向资金动向曝光：9月14日这30只个股遭大甩卖（附名单）,每日经济新闻
2021-09-14,"迎接中概股回归！扮靓投资银行名片，兴业银行""商投旗舰""加速起航",券商中国
2021-09-14,中国平安A股再度跌破50元关口，中国人寿跌近4%,Wind
2021-09-14,A股午盘综述：宁德时代崛起推升创业板，锂电池、鸿蒙、磷化工爆发,Wind
2021-09-14,兴业银行香港 2.375% N20210921：最后交易日期为9月16日,Wind
2021-09-14,A股融资融券日报：两融余额增加105.99亿元（9月13日）,Wind
2021-09-14,银行行业研究周报：8月金融数据点评：贷款需求减弱+财政发力,新浪
2021-09-13,【专栏】银行业「军备竞赛」升级,零壹财经
2021-09-13,西部建设(002302.SZ)为子公司申请银行授信提供1亿元担保 大额借贷担保,智通财经
2021-09-13,A股融资融券日报：两融余额增加34.89亿元（9月10日）,Wind
2021-09-13,商业银行行业：商业银行业日报,新浪
2021-09-13,银行四大打法浮出水面,Wind
2021-09-11,银行角度看8月社融：监管+有效需求不足驱使资产荒 票据冲量托底,新浪
2021-09-11,银行业1H2021报告综述：信用风险预期改善 净利润释放加速,新浪
2021-09-10,同业存单周报：同业存单发行规模上升,新浪
2021-09-10,8月金融数据点评：8月金融数据怎么看？,新浪
2021-09-10,助力创新型省份建设 兴业银行为福建科创企业提供贷款超273亿元,中金在线
2021-09-10,ST同洲：全资子公司主要银行账户被司法冻结 关联方问题,Wind
2021-09-10,兴业银行拉萨分行扎实做好金融宣传文章 提升群众金融获得感,中国金融新闻网
2021-09-10,基本面修复 + 高管增持，银行股的估值修复之旅正在开启吗？,ZAKER
2021-09-10,兴业银行太原分行发放山西首笔碳排放配额质押贷款,经济日报
2021-09-10,投资组合报告：2021年九月策略金股报告,新浪
2021-09-10,兴业银行关于上海黄金交易所“易金通”交易软件关闭签约功能的公告,金十数据
2021-09-10,兴业银行：根据上海黄金交易所要求，上海黄金交易所手机交易软件“易金通”将于2021年9月24日停止签约功能,金十数据
2021-09-10,A股融资融券日报：两融余额增加91.1亿元（9月9日）,Wind
2021-09-09,全国首批！兴业银行为青岛金王成功接入CIPS标准收发器,中国金融新闻网
2021-09-09,兴业银行太原分行加速构建普惠金融生态圈,中国金融新闻网
2021-09-09,兴业银行宁波分行以实践擦亮绿色银行名片,新华网
2021-09-09,银保监会：二季度共接收并转送银行业消费投诉84424件，同比增长25.5%,Wind
2021-09-09,A股融资融券日报：两融余额增加95.45亿元（9月8日）,Wind
2021-09-09,房地产贷款增速创8年新低，经营贷违规流入楼市排查基本完成,Wind
2021-09-08,兴业银行柳州分行成功实现 线上政府采购订单贷款业务突破,中投网
2021-09-08,厦门兴业银行争做服务台企的“主力军”,凤凰网
2021-09-08,A股融资融券日报：两融余额增加100.34亿元（9月7日）,Wind
2021-09-08,理财子公司交上半年答卷：18家全部盈利，更有净利润增长超30倍,Wind
2021-09-07,森远股份(300210.SZ)：拟向兴业银行鞍山分行申请2亿元综合授信额度,格隆汇
2021-09-07,兴业银行：绿色金融产品创新“领跑者”,财联社
2021-09-07,汉钟精机：中信建投、兴业银行理财等2家机构于9月7日调研我司,证券之星
2021-09-07,兴业银行大连分行为大连公交客运集团提供信贷支持,中国金融新闻网
2021-09-07,北向资金追平年内最长净买入纪录累计加仓超550亿，美的集团净买入超11亿元,Wind
2021-09-07,“融资+融智” 兴业银行助力北京城市副中心建设绿色金融示范区,金融界
2021-09-07,艾德证券：知名公募抄底招行，平银高管集体增持，机构：银行股行情在年底,新浪
2021-09-07,兴业银行大连分行推广普惠贷产品为小微企业解决资金难题,中国金融新闻网
2021-09-07,板块异动 | 银行半年报业绩靓丽资产质量改善 银行板块尾盘走强,智通财经
2021-09-07,银行股尾盘锦上添花，杭州银行涨近5%,Wind
2021-09-07,A股融资融券日报：两融余额增加117.03亿元（9月6日）,Wind
2021-09-07,11家上市银行按揭贷款“踩红线”，涉房贷款继续“瘦身”,Wind
2021-09-06,第十届金交会将于9月17日开幕，广期所将首次亮相,Wind
2021-09-06,多家银行涉房贷款仍踩红线,Wind
2021-09-06,A股融资融券日报：两融余额减少64.16亿元（9月3日）,Wind
2021-09-06,每日理财观察：公募酝酿创新普通混合型产品,Wind
2021-09-06,六大国有银行不良贷款率均下降，前瞻性指标稳中向好,Wind
2021-09-05,沸腾了！240万银行人涨工资了，加薪最猛竟是TA,Wind
2021-09-04,无法网签，购房款被打入非监管账户！珠海宝龙城广场遭投诉 其他违规处罚,南都报
2021-09-04,兴业银行上半年盈利大增23% 商投旗舰加速起航,红周刊
2021-09-03,细剖兴业“绿色银行”名片：“领先同业半个身位”的优势是如何炼成的？,搜狐
2021-09-03,兴业银行今日大宗交易成交340.80万股，成交价19.57元溢价0.67%,Wind
2021-09-03,山西省首笔“碳排放配额质押贷款”业务落地兴业银行太原分行,和讯
2021-09-03,银行涉房贷款半年考：11家个人住房贷款仍超标,Wind
2021-09-03,26家银行涉房类贷款占比下降 谁还在踩红线,北京商报
2021-09-03,A股融资融券日报：两融余额增加43.73亿元（9月2日）,Wind
2021-09-02,晚间重要公告2021年9月2日星期四,Wind
2021-09-02,兴业银行：战略转型提速 轻型化内生增长凸显,环球老虎财经
2021-09-02,丰富绿色财富产品货架 兴业银行、兴业基金共推能源革新主题基金,新浪
2021-09-02,晚间公告｜9月2日这些公告有看头,第一财经
2021-09-02,助推惠企政策落地 兴业银行落地福建省第四期纾困贷款3610万元,中金在线
2021-09-02,兴业银行：发行1000亿元二级资本债券获银保监会批复,e公司
2021-09-02,焕“兴”出发 兴业银行重庆观音桥支行重装开业,上游新闻
2021-09-02,最猛暴赚近20亿！银行理财子公司最新排名来了！,Wind
2021-09-02,全线上办理、全模式服务 兴业银行“兴享”供应链金融平台再升级,财经网
2021-09-02,高净值财富大爆发，招行突破3万亿，平安半年增长19%领先,Wind
2021-09-02,A股融资融券日报：两融余额增加19.57亿元（9月1日）,Wind
2021-09-02,每日理财观察：券商分仓佣金创历史新高,Wind
2021-09-02,银行票据贴现缩量，信贷投放聚焦制造业和小微,Wind
2021-09-02,银行涉房类贷款半年考：超六成占比下降，招行兴业等7家双指标越线,Wind
2021-09-01,北向资金、腾讯系、国家队基金纷纷加仓！这个板块终于发威，谁是机构心头好？,Wind
2021-09-01,晚间要闻2021年9月1日星期三,Wind
2021-09-01,上半年银行调整房地产贷款集中度进展如何：5家银行仍踩红线,Wind
2021-09-01,兴业银行：因业务调整暂停信用卡自动分期业务,新浪
2021-09-01,银行行业快评：银行视角看宽信用的难点 关注中小行,新浪
2021-09-01,兴业银行信用卡上半年实现交易金额12710.65亿元 同比增长17.20%,中国网
2021-09-01,银行股午前再度发力，杭州银行大涨6%,Wind
2021-09-01,应对息差收窄压力 银行激战财富管理市场,上证报
2021-09-01,A股融资融券日报：两融余额减少15.02亿元（8月31日）,Wind
2021-09-01,招行人均月收入5.8万！超半数银行薪酬总盘子两位数增长,Wind
2021-08-31,逾700家上市公司上半年炒493只A股：哪些亏损，哪些赚钱？,第一财经
2021-08-31,银行机构微博影响力哪家强？兴业银行下降两名,新浪
2021-08-31,兴业银行教育云,第一财经
2021-08-31,平台赋能 产融“共”赢 兴业银行福州分行落地首笔供应链票据业务,中金在线
2021-08-31,兴业银行南京分行：全力保障疫情期间的金融服务不断档,中国金融新闻网
2021-08-31,支持住房租赁助力安居事业：兴业银行北京分行参与投资全国首单公共租赁住房类REITs,财经网
2021-08-31,万科拟发行20亿元中期票据，用于偿还两笔到期债券,乐居财经
2021-08-31,万科拟发行10亿中期票据 用于偿还2笔债券部分金额,观点地产网
2021-08-31,A股融资融券日报：两融余额增加60.16亿元（8月30日）,Wind
2021-08-31,绝味食品股份有限公司,中证报
2021-08-30,兴业银行(601166)：中间业务收入大幅提升 资产质量继续改善,新浪
2021-08-30,由子变孙，保利发展退出锦雍置业100%股权,乐居财经
2021-08-30,福耀玻璃(03606)完成发行2021年度第五期超短期融资券,智通财经
2021-08-30,铜陵建投集团拟发行7亿元270天超短期融资券,观点地产网
2021-08-30,为满足公司经营发展需要，华联电子拟向银行申请6000万元综合授信,资本邦
2021-08-30,兴业银行：净利增23.08%，凸显转型效果,金融界
2021-08-30,A股融资融券日报：两融余额减少35.45亿元（8月27日）,Wind
2021-08-30,兴业银行计提拨备379亿降8%回归常态 转型加速财富银行收入116亿增逾22%,新浪
2021-08-30,偏爱金融股，“长线资金”布局路线图浮现,Wind
2021-08-28,兴业新任董事长吕家进携管理层最全阵容亮相，透露哪些信号？,21世纪经济报道
2021-08-28,【银河银行张一纬】公司点评丨兴业银行 (601166)：中收贡献度提升，资产质量持续优化,中国银河证券研究
2021-08-28,8月27日242只个股获券商关注，包钢股份目标涨幅达131.33%,每日经济新闻
2021-08-28,延伸链上服务 兴业银行首批推出供应链票据业务,中国金融新闻网
2021-08-28,平安证券维持兴业银行强烈推荐评级：利润强劲增长，财富管理转型加速,每日经济新闻
2021-08-28,天风证券维持兴业银行买入评级：绿色金融大有可为，目标价25.69元,每日经济新闻
2021-08-28,擦亮“三张名片”拥抱数字化转型 兴业银行苏州分行党建引领生态经营新模式,大众证券报
2021-08-28,昌吉银保监局：对中国人民财险昌吉州分公司下属机构昌吉市支公司作出行政处罚，罚款12万元,Wind
2021-08-27,服务国家战略 兴业银行深圳分行为数字经济发展注入金融动能,奥一网
2021-08-27,中国银河维持兴业银行推荐评级：中收贡献度提升，资产质量持续优化,每日经济新闻
2021-08-27,晚间要闻2021年8月27日星期五,Wind
2021-08-27,迈进8万亿元大关，兴业银行未来怎么干？董事长吕家进直言：保持战略定力，一张蓝图绘到底,中国证券网
2021-08-27,法国兴业银行：英镑兑美元升破1.3800后料强劲反弹,理财18
2021-08-27,兴业银行宽窄巷子信用卡在蓉首发,金融投资报
2021-08-27,13家银行签署绿色金融《负责任银行原则》，大银行半数缺席,Wind
2021-08-27,安信证券维持兴业银行买入评级，兴业银行2021年中报点评：利润高增长，不良持续“双降”,每日经济新闻
2021-08-27,英镑/美元：若升破1.3800，将出现更大反弹行情-法国兴业银行,理财18
2021-08-27,央行再次提醒虚拟币风险，将持续打击相关交易炒作活动,Wind
2021-08-27,兴业银行重庆分行： 永葆为民初心 真诚服务群众,上游新闻
2021-08-27,服务高新区 兴业有力量 ——兴业银行重庆高新支行正式开业,上游新闻
2021-08-27,兴业银行排名升至第19位 首次跻身全球银行20强,中投网
2021-08-27,兴业银行(601166)半年报点评：利润强劲增长 财富管理转型加速,新浪
2021-08-27,兴业银行青岛分行使用数字芯片破解养殖户贷款难、担保难问题,RFID世界
2021-08-27,兴业银行中报登场：净利增速重回两位数，三张名片表现亮眼,资本邦
2021-08-27,兴业基金上半年实现净利润2.07亿元 兴业银行持有90％股权,金融界
2021-08-27,A股融资融券日报：两融余额增加5.84亿元（8月26日）,Wind
2021-08-27,详解兴业银行21年中报：优异资产质量夯实安全边际，企业活期快增长，财富管理发力【中泰银行·戴志锋/邓美君/贾靖】,传统借贷vs新型金融
2021-08-27,净利润同比增长23% 兴业银行上半年总资产破8万亿元,上证报
2021-08-27,兴业银行上半年实现净利润401.12亿元,中国金融新闻网
2021-08-27,山东中锐产业发展股份有限公司2021半年度报告摘要,证券时报
2021-08-26,兴业银行上半年个人住房贷款比例保持高位，人均薪酬又涨3万多,AI财经社
2021-08-26,总资产破 8 万亿！兴业银行净利润增长 23% 不良率创新低,ZAKER
2021-08-26,兴业银行上半年净利润401亿元增长23%，“不良”双降,澎湃新闻
2021-08-26,FOF产品测评（一）丨四维度盘点养老目标日期FOF趋势：华夏、汇添富、交银录得业绩“三甲”能否延续优势？,21世纪经济报道
2021-08-26,兴业银行：营收同比增长8.94%至1089.55亿元|中报快讯,乐居财经
2021-08-26,晚间重要公告2021年8月26日星期四,Wind
2021-08-26,银泰黄金：为控股子公司银泰盛鸿供应链管理有限公司及其全资子公司提供担保 大额借贷担保,每日经济新闻
2021-08-26,天齐锂业：控股股东将其持有的0.88%公司股份质押给兴业银行,Wind
2021-08-26,时隔7年，兴业银行半年度净利润重现双位数增长,第一财经
2021-08-26,兴业银行上半年净利润401.12亿元 理财、零售财富代销类手续费同比增长43.99%,北京商报
2021-08-26,兴业银行：上半年净利润同比增长23.08%,Wind
2021-08-26,兴业银行上半年总资产破8万亿元 净利润同比增长23%,上证报
2021-08-26,美元/日元：最终将升破112-法国兴业银行,理财18
2021-08-26,兴业银行上半年实现净利润同比增长23% 不良现“双降”,财联社
2021-08-26,兴业银行上半年净利401亿元资产突破8万亿，“三张名片”展现良好开局,中华网
2021-08-26,兴业银行(601166.SH)：上半年归母净利增23.08%至401.12亿元,格隆汇
2021-08-26,兴业银行半年报：上半年净利润401亿元 同比增长23%,财联社
2021-08-26,兴业银行半年报：上半年净利润401.12亿元同比增长23.08%,Wind
2021-08-26,兴业银行苏州分行“两优一先”展风采 探索党政企联建共建新模式,大众证券报
2021-08-26,锚定碳达峰、碳中和 兴业银行上半年绿色金融融资余额较年初增长11%,中证网
2021-08-26,“20兴业银行永续债”8月26日17时20分发生价格异动,Wind
2021-08-26,临沂城建拟发行12亿元中期票据，期限为3年,乐居财经
2021-08-26,青岛啤酒业绩显着超过疫情前水平，社保基金、北上资金大举增持！,新浪
2021-08-26,兴业银行落地全国首单公开发行革命老区债,财经网
2021-08-26,A股融资融券日报：两融余额增加45.62亿元（8月25日）,Wind
2021-08-25,皓元医药公布半年报 上半年净利增加110.23%,新浪
2021-08-25,青岛城建拟发行20亿元中期票据，期限为5年,乐居财经
2021-08-25,羚锐制药(600285.SH)大股东羚锐集团质押750万股,智通财经
2021-08-25,兴业银行推出“投联贷” 破冰科创企业融资难题,三秦都市报
2021-08-25,兴业银行兴车融平台 智能出款首笔落地,新浪
2021-08-25,鉴于公司发展需要，源启科技向银行申请综合授信1000万元整,资本邦
2021-08-25,兴业银行泸州分行做好汛期安全生产工作,金融投资报
2021-08-25,A股融资融券日报：两融余额增加68.17亿元（8月24日）,Wind
2021-08-25,早读拾光（8.25）丨温州严厉打击二手房抱团涨价 东莞出台“三限房”试点方案,和讯
2021-08-24,"产能建筑助力实现碳中和,绿色金融支持绿色建筑的痛点和障碍分析",搜狐
2021-08-24,银行机构微博影响力哪家强？浦发银行跌出前十,新浪
2021-08-24,兴业银行与山东省政府加强基建、产业转型升级、绿色金融等合作,证券时报网
2021-08-24,兴业银行拉萨分行：为西藏经济高质量发展赋能,中国金融新闻网
2021-08-24,A股融资融券日报：两融余额增加174.98亿元（8月23日）,Wind
2021-08-24,银行业分析步骤——招行、兴业对比,新浪
2021-08-24,挺进200强兴业银行晋级世界500强第196位,长江商报
2021-08-24,东方臻善纯债债券型证券投资基金基金份额发售公告,证券时报
2021-08-23,【银华基金】交易日报2021-08-23,新浪
2021-08-23,上海新旧房贷利率切换，有人被卡在中间地带,第一财经
2021-08-23,兴业银行、兴业基金共推能源革新主题基金,证券日报网
2021-08-23,2021年上半年中国绿色债券市场回顾与展望,第一财经
2021-08-23,银行本周聚焦：8家银行中报业绩如何？承销规则修订有何影响？,新浪
2021-08-23,银行业：银行信贷量价走弱 半年度业绩表现亮眼,新浪
2021-08-23,深度*行业*银行业周报：7月经济数据低于预期 稳增长与防风险并重,新浪
2021-08-23,2021年中国理财市场现状与发展趋势分析 稳中向好、投资助力实体经济发展【组图】,前瞻研究院
2021-08-23,兴业银行落地全国首单湿地碳汇贷,大众证券报
2021-08-23,胶州城投拟发行10亿元中期票据，期限为3年,乐居财经
2021-08-23,9月银行策略：经济下行期 坚守优质银行,新浪
2021-08-23,由子变孙，保利发展退出锦雍置业100%股权,乐居财经
2021-08-23,明令当做耳旁风 多家大行被央妈爆锤 数张大额罚单集中公示,证券之星
2021-08-23,金融监管政策周报（8.16-8.22）：规范信用债市场,Wind
2021-08-23,银行业投资观察：中报乐观 经营稳定,新浪
2021-08-23,央行再出重拳，5大行被罚1541万，所为何因？,Wind
2021-08-23,机构对银行股分歧在哪？险企减持，顶流基金经理加仓银行股 减持股份,金融界
2021-08-23,早知道·财讯热搜榜TOP10（8月23日）,新华网
2021-08-23,A股融资融券日报：两融余额减少45.91亿元（8月20日）,Wind
2021-08-23,央行再度重拳出击 5家大行被罚1541万所为何因？,券商中国
2021-08-23,上半年超九成投资者购买了净值型理财产品 银行理财投资者超6000万,楚天都市报
2021-08-23,兴业银行荣获2021年 “亚洲地区最佳数字化财富规划私人银行奖”,长江商报
2021-08-23,机构博弈：银行股投资价值现分歧,中证网
2021-08-22,央行重罚5家银行：建设银行被罚388万 华夏银行被罚486万 金融监管处罚,新浪
2021-08-22,剑指信用信息管理不善等 建设银行等5家银行领罚单,新浪
2021-08-22,市场波动风险提升 两家银行上调“炒金炒银”保证金比例,北京商报
2021-08-22,交行建行华夏银行兴业银行邮政银行被处罚！涉违规信息采集等 金融监管处罚,奥一网
2021-08-22,罚款合计1541万 央行出手，邮储、建行、交行、华夏、兴业银行被罚,中华网
2021-08-22,违反信用信息采集等规定 兴业银行被央行罚款5万 金融监管处罚,中华网
2021-08-22,违反账户管理相关规定 邮储银行被央行罚款600万 5人同时被罚,中华网
2021-08-21,因信用信息采集等违规，4家银行合计被央行罚款1153万元 金融监管处罚,澎湃新闻
2021-08-21,多空博弈，机构对银行股分歧在哪？,Wind
2021-08-21,多空博弈！知名险资减持，基金大幅加仓，贝莱德增持，银行股分歧到底在哪？ 减持股份,中证报
2021-08-21,五家银行被央行罚款合计1541万元 涉及违反信用信息采集等案由 金融监管处罚,上证报
2021-08-21,罚款总额1588万元！央行开出11张罚单，涉及5家银行 金融监管处罚,中国银行保险报
2021-08-21,安徽首单“绿创组合贷款”用于芜湖繁昌海创水泥窑综合利用固废项目,安徽新闻网
2021-08-21,深圳劲嘉集团股份有限公司 2021年前三季度业绩预告,证券日报
2021-08-20,兴业银行：拟发行不超500亿元A股可转债获批,北京商报
2021-08-20,【银华基金】交易日报 2021-08-20,新浪
2021-08-20,违反账户管理相关规定！建行等5家银行被央行罚没1541万！ 金融监管处罚,新浪
2021-08-20,兴业银行大连分行为大连热电集团提供上门开卡暖心服务,中国金融新闻网
2021-08-20,兴业银行：获准发行不超过500亿元可转债,财经网
2021-08-20,兴业银行(601166.SH)发行A股可转债获中国银保监会批复,智通财经
2021-08-20,北向资金6年来首次连续两日净卖出超百亿，贵州茅台、五粮液、恒瑞医药遭惨烈抛售,Wind
2021-08-20,碧桂园?美好中国ESG100指数完成2021年度调仓,新浪
2021-08-20,A股融资融券日报：两融余额减少15.59亿元（8月19日）,Wind
2021-08-20,北向资金动向盘点：净买多只券商股,Wind
2021-08-20,早读拾光（8.20）丨半年业绩密集发布 银亿股份获监管函,和讯
2021-08-20,盘前情报丨A股十年来最大IPO登场；碳达峰再迎重磅利好,21世纪经济报道
2021-08-20,文件起草人解读央行首批绿色金融标准：4类机构强制披露,Wind
2021-08-20,创8月新高，北向资金出逃107.83亿元！这些行业板块被大幅抛售,21世纪经济报道
2021-08-20,兴业银行捐款1000万元 支持河南灾后重建和疫情防控,长江商报
2021-08-20,东北证券股份有限公司,中证报
2021-08-19,【银华基金】交易日报 2021-08-19,新浪
2021-08-19,绿金新闻 | 中国首批绿色金融标准发布,中央财经大学绿色金融国际研究院
2021-08-19,光大银行中高层变阵：副行长曲亮不再兼任北京分行行长 常务副行长王罡接棒,新浪
2021-08-19,上海清算所推出外汇交易双边清算服务，引领外汇清算新业态,Wind
2021-08-19,北向资金年内第三次单日净卖出超百亿，中国平安遭大幅抛售超18亿,Wind
2021-08-19,反转！量化对冲策略产品一改年初颓势，包揽混合类产品冠亚军，下半年配置价值如何？丨机警理财日报（8月19日）,21世纪经济报道
2021-08-19,7 月黄金成交大降 54%！兴业银行两度限制个人贵金属业务，全面收紧信号？,ZAKER
2021-08-19,兴业银行两度限制个人贵金属业务：7月黄金成交大降54% 全面收紧信号？,时代周报
2021-08-19,福建区域股市周报：厦门钨业跌出板块市值10强 厦工股份跌20.00%跌幅第一,每日经济新闻
2021-08-19,2021兴业银行JFC青锦赛“植树造林 固碳减排” 公益捐赠仪式在京举行,财经网
2021-08-19,低碳发展动力增,中国县域经济报
2021-08-19,兴业银行北京分行落地首个教育云平台项目,财经网
2021-08-19,华融利好提振投资级债市 高收益恒大领跌仍走弱,新浪
2021-08-19,A股融资融券日报：两融余额增加49亿元（8月18日）,Wind
2021-08-19,支持普惠小微 兴业银行天津分行深入开展中小微企业金融服务能力提升工程,中国金融新闻网
2021-08-19,兴业银行天津分行落地首单北金所乡村振兴债权融资计划,中国金融新闻网
2021-08-19,兴业银行武汉分行 捐赠防疫物资助力一线抗疫,长江商报
2021-08-18,兴业银行青岛分行落地全国首单湿地碳汇贷,凤凰网
2021-08-18,【银华基金】交易日报 2021-08-18,新浪
2021-08-18,鲁政委：高杠杆如何影响利率水平,新浪
2021-08-18,6家银行新增百亿授信，苏宁易购新战略再获资金支持,Wind
2021-08-18,兴业银行乌鲁木齐分行普惠贷款助力小微企业稳发展,金融界
2021-08-18,丰富绿色财富产品货架 兴业银行、兴业基金共推能源革新主题基金,中金在线
2021-08-18,2021年中国中小银行金融科技市场发展现状分析 技术与业务融合度有待加深【组图】,前瞻研究院
2021-08-18,共植希望，JFC青锦赛“植树造林 固碳减排”公益捐赠仪式在京举行,凤凰网
2021-08-18,仁东控股实控人霍东被列失信 拒不履行文书确定义务 关联方问题,中国经济网
2021-08-18,“废太子”实名举报父亲，双汇、万州国际股价大跌,Wind
2021-08-18,兴业银行股价涨5.1% 现报19.33元,乐居财经
2021-08-18,银行股集体走强，招商银行涨近5%,Wind
2021-08-18,持续优化发展环境 广州助力跨境电商发展,中国商报
2021-08-18,A股融资融券日报：两融余额减少125.59亿元（8月17日）,Wind
2021-08-18,“六朵云”构建小微服务新生态 兴业普惠云平台上线,大众证券报
2021-08-17,还款不及时，银行客户经理提醒反被投诉！,丁丁创e
2021-08-17,招商银行代销信托违约后续：地产大调控，这些涉房信托或成“烫手山芋”,时代在线
2021-08-17,银行机构微博影响力哪家强？广发银行跌出前十,新浪
2021-08-17,兴业银行上海彭浦支行成功拦截可疑电信诈骗 守护客户资产30万元,中国金融新闻网
2021-08-17,旗下11只基金年内收益率告负 西部利得超三成产品规模不足2亿元,金融界
2021-08-17,温州启动绿色工厂星级评定工作,钢企网
2021-08-17,兴业银行上调个人客户贵金属延期合约交易保证金比例,中华网
2021-08-17,兴业银行发布调整代理贵金属买卖业务延期合约个人客户交易保证金率公告,新浪
2021-08-17,兴业银行关于调整代理贵金属买卖业务延期合约个人客户交易保证金率的公告：Au（T+D）、mAu（T+D）、Au（T+N1）和Au（T+N2）合约的交易保证金率从16.5%调整为17%，Ag（T+D）合约,金十数据
2021-08-17,2021年中国中小企业融资市场现状分析 中小银行融资支持更持续,前瞻研究院
2021-08-17,兴业银行大连分行支持大连PPP模式污水处理项目建设,中国金融新闻网
2021-08-17,经营贷炒房？广佛银行收13张巨额罚单，机构和个人一起罚 金融监管处罚,南都报
2021-08-17,A股融资融券日报：两融余额增加8.88亿元（8月16日）,Wind
2021-08-16,陈光明旗下新品狂卖至少110亿，最新投资动向大曝光,Wind
2021-08-16,8万亿兴业银行业务经理催款怒怼客户 嫌客户还款习惯不好,新浪
2021-08-16,8万亿兴业银行业务经理催款怒怼客户：你给我增加了多少负担！,新浪
2021-08-16,证监会中止审查荣盛发展30亿元住房租赁专项公司债申请丨区域金融要参,21世纪经济报道
2021-08-16,银保监会半个月开出178张涉房罚单丨区域金融要参 金融监管处罚,21世纪经济报道
2021-08-16,平安不动产拟发行17亿元中期票据，利率区间3%-4%,乐居财经
2021-08-16,遭立案调查后仁东控股再现风波 实际控制人霍东被列失信 董监高成员异常事件,新京报
2021-08-16,嫌弃客户还款习惯不好 太原兴业银行员工怼客户,新浪
2021-08-16,A股融资融券日报：两融余额减少36.53亿元（8月13日）,Wind
2021-08-14,内蒙古第一机械集团股份有限公司关于部分募集资金理财产品到,证券时报
2021-08-14,两融跑步入场周增200亿，宁德582亿定增机构高喊买入,Wind
2021-08-14,银行行业本周资金流入榜：12股净流入资金超亿元,证券时报网
2021-08-14,浙江洁美电子科技股份有限公司,中证报
2021-08-13,54家上市银行PK：工行科技投入最多 建行普惠余额最高,新浪
2021-08-13,兴业银行青岛分行助力全国首个“零碳社区”建设,中证网
2021-08-13,54家上市银行PK：邮储零售营收占比最大 工行科技投入最多,银行业协会
2021-08-13,银行行业：7月新增社融低于预期 居民和企业信贷投放走弱,新浪
2021-08-13,华电永安发电公司：用好用能权指标 绿色融资促增收,我的煤炭网
2021-08-13,银行业：银行业上半年利润高增 看好中报业绩催化,新浪
2021-08-13,A股融资融券日报：两融余额增加73.91亿元（8月12日）,Wind
2021-08-12,兴业普惠云平台构建小微服务新生态,经济日报
2021-08-12,“六朵云”构建小微服务新生态 兴业普惠云平台上线,和讯
2021-08-12,广东重罚贷款违规流入房地产,金融界
2021-08-12,再出手！交易商协会发文，将进一步加强债券承销报价规范,资本邦
2021-08-12,A股融资融券日报：两融余额增加75.25亿元（8月11日）,Wind
2021-08-12,一封手写的表扬信 ——贴心适老服务，兴业银行天津分行为老年人办实事,中国金融新闻网
2021-08-12,整个金融圈都惊呆了！杀价太惨烈，600亿元的大项目只收6万元服务费，投行精英们图个啥？,每日经济新闻
2021-08-12,银行角度看7月社融：季节过度月，下半年看项目贷款与居民消费贷【中泰银行·戴志锋/邓美君/贾靖】,传统借贷vs新型金融
2021-08-12,"还敢低价恶性竞争吗？债券承销商被戴""紧箍咒""，费率过低或遭现场检查",券商中国
2021-08-11,7月金融数据点评：7月金融数据的几个信号,新浪
2021-08-11,7月网络影响力榜单｜兴业银行喜提探花；中国太保升至第四,中国银行保险报
2021-08-11,西水股份被*ST后首份财报：净利0.95亿为两年来首度盈利，兴业银行分红贡献1亿,搜狐
2021-08-11,南京冠石科技股份有限公司首次公开发,证券时报
2021-08-11,兴业银行今日大宗交易成交13万股，成交价18.0元折价3.95%,Wind
2021-08-11,太卷了！又现“地板价”，申万宏源600亿金融债承销仅收6万承销费,Wind
2021-08-11,兴业银行现1笔大宗交易 共成交234.00万元,新浪
2021-08-11,*ST西水上半年实现扭亏 持股兴业银行获逾亿元分红,e公司
2021-08-11,*ST西水：上半年营业收入1.03亿元，同比降96.31%｜中报快讯 盈利能力下降,乐居财经
2021-08-11,北向资金今日净卖出超28亿元，白酒股持续惨遭抛售,Wind
2021-08-11,固收明辨系列四：新规之下 现金管理类产品如何腾挪？,新浪
2021-08-11,债券承销又现“地板价”：广发银行600亿金融债，申万宏源仅收6万元,第一财经
2021-08-11,兴业银行荣获2021年“亚洲地区最佳数字化财富规划私人银行奖”,搜狐
2021-08-11,中欧财富：上半年爆红的“固收+”成绩如何？结论来了,新浪
2021-08-11,兴业银行发文：加强信用卡管理,搜狐
2021-08-11,大牛股连续跌停，地产股大爆发，机构资金建仓股曝光,Wind
2021-08-11,29家商业银行入围二季度基金代销机构公募基金销售保有规模100强,中国网
2021-08-11,A股融资融券日报：两融余额增加29.47亿元（8月10日）,Wind
2021-08-11,盘前情报丨逾4000亿元增量资金有望驰援A股；社保基金大比例重仓这些股（名单）,21世纪经济报道
2021-08-11,快讯 | 绝味食品及其子公司购买兴业银行共2.16亿元理财产品，预计收益195.93万元,财经网
2021-08-11,北向资金动向盘点：白酒反弹时净卖茅台、老窖,Wind
2021-08-11,北向资金净买入机械行业逾12亿元，继续增持三一重工（附股）,21世纪经济报道
2021-08-11,银行业利润同比高增11%，资产质量保持优异——银保监会2季度数据点评【中泰银行·戴志锋/邓美君/贾靖/姚煜波】,传统借贷vs新型金融
2021-08-11,银保监会2季度数据点评：银行业利润同比高增11% 资产质量保持优异,新浪
2021-08-10,绿色金融盘活企业碳资产：多地首笔碳排放配额质押贷款落地,华夏时报
2021-08-10,兴业银行发布信用卡警示，打击虚拟交易！,新浪
2021-08-10,银行机构微博影响力哪家强？中信银行跌出前十,新浪
2021-08-10,北向资金尾盘加速进场连续2日净买入，白酒股强势反弹但仍遭外资抛售,Wind
2021-08-10,央行揭秘碳减排工具：支持重点领域、可计算碳减排量、可验证真实性,21世纪经济报道
2021-08-10,银行业2021年二季度货币政策执行报告点评：央行担忧经济增长动能的可持续性 稳增长措施提前布局,新浪
2021-08-10,板块异动丨信贷需求旺盛 银行板块再度拉升,智通财经
2021-08-10,北京金融法院：明确加强对金融领域法定数字货币、数据等新型权益的保护,Wind
2021-08-10,*ST众泰再被限制高消费，曾被8次“限高”,乐居财经
2021-08-10,银行周报：估值历史最低 触底反弹可期,新浪
2021-08-10,零售银行鏖战银行APP,I黑马
2021-08-10,河北三方共签碳金融碳服务战略合作协议,中国环境报
2021-08-10,兴业银行石家庄分行与河北省生态环境厅战略合作签约,新浪
2021-08-10,兴业银行入选联合国《企业碳中和路径图》代表企业案例,新浪
2021-08-10,银行角度看央行2季度货币报告：结构和利率维度拆解6月贷款利率环比下降,新浪
2021-08-10,挂羊头卖狗肉 万家新机遇缘何变成“万家金融”,产业经济信息
2021-08-10,A股融资融券日报：两融余额增加71.84亿元（8月9日）,Wind
2021-08-10,北向资金动向盘点：重手净卖“电力设备新能源”,Wind
2021-08-10,点绿成金 兴业银行在鄂累计 投放2000亿信贷扮靓青山绿水,长江商报
2021-08-10,银行股要开始反弹了吗?机构：已有资金悄然布局,财富动力网
2021-08-10,北向资金增持食品饮料、医药、券商板块，买入酱茅，大幅出逃这些股（名单）,21世纪经济报道
2021-08-10,A股“气温”波动，热门股遇冷“银地保”回暖,Wind
2021-08-09,结构和利率维度拆解6月贷款利率环比下降——银行角度看央行2季度货币报告【中泰银行·戴志锋/邓美君/贾靖】,传统借贷vs新型金融
2021-08-09,多地银保监局开大额罚单 数家银行信贷资金违规入楼市被罚 金融监管处罚,每日经济新闻
2021-08-09,银行股集体反弹！短期行情要来了？,Wind
2021-08-09,多地银保监局开大额罚单 数家银行因信贷资金违规入楼市被处罚 金融监管处罚,每日经济新闻
2021-08-09,票贩子行贿行长、私刻“萝卜章”，两银行五年拉锯战落槌,中新经纬
2021-08-09,兴业银行升级个人外汇服务,金融界
2021-08-09,超八成银行股“破净” 分析师喊出龙头60%以上空间,第一财经
2021-08-09,超八成“破净”，A股压舱石板块绝地反击？10股市盈率不到5倍，分析师喊出龙头60%以上空间,证券时报网
2021-08-09,严重侵害消费者合法权益！不到一年兴业银行两次遭监管点名通报 金融监管处罚,新浪
2021-08-09,因对助贷机构收费管理不严，上海银行收到行业首张罚单，助贷监管“动真格” 金融监管处罚,新浪
2021-08-09,河北省政银企开展碳金融碳服务战略合作,经济日报
2021-08-09,河北省首笔碳排放配额质押贷款落地,中国能源网
2021-08-09,线上一站通办 兴业银行个人外汇服务全新升级,河南商报
2021-08-09,巨丰午评：沪指涨0.9% 大金融板块集体护盘,巨丰财经
2021-08-09,解盘：权重白马爆发，食品、水泥、家电、保险领涨,Wind
2021-08-09,西安政银携手推动老旧小区维修资金补建工作,新浪
2021-08-09,吕家进正式担任兴业银行董事长，“同业之王”转型路漫漫？,中访网
2021-08-09,河北省碳金融碳服务战略合作签约仪式在石家庄举行,河北日报
2021-08-09,板块异动 | 市场流动性稳定 银行股集体反弹,智通财经
2021-08-09,兴业银行股价涨5.0% 现报18.43元,乐居财经
2021-08-09,A股融资融券日报：两融余额增加8.43亿元（8月6日）,Wind
2021-08-09,兴业银行西安分行：加强疫情防控 全力保障金融服务,三秦都市报
2021-08-09,多家银行收紧贵金属交易 仍慑于“原油宝”余威？,新浪
2021-08-08,估值在“地板上摩擦”，钱存银行还是买银行股？,中证报
2021-08-08,12张罚单1090万元！广东4家银行因信贷资金违规流入楼市受重罚 金融监管处罚,新浪
2021-08-08,一财首席调研：8月信心指数52.28 贸易顺差超经济学家预期,第一财经
2021-08-08,海通固收：关注煤炭、钢铁等过剩产业债投资机会,珮珊债券研究
2021-08-08,银行行业周报：社融投放趋于集中 关注全行业H1数据披露,新浪
2021-08-07,银行风险偏好趋降、经营环境改善，惠誉上调5家中资股份行生存力评级,华夏时报
2021-08-07,信贷资金违规流入楼市，兴业招行等4家银行被罚千万元 金融监管处罚,奥一网
2021-08-07,宁德市人社领域相关待遇代发协议正式签约,东方网
2021-08-07,银行股现止跌迹象，已有资金悄然布局,Wind
2021-08-07,围堵经营贷流入房地产，各地监管溯源严查开罚单,Wind
2021-08-07,广州首发多项金融配套服务，解决跨境电商企业“融资难”“结汇难”,新快报
2021-08-06,兴业国际信托投资无锡科宸房产，牵手金科股份,乐居财经
2021-08-06,广州发布全国首个RCEP跨境电商专项政策，聚焦解决跨境电商“融资难”“结汇难”,21世纪经济报道
2021-08-06,天津普林(002134.SZ)：拟向银行申请综合授信额度不超1.7亿元,格隆汇
2021-08-06,国际评级机构上调5家中资行生存力评级，什么信号？中小银行评级出现分化,券商中国
2021-08-06,爆表！从中至美的运费暴涨至近30年最高,Wind
2021-08-06,兴业银行荣获2021年“亚洲地区最佳数字化财富规划私人银行奖”,南都网
2021-08-06,A股融资融券日报：两融余额增加49.65亿元（8月5日）,Wind
2021-08-06,涉案上亿元的“萝卜章”官司打了5年 两家银行被票据中介坑惨,上证报
2021-08-06,电连技术(300679.SZ)：拟向兴业银行申请综合授信额度3亿元,格隆汇
2021-08-06,【银河银行张一纬】行业点评丨银行基金代销数据点评—保有规模领先，竞争加剧促进业务模式转型,中国银河证券研究
2021-08-06,期现货重回强势，资金平稳偏松，10年国债收益率盘中再破2.8%｜债市综述,Wind
2021-08-05,福建省创新林业碳汇金融产品,腾讯网
2021-08-05,福建区域股市周报：板块总市值跌1201亿 立达信跌28.19%跌幅第一,每日经济新闻
2021-08-05,海外信用评级汇总2021年8月5日星期四,Wind
2021-08-05,惠誉：上调兴业银行的长期发行人违约评级至“BBB”，展望稳定；上调其生存力评级至“b+”,Wind
2021-08-05,兴业银行捐款1000万元支持河南灾后重建和疫情防控,财经网
2021-08-05,银行行业点评：今年银行资本补充有哪些新变化？,新浪
2021-08-05,兴业银行现1笔大宗交易 共成交258.39万元,新浪
2021-08-05,高盛：降农行(1288.HK)目标价至2.81港元 评级沽售 机构下调估值,格隆汇
2021-08-05,1元法拍房牵出大案！民泰银行一副行长私刻公章骗43亿 百万房产八折卖出,AI财经社
2021-08-05,2021年头部银行这样引爆对公业务增长,中国电子银行网
2021-08-05,超燃！60秒见证全球银行的中国力量,21世纪经济报道
2021-08-05,兴业银行沈阳分行加速推进绿色票据业务发展步伐,经济网
2021-08-05,海垦集团发行8亿元全国首单乡村振兴公司债,证券导报
2021-08-05,消费信贷市场一片蓝海 贷款被用于炒股购房多家银行领罚单 金融监管处罚,投资快报
2021-08-05,A股融资融券日报：两融余额增加114.45亿元（8月4日）,Wind
2021-08-05,数字化释放生产力 兴业银行普惠型个人经营贷增近五成,长江商报
2021-08-05,财信证券银行业2021年8月月度报告：房贷增速持续下降，板块低估值有望修复,财信证券研究
2021-08-04,最新！银行App月活排行榜 工行农行建行位列前三,新浪
2021-08-04,[路演]*ST西水：已收到兴业银行2020年分红 计入经常性收益,全景网
2021-08-04,信用卡业务成投诉“重灾区” 一季度哪些银行被投诉最多？,奥一网
2021-08-04,兴业银行手机银行正式接入鸿蒙原子化服务,大众证券报
2021-08-04,兴业银行“芝麻开花·兴投资”平台为高新企业融资搭台唱戏,大众证券报
2021-08-04,因违规办理福费廷业务，兴业银行武汉分行被罚25万 金融监管处罚,中华网
2021-08-04,兴业银行厦门分行与厦门市政集团有限公司签订战略合作协议,厦门网
2021-08-04,发挥财政资金杠杆作用 助力清洁项目发展壮大,钢企网
2021-08-04,A股融资融券日报：两融余额减少19.26亿元（8月3日）,Wind
2021-08-03,鲁政委：疫情推高的出口份额会有持久性吗？,新浪
2021-08-03,银行机构微博影响力哪家强？建设银行下降四名,新浪
2021-08-03,最新《财富》世界500强排行榜揭晓！传递了什么信号？,新浪
2021-08-03,兴业银行(601166.SH)：李祝用等就任董事,智通财经
2021-08-03,兴业银行入围《财富》500强，居国内上榜股份制银行第二！,证券之星
2021-08-03,违规办理福费廷业务！湖北三家银行武汉分行纷纷领罚 金融监管处罚,资本邦
2021-08-03,兴业银行北京分行开展暑期“金融小天使”现金宣传活动,财经网
2021-08-03,银行业：保有规模领先 竞争加剧促进业务模式转型,新浪
2021-08-03,20家中国银行保险机构上榜！《财富》世界500强揭晓,中国银行保险报
2021-08-03,12年赚超20亿！太保寿险又来减持银行股 套现9亿后又想抛售7个亿 啥原因？ 减持股份,券商中国
2021-08-03,恒大持续出售资产稳定市场情绪 美元债小幅反弹 资产异常,新浪
2021-08-03,太保寿险减持杭州银行股份 套现9亿后又想抛售7个亿 减持股份,券商中国
2021-08-03,【债券快讯】8月2日中资美元债一级市场发行1只债券；另有2家公司潜在发行,国元国际
2021-08-03,每日晨报-20210803,国元国际
2021-08-03,A股融资融券日报：两融余额增加141.8亿元（8月2日）,Wind
2021-08-03,商业银行行业：商业银行业日报,新浪
2021-08-03,“聪明钱”在买买买 险资却出手卖出？太保寿险再度减持杭州银行 减持股份,券商中国
2021-08-03,12年赚超20亿！这家险资又来减持银行股，套现9亿后又想抛售7个亿，啥原因？ 减持股份,券商中国
2021-08-03,降低投资风险，多家银行调整账户贵金属等业务,Wind
2021-08-02,挺进200强 兴业银行晋级世界500强第196位,中国金融新闻网
2021-08-02,2021年《财富》世界500强中国10家银行上榜：工行居首，排名全线上升,每日经济新闻
2021-08-02,鲁政委：未来碳价会持续上涨吗？,新浪
2021-08-02,南兴股份(002757.SZ)拟向银行申请不超1.5亿元综合授信额度,智通财经
2021-08-02,北向资金7月动向：重点进攻高景气成长制造主线，周期性行业遭抛售,Wind
2021-08-02,兴业银行15个季度蝉联普益综合理财能力榜首,上证报
2021-08-02,兴业银行及兴银理财净值型产品规模占比达84% 转型进度领先,中证网
2021-08-02,银行业投资观察：金融政策以稳应变,新浪
2021-08-02,《财富》杂志公布世界500强榜单 十家中资银行上榜,和讯
2021-08-02,兴业银行西安分行积极推进减费让利 服务市场主体发展,新浪
2021-08-02,丰光精密：向银行申请授信人民币1.3亿元，用于补充流动资金,资本邦
2021-08-02,银行行业研究周报：基金代销市场强者恒强 银行积极转型,新浪
2021-08-02,A股融资融券日报：两融余额减少7.74亿元（7月30日）,Wind
2021-08-01,银行业：政治局会议再提助力中小企业和困难行业,华安证券
2021-07-31,招行连发5则公告 个人账户交易类业务将迎来清退期？,经济观察报
2021-07-31,银行“套路深”？官方曝光“新套路”，存钱时注意了，要谨防中招,腾讯网
2021-07-30,"基金代销排名公布：蚂蚁非货基金规模破万亿 ""依样画葫芦""的银行沦至追赶地位？",新浪
2021-07-30,同业存单周报,新浪
2021-07-30,兴业银行入选联合国《企业碳中和路径图》代表企业案例,金融界
2021-07-30,兴业银行手机银行正式接入鸿蒙原子化服务,中金在线
2021-07-30,黄金赛道空中加油，逃离“茅指数”追高“宁组合”,Wind
2021-07-30,超1000亿元！两江新区累计发放绿色贷款余额占比超全市1/3,上游新闻
2021-07-30,A股融资融券日报：两融余额增加86.23亿元（7月29日）,Wind
2021-07-29,兴业银行“芝麻开花·兴投资”平台为高新企业融资搭台唱戏,财经网
2021-07-29,国开行首单“长江经济带发展”专题绿色金融债券点评：国开行引领绿色债券发展,新浪
2021-07-29,两江新区累计发放绿色贷款余额已超1000亿元占重庆市三分之一,搜狐
2021-07-29,内蒙古首单鸡饲料“银行+保险+期货”项目成功落地,兴业期货
2021-07-29,兴业银行惠州大亚湾支行正式开业,南方日报
2021-07-29,21Q2基金银行持仓有何变化？,Bank资管
2021-07-29,兴业银行南京分行全力支持抗疫抢险,大众证券报
2021-07-29,A股融资融券日报：两融余额减少160.85亿元（7月28日）,Wind
2021-07-29,又一只基金募集失败，年内累计16只,Wind
2021-07-29,又一只基金募集失败 年内累计16只 募集异常,全景网
2021-07-28,【银华基金】交易日报 2021-07-28,新浪
2021-07-28,普利制药：为全资子公司提供担保 大额借贷担保,Wind
2021-07-28,这两家银行宣布高层重要人事任命,金融时报
2021-07-28,解盘：盘面再陷低迷，钠离子电池、三胎、宁组合略涨,Wind
2021-07-28,【异动股】银行板块拉升，瑞丰银行(601528.CN)涨5.83%,财华社
2021-07-28,空缺22个月，兴业银行董事长终落定,时代在线
2021-07-28,板块异动 | 信贷高增+降准有助银行基本面改善 银行板块持续拉升,智通财经
2021-07-28,银行股奋力护盘，招商银行涨超3%,Wind
2021-07-28,【行情】银行股异动拉升，瑞丰银行一度拉升涨逾8%，招商银行、宁波银行、兴业银行、浦发银行等跟涨,金十数据
2021-07-28,银行业抢占碳金融市场推出配额抵押融资、碳中和债券等,证券日报
2021-07-28,什么情况？张坤、谢治宇逆势加仓一类股,Wind
2021-07-28,A股融资融券日报：两融余额减少114.87亿元（7月27日）,Wind
2021-07-28,最牛板块跌停潮，主力逆市抢筹股曝光,Wind
2021-07-28,二季度基金整体减持银行股：配置意愿下降 顶流基金经理加仓 减持股份,中证网
2021-07-27,什么情况？银行股遭公募基金减持 张坤却逆势加仓 减持股份,中证报
2021-07-27,银行机构微博影响力哪家强？交通银行下降三名,新浪
2021-07-27,兴业银行董事长吕家进的任职资格获核准,上证报
2021-07-27,晚间重要公告2021年7月27日星期二,Wind
2021-07-27,刚刚！这家银行董事长任职资格获批,丁丁创e
2021-07-27,官宣！8万亿股份行掌门人落定 吕家进就任兴业银行董事长,每日经济新闻
2021-07-27,ST辅仁：控股股东所持约2715.39万股已被司法划转至兴业银行 资产查封,财联社
2021-07-27,ST辅仁(600781.SH)：控股股东所持约2715.39万股已被司法划转至兴业银行 资产查封,格隆汇
2021-07-27,北向资金今日净卖出41.72亿元，贵州茅台遭净卖出逾10亿元,Wind
2021-07-27,线上购汇汇款竟能如此简单？兴业银行优化个人外汇系统，提高用户体验,陆家嘴金融网
2021-07-27,重磅！刚刚，兴业银行发布董事长任职公告,每日经济新闻
2021-07-27,官宣！兴业银行迎来新董事长，53岁吕家进任职资格获批,金融界
2021-07-27,中国银河维持银行业推荐评级：信贷高增+降准有助银行基本面改善，代销费率下调重塑理财业务格局,每日经济新闻
2021-07-27,吕家进自7月26日起就任兴业银行董事、董事长,中华网
2021-07-27,兴业银行：吕家进就任董事长,e公司
2021-07-27,兴业银行：中国银保监会已核准吕家进担任公司董事、董事长的任职资格,Wind
2021-07-27,全面推动股份制银行高质量可持续发展,Wind
2021-07-27,兴业银行重庆自贸区分行 贴近群众办实事 上门服务暖人心,上游新闻
2021-07-27,A股融资融券日报：两融余额减少6.08亿元（7月26日）,Wind
2021-07-27,北向资金净流出超百亿创年内新高，连续出逃京东方，抄底这些个股（名单）,21世纪经济报道
2021-07-27,北向资金动向盘点：净卖第一不是食品饮料，更不是医药,Wind
2021-07-27,固收深度报告：现阶段如何看银行转债？,新浪
2021-07-27,守护净水美化乡村 金融支持乡村人居环境改善调查,中国金融新闻网
2021-07-27,摩根大通：将兴业银行评级上调至超配,新浪
2021-07-27,福建傲农生物科技集团股份有限公司 前次募集资金使用情况的专项报告,证券日报
2021-07-26,2021年上半年债务融资额为44670亿元，绿色债务融资工具为1739亿元,21世纪经济报道
2021-07-26,权重砸盘，漂亮50创新低，发生了什么？,Wind
2021-07-26,银行行业研究周报：区域位置突出的城商行获基金逆势增持,新浪
2021-07-26,银河证券每日晨报,新浪
2021-07-26,银行财富管理“混战”：人才争夺硝烟再起,中国经营报
2021-07-26,银行行业研究周报：房贷利率上调 息差改善还远吗？,新浪
2021-07-26,福建投资集团成功赴澳发行首笔美元债,国资委
2021-07-26,A股融资融券日报：两融余额减少25.75亿元（7月23日）,Wind
2021-07-26,【银河晨报】7.26丨聚焦业绩催化下的高景气板块,中国银河证券研究
2021-07-25,中国银河给予银行业推荐评级：银行公募持仓占比回落，差异化品种和优质城商行机构偏好较强,每日经济新闻
2021-07-24,多家银行明天起免收ATM取现手续费,Wind
2021-07-24,银行业点评2021Q2公募基金持仓数据点评：银行公募持仓占比回落 差异化品种和优质城商行机构偏好较强,新浪
2021-07-24,中国股票的市盈率仍偏低，看清热门股、最差股基金最新持仓！,Wind
2021-07-24,争夺碳金融千亿市场 多家银行抵押信贷上线,中国经营报
2021-07-23,评级观察丨兴业银行获维持“AAA”评级首次跻身全球银行20强,和讯
2021-07-23,“16青国投MTN001”分期还本方案存变数，发行人提议延期5年兑付 本息展期,Wind
2021-07-23,2张图看清热门股、最差股中基金最新持仓！,Wind
2021-07-23,数字化释放生产力 兴业银行普惠型个人经营贷增加近五成,兴业银行
2021-07-23,中科通达登陆科创板背后的金融推手,兴业银行
2021-07-23,助力建设多彩贵州 兴业银行与贵州省政府签订新一轮绿色金融战略合作协议,大众证券报
2021-07-23,全国碳市场启动首日 兴业银行落地两笔碳排放配额质押融资业务,兴业银行
2021-07-23,兴业银行上海分行优化个人外汇系统 提高用户体验,中国金融新闻网
2021-07-23,A股震荡下行超46亿外资暂时撤离，新能源产业链股遭大幅抛售,Wind
2021-07-23,天齐锂业(002466.SZ)控股股东天齐集团质押2000万股及解质1824万股,智通财经
2021-07-23,【首席视野】兴业银行鲁政委：经济数据中隐藏的就业线索,和讯
2021-07-23,银行行业：公募持仓大幅下降 关注业绩预期修正带来的配置机会,广发证券
2021-07-23,A股融资融券日报：两融余额增加93.49亿元（7月22日）,Wind
2021-07-23,兴业银行资产托管护航 首批公募REITs上市,长江商报
2021-07-23,银行机构抢占碳金融先发优势,金融时报
2021-07-23,18家千亿顶流基金公司调仓释放重要信息,Wind
2021-07-22,深度*行业*银行业2季度持仓点评：重仓比例环比回落 关注银行中报行情,新浪
2021-07-22,广发银行为何要求恒大提前还贷,财经杂志
2021-07-22,北向资金连续4日“买买买”累计加仓超160亿，歌尔股份净买入额创逾7个月新高,Wind
2021-07-22,银行业2021H1公募基金银行股重仓情况点评：持仓环比回落 估值性价比高,新浪
2021-07-22,一笔结缘千里的乡村振兴贷款,和讯
2021-07-22,基金抱团50强出炉！顶流扎堆增持股曝光,Wind
2021-07-22,银行可以依靠信用卡业务年赚数百亿，巨额的利润有多少是靠套路持卡人获得的？,深水财经社
2021-07-22,重磅，基金抱团50强出炉！宁德时代成第二大重仓，顶流扎堆增持股曝光，持续高增长股仅10只,证券时报网
2021-07-22,主动偏股基金的银行持仓分析：21Q2基金银行持仓有何变化？,新浪
2021-07-22,银行行业21H金融板块持仓：东方财富获增持 多数个股遭减配,新浪
2021-07-22,谢治宇二季度调仓路线图：加码海尔智家，撤退中国平安，新进万华化学,21世纪经济报道
2021-07-22,A股融资融券日报：两融余额增加100.15亿元（7月21日）,Wind
2021-07-22,基金顶流压轴出场！仓位新低、重仓换血，未来咋走？,Wind
2021-07-22,张坤、萧楠等顶流集体加仓一个板块,Wind
2021-07-22,创纪录大赚近九千亿，公募基金二季报全透视！,Wind
2021-07-21,国内金融机构首次披露自身投融资活动碳足迹信息,南都报
2021-07-21,遭投诉、爆违规、业绩被碾压！百年交行怎么了？ 其他违规处罚,新浪
2021-07-21,工商银行信用卡成被投诉之王,新浪
2021-07-21,广发银行“逼债”恒大有道理吗？,财经杂志
2021-07-21,碳排放权价格连续多天上涨银行纷纷布局碳金融业务,财联社
2021-07-21,北向资金今日净买入31.17亿元，东方财富获净买入逾11亿元,Wind
2021-07-21,新能源半导体高歌猛进，20多个板块涨逾4%,Wind
2021-07-21,张坤等公募加仓银行股，能否跌出“黄金坑”？,Wind
2021-07-21,银行业迎来2大巨震，大行决战“中收”,Wind
2021-07-21,鲁政委：房地产投资变局,新浪
2021-07-21,A股融资融券日报：两融余额增加20.89亿元（7月20日）,Wind
2021-07-21,“植绿”江南 点石成金 探索绿色金融的浙江样本,中国金融新闻网
2021-07-21,北向资金动向盘点：继续买入医药，重回“新能源车”,Wind
2021-07-21,碳交易正式启航 银行碳金融迎风口,上证报
2021-07-21,多家银行遏制积分套利 信用卡羊毛难薅了,北京商报
2021-07-20,兴全谢治宇：万华化学、晶晨股份、芒果超媒新进前十大重仓股,澎湃新闻
2021-07-20,银行机构微博影响力哪家强？广发银行跌出前十,新浪
2021-07-20,遏制积分套利 多家银行调整信用卡积分规则 羊毛越来越难薅了,北京商报
2021-07-20,兴业银行营口分行开展2021年‘兴航程’“一把手”讲合规主题活动,经济网
2021-07-20,华润电力：拟以资产支持票据交易 转让20.05亿元可再生能源应收账款,北极星电力
2021-07-20,华润电力(00836.HK)：以资产支持票据交易转让可再生能源应收账款,格隆汇
2021-07-20,银行业定量测算：为什么LPR 报价维持不变？,光大证券
2021-07-20,碳市场建设的“福建经验”,北极星节能
2021-07-20,长荣股份：拟为子公司提供1000万元担保，生效后公司及子公司累计担保总额约30.03亿元 大额借贷担保,每日经济新闻
2021-07-20,访鲁政委：更好发挥碳市场价格发现作用 破解绿色发展外部性困境,金融时报
2021-07-20,近年银保监会官网都披露过哪些处罚案例？ 金融监管处罚,和讯
2021-07-19,嘉实基金王汉博最新持仓，重仓兴业银行（嘉实惠泽灵活配置混合型基金(LOF)）,证券之星
2021-07-19,兴业银行现2笔大宗交易总成交金额2529.41万元,证券时报网
2021-07-19,"兴业银行现2笔大宗交易 共成交2,529.41万元",新浪
2021-07-19,兴业银行今日大宗交易成交123.93万股，成交价20.41元溢价0.0%,Wind
2021-07-19,绿色金融助力高质量发展，我国绿色信贷规模位居世界第一,北京日报
2021-07-19,全球最大碳排放权交易市场开市 首日成交额逾2.1亿迎开门红,长江商报
2021-07-19,兴业基金管理有限公司关于终止兴业银行“兴业宝”渠道办理基金申购业务的公告,证券时报
2021-07-18,碳交易市场启动前夜 各类金融产品提前布局,每日经济新闻
2021-07-17,兴业信托入股仁铧房地产,乐居财经
2021-07-17,兴业银行落地福建省内首单蓝色债券,大众证券报
2021-07-17,碳中和之路迎新里程碑，全国碳交易市场正式启航,Wind
2021-07-16,兴业银行累计在湖北投放绿色金融信贷资金近2000亿元,证券时报网
2021-07-16,全国碳市场启动首日 兴业银行落地两笔碳排放配额质押融资业务,中国金融新闻网
2021-07-16,兴业银行武汉分行支持湖北绿色发展,新浪
2021-07-16,北向资金再度净卖出超41亿，新能源产业链股遭大幅抛售,Wind
2021-07-16,国内金融机构首次披露自身投融资活动碳足迹信息,中国金融新闻网
2021-07-16,点绿成金 兴业银行在鄂累计投放2000亿信贷扮靓青山绿水,财经网
2021-07-16,兴业银行大连分行供应链金融创新支持乡村振兴,中国金融新闻网
2021-07-16,助力上海2025年率先实现碳达峰目标 上海银行业保险业发布相关行动倡议书,上证报
2021-07-16,【行情】银行板块回调走弱，瑞丰银行跌超4%，齐鲁银行、厦门银行、兴业银行跟跌,金十数据
2021-07-16,策略日报：指数低开高走 钢铁板块领涨,新浪
2021-07-16,科创板引入做市商制度！北上资金净买入124亿，发生了什么？,Wind
2021-07-16,A股成交额连续11个交易日超万亿,Wind
2021-07-15,主力资金29亿元抄底银行股，机构看好这些个股,第一财经
2021-07-15,全面降准落地之日，银行股反击！有人借道ETF提前布局,中证报
2021-07-15,浦发银行行长等高管共购入逾43万股自家股票，承诺锁定两年,澎湃新闻
2021-07-15,业绩预期向好又迎降准！银行股全线“飘红”：瑞丰银行涨停，多股涨超4%,每日经济新闻
2021-07-15,大幅净卖出后124亿外资重新杀回A股，金融、白酒等大蓝筹获抢筹,Wind
2021-07-15,北上资金杀回马枪净买入124亿，发生了什么？,Wind
2021-07-15,360借条APP遭下架；湖北、海尔消费金融入局小微；持牌消费金融ABS融资减速；个人信息“断直连”；四川大学生贷款须经批准丨21消费金融参考（第六期）,21世纪经济报道
2021-07-15,兴业银行：截至5月末普惠型个人经营贷投放增加近五成,证券日报网
2021-07-15,皇冠上的「明珠」:私人银行的源起、蝶变与新生|金融大时代,新浪
2021-07-15,东盟漂浮光伏市场潜力超24GW 新项目融资加快,集邦新能源网
2021-07-15,中泰证券：降准导致经济悲观预期，优质银行近期被错杀,智通财经
2021-07-15,一笔结缘千里的乡村振兴贷款,中国金融新闻网
2021-07-15,财信证券银行业2021年7月月报：央行降准超预期，呵护银行稳健经营,财信证券研究
2021-07-15,消费信贷市场一片蓝海 贷款被用于炒股购房多家银行领罚单 金融监管处罚,财富动力网
2021-07-14,40家A股上市银行高管团队“画像”:“70后”涌现，“80后”初登舞台,北京商报
2021-07-14,信用卡挂失，哪家银行最快？哪家最慢？ 记者实测结果来了！,奥一网
2021-07-14,A股共发生117宗大宗交易成交29.38亿元（7月14日）,Wind
2021-07-14,金融机构环境信披试点落地：深圳首次披露投融资碳足迹,21世纪经济报道
2021-07-14,兴业银行现1笔大宗交易 共成交915.68万元,新浪
2021-07-14,2021中国银行业100强榜单新鲜出炉！湖南这2家银行入围,潇湘晨报
2021-07-14,兴业银行今日大宗交易成交46.20万股，成交价19.82元溢价0.0%,Wind
2021-07-14,深圳银行服务满意度调查：银行大厅服务一对几才合理？,奥一网
2021-07-14,同业存单周报：同业存单发行规模持续下降,新浪
2021-07-14,金融机构环境信息披露试点在深落地，全国首个投融资活动碳足迹环境信息,Wind
2021-07-14,景林资产的FOF也遭“疯抢”！今年以来基金分红逾1200亿元【基金下午茶】,证券之星
2021-07-14,【行情】银行板块持续走弱，成都银行跌超5%，杭州银行、江苏银行、兴业银行跟跌,金十数据
2021-07-13,银行机构微博影响力哪家强？广发银行下降两名,新浪
2021-07-13,养卡族注意了！信用卡严管控持续下半年“套现、代还”或将进一步收紧,财联社
2021-07-13,北向资金今日净买入25.8亿元，中兴通讯、山西汾酒净买入额均创新高,Wind
2021-07-13,第一季银行业消费投诉：招商、中信、浦发信用卡投诉列前三名,时代周报
2021-07-13,祺鲲科技“商旅机票供应链金融平台”规模有望破百亿,和讯
2021-07-13,大连市金融学会成功举办绿色金融主题学术讲座,中国金融新闻网
2021-07-13,上半年A股上市银行人事大起底：4家迎来新董事长 10家行长换新,中国网
2021-07-13,中科通达登陆科创板背后的金融推手,财经网
2021-07-13,福建区域股市周报：板块总市值降至第7名 安井食品跌出板块市值9强,每日经济新闻
2021-07-13,银行业下半年投资策略：基本面拐点已现 投资价值凸显,新浪
2021-07-13,业银行主承销云南首单滇池治理绿色债权融资计划,中国金融新闻网
2021-07-13,银行业：降准改善银行负债成本 关注板块估值修复机会,新浪
2021-07-13,兴业银行计划“十四五”期间为贵州省提供绿色融资800亿元,金融时报
2021-07-12,数字化释放生产力 兴业银行普惠型个人经营贷款发放前5月同比增加49%,中证网
2021-07-12,兴业银行对公客户5年翻番突破百万户,陆家嘴金融网
2021-07-12,以高质量党建为引领　兴业消费金融交出高质量发展答卷,中国金融新闻网
2021-07-12,兴业银行佛山分行客户拿已兑现存单来要钱 行长李锦奎怎么看？,运营商财经网
2021-07-12,助力建设多彩贵州 兴业银行与贵州省政府签订新一轮绿色金融战略合作协议,财经网
2021-07-12,一季度工商银行被投诉次数最多 邮储银行理财类业务投诉量居首,中华网
2021-07-12,银保监会：第一季度银行业消费投诉环比增长2.9%,上证报
2021-07-12,银保监会：工行、农行投诉量位列国有大型商业银行前两位,银保监会
2021-07-12,银保监会：一季度接收并转送银行业消费投诉78414件，环比增长2.9%,Wind
2021-07-10,兴业银行涉六类违规被官方通报，去年两次被罚款近3000万,凤凰网
2021-07-10,兴业等多家银行因代理销售理财产品违规受到监管问责！,凤凰网
2021-07-10,银行角度看6月社融：信贷与社融超预期，下半年看项目贷款与居民消费贷款【中泰银行·戴志锋/邓美君/贾靖/姚煜波】,传统借贷vs新型金融
2021-07-10,绿色债券井喷式发行 品种获得更大创新空间,华夏时报
2021-07-09,银保“高光”背后有多少乱象？兴业银行的房贷这么“玩”意外险！,和讯
2021-07-09,绿色金融的春天来了,华夏时报
2021-07-09,【银华基金】交易日报 2021-07-09,新浪
2021-07-09,融360：6月结构性存款规模创47个月新低 股份行到期收益率下跌,经济观察网
2021-07-09,兴业银行六大违法违规行为侵害消费者权益 副行长陈锦光重视吗？,运营商财经网
2021-07-09,北向资金今日小幅净卖出2.11亿元，外资高位出逃新能源股,Wind
2021-07-09,兴业银行消保问题引关注，内控风险犹存,凤凰网
2021-07-09,兴业银行李俊：把初心写在岗位上 把使命落在行动中,财经网
2021-07-09,每周要闻：深圳新增2家失联P2P邮储银行遭监管巨额罚单,和讯
2021-07-09,首次！厦门地方债柜台发行,中国证券网
2021-07-09,100元起购！7月16日起可购买厦门地方债,新华网
2021-07-09,国债期货全线大涨，银行股杀跌！基金紧急解读来了,Wind
2021-07-09,个贷不良批量转让试点业务提速，价格逐步回归理性,Wind
2021-07-09,监管强化内控合规建设，多家银行违规代销基金受罚,Wind
2021-07-09,监管强化内控合规建设 多家银行违规代销基金受罚 金融监管处罚,全景网
2021-07-09,发生了什么？国债期货全线暴涨，银行股大幅杀跌！基金紧急解读来了,中国基金报
2021-07-09,基金：偏向谨慎态度，预计债市短期或延续振荡格局,中国基金报
2021-07-08,兴业银行与中科沃土基金开展业务合作交流会，开启银基合作新篇章,--
2021-07-08,兴业银行遭监管点名通报：涉“六宗罪”，信用卡不良率连续3年攀升,搜狐
2021-07-08,兴业银行回应银保监会通报：从快从实推进整改,人民网
2021-07-08,招商银行暴跌近6%，银行股集体下挫，到底发生了什么？,AI财经社
2021-07-08,银保渠道乱象频发！银保监点名通报兴业银行“六宗罪”,新浪
2021-07-08,党建引领信用担当，中国银行业协会银行卡专业委员会,中经导报
2021-07-08,兴业银行认真组织收听收看庆祝中国共产党成立100周年大会,大众证券报
2021-07-08,交易早点（7月8日）,广金期货
2021-07-08,兴业银行侵害消费者权益遭通报 从投诉量就能看出问题,运营商财经网
2021-07-08,“六宗罪”！兴业银行被中国银保监会点名通报 其他违规处罚,资本邦
2021-07-08,*ST西水：公司直接持有兴业银行股票1.25亿股,Wind
2021-07-08,*ST西水：公司目前在兴业银行没有董事席,Wind
2021-07-08,*ST西水：公司目前没有出售兴业银行股票的计划,Wind
2021-07-08,银行股全线走弱，招商银行跌超3%,Wind
2021-07-08,7月8日投资避雷针：顶点软件将迎来6%的大比例减持 减持股份,财联社
2021-07-08,财经早资讯：降准等货币政策将适时运用，瑞丽市姐告国门社区调整为高风险地区,财经网
2021-07-08,美股中概股五连跌 高收益部分板块止跌企稳,新浪
2021-07-08,"国常会加快推进异地就医结算；兴业银行侵害消费者权益被点名通报；晋商银行被罚96万；三部门联合整治行业协会商会乱收费
金融监管处罚",中国银行保险报
2021-07-08,狂砸52亿！千亿白马股又有大动作，股民嗨了：一字板,Wind
2021-07-08,惠升优势企业一年持有期灵活配置混合型证券投资基金开放日常申购、转换转入和定期定额投资业务的公告,证券日报
2021-07-08,华中科技大学学生宿舍光网络升级改造项目更正公告,财政部
2021-07-07,办房贷竟然被搭售保险？费率还畸高！兴业银行被银保监会通报 其他违规处罚,奥一网
2021-07-07,大公司动态丨董明珠：格力将引进鸿蒙；理想“水银门”车主再发声,第一财经
2021-07-07,中国银保监会消费者权益保护局发布《关于兴业银行侵害消费者权益情况的通报》,中国金融新闻网
2021-07-07,银保监会消保局再亮剑 通报兴业银行存六类违法违规问题 金融监管处罚,经济观察报
2021-07-07,兴业银行回应银保监会通报：目前绝大多数问题已整改到位 金融监管处罚,Wind
2021-07-07,兴业银行：目前绝大多数问题已整改到位 个别尚未完成的项目正按整改计划有序推进,上证报
2021-07-07,区域金融要参丨今年将强化重点领域反垄断执法、山西将发放1亿元省级数字消费券,21世纪经济报道
2021-07-07,兴业银行侵害消费者权益被通报 公司回应：绝大多数问题已整改到位,中证网
2021-07-07,涉六项违规，兴业银行遭银保监会通报，回应称将严肃整改,AI财经社
2021-07-07,贷后管理未尽职，兴业银行两分支机构共被罚60万 金融监管处罚,中华网
2021-07-07,兴业银行被点名 银保监会：代销保险存多处违规问题 银行业保险业需自查自纠 金融监管处罚,财联社
2021-07-07,兴业银行：高度重视　从快从实推进整改,中国金融新闻网
2021-07-07,兴业银行大宗交易成交46.20万股成交额985.91万元,证券时报网
2021-07-07,向房贷客户搭售保险、欺骗投保人，兴业银行侵害消费者权益被通报 其他违规处罚,中华网
2021-07-07,6205笔保险费率高于一般费率数倍 兴业银行被银保监会点名通报 其他违规处罚,新浪
2021-07-07,"银行股大手笔""发钱""4900亿：工行分红948亿最大方，平安银行派息比例最低仅12%",搜狐
2021-07-07,兴业银行罕见被监管点名：向房贷客户搭售意外险 金融监管处罚,ZAKER
2021-07-07,兴业银行6类违法违规问题被通报：侵害消费者财产安全权 金融监管处罚,中国银行
2021-07-07,涉六项违规，兴业银行遭银保监会通报，回应称将严肃整改,腾讯网
2021-07-07,兴业银行6宗罪被银保监消保局点名通报：侵害消费者自主选择权 其他违规处罚,新浪
2021-07-07,兴业银行现1笔大宗交易 共成交985.91万元,新浪
2021-07-07,6项违规被监管通报！兴业银行：严肃责任追究，从快从实推进整改 金融监管处罚,贝壳财经
2021-07-07,兴业银行今日大宗交易成交46.20万股，成交价21.34元溢价0.0%,Wind
2021-07-07,北向资金今日净买入43.72亿元，新能源产业链获外资疯狂抢筹,Wind
2021-07-07,再收黄牌警告！兴业银行遭通报 涉向房贷客户搭售意外险等六宗罪,界面
2021-07-07,血亏1个亿！央行又放大招,Wind
2021-07-07,快讯 | 侵害消费者合法权益遭银保监会通报 兴业银行：目前绝大多数问题已整改到位 金融监管处罚,财经网
2021-07-07,银保监会点名通报！兴业银行“栽”了,金融界
2021-07-07,兴业银行因侵害消费者权益遭银保监会消保局通报，涉贷款搭售保险等6类问题,搜狐
2021-07-07,银保监会点名通报：兴业银行“栽”了,中国基金报
2021-07-07,专题 | 银行股半年报预测框架与前瞻：营收同比平稳上升，利润同比上升更明显【中泰银行·戴志锋/邓美君/贾靖】,传统借贷vs新型金融
2021-07-07,银保监会：兴业银行存在向个人住房按揭贷款客户搭售人身意外险等6类违法违规问题 金融监管处罚,中国网
2021-07-07,兴业银行因侵害消费者权益被点名通报 存代销保险业务中欺骗投保人等6类问题 其他违规处罚,北京商报网
2021-07-07,兴业银行回应监管通报：目前绝大多数问题已整改到位 金融监管处罚,证券时报网
2021-07-07,兴业银行侵害消费者权益被银保监会通报 其他违规处罚,中证网
2021-07-07,兴业银行回应被银保监会通报：绝大多数问题已整改 尚未完成项目正推进 金融监管处罚,新浪
2021-07-07,银保监会通报兴业银行侵害消费者权益情况,Wind
2021-07-07,入驻科技服务小镇 兴业银行北京马驹桥支行正式开业,财经网
2021-07-07,福建投资集团赴澳门发行首笔美元债，涉及金额1.5亿美元,证券时报网
2021-07-07,IPO明显提速，如何挑选打新基金？,养基司令
2021-07-07,兴业银行助白鹤滩水电站项目募资12亿元,中国金融新闻网
2021-07-07,中资地产美元债断崖式下跌 美债收益率下行,新浪
2021-07-07,高管纷纷解囊护股价，银行股飘红，8月银行中报行情提前启动？,时代周报
2021-07-07,兴业银行荣获 信贷资产证券化领域多项大奖,长江商报
2021-07-07,一天两大重磅！高层严打证券违法、再出重拳监管虚拟货币,Wind
2021-07-07,欺骗投保人、搭售保险……银保监会通报兴业银行6类违法违规问题 金融监管处罚,人民网
2021-07-07,上海妙可蓝多食品科技股份有限公司 关于签订募集资金三方监管协议,证券日报
2021-07-07,华中科技大学校园智能路灯建设工程（模块及系统采购安装项目）更正公告,财政部
2021-07-06,兴业银行3分支机构及5员工领罚单，合计罚款近百万 金融监管处罚,中新经纬
2021-07-06,银行机构微博影响力哪家强？兴业银行下降两名,新浪
2021-07-06,宜昌银保监局：对兴业银行宜昌分行作出行政处罚，罚款25万元 金融监管处罚,Wind
2021-07-06,兴业银行乌鲁木齐人民路支行被罚30万：贷后管理未尽职 金融监管处罚,新浪
2021-07-06,新疆银保监局：对兴业银行乌鲁木齐人民路支行作出行政处罚，罚款30万元 金融监管处罚,Wind
2021-07-06,新疆银保监局：对兴业银行乌鲁木齐分行作出行政处罚，罚款30万元 金融监管处罚,Wind
2021-07-06,办理信用证业务未尽职审查贸易背景真实性 兴业银行宜昌分行被罚25万 金融监管处罚,新浪
2021-07-06,晋级20强 兴业银行全球银行排名升至第19位,兴业银行
2021-07-06,社会生态变迁：“碳中和”拉动旺盛投资 金融风险需防范,中新网
2021-07-06,板块异动 | 部分银行中期业绩快报可期 银行板块持续拉升,智通财经
2021-07-06,银行板块持续拉升，苏州银行涨近4%，成都银行、兴业银行、苏农银行跟涨。,新浪
2021-07-06,兴业银行惠州分行开展防范非法集资宣传,南方日报
2021-07-06,银行行业周观点：关注板块业绩确定性增长的机会,新浪
2021-07-06,海信家电(00921.HK)附属斥资人民币3亿元认购兴业银行理财产品,财华社
2021-07-06,海信家电集团股份有限公司H股公告,证券时报
2021-07-05,全球硅料供需关系梳理：硅片、电池片价格开始松动,Ofweek
2021-07-05,银行发文！信用卡代还被通报 其他违规处罚,新浪
2021-07-05,全球硅料供需关系梳理：2022年第二季度起硅料价格或快速回落,Ofweek
2021-07-05,兴业银行现2笔大宗交易 共成交706.94万元,新浪
2021-07-05,北向资金今日净买入59.19亿元，万华化学净买入额创历史新高,Wind
2021-07-05,兴业银行对公客户5年翻番突破百万户,中国经济网
2021-07-05,【申港电新|周观点】全球硅料供需关系梳理,新能源深度研究
2021-07-05,银行行业跟踪：首份业绩快报超预期 建议关注中报业绩行情,新浪
2021-07-05,兴业银行首发“碳中和”债券指数结构性存款引发对碳金融创新产品的思考,北极星节能
2021-07-05,价格分化有所收敛，下半场攻守兼备布局——可转债半年度回顾及展望【华创固收|周冠南团队·深度】,华创债券论坛
2021-07-04,【兴证银行 傅慧芳/陈绍兴】银行业周报（2021.06.28-2021.07.04）料6月社融降幅收窄，关注银行中报期机会,兴证金融
2021-07-03,本周深度研报榜 | 别人都在看,中信建投证券研究
2021-07-03,兴证财富万里行献礼30周年庆江苏站活动隆重召开,兴业证券订阅号
2021-07-02,涨超18%，这只可转债亮了！还有多家银行转债在路上，买吗？,中证报
2021-07-02,国泰君安提拔4位副总裁2名70后上位,中国经营网
2021-07-02,大国重器白鹤滩水电站背后的兴业绿色动力,中国经济网
2021-07-02,亚洲金融家访谈｜专访兴业银行行长陶以平：战略转型进入攻坚期 一张蓝图绘到底,21世纪经济报道
2021-07-02,超86亿外资今日撤离A股，白酒、医药、银行股集体遭抛售,Wind
2021-07-02,银行股补跌，平安银行跌近4%,Wind
2021-07-02,71股获券商买入评级，恒力石化目标涨幅达171.90%,Wind
2021-07-02,7月市场怎么看？主力逆市抢筹名单曝光，场内资金激烈博弈,Wind
2021-07-01,地产股吹响反攻号角？ | 一财地产日评,第一财经
2021-07-01,银行股第一份半年报业绩快报超预期！上半年多只股多次刷新历史高点,中证报
2021-07-01,主力逆市抢筹名单曝光！场内资金激烈博弈，多股“20cm”涨停,中证报
2021-07-01,首份中期业绩快报大超预期，下半年银行股将有一波行情？,第一财经
2021-07-01,“优势互补、合作共赢” 兴业银行与盈科资本签署全面战略合作协议,证券日报之声
2021-07-01,兴业银行与盈科资本达成全面战略合作,证券时报
2021-07-01,林华辞任兴业银行独立董事 董监高成员变化,新浪
2021-07-01,【行情】银行股午后持续拉升，瑞丰银行涨超8%，常熟银行、兴业银行涨超5%，南京银行、江苏银行、平安银行等跟涨,金十数据
2021-07-01,解盘：指数高位盘整，医美、光刻胶、基因检测略涨,Wind
2021-07-01,A股午盘综述：两市股指小幅下跌，中药板块掀涨停潮,Wind
2021-07-01,兴业基金新任钱睿南为副总经理 曾为银河基金总经理助理、副总经理,新浪
2021-07-01,当绿水青山变成金山银山 碳金融产品知多少,北极星节能
2021-07-01,2021年银行业中期策略报告：基本面现拐点 迎最佳配置窗口,新浪
2021-07-01,长安期货“黑色（螺纹钢）产业沙龙”成功举办,长安期货
2021-07-01,42股获券商买入评级，朗科智能目标涨幅达71.79%,Wind
2021-07-01,【银河金融张一纬】行业动态 2021.6丨社融增速放缓，银行理财和负债端监管强化,中国银河证券研究
2021-07-01,绿色资管业务发展驶入快车道,中国金融新闻网
2021-07-01,【中原银行】银行行业月报：M2增速保持稳定，监管进一步推进降费让利,中原证券研究所
2021-06-30,浙商早知道 | 7月1日,浙商证券研究所
2021-06-30,*ST西水：已收到兴业银行现金红利1.01亿元 计为本年度投资收益,中证网
2021-06-30,45股今日获机构买入评级,证券时报网
2021-06-30,中央银行的碳减排支持工具研究,第一财经
2021-06-30,银行业：社融增速放缓 银行理财和负债端监管强化,新浪
2021-06-30,丰乐种业：为全资子公司丰乐农化、丰乐香料合计提供最高额1.2亿元担保 大额借贷担保,每日经济新闻
2021-06-30,兴业银行(601166)：不确定性下降 反转拐点确立,新浪
2021-06-30,银行行业报告：贷款利率可能会怎么降？,新浪
2021-06-30,浙商证券给予兴业银行买入评级：不确定性下降，反转拐点确立，目标价33.50元,每日经济新闻
2021-06-30,银行股拉升 兴业银行(601166.SH)涨超4%领涨,格隆汇
2021-06-30,兴业银行大涨,新浪
2021-06-30,美联储官员称就业距完全复苏仍远 高收益板块持续承压,新浪
2021-06-30,每日晨报-20210630,国元国际
2021-06-30,【债券快讯】6月29日中资美元债一级市场发行多只债券,国元国际
2021-06-30,50家银行房贷调查：沪广额度最紧 有银行暂停受理新申请,新浪
2021-06-30,【浙商||银行】兴业银行：不确定性消除，反转拐点确立,大话金融
2021-06-30,一线城市房贷额度调查：“停贷”是真相还是传言？,新浪
2021-06-29,兴业银行主承销市场首单绿色双创债权融资计划,陆家嘴金融网
2021-06-29,银行机构微博影响力哪家强？浦发银行跌出前十,新浪
2021-06-29,兴业银行：2011年次级债券赎回完成,中证网
2021-06-29,兴业银行：独立董事林华辞任 董监高成员变化,Wind
2021-06-29,快讯 ｜兴业银行已全额赎回100亿元次级债券,财经网
2021-06-29,兴业银行(601166.SH)：林华辞任独立董事职务 董监高成员变化,智通财经
2021-06-29,快讯｜兴业银行：独立董事林华辞职 董监高成员变化,财经网
2021-06-29,陆股通周监控第89期：外围冲击平复 交易盘大幅回流,新浪
2021-06-29,捷成股份(300182.SZ)：申请3700万元银行贷款展期1年 违约失信,格隆汇
2021-06-29,区块链行业周报：加密货币监管持续收紧 蚂蚁链NFT迎来首秀,新浪
2021-06-29,兴业银行三明分行开展存款保险制度宣传活动,搜狐
2021-06-29,A股融资融券日报：两融余额增加94.84亿元（6月28日）,Wind
2021-06-29,38股获券商买入评级，深南电路目标涨幅达82.32%,Wind
2021-06-29,恒泰财经早餐2021年6月29日（音频版）,恒泰睿财
2021-06-29,兴业银行(601166)深度：服务新经济的三步走策略,中信建投证券研究
2021-06-28,七普激活零售金融新业态，银发经济、一人经济成为新风口 | 远程银行（二）,零壹财经
2021-06-28,福建省闽台产业发展基金筹备会议在兴业银行漳州分行成功召开,新浪
2021-06-28,兴业银行大宗交易成交98.86万股成交额1999.94万元,证券时报网
2021-06-28,"兴业银行现1笔大宗交易 共成交1,999.94万元",新浪
2021-06-28,吉林银保监局：2020年银行业消费者投诉1995件 国有大行占比过半,和讯
2021-06-28,兴业银行太原分行：262亿元支持山西绿色转型发展,中国金融新闻网
2021-06-28,兴业银行落地福建省内首单蓝色债券,财经网
2021-06-28,兴业银行荣获信贷资产证券化领域多项大奖,兴业银行
2021-06-28,兴业银行资产托管护航首批公募REITs上市,兴业银行
2021-06-28,银行金融科技子公司谋变向新,金融界
2021-06-28,【中信建投金融】兴业银行深度：服务新经济的三步走策略——案例、分析和提炼,大金融研究
2021-06-28,兴业银行佛山分行 服务实体经济 促进高质量发展,南方日报
2021-06-28,全国碳市场的启动将带来巨大体量的碳交易规模,长江商报
2021-06-28,分红季来了，34只股即将分红,证券时报网
2021-06-28,北向资金减持榜单：42股减持市值超5000万元 减持股份,证券时报网
2021-06-28,A股融资融券日报：两融余额增加18.39亿元（6月25日）,Wind
2021-06-28,37股即将实施分红兴业银行派现最大方,第一财经
2021-06-28,银行资金专营机构密集获批筹建，上海金融资源吸引力不断加大,Wind
2021-06-27,兴证财富万里行点亮天津、湖北两地灯火，6月圆满收官,兴业证券订阅号
2021-06-27,【兴证银行 傅慧芳/陈绍兴】银行业周报（20210621-20210627）存款定价新机制正式开启，下半年继续看好银行表现,兴证金融
2021-06-27,广州20家银行房贷利率测评：首套最高已涨至5.85%,新浪
2021-06-27,突然又一国加息！全球加息潮启动，通胀、财富洗劫？钱往何处去？,21世纪经济报道
2021-06-26,"银行二季度发债规模创新高，什么信号？中小行密集""补血""，永续债发行升温",Wind
2021-06-26,北向资金动向曝光：6月25日这30只个股遭大甩卖（附名单）,每日经济新闻
2021-06-25,深耕绿色金融 建设美丽山西,中国金融新闻网
2021-06-25,北向资金本周爆买A股超200亿，连续加码金融股,Wind
2021-06-25,命运是否重演：东方基金旧基两次延长募集期 新基前路几何？,GPLP犀牛财经
2021-06-25,普及金融安全知识 护航晚年幸福生活 ——兴业银行信用卡中心暖心关怀老年客群,证券之星
2021-06-25,华福证券成功落地全国首只外资银行托管公募基金,证券时报网
2021-06-25,A股融资融券日报：两融余额增加11.6亿元（6月24日）,Wind
2021-06-25,碳交易市场启动在即，银行业积极探路碳金融,Wind
2021-06-24,兴业银行泸州分行“快易贷”为小微企业排忧解难,金融投资报
2021-06-24,1.2万人栽了！530亿韩元加密货币被没收，韩国又祭大招，剑指这些逃税富人,券商中国
2021-06-24,重磅！金融科技迎来绿色贷款机遇期，新评价方案已印发,新浪
2021-06-24,兴业银行为群众普及金融与防范非法集资知识,证券日报网
2021-06-24,央行研究局：加大金融科技对绿色贷款业务的支持力度,智通财经
2021-06-24,"建行旗下金科增资落地！3家""国家队""入局",Wind
2021-06-24,《中国金融》｜我国绿色贷款业务分析,中国金融杂志
2021-06-24,央行研究局报告：应重点加大对清洁能源领域绿色贷款支持,Wind
2021-06-24,央行研究局：我国绿色贷款业务分析,中国金融杂志
2021-06-24,今年有4家获批，银行资金专营机构迎设立潮,中国银行保险报
2021-06-24,兴业银行主承销市场首单绿色双创债权融资计划,兴业银行
2021-06-24,银行资金专营机构设立潮起 今年已有4家获批,金融界
2021-06-24,A股融资融券日报：两融余额增加57.06亿元（6月23日）,Wind
2021-06-23,银行机构微博影响力哪家强？广发银行跌出前十,新浪
2021-06-23,股份行1-3年期存款利率集体下调 利率定价改革或利好实体经济,华夏时报
2021-06-23,【银华基金】交易日报 2021-6-23,新浪
2021-06-23,这些银行偏爱房地产贷款！,新浪
2021-06-23,兴业银行与银河证券达成全面战略合作,中国金融新闻网
2021-06-23,2021年中国上市公司百强排行榜在沪发布，500强企业实力迈上新台阶,东方网
2021-06-23,央行打击比特币 币圈应对：矿业出海 停止大宗交易区,金色财经
2021-06-23,北向资金近82亿资金大幅加码A股，药明康德净买入近8亿元,Wind
2021-06-23,2021年中国上市公司百强排行榜在上海发布,财经网
2021-06-23,2021年中国上市公司百强排行榜：新上榜企业93家 广东企业数重回榜首,经济观察报
2021-06-23,虚拟货币监管再加码：央行约谈部分金融机构要求切断支付链路,搜狐
2021-06-23,金融报道｜虚拟货币再迎来强监管：6家金融机构被约谈 国内比特币矿场陆续关停 其他违规处罚,财经网
2021-06-23,千亿独角兽上市，高瓴、红杉赚翻了！鲍威尔唱“鸽”，纳指飙新高,Wind
2021-06-23,央行出手！这5家银行和支付宝被约谈 其他违规处罚,长春晚报
2021-06-23,【债券快讯】6月22日中资美元债一级市场发行2只债券,国元国际
2021-06-23,每日晨报-20210623,国元国际
2021-06-23,A股融资融券日报：两融余额增加83.31亿元（6月22日）,Wind
2021-06-23,盘前情报丨碳交易市场即将开启，哪些行业将收益？概念股一览,21世纪经济报道
2021-06-23,银河证券：持续看好银行板块投资机会，给予“推荐”评级,证券时报网
2021-06-23,比特币又崩了，25万人爆仓70亿！苏宁又有大消息,Wind
2021-06-23,国内对虚拟币监管从未离场 违法资金账户交易识别仍需多方配合,证券日报
2021-06-23,北向资金重点加仓股曝光，这些行业最受青睐,21世纪经济报道
2021-06-23,每日点评第89期：两市震荡收涨 关注科技主线,新浪
2021-06-23,【今日推荐】兴业研究2021年度中期策略会成功举办,兴业研究
2021-06-23,绿色金融评价方案7月实施，银行绿色业务拓展大有可为,Wind
2021-06-22,发生了什么？多只医疗股大涨，区块链龙头跌20%,Wind
2021-06-22,兴业银行：2020年度A股每股派发现金红利0.802元,中证网
2021-06-22,兴业银行(601166.SH)将于6月29日发放2020年度优先股股息,智通财经
2021-06-22,兴业银行(601166.SH)A股将于6月29日分红 每股派0.802元,智通财经
2021-06-22,北向资金连续3日净卖出，贵州茅台遭净卖出近8亿元,Wind
2021-06-22,大摩：宽松周期已至尾声，美股将回调10%-20%,富途证券
2021-06-22,广州信易贷上线“抗疫专区”，助力中小微企业抗击疫情,信息时报
2021-06-22,挖矿遭整治、附属公司被停电，乐透互娱被比特矿业收购，双双股价大跌 连续下跌,资本邦
2021-06-22,虚拟货币遭致命重击 央行重磅出击,至诚财经
2021-06-22,早盘前瞻：央行重磅出手 封杀虚拟货币,新浪
2021-06-22,楚悦辰：6.22央行约谈各商业银行，虚拟币要被堵死了吗？,链得得
2021-06-22,被约谈银行表态：坚决不为虚拟货币提供任何金融产品和服务 其他违规处罚,中国金融新闻网
2021-06-22,2600亿疫苗白马闪崩！两桶油狂拉，中石油涨30%,Wind
2021-06-22,云南白药(000538.SZ)：新华都解押3.1124亿股及再质押2.0751亿股,格隆汇
2021-06-22,央行约谈后，五家银行表态！,金融时报
2021-06-22,一夜之间 比特币等加密货币遭遇连环暴击！,券商中国
2021-06-22,虚拟货币迎最新监管！工行、建行等金融机构禁止提供相应服务,资本邦
2021-06-22,国元国际：恒指小幅震荡 市场谨慎情绪依然较浓,新浪
2021-06-22,期市动态 |管控升级！央行要求全面排查虚拟货币OTC交易！被约谈的6家机构纷纷声明，禁止为虚拟货币交易提供服务,国贸期货
2021-06-22,央行出手！六大机构发声：严打虚拟货币交易炒作,资本邦
2021-06-22,广东新增2确诊！比特币狂崩10%，22万人爆仓70亿！,Wind
2021-06-22,央行亲自下场“重锤”比特币 交易矿场断电,证券之星
2021-06-22,6月22日早间影响市场的重磅消息,证券之星
2021-06-22,【债券快讯】6月21日中资美元债一级市场发行2只债券；另有4家公司潜在发行,国元国际
2021-06-22,央行约谈部分银行和支付机构遏制虚拟货币炒作,新民晚报
2021-06-22,A股融资融券日报：两融余额增加72.39亿元（6月21日）,Wind
2021-06-22,决策分析：市场情绪回暖！美股反弹道指大涨500点 美元跌破92,中金在线
2021-06-22,盘前有料丨美股全线上涨，央行“重击”虚拟货币…重要消息还有这些,证券时报
2021-06-22,央行重磅出手！六大机构紧急发声，对虚拟货币监管持续加码,券商中国
2021-06-22,公募基金规模再创新高，新进重仓股名单曝光,e公司
2021-06-22,国内财经媒体头版2021年6月22日星期二,Wind
2021-06-22,比特币大跌11%！央行出手监管，各大行紧急回应,Wind
2021-06-22,中金岭南控股股东一致行动人解除质押6900万股,中国经济网
2021-06-22,央行打击虚拟货币交易炒作又有新动作,财富动力网
2021-06-22,央行重磅出手 六大机构紧急发声 虚拟货币遭“致命”重击 “矿场”更是被断电封杀 核弹级影响来了,券商中国
2021-06-22,比特币大跌11%！央行出手监管，各大行与虚拟货币“划清界限”,Wind
2021-06-22,央行就虚拟币交易炒作约谈部分金融机构,证券日报
2021-06-21,央行就虚拟货币交易炒作问题约谈部分机构：各机构应切断虚拟币交易资金支付链路,每日经济新闻
2021-06-21,地方绿金 | 青岛升级蓝色金融发力海洋经济,中央财经大学绿色金融国际研究院
2021-06-21,晚间重磅！央行约谈银行和支付机构，坚决切断“炒币”资金链路，比特币闻声狂跌，工行建行支付宝等紧急回应,证券时报网
2021-06-21,剑指虚拟币炒作！央行约谈多家金融机构 机构纷纷表态：发现就禁,新浪
2021-06-21,央行约谈6家机构再围堵虚拟币交易，精准识别场外账户是关键,澎湃新闻
2021-06-21,虚拟货币炒作凉凉？央行约谈，各大行主动“划清界线”，前期暴涨公司被问询 问询,证券时报网
2021-06-21,央行再出手约谈各大银行和支付机构斩断虚拟货币支付链路,科创板日报
2021-06-21,全面封杀比特币等虚拟货币交易！工行、农行、建行等6机构火速发声,中证报
2021-06-21,科创板晚报|央行就虚拟货币交易炒作问题约谈多家银行首批双创ETF认购首日销售火爆,财联社
2021-06-21,再放大招！监管约谈银行、支付机构切断炒币资金支付链路,北京商报
2021-06-21,央行约谈！多家银行火速表态：坚决禁止！虚拟币这下要凉？,中国银行保险报
2021-06-21,工行、农行、建行等5家银行回应被央行约谈：禁止进行虚拟货币交易 其他违规处罚,中国网
2021-06-21,行业观｜央行出手严打虚拟货币交易炒作 被约谈后工行、建行等6家金融机构纷纷表态！,财经网
2021-06-21,因虚拟货币炒作问题被约谈后，工行、农行、建行、邮储、支付宝纷纷表态 其他违规处罚,中华网
2021-06-21,兴业银行：禁止直接或间接为客户提供与虚拟货币相关服务,中华网
2021-06-21,监管围猎升级！央行约谈后银行支付机构查处力度或将加大国内玩家会否因此退出？ 其他违规处罚,财联社
2021-06-21,比特币要凉了？多家银行和支付宝官宣“封杀”虚拟货币,证券之星
2021-06-21,工、农、建、邮储、兴业、支付宝遭央行约谈，回应声明禁止虚拟货币交易 其他违规处罚,搜狐
2021-06-21,虚拟货币监管加码！央行约谈工行等部分银行和支付机构,新浪
2021-06-21,央行出手！六家机构被约谈，工行、建行、支付宝回应：禁止使用我行服务开展虚拟货币交易 其他违规处罚,证券时报网
2021-06-21,兴业银行：将运用大数据等创新技术手段加强对虚拟货币的交易资金监测,北京商报
2021-06-21,兴业银行：禁止直接或间接为客户提供虚拟货币相关服务,中华网
2021-06-21,各大行与虚拟货币“划清界限”，比特币已经腰斩,Wind
2021-06-21,被央行约谈后6家机构纷纷声明，禁止为虚拟货币交易提供服务 其他违规处罚,澎湃新闻
2021-06-21,多机构宣布暂停为虚拟货币交易提供服务 比特币短线跳水,中新经纬
2021-06-21,央行就虚拟货币炒作约谈后工行、建行、支付宝等集体禁用该行账户开展虚拟货币交易活动,财联社
2021-06-21,兴业银行南京分行落地江苏首笔售电履约电子保函,中国金融新闻网
2021-06-21,兴业银行：禁止使用我行账户参与虚拟货币交易,财联社
2021-06-21,对比特币交易“封杀”不到位，5家银行和支付宝被约谈 其他违规处罚,第一财经
2021-06-21,兴业银行：禁止使用本行账户参与虚拟货币交易,Wind
2021-06-21,兴业银行：任何机构与个人不得将在我行开立的账户用于虚拟货币的交易资金充值及提现、购买及销售相关交易充值码等活动，不得通过我行账户划转相关交易资金,金十数据
2021-06-21,央行就虚拟货币交易炒作问题约谈部分银行和支付机构,Wind
2021-06-21,兴业银行创新成果集体亮相海创会,新华网
2021-06-21,兴业银行荣获信贷资产证券化领域多项大奖,财经网
2021-06-21,江苏电力交易中心成功受理生效首笔售电公司电子履约保函,中国能源网china5e
2021-06-21,成科机电：拟每年向董事长提供600万元额度范围借款 大额借贷担保,资本邦
2021-06-21,A股融资融券日报：两融余额增加35.34亿元（6月18日）,Wind
2021-06-21,今年有望成为银行可转债发行大年,Wind
2021-06-21,今年有望成为银行可转债发行大年,中证报
2021-06-21,碳中和债热度上升：银行业发力绿债市场,中国金融新闻网
2021-06-20,【兴证银行 傅慧芳/陈绍兴】银行业周报（21.06.15-21.06.20）上海农商行IPO获批，关注银行长期负债成本优化,兴证金融
2021-06-19,货基与现金管理类产品手册,Bank资管
2021-06-19,银行内卷化代销基金,新浪
2021-06-18,河北银保监局：一季度银行业消费投诉894件 工农邮储农行投诉量前三,银保监会
2021-06-18,兴业银行：公司App支持鸿蒙,Wind
2021-06-18,兴业银行：预计将6月底或7月初完成2020年度利润分配,Wind
2021-06-18,中国可转债周报：当指数变得难以跑赢,新浪
2021-06-18,兴业银行：西水股份在我行无董事席位,Wind
2021-06-18,兴业普惠贷 “贷”动小微活起来,财经网
2021-06-18,兴业银行宜宾分行探索“互联网+医疗+金融”服务新模式,搜狐
2021-06-18,A股午盘综述：芯片板块保持热度，金融、周期股持续下探,Wind
2021-06-18,A股融资融券日报：两融余额增加62.26亿元（6月17日）,Wind
2021-06-17,兴银理财首款固收类私募封闭式理财产品发行,中证网
2021-06-17,植绿不辍 久久为功 兴业银行再获《亚洲货币》两项大奖,中国金融新闻网
2021-06-17,兴业银行构建万亿绿色金融版图？解构山东样本,21世纪经济报道
2021-06-17,兴业银行年内频吃监管罚单 因消费贷流入楼市等违规行为 金融监管处罚,新浪
2021-06-17,中签结果出炉！创下多项纪录，银行发行可转债势头重燃,Wind
2021-06-17,福建区域股市周报：5家福建公司被调研 3亿融资买入宁德时代,每日经济新闻
2021-06-17,A股融资融券日报：两融余额减少69.57亿元（6月16日）,Wind
2021-06-17,【银行】社融增速继续回落，信贷投放保持平稳——银行业月报——看好,渤海证券研究
2021-06-17,以“绿”为底兴业银行绘就美丽齐鲁画卷,中证报
2021-06-17,浙商基金管理有限公司关于新增兴业银行股份有限公司为浙商科技创新一个月滚动持有混合型证券投资基金C类份额销售机构的公告,证券时报
2021-06-17,海信家电集团股份有限公司H股公告-认购理财产品,中证报
2021-06-16,兴业银行内控不力，“依赖”房地产业务、“诱导”信用贷流入楼市 经营问题,中访网
2021-06-16,新华财经|植“绿”不辍看兴业 “碳”索不倦看齐鲁,新华网
2021-06-16,A股融资融券日报：两融余额增加53.09亿元（6月15日）,Wind
2021-06-16,多家券商发布下半年投资策略，两大关键词被反复提及,Wind
2021-06-16,多家券商发布下半年投资策略 两大关键词被反复提及,证券时报
2021-06-15,南京银行：“南银转债”网上中签率为0.0291%,Wind
2021-06-15,银行机构微博影响力哪家强？平安银行下降6位,新浪
2021-06-15,兴业银行上线教育云平台 深化场景生态圈建设,陆家嘴金融网
2021-06-15,兴业银行天津分行 积极助力绿色金融发展,中国金融新闻网
2021-06-15,助力“碳中和”银行还有多少牌可以打,中投网
2021-06-15,A股午盘综述：上证指数下跌0.9%；金融、资源股全线走低,Wind
2021-06-15,险资一路减持 A股“第一大傻”银行股路在何方？ 减持股份,中新经纬
2021-06-15,红旗连锁：公司与川发展原酒基金确有战略合作,Wind
2021-06-15,融资客青睐8股，世茂股份买入占比高达54.84%,Wind
2021-06-15,A股融资融券日报：两融余额减少57.15亿元（6月14日）,Wind
2021-06-15,又见发行高峰，短线交易影响如何？——可转债周报【华创固收丨周冠南团队】,华创债券论坛
2021-06-15,分红4900亿！险资却一路减持，银行股路在何方？,Wind
2021-06-14,真金白银分红4900亿:险资却一路减持 A股“第一傻”工商银行路在何方？|农业银行 减持股份,21世纪经济报道
2021-06-14,真金白银分红4900亿险资却一路减持，萎靡不振的A股“第一大傻”银行股路在何方？ 减持股份,21世纪经济报道
2021-06-14,永和智控：控股股东、实际控制人部分股份质押,发布易
2021-06-11,福建区域股市周报：兴业证券跌出板块市值6强 10家机构调研吉比特,每日经济新闻
2021-06-11,兴业银行(601166.SH)选举蒋云明、张国明、赖富荣为职工监事,智通财经
2021-06-11,兴业银行今日大宗交易成交92万股，成交价21.4元折价0.74%,Wind
2021-06-11,6月11日主力资金净流出421亿元,证券时报网
2021-06-11,银行股普遍疲软，平安银行跌超3%,Wind
2021-06-11,A股融资融券日报：两融余额增加67.59亿元（6月10日）,Wind
2021-06-11,杭州多银行房贷利率20天升3次，传递什么信号,Wind
2021-06-11,兴业银行(601166.SH)：在境外完成发行9.22亿美元等值的美元和港币债券,智通财经
2021-06-11,总额约4900亿元，上市银行年度分红大戏开锣,Wind
2021-06-10,兴业银行等四银行发布公告 规范使用经营用途贷款,新浪
2021-06-10,银行业务加大涉“碳”步伐 积极发行及承销“碳中和”债券,北京商报
2021-06-10,A股融资融券日报：两融余额减少2.5亿元（6月9日）,Wind
2021-06-09,债券、结构性存款、网点升级……银行助力“碳中和”还有多少牌可以打,北京商报网
2021-06-09,汉威科技(300007.SZ)拟为控股子公司嘉园环保提供不超2850万元担保 大额借贷担保,智通财经
2021-06-09,华域汽车(600741.SH)：延锋公司获银团20亿元信用贷款额度,格隆汇
2021-06-09,涉“碳”金融产品频出 “碳金融”市场有待完善,上证报
2021-06-09,A股融资融券日报：两融余额减少16.2亿元（6月8日）,Wind
2021-06-09,卖牌 5 年，合利宝 9641 万仍未收到,ZAKER
2021-06-08,【每日基金公告】平安、民生加银基金经理离任，中融两只产品规模暴增，嘉实南方中欧新基金提前结募,新浪
2021-06-08,十家综合性银行财务指标分析和价格乘数一览2021Q1,宏赫臻财
2021-06-08,兴业银行武汉分行：力推“商行+投行”模式 助力湖北经济发展,经济网
2021-06-08,二季度仅5家机构托管新基金规模超200亿元,资本邦
2021-06-08,A股融资融券日报：两融余额增加70.11亿元（6月7日）,Wind
2021-06-08,环境权益“贷”来真金白银,中国环境报
2021-06-08,二季度基金托管规模缩水“黑马”悄然崛起 规模大幅缩水,中证报
2021-06-07,地方绿金 | 兰州新区：绿色中票助力企业融资,中央财经大学绿色金融国际研究院
2021-06-07,新股民入市增速反弹，杠杆资金规模创新高！什么信号,Wind
2021-06-07,A股融资融券日报：两融余额减少27.87亿元（6月4日）,Wind
2021-06-07,多家上市银行“破净”触发稳定股价措施,Wind
2021-06-07,破净率逼近八成，上市银行股东频增持,Wind
2021-06-07,【中信建投银行杨荣】周报259期:《蚂蚁消金获准开业， 涉农贷款预计增加》,eResearch杨荣团队
2021-06-05,增持进行时！多家上市银行触发稳定股价措施启动条件,Wind
2021-06-05,商业志 | 三次流拍往事 广州太阳新天地32亿终售予领展,观点地产网
2021-06-04,银行行业：5月信贷投放会好转吗？,新浪
2021-06-04,农银国际协助兴业银行成功发行三年期6亿美元及三年期25亿港元绿色债券,农银国际
2021-06-04,北上资金本周净买入88.88亿元连续8周净买入,证券时报网
2021-06-04,【兴证金融 傅慧芳】同业存单周报（210529—210604）： 同业存单发行规模持续下降,兴证金融
2021-06-04,华润万象生活62.27亿上市募集资金投资结构性存款并已悉数赎回,观点地产网
2021-06-04,华润万象生活(01209)投资结构性银行存款,智通财经
2021-06-04,绿色足迹 | 股份行的绿色“成绩单”,和讯
2021-06-04,在岸人民币兑美元16:30收盘报6.4092，较上一交易日跌160个基点,Wind
2021-06-04,对话资管30人丨 兴银理财顾卫平：权益投资能力是未来理财子公司差异化竞争的一大关键因素,21世纪经济报道
2021-06-04,【行情】银行股午后拉升，平安银行、成都银行涨超4%，南京银行、宁波银行、兴业银行、杭州银行等集体走强,金十数据
2021-06-04,兴业银行发行境外“碳中和”主题绿色债券,Wind
2021-06-04,每日晨报-20210604,国元国际
2021-06-04,【债券快讯】6月3日中资美元债一级市场发行多只债券,国元国际
2021-06-04,A股融资融券日报：两融余额减少4.5亿元（6月3日）,Wind
2021-06-04,中证报头版：连续回调，人民币汇率单边升值预期逐渐减弱,Wind
2021-06-03,兴业银行发行境外“碳中和”主题绿色债券,中国金融新闻网
2021-06-03,80后基金大佬：卖飞茅台，却赢了张坤,腾讯网
2021-06-03,新疆银保监局：对合众人寿阿克苏中心支公司作出行政处罚，罚款15万元 金融监管处罚,Wind
2021-06-03,6月3日晚间重要行业研究汇总(附股),中金在线
2021-06-03,招商策略：料5月信贷投放小幅改善，社融增速延续下行,证券之星
2021-06-03,兴业银行北京鲁谷支行携社区开展“快乐迎六一”现金知识小课堂,财经网
2021-06-03,银行行业21年5月金融数据预测：料5月信贷投放小幅改善 社融增速延续下行,新浪
2021-06-03,限制房地产贷款规模对银行影响大吗？,证券之星
2021-06-03,料5月信贷投放小幅改善，社融增速延续下行-招证|银行,志明看金融
2021-06-03,坚持“风险中性”理念 兴业银行助力外贸企业有效管理汇率风险,兴业银行
2021-06-03,兴业银行(601166.SH)香港分行拟发行2笔高级无抵押绿色债,搜狐
2021-06-03,兴业银行香港分行向港交所申请50亿美元中期票据计划上市,搜狐
2021-06-03,【债券快讯】6月2日中资美元债一级市场发行2只债券；另有1家公司潜在发行,国元国际
2021-06-03,A股融资融券日报：两融余额减少24.47亿元（6月2日）,Wind
2021-06-03,申万菱信基金管理有限公司关于申万菱信智能汽车股票型证券投资基金新增兴业银行为代销机构的公告,证券时报
2021-06-02,新基金发行回暖 谁是的投资者最相信的“渠道”？,新浪
2021-06-02,黑历史余音未了、交易所又发问询 仁东控股大股东忙于套现 问询,新浪
2021-06-02,收益可观！打新这些品种稳赚！,菜鸟理财
2021-06-02,发力零售端兴业银行持续擦亮财富银行“名片”,陆家嘴金融网
2021-06-02,福布斯2021全球上市公司2000强发布兴业银行跻身50强,陆家嘴金融网
2021-06-02,兴业银行发行国内首笔“碳中和”债券指数结构性存款,陆家嘴金融网
2021-06-02,"兴业银行香港分行拟发行高级绿色债券,今日起召开投资者电话会议",搜狐
2021-06-02,北向资金今日净卖出20.14亿元，恒瑞医药净卖出额创历史新高,Wind
2021-06-02,巨力索具拟向兴业银行申请3亿元授信,乐居财经
2021-06-02,力高黄恒政被限制高消费 涉及兴业银行与东风置业金融借款纠纷 诉讼纠纷,乐居财经
2021-06-02,去年亏损6.71亿元 高伟达能靠信贷系统项目翻身么？ 亏损,腾讯网
2021-06-02,福建区域股市周报：5943万融资买入厦门钨业 福建金森涨56.50%排第一,每日经济新闻
2021-06-02,A股融资融券日报：两融余额增加83.42亿元（6月1日）,Wind
2021-06-02,北向资金抛售白酒股，买入这些行业和个股（名单）,21世纪经济报道
2021-06-02,13家上市银行“房贷”占比超线 未来房地产贷款仍将是监管重点,面包财经
2021-06-02,东睦新材料集团股份有限公司,证券时报
2021-06-01,东睦股份：公司为上海富驰及其全资子公司提供担保,每日经济新闻
2021-06-01,陆股通月报第20期：近期外资入场有何变化？,新浪
2021-06-01,【浙商策略】北上资金单周最大净流入| 流动性估值跟踪,王杨策略研究
2021-06-01,银行理财产品移行提速 资管新规进入过渡期,北京商报
2021-06-01,A股融资融券日报：两融余额增加114.99亿元（5月31日）,Wind
2021-06-01,中国央行上调外汇存款准备金率 高收益地产美元债整体走弱,新浪
2021-06-01,兴业证券(601377)：秉承集团一体化发展理念 财富管理+大机构双轮驱动,新浪
2021-06-01,【中原银行】银行行业月报：板块表现随大市回暖，社融与M2继续回落,中原证券研究所
2021-06-01,银行系多管齐下“掘金”,中证网
2021-05-31,资管新规过渡期开启倒数 又有两家银行启动新一轮理财产品移行，部分产品暂时停止申赎,北京商报
2021-05-31,5月债券通继续保持交投活跃，日均成交超281亿元,Wind
2021-05-31,北上资金5月份净买入557.76亿元连续8个月净买入,证券时报网
2021-05-31,非银金融回调，这些前期获青睐股今日遭大幅抛售,第一财经
2021-05-31,宁波余姚逾20亿成交3宗商住地 金辉联合体、华景川等落子,观点地产网
2021-05-31,央行：金融支持受疫情持续影响行业企业成效明显,中国网
2021-05-31,兴业银行：“15沈机床MTN001”到期后续进展,Wind
2021-05-31,银行行业周报：理财销售规定正式出台 浙江省联社接管温州银行,新浪
2021-05-31,碳中和系列研究（三）： 信托公司参与碳中和路径和模式（上篇）,金融界
2021-05-31,A股融资融券日报：两融余额增加33.03亿元（5月28日）,Wind
2021-05-30,【兴证金融 傅慧芳】银行业周报（2021.05.24-2021.05.30）理财销售新规推动产品形态转型，料5月信贷供需恢复,兴证金融
2021-05-30,银行行业周报：理财销售新规推动产品形态转型 料5月信贷供需恢复,新浪
2021-05-29,助圆台商创业梦 兴业银行漳州分行发放全行首笔“台商创业贷”,中金在线
2021-05-29,中信建投研究6月金股名单,Wind
2021-05-29,中信建投研究：市场将会继续呈现反弹格局（附6月金股）,中信建投
2021-05-29,中信建投研究6月金股名单,中信建投证券研究
2021-05-29,银行行业本周涨4.19%，主力资金净流入24.80亿元,证券时报网
2021-05-29,北上资金大举加仓，刷新多项历史纪录,Wind
2021-05-29,中小银行“中收”困境,新浪
2021-05-28,“贷”动小生意 服务大民生,中国金融新闻网
2021-05-28,银行4月M2增速及存款情况简评：年初以来为何一般存款压力明显加大？,新浪
2021-05-28,深入开展商业银行中小微企业金融服务能力提升工程，央行将牵头出台政策措施,每日经济新闻
2021-05-28,本周9家上市公司发布可转债预案，融资总规模达589.36亿元,Wind
2021-05-28,兴业银行持续完善“敢贷、愿贷、能贷、会贷”机制,证券时报网
2021-05-28,多家银行信用卡分期收入超过百亿 揭开信用卡“暴利”真相,新浪
2021-05-28,兴业银行：探索商行+投行的未来,格隆汇
2021-05-28,蒙牛召开助力牧场伙伴高质量发展大会 创新购牛融资模式支持牧场伙伴奶量翻番做大做强,中金在线
2021-05-28,银行业：内容符合预期 把握理财子能力建设窗口期,新浪
2021-05-28,【行情】银行股午后集体走高，邮储银行涨近6%，厦门银行涨超4%，青农商行、兴业银行、招商银行等跟涨,金十数据
2021-05-28,结构性存款花样上新 中小银行规模小幅回升,中投网
2021-05-28,兴业银行成都分行携手宜宾市知名企业 银企篮球联谊赛圆满落幕,金融投资报
2021-05-28,为群众办实事 兴业银行成都分行多措并举全面提升网点现金服务,金融投资报
2021-05-28,板块异动丨基本面修复趋势明朗 银行板块短线异动,智通财经
2021-05-28,A股融资融券日报：两融余额增加73.28亿元（5月27日）,Wind
2021-05-27,业内首例！5亿债券损失谁之过？百亿私募状告多家机构,Wind
2021-05-27,外资连续爆买！北向资金三天累计净流入超450亿,第一财经
2021-05-27,北向资金四日抢筹A股近500亿，格力电器净买超7亿,Wind
2021-05-27,兴业银行今日大宗交易成交63.50万股，成交价23.02元溢价0.0%,Wind
2021-05-27,哪些行业不良贷款率高？,岳读债市
2021-05-27,江苏省商务厅与江苏银行、兴业银行等合作，涉每年1400亿元支持,证券时报网
2021-05-27,A股融资融券日报：两融余额增加50.37亿元（5月26日）,Wind
2021-05-27,盘前情报丨国常会连续三次点名“大宗商品”，电子烟利空突袭,21世纪经济报道
2021-05-27,兴业银行海口分行宣讲自贸港金融政策这份“干货”清单请收好！,证券导报
2021-05-27,兴业银行跻身全球上市公司50强持续为自贸港建设贡献金融力量,证券导报
2021-05-27,北向资金动向盘点：重手净买91亿，茅台占12.5%,Wind
2021-05-27,马来西亚确诊率超印度，泰国死亡人数创新高！深圳紧急大排查，股市咋走,Wind
2021-05-27,今日MSCI再迎重要时间点,Wind
2021-05-27,新发规模逼近千亿元，银行转债价值待挖掘,Wind
2021-05-26,银行间债券市场首例虚假陈述责任纠纷：买了5亿“垃圾债”几乎赔光 蓝石资产管理有限公司把他们全告了！ 诉讼纠纷,21世纪经济报道
2021-05-26,买了5亿“垃圾债”几乎赔光！这家公司把他们全告了！法庭上，多方激烈辩论,Wind
2021-05-26,兴业银行携手债券通举办线上研讨会 聚焦人民币债券投资机遇,证券日报网
2021-05-26,助力闽台融合发展 兴业银行首笔“台商兴业贷”业务在闽西落地,证券日报网
2021-05-26,北京金融法院“1号案件”开庭！银行间债市首例虚假陈述责任纠纷，5亿债券投资损失谁之过？法院聚焦五大争议 诉讼纠纷,证券时报
2021-05-26,兴业银行现1笔大宗交易 共成交935.91万元,新浪
2021-05-26,银行间债市首例虚假陈述案开庭 蓝石资管与兴业银行、联合资信等机构对簿公堂 诉讼纠纷,经济观察报
2021-05-26,北向资金连续三日抢筹A股超300亿，贵州茅台再获净买入超11亿元,Wind
2021-05-26,北京金融法院“1号案”开庭：大连机床5亿债券违约，蓝石资产向多家中介索赔 未按时兑付本息,Wind
2021-05-26,21说案丨北京金融法院“1号案”庭审直击：购买“垃圾债”能否以虚假陈述向中介机构求偿？ 诉讼纠纷,21世纪经济报道
2021-05-26,北京金融法院“1号案”开庭 兴业银行回应称不存在虚假陈述行为 诉讼纠纷,21世纪经济报道
2021-05-26,闽系房企阳光城高增长背后：福建阳光集团负债激增突破3000亿 偿债能力下降,贝壳财经
2021-05-26,闽系房企阳光城高增长背后：母公司总营收增逾两成净利润微增2%,贝壳财经
2021-05-26,外资天量抢筹，买了哪些股票？,Wind
2021-05-26,5月25日银行股大涨的点评：优质股份行打底+重点城商行博收益增强,光大证券
2021-05-26,银行股稳步攀升，邮储银行、厦门银行涨超4%,Wind
2021-05-26,217亿元北向资金跑步进场 “疯抢”白酒、金融、医药股（名单）,21世纪经济报道
2021-05-26,A股融资融券日报：两融余额增加26.93亿元（5月25日）,Wind
2021-05-26,盘前情报丨重磅！内蒙古出手打击虚拟货币“挖矿”，29家相关上市公司梳理好了（名单）,21世纪经济报道
2021-05-26,经济数据显示美国通胀加剧 美元债一级供给持续增加,新浪
2021-05-26,北向资金净流入创纪录，A股再现万亿成交,Wind
2021-05-26,北向资金单日净买额创历史新高，上证指数放量突破箱体上沿,Wind
2021-05-25,IIGF新闻 | 中财大绿金院专家受邀出席浙江省绿色债务融资工具专项示范班 开展绿色金融培训,中央财经大学绿色金融国际研究院
2021-05-25,北京金融法院“1号案”开庭：大连机床5亿债券违约 蓝石资产向兴业银行等中介索赔 未按时兑付本息,21世纪经济报道
2021-05-25,数据复盘｜非银金融行业获主力资金大幅加仓 北向资金净买入额创历史新高,证券时报网
2021-05-25,创业板指数进入技术性牛市 主力抢筹股曝光(名单),证券之星
2021-05-25,21消费金融参考第一期,ZAKER
2021-05-25,A股市值暴涨1.8万亿，外资买入刷新记录，创业板指数进入技术性牛市，主力抢筹股曝光（附股）,证券时报网
2021-05-25,今天A股人均赚了1万！都是因为人民币？,Wind
2021-05-25,31.29亿元资金今日流入银行股,中财网
2021-05-25,北向资金爆买A股超200亿创历史纪录，白酒、金融、医药股遭“疯抢”,Wind
2021-05-25,A股沸腾！外资狂买200亿，成交1万亿！人民币升破6.4,Wind
2021-05-25,A股资金流向（5月25日）：资金集体涌入大金融板块,Wind
2021-05-25,A股融资融券日报：两融余额增加58.06亿元（5月24日）,Wind
2021-05-25,32股获券商买入评级，华菱钢铁目标涨幅达98.80%,Wind
2021-05-25,138只股票获券商“买入”评级，机构建议聚焦成长主线,Wind
2021-05-24,兴业银行今日大宗交易成交20.77万股，成交价21.65元溢价0.0%,Wind
2021-05-24,【中信建投金融】兴业银行：转债顺利启动，回归正常发展轨道后业绩向上趋势明确,大金融研究
2021-05-24,坚持“风险中性”理念 兴业银行助力外贸企业有效管理汇率风险,腾讯网
2021-05-24,中泰证券维持兴业银行增持评级，兴业银行发行可转债预案点评，近期获9份券商研报关注，目标均价涨幅49.95%,每日经济新闻
2021-05-24,中泰证券：兴业银行（601166.SH）具备高ROE低估值，维持”增持“评级,智通财经
2021-05-24,兴业银行：计划公开发行不超过人民币500亿元的A股可转换公司债券,资本邦
2021-05-24,银行热衷布局专营机构 已有23家获批资金营运中心,农村金融时报
2021-05-24,A股融资融券日报：两融余额减少24.62亿元（5月21日）,Wind
2021-05-24,电鳗快报|兴业银行拟发债募资500亿元 分行各种违规频被处罚 金融监管处罚,电鳗快报
2021-05-24,兴业银行发行可转债预案点评：静态测算核心一级资本提升0.85%，高ROE低估值【中泰银行·戴志锋/邓美君/贾靖】,传统借贷vs新型金融
2021-05-24,兴业银行行长陶以平仍列进董事候选 但明摆着不会接任一把手,新浪
2021-05-24,高净值人群最新画像出炉：“新富人群”占比上升至43%,证券日报
2021-05-24,中泰金工可转债发行跟踪周报(05/23),ZTQuant
2021-05-24,题材转债轮动，三角转债建议参与——可转债周报【华创固收|周冠南团队】,华创债券论坛
2021-05-23,【中信建投银行杨荣】周报257期:《从招行升级“财富开放平台”谈起》,eResearch杨荣团队
2021-05-23,【兴证金融 傅慧芳】银行业周报（2021.05.17-2021.05.23）LPR报价13连平，金委会聚焦“稳货币”、“防风险”,兴证金融
2021-05-23,山西焦化：为霍州煤电提供5亿元担保 大额借贷担保,凤凰网
2021-05-23,如何理解兴业银行内生增长、可转债、及其未来发展意图,雪球
2021-05-23,兴业也要发行500亿！又一批银行大动作来了,中国基金报
2021-05-23,点评 | 兴业银行500亿可转债预案：解资本远虑，开启新征程,Banking深度
2021-05-23,又一批银行可转债计划密集公布，还有这些银行已发行完毕,Wind
2021-05-22,重要信号！融资客罕见连续加仓，爆买医药龙头，关键原因找到了！“聪明资金”同步盯上34股（附名单）,证券时报网
2021-05-22,银行行业一周净流出资金70.12亿元，14股净流出资金超亿元,证券时报网
2021-05-22,结构性存款花样上新 中小银行规模小幅回升,新浪
2021-05-21,"晚间公告热点追踪：昔日""跨境电商龙头""*ST跨境股东拟被动减持3%",新浪
2021-05-21,公告精选：何享健拟不低于8亿元增持美的集团；金磊减持长春高新近2%股份,e公司
2021-05-21,兴业银行拟发行可转债总额不超过人民币500亿元,上证报
2021-05-21,晚间重要公告2021年5月21日星期五,Wind
2021-05-21,兴业银行(601166.SH)拟公开发行A股可转债 总额不超500亿元,智通财经
2021-05-21,【公告抢先看】晚间重要公告：飞亚达设立全资子公司把握免税市场机会、北汽蓝谷定增事项宁德时代获配3亿元,金融界
2021-05-21,【银华基金】交易日报 2021-05-21,新浪
2021-05-21,兴业银行(601166.SH)拟发行不超500亿元可转债，转股后补充核心一级资本,格隆汇
2021-05-21,兴业银行：拟公开发行不超过500亿元可转债,e公司
2021-05-21,兴业银行：拟公开发行总额不超过500亿元A股可转债,Wind
2021-05-21,兴业银行今日大宗交易成交23万股，成交价21.41元溢价0.0%,Wind
2021-05-21,573亿主力资金近三日撤出融资融券概念股,证券时报网
2021-05-21,5月21日主力资金净流出220亿元,证券时报网
2021-05-21,集装箱舱位稀缺，相关上市公司业绩翻倍大增长,Wind
2021-05-21,兴业银行国内首笔“碳中和”债券指数结构性存款发行,搜狐
2021-05-21,涉多家信托公司！谁踩雷了“17腾邦01”？ 投资失误,发现网
2021-05-21,A股融资融券日报：两融余额增加9.63亿元（5月20日）,Wind
2021-05-21,银行业上市银行2020年年报及2021Q1季报综述：利润增速回升 不良改善,新浪
2021-05-21,银行股持续回暖，众多明星基金经理加仓，板块的春天来了？,第一财经
2021-05-20,安永报告：上市银行空前重视金融科技 风险防控将是未来数年关键词,21世纪经济报道
2021-05-20,512亿主力资金近三日撤出融资融券概念股,证券时报网
2021-05-20,兴业银行跻身全球上市公司50强,搜狐
2021-05-20,市值蒸发200亿，关店2000家，中国第一男装品牌大溃败,投资界
2021-05-20,兴业银行：计划于6月29日赎回100亿元“11兴业次级债”,Wind
2021-05-20,基民大跌眼镜！前十大成分股近三月集体上涨，基金刚建完仓上市，头号重仓股一开盘就跌5%,每日经济新闻
2021-05-20,兴业银行落地无锡首单用于基金项目权益出资型票据,新浪
2021-05-20,兴业银行首季“开门红” 营收净利润双双两位数增长,陆家嘴金融网
2021-05-20,@海南企业这份干货满满的自贸港金融政策清单请收好!,搜狐
2021-05-20,A股融资融券日报：两融余额增加46.4亿元（5月19日）,Wind
2021-05-20,【银行】社融增速回落，信贷结构持续优化——银行业月报——看好,渤海证券研究
2021-05-20,每日理财观察：美联储透露新动向，币圈50万人爆仓400亿,Wind
2021-05-20,兴业银行获批筹建股份制银行首家私行专营机构,长江商报
2021-05-20,财信证券银行业2021年5月月度报告：信贷投放常态化，存款增速下行,财信证券研究
2021-05-20,李泓灏：仍处于存量博弈阶段,证券之星
2021-05-20,兴业银行宁波分行 开展“5·15”打击和防范经济犯罪主题宣传日活动,中国网
2021-05-19,陆股通周监控第85期：外资流入放缓 食饮再获增持,新浪
2021-05-19,【主力资金】尾盘主力抢筹3只白马股，买入资金4亿元,证券时报网
2021-05-19,部分险资已兑现前期银行股浮盈 科技和消费或为下阶段发力重点,财联社
2021-05-19,制造业保卫战已打响 股份行支持制造业谁最卖力？,和讯
2021-05-19,股份行支持制造业大比拼：谁在冲刺？谁在赶超？,新浪
2021-05-19,高净值客群“两位数”增长 银行角力私行业务,中投网
2021-05-19,A股资金流向（5月19日）：比亚迪获资金爆买，银行股遭抛售,Wind
2021-05-19,1066亿资金争夺20股：主力资金重点出击11股(名单),新浪
2021-05-19,银行板块持续走低兴业银行跌5.6%,格隆汇
2021-05-19,兴业银行放量大跌超5%，招行、邮储银行、平安银行、浦发银行跟随下滑,Wind
2021-05-19,2020银行年报拍案惊奇：小行科技投入占比不输大行,中国电子银行网
2021-05-19,兴业银行大跌 连续下跌,新浪
2021-05-19,主力抛售银行股兴业银行遭抛售3.21亿元 股票卖空,第一财经
2021-05-19,不良贷款“双生”，兴业银行2021年如履薄冰,中访网
2021-05-19,银行股下挫，兴业银行跌超2%！民生银行15位高管斥资千万增持自家股票,资本邦
2021-05-19,零售金融比拼从信贷转向理财！浅谈兴业银行获批私人银行专营机构,零壹财经
2021-05-19,银行热推挂钩股票指数结构性存款产品 严监管下投资者须加强风险意识,华夏时报
2021-05-19,A股融资融券日报：两融余额增加53.49亿元（5月18日）,Wind
2021-05-18,多家银行悄然布局“碳中和”主题结构性存款落地,北京商报
2021-05-18,家居｜三棵树变更持续督导保荐机构为广发证券及保荐代表人王磊、黄璐叶丹,财经网
2021-05-18,银行“抢跑”财富管理市场新赛道 投研能力成制胜关键,中国金融新闻网
2021-05-18,国内首笔！厦门兴业银行绿金业务再添新品,海峡导报
2021-05-18,A股融资融券日报：两融余额增加66.37亿元（5月17日）,Wind
2021-05-18,【光大金工|基金研究】规避市场风险，获得绝对收益 ——绝对收益策略研究,EBQuant
2021-05-17,中国个人可投资产将破90万亿！私人银行业务大战起硝烟,财联社
2021-05-17,福布斯2021全球上市公司2000强发布 兴业银行跻身50强,和讯
2021-05-17,银保监会发布相关批复 兴业银行私人银行部筹建获批,兴业银行
2021-05-17,A股融资融券日报：两融余额增加42.69亿元（5月14日）,Wind
2021-05-17,【银河金融张一纬】行业点评丨4月新增社融低于预期，企业信贷需求旺盛,中国银河证券研究
2021-05-16,参股公司拟重组 ST新海终止控股权变更 股价已连续涨停 控制人变化,e公司
2021-05-16,ST新海股价异动，不存在违反信息公平披露情形,Wind
2021-05-16,周末证券|白酒医药大金融要买先看“性价比”,金融投资报
2021-05-15,【银河周知】看好金融和科技相关行业价值回归的投资机会,中国银河证券研究
2021-05-15,核心资产板块呈现分化走势 逢低关注白酒、医药、大金融,金融投资报
2021-05-15,担忧贵金属风险加剧 银行集体限制交易,新浪
2021-05-14,[路演]兴业银行：“财富云”为集团形成独具特色的终端销售渠道,全景网
2021-05-14,非银金融2021Q1基金代销机构保有量点评：基金销售行业格局全披露 招行、东财的财富管理龙头优势显着,新浪
2021-05-14,一线调研｜五年试点 湖州绿色金改的成绩与新困扰,21世纪经济报道
2021-05-14,银行1Q21业绩回顾：资产负债表修复超预期 头部机构营收增长强劲,新浪
2021-05-14,北上资金本周净买入27.12亿元连续5周净买入,证券时报网
2021-05-14,兴业银行太原分行以供应链金融业务解决中小企业融资难题,中国金融新闻网
2021-05-14,“碳中和”概念金融产品层出不穷 兴业发行首笔债指挂钩结构性存款,21世纪经济报道
2021-05-14,福布斯全球企业2000强发布！中国银行跌出前十，国寿排名下降12位,新浪
2021-05-14,股份行首家！兴业银行获批筹建私人银行专营机构,零壹财经
2021-05-14,兴业银行成都分行签订碳中和公益行动认购合作协议,和讯
2021-05-14,兴业银行发行国内首笔“碳中和”债券指数结构性存款,金融界
2021-05-14,兴业银行200亿绿色融资助力南平绿色金改试验区建设,金融界
2021-05-14,首家股份制银行私行专营机构获批筹建 私人银行业务成新赛道,证券日报网
2021-05-14,招行、蚂蚁、工行拿下基金销售前三强， “大财富”下代销如何转型？,21世纪经济报道
2021-05-14,一周研读：货币政策稳定 行业业绩复苏,新浪
2021-05-14,吕家进任兴业银行党委书记 曾在建行、交行担任副行长,GPLP犀牛财经
2021-05-14,布局平湖街道 金融助力湾区 兴业银行深圳平湖支行盛大开业,南都网
2021-05-14,A股融资融券日报：两融余额减少1.64亿元（5月13日）,Wind
2021-05-14,券商晨会精华：未来货币环境对A股扰动不大 银行板块被扎堆看好,财联社
2021-05-14,银行角度看4月社融：供给端总量控制会放松，预计5月不弱【中泰银行·戴志锋/邓美君/贾靖】,传统借贷vs新型金融
2021-05-14,去年A股公司少缴600亿税,财富动力网
2021-05-14,绿色金融改革创新多点开花 银行业创新服务推动区域绿色发展,金融时报
2021-05-13,银行基本面跟踪三十一：4月社融、信贷点评：信贷需求保持稳定 结构持续优化,新浪
2021-05-13,股份制银行首家！兴业银行获批筹建私行专营机构,上证报
2021-05-13,私行专营机构批筹再开闸兴业成首家获批股份行,格隆汇
2021-05-13,兴业银行获批筹建股份制银行首家私行专营机构,北京商报
2021-05-13,纳税50强贡献上市公司纳税总额近60%,第一财经
2021-05-13,十年首降，A股公司少缴600亿！纳税50强贡献税收总额近六成，三行业税费减少超20%，白酒企业纳税贡献率最高,证券时报网
2021-05-13,A股上市股份行首季净利增速排名：平安招行兴业领先,中国经济网
2021-05-13,银行业能否扛起金融科技创新大旗？看几个关键指标就清楚了,和讯
2021-05-13,2021年一季度净值型银行理财综合能力排名发布,新华网
2021-05-13,兴业银行太原分行今年累计为辖内金融机构代投利率债65.1亿元,中国金融新闻网
2021-05-13,近期银行业数据点评：二季度银行基本面怎么看？,新浪
2021-05-13,银行行业点评：社融增速继续回落 企业中长期贷款需求旺盛,新浪
2021-05-13,受股债震荡 理财子混合类产品下跌1.48% 兴银、中银理财收益相对走强丨机警理财日报 （5月13日）,21世纪经济报道
2021-05-13,“老邮政”吕家进执掌兴业银行 “商行+投行”大战略或将提速,华夏时报
2021-05-13,A股融资融券日报：两融余额增加44.12亿元（5月12日）,Wind
2021-05-13,25股获券商买入评级 中兴通讯目标涨幅达51.85%,Wind
2021-05-13,关于4月金融数据的几点看法-招证|银行,志明看金融
2021-05-13,2家银行年内获批成立资金营运中心 现已有23家银行持证上岗,证券日报
2021-05-12,福建区域股市周报：44家机构调研美亚柏科 5只个股迎三类“热钱”流入,每日经济新闻
2021-05-12,8万亿股份行迎新掌门人：原建行副行长吕家进任兴业银行党委书记,每日经济新闻
2021-05-12,兴业银行今迎新帅！52岁吕家进续写金融职业的精彩,新浪
2021-05-12,时隔10年私行专营牌照再开闸 15万亿私行市场谁主沉浮？,新浪
2021-05-12,兴业银行新掌门吕家进难题不少：房地产信贷风险待管控 罚单、投诉不断,新浪
2021-05-12,一季度银行业监管数据点评：净利润增速由负转正 资产质量在持续改善,新浪
2021-05-12,兴业银行新掌门吕家进：将纵深推进“1234”战略，抓好绿色银行、财富银行建设,零壹财经
2021-05-12,"兴业银行现1笔大宗交易 共成交1,487.64万元",新浪
2021-05-12,北向资金连续两日净卖出，白酒股获批量增持,Wind
2021-05-12,兴业银行迎来新掌门 此前为建行副行长,中新经纬
2021-05-12,兴业银行北京分行走进校园开展反假宣传活动,证券日报网
2021-05-12,贷款利率环比回升的结构和价格维度拆解及展望——银行角度看央行1季度货币报告【中泰银行·戴志锋/邓美君/贾靖】,传统借贷vs新型金融
2021-05-12,业绩向好、豪气分红，明星基金经理加仓，银行股的春天来了？,第一财经
2021-05-12,847亿资金争夺20股：主力资金重点出击10股(名单),新浪
2021-05-12,银行股回暖？张坤谢治宇都在买，国家队、险资却撤离,Wind
2021-05-12,严重违反审慎经营规则 兴业银行南通分行两项违规被罚170万元 金融监管处罚,中国网
2021-05-12,贵金属全线下跌！2021年来多家银行“限流”贵金属投资,中新经纬
2021-05-12,兴业银行将迎新董事长,Bank资管
2021-05-12,8万亿资产银行大事件！新任党委书记亮相，曾是邮储银行上市灵魂人物,中证报
2021-05-12,张坤、谢治宇都在买 国家队、险资却撤离！这一板块分歧加大 能否上车？,证券时报
2021-05-12,兴业银行石家庄分行与华北制药跨界交流活动顺利举办,上证报
2021-05-12,空悬两年终落定！吕家进履新兴业银行，“同业之王”或迎来新任董事长,环球老虎财经
2021-05-12,板块异动丨制造业驱动银行新一轮景气周期 银行板块再度拉升,智通财经
2021-05-12,强势拉升，兴业银行大涨4%！公募基金、外资大力增持板块,资本邦
2021-05-12,银行业一季报综述暨银行业中报展望,资本邦
2021-05-12,快讯：银行股短线拉升 兴业银行涨逾4%,新浪
2021-05-12,银行股发力，兴业银行涨近4%,Wind
2021-05-12,【中信建投金融】兴业银行点评：靴子落地、符合预期、估值修复趋势开启,大金融研究
2021-05-12,逾六成上市银行不良率下降,中国银行保险报
2021-05-12,刚刚，MSCI公布最新调整！5只科创板股票进入旗舰指数系列,Wind
2021-05-12,A股融资融券日报：两融余额增加29.68亿元（5月11日）,Wind
2021-05-12,热搜刷屏！财政部突传重磅，房地产税大消息来了！,Wind
2021-05-12,北向资金动向盘点：白酒股连续拔得头筹,Wind
2021-05-12,北向资金出逃近48亿元，但不忘“吃药喝酒”，五粮液获加仓6.5亿元,21世纪经济报道
2021-05-12,【银河金融张一纬】行业动态 2021.4丨宏观经济持续修复，银行一季报盈利持续改善,中国银河证券研究
2021-05-12,建行副行长吕家进正式执掌兴业银行，私行业务有望独立持牌,券商中国
2021-05-12,防范市场风险多家银行收紧贵金属业务,中证报
2021-05-12,防范商品市场波动风险，多家银行收紧贵金属业务,Wind
2021-05-12,一季度业绩增长较快，银行股承蒙明星基金经理抬爱,Wind
2021-05-11,8万亿兴业银行换帅：建行副行长吕家进履新兴业党委书记 董监高成员变化,21世纪经济报道
2021-05-11,53岁建行副行长吕家进担任兴业银行党委书记,澎湃新闻
2021-05-11,银保监会：同意兴业银行在上海筹建兴业银行私人银行部,新浪
2021-05-11,8亿元！湖北省首单公募乡村振兴票据成功发行,证券日报网
2021-05-11,顶风作案！近期兴业银行因代收业务被持卡人投诉,资本邦
2021-05-11,北向资金在买入哪些行业的股票？【流动性跟踪第12期】,量化先行者
2021-05-11,兴业银行落地市场首笔绿色乡村振兴债,陆家嘴金融网
2021-05-11,30家资产过万亿银行员工分布及人均薪酬指标一览（2020版）,新浪
2021-05-11,银行业2021年一季报回顾-改善与分化,新浪
2021-05-11,兴业银行首季“开门红”营收净利润均实现两位数增长,搜狐
2021-05-11,逆势突围彰显“兴业合力”！兴业基金权益新基募集规模喜人,证券之星
2021-05-11,中国银河维持银行业推荐评级：宏观经济持续修复，银行一季报盈利持续改善,每日经济新闻
2021-05-11,A股融资融券日报：两融余额增加58.16亿元（5月10日）,Wind
2021-05-11,银河证券：宏观经济持续修复，利好银行业绩改善和资产质量优化,证券时报网
2021-05-11,绿色金融让南平山更青水更绿,中保网
2021-05-11,天风证券：跨境理财通试点实施细则出炉，大湾区内具备理财业务优势的银行更加受益,证券时报网
2021-05-11,国内首批可持续发展挂钩债券发行,金融时报
2021-05-10,【招商策略】人民币升值带动外资流入，加仓TMT与周期——2021年4月陆股通持股分析,招商策略研究
2021-05-10,银行周报255期：银行年报综述之零售业务篇,新浪
2021-05-10,银行行业报告-市场利率分析框架：市场利率由谁决定及走向何方？,新浪
2021-05-10,银行业4月社融预测：社融增速或将如期回落,新浪
2021-05-10,锚定碳中和！兴业银行落地全国首批可持续发展挂钩债券,金融界
2021-05-10,北向资金连续3日净买入，白酒股重获资金加仓,Wind
2021-05-10,银行业21年4月金融数据预测：4月信贷投放偏弱么？,新浪
2021-05-10,营收出现分化，不良普遍下降：38家上市银行一季度业绩出炉,中国银行保险报
2021-05-10,【行情】银行股午后走低，重庆银行跌逾4%，杭州银行、兴业银行跌超3%，宁波银行、南京银行、厦门银行、招商银行等纷纷走低,金十数据
2021-05-10,银行行业点评：“跨境理财通”试点实施细则出炉 年内有望落地,新浪
2021-05-10,银行股走弱，平安银行跌超3%,Wind
2021-05-10,A股融资融券日报：两融余额减少25.99亿元（5月7日）,Wind
2021-05-10,经济日报评论：这些银行缘何“踩线”,Wind
2021-05-10,“限流”贵金属投资 多家银行未雨绸缪,北京商报
2021-05-09,一财首席调研：信心指数连续13个月高于50，今年我国通胀总体可控,第一财经
2021-05-09,独家！兴业银行回应“持卡人被签代收协议”：已联系招联消金核实情况 不会对资金安全造成影响,新浪
2021-05-09,存银行不如买银行！A股3家银行股息率超6%，38家合计派现4900亿，6成分红率超30%,证券时报
2021-05-09,又见银行理财产品提前终止，净值化转型压力有多大？,Wind
2021-05-09,存银行不如买银行！38家A股银行派现4900亿,Wind
2021-05-08,屡禁不止！又见银行因个贷资金违规流入房地产被罚,Wind
2021-05-08,李迅雷：透过季报数据探讨投资方向,Wind
2021-05-08,兴业银行莆田分行助力莆田国投成功发行1.8亿美元境外债,金融界
2021-05-08,事关每个人借记卡！6大国有行清理“睡眠账户”,Wind
2021-05-08,民生银行回函解释业绩大降，股民不买账，称理由牵强 盈利能力下降,AI财经社
2021-05-08,北向资金丨本周扫货重点曝光，中远海控获加仓超8亿元,第一财经
2021-05-08,兴业银行(601166)：业绩继续强劲,广发证券
2021-05-08,“封堵”比特币！一经发现，注销账户,Wind
2021-05-08,银行手续费及佣金净收入获益大增 25万亿理财转型提速,新浪
2021-05-07,北向资金分化加剧，中国平安、贵州茅台再遭净卖出逾5亿元,Wind
2021-05-07,闽首单乡村振兴超短债在厦门落地,中新网
2021-05-07,银行业：业绩增长步入上行周期 建议配置,新浪
2021-05-07,板块异动丨继续看好银行板块的投资机会 银行板块短线走强,智通财经
2021-05-07,银行股持续走高，南京银行、平安银行、兴业银行均涨超3%,Wind
2021-05-07,“华福-先导控股污水处理收费收益权资产支持专项计划”成功发行,中国金融信息网
2021-05-07,A股融资融券日报：两融余额增加68.2亿元 5月6日）,Wind
2021-05-07,中银早刊-20210507,中银证券研究
2021-05-07,【银行】兴业银行—手续费收入高增，资产质量持续优化,中银证券研究
2021-05-07,盘前情报丨粮食安全问题再引关注；疫苗股又遇变数（附股）,21世纪经济报道
2021-05-07,钛白粉再迎“涨价潮”，北向资金扫货钛白粉龙头，还增持这些股（名单）,21世纪经济报道
2021-05-06,兴业银行(601166)2021年一季报点评：资产质量改善 拨备覆盖率提升,新浪
2021-05-06,北上资金净买入1.84亿元格力电器净买入居首,证券时报网
2021-05-06,银行业周报：资产质量持续向好 业绩分化趋势明显,渤海证券
2021-05-06,北向资金今日净买入格力电器5.14亿元、兴业银行4.99亿元,中金在线
2021-05-06,北向资金今日净流入1.84亿元，净卖出中国平安15.2亿元,第一财经
2021-05-06,北向资金午后加速离场，中国平安遭大幅抛售超15亿元,Wind
2021-05-06,兴业银行2020年房贷和信用卡不良率上升 核心一级资本充足率下降,GPLP犀牛财经
2021-05-06,38家银行赚走A股42%净利，市值却仅有1/8,Wind
2021-05-06,兴业银行大涨3%！招商证券：银行净利润增速或创15年来最高,资本邦
2021-05-06,睿远基金旗下产品一季度亏损超15亿元 睿远成长价值跑输业绩基准,投资时报
2021-05-06,A股融资融券日报：两融余额减少152.9亿元（5月5日 ）,Wind
2021-05-06,资产质量持续向好，业绩分化趋势明显―― 银行业周报——看好,渤海证券研究
2021-05-06,481股获券商买入评级 宇信科技目标涨幅达145.25%,Wind
2021-05-06,兴业银行：业绩优异好于预期,财富动力网
2021-05-05,5月银行策略：一季度业绩分化，主推中长期逻辑标的-招证|银行,志明看金融
2021-05-05,全部54家上市银行2020年指标排名大全,搜狐
2021-05-05,深度｜银行年报&一季报： 个股增速分化源自哪里？增速趋势展望【中泰银行·戴志锋/邓美君/贾靖】,传统借贷vs新型金融
2021-05-05,房地产贷款集中度新规影响几何：大中型银行中6家踩红线,澎湃新闻
2021-05-05,“有偿”排污护山城,经济日报
2021-05-04,2020年股份制银行科技转型再提速：招行投入首破百亿光大科研资金增速超50%,华夏时报
2021-05-03,北向资金4月扫货超520亿元，重点买入这只细分龙头,Wind
2021-05-03,外资一季度持仓路径解析：32公司被重仓超3年，4月重启加仓,Wind
2021-05-01,上市股份行十年业绩分化：谁在沉沦，谁在突进 盈利能力下降,Wind
2021-05-01,8家股份行2020年科技投入曝光：花400亿撬动了哪些业绩增长？,和讯
2021-05-01,兴业银行(601166)2021年一季报点评：轻资本业务带动增长 拨备水平加速提升,新浪
2021-05-01,【中原银行】银行行业月报：金融数据如期回落，季报分化较大,中原证券研究所
2021-04-30,21金融研究丨银行一季报全景：银行业绩全线分化，8家收入下降 盈利能力下降,21世纪经济报道
2021-04-30,兴业银行信用卡：2020年逆势前行 交易金额首破2万亿元,中金在线
2021-04-30,北向资金结束连续5日净买入，美的集团创逾2个月最大净卖出,Wind
2021-04-30,专访丨人行福州中心支行： 福建三明、南平省级绿色金融改革试验区探索推进，多款创新产品已落地,21世纪经济报道
2021-04-30,睿远基金旗下产品一季度亏损超15亿元 睿远成长价值跑输业绩基准,投资时报
2021-04-30,“财富管理”新赛道 更需有温度的服务,奥一网
2021-04-30,银行板块大幅下挫 邮储银行、南京银行跌近8% 连续下跌,证券时报网
2021-04-30,“乱扣费”风险暴露 银行调整第三方代收合作,新浪
2021-04-30,兴业银行总资产逼近8万亿！归母净利润增速创2015年以来新高，一季度财富管理业务成新亮点,金融界
2021-04-30,兴业银行1Q21点评：业绩靓丽，资产质量持续改善-招证银行,志明看金融
2021-04-30,安信证券：兴业银行(601166.SH)资产质量表现优异，给予“买入-A”评级，目标价31.40元,智通财经
2021-04-30,A股融资融券日报：两融余额减少11.12亿元（4月29日）,Wind
2021-04-30,兴业银行：2021年第一季度归属于母公司股东的净利润238.53亿元，同比增长13.67%,每日经济新闻
2021-04-30,获客难留客难 信用卡的“中年危机”,北京商报
2021-04-30,【中信建投金融】兴业银行2021一季报点评：息差稳中收强、资产质量向好，长短兼备，性价比突出,大金融研究
2021-04-29,新增获客难、存量用户难挖掘信用卡“下半场”如何抢占制高点？,北京商报
2021-04-29,公告精选：中远海控一季度净利同比增52倍；热景生物明日复牌,e公司
2021-04-29,兴业银行一季度获外资增持逾5000万股 营收净利双双两位数增长,证券时报网
2021-04-29,兴业银行一季度净利238.5亿增长13.7%，不良率微降,澎湃新闻
2021-04-29,多家上市银行披露一季报，盈利能力显着回升，3条主线掘金相关机会丨牛熊眼,第一财经
2021-04-29,兴业银行(601166.SH)一季度归母净利同比增长13.67%至238.53亿元,智通财经
2021-04-29,兴业银行：一季度净利润同比增长13.67%,Wind
2021-04-29,兴业银行一季度实现归母净利238.53亿元不良贷款双降,北京商报
2021-04-29,晚间公告丨4月29日这些公告有看头,第一财经
2021-04-29,兴业银行(601166.SH)一季度净利润升13.67%至238.53亿元,格隆汇
2021-04-29,兴业银行一季度营收净利均实现两位数增长 不良率降至1.18%,中国网
2021-04-29,兴业银行一季度净利润238.53亿增13.67%，不良贷款率下降 0.07个百分点,21世纪经济报道
2021-04-29,兴业银行首季“开门红” 营收净利润双双两位数增长,上证报
2021-04-29,兴业银行：一季度净利润238.5亿元，同比增长13.67%,Wind
2021-04-29,A股收盘综述：上证指数涨0.52%，医美题材炙手可热,Wind
2021-04-29,券商股突然爆发，白酒大跳水！八连板妖股来了,Wind
2021-04-29,银行净值化转型系列专题研究（二）兴业银行净值化转型走在行业前列,和讯
2021-04-29,解盘：资金持续流入，证券、半导体、智能音箱领涨,Wind
2021-04-29,中银证券银行业点评报告：板块公募持仓占比持续提升，看好差异化品种投资机会,每日经济新闻
2021-04-29,板块异动丨公募持仓占比持续提升 银行板块异动上扬,智通财经
2021-04-29,A股融资融券日报：两融余额增加19.61亿元（4月28日）,Wind
2021-04-29,【银行】上市银行一季报集中披露，行业基本面持续向好——银行业周报——看好,渤海证券研究
2021-04-29,（上接D450版）搜于特集团股份有限公司 关于2020年度不进行利润分配的专项说明（下转D452版）,证券日报
2021-04-29,财信证券基金行业点评：主动权益型基金21年1季报持仓分析,财信证券研究
2021-04-29,银行：板块公募持仓占比持续提升 看好差异化品种投资机会,财富动力网
2021-04-28,“将机构持有的信托受益权拆分转让给自然人”，兴业信托领百万罚单 金融监管处罚,第一财经
2021-04-28,2020年股份制银行科技转型再提速：招行投入首破百亿 光大科研资金增速超50%,华夏时报
2021-04-28,银河证券：看好银行板块尤其是差异化品种投资机会,证券时报网
2021-04-28,银行机构微博影响力哪家强？中国银行无缘前十,新浪
2021-04-28,【行情】银行板块午后弱势，兴业银行跌超2%，民生银行跌1.3%，招商银行跌1%，工商银行跌近1%,金十数据
2021-04-28,建发地产：拟发行最高10亿元中票 申购区间4%-5%,乐居财经
2021-04-28,兴业银行成都分行开展普及金融知识系列宣传活动,金融投资报
2021-04-28,商赢环球股份有限公司独立董事 关于公司2020年度与持续经营相关的 重大不确定性及强调事项段的保留意见的审计报告的独立意见,证券日报
2021-04-28,绿色投融资规模破千亿 兴业信托勇当绿色信托发展主力军,金融界
2021-04-28,14家手机银行APP仅8家开发适老化版本 语音输入“如何转账”这些APP傻傻分不清,南都报
2021-04-28,A股融资融券日报：两融余额减少23.65亿元（4月27日）,Wind
2021-04-28,多家银行携金融科技创新应用亮相 数字中国建设成果展览会亮点纷呈,新浪
2021-04-27,兴业信托收年内第二大罚单合计超380万 10日内两罚单均涉及信托受益权 金融监管处罚,华夏时报
2021-04-27,短跑、长跑、降仓、管大钱！基金经理“能力圈”画像曝光，持仓偏好原来如此,中证报
2021-04-27,招商银行喜与忧,新浪
2021-04-27,从一季报和高频探测模型看基金抱团最新变化,ZTQuant
2021-04-27,兴业银行资产增量风险小,证券市场周刊
2021-04-27,媒体速递 | 持续擦亮财富银行品牌 兴业银行、兴业基金共推权益基金旗舰精品,兴业基金
2021-04-27,银行基本面跟踪三十：Q1持仓增幅显着 继续看好板块配置价值,新浪
2021-04-27,银行指数跌0.25% 兴业银行等3股获超1000万元大单抢筹,证券日报网
2021-04-27,2021年中国股份制银行市场竞争现状分析 民生银行借拨备释放利润超百亿元,前瞻研究院
2021-04-27,福建证监局助力辖区上市公司高质量发展 兴业银行践行ESG理念,上证报
2021-04-27,兴业信托连“吃”两张罚单：总裁等数位高管被罚 合计罚没款超380万元 金融监管处罚,中国网
2021-04-27,A股融资融券日报：两融余额增加17.69亿元（4月26日）,Wind
2021-04-27,基金一季度调仓路径揭晓：白酒龙头持仓有增无减，股份制商业银行获追捧,金融投资报
2021-04-27,招行与兴业银行特别重视的FPA是什么？,和讯
2021-04-26,剑指银行“乱扣费”！央行重拳出击，新规今日起实施，多家银行调整代收业务,中证报
2021-04-26,董事长缺位20个月 兴业银行曲折“换帅” 董监高成员变化,新浪
2021-04-26,基金一季度调仓路径揭晓：茅台五粮液仍是最爱,金融投资报
2021-04-26,一季度基金加仓白酒银行电子龙头,金融投资报
2021-04-26,祺鲲科技区块链破解中小企业融资难在TMC行业实现规模化突破,和讯
2021-04-26,兴业银行发布?2020年年度可持续发展报告,云南信息报
2021-04-26,机构调仓银行股,中国经营报
2021-04-26,A股融资融券日报：两融余额减少29.83亿元（4月23日）,Wind
2021-04-26,深圳银行适老化测评结果出炉！服务设施配置哪家最完备？,南都报
2021-04-26,银行贵金属业务收紧，抄底黄金需谨慎,Wind
2021-04-26,银行贵金属业务收紧 抄底黄金需谨慎,中证报
2021-04-26,工信部发出最后通牒，多款银行APP遭点名 产品问题,Wind
2021-04-25,构建新型零售财富客户成长体系 兴业银行上线“兴旅程”权益平台,陆家嘴金融网
2021-04-25,新增500亿绿色融资 兴业银行助力内蒙古守护北疆亮丽风景线,陆家嘴金融网
2021-04-25,福建证监局：完善公司治理 助力辖区上市公司质量提升,证券时报网
2021-04-25,粤开策略：市场短期将维持横盘震荡 提前布局红五月,新浪
2021-04-25,最新！顶流基金重仓股大洗牌，40张图表全披露,Wind
2021-04-25,兴业银行德阳分行积极开展国家安全教育日宣传活动,金融投资报
2021-04-25,兴业银行德阳分行开展打击非法使用人民币图样和非法买卖流通人民币宣传活动,金融投资报
2021-04-24,首季配置金融地产开始流行， 谢治宇重仓兴业平安两家银行,红周刊
2021-04-24,国泰君安证券：一季度基金坚守白马风格依旧 景气为先,新浪
2021-04-24,北向资金回流A股，创业板指周涨逾7%,Wind
2021-04-24,博时汇融回报一年持有期混合型证券投资基金开放日常申购、转换转入及定期定额投资业务的公告,证券日报
2021-04-23,一季度公募基金又加配了哪些行业？,新浪
2021-04-23,银行行业：主动偏股基金的银行持仓分析：四大行持仓占比提升明显,新浪
2021-04-23,兴业银行落地市场首笔绿色乡村振兴债,中国金融新闻网
2021-04-23,外资和公募一起狂买这类股票,Wind
2021-04-23,基金大咖@包子君：年后基金经理关注顺周期 兴全重仓银行股,新浪
2021-04-23,兴业银行董事长“难产”的背后,环球老虎财经
2021-04-23,中银协养老金业务专业委员会四届三次全体会议在京召开,银行业协会
2021-04-23,风险加剧！多家银行限制贵金属业务|贵金属,新浪
2021-04-23,太平洋证券：金证股份（600446.SH）创新业务表现亮眼，给予“买入”评级,智通财经
2021-04-23,基金换打法：降仓位、填洼地、抓龙头,Wind
2021-04-23,一季度净值型理财产品发行量增66.46%，上市城商行、股份行或率先完成转型任务,Wind
2021-04-23,2020银信合作走强：建行家族信托规模增长46%，招行卖出4700亿信托类产品,21世纪经济报道
2021-04-23,兴业银行·兴业证券首届“双兴金象杯”私募实盘大赛一季度榜单公布,和讯
2021-04-23,社区支行成“过气网红”：门庭寥落 95家退出,北京商报
2021-04-23,银行发力数字金融建设,经济日报
2021-04-23,强化绿色金融：银行业推动投融资结构“绿色调整”,金融时报
2021-04-23,一季度股市大震荡，基金依旧高仓位应对——道达早评,每日经济新闻
2021-04-23,越跌越买？ 兴全基金谢治宇连续两个季度买入双汇发展,中国经济网
2021-04-23,公募基金首季亏损，基金经理忙补救，纷纷加仓这类股,Wind
2021-04-23,A股融资融券日报：两融余额增加33.53亿元（4月22日）,Wind
2021-04-23,多银行收紧贵金属业务，负油价事件影响到底有多大？,Wind
2021-04-23,6万亿公募首季调仓路径：增持重仓风格各异,Wind
2021-04-23,调仓凶猛！基金一季度未大幅降仓,Wind
2021-04-23,助力“碳达峰”“碳中和”商业银行竞相发力,中证报
2021-04-23,考核趋严票据被剔，银行普惠小微贷面临增长的“烦恼”,Wind
2021-04-23,考核趋严票据被剔 银行普惠小微贷面临增长的“烦恼”,证券时报
2021-04-22,银行也有“过气网红”？ 年内95家社区支行收到退出许可证,新浪
2021-04-22,六大行绿色信贷余额合计超6万亿元化石能源移出绿债支持目录无碍绿债创新脚步,证券之星
2021-04-22,多家银行调整信用卡积分规则,中国网
2021-04-22,退出95家 社区支行成“过气网红”,北京商报
2021-04-22,增强金融消费者获得感 ——兴业银行信用卡打造消保宣教立体阵营,北国网
2021-04-22,兴业银行：已全额赎回“16兴业银行二级”,Wind
2021-04-22,6个月暴增50%，融券余额首破1500亿大关,Wind
2021-04-22,上证50跌幅扩大至1%,Wind
2021-04-22,A股午盘综述：创业板指涨近1%，芯片板块集体回暖,Wind
2021-04-22,明星基金经理出手！一季报次新基金建仓这些股(名单),Wind
2021-04-22,上市银行市净率冷热不均 专家预计今年盈利增幅会更好,证券日报
2021-04-22,全球最牛主权基金一季度赚3000亿，减持多只A股,Wind
2021-04-22,【银行】银行业2020年报综述—业绩增速回正，不良出清加快,中银证券研究
2021-04-22,A股融资融券日报：两融余额增加11.59亿元（4月21日）,Wind
2021-04-22,万科释放28亿空头筹码！空头规模1520亿，影响多大,Wind
2021-04-22,10张图一览社保、多名明星基金经理最新重仓股,Wind
2021-04-22,不良贷款转让火热估值难题仍待解,Wind
2021-04-22,一季度整体仓位下滑，明星基金经理积极布局低估值板块,Wind
2021-04-22,融券余额首破1500亿，券商火速布局抢占市场,Wind
2021-04-22,一季度整体仓位下滑 明星基金经理积极布局低估值板块,证券时报
2021-04-21,2020上市银行成绩单：工建农中归母净利超千亿 14家盈利下滑 盈利能力下降,投资时报
2021-04-21,又有一批明星基金经理一季度最新持仓出炉,每日经济新闻
2021-04-21,顶流基金经理重仓股大曝光！他们如何看后市？,Wind
2021-04-21,工行上调账户贵金属产品风险等级,北京青年报
2021-04-21,一季度规模逆势增长 睿远基金傅鹏博“淡出”白酒龙头股,21世纪经济报道
2021-04-21,【行情】银行板块午后走高，平安银行涨超6%，宁波银行涨超4%，兴业银行涨3.6%，招商银行涨近2%,金十数据
2021-04-21,什么信号？银行股大涨！百亿基金和北向资金齐加仓,Wind
2021-04-21,板块异动丨板块盈利将逐季持续改善 银行股开盘拉升,智通财经
2021-04-21,银行股高开高走，平安银行放量涨近5%,Wind
2021-04-21,【行情】A股银行板块走高，平安银行涨超4%，杭州银行、兴业银行涨超1%,金十数据
2021-04-21,服务乡村振兴 兴业银行助力农发行高标准农田建设主题债券发行,陆家嘴金融网
2021-04-21,持续擦亮财富银行品牌 兴业银行、兴业基金共推权益基金旗舰精品,陆家嘴金融网
2021-04-21,体验为王 兴业银行打造信用卡全链路数字化客户经营闭环,陆家嘴金融网
2021-04-21,A股融资融券日报：两融余额增加26.01亿元（4月20日）,Wind
2021-04-20,【国盛策略】外资近期为何大幅流入？流入哪些方向？,尧望后势
2021-04-20,滨江集团(002244)：为切实提高项目融资效率 拟为滨硕公司融资事项提供9.8亿元担保 大额借贷担保,发布易
2021-04-20,【华西固收研究】房贷集中度管控后，RMBS发行几何？ ——债市周报20210418,固收江坛
2021-04-20,不良贷款转让火热 资产估值问题亟须完善,中国经营报
2021-04-20,银行信用卡积分谋变 将聚焦用户刚性需求,中国经营报
2021-04-20,零售金融2020终极PK：国有行分化 股份行“洗澡”,21世纪经济报道
2021-04-20,22家上市银行“不良”报告：4家双降 1家银行不良超2%,21世纪经济报道
2021-04-20,银行股全线复苏，杭州银行、平安银行均涨超3%,Wind
2021-04-20,银行股翻红！招商银行成今年南水加仓最多股票,资本邦
2021-04-20,探索零售财富客户成长体系 兴业银行上线“兴旅程”权益平台,中新网
2021-04-20,金融人物｜吕家进往事：“麦田守望者”的再转型,21世纪经济报道
2021-04-20,A股融资融券日报：两融余额增加83.5亿元（4月19日）,Wind
2021-04-20,积分规则调整：银行信用卡“羊毛党”老路难走,中国金融新闻网
2021-04-20,中金：如何看待近期北向资金净流入？,Wind
2021-04-20,A股资金面日报：大反攻！成交激增2000亿 外资创年内第二大净买入,中金在线
2021-04-20,零售金融2020终极PK：国有行分化，股份行“洗澡”，银行业决战AUM,21世纪经济报道
2021-04-19,当前基金发行情况如何？【流动性跟踪第十期】,量化先行者
2021-04-19,21金融研究丨零售金融2020终极PK：国有行分化，股份行“洗澡”，银行业决战AUM,21世纪经济报道
2021-04-19,集中发力家族信托！12家私人银行业务数据曝光，各有什么打法？,信托百佬汇
2021-04-19,22家上市银行“不良”报告：4家双降 ，1家银行不良超2%,21世纪经济报道
2021-04-19,兴业银行太原分行：以“绿色金融”增色“山西好风光”,中国金融新闻网
2021-04-19,北京金融法院“1号案”指向兴业银行 目前该案仍在审理之中,新浪
2021-04-19,北向资金爆买逾160亿元，新能源汽车概念股获大幅加仓,Wind
2021-04-19,基金调仓换股路径浮出水面 有色化工大金融有望掀新攻势,金融投资报
2021-04-19,机构抱团股大反攻！聪明资金埋伏一季报个股名单曝光,Wind
2021-04-19,北上资金早盘净买入138亿，刷新年内新高,Wind
2021-04-19,北京金融法院首案将开审 兴业银行成被告涉债券承销虚假陈述 诉讼纠纷,新浪
2021-04-19,A股融资融券日报：两融余额减少12.05亿元（4月16日）,Wind
2021-04-19,抢抓三大新窗口：银行业“增量空间”加速释放,中国金融新闻网
2021-04-19,融资盘小幅流出，酿酒板块率先企稳反弹,财富动力网
2021-04-18,陆港通每周观察：一周净流入247.09亿元，北向资金抄底A股了？,富途证券
2021-04-18,创新高！北上资金250亿重仓A股，7周连续扫货23股,Wind
2021-04-18,创10周新高！北上资金近250亿重仓A股，连续7周扫货23股,证券时报
2021-04-18,全球大类资产回顾：油价涨势如虹，美元4月跌跌不休,Wind
2021-04-17,林票质押贷款助力绿色金融,经济日报
2021-04-17,卖基金比买基金更赚钱？银行与基金不止于“销售”,Wind
2021-04-16,新增500亿绿色融资 兴业银行助力内蒙古推动绿色发展,中证网
2021-04-16,A股资金面日报：14个行业获主力资金净流入 北向资金本周净买入247亿元,中金在线
2021-04-16,兴业银行行长陶以平：应对气候变化 履行中国银行业责任担当,证券日报网
2021-04-16,兴业银行南京分行成功发行南京首单碳中和债,中国金融新闻网
2021-04-16,北向资金今日净买入71.53亿元，五粮液获大举净买入6.7亿元,Wind
2021-04-16,兴业消金收“砍头息”被判扣除，旗下高息APP小鲨易贷疑下架 产品问题,云掌财经
2021-04-16,陶以平：应对气候变化 贡献更大金融力量,财经网
2021-04-16,浙商证券--北向资金AI模型跟踪：结构调整期仍需谨慎【投资策略】,金融界股吧
2021-04-16,兴业银行董事长定了？建行副行长吕家进接棒,环球老虎财经
2021-04-16,北向资金动向曝光：4月15日这些个股受青睐（附名单）,云掌财经
2021-04-16,渤海证券--银行业月报：社融规模保持平稳增长，对实体经济支持力不减【行业研究】,金融界股吧
2021-04-16,A股融资融券日报：两融余额增加6.78亿元（4月15日）,Wind
2021-04-16,盘前情报丨第五批国家带量采购目录流出，大量注射剂被纳入，关注龙头药企（名单）,21世纪经济报道
2021-04-16,每日理财观察：反垄断再出手！未来5年迎来新周期,Wind
2021-04-16,港股盘前必读：国务院进一步深化“放管服”改革，美国股指刷新历史新高,Wind
2021-04-16,现任建设银行副行长吕家进将“空降”出任兴业银行董事长,Wind
2021-04-15,兴业银行、兴业基金共推权益基金旗舰精品,中证网
2021-04-15,失效的“ 周期股避险共识”：明星基金经理三寻新方向,21世纪经济报道
2021-04-15,A股资金面日报：主力资金撤离非银金融等行业 龙虎榜机构抢筹7股,中金在线
2021-04-15,持续擦亮财富银行品牌　兴业推出全新权益基金,中国金融新闻网
2021-04-15,北向资金今日净流出9.50亿元 大幅净买入兴业银行5.96亿元,中金在线
2021-04-15,建行副行长吕家进拟任兴业银行董事长 仍待监管部门核准,21世纪经济报道
2021-04-15,轮到你了，茅五泸，还有4000亿大行闪崩！,中证报
2021-04-15,绿色金融顶层设计版图浮现：去年六大行绿色贷款余额超6万亿，商业银行抢占百万亿投资风口,华夏时报
2021-04-15,北水减持腾讯11亿，加仓平安好医生、李宁；南水逆势买入兴业银行 减持股份,富途证券
2021-04-15,北向资金今日净卖出9.5亿元，比亚迪净卖出额创历史次高,Wind
2021-04-15,财信证券--银行行业月度报告：信贷需求旺盛，银行业绩确定性增强【行业研究】,金融界股吧
2021-04-15,这家疫苗被全面叫停，“油茅”遭腰斩，券商爆雷被砸跌停！,证券之星
2021-04-15,4300亿大行一度跳水5%，带领金融股全线低迷！一纸利空浮现,Wind
2021-04-15,银保监会消保局公布2020年第四季度银行业消费投诉情况：建行、工行投诉总量居前被点名,证券之星
2021-04-15,兴业银行(601166.SH)连续第七日下跌较最高位回撤27% 连续下跌,格隆汇
2021-04-15,2020年四季度股份行哪家投诉多？招行投诉量居首,新浪
2021-04-15,社保基金减持中行，吓趴了银行股？,Wind
2021-04-15,2021年我国银行贷款发展现状及发展趋势分析多家银行房贷业务“超标”，热点城市房贷利率将上行,证券之星
2021-04-15,发生了什么？A股突发跳水 泸五茅重挫 又有大牛股闪崩跌停 连续下跌,中国基金报
2021-04-15,A股突发跳水，泸五茅重挫，又有大牛股闪崩跌停,Wind
2021-04-15,解盘：抱团白马轮番调整，二胎、影视、数字货币等略涨,Wind
2021-04-15,上市后首秀成绩单：百融云创收入3年3倍，净利润增长92%,经济网
2021-04-15,银保监会：2020年四季度建行、招行、工行投诉量居前三,中新经纬
2021-04-15,银行板块走弱 兴业银行跌逾3%,中证网
2021-04-15,中泰证券--银行角度看3月社融：信贷结构持续向好，实体融资需求较旺盛【行业研究】,金融界股吧
2021-04-15,银行股走弱，兴业银行跌超5%,Wind
2021-04-15,银保监会：2020年第四季度银行业消费投诉环比减少10.4%,Wind
2021-04-15,A股融资融券日报：两融余额增加21.59亿元（4月14日）,Wind
2021-04-15,盘前情报丨券商、养猪股一季报预告冰火两重天；“五一”预计两亿人次出游超2019年同期（附股）,21世纪经济报道
2021-04-15,2021年第一期珠海港控股集团有限公司绿色可续期公司债券募集说明书摘要,中证报
2021-04-14,数据复盘｜电子行业主力资金净流入最多 机构抢筹天齐锂业等8股,同壁财经
2021-04-14,四银行2020年度气候风险压力测试动向，助力国内“定标”,21世纪经济报道
2021-04-14,北向资金今日净买入57.31亿元，京东方A净买入额创历史新高,Wind
2021-04-14,A股资金流向（4月14日）：新能源龙头获资金回流，银行股遭抛售,Wind
2021-04-14,平安银行VS兴业银行：谁能坐稳“零售新王”这把交椅？,金融界
2021-04-14,银行年报观察之四 多家银行房贷集中度超限,金融界
2021-04-14,银行发力绿色金融、数字人民币，谁是排头兵？,新京报
2021-04-14,A股融资融券日报：两融余额减少50.61亿元（4月13日）,Wind
2021-04-14,弃子变宠儿！外资狂买A股银行股，美国大行业绩也惊人,第一财经
2021-04-13,银行代销他行理财产品成为“新现象”,证券日报网
2021-04-13,15家银行理财子公司去年盈利，招银理财净利逾24亿排第一,澎湃新闻
2021-04-13,银行零售战场：13家银行私行资产达15万亿；信用卡不良率普升，渤海银行破6%,搜狐
2021-04-13,银行信用卡业绩出炉：不良率“抬头” 部分大行发卡速度放缓,中新经纬
2021-04-13,服务立行 消保先行 兴业银行青岛分行为消费者保驾护航,中国金融新闻网
2021-04-13,中国证监会行政处罚决定书（姚朝梨） 金融监管处罚,证监会
2021-04-13,乡村振兴，银行业如何发力丨解读上市银行年报之五,经济日报
2021-04-13,21家A股上市银行“大阅兵”：4家实现不良“双降”,Wind
2021-04-13,Wind医药：每日行业动态（2021-04-13）,Wind
2021-04-13,上市银行年报解读：乡村振兴 银行业如何发力,经济日报
2021-04-13,银行信用卡积分规则生变：扩线上限线下 打击积分套利,第一财经
2021-04-13,A股融资融券日报：两融余额减少31.16亿元（4月12日）,Wind
2021-04-13,A股21家银行不良贷款起底 民生银行不良率抬头显着,证券时报
2021-04-13,银行业首个碳中和方案发布 低碳金融“风起”,上证报
2021-04-13,A股21家银行不良贷款大起底 疫情冲击留重痕,证券时报
2021-04-13,兴业银行推出首张跨境电商卡,中经导报
2021-04-12,楼市贷款占比超上限，8家上市银行踩中红线！降杠杆要来了,云掌财经
2021-04-12,多家银行停止理财产品转让 投资者应合理配置资金,海峡经济
2021-04-12,乐刷科技与兴业银行常州分行达成战略合作,北国网
2021-04-12,多家银行房贷业务占比“超标”！上调利率成调控手段,中国银行保险报
2021-04-12,太平洋证券：无需对信贷增速过度悲观，关注银行业一季报行情,Wind
2021-04-12,8家上市银行房贷业务“踩红线”，建行、邮储银行均有一项指标踩线,Wind
2021-04-12,银行业周报252期：再次审视附加监管对D-SIBS的影响,新浪
2021-04-12,"不良率抬升！银行信用卡疫情症状凸显：""大块头""新增卡量放缓，区域银行高歌猛进",券商中国
2021-04-12,A股融资融券日报：两融余额减少32.23亿元（4月9日）,Wind
2021-04-12,8家上市银行房贷业务“踩红线”,Wind
2021-04-12,兴业银行落地市场首笔权益出资型碳中和债,中国金融新闻网
2021-04-12,有赚头！五大行AIC公司2020年分羹49亿,Wind
2021-04-11,8家上市银行房贷业务“踩红线”，浦发、招行压降，多家银行房地产行业贷款负增长,21世纪经济报道
2021-04-11,监管升级额度告急，房贷利率上涨周期来了丨焦点,搜狐
2021-04-10,浦发银行、哈尔滨银行、农发行因向客户转嫁成本被罚 今年监管已开出18张相关罚单 金融监管处罚,新浪
2021-04-10,“羊毛党”注意！多家银行信用卡积分规则变了！,金融时报
2021-04-10,揭秘本周大宗交易：351笔大宗交易成交68.34亿元，机构席位扫货这8只个股（附名单）,每日经济新闻
2021-04-10,私人银行排位赛：平安跻身万亿俱乐部招行户均金融资产第一,证券之星
2021-04-10,多家银行调整信用卡积分规则 精准打击薅羊毛“黑产”,证券日报
2021-04-09,"一流的财富管理银行长啥样？行长们都说这个指标最关键！这家银行已经""克隆""自己",信托百佬汇
2021-04-09,理财不保本，买基又被套！别慌，这种投资明天上新，速看攻略！,腾讯网
2021-04-09,【银行视点】央行鼓励境外金融机构落户海南；招行上调贵金属业务风险等级；宁夏银保监局迎来新局长！,金融界
2021-04-09,下一个五年，兴业银行向何处去？,Bank资管
2021-04-09,3月银行业曝光量出现上升哈尔滨银行负面舆情占比最高,云掌财经
2021-04-09,"钱宝科技汇付天下等5支付机构被兴业银行""拉黑""",中国经济网
2021-04-09,【视频教程】如何通过国联期宝APP开立期货账户,国联期货
2021-04-09,金融圈高薪“鄙视链”：基金最高，券商年终奖扣税百万,Wind
2021-04-09,兴业银行打造信用卡全链路数字化客户经营闭环,金融界
2021-04-09,从银行最新年报看银行IT市场的高增长【安信诸海滨团队】,诸海滨科新先声
2021-04-09,助力人民币国际化 兴业银行跨境人民币业务再上新台阶,兴业银行
2021-04-09,渤海证券--银行业周报：普惠小微两项政策再延期，银行业一季度表现值得关注【行业研究】,金融界股吧
2021-04-09,债券承销报价迎来重磅新规，“白菜价”承销或成历史？,新京报
2021-04-09,股份行零售转型经受疫情大考：招行稳坐零售之王 平安增速最猛,华夏时报
2021-04-09,穗莞等5市被约谈！25家银行数据披露房贷利率真实情况 其他违规处罚,南方日报
2021-04-09,A股融资融券日报：两融余额增加19.55亿元（4月8日）,Wind
2021-04-09,16家银行净息差齐降 四季度盈利能力改善明显,南都报
2021-04-09,中金：发起金融科技子公司，助推银行数字化转型,中金点睛
2021-04-09,房贷利率跳涨，银行放贷审慎，各地严查“炒房”蛛丝马迹,Wind
2021-04-09,年度报告说了啥？上市银行掌门人“擎画”未来,证券时报
2021-04-09,北京房贷利率“暂未上调”，部分银行无额度放款,Wind
2021-04-08,广州房贷全攻略：选对银行多重要？300万房贷月供少3000元！,南方+
2021-04-08,高费率虚假宣传误导消费者？“明示贷款年化利率”新规来了 欺诈造假,北京商报
2021-04-08,年报解读丨银行业绩增速放缓，多家房贷占比超标 盈利能力下降,搜狐
2021-04-08,ICBE 2021广州跨交会4月7日盛大开幕！线上线下观展人数突破7.6万人次,凤凰网
2021-04-08,银行理财3月报：净值化转型任重道远 理财收益率平稳,新浪
2021-04-08,禹洲集团商业进驻深圳，挺近布局粤港澳大湾区,中国网
2021-04-08,兴业证券建立市场首个碳中和投行行业部,兴业证券订阅号
2021-04-08,5家银行2020年涉房贷款触及红线，银行表态降低房贷占比,奥一网
2021-04-08,百傲化学(603360.SH)：三鑫投资解押700万股及质押700万股,格隆汇
2021-04-08,服务实体经济 助推乡村振兴——兴业期货“银行+保险+期货”模式再创佳绩,兴业期货
2021-04-08,银行业：发起金融科技子公司 助推银行数字化转型,新浪
2021-04-08,兴业银行首张跨境电商卡问世,信息时报
2021-04-08,转向大盘股重点看20只,证券导报
2021-04-08,兴业银行：正在积极准备个贷不良贷款批量转让,财联社
2021-04-08,股份制银行首单！兴业银行落地对公单户不良转让业务,Wind
2021-04-08,股份制银行首单！兴业银行落地对公单户不良转让业务,上证报
2021-04-08,风向已变!上海重磅出击，查处3.39亿资金违规流入楼市,Wind
2021-04-08,A股融资融券日报：两融余额增加55.88亿元（4月7日）,Wind
2021-04-08,银行业延期还本付息和信用贷款支持计划延长点评：体现政策连续性 资产质量压力有限,新浪
2021-04-08,变天！上海重磅出击 查处3.39亿资金违规流入楼市,券商中国
2021-04-08,兴业银行力挺跨境卖家品牌出海,财富动力网
2021-04-08,兴业银行股份有限公司深圳分行 与中国信达资产管理股份有限公司深圳市分公司 债权转让通知暨债务催收联合公告,证券时报网
2021-04-07,信用卡业务遭遇“阵痛期”：不良率全线反弹，工行消费额大降近20%,21世纪经济报道
2021-04-07,兴业银行与中核集团签订全面战略合作协议,中证网
2021-04-07,一季度被公募加仓的银行股业绩超预期，净息差下降是行业“大考”,第一财经
2021-04-07,中核集团与兴业银行签署战略合作协议,Wind
2021-04-07,上市银行榜单：工行比邮储多赚2千亿16家银行净息差齐降,南都报
2021-04-07,浙商银行涉重大违规遭调查2020年营收净利增长疲乏、资本充足率承压 金融监管处罚,经济观察报
2021-04-07,浙商证券--银行行业：普惠小微政策延期点评，政策稳定，精准滴灌【行业研究】,金融界股吧
2021-04-07,东北证券--银行周报：货币政策稳健，预期贷款利率向上【行业研究】,金融界股吧
2021-04-07,交易商协会启动对浙商银行自律调查 浙商回应：应是几年前承销项目,21世纪经济报道
2021-04-07,年报显示多家银行房贷占比逼近红线 相关涉房贷款增长面临压力,新浪
2021-04-07,践行“绿色银行”理念 兴业银行天津分行参与“地球一小时”活动,中国金融新闻网
2021-04-07,A股融资融券日报：两融余额增加67.42亿元（4月6日）,Wind
2021-04-07,A股早报2021年4月7日星期三,Wind
2021-04-07,【银行】银行业周报—普惠小微政策延期，行业资本要求提升,中银证券研究
2021-04-07,券商密集发布4月金股组合 20股获重点关注,证券时报
2021-04-06,扫货了！一日三只银行股现身大宗交易,21世纪经济报道
2021-04-06,金融行业周报(第十三周),新浪
2021-04-06,信用卡资产质量下滑，有股份行不良率已超6%,第一财经
2021-04-06,银行机构微博影响力哪家强？农业银行下降两名,新浪
2021-04-06,兴业银行现6.63亿元大宗交易 买方为机构席位,e公司
2021-04-06,A股共发生61宗大宗交易成交17.76亿元（4月6日）,Wind
2021-04-06,仁东控股：控股股东被动减持1.64%公司股份 减持股份,Wind
2021-04-06,透视大宗交易：4月6日共成交61笔，兴业银行成交6.63亿元,每日经济新闻
2021-04-06,"兴业银行现8笔大宗交易 共成交66,301.21万元",新浪
2021-04-06,5家银行房贷占比超标！今年涉房资金监管再升级,资本邦
2021-04-06,兴业银行今日大宗交易成交3149.68万股，成交价21.05元折价11.18%,Wind
2021-04-06,兴业银行今日大宗交易成交787.42万股，成交价21.05元折价11.18%,Wind
2021-04-06,疫情大考后，银行业整体实现净利润正增长，有大行不良率悄然走高,Wind
2021-04-06,重磅！银行“打工人”薪资大曝光,中投网
2021-04-06,兴业银行2020年报：战略转型纵深推进质量效益同步提升,金融投资报
2021-04-06,疫情大考交答卷！21家上市银行大比拼：净利增速普遍转正,中投网
2021-04-06,银行业：营收增长、报表出清、布局新机遇 重申业绩／估值V型反转,新浪
2021-04-06,银行业银行股2021年二季度投资策略：拾级而上,新浪
2021-04-06,银行业周报251期：D-SIBS附加监管要求的影响,新浪
2021-04-06,兴业银行信用卡2020年不良率2.16% 同比增0.69个百分点,中国网
2021-04-06,兴业银行推出股份行首个“关爱农民工”普惠金融综合服务方案,金融界
2021-04-06,16股受融资客青睐，净买入超5000万元,证券时报网
2021-04-06,中银证券--兴业银行：表内表外齐发力，风险抵补能力增强【公司研究】,金融界股吧
2021-04-06,兴业银行落地市场首笔权益出资型“碳中和”债,证券日报网
2021-04-06,A股融资融券日报：两融余额减少17.35亿元（4月2日）,Wind
2021-04-06,5家中大型银行个人房贷超标,广州日报
2021-04-06,25万亿市场谁领风骚？14家银行理财子业绩大比拼,Wind
2021-04-06,安信证券：二季度宏观环境、银行基本面趋势均利好银行股投资,证券时报网
2021-04-06,中金 | 银行年报的三个关键词：营收增长、报表出清、布局新机遇,中金点睛
2021-04-06,【银行-李双】拾级而上——银行股2021年二季度投资策略,安信证券研究
2021-04-06,【银行】深度研究：33页深度剖析：摩根大通如何打造资管业务护城河？,天风研究
2021-04-06,爆款助力，招行工行一季度新基金托管规模超千亿,Wind
2021-04-06,建行、邮储、招商等5家上市银行涉房贷款占比超标,中证网
2021-04-05,【中信建投银行杨荣】行业简评：《核心在附加资本要求》,eResearch杨荣团队
2021-04-05,专题︱银行1季报前瞻的框架：影响息差的核心因素【中泰银行·戴志锋/邓美君/贾靖】,传统借贷vs新型金融
2021-04-05,券商组合选择策略转向大盘股，券商四月金股出炉，重点看20股（附股）,证券时报网
2021-04-05,银行“打工人”薪资曝光 4家银行人均薪酬超50万,中国基金报
2021-04-05,近230万银行人的薪酬“曝光”，创收能力也显露出来！,中国基金报
2021-04-05,"银行""打工人""薪资大曝光：平安57万，招行53万，中信、兴业大幅加薪了！",中国基金报
2021-04-05,《系统重要性银行附加监管规定(试行)(征求意见稿)》点评：精细化监管 大行安全垫更足 中小银行资本补充压力渐显,新浪
2021-04-05,陆家嘴财经早餐2021年4月5日星期一,Wind
2021-04-04,银行薪酬大曝光！3家银行人均年薪超50万元，这家人均降薪15%,Wind
2021-04-04,银行薪酬大曝光！3家银行人均年薪超50万元，这家人均降薪15%,中证报
2021-04-04,5家上市银行个人房贷超标，还有多家逼近红线,Wind
2021-04-04,5家上市银行个人房贷超标！还有多家逼近红线，监管部门强调房地产金融审慎管理,中证报
2021-04-04,【浙商|银行梁凤洁/邱冠华】政策稳定，精准滴灌,大话金融
2021-04-04,多家银行科技投入达百亿 “真金白银”成效明显,中证报
2021-04-03,四大行砸钱超800亿！银行纷纷重金投向这一领域，实际回报如何？,中证报
2021-04-03,【招商证券】《附加监管规定》有何影响？,志明看金融
2021-04-03,重磅出炉！猛增2.46万亿，私行财富大爆发！客户近百万，规模直奔15万亿，更有猛增超50%！最新排名来了，网友：股市又立功了！,中国基金报
2021-04-03,59岁物美创始人 即将坐拥两家上市公司,亿邦动力
2021-04-03,【兴证金融 傅慧芳】同业存单周报（210327—210402）： 同业存单发行规模持续下降,兴证金融
2021-04-03,延期还本付息和信用贷款支持计划延长点评： 体现政策连续性，资产质量压力有限【中泰银行·戴志锋/邓美君/贾靖】,传统借贷vs新型金融
2021-04-03,“数说”基金抱团股聚散离合,金融投资报
2021-04-03,近十年30股成基金长期持有的“底仓” 贵州茅台等5股成绝对抱团核心,金融投资报
2021-04-03,支持实体，信贷结构如何优化,经济日报
2021-04-02,十年上市银行排位赛 宁波银行净利润增幅超362%,上证报
2021-04-02,兴业银行联合牵头为国亨化学提供35亿元银团贷款,中证网
2021-04-02,艾融软件(830799)：2020年新业务开拓+老客户升级 覆盖金融科技各领域,新浪
2021-04-02,兴业银行(601166)：表内表外齐发力 不良大幅出清,新浪
2021-04-02,兴业银行午后跌超3%！东吴证券：板块不良指标缓解，资产质量无忧,资本邦
2021-04-02,数字化共识下 银行科技比拼日渐白热化,中国金融新闻网
2021-04-02,兴业银行投48.62亿扩充朋友圈，科技硬核输出持续C位,中国电子银行网
2021-04-02,远超宇宙行！农行一年工资发出568亿 平安银行人均年薪44.5万,搜狐
2021-04-02,14家银行房贷业务面面观：浦发成功压降至红线内 数家银行仍“超限” 但预计可顺利达标,金融界
2021-04-02,14家银行房贷业务面面观：建行等5家银行部分指标超红线,财联社
2021-04-02,A股融资融券日报：两融余额减少7.5亿元（4月1日）,Wind
2021-04-02,227股获券商买入评级，鹏鼎控股目标涨幅达81.52%,Wind
2021-04-01,监管加码 龙头股遭主力抛售近10亿元 机构却仍然推荐这些银行股 股票卖空,第一财经
2021-04-01,银行零售竞争白热化，招行私行继续领跑,第一财经
2021-04-01,深度*公司*兴业银行(601166)：表内表外齐发力 风险抵补能力增强,新浪
2021-04-01,公募基金近十年重仓股大曝光：持有时间最长的竟是这两只！,每日经济新闻
2021-04-01,春风不掩战略雄心，从年报行长致辞看兴业未来,搜狐
2021-04-01,公募高光时刻！行业管理费激增近五成，这两家为持有人赚钱超千亿,搜狐
2021-04-01,63.6%的营收增长来自麦德龙中国并表，物美重新站到港交所门口，张文中胜算几何？,每日经济新闻
2021-04-01,10年30只股票：公募基金四大持仓核心和百亿底仓曝光,理财不二牛
2021-04-01,“银行系”基金公司年报亮眼光大银行单日大卖141亿,证券之星
2021-04-01,中国ESG生态系统快速成熟,经济观察网
2021-04-01,小微线上融资再添新军 兴业银行推出“e票贷”,兴业银行
2021-04-01,增添“烟火气” 兴业银行“兴惠贷”为小微企业发展注入金融活水,兴业银行
2021-04-01,禹佳服务第三方外拓加速，自我“造血”能力不断增强,乐居财经
2021-04-01,多家银行房贷占比踩线 购房者提前拿贷款要花钱插队,时代周报
2021-04-01,零售同业保持多少增长？兴业银行管理层阐述未来五年发展业绩目标,经济观察网
2021-04-01,国内首笔权益出资型“碳中和”债券落地福建,Wind
2021-04-01,兴证策略&多行业：2021年4月金股组合,新浪
2021-04-01,天风总量团队联席解读：四月市场怎么看？,新浪
2021-04-01,六银行同日披露年报：3家银行不良率攀升 农行涉诉金额达60亿 资产异常,科技新闻网
2021-04-01,兴业银行海口分行已投放信贷超500亿元,证券导报
2021-04-01,4月金股曝光！券商看好这些股，最高目标价涨超70%,Wind
2021-04-01,A股融资融券日报：两融余额增加7.31亿元（3月31日）,Wind
2021-04-01,金融“打工人”必看：银行薪酬哪家强？这家人均52万！,21世纪经济报道
2021-04-01,兴业银行(601166)：净息差上升 资产质量向好,新浪
2021-04-01,【中原银行】银行行业月报：年报陆续发布，积极关注低估值次优板块,中原证券研究所
2021-04-01,银行理财周报：理财收益率环比持平 开放式非净值型理财再现,新浪
2021-04-01,银行投资策略月报：关注一季报的潜在催化,新浪
2021-04-01,晨报0401 | 银行四月策略、三一重工（600031）、中联重科（000157）、中国神华（1088）,国泰君安证券研究
2021-04-01,见证历史，2020年基金狂赚20000亿！最全排名来了,Wind
2021-03-31,北上资金3月份净买入187.11亿元连续6个月净买入,证券时报网
2021-03-31,9大股份行业绩PK：招行净利赶超国有行，民生下滑近四成 盈利能力下降,21世纪经济报道
2021-03-31,小米宣布十年投入100亿美元造车！贵州茅台去年净利467亿,搜狐
2021-03-31,兴业银行落地市场首笔权益出资型“碳中和”债,Wind
2021-03-31,去年净息差普遍下降后今年如何走？大行高管们预计仍有压力,澎湃新闻
2021-03-31,数据解盘|今日北向资金合计净流出54.65亿元 机械行业板块遭主力资金卖出,新浪
2021-03-31,金融“打工人”必读！银行薪酬哪家强？最新数据出炉,21世纪经济报道
2021-03-31,多项经营指标创近五年最好水平！行长喊话：谁的腿脚沾满征尘，谁将率先抵达,中证报
2021-03-31,【招商证券】兴业银行：ROE领先，资产质量优异,志明看金融
2021-03-31,兴业银行(601166)：业绩强劲 战略巩固 估值有望走向溢价,广发证券
2021-03-31,银行日报：六大银行日赚31亿 银行板块有望再迎配置窗口期,中金在线
2021-03-31,857亿资金争夺20股：主力资金重点出击7股(名单),新浪
2021-03-31,挖矿遭整治、附属公司被停电，乐透互娱被比特矿业收购，双双股价大跌 连续下跌,资本邦
2021-03-31,兴业银行回应董事长空缺:待上级确定人选后会及时启动相关程序,中新经纬
2021-03-31,兴业银行发布2020年报：营业收入首次超过2000亿元,经济日报
2021-03-31,兴业银行去年净利666亿元 五年来首次实现不良“双降”,证券日报网
2021-03-31,银行股午后异动攀升，兴业银行涨超4%,Wind
2021-03-31,涉房贷款去年仍增长较快！多家银行表态：将合理控制增速,中投网
2021-03-31,兴业银行2020年报：战略转型纵深推进 质量效益同步提升,财经网
2021-03-31,年报密集发布！银行股连续2日高居北向资金增持榜第一,资本邦
2021-03-31,平安证券--兴业银行年报点评：负债端驱动息差扩张，资产质量持续夯实【公司研究】,金融界股吧
2021-03-31,兴业银行(601166)：收入增速快 中收亮眼；财富代理、投行业务发力,新浪
2021-03-31,A股融资融券日报：两融余额增加14.28亿元（3月30日）,Wind
2021-03-31,基金业盈利曝光：汇添富净利近26亿直逼一哥易方达,Wind
2021-03-31,每日理财观察：小米官宣造车，雷军挂帅,Wind
2021-03-31,兴业银行去年净利666亿增长1.15%，不良率1.25%,澎湃新闻
2021-03-31,新势力崛起，揭秘孙迪、胡宜斌、杜洋的隐形重仓股！,Wind
2021-03-31,兴业银行(601166)：资产质量全面夯实 商行+投行扬帆启航,新浪
2021-03-31,详解兴业银行2020年报：收入增速快，中收亮眼；财富代理、投行业务发力【中泰银行·戴志锋/邓美君/贾靖】,传统借贷vs新型金融
2021-03-31,【浙商|梁凤洁/邱冠华】兴业银行：战略升级，谱写新章,大话金融
2021-03-31,银行涉房贷款2020年度仍较快增长，建行、兴业、招商、邮储均表态将合理控制增速,Wind
2021-03-31,银行涉房贷款2020年度仍较快增长 建行、兴业、招商、邮储 均表态将合理控制增速,21世纪经济报道
2021-03-31,【中信建投金融】兴业银行2020年报点评：资产质量全面夯实，商行+投行扬帆起航,大金融研究
2021-03-30,不愧为银行系基金！净利最高增幅超1倍，更有代销凶猛，光大银行单日大卖141亿创纪录,金融界
2021-03-30,【中信建投银行杨荣】行业简评：《经营贷加强管理， 未来零售将偏消费》,eResearch杨荣团队
2021-03-30,兴业银行去年归属净利润回归正增长，不良5年来首次双降,第一财经
2021-03-30,银行涉房贷款2020年度仍较快增长 建行、兴业、招商、中信、邮储上限超标,21世纪经济报道
2021-03-30,快讯｜兴业银行：2020年归母净利润666.26亿元 同比增长1.15%,财经网
2021-03-30,银行机构微博影响力哪家强？浦发银行无缘前十,新浪
2021-03-30,晚间重要公告2021年3月30日星期二,Wind
2021-03-30,兴业银行(601166.SH)2020年度净利润升1.15%至666.26亿元拟10派8.02元,格隆汇
2021-03-30,兴业银行2020年营收首超2000亿元 资产负债表战略性重构基本完成,21世纪经济报道
2021-03-30,兴业银行(601166.SH)年度归母净利同比增1.15%至666.26亿元 每10股普通股派8.02元,智通财经
2021-03-30,兴业银行2020年报：净利润增长回正达666.26亿，不良五年来首次“双降”,金融界
2021-03-30,兴业银行：2020年净利润同比增长1.15% 拟10派8.02元,新浪
2021-03-30,兴业银行：2020年净利润同比增长1.15%，拟每股派0.802元,Wind
2021-03-30,兴业银行福州仓山万达支行被罚20万：违规发放个人商业用房贷款 金融监管处罚,新浪
2021-03-30,嘉化能源发布2020年年度募集资金存放与使用情况,电鳗快报
2021-03-30,A股融资融券日报：两融余额增加33.36亿元（3月29日）,Wind
2021-03-29,傅鹏博、赵诣、赵枫等基金经理隐形重仓股浮出水面,Wind
2021-03-29,明星基金经理隐形重仓股浮出水面 细分行业成重点挖掘方向,中国基金报
2021-03-29,表面上白酒股反弹，暗地里向价值风格切换？,养基司令
2021-03-29,银行业经营环境稳定，推荐两条投资主线,中信证券
2021-03-29,A股融资融券日报：两融余额增加7.98亿元（3月26日）,Wind
2021-03-28,2020年，哪家银行理财能力最强？,丁丁创e
2021-03-28,理财能力哪家强？年度数据看这仨银行！,中国银行保险报
2021-03-27,4月银行策略：息差短期或分化，经济复苏驱动-招证|银行,志明看金融
2021-03-26,阳光城为4家子公司提供约14亿元担保金额 大额借贷担保,观点地产网
2021-03-26,零售贡献营收首次超四成中信银行出招“全财富管理”,经济观察报
2021-03-26,科技融合服务 兴业银行北京分行打造北京智能化网点改造样板行,财经网
2021-03-26,银行股开始发力，杭州银行、兴业银行、南京银行涨幅居前,Wind
2021-03-26,“捡漏”二手高收益理财产品将成历史 多家银行下架理财转让业务,中投网
2021-03-26,A股融资融券日报：两融余额减少40.24亿元（3月25日）,Wind
2021-03-26,银行贵金属面临重大洗牌！浦发银行宣布清仓，兴业银行也将关停纸黄金业务 经营问题,和讯
2021-03-25,科技融合服务 兴业银行打造智能化网点改造样板行,中国金融新闻网
2021-03-25,同兴环保(003027.SZ)拟向兴业银行巢湖支行申请不超5亿元综合授信额度,格隆汇
2021-03-25,兴业银行今日大宗交易成交48.70万股，成交价20.3元折价10.61%,Wind
2021-03-25,清仓！关停！银行贵金属业务又迎当头一棒！ 经营问题,新浪
2021-03-25,百傲化学(603360.SH)：三鑫投资解除质押660万股及再质押690万股,格隆汇
2021-03-25,银行理财二手市场会“凉”吗？或与理财净值化转型相关,中投网
2021-03-25,什么信号？央行召集24家银行开会，房地产再被提及,Wind
2021-03-25,每日理财观察：欧亚大动脉被“切断”！最新情况来了,Wind
2021-03-25,A股融资融券日报：两融余额减少14.15亿元（3月24日）,Wind
2021-03-25,全国主要银行信贷结构优化调整座谈会在京召开,Wind
2021-03-24,【招商证券深度】兴业银行—市场化的标杆股份行，财富管理或成新标签,志明看金融
2021-03-24,北上资金活跃股名单(3月24日),证券时报网
2021-03-24,兴业银行今日大宗交易成交9.62万股，成交价22.56元溢价0.0%,Wind
2021-03-24,银行陆续下架理财转让业务的原因找到了：曾分批次收到监管通知,Wind
2021-03-24,A股收盘综述：上证指数下滑1.3%，碳中和、券商、白酒板块冲高回落,Wind
2021-03-24,A股融资融券日报：两融余额减少26.31亿元（3月23日）,Wind
2021-03-23,理财二手市场失宠？ 浦发民生等多家银行纷纷下架理财转让业务,第一财经
2021-03-23,银行机构微博影响力哪家强？中国银行跌出前十,新浪
2021-03-23,5张图看清！千亿市值大票年后跌幅、估值和债务规模,Wind
2021-03-23,银行业月报：2月社融表现超预期 银行业基本面逐步改善,渤海证券
2021-03-23,深度*行业*银行业周报：关注行业年报披露 大行高管人选落定,新浪
2021-03-23,年报季银行“秀肌肉” 2021年谁能跻身手机银行千万月活“天团”？,中国电子银行网
2021-03-23,2020年度全国298家银行理财能力排行榜,新浪
2021-03-23,A股融资融券日报：两融余额增加83.08亿元（3月22日）,Wind
2021-03-23,银行业周报：大学生网贷迎来监管 招行年报亮点突出,新浪
2021-03-23,顺周期属性强化银行股投资机会渐显,Wind
2021-03-22,银行板块持续走高 防御价值凸显？,第一财经
2021-03-22,银行周报：信贷数据优秀 招行业绩报喜,新浪
2021-03-22,什么情况？券商银行股集体爆发！北向资金持续扫货,Wind
2021-03-22,银行周报249期：贷款利率回升的节奏与影响,新浪
2021-03-22,银行股回暖，平安银行涨超4%,Wind
2021-03-22,银行板块拉升，招商银行、兴业银行、平安银行领涨,Wind
2021-03-22,A股融资融券日报：两融余额减少44.55亿元（3月19日）,Wind
2021-03-22,盘前情报丨巨额抄底资金来了！这些板块迎利好（附股）,21世纪经济报道
2021-03-22,41股获券商买入评级 中信证券目标涨幅达54.71%,Wind
2021-03-21,又一银行金科子公司筹建“正主”扩容如何搅局Fintech市场,北京商报
2021-03-20,北向资金再扫货：本周净买入87亿元，这些股受青睐（名单）,21世纪经济报道
2021-03-20,商业银行积极发展绿色信贷和碳金融,经济日报
2021-03-20,加大保障力度丰富金融产品,经济日报
2021-03-19,中线机会？中泰、天风、光大等知名券商研报坚定看好这几只银行股！（名单）,腾讯网
2021-03-19,A股融资融券日报：两融余额增加0.67亿元（3月18日）,Wind
2021-03-19,中金公司：盈利估值双保障，波动行情关注银行股机会,Wind
2021-03-19,“碳中和”站上风口，银行力推ESG投资,Wind
2021-03-18,银行理财周报(3／8-3／14)：理财收益率环比回升 农行加大产品发行力度,新浪
2021-03-18,A股主力资金流向（3月18日）：市场轮动加快，资金各自为战,Wind
2021-03-18,长威科技再度冲击IPO 增速放缓、销售集中等问题待解 盈利能力下降,中国网
2021-03-18,跨境业务一键办理 兴业银行单证通助力企业发展,金融投资报
2021-03-18,推出跨境电商综合金融服务方案 兴业银行亮相首届中国跨境电商交易会,上证报
2021-03-18,A股融资融券日报：两融余额增加16亿元（3月17日）,Wind
2021-03-18,杀估值背景下，关注低估的银行股,网易
2021-03-18,财信证券银行业2021年3月月度报告：实体经济增长，信贷需求表现强劲,财信证券研究
2021-03-17,海峡股交协助落地福建首个林业碳汇质押+全国首例远期碳汇融资项目,兴业证券订阅号
2021-03-17,宋城演艺跌3.91% 兴证全球基金旗下2混基持股,中国经济网
2021-03-17,全国首单！兴业银行落地2000万元“碳汇贷”,上证报
2021-03-17,兴业银行亮相跨境电商交易会 推出跨境电商综合金融服务方案,中新网
2021-03-17,全国首单！2000万元“碳汇贷”落地,Wind
2021-03-17,全国首单！2000万元“碳汇贷”落地,中国证券网
2021-03-17,这项影响银行股估值的指标，到底该怎么计算？,搜狐
2021-03-17,【中信建投银行杨荣】2月信贷数据点评：《社融连续超预期， 未来预计难延续》,eResearch杨荣团队
2021-03-17,A股融资融券日报：两融余额减少12.77亿元（3月16日）,Wind
2021-03-17,银行行业简评报告：社融连续超预期 未来预计难延续,新浪
2021-03-17,私募解读增量资金三大加仓密码,Wind
2021-03-17,服务实体经济发展扩大权益投资占比,中证报
2021-03-16,银行机构微博影响力哪家强？广发银行跌出前十,新浪
2021-03-16,银行板块逼近历史新高 三大正能量利好银行股,重庆商报
2021-03-16,上海市生物医药产业动态观察——第二期,医药地理
2021-03-16,银行(一致评级)概念股近三日最受主力资金青睐,证券时报网
2021-03-16,华扬联众(603825.SH)拟向兴业银行北京分行申请总额不超6亿元授信额度,格隆汇
2021-03-16,银行财富管理能力排名出炉，招商银行、中信银行和兴业银行位列前三！,金融界
2021-03-16,【研报掘金】银行股低估值+基本面拐点向上性价比极高 继续看好板块投资机会,证券时报网
2021-03-16,市净率冷热不均上市银行是否“安好”,中投网
2021-03-16,借贷搭售保险几时休：一年内11家银行遭通报 20张罚单超6000万元,新浪
2021-03-16,银行周报：货币政策不急转弯 社融超预期,新浪
2021-03-16,银行股高开高走，宁波银行、招商银行均涨逾3%,Wind
2021-03-16,A股融资融券日报：两融余额增加12.42亿元（3月15日）,Wind
2021-03-16,名家专栏 | 杨荣：权益市场短期浮动或将利好理财子产品销售,中信建投证券研究
2021-03-15,利欧股份(002131.SZ)为子公司与银行按合同发生的债务提供连带责任保证,智通财经
2021-03-15,利欧股份：为全资子公司提供约17500万元担保 大额借贷担保,每日经济新闻
2021-03-15,【超级大单】大白马跌停，机构砸盘超5亿！主力出逃的抱团股名单曝光 股票卖空,证券时报网
2021-03-15,八大券商主题策略：估值上升期有望来临 顺周期视角下的银行板块投资逻辑,中金在线
2021-03-15,金融行业周报(第十周),新浪
2021-03-15,银行板块估值上升期有望来临 银行龙头股票有哪些？,至诚财经
2021-03-15,四大行、两桶油、招商银行、兴业银行齐涨，力挺大市,Wind
2021-03-15,A股融资融券日报：两融余额减少27.42亿元（3月12日）,Wind
2021-03-15,中泰证券：银行板块景气度持续上行,Wind
2021-03-12,准油股份：法院冻结公司在兴业银行开立的账户 资产查封,Wind
2021-03-12,业绩亏损叠加大额债券年内到期，2张表一览这28家上市公司状况,Wind
2021-03-12,联合资信：房地产贷款集中度管理对房企的影响,新浪
2021-03-12,银行业：2月金融数据公布 信贷需求强劲,新浪
2021-03-12,A股融资融券日报：两融余额增加76.06亿元（3月11日）,Wind
2021-03-11,牛年七成基金亏损：益民基金包揽亏损冠亚军，东方周期优选亏出新低,21世纪经济报道
2021-03-11,银行业点评：新增社融表现超预期 金融机构信贷结构持续优化,新浪
2021-03-11,银行基本面跟踪二十八：需求旺 政策稳-2月社融、信贷点评,新浪
2021-03-11,银行业2021年2月金融数据点评：需求恢复 融资乐观,新浪
2021-03-11,中泰证券--银行角度看2月社融：实体信贷需求旺盛，板块景气度向【行业研究】,金融界股吧
2021-03-11,A股机会掘金：银行股强势崛起！有色、水泥等板块掀涨停潮 抓住机会了吗？,中金在线
2021-03-11,成交量创年内新低后，银行率先发力引领反击，中金给出40%上涨目标价,财联社
2021-03-11,【异动股】银行板块拉升，宁波银行(002142-CN)涨7.09%,财华社
2021-03-11,宏观需求持续向好，银行板块受提振，招商银行等大涨,证券时报网
2021-03-11,兴业银行大涨5.16%，近5日共流出39847.6万元,中新经纬
2021-03-11,【行情】银行板块开盘走高，江苏银行涨逾4%，招商银行、兴业银行、南京银行跟涨,金十数据
2021-03-11,A股融资融券日报：两融余额减少53.4亿元（3月10日）,Wind
2021-03-11,银行角度看2月社融：实体信贷需求旺盛，板块景气度向上【中泰金融·戴志锋/邓美君/贾靖】,传统借贷vs新型金融
2021-03-10,兴业银行现2笔大宗交易 共成交541.58万元,新浪
2021-03-10,兴业银行今日大宗交易成交23.66万股，成交价22.89元溢价0.0%,Wind
2021-03-10,宋城演艺跌5.26% 兴证全球基金旗下两只混基持股,中国经济网
2021-03-10,兴业银行：计划于4月13日赎回300亿元“16兴业银行二级”,Wind
2021-03-10,兴业银行泸州分行持续开展防范电信网络诈骗宣传活动,金融投资报
2021-03-10,8只“牛市超额收益明显，熊市风险控制强”基金,养基司令
2021-03-10,上海清算所年度评选揭晓 兴业银行斩获11个奖项,兴业银行
2021-03-10,A股融资融券日报：两融余额减少116.86亿元（3月9日）,Wind
2021-03-09,股市大幅回调银行板块跑赢大盘：四大行逆势上涨，招商、平安等跌超10%,21世纪经济报道
2021-03-09,350家银行最新同业存单发行计划、总资产及不良率排名,金融界
2021-03-09,2月银行业罚单报告：共218张罚单，中信银行领16张,Wind
2021-03-09,东北证券--银行业周报：解读政府工作报告，银行上涨确定【行业研究】,金融界股吧
2021-03-09,A股融资融券日报：两融余额减少48.58亿元（3月8日）,Wind
2021-03-09,【读财报】超半数银行发布业绩快报：净利润普遍增长 资产质量整体向好,面包财经
2021-03-09,利率走高大盘跌 机构唱多银行股：估值过低,财富动力网
2021-03-08,“她力量”崛起 38家A股上市银行女性董监高一览,新浪
2021-03-08,银行行业报告：基本面有望持续改善 看好板块估值提升,新浪
2021-03-08,金融科技赋能 兴业银行持续提升小微企业开户体验,金融界
2021-03-08,大连银行业青年员工以行动弘扬志愿者精神,中国金融新闻网
2021-03-08,财信证券--银行行业点评：贷款利率回升，关注资产质量【行业研究】,金融界股吧
2021-03-08,金融行业周报(第九周),新浪
2021-03-08,A股融资融券日报：两融余额减少69.43亿元（3月5日）,Wind
2021-03-08,银行业：如何看本轮银行股估值修复空间？,新浪
2021-03-08,【策略*姚佩】节后外资买了什么、卖了什么？东吴策略·行业风火轮,东吴研究所
2021-03-08,戴志锋：贷款利率上升 有望持续较长时间,新浪
2021-03-07,专题 | 贷款利率上升，有望持续较长时间——供求关系与监管政策【中泰银行·戴志锋/邓美君/贾靖】,传统借贷vs新型金融
2021-03-07,各种茅集体重挫，昔日跌停“绞肉机”却暴涨100%！,Wind
2021-03-06,银行业2021年春季投资策略：从区域分化视角看银行股投资逻辑,光大证券
2021-03-06,券商承销债券低价“过招”,Wind
2021-03-06,七成银行股估值过低渐被看多,新浪
2021-03-05,低位低价股二级市场表现火爆 “杀猪盘”股逆袭,第一财经
2021-03-05,刚刚，*ST工新被宣布退市，业绩巨亏20亿，近5万股东踩雷！“杀猪盘”股逆袭，8天7板股价翻倍，光伏龙头很“受伤” 重大损失,证券时报
2021-03-05,银行涉房贷款出台集中度管理制，昆明银行咋放贷？专家详解,搜狐
2021-03-05,银行业哪家强？100家贡献整个行业95%净利,Wind
2021-03-05,2020年中国银行业100强榜单出炉,证券时报
2021-03-05,中国平安、招商银行、中国人寿、兴业银行均跌超3%,Wind
2021-03-05,银行股走弱，宁波银行跌超6%,Wind
2021-03-05,A股融资融券日报：两融余额减少79.03亿元（3月4日）,Wind
2021-03-05,3月券商金股出炉：61股获2家以上机构推荐,证券时报
2021-03-05,3月券商金股出炉：61股获2家以上机构推荐,Wind
2021-03-05,邮储兴业位置互换 百强创造行业95%净利,证券时报
2021-03-04,超级大单：资金扫货“宇宙行” 鼠年涨超10倍大牛股牛年已经跌懵,新浪
2021-03-04,银行业复盘2017看2021：坚定看好大行,新浪
2021-03-04,银行行业-复盘2017看2021：坚定看好大行,新浪
2021-03-04,安信证券--银行业：银行股演绎进攻逻辑【行业研究】,金融界股吧
2021-03-04,中泰证券--银行基本面周度跟踪：结构性存款余额1月小幅反弹，同业存单发行力度加大(增持)03-01【行业研究】,金融界股吧
2021-03-04,【专栏】解析兴业消金业务数据：半年新增余额不到1亿，线上贷款业务占比降至4.66%,新流财经
2021-03-04,金融报道|上市银行业绩整体预喜 机构看好未来行情,财经网
2021-03-04,A股融资融券日报：两融余额增加31.85亿元（3月3日）,Wind
2021-03-04,深度*行业*银行行业动态跟踪：大力不良处置提升行业估值 看好板块后续上涨行情,新浪
2021-03-04,30家券商发布3月金股，四条选股主线曝光（附股）,Wind
2021-03-04,业绩为王估值也要匹配,证券导报
2021-03-04,2月陆股通持股分析：逆势加仓新能源，继续增配顺周期,金融界
2021-03-03,【招商策略】逆势加仓新能源，继续增配顺周期——2021年2月陆股通持股分析,招商策略研究
2021-03-03,39只银行股整体涨幅超3% 背后的逻辑是通货膨胀预期,华夏时报
2021-03-03,银行：银行股演绎进攻逻辑,新浪
2021-03-03,北上资金净买入90.10亿元中国平安净买入居首,证券时报网
2021-03-03,3月券商金股名单出炉，16股人气火爆，四条选股主线曝光（附股）,证券时报网
2021-03-03,各路资金争相抢筹 银行股成推动大盘上涨中坚力量,e公司
2021-03-03,*ST时万：公司涉及诉讼 诉讼纠纷,Wind
2021-03-03,上市银行业绩快报密集披露：整体向好 资产质量持续改善,中投网
2021-03-03,上海清算所年度评选揭晓 兴业银行斩获11个奖项,财经网
2021-03-03,银行保险爆发，外资加仓75亿，2000亿龙头却大跌,Wind
2021-03-03,大宗商品超级周期来袭？银行股上演全面爆发 发生了什么,新浪
2021-03-03,早盘平开高走 银行保险等大金融发力,第一财经
2021-03-03,银行股大幅转暖，南京银行涨超7%,Wind
2021-03-03,A股融资融券日报：两融余额增加19.67亿元（3月2日）,Wind
2021-03-02,兴业消费金融又发15亿金融债，头部消金公司为何都爱发金融债？,华夏时报
2021-03-02,赛为智能(300044.SZ)拟向兴业银行深圳分行申请不超1亿元综合授信额度,格隆汇
2021-03-02,金融行业周报(第八周),新浪
2021-03-02,中国银河--银行业2月行业动态报告：银行息差和不良率改善企业中长期贷款表现靓丽【行业研究】,金融界股吧
2021-03-02,兴业银行落地市场首单绿色权益出资型票据,搜狐
2021-03-02,金融市场流动性与监管动态周报：ETF逆势加仓 无风险利率继续上行,新浪
2021-03-02,A股融资融券日报：两融余额增加77.25亿元（3月1日）,Wind
2021-03-02,3月开门红！各种“茅”全面反攻，A股迎来业绩浪？,Wind
2021-03-01,天和防务：为全资子公司向银行申请综合授信提供担保 大额借贷担保,Wind
2021-03-01,猝不及防！11连板后，被砸一字跌停，咋回事,Wind
2021-03-01,兴业证券：2月金股组合亏损1.32% 3月荐股名单出炉 亏损,新浪
2021-03-01,首批个贷不良转让落地，国厚资产、广投资产各竞得一个资产包,Wind
2021-03-01,顺周期关注度提升，机构称3月基本面修复趋势延续,Wind
2021-03-01,中银证券3月金股出炉 兴业银行、中国太保等个股上榜,证券日报网
2021-03-01,一周净买入23亿元！北向资金狂买这个行业！重点加仓股曝光,资本邦
2021-03-01,中银证券研究部2021年3月金股组合,新浪
2021-03-01,15亿元！兴业消费金融发行2021年首期金融债券,云掌财经
2021-03-01,兴业银行等8股获融资净买入超亿元,证券时报网
2021-03-01,融资客青睐6股，江苏吴中买入占比高达37.39%,Wind
2021-03-01,A股融资融券日报：两融余额减少103.02亿元（2月26日）,Wind
2021-03-01,20家上市银行业绩快报透露“暖”意：银行盈利增速有望加快回升,金融时报
2021-03-01,盘前情报丨全球股市周五“跌”声一片，今天A股会跟吗？机构怎么看？,21世纪经济报道
2021-03-01,【银河金融张一纬/武平平】行业动态 2021.2丨银行息差和不良率改善，企业中长期贷款表现靓丽,中国银河证券研究
2021-03-01,金融周报：制度改革持续 把握金融加配机会,新浪
2021-02-28,周度跟踪 | 结构性存款余额1月小幅反弹，同业存单发行力度加大【中泰银行·戴志锋/邓美君/贾靖】,传统借贷vs新型金融
2021-02-27,一周净卖出75亿元！北向资金大幅甩卖白酒股 重点加仓股名单曝光（附股）,21世纪经济报道
2021-02-27,北上资金加仓银行股，2月份净买入逾400亿元,Wind
2021-02-27,北上资金加仓银行股 2月份净买入逾400亿元,证券时报
2021-02-26,北向资金今日净流出56.32亿元 大幅净买入兴业银行4.65亿元,中金在线
2021-02-26,难忘今宵！A股再遭“黑色星期五”，全球风声鹤唳，风暴将至还是暂时性调整？,时代在线
2021-02-26,暴跌4000亿！聪明钱“卖崩”茅台？持股市值暴降500亿，却疯狂加仓这一板块！ 连续下跌,证券时报网
2021-02-26,北向资金今日净流出56亿元，净卖出五粮液8.73亿元,第一财经
2021-02-26,农业银行拟再发14亿元信用卡不良资产ABS,Wind
2021-02-26,独家！农业银行拟再发14亿元信用卡不良资产ABS,证券时报
2021-02-26,北向资金今日净卖出56.32亿元，五粮液、贵州茅台持续遭抛售,Wind
2021-02-26,1404亿资金争夺20股：主力资金重点出击3股(名单),新浪
2021-02-26,开盘冲涨停，通信板块迎修复？北上资金节后紧急调仓,证券时报网
2021-02-26,板块轮动加速，聪明资金紧急调仓，机构抱团股持续走低（名单）,网易
2021-02-26,聪明资金悄然调仓换股 这些个股受青睐,第一财经
2021-02-26,通讯行业大幅拉升，聪明资金紧急调仓，机构抱团股持续走低,证券时报网
2021-02-26,开盘即冲涨停 这个板块迎来估值修复？聪明资金紧急调仓 机构抱团股持续走低,证券之星
2021-02-26,哪些基金开年两个月，连续录得正收益？,养基司令
2021-02-26,21家上市银行发布业绩报告 仅上海银行不良率上升 资产异常,新浪
2021-02-26,A股融资融券日报：两融余额增加2.95亿元（2月25日）,Wind
2021-02-25,性价比+价值风来袭：除了地产银行，还有这些,Wind
2021-02-25,上市银行业绩好于预期，机构认为银行股上涨的逻辑具备丨牛熊眼,第一财经
2021-02-25,太平洋--金证股份:高管宣布增持，中标多家资管机构【公司研究】,金融界股吧
2021-02-25,【行情】银行板块活跃，重庆银行涨6%，兴业银行、招商银行、邮储银行、宁波银行等跟涨,金十数据
2021-02-25,A股融资融券日报：两融余额减少10.38亿元（2月24日）,Wind
2021-02-25,精彩回顾：中融基金吴刚，顺周期集体狂欢，大金融如何上车？,恒泰睿财
2021-02-24,20家银行业绩快报出炉：华夏、浦发净利润同比下滑 上海银行资产质量依然“突出”丨银行观察 盈利能力下降,新浪
2021-02-24,银行：为何近期银行龙头个股出现调整？,新浪
2021-02-24,2021投行地板价承销第一单，有头部券商1万块承接银行债券项目，是赔本赚吆喝还是另有“隐情”？,财联社
2021-02-24,赛象科技(002337.SZ)拟向兴业银行天津分行申请授信额度4亿元,格隆汇
2021-02-24,2021投行地板价承销第一单 中金公司1万块承接银行债券项目,财联社
2021-02-24,嘉兴银行永续债承销费仅1万元中金公司入选0.01‰承销费率引业内关注,经济观察报
2021-02-24,聚龙股份(300202.SZ)：拟向兴业银行申请总计不超3亿元综合授信额度,格隆汇
2021-02-24,21观债丨“地板价”争抢银行资本债券 中金公司对嘉兴银行永续债报价仅1万,21世纪经济报道
2021-02-24,A股融资融券日报：两融余额减少8.57亿元（2月23日）,Wind
2021-02-24,盘前情报丨比特币搭上过山车 逾37万账户遭爆仓 这些个股值得关注（附股） 股票质押异常,21世纪经济报道
2021-02-24,分化明显！北向资金小幅回流 增持这些行业及个股（附股）,21世纪经济报道
2021-02-24,2月23日，A股市场银行、保险板块呈现普涨行情。业内人士表示，近期银行、保险板块表现抢眼，与较好的业绩预期有关。,中证报
2021-02-24,业绩预期提振银行保险股走势,Wind
2021-02-23,茅台翻红：抱团股还会大跌吗？机构透露布局思路,国际金融报
2021-02-23,银行股起爆 机构称还有40％上涨空间？这些低估值股备受青睐,腾讯网
2021-02-23,A股资金面日报：67亿主力资金撤离有色金属行业 中国平安获资金青睐,中金在线
2021-02-23,银行股再度爆发！行业拐点已确立？券商：估值修复仅行至半程，行情现扩散迹象，进一步挖掘区域性银行,金融界
2021-02-23,熟悉的风格又回来了，2600股下跌，龙头股回升,中证报
2021-02-23,巨丰午评：资源股分化 军工金融接力上行,巨丰财经
2021-02-23,泰州华信药业向港交所申请1.46亿美元票据上市,云掌财经
2021-02-23,银行股强势反弹 机构：宏观环境向好将成为推升估值的主逻辑丨牛熊眼,第一财经
2021-02-23,A股融资融券日报：两融余额增加99.09亿元（2月22日）,Wind
2021-02-23,财信证券银行业2021年2月月度报告：需求旺盛，行情持续修复,财信证券研究
2021-02-23,北上资金加仓银行股 机构称行情还可持续,财富动力网
2021-02-23,机构参与绿色金融主动性有待提升,经济日报
2021-02-22,2月22日北向资金成交活跃股名单,证券时报网
2021-02-22,A股资金面日报：主力资金撤离医药生物、食品饮料等行业 机构抢筹18只股,中金在线
2021-02-22,北向资金今日净流出11.14亿元 大幅净买入兴业银行6.77亿元,中金在线
2021-02-22,北向资金今日净流出11亿元，净买入兴业银行6.77亿元,第一财经
2021-02-22,北向资金今日净卖出11.14亿元，抱团股继续遭抛售,Wind
2021-02-22,【银行视点】银行互联网贷款监管升级，首批碳中和债成功落地，又一银行股权拟被转让！ 资产异常,金融界
2021-02-22,银行业周报：经济+信用+监管环境持续向好 估值修复仅行至半程,新浪
2021-02-22,银行业：历史维度看利率上行期银行股表现,新浪
2021-02-22,中国银河--银行业：互联网贷款监管定量指标发布，助力行业规范发展【行业研究】,金融界股吧
2021-02-22,银行行业跟踪：行业盈利进入上行通道 板块估值提升可期,新浪
2021-02-22,财信证券--银行行业月度报告：需求旺盛，行情持续修复【行业研究】,金融界股吧
2021-02-22,【行情】银行板块大幅分化，平安银行跌逾6%，杭州银行、无锡银行、兴业银行等跌幅居前，常熟银行、工商银行、建设银行等处于上涨状态,金十数据
2021-02-22,银行股走弱，宁波银行跌近4%,Wind
2021-02-22,A股融资融券日报：两融余额增加72.52亿元（2月19日）,Wind
2021-02-22,华泰证券：经济+政策+业绩+资金需求共振，坚定银行股投资机会,Wind
2021-02-22,A股分红10万亿，部分大市值股息率低得让人震惊,Wind
2021-02-21,A股分红10万亿，部分大市值股息率低得让人震惊,第一财经
2021-02-21,【国君大金融】金融下午茶观点汇总,欣琦看金融
2021-02-21,互联网贷款监管: 规模与集中度——《规范商业银行互联网贷款业务的通知》点评【中泰金融·戴志锋/陆婕】,传统借贷vs新型金融
2021-02-21,七大银行业绩曝光 浦发银行罕见下滑华夏银行垫底 盈利能力下降,新浪
2021-02-21,银行债务融资周报：NCD发行利率平稳 央行流动性预期引导生效,新浪
2021-02-21,银行行业周报：经济信用监管环境持续向好 估值修复仅行至半程,新浪
2021-02-21,抱团股开年巨震，顶流基金经理火速调仓！,中国基金报
2021-02-21,重磅信号！抱团股开年巨震 顶流基金经理火速调仓,中国基金报
2021-02-21,银行基本面周度跟踪：政策利率维持平稳 长端利率回升,新浪
2021-02-20,周度｜银行基本面跟踪：政策利率维持平稳，长端利率回升【中泰银行·戴志锋/邓美君/贾靖】,传统借贷vs新型金融
2021-02-20,【国君非银】掌握核心竞争优势，未来成长空间巨大——金融集团科技子公司专题报告,欣琦看金融
2021-02-20,银行业基本面跟踪二十六：看好业绩持续改善下板块趋势性机会-Q4监管指标点评,新浪
2021-02-20,银行业同业存单周报：各评级存单信用利差持续收窄,新浪
2021-02-19,【兴业金融 傅慧芳】同业存单周报（210213-210219）：各评级存单信用利差持续收窄,兴证金融
2021-02-19,上市银行估值水平目前仍处于历史低位区间 破净几乎是普遍现象,新浪
2021-02-19,福建首单碳排放权绿色信托发行,中国环境报
2021-02-19,A股融资融券日报：两融余额增加250.86亿元（2月18日）,Wind
2021-02-18,银行机构微博影响力哪家强？广发银行无缘前十,新浪
2021-02-18,"兴业银行现2笔大宗交易 共成交5,503.85万元",新浪
2021-02-18,兴业银行今日大宗交易成交198.48万股，成交价27.73元溢价0.0%,Wind
2021-02-18,兴业银行成功挂牌发行首单碳中和并购债权融资计划,陆家嘴金融网
2021-02-18,A股机会掘金：牛年首个交易日哪家强？这个板块爆发 概念股掀涨停潮！,中金在线
2021-02-18,牛年首个交易日银行板块整体走强：业绩拐点已现？股价如何走,澎湃新闻
2021-02-18,银行股盘中发力，招商银行涨4%再创新高,Wind
2021-02-18,A股融资融券日报：两融余额减少208.35亿元（2月11日）,Wind
2021-02-17,银行地产︱春节期间事件跟踪：全球经济复苏，风险偏好提升【中泰银行地产·戴志锋/陈立】,传统借贷vs新型金融
2021-02-17,银行业周报：银行板块的春节效应,新浪
2021-02-14,12家股份行排名：谁是小微金融之王？,新浪
2021-02-14,情人节来了，基金圈“夫妻档”哪家强,上证报
2021-02-10,北上资金本周抢筹股名单,证券时报网
2021-02-10,十家综合性银行财务指标分析和价格乘数一览20Q3,宏赫臻财
2021-02-10,银行业银保监会2020年数据：行业不良双降、息差环比上行,新浪
2021-02-10,银行业角度看1月社融：社融高增 制造业向好 预计2月保持强劲,新浪
2021-02-10,A股午盘综述：上证指数涨超1%创5年来新高，创业板指重返3400点,Wind
2021-02-10,银行股迅速走强，建设银行大涨5%,Wind
2021-02-10,银行行业简评报告：表内外均改善 社融大超预期,新浪
2021-02-10,A股融资融券日报：两融余额增加34.45亿元（2月9日）,Wind
2021-02-10,银行角度看1月社融：社融高增，制造业向好，预计2月保持强劲【中泰银行·戴志锋/邓美君/贾靖】,传统借贷vs新型金融
2021-02-10,银保监会2020年数据：行业不良双降、息差环比上行【中泰银行·戴志锋/邓美君/贾靖】,传统借贷vs新型金融
2021-02-10,国泰君安：当前时点银行股攻守兼备，继续推荐一线龙头,Wind
2021-02-10,晨报0210 | 四季度货币政策报告解读、1月金融数据点评,国泰君安证券研究
2021-02-09,一财首席调研：2月信心指数52.48，疫情反复不会扰乱经济恢复,第一财经
2021-02-09,深圳私人银行：客户身家800万起步，帮防小三、帮二代接班,南都报
2021-02-09,兴业银行落地市场首批“碳中和债”,Wind
2021-02-09,68只股股价创历史新高,证券时报网
2021-02-09,银行业关于四季度货币政策执行报告的点评：淡定应对政策常态化,新浪
2021-02-09,疫苗成市场风格切换催化剂，“顺周期”王者归来，相关板块霸榜本周涨幅榜,财联社
2021-02-09,银行行业跟踪：大环境利好明显 板块估值有望进一步回升,新浪
2021-02-09,威马汽车与金融机构达成115亿元战略合作,Wind
2021-02-09,A股融资融券日报：两融余额减少23.79亿元（2月8日）,Wind
2021-02-09,银行角度看央行4季度货币报告——贷款利率、存款成本与信用风险【中泰银行·戴志锋/邓美君/贾靖】,传统借贷vs新型金融
2021-02-09,国君银行 | 1月金融数据点评：新增社融好于预期，信贷结构持续向好,国泰君安证券研究
2021-02-09,收益风险比优势突出，银行板块强势依旧,Wind
2021-02-08,"18家A股上市银行2020年答卷：厦门银行成增速""黑马""，仅上海银行不良率上升",零壹财经
2021-02-08,晋中银保监局：对兴业银行晋中分行作出行政处罚，罚款20万元 金融监管处罚,Wind
2021-02-08,兴业银行成功挂牌发行首单碳中和并购债权融资计划,经济网
2021-02-08,51只股股价创历史新高,证券时报网
2021-02-08,银行行业周报：央行规范地方银行异地揽储 上市银行首份年报披露,新浪
2021-02-08,北向资金今日净买入79.3亿元，继续猛攻新能源,Wind
2021-02-08,顺周期强势 重仓基金今年以来已赚2成,金融投资报
2021-02-08,兴业银行成功挂牌发行首单碳中和并购债权融资计划,金融界
2021-02-08,中国中免、兴业银行、牧原股份、荣盛石化、汇川技术等明星股盘中均创新高,Wind
2021-02-08,散户暴力回归，将如何重塑美股生态？,Wind
2021-02-08,A股融资融券日报：两融余额减少113.4亿元（2月5日）,Wind
2021-02-08,中信证券：2021年宏观金融条件有利银行，具备高确定性机会,证券时报网
2021-02-08,复盘11年A股走势：节后8大板块成最大赢家,证券时报网
2021-02-08,银行｜社融和流动性：预期引导，收而有稳,中信证券研究
2021-02-08,国内财经媒体头版2021年2月8日星期一,Wind
2021-02-08,大金融板块上演“冰火两重天”,Wind
2021-02-07,银行基本面研究系列：制造业复苏是银行资产质量的核心变量,新浪
2021-02-07,银行基本面周度跟踪：流动性回归平稳 北向资金继续增持银行,新浪
2021-02-07,券业龙头11连跌！主力出逃牛市风向标，原因找到了 连续下跌,中证报
2021-02-07,兴业银行晋中分行被罚20万：票据贴现业务违规 金融监管处罚,新浪
2021-02-07,周度跟踪 | 流动性回归平稳，北向资金继续增持银行【中泰银行·戴志锋/邓美君/贾靖】,传统借贷vs新型金融
2021-02-07,银行基本面深度｜制造业复苏是资产质量的核心变量 ——基本面研究系列【中泰银行·戴志锋/邓美君/贾靖】,传统借贷vs新型金融
2021-02-07,“牛熊市”延续，银行股逆势上涨，是什么让“大象”成为了香饽饽？,财联社
2021-02-07,本周央行及银保监会行政处罚汇总：中信银行因反洗钱不力被罚2890万元 金融监管处罚,Wind
2021-02-07,银行业周报：互联网存款监管持续收紧 料社融高位小幅回落,新浪
2021-02-07,【ETF投资日报】银行板块火爆，相关ETF选哪个？上证50ETF连续4日遭遇减持 减持股份,新浪
2021-02-07,什么信号？社保基金“逆市”减持中行，7个月套现19亿,券商中国
2021-02-05,突发重磅！深市两大板块正式合并，市值超23万亿，百元股23只！400亿造假公司铁定退市？再涨6个涨停板也没用 欺诈造假,证券时报网
2021-02-05,6只银行股价为何创新高？ 利率反弹叠加资本补充,21世纪经济报道
2021-02-05,中泰证券--银行基本面周度跟踪：理财净值化持续推进，信用风险加速释放【行业研究】,金融界股吧
2021-02-05,招商银行连创三天新高！银行股起飞？这些大佬已布局,上证报
2021-02-05,兴业银行上海嘉定支行成功堵截一起电信诈骗事件 欺诈造假,陆家嘴金融网
2021-02-05,1月银行业罚单全景：393张罚单、罚金2.64亿,21世纪经济报道
2021-02-05,银行股持续活跃，邮储银行大涨5%,Wind
2021-02-05,中银证券--银行业周报：银行间市场利率走高，多家银行快报预喜【行业研究】,金融界股吧
2021-02-05,A股融资融券日报：两融余额减少103.37亿元（2月4日）,Wind
2021-02-04,策略日报：指数全线回落 市场二八分化,新浪
2021-02-04,兴业银行大宗交易成交45.00万股成交额1003.50万元,证券时报网
2021-02-04,海外信用评级汇总2021年2月4日星期四,Wind
2021-02-04,兴业银行今日大宗交易成交45万股，成交价22.3元折价9.97%,Wind
2021-02-04,一“酱”功成万股哭!A股险守3500点，科技白马再遭估值杀,Wind
2021-02-04,穆迪：维持兴业银行“Baa2/P-2”的存款评级，展望稳定,Wind
2021-02-04,银行股持续逆市走高，机构认为其配置价值凸显丨牛熊眼,第一财经
2021-02-04,金融服务“新姿势” 兴业银行推出手机银行“圈子”频道,金融界
2021-02-04,A股融资融券日报：两融余额减少13.1亿元（2月3日）,Wind
2021-02-04,6只银行股创新高！巴菲特门徒开始布局，银行板块彻底起飞？,券商中国
2021-02-04,千亿计划频现 银行融资加速跑,上证报
2021-02-04,商业银行补充资本工具丰富路径多,Wind
2021-02-03,37家A股上市银行2020年“成绩单”预约披露时间一览,金融界
2021-02-03,良信股份(002706.SZ)：拟开展票据池业务,格隆汇
2021-02-03,52亿债务逾期 农行渤海兴业等多家银行踩雷华夏幸福 违约失信,新浪
2021-02-03,38股主力资金净流入超亿元,证券时报网
2021-02-03,茅台继续创新高，大市值起舞小市值垫底,Wind
2021-02-03,兴银理财获评“最具潜力ESG责任投资银行理财子公司”,新浪
2021-02-03,【每日收评】资金避险情绪加重 科技股大幅跳水,财联社
2021-02-03,兴业银行再创新高！“同业之王”成功转型“商行+投行”旗舰品牌，谢治宇埋伏中国的“摩根大通”,金融界
2021-02-03,全国碳市场中的碳金融产品创新及相关建议,新浪
2021-02-03,兴业银行泸州分行积极落实“断卡行动”,金融投资报
2021-02-03,招行、平安银行、兴业银行、万华化学、中信特钢、爱美客等明星股均创新高,Wind
2021-02-03,我省试行二手房公积金组合贷款免评估,东南快报
2021-02-03,板块异动 | 年内涨幅居全行业第二喜报频传 银行板块强势上扬,智通财经
2021-02-03,银行股震荡攀升，平安银行领涨5%,Wind
2021-02-03,【行情】银行板块异动拉升，平安银行涨5%，兴业银行、杭州银行、成都银行、邮储银行等跟涨,金十数据
2021-02-03,美股“波动率末日”重演？恐慌指数闪烁警示信号,Wind
2021-02-03,A股融资融券日报：两融余额增加18.01亿元（2月2日）,Wind
2021-02-03,北向资金持仓渐趋均衡化,Wind
2021-02-02,【银华基金】交易日报 2021-02-02,新浪
2021-02-02,中国武夷(000797.SZ)拟向兴业银行申请融资不超6亿元及向平安银行申请综合授信敞口3亿元,格隆汇
2021-02-02,短贷长贷都适用 兴业普惠贷半年投放近150亿,财经网
2021-02-02,兴业银行落地市场首单绿色权益出资型票据,金融界
2021-02-02,兴业银行存量风险出清记,证券市场周刊
2021-02-02,兴业银行宜宾分行积极开展“情系游子 情暖巴蜀”反假货币宣传活动,金融投资报
2021-02-02,提升金融服务质效 兴业银行天津分行服务实体经济,中国金融新闻网
2021-02-02,平安银行跌近6%拖累银行板块，光大、浦发、邮储、兴业银行等纷纷下滑,Wind
2021-02-02,18家A股上市银行2020年整体实现净利增长 专家称符合预期,中国网
2021-02-02,咬定银行不放松？传奇大佬又曝新动向,证券时报网
2021-02-02,银行行业业绩快报综述：基本面跟踪二十四：不止于拨备反哺 景气改善进行时,新浪
2021-02-02,组合调仓-券商金股优选2021年2月,主动型量化
2021-02-02,A股融资融券日报：两融余额减少18.24亿元（2月1日）,Wind
2021-02-01,多地按揭贷款额度大幅收紧11家A股上市银行房贷集中度“越红线”,每日经济新闻
2021-02-01,【银华基金】交易日报 2021-02-01,新浪
2021-02-01,平安银行2020年净利增2.6% 上市银行“年报大戏”3月开启,中新经纬
2021-02-01,【主力资金】“猪茅”一年卖猪1800万头，产肉量可供一省全年食用，近5亿资金追捧,证券时报网
2021-02-01,银行业投资观察：资金市场流动性将如何演绎,新浪
2021-02-01,抱团股爆发，沪指重上3500！创业板次新股最猛飙100%,中国基金报
2021-02-01,22亿主力资金近三日杀入银行(一致评级)概念股,证券时报网
2021-02-01,强势股追踪主力资金连续5日净流入62股,证券时报网
2021-02-01,业绩快报持续催化板块行情，银行股到了配置窗口期？丨牛熊眼,第一财经
2021-02-01,【行情】银行板块走强，平安银行拉升涨近8%，浦发银行、兴业银行、华夏银行涨超4%,金十数据
2021-02-01,银行2月策略：“先扬”已至 阔步进取,新浪
2021-02-01,银行股午后上行，浦发银行涨超4%,Wind
2021-02-01,十大券商点出2月份“金股”！四行业最集中,Wind
2021-02-01,落地规模超700亿 兴业银行并购融资业务近翻倍增长,陆家嘴金融网
2021-02-01,A股融资融券日报：两融余额减少155.52亿元（1月29日）,Wind
2021-02-01,银行业基本面周度跟踪：理财净值化持续推进 信用风险加速释放,新浪
2021-02-01,银行基本面研究系列：专题！银行2021年息差和收入分析框架,新浪
2021-02-01,本周股市三大猜想及应对策略,财富动力网
2021-02-01,上市银行2020年业绩预告 利润增速拐点向上,金融界
2021-02-01,上市银行业绩预告：厦门银行净利增速领跑 上海银行不良率独升,网易
2021-02-01,同业存单为负债端“救火” 股份行新年发行计划“水涨船高”,财经网
2021-02-01,中泰证券2月配置观点：逢低布局，持股过节（附十大金股）,证券时报网
2021-01-31,银行基本面深度｜2021年息差和收入分析框架——基本面研究系列【中泰银行·戴志锋/邓美君/贾靖】,传统借贷vs新型金融
2021-01-30,多地银行房贷业务“急刹车” 部分购房人交易被迫搁置,华夏时报
2021-01-30,11家A股上市银行房贷集中度“越红线”，多地按揭贷款额度大幅收紧,腾讯网
2021-01-29,【银华基金】交易日报 2021-1-29,新浪
2021-01-29,阿勒泰银保监局：对太平洋财险阿勒泰中心支公司作出行政处罚，罚款10万元 金融监管处罚,Wind
2021-01-29,北上资金1月份净买入399.57亿元连续4个月净买入,证券时报网
2021-01-29,市场上最聪明的钱买什么？ ——揭晓优秀主动权益类基金最新资产配置,新浪
2021-01-29,外汇局福建省分局：台资企业资本项目管理便利试点再升级,上证报
2021-01-29,又有银行因低价包销债券挨罚 交易商协会开多起承销商违规罚单 金融监管处罚,证券时报
2021-01-29,证监会重磅发声，机会来了！,中金在线
2021-01-29,估值拐点要来？北向大买招商银行，谢治宇加仓兴业银行，私募大佬看空不做空,财联社
2021-01-29,12家银行业绩预喜，获4.9亿大单抢筹，银行股的春天要来了？,第一财经
2021-01-29,银行业简评报告：延期贷款规模6.6万亿,新浪
2021-01-29,"中泰证券--银行股基金持仓分析:4季度持仓环比上升0.14%,增配核心资产【行业研究】",金融界股吧
2021-01-29,中银证券--银行业周报：负债质量管理征求稿出台，LPR报价保持不变【行业研究】,金融界股吧
2021-01-29,A股融资融券日报：两融余额减少80.38亿元（1月28日）,Wind
2021-01-29,晨会0129｜地方两会透露出哪些信息？,中信证券研究
2021-01-29,私募发行火爆创纪录，头部机构成大赢家,Wind
2021-01-28,兴业银行现1笔大宗交易 共成交379.98万元,新浪
2021-01-28,抱团股高位连续调整，大盘险守3500点，基金经理们怎么看？,第一财经
2021-01-28,渤海证券--银行业月报：社融增速回落，银行业保持稳健运行良好态势【行业研究】,金融界股吧
2021-01-28,财富证券--银行行业点评：强化负债质量管理，保障安全稳健运营【行业研究】,金融界股吧
2021-01-28,银行行业：利率市场化背景下 净息差压力可控,新浪
2021-01-28,经济复苏加速，明星基金经理大举加仓银行股，行情压不住了,腾讯网
2021-01-28,北京文化5亿元贷款逾期 “郑爽事件”波及兴业银行、华夏银行等 违约失信,北京商报
2021-01-28,公募1月调仓动向曝光：加配银行和港股，新发基金建仓谨慎,21世纪经济报道
2021-01-28,兴业银行海口分行服务海南经济社会发展,证券导报
2021-01-28,犀牛财经早报：万盛股份实控人拟变为郭广昌 郑爽事件波及金融圈,GPLP犀牛财经
2021-01-28,12家上市银行业绩“回正”传递什么信号,金融投资网
2021-01-28,A股融资融券日报：两融余额减少3.98亿元（1月27日）,Wind
2021-01-28,【银行】社融增速回落，银行业保持稳健运行良好态势——银行业2020年12月月报——中性,渤海证券研究
2021-01-28,公募基金1月调仓动向曝光：加配银行、港股 同时建仓谨慎,21世纪经济报道
2021-01-28,公募基金1月调仓动向曝光：加配银行、港股 同时建仓谨慎,Wind
2021-01-28,公募1月调仓动向： 加配银行、港股 同时建仓谨慎,21世纪经济报道
2021-01-27,主力资金今日抢筹银行板块13亿元 业内人士：银行板块有望继续估值修复,第一财经
2021-01-27,低估值“陷阱”VS高估值“泡沫”，您纠结了吗？,万得基金
2021-01-27,首批12家上市银行业绩快报出炉 净利均正增长,腾讯网
2021-01-27,“郑爽事件”波及银行？银行的文化金融“蹊径”怎么走,北京商报
2021-01-27,【银华基金】交易日报 2021-1-27,新浪
2021-01-27,公募基金1月调仓动向曝光：加配银行和港股 新发基金建仓谨慎,21世纪经济报道
2021-01-27,上海“银行房贷停贷”？到底是怎么回事,Wind
2021-01-27,这公司年亏271亿，市值才50亿！是真窟窿，还是财务“大洗澡”？||深度 亏损,搜狐
2021-01-27,"兴业银行现1笔大宗交易 共成交1,001.06万元",新浪
2021-01-27,近三成上市银行业绩快报净利同比增长 券商称银行股将迎来板块估值修复,长江商报
2021-01-27,兴业银行乐山分行上门为老人服务获点赞,金融投资报
2021-01-27,银行基本面跟踪二十三：Q4持仓延续回升 继续看好板块修复,新浪
2021-01-27,12家银行2020年净利正增长超预期业绩刺激低估值银行股大涨,财华社
2021-01-27,分歧加剧，A股剧烈震荡！新能源有没有泡沫？白酒还香不香？北上资金似乎给出了答案,证券时报网
2021-01-27,业绩大多“回正”，估值提升逻辑验证中，银行股的春天真要来了？,财联社
2021-01-27,解盘：金融撑指数，网络游戏、网红经济、影视略涨,Wind
2021-01-27,迷之自信“科技医药” 频遭黑天鹅 投资经理们的噩梦四季度,GPLP犀牛财经
2021-01-27,上广深多地银行收紧房贷业务：放款周期拉长，有的一笔都不让放,棱镜
2021-01-27,银行股持续拉高，无锡银行一度涨停,Wind
2021-01-27,银行股盘初走高，无锡银行升逾5%领涨,Wind
2021-01-27,房贷利率上调的背后：额度普遍收紧，甚至停贷？真相来了,奥一网
2021-01-27,A股融资融券日报：两融余额减少91.71亿元（1月26日）,Wind
2021-01-27,果然“顶流”！张坤、蔡嵩松、董承非等旗下老基金上榜,中国基金报
2021-01-27,【中原银行】银行行业月报：M2增速回落，行业Q4业绩改善明显,中原证券研究所
2021-01-27,基金四季报已经披露完毕，数据显示，主动型权益基金去年四季度小幅加仓A股银行股。,中证报
2021-01-27,广州多家银行收紧房贷额度 业内：做好放款慢准备,南方日报
2021-01-27,基金有望加仓银行股估值修复将延续,中证报
2021-01-27,近三分之一上市银行业绩快报登场，去年净利润同比全部实现增长,Wind
2021-01-26,明星基金经理谢治宇大举加仓！银行股暗流涌动，这4只被基金显着增持,中证报
2021-01-26,银行机构微博影响力哪家强？平安银行下降3位,新浪
2021-01-26,中南建设为4家控股子公司提供19.42亿元担保 大额借贷担保,乐居财经
2021-01-26,传北上广深房贷紧张？北京多家银行回应：房贷申请正常，未加入“停贷”行列,搜狐
2021-01-26,上市银行“成绩单”超预期 资产质量迎来拐点,证券时报网
2021-01-26,“公募一哥”张坤股基变混基，释放什么信号？,中证报
2021-01-26,各渠道融资积极推进，低估值银行股走出上升行情！,Wind
2021-01-26,央行表态：股市泡沫已现 A股应声暴跌,新浪
2021-01-26,极致抱团会崩吗?央行马骏:泡沫已经显现-更新中,中财网
2021-01-26,快讯|谢治宇调仓了！兴全合润1月以来大幅加仓兴业银行和海康威视,每日经济新闻
2021-01-26,北京文化至暗时刻：5亿贷款逾期叠加“郑爽事件”，一大行踩雷？,21世纪经济报道
2021-01-26,首批12家银行快报出炉 净利润均回归正增长,中投网
2021-01-26,大调仓！明星基金经理行动了：大举加仓银行，次新基基本完成建仓,--
2021-01-26,郑州多家银行暂停二手房贷款业务 新房放款缓慢 经营问题,新浪
2021-01-26,楼市“王炸”级调控！部分银行个人按揭额度告急,每日经济新闻
2021-01-26,A股融资融券日报：两融余额增加71.43亿元（1月25日）,Wind
2021-01-26,深度*行业*国新办会议及负债监管文件点评：4季度银行业盈利增速修复 监管出台完善负债质量管理,新浪
2021-01-26,重磅信号！果然大调仓！明星基金经理行动了,中国基金报
2021-01-26,超预期！首批12家银行业绩快报出炉，银行股春天来了？,金融界
2021-01-26,银行理财子公司“出海”，多元配置谋收益,Wind
2021-01-26,明星基金经理大举调仓，谢治宇加仓银行板块,Wind
2021-01-26,北京文化5亿元银行贷款逾期 兴业银行踩雷 违约失信,上证报
2021-01-26,上市银行“成绩单”超预期，资产质量迎来拐点,Wind
2021-01-26,明星基金经理大举调仓 谢治宇加仓银行板块,证券时报
2021-01-26,上市银行“成绩单”超预期资产质量迎来拐点,证券时报
2021-01-26,北京文化五亿元贷款逾期 踩雷的兴业银行警惕性不够？ 违约失信,新浪
2021-01-25,牛市中失落的基金经理：基金首尾业绩相差178%,21世纪经济报道
2021-01-25,11家上市银行业绩“回正”后，不良、负债压力如何考验银行？,21世纪经济报道
2021-01-25,【银华基金】交易日报 2021-01-25,新浪
2021-01-25,房贷调查｜上海深圳广州额度紧张，有银行直言放款时间不确定,澎湃新闻
2021-01-25,【中金固收·资产证券化】再回首：CRMW在ABS市场中的应用,中金固定收益研究
2021-01-25,房贷大变天：上海惊现大行停贷 广深房贷按揭普遍暂无额度,21世纪经济报道
2021-01-25,因资金困难 北京文化在兴业银行5亿元贷款逾期 违约失信,新浪
2021-01-25,白卡纸价格上涨40%接近8000元/吨 金光纸业收购博汇纸业成白卡纸龙头,中研网
2021-01-25,兴业银行2020年全年并购业务落地规模超700亿元,中证网
2021-01-25,落地规模超700亿 兴业银行并购融资业务近翻倍增长,金融界
2021-01-25,银行业4季度持仓点评：持仓占比继续提升 看好板块1季度配置价值,新浪
2021-01-25,助力企业资本“云对接” 兴业银行开启“芝麻开花?兴投资”云路演,陆家嘴金融网
2021-01-25,兴业银行发布2020年业绩快报： 营收破2000亿 净利润正增长,陆家嘴金融网
2021-01-25,银行业：莫低估“处置不良3万亿元”和“负增长1.8%”的历史意义,新浪
2021-01-25,银行业专题报告：如何理解市场对银行基本面的担忧,新浪
2021-01-25,开局新部署④丨银行业积极探索碳金融服务,中国经济时报
2021-01-25,私行14万亿资产转向股权投资,中国经营报
2021-01-25,10家上市银行快报出炉，净利润均实现正增长,中国银行保险报
2021-01-25,A股融资融券日报：两融余额减少11.18亿元（1月22日）,Wind
2021-01-25,国新办发布会及负债质量管理办法解析：4Q20利润增长强劲 坚定银行价值机会,新浪
2021-01-25,银行行业跟踪：银行业经营分化 继续看好零售银行及优势区域中小行,新浪
2021-01-25,银行业20Q4金融板块持仓：连续两个季度仓位回升 加仓中国平安、东财和兴业,新浪
2021-01-25,高仓位“抱团”风格强化，基金老将警惕“口号式”投资,Wind
2021-01-25,63份年度业绩快报亮相，超八成实现净利润同比增长,Wind
2021-01-25,北上资金连续12周净流入 30股登上成交活跃榜,证券时报
2021-01-24,北上资金重点加仓名单出炉！12股新纳入沪深股通标的,证券时报网
2021-01-24,银行业绩快报抢先看：净利润齐增长、不良率下滑，中小银行负债承压,第一财经
2021-01-24,炸锅！400亿基金经理几乎全仓半导体，还有人更激进,中国基金报
2021-01-24,银行业同业存单周报：发行利率续升 到期量大增,新浪
2021-01-24,基金持股集中度持续上升，重仓股TOP5有这些,券商中国
2021-01-24,凛冬将至！多家银行被爆停贷！万亿房企债务将到期,21世纪经济报道
2021-01-24,净利正增长、资产质量持续改善 10家上市银行业绩快报接连报喜,北京商报
2021-01-23,A股开年上涨超百点，过半中小银行股价逆势下跌,华夏时报
2021-01-23,开年中小银行涨幅排行榜出炉，厦门银行跌幅最大,华夏时报
2021-01-23,新大陆(000997.SZ)：拟向2家银行申请综合授信额度合计14亿元,格隆汇
2021-01-23,兴业银行：服务“十四五” 勇当服务福建排头兵,金融界
2021-01-23,共抓大保护 兴业银行加入长江生态环保产业联盟,证券日报网
2021-01-23,8家上市银行业绩快报实现净利正增长 传递什么信号,经济观察网
2021-01-23,银行业同业存单周报：存单发行规模持续提升,新浪
2021-01-23,8家上市银行净利增速转正，传递什么信号？,Wind
2021-01-23,房贷新规与信贷变局：房企债务置换有新花样,Wind
2021-01-23,北上资金连续12周净买入，左手卖酒右手“存”银行,Wind
2021-01-23,2020年基金迎来“大丰收”,Wind
2021-01-22,读懂这些股票，就读懂了A股核心资产,老罗话指数投资
2021-01-22,首批8家银行业绩快报出炉：盈利能力触底反弹，本轮坏账周期或接近顶峰,21世纪经济报道
2021-01-22,净利增长、资产质量改善 首批8家上市银行2020年度业绩接连报喜,新浪
2021-01-22,兴业银行陶以平：融入新发展格局 推动高质量发展,新浪
2021-01-22,泰禾债务重组现曙光 四大AMC已成三家,每经网
2021-01-22,“抱团股”松动为哪般,中国金融新闻网
2021-01-22,共抓长江大保护，助推绿色新发展 ——兴业银行重庆分行落地花溪河综合治理PPP项目,上游新闻
2021-01-22,A股融资融券日报：两融余额增加110.85亿元（1月21日）,Wind
2021-01-22,首批业绩快报释放信号：银行业全年盈利或好于预期,中国金融新闻网
2021-01-22,需求逐渐释放 RMBS发行迎来复苏,上证报
2021-01-22,40家头部上市房企总市值2天蒸发超千亿！融资“三道红线”扩围、房贷“五档分类”地产股还有春天吗 连续下跌,证券日报
2021-01-21,【银华基金】交易日报 2021-1-21,新浪
2021-01-21,给基金会捐款能拿原始股，饱受质疑的泰利能源又推行合伙人模式,新浪
2021-01-21,交易商协会：2020年内共进行自律处分57例,Wind
2021-01-21,交易商协会发布2020年主承承销排行，兴业银行、中信银行和工商银行位列前三,Wind
2021-01-21,光大银行2020年营收增速转正至1.26%，银行板块年初至今累涨8%跑赢大盘,搜狐
2021-01-21,百亿私募林园回应：为什么不看好银行还买银行指基？,中国基金报
2021-01-21,总量团队联席解读：流动性变奏 市场如何找寻方向？,新浪
2021-01-21,央行表态落实碳达峰碳中和目标对银行意味着什么机会,搜狐
2021-01-21,胡润品牌榜：工行和建行跌出十强 分列第12名和第14名,新浪
2021-01-21,胡润品牌榜：工行和建行跌出十强 分列第15名和第19名,新浪
2021-01-21,互联网揽储断臂 中小银行靠啥救场？同业存单了解一下！,经济导报
2021-01-21,22天赚10亿！“巴菲特接班人”再度抢筹银行股,券商中国
2021-01-21,A股融资融券日报：两融余额增加72.63亿元（1月20日）,Wind
2021-01-20,【银华基金】交易日报 2021-1-20,新浪
2021-01-20,陆股通净买入33.94亿元，连续11日净买入,证券时报网
2021-01-20,兴业银行获沪股通连续5日净买入累计净买入7.50亿元,证券时报网
2021-01-20,日月明(300906.SZ)拟新增向兴业银行南昌站前西路支行申请综合授信额度5000万元,格隆汇
2021-01-20,太疯狂！私募基金销售也炸了 100亿、50亿单日限额被秒杀！,中国基金报
2021-01-20,私募销售火了：100亿、50亿单日限额被秒杀！,Wind
2021-01-20,太疯狂！私募销售也炸了：100亿、50亿单日限额被秒杀！权益投资大时代来了,中国基金报
2021-01-20,资金热捧近5日银行股 今日却撤离逾18亿元,第一财经
2021-01-20,2021，银行拒做“不良人”,金融界
2021-01-20,近期银行股上涨的逻辑与展望：守得云开见月明,光大证券
2021-01-20,33股受青睐，北向资金增持额超亿元,证券时报网
2021-01-20,A股融资融券日报：两融余额增加19.96亿元（1月19日）,Wind
2021-01-20,策略周报：前瞻性产业研究周报,新浪
2021-01-20,71股获券商买入评级，中铁工业目标涨幅达63.93%,Wind
2021-01-20,【华西固收研究】一图看清银行发行RMBS 20210119,固收江坛
2021-01-20,兴业银行发布业绩快报：营收破2000亿 净利润正增长,新浪
2021-01-20,助力企业资本“云对接”?兴业银行开启“芝麻开花·兴投资”云路演,云南信息报
2021-01-20,超九成机构抱团股业绩预增，1月以来市场表现强势,Wind
2021-01-20,上市银行首批业绩快报出炉 “超预期”催化板块行情,第一财经
2021-01-19,1月19日北向资金成交活跃股名单,证券时报网
2021-01-19,【银华基金】交易日报 2021-1-19,新浪
2021-01-19,银行机构微博影响力哪家强？浦发银行跌出前十,新浪
2021-01-19,上市银行首批业绩快报超预期，A股“三傻”开年成“双雄”,Wind
2021-01-19,上市银行首批业绩快报超预期，A股“三傻”开年成“双雄”,第一财经
2021-01-19,股价涨停！漩涡中的泰禾迎来转机？与部分债权人达成重组共识,奥一网
2021-01-19,同业存单依赖仍大 股份行发行计划多了5110亿,中投网
2021-01-19,泰禾债务重组再现利好：多家债权人达成一致 项目层面加速“解套”,经济观察网
2021-01-19,业绩与股价齐飞！机构大手笔抢筹年报预增股,上证报
2021-01-19,中银证券：银行业景气度上行 板块后续配置意愿有望提升,证券时报网
2021-01-19,业绩快报抢先看：29股营收利润双增长,证券时报
2021-01-19,强制捆绑销售保险，兴业银行3.5亿元贷款逾期，违规问题频发 违约失信,科技新闻网
2021-01-19,南山智尚(300918)：公告（系列）,证券时报网
2021-01-19,A股融资融券日报：两融余额增加91.11亿元（1月18日）,Wind
2021-01-19,上市银行首批业绩预告报喜 不良普遍下降,财富动力网
2021-01-19,小票反弹热点迁移，“新抱团”谁来接力？,Wind
2021-01-19,东方金诚李茜：多因素推动银行业绩回暖,证券日报
2021-01-18,闻泰科技股份有限公司 关于使用部分闲置募集资金进行现金管理的进展公告,腾讯网
2021-01-18,45亿主力资金近三日杀入银行(一致评级)概念股,证券时报网
2021-01-18,北向资金今日净买入16.37亿元，招商银行连续9日净买入,Wind
2021-01-18,1月18日晚间重要行业研究汇总(附股),中金在线
2021-01-18,兴业银行总市值突破5000亿大关 居上市银行第六位,新浪
2021-01-18,1453亿资金争夺20股：主力资金重点出击11股(名单),新浪
2021-01-18,可转债周报：低价券背后哪些因素有改善？,新浪
2021-01-18,银行板块震荡上扬 平安银行兴业银行等再创新高,证券时报网
2021-01-18,银行行业周报：社融下降不改基本面 多项政策呵护市场,新浪
2021-01-18,银行业投资观察：政策环境稳定,新浪
2021-01-18,兴业银行涨超6%，成交额超50亿元,Wind
2021-01-18,银行业绩快报反映行业共性 预计2021财报回归常态增长|微研报,第一财经
2021-01-18,太平洋证券：银行业绩拐点确认，关注年报行情,证券时报网
2021-01-18,平安银行涨逾6%再创新高,Wind
2021-01-18,策略周报：流动性预期趋于稳定 新能源车产业链领涨,国海证券
2021-01-18,银行板块走高,格隆汇
2021-01-18,保险销售与互联网领域新融合 监管部门持续强化监管,金融时报
2021-01-18,保险／银行行业周报(第二周),新浪
2021-01-18,四家上市银行公布业绩三家利润增速回正 不良率“三降一升”资产质量保持稳定,长江商报
2021-01-18,A股融资融券日报：两融余额减少24.91亿元（1月15日）,Wind
2021-01-18,A股早报2021年1月18日星期一,Wind
2021-01-18,中信证券：银行业经营环境改善 有望迎来业绩及估值的双重拐点,证券时报网
2021-01-18,52股获券商买入评级 精工钢构目标涨幅达91.73%,Wind
2021-01-18,银行业-金融统计数据新闻发布会及互联网存款新规解析：互联网存款迎新规 坚定银行配置,新浪
2021-01-18,多家不良率下降 上市银行首批2020年业绩报喜,北京商报
2021-01-18,券商晨会观点速递,第一财经
2021-01-18,8分钟充80%，“黑科技”还是“噱头”？暴涨200%大牛股遭问询 问询,国元证券订阅号
2021-01-18,国泰君安：维持银行板块增持评级 推荐招商银行等,Wind
2021-01-18,国泰君安：维持银行板块增持评级 推荐招商银行等,证券时报网
2021-01-18,财信证券银行业2021年1月月度报告：经济持续复苏，银行喜迎“开门红”,财信证券研究
2021-01-18,资金推动下暂难瓦解，“抱团股”警惕业绩估值双杀,Wind
2021-01-18,正本清源 互联网保险销售持续强化监管,金融时报
2021-01-17,产业转型资本助力 碳达峰碳中和目标可期,证券日报
2021-01-17,绿色金融可探索多种参与形式 助力“碳中和”,证券日报
2021-01-17,【金融下午茶观点汇总】后续金融板块行情将如何演绎,欣琦看金融
2021-01-17,中信建投杨荣：当下银行股的共识与分歧,新浪
2021-01-17,懒猫周报｜抱团行业筹码松动下，新风口在哪？,华尔街见闻
2021-01-17,已与部分债权人达成债务重组共识，泰禾集团债务危机或得到缓解,华夏时报网
2021-01-17,【兴证金融 傅慧芳】银行业周报（210111-210117）：20万亿信贷圆满收官，银行Q4盈利改善再确认,兴证金融
2021-01-17,下周操盘攻略：年报披露工作将拉开序幕，解禁市值升至2400亿元,Wind
2021-01-17,北向资金本周爆买面板双雄 还有大比例增仓股名单,财联社
2021-01-17,银行业同业存单周报：银行间存单信用利差持续收窄,新浪
2021-01-16,【兴业金融 傅慧芳】同业存单周报（210109-210115）：银行间存单信用利差持续收窄,兴证金融
2021-01-16,银行业：当前银行股是沸水中的冰晶,新浪
2021-01-16,银行业快报：如何看待年初至今银行股的行情,新浪
2021-01-16,爆款私募基金又来了！5天狂卖100亿 提前结束募集,券商中国
2021-01-16,兴业银行(601166)业绩快报点评：资产质量改善 具备估值优势,新浪
2021-01-16,北向资金本周狂买金融股 招商银行获得逾30亿元资金净买入,新浪
2021-01-16,股价迭创新高，招行市值赶超建行,Wind
2021-01-16,北上资金净买180亿 青睐银行扫货军工,证券时报
2021-01-16,笑到最后的还是零售银行,读懂财经
2021-01-16,火了！百万起步狂卖100亿，抛出新能源汽车“泡沫论”的杨东旗下产品狂卖！,证券时报网
2021-01-15,低价券背后哪些因素有改善？——可转债周报20210117【华创固收 | 周冠南团队】,华创债券论坛
2021-01-15,银行板块个股全线上涨追因未来分化或会进一步加大,经济观察报
2021-01-15,看好未来一年银行业绩反转估值回升（附股）,证券时报网
2021-01-15,百万起步大卖100亿，杨东旗下私募产品火了！,中国基金报
2021-01-15,震动资管圈！2021年私募第一炸：百万起步狂卖100亿，杨东旗下产品彻底火了！,中国基金报
2021-01-15,永煤违约后续 交易商协会责令兴业、光大、中原银行全面深入整改 违约失信,经济观察网
2021-01-15,主力近五日重仓银行股 机构：板块轮动、经济向好催化银行发力上涨,第一财经
2021-01-15,外资猛烈调仓，爆买招行！中金公司：还要再涨56%！“茅五”被狂卖近50亿，白酒真的到头了？,证券时报网
2021-01-15,银行股早盘拉升 邮储银行涨停｜板块牛熊榜,第一财经
2021-01-15,交易商协会公布绿债承销榜单：兴业银行承销数量及规模领先,和讯
2021-01-15,招商银行、兴业银行等58股获机构买入型评级,证券时报网
2021-01-15,收盘点评 | 指数走弱，个股却精彩纷呈,金衍君
2021-01-15,1月15日主力资金净流出254亿元,证券时报网
2021-01-15,超预期！三家银行发布快报，去年营收、净利润均呈正增长 业内看好来年银行板块走势,每日经济新闻
2021-01-15,疫情防控不放松金融服务不掉线 兴业银行泸州分行积极防疫,金融投资报
2021-01-15,招行等三家银行发布快报：去年营收、净利润均呈正增长,每日经济新闻
2021-01-15,银行股一天涨1800亿，抱团股波动加剧，撤退还是进攻？,券商中国
2021-01-15,A股探底回升银行股冲高沪指微涨 中小盘超跌反弹两市百股涨停,搜狐
2021-01-15,秦洪看盘｜超预期业绩赋能，A股市场探底企稳,澎湃新闻
2021-01-15,交易商协会：光大银行等三家银行在永煤事件中违反自律管理规则 其他违规处罚,新浪
2021-01-15,交易商协会对永煤控股相关11家机构作出处分决定 其他违规处罚,Wind
2021-01-15,北向资金今日净买入8.01亿元，银行股、保险股遭抢筹,Wind
2021-01-15,交易商协会：对光大银行、中原银行、兴业银行下发自律处分 金融监管处罚,Wind
2021-01-15,央行新年放大招，赚钱窗口再次开启,中金在线
2021-01-15,金融股大涨 抱团股熄火 风格要切换？丨市场辩论会,第一财经
2021-01-15,A股“酒醒”银行翻身，资金寻找高性价比品种,Wind
2021-01-15,三大银行业绩超预期撬动板块大涨 银行风口要来？丨行业风口,第一财经
2021-01-15,主力动向｜75股主力买入超亿元！中国平安、兴业银行、招商银行、天齐锂业、宁德时代位居前五！,上游新闻
2021-01-15,【研报掘金】龙头业绩快报或反映行业共性 看好未来一年银行业绩反转估值回升,证券时报网
2021-01-15,兴业银行(601166)2020年业绩快报点评：营收维持两位数增长 资产质量改善超预期,光大证券
2021-01-15,深度*公司*兴业银行(601166)：业绩快报超预期 盈利转正不良大幅下行,新浪
2021-01-15,三大指数下探回升：涨停超百家 主力逃离半导体板块,新浪
2021-01-15,"汽车巨头曝""大消息""后涨停！看业绩超预期股票名单",网易
2021-01-15,银行股大涨，招商银行再创历史新高，银行股会把A股带起来吗？,搜狐
2021-01-15,汽车巨头突曝“大消息”， 14万手大单封涨停！最新业绩超预期股票名单来了，相关个股率先大涨,证券时报网
2021-01-15,沪深两市涨跌互现：银行股护盘，抱团股巨震，个股涨多跌少,澎湃新闻
2021-01-15,1722亿资金争夺20股：主力资金重点出击9股(名单),新浪
2021-01-15,涨停板复盘：三大指数下探回升 注册制次新股高涨,新浪
2021-01-15,A股收盘综述：上证指数探底回升涨0.01%，宁德时代等抱团股反弹,Wind
2021-01-15,招商等3家银行2020年营收利润正增长专家：远超市场悲观预期,搜狐
2021-01-15,招商银行(600036)业绩快报点评：业绩大超预期 目标估值2.5X PB,新浪
2021-01-15,兴业银行(601166)：全年业绩增速转正 资产质量明显改善实现双降,新浪
2021-01-15,点评近期上市银行业绩快报：银行股再迎喜报 招行兴业利润增速转正,新浪
2021-01-15,兴业银行(601166)事项点评：盈利拐点确立 甩包袱轻装上阵,新浪
2021-01-15,中金料去年第四季度内银净利增44%，不良率回落,Wind
2021-01-15,房地产行业-基于124家样本银行数据的定量测算：房贷集中度新政对房企销售影响几何？,新浪
2021-01-15,兴业银行(601166)2020年业绩快报点评：受益行业反弹 转型提升估值,新浪
2021-01-15,兴业银行(601166)：利润增速转正 不良显着双降,新浪
2021-01-15,5000亿MLF刚来，降准呼声又起！机构看好这些板块,e公司
2021-01-15,【异动股】银行板块拉升，邮储银行(601658-CN)涨9.96%,财华社
2021-01-15,跟着机构有肉吃 银行板块大涨引爆市场情绪,上证报
2021-01-15,5000亿“麻辣粉”刚来，降准呼声又起！A股年报行情迅速升温，机构坚定看好这些板块,证券时报网
2021-01-15,投资风格悄然转换？银行股获主力抢筹、酒类股遭抛售 股票卖空,第一财经
2021-01-15,巨丰投顾：业绩超预期 银行股大涨下市场赚钱逻辑显现？,新浪
2021-01-15,4Q20银行业绩预览：V型反转最陡峭的一笔 启动指数级行情,新浪
2021-01-15,午评：三大指数表现弱势沪指跌0.5% 注册制次新股大涨,新浪
2021-01-15,解盘：白酒杀跌，金融撑指数，次新、高送转预期、半导体略涨,Wind
2021-01-15,三大银行业绩全线超预期 银行股还能上车吗,第一财经
2021-01-15,邮储银行(601658.SH)涨停,格隆汇
2021-01-15,“深挖洞，广积粮” ，招商银行快报，2020年拨备覆盖率提高到438%,中国经济周刊
2021-01-15,银行股大涨：多家银行去年业绩超预期，盈利边际改善得到确认,澎湃新闻
2021-01-15,民生证券：建议积极把握1-2月的银行快报行情，行情只是刚刚开始,证券时报网
2021-01-15,三大银行业绩报喜超预期 招商银行(03968)春季躁动加速爆发,智通财经
2021-01-15,A股银行板块集体爆发！还能涨多久？中金有研判,Wind
2021-01-15,平安银行、兴业银行均涨近8%，主力净流入均超4亿元,Wind
2021-01-15,"重磅信号！三大银行业绩全线超预期，银行股""春天""要来？丨牛熊眼",第一财经
2021-01-15,国泰君安银行研究团队：龙头超预期，再添一把火,国泰君安
2021-01-15,21家公司业绩快报抢先看,证券时报网
2021-01-15,【异动股】银行板块高开，平安银行(000001-CN)涨7.24%,财华社
2021-01-15,【行情】银行板块持续拉升，邮储银行封板，招商银行大涨7%，兴业银行、平安银行、宁波银行跟涨,金十数据
2021-01-15,快讯：银行板块集体高开 兴业银行涨5%,新浪
2021-01-15,【行情】银行板块集体高开，兴业银行涨5%，平安银行、邮储银行、招商银行、宁波银行等集体高开,金十数据
2021-01-15,上证指数高开0.01%，兴业银行涨超5%,Wind
2021-01-15,重磅信号！三大银行业绩全线超预期 银行风口要来？,券商中国
2021-01-15,股海导航 1月15日沪深股市公告提示,新浪
2021-01-15,“巴菲特接班人”10亿股买入一大行！银行股春天要来？,券商中国
2021-01-15,A股融资融券日报：两融余额减少33.94亿元（1月14日）,Wind
2021-01-15,银行｜政策环境稳定,中信证券研究
2021-01-15,港股盘前必读：快手通过港交所聆讯计划于2月5日在港上市,Wind
2021-01-15,兴业银行2020业绩快报：PPOP增15%，重点推荐【中泰银行·戴志锋/邓美君/贾靖】,传统借贷vs新型金融
2021-01-15,小微金融债发行拓宽银行资金来源 2021年或迎新一波热潮,金融时报
2021-01-15,财经早报：鲍威尔称短期内不会加息 2020年GDP将破百万亿,新浪
2021-01-15,晨报0115 | 蓝筹泡沫策略专题、社融拐点事件点评、精工钢构（600496）,国泰君安证券研究
2021-01-15,拓宽银行资金来源 小微金融债发行或迎新一波热潮,中国金融新闻网
2021-01-15,兴业银行营收突破2000亿元,中国金融新闻网
2021-01-15,【浙商|梁凤洁/邱冠华】兴业银行：脱胎换骨，五年最佳,大话金融
2021-01-15,三大银行四季度业绩全线超预期，银行风口要来？,券商中国
2021-01-15,三大银行四季度加速爆发:业绩全线超预期 拐点确认了？,券商中国
2021-01-14,【华西地产·行业深度】房贷集中度新政对房企销售影响几何？——基于124家样本银行数据的定量测算,地产由我说
2021-01-14,晚间公告热点追踪：一个半月大涨近60%的牛股遭遇“一字断魂刀”,新浪
2021-01-14,泰禾集团债务谜团迎转机，多家机构达成债务重组共识,AI财经社
2021-01-14,晚间重要公告2021年1月14日星期四,Wind
2021-01-14,兴业银行发布2020年业绩快报：营收破2000亿 净利润正增长,中国金融新闻网
2021-01-14,兴业银行一周连收11张罚单 涉多项违规被罚248万元 金融监管处罚,新浪
2021-01-14,三家上市银行2020年净利润增速全部转正 暗示了什么？,21世纪经济报道
2021-01-14,互联网保险可回溯管理首罚 兴业银行被通报了 金融监管处罚,新浪
2021-01-14,兴业银行发布2020年业绩快报：营收破2000亿 不良率创近五年新低,中国网
2021-01-14,【公告抢先看】晚间重要公告：永兴材料投建超宽温区超长寿命锂离子电池项目、招商银行2020年净利润973亿元,金融界
2021-01-14,晚间公告｜1月14日这些公告有看头,第一财经
2021-01-14,兴业银行：2020年实现净利润666.26亿元 同比增长1.15%,中证网
2021-01-14,兴业银行业绩预告：净利增1.15% 不良率下降0.29个百分点,第一财经
2021-01-14,股份行首份业绩快报出炉：兴业银行2020年净利润增1.15%，不良双降,21世纪经济报道
2021-01-14,1月14日上市公司晚间公告速递,新浪
2021-01-14,兴业银行(601166.SH)业绩快报：2020年度净利升1.15%至666.26亿元,格隆汇
2021-01-14,兴业银行(601166.SH)年度归母净利润同比增1.15%至666.26亿元,智通财经
2021-01-14,兴业银行：2020年净利666.26亿元 同比增长1.15%,e公司
2021-01-14,兴业银行业绩快报：2020年净利润666.26亿元，同比增加1.15%,Wind
2021-01-14,深度*行业*银行行业12月金融数据点评：企业中长期贷款多增 非标、企业债拖累社融增速,新浪
2021-01-14,总量团队联席解读：市场如何交易社融下行与流动性宽松？,新浪
2021-01-14,A股市值重构：贵州茅台等于两个宇宙行 国有大行不敌卖酱油,21世纪经济报道
2021-01-14,银行股普遍飘红，无锡银行、邮储银行、兴业银行、厦门银行领涨,Wind
2021-01-14,A股融资融券日报：两融余额增加15.74亿元（1月13日）,Wind
2021-01-14,兴业银行助力全国首个技术产权证券化产品发行,中国金融新闻网
2021-01-14,北上深个人按揭房贷额度充足,中证报
2021-01-13,留给成都银行的舒服日子不多了,中金在线
2021-01-13,周度 | 银行基本面跟踪：行业景气度向上【中泰银行·戴志锋/邓美君/贾靖】,传统借贷vs新型金融
2021-01-13,泰禾自救160天：密集沟通债权人，已有项目实现债务重组,Wind
2021-01-13,商业银行业12月金融数据点评：社融拐点进一步确认 企业长贷保持多增,新浪
2021-01-13,银行角度看12月社融：非标和年底因素扰动，银行年初项目储备较多，维持“增持”评级,中泰证券
2021-01-13,银行行业12月金融数据点评：社融增速季节性短期波动较大 不改变银行股核心投资逻辑,新浪
2021-01-13,兴业银行被银保监会点名通报：互联网保险销售存在两大问题 其他违规处罚,企查查
2021-01-13,金融行业2021年1月投资策略：迎接业绩开门红 加配优质金融股,新浪
2021-01-13,助力普惠金融发展—兴业期货“银行+保险+期货”项目成功落地山东烟台,兴业期货
2021-01-13,【邀请函】2021兴业银行投资报告策略会,搜狐
2021-01-13,A股融资融券日报：两融余额增加108.41亿元（1月12日）,Wind
2021-01-13,社融下行趋势确认，券商看好银行板块配置价值,第一财经
2021-01-13,银行角度看12月社融：非标和年底因素扰动，银行年初项目储备较多【中泰银行·戴志锋/邓美君/贾靖】,传统借贷vs新型金融
2021-01-13,同业存单计划发行量增长真相 股份行对冲结构性存款压降,21世纪经济报道
2021-01-13,国泰君安：社融增速下行利于贷款利率回升和息差走稳 维持银行板块增持评级,Wind
2021-01-12,马鞍山银保监局：对兴业银行马鞍山分行作出行政处罚，罚款48万元 金融监管处罚,Wind
2021-01-12,2020年绿债投资人排名揭榜 兴业银行位居银行业第一位,证券时报网
2021-01-12,银行行业跟踪：新考核体系侧重质效结合 当前宏观环境趋于利好,新浪
2021-01-12,因互联网保险销售违规，兴业银行被银保监会通报,零壹财经
2021-01-12,兴业银行马鞍山分行被罚48万：违规销售理财产品 金融监管处罚,新浪
2021-01-12,21调查丨同业存单计划发行量增长真相：股份行结构性存款压降 民营银行存款减少,21世纪经济报道
2021-01-12,“碳达峰”“碳中和”未来已来银行准备好了吗？,中投网
2021-01-12,银保监会通报兴业银行互联网保险销售违规问题 金融监管处罚,Wind
2021-01-12,独家丨银保监会通报兴业银行互联网保险销售违规问题 金融监管处罚,上证报
2021-01-12,兴业银行四家分支机构荣获全国“敬老文明号”称号,兴业银行
2021-01-12,A股核心指数投资价值分析,新浪
2021-01-12,A股融资融券日报：两融余额增加10.43亿元（1月11日）,Wind
2021-01-12,国君银行 | 社融拐点进一步确认，企业长贷保持多增,国泰君安证券研究
2021-01-11,兴业银行现1笔大宗交易 共成交998.84万元,新浪
2021-01-11,银行业评《信用卡透支利率市场化改革》：扩大目标客群 提升市场份额,新浪
2021-01-11,【异动股】银行板块拉升，杭州银行(600926-CN)涨5.3%,财华社
2021-01-11,银行板块发力拉升，招商银行再创新高，板块有望迎来新一轮行情,证券时报网
2021-01-11,房贷再迎“两道红线”，招行等多家银行踩中红线,资本邦
2021-01-11,银行股盘初走强，兴业银行、宁波银行、上海银行涨幅居前,Wind
2021-01-11,A股融资融券日报：两融余额减少4.31亿元（1月8日）,Wind
2021-01-11,中信固收：利率市场化再进一步,Wind
2021-01-09,4家银行踩中房贷红线，预计波及22家地产上市公司,Wind
2021-01-09,4家银行踩中房贷红线 预计波及22家地产上市公司,第一财经
2021-01-09,数家银行踩中房贷红线 预计波及约20家地产上市公司,第一财经
2021-01-09,银行房贷踩“刹车”？史上最严“限贷令”出台之后， 按揭业务“冰火两重天”,经济观察网
2021-01-08,浙江银保监局：对兴业银行杭州分行作出行政处罚，罚款30万元 金融监管处罚,Wind
2021-01-08,31亿主力资金近三日杀入银行(一致评级)概念股,证券时报网
2021-01-08,红墙股份(002809.SZ)：拟向银行申请授信合计不超14亿元,格隆汇
2021-01-08,财政部办公厅 中国人民银行办公厅关于中国光大银行、兴业银行股份有限公司“预算单位自助柜面业务系统”通过验收的通知,财政部
2021-01-08,茂业商业(600828.SH)拟向兴业银行成都分行申请授信1.6亿元,格隆汇
2021-01-08,兴业银行(601166)：同业转型积淀深厚 “商投”特色潜力可期,新浪
2021-01-08,成都银行何踩“两红 ”？,云掌财经
2021-01-08,兴业期货在宁波落地 浙江省首单生猪“保险+期货”项目,兴业期货
2021-01-08,A股融资融券日报：两融余额增加99.38亿元（1月7日）,Wind
2021-01-08,上海爱婴室商务服务股份有限公司关于 使用自有资金购买理财产品的进展公告,证券日报
2021-01-07,银行业：调整小插曲已过 年报季启动银行行情,新浪
2021-01-07,兴业银行西安分行：出实招助小微企业发展,中国金融新闻网
2021-01-07,A股融资融券日报：两融余额增加74.06亿元（1月6日）,Wind
2021-01-07,【晨观方正】银行/电子/化工/环保20210107,方正证券
2021-01-06,券商披露1月金股组合：可选消费与顺周期公司成首选,大众证券报
2021-01-06,阿克苏银保监局：对太平洋财险阿拉尔支公司作出行政处罚，罚款25万元 金融监管处罚,Wind
2021-01-06,A股共发生108宗大宗交易成交19.95亿元（1月6日）,Wind
2021-01-06,银行指数年后首现强势涨2.49% 机构预计“先扬后抑”推荐7只标的股,第一财经
2021-01-06,兴业银行现1笔大宗交易 共成交221.96万元,新浪
2021-01-06,涉房融资再遭红线监管，三成A股上市银行超标,时代周报
2021-01-06,银行股迎来大反弹 机构：地产信贷新规影响有限 估值修复可期丨牛熊眼,第一财经
2021-01-06,沪指与创业板指五连阳 医药主题基金涨幅居前,中投网
2021-01-06,天津银保监局：对兴业银行天津分行作出行政处罚，罚款10万元 金融监管处罚,Wind
2021-01-06,银行行业跟踪：地产信贷新规影响有限 宏观环境向好是估值提升主逻辑,新浪
2021-01-06,又有银行因低价包销债券挨罚 交易商协会开多起承销商违规罚单 金融监管处罚,证券时报网
2021-01-06,银行股逆市走强，银行ETF涨近2%,Wind
2021-01-06,兴业银行天津分行被罚10万：向借款人转嫁抵押评估费 金融监管处罚,新浪
2021-01-06,房地产贷款集中度政策剖析：提升商业银行转型动力,新浪
2021-01-06,兴银理财一周年：聚焦投研勤修内功，服务实体行稳致远,中证报
2021-01-06,A股市场白酒突然杀跌，三大板块却火了,中国基金报
2021-01-06,兴业银行四家分支机构荣获全国“敬老文明号”称号,金融界
2021-01-06,银行板块拉升，宁波银行、平安银行、兴业银行冲高,Wind
2021-01-06,成都银行“双标”超限大幅领跌，央行“限贷令”让银行远离地产,云掌财经
2021-01-06,A股融资融券日报：两融余额增加120.41亿元（1月5日）,Wind
2021-01-06,看重高股息率，险资今年仍愿加仓银行股,Wind
2021-01-06,银行房地产贷款 占比考核冲击波,21世纪经济报道
2021-01-05,房企融资“三条红线”试点或扩围,Wind
2021-01-05,银行机构微博影响力哪家强？建设银行下降3位,新浪
2021-01-05,兴业银行行长陶以平有望升任董事长，行长之位面临空缺,资本邦
2021-01-05,银行房地产贷款占比考核冲击：7股跌超6%，零售转型逻辑生变？,Wind
2021-01-05,利空突袭！金融大象开年大跌 两天没了2800亿,中国基金报
2021-01-05,典型！未披露实际利率 上海金融法院改判中原信托返还多收取的利息84万余元,经济观察网
2021-01-05,一起拼过的2020：细数商业银行数字化转型七大关键词,中国电子银行网
2021-01-05,银行业《商业银行绩效评价办法》点评：经营契合国家战略 强调更有质量的发展模式,新浪
2021-01-05,解盘：能源、金融拖累指数，乳业、白酒、猪产业领涨,Wind
2021-01-05,银行股尽墨持续回调，银行ETF获资金逆向加仓,Wind
2021-01-05,2020年福州市上市公司市值排行榜,中商情报网
2021-01-05,银行板块跌势不止，成都银行、招商银行、兴业银行、杭州银行均下挫逾3%,Wind
2021-01-05,银行ETF新年首日成交12.14亿元，成当日全市场成交额最大银行ETF,Wind
2021-01-05,部分银行股逆市调整 专家：料平稳过渡,中证网
2021-01-05,A股融资融券日报：两融余额增加246.38亿元（1月4日）,Wind
2021-01-05,银行业人士：房企融资料收紧，按揭贷款仍将稳步走,Wind
2021-01-05,房贷新规下银行股大跌，调整资产结构迫在眉睫,Wind
2021-01-04,利空发威！4000亿市值蓝筹创半年最大跌幅，板块内“小兄弟”一度逼近跌停，都是房地产贷款惹的祸 连续下跌,中证报
2021-01-04,突发利空，万科A跌逾3%，兴业银行跌近6%！多只地产股频创新低，千亿白马股价逼近腰斩 连续下跌,证券时报网
2021-01-04,A股冰火两重天！新年首个交易日银行板块大跌，发生了什么？,每日经济新闻
2021-01-04,华西固收：79家银行房地产贷款集中度几何？,固收江坛
2021-01-04,兴业证券：12月金股组合盈利12.85% 1月荐股名单出炉,新浪
2021-01-04,12家股份行排名：谁是小微金融之王？ | 小微金融之年（四）,零壹财经
2021-01-04,招行等10家银行房地产贷款占比超标 监管将实行差异化处理政策,新浪
2021-01-04,中银证券：银行板块振荡 2021年仍看好板块表现,证券时报网
2021-01-04,【异动股】银行板块低开，成都银行(601838-CN)跌4.4%,财华社
2021-01-04,银行股全线大跌，银行ETF持续溢价交易,Wind
2021-01-04,银行股走软，招商银行、平安银行均跌4%左右,Wind
2021-01-04,A股融资融券日报：两融余额增加25.69亿元（ 1月1日）,Wind
2021-01-04,【券商聚焦】房地产贷款集中度落地 中金料银行信贷投放可平稳过度,凤凰网
2021-01-04,【中信建投银行杨荣】兴业银行简评：《利润增速转正， 不良显着双降》,eResearch杨荣团队
2021-01-04,中金：解读《房地产贷款集中度管理制度》,中金点睛
2021-01-04,金融行业周报：房贷集中度管理制度出炉 退市新规落地,新浪
2021-01-04,【银行*马祥云】详细测算：重磅房地产贷款新规，对招行等主要银行的影响,东吴研究所
2021-01-04,新规发威，元旦后银行房贷额度不松反紧,Wind
2021-01-03,“房贷新规”来了 监管明确房地产贷款占比上限 招行等银行“超标”,金融界
2021-01-03,银行业：预计信贷投放平稳过渡 银行转型的又一刺激因素《房地产贷款集中度管理制度》简评,新浪
2021-01-03,2021年房贷额度不比2020年宽松,券商中国
2020-12-31,北上资金12月份净买入572.39亿元连续3个月净买入,证券时报网
2020-12-31,湖北银保监局：对兴业银行武汉分行作出行政处罚，罚款50万元 金融监管处罚,Wind
2020-12-31,ESG产品的市场机遇—需求和供给,新浪
2020-12-31,兴业银行：“20扬州化工SCP002”持有人会议未生效,Wind
2020-12-31,西藏旅游(600749.SH)：拟向兴业银行拉萨分行申请授信额度不超1.7亿元,格隆汇
2020-12-31,A股融资融券日报：两融余额增加73.97亿元（12月30日）,Wind
2020-12-31,小微金融债发行提速，年内规模超3700亿元同比增82%,Wind
2020-12-31,制造业靓丽“成绩单”背后的金融力量,金融时报
2020-12-31,小微金融债发行提速 年内规模超3700亿元同比增82%,证券日报
2020-12-30,2020中资银行国际化报告显示：中资银行国际化水平飞速提升,中国经济网
2020-12-30,兴业银行宜宾分行落实“六稳、六保” 为小微企业“送温暖”,金融投资报
2020-12-30,兴业银行赵建勋：生产要素将向低碳领域显着倾斜,中证网
2020-12-30,兴业银行开展金融联合宣教活动,经济网
2020-12-30,兴业银行开展跨境人民币“便民惠民行”活动,经济网
2020-12-30,A股融资融券日报：两融余额减少62.47亿元（12月29日）,Wind
2020-12-29,南通江天化学股份有限公司首次公开发行股票并在创业板上市网下初步配售结果公告,证券时报
2020-12-29,兴业银行昆明分行深耕绿色金融领域显成效,中国金融新闻网
2020-12-29,世茂集团官微删除兴业银行提供170亿授信额度快讯,金融界
2020-12-29,不辜负5400万客户的信赖 兴业银行着力构建信用卡消保新格局,陆家嘴金融网
2020-12-29,蝉联MSCI-ESG A级评级 兴业银行保持国内银行业最高评级,陆家嘴金融网
2020-12-29,厦门兴业银行成功落地厦门市首单技改服务基金业务,搜狐
2020-12-29,A股融资融券日报：两融余额增加39.08亿元（12月28日）,Wind
2020-12-28,世茂集团与兴业银行达成全面战略合作,e公司
2020-12-28,兴业银行：净利润增速恢复明显 “商行+投行”打开想象空间,每日经济新闻
2020-12-28,兴业银行台州路桥支行开展金融知识宣教活动,搜狐
2020-12-28,金地集团2宗中期票据获准注册 金额合计100亿元,中国网
2020-12-28,中金：中银保监明确划定理财产品销售管理助内银资管业务发展,格隆汇
2020-12-28,欺骗、诱导投保人 兴业银行南京分行被罚款30万元 金融监管处罚,中华网
2020-12-28,银行业-银行股2021年投资策略：苦尽甘来,新浪
2020-12-28,兴业信托与中华环境保护基金会达成绿色慈善信托合作,第一财经
2020-12-28,中银证券：随着国内经济形势逐步转好 银行板块后续配置意愿有望提升,证券时报网
2020-12-28,兴业银行精准扶贫出新招,经济网
2020-12-28,A股融资融券日报：两融余额增加19.97亿元（ 12月25日）,Wind
2020-12-27,年内银行股东斥资87亿元增持，刘永好增持民生银行50次，银行股后市观点现分歧,21世纪经济报道
2020-12-27,仁东控股(002647.SZ)：连续3个交易日内收盘价跌幅偏离值累计超过20%,格隆汇
2020-12-27,剑指恶性价格战！监管出招规范公司债承销,Wind
2020-12-25,江苏银保监局：对兴业银行南京分行作出行政处罚，罚款30万元 金融监管处罚,Wind
2020-12-25,陕西银保监局：对兴业银行西安分行作出行政处罚，罚款30万元 金融监管处罚,Wind
2020-12-25,陕西银保监局：对兴业银行西安新城支行作出行政处罚，罚款28万元 金融监管处罚,Wind
2020-12-25,2021年一季度银行业投资观点：价值凸显 看好银行股投资机会,新浪
2020-12-25,打造银企合作新平台　西藏特产即将上线“兴业商城”,中国金融新闻网
2020-12-25,巴安水务：将继续按照延期兑付方案兑付“17巴安债”本金及利息 本息展期,Wind
2020-12-25,ST坊展(600149.SH)：广炎供热已提前归还3000万元借款,格隆汇
2020-12-25,尊医重教 兴业银行定向奖助两所医学类高校贫困生,金融界
2020-12-25,证券行业《关于证券公司主承销商独立开展主承销业务》点评：债市互联互通更进一步,新浪
2020-12-25,构建“未来银行” 兴业银行智慧网点转型全面提速,中国网
2020-12-25,A股融资融券日报：两融余额增加15.42亿元（ 12月24日）,Wind
2020-12-25,【民生研究】总量+行业：2021年年度投资策略(更新宏观信贷和社融展望、金融、计算机),MS研究
2020-12-25,【晨观方正】鹏华中证酒ETF：汇聚行业龙头，挖掘优质酒企投资机会20201225,方正证券
2020-12-24,湖北省首单鸡蛋“银行+保险+期货”项目成功落地,兴业期货
2020-12-24,保险销售存在三项违规 兴业银行南京分行被罚30万元 金融监管处罚,新浪
2020-12-24,山东首家公募基金管理公司兴华基金今日启航,证券日报网
2020-12-24,中国船舶关于签订募集资金专户存储四方监管协议的公告,国际船舶
2020-12-24,民生证券：银行贷款利率和业绩增速均已迎来拐点 推荐兴业银行等,证券时报网
2020-12-24,兴业银行海口分行举办消防安全演练,证券导报
2020-12-24,银行股拉升，厦门银行涨超5%,Wind
2020-12-24,A股融资融券日报：两融余额增加60.02亿元（ 12月23日）,Wind
2020-12-24,资金借道ETF抢筹，银行板块有望企稳回升,Wind
2020-12-23,IIGF新闻 | 兴业银行湖州分行发布首个绿色建筑环境压力测试研究报告 中财大绿金院提供方法学支持,中央财经大学绿色金融国际研究院
2020-12-23,明年银行业净利润增速回正成业界共识 银行股估值有望持续修复,中财网
2020-12-23,银行行业事件点评：保持政策连续性 利好银行资产质量,新浪
2020-12-23,金融机构环境信息披露研讨会在京召开,新浪
2020-12-23,兴业银行泸州分行持续开展消费者权益知识宣传工作,金融投资报
2020-12-23,蝉联MSCI-ESG A级评级 兴业银行保持国内银行业最高评级,金融界
2020-12-23,A股融资融券日报：两融余额增加2.44亿元（12月22日）,Wind
2020-12-23,兴业银行天津分行举办全球资金系统客户线上推介会,中国金融新闻网
2020-12-23,银行业点评报告-延期还本付息和信用贷款支持计划延长点评：资产质量压力很有限,新浪
2020-12-22,资产证券化分析周报：ABS一周市场回顾,新浪
2020-12-22,银行机构微博影响力哪家强？农业银行下降3位,新浪
2020-12-22,【10问10答】想了解博时汇兴，看这篇文章就够了,博时基金
2020-12-22,【中金固收·资产证券化】ABS一周市场回顾 20201222,中金固定收益研究
2020-12-22,探索外汇服务新发展 实现资本市场“零突破”,中国金融新闻网
2020-12-22,中银晨会聚焦,新浪
2020-12-22,金融行业周报：政策不急转弯 保险消费有待提升,新浪
2020-12-22,A股融资融券日报：两融余额增加74.58亿元（12月21日）,Wind
2020-12-22,延期还本付息和信用贷款支持计划延长点评：资产质量压力很有限【中泰银行·戴志锋/邓美君/贾靖】,传统借贷vs新型金融
2020-12-22,为老年群体提供贴心服务,中国网
2020-12-21,雪浪环境(300385.SZ)拟向兴业银行无锡分行申请授信额度2.5亿元,格隆汇
2020-12-21,银行行业周报：宏观经济政策稳定可持续 行业估值有望持续修复,新浪
2020-12-21,银行业周报：1季度银行板块 主要的风险点,新浪
2020-12-21,银行业投资观察：夯实经济 稳定预期,新浪
2020-12-21,A股融资融券日报：两融余额增加21.42亿元（12月18日）,Wind
2020-12-21,银行｜夯实经济，稳定预期,中信证券研究
2020-12-21,E键倾心，兴业银行电子保函再升级！,Wind
2020-12-21,中信建投：2021年1季度银行板块的机会和风险,中信建投证券研究
2020-12-21,【银行-李双】吐故纳新—解码“商行+投行”战略,安信证券研究
2020-12-20,防风险与补资本并重，存款监管收紧/中小行改革加速 ——银行业周报（2020.12.14-2020.12.20）,兴证金融
2020-12-20,仁东控股大反击后，突然公告：被强制平仓了！下周解禁市值近700亿元，超级牛股解禁前夕遭减持 解禁,证券时报网
2020-12-19,申请以贷还贷之后，A股“最强绞肉机”被强平了！,21金融圈
2020-12-19,罕见惨烈！“最强绞肉机”果然被强平了！,中国基金报
2020-12-19,“最强绞肉机”仁东控股果然被强平了 控股股东被动减持965万股 股票质押异常,中国基金报
2020-12-18,南玻A(000012.SZ)拟向兴业银行申请不超过10亿元授信额度,智通财经
2020-12-18,机构客户朋友圈扩容 | 兴业证券新增三家银行总对总战略合作伙伴,兴业证券订阅号
2020-12-18,兴业银行(601166.SH)拟给予浙江省能源集团系列关联交易额度82亿元,格隆汇
2020-12-18,兴业银行(601166.SH)：拟发行不超1000亿元二级资本债券用于充实二级资本,格隆汇
2020-12-18,仁东控股向兴业银行申请续贷2.7亿度日，多事之秋股价上蹿下跳找不到北,21世纪经济报道
2020-12-18,仁东控股续贷2.7亿元借旧还新，4天内股价反复波动已两次涨停,21世纪经济报道
2020-12-18,风口观察｜已经是空壳，仁东控股大股东能减持成功否？本周51家公司公告预减持，这10家比例惊人 减持股份,21世纪经济报道
2020-12-18,“最强绞肉机”又涨停了！仁东控股上演“V”形反转丨热公司,第一财经
2020-12-18,仁东控股再度涨停 成交超32亿元换手率超40%,证券时报网
2020-12-18,兴业银行重庆分行荣获“2020年度小微金融贡献突出银行”称号,上游新闻
2020-12-18,A股融资融券日报：两融余额增加53.73亿元（12月17日）,Wind
2020-12-18,财经早茶∣集成电路生产企业最高免十年所得税；产需两旺加剧燃“煤”之急,证券时报网
2020-12-18,盘前有料丨美三大股指集体刷新历史记录，国家发改委回应多地电力供应偏紧…重要消息还有这些,证券时报网
2020-12-18,财经早报：公募基金规模或赶超理财 “资管一哥”或将易主,新浪
2020-12-18,仁东控股跌停板再度被撬开，原来是这些资金在“倒货”,新浪
2020-12-18,股海导航 12月18日沪深股市公告提示,新浪
2020-12-18,上市公司正负面新闻2020年12月18日星期五,Wind
2020-12-18,仁东控股现金流告急 求助银行借新还旧 运营能力下降,证券时报
2020-12-18,罕见惨烈！“最强绞肉机”果然被强平了！,中国基金报
2020-12-17,提高综合服务能力 全方位护航企业发展,期货日报
2020-12-17,仁东控股再被撬板 “佛山无影脚”3.32亿清仓出逃,每日经济新闻
2020-12-17,【公告速递】正业科技中标宁德时代设备采购项目；分众传媒全年净利预增逾106%,上证报
2020-12-17,北上资金活跃股名单(12月17日),证券时报网
2020-12-17,晚间重要公告2020年12月17日星期四,Wind
2020-12-17,【提前看】17日公告精选：*ST金钰遭证监会立案调查；仁东控股拟向兴业银行续贷2.7亿,新浪
2020-12-17,仁东控股二度撬板，“佛山帮”游资全数出逃,第一财经
2020-12-17,小票闪崩，大票新高，A股市场风格变了？,中证报
2020-12-17,晚间公告丨12月17日这些公告有看头,第一财经
2020-12-17,汇金科技收购夭折涉内幕交易 标的前董事长陈仕俗泄密 并购重组异常,中国经济网
2020-12-17,仁东控股因流动资金紧张 向兴业银行申请续贷2.7亿元授信期限1年,新浪
2020-12-17,仁东控股：拟向兴业银行申请续贷2.7亿元,Wind
2020-12-17,仁东控股(002647.SZ)：连续3个交易日内收盘价跌幅偏离值累计超过20%,格隆汇
2020-12-17,兴业银行江门分行积极开展存款保险阵地宣传活动,南都报
2020-12-17,银行行业2021年投资策略报告：估值继续分化，维持“同步大市”评级,万联证券
2020-12-17,兴业银行海口南宝路社区支行开业,证券导报
2020-12-17,兴业银行携手兴业证券举办2021年度资本市场策略报告会河北专场,上证报
2020-12-17,A股融资融券日报：两融余额增加21.56亿元（12月16日）,Wind
2020-12-17,【动态】黄煜琛：与企业同行，与高质量发展时代同行,兴业研究
2020-12-16,恒丰银行：出资不超过20亿元，全资设立恒丰理财有限责任公司,Wind
2020-12-16,A股午盘综述：上证指数涨0.18%，创业板指跌0.27%,Wind
2020-12-16,【恒生制造】中保登“银保通”上线！,恒生电子
2020-12-16,【行情】银行板块拉升，青农商行涨5%，宁波银行、光大银行、兴业银行等跟涨,金十数据
2020-12-16,广汇能源：答复“20广汇能源SCP001”持有人会议决议,Wind
2020-12-16,福建23家金融机构发出绿色倡议,中国环境报
2020-12-16,A股融资融券日报：两融余额增加16.45亿元（12月15日）,Wind
2020-12-16,汇利全球 银企共兴--兴业银行武汉分行FICC业务暨全球资金管理系统推介会成功举办,长江商报
2020-12-15,平高电气(600312.SH)：拟向兴业银行平顶山分行申请办理19亿元综合授信业务,格隆汇
2020-12-15,新财富 | 浙商：最具潜力研究机构第一！银行第一！,大话金融
2020-12-15,兴业银行武汉分行将为新洲区提供不低于200亿元授信支持,中证网
2020-12-15,12月15日北向资金成交活跃股（附名单）,证券时报网
2020-12-15,力推银行股后惨遭7连跌 浙商邱冠华今天获新财富第一名,新浪
2020-12-15,兴业银行现1笔大宗交易 共成交230.96万元,新浪
2020-12-15,【中金固收·资产证券化】ABS一周市场回顾,中金固定收益研究
2020-12-15,兴业证券孔祥杰：拥抱财富管理大时代，券商在与私募合作中应有新作为,中国基金报
2020-12-15,解盘：利空来袭资金流出，医药、疫苗、自主可控略涨,Wind
2020-12-15,【行情】银行板块走低，厦门银行跌4%，平安银行、西安银行、兴业银行、杭州银行等下挫,金十数据
2020-12-15,银行板块走低，厦门银行跌逾4%,Wind
2020-12-15,A股融资融券日报：两融余额增加45.9亿元（12月14日）,Wind
2020-12-15,兴业银行再度荣获“全国内部审计先进集体”称号,云南信息报
2020-12-15,资产证券化发行超2.5万亿 工行建行成信用卡ABS主力,时代在线
2020-12-14,珠海港(000507.SZ)：拟向银行申请授信,格隆汇
2020-12-14,12月14日北向资金成交活跃股,证券时报网
2020-12-14,兴业银行武汉分行与新洲区人民政府签署战略合作协议,经济网
2020-12-14,银行股否极泰来可期？资金连续11日加仓坚定看多后市！,资本邦
2020-12-14,升级上线第二代“兴车融”平台 兴业银行加码汽车产业生态圈,上证报
2020-12-14,银行业周报238期：十四五期间 银行业面对的主要风险展望,新浪
2020-12-14,十四五期间，银行业面对的主要风险展望，维持“强于大市”评级,中信建投
2020-12-14,信号！央行重磅发声：评级虚高、事前预警功能弱,券商中国
2020-12-14,A股融资融券日报：两融余额减少57.04亿元（12月11日）,Wind
2020-12-14,14家大中型银行理财子公司获批，地方银行面临双重压力,Wind
2020-12-13,兴业银行多渠道销售国开行“长江大保护”绿色金融债,证券日报网
2020-12-12,为银行短信节省30%成本 首家数据中台服务商数澜科技B轮获金蝶1.5亿投资,华夏时报
2020-12-12,银行业2020年11月金融数据点评：经济持续复苏 社融维持高位,新浪
2020-12-12,A股离奇一幕：尾盘砸盘多只大蓝筹，扫货茅台工行,Wind
2020-12-12,A股离奇一幕：尾盘砸盘多只大蓝筹，同时扫货茅台工行,Wind
2020-12-12,北上资金抄底银行股逆市净买入逾10亿元,Wind
2020-12-12,年内ABS发行超2.5万亿元，同比增长21%,Wind
2020-12-12,北上资金抄底银行股，逆市净买入逾10亿元,Wind
2020-12-12,【金融观察】供应链视角下的应收账款融资路径及方向,经济观察报
2020-12-11,12月11日主力资金净流出512亿元,证券时报网
2020-12-11,大跌之后，市场再出利好,证券之星
2020-12-11,什么情况？权重股收盘集合竞价频现亿元大单进出,Wind
2020-12-11,共同打造“福建版赤道原则”《福建金融业生态环境多方共治行动倡议》签约,新华网
2020-12-11,茅台、工行、五粮液、格力等集合竞价出现拉升，招行、海天味业等被砸盘,Wind
2020-12-11,2020第三季度招商银行信用卡业务投诉量达5598件 居股份行首位,中国网
2020-12-11,2020第三季度银行业消费投诉环比增26.5% 招商银行投诉量居股份行首位,中国网
2020-12-11,A股融资融券日报：两融余额增加1.54亿元（12月10日）,Wind
2020-12-11,兴业银行天津分行打出“组合拳”助力稳企业保就业,中国金融新闻网
2020-12-11,宜昌女子欲取50万“理财” 银行员工成功堵截,长江商报
2020-12-11,【民生证券研究院】晨会纪要20201211,MS研究
2020-12-11,兴业银行获批跨境电商收结汇业务资质,云南信息报
2020-12-10,银行股到底还有没有行情？两大龙头券商观点现分歧,中国基金报
2020-12-10,兴业银行章杉杉：整个资管市场在今后十年肯定是蓬勃发展的市场,金融界
2020-12-10,城建发展为海南子公司8.5亿贷款提供连带责任担保 大额借贷担保,乐居财经
2020-12-10,"历史罕见！中信证券跟中金公司""互怼""起来了",中国基金报
2020-12-10,城建发展(600266.SH)：子公司海南公司拟向兴业银行申请8.5亿元贷款,格隆汇
2020-12-10,城建发展：为北京城建（海南）地产8.5亿元开发贷款提供担保 大额借贷担保,中国网
2020-12-10,这些银行被银保监会点名通报！ 其他违规处罚,金融时报
2020-12-10,抄底了！年内银行股东增持174次、斥资85亿,中投网
2020-12-10,银行业2020年11月金融数据点评：宏观修复 经营平稳,新浪
2020-12-10,关于2020年第三季度银行业消费投诉情况的通报,新浪
2020-12-10,银保监会：工行、建行、交行投诉量位列国有大型商业银行前三,新浪
2020-12-10,银行行业动态报告：社融增速回落 企业中长期贷款需求旺盛,新浪
2020-12-10,兴业期货成功举办“场内场外服务涉棉实体企业论坛”——共谋棉花产业新格局，携手打造发展新引擎,兴业期货
2020-12-10,A股融资融券日报：两融余额减少60.97亿元（12月9日）,Wind
2020-12-10,多家银行围剿信用卡套现，POS机套现封卡现象严重！,腾讯网
2020-12-10,【浙商||银行】11月社融：货币政策回归常态化,大话金融
2020-12-10,赣江新区绿色金融改革创新试验区引领江西金融高质量发展,中国金融新闻网
2020-12-10,东海基金被查背后：或涉“结构化发行”人事频变、屡现巨额赎回,搜狐
2020-12-10,银行角度看11月社融：高位维持，支撑经济修复和银行板块逻辑【中泰银行·戴志锋/邓美君/贾靖】,传统借贷vs新型金融
2020-12-09,旋极信息(300324.SZ)拟向兴业银行丰台支行申请综合授信2亿元,格隆汇
2020-12-09,【金象私募说】布局私募发掘，领航财富管理——兴证泉州分公司积极探索私募服务区域特色,兴业证券订阅号
2020-12-09,摩根大通：港银将受惠周期盈利复苏，明年坏帐压力减轻,Wind
2020-12-09,巨资借道ETF扫货 暴力吸金13亿！银行股冲上涨停板,中国基金报
2020-12-09,巨丰午评：大盘强弱分化明显 三大板块推升指数,巨丰财经
2020-12-09,兴业银行成都分行成功举办“天使俱乐部——2020名医问诊活动”,金融投资报
2020-12-09,A股融资融券日报：两融余额减少2.95亿元（12月8日）,Wind
2020-12-09,伪造公证书开卡 银行柜员一眼识破 欺诈造假,金融投资报
2020-12-08,ST金刚大股东易主，华福证券因何接盘妖股 控制人变化,第一财经
2020-12-08,兴业银行发行市场首单绿色资产支持商业票据,上证报
2020-12-08,北上资金净买入66.76亿元贵州茅台净买入居首,证券时报网
2020-12-08,连续4日净买入兴业银行获沪股通净买入7.15亿元,证券时报网
2020-12-08,兴业银行落地境内首单蓝色债券,中国证券网
2020-12-08,A股融资融券日报：两融余额增加35.7亿元（12月7日）,Wind
2020-12-08,中泰证券：继续看好板块估值修复行情（附股）,证券时报网
2020-12-08,兴业银行太原分行落地流程在线供应链融资业务,中国金融新闻网
2020-12-08,仁东控股9跌停成最强绞肉机 30亿融资盘或已爆仓 股票质押异常,新浪
2020-12-07,航新科技(300424.SZ)拟向银行申请5000万元授信额度,智通财经
2020-12-07,航新科技(300424.SZ)拟向兴业银行申请授信5000万元,格隆汇
2020-12-07,阳光城拟为子公司上海光盛房地产12亿元融资的担保,乐居财经
2020-12-07,北上资金活跃股名单(12月7日),证券时报网
2020-12-07,920亿资金争夺20股：主力资金重点出击9股(名单),新浪
2020-12-07,银行专题-银行核心资本前瞻：补充的规模与方式,新浪
2020-12-07,A股收盘综述：上证指数跌0.81%，沃森生物跌停成交金额近百亿元,Wind
2020-12-07,花旗料中资银行入选系统重要性银行 或面临压力（附股）,新浪
2020-12-07,科华恒盛打造Fintech时代下云数据中心坚实底座,中国IDC圈
2020-12-07,A股惊现两融爆仓！“最强绞肉机”连续9个跌停，44亿封盘,中国基金报
2020-12-07,银行股大幅杀跌 机构：板块内部补涨行情值得关注丨牛熊眼,第一财经
2020-12-07,银行股持续走低，银行ETF早盘跌2.69%,Wind
2020-12-07,A股午盘综述：上证指数跌0.66%，金融、汽车表现不振,Wind
2020-12-07,太平洋证券：银行股短期调整不改长期看好,证券时报网
2020-12-07,银行股走弱，多股跌超3%,Wind
2020-12-07,兴业银行武昌支行成功拦截一起网络诈骗案 欺诈造假,经济网
2020-12-07,A股融资融券日报：两融余额减少13.24亿元（12月4日）,Wind
2020-12-06,我国“十四五”期间将积极推动气候投融资试点,证券时报
2020-12-06,方正策略：春季躁动时期甄选业绩占优以及具备产业周期催化的行业,策略研究
2020-12-05,32股本周股价创出新高，超半数获北向资金增持,证券时报
2020-12-05,陈光明新品又来，公司总规模已达1000亿！,中国基金报
2020-12-05,交易商协会夯实主承销商责任，企业发债门槛或提升,Wind
2020-12-04,银保监会通报银行投诉情况,Bank资管
2020-12-04,7只股获北向资金连续净买入,证券时报网
2020-12-04,兴业银行昆明分行全面通过营业网点服务国家标准认证,中国金融新闻网
2020-12-04,银行业深度报告：探索合资成立 金融AIC的可行性,新浪
2020-12-04,雪人股份(002639.SZ)拟继续向兴业银行福州分行申请不超1.6亿元综合授信额度,格隆汇
2020-12-04,【开户教程】如何通过国联期宝APP开立期货账户,国联期货
2020-12-04,兴业银行兰州分行扶贫债券畅通致富路,中国经济网
2020-12-04,福建闽东北两翼基础设施发展基金首投落地,陆家嘴金融网
2020-12-04,A股融资融券日报：两融余额减少10.63亿元（12月3日）,Wind
2020-12-04,12月金股测评| 4只金股疑似被游资盯上，上榜常客已开启跳水姿态,21财闻汇
2020-12-04,点评《系统重要性银行评估办法》：监管范围扩大 利润释放可期,新浪
2020-12-04,银行业关于《系统重要性银行评估办法》的点评：评估系统重要性 强化金融稳定性,新浪
2020-12-04,12月金股测评丨当游资遇上金股，它们将摩擦出什么火花？,21世纪经济报道
2020-12-04,永煤事件发酵！评级机构紧急调整10公司信用评级,券商中国
2020-12-04,银行还有空间！花旗加入看多,Wind
2020-12-04,原油宝后银行暂停账户贵金属等产品新开户业务，各方影响几何？,Wind
2020-12-04,银行行业2021年度策略：压制要素消解 业绩复苏之年,新浪
2020-12-04,中信证券：审慎监管如期推进夯实金融体系稳定性 银行个股选择两条线索（附股）,证券时报网
2020-12-04,中国版系统重要性银行新规来了，如何改变行业生态,券商中国
2020-12-04,银保监会通报银行投诉情况,渤源资产
2020-12-03,【东吴环保袁理团队】每日锦集1203：印发《关于积极打造废旧家电回收处理产业链 推动家电更新消费的行动方案》的通知,东吴环保公用研究
2020-12-03,巴安水务(300262.SZ)：收到财产保全告知书,格隆汇
2020-12-03,暖冬送菜，传金融知识进万家,搜狐
2020-12-03,兴业银行再度荣获“全国内部审计先进集体”称号,金融界
2020-12-03,新疆银保监局：对大地财险新疆分公司作出行政处罚，罚款80万元 金融监管处罚,Wind
2020-12-03,银行股行情还在继续，机构建议投资遵从两大主线丨牛熊眼,第一财经
2020-12-03,银行业：论银行股行情的可持续性,新浪
2020-12-03,中金:预计A股和H股银行指数未来3-5个季度上涨空间分别为50%和60%,中金公司
2020-12-03,A股融资融券日报：两融余额增加70.21亿元（12月2日）,Wind
2020-12-03,【民生证券研究院】晨会纪要20201203,MS研究
2020-12-03,银行增资AIC大幕拉开，建行300亿弹药先行，多家银行将跟进,Wind
2020-12-02,有券商喊话本月沪指有望冲击4000点。中国平安、兴业银行被8家券商力荐！,证券日报网
2020-12-02,A股投资者热情高涨：券商喊话本月沪指冲击4000点 金股全名单,新浪
2020-12-02,兴业银行德阳分行主动做好 存款保险标识启用准备工作,金融投资报
2020-12-02,“分手”国资后股价连跌九个交易日仁东控股3.5亿贷款逾期 连续下跌,GPLP犀牛财经
2020-12-02,明年周期性改善预期强烈 上市银行板块涨幅欲抢“C位”,中投网
2020-12-02,银行行业动态报告：贷款利率拐点已至 把握银行跨年行情,新浪
2020-12-02,线上线下结合，打破信息壁垒！哈尔滨综合金融服务平台正式启动,凤凰网
2020-12-02,A股融资融券日报：两融余额增加72.93亿元（12月1日）,Wind
2020-12-02,A股年底冲刺指数大涨 北上资金净买入163亿,证券时报
2020-12-01,A股冲关在即：跨年行情已拉开序幕 哪些板块还有机会？,e公司
2020-12-01,券商12月金股出炉：这些股获力挺，顺周期被看好,第一财经
2020-12-01,银行机构微博影响力哪家强？交通银行下降4位,新浪
2020-12-01,A股冲关在即，外资狂买163亿，大幅加仓银行股！A股跨年行情已拉开序幕，哪些板块还有机会？,证券时报网
2020-12-01,又一只牛股崩了：仁东控股5跌停,挖贝网
2020-12-01,北向资金净买入162.93亿元，连续4日净买入,证券时报网
2020-12-01,兴业证券：11月金股组合盈利2.69% 12月荐股名单出炉,新浪
2020-12-01,中原证券：11月金股组合盈利2.93% 12月荐股名单出炉,新浪
2020-12-01,11月金股组合盈利5.08% 12月荐股名单出炉,新浪
2020-12-01,兴业银行拉萨分行开展存款保险揭牌主题宣传活动,中国金融新闻网
2020-12-01,又一机构深陷永煤集团债务泥潭，交银国际信托申请1.5亿诉前保全,华夏时报
2020-12-01,一天内传来两条噩耗：55岁投资大佬不幸过劳死，37岁基金部门负责人突然离世,21世纪经济报道
2020-12-01,银行行业月报：修复持续 星火燎原,新浪
2020-12-01,银行业2021年度投资策略：开启新征程,新浪
2020-12-01,12月金股发布：机构力挺顺周期 两只金融股被“疯狂”推荐,新浪
2020-12-01,1058亿资金争夺20股：主力资金重点出击13股(名单),新浪
2020-12-01,感恩有您温暖同行兴业银行德阳分行举办2020客户沙龙活动,金融投资网
2020-12-01,兴业银行北京酒仙桥支行正式开业北京地区服务网络布局进一步完善,新京报
2020-12-01,最惨闪崩！4倍牛股一泻千里，连续5个跌停，股价腰斩,e公司
2020-12-01,银行股全线爆发！银行ETF（512800）涨2.8%,Wind
2020-12-01,布局银行股跨年行情 天弘中证银行ETF ，12月7日发售1天,资本邦
2020-12-01,服务科创企业超3600家 兴业银行为福建创新型省份建设添动力,陆家嘴金融网
2020-12-01,【行情】银行板块再度拉升，青岛银行冲板，兴业银行、厦门银行、青农商行、招商银行走高,金十数据
2020-12-01,两融数据解析：金融股多空分歧加剧泸州老窖重回融资盘前列,金融界
2020-12-01,17股获融资净买入额超亿元 兴业银行居首,证券时报网
2020-12-01,A股融资融券日报：两融余额增加44.55亿元（11月30日）,Wind
2020-12-01,期市投资参考：11家银行暂停贵金属新开户申请，黄金期货连跌四个月,Wind
2020-12-01,【中原策略】2020年第十二期：12月1日-12月31日：中原证券2020年12月十大金股组合,中原证券研究所
2020-12-01,12月金股曝光！顺周期大金融板块是首选（附名单）,21世纪经济报道
2020-12-01,银行板块假摔还是真跌？,Wind
2020-12-01,银行板块假摔还是真跌,中证报
2020-12-01,交易情绪波动，银行股坐了回“过山车”,Wind
2020-12-01,规避价格波动风险10多家银行暂停贵金属交易开户,Wind
2020-12-01,险资持续加大权益投资力度 股票与基金持有余额已超2.7万亿元,证券日报
2020-11-30,银行板块冲高回落，后市还值得期待吗？,新浪
2020-11-30,陆股通净买入49.39亿元，连续3日净买入,证券时报网
2020-11-30,21深度丨周一银行股收跌1.07％，银行板块分化明显，上涨行情能否持续？,21世纪经济报道
2020-11-30,中国证监会市场禁入决定书（韩义文） 其他违规处罚,证监会
2020-11-30,中国证监会行政处罚决定书（公准肉食品股份有限公司、韩义文等11名责任人员） 金融监管处罚,证监会
2020-11-30,金融监管罚单周报：农行仙桃分行因挪用防疫专项贷款被罚，工行民生遭监管点名 资金问题,搜狐
2020-11-30,银行专题研究报告：大行上涨后买什么？,新浪
2020-11-30,康佳为子公司1.21亿授信、债权担保 出售重庆公司完成 大额借贷担保,乐居财经
2020-11-30,银行大跳水，“猪肉佬”春天没了，你还是来看看这只ETF吧,格隆汇
2020-11-30,突发！交易商协会再出手：这家公募基金被自律调查！发生了什么？ 其他违规处罚,中国基金报
2020-11-30,冲高回落，创业板市场的机会来了吗？,搜狐
2020-11-30,1318亿资金争夺20股：主力资金重点出击14股(名单),新浪
2020-11-30,巨·个股 | 银行板块上演冲高回落大戏！回落之后，是否具备低吸机会？（附股）,巨丰财经
2020-11-30,金融行业投资观点更新：基本面改善明朗 资金促行情升华,新浪
2020-11-30,银行股成“香饽饽”连续两日大涨中证银行指数创4个月新高,财华社
2020-11-30,兴业银行台州温岭支行开展存款保险宣传,搜狐
2020-11-30,沪指有望挑战年内新高！灵魂拷问来了：你在默默数钱还是在悄悄抹泪？,上证报
2020-11-30,罗欣药业控股股东罗欣控股质押1.02亿股 质押股份存业绩补偿义务,资本邦
2020-11-30,兴业银行发行香港首单抗疫债券和中资股份行首单境外蓝色债券,搜狐
2020-11-30,巨丰午评：金融周期轮番上攻 沪指冲击年内高点,巨丰财经
2020-11-30,35股遭北向资金大手笔减持，5只银行股上榜 减持股份,证券时报
2020-11-30,银行股集体爆发 机构：低估值板块的修复性机会丨牛熊眼,第一财经
2020-11-30,泉州：扶持龙头企业改造提升推动产业经济转型升级,纺织网
2020-11-30,A股融资融券日报：两融余额减少34.75亿元（11月27日）,Wind
2020-11-30,中信证券：短期关注具备估值弹性的贝塔品种，可关注兴业银行,第一财经
2020-11-30,北向资金一周动向盘点：净买168.5亿元，盯住新能源、非银,Wind
2020-11-30,盘前情报丨700亿解禁来袭；新三板转板细则出炉；顺周期的逻辑还在吗？,21世纪经济报道
2020-11-30,本周股市三大猜想及应对策略,财富动力网
2020-11-29,【国君通信|深度报告】中嘉博创：金融服务外包龙头，呼叫中心行业百亿市场待开掘,程风信语
2020-11-29,【兴证金融 傅慧芳】银行业周报（2020.11.23-2020.11.29）：货政基调偏紧+贷款定价回升，银行估值修复有望持续,兴证金融
2020-11-29,震荡行情53股创新高23股获北向资金抢筹,证券时报
2020-11-29,彻底火了！这只爆款基金狂卖近200亿，今年新基金吸金逼近3万亿大关，这类产品正站上风口！,中国基金报
2020-11-28,北向资金单周大举扫货，这只家电股近一月获买入超60亿元,21世纪经济报道
2020-11-28,兴业银行私人银行部总经理戴叙贤：打造完整优秀资产管理人产品供应生态圈 实现三大财富管理目标,中国基金报
2020-11-28,8大银行此时集体警报！两大特点，什么信号？,云掌财经
2020-11-28,工行大涨、贷款利率拐点确认，买银行股的时候到了吗？,阿尔法工场研究院
2020-11-28,喜大普奔，大金融爆发！,腾讯网
2020-11-28,重磅突发！工行、建行、中行、农行、招行、交行等八大行紧急公告：暂停这项交易新开户，什么信号？,21世纪经济报道
2020-11-28,金融股大爆发！宇宙行罕见暴涨近6%，上证50创12年新高！A股风向彻底变了？,中国基金报
2020-11-27,截至10月兴业银行普惠小微贷款余额1814亿元,新华网
2020-11-27,北上资金本周净买入168.50亿元连续4周净买入,证券时报网
2020-11-27,业绩下滑，国资退场 仁东控股股价连续三日跌停 盈利能力下降,大众证券报
2020-11-27,晚间要闻2020年11月27日星期五,Wind
2020-11-27,8家银行暂停黄金、白银交易开户，金价下探1800美元创4个月新低,Wind
2020-11-27,14只股股价创历史新高,证券时报网
2020-11-27,兴业银行宜宾分行走进企业积极践行普惠金融,金融投资报
2020-11-27,北向资金今日净买入24.76亿元，上汽集团获净买入3.13亿元,Wind
2020-11-27,兴业银行厦门分行举办“以绿为翼，行稳致远”绿金论坛活动,凤凰网
2020-11-27,美丽厦门 兴业同行,凤凰网
2020-11-27,中金：内银股将迎来大幅上涨 包括招商银行等,新浪
2020-11-27,804亿资金争夺20股：主力资金重点出击12股(名单),新浪
2020-11-27,"实控人频繁变更、国资退场，银行贷款逾期资金压力大，业绩暴跌股价闪崩，仁东控股""麻烦""缠身 违约失信",和讯
2020-11-27,业绩反转而非反弹！ 中金称内银股将迎来大幅上涨，α品种包括招行（01398）等,智通财经
2020-11-27,福建闽东北两翼基础设施发展基金首投落地,中新网
2020-11-27,兴业银行降本减负支持小微企业稳发展,中新网
2020-11-27,银行业《2020年第三季度中国货币政策执行报告》解析：贷款利率企稳 重视风险防范,新浪
2020-11-27,银行角度看3季度货币政策执行报告：贷款利率回升及未来展望,新浪
2020-11-27,兴业银行顶风助贷“假让利”曝光 今年来已被罚6000万,云掌财经
2020-11-27,兴业银行厦门分行真诚服务助力生活更美好,搜狐
2020-11-27,A股融资融券日报：两融余额减少30.77亿元（11月26日）,Wind
2020-11-27,仁东控股连遭问询:实控人频繁变更 短期流动资金及经营业绩承压 控制人变化,面包财经
2020-11-27,4金融机构存“乱象” 银保监会点名通报,每日经济新闻
2020-11-26,暴涨300%大牛股仁东控股闪崩跌停：15亿资金上演出逃 连续下跌,全景网
2020-11-26,贷款利率回升及未来展望 ——银行角度看3季度货币政策执行报告【中泰银行·戴志锋/邓美君/贾靖】,传统借贷vs新型金融
2020-11-26,仁东控股今日延续跌停，身陷债务困局“麻烦”缠身 偿债能力下降,潇湘晨报
2020-11-26,北上资金活跃股名单(11月26日),证券时报网
2020-11-26,越秀金控完成发行2020第一期超短期融资券 发行金额3亿元,观点地产网
2020-11-26,818亿资金争夺20股：主力资金重点出击9股(名单),新浪
2020-11-26,多重因素点燃银行股热情，涨势能持续多久？还有多少空间？丨牛熊眼,第一财经
2020-11-26,兴业银行1663亿绿色融资联结“高颜值”“高素质”新福建,金融界
2020-11-26,银行股领涨市场，兴业银行创历史新高,Wind
2020-11-26,【行情】银行板块拉升，光大银行涨3%，兴业银行、张家港行、成都银行等跟涨,金十数据
2020-11-26,A股融资融券日报：两融余额减少3.16亿元（11月25日）,Wind
2020-11-26,百亿私募年底大举吸金，封闭型产品也热销,Wind
2020-11-26,北京银保监局：对兴业银行北京分行作出行政处罚，罚款30万元 金融监管处罚,Wind
2020-11-25,汉商集团(600774.SH)拟向银行申请约2.75亿元并购贷款,智通财经
2020-11-25,当下操作策略,华安证券订阅号
2020-11-25,汉商集团(600774.SH)拟向兴业银行武汉分行申请2.754亿元并购贷款,格隆汇
2020-11-25,监管剑指借担保乱收费行为，阳光保险系被曝收借款人62%的融资成本,搜狐
2020-11-25,地方绿金 |福建：绿色金融，助推经济迈向“高素质”,中央财经大学绿色金融国际研究院
2020-11-25,绿金新闻 | 两家银行“尝鲜” 蓝色债券有望站上风口,中央财经大学绿色金融国际研究院
2020-11-25,银行行业年度策略：向上逻辑强化 修复由点到面,新浪
2020-11-25,华龙内参2020年第217期 总第805期(电子版),新浪
2020-11-25,A股融资融券日报：两融余额增加33.66亿元（11月24日）,Wind
2020-11-25,多重利好密集释放 10万亿级消费金融市场再升温,兰格钢铁网
2020-11-25,盘前情报丨这一产品四季度以来已涨价40%；汽车产业链有望迎千亿增量市场,21世纪经济报道
2020-11-25,北向资金小幅流出，7亿净卖出这一行业（附股）,21世纪经济报道
2020-11-25,北向资金动向盘点：悄悄连续增持顺周期,Wind
2020-11-25,【中原晨会1125】市场分析、银行行业年度策略、基础化工行业年度策略、食品饮料行业2021年年度策略,中原证券研究所
2020-11-25,永煤涉违法违规线索已移送证监会！1家券商+3家银行被查，监管动作频频,券商中国
2020-11-24,北上资金活跃股名单(11月24日),证券时报网
2020-11-24,仁东控股：客观因素导致托管协议终止 大股东将继续加大资金支持力度,证券时报
2020-11-24,晚间要闻2020年11月24日星期二,Wind
2020-11-24,仁东控股回复深交所《关注函》：控制权变更未对生产经营产生重要影响 关注函,证券日报网
2020-11-24,平安普惠再被“点名”：强制捆绑销售保险，收取高额服务费,搜狐
2020-11-24,仁东控股回复关注函：公司支付业务已经恢复到疫前水平 关注函,Wind
2020-11-24,银行机构微博影响力哪家强？招商银行下降1位,新浪
2020-11-24,【国盛策略 | 陆股通周监控】北上延续回流，中游制造获青睐*第74期,尧望后势
2020-11-24,年内10家机构因借贷搭售保险被罚 民生某分行3年提取1478万代理费 金融监管处罚,搜狐
2020-11-24,北向资金净卖出1.4亿元，海康威视遭净卖出2.69亿元，格力电器获加仓7亿元,21世纪经济报道
2020-11-24,金融街下午茶2020年11月24日星期二,Wind
2020-11-24,北向资金净买入格力电器7.13亿元（附十大活跃股名单）,21世纪经济报道
2020-11-24,北向资金今日净卖出1.37亿元，海康威视遭净卖出2.69亿,Wind
2020-11-24,工商银行、民生银行、平安普惠及兴业银行强制捆绑销售被通报 其他违规处罚,GPLP犀牛财经
2020-11-24,服务科创企业超3600家 兴业银行为福建创新型省份建设添动力,兴业银行
2020-11-24,服务科创企业超3600家 兴业银行为福建创新型省份建设添动力,新华网
2020-11-24,兴业银行宜宾分行积极服务民营企业,金融投资报
2020-11-24,三季度净值型银行理财排名发布 160只产品获5星评价,新华网
2020-11-24,兴业银行探索技术评价体系破解科创企业融资难题,新华网
2020-11-24,兴业银行：近期信用债市场出现连锁波动，但公司持仓估值保持稳定,Wind
2020-11-24,兴业银行：近期信用债市场出现连锁波动 但公司持仓估值保持稳定,e公司
2020-11-24,服务科创企业超3600家 兴业银行为福建创新型省份建设添动力,金融界
2020-11-24,A股融资融券日报：两融余额增加103.05亿元（11月23日）,Wind
2020-11-24,太疯狂！刚刚，新基金又炸了！一天狂卖140亿，更多爆款也要来了！,中国基金报
2020-11-24,今年新基金发行2.7万亿：易方达再现百亿爆款 张清华管理近千亿,中国基金报
2020-11-24,【东北银行王凤华/陈玉卢】行业周报：配股重启，外源性资本补充助力银行发展,东北证券研究所
2020-11-24,又见“煤飞色舞”行情，券商称顺周期具备持续性,Wind
2020-11-23,陆股通净买入超百亿元，连续3日净买入,证券时报网
2020-11-23,涉嫌违规被调查 海通证券风波不断,新金融
2020-11-23,永煤债3家被查银行或存信披不充分、未作风险提示等疏漏,金十数据
2020-11-23,隆基股份(601012.SH)拟向银行申请授信业务,格隆汇
2020-11-23,银行板块37只个股全线飘红 分析师：信用债违约造成的损失，远小于商业银行净利润水平 未按时兑付本息,每日经济新闻
2020-11-23,森特股份(603098.SH)：2021年度拟申请58.1亿元银行综合授信额度,格隆汇
2020-11-23,存量迁移加速推进 理财子公司差异化竞争渐露锋芒,北京商报
2020-11-23,姜喜运恒丰银行弊案原点,中国经营报
2020-11-23,1070亿资金争夺20股：主力资金重点出击14股(名单),新浪
2020-11-23,银保监会通报违规典型：小微普惠贷款强制捆绑销售保险 金融监管处罚,中投网
2020-11-23,专家解读：债券违约风险如何处置 对商业银行影响几何？,中证报
2020-11-23,上证50指数涨幅扩大至2%,Wind
2020-11-23,【行情】银行板块异动，厦门银行大涨8%，光大银行、兴业银行、宁波银行纷纷拉升,金十数据
2020-11-23,权威解读！债券违约风险如何处置？对商业银行影响几何？,中证报
2020-11-23,竞争权益爆款　推出新人尚未“满月” 兴业基金长期“重债轻股”弊端显现,红周刊
2020-11-23,多方位监管严控债券违约风险 商业银行受违约影响料有限 债券兑付风险警示公告,中证网
2020-11-23,【转载】新形势下，国内期货市场需要更多高素质优秀研发人才,东证衍生品研究院
2020-11-23,A股融资融券日报：两融余额减少5.84亿元（11月20日）,Wind
2020-11-23,北向资金一周动向盘点：净买入55.1亿元，重点加仓“周期”,Wind
2020-11-23,盘前情报丨北上资金月内逾360亿元布局五行业；盲盒上市来了，这家公司两年净利润暴涨近300倍,21世纪经济报道
2020-11-23,多家机构违规被银保监会点名通报 金融监管处罚,中证报
2020-11-23,多家机构被银保监会通报：违规抬升小微企业综合融资成本,Wind
2020-11-23,北上资金连续3周净流入上周涨价股获青睐,证券时报
2020-11-22,被罚近10亿，银行仍“顶风违规”，是1.5万亿让利任务太轻吗？ 金融监管处罚,腾讯网
2020-11-22,招商策略：A股正在酝酿一波较为明显的上行行情,招商策略研究
2020-11-22,金融委发声稳债市，打击“逃废债”不代表“保刚兑”,第一财经
2020-11-22,粤开策略：我国积极考虑加入CPTPP，顺周期继续发力,粤开崇利论市
2020-11-22,工商银行、民生银行等被通报：违规收取应减免费用、强制捆绑销售 金融监管处罚,中国消费者报
2020-11-22,银行板块创4个多月新高，掘金银行股该怎么选？,重庆商报
2020-11-22,北上资金重点加仓股名单来了！风格大切换，聪明资金重金杀入3只超级白马股（附名单）,证券时报网
2020-11-22,违规抬升融资成本工行等多家机构被点名 其他违规处罚,杭州网
2020-11-22,周末重磅！国务院、银保监会出手，4家金融机构被点名通报，违规收取“两禁两限”费用6654万元，还强制捆绑销售,每日经济新闻
2020-11-22,小微贷款“杂费”多？国办和银保监联合出手，多家金融机构被通报 其他违规处罚,腾讯网
2020-11-22,北向资金重口味！狂饮“两桶油” 大笔加仓钢铁、有色龙头股 这些科技股遭减持（名单） 减持股份,中证报
2020-11-21,银行股本周资金流入榜：9股净流入资金超亿元,证券之星
2020-11-21,北向资金连续3周净买入A股，但这一板块却持续被甩卖（附股）,21世纪经济报道
2020-11-21,违规收取“两禁两限”费用6654万元，强制捆绑销售，4家金融机构被银保监会点名通报,每日经济新闻
2020-11-21,这几家金融业龙头被点名通报！违规收费、强制捆绑销售 其他违规处罚,央视
2020-11-21,周末重磅！工行、民生银行等被国务院办公厅和银保监会点名批评！,零壹财经
2020-11-21,违规收费、捆绑销售保险！工行等4家金融机构被点名通报 金融监管处罚,国际金融报
2020-11-21,网销保险违规 兴业银行被通报 金融监管处罚,中国消费网
2020-11-21,兴业银行蝉联福建企业百强榜首,中国金融新闻网
2020-11-21,国务院、银保监会点名批评兴业、平安普惠等在贷款中违规收取高额服务费 金融监管处罚,凤凰网
2020-11-21,周末重磅！国务院督查 银保监会检查 这些金融业龙头问题被揪出,中证报
2020-11-21,平安、兴业银行被监管通报：违规抬升贷款融资成本 金融监管处罚,新浪
2020-11-21,刚刚，这些股票纳入富时罗素指数！包括券商股、新能源车明星,中证报
2020-11-21,平安、兴业银行被监管通报：强制捆绑销售借款保证险 金融监管处罚,新浪
2020-11-21,平安普惠被通报:与兴业银行合作贷款产品推高融资成本,新浪
2020-11-21,永煤违约链式反应 违约失信,经济观察报
2020-11-21,工行、民生银行等机构被通报：违规抬升小微企业综合融资成本 金融监管处罚,澎湃新闻
2020-11-21,多家银行保险机构被通报：违规抬升小微企业综合融资成本 金融监管处罚,澎湃新闻
2020-11-21,国办、银保监会通报《部分银行保险机构助贷机构违规抬升小微企业综合融资成本典型问题》,Wind
2020-11-21,养老投资未来已来，长线资金“压舱”A股,Wind
2020-11-20,北上资金本周净买入55.10亿元连续3周净买入,证券时报网
2020-11-20,齐商银行与兴业银行签署战略合作协议,中国青年网
2020-11-20,永煤信用债爆雷持续发酵！牵出多家券商银行！国企债务的刚兑信仰破灭！,格隆汇
2020-11-20,兴业银行获授“扶贫重大贡献荣誉证书”,金融界
2020-11-20,陆港通每周复盘 | 南下资金继续吸入腾讯！比亚迪、小米遭抛售,金融界
2020-11-20,陆股通50概念股近三日受39亿主力资金追捧,证券时报网
2020-11-20,水皮：【谈股论金】矛盾无处不在,华夏时报
2020-11-20,兴业银行：将于12月4日召开“16青国投MTN001”持有人会议,Wind
2020-11-20,天健会计师所收警示函 审计华仪电气财报2宗违规 金融监管处罚,中国经济网
2020-11-20,兴业期货董事长吴若曼：探索“期货+”业务新模式,期货日报网
2020-11-20,永煤债中介机构被调查：兴业、光大等银行股价下挫 金融监管处罚,AI财经社
2020-11-20,券商之后银行遭调查，永煤债券违约余波持续扩散 金融监管处罚,资本邦
2020-11-20,永煤违约后续：对兴业银行、光大银行和中原银行等启动自律调查 违约失信,新浪
2020-11-20,千亿国企债券违约连环爆 兴业银行、光大银行等也被调查 未按时兑付本息,中新经纬
2020-11-20,永煤债违约再发酵 兴业银行、光大银行等机构被查,北京商报
2020-11-20,A股融资融券日报：两融余额减少12.22亿元（11月19日）,Wind
2020-11-20,每日理财观察：永煤债违约冲击波袭来，多家中介机构被启动自律调查,Wind
2020-11-20,期市投资参考：永煤债违约进一步发酵，国内成品油年内第五次上调,Wind
2020-11-20,银行股今天会带来利空吗,中财网
2020-11-20,永煤事件进一步发酵！百亿交叉违约来了？,Wind
2020-11-20,兴业银行、光大银行等也被调查了！千亿国企债券违约连环爆！,中国基金报
2020-11-20,永煤债违约再发酵 兴业光大等多家银行被查 违约失信,新浪
2020-11-20,兴业银行成为联合国《可持续蓝色经济金融倡议》签署机构和会员单位,新浪
2020-11-20,深夜重磅！千亿国企债券违约连环爆，光大、中原银行等也被调查 未按时兑付本息,证券时报
2020-11-20,监管再度升级 交易商协会全线调查“永煤”发债产业链,上证报
2020-11-20,深夜重磅：兴业银行、光大银行等也被调查了！千亿国企债券违约连环爆！ 金融监管处罚,中国基金报
2020-11-20,信用债日报：市场情绪依然悲观，超六成信用债下跌,Wind
2020-11-19,债券违约冲击波！更多机构遭调查，数百亿债券现交叉违约风险 交叉条款违约,中证报
2020-11-19,AAA级永煤债爆雷，监管层“挨家挨户”点名调查！看专家们怎么说,国际金融报
2020-11-19,永煤违约风波再起！交易商协会将对兴业、光大银行等中介机构启动自律调查 违约失信,每日经济新闻
2020-11-19,永煤债违约冲击波袭来 多家银行、评级机构被查 违约失信,新浪
2020-11-19,多家银行、评级机构被查 永煤债违约冲击波袭来 违约失信,北京商报
2020-11-19,海通被查祸起结构化发债？监管层重拳出击遏制“自融” 其他违规处罚,Wind
2020-11-19,永煤债主承、评级、会计都有问题？多家中介机构被启动自律调查 其他违规处罚,第一财经
2020-11-19,兴业银行：将于12月3日召开“15青国投MTN002”持有人会议,Wind
2020-11-19,犀牛财经晚报：欢聚集团痛斥浑水报告 前程无忧否认信息泄露,GPLP犀牛财经
2020-11-19,永煤违约事件再发酵，兴业银行等多家相关中介机构被调查 违约失信,第一财经
2020-11-19,兴业银行、光大银行等被启动自律调查，涉永煤控股债券发行,澎湃新闻
2020-11-19,交易商协会对永煤控股债务融资工具相关中介机构启动自律调查,Wind
2020-11-19,兴业银行：将于12月3日召开“20广汇能源SCP001”持有人会议,Wind
2020-11-19,兴业银行今日大宗交易成交902.78万股，成交价17.28元折价10.61%,Wind
2020-11-19,市场首单绿色资产支持商业票据发行,搜狐
2020-11-19,"兴业银行现2笔大宗交易 共成交15,600.00万元",新浪
2020-11-19,兴业银行：12月3日召开“20广汇能源SCP001”持有人会议,Wind
2020-11-19,828亿资金争夺20股：主力资金重点出击13股(名单),新浪
2020-11-19,盛视早参：年底“防雷”提上日程,新浪
2020-11-19,兴业银行海口分行深化服务支持海口经济发展,证券导报
2020-11-19,A股早报2020年11月19日星期四,Wind
2020-11-19,策略日报：指数震荡分化 银行、钢铁板块领涨,新浪
2020-11-19,A股融资融券日报：两融余额增加19.41亿元（11月18日）,Wind
2020-11-19,北向资金抛弃白酒股，11亿资金爆买银行股（名单）,21世纪经济报道
2020-11-19,盘前情报丨交易商协会对海通证券启动自律调查；比特币升破18000美元大关，现在还能上车吗？,21世纪经济报道
2020-11-19,银行行业月报：宏观持续修复 政策利率稳定,新浪
2020-11-19,银行行业动态报告：信用债违约影响有限 看好银行股加仓机会 未按时兑付本息,新浪
2020-11-19,互联互通六周年之“变”：前十大活跃股从金融股渐变至新经济股,证券日报
2020-11-19,银行股明年还能涨吗？听听机构怎么说丨牛熊眼,腾讯网
2020-11-18,陆股通净卖出0.14亿元（附名单）,证券时报网
2020-11-18,银行板块三连阳：37只个股全线上涨 兴业获北上资金净买入11.5亿元,经济观察网
2020-11-18,银行股逆势上涨有玄机！年底信托资金回流,中投网
2020-11-18,券商、银行岁末携手上攻 明星公募睿远、汇添富等提前布局,红周刊
2020-11-18,A股资金面日报：银行股受资金青睐,中投网
2020-11-18,64亿主力资金近三日杀入陆股通50概念股,证券时报网
2020-11-18,A股风格切换来了？北向资金有新动向 逆市净买入兴业银行11.50亿,21世纪经济报道
2020-11-18,数据复盘| 银行股受资金青睐 北向资金净卖出贵州茅台逾15亿元,证券时报网
2020-11-18,35股主力资金净流入超亿元,证券时报网
2020-11-18,北向资金净流出0.15亿元，净买入兴业银行11.5亿元,上游新闻
2020-11-18,北向资金今日净卖出0.14亿元，贵州茅台净卖出15.41亿元,Wind
2020-11-18,又一起电信诈骗被堵截：兴业银行北京分行为八旬老人挽回资金九万元 欺诈造假,中国金融新闻网
2020-11-18,机构称有逾60%上升空间 股东高管出手增持银行股,中投网
2020-11-18,【研报掘金】信用风险缓释长周期逐渐步入尾期 银行板块估值修复有望建议积极布局,证券时报网
2020-11-18,985亿资金争夺20股：主力资金重点出击7股(名单),新浪
2020-11-18,A股“沪强深弱”：沪指收涨0.22%机场板块领涨,中新经纬
2020-11-18,A股收盘综述：上证指数涨0.22%，创业板指跌1.41%,Wind
2020-11-18,【异动股】银行板块拉升，厦门银行(601187-CN)涨9.99%,财华社
2020-11-18,飙涨两倍白酒股突然逼近跌停！A股分化真来了？,e公司
2020-11-18,数字经济时代，金融机遇何在？资深从业者论道金融机构数字化转型,21世纪经济报道
2020-11-18,兴业银行大涨5.19%，成交22.56亿,中新经纬
2020-11-18,A股午盘综述：上证指数涨0.47%，创业板指跌超1%,Wind
2020-11-18,逆势而上！兴业银行武汉分行债券承销规模突破200亿,经济网
2020-11-18,股份制银行三季报盘点：民生银行净利降幅超18% 恒丰银行不良率2.84%垫底 盈利能力下降,云掌财经
2020-11-18,银行股拉升，厦门银行日内再封涨停,Wind
2020-11-18,银行业2021年投资策略：景气向上 积极配置,新浪
2020-11-18,A股融资融券日报：两融余额增加26.05亿元（11月17日）,Wind
2020-11-18,中信证券：景气向上，2021年积极配置银行,Wind
2020-11-17,盛达资源(000603.SZ)拟为金山矿业申请银行授信提供不超1亿元担保 大额借贷担保,智通财经
2020-11-17,兴业银行武汉分行年内债务承销规模超200亿元,中证网
2020-11-17,银行业周报第35期：包商银行二级资本债全额减记 市场充分预期,新浪
2020-11-17,解“中小微”之困 兴业银行多措并举与中小微企业共成长,上游新闻
2020-11-17,A股融资融券日报：两融余额增加73.19亿元（11月16日）,Wind
2020-11-17,764亿！美国银行业大手笔收购来了，作价20倍市盈率，银行股集体大涨！,证券时报网
2020-11-17,罕见！这家银行临时取消发行二级债，“包商减记”影响有多大？,券商中国
2020-11-17,全面动员部署打赢“五大战役”兴业银行全方位助力福建高质量发展超越,云南信息报
2020-11-16,信用研究 | 永煤违约后需关注的信用风险角度补充 违约失信,齐晟太子看债
2020-11-16,中信建投证券资本市场周报（20201116-20201120）,中信建投DCM
2020-11-16,【银华基金】交易日报 2020-11-16,新浪
2020-11-16,【中金固收·资产证券化】ABS一周市场回顾,中金固定收益研究
2020-11-16,险资入市进行时：买银行地产 居然还有ST公司,中投网
2020-11-16,华泰证券：银行业柳暗又花明 危机促转机,新浪
2020-11-16,中国平安、兴业银行等股获融资净买入额超亿元,证券时报网
2020-11-16,A股融资融券日报：两融余额减少8.08亿元（11月13日）,Wind
2020-11-15,专题！“信用事件”对权益市场和银行的影响几何？【中泰银行·戴志锋/邓美君/贾靖】,传统借贷vs新型金融
2020-11-14,信用卡不良飙升，何时到头？,中新经纬
2020-11-14,信用卡不良飙升，不良ABS迅速“补血”，何时到头？,腾讯网
2020-11-13,周黑鸭(01458.HK)认购10亿港元结构性存款产品,格隆汇
2020-11-13,北向资金连续第二周净买入，36股成交活跃,证券时报
2020-11-13,首都信息(01075.HK)认购兴业银行企业金融人民币结构性存款本金总额2亿元,格隆汇
2020-11-13,北向资金今日净卖出49.4亿元，中国平安净卖出9.75亿元居首,Wind
2020-11-13,21金融研究丨 信用卡不良飙升，何时到头？,21世纪经济报道
2020-11-13,风起ESG理财 心动银行业,中证报
2020-11-13,信用债“疯了”？银行股跌了,澎湃新闻
2020-11-13,解盘：金融、消费拖累指数，锂钴矿、稀土永磁、军工略涨,Wind
2020-11-13,银行股持续走弱，银行ETF跌超2%成交放量,Wind
2020-11-13,【行情】银行股全线走弱，平安银行跌近5%，兴业银行、宁波银行、杭州银行、招商银行等跌逾3%,金十数据
2020-11-13,A股融资融券日报：两融余额增加3.35亿元（11月12日）,Wind
2020-11-13,北向资金连续三日净卖出，买入大消费卖出大金融（附股）,21世纪经济报道
2020-11-13,兴业银行天津分行承销超短期融资券,中国金融新闻网
2020-11-13,北向资金动向盘点：反手减持金融股,Wind
2020-11-12,银行转型2020，谁是王者？,21世纪经济报道
2020-11-12,21金融研究丨银行转型2020，谁是王者？,21世纪经济报道
2020-11-12,2020年10月金融统计与社会融资规模数据解析：社融符合预期 贷款增速略降,新浪
2020-11-12,佛燃能源(002911.SZ)收到中国银行间市场交易商协会《接受注册通知书》,智通财经
2020-11-12,兴业银行北京分行普惠贷业务助解小微企业燃眉之急,证券日报网
2020-11-12,2020第十五届21世纪亚洲金融年会在京成功举办 21世纪亚洲金融竞争力评选揭晓,21世纪经济报道
2020-11-12,年末十家手机银行数字化升级大盘点：谁家开发更全面？,中投网
2020-11-12,兴业银行信用卡数字化经营服务平台荣获“2019年度银行科技发展奖”,陆家嘴金融网
2020-11-12,银行行业动态报告：点评10月社融数据：社融增速再创新高 政府债券和信贷是亮点,新浪
2020-11-12,兴业银行连续五年蝉联“亚洲卓越商业银行”,金融界
2020-11-12,商业银行行业-10月金融数据点评：长期融资需求支撑社融略超预期,新浪
2020-11-12,兴业银行不良率五连降 586亿信用减值拖累净利降5.08% 盈利能力下降,GPLP犀牛财经
2020-11-12,A股融资融券日报：两融余额减少30.05亿元（11月11日）,Wind
2020-11-12,银行角度看10月社融：社融总量稳定，信贷略有回落【中泰银行·戴志锋/邓美君/贾靖】,传统借贷vs新型金融
2020-11-11,永煤控股刚发完中票就现债券违约，10余亿本息还不上评级下调 未按时兑付本息,第一财经
2020-11-11,国安达(300902.SZ)拟向兴业银行申请不超0.5亿元银行综合授信额度,格隆汇
2020-11-11,评级从AAA骤降到BB，负债1300多亿的永煤为何在此时“躺倒”？ 投资评级恶化,搜狐
2020-11-11,兴证全球基金兰荣退休 新任杨华辉为董事长及法定代表人,新浪
2020-11-11,银行Ⅱ行业：延期还本付息影响几何？,新浪
2020-11-11,11月银行策略：三季报较好，疫苗落地将是催化,志明看金融
2020-11-11,A股融资融券日报：两融余额增加29.94亿元（11月10日）,Wind
2020-11-10,北上资金活跃股名单(11月10日),证券时报网
2020-11-10,迈克生物(300463.SZ)拟向银行申请综合授信额度,格隆汇
2020-11-10,银行机构微博影响力哪家强？兴业银行下降3位,新浪
2020-11-10,永煤控股集团回应债券违约：公司基本面是非常正常，寻求渠道、多方努力筹集资金 未按时兑付本息,Wind
2020-11-10,永煤控股集团10亿超短融违约 独家回应：资金流出现暂时性危机 未按时兑付本息,经济观察网
2020-11-10,兴业银行北京分行举办外汇业务银企论坛,证券日报网
2020-11-10,解盘：指数继续走强，航空运输、白酒、影视略涨,Wind
2020-11-10,“同业业务”遇寒流 充足率下行 兴业银行如何破局？,GPLP犀牛财经
2020-11-10,零售金融周报(11.2日-11.8日)：消费金融、汽车金融公司拨备覆盖率获准降至130%；兴业消金第二大股东易主,零壹财经
2020-11-10,A股再现跷跷板行情！科技消费股领跌，航空机场大金融集体狂奔,Wind
2020-11-10,A股融资融券日报：两融余额增加135.55亿元（11月9日）,Wind
2020-11-10,兴业银行落地市场首单绿色资产支持商业票据,中国金融新闻网
2020-11-09,启明星辰(002439.SZ)及子公司使用4.75亿元购买银行理财产品,智通财经
2020-11-09,京投交通科技(01522.HK)11月9日认购1.2亿理财产品,格隆汇
2020-11-09,京投交通科技(01522)附属公司认购理财产品,智通财经
2020-11-09,长方集团(300301.SZ)拟向兴业银行申请贷款展期 违约失信,格隆汇
2020-11-09,兴业银行上海分行与洋山企服达成战略合作,中国金融新闻网
2020-11-09,上周重点监测房企共拿地23宗 总出让金约277.6亿,中指院
2020-11-09,蒙泰高新(300876.SZ)：拟向兴业银行汕头分行申请综合信用额度不超1亿元,格隆汇
2020-11-09,A股融资融券日报：两融余额增加2.12亿元（11月6日）,Wind
2020-11-07,债券违约风险加剧 银行调整发行承销策略 债券兑付风险警示公告,中国经营报
2020-11-06,银行股进入估值修复期 高管密集主动增持,时代在线
2020-11-06,9家A股上市股份制银行2020年三季报盘点：前三季度共实现利润3237亿元,挖贝网
2020-11-06,兴业银行(601166.SH)：8.37亿美元等值的美元和港币债券11月9日挂牌,格隆汇
2020-11-06,82股今日获机构买入评级,证券时报网
2020-11-06,老板电器(002508.SZ)使用5.6亿元自有闲置资金进行投资理财,智通财经
2020-11-06,中国债券市场日报,新浪
2020-11-06,十三五期间 兴业银行福州分行千亿资金助力福建省地方债发行,中国金融新闻网
2020-11-06,总量团队联席会议解读：11月是否继续交易不确定性？,新浪
2020-11-06,透视上市银行三季度报：营收净利双负增长惟独上海银行，民生银行交通银行净利降幅大 盈利能力下降,云掌财经
2020-11-06,又一银行高管百万元增持自家股票 机构称银行股估值上行可期,金融界
2020-11-06,兴业银行已累计发行绿色金融债1300亿元,新华网
2020-11-06,A股融资融券日报：两融余额增加71.74亿元（11月5日）,Wind
2020-11-06,兴业银行：金融赋能 为城市美好生活“加速”,中国网
2020-11-06,盘前有料丨字节寻求以估值1800亿美元打包赴港上市，五只创新未来基金将申请基金份额上市交易…重要消息还有这些,证券时报网
2020-11-06,天风证券：低估值银行板块有望否极泰来，未来一年估值有望上行,Wind
2020-11-06,天风证券：低估值银行板块有望否极泰来 未来一年估值有望上行,证券时报网
2020-11-05,仁东控股3.5亿贷款逾期 超13亿银行存款无法动用 违约失信,每日经济新闻
2020-11-05,【银华基金】交易日报 2020-11-05,新浪
2020-11-05,银行Ⅱ：从严监管 行业重整,新浪
2020-11-05,首单绿色资产支持商业票据落地,21世纪经济报道
2020-11-05,兴业银行前三季度营收突破1500亿 当季盈利增速转正,陆家嘴金融网
2020-11-05,兴业银行发行香港首单抗疫债券和中资股份行首单境外蓝色债券,陆家嘴金融网
2020-11-05,兴业银行落地首单创设CRMW的个人消费信贷ABS,陆家嘴金融网
2020-11-05,兴业银行发行香港首单抗疫债券和中资股份银行首单境外蓝色债券,搜狐
2020-11-05,基金经理一拖十二？ 华泰柏瑞频现迷你基金部分产品业绩欠佳,投资时报
2020-11-05,差错争议处理效率提升20% 兴业信用卡自助申诉功能上线,证券日报网
2020-11-05,【申港电新|周观点】海内外10月新能源车市场持续回暖,新能源深度研究
2020-11-05,信用分析周报：中国短期融资券及中期票据,新浪
2020-11-05,A股融资融券日报：两融余额增加53.2亿元（11月4日）,Wind
2020-11-05,9家A股股份行前3季净利3237亿元 民生银行降18%领跌 盈利能力下降,中国经济网
2020-11-05,两家银行“尝鲜”蓝色债券有望站上风口,中证报
2020-11-04,仁东控股：不存在资金占用，积极妥善处理逾期事项 资金问题,上证报
2020-11-04,银行行业深度报告：息差企稳回升 零售边际改善,新浪
2020-11-04,仁东控股：15.54亿元货币资金真实存于银行 不存在被挪用情形,证券时报网
2020-11-04,大牛股仁东控股3.5亿贷款逾期背后：13亿银行存款无法动用，“可用资金”仅5100万 违约失信,每日经济新闻
2020-11-04,兴业消费金融股东变更获批受疫情影响其上半年放款量锐减,和讯
2020-11-04,【银华基金】交易日报 2020-11-04,新浪
2020-11-04,兴业银行落地境内首单蓝色债券,Wind
2020-11-04,兴业银行落地境内首单蓝色债券,中证网
2020-11-04,仁东控股回复关注函：银行账户资金正常 不存在资金挪用 其他违规处罚,证券日报网
2020-11-04,上金所公布黄金拆借品种参与机构名单,Wind
2020-11-04,三季度核心盈利指标向上，银行板块发力拉升，招商银行再创新高,证券时报网
2020-11-04,银行三季报看懂了吗？这一主力资金正从多家银行股东名单消失,中投网
2020-11-04,上调评级至买入策略选股（11月4日）,Wind
2020-11-04,银行业三季报印证改善预期，上市银行业绩拐点已来？,第一财经
2020-11-04,蚂蚁概念股领跌，银行板块跳空高开走强,Wind
2020-11-04,【行情】银行股多股高开，成都银行、平安银行、招商银行等涨2%，兴业银行、宁波银行等行逾1%,金十数据
2020-11-04,A股融资融券日报：两融余额增加58.37亿元（11月3日）,Wind
2020-11-04,保险资金投资路线追踪：三季度增持银行加码制造业,证券时报网
2020-11-04,保险资金投资路线追踪：三季度增持银行加码制造业,证券时报
2020-11-03,兴业银行信用卡数字化经营服务平台获“2019年度银行科技发展奖”,证券日报网
2020-11-03,兴业银行因授信审批违规被罚50万元 金融监管处罚,零壹财经
2020-11-03,仁东控股：目前流动资金有些紧张 账上15亿是客户备用金 | 公司问答,第一财经
2020-11-03,【研报掘金】银行利润增速三季度已见拐点 四季度估值切换窗口打开建议超配银行板块,证券时报网
2020-11-03,上海市金融科技创新监管试点首批8个创新应用已完成登记，将向用户正式提供服务,Wind
2020-11-03,兴业银行(601166)：季度息差继续回升 营收保持稳健业绩负增放缓,新浪
2020-11-03,A股融资融券日报：两融余额增加32.03亿元（11月2日）,Wind
2020-11-03,仁东控股手握15亿却还不起3.5亿贷款 违约失信,财富动力网
2020-11-03,详解银行业三季报：息差回升、资产平稳、分化持续,新浪
2020-11-03,详解银行业2020年三季报：息差回升，资产平稳，分化持续【中泰银行·戴志锋/邓美君/贾靖】,传统借贷vs新型金融
2020-11-03,看好银行板块四季度估值切换+市场风格转换机会（附股）,证券时报
2020-11-03,银行三季度业绩表现企稳向好，服务实体经济力度加大,Wind
2020-11-03,银行前三季度业绩分化，宁波净利润增速最快，民生下滑最重！ 盈利能力下降,奥一网
2020-11-02,【兴业银行】单季度净利润增速转正,志明看金融
2020-11-02,暴涨250%大牛股仁东控股爆雷：账上15亿却还不上3亿 为何？,全景网
2020-11-02,国泰君安与兴业银行达成战略合作,Wind
2020-11-02,国泰君安与兴业银行达成战略合作,e公司
2020-11-02,银期保协同发力 金融创新服务“三农”,上证报
2020-11-02,前三季度A股上市银行同比少挣1073亿：交行垫底大行 民生净利跳水 盈利能力下降,新浪
2020-11-02,37家上市银行三季报业绩“天地”分化，银行股还能上车吗？丨解财报,第一财经
2020-11-02,爆款掘金顺周期抱团美团、腾讯 年内领跑者锁定新能源、医药,新浪
2020-11-02,兴业消金第二大股东易主:泉州文旅受让泉州商业集团45600万股股份 控制人变化,新浪
2020-11-02,授信审批严重违规 兴业银行信用卡中心被罚50万元 金融监管处罚,中华网
2020-11-02,剧情有点类似！年涨250%牛股，手握巨款还不起贷款！,财富动力网
2020-11-02,兴业银行(601166)2020年三季报点评：净息差明显改善 营收维持高增速,光大证券
2020-11-02,投资组合报告：2020年十一月策略金股报告,新浪
2020-11-02,永续债2020年10月跟踪报告：配置价值回归,新浪
2020-11-02,11月200只券商金股大梳理，哪类股热度最高,证券时报网
2020-11-02,银行行业周报：三季报数据向好 展望四季度修复,华福证券有限责任公司
2020-11-02,多家银行调整规则 信用卡分期提前还款成本下降,东方网
2020-11-02,三季度业绩回暖仍有超七成破净 银行股价到底贵不贵？,华夏时报
2020-11-02,这些年基金重仓股，谁是“匆匆过客”、谁是“定海神针”,中证报
2020-11-02,每日晨报-20201102,国元国际
2020-11-02,A股融资融券日报：两融余额减少75.14亿元（10月30日）,Wind
2020-11-02,中信证券：银行板块当前逐步进入配置窗口期 推荐招商银行等,证券时报网
2020-11-02,【中原策略】2020年第十一期：11月1日-11月30日：中原证券2020年11月十大金股组合,中原证券研究所
2020-11-02,【中原晨会1102】11月十大金股组合、A股策略、金融委会议点评,中原证券研究所
2020-11-02,最新金股名单来了！上月最牛金股大涨85%,上证报
2020-11-02,息差收窄大势所趋，中小银行该如何腾挪？,Wind
2020-11-02,兴业银行蝉联“全球表现最佳私人银行”奖,中新网
2020-11-02,这些年基金重仓股谁是“匆匆过客”谁是“定海神针”,中证网
2020-11-02,息差收窄大势所趋 中小银行该如何腾挪？,上证报
2020-11-01,今年暴涨300%的大牛股手握15亿现金却还不上3.5亿贷款，交易所紧急出手,每日经济新闻
2020-11-01,37家上市银行三季报透视：业绩“天地”分化，差距就是那么大！,Wind
2020-10-31,万亿险资最新十大重仓股 金融地产股竟占9只！浦发银行最受捧！,证券日报
2020-10-31,兴业银行：成功发行300亿元无固定期限资本债券,搜狐
2020-10-31,37家A股银行三季报收官：哪些银行最赚钱？,21世纪经济报道
2020-10-31,个股资金流向,财富动力网
2020-10-31,外汇局旗下“三剑客”出手，退出所持A股公司前十大股东名单,Wind
2020-10-30,21深度丨37家A股银行三季报收官：最赚钱前十排位微调 21家净利润负增长 盈利能力下降,21世纪经济报道
2020-10-30,本周央行及银保监会行政处罚汇总：42家金融机构被罚，合计罚款2846万元 金融监管处罚,Wind
2020-10-30,北上资金本月抢筹股名单,证券时报网
2020-10-30,消费金融行业剖析与投资策略：逐鹿消金新赛道，零售生态迎变局,新浪
2020-10-30,上海银保监局：对兴业银行信用卡中心作出行政处罚，罚款50万元 金融监管处罚,Wind
2020-10-30,兴业信用卡自助申诉功能上线 差错争议处理效率提升20%,证券日报网
2020-10-30,海外信用评级汇总2020年10月30日星期五,Wind
2020-10-30,兴业银行信用卡中心被罚50万：信用卡授信审批严重违规,新浪
2020-10-30,【创元宣传】全市场首单！ 苏州创元和赢资本顺利完成大商所玉米淀粉仓单业务,创元期货股份有限公司
2020-10-30,中国银行保险监督管理委员会 金融监管处罚,银保监会
2020-10-30,多点Dmall完成C轮5亿美元融资，兴业银行领投腾讯等跟投,企查查
2020-10-30,兴业银行香港分行拟发行3年期美元债券及2年期港元债券最终指导价T+100bps及1.1%,Wind
2020-10-30,【机构持仓】Q3持仓回升，估值修复概率高,志明看金融
2020-10-30,从基金持仓看银行股：Q3持仓回升，估值修复概率高，维持“强于大市”评级,天风证券
2020-10-30,穆迪：授予兴业银行香港分行拟发行高级无抵押债券“Baa2”评级，展望稳定,Wind
2020-10-30,兴业银行香港分行拟发行3年期美元蓝色债券及2年期港元抗疫债券,Wind
2020-10-30,多点Dmall完成C轮超4亿美金融资 兴业银行领投，腾讯、IDG等老股东跟投,金融界
2020-10-30,银税互动 兴业银行武汉分行支持百家小微企业复工复产,和讯
2020-10-30,四十载风雨与特区共成长 金融全服务铸兴业金招牌,凤凰网
2020-10-30,【安信建筑】公司深度：中装建设（002822.SZ）-科技赋能成就装饰黑马，战略转型提升估值空间,勇往直前
2020-10-30,兴业银行(601166)：利润增速显著提升 净息差再创新高,新浪
2020-10-30,36氪独家｜多点Dmall完成C轮超5亿美金融资，兴业银行领投，腾讯、IDG等老股东跟投,36氪
2020-10-30,A股融资融券日报：两融余额增加46.35亿元（10月29日）,Wind
2020-10-30,兴业银行20年3季报详细解读：增长持续超预期，资产质量稳健【中泰银行·戴志锋/邓美君/贾靖】,传统借贷vs新型金融
2020-10-30,【浙商梁凤洁/邱冠华】兴业银行：渐入佳境，蓄势待发,大话金融
2020-10-30,今年银行永续债发行近5000亿元,Wind
2020-10-30,把金融服务送到身边,中国网
2020-10-30,深圳市海王生物工程股份有限公司 关于为控股子公司提供担保实施情况的公告 大额借贷担保,证券时报
2020-10-29,仁东控股：3.5亿短期贷款本金未能如期偿还 违约失信,Wind
2020-10-29,兴业银行前三季度营收突破1500亿元 当季盈利增速转正,中证网
2020-10-29,华泰柏瑞杨景涵偏爱金融地产业绩不及格，公司权益类人才紧缺一拖多现象严重,和讯
2020-10-29,兴业银行第三季度净利润增长1.33%，不良率为1.47%,澎湃新闻
2020-10-29,兴业银行净利润前三季度同比下滑5.53%，较半年报降幅收窄 盈利能力下降,第一财经
2020-10-29,兴业银行三季度盈利增速转正，总资产达7.62万亿元,21世纪经济报道
2020-10-29,兴业银行(601166.SH)：前三季净利降5.53%至518.75亿元 盈利能力下降,格隆汇
2020-10-29,晚间重要公告2020年10月29日星期四,Wind
2020-10-29,外汇局梧桐树平台退出兴业银行前十大股东序列,证券时报
2020-10-29,兴业银行前三季度归母净利518.75亿元,北京商报
2020-10-29,晚间公告｜10月29日这些公告有看头,第一财经
2020-10-29,兴业银行：前三季度净利润同比减少5.53% 盈利能力下降,Wind
2020-10-29,兴业银行：前三季净利同比下降5.53% 盈利能力下降,e公司
2020-10-29,兴业银行：变更证券事务代表,Wind
2020-10-29,首个绿金中心启动建设 多政策吸引金融机构和人才,21世纪经济报道
2020-10-29,北向资金净买入近18亿元，白酒龙头猛烈吸金,Wind
2020-10-29,“兴业”力量为企业复工复产提供金融动能,搜狐
2020-10-29,兴业银行倾注集团优势，支持临港新片区建设,陆家嘴金融网
2020-10-29,普益标准：银行理财能力排名报告（2020年3季度）,新华网
2020-10-29,蚂蚁估值超90倍，10倍的大零售银行能否获得溢价？,第一财经
2020-10-29,A股融资融券日报：两融余额增加49.47亿元（10月28日）,Wind
2020-10-29,年内银行股最后一波解禁潮来袭，对股价影响几何？,Wind
2020-10-28,【银华基金】交易日报 2020-10-28,新浪
2020-10-28,【专栏】车位分期场景重新火爆：银行与消金公司猛推，未来或面临严监管,新流财经
2020-10-28,一个重新火爆的优质分期场景：银行、消金公司猛推，也被监管关注了,和讯
2020-10-28,A股融资融券日报：两融余额增加4.84亿元（10月27日）,Wind
2020-10-28,银行估值修复有望持续 关注基本面韧性良好标的,证券时报网
2020-10-28,金融市场流动性与监管动态周报：微观流动性偏弱 内外资偏好分化,新浪
2020-10-28,【中原晨会1028】市场分析、宝钛股份公司点评报告、银行行业月报、华宇软件三季报分析,中原证券研究所
2020-10-28,银行理财向子公司“迁移”调查：存量处置有难度,Wind
2020-10-28,银行行业：积极关注板块投资机会,财富动力网
2020-10-27,南方轴承(002553.SZ)向兴业银行常州分行申请授信敞口5000万元,智通财经
2020-10-27,银行机构微博影响力哪家强？浦发银行无缘前十,新浪
2020-10-27,银行业2021年度策略：历经洗礼 沐浴新生,新浪
2020-10-27,兴业银行三明分行助推绿色金融发展 打造金融改革“新样板”,和讯
2020-10-27,A股融资融券日报：两融余额减少19.57亿元（10月26日）,Wind
2020-10-26,【银华基金】交易日报 2020-10-26,新浪
2020-10-26,【招商策略】微观流动性偏弱，内外资偏好分化——金融市场流动性与监管动态周报（1026）,招商策略研究
2020-10-26,福建省首家上市城商行来了！厦门银行周二将IPO,21世纪经济报道
2020-10-26,759亿资金争夺20股：主力资金重点出击6股(名单),新浪
2020-10-26,机构重仓股跟踪周报,新浪
2020-10-26,沪指午盘跌幅收窄至0.72%可转债行情波动加大,中新经纬
2020-10-26,A股融资融券日报：两融余额减少114.88亿元（10月23日）,Wind
2020-10-26,长威科技三闯IPO：规模落后同行、应收暴涨现金流吃紧|IPO研究院,网易
2020-10-25,11家银行开启理财产品“迁移” 对个人投资有何影响？,经济日报
2020-10-25,11家银行启动理财产品“迁移”，会增加风险吗？,澎湃新闻
2020-10-24,【兴证金融 傅慧芳】银行业周报（10.19-10.25）:Q3业绩料边际改善，央行监管职责大幅扩围,兴证金融
2020-10-24,银行业“银行金融科技”系列深度之六：网商银行如何成为小微之王,新浪
2020-10-24,个股资金流向,财富动力网
2020-10-23,【银华基金】交易日报 2020-10-23,新浪
2020-10-23,42亿主力资金近三日杀入银行(一致评级)概念股,证券时报网
2020-10-23,兴业银行倾注集团优势，支持临港新片区建设,兴业期货
2020-10-23,A股融资融券日报：两融余额增加6.01亿元（10月22日）,Wind
2020-10-22,北上资金活跃股名单(10月22日),证券时报网
2020-10-22,多渠道保市场主体 银行业综合金融服务支持实体经济,新华网
2020-10-22,兴业银行海口分行实现省市区三级国库代理资格全覆盖,证券导报
2020-10-22,【行情】银行板块开盘拉升，平安银行大涨3%，招商银行、兴业银行、常熟银行、光大银行跟涨,金十数据
2020-10-22,A股融资融券日报：两融余额增加5.83亿元（10月21日）,Wind
2020-10-22,东北证券：银行具有确定性行情，上涨空间较大,理财18
2020-10-22,【东北晨会1022】银行行业周报/东方雨虹、中联重科、华润微/复盘笔记,东北证券研究所
2020-10-22,【东北银行王凤华/陈玉卢】行业周报：银行具有确定性行情，上涨空间较大,东北证券研究所
2020-10-22,兴业银行银川分行智慧扶贫助农村金融机构破解经营难题,中国金融新闻网
2020-10-21,“妖股”豫金刚石两月暴涨近3倍的“推手”，指向“兴业系”？,环球老虎财经
2020-10-21,【主力资金】不惧利空，尾盘暴拉22%，量子通信龙头出逃资金近3亿,证券时报网
2020-10-21,兴业银行与兴业证券召开上海区域“商行+投行”合作交流会,兴业证券订阅号
2020-10-21,691亿资金争夺20股：主力资金重点出击12股(名单),新浪
2020-10-21,误导投资者 商业银行产品营销四大乱象需警惕,中投网
2020-10-21,691亿资金争夺20股：主力资金重点出击8股(名单),新浪
2020-10-21,今年31家银行发5500亿永续债，3家国有大行占比超四成,澎湃新闻
2020-10-21,点绿成金！广州开发区发布首批76家绿色企业和项目名单,21世纪经济报道
2020-10-21,银行业深度：银行并购新浪潮,新浪
2020-10-21,四大券商周三看好的六大板块,证券之星
2020-10-21,A股融资融券日报：两融余额增加43.8亿元（10月20日）,Wind
2020-10-20,银行理财开始“迁移”了？会增加产品风险吗？,中国经济网
2020-10-20,银行机构微博影响力哪家强？广发银行无缘前十,新浪
2020-10-20,【中信建投银行杨荣】银行业深度：《全面解析预期信用损失模型》,eResearch杨荣团队
2020-10-20,三大概念受57亿主力资金追捧,证券时报网
2020-10-20,从银行半年报看理财变化,Bank资管
2020-10-20,A股融资融券日报：两融余额增加26.32亿元（10月19日）,Wind
2020-10-19,卖爆了！刚刚，林鹏首只私募大卖150亿！招行、兴业银行等6个渠道可申购,21世纪经济报道
2020-10-19,北上资金活跃股名单(10月19日),证券时报网
2020-10-19,铭普光磁(002902.SZ)拟向光大银行东莞分行申请项目贷款不超6500万元及继续向兴业银行东莞分行申请融资不超1.5亿元,格隆汇
2020-10-19,一封感谢信背后：兴业银行普惠小微贷款增长近五成,陆家嘴金融网
2020-10-19,债市分析 | 9月银行间市场发行规模环比下降，中票短融发行成本涨跌互现,中证鹏元评级
2020-10-19,打造领先财富管理银行 兴业银行零售财富综合金融资产破1.5万亿,投资时报
2020-10-19,天风证券廖志明：此轮银行股上涨非小反弹,澎湃新闻
2020-10-19,分析｜银行股集体上涨的核心逻辑是什么，还有多大上涨空间,澎湃新闻
2020-10-19,沪指半日小幅下跌0.33%，玻璃制造等板块领跌,中新经纬
2020-10-19,全国领先 兴业银行武汉分行公积金开放平台合作项目成功上线,和讯
2020-10-19,快讯：银行板块早盘再度拉升 平安银行等多股走强,新浪
2020-10-19,A股融资融券日报：两融余额减少33.11亿元（10月16日）,Wind
2020-10-18,兴业银行荣获“普惠金融卓越贡献奖”,每日经济新闻
2020-10-18,深度｜银行3季报前瞻：稳健性持续，投资核心逻辑是经济【中泰银行·戴志锋/邓美君/贾靖】,传统借贷vs新型金融
2020-10-18,利好在累积：基础配置选银行，进攻品种选科技（浙商策略·王杨）,王杨策略研究
2020-10-18,银行业-商业银行法修改建议稿发布点评：推动供给侧改革 重视公司治理,新浪
2020-10-16,北向资金本周净买入超百亿，34股上榜成交活跃榜,证券时报
2020-10-16,北上资金活跃股名单(10月16日),证券时报网
2020-10-16,加快场景生态建设已成兴业银行数字化转型的重要抓手,新华网
2020-10-16,759亿资金争夺20股：主力资金重点出击9股(名单),新浪
2020-10-16,内银股飙升：建行、工行涨5%招行涨近6% 发生了什么,新浪
2020-10-16,建设银行A股涨超2%获主力净流入超6亿元，为近年来罕见,Wind
2020-10-16,银行股卷土重来 经济持续复苏成核心驱动因素｜板块牛熊榜,第一财经
2020-10-16,沪指震荡走低半日跌0.28%煤炭、天然气股走强,中新经纬
2020-10-16,全线飘红！银行股攻势再起，机构首推“两小两中”组合丨牛熊眼,第一财经
2020-10-16,【行情】银行股拉升，成都银行、兴业银行、平安银行、长沙银行、光大银行等集体涨2%,金十数据
2020-10-16,【港股行情】银行股拉升，成都银行、兴业银行、平安银行、长沙银行、光大银行等集体涨2%。,--
2020-10-16,A股融资融券日报：两融余额增加30.9亿元（10月15日）,Wind
2020-10-16,中信建投：中长期看好银行板块估值修复行情,证券时报网
2020-10-15,11家银行理财产品向理财子公司迁移，6家国有大行已全部开启迁移工作,Wind
2020-10-15,11家银行理财产品向理财子公司迁移 6家国有大行已全部开启迁移工作,证券日报
2020-10-15,10月15日北向资金成交活跃股名单,证券时报网
2020-10-15,【中金固收·信用】中国公司债及企业债信用分析周报,中金固定收益研究
2020-10-15,兴业银行(601166.SH)：成功发行300亿元无固定期限资本债券,格隆汇
2020-10-15,迦南科技今跌11% 中国银河为第二大流通股股东,中国经济网
2020-10-15,【研报掘金】低估值与经济复苏共振 银行股有望否极泰来应积极看多,证券时报网
2020-10-15,736亿资金争夺20股：主力资金重点出击8股(名单),新浪
2020-10-15,沪指半日震荡收涨0.1%光伏股回调,中新经纬
2020-10-15,A股融资融券日报：两融余额增加78.8亿元（10月14日）,Wind
2020-10-15,信用卡不良ABS年发行量料创新高,中证报
2020-10-14,银行角度看9月社融：经济修复、融资需求旺盛，利好银行板块【中泰银行戴志锋/邓美君/贾靖】,传统借贷vs新型金融
2020-10-14,通威股份：与兴业银行签订高纯晶硅项目贷款合作协议,e公司
2020-10-14,中储股份(600787.SH)：拟在兴业银行天津分行、交通银行天津市分行办理授信业务,格隆汇
2020-10-14,11家银行理财产品向理财子公司迁移，工行已移253只产品,澎湃新闻
2020-10-14,银行机构微博影响力哪家强？中信银行无缘前十,新浪
2020-10-14,半年之内房贷按揭逆转，这中间发生了什么？,第一财经
2020-10-14,A股融资融券日报：两融余额增加111.94亿元（10月13日）,Wind
2020-10-14,“再不贷就贷不到了” 为何房贷按揭越来越难办了？,第一财经日报
2020-10-13,半年之内房贷按揭逆转 这中间发生了什么？,第一财经
2020-10-13,华茂股份(000850.SZ)所持1220万股国泰君安股份解除质押,格隆汇
2020-10-13,截至9月末兴业银行普惠小微贷款余额1729亿元 同比增长近五成,新华网
2020-10-13,一封感谢信背后：兴业银行普惠小微贷款增长近五成,中新网
2020-10-13,兴业银行探路工业互联网产融结合新模式,中投网
2020-10-13,数据中的区域金融版图,21世纪经济报道
2020-10-13,A股融资融券日报：两融余额增加168.27亿元（10月12日）,Wind
2020-10-12,数据解盘|今日北向资金合计净流入159.01亿元 电子元件板块受到主力资金青睐,新浪
2020-10-12,10月12日主力资金净流入212亿元,证券时报网
2020-10-12,9月份银行永续债发行创新高 8天内6家完成发行,中投网
2020-10-12,兴业银行零售财富综合金融资产突破1.5万亿,证券时报
2020-10-12,1024亿资金争夺20股：主力资金重点出击12股(名单),新浪
2020-10-12,A股融资融券日报：两融余额增加132.13亿（10月9日）,Wind
2020-10-11,【兴证金融 傅慧芳】银行业周报（09.28-10.11）:TLAC落地/创新工具加速发行，料9月社融保持较高增长,兴证金融
2020-10-10,沙钢股份的诉讼案再起波澜 2亿元借款究竟被谁花了 诉讼纠纷,21世纪经济报道
2020-10-10,评论：数据中的区域金融版图,21世纪经济报道
2020-10-09,21金融研究：数据中的区域金融版图，哪个区域最受银行青睐？,21世纪经济报道
2020-10-09,今年全国银行网点净减少超500家，农行、中行少了过百家,奥一网
2020-10-09,银行业三季报前瞻：人间正道是沧桑,新浪
2020-10-09,A股融资融券日报：两融余额减少180.88亿元（9月30日）,Wind
2020-10-09,银行网点年内减少500多家 各银行加大网点转型力度,南都报
2020-10-08,哪家上市银行最为优秀？对各大上市银行数据对比解析,搜狐
2020-10-07,2020年9月福建A股上市公司市值TOP100 宁德时代4461亿元排第一,挖贝网
2020-10-01,增速持稳，前三季度债券承销榜发布,Wind
2020-10-01,2020年收益最差板块：银行股跌出价值了吗？,新浪
2020-09-30,北上资金活跃股名单(9月30日),证券时报网
2020-09-30,21金融研究：透析银行负债变化，降成本路在何方？,21世纪经济报道
2020-09-30,北向资金今日净流出29亿元 五粮液遭净卖出2.09亿元,第一财经
2020-09-30,主承销商：“19新华联控SCP003”违约后续 未按时兑付本息,Wind
2020-09-30,中国版TLAC政策框架来了！四大行面临近3万亿资本缺口,21世纪经济报道
2020-09-30,中国版TLAC政策框架来了！对中国境内G-SIBs意味着什么？,21世纪经济报道
2020-09-30,A股9月收官：沪指累计跌5.23%，险守3200点,中新经纬
2020-09-30,A股融资融券日报：两融余额减少40.71亿元（9月29日）,Wind
2020-09-30,保障网络安全 兴业银行天津分行开展“2020年国家网络安全宣传周”活动,中国金融新闻网
2020-09-30,一封表扬信背后的兴业银行天津分行金融服务故事,中国金融新闻网
2020-09-30,32股获券商买入评级，富满电子目标涨幅达97.77%,Wind
2020-09-29,产业战投、银企合作，广汇汽车不断实现发展进阶,金融界
2020-09-29,兴业银行今日大宗交易成交114.31万股，成交价17.43元溢价9.62%,Wind
2020-09-29,"兴业银行现2笔大宗交易 共成交1,992.42万元",新浪
2020-09-29,什么情况？招行港股罕见大跌，一品种更是狂泻72%,券商中国
2020-09-29,银行：寻找银行股行情启动的催化剂,新浪
2020-09-29,金融地产个股可关注,深圳商报
2020-09-29,年内小微金融债发行规模3503亿元 已远超去年全年,证券日报
2020-09-29,浙商早知道 | 9月30日,浙商证券研究所
2020-09-28,银行机构微博影响力哪家强？农业银行下降三位,新浪
2020-09-28,【中金固收·资产证券化】ABS一周市场回顾,中金固定收益研究
2020-09-28,兴业银行大连北京街社区支行开展社区活动 用温暖陪伴百姓,中国金融新闻网
2020-09-28,兴业银行南京仙林支行正式开业 区域金融服务体系再添新力量,和讯
2020-09-28,监管要求大型银行控制房贷规模，多家大行新增涉房贷款占比降至30%以下,Wind
2020-09-28,银行行业：LPR报价不变 银行板块仍具防御性,新浪
2020-09-27,非银行金融／银行行业周报(第三十九周),新浪
2020-09-27,兴业银行财富业务中心总经理王海青：客户价值是资管核心竞争力,中国金融新闻网
2020-09-27,*ST西发涉及票据追索权纠纷，实际被冻结金额达1.21万元 诉讼纠纷,资本邦
2020-09-27,2020中国资产管理峰会举行 金融大咖云集聚焦绿色金融,中新网
2020-09-26,陶以平：应加强ESG风险管理，将ESG相关要求纳入授信全流程,21世纪经济报道
2020-09-26,陶以平：绿色资管蓄势待发，发展空间巨大,和讯
2020-09-26,破题农村金融“科技难” 兴业银行的村镇银行科技输出样本,经济观察网
2020-09-26,后疫情时代的银行信用卡业务：关注拓展场景 确保资产质量可控,经济观察网
2020-09-25,国林科技(300786.SZ)使用闲置募集资金5000万购买理财产品,智通财经
2020-09-25,A股融资融券日报：两融余额减少21.84亿元（9月24日）,Wind
2020-09-25,绿色金融成效显现 推动可持续发展银行业如何发力？,新浪
2020-09-24,【银华基金】交易日报 2020-09-24,新浪
2020-09-24,禁止信用卡套现、刷单！否则将被降额、冻结！,中国银行保险报
2020-09-24,长城汽车(02333)为子公司亿新发展及蜂巢电驱动银行贷款提供担保 大额借贷担保,智通财经
2020-09-24,银行扎堆布局 ESG理财投资能否爆发,中投网
2020-09-24,海南农信社与兴业银行达成战略合作,证券导报
2020-09-24,券商首次关注3股并给予买入评级（9月24日）,Wind
2020-09-24,A股融资融券日报：两融余额增加47.28亿元（9月23日）,Wind
2020-09-24,12股获券商买入评级，华荣股份目标涨幅达68.94%,Wind
2020-09-24,【东北银行王凤华/陈玉卢】兴业银行（601166.SH）深度报告：市场化思维，“商行+投行”前景广阔,东北证券研究所
2020-09-23,兴业银行“芝麻开花”服务科创企业超2万家,证券日报
2020-09-23,伊泰煤炭(03948.HK)：伊泰久友托管人变更为兴业银行,格隆汇
2020-09-23,永福股份(300712.SZ)为全资子公司新创机电提供担保额度剩余总额度3.55亿元 大额借贷担保,智通财经
2020-09-23,中富通(300560.SZ)拟向兴业银行福州晋安支行申请综合授信额度8000万元,格隆汇
2020-09-23,支持徐工“混改” 兴业银行南京分行服务实体经济再添新作为,和讯
2020-09-23,混合型基金：长线布局消费、医药、科技板块 提前迅速建仓获取超额收益,面包财经
2020-09-23,A股融资融券日报：两融余额增加4.49亿元（9月22日）,Wind
2020-09-23,【中原晨会0923】市场分析、银行行业月报,中原证券研究所
2020-09-23,兴业银行与海南省农信联社达成战略合作,云南信息报
2020-09-22,银行机构微博影响力哪家强？国家开发银行跌出前十,新浪
2020-09-22,这类理财投资要大火？多家银行扎堆布局ESG主题产品,北京商报
2020-09-22,中创环保(300056.SZ)拟向兴业银行申请1亿元综合授信额度,格隆汇
2020-09-22,服务企业超2万家 兴业银行“芝麻开花”为科创小巨人排解“成长烦恼”,和讯
2020-09-22,部分银行保本理财产品清零，中小行揽储“压力山大”,第一财经
2020-09-22,A股融资融券日报：两融余额增加19.59亿元（9月21日）,Wind
2020-09-22,兴业银行理财子公司发布首只ESG理财产品,云南信息报
2020-09-21,【中金固收·资产证券化】ABS一周市场回顾,中金固定收益研究
2020-09-21,非银行金融／银行：行业周报(第三十八周),新浪
2020-09-21,绿金新闻 | 30多万人线上参加2020绿金委年会,中央财经大学绿色金融国际研究院
2020-09-21,天通股份(600330.SH)：实控人之一致行动人潘娟美解押600万股再质押370万股,格隆汇
2020-09-21,中通国脉(603559.SH)拟向银行申请不超2.4亿元综合授信额度,格隆汇
2020-09-21,全国100家商业银行财富管理能力排名报告（2020上半年）,和讯
2020-09-21,兴业银行探路工业互联网产融结合新模式,和讯
2020-09-21,"女子谎称买房买地,骗取亲友6700多万,案发后仅还130万 欺诈造假",搜狐
2020-09-21,A股融资融券日报：两融余额增加37.75亿元（9月18日）,Wind
2020-09-19,疫情之后，谁是银行新“零售之王”？,Wind
2020-09-19,21金融研究：疫情之后，谁是银行新“零售之王”？,21世纪经济报道
2020-09-19,疫情之后， 谁是银行新“零售之王”？,21世纪经济报道
2020-09-18,"转变信用卡经营理念兴业银行谋局客户""旅程经营""",证券日报
2020-09-18,"兴业银行现1笔大宗交易 共成交3,280.00万元",新浪
2020-09-18,兴业银行今日大宗交易成交200万股，成交价16.4元溢价0.0%,Wind
2020-09-18,兴业信用卡提醒: 办卡应选正规渠道 谨防代办“黑中介”,中国网
2020-09-18,惠伦晶体(300460.SZ)拟向兴业银行东莞分行申请不超9000万元授信额度,格隆汇
2020-09-18,兴业银行谋局信用卡客户旅程经营,中国金融新闻网
2020-09-18,长威科技一度冲A折戟，9成营收依赖福建，经营性现金流暴跌 经营问题,时代在线
2020-09-18,兴业银行被罚没0.25亿 涉为无证机构提供转接清算服务等 金融监管处罚,GPLP犀牛财经
2020-09-18,小社区大温暖 兴业银行德阳分行上门为特殊客户服务,金融投资报
2020-09-18,【债券快讯】9月17日中资美元债一级市场新发5只债券；另有1家公司召开电话会议,国元国际
2020-09-18,A股融资融券日报：两融余额增加36.6亿元（9月17日）,Wind
2020-09-17,ESG主题理财产品日趋成熟 截至9月17日“银行系”存续产品达30款,证券日报
2020-09-17,兴业银行与海南省农信联社达成战略合作,新浪
2020-09-17,兴业银行：全年普惠型小微企业贷款增幅提升至32%,和讯
2020-09-17,银行又双叒提醒：信用卡不得套现、恶意刷单，否则上报风险黑名单或人行征信,21世纪经济报道
2020-09-17,兴银理财发布首只ESG主题理财产品,21世纪经济报道
2020-09-17,A股融资融券日报：两融余额增加1.73亿元（9月16日）,Wind
2020-09-16,【银华基金】交易日报 2020-09-16,新浪
2020-09-16,兴银理财推出首只ESG理财产品，业绩基准4%-4.6%,澎湃新闻
2020-09-16,绿色金融理念渗透更多领域，兴银理财推出首个ESG理财产品,第一财经
2020-09-16,兴业银行摊上大事了：涉及5项违法行为 年内共计被罚没6千万 金融监管处罚,新浪
2020-09-16,“我老公是银行副行长！”无业女子诈骗近120万 多人中招 欺诈造假,新浪
2020-09-16,兴业银行上海虹桥支行拦截一起“高收益”诈骗 欺诈造假,中国金融新闻网
2020-09-16,兴业银行理财子公司发布首只ESG理财产品,金融界
2020-09-16,兴业银行理财子公司发布首只ESG理财产品,中国金融新闻网
2020-09-16,兴业银行南京分行2020年度金融知识普及月系列活动正式启动,和讯
2020-09-16,A股融资融券日报：两融余额增加29.0亿元（9月15日）,Wind
2020-09-16,又被罚了33718700元！这5家银行被央行开出31张罚单 金融监管处罚,腾讯网
2020-09-15,银行机构微博影响力哪家强？浦发银行跌出前十,新浪
2020-09-15,宽信用稳步推进：银行业2020年8月金融数据点评,中信证券
2020-09-15,又见千万罚单！兴业、招商等5家银行被罚没3371.87万 金融监管处罚,中新经纬
2020-09-15,违规允许外包服务机构入网 兴业银行福州分行被罚50万 金融监管处罚,中华网
2020-09-15,因存在多项违法违规行为 兴业银行被罚没2470万元 金融监管处罚,中华网
2020-09-15,天安财险被并表再被出表 股价大涨大跌 背后原因几何？ 连续下跌,时代在线
2020-09-15,A股融资融券日报：两融余额增加37.47亿元（9月14日）,Wind
2020-09-14,兴业银行罚没2470万元“五宗罪”：违规转接清算、银行卡收单外包等 金融监管处罚,经济观察网
2020-09-14,央行福州中心支行开出多张罚单：兴业被罚近2500万 金融监管处罚,21世纪经济报道
2020-09-14,央行福州中心支行开出多张罚单：涉多家银行 金融监管处罚,21世纪经济报道
2020-09-14,央行再开大额罚单！兴业银行多项支付业务违规被罚2469万，建行、招行同时领罚 金融监管处罚,新浪
2020-09-14,申万宏源(06806.HK)为宏源恒利1亿元贷款提供担保 大额借贷担保,格隆汇
2020-09-14,【中金固收·资产证券化】ABS一周市场回顾,中金固定收益研究
2020-09-14,兴业银行被央行罚没2470万：为无证机构提供转接清算服务 金融监管处罚,澎湃新闻
2020-09-14,金融科技系列研究之二：消费金融行业剖析：逐鹿消金新赛道 零售生态迎变局,新浪
2020-09-14,兴业银行福州分行被罚50万：允许外包机构以特约商户名义入网,新浪
2020-09-14,"兴业银行被罚没2469万：涉为无证机构提供转接清算服务等""五宗罪"" 金融监管处罚",新浪
2020-09-14,巨丰数据赢｜北上资金持续回流 一龙头被主力低位大幅增持,巨丰财经
2020-09-14,A股融资融券日报：两融余额减少19.68亿元（9月11日）,Wind
2020-09-14,扶贫扶智兴业银行再捐750万元支持政和县第三实验小学建设,云南信息报
2020-09-13,【浙商||银行梁凤洁/邱冠华】地方债拉动社融超预期,大话金融
2020-09-12,2020年8月金融统计与社会融资规模数据解析：社融大超市场预期 政府债券放量,新浪
2020-09-12,广汇汽车与兴业银行达成战略合作 共推产融模式创新发展,金融界
2020-09-11,北向资金本周卖出力度骤减，32股成交活跃,证券时报
2020-09-11,债券重大事件2020年9月11日星期五,Wind
2020-09-11,银行业如何助力脱贫攻坚？听三位行长怎么说,新华网
2020-09-11,兴业银行普惠型小微企业贷款较年初增长22.06%,新华网
2020-09-11,兴业银行南京分行积极支持“四新盐城”建设,和讯
2020-09-11,兴业银行：“20九州通(疫情防控债)SCP002”持有人会议审议通过相关议案,Wind
2020-09-11,福然德股份有限公司首次公开发行股票网下初步配售结果及网上中签结,证券时报
2020-09-11,顶住压力多措并举 扶贫取得明显成效 三家银行分享扶贫成功经验,中国金融新闻网
2020-09-11,助力脱贫攻坚三家银行各出绝招,中证报
2020-09-10,京投交通科技(01522)附属合共认购1.5亿元理财产品,智通财经
2020-09-10,京投交通科技(01522.HK)近期认购1.05亿元理财产品,格隆汇
2020-09-10,青山船厂获兴业银行3000万政府贴息纾困贷款,国际船舶
2020-09-10,兴业银行行长陶以平：走特色化之路 跑好扶贫攻坚的冲刺棒,中国经营网
2020-09-10,兴业银行行长陶以平：累计为脱贫攻坚和乡村振兴投放绿色融资117亿,21世纪经济报道
2020-09-10,兴业银行行长陶以平：数金公司为村镇银行提供信息系统建设,中新经纬
2020-09-10,陶以平：从五方面走出有兴业特色的精准扶贫之路,中国经济网
2020-09-10,兴业银行十堰分行多措并举助力营商环境优化,和讯
2020-09-10,陶以平：截至6月末兴业银行累计投放产业精准扶贫贷款55亿元,新浪
2020-09-10,森特股份使用1.8亿元闲置募集资金进行现金管理,和讯
2020-09-10,A股融资融券日报：两融余额减少55.94亿元（9月9日）,Wind
2020-09-10,长威科技：打造国内大数据高端应用顶尖企业,中证报
2020-09-10,股份银行中报PK：华夏净利增速垫底浦发不良率最高,中新经纬
2020-09-09,银行机构微博影响力哪家强？平安银行无缘前十,新浪
2020-09-09,兴业银行：全年普惠型小微企业贷款增幅提升至32%,中新网
2020-09-09,债市分析 | 8月银行间市场发行规模环比上升，中票短融发行成本下降,中证鹏元评级
2020-09-09,A股融资融券日报：两融余额减少8.54亿元（9月8日）,Wind
2020-09-09,A股早报2020年9月9日星期三,Wind
2020-09-09,盘前情报丨隔夜美股又崩了，纳指重挫4%，科技股领衔大跌，对A股影响几何？ 连续下跌,21世纪经济报道
2020-09-09,北向资金动向盘点：突然逆转净买63亿，都有啥？,Wind
2020-09-09,第三代半导体行情持续，北向资金净流入63亿元,Wind
2020-09-08,数据复盘|中国平安获主力大幅加仓 北向资金净买入五粮液逾10亿元,证券时报网
2020-09-08,北向资金终结连续六日净流出，这只白酒股获净买入超10亿元,21世纪经济报道
2020-09-08,33股主力资金净流入超亿元,证券时报网
2020-09-08,股份制银行AUM为何逆势大涨？派生存款效果如何？,中投网
2020-09-08,兴业期货积极服务实体经济——宁波市首个猪饲料成本指数“保险+期货”项目落地象山,期货日报网
2020-09-08,茅台、五粮液资金流出现分歧银行、保险股资金大幅流入,金融界
2020-09-08,金融股逆市走强，银行ETF早盘涨超1%,Wind
2020-09-08,【行情】银行板块开盘走高，杭州银行大涨4%，平安银行、常熟银行、兴业银行、长沙银行跟涨,金十数据
2020-09-08,招商银行信用卡业务投诉量夺冠,中国经济网
2020-09-08,A股融资融券日报：两融余额减少28.1亿元（9月7日）,Wind
2020-09-08,银行降薪实锤？合计下降5.9亿元，但人均仍超2万,21世纪经济报道
2020-09-08,上半年银行信用卡发卡量增速放缓,证券日报
2020-09-07,科创板IPO | 应收账款逐年累增、存货占比居高难下，长威科技科创板IPO能否“如愿”?,资本邦
2020-09-07,【专栏】信用卡行业加速分化：兴业银行逆袭，浦发银行、交通银行持续收缩,零壹财经
2020-09-07,2020年9月指数基金产品精选组合报告：增配低估值顺周期板块,国金证券股份有限公司
2020-09-07,时代银行周报 | 银保监会首次通报银行业消费投诉情况，信用卡业务为重灾区,时代在线
2020-09-07,A股融资融券日报：两融余额减少32.45亿元（9月4日）,Wind
2020-09-07,22万亿银行理财净值化转型大扫描——理财子公司过渡期步调各异 市场化构建殊途同归,全景网
2020-09-07,理财子公司过渡期步调各异，市场化构建殊途同归,Wind
2020-09-07,22万亿银行理财净值化转型大扫描 理财子公司过渡期步调各异,证券时报
2020-09-07,理财子公司过渡期步调各异市场化构建殊途同归,证券时报
2020-09-06,为什么说兴业银行一定会估值修复？不是某个点发力，而是全线好转,搜狐
2020-09-06,【兴证金融 傅慧芳】银行业周报（08.31-09.06）：上市银行中期业绩靴子落地，8月社融料延续较高增速,兴证金融
2020-09-06,财富管理：新时代下的新发展——2020中国金融创新论坛分论坛在京举办,银行家杂志
2020-09-06,银行本周聚焦：车险综合费改实施影响几何？,新浪
2020-09-05,11家银行理财子公司半年赚超30亿 权益类资产是未来增收点,中国经营报
2020-09-04,【银行中报观察】9家股份行净利同比少赚近190亿 盈利能力下降,经济观察网
2020-09-04,北上资金本周抢筹股名单,证券时报网
2020-09-04,兴业银行净利下滑近10%，北京地区营业利润亏损4个亿原因还是个谜 亏损,新浪
2020-09-04,银行业20年半年报综述：相信自然增长 出清存量风险,新浪
2020-09-04,银行1H2020报告综述：存贷扩张仍快 息差、中收有韧性 不良未见显着提升,新浪
2020-09-04,“雪中送炭”显温度 抗疫纾困见真情 兴业银行福州分行3个月投放纾困贷款近4亿元,凤凰网
2020-09-04,银保监会首次通报银行业消费投诉情况，中国银行遭投诉最多,经济网
2020-09-04,聚力绿色金融 兴业银行天津分行与新能源公司签署合作协议,中国金融新闻网
2020-09-04,银行业投诉数据首次曝光！谁是“投诉王”？哪些领域成重灾区？,证券时报网
2020-09-04,A股融资融券日报：两融余额增加7.94亿元（9月3日）,Wind
2020-09-04,上半年信用卡不良率飙升，银行凭什么判断最危险的时候已过去？,Wind
2020-09-04,股份制银行AUM逆势大涨 招行代销基金销售额增长207%,21世纪经济报道
2020-09-03,首次公布！银行业消费投诉数据曝光：中行8成涉理财 大行里交行“网均”第一,新浪
2020-09-03,上市银行2020年半年报综述：今年大不同 上市银行中报的五个关注点,新浪
2020-09-03,黄金租赁违规，工行、兴业银行被罚百万，贵金属业务逆势上涨？ 金融监管处罚,搜狐
2020-09-03,小微贷款行业深度解析：小微源起、历史与现状,新浪
2020-09-03,银保监会消保局首次通报银行业消费投诉情况 信用卡业务投诉占股份行投诉总量83.3%,中国网
2020-09-03,兴业银行西安分行：线上保函高效服务企业,中国金融新闻网
2020-09-03,国有大行占34.9%！ 二季度银行业消费投诉超六万,新浪
2020-09-03,银保监会：二季度中行消费投诉量居国有六大行首位,银保监会
2020-09-03,银保监会首度通报银行业消费投诉情况：涉信用卡投诉超50%,澎湃新闻
2020-09-03,银保监会：中国银行、工商银行、建设银行投诉量位列国有大型商业银行前三名,腾讯网
2020-09-03,二季度银行业消费投诉超六万 信用卡业务投诉超半,中国金融新闻网
2020-09-03,银保监会通报二季度消费投诉：中行工行建行投诉量居大行前三,银保监会
2020-09-03,银保监会首次通报银行业消费投诉情况 大行投诉量超三成,中证报
2020-09-03,银保监会通报二季度消费投诉：招商中信兴业量居股份行前三,银保监会
2020-09-03,二季度银行业消费投诉国有行前三：中行、工行、建行,21世纪经济报道
2020-09-03,扶贫扶智 兴业银行再捐750万支持政和县第三实验小学建设,兴业银行
2020-09-03,净利下滑中的银行业：工行半年减员1万人，建行员工平均月薪降1150元 业务变化,搜狐
2020-09-03,A股融资融券日报：两融余额增加98.95亿元（9月2日）,Wind
2020-09-03,万亿机构炒股路线曝光！一板块成“弹药”聚集地,券商中国
2020-09-03,神州信息(000555)：业绩稳健增长 金融科技战略持续深化,新浪
2020-09-03,武汉凡谷电子技术股份,证券时报
2020-09-02,兴业银行大连分行助民营企业变危为机闯市场,中国金融新闻网
2020-09-02,兴业消费金融2020上半年营收30亿元，净利润增加20%但增速放缓,零壹财经
2020-09-02,因黄金租赁业务违规，兴业银行资金营运中心被罚50万 金融监管处罚,澎湃新闻
2020-09-02,培养节约习惯 杜绝“舌尖浪费” 兴业银行绵阳分行开展“光盘行动”,金融界
2020-09-02,华龙内参2020年第162期 总第750期(电子版),新浪
2020-09-02,A股融资融券日报：两融余额增加35.99亿元（9月1日）,Wind
2020-09-02,银行业上半年净利增速普遍下降 银行股四季度估值或合理修复 盈利能力下降,南方财经网
2020-09-01,银行机构微博影响力哪家强？浦发银行无缘前十,新浪
2020-09-01,97亿主力资金近三日杀入陆股通日买入前二十概念股,证券时报网
2020-09-01,兴业银行(601166)2020年中报点评：营收稳定增长 拨备政策积极,新浪
2020-09-01,上海银保监局再出手！工行、兴业银行黄金租赁业务违规被罚百万 金融监管处罚,新浪
2020-09-01,【研报掘金】经济持续复苏估值底部确认 银行板块已进入绝对收益期,证券时报网
2020-09-01,半年报季银行股价哪家强：城商行表现抢眼，国有大行整体萎靡,澎湃新闻
2020-09-01,兴业银行宜宾分行落地“天府信用通·宜宾”融资业务1.8亿元,金融投资报
2020-09-01,“机构抱团50强”榜单出炉！千亿科技巨头排名飙升118名，QFII+社保共同持股仅24只,证券时报网
2020-09-01,“机构抱团50强”榜单出炉：QFII+社保共同持股仅24只,新浪
2020-09-01,银行2Q20业绩回顾：一轮非典型盈利提升 一次更彻底的报表出清,新浪
2020-09-01,融资客青睐13股，江苏阳光买入占比高达37.85%,Wind
2020-09-01,A股融资融券日报：两融余额增加106.79亿元（8月31日）,Wind
2020-09-01,A股早报2020年9月1日星期二,Wind
2020-09-01,389股获券商买入评级，中兴通讯目标涨幅达84.62%,Wind
2020-09-01,不良贷款率暂未明显抬升，银行大幅计提拨备增厚“安全垫”,Wind
2020-09-01,资产质量前瞻性指标改善，银行信用卡业务持续回暖,Wind
2020-09-01,资产质量前瞻性指标改善银行信用卡业务持续回暖,上证报
2020-09-01,公募二季度新增349只重仓股：“国内大循环”逻辑下基金经理聚焦消费、周期,21世纪经济报道
2020-09-01,冲高回落尾盘跳水北向资金净流出80亿,重庆商报
2020-08-31,北向资金本月现净卖出，终结连续4个月净买入格局，50股上榜成交活跃股名单,证券时报
2020-08-31,【超级大单】这个概念大爆发，一天7股创新高，5亿资金追捧龙头,证券时报网
2020-08-31,16股特大单净流入资金超2亿元,证券时报网
2020-08-31,北向资金午后狂卖逾100亿，发生了什么？,Wind
2020-08-31,兴业银行(601166)：资产质量提升 同业优势巩固,新浪
2020-08-31,A股8月收官：沪指累计涨2.59%，3400点得而再失,中新经纬
2020-08-31,三大股指半日集体上涨，茅台再度飞涨股价站上1800元,中新经纬
2020-08-31,悲观预期兑现！银行板块集体发力，低估值高股息标的配置正当时,证券时报网
2020-08-31,A股融资融券日报：两融余额增加31.43亿元（8月28日）,Wind
2020-08-31,猛增1.5万亿，私行财富爆发！,中国基金报
2020-08-31,刚刚出炉！猛增1.5万亿，私行财富大爆发！“一哥”2.5万亿最牛,Wind
2020-08-31,上半年银行净息差收窄减费让利诚意足,上证报
2020-08-31,半年赚近18亿！六大行理财子公司盈利首次全曝光，最赚钱却是这家,中国基金报
2020-08-30,兴业银行1H20：大幅增提拨备，实质业绩增速向好,志明看金融
2020-08-30,股份行半年报扫描：半数净利下滑超10%，加大拨备是主因 盈利能力下降,第一财经
2020-08-30,详解兴业银行2020中报：营收、PPOP增速向上，好于预期【中泰银行·戴志锋/邓美君/贾靖】,传统借贷vs新型金融
2020-08-30,超乐视比肩中石油，它半年亏损超市值3倍，7万股民欲哭无泪！ 亏损,搜狐
2020-08-30,兴业银行:提高警惕! 不要轻易点击不明链接下载所谓兴业银行App,兴业银行
2020-08-30,研究员转身去当副行长，还有哪些华丽转身？,Wind
2020-08-30,兴业银行(601166)：拨备调整后单季净利润增速由负转正至13%,新浪
2020-08-30,兴业银行(601166)：Q2营收和PPOP增长提速 公司战略推进彰显成效,新浪
2020-08-29,【浙商I银行梁凤洁/邱冠华】兴业银行中报：一份优秀的答卷,大话金融
2020-08-29,兴业银行上半年净利326亿同比降逾9%，不良率1.47% 盈利能力下降,澎湃新闻
2020-08-29,兴业银行发布2020年半年报 加强逆周期应对上半年营收首破千亿元,证券日报
2020-08-29,A股上市股份行净利增速集体下降，主因向实体让利、大幅计提拨备,Wind
2020-08-29,中山公用事业集团股份有限公司,证券时报
2020-08-28,在加强逆周期应对中推进高质量发展 兴业银行发布2020年半年报,和讯
2020-08-28,兴业银行上半年营收首破千亿 贷款增量位列股份行第一,证券时报
2020-08-28,兴业银行营业收入首次半年破千亿，归属净利润同比下滑9.17% 盈利能力下降,第一财经
2020-08-28,兴业银行上半年实现净利润325.90亿元,中证网
2020-08-28,兴业银行：上半年营收同比增长11.24% 净利润同比减少9.17% 盈利能力下降,上证报
2020-08-28,兴业银行营业收入首次半年破1000亿，同比增长11.24%,21世纪经济报道
2020-08-28,兴业银行上半年归母净利润同比降9.17% 净值型理财占比已超六成 盈利能力下降,北京商报
2020-08-28,兴业银行半年报：营收首次半年破千亿 达1000.17亿元,新浪
2020-08-28,兴业银行(601166.SH)：上半年净利降9.17%至325.9亿元 盈利能力下降,格隆汇
2020-08-28,兴业银行：独立董事辞职 董监高成员变化,Wind
2020-08-28,兴业银行：上半年净利同比下降9.17% 盈利能力下降,e公司
2020-08-28,兴业银行：将于9月18日召开“15鲁能源MTN001”等债券持有人会议,Wind
2020-08-28,安财险投资信托逾期收不回 银保监会依法实施接管,新浪
2020-08-28,A股融资融券日报：两融余额增加32.37亿元（8月27日）,Wind
2020-08-28,每日理财观察：中银协拟建立行业禁入黑名单，信托公司加速布局职业年金市场,Wind
2020-08-27,阳光城、龙净环保业绩增长停滞 谁来拯救阳光集团的三千亿负债？ 盈利能力下降,中金在线
2020-08-27,兴业银行成都分行线上保函解决企业燃眉之急,金融投资报
2020-08-27,兴业银行德阳分行积极开展爱护人民币宣传活动,金融投资报
2020-08-27,聚心聚力 兴业银行德阳分行助力小微企业及个体工商户发展,金融投资报
2020-08-27,二季度净值型银行理财排名发布，118只产品获5星评价,Wind
2020-08-27,六年来累计投放各类信贷资金近500亿元,证券导报
2020-08-27,A股融资融券日报：两融余额减少69.23亿元（8月26日）,Wind
2020-08-27,扶贫扶智 兴业银行再捐750万支持政和县第三实验小学建设,中新网
2020-08-26,兴业银行北京丽泽支行人民币知识宣传进社区,证券日报
2020-08-26,"兴业银行首发免费授课系统 金融助力""停课不停学""",和讯
2020-08-26,金融科技赋能，开启智慧社区2.0时代,和讯
2020-08-26,交通生态圈案例—一汽统一支付平台建设,和讯
2020-08-26,A股融资融券日报：两融余额减少7.68亿元（8月25日）,Wind
2020-08-25,金融助力“六稳”“六保”丨践行普惠初心金融机构支持市场主体“乘风破浪”渡难关,新华网
2020-08-25,中辰电缆应收账款高现金流吃紧 财务不规范屡检不合格 产品问题,中国经济网
2020-08-25,A股融资融券日报：两融余额增加76.78亿元（8月24日）,Wind
2020-08-25,兴业银行绿色金融 “点绿成金”系统升级上线,中国金融新闻网
2020-08-25,加强融资对接 兴业银行天津分行助力融资租赁行业,中国金融新闻网
2020-08-25,加强银政合作 兴业银行天津分行成功承销发行地方政府债,中国金融新闻网
2020-08-25,安信研究|晨会在线20200902,安信证券研究
2020-08-25,兴讲堂：中国绿色债券市场的发展与投资分析（PART1）,兴业研究
2020-08-24,【招商策略】创业板注册制首日表现活跃，融资余额大幅回升——金融市场流动性与监管动态周报（0824）,招商策略研究
2020-08-24,社交网络上的声音如何影响上市公司定价？我们分析了海量的数据，发现…（值得收藏）,21世纪经济报道
2020-08-24,兴业银行：科技战疫 创新赋能美好生活,金融界
2020-08-24,兴业银行西安分行：全力护航稳企业保就业,中国金融新闻网
2020-08-24,银行／非银行金融行业周报(第三十四周),新浪
2020-08-24,时代银行周报 | LPR改革迎来一周年，贷款利率下降效果明显,时代在线
2020-08-24,帮助企业采购降本与技术创新的柠檬豆获5000万元A轮融资,投资界
2020-08-24,张虎成：为什么民营金融企业结局注定悲惨,新浪
2020-08-24,A股融资融券日报：两融余额减少10.67亿元（8月21日）,Wind
2020-08-24,青岛日辰食品股份有限公司,证券时报
2020-08-23,"早稻产量扭转7年来下滑态势,海翔药业子公司偷排被罚100万元",搜狐
2020-08-23,【兴证金融 傅慧芳】银行业周报（08.17-08.23）：银行中报下周密集披露，本周3家业绩好于行业,兴证金融
2020-08-22,哪个银行定期存款利率高？2020年各大银行定期存款利率查询,--
2020-08-22,厦门瑞尔特卫浴科技股份有限公司关于注销部分募集资金专项账户,证券时报
2020-08-21,陆港通每周复盘 | 南下资金本周抢筹美团超30亿！抛售中芯、药明,华盛证券
2020-08-21,证券基金投资咨询业务该如何发展？专家有话说,中国基金报
2020-08-21,光明地产：7.5亿元超短期融资券发行完成 利率3.42%,中国网
2020-08-21,银行业信贷投放仍将合理增长,中国金融新闻网
2020-08-21,A股融资融券日报：两融余额减少19.27亿元（8月20日）,Wind
2020-08-21,北向资金动向曝光：8月20日这30只个股遭大甩卖，贵州茅台、五粮液、中国平安上榜（附名单）,每日经济新闻
2020-08-21,兴业银行手机银行等APP获计算机软件著作权,云南信息报
2020-08-20,兴业银行今日大宗交易成交490万股，成交价16.04元溢价0.94%,Wind
2020-08-20,兴业银行绿色金融“点绿成金”系统升级上线,金融界
2020-08-20,兴业消费金融日均放贷1.4亿 线上贷款业务占比仅为一成,新浪
2020-08-20,A股融资融券日报：两融余额减少2.78亿元（8月19日）,Wind
2020-08-20,44只股遭北向资金减仓超30%,证券时报网
2020-08-20,北向资金动向盘点：增持公用事业、房地产，再度重手减持食品饮料,Wind
2020-08-19,大打“擂台战” 国有行理财子发行产品占绝对优势、混合类产品加速抢滩,北京商报
2020-08-19,北上资金活跃股名单(8月19日),证券时报网
2020-08-19,最新出炉！8月19日沪深股通净流出61.34亿，抛售兴业银行买入平安银行,每日经济新闻
2020-08-19,兴业银行今日被北向资金净卖出3.37亿,e公司
2020-08-19,北上资金净卖出61.34亿兴业银行遭净卖出3.37亿,格隆汇
2020-08-19,北向资金净流出超60亿，兴业银行再遭净卖出3.37亿元居首,Wind
2020-08-19,Wind快讯 每日医药行业动态（2020-8-19）,Wind
2020-08-19,【中信建投银行杨荣】《系统重要性银行评估办法》点评：《扩大初始名单，缩小实质范围》,eResearch杨荣团队
2020-08-19,兴业银行泸州分行开展消防培训演练,金融投资报
2020-08-19,光明地产拟发行7.5亿元超短期融资券 用于赎回到期中票,中国网
2020-08-19,结构性存款规模连续三个月压降 中行、农行、招行降幅显著,金融界
2020-08-19,国君黄燕铭：指数将逐级抬升，机会回归两类股,上证报
2020-08-19,【债券快讯】8月18日中资美元债一级市场新发3只债券,国元国际
2020-08-19,每日理财观察：创业板注册制战略配售基金发行遇冷,Wind
2020-08-19,A股融资融券日报：两融余额增加73.58亿元（8月18日）,Wind
2020-08-19,北向资金动向盘点：舍“银行”而取“非银” ，杀回“食品饮料”,Wind
2020-08-19,金融活水润泽 企业解渴纾困,中国金融新闻网
2020-08-19,金服云首获“卓越普惠金融创新服务平台”大奖,云南信息报
2020-08-18,银行机构微博影响力哪家强？国家开发银行无缘前十,新浪
2020-08-18,北向资金今日净流出超20亿元，抛售兴业银行超5.8亿元,第一财经
2020-08-18,最新出炉！8月18日沪深股通净流出20.37亿，中国卫星被逆势买入5.4亿！贵州茅台、东方财富、牧原股份净买入额靠前,每日经济新闻
2020-08-18,北向资金丨北上资金今日净卖出20.37亿 兴业银行净卖出5.83亿,南方财经网
2020-08-18,兴业银行今日被北向资金净卖出5.83亿,e公司
2020-08-18,北上资金净卖出20.38亿元兴业银行遭净卖出5.83亿元,格隆汇
2020-08-18,北向资金净流出超20亿元，中国卫星获净买入5.4亿元,Wind
2020-08-18,兴业银行成都分行“兴惠贷”践行普惠金融,金融投资报
2020-08-18,连续涨停！一大波热点股票抢眼，淘金结构性行情,中证报
2020-08-18,8月18日午盘主力巨资抢筹四大板块(附股),金融界
2020-08-18,稳企业保就业，兴业银行厦门分行打出金融“组合拳”,凤凰网
2020-08-18,山西晋城无烟煤矿业集团：变更“20晋煤MTN012”募资用途,Wind
2020-08-18,A股融资融券日报：两融余额增加183.96亿元（8月17日）,Wind
2020-08-17,深度*行业*银行业周报：银行业中期业绩利空落地 业绩期关注绩优个股,新浪
2020-08-17,银行行业周报225期：风险溢价下降和基本面向上,新浪
2020-08-17,2020中国资管年会圆满落幕！肖钢、屠光绍、陶玲、霍华德等重磅发声,金融界
2020-08-17,银行业周报：H1行业利润下降9.4%靴子落地 H2预计处置力度继续加大 盈利能力下降,新浪
2020-08-17,银行行业报告：首份上市行中报落地稳定预期 看好银行低估值修复行情,新浪
2020-08-17,兴业银行800亿元小型微型企业贷款专项金融债券已发行完毕,资本邦
2020-08-17,旗下多只债券暴跌，这家生产三大豪车之一的公司这样回应,每日经济新闻
2020-08-17,光明房产7.5亿元中期票据发行完成 利率4.03%,中国网
2020-08-17,A股融资融券日报：两融余额减少67.88亿元（8月14日）,Wind
2020-08-16,逾越红线！监管“重拳”围剿信贷资金违规入楼市,北京商报
2020-08-14,【兴证金融 傅慧芳】同业存单周报（2020.8.8-2020.8.14）,兴证金融
2020-08-14,兴业银行(601166.SH)：完成发行800亿元小微企业贷款专项金融债,格隆汇
2020-08-14,263只股破净房地产采掘最为集中,证券时报网
2020-08-14,【落地见效】托住“青山” 兴业银行中小企业贷款破1.5万亿元,央行
2020-08-14,A股融资融券日报：两融余额增加24.24亿元（8月13日）,Wind
2020-08-14,兴业银行落地全国首批标准化票据,成都日报
2020-08-14,红塔红土稳健回报前7月亏损 重仓银行股基民郁闷,中国经济网
2020-08-14,小微企业迎银行贷款“及时雨” 专家称还需适当降低融资成本,证券日报
2020-08-13,兴业金融租赁三大业务系统成功上线,金融界
2020-08-13,利空出尽？银行股就放量上涨！,证券导报
2020-08-13,A股融资融券日报：两融余额减少34.17亿元（8月12日）,Wind
2020-08-12,兴业银行(601166.SH)获准发行不超300亿元无固定期限资本债券,格隆汇
2020-08-12,兴业银行：公开发行不超过300亿元无固定期限资本债券获批,Wind
2020-08-12,【研报掘金】银行业上半年业绩利空落地 目前正是板块布局好时机,证券时报网
2020-08-12,注意！这些银行本月将陆续把商业性房贷批量转换为LPR,中投网
2020-08-12,银行2020年7月金融数据点评：信贷结构大幅优化 宏观经济向好趋势明朗,新浪
2020-08-12,浦东银行被罚2100万：延迟支付同业投资资金吸收存款 金融监管处罚,中国银行
2020-08-12,银行行业快报-7月信贷社融点评：信贷结构好于预期 社融增速继续上行 银行板块配置价值凸显,新浪
2020-08-12,A股融资融券日报：两融余额减少63.28亿元（8月11日）,Wind
2020-08-12,2020年7月金融统计与社会融资规模数据解析：贷款平稳增长 M1增速上行,新浪
2020-08-12,126股获券商买入评级 江苏神通目标涨幅达91.89%,Wind
2020-08-12,7月份关键经济数据将揭晓，这一指标有望年内首次回正,第一财经
2020-08-12,疫情致部分居留内地港人金融服务受限，监管正在调研,Wind
2020-08-11,沪港通十大成交活跃股排名（8月11日）,Wind
2020-08-11,外资A股持仓更新，高盛、小摩、瑞银重仓名单抢先看,Wind
2020-08-11,合力泰实控人文开福收监管函 付2亿定增对赌款未信披 关联方问题,中国经济网
2020-08-11,2020（第十三届）中国资产管理「金贝」奖评选盛大揭晓,21经济网
2020-08-11,利空出尽？负增长“靴子”刚落地，银行股就放量大涨！破净率高达75%，资金开始抢筹,证券时报网
2020-08-11,债市分析 | 7月银行间市场发行规模环比下降，中票短融发行成本上升,中证鹏元评级
2020-08-11,银行股拉升！上半年净利降9.4%，机构这样看丨牛熊眼 盈利能力下降,第一财经
2020-08-11,A股融资融券日报：两融余额增加64.09亿元（8月10日）,Wind
2020-08-11,融资融券周报2020年第31周(8月3日至8月7日),新浪
2020-08-11,兴业银行新一代高标准全国性金融数据 中心机房建成投产,长江商报
2020-08-11,【浙商||银行】Q2监管数据：情况正在验证我们的判断,大话金融
2020-08-10,8大股份制银行科技战略：招商银行研发投入比例最高，华夏银行手机银行用户数量最低,零壹财经
2020-08-10,金服云首获“卓越普惠金融创新服务平台”大奖,和讯
2020-08-10,有一种平台叫做在线服务 大连银行业力挺企业渡难关稳发展,中国金融新闻网
2020-08-10,兴业银行大连分行助力大连首次发行项目收益专项债券,中国金融新闻网
2020-08-10,2020中国资管年会圆满落幕！肖钢、屠光绍、陶玲、霍华德等重磅发声,证券之星
2020-08-10,兴业银行沈阳分行与盘锦市政府举行战略合作协议签约仪式,和讯
2020-08-10,A股融资融券日报：两融余额减少84.42亿元（8月7日）,Wind
2020-08-10,【中信建投银行杨荣】上半年银行业监管数据点评：《净利润负增长，资产质量夯实》,eResearch杨荣团队
2020-08-10,银行行业跟踪：政策边际收紧 看好低估值修复行情,新浪
2020-08-10,潮涌！金融科技“自上而下”体系化推进,国际金融报
2020-08-09,2020中国资管年会圆满落幕！肖钢、屠光绍、陶玲、霍华德等重磅发声,21世纪经济报道
2020-08-09,2020中国资管年会圆满落幕 首次“现场＋直播”共议开放变革与趋势,21世纪经济报道
2020-08-09,【民生食饮】周观点0810：茅台批价重回历史高点，燕京啤酒正迎来基本面拐点,MS食品饮料
2020-08-09,市场到底进入了牛市没？兴业银行首席鲁政委这样说,新浪
2020-08-08,窗口期违规买自家股票 招行时任行助被上交所点名“关注” 关注函,上证报
2020-08-08,8月首周开出罚单近80张，银行业监管呈精细化趋势,Wind
2020-08-07,【银华基金】交易日报 2020-08-07,新浪
2020-08-07,食品周报：新增无需取得食品经营许可情形；汉堡王、燕塘业绩下滑 盈利能力下降,搜狐
2020-08-07,兴业银行科技战略报告,零壹财经
2020-08-07,绿色投资 兴创未来 | ESG投资高峰论坛精彩回顾,兴业证券订阅号
2020-08-07,广州安必平医药科技股份有限公司首次公开发行股票并在科创板上,证券时报
2020-08-07,兴业银行：开源拓渠引活水 浇开脱贫“幸福花”,新华网
2020-08-07,【中金固收·信用】中国信用债评级调整周报,中金固定收益研究
2020-08-07,兴业银行荣获“中国银行业社会责任百佳奖项”,云南信息报
2020-08-06,山东华鹏(603021.SH)拟向兴业银行申请1.5亿元综合授信,格隆汇
2020-08-06,中国债券市场金融债发行日程一览(8月6日),Wind
2020-08-06,有一种对接叫做“穿针引线” 大连政银合力助企业渡难关稳发展,中国金融新闻网
2020-08-06,监管出手，10余家银行被罚超1000万！ 金融监管处罚,中国基金报
2020-08-06,巴菲特20亿美元买美国银行股票停不住手，A股银行股能买吗,中证报
2020-08-06,三家银行被罚！兴业银行多项违规遭罚款共计450万元 金融监管处罚,资本邦
2020-08-06,A股融资融券日报：两融余额增加126.72亿元（8月5日）,Wind
2020-08-06,解锁科技企业融资难 兴业银行科创企业“技术流”评价体系正式上线,长江商报
2020-08-06,以创新驱动支持岭南实高质量发展 兴业银行广州分行交出20年成绩单,中国经济网
2020-08-05,上海银保监局：对兴业银行上海分行作出行政处罚，罚款450万元 金融监管处罚,Wind
2020-08-05,兴业银行上海分行因同业投资资金违规等被罚450万元 金融监管处罚,金融界
2020-08-05,中国银行保险监督管理委员会 金融监管处罚,银保监会
2020-08-05,准油股份因民间借贷纠纷部分银行账户被冻结，现解除冻结 诉讼纠纷,资本邦
2020-08-05,8月5日午后主力巨资抢筹四大板块(附股),金融界
2020-08-05,"银保监会：闻""汛""而动 集结抗洪救灾金融力量",银保监会
2020-08-05,A股融资融券日报：两融余额增加42.15亿元（8月4日）,Wind
2020-08-05,地方绿金 | 绿色金融助力江西经济“生态化”,中央财经大学绿色金融国际研究院
2020-08-04,银行Ⅱ行业：不良资产处置的新方式,新浪
2020-08-04,6月末兴业银行中小企业贷款余额超1.5万亿元,Wind
2020-08-04,6月末兴业银行中小企业贷款余额超1.5万亿元,新华网
2020-08-04,"兴业银行广州分行扎根岭南20年,以新理念践行高质量发展",和讯
2020-08-04,A股融资融券日报：两融余额增加245.57亿元（8月3日）,Wind
2020-08-04,公募基金持银行股比例降至历史次低,Wind
2020-08-04,基金持仓占比降至历史次新低，银行保险为何“失宠”？,Wind
2020-08-03,新乳业：以控股子公司股权质押贷款6亿元,每日经济新闻
2020-08-03,新乳业(002946.SZ)：以寰美乳业51%股权质押申请6亿元并购贷款,格隆汇
2020-08-03,【浙商||银行】资管新规延期：利好实体和银行,大话金融
2020-08-03,融资融券周报2020年第30周,新浪
2020-08-03,今天3家银行限售股解禁，其中一家流通盘激增近400% 解禁,中证报
2020-08-03,A股融资融券日报 ：两融余额增加78.75亿元（7月31日）,Wind
2020-08-03,兴业银行发放1.5万亿元中小企业贷款 引金融“活水”令春驻“青山”,中国金融新闻网
2020-08-03,银行股遇尴尬：股东高管买买买、公募基金卖卖卖,Wind
2020-08-03,银行股遇尴尬：股东高管买买买公募基金卖卖卖,证券时报
2020-08-02,中装建设：区块链平台业务蓄势待发,证券时报网
2020-08-02,中装建设：二季度在手订单充足，科技板块渐入佳境,笑谈建筑
2020-08-02,银行股迎来投资“两极世界”：公募仓位降至历史最低，高管却在买买买,券商中国
2020-08-02,银行股又迎尴尬时刻！公募疯狂减持，仓位降至历史次低，银行股东、高管却在买买买,券商中国
2020-08-02,银行股又迎尴尬时刻！公募疯狂减持，仓位降至历史次低，银行股东、高管却在买买买，到了贪婪时刻？ 减持股份,券商中国
2020-07-31,两家银行发债申请获批 兴业银行将发行300亿永续债,和讯
2020-07-31,债券重大事件2020年7月31日星期五,Wind
2020-07-31,北上资金连续4个月净买入，本月成交活跃股抢先看,证券时报网
2020-07-31,兴业银行科创企业“技术流”评价体系正式上线,中证网
2020-07-31,兴业银行荣获中国银行业社会责任百佳奖项,和讯
2020-07-31,【Fintech每周播报】农业银行设立农银金科；年内1700多个银行网点关闭,中国电子银行网
2020-07-31,兴业银行加大普惠金融创新力度 发布“兴惠贷”系列集合产品,证券日报
2020-07-31,A股融资融券日报 ：两融余额增加76.12亿元（7月30日）,Wind
2020-07-31,机构加减仓变动方向：25家公司现国家队身影,21世纪经济报道
2020-07-31,银行系金融科技，子公司增至11家,Wind
2020-07-31,银行系金融科技子公司增至11家,证券日报
2020-07-30,又降了！南宁首套房贷低至5.78%,搜狐
2020-07-30,兴业银行落地全国首批标准化票据 基础资产规模1亿元,新华网
2020-07-30,增资扩股 首家国有大行金科子公司市场化再下一城,北京商报
2020-07-30,中小企业融资又添新通道 兴业银行落地全国首批标准化票据,金融界
2020-07-30,兴业银行宜宾分行持续开展征信宣传,四川在线
2020-07-30,兴业银行宜宾分行积极落实开展汛期安全生产工作,四川在线
2020-07-30,南威软件股份有限公司关于配股节余募集资金永久补充流动资金及注销募集资金专户的公告,证券时报
2020-07-30,深圳市中装建设集团股份有限公司关于与兴业银行股份有限公司深圳分行签署战略合作协议的公告,证券时报
2020-07-30,中闽能源股份有限公司关于签订募集资金专户存储三方和四方监管协议的公告,证券时报
2020-07-30,兴业银行南京高淳支行正式开业 南京辖区网点服务进一步完善,和讯
2020-07-30,A股融资融券日报 ：两融余额增加148.46亿元（7月29日）,Wind
2020-07-30,兴业银行新一代金融数据中心机房投产,中国IDC圈
2020-07-29,【银华基金】交易日报 2020-07-29,新浪
2020-07-29,中装建设(002822.SZ)：兴业银行向公司提供6亿元的意向性信用额度,格隆汇
2020-07-29,支持地方经济建设助力汽车产业发展兴业银行宜宾分行为本土汽车品牌授信1亿元,金融投资网
2020-07-29,29家公司高管出手增持动用资金1.79亿元,证券时报网
2020-07-29,哈工智能(000584)：签订募集资金三方监管协议,证券日报
2020-07-29,A股融资融券日报：两融余额增加24.98亿元（7月28日）,Wind
2020-07-29,近八成银行股“破净”，料中长期或迎估值修复,Wind
2020-07-29,“债券通”开通三周年兴业银行获评优秀做市商,证券时报
2020-07-28,标准化票据上线：首批7家银行、3家券商创设14单产品,证券时报网
2020-07-28,兴业银行7月30日多渠道销售国开行“应对气候变化”绿色金融债,金融界
2020-07-28,21资管丨标准化票据正式上线：7家银行、3家券商创设11.44亿元产品,21世纪经济报道
2020-07-28,独家丨全国288家银行理财能力排行榜（2020年2季度）,和讯
2020-07-28,兴业银行发布“兴惠贷”系列集合产品 最高可贷1000万元,上证报
2020-07-28,“多快好省” 兴业银行“兴惠贷”系列集合产品上市,金融界
2020-07-28,A股融资融券日报：两融余额增加44.04亿元 （7月27日）,Wind
2020-07-28,今年已有1639家银行网点终止营业，线下业务规模加速缩减 业务变化,Wind
2020-07-27,【银华基金】交易日报 2020-07-27,新浪
2020-07-27,因税收收入缴库不及时等违法行为，中行济南分行被罚逾75万 金融监管处罚,澎湃新闻
2020-07-27,7月27日主力资金净流出274亿元,证券时报网
2020-07-27,银行业周报222期：资金流向与货币政策走向,新浪
2020-07-27,兴业银行：高管买入是对公司信心的支持和鼓励丨公司问答,第一财经
2020-07-27,提速贸易融资 兴业银行实现跨境金融区块链服务平台直连,新华网
2020-07-27,八成上市银行股价“破净”，年内40位董监高人均增持过百万,证券日报
2020-07-27,A股融资融券日报：两融余额减少187.18亿元（7月24日）,Wind
2020-07-27,公募基金产品研究系列之四十-新华沪深300增强：基于量化策略的指数增强产品,广发证券
2020-07-26,超七成银行股破净 40位高管人均百万元增持,证券日报
2020-07-26,非银金融行业本周聚焦：券商Q2经营业绩向好 关注大金融板块“超低持仓”下的投资机会,新浪
2020-07-26,银行业金融机构环境信息披露的发展与趋势,经济观察报
2020-07-24,兴业银行6月末普惠型小微企业贷款余额1395亿元 同比增长39%,新华网
2020-07-24,兴业银行上半年中小企业贷款破1.5万亿,经济日报
2020-07-24,1亿元债券发行佣金低至1万元， 债券承销竞争为何如此激烈,财经杂志
2020-07-24,兴业银行泸州分行：您的购房资金安全管家,金融投资报
2020-07-24,兴业银行乐山分行积极开展“《存款保险条例》实施五周年”主题宣传活动,金融投资报
2020-07-24,上海首批金融科技“监管沙盒”应用名单出炉 区块链技术“受宠”,证券日报
2020-07-24,兴业银行300亿元永续债发行获批,搜狐
2020-07-24,A股融资融券日报：两融余额增加86.87亿元（7月23日）,Wind
2020-07-24,兴业银行武汉分行牵头承销 湖北首单DFI储架业务,长江商报
2020-07-23,2020年二季度银行板块基金持仓分析：人弃我取 抓住仓位史低机会,新浪
2020-07-23,兴业银行天津分行提升跨境业务便利化,中国金融新闻网
2020-07-23,银行行业：美国四大行2Q20业绩表现对中资银行的启示,新浪
2020-07-23,兴业消费金融获银保监批准发行规模不超80亿元金融债 已发行2期金融债共30亿元,凤凰网
2020-07-23,合力泰前董事长文开福遭监管 付2亿定增对赌款未信披 其他违规处罚,中国经济网
2020-07-23,后疫情时代社融增速何时迎来拐点？天风银行：预计10月将见顶于13.5％左右11月和12月将略微回落,金融界
2020-07-23,助力政务服务 兴业银行泸州分行让企业“少跑路”,金融投资报
2020-07-23,专题：后疫情时代，社融增速何时迎来拐点？,志明看金融
2020-07-23,两融透析：大金融板块资金持续流出多方情绪降温,金融界
2020-07-23,天风总量团队每周论势第28期：如何看待当前市场位置？,新浪
2020-07-23,A股融资融券日报：两融余额增加72.2亿元（7月22日）,Wind
2020-07-23,银行Ⅱ：二季度继续减持 看好底部反弹 减持股份,新浪
2020-07-22,兴业银行获银保监会核准发行不超300亿元永续债,北京商报
2020-07-22,【银华基金】交易日报 2020-07-22,新浪
2020-07-22,兴业银行(601166.SH)：发行不超300亿元无固定期限资本债券获银保监会批准,格隆汇
2020-07-22,兴业银行：银保监会同意公司发行不超300亿元无固定期限资本债券,Wind
2020-07-22,2020Q2公募基金持仓分析：公募配置降至低位 板块配置价值提升,广发证券
2020-07-22,寓义于利 兴业银行泸州分行积极践行社会责任,金融投资报
2020-07-22,"20Q2基金持仓：风格分化加剧,大金融蓄势待发",方正证券
2020-07-22,兴业银行与第四范式开启AI平台加速模式 毫秒级信用卡反欺诈系统上线,和讯
2020-07-22,18家全国性银行个人手机银行评测：内存占用差距悬殊 多数未提前适配安卓11 BETA版,中国电子银行网
2020-07-22,27家公司高管出手增持动用资金4338.07万元,证券时报网
2020-07-22,A股融资融券日报：两融余额增加16.15亿元（7月21日）,Wind
2020-07-22,西水股份三连跌停！子公司天安财险认购逾284亿信托，超60亿逾期 连续下跌,腾讯网
2020-07-21,银行机构微博影响力哪家强？浦发银行跌出前十,新浪
2020-07-21,西水股份三连跌停！子公司天安财险连环劫：百亿兑付危机“刚”解 又踩雷信托 关联方问题,金融界
2020-07-21,网贷天眼晚报：安徽推进网贷风险出清又一银行因违规被罚,和讯
2020-07-21,11家机构申报8大项目 上海今年首批金融科技创新监管试点公示,证券时报
2020-07-21,兰花科创完成两煤矿采矿权抵押备案,上证报
2020-07-21,A股融资融券日报：两融余额增加127.02亿元（7月20日）,Wind
2020-07-21,携手富民兴陇兴业银行与甘肃银行达成战略合作,云南信息报
2020-07-20,金融315 | 二季度银行和信用卡投诉量TOP 20,零壹财经
2020-07-20,A股融资融券日报：两融余额减少64.64亿元（7月17日）,Wind
2020-07-20,中信证券：银行股价下行概率和空间低,Wind
2020-07-20,银行行业：影子银行及互联网贷款监管加强 公开市场操作利率平稳,新浪
2020-07-20,投放规模居首兴业银行累计发放“科技贷”超15亿元,云南信息报
2020-07-20,信用卡积分权益大缩水 如何与花呗们“短兵相接”？,国际金融报
2020-07-19,全面剖析第一份正式落地的互联网贷款规范文件,和讯
2020-07-19,国泰君安、中金公司、中信证券等被中证协自律调查 事涉债券承销“价格战” 金融监管处罚,21世纪经济报道
2020-07-19,8家券商被调查，中证协出手：承销21亿债券为何仅收几十万？,Wind
2020-07-19,中证协宣布!火速启动8家券商大调查 这次来得迅速,中财网
2020-07-19,报价偏低！8家券商“栽”了，调查！,中国基金报
2020-07-19,顶风作案再报地板价！中证协对中信证券等8家券商参与债券发行招标启动自律调查,腾讯网
2020-07-19,踩雷60.4亿信托产品！“险企黑马”被接管，存续66亿债券 投资失误,和讯
2020-07-19,再提券商合并 哪家呼声最高？,金融界
2020-07-18,深圳市怡亚通供应链股份有限公司,证券时报
2020-07-17,因五项违法违规行为，兴业银行上海分行被罚123.5万元 金融监管处罚,澎湃新闻
2020-07-17,西水股份：天安财险所认购信托计划存在到期不能兑付风险,Wind
2020-07-17,兴业银行现3笔大宗交易合计成交308.09万股,证券时报网
2020-07-17,"兴业银行现3笔大宗交易 共成交4,773.85万元",新浪
2020-07-17,兴业银行今日大宗交易成交74.35万股，成交价15.74元折价2.18%,Wind
2020-07-17,*ST贵人未能按期偿债被申请仲裁，合计逾期14.10亿元 诉讼纠纷,资本邦
2020-07-17,亏本生意？中信+国君联手承销21亿央企债券 只要万分之一？ 亏损,金融界
2020-07-17,A股融资融券日报：两融余额减少62.73亿元（7月16日）,Wind
2020-07-16,兴业银行与福建省生态环境厅达成绿色金融战略合作,证券日报
2020-07-16,*ST贵人：公司涉及仲裁，被要求向银行偿还借款本金36890万元 诉讼纠纷,Wind
2020-07-16,兴业银行：计划未来5年向福建生态环保领域提供不低于500亿元意向性融资额度,中证网
2020-07-16,兴业银行与福建省生态环境厅达成合作 计划5年内提供不低于500亿融资额度,凤凰网
2020-07-16,人行哈尔滨中支“一个试点、四项行动”为稳企业保就业保驾护航,中国金融新闻网
2020-07-16,快讯：银行板块逆市走强 张家港行等个股涨逾1%,证券日报
2020-07-16,兴业银行新一代高标准全国性金融数据中心机房建成投产,和讯
2020-07-16,A股融资融券日报：两融余额增加10.73亿元（7月15日）,Wind
2020-07-15,千金难买牛回头，此时上车多关注这三个指数！,老司基一枚
2020-07-15,地板价！21亿元项目仅收费20多万,中证报
2020-07-15,银行行业：短期关注板块轮动带来的相对收益 期待经济修复带来长期机会,新浪
2020-07-15,银行机构微博影响力哪家强？中信银行跌出前十,新浪
2020-07-15,A股融资融券日报：两融余额增加130.07亿元（7月14日）,Wind
2020-07-14,兴业基金首发区域主题ETF 创新产品服务福建经济发展,金融界
2020-07-14,兴业银行累计发放“科技贷”超15亿元,上证报
2020-07-14,【首席视野】兴业银行鲁政委：股市走强如何影响资金面？,凤凰网
2020-07-14,A股融资融券日报：两融余额增加324.89亿元（7月13日),Wind
2020-07-13,第10家股份制行渤海银行上市在即：制造业贷款不良超10%，储蓄存款在12家股份行中占比不足1%,凤凰网
2020-07-13,54家险企亮红灯：天安人寿亏损66亿领衔 5家公司业绩变脸 亏损,投资时报
2020-07-13,年内到期债务555亿，泰禾集团首只公募债违约 未按时兑付本息,Wind
2020-07-13,A股融资融券日报：两融余额增加157.62亿元（7月10日）,Wind
2020-07-13,银行行业周观点：贷款和债券助力社融增长 板块估值仍在低位,新浪
2020-07-12,驻马店市开启“1+10”政银合作新模式 9类企业融资更容易！,凤凰网
2020-07-12,新能源车有多火？特斯拉、蔚来股价新高，比亚迪市值超越上汽，理想汽车将敲钟,Wind
2020-07-11,【浙商||银行】社融超预期，宽信用延续,大话金融
2020-07-11,【浙商||银行梁凤洁/邱冠华】银行利润去哪儿了？,大话金融
2020-07-10,全球金融科技动态：保险科技创企Lemonade纽交所上市，法兴业银行收购数字银行Shine，Coinbase解密数字资产外流原因,搜狐
2020-07-10,兴业银行与甘肃银行达成战略合作,新华网
2020-07-10,分红潮来临！逾百家公司派现，金融股集中现身,Wind
2020-07-10,官宣了！蔚来获6大银行104亿授信，股价已翻10倍！今年融资已超百亿,中国基金报
2020-07-10,中小微企业稳产吃下“定心丸”,光明网
2020-07-10,兴业银行拓展绿色金融渐入佳境,中证报
2020-07-09,【银华基金】交易日报 2020-07-09,新浪
2020-07-09,兴业银行宁波分行被罚50万元 贷款管理不审慎 金融监管处罚,新浪
2020-07-09,兴业银行宁波分行因涉嫌开发贷款管理不审慎被罚50万元 金融监管处罚,中金在线
2020-07-09,中国银行、兴业银行收宁波银保监局罚单！原因几何？ 金融监管处罚,资本邦
2020-07-09,赋能“四新” 兴业银行南京分行承办玄武区“新消费”金融对接会,和讯
2020-07-09,A股融资融券日报：两融余额增加327.95亿元（7月8日),Wind
2020-07-08,中国债券市场日报,新浪
2020-07-08,北向资金连续5日净流入，白酒股遭大额抛售,Wind
2020-07-08,中国短期融资券及中期票据信用分析周报,新浪
2020-07-08,福建金服云平台：破局信息不对称 解决融资需求近150亿元,新华网
2020-07-08,黑龙江省跨境金融区块链服务平台试点启动,中国证券网
2020-07-08,A股融资融券日报：两融余额增加267.17亿元（7月7日),Wind
2020-07-08,上半年小微金融债发行利率最低“破2”,证券日报
2020-07-07,银行机构微博影响力哪家强？工商银行跌出前十,新浪
2020-07-07,兴业银行(601166.SH)年报推10派7.62元 股权登记日7月14日,格隆汇
2020-07-07,陆股通净买入98.44亿元，连续4日净买入,证券时报网
2020-07-07,A股融资融券日报：两融余额增加389.61亿元（7月6日),Wind
2020-07-07,北向资金动向曝光：7月6日这30只个股遭大甩卖（附名单）,每日经济新闻
2020-07-07,陆家嘴财经早餐2020年7月7日星期二,Wind
2020-07-06,银行股涨停狂欢 买银行股VS买理财如何选？,北京商报
2020-07-06,达华智能(002512.SZ)拟向兴业银行申请不超2亿元授信额度,格隆汇
2020-07-06,银行Ⅱ：明确标债资产认定 引导融资成本下行,新浪
2020-07-06,北向资金净流入额再超百亿，中国平安获净买入10.05亿元居首,Wind
2020-07-06,【研报掘金】资金面与基本面共振 银行板块估值有非常大的提升空间,证券时报网
2020-07-06,银行板块涨超9%，兴业银行、浦发银行冲击涨停,Wind
2020-07-06,多重利好来袭！券商股大涨！下周 是追 还是逃！？,搜狐
2020-07-06,十年复盘：中信证券引爆牛市可能有多大？本轮券商行情有多高,证券时报网
2020-07-06,把银行保险当“提款机”？银保监会首次点名！38家股东违规,21世纪经济报道
2020-07-06,十年复盘：中信证券引爆牛市可能性有多大？本来券商股行情有多高？,证券时报网
2020-07-06,A股融资融券日报：两融余额增加125.53亿元（7月3日）,Wind
2020-07-05,【浙商||银行】绝对收益窗口打开：补涨·分化,大话金融
2020-07-05,【国君大金融深度】无风险利率超预期下行，全面推荐大金融,欣琦看金融
2020-07-04,“治水”背后的银行身影 兴业银行深耕绿色金融,经济观察网
2020-07-04,应对外资混业竞争 巨无霸投行呼之欲出,中国经营报
2020-07-03,央行及银保监会行政处罚汇总（6月29日-7月3日） 金融监管处罚,Wind
2020-07-03,兴业银行(601166.SH)：兴业优2第二个计息周期的票面股息率为4.63%,格隆汇
2020-07-03,A股接下来往哪走？6大维度揭秘资金流向,每日经济新闻
2020-07-03,A股乘风破浪，还有哪些价值洼地在隐秘角落？,证券时报网
2020-07-03,“债券通”开通三周年 兴业银行获评优秀做市商,和讯
2020-07-03,21！兴业银行全球银行排名再提升,兴业期货
2020-07-03,A股融资融券日报：两融余额增加140.38亿元（7月2日）,Wind
2020-07-02,A股共发生117宗大宗交易成交27.74亿元（7月2日）,Wind
2020-07-02,连云港银保监局：对阳光财险连云港中心支公司作出行政处罚，罚款25万元 金融监管处罚,Wind
2020-07-02,专项债力挺，中小银行获“弹药补给”，机构看好这些优质龙头丨牛熊眼,第一财经
2020-07-02,银行Ⅱ：注资中小行 补血加活血,新浪
2020-07-02,最新中国公司市值 500 强出炉：腾讯第一 阿里第二,中金网
2020-07-02,A股融资融券日报：两融余额增加125.09亿元（7月1日),Wind
2020-07-01,数读最新中国市值500强： 腾讯第一，京东、拼多多新晋TOP20,21世纪经济报道
2020-07-01,数读最新中国市值500强： 医药生物行业猛增24家，京东拼多多市值翻倍新晋TOP20,21世纪经济报道
2020-07-01,【浙商||银行】7月策略：绝对收益窗口打开,大话金融
2020-07-01,【万联银行|投资策略】2021年年度投资策略：估值继续分化,万联证券研究所
2020-07-01,兴业银行全球银行排名晋升至第21位,金融界
2020-07-01,兴业银行荣获《亚洲货币》“最佳供应链融资银行”大奖,中新网
2020-07-01,A股融资融券日报：两融余额增加135.2亿元（6月30日),Wind
2020-07-01,无接触金融发展加速银行网点“瘦身”，今年以来超1000家网点关停,Wind
2020-07-01,经济修复超预期，双循环发展新格局正在形成,Wind
2020-06-30,银行机构微博影响力哪家强？浦发银行跌出前十,新浪
2020-06-30,兴业银行：关注“14中城建PPN002”、“15中城建MTN001”违约后续 未按时兑付本息,Wind
2020-06-30,兴业银行：“15森工集MTN001”到期后续,Wind
2020-06-30,兴业银行：“15沈机床MTN001”到期后续进展,Wind
2020-06-30,主承销商：“19新华联控SCP003”违约后续 未按时兑付本息,Wind
2020-06-30,兴业银行：大连机床系列债券违约后续进展情况 未按时兑付本息,Wind
2020-06-30,兴业银行绵阳分行助力绵阳经开区 打造西部先进制造业示范区,金融界
2020-06-30,A股市值增7400亿！券商：创业板或突破3000点,中证报
2020-06-30,兴业银行烟台分行违法遭罚60万 票据业务贸易背景审查不尽职 金融监管处罚,中国网
2020-06-30,A股融资融券日报：两融余额增加86.23亿元（6月29日）,Wind
2020-06-30,科技投入不封顶！来看兴业银行股东会：密切关注券商牌照，直面股价表现,券商中国
2020-06-30,直击兴业银行股东会：科技投入不封顶 密切关注券商牌照,券商中国
2020-06-29,银证合作10年演化，从通道到牌照功能互补,Wind
2020-06-29,兴业银行管理层回应“申请券商牌照”：金融混业不是那么简单,金十数据
2020-06-29,直击兴业银行股东大会：管理层直面股价表现、券商牌照,21世纪经济报道
2020-06-29,烟台银保监局：对兴业银行烟台分行作出行政处罚，罚款60万元 金融监管处罚,Wind
2020-06-29,A股融资融券日报：两融余额减少52.66亿元（6月24日）,Wind
2020-06-29,兴业银行挂钩帮扶点政和县脱贫摘帽纪实,中国金融新闻网
2020-06-25,银行系债转股公司资本占用凸显： 银行是否还有余粮？,Wind
2020-06-24,兴业银行：将于7月9日召开“20科伦(疫情防控债)MTN001”持有人会议,Wind
2020-06-24,重磅！兴业消费金融上线新产品杀入租房贷，额度最低一万,凤凰网
2020-06-24,A股融资融券日报：两融余额增加50.04亿元（6月23日),Wind
2020-06-23,A股融资融券日报：两融余额增加113.78亿元（6月22日),Wind
2020-06-23,37股获券商买入评级，兴业银行目标涨幅达60.71%,Wind
2020-06-22,绿金新闻 | 商业银行绿色信贷如何才能更专业？,中央财经大学绿色金融国际研究院
2020-06-22,华尔街开始担心，市场未对通胀做好准备,Wind
2020-06-22,A股融资融券日报：两融余额增加0.17亿元（6月19日),Wind
2020-06-22,兴业银行(601166)：拨云见日 大有可为,新浪
2020-06-22,浙商早知道 | 6月23日,浙商证券研究所
2020-06-21,浙商早知道 | 6月22日,浙商证券研究所
2020-06-19,IIGF观点 | 《地方绿色金融发展指数与评估报告》摘编：绿色信贷,中央财经大学绿色金融国际研究院
2020-06-19,2020年中期投资策略报告：中小银行深化改革,新浪
2020-06-19,兴业银行推出SWIFT共享直连全球资金管理服务,金融界
2020-06-19,银行行长一年能赚多少钱？平安、招商年薪400万，华夏行长只有67万,腾讯网
2020-06-19,擦亮中国制造名片 兴业银行制造业全口径融资破万亿元,中国金融新闻网
2020-06-19,A股融资融券日报：两融余额增加57.64亿元（6月18日),Wind
2020-06-18,200亿场外资金虎视眈眈，明日尾盘行情安排上了？,中证报
2020-06-18,让利1.5万亿！如何看待当前的银行股？,Wind
2020-06-18,银行资产质量专题(二)：“防风结构”稳健 不惧零售资产质量扰动,新浪
2020-06-18,A股融资融券日报：两融余额增加44.43亿元（6月17日),Wind
2020-06-18,【浙商||银行】金融让利实体企业1.5万亿从哪来？,大话金融
2020-06-17,兴业银行今年首单不良资产证券化产品发行：规模2.18亿元，优先档利率2.9%,上证报
2020-06-17,兴业银行一分行被罚没376.52万 今年累计罚款超800万 金融监管处罚,新浪
2020-06-17,兴业银行成功发行2020年首单不良资产证券化产品,金融界
2020-06-17,A股融资融券日报：两融余额增加79.14亿元（6月16日),Wind
2020-06-16,银行机构微博影响力哪家强？工商银行跌出前十,新浪
2020-06-16,30家银行普惠型小微企业贷款排名：六大行“头雁”效应显著，天津银行增速达73%,零壹财经
2020-06-16,汕头向车主推行RFID标签加油无感支付新模式,大洋网
2020-06-16,A股融资融券日报：两融余额增加44.22亿元（6月15日),Wind
2020-06-15,非银行金融／银行行业周报(第二十四周),新浪
2020-06-15,A股融资融券日报：两融余额减少5.93亿元（6月12日),Wind
2020-06-12,A股走出独立行情，北上尾盘出逃，11张图看清市场真相,Wind
2020-06-12,茅台、五粮液、恒瑞医药、美的、建行、兴业银行等尾盘集合竞价获抢筹,Wind
2020-06-12,兴业银行股份有限公司20和信包钢ABN001优先信用风险缓释凭证预配售情况公告,银行间市场协会
2020-06-12,【浙商||银行】邮储银行：交易短期扰动，基本面仍稳健,大话金融
2020-06-12,A股融资融券日报：两融余额增加30.2亿元（6月11日),Wind
2020-06-12,1142只理财子公司产品得以登记，固收类占比近八成,Wind
2020-06-11,2020年银行业中期策略：云开月明，淘沙取金，维持“增持”评级,华泰证券
2020-06-11,科大讯飞与苏州农商行合作线上贷款产品，金融ToB又添新玩家,钛媒体
2020-06-11,注意！假商票再现建筑市场！中铁也中招了！,中国水泥网
2020-06-11,A股融资融券日报：两融余额增加21.86亿元（6月10日）,Wind
2020-06-11,【华泰金融沈娟团队】云开月明，淘沙取金—2020年银行业中期策略【证券研究报告】,华泰金融研究全新平台
2020-06-10,透视银行不良：宁波银行贷款高收益率低不良怎么做到的？浙商银行逾期增速冲到第一 违约失信,新浪
2020-06-10,5月信贷社融点评：企业中长期贷款继续改善是亮点,新浪
2020-06-10,北向资金连续13日净买入，亿纬锂能获净买入3.84亿元居首,Wind
2020-06-10,兴业银行郑州分行600多亿元绿色融资助力美丽河南建设,河南商报
2020-06-10,A股融资融券日报：两融余额增加19.15亿元（6月9日）,Wind
2020-06-10,华泰研究 | 启明星20200611,华泰证券研究所
2020-06-09,A股融资融券日报：两融余额增加47.53亿元（6月8日）,Wind
2020-06-08,兴业银行：借助外债政策红利主动作为,新浪
2020-06-08,A股融资融券日报：两融余额减少11.51亿元（6月5日）,Wind
2020-06-08,兴业银行设立300亿专项贷款加码制造业高质量发展,云南信息报
2020-06-07,【华泰金融沈娟团队】政策直达小微，改革持续支持发展—2020金融动态第23期【证券研究报告】,华泰金融研究全新平台
2020-06-05,银行系AIC又添新兵 债转股资金来源有望拓宽,中国经营网
2020-06-05,兴业银行罗施毅：多层次绿色金融产品体系可实现环保领域全覆盖,上证报
2020-06-05,上海清算所支持完成资产支持商业票据试点项目的发行登记,Wind
2020-06-05,年薪400万的银行行长怎么样？平安、招商在列！华夏为何只有67万,经济网
2020-06-05,融资客青睐5股，中航飞机买入占比高达41%,Wind
2020-06-05,A股融资融券日报：两融余额增加19.61亿元（6月4日）,Wind
2020-06-05,5月社融数据预测：预计5月社融及信贷增速环比继续上行,新浪
2020-06-04,A股融资融券日报：两融余额增加27.1亿元（6月3日）,Wind
2020-06-03,A股融资融券日报：两融余额增加41.39亿元（6月2日）,Wind
2020-06-02,民泰银行80后副行长被撤职后 为何仍能骗取银行数十亿？ 董监高成员变化,新浪
2020-06-02,交易商协会创新推出ABCP，服务债券市场多元化投融资需求,Wind
2020-06-02,沪、深港通今日大幅分化，北向资金净买入中国平安9.75亿元居首,Wind
2020-06-02,兴业银行卸下“同业之王”，转型可否逆转？,商学院
2020-06-02,近两月银行罚单全梳理：成都地区受罚最多 违规查询客户信息成普遍罚区 金融监管处罚,21世纪经济报道
2020-06-02,【华泰金融沈娟团队】两大创新工具推出，效力直达小微-人民银行等八部委支持小微系列政策解析【证券研究报告】,华泰金融研究全新平台
2020-06-02,1~4月份，我国钢铁业整体呈现供大于求态势|今日钢铁财经资讯速览,钢铁新闻网
2020-06-01,A股融资融券日报：两融余额减少24.85亿元（5月29日）,Wind
2020-05-31,短期关注相对收益——银行业投资观察,麦高bank
2020-05-31,又一银行百亿筹建债转股子公司！五大行AIC资产一年增两倍，玩法正增多,Wind
2020-05-30,机构看好八成以上银行成份股，投资优质银行将获确定性回报,Wind
2020-05-30,银行股年内待解禁市值超1200亿元 实际减持压力或有限 解禁,中证报
2020-05-29,民泰银行一支行副行长骗取票据贴现款40多亿，法院判其无期徒刑 欺诈造假,第一财经
2020-05-29,MSCI尾盘数亿元扫货，北上5月吸金300亿,Wind
2020-05-29,兴业银行设立300亿专项贷款加码制造业高质量发展,凤凰网
2020-05-29,兴业银行设立300亿专项贷款 加大制造业企业中长期贷款投放力度,凤凰网
2020-05-29,兴业银行：系列债券违约后续进展情况 未按时兑付本息,Wind
2020-05-29,兴业银行：“13山水MTN1”违约后续进展情况 未按时兑付本息,Wind
2020-05-29,兴业银行：“14中城建PPN002”及“15中城建MTN001”违约后续进展情况 未按时兑付本息,Wind
2020-05-29,A股融资融券日报：两融余额减少4.18亿元（5月28日）,Wind
2020-05-28,银行Ⅱ行业：银行股为什么逆势上涨？,新浪
2020-05-28,"""输血""更""造血"" 兴业银行构建产业扶贫长效机制",凤凰网
2020-05-28,深化金融改革 强化服务实体,金融界
2020-05-28,A股融资融券日报：两融余额减少1.54亿元（5月27日）,Wind
2020-05-28,北上资金尾盘半小时10亿抄底，A股近年六月表现抢眼,Wind
2020-05-28,小微金融债发行完成全年目标八成，大中型银行占比提升,Wind
2020-05-27,今年待解禁市值超千亿元，大面积破净的银行股会雪上加霜吗 解禁,澎湃新闻
2020-05-27,全球贸易下挫，数字化“新外贸”逆势增长,Wind
2020-05-27,绿色金融助力青海高质量发展,中国金融信息网
2020-05-27,北上资金尾盘半小时10亿抄底，本月40亿巨资买家电,Wind
2020-05-27,兴业银行黄正建：数字金融是银行内部破局者,36氪
2020-05-27,兴业银行乐山分行优质服务促高质量发展,金融投资报
2020-05-27,A股融资融券日报：两融余额增加30.93亿元（5月26日）,Wind
2020-05-26,商业银行表内投资及表内非标债权投资规模有多大？,和讯
2020-05-26,银行机构微博影响力哪家强？广发银行跌出前十,新浪
2020-05-26,易纲警示未来银行业不良压力或将上升 哪些行业贷款质量会下滑？,华夏时报
2020-05-26,黄金拉锯战：目标价很高，却迟迟未能突破1800,Wind
2020-05-26,A股融资融券日报：两融余额增加0.67亿元（5月25日）,Wind
2020-05-26,兴业银行获批设立伦敦代表处,云南信息报
2020-05-26,年内22家银行发行小微金融债逾2100亿元,Wind
2020-05-25,A股融资融券日报：两融余额减少55.85亿元（5月22日）,Wind
2020-05-25,如果银行业利润年内出现零增长或负增长，将意味着什么？,中财网
2020-05-23,金融继续支持实体—银行业投资观察,麦高bank
2020-05-22,业绩解读 | 上市银行盈利增速平稳，疫情影响有限,东方金诚
2020-05-22,助力科技企业“加速跑” 兴业银行加快“科技贷”复制推广,金融界
2020-05-22,A股融资融券日报：两融余额减少9.16亿元（5月21日）,Wind
2020-05-21,报告行长|支持制造业谁最卖力？12家股份行2019年制造业贷款2.39万亿，4家银行同比增加,和讯
2020-05-21,A股融资融券日报：两融余额减少2.54亿元（5月20日）,Wind
2020-05-20,上市银行2019年及2020年一季度业绩点评：上市银行盈利增速平稳 疫情影响有限,新浪
2020-05-20,2019年报银行金融科技数据最全盘点,极客网
2020-05-20,国际化布局再进一步兴业银行(601166)获批设立伦敦代表,证券时报网
2020-05-20,A股融资融券日报：两融余额增加41.22亿元（5月19日),Wind
2020-05-20,4月末国内小微企业贷款余额12.79万亿元，专家预计两会将有更多支持政策出台,Wind
2020-05-20,多家公募获银行理财子公司委外合同,Wind
2020-05-19,【中信建投银行杨荣】银行业周报219期：《因势而变的必要调整》,eResearch杨荣团队
2020-05-19,【中信建投银行杨荣】周报230期：《4 季度银行股有哪些催化剂？》,eResearch杨荣团队
2020-05-19,【中信建投银行杨荣】2季度基金持仓简评：《二季度继续减持，看好底部反弹》 减持股份,eResearch杨荣团队
2020-05-19,【中信建投银行杨荣】银行业周报224期：《再次审视中小银行风险的源头》,eResearch杨荣团队
2020-05-19,【中信建投银行杨荣】周报228期：《扩容债转股投资主体，加快不良资产处置》,eResearch杨荣团队
2020-05-19,【中信建投银行杨荣】银行业周报216期：《并购是主流吗？》,eResearch杨荣团队
2020-05-19,【中信建投银行杨荣】行业简评：全面解读《人民银行法（修订稿）》：《推进现代中央银行制度，金融更好服务实体经济》,eResearch杨荣团队
2020-05-19,银行机构微博影响力哪家强？中信银行跌出前十,新浪
2020-05-19,【中信建投银行杨荣】银行业周报214期：《理财子公司高管关注的问题?》,eResearch杨荣团队
2020-05-19,擦亮中国制造名片 兴业银行全口径制造业融资破万亿元,中证网
2020-05-19,【中信建投银行杨荣】2020年3季报综述：《息差企稳回升，零售边际改善》,eResearch杨荣团队
2020-05-19,【中信建投银行杨荣】上市银行20年半年报综述：《相信自然增长，存量风险出清》,eResearch杨荣团队
2020-05-19,【中信建投银行杨荣】行业简评：《明确标债资产认定，引导融资成本下行》,eResearch杨荣团队
2020-05-19,寻路绿色金融 银行全力求解,和讯
2020-05-19,兴业银行制造业全口径融资破万亿,和讯
2020-05-19,【中信建投银行杨荣】兴业银行（601166）三季报简评：《PPOP双位增长，估值优势依然突出》,eResearch杨荣团队
2020-05-19,兴业银行股份有限公司20珠江投管SCP002信用风险缓释凭证创设情况公告,银行间市场协会
2020-05-19,【中信建投银行杨荣】6月社融点评：《社融延续高速增长》,eResearch杨荣团队
2020-05-19,【中信建投银行杨荣】7月社融信贷数据点评：《通报影响社融增速，不改高增长态势》,eResearch杨荣团队
2020-05-19,【中信建投银行杨荣】5月社融简评：《财政政策发力，居民消费回暖》,eResearch杨荣团队
2020-05-19,A股融资融券日报：两融余额增加13.39亿元（5月18日）,Wind
2020-05-19,银行并购是主流吗？,中信建投证券研究
2020-05-19,四季度银行股有哪些催化剂？,中信建投证券研究
2020-05-19,【中信建投银行杨荣】行业简评：《央行购买，中小银行贷款出表》,eResearch杨荣团队
2020-05-18,交易银行潮涌：重新定义供应链金融,金融界
2020-05-18,银行/非银行金融行业周报(第二十周),新浪
2020-05-18,A股融资融券日报：两融余额减少5.73亿元（5月15日）,Wind
2020-05-18,今年以来66位上市银行董监高离职，大部分仍坚持“老本行”,Wind
2020-05-17,【华泰金融沈娟团队】关注政策信号，把握优质金融股—2020金融动态第20期【证券研究报告】,华泰金融研究全新平台
2020-05-16,Wind风控日报2020年5月16日星期六,Wind
2020-05-16,“白菜价”承销债券，兴业银行、中信证券遭警告！监管要求限期整改，对价格战保持强监管 金融监管处罚,和讯
2020-05-15,中信建投证券债券资本市场日报（20200515）,中信建投DCM
2020-05-15,1亿项目赚三千还两家分，未曾停歇的债券承销价格战,中证报
2020-05-15,兴业银行、中信证券被警告！1亿项目赚3000元还两家分，要求限期整改,中证报
2020-05-15,十万分之三的承销费?兴业银行、中信证券为何,新浪
2020-05-15,交易商协会:对兴业银行中信证券予以警告 全面整改,网易
2020-05-15,交易商协会：对兴业银行股份有限公司、中信证券股份有限公司两家非金融企业债务融资工具主承销商予以警告，并责令两家机构限期整改。（第一财经）,金十数据
2020-05-15,债券承销费率跌出“地板价”，兴业银行、中信证券被警告,Wind
2020-05-15,A股融资融券日报：两融余额增加18.59亿元（5月14日）,Wind
2020-05-14,2019上市股份行业绩PK：中信银行资本充足率排名垫底 浦发银行不良率最高,金融界
2020-05-14,银保监会批复同意兴业银行设立伦敦代表处,新浪
2020-05-14,广州首套房贷最低降至4.65%,Wind
2020-05-14,A股融资融券日报：两融余额增加37.66亿元（5月13日）,Wind
2020-05-14,杠杆资金5天加仓近300亿 一大批股票创新高（名单）,中证报
2020-05-13,蓝色光标：股东北京领瑞计划减持不超过2%股份 拟减持股份,金融界
2020-05-13,兴业银行今日大宗交易成交18.48万股，成交价16.24元折价0.06%,Wind
2020-05-13,A股融资融券日报：两融余额增加30.41亿元（5月12日）,Wind
2020-05-13,中信建投证券：信贷在修复 扩表将持续,金融界
2020-05-12,A股融资融券日报：两融余额增加67.65亿元（5月11日）,Wind
2020-05-11,【华泰金融沈娟团队】社融再超预期，信贷债券持续发力—2020年4月金融统计与社会融资规模数据解析【证券研究报告】,华泰金融研究全新平台
2020-05-11,兴业银行挂钩帮扶点政和县脱贫“摘帽”焕新颜,金融界
2020-05-11,新疆可克达拉市国有资本投资运营：“20可克达拉MTN001”募资用途变更,Wind
2020-05-11,A股融资融券日报：两融余额增加19.17亿元（5月8日）,Wind
2020-05-11,支持外国银行分行申请基金托管资格，提升托管人净资产门槛至200亿元,Wind
2020-05-09,主承销商：“19新华联控SCP003”违约后续 未按时兑付本息,Wind
2020-05-09,兴业消金2019年营收净利大增 逾期90天以上贷款呈上升趋势 违约失信,华夏时报
2020-05-08,浙商邱冠华：银行股后续怎么看？,大话金融
2020-05-08,全国首个合资理财公司落地上海临港,Wind
2020-05-08,【研报掘金】风险预期修复夯实估值底线 银行股估值上行可期,证券时报网
2020-05-08,上海自贸区临港新片区金融开放50条发布,Wind
2020-05-08,A股融资融券日报：两融余额增加65.99亿元（5月7日）,Wind
2020-05-08,A股股份行年报：招商银行净利增速居首 华夏银行垫底,中国经济网
2020-05-08,风险预期修复，夯实估值底线——银行业风险回顾与展望,麦高bank
2020-05-07,"构建""百千万""科创生态圈 兴业银行实施""芝麻开花·科创小巨人""培育计划",和讯
2020-05-07,湖北：信用信息更好服务中小企业,中国经济网
2020-05-07,A股融资融券日报：两融余额增加128.16亿元（5月6日）,Wind
2020-05-07,国内债市盘前2020年5月7日星期四,Wind
2020-05-07,信用卡消费贷款房贷业务承压，一季度银行关注类贷款占比反弹,21世纪经济报道
2020-05-07,湖北：信用变信贷 发展增信心,中国经济网
2020-05-07,资负表策略看利润表空间—银行业资产负债回顾与展望,麦高bank
2020-05-06,银行机构微博影响力哪家强？国家开发银行跌出前十,新浪
2020-05-06,北向资金连续6日净流入，贵州茅台获净买入5.74亿元居首,Wind
2020-05-06,浦发银行 vs 兴业银行：开放银行哪家强？,极客网
2020-05-06,兴业银行发行300亿元金融债支持小微企业,Wind
2020-05-06,兴业银行：“13山水MTN1”违约后续进展情况 未按时兑付本息,Wind
2020-05-06,A股融资融券日报：两融余额减少73.09亿元（4月30日),Wind
2020-05-06,620股获券商买入评级，周大生目标涨幅达117.29%,Wind
2020-05-06,57家基金公司2019年净利润合计217亿,Wind
2020-05-05,【华泰金融沈娟团队】逆周期政策调节+一季报分化，把握战略配置机遇—2020金融动态第18期【证券研究报告】,华泰金融研究全新平台
2020-05-05,【兴业银行】1Q20：盈利增长平稳，受益于市场利率大降,志明看金融
2020-05-05,业绩的韧性—银行业2020年一季报综述,麦高bank
2020-05-05,【浙商||银行】大浪淘沙：2020年投资策略暨Q1综述,大话金融
2020-05-05,越跌越买！19万亿险资一季度最新动向曝光,券商中国
2020-05-04,上市股份行财报大比拼 光大增速快 招行最赚钱,时代在线
2020-05-04,百亿压力解除 天安财险投资型业务已经全部兑付完毕,21世纪经济报道
2020-05-04,千万不要白白浪费一次严重的危机，八八股神巴菲特直播首秀,腾讯网
2020-05-02,直击！原油宝揭开银行“类期货”业务冰山一角 中行、兴业等多家银行深度介入,红周刊
2020-05-02,百亿理财险兑付搞定！这家险企母公司股票涨停 一季度净利润还暴增9倍,券商中国
2020-05-02,百亿理财险兑付搞定！这家险企母公司股票应声涨停，一季度净利润还暴增9倍,券商中国
2020-05-01,7张图看懂股份行信用卡业务全景,腾讯网
2020-05-01,三年资产缩水30倍，天安财险去年巨亏40亿、投资收益也为负 资产异常,腾讯网
2020-04-30,债券承销轮番上演“吐血价”后，90家债券承销机构签署市场《自律公约》,每日经济新闻
2020-04-30,赋能业务 推进数字化转型——兴业银行年报科技亮点突出,中国金融新闻网
2020-04-30,兴业银行股份有限公司20迪安诊断（疫情防控债）SCP001信用风险缓释凭证创设情况公告,银行间市场协会
2020-04-30,兴业银行卸下“同业之王”，非利息净收入占比超四成丨亿欧读财报,极客网
2020-04-30,10家股份行共分红1172亿元，平均股息率跑赢理财，谁分红最多？谁分红最慷慨？（附图）,和讯
2020-04-30,央行确定2020年度公开市场业务一级交易商，共有49家,Wind
2020-04-30,A股总净利4.16万亿，国有六大行净赚1.14万亿，超所有上市公司1/4,搜狐
2020-04-30,上市银行2019成绩单：净利润共计1.67万亿,新浪
2020-04-30,智能交互体验再升级 兴业银行业内首推“智慧数字人”,全景网
2020-04-30,上市银行2019成绩单悉数出炉：归母净利润共计16727.25亿元 近八成银行净利回暖,北京商报网
2020-04-30,A股融资融券日报：两融余额减少41.24亿元（4月29日）,Wind
2020-04-30,发债利率有多低？可交换公司债券利率低至0.1%,Wind
2020-04-30,【浙商||银行】南京银行：息差环比改善，规模增长提速,大话金融
2020-04-30,【浙商||银行梁凤洁/邱冠华】招商银行：业绩再次超预期,大话金融
2020-04-30,消费贷、房贷业务承压，银行资产质量不容乐观,Wind
2020-04-30,信用卡、消费贷款、房贷业务承压，监管或进一步放松,Wind
2020-04-29,在兴业银行的年报中 科技是一大关键词,金融界
2020-04-29,发债吗？发1个亿只收10元！债券承销价格战已被监管机构关注 其他违规处罚,中证报
2020-04-29,【万联银行|季报点评】兴业银行：一季度息差略有下行 负债端持续调整,万联证券研究所
2020-04-29,兴业银行科技投入35.65亿，兴业数金开放252个API接口,和讯
2020-04-29,最新！高瓴、高毅、淡水泉、景林持仓大曝光（名单）,中国基金报
2020-04-29,兴业银行：2019年净利润同比增长8.66%,Wind
2020-04-29,兴业银行：一季度净利润同比增长6.75%,Wind
2020-04-29,【华泰金融沈娟团队】规模较快增长，资产质量良好——兴业银行(601166)【证券研究报告】,华泰金融研究全新平台
2020-04-29,一图看懂兴业银行2019年年报,和讯
2020-04-29,兴业银行为近2万家企业累计提供绿色融资22232.42亿元,中国金融信息网
2020-04-29,兴业银行去年同业负债依赖度逐步下降 不良贷款和关注类贷款余额略增,经济观察网
2020-04-29,兴业银行发布《2019年年度可持续发展报告》,新华网
2020-04-29,兴业银行2019暨2020一季报详细解读：结构优化推进，中收增速靓丽【中泰银行·戴志锋/邓美君/贾靖】,传统借贷vs新型金融
2020-04-29,守正出奇—兴业银行2019及2020Q1业绩点评,麦高bank
2020-04-29,金风科技与金风环保共同借款并提供担保 涉资4.4亿元 大额借贷担保,金风科技
2020-04-29,A股融资融券日报：两融余额减少41.82亿元（4月28日）,Wind
2020-04-29,兴业银行一季度净利润增长6.75%，不良率降至1.52%,澎湃新闻
2020-04-29,【浙商||银行】常熟银行：高拨备反哺的开始,大话金融
2020-04-29,【浙商||银行】兴业银行：战略机遇期，行稳以致远,大话金融
2020-04-29,【浙商||银行】邮储银行：盈利能力向好，反哺空间充足,大话金融
2020-04-29,【浙商||银行】光大银行：财富管理发力，存款大幅增长,大话金融
2020-04-29,上市公司正负面新闻2020年4月29日星期三,Wind
2020-04-29,十万分之三！债券承销费率再度跌出“地板价”,Wind
2020-04-28,A股头条之上市公司（4.28）,金融界
2020-04-28,承销1亿元债券只赚3000元 光鲜体面的投行人怎么了,上证报
2020-04-28,上市公司数据播报：洋河股份拟实施10派30元,金融界
2020-04-28,4月29日上市公司重要公告集锦：上海机场一季度净利同比下滑超九成,证券日报
2020-04-28,投行变苦力！承销10亿债券收费3万，或不够员工差旅费…两家机构遭调查 其他违规处罚,证券时报网
2020-04-28,债券承销费再现“跳楼价”，两家主承商已遭交易商协会调查 其他违规处罚,第一财经
2020-04-28,"债券承销费再现""跳楼价"" 主承商已遭交易商协会调查 其他违规处罚",第一财经
2020-04-28,兴业银行总资产突破7万亿 行长表态“科技投入上不封顶”,证券时报网
2020-04-28,兴业银行去年净利润增长 8.66% 商投并举成果显现,和讯
2020-04-28,兴业银行去年净利增8.66%，非标投资3年压降1.26万亿,第一财经
2020-04-28,晚间重要公告2020年4月28日星期二,Wind
2020-04-28,券商债券承销惊现“吐血价”！按十万分之三费率收费，遭交易商协会调查,腾讯网
2020-04-28,兴业银行2019年营收同比增14.54%,中证网
2020-04-28,兴业银行2019年净利润增长8.66%，基本每股收益3.10元,21世纪经济报道
2020-04-28,券商债券承销惊现吐血价！竟按十万分之三费率收费，这两家机构遭交易商协会调查,中财网
2020-04-28,这一“票”承销费竟低至十万分之三，市场震惊！交易商协会出手启动自律调查,每日经济新闻
2020-04-28,犀牛财经晚报：好未来Q4净亏9007万美元 首旅酒店一季度亏5.26亿,GPLP犀牛财经
2020-04-28,兴业消费金融2019年营收、净利均翻倍，总资产增长超67%,零壹财经
2020-04-28,兴业银行2019年总资产破7万亿 营收同比增长14.54%,和讯
2020-04-28,兴业银行2019年营收同比增长14.54% 今年一季度末不良率继续下降,上证报
2020-04-28,公告点题｜4月28日这些公告有看头,第一财经
2020-04-28,兴业银行(601166.SH)2019年度净利润升8.66%至658.68亿元 拟10派7.62元,格隆汇
2020-04-28,兴业银行(601166.SH)一季度净利润升6.75%至209.85亿元,格隆汇
2020-04-28,兴业银行：一季度净利润209.85亿元 同比增长6.75%,e公司
2020-04-28,兴业银行：2019年净利增8.66%拟10派7.62元，2020年首季增6.75%,Wind
2020-04-28,兴业银行：2019年净利润658.68亿元 同比增长8.66%,新浪
2020-04-28,兴业银行年报：2019年净利润同比增长8.66%,网易
2020-04-28,兴业银行第一季度净利润210亿元人民币,新浪
2020-04-28,10亿债券赚3万，中信证券、兴业银行十万分之三承销费率遭交易商协会调查,Wind
2020-04-28,A股融资融券日报：两融余额减少16.14亿元（4月27日）,Wind
2020-04-28,银行股低估值叠加高分红，机构称适宜长线资金配置,Wind
2020-04-27,四年了，那些入池的不良贷款收回来了吗？ —不良ABS深度研究系列（一）,中债资信
2020-04-27,绿金试验区大动作：“贴广州绿标”后贷款成本直降20%,Wind
2020-04-27,行业板块涨幅第一！银行股力挺大盘，传递什么信号？,中证报
2020-04-27,城商行第一高价股宁波银行，2019年净赚137亿元,经济网
2020-04-27,上市银行一季报业绩表现良好 相关个股暗含长线配置价值,第一财经
2020-04-27,深度解读 |2020年一季度公募基金持仓分析,大成基金
2020-04-27,A股融资融券日报：两融余额减少69.89亿元（4月24日）,Wind
2020-04-27,【平安金融】20Q1金融行业基金持仓分析,逸赏金融
2020-04-26,【华泰金融沈娟团队】一季报分化，关注政策改革支持—2020金融动态第17期【证券研究报告】,华泰金融研究全新平台
2020-04-26,基本面韧性，资金面弹性——银行业投资观察,麦高bank
2020-04-26,兴业银行绵阳分行助力绵阳经开区 打造西部先进制造业示范区,金融投资报
2020-04-24,兴业银行乐山分行在线融资服务助力企业复工稳产,金融投资报
2020-04-24,兴业银行5.63亿股解禁 阳光控股、福建投资集团浮盈超14亿元 解禁,GPLP犀牛财经
2020-04-24,A股融资融券日报：两融余额增加0.38亿元（4月23日）,Wind
2020-04-23,公募定价权提升，医药与创业板成大赢家 ———20Q1基金持仓结构分析,修炼投资的水晶球
2020-04-23,A股融资融券日报：两融余额增加36.64亿元（4月22日）,Wind
2020-04-23,一季度基金持仓结构分析：公募增外资减，医药受青睐,李迅雷金融与投资
2020-04-22,时代热评 | 兴业银行定增“馅饼”：账面浮盈不及余额宝,时代在线
2020-04-22,银行行业今日净流出资金2.84亿元，12股净流出资金超千万元,证券时报网
2020-04-22,兴业银行与福建省水利厅达成合作 将提供200亿意向融资支持,中新网
2020-04-22,A股融资融券日报：两融余额增加10.51亿元（4月21日）,Wind
2020-04-22,中信证券：小微金融政策再升级 关注低估值的兴业银行等,证券时报网
2020-04-21,晚间重要公告2020年4月21日星期二,Wind
2020-04-21,未来5年提供200亿意向融资支持 兴业银行与福建省水利厅达成战略合作,金融界
2020-04-21,兴业银行：获批发行不超800亿元小微企业贷款专项金融债,e公司
2020-04-21,兴业银行：公开发行小微企业贷款专项金融债券获批,新浪
2020-04-21,兴业银行：获批发行不超800亿元小微企业贷款专项金融债,Wind
2020-04-21,A股融资融券日报：两融余额增加42.91亿元（4月20日）,Wind
2020-04-20,套取费用、编制虚假财务资料，天安财险、安诚财险、平安财险合计被罚62万元 欺诈造假,搜狐
2020-04-20,上海证券报：新动能逆势增长，中国经济韧性并未失色,Wind
2020-04-20,暗网盗卖金融信息 银行账户安全面临新挑战,新浪
2020-04-18,多家银行辟谣“信息泄露” 数据安全重要性凸显,中国经营网
2020-04-18,重庆路桥炒三只银行股赚3996万元 负责人表示看好中长期价值,重庆商报
2020-04-17,多家金融机构近百万客户信息被泄露，大数据时代该如何保护隐私安全 安全事故,腾讯网
2020-04-17,A股融资融券日报：两融余额增加21.15亿元（4月16日）,Wind
2020-04-17,“80万条银行客户数据被盗”？银行均表示“我没有”！,Wind
2020-04-16,上百万条用户数据被贩卖？多家金融机构回应：相关数据不属实！,羊城晚报
2020-04-16,A股融资融券日报：两融余额减少0.95亿元（4月15日）,Wind
2020-04-16,百万条客户信息被盗卖？ 农行、平安、浦发纷纷否认,中新网
2020-04-15,黑客叫卖数百万银行客户信息 农行平安等否认：不法分子伪造 欺诈造假,快科技
2020-04-15,百万条银行保险机构客户数据被售卖？银行方面回应,中投网
2020-04-15,上海银行回应客户信息泄露传闻 比对发现与真实客户信息不匹配 安全事故,中新经纬
2020-04-15,多家金融机构客户信息遭泄漏？中国平安、上海银行等回复：与真实客户信息不匹配,每日经济新闻
2020-04-15,中国平安回应客户信息泄漏：相关信息系不法分子伪造,Wind
2020-04-15,A股融资融券日报：两融余额增加8.75亿元（4月14日）,Wind
2020-04-15,百万条客户资料“暗网”叫卖，涉及上海银行、兴业浦发等银行,上证报
2020-04-14,疑似多家银行用户信息被盗卖，已有银行否认 产品问题,第一财经
2020-04-14,银行机构微博影响力哪家强？中信银行跌出前十,新浪
2020-04-14,金融机构客户数据被网上叫卖？银行回应：无法鉴别信息真伪,每日经济新闻
2020-04-14,全国首单增强型并购中票登场，由兴业银行独立主承销,证券时报
2020-04-14,消息称国内多家银行上百万客户数据正在暗网被出售，涉上海银行、农业银行、兴业银行等,零壹财经
2020-04-14,A股融资融券日报：两融余额减少5.11亿元（4月13日）,Wind
2020-04-14,银行间市场“活水”充沛，同业负债利率全面走低,Wind
2020-04-13,兴业银行(601166.SH)追加龙岩市汇金集团系列授信类关联交易额度30亿元,格隆汇
2020-04-13,作为基金代销渠道之一，招行的“魅力”在哪里？,Wind
2020-04-13,A股融资融券日报：两融余额减少69.06亿元（4月10日）,Wind
2020-04-13,一季度经济增速承压，消费内需二季度启动在即,第一财经
2020-04-12,【浙商||银行梁凤洁/邱冠华】实体与融资冰火两重天？,大话金融
2020-04-11,华懋（厦门）新材料科技股份有限公司,中证报
2020-04-10,A股融资融券日报：两融余额增加27.65亿元（4月9日）,Wind
2020-04-10,中信证券银行2020年一季报前瞻：以稳应变,Wind
2020-04-10,【华泰金融沈娟团队】社融超预期，信贷与债券放量—2020年3月金融统计与社会融资规模数据解析【证券研究报告】,华泰金融研究全新平台
2020-04-09,准备金率接近历史低点 降息是“压舱石”,--
2020-04-09,A股融资融券日报：两融余额减少0.1亿元（4月8日）,Wind
2020-04-08,兴业银行：李卫民申请辞去董事、副行长职务 董监高成员变化,Wind
2020-04-08,A股融资融券日报：两融余额增加64.16亿元（4月7日）,Wind
2020-04-07,银行机构微博影响力哪家强？工商银行跌出前十,新浪
2020-04-07,A股融资融券日报：两融余额减少72.42亿元（4月3日）,Wind
2020-04-07,中国债券市场交易备忘（4月7日）,Wind
2020-04-07,时隔12年 央行将超额存款准备金从0.72%下调至0.35% “央妈”放大招 大金融或将爆发,--
2020-04-06,汇丰大跌后小幅反弹 巴菲特爱股富国银行获高管增持,第一财经
2020-04-06,【华泰金融沈娟团队】降准+降超准利率组合拳，把握优质金融股—2020金融动态第14期【证券研究报告】,华泰金融研究全新平台
2020-04-06,下周操盘攻略：361亿元限售股解禁、减少52%，6只新股申购,Wind
2020-04-04,高管增持排行榜 4股获增持超千万元 五股牛,证券时报
2020-04-03,下周361亿市值限售股解禁，环比减少52.16% 解禁,Wind
2020-04-03,A股融资融券日报：两融余额增加17.64亿元（4月2日）,Wind
2020-04-03,【浙商||银行梁凤洁/邱冠华】中小银行定向政策的背后,大话金融
2020-04-03,【华泰金融沈娟团队】风控良好盈利稳，聚焦科技重分红—上市银行2019年年报综述【证券研究报告】,华泰金融研究全新平台
2020-04-02,交通银行地位遭遇挑战！营收净利被招行赶超 信用卡不良率上升 资产异常,投资时报
2020-04-02,金鹰基金管理有限公司金鹰货币 市场证券投资基金暂停大额申购 （转换转入、定期定额投资）公告,中证报
2020-04-01,和佳股份(300273.SZ)拟向兴业银行珠海分行申请2.5亿元综合业务授信,格隆汇
2020-04-01,兴业银行：“15沈机床MTN001”到期后续进展,Wind
2020-04-01,兴业银行：270亿贷款让企业防疫复产“轻装上阵”,中华工商时报
2020-04-01,援军来了！爆款狂卖80亿，杨东旗下私募又火了，看多这些行业和股票,中国基金报
2020-04-01,亮点突出！一季度债券承销榜单出炉,Wind
2020-03-31,兴业银行：非公开发行限售股上市流通公告 解禁,上交所
2020-03-31,银行机构微博影响力哪家强？六家银行排名下滑,新浪
2020-03-31,兴业银行：占总股本2.71%限售股将于4月7日上市流通 解禁,Wind
2020-03-31,兴业银行(601166.SH)：5.63亿股限售股4月7日解禁 解禁,格隆汇
2020-03-31,A股融资融券日报：两融余额减少40.59亿元（3月30日）,Wind
2020-03-30,上清所现金交割机制进一步优化，标准债券远期报价机制正式启动,Wind
2020-03-30,私募调查：股东频频增持 外资纷纷进场 A股市场企稳了吗？,证券时报
2020-03-30,全国银行间同业拆借中心：2月共完成195家机构入市交易的相关工作,Wind
2020-03-30,股债异域，下跌同天,Wind
2020-03-30,24家公司重要股东开启增持模式累计增持12.17亿元（附股）,证券时报网
2020-03-30,A股融资融券日报：两融余额减少56.76亿元（3月27日）,Wind
2020-03-30,121股获券商买入评级 环旭电子目标涨幅达81.61%,Wind
2020-03-29,【浙商||银行梁凤洁/邱冠华】4月策略：定调稳增长，估值待催化,大话金融
2020-03-29,关注解禁数据 把握个股最佳投资机会,巨丰财经
2020-03-27,福耀玻璃(600660.SH)：拟向兴业银行福清支行申请30亿元综合授信额度,格隆汇
2020-03-27,福耀玻璃(03606)拟向银行申请合计93.9亿元综合授信额度,智通财经
2020-03-27,这两大行21位董监高增持自家股票 银行板块估值处于历史最低位,金陵晚报
2020-03-27,A股融资融券日报：两融余额减少37.84亿元（3月26日）,Wind
2020-03-27,3月26日有65家公司获重要股东增减持，延安必康已被连续减持160次 减持股份,Wind
2020-03-26,兴业银行大连高新园区支行：一次别开生面的在线直播,中国金融新闻网
2020-03-26,马喆：招行高估值是市场理性的选择,红周刊
2020-03-26,老周侃股：如何看待银行股董监高增持股份,北京商报
2020-03-26,两银行董监高带头“买买买” 银行板块逆市上涨,中新经纬
2020-03-26,上海证券市场大宗交易公开信息(2020-03-26),上交所
2020-03-26,兴业银行今日大宗交易成交18.50万股，成交价16.19元溢价0.0%,Wind
2020-03-26,董监高超2600万元增持提振 兴业银行上午3.41%领涨银行股,证券日报
2020-03-26,重要股东增持排行榜：6股增持金额超亿元,证券时报网
2020-03-26,银行板块异动拉升，兴业银行、平安银行领衔上涨,Wind
2020-03-26,行长带头买股票！21位董监高增持银行股，耗资4000万,券商中国
2020-03-26,兴业银行部分董监高增持股票,中证网
2020-03-26,A股融资融券日报：两融余额增加25.49亿元（3月25日）,Wind
2020-03-26,银行｜北上资金：长线配置，空间可期,中信证券研究
2020-03-26,上市公司正负面新闻2020年3月26日星期四,Wind
2020-03-26,厦门延江新材料股份有限公司 关于使用部分闲置募集资金购买理财产品到期赎回 并继续购买进展的公告,中证报
2020-03-25,银行股迎转机？兴业银行行长等11位董监高“抄底”公司股票,澎湃新闻
2020-03-25,2020年报风云丨兴业银行业绩同比增速创5年来新高，行长联合董监高集体增持股票,21世纪经济报道
2020-03-25,三天内两家！招商银行、兴业银行董监高先后出手抄底本行股票,证券时报
2020-03-25,兴业银行董监高2740万元增持公司股票 并承诺锁定三年,上证报
2020-03-25,兴业银行：包括行长陶以平在内的部分董监高买入178万股公司股票,Wind
2020-03-25,兴业银行(601166.SH)：部分董监高已合计买入177.99万股,格隆汇
2020-03-25,A股融资融券日报：两融余额减少4.98亿元（3月24日）,Wind
2020-03-24,银行机构微博影响力哪家强？民生信用卡下滑三位,新浪
2020-03-24,MSCIA股ETF暂停申购赎回，3月来已累计赎回600万份,Wind
2020-03-24,A股融资融券日报：两融余额减少102.亿元（3月23日）,Wind
2020-03-24,房企1.46万亿债务到期，今年以来已有近百家房企破产 减资破产,21世纪经济报道
2020-03-24,利率期权业务正式推出，多家机构首日完成交易,Wind
2020-03-23,利率衍生品市场扩容 银行间市场利率期权交易试点启动,北京商报网
2020-03-23,北向资金今日净流出近80亿元，药明康德逆势获净买入3.87亿元,Wind
2020-03-23,兴业银行完成首笔挂钩LPR利率期权交易,上证报
2020-03-23,A股融资融券日报：两融余额减少54.7亿元（3月20日）,Wind
2020-03-21,北上资金结束连续净卖出，尾盘扫货金融白酒股,Wind
2020-03-20,一个月净流出1000亿，白马股摇摇欲坠，外资底何时到来,证券时报网
2020-03-20,融资客青睐1股，深高速买入占比高达33.04%,Wind
2020-03-20,A股融资融券日报：两融余额增加39.59亿元（3月19日）,Wind
2020-03-20,【中信建投银行杨荣】4月社融简评：《信贷在修复，扩表将持续》,eResearch杨荣团队
2020-03-20,【中信建投银行杨荣】银行业周报212期：《银行如何参与REITS？》,eResearch杨荣团队
2020-03-20,【中信建投银行杨荣】《为零售插上“互联网”翅膀 ——规范与助力互联网贷款》,eResearch杨荣团队
2020-03-19,现金交割机制进一步优化，报价机制正式启动,Wind
2020-03-19,兴业银行落地首笔防疫企业并购融资业务,证券时报网
2020-03-19,为复工复产企业注入“金融活水”,金融时报
2020-03-17,A股半数公司跌逾10%，这120家高股息率高增长公司或被误伤,Wind
2020-03-17,国开行3月23日拟开展国开债做市支持操作,Wind
2020-03-17,疫情影响全市场，兴业银行金融市场业务给出新答卷,上证报
2020-03-17,A股融资融券日报：两融余额减少176.3亿元（3月16日）,Wind
2020-03-16,【研报掘金】政策释放呵护信号，把握银行股的战略配置价值,证券时报网
2020-03-16,业绩稳健增长却被低估A股银行板块有望迎来估值修复行情,财华社
2020-03-16,【银行行业】附十年降准影响复盘：这次降准有什么不一样,格隆汇
2020-03-16,把握配置时点,麦高bank
2020-03-15,金融视角看股市：长期的起点,麦高bank
2020-03-15,兴业银行大连分行营业部坚守初心 防疫期间金融服务更加贴心暖心,中国金融新闻网
2020-03-15,蛋壳周报20200315：劲方医药完成近4亿元B轮融资，表现亮眼,动脉网
2020-03-13,双定向降准——货币政策的妙招,麦高bank
2020-03-13,ST坊展(600149.SH)：广炎供热已提前归还3000万元借款,格隆汇
2020-03-13,【浙商梁凤洁】政策更加主动，关注负债改善──评3.16定向降准,大话金融
2020-03-12,2月金融数据符合预期 机构建议把握银行股超跌反弹机会,中国财富网
2020-03-12,打新基金十大重仓股出炉 底仓重点集中在银行地产等五大板块,金融界
2020-03-12,多款银行类APP涉嫌隐私不合规,和讯
2020-03-12,24家银行2019年共赚4390亿 19家银行净利润增速达两位数,21世纪经济报道
2020-03-11,【浙商||银行】疫情干扰，增速平稳 ──2月信贷社融点评,大话金融
2020-03-11,打新收益依旧明显：国泰君安公布打新基金十大底仓股,中财网
2020-03-11,江苏金融业：创新产品为解决企业融资“支招”,中国金融新闻网
2020-03-11,A股融资融券日报：两融余额增加56.05亿元（3月10日）,Wind
2020-03-11,华夏银行增长乏力：2019盈利增速5.04% 开年罚款金额近千万 盈利能力下降,金融界
2020-03-10,*ST康得：债券持有人再次要求公司偿还1.267亿美元,Wind
2020-03-10,上海证券市场大宗交易公开信息(2020-03-10),上交所
2020-03-10,兴业银行兴e贴7.6亿支持四川企业复工复产,金融投资报
2020-03-10,中信建投：看好银行股估值修复行情 推荐估值低且对公贷款占比高的银行,第一财经
2020-03-10,A股融资融券日报：两融余额减少34.07亿元（3月9日）,Wind
2020-03-09,银行业周报204期：疫情中的银行理财子公司,金融界
2020-03-09,A股融资融券日报：两融余额减少50.71亿元（3月6日）,Wind
2020-03-07,东莞10家银行可转LPR！附具体政策及实操步骤,腾讯网
2020-03-07,金融科技硬核上岗，银行“无接触”办公效率高,Wind
2020-03-06,越“冬”战疫 兴业银行为受困企业复工复产“送春风”,经济观察网
2020-03-06,上海：相关银行正在接洽办理6家企业的知识产权融资申请,Wind
2020-03-06,中国的银行业已落地数十项区块链应用，谁在为金融巨头们提供技术,星球日报
2020-03-06,鲁政委：全球降息很可能加速疫情冲击下的滞胀！,网易
2020-03-05,兴业银行支持春耕备耕 涉农贷款余额已超4000亿元,新浪
2020-03-05,民生银行董事会换届延期：刘永好28次增持H股，拨备覆盖率不足150% 承诺失信,和讯
2020-03-04,盘点：BATJ们的AI+金融战疫,雷锋网
2020-03-04,事关3亿房奴！降低月供的机会来了，转LPR只要一分钟！,21世纪经济报道
2020-03-04,数字化加速金融业“零接触”变革,中国经济网
2020-03-04,A股融资融券日报：两融余额增加65.11亿元（3月3日）,Wind
2020-03-04,2股获买入评级 最新:兴业银行,中财网
2020-03-04,2月信贷“开门平”：个人贷款急降、银行加大对公贷款支持“战疫”,Wind
2020-03-03,*ST赫美旗下小贷公司被司法拍卖 起拍价200万元 司法拍卖,每日经济新闻
2020-03-03,银行机构微博影响力哪家强？民生信用卡跌出前十,新浪
2020-03-03,兴业银行为企业复工复产注入“绿动力”,新华网
2020-03-02,“智”援企业复工复产 兴业银行如何“云端发力”,中国发展网
2020-03-02,西安银行首发限售股解禁银行股迎解禁大年 解禁,中新经纬
2020-03-02,兴业银行做好“加减乘除”法 助力受困企业复工复产,新浪
2020-03-02,银行业周报203期：存量贷款“换锚”起步及影响,金融界
2020-03-02,A股融资融券日报：两融余额减少224.68亿元（2月28日）,Wind
2020-03-01,【中信建投银行杨荣】“政策退出”深度研究之一： 《延期还本付息影响几何？》,eResearch杨荣团队
2020-03-01,【战“疫”思考九】疫后复工新开局：主动抢跑公司银行数字化,和讯
2020-02-29,50亿！暴跌日再现“单日售罄” 新基金发行热度仍在,中国基金报
2020-02-28,浦发银行不良处置效果堪忧,证券市场周刊
2020-02-28,兴业银行：“16大机床SCP001”等债券违约后续,Wind
2020-02-28,兴业银行：“18盛运环保SCP001”违约后续,Wind
2020-02-28,兴业银行：“15沈机床MTN001”违约后续,Wind
2020-02-28,兴业银行：“13山水MTN1”违约后续进展情况,Wind
2020-02-28,欧美股市持续大跌，国内降息空间有多大？哪些资产或成避风港？,证券时报网
2020-02-27,兴业银行“云端发力”“智”援企业复工复产,新京报
2020-02-27,A股融资融券日报：两融余额增加31.42亿元（2月26日）,Wind
2020-02-26,当代东方(000673.SZ)拟向兴业银行申请贷款9800万元,格隆汇
2020-02-26,“智”援企业复工复产 兴业银行如何“云端发力”,证券时报网
2020-02-26,A股融资融券日报：两融余额增加116.67亿元（2月25日）,Wind
2020-02-26,银行股破净率超70%，估值接近历史底部,Wind
2020-02-25,A股融资融券日报：两融余额增加140.42亿元（2月24日）,Wind
2020-02-25,银行业帮扶疫情重灾行业,时代周报
2020-02-24,《一周研读》疫情冲击，寰球市场同此凉热（2020年2月23日-2020年2月28日）,中信证券研究
2020-02-24,14封医院来信背后的兴业“战疫”故事,中新网
2020-02-24,央行重磅发声：将调整存款利率 “降息”空间有多大？,浙商证券
2020-02-21,A股融资融券日报：两融余额增加116.85亿元（2月20日）,Wind
2020-02-20,债券重大事件2020年2月20日星期四,Wind
2020-02-20,秒贴融资110亿元 兴业银行“兴e贴”助力企业极速“战疫”,和讯
2020-02-20,兴业银行：“19远高实业CP001”持有人会议审议通过展期兑付议案 本息展期,Wind
2020-02-20,大湾区民企融资调研：信贷成本普降 定制化融资安排需求旺盛,上证报
2020-02-19,兴业银行坚决打好疫情防控阻击战的“三大战役”,新浪
2020-02-18,消费金融线下业务迎大考：兴业消金、海尔消金首当其冲,新浪
2020-02-18,大湾区发展纲要周年：银行业4.77万亿元活水入大湾区 科创企业看重异地授信和全生命周期信贷支持,上证报
2020-02-18,兴业银行集团再捐500万支持福建对口援助宜昌,新浪
2020-02-18,MLF降息如期而至 机构：LPR有望下行 银行防御价值凸显,中国财富网
2020-02-17,共克时艰 兴业银行成都分行为抗击疫情提供近20亿元资金支持,金融投资报
2020-02-14,兴业银行：预计一季度还将投放150亿防疫信贷,21世纪经济报道
2020-02-14,下调利率、延长还款、绿色通道 兴业银行实施抗疫期间差异化零售信贷政策,中国发展网
2020-02-14,福建辖区上市公司提升服务水平 为抗击疫情保驾护航,中证网
2020-02-13,兴业银行主承华电国际15.51亿元防疫绿色债券获批发行,中国金融信息网
2020-02-13,受疫情影响信用卡还不上怎么办？ 多家银行明确可延长还款期,中国网
2020-02-12,兴业银行推出同业金融线上综合服务方案助力疫情防控,新浪
2020-02-11,多家银行已放贷或推百亿额度，支持新冠肺炎疫情防治,21世纪经济报道
2020-02-11,A股共发生91宗大宗交易成交20.91亿元（2月11日）,Wind
2020-02-11,银行业解燃眉之急 最快5小时放贷,时代周报
2020-02-10,21家上市银行发布业绩快报：净利润、营业收入均保持稳健增长,中投网
2020-02-10,21家上市银行日均赚10亿 近九成不良率出现下降,中投网
2020-02-07,2019年四季度银行理财规模环比下降0.3%,和讯
2020-02-07,21家上市银行发布业绩快报，18家银行去年净利润增速超10%,Wind
2020-02-07,业绩快报显示：18家银行去年净利润增速超10%,金十数据
2020-02-06,受疫情影响还款逾期怎么办？部分银行给予30天宽限且不算违约,21世纪经济报道
2020-02-06,兴业银行实施抗疫期间差异化零售信贷政策,证券时报网
2020-02-05,债券重大事件2020年2月5日星期三,Wind
2020-02-05,百份年报业绩快报近八成增长 机构扎堆推荐7只绩优股,证券日报
2020-02-05,21家上市银行2019业绩快报总览：超八成不良率下降，18家净利润增速超10%,每日经济新闻
2020-02-05,港股盘前必读：2019年第四季度香港GDP预计同比下跌2.9%,Wind
2020-02-04,银行业绩快报：净利增速多超10%，浦发、苏农不良率上升 资产异常,第一财经
2020-02-04,保本理财退出市场速度加快 业务变化,经济日报
2020-02-04,公募砸重金接力自购！近百只基金单日重挫逾9%，逆行者果断买入,和讯
2020-01-27,中国最赚钱行业：上市银行净利润依然高速增长 最多超过20%,和讯
2020-01-26,银行业金融机构全力支持疫情防控 累计捐款逾5.88亿元,中国网
2020-01-24,15家上市银行营收净利大丰收 不良有升有降整体稳定,券商中国
2020-01-23,基金四季度持仓变化梳理，透露出哪些投资机会？,格隆汇
2020-01-23,武汉“封城”首日：多银行缩短营业时间，取现影响不大,新京报
2020-01-23,持股过大年 融资客都买了哪些“年货”,证券日报
2020-01-23,15家上市银行发业绩快报 八成净利两位数增长,证券时报
2020-01-22,榆林银保监局：对兴业银行榆林分行作出行政处罚，罚款29万元 其他违规处罚,Wind
2020-01-22,上市险企业绩“两重天”，中国人寿登顶A股，西水股份巨亏16亿 重大损失,搜狐
2020-01-21,十堰银保监局：对兴业银行十堰分行作出行政处罚，罚款25万元 其他违规处罚,Wind
2020-01-21,【国君非银】掌握核心竞争优势，未来成长空间巨大——金融集团科技子公司专题报告,欣琦看金融
2020-01-21,70家公司业绩快报抢先看,证券时报网
2020-01-20,西水股份：2019年度净利预亏16.43亿元 预亏,e公司
2020-01-20,业绩快报接连报喜 10家银行净利润实现两位数增长,北京商报
2020-01-20,西水股份(600291.SH)2019年业绩由盈转亏 预亏16.43亿元 预亏,格隆汇
2020-01-20,61家公司业绩快报抢先看,证券时报网
2020-01-20,71股获券商买入评级 天康生物目标涨幅达51.21%,Wind
2020-01-19,券商首次关注5股并给予买入评级（1月18日）,Wind
2020-01-17,招行、平安等披露业绩快报：银行股利润增长快于收入方不“破净”,21世纪经济报道
2020-01-17,茂业商业为合计不超3亿元按揭贷款提供担保 大额借贷担保,观点地产网
2020-01-17,兴业银行首款海峡主题理财产品公开发行,中新网
2020-01-17,83股今日获机构买入评级,中财网
2020-01-17,茂业国际(00848.HK)附属拟就不超3亿元贷款提供担保 大额借贷担保,格隆汇
2020-01-17,兴业证券与兴业基金签署全面战略合作协议,金融界
2020-01-17,周五机构一致看好的七大金股（01.17）,中金在线
2020-01-17,上市银行业绩快报接连报喜,中国经济时报
2020-01-16,北向资金今日净流入38.47亿元，中兴通讯、格力电器净买入均超4亿元,Wind
2020-01-16,六家银行披露“喜人”业绩快报 专家称2019年银行业经营超预期,中国网
2020-01-16,24款App违规被通报！6家银行被点名，涉嫌隐私不合规 金融监管处罚,资本邦
2020-01-16,兴业银行业绩快报：2019年净利658.68亿元，同比增长8.66%,国际金融报
2020-01-16,兴业银行2019年营收1813.19亿元 实现归母净利658.68亿元,中国网
2020-01-16,中金基金两混基去年涨不足5% 持股票资产少踏空行情,中国经济网
2020-01-16,六银行App遭点名拷问隐私边界 监管开出罕见数据治理罚单,21世纪经济报道
2020-01-15,银行冠华|兴业银行19年快报：慢就是快，稳就是好,大话金融
2020-01-15,公告精选:新文化与李佳琦战略合作;兴业银行2019年净利同比增8.66%,证券时报网
2020-01-15,15日晚公告精编丨一大波减持来袭，这家公司被股东清仓,21世纪经济报道
2020-01-15,兴业银行发布2019年度业绩快报：营收增长14.55% 净利润658.68亿元,上证报
2020-01-15,兴业银行资产规模站上七万亿新台阶,证券时报
2020-01-15,盘后7公司发业绩快报-更新中,中财网
2020-01-15,2019年兴业银行为福建民营经济注入近千亿元“活水”,证券日报
2020-01-15,兴业银行：2019年净利润同比增8.66%（快报）,Wind
2020-01-15,兴业银行(601166.SH)披露业绩快报 2019年净利升8.66%至658.68亿元,格隆汇
2020-01-15,兴业银行业绩快报：2019年净利润659亿元 同比增8.66%,e公司
2020-01-15,兴业银行预计2019年实现净利润658.7亿 同比增8.66%,新浪
2020-01-15,兴业银行业绩快报：2019年净利润658.68亿元 同比增长8.66%,e公司
2020-01-15,兴业银行：2019年净利润同比增长8.66%,Wind
2020-01-15,兴业、民生银行回应手机银行APP“涉嫌隐私不合规”,经济观察网
2020-01-15,修复用户隐私权限漏洞 兴业银行启动紧急核查并对App进行优化,上证报
2020-01-14,谨慎下载！兴业、民生等六款银行类APP涉嫌隐私不合规被监管通报 金融监管处罚,新浪
2020-01-14,哪些银行跻身本周微博影响力榜单？建设银行下降两位,新浪
2020-01-14,六家银行App被点名隐私不合规：某银行要求读取通讯录 产品问题,21世纪经济报道
2020-01-14,发力并购融资 兴业银行落地业务同比增长超4成,中新网
2020-01-14,流动性压力很大、资产质量降低 天安财险主体评级被下调至AA-,每日经济新闻
2020-01-14,民生、兴业等银行App涉隐私不合规遭点名，金融机构数据使用亟待规范 产品问题,第一财经
2020-01-13,河北银保监局：对兴业银行石家庄分行相关责任人赵洲作出行政处罚,Wind
2020-01-13,同业存单发行分化明显 华瑞银行恳请监管支持,时代周报
2020-01-11,21说案丨 全国首例！11亿票据大案一审宣判 单位民生银行三亚分行竟构成票据诈骗罪？ 欺诈造假,21世纪经济报道
2020-01-10,兴业银行MSCI-ESG评级晋升为A级,中国经济网
2020-01-10,3年缩水2300亿，评级被下调，天安财险怎么了？理财险兑付近尾声 投资评级恶化,券商中国
2020-01-09,融资客青睐18股，中闽能源买入占比高达43.10%,Wind
2020-01-08,首批上市银行股价稳定措施完成 机构看好全年板块估值提升,中金在线
2020-01-07,兴业银行“U+保理”探路产融结合新模式,证券时报网
2020-01-07,天风证券：经济企稳预期渐强，2020年看好银行股,Wind
2020-01-07,天合光能数据打架大客户可疑 研发占比低冲科创板补血 欺诈造假,中国经济网
2020-01-07,招行市值一度过万亿 北上资金功不可没,证券时报
2020-01-07,今年金融股解禁迎小高峰 银行股与券商股占比近八成 解禁,证券日报
2020-01-06,A股共发生86宗大宗交易成交16.76亿元（1月6日）,Wind
2020-01-06,招行市值首破万亿，接近兴业、平安、民生3家之和！旗下公司押中锂电王者，浮盈超110亿,券商中国
2020-01-06,2019债券承销榜出炉 兴业银行蝉联市场第一,中新网
2020-01-06,12家上市银行面临解禁优质银行股开演“春季行情” 解禁,财界网
2020-01-06,银行：防范利率风险，促高质量发展，维持“增持”评级,格隆汇
2020-01-04,映客(03700-HK)认购4000万元人民币金融产品,财华社
2020-01-04,央行新年送“红包”大金融如沐春风,金融投资报
2020-01-03,映客(03700.HK)1月3认购4000万元兴业银行新金融产品,格隆汇
2020-01-03,天风证券：经济企稳估值提升应超配银行股 首推兴业银行,证券时报网
2020-01-02,"兴业洛阳分行辟谣""员工ETC余额2千万""：同名不同人",新浪
2020-01-02,债券重大事件2020年1月2日星期四,Wind
2020-01-02,多维度完善商业银行践行绿色金融机制构想,和讯
2020-01-02,近2000亿！今年将迎16家银行解禁潮邮储银行解禁市值最大,Wind
2019-12-31,哪些银行跻身本周微博影响力榜单？招商银行跌出前十,新浪
2019-12-30,国银租赁(01606)拟出售一架波音777-300ER飞机,智通财经
2019-12-30,国银租赁(01606.HK)拟出售一架波音飞机,格隆汇
2019-12-28,零售银行2019年：十大关键事件，重塑互金格局,腾讯网
2019-12-27,再创新高！兴业银行全年债券承销规模突破5000亿元,上游新闻
2019-12-27,西水股份放弃竞拍“同门”*ST游久8套房产，为何出尔反尔,澎湃新闻
2019-12-26,东方证券：给予兴业银行股票“买入”评级,资本邦
2019-12-25,自身仍处窘境 西水股份欲接盘*ST游久房产,大众证券报
2019-12-25,老牌券商中山证券资管业务涉“案中案”堪比年度大戏 其他违规处罚,新浪
2019-12-25,机构称春季躁动行情低估值股为配置首选 多路资金涌入银行板块,中投网
2019-12-25,ETC之后 银行又争抢加油简付端口,中国网
2019-12-24,外资控股理财子公司破局 银行资管步入快车道,时代周报
2019-12-23,行业调整利润下滑 文灿股份能否凭借海外并购走出困境 盈利能力下降,投资者网
2019-12-23,深扒股份制银行财务报表：哪家最赚钱？哪家风险高？,搜狐
2019-12-20,银行板块早盘快速拉升 内外资大举加仓,中投网
2019-12-20,投贷联动三年考：一家银行如何拿下1/3科创板企业,新浪
2019-12-20,两融余额再次突破万亿元 科技与大金融成融资主要方向,中国经济网
2019-12-20,兴业银行：高韧性标的 扬帆之年,东方证券
2019-12-20,兴业银行和长城资产将在资金融通等领域开启战略合作,新浪
2019-12-20,兴银理财开启构建资管生态圈之路,中国金融新闻网
2019-12-20,资管行业好事成双！一家理财子公司开业，一家拿到筹建批复,证券时报
2019-12-20,外资与融资客11月份以来455亿元加仓银保股 中国平安与招商银行最受青睐,证券日报
2019-12-19,兴业银行理财子公司开业 提出构建资管生态圈概念,经济观察网
2019-12-19,第三家股份制银行理财子公司登场 兴银理财今日正式开业,证券日报
2019-12-19,第三家股份行理财子公司福州开业 兴银理财有何亮点,澎湃新闻
2019-12-19,兴业银行理财子公司开业：副行长孙雄鹏出任董事长、顾卫平担任总裁,21世纪经济报道
2019-12-19,外资与融资客12月均大笔买入14只个股：中国平安等6只金融股在列,证券日报
2019-12-18,破解“融资难”“资产荒” 兴业银行推出“兴财资”资产推介平台,中国金融新闻网
2019-12-17,再创新高！兴业银行全年债券承销规模突破5000亿元,金融界
2019-12-17,哪些银行跻身本周微博影响力榜单？浦发银行跌出前十,新浪
2019-12-17,假章假票假行长…一切都是假的！44亿诈骗案曝光 欺诈造假,券商中国
2019-12-17,科创金融服务的“兴业样本”：专营机制+全生命周期综合化服务,证券时报
2019-12-17,“最佳养老金融机构”花落兴业 系唯一获此殊荣银行,中新网
2019-12-17,民泰银行原支行长骗42亿自分7亿 支行贷款却大量逾期 违约失信,中国经济网
2019-12-16,民生银行董事会换届在即 昨日落寞能否重现辉煌？,金融界
2019-12-14,第九家银行理财子公司获批开业！兴银理财将依托母行优势，发力“固收+”及权益类产品,中证报
2019-12-14,第九家银行理财子公司获批开业！这家规模早超1.3万亿，一年来已展开多轮招聘,券商中国
2019-12-14,第三家股份行理财子公司获准开业！理财规模1.3万亿，净值型产品占比近40%！,中国基金报
2019-12-13,兴业银行(601166.SH)：兴银理财有限责任公司获准开业,格隆汇
2019-12-13,兴业理财子公司将在福州开业 将发力“固收+”及权益类,21世纪经济报道
2019-12-13,纾解小微融资痛点银行APP谋精细化发展,中国经营网
2019-12-13,这可能是福州唯一一家理财子公司：掌舵1.3万亿理财资金 兴银理财获准开业,上证报
2019-12-13,兴业银行再获中央财政非税收入收缴代理银行资格,中证网
2019-12-12,牵手中石化 兴业银行广分推出两款汽车金融产品,上证报
2019-12-12,“绿创贷”落地湖南 兴业银行加快推进清洁发展绿色融资新模式,金融界
2019-12-11,兴业银行携手中国保利集团构建战略联盟,和讯
2019-12-10,票据追索权纠纷，*ST西发收法院传票 诉讼纠纷,资本邦
2019-12-10,银行冠华|11月社融：企业融资持续回暖，M2增速有望改善,大话金融
2019-12-10,哪些银行跻身微博影响力榜单？招商银行跌出前十,新浪
2019-12-09,车市寒冬下：文灿股份拟20亿元收购法国百炼集团,新京报
2019-12-09,兴业奕祥资产走偏 满仓债券踏空股市还收1.2%管理费,中国经济网
2019-12-09,十年最大IPO明日上市重磅利好轮番上这是要逆天,中财网
2019-12-09,文灿股份向中国兴业银行申请并购贷款4亿元,和讯
2019-12-09,邮储推出增持计划银行股行情看好,财富动力网
2019-12-08,文灿股份拟2.5亿欧元收购百炼集团，向兴业银行申请不超4亿贷款,资本邦
2019-12-05,曾与招行比肩的民生银行：为何如今表现如此落魄？,港交所
2019-12-05,信用卡规模高增长 消费交易额股份行组队赶超国有行,投资时报
2019-12-04,兴业银行今日大宗交易成交120万股，成交价20.6元溢价8.94%,Wind
2019-12-03,兴业银行与中国保利集团签署全面战略合作协议,Wind
2019-12-03,兴业银行携手中国保利集团构建战略联盟,中证网
2019-12-03,A股共发生77宗大宗交易成交17.13亿元（12月3日）,Wind
2019-12-02,银行冠华 | 12月策略: 播种来年，重视邮储,大话金融
2019-11-28,兴业银行荣获2019“金责奖”年度可持续发展奖,新浪
2019-11-28,兴业银行荣获2019“金责奖”责任投资最佳银行奖,新浪
2019-11-27,【兴公益】公益123，“惠购”在兴业,兴业期货
2019-11-26,中银国际闯关发审委，昔日投行贵族借势突围,Wind
2019-11-26,银行分行一把手频落马 监管重申管住人、看住钱 董监高成员异常事件,时代周报
2019-11-22,中证金牛发布三季度净值型银行理财综合能力排名,新华网
2019-11-22,大金融板块早盘表现活跃 券商股2020年投资逻辑曝光！,中投网
2019-11-22,禧云国际与兴业银行签署全面战略合作协议,砍柴网
2019-11-22,融资客逆市加仓 银行股获青睐,中证报
2019-11-22,融资客逆市加仓，银行股获青睐,Wind
2019-11-21,数字兴业智绘美好,新华网
2019-11-21,融资客青睐14股，赣粤高速买入占比高达57.02%,Wind
2019-11-20,前十月绿债发行数量及规模超去年全年，北京市生活垃圾分类拟挂钩信用管理,东方金诚
2019-11-20,兴业银行携手河钢集团构建供应链金融新生态,和讯
2019-11-20,【异动股】银行板块集体走弱平安银行(000001-CN)跌近3%领跌,财华社
2019-11-20,银行股持续阴跌，平安银行跌3%,Wind
2019-11-19,银行机构微博影响力C位是谁？招商银行跌出榜单,新浪
2019-11-18,兴业银行财富管理能力“进阶”,金融时报
2019-11-17,沪港通五周年：A股风格渐变 外资成最重要增量资金,第一财经
2019-11-15,无法按期归还募集资金，威龙股份收监管函 违约失信,新京报
2019-11-15,【展商风采】兴业银行上海分行,和讯
2019-11-15,前十月绿债发行数量及规模超去年全年 北京市生活垃圾分类拟挂钩信用管理,金融界
2019-11-15,"深度!金融壹账通赴美上市,员工持股计划占比50%，三年亏损近30亿",和讯
2019-11-12,银行机构微博影响力C位是谁？浦发银行下滑三位,新浪
2019-11-12,股指期权成分解析,中粮期货工业品部
2019-11-12,北向资金今日小幅净流出0.11亿元，格力电器、贵州茅台遭净卖出逾2亿元,Wind
2019-11-11,报告|2019年10月福建省A股上市公司市值TOP100四成公司市值低于50亿,挖贝网
2019-11-11,北上资金10月以来500亿加仓A股，家电三巨头合计买入超百亿,Wind
2019-11-07,现金流告急抛售资产仍未解 天安财险无缘发行60亿资本补充债 运营能力下降,投资时报
2019-11-07,理财子公司重塑行业格局 权益类产品成发力重点,腾讯网
2019-11-07,天风证券：看好银行次龙头，首推兴业银行,证券时报网
2019-11-06,兴业银行理财子公司即将成立：权益类产品将是差异化竞争抓手,Wind
2019-11-06,兴业银行与小米集团合作扩容，达成八大领域战略协议,Wind
2019-11-06,4000亿MLF“意外”降息落定！,环球老虎财经
2019-11-06,沪指高开0.02% 科创板昊海生科开盘破发 连续下跌,中新经纬
2019-11-05,北上资金又双叒叕加仓！大利好来了，金融股力撑A股，保险板块创出11年新高,e公司
2019-11-05,湘电股份跌停 兴全基金华夏人寿持股泪奔,中国经济网
2019-11-05,上市银行前3季营收同比增长 环比苏州银行北京银行降,新浪
2019-11-04,犀牛财经晚报：名创优品明年在美国或香港上市 麦当劳解雇CEO,GPLP犀牛财经
2019-11-04,北向资金净流入近41亿元，格力电器再获净买入近3亿元,Wind
2019-11-04,银行板块快速走强,Wind
2019-11-04,九家股份行前三季盈利3481亿 华夏银行净利增速垫底,长江商报
2019-11-01,2019 中小银行发展高峰论坛 圆桌对话二,新浪
2019-11-01,争夺高净值人群 兴业银行前三季度私行客户数增长25%,证券时报网
2019-11-01,前9月33家上市银行新增信贷8.9万亿，新增最多居然不是宇宙行,21世纪经济报道
2019-10-31,兴业银行的三季报依旧优秀，再来一波独立行情？,格隆汇
2019-10-31,天安财险3个月内的综合流动比率下降174.28个百分点 60亿资本补充债计划“泡汤”,每日经济新闻
2019-10-30,牛散再现股东榜 计划25亿理财的传音控股账上趴81亿,新浪
2019-10-30,兴业银行：2019年前三季度主要财务指标,上交所
2019-10-29,银行冠华|兴业银行：业绩如期回升，后续更加精彩,大话金融
2019-10-29,兴业银行非标压降继续，各类投资较年初减少1653亿元,第一财经
2019-10-29,兴业银行公布三季报 前三季净利增加8.52%,新浪
2019-10-29,兴业银行前三季度营收与净利润分别同比增长19.18%、8.52%,中证网
2019-10-29,兴业银行：前三季度净利润同比增8.52%,Wind
2019-10-29,兴业银行前9月净利润增8.52%，不良率下降2bp至1.55%,21世纪经济报道
2019-10-29,兴业银行：前三季度实现净利549.1亿 同比增长8.52%,新浪
2019-10-29,山西西山煤电股份有限公司2019第三季度报告,证券时报
2019-10-28,A股共发生65宗大宗交易成交14.52亿元（10月28日）,Wind
2019-10-28,裸泳者聚力文化：溢价20倍收购埋雷 董事长疑似跑路 投资失误,斑马消费
2019-10-25,北向资金净流入逾15亿元，大金融遭外资抛售,Wind
2019-10-24,上市银行三季报料持续稳健向好 券商建议加配银行股,中证报
2019-10-23,【兴证固收.转债】秋日送暖，红包再来 ——浦发转债投资价值分析,兴证固收研究
2019-10-23,综合授信额度达100亿元！孚能科技兴业银行签署战略合作协议,中证报
2019-10-23,碧桂园·美好中国 ESG100 指数月度运行报告（10月）,新浪
2019-10-22,银保监会再开天价罚单 兴业银行沈阳分行被罚2250万元 金融监管处罚,GPLP犀牛财经
2019-10-22,银保监一天开出59张罚单！ 前三季度银保机构被罚7.7亿 金融监管处罚,21世纪经济报道
2019-10-21,兴业银行与孚能科技签署战略合作协议,证券时报
2019-10-21,北京信用卡涉房交易调查:密集调控 信用卡购房被叫停,中新经纬
2019-10-19,一天45张罚单！五地银保监局出重拳！中行、兴业领千万罚单 金融监管处罚,券商中国
2019-10-19,兴业银行因票据业务违规被罚2250万，4名责任人同时领罚 金融监管处罚,澎湃新闻
2019-10-18,辽宁银保监局：因违规办理票据业务，兴业银行沈阳分行被罚2250万元 其他违规处罚,Wind
2019-10-17,兴业银行：开放银行平台已对外提供9大类128个API接口,上证报
2019-10-16,犀牛财经晚报：杨惠妍蝉联女首富 花椒直播被列为被执行人,GPLP犀牛财经
2019-10-16,IPO日报 | 罗辑思维筹备科创板上市；亚盛医药启动招股，预期10月28日上市；灿辉新能源递交港股上市申请,格隆汇
2019-10-16,金融板块集体走强,Wind
2019-10-15,43只连涨股近3日吸金均超千万元 银行等三行业成“白马”牧场,证券日报
2019-10-15,高盛：维持招行(3968.HK)、平安银行(000001.SZ)等“买入”评级,格隆汇
2019-10-15,盘前有料丨央行定向降准今首次实施、液化天然气价格大涨…重要消息还有这些,证券时报网
2019-10-15,金融股再度集体爆发 34亿资金联手买入银行股,信息时报
2019-10-14,国泰君安：首选这些优秀中型银行股,第一财经
2019-10-12,信用卡买房之路被堵死：建行招行等放大招影响多大,新浪
2019-10-11,高盛：予平安(000001.SZ)、招行(3968.HK)等“买入”评级,格隆汇
2019-10-11,严控信贷资金违规输血房地产 兴业等多家银行被罚 金融监管处罚,新浪
2019-10-11,银行板块小幅拉升 关注年底估值切换行情,证券时报网
2019-10-10,因资金违规入楼市 兴业银行、浦发银行合计被罚890万 金融监管处罚,新浪
2019-10-09,兴业银行集团联动完成全市场首例大商所价差互换业务,大众证券报
2019-10-09,报告 | 2019年9月福建省A股上市公司市值TOP100,挖贝网
2019-10-09,【异动股】银行板块拉升，常熟银行(601128-CN)涨7.43%,财华社
2019-10-09,市场情绪趋于理性，后市有待基本面验证,格隆汇
2019-10-08,汇金科技(300561.SZ)收到兴业银行《中标通知书》,格隆汇
2019-10-08,百傲化学(603360.SH)：三鑫投资解质押及再质押400万股,格隆汇
2019-10-08,数据复盘｜主力资金净流出78亿元 科技股再遭主力抛弃,证券时报网
2019-10-08,多因素共振银行股集体走强，平安银行再创新高,第一财经
2019-10-07,银行冠华 | 10月策略: 重抓中间，首选兴业,大话金融
2019-10-02,兴业银行已累计为企业提供绿色金融融资近2万亿元,Wind
2019-09-30,政策利好加持，四季度的银行股值得投资吗？,格隆汇
2019-09-29,银行行业10月策略：估值低是支撑关注年底估值切换,财界网
2019-09-29,转让合同义务提前收回货款 龙净环保融资马不停蹄,新京报
2019-09-29,银行利润调节器的账面游戏不能再玩了,第一财经
2019-09-26,高盛：吁买入平安银行(000001.SZ)、招商银行(3968.HK)等,格隆汇
2019-09-26,[银行|10月策略]关注年底估值切换，首推兴业银行,志明看金融
2019-09-26,LPR贷款“358”目标如何落地 银行FTP盈亏平衡新挑战,21世纪经济报道
2019-09-24,"金融地产行业研究部三循环周报:一年期LPR继续下降,国务院印发《交通强国建设纲要》",申万宏源
2019-09-23,兴业证券与兴业银行深化战略合作座谈会在上海举行,金融投资报
2019-09-23,兴业银行成为《负责任银行原则》首批签署行,中新网
2019-09-22,这些银行大力拉存放贷 只为优化负债结构指标,红周刊
2019-09-20,兴业银行举办投行与资本市场业务银证合作峰会,中证网
2019-09-20,20股获券商买入评级 恒华科技目标涨幅达45.39%,Wind
2019-09-20,"兴业银行:营收强劲,资产质量扎实,对公投行化赛道上的引领者",申万宏源
2019-09-19,兴业银行(601166.SH)成功发行200亿元二级资本债券,格隆汇
2019-09-19,映客(03700.HK)：北京蜜莱坞认购3亿元银行新金融产品,格隆汇
2019-09-18,兴业数金上半年净亏超1.5亿元，两股东数据披露不一致 亏损,和讯
2019-09-17,兴业数字金服半年亏1.67亿 金融科技公司效果待考 亏损,时代周报
2019-09-11,银行理财转型阵痛：规模普遍下降 转型净值化速度加快,21世纪经济报道
2019-09-10,兴业数金中期业绩频亏背后：账期特点明显 中小银行客户居多 亏损,北京商报网
2019-09-10,银行“调表”时代： 如何压同业、控非标、放贷款,21世纪经济报道
2019-09-09,市场回暖“捡漏”机会浮现？263只破净股扎堆银行房地产,第一财经
2019-09-09,部分银行消费贷踩刹车 不良率集体逆势上升 资产异常,中投网
2019-09-09,助力“健康福建” 兴业银行“智慧医疗”让群众少跑路看好病,金融界
2019-09-08,高建平的兴业银行风云录：同业之王成往事，商行+投行待蝶变,澎湃新闻
2019-09-07,信用卡期中考：交行收缩，平安强势，工行佛系,虎嗅网
2019-09-06,同行不同“命”： 兴业银行遭“清仓式”减持 江苏银行获大股东护盘 ——8月份重要股东二级市场增减持解析 减持股份,红周刊
2019-09-05,两份报告透露天安财险生存现状 投资型理财产品压力何时了？,21世纪经济报道
2019-09-05,兴业银行首推绿色创新投资业务,中证网
2019-09-05,北向资金大幅净流入近92亿元，外资追捧大金融板块,Wind
2019-09-05,报告 | 2019年8月福建省A股上市公司市值TOP50,挖贝网
2019-09-05,天安财险的喜与忧 理财险兑付压力何时休？,21世纪经济报道
2019-09-05,兴业银行苏宁易购信用卡首发上市,新文化报
2019-09-04,天安财险连续4个季度亏损 亏损,经济导报
2019-09-04,“绿色”成信贷新标准 海南金融业交出“绿色成绩单”,南国都市报
2019-09-04,7家股份行上半年财报解读：揽储成本上升 理财收入下降 盈利能力下降,中新经纬
2019-09-04,不良率集体逆势上升，部分银行消费贷踩刹车 资产异常,第一财经
2019-09-04,144股获券商买入评级 当代明诚目标涨幅达156.04%,Wind
2019-09-04,人物丨掌舵20年兴业银行董事长高建平到龄辞任 行长陶以平负责全面工作 董监高成员变化,21世纪经济报道
2019-09-03,银行金融科技投入产出半年考：新兵斥巨资 “前辈”陷亏损 亏损,北京商报网
2019-09-03,不良率集体逆势上升，部分银行消费贷急踩刹车 资产异常,第一财经
2019-09-03,兴业银行：董事长高建平因任职年龄原因辞职 董监高成员变化,Wind
2019-09-03,年报深度观察丨信用卡变局：不良普升、增速放缓、 银行主动调整弱化导流,21世纪经济报道
2019-09-03,上市公司优势还是有的！2万多亿融资，平均成本不到4%,Wind
2019-09-03,上市银行私行业务竞逐白热化,证券日报
2019-09-02,天安财险危局：连续亏损四个季度 百亿理财险压顶 亏损,新浪
2019-09-02,上市银行普遍涨薪，平安招行上半年人均薪酬超31万,证券时报
2019-09-02,股份制银行不良率普降上半年净息差显著改善,国际金融报
2019-09-02,中小银行 差异化竞争格局初现,新浪
2019-09-02,兴业银行 结构持续优化 转型激发活力,新浪
2019-09-01,【申万宏源金融地产研究部】三循环周报：各板块中报业绩整体符合预期，有利于后续估值修复,大金融研究
2019-09-01,这个指标亮瞎眼，银行股为啥还不涨？,中证报
2019-08-31,零售转型时代股份行中报众生相：兴业资产规模增速“疲软” 浦发信用卡不良高企,经济观察网
2019-08-31,股份行集体迎春天？上半年不良率全降，5家净利增速超10%,澎湃新闻
2019-08-30,兴业银行:继续督促“14中城建PPN002”及“15中城建MTN001”发行人落实兑付方案 未按时兑付本息,Wind
2019-08-30,债券重大事件2019年8月30日星期五,Wind
2019-08-30,西水股份(600291.SH)上半年业绩盈转亏至15.44亿元 亏损,格隆汇
2019-08-30,上市公司8300亿闲钱买理财，1.5万亿债券融资，这17家有点不一样,Wind
2019-08-30,融资客青睐11股，海亮股份买入占比高达59.75%,Wind
2019-08-30,LPR对银行净息差构成多大挑战 上半年同比缘何不降反升？,21世纪经济报道
2019-08-29,爆了！这个板块又买5亿；神秘机构3亿操刀一股，比章建平赵老哥猛,和讯
2019-08-29,丁进离任兴业奕祥混合基金经理职务 由徐莹继续管理 基金经理离任,中国经济网
2019-08-29,月底将至 关注重要公司中报业绩——道达早评,每日经济新闻
2019-08-29,16股获买入评级 最新:科伦药业,中财网
2019-08-29,太证研究8月29日最新观点：【太前瞻·大消费电话会议第一期】/多公司半年报点评,太平洋证券研究
2019-08-29,不良下降发力零售 股份制银行“中考”成绩单看点多,中证报
2019-08-28,应对净息差收窄，众银行拓展非息收入,第一财经
2019-08-28,超级妖股出现，到底释放出什么信号？——道达投资手记,每日经济新闻
2019-08-28,净利润增长120%！这家银行2019上半年消金业务大爆发,网贷之家
2019-08-28,分析｜兴业银行二季度营收、净利增速均骤然放缓，发生了什么 盈利能力下降,澎湃新闻
2019-08-28,数据复盘｜主力资金青睐猪肉概念股 正邦科技被机构大幅减仓,证券时报网
2019-08-28,“同业之王”兴业银行换赛道了，非息收入占比首次超四成,第一财经日报
2019-08-28,兴业银行2019年上半年净利358.79亿非息净收入保持平稳增长,挖贝网
2019-08-28,拨备计提消耗利润增速 兴业银行上半年净利润增长6.6%,每日经济新闻
2019-08-28,详细解读兴业银行2019年中报：不良认定趋严，资产质量本身稳定【中泰银行·戴志锋/邓美君/贾靖】,传统借贷vs新型金融
2019-08-28,【申万宏源金融】兴业银行1H19业绩点评：大力夯实资产质量，核心盈利能力保持强劲,大金融研究
2019-08-28,11家持牌消费金融公司上半年净利润曝光,和讯
2019-08-28,兴业银行上半年净赚逾358亿增6.6%，不良率1.56%,澎湃新闻
2019-08-28,【东兴银行】兴业银行（601166）：大力计提与核销影响短期盈利，更应放眼长期 ——兴业银行2019年半年报点评,东兴研究圈
2019-08-28,兴业银行：上半年净利润同比增6.60%,Wind
2019-08-28,兴业银行上半年非利息净收入400.12亿 同比增长44%,国际金融报
2019-08-27,兴业银行：上半年净利润358.79亿元，同比增长6.6%,Wind
2019-08-27,兴业银行：上半年净利359亿元 同比增6.6%,e公司
2019-08-27,兴业银行(601166.SH)半年度净利润升6.6%至358.79亿元 不良贷款率1.56%,格隆汇
2019-08-27,2900点回来了！超百亿外资尾盘“脉冲式”扫货,Wind
2019-08-26,兴业银行年内债券承销规模破3000亿,证券时报
2019-08-26,申万宏源一周晨会纪要合集（2019/8/26-2019/8/30）,申万宏源研究
2019-08-23,上市险企前7月保费：8家增长 太平众安等4家增超10%,中国经济网
2019-08-22,吴瑞忠正式履新华澳信托董事长 此前公司因隐瞒实控人变更被罚 控制人变化,每日经济新闻
2019-08-22,深度丨票据违规“大检查”：萝卜章、内外勾结、冒名承兑，应有尽有 其他违规处罚,21世纪经济报道
2019-08-22,"银行业央行LPR改革点评:LPR改革靴子落地,基本面趋势无忧,银行分化格局深化",申万宏源
2019-08-21,评级机构密集上调中资银行评级,中保网
2019-08-21,【山证两融】融资融券周报(20190812-20190816) 2019年第32期,山西证券研究所
2019-08-21,忙碌72小时备战！LPR改革倒逼银行精细化经营,证券时报
2019-08-20,债券重大事件2019年8月20日星期二,Wind
2019-08-20,兴业银行成都分行荣获 2018年度金融扶贫工作先进单位,和讯
2019-08-20,兴业银行：合同修订和系统改造均已完成 支持在信贷投放中运用LPR定价,经济观察网
2019-08-20,兴业银行：预计本次LPR改革对兴业银行净利息收入影响有限,中证网
2019-08-20,兴业消费金融发债补血 期限错配风险难防,时代周报
2019-08-19,内引外联 兴业银行“多元金融”服务场景持续扩大,和讯
2019-08-18,财经日历丨“降息”来了，一图看懂LPR利率改革！对投资有何影响？,21世纪经济报道
2019-08-17,继招行之后 惠誉上调兴业银行评级,每日经济新闻
2019-08-17,【申万宏源金融】银行：LPR改革靴子落地，基本面趋势无忧，银行分化格局深化,大金融研究
2019-08-17,兴业消费金融净利润激增：不良率缓升、融资依赖同业借款,中国经营报
2019-08-16,惠誉上调兴业银行评级至BBB- 确认其他5家银行的评级,新浪
2019-08-16,上海证券市场大宗交易公开信息(2019-08-16),上交所
2019-08-16,天安财险花式筹钱“渡劫”,经济导报
2019-08-16,兴业银行武汉分行、兴业数金与武汉住房 公积金管理中心签订战略合作协议,长江商报
2019-08-15,为缓解流动性吃紧 天安财险出清兴业银行股权 资产异常,每日经济新闻
2019-08-15,"天安财险出清兴业银行""补窟窿""下半年仍需凑钱60亿?",新浪
2019-08-15,清仓兴业银行偿债 天安财险或尚有逾百亿理财险待兑付,中证报
2019-08-15,“汽车供应链”兴业银行南充分行助力民营企业高质量发展,金融投资报
2019-08-15,理财险兑付压力山大 天安财险忍痛出清兴业银行股份 资产异常,21世纪经济报道
2019-08-15,公告解读：金字火腿上半年营收下降42.54%,南方财经网
2019-08-14,8月14日有24家公司获重要股东增减持 紫天科技已被连续减持30次 减持股份,Wind
2019-08-14,北向资金净流入11.84亿元，平安银行再获净买入近4亿元,Wind
2019-08-14,年内净减持超1000亿，医药、科技板块成重点抛售对象,Wind
2019-08-14,百亿理财险兑付压力之下，天安财险出清兴业银行股票,澎湃新闻
2019-08-14,为确保理财险兑付 西水股份出清兴业银行股票 资产异常,21世纪经济报道
2019-08-14,兴业银行与蚂蚁金服战略合作升级,大众证券报
2019-08-14,西水股份子公司套现“救急” 天安财险不再持有兴业银行股票 减持股份,投资快报
2019-08-14,天安财险出清兴业银行股票今年至少套现135亿 减持股份,证券时报
2019-08-13,第三家！兴业消费金融首次发行20亿金融债,网贷之家
2019-08-13,近七成银行股破净，这么“便宜”的银行股要不要买？怎么挑？,澎湃新闻
2019-08-13,西水股份(600291.SH)子公司减持兴业银行4.98亿股及股权收益权回购完成 减持股份,格隆汇
2019-08-13,西水股份：子公司天安财险累计出售兴业银行股票4.98亿股,Wind
2019-08-13,天风证券：当前银行板块估值低，性价比凸显,Wind
2019-08-09,肥城市金源机械法定代表骗贷获刑 3家银行被骗1000万元 其他违规处罚,和讯
2019-08-08,北向资金净流入25.49亿元，平安银行获大举增持近8亿元,Wind
2019-08-07,兴业银行涨0.82%，创近1个月新高，报18.35元,腾讯网
2019-08-07,兴业银行郑州分行：优化开户、融资服务 帮小微活下来、发展好,和讯
2019-08-06,兴业银行与蚂蚁金服战略合作升级,中国经济网
2019-08-06,报告 | 2019年7月福建省A股上市公司市值TOP50,挖贝网
2019-08-06,【山证两融】融资融券周报(20190729-20190802) 2019年第30期,山西证券研究所
2019-08-01,兴业银行(601166.SH)：董事李卫民任职资格获银保监会核准,格隆汇
2019-08-01,企业银行开户“只跑一趟” 金融服务在升级,新华网
2019-07-31,银行系金融科技公司“赋能”样本： 拆解工银科技战略图谱,21世纪经济报道
2019-07-30,服务有深度 金融有温度——兴业银行宜宾分行助推普惠金融发展,和讯
2019-07-26,中报“掘机”：基金偏爱平安冷对国寿，南京银行被大幅减持 减持股份,21世纪经济报道
2019-07-26,钱粒科技与兴业银行杭州分行举行战略合作签约仪式,北国网
2019-07-26,银行业：发行优先股出新政 拓宽中小银行融资渠道,财富动力网
2019-07-26,A股早报2019年7月26日星期五,Wind
2019-07-26,银行行业投资策略报告:预计三季度板块仍将保持相对优势,万联证券
2019-07-25,控股股东质押比例超90%，西水股份的日子不太好过？ 股票质押异常,格隆汇
2019-07-24,基金托管江湖生变：工行“一哥”地位依旧，兴业急升市场老二,第一财经
2019-07-24,兴业银行上半年债券承销 超2400亿元,金融时报
2019-07-24,让“知产”变“资产” 兴业银行创新推出“知保通”破解科创企业融资难,金融投资报
2019-07-23,独家！“宝万之争”关键人物张长弓回归华兴银行任党委书记,和讯
2019-07-23,深创投旗下首只医疗基金正式运作，总规模超20亿元,投资界
2019-07-23,扶持小企业 “贷”动大未来,金融时报
2019-07-22,古鳌科技(300551.SZ)中标兴业银行人民币纸币点钞机等采购项目,格隆汇
2019-07-22,今年《财富》世界500强揭晓：中国企业数首超美国,财富中文网
2019-07-22,谁是13.4万亿公募基金最青睐的重仓股？二季度最新持股曝光,每日经济新闻
2019-07-22,主力动向:7月19日特大单净流入1.08亿元,证券时报网
2019-07-22,全国性银行风控能力位居前列 城市商业银行产品丰富性分化较大,金融时报
2019-07-22,兴业银行服务科创企业 突破2.5万户,金融时报
2019-07-22,中国平安蝉联基金头号重仓股 获1243只基金“抱团”加持,证券日报
2019-07-21,【专题】从基金持仓看银行股：2Q19持仓回升，攻守兼备,志明看金融
2019-07-19,公募基金二季报收官：股票仓位高达87%，基金经理“买买买”大揭秘,第一财经
2019-07-19,【申万宏源金融】银行业2019年中报前瞻：关注基本面持续改善，看好优秀中小银行,大金融研究
2019-07-19,上海银保监局整顿信用卡业务，建行、浦发等6家银行被罚,新京报
2019-07-18,兴业银行(601166)2019年第一期绿色金融债券实际发行200亿元，票息3.55%。,中国金融信息网
2019-07-18,兴业银行(601166.SH)成功发行200亿元绿色金融债券 票面利率3.55%,格隆汇
2019-07-18,中江信托举牌西水股份三年有后续 新主雪松拟减持退出持股5%以上行列 拟减持股份,财富动力网
2019-07-17,逾期危机加剧 信用卡还款规则生变,理财周刊
2019-07-17,上海银保监下发6张罚单 兴业银行、上海银行等领罚 金融监管处罚,财经网
2019-07-17,从净息差看哪家银行强？,财华社
2019-07-17,金融活水润山城 兴业银行助力政和县脱贫攻坚,和讯
2019-07-17,"举牌三年亏了500多万！西水股份股东雪松信托""割肉""清仓离场 亏损",中国基金报
2019-07-17,公募基金二季度投资动向浮出水面 26只个股持股市值均超10亿元,证券日报
2019-07-16,上海证券市场大宗交易公开信息(2019-07-16),上交所
2019-07-15,首创置业为广州增城项目公司借款3.57亿元提供担保 大额借贷担保,观点地产网
2019-07-15,兴业银行今日大宗交易成交26万股，成交价18.95元溢价3.61%,Wind
2019-07-15,首创置业(02868)向广州碧庆就银行贷款提供不超过3.57亿元的担保 大额借贷担保,智通财经
2019-07-15,首创置业(02868.HK)向广州碧庆提供不超3.57亿元担保 大额借贷担保,格隆汇
2019-07-15,兴业金融租赁董事曾晓阳任职资格获批,和讯
2019-07-15,科创金融生态圈持续扩大 兴业银行科创企业客户同比增长约四成,金融界
2019-07-12,助力云南建设“中国最美丽省份” 兴业银行计划5年提供绿色投融资1500亿,中国金融新闻网
2019-07-12,疑遭实名举报，兴业基金渠道销售部负责人洪伟离职 诉讼纠纷,澎湃新闻
2019-07-12,上市公司高股息比拼“宝宝”军团，63只“现金奶牛”名副其实,Wind
2019-07-12,一年内融资超70亿 兴业消金消费场景布局匮乏,华夏时报网
2019-07-12,60股获券商买入评级 正邦科技目标涨幅达92.86%,Wind
2019-07-11,年审会计师无法确认年报经营成果 ST印纪被交易所喊话回复问询函 问询,每日经济新闻
2019-07-11,上海证券市场大宗交易公开信息(2019-07-11),上交所
2019-07-11,兴业银行16日起发行200亿元绿色金融债,中证网
2019-07-11,金融活水润山城 兴业银行助力政和县脱贫攻坚,中国网
2019-07-11,中信建投”银行金融科技“系列五大深度专题,中信建投证券研究
2019-07-11,中信建投”银行金融科技“系列六大深度专题,中信建投证券研究
2019-07-11,中信建投“银行金融科技”系列七大深度专题,中信建投证券研究
2019-07-10,16公司获得增持评级-更新中,中财网
2019-07-10,官渡农合行罚单纷至沓来 交通银行、兴业银行违规仅被罚45万 金融监管处罚,和讯
2019-07-10,兴业银行统一授信管理信息化项目上线,中证网
2019-07-09,上海证券市场大宗交易公开信息(2019-07-09),上交所
2019-07-08,银行冠华|兴业银行：鲜为熟知的科技赋能先锋,大话金融
2019-07-08,上海证券市场大宗交易公开信息(2019-07-08),上交所
2019-07-08,服务对象已经数字化金融应进行全面数字化转型,中国经营报
2019-07-08,兴业银行荣膺“2019中经Fintech智能风控机构”奖,中国经营报
2019-07-08,市值排名变化折射优质白马股魅力,金融投资报
2019-07-07,上半年新发基金托管排名：“宇宙行”领跑，最大黑马竟是TA！,中国基金报
2019-07-06,赋能，金融新生态的开放与融合,中国经营报
2019-07-05,零售之王招行之忧：后有追兵无数,第一财经日报
2019-07-05,兴光闪耀，百炼成金——2019上海资本市场新机遇峰会,陆家嘴金融网
2019-07-05,大宗交易透露机构动向！突击卖股、溢价买入两相宜,Wind
2019-07-05,兴业金融租赁三名董事任职资格获批,和讯
2019-07-04,报告 | 2019年6月福建省A股上市公司市值TOP50,挖贝网
2019-07-03,7月3日上市公司晚间公告速递,新浪
2019-07-03,兴业银行：发行不超500亿元二级资本债券获央行批准,Wind
2019-07-03,兴业银行：发行不超500亿元二级资本债券获央行批准,e公司
2019-07-03,全球银行机构哪家强？中资银行连续第二年包揽前四名,国际金融报
2019-07-03,郭施亮:平安、茅台跻身总市值前五，近十年A股市值排名发生什么变化？,中财网
2019-07-02,A股共发生95宗大宗交易成交21.81亿元（7月2日）,Wind
2019-07-02,林晓金融观察：不良率持续上升 信用卡业务应该“回归本源” 资产异常,华夏时报
2019-07-01,问诊银行风险拨备率 资产负债率全部都在90%以上,中投网
2019-07-01,2019年全球银行1000强榜单发布 兴业银行跃居第23位,金融界
2019-06-30,兴业有估值优势 浦发相对高估,红周刊
2019-06-28,【中泰通信 | 专题】闻泰科技：安世方案落定，并购负债未来无虞,TMT吴友文
2019-06-25,兴业银行：与澳大利亚旅游局达成战略合作,证券时报网
2019-06-25,银行股早盘整体下挫，招商银行领跌一度跌幅超过5%,财界网
2019-06-25,银行股早盘全体下挫，招商银行领跌跌幅超过6%,澎湃新闻
2019-06-24,兴业银行引进出版国际可持续银行领域前沿专著,中新网
2019-06-24,兴业银行福建省贷款余额7500亿元,中保网
2019-06-24,兴业银行 获批筹建理财子公司,金融时报
2019-06-21,兴业银行行长陶以平：五大体系共振优化金融供给,中国金融新闻网
2019-06-19,兴业银行行长陶以平：五大体系共振优化金融供给,新浪
2019-06-18,北向资金继续“买买买”，A股抄底时机再现？,第一财经
2019-06-17,交银理财正式开业兴银理财获批筹建　银行理财业务转型正当时,上海金融报
2019-06-17,中国信用卡还有十年黄金期？,经济观察网
2019-06-17,多渠道火力全开，银行补充资本融资在加速推进！,Wind
2019-06-15,让绿色金融“种子”落地生根,金融时报
2019-06-15,北上资金结束8天净流入A股下挫 科创板速度引关注,21世纪经济报道
2019-06-14,重仓股股价再创历史新高，北上资金8天突袭扫货近270亿，活跃股整体跑赢大盘,证券时报网
2019-06-14,银行系金融科技公司添新丁:中行入局 子公司落户上海,新浪
2019-06-13,公告汇总：兰石重装五涨停提示风险,网易
2019-06-13,兴·福建 | 兴业证券践行财富管理造富于民之道，服务新时代新福建建设,兴业证券订阅号
2019-06-13,公告精选：斯尔邦拟作价110亿借壳丹化科技；天沃科技有意参股氢燃料电池企业,e公司
2019-06-13,兴业银行理财子公司获批筹建，为股份行中第三家,澎湃新闻
2019-06-13,兴业银行(601166.SH)获准筹建兴银理财有限责任公司,格隆汇
2019-06-13,兴业银行：兴银理财有限责任公司获准筹建,Wind
2019-06-13,兴业银行：兴银理财有限责任公司获准筹建,e公司
2019-06-13,破解供应链民营小微企业融资难题--兴业银行德阳分行升级民营小,和讯
2019-06-13,兴业银行鲁政委：科创板和注册制将鞭策中介机构提升定价水平,第一财经
2019-06-12,银行冠华|5月社融：符合预期，归于平淡,大话金融
2019-06-12,A股早报2019年6月12日星期三,Wind
2019-06-11,A股全线大涨，北上资金净流入达70亿元，连续6日都在默默抢筹,重庆商报
2019-06-11,【国泰君安国际】大数据系列｜互联互通·一张图,国泰君安证券香港
2019-06-11,北向资金连续五天净流入 继续大举扫货金融股,投资快报
2019-06-11,A股早报2019年6月11日星期二,Wind
2019-06-10,兴业银行(601166.SH)2018年度“兴业优1”每股派6元 “兴业优2”每股派5.4元,格隆汇
2019-06-10,兴业银行(601166.SH)拟每10股派6.9元 股权登记日为6月18日,格隆汇
2019-06-10,北上资金疯狂扫货，早盘净买入逾70亿元,Wind
2019-06-10,兴业银行与中国煤炭地质总局开展绿色金融战略合作,金融时报
2019-06-07,天安财险年内三度减持兴业银行,Wind
2019-06-07,从“买买买”到“卖卖卖” 天安财险年内三度减持兴业银行,21世纪经济报道
2019-06-06,北向资金今日逆势净流入超10亿元，大金融板块成为青睐对象,Wind
2019-06-06,报告 | 2019年5月福建省A股上市公司市值TOP50,挖贝网
2019-06-05,银行冠华|银行股：最慌时刻，最佳时机,大话金融
2019-06-05,A股早报2019年6月5日星期三,Wind
2019-06-05,在服务实体经济中促进可持续发展,金融时报
2019-06-04,156亿理财险待兑付 天安财险“卖股求生”,新浪
2019-06-04,北向资金今日净流入超10亿元，兴业银行获净买入2.18亿元,Wind
2019-06-04,易见股份大股东股份被冻结 股票跌停 股权冻结,金融投资报
2019-06-03,拟上会6家科创板企业解读,国都证券
2019-06-02,割爱银行股权救急？天安财险156亿理财险到期兑付施压，年内已多次减持兴业银行股权,券商中国
2019-05-31,2批6家科创板企业将上会，你想知道的全部在这里,Wind
2019-05-31,第二批科创板企业来了！3公司6月11日闯关！影子股行情能否重演?（附名单）,恒泰头派账户
2019-05-31,券商看好1011家A股公司 三行业61只潜力股成香饽饽,证券日报
2019-05-30,定了！科创板第二批上会企业包括睿创微纳、福光股份、华兴源创，影子股行情能否重演？,中证报
2019-05-30,科创板第二批上会名单揭晓 最全影子股名单看这里！,21世纪经济报道
2019-05-30,兴业银行一季度民营企业贷款同比增长23%,证券时报
2019-05-30,兴业银行一季度民营企业贷款同比增长22.94%,中新网
2019-05-30,兴业银行累计提供“绿色融资”1.8亿万元,兴业银行
2019-05-30,融资客青睐18股，东方集团买入占比高达47.87%,Wind
2019-05-29,零售、净息差、中间业务支撑招行最先爬出泥潭,和讯
2019-05-28,股份制银行凭什么“躺着赚钱”？ 利息收入仍占61%,新浪
2019-05-28,北上资金抄底55亿，5个交易日这些个股被大幅增持或减持,Wind
2019-05-28,北上资金半天杀入37亿元，5个交易日这些个股被大幅增持或减持,Wind
2019-05-28,2019中国金融创新论坛| 兴业银行投资银行部总经理陈伟,和讯
2019-05-28,兴业银行：2018年年度股东大会决议公告,上交所
2019-05-27,多只次新基金重仓股大曝光！逢低大举买入这些股（名单）,中国基金报
2019-05-27,天安财险一季度亏损13.4亿 年内尚需兑付154亿理财险 亏损,新浪
2019-05-24,安邦之后央行银保监会接管包商银行 释放了什么信号,新浪
2019-05-24,五大券商下周看好6板块34股,证券之星
2019-05-24,银行业中期投资策略:大行还是优质中小行?,正点财经
2019-05-24,决胜银行App：一场从渠道走向平台的革命,新浪
2019-05-23,苏宁控股就消费金融等领域与兴业银行签订战略协议,新华网
2019-05-23,直面未来3月兑付潮 天安财险或割爱兴业银行股权救急,投资时报
2019-05-23,天安财险连亏三个季度 卖优质资产补血投资收益断流,中国经济网
2019-05-22,西水股份遭上交所“五连问” 非寿险投资型业务“包袱”何时了？ 问询,21世纪经济报道
2019-05-21,*ST印纪：无应披而未披重大信息 拟向兴业银行申请贷款展期 违约失信,发布易
2019-05-21,天安财险现金流错配 拟出售资产补血 资产异常,新京报
2019-05-20,从2400亿到500多亿 天安财险理财险拆雷进入最后时刻,新浪
2019-05-20,天安财险陷500亿兑付危机欲变卖资产 推高利率理财产品自食其果 资产异常,华夏时报
2019-05-20,天安财险四个月筹资400亿兑付理财险，还有154亿待兑付,澎湃新闻
2019-05-20,8443.7万！外汇局2019年首批公开罚单来了，虚假贸易成打击重点,21世纪经济报道
2019-05-20,流动性吃紧 天安财险欲变卖资产,北京商报网
2019-05-17,兴业银行与中国太平签订合作协议 将共享境外资源,新浪
2019-05-17,兴业银行携手中国太平保险集团服务对外开放,新浪
2019-05-17,天安财险兑付难题引担忧腾挪筹钱能否化解燃眉之急?,新浪
2019-05-16,福布斯发布2019全球上市公司2000强 兴业银行升至第55位,中新网
2019-05-16,兴业银行出台 《关于金融服务乡村振兴的实施意见》,金融时报
2019-05-16,理财型保险处净兑付期 天安财险引交易所问询,中证报
2019-05-15,履约险再度“踩雷” 天安财险一季度巨亏逾13亿 重大损失,华夏时报
2019-05-15,兴业银行：力争对深度贫困地区贷款增速高于全行平均，涉农贷款余额高于上年,21世纪经济报道
2019-05-15,去年净利润增长145%背后 兴业消费金融贷款利率触36%红线,网贷之家
2019-05-14,一年需兑付逾500亿+承保亏损9.8亿 上交所就西水股份子公司天安财险诸多事宜发问询函 亏损,每日经济新闻
2019-05-14,银行行业 2019 一季报点评 :结构政策正发力，中小银行渐崛起,国联研究
2019-05-14,一季度上市银行业绩“都挺好” 营收增幅接近翻倍,中投网
2019-05-14,财经早报:MSCI纳A权重翻倍 美股暴跌道指重挫617点 连续下跌,新浪
2019-05-14,百亿理财险到期怎么兑付？这家险企再惹关注！五大险种承保亏损近10亿 亏损,券商中国
2019-05-13,干货丨RMBS产品次级档如何处理？,CNABS
2019-05-13,兴业银行：发行不超500亿二级资本债获银保监会批复,e公司
2019-05-13,兴业银行：银保监会同意公司发行不超过500亿元二级资本债券,Wind
2019-05-13,87亿回购协议临期天安财险41亿资金缺口如何补,中国经营报
2019-05-11,总资产同比缩水50% 五大主营险种亏损加大,中国经营报
2019-05-11,运用盈利性指标筛选股份制银行潜力股,红周刊
2019-05-10,银行角度看4月社融数：高波动的原因，未来社融会平稳【中泰银行·戴志锋】,传统借贷vs新型金融
2019-05-09,明星经理光环不再 千亿规模兴业基金权益产品不足2%,投资时报
2019-05-09,75股获券商买入评级 建发股份目标涨幅达95.92%,Wind
2019-05-08,大跌之后，性价比超高的基金！,小波思基
2019-05-08,多家大行被调低评级 券商“偏爱”中小行 投资评级恶化,每日经济新闻
2019-05-08,天安财险被列入负面信用观察名单1季度净利大幅下 投资评级恶化,澎湃新闻
2019-05-07,天安财险被列入负面信用观察名单，一季度净利跌至-10亿元 盈利能力下降,澎湃新闻
2019-05-07,这个行业强势捞金，企业一年净赚2977亿,和讯
2019-05-07,兴业银行加入“一带一路”绿色发展国际联盟,和讯
2019-05-06,西水股份投资收益腰斩骤减79.5亿净利降八成 核心子公司天安财险连续4年亏损,长江商报
2019-05-05,深度！银行一季报的高速增长源于哪里？【中泰银行·戴志锋】,传统借贷vs新型金融
2019-05-05,【申万宏源金融】银行业2019年一季报综述,大金融研究
2019-05-05,银行冠华|5月策略：新增推荐国有行,大话金融
2019-05-05,兴业银行1Q19：受益于市场利率低位，业绩反转,志明看金融
2019-05-05,兴业银行去年净利606.2亿元 同比增长6% 董事长高建平薪酬为105万元,挖贝网
2019-05-05,非息收入保持高速增长 兴业商行+投行模式显效,华夏时报
2019-05-05,"兴业银行:业绩重回两位数增长,真实确认不良赋予充足安全边际,维持银行首推组合",申万宏源
2019-05-03,险资重仓股曝光：5成配置银行股 增持高科技和医药股,新浪
2019-05-03,一季度上市银行业绩有多好？33家里就有19家增速超20%,券商中国
2019-05-01,30岁兴业银行成绩单:净利重回两位数 行长亲自抓科技,新浪
2019-05-01,银行一季度业绩“都挺好” 营收狂飙利润“不给力”为哪般？,21世纪经济报道
2019-04-30,一季度营收大增逾34%、净利增逾11%，兴业银行发生了啥,澎湃新闻
2019-04-30,"申万宏源：将兴业银行评级调高为""买入""",Wind
2019-04-30,兴业银行同业资产规模压缩 2018年营收增长13.08%,每日经济新闻
2019-04-30,兴业银行高管：重构资产负债表“不缩表”！两年压缩同业非标9000亿,Wind
2019-04-30,独家｜兴业银行高管：重构资产负债表“不缩表”！两年压缩同业非标9000亿,21世纪经济报道
2019-04-30,兴业银行2018年暨2019年1季报详细解读：机制灵活、管理优秀，近期重点推荐【中泰银行·戴志锋】,传统借贷vs新型金融
2019-04-30,金融：优质零售行和低估值国有大行受青睐 荐3股,和讯
2019-04-30,兴业银行：做大做强金融云，开放银行API成银行与场景连接器,和讯
2019-04-30,银行冠华 | 中报综述：利润增速提升，不良整体改善,大话金融
2019-04-30,兴业银行2018年实现净利润超606亿元,中国金融新闻网
2019-04-30,银行冠华|兴业银行：营收超预期，改善可持续,大话金融
2019-04-29,兴业银行净利增速继续回落 总资产又被招行超了,第一财经
2019-04-29,兴业银行2018年净利润增速降至5.98% 拟发行不超300亿元永续债 盈利能力下降,北京商报网
2019-04-29,公告精选：权重股一季报密集公布；中国平安一季度净利增77%,e公司
2019-04-29,兴业银行(601166.SH)一季度净利润升11.35%至196.58亿元 拨备覆盖率206.34%,格隆汇
2019-04-29,兴业消费金融去年净利润5.12亿同比翻倍 跻身行业前五,证券时报网
2019-04-29,兴业银行(601166.SH)2018年净利增5.98%至606.2亿元 拟10股派6.9元,格隆汇
2019-04-29,兴业银行：一季度净利润同比增11.35%,Wind
2019-04-29,兴业银行：2018年净利润同比增5.98%,Wind
2019-04-29,兴业银行：一季度净利197亿元 同比增11%,e公司
2019-04-29,兴业银行：2018年净盈利606.2亿元同比增长5.98% 拟10派6.9元,金融界
2019-04-29,兴业银行：2018年拟10派6.9元，一季度净利增11%,Wind
2019-04-29,天安财险的回购融资悬了,经济导报
2019-04-29,兴业银行发布首只民企信用债指数,中保网
2019-04-29,从基金持仓看银行股：板块吸引力逐渐加强,志明看金融
2019-04-28,金融：宏观经济企稳预期提升 荐3股,和讯
2019-04-28,金融：预计二季度板块获净增持,和讯
2019-04-28,桐城市国有资产投资运营有限公司被列入失信被执行人名单（案号：(2018)皖0803执恢341号）) 失信被执行人,Wind
2019-04-27,88.7亿回购款已筹46亿，天安财险一项回购履约存变数，正与对手方华夏人寿沟通,券商中国
2019-04-26,金融：银行1季报增速超预期 荐5股,中泰证券
2019-04-25,山东钢铁：为控股子公司申请综合授信提供5亿元担保 大额借贷担保,Wind
2019-04-25,金融：公募持仓环比下降 板块配置价值提升,和讯
2019-04-25,A股的价值洼地在哪里？,中财网
2019-04-24,信用卡业务不良额陡增4成！浦发银行还能“发”吗？,中新经纬
2019-04-23,兴业银行发布首只民企信用债指数,中证网
2019-04-23,金融：银行股的基金一季报持仓分析占比环比下降0.9% 荐4股,中泰证券
2019-04-23,【北上资金跟踪周报】陆股通再度净卖出，银行股被集体青睐,联讯金融
2019-04-22,报价偏低！8家券商“栽”了，调查！,中国基金报
2019-04-22,【太平洋策略】估值对比：20190419 VS. 20180129,周雨策略观察
2019-04-22,兵临3300点，北上资金调仓蓄势,中证报
2019-04-21,北上资金动向：上周净流出8.2亿元，净买入12股，大举抛售五粮液,腾讯网
2019-04-19,兴业银行今日大宗交易成交500万股，成交价19.79元折价2.51%,Wind资讯
2019-04-19,A股早报2019年4月19日星期五,Wind
2019-04-18,分析｜目前还大面积破净的银行股，后续有无超越大盘的行情？,澎湃新闻
2019-04-18,A股共发生30宗大宗交易成交9.21亿元（4月18日）,Wind
2019-04-18,金融：基本面稳健 荐4股,和讯
2019-04-18,中原证券：沪指低开走高 金融通信获机构增持,和讯
2019-04-18,破净股减少至75只 部分存“补涨”动能,投资快报
2019-04-18,"银行:大象起舞,银行股投资逻辑由防御转向进攻",安信证券
2019-04-17,兴业银行股份有限公司非公开发行境内优先股发行情况报告书,证券时报
2019-04-17,二季度终端利率下行或放缓 银行板块相对收益可期（附股）,证券时报网
2019-04-16,公告汇总：视觉中国连续三日跌停 公司彻底整改,网易
2019-04-16,兴业银行：拟发行3亿股优先股募资300亿元，中烟认购80亿元,Wind
2019-04-16,兴业银行：拟非公开发行3亿股优先股 募集不超过300亿元,证券时报网
2019-04-16,兴业银行：中国烟草下属公司将认购80亿元优先股,新浪
2019-04-15,金融：重视银行在内外因共同驱动下的估值修复趋势 荐10股,和讯
2019-04-12,上市银行风险加权资产收益率分化招商银行一骑绝尘,红周刊
2019-04-09,安信证券：上调兴业银行评级至买入,Wind
2019-04-09,曲靖市商业银行千亿票据案：支行长私刻3枚公章 异地开同业账户牟利2000万,和讯
2019-04-09,掉队者交通银行：近3年业绩增速年年不敌招行兴业,中国经济网
2019-04-09,"安信证券：将兴业银行评级调高为""买入""",Wind
2019-04-09,上调评级至买入策略选股（4月9日）,Wind
2019-04-09,56股获券商买入评级 高新兴目标涨幅达49.85%,Wind
2019-04-09,【银行-张宇】兴业银行深度：出清之年，拐点之年，启航之年,安信证券研究
2019-04-08,又现票据案：自贡银行起诉民泰银行,中国经营报
2019-04-08,银行柜台开售地方债 频现“一日抢空”,国际金融报
2019-04-07,【申万宏源金融】银行业2019年一季报前瞻,大金融研究
2019-04-04,九大股份行2018年业绩PK：5家营收增速超过10% 浦发银行不良率最高,每日经济新闻
2019-04-04,银行年报总结及推荐: 基本面稳健 预期会改善,新浪
2019-04-04,报告| 2019年3月福建省A股上市公司市值排行榜,挖贝网
2019-04-03,数据王：北上资金第一季度数据盘点,巨丰财经
2019-04-02,戴志锋：银行股对增量资金的吸引力,新浪
2019-04-02,2019年3月外资持仓变动跟踪：北上资金转入为出，加消费减银行（国信证券）,追寻价值之路
2019-04-01,东方园林一季度亏损超2亿 或因融资成本上升 亏损,新京报
2019-04-01,前十大私人银行变阵：招行和四大行私行规模增速放缓,新浪
2019-04-01,【行业动态】银行 1903丨监管发力疏通信用传导，关注低估值个股投资机会,中国银河证券研究
2019-04-01,5亿票据纠纷案细节:两银行员工收150万帮企业融资5亿,每经网
2019-04-01,基金年报重仓股探营：“迷恋”金融和大消费 708只基金重仓中国平安,证券日报
2019-03-30,科创板受理企业透析｜赛诺医疗：主打冠脉支架，3家券商参股,澎湃新闻
2019-03-30,国有六大银行2018年实现净利逾万亿元，2019年信贷将聚焦实体经济重点领域,中证报
2019-03-29,旧爱新宠齐上阵 基金比拼重仓股,金融投资报
2019-03-28,再添两家！福光股份和鸿泉物联网登科创板受理企业名单，这些影子股藏在背后,中证报
2019-03-28,附表 近一个月北向资金活跃个股成交情况,第一财经
2019-03-27,首批基金年报出炉 这三大行业获基金大幅加码,天天基金网
2019-03-27,【国金研究】保险资金专题：险资如何配置A股及其相关特征,国金证券研究所
2019-03-27,首批基金年报揭示投资新动向 加码三行业,证券日报
2019-03-25,兴业银行海南FT账户即将上线,上海金融报
2019-03-25,年内新发基金募资1340亿元 五大行托管优势地位下滑,证券日报
2019-03-23,真能做到“王者归来”？招行亮2018业绩 营收净利两位数增长、5年来首次！,券商中国
2019-03-19,2018上市股份行成绩单：业绩整体回暖 行业分化加剧,中国网
2019-03-19,【行业动态】非银行金融武平平 监管发力疏通信用传导，关注低估值个股投资机会,中国银河证券研究
2019-03-18,七大股份制银行业绩比拼：浦发不良率最高，招行净利805亿超阿里,搜狐
2019-03-16,逾20家上市银行业绩快报：8家不良率上升,中国经营报
2019-03-15,金融：复盘银行板块行情 荐4股,和讯
2019-03-14,兴业银行武汉分行因贷款三查不尽职被罚130万 刘宏遭警告,和讯
2019-03-14,兴业银行回应拟发行2000亿金融债券：把握好的负债时机 改善负债结构,e公司
2019-03-13,报告| 2019年2月福建省A股上市公司市值TOP50,挖贝网
2019-03-12,兴业银行被点名！银保监会：代销保险存多处违规问题银行业保险业需自查自纠 金融监管处罚,财联社
2019-03-12,“六宗罪”！兴业银行被中国银保监会点名通报 其他违规处罚,资本邦
2019-03-12,[互动]兴业银行：常年保持与国际投研机构动态联系,全景网
2019-03-07,30家A股上市银行2018年业绩报告披露时间一览,金融界
2019-03-05,52股猪年以来创历史新高 电子元器件等三行业公司最多,投资快报
2019-03-04,沪港通十大成交活跃股排名（3月4日）,Wind
2019-03-04,A股早报2019年3月4日星期一,Wind
2019-03-04,金融权重发力兵临3000点 后市机构纠结什么,第一财经日报
2019-03-02,A股进入年报披露季 16家公司去年净利逾百亿,证券时报
2019-03-02,大宗交易成交放量 中国建筑一骑绝尘,红周刊
2019-03-01,沪港通十大成交活跃股排名（3月1日）,Wind
2019-03-01,03月01日 46只股票封板 保险板块涨幅最大,每日经济新闻
2019-03-01,2月北上资金净流入再超600亿元 外资最爱的是这10只股,中财网
2019-02-28,筛选银行的黄金法则：内生性增长,新浪
2019-02-28,沪港通十大成交活跃股排名（2月28日）,Wind
2019-02-27,沪港通十大成交活跃股排名（2月27日）,Wind
2019-02-27,银行资本补充压力不减 兴业银行拟发2000亿金融债,第一财经
2019-02-27,兴业银行：将敦促山东山水多渠道筹集偿债资金,Wind
2019-02-26,兴业银行：董事会同意2021年6月底前发行不超2000亿元金融债,Wind
2019-02-26,上市银行“轻”装上阵谋转型,经济日报
2019-02-25,兴业银行今日大宗交易成交12000万股，成交价17.69元折价0.0%,Wind资讯
2019-02-25,周成交额刷新纪录 北上资金加仓意愿高涨,中证报
2019-02-23,节后北上资金净流入较去年增长5倍以上 6只个股获15家及以上机构推荐,证券日报
2019-02-23,筛选银行的黄金法则—内生性增长,红周刊
2019-02-22,A股早报2019年2月22日星期五,Wind
2019-02-22,石家庄科林电气股份有限公司关于使用临时闲置自有资金购买理财产品的进展公告,证券日报
2019-02-21,A股共发生44宗大宗交易成交31.81亿元（2月21日）,Wind
2019-02-20,融资客加速入场 春风吹大象起舞,国盛证券
2019-02-20,报告| 2019年1月福建省上市公司市值TOP50,挖贝网
2019-02-20,冲高遇阻或是“牛歇脚” 各路资金布局金融股势头正酣,证券日报
2019-02-19,A股早报2019年2月19日星期二,Wind
2019-02-19,【浙商||银行】当我们谈论存款降息时,大话金融
2019-02-19,融资客卷土重来：单周融资买入创15个月新高,每日经济新闻
2019-02-19,20份上市银行业绩快报陆续抵达，五大行仍“雪藏”盈利数据,证券日报
2019-02-19,20份上市银行业绩快报陆续抵达 五大行仍“雪藏”盈利数据,证券日报
2019-02-18,连续三次收缩！东方园林2.7亿收购九洲环保又退出,新京报
2019-02-16,180份年报业绩快报盘点 机构集中推荐13只个股,证券日报
2019-02-14,回不去的十年：银行同业业务十年变迁,新浪
2019-02-14,年内逾900亿北上资金大举涌入 外资青睐股有三大特征,证券日报
2019-02-12,东方园林5亿债券违约？曾遭合作方申请冻结银行存款 未按时兑付本息,新京报
2019-02-11,报告 | 2018年福建省上市公司市值TOP50,挖贝网
2019-02-11,近250家公司去年净利有望超10亿 堪称A股“中流砥柱”,证券时报
2019-02-03,华夏银行内鬼曝光：服务器植入病毒 账户余额还不变,新浪
2019-02-03,银行板块复苏有望逐步震荡上行 六股投资正当时,证券日报
2019-02-02,银行板块有望逐步震荡上行 逾45亿资金涌入9只个股,证券日报
2019-02-01,A股10亿净利俱乐部都有谁？除了银行股，还有这些优秀民企,e公司
2019-01-31,【基金持仓】19Q4涨幅低业绩好的银行受青睐,志明看金融
2019-01-30,【华泰金融沈娟团队】Q4银行持仓微降，仓位反弹可期—评偏股基金2018Q4银行股持仓【证券研究报告】,华泰金融研究全新平台
2019-01-30,营收与净利双升 银行股成近期护盘主力,证券时报
2019-01-28,助力春季行情，北上资金节前忙“扫货”,中证报
2019-01-28,北上资金连续三日加仓低估值权重股,证券日报
2019-01-25,光大策略 |第四阶段的九大个股 ——基于”政策经济周期“框架的分析,超悦策略
2019-01-25,"银行行业专题报告:板块持仓保持稳定,增配业绩向好个股",万联证券
2019-01-24,招商银行总资产反超兴业银行 为12家已公布业绩的A股上市银行榜首,每日经济新闻
2019-01-24,后资管新规时期：兴业银行借私行业务抢筹零售谋转型,第一财经
2019-01-24,银行资产质量持续改善 今年利润增速料略放缓,中证报
2019-01-23,理财转型重点布局哪些产品？,固收彬法
2019-01-22,十家A股上市银行披露2018业绩快报 半数净利润增速高于2017年同期,每日经济新闻
2019-01-22,"兴业银行业绩快报点评:收入端依旧较快增长,资产质量改善",正点财经
2019-01-22,9家银行披露业绩快报：上海银行业绩增速居前,中投网
2019-01-22,9家A股上市银行业绩揭晓 中信等5家净利润增速回升,北京商报
2019-01-22,兴业银行北京分行助力民营上市公司稳定发展,金融界
2019-01-22,7家银行“剧透”去年业绩：整体盈利稳步上扬,证券日报
2019-01-21,兴业银行2018年净利润605.93亿 不良贷款比率1.57%,新浪
2019-01-21,"兴业银行:营业收入增幅持续扩大,不良率同比环比均下降",正点财经
2019-01-21,"兴业银行:营收明显改善,净利增速或是主动压低",正点财经
2019-01-21,"太平洋证券：将兴业银行评级调低为""增持""",Wind
2019-01-19,兴业银行发布2018年：实现营收1582.58亿元,中投网
2019-01-19,大成惠明定期开放纯债债券证券投资基金2018第四季度报告,证券时报
2019-01-19,【兴业银行业绩快报点评】盈利增速微升，资产质量保持优异,志明看金融
2019-01-18,下周最具爆发力六大牛股(1.18),中金在线
2019-01-18,兴业银行2018实现净利润605.93亿元 同比增长5.07%,中国网
2019-01-18,兴业银行：公司盈利稳定 不良率改善幅度较大,中泰证券
2019-01-18,兴业银行去年净利增近6%,证券时报
2019-01-18,"兴业银行:营收加速改善,拨备基础持续夯实",申万宏源
2019-01-17,兴业银行2018年实现营收1583亿元 较上年同期增长13%,挖贝网
2019-01-17,兴业银行发布2018年业绩快报,新华网
2019-01-17,控股股东质押风险解除 回天新材引入国资股东添悬念,e公司
2019-01-17,公告精选：隆基股份去年净利预减逾两成 新元科技新产品研发获重要进展 盈利能力下降,e公司
2019-01-17,兴业银行发布业绩快报，2018年净利同比增长近6%,证券时报
2019-01-17,兴业银行：2018年净利增5.93% 不良贷款比率1.57%,腾讯网
2019-01-17,兴业银行2018年净利润605.9亿元 同比增长5.93％,金融界
2019-01-17,兴业银行：2018年度净利605.93亿元同比增5.93%，营收增13%,Wind
2019-01-17,兴业银行业绩快报：2018年度净利润605.93亿元 同比增长5.93%,e公司
2019-01-17,兴业银行襄阳分行被罚35万：信贷资金被挪用 其他违规处罚,新浪
2019-01-16,金融：社融增速有望短期内筑底回升 荐4股,和讯
2019-01-16,兴业银行：将密切跟进大连机床破产重整后续进展,Wind
2019-01-16,【异动股】银行板块拉升，N青银(002948-CN)涨停,财华社
2019-01-16,兴业银行助小银行提升服务能力 搭建“银银平台”推动银银合作,经济日报
2019-01-15,抢转让理财产品 “捡漏”高收益靠谱？,新京报
2019-01-10,银行理财转让成香饽饽 未来将有更多银行入局,北京商报
2019-01-09,兴业银行陶以平呼吁降低绿色融资风险权重引导更多资金投向可持续发展领域,中证网
2019-01-08,120余家银行公布2019年计划，股份制商业银行同业存单未见明显收缩,Wind
2019-01-08,顺势金融科技 响应理财新规 银行各类子公司密集筹建,证券日报
2019-01-08,120余家银行公布2019年计划 股份制商业银行同业存单 未见明显收缩,证券日报
2019-01-02,兴业银行债券承销规模和只数双双跃居市场第一,证券时报网
2019-01-02,7家商业银行2702亿再融资方案获批,新浪
2019-01-02,【天风|银行】1月策略：经济企稳，估值提升-超配银行股【天风|银行】,志明看金融
2019-01-01,这家公司债台高筑！两天谈妥的“白衣骑士”肠子都悔青了，大股东几近爆仓！,和讯
2018-12-29,上市银行资本补充方案密集获批 商业银行资本管理办法过渡期即将结束,每日经济新闻
2018-12-29,银行“断直连”公告频出，移动支付迎来新格局,零壹财经
2018-12-28,特别策划 | 打造汽车金融科技特色银行,财经杂志
2018-12-26,永续债成资本“解压”新工具已有银行布局发行,中国经营网
2018-12-26,泛海控股：为控股子公司8.10亿元债务偿付提供担保,中国网
2018-12-25,融资客青睐37股，长虹华意买入占比高达70.09%,Wind
2018-12-25,市场化债转股添生力军 兴业银行拟设立子公司,证券日报
2018-12-24,零壹新金融日报：京东金融上线网贷产品；黑龙江正式加入国家融资担保体系,零壹财经
2018-12-24,国元证券股份有限公司关于合肥丰乐种业股份有限公司发行股份及支付现金购买 资产并募集配套资金之2020年度持续 督导意见暨总结报告,证券日报
2018-12-24,兴业银行出资百亿成立债转股子公司,证券时报
2018-12-21,公告精选：电广传媒终止向关联方卖名画；爱婴室股东离婚，3.9%公司股份被分割；宝塔实业实控人因涉嫌票据诈骗罪被逮捕 欺诈造假,每日经济新闻
2018-12-21,兴业银行拟设兴银投资 债转股申设机构有望扩容,中证网
2018-12-21,首家股份行债转股子公司来了！兴业银行出资100亿设兴银投资,21世纪经济报道
2018-12-21,兴业银行：拟100亿设立兴银投资 从事债转股业务,e公司
2018-12-21,兴业银行：拟出资100亿元设立子公司开展银行债转股业务,Wind
2018-12-21,年末上市银行“求钱若渴”定增、优先股、可转债齐上阵,Wind
2018-12-19,银行股再融资方案年底密集获批,大众证券报
2018-12-19,"兴业银行:息差持续回升,业绩弹性提升明显",中证网
2018-12-17,公告精选：多家银行再融资申请获通过；金陵体育实控人提议高送转,e公司
2018-12-17,法院正式裁定：金立破产了！董事长刘立荣承认：赌博输掉了十几亿 减资破产,21世纪经济报道
2018-12-17,17日晚公告精选丨兴业银行、华夏银行非公开发行获批,21世纪经济报道
2018-12-17,兴业银行：非公开发行优先股申请获审核通过,e公司
2018-12-17,上市银行再融资公告频现,广州日报
2018-12-17,A股低位震荡不改“聪明资金”流向 24股上演建仓大戏,证券日报
2018-12-13,兴业银行今日大宗交易成交38.56万股，成交价15.93元折价0.0%,Wind资讯
2018-12-12,银行年内再融资逾8000亿 部分银行披露1年半未获放行,第一财经
2018-12-12,华夏基金MSCIA股国际通ETF年内亏损20%，利好难敌高位接盘,和讯
2018-12-12,兴业银行分别与中国银行和中国电信集团签署合作协议,新浪
2018-12-11,兴业银行与中国电信签订全面战略合作协议,中证网
2018-12-11,16家全国性银行营收增幅分化明显 资产质量有所改善,投资时报
2018-12-11,民企融资添活水 兴业银行首笔民营企业债券融资支持工具落地,新华网
2018-12-07,兴业银行首单离岸人民币点心债落地,证券时报网
2018-12-07,惠州：上月二手房交易面积46万平方米 环比增48.9%,南方日报
2018-12-07,扬帆远航，携手共进，共筑绿色发展之路——绿色债券标准委员会成立会议暨第一次委员会会议顺利召开,银行间市场协会
2018-12-06,"银行投资策略月报:12月策略,均值回归,首选兴业",正点财经
2018-12-04,"兴业银行:资产负债结构大幅调整,经营情况逐季好转",中证网
2018-12-02,"单月发行上百亿金融债！金融租赁公司2018年发债""补血""超800亿",Wind
2018-12-01,银河基金袖珍产品再扩容 袁曦挂帅新品成迷你司令？,新浪
2018-11-30,刘立荣成“老赖”被封26套房 金立工业园大规模裁员 员工变动,新京报
2018-11-30,兴业银行推出服务民企“十九条” 加快符合条件民企债务核销,Wind
2018-11-30,兴业银行出台服务民营企业“十九条”,中证网
2018-11-29,金立董事长刘立荣被列入老赖名单，被限制高消费 董监高成员异常事件,21经济网
2018-11-29,兴业银行绿色金融债券发行 总额为300亿元,挖贝网
2018-11-29,中小银行扎堆设立资金运营中心 核心在争抢金融业务,新浪
2018-11-28,兴业银行接连发行民企债券融资支持工具,中证网
2018-11-26,六家银行因保险销售违规被罚168万元 电话误导成重灾区 其他违规处罚,每日经济新闻
2018-11-23,银行发行优先股缓解资本压力 监管关注“应收款项类投资”,21世纪经济报道
2018-11-22,*ST藏旅股东新奥控股补充质押4616万股 占公司总股本的20.34%,挖贝网
2018-11-21,*ST藏旅控股股东新奥控股质押4615.87万股,中证网
2018-11-21,认罚13.4亿美元 法国兴业银行与美达成和解,参考消息
2018-11-20,26股获券商买入评级 华菱钢铁目标涨幅达48.04%,Wind
2018-11-19,兴业银行上海分行助力民企迸发活力,上海金融报
2018-11-19,浦发、兴业入局 10家银行推出信用风险缓释凭证,北京商报
2018-11-16,中行建行相继宣布设立理财子公司，出资额远超股份行、城商行,国际金融报
2018-11-16,透视银行三季报：基本面逐步好转,全景网
2018-11-16,13家A股上市银行：减员趋势渐显,零壹财经
2018-11-14,兴业银行与卢森堡证券交易所战略签约,证券时报网
2018-11-13,兴业银行：后续将督导盛运环保尽快筹措资金完成“18盛运环保SCP001”兑付 未按时兑付本息,Wind
2018-11-13,兴业银行银银平台11年“成绩单”：科技输出签约银行已达357家,证券日报
2018-11-12,融资客青睐27股，青青稞酒买入占比高达60.46%,Wind
2018-11-10,透视银行三季报：基本面逐步好转,红周刊
2018-11-09,银行发力布局汽车金融全产业链,21世纪经济报道
2018-11-08,首单非金融企业可持续发展债券发行：首期5亿、期限3年、评级AA,21世纪经济报道
2018-11-08,区块链应用再下一程 首单智能合约管理保理ABS花落华泰证券资管,证券日报
2018-11-08,京东金融保理ABS资产挂牌上交所 资产上链实现防篡改,凤凰网
2018-11-08,兴业银行原副行长薛鹤峰出任福建地方金融监管局局长,证券时报
2018-11-04,权益类新基金建仓速度分化,红周刊
2018-11-03,泰山轮胎债权项目再次被拍卖,轮胎世界网
2018-11-02,"兴业银行点评报告:息差继续上升,不良率略有上升",万联证券
2018-11-01,四大行净利润均达千亿级别 交行三季度再被招行反超,新浪
2018-10-31,前三季度八大股份制银行日赚11.73亿,中金在线
2018-10-31,国有五大行前三季净利增速超5%，股份行资产质量喜忧参半,澎湃新闻
2018-10-30,招行利润增长提速至近15% 利息、非息收入同步回暖,第一财经
2018-10-30,兴业银行副行长薛鹤峰因工作调动 辞去董事等职务 董监高成员变化,挖贝网
2018-10-30,银行板块盘中集体上扬 宁波银行领涨,证券时报网
2018-10-30,【北上资金跟踪周报】北上资金再现净卖出，银行股被持续加仓,微信
2018-10-29,兴业银行前三季度净利506亿增长7.32% 不良和关注类贷款占比微升,经济观察网
2018-10-29,四大机构三季度持股动向浮出水面：金融股地产股依然是机构最爱,深圳商报
2018-10-29,中国平安重回基金头号重仓股 974只基金抱团持有市值高达540亿元,证券日报
2018-10-28,【申万宏源金融】兴业银行三季报点评：结构持续优化，营收加速改善,大金融研究
2018-10-28,最新持仓市值3722亿！大资金调仓动向来了，第三季度重仓这些股票！,和讯
2018-10-27,【东吴马婷婷】兴业银行三季报：资产负债结构大幅调整，经营情况逐季好转,马婷婷深度研究
2018-10-27,10月27日上市公司业绩公告，*ST安泰前三季度净利增超59倍,和讯
2018-10-27,兴业银行实现净利506.01亿元同比增长7.32%,金融时报
2018-10-26,兴业银行：前三季度净利506亿元 同比增7%,e公司
2018-10-26,兴业银行：前三季度净利润506.01亿元，同比增长7.32%,Wind
2018-10-23,逾4000亿资金在路上：银行补血对抗资本充足率压力,第一财经
2018-10-22,家族信托快速增长 未来发展空间大！,第1信托
2018-10-11,【银河国际】策略 - A股市场的高alpha值大盘股,银河国际
2018-10-08,沪港通十大成交活跃股排名（10月8日）,Wind
2018-10-08,兴业银行合肥分行因融资业务贷后管理不力被罚30万 其他违规处罚,新浪
2018-09-27,1249只A股纳入富时罗素（全名单）,券商中国
2018-09-26,持续发力零售端业务 兴业银行推“礼文化”储蓄产品,腾讯网
2018-09-26,10万亿私行江湖激战正酣，招行+四大行瓜分70%市场,新浪
2018-09-26,三大重磅利好来袭！上涨50狂飙！金融系“带头大哥”卷土重来,中财网
2018-09-24,兴业银行北京分行拓展 私人银行高端客户增值服务,证券日报
2018-09-23,一上市公司爆16.78亿债务逾期 10家金融机构踩雷陷债务生死胡同 违约失信,中金在线
2018-09-21,[快讯]深赛格:南通赛格时代广场发展有限公司为购买其开发项目的按揭贷款客户提供阶段性担保,中财网
2018-09-21,三大股指持续上攻！大金融板块火力全开！多头发起新一轮攻势？,中财网
2018-09-20,又一机构深陷永煤集团债务泥潭，交银国际信托申请1.5亿诉前保全,华夏时报
2018-09-19,市价7元多 定增价却至少11元 亏本生意为啥还有人接,中财网
2018-09-15,兴业银行大力支持首都绿色金融发展,中国金融新闻网
2018-09-14,兴业绿色票据贴现规模超3亿 北分半年提供融资近30亿,金融界
2018-09-12,官宣了！蔚来获6大银行104亿授信，股价已翻10倍！今年融资已超百亿,中国基金报
2018-09-12,解构银行非标投资变动（Ⅱ）,睿哲固收研究
2018-09-11,银行信用卡策略分化：4银行发卡量破1亿，7银行交易额超1万亿,21世纪经济报道
2018-09-09,策略深度 | 大博弈下的弱元起——2019年A股中期策略展望,超悦策略
2018-09-07,兴业银行强化合规内控 重点关注同业、表外等业务,金融界
2018-09-07,兴业银行首单境外资产托管业务成功落地,银河证券
2018-09-07,"兴业银行2018年中报业绩点评:息差环比回升,资产质量进入“观察期”",正点财经
2018-09-06,金融深一度：绿色金融服务本身就是一项创新,中国经济网
2018-09-06,融资客青睐25股，广东明珠买入占比高达49.22%,Wind
2018-09-06,八月衰基金之六：安信价值精选抱守银行医药显颓势,中国经济网
2018-09-05,思想盛宴:各行信用卡中心高管谈发卡量增长空间,新浪
2018-09-05,12家上市银行拟成立资管子公司,新快报
2018-09-03,银行布局资管子公司提速,上海金融报
2018-09-03,银行业中期业凸显三大亮点：信贷结构进一步调整优化,新浪
2018-09-03,"兴业银行:营收加速改善,“投行商行”战略成效更进一步",申万宏源
2018-09-02,首单长期限无回售CMBN长啥样？——资产证券化周报（2018.9.1）,--
2018-08-31,银行卡业务收入大爆发：17家银行保持两位数增长,新浪
2018-08-31,兴业银行荣获IDC“中国金融行业最佳创新项目奖”,金融界
2018-08-30,浦发银行半年报“未见起色” 净利润增速恐垫底不良率仍居高,华夏时报
2018-08-30,银行系资管子公司将增至11家,每日经济新闻
2018-08-29,资本充足率承压 多家银行发债补血,中金在线
2018-08-29,兴业银行上半年净利增速扩大，零售贡献近三成，设立资管子公司,和讯
2018-08-29,【国信银行】兴业银行中报点评：净息差大幅改善,国信金融研究
2018-08-29,【东吴马婷婷】兴业银行：经营状况改善，核心盈利能力向好,马婷婷深度研究
2018-08-29,兴业银行设立兴银资产管理公司 注册资本不超过50亿元,中国网
2018-08-29,银行冠华 | 兴业银行：资负结构优化，息差持续上行,大话金融
2018-08-29,兴业银行上半年净利润增6.51% 压降“应收款项类投资”2000亿元,21世纪经济报道
2018-08-29,【申万宏源金融】兴业银行中报点评：营收加速改善，“投行+商行”战略成效更进一步,大金融研究
2018-08-29,兴业银行上半年净利增6.51% 非息净收入占比近四成,第一财经
2018-08-28,兴业银行拟申请设立资管子公司，上半年理财余额1.62万亿同比增9.46%,21世纪经济报道
2018-08-28,兴业银行上半年净利润336.57亿 营业收入同增7.36%,和讯
2018-08-28,兴业银行半年报：数据演绎高质量发展,金融界
2018-08-28,兴业银行上半年净赚336亿 拟设立资管子公司,证券时报网
2018-08-28,兴业银行：上半年净利润同比增6.51%,Wind
2018-08-28,兴业银行：上半年净利增长6.5% 证金公司增持,e公司
2018-08-28,兴业银行：上半年净利润336.57亿元，同比增6.51%,Wind
2018-08-27,兴业银行无锡分行紧跟总行步伐助推区域绿色产业转型升级,东方网
2018-08-26,地量震荡，北上资金加仓超百亿，个股机会在哪里？,中证报
2018-08-25,有温度的银行 兴业银行普惠金融实践,21世纪经济报道
2018-08-25,点绿成金 绿色金融之兴业样本,21世纪经济报道
2018-08-24,沪港通十大成交活跃股排名（8月24日）,Wind
2018-08-21,[优于大市评级]银行行业周报：2Q行业息差环比提高 信用风险分化,中财网
2018-08-21,寓义于利 添彩美丽中国 兴业银行副行长薛鹤峰谈绿色金融,全景网
2018-08-19,中小银行逆袭 科技、大数据将成杀手锏,每日经济新闻
2018-08-16,浙商·电气新能源环保 | 一周重要公告（2018.8.11-17）,分析师
2018-08-16,兴业银行首单境外资产托管业务落地,上海金融报
2018-08-15,东方园林与兴业银行达成全面战略合作并获10亿授信,金融界
2018-08-15,[优于大市评级]银行行业周报：7月信贷放量 社融增速有望企稳,中财网
2018-08-14,吉利揭秘入股戴姆勒背后：考虑三年，一天完成入股，与奔驰正在洽谈智能网联项目,每日经济新闻
2018-08-13,兴业银行拉萨分行获批开业,证券时报网
2018-08-10,兴业银行落地首单境外资产托管业务,证券时报网
2018-08-09,凡普金科与兴业银行北京分行达成战略合作 多维合作互惠共赢,南方财富网
2018-08-08,兴业银行：参与了吉利入股戴姆勒项目，项目合规,Wind
2018-08-08,财融汇·个股研报精选,财通证券融资融券部
2018-08-06,银行股稳健攀升，成都银行、吴江银行领涨近4%,Wind
2018-08-03,多家商业银行已开始抢跑金融科技“下半场”,华夏时报
2018-08-02,财融汇·个股研报精选,财通证券融资融券部
2018-08-02,强监管下，昔日“同业之王”兴业银行还好吗？,零壹财经
2018-08-01,前海人寿入股九江银行双方回应：系正常投资行为,证券时报
2018-07-30,人保财险联手兴业银行开启全面战略合作新篇章,金融时报
2018-07-27,中国人保财险与兴业银行战略合作签约 推出联名信用卡,新华网
2018-07-27,财融汇·个股研报精选,财通证券融资融券部
2018-07-26,与重庆农商行全面战略合作　兴业银行为西南经济中心发展提供金融支持,上海金融报
2018-07-26,兴业银行资管部总经理顾卫平： 多层次资本市场是创新重要驱动力,证券日报
2018-07-25,49股获券商买入评级 岭南股份目标涨幅达78.57%,Wind
2018-07-24,[增持评级]兴业银行(601166)深度报告：担忧点缓解 增长极成型,中财网
2018-07-21,基金二季报持股：700只基金重仓茅台 银行被大幅减持,新浪
2018-07-20,中国上市公司协会联合沪深交易所发布A股上市公司现金分红榜单,中上协
2018-07-18,兴业银行今日大宗交易成交190万股，成交价12.74元折价9.84%,Wind资讯
2018-07-17,[互动]兴业银行：将于2019年1月1日起执行IFRS9新会计准则,全景网
2018-07-16,资管新规发布后 它会是最后一款保本型理财产品吗？,搜狐
2018-07-13,看中“新能源”大商机 入伙合众“共享”蛋糕,苏南网
2018-07-12,银行系金融科技突围战：明确“智能化+移动化”路径,21世纪经济报道
2018-07-11,天津银监局连发5张罚单广发银行4项违规被罚200万,搜狐
2018-07-10,天津银监局连发5张黄牌:广发、招行、兴业、平安被罚,21世纪经济报道
2018-07-10,天津银监局连发5罚单，广发银行内控混乱被罚200万,搜狐
2018-07-10,兴业银行北京分行与凡普金科合作,中证网
2018-07-09,【招商策略】 短期解禁压力峰值已过，市场情绪开始回暖——金融市场流动性与监管动态周报（0709）,招商策略研究
2018-07-07,兴业银行优化服务机制为在京外企提供管家式金融服务,金融界
2018-07-06,兴业银行与黄河农商行达成战略合作,金融界
2018-07-05,凡普金科与兴业银行北京分行达成战略合作 多维合作互惠共赢,华夏时报
2018-07-04,兴业银行与吉利控股集团达成战略合作 提供资金400亿元,e公司
2018-07-04,兴业银行将为吉利控股提供400亿元资金,中国网
2018-07-03,六月衰基金血泪之二：东方红收益增强跌3%垫底债基,中国经济网
2018-07-02,金融科技赋能 兴业银行获2018卓越金融科技银行奖,中新网
2018-07-02,合众首款量产车型曝光 哪吒闹海胜算几何？,车质网
2018-06-30,上市银行破净潮涌 杭州银行获大股东“增援”,中国经营网
2018-06-29,左手“双资质”，右手金融助力 合众新能源出线了！,第一电动网
2018-06-29,【中信建投银行杨荣】银行业周报220期：《风险溢价降低，驱动股价回升》,eResearch杨荣团队
2018-06-29,合众新能源牵手宁波、兴业银行，为哪吒N01上市提供保障,盖世汽车
2018-06-29,银行取经公募基金 公募吹向短债基金,21世纪经济报道
2018-06-27,融资客青睐18股，天喻信息买入占比高达49.69%,Wind
2018-06-26,闽宁协作谱新篇 兴业银行与黄河农商行达成战略合作,金融界
2018-06-26,A股已是遍地黄金 紧盯7只市盈率低于10倍股,证券时报
2018-06-25,兴业银行与兴业证券全面战略合作,上海金融报
2018-06-25,同样的“债转股”，不一样的降杠杆效果,Wind
2018-06-25,产业基金方式切入 兴业银行疾行绿色金融,经济观察网
2018-06-25,关于公布中国银行间市场交易商协会第一届交易专业委员会委员名单的公告,银行间市场协会
2018-06-22,号外|兴业银行广州分行绿金融资规模破300亿,网易
2018-06-20,兴业银行拟为青海提供200亿元绿色融资,中证网
2018-06-20,兴业银行未来5年拟为青海省提供各类绿色融资200亿元,中国网
2018-06-14,兴业银行郑州分行同业投资违规 被罚款50万元,财经网
2018-06-14,私行业务排排坐： 农行增至10万私银客户跃居榜首,21世纪经济报道
2018-06-13,兴业银行郑州分行连收两张罚单被罚100万,新浪
2018-06-13,京东金融、华泰证券资管、兴业银行建立全球首个资产证券化联盟链,苏南网
2018-06-12,应对业务转型 联想ThinkCloud加速兴业银行杭州分行金融信息化进程,砍柴网
2018-06-11,兴业银行排名全球上市公司第62位,上海金融报
2018-06-09,高盛将兴业银行评级上调至买入，目标价20.50元人民币,Wind
2018-06-07,兴业银行年报推10派6.5元 股权登记6月14日,金融界
2018-06-07,2018全球上市公司2000强榜单出炉 兴业银行排名第62位,中新网
2018-06-06,兴业银行将向宏桥集团提供300亿融资,新浪
2018-06-04,兴业银行累计提供“绿色融资”近1.5万亿元,新华网
2018-06-01,兴业银行智慧城市服务：助生活更美好,新华网
2018-05-31,沪港通十大成交活跃股排名（5月31日）,Wind
2018-05-30,又有大动作 老百姓 一心堂分别发布多条公告,亿邦动力
2018-05-30,兴业银行与江西省联社携手践行普惠金融,金融界
2018-05-28,晚间重要公告2018年5月28日星期一,--
2018-05-28,兴业银行与江西省联社达成战略合作,证券时报
2018-05-28,兴业银行同意公司出资20亿元参股国家融资担保基金,新浪
2018-05-27,“不死鸟”神话终结，A股进入“退市常态化”时代,经济观察报
2018-05-24,兴业银行VS民生银行，价值大起底,红周刊
2018-05-23,天创信用中标兴业银行，共同打造大数据时代下的“智慧银行”,苏南网
2018-05-22,关于公布中国银行间市场交易商协会第四届金融衍生品专业委员会委员名单的公告,银行间市场协会
2018-05-16,ST德奥连续3年巨额亏损 银行贷款借新还旧输血 保壳,中金在线
2018-05-14,莫开伟：上市银行存款余额突破百万亿的喜与忧,新浪
2018-05-12,银保监整治市场乱象：同业、资管成“重灾区”,中国经营报
2018-05-11,大幅下滑后的企稳真相 兴业银行的存款之痛,华夏时报
2018-05-11,兴业银行负债端压力凸显,证券市场周刊
2018-05-11,严监管势头持续 银保监会开罚单瞄准重点领域,新华网
2018-05-10,72股破净平均打“九折” 银行地产成为“重灾区”,投资快报
2018-05-09,ST吉恩亏损4年面临退市 兴全基金亏1.6亿谋减持,中金在线
2018-05-09,融资客青睐48股，大名城买入占比高达58.69％,Wind
2018-05-09,A股上市银行一季度存款余额破百万亿,证券时报
2018-05-09,“存款的竞争会非常激烈”,证券时报
2018-05-08,2018年福建辖区上市公司、挂牌公司、公司债券发行人、会计师事务所和资产评估机构执业项目随机抽查结果通报,福建证监局
2018-05-08,山东山水债券违约两年未决 68亿债务母公司未提上日程,中金在线
2018-05-06,廖英强操纵39股被证监会罚没1.29亿元(附操盘详情),中财网
2018-05-05,银保监会公布10张罚单，三股份行被罚逾1.8亿元,Wind
2018-05-05,一天开出10张罚单！银保监会首轮巨额罚单开给了谁,中财网
2018-05-04,近两亿！银保监会首轮十张巨额罚单开给招行兴业浦发,中证网
2018-05-04,三家全国股份制银行领大额罚单 罚没合计约1.83亿,股城网
2018-05-04,银保监会处罚三家银行 罚没款项共计1.83亿元,搜狐
2018-05-04,银保监会首张罚单开给兴业银行：案由12项，罚款5870万,澎湃新闻
2018-05-04,兴业银行向四证不全房地产项目提供融资 被罚5870万,新京报
2018-05-04,盛运环保：“18盛运环保SCP001”持有人会议审议通过三项议案,Wind
2018-05-04,因多项业务违法违规 兴业银行被罚5870万元,中国网
2018-05-04,兴业银行与河南省联社达成战略合作 助力农村金融发展,金融界
2018-05-04,浦发银行成唯一利润负增长银行 造假竟造出零不良率,面包财经
2018-05-03,行增速重回两位数 浦发拨备覆盖率垫底,腾讯网
2018-05-02,证金频繁进出金融股！大举增持15只券商股，晋级7券商前三大股东,--
2018-05-01,国家队新进35只股 一季度末各类机构持仓变化有点大,中证网
2018-05-01,国家队一季度高抛银行地产低吸TMT,扬子晚报
2018-04-28,8家股份行去年成绩单：招行不良资产双降，浦发等3家双升,澎湃新闻
2018-04-28,银行系金融科技子公司“跑马圈地”,中国经营网
2018-04-27,“负债荒”施压银行业 银行寻“吸金”途径,中国经营网
2018-04-27,【港股解码】兴业银行年报及一季报数据亦喜亦忧,财华社
2018-04-27,“国家队”最新动向 逆势大举增持A股蓝筹巨头,财界网
2018-04-27,兴业银行斩获“2017中国最佳绿色银行”奖,中新网
2018-04-27,群益证券：兴业银行买入评级,顶尖财经网
2018-04-26,“国家队”最新动向在此！搬个小板凳，看看汇金、证金一季度都买了哪些股票？,证券时报网
2018-04-26,两家银行系消费金融公司业绩出炉 且看各自如何发力,新浪
2018-04-26,“国家队”首季调仓策略曝光：紧盯行业优质龙头公司,顶尖财经网
2018-04-26,国家队调仓路径曝光为什么逆势增持这些股票？,顶尖财经网
2018-04-25,找准支持着力点 兴业银行南京分行助推先进制造业绿色发展,新华网
2018-04-25,【东吴马婷婷】兴业银行：经营数据逐步企稳，18年继续推进业务转型,马婷婷深度研究
2018-04-25,兴业银行2017年总资产规模增速降至5.44%,北京商报网
2018-04-25,兴业银行主动控规模非标大降4500亿,华夏时报
2018-04-25,兴业银行去年净利增长6.22% 非标资产减少约4500亿元,中国网
2018-04-25,4月25日早间利好消息汇总,证券时报网
2018-04-25,兴业银行去年净赚572亿 证金公司大举增持,金融界
2018-04-25,兴业银行同业理财规模下降43%,金融界
2018-04-25,兴业银行一季度营收、净利双双正增长,证券时报
2018-04-25,兴业银行去年净利增逾6% 存贷款增量位居股份行前列,证券时报
2018-04-24,证金公司一季度增持了这几只白马及券商股 减持兴业银行紫金矿业,e公司
2018-04-24,兴业银行2017年营收降至1399.75亿 浙江地区降幅达311.46%,和讯
2018-04-24,兴业银行2018年净利润目标3%，首次明确转型“商业银行+投资银行”,21世纪经济报道
2018-04-24,兴业银行2017年年报：迈向价值银行看得见的努力,金融界
2018-04-24,兴业银行一季度实现净利润176.55亿 同比增长4.94%,中国经济网
2018-04-24,兴业银行2017年实现净利润572亿元 同比增长6.22%,中国经济网
2018-04-24,兴业银行：2017年度净利润增长6%达572亿元 拟10派6.5元,e公司
2018-04-24,兴业银行：2017年净利572亿元同比增6.22%，拟10派6.5元,Wind
2018-04-24,兴业银行武汉分行精准发力 差异化实践普惠金融,和讯
2018-04-23,持续打造爱心跑道 兴业银行为上海“半马”助添活力,中新网
2018-04-23,银行探路养老金融专业化经营,中国经营报
2018-04-23,金融科技能否成为推动绿色金融发展的一股力量？,金融时报
2018-04-19,兴业银行发布个人住房抵押贷款证券化产品 引入境外投资者,北京商报
2018-04-19,首单通过“债券通”引入纯境外投资者个人的RMBS产品发行,中新网
2018-04-19,兴业银行通过“债券通”引入纯境外投资者的RMBS产品,金融界
2018-04-17,兴业银行：督导中城建筹集偿债资金，落实兑付方案,Wind
2018-04-13,兴业银行与广发证券达成全面战略合作,中国经济网
2018-04-12,兴业银行上海分行绿色金融融资额逾240亿元,金融界
2018-04-11,【国君环保徐强】今日环保-龙净环保发布2017年报、股东回报规划、第五期员工持股计划,国君环保徐强之环保资讯
2018-04-11,九江银行IPO：递交H股上市申请 最高发行4.14亿股,银行信息港
2018-04-11,全时联手兴业银行驱动金融创新便利零售推首张联名信用卡,证券日报
2018-04-11,银行板块存三大上行动能 7只破净股被机构集体看好,证券日报
2018-04-09,兴业银行500亿元绿色融资助力甘肃绿色发展,上海金融报
2018-04-09,开价小五十亿 摆平逾期风波的山西信托静候新东家,投资时报
2018-04-09,31省区市一周经济最亮点（2018年4月2日-4月8日）,中国经济网
2018-04-03,甘肃获５００亿元绿色融资 布局产业绿色化升级,新华网
2018-04-02,兴业银行500亿绿色融资助力甘肃绿色发展新格局,金融界
2018-03-31,深挖普惠金融市场 银行业衔枚疾进,中国经营网
2018-03-30,兴业银行普惠金融聚焦小微企业融资难 2017年减费超10亿元,华夏时报
2018-03-30,兴业银行：积极打造差异化普惠金融服务模式,金融界
2018-03-30,兴业银行副行长陈锦光：发展普惠金融是一个战略机遇,凤凰网
2018-03-30,兴业银行：打造普惠金融差异化样本,经济日报
2018-03-29,兴业银行累计已发超７０万张低碳主题信用卡,新华网
2018-03-29,兴业银行：2017年末小微企业贷款余额达6111亿元,中证网
2018-03-27,兴业银行与国际金融协会 签署合作备忘录,金融时报
2018-03-22,兴业银行同存发行计划缩水2200亿 下降近25%,证券时报
2018-03-21,连云港市政府与兴业银行签署战略合作协议,和讯
2018-03-21,兴业银行收缩同业负债 同业存单发行计划锐减2200亿元,中国网
2018-03-20,兴业银行与京东战略合作升温 发力体育消费市场,中国经济网
2018-03-20,【光大新三板 | 策略】动力电池独角兽刷新融资记录——一级市场三月跟踪月报,EBSCN新三板研究
2018-03-20,兴业银行外汇业务合规经营再获佳誉,上海金融报
2018-03-16,147只股票市盈率降至20倍以下，白马股居多,--
2018-03-16,147只股票市盈率降至20倍以下，白马股居多,Wind
2018-03-15,兴业银行：督导川煤集团尽快制定并落实“14川煤炭PPN002”、“15川煤炭PPN001”兑付方案,Wind
2018-03-15,商业银行“扎堆齐聚”雄安新区，北京银行雄安分行获准筹建,资本邦
2018-03-14,2018年兴业银行存款利率 一年期整存整取利率1.95%,银河证券
2018-03-12,兴业银行上海分行去年拦截171起可疑案情,上海金融报
2018-03-09,1768份业绩快报近七成“报喜”,财界网
2018-03-08,[看好评级]银行行业点评报告：贷款损失准备监管红线下调 利润释放空间增大,中财网
2018-03-08,兴银大健康调整基金经理 成立两年没赚钱净值小亏,中国经济网
2018-03-07,银监会牵头16家金融机构成立金融云 尚未正式开展业务,21世纪经济报道
2018-03-05,16家银行业绩快报出炉 中小行增速领先股份行,财界网
2018-03-05,兴业银行、天弘基金联手深耕养老金融,中新网
2018-03-04,银行还会缩表么？,格隆汇
2018-03-01,[推荐评级]二级资本债与TLAC点评(银行行业)：中小行不受TLAC约束 大行权益不会被摊薄,中财网
2018-03-01,中资银行境外发债开门红:兴业银行募集约17亿美元,金融时报
2018-02-27,16家上市银行披露快报 国有大行集体雪藏成绩单,中国经济网
2018-02-27,79家房企半数净利翻倍 国有大行集体雪藏成绩单,中财网
2018-02-27,16家上市银行业绩先睹为快 国有大行集体“雪藏”成绩单,证券日报
2018-02-27,兴业银行上海分行合规建设显成效,上海金融报
2018-02-26,中上协“2017年度最受投资者尊重的上市公司评选”入围名单揭晓,中上协
2018-02-26,我国金融云发展前景广阔 市场统治格局尚待形成,赛迪网
2018-02-24,吉利入股戴姆勒，兴业银行或为幕后操盘手,金融界
2018-02-24,2018“全球银行品牌500强”：43家中资行上榜！,渤源资产
2018-02-22,上海金融报——上海金融报新闻网,上海金融报
2018-02-22,中金对内银股最新投资评级及目标价(表),金融界
2018-02-13,兴业刘峰：资产托管是商业银行轻资本转型的重要抓手,金融界
2018-02-12,220只个股跌破发行价，不破不立细捡“三破”股投资机会,证券日报
2018-02-11,金融：龙头券商业绩优势显著 荐9股,申万宏源
2018-02-11,去年消费性贷款资产证券化井喷：发行837亿，增长超12倍,澎湃新闻
2018-02-10,湖州银行申请采纳赤道原则,中国经营报
2018-02-09,“齐头并进”难现 严监管下地方银行2018年不确定性增加,中国网
2018-02-09,上市公司环境信息披露全面升级,金融界
2018-02-09,交行债券承销居第五 兴业逐渐领跑股份行,每经网
2018-02-08,A股蓝筹玩“闪崩”，警惕流动性衰竭,第一财经
2018-02-08,[看好评级]银行业2017年年报前瞻：基本面向好趋势延续 重点把握低估值拐点银行,中财网
2018-02-08,ST保千里29连跪惊奇：实控人演绎贾跃亭式梦想骗局,和讯
2018-02-07,A股市场资金变动一览（2月7日）,Wind
2018-02-07,说一说哪几家银行的开卡礼最实惠！,新浪
2018-02-07,助涨助跌万亿两融如何分布两融标的中有多少熊股？,顶尖财经网
2018-02-06,逾百股紧急停牌或藏玄机 沪指拉升80点 靠一板块,中财网
2018-02-06,京东金融距离行业第一还有多远？,腾讯网
2018-02-06,银行板块逆市吸金41.26亿 机构集中推荐15只个股,证券日报
2018-02-05,【中信建投银行杨荣】银行业周报103期：《股份行资产负债增速触底， 未来3年行业ROE持续回升》,eResearch杨荣团队
2018-02-05,资产质量改善，上市银行业绩向好,中证报
2018-02-04,银行业景气度回升资金追捧 六股值得关注,证券日报
2018-02-03,结构性震荡凸显市场价值风口 四行业景气度回升,证券日报
2018-02-01,机构揭秘二月投资机遇 银行与休闲服务行业受推崇,证券日报
2018-01-31,兴业研究绿色景气指数（gpi）整装待发！,南方财富网
2018-01-30,玉洋股份：股权质押公告,资本邦
2018-01-30,银行股业绩“先睹为快” 盈利和资产质量双报喜,中国经济网
2018-01-30,15家上市银行年报出炉：净利增速最快属贵阳银行,证券时报
2018-01-29,13家银行披露2017年业绩快报：日均共赚逾6亿，仅浦发不良率上升,Wind
2018-01-29,13家银行披露2017年业绩快报： 日均共赚逾6亿 仅浦发不良率上升,每经网
2018-01-28,营收改善 2017银行盈利涨幅回升,和讯
2018-01-26,公募四季末配置银行不到6%，抢筹触发拉升行情?,第一财经
2018-01-26,凯石财富公募基金四季报点评：主板占比近7成，聚焦消费+保险+地产,中金在线
2018-01-25,一人撑起汇丰晋信的丘栋荣 其选股策略有何奥秘？,中金在线
2018-01-24,估值仍有空间 银行股有望继续走强,中证报
2018-01-24,午评：创业板布局时机到了? 分析师:看多一板块,中金在线
2018-01-24,年报预期激发银行股走强 多家机构称该板块是2018年标配,证券日报
2018-01-24,指数高歌猛进，这个板块一直在扛大旗,中信建投优问
2018-01-24,银行股遭“爆炒”逻辑 中美银行股估值大PK,中财网
2018-01-24,融资余额六连增，资金急速“投奔”金融板块,Wind
2018-01-24,12家上市银行公布业绩快报 兴业营收下滑幅度最大,新浪
2018-01-24,银行业绩快报暗藏牛熊玄机 多家银行开年屡创新高 11亿主力资金趁机撤离,21世纪经济报道
2018-01-24,"银行业周报:行业估值稳步提升,定向降准即将全面实施",证券之星
2018-01-23,2017年中小银行规模扩张全线降速，不良降低、利润增长不一,21世纪经济报道
2018-01-23,【广发非银&海外】不良资产管理：卖方格局渐成，处置能力成为核心竞争力,广发非银金融研究
2018-01-23,金融：银行仓位继续提升 荐6股,中银国际
2018-01-23,银行股业绩“先睹为快” 城商行利润增速喜人,证券日报
2018-01-22,公募2017年整体盈利达5600亿，中国平安获657只基金重仓,新浪
2018-01-22,212亿再加仓 五概念受追捧或成主线,证券之星
2018-01-22,兴业银行加速布局物联网金融 推进“科技+创新”双驱动,中国经济网
2018-01-22,科大讯飞联手京东金融与兴业银行 AI布局“物联网金融”,和讯
2018-01-22,【中信建投银行杨荣】银行业周报101期：《周期复苏，银行先行》,eResearch杨荣团队
2018-01-22,京东金融、讯飞等合作研发物联网金融技术,硅谷动力
2018-01-22,兴业银行：1月19日融资余额为182.41亿元，较前一日骤增9.68%,Wind资讯
2018-01-22,“大象”起舞 7只银行股创新高,广州日报
2018-01-21,绿色金融市场化发展待提速 专家建议针对绿色项目实施激励机制,中证报
2018-01-21,资金钟爱低估值蓝筹 三大行业成急先锋(附股),金融投资报
2018-01-20,兴业银行发布新书 问道绿色发展,金融界
2018-01-20,资金钟爱低估值蓝筹 银行家电钢铁成急先锋,金融投资报
2018-01-19,十年实践酿字成书 兴业银行问道绿色发展,中新网
2018-01-19,银行股新年整体强势 业内继续看多四大行-第2页,金融界
2018-01-19,人工智能叠加金融服务：兴业银行加速布局物联网金融,金融时报
2018-01-19,多家银行业绩回暖 银行股估值有底气,证券时报
2018-01-19,农商行城商行净利增速多为两位数,长江商报
2018-01-19,银行股新年大涨10％ 中、农、建三大行均创历史新高,深圳商报
2018-01-19,【一线】京东讯飞兴业成立AI实验室 推出金融叮咚音箱,腾讯网
2018-01-18,AI赋能金融：推进产业智能化升级 突破传统业务范围,金融界
2018-01-18,兴业银行今日大宗交易成交100万股，成交价16.55元折价9.96%,Wind资讯
2018-01-18,兴业银行布局“物联网金融” 智能金融叮咚音箱发布,中国经济网
2018-01-18,兴业银行携手京东金融、科大讯飞推出首台搭载金融服务功能的智能音箱,金融界
2018-01-18,兴业银行携手京东金融、科大讯飞布局“物联网金融”,Wind
2018-01-18,银行股再度爆燃 张家港行连板农行股价再创新高,新浪
2018-01-18,上市公司年度成绩单透露 基建港口等行业发展势头向好,中证报
2018-01-17,指数一年涨了近三倍三大行齐创新高,顶尖财经网
2018-01-17,17日晚间机构研报精选 8股值得关注（名单）,和讯
2018-01-17,"兴业银行:17年做实底部,18年轻装上阵",正点财经
2018-01-17,"兴业银行:下半年营收持续改善,负债结构调整成效显著",中证网
2018-01-17,"兴业银行2017年度业绩快报:营收增速回升,利润增速平稳",中证网
2018-01-17,六家上市银行发业绩快报:3家农商行净利润两位数增长,国际金融报
2018-01-17,银行盈利和资产质量望齐向好,大众证券报
2018-01-16,兴业银行：利润增速平稳 增持评级,中泰证券
2018-01-16,兴业银行：资产质量稳健向好 买入评级,中银国际
2018-01-16,兴业银行：18年轻装上阵 增持评级,申万宏源
2018-01-16,兴业银行业绩快报：净利润573.71亿元 同比增长6.54%,中国网
2018-01-16,盘前有料 |看好区块链+共享经济 机构关注10股（名单）,证券时报网
2018-01-16,兴业银行携手微软共建数字化智能银行,金融时报
2018-01-16,兴业银行去年净利增6.54%,证券时报
2018-01-16,【申万宏源金融】兴业银行业绩快报点评：17年做实底部，18年轻装上阵,大金融研究
2018-01-15,兴业银行发布年度业绩快报 利润同比增长1.75%,股城网
2018-01-15,沪深两市晚间重要公告一览 最新利空、利好消息集锦,和讯
2018-01-15,公告精选：神雾环保终止重大资产重组；杰恩设计拟10转15派15,e公司
2018-01-15,兴业银行：2017年净利574亿元 营收同比降10.81%,e公司
2018-01-15,晚间重要公告2018年1月15日星期一,--
2018-01-15,兴业银行：2017年净利574亿元 同比增6.54%,e公司
2018-01-15,兴业银行：2017年净利润同比增长6.54%,Wind
2018-01-15,金融：新增信贷规模受窗口指导回落 M2增速再创新低,中银国际
2018-01-15,集团化之后、数字化之前不妨再提“流程银行”,证券时报
2018-01-14,银行行业调研纪要：市场忽略了什么?再次提示中小行投资机会,中财网
2018-01-14,"银行业《进一步深化整治银行业市场乱象的通知》点评:集中重申监管重点,进一步推动银行业集中度提升",中国网
2018-01-13,银企整合联动 交易银行探路产业链生态圈,中国经营报
2018-01-11,"银行行业:基本面改善支撑估值修复,持续力推大行",中国网
2018-01-11,沪指九连阳调整或随时而至 切莫轻易追涨,深圳商报
2018-01-11,银行业盈利和估值双轮驱动 五股大单抢筹,证券日报
2018-01-10,兴业银行宣布与微软共建数字化智能银行,Wind
2018-01-10,10日潜力排行榜居前板块(附股),证券之星
2018-01-10,2018加息预期刺激银行业 概念股腾飞在即,证券之星
2018-01-10,强强联合 兴业银行携手微软共建数字化智能银行,中新网
2018-01-10,兴业银行携手山东省联社达成战略合作,证券时报
2018-01-10,兴业银行携手山东省联社 助力齐鲁地区农村经济发展,中新网
2018-01-09,兴业银行牵手山东省联社背后：为中小银行输出技术服务,中国网
2018-01-09,【主题研究】银行行业观点聚焦：中资银行合理估值中枢在哪儿?,中财网
2018-01-09,"银行行业委托贷款管理办法点评:政策额外冲击有限,委贷延续调整趋势",中国网
2018-01-09,金融：委贷延续调整趋势 荐4股,中银国际
2018-01-09,金融：完善风险集中度管理体系 荐3股,中银国际
2018-01-09,兴业银行绿色金融助力“美丽浙江”建设,上海金融报
2018-01-08,从支持保障到引领转型：兴业银行金融科技实现华丽转身,金融时报
2018-01-08,银行行业观点聚焦：预计加息一次中资银行“水涨船高”,中财网
2018-01-05,A股共发生83宗大宗交易成交18.39亿元（1月5日）,Wind
2018-01-05,深度*行业*银行行业月报：板块配置正当时选股关注确定性,中财网
2018-01-05,这2家公司员工平均创造利润竟达到1000万！苹果也“服”了,21世纪经济报道
2018-01-04,两市融资余额快速上升多路资金汇聚蓝筹板块,中财网
2018-01-04,年底近二十家公司集中“卖股” 减持有效扮靓业绩,大众证券报
2018-01-02,兴业银行绿色金融输出速度加快,证券时报
2018-01-02,青岛银监分局连发6张罚单兴业银行被罚2亿多元,新浪
2018-01-02,金融地产建筑周度回顾：从“寻底”到“找顶”2018年紧握金融龙头享受估值提升,中财网
2018-01-02,银行业蜕变调结构兴技术谋新,长江商报
2018-01-01,金融：春节前流动性压力趋缓荐7股,广发证券
