date,sentence,col3
2021-12-22,港股异动 | 中海油服(02883)早盘涨超5% 机构称国内加大能源安全保障利好海上油服等标的,智通财经
2021-12-17,中海油服重大突破！超高温高压测井技术装备创下新纪录,液化天然气网
2021-12-14,能源化工行业周观点：政策发力稳增长 碳排放双控催生长期机遇,新浪
2021-12-13,申万宏源：中央经济工作会议透露能源机遇,财联社
2021-12-06,中信证券：看好能源化工低估周期标的反弹,财联社
2021-12-06,中信证券晨会,新浪
2021-11-30,能源化工行业周观点：继续推荐高景气赛道和成长高确定性标的,新浪
2021-11-30,中信证券：奥密克戎冲击偏短期，择时布局国内油企回升机遇,财联社
2021-11-29,科技制造行业先进制造行业周报：法国重启核电解能源之困,新浪
2021-11-28,石油化工行业周报：OMICRON引发油价恐慌性下跌 对后市原油及石化影响分析,新浪
2021-11-25,中海油服：12月28日召开2021年第一次临时股东大会,Wind
2021-11-25,中海油田服务：谨订于12月28日召开临时股东大会,Wind
2021-11-22,全力加仓“新能源之王”！北上资金1/4的钱都买了它,Wind
2021-11-21,全力加仓“新能源之王”！北上资金1/4的钱都买了它，重点加仓股曝光，17股连续七周净买入,e公司
2021-11-18,港股异动 | 中海油服(02883)跌超4%领跌石油股 美油跌穿80美元 上期所原油主力合约收跌逾4%,智通财经
2021-11-15,中海油服：公司目前开展海上风电安装和维护支持平台服务,每日经济新闻
2021-11-15,石油化工行业周报：LPG、油价与天然气价格关系及影响,新浪
2021-11-14,中海油服(601808)三季报点评报告：Q3业绩环比改善 增储上产前景可期,新浪
2021-11-13,杰瑞股份：公司产品有在海上平台应用，如2500型压裂橇组在东海助力中海油服油气开发,每日经济新闻
2021-11-12,国内首创，钻井平台安装海上风机！中海油服向新能源领域迈出重要一步！,液化天然气网
2021-11-11,中泰周期·大宗指南：周期品周度运行变化,新浪
2021-11-11,能源材料行业跟踪,新浪
2021-11-04,化工点评报告：三季度石油石化配置创近八年新高 关注龙头及偏成长相关标的,新浪
2021-11-03,信达证券维持中海油服买入评级：Q3盈利边际好转，高油价助力景气复苏,每日经济新闻
2021-11-02,武船集团交付4000马力LNG动力守护供应船首制船,国际船舶
2021-11-02,石油化工行业周报：能源价格波动下对石化行业盈利影响 以及当前估值对应的周期位置,新浪
2021-11-01,大行评级 | 摩通：维持中海油服(2883.HK)增持评级 目标价降至10港元,格隆汇
2021-10-31,【开源煤炭&石化-张绪成】中海油服三季报点评：Q3 业绩环比改善，增储上产前景可期,能源观察站
2021-10-30,中泰证券维持中海油服买入评级：业绩符合预期，油服行业继续改善,每日经济新闻
2021-10-30,中泰证券：给予中海油服买入评级,证券之星
2021-10-29,港股异动 | 中海油服(02883)绩后涨超7% 第三季度纯利同比增长47.8%至6.51亿元,智通财经
2021-10-29,大行评级 | 瑞银：维持中海油服(2883.HK)买入评级 目标价降至11.2港元,格隆汇
2021-10-28,中海油服持续优化生产运营 前三季营收近199亿元,上证报
2021-10-28,中海油服：2021年前三季度实现净利润14.63亿元,证券时报网
2021-10-28,图解中海油服三季报：第三季度单季净利润同比增47.84%,证券之星
2021-10-28,中海油服：2021年第三季度净利润约6.51亿元，同比增长47.8%,每日经济新闻
2021-10-28,中海油服：齐美胜先生及徐玉高先生因工作变动原因辞去本公司董事职务,每日经济新闻
2021-10-28,中海油服：董事会秘书吴艳艳辞职,Wind
2021-10-28,中海油服：董事齐美胜及非执行董事徐玉高辞职,Wind
2021-10-28,中海油服(601808.SH)：第三季度净利增47.8%至6.51亿元,格隆汇
2021-10-28,中海油服：前三季度净利润同比减少32.58% 盈利能力下降,Wind
2021-10-28,武船集团两型4000马力LNG动力守护供应船下水,国际船舶
2021-10-19,油气价格走势及影响深度报告：资源价值有望长期复苏 看好石化转型升级空间,新浪
2021-10-18,中海油田服务：“16油服04”付息日为10月25日,Wind
2021-10-15,大行评级 | 大摩：予中海油服增持评级，升中石化油服目标价至0.92港元,格隆汇
2021-10-13,快讯：中海油服跌停 报于14.76元,金融界
2021-10-12,中海油服“COSL Promoter”号平台获Equinor新钻井协议,国际船舶
2021-10-11,机械设备行业第41周周报：油气中游盈利能力趋势改善 半导体设备需求依旧强劲,国海证券
2021-10-09,2021年10月金股,新浪
2021-10-08,石油石化行业研究周报：原油供需缺口缓慢修复 利好炼化板块盈利,新浪
2021-10-08,川财10月金股组合,新浪
2021-10-08,招财日报2021.10.08｜连串利好因素拉动大市,招银国际
2021-10-08,中泰证券首予中海油服买入评级：油服行业景气复苏，龙头蓄势待发,每日经济新闻
2021-10-08,【十大券商一周策略】年线有望三连阳,Wind
2021-10-07,【大行观察】油价中短期有支持 瑞银看好中海油服股价前景,财华社
2021-09-30,中海油服：公司主要业务贯穿石油及天然气勘探、开发及生产的各个阶段,每日经济新闻
2021-09-29,中信证券：需求旺季渐进，未来3-6个月油价存在进一步冲高的可能性,Wind
2021-09-29,能源设备板块跌超6%，石化油服一度跌停,Wind
2021-09-29,中信证券：需求旺季渐进，看好四季度油价表现,Wind
2021-09-28,A股收盘综述：气、电、煤、油四大热点主导炒作，地产金融同步复苏,Wind
2021-09-28,快讯：中海油服涨停 报于17.35元,金融界
2021-09-28,油服股掀涨停潮，中海油服首板,Wind
2021-09-28,港股异动 | 中海油服(02883)涨超9%领涨油服股 原油上游资本支出确定性强 油服行业景气回升,智通财经
2021-09-28,A股石油、天然气板块崛起，欧美天然气价格飙涨！原油创近三年新高，高盛称油价或涨至90美元,金融界
2021-09-27,石油化工行业周报：从上半年油气公司产量及资本开支 全面看好国内油气及油服行业标的,新浪
2021-09-27,科技行业先进制造行业周报：SEMI：二季度全球半导体设备出货金额达到249亿美元,新浪
2021-09-27,海油发展：中泰证券于9月18日调研我司,证券之星
2021-09-14,科技行业先进制造行业周报：通用汽车官方宣布将继续停产 纯电先锋雪佛兰BOLT,新浪
2021-09-13,中海油服(601808)：乘油服复苏之风 借技术腾飞之力,新浪
2021-09-09,中海油田服务：“16油服04”回售金额为21.71亿元,Wind
2021-09-09,中国石油、中国石化稳步向前，半月内均涨近两成,Wind
2021-09-09,港股异动 | 中海油服(02883)涨超5%领涨石油股 石油生产恢复进程缓慢叠加库存减少 国际油价反弹,智通财经
2021-09-09,【异动股】可燃冰板块高开，石化机械(000852.CN)涨9.96%,财华社
2021-09-08,“中字头”近一月大涨20%，高质量行情还能延续吗？,养基司令
2021-09-07,直击业绩会|中控技术：突破石化、化工类重大项目 新签订单有望加速业绩提升,财联社
2021-09-07,国家能源局主要负责同志赴中海油服公司专题调研,Wind
2021-09-07,国家能源局主要负责同志赴中海油服公司专题调研,上证报
2021-09-05,【开源煤炭&石化-张绪成】石化周报：油价高位运行，长丝盈利延续,能源观察站
2021-09-05,德邦证券维持中海油服买入评级：业绩同比-53.2%，单季度业绩环比改善,每日经济新闻
2021-09-04,数字化定义服务贸易新格局,北京商报
2021-09-03,服贸观止|从“数上”到“智上”北京剑指全球数字经济标杆城市,北京商报
2021-09-03,【信达证券-能源开采|左前明团队】重要报告合集,黑金新视野
2021-09-02,104股今日获机构买入评级,证券时报网
2021-09-02,川财证券陈雳：关注国家政策重点支持方向 继续看好国家战略重点布局领域,证券日报网
2021-09-02,华夏兴华混合A净值下跌5.63%,新浪
2021-09-01,申港证券维持中海油服买入评级，中海油服2021H1点评：行业逐步复苏前景持续看好,每日经济新闻
2021-09-01,第二届服贸会开幕在即，这些亮点抢先看！,上证报
2021-09-01,每日报告回放,新浪
2021-08-31,中海油服(601808)：海外疫情影响工作量 预期下半年业绩环比回升,新浪
2021-08-27,【期市星期五】煤炭期货“三兄弟”大涨，供需后期有望好转；油价后市易跌难涨,金融界
2021-08-27,BlackRock Inc.减持中海油田服务股份约36.25万股 减持股份,每日经济新闻
2021-08-26,42公司获得推荐评级-更新中,中财网
2021-08-26,中海油田服务：调整“16油服04”后2年的票面利率至2.90%,Wind
2021-08-26,中海油服：“16油服04”回售登记期为9月2日至9月8日,Wind
2021-08-26,78公司获得增持评级-更新中,中财网
2021-08-26,中海油服：董事辞任 董监高成员变化,Wind
2021-08-26,中海油服(601808)：油服行业缓慢复苏 期待业绩继续改善,新浪
2021-08-26,中海油服(601808)2021年中报点评-海外业务拖累上半年表现 下半年起有望进入高增长周期,新浪
2021-08-26,民生证券维持中海油服推荐评级，中海油服2021年半年度业绩点评：Q2业绩逐步复苏，但恢复速度仍较慢,每日经济新闻
2021-08-26,中海油服上半年净利润8亿元同比下降53% 现金流为负 盈利能力下降,中国经济网
2021-08-26,中海油服多举措稳经营，中期业绩实现营收127.4亿元,上证报
2021-08-25,晚间重要公告2021年8月25日星期三,Wind
2021-08-25,中海油服：2021年半年度净利润约8.02亿元，同比下降53.2% 盈利能力下降,每日经济新闻
2021-08-25,中海油服发布2021年中期业绩报告,证券时报网
2021-08-25,中海油服：上半年净利8.02亿元 同比降53% 盈利能力下降,财联社
2021-08-25,中海油服(601808.SH)：非执行董事赵宝顺辞任 董监高成员变化,智通财经
2021-08-25,中海油服(601808.SH)：上半年净利降53.2%至8.02亿元 盈利能力下降,格隆汇
2021-08-25,中海油服：上半年净利润同比减少53.25% 盈利能力下降,Wind
2021-08-25,油气勘探板块今日异动｜数据观察,第一财经
2021-08-24,A股明日风口：上海市人民政府印发《上海国际金融中心建设“十四五”规划》,新浪
2021-08-24,【2883】中海油服半年纯利降53% 不派息 | 头条金融网 盈利能力下降,头条日报
2021-08-24,BlackRock Inc.增持中海油田服务股份约138.73万股,每日经济新闻
2021-08-22,A股明日风口：全球第四代核电技术首个商业化示范项目开始装料,新浪
2021-08-19,恒指收跌2.13% 有色金属股及石油股全线下跌,新浪
2021-08-19,港股收盘(8.19)|恒指收跌2.13% 美联储讨论缩减购债 有色金属、石油股全线重挫,智通财经
2021-08-19,石油股早盘走低 中石油跌超5%中石化跌近4%,新浪
2021-08-19,港股异动 | 中石油(00857)跌超5%领跌石油股 国际油价继续下挫创近三个月新低,智通财经
2021-08-18,“海洋石油119”日处理原油突破一万吨,Wind
2021-08-17,中海油田服务(02883)拟下调2016年公司债券(第二期)(品种二)票面利率,智通财经
2021-08-17,中海油田服务(02883.HK)拟下调“16油服04”票面利率,格隆汇
2021-08-15,【开源煤炭&石化-张绪成】石化周报：油价延续震荡走势，长丝需求有望回暖,能源观察站
2021-08-15,科技制造行业先进制造行业周报：国内第一批70MPA氢能客车成功加氢,新浪
2021-08-12,武船集团为中海油服建造两艘LNG动力守护供应船完成节点,国际船舶
2021-08-12,中海油服LNG动力守护供应船“4000hp SPS-2”船在武船下水,中国燃气网
2021-08-11,134股获买入评级 最新:东方雨虹,中财网
2021-08-11,风格漂移还排名“垫底”？ 这几只基金尴尬了！,红周刊
2021-08-11,60股今日获机构买入评级 13股上涨空间超20%,中财网
2021-08-10,申港证券首予中海油服买入评级：剑指全球蓝海市场油服巨头蓄势待发,每日经济新闻
2021-08-09,64股获买入评级 最新:绿茵生态,中财网
2021-08-09,石油化工行业周报：油价高位震荡 长丝需求回升,新浪
2021-08-06,港股异动 | 中海油(00883)涨超4%领涨石油股 瑞银预计布油下半年升至每桶75至80美元,智通财经
2021-08-05,石油化工&基础化工行业2021年中期策略报告：聚焦价值 拥抱成长 把握市场分化预期下的确定性机会,光大证券
2021-08-03,【机械设备】机械设备行业周报—国家政策引领高端制造长期向好，持续关注半导体、锂电设备、光伏设备,中银证券研究
2021-08-03,华夏兴华混合A净值上涨3.36%,新浪
2021-08-02,特别关注｜我国天然气燃料动力船舶规范法规体系,国际燃气网
2021-08-01,【开源煤炭&石化-张绪成】石化周报：多指标支撑高油价，长丝产销回暖,能源观察站
2021-07-31,科技行业先进制造行业周报：HYZON推出成本减半的新型车载储氢系统,新浪
2021-07-29,重磅！国资委公布中石油、中石化、中海油标杆企业名单,新浪
2021-07-29,三大石油公司8家企业、6大项目入选国资委标杆名单！,国际能源网
2021-07-28,海外信用评级汇总2021年7月28日星期三,Wind
2021-07-28,惠誉：确认中海油田服务长期外币发行人评级为“A”，展望“稳定”,Wind
2021-07-27,【机械设备】机械设备行业周报—国际光刻机龙头订单火爆，动力电池厂商加速扩产，关注半导体、锂电设备需求释放,中银证券研究
2021-07-26,六大券商周二看好的六大板块,华安证券
2021-07-25,【太平洋机械】机械行业周报20210724：大挖需求爆发，9-10月旺季工程机械板块有望超预期,太平洋机械大讲堂
2021-07-25,化工行业点评：国际油价点评：风险释放重回向好格局 油服行业迎来布局良机,新浪
2021-07-22,石油股早盘集体高开 中石油涨超4%中石化涨近3%,新浪
2021-07-22,港股异动 | 中石油(00857)涨超4%领涨石油股 供需缺口或持续 国际油价大幅反弹,智通财经
2021-07-22,华夏兴华混合H净值上涨3.31%,新浪
2021-07-20,2021年《财富》中国500强排行榜揭晓：京东第11 阿里第14 腾讯第20,财富中文网
2021-07-20,2021年《财富》中国500强发布 上榜上市公司总营业收入达53万亿元人民币,财富中文网
2021-07-20,2021年《财富》中国500强排行榜揭晓：地产业入榜公司最多,财富中文网
2021-07-20,瞄准全球化管理能力，这家学院要与更多企业定制国际财务人才培养方案,消费日报网
2021-07-20,A 股午评：指数早盘弱势震荡 白酒概念逆势领涨,ZAKER
2021-07-20,基金持仓动向：永赢基金李永兴二季度加仓这些股（名单）,证券之星
2021-07-20,快讯：采掘服务板块全线下挫 中海油服跌逾4% 连续下跌,新浪
2021-07-20,港股石油股走低 中国石油及昆仑能源均跌近3%,新浪
2021-07-20,港股异动 | 中石油(00857)跌超4%领跌石油股 OPEC+增产及疫情引发石油需求担忧,智通财经
2021-07-20,油服：OPEC+分歧消除 国内继续加大勘探开发将成十四五主基调,新浪
2021-07-19,化工点评报告：OPEC+达成协议 油价或将继续上涨,新浪
2021-07-19,绿色能源与大宗商品月报(2021年7月),新浪
2021-07-19,深度*行业*机械设备行业周报机械设备行业周报：重视半导体量测设备赛道：上海精测交付首台OCD、REVIEW SEM设备,新浪
2021-07-19,能源化工行业国际油价点评：OPEC+达成产量决议 有望支撑短期油价,新浪
2021-07-19,OPEC+决议好于预期或推动油价上行，关注上游低估值龙头,中信证券
2021-07-19,中信证券：OPEC+决议好于预期，有望推动油价上行,Wind
2021-07-19,中信证券：OPEC+决议好于预期有望推动油价上行,财联社
2021-07-19,国际油价｜OPEC+决议好于预期，有望推动油价上行,中信证券研究
2021-07-19,晨会0719｜预期再修正，风格再平衡,中信证券研究
2021-07-18,【开源煤炭&石化-张绪成】石化周报：油价高位震荡，长丝需求盈利向好,能源观察站
2021-07-17,石油化工行业跟踪报告：6月美国商业原油库存环比减少5.2%,新浪
2021-07-16,【期市星期五】市场不确定性增加，油价高位波动加剧！不锈钢大涨，镍刷新四个半月高位,金融界
2021-07-16,港股收评：恒指微涨0.03%，港交所一度暴涨5%,证券之星
2021-07-13,摩通：首予中海油服(2883.HK)“增持”评级目标价7港元,格隆汇
2021-07-12,能源化工行业周观点：油价振荡后上行 光伏新能源材料关注度高,新浪
2021-07-11,【开源煤炭&石化-张绪成】石化周报：OPEC+未达一致支撑油价，看好长丝后续行情,能源观察站
2021-07-09,中国海油：可燃冰开发领域获得新突破！,国际燃气网
2021-07-08,20.41亿元主力资金今日撤离采掘板块,证券时报网
2021-07-08,港股收盘(7.8)|恒指收跌2.89%创半年新低 科技股、餐饮股全线重挫 连续下跌,智通财经
2021-07-08,【国元机械】6月挖掘机行业销量点评报告：国内已步入淡季，出口仍表现亮眼,国元高端装备
2021-07-08,石油股继续下跌 中石油跌超5%中海油跌超3%,新浪
2021-07-08,港股异动 | 中石油(00857)跌超5%领跌石油股 阿联酋计划单方面增加产量及市场份额,智通财经
2021-07-08,国产自主天然气水合物钻探和测井技术装备海试取得重大进展,Wind
2021-07-08,国产自主天然气水合物钻探和测井技术装备海试取得重大进展,中国科技网
2021-07-07,张忆东2021年中期投资策略：看好光伏、石油、新能源等（股）,张忆东策略世界
2021-07-07,8.40亿元主力资金今日撤离采掘板块,证券时报网
2021-07-07,【兴证海外能源公用】2021年中期投资策略：“碳中和”愿景下，看好公用事业龙头公司；油价走出至暗时刻，看好国内外油服公司,张忆东策略世界
2021-07-07,港股异动 | 中石油(00857)跌超4%领跌石油股 周二国际油价大幅下跌 连续下跌,智通财经
2021-07-07,【异动股】石油行业板块低开，沈阳化工(000698.CN)跌7.6%,财华社
2021-07-06,欧佩克＋未达成增产协议，国际油价三年来首次冲上77美元,腾讯网
2021-07-06,国际油价｜低资本开支抑制供应放量，未来2-3年中高油价可持续,中信证券研究
2021-07-05,能源化工行业周观点：油价持续新高 化工Q2业绩预告亮眼,新浪
2021-07-05,A股三大指数小幅上涨，锂电池板块再掀涨停潮,21世纪经济报道
2021-07-05,大宗商品行业周报：绿色能源与大宗商品周报(2021年第9期),新浪
2021-07-03,先进制造行业周报：借势双碳战略 氢燃料电池再站产业风口,新浪
2021-07-02,好日子来了！“两桶油”上半年净利增长超千亿，油市来到十字路口,21世纪经济报道
2021-07-02,"油服板块逆势大涨，""两桶油""半年净赚近1000亿，行业景气回升丨牛熊眼",第一财经
2021-07-02,【异动股】可燃冰板块高开，潜能恒信(300191.CN)涨6.56%,财华社
2021-07-02,【安信金工】组合调仓-全市场金股优选2021年7月,主动型量化
2021-07-01,高端龙头抢滩 扛鼎高技术制造,南方日报
2021-06-28,机械设备行业周报：多类芯片新需求叠加 半导体设备供不应求,新浪
2021-06-28,中海油服：我国海洋石油工业首个自营深水大气田“深海一号”即将投产,Wind
2021-06-28,中信证券：油价持续中高位运行，布局高景气下的业绩高确定性,证券时报网
2021-06-28,钢铁集团海外观察2020：积极应对疫情冲击，韧性中积蓄复苏反弹势能,中信证券研究
2021-06-28,能源化工｜国际油价：油价持续中高位运行，布局高景气下的业绩高确定性,中信证券研究
2021-06-28,油价创两年半新高相关公司值得关注（附股）,金融界
2021-06-25,板块异动丨布伦特原油期货创两年以来新高 油气概念股持续上扬,智通财经
2021-06-24,化工行业日报：川财研究能源及公用事业产业链核心数据跟踪日报,新浪
2021-06-23,【异动股】可燃冰板块下挫，准油股份(002207.CN)跌3.38%,财华社
2021-06-23,【异动股】可燃冰板块下挫，潜能恒信(300191.CN)跌4.01%,财华社
2021-06-22,环球股市全日总结：6月22日,农银国际
2021-06-22,中海油服(601808)：中期策略会反馈 2H21进入作业高峰期,新浪
2021-06-22,明日最具爆发力六大黑马,证券之星
2021-06-22,港股收盘(6.22)|恒指收跌0.63% 骨科耗材集采文件出炉 春立医疗(01858)暴涨36%领涨耗材股,智通财经
2021-06-22,A股收盘：成交额再度破万亿 外资净卖出24亿元 石油股集体上涨,证券之星
2021-06-22,收评：指数午后下探回升 种植业与林业涨幅居前,ZAKER
2021-06-22,【国元机械】晶盛机电深度报告：迎硅片扩产顺周期风口，长晶设备龙头扬帆起航,国元高端装备
2021-06-22,油气板块走高机构：下半年石油装备景气度将显着回升,第一财经
2021-06-22,石油股早盘集体走高 中海油服涨超5%,新浪
2021-06-22,采掘服务板块开盘走高 恒泰艾普大涨逾6%,中国经济网
2021-06-22,【异动股】可燃冰板块拉升，博迈科(603727.CN)涨5.85%,财华社
2021-06-22,快讯：采掘服务板块开盘走高 恒泰艾普大涨逾7%,新浪
2021-06-22,石油板块走强 潜能恒信高开逾6%,e公司
2021-06-20,【开源煤炭&石化-张绪成】石化周报：油价上涨动力犹在，长丝需求趋势向好,能源观察站
2021-06-20,先进制造行业周报-氢能乘用车变局：本田放手 捷豹路虎挺进,新浪
2021-06-19,A股版图十年大变迁,Wind
2021-06-19,A股版图十年大变迁：头部公司市值排名“换了人间”,经济观察报
2021-06-18,A股全天震荡创指巨震洗盘收涨1.6% 科技领涨市场有望继续反弹,财华社
2021-06-18,目前市场处于震荡休整期，创业板连续中阳 下周重点关注量能变化,财华社
2021-06-18,股市动态 | 指数分化震荡，有机硅供不应求领涨板块，电池板块火热延续,财经网
2021-06-18,两市分化：沪指微跌，创指涨1.59%，成交重上万亿元,澎湃新闻
2021-06-18,【国元机械】5月工业机器人产量数据点评报告：行业景气度延续，进口替代不断加速,国元高端装备
2021-06-18,【异动股】可燃冰板块下挫，中海油服(601808.CN)跌7.15%,财华社
2021-06-18,【异动股】石油行业板块下挫，中海油服(601808.CN)跌7.15%,财华社
2021-06-18,【异动股】石油行业板块下挫，博迈科(603727.CN)跌6.75%,财华社
2021-06-18,港股异动 | 中海油服(02883)跌超4%领跌石油股 美联储转鹰美元飙升 国际油价大跌 连续下跌,智通财经
2021-06-18,石油化工行业：5月油价延续上涨态势 建议关注油价上涨的投资机会,新浪
2021-06-17,石油石化行业中期策略：大宗品景气分化 新材料价值凸显,新浪
2021-06-17,巨丰早评：A股有望打出短期低点,巨丰财经
2021-06-16,A 股又绿了，跌停潮来袭！李大霄称无需恐慌，个股跌 50％也正常,ZAKER
2021-06-16,犀牛财经看市：美股集体收跌沪指跌1.07% 连续下跌,GPLP犀牛财经
2021-06-16,A股大幅杀跌创指重挫4%市场避险情绪浓厚金融股强势护盘,财华社
2021-06-16,股市动态 | 创业板指下挫4.18%，石油行业、第三代半导体逆市上行,财经网
2021-06-16,【焦点复盘】中石油“魔咒”再度显现，大金融护盘难掩颓势，连续3日跌逾5%个股超200家,财联社
2021-06-16,景气回升，2021年油服迎业绩拐点,Wind
2021-06-16,金融股护盘明显创业板短线破位,巨丰财经
2021-06-16,巨·大盘｜第二轮抱团股瓦解行情悄然展开,巨丰财经
2021-06-16,收评：A股三大股指集体下挫，创业板单边下行跌超4%，大金融拉盘未果，能源股逆市上扬 连续下跌,金融界
2021-06-16,巨丰收评：创业板指重挫4% 金融股护盘明显,巨丰财经
2021-06-16,油价创近两年半新高 中石油年内已涨27% 万亿市值近在咫尺,第一财经
2021-06-16,【国元机械】弘亚数控(002833)：上半年业绩大幅预增，产能释放带动公司加速成长,国元高端装备
2021-06-16,【异动股】石油行业板块拉升，潜能恒信(300191.CN)涨13.77%,财华社
2021-06-16,原油期货大涨 能源设备板块早盘集体走高｜板块牛熊榜,第一财经
2021-06-16,北向资金净流出4.87亿，东方财富、隆基股份、五粮液被卖出超30亿！机构解读,和讯
2021-06-16,午评：三大股指震荡走弱创业板跌3.44%，锂电池板块大幅回落，煤炭石油股逆市走强,金融界
2021-06-16,解盘：题材股分化，大基建、半导体、乡村振兴、IGBT略涨,Wind
2021-06-16,午评：指数早盘大幅杀跌创指跌逾3% 半导体板块逆势走高,新浪
2021-06-16,石油板块发力走高，潜能恒信等大涨，国际油价触及逾两年高位,证券时报网
2021-06-16,采掘服务板块持续拉升,经济观察报
2021-06-16,【异动股】石油行业板块高开，潜能恒信(300191.CN)涨8.92%,财华社
2021-06-16,开源证券--石油化工行业周报：油价延续上涨走势，看好长丝需求复苏【行业研究】,金融界股吧
2021-06-15,国君策略：厝火积薪，成长扩散,证券之星
2021-06-15,国君策略：估值体系重塑新阶段 二三线成长品种具备重估价值,新浪
2021-06-15,财闻点金： 华为将举办5G+AR全球线上+线下峰会,巨丰财经
2021-06-15,6月15日操盘必读：影响股市利好与利空消息,新浪
2021-06-15,【有声早报】华龙证券6月15日财经早报,华龙掘金
2021-06-15,财联社6月15日早报（周二）,财联社
2021-06-14,板块拾金丨鸿蒙概念股强势来袭；白酒板块回调风云突变，节后形势一片大好？,第一财经
2021-06-14,【广发化工|周观点】化工品价格涨多跌少，尿素价格持续上涨,广发化工微平台
2021-06-11,先进制造行业周报：深圳将发展氢能纳入十四五规划,新浪
2021-06-11,BlackRock Inc.减持中海油田服务股份约1428.39万股 减持股份,每日经济新闻
2021-06-11,港股行情复盘：恒生指数跌0.01% 手机产业链股多数走低 中海油服(02883)跌5.11%（2021/6/11）,--
2021-06-11,石化行业OPEC月报点评：OPEC逐步放松减产 需求复苏提供支撑,新浪
2021-06-11,Gridsum COMPaaS亮相能源装备盛会，国双助力工业互联网行稳致远,北国网
2021-06-11,智通港股早知道︱(6月11日)投资港股基金鼓励投资者申购，看好互联网、消费等板块配置价值,智通财经
2021-06-10,国际油价走强北上资金抢筹8只油服概念股这6股获机构看好,第一财经
2021-06-10,石油化工行业：7月继续增产 油价强势上涨,新浪
2021-06-10,A股明日风口：关于支持浙江高质量发展、建设共同富裕示范区的意见发布,新浪
2021-06-10,港股行情复盘：恒生指数跌0.01% 手机产业链股多数走低 中海油服(02883)跌5.11%（2021/6/10）,--
2021-06-10,国内成品油价将迎来年内第八涨！国际油价年涨幅达45%，两大巨头底部反弹，6股业绩有望高增长,e公司
2021-06-10,【国元机械】5月挖掘机行业销量点评报告：行业逐渐进入淡季，需求韧性值得期待,国元高端装备
2021-06-10,港股收盘| 恒指收跌0.01% 机构预测全年纯利或达775亿 中远海控收涨逾11%,乐居财经
2021-06-10,美银证券：中海油服降至跑输大市评级 目标价6.2港元 投资评级恶化,新浪
2021-06-10,中海油服AH股齐跌H股放量跌超5%遭投行大削目标价 机构下调估值,格隆汇
2021-06-10,美银证券：大幅下调中海油服(02883)目标价51.6%至6.2港元 以反映二季业绩或逊于预期等影响 机构下调估值,智通财经
2021-06-10,中海油服跌超4% 遭美银证券降至跑输大市评级 投资评级恶化,新浪
2021-06-10,港股异动 | 中海油服(02883)跌超4% 美银证券称二季度业绩可能逊预期 下调其目标价52% 盈利能力下降,智通财经
2021-06-10,大行评级|美银证券：降中海油服(2883.HK)评级至“跑输大市”目标价下调至6.2港元,格隆汇
2021-06-09,犀牛财经看市：美股涨跌互现 三大股指窄幅震荡,GPLP犀牛财经
2021-06-09,【国元机械&电新】斯莱克深度报告：布局电池壳体制造，开启第二增长曲线,国元高端装备
2021-06-09,中海油服(601808.SH)将于6月17日分红 每股A股派0.17元,智通财经
2021-06-09,中海油服(601808.SH)：2020年度权益分派10派1.7元 股权登记日6月16日,格隆汇
2021-06-09,采掘、钢铁板块领涨，3张图一览相关个股业绩、估值、债券风险情况,Wind
2021-06-09,疯了！一则消息，这家公司午后突然暴拉！投资者们嗨了，高呼永远的神！成交额飙至两市第一，还能上车吗？,雪球
2021-06-09,原油将破百？美页岩油已拧开阀门等候,Wind
2021-06-09,A股收评：三大指数缩量震荡，资源股全天强势,格隆汇
2021-06-09,热点淘金：市场延续调整节奏 煤炭股受热炒,巨丰财经
2021-06-09,巨丰收评：市场主线再次生变,巨丰财经
2021-06-09,连拉50多个涨停后再拉10个涨停！乐视网暴涨近3倍，A股ST板块也涨疯了,上游新闻
2021-06-09,活跃资金看中了这个大板块！,Wind
2021-06-09,上午，活跃资金看中了这个大板块！,中国证券网
2021-06-09,中海油服大涨,新浪
2021-06-09,石油板块集体走强 中国石油涨超3%,e公司
2021-06-09,快讯：油气概念股全线走强中国石油涨超3%,财联社
2021-06-09,采掘服务板块异动拉升,经济观察报
2021-06-09,中银证券：油价回归到70美元/桶以上水平，推荐关注具备国际竞争力的油服龙头,证券时报网
2021-06-09,油服板块异动上攻，博迈科大涨7%,Wind
2021-06-08,深度*行业*机械设备行业周报：重视万物互联时代下装备制造升级的历史机遇,新浪
2021-06-07,石油化工行业周报：油价突破前高站上70美元 看多石化全产业链,新浪
2021-06-04,先进制造行业2021年6月月报：航天军工继续反弹 先进制造仍然聚焦国产替代,新浪
2021-06-04,张金庆：海上稠油规模热采势在必行,上海石油天然气交易中心
2021-06-04,【行情】采掘服务板块下挫走弱，潜能恒信跌近7%，准油股份、中海油服、贝肯能源跟跌,金十数据
2021-06-03,川财证券：5月金股组合盈利7.99% 6月荐股名单出炉,新浪
2021-06-03,亮点抢先看！cippe2021北京石油展6月8日开幕！,中国能源网china5e
2021-06-03,【金工-杨勇】组合调仓-券商金股优选2021年6月,安信证券研究
2021-06-03,万亿量能背后维持的平衡,华龙掘金
2021-06-02,国际油价强势上涨，布油站上71美元，影响几何？丨火线解读,第一财经
2021-06-02,富时罗素季度调整结果公布，速看新增剔除A股标的全名单,Wind
2021-06-02,今日股市0602丨赚钱效应大幅下降，短期控制仓位还是积极调仓换股？,第一财经
2021-06-02,A股资本地图天津篇：62家公司上市，市值逾1.2万亿，近七成为细分领域龙头,时代在线
2021-06-02,犀牛财经看市：美股收盘涨跌互现三大指数低开低走,GPLP犀牛财经
2021-06-02,中富金石：指数延续震荡整理走势 碳交易概念逆市走强,中金在线
2021-06-02,A股收评：沪指跌0.76%失守3600点，盐湖提锂、医美概念重挫,证券之星
2021-06-02,油气开采板块今日大涨|数据观察,第一财经
2021-06-02,今日大盘分析预测 6月2日股市收盘行情分析,至诚财经
2021-06-02,中海油服大涨,新浪
2021-06-02,【行情】采掘服务板块持续拉升走高，恒泰艾普涨停，潜能恒信涨超18%，惠博普、准油股份、中海油服跟涨,金十数据
2021-06-02,【异动股】石油行业板块拉升，恒泰艾普(300157.CN)涨19.9%,财华社
2021-06-02,【异动股】可燃冰板块拉升，潜能恒信(300191.CN)涨17.88%,财华社
2021-06-02,【异动股】可燃冰板块拉升，潜能恒信(300191.CN)涨17.52%,财华社
2021-06-02,华尔街见闻早餐FM,证券之星
2021-06-02,港股异动|石油股高开中海油服(2883.HK)涨超3%,格隆汇
2021-06-01,今日港股行情分析 6月1日港股行情恒生指数收盘,至诚财经
2021-06-01,港股收盘(6.1)|恒指收涨1.08% 获纳入恒生综合指数 京东物流(02618)收涨逾10%,智通财经
2021-06-01,石油股午后集体走高 昆仑能源涨近5%,新浪
2021-06-01,港股异动 | 昆仑能源(00135)涨超5%领涨石油股 国际油价创三个月新高 布油突破70美元,智通财经
2021-05-31,学党史悟思想办实事开新局 | 从“企业找政策”到“政策找企业”,交通运输部
2021-05-31,石油石化行业研究周报：部分成品油征收进口环节消费税利好主营炼厂,新浪
2021-05-31,【异动股】油价相关板块下挫，*ST海航(600221.CN)跌4.37%,财华社
2021-05-31,【异动股】油价相关板块下挫，*ST海航(600221.CN)跌3.49%,财华社
2021-05-29,先进制造行业周报：中联重科助力中俄最大核能合作项目建设,新浪
2021-05-27,中海油服(601808)：我们预计4月份盈利恢复仍不及市场预期；全年投资逻辑不变 盈利能力下降,新浪
2021-05-26,BlackRock Inc.增持中海油田服务股份约1398.17万股,每日经济新闻
2021-05-25,天津区域股市周报：总市值涨517亿 1422万融资买入中科曙光,每日经济新闻
2021-05-25,石油石化行业数据周报：假期油价走势回顾,新浪
2021-05-24,能源化工行业周观点：化工行业处传统淡季 农化、钛白粉等延续强势,新浪
2021-05-24,川财证券--先进制造行业周报：全球最大加氢站已进入试运行阶段【行业研究】,金融界股吧
2021-05-23,【开源煤炭&石化-张绪成】石化周报：油价震荡具有强支撑，长丝订单存在补单补量,能源观察站
2021-05-21,逾五成采掘股被机构力荐，7只潜力股上涨空间或超40%,第一财经
2021-05-20,顺周期三大板块领跌！2张图一览237家上市公司业绩、债券风险情况,Wind
2021-05-20,午评：指数早盘低开震荡 资源股大幅回调,ZAKER
2021-05-20,港股石油股全线走低 中国石油跌超6%,新浪
2021-05-20,港股异动 | 中石油(00857)跌超6%领跌石油股 美国商业原油库存增加 国际油价走弱,智通财经
2021-05-20,【行情】采掘服务板块走弱，中海油服跌超5%，通源石油、中曼石油、中油工程跟跌,金十数据
2021-05-19,[路演]中海油服：预计二季度公司各板块工作量将有提升,全景网
2021-05-19,两市分化：沪指跌0.51%，创指涨0.8%，个股跌多涨少,澎湃新闻
2021-05-19,两市震荡分化：沪指跌0.41%，汽车股强势拉涨,中新经纬
2021-05-19,午评：指数早盘走势分化 汽车整车板块领涨,ZAKER
2021-05-19,【异动股】可燃冰板块低开，吉艾科技(300309.CN)跌3.69%,财华社
2021-05-19,【行情】采掘服务板块开盘走弱，中曼石油跌近4%，通源石油、中海油服、准油股份跟跌,金十数据
2021-05-18,沪指三连阳再度站稳3500点 石油板块领涨两市周期股卷土重来,财华社
2021-05-18,今日港股行情分析 5月18日港股行情恒生指数收盘,至诚财经
2021-05-18,涨停复盘：生物疫苗板块回调 次新、中医药个股持续活跃,ZAKER
2021-05-18,恒指收涨1.42% 山东墨龙暴涨46%,新浪
2021-05-18,港股收盘(5.18)|恒指收涨1.42% 中国将优化铁矿石供应 山东墨龙(00568)暴涨46%,智通财经
2021-05-18,热点淘金：两市高位窄幅调整 石油开采引领市场走高！,巨丰财经
2021-05-18,采掘服务概念午后持续活跃 惠博普涨停,中国经济网
2021-05-18,光大证券--原油周报第199期：原油库存已逐步恢复正常【行业研究】,金融界股吧
2021-05-18,采掘服务板块持续拉升，惠博普涨停，通源石油涨超6%，贝肯能源、金诚信、中海,新浪
2021-05-18,【异动股】可燃冰板块拉升，吉艾科技(300309.CN)涨18.94%,财华社
2021-05-18,AH股采掘板块大涨，国际油价创两年新高，行业景气度提升,第一财经
2021-05-18,采掘服务板块异动拉升,经济观察报
2021-05-18,【异动股】可燃冰板块拉升，吉艾科技(300309.CN)涨18.06%,财华社
2021-05-18,板块异动丨上半年国内炼油业绩同比将显着改善 石化服务板块异动拉升,智通财经
2021-05-18,石油股普涨 中石化上涨3.45%中海油服上涨3.42%,新浪
2021-05-18,石油股普涨美原油期货创两年来最高收盘价,格隆汇
2021-05-17,川财证券--先进制造行业周报：世界首个水热同产同送科技示范工程海阳核电投运【行业研究】,金融界股吧
2021-05-16,石油石化、基础化工、新材料行业北上资金流向周报：石油化工新材料行业北上资金周报,新浪
2021-05-14,大举押注矿产能源，一季报最牛基金经理竟是他们？,新浪
2021-05-14,化工行业国有上市企业动态报告：国有企业改革叠加内源性增长 化工上市央企估值有望修复,光大证券
2021-05-14,天津区域股市周报：中远海控市值增长最多 海航科技涨13.49%排第一,每日经济新闻
2021-05-13,中海油田服务(02883.HK)拟举行“投资者网上集体接待日”活动,格隆汇
2021-05-13,【国元机械】4月挖掘机行业销量点评报告：4月销量符合预期，下游需求韧性仍强,国元高端装备
2021-05-12,石油化工行业跟踪报告：需求仍有支撑 全年供需格局向好――OPEC月报点评,新浪
2021-05-12,美国输油管道“被黑”导致油价攀升，三条主线布局油服股,第一财经
2021-05-11,【国元机械】机械行业2020年年报及2021年一季报总结：高端制造景气度延续，一季度强劲复苏,国元高端装备
2021-05-11,【民生研究】策略+行业：2020年年报及2021年一季报综述,新浪
2021-05-11,周期股全面爆发 踏空者自嘲“手无寸铁”,财富动力网
2021-05-10,管道行业巨头齐亮相！CIPE2021北京管道展6月8-10日举办,中国能源网
2021-05-10,【国元机械】海油工程(600583)2021年一季报点评：2020Q1实现良好开局，看好全年业绩弹性,国元高端装备
2021-05-10,【国元机械】中海油服(601808)2021年一季报点评：和解收入造成盈利波动，全年业绩仍然值得期待,国元高端装备
2021-05-10,【国元机械】杰瑞股份(002353)2021年一季报点评：2021Q1业绩符合预期，员工持股计划彰显发展信心,国元高端装备
2021-05-10,A股持续震荡沪指探底回升收红?周期股持续爆发金融股拖累市场,财华社
2021-05-10,外围市场连续走强 大宗商品继续暴涨,财华社
2021-05-10,第十一届北京国际海洋工程技术与装备展览会（CM2021）将新国展中心举行,消费日报网
2021-05-10,港股异动 | 中海油服(02883)涨超7%领涨石油股 高盛预计全球原油供需缺口开始扩大,智通财经
2021-05-10,国双工业互联网厚积薄发，携手迈斯康特进军智能检测新领域！,北国网
2021-05-10,板块异动丨美国最大燃油管道商遭网络攻击暂停运营 油气服务板块异动拉升 经营问题,智通财经
2021-05-10,1800家企业将齐聚cippe2021，北京石油展6月8日开幕,中国能源网china5e
2021-05-10,【行情】油气概念股异动，中曼石油拉升封板，恒泰艾普、贝肯能源、中海油服、通源石油等跟涨,金十数据
2021-05-10,油服板块尾盘拉高，恒泰艾普大涨14%,Wind
2021-05-10,A股异动丨石油股普涨美国东部油管受黑客攻击而瘫痪逾两日,格隆汇
2021-05-10,港股异动︱中海油服(02883)涨超7% 兴业证券维持其“买入”评级并看高目标价至10.3港元,智通财经
2021-05-10,能源化工行业周观点：化工产品景气高位延续 关注碳中和、农化、海外复苏等主线,新浪
2021-05-10,元富证券(香港)--元富证券（香港）投资日刊【投资策略】,金融界股吧
2021-05-10,石油化工行业周报：从油价上涨的弹性到石化产品盈利的持续性,新浪
2021-05-10,石化行业2020年报&2021一季报总结：油价回升 助力行业盈利能力改善,新浪
2021-05-08,原油周报：印度日本疫情持续恶化 国际油价先扬后抑,光大证券
2021-05-08,中海油服(601808)：工作量下降利润减少 预计Q2环比改善,新浪
2021-05-07,【国元机械】浙江鼎力(603338)2020年年报及2021年一季报点评：业绩短期承压，臂式放量带动盈利能力企稳回升,国元高端装备
2021-05-07,先进制造行业周报：海水提铀技术中长期发展规划正式发布,新浪
2021-05-07,光大证券--化工行业原油周报第197期：OPEC+看好未来原油需求，国际油价小幅回升【行业研究】,金融界股吧
2021-05-07,中海油服(601808)：油价修复叠加降本增效 业绩有望持续释放,新浪
2021-05-07,兴业证券：维持中海油服(02883)“买入”评级 Q1工作量有所下降 目标价10.3港元,智通财经
2021-05-07,川财证券--先进制造行业周报：华龙一号漳州核电首台反应堆压力容器水压试验圆满成功【行业研究】,金融界股吧
2021-05-01,券商首次关注4股并给予买入评级（5月1日）,Wind
2021-04-30,东北证券给予中海油服买入评级：油价修复叠加降本增效，业绩有望持续释放，目标价16.6元,每日经济新闻
2021-04-30,重磅人事 | 赵顺强升任中海油服董事长、首席执行官,华夏能源网
2021-04-30,【国元机械】锐科激光2020年报&2021年一季报点评:盈利能力回升，产品多点开花打造差异化竞争,国元高端装备
2021-04-30,大行评级|瑞信：中海油服(2883.HK)首季业绩令人失望降目标价至9.3港元 盈利能力下降,格隆汇
2021-04-29,智通每日大行研报︱比亚迪股份(01211)获野村看高至300港元 花旗予中兴通讯(00763)“沽售”评级,智通财经
2021-04-29,中海油服一季度营收利润双双大跌 盈利能力下降,国际船舶
2021-04-29,中海油服：选举赵顺强为公司董事长，聘任其为首席执行官，并同意其担任董事会提名委员会委员职务,每日经济新闻
2021-04-29,中海油服：2021年第一季度净利润约1.81亿元，同比下降84.1% 盈利能力下降,每日经济新闻
2021-04-28,中海油服(601808.SH)第一季度归母净利润同比下降84.1%至1.81亿元 盈利能力下降,智通财经
2021-04-28,中海油服2021年第一季度实现净利1.84亿元,证券时报网
2021-04-28,中海油服：董事长、首席执行官发生变更 董监高成员变化,Wind
2021-04-28,中海油服：一季度净利润同比减少84.1% 盈利能力下降,Wind
2021-04-28,采掘行业周报,新浪
2021-04-28,【国元机械】中铁工业（600528）2021年一季报点评：业绩大幅增长，盈利能力保持稳定,国元高端装备
2021-04-28,晨会0428｜公募行业马太效应继续强化,中信证券研究
2021-04-27,【国元机械】江苏神通(002438)2021年一季报点评：2021Q1业绩符合预期，将持续受益于“碳中和”,国元高端装备
2021-04-27,勘探开发投资力度不减，继续看好上游和油服,光大证券
2021-04-26,A股明日风口：20部门联合推进海南自贸港贸易自由化便利化,新浪
2021-04-26,化工点评报告：石油石化配置连续三季度回升 关注龙头及偏成长相关标的,新浪
2021-04-26,能源化工行业周观点：业绩披露期即将结束 多数子行业景气高位,新浪
2021-04-24,浙商机械 邱世梁‖王华君 挖掘机：预计4月销量同比增长约10%，全年增速20%以上,高端装备制造及材料
2021-04-23,基金一季报动向出炉，下一步应该如何配置？,养基司令
2021-04-21,港股收盘(4.21)|恒指收跌1.76% 医美、医疗器械股走高 汽车、石油股领跌,智通财经
2021-04-21,港股异动 | 中海油服(02883)跌超6%领跌石油股 国内外原油期货持续走低,智通财经
2021-04-20,光大证券--石油行业原油周报第195期：OPEC和IEA上调全球石油需求预期，国际油价大幅上涨【行业研究】,金融界股吧
2021-04-15,威海金陵承修渤海7号平台EPS海上工厂适应性改造项目开工,国际船舶
2021-04-13,海油发展：公司与中海油服不存在同业竞争,Wind
2021-04-12,石油化工行业周报：疫情反复油价震荡 长丝价格持续回暖,新浪
2021-04-12,川财证券--先进制造行业周报：美锦旗下飞驰科技成功研制全球首台固态储氢燃料电池冷藏车【行业研究】,金融界股吧
2021-04-12,一季报业绩前瞻，预告超7成公司已恢复（4月12日）,德邦证券微资讯
2021-04-09,中海油服(601808)公司深度报告：重资产向重技术蝶变 乘复苏东风进击全球龙头,新浪
2021-04-09,德邦证券--中海油服公司深度报告：重资产向重技术蝶变，乘复苏东风进击全球龙头【公司研究】,金融界股吧
2021-04-09,【国元机械】3月挖掘机行业数据点评报告:内外需求共振，行业景气度持续向好,国元高端装备
2021-04-09,【国元机械】杰瑞股份(002353)2020年年报点评：2020年业绩符合预期，着力开拓北美市场,国元高端装备
2021-04-09,扎堆调研化工股成基金增仓新风向,Wind
2021-04-09,扎堆调研化工股成基金增仓新风向,中证报
2021-04-08,天津区域股市周报：总市值涨281亿 中远海控涨14.82%排第一,每日经济新闻
2021-04-08,石油化工2021年一季报业绩前瞻：油价及化工品景气上行,中国能源网china5e
2021-04-08,机构扎堆调研化工行业龙头 睿远基金、高毅、星石最青睐这五只票,中证报
2021-04-07,净利增长50倍、60倍、70倍……这个板块吸引睿远、高毅的目光,中证报
2021-04-07,石油化工行业：OPEC+将逐步增产 油价短期仍将上行,新浪
2021-04-07,【国元机械】晶盛机电业绩点评：长晶设备龙头迎下游扩产，一季度业绩大幅增长,国元高端装备
2021-04-06,川财证券--先进制造行业周报：第四张核电牌照颁发，华能成功入局【行业研究】,金融界股吧
2021-04-06,石油化工新材料行业北上资金周报,新浪
2021-04-02,机械行业月报：一季报行情来临 关注财报业绩较好的工程机械、工业机器人等顺周期机械龙头,新浪
2021-04-02,OPEC+4月会议点评：OPEC+增产是对全球石油需求有着更为乐观的预期,光大证券
2021-04-01,光大证券--化工行业原油周报第192期：全球多国疫情反弹，国际油价波动剧烈【行业研究】,金融界股吧
2021-04-01,川财4月金股组合,新浪
2021-04-01,【国元机械】三一重工（600031）2020年年报点评：业绩强势增长，决胜国际化龙头,国元高端装备
2021-03-31,川财证券4月金股出炉 派能科技、蔚蓝锂芯等个股上榜,证券日报网
2021-03-31,雄安建设按下“快进键”，个股掀涨停潮！还有哪些概念股,财联社
2021-03-31,微观流动性跟踪研究框架（3月31日）,德邦证券微资讯
2021-03-31,【国元机械】中铁工业2020年年报点评：新老基建助力业绩增长，地下空间扩容支撑长期发展,国元高端装备
2021-03-30,机械设备行业点评：三桶油计划资本支出增加9％ 历史看中石油计划支出有望上调,新浪
2021-03-30,石油板块强势上扬 中油工程贝肯能源连续两日涨停,证券时报网
2021-03-30,快讯：油服板块再度走强 中油工程涨停封板,新浪
2021-03-30,【中原晨会0330】市场分析、行业周观点、国泰君安、光伏行业周报、招商银行、传媒行业周报、机械行业月报,中原证券研究所
2021-03-30,【兴业证券晨会聚焦0330】海外-中海油服深度；医药-康龙化成；食饮-光明乳业；建筑-中钢国际；电新-恩捷股份；金融-中国太保,兴证研究
2021-03-30,三大油气央企“双碳”目标时间表提前、路线图拟定,中国科技网
2021-03-29,45公司获得增持评级-更新中,中财网
2021-03-29,化工行业周观点：业绩披露高峰期临近 关注业绩超预期机会,新浪
2021-03-29,石油化工行业周报：2021年海外石化龙头公司估值对标之-沙特阿美公司,新浪
2021-03-29,石油化工新材料行业北上资金周报,新浪
2021-03-29,石油化工行业周报：航运中断支撑油价 长丝价差持续回暖,新浪
2021-03-29,大行评级|汇丰研究：升中海油服(2883.HK)今明两年盈测目标价上调至9.85港元,格隆汇
2021-03-29,国海证券--中海油服年报点评：业绩符合预期，盈利弹性有望继续释放【公司研究】,金融界股吧
2021-03-29,平安证券--化工行业周报：石油公司逐渐加大对新能源的布局【行业研究】,金融界股吧
2021-03-29,川财证券--石油化工行业周报：关注OPEC会议以及苏伊士运河疏通进度【行业研究】,金融界股吧
2021-03-28,【开源煤炭&石化-张绪成】中海油服年报点评：Q4业绩超预期，降本增效显着提升盈利能力,能源观察站
2021-03-26,55公司获得增持评级-更新中,中财网
2021-03-26,77股今日获机构买入评级,证券时报网
2021-03-26,天津区域股市周报：总市值涨208亿6522.04万融资买入中科曙光,每日经济新闻
2021-03-26,中海油服(601808)：4Q20核心利润超预期；警惕1Q21工作量大幅下跌的风险,新浪
2021-03-26,中海油服(601808)：加大研发降低成本 为增储上产服务,新浪
2021-03-26,瑞银：升中海油服(2883.HK)评级至买入 目标价上调至12港元,格隆汇
2021-03-26,【天风石化】中国海洋石油2020年报点评：降本超预期,樨樨和她的油气小伙伴
2021-03-26,川财证券--中海油服2021年年报点评：加大研发降低成本，为增储上产服务【公司研究】,金融界股吧
2021-03-26,国元证券--国元证券早安直通车【投资策略】,金融界股吧
2021-03-26,89股获券商买入评级 广联达目标涨幅达95.33%,Wind
2021-03-26,华泰证券给予中海油服增持评级，基本面向好，降本增效凸显业绩韧性,每日经济新闻
2021-03-26,【国元研究丨国元晨观】20210326,国元策略
2021-03-26,险资四季度调仓新动向：坚定持有核心资产，布局顺周期股,Wind
2021-03-26,险资四季度调仓新动向：坚定持有核心资产 布局顺周期股,证券日报
2021-03-25,中海油服(601808)2020年报告点评：Q4业绩显着改善 行业景气回暖业绩可期,光大证券
2021-03-25,中海油服AH齐涨2020年度净利润升8%至27.03亿元,格隆汇
2021-03-25,中海油服(601808)2020年年报点评：成本管控成效显着 看好景气上行周期业绩持续高增长,新浪
2021-03-25,瑞信：降中海油服(2883.HK)目标价至10.2港元 评级跑赢大市 机构下调估值,格隆汇
2021-03-25,417公司公布年报80家业绩增幅翻倍,证券时报网
2021-03-25,今日45公司公布年报6家业绩增幅翻倍,证券时报网
2021-03-25,【国元机械】中海油服(601808)公司点评：2020年业绩符合预期，坚持技术+国际化发展,国元高端装备
2021-03-25,国元证券：中海油服(601808.SH)坚持技术+国际化发展，维持“买入”评级,智通财经
2021-03-25,周四最新重磅公司新闻集锦(03月25日),证券之星
2021-03-24,A股头条之上市公司公告（3.25）,金融界
2021-03-24,中海油服(02883-HK)去年多赚8% 股息17分,财华社
2021-03-24,中海油服：2020全年实现净利润27亿,证券时报网
2021-03-24,中海油服：为全资、控股子公司等提供不超过198亿元担保 大额借贷担保,每日经济新闻
2021-03-24,中海油服(601808.SH)年度归母净利同比增长8.0%至27.03亿元 每10股派1.7元,智通财经
2021-03-24,新鲜出炉！中海油服：2020年度净利润约27.03亿元，同比增加8.0%,每日经济新闻
2021-03-24,中海油服(601808.SH)：拟变更会计师事务所 变更会计师,格隆汇
2021-03-24,中海油服(601808.SH)：计提资产减值准备约6.04亿元 资产异常,格隆汇
2021-03-24,因计提资产减值准备 中海油服(601808.SH)2020年度利润总额减少约6.04亿元 资产异常,智通财经
2021-03-24,中海油服(601808.SH)2020年度净利润升8%至27.03亿元拟每股派0.17元,格隆汇
2021-03-24,中海油服：2020年净利同比增8% 拟10派1.7元,e公司
2021-03-24,中海油服：2020年计提资产减值准备6.04亿元 资产异常,Wind
2021-03-24,中海油服：2020年净利润同比增长8.03%,Wind
2021-03-24,国际油价大跌拖累 中海油服AH股均跌超6% 连续下跌,格隆汇
2021-03-24,中信证券：在油价回升、需求复苏背景下，看好石油化工行业的整体业绩表现,证券时报网
2021-03-24,能源化工｜国际油价：短期需求复苏不确定性压制油价，仍看好后续油价表现,中信证券研究
2021-03-23,“爆亏”千亿！核弹级利空又现？,中金在线
2021-03-23,A股三大指数收跌：北向资金净卖出超70亿元 周期股大跌 连续下跌,中金在线
2021-03-23,【国元机械】海油工程(600583)公司点评：2020年业绩明显好转，预计将持续改善,国元高端装备
2021-03-23,大行评级|瑞银：升中海油服(2883.HK)评级至“买入”目标价11港元,格隆汇
2021-03-22,解密主力资金出逃股连续5日净流出308股,证券时报网
2021-03-22,三大指数收盘集体涨超1%，碳中和概念领跑，北向资金净买入71亿元,21世纪经济报道
2021-03-22,平安证券--化工行业周报：降解塑料将成为拉动BDO需求的重要力量【行业研究】,金融界股吧
2021-03-22,川财证券--先进制造行业周报：多地力推新能源+储能模式【行业研究】,金融界股吧
2021-03-22,财经早茶｜彩电厂商酝酿涨价；本周336份年报出炉,证券时报网
2021-03-22,国泰君安：市场调整，投资思路也需要转换，从比质地更优到突出边际,证券时报网
2021-03-22,市场调整进入后段，可逐步布局！提前布局通胀预期拐点,Wind
2021-03-21,避险情绪叠加通胀预期，“黄金油”中长期走牛,重庆商报
2021-03-21,国泰君安策略：从比较公司质地更优转向边际改善更大及估值更匹配的资产,金融界
2021-03-19,发生了什么？国内原油期货暴跌8%，年内首次跌停！石油股也集体深“蹲” 连续下跌,证券时报网
2021-03-19,港股收盘(3.19)|恒指收跌1.41% 业绩指引大超预期 佳兆业美好(02168)暴涨26%,智通财经
2021-03-19,午评：指数早盘低位震荡创指跌逾2% 电力板块逆势走高,新浪
2021-03-19,【异动股】油价相关板块下挫，中海油服(601808-CN)跌4.99%,财华社
2021-03-19,晨会精华：A股短线大跌空间不大！重挫是逆向操作的机会,中金在线
2021-03-19,【异动股】石油行业板块低开，准油股份(002207-CN)跌7.36%,财华社
2021-03-19,快讯：采掘服务板块开盘走低 中海油服跌逾6%,新浪
2021-03-19,港股异动 | 中海油(00883)跌超4%领跌石油股 国际油价重挫 美油一度暴跌超9% 连续下跌,智通财经
2021-03-18,每日八张图纵览A股：低估值进攻才是最好的防守！抱团股能否继续追逐？,中金在线
2021-03-18,石油化工行业跟踪报告：沙特额外减产 上调2021年原油需求增速预期,中国能源网china5e
2021-03-17,管清友对话陈卫东：减排热潮是一场没有硝烟的博弈,腾讯网
2021-03-17,快讯：采掘服务板块拉升冲高 惠博普直线涨停,新浪
2021-03-16,A股缩量反弹 关注低估值板块投资机会,新浪
2021-03-16,连续6日净流入，北向资金逆市抄底，这些行业获大比例加仓,财联社
2021-03-16,两市震荡沪指涨0.24%：环保股大举拉升，白酒股活跃,中新经纬
2021-03-15,BlackRock Inc.减持中海油田服务股份约511.09万股 减持股份,每日经济新闻
2021-03-15,光大证券--原油周报第190期：OPEC上调全球石油需求预测，国际油价持续走高【行业研究】,金融界股吧
2021-03-15,川财证券--石油化工行业周报：原油高位震荡，看好油服及民营炼化【行业研究】,金融界股吧
2021-03-15,石油石化、基础化工、新材料行业北上资金流向周报,新浪
2021-03-15,原油系列报告(十四)：高油价是否可持续？,新浪
2021-03-15,石油化工行业周报：2021年海外石化龙头公司估值对标之：利安德巴塞尔公司,新浪
2021-03-15,国泰君安：继续看好周期，变化在于全球原材料周期的末端与碳中和概念的开端,证券时报网
2021-03-15,晨报0315 | 社融数据点评、A股策略报告、物产中大（600704）、金融壹账通（OCFT.N）,国泰君安证券研究
2021-03-15,挑战“冰火两重天”极限环境 我国深水钻井液技术实现领跑,中国科技网
2021-03-14,这个周末大事超多！速览影响A股10大消息！,Wind
2021-03-14,周末这些重要消息或将影响股市（附新股日历+机构策略）,证券时报网
2021-03-14,国泰君安策略：横盘震荡消化估值及筹码压力,证券时报网
2021-03-12,先进制造行业周报：荷兰成立联盟开发熔盐堆,新浪
2021-03-12,一周纺织股大事｜3月8-12日 深纺织A净利润增长89.37%！雅运股份再获高企证书！,全球纺织网
2021-03-11,腾讯独播《老友记》| 管清友对话陈卫东：碳中和博弈，能源“革命”,腾讯网
2021-03-11,中国船舶外高桥造船同日交付两座钻井平台－国务院国有资产监督管理委员会,国资委
2021-03-10,21深度丨两会释放“深化国企混改” 政策信号 资本市场或成助力改革重要阵地,21世纪经济报道
2021-03-10,红筹股是外资股吗？2021红筹股有哪些,云掌财经
2021-03-10,【异动股】可燃冰板块低开，惠博普(002554-CN)跌9.94%,财华社
2021-03-10,前2月混基业绩分化首尾相差近45% 广发易方达基金领涨,中国经济网
2021-03-10,2021年原油价格展望：年内高点可能冲击80美元 未来2年中枢继续向上,新浪
2021-03-10,万家颐和混合净值下跌4.06%,新浪
2021-03-10,加大清洁能源供应和新能源布局,中证报
2021-03-09,产油大国减产加遇袭，1.9万亿美元推动通胀，国际原油价格高企，A股“三桶油”该如何选择？,21世纪经济报道
2021-03-09,沪指失守3400点创指挫逾3%A股金针探底两市巨震深V再现,财华社
2021-03-09,瞄准碳中和目标 中国如何打造低碳经济？,中新网
2021-03-09,连续两日大跌！荣盛石化近期股价变动复盘 连续下跌,全球纺织网
2021-03-09,机械行业周报(2021年3月第1周)：关注“两会”3.65万亿元专项债；持续力推工程机械龙头,新浪
2021-03-09,花旗：能源、科技金融等板块在紧缩政策中具超额收益,格隆汇
2021-03-09,【异动股】石油行业板块低开，中曼石油(603619-CN)跌6.56%,财华社
2021-03-09,【异动股】油气设服板块低开，中曼石油(603619-CN)跌6.56%,财华社
2021-03-09,国海证券--机械设备行业第10周周报：工控行业加速进口替代，油服行业景气向上【行业研究】,金融界股吧
2021-03-09,【中原晨会0309】市场分析、券商板块周报、机械行业周报、计算机行业周报、传媒行业数据周报,中原证券研究所
2021-03-09,【中原机械】中原机械行业周报：制造业投资复苏，继续拥抱顺周期机械品种,中原证券研究所
2021-03-09,巨丰早评：A股仍将探底 注意逢高减仓,巨丰财经
2021-03-08,政府工作报告首提积极发展核电，核电板块10只股票涨停，石油板块走强,华夏时报
2021-03-08,最大石油港口遭袭布油重回70美元 A股中油服、化工等板块受益,第一财经
2021-03-08,全球最大石油港口遭袭，布油重回70美元，对A股有何影响？丨火线解读,第一财经
2021-03-08,A股收评：创业板指大跌近5%！抱团股掀跌停潮，逾3000股飘绿 连续下跌,港股那点事
2021-03-08,【龙虎榜分析】创业板指跌入技术性熊市！是“茅坑”还是“黄金坑”？,中金在线
2021-03-08,美债利率走高继续压制港股 中石油领涨石油板块丨亚太时间,第一财经
2021-03-08,巨·大盘 | 大盘为何跌势不止？未来如何应对？,巨丰财经
2021-03-08,放量大跌：沪指跌逾2%，创指跌近5%，3048只个股下跌 连续下跌,澎湃新闻
2021-03-08,巨丰收评：大盘创节后新低 蓝筹股跌势未止,巨丰财经
2021-03-08,国泰君安国际：中海油服建议投资者逢低买入 短期持有,新浪
2021-03-08,川财证券--石油化工行业周报：沙特维持减产，国际油价大幅上扬【行业研究】,金融界股吧
2021-03-08,国际油价飙升，油服板块异军突起！“十四五”加强页岩油勘探开，资本开支开启，产业链迎反转时刻,财联社
2021-03-08,巨丰午评：A50指数跌逾2% 创指跌2.5%失守2800 北向出逃50亿,巨丰财经
2021-03-08,沙特遇袭叠加OPEC减产，油价创14月新高带动期货狂飙！,格隆汇
2021-03-08,沙特减产+能源设施遇袭，机构推荐两大主线14只个股,第一财经
2021-03-08,光大证券--原油周报第189期：OPEC+会议结果助力油价上涨【行业研究】,金融界股吧
2021-03-08,油气设服板块走强，32只个股上涨，惠博普上涨10.17%,每日经济新闻
2021-03-08,石油板块持续走强 惠博普准油股份连续三日涨停,证券时报网
2021-03-08,【异动股】石油行业板块高开，惠博普(002554-CN)涨10.17%,财华社
2021-03-08,【异动股】可燃冰板块高开，惠博普(002554-CN)涨10.17%,财华社
2021-03-08,石油股全线高开 中海油服及中海油均高开逾5%,新浪
2021-03-08,板块异动 | 沙特持续大幅减产 油气价格再度走强,智通财经
2021-03-08,平安证券--化工行业周报：OPEC+决定4月份不增产，全球油价有望继续上行【行业研究】,金融界股吧
2021-03-08,港股异动 | 中海油服(02883)高开逾5%领涨石油股 沙特遇袭油价飙升 布油主连站上70美元,智通财经
2021-03-08,中石油管道局海底管线后挖沟工程创世界纪录|两座钻井平台在外高桥造船同日交付,兰格钢铁网
2021-03-08,石油化工行业周报：四大利好助油价大涨创新高 涤纶长丝市场升温,新浪
2021-03-08,十大券商策略：A股反攻号角已经吹响 重点关注“碳中和”主题板块,格隆汇
2021-03-08,美国1.9万亿美元刺激计划通过！券商把脉A股走势,Wind
2021-03-08,A股牛市格局没变！市场将进入上行窗口,Wind
2021-03-08,晨报0308 | 宏观&策略报告、地产事件点评、御家汇（300740）、隆基股份（601012）,国泰君安证券研究
2021-03-08,震荡下沿反弹在即 聚焦中盘蓝筹,财富动力网
2021-03-07,周末大事超多！影响A股10大重磅消息来了,Wind
2021-03-07,下周操盘攻略：解禁规模骤降九成，11只新股申购,Wind
2021-03-07,国泰君安：临近下沿反弹在即 震荡调结构下聚焦中盘蓝筹,第一财经
2021-03-07,石油化工行业周报：OPEC+会议结果助力油价上涨,光大证券
2021-03-06,石油化工行业研究：OPEC+3月4日部长级会议点评：OPEC+延长减产计划 油价崛起,光大证券
2021-03-06,石化化工行业近期行情点评：短期调整不改长期逻辑 坚定长期看好石化化工板块行情,光大证券
2021-03-06,0306日报/利尔化学2020年净利润6.12亿元同比增长96.76%【东北基础化工】,东北基础化工
2021-03-05,巨·大盘 | 多空进入相持阶段 到了大胆博反弹的时刻了么？A股中长期指引出炉,巨丰财经
2021-03-05,巨丰午评：贵州茅台探底回升 抱团股回调告一段落,巨丰财经
2021-03-05,OPEC+减产支撑油价，石油板块持续走高，关注两主线,证券时报网
2021-03-05,板块异动丨原油价格飙升 油气板块续涨,智通财经
2021-03-05,石油化工行业：OPEC+达成减产协议 油价短期仍将上行,新浪
2021-03-05,高位杀跌股初步具备反弹条件一大行业预计冲高,巨丰财经
2021-03-05,中国自主研发深水钻井液技术实现重大突破－国务院国有资产监督管理委员会,国资委
2021-03-05,中信证券：此轮油价上行或有望再持续一年,Wind
2021-03-05,晨会0305｜油价上行或有望再持续一年,中信证券研究
2021-03-05,石化｜国际油价：OPEC+减产支撑油价，此轮油价上行或有望再持续一年,中信证券研究
2021-03-05,川财证券--石化行业动态点评：沙特维持4月减产，油价中枢有望至75美元【行业研究】,金融界股吧
2021-03-05,巨丰早评：高位杀跌股初步具备反弹条件,巨丰财经
2021-03-04,巨·大盘 | A股现惊人巧合 抱团股加速跳水 大盘失守关键支撑位,巨丰财经
2021-03-04,巨丰收评：抱团股跌势沉重 沪指回踩3500点,巨丰财经
2021-03-04,巨丰午评：抱团股杀跌 创业板跌逾4%,巨丰财经
2021-03-04,板块异动丨行业业绩有望周期改善 油气板块持续上行,智通财经
2021-03-04,快讯：采掘服务板块快速冲高 贝肯能源涨停封板,新浪
2021-03-04,中银证券--机械设备行业周报：工程机械春节交货旺盛，全球缺芯及数字化背景下半导体设备需求持续强劲【行业研究】,金融界股吧
2021-03-04,川财证券--石油化工行业月报：原油价格飙升，拉动石化板块上涨【行业研究】,金融界股吧
2021-03-04,石油化工＆基础化工行业2021年春季策略报告：后疫情时代下四大投资主线 龙头白马、周期成长、周期反转与成长突破,光大证券
2021-03-04,博时上证自然资源ETF联接净值上涨3.38%,新浪
2021-03-03,川财证券给予中海油服增持评级：中海油投资增长，公司前景向好,每日经济新闻
2021-03-03,深度*行业*机械设备行业周报：工程机械春节交货旺盛 全球缺芯及数字化背景下半导体设备需求持续强劲,新浪
2021-03-03,中海油旗下公司自主研发深水钻井液技术实现国际“领跑”,中新网
2021-03-03,挑战“冰火两重天” 中国自主研发深水钻井液技术实现“领跑”,中新网
2021-03-03,武船集团又两艘4000马力LNG动力守护船上船台,中国燃气网
2021-03-02,BlackRock Inc.增持中海油田服务股份约1221.64万股,每日经济新闻
2021-03-02,A股收盘综述：上证指数下滑1.21%守住3500，资金流入碳中和概念股,Wind
2021-03-02,【国元证券】弘亚数控2020年业绩快报及2021年Q1业绩预告点评：业绩符合预期，下游景气+产能释放21年业绩高增可期,国元高端装备
2021-03-02,机械行业周报(2021年2月第4周)：预计2月挖掘机销量翻倍以上增长；锂电再推百亿扩产计划,新浪
2021-03-02,解盘：抱团股分化，特高压、稀土、环保、半导体略涨,Wind
2021-03-02,快讯：采掘服务板块持续下挫 中海油服跌逾6% 连续下跌,新浪
2021-03-01,晨报0301 | 宏观&策略专题、新式茶饮行业专题、银行3月策略、中国建材（3323）,国泰君安证券研究
2021-03-01,石油化工行业周报：与历史上三轮石化行情对比 当前石化景气程度与持续性,新浪
2021-02-28,十大券商策略：调整临近尾声 反弹正在孕育中,财联社
2021-02-28,【开源煤炭&石化-张绪成】石化周报：油价创13个半月新高，涤纶长丝需求复苏加快,能源观察站
2021-02-28,【民生研究】周观点汇总：A股市场整体向下调整，成交量连续破万亿,MS研究
2021-02-28,八大机构论市：急跌接近尾声 右侧机会即将显现,中金在线
2021-02-28,国君策略：交易通胀仍能持续，看好全球原材料周期，中盘蓝筹焕发荣光，维持3450-3700点震荡格局,金融界
2021-02-26,先进制造行业周报：华龙一号核电机组投入商业运行,新浪
2021-02-26,哪些基金开年两个月，连续录得正收益？,养基司令
2021-02-26,万家颐和混合净值下跌4.50%,新浪
2021-02-25,化工行业日报：能源及公用事业产业链核心数据跟踪日报,新浪
2021-02-25,超高温油气勘探 我国有了自己的“火眼金睛”,科技日报
2021-02-25,【民生证券研究院】晨会纪要20210225,MS研究
2021-02-24,威海金陵承修中海油服海工平台“力神”项目,国际船舶
2021-02-24,香港收印花税！A股爆发酱香型股灾，泸州老窖跌停,搜狐
2021-02-24,33股今日获机构买入评级 5股上涨空间超20%,中财网
2021-02-24,民生证券：中海油服(601808.SH)油价上涨带动上游资本开支，维持“推荐”评级,智通财经
2021-02-24,中海油服(601808)深度报告：油价上涨带动上游资本开支增加 中海油服受益.,新浪
2021-02-23,方证视点：旧热点不可轻言抄底 新热点不可轻言逃顶,新浪
2021-02-23,收评：三大指数弱势盘整沪指跌0.2% 有色股分歧加剧,新浪
2021-02-23,油气概念股走强，中曼石油涨停，机构建议把握两条主线丨牛熊眼,第一财经
2021-02-23,创业板指跌近1%，油气概念股集体走高，北向资金净买入超20亿,和讯
2021-02-23,解盘：权重股回稳，风力发电、造纸、保险、军工领涨,Wind
2021-02-23,板块异动 | 国际油价回升 油气概念股开盘上涨,智通财经
2021-02-23,【异动股】油价相关板块高开，山东海化(000822-CN)涨5.68%,财华社
2021-02-23,快讯：油服板块早盘持续走强 通源石油拉升涨逾9%,新浪
2021-02-23,"刚刚解禁，股东就抛出70亿减持计划，这只股一天蒸发近百亿市值！国企改革重磅会议今日召开，业绩预增概念股抢先看（附名单）
拟减持股份",证券时报网
2021-02-22,方证视点：风格转换基本确认 新旧交替大势所趋,新浪
2021-02-22,顺周期大涨 多只基金年内已赚3成,金融投资报
2021-02-22,3只个股尾盘净流入资金超亿元,证券时报网
2021-02-22,创业板指盘中跌逾4%！有色金属板块掀涨停潮 机构抱团股重挫,中金在线
2021-02-22,两市股指午后再度跳水，创业板指大跌超3%，贵州茅台跌逾6% 连续下跌,证券时报网
2021-02-22,风向真变了？来看北向资金新动向,证券时报网
2021-02-22,化工行业周观点：需求与油价共振 节后化工品价格跳涨,新浪
2021-02-22,刚刚，周期股大爆发！有色指数6天暴涨30%，茅台却被抛售，风向真变了？来看北向资金新动向,证券时报网
2021-02-22,汇丰研究：中海油服目标价升至9.17港元 降至持有评级 投资评级恶化,新浪
2021-02-22,汇丰研究：相信中海油服(02883)股价向上是由于南向投资增加 目标价调高28.3%至9.17港元,智通财经
2021-02-22,创业板指跌逾2% 有色金属板块逆市大涨,中金在线
2021-02-22,开源证券--石油化工行业周报：多方利好提振油价，长丝节后开市行情火热【行业研究】,金融界股吧
2021-02-22,A股第三波顺周期行情已经确立 机构称三条主线布局后市,中金在线
2021-02-22,汇丰证券上调中海油服目标价至9.17港元，评级降至持有,Wind
2021-02-22,【十大券商一周策略】市场有望迈进4000点,券商中国
2021-02-22,券商：市场有望迈进4000点！交易通胀 掘金中小盘,券商中国
2021-02-22,还会有阶段新高 一飞但不能冲天,财富动力网
2021-02-21,国君策略：一飞但不能冲天,--
2021-02-21,机械行业周报：工程机械需求持续旺盛 三一中联春节首批交付开门红,新浪
2021-02-21,A股策略周报：一飞但不能冲天,新浪
2021-02-21,先进制造行业周报：绛县签订75亿元协议投资建设抽水蓄能电站,新浪
2021-02-21,国泰君安：大小风格不会切换 关注抱团外的好公司,巨丰财经
2021-02-21,国君策略：市场还会有阶段新高 大小风格不会切换,新浪
2021-02-21,杰瑞股份：能否成为下一个三一重工？,新浪
2021-02-20,雪帝青鸿：一波翻倍行情后，还在加速！,云掌财经
2021-02-19,国际油价创新高，国内成品油八年首现七连涨，石化板块站上风口,第一财经
2021-02-19,光大证券--中国海洋石油有限公司下属油服子公司专题研究：中海油资本开支持续增加，旗下油服子公司有望持续受益【行业研究】,金融界股吧
2021-02-19,化工行业：周期风云再起 大化工机遇何在？,新浪
2021-02-19,超高温测井：我们有了自己的“火眼金睛”,科技日报
2021-02-19,港股异动 | 中海油服(02883)挫逾4%领跌石油股 美国寒潮来袭炼油能力降幅更大,智通财经
2021-02-19,港股异动丨国际油价下跌 石油股回调 三桶油均大跌,格隆汇
2021-02-19,浙商证券--油服行业点评报告：油服，中海油2021年资本开支增长13~26%；油价回暖景气复苏【行业研究】,金融界股吧
2021-02-19,【异动股】油价相关板块低开，*ST海航(600221-CN)跌3.52%,财华社
2021-02-19,化工价格快速上行 二线龙头有望迎来戴维斯双击,证券时报网
2021-02-19,化工｜油价与需求共振，二线龙头有望戴维斯双击,中信证券研究
2021-02-19,牛年首日 二八变八二,财富动力网
2021-02-19,巨丰早评：流动性边际收紧将改变市场风格,巨丰财经
2021-02-19,巨丰早评：市场流动性无忧 市场风格将转变,巨丰财经
2021-02-18,「明日主题前瞻」需求空间打开库存持续偏低铜价格涨至近九年高位,财联社
2021-02-18,2月18日板块复盘：涨涨涨！这些周期行业景气度大增 涨价概念股哪家强？,中金在线
2021-02-18,中国高温测井技术炼就“火眼金睛” 跻身国际先进行列,中新网
2021-02-18,巨·大盘 | 被指数掩盖的牛年开门红 各路茅台走下神坛 小盘股否极泰来,巨丰财经
2021-02-18,中海油服：国际油价突破60美元，中海油今年目标产量555百万桶,证券之星
2021-02-18,巨丰收评：抱团白马股重挫 换来久违普涨行情,巨丰财经
2021-02-18,巨丰收评：珍惜被指数掩盖的普涨行情,巨丰财经
2021-02-18,能源板块早间大涨 这些个股获机构买入评级,第一财经
2021-02-18,巨丰午评：资源股全面上涨 高位白马股退潮,巨丰财经
2021-02-18,午评：三大指数高开低走创指跌3% 茅台失守2500元大关,新浪
2021-02-18,板块异动丨国际油价涨至13个月新高 石油板块早盘集体高开大涨,智通财经
2021-02-18,快讯：采掘服务板块开盘领涨 石化油服涨停封板,新浪
2021-02-18,国际油价涨至13个月新高 相关公司值得关注（附股）,金融界
2021-02-17,A股明日风口：春节档期票房破75亿 美国得州严寒天气扰乱能源市场,新浪
2021-02-17,假期重磅：春节假期全球市场狂欢，A股牛年首个交易日有望收红包,腾讯网
2021-02-17,大行评级|瑞银：降中海油服(2883.HK)评级至“中性”目标价上调至11港元 投资评级恶化,格隆汇
2021-02-16,港股异动︱石油股集体大涨 中石油(00857)升逾7%领涨蓝筹 美国极寒天气推高油价,智通财经
2021-02-13,国际油价创一年新高 机构预计后市稳中上行,财联社
2021-02-10,高开高走长阳逼空盘面普涨，双底反弹铸就春节前黄金坑,云掌财经
2021-02-10,新春伊始，节后走势呼之欲出|聚焦三大赛道，孙伟、闫冬、刘扬等基金经理，畅谈如何布局节后行情,金融界
2021-02-10,A股收评：鼠年完美收官，三大指数集体走高！茅台突破2600元关口，创历史新高,格隆汇
2021-02-10,港股异动 | 中海油服(02883)逆市跌超6% 瑞银称市场或对盈利增长过分乐观 下调评级至“中性” 投资评级恶化,智通财经
2021-02-10,瑞银：中海油服(02883)将有强劲盈利上升周期 目标价升至11港元,智通财经
2021-02-10,化工行业日报：原油价格持续走高 关注煤化工机会,新浪
2021-02-10,中信证券：油价回升和需求复苏推动石油化工行业景气度持续回升 布局两条主线,证券时报网
2021-02-10,石化｜国际油价：布油重回60美元，继续推荐油价回升和顺周期受益标的,中信证券研究
2021-02-09,44股今日获机构买入评级,中财网
2021-02-09,化工股逃出“冷宫”变热门，涨停频现，首只化工类ETF基金出炉,AI财经社
2021-02-09,2月9日复盘：A股三大股指震荡走高 主力重点出击18股,新浪
2021-02-09,化工行业成最大黑马！重仓基金年内涨幅超预期,中投网
2021-02-09,巨丰午评：大盘震荡上行 金融股内部分化,巨丰财经
2021-02-09,A股午盘综述：上证指数涨1.22%，创业板指涨1.58%重返3300点,Wind
2021-02-09,中海油服涨停，振幅9.42%,中新经纬
2021-02-09,开盘：恒指高开0.42% 快手高开1.98%将于2月22日收盘后纳入恒生科技指数,金融界
2021-02-09,重要通知！调仓方向！,搜狐
2021-02-09,15股获买入评级 最新:天合光能,中财网
2021-02-09,港股盘前必读：快手科技将于2月22日收市后纳入恒生综合指数等多个指数,Wind
2021-02-09,中海油服(601808)2021年战略指引点评：自升式平台使用率恢复 2021年钻井业务弹性大,新浪
2021-02-08,35股今日获机构买入评级,证券时报网
2021-02-08,强势股追踪主力资金连续5日净流入72股,证券时报网
2021-02-08,花旗：上调中海油服(2883.HK)目标价至12.6港元 评级“买入”,格隆汇
2021-02-08,国元证券维持中海油服买入评级：自升式平台使用率恢复，2021年钻井业务弹性大,每日经济新闻
2021-02-08,石油与天然气行业：中海油2021年资本开支好于预期打开海上油服成长空间,新浪
2021-02-08,石油石化、基础化工、新材料行业北上资金流向周报,新浪
2021-02-08,花旗：上调中海油服(02883)目标价48.2%至12.6港元 评级“买入”,智通财经
2021-02-08,开源证券给予中海油服买入评级，中海油资本开支超预期，量价齐升值得期待,每日经济新闻
2021-02-08,大和：上调中海服务(02883)目标价46%至9.5港元 评级“持有”,智通财经
2021-02-08,大行评级|大和：重申中海油田服务(2883.HK)持有评级目标价上调至9.5港元,格隆汇
2021-02-08,国元早安直通车,新浪
2021-02-08,川财证券--石油化工行业周报：今年中海油国内资本支出有望增长45%【行业研究】,金融界股吧
2021-02-08,石油化工行业：油价持续上涨 板块迎配置良机,新浪
2021-02-08,拿什么拯救你，结构性牛市：一个品种期货飙涨，留意细分赛道的投资价值,21世纪经济报道
2021-02-08,部分重仓化工基金 年内涨幅超20%,中国基金报
2021-02-07,【太平洋机械】机械行业周报20210207：油价持续上涨以及国内政策推动下，油气装备行业景气提升,太平洋机械大讲堂
2021-02-07,化工行业周度观点21W6：化工景气趋势不改 重申推荐观点,新浪
2021-02-07,石油化工周报第186期：全球原油供应紧平衡 布油价格有望突破60美元／桶,光大证券
2021-02-07,暴涨超20%！有科技股基金经理发话了：转战化工！,中国基金报
2021-02-07,中海油服(601808)FY21国内工作量继续提升；技术性外包费用结构性降低,新浪
2021-02-07,川财证券给予中海油服增持评级：中海油投资增长，公司前景向好,每日经济新闻
2021-02-07,川财证券--中海油服2021年战略展望点评：中海油投资增长，公司前景向好【公司研究】,金融界股吧
2021-02-06,石油化工2020年报业绩前瞻：石化龙头盈利持续性增强 涤纶长丝迎景气反转,新浪
2021-02-06,一周沪深股通动向曝光：这30只个股净卖出最多（附名单）,每日经济新闻
2021-02-06,揭秘北上资金：连续5日减仓这60只个股（附名单）,每日经济新闻
2021-02-05,北水动向(2.5)|北水净流入81.68亿 中芯国际(00981)绩后再遭净卖出逾18亿港元,智通财经
2021-02-05,智通每日大行研报汇总︱2月5日,智通财经
2021-02-05,2月5日晚间重要行业研究汇总(附股),中金在线
2021-02-05,国际大行最新评级：机构表明阿里巴巴潜在升幅28%！华创证券首予快手“推荐”评级,中财网
2021-02-05,中海油服(601808)：中海油FY21资本性支出超预期；加大中国近海占比,新浪
2021-02-05,中金：维持中海油服(2883.HK)优于大市评级 目标价升至13港元,格隆汇
2021-02-05,中金：维持中海油服(02883)“优于大市”评级 目标价上调37%至13港元,智通财经
2021-02-05,大行评级|瑞信：上调中海油服(2883.HK)目标价至12.5港元评级“跑赢大市”,格隆汇
2021-02-05,瑞信：维持中海油服(02883)“跑赢大市”评级 目标价调高19%至12.5港元,智通财经
2021-02-05,中海油服盘中涨超5% 获中金维持跑赢行业评级,新浪
2021-02-05,港股异动 | 中海油服(02883)盘中涨超5% 中金预计其受益于中海油资本开支超预期,智通财经
2021-02-05,国元证券--能源行业中海油2021年战略指引点评：中海油资本支出指引超预期，海上油气行业复苏启动【行业研究】,金融界股吧
2021-02-05,中金：上调中海油服A和H股目标价料受益于中海油资本开支超预期,格隆汇
2021-02-05,中海油产量将持续增长 油气勘探相关企业景气提升（附股）,金融界
2021-02-05,【金财富早知道】2021-02-05,赢家之星
2021-02-04,中芯国际2020年第四季度净利大增93.5%，游族网络、乐心医疗等迎增持利好,财联社
2021-02-04,国际原油价格跟踪点评：油价重返疫情前水平 上调布油预期到55-65美元/桶,光大证券
2021-02-04,中国自主研发海洋地震拖缆采集技术达到国际先进水平,国资委
2021-02-03,【国元机械】埃夫特-U（688165）2020年业绩预告点评：海外疫情影响大，核心零部件自主化率持续提升,国元高端装备
2021-02-03,板块异动 | 我国将加强页岩油勘探 石化板块高开走强,智通财经
2021-02-03,国家能源局将加强页岩油勘探开发 相关概念股将启动（附股）,金融界
2021-02-02,【早评0203】红包行情来了，坐稳了,云掌财经
2021-02-02,东吴证券--港股策略：央行货币政策仍以稳为主，南向资金加速流入港市【投资策略】,金融界股吧
2021-02-02,【国元机械】光伏设备行业点评：硅片扩产项目持续落地，设备需求迎爆发,国元高端装备
2021-02-02,港股异动︱中海油服(02883)涨超6% 瑞信维持其“跑赢大市”评级并上调目标价40%至10.5港元,智通财经
2021-02-02,缺口要多一倍 今年要和白银一样猛的大宗是它？两大顶级投行同时强烈看,巨丰财经
2021-02-01,“风向”有变 1月重仓周期的基金领跑,金融投资报
2021-02-01,石油化工行业周报：油价维持55美元上方 涤纶长丝去库持续,新浪
2021-02-01,石油化工行业周报：从全球乙烯产能投放趋势 来看大炼化竞争力与乙烯市场空间,新浪
2021-02-01,川财证券--先进制造行业周报：广东2021年工作安排，开工建设陆丰、廉江核电【行业研究】,金融界股吧
2021-01-28,海通证券研究所早报,新浪
2021-01-27,石油石化行业基金重仓分析专题(2020年四季度),新浪
2021-01-26,【国元机械】晶盛机电2020年业绩预告点评：受益硅片扩产周期，业绩超预期增长,国元高端装备
2021-01-26,石油化工行业2020Q4基金重仓分析专题,新浪
2021-01-25,化工行业周观点：化纤等顺周期持续上涨 关注周期成长,新浪
2021-01-24,化工行业深度研究与投资策略：寻找确定性更强的增长方向,新浪
2021-01-22,2020年海南油气产业全产业链预计实现1055亿元,南海网
2021-01-20,【国元机械】埃斯顿跟踪点评报告：与三一大订单落地，拉开Cloos国产化应用新篇章,国元高端装备
2021-01-19,瑞信：维持中海油服(02883)“跑赢大市”评级 目标价上调40%至10.5港元,智通财经
2021-01-19,港股异动︱中海油田服务(02883)涨超8% 获瑞银维持其“买入”评级并上调目标价25.6%至9.8港元,智通财经
2021-01-19,化工板块再度走强 润禾材料正丹科技等涨停,证券时报网
2021-01-19,化工板块持续爆发 关注四大投资主线,证券时报网
2021-01-19,【国元机械】中铁工业2020年重大合同签约点评：轨交基建持续发力，全年订单高增长,国元高端装备
2021-01-19,化工｜化工行情持续爆发，关注四大投资主线,中信证券研究
2021-01-19,石化行业2020年年报前瞻：景气反转,新浪
2021-01-18,石油化工行业周报：LPG价格上涨成因及对石化产业链影响几何,新浪
2021-01-17,石油化工行业OPEC月报点评：OPEC维持减产 维持2021年原油需求预期不变,新浪
2021-01-15,中国“神”车回落： “中字股”行情有所分化 后续机会还有吗？,新浪
2021-01-14,打板概念股近三日受27亿主力资金追捧,证券时报网
2021-01-14,化工行业周观点：油价再破前高 化工品持续复苏,中国能源网china5e
2021-01-14,涨停板复盘：三大指数表现弱势 半导体板块领涨,新浪
2021-01-14,快讯：油气设服板块开盘走弱 通源石油大跌8% 连续下跌,新浪
2021-01-14,宏观日报 | 中国2020年12月M2同比增长10.1%,金瑞期货
2021-01-14,每日理财观察：首只公募MOM下周三起发行,Wind
2021-01-14,中字头股力挺大市 “四高”个股值得关注！震荡行情中把握板块轮动机会,大众证券报
2021-01-14,大盘横盘整固 中国平安融资盘大幅流入,财富动力网
2021-01-13,两市成交额连续8日超万亿元 把握震荡行情中板块轮动机会,大众证券报
2021-01-13,蜀黍说市|中字头大股票一通大涨！传递什么信号？后市主线定了！,搜狐
2021-01-13,港股收盘(1.13)|恒指收跌0.15% 吉利富士康成立合营 富智康集团(02038)涨逾18%,智通财经
2021-01-13,午后突然跳水：3000多股收绿！这一板块却逆势大涨！,中国基金报
2021-01-13,涨停股复盘：5股封单超亿元,证券时报网
2021-01-13,1月13日复盘：高位反复震荡不改上行方向 主力资金出击4股,新浪
2021-01-13,涨停板复盘：三大指数震荡走弱 中字头股票领涨,新浪
2021-01-13,A股收盘综述：上证指数跌0.27%，中车、中远海控、中海油服等涨停,Wind
2021-01-13,瑞银：中海油服维持买入评级 目标价升至9.8港元,新浪
2021-01-13,石油股全线走强 中海油及中海油服均涨超7%,新浪
2021-01-13,瑞银：维持中海油服(02883)“买入”评级 目标价上调25.6%至9.8港元,智通财经
2021-01-13,港股异动 | 中海油(00883)涨超8%领涨石油股 美油布油均创近11个月新高,智通财经
2021-01-13,快讯：油气设服板块开盘拉升 恒泰艾普涨超8%,新浪
2021-01-13,瑞银料中海油服(02883-HK)业务迎来上升周期目标价升至9.8港元,财华社
2021-01-12,石油化工＆基础化工行业2021年策略报告：后疫情时代下四大投资主线 龙头白马、周期成长、周期反转与成长突破,光大证券
2021-01-11,【国元机械】12月份及年度挖掘机销量数据点评报告：20年以高增长、国产化加速收官，21年需求仍有韧性,国元高端装备
2021-01-08,中国自主研发“贪吃蛇”钻井技术突破“限速”，跻身世界前列,澎湃新闻
2021-01-07,【研报掘金】油价处于持续回升周期中 积极布局油价回升及需求复苏受益板块,证券时报网
2021-01-07,我国成功突破“贪吃蛇”钻井技术“限速”,科技日报
2021-01-07,中海油服(601808)：4Q20服务费率上涨已经落地；中海油新年战略展望成为正面催化剂,新浪
2021-01-07,巨丰早评：A股指数风险不高 择机低吸大蓝筹,巨丰财经
2021-01-06,A股震荡上行沪指五连阳站上3550点两市成交额连续三日破万亿,财华社
2021-01-06,巨·大盘丨大盘高位宽幅震荡 上证指数5连涨 市场分歧加剧,巨丰财经
2021-01-06,港股收盘(1.6)|恒指收涨0.15% 行业经营权限或放宽 物管股集体暴力拉升,智通财经
2021-01-06,巨丰收评：沪指震荡收涨0.63% 油服军工板块领涨,巨丰财经
2021-01-06,收评：A股震荡收涨沪指涨0.63%军工板块抢眼两市成交额连续三个交易日破万亿,金融界
2021-01-06,午间要闻 | 8个省会房价跌回一年前；荣耀与高通恢复合作：不需要审批；张玉祥回应南极电商股票跌停：不关心股价,经济观察网
2021-01-06,巨丰午评：三大股指齐翻绿 三板块却逆势上涨,巨丰财经
2021-01-06,OPEC+就2月石油产量达到协议，石油板块强势拉升，恒泰艾普等涨停,证券时报网
2021-01-06,油气开采板块走强，油价进入持续回升周期，布局三条主线,第一财经
2021-01-06,港股异动 | 中海油服(02883)涨超9%领涨石油股 OPEC+达成减产协议 国际油价大涨,智通财经
2021-01-06,【异动股】可燃冰板块拉升，杰瑞股份(002353-CN)涨8.9%,财华社
2021-01-06,【异动股】石油行业板块高开，中海油服(601808-CN)涨6.69%,财华社
2021-01-06,油气设服板块拉升 延长化建、中曼石油涨停,上证报
2021-01-06,【行情】油气设服板块拉升，中曼石油拉升涨停，通源石油涨超9%，中海油服、恒泰艾普、贝肯能源等个股均涨超5%,金十数据
2021-01-06,盘前情报丨国际原油期货大幅收涨，商务部等12部门联手释放利好，这些机会值得关注,21世纪经济报道
2021-01-06,中信证券：积极布局油价回升及需求复苏受益板块 推荐布局三条主线,证券时报网
2021-01-06,石化｜国际油价：坚守主线，积极布局油价回升及需求复苏受益板块,中信证券研究
2021-01-05,石油化工2021年石化行业关键词,格隆汇
2021-01-04,石油化工行业周报：2020年石油化工重点回顾与2021年趋势展望,新浪
2021-01-04,盘前情报丨特斯拉两款车型大降价，元旦档电影票房创新高，这些投资机会最靠谱,21世纪经济报道
2021-01-03,下周影响市场重要资讯前瞻,新浪
2021-01-03,下周关注丨年金基金权益类投资比例上限提高，这些投资机会最靠谱,第一财经
2021-01-01,券商2020年度研究能力大起底：最牛金股阳光电源涨近600% 96股表现不如人意,时代财经
2020-12-31,【国元机械】锐科激光事件点评：拟推长期股权激励计划，有望巩固龙头地位,国元高端装备
2020-12-30,大摩料明年下半年中海油(00883-HK)及中海油服(02883-HK)股价回升,财华社
2020-12-29,武船2艘4000马力LNG动力守护供应船顺利下水,中国燃气网
2020-12-28,中国人民大学发布“2020中国能源企业创新能力百强榜单”,光明网
2020-12-28,石油化工行业周报：涤纶长丝有望长期好转 大炼化比较优势明显与估值溢价空间提升,新浪
2020-12-28,国君策略：震荡之下，布局躁动方向,国泰君安
2020-12-28,【华创·周知道】如果专项债缺席，一月社融怎么看？（20201228）,华创证券研究
2020-12-27,国君策略：市场的调整有限，看好春季躁动的结构行情,Wind
2020-12-26,【民生周末重点推荐】首席看石化：关注油价上涨带来的油服、烯烃及长丝投资机会,MS研究
2020-12-22,原油周报第179期：IEA再次下调原油需求预期 关注美国财政刺激计划,光大证券
2020-12-22,石油化工行业周报：国际油价连涨7周 国内LNG价格上涨,新浪
2020-12-22,国泰君安：第五轮补库存周期在即 制造业资本开支有望迎来新一轮复苏（附股）,证券时报网
2020-12-21,港股2021年1季度配置策略：PPI回升，材料、能源最受益,东吴证券
2020-12-21,【国元机械】行业上行确立，国产工业机器人行稳至远 ——11月工业机器人产量数据点评,国元高端装备
2020-12-21,【策略*陈李】PPI回升，材料、能源最受益——港股2021年1季度配置策略,东吴研究所
2020-12-20,石油化工新材料行业北上资金周报,新浪
2020-12-20,【开源煤炭&石化-张绪成】石化周报：油价周线七连阳创新高，涤纶长丝&LNG持续上涨,能源观察站
2020-12-19,威海金陵承修中海油服“海洋石油921”平台,国际船舶
2020-12-18,中海油田服务(02883)审议通过2021年度理财额度的议案,智通财经
2020-12-17,建银国际证券：料明年恒指波动区间在23500点至29500点首选腾讯(0700.HK)等十股,格隆汇
2020-12-16,中海油服(601808)：短期风险有限 看好FY21费率复苏 维持长期投资逻辑,新浪
2020-12-15,先进制造行业周报：唐山海港区探索柴改氢,新浪
2020-12-14,2021年投资策略：关注油价上涨带来的油服、烯烃及长丝投资机会,新浪
2020-12-14,国泰君安：调整便是布局良机 交易复苏仍是市场的核心主线,证券时报网
2020-12-13,A股策略周报：调整便是布局良机,新浪
2020-12-11,港股收评：恒指涨0.36%石油股大幅反弹光伏板块持续活跃,格隆汇
2020-12-11,A股高开低走创指跌逾1%暂失2700点市场情绪低迷耐心等待企稳,财华社
2020-12-11,港股收盘(12.11)|恒指收涨0.36% 泡泡玛特(09992)首挂涨逾79% 市值接近千亿港元,智通财经
2020-12-11,恒指收涨0.36%，泡泡玛特上市首日收涨近80%,Wind
2020-12-11,【国泰君安国际】近期投资看点：EIA上调短期油价预期，再降2021年全球需求预测 20201210,国泰君安证券香港
2020-12-11,【行情】采掘服务板块开盘活跃，中曼石油涨6%，通源石油、石化油服、中海油服、中油工程等跟涨,金十数据
2020-12-11,每经9点丨我国科研团队揭示新冠病毒由水貂向人传播的机理；近600人住院，1人死亡，WHO专家抵印度调查不明疾病,每日经济新闻
2020-12-11,石化｜国际油价：油价突破50美元/桶，积极布局长期持续回升周期,中信证券
2020-12-11,【金工】2020年12月A股重点宽基指数样本股调整名单——权益事件点评,渤海证券研究
2020-12-11,中信证券：油价突破50美元/桶，积极布局长期持续回升周期,Wind
2020-12-11,中信证券：油价突破50美元/桶，积极布局长期持续回升周期,e公司
2020-12-11,晨会1211｜外资加配香港本地股,中信证券研究
2020-12-10,2021年装备制造业周期上行，看中国制造自信崛起,Wind
2020-12-09,"中海油服现1笔大宗交易 共成交1,392.00万元",新浪
2020-12-09,中海油服今日大宗交易成交100万股，成交价13.92元溢价6.42%,Wind
2020-12-09,化工行业年度策略报告：行业复苏；精选龙头,新浪
2020-12-08,2020中国企业ESG“金责奖”公司治理（G）优秀企业,新浪
2020-12-08,港股收盘(12.8)|恒指收跌0.76% 京东健康(06618)首挂涨超55% 市值超3400亿,智通财经
2020-12-08,全球数字化石油天然气决策者峰会将于本周四在北京隆重开幕!,中国能源网
2020-12-08,石油股集体下跌 中国石化跌超4%中海油下跌3% 连续下跌,新浪
2020-12-08,港股异动 | 中石化(00386)跌超4%领跌石油股 多空消息交织博弈激烈 国际油价小幅回吐,智通财经
2020-12-08,石化行业2021年度投资策略：油价复苏主旋律 石化掘金正当时,新浪
2020-12-08,12月8日利好及其影响个股,中财网
2020-12-07,原油周报第177期：OPEC+就明年年初生产计划达成一致,光大证券
2020-12-07,沪指跌近1%，金融股领跌，农业股逆势大涨,港股那点事
2020-12-07,石油化工行业周报：烯烃价格维持强势 解读炼油加工对于石化的影响,新浪
2020-12-07,24股获券商买入评级 宇通客车目标涨幅达58.36%,Wind
2020-12-06,国泰君安：四季度经济动能修复有望超预期,国泰君安证券研究
2020-12-04,晨报1204 | 宏观年度报告、违约债观察、中海油服（601808）,国泰君安证券研究
2020-12-03,每日报告回放,新浪
2020-12-03,汽柴油零售价或创下年内最大涨幅 油气板块开盘走高|板块牛熊榜,第一财经
2020-12-03,中富金石：创业板指涨1.10% 医药板块崛起,中金在线
2020-12-03,中海油服(601808)：近期回调提供买入时机；长期投资逻辑依然稳健,新浪
2020-12-03,A股午盘综述：大小指数分化，创业板指涨超1%,Wind
2020-12-03,原油价格回暖有望拉升行业景气 油服设备厂商迎发展机遇丨牛熊眼,第一财经
2020-12-03,快讯：油气板块早盘走强 长春燃气拉升封板,新浪
2020-12-01,开源证券：11月金股组合盈利3.15% 12月荐股名单出炉,新浪
2020-12-01,原油周报第176期：OPEC＋预期推迟增产计划,光大证券
2020-11-30,郑眼看盘：机构行为异常 可漠视,每日经济新闻
2020-11-30,旗下全球商业地产组合贬值 瑞信清盘旗下一只全球房地产基金,英为财情
2020-11-30,港股收盘(11.30)|恒指收跌2.06% 光伏股涨幅居前 石油股全线重挫 连续下跌,智通财经
2020-11-30,化工行业周观点：化工品价格普涨 顺周期持续性可期,新浪
2020-11-30,石油化工新材料行业北上资金周报,新浪
2020-11-30,石油股午后跌幅扩大 中海油服跌逾11%中海油跌超10%,新浪
2020-11-30,港股异动 | 中海油服(02883)挫逾8%%领跌石油股 OPEC+非正式讨论未达成押后增产共识,智通财经
2020-11-30,开源金股，12月推荐,开源证券研究所
2020-11-29,【太平洋机械】机械行业周报20201129：bauma展再次印证行业高景气，继续推荐工程机械,太平洋机械大讲堂
2020-11-29,27股受北向资金青睐，本周增仓超50%,证券时报
2020-11-27,花旗：中国油气股估值吸引，首选中海油（00883）和中海油服（02883）,智通财经
2020-11-27,2021年石化年度策略报告：关注油气价格反弹带来的机会，给予“增持”行业评级,川财证券
2020-11-27,大行评级|花旗：多数油气股估值仍具有吸引力首选中海油和中海油服,格隆汇
2020-11-27,花旗：中国油气股估值仍有吸引力,Wind
2020-11-27,【大行报告】花旗指油相关股估值仍吸引首选中海油(00883-HK),财华社
2020-11-26,快讯：采掘服务板块低开 中曼石油跌7%,新浪
2020-11-26,【行情】采掘服务板块低开，中曼石油跌7%，通源石油、石化油服、中海油服等集体跟跌,金十数据
2020-11-25,多重利好叠加 油价长期持续回升... 券商这样看,第一财经
2020-11-25,11月25日主力资金净流出495亿元,证券时报网
2020-11-25,风向研报丨一则消息引发A股“巨震”？,21世纪经济报道
2020-11-25,“顺周期之王”20天大涨25%，原油撬动石化行情后，顺周期还能上涨多久？,财富动力网
2020-11-25,港股收盘(11.25)|恒指收涨0.31% 医用耗材集采范围或扩大 医疗器械股集体重挫 连续下跌,智通财经
2020-11-25,巨·热点 | 市场大幅回落调整 多板块盘中逆势轮动！,巨丰财经
2020-11-25,涨停板复盘：指数全天单边下行 顺周期板块集体调整,新浪
2020-11-25,港股异动 | 中石化油服(01033)涨超12%领涨油服股 油价回暖有望拉升油服行业景气,智通财经
2020-11-25,油气板块连续反弹 中曼石油一度涨停|板块牛熊榜,第一财经
2020-11-25,油服板块AH股双双大涨，油价逐渐恢复，行业景气度攀升,第一财经
2020-11-25,港股异动︱中石化(00386)升逾5%领涨石油股 原油主力合约涨超7%创近三个月新高,智通财经
2020-11-25,石油股大涨 中曼石油涨停 石化油服、洲际油气、准油股份等多股跟张,金融界
2020-11-25,石油石化行业国际油价点评：积极布局油价中长期持续回升周期,新浪
2020-11-25,快讯：石油化工板块开盘活跃 中曼石油涨9%,新浪
2020-11-25,【行情】石油化工板块开盘活跃，中曼石油涨9%，通源石油、中海油服、恒泰艾普跟涨,金十数据
2020-11-25,A股早评：沪指高开0.43%石油板块高开居前,格隆汇
2020-11-25,原油期货大幅上涨 相关个股异动明显,证券时报
2020-11-24,海外信用评级汇总2020年11月24日星期二,Wind
2020-11-24,风向研报丨这个板块集体大涨，机构高呼“黄金10年”已到！2板块尾盘偷袭！,21世纪经济报道
2020-11-24,尾盘直线封涨停：油服股中曼石油爆发 机构建议关注两大主线,中证报
2020-11-24,7连板牛股轰然跌停，15亿资金被埋！大宗商品之王飙涨，概念龙头直线涨停，A股最熊板块将逆袭？,证券时报网
2020-11-24,标普：应公司要求，撤销中海油田服务“BBB+”长期发行人信用评级,Wind
2020-11-24,尾盘直线封涨停！这只油服股爆发，机构看好板块基本面与估值双重修复,中证报
2020-11-24,博威合金亮相上海宝马展，创新推动工程机械行业新升级,砍柴网
2020-11-24,博威合金亮相上海宝马展，创新推动工程机械行业新升级,凤凰网
2020-11-24,石油天然气行业：油气板块顺周期看好民营炼化与油田服务,新浪
2020-11-24,大和：升中海油田服务(02883)目标价至6.5元 维持“持有”评级,智通财经
2020-11-24,【大行报告】大和升中海油服(02883-HK)目标价至6.5港元，维持持有,财华社
2020-11-24,陆股通增仓幅度排行榜（附股）,证券之星
2020-11-23,中信证券：顺周期板块持续爆发 关注化工行业两条配置主线,金融界
2020-11-23,化工｜顺周期板块持续爆发，化工行业配置什么？,中信证券研究
2020-11-22,石油开采行业每周油气：全球油气勘探进入稳定新常态！,新浪
2020-11-20,中海油服(601808)公司点评报告：疫苗利好＆OPEC+提振油价 量价反弹看好公司价值,新浪
2020-11-18,机械设备行业10月月报：防守反击 回归基本面 聚焦国产化和航天军工,新浪
2020-11-17,智通港股解盘(11.17) | 新老题材交换筹码鼓点继续响起,智通财经
2020-11-17,港股异动 | 中海油服(02883)涨近5%领涨石油股 疫苗再传利好叠加OPEC+建议推迟增产,智通财经
2020-11-17,万家基金4混基10月份跌超4%业绩落后 3只规模大缩水 规模大幅缩水,中国经济网
2020-11-16,【太平洋机械】机械行业周报20201115：疫后能源需求复苏，油气装备边际向上,太平洋机械大讲堂
2020-11-14,辽南船厂交付首制5000马力LNG双燃料守护供应船,国际船舶
2020-11-13,港股收盘(11.13)|恒指收跌0.05% 三季度营收纯利均超预期 腾讯(00700)收涨逾4% 盈利能力下降,智通财经
2020-11-11,机械行业2021年投资策略：关注基建景气周期 理性看多新兴装备,新浪
2020-11-11,港股异动 | 中海油(00883)涨超4%领涨石油股 下周全国油价或实现第五次上调,智通财经
2020-11-11,证金汇金同时连续21季重仓股揭秘,证券时报网
2020-11-11,【信达看盘】2020.11.11,信达证券上海
2020-11-11,港股异动 | 石油股高开 隔夜国际原油期货续涨,格隆汇
2020-11-11,A股IPO批文下发速度放缓的局面有望得到改变关注三大热点题材,巨丰财经
2020-11-11,新冠疫苗重大利好切换市场风格，多家券商看好A股后市表现,澎湃新闻
2020-11-11,国家队购物车：证金汇金同时连续21季重仓140余股，押中多只5年10倍股，低位核心资产仅17只,证券时报
2020-11-11,巨丰早评：A股上攻节奏放缓,巨丰财经
2020-11-10,A股高位震荡或继续上行这三类股走强望持续上涨,巨丰财经
2020-11-10,新冠疫苗传出重磅利好，看好油服板块修复 -油服行业点评报告,机械盛宴
2020-11-10,外围狂欢沪指高开跳水创指跌超1%A股短调不改向上预期,财华社
2020-11-10,港股收盘(11.10)|恒指收涨1.1% 疫苗利好推动风险偏好回升 石油股、航空股涨幅居前,智通财经
2020-11-10,巨·大盘 | 大盘高开低走 震荡后将继续上行,巨丰财经
2020-11-10,A股走出独立行情：科创50跌约3% 云办公、汽车板块领跌,英为财情
2020-11-10,震荡下跌：成交又不足万亿，机场航运股爆发，北向资金净流出,澎湃新闻
2020-11-10,猝不及防！万亿巨头跌去1500亿市值，腾讯小米集体重挫 连续下跌,e公司
2020-11-10,猝不及防！万亿巨头跌去1500亿市值，腾讯、小米等科技股集体重挫！这些板块却嗨了...机构：抓紧时间买入！ 连续下跌,证券时报网
2020-11-10,解盘：指数继续走强，航空运输、白酒、影视略涨,Wind
2020-11-10,油服板块涨幅居前，机构看好油价持续回升，配置三条主线,第一财经
2020-11-10,A股异动：油气板块集体拉升，中曼石油、中海油服大涨,英为财情
2020-11-10,石油化工行业周报：以PTA为例 验证行业龙头集中与成本曲线陡峭化,新浪
2020-11-10,采掘服务概念股早盘异动拉升 通源石油涨停,中国经济网
2020-11-10,港股异动 | 中海油服(02883)涨超12%领涨石油股 疫苗数据利好刺激 隔夜美油暴涨逾8%,智通财经
2020-11-10,石油化工板块表现强势 通源石油拉升封板,上证报
2020-11-10,快讯：油气设服板块拉升 通源石油封板,新浪
2020-11-10,【行情】油气设服板块拉升，通源石油拉升封板，潜能恒信大涨14%，恒泰艾普涨逾10%，中曼石油、中海油服等个股全线大涨,金十数据
2020-11-10,石油股高开隔夜美原油大幅收涨8.48%,格隆汇
2020-11-10,中信证券：疫苗数据超预期，油价有望进入长期持续回升通道,第一财经
2020-11-03,37公司获得增持评级-更新中,中财网
2020-11-02,中海油服(601808)：逆境下业绩维持稳定 油价回暖量价反弹空间大,新浪
2020-11-02,石油化工行业周报：原油基本面有所承压 天然气需求向好&长丝价差维持高位,新浪
2020-11-02,【光大金工|调整名单预测】凯莱英、紫光国微或纳入沪深300指数成分股,EBQuant
2020-11-02,40公司获得增持评级-更新中,中财网
2020-11-01,【开源煤炭&石化-张绪成】中海油服三季报点评：逆境下业绩维持稳定，油价回暖量价反弹空间大,能源观察站
2020-10-30,中海油服(601808)：2020Q3毛利率环比改善 汇兑损失等费用拖累业绩 盈利能力下降,新浪
2020-10-30,中海油服(601808)：经营压力充分释放 毛利率环比明显改善,西南证券
2020-10-30,瑞信：下调中海油服(2883.HK)目标价至7.5港元评级“跑赢大市” 机构下调估值,格隆汇
2020-10-30,今日924公司公布三季报113家业绩增幅翻倍,证券时报网
2020-10-30,今天具备中阳的条件,中财网
2020-10-29,A股头条之上市公司（10.30）,金融界
2020-10-29,中海油服：拓市场提管理 多举措稳业绩,上证报
2020-10-29,中海油服(601808.SH)前三季度净利润升1.7%至21.55亿元,格隆汇
2020-10-29,中海油服：前三季度净利润同比增长1.69%,Wind
2020-10-29,中海油服：孟军、张武奎辞去本公司非执行董事职务 董监高成员变化,Wind
2020-10-29,B2B及云视频业务持续突破 齐心集团前三季度净利润同比增30.66%,中证网
2020-10-28,B2B和云视频业务不断取得突破 齐心集团前三季度营收60.95亿元,上证报
2020-10-27,恒指收跌0.53% 三季度业绩超预期汇控收涨近5%,新浪
2020-10-27,港股收盘(10.27)|恒指收跌0.53% 三季度业绩超预期 汇控(00005)收涨近5%,智通财经
2020-10-27,石油股集体下跌 中海油跌逾5%中海油服跌近4% 连续下跌,新浪
2020-10-27,港股异动 | 中海油(00883)挫逾5%领跌石油股 欧美疫情反复需求疲弱 供给增加冲击国际油价,智通财经
2020-10-26,石油化工行业周报：化纤巨头进入大炼化的优势 及盘点海外上游并购和石化产能变化,新浪
2020-10-25,【开源煤炭&石化-张绪成】石化周报：油价维持震荡&天然气需求向好，长丝价差维持高位,能源观察站
2020-10-23,港股收盘(10.23)|恒指收涨0.54% 前三季营收或较去年全年翻倍 赤子城科技(09911)暴涨45%,智通财经
2020-10-20,接棒医药领涨 三季度基金增持军工,金融投资报
2020-10-20,石油化工行业周报：机遇与挑战 从近期化纤反弹透视印度石化产业链,新浪
2020-10-14,石油化工行业2020三季报业绩前瞻：油价反弹兑现库存收益 炼化盈利能力持续上行,新浪
2020-10-12,30亿国资进场！中国船企海工装备“去库存”提速,国际船舶
2020-10-09,原油开采行业每周油气：美国部分生产商启用库存井？,新浪
2020-10-09,石化行业2020年三季报前瞻：曙光乍现 黎明已至,新浪
2020-09-28,中海油服午后涨近5% 中金维持其跑赢行业评级,新浪
2020-09-28,港股异动 | 中海油服(02883)午后涨近5% 中金其股价明显被超卖 增长逻辑仍在,智通财经
2020-09-28,中金指中海油服(02883-HK)股价显着超卖 维持目标价9.5港元,财华社
2020-09-27,先进制造行业周报：市场有望回归基本面选股逻辑 继续聚焦国产替代基础件,新浪
2020-09-27,基础化工周报：政策加码助推半导体材料发展 万华上调MDI挂牌价,光大证券
2020-09-27,石油化工行业周报：原油基本面或有承压 长丝销售节前明显好转,新浪
2020-09-27,中海油服(601808)：增长逻辑长在 股价显着超卖,新浪
2020-09-21,【开源煤炭&石化-张绪成】石化周报：原油价格大幅反弹，长丝需求有望回暖,能源观察站
2020-09-21,石油化工行业周报：炼厂开工率降低影响原油需求 海外石化供给受损、国内需求向好,新浪
2020-09-20,每周油气：OPEC+调节减产仍有空间？,新浪
2020-09-19,复盘八点半——蛟龙得水，破浪可期——国内海上油服行业,申万宏源
2020-09-19,先进制造行业周报：优选近期超跌错杀 聚焦业绩良好 估值合理的标的,新浪
2020-09-19,机械设备行业2020年9月月报：继续关注业绩恢复超预期和创业板低价低估值标的,新浪
2020-09-17,国常会提出推动油气基础设施开放 Oculus新一代VR设备面世丨明日主题前瞻,第一财经
2020-09-17,港股收评：恒指收跌1.56%，科技股全线下挫，石油、汽车逆势走强 连续下跌,格隆汇
2020-09-17,能源设备板块冲高，准油股份触及涨停,Wind
2020-09-17,国际油价强劲反弹 石油行业板块大涨,证券时报网
2020-09-16,A股弱势震荡 沪指收跌0.36%止步三连阳,中新经纬
2020-09-15,合力能源同民生证券签署上市辅导协议，拟挂创业板上市,Ofweek
2020-09-15,合力能源启动创业板上市 近期刚完成Pre-IPO轮融资,IPO早知道
2020-09-14,石油化工行业周报：炼厂开工率降低影响原油需求 海外石化供给受损、国内需求向好,新浪
2020-09-13,先进制造行业周报：创业板强势股补跌 适当布局业绩和订单超预期的错杀标的,新浪
2020-09-13,每周油气：美国中下游原油需求下滑！,新浪
2020-09-11,【期市星期五】SC原油一周大跌14.45％、成品油或迎来调整 “西稳东落”、苹果后市仍偏空,金融界
2020-09-10,大和指原油需求复苏逊预期降中海油服(02883-HK)目标价至6港元 机构下调估值,财华社
2020-09-09,中海油服：监事邬汉明辞职 董监高成员变化,Wind
2020-09-09,港股收盘(9.9)|恒指收跌0.63% 石油股下挫 航空股、港口航运股上扬,智通财经
2020-09-09,【大宗产经】上海原油期货主力合约跌停、8月份居民消费价格同比上涨2.4%、高端化学品仍然是发力点,新浪
2020-09-09,QFII二季度增持、业绩增长的滞涨股,巨丰财经
2020-09-08,国内海上油服行业复盘：蛟龙得水 破浪可期,新浪
2020-09-08,两户中央企业重要领导人员任职,一带一路高参
2020-09-07,中石化副总李勇重回中海油，填补空悬10个多月的总经理一职,澎湃新闻
2020-09-07,石油石化2020年中报总结：行业PB估值较低 建议关注油服及PDH板块,新浪
2020-09-06,机械军工行业周报：持续看好军工、工程机械；制造业龙头中报好于预期、景气持续,新浪
2020-09-06,【开源煤炭&石化-张绪成】石化周报：美国原油维持去库存，涤纶长丝需求出现好转,能源观察站
2020-09-04,先进制造行业周报：适度配置前期超跌品种 关注业绩和订单超预期标的,新浪
2020-09-04,碧桂园沪深ESG100优选指数完成年度调仓,新浪
2020-09-04,A股中报季900只超预期个股名单,锦缎
2020-09-03,中华人民共和国蛇口海关行政处罚决定书【蛇关缉一决字】〔2020〕0052号,质量新闻网
2020-09-03,每周油气：“双飓风”席卷墨西哥湾！,新浪
2020-09-03,太难了！油企交出最惨中报：两桶油利润骤降1100亿 中海油新潮能源超预期盈利 盈利能力下降,金融界
2020-09-02,油服企业派特罗尔欲在主板上市 去年对“两桶油”销售收入占比近95%,每日经济新闻
2020-09-02,每周盈利预测报告,新浪
2020-09-02,上半年油企普遍亏损，新潮能源、中海油等超预期盈利 亏损,和讯
2020-09-02,工银国际下调中海油服(02883-HK)目标价至6.2港元股价现跌2.45% 机构下调估值,财华社
2020-08-31,油服企业派特罗尔冲刺IPO 业绩随油价大幅波动,每日经济新闻
2020-08-31,石油化工行业周报：渐行渐近的石化周期 飓风影响美国炼化产能或致短期供给紧张,新浪
2020-08-31,午市前瞻：A股强势且港股曾破牛熊线 料能挑战26500点,新浪
2020-08-31,546股获券商买入评级 晨化股份目标涨幅达72.73%,Wind
2020-08-29,以史为鉴，当前时点买银行地产，还是中小创？,中国基金报
2020-08-29,以史为鉴，当前时点买银地保还是中小创？这份优质周期龙头名单收好，北上资金已潜伏它们,证券时报
2020-08-28,【面包财报】中海油服：2020年上半年经营性现金净流出3.1亿元,面包财经
2020-08-28,【财报智读】中海油服：2020年上半年经营性现金净流出3.1亿元,面包财经
2020-08-28,中海油服(601808)：二季度业绩下滑但好于预期 降本增效及业务优化取得成效 盈利能力下降,新浪
2020-08-27,【开源煤炭&石化-张绪成】中海油服中报点评：能源安保政策支撑工作量，油价回暖利润上升空间大,能源观察站
2020-08-27,齐心集团再次中标国家电网 集采标杆七年陪伴相互成就,金融投资网
2020-08-27,能源行业日报：墨西哥湾连续2日减产 关注中报盈利改善的企业,新浪
2020-08-27,港股收盘(8.27)|恒指收跌0.83% 二季度营收利润大超预期 小米(01810)收涨逾11%,智通财经
2020-08-27,中海油服(601808)：上半年经营逆势增长 长期受益国内增储上产政策,新浪
2020-08-27,港股异动 | 中海油服(02883)挫逾4%领跌石油股 国际原油供需形势再度趋向不平衡,智通财经
2020-08-27,43公司获得增持评级-更新中,中财网
2020-08-27,瑞信：中海油田服务目标价8.5港元 维持跑赢大市评级,新浪
2020-08-27,瑞信：下调中海油服(2883.HK)目标价至8.5港元评级“跑赢大市” 机构下调估值,格隆汇
2020-08-27,【国泰君安国际】晨报：水泥进入传统旺季，关注水泥龙头企业 2020年8月27日周四,国泰君安证券香港
2020-08-27,【国元机械】中海油服（601808）2020年中报点评：2020H1业绩稳定，静待油价回暖,国元高端装备
2020-08-27,【面包财报】中海油服：2020年上半年归母净利润17.14亿元，同比增长76.17%,面包财经
2020-08-27,中海油重要人事变动！,一带一路高参
2020-08-27,最新公告透露利好 13只个股有望爆发（08.27）,中金在线
2020-08-27,股海导航 8月27日沪深股市公告提示,新浪
2020-08-27,中海油服(02883-HK)半年多赚76%不派息,财华社
2020-08-27,【中证盘前】农业农村部：国内粮价缺乏大幅上涨的条件；《八佰》票房超11.55亿；阿里入股中国广电，多家上市公司参股,中证报
2020-08-27,中海油服：多措并举提质增效 科技创新助力发展,证券时报网
2020-08-27,上市公司正负面新闻2020年8月27日星期四,Wind
2020-08-26,中海油服：上半年净利17.14亿元同比增76%,格隆汇
2020-08-26,中海油服：上半年净利同比增长76.2%,e公司
2020-08-26,中海油服(601808.SH)：聘任齐美胜为首席执行官 赵顺强为总裁,格隆汇
2020-08-26,中海油服(601808.SH)半年度净利润升76.2%至17.14亿元,格隆汇
2020-08-26,中海油服：董事辞任 董监高成员变化,Wind
2020-08-26,中海油服：上半年净利润同比增长76.17%,Wind
2020-08-23,原油周报第162期：OPEC+减产规模仍将保持稳定,光大证券
2020-08-19,海油工程(600583)2020年中报点评：非海工业务增长部分对冲低油价拖累 看好公司长期表现,新浪
2020-08-17,先进制造行业周报：选股回归业绩主线 概念继续关注航空航天军工和智能制造,新浪
2020-08-16,【开源煤炭&石化-张绪成】石化周报：原油基本面持续向好，涤丝下游需求逐步改善,能源观察站
2020-08-16,原油开采行业-每周油气：美国新钻井许可数量创十年新低！,新浪
2020-08-15,威海金陵创造性完成HYSY922平台干驳坞修,国际船舶
2020-08-14,民银资本(01141.HK)债券承销发行业务再创佳绩,格隆汇
2020-08-13,惠誉确认中海油服“A”的评级，展望稳定,Wind
2020-08-10,粤新海工澄清与阿联酋公司仲裁案,国际船舶
2020-08-10,机械设备行业2020年8月月报：继续关注航空航天军工板块和中报恢复超预期标的,新浪
2020-08-08,揭秘北上资金：连续5日减仓这36只个股，财通证券、海尔智家、中海油服上榜（附名单）,每日经济新闻
2020-08-07,每周油气：美国低成本油气资产的并购良机！,新浪
2020-08-06,中信证券：逐步进入去库周期，看好油价长期持续回升,第一财经
2020-08-06,石化｜国际油价：逐步进入去库周期，看好油价长期持续回升,中信证券研究
2020-08-06,三诺生物2020年中报业绩交流,中信证券研究
2020-08-06,揭秘北上资金：连续5日减仓这34只个股，天音控股减持比例增幅最大（附名单） 减持股份,每日经济新闻
2020-08-05,港股异动 | 中石油(00857)午后升近4%领涨石油股 API原油库存超预期大降858万桶,智通财经
2020-08-05,威海金陵组织HYSY922平台上驳坞修,国际船舶
2020-08-03,【开源煤炭&石化-张绪成】石化周报：供需库存向好提振油价，PTA扩能利润或传导聚酯环节,能源观察站
2020-08-02,【开源煤炭石化-张绪成】石化周报：原油需求有望向好，C3产业链二季度业绩亮眼,能源观察站
2020-07-31,隔晚油价急跌 中海油软逾1%创2个月低位,新浪
2020-07-27,中证指数公司：8月6日发布中证兴业证券ESG盈利100指数,Wind
2020-07-27,能源局要求强化油气勘探开发 2020石油行业发展趋势和现状分析,中研网
2020-07-27,油股个别发展 中海油反弹近2%中石油跌近%,新浪
2020-07-26,能源局要求强化油气勘探开发 配套供应商受益,e公司
2020-07-25,每周油气：美国库欣地区库存累积？,新浪
2020-07-24,午市前瞻：内港股市齐跌 惟专家看好港股上牛熊线,新浪
2020-07-24,快讯：石油行业板块涨0.29% 17只个股获大单净买入,证券日报
2020-07-24,石油化工行业点评报告：石油石化配置续创历史新低 关注龙头及偏成长相关标的,新浪
2020-07-24,向国家管网售油气管道业务 中石油开涨近5%暂冠蓝筹,新浪
2020-07-23,午市前瞻：港股走势反复为主 料于25000点见初步支持,新浪
2020-07-23,巨丰早评：人民币异动预示调整将继续,巨丰财经
2020-07-22,上影线说明3381点的压力位比较重,财经
2020-07-22,油气开采板块今日涨幅居前 该如何掘金｜今日异动数据,第一财经
2020-07-22,涨停板复盘：三大指数冲高回落 农业板块尾盘拉升,新浪
2020-07-22,巨丰收评：大盘冲高回落 箱体震荡确认,巨丰财经
2020-07-22,A股收评：两市冲高回落创业板指涨1.19%外资净买入逾41亿,格隆汇
2020-07-22,A股收评：创业板指涨1.19%石油、电器仪表板块涨幅靠前,格隆汇
2020-07-22,收评：三大指数冲高回落沪指涨0.4% 油服板块活跃,新浪
2020-07-22,油服股全线飘红，油价突破大跌以来新高，行业景气度持续丨牛熊眼,第一财经
2020-07-22,可燃冰概念午后快速拉升 昊华科技 潜能恒信涨停,金融界
2020-07-22,中炼化升近10% 创1个月新高,新浪
2020-07-22,午市前瞻：港股回稳有机会重上牛熊线 看好内需长期表现,新浪
2020-07-22,采掘服务盘中集体拉升 贝肯能源涨停,中国经济网
2020-07-22,油气设服板块拉升 贝肯能源涨停,上证报
2020-07-22,快讯：石油板块早盘走强 贝肯能源封涨停,新浪
2020-07-22,中石化冠德抽升近10% 获瑞信升至跑赢大市,新浪
2020-07-21,中石化炼化延迟派息 现跌近2%,新浪
2020-07-20,石油化工行业周报：IEA预测下半年需求好转 重点关注OPEC+减产规模调整,光大证券
2020-07-19,【开源煤炭石化-张绪成】石化周报：8月原油减产进入第二阶段，炼化预计中报业绩大增,能源观察站
2020-07-17,国海海工完成武船首个海工辅助船光船租赁合同签约,国际船舶
2020-07-17,每周油气：8月起OPEC+减产规模降低！,新浪
2020-07-15,姚老板又来了！宝能系开启转型产业之路,Wind
2020-07-13,威海金陵再次承修中海油服海工平台项目,国际船舶
2020-07-10,中海油服“缺陷”钻井平台闲置多年后再获新租约,国际船舶
2020-07-10,国际原油价格逐步回升 成品油价将迎来小幅上调,证券日报
2020-07-10,石油股下滑 中国石油下跌4%中海油下跌2%,新浪
2020-07-09,中石化冠德升逾10% 创52周新高,新浪
2020-07-09,机械设备行业 7 月月报：国内经济逐步修复，关注需求恢复超预期的板块,格隆汇
2020-07-08,机械设备行业月度策略：国内经济逐步修复 关注需求恢复超预期的板块,新浪
2020-07-08,【东北石化吴若飞/田照丰】原油重磅深度：未来原油怎么看？复盘过去10年油价核心逻辑的启示,东北证券研究所
2020-07-07,山东墨龙升逾8% 创1个月新高,新浪
2020-07-06,A股，中石油飙涨近7%！沪指暴涨5.71%收3332点！疯牛，将多高？,搜狐
2020-07-06,石油化工行业动态点评：政策推动我国非常规油气发展,新浪
2020-07-06,基础化工行业周报：关注低估值及较高成长性的二线蓝筹,光大证券
2020-07-06,【太平洋机械】机械行业周报20200704：工业机器人国产化加速，明星企业“扎堆”上市,太平洋机械大讲堂
2020-07-04,石油化工行业周报：库存降幅创半年新高 油价维持40美元以上高位,新浪
2020-07-03,每周油气：全球原油发现量创新低！,新浪
2020-07-02,石化2020中期投资策略报告：原油供需边际改善 关注油服、PDH及长丝等,新浪
2020-07-02,化工2020年度中期投资策略：至暗时刻已过 聚焦C3&C2、民营炼化及油服-长江石化,新浪
2020-06-29,中海油服(601808.SH):首席执行官兼总裁曹树杰辞职 董监高成员变化,格隆汇
2020-06-29,中海油服：首席执行官兼总裁辞任 董监高成员变化,Wind
2020-06-29,威海金陵首次承修中海油服渤海12号完工离厂,国际船舶
2020-06-29,石油化工行业北上资金周报,新浪
2020-06-28,【开源煤炭石化-张绪成】石化周报：油价回升至40美元，关注后期需求改善,能源观察站
2020-06-28,先进制造周报：海阳3号机组保护和安全监测系统设备顺利出厂,新浪
2020-06-24,中海油田服务(02883)为境外子公司发行8亿美元债券提供担保 大额借贷担保,智通财经
2020-06-24,中海油服(601808.SH)子公司发行在境外完成8亿美元债券,格隆汇
2020-06-24,中海油服成功发行8亿美元高级债券,国际船舶
2020-06-22,晚间公告热点追踪：众泰汽车2019年巨亏111.9亿元,新浪
2020-06-22,【中金固收·信用】一级新发继续提高，二级利差收窄——中资美元债周报,中金固定收益研究
2020-06-19,OPEC月报点评：OPEC5月减产执行率84%，维持“优于大市”,格隆汇
2020-06-19,中海油服发行两期美元票据,Wind
2020-06-19,中海油服(601808.SH)拟发行8亿美元高级担保债券,格隆汇
2020-06-19,中海油服：发行5亿美元于2025年到期的1.875%担保高级票据及3亿美元于2030年到期的2.5%担保高级票据,Wind
2020-06-17,多只股价回调白马股被机构看好,证券时报网
2020-06-17,海外信用评级汇总2020年6月17日星期三,Wind
2020-06-17,穆迪：授予中海油服拟发行美元票据“A3”高级无抵押评级,Wind
2020-06-17,惠誉：授予中海油服拟发行高级美元票据“A”评级,Wind
2020-06-17,中海油服拟发行有担保票据用作偿债及一般企业用途,格隆汇
2020-06-17,中海油服：建议发行有担保票据,Wind
2020-06-16,港股收盘(6.16)|恒指收涨2.39% 华为概念爆发 中兴通讯(00763)涨逾15%,智通财经
2020-06-16,港股异动 | 中海油服(02883)升逾7%领涨石油股 中国5月炼油量同比增8.2%,智通财经
2020-06-15,威海金陵提前完成渤海12平台修理工程,国际船舶
2020-06-15,汇丰研究：上调中海油田服务(02883)目标价至8.4港元 维持“买入”评级,智通财经
2020-06-12,港股收盘(6.12)|恒指收跌0.73% 国际油价下挫 “三桶油”领跌蓝筹,智通财经
2020-06-12,港股异动 | “三桶油”均低开3% 国际油价大跌 隔夜美股石油股全线走弱,智通财经
2020-06-12,中信证券：供需格局仍很脆弱，坚定看好中长期油价回升,证券时报网
2020-06-11,诚实守信 做受尊敬的上市公司——天津辖区上市公司集体接待日成功举办,全景网
2020-06-11,85只股即将实施分红（名单）,中财网
2020-06-11,5月：新增贷款1.48万亿元，CPI同比上涨2.4％,腾讯网
2020-06-10,油价强劲回升 油服行业率先受益,金融投资报
2020-06-09,油价重回40美元上方 哪些A股受益？,金融投资报
2020-06-09,6月9日券商晨会研报汇编,证券日报
2020-06-09,睿财看市场 ：指数再创本轮新高，消费电子接力领涨,恒泰睿财
2020-06-09,巨丰早评：市场盘整期间可高抛低吸,巨丰财经
2020-06-09,原油迷局：携手减产成泡影，油价40美元关口徘徊,Wind
2020-06-09,国际油价持续反弹 炼化板块渐入佳境,中证报
2020-06-09,A股创反弹以来新高石油钢铁引领资源股上涨,证券时报
2020-06-08,能源行业日报：油价大涨 估值修复机会显现,新浪
2020-06-08,原油市场剧情反转：北上资金连续加仓“两桶油” 资源股涨声一片,新浪
2020-06-08,地摊经济概念崩溃资源股拉升诱发抛盘,搜狐
2020-06-08,A股冲高回落沪指小涨创指收跌0.59%题材股退潮市场分化加剧,财华社
2020-06-08,沪指震荡上涨0.24%，低迷贸易数据激发对出炉更多政策刺激的冀望,环球外汇网
2020-06-08,港股收盘(6.8)|恒指收涨0.03% 中海油服(02883)升逾8%领涨石油股,智通财经
2020-06-08,石油化工行业周报：历史性减产协议将延长到7月,光大证券
2020-06-08,收评：墨迹行情机会多需等待！,搜狐
2020-06-08,沪指深成指收涨；创业板指收跌，北向资金连续11日净流入,澎湃新闻
2020-06-08,至暗时刻已过，油价反弹，国内石油企业受何影响？,第一财经
2020-06-08,巨丰收评：资源股补涨 市场又陷低迷,巨丰财经
2020-06-08,快讯：油气勘探板块午后崛起涨1.84% 风范股份涨停,证券日报
2020-06-08,【异动股】油价相关板块拉升，泰山石油(000554-CN)涨6.09%,财华社
2020-06-08,中金：OPEC+延长减产至7月底 看好中海油服(2883.HK)等,格隆汇
2020-06-08,20年最大涨幅！沙特大幅上调原油出口价，A股石油石化板块受提振,中证报
2020-06-08,午市前瞻：保力加通道顶25000点 恒指料回至24000点,新浪
2020-06-08,20年最大涨幅:沙特大幅上调原油出口价 A股石油石化板块受提振,中证报
2020-06-08,题材熄火，短线资金表现低迷！,搜狐
2020-06-08,港股午评|恒指于两万五遇阻，港交所曾逼近300元随后跳水,富途证券
2020-06-08,大和：油价反弹有利中海油服(2883.HK)升目标价至8.8港元,格隆汇
2020-06-08,A股午盘综述：上证指数涨0.28%，创业板指跌0.43%,Wind
2020-06-08,【券商聚焦】中金首推中海油田服务目标价11港元,凤凰网
2020-06-08,“欧佩克+”减产协议如愿延期，A股相关板块走强丨牛熊眼,第一财经
2020-06-08,【异动股】石油行业板块高开，和顺石油(603353-CN)涨停,财华社
2020-06-08,港股异动 | 中海油服(02883)升逾5%领涨石油股 OPEC+宣布延长日均970万桶减产协议,智通财经
2020-06-08,快讯：两桶油概念股早盘活跃 泰山石油冲击涨停,新浪
2020-06-08,油气概念股走强 泰山石油涨停,金融界
2020-06-08,港股开盘(6.8)︱恒指涨1%报25018点 中海油(00883)高开逾4%领涨蓝筹,智通财经
2020-06-08,能源设备板块走俏，中海油服、中曼石油领涨,Wind
2020-06-08,港股异动|石油股高开中海油服(2883.HK)高开超7%,格隆汇
2020-06-08,中信证券：国际油价预计全年Brent中枢45美元/桶，看好中长期油价持续回升,Wind
2020-06-08,中信证券： 预计全年Brent中枢45美元/桶，看好中长期油价持续回升,证券时报网
2020-06-08,国际油价｜预计全年Brent中枢45美元/桶，看好中长期油价持续回升,中信证券研究
2020-06-08,石油化工行业周报：油价的十字路口：价格战延续还是终结 油价或仍将震荡,新浪
2020-06-08,6月8日开盘前瞻 | 报复式反弹后 港股迎来“买买买”模式？,智通财经
2020-06-07,中海油服(601808.SH)2019年度拟每股派息0.16元股权登记日6月11日,格隆汇
2020-06-05,每周油气：OPEC+或将延长5月减产规模？,新浪
2020-06-05,山东墨龙升逾11% 主动买盘76%,新浪
2020-06-05,天津宜必思酒店有限公司未按规定实施生产经营过程控制要求案,天津市场监管委
2020-06-04,华创事件驱动早报6-4：夜宵王小龙虾点亮地摊经济；数十家央企积极对接湖北,华创证券研究
2020-06-04,中海油服(601808)：新合同价格带来2Q20业绩压力 油价回升增加长周期向上确定性,新浪
2020-06-04,向东向海！天津三大产业构建海洋经济生态圈,中国科技网
2020-06-03,威海金陵首次承修中海油服渤海十二号钻井平台出坞,国际船舶
2020-06-03,国际油价创三个月新高 产业链或迎估值修复,中证网
2020-06-03,国际油价刷新近三月新高 新潮能源、中海油服强势反弹,网易
2020-06-03,快讯：可燃冰板块早盘强势上涨2.59% 杰瑞股份飙升9.56%,证券日报
2020-06-03,港股异动 | 中海油服(02883)涨超4%领涨石油股 国际油价收复价格战以来所有跌幅,智通财经
2020-06-02,【朝闻国盛0604】油价重回40美元，看好民营大炼化板块,国盛证券研究所
2020-06-01,解密主力资金出逃股 连续5日净流出238股,证券时报网
2020-06-01,中海油服四大业务齐发力营收超300亿 受益行业需求复苏净利接连超30倍增长,长江商报
2020-06-01,沪深300等指数样本股调整,中证网
2020-06-01,股民们注意，沪深300等指数调整了这些样本股,上观
2020-06-01,运行平稳样本丰富，科创板指数应尽快推出,证券时报
2020-06-01,运行平稳样本丰富科创板指数应尽快推出,证券时报
2020-05-30,6月份A股或迎筑底反弹，逾四成采掘股获机构推荐,Wind
2020-05-29,打造海洋产业生态圈，天津港保税区开启向海之路,科技日报
2020-05-28,15股今日获机构买入评级,证券时报网
2020-05-28,15股获买入评级 最新:益丰药房,中财网
2020-05-28,油股普跌 中海油现跌3%暂领跌蓝筹,新浪
2020-05-28,券商首次关注4股并给予买入评级（5月28日）,Wind
2020-05-26,【中航军工】机械周报 | 布油月涨幅 41% ，但全年全 球油气勘探开发投资将大幅减少,微信
2020-05-25,【中信证券石油化工】石化&化工行业北上资金流向周报200518-0522,CITICS石油石化
2020-05-23,出口转内销，首批上海造平台供应船即将在天津投入运营,上观
2020-05-22,沪指周线两连阴逼近2800点 估值扩张具备较好基础,大众证券报
2020-05-22,港股收盘(5.22)|恒指收跌5.56% 香港地产股领跌蓝筹,智通财经
2020-05-22,中信证券：维持全年布油中枢40-45美元/桶的观点 看好中长期油价持续回升,证券时报网
2020-05-21,油服行业点评报告：油价底部回升趋势明确 关注油服板块估值修复──油服行业点评报告,新浪
2020-05-21,F三星原油期升近4% 恢复增设基金单位,新浪
2020-05-19,午市前瞻：港股观望气氛浓厚 仍未能摆脱横行局面,新浪
2020-05-19,中海油服大涨5.05%报13.95元 领涨采掘服务业,中新经纬
2020-05-19,港股异动 | “三桶油”集体走强 疫苗研发传积极消息 市场憧憬原油供需矛盾缓解,智通财经
2020-05-18,招商金陵威海变身“山东友联”拓展修船市场,国际船舶
2020-05-14,招商工业孖洲岛基地再迎“南海十号”平台进厂改造,国际船舶
2020-05-14,中海油人事变动！海油发展一把手到任！,华夏能源网
2020-05-14,光大证券：5月是原油供需端的双重拐点 推荐中海油服,新浪
2020-05-14,港股盘前必读：腾讯控股一季度净利润288.96亿元同比增长6%,Wind
2020-05-14,当前原油市场的三个关键变量 ——基于原油市场供需层面的持续跟踪检验,化海锋云
2020-05-13,花旗：随着能源需求有所改善 上调中海油服(02883)及中石化(00386)等石油股目标价,智通财经
2020-05-13,花旗：上调中资油股目标价 升中海油服(2883.HK)评级至买入,格隆汇
2020-05-13,基于原油市场供需层面的持续跟踪检验：当前原油市场的三个关键变量,光大证券
2020-05-13,【申港石化刘少卿】石油石化行业2019年报及2020一季报总结：供需双杀 或将触底,千辨万化
2020-05-13,中海油人事变动！朱磊任海油发展党委书记、董事长,北极星节能
2020-05-12,5月12日开盘前瞻 | 今天不看恒指脸色了，先押注航空股、石油股,智通财经
2020-05-11,港股异动丨石油股走强 国际油价连涨二周,格隆汇
2020-05-07,国际油价回吐 中海油及中石油齐走低约2%,新浪
2020-05-07,149股一季度获社保基金扎堆持有,中财网
2020-05-06,业绩超预期股票名单来了 最强股频频创出历史新高,金融界
2020-05-06,申万宏源研究谈一季报和2019年报：疫情冲击下，14行业景气度较高,新浪
2020-05-06,能源设备开盘活跃,Wind
2020-05-06,社保基金一季度重仓股揭秘：新进138股 增持159股,证券时报
2020-05-05,油价亚洲时段急升 阳光油砂涨逾35%,新浪
2020-05-04,港股异动丨中海油服(2883.HK)逆势涨近4% 中国海洋石油维持今年本土产量及资本开支,格隆汇
2020-05-04,大和：上调中海油服(2883.HK)目标价至7.4港元 评级“买入”,格隆汇
2020-05-04,大和：中海油田服务升至买入评级 目标价升至7.4港元,新浪
2020-05-04,大和：升中海油田服务(02883)至“买入”评级 上调目标价至7.4港元,智通财经
2020-05-04,【天风石化】和顺石油首次覆盖：民营加油站第一股，内生外延发力,樨樨和她的油气小伙伴
2020-04-30,中海油服业绩点评：业绩超预期，七年行动方案执行带来长景气周期【中信建投机械吕娟团队】,微信
2020-04-30,晚间重要公告2020年4月30日星期四,Wind
2020-04-30,【中信证券石油化工】中海油服2020年一季度业绩点评：低油价短期冲击价格，长期高增长趋势不改,CITICS石油石化
2020-04-30,【国元机械】中海油服（601808）2020年一季报点评:2020Q1业绩大超预期，两大核心业务保持增长,国元高端装备
2020-04-30,社保基金一季度重仓股名单（附股）,中财网
2020-04-30,【中信证券石油化工】海油工程2020年一季报点评：季节因素叠加疫情短期拖累，看好公司长期业绩和市场表现,CITICS石油石化
2020-04-29,中海油服：一季度实现净利11.4亿元,国际船舶
2020-04-29,中海油服一季度多措并举稳业绩,上证报
2020-04-29,中海油服：多措并举稳业绩 一季度实现净利11.4亿元,证券时报网
2020-04-29,晚间重要公告2020年4月29日星期三,Wind
2020-04-29,午市前瞻：港股若企稳24600点 可上望25100点,新浪
2020-04-29,港股午评|恒指升近500点，腾讯试430港元，苹果概念股大涨,富途证券
2020-04-29,中石化及中石油绩前高走 现涨逾2%及3%,新浪
2020-04-29,丽珠医药试剂设备销售前景良好,南方财经网
2020-04-28,中海油服大跌6.15%，成交8064万元 连续下跌,中新经纬
2020-04-28,纽油亚洲时段急跌14% 中石油及中海油齐跌逾1%,新浪
2020-04-27,疫情、油价双重冲击，油服企业一季度很“受伤”,第一财经
2020-04-25,光大证券：逐步配置与油价走势有关 但关联度不高的标的,第一财经
2020-04-24,收评：港股恒指跌0.61% 康方生物暴涨50%市值增62亿,新浪
2020-04-24,A股三大指数均跌逾1% 沪指险守2800点,中新经纬
2020-04-24,港股异动 | 遭GIC减持涉资1772.72万港元 中海油服(02883)随市跌逾4% 减持股份,智通财经
2020-04-24,港股异动 | 中海油服跌逾3% 遭GIC减持293.4万股 减持股份,格隆汇
2020-04-24,光大证券：今年年底到明年年初原油价格有望重回50美元/桶,金融界
2020-04-23,监管出手火爆行业基金降温科技股领跌A股冲高回落避险情绪升温,财华社
2020-04-23,大和：首予中海油服(2883.HK)“跑赢大市”评级 目标价6.3港元,格隆汇
2020-04-23,大和：首予中海油田服务(02883)“跑赢大市”评级 目标价6.3港元,智通财经
2020-04-23,巨·热点|三大板块逆势走强 呈现良好赚钱效应,巨丰财经
2020-04-23,A股收评：三大股指高开走低集体翻绿，油气、农业股维持强势,格隆汇
2020-04-23,沪指震荡收跌0.19% 石油股一改颓势表现活跃,中新经纬
2020-04-23,山东墨龙升逾20% 暂连升2日,新浪
2020-04-23,沪指窄幅震荡收跌0.19% 石油股大涨,中新经纬
2020-04-23,石油板块发力上扬，海油工程新潮能源涨停,证券时报网
2020-04-23,解盘：能源反弹，原油储运、肺炎检测、智慧农业、军工领涨,Wind
2020-04-23,油气板块暴力反弹 3股涨停,证券时报网
2020-04-23,油气板块集体拉升，多股涨停,第一财经
2020-04-23,能源设备概念异动拉升,e公司
2020-04-23,快讯：采掘服务走高 海油工程涨停,新浪
2020-04-23,【行情】油气设服异动，海油工程拉升封板，中海油服、中曼石油、贝肯能源等跟涨。,金十数据
2020-04-23,社保基金现身289只股前十大流通股东榜,证券时报网
2020-04-22,兖州煤业2019年度拟派28.49亿元红包,证券时报网
2020-04-22,1.88亿元主力资金今日撤离采掘板块,证券时报网
2020-04-22,早盘资金大举杀入两大板块 原油期货跌停,中投网
2020-04-22,资金大举杀入两板块 机构高喊茅台目标价超1500元,网易
2020-04-22,原油期货全线跌停！资金大举杀入两大板块，贵州茅台史上最壕分红 连续下跌,证券时报网
2020-04-22,港股异动|布伦特原油盘中转跌12.5%创19年新低石油股继续走弱,搜狐
2020-04-22,山东墨龙升逾27% 创1个月新高,新浪
2020-04-22,国际油价大跌第二日 三桶油受累中海油下跌2%,新浪
2020-04-22,原油价格暴跌“三桶油”低开,格隆汇
2020-04-22,光大证券：黎明前的黑暗，原油市场静待双重拐点,证券时报网
2020-04-21,光大证券：4月是原油现货市场黎明前的黑暗5月是双重拐点,金融界
2020-04-21,港股收盘(4.21)|恒指收跌2.2% 负油价影响发酵 石油股全线下行,新浪
2020-04-21,港股午评|恒指跌穿两万四，汇丰跌穿40元，惠誉再降香港评级,富途证券
2020-04-21,活久见！负油价影响几何？,巨丰财经
2020-04-21,港股三桶油进一步走低 史上首次惊现“负油价”,格隆汇
2020-04-21,能源股普遍调整,Wind
2020-04-21,社保基金现身259只股前十大流通股东榜,证券时报网
2020-04-21,国际油价：短期疫情压制，Q2有望启动中长期回升,证券时报网
2020-04-20,1.19亿元资金今日流出采掘股,证券时报网
2020-04-20,208家公司2019年业绩增幅翻倍 万集科技增幅最大,中国财富网
2020-04-20,布油跌幅收窄 中石化扬逾2%中海油涨近2%,新浪
2020-04-20,1376公司公布年报208家业绩增幅翻倍,证券时报网
2020-04-20,社保基金持仓动向：去年四季度新进66股,证券时报网
2020-04-17,午市前瞻：利好消息已反映 港股或整固料23800见支持,新浪
2020-04-17,1201份年报受“检阅” 三大财务指标筛出6只潜力白马股,证券日报
2020-04-16,1159公司公布年报174家业绩增幅翻倍,证券时报网
2020-04-16,石化｜国内QDII相对稳健，海外杠杆ETF弹性大：全球视野下的原油标的投资解析,中信证券研究
2020-04-16,中国海油疫情期间海外生产平稳有序,中国能源网china5e
2020-04-16,社保基金去年四季度重仓股揭秘：5股社保基金持股比例超10%,金融界
2020-04-16,前方高能，4月份北向资金净流入达334.28亿元！持仓个股曝光（名单）,每日经济新闻
2020-04-16,配置型资金净流入，外资加仓中国股票,Wind
2020-04-16,配置型资金净流入 外资加仓中国股票,中证报
2020-04-15,招商工业修理改造“南海九号”平台顺利完工出厂,国际船舶
2020-04-15,午市前瞻：港股明显转势 今轮反弹有机会上试26000点,新浪
2020-04-15,布油再度失守30美元 三桶油受压中海油低开近2%,新浪
2020-04-15,港股开盘(4.15)︱恒指涨0.26%报24499.86点 国际油价受压 石油股集体低开,智通财经
2020-04-15,社保基金现身205只股前十大流通股东榜,证券时报网
2020-04-14,上市公司迎来业绩密集披露期 市场人士建议远离业绩变脸股 盈利能力下降,重庆商报
2020-04-14,港股收盘(4.14)|恒指收涨0.56% 疫苗进入II期临床试验 康希诺生物-B(06185)涨逾6%,智通财经
2020-04-14,港股异动 | 沙特阿美再度下调对亚洲的原油定价 油价受挫石油股多数走弱,智通财经
2020-04-14,港股异动丨石油股多数下跌 沙特将5月销往亚洲的轻质原油每桶下调4.2美元,格隆汇
2020-04-13,石油减产保价协议达成 三主线挖掘概念股投资机遇,证券日报
2020-04-13,4月13日投顾陪你读早报：欧佩克+达成历史性原油减产协议！周末还有这些大事件,金融界
2020-04-13,1006份年报逾七成增长 153家净利同比增超100%,资本邦
2020-04-13,【国元资讯早班车】监管层：新股发行将保持常态化！,国元证券订阅号
2020-04-13,国内财经媒体头版2020年4月13日星期一,Wind
2020-04-13,1006份年报出炉逾七成增长 153家净利润同比增超100%,证券日报
2020-04-13,【申港石化】复盘OPEC减产 油价调控效果趋弱 20200412,千辨万化
2020-04-12,六大主力最新动向曝光 逾1600亿资金增持偏爱这一领域（附表）,金融界
2020-04-12,5月是原油市场的双重拐点 ——OPEC+减产协议及G20能源部长会议的影响分析,化海锋云
2020-04-10,社保基金去年四季度重仓股揭秘：19股社保基金持股比例超5%,证券时报网
2020-04-09,社保基金持仓动向：去年四季度新进45股,证券时报网
2020-04-09,机构最新持仓动向曝光 社保新进45股增持50股减持53股 减持股份,金融界
2020-04-09,油组将召开会议 中海油涨逾2%F三星原油期飙升5%,新浪
2020-04-09,外高桥造船又一艘PSV完成坞检试航项目凯旋,国际船舶
2020-04-09,港股异动 | 获小摩增持涉资3677.69万 中海油服(02883)涨逾4%,智通财经
2020-04-09,石油股集体高开隔夜原油价格大涨,格隆汇
2020-04-09,社保基金新进39股6股年报净利翻倍增长,证券时报
2020-04-08,中海油服：关于召开2019年年度股东大会、2020年第一次A股类别股东会议及2020年第一次H股类别股东会议的通知,上交所
2020-04-08,最新名单！社保基金重仓股出炉，新进5只千亿级龙头，大手笔加仓这些科技股，最牛业绩暴增30倍,e公司
2020-04-08,港股收盘(4.8)|恒指收跌1.17% 中芯国际(00981)上调业绩指引 逆市涨逾5%,智通财经
2020-04-08,最被看好十大港股：高盛维持长和目标价82港元,新浪
2020-04-08,港股异动 | 遭美国资本集团减持涉资6962.34万 中海油服(02883)跌逾4% 减持股份,智通财经
2020-04-08,【申港石化】LPG 期货上市20200406,千辨万化
2020-04-08,799公司公布年报121家业绩增幅翻倍,证券时报网
2020-04-08,投资者提问：董秘你好，最近新冠肺炎导致原油需求大幅下降油价低迷，WTI原油,新浪
2020-04-08,能源板块快速走弱,Wind
2020-04-08,【行情】油气股开盘走弱，中海油服、中曼石油、贝肯能源等跌近4%。,金十数据
2020-04-07,社保基金持仓动向：去年四季度新进43股,中财网
2020-04-07,收评：沪指收复2800点创业板指大涨3.31%北向资金净流入逾140亿元,金融界
2020-04-07,【行情】油气设服板块异动，泰山石油拉升封板，中曼石油、贝肯能源、中海油服、海越能源等快速跟涨。,金十数据
2020-04-07,午后油气设服板块异动 泰山石油拉升封涨停,金融界
2020-04-07,汇丰：下调中海油服(2883.HK)目标价至7.5港元 评级买入 机构下调估值,格隆汇
2020-04-07,中海油：1200余名外派员工坚守岗位 境外项目有序推进,上证报
2020-04-07,午市前瞻：港股再上试24000点 料短期获利情况增加,新浪
2020-04-07,中国海油：疫情期间海外生产平稳有序,中证网
2020-04-07,汇丰：中海油田服务目标价降至7.5港元 维持买入评级,新浪
2020-04-07,油组推迟会议油价回吐 三桶油跑输蓝筹中石油跌逾1%,新浪
2020-04-07,43股去年四季度获社保基金扎堆持有,证券时报
2020-04-07,油价下跌传导油服行业 “三桶油”优化调整资本支出,财富动力网
2020-04-07,年报季报进入密集期 银行股依旧“最赚钱”,金融投资报
2020-04-06,【太平洋机械】机械行业周报20200404：紧跟挖机复苏步伐，混凝土机械将迎来销售高峰,太平洋机械大讲堂
2020-04-06,国际油价今早回吐 三桶油续涨中石油升逾2%,新浪
2020-04-05,油价下跌对下游影响弱化 改性塑料等子行业盈利能力回升,南方财经网
2020-04-04,【太平洋化工】油价短期波动加大，底部区域基本确认,微信
2020-04-03,涨停板复盘：三大股指缩量下挫 科技题材悉数回调,新浪
2020-04-03,760公司公布年报116家业绩增幅翻倍,证券时报网
2020-04-03,63股获杠杆资金大手笔加仓,证券时报网
2020-04-03,每日策略20200403,东莞证券研究
2020-04-03,港股开盘(4.3)︱恒指低开0.89%报23072点 三大运营商集体走强,智通财经
2020-04-03,【睿·投顾】行情依旧缩量磨底 这些板块再次被高层点名,恒泰头派账户
2020-04-03,社保基金现身141家上市公司，连续3年坚守20只个股,Wind
2020-04-03,785股年内高点以来回调超30%，25股业绩高增长,Wind
2020-04-03,785股年内高点以来回调超30%25股业绩高增长,证券时报
2020-04-03,社保基金现身141家上市公司前十大流通股股东名单 连续3年坚守20只个股,证券日报
2020-04-02,科技股疯涨！A股新一轮大行情开启？,华讯财经
2020-04-02,犀牛财经晚报：同仁堂净利下滑13%美股财报发布日期延长45天,GPLP犀牛财经
2020-04-02,周四早盘A股低开高走 午后石油板块拉升,中投网
2020-04-02,国际油价暴涨暂缓市场下跌局面科技股回暖点燃A股做多情绪,财华社
2020-04-02,新华500指数（989001）2日涨1.67%,新华网
2020-04-02,机构论市：科技股企稳大涨 股指短线反弹有望延续,新浪
2020-04-02,4月2日复盘：风向转暖谨防踏空 主力资金出击16股,新浪
2020-04-02,国际原油价格大涨 油价暴跌致美石油公司破产 2020年4月2日今日油价最新价格表 减资破产,中研网
2020-04-02,100只股涨停最大封单资金2.29亿元,证券时报网
2020-04-02,涨停板复盘：创业板指重回1900点 科技题材集体回暖,新浪
2020-04-02,巨丰收评：又见百股涨停 恶化的技术面修复,巨丰财经
2020-04-02,A股收评：创业板大涨2.8%科技股全天强势石油股跟随国际油价大涨,格隆汇
2020-04-02,收评：沪指涨1.69%创业板指大涨近3%石油行业领涨芯片股集体爆发,金融界
2020-04-02,上证指数收盘涨1.69%，创业板指涨2.8%收复1900,Wind
2020-04-02,快讯：中海油服涨停报于12.42元,金融界
2020-04-02,中海油服升近11% 主动买盘61%,新浪
2020-04-02,能源设备板块大幅走强,Wind
2020-04-02,石油板块午后发力，中曼石油涨停,Wind
2020-04-02,油气股午后异动走强 中海油服涨逾4%,中国经济网
2020-04-02,快讯：石油板块午后再度拉升 中曼石油涨近7%,新浪
2020-04-02,午市前瞻：料港股维持横行格局 短期最多上望23800点,新浪
2020-04-02,高增长的超跌股名单！股价狂打折，估值跌至个位数，机构追捧它们，最高看涨近翻倍（附股）,证券时报
2020-04-02,龙头股反弹值得关注 35只股票去年净利高增长,第一财经
2020-04-02,三桶油V型反弹 布油急涨逾4%中石油冠蓝筹现升4.3%,新浪
2020-04-02,社保基金现身140只个股 合计持有市值逾2500亿元,财富动力网
2020-04-02,社保基金现身140只股前十大流通股东榜 6股热门,证券之星
2020-04-01,大连华讯投资股份有限公司：农业种植井喷，A股部分高潮!,华讯财经
2020-03-31,恒指半日涨1.09% 石油股全线上涨中海油服涨超10%,腾讯网
2020-03-31,突发，农业种植井喷，A股局部高潮！,华讯财经
2020-03-31,社保基金持仓动向：去年四季度新进36股,新浪
2020-03-31,37公司获得增持评级-更新中,中财网
2020-03-31,社保基金去年四季度重仓股揭秘：新进36股增持39股,证券时报网
2020-03-31,国际油价大涨逾8% 石油股走高,每日经济新闻
2020-03-31,油价攀升带动油股 中海油涨近3%中石化升近2%,新浪
2020-03-31,快讯：油气板块盘中异动拉升 中曼石油等多股走强,新浪
2020-03-31,130股获券商买入评级 潍柴动力目标涨幅达64.65%,Wind
2020-03-30,499公司公布年报69家业绩增幅翻倍,证券时报网
2020-03-30,社保基金持仓动向：去年四季度新进27股,证券时报网
2020-03-30,121股获券商买入评级 环旭电子目标涨幅达81.61%,Wind
2020-03-30,社保看好国寿双汇金山 知名私募大举买入顺丰,--
2020-03-29,申万宏源一周晨会纪要合集（2020/03/24-2020/03/27）,申万宏源研究
2020-03-27,84股今日获机构买入评级,证券时报网
2020-03-27,港股异动丨中海油田服务涨近9% 低油价不改反弹趋势,格隆汇
2020-03-27,瑞信指其2016年以来最低估值，中海油服涨超5%,富途证券
2020-03-27,中海油田服务升近10% 主动买盘49%,新浪
2020-03-27,港股异动 | 瑞信称估值为2016年以来最低并小幅上调目标价 中海油服(02883)涨逾9%,智通财经
2020-03-27,海天味业市值超3000亿 中海油服净利润大增34倍,金融界
2020-03-27,美联储频出大招救市 全球紧张情绪有所缓解 136只绩优低估值A股暗藏机会,财富动力网
2020-03-27,周五机构一致看好的七大金股（03.27）,中金在线
2020-03-27,中海油服：轻资产卓有成效，业绩兑现高增长,证券时报网
2020-03-26,85股今日获机构买入评级31股上涨空间超20%,证券时报网
2020-03-26,瑞信：上调中海油服(2883.HK)目标价至9.2港元 评级“跑赢大市”,格隆汇
2020-03-26,社保基金最新持股名单曝光：新进17股，增持22股,证券时报网
2020-03-26,社保基金持仓动向：去年四季度新进15股,证券时报网
2020-03-26,港股异动 | 年度纯利同比暴增34倍 中海油服(02883)早盘倒跌近5%,智通财经
2020-03-26,中海油跌逾2% 绩后获利回吐,新浪
2020-03-26,国金证券：下调中海油服盈利预测，维持“增持”评级,第一财经
2020-03-26,26日公司新闻聚焦:美的集团间接控股合康新能 中海油服净利增34倍,证券时报网
2020-03-26,社保基金现身66只股前十大流通股东榜,证券时报
2020-03-26,中海油服2019年净利增34倍 主因是增产和成本管控,金融界
2020-03-26,A股早报2020年3月26日星期四,Wind
2020-03-26,最新公告透露利好 15只个股有望爆发（03.26）,中金在线
2020-03-25,A股头条之上市公司（3.25）,金融界
2020-03-25,晚间公告热点追踪：美的将成合康新能间接控股股东,新浪
2020-03-25,中海油服2019年净利同比增逾34倍,金融界
2020-03-25,受益油服市场整体复苏 中海油服去年净利润增长逾34倍,e公司
2020-03-25,中海油服(601808.SH)2019年度净利升3434.2%至25.02亿元拟10派1.6元,格隆汇
2020-03-25,中海油服：2019年净利25亿元 同比增逾34倍,e公司
2020-03-25,中海油服：2019年实现净利润25.02亿 同比增3434.2%,新浪
2020-03-25,中海油服：2019年净利润同比增长3434.12%,Wind
2020-03-25,林伯强获提名为中海油田服务(02883)董事会独立董事候选人,智通财经
2020-03-25,去年国际油价下跌10%，中海油盈利却逆势增15%,第一财经
2020-03-25,中炼化工程升逾10% 暂连升4日,新浪
2020-03-25,中集安瑞科升近11% 暂连升2日,新浪
2020-03-24,中集安瑞科升近11% 主动买盘79%,新浪
2020-03-23,兴证·私募与企业部今日推荐汇总-2020.3.23,A股组合投资策略
2020-03-23,中海油服：为他人提供4亿美元担保 大额借贷担保,Wind
2020-03-23,港股收盘(3.23)|恒指收跌4.86%疫苗获密切关注康希诺生物(06185)涨逾15%破顶,搜狐
2020-03-23,申万宏源:低油价下化工产业重塑 强竞争标的受益(股),新浪
2020-03-23,午市前瞻：料恒指短期有反弹空间 短线21500点见支持,新浪
2020-03-23,中海油服跌逾9% 主动卖盘48%,新浪
2020-03-20,港股收盘(3.20)|恒指收涨5.05% 蓝筹股暴力反弹 中移动(00941)涨超13%,智通财经
2020-03-20,截至3月20日AH股共计1只股票股价倒挂,Wind
2020-03-20,创指高开低走半日微跌0.01%海南自贸概念活跃,中新经纬
2020-03-20,原油价格偏离价值 把握三个抄底工具！（必读）,金融界
2020-03-20,美原油低位急弹逾两成 中海油弹升6%中石油上涨4%,新浪
2020-03-20,汽油价格重回5元时代 4只石油股创历史新低,第一财经
2020-03-20,中海油服近期调整为良好买入点,财富动力网
2020-03-18,最被看好十大港股：瑞银升信达生物目标价至37.73港元,新浪
2020-03-18,收评：恒指午后跳水近千点大跌4.18％ 通信股低迷联通重挫9.52％,金融界
2020-03-18,原油跌破30美元 原油跌破30美元意味着什么？原油跌对中石油中石化的影响,中研网
2020-03-18,港股异动 | 遭小摩减持涉资1.14亿港元 中海油服(02883)跌近6%创三年半新低 减持股份,智通财经
2020-03-18,瑞信：下调中海油服(2883.HK)目标价至9港元 评级“跑赢大市” 机构下调估值,格隆汇
2020-03-18,石油股普遍走低 中海油跌逾3%中石油下跌1.64%,新浪
2020-03-17,午市前瞻：港股现处严重超卖水平 料会有技术性反弹,新浪
2020-03-14,新时代机械周报：2月挖机销量同比降约50%，江苏列5大高端化工项目 盈利能力下降,机械泰通
2020-03-14,石油价格巨震下的资本众生相：产业链悲喜交织,Wind
2020-03-13,今日27只A股跌停有色金属行业跌幅最大,证券时报网
2020-03-13,A股三大股指半日均跌超3%3000余只个股下跌,中新经纬
2020-03-13,港股异动 | OPEC取消3月18日技术委员会会议 国际油价再度下挫 石油股普跌,智通财经
2020-03-12,午市前瞻：港股暂难估底 本月单日上落千点或成常态,新浪
2020-03-11,油价升幅显著收窄 中海油下跌5%暂为最差蓝筹,新浪
2020-03-11,水比油贵！国内三桶油业绩恐再次面临冲击,Wind
2020-03-11,石油化工：短期油价承压,金融投资报
2020-03-11,水比油贵再现 三桶油恐再次面临低油价冲击,证券日报
2020-03-10,国际油价雪崩式倒塌还可以更低,财华社
2020-03-10,午市前瞻：纽油若能企稳30美元 港股25000关会有支持,新浪
2020-03-10,外高桥海工举行最后两艘PSV交船动员会,国际船舶
2020-03-10,原油“闪崩”冲击链： 炼厂锁价窗口开启 油服巨头或重归收缩时代,21世纪经济报道
2020-03-09,标普500触发一级熔断，油服巨头斯伦贝谢闪崩35% 连续下跌,21世纪经济报道
2020-03-09,CF40：全球市场遭遇黑色星期一 A股怎么走？,Wind
2020-03-09,金融街下午茶2020年3月9日星期一,Wind
2020-03-09,咖米科技：创业板风险累计增加 原油价格狂跌30%,金融界
2020-03-09,“黑天鹅”突袭国际油价重挫31% A股产业链隐现机会 连续下跌,中国经济网
2020-03-09,上证指数收盘跌3%，创业板指跌4.5%,Wind
2020-03-09,国际油价跌破30美元！亚太股市“恐慌”,中国财富网
2020-03-09,全面暴击！日股收盘大跌5%、中东股市也遭疯狂抛售 这一股指提前进入技术性熊市 连续下跌,FX168
2020-03-09,原油史诗级暴跌33%！能源板块遭集体狂泻 连续下跌,Wind
2020-03-09,通信、口罩股逆市涨停！机构：投资紧扣两条长期主线,中证报
2020-03-09,全球股市重挫科威特跌到休市 A股这些板块逆势上涨,新浪
2020-03-09,三大股指午后跌幅持续扩大 创业板指跌近4%,上证报
2020-03-09,午市前瞻：港股失25000点机会大 进一步下试24500点,新浪
2020-03-09,油价暴跌拉响连环雷爆！欧美股期货全线重挫，A股避风港成色几何 连续下跌,证券时报网
2020-03-09,一文读懂：国际油价雪崩，机构火线解读，油价、股市怎么走？投资三条主线,腾讯网
2020-03-09,史诗级暴跌：油价闪崩30%！全球上演“黑色星期一”！ 美股期货熔断，后市咋办？ 连续下跌,21世纪经济报道
2020-03-09,沙特开启原油市场份额竞赛，美油暴跌逾33%刷新历史最大跌幅,Wind
2020-03-09,国际油价大跌如何影响A股？|快评,第一财经
2020-03-09,早间复盘：A股暴跌逾2%，恒指一度泄洪4%，能源板块遭遇重挫 连续下跌,格隆汇
2020-03-09,超级大崩盘！石油版金融危机来了？,券商中国
2020-03-09,中东飞来“黑天鹅”:全球金融市场再度陷入恐慌 A股怎么办,中国证券网
2020-03-09,解盘：能源、科技拖累指数，口罩、特高压、创投概念领涨,Wind
2020-03-09,A股三大股指全线下跌创业板跌近3% 北向资金净流出逾100亿元 连续下跌,第一财经
2020-03-09,上证指数午盘跌2.41%，石化、科技板块跌幅靠前,Wind
2020-03-09,Bernstein：石油市场需求下降 下调中石油(00857)及中海油(00883)等石油股目标价 机构下调估值,智通财经
2020-03-09,受国际油价暴跌影响，石油股全线重挫、航运板块集体大涨,澎湃新闻
2020-03-09,金油股汇债齐暴动：布油一度跌超30%、黄金上破1700美元,金融界
2020-03-09,创业板指盘中跌幅扩大至3% 口罩板块逆势走强 石油化工板块跌幅居前,上证报
2020-03-09,原油闪崩30%，全球恐慌性抛售，北上资金50分钟净流出70亿！,证券时报网
2020-03-09,“黑天鹅”突袭国际油价崩溃，A股石油板块早盘全线重挫丨牛熊眼 连续下跌,第一财经
2020-03-09,A股三大股指跌超2%创业板跌2.44% 口罩股逆势走强多股涨停,第一财经
2020-03-09,A股三大股指集体低开 石油股全线重挫口罩股继续强势 连续下跌,上游新闻
2020-03-09,A股三大股指大幅低开，沪指跌破3000点，石油股全线重挫丨牛熊眼 连续下跌,第一财经
2020-03-09,石油股、原油基金等开盘全线重挫 航运股走强,每日经济新闻
2020-03-09,港股异动 | 沙特计划大幅增加原油产量 开启原油价格战 油价暴跌石油股全线低开,智通财经
2020-03-09,石油股早盘重挫 中国石油、中国石化双双低开,新浪
2020-03-09,A股三大股指全线低开创业板跌近2% 石油板块大跌中海油服跌停 连续下跌,第一财经
2020-03-09,每经开盘丨沪指低开1.56% 石油股全线重挫,每日经济新闻
2020-03-09,"【行情】受国际油价暴跌影响，石油股开盘全线重挫，中海油服逼近跌停，潜能恒信、中曼石油、贝肯能源均跌逾6%，中国石油低开2.6%，中国石化低开1.25%。
连续下跌",金十数据
2020-03-09,国际油价史诗级暴跌！国内厂商迎政策套利机会，下游机会如何？,证券时报网
2020-03-09,突发！“史诗级”风暴突袭全球,证券时报网
2020-03-09,突发！“史诗级”风暴突袭全球，国际油价重挫20%，美标普500期货触发交易限制，日股暴跌4%…A股请挺住 连续下跌,证券时报网
2020-03-09,国金证券：油价暴跌下，油服怎么看？ 连续下跌,证券时报网
2020-03-09,【机械*陈显帆】不受国际油价影响，国内油服将持续高景气,东吴研究所
2020-03-09,中泰证券：疫情冲击原油需求 原油竞争焦点转向市场份额,金融界
2020-03-09,国际油价跌跌不休产业链隐现结构性机会,证券时报
2020-03-08,【油服行业点评】不受国际油价影响，国内油服将持续高景气【东吴机械】,透视先进制造
2020-03-08,中东股市崩了 A股石油产业链影响几何？,e公司
2020-03-04,午市前瞻：港股本周最多上望26700点 26000点见支持,新浪
2020-03-03,【石化】原油：二次探底历史重演，蕴藏哪些机会？,天风研究
2020-03-03,石油化工行业：阶段性降低用气价格 支持企业复工,财富动力网
2020-03-02,港股收盘(3.2)|恒指收涨0.62% 大基建板块全线爆发 中国建材(03323)收涨逾10%,智通财经
2020-03-02,港股异动 | 国际油价终止连跌盘中大幅反弹 石油股普涨 中石油(00857)涨逾4%,智通财经
2020-03-02,中海油服获贝莱德增持224.8万股股份,新浪
2020-03-02,贝莱德增持中海油服(02883)224.8万股，每股作价约11.18港元,智通财经
2020-03-02,【权益变动】中海油服(02883-HK)获贝莱德增持224.8万股,财华社
2020-02-28,37股每笔成交量增超50%,证券时报网
2020-02-28,全球油价大跌！疫情海外扩散，恐慌情绪蔓延期市，如何把握后市？,券商中国
2020-02-28,港股收盘(2.28)|恒指收跌2.42%创四个月新低 九龙仓集团(00004)复牌大跌16.55% 连续下跌,智通财经
2020-02-28,截至2月28日AH股共计1只股票股价倒挂,Wind
2020-02-28,午市前瞻：港股短期料续寻底 恐下试25000点关口,新浪
2020-02-28,港股异动︱国际油价大跌 石油股普跌 中海油(0883.HK)跌逾4%领跌 连续下跌,格隆汇
2020-02-28,油价5连跌创1年低位 中海油跌逾5%暂最差表现蓝筹,新浪
2020-02-28,天风证券：国际海上日费已开启涨价模式,第一财经
2020-02-28,中国海油：14项产能建设全开工,科技日报
2020-02-27,六行业年报盈利增速领跑 关注高成长龙头股,大众证券报
2020-02-27,恒指午后快速拉升翻红 阿里健康大涨,腾讯网
2020-02-27,早盘复盘：港A两市表现分化沪指重回3000点，国产软件、云计算、特高压概念强势,格隆汇
2020-02-27,港股午评：恒指半日跌0.66%阿里概念、重型机械股走强,格隆汇
2020-02-27,恒指低位回升跌0.56% 阿里健康大涨,腾讯网
2020-02-27,港股异动 | 受国际油价拖累 中海油服(02883)挫逾4% 瑞银上调其评级至“买入”,智通财经
2020-02-27,中国海油疫情期间油气产量同比增长5.5%,中国网
2020-02-27,油价创一年低位 三桶油受压中海油急跌近2%,新浪
2020-02-26,最被看好十大港股：瑞信升山东黄金目标价至26港元,新浪
2020-02-26,瑞银：升中海油服(02883)至“买入”评级 目标价14.2港元,智通财经
2020-02-25,港股收盘(2.25)|恒指收涨0.27% 传获华为麒麟芯片订单 中芯国际(00981)收涨7.23%,智通财经
2020-02-25,港股异动 | 市场担忧原油需求前景 国际油价重挫 石油股随市下行 连续下跌,智通财经
2020-02-25,港股异动丨中海油服领跌石油股原油大幅重挫创近两周新低 连续下跌,格隆汇
2020-02-25,市场避险情绪持续 腾讯撑市港股午收26799点下跌21点,新浪
2020-02-24,港股收盘(2.24)|恒指收跌1.79% 5G供应链爆发 中兴通讯(00763)涨近10%破顶,智通财经
2020-02-24,午市前瞻：港股短期27000点变成阻力 26400点有支持,新浪
2020-02-24,港股午评|疫情蔓延日韩，恒指大跌超400点，中兴逆势拉升,富途证券
2020-02-24,油价下滑“三桶油”急跌 中石油跌逾4%暂为最差蓝筹,新浪
2020-02-24,港股异动 | 国际油价大跌 石油股普跌 中石油(0857.HK)跌逾4%,格隆汇
2020-02-21,机构推荐采掘行业名列其中 后市或迎补涨期,证券日报
2020-02-19,截至2月19日AH股共计1只股票股价倒挂,Wind
2020-02-19,外高桥造船：一钻井平台交付离厂、两船试航归来,中国船舶报
2020-02-19,“东方发现”从临港驶向深圳气田,上观
2020-02-19,【山证化工】行业周报 （20200210-20200216）：油价强势反弹，油服行业确定性强,山西证券研究所
2020-02-18,复工后，上海外高桥造船交付首座钻井平台,上观
2020-02-18,周二机构一致看好的七大金股（02.18）,中金在线
2020-02-18,38股获券商买入评级 威孚高科目标涨幅达59.69%,Wind
2020-02-18,地方政府优化营商环境，帮助企业攻坚克难,中国企业报
2020-02-17,截至2月17日AH股共计1只股票股价倒挂,Wind
2020-02-14,58股获机构买入评级18股上涨空间超20%,证券时报
2020-02-14,截至2月14日AH股共计1只股票股价倒挂,Wind
2020-02-13,截至2月13日AH股共计1只股票股价倒挂,Wind
2020-02-13,中海油服大涨5.14% 成交额17775万元,中新经纬
2020-02-13,花旗唱淡油价降三桶油目标价 中石化及中石油下跌1% 机构下调估值,新浪
2020-02-13,机械行业：优选工业自动化板块及景气度持续的油服板块,--
2020-02-13,石化行业：上半年业绩低点后或出现V型反转,天风证券
2020-02-12,截至2月12日AH股共计1只股票股价倒挂,Wind
2020-02-12,东北证券：疫情之下风险与机遇并存 机械行业三个角度优选公司,证券时报网
2020-02-12,【东北机械刘军/朱宇航】行业周报：疫情之下，风险与机遇并存，三个角度优选公司,东北证券研究所
2020-02-11,截至2月11日AH股共计1只股票股价倒挂,Wind
2020-02-11,三桶油随市反弹 中海油扬逾2%中石化升近2%,新浪
2020-02-11,2月11日券商晨会研报汇编,证券日报
2020-02-11,券商首次关注5股并给予买入评级（2月11日）,Wind
2020-02-11,35股获券商买入评级，美年健康目标涨幅达56.92%,Wind
2020-02-10,抗击疫情 天津上市公司硬核驰援,证券时报网
2020-02-10,CPI涨幅创逾8年记录A股宽震创指6连阳市场短期风险加大,财华社
2020-02-10,截至2月10日AH股共计1只股票股价倒挂,Wind
2020-02-10,中海油服大涨6.53% 领涨采掘服务板块,中新经纬
2020-02-10,2月10日午后主力巨资出逃四大板块(附股),金融界
2020-02-10,油服板块走强,Wind
2020-02-07,截至2月7日AH股共计1只股票股价倒挂,Wind
2020-02-07,港股盘前必读：原本有意欲在港上市的公司相继押后上市计划,Wind
2020-02-06,天津上市公司协会：已有25家天津辖区上市公司伸出援手抗击疫情,中证网
2020-02-06,截至2月6日AH股共计1只股票股价倒挂,Wind
2020-02-06,午市前瞻：港股短线或突破50天线 上望27900点,新浪
2020-02-06,摩通：升中海油服(2883.HK)目标价至14.7港元重申对油服股前景正面,格隆汇
2020-02-06,国资委：春节期间中国海油全系统生产平稳,国资委
2020-02-05,截至2月5日AH股共计1只股票股价倒挂,Wind
2020-02-04,60股今日获机构买入评级,证券时报网
2020-02-04,油股普遍上升 中海油及中石化涨近1%,新浪
2020-02-04,疫情短期影响可控，继续加配高端制造,中信建投证券研究
2020-02-03,截至2月3日AH股共计1只股票股价倒挂,Wind
2020-02-03,中国石油跌逾2% 暂为最差蓝筹,新浪
2020-02-01,天津上市公司主动发挥各自优势驰援疫情一线,证券日报
2020-01-31,午市前瞻：A股复市料下跌 港股料受压或下试25900点,新浪
2020-01-30,三桶油走低 中海油跌逾2%中石化跌近2%见三年低位,新浪
2020-01-23,港股收盘(1.23)|恒指收跌1.52% 消费股再遭重创 海底捞(06862)跌近8%,智通财经
2020-01-23,午市前瞻：港股借势调整属正常现象 料27800点有支持,新浪
2020-01-23,今日41只A股跌停休闲服务行业跌幅最大,证券时报网
2020-01-23,1月23日午盘主力巨资出逃四大板块(附股),金融界
2020-01-23,1月23日早盘主力巨资出逃四大板块(附股),金融界
2020-01-23,港股异动 | 国际油价下行拖累港股石油股 中海油(00883)一度跌超3%,智通财经
2020-01-22,钻井“巡航制导”20年攻关的背后,中国能源网china5e
2020-01-20,【投资策略|国信化工】基础化工行业1月份投资策略：新材料服务科技创新是当前重点,化工之诚
2020-01-20,开盘：恒指高开0.39％突破29100点 中国移动涨5.74％领跑蓝筹股,金融界
2020-01-20,港股盘前必读：快手与腾讯音乐娱乐集团在版权上已经正式达成深度合作,Wind
2020-01-20,港股开盘前瞻：机构称市场延续躁动 建议布局三条主线,腾讯网
2020-01-19,三桶油齐发声：2020加大油气生产力度！石油人将更加忙碌,腾讯网
2020-01-18,中海油、中海油服2020年战略指引点评：中海油资本支出持续提升，利好旗下三大油服【中信证券石化黄莉莉团队】,CITICS石油石化
2020-01-17,2019年中国海洋石油市场发展现状与竞争格局分析 海洋油气资源是重要战略补充,前瞻研究院
2020-01-17,截至1月17日AH股共计1只股票股价倒挂,Wind
2020-01-17,里昂：上调中海油服(2883.HK)目标价至14港元 评级降至“跑赢大市”,格隆汇
2020-01-17,45股获券商买入评级，中南建设目标涨幅达49.85%,Wind
2020-01-16,三桶油走高 中海油上涨2%暂为最佳蓝筹中石化上涨1%,新浪
2020-01-16,光大证券：中海油资本开支持续增加，旗下油服子公司有望持续受益,第一财经
2020-01-15,69股今日获机构买入评级,证券时报网
2020-01-15,预计投资48亿 中海油服发布2020年战略指引,国际船舶
2020-01-15,【太平洋化工】海油产业链三剑客之博迈科：行业复苏叠加在手订单充足，公司迎来业绩拐点,太平洋化工信息平台
2020-01-15,高盛：上调中海油田服务(02883)目标价至13.5港元 重申“中性”评级,智通财经
2020-01-15,光大证券：中海油服买入评级,光大证券
2020-01-15,51股获券商买入评级，宝通科技目标涨幅达43.46%,Wind
2020-01-15,11股获买入评级 最新:中南建设,中财网
2020-01-14,【太平洋化工】中海油资本支出高增长，持续推荐海油产业链,太平洋化工信息平台
2020-01-14,【天风石化】中海油服：业绩持续增长，中海油国内资本开支维持稳定,樨樨和她的油气小伙伴
2020-01-14,【国元机械】油服及设备行业点评：2020年中海油资本支出保持增长，海上油服市场需求旺盛,国元高端装备
2020-01-14,大摩：重申中海油(0883.HK)“增持”评级 目标价16.55港元,格隆汇
2020-01-14,【天风石化】中海油服：业绩符合预期，关注油价大跌对资本开支影响,樨樨和她的油气小伙伴
2020-01-14,【天风石化】海油工程：订单持续增长，业绩有望崛起,樨樨和她的油气小伙伴
2020-01-14,天风证券：中海油（00883）资本开支增6-18% 预计业绩将持续提升,智通财经
2020-01-14,国金证券：中海油资本开支维持高位，看好油服大周期,证券时报网
2020-01-14,油服点评：中海油资本开支维持高位，看好油服大周期【国金机械军工】,国金高端装备制造及新材料
2020-01-13,获赔13亿“沉冤得雪”，中海油服与挪威国油和解,国际船舶
2020-01-13,收评：恒指大涨300点逼近29000点关口 阿里、美团双双创下上市新高,金融界
2020-01-13,2019年，船舶海工上市企业的“盛宴”,航运交易公报
2020-01-13,开盘：恒指高开0.47突破28700点 比亚迪大涨8.52%,金融界
2020-01-13,97股获券商买入评级 中国汽研目标涨幅达60.33%,Wind
2020-01-13,【东北机械刘军/朱宇航】行业周报：HIT及210等光伏新技术渐行渐近，继续推荐光伏设备龙头,东北证券研究所
2020-01-11,一周325只个股突破一年新高,中财网
2020-01-10,智通每日大行研报汇总︱1月10日,智通财经
2020-01-10,68股今日获机构买入评级,证券时报网
2020-01-10,中海油服大跌5.27%，采掘服务行业跌2.31% 连续下跌,中新经纬
2020-01-10,油气勘查开采市场获全面开放，油服产业受益标的有哪些？,格隆汇
2020-01-10,油气市场今日迎来重磅利好消息,第一财经
2020-01-10,油价三连跌 中石油跌逾2%领跌蓝筹中海油跌逾1% 连续下跌,新浪
2020-01-10,中国油气开采全面开放，油服民企龙头受益大【国金机械军工】,国金高端装备制造及新材料
2020-01-09,央企50板块总体上涨0.39%，中国国航领涨,搜狐
2020-01-09,油气勘采市场全面开放 油服概念股下跌,每日经济新闻
2020-01-09,【国盛策略】全球估值比较：哪些周期核心资产被低估？,尧望后势
2020-01-09,58股今日获机构买入评级17股上涨空间超20%,证券时报网
2020-01-09,【国元机械】油服及设备行业点评：油气上游市场全面放开，带动资本支出提速,国元高端装备
2020-01-09,油气勘采市场全面开放 三桶油今年投资或超4000亿 哪些公司将受益,证券时报网
2020-01-09,美银证券：上调中海油服(2883.HK)目标价至15.8港元 评级“买入”,格隆汇
2020-01-09,中金：维持中海油服(02883)“优于大市”评级 上调目标价至18港元,智通财经
2020-01-09,瑞信：升中海油服(2883.HK)目标价至15港元 评级“跑赢大市”,格隆汇
2020-01-09,8股获买入评级 最新:爱尔眼科,中财网
2020-01-08,【国元机械】油服及设备行业点评：美伊冲突升级，油价再次大涨利好油服,国元高端装备
2020-01-08,中海油服(601808.SH)：Equinor将向COM支付1.88亿美元及达成和解,格隆汇
2020-01-08,中海油服：公司挪威子公司的子公司诉讼和解，将获赔偿1.88亿美元 关联方问题,Wind
2020-01-08,巨丰收评：金融周期拖累大盘 沪指部分回补缺口,巨丰财经
2020-01-08,美、布两油涨幅回落 沪指部分回补前期跳空缺口,每日经济新闻
2020-01-08,午市前瞻：港股短期趋势反复向好 本周料27800见支持,新浪
2020-01-08,巨丰午评：大盘打开低吸窗口 热点精彩纷呈,巨丰财经
2020-01-07,大摩：相信中海油服(2883.HK)股价30日内将跑赢同业评级“增持”,格隆汇
2020-01-07,大摩：予中海油服(02883)“增持”评级 目标价14.99港元,智通财经
2020-01-07,【盘中播报】沪指涨0.51%农林牧渔行业涨幅最大,证券时报网
2020-01-07,每日策略20-01-07：大盘冲高回落 3100点得而复失,东莞证券研究
2020-01-07,今日沪指涨0.36%农林牧渔行业涨幅最大,证券时报网
2020-01-07,A股午评：创业板涨逾1%农业及游戏概念领涨,格隆汇
2020-01-07,【盘中播报】40只A股封板农林牧渔行业涨幅最大,证券时报网
2020-01-07,沪指高开0.07%报3085.49点 饲料等板块领涨,中新经纬
2020-01-07,巨丰早评：冲高回落不改A股上行趋势,巨丰财经
2020-01-07,【东北机械刘军/朱宇航】行业周报：工程机械高景气度持续，重视光伏设备行业新一轮产业变革和投资机会,东北证券研究所
2020-01-07,特斯拉概念与石油股齐飞 北上资金加仓不含糊,证券时报
2020-01-07,花旗看好内地经济转型和升级,南方财经网
2020-01-06,解密主力资金出逃股连续5日净流出306股,证券时报网
2020-01-06,外围市场对A股影响弱化沪指微跌创指涨1.3%再创反弹新高,财华社
2020-01-06,港股收盘(1.6)|恒指收跌0.79% 中东地缘冲突激化 黄金股、石油股上涨 航空股承压,智通财经
2020-01-06,6日新华500指数（989001）收盘下跌0.23%,新华网
2020-01-06,巨·热点丨特斯拉概念将复制消费电子暴涨神话？,巨丰财经
2020-01-06,巨丰收评：3100点得而复失 市场避险情绪再起,巨丰财经
2020-01-06,纽约金价冲破7年新高，国内股期市场同欢！分析师称黄金还要涨,e公司
2020-01-06,美伊紧张局势持续发酵：A股石油、黄金、军工板块大涨航空股普跌,金融界
2020-01-06,石油板块、原油期货大涨，业内称原油短期仍“易涨难跌”,第一财经
2020-01-06,巨丰午评：沪指冲破3100点 市场新主线产生,巨丰财经
2020-01-06,国际原油大涨A股石化双雄联袂走高中国石油涨近5%,金融界
2020-01-06,油股全线上扬 中海油涨近2%暂领蓝筹,新浪
2020-01-06,中东冲突：对油服、锂电设备、国防军工影响,证券时报网
2020-01-06,A股2019：十大IPO科创板占4席谁是“募资王”,新京报
2020-01-04,一周213只个股突破一年新高,中财网
2020-01-03,化工行业龙头曝光！最新中国上市公司市值500强，谁上榜了？,腾讯网
2020-01-03,港股收盘(1.3)|恒指高开低走收跌0.32% 中东局势升级 石油股、黄金股逆市上涨,智通财经
2020-01-03,今日169只个股突破五日均线,证券时报网
2020-01-03,161只股短线走稳站上五日均线,证券时报网
2020-01-03,午市前瞻：港股技术上已达超卖 在29000点见阻力,新浪
2020-01-03,139只股短线走稳站上五日均线,证券时报网
2020-01-03,花旗：维持中海油服(2883.HK)“买入”评级目标价上调至14港元,格隆汇
2020-01-03,美伊冲突引市场担忧，油价应声上涨，油气板块走强,第一财经
2020-01-03,油价急升 中石油飙近3%中海油上涨2%,新浪
2020-01-02,【东吴机械陈显帆】周观点：国产特斯拉降价加速电动化，PMI持续景气区间以上验证观点,透视先进制造
2020-01-02,银河证券：2020年A股投资重点把握结构性机会,中证网
2020-01-02,石化｜国内页岩油气高速增产，油服龙头业绩可期,中信证券研究
2020-01-01,港船重工与中海油服战略合作打造北方维修基地,国际船舶
2019-12-31,中海油服(601808.SH)近日累计获1378.5978万元政府补助,格隆汇
2019-12-31,建银国际：港股明年首选石药(01093)及舜宇光学(02382),智通财经
2019-12-31,花旗：首选股包含长汽(02333)及建行(00939)等港股,智通财经
2019-12-31,银河证券：2020年布局工程机械、油服等高确定性板块,证券时报网
2019-12-30,中海油服：积极推进双百行动，机制创新、技术创新带来高质量发展,--
2019-12-30,中银国际证券*晨会聚焦20191230,中银国际证券研究
2019-12-29,化工：年底美油库存下降 油价上涨,川财证券
2019-12-28,一周192只个股突破今年新高,中财网
2019-12-26,中海油服大幅拉升0.32% 股价创近2个月新高,金融界
2019-12-26,国金证券：看好中国油服行业未来2-3年发展趋势,证券时报网
2019-12-25,中海油服大幅拉升2.72% 股价创近2个月新高,金融界
2019-12-25,【东吴机械陈显帆】周观点：12月制造业复苏有望强化，三桶油2020年资本开支有望持续高增速,透视先进制造
2019-12-25,【策略点评】国家集成电路一期基金减持引发大跌的点评：少一些“牛市”亢奋论，多一些价值厚重感 减持股份,中国银河证券研究
2019-12-23,33只AH股溢价超100%,证券时报网
2019-12-23,和信投顾：不惧调整 股指3000点以下是绝佳低吸机会,中金在线
2019-12-22,石油化工行业:油价不宜悲观 天然气将现变局,南方财经网
2019-12-21,可燃冰领涨众油气产业链 油价前景各方评价现分歧,液化天然气网
2019-12-21,一周230只个股突破今年新高,中财网
2019-12-20,中海油服(601808.SH)近日累计获5906.37万元政府补助,格隆汇
2019-12-20,中海油田服务(02883.HK)近日获得5906.37万元政府补助,格隆汇
2019-12-19,石化行业：油价趋势向好关注油服及设备企业,川财证券
2019-12-19,三桶油随市下跌 中海油跌逾1%中石化下跌0.44%,新浪
2019-12-19,【川财研究所*2020年年度策略】机械：传统看油气和LNG，新兴聚焦新能源和半导体，高端布局航空和物联网（20191217）,川财研究
2019-12-19,中信建投2020年机械展望：加配高端制造,中信建投证券研究
2019-12-19,中信建投2020年石油化工展望：关注产业变革，探寻投资机会,中信建投证券研究
2019-12-18,美银美林：中海油田服务予买入评级 目标价13.3港元,新浪
2019-12-18,中金：坚持看好内地油服公司增长前景 予中海油服(02883)及安东油服(03337)“跑赢行业”评级,智通财经
2019-12-18,午市前瞻：恒指未有足够催化剂推高 料回落至27500点,新浪
2019-12-18,美银证券：升中海油服(2883.HK)目标价至13.3港元评级“买入”,格隆汇
2019-12-17,油价上升 中海油涨近2%破50天线中石油上扬1%,新浪
2019-12-16,港股异动 | 中海油服AH股齐升 H股涨逾3% 获政府补助资金且获机构看好,格隆汇
2019-12-16,化工：天然气供需变化及对石化行业的影响 荐11股,申万宏源
2019-12-16,港股异动 | 获瑞信上调至“买入”评级 中海油服(02883)续涨逾3%创近四年半新高,智通财经
2019-12-14,一周151只个股突破今年新高,中财网
2019-12-13,2020年石油化工行业投资策略：油价不宜悲观，天然气将现变局,天风研究
2019-12-13,27股获券商买入评级 正邦科技目标涨幅达154.21%,Wind
2019-12-12,【华创机械 | 周观点】M12产业化进程提速，光伏硅片龙头有望引领产业变革,华创机械
2019-12-12,瑞信：予恒指明年目标两万八荐14只估值合理增长股,格隆汇
2019-12-12,券商首次关注2股并给予买入评级（12月12日）,Wind
2019-12-12,国金证券：预计2020年为油服“大年”,Wind
2019-12-12,国金证券：预计2020年为油服“大年”,证券时报网
2019-12-12,【投资组合】1912丨市场表现较弱，把握估值调整后的长期投资机会,中国银河证券研究
2019-12-12,年内无涨停股价却翻倍 10只“低调”细分龙头走势强劲,中证报
2019-12-11,中海油田服务(02883.HK)近日获得1125.37万元政府补助,格隆汇
2019-12-11,中海油服(601808.SH)获1125.37万元政府补助,格隆汇
2019-12-11,激光概念走弱,中财网
2019-12-11,瑞银：升中海油服(02883)至“买入”评级 上调目标价至12.2港元,智通财经
2019-12-11,中石化冠德裂口高开现升逾4% 计划出售管道资产 资产异常,新浪
2019-12-10,廖宗魁：政治局会议定调2020年政策,粤开崇利论市
2019-12-09,午市前瞻：市场缺消息仍观望为主 港股26800点有阻力,新浪
2019-12-09,油服股获追捧 安东油服及中石化油服分别涨近3%,新浪
2019-12-06,【化工品价格跟踪】OPEC+深化减产，油价反弹，地产相关化工品价格平稳20191208,太平洋化工信息平台
2019-12-06,超阿里、秒苹果，史上最大IPO来了！前三季狂扫680亿美元，最赚钱“石油巨鳄”股价确定，估值1.7万亿美元！,e公司
2019-12-06,中国石油现涨近1% 油组拟加大减产油价上扬,新浪
2019-12-06,25股获券商买入评级 万科A目标涨幅达45.22%,Wind
2019-12-06,【东北机械刘军/邰桂龙】中海油服（601808）深度报告：油服景气，龙头崛起,东北证券研究所
2019-12-05,OPEC年度大会今日召开，采掘服务概念升势再起,第一财经
2019-12-05,市场料油组将延长减产 中海油服及中海油均涨2%,新浪
2019-12-05,【异动股】石油行业板块拉升，国际实业(000159-CN)涨4.17%,财华社
2019-12-05,油气设服概念开盘走强,证券之星
2019-12-05,采掘服务异动拉升 贝肯能源涨逾4%,中国经济网
2019-12-05,快讯：采掘服务概念走强 贝肯能源涨逾4%,新浪
2019-12-04,贝莱德减持中海油服(02883)615万股 每股作价10.6559港元 减持股份,智通财经
2019-12-04,油服行业2020年度策略报告：加大龙头配置力度，看好高端设备自主化,国元证券
2019-12-04,【权益变动】中海油服(02883-HK)被贝莱德减持615万股 减持股份,财华社
2019-12-04,花旗：升中海油服(2883.HK)目标价至13.5港元评级“买入”,格隆汇
2019-12-03,先勘探后开发，海油产业链确定性复苏，推荐中海油服和海油工程【太平洋化工】,太平洋化工信息平台
2019-12-03,石油化工：布局早周期和逆周期,光大证券
2019-12-01,【博迈科深度】订单与业绩现拐点，未来三年以上有望持续高增长,透视先进制造
2019-11-30,一周63只个股突破今年新高,中财网
2019-11-29,【申万石化】11月国际油价跟踪点评——19Q4需求进一步恢复，关注12月OPEC减产情况,申万石油化工
2019-11-29,中海油田服务(02883.HK)购买12亿元理财产品,格隆汇
2019-11-29,中泰国际：首长宝佳签订项目建设合约,新浪
2019-11-28,中海油服(601808.SH)获得政府补助707.98万元,格隆汇
2019-11-28,联讯证券研究院副院长康崇利：12月份看好逆周期稳增长的基建、消费、第三产业,证券日报
2019-11-28,晨会1128 | 继续看好工程机械行情；贺岁档&春节档前瞻专题；四维图新,中信建投证券研究
2019-11-27,港股异动 | 获穆迪上调评级至A3 中海油服(02883)涨近3%,智通财经
2019-11-27,中海油服涨近2% 获穆迪升评级至A3,新浪
2019-11-27,油服板块稳步走升，海油工程领涨近4%,Wind
2019-11-27,中海油服大幅拉升0.47% 股价创近2个月新高,金融界
2019-11-26,港股开盘前瞻：阿里巴巴首挂上市 摩根大通增持李宁,智通财经
2019-11-26,【东北石化刘军/田照丰/吴若飞】石油化工行业2020年投资策略报告：围绕“确定性”，进行行业、个股的选择,东北证券研究所
2019-11-25,【东吴机械陈显帆】周观点：PMI重回景气区间，看好油服国内高景气与进军海外逻辑兑现,透视先进制造
2019-11-25,白马抱团瓦解，强周期题材崛起？,养基司令
2019-11-25,午市前瞻：港股有望上试27300点 旺旺正处于上升通道,新浪
2019-11-25,【权益变动】中海油服(02883-HK)被贝莱德减持806.16万股 减持股份,财华社
2019-11-25,太平洋证券：各行业周观点11月24日,太平洋证券研究
2019-11-25,国内油服业强势回暖,中国能源报
2019-11-25,中海油服发布15项新技术,中国能源报
2019-11-23,一周134只个股突破今年新高,中财网
2019-11-22,油气板块逆势上涨，海油工程大涨近7%丨数据观察,第一财经
2019-11-22,港股异动 | 获小摩增持610万股涉资6660万港元 中海油服(02883)涨近3%,智通财经
2019-11-22,放量跳水杀跌：沪指失守2900点，创业板指跌1.95%,澎湃新闻
2019-11-22,【异动股】海工装备板块拉升，海油工程(600583-CN)涨6.48%,财华社
2019-11-22,三桶油轻微反弹 中海油涨近2%中石油升约1%,新浪
2019-11-22,中海油服涨3.13% 创年度新高,中新经纬
2019-11-22,油服板块稳步攀升，中海油服领涨4%,Wind
2019-11-22,中海油服大幅拉升3.32% 股价创近2个月新高,金融界
2019-11-21,【东吴机械陈显帆】周观点：宝马加速电动车全球化进程，持续推荐高景气油服板块,透视先进制造
2019-11-21,天冷了！天然气板块渐渐“暖”起来 中曼石油领衔多只个股跟涨,财界网
2019-11-21,【申万大化工团队】深度报告精选,申万石油化工
2019-11-20,第一上海丨债券周报 (20-11-2019),第一上海金融
2019-11-20,【中海油服】大幅拉升0.88% 股价创近2个月新高,金融界
2019-11-20,国际油价暴跌 港股“三桶油”均跌超1% 连续下跌,格隆汇
2019-11-20,30股获券商买入评级 北方华创目标涨幅达55.41%,Wind
2019-11-19,午市前瞻：港股继续技术性反弹 地产股料续跑输大市,新浪
2019-11-19,【趋势研报】市场杀跌动能萎缩，短期或将震荡触底,云掌财经
2019-11-19,石油股受压 中海油跌近2%暂表现最差蓝筹股,新浪
2019-11-18,大金融助A股弱反弹沪指重上2900短期或仍难改调整走势,财华社
2019-11-18,A股收评：沪指涨0.62% 行业板块普涨 可燃冰概念股表现突出,格隆汇
2019-11-18,报告 | 2019年10月天津A股上市公司市值排行榜 三六零市值达1529亿,挖贝网
2019-11-18,石油板块表现活跃，国内成品油价或迎年内第13次上调,证券时报网
2019-11-18,【异动股】可燃冰板块拉升，杰瑞股份(002353-CN)涨9.6%,财华社
2019-11-18,中海油服大涨6.03% 报15.66元,中新经纬
2019-11-18,油服板块崛起，中海油服大涨5%,Wind
2019-11-18,中信证券：政策驱动国内油服工程行业强势复苏,第一财经
2019-11-18,油服工程｜2020年策略：政策驱动国内油服工程行业强势复苏,中信证券研究
2019-11-18,中海油服：受益于油公司资本开支上行，业绩复苏趋势明显,证券时报网
2019-11-18,【川财研究所*每日晨报】20191118：持续震荡，关注基建和大金融,川财研究
2019-11-18,【华泰证券研究所】每日晨会启明星20191118,华泰证券研究所
2019-11-17,对比海外市场，国内高空作业平台市场具有多少爆发力【天风机械周报19W47】,先进制造观察
2019-11-15,中海油跌逾1% 暂表现最差蓝筹,新浪
2019-11-15,业绩不断超预期的高增长股，24股翻倍，逆市下跌股仅1只（附股）,证券时报
2019-11-15,业绩增长超预期 24股年内股价翻倍,证券时报
2019-11-15,"【华泰机械章诚团队】中海油服 (601808 SH, 增持): 海上油服龙头，业绩复苏趋势明显",华泰证券研究所
2019-11-13,油价靠稳惟油股受压 中海油下跌3%,新浪
2019-11-12,【中海油服】上调2019年关联交易额度上限验证国内高景气，拟增加8亿美元债券助力海外拓展【东吴机械】,透视先进制造
2019-11-07,石化：天然气门站价格有望市场化定价,川财证券
2019-11-07,Bernstein：下调中海油服(2883.HK)评级至“与大市同步” 目标价11.9港元 投资评级恶化,格隆汇
2019-11-07,Bernstein：下调中海油(00883)至“与大市同步”评级 目标价11.9港元 投资评级恶化,智通财经
2019-11-07,中信建投：白酒龙头持续高增 啤酒改善持续兑现,新浪
2019-11-07,【异动股】海工装备板块下挫，中船科技(600072-CN)跌2.99%,财华社
2019-11-07,【机械设备】传统产业依旧强劲，新兴板块有望景气度或者盈利能力回升,格隆汇
2019-11-07,【投资组合】1911丨市场表现较弱，把握估值调整后的长期投资机会,中国银河证券研究
2019-11-06,午市前瞻：恒指今早窄幅上落 有望突破29000点,新浪
2019-11-06,中集安瑞科涨逾4% 大和吁买入评级,新浪
2019-11-05,34公司获得增持评级-更新中,中财网
2019-11-05,中海油服涨近2%创逾4年高位 获大摩调高两成九目标价,新浪
2019-11-05,港股午评|恒指续涨0.53%，美团早盘触及100元大关,富途证券
2019-11-05,午评：港股恒指涨0.53% 航空股、中资券商股集体上涨,新浪
2019-11-05,快讯：中海油服前3季度业绩扭亏为盈 A股涨6%H股涨3%,新浪
2019-11-05,大摩：升中海油服(2883.HK)目标价至12.12港元 评级“与大市同步”,格隆汇
2019-11-05,中海油服大涨5.01%，领涨采掘服务行业,中新经纬
2019-11-05,港股异动丨中海油服AH股齐涨 前三季度业绩扭亏为盈至21.19亿元,格隆汇
2019-11-05,太证研究11月5日最新观点：科创板和中小创盈利改善，化工三季报盈利下滑 盈利能力下降,太平洋证券研究
2019-11-05,中海油服将进一步发展高科技油服业务,南方财经网
2019-11-04,【申万石化】公司深度：中海油服（601808）——复苏趋势确立，龙头王者归来,申万石油化工
2019-11-04,银河证券：长期投资仍可坚持三大主旋律,中证网
2019-11-04,中石油四日累跌约8%后 现反弹近2%,新浪
2019-11-04,中银国际：国内油服强势复苏，龙头业绩持续超预期,证券时报网
2019-11-04,【机械】油服行业三季报总结:国内油服强势复苏，龙头业绩持续超预期*强于大市,中银国际证券研究
2019-11-04,中银国际*晨会聚焦20191104,中银国际证券研究
2019-11-04,【机械*陈显帆】深度：行业单季度业绩增速放缓， 工程机械、油服等板块持续高景气 盈利能力下降,东吴研究所
2019-11-03,【国君研究】再论周期，四季度的市场胜负手——周期论剑周观点,鲍大侠之建材
2019-11-02,一周150只个股突破今年新高,中财网
2019-11-01,券商新进135只四大板块最受关注,兰格钢铁网
2019-11-01,深交所紧急关注暴风集团 近百股短暂风光后跌入神坛 关注函,证券时报
2019-11-01,煤炭石油：三季度业绩超预期 全球日费回升将使公司业绩迎来高弹性,中银国际
2019-11-01,上调评级至买入策略选股（11月1日）,Wind
2019-11-01,券商首次关注7股并给予买入评级（11月1日）,Wind
2019-11-01,1股获买入评级 最新:中海油服,中财网
2019-11-01,【川财研究所*常规报告】中海油服（601808）：业绩高增，平台利用率有望饱和,川财研究
2019-11-01,港股开盘前瞻：花旗降中石油目标价至4.7港元 ESR首挂上市,智通财经
2019-11-01,【东北机械刘军/邰桂龙】中海油服（601808）三季报点评：油服行业高景气，行业龙头再崛起,东北证券研究所
2019-10-31,最被看好的十大港股:花旗调中联重科目标价6.49港元,新浪
2019-10-31,高盛：予中海油服“中性”评级 上调目标价至10.8港元,智通财经
2019-10-31,银河证券：市场表现较弱 把握估值调整后的长期投资机会,银河证券
2019-10-31,【中海油服】单季扣非业绩11亿元创近五年单季新高【东吴机械】,透视先进制造
2019-10-31,高盛：升中海油服(2883.HK)目标价至10.8港元 评级“中性”,格隆汇
2019-10-31,中石油跌近4%暂最差蓝筹 第三季少赚58% 盈利能力下降,新浪
2019-10-31,中海油田服务(02883.HK)涨逾5% 前三季度业绩扭亏为盈至21.19亿元,格隆汇
2019-10-30,中海油服(601808.SH)前三季业绩扭亏为盈至21.19亿元,格隆汇
2019-10-30,中海油服公布三季报 前三季净利盈利21.1875亿,新浪
2019-10-30,中海油服：前三季度营收同比增55.5% 阶段性实现公司高质量发展,发布易
2019-10-30,中海油服：2019年年度业绩报告预告,上交所
2019-10-30,中海油服：前三季度业绩同比扭亏净利为21.19亿元,Wind
2019-10-29,瑞银：降中海油服(02883)至“中性”评级 上调目标价至11港元,智通财经
2019-10-29,"中海油服:业绩拐点初现,油服巨头再出发",东吴证券
2019-10-28,化工：丙烯主要生产流程及各工艺路线评价 荐11股,申万宏源
2019-10-26,一周102只个股突破今年新高,中财网
2019-10-25,中海油服(601808.SH)上半年业绩扭亏为盈至9.73亿元,格隆汇
2019-10-25,最被看好的十大港股：大和上调龙湖目标价至35.3港元,新浪
2019-10-25,港股收盘(10.25)|恒指收跌0.49% 药品股、物管股逆市走强,智通财经
2019-10-25,杰富瑞：料中海油服(2883.HK)可获重估 料受惠中海油资本开支增加,格隆汇
2019-10-25,大摩：中海油服给予与大市同步评级 目标价9.38港元,新浪
2019-10-25,A股探底回升 双十一即将来临刺激物流板块走强,e公司
2019-10-25,大摩：相信中海油服(2883.HK)股价15日内将跑赢同业,格隆汇
2019-10-25,10月25日早盘两市板块龙虎榜排名(名单),金融界
2019-10-25,港股异动 | 中海油服AH股齐升 获机构看好 下周将发财报,格隆汇
2019-10-24,多重因素扰动 机构集体上调预期股名单,证券时报
2019-10-24,最被看好的十大港股:汇丰上调腾讯目标价至433港元,新浪
2019-10-24,富瑞：对中国油服行业看法积极 首选中海油服(2883.HK),格隆汇
2019-10-24,中海油服升逾1% 富瑞首吁吸纳油服股,新浪
2019-10-24,业绩大爆发，机构集体上调预期股名单，全年净利最高或飙升8倍,证券时报
2019-10-23,中信建投：供暖季来临，LNG进入连涨模式,证券时报网
2019-10-21,"石油石化行业周报:石化行业经济运行缓中趋稳,化学工业效益底部震荡",山西证券
2019-10-17,10月17日早盘两市板块龙虎榜排名(名单),金融界
2019-10-17,10月17日早盘主力巨资出逃四大板块(附股),金融界
2019-10-16,中海油服：2016年公司债券（第二期）2019年付息公告,上交所
2019-10-16,中海油田服务(02883.HK)2016年公司债券(第二期)于10月24日付息,格隆汇
2019-10-15,【东吴晨报1015】【策略】周评【行业】军工【个股】卓胜微,东吴研究所
2019-10-14,黑天鹅事件导致油价暴涨，新潮能源、洲际油气等上游油企享受利好,和讯
2019-10-14,远望集团将开采缅超大油气田,中化新网
2019-10-14,国内油气勘探开发力度将加大 行业持续高景气,证券时报网
2019-10-13,【金财富早知道】2019-10-14,赢家之星
2019-10-13,可燃冰领涨众油气产业链 油价前景各方评价现分歧,南方财经网
2019-10-11,伊朗一油轮在沙特爆炸起火 油价 石油股大涨,第一财经
2019-10-11,【中海油服深度】业绩拐点初现，油服巨头再出发【东吴机械】,透视先进制造
2019-10-11,【申万石化】油服上游景气持续，预计下游炼化改善——石油化工2019年三季报业绩前瞻,申万石油化工
2019-10-11,10月11日复盘:下周能否顺利冲击3000点 主力出击13股,新浪
2019-10-11,涨停板复盘：沪指四连阳 大金融板块走强,新浪
2019-10-11,收评｜沪指震荡收涨0.9%录得四连阳，本周劲升2.36%，券商与石油板块表现活跃,上游新闻
2019-10-11,【异动股】石油行业板块拉升，海越能源(600387-CN)涨9.39%,财华社
2019-10-11,A股收评：沪指涨0.88%周涨2.36% 金融领涨,格隆汇
2019-10-11,油气股午后走高 中海油服涨逾8%,中国经济网
2019-10-11,石油板块午后发力 国际油价快速走高,证券时报网
2019-10-11,石油石化板块持续走高，宝莫股份涨停,Wind
2019-10-11,快讯：采掘服务板块持续走强 贝肯能源涨逾8%,新浪
2019-10-11,石油板块午后冲高 中海油服涨超6%,e公司
2019-10-11,石油板块午后拉升明显 中海油服涨逾7%,证券时报网
2019-10-11,10月11日午盘两市板块龙虎榜排名(名单),金融界
2019-10-11,采掘服务异动走强 中海油服涨逾5%,中国经济网
2019-10-11,【中海油服*陈显帆】深度：业绩拐点初现，油服巨头再出发,东吴研究所
2019-10-10,化工行业：非常规油气勘探获突破国产油气开发进程提速,顶尖财经网
2019-10-08,东吴证券：页岩气开发已进入产量快速释放期,证券时报网
2019-10-03,中海油下跌2%跌穿50天线 遭大和降至持有评级 投资评级恶化,新浪
2019-09-30,国金证券：看好中国油服行业未来2-3年发展趋势,证券时报网
2019-09-26,国际油价连跌两日 中国石油跌近2%暂最差蓝筹 连续下跌,新浪
2019-09-25,国际油价大幅走弱，中海油服挫逾3%领跌石油股,富途证券
2019-09-25,油价大跌 港股油服股领石油概念股普跌,格隆汇
2019-09-25,光大证券：国家高度重视能源安全问题，加大上游勘探开发投入势在必行,第一财经
2019-09-24,中海油服龙虎榜数据（9月24日）,Wind
2019-09-24,海洋油气开发再上台阶，相关公司或迎行业利好？,格隆汇
2019-09-24,【异动股】石油行业板块下挫，华信退(002018-CN)跌停,财华社
2019-09-24,光大证券：未来几年我国油气产量将稳步提升,证券时报网
2019-09-24,财融汇·日间资讯,财通证券融资融券部
2019-09-24,汽车：亚马逊向美国RIVIAN订购10万辆电动送货车,东莞证券
2019-09-23,油气股午后异动 中海油服涨逾8%,中国经济网
2019-09-23,A股午评：三大股指跌逾1% 行业板块全线飘绿 连续下跌,格隆汇
2019-09-23,"石油石化行业周报:油价取决于供需关系主导,重点关注烧碱及钛白粉板块",山西证券
2019-09-22,煤炭石油：重点关注烧碱及钛白粉板块 荐1股,山西证券
2019-09-20,惠誉：确认中海油服的评级为“A”，展望稳定,Wind
2019-09-20,【机械*陈显帆】深度：美国页岩革命—百年征途，终遂能源自主,东吴研究所
2019-09-18,油价大跌促港股石油股开盘普跌 安东油服低开3.26%,格隆汇
2019-09-18,煤炭石油：长期影响仍待观察 荐7股,中信建投
2019-09-18,【中原晨会0918】A股流动性周报、市场分析、石油石化行业点评、环保行业月报,中原证券研究所
2019-09-17,石油板块再度上扬 沙特油田遭袭原油价格上涨,证券时报网
2019-09-17,A股跌逾1%沪指再失3000点！半导体板块领跌，金融股低迷,中新经纬
2019-09-17,石油板块领跌 国际实业跌超4%,中国经济网
2019-09-17,原油期货石油股集体大涨,信息时报
2019-09-17,"油服及设备行业点评:沙特阿美受袭致油价上行,强化能源安全政策实施",国元证券
2019-09-16,沙特油田遭遇袭击 关注油气资源、油服等板块投资机会,证券时报网
2019-09-16,油气板块昨日走强 油价短期或仍上行,大众证券报
2019-09-16,沙特石油核心遇袭发酵 两桶油“大块头”起舞！油气产业链板块全线走强 后市布局逻辑解析,中金在线
2019-09-16,川财证券：沙特原油设施被袭，建议关注石化油服、杰瑞股份等,证券时报网
2019-09-16,"【石油化工】沙特炼厂遇袭,短期油价开启上涨模式",格隆汇
2019-09-16,【川财研究所*常规报告】石化：沙特原油设施被袭，供应短缺,川财研究
2019-09-15,继续看好科技类企业和传统行业龙头公司的投资机会【天风机械周报19W38】,先进制造观察
2019-09-15,机械设备行业周报：封测业回暖，关注设备环节投资机遇【华创机械李佳团队】,华创机械
2019-09-15,煤炭石油：沙特主要石油设施被袭击 荐5股,川财证券
2019-09-11,港股异动 | 瑞银下调布油预测 中海油服(02883)遭该行降目标价挫逾4% 机构下调估值,智通财经
2019-09-11,中海油服逆市跌近4% 遭瑞银降目标价逾12% 机构下调估值,新浪
2019-09-10,【山证化工】行业周报 （20190902-20190908）：美国原油库存连续3周下滑，8月OPEC产量录得增长,山西证券研究所
2019-09-07,一周240只个股突破今年新高,中财网
2019-09-05,杨华卸任中海油上市公司职务，57岁汪东进代履行董事长职务,澎湃新闻
2019-09-04,【申万石化】上游盈利改善，下游炼化承压——石油化工2019年中报业绩回顾 盈利能力下降,申万石油化工
2019-09-04,中银国际*晨会聚焦20190904,中银国际证券研究
2019-09-04,【机械】油服行业2019年半年报综述: 国内油服增长强劲，龙头业绩脱颖而出*强于大市,中银国际证券研究
2019-09-04,【机械行业*陈显帆】深度：行业半年报总结：周期亮眼，成长减速,东吴研究所
2019-09-02,国庆大阅 兵要来了，历史数据显示国庆前后军工股大概率这样走,证券时报
2019-08-31,一周171只个股突破今年新高,中财网
2019-08-30,【招商石化】中海油服（601808）中报点评：业绩超预期，直接受益上游资本开支回暖,强哥谈油论气
2019-08-29,北上资金最新扫货大消费股,大众证券报
2019-08-28,债券重大事件2019年8月28星期三,Wind
2019-08-28,中海油服：“16油服03”回售申报期9月4日至9月10日,Wind
2019-08-27,全球油气资本开支处于上升通道 油服公司半年报业绩普涨,e公司
2019-08-27,中海油田服务(02883.HK)不调整“16油服03”票面利率,格隆汇
2019-08-27,最被看好的十大港股：花旗升舜宇目标价至126港元,新浪
2019-08-27,瑞银：升中海油服(2883.HK)评级至“买入” 目标价上调至10.9港元,格隆汇
2019-08-27,瑞银：中海油服升至买入评级 目标价升至10.9元港元,新浪
2019-08-27,【川财研究所*业绩点评】中海油服（601808）：业绩显著复苏，技术服务提升估值,川财研究
2019-08-23,中海油田服务盘中股价触及阶段新高 最新总市值达536亿港元,中证网
2019-08-23,港股异动 | 中海油田服务5连升涨19% 绩后获多家大行唱好,格隆汇
2019-08-23,上调评级至买入策略选股（8月23日）,Wind
2019-08-22,A股共发生49宗大宗交易成交6.81亿元（8月22日）,Wind
2019-08-22,中海油服今日大宗交易成交40万股，成交价9.25元折价13.39%,Wind
2019-08-22,上海证券市场大宗交易公开信息(2019-08-22),上交所
2019-08-22,汇丰研究：升中海油服(2883.HK)目标价至12.33港元 评级“买入”,格隆汇
2019-08-22,里昂：升中海油服(2883.HK)评级至“买入” 目标价上调至9.85港元,格隆汇
2019-08-22,美银美林：升中海油服(2883.HK)目标价至11.3港元 次季业绩胜预期,格隆汇
2019-08-22,瑞信：升中海油服(2883.HK)目标价至10.5港元 中期业绩远胜预期,格隆汇
2019-08-22,"天风证券：将中海油服评级调高为""买入""",Wind
2019-08-22,中海油服（601808）：钻井板块弹性凸显，技术服务持续发力【天风石化张樨樨团队】,樨樨和她的油气小伙伴
2019-08-22,资源税法草案对采油相关行业减征资源税，油服板块异动拉升,第一财经
2019-08-22,中海油服急升近8% 中期亏转盈赚近10亿元 亏损,新浪
2019-08-22,采掘服务开盘走强 中海油服涨近6%,中国经济网
2019-08-22,【异动股】中海油田服务(02883-HK)亏转盈盘前曾急升10.4%,财华社
2019-08-22,港股异动 | 中海油田服务高开超10% 中期业绩由亏转盈9.73亿元,格隆汇
2019-08-22,趋势巡航：光伏产业已成领涨龙头,金融界
2019-08-22,A股早报2019年8月22日星期四,Wind
2019-08-22,中海油服：2019年半年度主要财务指标,上交所
2019-08-22,中海油服：2019年董事会第三次会议决议公告,上交所
2019-08-22,"中海油服2019年中报点评:中海油增加资本开支带动Q2业绩,油服行业悲观预期有望修正",光大证券
2019-08-21,8月22日上市公司重要公告集锦：ST康美短期流动性紧张 偿债压力较大,证券日报
2019-08-21,A股头条之上市公司（8.22）,金融界
2019-08-21,晚间公告热点追踪：科大讯飞拟10派1元 康美提示风险,新浪
2019-08-21,中海油服：2019年前三季度业绩报告预告,上交所
2019-08-21,中海油服中报营收同比增长66.7% 盈利能力持续提升,证券时报网
2019-08-21,中海油服(02883-HK)中期扭亏为盈至9.73亿人民币,财华社
2019-08-21,中海油服(601808.SH)上半年业绩扭亏为盈至9.73亿元,格隆汇
2019-08-21,中海油服：上半年净利9.73亿元 同比扭亏,e公司
2019-08-12,08月12日 收盘突破年线个股一览,每日经济新闻
2019-08-09,"石化机械2019年中报点评:上半年净利润扭亏为盈,行业复苏助力公司业绩增长",光大证券
2019-08-07,08月07日 收盘突破年线个股一览,每日经济新闻
2019-08-07,采掘服务午后拉升 中矿资源涨逾7%,中国经济网
2019-08-07,中海油服涨0.1%，创近1个月新高，报9.76元,腾讯网
2019-08-06,港股异动︱受国际油价连续走弱拖累 页岩气板块随A股集体下跌 连续下跌,智通财经
2019-08-05,【万联机械】压裂设备龙头，受益于非常规油气开发提速--杰瑞股份（002353）首次覆盖报告,万联证券研究所
2019-08-02,【异动股】可燃冰板块下挫，杰瑞股份(002353-CN)跌7.97%,财华社
2019-07-31,中海油服获得政府补助合计5133万元,挖贝网
2019-07-30,中海油服(601808.SH)近日累计获5132.77万元政府补助,格隆汇
2019-07-30,里昂：中海油服降至跑输大市评级 目标价9.28港元 投资评级恶化,新浪
2019-07-30,里昂：降中海油服(2883.HK)评级至“跑赢大市” 目标价上调至9.28港元 投资评级恶化,格隆汇
2019-07-26,瑞银：降中海油田(02883)评级至“中性” 上调目标价至9.5港元 投资评级恶化,智通财经
2019-07-23,页岩气板块持续强势，这些相关概念股或将直接受益,第一财经
2019-07-22,中海油与阿布扎比国家石油公司签署战略框架协议,21世纪经济报道
2019-07-22,煤炭石油：国际油价大幅下跌 荐6股,中信建投
2019-07-22,中海油服(02883-HK)获建银国际首予跑贏大市评级,财华社
2019-07-22,《一周研读》科创板开板猜想（2019年7月21日-7月26日）,中信证券研究
2019-07-21,机械设备行业周报：机械行业重点公司 2019 年半年报业绩预告梳理【华创机械李佳团队】,华创机械
2019-07-19,【申万石化】2019年中报业绩前瞻：油服上游景气回升，下游景气回落，PTA、涤纶表现亮眼,申万石油化工
2019-07-18,大摩：降中海油服（02883）H股评级至“与大市同步” 升目标价至9.38港元 投资评级恶化,智通财经
2019-07-18,大摩：降中海油服(2883.HK)评级至“与大市同步” 上调目标价至9.38港元 投资评级恶化,格隆汇
2019-07-18,中海油遭大和降级至持有 现价跌近2% 投资评级恶化,新浪
2019-07-18,中海油服(02883-HK)获摩根士丹利上调目标价股价现回软,财华社
2019-07-16,【数据揭秘】07月15日 融资客最看好的前20只个股,每日经济新闻
2019-07-16,"【高端制造】增材制造应用前景广阔,设备制造是产业链核心",格隆汇
2019-07-15,国际原油价格大涨 关注国内页岩油气开发标的,中证网
2019-07-15,盘前必读｜美股创收盘历史新高，A股这些个股发布业绩预增公告,第一财经
2019-07-14,煤炭石油：油价大幅上涨 关注国内页岩油气开发,川财证券
2019-07-12,华鑫证券：短期探底或还差一跌,华鑫证券
2019-07-12,沪指日线四连阴 险守2900点,新浪
2019-07-11,07月11日 收盘突破年线个股一览,每日经济新闻
2019-07-11,午市前瞻：港股走势不会太差 本月上望29500点,新浪
2019-07-11,【收市点评】三大股指冲高回落 黄金板块逆势走强 | 2019.07.11,兴业证券兴e通
2019-07-11,瑞信：升中海油田服务(2883.HK)评级至“跑赢大市” 目标价上调至9.7港元,格隆汇
2019-07-11,石油板块震荡上扬 洲际油气涨停,证券时报网
2019-07-11,港股异动︱国际油价涨势强劲 刺激港股石油股全线走高,智通财经
2019-07-11,石油行业走势强劲 洲际油气率先涨停,金融界
2019-07-11,石油石化板块高开高走 洲际油气涨停,e公司
2019-07-11,【异动股】石油板块高开高走中海油服(601808-CN)涨近6%,财华社
2019-07-11,油气股开盘集体大涨 中海油服涨逾6%,中国经济网
2019-07-11,巨丰热点：石化油服股活跃 中海油服盘中领涨,巨丰财经
2019-07-11,能源设备板块表现强势 中海油服盘中涨逾7%,中证网
2019-07-10,海油发展：募资38亿元登陆上交所主板 成中国海油第七家上市公司,每日经济新闻
2019-07-10,机械设备行业周报（20190708-20190714）：机械板块科创板首批新股发行总结【华创机械李佳团队】,华创机械
2019-07-06,海油发展登陆资本市场 业绩持续稳健增长,中国经营报
2019-06-27,午市前瞻：港股后市走势料偏淡 下月或重回26400点,新浪
2019-06-26,中海油旗下又一油服登陆A股，资产证券化再下一城,澎湃新闻
2019-06-26,06月26日 收盘突破年线个股一览,每日经济新闻
2019-06-26,巨丰午评：券商黄金杀跌 结构性行情依旧,巨丰财经
2019-06-26,海油发展上市标志着中国海油专业服务板块全部实现上市,中国能源网china5e
2019-06-26,海油发展登陆上交所主板 中国海油服务板块全部上市,新浪
2019-06-26,快讯：油服板块盘中异动拉升 中曼石油直线拉涨近5%,新浪
2019-06-26,陕天然气大股东引战投增资扩股 打通天然气全产业链,新浪
2019-06-25,【异动股】油服概念股午后拉升中曼石油(603619-CN)触及涨停,财华社
2019-06-25,油服概念股午后异动拉升,每日经济新闻
2019-06-16,着眼个性化定制，芯巧电子加速EDA“国产时代”,猎云网
2019-06-14,油轮遇袭致原油大幅收涨 两类概念股望率先受益(名单),金融界
2019-06-12,180余家公司上半年业绩预喜 畜牧业、通信和电气设备等行业景气度高,中证网
2019-06-11,大摩：相信中海油服(02883)股价60日内将升 评级“增持”,智通财经
2019-06-10,【恒指涨幅扩大至2.3% 能源股领涨】,格隆汇
2019-06-10,油气股尾盘直线拉升 贝肯能源涨停,中国经济网
2019-06-06,中海油服(601808.SH)拟每10股派0.7元 股权登记日为6月13日,格隆汇
2019-06-05,【数据揭秘】06月04日 融资客最看好的前20只个股,每日经济新闻
2019-06-04,中国石油现跌近1% 遭瑞信降目标价逾两成七,新浪
2019-05-31,巨丰收评：五月行情黯然落幕 周线级别反弹开启,巨丰财经
2019-05-31,巨丰午评：次新股惊现六连涨,巨丰财经
2019-05-31,【异动股】可燃冰板块拉升，博迈科(603727-CN)涨停,财华社
2019-05-30,【华创固收·日报】债市情绪平淡，关注明日PMI数据20190530,华创债券论坛
2019-05-30,中海油服：2018年年度股东大会、2019年第一次A股类别股东会议及2019年第一次H股类别股东会议决议公告,上交所
2019-05-30,中海油服(02883.HK)拟6月28日派末期息 每股0.07元,格隆汇
2019-05-30,一张脑图读财务：3种从毛利率看出财务异常的简单方法，你必须学会！,并购优塾
2019-05-30,午评：沪指失守2900点关口跌0.83% 采掘服务板块崛起,新浪
2019-05-30,巨丰热点：石化油服板块活跃 惠博普等多股涨停,巨丰财经
2019-05-27,中海油服(02883.HK)累计获932.913万元政府补助,格隆汇
2019-05-24,【天风石化张樨樨团队】海油工程深度报告：行业复苏拉动业绩，国际竞争力塑造成长性,樨樨和她的油气小伙伴
2019-05-23,海油发展终结11年IPO长跑 六成收入依赖关联方,时代周报
2019-05-23,一张脑图读财务：应收账款收不回，施展财技耍花招（2）,并购优塾
2019-05-23,"石油开采行业5月国际原油市场点评:中东地缘局势升温,当前油价水平有支撑",申万宏源
2019-05-22,大公国际维持对中海油服主体及相关债项AAA评级,中国金融信息网
2019-05-21,大公维持中海油田服务(02883.HK)主体信用等级为AAA,格隆汇
2019-05-20,机械设备行业周报：半导体设备板块持续增长，国产替代机遇值得关注【华创机械李佳团队】,华创机械
2019-05-20,【机械】油服行业跟踪:三桶油“七年行动计划”确保油服行业景气度长期向上，目前低估值提供配置良机 *强于大市,中银国际证券研究
2019-05-17,海油发展过会：今年IPO获批第31单 中金公司梅开二度,中国经济网
2019-05-16,第十八届发审委2019年第39次会议审核结果公告,证监会
2019-05-16,油服专题二：重资产油服公司的复苏之路,樨樨和她的油气小伙伴
2019-05-15,海油发展明日闯关发审会，中海油系上市公司有望再添一员,IPO日报
2019-05-15,中金公司：油服行业回复趋势确定性强 继续看好油服板块,中证网
2019-05-15,中金：继续看好油服板块,证券时报网
2019-05-13,今日52只个股跨越牛熊分界线,证券时报网
2019-05-13,【异动股】可燃冰板块拉升，石化油服(600871-CN)涨9.05%,财华社
2019-05-13,能源设备板块盘中崛起 石化油服涨停,中证网
2019-05-13,【异动股】天然气板块拉升，贵州燃气(600903-CN)涨停,财华社
2019-05-13,可燃冰概念股异动 石化油服率先涨停,证券时报网
2019-05-09,[路演]中海油服：随着勘探开发力度的加大 公司全年工作量预计饱满,全景网
2019-05-09,75股获券商买入评级 建发股份目标涨幅达95.92%,Wind
2019-05-09,上市公司年报收官石油和化工整体业绩稳健增长,国家煤化工网
2019-05-08,午市前瞻：港股短期29000点有支持 或需下试28500点,新浪
2019-05-08,前海开源遭遇黑色4月亏损惨重 23只权益基金跌超5%,中国经济网
2019-05-07,中金：海外中资首选新纳入中海油服、中国建筑及粤海投资等七股,格隆汇
2019-05-06,一张脑图读财务：应收账款收不回，施展财技耍花招（2）,并购优塾
2019-05-06,瑞银：上调中海油服(02883.HK)目标价至9.3港元 油田技术服务板块胜预期,格隆汇
2019-05-05,中海油服一季度净利3100万元 较上年同期扭亏为盈 现金流量净额为-530万元,挖贝网
2019-05-01,A股分红起底：超7成公司年报分红，9家亏损也派现，还有这28只 “铁公鸡” 亏损,21世纪经济报道
2019-05-01,一张脑图读财务：应收账款收不回，施展财技耍花招（2）,并购优塾
2019-04-28,【东吴机械周观点】预计挖机4月仍将正增长，宁德时代加速扩产节奏,透视先进制造
2019-04-25,企业债券、非金融企业债务融资工具付息兑付及服务费提示2019年5月,中国债券信息网
2019-04-24,光大证券：四类公司有望受益于油价,证券时报网
2019-04-23,采掘服务板块早盘走强 采掘服务股票有哪些？,云掌财经
2019-04-23,机械制造：继续看好龙头全年表现 荐5股,和讯
2019-04-23,美银美林：升中海油服(02883.HK)目标价至10.5港元 评级“买入”,格隆汇
2019-04-23,港股异动︱美油期货创半年新高 港股石油股集体大涨,智通财经
2019-04-23,海洋强国+军民融合提振相关题材 3只个股被两类机构交叉持有,证券日报
2019-04-22,A股高开低走沪指跌逾1% 水泥、工业大麻板块重挫 油气板块逆势上行,每日经济新闻
2019-04-21,【华创机械 | 周观点】一季度经济运行好于预期，继续关注结构分化中的机遇,华创机械
2019-04-17,一张脑图读财务：应收账款收不回，施展财技耍花招（2）,微信
2019-04-17,机械制造：继续看好工程机械龙头全年表现 荐5股,和讯
2019-04-15,【华创机械 | 周观点】3月社融数据超预期，挖机销量在高基数下持续增长,华创机械
2019-04-11,中海油服：关于召开2018年年度股东大会、2019年第一次A股类别股东会议及2019年第一次H股类别股东会议的通知,上交所
2019-04-11,一张图读懂财务异常：应收账款收不回，施展财技耍花招（2）,并购优塾
2019-04-11,大摩：宏华及华油能源为油服股首选 全线升股份目标价,格隆汇
2019-04-10,这3种从毛利率看出财务疑点的方法，你必须学会！,并购优塾
2019-04-10,化工：油价如期反弹 荐4股,和讯
2019-04-10,又是A股史上罕见！10派100元，真叫土豪式分红！一年利润一次分干净，还有多少大股东抢着一次分个够,券商中国
2019-04-09,【国金研究】油服：从供给侧角度看国家能源安全——油服行业研究框架及与工程机械比较研究,国金证券研究所
2019-04-08,【东吴机械周观点】业绩亮眼叠加景气度超预期，持续超配工程机械与油服,透视先进制造
2019-04-08,111股获券商买入评级 全筑股份目标涨幅达78.65%,Wind
2019-04-08,【新时代证券】江苏化工行业整治影响剖析——成长，新时代！每周交流会（第34期）,新时代证券研究
2019-04-05,一张脑图读财务：应收账款收不回，施展财技耍花招（2）,并购优塾
2019-04-04,【异动股】海工装备板块下挫，振华重工(600320-CN)跌2.79%,财华社
2019-04-03,三桶油2019年勘探支出增长 油服行业继续复苏,新浪
2019-04-03,汇丰：升中海油服(02883.HK)目标价至12.18港元 评级“买入”,格隆汇
2019-04-03,里昂：首予中海油服(02883.HK)“跑赢大市”评级 目标价9.87港元,格隆汇
2019-04-02,机械制造：关注一季报业绩超预期个股 荐5股,和讯
2019-04-02,关注|中海油服2018年营业收入同比增25.29%,电力新闻网
2019-04-01,油价持续走高，油服板块新一轮景气周期已至,Wind
2019-04-01,机械制造：探寻星光 荐5股,和讯
2019-03-28,机械制造：2019年三桶油勘探开发资本开支计划增长20% 荐1股,和讯
2019-03-28,瑞信：升中海油服(02883.HK)目标价至5.8港元 维持“跑输大市”评级,格隆汇
2019-03-28,股海导航 今日上市公司重要资讯,中财网
2019-03-28,技术进步推动家电行业升级 两条主线布局业内龙头,第一财经
2019-03-28,智通港股会议日历|3月28日,智通财经
2019-03-27,中海油服收入同比增长25.4% 技术占比进一步提升至44.8%,证券时报网
2019-03-27,中海油服：2018年净利超7000万元 同比增65%,e公司
2019-03-27,中海油服：2018年净利润同比增65.54%,Wind
2019-03-27,这3种从毛利率看出财务疑点的方法，你必须学会！,并购优塾
2019-03-26,"3月国际原油市场点评:opec超额减产叠加需求预期企稳,油价有望进一步走高",正点财经
2019-03-25,【东吴机械周观点】光伏产能新周期、油服capex超预期,透视先进制造
2019-03-25,一张脑图读财务：应收账款收不回，施展财技耍花招!（2）,并购优塾
2019-03-25,油服行业之中海油服（601808）：受益三桶油“七年行动计划”和公司战略转型，业绩迎来高弹性,机械王者联盟
2019-03-25,田渭东：美股大跌震撼全球 A股头顶压力独善其身,开源证券
2019-03-21,【申万石化】OPEC超额减产叠加需求预期企稳，油价有望进一步走高——国际原油价格跟踪点评,申万石油化工
2019-03-20,年内715家上市公司购买理财产品规模达2350亿元,证券日报
2019-03-19,石油化工行业2019q1业绩展望,正点财经
2019-03-18,机械制造：继续看好业绩高增长工程机械板块 荐5股,和讯
2019-03-14,【异动股】油价相关板块拉升，仁智股份(002629-CN)涨6.32%,财华社
2019-03-13,中海油服(02883.HK)3月27日举行董事会会议 藉以审议并批准年度业绩,格隆汇
2019-03-13,中海油服(02883.HK)耗资9亿元购买2项银行理财产品,格隆汇
2019-03-12,一张脑图读财务：应收账款收不回，施展财技耍花招（2）,并购优塾
2019-03-12,03月12日 盘中突破半年线个股一览,每日经济新闻
2019-03-12,中银国际*每日速递20190312：劲嘉股份、凯众股份、新城控股；电力物联网系列；银行、保险、机械、食品饮料点评；首席周观点等,微信
2019-03-11,中海油服(02883-HK)斥5亿人民币购理财产品 年化收益率4.05%,财华社
2019-03-11,"油服行业跟踪:页岩气即将跨越盈亏临界点,增产设备和服务迎来最大增长弹性阶段",证券之星
2019-03-06,这3种从毛利率看出财务疑点的方法，你必须学会！,并购优塾
2019-03-05,2019年1月天津A股上市公司市值TOP50,挖贝网
2019-03-05,华创事件驱动早报3-5：人工智能相关立法已列入规划；能源局修订油气规划管理办法,华创证券研究
2019-03-04,一张脑图读财务：应收账款收不回，施展财技耍花招（2）,并购优塾
2019-02-28,这3种从毛利率看出财务疑点的方法，你必须学会！,并购优塾
2019-02-27,一个“东方不败”倒下了，还有N个“东方不败”站起来（0227晨报）,开源证券研究所
2019-02-27,田渭东：一个“东方不败”倒下 还会有N个站起来,开源证券
2019-02-26,02月26日 盘中突破半年线个股一览,每日经济新闻
2019-02-26,财闻点金：充电运营补贴实施细则望出台 行业发展开启快车道,巨丰财经
2019-02-26,"国际原油价格跟踪点评:OPEC大力减产、页岩油钻机数增长放缓,油价如期反弹",申万宏源
2019-02-25,机械制造：地方政府债加速发行 荐7股,中银国际
2019-02-24,机械制造：聚焦业绩高增长的工程机械和成长板块龙头 荐5股,中泰证券
2019-02-23,一张脑图读财务：应收账款收不回，施展财技耍花招（2）,并购优塾
2019-02-19,【每月金股】银河研究 2019.2,中国银河证券研究
2019-02-18,【新时代证券】1月信贷数据解读——成长，新时代！每周交流会（第27期）,新时代证券研究
2019-02-17,机械制造：重视周期股价值回归行情 荐3股,中银国际
2019-02-14,机械制造：2019年中石油钻完井工作量增速加快 荐1股,中银国际
2019-02-14,高盛：下调中海油服评级至“中性” 指短期缺乏催化剂 投资评级恶化,格隆汇
2019-02-12,野村：首予中海油服(02883.HK)、中石化炼化(02386.HK)及中石化冠德(00934.HK)“买入”评级,格隆汇
2019-02-12,【每日晨报】策略丁文 银河证券晨会纪要—20190212,中国银河证券研究
2019-02-11,中泰证券：聚焦业绩好的工程机械、成长板块龙头看好底部优质股,中泰证券
2019-02-07,一张脑图读财务：应收账款收不回，施展财技耍花招（2）,并购优塾
2019-02-06,一张脑图读财务：上市公司业绩太差，靠补贴、“赖账”续命！,并购优塾
2019-01-31,应用场景不断拓宽 5G技术孕育新时代投资机会！,第一财经
2019-01-31,申万宏源：油价中枢有支撑 推荐石油化工板块,证券时报网
2019-01-31,98股获券商买入评级，金科文化目标涨幅达129%,Wind
2019-01-30,机械制造：把握中国页岩气革命带来的投资机遇 荐2股,银河证券
2019-01-30,煤炭石油：低油价有望缓解经济增长放缓对需求的影响 荐3股,申万宏源
2019-01-28,机械制造：非常规勘探开发继续提速+OPEC再减产效果显著 荐1股,和讯
2019-01-28,港股异动︱遭瑞银削至“沽售”且看淡至7元 中海油服(02883)挫4%,智通财经
2019-01-28,某券商内部的200个上市公司黑名单外泄 有你的股票吗,新浪
2019-01-28,内地油气探勘费上升 卡塔尔航空或进一步增持南航,经济通
2019-01-25,港股半日总结：恒指升363点腾讯、内银及手机设备股上扬,理财18
2019-01-25,瑞银：降中海油服(02883.HK)评级至“沽售” 目标价下调至7港元,格隆汇
2019-01-25,港股开市：恒指高开161点，腾讯、友邦及内银股造好,理财18
2019-01-24,港股半日总结：恒指升36点，券商股扬，澳博涨逾8%,理财18
2019-01-24,港股异动︱料今年资本开支约30亿人民币 中海油服(02883)涨超6%,智通财经
2019-01-24,港股开市：恒指高开67点，领展升3%，金沙绩後偏软,理财18
2019-01-24,港股异动丨预计钻井服务、油田技术服务工作量同比显著增长 中海油服(02883.HK)涨逾3%,格隆汇
2019-01-24,股市早知道:科创板和注册制来了 房企发40亿美元债,网易
2019-01-23,中海油服：预计2019年的资本性开支为30亿元左右,e公司
2019-01-23,中海油服(02883.HK)公布2019年战略指引,格隆汇
2019-01-23,中海油服：预计2019年资本支出为30亿元左右,Wind
2019-01-23,"机械设备行业:油价持续反弹,关注油服板块投资机会",中证网
2019-01-23,三大油企工作会议：增储上产是今年首要任务,Wind
2019-01-22,【晨会聚焦】下行周期中结构分化，最确定是政府加杠杆；人口大周期下的需求波动,中泰证券研究所
2019-01-22,【机械】王华君、朱荣华：油服：中石油2019年勘探开发资本开支预增25%；页岩气开采有望提速，力推油服龙头——杰瑞股份等0121,中泰证券研究所
2019-01-22,【机械】非常规勘探开发继续提速+ OPEC再减产效果显著，国内油服业绩将持续改善,微信
2019-01-22,中银国际*每日速递20190122：策略周报；油服；航天信息深度、洲明科技、上海银行、千禾味业、帝欧家居；首席周观点等,微信
2019-01-21,"机械设备行业:中石油,页岩气开发仍需提速,加大压裂设备采购势在必行",东吴证券
2019-01-20,【油气设备】中石油：页岩气开发仍需提速，加大压裂设备采购势在必行【东吴机械陈显帆】,微信
2019-01-20,【东吴机械周观点】我国跃升天然气第一大进口国，油气增产势在必行；持续看好新能源装备,透视先进制造
2019-01-20,【中泰一周微视】钢铁/银行/建材/煤炭/机械/地产/医药/食品饮料/零售/通信,中泰证券研究所
2019-01-18,一张脑图读财务：应收账款收不回，施展财技耍花招（2）,并购优塾
2019-01-18,市场黑天鹅不断，这份踩雷个股名单你必须知道,云掌财经
2019-01-16,国资委布局2019年国企改革重点 加码战兴产业培育新动能,证券时报网
2019-01-15,【港股异动 | 中海油田服务涨5.79% 年初至今涨近6%】,格隆汇
2019-01-15,"中金公司：将中海油服评级调高为""推荐""",Wind
2019-01-10,原油期货价格连续大反弹 掘金两类受益股(名单),金融界
2019-01-02,中石油A跌逾1％ 新年贺辞称全力保障国家能源安全,经济通
2018-12-28,化工：天然气存缺口 荐4股,和讯
2018-12-28,【天风石化】上调行业评级至“强于大市”,樨樨和她的油气小伙伴
2018-12-26,"油气装备与服务行业:中石油川南页岩气产量创新高,页岩气勘探开发将维",正点财经
2018-12-26,财融汇·早间必读 | 20181226,财通证券融资融券部
2018-12-25,【机械】基建托底几成定局；制造业：哪国能承接中国巨大产能转移？,天风研究
2018-12-24,"机械设备行业:中央经济工作会议定调“逆周期调节”,轨交装备、工程机械有望受益",正点财经
2018-12-22,【一周研读】利率：中国向左，美国向右,中信证券研究
2018-12-20,【每日晨报】策略丁文 银河证券晨报—20181220,中国银河证券研究
2018-12-19,【异动股】可燃冰板块下挫，杰瑞股份(002353-CN)跌3.49%,财华社
2018-12-19,【异动股】石油行业板块下挫，新潮能源(600777-CN)跌8.6%,财华社
2018-12-19,市场担忧原油供应过剩美油暴跌 早盘油服板块重挫 连续下跌,新浪
2018-12-13,【晨会纪要】策略丁文 银河证券晨会纪要—20181213,中国银河证券研究
2018-12-13,国金晨讯精选：园区城投债投资手册、油服行业深度、激智科技深度,国金证券研究所
2018-12-12,化工：OPEC+达成减产协议 荐3股,和讯
2018-12-11,"国际原油价格跟踪点评:opec+达成减产协议,化解原油市场供应过剩风险",申万宏源
2018-12-10,今日207股突破五日均线 12月10日突破五日均线个股乖离率排名一览,金投网
2018-12-10,机械制造：OPEC+减产改善油服预期 荐5股,中银国际
2018-12-10,中国石化燃料油公司在巴西为中海油服首次供油,石化新闻网
2018-12-09,机械制造：油服有望逐步修复 荐5股,中泰证券
2018-12-07,这只基金净值单日上涨逾9％,中证网
2018-12-07,武船集团揽获8艘LNG动力海工船订单,联合钢铁网
2018-12-05,港股异动︱受国际油价走弱拖累 石油股全线下挫 连续下跌,智通财经
2018-12-04,港股异动︱受益于国际油价大涨 中海油服(02883)现涨4.41%,智通财经
2018-12-03,太会玩！一招洗大澡，喜提数亿账面利润？看不懂财报，只能当韭菜！,并购优塾
2018-12-03,A股收官行情值得期待，机构扎堆相中三大行业,证券日报
2018-11-30,中海油服拟出售两艘油轮及相关业务,联合钢铁网
2018-11-29,中海油服：董事会决议公告,上交所
2018-11-28,财融汇·早间必读 | 20181128,财通证券融资融券部
2018-11-23,资本寒冬已经够惨了，一定要注意踩上这些世纪大雷！,并购优塾
2018-11-22,人民大学首次发布“2018中国能源企业创新能力百强榜单”,光明网
2018-11-22,【晨会纪要】策略丁文 银河证券晨会纪要—20181122,中国银河证券研究
2018-11-21,受国际油价大幅下挫影响 石油石化板块跌幅居前 连续下跌,中证网
2018-11-21,A股三大指数全线低开 石油石化板块跌幅居前,中新经纬
2018-11-21,中海油服低开低走重挫5.37%报9.17元 成交3005万元,腾讯网
2018-11-20,深入了解数百家上市公司“真相”后，我沉默了,微信
2018-11-16,太会玩！一招洗大澡，喜提数亿账面利润？看不懂财报，只能当韭菜！,微信
2018-11-16,一致预期：市场热情已被点燃 转折底已形成,巨丰财经
2018-11-15,【晨会纪要】策略丁文 银河证券晨会纪要—20181115,中国银河证券研究
2018-11-15,国际油价重挫 国内原油期货跌停,长沙晚报
2018-11-15,午评：A股三大股指震荡 创投和独角兽概念领涨,证券之星
2018-11-14,【异动股】可燃冰板块下挫，杰瑞股份(002353-CN)跌停,财华社
2018-11-08,中国人民保险发挥保险功能作用，为高新领域国际合作注入动能,财经网
2018-11-07,黄金板块逆市拉升，恒立实业罕见10连板,21世纪经济报道
2018-11-06,机械制造：光伏行业有望迎来政策调整 荐4股,国海证券
2018-11-02,资本寒冬已经够惨了，一定要注意避免踩上这些世纪大雷！,并购优塾
2018-11-02,【川财研究所*业绩点评】中海油服（601808）：平台利用率提升，行业竞争加剧,川财研究
2018-10-30,中海油服：前三季度亏损同比扩大净亏2.77亿元 亏损,Wind
2018-10-30,中海油服：前三季度亏损2.76亿元,Wind
2018-10-30,电气设备：前三季度光伏新增装机34.54GW,川财证券
2018-10-29,机械制造：美石油活跃钻井数创5月来最大月增幅 持续看好油服行业,国海证券
2018-10-28,机械制造：压裂设备需求强劲 荐5股,中泰证券
2018-10-24,电气设备：1-9月全国规模以上港口货物吞吐量同比增2.6%,川财证券
2018-10-24,石油产业链个股全线杀跌 中国石油跌近3%,第一财经
2018-10-24,快讯：石油产业链个股全线大跌 中国石油跌超4%,新浪
2018-10-23,电力：海阳核电1号机组具备商运条件,川财证券
2018-10-19,计算机行业：关注三季度业绩确定性强的公司,金融界
2018-10-18,港股异动︱受国际油价拖累 “三桶油”及油服股集体下挫,智通财经
2018-10-17,油气改革板块下跌 海越能源跌逾8%,证券时报网
2018-10-17,石油产业链个股重挫 中曼石油跌逾9%,e公司
2018-10-17,电气设备：10月上旬LNG价格旬环比降1.2%,川财证券
2018-10-15,[同步大市-A评级]机械行业周报：布油回调至80美元附近 但仍处利于油气勘探开采扩张区间,中财网
2018-10-15,[增持评级]机械设备行业周报：油服：回调创加仓机会!加大煤机龙头推荐!持续看好工程机械、半导体设备龙头!,中财网
2018-10-14,机械制造：美国本周石油钻井数增加8台 持续看好油服行业,国海证券
2018-10-11,港股全日总结：恒指挫926点，近十七个月低，腾讯及科技股受压,理财18
2018-10-11,港股半日总结：恒指挫986点，腾讯、舜宇及瑞声均跌逾7%,理财18
2018-10-11,港股异动︱受国际油价拖累 安东油田服务(03337)跌15.27%,智通财经
2018-10-10,油价上升石油股续高飞 中海油涨2％ 中石化反弹1％,经济通
2018-10-09,[港股异动]油气板块整体活跃 中海油服(02883.HK)涨超6%,格隆汇
2018-10-09,港股异动︱受国际原油价格影响 中海油服(02883)涨逾8%,智通财经
2018-10-08,机械设备行业：油服 板块性大机会！力推工程机械、半导体设备龙头,中证网
2018-10-04,港股总结：恒指跌467点友邦腾讯弱燃气股逆市弹,理财18
2018-10-04,[港股异动]沙特、俄罗斯同意增产 石油概念股跌幅扩大,格隆汇
2018-10-04,恒生指数收跌1.73%，恒生国企指数跌2.21%。,Wind
2018-10-04,港股半日总结：恒指跌456点中资金融股、油股及友邦受压,理财18
2018-10-02,布油创近四年新高，国内成品油三连涨，火热还要持续多久？,Wind
2018-09-28,【晨会纪要】策略丁文 银河证券晨会纪要—20180928,中国银河证券研究
2018-09-28,【机械】王华君、朱荣华：国家能源安全驱动，中石油开启冬季施工！油服板块性行情趋势向上！20180927,中泰证券研究所
2018-09-27,油服大底反转 配置时机来临,巨丰财经
2018-09-26,09月26日 27只股票封板 交运物流板块涨幅最大,每日经济新闻
2018-09-26,电气设备：1-8月全国原油加工量同比增长8.7% 荐7股,川财证券
2018-09-26,【新时代机械郭泰团队】 研发抵税专题研究：全行业降低企业税赋，进一步助力高端制造领域,机械泰通
2018-09-26,港股异动︱国际油价创新高 中海油(00883)涨4.64%,智通财经
2018-09-26,油价攀升至四年高位 4只概念股受机构关注藏“升”机,证券日报
2018-09-25,09月25日 17只股票封板 航天航空板块涨幅最大,每日经济新闻
2018-09-25,燃气板块盘中震荡上扬 中天能源领涨,证券时报网
2018-09-25,上海自贸区概念盘中集体拉升 长江投资涨停,长江有色
2018-09-25,石油石化行业专题报告-天然气系列(1):中国天然气需求和进口将高速增长,平安证券
2018-09-21,CFi收盘揭秘:一口号竟引爆A股大涨 吃饭行情来了？,中财网
2018-09-21,【平安重点】行业专题报告*石油石化*天然气系列（1）：行业供需格局、驱动力分析及其展望*强于大市,平安研究
2018-09-20,中海油服：9月19日融资余额为3.45亿元，较前一日骤增6.35%,Wind资讯
2018-09-19,港股全日总结：恒指升322点，中资金融、内需及车股造高,理财18
2018-09-19,"机械设备行业周报:国际油价反弹,油服装备板块持续看好",国海证券
2018-09-18,"机械行业周报:资本开支迎来上升期,继续看好油服及设备行业",正点财经
2018-09-18,机械行业：油服板块景气度持续 长期看好半导体装备产业发展,东北证券
2018-09-18,"化工行业周报:尿素、PVA上涨,继续关注复苏初期及新材料子行业",上海证券
2018-09-18,机械行业:本周暂停,信达证券
2018-09-17,政策驱动页岩气行业盈利能力提升 7股潜力显现,证券日报
2018-09-17,【异动股】石油板块快速拉升 潜能恒信(300191-CN)涨停,财华社
2018-09-17,午后采掘服务服务板块拉升走高 潜能恒信涨停,中国经济网
2018-09-17,油气装备与服务行业：海油、页岩气边际增量弹性大,中证网
2018-09-17,机械制造：油服装备板块持续看好 荐6股,国海证券
2018-09-17,中国LNG价格突破去年高点 哪些天然气概念股有望受益,金融界
2018-09-17,【太平洋证券今日早读】固收：基建仍在下滑，消费有所回暖|油服行业深度报告|医疗、新能源汽车行业追踪20180917,太平洋证券研究
2018-09-13,资金抢筹！政策+市场双驱动，天然气成最强风口,Wind
2018-09-13,采掘服务板块领涨两市,红周刊
2018-09-13,午评：三大股指震荡下行沪指涨0.14% 医药股全线受挫,新浪
2018-09-13,港股异动︱国际油价重回上行轨道 石油股全线上涨,智通财经
2018-09-13,快讯：海工装备板块再度走强宝德股份连续3天涨停,新浪
2018-09-11,9月11日复盘:已进入可投区域 主力重点出击3股(名单),新浪
2018-09-11,涨停板复盘:沪指盘中创2年半新低 成交额不足千亿,新浪
2018-09-11,09月11日 收盘突破年线个股一览,每日经济新闻
2018-09-11,收评：三大股指宽幅震荡沪指跌0.18% 可燃冰板块领涨,新浪
2018-09-11,收评:三大股指宽幅震荡沪指跌近0.3% 可燃冰板块领涨,新浪
2018-09-11,港股异动︱国际原油近期持续上涨 中海油田服务(02883)现涨逾5%,智通财经
2018-09-11,股市快讯：可燃冰午后持续走强 海默科技涨停,中国经济网
2018-09-11,科技股强势复苏！创业板指午盘涨近1%，周期惨遭重挫,每日经济新闻
2018-09-11,山西证券：沪指创阶段新低 短期或出现反弹,山西证券
2018-09-11,巨丰投顾：大盘探底回升 两大投资主题可以逢低关注,巨丰财经
2018-09-11,【晨会纪要】策略丁文 银河证券晨会纪要—20180911,中国银河证券研究
2018-09-11,午评：三大股指触底反弹沪指涨0.3% 创指收复1400点,新浪
2018-09-11,【盘中动态】油服板块异动拉升 机构揭秘上涨逻辑,每日经济新闻
2018-09-11,油服板块全线走强 中海油服涨6%,证券时报网
2018-09-11,油服板块异动拉升 通源石油涨停,e公司
2018-09-11,油服板块集体走强，通源石油、海默科技大涨7%,Wind
2018-09-11,快讯：可燃冰板块持续走高 通源石油涨近6%,新浪
2018-09-10,人力资源共享服务中心HRSSC，开启中海油服“双重身份”新模式,全球财经网
2018-09-10,机械制造：国务院印发促进天然气发展若干意见 荐3股,银河证券
2018-09-09,机械制造：锂电设备进入招标旺季 荐8股,东吴证券
2018-09-07,【晨会纪要】策略丁文 银河证券晨会纪要—20180907,中国银河证券研究
2018-09-07,【川财研究所*每日晨报】20180907：发改委再推民间资本参与PPP项目,川财研究
2018-09-07,【东吴晨报0907】【中报总结】机械【个股】宁德时代、融信中国等,东吴研究所
2018-09-06,石化油服：为什么油服板块能够走出并继续自己的独立行情？,东北证券
2018-09-06,热点追踪：军工板块基本面改善，积极关注,国元财富管理
2018-09-06,今日涨停板股票预测：9月6日两大题材有望爆发,金融界
2018-09-05,国务院发文促进天然气发展 将加大勘探开发力度,e公司
2018-09-04,机械行业2018年中报总结：机械行业景气延续板块分化龙头表现亮眼,顶尖财经网
2018-09-03,机械制造：我国油气勘探开发提速 石油装备与服务将强力反弹,中银国际
2018-09-02,机械制造：持续力推油服板块 荐5股,中泰证券
2018-09-01,【民生策略】周期支撑A股上半年业绩，中小创业绩回落——A股2018年半年报分析,策略研究猿
2018-09-01,【太平洋机械】行业点评： 油服板块逻辑转变，强政策背书下的高确定性机会,太平洋机械大讲堂
2018-08-31,【安信机械】公司快报-中海油服：海油市场底部复苏，Q2业绩环比扭亏为盈,--
2018-08-31,【机械】油服行业：油服大底反转，配置时机来临,中银国际证券研究
2018-08-30,【异动股】油服板块表现活跃 金虹控股(000669-CN)涨停,财华社
2018-08-30,闷声上涨一板块赚钱效应不输5G 机构高呼：大底反转配置良机,证券时报网
2018-08-30,库存下降超预期支撑油价高位 油气股值得关注,证券之星
2018-08-30,快讯：采掘服务板块高开高走 中矿资源大涨超7%,新浪
2018-08-29,机械：当前是布局油服及设备投资的好时机,太平洋证券
2018-08-28,[增持评级]机械设备行业周报：油服：板块性大机会!国家能源安全+业绩拐点初显! 工程机械龙头：中报业绩靓丽 持续力推!,中财网
2018-08-28,机械行业:国企改革迎来催化 多家机械制造企业入选“双百企业”,联合钢铁网
2018-08-28,8月28日券商晨会研报汇编,证券日报
2018-08-28,【机械】王华君、许忠海（联系人）、朱荣华：油服行业深度：国家能源安全！板块性大机会！20180827,中泰证券研究所
2018-08-28,机械行业:浙江鼎力,信达证券
2018-08-27,机械制造：下半年海洋油服行业景气度有望进一步提升 荐9股,中信建投
2018-08-26,[买入评级]中海油服(601808)中报点评：二季度单季盈利拐点渐显 明后年业绩弹性大,中财网
2018-08-25,中字头股大单扫货人气飙升 长线机构布局14只个股,证券日报
2018-08-23,[中性评级]中海油服(601808/02883.HK)中报点评：2Q18业绩符合预期;复苏缓慢 维持中性,中财网
2018-08-23,中海油服上半年亏损收窄不派息 A股挫2.6％ 亏损,经济通
2018-08-23,中海油服（601808）：需求复苏，价格待启动【天风石化张樨樨团队】,樨樨和她的油气小伙伴
2018-08-23,【天风石化】中海油服：19Q3业绩小幅超预期，钻井平台使用率持续提升,樨樨和她的油气小伙伴
2018-08-23,【石化】中海油服：需求复苏，价格待启动,天风研究
2018-08-23,中海油服：2018年半年度主要财务指标,上交所
2018-08-23,中海油服：2018年董事会第三次会议决议公告,上交所
2018-08-22,中海油服：2018年前三季度业绩报告预告,上交所
2018-08-22,中海油服：上半年亏损同比收窄净亏3.75亿元 亏损,Wind
2018-08-22,采掘服务板块早盘拉升走高 仁智股份上涨逾3%,中国经济网
2018-08-21,天然气设备业绩大年订单满满 多只股可以关注,证券之星
2018-08-20,【机械】王华君、朱荣华：国家能源安全：海油、页岩气边际增量弹性大！20180819,中泰证券研究所
2018-08-18,油服：从全球三巨头财报，看全球油服景气持续向上【中泰机械 王华君团队】,中泰机械
2018-08-17,浙商证券：油价托底、政策加持 油气产业链投资高峰将至,证券时报网
2018-08-17,[看好评级]机械行业点评：国企改革迎来催化 多家机械制造企业入选“双百企业”,中财网
2018-08-17,[看好评级]油服行业专题报告一(专用设备行业)：油价托底、政策加持 油气产业链投资高峰将至,中财网
2018-08-16,油气板块早盘集体回调 通源石油跌逾4%领跌,中国经济网
2018-08-15,华龙证券：市场短线重心上移 反弹行情有望持续,华龙期货
2018-08-15,反复磨底 新的反弹正在酝酿,中金在线
2018-08-15,化工行业日报：7月化学原料和制品制造业增加值增长3.5%,中财网
2018-08-15,巨丰投顾：市场反弹仍有高点 紧盯一类股,巨丰财经
2018-08-15,浙商早班车2018.08.15,浙商证券研究所
2018-08-14,【解盘论市】机构：三季度创业板指数大概率会上升,Wind
2018-08-14,沪深两市周二震荡盘整 中海油服涨逾4%,股城网
2018-08-14,五大机构预测明日走势 新反弹正在酝酿,中金在线
2018-08-14,8月14日突破半年线个股乖离率排名一览表 今日32只A股价格突破半年线,股城网
2018-08-14,容维证券刘思山：股市没有大的下跌空间 正在反复磨底,中金在线
2018-08-14,十大机构预测明日大盘走势 震荡整理何时终结？,证券之星
2018-08-14,中海油服油田生产事业部破解稠油油田低产难题,科技日报
2018-08-14,8月14日复盘：缩量后的演变 主力重点出击10股(名单),新浪
2018-08-14,涨停板复盘：创业板指跌近1% 两市成交量创半年新低,新浪
2018-08-14,巨丰收评：短线重心向上 反弹仍有高点,巨丰财经
2018-08-14,国家能源安全要求加大油气勘探开发！板块性投资机会有望到来！,顶尖财经网
2018-08-14,沪深两市低位震荡二胎概念股逆市活跃,搜狐
2018-08-14,三大股指早盘宽幅震荡 创业板跌逾1%,股城网
2018-08-14,8月14午间策略：延续震荡整固 热点轮动关注量能,中证网
2018-08-14,能源行业走强,红周刊
2018-08-14,巨丰午评：大盘缩量整固 周期股接力上行,巨丰财经
2018-08-14,午评：创指下跌逾1%沪指跌0.50% 采掘服务再度崛起,新浪
2018-08-14,快讯：油服概念股再度崛起 海油工程涨逾4%,中国经济网
2018-08-14,快讯：采掘服务板块再度崛起 中矿资源领涨,新浪
2018-08-10,专家诊股：中国铁塔宜中长线投资 石油股可先行套现,金融界
2018-08-09,A股再演绝地反击：创业板盘中涨逾4%，计算机板块掀涨停潮,澎湃新闻
2018-08-09,石油天然气行业热点速评：中国宣布推进能源自足战略 利好油服公司,中财网
2018-08-09,化工行业日报：OECD：全球每年产生3亿吨塑料垃圾,中财网
2018-08-09,巨丰早评：政策利好再次降临,巨丰财经
2018-08-08,股市震荡筑底将是大概率事件,中财网
2018-08-08,各机构明日大盘走势预测观点分析汇总（8月8日）,南方财富网
2018-08-08,基建仍为市场热点 弱势行情下把握主旋律,中财网
2018-08-08,可燃冰居板块涨幅榜前列,红周刊
2018-08-08,收评：创指遭重挫沪指跌1.27% 采掘服务领涨,新浪
2018-08-08,巨丰收评：反弹成果回吐殆尽,巨丰财经
2018-08-08,采掘服务、水泥板块涨幅榜前列,红周刊
2018-08-08,沪指震荡整理 创业板指跌近1%,中财网
2018-08-08,巨丰午评：大盘缩量整理 石油板块风光无限,巨丰财经
2018-08-08,第四桶油中化能源即将在港上市 石油股值得关注,证券之星
2018-08-08,能源设备板块走强 石化机械等3股涨停,证券时报网
2018-08-08,联讯证券：沪指小双底若形成则剑指3139点,联讯证券
2018-08-08,巨丰热点：国际油价反弹刺激石化油服板块继续活跃,巨丰财经
2018-08-08,油服板块持续拉升,证券之星
2018-08-08,石油化工股延续强势 六国化工等盘中涨停,证券时报网
2018-08-08,中海油服涨停，报10.36元,腾讯网
2018-08-08,油服板块逆势活跃，通源石油冲击涨停,Wind
2018-08-08,市场做多氛围回暖 基建消费大科技等三大板块被看好,广州日报
2018-08-08,巨丰早评：反弹高度需看量能,巨丰财经
2018-08-07,巨丰收评：市场呈现普涨格局,巨丰财经
2018-08-07,三大股指V型反转沪指涨2.74% 采掘服务领涨,新浪
2018-08-07,油服板块高开高走背后，这一超级亮点力保产业三年高增长,Wind
2018-08-07,午间机构策略：两市迎来V型逆转 短期或有反弹行情,证券时报网
2018-08-07,巨丰午评：大盘V型反弹,巨丰财经
2018-08-07,午评：三大股指集体反弹沪指涨1.43% 采掘服务领涨,新浪
2018-08-07,油气板块早盘全线走强 3股涨停,经济日报
2018-08-07,股市快讯：采掘服务板块盘初拉升 通源石油涨停,中国经济网
2018-08-07,快讯：采掘服务板块持续走强 贝肯能源强势封板,新浪
2018-08-07,快讯：可燃冰板块高开高走 天科股份直线封涨停,新浪
2018-08-06,【机械】王华君、许忠海（联系人）：油服：从全球三巨头财报，看全球油服景气持续向上-20180805,中泰证券研究所
2018-08-05,机械制造：坚定战略推荐油服及半导体设备板块 荐5股,中泰证券
2018-08-02,金融人zuì重要的两件事：吻到心上人，找到对的投资标的,并购优塾
2018-07-31,[推荐评级]机械设备行业周报：消费夯实中国经济高质量发展根基 看好新消费设备,中财网
2018-07-31,建筑装饰行业跌幅最大,红周刊
2018-07-31,午评：两市宽幅震荡沪指跌0.03% 采掘服务板块崛起,新浪
2018-07-31,7月31日早间行业热点聚焦,中证网
2018-07-31,化工行业日报：上半年化工行业增加值同比增长3.6%,中财网
2018-07-30,重磅人事！杨华任中化能源董事长,慧聪网
2018-07-30,[增持评级]机械设备行业周报：稳内需、扩基建持续升温 力推工程机械龙头!战略推荐油服、半导体设备龙头,中财网
2018-07-27,化工行业日报：全球翻新胎市场有望年均增长近5%,中财网
2018-07-25,7月25日券商晨会研报汇编,证券日报
2018-07-24,石油天然气行业调研纪要：油服行业复苏途中;下半年业绩有望集中释放,中财网
2018-07-24,化工行业日报：TPC明年初将建世界级裂解装置和石化工厂,中财网
2018-07-24,"机械设备行业周报:工业互联网再迎政策利好,持续看好消费属性设备投资机会",国海证券
2018-07-20,7月20日券商晨会研报汇编,证券日报
2018-07-20,化工行业日报：中国首船亚马尔LNG经北极航道运抵江苏,中财网
2018-07-18,新书上线！神不知鬼不觉，财务数据大变！这些会计准则不搞懂，摆脱不了韭菜命运！,并购优塾
2018-07-18,油服与设备行业周报：继续推荐杰瑞股份等业绩优异标的,中财网
2018-07-17,新书上线！仔细研究完这些会计调节案例，你就是财务分析大神！,并购优塾
2018-07-17,国产“海途”装上物探船,科技日报
2018-07-17,7月17日券商晨会研报汇编,证券日报
2018-07-17,化工行业日报：6月我国原油生产同比下降2.3%,中财网
2018-07-17,石油化工行业周报：油价回升但地缘政治风险仍存,中财网
2018-07-17,"机械设备行业周报:扩大内需成为下半年战略基点,持续看好新消费板块设备投资机会",国海证券
2018-07-16,优塾新书上线！看完这万字总结，你的投资要成精！,并购优塾
2018-07-13,化工行业日报：辽宁出台危化品企业搬迁改造方案,中财网
2018-07-12,机械行业周报：国务院印发《打赢蓝天保卫战三年行动计划》 天然气勘探开发将进入增长通道,中财网
2018-07-12,国内首套自主研发海上三维地震导航系统装上物探船,国资委
2018-07-11,天津上市公司员工均薪竟然赢了北上广深,投资时报
2018-07-11,化工行业日报：化学原料和制品制造业出厂价格同比上涨8.3%,中财网
2018-07-10,【异动股】油服板块尾盘拉升 宏达矿业(600532-CN)涨停,财华社
2018-07-10,化工行业日报：埃萨石油完成炼油厂扩能改造项目,中财网
2018-07-09,[增持评级]机械设备行业周报：中报预增季 力推油服龙头、工程机械龙头、半导体设备等,中财网
2018-07-09,采掘服务早盘集体走强 潜能恒信等涨停,中国经济网
2018-07-08,新书上线！仔细研究这些会计调节案例，进阶财务分析大神！,并购优塾
2018-07-06,中海油服跌1.77%，创年度新低，报8.90元,腾讯网
2018-07-06,机械行业周报：从特朗普要求沙特增加原油产量看原油供需平衡变化,中财网
2018-07-04,神不知鬼不觉，财务数据大变！这些会计准则不搞懂，摆脱不了韭菜命运！,并购优塾
2018-07-04,7月4日券商晨会研报汇编,证券日报
2018-07-03,[推荐评级]油气钻采服务行业重大事项点评：供需向好叠加多方博弈助推油价上涨 看好油服行业景气上行,中财网
2018-07-03,五大券商周三看好6板块50股,证券之星
2018-07-03,【金融工程】唐军：中泰金工事件驱动周报主营产品涨价及冷门股效应-20180702,中泰证券研究所
2018-07-03,"机械设备行业周报:短期原油供给短缺预期提升,持续看好超跌优质标的",国海证券
2018-07-02,不寒而栗！不会分析这些会计调节问题，你将永远摆脱不了韭菜命运,并购优塾
2018-07-02,我国全球头次试开采可燃冰成功 可燃冰概念股有哪些?,南方财富网
2018-06-29,新书上线！别再纠结没有好的投资标的了，金融人升职加薪要靠它,并购优塾
2018-06-29,等了十年，就看这波！高油价运行之下，油服行业春天要来了！,上海有色
2018-06-28,快讯：油气板块盘初集体走强 中矿资源涨停,中国经济网
2018-06-28,国际原油期货价格创新高 石油化服板块逆势走强,证券时报网
2018-06-28,港股异动︱国际原油大涨 中石化(00386)领涨“三桶油”,智通财经
2018-06-28,【川财研究*每日晨报】20180628：规模以上工业企业利润继续回升,川财研究
2018-06-28,【川财研究*每日复盘】20180627： 中小板机械行业二季度盈利增速领先,川财研究
2018-06-28,[中性评级]中海油服(601808/02883.HK)调研纪要：实现战略转型前面临成本压力;维持中性,中财网
2018-06-27,午评：沪指宽幅震荡跌0.45% 纺织和造纸板块逆市活跃,新浪
2018-06-27,石油板块领涨 惠博普封涨停板,腾讯网
2018-06-27,中海油服：油价上行 海上油服龙头复苏将至,川财证券
2018-06-26,[增持评级]机械设备行业周报：OPEC协议好于预期 油价大涨;持续战略看好油服!力推工程机械龙头、优质成长股,中财网
2018-06-26,[增持评级]油气装备与服务行业点评报告：油服：OPEC维也纳会议好于预期 油价大涨战略看好油服 力推杰瑞股份等,中财网
2018-06-26,"机械设备行业周报:央行降准释放流动性,看好超跌优质标的",国海证券
2018-06-25,优塾新书来了！只有吃透会计准则，才能玩转更高级的财务分析！,并购优塾
2018-06-25,沪指高开回落涨0.17%,红周刊
2018-06-25,午评:沪指涨0.17%创业板指涨0.86% 债转股概念股爆发,新浪
2018-06-25,巨丰热点：国际油价上涨刺激油服股走强 惠博普盘中涨停,巨丰财经
2018-06-25,快讯:产油国决定增加原油产量 采掘服务板块早盘走高,新浪
2018-06-25,快讯：油气概念股早盘全线走强 惠博普涨停,中国经济网
2018-06-25,快讯：采掘服务快板早盘早盘走高 惠博普涨停,新浪
2018-06-24,会计调节手段无处不在！搞懂这个，你的财务分析才能进入高级水平！,并购优塾
2018-06-21,机械行业:本周暂停,信达证券
2018-06-20,申万宏源：油价中枢上行对石油开采板块形成利好,顶尖财经网
2018-06-18,让你的财务分析进入高阶水平！如何利用会计准则调节业绩，必须看懂！,并购优塾
2018-06-15,"【申万石油化工】市场恢复供需平衡,静待月底OPEC减产结果——6月国际原油价格跟踪点评",微信
2018-06-14,神不知鬼不觉，财务数据大变！这些会计准则不搞懂，摆脱不了韭菜命运！,并购优塾
2018-06-14,券商看市：市场反复震荡磨底 中线不宜过度悲观,中证网
2018-06-14,6月国际原油价格跟踪点评：静待月底OPEC减产结果,顶尖财经网
2018-06-14,105只股即将实施分红（名单）,证券时报
2018-06-14,申万宏源：美联储上调加息次数至4次,中证网
2018-06-12,机械设备行业周报:持续关注核心零部件国产化投资机会,国海证券
2018-06-11,[增持评级]机械设备行业周报：5月挖掘机销量增71% 坚定推荐工程机械龙头战略看好油服、半导体设备、机器人、军民融合,中财网
2018-06-10,我们终于出新书了！会计准则，其实才能体现财务水平的更高境界！,并购优塾
2018-06-08,近七成A股公司中报业绩预喜，油服板块将持续向好,证券日报
2018-06-08,近七成A股公司中报业绩预喜油服板块将持续向好,证券日报
2018-06-07,中海油服：2017年年度权益分派实施公告,上交所
2018-06-07,"机械行业:中石油发布低碳发展路线图,天然气将成清洁能源主力",中证网
2018-06-04,"机械设备行业周报:自主可控进程加速,关注机器人板块投资机会",国海证券
2018-05-31,巨丰热点：国际油价大涨刺激油服股走强,巨丰财经
2018-05-31,快讯：采掘服务板块早盘崛起 惠博普涨停,中国经济网
2018-05-31,黑色周三 大盘狂泻2.53%主动股基97%在下跌,金融界
2018-05-31,"机械行业周报:油服行业不改复苏趋势,继续看好半导体制程设备国产化、工业基础件国产化",证券之星
2018-05-30,[推荐评级]机械行业周报：发改委推出居民用气价格改革方案 油气开发有望受益,中财网
2018-05-30,银河证券晨会纪要-180530,银河证券
2018-05-28,专家:美国本周非农数据倘强劲 6月势加息,中泰金融国际
2018-05-28,今日午评：三大股指全线探底回升 世界杯概念抢眼,中财网
2018-05-28,油服行业：油价短期回调不改中长期趋势力推杰瑞股份等,顶尖财经网
2018-05-28,[增持评级]机械设备行业周报：油价短期波动不改中长期趋势 持续战略看好油服!力推半导体设备、机器人、军民融合!,中财网
2018-05-28,【异动股】石油板块全线下挫 仁智股份(002629-CN)跌超6%,财华社
2018-05-28,快讯：石油化工板块持续下挫 中油工程跌近6%,新浪
2018-05-28,石油化工板块开盘小幅下跌,证券之星
2018-05-28,[推荐评级]通用机械行业周报：工程机械和油气产业链仍处于偏底部位置,中财网
2018-05-25,【异动股】石油板块跌幅居前 通源石油(300164-CN)跌超3%,财华社
2018-05-25,【太平洋证券?今日早读】医药-鱼跃医疗首次覆盖点评|策略：五重因素掣肘A股情绪|机械行业、鱼跃医疗深度报告（20180525）,太平洋证券研究
2018-05-25,机械行业:中航光电,信达证券
2018-05-24,[看好评级]机械行业深度报告：弱化短期波动 布局2-3年油服及设备上升通道,中财网
2018-05-24,中海油服：5月23日融资余额为4.87亿元，较前一日骤增6.88%,Wind资讯
2018-05-23,腾讯证券研究院|油价上涨板块异动，历史数据告诉你如何“趋利避害”,腾讯网
2018-05-23,沪深300成分股将迎调整 32股潜在受益,大众证券报
2018-05-22,[增持评级]石油化工行业跟踪报告：中美能源合作有望进一步提升,中财网
2018-05-21,机械制造：布油一度破80美元 荐3股,中泰证券
2018-05-21,【太平洋证券?今日早读】医药行业点评|策略-估值跟踪：通胀预期兑现中|必康股份公司点评|中航资本深度报告（20180521）,太平洋证券研究
2018-05-19,烈“油”燎原 “中石油”都坐不住了 如何选择合适标的？,证券之星
2018-05-19,股指下探回升下周将临大考,产经新闻
2018-05-18,5月18日晚间利好消息汇总,证券时报网
2018-05-18,巨丰投顾：石油、金融板块力挽狂澜,巨丰财经
2018-05-18,图说涨停：石油板块涨停潮 指数下跌空间已被封杀,证券之星
2018-05-18,涨停板解密：石油、页岩气相关股掀涨停潮！（5月18日）,Wind
2018-05-18,油服板块爆发：中石油大涨7.33%，沪指兵临3200点,澎湃新闻
2018-05-18,午后大盘强势反转 一现象暴露主力行踪,证券之星
2018-05-18,涨停板复盘：沪指午后探底回升 煤炭油服板块大热,新浪
2018-05-18,5月18日大盘收评：油服概念股活跃 沪指冲击3200点,新浪
2018-05-18,收评：三大股指下探回升沪指涨1.24% 油服板块领涨,新浪
2018-05-18,两市午后强势反弹 采掘服务石油矿业开采涨幅居前,金融界
2018-05-18,安东油服飙14％ 巴克莱上调油价预测,经济通
2018-05-18,两桶油缘何强势拉升，一关键因素将决定后市,证券之星
2018-05-18,5月18日股市午评：可燃冰股票领涨 沪指小幅上调,新浪
2018-05-18,布伦特原油冲破80美元 是时候重新审视这些行业了（附股）,证券时报网
2018-05-18,【早盘播报】题材股表现亮眼 个股上再现“妖股”,每日经济新闻
2018-05-18,快讯：油服板块早盘异动拉升 中油工程涨超5%,新浪
2018-05-18,5月18日券商晨会研报汇编,证券日报
2018-05-18,【晨会聚焦】行业：前四月份新能源汽车用了多少钴和锂？个股：金雷风电，科锐国际,中泰证券研究所
2018-05-18,[看好评级]机械行业点评报告：地缘因素继续催化油价上涨 继续看好油服行业积极变化,中财网
2018-05-17,[推荐评级]机械行业周报：6家A股机械设备公司纳入MSCI指数 相关板块及公司有望受益,中财网
2018-05-16,申万宏源：推荐资源储量 受益油价上涨的弹性标的,金融界
2018-05-16,申万宏源：石油化工业景气程度有望维持,中证网
2018-05-15,中国第六代深水半潜式钻井平台将赴俄作业,中新网
2018-05-15,"化工行业:供需与制裁双重预期,全球能源产品供给紧张",国联证券
2018-05-14,[增持评级]机械设备行业周报：战略看好油服!持续看好半导体设备、机器人、军民融合,中财网
2018-05-14,[中性评级]化工行业周报：供需与制裁双重预期 全球能源产品供给紧张,中财网
2018-05-14,【石化】上游+油服：美国制裁伊朗打响发令枪，如何选择最合适的标的？,天风研究
2018-05-11,快讯：油气概念股早盘集体回调 石化机械领跌,中国经济网
2018-05-11,5月11日券商晨会研报汇编,证券日报
2018-05-11,机构预测19股今年业绩有望增长超10倍,证券时报
2018-05-11,油价上涨推动油服行业复苏,中证报
2018-05-10,A股头条之上市公司公告精选（5.11）,金融界
2018-05-10,上市公司晚间重要公告（更新中）,金融界
2018-05-10,中海油服(02883-HK)收到1694万元政府补助款,财华社
2018-05-10,[强于大市评级]深度*行业*机械行业周报：对标中国制造2025 强烈推荐国产化中的半导体设备和工业基础件,中财网
2018-05-10,[中性评级]化工行业周报：纯碱、聚MDI等涨幅居前 关注连云港化工区关停情况,中财网
2018-05-10,国际油价节节高，A股刮起炒油风,钱江晚报
2018-05-10,美油突破70美元重要关口 七股必被战略看好,证券之星
2018-05-10,[推荐评级]机械行业周报：1-4月挖掘机销量仍保持快速增长 继续看好油气行业复苏,中财网
2018-05-10,快讯：采掘服务板块盘初拉升 仁智股份涨停,中国经济网
2018-05-10,石油板块持续上涨 两股封涨停,腾讯网
2018-05-10,【实战传真】热点追踪：油价持续上涨，关注油服受益产业链板块,国元财富管理
2018-05-10,场内热点持续有限资金做多热情不足 谨慎操作,巨丰财经
2018-05-10,国际油价飙升激发石油板块潜能社保等四机构持21只个股,顶尖财经网
2018-05-10,周四股市或将这样走！,中财网
2018-05-10,国际油价飙升激发石油板块 六股投资正当时,证券日报
2018-05-10,页岩气产业链发展提速 3只龙头股涨停板块热度骤升,证券日报
2018-05-09,国际油价大涨，石油股终于沸腾了，原来真正受益的是它们！,每日经济新闻
2018-05-09,揭秘涨停板：3股封涨停！油价大涨引爆石油板块,腾讯网
2018-05-09,涨停板复盘：三大股指全线收跌 油气板块集体大涨,新浪
2018-05-09,3股封涨停板 A+H石油板块飙涨,腾讯网
2018-05-09,横盘震荡沪指下跌0.07% 石油相关概念领涨,腾讯网
2018-05-09,巨丰收评：大盘仍处于超跌反弹周期,巨丰财经
2018-05-09,油服股升幅扩大 中海油服涨近半成华油能源飙13%,新浪
2018-05-09,[增持评级]机械设备行业周报：工程机械4月保持高增长 持续看好核心技术设备龙头,中财网
2018-05-09,油服板块高开高走 中短线的油价仍将高位运行,股城网
2018-05-09,午评：股指试探重要支撑点 回踩后有机会,中金在线
2018-05-09,巨丰午评：股指回踩重要支撑点,巨丰财经
2018-05-09,午评：沪指探底回升翻红涨0.06% 海南板块卷土重来,新浪
2018-05-09,国际形势风云突变“点燃”油价 油服行业回暖曙光显现,天天基金网
2018-05-09,[增持评级]机械设备行业周报：美油逼近70美元大关 关注中东局势 战略看好油服!持续看好半导体设备、机器人、军民融合,中财网
2018-05-09,国际油价格上涨创三年来的新高 概念股聚焦,证券之星
2018-05-09,石油板块走强 仁智股份涨停,中国经济网
2018-05-09,国泰君安：对外开放送春风 龙头券商强者恒强,中证网
2018-05-09,两市小幅回调 石油板块大涨1.36%,腾讯网
2018-05-09,快讯：石油板块高开高走整体涨超2% 两桶油涨近2%,网易
2018-05-09,[增持评级]石油与天然气行业专题研究：地缘政治风险上升背景下的油服行业投资框架,中财网
2018-05-09,巨丰热点：美重启伊朗制裁或引油价反弹 石油板块盘中活跃,巨丰财经
2018-05-09,国内原油期货刷新上市以来新高 AH股石油板块飙涨,腾讯网
2018-05-09,油服板块高开高走 仁智股份涨近6%,每日经济新闻
2018-05-09,快讯：两桶油概念板块高开高走 石化机械大涨近5%,新浪
2018-05-08,[路演]中海油服：预计全年的收入将有所上涨,全景网
2018-05-07,石油化工行业周报：涤纶价格上涨 关注伊朗地缘变化,中财网
2018-05-07,原油价格上升推动石油板块大涨 恒泰艾普封板,腾讯网
2018-05-07,石油化工采掘股 春天来了？,新金融观察
2018-05-03,"中海油服事件点评:作业量持续回升,短期成本压力增加",国海证券
2018-05-02,沪深两市双双高开 券商概念股全线飘红,股城网
2018-04-30,港股半日总结：恒指升458点国指升2%中资金融股造高,理财18
2018-04-27,中海油服(02883-HK)一季度亏损增至6.51亿元,财华社
2018-04-23,[增持评级]石化行业数据周报20180422,中财网
2018-04-23,[推荐评级]油气产业链系列深度报告三：“不可能三角”下资本开支必然提升,中财网
2018-04-20,国际油价创三年多新高 四主线掘金受益标的,金融界
2018-04-20,古中人：宏观经济改善 石油医疗股可吼,金融界
2018-04-20,4月20日券商晨会研报汇编,证券日报
2018-04-20,银河证券晨会纪要-180420,银河证券
2018-04-20,第一上海叶尚志：大市成交量是现时重要观察指标,金融界
2018-04-20,国际原油价格创近三年半新高 四主线掘金受益股,证券日报
2018-04-19,沪指涨近1%重回3100点 航空板块强势领涨,搜狐
2018-04-19,19日潜力排行榜居前的板块(附股),证券之星
2018-04-19,可燃冰概念早盘持续活跃 中海油服涨5%,中国经济网
2018-04-19,石油板块表现活跃 中国石油、中国石化涨逾1%,证券时报网
2018-04-19,油气板块逐渐走强，山东墨龙直线封板,Wind
2018-04-17,油服行业深度报告：油价企稳 油服行业凤凰涅磐,中财网
2018-04-17,[优于大势评级]机械设备行业周报：一季度挖机销量和业绩超预期加持 重点关注工程机械结构性行情,中财网
2018-04-17,[增持评级]机械设备行业周报：油价大涨 战略看好油服!力推杰瑞股份!持续推荐半导体设备 力推机器人(300024)等!,中财网
2018-04-17,石化行业日报：原料收集及成本制约生物柴油发展,中财网
2018-04-17,"2018年4月国际原油月报跟踪点评:地缘政治因素发酵推升油价,供需基本面支撑强劲",申万宏源
2018-04-16,机械制造：油价大涨 荐10股,中泰证券
2018-04-16,[看好评级]石油化工行业2018年一季度业绩前瞻：油价向上趋势逐步确立 石化上游迎来复苏,中财网
2018-04-15,[推荐评级]通用机械行业周报：工程机械业绩超预期 智能装备需加强关注,中财网
2018-04-12,港股全日总结：恒指回吐66点，三万一关遇阻，油股逆市扬,理财18
2018-04-12,港股半日总结：恒指回吐69点，车股造淡，油股逆市扬,理财18
2018-04-12,[推荐评级]油气钻采服务行业快评：油价中枢上移 看好油服行业结构性增长,中财网
2018-04-12,[看好评级]机械行业点评：油服及设备行业拐点已确立 建议积极关注,中财网
2018-04-12,国际原油价格维持强势格局 相关概念股机会仍存,金融界
2018-04-11,沪指三连阳收复3200点 午后再现诡异一幕,证券之星
2018-04-11,黄金、军工板块逆势走高,红周刊
2018-04-11,染料行业迎来涨价潮,顶尖财经网
2018-04-11,知识产权保护概念爆发,红周刊
2018-04-11,沪深两市携手反弹 但一类股需坚决回避,证券之星
2018-04-11,快讯：石油行业板块走强 龙宇燃油领涨,中国经济网
2018-04-11,石油化工板块开盘活跃,证券之星
2018-04-11,巨丰热点：国际油价大幅上涨 石油股盘中走强,巨丰财经
2018-04-11,国际原油价格接近新高 油服设备业景气望回升(受益股),金融界
2018-04-10,油服业“冬眠”苏醒了吗,航运交易公报
2018-04-09,[增持评级]机械设备行业周报：持续推荐半导体设备 力推机器人(300024)等!挖掘机3月销量大增79% 周期预期差较大,中财网
2018-04-09,【快讯】油服概念股异动拉升,每日经济新闻
2018-04-09,快讯：油服概念股异动拉升 石化机械等个股涨停,新浪
2018-04-08,四成公司业绩亮相，增速创下7年新高！一季报也来了，63股预增超300%,和讯
2018-04-08,[增持评级]石油化工行业专题报告：原油：从供需看油价,中财网
2018-04-04,页岩气领域获政策红包 哪些页岩气概念股或将受益？,证券日报
2018-04-04,油气装备与服务：页岩气减税！页岩气压裂设备力推龙头,顶尖财经网
2018-04-04,页岩气概念高开 石化机械一字涨停,金融界
2018-04-04,页岩气领域获政策“红包” 四股迎利好腾飞在即,中财网
2018-04-04,4月4日券商晨会研报汇编,证券日报
2018-04-03,石化行业日报：巴西售出22个区块募资24亿美元,中财网
2018-04-03,石油化工行业周报：一季度油价涨23%有助于支出落地,中财网
2018-04-02,入选智能制造试点名单的上市公司中，16家已发布年报，有何看点？,证券时报网
2018-04-02,"海油工程事件点评:业绩符合预期,将充分受益中海油资本开支大增",国海证券
2018-04-01,石化行业日报：上周EIA原油库存增加164万桶,中财网
2018-03-31,三月创业板指创两年最大月涨幅 四月机构扎堆看好银行等四行业,中财网
2018-03-31,逾半数采掘股被机构看好 六股业绩优良蓄势待发,证券日报
2018-03-30,券商评级:创业板大涨3%站上1900点 9股掘金,证券之星
2018-03-30,"中海油服事件点评:四大板块全面复苏,毛利率改善略超预期",国海证券
2018-03-29,【华创机械】每日公告速递2018-03-29,华创机械
2018-03-29,中海油服：2018年或受益中海油资本开支大增 买入评级,和讯
2018-03-29,[买入评级]中海油服(601808)年报点评：2017年扭亏为盈;2018年或受益中海油资本开支大增,中财网
2018-03-29,[中性评级]中海油服(601808/02883.HK)年报点评：经营现金流超预期,中财网
2018-03-29,[中性评级]海油工程(600583)年报点评：复苏早期,中财网
2018-03-28,中海油服：2017年年报业绩扭亏为盈,证券时报网
2018-03-28,“三桶油”年报悉数亮相 油气产业链业绩回暖,中证报
2018-03-27,中海油服：2017年净利同比实现扭亏为盈,e公司
2018-03-27,中海油服：2017年业绩同比扭亏净利为3306.71万元,Wind
2018-03-27,沪深上市公司18年3月28日重大事项交易提示速递,搜狐
2018-03-27,95家公司明日公布年报 17家预增翻倍,中金在线
2018-03-25,机械制造：关注上海原油期货推出 荐10股,和讯
2018-03-25,【申万石油化工周评论】——油价上涨、乙烯价差扩大,微信
2018-03-22,3月22日晚间重要行业研究汇总(附股),中金在线
2018-03-22,新零售概念强势崛起,红周刊
2018-03-22,快讯：沪指跌0.81% 石油新零售概念走强,红周刊
2018-03-22,无人零售全线暴涨,红周刊
2018-03-22,今日午评：加息对上证50有冲击 创业板上演强者恒强,中财网
2018-03-22,快讯：国改概念股拉升 中成股份实现六连板,新浪
2018-03-22,石油板块异动 大庆华科涨停,每日经济新闻
2018-03-22,沪深两市周四小幅高开 风险偏好仍有望继续上修,股城网
2018-03-22,天津自贸区概念逐渐强势，中海油服涨逾6%,Wind
2018-03-22,石油板块快速走强 大庆华科涨停,证券时报网
2018-03-22,美联储今年首度加息 A股石油、有色板块高开,e公司
2018-03-22,3月22日券商晨会研报汇编,证券日报
2018-03-22,【机械】王华君、许忠海（联系人）、朱荣华（联系人）：油气装备与服务行业深度：战略看好油服！2018-2020景气向上-0322,中泰证券研究所
2018-03-20,石油化工行业周报：本周油价持平但预期有所改善,中财网
2018-03-19,[强于大市评级]机械设备行业研究周报：新制造独角兽知多少?工程机械高增长与开工量低预期相背离,中财网
2018-03-19,[看好评级]2018年3月国际原油月报跟踪点评：需求向好 推动市场再平衡,中财网
2018-03-18,【华创机械李佳团队】机械行业2018第11周周报：IEA预计石油需求加速增长，工信部促加强工业质量建设,华创机械
2018-03-18,机械制造：聚焦优质成长 荐10股,中泰证券
2018-03-16,中国第六代深水半潜式钻井平台在大连交付,中新网
2018-03-15,【川财研究*每日复盘】20180314：春季行情未完，继续关注优质成长,川财研究
2018-03-14,[强于大市评级]深度*行业*机械行业周报：迎接新时代 机械多板块存在配置新机遇,中财网
2018-03-14,机械行业：周期成长共舞,东吴证券
2018-03-12,油价急涨 中石化中海油升逾2%后者获中金续吁买,新浪
2018-03-12,石油化工行业周报：IEA称未来油气需求来自石化产品,中财网
2018-03-12,"机械行业2017年年报:周期成长共舞,2018年景气将持续",东吴证券
2018-03-11,【申万石油化工周评论】——库存与需求的博弈 与2017年行情对比及后市展望,微信
2018-03-11,汽车：战略看好油服及锂电及半导体设备与工业互联网 荐10股,中泰证券
2018-03-09,把握工业互联网战略性投资机遇 六股高歌猛进,证券之星
2018-03-07,【晨会聚焦】1-2月数据前瞻与投资机会,中泰证券研究所
2018-03-06,[增持评级]机械设备行业点评：制造业减税：利好高端装备,中财网
2018-03-06,[买入评级]中海油服(601808)深度报告：中海油资本开支大幅提升 公司业务全面复苏,中财网
2018-03-06,西门子助力大船海工“海洋石油982”钻井平台DP3闭环短路试验一次成功,搜狐
2018-03-05,[领先大市-A评级]石油石化行业动态分析：油气行业业绩好转 龙头受益重点关注,中财网
2018-03-05,[增持评级]机械设备行业周报：把握工业互联网、油服战略性投资机遇坚守“大国重器”-高端装备“核心资产”,中财网
2018-03-05,[增持评级]石化行业数据周报20180304,中财网
2018-03-05,[强于大市评级]机械设备行业研究周报：工业互联网：下一产业制高点临近,中财网
2018-03-05,机械制造：关注板块投资机会 荐8股,国海证券
2018-03-04,【华创机械李佳团队】机械行业二月月报：动力电池回收利用试点实施方案发布，大基金二期重磅来袭,华创机械
2018-03-04,业绩“地雷”连环爆炸 预亏原因花样翻新（附股）,红周刊
2018-03-04,【申万石油化工周评论】——检修季叠加需求回暖 预计石化后市走强,微信
2018-03-02,石化行业日报：1-2月渤海装备订单同比增长57.5%,中财网
2018-03-01,资源股快速下挫 有色金属领跌,证券时报网
2018-03-01,石化行业日报：新疆油田今年第一口井踏雪开钻,中财网
2018-03-01,中泰证券3月各行业观点及重点推荐标的-20180228,中泰证券研究所
2018-02-27,[增持评级]机械制造行业周报：围绕先进制造 建议增持高增速优质成长股,中财网
2018-02-27,券商首次关注5股并给予买入评级(2月27日),Wind
2018-02-27,【机械-中海油服(601808)】王华君、许忠海（联系人）：乘中海油资本支出大增东风，破冰再远航-20180226,中泰证券研究所
2018-02-26,基于年报业绩预告的产业债排雷与掘金,债市覃谈
2018-02-26,[增持评级]机械设备行业周报：战略重视油服、工业互联网优质标的预计3-4月工程机械销量数据靓丽,中财网
2018-02-26,[增持评级]机械设备行业研究：持续积极配置锂电设备 关注工业互联网主题性机会,中财网
2018-02-26,机械设备:把握下跌后成长和周期龙头的加仓机会,东吴证券
2018-02-26,机械设备行业研究周报：双积分政策影响开始显现 继续看好锂电龙头长期趋势,中财网
2018-02-25,A股上市现金分红大起底:30公司上市以来一分钱也不分,第一财经
2018-02-25,【华创机械李佳团队】机械行业2018第8周周报：陕西年内开工10个煤化工项目，工程机械企业引来开门红,华创机械
2018-02-23,[看好评级]2018年2月国际原油行业月报跟踪点评：美国原油产量激增 油市再平衡变数加大,中财网
2018-02-23,银河国际-交易机会:较大机会跟随大盘反弹的中盘股,正点财经
2018-02-20,杰瑞股份：行业复苏+积极转型，公司业绩有望触底反弹,南方财富网
2018-02-18,机构、股东、高管争相买入这些业绩暴增股,证券时报
2018-02-14,机构解析：节后热点板块及个股,中财网
2018-02-13,[中性评级]化工行业月度策略：油价高位震荡 关注高污染及高业绩增速标的,中财网
2018-02-12,东吴证券：把握机械设备龙头加仓机会,金融界
2018-02-12,方正证券丨一周聚焦0212-0216,方正证券研究
2018-02-11,[强于大市评级]机械设备行业研究周报：机械板块股票质押风险整体可控 须谨慎关注高质押率+突破平仓线个股,中财网
2018-02-11,机械制造：大幅回调提供买入良机 荐8股,国海证券
2018-02-11,【申万石油化工周评论】—— 油价下跌化工品仍显刚性 丙烷脱氢价差持续扩大,申万石油化工
2018-02-11,[中性评级]中海油服(601808/02883.HK)公司动态：新技术和海外发展正在重塑中海油服,中财网
2018-02-10,周策略：本周创数月最大跌幅 一点位是市场心理防线,中财网
2018-02-09,[看好评级]石油化工行业2017年年报业绩前瞻：上游盈利明显改善 下游景气维持高位,中财网
2018-02-09,开盘观察:美股暴跌影响A股全线低开 创业板表现坚挺,中财网
2018-02-08,港股复盘：结束五日连跌 恒指靠稳缩量回升,格隆汇
2018-02-08,沪指跌1.50%失守3300点，通信设备板块逆势上涨,搜狐
2018-02-08,油气股全面下挫，中国石化跌逾4%,Wind
2018-02-08,石化行业日报：去年石油和化工行业利润增速51%,中财网
2018-02-08,开盘观察:乐视网开板引发做多热情 各股指全线反攻,中财网
2018-02-07,[增持评级]深度*行业*机械行业周报：油服板块持续升温 迎来估值消化期,中财网
2018-02-06,[推荐评级]机械设备行业周报：油价预期乐观 看好油服装备行业,中财网
2018-02-06,石油化工行业周报：中石油获得威远区块新立采矿权,中财网
2018-02-06,【晨会聚焦】油服装备行业迎来价值投资机会,中泰证券研究所
2018-02-05,[领先大市-A评级]机械行业周报：聚焦优质成长标的 继续关注铁、工、油周期复苏,中财网
2018-02-05,[增持评级]油气装备与服务行业点评报告：战略重视油服-从主题投资迈向基本面投资!,中财网
2018-02-05,[推荐评级]机械设备行业周报：中海油2018计划资本支出显著增长 工程机械2017出口额首破200亿元,中财网
2018-02-05,[增持评级]机械制造行业周报：工程机械和油服行业继续向好 精选优质细分行业龙头,中财网
2018-02-05,机械制造：看好油服装备行业 荐6股,国海证券
2018-02-05,[强于大市评级]石油化工行业研究周报：业绩预告传递的信息-产业链复苏已轮动到上游,中财网
2018-02-05,[强于大市评级]油服装备行业研究周报：油价回升 行业拐点显现,中财网
2018-02-05,[推荐评级]机械设备行业周报：受市场情绪影响 机械指数大幅下跌,中财网
2018-02-05,[增持评级]石化行业数据周报：石化行业2017年报前瞻,中财网
2018-02-05,盘前参考:美国大跌或扰乱A股运行 关注乡村振兴概念,中财网
2018-02-05,巨丰早评：市场短线仍将承压,巨丰财经
2018-02-04,活跃钻井数创近期新高 油企开支提升利好油服股,e公司
2018-02-04,【川财研究*每日复盘】20180202：赚钱效应显著，市场情绪有望回暖,川财研究
2018-02-04,【东吴机械周观点】中海油capex增速40-60%，持续超配油服龙头；先进制造龙头进入价值区间，坚定看好【东吴机械陈显帆】,微信
2018-02-04,机械制造：预计3-4月销量有望超预期 荐10股,中泰证券
2018-02-03,业绩“地雷”连环爆炸 预亏原因花样翻新,全景网
2018-02-03,A股业绩“地雷阵”上市公司扎堆预亏,华夏时报
2018-02-02,【天风能源】Transocean电话会怎么看海外钻井市场？,樨樨和她的油气小伙伴
2018-02-02,沪深两市周五低开 5G概念小幅高开,股城网
2018-02-02,"机械行业2017年年报业绩前瞻:七成公司业绩预增,关注具有持续成长能力的板块",正点财经
2018-02-02,今日午评：创业板逆境展开反击上涨 大盘重回3400点,中财网
2018-02-02,两市探底回升，创业板指涨近1%,第一财经
2018-02-02,石油板块异动拉升 海油工程涨逾7%,证券时报
2018-02-02,能源板块表现抢眼，海油工程涨7%,Wind
2018-02-02,快讯：油气概念股早盘走强 安控科技涨停,中国经济网
2018-02-02,中海油服领涨可燃冰板块,证券之星
2018-02-02,【天风石化】中海油资本开支增长6-18%，油服景气持续上行,樨樨和她的油气小伙伴
2018-02-02,"石油化工产业链之油服行业点评:中海油18年提升资本支出,海上油服双雄受益",申万宏源
2018-02-01,中海油上调年度资本开支 油服板块迎订单机遇,e公司
2018-02-01,机构、股东、高管争相买入这些业绩暴增股,证券时报网
2018-02-01,中泰证券2月重点推荐标的,微信
2018-02-01,獐子岛：骗我一次算你狠 骗我两次是我蠢,新浪
2018-02-01,石化行业日报：上周API原油库存增加323万桶,中财网
2018-02-01,石化油服连亏两年恐面临退市 行业或迎拐点,证券日报
2018-01-31,【天风石化】油价：二次探底历史重演，蕴藏哪些机会？,樨樨和她的油气小伙伴
2018-01-31,港股复盘：大市转暖反弹 恒指本月大涨1成,格隆汇
2018-01-31,[看好评级]基础化工行业周报：农药原药、油服行业景气度有望继续提升,中财网
2018-01-31,孙宏斌愿赌服输后：乐视网预亏116亿 或成“亏损王”？,经济观察网
2018-01-31,集体跌停！N家上市公司连环炸 今天是什么日子？,中证报
2018-01-31,集体跌停！A股爆出N个上市公司连环炸 有人抢着亏损(名单),中证报
2018-01-31,石化行业日报：能源企业全球竞争力报告在京发布,中财网
2018-01-31,石化油服预亏106亿 将被戴上ST帽子,深圳商报
2018-01-31,"化工行业:油价维持高位,盐酸、双氧水等基础化工品涨价",上海证券
2018-01-30,收市必读：金山软件高位震荡回落 后市怎么看？,新浪
2018-01-30,石油增速新一轮加速期 两股或再次启动！,中财网
2018-01-30,海洋探索将迎新格局 近6亿资金涌入6只海工装备股,证券日报
2018-01-29,杰瑞股份：公司业绩有望触底反弹 买入评级,国海证券
2018-01-29,石化行业日报:上周EIA原油库存下降107万桶,正点财经
2018-01-29,中海油服:2018年复苏伊始,正点财经
2018-01-29,油价创两年新高 油服行业历经3年低谷拐点或已确立,证券时报网
2018-01-29,春节效应引爆6只白酒股 火电股有望补涨,银行信息港
2018-01-29,方正证券丨一周聚焦0129-0202,方正证券研究
2018-01-29,"杰瑞股份动态点评:行业复苏﹢积极转型,公司业绩有望触底反弹",国海证券
2018-01-29,"机械设备行业:布油站稳60美金,行业景气度实质性反转",东吴证券
2018-01-28,油价重回7时代 看看哪些油气股能让你赚回来,中证网
2018-01-28,机械制造：从油价上涨主题投资逐步迈向基本面投资 荐38股,中泰证券
2018-01-26,中海油服：1月25日融资余额为4.52亿元，较前一日骤降8.59%,Wind资讯
2018-01-25,复盘日志：沪指终结七连阳，资源股领涨两市,凤凰网
2018-01-25,高层释放重磅利好 三因素促创业板底部金叉-更新中,中财网
2018-01-25,今日午评：高位股开始调整 创业板冲高回落防范风险,中财网
2018-01-25,快讯：可燃冰早盘拉升走强 潜能恒信涨逾8%,中国经济网
2018-01-25,石油板块活跃走强 中海油服涨超5%,证券时报网
2018-01-25,指数强势超预期，今天这三只潜力股有望爆发！,新浪
2018-01-25,1月25日开盘前瞻 | 上涨成为恒指主旋律 关注石油产业链等板块,智通财经
2018-01-25,国企年度数据标出白马牧场 三行业强势显现,证券日报
2018-01-24,【招商研究】每日复盘与晨会精要（0124）：上证50有放量滞涨迹象,招商策略研究
2018-01-24,"港股全日总结:恒指升27点,石油及券商股扬",理财18
2018-01-24,"港股半日总结:恒指吐92点,成交一千亿,油股逆市扬",理财18
2018-01-24,瑞信：中海油服(02883.HK)今年前景仍正面 维持「跑赢大市」评级,金融界
2018-01-24,高盛对中资石油股最新评级及目标价(表),金融界
2018-01-24,花旗：中海油服(02883.HK)受惠母企资本开支增加 维持「买入」评级,金融界
2018-01-24,安东油服昨升17%后 现续涨逾12%,新浪
2018-01-24,恒指低开 像极了2006年：银行家们担忧金融危机重现(行情)-更新中,中财网
2018-01-24,【天风能源】中海油服：2019年因何大涨？2020年期待什么？,樨樨和她的油气小伙伴
2018-01-24,"中海油服(02883.HK)预告扭亏 全年赚3,300万人民币",金融界
2018-01-24,"化工行业:VA继续小幅上涨,把握高污染行业年报行情",上海证券
2018-01-23,公告精选：乐视网明天复牌；中国联通董事会拟提前换届，李彦宏等BATJ股东代表获提名,每日经济新闻
2018-01-23,公告精选：乐视网明日复牌；多家公司推高送转方案,e公司
2018-01-23,中海油服：预计2017年同比扭亏为盈,Wind
2018-01-23,【申万石油化工】油服行业深度报告——油价回暖，油服行业迎来复苏拐点,微信
2018-01-23,中海油服：年度业绩预计扭亏为盈,e公司
2018-01-23,中海油服：2017年预计扣除非经常性损益事项后亏损4.83亿元左右,Wind
2018-01-23,今日沪指涨1.29% 银行行业涨幅最大,证券时报网
2018-01-23,沪深两市周二小幅高开 互联网金融板块延续强势,股城网
2018-01-23,化工：油价回暖 荐6股,申万宏源
2018-01-23,两市小幅高开 互联网金融板块领涨,中财网
2018-01-22,AH股比价：3只个股股价倒挂,证券时报网
2018-01-22,逐步布局成长确定的先进制造板块和油服板块,顶尖财经网
2018-01-22,方正证券丨一周聚焦0122-0126,方正证券研究
2018-01-22,【川财研究*周观点】20180121：关注信用利差近期走势,川财研究
2018-01-21,【申万石油化工周评论】—— 预计石化盈利稳定 海外炼化巨头成长及估值参考,微信
2018-01-18,券商看市：关注国企改革板块交易性机会,中证网
2018-01-18,乘风破浪——油气领域“立体化改革”全景展示（华创策略）,Wind
2018-01-18,申万宏源：国际油价屡创新高 驱动行业底部复苏,中证报
2018-01-17,2018石化投资策略：重视石化配置价值,格隆汇
2018-01-17,天风证券：大宗商品总体复苏 重视石化配置价值,金融界
2018-01-16,机械制造：大基金二期启动利好半导体设备板块 荐10股,中银国际
2018-01-16,谁在砸盘连阳：顺丰控股负贡献居首，新能源车概念组团打压,澎湃新闻
2018-01-16,安东油服四川页岩气项目启施工准备 现升5%,新浪
2018-01-16,早评:沪指十一连阳后终迎调整 急跌后将构筑震荡平台,证券之星
2018-01-16,巨丰早评：急跌之后将构筑震荡平台,巨丰财经
2018-01-15,【安信机械】继续看好油服产业链，重点推荐杰瑞股份等,诸海滨新三板
2018-01-15,明天操作上需要注意什么（1月15日）(2),银行信息港
2018-01-15,这只股，终于被证监会盯上了！,新浪
2018-01-15,调整如期而至 静待风险释放,银行信息港
2018-01-15,复盘日志：11连阳后的调整，白马股能否再创辉煌？,凤凰网
2018-01-15,1月15日大盘收评：沪指宽幅震荡 禽流感股票走强,南方财富网
2018-01-15,权重股逆流而上盘面分化加剧 创业板指中阴线杀跌重挫近3%,巨丰财经
2018-01-15,CFi收盘揭秘：上证50成指数遮羞布中小创全线下跌,中财网
2018-01-15,1月15日：两市板块龙虎榜排名(15:00),金融界
2018-01-15,巨丰收评：金融股逆流而上 盘面分化加剧,巨丰财经
2018-01-15,部分石油股拉升 中曼石油涨停,e公司
2018-01-15,油气板块迅速拉升，中曼石油垂直涨停,Wind
2018-01-15,机械制造：油价运行区间上行带来油服最底部强势反弹 荐9股,中银国际
2018-01-15,石油的大时代来了！是不是又该满仓中石油了？,Wind
2018-01-15,机械行业周报：油价升助油服触底改善聚焦行业景气确定性,中财网
2018-01-15,麦格理对油气及油服股最新评级及目标价(表),金融界
2018-01-15,安东油服现升7% 纽约期油上周累升近5%,新浪
2018-01-15,【行业深度】机械刘兰程 全球原油供需再平衡加速，油服板块重新进入增长通道,中国银河证券研究
2018-01-14,机械制造：油价升助油服触底改善 荐9股,安信证券
2018-01-14,[推荐评级]机械设备行业周报：机械板块有所回调 工程机械年度销量高增长,中财网
2018-01-13,十大机构预测下周大盘走势：连阳行情还能保持多久？,金融界
2018-01-13,油价复苏 三行业进入景气“春天”,红周刊
2018-01-12,机构论市：揭秘资金做多方向 关注补涨机会,中金在线
2018-01-12,各机构下周大盘走势预测观点分析（1月15日）,南方财富网
2018-01-12,七大机构预测大盘走势：指数走势或将上演大反转,中金在线
2018-01-12,十大机构预测下周大盘走势 沪指连续上涨还能保持多久？,证券之星
2018-01-12,和信投顾：沪指11连阳难改继续分化特征,中金在线
2018-01-12,成品油将迎今年首涨 这些股票值得关注!(附股),证券时报
2018-01-12,1月12日：早盘主力巨资出逃四大板块(11:30),金融界
2018-01-12,花旗对中资石油股改观 升中石油及中海油服评级至「买入」,金融界
2018-01-12,1月12日：早盘主力巨资出逃四大板块(10:30),金融界
2018-01-12,快讯：石油板块快速走强 中海油服涨超2%,证券时报网
2018-01-12,石化行业日报：上周EIA原油库存已达5年均值,中财网
2018-01-12,石化行业日报：上周API原油库存下降1120万桶,中财网
2018-01-11,洛阳钼业大涨7% 沪股通净买入5.67亿元再创纪录,每经网
2018-01-11,CFi收盘揭秘：沪指10连阳！区块链次新齐飞周期跌,中财网
2018-01-11,A股孕育着三大利好！ 天量资金涌入10只个股,中证报
2018-01-11,大参考：钼系列产品价格加速上涨 两股望迎井喷行情,巨丰财经
2018-01-11,九连阳挑战牛市记录 提前布局区块链享涨停潮,益盟操盘手
2018-01-11,牛市早报｜多家区块链概念股澄清，*ST昆机面临退市,澎湃新闻
2018-01-11,盘前有料 |通信行业高景气仍将持续 机构看好4股（名单）,证券时报网
2018-01-11,巨丰早参：上次九连阳沪指上了5000点！资金正不断入市,巨丰财经
2018-01-11,搜影大师：业务成熟待收成，中新控股破顶可期,金融界
2018-01-11,“九阳神功”修成之后将何去何从？注意周末央行一操作,中财网
2018-01-11,沪指九连阳调整或随时而至 切莫轻易追涨,深圳商报
2018-01-11,沪指九连阳点燃做多热情 资金大单涌入10只个股,投资快报
2018-01-10,巨丰投顾：大盘或将构筑震荡平台 消化套牢盘和获利盘,金融界
2018-01-10,复盘日志：区块链再次活跃！,凤凰网
2018-01-10,沪指练就“九阳神功”： 三大利好PK三大利空 明日“十连阳”概率几何？,中金在线
2018-01-10,机构论市：盘面透露赚钱秘笈 锁定行业龙头想亏都难,中金在线
2018-01-10,权重与边缘品种的博弈日益加深,中金在线
2018-01-10,白马龙头股演绎“强者恒强”！区块链概念股满血复活,巨丰财经
2018-01-10,"午评:沪指逆天九连阳,题材股遭遇抽血",银行信息港
2018-01-10,午间重磅公告：一公司遭资本举牌持股达5%,新浪
2018-01-10,瑞信对中资石油股最新评级及目标价(表),金融界
2018-01-10,开盘观察:区块链板块强势领涨 创业板仍旧低迷不振,中财网
2018-01-10,五日龙虎榜追踪 机构抢筹这14股,证券时报
2018-01-10,"石油化工行业:EIA月报出炉,这次超预期的是需求",中国网
2018-01-10,国际油价创三年来新高 中国石化股价今年来涨幅近19%,每日经济新闻
2018-01-10,快讯:受益OPEC牵头减产石油股大涨 中海油田服务涨6%,新浪
2018-01-10,中海油服获瑞信大升目标 现升逾2%,新浪
2018-01-10,快讯：采掘服务板块早盘活跃 海油工程涨幅过6%,中国网
2018-01-10,国际油价创三年来新高 中国石化大涨5%,腾讯网
2018-01-10,港股异动︱国际油价创近3年新高 港石油股应声走高,智通财经
2018-01-10,石油板块快速走强 中曼石油涨逾8%,中国基金报
2018-01-09,金利丰证券每日市场评论,正点财经
2018-01-09,机构最近都在买这些股,证券时报
2018-01-09,快讯：采掘服务早盘拉升 恒泰艾普涨逾8%,中国经济网
2018-01-09,八部门推动海工装备业发展，行业景气有望回升,第一财经日报
2018-01-09,石化行业日报：2017年新疆油田实现扭亏为盈,中财网
2018-01-08,石油板块表现抢眼 三主线掘金,中证网
2018-01-08,[增持评级]机械设备行业周报：Q1重点推荐工程机械、半导体锂电设备、油服,中财网
2018-01-08,三大概念受74亿主力资金追捧,证券时报
2018-01-08,"油服行业:国际油价屡创新高,看好油服行业底部复苏",全景网
2018-01-08,机械设备行业周报：油价推动油服反弹工程机械提价预期增强,中财网
2018-01-08,掘金龙虎榜 17股近期获机构净买入,证券时报
2018-01-08,大参考：十二部委共推煤企兼并重组 3股迎爆发契机,巨丰财经
2018-01-08,刘士余透露新动向 机构马不停蹄扎堆调研这些股！,证券日报
2018-01-08,早安！方正最新观点20180108,方正证券研究
2018-01-08,【晨会聚焦】地产限购边际松动影响几何,中泰证券研究所
2018-01-08,全球股市迎来完美开局 本周初A股或面临新变数,中财网
2018-01-08,A股新年首周开门红，三路资金抢筹初显机构布局大战略,Wind
2018-01-08,A股新年首周跳空高开高走 三路资金抢筹初显机构布局,证券日报
2018-01-07,听·天风一周一会 | 钢铁·传媒·中小市值·石油化工·农业,天风研究
2018-01-07,"通源石油:全球油服开启反弹周期,公司小而美业绩弹性大",中国网
2018-01-06,周策略：下周调整即将开始，年报行情值得期待,中财网
2018-01-06,"油气装备与服务行业:重点推荐中集集团、振华重工,原油价格创两年新高,海工装备风险逐步释放",中国网
2018-01-06,节后市场回暖 机构交易仍聚焦周期股,大众证券报
2018-01-06,江南嘉捷成本周焦点 佛山绿景路过亿大胆抄底,投资快报
2018-01-05,瑞银:中石油为亚太区3大确信建议石油股之一,理财18
2018-01-05,机械设备行业重大事件点评报告：油价稳定上行建议关注油服行业,中财网
2018-01-05,财融汇·早间必读 | 20180105,财通证券融资融券部
2018-01-05,开盘：两市分化沪指微涨0.02% 酿酒板块强势领涨,腾讯网
2018-01-05,海洋工程装备行动计划印发，行业景气有望回升,第一财经日报
2018-01-05,要闻速递：1月5日证券市场消息汇总,财界网
2018-01-05,【川财研究】每日复盘20180104：短期强势震荡，春季行情延续,川财研究
2018-01-05,【晨会纪要】策略丁文 银河证券晨会纪要—20180105,中国银河证券研究
2018-01-05,两因素助两桶油强势吸金近6亿元 三维度剖析石油石化行业投资机会,证券日报
2018-01-05,“两桶油”暴动历史被改写 反弹或切入攻坚深水区,金融界
2018-01-05,踏准节奏掘金慢牛 创业板后市不排除探底洗筹码,重庆商报
2018-01-05,一月谁将称王：茅台万亿差一涨停，宇宙总龙头炭素王者归来,Wind
2018-01-05,两因素助两桶油强势吸金 六股投资正当时,证券日报
2018-01-05,中海油服放量突破,中证报
2018-01-05,三机构抢筹中海油服 雄安概念股走势分化,证券时报
2018-01-05,道达投资手记：机构对超级大盘股“开火”了,每日经济新闻
2018-01-05,油气改革渐入高潮 “两桶油”后续内部资源整合值得期待,证券日报
2018-01-04,VIP资讯分享：A.行业复苏有所复苏 三机构买入中海油服。,首席投顾说
2018-01-04,【申万宏源中小盘 每日带你复盘 2018.01.04】,申万中小盘研究
2018-01-04,【4日资金路线图】两市主力资金净流出超65亿元 龙虎榜机构净买入8股,证券时报网
2018-01-04,油服板块暴涨 杰瑞股份最受宠,每日经济新闻
2018-01-04,中国石化也“疯狂” 机构对超级大盘股“开火”了——道达投资手记,每经网
2018-01-04,1月4日A股龙虎榜揭秘，机构抢筹6股,--
2018-01-04,沪深两市全天震荡收涨 雄安概念再度分化,股城网
2018-01-04,石油板块表现抢眼 中海油服获三机构抢筹,e公司
2018-01-04,石化双雄力挺两市中国石油等3股吸金超7亿,和讯
2018-01-04,【石油概念股】石油增速新一轮加速期两股率先起跑！,南方财富网
2018-01-04,上海证券交易所2018年01月04日交易信息,上交所
2018-01-04,机构买入这8股卖出泰禾集团近5亿元,第一财经
2018-01-04,中海油服龙虎榜数据（1月4日）,Wind资讯
2018-01-04,股市万花筒：石化双雄崛起总龙头回归达意隆玩的溜,金融界
2018-01-04,中财独家:指数层面短期可能面临回调？机构预测,中财网
2018-01-04,复盘日志：沪指冲击3400点，自贸港尾盘暴涨,凤凰网
2018-01-04,机构现身多只大涨个股，泰禾集团遭卖出2.64亿元,Wind
2018-01-04,涨停板解密：上海自贸区概念股遭资金突袭！（1月4日）,Wind
2018-01-04,十大机构预测明日大盘走势A股反攻行情即将结束,证券之星
2018-01-04,慢牛行情可期注意短线回调风险,中金在线
2018-01-04,盘后机构看市：权重股分化暗藏巨变 关注年报机会,证券时报网
2018-01-04,和信投顾：石油板块拉动助推沪指五连阳,中金在线
2018-01-04,沪指日线收出5连阳 石化双雄强力拉升,中新网
2018-01-04,今日大盘上证指数走势涨16点机场航运股票领跌（1月4日）,中国网
2018-01-04,收评：沪指冲高回落涨0.49%实现日线五连阳,中国网
2018-01-04,收评：沪指涨0.49%实现5连阳石油板块4股涨停,腾讯网
2018-01-04,1月4日：两市板块龙虎榜排名(15:00),金融界
2018-01-04,1月4日：两市机构大单抢筹40股(15:00),金融界
2018-01-04,油价反弹或将持续 关注2018年石化行业投资主线（附股）,证券时报网
2018-01-04,1月4日：主力巨资出逃四大板块(15:00),金融界
2018-01-04,石油板块午后延续强势石化油服涨停,证券时报网
2018-01-04,“石化双雄”联袂大涨中国石化续创股价新高,和讯
2018-01-04,午间机构看市：反弹触及强压区 百点涨幅后A股何去何从,证券时报网
2018-01-04,瑞银对中资石油及油服股评级及目标价(表),金融界
2018-01-04,大摩对中资油股及油服股最新评级及目标价(表),金融界
2018-01-04,午评：雄安板块大幅分化集成电路重归活跃,新浪
2018-01-04,沪指震荡走高，白酒股卷土重来,第一财经
2018-01-04,今日午评：周四指数该调整却不调整市场情绪超预期,中财网
2018-01-04,巨丰午评：大盘反弹触及强压区,巨丰财经
2018-01-04,快讯：采掘服务板块早盘走强潜能恒信逼近涨停,新浪
2018-01-04,巨丰热点：油改概念活跃石化油服涨停,巨丰财经
2018-01-04,油气板块直线拉升，石化油服涨停,Wind
2018-01-04,石油行业走强中曼石油等3股触及涨停,金融界
2018-01-04,快讯：可燃冰概念股盘初活跃潜能恒信领涨,中国经济网
2018-01-04,采掘服务直线拉升石化油服冲击涨停,中国经济网
2018-01-04,油服板块大幅飙升,证券之星
2018-01-04,快讯：采掘服务板块盘初上攻石化油服涨幅过9%,中国网
2018-01-03,石油化工行业2018年投资策略：重视石化配置价值,中财网
2018-01-02,石油化工行业深度报告：海上油服景气有望逐步复苏利好中海油服、海油工程,中财网
2018-01-01,石化行业：油价上涨弹性大把握油气开采板块机会,顶尖财经网
