date,sentence,col3
2021-12-31,大悦城对佛山淦盈提供1.75亿元担保 大额借贷担保,乐居财经
2021-12-31,大悦城佛山合营企业3.5亿贷款总期限变更为48个月,观点地产网
2021-12-31,中青旅出租北京中青旅大厦部分场所予光大银行北京分行 租金7419万,观点地产网
2021-12-31,中青旅(600138.SH)向光大银行北京分行出租中青旅大厦部分场所,智通财经
2021-12-31,银行财眼 | 光大银行昆明分行因社区银行管理不到位被罚30万元 金融监管处罚,凤凰网
2021-12-31,"蓝光披露54亿债务重组进展,泛海光大就偿还借款达成协议",搜狐焦点
2021-12-31,泛海控股：2022年4月20日前偿还光大银行的全部借款,澎湃新闻
2021-12-31,泉州城建10亿元中票将于2022年1月10日付息 利率3.56%,观点地产网
2021-12-31,民生银行信用卡业务投诉量上半年在湖南居股份制商业银行首位,中国经济网
2021-12-31,A股融资融券日报：两融余额增加32.82亿元（12月30日）,Wind
2021-12-31,铁打的银行流动的高管，“年轻时代”走上C位,Wind
2021-12-30,银行APP掀起“瘦身”潮！,中国银行保险报
2021-12-30,兴齐眼药(300573.SZ)：拟以自有资产担保向银行申请1亿元授信,格隆汇
2021-12-30,阳光消费金融首任CRO获批，截至上半年已累计亏损近1.4亿元 亏损,WEMONEY研究室
2021-12-30,泛海控股与光大银行达成调解 将于2022年4月偿还全部借款,观点地产网
2021-12-30,北向资金锁定筹码连续四日扫货超125亿，招商银行获大幅净买入7.66亿元,Wind
2021-12-30,华晨汽车集团控股有限公司：涉及金融借款合同纠纷,Wind
2021-12-29,【银华基金】交易日报 2021-12-29,新浪
2021-12-29,阳光消费金融首任CRO获批，是个风控女将,搜狐
2021-12-29,光大银行信用卡业务投诉第三季度位列山西省股份制商业银行第一,中国经济网
2021-12-29,光大银行欲核销一笔呆账贷款 遭13名董事一致反对,和讯
2021-12-28,光大银行拟续聘安永华明为2022年度境内审计机构,乐居财经
2021-12-28,光大银行(601818.SH)为华侨城集团核定130亿元综合授信额度,智通财经
2021-12-28,光大银行西安分行助力抗击疫情 推出十项惠企便民保障服务措施,中证网
2021-12-28,光大云缴费直联客户突破8000万,每日甘肃网
2021-12-28,战略引领，光大银行财富管理标签日益鲜亮,每日甘肃网
2021-12-28,光大银行揭牌成立乡村振兴金融部 发布乡村振兴综合金融服务方案,中国网
2021-12-28,融资客青睐9股，光大银行买入占比高达42.39%,第一财经
2021-12-28,中国光大银行状告新力地产等，案由系金融借款合同纠纷 诉讼纠纷,乐居财经
2021-12-28,减少消费者选择焦虑，银行App爱“瘦身”更爱财富管理,Wind
2021-12-27,又有银行APP下架了，未来手机银行能干啥？ 产品问题,中证报
2021-12-27,百济神州“穿绿鞋”仍下跌，高瓴持股11%没有限售期,第一财经
2021-12-27,近九成A股上市银行破净,财经杂志
2021-12-27,结构性工具做“加法”，明年货币政策有这些重要调整,Wind
2021-12-27,光大银行持续打出适老化服务“组合拳”,中国金融新闻网
2021-12-27,货币政策“以我为主”显自信，精准调控渐入臻境,Wind
2021-12-26,这家大行低调下线一款支付类App 手机银行“瘦身”会成为趋势吗,北京商报
2021-12-26,时隔十年监管再发私行专营牌照，银行零售业务破局路在何方？,Wind
2021-12-25,个人账户风险监管趋严，银行加快清理睡眠账户,Wind
2021-12-25,个人账户风险监管趋严 银行加快清理睡眠账户,中国经营网
2021-12-25,光大理财首款养老理财产品正式面世,中国网
2021-12-25,光大银行携手上海环交所：勇担时代责任，推动绿色发展,北方网
2021-12-24,新五丰(600975.SH)：间接控股股东质押4437.87万股,格隆汇
2021-12-24,光大银行与上海环交所建立战略合作伙伴关系,中国金融新闻网
2021-12-24,A股ESG风险事件双周报（2021.12.06-2021.12.19）,新浪
2021-12-24,A股融资融券日报：两融余额增加19.59亿元（12月23日）,Wind
2021-12-24,手机银行打法变阵 流量争夺暂停 转战财富管理,上证报
2021-12-24,手机银行打法变阵：流量争夺暂停、转战财富管理,Wind
2021-12-23,搞直播、撒红包、全陪伴…为了留住用户，银行App今年拼了！,上证报
2021-12-23,创新谋变促进共同富裕 光大银行探索普惠财富管理“光大经验”,21世纪经济报道
2021-12-23,全栈创新，华为云Stack加速政企深度上云,Ofweek
2021-12-22,光大银行药明：建议加大绿色金融激励考核力度,21经济网
2021-12-22,光大银行上海分行到访国美集团,凤凰网
2021-12-22,"""降息""接棒降准，对这板块影响却不大，但机构看好估值修复行情",Wind
2021-12-21,光大银行信用卡中心：重点加强对“一把手”的监督,中华网
2021-12-21,33家银行信用卡最新数据：平均每个持卡人负债2.2万,和讯
2021-12-21,监管收紧下多银行暂停智能投顾业务 少数银行能正常提供服务或涉“无证驾驶” 其他违规处罚,搜狐
2021-12-21,光大银行数字金融部药明：绿色金融发展动力仍显不足 建议充分重视其经营地位,金融界
2021-12-20,年内首次下调，1年期LPR降至3.8%,Wind
2021-12-20,中国银联云闪付App试点“一键查卡”功能,IT之家
2021-12-20,经“9”相伴 共创美好 光大银行全新发布手机银行9.0,中国网
2021-12-20,北向资金今日再度净卖出9.71亿元，药明康德连续4日遭抛售累计出货超30亿,Wind
2021-12-20,首个碳排放履约周期临近结束，全国碳市场交易大幅升温,Wind
2021-12-20,审慎混改下“合并同类项”，创新力提升待破题,Wind
2021-12-18,经“9”相伴共创美好 光大银行全新发布手机银行9.0,海南在线
2021-12-18,“十四五”力促中小企业发展，支持更多“专精特新”企业上市挂牌,Wind
2021-12-17,【银华基金】交易日报 2021-12-17,新浪
2021-12-17,【日报｜国君煤炭翟堃】11月份鄂尔多斯销售煤炭7458万吨 同比增长14%,煤市乾坤
2021-12-17,光大永明鑫光明终身寿险荣获“年度畅销保险产品”奖,凤凰网
2021-12-17,企业手机银行竞逐赛 政策性银行也入局,中国电子银行网
2021-12-17,光大银行：结合每一会计期间内的宏观趋势及个案形势 动态审慎计量恒大集团的信贷敞口问题减值准备 资产异常,财联社
2021-12-17,【碳中和行业动态】落实“双碳”目标，建设“绿色光大”！,搜狐
2021-12-17,民生与光大银行被剔除上证50指数 资产质量及股价表现均弱于行业 剔除指数,面包财经
2021-12-17,“双碳”背景下2022年国内钢铁需求或下降0.7%，行业集中度仍待提升,Wind
2021-12-16,光大银行携手上海环交所：勇担时代责任，推动绿色发展,中国金融新闻网
2021-12-16,光大银行与上海环交所建立战略合作伙伴关系,中证网
2021-12-16,海外信用评级汇总2021年12月16日星期四,Wind
2021-12-16,四个关键词 让光大银行重庆分行获得这份全国级奖状,上游新闻
2021-12-16,光大银行(601818.SH)滨海分行收天津证监局警示函，销售产品时未要求客户书面承诺符合合格投资者条件 金融监管处罚,智通财经
2021-12-16,穆迪：维持光大银行“Baa2”长期外币存款评级，展望“稳定”,Wind
2021-12-16,手机银行数字竞争力排行榜TOP100 (2021年Q3),零壹财经
2021-12-16,国常会最新部署！小微货币政策有新安排！支持更多专精特新企业成长,Wind
2021-12-16,多元配置成主流，结构性存款产品失宠,Wind
2021-12-16,大力拓展县域“教育云” 助力人民美好生活,经济日报
2021-12-15,上海环交所与光大银行达成战略合作 共同推动碳市场金融化,上证报
2021-12-15,杨兵兵：光大银行如何制定金融科技顶层规划，推进银行数字化转型实践,中国银行
2021-12-15,“降息”预期落空传递什么信号？,Wind
2021-12-15,光大银行获“年度最佳股份制银行”奖,中新网
2021-12-15,深圳楼市回暖在即？ 部分银行下调房贷利率 二手房成交量反弹,证券日报
2021-12-14,百城卖地逾4万亿元同比下降7% 深圳部分银行下调房贷利率,证券日报
2021-12-14,信用卡投诉同比增长23%、个贷业务同比增长112.6%，光大银行第三季度投诉量位列股份行首位,凤凰网
2021-12-14,三季度个人贷款业务消费投诉增长近四成,财富动力网
2021-12-14,个人住房贷款投放加快，房地产融资环境改善,Wind
2021-12-14,深圳个别银行下调房贷利率，国有大行未跟进,Wind
2021-12-14,地产融资“恢复正常”再确认，11月房地产贷款同比增逾2000亿元,Wind
2021-12-13,个人住房贷款、开发贷双双同比多增！房地产融资回暖迹象增多,Wind
2021-12-13,光大银行零售金融多方面发力 支持实体经济、助力民生服务,金融界
2021-12-13,漳州城投完成发行7亿元超短期融资券 发行利率2.89%,观点地产网
2021-12-13,A股融资融券日报：两融余额增加0.16亿元（12月10日）,Wind
2021-12-13,稳中求进定调明年经济工作，应对“三重压力”出新招,Wind
2021-12-13,助力浙江高质量发展建设共富示范区,经济日报
2021-12-10,三季度银行业个贷投诉同比增加38.6%,中国银行保险报
2021-12-10,首批养老理财来了：1元起投、封闭期5年，预期收益率5%-8%,经济观察报
2021-12-10,注意了！三季度这些银行消费投诉量最多！,中国金融新闻网
2021-12-10,第三季度银行业消费投诉情况发布：个人贷款业务投诉量同比增38.6%,21世纪经济报道
2021-12-10,第三季度光大银行信用卡业务投诉量居股份制商业银行首位,中国经济网
2021-12-10,银行函证区块链服务平台投入应用，平安银行回函的4笔全流程自动化电子函证落地,Wind
2021-12-10,银保监会：今年三季度接收银行业消费投诉近九万件 较去年同期增长2.6%,银保监会
2021-12-10,光大银行上一日融资余额16.83亿元，股票质押共有4笔,资本邦
2021-12-10,银保监会：三季度银行业个人贷款业务投诉同比增长38.6%,Wind
2021-12-10,11月居民中长期贷款增加，社融存量增速反弹,Wind
2021-12-10,11月CPI同比上涨2.3%创年内新高，PPI与CPI“剪刀差”触顶回落,Wind
2021-12-09,升破6.35关口，人民币汇率创三年半新高,Wind
2021-12-08,光大银行深圳分行联合“奈雪的茶”实现首笔助农贷款投放,搜狐
2021-12-08,海南启动入境游客移动支付便利化试点,中国金融新闻网
2021-12-08,养老理财首日大卖，有银行一日募集30亿，个别银行剩余额度已不多,资本邦
2021-12-08,光大银行南京分行：“绿色金融”活水来 “美丽江苏”展新颜,大众证券报
2021-12-08,A股融资融券日报：两融余额减少43.44亿元（12月7日）,Wind
2021-12-08,外资布局中国资管业力度加大,Wind
2021-12-08,条码互扫推进超预期，支付生态开放提速,Wind
2021-12-08,养老理财产品热销 有银行首日卖出30亿元 第二批有望12月底发行,证券日报
2021-12-07,财华洞察|万亿降准，券商、银行和保险板块“隐现”投资机会？,财华社
2021-12-07,荣盛发展：为荣盛实业不超过9000万元融资提供担保 大额借贷担保,中金在线
2021-12-07,荣盛发展为荣盛实业融资提供9400万元担保 大额借贷担保,乐居财经
2021-12-07,智通每日大行研报丨大摩予中远海控(01919)目标价21.2港元 吉利汽车(00175)获多家机构看好,智通财经
2021-12-07,光大养老理财青岛试点启动 首日募集战绩颇丰,搜狐
2021-12-07,A股融资融券日报：两融余额减少24.72亿元（12月6日）,Wind
2021-12-07,今年4家银行登陆A股，明年中小银行IPO料提速,Wind
2021-12-07,养老理财试点产品首日销售火爆,Wind
2021-12-07,机构做足功课、投资者热情高，首批养老理财产品闪亮登场,Wind
2021-12-06,【天风非银】中国光大控股：中国领先的跨境资产管理投资稀缺标的,新锐视角看金融
2021-12-06,1元起投 首批养老理财四地试点发行 首日认购火热,经济观察报
2021-12-06,华晨汽车集团控股有限公司：涉及重大诉讼 诉讼纠纷,Wind
2021-12-06,光大银行深圳分行荣获（第七届）中国金融年会“年度社会责任大奖”,深圳新闻网
2021-12-06,科技创新 未来可期 | 光大集团展演10个优秀创新项目,北国网
2021-12-06,光大理财首款养老理财产品青岛开售,中证网
2021-12-06,如何在大数据中安全遨游 银行业在隐私计算中寻找答案,中国金融新闻网
2021-12-06,房地产贷款连续两个月回暖，三类地产股有望否极泰来？,第一财经
2021-12-06,重罚！拉卡拉因多项业务违规被罚没近360万元 近5年屡次被处罚 合计罚款超400万 其他违规处罚,和讯
2021-12-06,A股融资融券日报：两融余额减少18.05亿元（12月3日）,Wind
2021-12-06,房地产融资恢复正常，11月贷款投放继续回升,Wind
2021-12-05,中国金融时报：恒大事件短期冲击逐步明朗化！房企融资加速回暖,Wind
2021-12-05,环比、同比继续“双升”，金融机构对房地产企业融资行为已恢复正常,Wind
2021-12-04,“滚隔夜”杠杆套利凶猛，低息资金集聚金融市场,Wind
2021-12-03,光大银行：“17凤凰MTN001”和“17凤凰MTN002”违约后续,Wind
2021-12-03,金融周报｜银保监会加快建设中国金融人才库；我国养老理财试点正式开启； 中国人寿80.25亿增资广发银行···,财经网
2021-12-03,光大理财首款养老理财产品正式面世,上证报
2021-12-03,光大银行太原迎泽大街支行因办理无真实贸易背景的银行承兑汇票被罚40万,中华网
2021-12-03,A股融资融券日报：两融余额减少72.45亿元（12月2日）,Wind
2021-12-03,配股融资持续升温，上市银行积极“补血”,Wind
2021-12-02,【银华基金】交易日报 2021-12-2,新浪
2021-12-02,“12光大次级债”12月2日13时13分发生价格异动 成交价大幅偏离估值,Wind
2021-12-02,隆平高科两子公司高管内幕交易 两人合计亏损4000万 董监高成员异常事件,中国经济网
2021-12-02,今天上会的“台股拆A股”企业，充满了很多难以理解之处！,中金在线
2021-12-02,A股融资融券日报：两融余额增加5.37亿元（12月1日）,Wind
2021-12-02,金融主管部门释放“保障刚需合理个贷需求”信号，广州市场房贷真的松了,南方日报
2021-12-02,监管“喊话”后房贷奏效了吗？调查22家银行：房贷真的松了！,Wind
2021-12-02,南方日报调查：广州市场房贷真的松了，有国有银行开始下调房贷利率,Wind
2021-12-02,鲍威尔展露“鹰派”面目，应对高通胀 其他经济体央行会否仿效？,Wind
2021-12-01,海外信用评级汇总2021年12月1日星期三,Wind
2021-12-01,惠誉：授予光大银行香港分行高级无抵押票据“BBB”最终评级,Wind
2021-12-01,"解码首个隐私计算金融平台, 数据资产化还有多远？",财经网
2021-12-01,11月制造业重回扩张区间，生产加速恢复内需有待提振,Wind
2021-11-30,光大银行副行长赵陵任职资格获批,北京商报
2021-11-30,中国银保监会关于光大银行赵陵任职资格的批复,新浪
2021-11-30,光大银行昆明分行为客户提供暖心上门服务,云南经济日报
2021-11-30,元宇宙炒作图谱：2大新特征正在浮现,Wind
2021-11-30,元宇宙炒作图谱：游资前仆后继，上演“最小阻力式”博弈,Wind
2021-11-30,11月同业存单净融资规模，创下近3年来单月新高,Wind
2021-11-29,【银华基金】交易日报 2021-11-29,新浪
2021-11-29,双成药业以自有资产抵押贷款5000万元,乐居财经
2021-11-29,光大银行深圳分行28周年“十大最美光阴故事”｜全国首批“动产融资服务新模式”试点背后的“推动器”,深圳新闻网
2021-11-29,光大银行南昌分行助力江西省2021年地方政府债发行圆满收官,搜狐
2021-11-29,已超3000亿！券结基金井喷，券商、基金深度绑定,Wind
2021-11-29,零售玩家运作提速 中国商业零售版图或加速洗牌,e公司
2021-11-29,养老理财产品即将揭开面纱,经济日报
2021-11-28,多银行发布公告提示人脸识别盗用风险，“安全篱笆”该如何筑牢 其他违规处罚,北京商报
2021-11-27,金融机构改革提速，多家上市银行加码长期股权投资,Wind
2021-11-27,涉及超5500亿规模基金！新一轮指数样本大调整出炉,Wind
2021-11-27,“滚隔夜”规模持续攀高，债市杠杆率高企须警惕,Wind
2021-11-26,财富管理深度系列一：大财富追光路 星河满目,新浪
2021-11-26,光大银行南宁分行积极响应“断卡行动” 配合抓捕犯罪嫌疑人,广西新闻网
2021-11-26,金融反腐重拳再次出击，这些银行是重灾区,Wind
2021-11-26,富滇银行“七宗罪”被罚220万，农行、光大银行也被罚 金融监管处罚,中国基金报
2021-11-25,零售玩家运作提速 中国商业零售版图或加速洗牌,e公司
2021-11-25,哪些金融机构数字服务能力强？这份报告给你答案,中新经纬
2021-11-25,康恩贝(600572.SH)：一致行动人博康医药解质及质押575万股,格隆汇
2021-11-24,银行APP的“加法”与“减法”,搜狐
2021-11-24,海外信用评级汇总2021年11月24日星期三,Wind
2021-11-24,惠誉：授予光大银行香港分行拟发行长期高级无抵押票据 “BBB(EXP)”预期评级,Wind
2021-11-23,江苏：首笔线上“政采贷”业务成功落地,中国金融新闻网
2021-11-23,光大银行重庆分行被罚150万 涉贷款流入房地产等 金融监管处罚,中新经纬
2021-11-23,银行财眼 | 光大银行重庆分行被罚150万元：因信贷资金违规流入房市等三项原因 金融监管处罚,凤凰网
2021-11-23,一文读懂银行理财FOF类产品,Bank资管
2021-11-23,涉3项违法违规行为!光大银行重庆分行被罚款150万元 金融监管处罚,金融投资报
2021-11-23,因贷款管理不尽职等，光大银行重庆分行被罚150万 金融监管处罚,中华网
2021-11-23,创业可专享金融服务：光大银行深圳分行拥军服务再扩展！,奥一网
2021-11-23,光大银行交易银行部总经理夏伟接受纪律审查和监察调查 董监高成员异常事件,Wind
2021-11-22,【银华基金】交易日报 2021-11-22,新浪
2021-11-22,考虑买入光大银行财富管理子公司少数股权？ 华平投资：不予置评,财联社
2021-11-22,市场消息：光大银行(06818.HK)据悉寻求出售价值3亿-4亿美元的财富,新浪
2021-11-22,中国证监会行政处罚决定书（潘毅） 金融监管处罚,证监会
2021-11-22,深信服桌面云在金融行业的那些千点规模部署,凤凰网
2021-11-22,光大银行南京分行：“绿色金融”活水来，“美丽江苏”展新颜,中国金融新闻网
2021-11-22,中国金融时报：客观看待超额准备金率下降,Wind
2021-11-22,与美元呈现“双强”格局，人民币汇率走势平稳有支撑,Wind
2021-11-21,广州二手房贷可绕过指导价？部分成交价开始低于指导价,Wind
2021-11-21,2000亿元专项再贷款支持煤炭清洁高效利用，金融业“做加法”支持碳减排,Wind
2021-11-21,注意！这类银行卡正在被加速清理,Wind
2021-11-20,存款增长不再，民营银行“转战”同业负债,Wind
2021-11-19,光大银行宜春分行积极开展存款保险制度宣传活动,搜狐
2021-11-19,周茂华：系统重要性银行迎重磅监管,新浪
2021-11-19,中小银行资本补充热情升温，更多渠道加速打通,Wind
2021-11-18,指数混合PK绝对数值 理财业绩比较基准更新方式“难倒”银行,北京商报
2021-11-18,“跨越计划”首年，光大银行“一流财富 管理银行”建设持续发力,21世纪经济报道
2021-11-18,光大银行副行长杨兵兵：银行必须把握好发展和安全的关系 严防“灰犀牛”和“黑天鹅”,中国网
2021-11-18,光大银行副行长杨兵兵：银行要建立适应金融科技发展的组织架构、激励机制和运营模式,中国网
2021-11-18,镇江城建拟发行6亿元超短期融资券，利率3.2%-4.2%,乐居财经
2021-11-18,光大银行深圳分行抢抓机遇开新局,奥一网
2021-11-18,光大银行状告恒大地产，案由系金融借款合同纠纷 诉讼纠纷,乐居财经
2021-11-18,阳光消费金融上半年亏损4252万元，掘金养老数字生活场景，发力自营产品 亏损,零壹财经
2021-11-18,美国债务违约警报再度拉响,Wind
2021-11-18,14年财星榜 见证时代变革轨迹,北京青年报
2021-11-17,21金融研究｜中小企业金融服务成绩单： 大行重心转向覆盖“空白地带”，中小银行奋起直追,21世纪经济报道
2021-11-17,中国证监会行政处罚决定书（潘毅） 金融监管处罚,湖南证监局
2021-11-17,中国证监会行政处罚决定书（潘毅） 金融监管处罚,新疆证监局
2021-11-17,中国证监会行政处罚决定书（潘毅） 金融监管处罚,宁波证监局
2021-11-17,中国证监会行政处罚决定书（潘毅） 金融监管处罚,湖北证监局
2021-11-17,中国证监会行政处罚决定书（潘毅） 金融监管处罚,广东证监局
2021-11-17,中国证监会行政处罚决定书（潘毅） 金融监管处罚,厦门证监局
2021-11-17,中国证监会行政处罚决定书（潘毅） 金融监管处罚,深圳证监局
2021-11-17,中国证监会行政处罚决定书（潘毅） 金融监管处罚,证监会
2021-11-17,摩根士丹利：上调光大银行目标价至4.6港元，评级增持,Wind
2021-11-17,大行评级 | 大摩：升光大银行(6818.HK)目标价至4.6港元 评级增持,格隆汇
2021-11-17,光大银行状告新力地产等，法院因无法送达公告送达传票 诉讼纠纷,乐居财经
2021-11-16,又见银行打折促销卖基金，最高降费90%！银行代销基金逻辑生变,Wind
2021-11-16,A股融资融券日报：两融余额减少2.07亿元（11月15日）,Wind
2021-11-16,16股获券商买入评级，光大银行目标涨幅达66.17%,Wind
2021-11-16,11月15日34只个股获券商关注，光大银行目标涨幅达66.17%,每经网
2021-11-16,央行续做1万亿元MLF，规模创单日历史新高,Wind
2021-11-16,普华永道&光大银行： 2021年商业银行数据战略白皮书（附下载）,199IT
2021-11-16,10月经济实现筑底回升，四季度预期会明显改善吗？,Wind
2021-11-15,【银华基金】交易日报 2021-11-15,新浪
2021-11-15,浙商证券：给予光大银行买入评级，目标价位5.6元,证券之星
2021-11-15,10股今日获机构买入评级,证券时报网
2021-11-15,吉林银保监局：上半年银行业消费投诉1651件，同比增长138.2%,和讯
2021-11-15,社融探底回升，银行ETF基金(512700.SH)震荡上行,凤凰网
2021-11-15,光大银行北京分行优化账户服务 持续便民惠民,中国网
2021-11-15,光大银行旗下光大金融租赁被处罚，原因是掩盖不良贷款 金融监管处罚,电鳗快报
2021-11-15,银行业总动员，服务专精特新各显神通,Wind
2021-11-14,半月3家逾千亿，系统重要性银行密集发行二级资本债,Wind
2021-11-14,多家银行调整贵金属、外汇等业务，“炒金”“炒汇”持续收紧,Wind
2021-11-13,光大银行状告新力地产，案由金融借款合同纠纷 诉讼纠纷,乐居财经
2021-11-13,光大金租因掩盖不良贷款、直租业务租后管理不到位等领80万元罚单，新董事长正式上任仅半个月,中国经济网
2021-11-13,合理资金需求预期趋稳，房地产信贷环境回暖,Wind
2021-11-12,【银华基金】交易日报 2021-11-12,新浪
2021-11-12,因工作调整 光大银行董事会秘书李嘉焱辞任 董监高成员变化,北京商报网
2021-11-12,光大银行：拟于12月28日召开2021年第二次临时股东大会,发布易
2021-11-12,快讯｜光大银行：因工作调整 董秘、证券事务代表李嘉焱辞职 董监高成员变化,财经网
2021-11-12,中国光大银行：拟于12月28日举行2021年第二次临时股东大会,Wind
2021-11-12,广州 佛山等地部分银行下调贷款利率 啥信号？,中新经纬
2021-11-12,光大银行最新公告：董秘、证券事务代表李嘉焱辞任 董监高成员变化,证券之星
2021-11-12,光大银行：董事会秘书、证券事务代表李嘉焱辞任 董监高成员变化,Wind
2021-11-12,光大银行：副行长赵陵任职资格获银保监会核准,Wind
2021-11-12,广宇集团为子公司综合授信额度提供不超过5800万元担保 大额借贷担保,观点地产网
2021-11-12,光大银行乡村振兴金融部揭牌！,光大银行
2021-11-12,广宇集团为一石巨鑫提供5800万元连带责任担保 大额借贷担保,乐居财经
2021-11-12,房地产行业信心逐步增强：开发贷款环比多增，发债市场开始回暖,Wind
2021-11-12,光大银行扬州分行因违规将贴现资金转存银行承兑汇票保证金被罚60万 金融监管处罚,中华网
2021-11-12,违规将贴现资金转存银行承兑汇票保证金 光大银行扬州分行被罚60万元 金融监管处罚,中国网
2021-11-12,银行财眼 | 光大银行扬州分行因违规将贴现资金转存被罚没66.24万元 金融监管处罚,凤凰网
2021-11-12,新势力业绩不俗，基金代销江湖“变天”,Wind
2021-11-11,【银华基金】交易日报 2021-11-11,新浪
2021-11-11,催肥变卖，佛山照明欲回血近3亿,乐居财经
2021-11-11,北向资金杀回马枪超86亿资金回流A股，东方财富获大幅净买入超18亿,Wind
2021-11-11,银行资讯：招商银行年内罚款近8000万元 广州农商行定向增发获批 金融监管处罚,搜狐
2021-11-11,破净率超8成，“打骨折”的银行股还能翻身吗？,Wind
2021-11-11,阳光消费金融上半年亏损4252万元，掘金养老数字生活场景，发力自营产品 亏损,零壹财经
2021-11-11,A股融资融券日报：两融余额增加15.9亿元（11月10日）,Wind
2021-11-11,天津市首笔政府采购合同融资线上业务落地,中国金融新闻网
2021-11-11,复牌股价腰斩！花样年的雷，炸伤了业主和员工,21商评网
2021-11-10,【银华基金】交易日报 2021-11-10,新浪
2021-11-10,10月居民消费回暖，M1同比增速九连降,21世纪经济报道
2021-11-10,光大信托助力广东省江门市首笔慈善信托落地,金融界
2021-11-09,【银华基金】交易日报 2021-11-9,新浪
2021-11-09,解码首个隐私计算金融平台，数据资产化还有多远？,财经杂志
2021-11-09,七匹狼：公司不存在大股东非经营性占用上市公司资金的情形,Wind
2021-11-09,他山之石系列银行行业专题报告：积极拥抱变革 提升非息业务对ROE的贡献,新浪
2021-11-09,多家银行收紧账户贵金属与外汇业务,Wind
2021-11-08,多项资产收益权转让落地 银行不良资产包加速出清,北京商报
2021-11-08,银行财眼 | 光大银行太原迎泽大街支行因贷款用途管控不力被罚款30万元 金融监管处罚,凤凰网
2021-11-07,年内超千家“关门谢客”，但新增获批更多！数据背后的真相：银行转型智能化寻求逆袭,北京商报
2021-11-06,资管新规过渡期“余额已不足”，未来何去何从？,Wind
2021-11-06,积压信贷额度正在释放，部分区域个人房贷放款提速,Wind
2021-11-05,光大银行李雨桐： 绿色债券将是未来债券市场的机遇,21世纪经济报道
2021-11-05,光大银行揭牌成立乡村振兴金融部 发布乡村振兴综合金融服务方案,上证报
2021-11-05,懂你所需知你所想，光大银行信用卡“阳光惠生活”AP,中国网
2021-11-05,天齐锂业(002466.SZ)：控股股东解除质押1200万股,格隆汇
2021-11-05,【专栏】1亿张信用卡！这7家银行做到了，还有哪些银行会晋级？,零壹财经
2021-11-05,光大理财张旭阳：养老金融迎来机遇期,21世纪经济报道
2021-11-05,A股融资融券日报：两融余额增加33.85亿元（11月4日）,Wind
2021-11-05,购物季来袭 须理性面对刷卡促销,金融时报
2021-11-05,美联储缩债“靴子”落地，多国央行释放加息信号,Wind
2021-11-04,宜春城投拟发行3亿元短期融资券，用于偿还有息负债,乐居财经
2021-11-04,光大理财举办“光大颐养 共筑未来”养老财富管理研讨会,搜狐
2021-11-04,A股融资融券日报：两融余额减少44.29亿元（11月3日）,Wind
2021-11-04,光大理财举办养老财富管理研讨会暨养老理财产品青岛试点发布活动,中国证券网
2021-11-04,月初罕见加量操作，央行500亿元逆回购确保流动性合理充裕,Wind
2021-11-03,限期整改却“爽约” ST目药相关责任人受上交所纪律处分 金融监管处罚,证券时报
2021-11-03,光大银行副行长齐晔：光大集团将借助三大优势构建特色养老服务生态圈,21世纪经济报道
2021-11-03,光大银行青岛分行副行长樊效峰：养老应尽早规划,21世纪经济报道
2021-11-03,光大银行获批发行400亿元小微金融债,金融界
2021-11-03,【正在直播】“光大颐养 共筑未来”养老财富管理研讨会暨养老理财产品青岛试点发布,21世纪经济报道
2021-11-03,A股融资融券日报：两融余额减少75.11亿元（11月2日）,Wind
2021-11-03,金融时报：利率改革推动小微企业融资成本稳中有降,Wind
2021-11-03,“双十一”银行信用卡花式秀优惠 免息分期付款含“水分”,证券日报
2021-11-03,便利化服务 助力涉外企业发展,经济日报
2021-11-03,经参头版：多部门密集加派“政策礼包”，助企纾困促发展,Wind
2021-11-02,【银行】光大银行—营收增速上行，资产质量平稳,中银证券研究
2021-11-02,【券商聚焦】交银维持光大银行(06818)买入评级 目标价续看4.2港元,和讯
2021-11-01,分析｜如何看待三季度27家A股上市银行净息差环比收窄？,澎湃新闻
2021-11-01,【银华基金】交易日报 2021-11-1,新浪
2021-11-01,光大银行发行不超400亿元小微企业专项金融债券获银保监会批准,Wind
2021-11-01,NAFMII主协议IBOR后备机制标准文本正式生效,Wind
2021-11-01,快讯｜光大银行获准发行不超过400亿元小微企业专项金融债券,财经网
2021-11-01,受个别房企风险暴露影响，部分银行前三季度关注类贷款攀升,Wind
2021-11-01,“五证齐全”土地证却是假的，西安一小区11年办不了房产证！开发商鑫茂源实业伪造证件，多名官员被处理,华商报
2021-11-01,线上渠道频现整合 电子银行做“减法”,中国经营报
2021-11-01,百城千街万店消费指数报告发布,中华工商时报
2021-10-30,光大养老财富管理研讨会开幕在即，将启动养老理财产品青岛试点,Wind
2021-10-30,光大养老财富管理研讨会开幕在即 将启动养老理财产品青岛试点,21世纪经济报道
2021-10-30,详解光大银行2021年三季报：业绩向上势头不变，资产质量稳健【中泰银行·戴志锋/邓美君/贾靖】,传统借贷vs新型金融
2021-10-30,光大银行3Q21:营收增速提升，资产质量改善-招证|银行,志明看金融
2021-10-30,181股获买入评级 最新:白云机场,中财网
2021-10-30,【三季报观察】江浙沪城商行表现亮眼 优质银行获基金加仓,经济观察报
2021-10-30,煤炭“晴雨表”转好：秦皇岛港动力煤价高位跳水,Wind
2021-10-30,中国国债正式“入富”，金融开放再进一步,Wind
2021-10-29,光大银行(601818)：手续费收入增长亮眼 资产质量持续改善,新浪
2021-10-29,21金融研究｜存量撕杀+结构调整，信用卡的下一个战场在哪？,21世纪经济报道
2021-10-29,【银华基金】交易日报 2021-10-29,新浪
2021-10-29,送达诉状副本及开庭传票——中国光大银行股份有限公司上海分行 诉讼纠纷,上海高级人民法院
2021-10-29,3家股份行齐发三季报 营收稳定增长业绩表现不俗,证券日报网
2021-10-29,浙商证券：给予光大银行买入评级，目标价位5.6元,证券之星
2021-10-29,光大银行成都分行积极开展国库宣传活动,金融投资报
2021-10-29,光大银行前三季度净利润增18.6% 盈利能力持续提升,证券日报网
2021-10-29,光大银行三季报净利润增长18.60% 中间收入增幅10%,和讯
2021-10-29,光大银行实现净利润352.47亿元 同比增长18.60%,中国金融新闻网
2021-10-29,【浙商|梁凤洁/邱冠华】光大银行：中收增长加速，不良实现双降,大话金融
2021-10-28,光大银行公布三季报 前三季净利增加18.48%,新浪
2021-10-28,快讯｜光大银行：前三季度实现归母净利润350.85亿元 同比增长18.51%,财经网
2021-10-28,光大银行前三季度净利润同比增长18.48% 理财管理规模突破万亿元大关,上证报
2021-10-28,光大银行：前三季度净利润同比增长18.48%,Wind
2021-10-28,光大银行前三季度实现净利润352.5亿元 同比增18.6%,中国网
2021-10-28,光大银行前三季度归母净利润同比增长18.48%，手续费及佣金净收入217.26亿元,北京商报
2021-10-28,图解光大银行三季报：第三季度单季净利润同比增12.44%,证券之星
2021-10-28,光大银行前三季净利351亿增逾18%，不良“一升一降”,澎湃新闻
2021-10-28,光大银行前三季度归母净利同比增长18.48%至350.85亿元,新浪
2021-10-28,光大银行：盈利能力持续提升，财富管理银行建设再上新台阶,中国金融新闻网
2021-10-28,“阳光消保”品牌发布一周年 光大银行多种举措保护消费者权益,中国网
2021-10-28,开启新征程 书写新篇章 光大证券发布全新“金阳光30”资产配置品牌,证券时报网
2021-10-27,上海银行业上半年投诉情况：上海银行居中资行首位，浦发银行信用卡投诉量最多,中华网
2021-10-27,深度融合发展 金融科技创新成果加速落地,中投网
2021-10-27,A股融资融券日报：两融余额增加17.51亿元（10月26日）,Wind
2021-10-27,光大银行联合发布2021年中国便民缴费产业报告：数字缴费助力乡村振兴,中国金融新闻网
2021-10-27,助力乡村振兴,经济日报
2021-10-27,大行APP喊话，“满天星”与“大一统”谁领风骚？,Wind
2021-10-26,"上海银行业上半年消费投诉3万件,信用卡成灾,股份行投诉光大居前",AI财经社
2021-10-26,【银华基金】交易日报 2021-10-26,新浪
2021-10-26,5天投放7000亿，央行突然加量，释放什么信号？,Wind
2021-10-26,爱立方：向银行申请4000万信用贷款,同壁财经
2021-10-26,私人银行客户个性化需求增加：财富管理市场机遇与挑战并存,中国金融新闻网
2021-10-26,深圳市科达利实业股份有限公司 2021年第三季度报告,证券日报
2021-10-25,流量见顶压力开始迫近！多家银行主动出击，调整App布局,Wind
2021-10-25,A股融资融券日报：两融余额减少66.73亿元（10月22日）,Wind
2021-10-25,流量见顶压力开始迫近！多家银行主动出击 调整公众号、App布局,证券之星
2021-10-25,流量见顶压力迫近 银行大举调整线上服务,全景网
2021-10-23,固定收益统计周报：央行周净投放2600亿，市场预期较乐观,Wind
2021-10-22,“近30%涨幅可以了”，招行披露三季报，北向资金连续4季度加仓5亿股，股民：下周起飞,证券之星
2021-10-22,资管新规倒计时 银行加速迁移理财产品,北京商报
2021-10-22,光大银行齐晔：务必重视金融科技创新安全性,中证网
2021-10-22,A股融资融券日报：两融余额减少6.9亿元（10月21日）,Wind
2021-10-21,【银华基金】交易日报 2021-10-21,新浪
2021-10-21,齐晔：金融科技创新是金融服务实体经济的关键手段,新华网
2021-10-21,仅剩两月余！资管新规过渡期进入倒数，理财整改还有哪些未了事？,北京商报
2021-10-21,又一公司爆雷！实控人为前辽宁首富，现资金链岌岌可危,Wind
2021-10-21,楼市末端利好隐现，20城房贷利率下调,Wind
2021-10-21,A股融资融券日报：两融余额增加49.12亿元（10月20日）,Wind
2021-10-20,你常用的银行公众号有大变化！多家银行旗下重要公众号将停止服务,中证报
2021-10-20,房价5年来首次出现普跌 “拐点”之后房地产市场何往？,21世纪经济报道
2021-10-20,北向资金两日净买入80亿，连续五日加仓宁德时代,Wind
2021-10-20,A股融资融券日报：两融余额增加48.77亿元（10月19日）,Wind
2021-10-20,“监管沙箱”出箱项目又添三个 京深渝三地已累计出箱七个创新应用项目,证券日报
2021-10-19,金万达：拟向光大银行申请授信不超过2000万元,同壁财经
2021-10-18,【银华基金】交易日报 2021-10-18,新浪
2021-10-18,光大私行：生态建设+金融科技助力客户数、营收双升,21世纪经济报道
2021-10-18,光大银行北京分行开展“美好生活‘茄’意季”主题系列活动,中国金融新闻网
2021-10-18,奥海科技(002993.SZ)子公司江西奥海使用2.3亿元闲置自有资金购买理财产品,智通财经
2021-10-18,超预期财报数据藏隐忧，美股长期盈利增速承压,Wind
2021-10-17,人民币周报（10.11-10.17）：本周央行公开市场全口径净回笼4600亿元,Wind
2021-10-16,固定收益统计周报：本周央行净回笼4600亿，利率债收益率多数上扬,Wind
2021-10-16,5000亿元MLF等量平价续做，四季度结构性政策工具或挑大梁,Wind
2021-10-15,精功科技(002006.SZ)：柯桥法院已裁定将邵志明持有的630万股予以平仓,格隆汇
2021-10-15,【银华基金】交易日报2021-10-15,新浪
2021-10-15,中国银保监会湖南监管局关于中国光大银行股份有限公司长沙万科城社区支行终止营业的批复 资质撤销,银保监会
2021-10-15,金融报道｜银行9月罚单梳理：处罚金额环比增长40% 3家民营银行因关联交易违规领罚 金融监管处罚,财经网
2021-10-15,国债期货全线收跌，10年期主力合约跌0.05%,Wind
2021-10-15,拟42亿元收购控股股东旗下资产及债权 皖通高速股价大跌,e公司
2021-10-15,资管新规过渡期仅剩约2个月 银行机构加速整改,广州日报
2021-10-15,PPI增速破10%：“煤炭增产+加大供电”能否缓解涨价压力？,Wind
2021-10-14,【银华基金】交易日报2021-10-14,新浪
2021-10-14,中国银行嘉兴分行被指在大明玻璃破产案涉嫌虚假申报 减资破产,搜狐
2021-10-14,红日药业6亿元公司债成功发行 投资者看好公司持续盈利能力,中证网
2021-10-14,从发债利率到资金去向 红日药业6亿公司债的发行细节,经济观察报
2021-10-14,平台化运营倒逼银行APP加速“瘦身”，银行APP整合成新趋势,资本邦
2021-10-14,银行业2021年9月金融数据点评：社融增速见底,新浪
2021-10-14,临港已落地各类金融机构140多家,浦东时报
2021-10-14,广州地区部分银行下调房贷利率,新快报
2021-10-14,谋求平台化发展 多家银行整合旗下APP服务,新浪
2021-10-14,又是一次抄底时机,投资快报
2021-10-13,开启“瘦身”模式！这家国有大行将关停旗下一款APP，多家银行已行动 经营问题,中证报
2021-10-13,消费指数报告：二季度多个大城市居民消费情况和经济健康水平明显跃升,上证报
2021-10-13,“稳企业保就业”光大银行深圳分行积极助力民营中小企业跨越“生死线”,深圳新闻网
2021-10-13,21金融研究｜银行的“中收”战事：2021，谁是转型之王？,21世纪经济报道
2021-10-13,光大理财财富开放麦强化大众对「做趋势的朋友」的刚需,21世纪经济报道
2021-10-13,华夏理财苑志宏：理财业务如何助力股份制商业银行跨越式发展,搜狐
2021-10-13,光大银行上海临港新片区支行开业,新民晚报
2021-10-12,【银华基金】交易日报2021-10-12,新浪
2021-10-12,啥信号？这些地方房贷利率松动，刚需又能上车了？,中新经纬
2021-10-12,节后北上资金增持银行股动作频频 多利好催化市场情绪趋稳,财联社
2021-10-12,市场波动催热稳健理财 一文了解21年“固收+”老将的管理心得,中国基金报
2021-10-11,部分地区房贷利率松动?广佛等地下调房贷利率,搜狐
2021-10-11,又有银行整合手机App，“减法”背后藏有哪些门道,北京商报
2021-10-11,光大银行：“光大转债”第三季度转股2532股，累计转股约15.43亿股,每日经济新闻
2021-10-11,光大银行沈阳分行因两项违规被罚款100万元 金融监管处罚,凤凰网
2021-10-11,广州、佛山等地出现房贷利率放松迹象,搜狐
2021-10-11,广发基金再推“固收+”新品 广发恒阳一年在光大银行发售,中国网
2021-10-10,楼市四大信号！“十一”黄金周成交降三成，多地房贷利率下调,Wind
2021-10-09,光大银行因违规发放流动资金贷款被罚100万元 金融监管处罚,Wind
2021-10-09,国庆期间成交跳水81.25%！南沙楼市回到2年前？,搜狐
2021-10-08,贷款买房，今年好呢还是明年好呢？,小白读财经
2021-10-08,光大云缴费直联客户突破8000万户,经济日报
2021-10-08,北向资金今日净卖出25.72亿元，贵州茅台遭大幅净卖出超11亿元,Wind
2021-10-08,光大云缴费直联客户突破8000万 较年初增长超60%,深圳新闻网
2021-10-08,光大银行黑龙江10家分支行同时被罚：多涉及信贷资金被挪用 罚没金额395.9万元 金融监管处罚,新浪
2021-10-08,银行业投资观察：政策向好 信用风险稳定,新浪
2021-10-08,中央对25家金融机构展开巡视，此前20余名金融高管落马 董监高成员异常事件,中国新闻周刊
2021-10-08,【专栏】哪些银行在做假数字化转型？,零壹财经
2021-10-08,电子签约量峰值接近1500万次，上上签助推京企数字化转型,砍柴网
2021-10-07,刘全：楼市不可轻言“放松调控”！,搜狐
2021-10-06,“固收+”如何获取稳健回报？看21年老将曾刚的管理心得,搜狐
2021-10-06,部分地区房贷利率松动，有购房者称“月供少了78元”,Wind
2021-10-06,花样年困局解析,证券之星
2021-10-05,部分地区房贷利率下调或松动，有购房者称“月供少了78元”,每日经济新闻
2021-10-05,局地房贷利率松动，非房地产金融政策改变,网易
2021-10-03,哪些银行在做假数字化转型？,搜狐
2021-10-02,打造全球数字经济标杆城市，北京电子合同签署量超23亿次,砍柴网
2021-10-02,房贷终于放款！每月还2万6，心痛到无法呼吸,新浪
2021-10-02,广佛两地部分银行房贷利率下调，广州首套 5.45% 起,ZAKER
2021-10-01,多地房贷利率下调，房贷政策最紧时期要过去？,Wind
2021-10-01,"大转折！房贷政策最紧时期要过去？多地房贷利率下调，更有官方频提""维护住房消费者的合法权益""",券商中国
2021-09-30,青岛啤酒股份：最近十二个月分别与平安银行等8家银行订立了结构性存款协议,Wind
2021-09-30,天齐锂业控股股东质押1660万股 已累计质押1.53亿股,中国经济网
2021-09-30,光大理财潘东：中国“未富先老”，养老金融产品需体系化重塑,凤凰网
2021-09-30,专注隐私保护和数据流通技术，「华控清交」完成5亿元人民币的B轮融资,36氪
2021-09-30,银行信用卡业绩十强榜：国有行领衔招行赶超 不良率总体下降,投资者网
2021-09-30,央行出手维护节前流动性， 连续多日开展14天逆回购操作,Wind
2021-09-29,大型银行优化人才结构：左手紧握科技，右手推向基层,Wind
2021-09-29,云砺（票易通）荣获2021光大杯第五届中关村“番钛客”金融科技国际创新大赛亚军,凤凰网
2021-09-29,丽珠医药(01513)合计购买2.4亿元通知存款,智通财经
2021-09-29,光大银行(601818.SH)殷连臣辞去监事、监事会提名委员会委员职务 董监高成员变化,智通财经
2021-09-29,光大银行：监事殷连臣因工作调整辞任 董监高成员变化,Wind
2021-09-29,中国光大银行保定分行 便捷开户流程 优化营商环境,新浪
2021-09-29,【银期合集】最全面的银期签约操作指引来啦！,徽商期货
2021-09-28,光大银行北京分行为高校师生送上“金融安全开学第一课”,中国金融新闻网
2021-09-28,【银华基金】交易日报2021-09-28,新浪
2021-09-28,银行行业周报：银行监管评级办法升级；行业整体信用风险不必悲观,新浪
2021-09-28,科创金融赋能宁夏农垦高质量发展战略合作大会在银川召开,国际在线
2021-09-28,海航控股披露重整计划草案，光大银行连收32张罚单，南京、广州第二轮集中供地不复首轮热度丨预警内参（第四十二期） 金融监管处罚,21世纪经济报道
2021-09-27,区域金融要参｜辽宁拟对农业保险加大支持；多家银行9月30日起推出小微企业服务收费减免措施,21世纪经济报道
2021-09-27,【银华基金】交易日报2021-09-27,新浪
2021-09-27,“南向通”正式上线运行 首日成交40亿元人民币,金融界
2021-09-27,银行行业研究周报：上市银行房地产贷款梳理,新浪
2021-09-27,连收32张罚单 光大银行10家分支行被罚395万元 金融监管处罚,AI财经社
2021-09-27,光大银行深圳分行落地全国首单汽车金融公司行业绿色信贷ABS,深圳新闻网
2021-09-27,光大银行一天连收32张罚单：合计被罚395.9万元 22人被警告 金融监管处罚,鲸平台
2021-09-27,北京力推电子签约数字科技应用，京企摁下数字化加速键,砍柴网
2021-09-27,贷后管理不力，信贷资金被挪用 光大银行哈尔滨道里支行被罚款60万 资金问题,中华网
2021-09-27,贷后管理不力，信贷资金被挪用 光大银行哈尔滨顾乡支行被罚款30万 资金问题,中华网
2021-09-27,信贷资金被挪用等违法行为，光大银行十家分行共计被罚395万元 资金问题,发现网
2021-09-26,涉信贷资金被挪用等，光大银行被罚近400万 资金问题,中新经纬
2021-09-26,黑龙江银保监局：对光大银行大庆分行作出行政处罚，罚款20万元 金融监管处罚,Wind
2021-09-26,黑龙江银保监局：对光大银行哈尔滨平房支行作出行政处罚，罚款30万元 金融监管处罚,Wind
2021-09-26,黑龙江银保监局：对光大银行哈尔滨开发区支行作出行政处罚，罚款20万元 金融监管处罚,Wind
2021-09-26,黑龙江银保监局：对光大银行哈尔滨红旗支行作出行政处罚，罚款40万元 金融监管处罚,Wind
2021-09-26,黑龙江银保监局：对光大银行哈尔滨道外支行作出行政处罚，罚款20万 金融监管处罚,Wind
2021-09-26,黑龙江银保监局：对光大银行哈尔滨爱建支行作出行政处罚，罚款20万元 金融监管处罚,Wind
2021-09-26,黑龙江银保监局：对光大银行哈尔滨先锋支行作出行政处罚，罚款60万元 金融监管处罚,Wind
2021-09-26,黑龙江银保监局：对光大银行哈尔滨道里支行作出行政处罚，罚款60万元 金融监管处罚,Wind
2021-09-26,黑龙江银保监局：对光大银行哈尔滨顾乡支行作出行政处罚，罚款30万元 金融监管处罚,Wind
2021-09-26,黑龙江银保监局：对光大银行黑龙江分行作出行政处罚，罚款95.9万元 金融监管处罚,Wind
2021-09-26,涉信贷资金被挪用等 光大银行一天领四张罚单涉一分行、三支行，合计被罚245.9万 资金问题,中华网
2021-09-26,信用证贸易背景审查不严、信贷资金被挪用 光大银行哈尔滨先锋支行被罚款60万 资金问题,中华网
2021-09-26,光大银行南昌分行集中开展2021年“金融知识进万家”主题宣教活动,中国网
2021-09-24,天阳科技：公司已中标光大银行信用卡新一代综合业务管理系统建设项目,每日经济新闻
2021-09-24,光大银行达成“南向通”上线后首批交易,Wind
2021-09-24,光大银行达成“南向通”上线后首批交易,中证网
2021-09-24,“南向通”今日上线，光大银行达成首批交易,金融界
2021-09-24,“超级大包”来了！个贷不良批量转让市场供需活跃,Wind
2021-09-23,13家银行为何排队表态？称恒大贷款有足额抵押物、风险可控,凤凰网
2021-09-23,买理财买成房东！恒大财富刚刚公布：以房兑付时间！,Wind
2021-09-23,光大银行：对恒大全部授信业务余额约54亿元 且大部分有抵押等增信措施,和讯
2021-09-23,上市金融机构密集回应：中信、民生两银行已压降恒大风险敞口,澎湃新闻
2021-09-23,光大银行：对恒大授信余额约54亿元且有增信措施 即使出现极端情况亦不会造成实质性冲击,财联社
2021-09-23,光大银行回应与恒大业务往来：授信敞口均相对可控,凤凰网
2021-09-23,房地产贷款风险来袭，多家银行撇清与恒大关联,Wind
2021-09-23,银行股是否反应过度了？多家撇清与恒大关联,Wind
2021-09-23,银行股是否反应过度了？,Wind
2021-09-22,光大银行(601818)：拨备反哺利润 财管和协同效能提升,新浪
2021-09-21,3年期存款利率连续下降，银行揽储还有啥招？,Wind
2021-09-21,恒大漩涡里的20家银行,Wind
2021-09-20,【行情】港股光大系普跌，中国光大水务跌5.41%，中国光大控股跌超5%，光大银行跌3.96%，光大证券跌3.77%，光大环境跌2.36%,金十数据
2021-09-17,中国光大银行：9月23日参加北京辖区上市公司投资者集体接待日,Wind
2021-09-17,党建工作引领打造光大银行杭州萧山支行“名店”,经济网
2021-09-17,光大银行解锁普惠金融发展“密钥”,新华网
2021-09-17,资本补充压力大，银行加速发债忙着“补血”,Wind
2021-09-17,银行网点进退两难，大幅收缩趋势尚不明显,Wind
2021-09-16,东兴证券：维持光大银行(601818.SH)“强烈推荐”评级 目标价4.84元,智通财经
2021-09-16,东兴证券维持光大银行强烈推荐评级：财富管理特色强化，集团生态协同显效，目标价4.84元,每日经济新闻
2021-09-16,多家银行收紧外汇、贵金属业务,Wind
2021-09-15,光大银行深圳前海分行首场抖音互动直播活动圆满成功,深圳新闻网
2021-09-15,光大银行(601818.SH)在50亿美元中期票据计划下发行5亿美元中期票据已于9月15日完成上市,智通财经
2021-09-15,中国光大银行：卢森堡分行计划发行于2024年到期之5亿美元年息0.826%票据,Wind
2021-09-13,超一半投诉与这类业务有关！光大银行信用卡业务投诉量同比大增211.7%,新浪
2021-09-11,深度*公司*光大银行(601818)：盈利改善 存款优化,新浪
2021-09-11,Wind风控日报2021年9月11日星期六,Wind
2021-09-10,揭秘光大永明人寿董事长孙强 曾任光大银行副行长2018薪酬232万,中国经济网
2021-09-10,政策、服务、科技 光大银行服务小微企业的三大“密钥”,中国经济网
2021-09-10,基本面修复 + 高管增持，银行股的估值修复之旅正在开启吗？,ZAKER
2021-09-10,光大银行信用卡，用行动践行宠物公益之心,凤凰网
2021-09-10,二季度银行业消费投诉大增25%，主要来自两项业务,Wind
2021-09-10,光大银行：加码普惠，扶小助微“解难题”,金融界
2021-09-10,光大银行：大宗商品价格走高缺乏长期支撑,Wind
2021-09-09,光大银行二季度投诉量为股份银行第一，个贷信用卡理财投诉均居前,AI财经社
2021-09-09,光大银行二季度信用卡业务投诉量居股份制商业银行首位,中国经济网
2021-09-09,股份行被投诉8成以上因信用卡，光大银行、中信银行投诉量最高,第一财经
2021-09-09,银保监会：二季度共接收并转送银行业消费投诉84424件，同比增长25.5%,Wind
2021-09-09,银保监会：第二季度光大银行、平安银行的个人贷款业务投诉量位列股份制商业银行前两位,财联社
2021-09-09,房地产贷款增速创8年新低，经营贷违规流入楼市排查基本完成,Wind
2021-09-07,11家上市银行按揭贷款“踩红线”，涉房贷款继续“瘦身”,Wind
2021-09-06,多家银行涉房贷款仍踩红线,Wind
2021-09-06,海外信用评级汇总2021年9月6日星期一,Wind
2021-09-06,2021年度金融知识普及月正式启动，光大银行上海分行开展主题宣传活动,东方网
2021-09-06,监管层集体发声，推进金融业制度型高水平开放,Wind
2021-09-06,天风证券：维持光大银行(601818.SH)“买入”评级 目标价4.81元,智通财经
2021-09-06,天风证券维持光大银行买入评级：业绩同比高增22%，财富管理特色鲜明，目标价4.81元,每日经济新闻
2021-09-06,非农就业数据“爆冷”考验美联储耐心，金融市场波动或会加剧,Wind
2021-09-05,监管层集体发声，推进金融业制度型高水平开放,Wind
2021-09-05,沸腾了！240万银行人涨工资了，加薪最猛竟是TA,Wind
2021-09-03,银行涉房贷款半年考：11家个人住房贷款仍超标,Wind
2021-09-03,26家银行涉房类贷款占比下降 谁还在踩红线,北京商报
2021-09-03,每日理财观察：北京证券交易所来了,Wind
2021-09-03,专家分析：9月份资金面将保持流动性合理充裕,Wind
2021-09-03,利润增厚转型提速，银行中报理财业绩抢眼,Wind
2021-09-02,这两家银行的股价已经盘跌了六年,经济观察报
2021-09-02,成立一年亏1.38亿，阳光消金资产超百亿，曾入列经营异常名单 经营问题,AI财经社
2021-09-02,光大银行(601818.SH)董事李巍任职资格获中国银保监会核准,智通财经
2021-09-02,光大证券：港交所豁免公司关于存款每日最高结余的规定,Wind
2021-09-02,光大证券：8月31日收到香港联交所发出的豁免函,Wind
2021-09-02,北向资金9天加仓近390亿，紫金矿业大幅净买入超11亿元,Wind
2021-09-02,最猛暴赚近20亿！银行理财子公司最新排名来了！,Wind
2021-09-02,光大银行上半年净利增速22.2% 全力服务实体经济践行央企担当,中国网
2021-09-02,高净值财富大爆发，招行突破3万亿，平安半年增长19%领先,Wind
2021-09-02,阳光消费金融成立一年亏损过亿 光大银行兜底到何时？ 亏损,时代周报
2021-09-02,光大银行：财富客户年内要突破105万户,新浪
2021-09-02,银行票据贴现缩量，信贷投放聚焦制造业和小微,Wind
2021-09-02,成立一年亏损过亿，阳光消费金融年内扭亏难，光大银行兜底到何时？,ZAKER
2021-09-02,银行涉房类贷款半年考：超六成占比下降，招行兴业等7家双指标越线,Wind
2021-09-02,光大银行：“跨越计划”落地见实效,新浪
2021-09-01,北向资金、腾讯系、国家队基金纷纷加仓！这个板块终于发威，谁是机构心头好？,Wind
2021-09-01,详解光大银行21年中报：营收平稳向上，利润同比高增22%【中泰银行·戴志锋/邓美君/贾靖】,传统借贷vs新型金融
2021-09-01,光大银行上半年净利润增速达22.18% 负债成本下降14个基点,华夏时报
2021-09-01,光大银行发力投商行一体化转型,经济日报
2021-09-01,光大银行杨兵兵：二季度不良生成率较一季度呈现进一步收敛态势,中证网
2021-09-01,光大银行上半年净利增长22% 行长付万军回应跨越计划目前成效,经济观察网
2021-09-01,农业银行、中国银行、光大银行发布上半年业绩 | 半年报速读,中国银行保险报
2021-09-01,银行行业快评：银行视角看宽信用的难点 关注中小行,新浪
2021-09-01,天阳科技净利润增幅超50% 银行IT渐入佳境？,经济观察网
2021-09-01,光大银行上半年资产总额较上年末增长4047亿元,金融界
2021-09-01,光大银行信用卡上半年交易金额13453.31亿元 同比增长1.65%,中国网
2021-09-01,招行人均月收入5.8万！超半数银行薪酬总盘子两位数增长,Wind
2021-08-31,光大银行上半年净利润增速达22.18%，将不断降低负债成本、提升中收占比,21世纪经济报道
2021-08-31,逾700家上市公司上半年炒493只A股：哪些亏损，哪些赚钱？,第一财经
2021-08-31,光大银行行长：风险可控下提升收益相对较高的零售贷款占比,澎湃新闻
2021-08-31,光大银行行长付万军：增加低成本资金沉淀，促进负债成本进一步改善,证券时报
2021-08-31,5.7万亿光大银行中报：上半年净赚225亿，零售管理规模突破2万亿,金融界
2021-08-31,光大银行副行长杨兵兵：重点关注房地产、互联网金融平台规范化、政府融资平台进一步规范等三方面风险,新浪
2021-08-31,光大银行行长付万军:把“量价双优”纳入到经营考核体系,新浪
2021-08-31,广安爱众(600979.SH)2021年度第一期中期票据发行额为3亿元,智通财经
2021-08-31,光大银行副行长齐晔：上半年私行客户增幅位居股份制商业银行前列,新浪
2021-08-31,从“倍增”到“跨越”：光大银行财富管理发力 数字驱动生态体系建设,和讯
2021-08-31,美银证券：光大银行(6818.HK)估值并不昂贵 重申买入评级,格隆汇
2021-08-31,《商业银行数据资产估值白皮书》：光大银行数据资产价值超千亿,中国经营网
2021-08-31,光大银行半年净赚224亿元，财富管理增厚收益效果明显,资本邦
2021-08-31,光大银行(601818)：营收平稳向上 利润同比高增22%,新浪
2021-08-31,光大银行交通运输、仓储和邮政业不良贷款翻7倍 人均涨薪近2万,AI财经社
2021-08-31,财富管理银行建设成效如何 光大银行半年报给出答案,中国经济网
2021-08-31,一图读懂光大银行2021年中报,证券之星
2021-08-31,光大银行(601818)：业绩超预期 大财富发力,新浪
2021-08-31,【浙商】光大银行21H1：业绩超预期，大财富发力,大话金融
2021-08-31,跨周期调节勾勒政策新动向，护航经济行稳致远,Wind
2021-08-30,中国光大银行：赵陵获聘任为公司副行长,Wind
2021-08-30,光大银行盈利水平大幅提升 上半年净利同比增长22.2%,证券日报网
2021-08-30,光大银行：上半年实现净利润224.36亿元 资产质量稳中向好,中证网
2021-08-30,搜于特上半年净利润亏损13.35亿 逾期债务超13.8亿，多家机构发起诉讼 亏损,经济观察网
2021-08-30,光大银行上半年实现净利润225.1亿元 同比增长22.2%,上证报
2021-08-30,光大银行上半年净利润同比增长22.2% 零售管理规模突破2万亿大关,中国网
2021-08-30,光大银行(601818.SH)半年度净利润为225.06亿元 同比增长22.18%,智通财经
2021-08-30,光大银行上半年实现净利224亿增22.18%，不良率微降,澎湃新闻
2021-08-30,光大银行：上半年净利润同比增长22.18%,Wind
2021-08-30,光大银行(06818.HK)：2021年上半年每股盈利0.37元，去年同期,新浪
2021-08-30,光大银行(06818.HK)：上半年资产总额5.77万亿元，去年同期5.3,新浪
2021-08-30,光大银行(06818.HK)：上半年不良贷款率1.36%，去年同期为1.3,新浪
2021-08-30,光大银行(06818.HK)：上半年信贷损失拨备802.27亿元，去年同期,新浪
2021-08-30,光大银行半年报：上半年净利224亿元 同比增22%,财联社
2021-08-30,光大银行：上半年净利润224.36亿元，同比增长22.18%,Wind
2021-08-30,光大银行(601818.SH)：上半年归母净利增22.18%至224.36亿元,格隆汇
2021-08-30,光大银行深圳分行系统内首批试点动产融资服务新模式,深圳新闻网
2021-08-30,派生科技：控股股东股份解除质押,经济观察网
2021-08-30,美联储明示年内缩减购债，更多发达国家央行或会收紧政策,Wind
2021-08-29,下周行情稳了！免税龙头半年大赚53亿，长城汽车业绩暴增200%，银行业赚翻,Wind
2021-08-28,房企融资“三道红线”一周年，“变绿”成行业目标,Wind
2021-08-28,昌吉银保监局：对中国人民财险昌吉州分公司下属机构昌吉市支公司作出行政处罚，罚款12万元,Wind
2021-08-27,光大银行数字化战略：发力信息科技，打造一流财富管理银行,零壹财经
2021-08-27,A股融资融券日报：两融余额增加5.84亿元（8月26日）,Wind
2021-08-27,一图读懂华海药业2021年中报,证券之星
2021-08-27,深圳市共进电子股份有限公司 2021年半年度募集资金存放与使用情况 专项报告,证券日报
2021-08-27,山东中锐产业发展股份有限公司2021半年度报告摘要,证券时报
2021-08-27,央行出手维稳月末资金面，预计四季度或再次降准,Wind
2021-08-26,光大银行深圳分行2021名店巡礼系列报道|后海支行：在地标性商圈提供优质银行服务,深圳新闻网
2021-08-26,详细解读中信银行21年中报：存贷结构优化，不良双降【中泰银行·戴志锋/邓美君/贾靖】,传统借贷vs新型金融
2021-08-26,【6818】光大银行上半年盈利增22% 不派息 | 头条金融网,头条日报
2021-08-26,“20光大银行永续债”8月26日10时17分发生价格异动 成交价大幅偏离估值,Wind
2021-08-26,赶在全球央行年会召开前，韩国突然加息,Wind
2021-08-25,#光大银行系统崩了#登上热搜后 今明两天多银行系统维护,新浪
2021-08-25,中交地产拟开展20亿购房尾款资产证券化业务,观点地产网
2021-08-24,险资频繁减持银行股透露信号 保险机构业绩承压或意在获利了结释放利润 减持股份,财联社
2021-08-24,银行理财公司新发产品加配权益类，保险机构涉足公募基金代销,新浪
2021-08-24,东方臻善纯债债券型证券投资基金基金份额发售公告,证券时报
2021-08-23,【银华基金】交易日报2021-08-23,新浪
2021-08-23,上海新旧房贷利率切换，有人被卡在中间地带,第一财经
2021-08-23,区域金融要参｜国办：依法加强从事证券业务的会计师事务所监管,21世纪经济报道
2021-08-23,6万亿光大银行陷多事之“秋”：收百万罚单 系统崩溃登上热搜！ 金融监管处罚,新浪
2021-08-23,专访光大银行杨兵兵：剩下的都是“硬骨头” 银行数字化接下来怎么走,新浪
2021-08-23,光大银行：8月31日9：30-10：30召开2021年半年度业绩发布会,Wind
2021-08-23,2021年中国理财市场现状与发展趋势分析 稳中向好、投资助力实体经济发展【组图】,前瞻研究院
2021-08-23,光大银行遭170万元罚单：因贷前调查和贷后管理不尽职等四项违规行为 金融监管处罚,和讯
2021-08-23,光大银行系统又崩了！今年已发布40次升级维护公告,凤凰网
2021-08-23,明令当做耳旁风 多家大行被央妈爆锤 数张大额罚单集中公示,证券之星
2021-08-23,银行业投资观察：中报乐观 经营稳定,新浪
2021-08-23,光大银行昆明分行开展“818光大日”系列活动,云南经济日报
2021-08-23,不进则退！光大银行阳光惠生活App痼疾难消,新浪
2021-08-23,央行再出重拳，5大行被罚1541万，所为何因？,Wind
2021-08-23,因违规向房企发放贷款等案由 光大银行武汉分行被罚款170万元 金融监管处罚,凤凰网
2021-08-23,零售客户高增长 光大银行“财富管理银行”特色更加鲜明,中国金融新闻网
2021-08-23,央行再度重拳出击 5家大行被罚1541万所为何因？,券商中国
2021-08-22,今天，光大银行系统崩了！,丁丁创e
2021-08-22,光大银行回应系统崩了：开展系统切换演练 已全部恢复,新浪
2021-08-22,光大银行系统崩溃上热搜！网友吐槽客服也打不通,新浪
2021-08-22,2021年人民币周报（8.16-8.21）：美联储收紧意图显现，人民币承压,Wind
2021-08-22,违规向四证不全房地产项目放贷等 光大银行武汉分行被罚170万 金融监管处罚,中华网
2021-08-22,起投仅100元！地方债上了银行柜台 平均利率2.6%以上,新浪
2021-08-21,罚款超1700万！央行、银保监出手，建行、交行、光大等六银行“栽了”！ 金融监管处罚,中国基金报
2021-08-21,广州房贷利率五连升 购房者月供多还千余元,经济观察网
2021-08-21,深圳劲嘉集团股份有限公司 2021年前三季度业绩预告,证券日报
2021-08-20,湖北银保监局：对光大银行武汉分行作出行政处罚，罚款170万元,Wind
2021-08-20,用友网络(600588)2021年半年报点评：头部客户持续突破 云转型战略实现拐点级突破,光大证券
2021-08-20,内部联动、强化协同，光大银行为长三角一体化发展注入金融活水,第一财经
2021-08-20,贷前调查不尽职等四项违规！光大银行武汉分行被罚170万,新浪
2021-08-20,光大银行官宣数据资产超千亿 快来算算自家银行身价几何！,中国电子银行网
2021-08-20,中国光大银行武汉分行“政采贷”：创新促进普惠金融持续发展,金融界
2021-08-20,阳光消费金融贷款余额超过110亿元，用户数突破550万户,零壹财经
2021-08-20,建党百年 风华圳茂｜光大银行深圳分行2021名店巡礼系列报道高新技术园支行：一家“千佳网点”的服务创造价值之路,深圳新闻网
2021-08-20,自家数据到底值多少钱？速看！光大银行给了一套公式,和讯
2021-08-20,中国电信今日上市！引入“绿鞋机制”，A股史上这些公司曾有先例，股价表现如何？,财联社
2021-08-20,城商行破冰QFII托管业务：中小银行跨境托管业务迎新机遇,金融时报
2021-08-19,【银华基金】交易日报 2021-08-19,新浪
2021-08-19,广州房贷利率五连涨！二套利率破6、每月多还一千多！,经济观察报
2021-08-19,用友网络(600588)：核心业务高速增长 决胜大型企业数智化浪潮,新浪
2021-08-19,光大银行中高层变阵：副行长曲亮不再兼任北京分行行长 常务副行长王罡接棒,新浪
2021-08-19,光大携手JCB升级时尚联名信用卡，发布关爱女性新主张,凤凰网
2021-08-19,阳光消费金融业绩曝光 重度依赖母行,新浪
2021-08-19,光大银行突出财富管理特色 走专业化零售金融转型之路,上证报
2021-08-19,中国光大银行成都分行：阳光服务办实事 多措并举为民情,四川日报
2021-08-19,战略引领，光大银行财富管理标签日益鲜亮,财经网
2021-08-18,年内第五次“提价”！广州多家银行房贷利率再上调 二套利率破“6”,经济观察报
2021-08-18,【银华基金】交易日报 2021-08-18,新浪
2021-08-18,6家银行新增百亿授信，苏宁易购新战略再获资金支持,Wind
2021-08-18,2021年中国中小银行金融科技市场发展现状分析 技术与业务融合度有待加深【组图】,前瞻研究院
2021-08-18,中国光大银行倾力服务民营小微企业,中国金融新闻网
2021-08-17,【银华基金】交易日报 2021-08-17,新浪
2021-08-17,服务民生 传递温暖——光大银行昆明分行钱局街支行开展爱心公益活动,云南经济日报
2021-08-17,打造具有光大特色的消费金融生态 阳光消费金融成立一周年硕果累累,大众证券报
2021-08-17,2021年中国中小企业融资市场现状分析 中小银行融资支持更持续,前瞻研究院
2021-08-17,A股融资融券日报：两融余额增加8.88亿元（8月16日）,Wind
2021-08-17,我为群众办实事，光大银行用心、用情服务小微企业,21世纪经济报道
2021-08-16,【银华基金】交易日报 2021-08-16,新浪
2021-08-16,银行行业周报：中报催化估值修复行情 关注业绩超预期个股,新浪
2021-08-16,2020上市银行信用卡：发卡量两极分化、投诉占比过半、不良普升,新浪
2021-08-16,光大银行太原分行3家支行被罚90万元 3人被警告处罚 金融监管处罚,山西日报
2021-08-16,消费者信心下降，美联储持续逆回购“回收”过剩流动性,Wind
2021-08-14,中国光大银行东京代表处揭牌开业,大众证券报
2021-08-13,QFII托管行阵营扩容 首家城商行纳入 中小行布局跨境托管加速,财联社
2021-08-13,海外信用评级汇总2021年8月13日星期五,Wind
2021-08-13,穆迪：授予光大银行50亿美元中期票据计划“(P)Baa2/(P)P-2”评级,Wind
2021-08-13,生益电子公布半年报 上半年净利减少56.59% 盈利能力下降,新浪
2021-08-13,中国光大银行阳光e粮贷：线上赋能粮食交易全流程,金融界
2021-08-13,光大银行(601818.SH)50亿美元中期票据计划已于8月13日生效,智通财经
2021-08-13,房贷利率走出“独立曲线”,中国经济网
2021-08-12,茂业商业控股股东1.2亿股解押 续贷办理质押1.5亿股,观点地产网
2021-08-12,人行海口中支：支持“小”生意 服务“大”民生,中国金融新闻网
2021-08-11,陶亿国召开全区政府债券资金使用进度和争取债券资金项目包装工作调度会,搜狐
2021-08-11,嘉实基金董事长赵学军：公募基金与商业银行工作建立财富管理新生态,凤凰网
2021-08-11,光大银行状告福晟集团，案由为金融借款合同纠纷 诉讼纠纷,乐居财经
2021-08-11,中国光大银行副行长齐晔：财富管理步入差异化竞争时代,凤凰网
2021-08-10,《商业银行数据资产估值白皮书》：光大银行数据资产价值超千亿,中国经营报
2021-08-10,角逐财富管理市场，光大银行将有新动作,河南商报
2021-08-10,银行财眼 | 光大银行滨州分行被拉横幅后续：让客户继续存钱买新产品,凤凰网
2021-08-10,角逐财富管理市场，又一家银行将有新动作,南都网
2021-08-09,以科技助推金融行业持续进化,证券时报网
2021-08-09,东京！光大银行海外布局再落一子,中国经济网
2021-08-09,网传光大银行滨州分行屡屡骚扰客户求合作,新浪
2021-08-09,《商业银行数据资产估值白皮书》重磅发布,瞭望
2021-08-09,光大国际化迈出新步伐 东京代表处揭牌开业,深圳新闻网
2021-08-07,银行风险偏好趋降、经营环境改善，惠誉上调5家中资股份行生存力评级,华夏时报
2021-08-07,东京代表处揭牌开业 光大国际化迈出新步伐,和讯
2021-08-06,中国光大银行东京代表处揭牌开业,中国网
2021-08-06,宁圣国际与光大银行签署合作协议，能够加快其供应链战略的实施？,美股研究社
2021-08-06,构建财富管理新生态，这家银行在行动,21世纪经济报道
2021-08-05,宁圣国际(NISN.US)与光大银行签署合作协议，获取授信支持,智通财经
2021-08-05,海外信用评级汇总2021年8月5日星期四,Wind
2021-08-05,[公司]顺博合金：拟利用2.5亿元限制资金理财,全景网
2021-08-05,[公司]顺博合金：未到期理财余额约1.65亿元,全景网
2021-08-05,行长录音曝光！某银行被拉横幅，监管介入！,中金在线
2021-08-05,惠誉：确认光大银行的长期发行人违约评级为“BBB”，展望稳定；上调其生存力评级至“bb-”,Wind
2021-08-05,58股获券商买入评级，明新旭腾目标涨幅达85.74%,Wind
2021-08-04,最新！银行App月活排行榜 工行农行建行位列前三,新浪
2021-08-04,某银行被客户拉横幅！行长录音曝光！,丁丁创e
2021-08-04,光大银行(601818.SH)拟发放优先股股息3.90亿元,格隆汇
2021-08-04,光大银行(601818.SH)：“光大优2”拟每股派3.9元 8月11日发放股息,智通财经
2021-08-04,信用卡业务成投诉“重灾区” 一季度哪些银行被投诉最多？,奥一网
2021-08-04,【招商证券深度】光大银行：立志打造一流财富管理银行,志明看金融
2021-08-04,又现“倒挂”！上半年张家口银行手续费及佣金净收入亏损4.68亿 亏损,凤凰网
2021-08-04,光大银行(601818)：立志打造一流财富管理银行,新浪
2021-08-04,招商证券：予光大银行(601818.SH)“强烈推荐-A”评级 价值区间4.4-4.8元,智通财经
2021-08-04,观点 | 科技赋能金控公司数字化转型与发展,中经导报
2021-08-04,超20家银行暂停贵金属新开户业务 经营问题,Bank资管
2021-08-03,用友网络(600588)公司点评：景气加速与竞争力认知的拐点,新浪
2021-08-03,畅通金融血脉 强健经济肌体 上半年渝中金融业再展“硬核”担当,钢企网
2021-08-03,“因市场风险较大” 招行收紧贵金属业务,投资快报
2021-08-03,银行股凄凄惨惨戚戚 存银行不如当股东？,证券时报
2021-08-03,7月银保个股遭北向资金抛弃？26只被净减持12只被净增持 近一周已有资金回归迹象 减持股份,财联社
2021-08-02,银行业投资观察：金融政策以稳应变,新浪
2021-08-02,《财富》世界500强：10家中国银行上榜工行居首，贡献中国上榜公司41%利润,搜狐
2021-08-02,光大银行滨州分行泄露客户信息遭举报？ 网友称监管部门已受理并介入调查 诉讼纠纷,新浪
2021-08-02,行长录音曝光！光大银行滨州分行遭维权始末,新浪
2021-07-30,"基金代销排名公布：蚂蚁非货基金规模破万亿 ""依样画葫芦""的银行沦至追赶地位？",新浪
2021-07-30,全行首单！光大银行深圳分行承销发行华润电力投资有限公司“碳中和”资产支持票据,南都网
2021-07-30,光大银行：代发业务数字化转型获突破,中国金融新闻网
2021-07-29,【华西计算机】用友网络 | 点评报告：迎国产化东风，斩获多个千万级大项目,科技晶选
2021-07-29,华西证券：维持用友网络(600588.SH)“买入”评级 YonBIP实现产品再升级,智通财经
2021-07-29,光大银行天津分行落地全国首单公务机离岸租赁贷款业务,中国金融新闻网
2021-07-28,中央结算公司支持进出口银行成功发行首只抗洪涝稳外贸主题金融债,Wind
2021-07-28,光大银行北京分行副行长王文浩：光大银行将全力推动数字化转型,新浪
2021-07-28,打造温暖且有担当的民生服务先锋队,中国金融新闻网
2021-07-26,大数据存储量达41ZB！有银行已“提炼”出数据能源,和讯
2021-07-25,利好！多家银行今日起暂免或下调ATM跨行取现费用，你的银行卡手续费降低了吗？,北京商报
2021-07-25,用友网络(600588)公司跟踪报告：进一步焦聚云主业 行业国产化标杆多点开花,新浪
2021-07-23,银行网点冷落理财产品 基金、保险产品成推介首选,证券日报
2021-07-22,TOP30基金手中的1.1万亿在二季度买了啥？9只个股二季度涨幅超100%,新浪
2021-07-22,光大银行信息科技部业务经理陈玉河涉嫌严重违法被查 金融监管处罚,澎湃新闻
2021-07-22,智能运维实践年度报告发布 必示科技助力AIOps发展,凤凰网
2021-07-22,光大银行首次进行零售个贷不良贷款批量转让,中国银行保险报
2021-07-22,张坤、萧楠等顶流集体加仓一个板块,Wind
2021-07-21,金融线上化成趋势 代发数字化转型在路上,东方网
2021-07-21,张坤等公募加仓银行股，能否跌出“黄金坑”？,Wind
2021-07-21,独家：揭秘光大银行重庆分行行长谷晶 从中信跳槽过来看问题很透彻,运营商财经网
2021-07-21,光大银行太原分行同一天区域内两家支行被罚 行长王萍重视吗？ 金融监管处罚,运营商财经网
2021-07-21,多家银行遏制积分套利 信用卡羊毛难薅了,北京商报
2021-07-20,遏制积分套利 多家银行调整信用卡积分规则 羊毛越来越难薅了,北京商报
2021-07-20,拉卡拉进邮储银行“黑名单” 此前已遭多家银行“拉黑”,和讯
2021-07-20,近年银保监会官网都披露过哪些处罚案例？ 金融监管处罚,和讯
2021-07-19,工银聚润6个月持有期混合基金将于7月20日开启发售,中证网
2021-07-19,上市银行行长进入“换血周期”，每四家银行就有一家年内换人，60后仍占据多数,证券之星
2021-07-19,新居住“数字空间”建设正当时 贝壳携手产业方加速服务共融,中国经营报
2021-07-17,以券结模式首发告捷，个人系新基金汇泉1号产品募集超36亿，主代销光大证券销售超六成,财联社
2021-07-17,光大银行太原三支行存两大违法违规行为被查：累计罚款90万元 三名员工被警告 金融监管处罚,新浪
2021-07-16,东湖高新：为泰欣环境提供2亿元授信担保 大额借贷担保,中国网
2021-07-16,光大银行三家支行被罚90万 相关负责人均被警告 金融监管处罚,新浪
2021-07-15,浦发银行行长等高管共购入逾43万股自家股票，承诺锁定两年,澎湃新闻
2021-07-15,山西银保监局：对光大银行太原双塔西街支行作出行政处罚，罚款30万 金融监管处罚,Wind
2021-07-15,山西银保监局：对光大银行太原解放南路支行作出行政处罚，罚款30万元 金融监管处罚,Wind
2021-07-15,光大银行太原解放南路支行被罚30万：同业投资投向管理不力 金融监管处罚,新浪
2021-07-15,光大银行太原双塔西街支行被罚30万：贷后管理不尽职 金融监管处罚,新浪
2021-07-15,山西银保监局：对光大银行太原漪汾街支行作出行政处罚，罚款30万元 金融监管处罚,Wind
2021-07-15,银行基金代销动作不断，坚持以客户服务为中心,资本邦
2021-07-15,“银行适老化”老人谈感受：银行人员很礼貌 绿色通道太稀少,奥一网
2021-07-15,穗15家银行“适老化”深调研：多数未设专窗，排长队较常见,奥一网
2021-07-15,银行打响基金代销争夺战，加大C类份额、调降费率,Wind
2021-07-14,上海三毛：使用1.1亿元闲置自有资金购买短期理财产品,金融界
2021-07-13,以模式创新激发代发业务新活力，光大银行开启数字代发新篇章,大众证券报
2021-07-13,上半年A股上市银行人事大起底：4家迎来新董事长 10家行长换新,中国网
2021-07-12,光大银行：A股每股派0.21元7月21日发放现金红利,北京商报
2021-07-12,光大银行：将“光大转债”转股价格由3.76元/股下修至3.55元/股,Wind
2021-07-12,光大银行(601818.SH)将于7月21日发放2020年度A股普通股股息 每股派0.21元,智通财经
2021-07-12,光大财富汇 我们来相会 | 周末活动官宣,新浪
2021-07-12,光大银行状告福星惠誉，案由为金融借款合同纠纷,乐居财经
2021-07-12,光大银行天津分行拒绝为用户兑现汇票被告 行长张荣军怎么看？,运营商财经网
2021-07-12,恒达陶瓷被列被执行人，曾被判对千万债务承担连带清偿,乐居财经
2021-07-12,WAIC新居住科技论坛：贝壳找房携手产业共建数字空间,亿欧网
2021-07-12,一季度工商银行被投诉次数最多 邮储银行理财类业务投诉量居首,中华网
2021-07-12,银保监会：第一季度银行业消费投诉环比增长2.9%,上证报
2021-07-12,银保监会：工行、农行投诉量位列国有大型商业银行前两位,银保监会
2021-07-12,银保监会：一季度接收并转送银行业消费投诉78414件，环比增长2.9%,Wind
2021-07-12,零售转型棋至中盘 财富管理激战将至,金融时报
2021-07-08,贝壳找房举办WAIC新居住科技论坛 以数字空间照见居住产业新未来,新浪
2021-07-08,【2021世界人工智能大会】新居住“数字空间”亮相世界人工智能大会,--
2021-07-08,财富客户突破100万户 光大银行持续加力零售转型,中国金融新闻网
2021-07-07,泛海控股：公司及武汉公司被光大银行武汉分行起诉 诉讼纠纷,财联社
2021-07-07,泛海控股：光大银行将公司及控股子公司诉至法院,Wind
2021-07-07,二手房“停贷”？谣言！,广州日报
2021-07-07,关于部分银行银期转账系统暂停使用的公告,东海e财通
2021-07-07,券业老将、银行行长、险企老总都来了 私募业有何魅力,新浪
2021-07-07,立达信: 立达信首次公开发行股票招股说明书摘要,证券之星
2021-07-07,中国光大银行股份有限公司关于2020年度A股分红派息实施时“光大转债”转股连续停牌的补充提示性公告,中证报
2021-07-06,光大银行：“光大转债”7月12日起停止转股,Wind
2021-07-06,零售财富客户突破100万户，光大银行财富管理实现新跨越,金融界
2021-07-06,再升三位！光大银行“2021全球银行1000强”排名上升至32位,金融投资网
2021-07-06,调研次数增加，理财公司投资视野不断扩大,Wind
2021-07-05,再升三位！光大银行“2021全球银行1000强”排名上升至32位,中国网
2021-07-05,泛海控股(000046.SZ)及武汉公司被光大银行武汉分行起诉要求偿还贷款本金15.5亿元及利息、罚息等等 诉讼纠纷,格隆汇
2021-07-05,光大银行：“光大转债”累计转股约15.43亿股,每日经济新闻
2021-07-05,银行加速零售坏账“出表”个贷不良资产处置提速,中国经营报
2021-07-05,独家测评22家银行大额存单最新情况 存款利率自律上限调整≠降息,南方日报
2021-07-02,速查！这些银行卡将被销户！,光明网
2021-07-02,中远海发：子公司对下属公司提供担保,Wind
2021-07-02,新！2分钟可查征信记录 信用卡还晚了可能影响房贷利率,北京商报
2021-07-01,这些银行App能免费查征信！实测2小时下报告 再不知道你就OUT啦,北京商报
2021-07-01,深度*行业*银行业周报：6月LPR报价持平 关联交易管理文件落地,新浪
2021-07-01,二十五年真抓实干 中国光大银行重庆分行 交出这样一份高质量发展“答卷”,上游新闻
2021-07-01,“传承红色基因，抢抓时代机遇”光大银行深圳分行用实干献礼建党100周年,深圳新闻网
2021-07-01,格局即命运！盘点银行数字化战略,新浪
2021-06-29,金融科技案例 | 银行IT开科唯识：扩展创新支付及财富管理业务，拟登陆创业板,零壹财经
2021-06-29,光大银行今日召开2020年股东大会 审议十项方案,新浪
2021-06-29,中间业务较其他股份行存在差距？光大银行董事长：需要长期生态管理,新浪
2021-06-29,直击光大银行股东大会：管理层回应申请设立金控、存款利率上限调整等问题,21世纪经济报道
2021-06-29,中国光大银行重庆分行： 筑梦巴渝廿五载，含弘光大谱华章,上游新闻
2021-06-29,光大银行深圳分行积极服务实体经济 勇担使命,深圳新闻网
2021-06-28,光大银行成都分行持续优化适老服务，为营业网点网银体验区配备大字符键盘,金融投资报
2021-06-28,拉夏贝尔：公司及附属公司等方被法院强制执行民事调解书，要求支付共29.15万元 违约失信,Wind
2021-06-28,年内近40位上市银行高管涉职务变动 “年轻化”趋势明显,北京商报
2021-06-28,光大银行“物流通”赋能物流企业,中国金融新闻网
2021-06-27,铁打的营盘流水的“将”！年内近40位上市银行高管现职务变动,北京商报
2021-06-27,当线上金融服务强势崛起，银行网点转型路在何方？,东方网
2021-06-27,拉夏贝尔(06116.HK)诉讼进展公告 诉讼纠纷,财华社
2021-06-27,机构本周“再评估”107股 光大银行距目标价空间超八成,财富动力网
2021-06-26,光大银行“物流通”助力物流行业驶向数字化转型“快车道”,东方网
2021-06-25,步长制药(603858.SH)：向光大银行济南分行申请最高2亿元授信额度,格隆汇
2021-06-25,拉夏贝尔(06116.HK)：光大银行起诉事项已进入申请强制执行阶段 诉讼纠纷,格隆汇
2021-06-25,北向资金本周爆买A股超200亿，连续加码金融股,Wind
2021-06-25,银行“内鬼”伙同他人套取光大银行一分行2400万元巨款,GPLP犀牛财经
2021-06-25,A股融资融券日报：两融余额增加11.6亿元（6月24日）,Wind
2021-06-25,碳交易市场启动在即，银行业积极探路碳金融,Wind
2021-06-24,满帮集团成功登陆纽交所 光大银行“物流通”赋能“数字货运第一股”,金融投资报
2021-06-24,央行研究局报告：应重点加大对清洁能源领域绿色贷款支持,Wind
2021-06-24,满帮集团成功登陆纽交所 光大银行“物流通”赋能“数字货运第一股”,中国网
2021-06-24,A股融资融券日报：两融余额增加57.06亿元（6月23日）,Wind
2021-06-23,骚扰电话投诉超标 光大银行被点名,新浪
2021-06-23,北向资金近82亿资金大幅加码A股，药明康德净买入近8亿元,Wind
2021-06-23,助力中小微企业数字化转型 企业手机银行服务升级,东方网
2021-06-23,央行上海总部：上海市金融科技创新监管试点第三批创新应用提供服务,Wind
2021-06-22,年薪239万股份行副行长卸任后的下一站 姚仲友或履新光大金融租赁董事长,新浪
2021-06-21,重磅！2021银行金融科技最新布局：战略走向纵深 科技实力大分化,新浪
2021-06-21,韩复龄任职获批光大银行独立董事,新浪
2021-06-21,光大银行独立董事韩复龄任职获批,和讯
2021-06-21,快讯｜银保监会核准韩复龄光大银行独立董事的任职资格,财经网
2021-06-20,光大银行再现高管变动！姚仲友辞任副行长一职 董监高成员变化,资本邦
2021-06-19,重磅！光大银行最资深副行长辞任 高级管理层大换血 董监高成员变化,新浪
2021-06-19,“东方红万里行”第9000场活动在光大银行举办 合力开展专业客户服务,中国基金报
2021-06-18,【港股通】光大银行(06818)姚仲友辞任副行长职务 董监高成员变化,和讯
2021-06-18,光大银行(601818.SH)将于6月25日派发第一期优先股股息,智通财经
2021-06-18,光大银行：副行长姚仲友辞任 董监高成员变化,每日经济新闻
2021-06-18,光大银行(601818.SH)：姚仲友辞任副行长职务 董监高成员变化,智通财经
2021-06-18,姚仲友辞任光大银行副行长职务 董监高成员变化,新浪
2021-06-18,河北银保监局：一季度银行业消费投诉894件 工农邮储农行投诉量前三,银保监会
2021-06-18,光大银行：执行董事、副行长姚仲友因工作调整辞职 董监高成员变化,Wind
2021-06-18,齐商银行与光大银行济南分行签署战略合作协议,中国网
2021-06-18,无锡农商行一支行原行长受贿被捕 被没收财产80万 董监高成员异常事件,GPLP犀牛财经
2021-06-18,理财子公司产品销售渠道拓宽,Wind
2021-06-17,观案｜无锡农商行一支行行长违法违纪被点名 8年任职4家银行共受贿1482万余元 金融监管处罚,财经网
2021-06-17,黑龙江一季度银行业消费投诉623件 贷款类纠纷占比近5成,新浪
2021-06-17,创新赋能高质量发展 光大银行推出企业手机银行1.0,中国经济网
2021-06-17,光大银行广州分行助力光大理财成功参投 全国首批公募REITs广河高速基础设施证券投资基金,财富动力网
2021-06-15,中国光大银行：6亿美元2024年到期的票据预计将于6月16日上市,Wind
2021-06-15,险资一路减持 A股“第一大傻”银行股路在何方？ 减持股份,中新经纬
2021-06-15,深度*行业*银行业周报：现金管理新规落地 5月社融增速下行,新浪
2021-06-15,零售AUM突破2万亿元 光大银行零售转型成效凸显,中国金融新闻网
2021-06-15,分红4900亿！险资却一路减持，银行股路在何方？,Wind
2021-06-15,【山证非银】光大证券（601788.SH）深度报告：轻装上阵，受益于光大集团协同生态圈,山西证券研究所
2021-06-14,真金白银分红4900亿险资却一路减持，萎靡不振的A股“第一大傻”银行股路在何方？ 减持股份,21世纪经济报道
2021-06-13,银行业周报：社融增速或逐渐企稳 现金管理新规靴子落地,新浪
2021-06-12,商业银行业日报,新浪
2021-06-11,王海怀与光大银行行长付万军座谈交流,中国交建
2021-06-11,宁波银保监局：对光大银行宁波分行作出行政处罚，罚款1万元 金融监管处罚,Wind
2021-06-11,湖北银保监局：对光大银行襄阳分行作出行政处罚，罚款70万元 金融监管处罚,Wind
2021-06-11,光大银行宁波分行被罚1万：未及时对离职人员办理执业登记注销手续 金融监管处罚,新浪
2021-06-11,区域金融要参丨监管发文规范现金管理类理财产品，湖北银行拟增资扩股11%，多家银行收罚单,21世纪经济报道
2021-06-11,光大银行南昌西湖支行被罚超110万元，因借贷搭售保险产品等问题 金融监管处罚,零壹财经
2021-06-11,光大银行襄阳分行被罚70万：贷款三查不尽职导致信贷资金被挪用 金融监管处罚,新浪
2021-06-11,光大银行成都分行积极参与成都市高校防电信网络诈骗主题宣传活动,金融投资报
2021-06-11,鸿蒙用户7天超1000万，券商、基金、银行、保险入圈,Wind
2021-06-11,新行长正式上任，光大银行能否开启新征程？,搜狐
2021-06-11,杭州多银行房贷利率20天升3次，传递什么信号,Wind
2021-06-11,总额约4900亿元 上市银行年度分红大戏开锣,中证网
2021-06-11,总额约4900亿元，上市银行年度分红大戏开锣,Wind
2021-06-11,银行理财子发力权益类产品，招兵买马求贤若渴,Wind
2021-06-10,华晨中国：光大银行针对金杯汽控的18.18亿元的申索将于6月17进行聆讯,Wind
2021-06-10,华晨中国(01114)：光大银行针对金杯汽控的18.18亿元的申索将于6月17进行聆讯,智通财经
2021-06-10,华晨中国(01114.HK)：光大银行针对金杯汽控的法律程序已排期于6月17日进行聆讯,格隆汇
2021-06-10,北向资金连续3日净买入，隆基股份获大幅净买入超21亿元,Wind
2021-06-10,江西银保监局：对光大银行南昌西湖支行作出行政处罚，罚款110万元,Wind
2021-06-10,借贷搭售保险产品，光大银行一支行因贷款多项问题一日被罚110万元 金融监管处罚,资本邦
2021-06-10,光大银行一支行因违规办理存单质押贷款等共被罚110万 金融监管处罚,中华网
2021-06-10,光大银行南昌西湖支行被罚110万元：以贷转存违规办理存单质押贷款等 金融监管处罚,新浪
2021-06-10,A股融资融券日报：两融余额减少2.5亿元（6月9日）,Wind
2021-06-09,金科股份：金科控股及黄红云质押1300万股股份,乐居财经
2021-06-09,光大银行零售转型成效凸显 零售客户金融资产突破2万亿,中投网
2021-06-09,康弘药业：子公司济生堂药业使用自有资金7000万元购买理财产品,发布易
2021-06-08,华为鸿蒙跨界搅动金融业多家银行保险机构纷纷入场想象空间竟然这么大！,财联社
2021-06-08,西藏首家电子营业执照开户业务落地,中国金融新闻网
2021-06-08,银行日报：温州银行新领导班子的挑战,中投网
2021-06-08,助力地方特色产业发展 光大银行南昌分行服务实体经济质效显着,中国网
2021-06-08,网友质疑光大银行网银令牌乱收费：想钱想疯了？,新浪
2021-06-08,商业银行业日报,新浪
2021-06-08,惠誉：授予光大银行香港分行拟发行长期高级无抵押票据“BBB(EXP)”预期评级,Wind
2021-06-08,新冠疫苗紧急使用年龄扩到3岁以上；雄安新区首批财险机构获准开业；三星财险拟增资5.52亿元；信托资产规模连续13个季度下降,中国银行保险报
2021-06-08,银行理财子公司权益类产品发行升温,Wind
2021-06-07,付万军光大银行行长任职资格获批,中国网
2021-06-07,A股融资融券日报：两融余额减少27.87亿元（6月4日）,Wind
2021-06-06,这家股份行行长任职资格获批！,和讯
2021-06-05,光大银行(06818.HK)收到银保监核准付万军任行长,财华社
2021-06-04,光大银行(601818.SH)：付万军行长任职资格获中国银保监会核准,格隆汇
2021-06-04,北向资金今日净买入30.67亿元，贵州茅台净买入近5亿元,Wind
2021-06-04,4900亿银行股现金分红来了：大部分股息率高于4%，3家分红比率下降,21世纪经济报道
2021-06-03,新疆银保监局：对合众人寿阿克苏中心支公司作出行政处罚，罚款15万元 金融监管处罚,Wind
2021-06-02,华为明有重磅会议，将与多家上市公司发布新合作计划,Wind
2021-06-02,光大理财闪到“腰” 频换权益投资经理、业绩表现不佳 盈利能力下降,新浪
2021-06-02,去年亏损6.71亿元 高伟达能靠信贷系统项目翻身么？ 亏损,腾讯网
2021-06-02,16+1，全国性银行企业手机银行扩军！对公业务新增哪些数字化可能？,和讯
2021-06-01,银行权益理财太难了！业绩表现不佳公司两度换将 盈利能力下降,Wind
2021-06-01,谁在打骚扰电话、发垃圾短信？光大、京东、学而思等被点名,澎湃新闻
2021-06-01,光大银行副行长杨兵兵：银行4.0时代，光大企业手机银行1.0为何恰逢其时,21世纪经济报道
2021-06-01,买假基金损失5658万元 建设银行、光大银行等承担补充赔偿责任,GPLP犀牛财经
2021-06-01,朗科科技：使用部分闲置募资8000万元购买光大银行资产管理类理财产品。,新浪
2021-06-01,午间公告2021年6月1日星期二,Wind
2021-06-01,银行理财产品移行提速 资管新规进入过渡期,北京商报
2021-06-01,光大银行升级企业手机银行服务,中国金融新闻网
2021-05-31,资管新规过渡期开启倒数 又有两家银行启动新一轮理财产品移行，部分产品暂时停止申赎,北京商报
2021-05-31,光大银行企业版手机银行APP发布,新浪
2021-05-29,"光大银行成都分行组织开展""打击治理电信网络诈骗犯罪""常态化宣传活动",金融投资报
2021-05-29,震惊！国有大行竟卖假基金，涉资5000万！法院出手了,中国基金报
2021-05-29,光大银行支持民企和特色产业发展,中证报
2021-05-28,光大银行：独立董事韩复龄任职资格获银保监会核准,北京商报
2021-05-28,韩复龄出任光大银行独立非执行董事获中国银保监会批准,新浪
2021-05-28,多家银行信用卡分期收入超过百亿 揭开信用卡“暴利”真相,新浪
2021-05-28,快讯｜光大银行：韩复龄获准担任本行独立董事,财经网
2021-05-28,光大银行成都分行落地首笔“电子营业执照”小程序预约开户业务,金融投资报
2021-05-28,光大银行(601818.SH)：韩复龄董事任职资格获中国银保监会核准,格隆汇
2021-05-28,光大银行推出全新企业手机银行服务,中国网
2021-05-28,VIP 客户买了 5000 万假基金 建行等三家银行卷入虚假基金诈骗案 欺诈造假,ZAKER
2021-05-28,卷入虚假基金诈骗案 建行中信光大等被判承担连带责任 欺诈造假,证券日报
2021-05-28,卷入虚假基金诈骗案，三家银行被判承担连带责任,Wind
2021-05-28,卷入虚假基金诈骗案 三家银行被判承担连带责任 欺诈造假,全景网
2021-05-27,严防反弹压力，多家银行为不良贷款债权挂牌“寻嫁”,北京商报
2021-05-27,“DCE产业行—走进嘉兴” 光大产业高峰论坛成功举办,期货日报网
2021-05-27,利用虚假基金产品非法集资!三家涉案银行合计被执行超4700万 欺诈造假,资本邦
2021-05-27,光大银行企业手机银行1.0即将发布 这些“功能彩蛋”不容错过,深圳新闻网
2021-05-27,哪些行业不良贷款率高？,岳读债市
2021-05-27,A股融资融券日报：两融余额增加50.37亿元（5月26日）,Wind
2021-05-27,光大银行推出企业手机银行1.0，打造“B+C”新生态，以综合金融服务赋能企业发展,每日经济新闻
2021-05-26,农发行成功发行首单支持冷链物流建设主题金融债券,Wind
2021-05-25,人民币汇率再创近三年新高，如何影响股债市场？,Wind
2021-05-25,A股融资融券日报：两融余额增加58.06亿元（5月24日）,Wind
2021-05-24,光大银行江西信贷投放样本：依托金控“航母”千亿级资金支持实体产业,中国经营报
2021-05-23,中基协公募基金销售保有量点评：谁在争夺银行的基金代销蛋糕,招商银行
2021-05-22,【晨观方正】宏观/银行/海外·互联网/科技&电子/医药/交运/机械 20210522,新浪
2021-05-21,银证期携手成功举办光大产业高峰论坛,光大期货
2021-05-21,一线调研｜光大银行南昌分行：积极为村镇银行改革重组开辟新路,21世纪经济报道
2021-05-21,光大集团：开启服务乡村振兴新篇章,中国金融新闻网
2021-05-21,抓重点、加力度 银行加码助力乡村振兴,新浪
2021-05-20,21解读丨招行欧洲分行之外又设子行 中资银行如何布局全球？,21世纪经济报道
2021-05-20,安永报告：上市银行空前重视金融科技 风险防控将是未来数年关键词,21世纪经济报道
2021-05-20,专访光大银行副行长齐晔： 供给、需求两侧同频共振为大资管创造时代机遇,21世纪经济报道
2021-05-20,存钱要留意！继5家银行“违规”点名后，又一银行被官方“批评” 金融监管处罚,腾讯网
2021-05-19,部分险资已兑现前期银行股浮盈 科技和消费或为下阶段发力重点,财联社
2021-05-19,记者观察：银行网点走向何方？,中国银行保险报
2021-05-19,制造业保卫战已打响 股份行支持制造业谁最卖力？,和讯
2021-05-19,股份行支持制造业大比拼：谁在冲刺？谁在赶超？,新浪
2021-05-19,东北证券--固收转债专题报告：转债深度报告，银行转债怎么看？【债券研究】,金融界股吧
2021-05-19,2020银行年报拍案惊奇：小行科技投入占比不输大行,中国电子银行网
2021-05-19,中银证券--银行业周报：行业基本面改善，社融增速下行【行业研究】,金融界股吧
2021-05-19,民生银行15位高管斥资千万买自家股票，所为何因？,Wind
2021-05-18,深度*行业*银行业周报：行业基本面改善 社融增速下行,新浪
2021-05-18,光大银行推出奖励措施 大力发展云缴费业务,证券时报网
2021-05-17,A股融资融券日报：两融余额增加42.69亿元（5月14日）,Wind
2021-05-15,“踢爆”金融消费套路 2021光大银行深圳分行阳光消保健康跑圆满落幕,深圳新闻网
2021-05-14,炸锅！公募基金销售保有规模首次公开 工行竟然不是老大？,新浪
2021-05-14,招行、蚂蚁、工行拿下基金销售前三强， “大财富”下代销如何转型？,21世纪经济报道
2021-05-14,A股融资融券日报：两融余额减少1.64亿元（5月13日）,Wind
2021-05-13,A股上市股份行首季净利增速排名：平安招行兴业领先,中国经济网
2021-05-13,银行业能否扛起金融科技创新大旗？看几个关键指标就清楚了,和讯
2021-05-13,多家中小行一季度营收出现负增长，投资收益成拖累，3家大降95%,Wind
2021-05-13,银行理财子权益产品一季度维持高仓位运作,Wind
2021-05-13,一季度投资收益挺不住，多家中小银行营收露“负”,Wind
2021-05-12,一季度银行业监管指标释放暖意银行股现普涨，估值改善机会来了吗,北京商报
2021-05-12,上海三毛：使用1.1亿元闲置自有资金购买短期理财产品,发布易
2021-05-12,银行股回暖？张坤谢治宇都在买，国家队、险资却撤离,Wind
2021-05-12,青岛房贷利率暂无上调迹象国内多地房贷利率上调,搜狐
2021-05-12,银行业一季报综述暨银行业中报展望,资本邦
2021-05-12,保险搭售为何屡禁不绝,中国金融新闻网
2021-05-12,热搜刷屏！财政部突传重磅，房地产税大消息来了！,Wind
2021-05-12,一季度业绩增长较快，银行股承蒙明星基金经理抬爱,Wind
2021-05-11,城商行三强：13年沧海桑田,新浪
2021-05-11,对话资管30人丨光大理财董事长张旭阳： 在多资产、多策略配置方面建立护城河,21世纪经济报道
2021-05-10,光大银行(601818.SH)非执行董事于春玲辞任 董监高成员变化,智通财经
2021-05-10,光大银行：非执行董事于春玲女士辞职 董监高成员变化,Wind
2021-05-10,主承销商：“17宜华企业MTN001”和“17宜华企业MTN002”违约后续进展 未按时兑付本息,Wind
2021-05-10,【中信建投银行杨荣】理财子产品发行指数周报第8期：《4月发行数量明显回落，跨境理财通将开启》,eResearch杨荣团队
2021-05-09,陆续清退！又见银行理财提前终止 过渡期所剩无几,券商中国
2021-05-09,陆家嘴财经早餐2021年5月9日星期日,Wind
2021-05-09,又见银行理财产品提前终止，净值化转型压力有多大？,Wind
2021-05-08,2021光大年度投资论坛举办,经济日报
2021-05-08,光大银行发布2020年资管市场报告：超7成理财子公司暂未建仓股票池，未来权益类投资可分三步走,每日经济新闻
2021-05-08,光大理财举办2021光大年度投资论坛并发布《中国资产管理市场2020》,金融投资报
2021-05-08,光大理财举办2021光大年度投资论坛 并发布《中国资产管理市场2020》,中国网
2021-05-08,光大集团付万军：我国资管行业迎来新机遇 金融资产配置拐点已到来,新浪
2021-05-08,2021光大年度投资论坛：我国资管行业迎来更多新机遇,新浪
2021-05-08,光大集团付万军：“十四五”规划实施，资产管理和财富管理行业迎来历史性机遇（附演讲全文）,21世纪经济报道
2021-05-08,“封堵”比特币！一经发现，注销账户,Wind
2021-05-08,银行手续费及佣金净收入获益大增 25万亿理财转型提速,新浪
2021-05-07,光大银行大宗交易成交55.00万股成交额207.35万元,证券时报网
2021-05-07,光大银行现1笔大宗交易 共成交207.35万元,新浪
2021-05-07,光大银行今日大宗交易成交55万股，成交价3.77元折价0.53%,Wind
2021-05-07,一年创收2亿 小黄鸭也要上市了,新浪
2021-05-07,光大银行2021年一季报点评：核心一级资本充足率同比去年一季度下降5bp,新浪
2021-05-06,2078亿！银行大手笔“下注”，六大行占比过半！,丁丁创e
2021-05-06,呼和浩特春华水务集团债务逾期7.46亿元，涉11家金融机构 违约失信,Wind
2021-05-06,北向资金午后加速离场，中国平安遭大幅抛售超15亿元,Wind
2021-05-06,呼和浩特市再现城投违约 春华水务集团债务逾期7.46亿元 涉11家金融机构 违约失信,经济观察网
2021-05-06,光大银行一季度实现净利润115.6亿元,中国金融新闻网
2021-05-05,全部54家上市银行2020年指标排名大全,搜狐
2021-05-04,光大银行21年1季报详细解读：中收增速走阔，资产质量优化夯实【中泰银行·戴志锋/邓美君/贾靖】,传统借贷vs新型金融
2021-05-04,2020年股份制银行科技转型再提速：招行投入首破百亿光大科研资金增速超50%,华夏时报
2021-05-03,银行业2000亿投入都花哪儿了？年报关键词揭晓答案！,和讯
2021-05-01,上市股份行十年业绩分化：谁在沉沦，谁在突进 盈利能力下降,Wind
2021-05-01,8家股份行2020年科技投入曝光：花400亿撬动了哪些业绩增长？,和讯
2021-05-01,光大银行(601818)2021年一季报点评：拨备计提力度下降 净息差收窄,新浪
2021-04-30,银行“跑马圈地”新零售，AI大数据成“加速器”,36氪
2021-04-30,【券商聚焦】瑞信认为百度估值诱人维持跑赢大市评级；线下服务全面恢复不利美团大和下调其目标价至450港元 机构下调估值,和讯
2021-04-30,9家上市股份制银行日赚超15亿！“零售之王”招商银行稳居宝座，光大银行资产增速最快,金融界
2021-04-30,光大银行跌1.56%报3.78元 创近6个多月新低 连续下跌,中新经纬
2021-04-30,晨光文具(603899)：21Q1销售超出疫情前表现 科力普收入同比增长161%,新浪
2021-04-30,大行评级|瑞信：下调光大银行(6818.HK)目标价至3.85港元评级“跑赢大市” 机构下调估值,格隆汇
2021-04-29,光大银行(601818)：中收增速走阔 资产质量优化夯实,新浪
2021-04-29,光大银行(601818)：财富管理业务继续发力 息差有望走强,新浪
2021-04-29,全国首支数字货币理财产品花落光大银行，业绩比较基准为3.4%,环球老虎财经
2021-04-29,光大云缴费移动端客户突破6000万 持续深化便民服务掌上办,和讯
2021-04-29,上市银行一季报来袭，光大银行营收同比增长3.72%,资本邦
2021-04-29,上市银行一季报来袭，郑州银行营收下滑14.35% 盈利能力下降,资本邦
2021-04-29,A股融资融券日报：两融余额增加19.61亿元（4月28日）,Wind
2021-04-29,一年创收2亿的小黄鸭,36氪
2021-04-29,光大银行：第一季度实现净利润115.6亿元，同比增加6.32%,每日经济新闻
2021-04-28,光大银行一季度净利115亿增6.32%，新设立零售信贷部,澎湃新闻
2021-04-28,光大银行2021一季度实现净利115.6亿元 同比增长6.3%,中国网
2021-04-28,光大银行：盈利能力改善，一季度经营实现开门红,财经网
2021-04-28,光大银行(601818.SH)一季度归母净利润升6.32%至115.15亿元,格隆汇
2021-04-28,光大银行：一季度实现净利润115.6亿元,中证网
2021-04-28,光大银行(601818.SH)一季度归母净利同比增长6.32%至115.15亿元,智通财经
2021-04-28,2020年股份制银行科技转型再提速：招行投入首破百亿 光大科研资金增速超50%,华夏时报
2021-04-28,光大银行：一季度净利润同比增长6.32%,Wind
2021-04-28,光大深圳分行“阳光惠企政策通”正式上线微信公众号,深圳新闻网
2021-04-28,14家手机银行APP仅8家开发适老化版本 语音输入“如何转账”这些APP傻傻分不清,南都报
2021-04-28,深圳市建艺装饰集团股份有限,中证报
2021-04-27,北向资金连续三日净买入，持续加仓新能源股,Wind
2021-04-27,光大银行信息科技部史晨阳：数据资产管理与运营新模式,银行家杂志
2021-04-27,光大银行增速下滑 存六项侵害消费者权益行为被通报 其他违规处罚,GPLP犀牛财经
2021-04-27,A股融资融券日报：两融余额增加17.69亿元（4月26日）,Wind
2021-04-27,奥飞娱乐股份有限公司董事会关于募集 资金2020年度存放与使用情况的专项说明,证券日报
2021-04-26,北向资金今日净买入32亿，隆基股份净买入额创逾一个月新高,Wind
2021-04-26,光大银行行长三年三换 付万军任命获“官宣”,新浪
2021-04-25,《中国银行业产品和服务标准化发展报告2020》发布会圆满举办,光明网
2021-04-25,光大银行“物流通”助力物流行业驶向数字化转型“快车道”,金融投资报
2021-04-25,三年三任行长 光大银行迎新行长,Bank资管
2021-04-25,光大银行新行长落定 集团副总经理付万军担任,中国网
2021-04-25,密集轮换 年内13家上市银行迎高管变动 董监高成员变化,北京商报
2021-04-25,陆家嘴财经早餐2021年4月25日星期日,Wind
2021-04-24,重磅！光大银行新行长落定,丁丁创e
2021-04-24,2000亿市值银行新行长即将到位,Wind
2021-04-24,2000亿市值银行新行长即将到位，曾建言研究推广央行数字货币系统、提高人民币的资本属性,中证报
2021-04-24,度小满“有钱花”产品踩线高利贷，部分券商理财底层资产为度小满ABS,红周刊
2021-04-24,云南恩捷新材料股份有限公司关于“恩捷转债”恢复转股的公告,中证报
2021-04-23,天桥起重：为控股子公司提供担保 大额借贷担保,Wind
2021-04-23,53岁付万军将接任光大银行行长，曾在交行工作超25年,澎湃新闻
2021-04-23,光大集团：付万军任光大银行党委副书记，将出任行长,Wind
2021-04-23,任泽平：全球比较中国一线城市房价高不高,Wind
2021-04-23,拉卡拉频被银行列入黑名单：业绩开始走下坡路，高利贷纠纷不断 诉讼纠纷,中访网
2021-04-23,社区支行成“过气网红”：门庭寥落 95家退出,北京商报
2021-04-23,从脱贫到振兴：银行接续深耕“三农”沃土,中国金融新闻网
2021-04-22,银行也有“过气网红”？ 年内95家社区支行收到退出许可证,新浪
2021-04-22,退出95家 社区支行成“过气网红”,北京商报
2021-04-22,重磅！光大银行行长或尘埃落定：53岁集团副总经理付万军回归银行业，曾深耕交行26年,和讯
2021-04-22,光大银行打造新一代云管平台,经济日报
2021-04-22,践行适老服务，光大用心守护,金融投资报
2021-04-22,A股融资融券日报：两融余额增加11.59亿元（4月21日）,Wind
2021-04-21,光大银行：数字货币相关合作有取得一些阶段性的成果,Wind
2021-04-20,22家上市银行“不良”报告：4家双降 1家银行不良超2%,21世纪经济报道
2021-04-20,不良率抬头 银行消费金融出路何在,中国金融新闻网
2021-04-20,积分规则调整：银行信用卡“羊毛党”老路难走,中国金融新闻网
2021-04-19,透视光大信用卡业务：科技数字驱动成效显着，用户规模不断扩大,金融投资报
2021-04-19,22家上市银行“不良”报告：4家双降 ，1家银行不良超2%,21世纪经济报道
2021-04-19,北向资金爆买逾160亿元，新能源汽车概念股获大幅加仓,Wind
2021-04-19,科技数字驱动成效显着 光大银行信用卡业务用户规模不断扩大,证券日报网
2021-04-19,央行媒体：个别银行信用卡不良率超6%，不要轻易归因为疫情冲击,澎湃新闻
2021-04-19,信用卡不良率上升 商业银行需加强重点领域风险排查,中国金融新闻网
2021-04-17,"""抢占""富豪！银行私行硝烟又起：平安增速第一，招行户均AUM超2700万",证券之星
2021-04-17,又一批基金最新持仓曝光！谁在逆风翻盘？,中金在线
2021-04-17,卖基金比买基金更赚钱？银行与基金不止于“销售”,Wind
2021-04-17,山东新北洋信息技术股份有限公司 关于2020年度募集资金存放与 实际使用情况的专项报告,证券日报
2021-04-16,又一批最新持仓曝光！谁在逆风翻盘？,中金在线
2021-04-16,西部矿业集团：调整“21西部矿业CP001”申购区间,Wind
2021-04-16,光大代销信托收入增111.92%,发现网
2021-04-16,A股融资融券日报：两融余额增加6.78亿元（4月15日）,Wind
2021-04-16,光大银行理财子公司获批筹建 是首家获批的股份制商业银行,上证报
2021-04-16,“白马杀”背后的资金图谱：不可忽视的融资盘,Wind
2021-04-15,丘栋荣旗下基金一季报出炉：高仓位运作，前十大重仓股有变化,澎湃新闻
2021-04-15,骆驼股份(601311)：为进一步拓展产品销售市场 拟为经销商贷款提供合计不超1亿元担保 大额借贷担保,发布易
2021-04-15,丘栋荣一季度持仓变动：新进六家公司加仓两只银行股,证券之星
2021-04-15,光大银行成都分行积极参与“护航青春 阳光校园”高校防电信网络诈骗暨“断卡”主题宣传活动,金融投资报
2021-04-15,光大银行：“18渝保税MTN001”持有人会议审议通过提前兑付议案,Wind
2021-04-15,2020年四季度股份行哪家投诉多？招行投诉量居首,新浪
2021-04-15,“薄利”时代，银行下沉竞争谋“多销”,财经网
2021-04-15,上市后首秀成绩单：百融云创收入3年3倍，净利润增长92%,经济网
2021-04-15,银保监会：2020年第四季度银行业消费投诉环比减少10.4%,Wind
2021-04-15,A股融资融券日报：两融余额增加21.59亿元（4月14日）,Wind
2021-04-15,光大银行打造新一代云管理平台,中国金融新闻网
2021-04-14,代销信托规模大增四成，招行这一业务净进账70亿！光大银行代销收入增长更惊人,信托百佬汇
2021-04-14,中国高科：使用部分闲置自有资金购买2.335亿元理财产品,北京商报
2021-04-14,光大银行云管平台入选多云管理平台优秀案例,上证报
2021-04-14,银行发力绿色金融、数字人民币，谁是排头兵？,新京报
2021-04-13,光大银行正式入驻华为服务号 首家提供综合性金融服务,金融投资报
2021-04-13,21家A股上市银行“大阅兵”：4家实现不良“双降”,Wind
2021-04-13,银行信用卡积分规则生变：扩线上限线下 打击积分套利,第一财经
2021-04-13,A股21家银行不良贷款起底 民生银行不良率抬头显着,证券时报
2021-04-13,中国光大银行股份有限公司2020年度光大优3股息发放实施公告,中证网
2021-04-13,A股21家银行不良贷款大起底 疫情冲击留重痕,证券时报
2021-04-12,光大银行(601818.SH)派发光大优3股息 股权登记日为4月16日,智通财经
2021-04-12,光大银行正式入驻华为服务号 首家提供综合性金融服务,财经网
2021-04-12,8家上市银行房贷业务“踩红线”，建行、邮储银行均有一项指标踩线,Wind
2021-04-12,银行本周聚焦：22家银行年报总结 宁波银行表现亮眼,新浪
2021-04-12,8家上市银行房贷业务“踩红线”,Wind
2021-04-11,上市国股银行2020年财报深度解读：国有行股份行表现如何,澎湃新闻
2021-04-10,私人银行排位赛：平安跻身万亿俱乐部招行户均金融资产第一,证券之星
2021-04-09,光大理财：以终为始，科技为舟,财经网
2021-04-09,理财不保本，买基又被套！别慌，这种投资明天上新，速看攻略！,腾讯网
2021-04-09,从银行最新年报看银行IT市场的高增长【安信诸海滨团队】,诸海滨科新先声
2021-04-09,股份行零售转型经受疫情大考：招行稳坐零售之王 平安增速最猛,华夏时报
2021-04-09,A股融资融券日报：两融余额增加19.55亿元（4月8日）,Wind
2021-04-09,多只周期股业绩暴增，一季度盈利超去年全年,Wind
2021-04-09,年度报告说了啥？上市银行掌门人“擎画”未来,证券时报
2021-04-08,银行App进入月活亿级时代，金融科技谁更舍得掏钱？,21世纪经济报道
2021-04-08,年报解读丨银行业绩增速放缓，多家房贷占比超标 盈利能力下降,搜狐
2021-04-08,兴业银行信用卡“拉黑”汇付天下等5家支付机构：取消受理交易累计积分,经济观察网
2021-04-08,经营质效稳健提升 光大银行零售金融转型激活发展新动能,深圳新闻网
2021-04-08,A股融资融券日报：两融余额增加55.88亿元（4月7日）,Wind
2021-04-07,一季度被公募加仓的银行股业绩超预期，净息差下降是行业“大考”,第一财经
2021-04-07,浙商银行涉重大违规遭调查2020年营收净利增长疲乏、资本充足率承压 金融监管处罚,经济观察报
2021-04-07,全市场科技产业策略报告第104期：从银行最新年报看银行IT市场的高增长,新浪
2021-04-07,东北证券--银行周报：货币政策稳健，预期贷款利率向上【行业研究】,金融界股吧
2021-04-07,美银证券：维持光大银行(06818)“买入”评级 目标价微升至3.8港元,智通财经
2021-04-07,美银证券：上调光大银行目标价至3.8港元，评级买入,Wind
2021-04-07,广发基金王明旭：精心耕耘16年布局丰富产品线强调组合平衡感,中国基金报
2021-04-07,光大银行：财富管理业务再上新台阶 代销品牌“鼎”系列应运而生,中国基金报
2021-04-07,银行全力抢占财富管理高地 从代销转向资产配置,新浪
2021-04-06,管清友：财富管理大爆发，买方投顾正当时,新浪
2021-04-06,光大银行发布2020年度社会责任报告：响应国家战略，支持实体经济高质量发展,证券日报网
2021-04-06,晨光文具(603899)2020年年报点评：多业态齐头并进 业绩保持亮眼增长,西南证券
2021-04-06,疫情大考后，银行业整体实现净利润正增长，有大行不良率悄然走高,Wind
2021-04-06,光大银行发布2020年度社会责任报告： 财富管理不忘初心 服务民生牢记使命,财经网
2021-04-06,重磅！银行“打工人”薪资大曝光,中投网
2021-04-06,险资频繁减持银行股透露信号 保险机构业绩承压或意在获利了结释放利润 减持股份,财联社
2021-04-06,广发基金王明旭：均衡配置 保持组合的平衡感,中国网
2021-04-06,光大银行信用卡2020年交易金额27241.37亿元 同比增长2.46%,中国网
2021-04-06,盛京银行高管被退薪1900万之后，又有厅官领走数百万薪酬,新浪
2021-04-06,25万亿市场谁领风骚？14家银行理财子业绩大比拼,Wind
2021-04-06,中金 | 银行年报的三个关键词：营收增长、报表出清、布局新机遇,中金点睛
2021-04-06,【银行】深度研究：33页深度剖析：摩根大通如何打造资管业务护城河？,天风研究
2021-04-05,银行“打工人”薪资曝光 4家银行人均薪酬超50万,中国基金报
2021-04-05,近230万银行人的薪酬“曝光”，创收能力也显露出来！,中国基金报
2021-04-05,"银行""打工人""薪资大曝光：平安57万，招行53万，中信、兴业大幅加薪了！",中国基金报
2021-04-04,银行薪酬大曝光！3家银行人均年薪超50万元，这家人均降薪15%,Wind
2021-04-04,银行薪酬大曝光！3家银行人均年薪超50万元，这家人均降薪15%,中证报
2021-04-02,十年上市银行排位赛 宁波银行净利润增幅超362%,上证报
2021-04-02,晨光文具(603899)：20Q4营收同比高增44% 科力普、晨光科技成绩靓丽,新浪
2021-04-02,中国光大银行成都分行优化提升企业账户服务质效,金融投资报
2021-04-02,数字化共识下 银行科技比拼日渐白热化,中国金融新闻网
2021-04-02,远超宇宙行！农行一年工资发出568亿 平安银行人均年薪44.5万,搜狐
2021-04-02,银行零售竞争白热化 第一梯队AUM增长强劲,第一财经日报
2021-04-01,监管加码 龙头股遭主力抛售近10亿元 机构却仍然推荐这些银行股 股票卖空,第一财经
2021-04-01,银行零售竞争白热化，招行私行继续领跑,第一财经
2021-04-01,“银行系”基金公司年报亮眼光大银行单日大卖141亿,证券之星
2021-04-01,最猛大赚近25亿！银行理财子公司盈利排名来了，更有这些大动作！,中国基金报
2021-04-01,北京市长对中关村金融科技产业发展联盟成果给予肯定，融360|简普科技等成员获利好,中国网
2021-04-01,光大永明保险资金助力长三角区域经济建设,搜狐
2021-04-01,光大银行年报发布 普惠便民“名品”云缴费表现亮眼,金融投资报
2021-04-01,董事长亲自代言 这家股份行的“明星”产品何以成功坐拥5亿用户,新浪
2021-04-01,金融“打工人”必看：银行薪酬哪家强？这家人均52万！,21世纪经济报道
2021-04-01,数字化转型不断深入 银行科技投入持续增长,新浪
2021-04-01,息差收窄盈利承压，银行竞逐财富管理新赛道,Wind
2021-03-31,9大股份行业绩PK：招行净利赶超国有行，民生下滑近四成 盈利能力下降,21世纪经济报道
2021-03-31,金融“打工人”必读！银行薪酬哪家强？最新数据出炉,21世纪经济报道
2021-03-31,晨光文具(603899)：20年业绩靓丽超预期 传统业务稳健 科力普高速增长,新浪
2021-03-31,财富管理突围，五大“新跨越”蓄能 这家银行下了一手妙棋,投资时报
2021-03-31,光大银行业绩增速大幅下降 行长辞任后职位空缺 盈利能力下降,GPLP犀牛财经
2021-03-31,21财报丨12家主要银行净息差下降 存款利率如何再优化？,21世纪经济报道
2021-03-31,金融研究丨12家主要银行净息差下降 存款利率如何再优化？,21世纪经济报道
2021-03-31,注意!6家银行2020年基金代销合计近2万亿元,资本邦
2021-03-31,基金代销竞争白热化工行招行争夺冠军宝座,中证报
2021-03-31,部分银行净值化理财产品占比已超七成，投资者教育应更接地气,Wind
2021-03-30,不愧为银行系基金！净利最高增幅超1倍，更有代销凶猛，光大银行单日大卖141亿创纪录,金融界
2021-03-30,光大：乘势而上实现新跨越 去年向实体经济让利近200亿,中国金融新闻网
2021-03-30,光大银行财富管理特色进一步突出2020年理财服务手续费同比大增近300%,华夏时报
2021-03-30,上市银行成绩单出炉：行业净利润有所下降 整体运行平稳 盈利能力下降,金融时报
2021-03-30,A股融资融券日报：两融余额增加33.36亿元（3月29日）,Wind
2021-03-30,科技创新赋能 银行业务线上化明显加速,新浪
2021-03-30,破浪前行 上市银行运行整体平稳,新浪
2021-03-29,光大银行董事长李晓鹏详解“跨越计划”：涉盈利、规模、财富管理等,21世纪经济报道
2021-03-29,年报聚焦|存贷款均站上3万亿 不良实现双降 光大银行董事长详解未来两年五大新跨越计划,财联社
2021-03-29,2012年来不良首现双降！光大银行划定五个跨越方向，董事长李晓鹏：尽最大努力回报股东,金融界
2021-03-29,不良5年来首次双降，光大银行个人财富管理费收入增六成,南都报
2021-03-29,【银行视点】建行2020年净利2710.5亿，招行等73股连续5天被增持，徽商银行净利润首次负增长！,金融界
2021-03-29,光大银行发布2020年业绩报告：营业收入达1424.79亿元，同比增长7.28%,经济日报
2021-03-29,【会议直击】中国光大银行(06818-HK)力推云缴费，不良贷款额和贷款率双降,财华社
2021-03-29,银行业周报：多政策促改革 经营贷再规范,新浪
2021-03-29,银行业经营环境稳定，推荐两条投资主线,中信证券
2021-03-29,银行业加快描绘数字普惠金融新蓝图,新浪
2021-03-29,去年银行公募基金销量可观 多家同比增幅超100%,中国基金报
2021-03-29,7家银行理财子公司交卷：吸金谁最强,北京商报
2021-03-28,7家银行理财子公司交卷：业绩分化明显 新年有何打法,北京商报
2021-03-28,2020年，哪家银行理财能力最强？,丁丁创e
2021-03-28,光大银行(06818-HK)去年盈利增1.3%股息21分,财华社
2021-03-28,理财能力哪家强？年度数据看这仨银行！,中国银行保险报
2021-03-27,光大银行2020年业绩增速有所放缓，不良贷款双降 盈利能力下降,中华网
2021-03-27,“宇宙行”2020年日赚8.6亿，疫情之下部分银行不良率抬头,搜狐
2021-03-27,去年新基金太火，多家银行代销规模增200%,Wind
2021-03-27,2020新基金太火了！有银行代销狂增近200%,中国基金报
2021-03-27,惠企便民再升级，信用赋能更“融”易——上海信易贷平台2.0版正式上线,陆家嘴金融网
2021-03-27,多家银行年报出炉 重点目标齐指财富管理,中国经营报
2021-03-26,光大银行去年净利润378亿增1.26%，不良贷款“双降”,澎湃新闻
2021-03-26,公告精选：大华股份拟引入战投中国移动；中电电机重组将注入光伏、风电行业优质资产,e公司
2021-03-26,晚间重要公告2021年3月26日星期五,Wind
2021-03-26,光大银行2020年实现净利润379.1亿元,中证网
2021-03-26,光大银行：2020年净利润同比增长1.26%,Wind
2021-03-26,光大银行(601818.SH)年度归母净利同比增长1.26%至378.24亿元 拟10派2.1元,智通财经
2021-03-26,光大银行(601818.SH)2020年度归母净利润升1.26%至378.24亿元 拟10派2.1元,格隆汇
2021-03-26,光大银行年报：2020年净利润同比增长7.28%,Wind
2021-03-26,光大银行2020年净利润379.05亿元，同比增长1.24%,北京商报
2021-03-26,光大银行与建信信托开展信贷资产收益权转让 银行加速甩不良包袱,用益信托网
2021-03-26,A股融资融券日报：两融余额减少40.24亿元（3月25日）,Wind
2021-03-26,让中小企业闻“基”起舞,长沙晚报
2021-03-25,光大银行盈利能力增长乏力 去年以来被罚1339万元 盈利能力下降,新浪
2021-03-25,A股融资融券日报：两融余额减少14.15亿元（3月24日）,Wind
2021-03-25,银行春招“硬核”攻略：1000+科技岗虚位以待,Wind
2021-03-24,光大银行拟转让15.7亿不良贷款，5.2万债务人来自广州杭州,Wind
2021-03-24,金融市场再遭崩盘，土耳其央行“淡然处之”,Wind
2021-03-23,大华股份：实控人傅利泉解除质押2881万股，持股5%以上股东朱江明解除质押1235万股,每日经济新闻
2021-03-23,5张图看清！千亿市值大票年后跌幅、估值和债务规模,Wind
2021-03-23,深高速(600548.SH)：拟发行2021年度第二期超短期融资券,格隆汇
2021-03-23,请进来，走出去，光大深圳分行金融消费者权益保护宣传“多点开花”,南都网
2021-03-23,银行业周报：大学生网贷迎来监管 招行年报亮点突出,新浪
2021-03-23,A股全面回暖！聪明资金再度返场，众泰停牌核查,Wind
2021-03-23,银行转债怎么看？,岳读债市
2021-03-22,A股全面回暖！“聪明资金”再度返场，四行业获提前抢筹,Wind
2021-03-22,银行周报：信贷数据优秀 招行业绩报喜,新浪
2021-03-22,计算机行业“构筑中国科技基石”系列报告8：国产数据库再受央采支持,新浪
2021-03-22,6家银行年报本周发布 工建交三大国有行交成绩单,证券日报
2021-03-22,6家上市银行年报本周密集发布，工建交三大国有大行交成绩单,Wind
2021-03-21,6家上市银行年报本周密集发布 工建交三大国有大行交成绩单,证券日报
2021-03-19,光大银行(601818.SH)拟为关联方中远海发核定25亿元综合授信额度,格隆汇
2021-03-19,最新！监管重拳出手，这些银行“栽了”,Wind
2021-03-19,中国光大实业集团原党委书记朱慧民被双开,Wind
2021-03-19,富时罗素季调盘后生效叠加期指交割，波动日如何保平安？,Wind
2021-03-18,富时罗素A股季调明日盘后生效，北上资金已连续八日加仓,Wind
2021-03-18,四大行行长全到位 原光大银行行长刘金执掌中行帅印,中国网
2021-03-18,超级大白马15天回购62亿元，日均狂买4亿多！,Wind
2021-03-18,金融圈重磅！两国有大行同日官宣新行长，两大财险齐齐换将，“金融铁娘子”辞任万亿股份行董事长 董监高成员变化,中国基金报
2021-03-18,中行工行同日官宣新行长 金融铁娘子李庆萍辞任万亿股份行董事长 董监高成员变化,中国基金报
2021-03-17,大行迎新行长！,丁丁创e
2021-03-17,工行、中行、人保等金融机构高管大换血，都是“一二把手”级别 董监高成员变化,中证报
2021-03-17,同日官宣人事变动：中行任命刘金为行长 工行廖林任职资格被核准,新浪
2021-03-17,高管层频繁变动后，中国银行正式官宣新行长等人员名单 董监高成员变化,第一财经
2021-03-17,中行迎新行长，提拔一副行长,Bank资管
2021-03-16,中行：董事会决定聘任刘金为行长、陈怀宇为副行长,上证报
2021-03-16,刘金辞任光大银行行长 下一站任中国银行行长 董监高成员变化,中国经济网
2021-03-16,光大银行(601818.SH)：刘金辞去执行董事、行长等职务 董监高成员变化,智通财经
2021-03-16,刘金因工作调整辞去光大银行执行董事、行长等职务 董监高成员变化,新浪
2021-03-16,光大银行：执行董事、行长刘金辞任 董监高成员变化,Wind
2021-03-16,【研报掘金】银行股低估值+基本面拐点向上性价比极高 继续看好板块投资机会,证券时报网
2021-03-16,银行周报：货币政策不急转弯 社融超预期,新浪
2021-03-15,光大银行厦门分行违法 内控管理不到位违规发放贷款 金融监管处罚,中国经济网
2021-03-15,A股融资融券日报：两融余额减少27.42亿元（3月12日）,Wind
2021-03-15,北向资金大调仓！狂买5只银行股，2000亿市值钢铁巨头遭减仓,Wind
2021-03-14,76家机构“挤破门槛”，这只银行股有点火！,Wind
2021-03-14,牛年最大银行罚单来了！还有这些大行被点名 金融监管处罚,Wind
2021-03-13,基金圈大消息！刚刚，又有千亿公募总经理离职！ 董监高成员变化,Wind
2021-03-12,本周央行及银保监会行政处罚汇总：国开行、四川信托双双领到千万级罚单 金融监管处罚,Wind
2021-03-12,厦门银保监局：对光大银行厦门分行作出行政处罚，罚款50万元 金融监管处罚,Wind
2021-03-12,金华银保监局：对光大银行金华义乌支行作出行政处罚，罚款25万元 金融监管处罚,Wind
2021-03-11,A股共发生143宗大宗交易成交43.75亿元（3月11日）,Wind
2021-03-11,"光大银行现2笔大宗交易 共成交1,253.38万元",新浪
2021-03-11,海外信用评级汇总2021年3月11日星期四,Wind
2021-03-11,再添两位“金融副省长” 两名光大系前高管已赴任地方任职,每日经济新闻
2021-03-11,光大银行今日大宗交易成交345.28万股，成交价3.63元折价11.68%,Wind
2021-03-11,惠誉：授予光大银行香港分行美元票据“BBB”最终评级,Wind
2021-03-11,银行基本面跟踪二十八：需求旺 政策稳-2月社融、信贷点评,新浪
2021-03-11,银行业2021年2月金融数据点评：需求恢复 融资乐观,新浪
2021-03-11,A股机会掘金：银行股强势崛起！有色、水泥等板块掀涨停潮 抓住机会了吗？,中金在线
2021-03-11,成交量创年内新低后，银行率先发力引领反击，中金给出40%上涨目标价,财联社
2021-03-10,起底平安普惠千亿贷款谜团：网贷小贷展业规则不明 价值大幅贬值,新浪
2021-03-10,中金再论银行股！供给侧改革与政策边际放松“双利好”提振板块，这五家银行有望涨超50%，光大银行最被看好,金融界
2021-03-09,光大银行(06818-HK)300亿A股可转换公司债券3月17日支付利息,财华社
2021-03-09,2月银行业罚单报告：共218张罚单，中信银行领16张,Wind
2021-03-09,东北证券--银行业周报：解读政府工作报告，银行上涨确定【行业研究】,金融界股吧
2021-03-09,A股融资融券日报：两融余额减少48.58亿元（3月8日）,Wind
2021-03-08,南方基金关于旗下部分基金增加国泰君安为,中证报
2021-03-07,信用负面周度回顾20210301-20210305,郁言债市日常跟踪
2021-03-06,揭秘价值洼地真相：北京银行股息率达6.34%,新浪
2021-03-04,海外信用评级汇总2021年3月4日星期四,Wind
2021-03-04,光大银行管理层架构生变 监事长行长副行长相继离任 董监高成员变化,新浪
2021-03-04,标普：予光大银行(06818.HK)香港分行拟发行票据“BBB+”长期发行评级,云掌财经
2021-03-04,第三批，上海金融科技创新监管试点又有应用公示，包括区块链和大数据,Wind
2021-03-04,中泰证券--银行基本面周度跟踪：结构性存款余额1月小幅反弹，同业存单发行力度加大(增持)03-01【行业研究】,金融界股吧
2021-03-04,标普：授予光大银行香港分行拟发行票据“BBB+”长期发行评级,Wind
2021-03-04,房贷政策调整银行和楼市还好吗？,中投网
2021-03-04,惠誉授予光大银行香港分行拟发行美元票据“BBB”预期评级,Wind
2021-03-04,A股211家区块链概念股市值分布呈现头部效应，中国平安等前五名总市值占比超56%,零壹财经
2021-03-04,金融报道|上市银行业绩整体预喜 机构看好未来行情,财经网
2021-03-04,为何是它们？A股三大“茅”纳入富时中国A50指数,Wind
2021-03-04,港股盘前必读：汽车之家拟港股IPO最多募资9.84亿美元,Wind
2021-03-04,富时罗素将3股调入中国A50指数！外资开启“买买买”模式,Wind
2021-03-03,一日之内两城加码楼市调控！深圳二手房降价了,Wind
2021-03-03,拓日新能(002218.SZ)：拟向2家银行申请合计6亿元综合授信额度,格隆汇
2021-03-03,富时罗素：富时中国A50指数纳入三一重工、紫金矿业、恒力石化,Wind
2021-03-03,A股大金融全线发力，低估值全面补涨浪潮来了吗？静待券商爆发！,搜狐
2021-03-03,上海凤凰(600679.SH)拟向光大银行申请不超1.57亿元项目贷款,格隆汇
2021-03-03,各路资金争相抢筹 银行股成推动大盘上涨中坚力量,e公司
2021-03-03,【银行视点】四川拟发行114亿专项债助力中小银行，银行股再度暴涨飘红，南京银行、宁波银行涨停！,金融界
2021-03-03,光大银行年内人事变动频繁：任职超10年副行长卢鸿辞任，行长刘金将任中行行长 董监高成员变化,搜狐
2021-03-03,光大银行任职超10年副行长卢鸿辞任，年内人事变动频繁行长、监事长之席待补位 董监高成员变化,搜狐
2021-03-03,光大银行高层再现变动 任职10年副行长卢鸿辞任 董监高成员变化,金融界
2021-03-03,光大银行一名副行长辞职，行长刘金将接任中行行长 董监高成员变化,资本邦
2021-03-03,银行板块大幅拉升，南京银行涨停，招商银行等涨幅超5%,证券时报网
2021-03-02,广州地区多家银行房贷利率跟风上调 政策收紧效果已现,财联社
2021-03-02,光大银行监事长、一名副行长辞职 刘金已赴任中国银行 董监高成员变化,21世纪经济报道
2021-03-02,光大银行监事长、一名副行长辞职 刘金已赴任中行 董监高成员变化,21世纪经济报道
2021-03-02,招行调整零售组织架构，合并组建财富平台部,Wind
2021-03-02,光大银行：执行董事、副行长卢鸿辞职 董监高成员变化,每日经济新闻
2021-03-02,光大银行(601818.SH)：卢鸿辞任执行董事及副行长等职务 董监高成员变化,格隆汇
2021-03-02,光大银行：卢鸿辞去副行长等职务 董监高成员变化,Wind
2021-03-02,再度收紧！深圳房产抵押经营贷也要参照政府指导价,Wind
2021-03-02,信用负面跟踪20210301,新浪
2021-03-02,深圳再度出击，这类贷款也要参照指导价！,Wind
2021-03-01,计算机行业“构筑中国科技基石”系列报告6：数据库：云化底座 百舸争流,新浪
2021-03-01,银行高管变阵未了局 至少5家银行高管出缺待补,时代在线
2021-03-01,首批个贷不良转让落地，国厚资产、广投资产各竞得一个资产包,Wind
2021-03-01,银行调政策 楼市陷变局,国际金融报
2021-02-28,周度跟踪 | 结构性存款余额1月小幅反弹，同业存单发行力度加大【中泰银行·戴志锋/邓美君/贾靖】,传统借贷vs新型金融
2021-02-28,配股风潮再起，青岛银行拟10配3募资50亿,Wind
2021-02-27,交行监事长蔡允革或将赴任重庆副市长，在交行刚干满6个月,Wind
2021-02-25,深圳引导市场回归理性，严厉查处中介挂牌价格超出二手房参考价行为 其他违规处罚,澎湃新闻
2021-02-25,宝鹰股份(002047.SZ)将为宝鹰建设申请银行授信提供不超4亿元担保 大额借贷担保,智通财经
2021-02-25,上市银行业绩好于预期，机构认为银行股上涨的逻辑具备丨牛熊眼,第一财经
2021-02-25,【行情】港股银行股齐涨，邮储银行涨超6%，汇丰控股、中银香港、光大银行涨超4%,金十数据
2021-02-25,存量理财压降无退路，中小银行按时完成整改有点悬,Wind
2021-02-24,光大云缴费客户端全新升级推出3.0版,云南经济日报
2021-02-24,天风固收：如何看待当前银行板块转债投资机会?,Wind
2021-02-24,银行业首例！这家农商行要一分为二，发生了什么？,券商中国
2021-02-21,七大银行业绩曝光 浦发银行罕见下滑华夏银行垫底 盈利能力下降,新浪
2021-02-20,周度｜银行基本面跟踪：政策利率维持平稳，长端利率回升【中泰银行·戴志锋/邓美君/贾靖】,传统借贷vs新型金融
2021-02-20,抱团行情迎来“压力测试”,证券时报网
2021-02-20,银行业基本面跟踪二十六：看好业绩持续改善下板块趋势性机会-Q4监管指标点评,新浪
2021-02-20,抱团行情迎来压力测试：一场时间与估值的拉锯战,Wind
2021-02-19,上市银行估值水平目前仍处于历史低位区间 破净几乎是普遍现象,新浪
2021-02-19,A股融资融券日报：两融余额增加250.86亿元（2月18日）,Wind
2021-02-19,低价股掀起涨停潮，优质低位股名单来了,证券时报网
2021-02-19,上市公司理财持续降温，结构性存款仍受追捧,Wind
2021-02-18,北向资金节前大调仓！这只2100亿科技股遭甩卖,新浪
2021-02-17,银行业周报：银行板块的春节效应,新浪
2021-02-14,12家股份行排名：谁是小微金融之王？,新浪
2021-02-12,【在京过年·新消费图景】消费券、信用卡、直播、电商全面开花银行春节消费金融营销有何新花样,北京商报
2021-02-11,大摩：予光大银行(06818)目标价4.4港元，评级“增持”,智通财经
2021-02-10,银行业银保监会2020年数据：行业不良双降、息差环比上行,新浪
2021-02-10,银行角度看1月社融：社融高增，制造业向好，预计2月保持强劲【中泰银行·戴志锋/邓美君/贾靖】,传统借贷vs新型金融
2021-02-10,银保监会2020年数据：行业不良双降、息差环比上行【中泰银行·戴志锋/邓美君/贾靖】,传统借贷vs新型金融
2021-02-10,国泰君安：当前时点银行股攻守兼备，继续推荐一线龙头,Wind
2021-02-09,光大银行现1笔大宗交易 共成交210.10万元,新浪
2021-02-09,光大银行今日大宗交易成交55万股，成交价3.82元折价9.26%,Wind
2021-02-09,银行业关于四季度货币政策执行报告的点评：淡定应对政策常态化,新浪
2021-02-09,A股融资融券日报：两融余额减少23.79亿元（2月8日）,Wind
2021-02-08,"18家A股上市银行2020年答卷：厦门银行成增速""黑马""，仅上海银行不良率上升",零壹财经
2021-02-08,光大信托突发高层变动后涉通道业务赔偿 回应称将上诉 董监高成员变化,新浪
2021-02-08,【异动股】银行板块低开，重庆银行(601963-CN)跌7.24%,财华社
2021-02-08,A股融资融券日报：两融余额减少113.4亿元（2月5日）,Wind
2021-02-08,每日理财观察：深市主板中小板合并获批,Wind
2021-02-08,中信证券：2021年宏观金融条件有利银行，具备高确定性机会,证券时报网
2021-02-08,银行｜社融和流动性：预期引导，收而有稳,中信证券研究
2021-02-08,国内财经媒体头版2021年2月8日星期一,Wind
2021-02-07,“全球银行品牌500强”光大银行排名升至25位,金融投资报
2021-02-07,银行基本面深度｜制造业复苏是资产质量的核心变量 ——基本面研究系列【中泰银行·戴志锋/邓美君/贾靖】,传统借贷vs新型金融
2021-02-07,本周央行及银保监会行政处罚汇总：中信银行因反洗钱不力被罚2890万元 金融监管处罚,Wind
2021-02-07,“全球银行品牌500强”光大银行排名升至25位,财经网
2021-02-06,中信银行领央行开年罚款第一单！因反洗钱不力被罚2890万元 金融监管处罚,每日经济新闻
2021-02-06,因反洗钱不力领罚单 中信银行被罚2890万元 金融监管处罚,每日经济新闻
2021-02-06,深交所主板中小板合并：优化资金入市环境，支持中小企业做优做强,Wind
2021-02-06,对金融侵权行为不能手软 诉讼纠纷,经济日报
2021-02-05,“牛熊市”继续，低估值银行地产成新风口？,Wind
2021-02-05,光大银行侵害消费者权益被通报 涉服务收费、理财产品适当性等 其他违规处罚,GPLP犀牛财经
2021-02-05,A股收盘综述：三大股指冲高回落，银行股护盘难救主,Wind
2021-02-05,6只银行股价为何创新高？ 利率反弹叠加资本补充,21世纪经济报道
2021-02-05,快讯：成交额超19亿 光大银行午后涨停,新浪
2021-02-05,银行股二次拉升，光大银行涨停,Wind
2021-02-05,1月银行业罚单全景：393张罚单、罚金2.64亿,21世纪经济报道
2021-02-05,A股融资融券日报：两融余额减少103.37亿元（2月4日）,Wind
2021-02-05,光大银行因六类违规问题被责令整改：适当性管理落实不到位 金融监管处罚,中国消费者报
2021-02-05,拉卡拉陷入业绩增长乏力泥淖，违规频频，净利润增速创5年新低 其他违规处罚,投资快报
2021-02-04,个贷强制捆绑保险等六类违规，光大银行回应监管通报 金融监管处罚,金融时报
2021-02-04,外汇违规典型：国开行建设银行广发银行遭罚没千万,中国经济网
2021-02-04,光大银行被点名通报 2021年中国商业银行行业十四五规划调研,中研网
2021-02-04,6类违规问题遭银保监会点名，光大银行回应“已完成整改” 金融监管处罚,资本邦
2021-02-04,热点城市信贷资金管控趋紧 预计更多房企销售增速将放缓 盈利能力下降,广州日报
2021-02-04,建行青岛分行被罚没1031.5万：将债权转让至境外银行并收入对价款 金融监管处罚,发现网
2021-02-04,光大银行六大侵害消费者权益问题被通报 涉及多个地区分支机构 其他违规处罚,21世纪经济报道
2021-02-04,5万亿股份行被银保监会点名！个贷捆绑搭售保险，违规代客操作…涉6类违规！回应来了,券商中国
2021-02-04,外汇违规！3家银行收千万级大罚单，这些银行也栽了！ 金融监管处罚,中国基金报
2021-02-04,光大银行被银保监会点名涉6类违规：个贷捆绑搭售保险 金融监管处罚,券商中国
2021-02-03,中国银保监会消费者权益保护局关于光大银行侵害消费者权益情况的通报,质量新闻网
2021-02-03,视频丨光大银行被银保监会点名通报 存在6类违规问题,每日经济新闻
2021-02-03,国家外汇局出手！违规售汇、违规付汇…… 这些行为都要被罚!,每日经济新闻
2021-02-03,外汇局出手！违规售汇、违规付汇 这些行为都要被罚,每日经济新闻
2021-02-03,银保监会通报光大银行“六违规” 要求其进行整改 金融监管处罚,Wind
2021-02-03,37家A股上市银行2020年“成绩单”预约披露时间一览,金融界
2021-02-03,通报11起违规办理贸易付汇案，3家银行被处罚超千万元 金融监管处罚,21世纪经济报道
2021-02-03,六类违规问题被通报，光大银行回应来了,证券时报网
2021-02-03,每日梳理 | 2月3日银行业新闻精选,财经网
2021-02-03,近60亿元个贷强制捆绑销售保险、违规收取财务顾问费6000多万……这家股份行被银保监会消保局点名通报 金融监管处罚,每日经济新闻
2021-02-03,国家外汇局出手！14家银行被罚超5300万 广发罚最狠 金融监管处罚,中新经纬
2021-02-03,国家外汇局通报11起银行外汇违规案例 金融监管处罚,Wind
2021-02-03,外汇局通报11起银行外汇违规案例，3家银行收千万级罚单 金融监管处罚,澎湃新闻
2021-02-03,光大银行回应银保监会侵害消费者权益通报：高度重视 已完成整改,财经网
2021-02-03,开能健康(300272.SZ)：上海奔泰为公司5000万元综合授信提供担保 大额借贷担保,智通财经
2021-02-03,侵害消费者权益被监管通报 光大银行回应“已完成整改”,经济观察网
2021-02-03,外汇局通报银行外汇违规案例：建行青岛分行被罚1197.91万元 金融监管处罚,新浪
2021-02-03,个贷与保险强制捆绑销售，光大银行遭银保监会通报批评 其他违规处罚,第一财经
2021-02-03,快讯｜银保监会通报光大银行侵害消费者权益情况 涉违规代客操作等六项事由,财经网
2021-02-03,安心过年温暖不缺席 光大手机银行非接触金融服务惠民更暖心,财经网
2021-02-03,光大银行侵害消费者权益被监管通报 涉及存贷挂钩等六大违规问题 金融监管处罚,--
2021-02-03,光大银行因6类侵犯消费者权益问题被银保监会通报 其他违规处罚,中证网
2021-02-03,个人房贷办理不受影响，分析人士：就地过年或催生核心城市购房需求,Wind
2021-02-03,因违规代客操作、存贷挂钩等6大问题 光大银行被监管“点名”通报 金融监管处罚,北京商报
2021-02-02,平安银行跌近6%拖累银行板块，光大、浦发、邮储、兴业银行等纷纷下滑,Wind
2021-02-02,18家A股上市银行2020年整体实现净利增长 专家称符合预期,中国网
2021-02-02,银行行业业绩快报综述：基本面跟踪二十四：不止于拨备反哺 景气改善进行时,新浪
2021-02-02,光大银行(601818)：4Q20利润同比+38% 资产质量显着改善,新浪
2021-02-02,光大银行发布《商业银行数据资产估值白皮书》,云南经济日报
2021-02-01,平安银行2020年净利增2.6% 上市银行“年报大戏”3月开启,中新经纬
2021-02-01,银行业投资观察：资金市场流动性将如何演绎,新浪
2021-02-01,上市银行2020年业绩预告 利润增速拐点向上,金融界
2021-02-01,上市银行业绩预告：厦门银行净利增速领跑 上海银行不良率独升,网易
2021-02-01,同业存单为负债端“救火” 股份行新年发行计划“水涨船高”,财经网
2021-01-31,四大行广州分行表态房贷：“按揭业务有序开展”,Wind
2021-01-30,快讯｜光大银行与光大集团发生109.04亿关联交易,财经网
2021-01-30,广深部分银行收紧房贷,新浪
2021-01-30,国资入主步入2.0时代，民资公司成混改平台,Wind
2021-01-30,房企再遇“隐形红线” 广深多家银行个人房贷收紧,新浪
2021-01-29,【银华基金】交易日报 2021-1-29,新浪
2021-01-29,阿勒泰银保监局：对太平洋财险阿勒泰中心支公司作出行政处罚，罚款10万元 金融监管处罚,Wind
2021-01-29,阳光财险疑似背着借款人刻假章 光大银行放款：贷35万3年还55万,新浪
2021-01-29,金融时报：公开市场操作“相机抉择”，呵护节前资金面,Wind
2021-01-29,晨会0129｜地方两会透露出哪些信息？,中信证券研究
2021-01-28,6只机构推荐股大涨：最牛股连续涨停 两大板块最受宠,新浪
2021-01-28,川金诺(300505.SZ)拟向银行申请不超过1亿元信用综合授信,智通财经
2021-01-28,渤海证券--银行业月报：社融增速回落，银行业保持稳健运行良好态势【行业研究】,金融界股吧
2021-01-28,红星美凯龙(01528)与光大银行签署《综合授信协议》,智通财经
2021-01-28,广州多家银行个人房贷额度告急 何时能放款成未知数,广州日报
2021-01-28,12家上市银行业绩“回正”传递什么信号,金融投资网
2021-01-27,【银华基金】交易日报 2021-1-27,新浪
2021-01-27,阳光城(000671.SZ)为子公司佛山光瑞房地产提供6亿元担保 大额借贷担保,智通财经
2021-01-27,光大银行池州支行3宗违法收2罚 虚报金融统计数据 金融监管处罚,中国经济网
2021-01-27,房贷政策“变天” 想贷款买房的可能更难了,AI财经社
2021-01-27,广深房贷调查：广州中小银行额度紧张深圳大部分银行额度放款正常,经济观察报
2021-01-27,银行基本面跟踪二十三：Q4持仓延续回升 继续看好板块修复,新浪
2021-01-27,【行情】港股银行股盘中走高，邮储银行涨3.9%，工商银行涨3.1%，招商银行涨2.5%，光大银行涨2.1%,金十数据
2021-01-27,广州多家银行收紧房贷额度 业内：做好放款慢准备,南方日报
2021-01-27,近三分之一上市银行业绩快报登场，去年净利润同比全部实现增长,Wind
2021-01-26,传多家银行暂停房贷业务，昆明贷款环境整体宽松，部分银行有限额|云南信息报,云南信息报
2021-01-26,上市银行“成绩单”超预期 资产质量迎来拐点,证券时报网
2021-01-26,北京部分银行表示房贷额度紧张、办房贷要排队,中新经纬
2021-01-26,广州多家银行暂停房贷放款？业内人士：可正常申请,羊城晚报
2021-01-26,两会?会客厅丨广东省政协委员、光大银行广州分行行长韩学智：加大平台零工权益保障，推动集体土地入市激活农村金融市场,21世纪经济报道
2021-01-26,广州多家银行暂停房贷放款 涉及招行等多家省内分支行,羊城晚报
2021-01-26,极致抱团会崩吗?央行马骏:泡沫已经显现-更新中,中财网
2021-01-26,首批12家银行快报出炉 净利润均回归正增长,中投网
2021-01-26,一线城市房贷调查：广深多个银行停贷，现最严调控,21世纪经济报道
2021-01-26,70股获券商买入评级 爱施德目标涨幅达83.56%,Wind
2021-01-26,超预期！首批12家银行业绩快报出炉，银行股春天来了？,金融界
2021-01-26,明星基金经理大举调仓，谢治宇加仓银行板块,Wind
2021-01-26,上市银行“成绩单”超预期，资产质量迎来拐点,Wind
2021-01-26,上市银行“成绩单”超预期资产质量迎来拐点,证券时报
2021-01-26,广州多家银行称申请房贷只有等,财富动力网
2021-01-25,11家上市银行业绩“回正”后，不良、负债压力如何考验银行？,21世纪经济报道
2021-01-25,【银华基金】交易日报 2021-01-25,新浪
2021-01-25,一线城市房贷调查：沪广深多行额度吃紧,21世纪经济报道
2021-01-25,广深房贷调查：按揭普遍暂无额度,Wind
2021-01-25,10家上市银行快报出炉，净利润均实现正增长,中国银行保险报
2021-01-25,重磅！这家5.4万亿股份行58岁副行长内部提拔为监事长！,金融界
2021-01-25,"送达裁判文书——上海金西金属材料有限公司,无锡联浦钢铁有限公司,阙陈清,潘溴坤,李贵清,叶德雄,魏小清,林关福 诉讼纠纷",上海高级人民法院
2021-01-25,55股获券商买入评级 富满电子目标涨幅达109.21%,Wind
2021-01-25,63份年度业绩快报亮相，超八成实现净利润同比增长,Wind
2021-01-24,银行业绩快报抢先看：净利润齐增长、不良率下滑，中小银行负债承压,第一财经
2021-01-24,广州所有银行已“停贷”？银行称实为没有额度,杭州网
2021-01-24,广州所有银行已停贷？业内：没有额度 申请房贷只有等,新浪
2021-01-24,凛冬将至！多家银行被爆停贷！万亿房企债务将到期,21世纪经济报道
2021-01-24,净利正增长、资产质量持续改善 10家上市银行业绩快报接连报喜,北京商报
2021-01-23,广州所有银行已“停贷”？业内人士：没有贷款额度，申请房贷只有等,腾讯网
2021-01-23,A股开年上涨超百点，过半中小银行股价逆势下跌,华夏时报
2021-01-23,开年中小银行涨幅排行榜出炉，厦门银行跌幅最大,华夏时报
2021-01-23,突发！广东多家银行宣布“停贷”，炒房客彻夜无眠！,大猫财经
2021-01-23,数据资产如何估值？这份白皮书对三种计算方法进行了优化,21世纪经济报道
2021-01-23,8家上市银行业绩快报实现净利正增长 传递什么信号,经济观察网
2021-01-23,8家上市银行净利增速转正，传递什么信号？,Wind
2021-01-23,房企开年发债井喷，融资成本两极分化,Wind
2021-01-22,光大银行发布《商业银行数据资产估值白皮书》,中证网
2021-01-22,首批8家银行业绩快报出炉：盈利能力触底反弹，本轮坏账周期或接近顶峰,21世纪经济报道
2021-01-22,24公司获得增持评级-更新中,中财网
2021-01-22,净利增长、资产质量改善 首批8家上市银行2020年度业绩接连报喜,新浪
2021-01-22,光大银行(601818)：Q4业绩大幅改善 基本面全面向好,广发证券
2021-01-22,天风证券给予光大银行买入评级 目标价格为6.13元,新浪
2021-01-22,光大银行(601818)：营收业绩增速双提升 资产质量改善,新浪
2021-01-22,光大银行(601818)：业绩增速转正 看好估值修复,新浪
2021-01-22,光大银行(601818)：营收增长提速 不良环比双降 盈利能力下降,新浪
2021-01-22,【行情】港股内银股尾盘跌幅扩大，光大银行跌5.4%，招商银行跌4.6%，邮储银行跌3.8%，工商银行、交通银行跌超3%，建设银行跌2.4%,金十数据
2021-01-22,光大银行(601818)2020年业绩快报点评：息差改善+减值节约 基本面拐点确立,新浪
2021-01-22,光大银行(601818)：不良率降至2015年以来最低 维持首推组合,新浪
2021-01-22,光大银行(601818)：利润正增 资产质量稳中向优,新浪
2021-01-22,光大银行2020年业绩快报：归母净利润378.24亿 不良贷款率1.38％,金融界
2021-01-22,光大银行发布业绩快报：2020年营业收入1425.35亿元 净利润增长1.26%,中国网
2021-01-22,光大银行(601818)：转型发展进行时,新浪
2021-01-22,药明康德去年净利预增50%以上 多股业绩预增股价望上行,巨丰财经
2021-01-22,光大银行20年业绩快报：利润正增，资产质量稳中向优【中泰银行·戴志锋/邓美君/贾靖】,传统借贷vs新型金融
2021-01-21,盘后公告集锦|东方日升与福莱特签订近90亿元光伏玻璃重大销售合同 药明康德、江铃汽车年度净利大幅预增,财联社
2021-01-21,【浙商||银行梁凤洁/邱冠华】光大银行：最佳性价比银行,大话金融
2021-01-21,【银华基金】交易日报 2021-1-21,新浪
2021-01-21,晚间重要公告2021年1月21日星期四,Wind
2021-01-21,光大银行(06818-HK)年度净利润378.24亿人民币增1.26%,财华社
2021-01-21,交易商协会：2020年内共进行自律处分57例,Wind
2021-01-21,光大银行业绩快报：2020年营收增7.32%，净利增1.26%,证券时报网
2021-01-21,光大银行2020年净利增长1.26%,上证报
2021-01-21,光大银行2020年营收增速转正至1.26%，银行板块年初至今累涨8%跑赢大盘,搜狐
2021-01-21,【公告抢先看】晚间重要公告：金博股份与晶科等签署长期合作框架协议，特变电工子公司与上机数控战略合作,金融界
2021-01-21,晚间公告｜1月21日这些公告有看头,第一财经
2021-01-21,光大银行：2020年净利润378.24亿元 同比增加1.26%,新浪
2021-01-21,光大银行(601818.SH)业绩快报：2020年度净利预增1.26%至378.24亿元,格隆汇
2021-01-21,光大银行业绩快报：2020年净利润378.24亿元，同比增长1.26%,Wind
2021-01-21,“标志性人物”闫桂军卸任光大信托董事长，集团协同发展部总经理冯翔将接任,信托百佬汇
2021-01-21,胡润品牌榜：工行和建行跌出十强 分列第12名和第14名,新浪
2021-01-21,胡润品牌榜：工行和建行跌出十强 分列第15名和第19名,新浪
2021-01-21,22天赚10亿！“巴菲特接班人”再度抢筹银行股,券商中国
2021-01-20,【银华基金】交易日报 2021-1-20,新浪
2021-01-20,抢占消费金融“C位”中小银行加速进场,中投网
2021-01-19,【银华基金】交易日报 2021-1-19,新浪
2021-01-19,上市银行首批业绩快报超预期，A股“三傻”开年成“双雄”,Wind
2021-01-19,光大银行：监事长辞任 董监高成员变化,Wind
2021-01-18,闻泰科技股份有限公司 关于使用部分闲置募集资金进行现金管理的进展公告,腾讯网
2021-01-18,光大银行杨兵兵：发挥生产要素价值 推进数据交易先行先试,新浪
2021-01-18,银行板块震荡上扬 平安银行兴业银行等再创新高,证券时报网
2021-01-18,银行业投资观察：政策环境稳定,新浪
2021-01-18,商业银行正成为金融科技创新“主力军”,零壹财经
2021-01-15,福耀玻璃(600660.SH)：拟向4家银行申请合计48.67亿元的综合授信额度,格隆汇
2021-01-15,交易日报 2021-1-15,新浪
2021-01-15,永煤违约后续 交易商协会责令兴业、光大、中原银行全面深入整改 违约失信,经济观察网
2021-01-15,交易商协会：对光大银行、中原银行予以诫勉谈话,上证报
2021-01-15,交易商协会：光大银行等三家银行在永煤事件中违反自律管理规则 其他违规处罚,新浪
2021-01-15,交易商协会对永煤控股相关11家机构作出处分决定 其他违规处罚,Wind
2021-01-15,交易商协会：对光大银行、中原银行、兴业银行下发自律处分 金融监管处罚,Wind
2021-01-15,中金料去年第四季度内银净利增44%，不良率回落,Wind
2021-01-15,光大银行信用卡中心因恶意扣费被投诉信用卡贷款增幅降至4%,GPLP犀牛财经
2021-01-15,【异动股】银行板块拉升，邮储银行(601658-CN)涨9.96%,财华社
2021-01-15,民生银行对外输出代理记账服务 12家股份行开放银行建设大PK,21世纪经济报道
2021-01-15,投资风格悄然转换？银行股获主力抢筹、酒类股遭抛售 股票卖空,第一财经
2021-01-15,4Q20银行业绩预览：V型反转最陡峭的一笔 启动指数级行情,新浪
2021-01-15,光大银行：积极服务实体经济，全面推进财富管理银行建设,云南经济日报
2021-01-15,【异动股】银行板块高开，平安银行(000001-CN)涨7.24%,财华社
2021-01-15,A股融资融券日报：两融余额减少33.94亿元（1月14日）,Wind
2021-01-14,交易日报 2021-1-14,新浪
2021-01-14,海外信用评级汇总2021年1月14日星期四,Wind
2021-01-14,标普：授予光大银行“BBB+/A-2”评级，展望稳定,Wind
2021-01-14,国开泰富成立近八年规模不足2亿 旗下主动权益类基金去年收益率不足5%,投资时报
2021-01-14,A股融资融券日报：两融余额增加15.74亿元（1月13日）,Wind
2021-01-13,*ST联络(002280.SZ)：2020年度预盈3500万元-1.35亿元同比扭亏为盈,格隆汇
2021-01-13,光大云缴费2020年服务用户突破5亿户,金融投资报
2021-01-13,A股融资融券日报：两融余额增加108.41亿元（1月12日）,Wind
2021-01-13,光银国际助力福建漳龙成功定价美元债券,光银国际
2021-01-13,92股获券商买入评级 精工钢构目标涨幅达100.39%,Wind
2021-01-12,A股融资融券日报：两融余额增加10.43亿元（1月11日）,Wind
2021-01-11,46股获买入评级 最新:芒果超媒,中财网
2021-01-11,中信固收：利率市场化再进一步,Wind
2021-01-10,辨国际时局创智慧新思 金一南来渝开讲,上游新闻
2021-01-08,明星分析师都去哪了？券商研究所5年离职数据大解剖,新财富
2021-01-07,本立科技IPO过会：部分产品利润不可持续，市场前景可观,中华网
2021-01-07,信贷资金改变原有用途！光大银行一分行遭罚30万元 金融监管处罚,云掌财经
2021-01-07,银行业：调整小插曲已过 年报季启动银行行情,新浪
2021-01-07,内蒙古银保监局：对光大银行呼和浩特分行作出行政处罚，罚款30万元 金融监管处罚,Wind
2021-01-07,光大银行呼和浩特分行违法遭罚 信贷资金改变原有用途 金融监管处罚,中国经济网
2021-01-07,光大银行呼和浩特分行被罚30万：贷后管理不到位 金融监管处罚,新浪
2021-01-07,【晨观方正】银行/电子/化工/环保20210107,方正证券
2021-01-07,2020年这些轮胎企业老板沦为老赖,轮胎商业网
2021-01-06,阿克苏银保监局：对太平洋财险阿拉尔支公司作出行政处罚，罚款25万元 金融监管处罚,Wind
2021-01-06,光大银行南昌分行违法被罚 未经行政许可终止分支机构 金融监管处罚,中国经济网
2021-01-06,A股融资融券日报：两融余额增加120.41亿元（1月5日）,Wind
2021-01-06,看重高股息率，险资今年仍愿加仓银行股,Wind
2021-01-06,光大银行发布手机银行8.0版本,中国金融新闻网
2021-01-05,光大推出手机银行8.0 释放财富管理新势能,中国金融新闻网
2021-01-05,银行业《商业银行绩效评价办法》点评：经营契合国家战略 强调更有质量的发展模式,新浪
2021-01-04,顺发恒业：恒业公司拟将自有土地使用权抵押给光大银行萧山支行 申请额度不超过7亿元贷款,发布易
2021-01-04,盘点：2020六大国有大行的领导班子都经历了哪些变化？,--
2021-01-04,12家股份行排名：谁是小微金融之王？ | 小微金融之年（四）,零壹财经
2021-01-04,【异动股】银行板块低开，成都银行(601838-CN)跌4.4%,财华社
2021-01-04,A股融资融券日报：两融余额增加25.69亿元（ 1月1日）,Wind
2021-01-04,持牌优势渐显，独立直销银行沉寂4年再“冒泡”,Wind
2021-01-04,新规发威，元旦后银行房贷额度不松反紧,Wind
2021-01-03,银行业关于《关于建立银行业金融机构房地产贷款集中度管理制度的通知》的点评：地产长效金融机制的内涵,新浪
2021-01-03,2021年房贷额度不比2020年宽松,券商中国
2020-12-31,天津富东制罐有限公司生产以不合格产品冒充合格产品的钢提桶被处罚 产品问题,质量新闻网
2020-12-31,天津市津南区胖胖果蔬经营部销售不符合保障人体健康的国家标准的一次性民用口罩被处罚,质量新闻网
2020-12-31,佳云科技(300242.SZ)控股孙公司及关联方为公司不超过7000万元授信担保 大额借贷担保,智通财经
2020-12-31,主承销商：“17宜华企业MTN001”和“17宜华企业MTN002”违约后续 未按时兑付本息,Wind
2020-12-31,制造业靓丽“成绩单”背后的金融力量,金融时报
2020-12-30,2020中资银行国际化报告显示：中资银行国际化水平飞速提升,中国经济网
2020-12-30,盘点来了，2020国有大行领导班子都有哪些变化？53岁的董事长、48岁的行长、43岁的副行长，后浪势不可挡,金融界
2020-12-29,光大云缴费社保代收服务覆盖2亿人,证券日报网
2020-12-29,大族激光(002008.SZ)：拟向3家银行申请合计不超20.5亿元综合授信额度,格隆汇
2020-12-29,南通江天化学股份有限公司首次公开发行股票并在创业板上市网下初步配售结果公告,证券时报
2020-12-29,因信用卡汽车分期业务授信调查未尽职，工行两家支行被罚50万元 金融监管处罚,云掌财经
2020-12-28,福建银保监局：对光大银行福州分行作出行政处罚，罚款50万元 金融监管处罚,Wind
2020-12-28,光大银行发布手机银行8.0 全新推出专业财富版本,上证报
2020-12-28,光大手机银行8.0发布 上线AI数字人客服,网易
2020-12-28,复星医药(02196)拟为复星医药产业7000万欧元的流动资金贷款提供担保 大额借贷担保,智通财经
2020-12-28,光大银行正式发布手机银行8.0,中证网
2020-12-28,光大手机银行8.0：厚积薄发 释放财富管理新势能,深圳新闻网
2020-12-28,2020中资银行国际化报告发布 大行继续领跑,中国金融新闻网
2020-12-28,重庆银保监局关于中国光大银行股份有限公司重庆渝中万科锦程社区支行开业的批复,银保监会
2020-12-28,【银行*马祥云】禁止互联网销售，银行理财发展五大关注点,东吴研究所
2020-12-25,凝聚帮扶力量光大银行奏响贫困地区脱贫致富曲|云南信息报,云南信息报
2020-12-25,【兴证金融 傅慧芳】银行业周报（201221-201227）：银保监会明确五大监管方向，理财子销售渠道迎来变革,兴证金融
2020-12-25,光大手机银行8.0上线：集成全品类投资产品，打造一个更懂财富管理的手机银行,每日经济新闻
2020-12-25,光大银行(06818-HK)与光大科技签署协议,财华社
2020-12-25,光大银行(06818-HK)建议委任韩复龄及刘世平为独立非执行董事,财华社
2020-12-24,A股融资融券日报：两融余额增加60.02亿元（ 12月23日）,Wind
2020-12-24,诸城市民吐槽光大银行取不到3万元现金 办业务不熟练,中国经济网
2020-12-23,"港股""支付第一股""汇付天下私有化背后：上半年出现上市后首亏 亏损",云掌财经
2020-12-23,A股融资融券日报：两融余额增加2.44亿元（12月22日）,Wind
2020-12-23,【安信中小盘】华安鑫创-次新股资讯1223,AX中小盘研究
2020-12-22,山东机场建设投资基金母基金正式成立 规模300亿元,证券时报
2020-12-22,金融科技创新赋能 光大手机银行十年匠心助力人民美好生活,浙江在线
2020-12-22,紫晶存储(688086.SH)拟为参股公司中弘紫晶贷款提供最高1600万元担保 大额借贷担保,智通财经
2020-12-22,兴齐眼药(300573.SZ)拟向光大银行沈阳云峰支行申请授信1亿元,格隆汇
2020-12-22,兴齐眼药(300573.SZ)拟向银行申请1亿元综合授信,智通财经
2020-12-22,A股融资融券日报：两融余额增加74.58亿元（12月21日）,Wind
2020-12-21,打造“社保云缴费”小程序 光大云缴费社保代收服务覆盖2亿人,金融投资报
2020-12-21,光大云缴费社保代收服务覆盖2亿人,上证报
2020-12-21,银行业投资观察：夯实经济 稳定预期,新浪
2020-12-21,A股融资融券日报：两融余额增加21.42亿元（12月18日）,Wind
2020-12-21,银行｜夯实经济，稳定预期,中信证券研究
2020-12-20,光大银行张旭阳：资管机构比银行更好与企业共同成长,证券时报网
2020-12-20,金融反腐2020｜股份行9人被查：5人有同一银行任职经历,澎湃新闻
2020-12-18,雪榕生物(300511.SZ)拟向银行申请授信额度,格隆汇
2020-12-18,肇庆知识产权质押融资风险补偿机制开始运转,中证网
2020-12-18,银行业月度报告（2020年11月）：存款增速回升，资金利率下行,财信证券研究
2020-12-18,2020年度责任金融机构实至名归,上游新闻
2020-12-17,垃圾短信骚扰电话不断 作业帮、贝壳、光大银行、VIPKID等被工信部点名,科技新闻网
2020-12-17,银行行业月度报告：存款增速回升，资金利率下行，维持“同步大市”评级,格隆汇
2020-12-17,A股融资融券日报：两融余额增加21.56亿元（12月16日）,Wind
2020-12-16,恒丰银行：出资不超过20亿元，全资设立恒丰理财有限责任公司,Wind
2020-12-16,创意信息(300366.SZ)：控股子公司与光大银行、光大科技签署知识产权合作协议,格隆汇
2020-12-16,创意信息(300366.SZ)：万里开源拟与光大银行、光大科技合作开发和申请数据库专利,智通财经
2020-12-16,洽洽食品(002557.SZ)：控股股东质押1000万股,格隆汇
2020-12-16,快讯：银行板块持续拉升 青农商行等多股走强,新浪
2020-12-16,【行情】银行板块拉升，青农商行涨5%，宁波银行、光大银行、兴业银行等跟涨,金十数据
2020-12-16,A股融资融券日报：两融余额增加16.45亿元（12月15日）,Wind
2020-12-15,新财富 | 浙商：最具潜力研究机构第一！银行第一！,大话金融
2020-12-15,华阳新材料集团与光大银行深化战略合作,新华网
2020-12-15,中艺生态拟为兴源环境(300266.SZ)申请8000万元融资提供担保 大额借贷担保,智通财经
2020-12-15,光大银行王青林：金融科技带来的是开放性发展,新浪
2020-12-14,银行股否极泰来可期？资金连续11日加仓坚定看多后市！,资本邦
2020-12-14,富瑞特装(300228.SZ)拟申请银行授信额度并为全资、控股子公司银行授信提供担保 大额借贷担保,智通财经
2020-12-14,信号！央行重磅发声：评级虚高、事前预警功能弱,券商中国
2020-12-14,A股融资融券日报：两融余额减少57.04亿元（12月11日）,Wind
2020-12-14,14家大中型银行理财子公司获批，地方银行面临双重压力,Wind
2020-12-12,北上资金抄底银行股逆市净买入逾10亿元,Wind
2020-12-12,北上资金抄底银行股，逆市净买入逾10亿元,Wind
2020-12-11,首届全国信创产业生态创新大赛结果出炉,消费日报网
2020-12-11,光大银行杨兵兵：银行数字化转型的思考与展望,中新经纬
2020-12-11,光大银行药明：探索构建“三位一体”新增长模式 加速银行数字化转型发展,金融界
2020-12-11,大跌之后，市场再出利好,证券之星
2020-12-11,大通燃气(000593.SZ)拟为上饶燃气1000万元贷款提供担保 大额借贷担保,智通财经
2020-12-11,2020第三季度招商银行信用卡业务投诉量达5598件 居股份行首位,中国网
2020-12-11,首届信创大赛总决赛获奖项目全览，一文了解信创“新势力”,砍柴网
2020-12-11,2020第三季度银行业消费投诉环比增26.5% 招商银行投诉量居股份行首位,中国网
2020-12-11,A股融资融券日报：两融余额增加1.54亿元（12月10日）,Wind
2020-12-10,银行股到底还有没有行情？两大龙头券商观点现分歧,中国基金报
2020-12-10,"历史罕见！中信证券跟中金公司""互怼""起来了",中国基金报
2020-12-10,这些银行被银保监会点名通报！ 其他违规处罚,金融时报
2020-12-10,银行-11月金融数据点评：社融增速年内首次回落，M1增速持续上行，维持“强大于市”评级,中银国际
2020-12-10,银行业2020年11月金融数据点评：宏观修复 经营平稳,新浪
2020-12-10,三季度银行业投诉排行：招行信用卡业务被投诉5598件，平安个人贷款被投诉量环比增44% 诉讼纠纷,凤凰网
2020-12-10,关于2020年第三季度银行业消费投诉情况的通报,新浪
2020-12-10,银保监会：工行、建行、交行投诉量位列国有大型商业银行前三,新浪
2020-12-10,银保监会：第三季度接收并转送银行业消费投诉85097件，环比增长26.5%,Wind
2020-12-10,多家银行围剿信用卡套现，POS机套现封卡现象严重！,腾讯网
2020-12-09,分歧加剧！北上资金连续六周加仓，公募仓位降至年内低位,Wind
2020-12-09,做好“传帮带” 薪火永相传,光明网
2020-12-08,“还钱”！多家银行轮番“上阵” 河南两家大型国企上亿资产被申请冻结、查封、扣押 资产查封,每日经济新闻
2020-12-08,河南国控集团、豫粮集团债务问题后续：多家银行轮番“上阵”，申请冻结、查封、扣押财产数亿元 资产查封,每日经济新闻
2020-12-08,A股融资融券日报：两融余额增加35.7亿元（12月7日）,Wind
2020-12-07,远程金融服务怎么搞，听听容联与20多家金融机构的创新与实践,搜狐
2020-12-07,银行股大幅杀跌 机构：板块内部补涨行情值得关注丨牛熊眼,第一财经
2020-12-07,太平洋证券：银行股短期调整不改长期看好,证券时报网
2020-12-07,银行股走弱，多股跌超3%,Wind
2020-12-07,A股融资融券日报：两融余额减少13.24亿元（12月4日）,Wind
2020-12-07,科技创新能力成消费金融公司“取胜法宝”,中国金融新闻网
2020-12-06,前11月银行债券承销“战报”：规模同比增超三成“看门人”责任待强化,北京商报
2020-12-06,方正策略：春季躁动时期甄选业绩占优以及具备产业周期催化的行业,策略研究
2020-12-06,杨兵兵：关于数字金融 有五点认识,新浪
2020-12-06,银行业周报：D-SIBS评估影响有限 料社融将延续积极增长,新浪
2020-12-05,小小手册新起点，资智融合全服务,凤凰网
2020-12-05,交易商协会夯实主承销商责任，企业发债门槛或提升,Wind
2020-12-04,光大证券举办《产品服务手册2020》发布会暨“对私产品秀”活动,新浪
2020-12-04,银保监会通报银行投诉情况,Bank资管
2020-12-04,中远海发(02866.HK)拟为东方富利不超4.00亿元贷款提供担保 大额借贷担保,格隆汇
2020-12-04,银行业关于《系统重要性银行评估办法》的点评：评估系统重要性 强化金融稳定性,新浪
2020-12-04,永煤事件发酵！评级机构紧急调整10公司信用评级,券商中国
2020-12-04,银行还有空间！花旗加入看多,Wind
2020-12-04,中信证券：审慎监管如期推进夯实金融体系稳定性 银行个股选择两条线索（附股）,证券时报网
2020-12-04,银保监会通报银行投诉情况,渤源资产
2020-12-03,利亚德(300296.SZ)将为励丰文化、深圳利亚德申请银行贷款提供担保 大额借贷担保,智通财经
2020-12-03,新疆银保监局：对大地财险新疆分公司作出行政处罚，罚款80万元 金融监管处罚,Wind
2020-12-03,银行股行情还在继续，机构建议投资遵从两大主线丨牛熊眼,第一财经
2020-12-03,银行业：论银行股行情的可持续性,新浪
2020-12-03,中金:预计A股和H股银行指数未来3-5个季度上涨空间分别为50%和60%,中金公司
2020-12-02,明阳电路(300739.SZ)：拟向光大银行申请不超1.5亿元综合授信额度,格隆汇
2020-12-02,17家银行叫停贵金属交易开户的背后：有投资人18天损失650万,华夏时报
2020-12-02,杨兵兵：中国经济正是资本所需要寻找的一片蓝海,新浪
2020-12-02,光大银行驻马店分行正式营业,搜狐
2020-12-01,中国南方航空股份(01055)签订可转债募集资金专户存储四方监管协议,智通财经
2020-12-01,“微”中有为 光大银行重庆分行携手小微企业共成长,上游新闻
2020-12-01,A股融资融券日报：两融余额增加44.55亿元（11月30日）,Wind
2020-12-01,银行板块假摔还是真跌？,Wind
2020-12-01,银行板块假摔还是真跌,中证报
2020-11-30,铭普光磁(002902.SZ)拟向光大银行东莞分行申请融资不超1亿元,格隆汇
2020-11-30,突发！交易商协会再出手：这家公募基金被自律调查！发生了什么？ 其他违规处罚,中国基金报
2020-11-30,冲高回落，创业板市场的机会来了吗？,搜狐
2020-11-30,中国光大银行深圳分行荣获《南方都市报》年度金融抗疫责任大奖,南都网
2020-11-30,巨·个股 | 银行板块上演冲高回落大戏！回落之后，是否具备低吸机会？（附股）,巨丰财经
2020-11-30,深度*行业*央行3季度货政报告点评：货币政策向常态回归 贷款利率触底回升,新浪
2020-11-30,上证指数接近翻绿，银行板块完全回吐日内升幅,Wind
2020-11-30,A股融资融券日报：两融余额减少34.75亿元（11月27日）,Wind
2020-11-30,科技助力银行打造高质量服务仍需努力,中国金融新闻网
2020-11-30,中信证券：短期关注具备估值弹性的贝塔品种，可关注兴业银行,第一财经
2020-11-30,本周股市三大猜想及应对策略,财富动力网
2020-11-29,【国君通信|深度报告】中嘉博创：金融服务外包龙头，呼叫中心行业百亿市场待开掘,程风信语
2020-11-28,机构认为银行将迎来一轮上涨行情,财富动力网
2020-11-27,国科微(300672.SZ)：拟向光大银行长沙分行申请总额不超2亿元综合授信额度,格隆汇
2020-11-27,中金：内银股将迎来大幅上涨 包括招商银行等,新浪
2020-11-27,业绩反转而非反弹！ 中金称内银股将迎来大幅上涨，α品种包括招行（01398）等,智通财经
2020-11-27,A股融资融券日报：两融余额减少30.77亿元（11月26日）,Wind
2020-11-27,76只股遭北向资金减仓超10%,证券时报网
2020-11-26,光大银行某分行原副行长受贿索贿细节公布:让商人帮还3600万外债 其他违规处罚,新浪
2020-11-26,11月26日主力资金净流出349亿元,证券时报网
2020-11-26,中银晨会聚焦,新浪
2020-11-26,多重因素点燃银行股热情，涨势能持续多久？还有多少空间？丨牛熊眼,第一财经
2020-11-26,银行股领涨市场，兴业银行创历史新高,Wind
2020-11-26,【行情】银行板块拉升，光大银行涨3%，兴业银行、张家港行、成都银行等跟涨,金十数据
2020-11-26,A股融资融券日报：两融余额减少3.16亿元（11月25日）,Wind
2020-11-25,21金融研究丨疫情影响下银行对公业务规模为何逆势增长？,21世纪经济报道
2020-11-25,【日报|国君煤炭翟堃】国家能源局核准批复新疆四个煤矿项目 产能合计为600万吨/年,煤市乾坤
2020-11-25,当下操作策略,华安证券订阅号
2020-11-25,A股融资融券日报：两融余额增加33.66亿元（11月24日）,Wind
2020-11-25,多重利好密集释放 10万亿级消费金融市场再升温,兰格钢铁网
2020-11-25,永煤涉违法违规线索已移送证监会！1家券商+3家银行被查，监管动作频频,券商中国
2020-11-24,珈伟新能(300317.SZ)：华源新能源为金湖振合融资业务提供反担保 大额借贷担保,智通财经
2020-11-24,哈三联：变更部分募集资金专户,Wind
2020-11-24,永煤兑付本金了！河南省副省长发声：严惩各种“逃废债”行为,21世纪经济报道
2020-11-24,三季度净值型银行理财排名发布 160只产品获5星评价,新华网
2020-11-24,A股融资融券日报：两融余额增加103.05亿元（11月23日）,Wind
2020-11-24,【东北银行王凤华/陈玉卢】行业周报：配股重启，外源性资本补充助力银行发展,东北证券研究所
2020-11-23,涉嫌违规被调查 海通证券风波不断,新金融
2020-11-23,永煤债3家被查银行或存信披不充分、未作风险提示等疏漏,金十数据
2020-11-23,银行板块37只个股全线飘红 分析师：信用债违约造成的损失，远小于商业银行净利润水平 未按时兑付本息,每日经济新闻
2020-11-23,银保监会：同意光大银行设立澳门分行,新浪
2020-11-23,“20永煤SCP003”将召开持有人会议，违约本息超10亿元 未按时兑付本息,腾讯网
2020-11-23,腾讯度小满等机构获重庆金科试点 内陆国际金融中心建设开始发力,凤凰网
2020-11-23,专家解读：债券违约风险如何处置 对商业银行影响几何？,中证报
2020-11-23,光大银行涨4.77%，近5日流入5.66亿,中新经纬
2020-11-23,上证50指数涨幅扩大至2%,Wind
2020-11-23,【行情】银行板块异动，厦门银行大涨8%，光大银行、兴业银行、宁波银行纷纷拉升,金十数据
2020-11-23,权威解读！债券违约风险如何处置？对商业银行影响几何？,中证报
2020-11-23,永城煤电违约债券持有人会议火速召开 未按时兑付本息,每日经济新闻
2020-11-23,多方位监管严控债券违约风险 商业银行受违约影响料有限 债券兑付风险警示公告,中证网
2020-11-23,主承销商：拟11月23日晚召开“20永煤SCP003”2020年度第一次持有人会议,Wind
2020-11-23,A股融资融券日报：两融余额减少5.84亿元（11月20日）,Wind
2020-11-22,金融委发声稳债市，打击“逃废债”不代表“保刚兑”,第一财经
2020-11-21,永煤违约链式反应 违约失信,经济观察报
2020-11-20,永煤信用债爆雷持续发酵！牵出多家券商银行！国企债务的刚兑信仰破灭！,格隆汇
2020-11-20,2分钟读财报|兴业、光大银行遭调查 永城煤电债务违约持续发酵 金融监管处罚,新浪
2020-11-20,鲁北化工(600727.SH)：拟以子公司股权质押向光大银行借款1.5亿元,格隆汇
2020-11-20,A股收盘综述：上证指数录得三连升，汽车股掀涨停潮,Wind
2020-11-20,永煤债中介机构被调查：兴业、光大等银行股价下挫 金融监管处罚,AI财经社
2020-11-20,永煤违约后续：对兴业银行、光大银行和中原银行等启动自律调查 违约失信,新浪
2020-11-20,A股午盘综述：上证指数涨0.1%，创业板指涨0.57%,Wind
2020-11-20,永煤事件“余震” 多家银行也被启动自律调查 金融监管处罚,广州日报
2020-11-20,光大银行与Plug and Play China就金融科技领域创新达成合作,中证网
2020-11-20,千亿国企债券违约连环爆 兴业银行、光大银行等也被调查 未按时兑付本息,中新经纬
2020-11-20,【行情】光大银行港股跌1%，因涉永煤控股债券发行遭自律调查,金十数据
2020-11-20,永煤债违约再发酵 兴业银行、光大银行等机构被查,北京商报
2020-11-20,A股融资融券日报：两融余额减少12.22亿元（11月19日）,Wind
2020-11-20,每日理财观察：永煤债违约冲击波袭来，多家中介机构被启动自律调查,Wind
2020-11-20,期市投资参考：永煤债违约进一步发酵，国内成品油年内第五次上调,Wind
2020-11-20,永煤事件进一步发酵！百亿交叉违约来了？,Wind
2020-11-20,兴业银行、光大银行等也被调查了！千亿国企债券违约连环爆！,中国基金报
2020-11-20,永煤债违约再发酵 兴业光大等多家银行被查 违约失信,新浪
2020-11-20,明确信用卡资金用途 银行密集“划出红线”,中国财富网
2020-11-20,深夜重磅！千亿国企债券违约连环爆，光大、中原银行等也被调查 未按时兑付本息,证券时报
2020-11-20,深夜重磅：兴业银行、光大银行等也被调查了！千亿国企债券违约连环爆！ 金融监管处罚,中国基金报
2020-11-20,信用债日报：市场情绪依然悲观，超六成信用债下跌,Wind
2020-11-19,债券违约冲击波！更多机构遭调查，数百亿债券现交叉违约风险 交叉条款违约,中证报
2020-11-19,AAA级永煤债爆雷，监管层“挨家挨户”点名调查！看专家们怎么说,国际金融报
2020-11-19,永煤违约风波再起！交易商协会将对兴业、光大银行等中介机构启动自律调查 违约失信,每日经济新闻
2020-11-19,永煤债违约冲击波袭来 多家银行、评级机构被查 违约失信,新浪
2020-11-19,多家银行、评级机构被查 永煤债违约冲击波袭来 违约失信,北京商报
2020-11-19,海通被查祸起结构化发债？监管层重拳出击遏制“自融” 其他违规处罚,Wind
2020-11-19,永煤债主承、评级、会计都有问题？多家中介机构被启动自律调查 其他违规处罚,第一财经
2020-11-19,永煤违约事件再发酵，兴业银行等多家相关中介机构被调查 违约失信,第一财经
2020-11-19,兴业银行、光大银行等被启动自律调查，涉永煤控股债券发行,澎湃新闻
2020-11-19,交易商协会对永煤控股债务融资工具相关中介机构启动自律调查,Wind
2020-11-19,策略日报：指数震荡分化 银行、钢铁板块领涨,新浪
2020-11-19,A股融资融券日报：两融余额增加19.41亿元（11月18日）,Wind
2020-11-19,银行行业月报：宏观持续修复 政策利率稳定,新浪
2020-11-19,光大云缴费本年活跃用户突破4亿户,中国金融新闻网
2020-11-19,银行股明年还能涨吗？听听机构怎么说丨牛熊眼,腾讯网
2020-11-19,万国数据第三季收入高出预期,财富动力网
2020-11-18,用优质高效金融服务“三农”保秋收,中国经济网
2020-11-18,银行板块三连阳：37只个股全线上涨 兴业获北上资金净买入11.5亿元,经济观察网
2020-11-18,银行股逆势上涨有玄机！年底信托资金回流,中投网
2020-11-18,【研报掘金】信用风险缓释长周期逐渐步入尾期 银行板块估值修复有望建议积极布局,证券时报网
2020-11-18,【财经分析】打通普惠金融发展堵点，上海这样做,新华网
2020-11-18,A股收盘综述：上证指数涨0.22%，创业板指跌1.41%,Wind
2020-11-18,【异动股】银行板块拉升，厦门银行(601187-CN)涨9.99%,财华社
2020-11-18,A股午盘综述：上证指数涨0.47%，创业板指跌超1%,Wind
2020-11-18,股份制银行三季报盘点：民生银行净利降幅超18% 恒丰银行不良率2.84%垫底 盈利能力下降,云掌财经
2020-11-18,银行股拉升，厦门银行日内再封涨停,Wind
2020-11-18,银行业2021年投资策略：景气向上 积极配置,新浪
2020-11-18,A股融资融券日报：两融余额增加26.05亿元（11月17日）,Wind
2020-11-18,中信证券：景气向上，2021年积极配置银行,Wind
2020-11-18,金融行业技能竞赛在昆角逐,云南日报
2020-11-18,银行业月度报告（2020年10月）：信贷平稳增长，结构持续向好,财信证券研究
2020-11-17,福耀玻璃(03606.HK)：收回21.5亿元到期委托理财产品,格隆汇
2020-11-17,中金：内银股价有超60%的上升空间 建议关注光大银行（06818）邮储银行（01658）等,智通财经
2020-11-17,银行业周报第35期：包商银行二级资本债全额减记 市场充分预期,新浪
2020-11-17,A股融资融券日报：两融余额增加73.19亿元（11月16日）,Wind
2020-11-17,光大银行消费者权益保护部：“阳光消保”将消保理念嵌入经营管理全流程,中国金融新闻网
2020-11-17,光大手机银行十年“开放、合作、共赢” 全方位打造“金融+生活”服务平台,每日经济新闻
2020-11-16,信用研究 | 永煤违约后需关注的信用风险角度补充 违约失信,齐晟太子看债
2020-11-16,中信建投证券资本市场周报（20201116-20201120）,中信建投DCM
2020-11-16,助力人民美好生活 光大手机银行构建优质财富管理平台,中国金融新闻网
2020-11-16,中国武夷(000797.SZ)拟向银行申请综合授信额度,格隆汇
2020-11-16,光大资管潘东：理财子公司加速抢占权益市场,时代在线
2020-11-16,A股融资融券日报：两融余额减少8.08亿元（11月13日）,Wind
2020-11-16,光大银行(601818)：盈利增速改善 零售转型推进,新浪
2020-11-16,2股获买入评级 最新:光大银行,中财网
2020-11-13,怡和系因“高息贷款”陷债务危机，持有成都银行7210万股被拍卖，曾牵涉17家银行 资产查封,21世纪经济报道
2020-11-13,信用债“疯了”？银行股跌了,澎湃新闻
2020-11-13,银行股持续走弱，银行ETF跌超2%成交放量,Wind
2020-11-13,光大云缴费本年活跃用户突破4亿户,上证报
2020-11-13,A股融资融券日报：两融余额增加3.35亿元（11月12日）,Wind
2020-11-13,34只股遭北向资金减仓超20%,证券时报网
2020-11-12,银行转型2020，谁是王者？,21世纪经济报道
2020-11-12,【银华基金】交易日报 2020-11-12,新浪
2020-11-12,21金融研究丨银行转型2020，谁是王者？,21世纪经济报道
2020-11-12,18家全国性银行喜与忧：归母净利润悉数增长 三家不良率上升,投资时报
2020-11-12,光大北分积极助力2020年版第五套人民币5元纸币顺利发行,新京报
2020-11-12,三亚激发金融活力助力自贸港建设,证券导报
2020-11-12,陕西煤业化工集团：“20陕煤化SCP003”簿记建档时间延长,Wind
2020-11-12,A股融资融券日报：两融余额减少30.05亿元（11月11日）,Wind
2020-11-12,光大银行副行长杨兵兵：树立新经营理念 促进数字金融高质量发展,21世纪经济报道
2020-11-11,光大银行杨兵兵：促进数字金融实现高质量发展,中证网
2020-11-11,光大银行杨兵兵：数字经济和数字金融 两者共生共荣,新浪
2020-11-11,证金汇金同时连续21季重仓股揭秘,证券时报网
2020-11-11,A股融资融券日报：两融余额增加29.94亿元（11月10日）,Wind
2020-11-10,光大银行总行地区上半年净利润腰斩，买入返售金融资产暴增 盈利能力下降,新浪
2020-11-10,【银华基金】交易日报 2020-11-10,新浪
2020-11-10,永煤控股集团回应债券违约：公司基本面是非常正常，寻求渠道、多方努力筹集资金 未按时兑付本息,Wind
2020-11-10,九卦|银行模型风险管理体系的构建与实践,搜狐
2020-11-10,A股再现跷跷板行情！科技消费股领跌，航空机场大金融集体狂奔,Wind
2020-11-10,赋能“智慧停车+银行新零售”助力智慧城市建设,光明网
2020-11-10,A股融资融券日报：两融余额增加135.55亿元（11月9日）,Wind
2020-11-10,永煤又有两只债券违约，今晚召开持有人会议拟偿还50％本金 未按时兑付本息,腾讯网
2020-11-09,创意信息(300366.SZ)子公司万里开源与光大银行签署开源数据库软件现场服务选型入围项目合同,智通财经
2020-11-09,创意信息(300366.SZ)：与光大银行签署开源数据库软件现场服务选型入围项目专项服务合同,格隆汇
2020-11-09,交行又“空降”一位副行长，国开行吉林省分行郝成即将赴任,Wind
2020-11-09,A股融资融券日报：两融余额增加2.12亿元（11月6日）,Wind
2020-11-07,陆家嘴财经早餐2020年11月7日星期六,Wind
2020-11-06,“阳光消保”：将消保理念嵌入经营管理全流程,中国金融新闻网
2020-11-06,9家A股上市股份制银行2020年三季报盘点：前三季度共实现利润3237亿元,挖贝网
2020-11-06,金融一线|光大、渤海银行被责令整改:违反银行间市场自律管理规则 金融监管处罚,新浪
2020-11-06,A股融资融券日报：两融余额增加71.74亿元（11月5日）,Wind
2020-11-06,交易商协会：对光大银行予以诫勉谈话,Wind
2020-11-06,天风证券：低估值银行板块有望否极泰来，未来一年估值有望上行,Wind
2020-11-05,深度*行业*银行业2020年3季报综述：营收增长稳健 净利润增速回升,新浪
2020-11-05,A股融资融券日报：两融余额增加53.2亿元（11月4日）,Wind
2020-11-05,45只股遭北向资金减仓超20%,证券时报网
2020-11-05,9家A股股份行前3季净利3237亿元 民生银行降18%领跌 盈利能力下降,中国经济网
2020-11-05,浙江绍兴推动银行服务重心下沉,经济日报
2020-11-04,上金所公布黄金拆借品种参与机构名单,Wind
2020-11-04,【银行】光大银行：利润降幅收窄，息差保持稳定,中银证券研究
2020-11-03,光大银行与中国信息通信研究院签署战略合作协议,中国金融新闻网
2020-11-03,深度*公司*光大银行(601818)：利润降幅收窄 息差保持稳定,新浪
2020-11-03,【研报掘金】银行利润增速三季度已见拐点 四季度估值切换窗口打开建议超配银行板块,证券时报网
2020-11-03,拐点到来？三季度 银行表现怎么样？,新浪
2020-11-03,银行业拐点到来？三季报数据揭晓相关变化,21世纪经济报道
2020-11-03,上周重点监测房企共拿地67宗 总出让金约647.04亿元,中指院
2020-11-03,交银国际：光大银行目标价3.10港元 维持中性评级,新浪
2020-11-03,银行三季度业绩表现企稳向好，服务实体经济力度加大,Wind
2020-11-02,光大银行前三季度净利296亿 信用减值损失430亿,中国经济网
2020-11-02,光大银行深圳分行私行业务取得新突破 客户总量达950户,深圳新闻网
2020-11-02,美银证券：内银将迎估值修复 荐低吸工行(01398) 农行(01288) 光大银行（06818）,智通财经
2020-11-02,光大银行深圳分行履行金融使命，点亮普惠金融服务“星星之火”,南都网
2020-11-02,光大银行：“17华闻传媒MTN001”“18华闻传媒MTN001”持有人会议通过相关议案,Wind
2020-11-02,40公司获得增持评级-更新中,中财网
2020-11-02,恒指收涨1.46%，汽车、银行、黄金股涨幅居前,Wind
2020-11-02,【行情】港股银行股午后持续走高，邮储银行大涨9%，光大银行、中信银行、招商银行涨超5%，工商银行、建设银行、交通银行涨超4%,金十数据
2020-11-02,光大银行前三季度实现营收1068.2亿元,新华网
2020-11-02,A股融资融券日报：两融余额减少75.14亿元（10月30日）,Wind
2020-11-02,中信证券：银行板块当前逐步进入配置窗口期 推荐招商银行等,证券时报网
2020-11-02,东莞市奥海科技股份有限公司 关于使用暂时闲置募集资金进行现金管理的进展公告,证券时报
2020-11-01,光大银行20年3季报详细解读：PPOP增速向上、资本实现内生【中泰银行·戴志锋/邓美君/贾靖】,传统借贷vs新型金融
2020-11-01,【浙商|银行】光大银行20Q3：利润增速提升，风险指标稳定,大话金融
2020-11-01,聚焦金融新基建和数字新连接 腾讯云助力金融机构打造技术底座,凤凰网
2020-11-01,光大银行(601818)：息差走扩 盈利如期回升,新浪
2020-11-01,恒大集团以148.5亿元将广汇集团股权转让予申能集团,Wind
2020-11-01,光大银行(06818-HK)首三季盈利296.05亿跌5.7% 盈利能力下降,财华社
2020-10-30,光大银行：积极服务实体经济，全面推进财富管理银行建设，利润增长出现向上拐点,金融界
2020-10-30,消费金融行业剖析与投资策略：逐鹿消金新赛道，零售生态迎变局,新浪
2020-10-30,光大银行：前三季度实现净利润297亿元,中证网
2020-10-30,光大银行零售AUM接近2万亿，三季度当季盈利增速转正,证券时报
2020-10-30,光大银行：前三季度净利润同比减少5.71%,Wind
2020-10-30,光大银行:前三季度净利润为296.05亿元 同比下降5.71% 盈利能力下降,新浪
2020-10-30,光大银行(601818.SH)前三季度归属股东净利润降5.71%至296.05亿元 盈利能力下降,格隆汇
2020-10-30,光大银行：前三季净利同比下降5.71% 盈利能力下降,e公司
2020-10-30,在更高起点上打造一流国有资本投资运营公司——新泰达牵手光大银行天津分行布局“十四五”,和讯
2020-10-30,【机构持仓】Q3持仓回升，估值修复概率高,志明看金融
2020-10-30,【申港电新|周观点】2020三季报总结-风光景气上行 新能源车迎来拐点,新能源深度研究
2020-10-30,拉卡拉被银行集体拉进“黑名单”背后：已非首犯 多项业务曾违规 违约失信,和讯
2020-10-30,泰和新材(002254)：签订募集资金专户存储三方监管协议,证券日报
2020-10-30,A股融资融券日报：两融余额增加46.35亿元（10月29日）,Wind
2020-10-30,今年银行永续债发行近5000亿元,Wind
2020-10-30,今年银行永续债发行近5000亿元,中证报
2020-10-30,兴业皮革科技股份有限公司 关于注销募集资金理财产品 专用结算账户的公告,证券时报
2020-10-29,光大云缴费移动端客户突破3000万户,上证报
2020-10-29,A股融资融券日报：两融余额增加49.47亿元（10月28日）,Wind
2020-10-28,王浩：股市现趋势性机会，债市调整延续,新浪
2020-10-28,光大银行“阳光金全球添利”致投资者的一封信,搜狐
2020-10-28,光大银行深圳中心区支行、龙岗支行荣获市顾客满意服务明星称号,南都网
2020-10-28,"光大银行深圳分行招募""阳光伙伴""啦，一起让服务更""阳光""吧！",南都网
2020-10-28,A股融资融券日报：两融余额增加4.84亿元（10月27日）,Wind
2020-10-28,中国光大银行成都分行：认真践行“稳企业保就业”普惠金融使命,搜狐
2020-10-28,光大银行三季报：积极服务实体经济 利润增长出现向上拐点,中新网
2020-10-28,江苏中南建设集团股份有限公司 关于为宁波中璟等公司提供担保的进展公告 大额借贷担保,证券时报
2020-10-27,银行业2021年度策略：历经洗礼 沐浴新生,新浪
2020-10-27,恒生指数午盘跌1.16%报24629.93点，石油股、金融股跌幅居前,Wind
2020-10-27,A股融资融券日报：两融余额减少19.57亿元（10月26日）,Wind
2020-10-27,港股公告精选：蚂蚁集团将于10月27日-10月30日招股,Wind
2020-10-27,云南恩捷新材料股份有限公司 关于使用部分闲置自有资金购买银行理财产品的进展公告,证券时报
2020-10-26,欧菲光(002456.SZ)拟向瑞穗银行及光大银行申请综合授信额度合计不超过12亿元,智通财经
2020-10-26,截至9月末光大银行涉农贷款余额3814.26亿元 较上年末增加近400亿元,新华网
2020-10-26,中国南方航空股份(01055)认购1.5亿元光大银行七天通知存款产品,智通财经
2020-10-26,东莞市奥海科技股份有限公司 关于使用暂时闲置募集资金进行现金管理的进展公告,证券时报
2020-10-26,南方固收+天团实力出“基” 南方誉尚即将于11月2日起发行,中国网
2020-10-26,A股融资融券日报：两融余额减少114.88亿元（10月23日）,Wind
2020-10-25,11家银行开启理财产品“迁移” 对个人投资有何影响？,经济日报
2020-10-25,11家银行启动理财产品“迁移”，会增加风险吗？,澎湃新闻
2020-10-24,个股资金流向,财富动力网
2020-10-23,双5G赋能数字经济，XR构筑美好生活,C114通信网
2020-10-23,【银华基金】交易日报 2020-10-23,新浪
2020-10-23,南方航空(01055.HK)使用闲置募集资金7.6亿元认购光大银行七天通知存款,格隆汇
2020-10-23,中国南方航空股份(01055)签订募集资金专户存储三方监管协议,智通财经
2020-10-23,A股融资融券日报：两融余额增加6.01亿元（10月22日）,Wind
2020-10-22,多渠道保市场主体 银行业综合金融服务支持实体经济,新华网
2020-10-22,【行情】银行板块开盘拉升，平安银行大涨3%，招商银行、兴业银行、常熟银行、光大银行跟涨,金十数据
2020-10-22,A股融资融券日报：两融余额增加5.83亿元（10月21日）,Wind
2020-10-22,东北证券：银行具有确定性行情，上涨空间较大,理财18
2020-10-22,【东北晨会1022】银行行业周报/东方雨虹、中联重科、华润微/复盘笔记,东北证券研究所
2020-10-22,【东北银行王凤华/陈玉卢】行业周报：银行具有确定性行情，上涨空间较大,东北证券研究所
2020-10-21,天齐锂业(002466.SZ)：控股股东解除质押200万股,格隆汇
2020-10-21,燕京啤酒(000729.SZ)：决定向光大银行北京顺义支行申请综合授信额度5亿元,格隆汇
2020-10-21,银行板块估值修复 光大银行表现亮眼,凤凰网
2020-10-21,光大银行成都分行积极开展“反假货币”主题宣传月活动,金融投资报
2020-10-21,今年31家银行发5500亿永续债，3家国有大行占比超四成,澎湃新闻
2020-10-21,物产中大发行15亿超短期融资券 申购区间1.7%-2.8%,观点地产网
2020-10-21,A股融资融券日报：两融余额增加43.8亿元（10月20日）,Wind
2020-10-21,银行业月度报告（2020年9月）：中长期信贷增长，盈利可期,财信证券研究
2020-10-20,银行理财开始“迁移”了？会增加产品风险吗？,中国经济网
2020-10-20,银行加速融合金融科技,经济观察网
2020-10-20,【银行】《商业银行法》修订点评：健全监管框架，加强公司治理与风险管理,中银证券研究
2020-10-20,A股融资融券日报：两融余额增加26.32亿元（10月19日）,Wind
2020-10-19,铭普光磁(002902.SZ)拟向光大银行东莞分行申请项目贷款不超6500万元及继续向兴业银行东莞分行申请融资不超1.5亿元,格隆汇
2020-10-19,龙韵股份(603729.SH)：拟向光大银行上海松江支行申请不超7000万元综合授信,格隆汇
2020-10-19,天风证券廖志明：此轮银行股上涨非小反弹,澎湃新闻
2020-10-19,分析｜银行股集体上涨的核心逻辑是什么，还有多大上涨空间,澎湃新闻
2020-10-18,深度｜银行3季报前瞻：稳健性持续，投资核心逻辑是经济【中泰银行·戴志锋/邓美君/贾靖】,传统借贷vs新型金融
2020-10-18,利好在累积：基础配置选银行，进攻品种选科技（浙商策略·王杨）,王杨策略研究
2020-10-17,银行可转债募资下降 股价低迷制约转股进程,中国经营报
2020-10-16,银行股近日走势强劲 机构称“最坏时刻或已过去”,经济观察网
2020-10-16,2020年国际金融科技圆桌论坛共16篇,零壹财经
2020-10-16,钟俊副局长与光大银行拉萨分行拟任高管开展任职资格谈话,和讯
2020-10-16,银行9月金融数据点评：社融超预期多增，M2增速提升，给予“强于大市”评级,中银国际
2020-10-16,【行情】港股内银股尾盘持续拉升，光大银行涨6.62%，招商银行、邮储银行涨5.7%，建设银行涨5.5%，工商银行涨4.72%，农业银行、交通银行、中国银行均涨超3%,金十数据
2020-10-16,银行股卷土重来 经济持续复苏成核心驱动因素｜板块牛熊榜,第一财经
2020-10-16,全线飘红！银行股攻势再起，机构首推“两小两中”组合丨牛熊眼,第一财经
2020-10-16,中国光大银行与中国信息通信研究院签署战略合作协议,新华网
2020-10-16,港股内银股持续拉升 光大银行涨超5%,新浪
2020-10-16,【行情】银行股拉升，成都银行、兴业银行、平安银行、长沙银行、光大银行等集体涨2%,金十数据
2020-10-16,【港股行情】银行股拉升，成都银行、兴业银行、平安银行、长沙银行、光大银行等集体涨2%。,--
2020-10-16,银行股拉升，平安银行、光大银行涨超2%,Wind
2020-10-16,A股融资融券日报：两融余额增加30.9亿元（10月15日）,Wind
2020-10-15,11家银行理财产品向理财子公司迁移 6家国有大行已全部开启迁移工作,证券日报
2020-10-15,长城影视股份有限公司法定代表人再被限制消费 其他违规处罚,金融界
2020-10-15,中国信通院与光大银行签署合作协议,e公司
2020-10-15,中国光大银行(06818.HK)：光大集团将58亿元可转债转为股份,格隆汇
2020-10-15,光大银行：控股股东增持1.469%公司股份,Wind
2020-10-15,【银华基金】交易日报 2020-10-15,新浪
2020-10-15,【公告抢先看】晚间重要公告：科创板首份三季报出炉、华夏航空拟向中国商飞购买和接收100架ARJ21等系列飞机,金融界
2020-10-15,光大银行：控股股东通过可转债转股的方式增持公司股份超过1%,e公司
2020-10-15,光大银行(601818.SH)：控股股东将其所持58亿元可转债转为股份,格隆汇
2020-10-15,光大银行深圳分行对公业务成果显著,深圳新闻网
2020-10-15,【研报掘金】低估值与经济复苏共振 银行股有望否极泰来应积极看多,证券时报网
2020-10-15,中国光大银行北京分行积极开展反假货币宣传月活动,光明网
2020-10-15,【东北银行王凤华/陈玉卢】光大银行（601818.SH）深度报告：构建E-SBU生态圈，鹏程万里,东北证券研究所
2020-10-14,*ST长城：前三季度预计亏损金额有所扩大 预亏,Wind
2020-10-14,银行角度看9月社融：经济修复、融资需求旺盛，利好银行板块【中泰银行戴志锋/邓美君/贾靖】,传统借贷vs新型金融
2020-10-14,光大银行(601818.SH)：控股股东增持1.469%股份,格隆汇
2020-10-14,银行缺“长钱”，10年期国债收益突破3.2%，市场发生了什么？,21世纪经济报道
2020-10-14,11家银行理财产品向理财子公司迁移，工行已移253只产品,澎湃新闻
2020-10-14,潘未名：聚焦客群分层经营 打造财富管理优势,新浪
2020-10-14,半年之内房贷按揭逆转，这中间发生了什么？,第一财经
2020-10-14,拉卡拉瑞银信等第三方支付被银行拉黑 业内称为遏制灰产,南都报
2020-10-14,A股融资融券日报：两融余额增加111.94亿元（10月13日）,Wind
2020-10-13,“还钱”！多家银行轮番“上阵”，河南两家大型国企上亿资产被申请冻结、查封、扣押 资产查封,每日经济新闻
2020-10-13,光大银行今日大宗交易成交85万股，成交价3.47元折价12.15%,Wind
2020-10-13,数据中的区域金融版图,21世纪经济报道
2020-10-13,A股融资融券日报：两融余额增加168.27亿元（10月12日）,Wind
2020-10-12,光大银行李晓鹏：提升金融服务直达性 增强实体企业获得感,金融界
2020-10-12,银行业合理让利实体经济,中国金融新闻网
2020-10-10,19家第三方支付被多家银行“拉黑”：不再累计信用卡积分,21世纪经济报道
2020-10-10,光大银行青岛分行实现首笔青岛市政采贷业务投放,新华网
2020-10-10,战略资源整合实现差异化,中国经营报
2020-10-09,【开源食饮每日资讯1009】三全食品发布2020Q3业绩预告，预计净利同比增长243.61%-369.33%,宇光食饮日讯
2020-10-09,深度*行业*银行业周报：LPR利率保持不变 央行加强互联网贷款监管,新浪
2020-10-09,银行业三季报前瞻：人间正道是沧桑,新浪
2020-10-09,光大银行基于华为云GaussDB(DWS) 数据仓库创新实践,砍柴网
2020-10-09,A股融资融券日报：两融余额减少180.88亿元（9月30日）,Wind
2020-10-09,30股获券商买入评级，当代文体目标涨幅达340.70%,Wind
2020-10-05,多家银行警示：若个人信用卡资金套现，将降额、冻结、锁卡,腾讯网
2020-10-05,"""羞涩""触网！银行理财子公司悄然渗入BATJ渠道，未来不仅是代销？监管指引何时落地？",券商中国
2020-10-04,光大银行天津分行被罚没47.55万元 因办理经常项目资金收付违规 金融监管处罚,GPLP犀牛财经
2020-10-02,银行行业专题研究：银行类货基整改的怎么样了？,新浪
2020-09-30,【银华基金】交易日报 2020-9-29,新浪
2020-09-30,16股今日获机构买入评级,证券时报网
2020-09-30,光大银行(601818)：构建E-SBU生态圈 鹏程万里,新浪
2020-09-30,板块破净率近七成机构把脉银行股价值,中证报
2020-09-30,光大银行重庆分行开展反假货币宣传活动,重庆商报
2020-09-29,什么情况？招行港股罕见大跌，一品种更是狂泻72%,券商中国
2020-09-29,什么情况？招商银行港股罕见暴跌，这一品种更是狂泻72%！三大杀跌主因显现，银行股：我还有机会吗？ 连续下跌,券商中国
2020-09-29,光大银行大连分行立足校园缴费 推动云缴费业务发展,中国金融新闻网
2020-09-29,阳光城集团股份有限公司 关于拟发行商业房地产抵押贷款 支持证券的公告,证券时报
2020-09-29,国有大行新增涉房贷款占比降至30%以下 银行授信政策如何调整？,新浪
2020-09-29,中国光大银行兰州分行聚焦“火红盛夏”，召开战略客户产品签约暨产品推介会,凤凰网
2020-09-29,监管要求大型银行控制房贷规模 2020住房贷款产业政府战略管理及政策,中研网
2020-09-29,融资客青睐12股，酒钢宏兴买入占比高达44.20%,Wind
2020-09-29,银行：寻找银行股行情启动的催化剂,新浪
2020-09-29,浙商早知道 | 9月30日,浙商证券研究所
2020-09-29,监管压降涉房贷款,21世纪经济报道
2020-09-29,房地产金融政策仍收紧 多家大行新增涉房贷款占比降至30%以下,21世纪经济报道
2020-09-28,贷款利率打折、团购花样再现银行抢客源冲刺季末考核关口,北京商报
2020-09-28,工行建行中行否认降薪计划 被财报数据“打脸”,新浪
2020-09-28,监管要求大型银行控制房贷规模 银行授信政策如何调整,21世纪经济报道
2020-09-28,光大银行天津分行违法遭罚 交易单证审查现漏洞 金融监管处罚,中国经济网
2020-09-28,监管要求大型银行控制房贷规模，多家大行新增涉房贷款占比降至30%以下,Wind
2020-09-28,中泰国际：建业新生活收购河南废物处理商51%股权,新浪
2020-09-28,银行降薪争议：国有大行人均薪酬下滑明显 城、农商行分化严重,每日经济新闻
2020-09-28,超越工农中建，这家农商行半年人均薪酬37万！,每日经济新闻
2020-09-27,光大银行金融科技领域和华为服务号签署合作备忘录，携手推动金融服务的数字化发展进程,砍柴网
2020-09-27,银行到底降薪没？苏农银行上半年平均薪酬近38万,每日经济新闻
2020-09-27,银行到底降薪没？上市银行上半年平均薪酬排行榜出炉，这家农商行夺冠，而国有大行下滑明显,每日经济新闻
2020-09-27,北向资金本周减仓近1000只股票！这些股票被逆势加仓,中证报
2020-09-25,通裕重工(300185.SZ)为子公司济南市冶金科学研究所的融资提供担保 大额借贷担保,智通财经
2020-09-25,金融业如何创新突围？业界精英共议破解之道，科技融合撬动发展空间,投资时报
2020-09-25,中银国际证券2月金股组合,太平桥策略随笔
2020-09-25,光大银行杨兵兵：未来应注重技术整合，避免一项技术的缺陷在应用后被放大,零壹财经
2020-09-25,【读财报】上半年普惠型小微企业贷款哪家银行支持力度强？,新华网
2020-09-25,光大银行熊福林：连接云端与终端，实现分享与共享,和讯
2020-09-25,A股融资融券日报：两融余额减少21.84亿元（9月24日）,Wind
2020-09-24,第九届金交会今日开幕！今年现场有了这些新“玩法”,奥一网
2020-09-24,欺骗投保人！阳光财产保险一支公司因个人贷款保证保险违规被罚22万 金融监管处罚,搜狐
2020-09-24,天齐锂业控股股东新增质押660万股 累计质押71%持股,中国经济网
2020-09-24,光大集团“70后”副总经理蔡允革将履新交行监事长,证券时报
2020-09-24,光大银行：财富管理战略落地生根,南都网
2020-09-24,A股融资融券日报：两融余额增加47.28亿元（9月23日）,Wind
2020-09-23,阳光城半年内到期质押股份累计6.36亿股 对应融资额25.64亿,观点地产网
2020-09-23,人生有福，岁月安康 光大福康卡正式发布,金融投资报
2020-09-23,光大银行：非执行董事辞任 董监高成员变化,Wind
2020-09-23,【专栏】个贷利率打响“价格战”，银行零售进入存量厮杀阶段,零壹财经
2020-09-23,个贷利率打响“价格战”，银行零售进入存量厮杀阶段,和讯
2020-09-23,光大银行发布联名信用卡——光大福康卡,证券日报
2020-09-23,A股融资融券日报：两融余额增加4.49亿元（9月22日）,Wind
2020-09-23,光大银行(06818-HK)完成发行400亿人民币资本债首5年票息4.6%,财华社
2020-09-22,银行、保险、综合性集团联合发布“光大福康卡” 共享三方资源,新华网
2020-09-22,光大银行联合两家企业推出新款信用卡,证券时报
2020-09-22,光大银行(601818.SH)：400亿元无固定期限资本债券发行完毕,格隆汇
2020-09-22,人生有福 岁月安康 光大福康卡正式发布,金融界
2020-09-22,中国南方航空股份(01055.HK)：9月22日认购光大银行3100万元存款产品,格隆汇
2020-09-22,光大银行南昌分行违法办理售汇业务 遭外汇局处罚 金融监管处罚,中国经济网
2020-09-22,A股融资融券日报：两融余额增加19.59亿元（9月21日）,Wind
2020-09-21,光大银行阳光供应链云平台全新升级 解决中小企业融资难题,证券日报
2020-09-21,“云上柜台”一站式解决中小企业融资难题 光大银行阳光供应链云平台全新升级,金融投资报
2020-09-21,光大银行优化升级阳光供应链云平台,中证网
2020-09-21,光大云缴费许长智：打造一流财富管理银行的海量用户平台,中国金融新闻网
2020-09-21,A股融资融券日报：两融余额增加37.75亿元（9月18日）,Wind
2020-09-19,裴亚民：人工智能的技术应用深刻改变着银行的经营方式,新浪
2020-09-19,中国光大银行重庆分行：坚守初心 坚定提升服务实体经济质效,上游新闻
2020-09-19,疫情之后，谁是银行新“零售之王”？,Wind
2020-09-19,21金融研究：疫情之后，谁是银行新“零售之王”？,21世纪经济报道
2020-09-19,疫情之后， 谁是银行新“零售之王”？,21世纪经济报道
2020-09-18,光大银行深圳宝安支行违法遭罚 交易单证审查现漏洞 金融监管处罚,中国经济网
2020-09-18,滴滴金融与光大理财达成战略合作 聚焦高频消费场景下的产品创新,中国青年网
2020-09-18,创意信息(300366)：国产数据库再获突破性进展 中标光大银行开源数据库服务,新浪
2020-09-18,A股融资融券日报：两融余额增加36.6亿元（9月17日）,Wind
2020-09-17,中国光大银行成都分行积极开展金融知识普及系列宣传活动,金融投资报
2020-09-17,银行又双叒提醒：信用卡不得套现、恶意刷单，否则上报风险黑名单或人行征信,21世纪经济报道
2020-09-17,创意信息(300366.SZ)：子公司预中标光大银行“开源数据库软件现场服务选型入围项目”,格隆汇
2020-09-17,华闻集团23亿元中票展期悬而未决 兑付之路添变数,证券日报
2020-09-17,A股融资融券日报：两融余额增加1.73亿元（9月16日）,Wind
2020-09-16,【银华基金】交易日报 2020-09-16,新浪
2020-09-16,光大银行私行客户数突破3.67万人,上证报
2020-09-16,践行金融国家队担当 光大零售金融转型成效凸显,金融界
2020-09-16,A股融资融券日报：两融余额增加29.0亿元（9月15日）,Wind
2020-09-15,【银行】8月金融数据点评：社融超预期多增，M1增速提升,中银证券研究
2020-09-15,消费金融如何助力“双循环”经济：以科技力量撬动价格杠杆,经济观察网
2020-09-15,宽信用稳步推进：银行业2020年8月金融数据点评,中信证券
2020-09-15,光大银行“阳光本草”为中医药发展再添一味良药,新华网
2020-09-15,探索创新 高效宣教 光大银行信用卡中心打造特色金融知识普及月,凤凰网
2020-09-15,A股融资融券日报：两融余额增加37.47亿元（9月14日）,Wind
2020-09-14,光大银行发布“阳光本草”系列金融服务方案暨“岐黄计划”,中证网
2020-09-14,光大银行成都分行成功落地阳光供应链云平台线上化保函业务,金融投资报
2020-09-14,湖南投资(000548.SZ)：拟向光大银行长沙分行申请不超2亿元综合授信,格隆汇
2020-09-14,百亿募资！龙头扩产积极，猪肉价格将下行？,Wind
2020-09-14,银行网点转型之路怎么走？怎样更好转型发展？,中投网
2020-09-14,光大银行青岛分行：打好“四张牌”突破小微企业金融服务瓶颈,新华网
2020-09-14,让利与盈利：哪一块是银行社会责任的“试金石”？,新浪
2020-09-14,光大银行科技人员占比将达到4%,中国金融新闻网
2020-09-14,A股融资融券日报：两融余额减少19.68亿元（9月11日）,Wind
2020-09-14,线下网点撤并有所增多 银行网点，转型之路怎么走,中新网
2020-09-13,【浙商||银行梁凤洁/邱冠华】地方债拉动社融超预期,大话金融
2020-09-13,光大银行牵手梦网集团，就华为服务号业务展开合作,格隆汇
2020-09-12,光大银行云缴费业务即将上线华为服务号,上证报
2020-09-12,光大银行和华为签署合作备忘录，携手推动金融服务的数字化发展进程,飞象网
2020-09-12,光大银行与华为软件公司签署合作备忘录 共建新金融生态体系,新浪
2020-09-12,债券展期拉锯 年内债券违约已超千亿 未按时兑付本息,--
2020-09-12,负债端压力升级银行高喊做大核心存款,中证报
2020-09-12,债券展期“拉锯战”：发行人与持有人的“时间换空间”博弈,21世纪经济报道
2020-09-12,债券展期“拉锯战”： 发行人与持有人的“时间换空间”博弈,21世纪经济报道
2020-09-11,奇安信与光大银行合作共建网络安全联合创新实验室,e公司
2020-09-11,债券重大事件2020年9月11日星期五,Wind
2020-09-11,80后行长登台,Bank资管
2020-09-10,【银华基金】交易日报 2020-09-10,新浪
2020-09-10,躺着赚钱已成往事，银行下沉薄利多销,财经杂志
2020-09-10,光大银行：“17华闻传媒MTN001”持有人会议未通过剩余本金展期等7个议案,Wind
2020-09-10,光大银行全力服务实体经济助力抗疫纾困,金融投资网
2020-09-10,聚焦“三新”，光大银行提速数字化建设,金融投资报
2020-09-10,A股融资融券日报：两融余额减少55.94亿元（9月9日）,Wind
2020-09-10,光大银行零售业务转型收效 半年揽入292.8亿占营收四成,长江商报
2020-09-09,深化“123+N”发展体系光大银行提速数字化建设,中国证券网
2020-09-09,*ST华仪：收到法院传票及《民事起诉状》等法律文书 诉讼纠纷,资本邦
2020-09-09,*ST华仪：控股股东被起诉要求还债1.457亿元，公司将承担连带还款责任 关联方问题,Wind
2020-09-09,光大银行获准发行无固定期限资本债券，不超400亿元人民币,资本邦
2020-09-09,证监会下重手！这家A股实控人，被罚没超5亿，终身拉黑,中国基金报
2020-09-09,A股融资融券日报：两融余额减少8.54亿元（9月8日）,Wind
2020-09-08,A股头条之上市公司（9.9）,金融界
2020-09-08,光大银行：获准发行不超400亿元无固定期限资本债券,Wind
2020-09-08,光大银行：获准发行不超400亿元无固定期限资本债券,e公司
2020-09-08,股份制银行AUM为何逆势大涨？派生存款效果如何？,中投网
2020-09-08,银行“拉黑”第三方支付为哪般,中投网
2020-09-08,“管理财富 服务民生”光大银行精彩亮相2020年服贸会金融服务专题展,金融投资报
2020-09-08,光大银行昆明分行积极开展“人民币知识宣传进社区”、“新版人民币防伪知识宣传”活动|云南信息报,云南信息报
2020-09-08,【行情】内银股盘中走高，农业银行涨2.8%，工商银行涨2.3%，招商银行涨2.1%，光大银行、建设银行涨1.8%,金十数据
2020-09-08,信用卡积分规则再生变：银行频频拉黑支付机构 是何原因,国际金融报
2020-09-08,招商银行信用卡业务投诉量夺冠,中国经济网
2020-09-08,A股融资融券日报：两融余额减少28.1亿元（9月7日）,Wind
2020-09-08,光大银行：财富管理战略落地生根,中国金融新闻网
2020-09-08,销量迅猛增长，基金代销业务增援银行营收,Wind
2020-09-08,上半年银行信用卡发卡量增速放缓,证券日报
2020-09-07,中报放大镜：私人银行梯队分化 头部机构着力差异化服务、中小机构难分羹,北京商报
2020-09-07,“管理财富 服务民生” 光大银行亮相2020年服贸会,上证报
2020-09-07,光大银行亮相2020年服贸会 聚焦财富管理、服务民生,新华网
2020-09-07,打造财富管理名品 光大银行亮相2020年服贸会金融服务专题展,中证网
2020-09-07,投资者力挺“固收+” 光大银行再现百亿“日光基”,和讯
2020-09-07,瑞信：升光大银行(6818.HK)评级至“跑赢大市”目标价上调至3.6港元,格隆汇
2020-09-07,银行业风险底线如何守住？,光明网
2020-09-07,信用卡积分规则生变 一批收单机构被银行“拉黑”,广州日报
2020-09-05,银行高层“换血” 80后行长们纷纷登台亮相,中国证券网
2020-09-05,11家银行理财子公司半年赚超30亿 权益类资产是未来增收点,中国经营报
2020-09-05,银行制造业贷款大增 资产质量渐企稳,中国经营报
2020-09-04,【银行中报观察】9家股份行净利同比少赚近190亿 盈利能力下降,经济观察网
2020-09-04,敌手、救星、还是……？银行半年报中竟有这些反转剧情！,中国电子银行网
2020-09-04,行业乱象屡禁不止 银行对第三方支付机构说“不”,上证报
2020-09-04,股份制银行AUM逆势大涨 招行代销基金销售额增长207%,21世纪经济报道
2020-09-03,【财经分析】股份行中期业绩对对碰：逆境不改零售转型、科技兴行之路径,新华网
2020-09-03,光大银行与光大永明人寿发布集银行和保险功能的“专属”联名借记卡,金融投资报
2020-09-03,光大银行：点亮普惠金融服务星星之火,金融投资网
2020-09-03,银保监会：中国银行、工商银行、建设银行投诉量位列国有大型商业银行前三名,腾讯网
2020-09-03,二季度银行业消费投诉国有行前三：中行、工行、建行,21世纪经济报道
2020-09-03,光大银行取消数十家支付机构交易积分,新浪
2020-09-03,净利下滑中的银行业：工行半年减员1万人，建行员工平均月薪降1150元 业务变化,搜狐
2020-09-03,鞍山重型矿山机器股份有限公司2020年半年度募集资金存放与使用情况的专项报告,证券时报
2020-09-02,光大银行与光大永明人寿发布集银行和保险功能的“专属”联名借记卡,搜狐
2020-09-02,截至6月末光大银行普惠贷款余额1788亿元 较年初增加15.08%,新华网
2020-09-02,ST椰岛(600238.SH)：拟向光大银行申请1.4亿元授信,格隆汇
2020-09-01,光大银行刘金：将加快合资理财公司的建设,中证网
2020-09-01,光大银行姚仲友：预计全年拨备计提规模较去年同期大幅提升,中证网
2020-09-01,光大银行刘金：加快存款结构调整 未来存款成本将逐步回落,中证网
2020-09-01,A股融资融券日报：两融余额增加106.79亿元（8月31日）,Wind
2020-09-01,资产质量前瞻性指标改善，银行信用卡业务持续回暖,Wind
2020-09-01,受三大因素影响，上市银行上半年净利润同比降逾9%,Wind
2020-08-31,【媒体聚焦】“火锅金融”助麻辣产业香飘山城,央行
2020-08-31,深度*公司*光大银行(601818)：资产质量保持稳健 存款实现较快增长,新浪
2020-08-31,交银国际：光大银行目标价降至3.1港元 维持中性评级 机构下调估值,新浪
2020-08-31,交银国际：下调中国光大银行(06818)目标价至3.1港元，维持“中性”评级 机构下调估值,智通财经
2020-08-31,光大银行1H20:增提拨备，实质业绩较好,志明看金融
2020-08-31,猛增1.5万亿，私行财富爆发！,中国基金报
2020-08-31,刚刚出炉！猛增1.5万亿，私行财富大爆发！“一哥”2.5万亿最牛,Wind
2020-08-31,半年赚近18亿！六大行理财子公司盈利首次全曝光，最赚钱却是这家,中国基金报
2020-08-30,银行理财子公司首批中报来了：招银理财上半年日赚逾800万元！,每日经济新闻
2020-08-30,【浙商I银行】光大银行20H1：盈利符合预期，财富管理发力,大话金融
2020-08-30,光大银行(601818)2020年半年报点评：营收／PPOP实现近10%增长 资产质量整体稳健,新浪
2020-08-30,光大银行(06818-HK)盈利183.6亿,财华社
2020-08-30,光大银行(601818)：营收平稳 不良向好,新浪
2020-08-29,《证券公司租用第三方网推荐(维持)络平台开展证券业务活动管理规定(试行)》点评：强化合规 或利好银证合作,新浪
2020-08-29,上市公司正负面新闻2020年8月29日星期六,Wind
2020-08-29,A股上市股份行净利增速集体下降，主因向实体让利、大幅计提拨备,Wind
2020-08-28,银行理财子公司首批半年度成绩单来了：招银理财净利15亿元，每天暴赚824万元！,每日经济新闻
2020-08-28,光大银行上半年存款增量位居股份行第一 不良认定进一步严格,证券时报
2020-08-28,光大银行2020半年报：实现净利润184.2亿元 不良贷款率1.55％,金融界
2020-08-28,光大银行上半年实现净利润183.63亿元 计提资产减值损失306.73亿元 资产异常,中证网
2020-08-28,光大银行：积极服务实体经济 全面推进财富管理银行建设,金融界
2020-08-28,光大银行上半年营收同比增9.03% 理财子净利润0.21亿元,北京商报
2020-08-28,光大银行：营收增长利润下降，拨备提高5.15个百分点 盈利能力下降,21世纪经济报道
2020-08-28,光大银行上半年实现营业收入721.1亿元 同比增长9%,上证报
2020-08-28,光大银行上半年实现营收721.14亿元 同比增长9.03%,新华网
2020-08-28,晚间重要公告2020年8月28日星期五,Wind
2020-08-28,光大银行半年报：上半年净利润184亿元 同比下滑10% 盈利能力下降,新浪
2020-08-28,光大银行(601818.SH)：上半年归母净利润达183.63亿元,格隆汇
2020-08-28,光大银行：上半年净利同比下降10.18% 盈利能力下降,e公司
2020-08-28,光大银行：上半年净利184亿元同比下滑10% 盈利能力下降,格隆汇
2020-08-28,光大银行：上半年实现净利润183.63亿元，同比下降10% 盈利能力下降,Wind
2020-08-28,中国光大控股(00165.HK)拟发行中期票据及永续中期票据,格隆汇
2020-08-28,A股融资融券日报：两融余额增加32.37亿元（8月27日）,Wind
2020-08-28,李晓鹏与光大银行新任职交流干部进行任前集体谈话,新浪
2020-08-28,消费金融遭逢“成长的烦恼”,中证报
2020-08-27,从首席信息官到行长，更多科技人才参与银行数字化转型顶层设计,中国电子银行网
2020-08-27,A股融资融券日报：两融余额减少69.23亿元（8月26日）,Wind
2020-08-26,立昂技术(300603.SZ)：拟向光大银行乌鲁木齐分行申请不超7000万元综合授信额度,格隆汇
2020-08-26,光大云缴费助力全国“一网通办”便民服务深入推进,中国金融新闻网
2020-08-26,一周内农行、光大银行分行行长被查！都来自这个地方,中国基金报
2020-08-26,浙富控股集团股份有限公司关于全资孙公司申能环保、江西自立对全资子公司申联环保集团提供担保的公告 大额借贷担保,巨潮资讯网
2020-08-26,A股融资融券日报：两融余额减少7.68亿元（8月25日）,Wind
2020-08-25,保利置业与光大银行签约 获得一笔10亿港元循环贷款,观点地产网
2020-08-25,*ST富控年报实现盈利 摘帽还需7项风险处置完毕,产业经济新闻网
2020-08-25,光大银行鄂尔多斯分行原行长刘波被查，3年前已调任海口分行,澎湃新闻
2020-08-25,A股融资融券日报：两融余额增加76.78亿元（8月24日）,Wind
2020-08-25,以零售转型撬动“一流财富管理银行”建设 专访光大银行零售与财富管理部总经理汪永,新浪
2020-08-25,光大银行汪永：以零售转型撬动“一流财富管理银行”建设,金融时报
2020-08-24,新网银行9家联合贷款银行曝光，部分“好人贷”借款人骗贷？ 欺诈造假,和讯
2020-08-24,光大银行与BCG中国资管系列报告2019:行业竞争加剧 外资重新布局,新浪
2020-08-24,光大云缴费助力全国“一网通办”便民服务深入推进,金融投资报
2020-08-24,摩根大通下调交行、光大银行A股评级 预计二季度行业净利减少24% 投资评级恶化,新浪
2020-08-24,80亿！最强消费金融公司诞生，互联网巨头都在抢滩这一领域,证券时报
2020-08-24,光大阳光惠分期 助推“分期式”品质生活,凤凰网
2020-08-24,中原银行一分行理财经理盗取客户理财资金 被终身禁业,金融界
2020-08-24,A股融资融券日报：两融余额减少10.67亿元（8月21日）,Wind
2020-08-24,理财经理盗取客户理财资金被终身禁业！更有理财经理诈骗5000多万元，对象多为老人，储户损失谁来承担？ 欺诈造假,每日经济新闻
2020-08-23,蚂蚁集团又有大动作！,中国基金报
2020-08-22,光大银行刘金：财富管理行业开发权益类产品能够补齐直接融资短板,中国金融新闻网
2020-08-22,光大银行副行长卢鸿:2019年资管业务规模增长3% 行业开始焕发新机,新浪
2020-08-22,众应互联科技股份有限,证券时报
2020-08-21,蚂蚁集团将在重庆设立消金公司 持股比例达到50%,每日经济新闻
2020-08-21,卡在手上钱却被盗刷！法院：光大银行担80%责任 安全事故,中新经纬
2020-08-21,A股融资融券日报：两融余额减少19.27亿元（8月20日）,Wind
2020-08-20,离奇！光大银行客户储蓄卡遭异地盗刷 法院：银行承担80%责任 安全事故,新浪
2020-08-20,中国光大银行发布品牌新形象,金融投资报
2020-08-20,A股融资融券日报：两融余额减少2.78亿元（8月19日）,Wind
2020-08-20,金融开放持续推进 消费金融公司 积极引入境外股东,上证报
2020-08-20,银行理财子公司纯权益类产品仅三只，权益类资产配比正逐步提升,Wind
2020-08-19,持牌消金扩容提速 行业将至者谁？,新浪
2020-08-19,光大银行深圳高新技术园支行入围2020年银行业文明规范服务千佳单位,中国商报
2020-08-19,促消费惠民生 光大“随心贷”无接触线上放款突破1万亿元,金融投资报
2020-08-19,光大“随心贷”无接触线上放款突破1万亿元,中证网
2020-08-19,期市投资参考：反弹势头强劲，COMEX黄金期货收涨0.58%报2010.3美元/盎司,Wind
2020-08-19,每日理财观察：创业板注册制战略配售基金发行遇冷,Wind
2020-08-19,A股融资融券日报：两融余额增加73.58亿元（8月18日）,Wind
2020-08-19,一天两个大消息！蚂蚁集团IPO又有新进展，还将牵手宁德时代成立消金公司？股价先涨为敬,券商中国
2020-08-19,华晨汽车债务上千亿,南方财经网
2020-08-18,上海环境20亿转债提前赎回，多家转债余额偏高,Wind
2020-08-18,跨境通(002640.SZ)：拟向光大银行太原分行申请2亿元综合授信,格隆汇
2020-08-18,两融数据解析：杠杆资金热情再度提升融资买入额暴增63%,金融界
2020-08-18,A股融资融券日报：两融余额增加183.96亿元（8月17日）,Wind
2020-08-17,年内第三家持牌消金公司开业 群雄逐鹿下行业新秀如何冲出突围,北京商报
2020-08-17,深度*行业*银行业周报：银行业中期业绩利空落地 业绩期关注绩优个股,新浪
2020-08-17,光大银行旗下阳光消费金融开业,北京商报
2020-08-17,光大银行控股子公司北京阳光消费金融公司揭牌开业,新华网
2020-08-17,*ST目药：控股股东长城集团所持股份被100%冻结 股权冻结,资本邦
2020-08-17,北京阳光消费金融股份有限公司正式揭牌,Wind
2020-08-17,银行行业报告：首份上市行中报落地稳定预期 看好银行低估值修复行情,新浪
2020-08-17,阳光消费金融正式揭牌，总经理王一栋曾担任玖富集团高级副总裁、网易金融CEO,凤凰网
2020-08-17,华晨汽车旗下多只债券暴跌 短期偿债压力较大 偿债能力下降,每日经济新闻
2020-08-17,北京阳光消费金融股份有限公司揭牌,上证报
2020-08-17,旗下多只债券暴跌，这家生产三大豪车之一的公司这样回应,每日经济新闻
2020-08-17,阳光消费金融8月17日正式开业，将发布阳光敏敏业务平台,零壹财经
2020-08-17,光大银行昆明分行扎实推进“创建平安支行”活动,云南经济日报
2020-08-17,A股融资融券日报：两融余额减少67.88亿元（8月14日）,Wind
2020-08-17,旗下多只债券暴跌 华晨集团这样回应,中新经纬
2020-08-16,借贷搭售保险 光大银行涉嫌违规 金融监管处罚,腾讯网
2020-08-16,阳光消费金融8月17日正式开业：首位董事长为“女将”戴欣 业务平台也将发布,凤凰网
2020-08-14,贵州百灵(002424.SZ)：控股子公司拟向光大银行申请续贷款1400万元 用于补充流动资金,格隆汇
2020-08-14,银行股拉升背后：破净率超七成，外资提前抢筹,Wind
2020-08-14,交行行长刘珺详解资产配置之道：人民币资产现全球吸引力，多元化投资将成唯一“免费午餐”,华夏时报
2020-08-14,A股融资融券日报：两融余额增加24.24亿元（8月13日）,Wind
2020-08-14,最新公告透露利好 13只个股有望爆发（08.14）,中金在线
2020-08-14,多家银行发出警示信用卡套现或“撸卡”将遭重击,每日商报
2020-08-14,买房能否刷信用卡？多家银行发警示,广州日报
2020-08-14,【山证早班车】山西证券：晨会纪要（20200814）,山西证券研究所
2020-08-14,多银行发布信用卡禁令，信用卡全面从严管控到底该怎么看？,搜狐
2020-08-13,牧原股份：与光大银行签署战略合作协议,Wind
2020-08-13,牧原股份(002714.SZ)与光大银行签署战略合作协议围绕商业运营及物业服务板块开展合作,格隆汇
2020-08-13,光大银行获南方周末“年度杰出责任企业”大奖|云南信息报,云南信息报
2020-08-13,纽威股份控股股东纽威集团质押股份2600万股，股权质押相关手续已办理,资本邦
2020-08-13,@信用卡用户！警示:严禁信用卡资金炒股、买房 否则将冻结、锁卡,券商中国
2020-08-13,光大银行成都分行：聚焦服务民生，用心打造“阳光薪”农民工工资金融服务品牌,金融投资报
2020-08-13,光大银行、中青旅等共同成立消费金融新公司，注册资本10亿人民币,金融界
2020-08-13,A股融资融券日报：两融余额减少34.17亿元（8月12日）,Wind
2020-08-13,信用卡“跑马圈地”走向终结 未来应更注重精细化管理,中证报
2020-08-13,信用卡“跑马圈地”休矣,中证报
2020-08-13,多银行发布信用卡禁令 剑指资金违规买房炒股,中证报
2020-08-12,严禁个人信用卡资金用于炒股、买房！多家银行警示,国际金融报
2020-08-12,中银协报告：上市银行将进一步重视全面风险管理,Wind
2020-08-12,【研报掘金】银行业上半年业绩利空落地 目前正是板块布局好时机,证券时报网
2020-08-12,银行2020年7月金融数据点评：信贷结构大幅优化 宏观经济向好趋势明朗,新浪
2020-08-12,光大联手中青旅成立消金公司 旅游+金融能玩出新花样吗？,经济观察网
2020-08-12,A股融资融券日报：两融余额减少63.28亿元（8月11日）,Wind
2020-08-12,【商社】中青旅（600138）：阳光消费金融公司获批开业，助推产业互通协同发展,天风研究
2020-08-12,光大银行旗下阳光消费获准开业 银行系持牌消费金融公司增至18家,长江商报
2020-08-12,消费金融公司再添“新丁” 行业在复苏路上“跑起来”,上证报
2020-08-12,国内债市盘前2020年8月12日星期三,Wind
2020-08-12,早知道·财讯热搜榜TOP10（8月12日）,新华网
2020-08-12,光大银行旗下消金机构获准开业，消金牌照批复步入“新常态”,Wind
2020-08-12,光大银行旗下消金机构获准开业 消金牌照批复步入“新常态”,证券日报
2020-08-11,国有大行最年轻行长“玩”直播了！现场金句不断，资产配置“秘籍”大放送,中证报
2020-08-11,光大银行：信用卡资金不能用于股权投资、套现等非消费领域,新浪
2020-08-11,多家银行警示：若个人信用卡资金买房炒股，将降额、止付、冻结、锁卡 资产查封,Wind
2020-08-11,多家银行警示：若个人信用卡资金买房炒股，将降额、止付、冻结、锁卡 资产查封,21世纪经济报道
2020-08-11,以苏州为起点——精细落地光大集团与江苏省战略合作,和讯
2020-08-11,光大银行青岛分行：多措并施助力企业出口转内销,新华网
2020-08-11,光大银行成都分行积极组织党员职工代表参观扶贫产品展销活动,金融投资报
2020-08-11,经济聚焦：推动综合融资成本明显下降还可从哪里着手？丨政治局会议解读,中国经济网
2020-08-11,建设“强富美高”新江苏光大集团与江苏省签署战略合作协议,新华网
2020-08-11,债市分析 | 7月银行间市场发行规模环比下降，中票短融发行成本上升,中证鹏元评级
2020-08-11,光大银行：北京阳光消费金融股份有限公司获批开业,中国网
2020-08-11,光大银行子公司阳光消费金融获准开业，注册资本10亿元,资本邦
2020-08-11,A股融资融券日报：两融余额增加64.09亿元（8月10日）,Wind
2020-08-11,【浙商||银行】Q2监管数据：情况正在验证我们的判断,大话金融
2020-08-10,8大股份制银行科技战略：招商银行研发投入比例最高，华夏银行手机银行用户数量最低,零壹财经
2020-08-10,第2家台资消金公司要来了！光大银行和中青旅旗下消金公司获准开业，阳光消费金融董事长来自大股东公司,凤凰网
2020-08-10,光大银行旗下北京阳光消费金融公司获准开业,证券日报
2020-08-10,光大银行：北京阳光消费金融公司获批开业 注册资本10亿元,中证网
2020-08-10,阳光消费金融开业获北京银保监局批复,北京商报
2020-08-10,光大银行：专业从事个人消费贷款业务的控股子公司获准开业,格隆汇
2020-08-10,光大银行(601818.SH)：控股子公司阳光消费获准开业,格隆汇
2020-08-10,A股融资融券日报：两融余额减少84.42亿元（8月7日）,Wind
2020-08-10,【天风研究 · 固收】信用早早报（8月10日）,--
2020-08-10,银行行业跟踪：政策边际收紧 看好低估值修复行情,新浪
2020-08-07,银保监会核准刘珺任交通银行副董事长,证券时报
2020-08-07,光大银行科技战略报告,零壹财经
2020-08-07,*ST实达：涉及诉讼 诉讼纠纷,Wind
2020-08-07,光大银行：宜华集团拟延期支付“17宜华企业MTN001”利息 本息展期,Wind
2020-08-07,广州安必平医药科技股份有限公司首次公开发行股票并在科创板上,证券时报
2020-08-06,【银华基金】交易日报 2020-08-06,新浪
2020-08-06,银行业主题研究系列之一：银行如何投基建及本轮基建影响解析,新浪
2020-08-06,晒晒光大永明保险2020上半年成绩单,和讯
2020-08-06,光大银行即将发行美国运通品牌人民币信用卡,凤凰网
2020-08-06,A股融资融券日报：两融余额增加126.72亿元（8月5日）,Wind
2020-08-06,银行业：合理让利 放水养鱼,中国经济网
2020-08-06,助企纾困政策如何落地：合理让利 放水养鱼,新浪
2020-08-05,光大银行获中国银行业社会责任百佳奖项,金融投资报
2020-08-05,"银保监会：闻""汛""而动 集结抗洪救灾金融力量",银保监会
2020-08-05,跟着牛市旗手去炒股！券商资管10大重仓股曝光,券商中国
2020-08-05,A股融资融券日报：两融余额增加42.15亿元（8月4日）,Wind
2020-08-05,光大信托强化国有金融机构使命担当 上半年实体信托投放超7800亿,金融界
2020-08-04,债券重大事件2020年8月4日星期二,Wind
2020-08-04,"申万宏源(06806.HK)与光大银行签署""最高额保证合同""",格隆汇
2020-08-04,中国光大银行成都分行与德阳发展集团签署战略合作协议,金融投资报
2020-08-04,光大银行(601818.SH)：2020年光大优2每股发放股息3.9元股权登记日8月10日,格隆汇
2020-08-04,海外信用评级汇总2020年8月4日星期二,Wind
2020-08-04,上海国际能源交易中心：同意光大银行为从事境外客户保证金存管业务指定存管银行,Wind
2020-08-04,上海国际能源交易中心发布关于批复同意中国光大银行股份有限公司为从事境外客户保证金存管业务指定存管银行的公告,上期所
2020-08-04,光大银行获中国银行业社会责任百佳奖项,新华网
2020-08-04,担起国有金融机构责任，光大信托“多快好省”支持复工复产,经济观察报
2020-08-04,强化国有金融机构使命担当 “多快好省”支持疫情防控和复工复产,用益信托网
2020-08-04,光大银行：将于8月18日召开“20桂建工SCP001”持有人会议,Wind
2020-08-04,惠誉：给予光大银行香港分行发行的高级无抵押美元票据“BBB”最终评级,Wind
2020-08-04,A股融资融券日报：两融余额增加245.57亿元（8月3日）,Wind
2020-08-04,基金持仓占比降至历史次新低，银行保险为何“失宠”？,Wind
2020-08-03,光大银行：7亿美元2023年到期浮动利率票据预计将于8月4日上市交易,Wind
2020-08-03,【可转债每周观点】考验仍在继续,CITICS债券研究
2020-08-03,【浙商||银行】资管新规延期：利好实体和银行,大话金融
2020-08-03,银行点评资管新规延期至2021年底：过渡期正式延长 银行整改压力减轻,新浪
2020-08-03,A股融资融券日报 ：两融余额增加78.75亿元（7月31日）,Wind
2020-08-03,银行行业周报：过渡期延长落地 银行整改压力减轻,新浪
2020-08-01,央行及银保监会行政处罚汇总（7月27日-7月31日） 金融监管处罚,Wind
2020-07-31,【银华基金】交易日报2020-07-31,新浪
2020-07-31,重磅！这家股份行一日迎来两位副行长,金融界
2020-07-31,光大信用卡十元会生活全面升级,凤凰网
2020-07-31,光大银行将为太平洋保险核定78亿元综合授信额度,21世纪经济报道
2020-07-31,A股融资融券日报 ：两融余额增加76.12亿元（7月30日）,Wind
2020-07-31,银行系金融科技，子公司增至11家,Wind
2020-07-30,九卦 | 实操锦囊：银行数字化营销最后一公里,和讯
2020-07-30,个人信用保证保险怎么玩的？用户分五等级，保险年费率最高超24%,搜狐
2020-07-30,中国光大银行(06818.HK)银保监会核准齐晔及杨兵兵副行长任职资格,格隆汇
2020-07-30,光大银行(601818.SH)：齐晔、杨兵兵副行长任职资格获中国银保监会核准,格隆汇
2020-07-30,光大银行再次被罚！因个人消费贷款业务违规等行为被罚85万元,和讯
2020-07-30,南威软件股份有限公司关于配股节余募集资金永久补充流动资金及注销募集资金专户的公告,证券时报
2020-07-30,光大银行青岛“全程通”助力小微企业延期还本付息,新华网
2020-07-30,银行业助力小微企业降成本 多措并举推进“量增价降”,新浪
2020-07-30,银行业推进小微企业降成本多点发力,新浪
2020-07-29,【银华基金】交易日报 2020-07-29,新浪
2020-07-29,*ST厦工(600815.SH)：拟委托光大银行厦门分行贷款3.5亿元给厦门光之耀,格隆汇
2020-07-29,A股融资融券日报：两融余额增加24.98亿元（7月28日）,Wind
2020-07-29,【在行动】政府主动搭把手企业遇困不犯愁,上游新闻
2020-07-28,光大银行助企业复产 低成本跨境融资近100亿元,每日商报
2020-07-28,犀牛财经视频：腾讯拟全资收购搜狗 “鹅吞狗”究竟为何？,GPLP犀牛财经
2020-07-28,光大银行：非执行董事辞职 董监高成员变化,Wind
2020-07-28,广东银保监局：对光大银行广州分行作出行政处罚，罚款85万元 金融监管处罚,Wind
2020-07-28,*ST联络(002280.SZ)：光大银行萧山支行申请对公司1亿元财产采取保全措施,格隆汇
2020-07-28,光大银行信用卡新套路：账单分期送200元券 领券凭手气先到先得,GPLP犀牛财经
2020-07-28,违规发放个人住房抵押贷款，光大银行、农行共被罚135万 金融监管处罚,中新经纬
2020-07-28,光大银行广州分行被罚85万：个人消费贷款业务严重违规 金融监管处罚,新浪
2020-07-28,重磅！南方财经全媒体集团与平安集团等4家企业签订战略合作协议,21世纪经济报道
2020-07-28,理财产品测评：光大银行·阳光金18M增利1号（个人投资者）,和讯
2020-07-28,A股融资融券日报：两融余额增加44.04亿元 （7月27日）,Wind
2020-07-27,海外信用评级汇总2020年7月27日星期一,Wind
2020-07-27,中证指数公司：8月6日发布中证兴业证券ESG盈利100指数,Wind
2020-07-27,光大银行(601818.SH)：何海滨辞任非执行董事等职,格隆汇
2020-07-27,光大银行：非执行董事何海滨辞任 董监高成员变化,Wind
2020-07-27,三银行用数据说话小微企业贷款还难吗？,中投网
2020-07-27,光大集团与贵州省政府签署全面战略合作协议,中新网
2020-07-27,银行行业周报：中小银行MPA考核或放松 信贷扩张可期,新浪
2020-07-27,银行保险业服务实体有哪些“重头戏”,中华工商时报
2020-07-27,A股融资融券日报：两融余额减少187.18亿元（7月24日）,Wind
2020-07-26,6月份结构性存款压降1.01万亿，产品“量价齐跌”，套利空间还有多大,券商中国
2020-07-25,银行理财子公司权益类公募产品优势何在？,金融界
2020-07-25,深入构建开放金融新生态 光大云缴费本年活跃用户突破3亿户,金融投资报
2020-07-24,让科技顶层设计激荡出更大创新活力——专访中国光大银行副行长杨兵兵,中国金融新闻网
2020-07-24,——专访中国光大银行党委委员杨兵兵,中国金融新闻网
2020-07-24,海南离岛免税新政实施，光大信用卡推出优惠返现,凤凰网
2020-07-24,三家银行行长齐“晒”业绩：逆周期信贷投放创新高,中国经营网
2020-07-24,汪永奇：光大银行加强投资者教育 落实“六稳六保”,当代金融家
2020-07-24,可信云线上峰会丨多云和混合云技术专讲超强剧透,C114通信网
2020-07-24,中银证券：2季度银行股基金重仓比例较1季度继续下降,证券时报网
2020-07-24,【银行】银行业2季度持仓点评：重仓比例环比下降，关注半年报业绩表现,中银证券研究
2020-07-24,A股融资融券日报：两融余额增加86.87亿元（7月23日）,Wind
2020-07-24,四家金融机构负责人谈银行业保险业如何帮扶企业渡难关,中国金融新闻网
2020-07-24,小微企业贷款还难吗？三家银行用数据说话,上证报
2020-07-24,四大行长、总裁详解金融支持实体经济“重启”,Wind
2020-07-23,金融如何支持制造业？工行、光大两位行长都表态了,经济日报
2020-07-23,光大银行行长刘金：为3万余企业办理延期还本付息约144亿,中新经纬
2020-07-23,进出口银行、工商银行、光大银行、泰康保险集团齐聚银保监会最新发布会 要点一文全览,新浪
2020-07-23,【银华基金】交易日报 2020-07-23,新浪
2020-07-23,光大银行刘金：进一步加大拨备计提力度 提前应对贷款风险,证券时报网
2020-07-23,光大银行上半年为企业压降利息成本近20亿元,中国财富网
2020-07-23,2020年二季度银行板块基金持仓分析：人弃我取 抓住仓位史低机会,新浪
2020-07-23,光大银行刘金：新投放普惠型小微企业贷款加权平均利率较2019年下降87BP,中国金融新闻网
2020-07-23,光大银行行长：金融支持实体经济就是从根本上防控金融风险,澎湃新闻
2020-07-23,光大银行：6月末拨备覆盖率会较一季度末时提升,上证报
2020-07-23,光大银行刘金：突出“四精” 制造业贷款余额较年初增长11.32%,中国金融新闻网
2020-07-23,光大银行：对公存量浮动利率贷款LPR转换完成率超70%,上证报
2020-07-23,刘金：截至6月末光大银行制造业贷款余额比上年增长11.32%,新浪
2020-07-23,人行珠海市中支金融支持“六稳”“六保”出实招,中国金融新闻网
2020-07-23,后疫情时代社融增速何时迎来拐点？天风银行：预计10月将见顶于13.5％左右11月和12月将略微回落,金融界
2020-07-23,专题：后疫情时代，社融增速何时迎来拐点？,志明看金融
2020-07-23,光大银行：拟组织召开“20晋投集(疫情防控债)SCP002”债券持有人会议,Wind
2020-07-23,“医疗+金融”助力海南自贸港建设,证券导报
2020-07-23,天风总量团队每周论势第28期：如何看待当前市场位置？,新浪
2020-07-23,2Q20上市银行业绩预览：这次业绩期应该关注什么？,新浪
2020-07-23,银行Ⅱ：二季度继续减持 看好底部反弹 减持股份,新浪
2020-07-22,【银华基金】交易日报 2020-07-22,新浪
2020-07-22,三年服务5.7亿缴费用户 这朵云做到了,新华网
2020-07-22,光大固收债券关注信息,光大证券
2020-07-22,18家全国性银行个人手机银行评测：内存占用差距悬殊 多数未提前适配安卓11 BETA版,中国电子银行网
2020-07-22,光大云缴费本年活跃用户突破3亿户,中证网
2020-07-21,App月活规模“四连增” 银行角力线上场景运营,北京商报
2020-07-21,【银行梁凤洁/邱冠华】中期策略：韬光养晦，以退为进,大话金融
2020-07-21,呼市：针对呼经开私募债兑付等问题，与金谷银行对接15次寻求化债路径,21世纪经济报道
2020-07-21,*ST华讯(000687)：部分银行账户和资产被冻结 资产查封,证券时报网
2020-07-21,哪些板块和优质个股能入险资法眼？,Wind
2020-07-20,利隆新媒体实控人离境不归、3个月未发工资，股东间上演“谁是卧底”,Wind
2020-07-20,银行板块异动 长沙银行涨超8%,巨丰财经
2020-07-20,银行板块异动，银行ETF涨1.7%成交超3亿元,Wind
2020-07-20,保市场主体：供应链金融促进科技创新,中国金融新闻网
2020-07-20,中信证券：银行股价下行概率和空间低,Wind
2020-07-20,银行行业：影子银行及互联网贷款监管加强 公开市场操作利率平稳,新浪
2020-07-19,【兴证金融 傅慧芳】信贷资金投放监管趋严，中小金融机构供给侧改革推进——银行业周报（200711—200717）,兴证金融
2020-07-19,《商业银行互联网贷款管理暂行办法》修改了哪些内容？意味着什么？,零壹财经
2020-07-19,再提券商合并 哪家呼声最高？,金融界
2020-07-17,银保监会集中批复8位银行高管任职 两位有国家电网背景,和讯
2020-07-17,A股融资融券日报：两融余额减少62.73亿元（7月16日）,Wind
2020-07-16,这家国有大行迎来六大行最年轻副行长！,和讯
2020-07-16,资金面边际收紧 收益率上升空间不大,金融界
2020-07-16,打造大数据产品和解决方案综合提供商,中证报
2020-07-15,光大云缴费平台服务输出合作伙伴突破500家,金融投资报
2020-07-15,老年储户=老韭菜？光大银行客户经理诈骗5千万，法院判决大快人心 欺诈造假,云掌财经
2020-07-15,光大联手移动、中青旅、银联，首张四方合作联名卡面世,凤凰网
2020-07-15,A股融资融券日报：两融余额增加130.07亿元（7月14日）,Wind
2020-07-15,【银行】2020年中期策略：风物长宜放眼量，寻找盈利与让利的平衡,中银证券研究
2020-07-14,还不起银行贷款？资金链紧张？众应互联被光大银行苏州分行起诉还贷款 诉讼纠纷,资本邦
2020-07-14,两融透析：大金融板块交易量大幅增加钢铁、石油受融券盘持续关注,金融界
2020-07-14,A股融资融券日报：两融余额增加324.89亿元（7月13日),Wind
2020-07-14,【银行】周报：6月社融增长强劲，关注资管新规过渡期政策动态,中银证券研究
2020-07-13,涨三倍的光大证券风险太高？不考虑下光大控股0165.HK？,格隆汇
2020-07-13,聚焦银行板块，持续低估值，后市路在何方？,Wind
2020-07-13,弘阳地产母公司弘阳集团与光大银行达成战略合作,网易
2020-07-13,河北银保监局指出5项违法违规行为 光大银行石家庄分行被罚50万 金融监管处罚,GPLP犀牛财经
2020-07-13,A股融资融券日报：两融余额增加157.62亿元（7月10日）,Wind
2020-07-12,胆太大！在银行办公室卖假理财，这位客户经理诈骗5000多万 欺诈造假,每日经济新闻
2020-07-12,80岁老人都不放过！光大银行原经理兜售假理财诈骗5千万，部分资金炒股 产品问题,腾讯网
2020-07-12,连80多岁的老人都不放过！银行原客户经理兜售假理财诈骗5000多万，部分资金竟用于炒股…… 产品问题,每日经济新闻
2020-07-11,【浙商||银行】社融超预期，宽信用延续,大话金融
2020-07-11,“银税直连”高悬 微众信科急上科创板融资,中国经营报
2020-07-11,【浙商||银行梁凤洁/邱冠华】银行利润去哪儿了？,大话金融
2020-07-10,光大银行：汇金公司已将102.5亿股A股过户登记至光大集团,北京商报
2020-07-10,【银华基金】交易日报 2020-07-10,新浪
2020-07-10,汇金不再直接持股光大银行 光大集团持股比提升至48.53%,经济观察网
2020-07-10,光大银行(601818.SH)：汇金公司所持102.51亿股A股已过户至光大集团名下,格隆汇
2020-07-10,旗下阳光银行APP与手机银行APP完成整合 光大银行开放银行服务迈入新阶段,凤凰网
2020-07-10,光大银行整合旗下两款APP 推出线上预存预缴服务,新华网
2020-07-10,A股午盘综述：上证指数跌逾1%，两市成交额再破万亿,Wind
2020-07-10,光大银行开放银行服务迈入新阶段 旗下阳光银行APP与手机银行APP完成整合,新华网
2020-07-09,定调子、找路子、搭台子、出点子 光大普惠用金融为脱贫“铺路”,金融投资报
2020-07-09,光大银行：财富管理银行建设全面推进，资管、云缴费业务高速发展,金融投资报
2020-07-09,浙商银行(601916)：盈利优异 性价比强,新浪
2020-07-09,愤怒！银行小伙卖假理财产品骗走5000万元，还专挑老人下手！如今换来15年刑期，罚款200万...,每日经济新闻
2020-07-09,光大银行一分行违反审慎经营规则被罚款50万元 金融监管处罚,资本邦
2020-07-09,光大银行西安分行违法遭罚35万 对委托资金来源审查不严 金融监管处罚,中国网
2020-07-09,光大银行西安分行违法遭罚21万 贷款资金回流转定期存单并质押 金融监管处罚,中国网
2020-07-09,光大银行西安分行违法遭罚 由借款人承担抵押评估费用 金融监管处罚,中国网
2020-07-09,光大银行石家庄分行违法遭罚50万 严重违反审慎经营规则 金融监管处罚,中国网
2020-07-09,【异动股】银行板块下挫，光大银行(601818-CN)跌3.36%,财华社
2020-07-09,A股融资融券日报：两融余额增加327.95亿元（7月8日),Wind
2020-07-09,5万元起存利率3.85%,光明网
2020-07-09,银行小伙卖假理财骗走5000万元去炒股 专挑老人下手,上证报
2020-07-08,五“罪”并罚！光大银行一分行被罚50万 金融监管处罚,中新经纬
2020-07-08,关于湖南城陵矶临港新区开发投资有限公司公开发行湖南城陵矶临港高新产业园项目收益债券核准的批复(发改企业债券〔2020〕200号),发改委
2020-07-08,光大银行石家庄分行存多项违规行为 被罚款50万元 金融监管处罚,中华网
2020-07-08,河北银保监局：对光大银行石家庄分行作出行政处罚，罚款50万元 金融监管处罚,Wind
2020-07-08,二季度黑猫投诉企业红黑榜：光大银行入季度黑榜前十 诉讼纠纷,新浪
2020-07-08,国有大行人士：未来将股票等权益类资产占比从2%提高到5%,21世纪经济报道
2020-07-08,光大银行因三项违规违法事项被罚款共计64万元 金融监管处罚,资本邦
2020-07-08,长期不被资本市场看好的银行股是否能解除“破净魔咒”？,券商中国
2020-07-08,【异动股】银行板块低开，渝农商行(601077-CN)跌4.18%,财华社
2020-07-08,A股融资融券日报：两融余额增加267.17亿元（7月7日),Wind
2020-07-08,时隔半年：又见2倍市净率银行股 政策利好估值修复,券商中国
2020-07-08,万亿银行理财资金面朝股市“春暖花开”,Wind
2020-07-08,估值整体上涨，银行板块有望消解“破净魔咒”,证券时报
2020-07-08,估值整体上涨银行板块有望消解“破净魔咒”,证券时报
2020-07-07,银行板块连续大涨 还有16只银行股仍处破净,中投网
2020-07-07,摩根大通：上调光大银行目标价至4.05港元，评级中性,Wind
2020-07-07,有表有真相，大涨之后银行股竟然还有市净率0.5的便宜货,Wind
2020-07-07,摩通：上调光大银行(6818.HK)目标价至4.05港元 评级“中性”,格隆汇
2020-07-07,解盘：资金流入超300亿，动力电池、次新股、大基金领涨,Wind
2020-07-07,小摩：上调光大银行(06818)目标价至4.05港元，维持“中性评级”,智通财经
2020-07-07,A股早报2020年7月7日星期二,Wind
2020-07-07,A股融资融券日报：两融余额增加389.61亿元（7月6日),Wind
2020-07-07,【银行】周报：央行下调再贷款再贴现利率，标准化债权认定规则落地,中银证券研究
2020-07-07,1.5万亿！50期权一周300倍！A股涨出期货的味道,Wind
2020-07-06,周一24只银行股涨停后：工行总市值=2个招行,21世纪经济报道
2020-07-06,牛市来了吗？银行、保险板块掀起涨停潮 估值修复行情能走多远,新浪
2020-07-06,银行股涨停狂欢 买银行股VS买理财如何选？,北京商报
2020-07-06,36家银行股23家涨停！板块涨幅超9％，国有大行涨幅靠后,腾讯网
2020-07-06,涨停板解密：金融股掀涨停潮！（7月6日）,Wind
2020-07-06,恒指放量大涨近千点，大金融板块飙涨,Wind
2020-07-06,粤高速A：持有光大银行2.4亿股 持有国元证券7960万股,e公司
2020-07-06,快讯：内银股午后暴涨 光大银行涨16%招商银行涨11%,新浪
2020-07-06,招商银行、光大银行封住涨停，银行板块继续拉升,Wind
2020-07-06,光大云缴费许长智：打造新时代便利性金融,中国金融新闻网
2020-07-06,光大证券H股暴涨20%三日飙升近100% 光大银行混业经营引猜想,新浪
2020-07-06,A股融资融券日报：两融余额增加125.53亿元（7月3日）,Wind
2020-07-05,【浙商||银行】绝对收益窗口打开：补涨·分化,大话金融
2020-07-04,站在牛市的风口上，聊一下券商股权“迁徙”的新故事,21世纪经济报道
2020-07-03,三根改变信仰的大阳线！券商股再掀牛市节奏最高潮，资金正在加速进场,格隆汇
2020-07-03,A股乘风破浪，还有哪些价值洼地在隐秘角落？,证券时报网
2020-07-03,A股融资融券日报：两融余额增加140.38亿元（7月2日）,Wind
2020-07-02,连云港银保监局：对阳光财险连云港中心支公司作出行政处罚，罚款25万元 金融监管处罚,Wind
2020-07-02,A股融资融券日报：两融余额增加125.09亿元（7月1日),Wind
2020-07-01,【浙商||银行】7月策略：绝对收益窗口打开,大话金融
2020-07-01,A股上市银行开门红 张家港行股价重回净资产之上,和讯
2020-07-01,A股收盘综述：上证指数涨1.38%重返3000点，白酒、地产爆发,Wind
2020-07-01,银行股涨幅进一步扩大，光大银行触及涨停,Wind
2020-07-01,A股融资融券日报：两融余额增加135.2亿元（6月30日),Wind
2020-07-01,WEMONEY朝闻：高迎欣将接棒民生银行董事长；人保财险卷入腾讯与老干妈纠纷,凤凰网
2020-06-30,港股逾九成中资银行股破净，渤海银行逆势开启招股,第一财经
2020-06-30,侃财丨看看海天味业，老干妈会后悔没上市么？,证券时报网
2020-06-30,光大银行获母公司增持 持股比例升至48.53%,和讯
2020-06-30,银保监会同意光大集团受让汇金公司所持有19.53%光大银行股份,中证网
2020-06-30,13年后银行控股权再归光大集团，引发金融控股集团“国家队”整体上市猜想,Wind
2020-06-30,勇立潮头竞风流，砥砺奋进扬新帆——记光大集团长三角协同发展办公室成立一周年,和讯
2020-06-30,A股融资融券日报：两融余额增加86.23亿元（6月29日）,Wind
2020-06-29,银证合作10年演化，从通道到牌照功能互补,Wind
2020-06-29,光大银行：股权变更获得中国银保监会批准,Wind
2020-06-29,光大银行指理财通有助银行业务但短期效益未必太大,财华社
2020-06-29,浙江银保监局：对光大银行杭州分行作出行政处罚，罚款40万元 金融监管处罚,Wind
2020-06-29,贷后资金管控不严 光大银行杭州分行被罚40万 金融监管处罚,中新经纬
2020-06-29,银行将拿券商牌照？“狼来了”还是大利好？,券商中国
2020-06-29,A股融资融券日报：两融余额减少52.66亿元（6月24日）,Wind
2020-06-28,单日88股派现 A股2019年度分红已超4400亿元,北京商报
2020-06-28,暴走A股：突发大利好！3000点稳了？,金融界
2020-06-24,光大银行“随心贷”实现线上放款超9000亿元,中证网
2020-06-24,光大“随心贷”无接触线上放款超9000亿元,上证报
2020-06-24,A股融资融券日报：两融余额增加50.04亿元（6月23日),Wind
2020-06-23,有一家银行的信用卡业务能力，其他银行追一年都未必赶得上 | 愉见财经,和讯
2020-06-23,单日88股派现 A股2019年度分红已超4400亿元,北京商报
2020-06-23,商业银行不良资产处置问题全解,和讯
2020-06-23,【银行】银行业周报：全年信贷新增预计20万亿，1.5万亿让利靴子落地,中银证券研究
2020-06-23,发挥跨境金融优势助力企业抗疫复产,成都日报
2020-06-22,育新机开新局 光大数字金融培育发展新动能,中国金融新闻网
2020-06-22,宜昌银保监局：对光大银行宜昌分行作出行政处罚，罚款20万元 金融监管处罚,Wind
2020-06-22,主承销商：“16中油金鸿MTN001”违约后续 未按时兑付本息,Wind
2020-06-22,中国光大银行南京江宁分行因贷后管理严重违反审慎经营 被罚30万元,金融界
2020-06-22,中国光大银行南京分行因“双录”工作执行不到位 被罚30万元,金融界
2020-06-22,A股融资融券日报：两融余额增加0.17亿元（6月19日),Wind
2020-06-19,江苏银保监局：对光大银行南京江宁支行作出行政处罚，罚款30万元 金融监管处罚,Wind
2020-06-19,“双录”工作执行不到位等 光大银行旗下银行被罚 金融监管处罚,中新经纬
2020-06-19,A股融资融券日报：两融余额增加57.64亿元（6月18日),Wind
2020-06-18,光大银行(601818.SH)：李引泉独立董事任职资格获中国银保监会核准,格隆汇
2020-06-18,四家股份行上半年被罚千万 中信银行罚单总额居首 金融监管处罚,经济观察网
2020-06-18,A股融资融券日报：两融余额增加44.43亿元（6月17日),Wind
2020-06-18,【浙商||银行】金融让利实体企业1.5万亿从哪来？,大话金融
2020-06-17,央行及银保监会行政处罚汇总（6月17日） 金融监管处罚,Wind
2020-06-17,A股融资融券日报：两融余额增加79.14亿元（6月16日),Wind
2020-06-17,银行转债怎么看？,岳读债市
2020-06-16,30家银行普惠型小微企业贷款排名：六大行“头雁”效应显著，天津银行增速达73%,零壹财经
2020-06-16,光大银行：服务小微客户超过160万户 提供资金支持超8000亿元,中证网
2020-06-16,A股融资融券日报：两融余额增加44.22亿元（6月15日),Wind
2020-06-15,光大银行(601818.SH)：年报推10派2.14元股权登记日6月23日,格隆汇
2020-06-15,定调子找路子搭台子出点子 光大普惠用金融为脱贫“铺路”,中国金融新闻网
2020-06-15,光大银行零售普惠持续发力服务小微超160万户,中国金融新闻网
2020-06-12,银行理财也亏钱了，中高收益理财产品短缺，一类基金有望补缺上位！,Wind
2020-06-12,银行板块距离全面破净仅四步之遥，多家银行出手“护价”,21世纪经济报道
2020-06-12,【浙商||银行】邮储银行：交易短期扰动，基本面仍稳健,大话金融
2020-06-12,A股融资融券日报：两融余额增加30.2亿元（6月11日),Wind
2020-06-12,1142只理财子公司产品得以登记，固收类占比近八成,Wind
2020-06-11,A股融资融券日报：两融余额增加21.86亿元（6月10日）,Wind
2020-06-10,A股融资融券日报：两融余额增加19.15亿元（6月9日）,Wind
2020-06-09,债券重大事件2020年6月9日星期二,Wind
2020-06-09,光大银行：“17宜华企业MTN001”违约后续 未按时兑付本息,Wind
2020-06-09,银行业零售专题报告：短期零售业务增速放缓 中长期转型趋势不改,新浪
2020-06-09,A股融资融券日报：两融余额增加47.53亿元（6月8日）,Wind
2020-06-08,【万联银行|中期投资策略】波动向上 强者恒强,万联证券研究所
2020-06-08,A股融资融券日报：两融余额减少11.51亿元（6月5日）,Wind
2020-06-07,一笔8亿贷款6年有借无还 牵出千亿信贷大风波！,券商中国
2020-06-06,陆家嘴财经早餐2020年6月6日星期六,Wind
2020-06-06,汇金转让股权 光大集团整体上市猜想 资产异常,中国经营报
2020-06-05,央行征信中心与工行、交行、光大银行应收账款融资服务平台战略合作,Wind
2020-06-05,A股融资融券日报：两融余额增加19.61亿元（6月4日）,Wind
2020-06-05,银行行业周报：金融11条释放改革红利 关注中小银行资本补充方案出台,新浪
2020-06-04,金融反腐高压态势延续！一周内3名银行高管“落马”,券商中国
2020-06-04,A股融资融券日报：两融余额增加27.1亿元（6月3日）,Wind
2020-06-03,A股融资融券日报：两融余额增加41.39亿元（6月2日）,Wind
2020-06-02,*ST赫美：全资子公司惠州浩宁达被申请破产清算 减资破产,Wind
2020-06-02,中银证券：5月金股组合跌1.96% 6月荐股名单出炉,新浪
2020-06-02,近两月银行罚单全梳理：成都地区受罚最多 违规查询客户信息成普遍罚区 金融监管处罚,21世纪经济报道
2020-06-02,【银行】银行业周报： 5月PMI环比回落，关注中美局势走向,微信
2020-06-02,21只股遭北向资金减仓超20%,证券时报网
2020-06-01,A股融资融券日报：两融余额减少24.85亿元（5月29日）,Wind
2020-06-01,中银国际证券策略：市场进入基本面数据验证阶段,金融界
2020-05-31,【浙商||银行】6月策略：经济弱复苏，估值待修复,大话金融
2020-05-31,【兴证金融 傅慧芳】金融11条发布释放改革红利，关注中小银行资本补充方案出台 ——银行业周报（200525-200531）,兴证金融
2020-05-31,短期关注相对收益——银行业投资观察,麦高bank
2020-05-30,机构看好八成以上银行成份股，投资优质银行将获确定性回报,Wind
2020-05-29,银保监会：核准张卫光大银行（欧洲）董事长的任职资格,新浪
2020-05-29,光大银行（欧洲）董事长张卫任职资格获准 曾任卢森堡分行行长,和讯
2020-05-29,A股融资融券日报：两融余额减少4.18亿元（5月28日）,Wind
2020-05-28,上证指数有待优化，基金投资者没必要纠结,Wind
2020-05-28,银行Ⅱ行业：银行股为什么逆势上涨？,新浪
2020-05-28,深化金融改革 强化服务实体,金融界
2020-05-28,A股融资融券日报：两融余额减少1.54亿元（5月27日）,Wind
2020-05-27,光大银行升级农民工金融综合服务,中证网
2020-05-27,郭晓蓓：从政府工作报告看直销银行的变革,新浪
2020-05-27,A股融资融券日报：两融余额增加30.93亿元（5月26日）,Wind
2020-05-26,商业银行表内投资及表内非标债权投资规模有多大？,和讯
2020-05-26,创新思路搞活扶贫产业光大直播带货助力扶贫名产畅销,新华网
2020-05-26,A股融资融券日报：两融余额增加0.67亿元（5月25日）,Wind
2020-05-25,银行消费贷大起底：银行对优质客户的争夺将更加激烈,新浪
2020-05-25,三峡新能源：“巨无霸”上市,北极星电力
2020-05-25,数字化转型成共识 12家股份行牵手阿里云加速金融科技落地,金融界
2020-05-23,金融继续支持实体—银行业投资观察,麦高bank
2020-05-23,51岁光大银行副行长孙强调任光大永明人寿董事长,澎湃新闻
2020-05-22,5月23日上市公司重要公告集锦：汇金公司转让光大银行19.53%股份给光大集团,证券日报
2020-05-22,"【财讯晚班车】谁为电商售假买单?代表委员呼吁""联合惩戒""",中新经纬
2020-05-22,公告精选：京基智农拟160亿投资生猪全产业链项目；依米康中标IDC机房项目,e公司
2020-05-22,光大银行(601818.SH)：汇金转让102亿股光大银行股份 取得光大集团新发股份159亿股 资产异常,格隆汇
2020-05-22,光大银行：汇金公司转让公司19.53%股份给光大集团,Wind
2020-05-22,六大国有行将迎首位70后行长,中投网
2020-05-22,交通银行迎70后新行长 中投公司副总经理兼首席风险官刘珺出任,中国网
2020-05-22,交行新行长刘珺谈“银行如何突围”,36氪
2020-05-22,A股融资融券日报：两融余额减少9.16亿元（5月21日）,Wind
2020-05-21,光大银行：凝心聚力服务国家发展大局 多措并举助力复工复产,新浪
2020-05-21,中投副总经理刘珺将任交行行长，为国有大行中唯一70后行长,澎湃新闻
2020-05-21,重磅！交行迎来“70后”新行长 中投公司副总经理刘珺接任,新浪
2020-05-21,交通银行迎来新行长，70后少帅刘珺拟接棒,21世纪经济报道
2020-05-20,一天三位：光大银行又现副行长变动,腾讯网
2020-05-20,4月结构性存款续创新高，中小行是主力,第一财经
2020-05-20,一天三位 这家股份制银行又现副行长变动,每日经济新闻
2020-05-20,光大银行：确保全年普惠型小微企业信贷投放增量不少于310亿元,中证网
2020-05-20,Mysteel产经午报：钢价涨跌互现 2020年两会重点提前看,我的钢铁
2020-05-20,钢铁行业近期掀起银企、地企合作潮,长江有色
2020-05-20,“点”“链”“面”多措并举，光大银行助力复工复产打出“组合拳”,21世纪经济报道
2020-05-19,光大银行(601818.SH)董事会同意中国光大集团以发行股份方式购买中央汇金所持约102.51亿股A股,格隆汇
2020-05-19,*ST海创：光大银行宁波分行起诉平湖九龙山游艇湾度假酒店有限公司、公司及公司控股股东 关联方问题,Wind
2020-05-19,光大银行：副行长孙强因工作调整辞职 董监高成员变化,Wind
2020-05-19,【中信建投银行杨荣】上市银行20年半年报综述：《相信自然增长，存量风险出清》,eResearch杨荣团队
2020-05-18,光大银行浏阳支行员工冒名骗贷近千万后逃匿 事发后支行欲转嫁骗贷风险 欺诈造假,新浪
2020-05-18,银行/非银行金融行业周报(第二十周),新浪
2020-05-18,独家重磅！宇宙行或迎五大行最年轻副行长，张文武内部晋升工行党委委员，时隔近5年！,和讯
2020-05-17,【华泰金融沈娟团队】关注政策信号，把握优质金融股—2020金融动态第20期【证券研究报告】,华泰金融研究全新平台
2020-05-15,践行金融责任 光大银行凝心聚力服务国家发展大局,新华网
2020-05-15,光大云缴费4个月服务用户突破2亿,中证网
2020-05-15,A股融资融券日报：两融余额增加18.59亿元（5月14日）,Wind
2020-05-14,2019上市股份行业绩PK：中信银行资本充足率排名垫底 浦发银行不良率最高,金融界
2020-05-14,广州首套房贷最低降至4.65%,Wind
2020-05-13,银行基本面跟踪之八：从1季度监管指标看“让利实体”与“防风险”的平衡,新浪
2020-05-13,光大银行与11家龙头企业签署战略合作协议,中证网
2020-05-13,光大银行推十项举措 突出对制造业、民营和小微企业支持,新浪
2020-05-13,A股共发生96宗大宗交易成交17.54亿元（5月13日）,Wind
2020-05-13,光大银行今日大宗交易成交80.10万股，成交价3.7元溢价0.54%,Wind
2020-05-13,员工违规频发暴露银行内控漏洞，监管持续高压今年已罚2250万 金融监管处罚,第一财经
2020-05-13,山钢集团与光大银行签署战略合作协议,鲁网
2020-05-13,疯狂的信用卡“降温”了,和讯
2020-05-13,A股融资融券日报：两融余额增加30.41亿元（5月12日）,Wind
2020-05-13,监管开出上千万元罚单，彰显金融数据治理升级,Wind
2020-05-12,汇金“让股”扫清障碍 光大整体上市棋至中盘,时代在线
2020-05-11,【华泰金融沈娟团队】社融再超预期，信贷债券持续发力—2020年4月金融统计与社会融资规模数据解析【证券研究报告】,华泰金融研究全新平台
2020-05-11,济宁银保监局：对光大银行济宁分行作出行政处罚，罚款35万元,Wind
2020-05-11,银保监会连开9张罚单 重罚8家银行 金融监管处罚,金融界
2020-05-11,银保监会8张罚单涉及数据报送违规，拟修订信息科技风险管理办法,21世纪经济报道
2020-05-11,A股融资融券日报：两融余额增加19.17亿元（5月8日）,Wind
2020-05-11,8家银行被银保监会开1970万元罚单，均涉监管“最强大脑”违规 其他违规处罚,Wind
2020-05-10,六大行及中信银行、光大银行被银保监会开1970万元罚单 详解大行违约起因的监管“最强大脑” 金融监管处罚,经济观察网
2020-05-09,4月20日，中行收到一张270万的罚单……,21世纪经济报道
2020-05-09,9张罚单、金额1970万！工农中建交邮储6大行及中信、光大2家股份行因数据报送违规收银保监罚单 金融监管处罚,凤凰网
2020-05-09,监管标准化数据报送不合规八家银行被罚1770万元 金融监管处罚,北青网
2020-05-09,银保监会连开9张罚单：罚金接近2000万，六大行均在列 金融监管处罚,第一财经
2020-05-09,银保监会公布9张罚单 8家银行合计被罚1970万元 金融监管处罚,中证网
2020-05-09,银保监会出手！中行等8大银行共被罚1970万，原因是它 金融监管处罚,中新经纬
2020-05-09,光大银行20年1季报详细解读：存款大幅增长，利润保持高增【中泰银行·戴志锋/邓美君/贾靖】,传统借贷vs新型金融
2020-05-09,创新银行现金管理工具 光大零售金融推出“掌薪宝”,上证报
2020-05-09,光大零售金融推出“掌薪宝” 打造一站式余额理财解决方案,中证网
2020-05-09,银行现金管理工具再创新：光大零售金融推出“掌薪宝”,青岛新闻网
2020-05-09,银行首季超预期大赚 抓住“债牛”是关键,上证报
2020-05-08,浙商邱冠华：银行股后续怎么看？,大话金融
2020-05-08,保民生、助抗疫 光大银行精心打磨农民工金融综合服务,证券时报网
2020-05-08,【研报掘金】风险预期修复夯实估值底线 银行股估值上行可期,证券时报网
2020-05-08,A股融资融券日报：两融余额增加65.99亿元（5月7日）,Wind
2020-05-08,A股股份行年报：招商银行净利增速居首 华夏银行垫底,中国经济网
2020-05-08,光大银行推出 线上留学测评工具“留学指南针”,金融时报
2020-05-08,风险预期修复，夯实估值底线——银行业风险回顾与展望,麦高bank
2020-05-07,A股上市银行一季度净利普增 疫情之下不良增加资产质量承压,新浪
2020-05-07,【兴证固收.转债】整体承压与结构亮色 ——转债正股19Q4及20Q1业绩综述,兴证固收研究
2020-05-07,光大银行：5月20日召开“17宜华企业MTN001”等债券持有人会议,Wind
2020-05-07,光大银行一季度全力支持疫情防控和企业复工复产,证券时报网
2020-05-07,A股融资融券日报：两融余额增加128.16亿元（5月6日）,Wind
2020-05-07,资负表策略看利润表空间—银行业资产负债回顾与展望,麦高bank
2020-05-06,拓展“长尾” 银行密集布局消费金融市场,中国经营报
2020-05-06,光大银行一季度继续保持两位数增长,证券时报网
2020-05-06,汇金公司退股光大银行，拉直关系为光大集团上市铺路,Wind
2020-05-06,汇金公司退股光大银行拉直关系为光大集团上市铺路,证券时报
2020-05-05,【华泰金融沈娟团队】逆周期政策调节+一季报分化，把握战略配置机遇—2020金融动态第18期【证券研究报告】,华泰金融研究全新平台
2020-05-05,业绩的韧性—银行业2020年一季报综述,麦高bank
2020-05-05,【浙商||银行】大浪淘沙：2020年投资策略暨Q1综述,大话金融
2020-05-05,5月5日晚间上市公司十大重磅公告,巨丰财经
2020-05-04,本周操盘攻略：鼓励汽车消费政策持续升级,Wind
2020-05-03,汇金将持有的光大银行(06818-HK)19.53%股份转让予光大集团 资产异常,财华社
2020-05-01,7张图看懂股份行信用卡业务全景,腾讯网
2020-05-01,41家上市银行2020年一季度经营情况综述,和讯
2020-05-01,上市公司正负面新闻2020年5月1日星期五,Wind
2020-05-01,光大集团持股增至44.96% 光大银行股权被彻底“拉直”,券商中国
2020-05-01,"五万亿银行大动作！光大集团持股增至44.96% 股权关系被彻底""拉直"" 集团强化后有何新战略？",券商中国
2020-04-30,【光大银行】1Q20：资产质量较好，业绩靓丽,志明看金融
2020-04-30,汇金公司拟将所持有19.53%光大银行股份转让给光大集团 资产异常,中证网
2020-04-30,4月30日晚间重要公告集锦：上交所决定终止ST锐电股票上市,证券日报
2020-04-30,光大银行：光大集团拟受让汇金公司持有该行19.53%股份,上证报
2020-04-30,晚间重要公告2020年4月30日星期四,Wind
2020-04-30,周四上市公司晚间重要公告（更新中）,金融界
2020-04-30,央行确定2020年度公开市场业务一级交易商，共有49家,Wind
2020-04-30,4月30日上市公司晚间公告速递,新浪
2020-04-30,A股总净利4.16万亿，国有六大行净赚1.14万亿，超所有上市公司1/4,搜狐
2020-04-30,光大银行：汇金公司将把其持有的本行102.5亿股A股股份转让给光大集团,Wind
2020-04-30,光大银行(601818.SH)：股权变更方案获批,格隆汇
2020-04-30,A股融资融券日报：两融余额减少41.24亿元（4月29日）,Wind
2020-04-30,光大银行一季度全力支持疫情防控和企业复工复产,新华网
2020-04-30,【浙商||银行】南京银行：息差环比改善，规模增长提速,大话金融
2020-04-30,【浙商||银行梁凤洁/邱冠华】招商银行：业绩再次超预期,大话金融
2020-04-30,“疯狂的信用卡”降温,面包财经
2020-04-30,一季度末光大银行小微企业贷款余额达5235亿元,中证网
2020-04-30,货币超发、资金回流 银行系私行业务出现新增长点,21世纪经济报道
2020-04-29,光大银行(601818.SH)：汇金转让102亿股光大银行股份取得光大集团新发股份159亿股 资产异常,格隆汇
2020-04-29,光大银行精心打磨农民工工资金融综合服务,中证网
2020-04-29,光大银行：一季度净利润同比增长11.28%,Wind
2020-04-29,【华泰金融沈娟团队】营收利润增速稳健，财富管理发力——光大银行(601818)【证券研究报告】,华泰金融研究全新平台
2020-04-29,光大银行：一季度实现净利108.73亿元 财富管理银行建设全面推进,中国金融新闻网
2020-04-29,光大银行一季度净利润108.7亿元，理财子公司资管中收同比增284%,21世纪经济报道
2020-04-29,扩表积极，夯实收入基础—光大银行20Q1业绩点评,麦高bank
2020-04-29,光大银行：财富管理银行建设全面推进，资管、云缴费业务高速发展,新华网
2020-04-29,A股融资融券日报：两融余额减少41.82亿元（4月28日）,Wind
2020-04-29,光大银行一季度净利润108.7亿 同比增长11.5％,金融界
2020-04-29,【浙商||银行】常熟银行：高拨备反哺的开始,大话金融
2020-04-29,【浙商||银行】兴业银行：战略机遇期，行稳以致远,大话金融
2020-04-29,【浙商||银行】邮储银行：盈利能力向好，反哺空间充足,大话金融
2020-04-29,【浙商||银行】光大银行：财富管理发力，存款大幅增长,大话金融
2020-04-29,光大银行：一季度实现净利润108.31亿元 不良贷款率1.55%,中证网
2020-04-29,光大银行(06818-HK)首季多赚逾11%资本充足率13.10%,财华社
2020-04-28,光大银行：一季度净利润108.31亿元，同比增长11.28%,Wind
2020-04-28,光大银行2020年一季度净利同比增长11.51% 资产规模超过5万亿,和讯
2020-04-28,光大银行一季度实现净利润108.31亿元 同比增长11.28%,上证报
2020-04-28,光大零售金融再发力 “云开卡”助力复工复产,中国金融新闻网
2020-04-28,光大随心贷，让您畅享“无接触”融资服务,金融投资报
2020-04-28,光大银行多措并举助力小微企业复工复产,证券时报网
2020-04-28,银行理财子公司跑步进场了,中国基金报
2020-04-28,光大理财公司与国网英大集团签订战略合作协议,金融时报
2020-04-27,光大银行：投入5亿专项资金用于金融科技创新项目孵化,证券时报网
2020-04-27,上市银行一季报业绩表现良好 相关个股暗含长线配置价值,第一财经
2020-04-27,战疫情稳经济：光大银行数字金融迸发新能量,中国金融新闻网
2020-04-26,【华泰金融沈娟团队】一季报分化，关注政策改革支持—2020金融动态第17期【证券研究报告】,华泰金融研究全新平台
2020-04-26,天目药业(600671.SH)715.4万元银行账户资金被冻结 资产查封,格隆汇
2020-04-26,【兴证固收.转债】勿因“定位”遮望眼,兴证固收研究
2020-04-24,光大银行发布业内首个线上“健康养老生态圈”,中证网
2020-04-24,光大普惠：助企复工复产“亮新招”,证券时报网
2020-04-24,A股融资融券日报：两融余额增加0.38亿元（4月23日）,Wind
2020-04-24,加码助力中小微企业复工复产,金融时报
2020-04-23,光大零售金融“薪悦”代发再推新服务—“云开卡”,金融界
2020-04-23,光大零售金融推出“云开卡”线上工资卡申请功能,上证报
2020-04-23,A股融资融券日报：两融余额增加36.64亿元（4月22日）,Wind
2020-04-22,光大银行拟发行不超过400亿元永续债获批,北京商报网
2020-04-22,中国外汇|走中国特色的开放银行之路,新浪
2020-04-22,A股融资融券日报：两融余额增加10.51亿元（4月21日）,Wind
2020-04-21,上海清算所支持农发行成功发行“两山”生态环保主题金融债券,Wind
2020-04-21,光大银行多措并举助力小微企业复工复产,新华网
2020-04-21,A股融资融券日报：两融余额增加42.91亿元（4月20日）,Wind
2020-04-20,苏宁金融研究院：金融科技 诸神黄昏,新浪
2020-04-19,光大银行：将投入5亿元专项资金用于金融科技创新项目孵化,Wind
2020-04-19,光大银行：将投入5亿元专项资金用于金融科技创新项目孵化,中证网
2020-04-18,深圳市海王生物工程股份有限公司 关于为控股子公司提供担保实施情况的公告,中证报
2020-04-17,终结不良率六连升 华夏银行资产站上3万亿关口,时代在线
2020-04-17,光大银行积极探索“光信通”全产业链金融模式,中国金融新闻网
2020-04-17,A股融资融券日报：两融余额增加21.15亿元（4月16日）,Wind
2020-04-17,年薪2000万+可期待！银行业董监高薪酬榜公布,券商中国
2020-04-16,中国光大银行(06818.HK)：盈利由资产负债表增长支持-20200415，维持“买入”评级,格隆汇
2020-04-16,光大数字金融推出多类线上化创新金融产品,上证报
2020-04-16,勇立潮头再争先 光大数字金融吹响助力复工复产冲锋号,新华网
2020-04-16,A股融资融券日报：两融余额减少0.95亿元（4月15日）,Wind
2020-04-16,78家公司市值超净资产10倍，115家公司“破净”,中证报
2020-04-16,年内净息差恐整体收窄，定存利率难现逆势上涨,Wind
2020-04-15,小微金融“晒单” 10家银行投放谁最给力,北京商报
2020-04-15,有的银行股息率超过6%，买银行理财不如买银行股吗？,第一财经
2020-04-15,可转债还值得投资吗？,腾讯网
2020-04-15,A股融资融券日报：两融余额增加8.75亿元（4月14日）,Wind
2020-04-14,35家上市银行资产质量“大考”：七成不良率同比下降 五家城商行超2%,投资时报
2020-04-14,光大银行“阳光交e区块链”破千亿！,金融界
2020-04-14,大行消费贷踩下急刹车：光大同比增速缩减20倍 工行、建行余额跌出2000亿,金融界
2020-04-14,东北成银行的利润黑洞？年报显示一些银行在东北连亏两年或微利,腾讯网
2020-04-14,A股融资融券日报：两融余额减少5.11亿元（4月13日）,Wind
2020-04-13,A股融资融券日报：两融余额减少69.06亿元（4月10日）,Wind
2020-04-13,险资11次举牌9次瞄准H股，最爱低估值高股息金融地产股,Wind
2020-04-10,信用卡不良率上升拉响风险警报？股份行零售进击与反思 资产异常,经济观察网
2020-04-10,上市银行业绩大放送！工行每小时净赚3564万 四家归母净利下滑 盈利能力下降,投资时报
2020-04-10,光大银行积极探索光信通全产业链金融模式,上证报
2020-04-10,A股融资融券日报：两融余额增加27.65亿元（4月9日）,Wind
2020-04-10,金融时报：稳中有进 股份制银行继续保有核心优势,新浪
2020-04-10,中信证券银行2020年一季报前瞻：以稳应变,Wind
2020-04-10,揽储压力上升 银行各期限定期存款利率逆势上升,腾讯网
2020-04-10,中国平安正式入局消费金融，10家持牌消金公司分化加剧,Wind
2020-04-10,【华泰金融沈娟团队】社融超预期，信贷与债券放量—2020年3月金融统计与社会融资规模数据解析【证券研究报告】,华泰金融研究全新平台
2020-04-09,A股融资融券日报：两融余额减少0.1亿元（4月8日）,Wind
2020-04-09,659股发布分红方案逾百股股息率超3%,证券时报
2020-04-08,10派50元！今年最土豪分红来了，更牛的分红可能在这里（名单）,证券时报网
2020-04-08,2019信用卡App大战：招行一马当先，光大月活激增，他们的秘诀是生活场景,和讯
2020-04-08,A股融资融券日报：两融余额增加64.16亿元（4月7日）,Wind
2020-04-07,A股最大新能源IPO来袭！三峡新能源拟募资250亿元,21世纪经济报道
2020-04-07,普邦股份：拟对全资子公司深蓝环保担保4000万元,Wind
2020-04-07,工银、建信等银行理财子公司成绩单全红 委外合作力度加大权益布局加快,券商中国
2020-04-07,A股融资融券日报：两融余额减少72.42亿元（4月3日）,Wind
2020-04-07,揭开银行零售业务的面具,和讯
2020-04-07,险资近4000亿元重仓7只银行股 去年四季度增持农行中行减持工行 减持股份,证券日报
2020-04-06,【华泰金融沈娟团队】降准+降超准利率组合拳，把握优质金融股—2020金融动态第14期【证券研究报告】,华泰金融研究全新平台
2020-04-06,【国盛金融】本周聚焦—再次降准：支持区域性中小行，引导无风险利率下行,马婷婷深度研究
2020-04-06,【兴证固收·转债】优质转债的相对错杀,兴证固收研究
2020-04-06,一文读懂光大银行2019年报四大亮点,经济观察报
2020-04-04,钱去哪儿了？——2019年报折射银行业新走向,新华网
2020-04-04,10家持牌消金公司业绩PK：招联、马上领先，长银五八成黑马,Wind
2020-04-03,一流财富管理银行建设何以突出重围？,中国金融新闻网
2020-04-03,光大战略带动业绩持续高增长，一流财富管理银行何以突出重围？,证券之星
2020-04-03,确认！北京阳光消费金融拟近期开业 光大银行正紧急招人,金融界
2020-04-03,光大银行公开招聘北京阳光消费金融总经理，拟于近期开业,21世纪经济报道
2020-04-03,A股融资融券日报：两融余额增加17.64亿元（4月2日）,Wind
2020-04-03,理财子公司年度业绩首亮相，轻装上阵不到一年均盈利,Wind
2020-04-03,业绩增长稳中有进 长期向好态势不变,金融时报
2020-04-03,【华泰金融沈娟团队】风控良好盈利稳，聚焦科技重分红—上市银行2019年年报综述【证券研究报告】,华泰金融研究全新平台
2020-04-02,光大银行2019年营收创近六年最大增幅，零售业务利润却骤降65% 盈利能力下降,零壹财经
2020-04-02,用益-信托市场简报：利润下滑 山东信托公布最新董事会成员名单,用益信托网
2020-04-02,城建发展：北京城茂拟向光大银行申请30亿元开发贷款,中国网
2020-04-02,上市股份制银行业务亮点大比拼，谁最具看点？,搜狐
2020-04-02,中国光大控股(0165.HK)：壮大资管，开启价值发现之旅，首次覆盖给予“买入”评级，目标价14.84 港元,格隆汇
2020-04-02,香港银行股波动的背后,麦高bank
2020-04-02,招行代销信托年赚64亿，光大银行一年为光大信托售超400亿产品,证券时报网
2020-04-02,银行理财子公司最新经营情况一览,渤源资产
2020-04-02,私人银行AUM破10万亿下一步竞争“非金融”？,21世纪经济报道
2020-04-01,银行年报区域经济扫描：在东北连亏两年的银行是哪几家？ 亏损,21世纪经济报道
2020-04-01,央行及银保监会行政处罚汇总（4月1日） 其他违规处罚,Wind
2020-04-01,这家股份行2019年科技投入超30亿 全行应用系统上云率达82%,证券时报
2020-04-01,年度科技投入超30亿 “123+N”打造数字光大,新华网
2020-04-01,金华银保监局：对光大银行金华分行作出行政处罚，罚款25万元,Wind
2020-04-01,208股获券商买入评级 中环股份目标涨幅达76.98%,Wind
2020-04-01,【中原晨会0401】金股组合、行业景气度月报、市场分析、光大银行、华友钴业、中信证券,中原证券研究所
2020-04-01,【中原银行王鸿行】光大银行(601818)年报点评*净息差环比改善，不良率略升,中原证券研究所
2020-04-01,银行都在说金融科技，到底谁更舍得掏钱,Wind
2020-04-01,处置448亿不良资产后 光大银行不良贷款余额不降反升,面包财经
2020-04-01,政策持续加持小微企业，六大行去年普惠小微贷超3万亿元,Wind
2020-04-01,信用卡江湖不平静 11家银行去年 新增发卡大降57%,21世纪经济报道
2020-03-31,理财子公司首年成绩单可圈可点，“牵手”基金再获新进展,第一财经
2020-03-31,光大银行：信用卡业务“三降三升” 推出六大举措应对疫情冲击,中证网
2020-03-31,“多快好省”：光大“一流财富管理银行”建设见成效,中国金融新闻网
2020-03-31,光大银行业绩会：2020经营目标暂不做调整,新浪
2020-03-31,37公司获得增持评级-更新中,中财网
2020-03-31,光大银行2019年不良贷款余额422.12亿元 不良率1.56％,中华网
2020-03-31,光大银行公司业务交出“高质量发展”答卷 未来将大力发展三大业务,金融界
2020-03-31,光大银行零售业务交出硬核“成绩单” 占全行营业收入41.17%,金融界
2020-03-31,130股获券商买入评级 潍柴动力目标涨幅达64.65%,Wind
2020-03-31,光大银行实现营业收入1328.12亿元,中国金融新闻网
2020-03-30,回应疫情影响 光大银行高管称加大科技投入 2020年经营目标暂不调整,经济观察网
2020-03-30,光大银行：2020年科技投入将占营收3%以上,新浪
2020-03-30,光大银行：2020年整体净利差水平有望保持稳定,中证网
2020-03-30,光大银行副行长孙强：新冠肺炎疫情正倒逼银行向线上化、移动化、智能化方向转型,经济日报
2020-03-30,光大银行：力争2020年年底资产管理规模突破1万亿元,中证网
2020-03-30,光大银行2019年实现净利润374.41亿 行长刘金：今年将重点发力私人银行等三大业务,每日经济新闻
2020-03-30,光大银行董事长李晓鹏：2020年将科技经费提升至营业收入3%,北京商报
2020-03-30,财眼报|光大银行营收创6年最大增幅 应对疫情有3优势,新浪
2020-03-30,息差改善，分红提升—光大银行年报点评,麦高bank
2020-03-30,光大银行董事长李晓鹏：应对疫情 光大银行具有三大有利条件,中证网
2020-03-30,中国光大控股（0165.HK）：壮大直融、剥离资产，开启价值发现之旅，首次覆盖给予“买入”评级,格隆汇
2020-03-30,35公司获得增持评级-更新中,中财网
2020-03-30,【国信银行】净息差走阔，盈利能力提升：光大银行2019年报点评,国信金融研究
2020-03-30,A股融资融券日报：两融余额减少56.76亿元（3月27日）,Wind
2020-03-30,港股公告精选：工商银行：2019年归母净利润3122亿元，同比增4.89%,Wind
2020-03-30,“国家队”一往情深重仓金融股,深圳商报
2020-03-29,四家成立当年就赚钱！银行理财子公司经营首次大曝光，更有最新委外大动作！,中国基金报
2020-03-29,【华泰金融沈娟团队】高质量高回报，财富管理先行者—光大银行(601818)【证券研究报告】,华泰金融研究全新平台
2020-03-29,详细解读光大银行2019年年报：业绩增速快，结构优化【中泰银行·戴志锋/邓美君/贾靖】,传统借贷vs新型金融
2020-03-29,【浙商||银行梁凤洁/邱冠华】4月策略：定调稳增长，估值待催化,大话金融
2020-03-28,【万联银行|年报点评】光大银行：分红提升 关注零售业务增长,万联证券研究所
2020-03-28,零售客户首次突破1亿户 一文读懂光大银行2019年报四大亮点,经济观察报
2020-03-28,上市公司正负面新闻2020年3月28日星期六,Wind
2020-03-27,一图看懂光大银行2019年年度报告,和讯
2020-03-27,聚焦数字科技和财富管理：2019年光大银行净利润创五年来最大增幅,21世纪经济报道
2020-03-27,光大银行营收创近6年最大增幅，存款规模突破3万亿大关,和讯
2020-03-27,晚间公告热点追踪：工行、中行、交行披露年报,新浪
2020-03-27,光大银行2019年营收1328.12亿元 连续两年增速超20%,上证报
2020-03-27,光大银行：营收增幅连续两年超20% 全年科技投入超34亿,证券时报
2020-03-27,光大银行：营收增幅连续两年超20%，一流财富管理银行建设迈上新台阶,和讯
2020-03-27,光大银行2019年实现营业收入1328.12亿元 增幅连续两年超20%,中证网
2020-03-27,光大银行：2019年实现净利374.41亿 同比增11.03%,新浪
2020-03-27,光大银行(601818.SH)2019年度净利升10.98%至373.54亿元拟10派2.14元,格隆汇
2020-03-27,光大银行：2019年净利同比增10.98% 拟10派2.14元,e公司
2020-03-27,光大银行：2019年=实现净利373.54亿 同比增长10.98%,新浪
2020-03-27,光大银行：2019年净利润373.54亿元，同比增长10.98%,Wind
2020-03-26,光大银行(601818.SH)：刘金董事任职资格获中国银保监会核准,格隆汇
2020-03-26,年报低估值高增长龙头股名单来了，最高股息率近7%,证券时报网
2020-03-25,拓展融资渠道甘肃为文旅业注入“金融活力”,中国商报
2020-03-25,美国参议院两党就2万亿美元刺激计划达成协议,21世纪经济报道
2020-03-25,光大银行：持续关注“12中城建MTN2”等债券违约后续 未按时兑付本息,Wind
2020-03-25,A股融资融券日报：两融余额减少4.98亿元（3月24日）,Wind
2020-03-25,美国将推6万亿美元刺激，全球主要市场开启全面反攻！,Wind资讯
2020-03-24,本周年报抢先看：“大象”不滞涨，中国人寿等6家公司净利增长超4倍,腾讯网
2020-03-23,主承销商：持续关注“16中油金鸿MTN001”违约后续 未按时兑付本息,Wind
2020-03-23,港股午评|恒指半日泻855点，中国恒大今年来股价已腰斩,富途证券
2020-03-22,【浙商||银行梁凤洁/邱冠华】大浪淘沙：价格重于时间,大话金融
2020-03-20,A股融资融券日报：两融余额增加39.59亿元（3月19日）,Wind
2020-03-19,远望谷(002161.SZ)：拟申请授信额度合计4.9亿元,格隆汇
2020-03-19,中国光大银行采用蚂蚁金服DLT技术助力供应链金融,区块链铅笔Blockchain
2020-03-17,国开行3月23日拟开展国开债做市支持操作,Wind
2020-03-16,【研报掘金】政策释放呵护信号，把握银行股的战略配置价值,证券时报网
2020-03-16,业绩稳健增长却被低估A股银行板块有望迎来估值修复行情,财华社
2020-03-16,【银行行业】附十年降准影响复盘：这次降准有什么不一样,格隆汇
2020-03-16,把握配置时点,麦高bank
2020-03-15,金融视角看股市：长期的起点,麦高bank
2020-03-15,风险测评“新招”来袭 理财子公司加码线上渠道揽客,北京商报
2020-03-14,石油价格巨震下的资本众生相：产业链悲喜交织,Wind
2020-03-13,双定向降准——货币政策的妙招,麦高bank
2020-03-12,大悦城：为中粮智汇提供17.3亿元担保 大额借贷担保,乐居财经
2020-03-12,2月金融数据符合预期 机构建议把握银行股超跌反弹机会,中国财富网
2020-03-12,多款银行类APP涉嫌隐私不合规,和讯
2020-03-11,曲亮担任中国光大银行副行长的任职资格获核准,智通财经
2020-03-11,光大银行(06818.HK):中国银保监会核准曲亮任本行副行长,格隆汇
2020-03-11,光大银行(601818.SH)：曲亮副行长任职资格获中国银保监会核准,格隆汇
2020-03-11,光大银行周茂华：低油价可能成为新常态 有望助力经济复苏,证券时报网
2020-03-11,2019年第4季度中国手机银行综合运营指数发布 加速数字化迭代成为手机银行运营利器,中国电子银行网
2020-03-11,央行再出招引导银行“降息”！,证券时报网
2020-03-11,央行约束银行高息揽储，压降负债成本或还有后招,Wind
2020-03-10,疫情不改严监管 有银行涉房贷款违规收千万罚单 金融监管处罚,南都报
2020-03-09,2月银行理财报告发布！收益率创39个月新低，疫情致发行量下降 盈利能力下降,腾讯网
2020-03-09,疫情下的银行春招:大行按下暂停键 岗位瞄准科技人才,新浪
2020-03-09,两家银行发布可转债2020年付息事宜公告,证券时报
2020-03-09,最新！最全！浙江省建筑行业为支持复工复产的行动,中国商品混凝土网
2020-03-09,A股融资融券日报：两融余额减少50.71亿元（3月6日）,Wind
2020-03-07,大中小银行各打算盘，银行存量贷款“换锚”进展不一,Wind
2020-03-06,光大出国金融智慧化服务启新篇：手机银行专区改版升级,新华网
2020-03-05,光大移动客服打响云端战“疫”,上证报
2020-03-03,疫情滋生不良银行备战 银保监力推资产“平衡术”,时代周报
2020-03-02,光大集团推出二十条措施助力打赢疫情防控阻击战,新华网
2020-03-02,光大银行零售金融多点发力战“疫”,中证网
2020-03-02,21深度丨2月银行处罚全梳理：谁被罚金额最大，谁违规行为最多 金融监管处罚,21世纪经济报道
2020-02-29,明起房贷迎巨变！错过这些，你或被银行批量处理,南都报
2020-02-28,发力“非接触式服务” 银行业构筑数字金融服务保障线,和讯
2020-02-27,光大银行：阳光普惠“三步曲”金融抗疫正当时,中国金融新闻网
2020-02-27,光大银行：“17永泰能源CP007”、“18永泰能源CP001”违约后续,Wind
2020-02-27,光大银行：持续关注“18精功SCP003”违约后续和公司重整进展,Wind
2020-02-27,光大银行：“12中城建MTN1”等违约后续,Wind
2020-02-27,金融支持力度再升级，中小微企业迎及时雨,Wind
2020-02-26,光大银行今年以来对医疗卫生和生活物资保障放贷超270亿元,新华网
2020-02-26,支持企业复工复产 光大银行上线电子账户资金代发业务,中证网
2020-02-26,银行股破净率超70%，估值接近历史底部,Wind
2020-02-26,银行股破净率超70% 估值接近历史底部,中证报
2020-02-25,光大银行加大信贷支持 总分机构合力解企业开工资金难题,新浪
2020-02-25,黑龙江银保监局：对中国光大银行股份有限公司黑龙江分行作出行政处罚，罚款50万元,Wind
2020-02-24,《一周研读》疫情冲击，寰球市场同此凉热（2020年2月23日-2020年2月28日）,中信证券研究
2020-02-23,2020年全球银行品牌500强出炉 光大银行排名升至第28位,中证网
2020-02-22,"疫情防控债券火热发行 ""资援""药企保障防疫产品生产",上证报
2020-02-20,人行九江市中支行政处罚信息公示表 金融监管处罚,央行
2020-02-20,银行春招大幕拉开 金融科技人才仍遭热抢,每日经济新闻
2020-02-19,为了中小企业“复工复产” 股份制银行们也是拼了,华夏时报
2020-02-18,反洗钱严监管加码！民生银行、光大银行、华泰证券领千万罚单 金融监管处罚,中新经纬
2020-02-18,光大银行持国内医药龙头企业,天然橡胶网
2020-02-18,两家险企因营销员人数不实被罚 微信朋友圈发布产品信息不可片面比较 金融监管处罚,21世纪经济报道
2020-02-17,GPLP视频：潘石屹、冯仑讨论年轻的时候,GPLP犀牛财经
2020-02-15,光大银行两支抗“疫”慈善类信托持续驰援武汉,经济观察网
2020-02-15,央行一口气开3张千万级罚单！反洗钱严监管加码，机构＋责任人“双罚”不手软，这四大违规行为是共性问题 金融监管处罚,证券时报网
2020-02-15,光大银行两支抗“疫”慈善类信托持续驰援武汉,财经网
2020-02-15,民生银行、光大银行各领千万元反洗钱罚单，牵涉20名高管 金融监管处罚,第一财经
2020-02-15,光大银行两支抗“疫”慈善信托持续驰援武汉,新华网
2020-02-15,高达5190万！三家金融机构遭央行开千万级罚单，反洗钱再加码！证券业短板亟需补齐 金融监管处罚,券商中国
2020-02-15,光大银行两支抗“疫”慈善类信托持续驰援武汉,和讯
2020-02-15,央行连开三张千万罚单，民生银行、光大银行、华泰证券被罚 金融监管处罚,央行
2020-02-15,央行开出27张罚单剑指反洗钱 三家金融机构及相关责任人共领罚超5200万元 金融监管处罚,经济观察网
2020-02-15,光大银行两支战“疫”慈善信托驰援武汉,中国金融新闻网
2020-02-15,光大银行两支抗“疫”慈善信托持续驰援武汉,新浪
2020-02-15,陆家嘴财经早餐2020年2月15日星期六,Wind
2020-02-15,民生银行、光大银行为何被人总行突罚千万元？ 金融监管处罚,腾讯网
2020-02-14,反洗钱工作不到位央行开单重罚，华泰证券、民生银行和光大银行受罚 金融监管处罚,21世纪经济报道
2020-02-14,央行一天公布逾5200万巨额罚单，三机构被罚过千万 金融监管处罚,新京报
2020-02-14,央行向三家金融机构开出超5000万元巨额罚单 金融监管处罚,上证报
2020-02-14,民生银行、光大银行和华泰证券因反洗钱违规各被罚款超千万元 金融监管处罚,澎湃新闻
2020-02-14,每经22点丨央行一天开3张千万级罚单，合计达5190万；专家称中药能快速改善新冠肺炎轻症患者症状,每日经济新闻
2020-02-14,【光大固收│转债】可转债半月谈（第1期）：估值高于均值，择券重视正股,EBS固收研究
2020-02-14,资本金篇：银行资本约束差异化，补充工具创新应提速,和讯
2020-02-13,光大银行今日大宗交易成交80.10万股，成交价3.89元溢价0.78%,Wind
2020-02-13,光速放款 广东银行业助力防疫企业复工复产,时代周报
2020-02-13,美团100亿优惠贷款面向湖北商户开放申请，利率下浮30％,棱镜
2020-02-12,光大银行“视频柜员”：3000万“救急工资”在家发,新浪
2020-02-11,A股共发生91宗大宗交易成交20.91亿元（2月11日）,Wind
2020-02-11,银行业防疫第一线：国有六大行皆已开通定存自动延期 股份行跟随,中国网
2020-02-11,银行业解燃眉之急 最快5小时放贷,时代周报
2020-02-11,四川银保监局引领辖内银行做好“战疫助攻手”,金融投资报
2020-02-10,21家上市银行发布业绩快报：净利润、营业收入均保持稳健增长,中投网
2020-02-10,21家上市银行日均赚10亿 近九成不良率出现下降,中投网
2020-02-09,机构业务助力疫情防控光大银行争分夺秒保障防疫资金拨付到位,新华网
2020-02-07,上下同欲者胜｜刘金慰问光大银行一线员工,光大银行
2020-02-06,半日完成，“光大速度”推动抗疫专项贷款投放,中国金融新闻网
2020-02-06,光大银行北京分行坚决打赢疫情防控阻击战,新京报
2020-02-06,【银行】行业月报：看好板块防御特性，关注稳健龙头及基本面改善个股,中银国际证券研究
2020-02-05,光大银行兰州分行托管业务为疫情防控贡献金融力量,中国金融新闻网
2020-02-05,光大银行杭州分行5000万专项抗疫信贷资金发放到位,浙江在线
2020-02-04,银行业绩快报：净利增速多超10%，浦发、苏农不良率上升 资产异常,第一财经
2020-02-04,机构：重视疫情下银行股的防御价值,中国财富网
2020-02-04,调整是机会坚定优质银行股价值—新冠疫情下的银行业投资策略,华泰证券
2020-02-03,【行情】港股内银股普涨，光大银行（06818.HK）涨2.24%，工商银行（01398.HK）涨2.11%，建设银行（00939.HK）涨1.51%，中信银行（00998.HK）涨1.23%,金十数据
2020-01-26,银行业金融机构全力支持疫情防控 累计捐款逾5.88亿元,中国网
2020-01-23,光大银行2019业绩快报：营收同比保持在高位、小幅放缓【中泰银行·戴志锋/邓美君/贾靖】,传统借贷vs新型金融
2020-01-23,快讯|光大银行业绩快报：2019年净利润374.41亿元，同比增11.03%,财经网
2020-01-23,中银国际证券*晨会聚焦20200123,中银国际证券研究
2020-01-23,【银行】公司点评*601818*光大银行：营收保持高增，低估值高股息具备配置价值*买入,中银国际证券研究
2020-01-23,光大银行(601818)发布业绩快报去年营收同比增幅超过2,证券日报
2020-01-23,光大银行(06818-HK)2019年度多赚11%不良率跌0.03个百分点,财华社
2020-01-22,格隆汇港股聚焦(1.22)︱光大银行去年归母净利升11%至373.54亿元 中国联通2019年净利达113亿元,格隆汇
2020-01-22,银行冠华|光大银行19年快报：营收增速亮眼，ROE继续改善,大话金融
2020-01-22,光大银行发布业绩快报 去年营收同比增幅超过20%,证券日报
2020-01-22,聚焦商业银行2019年年报,中国网
2020-01-22,光大银行业绩快报：2019年实现营收1328.12亿元 同比增长20.47%,上证报
2020-01-22,光大银行(601818.SH)发布业绩快报 2019年度归母净利润升10.98%至373.54亿元,格隆汇
2020-01-22,光大银行：2019年净利润同比增10.98%（业绩快报）,Wind
2020-01-22,光大银行业绩快报：2019年净利同比增11%,e公司
2020-01-22,光大银行：2019年净利同比增长10.98%,第一财经
2020-01-22,光大银行：2019年实现净利373.54亿 同比增10.98%,新浪
2020-01-22,光大银行业绩快报：2019年净利润373.54亿元，同比增10.98%,Wind
2020-01-21,债券重大事件2020年1月21日星期二,Wind
2020-01-21,光大银行(601818.SH)：东京代表处备案获当地监管部门审核通过,格隆汇
2020-01-21,亦喜亦忧 2020持牌消金机构怎么走,北京商报网
2020-01-21,光大手机银行APP月活突破1000万,证券之星
2020-01-21,各路巨头角逐新战场 持牌消费金融公司扩容加速,北京商报
2020-01-20,三方争雄 持牌消费金融公司扩容加速,北京商报
2020-01-19,【fintech每周播报】银行布局金融科技；国有大行实现与微信二维码支付互联互通,中国电子银行网
2020-01-19,光大中青旅信用卡用户超百万 2020年明星产品蓄势待发,凤凰网
2020-01-15,用益-信托市场简报：光大信托净利增83%,用益信托网
2020-01-15,银保监会再出手 三银行被罚超400万 金融监管处罚,南方财经网
2020-01-14,国开行原副行长刘金正式履新光大银行行长,腾讯网
2020-01-13,今年首家！北京阳光消费金融公司获批筹建 有望成第25家持牌消金机构,每日经济新闻
2020-01-13,光大银行行长刘金任职资格获银保监会核准,北京商报网
2020-01-13,银保监会批复光大银行行长刘金任职资格,上证报
2020-01-12,股东“三缺一”补齐！光大银行获准筹建消费金融公司 这家台资银行成发起股东,券商中国
2020-01-11,中青旅关联方光大银行筹建消费金融公司申请获批,新京报
2020-01-11,今年首家消费金融公司获批 持牌消费金融公司增至25家,新京报
2020-01-11,刚刚！2020年首家持牌消费金融公司获批,腾讯网
2020-01-11,大股东还款承诺未兑现 天目药业每天向监管层汇报解决进展 承诺失信,e公司
2020-01-10,快讯|光大银行：筹建北京阳光消费金融股份有限公司申请获批准,财经网
2020-01-10,中青旅(600138.SH)筹建北京阳光消费金融申请获中国银保监会批准,格隆汇
2020-01-10,光大银行(601818.SH)筹建北京阳光消费金融申请获中国银保监会批准,格隆汇
2020-01-10,内蒙古银保监局：对光大银行呼和浩特中山西路支行作出行政处罚，罚款40万元 其他违规处罚,Wind
2020-01-09,债券重大事件2020年1月9日星期四,Wind
2020-01-09,银保监会今年首度披露罚单：交行光大建行合计被罚410万 金融监管处罚,澎湃新闻
2020-01-09,光大银行泰州分行违法遭罚50万 贷后管理严重违反审慎经营规则 金融监管处罚,中国网
2020-01-09,银保监会再出手！交行光大建行被罚超400万，更有15家银行吃罚单超千万 金融监管处罚,中国基金报
2020-01-08,度小满的2019升维竞争,中金在线
2020-01-08,常州银保监局：对光大银行常州分行作出行政处罚，罚款35万元 其他违规处罚,Wind
2020-01-07,邯郸银保监局：对光大银行邯郸分行作出行政处罚，责令改正并罚款80万元 其他违规处罚,Wind
2020-01-07,天风证券：经济企稳预期渐强，2020年看好银行股,Wind
2020-01-04,央行新年送“红包”大金融如沐春风,金融投资报
2020-01-03,票据业务严重违规 光大银行南京分行被罚款40万元 金融监管处罚,中华网
2020-01-03,招银国际：看好旧经济股表现 推荐中国奥园(03883)及光大银行(06818),智通财经
2020-01-03,世纪互联被光大银行选定为数据中心长期合作伙伴,中国IDC圈
2020-01-02,多地银保监开罚单！华夏银行领罚100万元，数额居首 金融监管处罚,腾讯网
2020-01-02,银行业领新年首批罚单，合计罚没170万 金融监管处罚,第一财经
2020-01-02,开年第一天，银保监会数十张罚单开给光大、华夏银行及一批农商行和村镇银行 金融监管处罚,每日经济新闻
2020-01-02,零壹新金融日报：P2P平台玛瑙湾暴雷！微贷网第三季度营收7.66亿,零壹财经
2020-01-02,安信国际 | 慧眼识金股（2020年1月组合）,安信国际
2020-01-01,光大永年(03699-HK)公布持续关连交易租赁协议,财华社
2019-12-31,光大银行(601818.SH)：刘冲董事任职资格获核准,格隆汇
2019-12-31,光大银行：董事任职资格获中国银保监会核准,金融界
2019-12-30,聚焦区块链创新应用 光大银行与雄安集团共建数字金融科技实验室,中国金融新闻网
2019-12-28,零售银行2019年：十大关键事件，重塑互金格局,腾讯网
2019-12-27,【fintech每周播报】首家城商行理财子公司亮相；光大银行成立数字金融科技实验室,中国电子银行网
2019-12-27,银行理财“变局”：保本产品提前离场净值化转型加速推进,每日经济新闻
2019-12-25,光大银行与雄安集团共建数字金融科技实验室,Wind
2019-12-25,光大银行与雄安集团共建数字金融科技实验室,新浪
2019-12-24,银行业2020年度策略：配置为王，行稳致远，给予“强于大市”评级,格隆汇
2019-12-24,外资控股理财子公司破局 银行资管步入快车道,时代周报
2019-12-23,深扒股份制银行财务报表：哪家最赚钱？哪家风险高？,搜狐
2019-12-23,将至已至 科技突破决胜未来,中国金融新闻网
2019-12-18,光大银行发布手机银行6.0版本 启动移动金融生态链战略,中证网
2019-12-18,布局移动金融生态链 光大手机银行6.0版发布,金融界
2019-12-18,35只股遭北向资金减仓超20%,证券时报网
2019-12-12,光大超市“伴客易” 成立一周年 光大银行探路未来网点新模式,北京商报网
2019-12-11,金融行业板块总体上涨0.66%，光大银行领涨,搜狐
2019-12-10,银行冠华|11月社融：企业融资持续回暖，M2增速有望改善,大话金融
2019-12-10,邮储银行今日上市：阿里、腾讯等豪门股东 打造10年A股最大IPO,金融界
2019-12-09,移动金融App逐步规范，五大行、蚂蚁等23家试点备案,新京报
2019-12-09,银行理财打破刚兑动真格 保本理财产品加速离场,新快报
2019-12-07,前海系统发布20个优秀金融创新案例 多家上市银行上榜,上证报
2019-12-06,这个套利方法 下周或许就能用上,每日经济新闻
2019-12-06,惠誉：授予中国光大银行香港分行拟发行美元票据“BBB（EXP）”的预期评级,Wind
2019-12-06,侵犯隐私“被下架”，光大、天津银行称“没通知”,北京日报
2019-12-06,“保本”渐离场 获客有新招,经济日报
2019-12-06,百款APP违规采集信息被查 3家银行不幸上榜,证券时报
2019-12-05,保本理财清理进行时，商业银行理财收入普降,红周刊
2019-12-05,光大银行回应手机银行APP隐私问题：一直正常运行,Wind
2019-12-05,信用卡规模高增长 消费交易额股份行组队赶超国有行,投资时报
2019-12-05,100款违法违规APP下架整改，光大银行、微店等在列,Wind
2019-12-05,网贷天眼早报：四川全面取缔P2P100款APP遭下架,和讯
2019-12-04,6只战配基金出手 邮储上市“绿鞋”护航,时代周报
2019-12-04,光大银行加大高端制造企业投放力度,证券时报网
2019-12-04,广州市首笔“5311”政银担分险模式业务落地光大银行,信息时报
2019-12-02,银行冠华 | 12月策略: 播种来年，重视邮储,大话金融
2019-12-02,天风证券：银行估值切换行情可期，首推光大银行,证券时报网
2019-12-02,【天风Morning Call】晨会集萃20191202,天风研究
2019-12-01,12月策略：估值切换行情可期，首推光大银行-天风|银行,志明看金融
2019-11-29,光大银行(601818.SH)聘任刘金担任行长及确定其为董事候选人,格隆汇
2019-11-29,空缺两个月后 光大银行聘任原国开行副行长刘金为行长,每日经济新闻
2019-11-29,金融赋能推动“制造大国”迈向“制造强国”,新浪
2019-11-28,光大银行：副行长武健因工作调整，辞去本行副行长职务 董监高成员变化,Wind
2019-11-27,雪中送炭 中国光大银行汽车金融业务推进会在深召开,证券时报网
2019-11-27,中金：预计明年内银净收益增长 看好招商银行(03968)及光大银行(06818),智通财经
2019-11-26,光大银行鼓足“八力” 力争实现4季度旺季完美收官,证券时报网
2019-11-26,光大银行与海南省农信社签署战略合作协议,海南日报
2019-11-25,光大银行践行数字金融扶贫新路径,证券时报网
2019-11-25,每经专访光大银行首席业务总监兼数字金融部总经理杨兵兵：区块链在数字金融领域大有可为,每日经济新闻
2019-11-24,光大“魅力海南旅游节”交易金额达308.5亿元,中保网
2019-11-22,光大银行张小松：银行应围绕场景和流量重塑业务理念,新浪
2019-11-22,IBM合伙人：2020年全球66%的银行将使区块链实现商用,经济观察报
2019-11-22,深化业务转型探索新零售发展模式 光大银行零售客户突破1亿户,证券时报网
2019-11-22,招行今年发行1000亿信用卡贷款ABS 受现金贷影响不良率上升 资产异常,网贷之家
2019-11-22,光大银行助民营企业“爬坡过坎”,金融时报
2019-11-21,创新综合金融服务 光大银行全力支持制造业民营企业,证券时报网
2019-11-20,光大银行姜浩：银行部分对公低频业务天然适合区块链,21世纪经济报道
2019-11-20,提供超万亿信贷支持 光大银行服务助推民营企业发展,证券时报网
2019-11-20,银行业迈入差异化竞争时代，看光大信用卡如何赢得竞争优势,凤凰网
2019-11-19,2019·第十二届时代营销盛典（上）,时代周报
2019-11-16,160只理财子公司产品全扫描：农银理财首只产品“掀盖头”,Wind
2019-11-15,光大银行副行长武健：打造温暖的数字金融服务,中证报
2019-11-14,光大银行：成立数字金融部推进数字化转型升级,中新经纬
2019-11-14,光大银行打造温暖的数字金融服务 落实数字金融战略,金融界
2019-11-14,光大“普惠阳光”引金融活水流进田间地头,中国金融信息网
2019-11-13,信用卡经营大PK：国有行发卡量高“僵尸卡”也多，交行不良最高,和讯
2019-11-12,穆迪：确认光大银行“BAAP/P-2”存款评级，前景稳定,Wind
2019-11-12,“银行科技发展奖”折射一场“静悄悄的革命”：信息技术架构变革引领银行智能内核再造,新浪
2019-11-11,四家理财子公司“背井离乡”，银行资管人员面临大迁徙,Wind
2019-11-09,华夏银行因7524元被罚130万元！资产质量承压 “掉队者”何以破局？ 金融监管处罚,中金在线
2019-11-08,内忧外困 创新医疗发展陷入严寒,财经网
2019-11-07,海润光伏发布债权人债权转让提示性公告,中证报
2019-11-05,股价持续回升，银行板块配置价值走高,重庆商报
2019-11-05,频繁违规，天目药业（600671.SH）遭证监局责令改正 金融监管处罚,格隆汇
2019-11-05,替大股东借款2460万元，违规担保1亿元，天目药业胆色惊人 其他违规处罚,21世纪经济报道
2019-11-05,亮相第十三届深圳国际金融博览会 光大集团“产业+金融+科技”支持民营制造业,证券时报网
2019-11-05,2460万元去哪儿了？天目药业受累控股股东“腾挪”资金被行政监管 其他违规处罚,和讯
2019-11-04,光大银行：第八届董事会第五次会议决议公告,上交所
2019-11-04,区块链技术亮相第十三届深圳国际金融博览会,证券时报网
2019-11-04,银行板块快速走强,Wind
2019-11-04,九家股份行前三季盈利3481亿 华夏银行净利增速垫底,长江商报
2019-11-03,【兴证金融 傅慧芳】盈利增长改善延续，资产质量稳健可控 ——2019年3季度财报总结,兴证金融
2019-11-02,33家上市银行三季度成绩单：近七成净利两位数增长 12家银行投资收益增幅超100%,每日经济新闻
2019-11-01,银行板块大涨近2%,Wind
2019-11-01,银行板块快速走强,Wind
2019-11-01,三季度20家上市银行净利增速超10% 哪些因素拉动业绩高增长？,21世纪经济报道
2019-10-31,详细解读光大银行3季报：高增长持续，资产质量稳中向好【中泰银行·戴志锋/邓美君/贾靖】,传统借贷vs新型金融
2019-10-31,零壹财经2019数字信用与风控年会：新形势下行业的机遇与挑战,零壹财经
2019-10-31,光大银行支持雄安新区区块链应用探索,Wind
2019-10-31,光大银行支持雄安新区区块链应用探索,第一财经
2019-10-31,光大银行阳光区块链切中服务多种场景,中新网
2019-10-31,【异动股】银行板块下挫，渝农商行(601077-CN)跌6.65%,财华社
2019-10-31,银行板块快速下行,Wind
2019-10-31,光大银行实现净利润314.66亿元 同比增长13.20%,中国金融新闻网
2019-10-31,中金：将光大银行A股评级由和大盘一致上调至跑赢大盘，目标价5.59元,Wind
2019-10-31,光大银行(06818-HK)首3季盈利升逾13%,财华社
2019-10-31,早报：暴风集团多位高管请辞 多家银行发布三季报,网贷之家
2019-10-30,光大银行前三季度净利逾300亿元 创近五年来最大增幅,证券日报
2019-10-30,光大银行前三季度净利润超300亿 创近五年最大增幅,证券时报网
2019-10-30,光大银行：前三季度净利润同比增13.11%,Wind
2019-10-30,光大银行：前三季净利同比增长13.11%,金融界
2019-10-24,上市银行三季报料持续稳健向好 券商建议加配银行股,中证报
2019-10-24,创新医疗老业务股权转让欠款未收齐 跨界转型最大体量收购公司又失控 资产异常,21世纪经济报道
2019-10-23,光大云缴费再创新高 用户突破3亿,和讯
2019-10-22,业绩高增后略有回落，平安银行领跌银行板块 盈利能力下降,第一财经
2019-10-22,中原银行旗下子公司被指沦为“714高炮”通道,投资者网
2019-10-18,10月净买入超百亿鏖战3000点 北上资金“取舍”调查,21世纪经济报道
2019-10-16,光大云缴费用户突破3亿,中证网
2019-10-16,光大银行(06818-HK)卢鸿为执行董事及竇洪权为非执行董事获银保监会核准,财华社
2019-10-15,43只连涨股近3日吸金均超千万元 银行等三行业成“白马”牧场,证券日报
2019-10-15,光大银行(601818.SH)：卢鸿、窦洪权董事任职资格获中国银保监会核准,格隆汇
2019-10-15,中国银保监会核准卢鸿担任中国光大银行(06818.HK)董事,格隆汇
2019-10-15,恒泰MVM模型剖析银行股,恒泰睿财
2019-10-15,“首付不够刷卡凑”不行了！5类信用卡涉房交易受限制,金融界
2019-10-15,光大大庆分行两高管被禁业：内控管理制度执行不严,新浪
2019-10-15,融资客青睐13股，开山股份买入占比高达40.15%,Wind
2019-10-15,金融股再度集体爆发 34亿资金联手买入银行股,信息时报
2019-10-14,沪港通十大成交活跃股排名（10月14日）,Wind
2019-10-14,沪指已上攻至成交密集区 投资机会突出,证券时报
2019-10-14,33家银行股午盘全线飘红，紫金银行、青岛银行涨停,澎湃新闻
2019-10-14,银行板块再度走高，光大银行涨停,Wind
2019-10-14,国泰君安：首选这些优秀中型银行股,第一财经
2019-10-12,"紧急叫停！信用卡""套现""买房行不通了！各大银行放大招，释放什么信号？",21财闻汇
2019-10-12,信用卡买房之路被堵死：建行招行等放大招影响多大,新浪
2019-10-11,光大银行成都分行扎根天府建功新时代 向新中国成立70周年献礼,金融投资报
2019-10-10,斩断“套现”买房：银行陆续叫停信用卡买房、刷中介费，物业费、出租房被限额,21世纪经济报道
2019-10-10,零售客户破亿 光大银行探路新零售模式,新浪
2019-10-09,【异动股】银行板块拉升，青农商行(002958-CN)涨6.71%,财华社
2019-10-09,银行股全线飘红，这些低估值的优质中型银行值得关注,第一财经
2019-10-09,【异动股】银行板块拉升，常熟银行(601128-CN)涨7.43%,财华社
2019-10-09,银行板块大幅拉升 四季度或重获机构青睐,证券时报网
2019-10-09,银行股集体冲高，常熟银行涨近5%,Wind
2019-10-08,光大银行(601818.SH)截至9月末“光大转债”转股21.53万股,格隆汇
2019-10-08,港股异动丨银行股再度走强 拨备覆盖率新规持续发酵,格隆汇
2019-10-08,多因素共振银行股集体走强，平安银行再创新高,第一财经
2019-10-07,银行冠华 | 10月策略: 重抓中间，首选兴业,大话金融
2019-10-03,光大银行零售客户突破1亿户,新华网
2019-10-01,【华泰金融沈娟团队】多方位政策利好，紧握优质金融—2019金融动态第40期【证券研究报告】,华泰金融研究全新平台
2019-09-30,光大银行：行长葛海蛟辞去在公司所有职务 董监高成员变化,Wind
2019-09-30,光大银行：上半年的增长传奇有何启示？,财华社
2019-09-29,履新光大银行行长不足一年，葛海蛟出任河北省副省长一职,全景网
2019-09-27,银行股调整 光大银行、宁波银行等跌逾2%,证券时报网
2019-09-27,银行板块出现回撤,Wind
2019-09-27,创业板大跌近3% 银行股成市场避风港,财富动力网
2019-09-26,首家股份制银行理财子公司亮相，光大理财发布新产品,Wind
2019-09-26,【异动股】银行板块拉升，常熟银行(601128-CN)涨7.03%,财华社
2019-09-26,银行板块二度上攻,Wind
2019-09-26,【异动股】银行板块快速拉升光大银行(601818-CN)涨近4%,财华社
2019-09-26,银行板块持续上攻,Wind
2019-09-26,今年银保高管累计增持1.21亿 仅一家银行小幅减持 减持股份,21世纪经济报道
2019-09-26,光大银行 推进与制造业民企合作,中证报
2019-09-25,首家股份行理财子公司落地 行业百万年薪抢人大战正酣,新京报
2019-09-25,银行永续债发行提速：年内八家银行已发行4100亿，还有3600亿发行计划在路上,Wind
2019-09-25,光大银行与12家企业分别签署战略合作协议,第一财经
2019-09-25,业内首创数字金融部 理财子公司悄然布局,中投网
2019-09-25,光大理财获批开业 拔股份制银行理财子公司开业头筹,证券日报
2019-09-24,9月25日上市公司重要公告集锦：圆通速递20.38亿股限售股9月30日上市流通 占总股本71.85%,证券日报
2019-09-24,首家股份行理财子公司来了 董事长是业内领军人物,中证报
2019-09-24,光大银行(601818.SH)：光大理财有限责任公司获准开业,格隆汇
2019-09-24,银行冠华|光大银行：士别三日，刮目相看,大话金融
2019-09-24,立足主业 大家保险投资瘦身,时代周报
2019-09-24,"金融地产行业研究部三循环周报:一年期LPR继续下降,国务院印发《交通强国建设纲要》",申万宏源
2019-09-23,光大银行零售客户突破1亿户,金融投资报
2019-09-20,光大银行交出近年来最好成绩单,财经网
2019-09-20,银行股已大面积破净，能买吗？,YY港股圈
2019-09-19,光大银行(601818.SH)：洪永淼独董任职资格获核准,格隆汇
2019-09-18,中信银行跌逾1% 跌穿十天线,新浪
2019-09-18,复合型人才稀缺 科技赋能引发银行人才马太效应,21世纪经济报道
2019-09-15,【兴证固收.转债】惯性谨慎的右侧市场,兴证固收研究
2019-09-11,银行冠华|8月社融：企业长贷改善,大话金融
2019-09-09,部分银行消费贷踩刹车 不良率集体逆势上升 资产异常,中投网
2019-09-09,银行零售业务转型“竞速” 从边缘业务变成半壁江山,中投网
2019-09-09,安泰集团及董事长吃警示函 近2亿元对外担保未及时完整披露 金融监管处罚,中国网
2019-09-09,科技引领银行业转型 IT资本性支出及费用高速增长,新浪
2019-09-07,信用卡期中考：交行收缩，平安强势，工行佛系,虎嗅网
2019-09-06,光大银行：同意为光大集团核定50亿元债券包销额度,Wind
2019-09-05,致敬大国工匠：光大集团发布“匠心专享”产品,中国经济网
2019-09-05,银行股大涨的秘密在这里,券商中国
2019-09-04,上半年上市银行净息差走势分化明显，大行整体回落，股份行普遍上行，LPR改革短期对于银行净息差影响有限,每日经济新闻
2019-09-04,不良率集体逆势上升，部分银行消费贷踩刹车 资产异常,第一财经
2019-09-03,不良率集体逆势上升，部分银行消费贷急踩刹车 资产异常,第一财经
2019-09-03,睿智投资｜中国银行业 – 二季度业绩综述 – 信贷成本下降对冲淨息差收窄,招银国际
2019-09-03,光大银行成立数字金融部 力推数字化转型升级,每日商报
2019-09-03,"光大银行:业绩超预期,中收表现独树一帜,资产质量再迎积极改善",申万宏源
2019-09-02,光大银行电子银行部更名为数字金融部 统筹管理个人及企业数字金融业务,经济观察网
2019-09-02,股份制银行不良率普降上半年净息差显著改善,国际金融报
2019-09-02,上市银行上半年净息差21家升12家降 LPR改革促银行发掘非息收入机会,证券日报
2019-09-01,【中原银行王鸿行】光大银行(601818)中报点评*营业收入保持强劲，资产质量整体稳定,中原证券研究所
2019-09-01,棱镜|银行业交五年最好成绩单：零售优先策略显效，LPR影响小,棱镜
2019-08-31,零售转型时代股份行中报众生相：兴业资产规模增速“疲软” 浦发信用卡不良高企,经济观察网
2019-08-31,股份行集体迎春天？上半年不良率全降，5家净利增速超10%,澎湃新闻
2019-08-30,【银行】601818*光大银行:手续费收入表现突出，营业收入保持快增*买入,中银国际证券研究
2019-08-30,光大银行营收实现近六年最快增幅,金融投资报
2019-08-29,光大银行中报出炉：营收净利双位数增长 零售贷款利息收入超过企业贷款利息收入,经济观察网
2019-08-29,光大银行上半年营收同比增长26.63% 净利润增幅为近五年来最快,证券日报
2019-08-29,详细解读光大银行2019年中报：利润增速超预期，结构调整持续【中泰银行·戴志锋/邓美君/贾靖】,传统借贷vs新型金融
2019-08-29,不良下降发力零售 股份制银行“中考”成绩单看点多,中证报
2019-08-29,【申万宏源金融】光大银行1H19业绩点评：业绩超预期，中收表现独树一帜，资产质量再迎积极改善,大金融研究
2019-08-28,光大银行上半年实现营收662.24亿 同比增长26.62%,每日经济新闻
2019-08-28,A股头条之上市公司（8.29）,金融界
2019-08-28,多公司发布晚间重要公告29号走势或将反转,和讯
2019-08-28,债券重大事件2019年8月28星期三,Wind
2019-08-28,净息差走俏，上半年光大银行营收、净利均现双位数增长,21世纪经济报道
2019-08-28,光大银行上半年实现净利润204.84亿元 同比增长13.17%,中证网
2019-08-28,光大银行：上半年净利204亿元 同比增13%,e公司
2019-08-28,光大银行2019年上半年营收增长26.63% 净利增13.17%,新浪
2019-08-28,光大银行(601818.SH)半年度净利润升13.11%至204.44亿元 不良贷款率1.57%,格隆汇
2019-08-28,光大银行：上半年净利润204.4亿元 不良率1.57%,新浪
2019-08-28,光大银行：上半年净利润204.4亿元，同比增长13.11%,Wind
2019-08-27,【光大固收】银行业受宏观因素主导，股份行转债相对质优——光大证券重点行业可转债研究系列之十一,EBS固收研究
2019-08-26,江西银保监局一日开12张罚单 涉工行、建行、招行等 金融监管处罚,新浪
2019-08-26,嘉美食品包装：董事会通过三项议案,Wind
2019-08-26,银保监会江西监管局：对光大银行南昌分行及其法定代表人任锋做出行政处罚 其他违规处罚,Wind
2019-08-23,合肥12家银行二手房停贷 多城首套房利率上浮20、30%成主流,券商中国
2019-08-22,中国光大银行：“19光大银行CRMW006”计划创设名义本金总额1.4亿元,Wind
2019-08-19,政银携手破难题 金融文旅融合进入快车道,金融时报
2019-08-18,光大银行(06818-HK)非执行董事傅东辞任 董监高成员变化,财华社
2019-08-16,白酒业再掀“老酒热” 这次不再是因为行业不景气,每日经济新闻
2019-08-16,债券重大事件2019年8月16日星期五,Wind
2019-08-16,光大银行：非执行董事傅东因工作调整辞职 董监高成员变化,Wind
2019-08-15,平安好医生·私家医生上线 携手中产人群共建大健康生态圈,北国网
2019-08-14,光大银行深圳分行立足大湾区 加大对实体产业支持力度,财富动力网
2019-08-13,近七成银行股破净，这么“便宜”的银行股要不要买？怎么挑？,澎湃新闻
2019-08-13,看懂度小满金融：业绩、战略和生态,北国网
2019-08-13,天风证券：当前银行板块估值低，性价比凸显,Wind
2019-08-09,光大银行：安邦资管减持本行可转债3000万张 减持股份,Wind
2019-08-09,招行、平安、光大三家“理财子公司”管理层落定,Wind
2019-08-08,光大银行(601818.SH)：邵瑞庆独立董事任职资格获银保监会核准,格隆汇
2019-08-03,光大银行：第二期优先股2019年股息发放实施公告,上交所
2019-08-02,房地产融资收紧后，不动产股权投资风往哪吹？,21世纪经济报道
2019-07-31,光大银行：第八届董事会第一次会议决议公告,上交所
2019-07-30,光大银行：拟挂牌转让3.5亿股优先股,Wind
2019-07-26,光大银行(06818-HK)更换职工监事 董监高成员变化,财华社
2019-07-25,光大银行(06818-HK)3.5亿股优先股拥有19位劲股东,财华社
2019-07-25,光大银行：完成非公开发行3.5亿股优先股,Wind
2019-07-25,光大银行完成3.5亿股优先股发行 募资总额350亿元,中证网
2019-07-24,22家银行破净：包括五大行，华夏银行仅0.6倍,21世纪经济报道
2019-07-23,度小满高管动荡 张旭阳回归光大银行,时代周报
2019-07-19,邮储银行理财子公司公开招聘董事长,新浪
2019-07-18,控股股东资金问题仍未解决 ST围海被调查又将引发索赔 关联方问题,大众证券报
2019-07-17,光大银行今日大宗交易成交144.34万股，成交价3.79元溢价0.26%,Wind
2019-07-16,ST围海涉嫌信披违规被调查 股权转让事宜或受影响 其他违规处罚,新京报
2019-07-16,中国光大银行修订公司章程获中国银保监会核准,新浪
2019-07-16,ST围海被查或影响股权转让 资产异常,金陵晚报
2019-07-16,南方安享绝对收益策略定期开放混合型发起式证券投资基金2019第二季度报告,证券时报
2019-07-16,诺安聚鑫宝货币市场基金2019第二季度报告,证券时报
2019-07-15,度小满留不住张旭阳:公关和技术掌舵 金融血统立足难,新浪
2019-07-15,度小满副总裁张旭阳将重回光大银行 参与理财子公司筹建,每日经济新闻
2019-07-15,度小满完璧归赵 张旭阳确认重回光大挂帅理财子公司,中国经营网
2019-07-14,张旭阳离开度小满回归光大筹建理财子公司 专家称人才双向流动利好行业,中国网
2019-07-12,张旭阳作别度小满，重回光大将任理财子公司董事长,财经网
2019-07-12,张旭阳将回归光大银行并筹建理财子公司 称“未来和度小满依然是亲密的战友”,华夏时报
2019-07-12,张旭阳回归光大筹建理财子公司，度小满寄语“仍然是朋友、战友、家人”,21世纪经济报道
2019-07-12,度小满金融VP张旭阳将回归光大银行筹建理财子公司,新浪
2019-07-12,独家丨度小满“完璧归赵”张旭阳确认重回光大挂帅理财子公司,中国经营网
2019-07-12,上市公司高股息比拼“宝宝”军团，63只“现金奶牛”名副其实,Wind
2019-07-11,中融信托城市物业更新交出亮眼成绩单 北京两项目均已满租,和讯
2019-07-08,最年轻国有大行董事长：什么才是真的颜值与实力担当,新浪
2019-07-02,首付交了，房子没了，地产私募爆雷又见新花招,投中网
2019-07-02,平安好医生与光大银行达成战略合作,和讯
2019-06-25,惠誉将招商银行评级由“BBB”上调至“BBB+”,Wind
2019-06-24,光大银行(06818.HK)5亿美元票据的上市批准预期将于6月25日生效,格隆汇
2019-06-21,聚力创新服务湾区，敏捷科技融入生活 ——光大银行偕集团兄弟企业参展第八届金交会,财富动力网
2019-06-20,光大银行(06818.HK)为光大金瓯核定40亿元不良资产累计交易额度,格隆汇
2019-06-20,银行股的“破净”烦恼,北京商报
2019-06-20,光大银行：新思路新路径“破题”普惠金融,新浪
2019-06-18,光大银行：2018年度A股普通股分红派息实施公告,上交所
2019-06-18,瞄准银行理财子公司 度小满金融密集联姻传统金融机构,北京商报网
2019-06-18,光大银行(601818.SH)拟每10股A股派1.61元 股权登记日为6月25日,格隆汇
2019-06-18,[快讯]光大银行公布2018年年度分红方案,中财网
2019-06-17,多渠道火力全开，银行补充资本融资在加速推进！,Wind
2019-06-17,破解“信息不对称”加强风险缓释 光大银行普惠金融探新路,中国经营报
2019-06-15,银行业协会：信用卡交易金额38.2万亿损失率1.27%,中国经营网
2019-06-14,上海、深圳已有个别银行下调房贷利率,新京报
2019-06-13,银行理财子公司路在何方？张旭阳牵线光大联姻度小满,华夏时报
2019-06-13,度小满+光大银行 BAT首家领跑银行理财子公司,证券之星
2019-06-13,银行理财子公司筹建之中开抢基金代销赛道,中投网
2019-06-13,光大银行：光大转债自6月18日至分红派息股权登记日期间将停止转股,Wind
2019-06-12,光大银行(601818.SH)A股拟10派1.61元 “光大转债”18日停牌,格隆汇
2019-06-12,度小满与光大银行签署战略合作协议，将探索与银行理财子公司的合作,Wind
2019-06-12,度小满与光大银行开展战略合作 金融科技助力银行理财子公司发展,中证网
2019-06-10,美可高特羊乳有限公司在非医疗、药品、医疗器械的广告中使用涉及疾病治疗功能用语和在商品广告中进行虚假宣传案,天津市场监管委
2019-06-05,合肥二套房贷款利率上浮多少？合肥各大银行房贷利率最新数据一览,中研网
2019-06-04,光大银行估值之辨,证券日报
2019-06-04,招行拟发行不超过500亿减记型永续债 商业银行永续债发行热度持续,每日经济新闻
2019-06-04,深扒花呗、借呗、捷信、乐信等20家平台真实逾期数据,新浪
2019-06-03,净利排名同业倒数第3 山西信托接连踩雷违约执行困难,投资时报
2019-05-31,36股获券商买入评级 四维图新目标涨幅达60.48%,Wind
2019-05-31,光大银行“价值创造年”再出发 估值洼地明显证金汇金坚守,证券日报
2019-05-30,光大银行：2018年度股东大会决议公告,上交所
2019-05-30,睿智投资｜中国光大银行 H (6818 HK，买入) - 云缴费——数字化转型助推器,招银国际
2019-05-30,"光大银行:云缴费,数字化转型助推器",招银国际
2019-05-29,新潮能源的“掏空”往事：被贱卖的资产和掉过的坑,新浪
2019-05-29,光大银行(601818.SH)：调整整固初见成效，迈入新赛道，维持“买入”评级，目标价4.90 元/4.43 港元,格隆汇
2019-05-28,股份制银行凭什么“躺着赚钱”？ 利息收入仍占61%,新浪
2019-05-28,北上资金抄底55亿，5个交易日这些个股被大幅增持或减持,Wind
2019-05-28,北上资金半天杀入37亿元，5个交易日这些个股被大幅增持或减持,Wind
2019-05-28,科大讯飞与光大银行在合肥签署战略合作协议,Wind
2019-05-25,奇瑞集团与光大银行签约 获不低于100亿元授信额度,盖世汽车
2019-05-24,科大讯飞与光大银行签署战略合作协议,e公司
2019-05-24,光大银行顶风违规“银保驻点销售”受罚35万元 其他违规处罚,圈中人
2019-05-13,成都银行首份年报光鲜背后显隐忧 重要指标全线下挫 连续下跌,投资时报
2019-05-13,聚焦| 银行资管变局与理财业务转型,和讯
2019-05-11,运用盈利性指标筛选股份制银行潜力股,红周刊
2019-05-10,"安信证券：将光大银行评级调低为""增持""",Wind
2019-05-07,摩根士丹利下调四大行评级 投资评级恶化,Wind
2019-05-05,【申万宏源金融】银行业2019年一季报综述,大金融研究
2019-05-05,光大银行一季度净利97.33亿元 同比增长8% 现金流量净额为-321.97亿元,挖贝网
2019-05-05,银行消费贷二十载：大行整体收缩 光大、上海、江苏等中小银行猛进,新浪
2019-04-30,光大银行1季报详细解读：业绩高增，资负结构优化持续【中泰银行·戴志锋】,传统借贷vs新型金融
2019-04-30,32家A股上市银行晒2018年成绩单 净利回暖、不良下降 盈利能力下降,北京商报网
2019-04-30,银行冠华 | 中报综述：利润增速提升，不良整体改善,大话金融
2019-04-30,六成上市公司一季报业绩同比增长,证券时报网
2019-04-30,上市银行2018年净利增速提升 基本面改善板块估值修复可期,证券日报
2019-04-30,2707家公司披露一季报证金、汇金等持股名单曝光,重庆商报
2019-04-29,三百万买银行代销信托踩雷 女子向山西信托索偿无果 投资失误,新浪
2019-04-29,“开门红”战报陆续出炉 哪家银行跑得快？,第一财经
2019-04-29,招银国际：上调光大银行(06818)评级至“买入” 升目标价至4.6港元,智通财经
2019-04-29,"美银美林：升光大银行(06818.HK)目标价至3.6港元 评级""跑输大市""",格隆汇
2019-04-29,睿智投资｜光大银行 (6818 HK，买入) - 盈利趋势持续向好；上调至「买入」评级,招银国际
2019-04-29,【银行】601818*光大银行:营收及拨备前利润保持高增，不良确认力度维持高位*买入,中银国际证券研究
2019-04-28,【申万宏源金融】光大银行一季报点评,大金融研究
2019-04-28,光大银行：营收增速创近年新高，理财子公司筹建获批,志明看金融
2019-04-27,光大银行一季度实现净利97.51亿元 比上年同期增长7.50%,中国金融新闻网
2019-04-26,光大银行一季度净利增长7.5% 杠杆率下降0.16%,证券时报网
2019-04-26,光大银行：一季度净利润同比增7.54%,Wind
2019-04-26,光大银行：一季度净利同比增长7.54%,e公司
2019-04-25,急需“补血”多家银行公布资本补充计划,北京商报网
2019-04-22,银行理财子公司陆续落地 银行理财概念股一览,云掌财经
2019-04-22,银行理财子公司陆续落地 机构称二季度抓稳银行股,中投网
2019-04-22,华夏银行2018年不良贷款“双升”,中保网
2019-04-21,招行、光大理财子获批筹建 首批银行理财子公司开业临近,第一财经
2019-04-20,逾30家银行筹建理财子公司 人才建设是重要抓手,中国经营报
2019-04-19,首批两家股份制银行理财子公司获批 宣布设立的银行数量已突破30家,证券日报
2019-04-19,招行、光大同时获批“理财子公司”,Wind
2019-04-18,首家股份行理财子公司获批筹建 光大银行获准入局,北京商报网
2019-04-18,公告精选：视觉中国遭天津网信办罚款30万元；中国人寿一季度净利增逾八成；两公司大幅下修年报业绩预期,每日经济新闻
2019-04-18,光大银行：银保监会同意本行出资50亿元筹建光大理财有限责任公司,Wind
2019-04-18,非吸超亿元的光大银行前员工遭监管“喊话”，屡见不鲜的飞单如何防？,经济观察网
2019-04-18,破净股减少至75只 部分存“补涨”动能,投资快报
2019-04-17,银行股直线攀升，上证50翻红,Wind
2019-04-16,上市银行理财收入骤降 高净值资管猛增,钱江晚报
2019-04-16,P2P网贷上市公司出现分化，备案高门槛令中小型平台股价承压,和讯
2019-04-16,2019年上市银行首个再融资高潮到来 永续债成首选资本补充手段,证券日报
2019-04-15,非法吸储超1亿 光大银行80后女员工玩“失踪”,新浪
2019-04-15,中国光大国际(00257.HK)附属与中国光大集团订立光大水务存款及贷款服务框架协议,格隆汇
2019-04-14,金融科技成上市银行年报热词 3种方式助力智能化转型,第一财经
2019-04-12,银行盈利能力仍待改善,证券市场周刊
2019-04-12,银行业绩起底:工行每小时赚3398万 中原净利蒸发三成,投资时报
2019-04-12,发卡速度放缓、不良率抬升——信用卡业务“凉凉”了吗,经济日报
2019-04-12,楼市基调未变：银行房贷业务风险须警惕,新浪
2019-04-11,光大银行(06818.HK)拟4月26日举行董事会会议 审核一季度业绩,格隆汇
2019-04-10,五大行制造业贷款占比缩减 房地产信贷为股份行大头,第一财经
2019-04-09,A股头条之上市公司公告精选（4.10）,金融界
2019-04-09,年初至今865家A股公司净减持,中新经纬
2019-04-09,周二上市公司晚间重要公告（更新中）,金融界
2019-04-09,光大银行：证监会核准公司非公开发行不超3.5亿股优先股,Wind
2019-04-09,六家上市股份制银行实力大PK 哪家银行能脱颖而出？,广州日报
2019-04-09,我省多家农商行进入行业前十强,和讯
2019-04-09,金融科技成银行年报高频词汇：招行、建行均提及超60次,证券日报
2019-04-08,银行加速布局金融科技下一步抢夺人才,中国经营报
2019-04-08,零售银行转型路径：从经营“银行”到经营“零售”,新浪
2019-04-07,【申万宏源金融】银行业2019年一季报前瞻,大金融研究
2019-04-07,多家银行去年信用卡不良率抬头，警惕共债风险传导,第一财经
2019-04-06,5家银行去年信用卡量破亿，分期业务成创收主渠道，高增长下不良贷款余额达788亿,券商中国
2019-04-05,六家股份行零售业绩大比拼：谁领风骚，谁在掉队,经济观察网
2019-04-04,九大股份行2018年业绩PK：5家营收增速超过10% 浦发银行不良率最高,每日经济新闻
2019-04-04,光大银行布局普惠金融“蓝海”：信贷投放年增长30%,财经网
2019-04-04,房贷增速扫描：五大行普降，有股份行增速降60个百分点,Wind
2019-04-04,A股回暖130只个股仍“破净”投资者咋“淘金”？,重庆商报
2019-04-04,光大银行2018年报点评:ROA小幅回升,国信证券
2019-04-03,社保基金减持交行背后：这几年“国家队”在银行股的来来往往,第一财经
2019-04-03,光大银行：效益、质量双提升，营收增幅超20%,证券时报网
2019-04-03,光大银行营收首破千亿 瞄准财富管理发展亮点,全景网
2019-04-03,银行血拼零售业务 信用卡、房贷成绝对主力,第一财经日报
2019-04-02,光大银行：安邦资管减持可转债3000万张 减持股份,Wind
2019-04-02,光大银行(06818.HK)：83.8万元光大转债获转为19.65万股A股,格隆汇
2019-04-02,光大银行(06818.HK)：安邦资管合计减持3000万张可转债,格隆汇
2019-04-02,中国银行业熬过最艰难的时刻了吗？,经济观察网
2019-04-02,光大银行2018年营收增速超20% 加快零售业务转型拥抱金融科技,华夏时报
2019-04-02,A股上市银行年报披露过半 现金分红招行派现居首,中国经济网
2019-04-02,去年七大股份制银行业绩回暖,北京商报
2019-04-01,光大银行合肥分行因两项违法行为被处罚28万元,和讯
2019-04-01,光大银行：韬光养晦 买入评级,和讯
2019-04-01,金融：把握不确定性中的确定性投资机会 荐9股,申万宏源
2019-04-01,六大行净利润破万亿大关 大零售金融科技成转型方向,新浪
2019-04-01,中银国际*每日速递20190401：中兴通讯、浪潮信息、华兰生物、涪陵电力、贵州茅台、东方证券、光大银行等,微信
2019-04-01,【银行】光大银行：营收及拨备前利润保持靓丽，资产质量有待观察,微信
2019-04-01,证金2018年四季度增持蓝筹更趋分散,Wind
2019-04-01,首破1000亿元 光大银行去年营收增长20.03%,北京商报
2019-03-31,【华泰金融沈娟团队】零售贷款比重提升，资本加速补充—光大银行(601818)【证券研究报告】,华泰金融研究全新平台
2019-03-31,【太证银行孙立金团队】光大银行2018年报点评：调结构增效益，风险可控估值提升有空间,金龙藤组合
2019-03-30,股份制银行信用卡不良率抬头 这一现象或为主因,国际金融报
2019-03-29,【中信建投银行杨荣】《中国银行业理财市场报告（2018年）》简评：《理财转型平稳进行，资金空转基本解决》,eResearch杨荣团队
2019-03-29,光大银行19年报：业绩靓丽，ROE上升,志明看金融
2019-03-29,光大银行2018年实现营业收入1102.44亿元 同比增长20.03%,中国金融新闻网
2019-03-29,光大新行长葛海蛟：首笔永续债计划在2020年上半年完成发行,21世纪经济报道
2019-03-29,光大银行2018年营收首破千亿：利息、中间业务占比下降 其他收入“助攻”,经济观察网
2019-03-29,光大银行：新一轮350亿元优先股的发行正在操作过程中,零壹财经
2019-03-29,光大姚仲友:资产质量管控压力巨大 积累风险逐渐暴露,新浪
2019-03-29,光大银行2018年营收1102.44亿元 同比增长20.03%,零壹财经
2019-03-29,【申万宏源金融】光大银行年报点评：期待2019年轻装上阵,大金融研究
2019-03-29,李晓鹏：光大银行2018年净利337.21亿 不良率1.59%,新浪
2019-03-29,光大银行去年营收增长20.03% 不良贷款率与上年持平,每日经济新闻
2019-03-29,光大银行：效益、质量双提升，营收增幅超20%,新华网
2019-03-28,光大银行2018年营业收入增速过20%，定位财富管理银行,21世纪经济报道
2019-03-28,光大银行(06818.HK)2018年归母净利升6.70%至336.59亿元 拟10派1.61元,格隆汇
2019-03-28,光大银行2018年净利润337.21亿元 同比增长6.67%,新浪
2019-03-28,光大银行：2018年净利336.6亿元，同比增长6.7%,Wind
2019-03-28,光大银行：2018年净利336.6亿元 同比增长6.7%,e公司
2019-03-28,145亿待收团贷网被查 中融信托、史玉柱等踩雷 其他违规处罚,新京报
2019-03-28,【业绩会直击】51信用卡（2051.HK）：用户基础攀新高，信用卡科技服务收入增长逾八成,格隆汇
2019-03-27,首批基金年报出炉 这三大行业获基金大幅加码,天天基金网
2019-03-27,【国信宏观固收】转债“大时代”系列专题之五：银行业转债分析手册,国信固收研究
2019-03-27,首批基金年报揭示投资新动向 加码三行业,证券日报
2019-03-25,对民企一视同仁 光大银行纾困融资难,财经网
2019-03-21,光大银行今日大宗交易成交52.93万股，成交价3.8元折价8.21%,Wind资讯
2019-03-21,360金融与光大银行签战略合作协议,e公司
2019-03-19,2018上市股份行成绩单：业绩整体回暖 行业分化加剧,中国网
2019-03-18,民生银行：将督导金鸿控股尽快落实兑付方案 未按时兑付本息,Wind
2019-03-18,七大股份制银行业绩比拼：浦发不良率最高，招行净利805亿超阿里,搜狐
2019-03-17,湖北银保监局一天开出6张罚单 汉口银行等因理财业务被罚,每日经济新闻
2019-03-14,光大银行荆州分行被罚30万：理财资金违规使用 其他违规处罚,新浪
2019-03-13,光大银行：境内非公开发行优先股申请获证监会审核通过,Wind
2019-03-13,光大银行境内非公开发行优先股获得中国证监会审核通过,金融界
2019-03-13,光大银行武汉分行推进新型 政银担业务支持民营小微企业,金融时报
2019-03-11,【兴证金融 傅慧芳】信贷社融低于预期，关注银行房贷利率变化——银行业周报（2019.03.04-2019.03.10）,微信
2019-03-07,30家A股上市银行2018年业绩报告披露时间一览,金融界
2019-03-06,"银行高管大""换血""",Wind
2019-03-05,信用卡营销花式蹭流量 瞄准粉丝经济,证券日报
2019-03-02,线上竞争力初显 光大银行详解科技投入逻辑,中国经营报
2019-02-27,光大银行：第七届董事会第三十四次会议决议公告,上交所
2019-02-27,TF银行-3月：疫情好转及政策托底，估值修复可期,志明看金融
2019-02-26,上市银行“轻”装上阵谋转型,经济日报
2019-02-26,中国光大银行悉尼分行开业,Wind
2019-02-25,337家公司预计去年盈利,中证报
2019-02-23,动力不足 银行信用风险缓释凭证遇冷,中国经营报
2019-02-21,浮息同业存单“重现江湖” 透露积极利率市场化信号,经济日报
2019-02-20,冲高遇阻或是“牛歇脚” 各路资金布局金融股势头正酣,证券日报
2019-02-19,20份上市银行业绩快报陆续抵达，五大行仍“雪藏”盈利数据,证券日报
2019-02-19,20份上市银行业绩快报陆续抵达 五大行仍“雪藏”盈利数据,证券日报
2019-02-18,"银行19年社融预测及对经济底的前瞻判断:从社融底到经济底,宽信用成效演绎进行时",申万宏源
2019-02-18,"银行1月金融数据点评:信贷社融如预期放量,关注改善可持续性",证券之星
2019-02-16,180份年报业绩快报盘点 机构集中推荐13只个股,证券日报
2019-02-13,变字当头 国有行股份行城商行逆周期下的求生法则,新浪
2019-02-13,央行严惩银行支付违规行为 光大银行一月内三次被罚,新浪
2019-02-12,针对内控、发行优先股依据等问题 光大银行做了回复,新京报
2019-02-12,中国银行4位高管任职资格获批 孙煜出任副行长,中国网
2019-02-11,350亿非公开发行优先股接证监会问询 光大银行回复了,新浪
2019-02-03,银行板块复苏有望逐步震荡上行 六股投资正当时,证券日报
2019-02-02,银行板块有望逐步震荡上行 逾45亿资金涌入9只个股,证券日报
2019-02-02,18家A股银行业绩快报节前亮相：城商行利润增速均为两位数,证券日报
2019-01-31,天风证券：政策与资金驱动银行股反弹行情或延续,天风证券
2019-01-31,2月策略：政策与资金驱动，反弹行情或延续,和讯
2019-01-30,2018年上市银行业绩快报密集披露,中投网
2019-01-30,营收与净利双升 银行股成近期护盘主力,证券时报
2019-01-29,银行股午后快速走升，交通银行涨近2%,Wind
2019-01-28,人行广州分行连开9张支付罚单 光大银行、易联支付等总共被罚1千多万 其他违规处罚,零壹财经
2019-01-28,郑州银行2018年净利润30亿元同比降29% 业绩增速垫底,投资快报
2019-01-26,《一周研读》变数2019：亦喜亦忧,中信证券研究
2019-01-25,银行业绩快报预暖，城商行净利润增速领跑,野马财经
2019-01-25,【盘中动态】银行股早盘快速拉升，这个原因要重视！,每日经济新闻
2019-01-25,银行股稳步攀升，平安银行、招商银行领涨2%,Wind
2019-01-25,"银行行业专题报告:板块持仓保持稳定,增配业绩向好个股",万联证券
2019-01-24,银行资产质量持续改善 今年利润增速料略放缓,中证报
2019-01-23,葛海蛟获准担任光大银行执行董事、行长,证券时报网
2019-01-23,光大银行(06818.HK)葛海蛟执行董事及行长任职资格获核准,格隆汇
2019-01-23,24日机构强推买入六股成摇钱树,证券之星
2019-01-23,36股获券商买入评级，帝欧家居目标涨幅达49.32%,Wind
2019-01-23,【晨会聚焦】关注2019地产投资机会,中泰证券研究所
2019-01-23,"金融地产研究部三循环周报:保险跑赢大盘,qfii额度翻倍,外资入场跃跃欲试",申万宏源
2019-01-22,11家银行披露2018年业绩快报，城商行营收、净利润增速亮眼,国际金融报
2019-01-22,光大银行2018年营收1102.44亿元 较上年同期增长20%,挖贝网
2019-01-22,光大银行：2018年实现营收和净利润双增长 其中营收增长超20%,零壹财经
2019-01-22,十家A股上市银行披露2018业绩快报 半数净利润增速高于2017年同期,每日经济新闻
2019-01-22,光大银行：2018年实现归母净利润336.59 亿元 较上年增 6.70%,中保网
2019-01-22,光大银行2018业绩快报：营收破千亿元 净利润同比增长6.7%,中国网
2019-01-22,申万宏源：光大银行买入评级,申万宏源
2019-01-22,"光大银行:营收增速走高,持续稳健前行",正点财经
2019-01-22,【银行业绩快报】光大银行2018年营收同比增长20% 分析称为中间业务收入带动,经济观察网
2019-01-22,9家银行披露业绩快报：上海银行业绩增速居前,中投网
2019-01-22,光大银行、长沙银行披露2018年业绩快报 归属净利润均实现同比增长,零壹财经
2019-01-22,光大银行：中间业务优势突出 营收同比增长20%,中泰证券
2019-01-22,"光大银行:营收增长提速,资产质量稳定",证券之星
2019-01-21,公告汇总：*ST皇台预亏超7000万 面临暂停上市 预亏,网易
2019-01-21,9家银行披露2018年业绩快报　归母净利润均实现正增长,上海金融报
2019-01-21,公告精选：康得新被实施其他风险警示；两市首份年报出炉,e公司
2019-01-21,光大银行：2018年净利润同比增6.70%（快报）,Wind
2019-01-21,光大银行：2018年净利润336.59亿 不良贷款率1.59%,新浪
2019-01-21,光大银行：2018年净利337亿元 同比增6.7%,e公司
2019-01-21,光大银行(06818.HK)2018年度净利润升6.7%至336.59亿元,格隆汇
2019-01-19,【华泰金融沈娟团队】监管差异化施策，农商行回归本源—点评银保监会推进农商行提升金融服务能力意见【证券研究报告】,华泰金融研究全新平台
2019-01-17,51信用卡管家发布用卡报告，浦发银行获双项冠军,证券之星
2019-01-16,【异动股】银行板块拉升，N青银(002948-CN)涨停,财华社
2019-01-16,银行｜社融何时会企稳？,中信证券研究
2019-01-15,新年伊始 多家银行“董监高”换将,证券日报
2019-01-14,光大银行郑州分行被罚50万：违规向项目融资 其他违规处罚,新浪
2019-01-11,银监行政处罚12月总结：监管重拳出击，开出五张千万罚单,微信
2019-01-11,邮储行最高领导同时空窗 人事洗牌或势在必然,投资时报
2019-01-10,被“嫌弃”的银行股,北京商报
2019-01-09,"金融地产研究部三循环周报:券商大幅跑赢大盘,地方新增债务提前下达-积极财政政策保障稳增长",申万宏源
2019-01-07,银行行业周报(第一周),正点财经
2019-01-07,"银行行业月报:上行动力不足,信用疏通有待观察",证券之星
2019-01-06,【华泰金融沈娟团队】央行逆周期调控加速，金融板块率先受益—行业周报第1周【证券研究报告】,华泰金融研究全新平台
2019-01-05,“断直连”冲刺：支付生态迎变 中小支付机构的“生死场”,21世纪经济报道
2019-01-04,光大银行违反清算管理等规定被罚没近千万 其他违规处罚,每经网
2019-01-04,光大银行武汉分行因清算违规被罚近千万元 其他违规处罚,中金在线
2019-01-03,零售金融周报：招行已完成“全面无卡化改造”,零壹财经
2019-01-03,截至2018年底光大银行累计已有73万光大转债转为A股,新浪
2019-01-03,上调评级至买入策略选股（1月3日）,Wind
2019-01-03,33股获券商买入评级 宋城演艺目标涨幅达82.48%,Wind
2019-01-02,"申万宏源：将光大银行评级调高为""买入""",Wind
2019-01-02,"光大银行:韬光养晦,谋机发力,上调评级至买入",申万宏源
2019-01-01,公募托管市场蛋糕或重新划分 银行理财子公司、QDLP等新托管业务机会浮现,每日经济新闻
2019-01-01,【华泰金融沈娟团队】大金融基本面稳健，2019年政策和市场有望迎接更多催化—2019年金融动态第1期【证券研究报告】,华泰金融研究全新平台
2018-12-28,【头条研报】永续债缓解资本压力 银行或迎利好,新浪
2018-12-24,光大银行：悉尼分行获当地监管部门批准,e公司
2018-12-24,第三方支付基本接入网联 后者“尚未参与利润分配”,新浪
2018-12-21,【华泰证券研究所】每日晨会启明星20181221,华泰证券研究所
2018-12-20,1%与20%，中外银行业金融科技投入的真实差距 | 馨金融,野马财经
2018-12-20,减持预期远超增持，逾300家公司计划减持,证券时报
2018-12-19,银行股再融资方案年底密集获批,大众证券报
2018-12-19,券商评级:三大股指全线走弱 九股迎腾飞契机,中财网
2018-12-17,上市银行再融资公告频现,广州日报
2018-12-14,旅游酒店：中青旅参与设立消费金融公司 九华旅游实控人变更 控制人变化,和讯
2018-12-14,银行补充一级资本“高潮期”：一日内，两银行宣布750亿优先股方案,21经济网
2018-12-14,理财市场新人将有新玩法,经济日报
2018-12-14,中信光大两大银行各推优先股计划 多家银行花式补血,新浪
2018-12-14,14日早间两市重要公司新闻速递,证券时报网
2018-12-14,光大银行(06818-HK)获准发350亿人民币优先股,财华社
2018-12-13,加紧“补血” 中信银行光大银行均推优先股融资计划,中金在线
2018-12-13,A股头条之上市公司公告精选（12.14）,金融界
2018-12-13,光大银行：发行优先股事项获银保监会批复 募资不超350亿元,e公司
2018-12-13,远兴能源破冰市场化债转股 “棋子”中源化学再腾挪,21世纪经济报道
2018-12-13,"餐饮旅游行业周报:中青旅设立消费金融公司,虹桥进境免税店开业",渤海证券
2018-12-11,16家全国性银行营收增幅分化明显 资产质量有所改善,投资时报
2018-12-11,大额罚单剑指银行理财： 浙商、民生等6家银行被罚1.56亿 其他违规处罚,中金在线
2018-12-11,中信浙商等6家银行再遭重罚1.563亿 其他违规处罚,投资快报
2018-12-10,银保监会向6家银行开出10张罚单 其他违规处罚,中金在线
2018-12-10,零售金融周报：360金融12月14日登陆纽交所，6家银行被罚1.56亿 其他违规处罚,零壹财经
2018-12-08,光大银行武健：打破资金之困 支持民营企业转型升级,e公司
2018-12-08,银保监会公布10张罚单 罚没浙商等6银行逾1.5亿 其他违规处罚,每日经济新闻
2018-12-08,细究银保监会1.56亿元罚款：6家银行受罚，聚焦理财违规 其他违规处罚,澎湃新闻
2018-12-07,6家银行遭罚1.56亿！银保监会连开10张巨额罚单，理财承诺刚兑、违规“输血”楼市成重灾区 其他违规处罚,证券时报网
2018-12-07,银保监会一日公布5张千万级罚单！涉民生银行、中信银行 其他违规处罚,中新经纬
2018-12-07,又出大额罚单！6银行被银保监会共罚没逾1.5亿元 其他违规处罚,中证网
2018-12-07,光大银行被罚1120万元：以误导方式违规销售理财产品 其他违规处罚,新浪
2018-12-07,银保监会一次开出10张巨额罚单，罚金合计1.56亿元,Wind
2018-12-07,惠州：上月二手房交易面积46万平方米 环比增48.9%,南方日报
2018-12-07,因涉外汇违规，东亚等4家银行被罚逾700万元 其他违规处罚,国际金融报
2018-12-06,有人6000多万换汇买“豪宅”！外管局最新罚单来了 其他违规处罚,中国基金报
2018-12-06,外汇局：民生东亚等四银行因涉外汇违规被罚700万 其他违规处罚,新浪
2018-12-03,光大银行拟为18威高SCP004创设2.5亿元信用风险缓释凭证,中证网
2018-12-03,A股收官行情值得期待，机构扎堆相中三大行业,证券日报
2018-11-27,中国首家农服平台以服务业模式“降维”化解农业瓶颈,经济观察网
2018-11-26,六家银行因保险销售违规被罚168万元 电话误导成重灾区 其他违规处罚,每日经济新闻
2018-11-26,光大银行迎70后新行长 葛海蛟接棒张金良,国际金融报
2018-11-24,光大银行迎来70后新行长葛海蛟正式接棒张金良,搜狐
2018-11-23,光大银行新行长人选落定 董事会聘任葛海蛟为行长,北京商报
2018-11-23,股份行迎来首位70后行长：47岁葛海蛟履新光大银行行长,澎湃新闻
2018-11-20,光大银行熊福林：愿意为同业输出光大云缴费,中国经营网
2018-11-20,光大银行电子银行部副总经理熊福林出席,新浪
2018-11-19,光大银行与光谷开展战略合作 预计5年内累计支持规模总额500亿元,e公司
2018-11-16,中行建行相继宣布设立理财子公司，出资额远超股份行、城商行,国际金融报
2018-11-16,13家A股上市银行：减员趋势渐显,零壹财经
2018-11-14,腾讯云分布式技术助力光大银行互联网架构转型,腾讯网
2018-11-12,光大集团副总经理葛海蛟出任光大银行行长,每日经济新闻
2018-11-06,光大银行四个“一视同仁”助力民企发展,中国经济网
2018-11-06,【固收黄伟平】银行、油化是少有亮点——2018Q3转债正股业绩点评,兴证研究
2018-11-02,光大银行:进一步加大不良确认和处置力度,国信证券
2018-11-01,【银行】光大银行：息差走阔促营收表现向好，不良生成放缓资产质量可控,中银国际证券研究
2018-11-01,【银行】光大银行：利息及非息收入皆强势，利润存释放空间,天风研究
2018-10-31,前三季度八大股份制银行日赚11.73亿,中金在线
2018-10-31,息差、中收双重驱动 光大银行前三季度营收增幅18%,经济观察网
2018-10-31,国有五大行前三季净利增速超5%，股份行资产质量喜忧参半,澎湃新闻
2018-10-31,【申万宏源金融】光大银行三季报点评：不良生成显著下降，业绩增长再创新高,大金融研究
2018-10-30,光大银行前三季度净利增9.1% 不良率微降,第一财经
2018-10-30,光大银行2018年前三季度营业收入增幅超18%,新华网
2018-10-30,光大银行：前三季度营业收入同比增长18.26%,中证网
2018-10-30,光大银行：前三季度净利润同比增9.15%,Wind
2018-10-30,光大银行：前三季度净利278亿元 同比增9%,e公司
2018-10-26,主力资金净流出两连降 银行地产联袂吸金,中证报
2018-10-24,银行股午前发力,Wind
2018-10-23,逾4000亿资金在路上：银行补血对抗资本充足率压力,第一财经
2018-10-23,光大手机银行客户数量已突破4500万户,新浪
2018-09-26,光大控股旗下光控融金科技联手光大银行助力智慧养老发展,南方财富网
2018-09-25,【海通银行团队】周报：理财平等化逐步落实，加大股票配置还需时间,HaitongBKResearch
2018-09-21,光大银行与裕福集团联名信用卡面市 打造金融服务新生态,中新网
2018-09-18,四大行罕见集体缺席：为何对资管子公司迟迟按兵不动,新浪
2018-09-18,浦发信用卡增量负增长 上半年透支余额缩水,投资快报
2018-09-17,光大银行斥资6亿元参设消费金融公司,证券日报
2018-09-17,光大银行消金“牌照”之痛：申请三年无果,新浪
2018-09-16,银行:行业个股普遍破净,金融投资报
2018-09-15,国家队坚守“痴心”不改低估值大金融迎布局良机,金融投资报
2018-09-14,7月银行理财规模反弹 前20家银行总体环比小幅增长,21世纪经济报道
2018-09-13,浦发信用卡黑马成色褪去：增量负增长 透支余额缩水,新浪
2018-09-12,5元以下个股较年初增逾两倍 机构重仓187只低估值股,证券日报
2018-09-11,银行信用卡策略分化：4银行发卡量破1亿，7银行交易额超1万亿,21世纪经济报道
2018-09-11,16家银行工资排行榜曝光 你的银行排第几？,中金在线
2018-09-07,以工匠精神追求卓越，光大银行实现对公开户四位一体,金融投资报
2018-09-06,工行又一副行长王敬东离任，传将任农行党委副书记、监事长,搜狐
2018-09-06,54股获券商买入评级 中国国航目标涨幅达80.58%,Wind
2018-09-05,光大银行资产管理行政业务三年平均增长率达127%,金融投资报
2018-09-04,光大银行：息差走阔带动营收增长 手续费收入表现亮眼,中银国际
2018-09-04,【银行】保持定力，稳健经营,中信证券研究
2018-09-03,【海通银行团队】周报：中报盈利处上升通道，关注中小行息差改善趋势,HaitongBKResearch
2018-09-03,光大银行一员工因参与非法集资被禁业终身,财经网
2018-09-03,银行非息收入不降反升卡手续费与新金融准则成亮点,证券时报
2018-08-31,光大银行两名副行长因年龄原因辞职,中国经济网
2018-08-31,光大银行：执行董事、副行长辞任 董监高成员变化,金融界
2018-08-30,国信证券：上调光大银行评级至增持,Wind
2018-08-30,【华泰金融沈娟团队】营收增速提升，息差继续修复—光大银行(601818)中报点评【证券研究报告】,华泰金融研究全新平台
2018-08-30,光大银行上半年净利同比增长6.65% 零售利润增幅超三成,证券日报
2018-08-29,【国信银行】光大银行中报点评：净息差改善，不良确认更加严格,国信金融研究
2018-08-29,光大银行息差回升 理财产品余额半年缩减逾12%,第一财经
2018-08-29,光大银行坚定财富管理银行战略 上半年营收增长12.73%,中国网
2018-08-29,光大银行上半年实现净利润181.01亿元 同比增长6.65%,金融界
2018-08-29,2018一季银行业薪酬揭秘：浦发人均薪酬最高农行最低,新浪
2018-08-28,号外|光大银行2018上半年净利润181亿 不良率微降,网易
2018-08-28,光大银行上半年净利润增长6.65% 互联网贷款余额大涨,中金在线
2018-08-28,光大银行上半年净利润增长6.65% 不良率较年初微降,21世纪经济报道
2018-08-28,光大银行上半年净利润181亿 不良率下降至1.51%,和讯
2018-08-28,质效并举稳中求进光大银行2018年上半年营业收入增长12.73%,新华网
2018-08-28,光大银行上半年营业收入超500亿，不良率微降至1.51%,搜狐
2018-08-28,光大银行：上半年净利181亿元 同比增长6.7%,e公司
2018-08-28,光大银行：上半年净利润180.75亿元，同比增长6.71%,Wind
2018-08-28,【华泰交运】粤高速A中报点评：扣非业绩符合预期，主业稳健增长,华泰交运沈晓峰团队
2018-08-24,苏宁支付携手银行立减让利再度来袭 将省钱进行到底,南方财富网
2018-08-23,光大京东金融共推joy&doga卡 合力精耕宠物经济,北国网
2018-08-22,光大银行行长张金良辞任 董监高成员变化,证券时报网
2018-08-22,光大银行：张金良因工作调整，辞去公司行长职务,Wind
2018-08-21,光大集团张金良赴任中国邮政总经理，有望执掌邮储银行,财经杂志
2018-08-21,[优于大市评级]银行行业周报：2Q行业息差环比提高 信用风险分化,中财网
2018-08-21,张金良告别光大银行 出任邮政集团总经理党委副书记,证券时报
2018-08-20,光大银行行长张金良调任邮政集团总经理,21世纪经济报道
2018-08-18,新世代消费成长手册 ——看光大信用卡如何“懂你”,新华网
2018-08-16,光大银行：“云缴费”革了命，消金公司设立一言难尽,零壹财经
2018-08-15,[优于大市评级]银行行业周报：7月信贷放量 社融增速有望企稳,中财网
2018-08-11,北上资金踏准伊利股份反弹,大众证券报
2018-08-09,采访札记｜光大控股：做领先的跨境资产管理专家，立足香江顺势而为,中国基金报
2018-08-06,【海通银行团队】月报：去杠杆趋稳、政策微调，把握中报期确定性机会,HaitongBKResearch
2018-08-06,光大银行副行长：区块链平台为新技术应用提供支撑,Bianews
2018-08-02,光大银行“房抵快贷”线上申贷服务正式上线,金融投资报
2018-08-01,从“知识”到“资本”需要跨过几道坎？,中国经济网
2018-07-31,[买入评级]光大银行(601818)深度研究：十年磨一剑 砺得梅花香,中财网
2018-07-31,52股获券商买入评级，光大银行目标涨幅达68.03%,Wind
2018-07-26,央行出手，近5200万罕见巨额罚单！光大银行、民生银行、华泰证券中招，都因为这事！ 金融监管处罚,中国基金报
2018-07-24,地产股平均市盈率不到11倍，开发商打响股价保卫战,36氪
2018-07-24,[增持评级]评偏股基金2018Q2银行股持仓(银行行业)：仓位估值双低 政策微调回升可期,中财网
2018-07-20,从一季报看新金融工具准则对上市银行的影响,证券市场周刊
2018-07-20,中国上市公司协会联合沪深交易所发布A股上市公司现金分红榜单,中上协
2018-07-20,【天风研究·固收】信用早早报（7月20日）,固收彬法
2018-07-19,中青旅股票分析：古北股权有望落地,华泰证券
2018-07-19,财融汇·早间必读 | 20180719,财通证券融资融券部
2018-07-18,光大银行今日大宗交易成交180万股，成交价3.25元折价9.97%,Wind资讯
2018-07-18,股东、高管出招难改颓势，17家银行破净,21世纪经济报道
2018-07-18,浙商银行“回A”计划持续推进 时隔8年A股再迎股份制银行IPO,证券日报
2018-07-17,地产股平均市盈率不到11倍 集体回购打响股价保卫战,第一财经
2018-07-16,2018全球银行1000强榜单发布 光大银行排名跃升十个位次,银河证券
2018-07-13,看中“新能源”大商机 入伙合众“共享”蛋糕,苏南网
2018-07-12,光大银行“小微经”：破解知识产权质押难题 广州分行推千户计划,中国网
2018-07-10,专业引领 合作共赢 光大银行推出“阳光再保理”业务,南方财富网
2018-07-10,服务咋做好 按您说的办 光大银行举办“特约体验官”交流会,南方财富网
2018-07-10,光大银行在线融资自动化审批业务实现首笔放款,南方财富网
2018-07-10,光大银行电子银行业务一季度快速发展,南方财富网
2018-07-10,“全程通”成为光大银行完整汽车金融融资供应链产品,南方财富网
2018-07-10,释放改革活力发挥科技实力 中国光大银行成立汽车金融事业中心,南方财富网
2018-07-10,中国光大银行与中国银联签署战略合作协议,南方财富网
2018-07-10,建行、光大银行 荣获2017年度最具社会责任金融机构奖,金融界
2018-07-10,光大潘东：在资管转型关头要行动也要讲情怀讲责任感,新浪
2018-07-10,投资方京能集团撒手古北水镇 此时接盘控股“独角兽”中青旅准备好了吗,每日经济新闻
2018-07-04,全球银行千强2018排名揭晓 光大银行名次大幅提升,中新网
2018-07-03,光大银行可转债上半年累计转股12.1万股,证券时报网
2018-06-30,华泰金融：银行系债转股子公司管理办法落地,Wind
2018-06-29,交易商协会：给予光大银行诫勉谈话处分,Wind
2018-06-29,光大银行首张红色主题信用卡在湘发行,财经网
2018-06-28,关于公布能力建设水平测试获证学员名单的通知,银行间市场协会
2018-06-27,银行行业观点聚焦：如何看待银行股大幅调整?,中财网
2018-06-22,光大银行：2017年度股东大会决议公告,上交所
2018-06-21,[增持评级]银行行业周报：紧信用传导至信用债 关注信用风险变化,中财网
2018-06-21,光大银行海口分行 总资产520多亿,海口网
2018-06-21,北京新增住户贷款环比升96%： 股份行房贷普遍“吃紧”,21世纪经济报道
2018-06-15,老兵掉队，港股“支付第一股”汇付天下业绩烦恼,阿尔法工场研究院
2018-06-15,[增持评级]监管政策解读系列之三(银行行业)：存款偏离度的前世今生,中财网
2018-06-14,银行股集中破净的背后：或因强监管下市场担忧导致,Wind
2018-06-14,光大银行汽车金融事业中心成立,和讯
2018-06-13,筹备三年的光大消费金融公司发起股东生变： 世纪瑞尔宣布退出,华夏时报
2018-06-12,[增持评级]银行行业周报：存款偏离度适度放松 关注信用风险变化,中财网
2018-06-11,世纪瑞尔退出参股光大消费金融公司 筹谋两年多无结果,e公司
2018-06-11,光大云缴费服务项目突破2500项,金融界
2018-06-11,今年以来光大银行“云缴费”交易量突破600亿元,中国金融信息网
2018-06-08,A股破净股两个月增近9成，机构调研个股偏向五大行业,--
2018-06-08,光大在线融资自动化审批业务实现首笔放款,中证网
2018-06-06,光大银行再下一城，成立汽车金融领域事业中心,和讯
2018-06-05,两个月内第六家 光大银行拟出资50亿设立资管子公司,国际金融报
2018-06-05,中国光大银行成立汽车金融事业中心,证券日报
2018-06-05,发力大农业 汇源模式助推乡村振兴,新京报
2018-06-04,[增持评级]银行行业月报：6月：利空落地 预期改善 稳健为先,中财网
2018-06-04,[增持评级]银行行业周报：联合授信约束银企 MLF押品扩容非宽松信号,中财网
2018-06-04,[增持评级]联合授信管理办法点评(银行行业)：约束过度融资 从银行端去企业杠杆,中财网
2018-06-04,[增持评级]银行行业信息点评：引导市场预期 非货币放松-MLF押品扩容点评,中财网
2018-06-04,光大银行举办“特约体验官”交流会,金融界
2018-06-03,A股破净股已多达115只！半月来增加40%,--
2018-06-01,晚间重要公告2018年6月1日星期五,--
2018-06-01,宇信科技荣获光大银行“2017年开发服务优秀IT供应商”称号,DoNews
2018-06-01,“全程通”成为光大银行完整汽车金融融资供应链产品,和讯
2018-05-31,盘活美丽乡村三要素 “汇源模式”助力乡村振兴,中新网
2018-05-31,银行牵手互金巨头又迎小高潮：从“门当户对”到“多对多”,第一财经
2018-05-30,蚂蚁金服牵手浦发银行 在人工智能、生物识别等多维度开展合作,云掌财经
2018-05-30,光大银行电子银行业务一季度快速发展,金融投资报
2018-05-30,京东与中国光大签署战略合作协议 将开展多领域全方位合作,腾讯网
2018-05-29,光大集团挨个牵手金融科技巨头 BATJ就差百度,21世纪经济报道
2018-05-29,蚂蚁金服密集开放银行技术合作 称“从没想过做金融机构”,21世纪经济报道
2018-05-29,2018 DAMS中国数据资产管理峰会亮点抢先看！,飞象网
2018-05-26,光大银行结盟BAT谋金融服务新场景,中国经营网
2018-05-24,[数说]破净潮来袭 又一银行连续20日破净出手救价,金融界
2018-05-22,光大银行与蚂蚁金服展开战略合作 探索数字化转型,北京商报
2018-05-22,号外|余额宝将有更多基金接入 分析称收益率或提升,网易
2018-05-22,蚂蚁金服携手光大银行 科技能力向金融业开放加速,中国网
2018-05-22,蚂蚁金服与光大银行进行战略合作,金融界
2018-05-22,蚂蚁金服与光大银行签合作协议 开放Tech+Fin能力,新浪
2018-05-22,光大银行、光大科技与蚂蚁金服达成战略合作,中国网
2018-05-22,光大银行与蚂蚁金服战略合作 在云缴费等重点业务合作,金融界
2018-05-22,光大银行优化海关税费担保支付模式,金融界
2018-05-22,关于公布中国银行间市场交易商协会第四届金融衍生品专业委员会委员名单的公告,银行间市场协会
2018-05-17,[增持评级]解读一季度货币政策执行报告(银行行业)：贷款利率上行 存款利率延续自律管理,中财网
2018-05-17,光大银行首笔云链保理业务成功落地,金融时报
2018-05-16,光大银行与银联合作，互联网金融将成为2018年利润增长的主要驱动因素,零壹财经
2018-05-15,民生银行设立科技公司，银行系科技公司能成功吗,21世纪经济报道
2018-05-15,[增持评级]银行行业周报：社融向好 关注信用风险分化,中财网
2018-05-15,[增持评级]4月金融数据点评(银行行业)：企业贷款供需趋向平衡 债券融资持续回暖,中财网
2018-05-14,光大银行牵手中国银联 在互联网金融等多个领域展开合作,证券时报
2018-05-14,【中信建投银行杨荣】银行业周报116期：《1QROE和贷款利率均环比回升》,eResearch杨荣团队
2018-05-14,做乡村振兴的企业榜样 汇源大农业未来可期,中新网
2018-05-14,【晨会0514】信用风险中的“危”与“机；粤港澳大湾区专题；广汽集团；海源机械,中信证券研究
2018-05-11,中国光大银行与中国银联签署战略合作协议 在互联网金融等多个领域展开合作,新华网
2018-05-10,人社部调整部分企业年金基金管理机构资格 暂未涉及公募基金和券商,21世纪经济报道
2018-05-10,72股破净平均打“九折” 银行地产成为“重灾区”,投资快报
2018-05-08,同业负债压降幅度最大：光大银行,证券时报
2018-05-04,链融天下 光启未来 中企云链牵手光大银行全面开启普惠时代,财经网
2018-05-04,上市银行：资产质量持续改善 强化全面风险管理,金融时报
2018-05-03,“国家队”频繁进出金融股 大举增持券商股,财界网
2018-05-03,专业引领 合作共赢 光大银行创新推出“阳光再保理”业务,金融投资报
2018-05-02,证金频繁进出金融股！大举增持15只券商股，晋级7券商前三大股东,--
2018-05-02,证金进出金融股:增持15只券商股晋级7券商前三股东,顶尖财经网
2018-04-30,中金：内银股季绩符预期 看好中行(03988)及光大银行(06818),智通财经
2018-04-28,让信用为阅读注入鲜活动力 咿啦看书联合光大银行推出联名信用卡,东方网
2018-04-28,上市银行一季度成绩单：资产质量好转 资本仍吃紧,第一财经日报
2018-04-28,光大银行(06818-HK)首季多赚5.5% 净利息收益率升6个基点,财华社
2018-04-28,8家股份行去年成绩单：招行不良资产双降，浦发等3家双升,澎湃新闻
2018-04-28,光大银行一季度实现净利90.71亿元 同比增长5.49%,中国金融新闻网
2018-04-28,光大银行一季度净利润90.71亿 同比增长5.49％,金融界
2018-04-26,NTT DATA为光大银行实现理财XBRL直联报送,财经网
2018-04-24,汇源集团与光大银行达成全面战略合作,中新网
2018-04-20,“逆袭”负债业务 光大存款成本下降5个基点,金融界
2018-04-20,银行理财子公司跑步进场了！,中国基金报
2018-04-18,银行系金融科技大反攻：建行进场 兴业招行等蓄谋已久,金融界
2018-04-18,[推荐评级]央行下调部分存准点评(银行行业)：央行降准置换MLF 支持中小微企业,中财网
2018-04-18,光大银行“养福全程通” 助力养老服务业,投资快报
2018-04-18,光大银行首笔云链保理业务落地,杭州网
2018-04-17,突出个性化 丰富产品线 光大银行提升私行“家族办公室”专业水准,金融投资报
2018-04-16,[增持评级]评存款利率自律上限或放开(银行行业)：缓释小行压力 银行分化格局延续,中财网
2018-04-16,[增持评级]点评3月金融统计数据和社融数据(银行行业)：贷款额度紧张 紧信用去杠杆推进,中财网
2018-04-13,回本源才能稳发展、防风险 光大银行如何保障负债业务良好增长？,金融投资网
2018-04-13,打造境内外一体化服务 光大银行境外机构数量后来居上,银河证券
2018-04-11,光大银行：打造阳光金融，推动绿色经济,金融投资报
2018-04-11,哪些股份行在闷声发大财？1天入账1.49亿元,新浪
2018-04-11,上市银行防风险能力进一步增强,中国经济网
2018-04-11,银行板块存三大上行动能 7只破净股被机构集体看好,证券日报
2018-04-10,光大银行常务副行长马腾辞职,北京商报
2018-04-10,光大银行：执行董事、常务副行长马腾因工作调整辞任,中国网
2018-04-09,光大银行副董事长高云龙辞职,证券时报网
2018-04-09,光大银行：高云龙辞去该行副董事长、非执行董事等职务,中国网
2018-04-09,光大银行(06818-HK)：高云龙辞任副董事长等职,财华社
2018-04-09,光大银行“阳光财富·公积金企业捷算通”交易金额超10亿元,金融界
2018-04-08,[增持评级]上市银行2017年年报评述：息差升不良降 利润增速改善,中财网
2018-04-07,[推荐评级]上市银行2017年年报综述(银行行业)：息差、资产质量均向好 存款决定扩张能力,中财网
2018-04-04,【年报】光大银行：优化结构、加快转型，发展质量和效益明显提升,金融投资网
2018-04-04,光大银行应用大数据技术 提升业务风险预警能力,金融投资报
2018-04-04,光大银行、光大永明人寿、燕赵财险在冀签署战略合作协议 为客户提供综合金融服务,和讯
2018-04-03,新华社评论上市银行2017年报：盈利能力回升，资产质量趋稳,Wind
2018-04-03,打造境内外一体化服务平台 光大银行境外机构数量后来居上,金融投资报
2018-04-03,证金四季度“大手笔”增持银行及保险股,Wind
2018-04-03,年报透露“国家队”动向：加码高新技术公司,--
2018-04-02,光大银行携手邦盛科技 机器学习技术为智能反欺诈提供新思路,DoNews
2018-04-02,条码支付大调整，交行、光大率先表态支持“断直连”,Wind
2018-04-02,174股获券商买入评级 华夏幸福目标涨幅达103.29%,Wind
2018-04-02,光大银行净利增4% 盈利能力微降,长江商报
2018-04-02,银行“不良”动向：两区域风险继续暴露 批发零售向好,证券时报
2018-04-01,[增持评级]光大银行(601818)年报点评：息差已见拐点 受益拨备新政,中财网
2018-03-31,三月创业板指创两年最大月涨幅 四月机构扎堆看好银行等四行业,中财网
2018-03-31,光大银行高管详解数字化转型 高管详解数字化转型,中国经营网
2018-03-30,光大集团发布2017年经营业绩：开启建设“一流银行”新征程,金融时报
2018-03-30,光大银行：2017年贸易融资余额达2939.5亿元,中证网
2018-03-30,光大现金管理云服务正式启航,和讯
2018-03-30,[增持评级]深度*公司*光大银行(601818)年报点评：积极调整资负结构 资产质量处改善通道,中财网
2018-03-30,光大银行五年蓝图：夯实产融结合与联动发展“两柱”,证券日报
2018-03-30,"光大银行:缩表宣告结束,分红率回归30%",申万宏源
2018-03-29,光大银行中间业务收入增9.47%，拟每年利润2%投入科技创新,21世纪经济报道
2018-03-29,现金也可“云”上管 光大银行现金管理云服务启航,中国经济网
2018-03-29,[推荐评级]光大银行(601818/06818.HK)年报点评：分红率重回30%;预计1H18迎来业绩拐点,中财网
2018-03-29,证金公司开启扫货模式大幅增持多家公司,顶尖财经网
2018-03-29,"光大银行2017年报点评:资产质量持续改善,分红比例翻倍",东吴证券
2018-03-28,公告精选：多家券商、银行去年四季度获证金增持；科大讯飞净利同比下降10%，拟10转5派1元,每经网
2018-03-28,光大银行净利润316.11亿元 核销呆账 60.07 亿元,华夏时报网
2018-03-28,光大银行集团：2017年实现净利润同比增长4.02%,中证网
2018-03-28,公告精选：国金证券、光大银行等获证金公司增持,e公司
2018-03-28,光大银行：2017年实现净利润316.11亿元 同比增长4.02%,和讯
2018-03-28,光大银行：2017年净利润同比增4.01%，汇金减持,Wind
2018-03-28,光大银行去年净利润增长4.01%至315.45亿元 不良率下降,中国网
2018-03-28,光大银行2017年实现净利润316亿 同比增长4.02%,新浪
2018-03-28,光大银行2017年实现净利316.11亿元 同比增长4.02%,新浪
2018-03-28,光大银行：2017年净利同比增4% 获证金公司增持,e公司
2018-03-28,光大银行：2017年净利润315亿元人民币 市场预估296.2亿,金融界
2018-03-28,银行资管子公司设立待批复 银行理财产品具体形态存疑,21世纪经济报道
2018-03-26,碧水源商务纳滤直饮机进驻光大银行,财经网
2018-03-26,招行发起设立招银资管 有望后发先至拿下牌照,证券时报
2018-03-26,做客户的财富管理者,金融时报
2018-03-23,光大银行发行价是多少？光大银行官网简介,财富动力网
2018-03-23,光大银行成都分行深入道孚县开展对口扶贫工作,金融投资报
2018-03-21,用科技推动中国普惠金融市场爆发式增长,财经网
2018-03-20,光大银行董事长李晓鹏任职资格获银监会核准,北京商报
2018-03-20,光大银行委任李晓鹏为董事长获中国银监会核准,智通财经
2018-03-20,光大银行(06818-HK)：银监会核准李晓鹏为公司非执行董事及董事长任职资格,金融界
2018-03-19,[推荐评级]2月信贷收支表点评：股权及其他投资净减少 结构性存款增长趋稳,中财网
2018-03-18,光大银行人贷款规模突破5000亿 银保合作驶入快车道,金融时报
2018-03-15,广东珠江投资管理集团有限公司关于为合并范围外主体提供担保总额累计超过净资产50％的公告,Wind
2018-03-14,满300减100！京东支付光大信用卡新年狂欢活动持续进行中,苏南网
2018-03-12,[推荐评级]银行行业简评报告：信贷管理具有弹性 贷款利率仍有上升空间,中财网
2018-03-08,[推荐评级]银监7号文点评(银行行业)：拨备要求略降 总体影响有限,中财网
2018-03-07,[增持评级]评银监会调整贷款损失准备监管要求(银行/银行Ⅱ行业)：拨备监管差异化 资本压力缓释,中财网
2018-03-07,【国信转债】转债“大时代”系列专题之五：银行业转债分析手册,国信固收研究
2018-03-07,26家A股银行2017三季报拨备覆盖率放榜：南京银行最高 浦发、工行不足150%,每经网
2018-03-05,【国信宏观固收】转债周报：关注正股高分红转债的布局机会,国信固收研究
2018-03-05,银行行业观点聚焦：无需悲观 看好未来两年行业景气度,中财网
2018-03-04,银行还会缩表么？,格隆汇
2018-03-03,当年没买的保险，现在后悔了吗？,新浪
2018-03-03,市场大跌后增持潮涌现 股东展开抢红包大战,全景网
2018-03-02,【华泰金股月报】三月金股推荐,华泰证券研究所
2018-03-01,光大银行换帅 李晓鹏接替唐双宁出任集团董事长,金融界
2018-02-22,中金对内银股最新投资评级及目标价(表),金融界
2018-02-22,中金：银行板块调整结束 盈利料继续提升,新浪
2018-02-19,光大银行：确定长期方向，改革蓄势待发,南方财富网
2018-02-13,融资客青睐26股，光大证券买入占比高达61.28％,Wind
2018-02-13,光大银行：2月12日融资余额为20.07亿元，较前一日骤增5.54%,Wind资讯
2018-02-12,短线防风险23只股短期均线现死叉,证券之星
2018-02-12,220只个股跌破发行价，不破不立细捡“三破”股投资机会,证券日报
2018-02-12,银行董事长私自违规出具电子银行承兑汇票7060万元 金融监管处罚,腾讯网
2018-02-11,【华泰金融沈娟团队】2017年满意收官，行业稳中向好—评银监会四季度监管指标【证券研究报告】,华泰金融研究全新平台
2018-02-11,[增持评级]评银监会四季度监管指标(银行/银行Ⅱ行业)：2017年满意收官 行业稳中向好,中财网
2018-02-09,交行债券承销居第五 兴业逐渐领跑股份行,每经网
2018-02-08,38股获券商买入评级，金达威目标涨幅达72.15%,Wind
2018-02-07,2月7日有111家公司获重要股东增减持 欧亚集团已被连续增持172次,Wind
2018-02-07,【中证盘前播报】牛散吕小奇因强平被动减持欧浦智网，獐子岛拟引入战投，8公司质押股票或被平仓致停牌，美股低开高走，欧股继续下跌,中证报
2018-02-07,华创事件驱动早报2-7：一线房企销售额纷纷大增；居民春节出游意愿强,华创证券研究
2018-02-07,A股头条：6家首发上会4家通过 美股上演过山车行情,金融界
2018-02-06,城投控股：今日出售光大银行9597万股 获利1.8亿元,e公司
2018-02-06,午间研报精选：机构重点关注山西汾酒等5股,和讯
2018-02-06,确定长期方向，改革蓄势待发,红周刊
2018-02-06,“估值重构+避险需求”助银行股再度走强,e公司
2018-02-06,逾百股紧急停牌或藏玄机 沪指拉升80点 靠一板块,中财网
2018-02-06,光大银行涉农贷款大幅增加,金融界
2018-02-06,银行板块逆市吸金41.26亿 机构集中推荐15只个股,证券日报
2018-02-05,银行股持续发酵，中信银行逼近涨停,Wind
2018-02-05,【中信建投银行杨荣】银行业周报103期：《股份行资产负债增速触底， 未来3年行业ROE持续回升》,eResearch杨荣团队
2018-02-05,金融：未来3年行业ROE持续回升 荐8股,中信建投
2018-02-02,“仙股”重现A股市场 四指标精选8只5元以下优质股,证券日报
2018-02-01,光大银行推出“阳光融e链”在线供应链产品,中国经济网
2018-01-31,[推荐评级]发改委债转股通知点评(银行行业)：认可现行模式 短期大量落地可能性不高,中财网
2018-01-31,银行、保险股表现强势，中国平安升近2%,Wind
2018-01-30,光大银行 资负结构积极调整 资产质量处改善通道 强烈推荐评级,民生证券
2018-01-29,大和升光大银行(06818.HK)评级至「持有」 目标价上调至4.6元,金融界
2018-01-26,熊福林：银行面临着产品少获客难等痛点,金融界
2018-01-19,工农建三大行齐创新高，9只银行股对H股全面溢价,Wind
2018-01-18,川煤集团再曝债券违约 曾遭光大银行起诉,中金在线
2018-01-12,金融监管解读系列之二：委托贷款回本源去通道,中财网
2018-01-10,金融监管解读系列之一：加强银行大额风险暴露监管防风险传染,中财网
2018-01-09,货币银行系列之一:LCR不影响银行资金融出意愿,中国网
2018-01-05,东方银星2017年业绩预增586%~701% 与光大银行债务豁免增利近千万,号外财经网
2018-01-04,光大银行：第七届董事会第十七次会议决议公告,上交所
2018-01-03,保千里10亿银行债务困局：不排除后续仍有“抽贷”行为,21世纪经济报道
2018-01-02,推进“人人精准扶贫”项目建设光大银行省级电商平台“山东购精彩”上线,金融投资网
2018-01-02,光大银行服务自贸区总资产达360亿,南方财富网
