date,sentence,col3
2021-12-31,煤炭坐上“过山车”：价格疯涨后企稳回落,中国经营网
2021-12-30,中国神华、陕西煤业、兖州煤业，谁是成长能力最强的动力煤企业？,Ofweek
2021-12-30,中煤能源：蒙陕地区煤化工项目采购公司内部煤矿煤炭191万吨,每日经济新闻
2021-12-30,中煤能源：公司所产甲醇主要为自用，少部分外销,每日经济新闻
2021-12-28,港股异动︱港股煤炭股板块今日集体下跌 兖州煤业股份(01171)跌超5% 中煤能源(01898)领跌板块,智通财经
2021-12-28,【行情】港股煤炭股齐挫，中煤能源(01898.HK)跌6.4%，兖州煤业(01171.HK)跌近5%，易大宗(01733.HK)跌3.7%，中国神华(01088.HK)、首钢资源(00639.HK)跌,金十数据
2021-12-23,海通证券：11月原煤产量继续加速释放，关注转型煤企投资机会,财联社
2021-12-21,【动力煤】日报-2021-12-20 增产降耗增储背景下动力煤期价震荡运行,英大期货
2021-12-17,中煤能源(601898.SH)：子公司拟以1.36亿元购买京闽工贸56%股权,格隆汇
2021-12-17,中煤能源：中销公司将收购由中煤集团持有的京闽工贸公司56%股权，总代价为1.35亿元,Wind
2021-12-17,中煤能源：拟购买中国中煤能源集团有限公司持有的中煤京闽（福建）工贸有限公司56%股权,每日经济新闻
2021-12-17,中煤能源：目前暂无增持或回购股票的计划,每日经济新闻
2021-12-17,【港股通】中煤能源(01898):中销公司拟以1.36亿元收购京闽工贸56%股权,和讯
2021-12-17,中煤能源：董事会会议通过《关于中销公司收购中煤集团所持京闽工贸公司56%股权的议案》,Wind
2021-12-17,中煤能源(01898.HK)：中销公司拟收购京闽工贸公司56%股权,格隆汇
2021-12-17,中煤能源(601898.SH)拟收购京闽工贸56%股权拓展市场销售渠道,智通财经
2021-12-17,【异动股】中煤能源(01898.HK)跌3.59%,财华社
2021-12-17,【行情】煤炭股开盘强势，靖远煤电2连板，兖矿能源、中煤能源、兰花科创、潞安环能、电投能源等涨幅居前,金十数据
2021-12-17,A股早报2021年12月17日星期五,Wind
2021-12-17,每日理财观察：商务部将着力从三方面稳外贸稳产业链,Wind
2021-12-17,港股盘前必读：英国基准利率上调15个基点，美股全线下跌,Wind
2021-12-17,北上资金连续12天净买入，煤炭行业搭上氢能源快车,Wind
2021-12-16,【金财富早知道】2021-12-17,赢家之星
2021-12-16,白酒股怎么了？“两年十倍”白酒股大跌，机构与北向资金携手出逃近13亿元（名单）,21世纪经济报道
2021-12-16,中煤能源11月商品煤产量1009万吨,我的钢铁
2021-12-16,“煤制氢”来了，价值与成长双提升,Wind
2021-12-16,中煤能源(01898)前11月商品煤销量2.68亿吨 同比增长11%,智通财经
2021-12-16,中煤能源：11月商品煤销量同比下降17.2%,第一财经
2021-12-16,中煤能源(601898.SH)11月商品煤产量1009万吨 同比增长11%,智通财经
2021-12-16,中煤能源(601898.SH)：11月商品煤销量2044万吨 同比下降17.2%,格隆汇
2021-12-16,中煤能源：11月商品煤销量2044万吨，同比下降17.2%,Wind
2021-12-16,恒指收涨0.23%，医药股强势反弹、煤炭股爆发,Wind
2021-12-16,涨停板解密：政策利好，煤炭火爆引领市场！（12月16日）,Wind
2021-12-16,A股收盘综述：煤炭板块崛起、题材炒作翩翩起舞，汾酒换帅传言引发放量回调,Wind
2021-12-16,【异动股】煤炭行业板块拉升，中煤能源(601898.CN)涨10.06%,财华社
2021-12-16,煤炭概念午后持续走高，中煤能源、兖矿能源等多股涨停,Wind
2021-12-16,恒指午盘跌0.81%，煤炭股逆市大涨,Wind
2021-12-16,解盘：资金持续流入，煤炭、工业母机、大基建、网游领涨,Wind
2021-12-16,A股午盘综述：煤炭股火了，兖矿能源中煤能源等涨停！山西汾酒遭遇定向爆破,Wind
2021-12-16,上证资源指数上扬，中煤能源涨停，资源ETF(510410) 今年涨幅达40%,资本邦
2021-12-16,12月16日早盘主力巨资抢筹四大板块(附股),金融界
2021-12-16,煤价企稳回升，煤炭股领涨A股，中煤能源、兖矿能源等多股涨停,格隆汇
2021-12-16,煤炭股持续走强，中煤能源、山煤国际新晋涨停,Wind
2021-12-16,中煤能源封住涨停板，煤炭板块持续拉升,Wind
2021-12-16,港股异动︱港股煤炭股今日集体上涨 兖州煤业股份(01171)涨超12%领涨板块 中煤能源(01898)涨超6%,智通财经
2021-12-16,兖矿能源连续两日涨停提振煤炭板块，中煤能源、陕西煤业大涨,Wind
2021-12-16,【行情】港股碳中和概念股多数走高，兖州煤业股份(01171.HK)涨超13%，中煤能源(01898.HK)涨6.03%，保利协鑫能源(03800.HK)涨2.77%，福莱特玻璃(06865.HK)涨2,金十数据
2021-12-16,【行情】煤炭股开盘拉升，靖远煤电触及涨停，兖矿能源、中煤能源、华阳股份、陕西煤业、冀中能源跟涨,金十数据
2021-12-16,煤炭股盘初走强，靖远煤电涨停,Wind
2021-12-15,【行情】港股煤炭股午后持续走强，兖州煤业股份(01171.HK)涨5.43%，中煤能源(01898.HK)涨3.2%，中国神华(01088.HK)涨2%,金十数据
2021-12-15,兖矿能源冲击涨停提振煤炭板块，山西焦煤、中煤能源、陕西煤业等普涨,Wind
2021-12-09,中国神华、陕西煤业、中煤能源，这三家煤炭开采企业，谁的成长能力最强？,Ofweek
2021-12-08,中煤能源1898｜11月商品煤销量按年跌17% | 头条金融网 盈利能力下降,头条日报
2021-12-07,【行情】煤炭板块拉升反弹，华阳股份涨停，平煤股份、电投能源、山西焦煤、中煤能源、开滦股份等涨幅居前,金十数据
2021-12-06,部分煤炭股逆市上扬 中煤能源(01898)涨2.91%,和讯
2021-12-06,【行情】煤炭股持续走高，晋控煤业涨超8%，电投能源、中煤能源、兰花科创、新集能源跟涨,金十数据
2021-12-06,中信证券：2022年或是煤价向中期均衡价格回归的一年,Wind
2021-12-06,中信证券：预计煤炭企业主流龙头上市公司Q4业绩环比或有15～20%的改善,e公司
2021-12-06,2022年煤炭中长期合同签订履约工作方案解读：基准价提升超市场预期 高比例长协动力煤企业首先受益,新浪
2021-12-06,煤炭开采行业2022年投资策略：煤价或高位波动 业绩稳健性增强提升估值,广发证券
2021-12-05,煤炭行业周观点：现货市场短暂波动 长协机制或强化板块行情,新浪
2021-12-04,A股市场领涨全球，监管同意开展账户管理功能优化试点工作,Wind
2021-12-03,A股市场领涨全球，北上资金已开始“按捺不住”？,Wind
2021-12-03,A股收盘综述：沪指大涨一举拿下3600点！绿色电力概念掀涨停潮,Wind
2021-12-03,恒指转涨，早盘一度跌1.4%,Wind
2021-12-03,【异动股】中煤能源(01898.HK)涨7.64%,财华社
2021-12-03,港股异动 | 中煤能源(01898)涨超7%领涨煤炭股 发改委就明年煤炭长协签订征求意见 下水煤基准价或上调约31%,智通财经
2021-12-03,解盘：人气持续回暖，电力、存储器、白酒、半导体领涨,Wind
2021-12-01,中煤能源：根据CCTD中国煤炭市场网的数据，12月份5500大卡下水煤年度长协价格为725元/吨,每日经济新闻
2021-12-01,部分煤炭股走强 中煤能源(01898)涨6.12%,和讯
2021-12-01,港股煤炭股持续走高 中煤能源(01898.HK)涨5.87%,钢企网
2021-12-01,港股异动 | 中煤能源(01898)涨超6%领涨煤炭股 机构称煤价探底后板块将迎估值提升,智通财经
2021-12-01,煤炭与消费用燃料深度报告：国内保供如火如荼 海外煤价可否独善其身？,新浪
2021-11-29,国泰君安：煤炭板块进入价值区间，资源优质企业具备长期价值,Wind
2021-11-25,【异动股】中煤能源(01898.HK)跌3.17%,财华社
2021-11-24,华泰证券：维持中煤能源(01898)“买入”评级 目标价降24.7%至6.4港元,智通财经
2021-11-23,【行情】港股煤炭股走高，兖州煤业股份(01171.HK)涨7.23%，中煤能源(01898.HK)涨3.42%，中国神华(01088.HK)涨近2%,金十数据
2021-11-21,煤炭开采行业周报：保供稳价取得阶段性成效 动煤企稳 双焦弱势运行,新浪
2021-11-18,【动力煤】日报-2021-11-17 长协价格不变推动动力煤价格高位震荡整理,英大期货
2021-11-17,中煤能源：目前所属中煤平朔集团的露天煤矿已获批准将产能由2000万吨/年核增至2500万吨/年,每日经济新闻
2021-11-17,中煤平朔集团东露天煤矿产能核增至2500万吨/年已获批,中国煤炭工业协会
2021-11-15,中煤能源(01898.HK)前10个月商品煤销量增14.3%至约2.47亿吨,财华社
2021-11-15,煤炭行业周报：煤价下调幅度放缓 关注旺季需求释放,新浪
2021-11-13,Wind风控日报2021年11月13日星期六,Wind
2021-11-13,上市公司正负面新闻2021年11月13日星期六,Wind
2021-11-13,MSCI“购物车”再添多只科创板股票，今年超三千亿北向资金流入A股,Wind
2021-11-12,晚间重要公告2021年11月12日星期五,Wind
2021-11-12,【港股通】中煤能源(01898)10月商品煤产量943万吨 同比减少2.6%,和讯
2021-11-12,中煤能源前10月累计商品煤销量2.47亿吨 同比增长14.3%,新浪
2021-11-12,中煤能源(601898.SH)10月商品煤产销量分别同比降2.6%及3% 盈利能力下降,智通财经
2021-11-12,中煤能源(01898.HK)10月商品煤销量2528万吨 同比下降3% 盈利能力下降,格隆汇
2021-11-12,中煤能源(601898.SH)10月商品煤销量2528万吨 同比下降3.0% 盈利能力下降,格隆汇
2021-11-12,【异动股】中煤能源(01898.HK)跌3.15%,财华社
2021-11-12,瑞信：大幅调低中煤能源(1898.HK)目标价至3.5港元 评级降至跑输大市,格隆汇
2021-11-12,【券商聚焦】瑞信狠削中煤能源(01898)目标价50% 料煤价下滑拖累盈利表现 机构下调估值,和讯
2021-11-12,*瑞信狠削中煤能源(01898)目标价50%至3.5港元 降至“跑输大市”评级 机构下调估值,和讯
2021-11-12,每日理财观察: MSCI公布半年度指数评审结果,Wind
2021-11-12,刚刚，50只个股新纳入MSCI中国指数！,Wind
2021-11-12,MSCI公布最新调整结果，北上动向将发生变化！,Wind
2021-11-12,MSCI中国全股票指数新纳入68个成分股，剔除52个成分股,Wind
2021-11-11,中泰周期·大宗指南：周期品周度运行变化,新浪
2021-11-10,中煤能源：1-9月，公司尿素产量153.2万吨，销量170.0万吨,每日经济新闻
2021-11-10,解盘：大盘继续调整，网游、摄像头、半导体封测、虚拟现实略涨,Wind
2021-11-06,高煤价下的煤电博弈：业绩“冰火两重天”何解,Wind
2021-11-05,煤炭动态点评：供应紧张或持续 聚焦后续政策,新浪
2021-11-05,恒指低开低走收跌1.41%，能源、地产等板块低迷,Wind
2021-11-05,港股异动 | 中煤能源(01898)跌超6%领跌煤炭股 保供限价政策加码 动力煤供需偏紧暂告一段落,智通财经
2021-11-05,【异动股】中煤能源(01898.HK)跌5.73%,财华社
2021-11-03,煤炭行业2021年三季度业绩及基金持仓综述：市场煤公司业绩大增 陕煤、兰花等受基金进一步增持,新浪
2021-11-01,中煤能源：1-9月5500大卡下水煤年度长协均价为616元/吨，同比增加76元/吨，上涨14.1%,每日经济新闻
2021-11-01,煤炭板块午后继续扩大升幅，华阳股份涨停,Wind
2021-10-30,煤炭“晴雨表”转好：秦皇岛港动力煤价高位跳水,Wind
2021-10-30,周期股三季报“惊艳”，高景气驱动业绩爆发,Wind
2021-10-29,【异动股】中煤能源(01898.HK)跌3.32%,财华社
2021-10-29,【行情】港股煤炭股短线下挫，首钢资源跌2%，中煤能源跌1.8%，兖州煤业跌1.7%，中国神华跌0.3%,金十数据
2021-10-29,港股盘前必读：李宁折价配股融资超百亿港元股价跌逾8%,Wind
2021-10-29,中煤能源2021年三季报点评：盈利环比提升，现金优势初显【国君煤炭翟堃】,煤市乾坤
2021-10-28,中煤能源前三财季净利润同比增长185.38%,资本邦
2021-10-28,安信证券维持中煤能源买入评级：业绩同比大增，资源储备或将进一步增加，目标价12.40元,每日经济新闻
2021-10-28,恒指收跌0.28%，有色、煤炭股延续跌势,Wind
2021-10-28,持续创新，为智能化矿山贡献力量,中国煤炭报
2021-10-28,安信证券：维持中煤能源(601898.SH)“买入”评级 目标价12.4元,智通财经
2021-10-28,恒指午盘跌0.08%，有色、能源股领跌,Wind
2021-10-28,煤炭股全线受挫 中煤能源(01898)跌8.07%,和讯
2021-10-28,【异动股】中煤能源(01898.HK)跌10.04%,财华社
2021-10-28,快讯：煤炭股走低 中煤能源跌近7%兖州煤业跌近6%,新浪
2021-10-28,上证指数低开0.38%，创业板指跌0.21%,Wind
2021-10-28,港股盘前必读：中国平安前三季度净利润816.38亿元同比下降20.8%,Wind
2021-10-27,格隆汇港股聚焦(10.27)︱中集集团前三季度净利同比暴增1161.42%；澳优获伊利股份溢价约13.67%提收购要约,格隆汇
2021-10-27,【港股通】中煤能源(01898)附属平朔集团拟14.09亿元收购平朔工业集团100%股权,和讯
2021-10-27,中煤能源(601898.SH)：第三季度净利增131.5%至42.7亿元,格隆汇
2021-10-27,中煤能源(01898.HK)拟14.1亿元收购平朔工业集团100%股权,格隆汇
2021-10-27,中煤能源：平朔集团将收购由中煤集团持有的平朔工业集团100%股权,Wind
2021-10-27,中煤能源(01898.HK)：聘任姜群为董事会秘书及公司秘书,格隆汇
2021-10-27,中煤能源：董事会秘书辞职及聘任新董事会秘书,Wind
2021-10-27,中煤能源：第三季度净利同比增长132% 商品煤价格大涨,财联社
2021-10-27,中煤能源：董事会审议通过《关于调整公司2021-2023年部分持续性关联交易年度上限的议案》,Wind
2021-10-27,中煤能源：第三季度净利同比增131.5% 因商品煤价格大涨,e公司
2021-10-27,中煤能源：中国中煤能源股份有限公司关于董事会秘书辞职及聘任新董事会秘书的公告 董监高成员变化,新浪
2021-10-27,图解中煤能源三季报：第三季度单季净利润同比增131.45%,证券之星
2021-10-27,中煤能源：所属子公司收购资产暨关联交易,每日经济新闻
2021-10-27,中煤能源(01898.HK)委任姜群为公司秘书,格隆汇
2021-10-27,中煤能源：义宝厚辞去董事会秘书和公司秘书职务 董监高成员变化,每日经济新闻
2021-10-27,中煤能源：收购西沙河煤业所属西沙河煤矿产能,Wind
2021-10-27,中煤能源：前三季度净利润同比增长185.38%,Wind
2021-10-27,中煤能源：前三季度净利润118.56亿元，同比增长185.4%,Wind
2021-10-27,中煤能源：董秘义宝厚辞职 董监高成员变化,Wind
2021-10-27,中煤能源1898｜首三季纯利118.6亿人币 增1.85倍 | 头条金融网,头条日报
2021-10-27,煤炭股再度走低 中煤能源(01898)跌逾4%,和讯
2021-10-27,【异动股】中煤能源(01898.HK)跌4.75%,财华社
2021-10-26,傅鹏博、赵诣、冯明远、林英睿、赵枫持仓思路各有不同,Wind
2021-10-26,【异动股】中煤能源(01898.HK)跌3.33%,财华社
2021-10-26,明星基金集体发力，刘格菘、傅鹏博、梁跃军动向曝光,Wind
2021-10-26,新能源板块齐发力，多位明星基金经理再加仓,Wind
2021-10-26,煤企和电企三季报业绩现“冰火两重天”,Wind
2021-10-25,科达自控：公司客户涵盖国投能源、中煤能源、晋能控股等大型煤炭企业,全景网
2021-10-23,350多个“李鬼”被揪出，央企掀起新一轮打假潮！（附名单）,Wind
2021-10-22,【异动股】中煤能源(01898.HK)跌3.07%,财华社
2021-10-21,中煤能源：中国中煤能源股份有限公司关于非执行董事辞职的公告,新浪
2021-10-21,中煤能源(601898.SH)：都基安辞任非执行董事职务,智通财经
2021-10-21,中煤能源：非执行董事都基安辞职 董监高成员变化,Wind
2021-10-21,港股异动 | 煤炭股有所回暖 兖州煤业股份(01171)、中煤能源(01898)均涨超4%,智通财经
2021-10-21,【异动股】中煤能源(01898.HK)涨3.27%,财华社
2021-10-21,A股早报2021年10月21日星期四,Wind
2021-10-21,每日理财观察：2021金融街论坛释放政策信号,Wind
2021-10-21,席位追踪：机构忍痛割肉中煤能源 华能国际反弹引游资抢筹,财富动力网
2021-10-20,每日点评第150期：两市震荡收跌 煤炭板块大幅下挫,新浪
2021-10-20,龙虎榜机构新动向：净买入14股 净卖出17股,证券时报网
2021-10-20,财华聚焦|“煤”“电”走势背离，火电股能否浴火重生？,财华社
2021-10-20,跌停板解密：煤炭板块重挫，13只个股遭资金抛售！（10月20日）,Wind
2021-10-20,一则通知引爆电力板块，多股涨停，机构和北向资金共同抢筹这些股（名单）,21世纪经济报道
2021-10-20,中煤能源跌停 安信证券一周前喊买入目标价12.4元,中国经济网
2021-10-20,机构今日买入这16股，抛售中煤能源1.42亿元丨龙虎榜,第一财经
2021-10-20,龙虎榜|中煤能源跌停 两机构合计卖出1.9亿元,财联社
2021-10-20,煤炭股大面积杀跌，两机构卖出中煤能源1.89亿元,Wind
2021-10-20,A股收盘综述：“煤超风”迎来强监管、兖煤等跌停，电力股逆市大面积涨停,Wind
2021-10-20,监管文件集结，商品市场一夜变天，煤炭及煤化工期货全线跌停,第一财经
2021-10-20,A股午盘综述：电力、锂、汽车板块携手护盘，限价引发煤炭板块大调整,Wind
2021-10-20,【异动股】中煤能源(01898.HK)跌6.15%,财华社
2021-10-20,【异动股】煤化工板块拉升，中煤能源(601898.CN)跌10.04%,财华社
2021-10-20,快讯：中煤能源跌停 报于8.15元,金融界
2021-10-20,快讯：港股煤炭股普跌 中煤能源跌8%领跌,新浪
2021-10-20,上证指数低开0.28%，创业板指涨0.22%,Wind
2021-10-20,【动力煤】日报-2021-10-19-“增产缓慢与需求稳增涨”动力煤连续冲击涨停,英大期货
2021-10-19,中煤能源：9月聚烯烃产量12.4万吨 销量13.4万吨,煤炭网
2021-10-19,【特约大V】邓声兴：新经济股带领下港股向好 可望反复挑战26000,凤凰网
2021-10-19,【异动股】中煤能源(01898.HK)涨3.02%,财华社
2021-10-19,国泰君安晨报,新浪
2021-10-19,每日理财观察：首批MSCI中国A50互联互通ETF获批,Wind
2021-10-18,中煤能源：公司各煤矿生产经营一切正常,第一财经
2021-10-18,中煤能源：今年1-9月，公司累计完成商品煤产量8298万吨,每日经济新闻
2021-10-18,金融街下午茶2021年10月18日星期一,Wind
2021-10-18,A股收盘综述：动力煤期货逼空行情再度激发煤炭板块，白酒板块重摔,Wind
2021-10-18,中泰周期·大宗指南：周期品周度运行变化,新浪
2021-10-18,【异动股】中煤能源(01898.HK)涨3.36%,财华社
2021-10-18,中煤能源9月份商品煤产量降17% 销量降10.4% 盈利能力下降,中国煤炭工业协会
2021-10-18,中煤能源：公司没有接收到在四季度和22年一季度停产停工相关通知 经营问题,每日经济新闻
2021-10-18,煤炭开采行业周报：供运需三旺 累库不及预期 煤价强势难改,新浪
2021-10-18,煤炭开采周报：简单探讨煤炭期货与股票的背离,新浪
2021-10-18,每日理财观察：央行和银保监会发布系统重要性银行名单,Wind
2021-10-18,中煤能源：公司目前并未开展、也未计划开展期货业务,每日经济新闻
2021-10-18,港股盘前必读：MSCI中国A50互联互通（美元）指数期货今日正式开始交易,Wind
2021-10-15,【安信能源 周泰团队】乌海发文要求全市露天开采企业采暖期夜间禁采,泰度煤炭
2021-10-15,中煤能源(01898)9月商品煤产量839万吨 同比减少17%,智通财经
2021-10-15,中煤能源(01898.HK)1-9月商品煤销量2.22亿吨 同比增长16.6%,格隆汇
2021-10-15,中煤能源(01898.HK)：9月煤炭销量2446万吨，同比下降10.4% 盈利能力下降,金十数据
2021-10-15,绝代双焦+涨不停的动力煤，机构喊话煤炭板块长期逻辑已切换、估值将修复,Wind
2021-10-15,中煤能源：9月商品煤销量2446万吨 同比减少10.4% 盈利能力下降,财联社
2021-10-15,中煤能源：9月份煤炭销量2446万吨，同比下降10.4% 盈利能力下降,Wind
2021-10-15,预喜股迎涨停潮，谁是下周业绩增长王？,Wind
2021-10-15,恒指收涨1.48%，教育、有色股表现强势,Wind
2021-10-15,【行情】港股煤炭股跌幅居前，中煤能源(01898.HK)跌14.86%，兖州煤业(01171.HK)跌6.45%，中国神华(01088.HK)跌3.38%，易大宗(01733.HK)涨跌2.25%,金十数据
2021-10-15,【异动股】中煤能源(01898.HK)跌10.38%,财华社
2021-10-15,港股异动 | 中煤能源(01898)早盘低开逾10% 前三季纯利同比预增1.89倍至2.2倍 大摩称盈利逊预期 盈利能力下降,智通财经
2021-10-15,57股获券商买入评级，正邦科技目标涨幅达133.99%,Wind
2021-10-14,中煤能源跌3.05% 安信证券前天刚喊买入目标价12.4元,中国经济网
2021-10-14,每日报告回放,新浪
2021-10-14,A股市场破净股一览（10月14日）,Wind
2021-10-14,煤炭板块扩大跌幅，兖州煤业、中煤能源均跌超5%,Wind
2021-10-14,每日理财观察：公募基金参与北交所投资蓄势待发,Wind
2021-10-14,56股今日获机构买入评级 12股上涨空间超20%,证券时报
2021-10-13,跌停板解密：资金高位出逃，两大类个股封上跌停！（10月13日）,Wind
2021-10-13,A股收盘综述：动力电池、汽车、白酒、光伏板块率先复苏，资金涌入低位价值股,Wind
2021-10-13,中煤能源(601898)：业绩环比微增 看好Q4业绩,新浪
2021-10-13,大摩：予中煤能源(1898.HK)减持评级 目标价4.01港元,证券之星
2021-10-13,黑色系闪崩，能源股批量跌停！汽车股突然大涨,Wind
2021-10-13,茅台大涨3%，新能车、半导体又火了！千亿巨头狂飙,Wind
2021-10-13,煤电不香改“喝酒”？一板块多股“20cm”涨停,Wind
2021-10-13,中煤能源：预计前三季度股东应占利润同比增189.8%到220.3%,资本邦
2021-10-13,A股午盘综述：汽车、白酒、教育、光伏复苏，期货剧烈震荡引发煤炭股一度批量跌停,Wind
2021-10-13,快讯：中煤能源跌停 报于8.19元,金融界
2021-10-13,中煤能源封住跌停，平煤股份、露天煤业、兖州煤业接近跌停,Wind
2021-10-13,煤炭板块跌势不止，恒源煤电、上海能源、昊华能源、靖远煤电跌停,Wind
2021-10-13,中煤能源下跌7.47% 前三季净利润增长171.00%-199.40%,证券时报网
2021-10-13,安信证券：维持中煤能源(601898.SH)“买入”评级 目标价12.4元,智通财经
2021-10-13,中煤能源：前三季度净利润同比预增171%-199.4%,北极星电力
2021-10-13,每日理财观察：IMF下调全球经济增长预期,Wind
2021-10-13,港股盘前必读：重阳节假期将至港股10月14日（星期四）休市一日,Wind
2021-10-13,上市公司正负面新闻2021年10月13日星期三,Wind
2021-10-13,中国中煤能源股份有限公司 2021年前三季度业绩预告,证券时报
2021-10-12,格隆汇港股聚焦(10.12)︱中煤能源前三季度净利预增189.8%-220.3%；中国平安前三季度原保费收入达5913.40亿元,格隆汇
2021-10-12,中煤能源前三季净利润预增171%-199.4%,上证报
2021-10-12,金融街下午茶2021年10月12日星期二,Wind
2021-10-12,中煤能源预期前三季股东应占利润大增189.8%-220.3%,新浪
2021-10-12,中煤能源(01898.HK)10月27日董事会审议及批准前三季度业绩,格隆汇
2021-10-12,中煤能源：10月27日举行董事会会议，审议三季度业绩,Wind
2021-10-12,中煤能源：将于10月27日（星期三）举行董事会会议,Wind
2021-10-12,中煤能源(01898.HK)预期前三季归母净利同比增长189.8%-220.3%,格隆汇
2021-10-12,前瞻！中煤能源：预计2021年前三季度净利润为112.6亿元至124.4亿元,每日经济新闻
2021-10-12,中煤能源：前三季度预计净利润同比增长171.0%~199.4%,Wind
2021-10-12,中煤能源(601898.SH)：前三季度净利预增171.0%-199.4%,格隆汇
2021-10-12,中煤能源：公司煤化工产品用煤主要来源于所属各企业自产煤，也有部分对外采购,每日经济新闻
2021-10-12,中煤能源：预计前三季度净利润同比增长171%-199.4%,Wind
2021-10-12,【异动股】中煤能源(01898.HK)涨3.69%,财华社
2021-10-12,港股异动 | 煤炭股早盘继续走高 中煤能源(01898)、兖州煤业股份(01171)均涨超6%,智通财经
2021-10-12,【行情】煤炭概念异动拉升，上海能源涨超8%，山煤国际、兖州煤业、粤宏远A、中煤能源跟涨,金十数据
2021-10-12,中煤能源(601898)：煤炭量价齐升 业绩弹性释放,新浪
2021-10-11,港股煤炭股走强，兖煤澳大利亚涨超14%,Wind
2021-10-11,【异动股】中煤能源(01898.HK)涨3.92%,财华社
2021-10-11,每日理财观察：投资者踊跃申请开通北交所交易权限,Wind
2021-10-11,港股盘前必读：部分基金经理欲修改产品投资范围增加港股通投资标的,Wind
2021-10-08,港股异动 | 中煤能源(01898)跌超12%领跌煤炭股 煤矿产能核增确有其事 增产部分可申请转为永久产能,智通财经
2021-10-08,翻倍牛股闪崩跌停！白酒股强势归来，华夏幸福涨停,Wind
2021-10-08,煤炭行业周思考：保供或降低冶金煤生产 保供煤定价机制以月度长协为主,新浪
2021-10-08,港股异动 | 网传内蒙古要求加快释放部门煤矿产能 中煤能源(01898)、兖州煤业(01171)均跌超8%,智通财经
2021-10-08,【异动股】中煤能源(01898.HK)跌10.4%,财华社
2021-10-08,内蒙古能源局文件刷屏 中煤能源跌超8%中国电力跌超7%,新浪
2021-10-07,外资巨头增持中国平安近6300万股，一批“中”字头H股亮眼,Wind
2021-10-07,国泰君安：全球能源紧缺加剧，煤炭强基本面维持,证券之星
2021-10-07,【异动股】中煤能源(01898.HK)涨3.68%,财华社
2021-10-05,“三桶油”嗨了，机构看好原油价格突破每桶100美元,Wind
2021-10-05,恒指触底反弹收涨0.28%，复星医药大涨13%,Wind
2021-10-05,煤炭股集体上涨 中煤能源(1898.HK)涨超5%,格隆汇
2021-10-05,【异动股】中煤能源(01898.HK)涨5.59%,财华社
2021-10-04,煤炭行业：紧供给格局延续 煤价上涨趋势不减,新浪
2021-10-04,【恒指半日跌超2%】截至午盘，恒生指数午盘跌2.25%，国企指数跌2.43%，红筹指数跌1.52%。盘面上，医药、电力、燃气股跌幅居前，康希诺生物跌近25%；地产、煤炭逆市走强，中煤能源涨超3%。(中新经纬APP),中新经纬
2021-10-04,恒指午盘跌2.25%，医药股领跌,Wind
2021-09-30,【异动股】中煤能源(01898.HK)涨3.68%,财华社
2021-09-30,煤炭板块冲高后急速回落转跌，中国神华、中煤能源、山西焦煤纷纷下滑,Wind
2021-09-29,【异动股】中煤能源(01898.HK)跌5.36%,财华社
2021-09-29,煤炭：如何看待限电限产下的煤炭走向,新浪
2021-09-29,煤炭板块强势拉升，平煤股份2连板,Wind
2021-09-28,香港恒生指数收涨1.20%，恒生科技指数涨2.09%，阿里巴巴涨超6%。地产股集体走强，融创中国涨近15%，万科企业涨近7%，中国恒大涨近5%。煤炭股、石油股涨幅居前，兖州煤业股份涨超15%，中煤能源,财联社
2021-09-28,【异动股】中煤能源(01898.HK)涨6.51%,财华社
2021-09-28,煤炭股集体走高 兖州煤业股份涨超12%中煤能源涨超7%,新浪
2021-09-28,A股午盘综述：地产、金融、电、煤助力两市缩量企稳，万科A涨超9%,Wind
2021-09-28,煤炭板块回暖，动力煤期货再创新高,Wind
2021-09-28,【行情】A股煤炭概念开盘拉升，平煤股份涨超6%，广汇能源、辽宁能源、中煤能源跟涨,金十数据
2021-09-27,煤炭开采行业周报：增产难、库存低 煤价仍是易涨难跌,新浪
2021-09-27,【异动股】中煤能源(01898.HK)跌3.14%,财华社
2021-09-26,煤炭行业周思考：大秦线即将检修 煤炭保供依然时间紧任务重,新浪
2021-09-26,煤炭周报：产地供不应求 煤价持续上涨,新浪
2021-09-24,【异动股】中煤能源(01898.HK)跌3.18%,财华社
2021-09-23,港股异动 | 动煤主力合约涨逾10%创历史新高 中煤能源(01898)、兖州煤业股份(01171)均涨超9%,智通财经
2021-09-23,【异动股】中煤能源(01898.HK)涨10.56%,财华社
2021-09-17,【异动股】中煤能源(01898.HK)跌5.09%,财华社
2021-09-17,快讯：中煤能源跌停 报于8.72元,金融界
2021-09-17,医疗白酒大爆发，4000亿巨头狂拉9%！煤炭跌7%,Wind
2021-09-17,煤炭板块重挫逾7%！白酒飙升3%，医药重新崛起,Wind
2021-09-17,A股午盘综述：迈瑞医疗、爱尔眼科推升创业板，兖州煤业闪崩跌停下拉资源板块,Wind
2021-09-17,资金持续流入煤炭ETF，周期股内部分化初现,Wind
2021-09-16,锂矿三巨头集体跌停！机构“有点懵”,Wind
2021-09-16,A股收盘综述：锂、光伏、稀土等大幅调整，统筹保障动力电池资源供应消息引起波澜,Wind
2021-09-16,周期板块再度飙涨，A股年内首只十倍股即将诞生？,Wind
2021-09-16,锂电新能源跳水，千亿白马双双跌停，煤炭股突然炸板,Wind
2021-09-16,A股午盘综述：锂电池光伏调整、赣锋天齐跌停，工信部称将统筹保障动力电池资源供应,Wind
2021-09-16,煤炭股再度飙升 国信证券:涨价已近尾声,证券之星
2021-09-16,港股异动︱中煤能源(01898)涨近7% 8月商品煤销量2440万吨 同比增长3.6%,智通财经
2021-09-16,【异动股】中煤能源(01898.HK)涨4.78%,财华社
2021-09-16,周期板块大幅领涨，食品饮料ETF（515170）盘中翻红,Wind
2021-09-16,ETF严选|甲醇概念股中煤能源等涨停，煤炭ETF(515220)今日上涨2.75%,资本邦
2021-09-16,煤价大涨，概念股走高，煤企价值重估正当时,第一财经
2021-09-16,煤炭价格持续飙涨 煤炭股走高中煤能源、兖州煤业涨超6%,新浪
2021-09-16,中煤能源、滨化股份涨停，煤炭ETF（515220）涨超4.5% 再创新高,资本邦
2021-09-16,动力煤夜盘暴涨，中煤能源涨停封板，资源ETF（510410）再次上攻,资本邦
2021-09-16,沪指高开0.24%，煤炭板块涨幅居前，中煤能源涨超7%！华自科技一字跌停,和讯
2021-09-16,煤炭板块走强 中煤能源封涨停 兖州煤业再创历史新高,格隆汇
2021-09-16,【异动股】煤炭采选板块高开，中煤能源(601898.CN)涨10.01%,财华社
2021-09-16,中煤能源快速涨停，煤炭板块强力拉升,Wind
2021-09-16,【行情】煤炭股开盘强势，中煤能源高开7.45%，山煤国际、兰花科创、露天煤业、晋控煤业等涨幅居前,金十数据
2021-09-16,煤炭股炙手可热，中煤能源首板,Wind
2021-09-15,中煤能源：8月聚烯烃产量9.3万吨 销量8.2万吨,煤炭网
2021-09-15,【异动股】中煤能源(01898.HK)涨3.1%,财华社
2021-09-15,千亿巨头跌26%！中石油涨6%，风电新能源大爆发,Wind
2021-09-15,动力煤期货再创新高，煤炭板块复苏,Wind
2021-09-15,8月份中煤能源商品煤销量同比增长3.6%,中国能源网china5e
2021-09-14,晚间重要公告2021年9月14日星期二,Wind
2021-09-14,【1898】中煤能源8月商品煤销量升3.6% | 头条金融网,头条日报
2021-09-14,中煤能源(601898.SH)：8月商品煤销量2440万吨 同比增长3.6%,格隆汇
2021-09-14,中煤能源：9月23日将参加“2021年北京辖区上市公司投资者集体接待日”活动,Wind
2021-09-14,中煤能源：煤炭前8月累计销量19743万吨，同比增长21.2%,Wind
2021-09-14,【异动股】中煤能源(01898.HK)跌3.01%,财华社
2021-09-14,煤炭业绩回顾：需求旺季临近 行业高景气度有望延续,新浪
2021-09-14,煤飞色舞刷屏，低估值潜力股出炉，北上资金扫货6股,Wind
2021-09-13,煤炭开采行业周报：政策扰动不改基本面 把握回调加配机会,新浪
2021-09-13,【异动股】中煤能源(01898.HK)涨4.77%,财华社
2021-09-10,黑色系期货集体走弱，焦炭焦煤领跌，后市行情如何演绎？,Wind
2021-09-10,快讯：煤炭股走低 兖州煤业股份跌超6%中煤能源跌超4%,新浪
2021-09-10,【行情】港股煤炭板块午后大幅下挫，兖州煤业跌近6%，中煤能源跌4%，中国神华跌1.4%,金十数据
2021-09-10,【行情】煤炭概念持续走弱，中煤能源、淮北矿业跌超6%，鄂尔多斯、中国神华、陕西煤业、美锦能源等跟跌,金十数据
2021-09-10,【异动股】中煤能源(01898.HK)跌4.21%,财华社
2021-09-10,A股逼近3700！将成全球香饽饽？北上资金再度净买入,Wind
2021-09-09,A股收盘综述：上证指数迫近3700，“煤超风”、“钢铁侠”助阵,Wind
2021-09-09,【异动股】中煤能源(01898.HK)涨3.37%,金融界
2021-09-09,煤价再超预期，Q3盈利将加速,金融界
2021-09-08,智通港股52周新高、新低统计|9月8日,智通财经
2021-09-07,煤炭变“黑金”！价值重估已开始 2条主线成投资重点,中投网
2021-09-07,智通港股52周新高、新低统计|9月7日,智通财经
2021-09-07,核心资产企稳回升，“中字头”发力，市场风格切换？机构解读,和讯
2021-09-07,“中字头”发力，市场风格切换？机构：低估值蓝筹有望修复,第一财经
2021-09-07,易大宗(01733)涨超13%领涨煤炭股 机构预计煤炭板块三季度业绩会更好,智通财经
2021-09-07,A股三大指数小幅上涨， 煤炭钢铁走强，证券板块回调,华尔街见闻
2021-09-07,板块异动 | 各环节低库存缺煤延续 煤炭板块再度走强,智通财经
2021-09-07,港股恒指高开0.17%，深圳板块集体高开，深圳国际涨近4%,和讯
2021-09-07,【异动股】煤炭采选板块高开，山煤国际(600546.CN)涨6.82%,财华社
2021-09-07,快讯：煤炭概念开盘强势 中泰化学涨超3%,新浪
2021-09-07,智通港股早知道 | (9月7日)隔夜期货夜盘煤炭板块大涨，铝价进一步上涨,智通财经
2021-09-06,智通AH统计|9月6日,智通财经
2021-09-06,近日我司公司债券推介,中信建投固定收益部
2021-09-06,昊华能源涨停，煤炭ETF(515220)开盘涨超2%,资本邦
2021-09-06,煤炭板块走高 煤炭价格上涨 多举措加速煤炭产能释放,格隆汇
2021-09-06,【异动股】煤炭采选板块高开，平煤股份(601666.CN)涨6.03%,财华社
2021-09-06,板块异动 | 双焦普涨&动力煤创新高 煤炭板块开盘再度走强,智通财经
2021-09-06,陕西煤业再创历史新高，“绝代双焦”刺激煤炭板块炒作,Wind
2021-09-06,三大指数开盘涨跌不一 煤炭概念开盘拉升,红周刊
2021-09-06,【行情】煤炭概念开盘拉升，平煤股份涨超5%，神火股份、山西焦煤、中煤能源、华阳股份等跟涨,金十数据
2021-09-06,黑金时代开启，煤炭短期超预期，中期看重估,金融界
2021-09-06,国泰君安：煤炭股短期弹性为王，全板块行情展开,第一财经
2021-09-05,【安信能源 周泰团队】第33周周报：各环节低库存，缺煤形式持续，价格仍有支撑,泰度煤炭
2021-09-05,A股半年报长这样：利润翻倍股数量创历史之最，八大行业打出漂亮翻身仗，这些公司业绩大反转,证券时报网
2021-09-04,买的葛兰蔡嵩松，就一定是“兰兰”和“蔡总”吗？同人不同基，业绩大不同,财联社
2021-09-03,煤炭行业：黑金时代开启 短期超预期 中期看重估,新浪
2021-09-02,风电、光伏概念全面爆发，这只股获18家机构同时看好！,第一财经
2021-09-02,晨报0831 | 电新专题、有色专题、煤炭专题,国泰君安证券研究
2021-09-02,港股收盘(9.2)|恒指收涨0.24% 涨电价呼声高涨 电力相关板块全线飙升,智通财经
2021-09-02,智通AH统计|9月2日,智通财经
2021-09-02,供应偏紧格局未变煤价持续高位 冬季保供大幕开启煤炭股强势大涨,财华社
2021-09-02,【异动股】中煤能源(01898.HK)涨3.49%,财华社
2021-09-02,港股异动 | 兖州煤业(01171)涨超7%领涨煤炭股 焦煤、焦炭主力合约触及涨停 动煤涨超5%,智通财经
2021-09-02,中煤能源：截至目前，公司在澳洲未开展煤矿经营等业务,每日经济新闻
2021-09-02,智通港股通占比异动统计|9月2日,智通财经
2021-09-01,券商9月策略： 市场继续演绎结构性行情,大众证券报
2021-09-01,港股收评：科技、金融股强势 恒指涨0.58%重回26000点上方,证券之星
2021-09-01,智通港股52周新高、新低统计|9月1日,智通财经
2021-09-01,煤炭开采行业周报：煤炭变“黑金” 价值重估已然开始,新浪
2021-09-01,【异动股】中煤能源(01898.HK)跌3.24%,财华社
2021-09-01,【异动股】煤炭采选板块高开，山煤国际(600546.CN)涨7.52%,财华社
2021-09-01,智通港股通占比异动统计|9月1日,智通财经
2021-08-31,A股环境风险榜丨近7个月432家上市公司登榜 这家公司为何“空降”榜单前十？,每日经济新闻
2021-08-31,8月收官！A股走势分化沪指本月累涨4.2% 周期资源成最大赢家,财华社
2021-08-31,智通港股52周新高、新低统计|8月31日,智通财经
2021-08-31,A股收评：周期股全天强势，半导体、食品饮料成杀跌主力,格隆汇
2021-08-31,谢治宇、周应波、刘格菘、陆彬、赵诣等明星基金经理“隐形重仓股”曝光！,中国基金报
2021-08-31,恒指收涨1.33% 石油等板块走高,中新经纬
2021-08-31,港股异动 | 煤炭股涨幅居前 兖州煤业(01171)涨超5% 煤炭行业或将进入供应短缺时代,智通财经
2021-08-31,【异动股】中煤能源(01898.HK)涨3.03%,财华社
2021-08-31,【异动股】煤炭采选板块拉升，陕西煤业(601225.CN)涨10.03%,财华社
2021-08-31,煤炭板块大幅走强 陕西煤业(601225.SH)涨停续创新高,格隆汇
2021-08-31,央地国资交出改革半程答卷：经营业绩增色 资本运作起舞,上证报
2021-08-31,煤炭板块拔地而起，陕西煤业、兖州煤业领涨,Wind
2021-08-31,非金融类上市公司上半年盈利破万亿 七成行业超疫情前,证券时报网
2021-08-30,港股收评：恒指涨0.52%，光伏、军工表现活跃,证券之星
2021-08-30,恒指震荡收涨0.52%：周期板块造好，金融地产走弱,Wind
2021-08-30,煤企业绩纷纷报喜，煤炭板块嗨了，这出大戏能唱多久？,第一财经
2021-08-30,近日我司公司债券推介,中信建投固定收益部
2021-08-30,【异动股】中煤能源(01898.HK)涨3.17%,财华社
2021-08-30,智通港股通占比异动统计|8月30日,智通财经
2021-08-29,基金持仓动向：永赢基金李永兴二季度加仓这些股（名单）,证券之星
2021-08-29,中煤能源半年报点评：享行业景气红利，主营投资双丰收【国君煤炭翟堃】,煤市乾坤
2021-08-27,313只股破净 银行板块破净率最高,证券时报网
2021-08-27,打击炒作“煤超疯”！煤炭板块应声跳水，榆林被点名,华夏时报
2021-08-27,A股指数分化上证50指涨超1% 中报行情接近尾声蓝筹权重走强,财华社
2021-08-27,智通AH统计|8月27日,智通财经
2021-08-27,"北上资金全天净买入62.03亿元！沪指涨0.6%,锂电板块掀起涨停潮，机构解读",和讯
2021-08-27,A 股收评：指数午后横盘震荡 锂电池掀涨停潮,ZAKER
2021-08-27,收评：三大指数午后延续分化沪指涨0.6% 锂电板块掀起涨停潮,新浪
2021-08-27,【异动股】中煤能源(01898.HK)涨3.28%,财华社
2021-08-27,北向资金净流入59.18亿，白酒、证券走高！宁德时代跌1.75%净流出5.38亿，解读,和讯
2021-08-27,发改委表态将查处恶意炒作煤价，煤炭板块应声回落，辽宁能源等大跌,证券时报网
2021-08-27,板块异动 | 对恶意炒作煤价上涨将加强监测 煤炭板块开盘下挫,智通财经
2021-08-27,快讯：煤炭概念开盘下挫 辽宁能源跌超7%,新浪
2021-08-27,煤炭板块低开 发改委：将对恶意炒作、哄抬煤价进行查处,格隆汇
2021-08-27,煤炭股大幅低开,第一财经
2021-08-27,英大期货：核增产能有序推进动力煤期货价格高位回调,英大期货
2021-08-27,巨丰早评：A股一大规律又将重演,巨丰财经
2021-08-27,智通港股通占比异动统计|8月27日,智通财经
2021-08-26,【安信能源 周泰团队】公司快报：中煤能源（601898.SH）二季度业绩大增，煤与化工业绩弹性显现,泰度煤炭
2021-08-26,中煤能源上半年实现净利润75.86亿元 同比增长228.5%,中国煤炭工业协会
2021-08-26,港股收盘(8.26)|恒指收跌1.08% 钢铁股逆市走高 马钢股份(00323)绩后涨超12%领涨板块,智通财经
2021-08-26,78公司获得增持评级-更新中,中财网
2021-08-26,安信证券给予中煤能源买入评级：二季度业绩大增，煤与化工业绩弹性显现，目标价11.16元,每日经济新闻
2021-08-26,巨丰收评：周期板块轮动向上 股指尾盘加速跳水,巨丰财经
2021-08-26,中煤能源(601898)：享行业景气红利 主营投资双丰收,新浪
2021-08-26,中煤能源：上半年实现净利润76亿元 同比增长228.5%,中证网
2021-08-26,2172公司公布半年报 628家业绩增幅翻倍,证券时报网
2021-08-26,港股异动 | 煤炭股逆市走高 兖州煤业(01171)涨超4% 中信预计煤炭供应紧张格局短期难扭转,智通财经
2021-08-26,【异动股】中煤能源(01898.HK)涨3.12%,财华社
2021-08-26,华阳股份涨停，煤炭ETF(515220)涨超3.00%,资本邦
2021-08-26,快讯：煤炭股早盘持续走强 兖州煤业等多股涨停,新浪
2021-08-26,【国泰君安国际】晨报：央行月末加量逆回购操作,国泰君安证券香港
2021-08-26,8月26日利好及其影响个股,中财网
2021-08-26,智通港股通占比异动统计|8月26日,智通财经
2021-08-26,【中证盘前】“电池茅”半年赚45亿，5位股东减持；迈瑞医疗拟10亿元回购；中国恒大上半年净利预降29%-39%,中证报
2021-08-26,格隆汇港股聚焦(08.25)︱中国人寿上半年净利410亿；小米、快手二季度业绩超预期,格隆汇
2021-08-25,智通港股公告精选︱(8.25)二季度线上营销服务收入暴增 快手中期收入增42.8%至361.58亿元,智通财经
2021-08-25,山西焦化：参股稀缺焦煤资产，价值重估开启【深度｜国君煤炭翟堃】,煤市乾坤
2021-08-25,8月26日上市公司重要公告集锦：迈瑞医疗拟10亿元回购股份 价格不超400元/股,证券日报之声
2021-08-25,公告精选：宁德时代上半年储能系统销售收入增超7倍；迈瑞医疗拟10亿元回购股份,e公司
2021-08-25,晚间重要公告2021年8月25日星期三,Wind
2021-08-25,中煤能源：上半年净利润同比增长228.46%,Wind
2021-08-25,晚间公告热点追踪：欠款难追 曲江文旅五大欠款方拖欠管理酬金逾7亿元,新浪
2021-08-25,中煤能源：2021年半年度净利润约75.86亿元，同比增加228.5%,每日经济新闻
2021-08-25,中煤能源：上半年净利同比增长228.5%至75.86亿元,格隆汇
2021-08-25,中煤能源半年报：上半年净利润75.86亿元 同比增长228.5%,财联社
2021-08-25,【港股通】中煤能源(01898)中期溢利同比增237.9%至85.45亿元人民币 不派息,和讯
2021-08-25,中煤能源(01898)上半年股东应占利润同比增加237.85%至85.45亿元,智通财经
2021-08-25,中煤能源(01898.HK)上半年净利85.45亿元 同比增长237.9%,格隆汇
2021-08-25,中煤能源：中期盈利85.45亿人民币，同比增长237.85%,Wind
2021-08-25,港股收评：恒生科技指数收涨0.2% 教育股反弹 光伏概念集体爆,证券之星
2021-08-25,港股异动 | 煤炭期货继续走强，港股煤炭板块跟随大涨,格隆汇
2021-08-25,【异动股】中煤能源(01898.HK)涨4.12%,财华社
2021-08-25,焦煤价格近期大幅上涨，行业多股迎来大涨！,证券时报网
2021-08-25,四个月涨逾70%，这一大宗商品价格芝麻开花，行业多股迎来大涨！（附股）,第一财经
2021-08-25,智通港股通占比异动统计|8月25日,智通财经
2021-08-25,智通港股通资金流向统计(T+2)|8月25日,智通财经
2021-08-25,智通港股早知道 | (8月25日)中国铝业(02600)归属于公司净利润同比增长8511%，钾矿价值受关注,智通财经
2021-08-24,【1898】中煤能源上半年录盈利85.5亿人币大升2.4倍 | 头条金融网,头条日报
2021-08-24,【行情】港A两地煤炭股继续走强,金十数据
2021-08-24,煤炭期货继续大涨 港A煤炭股走强,格隆汇
2021-08-24,【1898】中煤能源中期赚85.45亿人币 | 头条金融网,头条日报
2021-08-24,智通港股开市掘金(08.24) | 关注大消费 焦炭维持多头思路,智通财经
2021-08-24,智通港股早知道 | (8月24日)原油强势反弹结束七连跌，海运运价回升至一年最高点,智通财经
2021-08-23,煤炭开采行业周报：双焦涨不停 动煤难深跌 估值待修复,新浪
2021-08-23,【异动股】中煤能源(01898.HK)涨5.91%,财华社
2021-08-23,近日我司公司债券推介,中信建投固定收益部
2021-08-23,煤焦期货联袂疯涨，概念股集体飘红！背后原因是……,Wind
2021-08-23,煤炭股上涨 中煤能源涨近6%兖州煤业涨近5%,新浪
2021-08-23,港股异动 | 中煤能源(01898)涨超6%领涨煤炭股 甘其毛都口岸蒙煤进口暂停两周 郑煤、焦煤和焦炭涨停,智通财经
2021-08-23,山西焦煤涨逾8%，煤炭ETF(515220)涨超2.5%,资本邦
2021-08-23,【动力煤】周报-2021-08-20-增产增供与主力合约换月动力煤高位震荡,英大期货
2021-08-22,【安信能源 周泰团队】第31周周报：短期产量增加有限，坑口价格出现反弹迹象,泰度煤炭
2021-08-22,中煤能源控股子公司环境违法被罚10.3万元 环保处罚,每日经济新闻
2021-08-20,千亿大白马跌停，揭示下周中报业绩预期差,Wind
2021-08-20,21家上市煤炭企业发布半年报或预告,中国煤炭报
2021-08-19,【日报|国君煤炭翟堃】今年上半年煤炭市场需求旺盛，上市煤炭企业经营业绩稳中向好,煤市乾坤
2021-08-19,山西焦煤再购大股东资产 焦煤集团整体上市有望提速,e公司
2021-08-19,中煤能源：8月26日下午召开2021年半年度业绩说明会,Wind
2021-08-19,黑色系大幅下挫！市场供需双弱？钢来钢往钢铁研究院带您一探究竟,钢企网
2021-08-19,今年上半年煤企经营状况如何？,中国煤炭报
2021-08-18,中煤能源：7月份公司完成商品煤销量2478万吨，其中自产商品煤销量947万吨，买断贸易煤销量1531万吨,每日经济新闻
2021-08-18,7月煤炭行业数据点评：旺季很旺,陆家嘴大宗商品论坛
2021-08-17,煤炭板块走弱 华阳股份跌超8%,格隆汇
2021-08-16,华西煤炭周报|焦煤继续大涨，动力煤供给释放但低库存下预计高位震荡,华西交运煤炭研究
2021-08-16,近日我司公司债券推介,中信建投固定收益部
2021-08-16,解盘：人气持续回升，医美、证券、燃料电池、半导体封测略涨,Wind
2021-08-16,创业板指跌逾1% 锂电池、储能板块走弱,网易
2021-08-16,国盛证券：煤企业绩改善存在长逻辑支撑 低估值亟待修复,证券时报网
2021-08-16,煤炭行业周思考：双焦价格表现强势，煤企三季度业绩预计更佳，继续看好板块投资机会,陆家嘴大宗商品论坛
2021-08-16,1-7月份中煤能源商品煤产量增长4.8% 销量增长24.2%,煤炭市场网
2021-08-16,快讯：煤炭概念股开盘走高 露天煤业、远兴能源涨逾7%,新浪
2021-08-16,【异动股】煤化工板块高开，东方银星(600753.CN)涨10.01%,财华社
2021-08-15,A股明日风口：煤炭生产难以满足需求 运价指数升至11年高位,新浪
2021-08-15,安信证券：动力煤价进入短暂季节性回调，预计跌幅有限,Wind
2021-08-15,动力煤现货“一车难求” “碳中和”下煤炭板块的价值重估行情来了！,财联社
2021-08-14,煤炭周报：动力煤价进入短暂季节性回调 预计跌幅有限,新浪
2021-08-14,煤炭股开盘拉升，露天煤业一度涨停,36氪
2021-08-14,上市公司正负面新闻2021年8月14日星期六,Wind
2021-08-14,量能放大超50% 后市有望上涨,证券日报
2021-08-13,智通港股公告精选︱(8.13) 招商银行中期归母净利同比增长22.82%至611.5亿元 营业净收入稳步增长,智通财经
2021-08-13,【安信能源 周泰团队】2021年8月上旬重点钢企粗钢日均产量环比降2.97% 同比降4.40%,泰度煤炭
2021-08-13,【天风煤炭20210813】又见鄂尔多斯煤管票全面放开消息,煤炭鑫观点
2021-08-13,晚间重要公告2021年8月13日星期五,Wind
2021-08-13,中煤能源(01898.HK)首七个月商品煤销量增24.2%,财华社
2021-08-13,【1898】中煤能源7月售煤量按年增加4.4% | 头条金融网,头条日报
2021-08-13,中煤能源(01898)7月商品煤销量2478万吨 同比增长4.4%,智通财经
2021-08-13,中煤能源：7月份商品煤产量928万吨，同比降4.2%,Wind
2021-08-13,中煤能源(601898.SH)7月商品煤产量同比减4.2% 销量增4.4% 盈利能力下降,格隆汇
2021-08-13,中煤能源(601898.SH)前7月商品煤销量同比增长24.2%,智通财经
2021-08-13,中煤能源：今年累计煤炭销量17303万吨，同比增长24.2%,Wind
2021-08-13,涨价纷至沓来，业绩释放、股价爆发？,Wind
2021-08-12,中煤能源间接控股子公司环境违法被罚41万元 环保处罚,每日经济新闻
2021-08-12,港股收评：三大指数齐跌，生物医药股重挫,证券之星
2021-08-12,六大券商周五看好的六大板块,证券之星
2021-08-12,港A两地煤炭股走强 华阳股份涨停,格隆汇
2021-08-12,【异动股】煤炭采选板块低开，淮北矿业(600985.CN)跌3.44%,财华社
2021-08-12,08.12股市早8点丨或上跳、或下跳，或是个巨大的缺口！,中金在线
2021-08-12,巨丰早评：A股低开悬念不大 注意这一板块风险,巨丰财经
2021-08-11,大盘震荡趋稳 储能煤炭地产板块涨幅居前 白酒医药走弱,新浪
2021-08-11,华西煤炭周报|动力煤供给释放预期放缓电厂采购，预计后续淡季不淡,华西交运煤炭研究
2021-08-11,A股明日风口：中共中央、国务院提出大力提升法治政府建设数字化水平,新浪
2021-08-11,A股震荡整理沪指微涨 蓝筹权重大涨关注沪指3550压力位,财华社
2021-08-11,A股收评：三大股指涨跌不一，储能概念股现涨停潮,证券之星
2021-08-11,潞安环能、盘江股份、华阳股份等多股涨停，煤炭ETF（515220）涨超5%,资本邦
2021-08-11,煤炭板块大幅走高 盘江股份、美锦能源等涨停,证券时报网
2021-08-11,【异动股】煤炭采选板块拉升，华阳股份(600348.CN)涨9.98%,财华社
2021-08-11,A股窄幅震荡 这一概念一骑绝尘！,新浪
2021-08-11,A股窄幅震荡：煤炭股持续上扬，地产股走强,中新经纬
2021-08-11,煤炭板块再度走高 机构：看好动力煤龙头下半年的业绩丨牛熊眼,第一财经
2021-08-11,午评：沪指涨0.27% 地产和煤炭股大涨,网易
2021-08-11,巨丰午评：储能概念一骑绝尘,巨丰财经
2021-08-11,港股能源股盘中拉升 久泰邦达能源涨逾6%,中证网
2021-08-11,【异动股】煤炭采选板块高开，ST大洲(000571.CN)涨5.15%,财华社
2021-08-10,宝丰能源(600989)2021年半年度业绩点评：营收高增长 毛利大幅提升,新浪
2021-08-09,石煤机公司全面推进煤矿智能化技术装备发展,工业新闻网
2021-08-09,近日我司公司债券推介,中信建投固定收益部
2021-08-09,看料炒股—看原材料涨跌，炒股票！（2021年8月9日）,生意社
2021-08-09,板块异动 | 煤价维持强势 煤炭板块开盘拉升,智通财经
2021-08-09,【动力煤】周报-2021-08-06-增产增供与调整保证金标准动力煤高位震荡,英大期货
2021-08-08,【安信能源 周泰团队】第29周周报：供给紧张小幅缓解，但供给偏紧格局难以扭转,泰度煤炭
2021-08-08,煤炭开采行业周报：双焦强势上涨 动煤价格略有松动,新浪
2021-08-08,煤炭与消费用燃料行业周报：“保供”组合拳下动力煤供需渐宽初现 安监仍严致使焦煤供需偏紧依旧,新浪
2021-08-07,【开源煤炭&石化-张绪成】煤炭周报：煤价居高不下，中报行情下看好煤炭股估值回归,能源观察站
2021-08-07,煤炭行业：煤价/估值/宏观三因素推动煤炭行情持续,新浪
2021-08-06,煤炭板块发力拉升，美锦能源等涨停，煤价或维持强势,证券时报网
2021-08-05,【华泰固收|信用】精耕细作—高景气期的煤炭债投资,华泰固收强债论坛
2021-08-04,煤炭股大涨 疫情影响煤矿生产致煤炭类商品期价反弹,格隆汇
2021-08-04,【广发视点】“碳中和”限产对工业品的影响,广发期货
2021-08-04,券商晨会精华：超跌反弹蓝筹白马不宜追高 科技成长未来仍有表现空间,财联社
2021-08-04,国泰君安：供给端深刻变革，将助推煤炭板块价值重估,证券时报网
2021-08-04,晨报0804 | 煤炭专题、赛意信息（300687）,国泰君安证券研究
2021-08-03,格隆汇个股放量排行榜 | 8月3日,格隆汇
2021-08-02,格隆汇个股放量排行榜 | 8月2日,格隆汇
2021-08-02,A股收盘综述：8月开门红，白马股集体回暖,Wind
2021-08-02,近日我司公司债券推介,中信建投固定收益部
2021-08-02,2020年《财富》世界500强新上榜与重新上榜公司,财富中文网
2021-08-02,中煤远兴创单台气化炉在线连续运行最新纪录 项目采用西北化工研究院多元料浆气化技术,国家煤化工网
2021-08-02,A股午盘综述：上证指数涨1.5%，券商、白酒反弹,Wind
2021-08-02,煤炭股早盘走弱 兖州煤业跌近4%中煤能源跌近5%,新浪
2021-08-02,煤炭开采行业周报：焦煤期货创历史新高 行业高景气度不改,新浪
2021-08-02,港股异动 | 兖州煤业股份(01171)跌超6%领跌煤炭股 中央表态纠正运动式“减碳”,智通财经
2021-08-02,快讯：煤炭概念股早盘重挫 山西焦煤、兖州煤业大跌逾8% 连续下跌,新浪
2021-08-02,中泰周期·大宗指南：周期品周度运行变化,新浪
2021-08-02,“非主流”配置大赏,证券之星
2021-08-02,智通财经港股8月投资策略及十大金股,智通财经
2021-08-01,【开源煤炭&石化-张绪成】煤炭周报：保供政策频出难缓紧供给，高煤价催化业绩释放,能源观察站
2021-08-01,【天风煤炭】20210730一周煤炭动向：产地煤矿复产困难，炼焦煤市场持续强势,煤炭鑫观点
2021-08-01,煤炭周观点：旺季需求强势，焦煤预期更强【国君煤炭翟堃】,煤市乾坤
2021-08-01,A 股环境风险榜：哪个城市风险最高？,ZAKER
2021-07-31,中煤能源间接控股子公司环境违法被责令立即停止使用，未验收之前不得投入运行 其他违规处罚,每日经济新闻
2021-07-31,最赚钱的40家上市公司，都分布在哪些城市？,搜狐
2021-07-31,巨丰周报：市场新一轮抱团瓦解正在展开,巨丰财经
2021-07-31,A股环境风险榜|上半年360家公司登榜，哪家风险最高，谁又在刻意“漂绿”？,每经头条
2021-07-30,【异动股】煤炭采选板块高开，山西焦煤(000983.CN)涨5.04%,财华社
2021-07-30,75只港股获南向资金大比例持有,证券时报网
2021-07-30,智通港股开市掘金(07.30) | 完善分时电价机制储能带来新需求 煤炭局部供需偏紧,智通财经
2021-07-29,【安信能源 周泰团队】国家发展改革委进一步完善分时电价机制,泰度煤炭
2021-07-29,南向资金高比例持有港股名单,证券之星
2021-07-27,智通港股公告精选︱(7.27) 业绩保持快速增长 远大医药预期中期股东应占综合净利同比增长不低于50%,智通财经
2021-07-27,债市风云|蓝光发展债券付息存不确定性 机构延迟披露苏宁易购评级 推迟评级,中新经纬
2021-07-27,中煤能源(01898.HK)：“18中煤07”将于8月5日提前摘牌 退市,格隆汇
2021-07-27,巨丰午评：半导体板块全面上涨,巨丰财经
2021-07-27,A股高开低走半导体芯片股走强中芯国际涨14%白酒股继续回调,华尔街见闻
2021-07-27,煤炭板块拉升 兖州煤业涨超9%,格隆汇
2021-07-27,【行情】煤炭股开盘拉升，兖州煤业涨超8%，平煤股份、神火股份、中煤能源、山西焦煤等跟涨,金十数据
2021-07-27,夏季用电高峰来袭！煤炭价格高位支撑，这些高成长标的请收好,财联社
2021-07-26,均价较去年上涨约三成，15亿资金抢筹这一品种！企业减产明显，概念股受益涨价业绩大增,证券时报网
2021-07-26,【行情】煤炭概念持续走弱，陕西黑猫跌近8%，中煤能源、郑州煤电、陕西煤业跟跌,金十数据
2021-07-26,近日我司公司债券推介,中信建投固定收益部
2021-07-25,"明星基金经理投资风向已变？二季度早已布局这些""宁指数""标的",红周刊
2021-07-23,Q2基金持仓报告：增持开启，方兴未艾【国君煤炭翟堃】,煤市乾坤
2021-07-23,煤炭行业：增持开启 方兴未艾,新浪
2021-07-23,高盛：煤炭股最新评级及目标价(表) 上调中煤能源(01898)及兖州煤业(01171)目标价,智通财经
2021-07-23,热点淘金：市场呈现震荡调整 军工股尾盘走强,巨丰财经
2021-07-23,巨丰午评：创业板指跌1.8% 储能概念股拉升,巨丰财经
2021-07-23,巨丰午评：资源股如火如荼 券商股逆市拉升,巨丰财经
2021-07-23,今日煤炭板块走强!煤炭ETF(515220)今日已上涨2.14%,资本邦
2021-07-23,煤炭板块发力走高，华阳股份、陕西黑猫涨停,证券时报网
2021-07-23,A股低开低走创业板指跌1%周期股逆势走强久吾高科大跌9% 连续下跌,华尔街见闻
2021-07-23,煤炭板块走强 华阳股份、陕西黑猫双双涨停,格隆汇
2021-07-23,煤炭股全线走强，陕西黑猫、华阳股份先后涨停,Wind
2021-07-23,高盛上调三煤炭股目标价带动股价逆市向好 中国神华(01088)涨2.13%,和讯
2021-07-23,煤炭股早盘持续拉升，华阳股份涨近7%，金能科技、新集能源、陕西黑猫、中煤能,新浪
2021-07-22,减仓宁德时代？“冠军”们有分歧,财联社
2021-07-22,“冠军”们的分歧，林英睿晋升“百亿”，梦圆的真假“逆袭”……公募基金二季报拾遗,金融界
2021-07-22,安信研究|晨会在线20210722,安信证券研究
2021-07-21,【安信能源 周泰团队】行业快报：2021Q2基金持仓市值环比提升，高弹性动力煤龙头受青睐,泰度煤炭
2021-07-21,18家煤炭相关上市公司上榜2021财富中国500强,财富中文网
2021-07-21,【异动股】煤炭采选板块下挫，潞安环能(601699.CN)跌4.05%,财华社
2021-07-21,30家上市钢企、17家上市煤企发布上半年业绩预告,我的钢铁
2021-07-21,A股头条：三孩生育政策正式公布 光伏玻璃产能置换实行差别化政策,金融界
2021-07-21,17家煤企发布上半年业绩预告，逾七成预喜,Wind
2021-07-21,17家煤企发布上半年业绩预告 逾七成预喜,中证网
2021-07-20,2021年《财富》中国500强发布 上榜上市公司总营业收入达53万亿元人民币,财富中文网
2021-07-20,A股头条之上市公司（7.21）,金融界
2021-07-20,【安信能源 周泰团队】6月全国九成省区粗钢产量环比下降,泰度煤炭
2021-07-20,格隆汇个股放量排行榜 | 7月20日,格隆汇
2021-07-20,瑞达期货：环保检查再度来袭，焦炭期价低开高走,瑞达期货
2021-07-20,中煤能源：50亿元中期票据获准注册,Wind
2021-07-20,6月份中煤能源商品煤产量增长0.8% 销量增长1.3%,煤炭市场网
2021-07-20,智通港股开市掘金(07.20) | 电力旺季存煤水平被要求提升 铁矿石需求提升持续牛市,智通财经
2021-07-20,港股公告精选：中国恒大将就1.32亿元专案贷款向广发银行发起诉讼,Wind
2021-07-20,智通港股早知道 |（7月20日）美元走强后资产逻辑发生变化 通货再膨胀交易将很快复苏,智通财经
2021-07-19,格隆汇港股聚焦(07.19)︱恒大物业上半年净利预增7成；亚盛医药与美国国家癌症研究所达成合作,格隆汇
2021-07-19,智通港股公告精选︱(7.19)华润啤酒预计中期股东应占溢利同比增加至少100%,智通财经
2021-07-19,【天风煤炭20210719】发改委：7月19日前所有电厂电煤库存提升至7天以上,煤炭鑫观点
2021-07-19,【安信能源 周泰团队】国家发改委消息 7月19日前所有电厂电煤库存提升至7天以上,泰度煤炭
2021-07-19,智通港股研报精读(07.19) | 看好航运板块龙头公司、煤炭板块龙头股和医药板块重点品种,智通财经
2021-07-19,智通港股解盘(07.19) | 利空太多 回避风险为上,智通财经
2021-07-19,中煤能源(01898.HK)上半年商品煤销量升28.2%,财华社
2021-07-19,【港股通】中煤能源(01898)：“18中煤07”拟于7月26日派发利息,和讯
2021-07-19,格隆汇个股放量排行榜|7月19日,格隆汇
2021-07-19,【港股通】中煤能源(01898)上半年商品煤产量为5649万吨 同比增长6.4%,和讯
2021-07-19,中煤能源(01898)上半年商品煤销量约1.48亿吨 同比增长28.2%,智通财经
2021-07-19,"中煤能源(01898.HK)""18中煤07""将于7月26日付息",格隆汇
2021-07-19,中煤能源：6月份商品煤产量922万吨，同比增长0.8%,Wind
2021-07-19,中煤能源(601898.SH)6月份商品煤销量同比增长1.3%至2347万吨,智通财经
2021-07-19,中煤能源(01898.HK)：6月煤炭销量2350万吨，销量增长1.3%。,新浪
2021-07-19,中煤能源(601898.SH)：6月商品煤销量2347万吨 同比增长1.3%,格隆汇
2021-07-19,热点淘金：两市延续弱势调整格局 医药股受到热炒,巨丰财经
2021-07-19,近日我司公司债券推介,中信建投固定收益部
2021-07-19,【财联社午报】新能源主线进入修整期，低位题材股反复活跃，防御类板块受到青睐,财联社
2021-07-19,A股午评：指数涨跌互现，医药股大涨,格隆汇
2021-07-19,看料炒股—看原材料涨跌，炒股票！（2021年7月19日）,生意社
2021-07-19,煤炭板块开盘上涨，煤炭ETF(515220)涨近2%,资本邦
2021-07-19,板块异动 | 港口煤价继续上涨 煤炭概念股开盘拉升,智通财经
2021-07-19,【异动股】煤炭采选板块高开，美锦能源(000723.CN)涨5.3%,财华社
2021-07-19,【动力煤】周报-2021-07-16-需求增长与供给不足下动力煤高位上行,英大期货
2021-07-19,巨丰早评：全球股市开启风险模式 A股低开无悬念,巨丰财经
2021-07-18,华龙投顾周刊2021年第27期：沉重前行,华龙掘金
2021-07-18,【天风煤炭】20210716一周煤炭动向：用电负荷持续提升下，电厂及港口库存低位支撑动力煤价高位运行,煤炭鑫观点
2021-07-18,格隆汇个股放量排行榜 | 7月18日,格隆汇
2021-07-18,【开源煤炭&石化-张绪成】煤炭周报：煤价易涨难跌，中报业绩有望催化行情,能源观察站
2021-07-17,格隆汇个股放量排行榜 | 7月17日,格隆汇
2021-07-16,【安信能源 周泰团队】国家发改委消息 扩大煤炭储备规模为6亿吨,泰度煤炭
2021-07-16,A股全天调整创指尾盘跳水跌近3%蓝筹题材齐跌市场分化加剧,财华社
2021-07-16,格隆汇个股放量排行榜 | 7月16日,格隆汇
2021-07-16,港股收评：恒指微涨0.03%，港交所一度暴涨5%,证券之星
2021-07-16,犀牛财经看市：临近尾盘指数重挫国防军工板块领涨两市,GPLP犀牛财经
2021-07-16,今日军工股获资金青睐领涨两市！军工ETF(512660)成交额达18亿元,资本邦
2021-07-16,热点淘金：两市窄幅震荡调整 军工股大放异彩,巨丰财经
2021-07-16,A股收评：创业板指重挫近3%，锂电、医药板块深度回撤 连续下跌,证券之星
2021-07-16,A股市场成交连续12日超万亿：大盘午后下探，创指跌近3%,澎湃新闻
2021-07-16,A股收评：锂电池概念拖累创业板指跌近3%，军工股领涨两市,格隆汇
2021-07-16,【异动股】中煤能源(01898.HK)涨3.69%,财华社
2021-07-16,解盘：题材股再次活跃，军工、化工、芯片、煤炭领涨,Wind
2021-07-16,煤炭板块再次上涨，煤炭ETF（515220）涨超3%,资本邦
2021-07-16,煤炭板块表现活跃 焦作万方涨停,上证报
2021-07-16,【异动股】煤炭采选板块拉升，昊华能源(601101.CN)涨10.04%,财华社
2021-07-16,中煤能源间接控股子公司环境违法被罚10万元 环保处罚,每日经济新闻
2021-07-16,煤炭板块异动拉升 昊华能源涨停,e公司
2021-07-16,【行情】煤炭板块开盘拉升，昊华能源涨超8%，华阳股份、兰花科创、中煤能源、新集能源等跟涨，消息上，发改委将投放逾1000万吨煤炭储备,金十数据
2021-07-16,煤炭股走强，华阳股份、中煤能源、兖州煤业等涨幅靠前,Wind
2021-07-16,需求旺季来临，煤炭板块连续2日走强，前期利空是否已消化？,国际煤炭
2021-07-15,中煤能源：保供逻辑验证，盈利环比增长【国君煤炭翟堃】,煤市乾坤
2021-07-15,【安信能源 周泰团队】公司快报：中煤能源（601898.SH）煤炭、化工主业向好，二季度业绩大增,泰度煤炭
2021-07-15,净利润增超2倍股价底部翻番 中煤能源（01898）又逢新春？,智通财经
2021-07-15,【1898】中煤能源6月售煤量按年增加1.3%|头条金融网,头条日报
2021-07-15,中煤能源：2019年度第一期中期票据7月23日付息，利率4.19%,Wind
2021-07-15,中煤能源(01898)：“19中煤能源MTN001”将于7月23日付息,智通财经
2021-07-15,中煤能源(01898.HK)“19中煤能源 MTN001”拟7月23日付息,格隆汇
2021-07-15,美银证券：中煤能源重申买入评级 目标价5.8港元,新浪
2021-07-15,美银证券：中煤(1898.HK)中期盈喜远胜市场预期 重申“买入”评级,格隆汇
2021-07-15,大摩：中煤(1898.HK)正面因素已反映 评级“减持” 目标价3.71港元,格隆汇
2021-07-15,瑞信：升中煤(1898.HK)目标价至6.6港元 评级“跑赢大市”,格隆汇
2021-07-15,大摩：予中煤能源(01898)“减持”评级 目标价3.71港元,智通财经
2021-07-15,中煤能源：上半年净利润预计同比增长211%-244%,中国经济网
2021-07-15,【异动股】中煤能源(01898.HK)涨4.57%,财华社
2021-07-15,港股异动|中煤能源(1898.HK)涨约4%上半年净利预增218.9%到252.7%,格隆汇
2021-07-15,安信证券：给予中煤能源买入评级，目标价位10.53元,证券之星
2021-07-15,安信证券维持中煤能源买入评级：煤炭、化工主业向好，二季度业绩大增，目标价10.53元,每日经济新闻
2021-07-15,每日理财观察：央行全面降准今日落地,Wind
2021-07-15,7月15日 25股盘前利好公告速递,中财网
2021-07-15,智通港股开市掘金(07.15) | 重磅品种互相开放生态系统 恒生科技指数料表现活跃,智通财经
2021-07-15,智通港股早知道 |（7月15日）航运板块存压力，恒生科技指数有望企稳,智通财经
2021-07-15,【中证盘前】“猪茅”预计上半年净利下滑；仁东控股被立案调查；大股东拟大额减持同花顺；大基金减持国科微,中证报
2021-07-15,股海导航 7月15日沪深股市公告提示,新浪
2021-07-15,锂电热门公司批量预告中报，北上净卖出逾百亿重点砸大蓝筹,Wind
2021-07-15,中国中煤能源股份有限公司 2021年半年度业绩预告,证券时报
2021-07-15,【日报|国君煤炭翟堃】河南：省内电煤不得售往省外，可做电煤使用的一律不得入选,煤市乾坤
2021-07-14,智通港股公告精选︱(7.14)药明生物预期中期利润增长逾135%,智通财经
2021-07-14,【天风煤炭20210714】6月份全社会用电量同比增长9.8%,煤炭鑫观点
2021-07-14,【金财富早知道】2021-07-15,赢家之星
2021-07-14,上市公司公告集锦：山东省国资委与宝武钢铁筹划对山钢集团战略重组,证券日报之声
2021-07-14,公告精选：两市首份半年报出炉；华力创通研制出北斗三号高精度定位核心基带芯片,e公司
2021-07-14,中报预喜汇总丨这家公司净利预增超45倍,第一财经
2021-07-14,【安信能源 周泰团队】6月份全社会用电量同比增长9.8%,泰度煤炭
2021-07-14,晚间重要公告2021年7月14日星期三,Wind
2021-07-14,中煤能源上半年业绩预增211%至244%,上证报
2021-07-14,智通港股解盘(07.14) | 医药防御游戏预热,智通财经
2021-07-14,晚间公告｜7月14日这些公告有看头,第一财经
2021-07-14,港股医药外包概念股大幅拉升，白酒概念涨跌分化,腾讯网
2021-07-14,犀牛财经看市：三大指数午后弱势盘整 沪指跌逾1%,GPLP犀牛财经
2021-07-14,7月14日上市公司晚间公告速递,新浪
2021-07-14,中煤能源：上半年预计净利润同比增长211.3%~244.2%,Wind
2021-07-14,【1898】中煤能源盈喜料上半年纯利增2.19至2.53倍|头条金融网,头条日报
2021-07-14,中煤能源(01898)预期中期股东应占利润为80.65亿元-89.2亿元 同比增长218.9%-252.7%,智通财经
2021-07-14,中煤能源：预期2021年上半年股东应占利润同比增长218.9%到252.7%,Wind
2021-07-14,中煤能源(01898.HK)上半年净利预增218.9%到252.7%,格隆汇
2021-07-14,中煤能源：上半年净利同比预增211%-244%,e公司
2021-07-14,A股低开低走沪指跌1%风格轮动加快锂电闪崩警惕高位股风险,财华社
2021-07-14,中煤能源：预计上半年实现净利润71.9亿元-79.5亿元，同比增长211.,新浪
2021-07-14,中煤能源(601898.SH)半年度净利润预增211.3%-244.2%,格隆汇
2021-07-14,中煤能源：预计上半年净利润同比增长211.3%至244.2%,Wind
2021-07-14,煤炭板块今日逆势走强｜数据观察,第一财经
2021-07-14,热点淘金：两市呈现震荡走低 医药股获得青睐,巨丰财经
2021-07-14,煤炭行业：强需求+低库存支撑短期煤价走高,新浪
2021-07-14,尾盘回落收跌：成交连续十日超万亿 北向资金净流出超百亿,澎湃新闻
2021-07-14,巨丰收评：沪指跌1% 券商股午后异动,巨丰财经
2021-07-14,煤炭股逆势走强 兖州煤业大涨7.59%中煤能源涨逾4%,新浪
2021-07-14,港股异动丨煤炭股逆势走强 河南省要求所有电煤不外销 保当地供应,格隆汇
2021-07-14,中煤能源矸石充填技术近日获得突破,中国煤炭网
2021-07-14,消费旺季二季度业绩量价齐升期煤继续大涨煤炭股持续活跃走强,财华社
2021-07-14,需求旺季来临，煤炭板块连续2日走强，前期利空是否已消化？,财联社
2021-07-14,李志林丨银行新能源大跳水，各指数均震荡走弱,中金在线
2021-07-14,平安罕见8个月重挫40%，外资跑了72亿！发生了什么？,Wind
2021-07-14,中报地雷集中释放，政策利好叠加需求高峰，煤炭股逆势上扬,e公司
2021-07-14,午评：市场震荡走低 科技股迎来中考,网易
2021-07-14,突发！300亿锂电牛股闪崩暴跌，智能汽车巨头直接跌停！平安罕见8个月重挫40%，外资跑了72亿！发生了什么？,e公司
2021-07-14,沪指半日震荡下跌0.82%，两市近3000股飘绿,中新经纬
2021-07-14,【异动股】中煤能源(01898.HK)涨3.25%,财华社
2021-07-14,巨丰午评：沪指跌0.82% 白酒股逆市拉升,巨丰财经
2021-07-14,解盘：价值白马被抛弃，医美、血液制品、白酒、火电领涨,Wind
2021-07-14,午评：指数早盘走势分化创指表现相对强势 大金融板块走弱,新浪
2021-07-14,兖州煤业封涨停!煤炭ETF(515220)今日上涨1.69%,资本邦
2021-07-14,煤炭板块震荡走高 高温来袭用电需求支撑煤价维持高位,证券时报网
2021-07-14,煤炭板块盘中上涨，煤炭ETF(515220)上涨近2%,资本邦
2021-07-14,【异动股】煤炭采选板块拉升，兖州煤业(600188.CN)涨10.01%,财华社
2021-07-14,港股煤炭股走强，兖州煤业股份一度涨超11%,Wind
2021-07-14,A股异动：煤炭板块高开，兖州煤业率先涨停,证券之星
2021-07-14,【行情】港股煤炭股表现强势，兖州煤业涨9.26%，中煤能源涨5%，中国神华涨2.13%,金十数据
2021-07-14,快讯：煤炭股集体回暖,财联社
2021-07-14,煤炭板块走强兖州煤业封涨停,格隆汇
2021-07-14,【行情】煤炭板块大幅拉升，兖州煤业涨停，中煤能源涨超8%，潞安环能、新集能源、陕西煤业等跟涨,金十数据
2021-07-14,煤炭股早盘走高 兖州煤业涨近7%中煤能源涨近4%,新浪
2021-07-14,港股异动 | 兖州煤业(01171)涨超5%领涨煤炭股 发改委要求严防钢铁、煤炭过剩产能死灰复燃,智通财经
2021-07-14,智通港股通占比异动统计|7月14日,智通财经
2021-07-14,巨丰早评：市场高位放量 提防科技股回调,巨丰财经
2021-07-13,中煤能源(01898)：“17中煤01”7月20日每手派息28.5元,智通财经
2021-07-13,中煤能源：“17中煤01”将于7月20日付息,Wind
2021-07-13,中煤能源(01898.HK)：“17中煤01”将于7月20日付息,格隆汇
2021-07-13,港股收评：恒指大涨1.63%，互联网巨头强势反弹,证券之星
2021-07-13,2021年全球煤炭行业市场供需现状及区域格局分析 中国煤炭供需龙头地位无可撼动,前瞻研究院
2021-07-13,港股异动|煤炭板块跟随期煤走强，兖州煤业(1171.HK)涨超5%,格隆汇
2021-07-13,巨丰收评：沪指涨0.53% 煤炭股午后拉升,巨丰财经
2021-07-12,2021年中国煤矿机械行业市场现状及竞争格局分析 核心产品三降一升【组图】,前瞻研究院
2021-07-12,近日我司公司债券推介,中信建投固定收益部
2021-07-12,73只港股获南向资金大比例持有,证券时报网
2021-07-11,中煤能源控股子公司环境违法被罚6.772万元,每日经济新闻
2021-07-11,中煤能源间接控股子公司环境违法被罚30万元,每日经济新闻
2021-07-10,全球煤炭专题研究：全球能源共振，产能周期向下，煤炭将迎长牛【国君煤炭翟堃】,煤市乾坤
2021-07-09,解盘：资金持续流入，稀土永磁、锂矿、次新股领涨,Wind
2021-07-09,中煤能源研究院矸石充填技术取得新突破,中国煤炭报
2021-07-09,快讯：煤炭股早盘回暖 昊华能源涨停封板,新浪
2021-07-09,招商中证煤炭等权指数净值下跌3.63%,新浪
2021-07-08,20.41亿元主力资金今日撤离采掘板块,证券时报网
2021-07-07,8.40亿元主力资金今日撤离采掘板块,证券时报网
2021-07-07,中煤能源(01898.HK)：“18中煤05”将于7月16日提前摘牌 退市,格隆汇
2021-07-07,恒指收跌0.4%录得七连跌：科技重拾跌势，医药强势反弹,Wind
2021-07-07,【异动股】煤炭采选板块下挫，新集能源(601918.CN)跌6.67%,财华社
2021-07-07,动力煤产业链供给端结构性分析,红塔期货
2021-07-06,2021年7月第1周煤炭行业周报：库存仍低 7月迎来动力煤供给和需求边际均增加的博弈期,新浪
2021-07-06,8家中资企业上榜！2021年全球矿企40强业绩有望再创新高,钢铁新闻网
2021-07-06,76只港股获南向资金大比例持有,证券时报网
2021-07-05,中煤能源(01898)：“18中煤07”回售额8亿元,智通财经
2021-07-05,最新中国市值500强：锂电巨头3年跻身万亿俱乐部！这个行业要火？猛增18家500强,21世纪经济报道
2021-07-05,近日我司公司债券推介,中信建投固定收益部
2021-07-05,2021年全球矿企40强公布铁矿石巨头垄断前四,兰格钢铁网
2021-07-05,煤炭开采行业周报：焦煤Q3长协普涨 动煤供需矛盾尚未根本缓解,新浪
2021-07-05,最新中国公司市值500强：13家破万亿！宁德时代、招行挺进前十，还有哪些入围？（名单）,21世纪经济报道
2021-07-04,【天风煤炭】20210702一周煤炭动向：炼焦煤供应紧张影响焦炭放量，持续看好双焦板块投资机会,煤炭鑫观点
2021-07-04,中泰证券：供应紧张局面依旧，煤价处于易涨难跌状态,Wind
2021-07-04,中泰证券：供应紧张局面依旧 煤价处于易涨难跌状态,证券时报网
2021-07-04,国泰君安：煤炭行业价值有大幅重估空间,证券时报网
2021-07-04,煤炭行业周报：短期市场观望情绪浓厚 供给无弹性仍是核心,新浪
2021-07-04,中泰周期·大宗指南：周期品周度运行变化,新浪
2021-07-01,智通财经港股7月投资策略及十大金股,智通财经
2021-07-01,华泰研究 | 七月重点关注组合,华泰证券研究所
2021-06-30,74只港股获南向资金大比例持有,证券之星
2021-06-29,财华洞察|石化燃料价格上涨，为何煤炭股无精打采？,财华社
2021-06-29,中煤能源(01898)：“18中煤05”、“18中煤06”将于7月6日付息,智通财经
2021-06-29,中煤能源：“18中煤05”将于7月6日付息,Wind
2021-06-29,"中煤能源(01898.HK)""18中煤05""将于7月6日付息",格隆汇
2021-06-29,大宗指南周期品周度运行变化,新浪
2021-06-29,农资标的投机降温 “有形之手”发力稳定市场预期,新浪
2021-06-29,【CV晨读】滴滴获10倍超额认购，传木头姐申请比特币ETF,投中网
2021-06-29,睿财看市场：双创携手大涨 半导体芯片继续走强,恒泰睿财
2021-06-29,港股盘前必读：长城汽车2025年将实现年销售400万辆,Wind
2021-06-29,基金经理“半年考”临近，业绩冰火两重天,Wind
2021-06-28,创业板大涨2%！养殖股、半导体发威，发改委表态致这两个板块冰火两重天,每日经济新闻
2021-06-28,牛人重仓｜ “精选条件”有效，指数再创新高，“腾笼换鸟”继续！,每日经济新闻
2021-06-28,今日股市0628丨创业板再度大涨 短期能否连续上行？,第一财经
2021-06-28,科技股强势创指涨近2%重返3400点两市成交额连续七日超万亿,财华社
2021-06-28,煤炭价格高位运行，发改委发声为其降温,环球老虎财经
2021-06-28,股市动态 | 国家出手！猪肉股绝处逢生，电力行业大涨，昊海生科业绩暴增收涨停,财经网
2021-06-28,10倍大牛股意外崩跌，外资90分钟卖40亿,Wind
2021-06-28,惊呆！10倍大牛股意外崩跌，发生了什么？外资90分钟狂卖40亿，国际巨头突然官宣，A股如何演绎？,券商中国
2021-06-28,港股收盘(6.28)|恒指收跌0.07% 体育用品股多股破顶 李宁(02331)盘中突破百元,智通财经
2021-06-28,“跷跷板效应”下的煤炭和电力，后市如何走？,Wind
2021-06-28,煤炭股集体下跌 中煤能源(01898)跌超7% 发改委预计7月煤价将进入下降通道 连续下跌,和讯
2021-06-28,港股煤炭概念持续走弱 中煤能源港股跌超7%,经济观察报
2021-06-28,煤炭行业周报：煤矿安监趋严、部分矿井停产 持续看好煤炭股中报行情 经营问题,新浪
2021-06-28,港股异动 | 兖州煤业股份(01171)跌超5%领跌煤炭股 发改委预计7月份煤价将进入下降通道,智通财经
2021-06-28,煤炭股走低 中煤能源及兖州煤业均跌超5%,新浪
2021-06-28,港股异动 | 煤炭股走低 发改委料7月煤价进入下降通道,格隆汇
2021-06-28,创业板大涨超2%，万亿巨头再创新高！电力股批量涨停,上游新闻
2021-06-28,近日我司公司债券推介,中信建投固定收益部
2021-06-28,煤炭股全线大跌：兰花科创跌停，山煤国际等多股逼近跌停 连续下跌,格隆汇
2021-06-28,刚刚，创业板暴涨超2%，万亿巨头再创新高！电力股大面积涨停，煤炭却遭遇重挫…后市如何走？机构火线解读,证券时报
2021-06-28,【异动股】煤化工板块下挫，淮北矿业(600985.CN)跌9.88%,财华社
2021-06-28,煤价7月份有望大幅下降，黑色系行情见顶？,证券之星
2021-06-28,煤炭板块低开发改委预计7月煤价将大幅下降,格隆汇
2021-06-27,板块拾金丨万亿元大题材“BIPV概念”横空出世，七月的翻身行情会在哪？,第一财经
2021-06-27,港股收跌0.07%，体育用品板块走强，能源股领跌，李宁涨超13%,腾讯网
2021-06-27,【安信能源 周泰团队】第23周周报：供给端弹性减弱，煤价中枢有望持续提升,泰度煤炭
2021-06-26,煤炭板块爆发，龙头净利润预增16倍，16只概念股平均累计上涨12.73%,和讯
2021-06-26,富德生命人寿重仓ST北文损失惨重，偿付充足率长期低位徘徊,红周刊
2021-06-26,6月煤炭板块大爆发，龙头净利润预增16倍（附名单）,证券时报网
2021-06-26,突发重大利空！A股“涨停王”熄火，公司意向投资人宣布退出。煤炭板块爆发，龙头净利润预增16倍（附名单）,证券时报网
2021-06-26,智通港股公告精选︱(6.25) 康诺亚-B、小鹏汽车-W及朗诗绿色生活今起招股 李宁预期中期纯利逾18亿元,智通财经
2021-06-25,港股高开0.42%，恒大系延续涨势，中国恒大涨近2%,腾讯网
2021-06-25,中国中煤能源：将“18中煤07”后2年的票面利率由4.4%下调至2.7%,Wind
2021-06-25,【异动股】煤炭采选板块高开，美锦能源(000723.CN)涨10.04%,财华社
2021-06-25,南向资金高比例持有港股名单,证券之星
2021-06-25,智通港股开市掘金(06.25) | 煤炭供不应求 周期品涨价需要关注,智通财经
2021-06-25,智通港股早知道︱(6月25日)放射性药物纳入医保利好相关企业，康诺亚-B(02162)、小鹏汽车-W(09868)今日开始招股,智通财经
2021-06-25,智通港股投资日志|6月25日,智通财经
2021-06-24,国泰君安：中报超预期的方向在哪？,新浪
2021-06-24,突然超车！基金“中考”冠军争夺太激烈，大黑马暴赚49%领跑！,中国基金报
2021-06-24,反弹！恒指科技股领航表现佳 盘中成交量大幅增长 中国全国国企利润按年增长 欧元区PMI高于预期,--
2021-06-24,74只港股获南向资金大比例持有,证券时报网
2021-06-24,智通港股开市掘金(06.24) | 光伏再迎利好 碳交易催化钢铁板块,智通财经
2021-06-24,巨丰早评：科技股有望继续冲高,巨丰财经
2021-06-24,智通港股早知道︱(6月24日)第五批国家药品集采平均降价56%，小鹏汽车通过港交所上市聆讯,智通财经
2021-06-23,格隆汇港股聚焦(06.23)︱波司登年度纯利升42.1%至17.1亿元；和黄医药发售价厘定为每股40.1港元,格隆汇
2021-06-23,智通港股公告精选︱(6.23) 和黄医药每股发售价40.1港元预期募资总额41.704亿港元,智通财经
2021-06-23,创指五连阳两市成交连续四日破万亿 短期分歧加大科技仍是主线,财华社
2021-06-23,科技题材仍是当前市场主线,财华社
2021-06-23,智通港股研报精读(06.23) | 重点关注煤炭板块、有色板块和汽车板块龙头股,智通财经
2021-06-23,华为、隆基、通威等44家能源企业上榜！总价值57387.45亿！2021年中国500最具价值品牌发布！,国际能源网
2021-06-23,A股收评：深成指、创业板指五连阳，科技股涨势强劲,证券之星
2021-06-23,犀牛财经看市：美股震荡收涨纳指创盘中新高 创业板指收获5连阳,GPLP犀牛财经
2021-06-23,中煤能源(01898.HK)：“18中煤07”拟实施回售,格隆汇
2021-06-23,中煤能源：子公司拟投资10亿元认购私募基金,Wind
2021-06-23,中煤能源(01898.HK)下属子公司拟10亿元投资金石母基金,格隆汇
2021-06-23,【机会挖掘】环渤海动力煤价格指数持续上涨 机构看好煤炭板块投资机会,证券时报网
2021-06-23,中煤能源(601898.SH)子公司拟斥10亿元认购朔州市金石母基金份额,智通财经
2021-06-23,中煤能源：“18中煤07”回售登记期6月28日至7月2日,Wind
2021-06-23,创业板指涨近1% 临近收盘下探回升,至诚财经
2021-06-23,“迎峰度夏”来临，7月份煤价将重启升势？,财联社
2021-06-23,巨·大盘｜周期科技上攻 高位股退潮 创业板冲破3300点,巨丰财经
2021-06-23,港股异动 | 煤炭股普涨 兖州煤业股份(1171.HK)涨逾7%,格隆汇
2021-06-23,中煤能源大涨7.09% 换手率0.31%,中新经纬
2021-06-23,巨丰收评：创业板指涨1.1% 科技股全天走强,巨丰财经
2021-06-23,A股收盘综述：创业板指连升5日，泛科技持续“吸金”,Wind
2021-06-23,【天风煤炭】20210528一周煤炭动向：“迎峰度夏”来临，动力煤价支撑仍在,煤炭鑫观点
2021-06-23,煤炭ETF（515220）午后暴力拉升涨超3.5%,资本邦
2021-06-23,【异动股】中煤能源(01898.HK)涨4.6%,财华社
2021-06-23,快讯：煤炭股集体走高山西焦煤逼近涨停,财联社
2021-06-23,煤炭板块走强 山西焦煤逼近涨停,格隆汇
2021-06-23,煤炭板块午后持续升温，山西焦煤触板,Wind
2021-06-23,【异动股】煤炭采选板块拉升，山西焦煤(000983.CN)涨8.13%,财华社
2021-06-23,煤炭板块午后拉升 山西焦煤涨逾9%,上证报
2021-06-23,快讯：煤炭概念午后大幅走强 山西焦煤涨逾8%,新浪
2021-06-23,板块异动丨供应短缺依旧 煤炭板块持续拉升,智通财经
2021-06-23,煤炭概念持续拉升,经济观察报
2021-06-22,智通AH统计|6月22日,智通财经
2021-06-22,收评：沪指涨0.80% 农业股集体爆发,网易
2021-06-22,【行情】A股煤炭股午后异动拉升，陕西黑猫涨停，辽宁能源、金能科技、中煤能源、新集能源、兰花科创等跟涨,金十数据
2021-06-22,煤炭股尾盘走俏，陕西黑猫封板,Wind
2021-06-22,国泰君安晨报,新浪
2021-06-22,板块异动丨旺季临近煤价有支撑 煤炭板块异动拉升,智通财经
2021-06-22,国泰君安：供给端深刻变革，将助推煤炭板块价值重估,证券时报网
2021-06-22,晨报0622 | 碳中和专题、煤炭行业专题、天赐材料（002709）,国泰君安证券研究
2021-06-21,华西煤炭周报|电厂日耗高企，旺季临近煤价有支撑，看好煤炭中报行情,华西交运煤炭研究
2021-06-21,329只股破净15股股价不足每股净资产一半,证券时报网
2021-06-21,智通AH统计|6月21日,智通财经
2021-06-21,近日我司公司债券推介,中信建投固定收益部
2021-06-21,中煤能源2021年5月份商品煤产量增8.2% 销量增14.3%,国际煤炭
2021-06-21,看料炒股—看原材料涨跌，炒股票！（2021年6月21日）,生意社
2021-06-21,【异动股】煤炭采选板块低开，山西焦煤(000983.CN)跌4.94%,财华社
2021-06-21,煤炭开采行业周报：周期品周度运行变化,新浪
2021-06-21,半程冠军悬念迭起基金经理“贴身肉搏”,中证报
2021-06-20,煤炭周观点：市场对煤炭板块三个担忧的解读【国君煤炭翟堃】,煤市乾坤
2021-06-19,危废暂存间用了1年多都没做环保验收，这家企业被罚50万，背后牵出两家上市公司,每日经济新闻
2021-06-19,A股绿色周报｜13家上市房企登风险榜 中煤能源旗下企业未验先投被罚50万,每日经济新闻
2021-06-19,中煤能源间接控股子公司环境违法被罚50万元 环保处罚,每日经济新闻
2021-06-18,A股全天震荡创指巨震洗盘收涨1.6% 科技领涨市场有望继续反弹,财华社
2021-06-18,目前市场处于震荡休整期，创业板连续中阳 下周重点关注量能变化,财华社
2021-06-18,5月煤炭行业数据点评：日均产量环比略降 旺季动力煤价继续看涨采*陈晨,新浪
2021-06-18,市场阴晴不定 明星基金经理 几家欢喜几家愁,21世纪经济报道
2021-06-17,A股20年产业变迁大数据：“科技味”渐浓，VC/PE机构渗透率不断提高,创业资本汇
2021-06-17,“过山车”的明星经理：公募基金业绩冰火两重天,21世纪经济报道
2021-06-17,智通AH统计|6月17日,智通财经
2021-06-17,【干货】钢铁行业产业链全景梳理及区域热力地图,前瞻研究院
2021-06-17,中煤能源：5月生产聚烯烃13.3万吨 销售13.1万吨,煤炭网
2021-06-17,早报 | 尿素破位，油脂低迷—20210617,中银期货研究
2021-06-17,智通港股早知道︱(6月17日) 美联储预计2023年底前加息两次 船舶运费强劲利好中国外运(00598)等,智通财经
2021-06-17,上市公司正负面新闻2021年6月17日星期四,Wind
2021-06-17,6月17日操盘必读：影响股市利好与利空消息,新浪
2021-06-17,股海导航 6月17日沪深股市公告提示,新浪
2021-06-17,“科技色彩”日渐浓厚 头部企业平均市值增长超20倍,证券时报网
2021-06-17,头部企业平均市值增长超20倍！A股20年产业变迁大数据：“科技味”渐浓,证券时报
2021-06-17,【天风煤炭20210616】5月份全国原煤产量32629万吨 同比增长0.6%,煤炭鑫观点
2021-06-16,格隆汇港股聚焦(06.16)︱SOHO中国获黑石集团溢价约31.6%提收购要约；信义玻璃中期纯利预增260%-290%,格隆汇
2021-06-16,智通港股公告精选︱(6.16)越秀服务今起招股 黑石集团拟溢价约31.6%要约收购SOHO中国,智通财经
2021-06-16,晚间公告热点追踪：药明康德股东遭立案调查 三个交易日市值蒸发逾400亿,新浪
2021-06-16,煤炭5月供需数据点评：供需紧张延续 基本面维持向上,新浪
2021-06-16,【日报|国君煤炭翟堃】山西省开展安全生产集中检查督查工作,煤市乾坤
2021-06-16,【安信能源 周泰团队】5月份全国原煤产量32629万吨 同比增长0.6%,泰度煤炭
2021-06-16,晚间重要公告2021年6月16日星期三,Wind
2021-06-16,公告精选：苏宁易购实控人筹划股份转让重大事项；药明康德股东上海瀛翊遭立案调查,e公司
2021-06-16,林英睿弃煤炭？蔡嵩松一直都是“蔡嵩松”，估值偏差揭秘“顶流”最新持仓动态,财联社
2021-06-16,中煤能源(01898.HK)5月商品煤销量按年升14.3%,财华社
2021-06-16,【公告抢先看】晚间公告：苏宁易购筹划涉及公司股份转让的重大事项、洽洽食品控股股东拟斥资1亿元增持股份,金融界
2021-06-16,6月16日金禾实业、诚意药业、广汽集团、福莱特等11家公司公告出现利好,证券之星
2021-06-16,A股大幅杀跌创指重挫4%市场避险情绪浓厚金融股强势护盘,财华社
2021-06-16,中煤能源(01898.HK)5月商品煤销量2545万吨同比增长14.3%,格隆汇
2021-06-16,中煤能源：5月份商品煤产量1004万吨，同比增长8.2%,Wind
2021-06-16,中煤能源(601898.SH)5月商品煤产量同比增8.2% 销量增14.3%,格隆汇
2021-06-16,中煤能源(601898.SH)5月商品煤销量同比增长14.3%,智通财经
2021-06-16,【机会挖掘】环渤海动力煤价格再次上涨 机构看好煤炭股二季报行情,证券时报网
2021-06-16,煤炭股今日逆势走强 | 数据观察,第一财经
2021-06-16,【热股】现货供需偏紧 煤炭采选板块走强 恒源煤电拉升涨停,上海有色
2021-06-16,煤炭板块逆市上涨,第一财经
2021-06-16,煤炭板块走高多机构看好行业维持较高景气度,格隆汇
2021-06-16,煤炭概念异动拉升,经济观察报
2021-06-16,煤炭板块异动拉升，恒源煤电涨停，中煤能源、陕西黑猫、云维股份等跟涨。,新浪
2021-06-16,板块异动丨动力煤旺季即将来临 煤炭概念持续拉升,智通财经
2021-06-16,煤炭板块逆势冲高，恒源煤电率先封板,Wind
2021-06-16,煤炭供应短缺时代开启 行业景气度向上,中泰证券
2021-06-16,中泰证券：动力煤价有望维持高位，持续看好煤炭行业投资机会,证券时报网
2021-06-15,上半年业绩暴增股名单！13只股票遭机构疯狂抢筹,中金在线
2021-06-15,国君策略：厝火积薪，成长扩散,证券之星
2021-06-15,中煤能源(01898.HK)独立非执行董事张克任期将届满,格隆汇
2021-06-15,中煤能源(601898.SH)：独立非执行董事张克任期届满,智通财经
2021-06-15,中煤能源：“18中煤05”回售金额为22亿元，不转售,Wind
2021-06-15,国君策略：估值体系重塑新阶段 二三线成长品种具备重估价值,新浪
2021-06-15,华西煤炭|动力煤旺季即将来临，持续看好煤炭股的二季报行情,华西交运煤炭研究
2021-06-15,智通港股通占比异动统计|6月15日,智通财经
2021-06-14,智通港股通占比异动统计|6月14日,智通财经
2021-06-13,【安信能源 周泰团队】第21周周报：进入旺季，国内外动力煤价小幅上扬,泰度煤炭
2021-06-13,煤炭行业：供给收窄将成为板块上行重要催化,新浪
2021-06-11,智通AH统计|6月11日,智通财经
2021-06-10,智通AH统计|6月10日,智通财经
2021-06-10,【金工】重业绩轻估值 关注煤炭化工阶段性机会――主动量化周报,渤海证券研究
2021-06-09,中煤能源：“15中煤MTN001”将于6月18日付息,新浪
2021-06-09,智通AH统计|6月9日,智通财经
2021-06-09,煤炭股冲高回落 中煤能源临近收盘上涨1.47%,新浪
2021-06-09,煤炭股冲高回落国家发改委或正在考虑对动力煤实施限价措施,格隆汇
2021-06-09,巨·大盘｜ 酿酒退潮资源股接力 市场主线再次生变,巨丰财经
2021-06-09,【异动股】中煤能源(01898.HK)涨4.4%,财华社
2021-06-09,八大券商主题策略：涨价仍是一条重要线索！煤炭板块行情刚刚开始,中金在线
2021-06-09,港股午盘丨恒生指数跌0.07%能源业大幅走高,第一财经
2021-06-09,巨丰午评：煤炭钢铁大爆发 A股低开高走,巨丰财经
2021-06-09,港股异动 | 兖州煤业股份(01171)涨超8%领涨煤炭股 动力煤价格开启旺季反弹 半年报有望超预期,智通财经
2021-06-09,动力煤价格开启旺季反弹，煤炭板块强势拉升，山煤国际等涨停,证券时报网
2021-06-09,煤炭股集体飙涨 机构：煤价重回基本面 价值重估开启丨牛熊眼,第一财经
2021-06-09,煤炭板块继续扩大升幅，昊华能源封板,Wind
2021-06-09,中国固定收益市场日报,新浪
2021-06-09,晨报0609 | 债市专题、煤炭行业专题、智能家居专题、财富管理专题,国泰君安证券研究
2021-06-08,【深度】供给深刻变局，价值重估开启【国君煤炭翟堃】,煤市乾坤
2021-06-08,【天风煤炭20210608】国家矿山安监局发布特急通知 要求进一步加强防范煤与瓦斯突出事故,煤炭鑫观点
2021-06-08,煤炭行业：供给深刻变局 价值重估开启,新浪
2021-06-08,中煤能源(01898)：每手“18中煤03”将派息49元并于6月18日提前摘牌 退市,智通财经
2021-06-08,中煤能源(01898)A股将于6月17日每股派现金红利0.134元,智通财经
2021-06-08,中煤能源(01898.HK)：“18中煤03”将于6月18日提前摘牌,格隆汇
2021-06-08,中煤能源(01898.HK)A股每股现金红利0.134元 股权登记日6月16日,格隆汇
2021-06-08,中煤能源：2020年度A股利润分派10派1.34元股权登记日为6月16日,财联社
2021-06-08,中煤能源(601898.SH)2020年度A股利润分派10派1.34元 股权登记日为6月16日,格隆汇
2021-06-08,中煤能源(601898.SH)A股将于6月17日分红 每股A股派0.134元,智通财经
2021-06-08,智通AH统计|6月8日,智通财经
2021-06-08,化工行业周报：原油价格震荡上行 关注超跌优质龙头,新浪
2021-06-08,智通港股通占比异动统计|6月8日,智通财经
2021-06-08,晨报0608 | 美股对比专题、煤炭专题、电商内卷专题、中国软件国际（0354）,国泰君安证券研究
2021-06-08,国泰君安：煤炭供需紧张将加剧，盈利进入释放期,证券时报网
2021-06-07,中国公司市值增长50强：2021年春季观察，牧原、海康、招行冒头,财经网
2021-06-07,中煤能源：将“18中煤05”后2年的票面利率由4.69%下调至2.60%,Wind
2021-06-07,智通AH统计|6月7日,智通财经
2021-06-07,近日我司公司债券推介,中信建投固定收益部
2021-06-06,煤炭开采2021年中期策略行业策略：供需矛盾难解 价格上行 弹性为王,新浪
2021-06-06,【安信能源 周泰团队】第20周周报：电厂高日耗低库存，迎峰度夏有望支撑煤价,泰度煤炭
2021-06-05,第九次全国煤炭工业科学技术大会召开 煤炭市场营销专家委员会换届,煤炭市场网
2021-06-05,河北中煤旭阳能源有限公司 1.65 亿项目环评获同意,ZAKER
2021-06-04,大金融冲高回落白酒领涨 A股低开高走市场短期震荡分化加剧,财华社
2021-06-04,短期指数仍将保持震荡走势,财华社
2021-06-04,6月4日热点行业分析：白酒、红黄药酒行业领涨,搜狐
2021-06-04,智通AH统计|6月4日,智通财经
2021-06-04,【异动股】煤炭采选板块拉升，郑州煤电(600121.CN)跌5.89%,财华社
2021-06-04,券商股异动，1700亿教育巨头大涨，次新股大跳水,Wind
2021-06-04,券商股直线飙升：2分钟拉涨停 印花税要降？更有1700亿教育巨头“暴动”,中国基金报
2021-06-04,A股低开高走上海本地股分化煤炭股领跌券商股直线拉升,证券之星
2021-06-04,今日大盘走势最新消息 6月4日午盘走势行情分析,至诚财经
2021-06-04,解盘：超百亿资金流入，锂电、储能、半导体、IGBT略涨,Wind
2021-06-04,【SMM快讯】股市低开 煤炭板块领跌 有色、钢铁等大宗商品板块跌幅居前,上海有色
2021-06-04,煤炭板块调整，中煤、潞安环能、陕西黑猫、山西焦煤、兖煤跌幅居前,Wind
2021-06-04,美元走强！铁矿石、煤炭、有色等资源股全线下跌,格隆汇
2021-06-04,【异动股】煤炭采选板块低开，郑州煤电(600121.CN)跌6.04%,财华社
2021-06-04,快讯：煤炭股开盘走低 板块指数领跌两市,财联社
2021-06-04,快讯：煤炭概念开盘走弱 郑州煤电跌近7%,新浪
2021-06-04,煤炭股大幅走低，郑州煤电跌近7%,Wind
2021-06-04,【行情】煤炭概念开盘走弱，郑州煤电跌近7%，山西焦煤、中煤能源、开滦股份、兖州煤业跟跌,金十数据
2021-06-03,煤炭行业基金重仓分析专题(2021年一季度),新浪
2021-06-03,智通港股解盘(06.03) | 新股申购火爆吸金 28700一带看反弹,智通财经
2021-06-03,煤炭概念概念股近三日受9亿主力资金追捧,证券时报网
2021-06-03,智通港股52周新高、新低统计|6月3日,智通财经
2021-06-03,【异动股】中煤能源(01898.HK)涨3.29%,财华社
2021-06-03,动力煤板块强势 郑州煤电涨停,新浪
2021-06-03,今日大盘走势最新消息 6月3日午盘走势行情分析,至诚财经
2021-06-03,煤炭板块再度拉涨，陕西黑猫、兖州煤业、中煤能源扩大升幅,Wind
2021-06-03,郑州煤电等煤炭个股大涨近8%!煤炭ETF(515220)换手率达12.36%,资本邦
2021-06-03,煤炭概念持续拉升,经济观察报
2021-06-03,煤炭板块走强动力煤将迎来季节性旺季,格隆汇
2021-06-03,【行情】煤炭板块开盘拉升，郑州煤电涨停，陕西黑猫、晋控煤业、安源煤业、中煤能源等跟涨,金十数据
2021-06-03,煤炭股开盘走强，晋控煤业拉升涨逾8%，中煤能源、郑州煤电、远兴能源、陕西黑,新浪
2021-06-03,快讯：煤炭股开盘走强,财联社
2021-06-03,煤炭股盘初活跃，陕西黑猫、中煤能源涨超4%,Wind
2021-06-02,权益基金冠军宝座暂时易主：林英睿位居第二 第一是？,新浪
2021-06-02,中煤能源：“18中煤05”回售登记期为6月7日至6月11日,Wind
2021-06-02,智通港股52周新高、新低统计|6月2日,智通财经
2021-06-02,智通AH统计|6月2日,智通财经
2021-06-02,中煤能源：“18中煤05”回售登记期6月7日至6月11日,Wind
2021-06-02,智通港股开市掘金(06.02) | 监管来临大盘注意风向 煤炭和疫苗类值得关注,智通财经
2021-06-01,324只股破净房地产建筑装饰最为集中,证券时报网
2021-06-01,煤炭股午后冲高 机构称需求推动下煤价仍有上行动力丨牛熊眼,第一财经
2021-06-01,提“质”担责，32家煤企交出“硬核”答卷,中国煤炭报
2021-06-01,智通港股通资金流向统计(T+2)|6月1日,智通财经
2021-05-31,中煤能源(01898.HK)：“18中煤03”将于6月5日付息,格隆汇
2021-05-31,近日我司公司债券推介,中信建投固定收益部
2021-05-31,华西煤炭周报|动力煤价企稳迎旺季，继续看好煤炭股修复,华西交运煤炭研究
2021-05-31,亢龙有悔还是飞龙在天 机构激辩周期股后市,上证报
2021-05-30,煤炭周观点：动力煤价回调寻底，板块迎来布局良机【国君煤炭翟堃】,煤市乾坤
2021-05-30,煤炭开采行业周报：日耗攀升 电厂库存持续低位 看好旺季价格表现,新浪
2021-05-29,摩根士丹利华周期风格基金经理离职 绩优生为何此时急流勇退？引周期行情渐近尾声猜想 基金经理离任,财联社
2021-05-29,摩根士丹利华鑫周期风格基金经理离职，绩优生为何此时急流勇退？引周期行情渐近“尾声”猜想 基金经理离任,财联社
2021-05-29,煤炭周报：澳洲动力煤价格暴涨 国内价格走稳,新浪
2021-05-28,关于调整沪深300和中证香港100等指数样本的公告,中证指数
2021-05-28,智通AH统计|5月28日,智通财经
2021-05-27,【异动股】煤炭采选板块拉升，平煤股份(601666.CN)涨10.02%,财华社
2021-05-27,煤炭板块走强 平煤股份封板,上证报
2021-05-26,今年第一和垫底的基金都是“梭哈基金”？还有一只完美躲开行情的“梭哈基”,新浪
2021-05-26,李延江退出中煤能源法定代表人，由王树东接任,发现网
2021-05-25,智通AH统计|5月25日,智通财经
2021-05-24,近日我司公司债券推介,中信建投固定收益部
2021-05-23,煤炭开采行业周报：政策调控 价格回调,新浪
2021-05-23,公募基金一季报盘点：中银基金难逃被赎回命运 公募基金整体持仓下降,新浪
2021-05-22,顺周期降温，林英睿减速，葛兰已领跑“百亿组别”，主动权益类公募排名争夺接下来看医药？,财联社
2021-05-22,3500点关口上演拉锯战，资金反复试探突破口,Wind
2021-05-21,【安信能源 周泰团队】1-4月全国全社会用电量同比增长19.1%,泰度煤炭
2021-05-21,下半年券商展望：周期板块分歧激烈,财华社
2021-05-21,A股冲高回落创指收跌近1% 金融股大跌周期股反弹市场分化延续 连续下跌,财华社
2021-05-21,5月21日晚间重要行业研究汇总(附股),中金在线
2021-05-21,【异动股】中煤能源(01898.HK)涨3.64%,金融界
2021-05-21,弱势震荡收跌：沪指跌0.58%，创指跌近1%，周期股反弹,澎湃新闻
2021-05-21,热点淘金：市场延续近期调整节奏 周期资源股回暖走强,巨丰财经
2021-05-21,八大券商主题策略：掘金“碳中和”！历史性配置机遇来了？全面看多煤炭板块,中金在线
2021-05-21,港股午评：恒指跌0.21%大型科技股、资源股走强,格隆汇
2021-05-21,沪指半日跌0.45% 造纸板块逆市领涨,中新经纬
2021-05-21,板块异动丨做好迎峰度夏期间保供稳价工作 煤炭概念股异动拉升,智通财经
2021-05-21,快讯：资源股再度走强 钢铁、煤炭概念股拉升,新浪
2021-05-21,【行情】煤炭概念持续拉升，华银电力此前涨停，陕西黑猫涨超6%，山西焦煤、郑州煤电、中煤能源跟涨,金十数据
2021-05-21,煤炭开采：详解4月份火电高增原因,新浪
2021-05-21,66只港股获南向资金大比例持有,证券时报网
2021-05-21,睿财看市场：周期股大跌，分化行情考验指数突破的有效性,恒泰睿财
2021-05-21,智通港股通占比异动统计|5月21日,智通财经
2021-05-21,中泰证券：煤炭行业未来几年预计维持较高景气度，持续看好煤炭行业投资机会,证券时报网
2021-05-20,基金“新男神”林英睿8只重仓股被砸，大宗商品危险了？,搜狐
2021-05-20,顺周期三大板块领跌！2张图一览237家上市公司业绩、债券风险情况,Wind
2021-05-20,港股收评：科技股活跃恒生科技指数涨1.25%煤炭、钢铁等周期板块重挫,格隆汇
2021-05-20,恒指收跌0.5% 科技股走强 网易涨超8%,凤凰网
2021-05-20,恒指收跌0.5%报28450点 恒生科技指数涨1.25%,新浪
2021-05-20,港股收盘丨恒生科技指数涨1.25%资源股重挫,第一财经
2021-05-20,恒指收跌0.5%：周期股大幅回落，电子烟概念活跃,Wind
2021-05-20,煤炭、钢铁等周期股成下跌重灾区,财华社
2021-05-20,国常会定调排查大宗商品恶意炒作行为 黑色系全线暴跌周期股重挫,财华社
2021-05-20,风云突变！黑色系集体跳水，白酒股大涨近5%！后市如何操作？,上证报
2021-05-20,千亿龙头大跌15%！白酒股大涨，A股风格又变了？,Wind
2021-05-20,解盘：资金小幅流入，白酒、家电、高送转、次新略涨,Wind
2021-05-20,沪指低开低走跌破3500点，煤炭板块指数跌超5%,证券时报网
2021-05-20,快讯：煤炭概念股继续走低 山煤国际等跌近9%,新浪
2021-05-20,快讯：煤炭概念股继续走低 板块指数跌超5%,财联社
2021-05-20,【行情】煤炭板块指数领跌两市，山煤国际、陕西黑猫、中煤能源、兖州煤业、平煤股份、山西焦煤跌近9%,金十数据
2021-05-20,【异动股】中煤能源(01898.HK)跌10.72%,财华社
2021-05-20,商品期货夜盘跳水，周期股全线重挫，金岭矿业跌停 连续下跌,金融界
2021-05-20,开盘：恒指低开0.63%，区块链股、煤炭等资源股大跌,老虎证券
2021-05-20,港股早评：恒指低开0.63%区块链股、煤炭等资源股大跌 连续下跌,格隆汇
2021-05-20,港股资源股全线下跌 大宗商品重挫拖累 连续下跌,格隆汇
2021-05-20,恒指低开0.63%，周期、区块链板块大跌,Wind
2021-05-19,5月19日异动股点评：电光科技“躺平”背后 盘点四牛与四熊,山东神光
2021-05-19,两市分化：沪指跌0.51%，创指涨0.8%，个股跌多涨少,澎湃新闻
2021-05-19,一季度超八成上市煤企业绩预增或预盈,中国煤炭网
2021-05-19,又见惨烈“杀猪盘”！连续三跌停人均亏近18万元！ 连续下跌,中国基金报
2021-05-19,【异动股】煤炭采选板块下挫，中煤能源(601898.CN)跌5.22%,财华社
2021-05-19,跌停、跌停、又跌停！惨烈“杀猪盘”又来了,Wind
2021-05-19,"跌停！跌停！又跌停！惨烈""杀猪盘""又来了",中国基金报
2021-05-19,解盘：资金继续流入，锂电、智能音箱、半导体设备略涨,Wind
2021-05-19,钢铁、煤炭领跌两市,新浪
2021-05-19,【行情】煤炭板块走弱，中煤能源跌超5%，兰花科创、平煤股份跌超4%，潞安环能、兖州煤业、云煤能源跌超3%、山西焦煤、山西焦化等跟跌,金十数据
2021-05-19,【异动股】煤炭采选板块下挫，兰花科创(600123.CN)跌4.06%,财华社
2021-05-19,南向资金高比例持有港股名单,证券时报网
2021-05-18,巨变前夜：煤炭行业集中度将再获提升,21世纪经济报道
2021-05-18,绩优股在哪？3年盈利稳定的57家公司在这里(名单),21世纪经济报道
2021-05-18,中国中煤能源：“18中煤03”回售金额为17亿元，不进行转售,Wind
2021-05-18,近日我司公司债券推介,中信建投固定收益部
2021-05-18,大宗商品暴涨之谜：有基金涨超30%！ 通胀行情还能继续香吗？,21金融圈
2021-05-18,【动力煤】日报-2021-05-17-全社会用电量增速放缓背景下动力煤高位下行,英大期货
2021-05-18,智通港股通占比异动统计|5月18日,智通财经
2021-05-17,A股煤企2020成绩单：近七成煤企净利下滑 盈利能力下降,每日经济新闻
2021-05-17,大宗商品疯狂！“手无寸铁”的人要哭了，通胀行情继续香吗？,21金融圈
2021-05-17,大宗商品彻底疯狂、监管集体出手 通胀行情还能继续香吗？,21世纪经济报道
2021-05-17,中煤能源(01898)：“18回煤03”回售金额为17亿元,智通财经
2021-05-17,【异动股】中煤能源(01898.HK)涨3.79%,财华社
2021-05-17,中泰周期·大宗指南：周期品周度运行变化,新浪
2021-05-17,煤炭开采：煤价继续强势 政策干预频繁,新浪
2021-05-17,国盛证券--煤炭开采行业周报：煤价如期破千引关注，情绪释放后仍将延续上行【行业研究】,金融界股吧
2021-05-17,看料炒股—看原材料涨跌，炒股票！（2021年5月17日）,生意社
2021-05-17,“煤飞色舞”要结束？部分卖方行业研究员认为本轮周期行情已近顶部,中国基金报
2021-05-17,4月份中煤能源商品煤产量降4.8% 销量增36.9%,中国能源网china5e
2021-05-17,【动力煤】周报-2021-05-14-严监管与涨跌停板调整下动力煤宽幅震荡,英大期货
2021-05-17,智通港股早知道︱(5月17日) 关注区块链、保险板块 高教和职教靴子落地涉及中教控股(00839)等,智通财经
2021-05-17,春节以来周期类基金业绩领先 公募关注结构性机会,中国基金报
2021-05-16,煤炭周报：中下游库存仍低 补库有望支撑价格,新浪
2021-05-16,煤炭周观点：情绪释放，供需不改，调整后将再迎上攻【国君煤炭翟堃】,煤市乾坤
2021-05-16,【开源煤炭&石化-张绪成】煤炭周报：煤价齐上涨引指数停发，持续看好煤炭股行情,能源观察站
2021-05-16,A股煤企2020成绩单：近七成净利下滑，行业流动负债近6500亿 盈利能力下降,每日经济新闻
2021-05-15,【能化周报】甲醇：煤价陡跌，甲醇强弱转换还有余时,新浪
2021-05-14,智通港股公告精选︱(5.14) 中国平安前4个月原保险合同保费收入3025.9亿元 同比下滑5.79%,智通财经
2021-05-14,大举押注矿产能源，一季报最牛基金经理竟是他们？,新浪
2021-05-14,中煤能源(01898.HK)4月商品煤销量按年升36.9%,财华社
2021-05-14,中煤能源(601898.SH)4月商品煤销量同比增长36.9%,智通财经
2021-05-14,北京区域股市周报：新增1家上市公司 46家机构调研千方科技,每日经济新闻
2021-05-14,中煤能源(01898.HK)4月商品煤销量2684万吨同比增长36.9%,格隆汇
2021-05-14,港A煤炭股普跌国内期货动力煤和焦炭均大跌超6%,格隆汇
2021-05-14,【异动股】中煤能源(01898.HK)跌4.33%,财华社
2021-05-14,【异动股】煤炭采选板块下挫，兖州煤业(600188.CN)跌5.1%,财华社
2021-05-14,【异动股】煤炭采选板块下挫，郑州煤电(600121.CN)跌3.03%,财华社
2021-05-14,智通港股通占比异动统计|5月14日,智通财经
2021-05-13,近三年平均盈利900亿！煤炭上市公司2021社会责任报告发布！,国际能源网
2021-05-13,格隆汇个股放量排行榜 | 5月13日,格隆汇
2021-05-13,今日港股行情分析 5月13日港股行情恒生指数收盘,至诚财经
2021-05-13,港股收盘(5.13)|恒指收跌1.81% 加息预期升温 资源股、科技股全线重挫,智通财经
2021-05-13,恒指收跌1.81%，科技、周期股重拾跌势,Wind
2021-05-13,港股钢铁、煤炭、有色金属等周期股全线重挫,格隆汇
2021-05-13,【异动股】中煤能源(01898.HK)跌4.07%,财华社
2021-05-13,港股异动 | 蒙古焦煤(00975)跌超15%领跌煤炭股 多家机构暂停发布煤炭价格指数,智通财经
2021-05-13,彰显企业担当 32家煤炭企业发布社会责任报告,工业新闻网
2021-05-13,大宗商品飙升！周期股冠军基金涨近50%,证券导报
2021-05-13,【异动股】煤炭采选板块下挫，山西焦煤(000983.CN)跌7.2%,财华社
2021-05-13,渤海证券--主动量化周报：题材、周期轮动CTA策略爆发【投资策略】,金融界股吧
2021-05-13,【金工】题材、周期轮动 CTA策略爆发――主动量化周报,渤海证券研究
2021-05-13,智通港股通占比异动统计|5月13日,智通财经
2021-05-13,智通港股投资日志|5月13日,智通财经
2021-05-12,格隆汇个股放量排行榜|5月12日,格隆汇
2021-05-12,【研报掘金】煤炭行业二季度价格及盈利环比改善趋势明确，持续看好煤炭板块投资机会,证券时报网
2021-05-12,医美概念股飙涨！增长空间巨大 这一重磅数据公布！这些行业机会来了？,中金在线
2021-05-12,近日我司公司债券推介,中信建投固定收益部
2021-05-12,【异动股】中煤能源(01898.HK)涨3.26%,财华社
2021-05-12,煤炭行业2020年报及2021一季报综述：高煤价促使业绩大增 旺季煤价仍可期待,新浪
2021-05-12,每经10点丨联合国上调中国今年经济增长预期至8.2%；巴西已检出110种变异新冠病毒毒株；美国汽油零售价刷新近六年来最高水平,每日经济新闻
2021-05-12,煤价上涨超预期，煤炭板块强势拉升，云煤能源等涨停,证券时报网
2021-05-12,板块异动丨煤价超预期掘金正当时 煤炭概念股异动拉升,智通财经
2021-05-12,煤炭板块拉升走强动力煤期货续创历史新高,格隆汇
2021-05-12,煤炭股早盘拉升 云煤能源、安源煤业涨停,e公司
2021-05-12,【行情】煤炭概念异动拉升，安源煤业涨停，兰花科创、云煤能源、陕西煤业、中煤能源跟涨,金十数据
2021-05-11,兰花科创：煤炭高弹性，化工有回暖【深度｜国君煤炭翟堃】,煤市乾坤
2021-05-11,周期股王者归来，有重仓基金年内涨幅接近50%,第一财经
2021-05-11,【安信能源 周泰团队】1-4月河南省生产原煤3302.83万吨 下降1.6%,泰度煤炭
2021-05-11,中煤能源(01898.HK)：“18中煤01”将于5月20日提前摘牌 退市,格隆汇
2021-05-11,中煤能源(01898.HK)委任张巧巧为股东代表监事,格隆汇
2021-05-11,基金必读：大成、申万菱信 天弘等7只新成立基金认购户数10户以下,新浪
2021-05-11,王树东获任中煤能源(01898)董事会董事长,智通财经
2021-05-11,中煤能源(01898.HK)：王树东获选举为董事长,格隆汇
2021-05-11,中煤能源：“18中煤01”提前摘牌日5月20日,Wind
2021-05-11,逆势大赚近50％，2021年最牛基金经理诞生！股神还是赌徒？,腾讯网
2021-05-11,【天风煤炭】20年年报&21年一季报总结：板块业绩持续改善，高景气度下看好煤炭板块估值修复,煤炭鑫观点
2021-05-11,煤炭股午前跌幅收窄，陕西焦煤大涨5%,Wind
2021-05-11,监管出手降温！大宗商品集体暴跌，“顺周期”要凉了？,格隆汇
2021-05-11,诱惑太大！压力太大，机构昨日狂追周期股……,Wind
2021-05-11,安信国际晨报：强烈推荐啤酒赛道优质个股,安信国际
2021-05-11,盘前情报丨黑色系商品大涨，煤电钢铁公司纷纷发布公告，今天市场怎么走？,21世纪经济报道
2021-05-11,大举“囤煤”，冠军基金涨近50%！如何布局“通胀交易”，基金这样说,中证报
2021-05-10,5月10日晚间重要行业研究汇总(附股),中金在线
2021-05-10,恒指收跌0.05% 顺周期板块集体狂欢 疫苗股大幅反弹,智通财经
2021-05-10,智通港股52周新高、新低统计|5月10日,智通财经
2021-05-10,智通AH统计|5月10日,智通财经
2021-05-10,煤炭行业周观点：景气向好 关注度提升 板块行情延续,新浪
2021-05-10,【财联社午报】“顺周期”连续3日领涨两市，数字货币成为题材突破口,财联社
2021-05-10,【异动股】中煤能源(01898.HK)涨4.43%,财华社
2021-05-10,东莞证券--煤炭行业20年报和21年1季报综述：2020年净利润下降5.7%，2021年1季度净利润创单季度历史新高【行业研究】,金融界股吧
2021-05-10,煤炭股早盘全线走高 蒙古焦煤涨超16%,新浪
2021-05-10,港股异动 | 蒙古焦煤(00975)涨超16%领涨煤炭股 供给端受限叠加下游补库需求 煤炭价格飙升,智通财经
2021-05-10,煤价高位持续性超预期 行情有望继续向好（附股）,证券时报网
2021-05-10,煤炭行情有望继续向好，建议继续积极参与低估值公司,金融界
2021-05-10,券商看大宗丨煤炭板块行情继续强势,第一财经
2021-05-10,中信证券：煤炭板块大涨之后，基本面依然支撑行情继续向好,证券时报网
2021-05-10,煤炭｜大涨过后，行情有望继续向好,中信证券研究
2021-05-10,安信证券：煤价继续保持强势，二季度业绩值得期待,证券时报网
2021-05-10,【煤炭-周泰】煤炭行业：价格进入上升周期，盈利大幅提升,安信证券研究
2021-05-09,张坤走下神坛 基金“新男神”北大学霸林英睿上位：他买了些啥,新浪
2021-05-09,钢铁、化工大涨30% 顺周期投资却遭遇重大考验,上证报
2021-05-09,【安信能源 行业深度】年报&一季报总结:价格进入上升周期，盈利大幅提升,泰度煤炭
2021-05-09,【安信能源 周泰团队】第16周周报：低库存，高需求，煤价快速上涨,泰度煤炭
2021-05-09,煤炭行业周报：煤价气势如虹 建议积极布局煤炭板块,新浪
2021-05-08,狙击牛熊：下周大盘走势路线图(2021.05.08),中金在线
2021-05-08,净利创近年新高引爆板块行情 董承非、刘格菘提前布局煤炭或浮盈不菲,红周刊
2021-05-08,14股获A股十大牛散3年以上坚定持有 香水大王痴情股重仓10年,第一财经
2021-05-08,最新！牛散连续重仓榜出炉(名单),中国基金报
2021-05-07,钢铁煤炭ETF屠榜，指数基金真能跑赢主动管理？,财联社
2021-05-07,牛散连续重仓榜出炉，14股获3年以上坚定持有，期货大神不惧腰斩坚守芯片龙头，香水大王痴情股重仓10年,证券时报网
2021-05-07,煤飞色舞不惧创业板指跳水，操作有难度短线最好高抛低吸,重庆商报
2021-05-07,中煤能源(01898)：公司债券“18中煤03”后2年的票面利率调整为2.80%,智通财经
2021-05-07,中煤能源(01898.HK)将“18中煤03”利率下调为2.8%,格隆汇
2021-05-07,智通港股52周新高、新低统计|5月7日,智通财经
2021-05-07,智通AH统计|5月7日,智通财经
2021-05-07,港股收盘丨恒指收跌0.09%科技股领跌,第一财经
2021-05-07,每经14时|“深房理杀猪盘”现降价房源，最多降200万；广东将心理治疗纳入医保；印尼一机场被曝重复使用鼻拭子！9000名乘客受害,每日经济新闻
2021-05-07,中泰国际：恒指昨日小幅收涨 石油板块涨幅居前,新浪
2021-05-07,基金一季度大盘点：“抱团取暖”出现分化，煤炭股称霸增仓股榜单,经济观察网
2021-05-07,八大券商主题策略：煤价涨涨涨 拥抱煤炭新时代！加仓的时候到了？,中金在线
2021-05-07,【行情】煤炭股午后持续拉升，山西焦煤、陕西黑猫、郑州煤电、潞安环能等多股涨停，辽宁能源、神火股份、昊华能源、中煤能源跟涨,金十数据
2021-05-07,港股午评|啤酒、纸业股全线走强；招商银行涨近4%,富途证券
2021-05-07,解盘：资源股继续强势，煤炭、稀土、钛白粉、黄金珠宝领涨,Wind
2021-05-07,A股异动：煤炭板块大幅上涨，平煤股份、山西焦煤逼近涨停,证券之星
2021-05-07,【异动股】中煤能源(01898.HK)涨4.33%,财华社
2021-05-07,板块异动丨行业凸显长期投资价值 煤炭板块持续拉升,智通财经
2021-05-07,快讯：煤炭板块继续走强领涨两市 平煤股份、潞安环能双双涨停,新浪
2021-05-07,动力煤再涨停刷新历史高点！A股更是“煤飞色舞”，行情还能持续多久？,券商中国
2021-05-07,巨丰早评：市场风格切换 新主线浮出水面,巨丰财经
2021-05-06,煤炭股开局亮眼机构持续看好行业投资机会低估值绩优股还有这些,第一财经
2021-05-06,智通港股52周新高、新低统计|5月6日,智通财经
2021-05-06,涨停潮来临，顺周期成风口！,Wind
2021-05-06,恒指收涨0.77% 体育用品股及煤炭等周期股大幅拉升,新浪
2021-05-06,智通AH统计|5月6日,智通财经
2021-05-06,港股收评：恒指涨0.77%体育用品股、煤炭等周期股大幅拉升特步李宁均创新高,格隆汇
2021-05-06,需求持续释放 煤炭板块发力走高｜今日异动数据,第一财经
2021-05-06,巨丰收评：资源股集体上涨 医药医疗股领跌,巨丰财经
2021-05-06,中煤能源尾盘冲击涨停，煤炭板块强势不减,Wind
2021-05-06,煤炭股追随期市继续走高,Wind
2021-05-06,近日我司公司债券推介,中信建投固定收益部
2021-05-06,行业维持高景气，煤炭板块走强，这些概念股受益丨牛熊眼,第一财经
2021-05-06,免费研报精选：看好种植链景气上行！自上而下选股逻辑曝光（附股）,中金在线
2021-05-06,担心有点过了！复星医药跌逾20%，康希诺跌15%,Wind
2021-05-06,中信证券：煤价高位持续性超预期,Wind
2021-05-06,中信证券：煤价高位持续性超预期,证券时报网
2021-05-06,中煤能源大涨7.43%，煤炭开采行业涨3.32%,中新经纬
2021-05-06,三大指数集体下挫创指跌3.2% 好周期股逆市上行,网易
2021-05-06,A股午盘综述：创业板指跌3.21%，疫苗概念深度回调,Wind
2021-05-06,煤炭概念早盘持续走强 华银电力、山煤国际涨停,中国经济网
2021-05-06,【异动股】中煤能源(01898.HK)涨4.14%,财华社
2021-05-06,南戈壁暴涨逾37% 中煤能源及兖州煤业均涨近4%,新浪
2021-05-06,板块异动丨业绩预期扭转、景气度高位向好 煤炭概念股拉升,智通财经
2021-05-06,煤炭｜业绩预期扭转，景气高位向好：2020年报及2021年一季报总结,中信证券研究
2021-05-06,节日期间大宗商品普涨 港股周期股行情延续――主动量化周报,渤海证券研究
2021-05-06,要闻：2020年深市公司盈利实现大幅增长,财富动力网
2021-05-05,【开源煤炭&石化-张绪成】煤炭行业2020年报及2021一季报综述：2020业绩显韧性&2021开局亮眼，看好估值修复,能源观察站
2021-05-05,供给端受限叠加下游补库需求 煤炭价格淡季上涨,e公司
2021-05-05,国盛证券：动力煤淡季不淡 价格远超市场预期,证券时报网
2021-05-05,煤炭行业2020年报及2021一季报综述：2021Q1板块业绩平均增长56% 持续看好煤炭行业投资机会,新浪
2021-05-03,一季报曝光绩差基金问题 东方周期优选投错标的榜尾“徘徊”,红周刊
2021-05-03,陆家嘴财经早餐2021年5月3日星期一,Wind
2021-05-02,煤价在传统淡季攀升！后市能否精彩依旧？,Wind
2021-05-01,一周研读｜基金持仓分析显示抱团仍在延续,中信证券研究
2021-05-01,顺周期基金领跑 最优选择还是电光石火？,经济观察网
2021-04-30,中煤能源(601898.SH)：证监会豁免彭毅高管兼职限制,智通财经
2021-04-29,谢治宇杨锐文领红包、张坤的坚守与放手、还有“林英睿Plus”……上市公司一季报截止前的那些新看点,财联社
2021-04-29,知名基金经理持仓变动：谢治宇积极加仓士兰微 张坤作别上海机场,财联社
2021-04-29,期价创8年新高！煤企赚疯，新增投资意愿却偏低,Wind
2021-04-29,中煤能源(01898)：“18中煤01”及“18中煤02”将于5月9日付息,智通财经
2021-04-29,中煤能源(01898.HK)：“18中煤01”将于5月9日付息,格隆汇
2021-04-29,智通港股52周新高、新低统计,智通财经
2021-04-29,汇丰：上调内地煤炭股盈测重申对板块估值潜力审慎看法,格隆汇
2021-04-29,"""黑金""来了：动力煤""涨声一片"" 煤企赚疯、新增投资意愿却偏低",券商中国
2021-04-29,港股午盘丨恒指涨0.62%先施大涨80%,第一财经
2021-04-29,港股午评：恒指涨0.62%保险券商股走强教育股大跌,格隆汇
2021-04-28,北水汹涌，公募基金一季度港股持仓大增51％！,智通财经
2021-04-28,茅台放量下挫拖累沪指蓄势震荡 抱团权重助力创指强劲涨超2%,财华社
2021-04-28,大盘震荡反弹 调整接近尾声,财华社
2021-04-28,中煤能源涨5.41%报7.41元 振幅8.68%,中新经纬
2021-04-28,“18中煤03”4月28日9时41分发生价格异动 成交价大幅偏离估值,Wind
2021-04-27,【安信能源 周泰团队】3月冀苏鲁辽四省粗钢产量4504.1万吨 占比全国47.9％,泰度煤炭
2021-04-27,智通每日大行研报︱瑞银大幅上调中行(03988)及农行(01288)目标价 腾讯(00700)获野村看高至780港元,智通财经
2021-04-27,中煤能源(01898.HK)完成发行30亿元中期票据,格隆汇
2021-04-27,花旗：上调中煤能源(1898.HK)目标价至5港元 评级“买入”,格隆汇
2021-04-27,花旗：维持中煤能源(01898)“买入”评级 目标价升47%至5港元,智通财经
2021-04-27,三大股指探底回升收涨：成交骤减1438亿，北向资金净流入,澎湃新闻
2021-04-27,【行情】煤炭板块午后持续走低，中煤能源跌近9%，山西焦化、郑州煤电跌超6%，平煤股份、美锦能源跌超5%，兖州煤业跌近5%，山西焦煤跌3.5%,金十数据
2021-04-27,A股午盘综述：上证指数跌0.54%，创业板指跌0.46%,Wind
2021-04-27,中煤能源大跌5.21%，成交1.52亿元 连续下跌,中新经纬
2021-04-27,【动力煤】日报-2021-04-26-发改委煤价调控新举措动力煤价格将冲高回落,英大期货
2021-04-27,智通港股通占比异动统计|4月27日,智通财经
2021-04-27,【安信能源 周泰团队】一季度云南原煤产量增长29.5% 发电量增长19.7%,泰度煤炭
2021-04-26,【解读】力争碳中和，中国神华是否还具备投资价值？,财华社
2021-04-26,“电池茅”宁德时代大跌6％，这些“茅”也全绿，A股跳水原因找到了 连续下跌,和讯
2021-04-26,太意外，冷门股连续9天大涨！煤炭港口库存跌入历史低位，北上资金大举加仓概念股揭秘,e公司
2021-04-26,煤炭行业周报：供需格局依然偏紧 煤价继续上涨 持续看好行业投资机会,新浪
2021-04-26,智通每日大行研报︱瑞银指青岛啤酒(00168)增长前景被低估 复星医药(02196)获汇丰研究上调目标价,智通财经
2021-04-26,中泰周期·大宗指南：周期品周度运行变化,新浪
2021-04-26,A股放量收跌：沪深300跌超1% 白酒、证券领跌 医疗股掀起涨停潮,证券之星
2021-04-26,【研报掘金】煤炭行业景气有望维持高位且估值仍在历史底部，继续看好板块估值修复,证券时报网
2021-04-26,煤炭股逆市拉升，三条主线把握相关板块机会丨牛熊眼,第一财经
2021-04-26,中煤能源涨5.21%报7.47元 成交额2.68亿元,中新经纬
2021-04-26,两市冲高回落沪指跌0.95% 金融、白酒股纷纷下挫,中新经纬
2021-04-26,A股收盘综述：三大股指冲高回落，券商股午后跳水,Wind
2021-04-26,【异动股】煤炭采选板块拉升，晋控煤业(601001-CN)涨9.96%,财华社
2021-04-26,煤炭采选板块拉升，晋控煤业领涨,财华社
2021-04-26,近日我司公司债券推介,中信建投固定收益部
2021-04-26,中信证券：煤价维持高位，低估值公司或继续反弹,Wind
2021-04-26,美银证券：中煤能源(1898.HK)首季盈利符预期重申买入评级,格隆汇
2021-04-26,美银证券：重申中煤能源(01898)“买入”评级 目标价升19%至5港元,智通财经
2021-04-26,中信证券：煤价维持高位，低估值公司或继续反弹,证券时报网
2021-04-26,开盘：恒指高开0.1%，哔哩哔哩涨4.65%，此前发布公告为北邮校招事件道歉,金融界
2021-04-26,智通港股通占比异动统计|4月26日,智通财经
2021-04-25,能否驾驭？规模维度“数说”权益类公募一季报,证券之星
2021-04-25,中国公司市值增长50强春季观察：谁成了市场新宠？,36氪
2021-04-25,52公司获得增持评级-更新中,中财网
2021-04-25,公募基金配置港股市值达6359.05亿元 较2020年末增长43.91％,金融界
2021-04-25,顺周期成抱团新方向，煤飞色舞助力林英睿领跑，傅鹏博领衔重仓万华化学,红周刊
2021-04-23,智通每日大行研报︱大行对青岛啤酒(00168)看法存分歧 赤子城科技(09911)获东吴证券首予目标价8.47港元,智通财经
2021-04-23,港股异动|中煤能源(1898.HK)涨4.7%一季度利润大增加投行看好,格隆汇
2021-04-23,【异动股】中煤能源(01898-HK)涨3.26%,财华社
2021-04-23,瑞信：中煤能源(01898)首季业绩符合市场预期 目标价升至4.9港元,智通财经
2021-04-23,瑞信上调中煤能源目标价至4.9港元，维持跑赢大市评级,Wind
2021-04-23,港股公告精选：中国平安一季度净利同比增长4.5%,Wind
2021-04-23,财经早班车 ｜ 职工医保可支付家庭成员在定点医院的个人负担费用,新民晚报
2021-04-23,A股早报2021年4月23日星期五,Wind
2021-04-23,港股盘前必读：小米集团总裁称造车还没有正式开始,Wind
2021-04-23,中国中煤能源股份有限公司2021第一季度报告,证券时报
2021-04-22,智通港股公告精选︱(4.22)中国平安一季度股东应占利润同比增长4.5%至272.23亿元,智通财经
2021-04-22,格隆汇港股聚焦(04.22)︱中煤能源一季度净利同比增长441％；中广核电力一季度净利大增54.9%至23.74亿元,格隆汇
2021-04-22,"晚间公告热点追踪：""手套茅""英科医疗一季度净利润增长近3000%",新浪
2021-04-22,2021年一季报增长汇总,第一财经
2021-04-22,公告精选：多家公司一季报业绩暴增，分众传媒净利增逾35倍,e公司
2021-04-22,中煤能源(01898)：新疆分公司拟6572.48万元转让所持房产、车辆等资产,智通财经
2021-04-22,中煤能源(01898-HK)一季股东净利同比增长441%,财华社
2021-04-22,中煤能源(01898.HK)：濮津因退休不再担任副总裁且不再代行总裁职责,格隆汇
2021-04-22,晚间公告丨4月22日这些公告有看头,第一财经
2021-04-22,中煤能源(01898.HK)一季度实现归母净利35.1亿元同比增长441.1%,格隆汇
2021-04-22,格隆汇个股放量排行榜|4月22日,格隆汇
2021-04-22,中煤能源一季度实现净利润35亿元,我的钢铁
2021-04-22,中煤能源：拟将新疆分公司持有的房产、车辆、办公设备等资产转让给中煤集团全资子公司,Wind
2021-04-22,中煤能源：一季度净利润同比增长441.1%,Wind
2021-04-22,免费研报精选：资源为王！优质“白色石油”资产有望迎来重大价值重估,中金在线
2021-04-22,一季度中煤能源商品煤产量同比增11.9% 销量增43.3%,中国能源网china5e
2021-04-22,智通港股通占比异动统计|4月22日,智通财经
2021-04-22,智通港股投资日志|4月22日,智通财经
2021-04-21,【安信能源 周泰团队】一季度全国能源消费总量同比增长14.6%,泰度煤炭
2021-04-21,智通AH统计|4月21日,智通财经
2021-04-21,【行情】煤炭概念短线拉升，中煤能源涨超4%，潞安环能、晋控煤业、云煤能源跟涨,金十数据
2021-04-21,广发基金林英睿：看好价值风格的回归,Wind
2021-04-21,睿远基金28亿买入电信股、一季度冠军重仓股揭晓,Wind
2021-04-21,狂买28亿元！陈光明旗下睿远基金扑向这只电信股,中证报
2021-04-21,广发基金林英睿：看好价值风格的回归,中证网
2021-04-21,板块异动丨动力煤价格淡季逆势大幅上涨 煤炭概念股异动拉升,智通财经
2021-04-21,智通港股通占比异动统计|4月21日,智通财经
2021-04-20,4月20日晚间重要行业研究汇总(附股),中金在线
2021-04-20,平安证券--煤炭行业动态跟踪报告：需求旺盛拉动煤价上涨，增产受制于安全环保【行业研究】,金融界股吧
2021-04-20,近日我司公司债券推介,中信建投固定收益部
2021-04-20,【动力煤】日报-2021-04-19-需求大幅增长-动力煤价格持续大幅拉升,英大期货
2021-04-19,强势目标，只等我提示！,云掌财经
2021-04-19,智通港股52周新高、新低统计|4月19日,智通财经
2021-04-19,智通AH统计|4月19日,智通财经
2021-04-16,港股收盘(4.16)|恒指收涨0.61% 旗下极氪首款车型上市 吉利(00175)涨7%领涨蓝筹,智通财经
2021-04-16,恒指收涨0.61%，教育股尾盘爆发,Wind
2021-04-16,沪指震荡走高收涨0.81% 超3300股飘红,中新经纬
2021-04-16,煤炭板块发力走高，辽宁能源晋控煤业涨停，兖州煤业等大涨,同壁财经
2021-04-16,动力煤期货逼近历史新高，煤炭ETF大涨超4%,Wind
2021-04-16,精准出击，两只都浮盈5%。,云掌财经
2021-04-16,【异动股】中煤能源(01898-HK)涨4.92%,财华社
2021-04-16,兖州煤业升逾7%领涨煤炭股 动力煤价格再创新高,新浪
2021-04-16,煤炭股造好，兖州煤业、中煤能源破顶,Wind
2021-04-16,【行情】煤炭板块异动拉升，晋控煤业涨停，兖州煤业逼近涨停，平煤股份涨2.6%，中煤能源、山煤国际等跟涨,金十数据
2021-04-16,一季度中煤能源商品煤产量同比增11.9%销量增43.3%,中国煤炭工业协会
2021-04-16,智通港股通占比异动统计|4月16日,智通财经
2021-04-16,智通港股早知道︱(4月16日) 关注黄金和光伏板块 铝价飙升利好中国铝业(02600)等股,智通财经
2021-04-15,智通港股公告精选︱(4.15)福耀玻璃一季度归母净利同比增长85.94%至8.55亿元,智通财经
2021-04-15,【安信能源 周泰团队】3月份全社会用电量同比增长19.4%,泰度煤炭
2021-04-15,中煤能源(01898-HK)3月商品煤销量升53.3%,财华社
2021-04-15,中煤能源(01898.HK)3月商品煤销量2509万吨同比增长53.3%,格隆汇
2021-04-15,中煤能源(601898.SH)：一季度商品煤产量同比增11.9%销量增43.3%,格隆汇
2021-04-15,中煤能源(01898)：“18回煤01”回售金额11亿元,智通财经
2021-04-15,中煤能源(601898.SH)3月商品煤销量2509万吨 同比增长53.3%,智通财经
2021-04-15,中煤能源：“18中煤01”回售金额为11亿元，不进行转售,Wind
2021-04-15,近日我司公司债券推介,中信建投固定收益部
2021-04-15,南向资金高比例持有港股名单,证券之星
2021-04-15,智通港股通占比异动统计|4月15日,智通财经
2021-04-15,800家上市公司一季度业绩预喜,Wind
2021-04-15,800家上市公司一季度业绩预喜,中证报
2021-04-14,格隆汇个股放量排行榜|4月14日,格隆汇
2021-04-14,多地企业宣布焦炭二轮提价,财富动力网
2021-04-13,多地企业宣布焦炭二轮提价！低市盈率业绩增长概念股仅4只（附股）,证券之星
2021-04-13,格隆汇个股放量排行榜|4月13日,格隆汇
2021-04-13,智通港股通占比异动统计|4月13日,智通财经
2021-04-12,中信证券：高分红和一季度业绩预期或为煤炭板块反弹提供新一轮催化剂,证券时报网
2021-04-12,67只港股获南向资金大比例持有,证券之星
2021-04-12,陆家嘴财经早餐2021年4月12日星期一,Wind
2021-04-12,融资盘再度流入 业绩超预期周期品种成主线,财富动力网
2021-04-12,一季报冰火两重天追“牛”排“雷”你会吗？,重庆商报
2021-04-11,周观点：龙头受益价格调控，一季报盈利多超预期【国君煤炭翟堃】,煤市乾坤
2021-04-11,中国神华净利连三年下滑，降幅已扩至9.43%，今年将收缩煤炭业务资本开支 「年报时间」 业务变化,华夏时报
2021-04-11,【兴证煤炭|周报】高日耗供需缺口仍在，淡季高煤价引保供调控（04.04-04.10）,兴证煤炭
2021-04-11,【天风煤炭】20210410一周煤炭动向：“保供”影响煤价偏稳运行，焦企限产导致焦价止跌,煤炭鑫观点
2021-04-11,徐开东、周信钢等超级牛散一季度“押中”哪些股？,Wind
2021-04-11,最新战绩曝光：徐开东、周信钢等超级牛散一季度“押中”哪些股？,上证报
2021-04-11,煤炭行业周观点：高景气助升业绩预期 板块反弹有望延续,新浪
2021-04-10,半导体行业仍是关注重点,红周刊
2021-04-10,业绩冰火两重天，煤企“壕气”分红频现,Wind
2021-04-10,业绩冰火两重天 煤企“壕气”分红频现,中证报
2021-04-10,480家公司预告一季度业绩 逾九成报喜,中证网
2021-04-09,2020年第四季，由于用电需求激增，同时下半年部分煤矿煤管票提前不足和进口下降，煤价开始上涨。,财华社
2021-04-09,智通港股解盘(04.09) | 形势不明 暂不宜抄底,智通财经
2021-04-09,【异动股】中煤能源(01898-HK)涨3.53%,财华社
2021-04-09,低开低走：沪指跌近1%，创指跌1.54%，成交6946亿,澎湃新闻
2021-04-09,多只周期股业绩暴增：钢铁板块个股最为突出，有公司预增259倍,第一财经
2021-04-09,中煤能源逆市大涨提振煤炭板块，陕西煤业、冀中能源、潞安环能飘红,Wind
2021-04-09,【动力煤】日报-2021-04-08-增产保供稳价下动力煤期货价格震荡下行,英大期货
2021-04-09,中煤能源：预计一季度净利润同比增长427%至443%,中国煤炭工业协会
2021-04-09,74股获券商买入评级，美亚光电目标涨幅达79.94%,Wind
2021-04-09,晨报0409 | 中煤能源（601898）、中环股份（002129）,国泰君安证券研究
2021-04-08,今日复盘4.8亏麻了（关于周期股的悖论）,云掌财经
2021-04-08,北向大举扫货“中字头” 多只个股业绩大幅预增,第一财经
2021-04-08,多只个股业绩大幅预增！北向近日大举扫货“中字头”,第一财经
2021-04-08,这些煤炭公司一季报亮眼 股价还能飙？丨行业风口,第一财经
2021-04-08,智通港股52周新高、新低统计|4月8日,智通财经
2021-04-08,中煤能源(601898)：21Q1业绩预告超预期 煤化产品业绩弹性大,广发证券
2021-04-08,46公司获得增持评级-更新中,中财网
2021-04-08,“市值考核”助燃上涨，低估值央企将迎来盛宴？中航资本中国神华等受关注,证券时报网
2021-04-08,近日我司公司债券推介,中信建投固定收益部
2021-04-08,安信证券：中煤能源(601898.SH)煤与化工量价齐升，目标价7.84元，给予“买入-A”评级,智通财经
2021-04-08,海南重磅利好，多股直线涨停！10倍碳中和明星股崩了,Wind
2021-04-08,中煤能源(601898)：百亿盈利 更进一步,新浪
2021-04-08,一季报行情来了？这公司预增1251%，股价立马涨停！,中国基金报
2021-04-08,中信证券：中煤能源一季度业绩超预期，维持买入评级,Wind
2021-04-08,中信证券：中煤能源一季度业绩超预期 盈利弹性进一步放大,证券时报网
2021-04-08,【异动股】煤炭采选板块高开，中煤能源(601898-CN)涨5.78%,财华社
2021-04-08,A股低开高走创业板指率先翻红钢铁板块大幅走强,华尔街见闻
2021-04-08,【异动股】中煤能源(01898-HK)涨4.75%,财华社
2021-04-08,三大股指集体低开 煤炭板块表现强势,上证报
2021-04-08,板块异动 | 动力煤价格淡季持续反弹 煤炭板块开盘走强,智通财经
2021-04-08,财富早班车丨国常会部署持续推进网络提速降费；欧美股市涨跌不一,搜狐
2021-04-08,恒指低开0.25% 中煤能源涨11.5%,中新经纬
2021-04-08,【硬核早报】龙头还会持续跑输吗？,新浪
2021-04-08,港股早评：恒指跌0.25%大型科技股走弱腾讯低开2.46%,格隆汇
2021-04-08,A股早评：三大指数低开煤炭板块开盘走强,格隆汇
2021-04-08,港股开盘(4.8)︱恒指跌0.25% 腾讯控股(00700)低开2.46%领跌蓝筹,智通财经
2021-04-08,煤炭股走强，中煤能源、郑州煤电、兰花科创领涨,Wind
2021-04-08,一季报预增个股开盘大涨，滨化股份一字涨停,Wind
2021-04-08,港股异动丨中煤能源(1898.HK)大幅高开11.45%一季度净利预增427%至443%,格隆汇
2021-04-08,南向资金高比例持有港股名单,证券之星
2021-04-08,A股早报2021年4月8日星期四,Wind
2021-04-08,煤炭也能发“金光”！这些公司一季报太亮眼，股价还能飙？,金融界
2021-04-08,智通港股早知道︱(4月8日)财政部提高研发费用税前加计扣除比例，利好制造业科技股及生物制药类企业,智通财经
2021-04-08,每日财报|太阳纸业一季度净利超10亿科大讯飞净利大增66%,搜狐
2021-04-08,上市公司正负面新闻2021年4月8日星期四,Wind
2021-04-08,2021年着力提效整合，煤企高质量发展可期,Wind
2021-04-07,【天风煤炭20210407】辽宁：十四五期间保持省内煤炭年产能3500万吨以上,煤炭鑫观点
2021-04-07,格隆汇港股聚焦(04.07)︱吉利汽车一季度销量333576辆；小米近5亿港元回购股份,格隆汇
2021-04-07,智通港股公告精选︱(4.7) 迈向新线下零售服务模式 国美零售拟178.65亿元向国美管理租赁3处商业开发区物业,智通财经
2021-04-07,【早评0408】决策线前的休养生息,云掌财经
2021-04-07,2021年4月8日涨停板早知道：七大利好有望发酵,新浪
2021-04-07,【安信能源 周泰团队】EIA：2021年美国煤炭产量预计同比增8.6%,泰度煤炭
2021-04-07,【日报|国君煤炭翟堃】中煤能源预计2021年第一季度实现净利润为34.15亿至35.2亿，增长427%至443%,煤市乾坤
2021-04-07,公告精选：美年健康称从未在任何场合给出2021年业绩指引；江铃汽车一季度净利预增300%,e公司
2021-04-07,一季报预增汇总丨这只煤炭股净利预增超400%,第一财经
2021-04-07,中煤能源一季度净利润同比增长超400%,大众证券报
2021-04-07,晚间重要公告2021年4月7日星期三,Wind
2021-04-07,不比中国神华差！ROE超20%、股息率5%，业绩好估值低,云掌财经
2021-04-07,【公告抢先看】晚间重要公告：龙净环保子公司作业时发生事故、ST禾盛一季度净利润预增239.08%-270.87%,金融界
2021-04-07,晚间公告丨4月7日这些公告有看头,第一财经
2021-04-07,中煤能源(601898.SH)预计一季度盈利34.15亿元-35.2亿元 同比增逾4倍,智通财经
2021-04-07,中煤能源：一季度净利同比预增427%至443%,e公司
2021-04-07,中煤能源：预计一季度净利润同比增长427%至443%,Wind
2021-04-07,中煤能源(01898.HK)4月22日举行董事会会议审批季度业绩,格隆汇
2021-04-07,中煤能源(01898.HK)“18中煤01”利率将调整为2.9%,格隆汇
2021-04-07,中煤能源(01898.HK)：2020年度第一期中期票据(品种一)和(品种二)将于4月13日付息,格隆汇
2021-04-07,【重磅丨深度，开源煤炭&石化】兖州煤业：低估值动力煤龙头，海内海外显亮点,能源观察站
2021-04-07,动力煤价格上行，煤炭概念股走高丨牛熊眼,第一财经
2021-04-07,66只港股获南向资金大比例持有,证券之星
2021-04-07,晨报0407 | 焦炭行业专题报告、神火股份（000933）,国泰君安证券研究
2021-04-06,【天风煤炭20210406】焦煤刚需仍受明显压制 首轮提涨钢焦博弈中,煤炭鑫观点
2021-04-06,煤炭行业周报：港口动力煤价格大涨已超一季度均价,新浪
2021-04-06,煤炭板块Q1回顾及Q2展望：强需求和高价位有望持续推动基本面显着改善,新浪
2021-04-06,中国中煤能源：将“18中煤01”后2年的票面利率由4.85%下调至2.90%,Wind
2021-04-06,焦煤震荡上行 中长期格局持续向好,中国报告大厅
2021-04-06,27家上市煤炭企业集中发布2020年度业绩预告,中国煤炭报
2021-04-06,价格直逼煤荒期间最高点！库存归零 进口告急,巨丰财经
2021-04-06,国泰君安：市场格局持续向好，优质煤炭股进入价值重估时刻,证券时报网
2021-04-05,【兴证煤炭|周报】供紧需强局面延续，煤价上涨仍有支撑（03.28-04.03）,兴证煤炭
2021-04-04,煤炭行业：板块迎利润估值双击 焦炭价格即将反弹,新浪
2021-04-02,IIGF观点 | 中国能源国企低碳转型现状及问题分析：以中煤集团为例,中央财经大学绿色金融国际研究院
2021-04-02,上海能源：没有股份回购计划,每日经济新闻
2021-04-02,南向资金高比例持有港股名单,证券之星
2021-04-02,国企改革进入攻坚之年，国资控股上市公司“透底”新动作,Wind
2021-04-01,安信证券：3月金股组合亏损4.3% 4月荐股名单出炉 亏损,新浪
2021-04-01,中国中煤能源：“18中煤01”回售登记期4月7日至4月13日,Wind
2021-04-01,A股三大指数齐涨 芯片股集体爆发 钢铁股午后走强,华尔街见闻
2021-03-31,安信证券发布4月十大金股，格力电器、工商银行在列,第一财经
2021-03-31,板块异动丨煤炭刚性供给叠加焦炭低估值 煤炭板块异动拉升,智通财经
2021-03-31,【行情】煤炭概念异动拉升，大有能源拉升封板，辽宁能源、陕西黑猫、云煤能源、中煤能源等拉升跟涨,金十数据
2021-03-31,66只港股获南向资金大比例持有,证券时报网
2021-03-30,李志林丨抱团股反抽小市值股回调，大盘第二天站上五周线,中金在线
2021-03-30,高盛：中煤能源(01898)去年业绩逊于市场预期 评级削至“沽售” 投资评级恶化,智通财经
2021-03-30,高盛：中煤能源(1898.HK)去年纯利逊市场预期 降评级至沽售 盈利能力下降,格隆汇
2021-03-30,【行情】煤炭板块全线走低，兖州煤业、郑州煤电跌超5%，中煤能源、陕西黑猫、开滦股份等纷纷走低,金十数据
2021-03-30,动力煤历史新高 豪气上市公司抛出300亿分红,我的钢铁
2021-03-30,A股企稳 阶段性底部已现？,广州日报
2021-03-30,一季报业绩预喜率高，机构建议关注基本面,Wind
2021-03-29,豪横！92%利润拿来分红，3700亿巨头暴力涨停！20万户股民笑了：胜过银行？,全景网
2021-03-29,大手笔分红亮眼 高股息龙头煤企迎价值重估,第一财经
2021-03-29,“独乐乐不如众乐乐” 煤炭龙头9成分红近300亿元带飞板块崛起,第一财经
2021-03-29,中国神华带动煤炭股全面大涨，震荡行情中关注高景气板块,大众证券报
2021-03-29,十方观点：权重板块再次发力大象开始起舞,云掌财经
2021-03-29,动力煤连涨一个月，又创历史新高，豪气上市公司抛出300亿分红，高分红公司名单出炉,证券时报网
2021-03-29,3700亿“煤炭茅”直线涨停！机构：A股有望迎短期反弹,中证报
2021-03-29,煤炭开采Ⅱ行业周报：神华兖煤分红大超预期 高股息龙头煤企迎价值重估,新浪
2021-03-29,2大因素力促煤炭走强，长期看还受到碳中和影响，受益股集中5方面,云掌财经
2021-03-29,A股冲高回落两市缩量震荡 市场短期反弹力度下降权重股支撑领涨,财华社
2021-03-29,股王被“甩出几条街”！A股高分红大曝光,Wind
2021-03-29,股市动态 | 三大指数震荡回落，但煤炭等周期股强势爆发，造纸、葡萄酒等亦不甘落后,财经网
2021-03-29,市场机会重点在低估值蓝筹股,财华社
2021-03-29,智通港股52周新高、新低统计|3月29日,智通财经
2021-03-29,港股收盘(3.29)|恒指收涨0.01% 92%分红率超预期 中国神华(01088)收涨逾10%,智通财经
2021-03-29,地产股收盘丨恒指收涨0.01% 绿城服务涨22.14% 明源云跌4.34%,中金在线
2021-03-29,巨·大盘｜基金抱团反攻遇阻回落 市场补量动作没有完成,巨丰财经
2021-03-29,煤炭股爆发 沪深股指上涨 券商：短期仍有反弹空间,澎湃新闻
2021-03-29,恒生指数收涨0.01% 煤炭股表现强势,e公司
2021-03-29,三大原因还有探底,云掌财经
2021-03-29,煤炭股价值重估通道开启 机构看好这家行业巨头还有近两成上涨空间,第一财经
2021-03-29,煤炭股爆发：沪指深成指上涨，创指下挫，个股跌多涨少,澎湃新闻
2021-03-29,A股收盘综述：上证指数涨0.5%，创业板指跌0.42%,Wind
2021-03-29,分红大超预期，煤炭板块强势上扬，中国神华等涨停,证券时报网
2021-03-29,【财联社午报】三大股指连续2日反弹，顺控发展10连板创个股新高度,财联社
2021-03-29,【异动股】煤炭采选板块拉升，辽宁能源(600758-CN)涨10.09%,财华社
2021-03-29,3000亿巨头罕见涨停！煤炭股集体大涨，机构怎么看,Wind
2021-03-29,拟分红近360亿，3900亿煤炭巨头火了！A股涨停，H股涨超10%，券商喊出增持买入,每日经济新闻
2021-03-29,两市震荡后强势拉升 煤炭、造纸、酒类领涨,第一财经
2021-03-29,碳中和分化严重 酿酒股卷土重来 绝佳进场时机到来？,巨丰财经
2021-03-29,A股反弹延续 三板块引领市场上攻,e公司
2021-03-29,港股异动 | 兖州煤业股份(01171)涨超19%领涨煤炭股 榆林多家煤矿大幅上调价格,智通财经
2021-03-29,三大指数震荡走高：煤炭股大涨，中国神华涨停,中新经纬
2021-03-29,巨丰午评：酿酒板块回归激活市场人气,巨丰财经
2021-03-29,看料炒股—看原材料涨跌，炒股票！,生意社
2021-03-29,【行情】煤炭板块全线走强，中国神华拉升封板，开滦股份、中煤能源、陕西煤业、安源煤业等纷纷走高,金十数据
2021-03-29,【异动股】中煤能源(01898-HK)涨7.78%,财华社
2021-03-29,A股盘初上演V型反弹三大指数集体翻红煤炭股大幅走高,华尔街见闻
2021-03-29,360亿！煤炭巨头大手笔分红，煤炭股的春天来了吗?,第一财经
2021-03-29,港股煤炭股全线大涨，兖州煤业股份涨逾15%,Wind
2021-03-29,【行情】煤炭板块全线走强，国神华拉升封板，开滦股份、中煤能源、陕西煤业、安源煤业等纷纷走高,金十数据
2021-03-29,煤炭行业周报：动力煤价格持续反弹 板块上市公司高比例分红,新浪
2021-03-29,【异动股】煤炭采选板块高开，中国神华(601088-CN)涨8.71%,财华社
2021-03-29,板块异动 | 4月港口煤价有望继续上涨 煤炭概念股拉升走高,智通财经
2021-03-29,【行情】煤炭概念拉升走高，中国神华涨超8%，开滦股份、陕西黑猫、安源煤业、中煤能源等跟涨,金十数据
2021-03-29,67只港股获南向资金大比例持有,证券之星
2021-03-29,智通港股通占比异动统计|3月29日,智通财经
2021-03-29,煤炭周观点【国君煤炭翟堃】分红大超预期，价值重估通道开启,煤市乾坤
2021-03-28,【兴证煤炭|周报】安监趋严产量释放受限，供需紧平衡煤价走强（03.21-03.27）,兴证煤炭
2021-03-28,【天风煤炭】20210326一周煤炭动向：动力煤价持续高稳，优质炼焦煤走出独立行情,煤炭鑫观点
2021-03-27,煤炭板块大幅走高，中国神华、辽宁能源涨停,36氪
2021-03-27,股民惊呆！90%利润用来分红，3000亿巨头彻底火了！,中国基金报
2021-03-27,90%利润用来分红，3000亿煤炭巨头火了！,Wind
2021-03-27,90%利润用来分红，3000亿煤炭巨头彻底火了！大股东分走250亿,证券时报网
2021-03-26,【日报|国君煤炭翟堃】中国神华：分红率91.8%，每股派发现金红利1.81元（含税）,煤市乾坤
2021-03-26,55公司获得增持评级-更新中,中财网
2021-03-26,两融余额三连降，14股遭杠杆资金大比例减仓,证券时报
2021-03-26,中煤能源(601898)：业绩持续恢复 2021年关注化工板块盈利,新浪
2021-03-26,“冷门股”中煤能源创三年新高 央企煤炭资源整合迈入新阶段,上证报
2021-03-26,睿财看市场：碳中和熄火，数字货币、服装纺织走强,恒泰睿财
2021-03-26,【西南期货】今日评论2021.3.26,西南期货研究所
2021-03-26,每日理财观察：加大金融支持，促风电、光伏业健康发展,Wind
2021-03-26,巨丰早评：市场震荡筑底态势不变 资源股面临外部压力,巨丰财经
2021-03-26,安信研究|晨会在线20210326,安信证券研究
2021-03-26,晨报0326 | 广联达（002410）、药明生物（2269）、中煤能源（601898）、腾讯控股（0700）,国泰君安证券研究
2021-03-25,中煤能源2020年报点评：减值结束业绩超预期，将迎恢复性增长,煤市乾坤
2021-03-25,【安信能源 周泰团队】2020年底全国30万吨/年以下煤矿产能仅剩1.48亿吨,泰度煤炭
2021-03-25,智通A股机构动向参考(03.25) | 关注碳中和龙头明日能否反包 数字货币概念有望成为新热点,智通财经
2021-03-25,金融街下午茶2021年3月25日星期四,Wind
2021-03-25,18股主力资金净流入超亿元,证券时报网
2021-03-25,82股今日获机构买入评级 中炬高新最受关注,第一财经
2021-03-25,A股主力资金流向（3月25日）：资金加速逃离面板、碳中和概念股,Wind
2021-03-25,中煤能源：3月25日主力资金净流入额占板块28.52%,每日经济新闻
2021-03-25,3月25日复盘：短期底部探明 主力资金出击6股,新浪
2021-03-25,【股市收盘】指数窄幅震荡 电池、煤炭板块涨幅靠前,上海有色
2021-03-25,涨停板复盘：创指低开高走涨0.8% 数字货币板块领涨两市,新浪
2021-03-25,A股收盘综述：上证指数微跌受累于碳中和概念调整，两市成交额创年内新低,Wind
2021-03-25,中煤能源2020年营业收入超过1400亿元,中证网
2021-03-25,【热股】碳中和带动煤炭板块走强 郑州煤电、中煤能源涨停,上海有色
2021-03-25,【异动股】中煤能源(01898-HK)涨7.48%,财华社
2021-03-25,李志林丨双底暂受支撑，个股先行反弹,中金在线
2021-03-25,中煤能源(601898)：业绩超预期 煤与化工有望量价齐升,新浪
2021-03-25,41家煤矿集体涨价，下游需求旺盛，具备较好上行基础（附股）,云掌财经
2021-03-25,广州万隆：主力出击 两大主线暗藏机会,新浪
2021-03-25,两市强势翻红 棉花 稀土 数字货币概念活跃|盘中异动,第一财经
2021-03-25,午盘两市机构大单抢筹40股,中财网
2021-03-25,华泰证券维持中煤能源增持评级：看好公司21年归母净利继续上行,每日经济新闻
2021-03-25,瑞信：升中煤能源(01898)目标价至4港元 评级“跑赢大市”,智通财经
2021-03-25,解盘：大盘止跌回稳，数字货币、纺织服装、锂电、稀土略涨,Wind
2021-03-25,安信证券--中煤能源：业绩超预期，煤与化工有望量价齐升【公司研究】,金融界股吧
2021-03-25,安信证券给予中煤能源买入评级：业绩超预期，煤与化工有望量价齐升，目标价格为6.75元,每日经济新闻
2021-03-25,【异动股】煤炭采选板块拉升，郑州煤电(600121-CN)涨10.1%,财华社
2021-03-25,煤炭板块走强，37只个股上涨，郑州煤电上涨10.1%,每日经济新闻
2021-03-25,板块异动 | 动力煤价仍具备较好的上行基础 煤炭板块强力拉升,智通财经
2021-03-25,煤炭板块拉升 产地供应偏紧 价格延续涨势,格隆汇
2021-03-25,中煤能源涨停，煤炭板块持续拉升,Wind
2021-03-25,煤炭板块异动拉升，郑州煤电、中煤能源双双涨停,36氪
2021-03-25,417公司公布年报80家业绩增幅翻倍,证券时报网
2021-03-25,今日45公司公布年报6家业绩增幅翻倍,证券时报网
2021-03-25,煤炭板块强力拉升，中煤能源、兖州煤业、郑州煤电领涨,Wind
2021-03-25,港股盘前必读：中国启动新冠疫苗接种日报制度，美国三大股指全线下跌,Wind
2021-03-25,智通港股早知道︱(3月25日)区块链板块沽压重，航运板块进入调整抄底需谨慎,智通财经
2021-03-24,智通港股公告精选︱(3.24)腾讯控股全年纯利增71%符预期 小米集团经调整年度净利达130.06亿元,智通财经
2021-03-24,【天风煤炭20210324】产地供应偏紧，价格延续涨势,煤炭鑫观点
2021-03-24,中煤能源(601898.SH)年度归母净利同比增长4.9%至59亿元 拟每股派现0.134元,智通财经
2021-03-24,中煤能源(601898.SH)：2020年度净利升4.9%至59.04亿元 拟10派1.34元,格隆汇
2021-03-24,中煤能源(01898.HK)拟续聘德勤华永为审计师,格隆汇
2021-03-24,经济实力跃上新台阶 中煤能源(01898)年度净利降13.7%至53.51亿元 末期息每股0.134元 盈利能力下降,智通财经
2021-03-24,中煤能源(01898.HK)2020年净利53.51亿元 同比减少13.7% 盈利能力下降,格隆汇
2021-03-24,中煤能源：2020年盈利53.51亿人民币，同比减少13.66% 盈利能力下降,Wind
2021-03-24,中煤能源(01898)建议委任王树东为执行董事,智通财经
2021-03-24,68只港股获南向资金大比例持有,证券时报网
2021-03-24,智通港股通占比异动统计|3月24日,智通财经
2021-03-23,67只港股获南向资金大比例持有,证券时报网
2021-03-23,智通港股通占比异动统计|3月23日,智通财经
2021-03-23,智通港股通资金流向统计(T+2)|3月23日,智通财经
2021-03-22,南向资金高比例持有港股名单,证券之星
2021-03-21,【兴证煤炭|周报】供给偏紧日耗强劲，淡季煤价高位震荡（03.14-03.20）,兴证煤炭
2021-03-21,煤炭行业周报：港口煤价再度上涨 唐山开启全面限产,新浪
2021-03-20,【开源煤炭&石化-张绪成】煤炭周报：动力煤延续反弹，双焦短期需求承压,能源观察站
2021-03-19,中煤能源涨近8%提振煤炭板块，兖州煤业、开滦股份、山西焦煤、神华飘红,Wind
2021-03-19,板块异动丨低估值高分红板块受关注 煤炭概念股异动拉升,智通财经
2021-03-19,快讯：煤炭概念快速走高 中煤能源涨逾8%,新浪
2021-03-19,【行情】煤炭概念异动拉升，美锦能源涨超4%，安源煤业、中煤能源、陕西黑猫、郑州煤电等跟涨,金十数据
2021-03-19,智通港股通占比异动统计|3月19日,智通财经
2021-03-18,智通AH统计|3月18日,智通财经
2021-03-17,智通AH统计|3月17日,智通财经
2021-03-17,【动力煤】日报-2021-03-16-需求大幅增长下动力煤期货价格震荡上行,英大期货
2021-03-17,智通港股通占比异动统计|3月17日,智通财经
2021-03-17,67只股遭北向资金减仓超10%,证券时报网
2021-03-16,两市破净股数量达336只（附股）,证券时报网
2021-03-16,智通AH统计|3月16日,智通财经
2021-03-16,【财联社午报】华银电力7连板！碳中和概念股持续爆发，资金挖掘补涨分支,财联社
2021-03-16,2月中煤能源商品煤产量增长22.5% 销量增长17.4%,我的钢铁
2021-03-16,中煤能源大跌5.03%，煤炭开采行业跌2.63% 连续下跌,中新经纬
2021-03-16,中煤能源(01898-HK)2月商品煤销量升17%,财华社
2021-03-15,智通港股公告精选︱(3.15)久久王公开发售获认购214.36倍,智通财经
2021-03-15,格隆汇港股聚焦(03.15)︱ 恒大汽车携手腾讯开发车载智能系统；弘业期货年度纯利预增逾两倍,格隆汇
2021-03-15,【天风煤炭20210315】1-2月全国原煤产量61759万吨 同比增长25%,煤炭鑫观点
2021-03-15,【日报|国君煤炭翟堃】1-2月全国原煤产量61759万吨，焦炭产量7911万吨,煤市乾坤
2021-03-15,【安信能源 周泰团队】1-2月全国原煤产量61759万吨，同比增长25%，较2019年1-2月增长17.1%,泰度煤炭
2021-03-15,智通港股52周新高、新低统计|3月15日,智通财经
2021-03-15,中煤能源(01898)2月商品煤销量1801万吨 同比增17.4%,智通财经
2021-03-15,中煤能源(601898.SH)2月商品煤产销量分别同比增22.5%及17.4%,智通财经
2021-03-15,中煤能源：今年前2月累计销售煤炭4740万吨，同比增长38.5%,Wind
2021-03-15,中煤能源(601898.SH)：2月商品煤销量同比增长17.4%,格隆汇
2021-03-15,智通港股早知道︱(3月15日) 欧科云链(01499)等区块链概念短期有炒作 小米(01810)股价有望重回基本面,智通财经
2021-03-14,【兴证煤炭|周报】“十四五”规划引路，行业趋向集中和清洁（03.07-03.13）,兴证煤炭
2021-03-14,安信证券：淡季煤价上涨大超预期,证券时报网
2021-03-14,【安信能源 周泰团队】第9周周报：淡季煤价上涨大超预期,泰度煤炭
2021-03-13,一周沪深股通动向曝光：这30只个股净买入最多（附名单）,每日经济新闻
2021-03-12,A股法律风险报告：2月51家上市公司暴露风险 中国中铁旗下公司连收10条限消令,每日经济新闻
2021-03-12,中煤能源(01898.HK)2020年公司债券第一期将于3月18日付息,格隆汇
2021-03-12,中煤能源(01898)：3月18日开始支付2020年公司债券(第一期)利息,智通财经
2021-03-12,这就是板块上涨的逻辑,云掌财经
2021-03-12,智通港股通占比异动统计|3月12日,智通财经
2021-03-11,智通AH统计|3月11日,智通财经
2021-03-11,南向资金高比例持有港股名单,证券之星
2021-03-11,智通港股通占比异动统计|3月11日,智通财经
2021-03-10,智通AH统计|3月10日,智通财经
2021-03-10,智通港股通占比异动统计|3月10日,智通财经
2021-03-10,58股获券商买入评级 伟创电气目标涨幅达80.77%,Wind
2021-03-09,51股今日获机构买入评级7股上涨空间超50%,证券时报网
2021-03-09,中煤能源(01898.HK)3月24日举行董事会会议审批年度业绩,格隆汇
2021-03-09,【异动股】中煤能源(01898-HK)跌3.41%,金融界
2021-03-09,板块异动 | 煤价止跌企稳重现淡季不淡 煤炭板块再度拉升,智通财经
2021-03-09,安信证券--中煤能源：煤与化工均有望高速成长，价格弹性强【公司研究】,金融界股吧
2021-03-09,69只港股获南向资金大比例持有,证券之星
2021-03-08,【安信能源 公司深度】中煤能源（601898.SH）煤与化工均有望高速成长，价格弹性强,泰度煤炭
2021-03-08,中煤能源(601898)：聚焦煤炭弹性系列之中煤：产量稳步增长 煤化价格上涨提升盈利,广发证券
2021-03-08,智通AH统计|3月8日,智通财经
2021-03-08,煤炭行业周报：港口煤价显着反弹 焦炭二轮提降落地,新浪
2021-03-08,汇丰证券降中煤能源评级至减持，目标价2.35港元 投资评级恶化,Wind
2021-03-08,【动力煤】周报-2021-03-05-安全事故需求增长下动力煤期货价格震荡上行,英大期货
2021-03-08,70只港股获南向资金大比例持有,证券之星
2021-03-07,煤炭周报：动力煤价格反弹 利好板块上市公司业绩释放,新浪
2021-03-05,智通AH统计|3月5日,智通财经
2021-03-05,【异动股】中煤能源(01898-HK)跌3.01%,财华社
2021-03-05,退出煤矿5500处 “十三五”煤炭工业超额完成去产能任务目标,工业电器网
2021-03-05,智通港股通占比异动统计|3月5日,智通财经
2021-03-04,中煤能源、中国交建主要领导人员调整,e公司
2021-03-04,智通AH统计|3月4日,智通财经
2021-03-04,中煤能源间接控股子公司环境违法被责令改正 其他违规处罚,每日经济新闻
2021-03-04,南向资金高比例持有港股名单,证券之星
2021-03-04,智通港股通占比异动统计|3月4日,智通财经
2021-03-04,港股公告精选|中芯国际与阿斯麦签订12亿美元买单；万科企业2月合同销售额451.6亿元，同比增61.11%,富途证券
2021-03-03,智通港股公告精选︱(3.3)保诚2020年度年内溢利同比增175.88%至21.85亿美元 拟派第二次中期股息每股10.73美分,智通财经
2021-03-03,【日报|国君煤炭翟堃】截至2月28日贵州具备条件的305处煤矿已全部复工复产,煤市乾坤
2021-03-03,【安信能源 周泰团队】黄大铁路开通两月煤炭运输量突破百万,泰度煤炭
2021-03-03,犀牛财经晚报：普普文化拟赴美上市五家社区团购企业被顶格处罚,GPLP犀牛财经
2021-03-03,355只股破净20股股价不足每股净资产一半,证券时报网
2021-03-03,李延江因退休而辞任中煤能源(01898)董事长等职 董监高成员变化,智通财经
2021-03-03,中煤能源(01898.HK)：李延江辞任董事长 董监高成员变化,格隆汇
2021-03-03,中煤能源：董事长辞职 董监高成员变化,Wind
2021-03-03,智通AH统计|3月3日,智通财经
2021-03-03,【异动股】中煤能源(01898-HK)涨4.24%,财华社
2021-03-03,需求向好叠加产业链旺季来临，煤炭板块估值将有望持续回升丨牛熊眼,第一财经
2021-03-02,智通港股52周新高、新低统计|3月2日,智通财经
2021-03-02,智通AH统计|3月2日,智通财经
2021-03-02,巨丰收评：茅台大跌致反弹一日游 沪指3500点失而复得,巨丰财经
2021-03-02,近日我司公司债券推介,中信建投固定收益部
2021-03-02,调整未结束！注意把握轮动机会,巨丰财经
2021-03-02,巨丰午评：调整未结束！沪指跌1% 茅台跌3%,巨丰财经
2021-03-02,解盘：抱团股分化，特高压、稀土、环保、半导体略涨,Wind
2021-03-02,煤炭板块走强山西焦化、兖州煤业涨停,格隆汇
2021-03-02,智通港股通占比异动统计|3月2日,智通财经
2021-03-01,格隆汇个股放量排行榜 | 3月1日,格隆汇
2021-03-01,智通港股52周新高、新低统计|3月1日,智通财经
2021-03-01,安信证券：2月金股组合盈利0.33% 3月荐股名单出炉,新浪
2021-03-01,智通AH统计|3月1日,智通财经
2021-03-01,2021年2月第4周煤炭行业周报：动力煤跌幅收窄 继续看好需求韧性和龙头煤企,新浪
2021-03-01,【异动股】中煤能源(01898-HK)涨5.96%,财华社
2021-03-01,【动力煤】月报-2021-02-26-供需双增迎两会动力煤价格宽幅震荡整理,英大期货
2021-03-01,中煤能源一体化优势显现净利率四连升 债务结构持续优化短债比25.69%降38%,长江商报
2021-02-28,【兴证煤炭|周报】需求淡季港口累库，煤价跌入绿色区间待企稳（02.21-02.27）,兴证煤炭
2021-02-28,信达煤炭周报：货船比回落，期货升水!,黑金新视野
2021-02-28,格隆汇个股放量排行榜 | 2月28日,格隆汇
2021-02-28,煤炭行业周观点：动煤价格跌入“绿色区间” 短期止跌可期,新浪
2021-02-27,格隆汇个股放量排行榜 | 2月27日,格隆汇
2021-02-26,格隆汇个股放量排行榜 | 2月26日,格隆汇
2021-02-26,69只港股获南向资金大比例持有,证券之星
2021-02-25,【安信能源 周泰团队】1月乌海市焦炭产量143.65万吨，同比增长19.29%,泰度煤炭
2021-02-25,格隆汇个股放量排行榜 | 2月25日,格隆汇
2021-02-25,380只股破净19股股价不足每股净资产一半,证券时报网
2021-02-25,智通AH统计|2月25日,智通财经
2021-02-25,市场行情反弹 这一板块抓住机会领涨,新浪
2021-02-25,巨丰午评：金融地产资源引领反弹,巨丰财经
2021-02-25,解盘：大盘止跌回稳，地产、保险、基建、金属领涨,Wind
2021-02-25,巨丰午评：抱团股连续回调 沪指收复3600点,巨丰财经
2021-02-25,【异动股】中煤能源(01898-HK)涨9.47%,财华社
2021-02-25,煤炭板块走强，35只个股上涨，安源煤业上涨10.12%,每日经济新闻
2021-02-25,板块异动 | 业绩具备确定性 煤炭板块早盘拉升,智通财经
2021-02-25,煤炭板块短线拉升,第一财经
2021-02-25,快讯：煤炭板块早盘异动 安源煤业拉升涨停,新浪
2021-02-25,煤炭概念拉升 中煤能源涨近8%,e公司
2021-02-25,【行情】煤炭板块拉升，安源煤业涨停，中煤能源、露天煤业、开滦股份、金能科技等跟涨,金十数据
2021-02-24,煤炭行业动态跟踪报告：业绩具备确定性 需求波动或加大,新浪
2021-02-24,格隆汇个股放量排行榜 | 2月24日,格隆汇
2021-02-24,【异动股】中煤能源(01898-HK)涨3.2%,财华社
2021-02-23,377只股破净银行板块破净率最高,证券时报网
2021-02-23,智通港股52周新高、新低统计|2月23日,智通财经
2021-02-23,【异动股】中煤能源(01898-HK)涨3.91%,财华社
2021-02-23,【异动股】煤炭采选板块低开，陕西黑猫(601015-CN)跌8.88%,财华社
2021-02-23,【行情】煤炭概念走弱，陕西黑猫跌停，中煤能源、云煤能源、开滦股份等纷纷下挫,金十数据
2021-02-23,南向资金高比例持有港股名单,证券之星
2021-02-23,【动力煤】日报-2021-02-22-有效增产需求减少动力煤期现货价格快速回落,英大期货
2021-02-23,核心抱团股持续下挫 沪指跌1.45%失守5日线,长江商报
2021-02-22,基民哭了 题材股却“跌出牛市”,新浪
2021-02-22,市场延续“八二”反转态势 自下而上把握结构性机会,大众证券报
2021-02-22,26股今日获机构买入评级,证券时报网
2021-02-22,中富金石：指数集体下跌 抱团股重挫,中金在线
2021-02-22,智通港股52周新高、新低统计|2月22日,智通财经
2021-02-22,今日市场再现“煤飞色舞”行情丨数据观察,第一财经
2021-02-22,股指大跌收阴，资源股逆势逞强，白马股延续调整,云掌财经
2021-02-22,374只股破净房地产交通运输最为集中,证券时报网
2021-02-22,港股收盘(2.22)|恒指收跌1.06% 顺周期板块爆发 科技股全线重挫,智通财经
2021-02-22,2月22日复盘：这个板块接力白酒成定局 主力重点出击3股,新浪
2021-02-22,放量下挫：创指跌逾4％，成交连续三日超万亿，个股涨多跌少 连续下跌,澎湃新闻
2021-02-22,午间要闻|市场监管总局多次约谈美团饿了么等平台；农业农村部：生猪供应最紧张时期已经过去；桃李面包募23亿分红19亿被指圈钱,经济观察报
2021-02-22,午评：创指跌2.53%险守3200 有色板块掀涨停潮,网易
2021-02-22,解盘：顺周期人气爆棚，稀土、钴矿、钛白粉、生物育种领涨,Wind
2021-02-22,中煤能源大涨逾11% 1月商品煤销量同比增长55.6%,新浪
2021-02-22,【异动股】中煤能源(01898-HK)涨10.48%,财华社
2021-02-22,快讯：煤炭概念股早盘走强 大有能源一度涨停,新浪
2021-02-22,港股异动丨中煤能源(1898.HK)大涨逾11% 1月商品煤销量2939万吨 同比增长55.6%,格隆汇
2021-02-22,酒钢全面打通宽幅超级奥氏体不锈钢工艺路线丨今日钢铁财经资讯速览,中国冶金报社
2021-02-22,平安证券--有色金属行业大宗商品周报：海外经济加速复苏，大宗商品整体走强【行业研究】,金融界股吧
2021-02-22,中煤集团春节7天假期煤炭产量再创历史新高,生意社
2021-02-22,【动力煤】周报-2021-02-19-有效增产需求下降动力煤价格回归蓝色区间,英大期货
2021-02-21,若煤价不大跌，中煤能源将触发较大业绩弹性,时代在线
2021-02-21,2月20日7只个股获券商关注，兔宝宝目标涨幅达59.93%,每日经济新闻
2021-02-20,安信证券给予中煤能源买入评级，煤炭、化工量价齐升，有望释放业绩弹性，目标价格为5.68元,每日经济新闻
2021-02-20,中煤能源(601898)：煤炭、化工量价齐升 有望释放业绩弹性,新浪
2021-02-20,中煤能源：1月商品煤产量增长15.3% 销量增长55.6%,生意社
2021-02-20,上市公司正负面新闻2021年2月20日星期六,Wind
2021-02-19,【开源煤炭&石化-张绪成】煤炭周报：动力煤价快速向合理区间回归，持续看好煤炭股估值提升,能源观察站
2021-02-19,智通港股公告精选︱(2.19)赛生药业拟2月19日-2月24日招股 拟发行1.16亿股,智通财经
2021-02-19,格隆汇港股聚焦(02.19)︱中国太平1月原保险保费收入410.47亿元；港交所、网易下周公布年度业绩,格隆汇
2021-02-19,盘后公告集锦|温氏股份2020年净利润同比减少47%,财联社
2021-02-19,【安信能源 周泰团队】1月南方五省区全社会用电量1195亿千瓦时，增长39.2%,泰度煤炭
2021-02-19,晚间重要公告2021年2月19日星期五,Wind
2021-02-19,中煤能源(601898.SH)1月商品煤销量同比增长55.6%,智通财经
2021-02-19,中煤能源：1月份煤炭销量2939万吨，同比增长55.6%,Wind
2021-02-19,中煤能源(601898.SH)：1月商品煤销量2939万吨 同比增长55.6%,格隆汇
2021-02-19,68只港股获南向资金大比例持有,证券之星
2021-02-19,安信研究|晨会在线20210222,安信证券研究
2021-02-18,两市破净股数量达410只（附股）,证券时报网
2021-02-18,【安信能源 周泰团队】第6周周报：煤价回落，不改上市公司Q1业绩大增,泰度煤炭
2021-02-18,近日我司公司债券推介,中信建投固定收益部
2021-02-16,港股异动|煤炭股走强美国寒潮天气助推电力和能源价格飙升,格隆汇
2021-02-08,近日我司公司债券推介,中信建投固定收益部
2021-02-08,南向资金高比例持有港股名单,证券之星
2021-02-07,【兴证煤炭|周报】节前补库基本完成，煤价逐步回归理性（01.31-02.06）,兴证煤炭
2021-02-06,格隆汇沽空预警榜 | 2月4日,格隆汇
2021-02-05,中证恒生沪港通AH股精明指数半年检：加入青岛啤酒等，剔除中国铝业等,智通财经
2021-02-05,中证恒生沪港通AH股精明指数半年度指数检讨结果,Wind
2021-02-05,69只港股获南向资金大比例持有,证券时报网
2021-02-03,68只港股获南向资金大比例持有,证券之星
2021-02-01,436只股破净28股股价不足每股净资产一半,证券时报网
2021-01-31,格隆汇沽空预警榜 | 1月29日,格隆汇
2021-01-29,华西证券--2021年1月第3周煤炭行业周报：气温回暖带动需求下滑，煤价回落但预计无大跌基础【行业研究】,金融界股吧
2021-01-27,近日我司公司债券推介,中信建投固定收益部
2021-01-27,南向资金高比例持有港股名单,证券之星
2021-01-27,睿财看市场：创业板指跌近3% 军工股领跌,恒泰睿财
2021-01-24,煤炭周观点【国君煤炭翟堃】焦炭价格强势上涨，单位盈利再创新高,煤市乾坤
2021-01-23,【天风煤炭】20210122一周煤炭动向：焦炭库存持续处于历史低位，看好焦炭价格持续回升,煤炭鑫观点
2021-01-22,信达煤炭周报：周期向上，紧抓煤炭核心资产!,黑金新视野
2021-01-22,恒指收跌1.6% 航运及港口板块领跌,中新经纬
2021-01-21,近日我司公司债券推介,中信建投固定收益部
2021-01-21,创业板审核3过2！速达股份成为2021年首家IPO闯关失败企业 IPO融资异常,电鳗快报
2021-01-20,恒指涨0.26% 新能源板块领涨,中新经纬
2021-01-20,生意社热点商品发现（2021年1月20日）,生意社
2021-01-19,汇丰研究：上调煤炭股目标价 兖州煤业(01171)评级升至“买入”,智通财经
2021-01-19,2020年12月中煤能源商品煤产量增长14.6% 销量增长6.9%,国际煤炭
2021-01-18,【日报|国君煤炭翟堃】12月全国原煤产量35189万吨 同比增长3.2%,煤市乾坤
2021-01-15,格隆汇港股聚焦(01.15)︱丘钛科技年度纯利预增40%至60%；中国太平2020年原保费收入1784亿元,格隆汇
2021-01-15,智通港股公告精选︱(1.15)丘钛科技2020年股东应占综合溢利预增40%至60%,智通财经
2021-01-15,【天风煤炭20210115】需求强劲促使煤炭进口量暴增 创近七年来新高,煤炭鑫观点
2021-01-15,A股探底回升银行股冲高沪指微涨 中小盘超跌反弹两市百股涨停,搜狐
2021-01-15,中煤能源(601898.SH)：12月商品煤销量2474万吨同比增长6.9%,格隆汇
2021-01-15,煤价涨势超出市场预期，煤炭股龙头有望继续反弹,第一财经
2021-01-15,【行情】煤炭板块走高，中煤能源涨4%，山西焦化、安源煤业、山西焦煤、山煤国际等跟涨,金十数据
2021-01-14,近日我司公司债券推介,中信建投固定收益部
2021-01-14,本月底极寒天气或席卷北半球 将增加电力燃气等需求,证券时报网
2021-01-14,华创事件驱动早报1-14：工业互联网创新发展计划印发；被动元件产业链量价齐升,华创证券研究
2021-01-13,智通AH统计|1月13日,智通财经
2021-01-13,【行情】煤炭概念异动拉升，郑州煤电涨7%，中国神华、中煤能源、潞安环能、兖州煤业等跟涨,金十数据
2021-01-12,智通AH统计|1月12日,智通财经
2021-01-12,巨丰午评：茅台创新高 促抱团股回归,巨丰财经
2021-01-11,【安信能源 周泰团队】第2周周报：短期供需矛盾突出，动力煤价创历史新高,泰度煤炭
2021-01-10,【天风煤炭】20210108一周煤炭动向：动力煤需求仍居高位，持续看好双焦稳中偏强运行,煤炭鑫观点
2021-01-08,智通AH统计|1月8日,智通财经
2021-01-08,涨停板复盘：沪指终结六连阳 北向资金流入超200亿,新浪
2021-01-08,煤炭板块走强 寒潮预警继续发布 电煤消费量持续增长,国际煤炭
2021-01-07,寒潮低温或利好煤炭板块 今日这只个股获主力加仓超亿元,第一财经
2021-01-07,66股每笔成交量增超50%,证券时报网
2021-01-07,时代看盘：又见煤飞色舞，沪指六连阳，跨年行情以大为美,时代在线
2021-01-07,今天大盘什么板块火？“喝”完白酒整点水产吧,中投网
2021-01-07,牛股侦察团 | 恒指结束九连阳，中字头行情打响！,金融界
2021-01-07,中富金石：沪指六连阳 锂电池板块强势爆发,中金在线
2021-01-07,A股分化沪指六连阳成交额连续四日破万亿机构抱团效应继续加强,财华社
2021-01-07,和信投顾：罕见六连阳K线 量能维持万亿级别,中金在线
2021-01-07,A股收盘：沪指与创业板指六连阳，个股板块分化严重,英为财情
2021-01-07,A股收评：沪指6连阳累涨近6%，食品、汽车板块继续飞涨,格隆汇
2021-01-07,智通AH统计|1月7日,智通财经
2021-01-07,巨·热点：高位调整加剧短期分化 七大板块轮动受热炒！,巨丰财经
2021-01-07,1月7日复盘：大盘向上突破续推结构牛 主力资金出击14股,新浪
2021-01-07,巨·数据: 市场持续分化 赚钱效应有待提升,巨丰财经
2021-01-07,涨停板复盘：沪指罕见六连阳 券商板块尾盘发力,新浪
2021-01-07,收评：三大指数震荡上行创指涨1.5% 有色板块走强,新浪
2021-01-07,A股收盘综述：上证指数涨0.71%录得6连阳，茅台股价攀升至2140元,Wind
2021-01-07,早间这些个股异动 新亚电子遭主力撤买29.3亿元,第一财经
2021-01-07,恒指半日跌0.43% 消费电子产品板块领跌,中新经纬
2021-01-07,A股午盘丨沪深300指数创13年新高 有色板块大涨,第一财经
2021-01-07,午评：三大指数震荡回升创指涨0.78% 金属钴板块大涨,新浪
2021-01-07,解盘：超百亿资金流入，有色、水产、光伏、煤炭领涨,Wind
2021-01-07,新一轮寒潮来袭，煤炭板块发力走高，中煤能源涨停,证券时报网
2021-01-07,【异动股】煤炭采选板块拉升，中煤能源(601898-CN)涨9.98%,财华社
2021-01-07,煤炭板块表现活跃 中煤能源涨停,上证报
2021-01-07,【行情】煤炭板块表现强势，中煤能源涨停，盘江股份、山西焦化、大有能源、新集能源跟涨,金十数据
2021-01-07,中煤能源封住涨停，煤炭股纷纷上扬,Wind
2021-01-07,快讯：煤炭概念震荡上行 中煤能源涨停封板,新浪
2021-01-06,生意社热点商品发现（2021年1月6日）,生意社
2021-01-06,投资144亿煤化工项目近日气化开车成功,煤炭网
2021-01-03,【兴证煤炭|周报】高煤价引调控预期增强，强需求撑煤价高位震荡（12.20-01.02）,兴证煤炭
2021-01-02,七家大型煤炭集团倡议：稳定市场预期，防止煤炭价格大起大落,Wind
2021-01-01,千亿市值公司10年增132家 初创企业成功上市获资金活水,长江商报
2020-12-31,恒指收官：2020年累计跌逾3%,中新经纬
2020-12-30,生意社热点商品发现（2020年12月30日）,生意社
2020-12-29,【兴证煤炭|周报】紧供给低库存强需求，现货煤价创十年新高（01.03-01.16）,兴证煤炭
2020-12-29,无人驾驶代替人类解决矿车司机招工难：20万年薪岗位无人问津,新浪
2020-12-29,恒指半日涨1.05% 禽畜肉类板块领涨,中新经纬
2020-12-28,投资144亿煤化工项目气化开车成功,煤炭网
2020-12-28,智通港股通占比异动统计|12月28日,智通财经
2020-12-28,格隆汇港股通5日资金流入流出排行榜 | 12月27日,格隆汇
2020-12-26,格隆汇港股通5日资金流入流出排行榜|12月25日,格隆汇
2020-12-25,煤炭市场再聚焦：动力煤价格不再疯狂 完全冷静尚需时日,中国能源网
2020-12-25,智通港股通占比异动统计|12月25日,智通财经
2020-12-25,格隆汇港股通5日资金流入流出排行榜|12月24日,格隆汇
2020-12-24,速达股份：煤矿机械设备后市场服务业的先行者,凤凰网
2020-12-24,智通港股通占比异动统计|12月24日,智通财经
2020-12-23,投资144.13亿煤化工项目气化开车成功,国家煤化工网
2020-12-23,生意社热点商品发现（2020年12月23日）,生意社
2020-12-23,财华洞察|电厂的燃“煤”之急能否成为风口？,财华社
2020-12-22,港股异动 | 煤炭股集体走弱 中煤能源(01898)现跌超6% 动力煤主力合约直线跳水触及跌停,智通财经
2020-12-21,【异动股】中煤能源(01898-HK)涨4.15%,财华社
2020-12-21,近日我司公司债券推介,中信建投固定收益部
2020-12-21,瑞信维持中煤能源跑赢大市评级，目标价3.6港元,Wind
2020-12-21,港股早评：恒指低开0.29%煤炭股强势光伏板块全线上涨,格隆汇
2020-12-21,瑞信维持中煤能源(01898-HK)目标价3.6港元维持跑赢大市,财华社
2020-12-21,【动力煤】周报-2020-12-18-动力煤长协签署背景下价格大幅上行,英大期货
2020-12-21,港股占比异动统计|12月21日,智通财经
2020-12-21,智通港股通占比异动统计|12月21日,智通财经
2020-12-21,“煤超疯”的背后隐藏了哪些信息？,网易
2020-12-20,【兴证煤炭|周报】迎峰度冬多地限电，强需求支撑煤价（12.13-12.19）,兴证煤炭
2020-12-18,恒指收跌0.67% 广告及宣传板块领跌,中新经纬
2020-12-18,收评：恒指跌0.67% 煤炭股火爆美团因大数据杀熟市值跌近400亿港元,金融界
2020-12-18,恒指收跌0.67%，中芯国际跌逾5%,Wind
2020-12-18,【异动股】中煤能源(01898-HK)涨6.61%,财华社
2020-12-18,速达股份：秉承以优质为诉，予客户满意之答,凤凰网
2020-12-18,恒指跌0.67% 禽畜饲料板块领跌,中新经纬
2020-12-18,港股午评：恒指跌0.67%电力股、煤炭股逆势大涨大型科技股多数下挫,格隆汇
2020-12-18,港股异动︱中煤能源(01898)涨超7% 动力煤需求加强 市场分析师对动力煤后续价格走势表示乐观,智通财经
2020-12-18,港股能源板块盘初表现强势 中煤能源涨逾4%,中证网
2020-12-18,煤炭股走高，南南资源涨近13%,Wind
2020-12-18,港股早评：恒指小幅低开0.1%风电、煤炭股活跃金风科技开涨近5%,格隆汇
2020-12-18,盘前情报丨国产芯片大利好来了！集成电路全名单出炉,21世纪经济报道
2020-12-18,智通港股早知道︱(12月18日)盲盒线上消费呈爆发式增长，留意中国神华(01088)等煤炭股强势,智通财经
2020-12-18,12月18日开盘前瞻 | “四巫日”来袭及富时罗素季检周末换弹，恒指今日恐有波动,智通财经
2020-12-17,格隆汇个股放量排行榜|12月17日,格隆汇
2020-12-17,行业供给偏紧格局较难改，煤炭板块午后走高丨牛熊眼,第一财经
2020-12-17,煤炭股午后集体走强 恒源煤电涨停,中国经济网
2020-12-17,中煤能源：今明两年继续执行长协基准价535元/吨,Wind
2020-12-17,【英大期货】日报2020-12-16,英大期货
2020-12-17,智通港股通占比异动统计|12月17日,智通财经
2020-12-16,【兴证煤炭|周报】节前需求走弱，煤价拐点已现（01.24-01.30）,兴证煤炭
2020-12-16,格隆汇个股放量排行榜|12月16日,格隆汇
2020-12-16,生意社热点商品发现（2020年12月16日）,生意社
2020-12-16,中煤能源11月商品煤产量为909万吨,我的钢铁
2020-12-16,目前市场唯一的操作,中财网
2020-12-16,智通港股早知道︱(12月16日)美股清洁能源股及ETF集体大涨，留意中信大锰(01091)等小金属板块股价波动,智通财经
2020-12-15,【天风煤炭20201215】11月全国原煤产量34727万吨 同比增长1.5%,煤炭鑫观点
2020-12-15,【安信能源 周泰团队】11月全国原煤产量3.47亿吨，同比增长1.5%,泰度煤炭
2020-12-15,【日报|国君煤炭翟堃】“两化”改造后贵州省煤矿平均单井产能提升至55万吨/年,煤市乾坤
2020-12-15,中煤能源(01898-HK)首11个月商品煤销量2.41亿吨按年上升15.8%,财华社
2020-12-15,中煤能源(01898)11月份商品煤销量同比增长12.2%至2469万吨,智通财经
2020-12-15,中煤能源(601898.SH)：11月商品煤产量同比增11.3%销量增12.2%,格隆汇
2020-12-15,中煤能源(01898.HK)11月商品煤销量为2469万吨同比增长12.2%,格隆汇
2020-12-15,中煤能源：11月商品煤销量2469万吨，同比增12.2%,Wind
2020-12-15,恒指收跌0.69% 禽畜饲料板块领跌,中新经纬
2020-12-15,智通AH统计|12月15日,智通财经
2020-12-14,港股收盘：小米集团收涨约6%创历史新高 腾讯、阿里、美团集体下跌,英为财情
2020-12-14,恒指收跌0.44% 新能源股及汽车股走强煤炭股跌幅居前,新浪
2020-12-14,近日我司公司债券推介,中信建投固定收益部
2020-12-14,港股收盘(12.14)|恒指收跌0.44% 新能源股、汽车股逆市走强 煤炭股跌幅居前,智通财经
2020-12-14,港股收评：恒指跌0.44%，新能源，汽车股领涨市场,格隆汇
2020-12-14,恒指震荡收跌0.44%，阿里腾讯美团等科技巨头走弱,Wind
2020-12-14,【安信能源 周泰团队】第48周周报：供给难增，需求超预期，关注进口政策变化,泰度煤炭
2020-12-14,恒指跌0.1% 玩具板块领跌,中新经纬
2020-12-14,港股午评：恒指跌0.1%汽车股表现强势光伏、风电板块大涨,格隆汇
2020-12-14,煤炭股全线下跌 中煤能源跌超6%中国神华跌逾3% 连续下跌,新浪
2020-12-14,港股异动 | 中煤能源(01898)跌超6%领跌煤炭股 发改委要求电煤采购价不得超640元/吨,智通财经
2020-12-14,【动力煤】周报-2020-12-11-动力煤长协签署背景下价格大幅上行,英大期货
2020-12-13,【兴证煤炭|周报】煤炭期现价格持续强势，短期关注保供及进口政策（12.06-12.12）,兴证煤炭
2020-12-10,智通港股解盘(12.10) | 物业股形成完整梯队渐成气候,智通财经
2020-12-10,巨·热点 | 市场探底小幅调整 六大板块受热炒！,巨丰财经
2020-12-10,恒指跌0.48% 软件开发板块领跌,中新经纬
2020-12-10,内地动力煤价格持续攀升 煤炭股集体逆市上涨,凤凰网
2020-12-09,港股收评：恒指涨0.75%，医疗保健、啤酒领涨大市,格隆汇
2020-12-09,港股收盘(12.9)|恒指收涨0.75% 物管股涨幅居前 华润万象生活(01209)首挂涨超25%,智通财经
2020-12-09,生意社热点商品发现（2020年12月9日）,生意社
2020-12-09,港股异动 | 首钢资源(00639)升逾5%领涨煤炭股 动力煤主力合约触及涨停 焦煤创近两年新高,智通财经
2020-12-09,近日我司公司债券推介,中信建投固定收益部
2020-12-09,恒指涨1.26% 广告及宣传板块领涨,中新经纬
2020-12-07,不只顺周期——煤炭估值修复的产业逻辑,黑金新视野
2020-12-07,【行情】港股油气板块拉升，中港石油涨近10%，中煤能源、新海能源、中国石油化工股份等跟涨,金十数据
2020-12-06,【兴证煤炭|周报】产地煤炭供不应求，期货价逼近700大关（11.22-12.05）,兴证煤炭
2020-12-05,智通港股空仓持单统计|12月5日,智通财经
2020-12-05,【煤炭】宝丰能源（600989）首次覆盖：全产业链布局煤制烯烃行业，看好焦化板块业绩提升,天风研究
2020-12-04,港股收评：恒指震荡收涨0.4%，乳制品、医药板块领涨,格隆汇
2020-12-04,智通港股早知道︱(12月4日)蓝月亮(06993)今起招股，关注赣锋锂业(01772)等新能源车上游产业链股价趋势,智通财经
2020-12-03,智通AH统计|12月3日,智通财经
2020-12-03,港股盘前必读：小米集团拟通过“配股+发债”融资近40亿美元,Wind
2020-12-02,恒指收跌0.13% 华虹半导体涨超6%破顶,新浪
2020-12-02,恒指收跌0.13% 林业及木材板块领跌,中新经纬
2020-12-02,港股收盘(12.2)|恒指收跌0.13% 芯片股涨幅居前 华虹半导体(01347)涨超6%破顶,智通财经
2020-12-02,煤炭股普涨 中煤能源涨超5%兖州煤业涨近2%,新浪
2020-12-02,港股异动 | 中煤能源(01898)涨超6%领涨煤炭股 焦煤主力合约涨超5%创三年新高,智通财经
2020-12-02,恒指跌0.07% 林业及木材板块领跌,中新经纬
2020-12-02,易招标第五届采购链论坛圆满落幕，聚焦数智化赋能新未来,凤凰网
2020-12-02,港股异动 | 港A煤炭股齐升 国内煤炭消费量短期内或现强势增长,格隆汇
2020-12-01,智通港股通占比异动统计|12月1日,智通财经
2020-12-01,格隆汇港股通5日资金流入流出排行榜|11月30日,格隆汇
2020-11-30,格隆汇个股放量排行榜|11月30日,格隆汇
2020-11-30,近日我司公司债券推介,中信建投固定收益部
2020-11-30,事关1.5万亿资金调仓：规模指数成分股大洗牌 科创板股票首度纳入,新浪
2020-11-30,智通港股通占比异动统计|11月30日,智通财经
2020-11-30,智通港股通资金流向统计(T+2)|11月30日,智通财经
2020-11-28,顺周期龙头郑州煤电上演“地天板”，主力资金回流大金融板块，8股出逃资金超10亿,证券时报
2020-11-27,“杀猪”被直播，刚建仓就被埋，半小时从涨停到跌停！顺周期龙头上演“地天板”，8股出逃资金超10亿,证券时报
2020-11-27,格隆汇个股放量排行榜|11月27日,格隆汇
2020-11-27,银行股飙升工行罕见大涨上证50创12年新高沪指强势重返3400,财华社
2020-11-27,快讯：煤炭开采加工板块午后拉升 郑州煤电走出地天板,新浪
2020-11-27,智通港股通占比异动统计|11月27日,智通财经
2020-11-26,格隆汇个股放量排行榜|11月26日,格隆汇
2020-11-25,【大行报告】大华继显：中煤能源(01898-HK)买入区间为2.29港元至2.3港元,财华社
2020-11-24,岑智勇：夜期下跌而ADR上升 料恒指走势反复,新浪
2020-11-24,陕西：提升冲击地压矿井治理能力,中国煤炭网
2020-11-23,西北聚烯烃调研：一份没有行情判断的聚烯烃产业链调研报告,天风期货研究所
2020-11-23,万泰生物上市半年变更募投董秘辞职 国金证券保荐 董监高成员变化,中国经济网
2020-11-23,周期股集体爆发：煤飞色舞行情上演 中国铝业大涨12%,新浪
2020-11-23,近日我司公司债券推介,中信建投固定收益部
2020-11-23,半年涨20倍，万泰生物迎最年轻女高管，实控人身价4300亿超过马云,搜狐
2020-11-20,两市破净股数量达295只（附股）,证券时报网
2020-11-20,【金工】2020年12月沪深两市重点宽基指数样本股调整预测——权益事件点评,渤海证券研究
2020-11-19,两市破净股数量达299只（附股）,证券时报网
2020-11-19,智通港股通占比异动统计|11月19日,智通财经
2020-11-19,53只港股获南向资金大比例持有,证券时报网
2020-11-18,300只股破净房地产交通运输最为集中,证券时报网
2020-11-18,瑞达期货：本轮提涨基本落地，焦炭保持稳中偏强,瑞达期货
2020-11-18,【热点报告——股指期货】2020年12月主要规模指数成分股调整预测,东证衍生品研究院
2020-11-18,中煤能源10月商品煤产量增长7.2%,我的钢铁
2020-11-17,11月17日利好及其影响个股,中财网
2020-11-16,299只股破净房地产交通运输最为集中,证券时报网
2020-11-16,港股异动 | 煤炭股普涨 券商指现阶段配置煤炭板块正当时,新浪
2020-11-16,近日我司公司债券推介,中信建投固定收益部
2020-11-15,格隆汇个股放量排行榜 | 11月15日,格隆汇
2020-11-15,中煤能源(01898-HK)首10月煤销量增36%,财华社
2020-11-14,格隆汇个股放量排行榜 | 11月14日,格隆汇
2020-11-14,华西煤炭周报|煤价易涨难跌，看好龙头煤企估值继续修复,华西交运煤炭研究
2020-11-13,格隆汇港股聚焦(11.13)︱敏华控股中期纯利升6.18%至7.49亿港元；网易下周四公布业绩,格隆汇
2020-11-13,【天风煤炭20201113】2021年优质焦煤紧张局面持续 有望走出独立上涨行情,煤炭鑫观点
2020-11-13,【开源煤炭&石化-张绪成】煤炭周报：北方供暖季即将全面开启，能源保供仍是主基调,能源观察站
2020-11-13,格隆汇个股放量排行榜|11月13日,格隆汇
2020-11-13,中煤能源(01898-HK)10月商品煤销量同比增长9.8%,财华社
2020-11-13,中煤能源(601898.SH)：10月商品煤产量同比增7.2%销量增9.8%,格隆汇
2020-11-13,中煤能源(01898.HK)10月商品煤销量为2607万吨同比增长9.8%,格隆汇
2020-11-12,【中信建投金融工程】重要指数成分调整事件效应回顾及2020年12月调整名单预测,鲁明量化全视角
2020-11-12,格隆汇个股放量排行榜|11月12日,格隆汇
2020-11-12,格隆汇沽空预警榜|11月10日,格隆汇
2020-11-11,港股收盘(11.11)|恒指收跌0.28% 顺周期板块强势 科技股再遭重挫 连续下跌,智通财经
2020-11-11,港股科技股延续跌势，恒生科技指数重挫6.23%,Wind
2020-11-11,煤炭股全线上扬 中国神华涨超6%煤炭价格继续上涨,新浪
2020-11-11,港股异动 | 中国神华(01088)涨超6%领涨煤炭股 煤炭价格继续上涨 旺季需求或超预期,智通财经
2020-11-09,用煤旺季来了 煤价会涨吗？,中国能源报
2020-11-09,近日我司公司债券推介,中信建投固定收益部
2020-11-09,【安信能源 周泰团队】第43周周报：珍惜高分红个股,泰度煤炭
2020-11-06,南向资金高比例持有港股名单,证券时报网
2020-11-05,52只港股获南向资金大比例持有,证券时报网
2020-11-02,近日我司公司债券推介,中信建投固定收益部
2020-11-02,中煤能源：公司外购煤业务不存在高买低卖一说,Wind
2020-11-02,宏观经济低迷影响 煤炭优质产能下降,中国报告大厅
2020-10-30,前三季中煤能源净利润41.5亿 同比下降27.9% 盈利能力下降,生意社
2020-10-30,357公司利润环比连增63家步入绩优股行列,证券时报网
2020-10-29,中煤能源(601898)：产品价格下跌，盈利逐季改善【国君煤炭翟堃】,煤市乾坤
2020-10-29,瑞信：升中煤能源(01898)至3.6元 维持“跑赢大市”评级,智通财经
2020-10-29,利润环比连增+同比暴增58匹盈利白马现身,证券时报网
2020-10-29,今日718公司公布三季报66家业绩增幅翻倍,证券时报网
2020-10-29,晨会1029｜明年社融怎么看？,中信证券研究
2020-10-28,格隆汇港股聚焦(10.28)︱中国人寿前三季净利470.78亿元；思摩尔国际前三季经调整纯利同比增42.8%,格隆汇
2020-10-28,【安信能源 周泰团队】9月中国进口蒙古动力煤同环比均大增,泰度煤炭
2020-10-28,【安信能源 周泰团队】公司快报：中煤能源（601898.SH）Q3煤炭量价齐升，业绩环比增长,泰度煤炭
2020-10-28,中煤能源(01898-HK)前三季度净利同比减少27.9%至41.54亿人民币 盈利能力下降,财华社
2020-10-28,中煤能源：前三季度净利润同比减少27.9%,Wind
2020-10-28,中煤能源(01898)前三季度归属于上市公司股东的净利润为41.54亿元 同比减少27.9% 盈利能力下降,智通财经
2020-10-28,中煤能源(01898.HK)：前三季净利41.54亿元同比下降27.9% 盈利能力下降,格隆汇
2020-10-28,中煤能源(601898.SH)：前三季净利同比降27.9%至41.54亿元 盈利能力下降,格隆汇
2020-10-28,晨会1028｜美国房地产市场将如何影响通胀？,中信证券研究
2020-10-28,中国中煤能源股份有限公司 2020年第三季度报告正文,证券日报
2020-10-27,近日我司公司债券推介,中信建投固定收益部
2020-10-23,智通港股通资金流向统计(T+2)|10月23日,智通财经
2020-10-22,近日我司公司债券推介,中信建投固定收益部
2020-10-22,10月22日开盘前瞻 | 恒指恐有杀跌回调 大宗商品周期再起,智通财经
2020-10-21,兖州煤业：巨额现金关联收购救济大股东,证券市场周刊
2020-10-21,智通港股通占比异动统计|10月21日,智通财经
2020-10-19,格隆汇个股放量排行榜|10月19日,格隆汇
2020-10-19,恆指与MACD背驰料高开低走,财华社
2020-10-16,智通港股解盘(10.16) | 恒指在20日均线再获支撑 金融股成为市场稳定器,智通财经
2020-10-16,近日我司公司债券推介,中信建投固定收益部
2020-10-16,格隆汇个股放量排行榜|10月16日,格隆汇
2020-10-16,中煤能源：9月生产聚烯烃12.8万吨 销售13.6万吨,中国煤炭资源网
2020-10-16,中煤能源9月商品煤产量增长15.5% 销量增长26.4%,我的钢铁
2020-10-16,煤炭股早盘持续拉升走高 西山煤电涨逾9%,中国经济网
2020-10-15,受益煤价触底反弹 煤炭龙头公司估值有望持续修复,大众证券报
2020-10-15,【安信能源 周泰团队】吉林：新增进口额度500万吨，要尽早尽快通关放行,泰度煤炭
2020-10-15,晚间重要公告2020年10月15日星期四,Wind
2020-10-15,智通港股解盘(10.15) | 担忧美股风险恒指大幅调整 三季报业绩挖掘正当时,智通财经
2020-10-15,格隆汇个股放量排行榜|10月15日,格隆汇
2020-10-15,中煤能源(01898)9月份商品煤产量同比增长15.5%至1011万吨,智通财经
2020-10-15,中煤能源(01898.HK)9月商品煤销量升26.4%至2731万吨,格隆汇
2020-10-15,中煤能源(601898.SH)：9月商品煤销量升26.4%至2731万吨,格隆汇
2020-10-14,美银证券：即使中国暂停采购澳洲煤炭内地燃料煤价格升幅料仍有限,格隆汇
2020-10-13,中煤能源(01898.HK)10月28日举行董事会会议以审批前三季度业绩,格隆汇
2020-10-12,煤炭行业2020年三季报业绩前瞻：复工复产下煤价触底反弹 三季报盈利较中报小幅上涨,新浪
2020-10-11,【兴证煤炭|周报】增产预期短期施压，冬季高煤价基调不变（09.27-10.10）,兴证煤炭
2020-10-10,【兴证煤炭|周报】产地保供逐步兑现，煤价预计向绿色区间回归（10.11-10.17）,兴证煤炭
2020-10-10,【开源煤炭&石化-张绪成】煤炭周报：禁止澳煤进口扰动供给，关注三季报煤企业绩改善,能源观察站
2020-10-10,注册制“温暖”公司债发行：385只公司债注册生效 合计拟募资近2.7万亿元,证券日报
2020-10-09,港股收盘(10.9)|恒指收跌0.31% 云顶新耀-B(01952)收涨逾32% 市值突破200亿,智通财经
2020-10-09,煤炭股集体上涨 内蒙古三季度动力煤坑口结算价格持续上涨,凤凰网
2020-10-08,恒指收跌0.2%，软件开发等板块领跌,中新经纬
2020-10-08,恒指半日跌0.78%，楼宇建造板块领跌,中新经纬
2020-10-08,煤炭行业长假期间基本面概览：供给收缩因素持续 或助力煤价维持高位,新浪
2020-09-30,生意社热点商品发现（2020年9月30日）,生意社
2020-09-30,《战狼2》出品方背后大佬：“富德系”从地产巨贾到险业大王之路,野马财经
2020-09-30,广州发展：今年上半年销售进口煤同比增加100%,格隆汇
2020-09-29,9月29日开盘前瞻 | 恒指短期难抓反弹 煤炭板块或有持续表现,智通财经
2020-09-28,智通港股解盘(09.28) | 两只个股带动恒指反弹 周二才是真正的考验,智通财经
2020-09-28,两市破净股数量达307只（附股）,证券时报网
2020-09-27,陕西煤业年盈利超百亿 两次重组调结构科技赋能降本增效,长江商报
2020-09-24,国有企业“争创一流”迈向新征程,国资委
2020-09-22,280只股破净9股股价不足每股净资产一半,证券时报网
2020-09-21,大宗商品行业周报：农产品震荡偏强 工业品分化偏弱,新浪
2020-09-21,陕西煤业年盈利超百亿 两次重组调结构科技赋能降本增效,长江商报
2020-09-17,8月中煤能源商品煤产量增长9.3% 销量增长20.9%,中国能源网china5e
2020-09-16,多重因素引发供需错配加剧，“工业粮食”价格创下年内新高，受益股名单来了,证券时报网
2020-09-16,【天风原创】财务视角审视信用主体资质变化 —财务报表综述之煤炭篇,天风晨曦交易视点
2020-09-16,中煤能源2020年8月商品煤销量2356万吨，同比增加20.9%,资本邦
2020-09-16,生意社热点商品发现（2020年9月16日）,生意社
2020-09-15,中煤能源(01898-HK)首8个月累计商品煤销量同比增长15.8%,财华社
2020-09-15,中煤能源(01898)8月份商品煤产量同比增长9.3%至980万吨,智通财经
2020-09-15,"中煤能源(01898.HK)8月商品煤销量2,356万吨 同比增长20.9%",格隆汇
2020-09-15,中煤能源(601898.SH)：8月商品煤销量升20.9%至2356万吨,格隆汇
2020-09-15,智通港股通资金流向统计(T+2)|9月15日,智通财经
2020-09-14,中煤能源(01898)：“13中煤MTN002”将于9月18日兑付,智通财经
2020-09-14,中煤能源(01898.HK)“13中煤MTN002”将于9月18日兑付,格隆汇
2020-09-09,固安捷中国大变身：脱离海外母公司 获创新工场投资,亿邦动力
2020-09-09,固安捷中国完成重组及数亿元首轮融 致力打造工业品“智能采购专家”,中国经济网
2020-09-08,上市煤企业绩回暖 疫情影响仍将延续,中国煤炭报
2020-09-08,盘点矿石的那些事儿：钢来钢往“钢铁研究院”9月10日15点与你相约,中国机经网
2020-09-08,靖远煤电、郑州煤电涨停，煤炭板块涨近3%,Wind
2020-09-08,50只港股获南向资金大比例持有,证券时报网
2020-09-07,25家上市煤炭企业半年报出炉 上半年煤炭股业绩小幅下滑 盈利能力下降,中国煤炭网
2020-09-07,近日我司公司债券推介,中信建投固定收益部
2020-09-07,智通港股通资金流向统计(T+2)|9月7日,智通财经
2020-09-06,格隆汇沽空预警榜|9月4日,格隆汇
2020-09-03,25家上市煤炭企业半年报出炉 上半年煤炭股业绩小幅下滑 盈利能力下降,煤炭新闻网
2020-09-03,51只港股获南向资金大比例持有,证券时报网
2020-09-02,【开源煤炭&石化-张绪成】煤炭行业2020中报综述：中报业绩下滑但二季度环比明显改善，关注内部挖潜和成长性标的 盈利能力下降,能源观察站
2020-09-01,【中报|国君煤炭翟堃】煤价盈利回暖，推荐高股息和成长龙头,煤市乾坤
2020-09-01,南向资金高比例持有港股名单,证券时报网
2020-08-31,瑞信：上调中煤(1898.HK)目标价至3港元 评级跑赢大市,格隆汇
2020-08-31,近日我司公司债券推介,中信建投固定收益部
2020-08-31,上半年中煤能源净利润23.1亿元 同比下滑39% 盈利能力下降,中国能源网china5e
2020-08-31,中煤能源上半年净利润23.1亿元,我的钢铁
2020-08-31,中煤能源(601898)：1H20业绩符合预期；煤价短期走势平稳,新浪
2020-08-31,【英大期货】月报2020-08-28,英大期货
2020-08-29,【安信煤炭 周泰团队】公司点评：中煤能源（601898.SH）：煤炭产销增长，Q2业绩环比提升,泰度煤炭
2020-08-29,今日465公司公布半年报46家业绩增幅翻倍,证券时报网
2020-08-28,【安信煤炭 周泰团队】日报：发改委：煤炭长协合同签订及执行是下半年行业工作重点,泰度煤炭
2020-08-28,中煤能源(01898.HK)拟设立中煤平朔安太堡热电公司,格隆汇
2020-08-28,中煤能源：上半年净利润同比减少39.04% 盈利能力下降,Wind
2020-08-28,中煤能源(01898)附属与中煤集团拟分立平朔工业集团,智通财经
2020-08-28,中煤能源(01898.HK)上半年净利降38.7%至25.29亿元 盈利能力下降,格隆汇
2020-08-28,中煤能源(601898.SH)：上半年净利同比降39%至23.1亿元 盈利能力下降,格隆汇
2020-08-28,中煤能源(01898)中期股东应占利润减少38.7%至25.29亿元 盈利能力下降,智通财经
2020-08-28,中煤能源(01898-HK)半年盈利25.29亿跌39% 盈利能力下降,财华社
2020-08-27,智通港股通资金流向统计(T+2)|8月27日,智通财经
2020-08-26,智通AH统计|8月26日,智通财经
2020-08-26,格隆汇沽空预警榜|8月24日,格隆汇
2020-08-25,安信研究|晨会在线20200902,安信证券研究
2020-08-24,【安信煤炭 周泰团队】第32周周报：中下游持续去库存，进口收紧支撑煤价,泰度煤炭
2020-08-24,近日我司公司债券推介,中信建投固定收益部
2020-08-24,【英大期货】日报2020-08-21,英大期货
2020-08-21,速达股份：秉承以优质为诉，予客户满意之答,投资家
2020-08-21,低油价时代煤制烯烃遇“劫”：成本优势缩小 巨头加码前景如何？,中国网
2020-08-20,低油价时代煤制烯烃遇“劫”：成本优势缩小 巨头加码前景如何？,新浪
2020-08-20,格隆汇个股放量排行榜 | 8月20日,格隆汇
2020-08-19,【日报|国君煤炭翟堃】7月全国粗钢产量增长9.1% 生铁产量增长8.8%,煤市乾坤
2020-08-19,煤炭行业经营状况明显好转 部分企业安全生产突破1000天,新浪
2020-08-19,中煤能源关于监事辞职的公告 董监高成员变化,新浪
2020-08-19,格隆汇个股放量排行榜|8月19日,格隆汇
2020-08-19,中煤能源：公司监事周立涛辞职 董监高成员变化,每日经济新闻
2020-08-19,中煤能源(01898.HK)：监事周立涛辞任 董监高成员变化,格隆汇
2020-08-19,中煤能源(01898)：周立涛因达到法定退休年龄请辞监事职务 董监高成员变化,智通财经
2020-08-19,中煤能源：监事辞职 董监高成员变化,Wind
2020-08-18,Mysteel晚餐：钢材期现市场拉涨，上期所指定螺纹钢期货厂库,我的钢铁
2020-08-18,格隆汇个股放量排行榜|8月18日,格隆汇
2020-08-18,个别钢厂接受提涨，焦炭提涨范围将扩大,瑞达期货
2020-08-18,巨·热点|缩量调整再引市场分化 农业、周期等板块受关注！,巨丰财经
2020-08-18,7月中煤能源商品煤产量增长9.1% 销量增长31.5%,中国能源网china5e
2020-08-18,2020-8-19神华期货行情资信汇编,神华期货
2020-08-17,格隆汇港股聚焦(8.17)︱京东二季度净收入首次突破两千亿；中金公司上半年盈利超30亿,格隆汇
2020-08-17,【安信煤炭 周泰团队】日报：韩国7月煤炭进口量增至7个月高位,泰度煤炭
2020-08-17,【公告抢先看】晚间重要公告：汇金股份主业未涉及数字货币相关内容、彩虹股份子公司涉及诉讼及337调查终结,金融界
2020-08-17,近日我司公司债券推介,中信建投固定收益部
2020-08-17,中煤能源(601898.SH)：7月商品煤销量升31.5%至2373万吨,格隆汇
2020-08-17,"中煤能源(01898.HK)7月商品煤销量2,373万吨同比增长31.5%",格隆汇
2020-08-17,中煤能源(01898.HK)聘任冯建华担任证券事务代表,格隆汇
2020-08-17,中煤能源：7月份商品煤销量同比增长31.5%,e公司
2020-08-17,兖州煤业升逾3% 母企与山东能源获准合并,新浪
2020-08-17,智通港股通资金流向统计(T+2)|8月17日,智通财经
2020-08-14,263只股破净房地产采掘最为集中,证券时报网
2020-08-14,陕煤集团澄合百良公司：只提煤 不提矸TDS智能选矸机器人及充填系统试运行,中国煤炭网
2020-08-13,中煤能源(01898.HK)8月28日举行董事会会议以审批中期业绩,格隆汇
2020-08-13,268只股破净房地产采掘最为集中,证券时报网
2020-08-13,鲁西集团党委书记张金成:坚持一手抓防疫、一手抓生产 努力实现高质量发展,中国经济网
2020-08-13,解析世界500强榜单：30家汽车企业排名下滑中国上榜数量全球领先,搜狐
2020-08-13,2020世界五百强新榜公布来看哪些车企入围?,搜狐
2020-08-12,世界500强企业：中国有134家，美国121家，为何俄罗斯只有4家呢？,搜狐
2020-08-12,273只股破净银行板块破净率最高,证券时报网
2020-08-12,生意社热点商品发现（2020年8月12日）,生意社
2020-08-12,智通港股通资金流向统计(T+2)|8月12日,智通财经
2020-08-11,超美国！2020世界500强中国企业背后：谁在进步谁在掉队？,搜狐
2020-08-11,备受瞩目！2020年世界500强企业，美企121家，日企53家，中企呢？,搜狐
2020-08-11,两市破净股数量达277只（附股）,证券时报网
2020-08-11,中国133家企业入围世界500强：上榜数量位列第一，但盈利能力与美国差距大,钛媒体
2020-08-11,产能将超海螺水泥！“中国神泥”横空出世！,雪球
2020-08-11,中煤集团晋级《财富》世界500强之路,财富中文网
2020-08-11,沃尔玛连续七年成为全球最大公司 2020中国连锁超市市场现状,财富中文网
2020-08-11,厉害了！世界500强出炉，中国大陆企业数量首超美国，互联网7强中国霸占4席，华为首进TOP50,券商中国
2020-08-11,4家中国能源化工 公司入围世界500强,第一财经
2020-08-10,最新世界500强地图：中国133家位居榜首，粤港澳大湾区21家入围,21世纪经济报道
2020-08-10,《财富》500强出炉，124家中国大陆公司上榜，数量首次超越美国,国际金融报
2020-08-10,《财富》世界500强发布 中石化第2，国网第3，华为首次进前50,腾讯网
2020-08-10,突破！500强中国企业数量首超美国，4家药企新进，上药超越BMS、赛默飞成“黑马”,E药经理人
2020-08-10,2020年《财富》世界500强新上榜公司:上海建工、深圳投资等上榜,财富中文网
2020-08-10,2020年《财富》世界500强公布！中企数量首次超美国,时代周报
2020-08-10,8家中国公司新入或重入世界500强 沙特阿美为何最赚钱,第一财经
2020-08-10,这些中国能源化工公司世界500强，沙特阿美为何最赚钱,第一财经
2020-08-10,14家粤企上榜《财富》世界500强，深投控新入榜（附完整名单）,搜狐
2020-08-10,中国大陆《财富》世界500强数量首超美国 但盈利水平仍差距巨大,新浪
2020-08-10,《财富》世界500强：利润率榜上排名最高的是台积公司,新浪
2020-08-10,世界500强今天发榜，中国大陆企业数量首次超过美国,上观
2020-08-10,2020年《财富》世界500强：8家中国公司新上榜,证券时报网
2020-08-10,今年《财富》世界500强排行榜一共有25家新上榜和重新上榜公司，其中新上榜的中国公司有8家，它们是：上海建工、深圳投资控股、盛虹、山东钢铁、上海医药、广西投资、中国核工业和中煤能源,金十数据
2020-08-10,2020年《财富》世界500强排行榜揭晓,Wind
2020-08-10,近日我司公司债券推介,中信建投固定收益部
2020-08-10,中煤能源：平朔集团原煤产量实现恢复性增长,中国煤炭资源网
2020-08-10,恒指低开0.63% 汽车板块领跌,中新经纬
2020-08-09,【兴证煤炭|周报】下游补库完成迎旺季，煤价短期获季节支撑（07.26-08.08）,兴证煤炭
2020-08-09,资本市场为复工复产“加油助力”,经济日报
2020-08-06,262只股破净房地产采掘最为集中,证券时报网
2020-08-06,印度限制中国公司参与其商业煤矿拍卖,中国煤炭资源网
2020-08-05,近日我司公司债券推介,中信建投固定收益部
2020-07-30,近日我司公司债券推介,中信建投固定收益部
2020-07-28,2020年《财富》中国500强出炉，3家煤炭企业杀入前100,腾讯网
2020-07-28,15家煤炭上市公司上榜2020财富中国500强,财富中文网
2020-07-28,智通港股投资日志|7月28日,智通财经
2020-07-27,2020年《财富》中国500强新鲜出炉，19家能源企业杀入前100！,华夏能源网
2020-07-27,Mysteel：15家煤炭企业上榜财富中国500强,我的钢铁
2020-07-24,全国煤炭交易中心计划于10月1日正式开业运营,腾讯网
2020-07-23,【安信煤炭 周泰团队】日报：2020年湖南省拟关闭26处煤矿，产能183万吨 经营问题,泰度煤炭
2020-07-21,中煤能源(01898)：每手“18中煤07”7月26日起付息44元,智通财经
2020-07-21,中煤能源(01898.HK)：“18中煤07”将于7月26日开始付息,格隆汇
2020-07-21,恒指高开1.47% 汽车板块领涨,中新经纬
2020-07-20,中煤能源(01898)：“13中煤MTN001”7月25日到期兑付,智通财经
2020-07-20,"中煤能源(01898.HK)""13中煤MTN001""将于7月25日到期兑付",格隆汇
2020-07-20,276只股破净银行板块破净率最高,证券时报网
2020-07-20,近日我司公司债券推介,中信建投固定收益部
2020-07-17,瑞信升腾讯近一成九目标 港灯获大和升至跑赢大市,经济通
2020-07-17,中煤能源6月商品煤产量增长3.9% 销量增长20.5%,中国煤炭资源网
2020-07-17,中煤能源：6月生产聚烯烃12.9万吨 销售12.6万吨,中国煤炭资源网
2020-07-17,中煤能源6月商品煤产量915万吨,我的钢铁
2020-07-17,中泰国际：中煤能源上半年商品煤产量按年升5%,新浪
2020-07-17,华创事件驱动早报7-17：互联网巨头争相布局电竞；国企改革三年行动全面实施,华创证券研究
2020-07-17,华盛早报｜高盛加仓中国市场！315晚会万科、趣头条被批,华盛证券
2020-07-16,格隆汇港股聚焦(7.16)︱工行拟出资80亿元参投国家绿色发展基金中煤能源6月商品煤销量2317万吨同比增长20.5%,格隆汇
2020-07-16,晚间公告热点追踪：多家银行拟参投国家绿色发展基金,新浪
2020-07-16,中煤能源(01898)6月份商品煤产量同比增加3.9%至915万吨,智通财经
2020-07-16,中煤能源(01898.HK)6月商品煤销量2317万吨同比增长20.5%,格隆汇
2020-07-16,中煤能源(601898.SH)：6月商品煤销量升20.5%至2317万吨,格隆汇
2020-07-15,中煤能源(01898)：2019年度第一期中期票据付息日为7月23日,智通财经
2020-07-15,中煤能源(01898.HK)：“19中煤能源MTN001”7月23日付息,格隆汇
2020-07-14,每手派息46.1元 中煤能源(01898)：“17中煤01”将于7月20日开始付息,智通财经
2020-07-14,中煤能源(01898.HK)：“17中煤01”7月20日开始付息,格隆汇
2020-07-14,255只股破净9股股价不足每股净资产一半,证券时报网
2020-07-14,融资客看好12股买入占成交超三成,证券时报网
2020-07-13,能源行业日报：北昆士兰6月煤炭出口量创今年新高,新浪
2020-07-13,近日我司公司债券推介,中信建投固定收益部
2020-07-12,格隆汇个股放量排行榜 | 7月12日,格隆汇
2020-07-12,【兴证煤炭|周报】产地紧供给下游高库存，短期煤价多空博弈（07.05-07.11）,兴证煤炭
2020-07-10,格隆汇个股放量排行榜|7月10日,格隆汇
2020-07-10,280只股破净房地产采掘最为集中,证券时报网
2020-07-09,格隆汇个股放量排行榜|7月9日,格隆汇
2020-07-08,能源行业日报：贵州省核定煤矿产能1.38亿吨,新浪
2020-07-08,格隆汇个股放量排行榜|7月8日,格隆汇
2020-07-07,2020年度全球40强矿业上市公司，9家中国公司上榜,一带一路高参
2020-07-06,能源行业日报：6月下旬全国焦炭价格上涨2.2%,新浪
2020-07-06,近日我司公司债券推介,中信建投固定收益部
2020-07-05,【兴证煤炭|周报】下游需求持续，短期煤价高位震荡（06.21-07.04）,兴证煤炭
2020-07-05,煤炭行业周报：动力煤价格持续上行 板块估值修复可期,新浪
2020-07-03,326只股破净房地产公用事业最为集中,证券时报网
2020-07-03,中煤能源(01898)：“17中煤01”有效回售金额为9.256亿元,智通财经
2020-07-03,中煤能源(01898.HK)“17中煤01”回售金额为9.26亿元,格隆汇
2020-07-03,港股收盘(7.3)|恒指收涨0.99% 腾讯(00700)再创新高 总市值突破五万亿港元,智通财经
2020-07-03,恒生指数午盘收涨0.84%报25336点 众安在线(06060)升11.6%,凤凰网
2020-07-03,港股午评|恒指涨逾200点，美团点评再创历史新高,富途证券
2020-07-03,港股异动 | 中国神华(01088)升逾5%领涨煤炭股 雨季来临上游煤矿部分停产 经营问题,智通财经
2020-07-03,港股异动|煤炭股集体拉升中国神华(1088.HK)大涨超5%,格隆汇
2020-07-03,中字头板块表现强劲,格隆汇
2020-07-02,能源行业日报：甘肃省拟退出煤矿产能156万吨,新浪
2020-06-30,中煤能源(01898.HK)：“18中煤05”及“18中煤06”7月6日开始付息,格隆汇
2020-06-30,每手派46.9元 中煤能源(01898)：“18中煤05”将于7月6日付息,智通财经
2020-06-29,【安信煤炭 周泰团队】日报：国内成品油价格迎来年内首次上调,泰度煤炭
2020-06-29,中煤能源(601898.SH)：年报推10派1.27元股权登记日7月6日,格隆汇
2020-06-29,中煤能源(01898)拟派2019年度A股股息每股0.127元,智通财经
2020-06-29,中煤能源(01898.HK)：A股每股现金红利0.127元,格隆汇
2020-06-29,近日我司公司债券推介,中信建投固定收益部
2020-06-29,智通港股通占比异动统计|6月29日,智通财经
2020-06-26,连亏8年突然赚了14亿，这只昔日“第一妖股”又来了：1小时股价狂涨700% 亏损,和讯
2020-06-26,智通AH统计|6月26日,智通财经
2020-06-26,蒙古能源升幅扩大至5.7倍 蒙焦煤企涨逾40%,新浪
2020-06-24,煤炭周观点：煤价稳中向好，低估值优势凸显 【国君煤炭翟堃】,煤市乾坤
2020-06-24,煤炭行业周报：电厂采煤需求释放 煤价继续上行,新浪
2020-06-24,【开源煤炭石化-张绪成】煤炭周报：低估值+业绩改善，煤炭股底部配置正当时,能源观察站
2020-06-24,能源行业日报：关注徐州焦化去产能进展,新浪
2020-06-24,智通AH统计|6月24日,智通财经
2020-06-24,382只股破净银行板块破净率最高,证券时报网
2020-06-24,港股午评：恒指微升0.06%小米放量大涨超8%,格隆汇
2020-06-23,格隆汇个股放量排行榜 | 6月23日,格隆汇
2020-06-22,格隆汇个股放量排行榜|6月22日,格隆汇
2020-06-22,近日我司公司债券推介,中信建投固定收益部
2020-06-20,【开源煤炭石化-张绪成】行业周报：政策&基本面双支撑，底部布局煤炭股,能源观察站
2020-06-19,华西煤炭周报|看好动力煤旺季涨价，低估值龙头有望修复,华西交运煤炭研究
2020-06-19,恒指收涨0.73%证券及经纪板块领涨,中新经纬
2020-06-19,377只股破净 11股股价不足每股净资产一半,证券时报网
2020-06-18,能源行业日报：贵州公布第四批拟退出煤矿,新浪
2020-06-18,中煤能源(01898)：2017年公开发行公司债券(第一期)票面利率调整为2.85%,智通财经
2020-06-18,中煤能源(01898.HK)“17中煤01”利率调整为2.85%,格隆汇
2020-06-18,智通港股52周新高、新低统计|6月18日,智通财经
2020-06-18,智通AH统计|6月18日,智通财经
2020-06-18,煤炭周观点：供给侧政策持续推进，市场预期加速回暖【国君煤炭翟堃】,煤市乾坤
2020-06-18,恒指跌0.22%食品添加剂板块领跌,中新经纬
2020-06-18,融资客青睐14股，豫能控股买入占比高达43.56%,Wind
2020-06-17,两市破净股数量达379只 （附股）,证券时报网
2020-06-17,中国中煤能源股份：将“17中煤01”后2年票面利率由4.61%下调至2.85%,Wind
2020-06-16,中煤能源(01898.HK)：“17中煤01”回售资金兑付日为7月20日,格隆汇
2020-06-16,中煤能源(01898.HK)拟派末期息 每股0.127元(含税),格隆汇
2020-06-16,港股公告精选：银保监会核准中信银行全资子公司信银理财开业,Wind
2020-06-16,智通港股早知道︱(6月16日) 苹果产业链布局正当时 关注瑞声(02018)、舜宇(02382)等股价筑底,智通财经
2020-06-15,格隆汇港股聚焦(6.15)︱易鑫集团获腾讯和黑马资本溢价11.6%提收购要约东阳光药重组人胰岛素注射液获批上市,格隆汇
2020-06-15,【日报|国君煤炭翟堃】2020年5月份我国生产原煤3.2亿吨，同比下降0.1%,煤市乾坤
2020-06-15,【安信煤炭 周泰团队】日报：5月全国原煤产量31884万吨，同比下降0.1%,泰度煤炭
2020-06-15,中煤能源(01898-HK)首五月累计商品煤销量9246万吨同比增10.2%,财华社
2020-06-15,中煤能源(601898.SH)：5月商品煤销量增27.1%至2226万吨,格隆汇
2020-06-15,中煤能源(01898.HK)5月商品煤销量2226万吨同比增长27.1%,格隆汇
2020-06-15,中国中煤能源股份：“17中煤01”回售登记期6月18日至6月24日,Wind
2020-06-15,近日我司公司债券推介,中信建投固定收益部
2020-06-15,【安信煤炭 周泰团队】第23周周报：高日耗，低库存，紧供给， 支撑煤价走高,泰度煤炭
2020-06-14,【兴证煤炭|周报】市场平稳迎夏，煤价稳中有升（05.31-06.13）,兴证煤炭
2020-06-14,煤炭周观点：需求持续释放，煤价恢复至年内高位【国君煤炭翟堃】,煤市乾坤
2020-06-12,港股异动丨煤炭股普跌产业链复苏仍面临挑战,格隆汇
2020-06-10,债市风云：关注数据确认经济复苏，债市或继续震荡（6.10）,国联安基金
2020-06-08,中煤能源(01898)“15中煤MTN001”将于6月18日付息,智通财经
2020-06-08,"中煤能源(01898.HK)""15中煤MTN001""将于6月18日付息",格隆汇
2020-06-08,近日我司公司债券推介,中信建投固定收益部
2020-06-08,湘煤集团开启湖南煤炭物流“多式联运”新模式,红网
2020-06-08,湖南首次利用浩吉铁路进行“北煤南运”,兰格钢铁网
2020-06-05,煤炭周观点：焦炭行业盈利创 2019 年来最好水平 【国君煤炭翟堃】,煤市乾坤
2020-06-05,智通港股空仓持单统计|6月5日,智通财经
2020-06-04,377只股破净 银行板块破净率最高,证券时报网
2020-06-04,中国神华今除净 走低逾2%,新浪
2020-06-03,煤炭行业中期策略：宏观微观估值三重底，增持窗口显现【国君煤炭翟堃】,煤市乾坤
2020-06-03,生意社热点商品发现（2020年6月3日）,生意社
2020-06-01,"中煤能源(01898.HK)""18中煤03""将于6月5日付息",格隆汇
2020-06-01,385只股破净 8股股价不足每股净资产一半,证券时报网
2020-05-31,煤炭周观点：煤价反弹维持，持续看好估值修复【国君煤炭翟堃】,煤市乾坤
2020-05-31,【兴证煤炭|周报】经济复苏需求回暖，煤价回归绿色区间（05.17-05.30）,兴证煤炭
2020-05-29,406只股破净 10股股价不足每股净资产一半,证券时报网
2020-05-28,智通AH统计|5月28日,智通财经
2020-05-27,414只股破净 房地产公用事业最为集中,证券时报网
2020-05-26,412只股破净 房地产交通运输最为集中,证券时报网
2020-05-25,智通港股52周新高、新低统计|5月25日,智通财经
2020-05-25,两市破净股数量达425只 （附股）,证券时报网
2020-05-24,【华泰钢煤*煤炭周报】动力煤、焦炭价格或继续上行,华泰钢铁煤炭研究
2020-05-22,智通港股52周新高、新低统计|5月22日,智通财经
2020-05-22,煤炭周观点：煤价持续上行，需求恢复好于预期【国君煤炭翟堃】,煤市乾坤
2020-05-22,智通港股通占比异动统计|5月22日,智通财经
2020-05-21,跌到只剩渣！互联网巨头暴跌98%，5年前股价力压茅台，昨日立案调查，今日逆市涨停！这类股成重灾区 连续下跌,证券时报网
2020-05-21,两市破净股数量达406只 （附股）,证券时报网
2020-05-21,融资客看好10股 买入占成交超三成,证券时报网
2020-05-20,回升的煤炭销量和“转正”的社会用电量：哪些行业用电在激增，哪些还躺在谷底？,经济观察网
2020-05-20,大摩：中煤能源(01898)未来30天股价将上升 予“与大市同步”评级,智通财经
2020-05-20,智通港股通占比异动统计|5月20日,智通财经
2020-05-19,中国神华4月煤炭销量增68% 运输市场复苏尚显缓慢,每日经济新闻
2020-05-19,智通AH统计|5月19日,智通财经
2020-05-18,智通港股52周新高、新低统计|5月18日,智通财经
2020-05-18,智通AH统计|5月18日,智通财经
2020-05-18,中煤能源：4月生产商品煤908万吨 销售1960万吨,我的钢铁
2020-05-16,中煤能源(01898-HK)4月商品煤产量按年升10.6%销量增21.7%,财华社
2020-05-16,格隆汇港股聚焦(5.15)︱中金公司一季度净利增逾四成国家集成电路基金II等多方同意向中芯南方注资,格隆汇
2020-05-15,中煤能源4月商品煤销量按年升21.7％,格隆汇
2020-05-15,智通AH统计|5月15日,智通财经
2020-05-15,智通港股52周新高、新低统计|5月15日,智通财经
2020-05-15,中煤能源(01898.HK)4月商品煤销量1960万吨 同比增长21.7%,格隆汇
2020-05-15,恒生指数收跌0.14%报23797点 万洲国际(00288)挫4.5%领跌蓝筹,凤凰网
2020-05-15,恒指收跌0.14% 航空物流板块领跌,中新经纬
2020-05-13,【重磅|深度，开源煤炭石化】中国神华：多优势对冲周期，提高分红愈显投资价值,能源观察站
2020-05-13,煤炭行业19年报和20年1季报综述：2019年净利润增长3.6% 2020年1季度净利润下降26%,新浪
2020-05-13,中煤能源(601898)：优化煤炭资源 煤化工成新盈利点,新浪
2020-05-13,中国策略简评：MSCI中国半年度调整,新浪
2020-05-13,维他奶(00345)跌近3% 遭剔出MSCI港指,经济通
2020-05-13,"【华泰钢铁煤炭邱瀚萱团队】中煤能源 (601898 SH, 增持): 优化煤炭资源，煤化工成新盈利点",华泰证券研究所
2020-05-12,煤价压线“红色区域” 煤企亏损面已超四成 亏损,电缆网
2020-05-11,做好过苦日子准备 煤企亏损面已超四成！ 亏损,中国能源报
2020-05-11,【安信煤炭 周泰团队】第18周周报：煤价反弹，市场有望持续向好,泰度煤炭
2020-05-10,【兴证煤炭|周报】需求回暖日耗回升，煤价有望企稳（04.26-05.09）,兴证煤炭
2020-05-10,格隆汇沽空预警榜|5月8日,格隆汇
2020-05-07,【安信煤炭 行业深度】煤炭年报及一季报综述：2019产销增长，2020行业利润或受疫情影响下滑,泰度煤炭
2020-05-07,恒指低开0.07%报24120.81点 餐饮板块领跌,中新经纬
2020-05-05,智通港股52周新高、新低统计|5月5日,智通财经
2020-05-05,【国君煤炭翟堃】煤炭周观点：长协落地助推市场情绪回暖,煤市乾坤
2020-05-04,智通港股52周新高、新低统计|5月4日,智通财经
2020-04-30,注册制推动公司信用类债券发行提速,新浪
2020-04-29,【安信煤炭 周泰团队】公司点评：中煤能源（601898.SH）化工品价格大幅走低，利润大幅下滑 盈利能力下降,泰度煤炭
2020-04-29,每手派48.5元 中煤能源(01898)：“18中煤01”将于5月11日付息,智通财经
2020-04-29,中煤能源(01898.HK)：“18中煤01”5月11日开始付息,格隆汇
2020-04-29,瑞信：下调中煤能源(01898)目标价至2.8港元 维持“跑赢大市”评级 机构下调估值,智通财经
2020-04-28,【天风煤炭20200428】4月无烟块煤市场：煤矿出货承压，价格继续下行,煤炭鑫观点
2020-04-28,4月29日上市公司重要公告集锦：上海机场一季度净利同比下滑超九成,证券日报
2020-04-28,【安信煤炭 周泰团队】日报：全国煤矿数已从3.7万减至5千，将继续缩减,泰度煤炭
2020-04-28,中煤能源：煤炭价格下行 一季度净利润下滑57.9% 盈利能力下降,e公司
2020-04-28,中煤能源：一季度净利润同比减少57.92% 盈利能力下降,Wind
2020-04-28,中煤能源(01898)一季度归母净利同比下降57.95%至6.48亿元 盈利能力下降,智通财经
2020-04-28,中煤能源(01898)续签若干日常关联交易框架协议,智通财经
2020-04-28,中煤能源(01898-HK)上季盈利跌58% 盈利能力下降,财华社
2020-04-28,中煤能源(01898)一季度归母净利润降57.9%至6.48亿元 盈利能力下降,智通财经
2020-04-28,中煤能源(01898.HK)一季度净利跌57.9%至6.48亿元 盈利能力下降,格隆汇
2020-04-28,供需及成本端弱驱动 聚烯烃二季度承压,广州期货
2020-04-27,【研报掘金】煤价或见底企稳 低估值、高分红公司投资价值凸显,证券时报网
2020-04-27,融资客青睐9股，江苏国信买入占比高达38.40%,Wind
2020-04-23,恒指收涨0.35%报23977.32点 博彩股活跃,中新经纬
2020-04-23,智通港股通资金流向统计(T+2)|4月23日,智通财经
2020-04-22,兖州煤业2019年度拟派28.49亿元红包,证券时报网
2020-04-22,中煤陕西公司登榜不合格 企业标准编号中代号不统一 产品问题,中国经济网
2020-04-22,1.88亿元主力资金今日撤离采掘板块,证券时报网
2020-04-22,恒指低开低走跌0.56% 纺织品及布料板块领跌,中新经纬
2020-04-22,中国神华跌近2% 内地煤炭库存高企,新浪
2020-04-20,1.19亿元资金今日流出采掘股,证券时报网
2020-04-20,412只股破净20股股价不足每股净资产一半,证券时报网
2020-04-20,1376公司公布年报208家业绩增幅翻倍,证券时报网
2020-04-18,格隆汇沽空预警榜 | 4月16日,格隆汇
2020-04-17,两市破净股数量达413只（附股）,证券时报网
2020-04-17,注册制公司债受理增至119单 拟发行金额突破7000亿元,证券日报
2020-04-16,411只股破净房地产交通运输最为集中,证券时报网
2020-04-16,1159公司公布年报174家业绩增幅翻倍,证券时报网
2020-04-16,中煤能源：3月生产聚烯烃13万吨,我的钢铁
2020-04-16,78家公司市值超净资产10倍，115家公司“破净”,中证报
2020-04-16,78家公司市值超净资产10倍 115家公司“破净”,中证报
2020-04-15,中煤能源(01898)3月份商品煤产量928万吨 同比增长2.4%,智通财经
2020-04-15,中煤能源(01898.HK)中煤能源(01898.HK)3月份商品煤销量降9%至1637万吨 盈利能力下降,格隆汇
2020-04-15,417只股破净房地产交通运输最为集中,证券时报网
2020-04-15,【安信煤炭 周泰团队】日报：3月山东原煤产量904.5万吨，同比减少1.28%,泰度煤炭
2020-04-14,【安信煤炭 周泰团队】日报：3月进口煤炭2783.3万吨，同比增长28.4%,泰度煤炭
2020-04-14,中煤能源(01898.HK)将于4月28日举行董事会会议以审议一季度业绩,格隆汇
2020-04-14,中煤能源(01898.HK)完成发行2020年度第一期中期票据,格隆汇
2020-04-14,407只股破净银行板块破净率最高,证券时报网
2020-04-14,【天风煤炭20200415】3月山东原煤产量904.5万吨，环比增长27.99%,煤炭鑫观点
2020-04-13,隔两天涨一倍！口罩需求引爆聚丙烯行情，相关上市公司股价大涨,中证报
2020-04-13,公募公司债券的几点变化,搜狐
2020-04-12,【兴证煤炭|周报】下游需求不振，煤价承压下行（04.05-04.11）,兴证煤炭
2020-04-10,414只股破净19股股价不足每股净资产一半,证券时报网
2020-04-09,“国字头”科创板后备军蓄势待发！200余家科技型国企入选“科改示范行动”,中证报
2020-04-08,398只股破净19股股价不足每股净资产一半,证券时报网
2020-04-08,799公司公布年报121家业绩增幅翻倍,证券时报网
2020-04-08,中金正式踏上回A路！银河、东方花旗联手保驾，更有17名骨干护航,券商中国
2020-04-07,402只股破净19股股价不足每股净资产一半,证券时报网
2020-04-07,处于历史低位的绩优股出炉，11股获北上资金加仓百万股以上,第一财经
2020-04-07,20倍大牛股直接跌停！低位股逆风翻盘，处于历史低位的绩优股出炉,证券时报网
2020-04-07,释放大利好!A股嗨了突然暴涨1.2万亿-更新中,中财网
2020-04-06,"恒指高开1.39%,半导体板块领涨",中新经纬
2020-04-03,华西煤炭周报|日耗基本恢复往年同期水平，库存电厂跌港口涨,华西交运煤炭研究
2020-04-03,两市破净股数量达428只（附股）,证券时报网
2020-04-03,760公司公布年报116家业绩增幅翻倍,证券时报网
2020-04-03,主力资金净流入额创新高 61股持续获增持,中证网
2020-04-02,75股主力资金净流入超亿元,证券时报网
2020-04-02,420只股破净房地产公用事业最为集中,证券时报网
2020-04-02,恒指收涨0.84%报23280.06点 油气设备服务板块领涨,中新经纬
2020-04-01,两市破净股数量达436只（附股）,证券时报网
2020-04-01,中国中煤能源股份有限公司 关于调整指定信息披露报刊的公告,中证报
2020-03-31,万亿白马股遭主力抢筹，大资金尾盘买入这些股,上游新闻
2020-03-31,3月31日主力资金净流出183亿元,证券时报网
2020-03-31,428只股破净房地产公用事业最为集中,证券时报网
2020-03-30,12股主力资金净流入超亿元,证券时报网
2020-03-30,499公司公布年报69家业绩增幅翻倍,证券时报网
2020-03-30,国泰君安：神华分红率提升将带动煤炭估值修复 优选攻守兼备龙头,证券时报网
2020-03-30,【国君煤炭翟堃】周观点：神华分红率提升将带动煤炭板块估值修复,煤市乾坤
2020-03-27,强势股追踪主力资金连续5日净流入43股,证券时报网
2020-03-27,中煤能源(01898)：“20中煤01”于3月30日在上交所上市,智通财经
2020-03-27,中煤能源(01898.HK)“20中煤01”3月30日上市,格隆汇
2020-03-27,3月27日主力资金净流出252亿元,证券时报网
2020-03-27,美联储频出大招救市 全球紧张情绪有所缓解 136只绩优低估值A股暗藏机会,财富动力网
2020-03-27,“跌跌”不休的PE底在何方？,广州期货
2020-03-26,“注册制”公司债受理增至92单 拟发行规模近4800亿元,证券日报
2020-03-26,A股最新22只高成长破净股出炉 金融机构700亿元重仓11只,证券日报
2020-03-26,“聪明钱”QFII最新看好28家公司 偏爱科技和细分龙头,大众证券报
2020-03-26,格隆汇个股放量排行榜 | 3月26日,格隆汇
2020-03-26,414只股破净银行板块破净率最高,证券时报网
2020-03-25,格隆汇个股放量排行榜 | 3月25日,格隆汇
2020-03-25,397只股破净银行板块破净率最高,证券时报网
2020-03-25,万科：289公司公布年报 46家业绩增幅翻倍,乐居财经
2020-03-25,80股获券商买入评级 中国太保目标涨幅达95.03%,Wind
2020-03-24,格隆汇个股放量排行榜 | 3月24日,格隆汇
2020-03-24,78股今日获机构买入评级8股上涨空间超50%,证券时报网
2020-03-24,423只股破净19股股价不足每股净资产一半,证券时报网
2020-03-24,高盛：升中煤能源(01898)至“中性”评级 下调目标价至2.3港元 机构下调估值,智通财经
2020-03-24,264公司公布年报44家业绩增幅翻倍,证券时报网
2020-03-24,中煤能源：2019年煤化工业务实现利润25.71亿元 同比增长30.2%,中国煤炭资源网
2020-03-24,2019年中煤能源净利润实现56.26亿元 增长67.8%,中国煤炭资源网
2020-03-23,中煤能源（601898）2019年年报点评：煤炭产销量创新高、业绩同比大幅增长,李俊松的黑金世界
2020-03-23,“中国第三大上市煤企”成绩单：2019年营收1293亿，净利增长68％,腾讯网
2020-03-23,【面包财报】中煤能源：2019年归母净利润56.26亿元，利润增速放缓 盈利能力下降,面包财经
2020-03-23,中煤能源：2019年归母净利润56.26亿元，利润增速放缓 盈利能力下降,面包财经
2020-03-23,448股破净 地产股占比最高,北京商报
2020-03-23,448只股破净银行板块破净率最高,证券时报网
2020-03-23,瑞信：重申中煤能源(01898)“跑赢大市”评级 降目标价至3港元 机构下调估值,智通财经
2020-03-22,中煤能源(01898-HK)全年纯利62亿人民币增41%末期息12.7分,财华社
2020-03-22,【安信煤炭 周泰团队】公司点评：中煤能源（601898.SH）产销量大幅增长，减值影响业绩释放,泰度煤炭
2020-03-22,【国君煤炭翟堃】周观点：需求即将启动，增持频现凸显板块中长期价值,煤市乾坤
2020-03-22,中煤能源（601898）：产能释放和资产盈利改善可持续【国君煤炭翟堃】,煤市乾坤
2020-03-21,外围熔断 A股为何不见踩踏,金融投资报
2020-03-21,格隆汇港股聚焦(3.20)︱招商银行年度纯利升15.28%至928.67亿元增速创2013年以来新高,格隆汇
2020-03-20,中煤能源(01898)拟续聘德勤华永,智通财经
2020-03-20,中煤能源：2019年净利56.26亿元 同比增68%,e公司
2020-03-20,中煤能源：2019年净利润同比增长67.83%,Wind
2020-03-20,中煤能源(01898)年度股东应占利润增40.6%至61.97亿元 每股派息0.127元,智通财经
2020-03-20,中煤能源(601898.SH)2019年度净利润升67.8%至56.26亿元拟每股派0.127元,格隆汇
2020-03-20,中煤能源(01898.HK)年度纯利增长40.6%至61.97亿元末期息0.127元,格隆汇
2020-03-20,中煤能源：2019年盈利61.97亿人民币，同比增长38.07%,Wind
2020-03-20,截至3月20日AH股共计1只股票股价倒挂,Wind
2020-03-20,405只股破净房地产公用事业最为集中,证券时报网
2020-03-20,A股市场破净股一览（3月20日）,Wind
2020-03-20,港股市场投资交易备忘（3月20日）,Wind
2020-03-19,票面利率为3.6% 中煤能源(01898)完成发行30亿元2020年公司债券(第一期),智通财经
2020-03-19,“＜CFETS-SHCH-GTJA高等级CDS指数＞S2 V1”实体列表,上清所
2020-03-19,“＜CFETS-SHCH-GTJA高等级CDS指数＞S2 V1”临时实体列表,上清所
2020-03-19,智通港股52周新高、新低统计|3月19日,智通财经
2020-03-19,A股市场破净股一览（3月19日）,Wind
2020-03-19,北京文化：生命人寿被动“上位”第一大股东 华力控股拟清仓减持 控制人变化,e公司
2020-03-18,北京文化第一大股东生变：华力控股被动减持出局，富德生命人寿上位 减持股份,21世纪经济报道
2020-03-17,【安信煤炭 周泰团队】日报：山西省1-2月未发生煤矿事故 一级标准化煤矿占全国36.8%,泰度煤炭
2020-03-17,3家券商率先体验“注册制”债券承销 机构预计短期中高等级和城投债获益,证券日报
2020-03-17,中煤能源(01898)中期票据注册金额为50亿元,智通财经
2020-03-17,中煤能源(01898.HK)“20中煤01”票面利率为3.6%,格隆汇
2020-03-17,中煤能源(01898)延长2020年公司债券(第一期)簿记建档时间,智通财经
2020-03-17,中煤能源(601898.SH)获准注册50亿元中期票据,格隆汇
2020-03-17,恒指收涨0.87%出版板块领涨,中新经纬
2020-03-17,A股市场破净股一览（3月17日）,Wind
2020-03-17,393只股破净房地产公用事业最为集中,证券时报网
2020-03-17,新时代证券资本市场周报（3.9-3.15）,新时代证券资本市场部
2020-03-17,中信建投助力中煤能源成功发行全国首单注册制公司债,证券时报
2020-03-17,智通港股早知道︱（3月17日）看多港股的外资大行逐渐增加，舜宇光学(02382)年度净利激增六成,智通财经
2020-03-17,熔喷布原料聚丙烯紧缺？市值558亿的这家央企2月销量超6万吨,第一纺织网
2020-03-17,国内债市盘前：隔夜美债收益率大幅下行,Wind
2020-03-17,陆家嘴财经早餐2020年3月17日星期二,Wind
2020-03-16,上交所首单注册制公司债完成簿记发行,中国证券网
2020-03-16,注册制下上交所首单公司债发行，助力产业链复工复产通畅资金链,Wind
2020-03-16,【安信煤炭 周泰团队】日报：1-2月份全国原煤产量48903万吨，同比下降6.3%,泰度煤炭
2020-03-16,中煤能源(01898-HK)2月商品煤销量同比增3.7%,财华社
2020-03-16,中煤能源(01898)2月份商品煤产量737万吨 同比增长2.2%,智通财经
2020-03-16,格隆汇个股放量排行榜 | 3月16日,格隆汇
2020-03-16,中煤能源(01898.HK)中煤能源(01898.HK)2月份商品煤销量升3.7%至1534万吨,格隆汇
2020-03-16,387只股破净银行板块破净率最高,证券时报网
2020-03-16,A股市场破净股一览（3月16日）,Wind
2020-03-16,港股公告精选：国泰君安每手“18国君G1”将于3月23日付息51.5元,Wind
2020-03-15,中煤能源(01898)拟发行不超过30亿元公司债券,智通财经
2020-03-15,中煤能源(01898-HK)发行不超过30亿人民币公司债利率询价区间为2.8%-3.8%,财华社
2020-03-13,格隆汇个股放量排行榜 | 3月13日,格隆汇
2020-03-13,智通港股52周新高、新低统计|3月13日,智通财经
2020-03-13,A股市场破净股一览（3月13日）,Wind
2020-03-13,两市破净股数量达362只（附股）,证券时报网
2020-03-13,注册制下公司债首单落地：仅8个工作日，中煤能源发债百亿即获证监会批复,华夏能源网
2020-03-12,晚间公告热点追踪：越秀金控成为中信证券第二大股东,新浪
2020-03-12,A股头条之上市公司（3.13）,金融界
2020-03-12,【天风煤炭20200312】焦价开启第四轮提降，焦煤弱势跟跌,煤炭鑫观点
2020-03-12,格隆汇个股放量排行榜|3月12日,格隆汇
2020-03-12,中煤能源(01898)发行不超过100亿元公司债券的注册申请获中证监批准,智通财经
2020-03-12,中煤能源(01898.HK)：公开发行不超100亿元公司债获中国证监会同意注册,格隆汇
2020-03-12,中煤能源(601898.SH)：公开发行公司债获证监会同意注册,格隆汇
2020-03-12,A股市场破净股一览（3月12日）,Wind
2020-03-12,城投债、公司债市场动向深度观察（2020年3月12日）,搜狐
2020-03-12,国内债市盘前：国常会称抓紧出台普惠金融定向降准措施,Wind
2020-03-12,上证早知道│定向降准要来了！多部门部署稳外资、稳市场举措,中国证券网
2020-03-12,上交所首单“注册制”公司债完成注册,Wind
2020-03-11,格隆汇个股放量排行榜 | 3月11日,格隆汇
2020-03-11,智通港股52周新高、新低统计|3月11日,智通财经
2020-03-11,A股市场破净股一览（3月11日）,Wind
2020-03-11,337只股破净11股股价不足每股净资产一半,证券时报网
2020-03-11,“＜CFETS-SHCH-GTJA高等级CDS指数＞S2 V1”临时实体列表,上清所
2020-03-11,23单“注册制”公司债获交易所受理 合计募资1910亿元,证券日报
2020-03-10,【开源煤炭-张绪成】行业周报：逆周期调节再降准，看好煤炭低估值板块修复,能源观察站
2020-03-10,关于同意中国中煤能源股份有限公司向专业投资者公开发行公司债券注册的批复,证监会
2020-03-10,智通港股52周新高、新低统计|3月10日,智通财经
2020-03-10,投资144亿元 延长中煤一期工程甲醇中心核心设备吊装完成,国际煤炭
2020-03-10,A股市场破净股一览（3月10日）,Wind
2020-03-09,【兴证煤炭|周报】下游需求恢复缓慢，煤价继续下行（03.29-04.04）,兴证煤炭
2020-03-09,煤市“再平衡”进行时,腾讯网
2020-03-09,【兴证煤炭|周报】供给稳定静待需求回暖，短期煤价承压运行（03.08-03.14）,兴证煤炭
2020-03-09,345只股破净银行板块破净率最高,证券时报网
2020-03-09,A股市场破净股一览（3月9日）,Wind
2020-03-09,【兴证煤炭|周报】 日耗环比上升，静待需求回暖（03.22-03.28）,兴证煤炭
2020-03-08,在黎明之前储备资金：注册制后房企发债井喷,新浪
2020-03-06,中煤能源(01898.HK)将于3月20日举行董事会会议以审议年度业绩,格隆汇
2020-03-06,A股市场破净股一览（3月6日）,Wind
2020-03-06,315只股破净房地产公用事业最为集中,证券时报网
2020-03-06,主要周期性行业细分龙头名单|认识周期②,金融界
2020-03-06,信用债净融资创4年来单月新高，注册制和宽信用利好房企、城投,Wind
2020-03-06,国内债市盘前：美债收益率全线大幅走低,Wind
2020-03-06,国内财经媒体头版2020年3月6日星期五,Wind
2020-03-06,信用债净融资创4年来单月新高 注册制和宽信用利好房企、城投,21世纪经济报道
2020-03-05,313只股破净银行板块破净率最高,证券时报网
2020-03-05,A股市场破净股一览（3月5日）,Wind
2020-03-05,国内债市盘前：地方新增债提前下达额度发行完成近七成,Wind
2020-03-05,智通港股通资金流向统计(T+2)|3月5日,智通财经
2020-03-05,陆家嘴财经早餐2020年3月5日星期四,Wind
2020-03-05,国内财经媒体头版2020年3月5日星期四,Wind
2020-03-04,中煤能源公开发行公司债券已获上交所审核并提交注册 系注册制下首单,北京商报
2020-03-04,【安信煤炭 周泰团队】日报：山西：确定10座煤矿 50个智能综采工作面建设试点,泰度煤炭
2020-03-04,上交所：注册制下首单公开发行公司债券已通过审核并提交注册,Wind
2020-03-04,两市破净股数量达334只（附股）,证券时报网
2020-03-04,A股市场破净股一览（3月4日）,Wind
2020-03-04,首批五家公司尝鲜债券注册制募资322亿发行主体整体信披质量将提升,长江商报
2020-03-04,国内财经媒体头版2020年3月4日星期三,Wind
2020-03-03,【湘财视点】债市晨报2019-3-3,湘财固定收益
2020-03-03,[券业场]公司债迎注册制时代：首单花落中煤能源债券双雄中信建投中信证券操刀,金融界
2020-03-03,新证券法下债券市场的“统”与“分”,证券日报
2020-03-03,清科观察：新证券法今日落地实施，A股注册制拟先债券后股票,搜狐
2020-03-03,A股市场破净股一览（3月3日）,Wind
2020-03-03,347只股破净银行板块破净率最高,证券时报网
2020-03-03,巨丰收评：大盘冲高回落 短线将趋于平静,巨丰财经
2020-03-03,公司债注册制大幅提升直接融资比重 高效服务实体经济,中国经济网
2020-03-03,巨丰午评：新基建掀起涨停潮,巨丰财经
2020-03-03,时代早课 | 吉利计划于年内发射卫星,时代在线
2020-03-03,新《证券法》下首批注册制公司债 主要由这几家券商牵头承销,中国基金报
2020-03-03,三大证券报精华摘要：首批注册制公司债发行落地,中国财富网
2020-03-03,牛市早报｜美股报复性反弹三大股指涨逾4%，今日两新股申购,澎湃新闻
2020-03-03,企业债公司债进入注册制时代，信用债开启新一轮增长期,Wind
2020-03-03,国内债市盘前：首批注册制公司债出炉,Wind
2020-03-03,3月3日四大证券报头版头条内容精华摘要,新浪
2020-03-03,巨丰早评：市场有望继续上行,巨丰财经
2020-03-03,陆家嘴财经早餐2020年3月3日星期二,Wind
2020-03-03,国内财经媒体头版2020年3月3日星期二,Wind
2020-03-03,五年实践奠定坚实基础 公司债注册制稳步启航,中证网
2020-03-03,五年实践奠定坚实基础，公司债注册制稳步启航,Wind
2020-03-03,首批注册制公司债出炉，累计募资超过300亿元,Wind
2020-03-03,注册制下的公司债首单！中煤能源发债100亿获受理,腾讯网
2020-03-03,企业债公司债进入注册制时代信用债开启新一轮增长期,21世纪经济报道
2020-03-02,新证券法实施 中信建投助力首批注册制公司债券获交易所受理,新浪
2020-03-02,中信建投DCM20200302日报,中信建投DCM
2020-03-02,中信建投证券助力首批“注册制”公司债券获交易所受理,Wind
2020-03-02,中信建投证券助力首批 “注册制”公司债券获交易所受理,中证网
2020-03-02,首单 “注册制”公司债券获上交所受理 中信建投、中信主承销,上证报
2020-03-02,中信建投证券助力首单“注册制”公司债券获上交所受理,中证网
2020-03-02,金融街下午茶2020年3月2日星期一,Wind
2020-03-02,公开发行公司债券迎来注册制 中信证券申报首单项目获上交所受理,上证报
2020-03-02,新证券法下首单“注册制”公司债券中煤能源获受理,百川盈孚
2020-03-02,A股市场破净股一览（3月2日）,Wind
2020-03-02,注册制发行首日 中煤能源百亿债券发行获上交所受理,中证网
2020-03-02,357只股破净银行板块破净率最高,证券时报网
2020-03-02,注册制开启新征程 中信证券整装再出发,中证网
2020-03-02,"新证券法下首单""注册制""公司债 中煤能源获上交所受理",证券时报
2020-03-02,新证券法下首单“注册制”公司债券中煤能源在上交所获受理,证券时报
2020-03-02,煤炭股造好 中国神华飙近4%,新浪
2020-03-01,注册制落地，公募债发行加速了吗？,债券池
2020-02-28,截至2月28日AH股共计1只股票股价倒挂,Wind
2020-02-28,A股市场破净股一览（2月28日）,Wind
2020-02-28,397只股破净房地产公用事业最为集中,证券时报网
2020-02-27,A股市场破净股一览（2月27日）,Wind
2020-02-26,华西煤炭周报|动力煤跌幅收窄，继续看好需求韧性和龙头煤企,华西交运煤炭研究
2020-02-26,恒指收跌0.73%报26696.49点 其它金属矿物板块领跌,中新经纬
2020-02-26,A股市场破净股一览（2月26日）,Wind
2020-02-26,356只股破净12股股价不足每股净资产一半,证券时报网
2020-02-25,智通港股52周新高、新低统计|2月25日,智通财经
2020-02-25,A股市场破净股一览（2月25日）,Wind
2020-02-25,365只股破净银行板块破净率最高,证券时报网
2020-02-25,恒指低开0.37%，重机械板块领跌,中新经纬
2020-02-24,格隆汇个股放量排行榜|2月24日,格隆汇
2020-02-24,348只股破净房地产公用事业最为集中,证券时报网
2020-02-24,A股市场破净股一览（2月24日）,Wind
2020-02-21,机构推荐采掘行业名列其中 后市或迎补涨期,证券日报
2020-02-21,格隆汇个股放量排行榜|2月21日,格隆汇
2020-02-21,两市破净股数量达348只（附股）,证券时报网
2020-02-21,A股市场破净股一览（2月21日）,Wind
2020-02-20,格隆汇个股放量排行榜|2月20日,格隆汇
2020-02-20,A股市场破净股一览（2月20日）,Wind
2020-02-19,【国君煤炭翟堃】周观点：需求端回暖，恢复弹性大于供给端,煤市乾坤
2020-02-19,格隆汇个股放量排行榜|2月19日,格隆汇
2020-02-19,申万宏源：恒指昨低开后跌幅扩大 跌至250日均线下方,新浪
2020-02-19,截至2月19日AH股共计1只股票股价倒挂,Wind
2020-02-19,A股市场破净股一览（2月19日）,Wind
2020-02-19,恒指涨0.35%报27625点 比亚迪股份涨近9%,腾讯网
2020-02-19,华西煤炭双周报|节前板块超跌，复工强预期下继续看好龙头煤企,华西交运煤炭研究
2020-02-18,智通港股公告精选︱(2.18)爱康医疗预期年度股东应占溢利同比增逾80%,智通财经
2020-02-18,【华金证券晚间资讯（20200218）】,华金研究
2020-02-18,【安信煤炭 周泰团队】日报：鄂尔多斯累计复产煤矿93座 煤矿开工率达到34%,泰度煤炭
2020-02-18,晚间重要公告2020年2月18日星期二,Wind
2020-02-18,中煤能源(01898)1月商品煤产销量同比增7%及7.9%,智通财经
2020-02-18,中煤能源：1月份商品煤销量同比增7.9%,e公司
2020-02-18,中煤能源(601898.SH)：1月份商品煤产量增7.0%销量增7.9%,格隆汇
2020-02-18,中煤能源(01898.HK)1月份商品煤销量升7.9%至1889万吨,格隆汇
2020-02-18,A股市场破净股一览（2月18日）,Wind
2020-02-18,371只股破净12股股价不足每股净资产一半,证券时报网
2020-02-17,截至2月17日AH股共计1只股票股价倒挂,Wind
2020-02-17,偿付能力频告急持续陷亏损泥潭 中煤财险增资3.2亿效果待考 亏损,投资时报
2020-02-14,截至2月14日AH股共计1只股票股价倒挂,Wind
2020-02-14,A股市场破净股一览（2月14日）,Wind
2020-02-14,两市破净股数量达415只（附股）,证券时报网
2020-02-13,截至2月13日AH股共计1只股票股价倒挂,Wind
2020-02-13,A股市场破净股一览（2月13日）,Wind
2020-02-12,截至2月12日AH股共计1只股票股价倒挂,Wind
2020-02-12,郑州商品交易所2月12日动力煤仓单日报表,FX168
2020-02-12,A股市场破净股一览（2月12日）,Wind
2020-02-12,401只股破净银行板块破净率最高,证券时报网
2020-02-11,【开源煤炭-张绪成】行业周报：海外疫情蔓延，逆周期政策调节积极应对,能源观察站
2020-02-11,截至2月11日AH股共计1只股票股价倒挂,Wind
2020-02-11,A股市场破净股一览（2月11日）,Wind
2020-02-10,截至2月10日AH股共计1只股票股价倒挂,Wind
2020-02-10,两市破净股数量达403只（附股）,证券时报网
2020-02-10,中国神华提高2月煤价 股价逆市涨近1%,新浪
2020-02-07,截至2月7日AH股共计1只股票股价倒挂,Wind
2020-02-07,A股市场破净股一览（2月7日）,Wind
2020-02-06,439只股破净房地产公用事业最为集中,证券时报网
2020-02-06,截至2月6日AH股共计1只股票股价倒挂,Wind
2020-02-05,463只股破净房地产公用事业最为集中,证券时报网
2020-02-05,截至2月5日AH股共计1只股票股价倒挂,Wind
2020-02-04,483只股破净房地产公用事业最为集中,证券时报网
2020-02-04,A股市场破净股一览（2月4日）,Wind
2020-02-03,截至2月3日AH股共计1只股票股价倒挂,Wind
2020-02-03,454只个股创5178点以来新低,证券时报网
2020-01-31,智通港股52周新高、新低统计|1月31日,智通财经
2020-01-31,煤炭产业：2019年淘汰产能1.1亿吨 2020年仍有空间,国际煤炭
2020-01-31,恒指涨0.31%报26530点中国医疗集团涨超70%,搜狐
2020-01-24,煤炭产业：2019年淘汰产能1.1亿吨 2020年仍有空间,金融界
2020-01-23,格隆汇个股放量排行榜 | 1月23日,格隆汇
2020-01-23,A股市场破净股一览（1月23日）,Wind
2020-01-23,360只股破净9股股价不足每股净资产一半,证券时报网
2020-01-23,融资客看好13股买入占成交超三成,证券时报网
2020-01-22,A股市场破净股一览（1月22日）,Wind
2020-01-22,两市破净股数量达323只（附股）,证券时报网
2020-01-22,恒指高开0.47%报28116.500点 餐饮板块领涨,中新经纬
2020-01-21,A股市场破净股一览（1月21日）,Wind
2020-01-21,恒指低开1.2% 服饰配件、汽车板块领跌,中新经纬
2020-01-20,两市破净股数量达305只（附股）,证券时报网
2020-01-20,A股市场破净股一览（1月20日）,Wind
2020-01-20,中国神华跌近2%创一个月低位 去年煤炭销量跌3% 盈利能力下降,新浪
2020-01-20,中煤集团成中国第2个年产超2亿吨煤企,中国能源网china5e
2020-01-18,A股头条：证监会核发3家IPO批文科学合理保持IPO常态化发行,金融界
2020-01-18,陆家嘴财经早餐2020年1月18日星期六,Wind
2020-01-17,格隆汇港股聚焦(1.17)︱招商银行2019年纯利同比增15.28%至928.67亿元国联证券2019年净利预增940%,格隆汇
2020-01-17,1月18日上市公司重要公告集锦：科大智能2019年度业绩预亏近26亿元,证券日报
2020-01-17,晚间要闻2020年1月17日星期五,Wind
2020-01-17,A股头条之上市公司（1.18）,金融界
2020-01-17,【日报|国君煤炭翟堃】中煤能源业绩预告情况,煤市乾坤
2020-01-17,公告精选：多家公司药品拟中标第二批全国药品集中采购；招商银行2019年净利润同比增逾15%,e公司
2020-01-17,17日晚公告精编丨暴风董事短线“炒”自家股票倒赔2600元，星期六三名高管高位减持,21世纪经济报道
2020-01-17,晚间重要公告2020年1月17日星期五,Wind
2020-01-17,周五上市公司晚间重要公告（更新中）,金融界
2020-01-17,中煤能源：预计2019年净利润55亿元-59亿元 同比增长60%-71%,金融界
2020-01-17,中煤能源：预计2019年净利润同比增长60.1%-71.8%,Wind
2020-01-17,中煤能源：2019年预盈55亿元-59亿元 同比增60%-72%,e公司
2020-01-17,中煤能源(601898.SH)2019年度净利润预增60.1%-71.8%,格隆汇
2020-01-17,中煤能源：预期截至2019年12月31日止年度公司股东应占利润同比增长约33.6%到42.5%,Wind
2020-01-17,中煤能源(01898)预期2019年股东应占利润同比增长33.6%至42.5%,智通财经
2020-01-17,中煤能源(01898.HK)2019年纯利预增33.6%到42.5%,格隆汇
2020-01-17,截至1月17日AH股共计1只股票股价倒挂,Wind
2020-01-17,313只股破净银行板块破净率最高,证券时报网
2020-01-17,A股市场破净股一览（1月17日）,Wind
2020-01-17,2019年中煤能源商品煤产量增长32% 销量增长38.6%,中国能源网china5e
2020-01-17,中信证券：2020年煤炭股或首现压力 关注低估值、高分红标的个股,第一财经
2020-01-16,A股市场破净股一览（1月16日）,Wind
2020-01-16,机构扎堆推荐 低估值高增长滞涨股票名单,证券导报
2020-01-16,港股盘前必读：目前申报科创板的企业中至少有10家系小米直接或间接投资,Wind
2020-01-15,智通港股公告精选︱(1.15) 莎莎国际于香港计划未来18个月内关闭约20%至25%的店铺,智通财经
2020-01-15,格隆汇港股聚焦(1.15)︱中联重科2019年净利预增112.89%至122.79% 中国平安2019年原保费收入7946亿元 同比增长10.5%,格隆汇
2020-01-15,【日报|国君煤炭翟堃】2019年山西退出煤炭产能2745万吨,煤市乾坤
2020-01-15,【安信煤炭 周泰团队】日报：云南将打造5000万吨级大型煤炭产业集团,泰度煤炭
2020-01-15,中煤能源(01898-HK)2019年度商品煤销量同比增38.6%,财华社
2020-01-15,格隆汇个股放量排行榜 | 1月15日,格隆汇
2020-01-15,中煤能源(01898.HK)2019年全年商品煤销量达2.31亿吨 同比增长38.6%,格隆汇
2020-01-15,中煤能源(601898.SH)2019年商品煤销量2.31亿吨 同比增长38.6%,格隆汇
2020-01-15,中煤能源：2019年商品煤销量2.3亿吨同比增长38.6%,Wind
2020-01-15,A股市场破净股一览（1月15日）,Wind
2020-01-15,恒指高开0.02%报28891.068点 旅游及观光板块领涨,中新经纬
2020-01-14,1月14日债券市场日报——资金都去哪儿了？,小林说债
2020-01-14,格隆汇个股放量排行榜 | 1月14日,格隆汇
2020-01-14,284只股破净房地产银行最为集中,证券时报网
2020-01-14,A股市场破净股一览（1月14日）,Wind
2020-01-14,281只股破净 房地产银行最为集中,证券时报
2020-01-14,QFII首增周期股存在长期投资机会0114,巨丰财经
2020-01-14,34只高增长低估值且获机构看好个股滞涨,证券时报
2020-01-13,国泰君安：持续看好煤炭板块跨年行情 四维度优选攻守兼备龙头,证券时报网
2020-01-13,【国君煤炭翟堃】持续看好煤炭板块跨年行情,煤市乾坤
2020-01-13,A股市场破净股一览（1月13日）,Wind
2020-01-13,恒指高开0.47%报28772.371点 物业服务及管理板块领涨,中新经纬
2020-01-10,A股市场破净股一览（1月10日）,Wind
2020-01-10,中国神华跌逾1% 花旗预料今年煤炭价格跌5至6%,新浪
2020-01-10,打造“五位一体”产业格局 构建“六型”一流企业,中国环境报
2020-01-09,【国盛策略】全球估值比较：哪些周期核心资产被低估？,尧望后势
2020-01-09,284只股破净房地产银行最为集中,证券时报网
2020-01-09,恒指午后涨1.24%报28435点 恒安国际涨超6%,腾讯网
2020-01-08,292只股破净房地产公用事业最为集中,证券时报网
2020-01-08,A股市场破净股一览（1月8日）,Wind
2020-01-08,QFII首增周期股存在长期投资机会0108,巨丰财经
2020-01-07,A股市场破净股一览（1月7日）,Wind
2020-01-07,两市破净股数量达277只（附股）,证券时报网
2020-01-07,南方能源涨近16% 传其三处煤矿正落实改进工作,新浪
2020-01-07,智通港股沽空统计|1月7日,智通财经
2020-01-06,286只股破净房地产银行最为集中,证券时报网
2020-01-06,智通港股沽空统计|1月6日,智通财经
2020-01-03,A股市场破净股一览（1月3日）,Wind
2020-01-02,国泰君安：预计动力煤2020年供需将维持宽松格局,证券时报网
2020-01-02,A股市场破净股一览（1月2日）,Wind
2020-01-02,两市破净股数量达292只（附股）,证券时报网
2019-12-31,两市破净股数量达309只（附股）,证券时报网
2019-12-31,太暴力！“无形之手” 出招 这个板块可猛攻 | 今日解盘,搜狐
2019-12-31,中信证券：从历史角度看2020年周期板块轮转的机会,证券时报网
2019-12-31,大宗商品｜从历史角度看2020年周期板块轮转的机会,中信证券研究
2019-12-30,313只股破净房地产公用事业最为集中,证券时报网
2019-12-30,港股异动丨煤炭股走强券商称明年动力煤需求或出现结构性改善,格隆汇
2019-12-30,煤炭股随市上扬 兖州煤业升近4%南方能源涨逾3%,新浪
2019-12-30,大爆发前夜！利好太多 它即将起飞？（附股）| 今日解盘,搜狐
2019-12-30,国投向左，中煤向右：5座火电站抛售背后，两大央企相反的转型逻辑,腾讯网
2019-12-30,融资客青睐12股，华孚时尚买入占比高达51.18%,Wind
2019-12-30,煤炭｜2020年动力煤价展望：弱势中或逐季改善,中信证券研究
2019-12-27,130股每笔成交量增超50%,证券时报网
2019-12-27,320只股破净银行板块破净率最高,证券时报网
2019-12-26,319只股破净房地产公用事业最为集中,证券时报网
2019-12-25,325只股破净3股股价不足每股净资产一半,证券时报网
2019-12-24,两市破净股数量达322只（附股）,证券时报网
2019-12-23,33只AH股溢价超100%,证券时报网
2019-12-23,336只股破净房地产公用事业最为集中,证券时报网
2019-12-20,316只股破净4股股价不足每股净资产一半,证券时报网
2019-12-19,310只股破净房地产公用事业最为集中,证券时报网
2019-12-19,南方能源复牌跌逾10% 旗下矿场停产4个月影响盈利 经营问题,新浪
2019-12-18,316只股破净房地产交通运输最为集中,证券时报网
2019-12-18,煤炭行业：估值见底弹性可期,顶尖财经网
2019-12-16,中煤能源：11月聚烯烃产量12.0万吨 销量12.4万吨,中国煤炭资源网
2019-12-16,恒指低开0.57% 超市及便利店板块领跌,中新经纬
2019-12-16,智通港股早知道︱（12月16日）恒指技术超买短线有回落可能，关注科技与地产板块的回调上车机会,智通财经
2019-12-13,格隆汇港股聚焦(12.13)︱平安前11月原保费收入升9.4%至7226.7亿元 华润置地前11月销售增近两成,格隆汇
2019-12-13,智通港股公告精选︱(12.13)中国平安前11月保费收入同比增9.4%至7226.74亿元,智通财经
2019-12-13,供给侧改革预期全面落地前，中国神华历史上只有175天破净,华西交运煤炭研究
2019-12-13,中煤能源(01898)前11月商品煤销量为2.08亿吨 同比增36.4%。,智通财经
2019-12-13,中煤能源：11月商品煤产量同比增长2.3%,Wind
2019-12-13,中煤能源(01898.HK)11月份商品煤销量升40.3%至2201万吨,格隆汇
2019-12-12,券商给的名单 潜力可见,中财网
2019-12-12,智通AH统计|12月12日,智通财经
2019-12-12,智通港股通占比异动统计|12月11日,智通财经
2019-12-10,长协兑现率不断提升下的煤市,中国能源网china5e
2019-12-09,智通AH统计|12月9日,智通财经
2019-12-09,恒指收跌0.01% 林业及木材板块领跌,中新经纬
2019-12-08,【兴证煤炭|周报】 下游库存有序消纳，煤价企稳蓄势（12.01-12.07）,兴证煤炭
2019-12-05,恒指涨0.55%报26205点 波司登跌超7%,腾讯网
2019-12-05,中煤华晋王家岭煤矿将投资1亿余元建设铁路专用线,中国煤炭资源网
2019-12-03,恒指低开0.49% 建筑材料板块领跌,中新经纬
2019-11-30,【天风煤炭】20191130一周煤炭动向： 安监局开展为期三月煤矿安全整治，供给收缩支撑煤价,煤炭鑫观点
2019-11-29,【安信煤炭 周泰团队】日报：10份全国铁路发运煤炭2亿吨 同比增加7%,泰度煤炭
2019-11-29,恒指低开0.7%报26705.379点 超市及便利店板块领跌,中新经纬
2019-11-28,A股迎来破净潮：每10股就有1股破净,大众证券报
2019-11-28,中煤能源（601898）：产能处于收获期，盈利能力改善助力估值修复,中信证券研究
2019-11-27,格隆汇港股聚焦(11.27)︱小米三季度营收537亿创新高 融创153亿元收购环球世纪及时代环球51%股权,格隆汇
2019-11-27,中煤能源(601898.SH)：牛建华因工作变动原因 辞去总裁职务 董监高成员变化,格隆汇
2019-11-27,中煤能源：总裁辞职 董监高成员变化,Wind
2019-11-27,中煤能源(01898)：牛建华不再担任公司总裁职务,智通财经
2019-11-27,博恩斯坦(Bernstein)：推荐金风科技(02208)和龙源电力(00916) “优于大市”评级,智通财经
2019-11-25,【异动股】煤化工板块拉升，西宁特钢(600117-CN)涨8.16%,财华社
2019-11-25,中国神华升近4% 中信证券指煤炭企业盈利有小幅增长,新浪
2019-11-25,白马抱团瓦解，强周期题材崛起？,养基司令
2019-11-25,港股异动 | 中信证券称煤炭板块有望出现明显超额收益 煤炭股集体走强,智通财经
2019-11-25,中信证券：煤炭板块悲观预期缓释，估值修复在望,证券时报网
2019-11-25,《一周研读》中美股市未来十年估值展望（2019年11月25日-11月29日）,中信证券研究
2019-11-25,煤炭｜悲观预期缓释，估值修复在望,中信证券研究
2019-11-24,历史罕见一幕！A股“破净潮”波涛汹涌 一波牛市即将来袭？,巨丰财经
2019-11-23,破净率高企意味着牛市来临,搜狐
2019-11-23,两面针缩减产业版图 发力高端牙膏,中国经营报
2019-11-22,跌破净资产的中国神华（601088.SH），值得投资吗？,格隆汇
2019-11-22,恒指高开0.45%汽车零售商板块领涨,中新经纬
2019-11-22,376只股票破净 多个大蓝筹位列其中,百川盈孚
2019-11-21,A股破净率达10% 预示底部来临？,金融界
2019-11-21,首钢资源逆市飙逾6% 创超过20个月高位,新浪
2019-11-21,榆能化甲醇年产超180万吨 提前46天完成设计产能,中国煤炭资源网
2019-11-19,【日报|国君煤炭翟堃】山西平遥峰岩集团发生瓦斯爆炸事故致15人遇难9人受伤，平遥所有煤矿停产 安全事故,煤市乾坤
2019-11-19,中煤能源：10月聚烯烃产量同比增2.4% 销量降2.5% 盈利能力下降,中国煤炭资源网
2019-11-18,【天风煤炭20191118】1-10月晋陕蒙合计原煤产量21.58亿吨，占全国原煤产量的70.44%,煤炭鑫观点
2019-11-18,中煤能源：董事牛建华辞职 董监高成员变化,Wind
2019-11-18,牛建华辞任中煤能源(01898)执董等职务 董监高成员变化,智通财经
2019-11-18,中煤能源(01898.HK)牛建华辞任执行董事 董监高成员变化,格隆汇
2019-11-18,申万宏源：恒指于26300点附近震荡 按周计跌4.79%,新浪
2019-11-18,18日公司新闻聚焦：*ST德豪补充计提逾29亿 诚迈科技遭大比例减持,证券时报网
2019-11-18,上市公司10月财务数据、中期报告、盈喜、盈警,搜狐
2019-11-18,港股早知道：对恒指前景不宜过分忧虑 短线急跌不改中线向上预期,智通财经
2019-11-17,【华金证券晚间资讯（20191117）】,华金研究
2019-11-16,排名规模双降、总经理换人 东吴基金重整河山待后生 董监高成员变化,新浪
2019-11-15,格隆汇港股聚焦(11.15)︱阿里巴巴-SW拟发售5亿股 预期11月26日上市 中国人保前10月原保险保费收入升11.77%至4716.3亿元,格隆汇
2019-11-15,跌破发行价超20% 宝丰能源控股股东祭出增持大招 连续下跌,e公司
2019-11-15,【安信煤炭 周泰团队】日报：陕西开展散煤综合治理行动,泰度煤炭
2019-11-15,11月15日上市公司晚间公告速递,新浪
2019-11-15,中煤能源(01898)前10月商品煤销量同比增长36%至约1.86亿吨,智通财经
2019-11-15,中煤能源(01898.HK)前10月商品煤销量1.86亿吨 同比增加36%,格隆汇
2019-11-14,【安信煤炭 周泰团队】日报：10月全国原煤产量32487万吨 同比增长4.4%,泰度煤炭
2019-11-14,茅台向上，中石油向下,搜狐
2019-11-14,煤炭股受压 南方能源跌逾3%神华中国跌近1%,新浪
2019-11-14,煤炭行业2019年热点聚焦：板块再度领涨，年内行情值得期待吗？,格隆汇
2019-11-13,智通AH统计|11月13日,智通财经
2019-11-12,股息率10%，秒杀A50！年内最后13家享受股利分配,Wind
2019-11-12,煤价或逐步企稳，煤炭板块走高，高股息行业龙头价值性凸显,腾讯网
2019-11-12,384只破净股呈现四大特征 QFII连续3个季度持仓23只潜力股,证券日报
2019-11-11,【兴证煤炭|周报】供暖季来临，煤价待企稳（11.10-11.16）,兴证煤炭
2019-11-11,【兴证煤炭|周报】 北方港口煤炭库存下降、价格上涨（02.02-02.08）,兴证煤炭
2019-11-11,【兴证煤炭|周报】煤矿安全事故频发，短期煤价平稳运行（11.17-11.23） 安全事故,兴证煤炭
2019-11-11,【安信煤炭 周泰团队】第45周周报：进口煤全面受限叠加旺季需求增长，煤价有望反弹,泰度煤炭
2019-11-11,【兴证煤炭|周报】供给能力基本恢复，需求低迷导致煤价回落（03.01-03.07）,兴证煤炭
2019-11-11,华创事件驱动早报11-11：蚂蚁金服将上线开放联盟链；再融资规则迎重大修订,华创证券研究
2019-11-10,【国君金工】外资持续流入促进底部形成,辰奥临君
2019-11-09,【天风煤炭】20191109一周煤炭动向：供缩需起，动力煤价格企稳,煤炭鑫观点
2019-11-06,11月6日债券市场日报——香港金管局宣布区块链合作,小林说债
2019-11-04,中煤能源（601898）：新产能释放将带动盈利持续增长【国君煤炭翟堃】,煤市乾坤
2019-11-04,【安信煤炭 周泰团队】日报：四川开展煤炭安全隐患集中治理,泰度煤炭
2019-11-03,【国君研究】再论周期，四季度的市场胜负手——周期论剑周观点,鲍大侠之建材
2019-11-01,【安信煤炭 行业深度】煤炭行业三季报回顾：煤价中枢下移业绩持续正增长,泰度煤炭
2019-11-01,煤炭周观点：三季报维持乐观，市场短期仍将弱势运行【国君煤炭翟堃】,煤市乾坤
2019-11-01,格隆汇个股放量排行榜 | 11月1日,格隆汇
2019-11-01,摘要 | 2020年原油非国营贸易进口允许量为20200万吨；40家上市煤企2019年前三季度净利超千亿元,华安期货
2019-11-01,【招商煤炭】2020年度煤炭行业投资策略——投产高峰将过，煤价韧性犹存（2019-11-01）,招商煤炭
2019-11-01,煤炭行业：我们为何此时重提煤化工？煤化工产业研究系列之一,光大证券
2019-11-01,【英大期货】月报2019-10-31,英大期货
2019-10-31,"【安信煤炭 周泰团队】日报：前三季度河南省生产原煤7870.99万吨,同比下降3.0%",泰度煤炭
2019-10-30,【安信煤炭 周泰团队】日报：全国铁路煤炭发运量2亿吨，同比增加1.8%,泰度煤炭
2019-10-30,格隆汇个股放量排行榜 | 10月30日,格隆汇
2019-10-30,美银美林：中煤能源目标价升至3.9港元 维持买入评级,新浪
2019-10-29,【安信煤炭 周泰团队】公司点评：中煤能源（601898.SH）新建产能释放，产销量大幅增长,泰度煤炭
2019-10-29,中煤能源：前三季聚烯烃售价为7350元/吨 同比降8.8%,中国煤炭资源网
2019-10-29,刚刚早知道：题材火热但需避免被伪区块链公司收割 同行股价连创新高中粮肉食有望追落后,智通财经
2019-10-29,港股开盘前瞻：多家公司发布三季报 摩根大通减持北京首都机场,智通财经
2019-10-29,华创事件驱动早报10-29：通信行业盛会召开在即；ABB收购上海联桩新能源,华创证券研究
2019-10-28,【安信煤炭 周泰团队】日报：前三季度全国煤炭开采和洗选业实现利润2165.0亿元，同比下降3.2% 盈利能力下降,泰度煤炭
2019-10-28,格隆汇港股聚焦(10.28)︱中兴通讯第三季度纯利升370.74%至26.57亿元 亚洲水泥(中国)前9月纯利升40.2%至22.4亿元,格隆汇
2019-10-28,A股头条之上市公司（10.28）,金融界
2019-10-28,10月29日上市公司重要公告集锦：格力电器股权接盘方确定为珠海明骏,证券日报
2019-10-28,中煤能源：2019年年度业绩报告预告,上交所
2019-10-28,中煤能源(01898-HK)首3季多赚近42%,财华社
2019-10-28,中煤能源(01898)前三季度股东应占净利同比大增41.8%至57.6亿元,智通财经
2019-10-28,中煤能源：前三季度净利润同比增长41.8%,Wind
2019-10-28,兖煤跌近3%跌穿10天及20天线 惟第三季纯利升约4成,新浪
2019-10-25,鸿宝资源连开16支阴烛后 现回升近10%,新浪
2019-10-23,【安信煤炭 周泰团队】日报：9月进口动力煤1355万吨，同比增长49.06%,泰度煤炭
2019-10-23,"华西煤炭|被低估蒙东龙头煤企,煤+电作稳定器,铝有向上弹性",华西交运煤炭研究
2019-10-22,【安信煤炭 周泰团队】日报：榆林14家煤场被停供原煤,泰度煤炭
2019-10-17,【安信煤炭 周泰团队】日报：山东港口集团日照港东煤南移工程正式投产,泰度煤炭
2019-10-16,煤炭股逆市受压 神华跌近3%暂最差蓝筹兖煤下跌1%,新浪
2019-10-16,午评：恒指微涨0.01% 内房股、体育用品股集体上涨,新浪
2019-10-16,中煤能源9月份商品煤产量增36.9% 销量增57.2%,中国煤炭资源网
2019-10-16,中煤能源：9月聚烯烃产量同比降9.8% 销量降7% 盈利能力下降,中国煤炭资源网
2019-10-15,格隆汇港股聚焦(10.15)︱华南城上半财年合约销售升13.7%达77.33亿港元 中国太平前9个月原保费收入升11.5%至1411.24亿元,格隆汇
2019-10-15,中煤能源(1898)9月商品煤销量按年升57%;产量升37%,经济通
2019-10-15,中煤能源(01898.HK)前9月商品煤销量升33.1%至1.62亿吨,格隆汇
2019-10-14,【安信煤炭 周泰团队】日报：中国9月份进口煤炭3028.8万吨，同增20.49%,泰度煤炭
2019-10-11,中煤能源(01898.HK)将于10月28日举行董事会会议以审议前三季度业绩,格隆汇
2019-10-09,A股明日风口:2019年诺贝尔化学奖花落锂离子电池,新浪
2019-10-04,浩吉铁路通车 煤炭板块或受益,金融界
2019-10-02,南方能源续跌近8% 暂八连跌兼八连阴 连续下跌,新浪
2019-09-30,煤炭破净股“秋收”机会来临,大众证券报
2019-09-30,【安信煤炭 周泰团队】日报：应急管理部废止《防治煤与瓦斯突出规定》等四部规章,泰度煤炭
2019-09-30,煤炭行业每周观点及回顾：看好高股息资产和山西国改相关标的,李俊松的黑金世界
2019-09-30,港股异动丨煤炭股走强 8月煤炭市场景气指数回升7.5个基点,格隆汇
2019-09-27,煤炭股走低 中国神华现跌近2%,新浪
2019-09-27,港股煤炭股疲软 中煤能源跌超3%,腾讯网
2019-09-27,港股开盘丨恒指低开0.25% 再度失守26000点,第一财经
2019-09-26,"吨利润近3000元煤制烯烃未来""剧情""咋发展",中国能源网china5e
2019-09-26,中信证券：建议关注浩吉铁路催生的上下游投资机会,证券时报网
2019-09-25,【安信煤炭 周泰团队】日报：8月湖北省发电量增长1.34%,泰度煤炭
2019-09-24,【安信煤炭 周泰团队】日报：8月全社会用电量同比增长3.6%,泰度煤炭
2019-09-24,中煤能源：证券事务代表姜群申请辞职,Wind
2019-09-24,中煤能源(01898.HK)：姜群辞任证券事务代表,格隆汇
2019-09-23,A股明日风口:民政部印发促进养老服务消费的实施意见,新浪
2019-09-23,开源证券:澳焦煤大跌 秋冬大气污染治理工作开启,开源证券
2019-09-23,中泰证券：中煤能源增持评级,中泰证券
2019-09-23,【安信煤炭 周泰团队】日报：8月份焦煤进口量同比增长29.6%，环比增长17.03%,泰度煤炭
2019-09-22,煤炭行业每周观点及回顾：降息趋势下高股息权益资产具备战略配置价值,李俊松的黑金世界
2019-09-18,中煤能源：8月聚烯烃产量同比降21.6% 销量降13% 盈利能力下降,中国煤炭资源网
2019-09-17,中煤能源8月份商品煤产量增37.2% 销量增14.6%,中国煤炭资源网
2019-09-16,格隆汇港股聚焦(9.16)︱	中国平安前8月原保费收入升9.43%至5542亿元 中国国航8月旅客周转量同比升6.1%,格隆汇
2019-09-16,中煤能源(01898.HK)前8月商品煤销量升30.0%至14069万吨,格隆汇
2019-09-16,中煤能源：下半年扩产能，再次冲击年度港股100强,财华社
2019-09-16,智通港股沽空统计|9月16日,智通财经
2019-09-16,【煤炭】2019中报综述: 归母净利增长8%，资产质量较高，业绩高位运行可期*中性,中银国际证券研究
2019-09-16,煤炭周观点：稳经济政策发力，煤炭板块持续向好【国君煤炭翟堃】,煤市乾坤
2019-09-15,煤炭行业每周观点及回顾：多因素利好A股表现，继续关注高弹性及山西国改相关标的,李俊松的黑金世界
2019-09-12,麦格理：升中煤能源(1898.HK)评级至“中性” 目标价上调至3.5港元,格隆汇
2019-09-12,港股能源股下挫 中石油跌2.59%,第一财经
2019-09-11,智通港股公告精选︱(9.11)香港交易所拟与伦交所合并 打造领先的全球性金融基础设施,智通财经
2019-09-11,中煤能源(01898)：“13中煤MTN002”将于9月18日兑付,智通财经
2019-09-11,中煤能源(01898.HK)“13中煤MTN002”将于9月18日付息,格隆汇
2019-09-11,中煤能源(01898)：“12中煤MTN1”将于9月19日兑付,智通财经
2019-09-11,中煤能源(01898.HK)“12中煤MTN1”将于9月19日兑付,格隆汇
2019-09-11,上市煤企交出平稳增长“答卷”,中国能源报
2019-09-09,市场回暖“捡漏”机会浮现？263只破净股扎堆银行房地产,第一财经
2019-09-09,【安信煤炭 周泰团队】日报：8月份中国进口煤炭量同比增长14.9%,泰度煤炭
2019-09-04,【兴证煤炭|周报】下游需求未见改善，长协价中枢或下移（10.27-11.02）,兴证煤炭
2019-09-04,【兴证煤炭|三季报总结】长协煤价基本持平，行业整体归母净利润继续增长,兴证煤炭
2019-09-04,【兴证煤炭|周报】降准缓解下行压力，安监环保日趋严格（09.01-09.07）,兴证煤炭
2019-09-04,【兴证煤炭|周报】电厂库存增加，港口、产地煤价均下跌（10.20-10.26）,兴证煤炭
2019-09-04,金隅集团上半年盈利好过预期,南方财经网
2019-09-02,煤炭股港A齐涨，兖州煤业A股涨停H股涨16%,富途证券
2019-09-02,兖煤(1171.HK)大涨带动煤炭板块走高，下半年的煤炭走势如何？,格隆汇
2019-09-02,“金九银十”行情来了？周期股起舞！水泥、煤炭、钢铁等板块集体走强,财界网
2019-09-02,早盘复盘：A股国防军工全线走强，港股本地地产股明显下跌,格隆汇
2019-09-02,A股午评：沪指再度重返2900点涨逾1% 航空及煤炭股领涨,格隆汇
2019-09-02,煤炭股强势出击，陕西黑猫领涨,Wind
2019-08-31,【天风煤炭】20190831一周煤炭动向：下游成交趋少煤价弱势转跌，70周年煤矿安全检查有望支撑煤价,煤炭鑫观点
2019-08-30,格隆汇个股放量排行榜 | 8月30日,格隆汇
2019-08-29,【安信煤炭 周泰团队】日报：7月全球粗钢产量1.57亿吨，同比提高1.7%,泰度煤炭
2019-08-29,大摩：料中煤能源(1898.HK)股价将在未来30天上涨 目标价3.41港元,格隆汇
2019-08-28,【异动股】煤炭板块午后拉升走强永泰能源(600157-CN)直线涨停,财华社
2019-08-28,"中煤能源:新建煤、电资产如期投产,鲜有的低估值高增长标的",申万宏源
2019-08-27,行业供需格局变化 四成煤炭股中期业绩向好,大众证券报
2019-08-27,【安信煤炭 周泰团队】日报：1-7月煤炭行业利润同比下降3.8% 盈利能力下降,泰度煤炭
2019-08-27,"招商证券：将中煤能源评级调高为""强烈推荐""",Wind
2019-08-27,中煤能源：上半年煤化工业务实现利润14.92亿元同比增长31.8%,中国煤炭资源网
2019-08-27,智通港股会议日历|8月27日,智通财经
2019-08-26,中煤能源2019年中期业绩发布会8月27日举行,新浪
2019-08-26,小摩：中煤能源目标价降至3.3港元 维持中性评级 机构下调估值,新浪
2019-08-26,摩通：降中煤(1898.HK)目标价至3.3港元 评级“中性” 机构下调估值,格隆汇
2019-08-26,山东黄金(01787-HK)为大妈所爱！,财华社
2019-08-26,申万宏源一周晨会纪要合集（2019/8/26-2019/8/30）,申万宏源研究
2019-08-26,"安信证券：将中煤能源评级调高为""买入""",Wind
2019-08-25,中煤能源（601898）：价量配合改善&成本管控得当，中报业绩超预期【国君煤炭翟堃】,煤市乾坤
2019-08-25,中煤能源2019中报点评：煤炭产销大涨致盈利显增，关注煤电化新产能布局,李俊松的黑金世界
2019-08-23,格隆汇港股聚焦(8.23)︱ 招商银行上半年净利升13.08%至506.12亿元 中国人保中期归母净利增54.1%达154.78亿元,格隆汇
2019-08-23,【安信煤炭 周泰团队】日报：7月份进口炼焦煤775万吨 同比增长1.8%,泰度煤炭
2019-08-23,A股头条之上市公司（8.24）,金融界
2019-08-23,8月24日上市公司重要公告集锦：西南证券拟定增募资不超70亿元,证券日报
2019-08-23,【日报|国君煤炭翟堃】安徽省能源局对停产停建煤矿进行安全督查 经营问题,煤市乾坤
2019-08-23,中煤能源(01898.HK)上半年净利润增长39.8%至37.88亿元,格隆汇
2019-08-23,中煤能源：上半年净利润同比增39.80%,Wind
2019-08-23,中煤能源(601898.SH)上半年净利润升39.8%至37.88亿元,格隆汇
2019-08-23,中煤能源：上半年净利37.88亿元 同比增近四成,证券时报网
2019-08-22,盈利增近四成民营煤制烯烃龙头首发半年报,澎湃新闻
2019-08-20,煤炭板块持续强势，原煤产量增速创3年新高，四维度优选投资标的,第一财经
2019-08-19,【安信煤炭 周泰团队】第34周周报：高耗煤带来动力煤价格反弹,泰度煤炭
2019-08-16,宝丰能源 跌跌不休,和讯
2019-08-16,中煤能源：7月聚烯烃产量同比涨15%销量涨1.7%,中国煤炭资源网
2019-08-16,中煤能源2019年7月份商品煤产量888万吨 同比增长45%,挖贝网
2019-08-16,中煤能源7月份商品煤产量增44.9% 销量增50.9%,国际煤炭
2019-08-15,格隆汇港股聚焦(8.15)︱中国平安上半年归母营运利润升23.8% 猫眼娱乐实现首次盈利,格隆汇
2019-08-15,【日报|国君煤炭翟堃】陕西煤业上半年营收325.9亿元 同比增长24.17% 净利润58.7亿元 同比下降1.23% 盈利能力下降,煤市乾坤
2019-08-15,【安信煤炭 周泰团队】日报：山东7月份原煤产量1063.7万吨 同比下降11.54%,泰度煤炭
2019-08-15,中煤能源(01898.HK)7月商品煤销量1805万吨 同比增加50.9%,格隆汇
2019-08-12,【天风煤炭20190812】中国煤炭工业协会发布2019中国煤炭企业煤炭产量50强,煤炭鑫观点
2019-08-12,【安信煤炭 周泰团队】第33周周报：日耗回升，港口动力煤价基本见底,泰度煤炭
2019-08-12,民营煤制烯烃龙头企业宝丰能源发布首份半年报：盈利增近四成,澎湃新闻
2019-08-09,宝丰能源首份半年报盈利增四成，加速产能扩张,第一财经
2019-08-08,中煤能源(01898.HK)8月23日举行董事会会议审议及批准中期业绩,格隆汇
2019-08-08,张煤机参与中煤科技专项中天合创沿充留巷工作面设备联调成功,工程机械商贸
2019-08-06,格隆汇个股放量排行榜 | 8月6日,格隆汇
2019-08-01,中联煤估值53亿拟注入中国海洋石油 曾资本运作未果如今业绩不稳,每日经济新闻
2019-08-01,格隆汇沽空预警榜 | 7月30日,格隆汇
2019-07-31,【深度|陕西煤业】量有余且路阡陌 龙头仍具成长空间,微信
2019-07-29,融资客青睐18股，兰花科创买入占比高达50.14%,Wind
2019-07-26,港股异动 | 煤炭板块下跌 和嘉控股跌逾7%,格隆汇
2019-07-24,中煤能源(601898.SH)完成发行50亿元中期票据,格隆汇
2019-07-24,中煤能源(01898.HK)完成发行50亿元中期票据,格隆汇
2019-07-23,蒙焦煤企逆市跌逾13% 建议股份十合一,新浪
2019-07-22,【中信证券化工】宝丰能源（600989）投资价值分析报告：现代煤化龙头，腾飞正当时,CITICS化工研究
2019-07-20,中煤能源：2018年公开发行公司债券（第四期）（品种一）2019年付息公告,上交所
2019-07-19,【天风煤炭20190719】临汾市实施限制类钢铁焦化企业停产退出工作 经营问题,煤炭鑫观点
2019-07-19,中煤能源(01898)：“18中煤07”将于7月26日开始付息,智通财经
2019-07-18,中煤能源(01898)：“13中煤MTN001”将于7月25日付息,智通财经
2019-07-17,煤炭产能工作督导检查将开展！焦炭抄底时刻到？,欧浦钢铁网
2019-07-17,"煤炭行业2019年中期业绩前瞻:报表修复抵消煤价下跌影响,中报盈利维持小幅上涨",申万宏源
2019-07-16,最新公告透露利好 15只个股有望爆发（07.16）,中金在线
2019-07-16,【山证两融】融资融券周报(20190708-20190713) 2019年第27期,山西证券研究所
2019-07-16,中煤能源(01898-HK)6月商品煤销量按年增19.1%,财华社
2019-07-16,A股头条：50ETF期权持仓量再创历史新高 美股微幅收涨,金融界
2019-07-15,A股头条之上市公司公告精选（7.16）,金融界
2019-07-15,上市公司数据播报：丰山集团上半年净利同比降3.09％ 盈利能力下降,金融界
2019-07-15,【安信煤炭 周泰团队】日报：6月份全国火电发电量同比增长0.1%,泰度煤炭
2019-07-15,公告精选：禾丰牧业等半年度业绩大幅预增；通化金马实控人拟变更（更新中）,e公司
2019-07-15,【天风煤炭20190715】6月中国电煤价格指数同比降6.91%,煤炭鑫观点
2019-07-15,中煤能源(01898-HK)首6个月累计商品煤销量约为1.03亿吨同比增长30.3%,财华社
2019-07-15,中煤能源：上半年商品煤销量同比增30.3%,e公司
2019-07-15,新华能源日报【2019年7月15日】,中国金融信息网
2019-07-15,"中煤能源(01898.HK)""17中煤01""将于7月22日付息",格隆汇
2019-07-12,天地科技首次覆盖：受益国内投资上升，煤矿智能化未来可期【华泰机械章诚团队】,华泰机械
2019-07-12,煤矿智能化技术创新联盟成立,中国能源网china5e
2019-07-11,【日报|国君煤炭翟堃】14家煤炭上市公司上榜2019财富中国500强,煤市乾坤
2019-07-09,【安信煤炭 周泰团队】日报：6月大秦线运量下降7.78%,泰度煤炭
2019-07-09,首家国家级煤炭交易中心成立，国家发改委牵头35家企业组成,澎湃新闻
2019-07-09,【山证两融】融资融券周报(20190701-20190705) 2019年第26期,山西证券研究所
2019-07-09,秦港股份(03369-HK)设合资营销煤炭及制品批发等业务,财华社
2019-07-09,中煤能源：2018年年度A股利润分派实施公告,上交所
2019-07-08,智通港股公告精选︱(7.8)广发证券上半年非合并净利增31.5%至28.87亿元,智通财经
2019-07-08,秦港股份(03369.HK)拟斥资2400万元参股组建全国煤炭交易中心,格隆汇
2019-07-08,中煤能源(601898.SH)Ａ股每10股派0.78元 股权登记日为7月15日,格隆汇
2019-07-08,盘后11股公布分红方案-更新中,中财网
2019-07-08,[快讯]中煤能源公布2018年年度分红实施方案,中财网
2019-07-08,下半年动力煤价格上涨空间料有限,中证网
2019-07-05,【安信煤炭 周泰团队】日报：截至6月底贵州有生产煤矿428处 产能15927万吨/年,泰度煤炭
2019-07-05,煤炭｜煤价波动性减弱，业绩稳定性提升：2019年中报业绩前瞻,中信证券研究
2019-06-29,煤制烯烃产业火爆 宝丰能源成本优势显著,红周刊
2019-06-28,中煤能源：2018年公开发行公司债券(第三期)(品种一)2019年付息公告,上交所
2019-06-28,中煤能源(01898.HK)将派付末期股息每股0.078元(含税),格隆汇
2019-06-28,中煤能源(01898.HK)：“18中煤05”7月8日开始付息,格隆汇
2019-06-22,押宝重组股 “牛散”徐开东持股数创新高,证券时报
2019-06-21,向中煤能源总裁高建军行贿426万 行贿者获刑6年半,新浪
2019-06-18,【安信煤炭 周泰团队】日报：山西省5月份原煤产量同比增长7.6%,泰度煤炭
2019-06-18,【安信煤炭 周泰团队】潞安环能深度报告：业绩逐步释放，外生增长可期,泰度煤炭
2019-06-18,煤炭行业周报:煤耗回升难抵疲软态势钢焦博弈进展仍需观察,开源证券
2019-06-15,煤炭周报：旺季即将来临，需求拐点已至,黑金新视野
2019-06-15,水电板块防御属性受青睐 六只个股兼具攻防价值,中证报
2019-06-13,中煤能源5月聚烯烃产量同比增7.6%销量增14.6%,中国煤炭资源网
2019-06-13,中煤能源5月份商品煤产量增44% 销量增32.1%,欧浦钢铁网
2019-06-13,13日公司新闻聚焦：恺英网络实控人被正式批捕,证券时报网
2019-06-13,智通港股早知道 |（6月13日）弱反弹不会一蹴而就，震荡上行趋势未变,智通财经
2019-06-12,12日晚公告精选：融创地产申请仲裁要求乐视网还32亿元借款,21世纪经济报道
2019-06-12,【天风煤炭20190612】山东省启动煤矿塌陷地综合治理专项规划编制,煤炭鑫观点
2019-06-12,中煤能源：5月份商品煤销量同比增逾三成,e公司
2019-06-12,中煤能源(01898.HK)5月份商品煤销量升32.1%至1752万吨,格隆汇
2019-06-12,中煤能源：前5月煤炭销量同比增长33.1%,Wind
2019-06-11,IPO观察：烯烃产业向好，宝丰能源成长性可期,时代在线
2019-06-10,6月10日债券市场日报,小林说债
2019-06-10,中煤能源(01898.HK)：“15中煤MTN001”将于6月18日付息,格隆汇
2019-06-06,【兴证煤炭|周报】北方港口及电厂库存下降，秦港平仓价止跌回升（08.18-08.24）,兴证煤炭
2019-06-06,【兴证煤炭|周报】电厂库存有序消纳，煤价短期可获支撑（08.25-08.31）,兴证煤炭
2019-06-06,【兴证煤炭|中报总结】收入及利润继续增长，ROE下滑 盈利能力下降,兴证煤炭
2019-06-06,【兴证煤炭|周报】下游电厂库存高企，煤价承压运行待企稳(07.14-07.20),兴证煤炭
2019-06-06,【兴证煤炭|周报】北方港口库存下降，煤价继续下跌（11.03-11.09）,兴证煤炭
2019-05-29,中煤能源(01898.HK)“18中煤03”将于6月5日付息,格隆汇
2019-05-29,煤炭石油：被忽视的高现金流和低估值 荐6股,广发证券
2019-05-26,煤炭行业每周观点及回顾：负面因素边际影响逐步减弱，静待估值修复【中泰煤炭-李俊松】,李俊松的黑金世界
2019-05-26,【兴证煤炭|周报】下游低日耗需求乏力，港口煤价短期承压(05.19-05.25),兴证煤炭
2019-05-24,关注|4月中煤能源聚烯烃产量同比下降4.0%,电力新闻网
2019-05-23,煤炭板块午后逆势走强，机构建议四维度优选投资标的,第一财经
2019-05-20,昊华能源:高现金、低负债国企改革受益标的 偿债能力下降,申万宏源
2019-05-20,煤炭行业周报:供需双弱调整下进入配置窗口期,信达证券
2019-05-16,中煤能源4月聚烯烃产量同比降4.0%销量降6.9% 盈利能力下降,中国煤炭资源网
2019-05-15,【安信煤炭 周泰团队】日报：1-4月河南生产原煤3432.89万吨，同比下降3.8%,泰度煤炭
2019-05-15,中国中煤能源股份有限公司2019年4月份主要生产经营数据公告,证券时报
2019-05-14,格隆汇港股聚焦(5.14)︱	澳优一季度经调整净利升87.2%至1.945亿元,格隆汇
2019-05-14,【日报|国君煤炭翟堃】中煤能源1-4月煤炭产量增长35.7%,煤市乾坤
2019-05-14,格隆汇个股放量排行榜 | 5月14日,格隆汇
2019-05-14,中煤能源(01898.HK)4月份商品煤销量升34.8%至1610万吨,格隆汇
2019-05-13,两市破净股数量达216只 （附股）,证券时报网
2019-05-13,"煤炭行业周报:去产能政策出台,下行预期有望修复",信达证券
2019-05-12,【兴证煤炭|周报】下游需求拐点来临，煤价维持高位震荡,兴证煤炭
2019-05-10,格隆汇个股放量排行榜 | 5月10日,格隆汇
2019-05-09,物产环能：“黑色”产业的“绿色”未来,中证网
2019-05-09,宝丰能源上交所上市集资74亿投向煤制烯烃,中国煤炭资源网
2019-05-07,2019年煤炭企业经营效益有望继续向好,中国金融信息网
2019-05-06,【安信煤炭 周泰团队】日报：贵州省2019年电煤需求量将达到7460万吨,泰度煤炭
2019-05-06,中央财大邢雷：煤炭上市公司要树立信心迎接挑战,证券时报网
2019-05-06,国泰君安八大行业团队复盘一季报：谁预告了全年的好收成？,国泰君安
2019-05-05,【国君煤炭翟堃】行业深度分析：三大表螺旋改善，二季度望更乐观,煤市乾坤
2019-04-30,动力煤整体需求不旺 焦炭提价仍在博弈--煤炭行业周报第161期（201917）,开源证券研究所
2019-04-30,煤炭｜稳健增长，业绩预期有望改善：2018年报及2019Q1总结,中信证券研究
2019-04-30,【申万公用环保】申能股份（600642）18年年报及19年1季报点评：发电主业量价齐升 积极进军能源上游,申万环保公用
2019-04-29,中煤能源(01898.HK)2018年第一期公司债将于5月9日付息,格隆汇
2019-04-29,378股获券商买入评级 顺网科技目标涨幅达85.17%,Wind
2019-04-29,煤炭行业周报:源何进退,信达证券
2019-04-28,【安信煤炭 周泰团队】第17周周报：一季报全面超预期，中报预计更加亮眼,泰度煤炭
2019-04-28,煤炭石油：煤市淡季不淡使煤价有望缓慢反弹 荐3股,和讯
2019-04-27,【安信中小盘】4.29-5.3新股申购一览,AX中小盘研究
2019-04-26,格隆汇个股放量排行榜 | 4月26日,格隆汇
2019-04-25,格隆汇个股放量排行榜 | 4月25日,格隆汇
2019-04-25,煤炭石油：煤炭公司报表修复业绩保持增长 荐3股,和讯
2019-04-25,"中煤能源:q1煤炭产销大增盈利向好,关注后续产能投放",正点财经
2019-04-25,中煤能源2019年第一季度净利15.4亿元 董事长李延江未持有公司股份,挖贝网
2019-04-24,格隆汇个股放量排行榜 | 4月24日,格隆汇
2019-04-24,瑞信：升中煤(01898.HK)评级至”中性“ 上调目标价至3.4港元,格隆汇
2019-04-24,中煤能源：新建煤炭项目投产促业绩持续增长,证券时报网
2019-04-24,中煤能源(01898-HK)3.6亿人民币向母企购煤矿产能,财华社
2019-04-23,中煤能源(01898.HK)上调向母公司提供原料及配套服务的年度上限,格隆汇
2019-04-23,4月23日上市公司晚间公告速递,新浪
2019-04-23,上市公司公告集锦：平安银行一季度实现净利润逾74亿（更新中）,腾讯网
2019-04-23,中煤能源(601898.SH)一季度净利润升10.7%至15.41亿元,格隆汇
2019-04-23,中煤能源(01898.HK)：南梁矿业拟1552.5万元购买长虹新建煤矿产能置换指标,格隆汇
2019-04-23,中煤能源(01898.HK)：中煤能源黑龙江煤化工拟2760万元购买山西中煤西沙河煤业产能置换指标,格隆汇
2019-04-23,中煤能源(01898.HK)：伊化矿业资源拟1.04亿元购买山西朔州山阴金海洋马营煤业产能置换指标,格隆汇
2019-04-23,中煤能源(01898.HK)：伊化矿业资源拟约1.7亿元购买中煤新集能源产能置换指标,格隆汇
2019-04-23,中煤能源(01898.HK)：乌审旗蒙大矿业拟2587.5万元购买中煤新集能源产能置换指标,格隆汇
2019-04-23,中煤能源：一季度净利润同比增10.73%,Wind
2019-04-21,【周报|国君煤炭翟堃】持续看好超额收益，双焦存预期改善空间,煤市乾坤
2019-04-19,【海通煤炭】山西焦化2018年报点评：吨焦净利显著提升，远期业绩增长可期,--
2019-04-18,这个板块竟成年内最大热门，最大黑马却是它,证券时报
2019-04-18,破净股减少至75只 部分存“补涨”动能,投资快报
2019-04-17,【港股异动 | 煤炭股多数上涨 3月份规模以上工业原煤生产加快】,格隆汇
2019-04-16,外资动向| 北向资金增仓A股 沪深股通净流入41.14亿元,腾讯网
2019-04-16,港股异动 | 中煤能源涨5.47% 股价创逾一个月新高,格隆汇
2019-04-16,港股异动︱港口现货紧俏叠加大秦线检修 煤炭股普涨,智通财经
2019-04-16,港股异动︱3月商品煤销量同比增54.8% 中煤能源(01898)涨超5%,智通财经
2019-04-16,港股异动 | 煤炭股多数上涨 社融规模超预期扩张或带动煤炭板块预期改善,格隆汇
2019-04-16,中煤能源3月份商品煤产量增42.7% 销量增54.8%,中国能源网china5e
2019-04-15,中煤能源(01898.HK)一季度商品煤销量升33%至5030万吨,格隆汇
2019-04-15,煤炭石油：中部地区能源大动脉,和讯
2019-04-15,煤炭石油：煤市淡季不淡涨价可期 荐2股,和讯
2019-04-15,“社融底”正式确立 周期股再迎利好 这些板块或最受益（附股）,证券时报网
2019-04-12,申万宏源：看好二季度煤价格反弹上涨，煤炭板块估值修复,证券时报网
2019-04-10,机械制造：油价复苏将进一步带动油气投资 荐8股,和讯
2019-04-10,"煤炭行业蒙华铁路专题深度报告:蒙华铁路,中部地区能源大动脉",申万宏源
2019-04-09,格隆汇个股放量排行榜 | 4月9日,格隆汇
2019-04-09,"综合行业周报:港股业绩披露期,中国联通、安踏等表现佳",正点财经
2019-04-09,煤炭石油：非电需求复苏促价格上涨 荐3股,和讯
2019-04-08,格隆汇个股放量排行榜 | 4月8日,格隆汇
2019-04-08,中煤能源(01898.HK)4月23日举行董事会议 以审议及批准季度业绩,格隆汇
2019-04-08,融资客青睐44股，中京电子买入占比高达40.05%,Wind
2019-04-08,煤炭｜预期改善，板块估值提升机会已至,中信证券研究
2019-04-07,【安信煤炭 周泰团队】第14周周报：降税不降价利好煤企业绩释放,泰度煤炭
2019-04-04,煤炭石油：焦炭盈利空间缩窄 荐4股,和讯
2019-04-04,机械制造：动力电池产能投资或持续落地 荐6股,和讯
2019-04-04,【兴证煤炭|行业点评】 增值税率下调3%，煤炭行业显著利好 （2019.04.03）,兴证煤炭
2019-04-03,格隆汇个股放量排行榜 | 4月3日,格隆汇
2019-04-03,机械制造：跟踪细分龙头新年订单边际变化 荐5股,和讯
2019-04-02,澳煤蒙煤最新通关情况！铁路部门将下浮铁路货物运价,中国能源网china5e
2019-04-01,煤炭行业周报:淡季来临供需趋宽松,信达证券
2019-03-29,03月29日 盘中突破半年线个股一览,每日经济新闻
2019-03-28,煤炭石油：动力煤价触底反弹 荐3股,和讯
2019-03-28,煤炭石油：焦煤库存平稳波动 荐4股,和讯
2019-03-27,【兴证煤炭|周报】晋陕安监紧供给，长协价大幅上涨（11.01-11.07）,兴证煤炭
2019-03-26,机械制造：海外动力电池产能建设或迎高峰期 荐9股,和讯
2019-03-26,电厂日耗区间波动 焦煤库存平稳波动--煤炭行业周报第156期（201912）,开源证券研究所
2019-03-26,澳大利亚官员担忧！美国煤将替代澳煤出口中国？,中国煤炭资源网
2019-03-26,【山证两融】融资融券周报2019年第12周(3月18日至3月22日),山西证券研究所
2019-03-25,中国神华急跌半成暂最差蓝筹 去年少赚近8% 盈利能力下降,新浪
2019-03-24,【天风煤炭】20190324一周煤炭动向：焦炭库存向上游垒积，双焦价格承压,煤炭鑫观点
2019-03-23,税改显著提升业绩 采掘板块显中长期机遇(附表),投资快报
2019-03-23,中国神华去年净利润同比微降 仍占行业利润“大头” 盈利能力下降,第一财经
2019-03-21,固定收益日报20190321,固定收益投资
2019-03-21,煤炭行业2019/2020Q1经营总结：盈利压力加大，静待煤价企稳【国君煤炭翟堃】,煤市乾坤
2019-03-21,煤炭石油：焦炭短期存下降空间 荐3股,和讯
2019-03-21,A股头条：科创板惊现垫资开户 美联储暗示今年不再加息,金融界
2019-03-20,"国泰君安：将中煤能源评级调高为""增持""",Wind
2019-03-20,"中煤能源:受益新增项目投产业绩持续高速增长,煤炭板块鲜有高增长标的",申万宏源
2019-03-19,煤炭石油：全国煤炭消费占比首次低于60%,和讯
2019-03-19,中煤：今年煤价有下行压力进口煤规模略降,中国煤炭资源网
2019-03-19,安信国际 | 中煤能源(1898)：产量将有增长，估值逐步恢复,安信国际
2019-03-19,电厂库存相对充足 焦炭短期存下降空间--煤炭行业周报第155期（201911）,开源证券研究所
2019-03-18,【中煤能源】产能释放顺畅，开启持续成长【国君煤炭翟堃】,煤市乾坤
2019-03-18,“国家队”去年底持股曝光 持有17只个股超10亿元,新浪
2019-03-18,瑞信：中煤(01898.HK)业绩逊预期 维持“跑输大市”评级 盈利能力下降,格隆汇
2019-03-18,申万宏源：恒指上周五升至29000点 一周累计升2.78%,新浪
2019-03-18,18日公司新闻聚焦：多家公司回应3·15晚会报道,证券时报网
2019-03-17,3月16日沪深两市公告一览最新利空利好消息集锦,财富动力网
2019-03-17,不一样的新旧经济：旧经济遍地黄金 新经济亏损继续 亏损,新浪
2019-03-16,中煤能源：2018年年度主要财务指标,上交所
2019-03-15,格隆汇港股聚焦(3.15)︱福耀玻璃2018年净利润升30.87%至41.2亿元 拟每10股派7.5元,格隆汇
2019-03-15,公告精选：长江电力举牌川投能源、国投电力；用友网络等去年业绩大增,e公司
2019-03-15,中煤能源：2018年净利34亿元 同比增49.9%,e公司
2019-03-15,中煤能源：2018年净利润同比增49.87%，拟每股派0.078元,Wind
2019-03-15,中煤能源：两副总裁辞职 董监高成员变化,Wind
2019-03-15,中煤能源(01898.HK)2018年度归母净利润升49.9%至34.35亿元 每股派0.078元,格隆汇
2019-03-15,中煤能源(01898.HK)委任义宝厚为公司秘书,格隆汇
2019-03-14,中煤能源2月份商品煤产量增34.8%销量增7.2%,中国煤炭资源网
2019-03-14,国元国际晨报 2019-3-14 周四,国元国际
2019-03-14,中煤能源：2月商品煤产量721万吨 同比增长34.8%,中国能源网china5e
2019-03-14,A股头条：监管严查非法配资入市 首批科创板上市辅导企业亮相,金融界
2019-03-13,"格隆汇港股聚焦(3.12)︱中国联通2018年纯利升458%至102亿元 盈利持续""V""型反弹",格隆汇
2019-03-13,A股头条之上市公司公告精选（3.14）,金融界
2019-03-13,【安信煤炭 周泰团队】日报：1-2月内蒙古锡盟原煤产量1715.47万吨 下降7.33%,微信
2019-03-13,许家印冲双冠延边队却破产 大佬的足球梦冰火两重天,新浪
2019-03-13,中煤能源(01898-HK)首两个月商品煤销量累计3000万吨 同比增长20.2%,财华社
2019-03-13,中煤能源(01898.HK)2月商品煤销量升7.2%至1384万吨,格隆汇
2019-03-13,煤炭石油：全国煤炭消费占比首次低于60％,和讯
2019-03-11,本周年报抢先看：平安业绩将揭晓，联通混改红利初显,21世纪经济报道
2019-03-07,煤炭行业:降税有望提升行业盈利9%,正点财经
2019-03-05,中煤能源(01898.HK)3月15日举行董事会会议 考虑及批准公司年度业绩及宣派股息,格隆汇
2019-03-01,安检强化、需求向好，持续看好煤炭股估值修复【国君煤炭翟堃】,煤市乾坤
2019-02-27,"煤炭行业周报:内蒙银矿矿难将牵连煤矿生产,供需双弱使煤价震荡运行",申万宏源
2019-02-26,"2019年机械行业周报2月第3期:1月新能源汽车销量增长138%,油价复苏将进一步带动油气投资",证券之星
2019-02-25,中煤能源今日大宗交易成交250万股，成交价4.7元折价6.75%,Wind资讯
2019-02-25,上海证券市场大宗交易公开信息(2019-02-25),上交所
2019-02-24,煤炭行业：需求持续回暖重点关注煤矿复产进度(附股),信达证券
2019-02-20,广发证券：内参快讯,广发证券
2019-02-20,"中煤能源深度报告:新建煤、电产能集中投产,鲜有的低估值低估值高增长煤炭标的",申万宏源
2019-02-17,【安信煤炭 周泰团队】第7周周报：新旺季到来，动力煤涨价可持续,泰度煤炭
2019-02-15,格隆汇港股聚焦(2.15)︱东阳光药可威销售额大增 2018年度纯利预增45%,格隆汇
2019-02-15,【中泰公用&煤炭】每日速递：山东电网2018年度暨四季度电力市场交易信息报告发布,能源观察站
2019-02-14,兖州煤业扩张后遗症：应收狂奔前三季利息高达27亿,新浪
2019-02-14,"煤炭行业周报:受安监和禁止澳洲进口煤双重影响,煤炭供给偏紧",申万宏源
2019-02-13,[快讯]上海能源:控股子公司中煤能源新疆鸿新煤业有限公司苇子沟煤矿一期工程项目获得核准,中财网
2019-02-13,"【煤炭行业】2018年年报业绩前瞻：业绩趋于稳定,关注高股息公司",格隆汇
2019-02-02,煤炭石油：焦煤库存持续回升 荐5股,和讯
2019-02-02,煤炭石油：临近春节供需双弱 荐3股,和讯
2019-02-01,中煤能源(01898.HK)：山西小回沟煤业拟按3450万元购买中煤新集公司30万吨/年产能置换指标,格隆汇
2019-02-01,中煤能源(01898.HK)：中煤平朔拟2431万元购买山西中煤平朔东日升煤业100%股权,格隆汇
2019-02-01,中煤能源(01898.HK)：中煤陕西公司拟1.09亿元购买中煤新集公司95万吨/年产能置换指标,格隆汇
2019-02-01,大摩：相信中煤能源(01898.HK)未来15日股价将下跌,格隆汇
2019-01-31,煤炭石油：煤炭板块业绩持续平稳 荐3股,申万宏源
2019-01-31,智通港股早知道：港股雷少不慌 光伏板块苦尽甘来,智通财经
2019-01-31,"煤炭行业2018年业绩前瞻:煤炭板块业绩持续平稳,亟待3月煤价反弹估值修复",申万宏源
2019-01-30,格隆汇港股聚焦(1.30)︱白云山2018年度净利润预增57.64%-89.17%,格隆汇
2019-01-30,【中泰公用&煤炭】每日速递：浙江省发布《2019年度浙江省电力直接交易试点工作方案》,能源观察站
2019-01-30,【安信煤炭 周泰团队】日报：前十九大煤企占全国原煤产量的63.4%,泰度煤炭
2019-01-30,中煤能源：预计2018年净利润同比增长32.5%-49.1%,Wind
2019-01-30,中煤能源(01898.HK)2018年度净利润预增26.1%到37.5%,格隆汇
2019-01-29,方正中期：高库存熨平价格波动 煤电博弈电厂稍胜,新浪
2019-01-28,煤炭石油：4季度煤炭股配置比例环比下滑 荐4股,和讯
2019-01-28,煤炭行业：临近春节供需双弱亟待3月需求复苏煤价反弹,申万宏源
2019-01-28,"煤炭行业周报:春节将至,煤价趋弱",信达证券
2019-01-27,【申万宏源煤炭钢铁】煤炭周观点:临近春节供需双弱，亟待3月需求复苏煤价反弹,申万宏源钢铁
2019-01-23,【平安重点】行业专题报告*煤炭*风物长宜放眼量，煤炭未来在西部*中性,平安研究
2019-01-23,平安研报20190123,平安研究
2019-01-23,关注丨2018中煤能源商品煤产量同比增2.1%,电力新闻网
2019-01-23,"煤炭行业专题报告:风物长宜放眼量,煤炭未来在西部",平安证券
2019-01-22,"煤炭行业周报:产地现大范围煤矿主动提前停产放假,促3月复工需求复苏价格反弹",申万宏源
2019-01-21,机械制造：发改委密集批复铁路基建项目 荐6股,和讯
2019-01-21,"2019年机械行业周报1月第4期:动力电池产能投资或持续落地,opec减产成效初显",证券之星
2019-01-21,煤炭行业周报:供给受限预期带动估值修复,信达证券
2019-01-18,煤炭石油：矿难频发加速节前供给收缩 荐3股,和讯
2019-01-17,数据王：煤炭股逆势走强公司盈利推升股价可期,巨丰财经
2019-01-16,中煤能源12月份商品煤销量增6.7%产量增28.7%,中国煤炭资源网
2019-01-15,同煤董事长领衔4位高管同时辞职，能源国企离职潮深意何在？ 董监高成员变化,和讯
2019-01-15,"2019年机械行业周报1月第3期:发改委密集批复铁路基建项目,LG化学扩建电池厂助推锂电设备",证券之星
2019-01-14,【安信煤炭 周泰团队】日报：2018年全国进口煤炭28123.2万吨，同比增长3.9%,泰度煤炭
2019-01-14,需求增加供给减少刺激煤价上涨 这只煤炭股连续14天获得净流入,e公司
2019-01-14,煤炭股集体底部反弹迎布局良机,巨丰财经
2019-01-14,煤炭行业：矿难频发加速节前供给收缩待3月复工需求复苏价格反弹,申万宏源
2019-01-13,【申万宏源煤炭钢铁】煤炭周观点：矿难频发加速节前供给收缩，待3月复工需求复苏价格反弹,申万宏源钢铁
2019-01-09,机械制造：继续看好2019年工程机械有效更新 荐5股,和讯
2019-01-08,破净个股值得珍惜,巨丰财经
2019-01-08,煤炭产业的思考二：2019年淘汰产能1.1亿吨，2020年仍有空间,李俊松的黑金世界
2019-01-08,"煤炭行业周报:“多空”因素交织,煤价小幅反弹",信达证券
2019-01-07,低价破净业绩佳 有望修复股价（1月7日）,巨丰财经
2019-01-07,"机械行业2019年周报1月第2期:2019年铁路投资趋势向上,OPEC减产执行或促进油价复苏",证券之星
2019-01-06,【申万宏源煤炭钢铁】煤炭周观点：进口政策尚不明朗，待3月复工需求提振促煤价上涨,申万宏源钢铁
2019-01-04,今日股市最新重大利好消息 1月4日八只股票或涨停,至诚财经
2019-01-03,【安信煤炭 周泰团队】日报：河南提出到2020年构建4个现代煤化工基地,泰度煤炭
2019-01-03,远兴能源：应收款坏账准备转回 2018年度净利增加1.13亿元,e公司
2019-01-01,【申万宏源煤炭钢铁】动力煤价触底反弹，待3月复工春季行情,微信
2018-12-29,"煤炭行业周报:“寒冷”依旧,煤炭市场继续承压",信达证券
2018-12-26,机械制造：主要原材料价格下跌效应初现 荐17股,和讯
2018-12-26,特高压开放！国家电网“混改”提速 六股飞,中证报
2018-12-23,【申万宏源煤炭钢铁】环渤海市场现货成交清淡，“有价无市”局面使得煤价持续承压,申万宏源钢铁
2018-12-20,五大券商周五看好6板块30股,证券之星
2018-12-20,机械制造：关注装备企业业绩修复预期 荐5股,和讯
2018-12-19,【安信煤炭 周泰团队】日报：无锡市印发加快化工钢铁煤电行业转型升级三年行动计划,泰度煤炭
2018-12-19,煤炭石油：君子藏器于身 荐5股,和讯
2018-12-19,中煤能源:煤炭产量更高、煤化工业务板块强,证券之星
2018-12-18,煤炭石油：全国高风险煤矿体检 荐3股,和讯
2018-12-18,煤炭石油：焦炭价格止跌 荐4股,和讯
2018-12-18,期市涨跌互现 原油再探新低拖累化工品,新浪
2018-12-18,恒指跌0.69%报25906.711点 其他服饰配件板块领跌,腾讯网
2018-12-17,高库存压制煤价上涨 煤炭贸易商或恐慌性抛售,证券日报
2018-12-16,【申万宏源煤炭钢铁】煤炭周观点：大范围雨雪天气促需求反弹，进口政策变化成煤价涨跌关键因素,申万宏源钢铁
2018-12-16,机械制造：锂电设备或进入新一轮扩产周期 荐7股,和讯
2018-12-15,破净股较去年末增加近9倍 6只个股处价值洼地,证券日报
2018-12-14,沪深上市公司18年12月14日晚间上市公司重要公告,全景网
2018-12-14,中煤能源：11月份商品煤销量同比增长28.9%,e公司
2018-12-12,国金行业 | 煤机设备：2019年有望迎来采购高峰，关注结构性分化机会,国金证券研究所
2018-12-11,券商评级:三大股指全线收红 九股迎腾飞契机,证券之星
2018-12-11,【申万公用环保】申能股份（600642）点评报告：投资抽水蓄能 优化清洁能源产业布局,申万环保公用
2018-12-10,【申万宏源煤炭钢铁】煤炭周观点：全国高风险煤矿体检，促煤价反弹,微信
2018-12-10,"采掘-煤炭行业周报:电厂日耗持续回升,焦炭价格止跌",开源证券
2018-12-07,需求回升！煤炭迎来历史性配置机会？,Wind
2018-12-07,国金晨讯精选：煤机行业、同程艺龙深度，大化工PTA专题,国金证券研究所
2018-12-06,"华西煤炭|兖州煤业:低估值动力煤龙头,业绩拐点+资产负债表修复",华西交运煤炭研究
2018-12-05,深圳能源与中煤集团签订“3+2”中长期供煤协议,e公司
2018-12-03,【安信煤炭 周泰团队】日报：山西重点焦企联合限产保价,泰度煤炭
2018-12-03,A股收官行情值得期待，机构扎堆相中三大行业,证券日报
2018-12-03,"煤炭行业周报:下游需求不佳,动煤价格弱势盘整",信达证券
2018-12-02,【申万宏源煤炭钢铁】煤炭周观点：煤价开始反弹，南方入冬失败压制煤价弹性,申万宏源钢铁
2018-11-29,【安信煤炭 周泰团队】日报：贵州2018年关停产能1038万吨，超额完成任务,泰度煤炭
2018-11-26,机械制造：关注油价回调与钢价下行预期对中游毛利率的提升作用 荐5股,申万宏源
2018-11-26,煤炭行业：煤价开始反弹 但库存高企抑制煤价弹性,申万宏源
2018-11-22,中煤能源选举李延江为董事会董事长,智通财经
2018-11-22,【长江证券电力公用|干货分享】探秘我国煤炭产业基地布局,长江电力及公用事业
2018-11-21,"机械高频数据周报:基建投资增速回升,重点关注超跌龙头",申万宏源
2018-11-20,"2018年机械行业周报11月第3期:光博会助力激光行业加速发展,10月工业机器人下滑幅度收窄",证券之星
2018-11-19,中煤能源10月份商品煤销量增28%产量增3.7%,中国煤炭资源网
2018-11-18,【申万宏源煤炭钢铁】煤炭周观点：冷空气来袭，日耗上升促煤价反弹,申万宏源钢铁
2018-11-18,煤炭行业：逢低优选龙头公司积极配置,信达证券
2018-11-15,申万宏源：申能股份增持评级,申万宏源
2018-11-15,供销两旺 焦炭短期价格或持续走高(受益股),金融界
2018-11-13,【安信煤炭 周泰团队】日报：山西省展开工业炉窑污染专项治理,泰度煤炭
2018-11-12,"2018年机械行业周报11月第2期:10月动力电池装机量同比增103%,国内页岩气开采力度持续提高",证券之星
2018-11-09,多因素提振 煤炭板块显中长期机遇,中证报
2018-11-08,中国中煤能源前三季度净利润同比增长76.9%,电力新闻网
2018-11-07,[快讯]中煤能源:对外投资项目进展,中财网
2018-11-06,【安信煤炭 周泰团队】行业点评：煤电联营加速推进，动力煤公用事业化凸显,泰度煤炭
2018-11-06,斯凯孚亮相2018中国国际进口博览会,慧聪网
2018-11-05,11月05日 收盘突破年线个股一览,每日经济新闻
2018-11-05,机械制造：持续推荐细分领域龙头 荐5股,申万宏源
2018-11-05,11月05日 盘中突破年线个股一览,每日经济新闻
2018-11-04,【申万宏源煤炭钢铁】煤炭周观点：11月冬储煤需求启动，促煤价反弹,申万宏源钢铁
2018-11-02,煤炭行业：业绩继续稳步增长关注动力煤龙头标的估值修复行情,申万宏源
2018-10-31,【平安证券】煤炭行业动态跟踪报告：高库存、低日耗，冬季煤炭需求如何？,煤炭璐透舍
2018-10-31,【申万公用环保】申能股份（600642）2018年三季报点评：发电主业稳中有增 投资油气开采布局能源全产业链,微信
2018-10-30,煤炭石油：冬季煤炭需求如何 荐3股,平安证券
2018-10-29,986家A股公司前三季经营性现金流改善,中证报
2018-10-28,【申万宏源煤炭钢铁】煤炭周观点：短期因素导致需求下滑，亟待11月冬储煤需求启动促煤价上涨,申万宏源钢铁
2018-10-26,每日外资动向|北向资金继续减仓A股 沪深股通连续两日净流出,腾讯网
2018-10-26,10月26日 盘中突破年线个股一览,每日经济新闻
2018-10-25,西南公用煤炭-中煤能源（601898）三季报点评：煤炭业务量价齐升，前三季业绩高增77%,--
2018-10-25,专家诊股：对远东宏信后市看法正面 人保可再观望,金融界
2018-10-25,"机械高频数据周报:关注超跌优质标的,持续推荐细分领域龙头",申万宏源
2018-10-24,【安信煤炭 周泰团队】公司点评：中煤能源（601898.SH）三季度业绩同比大增，在建工程看点多,泰度煤炭
2018-10-24,每日外资动向|北向资金大幅增仓A股 沪股通净流入22亿元,腾讯网
2018-10-24,中煤能源：关注在建矿投产 谨慎增持评级,广发证券
2018-10-24,宏信证券：每日信息速递,和讯
2018-10-24,港股异动︱前三季度股东应占净利同比增76.9% 中煤能源(01898)涨逾4%,智通财经
2018-10-24,【新时代机械 郭泰团队】煤企固投连续三个季度实现增长，新建产能边际上提升煤机需求,新时代证券研究
2018-10-23,中煤能源：2018年前三季度主要财务指标,上交所
2018-10-23,【安信煤炭 周泰团队】日报：国家煤矿安全监察局发布关于开展煤与瓦斯突出矿井安全“会诊”工作的通知,泰度煤炭
2018-10-23,[公告摘要]中煤能源(01898.HK)重选李延江、彭毅及牛建华为执行董事,格隆汇
2018-10-23,中煤能源：前三季度净利润同比增76.87%,Wind
2018-10-23,中煤能源：前三季度净利超41亿元 同比增77%,e公司
2018-10-23,财融汇·早间必读 | 20181023,财通证券融资融券部
2018-10-22,中煤能源今日大宗交易成交180万股，成交价4.5元折价10.54%,Wind资讯
2018-10-22,10月22日 大宗交易,每日经济新闻
2018-10-22,"2018年机械行业周报10月第3期:能源装备景气有望继续改善,9月工业机器人产量首次下降",证券之星
2018-10-21,【申万宏源煤炭钢铁】煤炭周观点：煤市供需平稳，煤价高位震荡运行,申万宏源煤炭
2018-10-19,光大证券：中小创业绩增速继续回落,金融界
2018-10-19,巨丰早评：A股筑底规避两类股,巨丰财经
2018-10-18,煤炭价格维持高位，供应质量和效率提高仍有空间,第一财经
2018-10-18,招银国际：恒指今料温和反弹 短期反弹阻力位26000点,新浪
2018-10-18,招财日报2018.10.18｜美没指中国操控货币，恒指料温和反弹,招银国际
2018-10-17,盘前参考：91亿 反弹节点五浪已结束 只等真金白银,中财网
2018-10-16,【长江证券电力公用|干货分享】寻幽探胜：走进我国九大煤电基地,长江电力及公用事业
2018-10-16,港股全日总结：恒指升17点，中移动走高，基建股受压,理财18
2018-10-16,港股半日总结：恒指倒跌48点，友邦腾讯偏软，车股造淡,理财18
2018-10-16,港股快讯：中煤能源现报3.34港元 上涨3.41%,格隆汇
2018-10-16,港股异动︱前三季净利润约49亿至53亿 中煤能源(01898)涨逾5%,金融界
2018-10-16,招财日报2018.10.16｜反弹乏力，反复寻底,微信
2018-10-16,破净股创新高，a股底在何方？,中信建投优问
2018-10-16,[看好评级]机械行业高频数据周报：三季报业绩预告分化 关注高成长性细分龙头,中财网
2018-10-16,周二最新重磅公司传闻集锦(10月16日),证券之星
2018-10-15,中煤能源：前三季净利预增60%—77%,证券之星
2018-10-15,中煤能源：2018年前三季度业绩预增公告,上交所
2018-10-15,【天风煤炭20181015】华东五省10月需抢运煤炭，上博会期间禁止汽、船拉运,煤炭鑫观点
2018-10-15,中煤能源：前三季净利同比预增60.3%至76.8%,e公司
2018-10-15,[推荐评级]机械行业周报：9月动力电池装机量同比增66% Q3煤机行业产值或创新高,中财网
2018-10-14,【申万宏源煤炭钢铁】煤炭周观点：通胀预期趋强，煤炭板块估值逐步修复,申万宏源煤炭
2018-10-12,中煤能源9月份商品煤销量增10.6% 产量持平,中国能源网china5e
2018-10-11,煤炭板块全年业绩无忧，重仓煤炭股基金了解一下,Wind
2018-10-11,供需格局向好 短期焦煤价格有望走高(受益股),金融界
2018-10-10,恒指小幅收涨结束六连跌，腾讯创上市以来最长连跌纪录,Wind
2018-10-10,煤炭板块全年业绩无忧，多利好持续释放,Wind
2018-10-09,"煤炭开采行业:煤炭业绩稳健改善,焦炭盈利大幅好转",正点财经
2018-10-09,第三季煤价升一成 神华现涨逾1％,经济通
2018-10-08,[公告摘要]中煤能源(01898.HK)将于10月23日举行董事会会议 以审议批准前三季度业绩等,格隆汇
2018-10-08,煤炭：进口煤减少和电厂长协履约率限制 促煤市淡季不淡煤价上涨,中证网
2018-10-06,【申万宏源煤炭钢铁】煤炭周观点：煤市进入传统旺季，动力煤价格小幅缓涨促煤炭股估值修复,申万宏源煤炭
2018-10-04,内地秋冬限制火电钢铁等污染排放 中国神华跌逾3％,经济通
2018-09-28,09月28日 48只个股已连涨5天,每日经济新闻
2018-09-27,【兴证煤炭|中报总结】煤炭业绩稳健改善，焦炭盈利大幅好转,兴证煤炭
2018-09-26,机械制造：持续看好细分领域龙头 荐5股,申万宏源
2018-09-26,神华涨逾2％ 中国基准动力煤价连升三周,经济通
2018-09-26,国新健康上半年营收下滑七成 大佬葛卫东投资遭腰斩,中国经济网
2018-09-25,【新时代机械郭泰团队】煤机行业点评：大型煤企资本开支增长，推荐天地科技和郑煤机,机械泰通
2018-09-24,【申万宏源煤炭钢铁】煤炭周观点：进口煤减少和电厂长协履约率限制，促煤市淡季不淡煤价上涨,申万宏源钢铁
2018-09-24,机械制造：煤机龙头利润弹性有望逐步显现 荐10股,和讯
2018-09-18,"机械高频数据周报:油服行业景气度高,细分领域龙头表现亮眼",申万宏源
2018-09-17,煤炭石油：进口煤减少和电厂长协履约率限制 荐3股,申万宏源
2018-09-12,【煤炭|太平洋证券】陕西煤业（601225）：公司利好遇上经济预期悲观，股价走势将是市场试金石,太平洋证券研究
2018-09-11,中煤能源(01898)：“12中煤MTN1”将于9月19日开始付息,智通财经
2018-09-10,机械制造：8月挖机数据基本符合预期 荐5股,申万宏源
2018-09-07,科技股反手砸盘，创业板指午前急速跳水,第一财经
2018-09-07,中煤能源峰峰集团大淑村矿打造全国瓦斯治理第一矿,中国煤炭网
2018-09-06,今年A股上市公司发债近2000亿房地产企业占了近四成,国际金融报
2018-09-05,煤炭行业去产能效果显著 企业兼并重组掀起热潮,前瞻研究院
2018-09-04,机构投资路径揭秘:证金、社保、QFII连续3季度加仓这些股(名单),证券时报
2018-09-03,机械制造：自下而上关注优质公司 荐5股,申万宏源
2018-09-03,煤炭行业2018半年报业绩回顾：业绩继续稳步增长关注动力煤龙头标的估值修复行情,顶尖财经网
2018-09-03,煤化工迎近5年同期最好业绩 山西焦化圣济堂中报净利狂增40倍,证券日报
2018-09-02,机械制造：激光产业持续受到资金亲睐 荐10股,和讯
2018-09-02,【申万宏源煤炭钢铁】煤炭周观点：东北取暖用煤需求渐起，动力煤有望淡季涨价,申万宏源钢铁
2018-09-02,2018中国500强企业榜单出炉：总营收突破70万亿大关 国网2.35万亿蝉联榜首,经济观察网
2018-08-30,专家诊股：平保可待回调再考虑 港股科技板块仍处调整阶段,金融界
2018-08-30,【申万公用环保】申能股份（600642）2018年中报点评：发电资产优化主业稳定增长 积极布局上游能源资产,申万环保公用
2018-08-28,[买入评级]机械设备行业跟踪分析报告：从中报看油气装备行业复苏,中财网
2018-08-28,[看好评级]机械高频数据周报：重点公司中报频超预期 持续推荐细分领域龙头,中财网
2018-08-27,神华跌1％穿十天线 中期少赚7％不派息 盈利能力下降,经济通
2018-08-27,煤炭行业周报：动力煤港口库存持续回落;焦煤价格有支撑,中财网
2018-08-26,【申万宏源煤炭钢铁】煤炭周观点：进口煤额度紧缺，东北需求渐起将促煤价上涨,申万宏源煤炭
2018-08-25,中字头股大单扫货人气飙升 长线机构布局14只个股,证券日报
2018-08-24,【安信煤炭 周泰团队】日报：山西国企走出去：煤炭钢铁产能合作是重点,泰度煤炭
2018-08-23,中煤能源：煤化板块盈利大增 公司发展后劲十足,东兴证券
2018-08-23,招商证券：上调中煤能源评级至强烈推荐,Wind
2018-08-23,招商煤炭|中煤能源2018年中报点评—煤炭、煤化工齐改善，未来成长性较优,招商煤炭
2018-08-23,伊泰煤炭拟对蒙华铁路增加投资4.97亿元,中国能源网china5e
2018-08-23,[强烈推荐-A评级]中煤能源(601898)中报点评：煤炭、煤化工齐改善 未来成长性较优,中财网
2018-08-22,【中泰煤炭-李俊松&赵坤】中煤能源(601898)点评：中报业绩同比大增，未来多项目投产成长性看好,中信建投
2018-08-22,【安信煤炭 周泰团队】公司点评：中煤能源（601898.SH）半年报业绩符合预期，因煤炭产销量增加与烯烃放量,泰度煤炭
2018-08-22,[中性评级]中煤能源(601898/01898.HK)中报点评：1H18业绩和预告一致;受益煤价上涨和煤化工改善,中财网
2018-08-22,港股半日总结：恒指升142点，腾讯造高，平安绩优升近半成,理财18
2018-08-22,中煤能源半年报：上半年盈利27.56亿元 同比增67.5%,经济日报
2018-08-21,中煤能源：第三届董事会2018年第三次会议决议公告,深交所
2018-08-21,中煤能源：2018年前三季度业绩报告预告,上交所
2018-08-21,中煤能源：上半年净利润同比增67.52%,Wind
2018-08-21,中煤能源：上半年净利27.56亿元 同比增67.5%,e公司
2018-08-21,【建投策略张玉龙团队】A股回购规模大增，北上资金转入为出——8月第3周流动性观察,中信建投
2018-08-21,[看好评级]机械行业高频数据周报：基建预期修复 细分龙头业绩确定性高,中财网
2018-08-20,[增持评级]煤炭行业周报：动力煤价进入筑底期 环保限产下焦价气势如虹,中财网
2018-08-20,1052份中报预计本周出炉 三大指标勾勒淘金路线图,证券日报
2018-08-19,【中泰煤炭-李俊松&赵坤】煤炭行业每周观点及回顾：动力煤价进入筑底期，环保限产下焦价气势如虹,中信建投
2018-08-18,广州证券债市日评-20180817,广州证券固收
2018-08-16,244股破净 152只市净率低于0.9,证券时报网
2018-08-15,【天风煤炭20180815】8月15-10月15日太原市焦化企业轮流实施保温运行,煤炭鑫观点
2018-08-14,【安信煤炭 周泰团队】日报：7月全国原煤产量同比下降2%,泰度煤炭
2018-08-14,8月14日突破半年线个股乖离率排名一览表 今日32只A股价格突破半年线,股城网
2018-08-14,216股破净 126只市净率低于0.9,证券时报网
2018-08-13,机械制造：工程机械板块稳定增长 荐5股,申万宏源
2018-08-09,平安研报20180809,平安研究
2018-08-09,[强于大市评级]煤炭行业专题报告：以史为鉴：技术成熟+油价高位 布局煤化工正当其时,中财网
2018-08-07,273亿再加仓 五概念受追捧或成主线,证券之星
2018-08-07,焦炭价格持续大涨 焦炭龙头股票有哪些？,金融界
2018-08-06,杠杆资金逆市增仓5股 8股三季度净利润或继续增长,证券时报
2018-08-06,融资客最看好个股一览,证券时报
2018-08-06,财融汇·早间必读 | 20180806,财通证券融资融券部
2018-08-04,三因素助力煤炭股迎火热行情 六股蓄势待发,证券日报
2018-08-04,预期改善 煤炭股修复行情可期,中证报
2018-08-03,三因素助力“煤超风” 8只煤炭股逆市上涨吸金1.7亿,证券日报
2018-08-03,A股跌不停：沪指跌1%，创业板跌1.89%失守1500点,澎湃新闻
2018-08-03,巨丰投顾：深圳成指八连跌 市场谨慎情绪再起,巨丰财经
2018-08-03,资金腾挪板块分化 大盘延续弱势磨底,中证网
2018-08-03,涨停板复盘：创指再创调整新低沪指跌1% 煤炭股领涨,新浪
2018-08-03,上证指数探底回升 创业板指则低位震荡,股城网
2018-08-03,煤炭板块大幅拉升,红周刊
2018-08-03,8月3日大盘午评：猪肉概念股走强 沪指小幅翻红,新浪
2018-08-03,采掘行业涨幅最大,红周刊
2018-08-03,午评：两市下探回升沪指涨0.08% 煤炭开采加工领涨,新浪
2018-08-03,中煤能源预计上半年净利润同比增长50.34%到70.98%,中国煤炭资源网
2018-08-03,【异动股】煤炭板块表现强势 金能科技(603113-CN)涨逾8%,财华社
2018-08-03,快讯：煤炭板块一路上扬 金能科技大涨7.37%,新浪
2018-08-03,整点播报：两市延续震荡 煤炭板块表现强势,中证网
2018-08-03,煤炭板块强势反弹 两股涨停,e公司
2018-08-03,煤炭板块震荡走高 中煤能源领涨,证券时报网
2018-08-03,煤炭板块逆势大涨，平庄能源强势涨停,Wind
2018-08-03,股市快讯：煤化工盘初快速走强 太化股份涨停,中国经济网
2018-08-02,祝贺|北拓资本创始合伙人黄少东入选2018年福布斯中国“30位30岁以下精英”榜单,南方财富网
2018-07-31,[看好评级]机械高频数据周报：国常会强化工程机械景气度延长逻辑 铁路货车招标预期再起,中财网
2018-07-31,煤炭行业周报第124期（201827）：港口库存加速价格下行 煤焦库存压力持续增大,开源证券研究所
2018-07-26,中报观察：油气等价格上涨 增厚能源股喜人业绩,新华网
2018-07-25,"煤炭行业2018年中报前瞻:避险情绪浓厚,优选煤炭龙头绩优股",申万宏源
2018-07-23,中煤能源：2018年上半年业绩预增的进一步公告,Wind
2018-07-23,中煤能源上半年业绩预增 净利润增长50.34%-70.98%,腾讯网
2018-07-23,[看好评级]机械高频数据周报：工程机械景气度延长 关注半导体等新兴产业链,中财网
2018-07-23,近日我司公司债券推介,中信建投固定收益部
2018-07-22,周末要闻：一行两会连出重磅政策 疫苗引发焦虑,网易
2018-07-21,下周半年报业绩一览,中证网
2018-07-20,【安信煤炭 周泰团队】日报：俄罗斯遭遇强降雨，7月份煤炭出口受到影响,泰度煤炭
2018-07-20,晚间重要公告2018年7月20日星期五,Wind
2018-07-20,中煤能源：预计上半年净利同比增逾五成,e公司
2018-07-20,中煤能源上半年业绩预增 增加实现归属于上市公司股东的净利润25.5亿-29亿,腾讯网
2018-07-20,[看好评级]煤炭行业2018年中报前瞻：避险情绪浓厚 优选煤炭龙头绩优股,中财网
2018-07-17,能源电力行业今日要闻一览（7月17日）,Ofweek
2018-07-17,[看好评级]机械行业高频数据周报：新制造高速回暖 长期看好机械行业发展,中财网
2018-07-17,"机械行业2018年周报7月第3期:第三方检测延续高成长趋势,半导体设备迎来历史发展机遇",证券之星
2018-07-15,中小市值成破净重灾区，A股的底在哪里？,经济观察报
2018-07-13,【安信煤炭 周泰团队】日报：6月份全社会用电量同比增长8.0%,泰度煤炭
2018-07-12,07月11日动力煤684.00元/吨 60天上涨13.62%,生意社
2018-07-11,"机械高频数据周报:智能制造看好工业机器人,机械行业进入回暖周期",申万宏源
2018-07-10,【天风煤炭20180711】上半年大秦线完成煤炭运输量2.25亿吨，同比增长7.28%,微信
2018-07-06,中煤能源跌0.66%，创年度新低，报4.53元,腾讯网
2018-07-05,中煤能源跌3.16%，创年度新低，报4.60元,腾讯网
2018-07-03,【安信煤炭 周泰团队】日报：《打赢蓝天保卫战三年行动计划》出台，汾渭平原成为环保新重点,微信
2018-07-03,再施扭亏“绝招”？ 两面针时隔1年拟卖中信证券股票,每日经济新闻
2018-06-26,地产AH股集体暴跌 碧桂园跌逾7%创三个月底,新浪
2018-06-26,6月26日债券市场日报,银行信息港
2018-06-22,焦炭价格达到5个月新高 焦炭概念股有哪些？,南方财富网
2018-06-21,【安信煤炭 周泰团队】山煤国际（600546.SH）：河曲注入，贸易减负，业绩释放可期,微信
2018-06-21,225股破净 136只市净率低于0.9,证券时报网
2018-06-21,"机械设备行业高频数据周报:挖机销量持续超预期,智能制造迎进口替代高峰",申万宏源
2018-06-20,天地科技：受益煤炭价格指数创新高 订单和收入增速或将加速,中国基金报
2018-06-20,动力煤价格延续上涨 四概念股腾飞在即,证券时报
2018-06-19,弱势重质 关注低估值板块,金融投资报
2018-06-15,【安信煤炭 周泰团队】日报：5月中国从纽卡尔斯港进口同比降1.28%,微信
2018-06-15,149股破净 80只市净率低于0.9,证券时报网
2018-06-13,德银：煤炭股基本面仍稳健 重申中国神华(01088.HK)“买入”评级,格隆汇
2018-06-13,中煤能源：纳林河二号煤矿等项目均有望年内投入试生产,中证网
2018-06-12,123股破净 69只市净率低于0.9,证券时报
2018-06-12,"机械设备行业高频数据周报:5月挖机销量再超预期,长期看好智能制造",申万宏源
2018-06-08,恒指跌1.42%跌破31000点 蓝筹股跌幅加深,腾讯网
2018-06-08,中煤能源（01898HK）沽空313.06万港元 | 6月7日,格隆汇
2018-06-04,【中泰煤炭-李俊松&赵坤】煤炭行业供给专题研究报告:2018年预计新增产量约1亿吨，区域供需矛盾加剧,中信建投
2018-06-04,破净股数量增至105只 不破不立“三破”股机会隐现,证券日报
2018-06-03,A股破净股已多达115只！半月来增加40%,--
2018-06-03,[买入评级]陕西煤业(601225)深度研究：优秀业绩兼价量弹性 价值投资看陕西煤业,中财网
2018-06-03,底部近了？A股“入摩”首日，外资抄底优质股,凤凰网
2018-06-01,[买入评级]煤炭开采Ⅱ行业深度报告：供需面平衡或略偏紧 行业估值创历史新低,中财网
2018-06-01,建滔积层板纳入MSCI中国指数 惟现急跌6％,经济通
2018-05-31,中煤能源(01898-HK)拟公开发行不超30亿元第二期公司债,财华社
2018-05-31,恒指巨量大涨1.4%，能源、消费股领涨大市,Wind
2018-05-31,“破净”阵营增至111只 创业板重现破净股,大众证券报
2018-05-30,破净数达110只近历史峰值 南风股份成创业板首破净股,新浪
2018-05-28,[看好评级]机械高频数据周报：机器换人大势所趋 重点推荐各细分领域龙头,中财网
2018-05-28,[优于大势评级]机械设备行业周报：对美油气进口增加 利好国内页岩气以及天然气产业链发展,中财网
2018-05-24,【安信煤炭周泰团队】日报：4月份中国进口炼焦煤454万吨，同比降45.34%,微信
2018-05-24,收评：恒指震荡收涨0.31%　阿里影业大涨逾30%,中证网
2018-05-24,[数说]巨无霸上市A股下跌概率87% 富士康重演中石油?,中国经济网
2018-05-24,煤炭行业进入淡季 股市期市双双下挫,证券时报
2018-05-23,收评：受石油煤炭股拖累　恒指低开低走大跌1.82%,中证网
2018-05-22,沪深两市破净股降至79只 机构认为阶段性底部或筑就,中国经济网
2018-05-21,A股重要见底信号来了？揭秘历史上5次见底特征,顶尖财经网
2018-05-21,[看好评级]机械高频数据周报：1-4月挖机销量创历史同期第二 龙头地位凸显行业集中度进一步提升,中财网
2018-05-21,财融汇·早间必读|20180521,财通证券融资融券部
2018-05-20,煤炭石油：全年供给依然有限 荐7股,中泰证券
2018-05-19,煤炭库存降至历史低位两类股机会凸显,顶尖财经网
2018-05-19,煤炭库存降至历史低位 两类概念股迎建仓良机,证券日报
2018-05-18,83股破净 48只市净率低于0.9,证券时报
2018-05-18,港股异动︱需求增长促煤价上涨 兖州煤业（01171）涨逾5%居首,智通财经
2018-05-18,[推荐评级]煤炭开采行业日报：日耗接近旺季峰值 沿海运价继续暴涨,中财网
2018-05-17,中煤能源(01898-HK)将于18日在上交所上市15亿元公司债券,财华社
2018-05-17,中国煤炭产量增加 进口限制令之后矿企增产,上海有色
2018-05-16,上证综指逼近3200点 蓝筹成长机会相当均衡配置,中证网
2018-05-16,名单调整吹响“入摩”集结号 蓝筹成长各具优势,中证报
2018-05-16,"机械高频数据周报:4月挖机销量同比增速超预期,5月CMI指数稳步扩张",申万宏源
2018-05-15,MSCI指数纳A新增成份股、剔除成分股一览(名单),新浪
2018-05-15,MSCI中国A股在岸指数成分股变动全名单,顶尖财经网
2018-05-14,证券研究院|乐视网不退市的路或只有两条,腾讯网
2018-05-14,中煤能源4月商品煤销量升13% 产量升近7%,经济通
2018-05-14,央行出手释重磅信号 抄底号角已吹响(附股),中证报
2018-05-13,82只破净股:银行股最集中市场离底部还有多远,顶尖财经网
2018-05-10,收评：恒指高开高走涨0.89% 腾讯涨近3%重返400港元,中证网
2018-05-10,中煤能源2018年公开发行公司债券（第一期）发行结果公告,钢联资讯
2018-05-10,煤炭供给侧改革效果显著,工业新闻网
2018-05-10,"山西焦化:业绩大增25倍,收购带动盈利改善",正点财经
2018-05-10,融资客青睐52股，健民集团买入占比高达47.82％,Wind
2018-05-10,72股破净平均打“九折” 银行地产成为“重灾区”,投资快报
2018-05-09,融资客看好48股 买入占成交超三成,证券时报
2018-05-08,【SMM分析】煤炭起舞领涨黑色 贸易商囤货投机需谨慎,上海有色
2018-05-08,放开煤炭划定矿区范围审批，推进优质产能释放,第一财经
2018-05-08,动力煤价格持续反弹 哪些动力煤概念股将受益？,金融界
2018-05-08,【实战传真】热点追踪：喜迎谷歌科技盛会，关注智能驾驶板块,国元财富管理
2018-05-08,东北证券 【策略】A股|B股|港股|期权 投资锦囊,东北证券金融世界
2018-05-08,牛市早报｜军工科研院所转制开始，千山药机实控人再遭强平,澎湃新闻
2018-05-07,动力煤价格持续反弹 行业盈利能力望改善,e公司
2018-05-04,中煤能源(01898.HK)拟发行不超30亿元公司债,格隆汇
2018-05-04,30家煤企去年大赚891亿元 中国神华净利450亿元分红181亿元,证券日报
2018-05-02,[看好评级]机械高频数据周报：一季报持续超预期 五小龙表现亮眼,中财网
2018-04-28,中国中煤能源股份有限公司2018年第一季度报告正文,证券日报
2018-04-27,中煤能源：一季度净利润同比增20.48%,Wind
2018-04-27,山西煤电重组开闸：江苏国信控股山西部分煤企成现实,新浪
2018-04-25,一财点睛｜继续退出落后煤炭产能，龙头受益先进产能释放,第一财经
2018-04-23,[看好评级]机械高频数据周报：一季报业绩亮眼 机械板块复苏确定性高,中财网
2018-04-19,港股全日总结：恒指升424点资源股及半导体股造高,理财18
2018-04-19,[买入-A评级]山西焦化(600740)年报点评：业绩符合预期 关注投资收益,中财网
2018-04-19,商品市场黑色系表现抢眼 焦煤焦炭价格走强(受益股),金融界
2018-04-18,[看好评级]煤炭行业周报：供旺需弱 煤价继续寻底;进口煤受限 利好效应有待发挥,中财网
2018-04-18,兖州煤业早前获瑞银推荐 现升3%,新浪
2018-04-18,[中性评级]机械高频数据周报：先进制造进入发展机遇期 “三新”策略看多机械行业,中财网
2018-04-17,中煤能源(01898-HK)前三月商品煤销量同比增29%,财华社
2018-04-16,煤炭股票有哪些？煤炭概念股龙头一览,财富动力网
2018-04-16,"进口煤""限制令""再度升级 六股迎来绝佳机会",经济观察网
2018-04-16,中国神华下跌4% 内地去6200万吨煤炭产能,新浪
2018-04-16,中煤能源2017年聚烯烃产量突破2166吨创新高,电力新闻网
2018-04-12,[谨慎增持评级]中煤能源(601898)年报点评：17年净利同比增19% 关注在建煤矿投产进程,中财网
2018-04-10,今日破净个股一览（2018年4月10日）,证券时报
2018-04-08,[买入-A评级]山西焦化(600740)公司快报：资产收购完成 10倍PE焦煤股,中财网
2018-04-08,"山西焦化:资产收购完成,10倍PE焦煤股",安信证券
2018-04-05,钢铁等四行业国企利润大增 国企改革概念股龙头股,证券之星
2018-04-05,钢铁等四行业国企利润大增 六股业绩向好底子硬,证券之星
2018-04-04,中煤能源、中国诚通、新兴际华3家央企董事、外部董事变动,中国经济网
2018-04-03,杨列克不再担任中国中煤能源集团副总经理(图|简历),中国经济网
2018-04-03,90家大型煤企2017年利润大增4.5倍,国家煤化工网
2018-04-03,煤炭去产能新动向 河北省年内退出产能1062万吨,证券日报
2018-03-31,三月创业板指创两年最大月涨幅 四月机构扎堆看好银行等四行业,中财网
2018-03-31,逾半数采掘股被机构看好 六股业绩优良蓄势待发,证券日报
2018-03-30,煤炭板块反弹几率逐步增加 煤炭概念股龙头股一览,南方财富网
2018-03-30,钢铁等四行业国企利润大增机构力荐13只潜力股,证券日报
2018-03-29,去年规模以上煤企利润总额近3000亿元 中国神华日赚过亿元净利达450亿元,证券日报
2018-03-29,去年利润总额增近三倍 煤炭行业仍有这些问题,第一财经日报
2018-03-29,煤企债转股协议何以难落地,证券时报
2018-03-28,90家大型煤企2017年利润大增4.5倍,证券日报
2018-03-26,机构为何反复推这些股票 200余份年报告诉你真相,中财网
2018-03-23,招商煤炭|中煤能源2017年报点评——中煤平朔盈利下滑，在建工程投产看点多,招商煤炭
2018-03-22,54股破净 28只市净率低于0.9,证券时报
2018-03-22,【煤炭-中煤能源(601898)】李俊松、陈晨（联系人）：年报点评：大额计提影响当年业绩，未来多项目投产成长性看好0322,微信
2018-03-21,中煤能源：中长期值得关注 增持评级,安信证券
2018-03-21,招商证券：等待回调时点布局优质成长龙头,中证网
2018-03-21,[增持-A评级]中煤能源(601898)年报点评：业绩不断改善 中长期值得关注,中财网
2018-03-21,[中性评级]中煤能源(601898/01898.HK)年报点评：专项储备使用减少 2017年A股业绩低于预期,中财网
2018-03-21,21日盘前利好消息速递（更新中）,证券时报网
2018-03-21,最新公告透露利好 11只个股有潜力（3.21）,中证网
2018-03-21,中煤能源(01898-HK)去年盈利倍增末期息息5.5分,金融界
2018-03-20,中煤能源：2017年年度主要财务指标,金融界
2018-03-20,中煤能源(01898-HK)全年净利24.14亿元同比增近二成 拟每股派0.055元(含税),财华社
2018-03-20,中煤能源：去年营收超811亿 净利同比增19%,e公司
2018-03-20,中煤能源(01898-HK)拟1.91亿向关联方转让资产,财华社
2018-03-20,中煤能源(01898)2017年扣非后的净利增91.5% 今年营收力争增长5%以上,智通财经
2018-03-20,中煤能源：2017年净利润同比增19.08%,Wind
2018-03-20,[看好评级]机械行业高频数据周报：2018年“三新”驱动机械制造 对应板块受益,中财网
2018-03-19,51股破净 26只市净率低于0.9,证券时报
2018-03-16,中煤能源(01898-HK)2月份商品煤销量1291万吨 同比增23.5%,财华社
2018-03-16,香港恒生指数收盘下跌0.1% 报31501.97点,红周刊
2018-03-15,46股破净 26只市净率低于0.9,证券时报网
2018-03-14,【Chuancai Research】China Market Weekly Outlook,川财研究
2018-03-13,中煤能源、招商局、中国电信等6家央企外部董事任免,中国经济网
2018-03-13,[看好评级]机械行业高频数据周报：2月挖机国内销量回落仍超预期 国外市场出口量翻倍,中财网
2018-03-10,富士康上市“后会有期”？可看看“前辈”是啥表现,重庆商报
2018-03-09,PPI揭秘最新走势 建筑材料等四行业出厂价上升有潜力,证券日报
2018-03-09,中国神华获大和唱好 现升逾2%,新浪
2018-03-08,"机械高频数据周报:从新消费、新制造、新周期角度寻找投资机会,工业互联网进入政策蜜月期",申万宏源
2018-03-07,[推荐评级]采掘行业周报：焦煤价格支撑较强 动力煤价下行压力增加,中财网
2018-03-07,3月7日债券市场日报：市场开始活跃,银行信息港
2018-03-05,兖煤升近3% 两会提出煤炭今年减产能,新浪
2018-03-02,兖州煤业早前被大摩唱淡 突跌6%,新浪
2018-02-28,高盛料MSCI中国指数企业今年会有18%盈利增长 看好中海油及国泰等(附表),金融界
2018-02-27,"机械高频数据周报:工程机械企业过年不停工,持续看好挖机2月销量预期",申万宏源
2018-02-26,古中人：「盈喜」郑煤机可吼,金融界
2018-02-25,工信部制定甲醇汽车领域标准 六股有掘金机会,证券时报网
2018-02-23,53股破净 33只市净率低于0.9,证券时报
2018-02-23,煤化工午后异动走强 蓝焰控股触及涨停,中国经济网
2018-02-23,银河国际-交易机会:较大机会跟随大盘反弹的中盘股,正点财经
2018-02-23,机械制造：机械跑赢大盘迎增长新机遇 荐18股,申万宏源
2018-02-22,兖煤逆市反弹近5% 内地动力煤期货现货价回升,新浪
2018-02-22,[增持评级]煤炭行业周报：美国万亿基建投资或刺激三月行情,中财网
2018-02-14,申万宏源：挖机1月销量超预期 机械跑赢大盘迎新机遇,金融界
2018-02-13,中国神华六连跌后反弹逾半成 升破50天线,新浪
2018-02-12,南华金融：恒指现锤头 走势冀喘定,金融界
2018-02-12,220只个股跌破发行价 127只个股破发幅度超20%,财富动力网
2018-02-12,煤炭产能置换政策出台，龙头受益先进产能释放,第一财经
2018-02-12,220只个股跌破发行价，不破不立细捡“三破”股投资机会,证券日报
2018-02-12,220只个股跌破发行价 细捡“三破”股投资机会,证券日报
2018-02-09,权重砸盘，价值投机谢幕，年报披露日引爆风险点,--
2018-02-09,煤炭石油：煤价上涨促煤企业绩大增 荐4股,申万宏源
2018-02-09,沪指跌破3100点，中字头拖累上证50重挫逾6%,第一财经
2018-02-09,[看好评级]煤炭行业2017年年报业绩前瞻：煤价上涨促煤企业绩大增 “春季躁动”首推焦煤低估值标的,中财网
2018-02-09,中字头板块沦陷 中国太保等22股跌逾6%,新浪
2018-02-09,中煤资产揭牌 煤炭行业重组整合将成为热点,电缆网
2018-02-09,业内人士分析：煤炭业内的资源整合或由中煤集团牵头,21世纪经济报道
2018-02-09,中煤资产在京揭牌 煤炭央企整合提速,21世纪经济报道
2018-02-08,降杠杆，又一重武器亮相，这次真动格了……,--
2018-02-08,2月8日收盘研报精选 这10股值得关注！,中财网
2018-02-08,机构推荐：周五（2月10日）最具潜力金股-第3页,中证网
2018-02-08,券商晚间评级：满仓7股待飙涨,中财网
2018-02-08,券商评级:权重大跌沪指失守年线 9股聚焦,证券之星
2018-02-08,国务院部署市场化债转股降杠杆 债转股概念股有哪些？,证券日报
2018-02-07,今日A股市场破净个股一览（2018年2月7日）,证券时报网
2018-02-07,[买入评级]山西焦化(600740)公司动态报告：收购优质焦煤矿股权 煤焦产业链全面布局,中财网
2018-02-07,兖煤遭邓普顿减持 现逆市挫逾半成,新浪
2018-02-07,[推荐评级]采掘行业点评：国改主题持续发酵 板块基金配置空间仍较大,中财网
2018-02-07,"采掘行业周报:钢厂焦煤库存较低,焦煤价格调整空间有限",中证网
2018-02-07,[看好评级]机械高频数据行业周报：机械盈利能力修复明显 回调带来布局良机,中财网
2018-02-07,产煤用煤大省“联姻”：六大能源国企合组苏晋能源公司,国际煤炭
2018-02-06,[推荐评级]煤炭行业点评：动力煤价涨速加快 把握三条主线,中财网
2018-02-06,恒指巨量收跌5.1%，创2年半最大单日跌幅,Wind
2018-02-06,[强于大市评级]机械行业周报：煤企盈利改善推动煤机需求增加 煤机市场回暖有望延续,中财网
2018-02-06,盘前有料｜美股暴跌、阿里入股万达电影、京东无人机…… 今日投资机会有哪些？,证券时报网
2018-02-06,一个月内A股公司资产重组逾3000起13起批,顶尖财经网
2018-02-05,46股破净 22只市净率低于0.9,证券时报网
2018-02-05,传发改委计划限制电煤港口价格 兖州煤业现倒升逾1%,新浪
2018-02-05,领跑港股大市 恒生能源业指数一枝独秀,中证报
2018-02-03,中石油“铁树开花” 周期股有望迎来春季攻击潮,红周刊
2018-02-02,今日29只个股突破年线,证券时报网
2018-02-02,今日49只个股突破半年线,证券时报网
2018-02-02,煤炭股早盘集体走强 山西焦化涨逾8%,中国经济网
2018-02-01,传化陆鲸成功入选第一批“供应链电子商务百佳案例”,财经网
2018-02-01,煤价超过2017年最高点：涨势仍在继续供需全年紧平衡,中证报
2018-02-01,中煤能源后续外延扩张可期,中证报
2018-02-01,结构性短缺推高煤价铁路运输成瓶颈,中证报
2018-01-31,38股破净 18只市净率低于0.9,证券时报网
2018-01-30,煤炭采选板块探底回升 山西焦化涨超9%,证券时报网
2018-01-30,沪指冲高回落要变天？多家机构称仍将上行,金融界
2018-01-29,煤炭股携手钢铁股逆势大涨 周期股行情“春意盎然”,中证报
2018-01-29,33股破净 11只市净率低于0.9,证券时报网
2018-01-29,恒指收跌0.56%失守33000关口 中国平安领跌蓝筹,金融界
2018-01-29,供暖季全面深入 把握煤炭板块投资机会（附股）,金投网
2018-01-29,港股资源股涨势凌厉 兖州煤业股份盘中涨逾10%,证券时报网
2018-01-29,煤炭板块活跃走强 机构：三条主线把握投资机会(附股),中金在线
2018-01-29,一招增加上亿利润 你根本挑不出毛病而且合法合规,金融界
2018-01-28,能化企业信息汇总（1月22日-1月26日）,我的钢铁
2018-01-27,央企重组或成2018年重头戏 谁将成为下一个焦点？,证券日报
2018-01-26,28股破净 10只市净率低于0.9,证券时报网
2018-01-26,山西焦化收购中煤华晋49%股权获批,中证报
2018-01-26,山西继续退出煤炭过剩产能，龙头受益先进产能释放,第一财经
2018-01-25,29股破净 10只市净率低于0.9,证券时报网
2018-01-25,煤炭石油：关注兼并重组 荐8股,中银国际
2018-01-25,高层释放重磅利好 三因素促创业板底部金叉-更新中,中财网
2018-01-25,兖煤上涨4% 第四季商品煤销量增逾三成,新浪
2018-01-25,煤炭采选板块走势活跃 陕西煤业涨超4%,证券时报网
2018-01-25,国企年度数据标出白马牧场 三行业强势显现,证券日报
2018-01-25,"煤炭行业周报:经济韧性足,煤炭需求超预期,关注兼并重组",证券之星
2018-01-24,联合资信维持中煤能源AAA评级,中证报
2018-01-24,兖州煤业早前获野村升目标价 现升4%,新浪
2018-01-24,12部委力推兼并重组 煤炭产业链上下游将洗牌,证券日报
2018-01-24,煤炭供需矛盾激化煤价再次飞起来 六股将受益,证券日报
2018-01-22,AH股比价：3只个股股价倒挂,证券时报网
2018-01-22,兖煤此前获大摩续予持平 现仍涨逾4%,新浪
2018-01-19,南华金融：重型机械提价可留意中联重科等,金融界
2018-01-18,智通港股公告精选︱1月18日,智通财经
2018-01-18,一财研选｜利空释放、供需健康，这个板块已无大幅下跌可能！,第一财经
2018-01-18,28股破净 16只市净率低于0.9,证券时报
2018-01-18,煤炭行业周报:再度被压制的动力煤,正点财经
2018-01-18,银河证券晨会纪要-180118,银河证券
2018-01-18,【晨会纪要】策略丁文 银河证券晨会纪要—20180118,中国银河证券研究
2018-01-17,32股破净 16只市净率低于0.9,证券时报网
2018-01-17,43只股中线走稳 站上半年线,证券时报网
2018-01-16,兖州煤业现升6% 券商分析料短期煤价仍将高位波动,新浪
2018-01-16,国际油价持续上涨 重点关注民营油服龙头(附股),金融界
2018-01-15,煤炭消费旺季，山东山西多家大型煤企下调煤炭价格15元/吨,澎湃新闻
2018-01-15,煤炭行业周报：2017年煤炭进口同比增加6%,中财网
2018-01-15,继神华&国电之后 中核集团与中核建集团将联姻,世纪新能源
2018-01-15,兖煤急回逾4% 此前券商首予买入,新浪
2018-01-15,业内预计节后煤炭供需较宽松,联合钢铁网
2018-01-15,多家大型煤企下调煤炭价格 保障节前保供补库需求,中证报
2018-01-12,山西五大煤企集体调煤价降15-20元/吨保供(名单),中财网
2018-01-12,12部委力推 煤炭业兼并重组大潮将起,新京报
2018-01-10,31股破净 16只市净率低于0.9,证券时报网
2018-01-09,煤炭石油：基本面强势 荐8股,中银国际
2018-01-09,深度*行业*煤炭行业周报：基本面强势政策利好助力风险偏好提升,中财网
2018-01-09,中煤有望率先进行行业大整合，11家央企或成重组重点,--
2018-01-09,中煤集团有望率先进行行业大整合，11家央企或成重组重点,证券日报
2018-01-09,开年即逼空莫非是井喷之年?,中财网
2018-01-09,港股上演“煤飞色舞” 再刷10年高,投资快报
2018-01-09,中煤集团有望率先进行行业大整合,证券日报
2018-01-08,港股复盘：恒指10日连升 牛市短线意犹未尽,格隆汇
2018-01-08,机械制造：轨交板块确定性高 荐6股,申万宏源
2018-01-08,29股破净 17只市净率低于0.9,证券时报网
2018-01-08,收评：恒指涨0.28%盘中再刷10年高 港交所大涨3%,新浪
2018-01-08,港股资源股普涨 兖州煤业涨逾11%,证券时报网
2018-01-08,南华金融：安徽海螺水泥及华润水泥同发盈喜,金融界
2018-01-08,港股煤炭股大涨，兖州煤业涨10.3%,证券之星
2018-01-08,快讯：12部委共推煤企兼并重组 兖州煤业大涨超10%,新浪
2018-01-08,兖州煤业上升6%创近5年高 野村续吁买,新浪
2018-01-08,快讯：煤化工早盘快速走强 延长化建涨停,中国经济网
2018-01-08,暴雪降温兼重组煤炭企业迎机遇 六股受益,中证报
2018-01-05,暴雪影响冬煤运输 煤价看涨情绪高涨(受益股),证券时报
2018-01-04,股市快讯：煤炭板块午后走强杭氧股份涨停,中国经济网
2018-01-04,机械高频数据周报：全球产业链重构视角下投资机械具备优势竞争力企业,中财网
2018-01-04,一季度煤价料持续高位年报行情或提前启动(受益股),中证报
2018-01-03,南华金融：动力煤消费旺盛有利煤炭股中国中铁前景可期值推荐,金融界
2018-01-01,取暖用煤进入高峰时段6股绝佳布局良机,证券日报
