date,sentence,col3
2021-12-31,建行广州分行服务专业市场，畅通金融“活水”,信息时报
2021-12-31,光启技术提名李华峰担任独董候选人,乐居财经
2021-12-31,数字金融周报|央行要求通过直播渠道营销金融产品需有资质,WEMONEY研究室
2021-12-31,2021年十大牛股和熊股出炉，最牛股大涨566%,Wind
2021-12-31,2.9亿元！ 伍家城投老旧小区改造贷款获批,搜狐
2021-12-31,奥哲荣获中国软件网「2021中国金融科技低代码厂商状元奖」,凤凰网
2021-12-31,南山控股累计实际发生对外担保总额224.59亿元 占净资产236.75% 大额借贷担保,观点地产网
2021-12-31,建行重庆市分行：志在立新功 凝聚磅礴奋进的建行力量,凤凰网
2021-12-31,中国邮储银行、中国建设银行发布重要公告！,每日经济新闻
2021-12-31,中国建设银行佛山市分行普惠金融助力企业高质量发展,搜狐
2021-12-31,建行以消费帮扶助力乡村振兴,中国金融新闻网
2021-12-31,金蝶(00268)签约建信金融科技，助力构建中国建设银行智能财务新系统,智通财经
2021-12-31,中毅达子公司申请2.5亿元授信额度暨关联交易,电鳗快报
2021-12-31,银行业持续为“三农”输送金融“活水”,中国金融新闻网
2021-12-31,建设银行“善担贷”为湖北小微经济体投放贷款超10亿元,新华网
2021-12-31,铁打的银行流动的高管，“年轻时代”走上C位,Wind
2021-12-31,2022年绿债或将跳跃式发展，国际化步伐加快,Wind
2021-12-31,21家银行勠力14万亿绿色信贷，7家头部银行占比超七成,Wind
2021-12-31,21家银行勠力14万亿绿色信贷 7家头部银行占比超七成,21世纪经济报道
2021-12-30,银行APP掀起“瘦身”潮！,中国银行保险报
2021-12-30,中国建设银行最新公告：12月31日下午16：30起自营实物贵金属业务停止交易，2022年1月2日恢复正常,金融界
2021-12-30,建行济宁分行济宁交通医院“智慧银医通”项目成功上线,搜狐
2021-12-30,第二轮合肥消费券明日发放：资金 1200 万元,IT之家
2021-12-30,建行合肥城东支行成功落地省交控集团10亿元信托融资项目,搜狐
2021-12-30,速看！中国建设银行、中国工商银行发布最新公告！,每日经济新闻
2021-12-30,建行广州荔湾支行: 科技赋能，打造老城普惠金融发展新引擎,新快报
2021-12-30,建行发布实物贵金属业务2022年元旦节假日期间交易安排公告,Wind
2021-12-30,建设银行：2021年12月31日（周五）下午16:30起，自营实物贵金属业务（含“易存金”）停止交易,金十数据
2021-12-30,2021年“皖美消费·合肥购” 第二轮消费券来啦,搜狐
2021-12-30,大行点评｜摩根大通下调建行目标价8元 | 头条金融网 机构下调估值,头条日报
2021-12-30,62万亿资管巨头出手！又一只公募基金获批，投向确定,Wind
2021-12-30,建行信用卡：以高质量发展 服务新发展格局,第一财经
2021-12-30,建行马鞍山市分行获批全省系统内首笔“园区贷”,搜狐
2021-12-30,建行巢湖开发区支行投放巢湖市分行首笔“皖农?云担通”贷款,搜狐
2021-12-30,政银合作新篇章，便民服务新举措,荔枝网
2021-12-30,银行App本地生活服务场景“加减法”,零壹财经
2021-12-30,建设银行中山市分行智能风控实现赋能减负,搜狐
2021-12-29,建行中山市分行深入践行普惠金融新机制、新模式,搜狐
2021-12-29,建设银行阿里分行被罚 超过期限或未报送账户资料 金融监管处罚,中国经济网
2021-12-29,建行重庆市分行：勇向潮头立 建设新型都市的“智慧心脏”,凤凰网
2021-12-29,建设银行第三季度在山西个人贷款类业务投诉居国有大型商业银行首位,中国经济网
2021-12-29,中国区域金融力排行榜：北京登顶，江浙紧逼,Wind
2021-12-29,建行内蒙古分行：为内蒙古高质量发展提供“建行力量”,中国金融新闻网
2021-12-29,Yiwealth面向百家金融机构免费提供百万元智能内容产品及服务，打造财富管理行业智慧运营新基建,第一财经
2021-12-29,湖南邵阳供应链金融助企业腾飞,中国金融新闻网
2021-12-29,建行与国家知识产权局签署战略合作协议,中国金融新闻网
2021-12-29,个人养老金“活水”浇灌资本市场叶茂花开,Wind
2021-12-29,近2500个银行网点关停背后：科技、管理人才求贤若渴,Wind
2021-12-28,上海清算所董事长谢众赴中国建设银行开展调研,上清所
2021-12-28,南向资金今日净卖出17.11亿港元，建设银行净卖出3.88亿港元居首,Wind
2021-12-28,全链条试点、全产业试点推进 海南建行加大推广数字人民币惠及百姓生活,海南在线
2021-12-28,英洛华存三大问题遭监管警示 股价翻倍后连续三天下跌 其他违规处罚,长江商报
2021-12-28,不香了！今年一年内近2500个银行网点关停,Wind
2021-12-28,王文永担任甘肃省联社理事长，今年已有7省省联社更换一把手,澎湃新闻
2021-12-28,建设银行联合主办保障性租赁住房REITs研讨会,中国金融新闻网
2021-12-28,银行周榜｜建行、工行、中行“逐鹿”微信榜,中国银行保险报
2021-12-28,建行江西省分行推动贸易外汇便利化见成效,中国金融新闻网
2021-12-28,建设银行旗下重磅APP宣布下线！服务关停 经营问题,快科技
2021-12-28,建行重庆市分行：风正一帆悬 做建功新时代的金融先锋,凤凰网
2021-12-28,中国建设银行佛山市分行聚焦主业主责，加快服务实体经济,搜狐
2021-12-28,国家知识产权局与建设银行签署合作协议,Wind
2021-12-28,国家知识产权局与建设银行签署合作协议,证券时报网
2021-12-28,迈入4.0时代：银行业逐鹿金融科技发展,新浪
2021-12-28,减少消费者选择焦虑，银行App爱“瘦身”更爱财富管理,Wind
2021-12-28,从供给端入手加大住房租赁金融支持力度,Wind
2021-12-27,又有银行APP下架了，未来手机银行能干啥？ 产品问题,中证报
2021-12-27,银行兴起数字极简风：“智能手机App恐惧症”终于有救了,第一财经
2021-12-27,建行广州荔湾支行：新金融力量助力茶商腾飞,信息时报
2021-12-27,接连下线，银行APP“分久必合”？,丁丁创e
2021-12-27,建信信托发挥金融优势，积极服务乡村振兴,今日头条
2021-12-27,银行APP整合成趋势：建行龙支付迁移仍有10多个APP，为何这么多？,21世纪经济报道
2021-12-27,立足新发展阶段 践行新金融理念,南方日报
2021-12-27,建设银行开封分行被罚 违反反洗钱管理规定等 金融监管处罚,中国经济网
2021-12-27,2021基金业大变局，十大关键词描摹“黄金时代”,Wind
2021-12-26,【中信建投银行杨荣】理财子产品发行指数周报第40期：《发行数量继续回落，合资理财子布局权益市场》,eResearch杨荣团队
2021-12-26,这家大行低调下线一款支付类App 手机银行“瘦身”会成为趋势吗,北京商报
2021-12-26,又一大行APP下线,Bank资管
2021-12-26,数字人民币试点工作稳步推进 多地商家玩出新花样,证券日报之声
2021-12-26,“关银一KEY通”川渝一体化项目启动 川渝实现“电子口岸卡”业务跨区通办,每日经济新闻
2021-12-26,专题：TLAC之下，银行资本工具发行需求有多大？,志明看金融
2021-12-26,冬奥会倒计时，这一领域有望迎来千亿级投资机会（附个股）,Wind
2021-12-26,时隔十年监管再发私行专营牌照，银行零售业务破局路在何方？,Wind
2021-12-25,中国建设银行佛山市分行积极推进支持顺德发展新方案落地见效,搜狐
2021-12-25,多家银行手机APP“瘦身”背后，是“无奈”之举还是转型阵痛？ 经营问题,中新经纬
2021-12-25,又有银行App关停 “减法”如何为提升客户服务加分？,中国金融新闻网
2021-12-25,建设银行宣布：龙支付APP（个人版）将下线，功能、权益等将迁移至其他APP,每日经济新闻
2021-12-25,中国上市公司500强：银行包揽前四，85家利润超100亿元,腾讯网
2021-12-25,用成长思维服务科技型企业 建行多措并举护航科创企业,中国经营报
2021-12-25,佛山建行丰富客户增值服务,搜狐
2021-12-24,【银华基金】交易日报 2021-12-24,新浪
2021-12-24,12月资金动向追踪：中小市值受青睐，两大产业链流出严重！,--
2021-12-24,建行大连市分行不断提升应收账款服务平台推广实效,中国金融新闻网
2021-12-24,温彬：国内系统重要性银行的认定及其对银行业的影响,新浪
2021-12-24,A股11年最大IPO中签出炉，战投机构狂买243亿,Wind
2021-12-24,赵勇走访“建设银行”,东方网
2021-12-24,建行绿色金融 筑就美好生活,荔枝网
2021-12-24,回眸2021：银行业在自我革新中实现新突破,中国金融新闻网
2021-12-23,中国建设银行佛山市分行运用金融科技开创“大普惠、新普惠”新格局,搜狐
2021-12-23,银行客户分级进一步精细化 如何破局“二八效应”与“长尾客群”？,21世纪经济报道
2021-12-23,建设银行：刘军、邓艾兵当选职工代表监事,每日经济新闻
2021-12-23,盘活资金各有招，这些上市公司做起了“应收账款”生意,新浪
2021-12-23,建设银行(00939.HK)：选举王毅等担任职工代表监事,格隆汇
2021-12-23,建设银行：职工代表监事任职变动,Wind
2021-12-23,济宁建行微山支行：异地房产抵押助客户便捷获得信贷,搜狐
2021-12-23,办卡还要捐款？监管严禁银行开卡捆绑其他业务　霸王条约该终结了,时代周报
2021-12-23,中国建设银行、中国农业银行发布重要公告！,每日经济新闻
2021-12-23,为小微企业发展“亮绿灯”！多家银行调整询证函类业务收费标准,《商学院》杂志
2021-12-23,让“绿”的底色凸显“美”的靓色,中国金融新闻网
2021-12-23,建行数字化金融服务平台支持小微企业快速成长,中国金融新闻网
2021-12-22,今世缘“豪掷”近14亿委托理财 其中一笔房地产信托会踩雷吗？ 投资失误,21世纪经济报道
2021-12-22,国际实业：7个银行账户被邳州市人民法院诉前保全，冻结金额1292.03万元,Wind
2021-12-22,审计署：建设银行原投资总监王贵亚涉嫌弄虚作假违规操作并收受钱款 金融监管处罚,中华网
2021-12-22,建行广州荔湾支行：普惠引领，新金融助力茶商腾飞,新快网
2021-12-22,建设银行对接一网通办 “政务+金融”优化营商环境,面包财经
2021-12-21,三项重磅签约，强力助推中创新航再次开启跨越式发展的新篇章,Ofweek
2021-12-21,中再资环收购幕后 淮安华科董事长邵其亮妻子内幕交易 董监高成员异常事件,中国经济网
2021-12-21,天阳科技：公司已经参与到建行的数字货币技术开发与测试中,Wind
2021-12-21,“宁王”见顶了？两日市值蒸发1300亿，落后建设银行退居A股第四,AI财经社
2021-12-21,就这类业务 建设银行、工商银行、农业银行年底发布重要公告,中投网
2021-12-21,建设银行依托集团优势 开拓“三农”融资新渠道,面包财经
2021-12-21,建行贵州省分行新金融行动助力打造科技创新高地,中国金融新闻网
2021-12-21,银行周榜｜建行、工行“华山论剑”，兴业银行连遇强敌,中国银行保险报
2021-12-21,监管收紧下多银行暂停智能投顾业务 少数银行能正常提供服务或涉“无证驾驶” 其他违规处罚,搜狐
2021-12-21,中金固收：高收益地产波动再现，投资级交投清淡,Wind
2021-12-21,建行对50家直管单位一把手开展政治谈话 某省分行行长称“听得人额头直冒汗”,新浪
2021-12-20,“五联”共建引“活水”金融创新保“苹”安,期货日报网
2021-12-20,邮政储蓄银行、中国建设银行发布公告！,每日经济新闻
2021-12-20,建设银行(00939)：林鸿获任股东代表监事,智通财经
2021-12-20,甘肃银行行长将变动：现任行长王文永拟任省管企业董事长,澎湃新闻
2021-12-20,“加梯贷”惠民生 老旧小区加装电梯按下“快进键”,新民网
2021-12-20,大商所与建设银行合作创新服务中小微企业贸易融资,新浪
2021-12-20,中烟新商盟携手大中华金融直播助农，助力乡村振兴,凤凰网
2021-12-20,建设银行拟每股优先股派发现金股息人民币4.75元（含税）,资本邦
2021-12-18,国投瑞银两只权益类基金变更掌门，主动权益团队领军人物难寻 基金经理离任,红周刊
2021-12-18,备战信贷“开门红”，银行开辟“专精特新”战场,Wind
2021-12-17,“建行好生活 ‘橙’意惠云南”——“建行生活”在云南全省正式开城,云南经济日报
2021-12-17,南方轴承(002553.SZ)：拟向建设银行申请1.2亿元授信额度,格隆汇
2021-12-17,北京：使用建设银行卡提取住房公积金延迟到账,新京报
2021-12-17,建设银行现1笔大宗交易 共成交530.00万元,新浪
2021-12-17,建行新模式助力涉外企业“走出去”,搜狐
2021-12-17,建设银行今日大宗交易成交100万股，成交价5.3元折价9.09%,Wind
2021-12-17,建设银行(00939)：每股“建行优1”将于12月27日派息4.75元,智通财经
2021-12-17,建设银行(601939.SH)将于12月27日派发境内优先股股息,智通财经
2021-12-17,建设银行(00939.HK)：“建行优1”每股发放现金股息4.75元,格隆汇
2021-12-17,太极实业(600667.SH)：子公司拟将不超9000万美元的应收账款转让给建行无锡分行,格隆汇
2021-12-17,太极实业(600667.SH)子公司海太半导体拟出售不超9000万美元应收账款,智通财经
2021-12-17,建信金科助力建行斩获新型智慧城市创新应用大赛一等奖,财经网
2021-12-17,央行榜单刷屏！金融机构重金砸向硬科技，银行业霸屏,Wind
2021-12-17,清远建行 争做服务清远经济高质量发展生力军,南方日报
2021-12-17,资管新规倒计时15天，银行理财进度条走到了哪？,Wind
2021-12-16,金融支持专精特新发展 沪上多家银行与市经信委签署战略合作协议,新民网
2021-12-16,央行召开金融机构货币信贷形势分析座谈会,Wind
2021-12-16,乌鲁木齐地铁迎来刷脸支付时代,中国金融新闻网
2021-12-16,兰石中科首次亮相西北科创类企业甘肃站路演活动,经济网
2021-12-16,手机银行数字竞争力排行榜TOP100 (2021年Q3),零壹财经
2021-12-16,中国建设银行姜俊：商业银行要把金融级的科技能力向社会赋能,新浪
2021-12-16,海南建行“建融慧学”助推“智慧校园”发展,证券导报
2021-12-16,建设银行首推绿色贸易融投资指引,中国金融新闻网
2021-12-16,大商所非标仓单品种扩容，5家银行入局场外业务,Wind
2021-12-16,上期所启动纸浆品种交易，明年力推商品互换业务,Wind
2021-12-16,降准是啥？对百姓投资理财有什么影响,腾讯网
2021-12-15,建信理财总裁谢国旺：银行理财子公司应更加重视投研能力,华夏时报
2021-12-15,建行合肥阜阳北路支行以金融活水助力区域经济发展,搜狐
2021-12-15,多家银行推出主题信用卡迎冬奥 专家：能够锁定部分优质客户实现双赢,中国网
2021-12-15,建设银行(601939.SH)2021年二级资本债券(第三期)于12月14日发行完毕,智通财经
2021-12-15,建设银行(00939.HK)发行200亿元二级资本债券,格隆汇
2021-12-15,银行APP新战场,经济观察报
2021-12-15,国有大行询证函业务收费有望下降近九成！资本市场企业年审、IPO迎减负降费大利好,21世纪经济报道
2021-12-15,深圳海关首推“关银一KEY通”全流程掌上办,经济日报
2021-12-15,中银协发布银行函证及回函工作操作手册，为防范金融风险保驾护航,Wind
2021-12-15,宗良 吴丹：系统重要性银行风险分类防控与优化路径,搜狐
2021-12-15,港股盘前必读：小米回应“双线造车”，美股全线下跌,Wind
2021-12-15,百万年薪招兵买马！今年以来上市银行高管变动超170次,Wind
2021-12-15,保障性住房建设料提速，房地产投资有支撑,Wind
2021-12-15,【中金固收·资产证券化】2021年NPL ABS年度回顾,中金固定收益研究
2021-12-14,【华泰固收|宏观】保障性住房投资规模会有多大？,华泰固收强债论坛
2021-12-14,建行交行等7家金融机构与上海市经济信息化委签署服务“专精特新”企业战略合作协议,上证报
2021-12-14,禾迈股份：网上投资者弃购金额为3.63亿元,Wind
2021-12-14,海外信用评级汇总2021年12月14日星期二,Wind
2021-12-14,建行“广东统代发客群版”手机银行正式发布,奥一网
2021-12-14,银行周榜｜建行单挑工行“战队”，兴业银行强势登顶,中国银行保险报
2021-12-14,穆迪：授予建设银行澳门分行拟发行高级无抵押绿色票据“A1”评级,Wind
2021-12-14,深圳大学理论经济学博士后流动站首个校友企业博士后,中华网
2021-12-14,今晚10点半！冬奥纪念钞开始预约！最全攻略来了,东方网
2021-12-14,港股盘前必读：商汤集团延迟上市，中国移动发行不超过8.457亿股A股,Wind
2021-12-14,提供全方位金融支持 银行业护航科创小微企业成长,新浪
2021-12-14,建行：为加强中英金融合作与创新贡献力量,新浪
2021-12-13,建行深圳分行：严格执行房地产信贷政策，满足居民合理住房信贷需求,Wind
2021-12-13,央行副行长刘桂平：扎实推进金融事业协同发展,Wind
2021-12-13,建行合肥分行：科技赋能普惠金融为小微企业引来“源头活水”,中国经济周刊
2021-12-13,三方签约聚焦科技企业需求 助力科技企业成长,科技日报
2021-12-13,海南建行“建融慧学”助推 “智慧校园”发展,海南在线
2021-12-12,中国银行、中国建设银行发布重要公告,每日经济新闻
2021-12-12,不止招行、工行，中信、广发、江苏等银行智能投顾产品也暂停买入,Wind
2021-12-12,多数海外中国地区基金收益为负，重仓茅台的回撤20%,Wind
2021-12-11,建行临沂分行着力解决农民工“急难愁盼”,搜狐
2021-12-11,智造之光 榜样引领,南方日报
2021-12-10,抢占新兴产业链高地 第十届中国创新创业大赛（湖北赛区）决赛收官,经济日报
2021-12-10,首批养老理财来了：1元起投、封闭期5年，预期收益率5%-8%,经济观察报
2021-12-10,第三届广东农业科技创新“建行杯”种业科技创新大比武举办,经济日报
2021-12-10,建行重庆市分行创新推出“农产品仓储补贴贷”助力乡村振兴,上游新闻
2021-12-10,天阳科技：公司早期已参与到建行数字货币的技术开发与测试工作，这其中也包含数字钱包业务,每日经济新闻
2021-12-10,建行邵阳新宁支行助推新宁县脐橙产业高质量发展,搜狐
2021-12-10,上海：推进保障性住房建设，房地产企业要聚焦主业稳慎经营,Wind
2021-12-10,建设银行呼和浩特呼伦北路支行因贷后管理不到位等被罚25万 金融监管处罚,中华网
2021-12-10,建行依托科技打击电信网络诈骗交易,中国金融新闻网
2021-12-10,商业银行贵金属业务如何稳中求新？|黄金市场,新浪
2021-12-10,建设银行呼和浩特某支行被罚 信贷资金改变原有用途 金融监管处罚,中国经济网
2021-12-10,银行财眼 | 建设银行呼和浩特呼伦北路支行被罚25万元：因贷后管理不到位等原因 金融监管处罚,凤凰网
2021-12-10,驻建行纪检监察组探索建立行贿人“黑名单” 联合惩戒压缩行贿空间,新浪
2021-12-10,建行大力支持保障性租赁住房建设成效显著,中国金融新闻网
2021-12-10,建信理财举行养老金融论坛暨养老理财深圳试点宣传推广仪式,上证报
2021-12-10,25年来，建行一直在做这件事,千龙网
2021-12-10,银保监会：三季度银行业个人贷款业务投诉同比增长38.6%,Wind
2021-12-10,英国人民币清算行清算总量突破60万亿元,新华网
2021-12-10,港股盘前必读：外汇存款准备金率上调，腾盛博药召开媒体发布会,Wind
2021-12-09,全市首笔落地！外贸外资企业在经开区办理国际信用证业务更方便,北京日报
2021-12-09,统一降至200元！3家大行调整询证函收费标准 其他银行会有所行动吗？,新浪
2021-12-09,债券重大事件2021年12月9日星期四,Wind
2021-12-09,欲穷千里目，更上“亿”层楼---岳阳市分行营业部普惠金融贷款余额突破3亿元,搜狐
2021-12-09,银行补充资本或加速！2张图一览永续债、二级资本债发行融资,Wind
2021-12-09,密集发新品！百亿私募大佬挂帅出马，行情来了？,Wind
2021-12-09,建行：支持实现“双碳”目标出实招,中国金融新闻网
2021-12-09,建设银行：手机银行深圳财富版——面向深圳用户开放的专业财富管理平台,21世纪经济报道
2021-12-09,百花齐放！粤菜师傅高质量发展论坛群星汇聚！,凤凰网
2021-12-09,首批养老理财产品开售首日受热捧 稳健性普惠性受市场认可,新浪
2021-12-09,升破6.35关口，人民币汇率创三年半新高,Wind
2021-12-09,字节跳动入局公有云市场,Wind
2021-12-09,工商银行、建设银行、中国银行发布最新公告，明年1月1日起调整,每日经济新闻
2021-12-08,建行朔州分行组织参加基金线上培训,生活晨报
2021-12-08,异地政务服务本地办 建行上海市分行试点千余事项“跨省通办”,中国金融新闻网
2021-12-08,成都公积金中心回应银行暂停受理房企按揭申请传闻：未核实到,Wind
2021-12-08,2021年广西科技金融对接会举办 有效对接超过15家企业,科技日报
2021-12-08,建设银行青田支行被罚 违规办理结汇业务 金融监管处罚,中国经济网
2021-12-08,2021年全国千佳示范网点中 建行数量居首,中国金融新闻网
2021-12-08,港股盘前必读：支农、支小再贷款利率下调，美股连续两日上涨,Wind
2021-12-08,建信理财总裁谢国旺：养老理财产品两大创新功能 满足不同年龄段客户需求,上证报
2021-12-08,养老理财试点开闸 “稳健、长期、普惠”属性凸显,Wind
2021-12-08,条码互扫推进超预期，支付生态开放提速,Wind
2021-12-07,我国巨头企业，谁的生命力更强？,虎嗅网
2021-12-07,南向资金今日净买入31.65亿港元，批量抄底科技股,Wind
2021-12-07,北向资金今日净买入79.49亿元，继续抄底大金融板块,Wind
2021-12-07,在岸人民币兑美元16:30收报6.3678，较上一交易日上涨37个基点,Wind
2021-12-07,建设银行拟发行2021年第三期二级债 获批1450亿元额度将用尽,和讯
2021-12-07,地产股今日集体上涨！专家：房地产市场会“有限度的降温”,南都报
2021-12-07,建设银行崇左分行被罚 未按规定报送结售汇统计月报表 金融监管处罚,中国经济网
2021-12-07,打造“老年专属” 提升服务温度,中国金融新闻网
2021-12-07,国光电器：“区块链+供应链金融”平台与建设银行、广州银行等开展合作,乐居财经
2021-12-07,建设银行桂林分行被罚 未按规定进行国际收支统计申报 金融监管处罚,中国经济网
2021-12-07,国光电器：“区块链+供应链金融”服务平台已经与建设银行、中信银行等金融机构开展合作,财联社
2021-12-07,养老理财试点产品首日销售火爆,Wind
2021-12-07,机构做足功课、投资者热情高，首批养老理财产品闪亮登场,Wind
2021-12-06,半天卖了20亿元！首批养老理财试点产品开售,中证报
2021-12-06,建行昆明城北支行惠企利民助力新时代百姓安居梦,云南经济日报
2021-12-06,中山建行互联交易平台，为企业量身定制汇率风险管理方案,新快报
2021-12-06,银行App这一年：整合、上新与突围|金融大时代,新浪
2021-12-06,银行业投资观察：“稳增长”预期明确,新浪
2021-12-06,服务民生，“建郑”美好生活——建行丰庆路支行“橙”意满满，助力便捷生活,搜狐
2021-12-06,港股盘前必读：滴滴启动在香港上市，多家房企启动固收产品发行,Wind
2021-12-06,中国上市公司协会执行副会长柳磊：积极推动上市公司树立和践行ESG发展理念,Wind
2021-12-06,跨行转账入账金额变少了，建行向上级汇报,腾讯网
2021-12-05,发生了什么？海外最大中国股票基金大举减持宁德时代！,Wind
2021-12-05,中上协：积极推动ESG与企业经营深度融合,Wind
2021-12-04,1元起购低费率，四地“尝鲜”养老理财产品,Wind
2021-12-03,一个月都没能办出一张银行卡？建行：客户身份信息有异常 关联方问题,中国经济网
2021-12-03,南向资金今日净买入33.6亿港元，美团-W净买入近9亿港元,Wind
2021-12-03,首批试点养老理财12月6日开售，各家机构怎么投？,Wind
2021-12-03,创识科技：公司与张家口农行、张家口建行、北京农行、北京建行等合作，参与北京冬奥会的相关商户数字人民币受理环境建设工作,每日经济新闻
2021-12-03,首批4只养老理财来了！四家机构负责人详解有何特色、亮点,21世纪经济报道
2021-12-03,金标委就《金融数据安全 数据安全评估规范》等2项金融标准征求意见,Wind
2021-12-03,建信理财养老产品首发定档！已储备适销客群，联手深圳分行打响养老理财开门红,证券时报网
2021-12-03,因向关系人发放信用贷款，建设银行山西省分行被罚没88万余元 金融监管处罚,中华网
2021-12-03,济宁建行高新支行：助力印务企业渡过原料运输难关,搜狐
2021-12-03,济宁建行兖州支行金融支持科创企业发展,搜狐
2021-12-02,28家银行、支付APP可扫支付宝收款码 支付宝与银联全国扫码互认,新浪
2021-12-02,百万亿支付市场贯通 支付宝与银联全国扫码互认,新浪
2021-12-02,建行广西区分行：打造“绿色金融服务”品牌支持漓江生态保护建设,中国金融新闻网
2021-12-02,南向资金今日净买入13.7亿港元，中国电力净买入12.74亿港元,Wind
2021-12-02,支付宝与中国银联互联互通新进展,Wind
2021-12-02,建设银行德州分行被罚 未按照规定报送统计报表等 金融监管处罚,中国经济网
2021-12-02,金融主管部门释放“保障刚需合理个贷需求”信号，广州市场房贷真的松了,南方日报
2021-12-02,监管“喊话”后房贷奏效了吗？调查22家银行：房贷真的松了！,Wind
2021-12-02,南方日报调查：广州市场房贷真的松了，有国有银行开始下调房贷利率,Wind
2021-12-02,数字政府建设引领全面数字化转型,Wind
2021-12-01,建行海宁支行开展残损币兑换活动,中国金融新闻网
2021-12-01,银行行业周报：稳信贷 以普惠小微和绿色金融为支点,新浪
2021-12-01,建行云南省分行打造助力乡村振兴新范式,云南经济日报
2021-12-01,微信开放私聊外链；阿里港股股价创新低；美团闪购试点前置仓；永辉加速开店,搜狐
2021-12-01,建行上海自贸区分行一副行长被警告 贷款违规流入房市,中国经济网
2021-12-01,首家电子口岸卡代理点落地北京经开区,新京报
2021-11-30,银行发力二维码互联互通 真香定律不减，场景化金融服务怎么玩？,北京商报
2021-11-30,中国银行兰州分行获批终止营业，挂牌还不满三年,澎湃新闻
2021-11-30,建行云南省分行“减费让利”支持云南经济社会发展,云南经济日报
2021-11-30,金山云，现在“烧钱”是否OUT了？,钛媒体
2021-11-30,建行原董事长王洪章：金融领域数字化应从内到外全方位转变，是价值链和商业模式的重塑,每日经济新闻
2021-11-30,建行重庆市分行倾情打造适老金融服务为民办实事,上游新闻
2021-11-30,恒指创一年多新低，腾讯阿里美团连续下跌，港股怎么了？,Wind
2021-11-30,招商南油(601975.SH)：建行江苏分行尚未减持 减持期过半,智通财经
2021-11-30,招商南油(601975.SH)：减持期过半 建行江苏分行未减持公司股份,格隆汇
2021-11-30,主角是谁？11月银行发债单月顶十个月，规模超2840亿元,Wind
2021-11-30,中孚信息(300659)：防护、检查快速增长 监管平台空间广阔,新浪
2021-11-30,信托多维度介入不良资产证券化,用益信托网
2021-11-30,逐浪低碳时代：银行业持续加码绿色金融,金融时报
2021-11-30,沉甸甸的稻谷笑盈盈的脸 建设银行大力支持广东省撂荒地复耕复种见成效,中国金融新闻网
2021-11-30,找准发展新“风向” 将新金融与新经济深度融合,新快报
2021-11-29,【银华基金】交易日报 2021-11-29,新浪
2021-11-29,恒生电子(600570)：收购SUMMIT剑指资金管理TOP厂商,新浪
2021-11-29,10月份，108位银行机构核心高管任职资格获批！,中国银行保险报
2021-11-29,建行重庆市分行：创新凝聚强大优势 跨境金融服务持续铺展延伸,凤凰网
2021-11-29,建行以全球化综合金融服务助力RCEP合作发展,中国金融新闻网
2021-11-29,田国立：以新金融行动服务数字政府建设,中国金融新闻网
2021-11-28,临近年末银行频频“补血”永续债、二级资本债齐上阵，系统重要性银行成主力,北京商报
2021-11-28,佛山建行以创新产品拓宽客户融资渠道,搜狐
2021-11-26,达华智能(002512.SZ)：拟向建行申请5000万元授信额度,格隆汇
2021-11-26,外汇局就支持市场主体外汇风险管理有关措施征求意见,Wind
2021-11-26,海外信用评级汇总2021年11月26日星期五,Wind
2021-11-26,惠誉：确认建设银行长期外币发行人违约评级为“A”，展望“稳定”,Wind
2021-11-26,建行原董事长王洪章：大型银行要在成本可负担的基础上推进数字化,21世纪经济报道
2021-11-26,南向资金今日净买入9.61亿港元，美团获净买入4.22亿港元居首,Wind
2021-11-26,建设银行泰安分行被处罚 违规办理资本项目资金收付 金融监管处罚,中国经济网
2021-11-26,厦工股份：股东厦门建行尚未减持公司股份,每日经济新闻
2021-11-26,厦工股份(600815.SH)主要股东厦门建行尚未减持 减持期过半,智通财经
2021-11-26,厦工股份(600815.SH)：减持期过半 厦门建行未减持股份,格隆汇
2021-11-26,中国建设银行：发挥金融科技优势 助力农业产业现代化发展,中投网
2021-11-26,建行上海分行成功落地上海市首单商业性个人住房贷款抵押注销“无纸化办理”,上证报
2021-11-26,建行推动中广核兴安盟风力发电扶贫项目落地,新华网
2021-11-26,建设银行田国立：国有金融机构助力数字治理既有制度优势也有能力,21世纪经济报道
2021-11-26,建设银行：上海市首单商业性个人住房贷款抵押注销“无纸化办理”,面包财经
2021-11-26,国有银行结构性存款量价齐跌,Bank资管
2021-11-26,山东企业港交所上市专题培训会成功举办,证券时报网
2021-11-26,建设银行:英国人民币清算行清算量突破60万亿,中新网
2021-11-26,建行“贷”动乡村“金色”未来,中国金融新闻网
2021-11-26,为群众办实事 建行南京分行打造“适老化服务”网点,荔枝网
2021-11-26,建行滁州市分行利用裕农通综合服务平台服务乡村振兴,搜狐
2021-11-26,建行襄助“科创梦”│呵护科创种子生根发芽,搜狐
2021-11-26,建行明光支行获明光市存款保险主题宣讲比赛第二名,搜狐
2021-11-26,金融反腐重拳再次出击，这些银行是重灾区,Wind
2021-11-26,"新趋势！大量民企转向""专精特新""，银行信贷如何跟进？建行探索""技术流""授信评价体系",券商中国
2021-11-25,银行行业周报：基金代销规模披露 社融筑底按揭回暖,新浪
2021-11-25,建行益阳安化支行：“善担贷”助力小微企业,搜狐
2021-11-25,中国银行业协会：全面推进银行业数字化转型，为数字经济提供金融新动能,Wind
2021-11-25,建设银行现1笔大宗交易 共成交581.00万元,新浪
2021-11-25,广电运通：已携手各大银行打造了广东建行5G+住房金融服务中心等多个行业标杆案例,每日经济新闻
2021-11-25,济宁建行太白支行敢贷愿贷能贷，成功发放首笔“乡村农担贷”贷款300万元,搜狐
2021-11-25,碰一下就付！数字人民币进乡镇 助力消费帮扶,证券导报
2021-11-25,建行重庆市分行：手擎红旗立潮头 塑造服务重庆新发展金融品牌,凤凰网
2021-11-25,吹响“工业立市、产业强市”嘹亮号角,南方日报
2021-11-25,【党史学习教育】跟着“红色路线”，打卡曹杨“网红馆”→,东方网
2021-11-25,民生人寿时隔多年终于迎来总经理，多家股东所持股权待接盘,Wind
2021-11-25,田国立：以科技之力创新跨境金融服务,新浪
2021-11-25,建设银行适老服务给出温情答案,经济参考报
2021-11-24,银行APP的“加法”与“减法”,搜狐
2021-11-24,RCEP生效在即！重庆迎来哪些机遇？,重庆发布
2021-11-24,建行江西省分行：新金融“甜水”润泽万物于无声,中国金融新闻网
2021-11-24,建行福建省分行推出“农机云贷”助力乡村振兴,中国金融新闻网
2021-11-24,天阳科技：在早期已经先行参与到建行数字货币的技术开发与测试工作中,每日经济新闻
2021-11-24,天阳科技：建行（含建信金科）目前为公司第一大客户,每日经济新闻
2021-11-24,10月网络影响力榜单 | 建设银行跃居第二；中国太保跻身前五,中国银行保险报
2021-11-24,建行四川省分行成功落地全省首笔全线上纯信用“冷链贷”,中国经济网
2021-11-24,建行做科创企业的“知心人”,中国金融新闻网
2021-11-24,补充资本，商业银行掀起债券发行潮,Wind
2021-11-24,基金代销江湖硝烟起，银行渠道竞相推出优惠费率,Wind
2021-11-23,云南将发放上亿元消费券！如何领取看这里→,云南发布
2021-11-23,建行泰州分行举办“强技固本 争创一牛”技能年度竞赛,荔枝网
2021-11-23,建行无锡分行与无锡市农业农村局 签署战略合作协议,搜狐
2021-11-23,中国建设银行佛山市分行坚持主业主责，服务实体经济,搜狐
2021-11-23,保障性租赁住房：为大国齐小家,ZAKER
2021-11-23,建信理财养老理财试点产品首发在即 将在建行和招行双渠道发行,上证报
2021-11-23,建行合肥四里河路支行成功投放庐阳支行首笔“皖农·云担通”,搜狐
2021-11-23,建行合肥紫云路支行助力小微企业解决融资难问题,搜狐
2021-11-23,"多地首套房利率下调、放款提速,成都最新情况如何?",搜狐
2021-11-23,建设银行:整合监督资源 建立监督联席会议机制,新浪
2021-11-23,强基补短增后劲：银行业加大支持涉农小微民企力度,新浪
2021-11-23,"规模大降！新基发行遇""寒流""，银行也卖不动了",Wind
2021-11-22,【银华基金】交易日报 2021-11-22,新浪
2021-11-22,建行云南省分行全方位助力盐津落雁乡落雁村乡村振兴,云南经济日报
2021-11-22,国家电投氢能公司与建行北京市分行、建银国际签署战略合作协议,北极星电力
2021-11-22,数字平台“农”情暖！建设银行发挥金融科技优势助力农业产业现代化发展,投资时报
2021-11-22,资管规模破6万亿，百亿私募超百家！大佬布局新赛道,Wind
2021-11-22,“螃蟹之乡”迎“暖阳”--建行“裕农通”活动高淳阳江站顺利举行,荔枝网
2021-11-22,广东建行首创“科创评价”获全国推广,南方日报
2021-11-22,信托公司开展不良资产证券化业务的展望与建议,金融界
2021-11-22,香港金管局对四间银行违反《打击洗钱及恐怖分子资金筹集条例》採取纪律处分行动 金融监管处罚,Wind
2021-11-22,基金发行提前入冬，银行代销“画风突变”,Wind
2021-11-21,又有银行放大招！基金申购狂打“1折”，渠道革命真的来了,Wind
2021-11-21,中国建设银行、中国邮政储蓄银行发布重要公告！,每日经济新闻
2021-11-21,中国建设银行佛山市分行聚焦小微企业发展，推进普惠金融战略,搜狐
2021-11-21,注意！这类银行卡正在被加速清理,Wind
2021-11-20,3大银行处理银行卡，卡里有钱也将被清退，有1类卡还会继续扣款,腾讯网
2021-11-20,中国建设银行佛山市分行主动落实支持顺德发展举措,搜狐
2021-11-20,建设银行状告蓝光发展，案由系借款合同纠纷 诉讼纠纷,乐居财经
2021-11-20,RMBS规模放量，房地产信贷环境有望改善,Wind
2021-11-19,建设银行佛山分行抓住“三个量”，提升客户服务能力,搜狐
2021-11-19,金融报道｜11月二级资本债发行规模激增3倍达1765亿元 系统重要性银行成发行“主力军”,财经网
2021-11-19,强化服务引领 提升服务质效 以减负成效助力高质量发展,中国电子报
2021-11-19,大行高管交流任职频现,中国银行保险报
2021-11-19,拿出金融“看家本领” 银行业多措并举服务首都“两区”建设,中国金融新闻网
2021-11-19,建行为中美跨境电商合作提供创新服务,中国金融新闻网
2021-11-19,中小银行资本补充热情升温，更多渠道加速打通,Wind
2021-11-18,【银华基金】交易日报 2021-11-18,新浪
2021-11-18,正元智慧：目前公司与中国银行、建设银行、交通银行、工商银行、农业银行等商业银行完成了数字人民币系统的对接和开发,每日经济新闻
2021-11-18,畅通金融路 昆明：“一键”激活经济循环,中国金融新闻网
2021-11-18,金融活水“贷”动金色柠檬 ——建行重庆市分行普惠金融支持潼南柠檬产业链发展纪实,上游新闻
2021-11-18,东方财富(300059)：21Q3基金保有量占比继续提升,新浪
2021-11-18,建行襄助“科创梦”│与医药“瞪羚”的双向奔赴,搜狐
2021-11-18,非银行金融行业财富管理行业基金保有量点评：凭借服务能力 市场份额继续向头部平台集中,新浪
2021-11-18,建行“渝快办”平台优化市民政务服务体验,中国金融新闻网
2021-11-18,建行四川省分行：活水贷动“小经济”，金融赋能大发展,中国经济网
2021-11-18,济宁建行太白支行提升企业融资便利度，发放退役军人创业贷款,搜狐
2021-11-18,拓展海南自贸港数字人民币场景应用,证券导报
2021-11-18,济宁建行建设路支行创新金融产品助力乡村振兴,搜狐
2021-11-18,建行合肥金寨南路支行加大不良贷款催收力度,搜狐
2021-11-18,14年财星榜 见证时代变革轨迹,北京青年报
2021-11-17,盘点8家新能源汽车背后的金融服务机构,和讯
2021-11-17,21金融研究｜金融数字化转型新趋势： 维护数据安全、弥合数字鸿沟、拓展非金融场景,21世纪经济报道
2021-11-17,答记者问丨青岛：明确保障性租赁住房项目审批事项和环节，构建起联合审查、快速审批的工作机制,山东发布
2021-11-17,21金融研究｜中小企业金融服务成绩单： 大行重心转向覆盖“空白地带”，中小银行奋起直追,21世纪经济报道
2021-11-17,中国建设银行发布重要公告，这种卡透支利率打七折！,每日经济新闻
2021-11-17,又有新股破发！这只股盘中跌超15%，腾讯也被套？,Wind
2021-11-17,建行云南省分行实现首笔“8+3”新能源贷款投放,云南经济日报
2021-11-17,金融行业动态：金融科技如何服务小微客群,新浪
2021-11-17,商业银行行业：商业银行业日报,新浪
2021-11-17,亿嘉和科技股份有限公司 关于使用部分闲置非公开发行股票募集资金进行现金管理的进展公告,证券时报
2021-11-16,全国首套房贷平均利率降到5.4%！部分银行1个月放款,南都报
2021-11-16,建行陕西农牧行业服务平台首笔业务在富平县落地,中国金融新闻网
2021-11-16,创识科技：公司的数字人民币产品在农行和建行都有中标,每日经济新闻
2021-11-16,践行国有银行责任 服务山东经济社会发展,中投网
2021-11-16,“京东11.11”数字人民币订单超24万笔，分享活动最高领88元红包至年底,21世纪经济报道
2021-11-16,又见银行打折促销卖基金，最高降费90%！银行代销基金逻辑生变,Wind
2021-11-16,银行周榜｜建行单枪匹马，独敌工行“战队”,中国银行保险报
2021-11-16,同辉信息转板北交所发行首日下跌15.98%，建设银行为其金融领域最大客户，多次发生资金占用收警示函 资金问题,中国经济网
2021-11-16,每日理财观察: 北交所首批81家上市公司正式亮相,Wind
2021-11-15,谭木匠：认购理财产品,Wind
2021-11-15,谭木匠(00837)合共认购1亿元建行理财产品,智通财经
2021-11-15,涪陵坛中种百合 银保携手振乡村,上游新闻
2021-11-15,因以贷还贷延缓风险暴露 建设银行一支行被罚50万 金融监管处罚,和讯
2021-11-14,半月3家逾千亿，系统重要性银行密集发行二级资本债,Wind
2021-11-14,年底了，各家房贷会开始放松么,央行
2021-11-12,湖北银保监局：对建设银行武汉江岸支行作出行政处罚，罚款50万元 金融监管处罚,Wind
2021-11-12,二级资本债发行再添一家系统重要性银行 后续或成为机构配置重点,财联社
2021-11-12,建行沛县支行举办开发企业房贷业务座谈会,搜狐
2021-11-12,我国TLAC管理办法解读及国内外比较研究,金融界
2021-11-12,银行人事|银保监会核准宜喜平自贡银行行长资格 建行又输送了一位人才,和讯
2021-11-12,“硅巷”企业的信贷故事,搜狐
2021-11-12,【华泰固收|信用】TLAC债的国际经验与国内机会,华泰固收强债论坛
2021-11-12,农行、建行迎来新任副行长,中国银行保险报
2021-11-12,建行总行来了个新的副行长 今年只有48岁真年轻,腾讯网
2021-11-12,建设银行：国资委网站发布《假冒中央企业名单》的信息后，第一时间关注相关情况并组织排查。根据目前排查情况，相关企业在我行风险敞口极小，对集团整体财务表现没有影响,每日经济新闻
2021-11-12,新国都：新国都支付入围建行智能音箱采购项目,e公司
2021-11-12,建设银行成功发行2021年第二期450亿元二级资本债券,中国金融新闻网
2021-11-12,新势力业绩不俗，基金代销江湖“变天”,Wind
2021-11-11,【银华基金】交易日报 2021-11-11,新浪
2021-11-11,【经纬晚班车】一个口罩上千元！加拿大鹅收割智商税？,中新经纬
2021-11-11,证券Ⅱ行业：公募代销格局微变 渠道下沉态势延续,广发证券
2021-11-11,建设银行现1笔大宗交易 共成交177.53万元,新浪
2021-11-11,建设银行今日大宗交易成交33.88万股，成交价5.24元折价10.73%,Wind
2021-11-11,南向资金今日净卖出28.03亿港元，腾讯控股净卖出近30亿港元,Wind
2021-11-11,建信养老副总裁梁岩：建议加强财税补贴 提高养老金融参与活跃度,中国经营网
2021-11-11,建设银行：李运先生正式就任本行副行长,财联社
2021-11-11,建设银行：银保监会现已核准李运的任职资格，李运正式就任本行副行长,Wind
2021-11-11,公募基金代销保有量2021Q3数据点评：头部排名总体稳定 环比增速分化加大,新浪
2021-11-11,建行举办绿色经济产业跨境交流论坛,中国金融新闻网
2021-11-11,建行青海省分行服务实体经济“实打实”,中国金融新闻网
2021-11-11,三季度公募基金代销榜：互联网第三方平台增速超银行系,财经网
2021-11-11,惠州建行 打造“科技金融+住房租赁”创新模式,南方日报
2021-11-11,系统重要性银行频发二级资本债，11月以来发行规模同比增长207.13%,资本邦
2021-11-11,非货基保有量两位数增长，互联网平台加速抢食银行基金代销,第一财经
2021-11-11,公募代销保有规模百强争夺战：三匹黑马杀出各有何来头？3券商1银行跌出百强榜，蚂蚁持续超万亿,财联社
2021-11-11,震动基金圈！蚂蚁直逼招行！传统大佬要慌了？,Wind
2021-11-11,系统重要性银行“猛攻”二级资本债 11月以来发行规模同比激增逾两倍,证券日报
2021-11-10,为群众办实事 建行云南省分行打造乡村“文明风向标”,云南经济日报
2021-11-10,中基协公布三季度基金保有量，互联网渠道渐显优势,Wind
2021-11-10,买了房没钱装修怎么办？负债高建行装修贷可以申请吗？,股城网
2021-11-10,建设银行(00939.HK)完成发行450亿元二级资本债券,格隆汇
2021-11-10,建设银行：境内2021年二级资本债券（第二期）发行完毕,Wind
2021-11-10,多家银行收紧这两项业务！,中国银行保险报
2021-11-10,建设银行：依托跨境智能撮合平台，赋能绿色产业国际合作,面包财经
2021-11-10,用户充值美团联名卡后无法消费怎么办？美团与发卡方互相推诿,新浪
2021-11-10,碳减排支持工具如何落地？ 金融机构急盼实施细则,Wind
2021-11-09,银行整合App，会成为一种趋势吗？,搜狐
2021-11-09,建设银行(00939.HK)全额赎回人民币400亿元次级债券,财华社
2021-11-09,建设银行：境内次级债券赎回完成,Wind
2021-11-09,立足“三心”拧紧监督“发条” ——建行无锡锡山支行纪委推动基层监督工作提质增效,荔枝网
2021-11-09,移为通信：建设银行项目，目前处于前期的试点安装调试阶段，为后续订单做充分铺垫,每日经济新闻
2021-11-09,建设银行：融资余额比上日降0.11%，融券余额比上日增28.57%,资本邦
2021-11-09,银行周榜｜建行、工行、农行“鏖战”微信榜，兴业银行微博榜上“背水一战”,中国银行保险报
2021-11-09,多措并举探索新模式 建设银行以金融力量帮扶安康脱贫攻坚,第一财经
2021-11-09,数字人民币推广进展迅速，相关领域概念股机遇将至？,第一财经
2021-11-09,建行用绿色金融之笔书写多彩贵州新答卷,中国金融新闻网
2021-11-09,A股融资融券日报：两融余额增加39.23亿元（11月8日）,Wind
2021-11-09,打造升级方案 建设银行全力服务第四届进博会,金融时报
2021-11-08,建行广州分行创新推出抵押快贷“五天办结” 新金融赋能“贷”来市场活力,新快报
2021-11-08,建设银行助力成都地区实现数字人民币缴纳社保,中国经济网
2021-11-08,中国建设银行、中国银行、交通银行发布重要公告！,每日经济新闻
2021-11-08,头部金融机构主动作为 绿色金融发展按下“快进键”,华夏时报
2021-11-08,中国涉农贷款余额达42万亿 打好金融组合拳服务乡村振兴,长江商报
2021-11-08,天上的卫星也能帮助贷款 银行业利用遥感技术探索破解涉农金融难题之路,金融时报
2021-11-07,有银行将对未结清仓位用户集中平仓、解约！“炒金”“炒汇”持续收紧 原因为何？,北京商报
2021-11-07,年内超千家“关门谢客”，但新增获批更多！数据背后的真相：银行转型智能化寻求逆袭,北京商报
2021-11-07,建设银行与九家机构共同签署大宗商品区块链平台合作协议,中国金融新闻网
2021-11-06,银行网点的未来在哪里？,Bank资管
2021-11-06,A股环境风险榜丨前三季590家上市公司暴露问题，但环境信披水平提升，177家公司勇于“自曝家丑”,每经头条
2021-11-05,建设银行(601939)：盈利向好 不良改善,新浪
2021-11-05,北向资金结束连续6日净买入，隆基股份连续3日遭抛售累计净卖出超30亿,Wind
2021-11-05,IDC Panel：智能运维在金融行业中的场景化应用,凤凰网
2021-11-05,“建行生活”APP重庆站用户数突破21万 渝“建”双11更多惊喜陪伴山城市民,上游新闻
2021-11-05,【专栏】1亿张信用卡！这7家银行做到了，还有哪些银行会晋级？,零壹财经
2021-11-05,中国首批19家系统重要性银行的风险测定及风险外溢强度识别,21世纪经济报道
2021-11-05,透视三季报：“专精特新”高成长性引人注目（名单）,Wind
2021-11-05,中原银行原董事长窦荣兴被留置调查，离任仅2个月 董监高成员变化,Wind
2021-11-05,A股融资融券日报：两融余额增加33.85亿元（11月4日）,Wind
2021-11-05,让新市民“住得好”又“住得起” 建行住房租赁金融服务方案破解新市民住房难题,金融时报
2021-11-05,“文明助农e贷”助力乡村振兴,经济日报
2021-11-04,初心如磐党旗红 为民服务建行蓝 —建行重庆市分行各级党组织扎实开展“我为群众办实事”实践活动,上游新闻
2021-11-04,国有大行发力财富管理：三季度邮储中收增速最快 交行中高端客群两位数增长,华夏时报
2021-11-04,【银华基金】交易日报 2021-11-4,新浪
2021-11-04,什么情况？ST中天三封问询函回复全部延期！最长已拖延17次 问询,北京商报
2021-11-04,港股通11月4日成交活跃股名单,证券时报网
2021-11-04,温彬：中国版系统重要性银行监管基本落地，金融监管质效进一步提升,新浪
2021-11-04,南向资金今日净买入9.27亿港元，腾讯控股净买入超4亿港元,Wind
2021-11-04,建设银行：12月20日召开2021年第二次临时股东大会,Wind
2021-11-04,建设银行：订于12月20日举行2021年第二次临时股东大会,Wind
2021-11-04,银行收紧贵金属、外汇交易业务 个人炒汇炒金门槛再提升,中财网
2021-11-04,光大证券：维持建设银行(601939.SH)“买入”评级 业绩增长提速 资产质量持续改善,智通财经
2021-11-04,三季报发布，六大国有银行谁最靓,长沙晚报
2021-11-04,建设银行发布三季报：实现净利润2321.53亿元 同比增长12.79%,和讯
2021-11-04,建行一支行长泄露客户信息，判刑+罚款+从业禁止! 安全事故,中新经纬
2021-11-04,【国泰君安国际】个股交易参考：建设银行(00939.HK)：三季度业绩稳健向好，助力绿色产业发展,国泰君安证券香港
2021-11-04,银行收紧贵金属、外汇交易业务 ，个人炒汇炒金门槛再提升,时代周报
2021-11-04,银行收紧贵金属、外汇交易业务 ，个人炒汇炒金门槛再提升,时代在线
2021-11-04,黑龙江碳中和股权并购项目落地,中国环境报
2021-11-04,商业银行行业：商业银行业日报(2021.11.3),新浪
2021-11-03,11城联动 数字人民币首次碰撞“双11”,北京商报
2021-11-03,每日报告回放,新浪
2021-11-03,建设银行将发行2021年第二期二级资本债,Wind
2021-11-03,建行重庆市分行创新服务重庆住房租赁市场,上游新闻
2021-11-03,中国船舶集团：与建设银行签署战略合作协议,e公司
2021-11-03,建设银行状告景业名邦旗下意浓实业，案由为金融借款合同纠纷 诉讼纠纷,乐居财经
2021-11-03,北向资金连续5日净买入，隆基股份遭大幅抛售超16亿元,Wind
2021-11-03,绿色金融助力建设“中国最美丽省份”,中国金融新闻网
2021-11-03,黑龙江七台河市：让个体工商户不再等“贷”,中国金融新闻网
2021-11-03,银行业：区域位置突出的农商行获基金逆势增持,新浪
2021-11-03,成长的喜悦｜一位建行讲师的“全明星课程”养成记,中国银行保险报
2021-11-03,“易农贷”与“喜羊羊” 建行内蒙古自治区分行创新金融服务支持农牧民发展生产,中国金融新闻网
2021-11-03,A股融资融券日报：两融余额减少75.11亿元（11月2日）,Wind
2021-11-03,深耕绿色金融 服务美丽温州建设,经济日报
2021-11-02,【中金固收·资产证券化】公募基金三季度ABS持仓分析,中金固定收益研究
2021-11-02,南向资金今日成交活跃股名单（11月2日）,证券时报网
2021-11-02,建设银行立足服务实体经济，引金融活水流入千家万户,面包财经
2021-11-02,深入开展“我为群众办实事”活动,中国金融新闻网
2021-11-02,建设银行江西省分行：以新金融手段为群众办实事解难题,中国金融新闻网
2021-11-02,双线加温 建行福建省分行提升退役军人双创服务“含金量”,中国金融新闻网
2021-11-02,广州建行营造科技金融生态圈,南方日报
2021-11-02,数字平台“农”情暖 建行发挥金融科技优势助力农业产业现代化发展,中国金融新闻网
2021-11-02,【特约大V】邓声兴：科网股领涨 恒指暂望25900有阻力,凤凰网
2021-11-02,六大行净利润实现两位数增长 邮储银行中收增幅达32.61% 建设银行不良贷款增速最快,中国经济网
2021-11-02,港股盘前必读：造车新势力公布10月交付数据，小鹏、理想强劲增长,Wind
2021-11-01,六大行三季报出炉！平均日赚超35亿,丁丁创e
2021-11-01,东吴证券维持建设银行买入评级，2021年三季报点评：收入加速增长，资产质量向好,每日经济新闻
2021-11-01,NAFMII主协议IBOR后备机制标准文本正式生效,Wind
2021-11-01,六大行前三季度日赚超35亿，不良率进一步改善,第一财经
2021-11-01,瑞信：工行及建行季绩符预期，维持跑赢大市评级,Wind
2021-11-01,按时还款却收到银行起诉警告函?银行承认错误愿赔三千遭拒 诉讼纠纷,新浪
2021-11-01,大行评级 | 瑞信：维持工行、建行季绩符预期，评级跑赢大市评级,格隆汇
2021-11-01,建设银行三季度净赚788.53亿元同比增长15.61%，拟派息28.5亿元,中华网
2021-11-01,受个别房企风险暴露影响，部分银行前三季度关注类贷款攀升,Wind
2021-11-01,图解中国卫星三季报：第三季度单季净利润同比减32.84% 盈利能力下降,证券之星
2021-11-01,图解建设银行三季报：第三季度单季净利润同比增15.61%,证券之星
2021-11-01,花旗：手续费增长支持建行季绩稳健，目标价9.13港元,Wind
2021-11-01,建行句容支行成功投放首笔 “城乡融合贷”,搜狐
2021-11-01,【券商聚焦】交银维持建行(00939)买入评级 指资产质量改善有望带动复苏,和讯
2021-11-01,华安证券：给予建设银行买入评级,证券之星
2021-11-01,建行公布第三季度经营业绩：新金融效能加快显现,金融界
2021-11-01,三季报收官，A股“硬科技”板块表现抢眼,Wind
2021-10-31,详解建设银行2021年3季报：业绩增速保持向上，净利润同比+12.8%；息差企稳回升【中泰银行·戴志锋/邓美君/贾靖】,传统借贷vs新型金融
2021-10-31,建行湖北省分行：搭建跨境电商交流桥梁,中国金融新闻网
2021-10-31,日赚超35亿元 六大银行前三季度利润9630亿：工行第一,快科技
2021-10-31,四大行三季报比拼，工行最赚钱，中行破净率最高,搜狐
2021-10-30,四大行三季报出炉！经营业绩稳健增长,Wind
2021-10-30,四大行三季报出炉，净利增速全是两位数！不良贷款率下降，这一领域信贷力度正加大,券商中国
2021-10-30,两大行业亮眼！A股三季报大数据榜单揭晓,Wind
2021-10-30,机构三季度持股趋分散，大资金偏爱钢铁和有色,Wind
2021-10-30,北京动力源科技股份有限公司 2021年第三季度报告,证券日报
2021-10-30,六大行前三季度业绩出炉 净利润均实现两位数增长,上证报
2021-10-30,建设银行公布三季报 前三季净利增加12.79%,新浪
2021-10-29,建设银行前三季度实现净利润2331亿元 新金融效能加快显现,证券日报网
2021-10-29,六大银行前三季度日赚超35亿！不良率集体回落,中新经纬
2021-10-29,国有六大行前三季度合计日赚超35亿元，不良贷款率继续走低,澎湃新闻
2021-10-29,建设银行(601939.SH)：第三季度归母净利增15.61%至788.53亿元,格隆汇
2021-10-29,建设银行：前三季度净利润同比增长12.79%,Wind
2021-10-29,速看！中国银行、工商银行、建设银行发布重要公告,每日经济新闻
2021-10-29,建行前三季度归母净利2321.53亿元 同比增长12.79%,北京商报
2021-10-29,建设银行：前三季度实现归母净利润2321.53亿元，同比增长12.79%,资本邦
2021-10-29,建行前三季度净利润2321亿增超12%，不良率1.51%,澎湃新闻
2021-10-29,建设银行前三季度净利润同比增长12.79%,上证报
2021-10-29,建设银行(00939)：每股“建行优1”将派息4.75元,智通财经
2021-10-29,永义国际(01218.HK)购入与建设银行挂钩的股票挂钩票据 金额500万港元,格隆汇
2021-10-29,21金融研究｜存量撕杀+结构调整，信用卡的下一个战场在哪？,21世纪经济报道
2021-10-29,【银华基金】交易日报 2021-10-29,新浪
2021-10-29,同比增长高达11.39%！建设银行2021财年前半财年净利1533亿元,资本邦
2021-10-29,建设银行(00939.HK)提名林鸿为股东代表监事候选人,格隆汇
2021-10-29,3000亿元融资助力“科技强市”，广州建行创新推出“科技支持贷”,新快报
2021-10-29,建设银行：第三季度净利788.5亿元 同比增长16%,财联社
2021-10-29,建设银行：第三季度实现净利润788.5亿元，同比增长15.61%。,财联社
2021-10-29,建设银行：第三季度净利润788.53亿元，同比增长15.61%,Wind
2021-10-29,南向资金今日净买入7.35亿港元，长城汽车净买入逾4亿港元,Wind
2021-10-29,三部门发布《全球系统重要性银行总损失吸收能力管理办法》,Wind
2021-10-29,CCF量子计算专业组成立大会落幕 建信金科吴磊成功当选首批常务委员,北国网
2021-10-29,CCF量子计算专业组首批常委公布 建信金科持续发力量子科技领域,凤凰网
2021-10-29,宁德时代盘中暴涨6%，市值突破1.5万亿首超建行，紧追工行,AI财经社
2021-10-29,中国建设银行“三大战略”驱动高质量发展,中投网
2021-10-29,佛山建行容奇小王布支行识破假流水骗贷,搜狐
2021-10-29,创新驱动 多点发力：银行业构建金融服务乡村振兴新模式,中国金融新闻网
2021-10-29,助力乡村振兴：银行机构各展所长形成合力,金融时报
2021-10-28,【银华基金】交易日报 2021-10-28,新浪
2021-10-28,建设银行扎实推进震后信贷支持 助力泸县普惠客群恢复生产经营,中国经济网
2021-10-28,“建行生活”App在海口上线,证券导报
2021-10-28,海南建行扎实推进“我为群众办实事”实践活动,证券导报
2021-10-28,“关银一key通”服务昆明自贸区外贸高质量发展,中国经济网
2021-10-28,上海房贷放款速度呈加快迹象：成交低迷、降价与房企回款放缓下的博弈,Wind
2021-10-28,银行行业：景气度预期有望改善 关注板块配置机会,广发证券
2021-10-27,【银华基金】交易日报 2021-10-27,新浪
2021-10-27,农发行成功发行2021年度首笔境外人民币债券,Wind
2021-10-27,九卦 | 建行纪志宏：对普惠金融的实践与思考,搜狐
2021-10-27,南向资金净卖出22.18亿港元，腾讯控股遭净卖出4.69亿港元居首,Wind
2021-10-27,建行驻马店分行违规办货物贸易收入结汇业务 被罚45万,中国经济网
2021-10-27,图解确成股份三季报：第三季度单季净利润同比增24.26%,证券之星
2021-10-27,刚刚！中国建设银行发布重要公告,每日经济新闻
2021-10-27,建行江西省分行：用新金融之笔书写绿色江西靓丽答卷,中国金融新闻网
2021-10-27,发改委产业发展司召开金融机构座谈会调研产业结构调整工作,Wind
2021-10-27,建行云南省分行携手昆明海关数据分中心将“关银一KEY通”落地中国（云南）自由贸易试验区昆明片区,云南经济日报
2021-10-27,“建行杯”第七届“互联网＋”大学生创新创业大赛总决赛举行,中国金融新闻网
2021-10-27,港股盘前必读：小鹏P5因毫米雷达供货短缺影响部分车型交付,Wind
2021-10-27,建行制定“1+6”综合金融帮扶方案服务重点帮扶县,中国金融新闻网
2021-10-27,“考了一本百科全书”：银行秋招毕业生挤破头,Wind
2021-10-27,费率优惠大本营持续扩容，财富管理服务逻辑生变,Wind
2021-10-27,大行APP喊话，“满天星”与“大一统”谁领风骚？,Wind
2021-10-27,云南自贸区昆明片区落地“关银一KEY通”共享盾代办点,云南网
2021-10-26,【银华基金】交易日报 2021-10-26,新浪
2021-10-26,建行浙江省分行原党委书记、行长崔滨洲被开除党籍 董监高成员变化,Wind
2021-10-26,建遇进博、融通全球：建设银行推出进博会综合服务方案,面包财经
2021-10-26,图解海格通信三季报：第三季度单季净利润同比减8.24%,证券之星
2021-10-26,银行员工诈骗客户近1500万！,中国银行保险报
2021-10-26,刘格菘、黄兴亮、邹曦、陈一峰等知名基金经理三季报持仓大曝光！,Wind
2021-10-25,图解粤水电三季报：第三季度单季净利润同比增8.74%,证券之星
2021-10-25,南向资金今日净买入32.09亿港元，快手-W净买入19.00亿港元,证券时报网
2021-10-25,南向资金今日净买入32.1亿港元，快手净买入19亿港元,Wind
2021-10-25,2021年中国ATM机行业市场现状及发展趋势分析 大批单一取款功能ATM机退出市场、智能化是转型方向,前瞻研究院
2021-10-25,建设银行余姚城建支行原行长沈静冲遭禁业五年,中国经济网
2021-10-25,建行合肥明珠广场快速响应为小微企业办实事,搜狐
2021-10-25,深圳市郑中设计股份有限公司 2021年第三季度报告,证券日报
2021-10-23,建设银行一员工借理财之机诈骗6名客户1487万元,中国经济网
2021-10-22,信用债日报：阳光城债券全线下跌，恒大宣布10年内完成向新能源汽车产业转型,Wind
2021-10-22,图解酒鬼酒三季报：第三季度单季净利润同比增43.43%,证券之星
2021-10-22,监管窗口指导RMBS发行节奏：两家大行发行计划推迟，11月再发,Wind
2021-10-22,南向资金今日成交活跃股名单（10月22日）,证券时报网
2021-10-22,南向资金今日净买入1.02亿港元，快手净买入超3亿港元,Wind
2021-10-22,这地部分银行房贷放款提速，啥信号？其他城市会跟进吗？,ZAKER
2021-10-22,银行财眼 | 建行13年老员工因诈骗被立案侦查 终身禁止从事银行业工作 其他违规处罚,凤凰网
2021-10-22,聚焦地标农产 建设产业链普惠新生态——金融大数据添动力 西瓜产业链开新局,荔枝网
2021-10-22,破解融资痛点难点 金融助力专精特新企业奋楫前行,中国金融新闻网
2021-10-21,【银华基金】交易日报 2021-10-21,新浪
2021-10-21,纪志宏：发挥集团化、多元化优势 丰富普惠金融服务内容,证券时报
2021-10-21,【直击2021金融街论坛】建行副行长纪志宏：普惠金融还需从五个方面纵深推进,经济观察网
2021-10-21,港股通10月21日成交活跃股名单,证券时报网
2021-10-21,南向资金今日净买入5.84亿港元，中国移动、快手净买入超3亿港元,Wind
2021-10-21,赋能乡村振兴，将金融活水精准滴灌到田间地头,北京日报
2021-10-21,建行董事会秘书胡昌苗：推进绿色金融是银行业提升国际影响力的重要契机,新浪
2021-10-21,博世科与中国建设银行广西区分行签订全面战略合作协议,钢企网
2021-10-21,艾融软件(830799)：金融IT软件提供商 受益银行信息化投入增长,新浪
2021-10-21,又一公司爆雷！实控人为前辽宁首富，现资金链岌岌可危,Wind
2021-10-21,看这家银行全方位满足老年人金融服务需求,证券导报
2021-10-21,“三路并进”探索乡村振兴新方案 建行助力擦亮云南“绿色食品牌”,中国金融新闻网
2021-10-20,建行正式开办“跨境理财通”业务,上证报
2021-10-20,观案｜伪造公司印章、违规代客理财 建行前员工诈骗1487万元被罚终身禁业 其他违规处罚,财经网
2021-10-20,南向资金今日净买入39.15亿港元，美团净买入超14亿港元,Wind
2021-10-20,建行新金融“甘霖”滋润安徽绿水青山,中国金融新闻网
2021-10-20,这类房贷产品规模猛增！业内分析：政策信号意义明显 按揭贷款投放或迎松动,财联社
2021-10-20,利率没降还涨了 惠州首套最高7.2%二套最高7.5%,南都报
2021-10-20,邮储银行(601658)：零售特色鲜明的成长大行,新浪
2021-10-20,建设银行北京房山支行一员工遭终身禁业 诈骗造假章,中国经济网
2021-10-20,建行香港 2.25% N20211020：上市地位将于今天办公时间结束后撤回 退市,Wind
2021-10-20,专题｜如何从财报分析上市银行的财富管理？【中泰银行·戴志锋/邓美君/贾靖】,传统借贷vs新型金融
2021-10-20,中国版系统重要性银行监管基本落地,21世纪经济报道
2021-10-19,银行周榜｜工行、建行“血战”微信榜，交通银行问鼎微博榜,中国银行保险报
2021-10-19,南向资金今日净卖出5.84亿港元，比亚迪电子、建设银行净卖出超2亿港元,Wind
2021-10-19,建设银行：董事会将于10月29日举行会议，以审议九个月业绩,Wind
2021-10-19,建设银行(00939.HK)10月29日董事会审议及批准三季度业绩,格隆汇
2021-10-19,宁德时代股价创新高，总市值一度涨破1.4万亿，超招行后紧追建行,AI财经社
2021-10-19,建行深圳市分行全面推出“跨境理财通”业务 首单业务落地前海,奥一网
2021-10-19,银发金融深调研|银行适老化改造提速，加大力度开发养老产品,奥一网
2021-10-19,最早今起开办！跨境理财通首批名单公布，这些银行可开办业务,资本邦
2021-10-19,跨境理财通首批试点银行放榜！系统对接、用户画像、消保迎战…,Wind
2021-10-19,最早今日正式上线！跨境理财通首批名单公布,中国基金报
2021-10-18,建设银行：梁锦松已正式就任独立董事,中国经济网
2021-10-18,“跨境理财通”首批试点公布 20家银行明日可正式开办业务,21经济网
2021-10-18,行长谈数据| 李礼辉：数据安全面临三大挑战，集团内部数据共享机制需明确,金融界
2021-10-18,建行江西省分行以新金融赋能教育事业发展,中国金融新闻网
2021-10-18,索信达控股与建设银行的监管报送实践,中国网
2021-10-18,建设银行：梁锦松担任独立非执行董事,Wind
2021-10-18,建设银行：加快培育新型基础设施领域新优势,中国经营报
2021-10-18,乡村振兴港湾揭牌、援疆特色产品展销……浦东首个“乡村振兴港湾”来了,东方网
2021-10-18,每日理财观察：央行和银保监会发布系统重要性银行名单,Wind
2021-10-18,田国立：银行业要特别关注数字化与绿色浪潮两大趋势,中国金融新闻网
2021-10-18,金融助力农业发展农民增收,浦东时报
2021-10-18,银行网点逆势重塑,新浪
2021-10-17,银行行业周报：社融回升可期 D-SIBS名单发布,新浪
2021-10-16,“新金融”助推“双循环” 建行全方位服务第130届广交会,中国金融新闻网
2021-10-16,四季度经济将延续复苏态势，机构称全年将增长8%以上,Wind
2021-10-16,央行、银保监会重磅发布！我国系统重要性银行名单出炉，有何影响？,Wind
2021-10-15,建设银行大连分行以巡察促改革 以整改促发展,中国金融新闻网
2021-10-15,【银华基金】交易日报2021-10-15,新浪
2021-10-15,建行连云港分行多措并举，打出乡村振兴“组合拳”,搜狐
2021-10-15,央行、银保监会联合发文，系统重要性银行附加监管规定来了,Wind
2021-10-15,建行营业部：九九重阳节 浓浓敬老情,搜狐
2021-10-15,建设银行：开展金融网络安全宣传活动，提升公众金融网络安全意识,面包财经
2021-10-15,荣科科技(300290.SZ)：拟向建设银行申请1亿元授信额度,格隆汇
2021-10-15,【互动掘金】赛轮轮胎：公司与部分船运公司已签署长期协议,证券时报网
2021-10-15,乐刚股份：拟用银行贷款用于补充公司流动资金,同壁财经
2021-10-15,建设银行指恒大集团在该行贷款余额相对较小 总体风险可控,观点地产网
2021-10-15,2021年中国ATM行业市场现状及竞争格局分析 智能终端替代传统ATM机、龙头地位稳固,前瞻研究院
2021-10-15,建设银行在内江发放当地首笔村集体高标准农田贷款,中国经济网
2021-10-15,上午突发|鸣石凌晨发布公告称将积极处理分歧 恒大在建行存量业务未逾期,鲸平台
2021-10-15,建设银行：恒大集团在建行的贷款余额相对较小，抵押充足,Wind
2021-10-15,建设银行：恒大集团在建行的贷款余额相对较小，抵押充足,金十数据
2021-10-15,建设银行董秘回复：恒大集团在我行的贷款余额相对较小，截至目前存量业务没有逾期,证券之星
2021-10-15,做IPv6先行者，中国建设银行履行大行担当,凤凰网
2021-10-15,"聚焦地标农产 建设产业链普惠新生态 ——茶香源自""活水""来",荔枝网
2021-10-15,建行助力打造美丽生态家园,中国金融新闻网
2021-10-15,佛山建行季华支行获客户锦旗致谢,搜狐
2021-10-14,移为通信(300590)：全球M2M领军企业 新品拓展打开成长空间,新浪
2021-10-14,我为群众办实事 | 建行重庆市分行“四个聚焦”为老年客户办实事解难题,上游新闻
2021-10-14,房地产周报：“金九”遇冷、政策有望边际调整,新浪
2021-10-14,建行西藏林芝分行进校园开展反洗钱及反电信网络诈骗宣传活动,中国金融新闻网
2021-10-14,重阳实地探访丨北京地区银行网点“适老服务”做的咋样？,北京商报
2021-10-14,*ST 聚龙：公司是工行、农行、中行、建行、交行，以及华夏、民生、兴业等十三家商业银行总行入围供应商，在货币反假、智能清分、第三方金融服务等领域具有较强的品牌优势,每日经济新闻
2021-10-14,基金圈人事密集变动：财通基金总经理王家俊或将离任 知情人士称为主动请辞 董监高成员变化,经济观察报
2021-10-14,让绿色金融“主场”遍布全国：建行支持生物多样性保护探访录,中国金融新闻网
2021-10-14,海南建行数字人民币助力打造“智慧食堂”,证券导报
2021-10-13,建行农行互相输送副行长 70后渐成银行高管主力,华夏时报
2021-10-13,21金融研究｜银行的“中收”战事：2021，谁是转型之王？,21世纪经济报道
2021-10-13,中央巡视组陆续进驻金融单位开展巡视：组长有金融专家，值班电话公布,Wind
2021-10-13,——建行大连市分行打造乡村振兴新格局,中国金融新闻网
2021-10-13,两家大行“领导对调”,Bank资管
2021-10-13,突发！又一家百强房企撑不住了,Wind
2021-10-13,上市银行“涉房”贷款盘点：占比普遍下降，仍有14家踩线,面包财经
2021-10-12,实录| 数据应用旧规则颠覆，银行、科技公司如何应对挑战？,和讯
2021-10-12,财华洞察|招商银行见底了吗？,财华社
2021-10-12,站在创新创业的风陵渡，谁将迎来新机遇？,格隆汇
2021-10-12,建行云南省分行聚焦云南打造世界一流“三张牌”——加大金融支持 赋能绿色发展,云南网
2021-10-12,甘肃为民企办“大讲堂”把脉短板 创设新金融生态环境,中新网
2021-10-12,银行也能办政务事项！上海“一网通办”构建政银合作新模式,新华网
2021-10-12,中国建设银行李巍：IPv6+助力金融行业构建全场景智能联接,C114通信网
2021-10-12,建行香港 2.25% N20211020：最后交易日期为10月15日,Wind
2021-10-11,宁夏远高实业集团：银川中院维持贺兰县人民法院合并重整民事裁定,Wind
2021-10-11,绿色金融 建行莲湖路支行在行动,凤凰网
2021-10-11,银行行业：RMBS重启放量 政策信号稳预期,新浪
2021-10-11,前三季度新基金托管规模成绩单出炉，招商银行蝉联榜首,资本邦
2021-10-11,前三季度11家机构新基金托管规模超千亿,Wind
2021-10-11,前三季度11家机构新基金托管规模超千亿,证券时报
2021-10-11,金融科技赋能银行数字化转型 年内1720家网点关停,证券日报
2021-10-10,建行云南省分行COP15金融服务全面开启,云南经济日报
2021-10-10,中国建设银行发布重要公告！,每日经济新闻
2021-10-10,楼市四大信号！“十一”黄金周成交降三成，多地房贷利率下调,Wind
2021-10-09,深耕普惠助小微 纾困解难办实事——建行深圳市分行深入社区开展“稳企业 保就业”活动,中国金融新闻网
2021-10-09,建行聘任李运担任副行长 此前为农行贵州省分行行长,金融界
2021-10-08,21金融研究丨金融区域集中度进一步提升，资产质量多有好转,21世纪经济报道
2021-10-08,为补充流动资金，金康精工拟向银行申请不超4000万元授信额度,资本邦
2021-10-08,3000亿跨境理财开闸，银行竞逐最富城市群,新浪
2021-10-08,【专栏】哪些银行在做假数字化转型？,零壹财经
2021-10-08,建设银行涉房业务困局待破：长租社区陷集中投诉 住房贷款超监管上限,新浪
2021-10-08,建设银行积极投身生物多样性保护 持续提供金融力量,中新网
2021-10-08,建行推动绿色金融发展 助力云南建设中国最美丽省份,中新网
2021-10-07,建行上海市分行推出“专精特新”小微企业专属融资服务,中国金融新闻网
2021-10-06,银行理财子公司的转型需要提速了,第一财经
2021-10-06,部分地区房贷利率松动，有购房者称“月供少了78元”,Wind
2021-10-03,54家上市银行信用卡存量规模与增长竞争力比拼,腾讯网
2021-10-03,哪些银行在做假数字化转型？,搜狐
2021-10-02,支付宝：与银联云闪付扫码互认将在明年3月覆盖全国所有城市,Wind
2021-10-01,多地房贷利率下调，房贷政策最紧时期要过去？,Wind
2021-10-01,超实用！消费满减、手续费打折、6块钱看电影……国庆长假信用卡营销战够拼的！,上证报
2021-10-01,中国建设银行“跨境优支付”业务落地 献礼横琴粤澳深度合作区揭牌成立,零壹财经
2021-10-01,财富管理大时代下的金融机构版图,Wind
2021-10-01,稳步上升，前三季度ABS承销排行榜揭晓,Wind
2021-09-30,青岛啤酒股份：最近十二个月分别与平安银行等8家银行订立了结构性存款协议,Wind
2021-09-30,建行迎来新副行长，来自农行！,丁丁创e
2021-09-30,建行公告新任副行长到位,中国金融新闻网
2021-09-30,“建行深圳通数字人民币交通卡”亮相服贸会，“双离线”首次应用于轨道交通,金融界
2021-09-30,安徽金融业精准发力：为科技创新、乡村振兴保驾护航,中国网
2021-09-30,社保卡开通、户籍证明开具，128项政务服务在银行网点就能办,中新网
2021-09-30,行业首发｜2021中国企业培训直播应用白皮书,凤凰网
2021-09-30,建行聘任李运担任副行长 此前为农行贵州省分行行长,新浪
2021-09-30,海南建行2740个“裕农通”服务点助力乡村振兴,证券导报
2021-09-30,民营银行的七年之痒：业绩两重天，高管“走马灯”,时代在线
2021-09-30,建设银行青岛市分行： 开启“财富季” 共建财富管理新生态,搜狐
2021-09-30,银行信用卡业绩十强榜：国有行领衔招行赶超 不良率总体下降,投资者网
2021-09-29,大型银行优化人才结构：左手紧握科技，右手推向基层,Wind
2021-09-29,21独家｜大型银行优化人才结构：左手紧握科技，右手推向基层,21世纪经济报道
2021-09-29,建设银行(00939.HK)聘任李运担任副行长,格隆汇
2021-09-29,建设银行：董事会审议并通过了《关于聘任李运先生担任本行副行长的议案》,Wind
2021-09-29,建设银行(00939.HK)：李运正式就行副行长,财华社
2021-09-29,建设银行“交易+银行”：数字人民币在农村产权交易场景首次应用,面包财经
2021-09-29,【异动股】建设银行(00939.HK)涨3.33%,财华社
2021-09-29,比依电器拟IPO：控股股东拆借3亿用于实控人家族投资消费等,中华网
2021-09-29,建行河北省分行 助力河北“奶业振兴”战略,新浪
2021-09-29,赣州银行上市未酬先换帅 一年要做大500亿规模的董事长离场 董监高成员变化,新浪
2021-09-29,【国泰君安国际】个股交易参考：建设银行(00939.HK)：强化资产质量跨周期管控，经营稳健向好,国泰君安证券香港
2021-09-29,特写|顶流机构如何看股权投资3.0时代？,财联社
2021-09-29,描绘乡村振兴美丽画卷 南京建行谱写裕农富苏新篇章,大众证券报
2021-09-29,全国首单碳中和概念信贷流转项目落地,上证报
2021-09-29,建行四川省分行联合阿坝金川县定点帮扶村开展主题党日活动,中国经济网
2021-09-29,手续费再减免 多银行发“减费让利”礼包,山西晚报
2021-09-29,【银期合集】最全面的银期签约操作指引来啦！,徽商期货
2021-09-28,河北张家口市金融机构助力中小企业和困难行业恢复发展,中国金融新闻网
2021-09-28,【银华基金】交易日报2021-09-28,新浪
2021-09-28,人行云南曲靖市中支“四聚四联” 推动金融科技为民办实事,中国金融新闻网
2021-09-28,建行“智慧快贷”上线龙岩数字普惠平台,中国金融新闻网
2021-09-28,向美好生活流动，建行广州分行战略布局保障租赁住房,奥一网
2021-09-28,让金融知识随手可得 建行广西区分行消保宣教数字化方便群众随学随用,中国金融新闻网
2021-09-28,“建行生活”重庆站全域开城盛惠市民,上游新闻
2021-09-28,广州应购公司涉嫌传销 醴陵法院裁定冻结2000万元资金 其他违规处罚,中国经济网
2021-09-28,建行合肥四里河路支行普惠金融业务实现可持续发展,搜狐
2021-09-28,建行合肥明珠广场支行“二手房”贷款开贷了,搜狐
2021-09-28,RMBS发行“井喷”、央行罕见提及房地产 信贷政策有望调整？,21世纪经济报道
2021-09-28,建设银行：以高质量跨境金融服务助力大虹桥建设,面包财经
2021-09-28,建设银行依托金融科技力量，数字人民币走进中石化加油站,面包财经
2021-09-28,银行业为小微企业送“大礼包” 据测算每年降费将达160亿元,新浪
2021-09-28,云南建投集团积极高效推进云南省保障性租赁住房建设－国务院国有资产监督管理委员会,国资委
2021-09-28,助力大湾区建设 绿色金融发展按下“快进键”,南都报
2021-09-27,30家银行保险机构上榜中国500强,新浪
2021-09-27,依托金融科技 建行有效缓解小微企业贷款难,中国金融新闻网
2021-09-27,【银华基金】交易日报2021-09-27,新浪
2021-09-27,计算机应用：开源软件正在建设数字中国IT底座 关注主流商业发行版公司,新浪
2021-09-27,首家零碳运营智能银行网点在渝亮相,上游新闻
2021-09-27,国家电投与建设银行签署乡村振兴能源合作协议与新金融赋能合作协议,北极星电力
2021-09-27,33年“老兵”告别中行 郑国雨正式出任工行副行长,华夏时报
2021-09-27,中关村发展集团与建设银行、中信证券、建信基金签署战略合作协议,凤凰网
2021-09-27,建信金融科技公司纪委着力推进加强“一把手”和领导班子监督工作,凤凰网
2021-09-27,建行马鞍山市分行举办个人客户资产配置专题培训,搜狐
2021-09-27,建设银行推进存款保险宣传：保障客户利益，化解金融风险,面包财经
2021-09-27,践行绿色普惠，为小微企业办实事 建行云南省分行首笔“电桩贷”落地,云南经济日报
2021-09-27,建行云南省分行首批“云农产业贷-云胶贷”落地西双版纳,云南经济日报
2021-09-27,小羽毛托起红星村振兴梦,中国金融新闻网
2021-09-27,5家银保机构位列中国企业500强榜单前十,金融投资网
2021-09-26,十九届中央第八轮巡视将对25家金融单位党组织开展巡视,Wind
2021-09-26,支付互联互通再进一步，银联云闪付接入腾讯和微信部分场景,Wind
2021-09-26,2021“中国企业500强”发布 5家银行保险机构位列榜单前十,中投网
2021-09-26,建设银行持续探索打造广州市保障性租赁住房项目试点,新快报
2021-09-26,建设银行深圳市分行倾力支持前海全面深化改革开放高水平建设,深圳新闻网
2021-09-26,2021中国企业500强榜单：工行、建行、农行净利润排前三,资本邦
2021-09-26,让党旗在新金融实践主战场高高飘扬——建行广州分行以党建引领新金融实践,新快报
2021-09-26,银行业：板块全线调整 41家上市银行仅1家上涨,新浪
2021-09-26,建行广州分行金融活水助力粤港澳大湾区建设,新快报
2021-09-26,银行“抢人”大战来了，部分岗位门槛高,Wind
2021-09-26,“抢人”大战来了，有大行秋招过万人，部分岗位门槛高，这类人才“受宠”,中证报
2021-09-25,建行将降低小微企业和个体工商户部分支付手续费,中国金融新闻网
2021-09-25,建行董事长田国立：建行联合1100家孵化机构 协力支持科创创业,新浪
2021-09-25,2021中国企业500强榜单出炉！,Wind
2021-09-24,建设银行：拟降低小微企业和个体工商户部分支付手续费 9月30日零时起生效,中国网
2021-09-24,城投公司深度研究系列之二：津城建起 踏征程再写新篇,新浪
2021-09-24,党旗领航——广州建行谱写新金融新篇章,新快报
2021-09-24,建行王浩：合规是支付安全的保障,中证网
2021-09-24,外汇局湖北襄阳市中心支局贴心“四送”为企业办实事,中国金融新闻网
2021-09-24,【券商聚焦】汇丰予工行、建行、中行及交行买入评级 指估值不高且资产负债表强劲,凤凰网
2021-09-24,建行金华分行成功落地全国银行间市场首单民企碳中和债,中国发展网
2021-09-24,建行香港 FRN N20210924：上市地位将于今天办公时间结束后撤回 退市,Wind
2021-09-24,每日理财观察：首批5只FOF-LOF产品获批,Wind
2021-09-24,“超级大包”来了！个贷不良批量转让市场供需活跃,Wind
2021-09-24,小微企业ABS发行累计超1000亿元 建行发行规模居首,证券日报
2021-09-23,上市金融机构密集回应：中信、民生两银行已压降恒大风险敞口,澎湃新闻
2021-09-23,建设银行回应恒大影响：贷款余额较小，抵押充足，存量业务未逾期,和讯
2021-09-23,“固收+”配置正当时 鹏扬景阳一年持有期混合9月8日-9月24日在建设银行发售,中国网
2021-09-23,房地产贷款风险来袭，多家银行撇清与恒大关联,Wind
2021-09-23,深圳建行消保小卫士｜走进华强北跨境电商产业园,南方网
2021-09-23,银行股是否反应过度了？多家撇清与恒大关联,Wind
2021-09-22,60万亿元！建行英国人民币清算行累计清算量实现新突破,腾讯网
2021-09-22,建设银行溧阳支行违法被罚50万 违反规定办理结汇业务 金融监管处罚,中国经济网
2021-09-22,中国建设银行股份有限公司领导一行莅临通威太阳能眉山基地参观调研,通威太阳能
2021-09-22,2000亿地产龙头大涨，万亿招行却大跌，发生了什么,Wind
2021-09-22,建行合肥习友路支行成功投放首笔“安居贷”,搜狐
2021-09-22,建设银行云南省分行5宗违法被罚215万 违规收费等 金融监管处罚,中国经济网
2021-09-22,建行绍兴分行：助力共同富裕,经济日报
2021-09-21,恒大漩涡里的20家银行,Wind
2021-09-21,地产冲击传闻不断，风险真有那么大？,Wind
2021-09-21,展望普惠金融新5年规划，贷款增速已到拐点？,Wind
2021-09-20,建设银行云南分行被罚款215万元 因违规向房企提供融资等5项原因 金融监管处罚,凤凰网
2021-09-20,佛山建行官窑支行开展党员社会实践活动,搜狐
2021-09-20,"这家民营银行换帅，新董事长曾入选耶鲁""世界学者""",Wind
2021-09-19,涉违规向房企融资等五项违规 建行云南省分行被重罚215万 金融监管处罚,中华网
2021-09-19,“贷款买房？明年再来！”,Wind
2021-09-18,建行首届乡村振兴创业创新创收大赛上海赛区复赛落幕,中国金融新闻网
2021-09-18,涉“5宗罪”！建行云南省分行被罚215万元 金融监管处罚,中新经纬
2021-09-18,云南银保监局：对建设银行云南省分行作出行政处罚，罚款215万元 金融监管处罚,Wind
2021-09-18,快讯｜涉违规收费等5项违规 建设银行云南省分行被罚款215万元 金融监管处罚,财经网
2021-09-18,建行济宁邹城支行：“兴农快贷”开启新金融助力乡村振兴新路径,搜狐
2021-09-17,“建行杯”广东省首届农村创业创新大赛总决赛在广州举行,和讯
2021-09-17,资本补充压力大，银行加速发债忙着“补血”,Wind
2021-09-17,银行网点进退两难，大幅收缩趋势尚不明显,Wind
2021-09-17,存款定价新机制落地近三月，利率降了银行揽储是否更难了？,Wind
2021-09-16,建行：自9月17日起上调Au（T+D）、mAu（T+D）等合约的涨跌幅度限制,北京商报
2021-09-16,谭木匠：认购1亿元建行理财产品,Wind
2021-09-16,谭木匠(00837)认购1亿元建行理财产品,智通财经
2021-09-16,建行上海分行定向“供氧”个体经营者,经济日报
2021-09-16,建行一客户经理被判刑！为了3万多元，泄露客户信息3万多条！ 其他违规处罚,--
2021-09-16,打造数字经济多业态引擎——建行四川省分行加速推进数字化经营内外赋能,每日经济新闻
2021-09-16,建设银行重庆某支行被罚 违规办理资本项目资金收付 金融监管处罚,中国经济网
2021-09-16,国通公司成功斩获建行北京地区首单个贷不良资产包,东方网
2021-09-16,建设银行广西五象支行违法被罚 员工行为管理不到位 金融监管处罚,中国经济网
2021-09-16,建行香港 FRN N20210924：最后交易日期为9月20日,Wind
2021-09-16,多家银行收紧外汇、贵金属业务,Wind
2021-09-15,广西银保监局：对建设银行广西自贸试验区南宁片区五象支行作出行政处罚，罚款25万元 金融监管处罚,Wind
2021-09-15,数字人民币试点推进加速,Wind
2021-09-15,建行大幅上调保证金比例 年内已有超20家银行限制黄金交易,21世纪经济报道
2021-09-15,建设银行：将对代理个人客户上金所贵金属交易业务延期合约交易保证金比例进行调整,中证网
2021-09-15,员工行为管理不到位，建设银行广西五象支行被罚25万元 金融监管处罚,中华网
2021-09-15,建行1.42亿不良个贷资产包成功转让，平均成交价4.6折,AI财经社
2021-09-15,建设银行发布重要公告 9月17日起将停止手机闪付产品ATM取款业务,金融界
2021-09-15,北向资金今日净买入逾21亿元，批量扫货光伏股,Wind
2021-09-15,建设银行：上调黄金延期合约保证金比例至40%,新浪
2021-09-15,建设银行调整贵金属延期合约保证金比例,Wind
2021-09-15,建行滁州市分行首笔“跨境易支付”业务成功落地,搜狐
2021-09-15,“皖农·云担通”在建行滁州市分行成功上线,搜狐
2021-09-15,建行定远支行积极推广“裕农快贷”产品助力乡村振兴,搜狐
2021-09-15,建行滁州市分行召开信贷资产风险管控专题推进会,搜狐
2021-09-15,建行首席财务官张毅辞任 下一站或为农行副行长 董监高成员变化,华夏时报
2021-09-15,零跑与建设银行签署合作协议 未来5年将提供近百亿战略资金,盖世汽车
2021-09-15,建行不良个贷“大肉包”次第推出 平均4.6折高价破纪录,华夏时报
2021-09-15,建设银行善融商务，值得信赖的电商平台,面包财经
2021-09-15,建行江西省分行绿色金融染绿赣鄱大地,中国金融新闻网
2021-09-15,零跑获建设银行近百亿战略资金支持，2025冲击80万辆目标,盖世汽车
2021-09-15,零跑与建设银行达成合作，获近百亿战略资金支持,盖世汽车
2021-09-15,“选择权贷款”再观察：建行在深圳签了1000家认股权,21世纪经济报道
2021-09-15,零跑科技与建设银行浙江省分行达成战略合作,第一电动网
2021-09-15,提供百亿资金支持 零跑与建设银行达成战略合作,网通社
2021-09-15,租得放心 住得安心 建行住房金融服务让安居梦照进现实,中国金融新闻网
2021-09-15,建行关闭部分客户贵金属交易,金融界
2021-09-14,建行：10月18日起对12个月无交易无持仓客户关闭贵金属及双向交易,深水财经社
2021-09-14,晚间重要公告2021年9月14日星期二,Wind
2021-09-14,天阳科技：公司早期已参与到建行数字货币的技术开发与测试工作中,财联社
2021-09-14,天阳科技：公司的建行数字货币相关业务已相继落地,Wind
2021-09-14,注意！招商南油：建行江苏分行计划减持不超过约4853万股 拟减持股份,每日经济新闻
2021-09-14,招商南油(601975.SH)建行江苏分行拟减持不超4852.78万股,智通财经
2021-09-14,招商南油：股东建行江苏分行拟减持不超过1% 拟减持股份,财联社
2021-09-14,招商南油：建行江苏分行拟减持不超1%股份 拟减持股份,Wind
2021-09-14,建设银行包头分行违法被罚 未审查交易单证真实性等 金融监管处罚,中国经济网
2021-09-14,龙江银行董事长从行里被带走调查，已掌舵八年…,Wind
2021-09-14,投资宽角度周报：北向、南向资金双双净流入 科技精选策略本周表现优异,新浪
2021-09-14,银行适老化改造：“面子”已改，“里子”待修,Wind
2021-09-13,建行调整贵金属及双向交易业务 或将暂停新开仓,中新经纬
2021-09-13,建设银行(601939.SH)：张毅辞任首席财务官 董监高成员变化,格隆汇
2021-09-13,建设银行调整账户贵金属及双向交易业务,Wind
2021-09-13,"建设银行：自2021年10月18日（周一）起，对连续12个月无任何交易且无持仓份额的客户关闭账户贵金属及双向交易业务，并不再就此进行公告
经营问题",金十数据
2021-09-13,建设银行：自2021年10月18日（周一）起，账户贵金属及双向交易业务客户风险承受能力要求由原“稳健型”（C3）调整为“激进型”（C5）,金十数据
2021-09-13,因工作调动 建行首席财务官张毅辞职 董监高成员变化,北京商报
2021-09-13,建设银行：首席财务官张毅辞任 董监高成员变化,Wind
2021-09-13,建设银行(00939.HK)：张毅辞任首席财务官职务 董监高成员变化,格隆汇
2021-09-13,工行、建行、招行等银行，谁数字化转型最坚决？,金融界
2021-09-13,建行常州新北支行违法被罚 违规办理经常项目资金收付 金融监管处罚,中国经济网
2021-09-13,【专栏】银行业「军备竞赛」升级,零壹财经
2021-09-13,建设银行宁波市分行2宗违法被罚 案件风险信息漏报等 金融监管处罚,中国经济网
2021-09-13,建设银行：中债收益率上行 人民币汇率走强,新浪
2021-09-13,房地产行业周报：流动性风险事件持续发酵 行业出清中将迎来改善,新浪
2021-09-11,建行大学参加北京“两区”建设境外高水平职业资格需求研讨会,中国金融新闻网
2021-09-11,宁波银保监局：对建设银行宁波市分行作出行政处罚，罚款85万元,Wind
2021-09-10,存在案件风险信息漏报和案件迟报行为 建行宁波分行被罚85万 责任人被纪律处分 金融监管处罚,中华网
2021-09-10,罚款645万！宁波银保监局2天开12张罚单，涉建行、工行等 金融监管处罚,中新经纬
2021-09-10,六大行上半年营收合计1.84万亿元：建行净利润重回两位数增长 中行不良贷款“双降”,华夏时报
2021-09-10,ST同洲：全资子公司主要银行账户被司法冻结 关联方问题,Wind
2021-09-10,北向资金连续三周加仓累计净买入600亿，中远海控获大幅净买入近10亿元,Wind
2021-09-10,厦工股份(600815.SH)：持股5.11%股东厦门建行拟减持不超1%股份 拟减持股份,格隆汇
2021-09-10,厦工股份(600815.SH)股东厦门建行拟减持不超1774.09万股 拟减持股份,智通财经
2021-09-10,厦工股份：股东厦门建行计划减持不超1%股份 拟减持股份,Wind
2021-09-10,厦工股份：厦门建行拟减持不超1%公司股份 拟减持股份,财联社
2021-09-10,建行原董事长王洪章：中小企业融资难、融资贵仍是比较突出的问题,金融界
2021-09-10,构建善可持续新生态，盟浪与建行等20余家生态伙伴签约,中国贸易新闻网
2021-09-10,快鱼电子(838168)：专注安防音频监控产品研产销 公司发布回购计划实施股权激励,新浪
2021-09-10,建设银行上海东方路支行违法被罚 逾期缴纳罚款 金融监管处罚,中国经济网
2021-09-09,建行重庆市分行： 新金融助力长江大保护 绿色金融摹画“山清水秀”,上游新闻
2021-09-09,移为通信：建设银行项目正常履行中,每日经济新闻
2021-09-09,银保监会：二季度共接收并转送银行业消费投诉84424件，同比增长25.5%,Wind
2021-09-09,建行海南省分行 打造聚合支付“智慧连锁母婴生态圈”,证券导报
2021-09-09,房地产贷款增速创8年新低，经营贷违规流入楼市排查基本完成,Wind
2021-09-09,30万亿银行理财面临大洗牌：大行忙整改，小行转代销,Wind
2021-09-08,建设银行今日大宗交易成交58.20万股，成交价5.47元折价12.06%,Wind
2021-09-07,建设银行：践行“新金融”理念 持续提升ESG信息披露质量,中证网
2021-09-07,建设银行黄石分行被罚 办超限额个人外币现钞提取业务,中国经济网
2021-09-07,银行周榜｜工行、建行微信榜上迎来“遭遇战”，谁是最终赢家？,中国银行保险报
2021-09-07,送达诉状副本及开庭传票——中国建设银行股份有限公司上海嘉定支行 诉讼纠纷,上海高级人民法院
2021-09-07,天风证券：维持建设银行(601939.SH)“增持”评级 目标价6.99元,智通财经
2021-09-07,天风证券维持建设银行增持评级：净息差企稳，对公信贷结构持续优化,每日经济新闻
2021-09-07,广电运通：中标甘肃建行“2021年蓝梦住房租赁信息服务大厅”智慧网点项目,e公司
2021-09-07,建行携手“固收+”旗舰公司出新品 共建财富管理普惠新时代,中证网
2021-09-07,数万亿元信贷资金投向哪里？透视六大行资金流向之变,Wind
2021-09-07,11家上市银行按揭贷款“踩红线”，涉房贷款继续“瘦身”,Wind
2021-09-07,建设银行：以新金融行动推动可持续发展,中证报
2021-09-06,第十届金交会将于9月17日开幕，广期所将首次亮相,Wind
2021-09-06,多家银行涉房贷款仍踩红线,Wind
2021-09-06,四大行上半年减少员工2万多人：三大行关停210个网点，工行略有回升,Wind
2021-09-06,摩通：上调建行(0939.HK)目标价至8.2港元 评级“增持”,格隆汇
2021-09-06,扎根自贸区 服务自贸区 建设自贸区：南京建行金融创新为南京自贸片区建设提速,搜狐
2021-09-06,建行沛县支行“苏叶云贷”抢占零售市场,搜狐
2021-09-06,21专访丨贝莱德建信理财首席投资官：深耕建行渠道，投研能力侧重权益和多资产,21世纪经济报道
2021-09-06,小摩：维持建设银行增持评级 目标价升3.7%至8.2港元,新浪
2021-09-06,建设银行全力以赴再谱抗疫新篇章,中国金融新闻网
2021-09-06,六大国有银行不良贷款率均下降，前瞻性指标稳中向好,Wind
2021-09-05,沸腾了！240万银行人涨工资了，加薪最猛竟是TA,Wind
2021-09-04,建设银行原董事长王洪章：建议尽快推广监管沙河制度,新浪
2021-09-03,苏宁易购：接连获得金融机构新增授信,Wind
2021-09-03,银行涉房贷款半年考：11家个人住房贷款仍超标,Wind
2021-09-03,26家银行涉房类贷款占比下降 谁还在踩红线,北京商报
2021-09-03,建行济宁嘉祥支行：当好消费者权益保护教育宣传“多面手”,搜狐
2021-09-03,金融定点扶贫 | ?鞋——建行扶贫故事,央行
2021-09-03,专家分析：9月份资金面将保持流动性合理充裕,Wind
2021-09-03,利润增厚转型提速，银行中报理财业绩抢眼,Wind
2021-09-02,古鳌科技：公司已入围建设银行供应商,Wind
2021-09-02,建设银行：构建数字化对公移动一站式综合服务平台 赋能小微企业成长,面包财经
2021-09-02,建行重庆市分行普惠金融书写服务乡村振兴新篇章,中新网
2021-09-02,高净值财富大爆发，招行突破3万亿，平安半年增长19%领先,Wind
2021-09-02,建行全力助推昆明市首单“绿色中票”落地,云南经济日报
2021-09-02,每日理财观察：券商分仓佣金创历史新高,Wind
2021-09-02,驻建行纪检监察组防范新兴业务领域风险 对存量问题逐一排查,新浪
2021-09-02,银行涉房类贷款半年考：超六成占比下降，招行兴业等7家双指标越线,Wind
2021-09-02,建行与中国信保签署全面合作协议,新浪
2021-09-02,建行集团母子公司联动撬动更多资源助力乡村振兴,新浪
2021-09-02,银行信贷投放料加码，房贷政策难获松绑,Wind
2021-09-01,工行建行数字人民币钱包开立数占全国一半，下一步试点瞄准哪,澎湃新闻
2021-09-01,上半年银行调整房地产贷款集中度进展如何：5家银行仍踩红线,Wind
2021-09-01,四维看中报，建设银行新金融如何以活促稳、以稳促进,财联社
2021-09-01,守正出奇，建行凭什么？,和讯
2021-09-01,建行重庆市分行：开启第二发展曲线提升服务水平,钢企网
2021-09-01,银行行业快评：银行视角看宽信用的难点 关注中小行,新浪
2021-09-01,建行：个人房贷余额超标部分逐年消化,金融界
2021-09-01,广东银保监局指导建设银行成立全国首个“气候网点”,北京商报
2021-09-01,下半年业绩预计如何？不良贷款率会否反弹？建行都乐观回应了,南都报
2021-09-01,公募基金中报纵览：盈利仍居高位，管理费收入增七成,Wind
2021-09-01,应对息差收窄压力 银行激战财富管理市场,上证报
2021-09-01,每日理财观察：8月制造业PMI保持扩张，稳增长力度将加大,Wind
2021-09-01,大行干部跨行交流新动作,Wind
2021-09-01,招行人均月收入5.8万！超半数银行薪酬总盘子两位数增长,Wind
2021-09-01,建行：上半年净利润同比增长10.92%,中国金融新闻网
2021-09-01,转型成效凸显，银行理财公司发展料多点开花,Wind
2021-09-01,逐鹿百万亿元财富管理市场，商业银行角力私行业务,Wind
2021-09-01,信用债日报：地产债多数下跌，宝马16.33亿购下华晨汽车制造,Wind
2021-08-31,六大行涉房贷款质量大比拼：三家不良抬头，邮储建行踩集中度红线,第一财经
2021-08-31,建行回应住房贷款超监管红线：存量超标部分将逐步重点消化 推进住房租赁战略,经济观察报
2021-08-31,华晨破产重整新进展，宝马16.33亿购下华晨汽车制造,Wind
2021-08-31,六大行上半年日赚超35亿！工行稳坐第一，建行净利润增幅创7年来新高,金融界
2021-08-31,国有银行半年考：工行稳坐头椅，交行人均薪酬 16 万，还有两大行房贷“踩红线”,ZAKER
2021-08-31,招商银行、建设银行、中信银行回应15号文：业务影响有限，拒绝政府兜底,证券之星
2021-08-31,建行：上半年末个人住房贷款余额6.1万亿元 在贷款总额中占比逐步下降,中证网
2021-08-31,建行副行长纪志宏：上半年净值型产品规模达1.23万亿元，已将大财富管理作为战略重点,Wind
2021-08-31,建行副行长纪志宏：上半年净值型产品规模达1.23万亿元 已将大财富管理作为战略重点,中证网
2021-08-31,建行副行长张敏：今年上半年末在建行开立的个人数字人民币钱包723万余个,中证网
2021-08-31,建行、交行、中信银行回应15号文影响：业务影响有限,Wind
2021-08-31,建行行长王江：上半年建行普惠金融贷款达到1.71万亿元,中证网
2021-08-31,建行重庆市分行：智慧倾情支持重庆高质量发展,钢企网
2021-08-31,建设银行金融科技战略纵深发展 上半年净利增长10.92%,中国网
2021-08-31,建行、交行、中信银行回应15号文影响：业务影响有限,21世纪经济报道
2021-08-31,建设银行：金融科技助力足协平台升级,面包财经
2021-08-31,银行周榜｜建行、工行、农行、邮储银行逐鹿微信榜,中国银行保险报
2021-08-31,建设银行上半年净利润呈双位数增长 金融科技战略纵深发展,中国网
2021-08-31,建行合肥明珠广场支行开展合规教育培训,搜狐
2021-08-31,个人住房贷款占比下降，建行高管详解：下一步贷款怎么投、个人住房贷款怎么做、大财富管理作为战略重点怎么推？,中国证券网
2021-08-30,中农建行齐交成绩单 均呈两位数增长,第一财经
2021-08-30,建设银行(601939)2021年中报点评：战略赋能 提质增效,新浪
2021-08-30,行长王江剖析建设银行利润增长因素：上半年信贷投放增速超过资产增速|财报眼,新浪
2021-08-30,银行数字人民币“期中成绩单”放榜！建行钱包数量已近千万 亦有多家中小银行开启试点,财联社
2021-08-30,建设银行净利润回归两位数增长 预计净息差年底将企稳,财联社
2021-08-30,建行上海分行积极推进贸易融资驶向线上快车道,经济日报
2021-08-30,建行开立个人数字人民币钱包723万余个，将继续推进研发和试点,贝壳财经
2021-08-30,建行谈个人房贷占比超限：影响可控，存量超标部分将逐步重点消化,贝壳财经
2021-08-30,建设银行程远国：预计建设银行的资产质量仍将保持平稳 信贷成本率基本稳定,上证报
2021-08-30,建设银行张毅：预计全年净利息收益率保持在合理水平,上证报
2021-08-30,建设银行程远国：个人住房贷款在贷款总额中占比下降 将继续平稳、有序开展个人住房贷款业务,上证报
2021-08-30,房地产贷款集中度有何影响？存量理财整改进度如何？建行回应了,中新经纬
2021-08-30,四大投资维度看建行二季报， 股价被“严重低估”，迎左侧布局机会！,红周刊
2021-08-30,国有六大行上半年日赚35亿元，净息差普遍收窄,Wind
2021-08-30,建设银行王浩：当前信贷投放总体平稳 预计新发放贷款利率将保持基本稳定,上证报
2021-08-30,建设银行纪志宏：存量理财整改相关进度符合预期 已把大财富管理作为战略重点,上证报
2021-08-30,建设银行副行长王浩：上半年末已审批通过对公信贷项目储备共计6.6万亿元,新浪
2021-08-30,建设银行：积极探索数字人民币智能合约、双离线交易等创新领域,财联社
2021-08-30,建设银行张敏：建设银行开立的数字人民币个人钱包达700多万个,新浪
2021-08-30,建设银行：房贷存量超标部分将逐步消化 总体影响可控,财联社
2021-08-30,建设银行副行长张敏：金融科技的本质是金融,新浪
2021-08-30,【券商聚焦】高盛维持工行、建行买入评级 惟予交行沽售评级,凤凰网
2021-08-30,建设银行行长王江：上半年建行资产总额29.83万亿元 较上年末增加1.70万亿元,新浪
2021-08-30,建设银行(601939)2021年中报点评：息差持平 严标准下不良率下降,新浪
2021-08-30,额度告急！部分一线城市二手房房贷排队到明年,Wind
2021-08-30,建行重庆市分行：先进科技铸造城市新金融动力引擎,凤凰网
2021-08-30,【券商聚焦】交银维持建行目标价8.2港元 指盈利与资产质量稳步回升,凤凰网
2021-08-30,美银证券：重申建行(0939.HK)买入评级 目标价下调至7.7港元 机构下调估值,格隆汇
2021-08-30,美银证券：重申建设银行(00939)“买入”评级 目标价降4.3%至7.7港元,智通财经
2021-08-30,【行情】港股银行股普遍走低，招商银行跌2.27%，汇丰控股跌1.84%，民生银行跌1.51%，邮储银行跌1.46%，建设银行跌1.42%,金十数据
2021-08-30,建行上半年实现净利润1541.06亿元,中国金融新闻网
2021-08-30,建设银行：坚定推进住房租赁业务高质量发展,中保网
2021-08-29,房地产行业周报：杭州调整供地规则 坚定看好高信用开发商,新浪
2021-08-29,建行上海市分行积极推进贸易融资驶向线上“快车道”,中国金融新闻网
2021-08-29,下周行情稳了！免税龙头半年大赚53亿，长城汽车业绩暴增200%，银行业赚翻,Wind
2021-08-28,详解建设银行2021年半年报：营收平稳向上，净利润同比+11.4%，管理和资产质量优秀【中泰银行·戴志锋/邓美君/贾靖】,传统借贷vs新型金融
2021-08-28,建设银行上半年净利润增长10.92% 开立数字人民币钱包842万个,和讯
2021-08-28,建设银行上半年实现净利1541.06亿元 同比增10.92%,中国网
2021-08-28,「A股中报·8月27日」工行、建行成绩亮眼，国航、南航仍亏损 亏损,时代周报
2021-08-28,建设银行信用卡上半年实现消费交易额 1.50 万亿元 不良率 1.28%,中国网
2021-08-28,上市公司正负面新闻2021年8月28日星期六,Wind
2021-08-28,大行上半年“成绩单”出炉，多重因素助推利润增速显著回升,Wind
2021-08-28,石河子银保监局：对建设银行石河子市分行作出行政处罚，罚款35万元,Wind
2021-08-28,昌吉银保监局：对中国人民财险昌吉州分公司下属机构昌吉市支公司作出行政处罚，罚款12万元,Wind
2021-08-27,建行新疆分行开展消费者权益保护数字化宣教活动,搜狐
2021-08-27,建设银行：上半年发放贷款和垫款较上年末增加1.26万亿元,中证网
2021-08-27,晚间要闻2021年8月27日星期五,Wind
2021-08-27,建设银行上半年日赚8.5亿元总资产逼近30万亿，个人经营贷增幅近4成,中华网
2021-08-27,建行上半年净利润为1533亿元,北京商报
2021-08-27,建行上半年净利润1533亿，个人住房贷款增2749.8亿,澎湃新闻
2021-08-27,建设银行：数字人民币累计交易金额约189亿元,财联社
2021-08-27,晚间重要公告2021年8月27日星期五,Wind
2021-08-27,建设银行(00939)中期归母净利同比增长11.39%至1533亿元 不良贷款率1.53%,智通财经
2021-08-27,银行财眼丨建设银行2021半年报：净利润1541.06亿 同比增长10.92%,凤凰网
2021-08-27,建设银行(601939.SH)上半年归母净利润升11.39%至1533亿元,格隆汇
2021-08-27,建设银行：上半年净利润同比增长11.39%,Wind
2021-08-27,13家银行签署绿色金融《负责任银行原则》，大银行半数缺席,Wind
2021-08-27,建设银行：上半年净利1533亿元 同比增长11.39%,财联社
2021-08-27,建设银行：上半年净利润为1533亿元，同比增长11.39%,Wind
2021-08-27,建行石河子市分行及2副行长违法被罚 贷前调查不尽职 董监高成员异常事件,中国经济网
2021-08-27,央行再次提醒虚拟币风险，将持续打击相关交易炒作活动,Wind
2021-08-27,任泽平：全球历次房产大泡沫，催生、疯狂、崩溃及启示,Wind
2021-08-27,建行为民办实事 阳光选房暖人心——建行云南省分行在全国率先实现公租房系统摇号功能实质性应用,云南经济日报
2021-08-27,河北省打造12个特色优势产业集群,Wind
2021-08-27,建行贯彻新发展理念 以新金融行动助力实体经济发展,中国金融新闻网
2021-08-26,建设银行：助力贸易金融服务升级 积极推进贸易融资,面包财经
2021-08-26,阿里云中标建行旗下建信金科服务采购项目,中国电子银行网
2021-08-26,进出口运费不再愁 建行四川省分行推出中欧班列运费融资产品,中国经济网
2021-08-26,【939】建行中期多赚11%至1533亿人币 不派息 | 头条金融网,头条日报
2021-08-26,天阳科技：公司在数字货币方面已有相关业务落地,Wind
2021-08-26,创新服务助力打造科创新高地 建行湖南省分行为“三高四新”战略贡献金融力量,中国金融新闻网
2021-08-26,“跨省通办”提升办事体验 建行赋能政务服务再添新举措,中国金融新闻网
2021-08-26,监管出手！六大行超5000只理财产品望加速改造,Wind
2021-08-25,建行上海市分行为在校大学生搭建成长平台,中国金融新闻网
2021-08-25,监管出手！大行理财产品9月1日后所配资产不得采用成本法估值,Wind
2021-08-25,男子称跑了100多次公积金贷款难办 建行回应：会积极配合，尽快受理,新浪
2021-08-25,因贷款“三查”不到位等案由 建设银行两支行合计被罚60万 金融监管处罚,凤凰网
2021-08-25,深圳市美芝装饰设计工程股份有限公司 关于非公开发行股票募集资金专户销户完成的公告,证券时报
2021-08-25,鸡西银保监局：对建设银行虎林支行作出行政处罚，罚款30万元,Wind
2021-08-25,鸡西银保监局：对建设银行鸡东支行作出行政处罚，罚款30万元,Wind
2021-08-24,慈善理财助力乡村振兴常帮长扶实现共同富裕,期货日报网
2021-08-24,涉贷款资金未按约定用途使用等案由 建行虎林支行被罚款30万 金融监管处罚,中华网
2021-08-24,贷款“三查”制度落实不严、支付管理不到位 建行鸡东支行被罚款30万 金融监管处罚,中华网
2021-08-24,九卦 | 不付全款，你可能明年才能买到房？,搜狐
2021-08-24,建设银行鸡西两支行收4罚单 贷款“三查”不到位 金融监管处罚,中国经济网
2021-08-24,建设银行虎林支行被罚30万：贷款“三查”不到位 金融监管处罚,新浪
2021-08-24,建设银行鸡东支行被罚30万：贷款“三查”制度落实不严 金融监管处罚,新浪
2021-08-24,建设银行、中银香港、世茂集团(00813.HK)等被纳入首期恒生沪深港(特选企业)高股息率指数,格隆汇
2021-08-24,建行江西省分行助力产教融合打造“现代工匠”,中国金融新闻网
2021-08-24,建设银行：致力普惠金融输出金融科技，打造宜业宜居智慧新城,面包财经
2021-08-24,银行周榜｜建行微信榜上火力全开，杠上工行“军团”,中国银行保险报
2021-08-24,女子给银行卡降级规避强执 法院向建设银行发送司法建议,新浪
2021-08-24,监管出手整治 “大数据杀熟” 建行、交行等六银行被罚超1700万,财富动力网
2021-08-24,数字人民币将亮相金融嘉年华,北京青年报
2021-08-24,浙江三美化工股份,证券时报
2021-08-23,【银华基金】交易日报2021-08-23,新浪
2021-08-23,央行召开金融机构货币信贷形势分析座谈会：促进实际贷款利率下行,Wind
2021-08-23,建行信用卡：创新信用卡产品服务 促进乡村振兴,第一财经
2021-08-23,2021年上半年中国绿色债券市场回顾与展望,第一财经
2021-08-23,A股大幅反弹北向资金加仓超18亿，持续加码高景气板块,Wind
2021-08-23,银行本周聚焦：8家银行中报业绩如何？承销规则修订有何影响？,新浪
2021-08-23,深度*行业*银行业周报：7月经济数据低于预期 稳增长与防风险并重,新浪
2021-08-23,中国建设银行成功举办“新金融赋能数字政府”主题发布活动,建设银行
2021-08-23,建行重庆市分行牢记“国之大者” 打造金融科技应用典范,钢企网
2021-08-23,金融监管政策周报（8.16-8.22）：规范信用债市场,Wind
2021-08-23,银行业投资观察：中报乐观 经营稳定,新浪
2021-08-23,观案｜结清欠款征信不良记录未删除建行成被告 法院：双方达成一致已结清，该删！ 诉讼纠纷,财经网
2021-08-23,建设银行违法被央行罚388万 占压财政存款或资金等 金融监管处罚,中国经济网
2021-08-23,建行资管部张明合：资管业务发展形势与转型思考,新浪
2021-08-23,央行再出重拳，5大行被罚1541万，所为何因？,Wind
2021-08-23,渝见美好 智行未来 中国建设银行数字银行展馆闪亮智博会,上游新闻
2021-08-23,建行2021年财富季活动开启财富管理普惠时代,中国金融新闻网
2021-08-23,央行再度重拳出击 5家大行被罚1541万所为何因？,券商中国
2021-08-23,擅自占用企业合法产权地建设扶贫产业园 村委会:没有钱去主动拆,搜狐
2021-08-22,央行重罚5家银行：建设银行被罚388万 华夏银行被罚486万 金融监管处罚,新浪
2021-08-22,显著加仓港股！全球TOP20基金这样布局中国,Wind
2021-08-22,剑指信用信息管理不善等 建设银行等5家银行领罚单,新浪
2021-08-22,交行建行华夏银行兴业银行邮政银行被处罚！涉违规信息采集等 金融监管处罚,奥一网
2021-08-22,罚款合计1541万 央行出手，邮储、建行、交行、华夏、兴业银行被罚,中华网
2021-08-22,占压财政存款或者资金、违反账户管理规定 建设银行被央行罚款388万 金融监管处罚,中华网
2021-08-22,违反账户管理相关规定 邮储银行被央行罚款600万 5人同时被罚,中华网
2021-08-21,罚款超1700万！央行、银保监出手，建行、交行、光大等六银行“栽了”！ 金融监管处罚,中国基金报
2021-08-21,广州房贷利率五连升 购房者月供多还千余元,经济观察网
2021-08-20,昆明地铁开启刷脸乘车，建行云南省分行联合昆明地铁共推智慧城市建设,云南经济日报
2021-08-20,2020年大型商业银行大比拼：工行资产破33万亿 交行不良率明显上升,清华金融评论
2021-08-20,商务部与建设银行签署战略合作协议,e公司
2021-08-20,违反账户管理相关规定！建行等5家银行被央行罚没1541万！ 金融监管处罚,新浪
2021-08-20,银行直播“带货”火了！,中新经纬
2021-08-20,中储京科与建设银行首笔线上数字化仓单融资业务成功落地,环球物流网
2021-08-20,贝莱德两大境内主体将发股票产品，看看投资布局思路有何不同？,Wind
2021-08-20,群众的需求就是我们前进的方向深圳建行建设路支行为农民工兄弟“护薪”,深圳新闻网
2021-08-20,建设银行(00939)将于本月27日披露中报 大行更新评级及目标价(表),智通财经
2021-08-20,广东逐步形成全方位金融支农大格局,南方日报
2021-08-20,云南建行深化“银税互动”提升小微企业服务能力,金融界
2021-08-20,直播“带货”走进银行 转型步伐加快,新华网
2021-08-20,平安、招商纷纷试水 银行宁赔钱也要直播“赚吆喝”为哪般？,新浪
2021-08-20,银行试水直播“带货” 新的业务模式是否合规？,经济日报
2021-08-20,零售双雄的私行业务较量：共通之处与真实差,新浪
2021-08-20,服务低碳经济：建行多方位打造“绿色范儿”,中国金融新闻网
2021-08-20,银行直播“带货”能否带动零售转型,经济日报
2021-08-19,广州首个工改租保障性租赁住房落地，167套房子8月底入市,奥一网
2021-08-19,新增百亿“弹药”，苏宁易购打响“翻身仗”,搜狐
2021-08-19,2021年8月20日涨停板早知道：七大利好有望发酵,新浪
2021-08-19,广州市人社局和建行广州分行助力就业者实现安居梦,奥一网
2021-08-19,古鳌科技(300551.SZ)收到建设银行供应商入选通知,智通财经
2021-08-19,古鳌科技：入选建设银行供应商,e公司
2021-08-19,古鳌科技：入选建设银行供应商,Wind
2021-08-19,深圳银行业启动“百行进万企服务新格局为民办实事”银企对接活动 推动金融支持经济社会持续恢复和高质量发展,深圳新闻网
2021-08-19,还清贷款仍有不良征信 建行被告上法庭 诉讼纠纷,新浪
2021-08-19,建设银行：科技赋能，手机银行连接美好生活,面包财经
2021-08-19,建信人寿：银行系险企的数字化转型之路,零壹财经
2021-08-19,银行二套房利率进入6%时代,Bank资管
2021-08-19,六家银行带来100亿授信，苏宁易购靠什么杀出重围？,深水财经社
2021-08-19,数字金融的未来，唯有云知道,华泰证券资产管理
2021-08-19,小店变身金融站 金融机构加速返乡,南方日报
2021-08-19,建行海南省分行积极推动“两个责任”落实落地,证券导报
2021-08-19,政府“搭台”银企“唱戏”，深圳银保监牵头推“百行进万企”,南都报
2021-08-19,华融利好提振投资级债市 高收益恒大领跌仍走弱,新浪
2021-08-19,建行普惠金融服务再升级,上游新闻
2021-08-19,乌兰察布银保监局：对建设银行乌兰察布分行作出行政处罚，罚款25万元,Wind
2021-08-18,【银华基金】交易日报 2021-08-18,新浪
2021-08-18,建行吉林省分行金融引擎助力绿色发展,中国金融新闻网
2021-08-18,六大行人均效能全比拼！人均净利润最高的银行，人均薪酬也最高,丁丁创e
2021-08-18,6家银行新增百亿授信，苏宁易购新战略再获资金支持,Wind
2021-08-18,苏宁易购新增百亿授信，来自江苏银行、南京银行、建设银行、工商银行、农业银行和中国银行,金十数据
2021-08-18,建设银行乌兰察布分行被罚25万：违规发放按揭贷款 金融监管处罚,新浪
2021-08-18,建设银行牡丹江分行被罚 违反外汇登记管理规定 金融监管处罚,中国经济网
2021-08-18,ATFX港股：建设银行或将回补除息导致的缺口,金融界
2021-08-18,新疆：拓宽渠道、提升效率、对接需求——金融科技赋能美好生活,新浪
2021-08-18,普惠小微企业助力绿色能源 苏州建行“绿色设备贷”找准服务切入点,大众证券报
2021-08-18,立足新发展打造新生态 建行开创金融服务新格局,中新网
2021-08-18,新金融赋能 建设银行助力政务服务“跨省通办”,中新网
2021-08-17,广州房贷利率5连涨，二套房普遍进入“6”时代,第一财经
2021-08-17,六大行人均效能全比拼:人均营收交行最高、建行排其次,新浪
2021-08-17,*ST聚龙收到建设银行入围通知书,上证报
2021-08-17,“小龙虾，慧用钳”建行湖北分行支持龙虾产业补链、强链,新华网
2021-08-17,*ST聚龙：入选建设银行供应商,财联社
2021-08-17,*ST聚龙(300202.SZ)收到建设银行供应商入选通知,智通财经
2021-08-17,潍坊建行承诺办卡免费洗车难兑现 政策有变引消费者不满,新浪
2021-08-17,建行永川支行与永川农业农村委暨区乡村振兴局签订 “助力乡村振兴”战略合作协议,上游新闻
2021-08-17,奥哲以完善的低代码产品矩阵，为泛行业企业客户数字,中经导报
2021-08-17,招商积余(001914)：外拓稳健增长 整合重新出发,新浪
2021-08-17,中国银保监会博士后工作站举办第二届学术研讨会,Wind
2021-08-17,数字人民币将全面走向大众？参与流通银行正在增加 还有11家已获准引导客户体验,券商中国
2021-08-17,天津：银企校携手打造绿色低碳发展智库,中国经济时报
2021-08-17,建行东莞市分行走百企服务客户,腾讯网
2021-08-17,银行账户分类“护体” 数字人民币冀盼一跃千里,证券时报
2021-08-16,哭晕！成都房贷利率又涨了！某银行首套上浮28%,ZAKER
2021-08-16,银行缘何收紧贵金属业务？,Wind
2021-08-16,江山欧派：为全资子公司向建设银行江山支行申请授信业务提供3000万元担保 大额借贷担保,发布易
2021-08-16,金融助力补链强链 科技发挥关键作用,中国金融新闻网
2021-08-16,白城银保监局：对建设银行白城分行作出行政处罚，罚款25万元 金融监管处罚,Wind
2021-08-16,2020上市银行信用卡：发卡量两极分化、投诉占比过半、不良普升,新浪
2021-08-16,继建设银行后，农业银行也出现了同样的“问题”,腾讯网
2021-08-16,建行“善付通”平台：提升供应链管理效率，为企业增能赋能,面包财经
2021-08-16,建设银行白城分行被罚 个人贷款发放前未审核资料凭证 金融监管处罚,中国经济网
2021-08-16,个贷放款前未审核借款人是否符合合同条件 建设银行白城分行被罚款25万 金融监管处罚,中华网
2021-08-16,佛山建行举办AFP金融理财师考前培训班,搜狐
2021-08-15,巴菲特潜在心动A股名单：未来净利高增长股仅11只,Wind
2021-08-15,固定收益周报：盐湖股份涅盘重生复,新浪
2021-08-14,建设银行与拉卡拉开展战略合作，打造生态融合新范式,凤凰网
2021-08-14,某国有大行客户经理出售3万客户资料！获利3.6万,丁丁创e
2021-08-14,银行数字化转型的战略起点：征信“断直连”的视角,金融界
2021-08-14,房地产行业周报：土拍政策调整或带来板块配置机会,新浪
2021-08-14,新一轮省联社改革箭在弦上，广东、贵州等地人事大调整,Wind
2021-08-14,建行济宁金乡支行：成功完成首笔裕农通渠道“兴农快贷”申请,搜狐
2021-08-13,科技让金融服务触手可及,搜狐
2021-08-13,建行再陷“泄露门”！客户经理拿回扣泄露3万条个人信息，农行等多家机构因其被罚 安全事故,新浪
2021-08-13,54家上市银行PK：工行科技投入最多 建行普惠余额最高,新浪
2021-08-13,“企航北岸”融资对接会为企纾困,钢企网
2021-08-13,建行“创业者港湾”，全方位助力中小微企业成长,金融界
2021-08-13,为拿回扣泄露3万条客户信息，建行某客户经理被判刑 其他违规处罚,资本邦
2021-08-13,《中国上市银行分析报告2021》发布,Wind
2021-08-13,发生柜员侵占客户资金案件 建设银行枝江支行被罚款40万 金融监管处罚,中华网
2021-08-13,建设银行枝江支行被罚40万：内控管理不力 金融监管处罚,新浪
2021-08-13,惊呆！为了3万元竟泄漏3万多条客户信息 建行一客户经理被判了！,新浪
2021-08-13,建行客户经理为了3万元，贩卖3万条客户信息？法院判了！,新浪
2021-08-13,天津市碳中和与绿色金融研究中心成立,天津日报
2021-08-13,建行成功发行2021年首期800亿元二级资本债券,Wind
2021-08-13,全省首笔可再生能源补贴确权贷款投放,云南日报
2021-08-13,建行成功发行2021年首期800亿元二级资本债券,中国金融新闻网
2021-08-12,建行乌兰察布分行一员工被警告：违规发放按揭贷款直接责任人 金融监管处罚,新浪
2021-08-12,惊！建行一客户经理出售三万多条客户资料给贷款公司！最后被判了,新浪
2021-08-12,建行房贷最新政策是怎样的？哪种类型不能贷款？,至诚财经
2021-08-12,中央结算公司支持建设银行成功发行二级资本债券,Wind
2021-08-12,北辰实业：拟向建设银行安慧支行申请5亿元贷款,中金在线
2021-08-12,海口辰睿拟为北辰实业5亿元贷款提供抵押担保 大额借贷担保,观点地产网
2021-08-12,海口辰睿为北京北辰实业股份(00588)提供担保 大额借贷担保,智通财经
2021-08-12,海口辰睿为北辰实业提供5亿元担保，用于海口长秀仕家项目开发 大额借贷担保,乐居财经
2021-08-12,建设银行：建立大数据生态体系，打破壁垒释放红利助农惠农,面包财经
2021-08-12,建设银行一客户经理被判刑：泄露客户信息3万多条 牟利3万多元,新浪
2021-08-12,农村数字普惠金融是解决农民融资难的突破口,中国金融新闻网
2021-08-12,建行与拉卡拉携手为民生领域小微商户“输血”,经济日报
2021-08-12,打破壁垒 释放红利 下沉乡村 以数字力为普惠金融扩容,第一财经
2021-08-12,建行云南省分行投放全省首笔可再生 能源补贴确权贷款,云南经济日报
2021-08-12,建行员工入职“第一课”进乡村,浦东时报
2021-08-12,卖保险出问题！中行、建行等多家银行被罚,中国基金报
2021-08-11,风“豫”同舟 同“新”协力 建行新疆区分行紧急助力河南灾区供应商复工复产,搜狐
2021-08-11,北向资金今日净卖出超28亿元，白酒股持续惨遭抛售,Wind
2021-08-11,建设银行：2021年二级资本债券（第一期）发行完毕，发行总规模为800亿元,Wind
2021-08-11,建设银行(601939.SH)：完成发行800亿元二级资本债券(第一期),格隆汇
2021-08-11,建行重庆市分行绿色金融 全力以赴服务碳达峰碳中和,上游新闻
2021-08-11,2021年二季度监管数据快评：行业净利润同比增11% 关注银行中报行情,新浪
2021-08-11,贵金属市场持续震荡 银行急筑“防火墙”,新浪
2021-08-11,近期贵金属价格波动较大 多银行收紧贵金属相关业务,证券日报网
2021-08-11,建行湖北省分行今年支持贷款1.5亿元 深度服务小龙虾全产业链,楚天都市报
2021-08-11,河南省七地外贸企业可就近办理电子口岸入网,河南日报
2021-08-11,这家国有大行放大招！超1300只基金0元购，啥情况？,Wind
2021-08-10,“只有银行不知道”，上海网签受阻客户依然无法适用旧房贷利率,Wind
2021-08-10,大行App数字人民币初体验：入口、硬件钱包、消费场景究竟如何？,21世纪经济报道
2021-08-10,AUM突破10万亿： 招商银行大财富管理平台如何炼成,零壹财经
2021-08-09,释放什么信号？建设银行获批在沪筹建分行级专营机构，主营贵金属及大宗商品业务,新浪
2021-08-09,中兴通讯：公司完成了2021年度第六期超短融的发行,Wind
2021-08-09,建行蚌埠淮上支行党员突击队开展存款保险制度宣传活动,搜狐
2021-08-09,“贷”来希望，“云”知我梦——建行江苏省分行创新“云知贷”支持科创企业,搜狐
2021-08-09,以科技助推金融行业持续进化,证券时报网
2021-08-09,消除信息不对称、促进农户增收 金融科技助力乡村振兴,中国经营报
2021-08-09,为小企业做大做强增添金融底气,中国金融新闻网
2021-08-08,不限次数、个人免手续费，多家银行扎堆大额存单线上转让功能意欲何为,北京商报
2021-08-08,A股将迎史上第五大IPO！还有“一签十万”大肉签,Wind
2021-08-08,晋城建行举办2021年对私保险“大练兵”培训,搜狐
2021-08-07,宁德市人社领域相关待遇代发协议正式签约,东方网
2021-08-07,建行获批在沪筹建分行级专营机构 主营贵金属及大宗商品业务,华夏时报
2021-08-07,围堵经营贷流入房地产，各地监管溯源严查开罚单,Wind
2021-08-06,六大行行长悉数落定！55岁刘建军行长资格获批 邮储银行大零售转型提速,新浪
2021-08-06,建设银行因个贷搭售保险遭罚50万元 金融监管处罚,零壹财经
2021-08-06,建行云南省分行开展2021年防范非法集资宣传月活动,云南经济日报
2021-08-06,建行云南省分行首笔“善担贷”落地，小微企业不再等待,云南经济日报
2021-08-06,本土新增80+21，扬州58例确诊！福奇警告：更糟糕变异株或出现,Wind
2021-08-06,8月流动性月报：MLF利率对NCD的引导还有效吗？,新浪
2021-08-05,继平安银行之后，招商证券“试水”基金申购费打一折,Wind
2021-08-05,海外信用评级汇总2021年8月5日星期四,Wind
2021-08-05,[公司]顺博合金：拟利用2.5亿元限制资金理财,全景网
2021-08-05,[公司]顺博合金：未到期理财余额约1.65亿元,全景网
2021-08-05,惠誉：授予建元2021年第九期个人住房抵押贷款资产支持证券“AAAsf”的最终评级，展望稳定,Wind
2021-08-05,建行嘉兴分行：商品房期转现抵押登记“零次跑”,中国金融新闻网
2021-08-05,云从科技赋能苏州建行 联合成立金融创新实验室,凤凰网
2021-08-05,明阳智能：向子公司提供担保,Wind
2021-08-05,两天领10张罚单！建设银行资金违规流入楼市 资本充足率持续下行 金融监管处罚,投资时报
2021-08-05,建设银行：推进“政融支付”，赋能教育报刊支付转型,面包财经
2021-08-05,建设银行一客户经理出卖客户信息3万多条 牟利3万多元,新浪
2021-08-05,第25位！建设银行入围《财富》世界500强,证券之星
2021-08-05,描绘江苏田园乡村的隽美画卷 建行江苏省分行践行高质量发展助力乡村振兴纪实,中国金融新闻网
2021-08-05,巨无霸“穿鞋”而来！中国电信IPO拟发超百亿股，创近11年来新高,Wind
2021-08-05,办个人贷款违规搭售贷无忧保险产品 建行景德镇市分行被罚50万 金融监管处罚,中华网
2021-08-05,国内债市盘前2021年8月5日星期四,Wind
2021-08-05,景德镇银保监局：对建设银行景德镇市分行作出行政处罚，罚款50万元,Wind
2021-08-04,绿金案例 | 绿色金融改革创新案例汇编：第四部分 案例一：广东建立碳排放权抵质押融资标准体系,中央财经大学绿色金融国际研究院
2021-08-04,中签率有望超10%！上海、苏州市民周五行动起来！,Wind
2021-08-04,最新！银行App月活排行榜 工行农行建行位列前三,新浪
2021-08-04,新疆证监局：对新疆浩源实控人周举东采取终身证券市场禁入措施,Wind
2021-08-04,建设银行获批筹建贵金属及大宗商品业务部,21世纪经济报道
2021-08-04,“三角债”“砍头息”……这些顽症如何解？,中国经济网
2021-08-04,广西柳州螺蛳粉“云展会”暨政银企对接会成功举行,中国金融新闻网
2021-08-04,开展深层次合作 实现互惠共享互利共赢,钢企网
2021-08-04,九江井头村：感受金融“贴身”服务,中国金融新闻网
2021-08-03,银行机构微博影响力哪家强？建设银行下降四名,新浪
2021-08-03,建设银行：公司已通过中华慈善总会向河南受灾地区捐赠2000万元,Wind
2021-08-03,2021年建设银行信用卡：在ChinaJoy里为爱发电！,证券之星
2021-08-03,持有建设银行8年，收益究竟是多少？,雪球
2021-08-03,银行业：保有规模领先 竞争加剧促进业务模式转型,新浪
2021-08-03,银行周榜｜建行、工行“决战”微信榜！,中国银行保险报
2021-08-03,20家中国银行保险机构上榜！《财富》世界500强揭晓,中国银行保险报
2021-08-03,继首单碳托管后 全国第一单外资碳抵押再次花落金鹰集团,北极星电力
2021-08-03,房贷持续收“紧”利率迈向“6”时代？,南都报
2021-08-02,金融／科技行业动态点评：第三方渠道头部效应持续显现,新浪
2021-08-02,金鹰集团连获外资碳金融两个全国“首单”,经济日报
2021-08-02,严惩！多家银行贷款违规流入楼市、股市，上海银保监局两日19张罚单合计罚款逾千万 金融监管处罚,每日经济新闻
2021-08-02,金融行业财富管理：基金代销格局稳中有变、互联网渠道及券商表现亮眼,新浪
2021-08-02,建设银行：成功上线退役军人资金内控监管平台补助代发业务,面包财经
2021-08-02,《财富》世界500强：10家中国银行上榜工行居首，贡献中国上榜公司41%利润,搜狐
2021-08-02,银行业本周聚焦：Q2公募基金代销数据、政治局会议有哪些关注点？,新浪
2021-08-02,金融行业周报：2021年Q2公募基金保有规模公布 首推东方财富、招商银行,新浪
2021-08-02,吉林省工商联与建行吉林省分行签署战略合作协议,证券时报网
2021-08-02,融资成本怎样降下来,经济日报
2021-08-02,非货基保有规模合计达7.4万亿元 三大梯队角力百强代销机构,证券日报
2021-08-01,硬核支持+跨界服务：建行福建省分行新金融助力文化传承,中国金融新闻网
2021-07-31,【东吴非银 | 2021Q2基金保有规模点评】权益保有量再提升，零售财富管理首推东财！,微信
2021-07-31,基金保有量百强来了：蚂蚁成首家非货基保有规模破万亿机构，银行、券商、第三方机构谁是代销王者？,21世纪经济报道
2021-07-31,证券行业：权益保有量再提升 零售财富管理首推东财！,新浪
2021-07-31,非银金融：2021Q2公募基金保有量排名出炉 互联网平台市场份额继续提升,新浪
2021-07-31,又见新版图！公募销售保有规模前100排名出炉，51家券商跻身榜单，蚂蚁非货保有量首超万亿，三分天下之势正成,财联社
2021-07-30,最新基金代销机构排名出炉！蚂蚁基金非货保有规模首破万亿元，传统渠道求变,中证报
2021-07-30,基金代销江湖硝烟四起：蚂蚁非货币基金保有量突破万亿元 银行、券商纷纷迎战,上证报
2021-07-30,"基金代销排名公布：蚂蚁非货基金规模破万亿 ""依样画葫芦""的银行沦至追赶地位？",新浪
2021-07-30,建行广西分行“线上销售”农产品解决农民燃眉之急,中国金融新闻网
2021-07-30,严惩信贷资金违规流入房市，上海银保监局本月密集开罚单 金融监管处罚,第一财经
2021-07-30,二季度基金代销机构公募基金保有规模出炉 蚂蚁基金非货币基金保有规模突破万亿元,中证网
2021-07-30,二季度基金代销机构公募基金保有规模百强出炉,Wind
2021-07-30,基金代销再添战火，这家头部券商“降费让利”,Wind
2021-07-30,北向资金今日净买入22.47亿元，对白酒股态度分化,Wind
2021-07-30,黄金赛道空中加油，逃离“茅指数”追高“宁组合”,Wind
2021-07-30,部分流动资金贷款违规流入房市 建设银行上海一分行被罚200万 金融监管处罚,中华网
2021-07-30,转需！开封12家商业银行推出18个防汛救灾专项信贷产品,新浪
2021-07-29,上海银保监2天开24张罚单剑指信贷资金违规流入房市 国有大行多有波及,华夏时报
2021-07-29,建行获准发行不超过1450亿元境内二级资本债券,中证网
2021-07-29,建设银行(00939)获准发行境内二级资本债券,智通财经
2021-07-29,建设银行：获准发行不超1450亿元二级资本债券,财联社
2021-07-29,建设银行：获准公开发行不超过1450亿元人民币二级资本债券,Wind
2021-07-29,涉五项违法！建行莆田分行罚款127万元 金融监管处罚,新浪
2021-07-29,银行代销基金太赚钱 里边猫腻知多少？,创业邦
2021-07-29,建行西藏昌都三江支行成功拦截一起套路贷案件,中国金融新闻网
2021-07-29,【宁国市】建行安徽省分行赴我市调研林业金融产品服务林业经营主体工作,钢企网
2021-07-29,银行财眼丨上海银保监局两天连开24张罚单，建行独领10张罚单合计被罚660万 金融监管处罚,凤凰网
2021-07-29,中国建设银行龙卡信用卡玩法新升级，2021 ChinaJoy，来“电”不一样！,TechWeb
2021-07-29,建行未来5年3000亿元综合融资支持苏州经济发展,金融时报
2021-07-29,剑指资金违规流入房地产市场，上海银保监局连开17张罚单,Wind
2021-07-28,上海银保监局开出近千万元罚单，重拳打击涉房贷 | 一财地产日评,第一财经
2021-07-28,河南银保监局：河南省银行业已准备防汛救灾专项资金1185.8亿元,Wind
2021-07-28,严查资金违规流入楼市：上海银保监局月内连开24张罚单 五大行均领罚单 金融监管处罚,经济观察报
2021-07-28,发布会丨 “渝快办”又双叒上新了！,重庆发布
2021-07-28,五大行被罚860万元！沪银保监局一日连开17张罚单 建行房地产违规成重灾区 金融监管处罚,新浪
2021-07-28,建行上海自贸试验区分行被罚200万：流动资金贷款违规入房市 金融监管处罚,中新经纬
2021-07-28,剑指房地产业务违规 五大国有行同日被罚超800万元 其他违规处罚,新浪
2021-07-28,建设银行上海自贸试验区分行被罚200万：部分流动资金贷款违规入房市 金融监管处罚,新浪
2021-07-28,上海银保监局开出 17 张罚单！建行独领 8 张合计 410 万元,ZAKER
2021-07-28,重拳出击违规涉房贷款！上海银保监局一日连发17张罚单，合计处罚金额超900万元 金融监管处罚,金融界
2021-07-28,大罚单又来了！农行、工行、建行都被重罚，传递什么信号？ 其他违规处罚,银保监会
2021-07-28,上海银保监局连开17张罚单 重拳出击涉房贷款 金融监管处罚,资本邦
2021-07-28,个人消费贷款违规流入楼市股市，建设银行收监管8张罚单 金融监管处罚,零壹财经
2021-07-28,消费贷违规用于购房、涉房贷款违规等 建设银行8家分支机构被罚410万 金融监管处罚,中华网
2021-07-28,行业观｜上海银保监局又开“涉房”罚单 建行独占八席合计被罚410万 金融监管处罚,财经网
2021-07-28,A50期指涨3%，8大巨头护盘！中信：迎最好买点,Wind
2021-07-28,青龙管业(002457.SZ)拟为控股子公司甘肃青龙提供贷款担保 大额借贷担保,智通财经
2021-07-28,上海银保监会重拳出击涉房贷款！17张罚单罚没金额近千万 金融监管处罚,资本邦
2021-07-28,河南省已办理防汛救灾公开募捐方案 备案的慈善组织及联系方式,河南人民政府
2021-07-28,什么情况？张坤、谢治宇逆势加仓一类股,Wind
2021-07-28,大A连续两天怎么了？长线资金正在逆势往这里走,Wind
2021-07-28,安徽集友新材料股份有限公司2021半年度报告摘要,证券时报
2021-07-28,上海银保监局开近千万元罚单：剑指涉房贷款，五大行均被罚,Wind
2021-07-27,对资金违规流入楼市重拳出击沪银保监局一日连开17张罚单罚没近千万 金融监管处罚,财联社
2021-07-27,个人消费贷款违规用于购房等，建行上海8分支银行被罚410万 金融监管处罚,中新经纬
2021-07-27,区域金融要参｜贷款违规流入房地产，上海十三家银行共被罚860万 金融监管处罚,21世纪经济报道
2021-07-27,违规资金流入楼市、股市！建行多家支行被重罚 金融监管处罚,中国基金报
2021-07-27,个人消费贷款违规用于购房！建设银行1分行7支行共计罚没410万！ 金融监管处罚,新浪
2021-07-27,上海一口气开17张罚单重罚信贷资金违规流入房地产，建行领8张罚单合计被罚410万 其他违规处罚,21世纪经济报道
2021-07-27,建设银行上海浦东分行被罚110万：个人消费贷款违规用于购房 金融监管处罚,新浪
2021-07-27,建设银行上海闵行支行被罚50万：发放房贷严重违反审慎经营规则 金融监管处罚,新浪
2021-07-27,建设银行上海第一支行被罚50万：某个人住房贷款贷前调查严重违反审慎经营规则 金融监管处罚,新浪
2021-07-27,建设银行上海黄浦支行被罚20万：某个人消费贷款违规用于购房 金融监管处罚,新浪
2021-07-27,建设银行上海虹口支行被罚50万：向项目资本金不足的房地产项目违规提供融资 项目问题,新浪
2021-07-27,建设银行上海第四支行被罚50万：未根据房地产项目实际进度放贷 金融监管处罚,新浪
2021-07-27,建设银行上海嘉定支行被罚50万：发放不符合条件的房地产并购贷款 金融监管处罚,新浪
2021-07-27,移为通信：建设银行中标项目上半年一直处于前期的准备状态中,每日经济新闻
2021-07-27,移为通信：建设银行项目中，公司为两个中标单位之一，该项目已与建设银行签署了《采购框架合同》,每日经济新闻
2021-07-27,移为通信：公司部分新产品已完成研发,Wind
2021-07-27,智度股份：公司目前已与建设银行、广州银行等开展供应链金融业务合作,每日经济新闻
2021-07-27,建设银行遭110万罚单：因人消费贷款违规流入股市等违规行为 金融监管处罚,和讯
2021-07-27,坚守初心，这些千亿白马股息率连续3年超过5%,Wind
2021-07-27,上海银保监局：17张罚单重罚信贷资金违规流入房地产 金融监管处罚,中新网
2021-07-27,建材行业基金持仓专题：重申板块《分化与进化》 把握结构性机会,新浪
2021-07-27,山东顺和物联科技有限公司盛大开业,中经导报
2021-07-27,四地启动本外币合一银行结算账户体系试点,Wind
2021-07-26,捐款助力灾后重建、延长还款日期……银行驰援河南防汛救灾进行时,北京商报
2021-07-26,不平凡的7月：茅台新低股指尽墨，4成个股却上涨,Wind
2021-07-26,招商南油(601975.SH)：建行江苏分行减持到期未减持,格隆汇
2021-07-26,招商南油(601975.SH)股东建行江苏分行未减持股份 减持期限届满,智通财经
2021-07-26,上市商业银行生产效率：农行、建行等排名第一,零壹财经
2021-07-26,丽水市政协委员吐槽建行 当天下午分行副行长便上门见面沟通,新浪
2021-07-26,建设银行捐赠2000万元支持河南防汛救灾,中国金融新闻网
2021-07-25,银行工资逐年降低! 大行纷纷减员 辞职才是出路？ 员工变动,新浪
2021-07-25,银行行业点评：房贷额度、利率与政策导向,新浪
2021-07-24,全国首家监管部门批准的气候银行落地南沙,新快报
2021-07-24,建设银行第五次荣膺 “最佳大型零售银行”,中国金融新闻网
2021-07-24,银行业基金2季度银行重仓持股分析：基金减仓银行 行业标配比例近十年新低,新浪
2021-07-24,争夺碳金融千亿市场 多家银行抵押信贷上线,中国经营报
2021-07-23,2张图看清热门股、最差股中基金最新持仓！,Wind
2021-07-23,A股震荡下行超46亿外资暂时撤离，新能源产业链股遭大幅抛售,Wind
2021-07-23,建行：自7月25日起全国范围内免收借记卡及准贷记卡跨行取现业务手续费,北京商报网
2021-07-23,农业农村部组织开展黑龙江省“农业大数据+金融”模式联合调研推广,Wind
2021-07-23,农业农村部组织开展黑龙江省“农业大数据+金融”模式联合调研推广,上证报
2021-07-23,建设银行：7月25日起，全国范围内免收借记卡及准贷记卡跨行取现业务手续费,Wind
2021-07-23,建行副行长张敏：保障性租赁住房纳入公募REITs试点有助完善住房保障体系,上证报
2021-07-23,建行副行长张敏：建议尽快出台公募REITs税收支持政策,中证网
2021-07-23,建行副行长张敏：建信理财是参与首批公募REITs项目网下询价力度最大的理财子公司,中证网
2021-07-23,建行金融科技助销巴渝优质林特产品 善融商务重庆林特产品馆闪亮登场,上游新闻
2021-07-23,Wind医药：每日行业动态（2021-07-23）,Wind
2021-07-23,银行业理财周报：理财收益率环比下降 非净值产品发行再降,新浪
2021-07-23,18家千亿顶流基金公司调仓释放重要信息,Wind
2021-07-22,建行推出生活App主攻十领域 数字人民币撬动应用场景,21世纪经济报道
2021-07-22,建行江西省分行：以新金融做百姓身边的好银行,中国金融新闻网
2021-07-22,反洗钱监管持续升级 央行重拳围剿,中投网
2021-07-22,@深圳人：乘公交地铁可用数字人民币支付,深圳商报
2021-07-22,国家金库西藏林芝市中心支库践行国库服务惠民生 成功办结异常个人退税业务,中国金融新闻网
2021-07-22,建信人寿：奋进十年路 行践百年情,中证网
2021-07-22,央行重拳，数十家金融机构罚超3000万！啥情况？,Wind
2021-07-22,建行退休员工非法集资被判刑8年 涉及590人损失高达9432万元 其他违规处罚,GPLP犀牛财经
2021-07-22,张坤、萧楠等顶流集体加仓一个板块,Wind
2021-07-22,移为通信(300590)：下游需求加速恢复 公司业绩创新高,新浪
2021-07-22,我省首单“绿色权益出资票据”落地,云南日报
2021-07-22,"费率打折,银行开启基金代销的“自我革命”",新浪
2021-07-21,银行行业点评：持仓环比回落 看好中报行情,新浪
2021-07-21,吓人！佛山首套房贷利率破七，广州呢？,ZAKER
2021-07-21,遭投诉、爆违规、业绩被碾压！百年交行怎么了？ 其他违规处罚,新浪
2021-07-21,建行上海市分行推出《深化推进金融服务乡村振兴十条实施意见》,经济日报
2021-07-21,一月三连涨，佛山首套房贷利率破七,ZAKER
2021-07-21,移为通信(300590)2021年半年报点评：公司海外业务持续恢复 业绩超预期,新浪
2021-07-21,建设银行全力助推云南省首单“绿色权益出资票据”落地,云南经济日报
2021-07-21,张坤等公募加仓银行股，能否跌出“黄金坑”？,Wind
2021-07-21,银行的基金代销早就“内卷”了,和讯
2021-07-21,1600只基金实施“零费率”！基金代销业务要变天？,Wind
2021-07-21,“一区一品”发挥乡村多元化经济功能，金融擎画乡村振兴新图景,澎湃新闻
2021-07-21,银行业迎来2大巨震，大行决战“中收”,Wind
2021-07-21,银行业迎来两大巨震！手续费座次被打乱 大行吹响中收保卫号,券商中国
2021-07-21,建行在搞大事,新浪
2021-07-21,基金代销“变天”，银行祭出“费率打折”抢先机,Wind
2021-07-21,大行欲轻装上阵，中收保卫战烽烟“四”起,Wind
2021-07-21,大行欲轻装上阵 中收保卫战烽烟“四”起,全景网
2021-07-21,减“痛”方能加持,全景网
2021-07-20,1600只基金实施“零费率”！基金代销业务要变天？,中证报
2021-07-20,建设银行：推进金融服务乡村振兴，“一区一品”发挥乡村多元化经济功能,面包财经
2021-07-20,深度*行业*银行业周报：6月经济数据超预期 关注银行中报行情,新浪
2021-07-20,成立四周年 世用汽车发布1+N.2.0战略规划,华夏时报
2021-07-20,建行江西省分行：以“三新”模式做好普惠金融“领头雁”,中国金融新闻网
2021-07-20,女子卡不离身却遭盗刷42笔 法院宣判披露更多细节 安全事故,新浪
2021-07-20,从“卖方销售”向“买方投顾”模式转变 多家银行推行基金销售改革,经济观察网
2021-07-20,【行情】恒指早盘尾段跌幅扩大至1%，建设银行、腾讯控股短线下挫拖累指数,金十数据
2021-07-20,建行四川省分行举办外汇业务知识技能竞赛,中国经济网
2021-07-20,房地产行业周报：行业销售动能减弱 龙头房企业绩增长趋缓,新浪
2021-07-20,银行卡未开通短信通知会有何后果?储户14万被盗刷建行拒赔 法院判银行全额赔偿 安全事故,财富动力网
2021-07-19,储户被盗刷14万元，银行被判负全责！银行曾因未开通短信服务而拒赔 安全事故,中证报
2021-07-19,建行宝钢宝山支行：金融惠民出实招,搜狐
2021-07-19,安巢经开区黄卫东会见建设银行巢湖分行一行,钢企网
2021-07-19,观案｜银行退休员工“再就业” 非法吸收公众存款1.4亿元 其他违规处罚,财经网
2021-07-19,上市银行行长进入“换血周期”，每四家银行就有一家年内换人，60后仍占据多数,证券之星
2021-07-19,独家揭秘建行河北分行行长陈中新 互联网思维还挺到位,运营商财经网
2021-07-19,数字人民币浪潮来袭，ATM 面临哪些危与机？,链闻
2021-07-19,女子14万遭盗刷法院判建行全额赔偿 安全事故,新浪
2021-07-19,银行卡14万遭盗刷建行拒赔 法院判银行全责 安全事故,新浪
2021-07-19,建行储户未开通短信通知：14万被盗刷 法院判银行全额赔偿 安全事故,AI财经社
2021-07-19,二手房贷业务停止?各行回复来了 经营问题,搜狐
2021-07-19,场景背后见真章：银行数字化转型持续深入,中国金融新闻网
2021-07-19,建行云南省分行推广“零跑腿、零到店”绿色服务,云南经济日报
2021-07-18,向互联网平台看齐：下调A类基金份额申购费、主推C类份额 银行基金代销混战升级,北京商报
2021-07-17,基金银行代销的“自我革命”：试水降费率、0费率,Wind
2021-07-17,21深度丨基金银行代销的“自我革命”：平安、招行、建行、微众银行等试水降费率、0费率,21世纪经济报道
2021-07-17,“内卷”还是必然？招商银行、平安银行卖基金争相大降价，申购费看齐互联网，行业格局要变天？,第一财经
2021-07-17,“内卷”还是必然？银行卖基金争相大降价，银行基金代销要变天,第一财经
2021-07-16,拉萨举行小微企业融资对接主题活动,新浪
2021-07-16,建行原玎：托管如何赋能业务发展是一个巨大课题 数字化转型是关键,新浪
2021-07-16,建设银行原玎：如何赋能业务发展是一个巨大课题 数字化转型是关键,新浪
2021-07-16,平安银行打响基金代销战，主推C份额，申购费降至1折,券商中国
2021-07-15,银行财眼丨建行系统崩溃网点断网！网友：工资到账了 但建行服务效率确实低,凤凰网
2021-07-15,长治银保监局：对建设银行屯留支行作出行政处罚，罚款25万元 金融监管处罚,Wind
2021-07-15,“建行系统崩了”冲上热搜！,丁丁创e
2021-07-15,美锦能源：第一大股东美锦集团所持合计1.8亿股解除质押,发布易
2021-07-15,建设银行屯留支行被罚25万：存款及柜面业务操作不规范形成案件 金融监管处罚,新浪
2021-07-15,B站之后建行系统也崩了？大V点评：会大面积影响很多人,新浪
2021-07-15,建行助力成都双流国际机场完成智慧货运升级改造,中国经济网
2021-07-15,你的工资到账了吗？刚刚建行回应系统故障问题,资本邦
2021-07-15,香港热门个股期权一览：中国联通香港，工商银行，建设银行，电能实业,理财18
2021-07-15,建行系统崩了？回应：或由系统升级造成,中新经纬
2021-07-15,东京银联卡受理覆盖率增至90% 当地多家主流机构已发卡,中新网
2021-07-15,“建行回应系统故障”上热搜 网友：不要影响我拿工资就好,新浪
2021-07-15,河北首笔跨境人民币资本金境内再投资业务在张家口落地,中国金融新闻网
2021-07-15,建行系统崩了登上热搜，回应：或与系统更新有关,中华网
2021-07-15,建行回应系统故障：已恢复正常，或与系统更新有关,Wind
2021-07-15,建行一季度投诉骤降 主要是因为信用卡业务有起色,运营商财经网
2021-07-15,“建行系统崩了”登上热搜 网友吐槽：太突然了,新浪
2021-07-15,【异动股】建设银行(00939.HK)涨3.11%,财华社
2021-07-15,“商会+银行”金融创新赋能车商发展,中华工商时报
2021-07-15,中马多机构签署共建区域“单一窗口”服务合作备忘录,中新网
2021-07-14,利欧股份：为全资子公司湖南泵业提供不超过2亿元担保 大额借贷担保,每日经济新闻
2021-07-14,深圳银行服务满意度调查：银行大厅服务一对几才合理？,奥一网
2021-07-14,以不正当方式吸收存款，建设银行湖州分行存五大违规被罚255万 金融监管处罚,中华网
2021-07-14,建行湖州分行违规被罚255万元 一众行长也因不当得利出事了 金融监管处罚,运营商财经网
2021-07-13,建行辽宁分行家属楼维修费无人报销 行长杨铁军重视吗？,运营商财经网
2021-07-13,广东上半年绿色信贷近9000亿，建行农行双双破千亿,时代周报
2021-07-13,上半年A股上市银行人事大起底：4家迎来新董事长 10家行长换新,中国网
2021-07-13,54家上市银行信用卡存量规模与增长分析：大行仍是主力 城商行增长迅猛,零壹财经
2021-07-13,快讯｜建行湖州分行被罚255万元 2名支行行长、3名支行副行长被警告,财经网
2021-07-12,湖州银保监局：对建设银行湖州分行作出行政处罚，罚款255万元 金融监管处罚,Wind
2021-07-12,建行贵州省分行首笔“助农土转贷”落地六盘水,中国金融新闻网
2021-07-12,建行善融商务平台贵州森林康养专区上线启动,中国金融新闻网
2021-07-12,摘得闲置20年的“遗珠” 合景泰富19.93亿“杀”回珠江新城,新浪
2021-07-12,建设银行一分行被罚255万元：因部分房地产开发贷款被挪用等多项违规行为,和讯
2021-07-12,最全！54家上市银行信用卡存量规模与增长竞争力比拼,零壹财经
2021-07-12,A股资金流向（7月12日）：新能源产业链内部出现分歧,Wind
2021-07-12,建行一分行被罚255万元：部分房地产开发贷款被挪用等,中新经纬
2021-07-12,建行湖州分行被罚255万：固定资产贷款发放不审慎,新浪
2021-07-12,投诉居高不下，盗刷如何定责？银行卡纠纷多项裁判规则改变,新浪
2021-07-12,工商银行、建设银行双双下挫，股价创年内新低,Wind
2021-07-12,一季度工商银行被投诉次数最多 邮储银行理财类业务投诉量居首,中华网
2021-07-12,银保监会：第一季度银行业消费投诉环比增长2.9%,上证报
2021-07-12,银保监会：工行、农行投诉量位列国有大型商业银行前两位,银保监会
2021-07-12,银保监会：一季度接收并转送银行业消费投诉78414件，环比增长2.9%,Wind
2021-07-12,入股一年后建行子公司退出盛虹集团 公司回应称因已超收益预期,贝壳财经
2021-07-11,独家揭秘建行河南省分行行长梁德顺 从吉林调来很喜欢走访调研,运营商财经网
2021-07-10,建行一部门总经理吞555万 二审竟然大呼自己无罪？,运营商财经网
2021-07-10,原来建行以前的存折存单都是他安排印刷的 但最后出大事了,运营商财经网
2021-07-09,西藏那曲市医疗场景建设取得显着成效,中国金融新闻网
2021-07-09,独家揭秘建行上海分行行长林顺辉 在厦门升职后曾任湖北建行行长,运营商财经网
2021-07-09,中国建设银行亮相2021世界人工智能大会,经济日报
2021-07-09,建设银行乌海分行被罚20万：线上贷款被挪用于限制性领域 金融监管处罚,新浪
2021-07-09,快贷资金被挪用，建设银行乌海分行被罚款20万 资金问题,中华网
2021-07-09,与人合伙开公司专赚建行钱，建行部门总经理受贿555万,新浪
2021-07-09,建行银行创新金融产品，与上海建信住房打造“蓝领公寓”,面包财经
2021-07-09,因线上贷款被挪用于限制性领域 建行乌海分行被罚20万,新浪
2021-07-09,快贷资金被挪用于限制性领域！建行乌海分行被罚20万,新浪
2021-07-09,建设银行：创新绿色金融产品，助力生态产品价值实现,面包财经
2021-07-09,广电运通董事长黄跃珍：做银行的生态伙伴 商业模式悄然起变,e公司
2021-07-08,九卦 | 围堵与反围堵 虚拟货币之战硝烟正浓,搜狐
2021-07-08,围堵与反围堵 虚拟货币之战硝烟正浓,新浪
2021-07-08,乡村振兴殷殷梦 惠农兴农拳拳情 ——建行北京市分行积极助力乡村整合红色资源,北京商报
2021-07-08,银行app：要想活，就要平台化,和讯
2021-07-08,2020全球最赚钱的十家公司！中国占四家，榜首是沙特阿美2倍,金投网
2021-07-08,广电运通成立22周年 围绕客户需求进行技术迭代构建生态,上证报
2021-07-08,跌哭了！银行、互联网巨头重挫，港股800点大跳水,Wind
2021-07-08,东京银联卡受理覆盖率增至90% 当地多家主流机构已发卡,中国金融新闻网
2021-07-08,践行新金融 智联新世界——建行亮相2021世界人工智能大会,--
2021-07-08,神州信息：公司自研发布数字钱包系统，作为承接数字人民币、发展数字人民币相关业务的重要系统，目前已服务建设银行、广发银行等10余家金融机构，推动数字钱包功能落地,每日经济新闻
2021-07-08,神州信息：公司自研发布数字钱包系统目前已服务建设银行、广发银行、北京银行等10余家金融机构,财联社
2021-07-08,大行评级|摩通：下调建行(0939.HK)目标价至7.9港元评级“增持”,格隆汇
2021-07-08,建行黑龙江省分行举办“汲取百年奋进力量以新金融开启新征程”主题演讲比赛,--
2021-07-08,“我为群众办实事”实践活动,住建部
2021-07-08,“红色引擎”助力高质量发展 建行湖南省分行强党建促业务,中国金融新闻网
2021-07-07,数字人民币硬件钱包齐聚世界人工智能大会，有的形态超你想象,澎湃新闻
2021-07-07,建行临沂分行罗庄支行：港湾服务聚合力 合作共建践初心,--
2021-07-07,建行烟台分行深化政银合作惠民生,--
2021-07-07,北向资金今日净买入43.72亿元，新能源产业链获外资疯狂抢筹,Wind
2021-07-07,中国建设银行亮相2021WAIC：践行新金融 智联新世界,面包财经
2021-07-07,建行重庆市分行打造重庆首个园区劳动者青年公寓,上游新闻
2021-07-07,案例/关于,硅谷动力
2021-07-07,建行辽宁分行用户信用卡被盗刷却不管 行长杨铁军重视吗？ 产品问题,运营商财经网
2021-07-07,总市值A股第四！宁德时代股价再创新高，北向资金却撤退,第一财经
2021-07-07,快讯｜建行渠道与运营管理部原副总经理陈德因受贿被判十一年六个月 其他违规处罚,财经网
2021-07-07,建设银行：不断推进新金融行动，打造乡村“致富微循环”,面包财经
2021-07-07,宁波建行：以新金融实践服务地方经济高质量发展,中国金融新闻网
2021-07-07,上海：金融做媒 渔光互补,中国金融新闻网
2021-07-07,港股投资日历：小鹏汽车、朝聚眼科今日上市,Wind
2021-07-07,建行：奋力推进新时代新金融实践,中国金融新闻网
2021-07-07,华安基金管理有限公司关于以通讯方式召开华安沪深300行业中性低波动交易型开放式指数证券投资基金基金份额持有人大会的第一次提示性公告,中证报
2021-07-06,建设银行(601939.SH)2020年度A股分红派息10派3.26元股权登记日为7月14日,格隆汇
2021-07-06,建设银行(601939.SH)于7月15日派发A股现金股息每股0.326元,智通财经
2021-07-06,建设银行(00939)A股将于7月15日派息,智通财经
2021-07-06,建设银行(00939.HK)A股每股现金红利0.326元 股权登记日7月14日,格隆汇
2021-07-06,建设银行：推进乡村振兴战略，金融助推“上海湾区”崛起,面包财经
2021-07-06,独家揭秘建行天津分行行长吴益强 曾任上海分行副行长6年很有想法,运营商财经网
2021-07-06,建行湖南分行收房抵债但房子已卖11年 分行长文爱华怎么看？,运营商财经网
2021-07-06,助力低碳生活 建行信用卡尽显“绿色范儿”,中国金融新闻网
2021-07-06,建行将于7月15日派发现金红利,北京商报
2021-07-05,建行北分6家老年客户特色网点挂牌成为全国首批“适老服务示范网点”,北京商报
2021-07-05,什么情况适合申请组合贷 办理流程看这七步,中财网
2021-07-05,全国首批认证“适老服务示范网点”落地——敬老从心开始，助老从我做起,中国金融新闻网
2021-07-05,建行重庆市分行：积极探索金融服务 生态产品价值实现模式,上游新闻
2021-07-04,驻建行纪检监察组：严防资金违规流入房地产领域,北京日报
2021-07-04,晨光文具(603899)点评报告：中报预告略超预期 核心业务表现靓丽,新浪
2021-07-03,建行、招行、宁波银行等，谁是小微金融之王？,新浪
2021-07-03,银行线下网点布局分化：关停与新增齐现,经济观察报
2021-07-03,明星基金经理厉叶淼新基火爆 富国长期成长混合启动比例配售,中国证券网
2021-07-02,权益大司富国基金再现“百亿”爆款 富国长期成长混合启动比例配售,新浪
2021-07-02,楼市“停贷”风波：审批收紧、中介降级，信贷人员连续多月不见二手房单,经济观察报
2021-07-02,二套房贷利率提高至6%！太火爆，此地工行、建行等多家银行同时上调房贷利率,中证报
2021-07-02,鄂尔多斯银保监局：对建设银行鄂尔多斯分行作出行政处罚，罚款30万元 金融监管处罚,Wind
2021-07-02,晨光文具(603899)：21Q2延续靓丽表现 文创巨头行稳致远,新浪
2021-07-02,跑出惠民利企“加速度” 激活发展新动能,南方日报
2021-07-02,房贷破50万亿！大杀器来了，谁最受伤？,大猫财经
2021-07-02,银行网点的死与生,新浪
2021-07-02,房贷破50万亿！房贷额度偏紧或成常态 房价会降吗？,大猫财经
2021-07-01,闽山闽水间的建行绿色金融探索,中国金融新闻网
2021-07-01,建行陕西榆林分行：“张富清金融服务队”将服务送到“家门口”,中国金融新闻网
2021-07-01,ATFX港股：银行股集体高位回落，但预计多头趋势延续,金融界
2021-07-01,金智维（金证股份）CEO廖万里在安信计算机论坛上的演讲,计算机司令部
2021-07-01,建行东京分行首次在日本发行银联卡,经济日报
2021-07-01,惠州建行全方位赋能当地经济发展,南方日报
2021-07-01,格局即命运！盘点银行数字化战略,新浪
2021-07-01,CURRENT AFFAIRS,中国金融新闻网
2021-07-01,建设银行广州分行：党旗领航凝聚红色力量 谱写新金融新篇章,新快报
2021-07-01,用实力领跑：144家中资银行入围全球银行1000强,金融时报
2021-06-30,绿金案例 | 绿色金融改革创新案例汇编：第三部分 案例九：“PPP+特许经营权”信贷提升节能减排效益,中央财经大学绿色金融国际研究院
2021-06-30,全国首单“碳中和+乡村振兴”双贴标超短期融资券落地云南,经济日报
2021-06-30,建材行业基金持仓专题：行业整体继续低配 建议把握板块结构性机会,新浪
2021-06-30,赛微电子(300456.SZ)拟向银行申请合计不超过2.8亿元综合授信,智通财经
2021-06-30,建行云南省分行：以新金融助力云南打造“绿色”名片,云南经济日报
2021-06-30,驻建行纪检监察组：严防信贷资金违规流入房地产领域,观点地产网
2021-06-30,龙岩市智慧政务服务进入建行网点,中国金融新闻网
2021-06-30,PE基金进驻“创业者港湾” 建行上海市分行携手建信信托探索投贷联动,用益信托网
2021-06-30,建设银行潮州市分行 助企惠民优环境 共建美好新生活,南方日报
2021-06-30,建设银行清远分行 学史力行 发挥新金融力量,南方日报
2021-06-30,潮州金融学会 践行金融为民 助力实体经济,南方日报
2021-06-30,50家银行房贷调查：沪广额度最紧 有银行暂停受理新申请,新浪
2021-06-30,一线城市房贷额度调查：“停贷”是真相还是传言？,新浪
2021-06-29,银行收费过多痛点仍然存在 银行“收费多”如何击破,中投网
2021-06-29,“金融甜水”润苏区 建行“新金融”服务新三明建设,中国金融新闻网
2021-06-29,多家银行停贷二手房？最新回应,Bank资管
2021-06-29,创新住房租赁模式 助力青年人才留厦,厦门日报
2021-06-29,中国建设银行2021年度万名学子暑期下乡实践活动启动,中新网
2021-06-29,违法发放贷款、以贷谋私，建设银行多件职务违法犯罪案件被查处 金融监管处罚,零壹财经
2021-06-29,驻建行纪检监察组主动查处的案件中 超70%涉及信贷领域 其他违规处罚,北京青年报
2021-06-29,建行多起职务违法犯罪案被查：涉违法放贷、以贷谋私等 其他违规处罚,中新经纬
2021-06-29,建设银行江门分行 奋楫扬帆敢为先 勇担使命行致远,南方日报
2021-06-29,探索乡村振兴新路径 建行善融商务发力乡村电商,中国金融新闻网
2021-06-29,驻建行纪检监察组强化信贷领域监督：严防资金违规流入房地产领域,新浪
2021-06-29,违法发放贷款、以贷谋私、收受贿赂，建行多件职务违法犯罪案件被查处 其他违规处罚,新浪
2021-06-29,建行启动万名学子暑期下乡实践活动,中国金融新闻网
2021-06-29,广州多家银行停贷二套房？真相来了,羊城晚报
2021-06-29,多地房贷暂停了？这些银行有最新回应 房贷利率上涨成趋势,券商中国
2021-06-29,多地房贷暂停了？ 中行、建行广东分行均有回应,券商中国
2021-06-28,144家中国银行入围2021年全球银行1000强！谁的排名上升？谁的排名原地踏步？,新浪
2021-06-28,科创信贷模式升级，建行上分、建信信托推出实体运营PE基金,证券时报
2021-06-28,中国银行广东分行：暂停房贷消息不实,Wind
2021-06-28,建行合肥经开区支行投放省内首笔城镇老旧小区改造贷款,搜狐
2021-06-28,银行业投资观察：流动性格局稳定,新浪
2021-06-28,银行金融科技子公司谋变向新,金融界
2021-06-28,金融监管政策周报（6.21-6.27）：优化科创重组审核机制,Wind
2021-06-28,神州信息：公司自研发布数字钱包系统已服务建行等10余家金融机构,Wind
2021-06-28,安徽省建行首单“信贷直通车”业务在建行滁州市分行落地,搜狐
2021-06-28,建行滁州市分行创新运用信贷产品助力乡村振兴,搜狐
2021-06-28,建行与科学技术部签署战略合作协议,中国金融新闻网
2021-06-28,我，被“人均年薪”几十万元的建行员工，应该辞职吗？,腾讯网
2021-06-27,能贷、愿贷、敢贷，金融深度参与政府性融资担保，聚焦支小支农共建长效机制,第一财经
2021-06-27,人社部人事考试中心、建行大学联合开展调研实践,中国金融新闻网
2021-06-27,付振波任秦皇岛市委副书记 许红琳任市委常委,中国经济网
2021-06-26,让利240亿！ATM跨行取现手续费要降了：同城每笔不超过3.5元，异地最猛降超80%！,证券时报
2021-06-26,全国碳市场启动吹响碳金融市场“集结号”,Wind
2021-06-25,建设银行(00939.HK)：冯婉眉辞任独立非执行董事 董监高成员变化,格隆汇
2021-06-25,建设银行(00939)：钟嘉年连任行独立非执行董事及董事会审计委员会主席,智通财经
2021-06-25,建设银行：独立董事离任 董监高成员变化,Wind
2021-06-25,超重磅！刚刚，国家放大招！ATM跨行取现手续费要降了：同城每笔不超过3块5，异地最猛降超80%！六大行支付宝官宣了，网友评论来了,中国基金报
2021-06-25,降费大礼包！六大国有行响应下调支付手续费，微信支付宝也有动作,中新经纬
2021-06-25,加大减费让利！刚刚，建设银行、农业银行、财付通同时发布重要公告,每日经济新闻
2021-06-25,"建设银行：进一步加大减费让利力度，推动落实""六稳""""六保""",中华网
2021-06-25,北向资金本周爆买A股超200亿，连续加码金融股,Wind
2021-06-25,建设银行：将加大减费让利力度,Wind
2021-06-25,建设银行科技子公司建信金科完成7.5亿元战略投资,零壹财经
2021-06-25,Wind医药：每日行业动态（2021-06-25）,Wind
2021-06-25,万科楼盘被指捆绑高息按揭贷 广州房贷利率上行趋势延续,第一财经
2021-06-25,金融科技塑造银行新业态,金融时报
2021-06-25,碳交易市场启动在即，银行业积极探路碳金融,Wind
2021-06-25,建行旗下金科公司增资落地 引入3家重量级股东,全景网
2021-06-25,建行旗下金科公司增资落地 设金科子公司渐成银行标配,证券时报网
2021-06-24,九卦|房贷额度又没了，刚需该何去何从?,搜狐
2021-06-24,科技部：与建设银行签署战略合作协议,e公司
2021-06-24,建行南京分行：让银行网点化身“身边的政务办事大厅”,中国金融新闻网
2021-06-24,"建行旗下金科增资落地！3家""国家队""入局",Wind
2021-06-24,南方制药拟为控股股东贸易融资提供不超5300万元担保，触发关联交易 大额借贷担保,资本邦
2021-06-24,央行研究局报告：应重点加大对清洁能源领域绿色贷款支持,Wind
2021-06-24,建设银行信用卡：信用卡里的“绿色”范儿,第一财经
2021-06-24,建行海南省分行纪委提升派驻监督效能,证券导报
2021-06-24,中山打造15分钟 社保服务圈,南方日报
2021-06-23,区域金融要参丨三部门联合发文严惩电信诈骗、山东计划用5年时间精准辅导500家企业冲刺上市,21世纪经济报道
2021-06-23,杭州房贷收紧，二手房市场趋于降温,Wind
2021-06-23,杭州房贷收紧，二手房市场趋于降温,第一财经
2021-06-23,建设银行今日大宗交易成交32.20万股，成交价7.33元溢价10.73%,Wind
2021-06-23,广弘控股：新锦安、兰光集团财报雷暴对公司无直接影响,Wind
2021-06-23,不忘初心使命助力乡村振兴我市农村普惠金融服务点全面提质增效,搜狐
2021-06-23,建行江苏省分行创新推出“农机云贷”——助力江苏稻米产业溢脂流香,搜狐
2021-06-23,晨光文具(603899)：“一体两翼”稳步推进 文创龙头强者愈强,新浪
2021-06-23,中资离岸债每日总结6.22交银国际、建设银行卢森堡分行等发行,搜狐
2021-06-23,广东民营股份新增股权出质 质权人为中国建行,乐居财经
2021-06-23,千亿独角兽上市，高瓴、红杉赚翻了！鲍威尔唱“鸽”，纳指飙新高,Wind
2021-06-23,央行出手！这5家银行和支付宝被约谈 其他违规处罚,长春晚报
2021-06-23,比特币又崩了，25万人爆仓70亿！苏宁又有大消息,Wind
2021-06-23,银行行业周报：理财产品预期收益率小幅回升,新浪
2021-06-23,斩断虚拟货币炒作资金链条,Wind
2021-06-23,建行与上海证券交易所开展全面战略合作,金融时报
2021-06-22,发生了什么？多只医疗股大涨，区块链龙头跌20%,Wind
2021-06-22,年薪239万股份行副行长卸任后的下一站 姚仲友或履新光大金融租赁董事长,新浪
2021-06-22,虚拟货币遭致命重击 央行重磅出击,至诚财经
2021-06-22,青海银保监局：对建设银行青海省分行作出行政处罚，罚款20万元 金融监管处罚,Wind
2021-06-22,建设银行青海分行被罚20万：违规收取中间业务服务费 金融监管处罚,新浪
2021-06-22,被约谈银行表态：坚决不为虚拟货币提供任何金融产品和服务 其他违规处罚,中国金融新闻网
2021-06-22,2600亿疫苗白马闪崩！两桶油狂拉，中石油涨30%,Wind
2021-06-22,央行约谈后，五家银行表态！,金融时报
2021-06-22,一夜之间 比特币等加密货币遭遇连环暴击！,券商中国
2021-06-22,虚拟货币迎最新监管！工行、建行等金融机构禁止提供相应服务,资本邦
2021-06-22,期市动态 |管控升级！央行要求全面排查虚拟货币OTC交易！被约谈的6家机构纷纷声明，禁止为虚拟货币交易提供服务,国贸期货
2021-06-22,央行出手！六大机构发声：严打虚拟货币交易炒作,资本邦
2021-06-22,广东新增2确诊！比特币狂崩10%，22万人爆仓70亿！,Wind
2021-06-22,6月22日早间影响市场的重磅消息,证券之星
2021-06-22,小K播早报！首批双创ETF大卖150亿元半导体硅晶圆下半年价格涨幅将扩大,财联社
2021-06-22,期市投资参考：伦敦金属普涨，国际油价创18年10月以来新高,Wind
2021-06-22,港股盘前必读：恒生指数公司将推出恒生科指2倍短仓指数及恒生科指股息累计2倍杠杆指数,Wind
2021-06-22,央行重磅出手！六大机构紧急发声，对虚拟货币监管持续加码,券商中国
2021-06-22,国内财经媒体头版2021年6月22日星期二,Wind
2021-06-22,比特币大跌11%！央行出手监管，各大行紧急回应,Wind
2021-06-22,央行重磅出手 六大机构紧急发声 虚拟货币遭“致命”重击 “矿场”更是被断电封杀 核弹级影响来了,券商中国
2021-06-22,央行出手！工行、建行、支付宝等回应,澎湃新闻
2021-06-21,重磅！虚拟币监管加码，央行约谈多家机构，要求及时切断虚拟币交易资金支付链路,每日经济新闻
2021-06-21,央行就虚拟货币交易炒作问题约谈部分机构：各机构应切断虚拟币交易资金支付链路,每日经济新闻
2021-06-21,晚间重磅！央行约谈银行和支付机构，坚决切断“炒币”资金链路，比特币闻声狂跌，工行建行支付宝等紧急回应,证券时报网
2021-06-21,剑指虚拟币炒作！央行约谈多家金融机构 机构纷纷表态：发现就禁,新浪
2021-06-21,央行约谈6家机构再围堵虚拟币交易，精准识别场外账户是关键,澎湃新闻
2021-06-21,全面封杀比特币等虚拟货币交易！工行、农行、建行等6机构火速发声,中证报
2021-06-21,科创板晚报|央行就虚拟货币交易炒作问题约谈多家银行首批双创ETF认购首日销售火爆,财联社
2021-06-21,再放大招！监管约谈银行、支付机构切断炒币资金支付链路,北京商报
2021-06-21,央行约谈！多家银行火速表态：坚决禁止！虚拟币这下要凉？,中国银行保险报
2021-06-21,重磅！2021银行金融科技最新布局：战略走向纵深 科技实力大分化,新浪
2021-06-21,工行、农行、建行等5家银行回应被央行约谈：禁止进行虚拟货币交易 其他违规处罚,中国网
2021-06-21,行业观｜央行出手严打虚拟货币交易炒作 被约谈后工行、建行等6家金融机构纷纷表态！,财经网
2021-06-21,因虚拟货币炒作问题被约谈后，工行、农行、建行、邮储、支付宝纷纷表态 其他违规处罚,中华网
2021-06-21,工、农、建、邮储、兴业、支付宝遭央行约谈，回应声明禁止虚拟货币交易 其他违规处罚,搜狐
2021-06-21,虚拟货币监管加码！央行约谈工行等部分银行和支付机构,新浪
2021-06-21,央行出手！六家机构被约谈，工行、建行、支付宝回应：禁止使用我行服务开展虚拟货币交易 其他违规处罚,证券时报网
2021-06-21,各大行与虚拟货币“划清界限”，比特币已经腰斩,Wind
2021-06-21,每经19点丨工行、建行等集体禁用该行账户开展虚拟货币交易活动；深圳市宝安：全区所有餐饮服务单位暂停堂食,每日经济新闻
2021-06-21,被央行约谈后6家机构纷纷声明，禁止为虚拟货币交易提供服务 其他违规处罚,澎湃新闻
2021-06-21,农行禁止服务用于比特币交易：工行、建行等跟进、坚决打击虚拟货币,快科技
2021-06-21,央行就虚拟货币炒作约谈后工行、建行、支付宝等集体禁用该行账户开展虚拟货币交易活动,财联社
2021-06-21,多家银行发布声明：禁止服务用于虚拟货币交易,金融界
2021-06-21,刚刚，工商银行、建设银行、邮储银行、支付宝同时发布重要公告！,每日经济新闻
2021-06-21,晚间公告｜6月21日这些公告有看头,第一财经
2021-06-21,中国建设银行：坚决不开展、不参与任何与虚拟货币相关的业务活动,新浪
2021-06-21,央行：就虚拟货币交易炒作问题约谈工行、建行、农行、支付宝等机构,腾讯网
2021-06-21,建设银行：禁止使用本行服务用于虚拟货币交易,Wind
2021-06-21,央行就虚拟货币交易炒作问题约谈部分银行和支付机构,Wind
2021-06-21,严防信用卡套现！邮储、建行等限制烟草配送、彩票销售等MCC交易,21世纪经济报道
2021-06-21,中金MSCI低波动一季报：股票仓位为93.46%，重仓长江电力、建设银行等,每日经济新闻
2021-06-21,储户建行卡被盗刷26.8万，建设银行被判担责90% 安全事故,中华网
2021-06-21,百联好美家实现多元创新 打造融合型家居平台,联商网
2021-06-21,广州二套房贷利率最高 5.85%！网传多家银行停贷？,ZAKER
2021-06-21,建行嵊州支行成功发放该行首笔“共富贷”,中国发展网
2021-06-21,大摩：相信建行(0939.HK)股价60日内将上升 评级增持,格隆汇
2021-06-21,流动性稳了！下半年重点关注什么？,Wind
2021-06-21,为振兴插上科技之翼 银行谱写智慧服务“三农”新篇章,中国金融新闻网
2021-06-21,6月28日建行存款利率再次上调，10万元定期存3年，利息让人心动,腾讯网
2021-06-21,金融助力小米粒实现大梦想,中国金融新闻网
2021-06-21,深圳建行ATM机数字人民币和现金可互兑,深圳商报
2021-06-21,碳中和债热度上升：银行业发力绿债市场,中国金融新闻网
2021-06-20,为小微企业探索金融解决方案,经济日报
2021-06-19,茅台租赁签约上海城投，成为战略合作唯一非银行企业,Wind
2021-06-19,重磅！光大银行最资深副行长辞任 高级管理层大换血 董监高成员变化,新浪
2021-06-19,A股版图十年大变迁,Wind
2021-06-18,建设银行丰台支行行长张守庆：普惠金融战略是信贷结构调整的重要方向,金融界
2021-06-18,河北银保监局：一季度银行业消费投诉894件 工农邮储农行投诉量前三,银保监会
2021-06-18,组合拳推动上海文旅游产业发展,经济日报
2021-06-17,独家电报|中金招行建行等7家中资机构成为滴滴IPO承销商,财联社
2021-06-17,银行理财周报：理财收益率环比上升 理财子浮动管理费率最低,新浪
2021-06-17,山东建行“第一书记”一村一策得民心,大众日报
2021-06-17,建设银行：积极探索绿色金融发展模式，助力电力行业转型升级,面包财经
2021-06-16,建设银行现1笔大宗交易 共成交207.97万元,新浪
2021-06-16,建设银行今日大宗交易成交31.04万股，成交价6.7元折价0.3%,Wind
2021-06-16,渝德同行促合作 智造引领谋新篇 ——中国（重庆）-德国高端智造云洽会 成功在中德两国同步举办,上游新闻
2021-06-16,21说案｜“银行行长”张口就给10亿授信，这只是一场拙劣的骗局 欺诈造假,21世纪经济报道
2021-06-16,A股融资融券日报：两融余额增加53.09亿元（6月15日）,Wind
2021-06-16,华杜投资出质粤民投12.5亿股股权予建设银行,乐居财经
2021-06-16,献礼建党百年·聚焦资本市场“新地理”丨山东寿光：中国菜篮子播下上市的“金种子”,和讯
2021-06-15,两毛八牵出的“爱恨情仇” 建行柜员与客户谁之过？,新浪
2021-06-15,佳华会计师事务所虚假验资1000万 债主信以为真借款“打水漂”法院判了 欺诈造假,新浪
2021-06-15,智慧银行时代已至，无人银行将成主流？,乐居财经
2021-06-15,1个月暴涨33%，新能源主题基金抢镜！但风险已现？,Wind
2021-06-15,A股融资融券日报：两融余额减少57.15亿元（6月14日）,Wind
2021-06-15,分红4900亿！险资却一路减持，银行股路在何方？,Wind
2021-06-14,建行西藏自治区分行开展 “6.14全国信用记录关爱日”活动,中国金融新闻网
2021-06-12,广电运通(002152)：建行、长沙银行合作落地 深化DCEP软硬件卡位优势,新浪
2021-06-11,招商南油：建行江苏分行本次减持计划时间过半，未减持股份,每日经济新闻
2021-06-11,招商南油(601975.SH)：减持期过半 建行江苏分行未减持股份,格隆汇
2021-06-11,建行行长王江强调“个人信息保护”，不知道旗下App被工信部通报违规？ 其他违规处罚,新浪
2021-06-11,建行合肥城西支行开展5月份存款保险集中宣传,搜狐
2021-06-11,每日理财观察： 5月社融增量为1.92万亿元，M2同比增长8.3%,Wind
2021-06-11,杭州多银行房贷利率20天升3次，传递什么信号,Wind
2021-06-11,总额约4900亿元，上市银行年度分红大戏开锣,Wind
2021-06-10,20天内三级跳！这座城市多家银行房贷利率上调，传递什么信号？,中证报
2021-06-10,建信金科:以金融科技助力经济金融数字化转型,中国金融新闻网
2021-06-10,建行辽宁省分行：奋力谱写金融服务乡村振兴新篇章,中国金融新闻网
2021-06-10,华强科技二答科创板问询 与兵装财司的关联交易等被关注,资本邦
2021-06-10,哈尔滨300万亩农业生产托管服务计划落地，建设银行参与信贷支持,证券时报网
2021-06-10,海南建行首家汽车主题银行网点揭牌,证券导报
2021-06-10,海南建行“劳动者港湾”为高考学子加油助力,证券导报
2021-06-09,引活水润环山 建行深圳市分行助力绿色金融,中国金融新闻网
2021-06-09,建行“科技转化贷”助力高新技术企业发展,中国金融新闻网
2021-06-09,建行广东省分行：快速响应战疫情 高效行动办实事,中国金融新闻网
2021-06-09,建行河北省分行：裕农通平台助农忙,中国金融新闻网
2021-06-09,银保监会：强化金融机构审慎经营理念，提升防范化解金融风险能力,Wind
2021-06-09,皇庭国际10余年融资超百亿，多家信托为其融资！,微信
2021-06-09,监管层严查违规资金进楼市，4银行10员工领罚 金融监管处罚,Wind
2021-06-09,建行江苏省分行开展“建行到家”线上服务模式,中国金融新闻网
2021-06-09,建行与人民大学签署战略合作协议,中国金融新闻网
2021-06-08,建行、中行再度上调广州房贷利率？消息不实,Wind
2021-06-08,建行、中行再度上调广州房贷利率？消息不实！,21世纪经济报道
2021-06-08,建行大连市分行“劳动者港湾” 当好身边的助考加油站,中国金融新闻网
2021-06-08,建行旗下“CCB建融家园”APP被工信部点名：违规收集个人信息等 其他违规处罚,新浪
2021-06-08,紧跟建行，广州中行房贷利率上调，首套 5.5%，二套 5.7%,ZAKER
2021-06-08,银行周榜｜建行、工行、中行、招行激战正酣！,中国银行保险报
2021-06-07,建行翻车了？诱导客户下载APP 强制员工“拉人头”,新浪
2021-06-07,反诈进行时“建”招拆招一点通 —— 建设银行提醒老年人防诈骗,上游新闻
2021-06-07,"基金代销规模首次披露：银行规模大、券商数量多、三方""三大四小""格局形成",新浪
2021-06-07,建设银行落地四川银行业首笔“信贷直通车”贷款,中国经济网
2021-06-07,【中信建投银行杨荣】周报259期:《蚂蚁消金获准开业， 涉农贷款预计增加》,eResearch杨荣团队
2021-06-06,建行上海市分行与市工商联共搭平台 金融科技赋能民营企业高质量发展,中国金融新闻网
2021-06-06,兴产业“橙心橙意” “赣脐旺”金融滋养,中国金融新闻网
2021-06-05,建设银行甘肃分行被罚20万：向不符合要求的商户提供支付服务 金融监管处罚,新浪
2021-06-05,5月房贷利率再上涨，LPR与房贷利率差值越来越大,华夏时报
2021-06-05,易纲：央行计划实行气候相关信息强制披露，银行绿色转型类来了,Wind
2021-06-05,建行强制员工“拉人头”诱导用户注册 为租房平台建融家园导流,GPLP犀牛财经
2021-06-04,骇人听闻！指使员工刻“萝卜章”57枚 这位老板9年时间从银行骗贷5亿多元 欺诈造假,每日经济新闻
2021-06-04,建设银行甘肃省分行被罚款20万：向不符合要求的商户提供支付服务 金融监管处罚,鲸平台
2021-06-04,广东银行业保险业全力支持抗疫 守卫“南大门”,中国银行保险报
2021-06-04,建设银行安陆支行被罚30万：发生员工涉刑案件 金融监管处罚,新浪
2021-06-04,上海工商联与建行合作上线企业综合服务平台,上证报
2021-06-04,瑞银：料内银净息差前景改善首选建行(0939.HK),格隆汇
2021-06-04,"八大平台，一点接入，全面响应，综合服务——建行与上海工商联共搭平台,金融科技赋能民营企业高质量发展",面包财经
2021-06-04,"私企伪造57枚""萝卜章""：8年骗取6家银行超5亿 国有大行也中招 欺诈造假",券商中国
2021-06-04,金融赋能科创企业政策申报，实现补贴资金+银行信贷双重支持,南都报
2021-06-04,“政务+金融”便民利民 建行广州分行“劳动者港湾”落户政务中心,中国金融新闻网
2021-06-04,济宁季某造假骗贷5亿元买房 建行、农行等6金融机构中招 欺诈造假,GPLP犀牛财经
2021-06-04,建设银行(601939)股票行情 又有骗贷大案! 欺诈造假,至诚财经
2021-06-04,佛山建行举办“走进优质企业”系列——“私享?惠”溢起来扞卫新疆棉活动,搜狐
2021-06-04,港股盘前必读：中概网络科技股普跌，恒大有息负债望降到6000亿以下,Wind
2021-06-04,中金：银行系APP评级体系，兼评金融场景区别,中金点睛
2021-06-03,新疆银保监局：对合众人寿阿克苏中心支公司作出行政处罚，罚款15万元 金融监管处罚,Wind
2021-06-03,南向资金今日净买入4.39亿港元，美团净买入逾7亿港元,Wind
2021-06-03,一则传闻引发大涨？上海本地股掀涨停潮,Wind
2021-06-03,六家银行被萝卜章骗贷5.17亿元，恒丰银行1.5亿齐商银行1.89亿尚未还清 欺诈造假,中华网
2021-06-03,男子私刻57枚萝卜章，从齐商银行、恒丰银行、建行、农行等骗贷5.17亿元 欺诈造假,中华网
2021-06-03,广州建行房贷利率今年第四度上调，首套 5.65%，二套 5.85%,ZAKER
2021-06-02,新基金发行回暖 谁是的投资者最相信的“渠道”？,新浪
2021-06-02,广东建行：为群众办实事 快速响应战疫情,金羊网
2021-06-02,《保障农民工工资支付条例》实施，中山建行让农民工不再忧“薪”,金羊网
2021-06-02,华为明有重磅会议，将与多家上市公司发布新合作计划,Wind
2021-06-02,银行强制客户下载的App评分低、使用难……你让营销的员工情何以堪？,丁丁创e
2021-06-02,万科的佛山自持地块为何重出江湖？,每日经济新闻
2021-06-02,如何使普惠金融成果惠及3000万卡车司机？,经济观察报
2021-06-02,南山控股为子公司13.5亿元授信额度提供担保 大额借贷担保,观点地产网
2021-06-02,建行广东省分行：为群众办实事 快速响应战疫情,中国金融新闻网
2021-06-02,去年亏损6.71亿元 高伟达能靠信贷系统项目翻身么？ 亏损,腾讯网
2021-06-02,先下APP再办业务？中国建设银行的“诱导式”推销无疑是“本末倒置”！,证券之星
2021-06-02,晨星微升建设银行(00939.HK)目标价至8.27港元评级降至持平 机构下调估值,财华社
2021-06-02,13家上市银行“房贷”占比超线 未来房地产贷款仍将是监管重点,面包财经
2021-06-02,建行广西区分行围绕区域特色产业创新金融服务支持乡村振兴纪实,中国金融新闻网
2021-06-02,民生加银新动力灵活配置混合型证券投资基金基金份额持有人大会表决结果暨决议生效的公告,中证报
2021-06-01,哪些银行跻身本周微博影响力榜单？建设银行下降5位,新浪
2021-06-01,信用卡被接连盗刷 银行要客户赔本付息？最高法有新说法！ 安全事故,奥一网
2021-06-01,银行周榜｜工行、建行微信榜上抢“C位”！,中国银行保险报
2021-06-01,新规后首例！建行卡被盗刷26.8万，法院判银行赔90%,Wind
2021-06-01,先下APP再办业务？ 建行诱导客户下载注册住房软件被吐槽,丁丁创e
2021-06-01,新司法解释出台后首案:银行卡被盗刷26.8万余元 法院判建行赔90% 安全事故,新浪
2021-06-01,买假基金损失5658万元 建设银行、光大银行等承担补充赔偿责任,GPLP犀牛财经
2021-06-01,全国银行业首家“零碳网点”在中山落地,中国金融新闻网
2021-06-01,党建引领 建行党支部与香港青年探寻红色足迹,深圳新闻网
2021-06-01,建行汕头市分行以新金融构筑乡村振兴“民心工程”,南方日报
2021-06-01,从孵化到转化：助科创梦想“破土拔节”,中国金融新闻网
2021-06-01,建行成立业内首个“零碳网点”,中国金融新闻网
2021-05-31,招行原副行长刘建军出任邮储银行行长 六大行行长已配齐,每日经济新闻
2021-05-31,【银河证券】关于采集公募基金产品适当性风险等级数据及变更信息的通知,新浪
2021-05-31,建行蚌埠涂山支行扎实开展存款保险宣传活动,搜狐
2021-05-31,建行信用卡：践行“我为群众办实事” 助力乡村振兴,第一财经
2021-05-31,送达诉状副本及开庭传票——中国建设银行股份有限公司上海浦东分行 诉讼纠纷,上海高级人民法院
2021-05-31,招商银行高管调整，分管零售业务副行长刘建军转战邮储银行 董监高成员变化,时代周报
2021-05-30,银行行业专题报告：他山之石之财富管理业务 广阔空间 大有所为,新浪
2021-05-30,狂买中国股票的外资大鳄曝光，他们看上这些方向,Wind
2021-05-30,狂买中国股票的外资大鳄曝光，他们看上这些方向……,Wind
2021-05-29,震惊！国有大行竟卖假基金，涉资5000万！法院出手了,中国基金报
2021-05-29,在建行铜仁市分行成功上线,搜狐
2021-05-29,上证报头版：银行入场“大象起舞”，护航A股担当“压舱石”,Wind
2021-05-28,浙江一法院判处：银行卡被盗刷26.8万 建设银行要不要赔？ 诉讼纠纷,浙江在线
2021-05-28,招行副行长刘建军拟履新邮储银行行长,21世纪经济报道
2021-05-28,狂卖超400亿！12年暴赚12倍，又见爆款基金“一日售罄”,Wind
2021-05-28,京东物流的“小微”算盘：与建行合作推“京速贷” 综合年化费率9%,新浪
2021-05-28,信托排位战：跑赢资产但跑输了利润，建信信托扩张之谜,用益信托网
2021-05-28,建行云南省分行推出适老惠民措施,中国金融新闻网
2021-05-28,信贷支撑社融力度减弱,证券市场周刊
2021-05-28,VIP 客户买了 5000 万假基金 建行等三家银行卷入虚假基金诈骗案 欺诈造假,ZAKER
2021-05-28,山东高速集团：延长“21鲁高速MTN003 ”簿记建档时间,Wind
2021-05-28,卷入虚假基金诈骗案 建行中信光大等被判承担连带责任 欺诈造假,证券日报
2021-05-28,卷入虚假基金诈骗案，三家银行被判承担连带责任,Wind
2021-05-28,卷入虚假基金诈骗案 三家银行被判承担连带责任 欺诈造假,全景网
2021-05-27,55岁招行老将刘建军或履新邮储银行行长 国有六大行行长全部补齐,新浪
2021-05-27,利用虚假基金产品非法集资!三家涉案银行合计被执行超4700万 欺诈造假,资本邦
2021-05-27,工银理财获批 工行等四家国有大行均已布局,华夏时报
2021-05-27,这个一线城市房贷利率再上调！其他地区“跟不跟”,ZAKER
2021-05-27,普渡机器人“欢乐送”入驻深圳建设银行“创业者港湾”,中宏网
2021-05-27,蚌埠市住房公积金业务常见问题汇总（2021年）,搜狐
2021-05-27,哪些行业不良贷款率高？,岳读债市
2021-05-27,海南建行推出“劳动者港湾+”公益惠民服务,证券导报
2021-05-27,海南建行多举措强化党风廉政教育,证券导报
2021-05-27,深圳上调房贷利率 其他热点城市或跟进,中证网
2021-05-27,建行长治分行召开同业业务能力提升培训暨业务推进会,搜狐
2021-05-26,ST顺利：银行账户被冻结 资产查封,Wind
2021-05-26,建设银行今日大宗交易成交49万股，成交价7.02元溢价0.0%,Wind
2021-05-26,建行上海市分行全面推进存款保险宣传工作,中国金融新闻网
2021-05-26,"建行四川省分行在蓉推出科创领域普惠金融产品""孵化云贷""",中国经济网
2021-05-26,“加息潮”来了？业内人士分析：房贷利率还有上行空间,搜狐
2021-05-26,神州信息：公司自研发布数字钱包系统已服务建设银行、广发银行、北京银行等10余家金融机构,格隆汇
2021-05-26,睿财研究：恒泰MVM模型剖析上市公司银行板块,恒泰睿财
2021-05-26,实探北京地区数字人民币试点：商户积极响应 银行个人客户多在内测阶段,证券日报
2021-05-25,智度股份：公司目前已与建设银行、广州银行等开展供应链金融业务合作,每日经济新闻
2021-05-25,建行助力构建人民币跨境支付生态圈,中国金融新闻网
2021-05-25,江西银保监局：对建设银行南昌铁路支行作出行政处罚，罚款40万元 金融监管处罚,Wind
2021-05-25,浙江银保监局：对建设银行杭州分行作出行政处罚，罚款245万元 金融监管处罚,Wind
2021-05-25,【券商聚焦】中金维持建行跑赢行业评级 看好其普惠金融业务发展前景,凤凰网
2021-05-24,中国（山东）—东盟中小企业合作发展大会将于5月28至29日举办,Wind
2021-05-24,网民投诉无居住证异地办卡失败，央行：网点反洗钱沟通不充分引发,澎湃新闻
2021-05-24,宋效军谈新金融、新看点、新机遇：六大行年报分析,新浪
2021-05-24,“加息潮”来临，上海成全国房贷利率洼地！,ZAKER
2021-05-24,深圳一学区房狂降662万元！楼市严调控下，炒房不香了,Wind
2021-05-23,5月22家机构“吃到”百万元级罚单，信贷资金违规流入楼市是“重灾区” 其他违规处罚,Wind
2021-05-23,建设银行与商务部投资促进事务局签署战略合作框架协议,中国金融新闻网
2021-05-23,天阳科技(300872)：参与建行数字货币开发 行业新龙头呼之欲出,新浪
2021-05-23,又一批银行可转债计划密集公布，还有这些银行已发行完毕,Wind
2021-05-22,楼市“加息潮”来了？多家大行在行动！监管又下狠手了,搜狐
2021-05-22,建设银行成为TCFD支持机构,中国金融新闻网
2021-05-22,贷款流入楼市？小贷公司这样支招规避资金监管,经济观察报
2021-05-22,深圳工、农、中、建、交及招商银行均已上调房贷利率 楼市调控再加码,每日经济新闻
2021-05-22,楼市“加息潮”来了？深圳、杭州、苏州、宁波多家大行在行动！,Wind
2021-05-21,建设银行深圳分行被罚130万：个人消费贷款三查不尽职 金融监管处罚,新浪
2021-05-21,楼市“加息潮”来了？深圳、宁波、杭州多家大银行已行动,中证报
2021-05-21,深圳银保监局：对建设银行深圳市分行作出行政处罚，罚款130万元 金融监管处罚,Wind
2021-05-21,肇庆建行引金融活水 “资”润产业链高质量发展,南方日报
2021-05-21,“沪惠保”专业讲解进片区，区域化党建成员单位来助力,东方网
2021-05-21,大悦城为子公司沈阳和诚提供6.6亿元债务担保 大额借贷担保,观点地产网
2021-05-21,建设银行：执行董事、副行长吕家进辞任 董监高成员变化,Wind
2021-05-21,罚没22.75亿！银保监会铁腕整治，下一步重点在这,Wind
2021-05-21,"人民银行广州分行推动建设银行中山翠亨新区支行成为全国银行业首家""零碳网点""",中国金融新闻网
2021-05-21,楼市大消息！五大银行集体行动，这个一线城市房贷全面涨价,每日经济新闻
2021-05-21,什么信号？深圳等地上调，全国房贷平均利率连升4月,Wind
2021-05-21,深圳五大行集体上调房贷利率 未来或将进一步趋紧,第一财经
2021-05-21,践行“我为群众办实事” 建行云南省分行两年发放“民工惠”专项融资11亿元，服务农民工10万人次,云南经济日报
2021-05-21,中基协披露最新基金代销数据,中华工商时报
2021-05-21,“建行-万得绿色ESG债券发行指数”全球发布成功！,Wind
2021-05-21,驻建行纪检监察组：发现并纠正变相提高融资成本、违规收费等4类137个问题 其他违规处罚,中央纪委国家监委网站
2021-05-21,积极回馈股东，上市公司现金分红创新高,Wind
2021-05-21,监管叫停备案基金子公司房地产供应链类产品，房地产融资趋严房贷利率再度上涨,Wind
2021-05-21,连续4年破万亿，上市公司现金分红创近年新高,Wind
2021-05-21,A股公司2020年度现金分红1.52万亿元，增超一成,Wind
2021-05-21,工商银行动真格了，掀起信用卡降额风暴,腾讯网
2021-05-20,调查|“热”楼市再遇“冷”信贷 宁波深圳多地房贷利率悄然上调 业内称稳仍是主旋律,财联社
2021-05-20,深圳多家银行上调房贷利率，未来或进一步趋紧,第一财经
2021-05-20,招行超工行，建行中行紧跟其后，银行的基金江湖,丁丁创e
2021-05-20,安永报告：上市银行空前重视金融科技 风险防控将是未来数年关键词,21世纪经济报道
2021-05-20,建行广西区分行“我为群众办实事”助农销售特色农产品,中国金融新闻网
2021-05-20,中国银行、建设银行、农业银行和邮政银行，这四大银行哪个最好？,腾讯网
2021-05-20,宇宙房企碧桂园塌贪腐频发：小出纳竟能私吞 4826 多万，用于打赏主播、游戏充值、娱乐消费、嫖娼、交女朋友,ZAKER
2021-05-19,建行朔州分行开展“存款保险”宣传活动,搜狐
2021-05-19,中毅达：拟发行A股股份方式购买瓮福集团100%股权,Wind
2021-05-19,部分险资已兑现前期银行股浮盈 科技和消费或为下阶段发力重点,财联社
2021-05-19,建设银行大庆分行被罚90万：授信不审慎 金融监管处罚,新浪
2021-05-19,大庆银保监局：对建设银行大庆分行作出行政处罚，罚款90万元 金融监管处罚,Wind
2021-05-19,前瞻性产业研究周报：多家公司成立数字经济子公司绿色债券走向海外市场,新浪
2021-05-19,2020银行年报拍案惊奇：小行科技投入占比不输大行,中国电子银行网
2021-05-19,13家机构公募基金保有规模超千亿 招行居首银行系仍是主力军,长江商报
2021-05-18,银行周榜｜农行、建行、中行逐鹿微信榜，冠军花落谁家？,中国银行保险报
2021-05-18,建行宁波分行“新金融行动”力助地方经济,中国金融新闻网
2021-05-17,傲视群雄与加紧追赶 银行代销基金混战升级,北京商报
2021-05-17,4300亿装修分期市场背后，建行、中行等绕不开这两大场景巨头,和讯
2021-05-17,新融合，新跳板：智能云网如何让企业数字化转型，起步即领先？,和讯
2021-05-17,绿色金融迎“碳中和”各家银行在干什么,中投网
2021-05-17,70城4月房价涨幅扩大！这些城市或率先开征房产税,Wind
2021-05-17,非银金融行业周报：券商反弹背后是估值见底 看好财富管理主线,新浪
2021-05-17,数字人民币钱包 记者“初体验”,国际金融报
2021-05-16,中国信保云南分公司精准支持融资小微外贸企业,云南日报
2021-05-16,建设银行广东省分行成为“网上中博会”线上金融服务商,中国金融新闻网
2021-05-16,建设银行与沈阳市签署战略合作协议,中国金融新闻网
2021-05-16,【兴证金融 傅慧芳】银行业周报（2021.05.10-2021.05.16）新发放贷款定价如期回升，行业经营/财富管理分化加大,兴证金融
2021-05-16,基金代销前100强出炉，47家券商上榜,Wind
2021-05-15,2021《红周刊》商业银行竞争力排行榜最新出炉！建行超宁波银行拔得头筹！,红周刊
2021-05-15,38家上市商业银行日均躺赚48亿，一天就是2300爽！,红周刊
2021-05-15,2021商业银行坏账报告：1.7万亿不良 工农中建四大行金额居首 资产异常,新浪
2021-05-14,福布斯全球2000强揭晓，陆金所、快手、农夫山泉首次登榜！“宇宙行”再登顶,中证报
2021-05-14,非银金融2021Q1基金代销机构保有量点评：基金销售行业格局全披露 招行、东财的财富管理龙头优势显着,新浪
2021-05-14,建设银行宣城市分行被罚25万：贷后管理不到位 金融监管处罚,新浪
2021-05-14,宣城银保监局：对建设银行宣城市分行作出行政处罚，罚款25万元 金融监管处罚,Wind
2021-05-14,盛业资本(06069.HK)与建行深圳分行订立供应链金融科技平台合作协议,格隆汇
2021-05-14,外币可以这样查伪！深圳建行走进校园开展货币防伪普及,深圳新闻网
2021-05-14,北向资金狂买近百亿，五粮液获大幅净买入超9亿元,Wind
2021-05-14,综合金融行业-2021年1季度销售机构公募基金保有量排名点评：互联网渠道占比提升 推荐东方财富,新浪
2021-05-14,非银金融行业2021Q1销售机构公募基金保有数据点评：独立三方份额快速提升 行业或加速转向保有竞争,新浪
2021-05-14,因贷后管理不到位 建设银行宣城分行遭25万元罚单 金融监管处罚,和讯
2021-05-14,河北男子被冒名办理建行信用卡，10年无端背负10万债务、征信受损6年，银行提出和解并承诺赔偿一万元,潇湘晨报
2021-05-14,建行与中国民营经济国际合作商会签署战略合作协议,中国金融新闻网
2021-05-14,非货公募销售前100家亮相，券商47强排名持续刷屏！中基协首次公布排名，版图谁主导？行业炸锅,财联社
2021-05-14,【4月银行理财报告】收益率环比跌7BP 上市城商行净值化比例高,腾讯网
2021-05-14,基金早班车|为买方力量加持！一份百强榜让金融圈“炸锅”，易方达中证500量化增强今日发行,中国基金报
2021-05-14,基金销售行业格局大洗牌，蚂蚁非货币基金保有量居首,Wind
2021-05-14,助力绿色转型 银行业应如何做好加减法,金融时报
2021-05-13,资管能力与运营能力双管齐下 建行财富管理能否顺利“变身”？,经济观察报
2021-05-13,【天风海外】港股通南向资金专题研究,微信
2021-05-13,基金保有量规模前100强来了，这些代销机构跻身千亿,Wind
2021-05-13,建设银行锡林郭勒分行被罚30万：贷款风险分类不实 金融监管处罚,新浪
2021-05-13,锡林郭勒银保监局：对建设银行锡林郭勒分行作出行政处罚，罚款30万元 金融监管处罚,Wind
2021-05-13,银行业能否扛起金融科技创新大旗？看几个关键指标就清楚了,和讯
2021-05-13,承销国内首批可持续发展挂钩债券 建行积极参与绿色金融领域创新,中国金融新闻网
2021-05-13,近期银行业数据点评：二季度银行基本面怎么看？,新浪
2021-05-13,建行主承销国内首批可持续发展挂钩债券,Wind
2021-05-13,贝莱德建信理财来了！中国第二家外资控股理财公司获准开业,资本邦
2021-05-13,村里添了“新农具”,中国县域经济报
2021-05-13,建行新金融元素装点消博会,中国金融新闻网
2021-05-13,【东吴晨报0513】【固收】【行业】通信、汽车、银行、零售【个股】晶盛机电、三联虹普,东吴研究所
2021-05-13,58万亿全球资管“一哥”重磅官宣！,Wind
2021-05-13,58万亿全球资管“一哥”重磅官宣！,中国基金报
2021-05-12,第二家合资理财公司获批开业！外资巨头贝莱德、淡马锡入场，公司筹备基本完成，中资股东或成销售主力,财联社
2021-05-12,中金公司与建设银行推出财富管家计划倡导“买方销售”理念,上证报
2021-05-12,兴业银行今迎新帅！52岁吕家进续写金融职业的精彩,新浪
2021-05-12,时隔10年私行专营牌照再开闸 15万亿私行市场谁主沉浮？,新浪
2021-05-12,一季度银行业监管数据点评：净利润增速由负转正 资产质量在持续改善,新浪
2021-05-12,银行行业-2021Q1货币政策报告点评：贷款利率回升的结构与趋势展望,新浪
2021-05-12,海外信用评级汇总2021年5月12日星期三,Wind
2021-05-12,六大行制造业贷款共计6.8万亿 支持制造业谁最卖力？,和讯
2021-05-12,再添一家运营机构！数字人民币钱包点亮网商银行,每日经济新闻
2021-05-12,兴业银行迎来新掌门 此前为建行副行长,中新经纬
2021-05-12,中交地产“抽逃”千万资金之谜,新浪
2021-05-12,中国策略简评-MSCI中国半年度调整：新增60只、剔除21只,新浪
2021-05-12,银行股回暖？张坤谢治宇都在买，国家队、险资却撤离,Wind
2021-05-12,青岛房贷利率暂无上调迹象国内多地房贷利率上调,搜狐
2021-05-12,银行业一季报综述暨银行业中报展望,资本邦
2021-05-12,热搜刷屏！财政部突传重磅，房地产税大消息来了！,Wind
2021-05-12,一季度业绩增长较快，银行股承蒙明星基金经理抬爱,Wind
2021-05-11,强实名类钱包不限额，非实名类钱包日支付限额5000元...详解7家运营机构数字人民币钱包,国际金融报
2021-05-11,深圳建行上调房贷利率 专家：房贷利率小幅上涨可能会成为趋势,中国网
2021-05-11,政务服务银行办 申城建行网点化身“市民办事大厅”,中国金融新闻网
2021-05-11,30家资产过万亿银行员工分布及人均薪酬指标一览（2020版）,新浪
2021-05-11,建行以新金融行动全力服务首届消博会,中国金融新闻网
2021-05-11,“建行系”两险企高层变动 建信财险总裁辞职 建信人寿总裁落定 董监高成员变化,GPLP犀牛财经
2021-05-11,党建引领促发展 实干担当谋新篇,北京青年报
2021-05-10,银行周报255期：银行年报综述之零售业务篇,新浪
2021-05-10,建行上海分行金融服务深度下沉乡村,上证报
2021-05-10,建行3D数字展馆亮相消博会,中国金融新闻网
2021-05-10,银行业4月社融预测：社融增速或将如期回落,新浪
2021-05-10,【天风海外｜周市场】港股市场新经济和传统经济仓位切换明显，关注港美股财报季,微信
2021-05-10,质效齐增 六大银行实现“开门红”,金融时报
2021-05-10,陆家嘴财经早餐2021年5月10日星期一,Wind
2021-05-10,五年期年利率3.97%，四家银行试水手机购买国债,Wind
2021-05-09,上新！数字人民币公测升级，网商银行（支付宝）正式入列,Wind
2021-05-09,首批恒生科技ETF来了：最短仅售一天！,Wind
2021-05-09,提醒！又有大行要清理“睡眠账户”了,杭州网
2021-05-09,又见银行理财产品提前终止，净值化转型压力有多大？,Wind
2021-05-09,存银行不如买银行！38家A股银行派现4900亿,Wind
2021-05-08,千亿级国家级母基金呼之欲出，五大行出资近400亿火速获批,投资家
2021-05-08,9.9元的咖啡和奶茶只要0.9元，消博会上推广数字人民币也是拼了！,新民晚报
2021-05-08,事关每个人借记卡！6大国有行清理“睡眠账户”,Wind
2021-05-08,提高利率还是房价调控最有效的手段之一,华夏时报
2021-05-08,中国建设银行8亿欧元绿色债券在卢森堡上市,Wind
2021-05-08,中国建设银行8亿欧元绿色债券在卢森堡上市,金融界
2021-05-08,“封堵”比特币！一经发现，注销账户,Wind
2021-05-08,营收净利增长独占“鳌头”，酒鬼酒弃欲走高端果断抛弃低端系列,华夏时报
2021-05-08,深圳建行上调首套、二套房贷利率至5.10%和5.60% 为首家上调房贷利率商业银行,华夏时报
2021-05-08,深圳楼市大消息！建行打响“第一枪”！,杭州网
2021-05-07,深圳楼市迎变：已有大行上调房贷利率 对买房人影响几何？,国际金融报
2021-05-07,深圳房贷也涨价了！建行率先上调房贷利率,第一财经
2021-05-07,是时候丢掉炒房幻想了,格隆汇
2021-05-07,建设银行在京召开脱贫攻坚总结表彰大会暨乡村振兴工作会议,上证报
2021-05-07,三大指数震荡收跌机构称整体处在财报真空期预计绩优成长优先补涨｜思维市场关注,投资者网
2021-05-07,数字人民币研发新成果 在飞机上可无网离线支付,中新网
2021-05-07,金融如何助推海南自贸港建设？来消博会建行展馆找答案,海南在线
2021-05-07,深圳建行上调房贷利率并非楼市调控信号其他银行暂未跟进,格隆汇
2021-05-07,银行股持续走高，南京银行、平安银行、兴业银行均涨超3%,Wind
2021-05-07,【行情】港股内银股普涨，招商银行涨2.1%，建设银行、邮储银行涨0.8%，工商银行、交通银行涨0.6%,金十数据
2021-05-07,每日理财观察：大宗商品狂欢，多种商品刷新历史,Wind
2021-05-07,上海银保监局连开17张罚单 建行农行多家支行中招 金融监管处罚,新浪
2021-05-07,楼市调控又现新信号！,Wind
2021-05-07,港股盘前必读：一季度欧洲智能手机市场份额小米超过苹果位居第二,Wind
2021-05-07,“杀猪盘”3个月暴跌190万！国有大行上调房贷，炒房最凶的城市要凉凉,中证报
2021-05-06,深圳楼市调控新信号！建行深圳分行上调房贷利率，首套利率5.10%，二套利率5.60%,每日经济新闻
2021-05-06,金评天下|为什么最赚钱的板块，却不受A股投资者待见,金融投资报
2021-05-06,2078亿！银行大手笔“下注”，六大行占比过半！,丁丁创e
2021-05-06,深圳楼市调控新信号出现，大行调整房贷利率,Wind
2021-05-06,38家银行赚走A股42%净利，市值却仅有1/8,Wind
2021-05-06,2020手机银行数字竞争力TOP100：浙江农信超越部分股份行，2家民营银行入选,零壹财经
2021-05-06,修筑“数字水渠”手机银行以新金融行动传递“建行温度”,中国金融新闻网
2021-05-06,每天净赚36.87亿元，6家国有大行一季度加起来赚了3318亿！北上资金只管来买、买、买！,每日经济新闻
2021-05-06,银保监会发文要求今年继续实现增速、户数“两增”目标,经济日报
2021-05-06,六大行一季度日赚36.87亿元 四家资产质量变好,第一财经日报
2021-05-06,小微企业金融服务迎利好,经济日报
2021-05-06,关于鹏华产业精选灵活配置混合型证券投资基金参与中国建设银行股份有限公司定期定额申购费率优惠活动的公告,中证报
2021-05-05,全部54家上市银行2020年指标排名大全,搜狐
2021-05-05,六大行一季度日赚36.87亿，今年资产负债结构调整是重点,第一财经
2021-05-05,平均日赚36.87亿！六家国有大行一季度合计盈利3318亿元,每日经济新闻
2021-05-05,房地产贷款集中度新规影响几何：大中型银行中6家踩红线,澎湃新闻
2021-05-05,港股内银股表现强势，交通银行涨3.5%,Wind
2021-05-04,摩根大通下调建行、工行、邮储行目标价,Wind
2021-05-04,建信财险北京分公司凸显“银行+保险”战略优势,北京青年报
2021-05-03,外资一季度持仓路径解析：32公司被重仓超3年，4月重启加仓,Wind
2021-05-03,京东物流赴港上市：合肥市国资委入局 工中建、平安国寿纷纷站台,新浪
2021-05-03,银行业2000亿投入都花哪儿了？年报关键词揭晓答案！,和讯
2021-05-02,一天17份罚单，共罚逾1300万元！农行、建行、浦发、上海银行等均被罚 金融监管处罚,中证报
2021-05-02,建设银行(601939)2021年一季报点评：盈利增速平稳 资产质量向好,新浪
2021-05-01,一季度业绩报来了，六大行实现“开门红”！,丁丁创e
2021-05-01,重磅！六大行一季度业绩哪家强？工行日赚9.5亿，中行总资产增速最快，邮储净利赶超交行！,和讯
2021-04-30,每天净赚36.87亿元，6家国有大行一季度加起来赚了3318亿！北上资金只管来买、买、买！,每日经济新闻
2021-04-30,6家国有大行一季度合计平均日赚36.87亿元,每经网
2021-04-30,六大行有多赚钱？咱们一起研究研究？,中国金融新闻网
2021-04-30,六大行有多赚钱？咱们一起研究研究,金融时报
2021-04-30,六大行一季度日赚近37亿 银行股能起飞吗？,国际金融报
2021-04-30,上海银保监局一口气开17张罚单 建行、农行等银行栽了 金融监管处罚,中国基金报
2021-04-30,上海银保监局出手，一口气开17张罚单！建行、农行、浦发行、上海银行栽了 金融监管处罚,中国基金报
2021-04-30,21金融研究丨银行一季报全景：银行业绩全线分化，8家收入下降 盈利能力下降,21世纪经济报道
2021-04-30,6家银行财报发布后股价出现大跌 建行罕见跌3%,21世纪经济报道
2021-04-30,南京银行、邮储银行等6家银行财报发布后股价出现大跌,21世纪经济报道
2021-04-30,26家A股上市银行业绩成绩单：多数实现净利润稳健增长，资产质量风险整体可控,资本邦
2021-04-30,【异动股】建设银行(00939.HK)跌3.14%,财华社
2021-04-30,建设银行上海崇明支行被罚20万：柜面业务严重违反审慎经营规则 金融监管处罚,新浪
2021-04-30,建设银行跌3.45%，成交额9.9亿元,中新经纬
2021-04-30,建设银行上海分行被罚20万：未按规定取消部分基础金融服务收费 金融监管处罚,新浪
2021-04-30,国家绿色发展基金4家大行股东资格获批 885亿规模基金实体化运作何时启动？,21世纪经济报道
2021-04-30,建设银行长三角一体化示范区支行被罚30万：未按规定开展代销业务 金融监管处罚,新浪
2021-04-30,建设银行虹口支行被罚20万：未对个贷资金使用情况跟踪检查等 金融监管处罚,新浪
2021-04-30,晨光文具(603899)：21Q1销售超出疫情前表现 科力普收入同比增长161%,新浪
2021-04-30,数字人民币研发新成果 在飞机上可无网离线支付,中新网
2021-04-30,单季日赚34.5亿！五大行成绩单出炉,Wind
2021-04-30,建行一季度实现净利润830.20亿元 同比增长2.52%,中国金融新闻网
2021-04-30,“宇宙行”获北向资金、险资增持超3亿股！六大行季报显示外资买买买,腾讯网
2021-04-30,一季度日赚逾36亿元 六大行齐获北向资金增仓,中证网
2021-04-30,国有六大行一季度合计日赚36.87亿，不良贷款率4降2平,澎湃新闻
2021-04-30,建行一季度实现净利润830.20亿元 同比增长2.52%,金融时报
2021-04-30,六大行一季度日赚近37亿元！工行最能赚，多家不良率下降,中新经纬
2021-04-29,四大行发布一季报建设银行净利同比增长2.8%,第一财经
2021-04-29,“宇宙行”获北向资金、险资增持超3亿股！六大行一季报显示外资买买买,中证报
2021-04-29,金融创新为碳达峰碳中和担当加速器,新浪
2021-04-29,银行一季报出炉！六大行日赚超36亿，宇宙行拔得头筹无悬念,金融界
2021-04-29,牛市旗手彻底爆发！啥情况？3家券商首季营收超百亿,Wind
2021-04-29,快讯丨建设银行：获准参与投资国家绿色发展基金 拟出资80亿元,财经网
2021-04-29,国有大行年报释放出哪些绿色信号？,和讯
2021-04-29,高德红外去年净利增354% 首季北向资金减持刘格菘持股 减持股份,中国经济网
2021-04-29,建设银行：参投国家绿色发展基金80亿元事项获银保监会批复,Wind
2021-04-29,建设银行(00939.HK)获准投资国家绿色发展基金,格隆汇
2021-04-29,保本理财继续清零 多家银行规模大幅压缩,Bank资管
2021-04-29,野村：建行首季净利息收入仍受压，目标价7.74港元,Wind
2021-04-29,根植三晋热土践行金融为民,中国县域经济报
2021-04-29,建设银行一季度实现净利润830亿元 资产总额达29.38万亿元,证券日报网
2021-04-29,违规收集个人信息！微众银行一年内第二次被监管点名 金融监管处罚,财经网
2021-04-29,港股公告精选：易居获得阿里增资，全资控股天猫好房,Wind
2021-04-29,券业科技投入大比拼！华泰18亿居榜首，招商大增52%,Wind
2021-04-29,“惠懂你”的建行来建行办小微信贷享丰厚保险红利,上游新闻
2021-04-28,建行一季度实现归母净利润831.15亿元 同比增长2.80%,北京商报
2021-04-28,晚间要闻2021年4月28日星期三,Wind
2021-04-28,建行一季度净利润831亿增2.8%，不良贷款“一升一平”,澎湃新闻
2021-04-28,建设银行(601939.SH)一季度归母净利润升2.8%至831.15亿元,格隆汇
2021-04-28,建设银行(601939.SH)一季度归母净利同比增长2.8%至831.15亿元,智通财经
2021-04-28,快讯 | 建设银行一季度净利润831.15亿元 同比增长2.52%,财经网
2021-04-28,"建设银行(00939.HK)一季度末普惠金融贷款余额15,760.30亿",财华社
2021-04-28,怎么了？微众银行一年之内二次被点名,新浪
2021-04-28,建设银行(00939.HK)：一季度归母净利831.15亿元 同比增长2.80%,格隆汇
2021-04-28,建设银行2021年Q1营收2165.2亿元，同比增长3.4%,金十数据
2021-04-28,建设银行2021年Q1净利润830.2亿元，同比增长2.52%,金十数据
2021-04-28,建设银行：一季度净利润831.15亿元，同比增长2.8%,Wind
2021-04-28,中银研究：从2020年报分析我国银行业国际化发展现状——以五家大型商业银行为代表,新浪
2021-04-28,刚刚！广州楼市又出大消息！,和讯
2021-04-28,中国信保四川分公司与建行四川省分行开启外贸普惠金融联合行动,中国经济网
2021-04-28,中国信保与建设银行联合支持小微企业贸易融资,证券时报网
2021-04-28,独家！广州房贷28日起再度涨价 年内已经上调三次,21世纪经济报道
2021-04-28,商赢环球股份有限公司独立董事 关于公司2020年度与持续经营相关的 重大不确定性及强调事项段的保留意见的审计报告的独立意见,证券日报
2021-04-28,多家银行携金融科技创新应用亮相 数字中国建设成果展览会亮点纷呈,新浪
2021-04-27,银行周榜｜工行、农行、中行、建行上演“史诗级”大战！,中国银行保险报
2021-04-27,【中金固收·信用】松紧切换助力行业长足发展 — 2020年以来房地产政策整理及总结,中金固定收益研究
2021-04-27,建设银行投诉量逐季增加 招商银行投诉量列股份行首位,中国经济网
2021-04-27,天阳科技上市首年成绩喜人，Q1订单同比大幅增长,搜狐
2021-04-27,去年，他们六兄弟每天赚31亿,新浪
2021-04-27,广州房贷升级版“吹风价”：部分银行启动年内“第三调”,Wind
2021-04-27,广州房贷升级版“吹风价”：部分银行启动年内“第三调”，再加10BP ？,21世纪经济报道
2021-04-27,德勤报告：国内银行业整体经营业绩承压，但零售业务渐入佳境,21世纪经济报道
2021-04-27,建行北分：2015年至2020年累计为96个海外重大项目提供317亿美元融资,北京商报
2021-04-27,银行业利用金融科技做好乡村振兴大文章,中国金融新闻网
2021-04-27,蓝光发展会议5大要点：不出让控股权，不撤离上海总部，确保债券兑付,Wind
2021-04-27,建行贵州分行助力乡村振兴：让农民和市民两头都得实惠,中新网
2021-04-27,建设银行河北省分行：金融“新农具”助力乡村振兴,中新网
2021-04-27,建行山东省分行致力打造“蔬菜智慧管理服务平台”,中新网
2021-04-27,建行广西分行：新金融重构茉莉百亿产业链,中新网
2021-04-27,天阳科技(300872)2021年一季报点评：收入、订单明显复苏 毛利率回暖带动利润高增,新浪
2021-04-26,董事长缺位20个月 兴业银行曲折“换帅” 董监高成员变化,新浪
2021-04-26,招行提“大零售”新目标：未来五年零售每年获客1500万，AUM复合增速两位数,Wind
2021-04-26,东湖高新：为控股子公司上海泰欣环境工程有限公司提供担保 大额借贷担保,每日经济新闻
2021-04-26,徐鹤龙：双循环下商业银行中等规模陷阱,搜狐
2021-04-26,“智慧金融”怎么潮？ 第四届数字中国建设峰会“建行元素”抢“鲜”看,中国金融新闻网
2021-04-26,修筑“数字水渠”手机银行以新金融行动传递“建行温度”,经济日报
2021-04-26,“宇宙行”金融业数字化转型思考,零壹财经
2021-04-26,民生加银基金管理有限公司关于以通讯开会方式召开民生加银新动力灵活配置混合型证券投资基金基金份额持有人大会的公告,中证报
2021-04-25,“零售之王”招行，对公业务收入竟为股份行之首？,丁丁创e
2021-04-25,建设银行2020年不良贷款率上升 个人住房贷款占比高于监管“红线” 资产异常,GPLP犀牛财经
2021-04-25,陆家嘴财经早餐2021年4月25日星期日,Wind
2021-04-24,广东股交举办2021年“426世界知识产权日”系列活动,证券时报
2021-04-24,首季配置金融地产开始流行， 谢治宇重仓兴业平安两家银行,红周刊
2021-04-24,券业“黑客”利用漏洞获利308万：罚没1200万，3年禁入 其他违规处罚,中新经纬
2021-04-24,券业有“黑客”！员工利用漏洞偷窥大户操作：趋同交易2.3亿获利308万！最终被罚没1200万，3年禁入 其他违规处罚,证券时报
2021-04-24,国泰君安证券：一季度基金坚守白马风格依旧 景气为先,新浪
2021-04-23,外资和公募一起狂买这类股票,Wind
2021-04-23,一季度净值型理财产品发行量增66.46%，上市城商行、股份行或率先完成转型任务,Wind
2021-04-23,2020银信合作走强：建行家族信托规模增长46%，招行卖出4700亿信托类产品,21世纪经济报道
2021-04-23,对冲基金爆仓冲击还在继续：一投行损失超340亿,Wind
2021-04-23,强化绿色金融：银行业推动投融资结构“绿色调整”,金融时报
2021-04-23,银行业为首都“两区”建设跑出“加速度”,北青网
2021-04-23,从脱贫到振兴：银行接续深耕“三农”沃土,中国金融新闻网
2021-04-23,考核趋严票据被剔，银行普惠小微贷面临增长的“烦恼”,Wind
2021-04-23,考核趋严票据被剔 银行普惠小微贷面临增长的“烦恼”,证券时报
2021-04-22,六大行绿色信贷余额合计超6万亿元化石能源移出绿债支持目录无碍绿债创新脚步,证券之星
2021-04-22,财报看银行：建行、农行、中国银行、工行等银行资产质量齐承压（上）,云掌财经
2021-04-22,建行深圳市分行纪委打造“小纪微课堂”培训品牌,深圳新闻网
2021-04-22,明星基金经理出手！一季报次新基金建仓这些股(名单),Wind
2021-04-22,建行“全球撮合家”“云”搭台境内外商贸对接无障碍,证券导报
2021-04-22,建行在境外发行多币种ESG主题类债券,Wind
2021-04-22,最土豪公司排行榜来了，持续高股息率股票曝光,Wind
2021-04-21,21金融研究丨银行业“对公”拐点：招行反超民生为股份行首位,21世纪经济报道
2021-04-21,海外信用评级汇总2021年4月21日星期三,Wind
2021-04-21,和田银保监局：对建设银行和田地区分行作出行政处罚，罚款30万元 金融监管处罚,Wind
2021-04-21,2020上市银行成绩单：工建农中归母净利超千亿 14家盈利下滑 盈利能力下降,投资时报
2021-04-21,南向资金净买入港股42亿港元，安踏获抢筹,Wind
2021-04-21,穆迪：授予建设银行三家分行拟发行的高级无抵押票据“A1”评级,Wind
2021-04-21,建设银行和田地区分行遭罚 信贷资金被挪用 金融监管处罚,中国经济网
2021-04-21,程远国担任建设银行首席风险官的任职资格获核准,新浪
2021-04-21,因信贷资金被挪用等违规行为建设银行和田分行被罚30万 资金问题,和讯
2021-04-21,建设银行CFO、CRO亮相！张毅、程远国任职资格获核准,资本邦
2021-04-21,为小微贷款增“信” 大数据普惠金融应用服务沪上企业近五万户,中国金融新闻网
2021-04-21,港股盘前必读：中国移动2021年首季度股东应占利润为人民币241亿元,Wind
2021-04-20,中国证监会市场禁入决定书（黄建雄） 其他违规处罚,证监会
2021-04-20,中国证监会行政处罚决定书（黄建雄） 金融监管处罚,证监会
2021-04-20,去年第四季度建设银行信用卡投诉量最高 招商银行居12家股份行之首,新浪
2021-04-20,建设银行(00939.HK)：程远国正式就任首席风险官,格隆汇
2021-04-20,建设银行(00939.HK)：张毅先生正式就任首席财务官,格隆汇
2021-04-20,程远国担任建设银行首席风险官的任职资格获核准,新浪
2021-04-20,南向资金净买入港股53.91亿港元，美团获大幅加仓,Wind
2021-04-20,建设银行：张毅正式就任本行首席财务官，程远国正式就任本行首席风险官,Wind
2021-04-20,【华西固收研究】房贷集中度管控后，RMBS发行几何？ ——债市周报20210418,固收江坛
2021-04-20,厦门国贸控股：拟发行10亿元中期票据,乐居财经
2021-04-20,中国证监会市场禁入决定书（黄建雄）,证监会
2021-04-20,去年第四季度建设银行信用卡投诉量最高、招商银行居12家股份行之首,中国经济网
2021-04-20,零售金融2020终极PK：国有行分化 股份行“洗澡”,21世纪经济报道
2021-04-20,建设银行：张毅正式就任首席财务官,中国经济网
2021-04-20,金融人物｜吕家进往事：“麦田守望者”的再转型,21世纪经济报道
2021-04-20,零售金融2020终极PK：国有行分化，股份行“洗澡”，银行业决战AUM,21世纪经济报道
2021-04-20,“房住不炒”主旋律不变 住房金融持续优化调整结构,中国金融新闻网
2021-04-20,银行科技投入节节高，薪酬体系短板待补,Wind
2021-04-20,基金重磅！“新一轮”答辩终于来了,Wind
2021-04-19,21金融研究丨零售金融2020终极PK：国有行分化，股份行“洗澡”，银行业决战AUM,21世纪经济报道
2021-04-19,中国证监会市场禁入决定书（黄建雄）,证监会
2021-04-19,野村：中资行盈利恢复前景正面，长远看好招行,Wind
2021-04-19,野村：中资行盈利恢复前景正面看好招商银行(3968.HK),格隆汇
2021-04-19,中国建设银行成功发行三笔境外债券，含全球首单中资机构可持续发展挂钩债券等,搜狐
2021-04-19,已有沪上银行暂停接单，房贷会“熄火”？,中证报
2021-04-19,泰和新材(002254)：为控股子公司宁夏泰和芳纶公司担保,证券时报网
2021-04-19,近六成消费投诉涉及信用卡业务 建行等被银保监会点名,长江商报
2021-04-19,智度股份携手建设银行搭建供应链金融服务平台,投资家
2021-04-17,义乌商户“冻卡”风波：“涉案”2000块、冻结40万,Wind
2021-04-17,卖基金比买基金更赚钱？银行与基金不止于“销售”,Wind
2021-04-17,山东新北洋信息技术股份有限公司 关于2020年度募集资金存放与 实际使用情况的专项报告,证券日报
2021-04-16,"送达裁判文书——张玉兰,胡向报 诉讼纠纷",上海高级人民法院
2021-04-16,建设银行(00939.HK)4月28日举行董事会会议审批一季度业绩,格隆汇
2021-04-16,建行鸡西分行延解、占压财政收入资金 被央行警告并罚款 金融监管处罚,新浪
2021-04-16,*ST金鸿：子公司涉及诉讼 诉讼纠纷,Wind
2021-04-16,建设银行2020年不良双升核销力度加大 信用减值损失增长19%,投资时报
2021-04-16,建设银行(00939.HK)发行2笔美元债券，息票率0.860%和1.460%,云掌财经
2021-04-16,建行等银行被银保监会点名 近六成消费投诉涉信用卡业务,鲸平台
2021-04-16,中国消博会“热身” 线上举办马来西亚海南专场对接,中新网
2021-04-16,建设银行(00939.HK)新加坡分行发行20亿元人民币债券，息票率2.85%，最终认购超32亿人民币,云掌财经
2021-04-16,环比下降10.4%，银保监会通报银行业2020年第四季度消费投诉情况,资本邦
2021-04-16,谁的客户最不好惹？多家大行信用卡去年四季度投诉量靠前,第一财经
2021-04-16,部分城市银行二手房贷款“暂停接单” 房贷利率上浮最高达6%以上,证券日报
2021-04-16,港股盘前必读：国务院进一步深化“放管服”改革，美国股指刷新历史新高,Wind
2021-04-16,现任建设银行副行长吕家进将“空降”出任兴业银行董事长,Wind
2021-04-15,银保监会：银行业去年第四季度消费投诉环比减少10.4%零售业务越多投诉量越大,财联社
2021-04-15,金融报道 | 银行业消费投诉最新数据公布！建设银行投诉量第一 9家股份行信用卡投诉占比超80%,财经网
2021-04-15,建行四川省分行：以新金融推动高质量发展,中国金融信息网
2021-04-15,财信证券--银行行业月度报告：信贷需求旺盛，银行业绩确定性增强【行业研究】,金融界股吧
2021-04-15,建设银行信用卡2020年第四季度投诉量跃居国有行首位 达3879件,中国网
2021-04-15,2020年四季度银行业投诉情况：建设银行、招商银行、东亚银行分别居首位,中华网
2021-04-15,银保监会消保局公布2020年第四季度银行业消费投诉情况：建行、工行投诉总量居前被点名,证券之星
2021-04-15,去年四季度国有大行信用卡业务投诉量建设银行居首,中国经济网
2021-04-15,去年四季度国有大型商业银行投诉量建设银行居首,中国经济网
2021-04-15,建设银行鸡西分行被央行处罚 延解占压财政收入资金 金融监管处罚,发现网
2021-04-15,2021年我国银行贷款发展现状及发展趋势分析多家银行房贷业务“超标”，热点城市房贷利率将上行,证券之星
2021-04-15,A股突发跳水，泸五茅重挫，又有大牛股闪崩跌停,Wind
2021-04-15,银保监会：去年第四季度建行、工行投诉量位列国有大行前两位,澎湃新闻
2021-04-15,银保监通报银行业消费投诉：工行、建行居国有行前两位，招行、平安频被点名,搜狐
2021-04-15,银保监会：2020年四季度建行、招行、工行投诉量居前三,中新经纬
2021-04-15,大华继显：建行(00939-HK)估值对长期投资者具有吸引力目标价8.5港元,财华社
2021-04-15,银保监会：2020年第四季度银行业消费投诉环比减少10.4%,Wind
2021-04-15,麦格理上调建设银行目标价至8.6港元，维持跑赢大市评级,Wind
2021-04-14,智度股份(000676.SZ)控股子公司携手建设银行等共同搭建网络供应链业务合作平台,智通财经
2021-04-14,四银行2020年度气候风险压力测试动向，助力国内“定标”,21世纪经济报道
2021-04-14,银行股走势分化，工商银行、建设银行、招商银行、农业银行均跌超1%,Wind
2021-04-14,银行年报观察之四 多家银行房贷集中度超限,金融界
2021-04-14,港股估值优势生变 南向资金欲走还留,中证网
2021-04-14,透视14家大中型银行财报 谁是利润增长王？,新京报
2021-04-14,银行发力绿色金融、数字人民币，谁是排头兵？,新京报
2021-04-14,券商首次关注5股并给予买入评级（4月14日）,Wind
2021-04-14,A股融资融券日报：两融余额减少50.61亿元（4月13日）,Wind
2021-04-13,北水逆势加仓美团、腾讯，增持建行；南水净买入中国中免超5亿,富途证券
2021-04-13,南向资金净买入港股12亿港元，美团净买入居首,Wind
2021-04-13,银行信用卡业绩出炉：不良率“抬头” 部分大行发卡速度放缓,中新经纬
2021-04-13,富瑞料内银今年贷款增长将放缓，首选建行、农行,Wind
2021-04-13,银行年报观察之三 银行如何把好资产质量关？,金融界
2021-04-13,21家A股上市银行“大阅兵”：4家实现不良“双降”,Wind
2021-04-13,发力供应链金融 建行为打响“苏州制造”品牌助力,中国金融新闻网
2021-04-13,A股融资融券日报：两融余额减少31.16亿元（4月12日）,Wind
2021-04-13,A股21家银行不良贷款起底 民生银行不良率抬头显着,证券时报
2021-04-13,创新可持续扶贫模式 以新金融之力助脱贫——来自建行的实践,中国金融新闻网
2021-04-13,A股21家银行不良贷款大起底 疫情冲击留重痕,证券时报
2021-04-13,私人银行业务成新赛道，6家银行私行资管规模破万亿元,Wind
2021-04-12,楼市贷款占比超上限，8家上市银行踩中红线！降杠杆要来了,云掌财经
2021-04-12,学党史 办实事 | 银税辅导面对面，企业贷款秒到账,重庆商报
2021-04-12,多家银行房贷业务占比“超标”！上调利率成调控手段,中国银行保险报
2021-04-12,追查中行 原油宝爆仓,财经网
2021-04-12,8家上市银行房贷业务“踩红线”，建行、邮储银行均有一项指标踩线,Wind
2021-04-12,银行业周报252期：再次审视附加监管对D-SIBS的影响,新浪
2021-04-12,关于对英洛华科技股份有限公司及相关人员采取出具警示函措施的决定 金融监管处罚,湖南证监局
2021-04-12,关于对英洛华科技股份有限公司及相关人员采取出具警示函措施的决定 金融监管处罚,厦门证监局
2021-04-12,关于对英洛华科技股份有限公司及相关人员采取出具警示函措施的决定 金融监管处罚,宁波证监局
2021-04-12,关于对英洛华科技股份有限公司及相关人员采取出具警示函措施的决定 金融监管处罚,广东证监局
2021-04-12,关于对英洛华科技股份有限公司及相关人员采取出具警示函措施的决定,证监会
2021-04-12,关于对英洛华科技股份有限公司及相关人员采取出具警示函措施的决定 金融监管处罚,新疆证监局
2021-04-12,关于对英洛华科技股份有限公司及相关人员采取出具警示函措施的决定 金融监管处罚,深圳证监局
2021-04-12,关于对英洛华科技股份有限公司及相关人员采取出具警示函措施的决定 金融监管处罚,湖北证监局
2021-04-12,"不良率抬升！银行信用卡疫情症状凸显：""大块头""新增卡量放缓，区域银行高歌猛进",券商中国
2021-04-12,8家上市银行房贷业务“踩红线”,Wind
2021-04-12,有赚头！五大行AIC公司2020年分羹49亿,Wind
2021-04-12,扩编人才反哺业务 银行金融科技转型“交作业”,北京商报
2021-04-11,8家上市银行房贷业务“踩红线”，浦发、招行压降，多家银行房地产行业贷款负增长,21世纪经济报道
2021-04-11,银行金融科技转型“交作业”：追加投入扩编人才反哺业务显成效,北京商报
2021-04-11,上市国股银行2020年财报深度解读：国有行股份行表现如何,澎湃新闻
2021-04-11,【兴证金融 傅慧芳】银行业周报（2021.04.05-2021.04.11）：料3月金融数据回归常态,兴证金融
2021-04-11,广州多家银行停止二手房贷？三个月内住建部“敲打”13城,21世纪经济报道
2021-04-11,监管升级额度告急，房贷利率上涨周期来了丨焦点,搜狐
2021-04-11,我，建行员工，被“人均年薪”几十万元，应该辞职吗？,腾讯网
2021-04-10,建设银行昆明分行与昆明市税务局举行“惠懂你”业务合作签约仪式,云南网
2021-04-10,私人银行排位赛：平安跻身万亿俱乐部招行户均金融资产第一,证券之星
2021-04-10,上市银行重金投入金融科技，工行建行首次突破200亿元,Wind
2021-04-10,证券时报：银行资产质量劣化压力减轻，不良考验远未结束,Wind
2021-04-10,金融科技赋能银行业转型,经济日报
2021-04-10,上市银行重金投入金融科技 工行建行首次突破200亿元,证券日报
2021-04-09,“银税互动”为昆明小微企业投放96.37亿元贷款,云南网
2021-04-09,六大行信用卡业务较量 交通银行连续两年负增长,新浪
2021-04-09,3月银行业曝光量出现上升哈尔滨银行负面舆情占比最高,云掌财经
2021-04-09,金融圈高薪“鄙视链”：基金最高，券商年终奖扣税百万,Wind
2021-04-09,建行“裕农通”在万州上线 重庆首个残疾证网上预审系统,上游新闻
2021-04-09,广电运通(002152)公司年报点评：金融科技、城市智能齐头并进,新浪
2021-04-09,任泽平：全球5次房地产大泡沫崩溃，有9大启示,Wind
2021-04-09,去年建行信用卡不良率同比升0.35% 邮储发卡量同比增25%,华夏时报
2021-04-09,穗莞等5市被约谈！25家银行数据披露房贷利率真实情况 其他违规处罚,南方日报
2021-04-09,广州房贷排队放款已成普遍现象 多银行称额度紧张,新浪
2021-04-09,16家银行净息差齐降 四季度盈利能力改善明显,南都报
2021-04-09,中金：发起金融科技子公司，助推银行数字化转型,中金点睛
2021-04-09,私人银行业务抢镜“万亿俱乐部”再添新军,Wind
2021-04-09,房贷利率跳涨，银行放贷审慎，各地严查“炒房”蛛丝马迹,Wind
2021-04-09,千亿成交股价微跌，腾讯减持缘何“波澜不惊”,Wind
2021-04-09,年度报告说了啥？上市银行掌门人“擎画”未来,证券时报
2021-04-09,2020年下半年国有大行海外业务回暖 但外币计价债券发行收缩,21世纪经济报道
2021-04-09,北京房贷利率“暂未上调”，部分银行无额度放款,Wind
2021-04-08,壕！人均资产近2800万元，招商银行1/3的资产来自他们,中证报
2021-04-08,楼市维稳银行使出“两升一降”大招！ 房贷、经营贷利率上调 大额消费贷额度下调,财联社
2021-04-08,新规落地 银行晒出信用卡分期“年化费率”,北京商报
2021-04-08,广州房贷全攻略：选对银行多重要？300万房贷月供少3000元！,南方+
2021-04-08,建行的普惠模式对农信机构有何借鉴,中国金融新闻网
2021-04-08,高费率虚假宣传误导消费者？“明示贷款年化利率”新规来了 欺诈造假,北京商报
2021-04-08,银行App进入月活亿级时代，金融科技谁更舍得掏钱？,21世纪经济报道
2021-04-08,年报解读丨银行业绩增速放缓，多家房贷占比超标 盈利能力下降,搜狐
2021-04-08,银行理财3月报：净值化转型任重道远 理财收益率平稳,新浪
2021-04-08,百年交行“内外交困”？不良贷款率六大行中最高,新浪
2021-04-08,银行日报：国有六大行2020年业绩数据PK；非上市银行2020年“成绩”如何,中金在线
2021-04-08,5家银行2020年涉房贷款触及红线，银行表态降低房贷占比,奥一网
2021-04-08,银行业：发起金融科技子公司 助推银行数字化转型,新浪
2021-04-08,海南银行业推进优化企业账户服务,证券导报
2021-04-08,风向已变!上海重磅出击，查处3.39亿资金违规流入楼市,Wind
2021-04-08,每日理财观察：腾讯大股东宣布减持，已赚1.6万亿,Wind
2021-04-08,零售金融追踪：重要政策 央行全面规范个人贷款利率展示,新浪
2021-04-08,变天！上海重磅出击 查处3.39亿资金违规流入楼市,券商中国
2021-04-07,四年间国有大行已缩减网点2667个，“5G银行”遍地开花,Wind
2021-04-07,2020银行年报榜单｜六大行不良“双升”背后：交行不良贷款率上升幅度最大 邮储拨备覆盖率超400% 资产异常,华夏时报
2021-04-07,2021秋冬上海时装周：Visa携手多方合作伙伴，赋能女性新力量,美通社
2021-04-07,严监管之下，已有沪上银行暂停接单！2021年房贷提前“熄火”？,证券时报网
2021-04-07,"用0.1%资产打造100%年化收益率""幻象"" 揭秘理财子公司打新竞争",21世纪经济报道
2021-04-07,信用卡业务遭遇“阵痛期”：不良率全线反弹，工行消费额大降近20%,21世纪经济报道
2021-04-07,广电运通(002152)：持续深耕数字金融业务 为公司带来成长潜力,新浪
2021-04-07,银行财报里的区域金融：长三角贷款占比最高，多家银行部分地区利润为负,21世纪经济报道
2021-04-07,广州首套房、二套房利率再加10BP,Wind
2021-04-07,房贷又涨价了！广州首套房、二套房利率再加10BP,21世纪经济报道
2021-04-07,强者恒强！六大行年报深度解读来了！,丁丁创e
2021-04-07,晨鸣纸业(000488)：木浆自给优势凸显 造纸主业盈利进一步提升,新浪
2021-04-07,上市银行榜单：工行比邮储多赚2千亿16家银行净息差齐降,南都报
2021-04-07,国有银行ESG披露出炉，气候风险纳入风险管理体系成趋势,21世纪经济报道
2021-04-07,建设银行门源支行遭罚 办理个人住房贷款不审慎 金融监管处罚,中国经济网
2021-04-07,银行业两千亿重金“砸向”金融科技 产业数字化成金融机构业务布局重点,财联社
2021-04-07,大行评级|花旗：大型银行股看好邮储银行(1658.HK)及建设银行(0939.HK),格隆汇
2021-04-07,美银证券：重申建设银行(00939)“买入”评级 目标价升至8.05港元,智通财经
2021-04-07,途牛旅游和途虎养车支持数字人民币支付,Wind
2021-04-07,花旗料内银首季非利息收入表现疲弱，首选邮储行建行,Wind
2021-04-07,年报显示多家银行房贷占比逼近红线 相关涉房贷款增长面临压力,新浪
2021-04-07,内银普遍走低，招商银行、农业银行跌逾1%,Wind
2021-04-07,广州各大银行房贷利率又双叒上调！部分股份行无贷可放,南都报
2021-04-07,康美药业：4月20日“17康美MTN001”、“17康美MTN002”、“17康美MTN003”等持有人会议,Wind
2021-04-07,【银行】银行业周报—普惠小微政策延期，行业资本要求提升,中银证券研究
2021-04-07,保险行业：金融板块AH股折溢价分析和择时策略,新浪
2021-04-07,周三证券 | 数字货币试点扩围 关注三领域,金融投资报
2021-04-07,强监管下银行消费贷走向何方,中华工商时报
2021-04-07,零售金融周报(3.29日-4.4日)：山西5家城商行将变身山西银行；滴滴拿下消费金融牌照,零壹财经
2021-04-06,信用卡资产质量下滑，有股份行不良率已超6%,第一财经
2021-04-06,六大行2020年财报扫描：日赚31.18亿，两家房贷占比超限,新京报
2021-04-06,银行业《系统重要性银行附加监管规定(试行)(征求意见稿)》点评：明确监管附加要求 引入“生前遗嘱”,新浪
2021-04-06,晨光文具(603899)2020年年报点评：多业态齐头并进 业绩保持亮眼增长,西南证券
2021-04-06,5家银行房贷占比超标！今年涉房资金监管再升级,资本邦
2021-04-06,建设银行上海东方路支行被罚 未经授权查个人信用报告 金融监管处罚,中国经济网
2021-04-06,疫情大考后，银行业整体实现净利润正增长，有大行不良率悄然走高,Wind
2021-04-06,上市公司业绩和发债规模比一比，风险如何？4张图看清,Wind
2021-04-06,重磅！银行“打工人”薪资大曝光,中投网
2021-04-06,招商南油(601975.SH)：减持期过半建行江苏分行未减持股份,格隆汇
2021-04-06,银行业主动布局物联网,亿邦动力
2021-04-06,【专栏】「对公」让位：零售银行时代来临,零壹财经
2021-04-06,银行业银行股2021年二季度投资策略：拾级而上,新浪
2021-04-06,国有六大行，强者恒强！,Bank资管
2021-04-06,当中国“有财”的行业，决心主动布局物联网,36氪
2021-04-06,建行信用卡2020年消费交易额同比降3.17% 不良率升至1.4%,中国网
2021-04-06,银行业周报251期：D-SIBS附加监管要求的影响,新浪
2021-04-06,六大行现“双升” 股份制行普降 业内：今年资产质量存压力但整体可控,财联社
2021-04-06,5家中大型银行个人房贷超标,广州日报
2021-04-06,安信证券：二季度宏观环境、银行基本面趋势均利好银行股投资,证券时报网
2021-04-06,中金 | 银行年报的三个关键词：营收增长、报表出清、布局新机遇,中金点睛
2021-04-06,【银行-李双】拾级而上——银行股2021年二季度投资策略,安信证券研究
2021-04-06,中泰证券：银行资产质量稳中改善推荐两条选股逻辑,金融界
2021-04-06,陆家嘴财经早餐2021年4月6日星期二,Wind
2021-04-06,爆款助力，招行工行一季度新基金托管规模超千亿,Wind
2021-04-06,爆款助力 招行工行一季度新基金托管规模超千亿,证券时报
2021-04-05,去年6家国有大行平均日赚31.18亿,每日经济新闻
2021-04-05,【中信建投银行杨荣】行业简评：《核心在附加资本要求》,eResearch杨荣团队
2021-04-05,聚焦年报｜大型银行高管薪酬曝光薪水最高的人的竟然是他！,证券之星
2021-04-05,四大银行业绩、薪酬比拼，谁更出色？,搜狐
2021-04-05,恒者恒强的国有六大行,新浪
2021-04-05,银行“打工人”薪资曝光 4家银行人均薪酬超50万,中国基金报
2021-04-05,"银行""打工人""薪资大曝光：平安57万，招行53万，中信、兴业大幅加薪了！",中国基金报
2021-04-05,陆家嘴财经早餐2021年4月5日星期一,Wind
2021-04-04,银行薪酬大曝光！3家银行人均年薪超50万元，这家人均降薪15%,Wind
2021-04-04,5家上市银行个人房贷超标，还有多家逼近红线,Wind
2021-04-04,5家上市银行个人房贷超标！还有多家逼近红线，监管部门强调房地产金融审慎管理,中证报
2021-04-04,交行薪酬披露：6位高层过百万，人均38.5万，力压四大行,云掌财经
2021-04-04,多家银行科技投入达百亿 “真金白银”成效明显,中证报
2021-04-04,中国国有大型银行盈利情况亦逐步好转,中投网
2021-04-03,四大行砸钱超800亿！银行纷纷重金投向这一领域，实际回报如何？,中证报
2021-04-03,系统重要性银行附加监管要求来了，有何影响？,Wind
2021-04-03,广西深化政金企合作，畅通科技型企业融资渠道,Wind
2021-04-03,六大行2020年净利上升的B面：息差收窄不良双升,经济观察报
2021-04-03,上市公司正负面新闻2021年4月3日星期六,Wind
2021-04-03,支持实体，信贷结构如何优化,经济日报
2021-04-02,去年6家国有大行共盈利1.14万亿元，累计分红3352亿，这家银行股息率最高,每日经济新闻
2021-04-02,晚间重要公告2021年4月2日星期五,Wind
2021-04-02,未经授权查询个人信用报告！建行上海东方路支行被罚 金融监管处罚,新浪
2021-04-02,晨光文具(603899)：20Q4营收同比高增44% 科力普、晨光科技成绩靓丽,新浪
2021-04-02,招商南油(601975.SH)股东建行江苏分行拟减持不超4942.12万股 拟减持股份,智通财经
2021-04-02,招商南油(601975.SH)：建行江苏分行拟减持不超4942.1163万股 拟减持股份,格隆汇
2021-04-02,银行发力消费贷，强监管下走向何方？,新华网
2021-04-02,招商南油：建行江苏分行拟减持不超1%股份 拟减持股份,Wind
2021-04-02,以新金融服务“三农” 建行信用卡多措并举助力乡村振兴,第一财经
2021-04-02,中国建行与汇易通实现区块链跨链直连 破解中小微企业融资难题,中新网
2021-04-02,数字化共识下 银行科技比拼日渐白热化,中国金融新闻网
2021-04-02,山东省政府与中国建设银行签署战略合作协议,Wind
2021-04-02,每周要闻：多家暴雷平台新进展华为拿下支付牌照,和讯
2021-04-02,神州信息(000555)年报点评：业绩稳健增长 聚焦信创与场景金融,新浪
2021-04-02,银行2020年年报综述：利润增速大幅转正 资产质量显着改善,新浪
2021-04-02,广电运通(002152)：业绩持续回暖 卡位数字货币硬件端,新浪
2021-04-02,远超宇宙行！农行一年工资发出568亿 平安银行人均年薪44.5万,搜狐
2021-04-02,14家银行房贷业务面面观：浦发成功压降至红线内 数家银行仍“超限” 但预计可顺利达标,金融界
2021-04-02,六大行减员降薪？员工数超185万，人均年薪28.5万降0.2万，交行年薪36万最高 员工变动,搜狐
2021-04-02,14家银行房贷业务面面观：建行等5家银行部分指标超红线,财联社
2021-04-02,基金年报大揭秘：2万亿盈利构成，顶流基金经理新欢,Wind
2021-04-02,六大国有银行2020年净利润1.14万亿 交行不良率最高,中国经济网
2021-04-02,证券日报头版：激发市场主体活力改革“方案”敲定，多项举措定于今年12月底前完成,Wind
2021-04-01,监管加码 龙头股遭主力抛售近10亿元 机构却仍然推荐这些银行股 股票卖空,第一财经
2021-04-01,银行零售竞争白热化，招行私行继续领跑,第一财经
2021-04-01,金融业薪酬大比拼：去券商做打工人，去保险做高管,Wind
2021-04-01,上市银行业绩大比拼！哪家银行吸金最猛？哪家股东回报最高？,南都报
2021-04-01,银行发力消费贷，强监管下走向何方？,Wind
2021-04-01,工行、建行、招行 谁是基金业务的“王中王”？,新浪
2021-04-01,国有六大行“绿金行动”：2020年绿色信贷规模超5.6万亿元,21世纪经济报道
2021-04-01,“零售王座”变更 建行成“新王”,新浪
2021-04-01,美银证券：内银股去年纯利胜预期，首选工行、农行及建行,Wind
2021-04-01,美银证券：内银股去年纯利胜预期 首选工行、农行及建行,格隆汇
2021-04-01,评论｜“碳中和”成市场新宠，银行掀起绿色金融新浪潮,21世纪经济报道
2021-04-01,多家银行房贷占比踩线 购房者提前拿贷款要花钱插队,时代周报
2021-04-01,深化新金融行动 推动高质量发展 建设银行公布2020年度经营业绩,每日经济新闻
2021-04-01,建行2020年电子银行业务收入同比增长13％，行长王江：未来将差异化满足金融需求,金融界
2021-04-01,【兴证金融 傅慧芳】金融板块AH股折溢价分析和择时策略,兴证金融
2021-04-01,重磅！六大行业绩大比拼！,丁丁创e
2021-04-01,建设银行：蓄势待发，大行起舞,阿尔法工场研究院
2021-04-01,金融“打工人”必看：银行薪酬哪家强？这家人均52万！,21世纪经济报道
2021-04-01,【中原策略】中原证券2021年4月十大金股组合：2021年第四期：4月1日-4月30日,中原证券研究所
2021-04-01,银行理财周报：理财收益率环比持平 开放式非净值型理财再现,新浪
2021-04-01,银行投资策略月报：关注一季报的潜在催化,新浪
2021-04-01,中信建投：中长期看好银行板块 本年板块市净率有望修复到1倍,证券时报网
2021-04-01,晨报0401 | 银行四月策略、三一重工（600031）、中联重科（000157）、中国神华（1088）,国泰君安证券研究
2021-04-01,重磅 | 2020年度业绩超预期个股TOP60,中信建投证券研究
2021-04-01,一个多月疯涨72%，公司董事却突被刑拘，今天怎么办？,Wind
2021-04-01,数字化转型不断深入 银行科技投入持续增长,新浪
2021-04-01,理财子公司答卷成绩佳，盈利倍增不稀罕,Wind
2021-04-01,个人经营贷快速增长，须严防违规流入楼市,Wind
2021-04-01,息差收窄盈利承压，银行竞逐财富管理新赛道,Wind
2021-04-01,IIGF新闻 | 中财大绿金院团队到访建设银行总行投资银行部,中央财经大学绿色金融国际研究院
2021-04-01,见证历史，2020年基金狂赚20000亿！最全排名来了,Wind
2021-03-31,六大行2020年业绩大比拼：谁最会赚钱？谁资产质量最优？,国际金融报
2021-03-31,大行争霸：建行离工行还有多远？,新浪
2021-03-31,神州信息2020年业绩发布 营收106.86亿元再创历史新高,证券日报网
2021-03-31,六大行去年日赚31.2亿，不良“双升”，建行零售利润占比超过招行｜看财报,钛媒体
2021-03-31,"建设银行(00939.HK)一季度末普惠金融贷款余额15,760.30亿",财华社
2021-03-31,A股万亿“红包雨”来袭！分红、股息哪家强？（名单）,Wind
2021-03-31,日赚31.18亿元！六大行重磅成绩单出炉！最赚钱的是它→,央视财经
2021-03-31,建行、邮储、招行等多家银行个人房款占比超标，调结构在路上,第一财经
2021-03-31,建行、邮储、招行等多家银行个人房贷占比超标，调结构在路上,第一财经
2021-03-31,上市银行贷款总量持续攀升 “钱流”变化几何？,新华网
2021-03-31,建行发布新版手机银行 业内首推信息无障碍服务,证券时报网
2021-03-31,金融“打工人”必读！银行薪酬哪家强？最新数据出炉,21世纪经济报道
2021-03-31,建设银行福州城南支行遭罚 违规发放个人商业用房贷款 金融监管处罚,中国经济网
2021-03-31,建设银行推出手机银行5.0版 搭载信息无障碍服务,上证报
2021-03-31,主承销商建行与光大证券：将持续督促华阳经贸集团制定偿债计划,Wind
2021-03-31,建设银行2020年实现净利2735.79亿元 普惠金融贷款余额增幅超50%,中国网
2021-03-31,六大行增员但降薪？员工数超184万，人均年薪28.6万降0.4万，交行年薪36万最高,搜狐
2021-03-31,晨光文具(603899)：20年业绩靓丽超预期 传统业务稳健 科力普高速增长,新浪
2021-03-31,银行日报：六大银行日赚31亿 银行板块有望再迎配置窗口期,中金在线
2021-03-31,银行股午后异动攀升，兴业银行涨超4%,Wind
2021-03-31,六大行年报里的秘密：总利润达1.14万亿 16高管年薪超百万,搜狐
2021-03-31,建行济南历山北路分理处成功堵截出租出借账户事件,中国网
2021-03-31,涉房贷款去年仍增长较快！多家银行表态：将合理控制增速,中投网
2021-03-31,国有六大行2020年度“成绩单”：归母净利润正增长 不良贷款率集体抬升,北京商报
2021-03-31,净利1.34万亿！六大行“放榜”，谁是分红之王？,Wind
2021-03-31,四大行计划分红2991亿，建行“最豪爽”，中行“最划算”,云掌财经
2021-03-31,六大行成绩单全部出炉：2020净利与不良率齐增 六大行激战零售,北京商报
2021-03-31,国有六大行2020年成绩单揭秘：净利润11382.24亿 邮储银行增幅最大,中证报
2021-03-31,“2.0版”硬核措施稳外贸,微信
2021-03-31,基金业盈利曝光：汇添富净利近26亿直逼一哥易方达,Wind
2021-03-31,每日理财观察：小米官宣造车，雷军挂帅,Wind
2021-03-31,建行管理层详解2020年度经营业绩,中国金融新闻网
2021-03-31,六大行年报交卷：净利润微增 息差普遍收窄,中国证券网
2021-03-31,六大行年报交卷：净利微增息差收窄,上证报
2021-03-31,银行涉房贷款2020年度仍较快增长，建行、兴业、招商、邮储均表态将合理控制增速,Wind
2021-03-31,国有六大行2020年成绩单揭秘：净利润11382.24亿元，资产质量总体稳定,Wind
2021-03-31,国有六大行2020年日赚31.18亿！不良率齐升，拟分红3400亿,中新经纬
2021-03-30,四大行财报出炉，去年日赚28亿！建行人均创收超200万，薪酬羡煞打工人,时代财经
2021-03-30,六大银行日赚31亿！关于房地产贷款，大行高管这么说,中证报
2021-03-30,建行新任行长王江首次亮相业绩会：息差收窄是商业银行普遍性特征,经济观察网
2021-03-30,晚间公告热点追踪：蓝筹股批量披露年报 贵州茅台全年大赚467亿,新浪
2021-03-30,建行副行长吕家进回应房地产贷款集中制：超标部分会逐年化解,经济观察网
2021-03-30,【中信建投银行杨荣】行业简评：《经营贷加强管理， 未来零售将偏消费》,eResearch杨荣团队
2021-03-30,六大行年报出炉：净利润总和1.34万亿，派息3418.87亿,21世纪经济报道
2021-03-30,违规发放个人商业用房贷款 建设银行一支行被罚50万 金融监管处罚,中新经纬
2021-03-30,银行涉房贷款2020年度仍较快增长 建行、兴业、招商、中信、邮储上限超标,21世纪经济报道
2021-03-30,国有六大行合计去年日赚31.1亿，不良贷款集体“双升”,澎湃新闻
2021-03-30,年报聚焦|建设银行不良双升、拨备下降 涉房贷款违规频遭处罚 盈利能力下降,新浪
2021-03-30,六大行2020年度成绩单揭晓：净利与不良率齐增，激战零售正酣,北京商报
2021-03-30,大行对决，工行与建行谁将胜出？,丁丁创e
2021-03-30,六大行去年日赚31.2亿元，不良率齐升但依然稳健,第一财经
2021-03-30,六大行2020年净利润合计1.14万亿增1.9%、日赚31亿，不良贷款余额增超20%,搜狐
2021-03-30,新行长王江首谈建行业绩：息差管理有难度，资本充足率有压力,财经杂志
2021-03-30,云南文山州：打造“一窗通”平台 促进营商环境“双项优化”,中国金融新闻网
2021-03-30,标普：建设银行虽面临挑战，但业绩将持续复苏,Wind
2021-03-30,股息率最高49%，高股息率高增长股名单出炉,Wind
2021-03-30,高伟达(300465)2020年报点评报告：技术升级、国产化双驱 乘势建信金科迎拐点,新浪
2021-03-30,建行“云上”撮合，宁夏枸杞将搭乘中欧班列进入哈萨克斯坦,生意社
2021-03-30,数字人民币场景再扩充，子钱包增加顺丰、星星充电、石化金融等,21世纪经济报道
2021-03-30,上市银行成绩单出炉：行业净利润有所下降 整体运行平稳 盈利能力下降,金融时报
2021-03-30,华尔街都乱了！史诗级爆仓又一受害者，亏损197亿,Wind
2021-03-30,内银股逆市向下，农业银行跌逾2%,Wind
2021-03-30,托起安居梦 建行在行动,中国建设新闻网
2021-03-30,光大证券--建设银行2020年报点评：各项指标平稳运行，存款优势进一步凸显【公司研究】,金融界股吧
2021-03-30,华尔街细述中概股爆仓内幕：强制平仓潮仍未结束,Wind
2021-03-30,破浪前行 上市银行运行整体平稳,新浪
2021-03-30,史上最强高杠杆爆仓发酵，野村、瑞士信贷等一批大行“渡劫”,Wind
2021-03-30,建设银行2020年净利润微增至2711亿 不良贷款双升 个人经营贷暴增188%,财富动力网
2021-03-30,“一网通办”进银行了！建行上海网点开通智慧政务功能,陆家嘴金融网
2021-03-29,建行净利润重回正增长今年或仍将按30%比例分红,财联社
2021-03-29,银行行业周报：捷报频传春自来 轻盈待飞柳梢头,华福证券有限责任公司
2021-03-29,建设银行2020年收入7558.58亿元，同比增长7.12%,零壹财经
2021-03-29,【银行视点】建行2020年净利2710.5亿，招行等73股连续5天被增持，徽商银行净利润首次负增长！,金融界
2021-03-29,建行副行长吕家进：有序降低房地产相关贷款在各项贷款中的占比,Wind
2021-03-29,罕见风暴！传奇大佬爆仓：券商亏130亿，瑞信也崩了,Wind
2021-03-29,收评：港股恒指涨0.01% 美团跌7%百度跌5%B站尾盘拉升跌1%,新浪
2021-03-29,四季度拨备前利润增速创新高，建设银行2020年净利润增速转正,华夏时报
2021-03-29,【异动股】建设银行(00939-HK)涨3.09%,财华社
2021-03-29,汇丰研究：上调建行目标价至8.8港元，评级买入,Wind
2021-03-29,建设银行2020业绩，净利润日增7.42亿，加大计提减值准备 资产异常,资本邦
2021-03-29,建设银行去年净利润2736亿元 信用减值损失1935亿,中国经济网
2021-03-29,汇丰：调升建设银行及交通银行港股目标价,Wind
2021-03-29,东吴证券--建设银行：普惠金融标杆，核心负债优势鲜明【公司研究】,金融界股吧
2021-03-29,每日理财观察：华为拿下重磅牌照！微信、支付宝真正对手来了？,Wind
2021-03-29,国有大行都在推数字人民币，地铁、商场都能用！支付宝、微信危险了？,Wind
2021-03-29,建行实现净利润2735.79亿元 同比增长1.62%,中国金融新闻网
2021-03-29,刘彦春等多位明星基金经理隐形重仓股曝光,Wind
2021-03-29,破局时刻快来了？北向资金357亿加仓2大板块,Wind
2021-03-29,"懵了！中概股被""血洗""3天，传奇大佬惨遭三重暴击：1天亏损654亿，创历史纪录 亏损",券商中国
2021-03-29,多只百亿次新基金跌破“面值”,Wind
2021-03-29,6家基金公司去年净利润超10亿，工银瑞信暂列榜首,Wind
2021-03-29,近3周连续净买入，北向资金加仓“大金融”,Wind
2021-03-29,7家银行理财子公司交卷：吸金谁最强,北京商报
2021-03-29,工建交三大国有行去年业绩集体增长,Wind
2021-03-28,7家银行理财子公司交卷：业绩分化明显 新年有何打法,北京商报
2021-03-28,恒星科技(002132.SZ)：拟以部分机器设备为公司及子公司在建行绿城支行融资不超2亿元提供担保 大额借贷担保,格隆汇
2021-03-28,建行2020年实现净利润2735.79亿 明确未来五大重点工作,证券时报
2021-03-28,人类历史上最大单日亏损？一个可能载入美股史册的爆仓踩踏事故 亏损,华尔街见闻
2021-03-28,惊呆了！中概股遭“血洗”背后，竟是这个男人的“锅”？,Wind
2021-03-28,建设银行2020年日赚7.5亿元，不良贷款双升，拨备覆盖率下降,中华网
2021-03-27,“宇宙行”2020年日赚8.6亿，疫情之下部分银行不良率抬头,搜狐
2021-03-27,深化新金融行动 推动高质量发展 建设银行公布2020年度经营业绩,中国金融新闻网
2021-03-27,建行去年净利润2711亿增长1.62%，不良贷款“双升”,澎湃新闻
2021-03-27,争当绿色发展排头兵 广东建行千亿资金灌溉绿水青山,21世纪经济报道
2021-03-27,建设银行：2020年净利润同比增长1.62%,Wind
2021-03-26,工、建、交三家国有行2020年报交卷，业绩增速归正这家日赚8.63亿！,北京商报
2021-03-26,建设银行：2020年净利增1.62%至2735.79亿元，拟每股派息0.326元,证券时报网
2021-03-26,建行首席信息官、首席风险官和首席财务官履新，均为内部提拔,澎湃新闻
2021-03-26,建设银行(601939.SH)年度归母净利同比增1.62%至2710.5亿元 每股派息0.326元,智通财经
2021-03-26,建设银行(601939.SH)2020年度归属股东净利润升1.62%至2710.5亿元 拟每股派0.326元,格隆汇
2021-03-26,建设银行(00939)每股派发现金股息0.326元,智通财经
2021-03-26,建设银行(00939)年度净利润增长1.62%至2735.79亿元,智通财经
2021-03-26,建设银行：2020年净利润同比增长1.62%,Wind
2021-03-26,建设银行(00939)：王江就任副董事长及执行董事,智通财经
2021-03-26,10只百亿爆款新基金净值跌破1元！机构花式留客,Wind
2021-03-26,上海黄金交易所发布银行间黄金询价业务即期品种准入机构名单，工商银行、建设银行等在列,金十数据
2021-03-26,玉溪与建行云南省分行签订战略合作框架协议,云南日报
2021-03-25,晨鸣纸业(000488.SZ)与建信投资、建行山东省分行签署市场化债转股战略合作框架协议,格隆汇
2021-03-25,近20只概念股涨停，数字货币接棒碳中和,Wind
2021-03-25,什么信号？央行召集24家银行开会，房地产再被提及,Wind
2021-03-25,A股融资融券日报：两融余额减少14.15亿元（3月24日）,Wind
2021-03-25,全国主要银行信贷结构优化调整座谈会在京召开,Wind
2021-03-25,【朝闻国盛0325】IPO发行节奏放缓，ETF逆势扩容,国盛证券研究所
2021-03-25,证券日报头版评论：加快建设世界一流企业，A股市场也要对标世界一流,Wind
2021-03-24,云南省工商联推动纾困惠企政策落实改善企业营商环境,云南网
2021-03-24,银行陆续下架理财转让业务的原因找到了：曾分批次收到监管通知,Wind
2021-03-24,银行掀清理“睡眠账户”潮 长期不动或被注销,羊城晚报
2021-03-24,A股融资融券日报：两融余额减少26.31亿元（3月23日）,Wind
2021-03-24,银行业：消费贷款利率回升 对业绩影响几何？,新浪
2021-03-23,记者实探！沪上国有大行数字人民币钱包：可转存支付、可绑卡、可挂起注销,证券时报网
2021-03-23,建设银行职工代表监事程远国辞任 董监高成员变化,中国经济网
2021-03-23,"建设银行现1笔大宗交易 共成交3,017.58万元",新浪
2021-03-23,程远国因工作变动原因请辞建设银行职工代表监事等职务 董监高成员变化,新浪
2021-03-23,建设银行今日大宗交易成交439.24万股，成交价6.87元折价5.5%,Wind
2021-03-23,建设银行：监事程远国辞职 董监高成员变化,Wind
2021-03-23,建设银行(00939.HK)：程远国监事辞任,格隆汇
2021-03-23,深度*行业*银行业周报：关注行业年报披露 大行高管人选落定,新浪
2021-03-23,年报季银行“秀肌肉” 2021年谁能跻身手机银行千万月活“天团”？,中国电子银行网
2021-03-23,银行周榜｜建行、工行、农行“三强争霸”；浦发银行名次飞升,中国银行保险报
2021-03-23,消费贷款利率回升对银行的影响,Bank资管
2021-03-23,【中信建投银行杨荣】行业动态：《消费贷款利率回升 对业绩影响几何？》,eResearch杨荣团队
2021-03-23,港股盘前必读：土耳其周一陷入“股债汇”三杀，香港一季度出口指数环比上升,Wind
2021-03-23,顺周期属性强化银行股投资机会渐显,Wind
2021-03-22,【天风煤炭20210322】焦炭第七轮提降开启，累计提降700元/吨,煤炭鑫观点
2021-03-22,【中信建投银行杨荣】邮储银行深度：《高业绩弹性，高估值溢价》,eResearch杨荣团队
2021-03-22,当中国“有财”的行业，决心主动布局物联网,36氪
2021-03-22,内银股涨幅扩大，邮储银行、中行、工行、建行涨超2%,Wind
2021-03-22,【行情】港股内银板块普涨，招商银行涨4.5%，农业银行涨2.8%，邮储银行涨2.2%，建设银行涨1.8%,金十数据
2021-03-22,银行周报249期：贷款利率回升的节奏与影响,新浪
2021-03-22,内银股上扬，招商银行涨超3%,Wind
2021-03-22,A股融资融券日报：两融余额减少44.55亿元（3月19日）,Wind
2021-03-22,每日理财观察：易会满发声表态注册制、IPO排队、A股杠杆,Wind
2021-03-22,6家上市银行年报本周密集发布，工建交三大国有大行交成绩单,Wind
2021-03-19,银行Ⅱ：如何解读2021年政府工作报告,新浪
2021-03-19,网传“银行将全面暂停房贷” 银行回复：假消息,Wind
2021-03-19,南向资金净卖出港股32.57亿港元，中海油净卖出居首,Wind
2021-03-19,建设银行义乌5宗违法遭罚115万 信贷资金被挪用于购房 金融监管处罚,中国经济网
2021-03-19,信贷资金违规流入房市、股市，建行义乌分行被罚115万 金融监管处罚,搜狐
2021-03-19,资本动态 | 赔了夫人又折兵！中金一员工父亲内幕交易获利仅4千余元，没收后再罚5万,财经网
2021-03-19,A股午盘综述：上证指数跌1.04%，碳中和、航天军工、次新股板块逆市拉涨,Wind
2021-03-19,内银股多数下跌，招商银行跌逾3%,Wind
2021-03-19,"[券商系基金]""券业一哥""中信证券财富管理账户签约客户1.3万户 旗下华夏基金管理规模1.5万亿",金融界
2021-03-19,中金公司：盈利估值双保障，波动行情关注银行股机会,Wind
2021-03-18,陕西建工重组 财务顾问中金公司员工泄密其父内幕交易,中国经济网
2021-03-18,深化银企合作，建行行长王江会见绿地集团张玉良,陆家嘴金融网
2021-03-18,“信用村”来了！ 乡村产业资金短缺建行有高招,中国金融新闻网
2021-03-18,谁在贩卖焦虑？中行、工行、建行、招行均涉墓地贷业务,中华网
2021-03-18,重庆市主城区“1+2+N普惠金融到村”基地在西山坪启动,上游新闻
2021-03-18,A股融资融券日报：两融余额增加16亿元（3月17日）,Wind
2021-03-18,6只港股获南向资金连续净买入 建设银行连续5天获净买入,证券时报网
2021-03-18,财信证券银行业2021年3月月度报告：实体经济增长，信贷需求表现强劲,财信证券研究
2021-03-17,同日官宣人事变动：中行任命刘金为行长 工行廖林任职资格被核准,新浪
2021-03-17,任职资格获批，廖林正式出任“宇宙行”行长,每日经济新闻
2021-03-17,广东排查2.77亿违规资金 严监管堵住经营贷流入楼市渠道,时代在线
2021-03-17,从政策护航到服务创新 建行多举措支持制造业高质量发展,中国金融新闻网
2021-03-17,银行、保险普遍回调，中国太保跌超2%,Wind
2021-03-17,【中信建投银行杨荣】2月信贷数据点评：《社融连续超预期， 未来预计难延续》,eResearch杨荣团队
2021-03-17,银行行业简评报告：社融连续超预期 未来预计难延续,新浪
2021-03-17,2只港股获南向资金连续净买入 建设银行连续4天获净买入,证券时报网
2021-03-17,中信建投四大研究团队解读前2月经济数据,中信建投证券研究
2021-03-16,港股通净买入52.67亿港元,证券时报网
2021-03-16,兴源环境(300266.SZ)：源态环保为公司融资提供担保 大额借贷担保,智通财经
2021-03-16,北水动向(3.16)|北水净流入52.67亿 小米集团-W(01810)再获净买入逾6亿港元,智通财经
2021-03-16,建设银行(00939.HK)3月26日举行董事会会议以审议及批准年度业绩,格隆汇
2021-03-16,南向资金净买入港股52.67亿港元，腾讯获追捧,Wind
2021-03-16,“堵截”银行经营贷炒楼！深圳联网排查，聚焦低于1000万、抵押物过户小于8个月项目,Wind
2021-03-16,【研报掘金】银行股低估值+基本面拐点向上性价比极高 继续看好板块投资机会,证券时报网
2021-03-16,银行周榜｜建行微信逆势夺冠；交行微博跻身前三,中国银行保险报
2021-03-16,2月网络影响力榜单｜建行跃居第二；阳光升至第五,中国银行保险报
2021-03-16,港股盘前必读：北上资金大笔卖出白酒股茅台净卖出约10亿元,Wind
2021-03-15,超级大单：资金疯抢“超级巨无霸”板块 5大机构狂卖1股,新浪
2021-03-15,送普惠金融服务到村 重庆北碚这个基地启动了,重庆商报
2021-03-15,【超级大单】大白马跌停，机构砸盘超5亿！主力出逃的抱团股名单曝光 股票卖空,证券时报网
2021-03-15,北水动向(3.15)|北水净流出46.78亿 海底捞(06862)首日染蓝 遭内资沽售逾5亿,智通财经
2021-03-15,南向资金净卖出港股46.78亿港元，美团净卖出居首,Wind
2021-03-15,建行贵州省分行“三道防线”构筑全流程反欺诈体系,中国金融新闻网
2021-03-15,【中信建投金融】招商银行深度：拉平历史、国际和行业差异，上调目标估值至3倍PB,大金融研究
2021-03-15,中长期看好银行板块 整体PB有望修复到1倍,中投网
2021-03-15,八大券商主题策略：估值上升期有望来临 顺周期视角下的银行板块投资逻辑,中金在线
2021-03-15,【异动股】建设银行(00939-HK)涨3.28%,财华社
2021-03-15,银行板块估值上升期有望来临 银行龙头股票有哪些？,至诚财经
2021-03-15,内银股上行，农业银行、邮储银行涨近3%,Wind
2021-03-15,四大行、两桶油、招商银行、兴业银行齐涨，力挺大市,Wind
2021-03-15,金科股份：为33家公司共计约96亿元融资提供担保 大额借贷担保,中国网
2021-03-15,港股盘前必读：腾讯控股将向日本乐天投资寻求在数字娱乐和电商的战略合作,Wind
2021-03-15,中泰证券：银行板块景气度持续上行,Wind
2021-03-14,银行：行业景气向上，两条选股主线【中泰银行·戴志锋/邓美君/贾靖】,传统借贷vs新型金融
2021-03-14,牛年最大银行罚单来了！还有这些大行被点名 金融监管处罚,Wind
2021-03-12,本周央行及银保监会行政处罚汇总：国开行、四川信托双双领到千万级罚单 金融监管处罚,Wind
2021-03-12,北水动向(3.12)|北水净流入32.05亿 小米(01810)百亿回购计划彰显信心 内资抢筹逾30亿,智通财经
2021-03-12,南向资金逆市净买入32.05亿港元，小米净买入居首,Wind
2021-03-12,A股收盘综述：上证指数录涨因电力、碳中和板块爆发，周线仍三连跌,Wind
2021-03-12,晨泰科技回复科创板二轮问询：对赌协议、控制权来源等被关注,资本邦
2021-03-11,5个月最大涨幅A股大反弹 银行板块无疑成为市场的“主心骨”,证券时报网
2021-03-11,5个月最大涨幅，A股大反弹！银行彻底火了：聪明钱今年爆买200亿！,证券时报网
2021-03-11,中泰证券--银行角度看2月社融：实体信贷需求旺盛，板块景气度向【行业研究】,金融界股吧
2021-03-11,野村重申对中国金融业正面看法，首选寿险企业和银行,Wind
2021-03-11,银行业2021年2月金融数据点评：总量、结构全面向好 供需格局继续改善,新浪
2021-03-11,内银板块走强，招商银行涨超4%,Wind
2021-03-11,社融&金融数据点评：信贷连续放量 下一步看贷款利率回升！,新浪
2021-03-11,【行情】港股银行股走强，招商银行、建设银行、中国光大控股涨超2%,金十数据
2021-03-11,【兴证金融 傅慧芳】总量、结构全面向好，供需格局继续改善 ——2021年2月金融数据点评,兴证金融
2021-03-11,银行行业：资产收益率有望回升 哪些银行更受益？,广发证券
2021-03-10,广发流动性跟踪周报(3月第1期)：上周新发基金扩张 南下资金买入,广发证券
2021-03-10,建设银行：将于3月25日召开“20辽国资MTN001”持有人会议,Wind
2021-03-10,银行业资产质量深度研究系列之一：如何理解地方债务质量形势？,新浪
2021-03-10,数字人民币有望助力上海第二届“五五购物节”期间的系列营销活动,上观
2021-03-10,内银股逆市向下，工行等均跌超1%,Wind
2021-03-10,每日理财观察：超级巨无霸来了，中国电信要回A股上市,Wind
2021-03-10,银行小微债发行热情不减，发债价格已有上升,Wind
2021-03-09,银行机构微博影响力哪家强？中信银行无缘前十,新浪
2021-03-09,金融街下午茶2021年3月9日星期二,Wind
2021-03-09,A股收盘综述：上证指数再跌1.82%至3350位置，创业板指两日累挫超8%,Wind
2021-03-09,2月银行业罚单报告：共218张罚单，中信银行领16张,Wind
2021-03-09,四大行发力护盘，工商银行涨超1%,Wind
2021-03-09,贷款违规流入股市、楼市，监管密集下狠手,Wind
2021-03-09,浙商证券--高伟达深度报告：领先的金融IT提供商，迎行业周期轻装前行【公司研究】,金融界股吧
2021-03-09,港股盘前必读：经济刺激法案将帮助美国复苏，年后基金重仓股接连下挫,Wind
2021-03-08,每日大行评级丨高盛连续8个月看空港交所！花旗首次看好世茂服务,金融界
2021-03-08,不光新世界城，上海这些地方的“三八节”营销也能使用数字红包券,上观
2021-03-08,助力“女神节”！上海商场可以用数字人民币了，使用场景将更丰富,华夏时报
2021-03-08,每日牛熊 | 恒指熊证涨超500%！小米大跌，沽证涨逾200%,金融界
2021-03-08,大行评级|中金：重申建行(0939.HK)跑赢行业评级目标价10.17港元,格隆汇
2021-03-08,妇女节在沪用数字人民币购物有折扣：谁能申请，哪些商场可用,澎湃新闻
2021-03-08,2021年存款利率“大变动”，十万元定期存3年，年利息比理财高,搜狐
2021-03-08,财信证券--银行行业点评：贷款利率回升，关注资产质量【行业研究】,金融界股吧
2021-03-08,银行行业周报：资产轮动背景下 低估值银行具有比较优势,华福证券有限责任公司
2021-03-08,内银股多数上涨，农业银行涨超2%,Wind
2021-03-08,A股融资融券日报：两融余额减少69.43亿元（3月5日）,Wind
2021-03-08,港股盘前必读：香港交易所将推出市场波动调节机制第二阶段优化措施,Wind
2021-03-08,戴志锋：贷款利率上升 有望持续较长时间,新浪
2021-03-07,专题 | 贷款利率上升，有望持续较长时间——供求关系与监管政策【中泰银行·戴志锋/邓美君/贾靖】,传统借贷vs新型金融
2021-03-06,结构性存款规模反弹，上市公司前两月认购超千亿,Wind
2021-03-05,做小企业的贴心人 记“全国十大金融工匠”朱超,中国金融新闻网
2021-03-05,本周央行及银保监会行政处罚汇总：37家机构合计被罚超2000万元 金融监管处罚,Wind
2021-03-05,每日牛熊 | 科网股持续回调，小米认沽证暴涨100%,金融界
2021-03-05,陆港通每周复盘 | 南下资金回暖，拥抱腾讯，抛售美团、港交所,新浪
2021-03-05,北水扫货腾讯超20亿，增持中国移动、建设银行；南水加仓宁德时代,富途证券
2021-03-05,南向资金今日净买入港股23.68亿港元，腾讯、中移动、建行净买入居前,Wind
2021-03-05,银行涉房贷款出台集中度管理制，昆明银行咋放贷？专家详解,搜狐
2021-03-05,银行薪水太高？社科院呼吁银行，减薪一半！银行基层职员：太难了,腾讯网
2021-03-05,银行业哪家强？100家贡献整个行业95%净利,Wind
2021-03-05,专访全国人大代表、建行湖南省分行行长文爱华： 金融服务乡村振兴需要“大家抬”,21世纪经济报道
2021-03-05,内银股逆市造好，工行、农行涨1.7%,Wind
2021-03-05,3月券商金股出炉：61股获2家以上机构推荐,Wind
2021-03-04,超级大单：资金扫货“宇宙行” 鼠年涨超10倍大牛股牛年已经跌懵,新浪
2021-03-04,永义国际(01218.HK)出售合共310万股建设银行股份 资产异常,格隆汇
2021-03-04,银行业复盘2017看2021：坚定看好大行,新浪
2021-03-04,银行行业-复盘2017看2021：坚定看好大行,新浪
2021-03-04,安信证券--银行业：银行股演绎进攻逻辑【行业研究】,金融界股吧
2021-03-04,银行行业点评：贷款利率上行？逐条解析银保监发布会说了啥,新浪
2021-03-04,30家券商发布3月金股，四条选股主线曝光（附股）,Wind
2021-03-04,每日理财观察：多个热点城市加码楼市调控,Wind
2021-03-04,港股盘前必读：汽车之家拟港股IPO最多募资9.84亿美元,Wind
2021-03-04,富时罗素将3股调入中国A50指数！外资开启“买买买”模式,Wind
2021-03-04,深圳：成交参考价格将成按揭贷款重要依据，四大行实施细则仍在拟定中,Wind
2021-03-04,【东吴晨报0304】【行业】钢铁、银行【个股】星期六、美亚光电,东吴研究所
2021-03-04,天风证券：政策边际放松以及经济持续恢复，都将推动银行的基本面改善,证券时报网
2021-03-04,金融股大爆发，千亿银行股罕见涨停！郭树清点赞“精准拆弹”，券商大喊“守住银行心不慌”，机构称还要涨40%！,21金融圈
2021-03-03,洛阳玻璃股份(01108.HK)：董事会同意公司向建行申请4900万存量授信,格隆汇
2021-03-03,工行、建行等机构开立不良贷款转让账户 首批业务已落地,新浪
2021-03-03,38只银行股集体走高全线飘红 估值修复能持续吗,新浪
2021-03-03,银行：银行股演绎进攻逻辑,新浪
2021-03-03,各路资金争相抢筹 银行股成推动大盘上涨中坚力量,e公司
2021-03-03,洛阳玻璃(600876.SH)拟向建设银行洛阳分行申请4900万存量授信,格隆汇
2021-03-03,银行业-点评国新办发布会：银行的贷款利率会回升吗？,新浪
2021-03-03,A股市值大增1.3万亿，茅台涨近4%！发生了什么？,Wind
2021-03-03,【异动股】内银股拉动大市上扬建设银行(00939-HK)涨5.4%,财华社
2021-03-03,A股收盘综述：上证指数单边上扬1.95%，周期、金融板块爆发,Wind
2021-03-03,恒生指数缩量反弹涨超700点 建行(00939)涨超5%贡献恒指第一,智通财经
2021-03-03,宁波银行封住涨停板，建设银行、招商银行、平安银行均涨超5%,Wind
2021-03-03,南京银行放量涨停，钢铁煤炭有色全线爆发,证券之星
2021-03-03,银行板块大幅拉升，南京银行涨停，招商银行等涨幅超5%,证券时报网
2021-03-03,惊呆，这只银行股放巨量涨停，钢铁煤炭有色全线爆发，低位低估值顺周期股仅20只,证券时报
2021-03-03,最高法发布指导性案例 含建行诉华融资产等案外人执行异议案,新浪
2021-03-03,银行预测：2月社融增速会续降吗？,新浪
2021-03-03,【异动股】建设银行(00939-HK)涨3.14%,财华社
2021-03-03,【行情】港股银行板块集体走强，招商银行涨4.2%，渣打集团、邮储银行涨、工商银行涨超3%，中国银行、建设银行涨超2.5%，汇丰控股、农业银行涨2%,金十数据
2021-03-03,每日理财观察：银保监会重磅发声，回应房地产、贷款利率等热点问题,Wind
2021-03-03,3月3日银行股大涨的点评：顺周期视角下的银行股投资逻辑,光大证券
2021-03-02,三一重工：待到万亿市值时，金牌员工再奖500万！,Wind
2021-03-02,招行调整零售组织架构，合并组建财富平台部,Wind
2021-03-02,银行业周报：估值修复仅行至半程 珍惜股价回调后配置良机,新浪
2021-03-02,大连银保监局：对建设银行大连甘井子支行作出行政处罚，罚款20万元 金融监管处罚,Wind
2021-03-02,大连银保监局：对建设银行大连金普新区分行作出行政处罚，罚款20万元 金融监管处罚,Wind
2021-03-02,大连银保监局：对建设银行大连市分行作出行政处罚，罚款20万元 金融监管处罚,Wind
2021-03-02,大连银保监局：对建设银行大连红旗支行作出行政处罚，罚款20万元 金融监管处罚,Wind
2021-03-02,大连银保监局：对建设银行大连体育新城支行作出行政处罚，罚款30万元 金融监管处罚,Wind
2021-03-02,大连银保监局：对建设银行大连瓦房店支行作出行政处罚，罚款20万元 金融监管处罚,Wind
2021-03-02,2月市值荣耀榜出炉！且看A股牛年“牛不牛”？,中国财富网
2021-03-02,快讯：银行板块午后全线飘绿 建设银行跌近4% 连续下跌,新浪
2021-03-02,郭树清最新讲话，9大要点，信息量超大,Wind
2021-03-02,重磅！除了二手房按揭，深圳大行要求经营贷也按政府参考价执行,Wind
2021-03-02,华福证券--银行行业周报：美债利率提升背景下，银行股去向何方？【行业研究】,金融界股吧
2021-03-02,盘前有料丨美股三大指数集体收跌；“十四五”首份新能源开发征求意见稿发布…重要消息还有这些 连续下跌,证券时报网
2021-03-02,再度收紧！深圳房产抵押经营贷也要参照政府指导价,Wind
2021-03-02,深圳再度出击，这类贷款也要参照指导价！,Wind
2021-03-01,建行大连4家支行、2家分行同日被罚 合计罚款金额130万 金融监管处罚,中新经纬
2021-03-01,银行行业周报：各项垫款加速下降 优质银行强者恒强,新浪
2021-03-01,银行高管变阵未了局 至少5家银行高管出缺待补,时代在线
2021-03-01,上清所3月1日试运行大宗商品现货清算业务,Wind
2021-03-01,建设银行大连6分支违规共遭罚130万 贷款三查不尽职等 金融监管处罚,中国经济网
2021-03-01,建设银行龙岩分行两宗违规 副行长等2人遭央行处罚 金融监管处罚,中国经济网
2021-03-01,建行大连六家分支被罚130万：涉贷款管理、企业授信等违规 其他违规处罚,新浪
2021-03-01,首批个贷不良转让落地，国厚资产、广投资产各竞得一个资产包,Wind
2021-03-01,“数字员工”来了 银行业转型再添利器,中国金融新闻网
2021-03-01,【银行*马祥云】2021/01金融信贷收支表点评：结构性存款因何反弹？能持续吗？,东吴研究所
2021-03-01,【策略*陈李】东吴证券月度策略及金股组合：货币海洋上的资产泡沫,东吴研究所
2021-03-01,银行调政策 楼市陷变局,国际金融报
2021-02-27,重磅！深圳四大行均明确：二手房成交参考价为按揭重要参考依据,21世纪经济报道
2021-02-27,交行监事长蔡允革或将赴任重庆副市长，在交行刚干满6个月,Wind
2021-02-27,独家｜交行监事长蔡允革或将赴任重庆副市长，在交行刚干满6个月！,21世纪经济报道
2021-02-26,调查|深圳二手房贷额度在参考价基础上可上浮15%？ 多家银行称具体细则待制定,财联社
2021-02-26,农业银行拟再发14亿元信用卡不良资产ABS,Wind
2021-02-26,全球股市大跌15万亿！A股近2000股却意外翻红,中国基金报
2021-02-26,全球股市大动荡：暴跌15万亿！万科、建行拉升 近2000股翻红 A股能否挺住？ 连续下跌,中国基金报
2021-02-26,四大行发力护盘，建设银行涨超2%,Wind
2021-02-26,“宇宙行”迎“60后”新行长 曾在建行工作30年,中新经纬
2021-02-25,晚间要闻2021年2月25日星期四,Wind
2021-02-25,晚间重要公告2021年2月25日星期四,Wind
2021-02-25,深圳引导市场回归理性，严厉查处中介挂牌价格超出二手房参考价行为 其他违规处罚,澎湃新闻
2021-02-25,可上浮15%？深圳多家银行房贷跟进“官参价”，执行标准有空间！,证券时报网
2021-02-25,上市银行业绩好于预期，机构认为银行股上涨的逻辑具备丨牛熊眼,第一财经
2021-02-25,【行情】银行板块持续拉升，重庆银行涨停，邮储银行、建设银行、宁波银行、南京银行等跟涨,金十数据
2021-02-25,深圳建行回应：“二手房成交参考价”为该行二手房贷款重要参考依据，具体细则仍在完善,Wind
2021-02-25,中信建投金融团队最新研究观点,中信建投证券研究
2021-02-25,深圳部分银行跟进二手房成交参考价,Wind
2021-02-24,建行重庆市分行绿色创新齐并进促发展,上游新闻
2021-02-24,南财理财通丨春节理财直播观看暴涨10倍 多家银行发行元宵新春特供理财,21世纪经济报道
2021-02-24,天风固收：如何看待当前银行板块转债投资机会?,Wind
2021-02-24,中金：银行报表修复逻辑更易演绎“周期复苏交易”,中金点睛
2021-02-23,晚间要闻2021年2月23日星期二,Wind
2021-02-23,建行、农行明确深圳二手房按揭贷款将以官方参考价作为参考,Wind
2021-02-23,银行财眼丨建行泉州分行、晋江分行合计被罚超100万元：因违反反洗钱管理等问题 金融监管处罚,云掌财经
2021-02-23,深圳建行将以“成交参考价”作为按揭依据,21世纪经济报道
2021-02-23,银行业：数字货币对金融行业的影响正在发生,新浪
2021-02-23,为优质服务护航 建行远程智能银行中心落实安全管理责任,中国金融新闻网
2021-02-23,东吴证券--银行行业点评：房贷限额放松？或只是局部市场维稳【行业研究】,金融界股吧
2021-02-23,【异动股】建设银行(00939-HK)涨3.04%,财华社
2021-02-23,招商银行--银行业3月银行策略简评报告：全球通胀共振，中短期要重视大行【行业研究】,金融界股吧
2021-02-23,财信证券银行业2021年2月月度报告：需求旺盛，行情持续修复,财信证券研究
2021-02-23,商业银行今年以来发债超千亿元，小微专项金融债顶起“半边天”,Wind
2021-02-23,各大银行陆续发公告，这“3类”银行卡将被清理，卡里有钱也不行,腾讯网
2021-02-22,监管动态|建设银行因反洗钱一天被罚逾百万元 今年以来合计被罚709.5万元 金融监管处罚,新浪
2021-02-22,【招商证券】总量的视野—电话会议纪要（20210221）,招商策略研究
2021-02-22,港股好淡争持激烈恒指波幅773点科指重挫5.5%,财华社
2021-02-22,建设银行泉州分行违规遭罚82万 违反反洗钱管理规定 金融监管处罚,中国经济网
2021-02-22,A股收盘综述：创业板指下挫4.47%，基金抱团股放量杀跌,Wind
2021-02-22,1.1亿、877万：从六轮红包试点看数字人民币进程,零壹财经
2021-02-22,财信证券--银行行业月度报告：需求旺盛，行情持续修复【行业研究】,金融界股吧
2021-02-22,银行股午后转暖，常熟银行涨近4%,Wind
2021-02-22,银行行业周报：LPR利率不变 房贷利率上行,新浪
2021-02-22,【行情】银行板块大幅分化，平安银行跌逾6%，杭州银行、无锡银行、兴业银行等跌幅居前，常熟银行、工商银行、建设银行等处于上涨状态,金十数据
2021-02-22,五大行全部上涨，工商银行涨超2%,Wind
2021-02-22,A股分红10万亿，部分大市值股息率低得让人震惊,Wind
2021-02-22,多余闲置账户需注意 多家银行启动存量个人账户清理工作,北京商报
2021-02-21,A股分红10万亿，部分大市值股息率低得让人震惊,第一财经
2021-02-20,【国君非银】掌握核心竞争优势，未来成长空间巨大——金融集团科技子公司专题报告,欣琦看金融
2021-02-19,2021年银行存款新规来了！存10万元到建行，定期三年利息近万,搜狐
2021-02-18,银行机构微博影响力哪家强？广发银行无缘前十,新浪
2021-02-17,银行业周报：银行板块的春节效应,新浪
2021-02-15,为云南“十四五”发展提供金融支持,云南日报
2021-02-12,A股万亿俱乐部大变局，中行中石油掉队，新贵“招五”紧逼平安,搜狐
2021-02-11,港股鼠年收官，恒生科技指数创历史新高,Wind
2021-02-11,汇丰环球：牛年对大型内银乐观 偏好交行(03328)、建行(00939)和工行(01398),智通财经
2021-02-11,恒指开盘跌0.14%，康希诺生物高开8%,Wind
2021-02-10,六大行今年同业存单总额度3.44万亿 去年余额为0的工行今年备案2000亿,21世纪经济报道
2021-02-10,六大行今年同业存单总额度约3万亿 去年余额为0工行今年备案2千亿,21世纪经济报道
2021-02-10,港股收评：恒指大涨1.91% 美团、腾讯再创新高,金融界
2021-02-10,收评：港股恒指大涨1.91%重返3万点 美团腾讯快手齐创新高,新浪
2021-02-10,快手总市值一举超越建设银行，跻身港股第七大公司,第一财经
2021-02-10,银行板块冲高回落 建设银行涨逾3%,中证网
2021-02-10,【异动股】建设银行(00939-HK)涨3.01%,财华社
2021-02-10,银行股走高交行工行等涨超3% 国泰君安：银行股逻辑强化,新浪
2021-02-10,快讯：银行板块表现活跃 建设银行一度涨超5%,新浪
2021-02-10,东吴证券银行评国有大行将起舞：银行股新一轮行情展望,东吴金融研究
2021-02-10,飞鹤与建设银行签署战略合作协议 打造银企合作标杆,中国网
2021-02-10,快手-W(1024.HK)再创上市新高市值超1.5万亿一举超越建行,格隆汇
2021-02-10,快手暴涨大涨8%市值突破2000亿美元 一举超越建行,新浪
2021-02-10,银行板块走强，27只个股上涨，建设银行上涨3.33%,每日经济新闻
2021-02-10,港股异动 | 快手-W(01024)高开逾4%再创新高 总市值突破1.5万亿港元超越建行(00939),智通财经
2021-02-10,银行股迅速走强，建设银行大涨5%,Wind
2021-02-10,大华继显上调建设银行目标价至8.7港元，维持买入评级,Wind
2021-02-10,银行行业简评报告：表内外均改善 社融大超预期,新浪
2021-02-10,评21年1月金融数据：如何解读1月金融数据?,新浪
2021-02-10,国泰君安：当前时点银行股攻守兼备，继续推荐一线龙头,Wind
2021-02-10,晨报0210 | 四季度货币政策报告解读、1月金融数据点评,国泰君安证券研究
2021-02-10,【银行*马祥云】2020Q4货币政策报告：存贷款利率与消费金融风险防范,东吴研究所
2021-02-09,飞鹤与建设银行总行签署战略合作协议 获全方位金融支持,中新经纬
2021-02-09,快手暴涨14%市值1.42万亿 直逼建行的1.51万亿,新浪
2021-02-09,威马汽车与金融机构达成115亿元战略合作,Wind
2021-02-09,国君银行 | 1月金融数据点评：新增社融好于预期，信贷结构持续向好,国泰君安证券研究
2021-02-08,建设银行龙岩4业务违法遭罚 未按规定识别客户身份 金融监管处罚,中国经济网
2021-02-08,建设银行：更正“16葛洲坝MTN001”、“16葛洲坝MTN002”2021年度第一次持有人会议决议公告,Wind
2021-02-08,债权转让清单,重庆商报
2021-02-07,债券重大事件2021年2月7日星期日,Wind
2021-02-07,金融股，你们要努力啊！快手追来了,第一财经
2021-02-07,就地过年成为新共识 金融行业开展赠送保险服务等花式留人大法,新浪
2021-02-07,官宣！58岁王江辞任中行，回归建行“接棒”行长一职 董监高成员变化,金融界
2021-02-07,本周央行及银保监会行政处罚汇总：中信银行因反洗钱不力被罚2890万元 金融监管处罚,Wind
2021-02-07,“老建行人”回归！建设银行迎来新行长,金融时报
2021-02-07,男子在银行里点95533链接钱被骗 建行支行行长：走司法途径解决,新浪
2021-02-06,两大国际会计所遭员工举报！证监会：已安排核查 诉讼纠纷,券商中国
2021-02-05,金融街为湖北子公司提供8亿元融资担保 大额借贷担保,观点地产网
2021-02-05,面孔｜建设银行：王江辞任中国银行履新建行行长 此前曾供职建行16年 董监高成员变化,财经网
2021-02-05,建设银行庆阳分行违法遭罚 一正两副原分行长遭警告 金融监管处罚,中国经济网
2021-02-05,建设银行：董事会同意聘任王江担任行长,Wind
2021-02-05,银行，早就不是你想像中的样子了,36氪
2021-02-05,茅台直逼3万亿！各种“茅”飙新高，千亿白马跌停,中国基金报
2021-02-05,1月银行业罚单全景：393张罚单、罚金2.64亿,21世纪经济报道
2021-02-04,建设银行庆阳分行被罚30万：贷前调查不尽职 金融监管处罚,新浪
2021-02-04,庆阳银保监局：对建设银行庆阳分行作出行政处罚，罚款30万元 金融监管处罚,Wind
2021-02-04,外汇违规典型：国开行建设银行广发银行遭罚没千万,中国经济网
2021-02-04,总量团队联席解读：节前还需要关注什么？,新浪
2021-02-04,银行股持续逆市走高，机构认为其配置价值凸显丨牛熊眼,第一财经
2021-02-04,建行青岛分行被罚没1031.5万：将债权转让至境外银行并收入对价款 金融监管处罚,发现网
2021-02-04,银行理财周报：理财收益率环比上升,新浪
2021-02-03,建行撮合达成中法大健康养老产业合作,中国金融新闻网
2021-02-03,国家外汇局通报11起银行外汇违规案例 金融监管处罚,Wind
2021-02-03,我省试行二手房公积金组合贷款免评估,东南快报
2021-02-03,佛山建行积极推进“三教育”活动,搜狐
2021-02-03,个人房贷办理不受影响，分析人士：就地过年或催生核心城市购房需求,Wind
2021-02-02,建设银行今日大宗交易成交439.24万股，成交价6.83元溢价1.64%,Wind
2021-02-02,河北工业企业利好！工信厅与银行开展金融支持复工复产专项活动！,中国水泥网
2021-02-02,期市投资参考：大商所进一步完善场外会员规则体系,Wind
2021-02-01,建行河北分行投放贷款500亿元支持企业复工复产,证券时报网
2021-02-01,建设银行就个人贵金属交易业务发布风险提示,Wind
2021-02-01,银行业投资观察：资金市场流动性将如何演绎,新浪
2021-02-01,建行铜陵市分行财务会计部牵头组织2021年金融统计培训工作,搜狐
2021-02-01,建行铜陵淮河路支行堵截一起疑似网贷平台资金诈骗 欺诈造假,搜狐
2021-02-01,建行合肥庐阳支行积极投放普惠贷款持小微企业,搜狐
2021-02-01,建设银行：2021年拟发行同业存单6000亿 去年成功发行4221.9亿,财经网
2021-02-01,银行2月策略：“先扬”已至 阔步进取,新浪
2021-02-01,中国银行员工薪资福利构成,搜狐
2021-02-01,工商银行员工薪资福利构成,搜狐
2021-02-01,本周股市三大猜想及应对策略,财富动力网
2021-02-01,打造科技时代新招牌 银行加大数字化经营力度,金融时报
2021-01-31,阳江金融系统多措并举助力高质量发展,搜狐
2021-01-31,四大行广州分行表态房贷：“按揭业务有序开展”,Wind
2021-01-30,11家A股上市银行房贷集中度“越红线”，多地按揭贷款额度大幅收紧,腾讯网
2021-01-30,沪指跌破3500点后盘面有了一些变化，市场风格或回归均衡,Wind
2021-01-30,证券时报：南下买港股千万别贪便宜,Wind
2021-01-29,阿勒泰银保监局：对太平洋财险阿勒泰中心支公司作出行政处罚，罚款10万元 金融监管处罚,Wind
2021-01-29,建行安徽省分行倾力推动江淮大地高质量发展,中国金融新闻网
2021-01-29,银行理财周报：理财收益率回升 股份行升幅较大银行,新浪
2021-01-29,“宇宙行”即将迎来新行长 廖林上任后面临的三大挑战,华夏时报
2021-01-29,建行吉林省分行3亿元贷款驰援通化方舱医院建设,中国金融新闻网
2021-01-29,2021年起，银行再现“特色存款”，10万存五年，利息高达上万,搜狐
2021-01-29,12家银行业绩预喜，获4.9亿大单抢筹，银行股的春天要来了？,第一财经
2021-01-29,银行业简评报告：延期贷款规模6.6万亿,新浪
2021-01-29,解盘：成交量低迷，航空、白酒、CRO、影视略涨,Wind
2021-01-29,重磅！宇宙行新行长落定！廖林有什么样的大局观？,腾讯网
2021-01-29,银行股震荡攀升，成都银行领涨4%,Wind
2021-01-29,逆流而下：南下的决心,新浪
2021-01-29,"工商银行副行长廖林将升任行长 六大行中邮储、中行行长尚""空悬""",中金在线
2021-01-28,16家银保监局已开出2021年1号罚单，都处罚了些什么？ 金融监管处罚,澎湃新闻
2021-01-28,廖林出任工商银行行长，宇宙行补齐高管三长,财经网
2021-01-28,通裕重工(300185.SZ)为子公司禹城宝泰9850万元融资业务提供担保 大额借贷担保,智通财经
2021-01-28,"最新罚单！建行被罚270万，涉及""五宗罪""",中国基金报
2021-01-28,工行副行长廖林拟升任行长，曾于建行工作20余年,搜狐
2021-01-28,福建银保监局：对建设银行福清分行作出行政处罚，罚款50万元 金融监管处罚,Wind
2021-01-28,工行行长落定 30年“老建行”廖林被“扶正”,新浪
2021-01-28,银行业理财产品周报：理财产品数量有所上升,新浪
2021-01-28,建设银行福清分行遭罚 贷款风险管理不到位 金融监管处罚,中国经济网
2021-01-28,财富证券--银行行业点评：强化负债质量管理，保障安全稳健运营【行业研究】,金融界股吧
2021-01-28,即将尘埃落定！廖林拟就任工行党委副书记、行长,21世纪经济报道
2021-01-28,与时间赛跑 建行河北省分行8888万元贷款支持隔离点建设,中国金融新闻网
2021-01-28,云南红河州成功开立自贸区首个NRA账户,中国金融新闻网
2021-01-28,全国10座重点城市房贷利率调查：深沪偏低 广州、杭州上涨,21世纪经济报道
2021-01-28,房贷变局调控升级！开年楼市释放这些信号,第一财经
2021-01-28,“银行房贷停贷”刷屏！上海情况如何？,东方网
2021-01-28,海南小微企业融资“量增、价降、面扩”,证券导报
2021-01-28,河北:多措并举加大对稳产保供农业企业金融支持力度,河北新闻网
2021-01-28,中信证券：从A/H折溢价看港股的估值洼地和稀缺性建议关注两大主线,证券时报
2021-01-28,银行晨报（1月28日）,财联社
2021-01-28,银行股到了配置窗口？跟着资金南下香江 H股性价比更高 这一策略或受青睐,券商中国
2021-01-28,广州四大行房贷利率“抱团”上涨，释放何种信号？,Wind
2021-01-28,全国10座重点城市房贷利率调查：上海首套房最低利率仅为4.65%,21世纪经济报道
2021-01-27,广东政银深度合作打造泛在普惠政务服务体系,21世纪经济报道
2021-01-27,建行重庆市分行涉“五宗罪”被罚没270余万 金融监管处罚,中新经纬
2021-01-27,【银华基金】交易日报 2021-1-27,新浪
2021-01-27,重庆银保监局：对建设银行重庆市分行作出行政处罚，罚款270万元 金融监管处罚,Wind
2021-01-27,上海“银行房贷停贷”？到底是怎么回事,Wind
2021-01-27,房贷额度收紧？上海广州地区银行称额度紧张放款慢 北京调整不大,房地产报
2021-01-27,建设银行(00939-HK)境内小型微型企业贷款专项金融债券发行完毕,财华社
2021-01-27,全国10座重点城市房贷利率调查：你家房贷涨价了没？,21世纪经济报道
2021-01-27,建设银行(00939.HK)完成发行200亿元境内小微企业贷款专项金融债,格隆汇
2021-01-27,建设银行(601939.SH)：完成发行200亿元小型微型企业贷款专项金融债券,格隆汇
2021-01-27,近三成上市银行业绩快报净利同比增长 券商称银行股将迎来板块估值修复,长江商报
2021-01-27,打通“最后一公里” 建行智慧村务平台落地安康,中国金融新闻网
2021-01-27,银行基本面跟踪二十三：Q4持仓延续回升 继续看好板块修复,新浪
2021-01-27,传四大行上调广州房贷利率，建行确认首套房贷利率涨至5.2%、二套房5.4%,搜狐
2021-01-27,上广深多地银行收紧房贷业务：放款周期拉长，有的一笔都不让放,棱镜
2021-01-27,今日起广州四大行房贷整体涨价，有银行暂停房贷业务,21世纪经济报道
2021-01-27,【行情】银行股走强，无锡银行涨逾5%，长沙银行、平安银行涨逾3%，建设银行、招商银行等涨逾2%,金十数据
2021-01-27,房贷利率上调的背后：额度普遍收紧，甚至停贷？真相来了,奥一网
2021-01-27,上广深多地银行收紧房贷业务：有的“一笔都不让放”,金融界
2021-01-27,今日起广州四大行房贷整体涨价,Wind
2021-01-27,A股融资融券日报：两融余额减少91.71亿元（1月26日）,Wind
2021-01-27,每日理财观察：易纲最新定调货币政策,Wind
2021-01-27,115股获券商买入评级 晨化股份目标涨幅达130.61%,Wind
2021-01-27,四大行首套房贷款利率上调至5.2%，今天起买房成本又增加了,时代在线
2021-01-27,广州多家银行收紧房贷额度 业内：做好放款慢准备,南方日报
2021-01-26,李迅雷：港股热背后的冷思考,李迅雷金融与投资
2021-01-26,传北上广深房贷紧张？北京多家银行回应：房贷申请正常，未加入“停贷”行列,搜狐
2021-01-26,每日大行评级丨特斯拉Q4业绩或将惊人？机构喊出1250美元牛市目标价,金融界
2021-01-26,各渠道融资积极推进，低估值银行股走出上升行情！,Wind
2021-01-26,1月起，银行再现“特色存款”，10万存一年，利息近5000元！,搜狐
2021-01-26,建行上海分行：目前不存在房贷停贷情况,Wind
2021-01-26,野村升建行H股目标价至7.68港元，上调今年盈利预测2%,Wind
2021-01-26,2021年怎样合理规划家庭财富？这场论坛传递出这些声音,重庆商报
2021-01-26,野村：重申建设银行(0939.HK)买入评级 升目标价至7.68港元,格隆汇
2021-01-26,建行滁州龙蟠路支行积极投放普惠金融贷款,搜狐
2021-01-26,一线城市房贷调查：广深多个银行停贷，现最严调控,21世纪经济报道
2021-01-26,2021年资金面研究跟踪报告一：近期南下资金持续加大 投资动向值得关注,新浪
2021-01-26,注册制新股纵览：创识科技：国内电子支付IT解决方案领先提供商,新浪
2021-01-26,A股融资融券日报：两融余额增加71.43亿元（1月25日）,Wind
2021-01-26,银行晨报（1月26日）,财联社
2021-01-26,恒指站上3万点大关 南向资金抱团港股核心资产,上证报
2021-01-26,建设银行与中石化集团签署金融科技合作协议,中国金融新闻网
2021-01-26,银行理财子公司“出海”，多元配置谋收益,Wind
2021-01-26,南向资金抱团买买买，买上港股30000点,Wind
2021-01-26,银行2021年首季“营销战”进行中：发力线上揽储，大额存单“太抢手”,Wind
2021-01-25,一线城市房贷调查：沪广深多行额度吃紧,21世纪经济报道
2021-01-25,房贷调查｜上海深圳广州额度紧张，有银行直言放款时间不确定,澎湃新闻
2021-01-25,西藏天路(600326.SH)拟向建设银行西藏自治区分行申请综合授信6亿元,格隆汇
2021-01-25,上海地区建设银行并未完全暂停个人房贷 但放款时间明显延长,财联社
2021-01-25,房贷大变天：上海惊现大行停贷 广深房贷按揭普遍暂无额度,21世纪经济报道
2021-01-25,九卦 | 谁与争锋？“零售之王”招行2020年业绩背后是强者恒强,搜狐
2021-01-25,建行河北省分行全力做好特殊时期消费者权益保护工作,中国金融新闻网
2021-01-25,广深房贷调查：按揭普遍暂无额度,Wind
2021-01-25,独家｜广深房贷调查：按揭普遍暂无额度,21世纪经济报道
2021-01-25,数字化赋能建行助疫情防控更从容,中国金融新闻网
2021-01-25,上海也有大行惊现房贷停贷！多数银行额度吃紧,Wind
2021-01-25,上海也有大行惊现房贷停贷 多数银行额度吃紧,21世纪经济报道
2021-01-25,盛运环保：公司涉及贷款合同纠纷 诉讼纠纷,Wind
2021-01-25,建设银行鹤壁分行遭罚 授信管理不审慎 金融监管处罚,中国经济网
2021-01-25,南下资金增仓近2500亿！港股通100指数有多优秀？,魔都资产管理人
2021-01-25,彻底爆发！7万亿腾讯来了，超六大国有行之和！,证券时报网
2021-01-25,海通国际：调升建设银行港股目标价及评级,Wind
2021-01-25,高管大调整 三家国有行行长待补位 董监高成员变化,中国经营报
2021-01-25,建设银行安庆分行遭罚 未按规定履行客户身份识别义务 金融监管处罚,中国经济网
2021-01-25,海通国际上调建设银行目标价至7.6港元，恢复跑赢大市评级,Wind
2021-01-25,数字金融追踪：央行支付新规会冲击互联网巨头吗？,新浪
2021-01-24,银行业：2万亿利润与3万亿不良处置,新浪
2021-01-24,银行业同业存单周报：发行利率续升 到期量大增,新浪
2021-01-24,千亿资金南下掘金，后市怎么走？券商观点来了,Wind
2021-01-24,凛冬将至！多家银行被爆停贷！万亿房企债务将到期,21世纪经济报道
2021-01-24,北向资金大调仓！狂买市值1.29万亿巨头,中证报
2021-01-23,港股“新经济”获南向资金青睐，快速上涨之后趋势与风险几何？,Wind
2021-01-23,房贷新规与信贷变局：房企债务置换有新花样,Wind
2021-01-23,北上资金连续12周净买入，左手卖酒右手“存”银行,Wind
2021-01-22,中国资本市场30年30人系列访谈丨专访中国工商银行外部监事沈炳熙：银行理财子公司的未来投资方向仍将以固收类为主,21世纪经济报道
2021-01-22,策略点评：1月南下资金创纪录增持分析,新浪
2021-01-22,建行存款利率“新变动”，存十万元三年定期，竟能拿这么多利息！,搜狐
2021-01-22,【行情】港股内银股尾盘跌幅扩大，光大银行跌5.4%，招商银行跌4.6%，邮储银行跌3.8%，工商银行、交通银行跌超3%，建设银行跌2.4%,金十数据
2021-01-22,海鸥住工：为控股子公司提供总额为4000万元的担保 大额借贷担保,Wind
2021-01-22,建行新加坡分行特许全面银行牌照揭牌,中国金融新闻网
2021-01-22,需求逐渐释放 RMBS发行迎来复苏,上证报
2021-01-21,【书评】助贷模式的黄金时代,钛媒体
2021-01-21,建设银行辽源违规遭罚 贷前调查贷后管理严重不尽职 金融监管处罚,中国经济网
2021-01-21,交易商协会发布2020年主承承销排行，兴业银行、中信银行和工商银行位列前三,Wind
2021-01-21,南向资金流入步伐放缓，小米净卖出额居首,Wind
2021-01-21,建行唐山分行1300万元贷款支持河北省疫情防控集中隔离点建设,中国金融新闻网
2021-01-21,"""央妈""解绑信用卡透支利率，宣战""花呗""们！保定各银行：暂未调息",搜狐
2021-01-21,建行陕西省分行举办中国（陕西）国际贸易“单一窗口”关银一KEY通业务新闻座谈会,中国金融新闻网
2021-01-21,银行业：估值分化是盈利能力差异化的合理体现 预计新一轮分化更加剧烈,新浪
2021-01-21,2020胡润品牌榜：贵州茅台三连霸，工行建行跌出十强，海天取代伊利成为最具价值食品饮料业品牌,金融界
2021-01-21,胡润品牌榜：工行和建行跌出十强 分列第12名和第14名,新浪
2021-01-21,2020胡润品牌榜：贵州茅台品牌价值首破万亿 工行建行跌出十强,中新经纬
2021-01-21,胡润品牌榜：工行和建行跌出十强 分列第15名和第19名,新浪
2021-01-21,2020胡润品牌榜：贵州茅台居首位 天猫排名第2美团跃居第7,新浪
2021-01-21,22天赚10亿！“巴菲特接班人”再度抢筹银行股,券商中国
2021-01-21,发行显著提速，RMBS有望迎“大年”,Wind
2021-01-21,内地投资者跃跃欲试，港股“估值洼地”说法待商榷,Wind
2021-01-20,项目权属之争揭内幕交易往事：*ST辉丰信披任性因何而起,第一财经
2021-01-20,上线两周年累计办件超亿件 云南“指尖政务”受青睐,中国金融新闻网
2021-01-20,副省长到国有大行行长 老建行人王江回归后面临频繁高管层变动 董监高成员变化,新浪
2021-01-20,一文看懂银行管理层“薪资单” Top10银行董事长薪酬一览,新浪
2021-01-20,万亿银行圈行长密集变动！一文看懂“薪资单”，四大行董事长年薪仅70万，中信民生管理层“待遇”高达6000万,金融界
2021-01-20,腾讯美团连创新高，南下资金爆买2000亿港元,Wind
2021-01-20,空缺近两月!建行行长之位拟由中行行长王江接任,资本邦
2021-01-20,2021年建行存款利率上浮，存10万元三年定期，能拿这么多利息！,搜狐
2021-01-20,企查查与腾讯云、建设银行等获年度卓越金融科技品牌,企查查
2021-01-20,南下投资系列专题(二)：公募视角看南下：渐入佳境,新浪
2021-01-20,守护白发苍苍 暖心久久长长——建行昆明联盟路支行冬日暖心上门服务,云南经济日报
2021-01-20,建行数字人民币钱包首创支持绑定他行卡,零壹财经
2021-01-20,数字人民币如期推进，部分银行支持兑换数字货币,资本邦
2021-01-20,建行常州分行发行江苏金坛投资控股超短融4亿元,搜狐
2021-01-20,中国银行行长王江将“回归”建行出任行长，六大行行长之位半数空缺,搜狐
2021-01-20,为建设总部大厦，光峰科技抵押土地使用权以申请7亿元贷款额度,资本邦
2021-01-20,A股早报2021年1月20日星期三,Wind
2021-01-20,港股盘前必读：微信下一个版本可能会有直播入口且添加电商功能,Wind
2021-01-20,国君策略：公募港股持仓仍有30％空间，南下弹药充足，未来资金将持续向头部个股集中,金融界
2021-01-20,罕见，三家银行同日换了行长！怎么回事？,21世纪经济报道
2021-01-20,国君策略 | 公募视角看南下：渐入佳境,国泰君安证券研究
2021-01-20,南向资金净买额再创新高，多只港股ETF现高溢价,Wind
2021-01-20,建行迎老将 王江“回归”重任在身,北京商报
2021-01-20,国泰君安：公募南下弹药充足，还有2400亿！但行业与持股分布集中,新浪
2021-01-19,金融高管补位战 建行、广发同日官宣新行长,时代在线
2021-01-19,罕见，三家银行同日换了行长！怎么回事？,搜狐
2021-01-19,中行原行长王江拟出任建行行长,上证报
2021-01-19,建行钱包支持绑定招行和中信银行卡，可兑换数字人民币,21世纪经济报道
2021-01-19,建设银行行长人选尘埃落定 中行王江“回归”后重任在身,新浪
2021-01-19,合作春晚红包消息传出后，抖音支付迅速上线,Wind
2021-01-19,"建行迎新行长！""老建行人""时隔6年回归，还有三家大行行长虚位以待",券商中国
2021-01-19,南向资金净买入再创新高，两日加仓港股近500亿港元,Wind
2021-01-19,银信科技(300231.SZ)拟向银行申请授信,格隆汇
2021-01-19,【专栏】一种神奇的场景分期，优质客户引多家银行争夺，已抛弃传统信用卡模式,新流财经
2021-01-19,老将王江回归建行 拟任行长,每日经济新闻
2021-01-19,“老建行人”王江拟回归建设银行 出任行长一职,金融界
2021-01-19,建行平台云贷“摇身一变”成烟商贷 合作方疑违规收取费用 其他违规处罚,新浪
2021-01-19,易方达爆款基热销探秘：公司渠道能力太强,新浪
2021-01-19,继六大行后 中信、招行已支持绑定数字人民币钱包,新浪
2021-01-19,每日理财观察：中国经济总量跃上100万亿,Wind
2021-01-19,南向资金连续11日扫货港股,Wind
2021-01-19,新年首单债券违约浮出水面，鸿达兴业集团30亿元债务集中到期,Wind
2021-01-19,投资者加速借基入市，新基金直呼“建仓难”,Wind
2021-01-19,“公测”成绩亮眼，数字人民币有望重构支付体系,Wind
2021-01-18,连续11个交易日超百亿资金“南下”，什么信号？,上证报
2021-01-18,绿地混改国企，抄了一条融资近道,乐居财经
2021-01-18,金融百家丨侯本旗：招行平安市值超国有大行的秘密,21世纪经济报道
2021-01-18,在杭州，“建行生活”APP火了,中国金融新闻网
2021-01-18,发令“枪”响 建行协力北京“城市更新行动”,中国金融新闻网
2021-01-18,银行行业周报：央行发文监管互联网存款 银行业绩增速陆续转正,新浪
2021-01-18,南下掘金优质港股资产正当时，基金如何挑选？,养基司令
2021-01-18,商业银行正成为金融科技创新“主力军”,零壹财经
2021-01-18,【银行*马祥云】金融供给侧改革追踪——金融机构债委会制度：抱团抵御信用风险，强调打击逃废债！,东吴研究所
2021-01-18,数字人民币测试持续扩围，银行积极抢占新支付渠道,Wind
2021-01-17,散户加速进场，基金经理却说建仓好难，怎么办？,Wind
2021-01-17,吉林昨日新增本地新冠肺炎确诊病例10例，新增无症状感染者63例,Wind
2021-01-16,建行存款利率“新变动”！存10万元三年定期，利息竟然这么多,搜狐
2021-01-16,“限贷令”之后农行、建行、中行齐发 RMBS的春天到了？,经济观察网
2021-01-16,深圳首推商事登记移动认证服务 在手机可进行商事登记电子签名,深圳特区报
2021-01-16,股价迭创新高，招行市值赶超建行,Wind
2021-01-15,建行北京市分行：打响“城市更新行动”第一枪,北京商报
2021-01-15,广东中山：移动支付示范镇建设取得积极进展 重振中山经济显担当,中国金融新闻网
2021-01-15,建设银行忻州分行被罚50万：违规发放房地产贷款 金融监管处罚,新浪
2021-01-15,建设银行晋城分行被罚25万：员工行为及内控管理不到位 金融监管处罚,新浪
2021-01-15,全国首创! 深圳市市场监管局与建行深圳市分行联合推出“商事登记移动认证”服务,深圳新闻网
2021-01-15,房地产行业-基于124家样本银行数据的定量测算：房贷集中度新政对房企销售影响几何？,新浪
2021-01-15,A股午盘综述：上证指数跌0.53%，抱团股继续下挫、银行保险护盘未果,Wind
2021-01-15,【异动股】建设银行(00939-HK)涨3.13%,财华社
2021-01-15,数字人民币用户“争夺战”打响？深圳个人可申请开立个人钱包,中证网
2021-01-15,数字人民币试点新场景多点开花，多品种“硬件钱包”触达平常百姓家,Wind
2021-01-15,中国建设银行股份有限公司淮北市分行保管箱清退公告,经济日报
2021-01-14,福州租赁住房用地受捧 京沪应该学什么,经济观察网
2021-01-14,中行等9家银行顶风作案 因涉房贷违规被罚482万,新浪
2021-01-14,建行河北省分行：共克时艰抗疫情 金融服务不间断,中国金融新闻网
2021-01-14,“建行大学·金智惠民”微课堂 | “一看二听三摸四测”第五套人民币假币识别四部曲,上游新闻
2021-01-14,@所有持卡人这些账户将被清理速查,证券导报
2021-01-14,海南建行助力外贸企业扬帆起航,证券导报
2021-01-14,银行业理财产品周报：理财年末到期高峰已过,新浪
2021-01-14,首月信贷额度吃紧，涉房贷款大幅缩水,Wind
2021-01-13,英大证券四川一经纪人违法遭罚 用他人账户交易股票 金融监管处罚,中国经济网
2021-01-13,建行济南分行开展“寒冬送温暖”活动,中国网
2021-01-12,银行行业跟踪：新考核体系侧重质效结合 当前宏观环境趋于利好,新浪
2021-01-12,建设银行上海分行助推财富管理普惠化,上证报
2021-01-12,这类银行账户将被注销！看看你有没有,中投网
2021-01-12,佛山建行举行30周年暨新张庆典活动,搜狐
2021-01-12,建行等多家银行将对“睡眠账户”进行清理 防范电信诈骗风险,每日经济新闻
2021-01-12,WEMONEY研究室朝闻：银保监会批准单户对公不良贷款转让；学霸君CEO张凯磊呼吁企业接收20位处于孕产期员工,凤凰网
2021-01-12,多家银行出手清理“睡眠账户”，同一名下超量账户也将被注销,澎湃新闻
2021-01-12,多家银行出手清理“睡眠账户” 快去看看你的钱包,央视
2021-01-12,昨日诞生5只爆款基金，吸金超1100亿,Wind
2021-01-11,邵敏、刘芳正式就任建设银行非执行董事,中国经济网
2021-01-11,建信金科推进金融新基建 助力共建操作系统产业新生态,中国经济网
2021-01-11,云铝股份跌停 新华保险高毅资产等为前十大流通股东,中国经济网
2021-01-11,建设银行高管再生变动 信用卡累计发卡数增幅连续5年变缓 董监高成员变化,GPLP犀牛财经
2021-01-11,建设银行(00939)：邵敏担任非执行董事的任职资格获核准,智通财经
2021-01-11,逆周期投放力度加大 商业银行信贷“有保有压”,中投网
2021-01-11,建行等多家银行清理“睡眠账户” 这类卡将被注销,证券日报
2021-01-11,满足广大民众普惠金融服务需求 建设银行全国启动“兴建旺行”系列活动,中研网
2021-01-11,持卡人注意了！多家银行公告，这类账户将被注销，看看你有没有,每日经济新闻
2021-01-11,建设银行启动大型惠民活动,中证网
2021-01-11,建设银行湛江分行违法遭罚 客户信息安全管理不到位 金融监管处罚,中国经济网
2021-01-11,招商银行A股涨超3%刷新历史新高，建设银行A股涨超2%,Wind
2021-01-11,“金融+智慧政务” 龙江办理社保医保不求人,金融界
2021-01-11,河北新增82例本土新冠肺炎确诊病例，新增49例本土无症状感染者,Wind
2021-01-10,绿色金融助力乡村振兴又出新亮点,东方网
2021-01-09,银行行业2021年度策略：银行反转 哪些估值底部的复苏型个股值得重视？,新浪
2021-01-08,一部手机办事通上线两周年,云南经济日报
2021-01-08,建设银行非执行董事冯冰因工作变动辞职 董监高成员变化,中国经济网
2021-01-08,晚间重要公告2021年1月8日星期五,Wind
2021-01-08,湛江银保监局：对建设银行湛江市分行作出行政处罚，罚款20万元 金融监管处罚,Wind
2021-01-08,提升政务服务 建行湖南省分行在行动,中国金融新闻网
2021-01-08,建行新加坡分行特许全面银行牌照揭牌,中国金融新闻网
2021-01-08,建设银行(601939.SH)：非执行董事冯冰辞任 董监高成员变化,格隆汇
2021-01-08,建设银行: 因工作变动 冯冰女士已向本行董事会提出辞呈,新浪
2021-01-08,建设银行：冯冰非执行董事辞任 董监高成员变化,Wind
2021-01-08,建设银行(00939.HK)：因工作变动冯冰辞任非执行董事 董监高成员变化,格隆汇
2021-01-08,建设银行中欧基金强强联手 “双星迎牛”基金提前结募,中国基金报
2021-01-08,消费投资赏心悦目，乐享美好幸福生活,新浪
2021-01-07,房地产行业：全年销售表现靓丽 长效机制逐步成形12月行业动态报告,新浪
2021-01-07,如何看待北上资金流出与A股背离？,Wind
2021-01-07,建行陕西省分行：金融“组合拳”助力外贸企业复工复产,中国金融新闻网
2021-01-07,监管部门出手整治贷款资金被挪用 建行聊城3家支行严重违规,大众网
2021-01-07,2021刚开年两天之内已有两家国有大行“官宣”行长变动，目前国有六大行中，有三家银行行长职务正虚位以待。,北京商报网
2021-01-07,珠海建行家族信托创新式发展，破解财富传承难题,南都报
2021-01-06,国有大行高管变动频繁，六大行还缺多少行长？,第一财经
2021-01-06,阿克苏银保监局：对太平洋财险阿拉尔支公司作出行政处罚，罚款25万元 金融监管处罚,Wind
2021-01-06,【兴证金融 傅慧芳】银行理财产品周报（2020.12.28-2020.01.03）：理财预期收益率温和下行,兴证金融
2021-01-06,龙卡Kindle信用卡来了，四大权益在等你！,云南经济日报
2021-01-06,房地产贷款集中度政策剖析：提升商业银行转型动力,新浪
2021-01-06,建行济南分行特事特办 温情服务,中国网
2021-01-06,1月6日：监管5天4“点名” 难挡白酒狂欢 五粮液市值超建行 到底发生了什么？丨机警理财日报,21世纪经济报道
2021-01-06,工信部与建设银行签署中小企业金融服务战略合作协议,e公司
2021-01-06,注意！银行开始清理这些个人账户了,中财网
2021-01-06,每日理财观察：银保监会4条举措化解村镇银行风险,Wind
2021-01-06,看重高股息率，险资今年仍愿加仓银行股,Wind
2021-01-06,金融机构人事调整频繁郭新双赴任国寿集团 董监高成员变化,中证报
2021-01-06,中证报头版：成交续破万亿，春季行情分化特征凸显,Wind
2021-01-06,涨疯了！五粮液市值超建行,金融投资报
2021-01-06,六大国有行高管变阵 三家行长虚位以待,北京商报
2021-01-05,数字人民币在上海试点使用，三主线关注产业链投资机会丨牛熊眼,第一财经
2021-01-05,破解大城市住房难题 建行上海市分行用金融力量助力安居,中国金融新闻网
2021-01-05,银行机构微博影响力哪家强？建设银行下降3位,新浪
2021-01-05,工行官宣谷澍辞职，邮储、建行、工行行长空缺,21世纪经济报道
2021-01-05,银保监会推动村镇银行化解风险：支持增资、兼并重组、收购、关闭,21世纪经济报道
2021-01-05,银行房地产贷款占比考核冲击：7股跌超6%，零售转型逻辑生变？,Wind
2021-01-05,《关于建立银行业金融机构房地产贷款集中度管理制度的通知》点评：房地产信贷投放差异化监管 或冲击信贷增量和银行向零售转型逻辑,光大证券
2021-01-05,定了！“宇宙行”新行长是他,中证报
2021-01-05,金融街下午茶2021年1月5日星期二,Wind
2021-01-05,五粮液市值超建行晋级A股第四 券商直呼“抱紧白酒龙头”,金融投资报
2021-01-05,茅台站上2000元，巴菲特输给了中国首富！纽交所不摘牌，外交部回应,中国基金报
2021-01-05,美食赛道新年有哪些新机遇？中欧基金解码餐饮行业投资机会,新浪
2021-01-05,A股收盘综述：上证指数四连阳续创多年新高，五粮液市值跃居A股第四位,Wind
2021-01-05,茅台、五粮液创历史新高 未来高端白酒市场价格不断走高,券商中国
2021-01-05,建设银行河池分行2宗违规遭罚 流动资金贷款被挪用 金融监管处罚,中国经济网
2021-01-05,邮储银行原行长郭新双任中国人寿党委副书记、监事长,中国银行
2021-01-05,房贷新规下银行股大跌，调整资产结构迫在眉睫,Wind
2021-01-05,建行开启数字化托管新时代,金融时报
2021-01-05,恭喜万千储户！建行存款利率再次提高！10万存三年，利息竟这么高,腾讯网
2021-01-04,建设银行湖北6分支机构遭罚 违规向关系人发放贷款等 金融监管处罚,中国经济网
2021-01-04,华自科技(300490.SZ)：拟向银行申请授信额度,格隆汇
2021-01-04,“关银一KEY通”业务在广西成功落地,中国金融新闻网
2021-01-04,盘点：2020六大国有大行的领导班子都经历了哪些变化？,--
2021-01-04,建设银行宁波3宗违规收2罚单 贷款资金用途管控不严 金融监管处罚,中国经济网
2021-01-04,河池银保监局：对建设银行河池分行作出行政处罚，罚款20万元 金融监管处罚,Wind
2021-01-04,华西固收：79家银行房地产贷款集中度几何？,固收江坛
2021-01-04,如何把握2021年投资新机遇？中欧基金全面解析,新浪
2021-01-04,建设银行北京5宗违法遭罚没580万 交易监测机制不完善 金融监管处罚,中国经济网
2021-01-04,银行业-房贷集中度管理点评：行业有空间 个股差别大,新浪
2021-01-04,【银行*马祥云】详细测算：重磅房地产贷款新规，对招行等主要银行的影响,东吴研究所
2021-01-04,新规发威，元旦后银行房贷额度不松反紧,Wind
2021-01-04,中国建设银行股份有限公司 关于张敏副行长任职的公告,中证报
2021-01-03,防疫物资生产企业与期货市场“结缘”,期货日报
2021-01-03,银行业：预计信贷投放平稳过渡 银行转型的又一刺激因素《房地产贷款集中度管理制度》简评,新浪
2021-01-03,2021年房贷额度不比2020年宽松,券商中国
2021-01-01,2018至2020，三年内国有六大银行员工薪酬变化几何？,腾讯网
2021-01-01,延续火热趋势！2020年ABS承销排行榜揭晓,Wind
2020-12-31,“建行到家”让银行服务方便到家,云南经济日报
2020-12-31,宁波银保监局：对建设银行宁波市分行作出行政处罚，罚款85万元 金融监管处罚,Wind
2020-12-31,湖北银保监局：对建设银行湖北省分行作出行政处罚，罚没合计52万元 金融监管处罚,Wind
2020-12-31,湖北银保监局：对建设银行三峡分行作出行政处罚，罚款25万元 金融监管处罚,Wind
2020-12-31,湖北银保监局：对建设银行武汉硚口支行作出行政处罚，罚款50万元 金融监管处罚,Wind
2020-12-31,湖北银保监局：对建设银行荆州分行作出行政处罚，罚款30万元 金融监管处罚,Wind
2020-12-31,湖北银保监局：对建设银行武汉钢城支行作出行政处罚，罚款25万 金融监管处罚,Wind
2020-12-31,招商银行(600036)：零售标杆 强者恒强,西南证券
2020-12-31,建设银行(00939.HK)：张敏正式就任副行长,格隆汇
2020-12-31,建设银行(601939.SH)：张敏副行长任职资格已获核准 正式就任,格隆汇
2020-12-31,建行宁波市分行被罚85万：信用卡业务管理不到位 金融监管处罚,新浪
2020-12-31,【中信建投银行杨荣】房贷集中度管理点评：《行业有空间，个股差别大》,eResearch杨荣团队
2020-12-31,建信人寿入驻绿地外滩中心 外滩金融集聚带发展再提速,乐居财经
2020-12-31,绿地55.5亿元出售上海绿地外滩中心T4办公楼予建行旗下建信人寿 资产异常,乐居财经
2020-12-31,棱镜｜上广深多地银行收紧房贷，“假离婚”购房人担忧夜长梦多,腾讯网
2020-12-31,A股融资融券日报：两融余额增加73.97亿元（12月30日）,Wind
2020-12-31,中信建投地产银行团队解读房贷集中度管理制度,中信建投证券研究
2020-12-31,长信价值蓝筹年内业绩不佳仅赚5% 买招商银行没咋赚钱 盈利能力下降,中国经济网
2020-12-31,制造业靓丽“成绩单”背后的金融力量,金融时报
2020-12-30,2020中资银行国际化报告显示：中资银行国际化水平飞速提升,中国经济网
2020-12-30,这届银行人太难了！与“网红”抢流量，还要直播卖农货！,中新经纬
2020-12-30,建行大连市分行持续开展老年群体金融宣教工作,中国金融新闻网
2020-12-30,盘点来了，2020国有大行领导班子都有哪些变化？53岁的董事长、48岁的行长、43岁的副行长，后浪势不可挡,金融界
2020-12-30,明微电子(688699.SH)：山东贞明于建设银行开设募集资金专户,智通财经
2020-12-30,建行朔州分行开展存款保险标识启用工作,搜狐
2020-12-30,建行朔州分行“理财季”助力居民财富管理,搜狐
2020-12-30,“建行智托管”品牌成功发布，开启数字化托管新时代,凤凰网
2020-12-29,中金岭南(000060.SZ)拟为中金投发公司申请贷款提供担保 大额借贷担保,智通财经
2020-12-29,宜昌银保监局：对建设银行三峡分行作出行政处罚，罚款30万元 金融监管处罚,Wind
2020-12-29,增信贷款助普惠，建行担当解难题——厦门建行增信基金超十亿,搜狐
2020-12-29,转嫁经营成本，建行三峡分行被罚 金融监管处罚,中新经纬
2020-12-29,IPO上会前夕，万亿农商行突然撤回材料,券商中国
2020-12-29,建设银行福建某支行违规遭罚50万 客户信息管理不到位 金融监管处罚,中国经济网
2020-12-29,“魔幻”2020：美股四次熔断、历史罕见负油价,Wind
2020-12-29,建设银行三峡分行被罚30万：转嫁经营成本 金融监管处罚,新浪
2020-12-29,中国电子口岸数据中心北京分中心与建行北京市分行开展“关银一KEY通”项目全面合作,北京商报
2020-12-29,花呗借呗额度被砍了怎么看?年化14%贷款利率并不低大把银行消费贷便宜太多,财富动力网
2020-12-28,建行福建自贸区平潭片区分行被罚50万：客户信息管理不到位 金融监管处罚,新浪
2020-12-28,福建银保监局：对建设银行福建自贸试验区平潭片区分行作出行政处罚，罚款50万元 金融监管处罚,Wind
2020-12-28,2020中资银行国际化报告发布 大行继续领跑,中国金融新闻网
2020-12-28,中金维持建设银行(00939-HK)目标价10.17港元维持跑赢大市,财华社
2020-12-28,中金维持建设银行跑赢大市评级，目标价10.17港元,Wind
2020-12-28,港股盘前必读：上交所对特定类型公司股票纳入沪港通下港股通标的实施首次调整,Wind
2020-12-28,【银行*马祥云】禁止互联网销售，银行理财发展五大关注点,东吴研究所
2020-12-27,广西首家全国性商业银行科技支行揭牌,科技日报
2020-12-27,银行本周聚焦：银行理财子公司销售新规落地 第三方平台暂不得代销,新浪
2020-12-26,业绩平淡、经营保守 中国银行市值十年止步不前,红周刊
2020-12-26,openEuler Summit 2020成功召开，探索技术创新无限可能,砍柴网
2020-12-26,又一国有银行内部晋升董事长！,金融界
2020-12-26,酒店场景数据资产服务运营商“携旅Htrip”完成2500万美元A2轮融资,Wind
2020-12-26,建行合肥四里河路支行普惠金融贷款新增破亿元,搜狐
2020-12-26,四川首家“关银一Key通”代办点在建行开业,中国经济网
2020-12-26,A股绿色周报｜38家上市公司登环境风险榜 多伦科技子公司伪造汽车尾气检验结果 欺诈造假,每日经济新闻
2020-12-26,建行合肥庐阳支行成功举办“关注政策、守护财富”年终答谢活动,搜狐
2020-12-26,建信信托：一家银行系PE的崛起,猎云网
2020-12-26,五维度解析，2021年券商“金”股新特征,Wind
2020-12-26,青海盐湖工业股份有限公司 关于2021年度预计日常关联交易的 议案,证券时报
2020-12-25,央行及银保监会行政处罚汇总（12月21日-12月25日） 金融监管处罚,Wind
2020-12-25,深圳文交所2020深圳文化金融创新奖项目推介（二）,凤凰网
2020-12-25,2020年六大行高管变阵扫描：多家大行行长、副行长职位空缺,21世纪经济报道
2020-12-25,建行大学：不惧跨越山海之远，只为万家忧乐到心头,面包财经
2020-12-25,2020年六大行高管变阵扫描：谷澍拟调任农行党委书记 多家大行行长、副行长职位空缺,21世纪经济报道
2020-12-25,2020六大行人事风云,21世纪经济报道
2020-12-24,金融·人事丨工行谷澍接任农行党委书记，2020年六大行人事密集调整,21世纪经济报道
2020-12-24,陆港通每周复盘 | 北水净流入大幅增加！抛售腾讯、港交所,金融界
2020-12-24,云南首个“慈善云”平台上线运行,中国金融新闻网
2020-12-24,智慧能源（国核电力院）汇能院撮合3900万度电量交易,我的煤炭网
2020-12-24,建行深圳市分行多措并举助力合理消费发展,中国金融新闻网
2020-12-24,建行内蒙古区分行以金融之手推动奶业振兴,中国金融新闻网
2020-12-24,银保监会：核准钱文挥担任中国农业发展银行董事长,新浪
2020-12-24,众安保险完成全国首张数字人民币保单,Wind
2020-12-23,拼多多联合中国建行开设消费扶贫专馆,电商报
2020-12-23,中国建设银行联手拼多多开设消费扶贫专馆,TechWeb
2020-12-23,【兴证金融 傅慧芳】银行理财产品周报（2020.12.14-2020.12.20）：理财预期收益率温和上升,兴证金融
2020-12-23,建行昆明城北支行举办民法典专题讲座活动,云南经济日报
2020-12-23,建行玉溪市分行：为乡村振兴注入金融活水,中国金融新闻网
2020-12-23,邮储银行(601658)：拟全资设立直销银行 零售优势继续巩固 发展潜能进一步释放,广发证券
2020-12-23,建行重庆市分行与中国电子口岸重庆数据分中心签署“关银一KEY通”合作协议,上游新闻
2020-12-22,建行钦州分行：金融活水服务“六稳”“六保”,中新网
2020-12-22,建行广西区分行落实“百行进万企”精准帮扶“小微”,中新网
2020-12-22,建行“企业氧仓”已为6384户重庆小微企业办理贷款延期,重庆商报
2020-12-22,建设银行(00939)完成赎回240亿元二级资本债券,智通财经
2020-12-22,建设银行(601939.SH)完成赎回240亿元境内二级资本债券,格隆汇
2020-12-22,宋效军：全球系统重要性银行与国内系统重要性银行监管之异同,新浪
2020-12-22,建设银行党委传达学习中央经济工作会议精神,Wind
2020-12-22,【银行*马祥云】头部银行利好：互联网存款拉开监管序幕,东吴研究所
2020-12-22,全国企业年金基金规模突破2万亿元，前三季度收益率近7%,Wind
2020-12-21,建行深圳分行多措施发力慈善金融,中国金融新闻网
2020-12-21,深化政银合作 纾解融资难题 安徽省经信厅主动作为加强政银合作成效明显,云掌财经
2020-12-21,夫妻欠债近600万元 走上“个人破产”路 减资破产,羊城晚报
2020-12-21,银行业周报：1季度银行板块 主要的风险点,新浪
2020-12-21,中信建投：2021年1季度银行板块的机会和风险,中信建投证券研究
2020-12-20,2020年A股诞生多少十倍股？个股价格大排名来了,中证报
2020-12-19,金融反腐2020｜国有大行13人被查：农行5人，工行3人,澎湃新闻
2020-12-19,范一飞：构建金融标准化双循环发展新格局,Wind
2020-12-19,一次“兜底”引发的反思：场景金融到底缺了什么？,Wind
2020-12-18,中原信托有限公司与中国建设银行河南省分行签署战略合作协议,金融界
2020-12-18,央行哈尔滨中心支行：对建设银行哈尔滨凯利广场支行作出行政处罚，罚款82万元 金融监管处罚,Wind
2020-12-18,建设银行哈尔滨某支行遭罚82万 未按规定识别客户身份 金融监管处罚,中国经济网
2020-12-18,广东外贸企业新福利---“关银一KEY通”项目在广东落地,时代在线
2020-12-18,建设银行龙卡：联手bilibili，打造年轻人的“专属名片”,面包财经
2020-12-18,减税不减贷 建行“减税云贷”轻松融资不等待！,上游新闻
2020-12-18,麦格理大幅上调建设银行目标价，维持跑赢大市评级,Wind
2020-12-18,黑龙江省首创“农业大数据+金融”支农模式,中新网
2020-12-18,麦格理发布报告升建设银行(00939-HK)目标价至7.5港元维持跑赢大市,财华社
2020-12-18,A股融资融券日报：两融余额增加53.73亿元（12月17日）,Wind
2020-12-18,银行业月度报告（2020年11月）：存款增速回升，资金利率下行,财信证券研究
2020-12-18,银行网点变局：“关停潮”背后转型路在何方 经营问题,新浪
2020-12-18,2020年度责任金融机构实至名归,上游新闻
2020-12-17,银行零售盘点：建行利润超工行，招行、平安为股份行双杰,21世纪经济报道
2020-12-17,四大AMC成立20余年后，第五家AMC获准成立,21世纪经济报道
2020-12-17,建行信用卡携手亚马逊中国推出龙卡Kindle信用卡,中国金融新闻网
2020-12-17,溉水渠成千耦耕 “政会银企”四方联手助力“六稳”、“六保”,陆家嘴
2020-12-17,传统对公经营思路已过时 多家银行现在力推“数字金融”,21世纪经济报道
2020-12-17,“对公的思路和打法变了”：传统关系型打法已过时，现在力推“数字金融”,21世纪经济报道
2020-12-17,建设银行(00939)：每股优先股“建行优1”派发现金股息4.75元,智通财经
2020-12-17,建设银行(00939.HK)每股境内优先股拟派息4.75元(含税),格隆汇
2020-12-17,银行行业月度报告：存款增速回升，资金利率下行，维持“同步大市”评级,格隆汇
2020-12-17,金智惠民根植新时代大地 融智赋能砥砺新金融实践,新华网
2020-12-17,家族财富究竟如何传承？ 建行论坛给出答案,中国金融新闻网
2020-12-17,银行业-私行财富管理：百万亿元市场 看好头部银行快速提高市场份额,新浪
2020-12-17,建设银行：打造服务民企“八大平台”，落实 “政会银企”四方合作,面包财经
2020-12-17,建设银行发布“中证-建行资管高端制造指数”,中国金融新闻网
2020-12-17,港股公告精选：信义光能拟配售3亿股股份,Wind
2020-12-17,建设银行完成赎回境外优先股1.525亿股,新浪
2020-12-17,建设银行(00939.HK)12月16日完成赎回1.525亿股境外优先股,格隆汇
2020-12-17,筚路蓝缕三十载 银行业踏浪远航资本市场,上证报
2020-12-16,2021年银行业投资策略：与谁做时间的朋友？,新浪
2020-12-16,建行驻佛山市分行纪检组以十九届五中全会精神为引领做实政治监督,凤凰网
2020-12-16,中再资环(600217.SH)：拟向建设银行北京朝阳支行申请3亿元综合授信额度,格隆汇
2020-12-16,建行深圳市分行携手深圳海关推出“关银一KEY通” 助力外贸促稳提质,深圳新闻网
2020-12-16,六家银行叫停靠档计息 若提前支取大额存款利息损失或非常严重,每日经济新闻
2020-12-16,聚焦新格局、新趋势下财富管理的新时代 2020年中国建设银行家族财富论坛成功举办,金融界
2020-12-16,【兴证金融 傅慧芳】银行理财产品周报2020.12.07-2020.12.13,兴证金融
2020-12-16,建行、中行等多家银行三季度信用卡投诉量环比增逾100%,中国经济网
2020-12-16,A股融资融券日报：两融余额增加16.45亿元（12月15日）,Wind
2020-12-16,明年买什么？金牛基金大咖谢治宇：A股一直是结构性牛市，看好科技板块竞争力,中证报
2020-12-16,建行存款利率再次上调！10万元存三年，利息让人“眼红”！,腾讯网
2020-12-16,此中尽有源头水,第一财经
2020-12-16,这类存款产品规则“有变”，中小银行压力来了？,券商中国
2020-12-15,6家国有银行齐发公告！不注意这个改动，明年20万存两年或少1万利息,每日经济新闻
2020-12-15,建设银行：“20广投能源SCP001”持有人会议未生效,Wind
2020-12-15,三季度银行投诉环比增26% 信用卡成投诉重灾区,中国消费者报
2020-12-15,三季度银行投诉环比增26%招行居首,杭州网
2020-12-15,银行基金持仓系列1：3Q20仓位逐渐复苏 股份行／区域行受到关注,新浪
2020-12-15,港股盘前必读：蓝月亮全球发售所得款净额约95.8亿港元,Wind
2020-12-15,外汇局东莞市中心支局为“稳外贸”添动力,中国金融新闻网
2020-12-15,银行理财业要抢抓“十四五”红利,新浪
2020-12-15,资产证券化发行超2.5万亿 工行建行成信用卡ABS主力,时代在线
2020-12-14,"刚刚，农行遭银保监会""重罚""198万！ 金融监管处罚",中国基金报
2020-12-14,建设银行：自2021年1月1日起调整部分个人存款产品服务内容,Wind
2020-12-14,银行行业周报：11月信贷稳增社融现拐点 板块估值仍有修复空间,新浪
2020-12-14,建设银行：计划于12月21日赎回“15建设银行二级01”,Wind
2020-12-14,建设银行：构建普惠金融新局，服务实体经济,面包财经
2020-12-14,银行业周报238期：十四五期间 银行业面对的主要风险展望,新浪
2020-12-14,野村：上调建设银行(00939)目标价11%至7.64港元 重申“买入”评级,智通财经
2020-12-14,十四五期间，银行业面对的主要风险展望，维持“强于大市”评级,中信建投
2020-12-14,“在网点等客户上门已走不通” 多名银行人士谈如何建立生态“拥抱”客户,经济观察网
2020-12-14,金融监管罚单周报：工行、建行、交行、招商等因消费投诉多被点名通报 诉讼纠纷,搜狐
2020-12-14,"实探 | 数字人民币""降落""苏州，2万市民京东尝鲜！手机没网咋办？不耽误买单结账",券商中国
2020-12-14,数字人民币试点细节渐明：双离线首次曝光、子钱包接入场景,中国经营报
2020-12-14,坚守服务实体初心 建行构建普惠金融新局,国际金融报
2020-12-13,每周监管资讯 2020年第50期,银行家杂志
2020-12-13,苏州数字人民币红包体验：线上支付首推“子钱包”,中新经纬
2020-12-12,关于中国建设银行股份有限公司南宁教育路支行等网点终止营业的公告,搜狐
2020-12-12,年内ABS发行超2.5万亿元，同比增长21%,Wind
2020-12-12,把握“双循环”新格局 建行理财季助力实体经济转型,中国经营报
2020-12-11,本周央行及银保监会行政处罚汇总（12月7日-12月11日） 金融监管处罚,Wind
2020-12-11,央行重庆营业管理部：对建设银行重庆市分行作出行政处罚，罚款170万元 金融监管处罚,Wind
2020-12-11,建行：“理财季”带动效应明显 首次体验理财产品的人数超500万,上证报
2020-12-11,携手建设银行、西电集团，软通动力为企业金融数字化转型增速,新浪
2020-12-11,银行4.0时代 服务是底牌,时代周报
2020-12-11,邵阳首家“建行大学·裕农学堂”开课了,搜狐
2020-12-11,哪些银行总被投诉？三季度银行业“黑名单”出炉 诉讼纠纷,中投网
2020-12-11,中国银行业协会秘书长刘峰：深化银行业科技应用 持续推进转型升级新业态,Wind
2020-12-11,2020第三季度招商银行信用卡业务投诉量达5598件 居股份行首位,中国网
2020-12-11,桐城建行与妇联签订战略合作签约仪式并开展党建共建活动,搜狐
2020-12-11,2020第三季度银行业消费投诉环比增26.5% 招商银行投诉量居股份行首位,中国网
2020-12-11,每日理财观察：资管新规过渡期或再次延长,Wind
2020-12-11,张近东父子将苏宁全部股权质押给淘宝！什么情况？看公司最新回应,券商中国
2020-12-11,补充资本蓄力储能，AMC大手笔增资,Wind
2020-12-11,补充资本蓄力储能 AMC大手笔增资,中证报
2020-12-10,建设银行北京市分行金科部副总经理施闻捷：数字普惠金融模式 助力首都“稳企业、保就业”,北京商报
2020-12-10,三季度哪些银行“槽点”最多？建行投诉量环比暴增70.6%,新浪
2020-12-10,国有行3季度投诉量:建行环比增长最高达70.6%,中国经济网
2020-12-10,21金融研究丨全球经济紧缩下，大行海外业务还好吗?,21世纪经济报道
2020-12-10,第三季度银行业消费投诉逾8万件，信用卡投诉占比近六成,华夏时报
2020-12-10,【兴证金融 傅慧芳】银行理财产品周报2020.11.30-2020.12.06,兴证金融
2020-12-10,银保监会：银行业三季度消费投诉总量超8万件，涉信用卡业务投诉占比达57％,零壹财经
2020-12-10,这些银行被银保监会点名通报！ 其他违规处罚,金融时报
2020-12-10,银保监会：三季度国有大型银行信用卡业务投诉环比增长82% 诉讼纠纷,中投网
2020-12-10,建行三季度投诉量环比增长70.6% 国有行中增幅最多,新浪
2020-12-10,星展：重申建设银行(00939)“买入”评级 目标价下调3.8%至8.33港元 机构下调估值,智通财经
2020-12-10,三季度银行业消费投诉情况发布:工行、建行、交行位列国有行前三,中国银行
2020-12-10,吐槽“榜单”来了！银保监会最新通报，银行每天平均被消费者投诉900多件,中证报
2020-12-10,快看丨三季度银行消费投诉环比增长26.5%，信用卡业务占比最高,新浪
2020-12-10,三季度银行业消费投诉情况通报发布，“重灾区”竟是信用卡业务,第一财经
2020-12-10,银保监会：三季度工行、建行、交行投诉量居国有行前三,中新经纬
2020-12-10,银保监会：三季度银行业涉及信用卡业务投诉环比增43.5%,澎湃新闻
2020-12-10,关于2020年第三季度银行业消费投诉情况的通报,新浪
2020-12-10,银保监会：工行、建行、交行投诉量位列国有大型商业银行前三,新浪
2020-12-10,三季度银行业消费投诉：国有行、股份行、外资行，谁被吐槽最多？,21世纪经济报道
2020-12-10,建行执行董事、副行长章更生因年龄原因辞职 董监高成员变化,新浪
2020-12-10,银保监会：第三季度接收并转送银行业消费投诉85097件，环比增长26.5%,Wind
2020-12-10,【浙商||银行】11月社融：货币政策回归常态化,大话金融
2020-12-10,建设银行行长刘桂平辞任 已履新央行副行长 董监高成员变化,GPLP犀牛财经
2020-12-10,增加普惠型小微企业贷款 谁跑在前面？,21世纪经济报道
2020-12-10,建行未来5年提供1万亿元支持广东制造业发展,中国金融新闻网
2020-12-09,21金融研究丨增加普惠型小微企业贷款，谁暂时领先？,21世纪经济报道
2020-12-09,章更生辞任建行执行董事及副行长等职务 董监高成员变化,北京商报
2020-12-09,建行(00939-HK)副行长章更请辞 董监高成员变化,财华社
2020-12-09,建设银行：因年龄原因，章更生辞任副行长 董监高成员变化,搜狐
2020-12-09,建设银行：执行董事、副行长辞任 董监高成员变化,Wind
2020-12-09,建设银行(00939)：章更生辞任执行董事及副行长等职务 董监高成员变化,智通财经
2020-12-09,建设银行：执行董事、副行长章更生辞任 董监高成员变化,e公司
2020-12-09,建设银行(601939.SH)：章更生辞任执行董事、副行长等职 董监高成员变化,格隆汇
2020-12-09,建行开展私人银行理财观点线上分享活动,中国金融新闻网
2020-12-09,建行将提供10000亿元支持广东制造业发展,中国金融新闻网
2020-12-09,智慧金融┃建设银行河南省分行2020年同业客户交流会举办,三门峡日报
2020-12-09,建设银行(00939-HK)被星展下调目标价 机构下调估值,财华社
2020-12-09,榜样力量齐聚广州 共谋湾区科创新局,南方日报
2020-12-09,为来年谋篇布局，机构重新聚焦成长板块,Wind
2020-12-09,选读 | 建行金磐石：构建金融生态 探索数字化经营,银行家杂志
2020-12-08,泰达股份与建信投资、建行天津分行就市场化债转股达成合作意向,上证报
2020-12-08,建行重庆分行再遭罚单：多项违法行为罚款超170万 金融监管处罚,新浪
2020-12-08,高山企业(00616)斥2253.4万港元购入共380万股建设银行(00939)股份,智通财经
2020-12-08,高山企业(00616.HK)购入380万股建设银行股份,格隆汇
2020-12-08,建行发力科技金融业务抢先机 知识产权质押融资痛点待解,证券时报
2020-12-08,恒指收跌0.76%，京东健康上市首日大涨56%,Wind
2020-12-08,银行行业深度：数字人民币时代银行何去何从 维持“同步大市”评级,格隆汇
2020-12-08,未履行客户身份识别义务，建行、招行、国华人寿合计被罚近370万 金融监管处罚,搜狐
2020-12-08,新加坡金管局：授予建行特许全面银行牌照(QFB),新浪
2020-12-08,神州高铁：为三家子公司提供3.6亿元融资担保 大额借贷担保,Wind
2020-12-08,A股午盘综述：上证指数午盘跌0.25%，家用电器、金融板块走低,Wind
2020-12-08,青岛银行跌停，领跌银行板块,Wind
2020-12-08,【行情】银行板块走弱，青岛银行跌停，郑州银行、厦门银行、建设银行跌近3%,金十数据
2020-12-08,普惠服务暖意融，苏州建行在行动,凤凰网
2020-12-08,建设银行重庆3宗违规遭罚170万 未按规定识别客户身份 金融监管处罚,中国经济网
2020-12-08,河南，老人120万被银行工作人员挪用，还倒欠13万！银行回应 其他违规处罚,腾讯网
2020-12-08,港股主要内银股全线下跌,Wind
2020-12-08,优化金融服务助力乡村振兴,经济日报
2020-12-07,建设银行：吕家进获任执行董事,新浪
2020-12-07,建设银行(00939.HK)：吕家进正式就任执行董事,格隆汇
2020-12-07,建设银行(601939.SH)：吕家进正式就任执行董事,格隆汇
2020-12-07,建设银行携手华夏家博会扮靓你的美好新家,上游新闻
2020-12-07,A股收盘综述：上证指数跌0.81%，沃森生物跌停成交金额近百亿元,Wind
2020-12-07,【异动股】建设银行(00939-HK)跌3.12%,财华社
2020-12-07,恒生指数跌幅扩大至1%，大金融板块承压,Wind
2020-12-07,恒生指数盘初转跌，金融股跌幅居前,Wind
2020-12-07,恒指高开0.13%，中国生物制药涨2.8%,Wind
2020-12-07,A股融资融券日报：两融余额减少13.24亿元（12月4日）,Wind
2020-12-06,银行业周报：D-SIBS评估影响有限 料社融将延续积极增长,新浪
2020-12-05,建设银行区块链债券或寻求新的发展方向,区块链铅笔Blockchain
2020-12-05,【华西固收研究】利率债曲线陡峭化，中高评级产业债利差修复 ——债市周报20201205,固收江坛
2020-12-05,宁波老赖“借尸还魂”记,21世纪经济报道
2020-12-04,银保监会通报银行投诉情况,Bank资管
2020-12-04,银行业深度报告：探索合资成立 金融AIC的可行性,新浪
2020-12-04,建行云南省分行以新金融理念为指引打造全方位履行社会责任新品牌,云南经济日报
2020-12-04,花旗：料内银明年盈利转升 普遍升目标价 首选建行及邮储行,格隆汇
2020-12-04,建行广东省分行：投身“双创”服务 释放科技金融新动能,中国金融新闻网
2020-12-04,花旗：内银股Q4盈利有望实现显著同比增长 上调工行(01398)及建行(00939)目标价,智通财经
2020-12-04,长城基金携手建设银行探讨新经济下投资新“基”遇,新浪
2020-12-04,银行还有空间！花旗加入看多,Wind
2020-12-04,原油宝后银行暂停账户贵金属等产品新开户业务，各方影响几何？,Wind
2020-12-04,中国版系统重要性银行新规来了，如何改变行业生态,券商中国
2020-12-04,银保监会通报银行投诉情况,渤源资产
2020-12-03,建行内部提拔一位女性副行长：50岁天津市分行行长张敏履新,澎湃新闻
2020-12-03,建行昆明祥云支行成功拦截一起电信网络诈骗事件 欺诈造假,云南经济日报
2020-12-03,利扬芯片(688135.SH)于建设银行开设募集资金专户,智通财经
2020-12-03,新疆银保监局：对大地财险新疆分公司作出行政处罚，罚款80万元 金融监管处罚,Wind
2020-12-03,大行再迎女副行长,Bank资管
2020-12-03,银行增资AIC大幕拉开，建行300亿弹药先行,金十数据
2020-12-03,港股公告精选：中国恒大增持恒大汽车2542.7万股,Wind
2020-12-03,【策略*陈李】东吴证券月度策略及金股组合——通胀推动盈利上行,东吴研究所
2020-12-03,【东吴晨报1203】【策略】【固收】【行业】机械【个股】安琪酵母、国联股份,东吴研究所
2020-12-03,建行(00939-HK)向子公司建信金融增资300亿人民币,财华社
2020-12-03,上市公司正负面新闻2020年12月3日星期四,Wind
2020-12-03,银行增资AIC大幕拉开，建行300亿弹药先行，多家银行将跟进,Wind
2020-12-02,建设银行(601939.SH)拟向建信投资增资不超300亿元提升其抗风险能力,智通财经
2020-12-02,建行拟向建信投资增资不超过300亿元,北京商报
2020-12-02,建设银行：拟向建信投资增资不超300亿元 将有效提高其抗风险能力和经营稳健性,发布易
2020-12-02,建设银行：“18郫国投MTN001”等持有人会议均无效,Wind
2020-12-02,银行行业周报：银行理财产品周报,新浪
2020-12-02,晚间重要公告2020年12月2日星期三,Wind
2020-12-02,建行将向债转股子公司建信投资增资不超300亿，将分次进行,澎湃新闻
2020-12-02,建设银行：董事长田国立代为履行行长职责 聘任张敏为副行长,新浪
2020-12-02,接盘、并购，谁在收割长租公寓市场？,新浪
2020-12-02,建设银行(601939.SH)：由董事长田国立代为履行行长职责,格隆汇
2020-12-02,建设银行：向全资子公司建信投资增资不超过300亿元,Wind
2020-12-02,建设银行：“20沪纺织MTN001”持有人会议审议通过相关议案,Wind
2020-12-02,朗源股份(300175.SZ)拟向建行申请不超2.3亿元贷款,智通财经
2020-12-02,建设银行(00939.HK)：张敏正式就任副行长,格隆汇
2020-12-02,建设银行(601939.SH)：张敏副行长任职资格已获核准正式就任,格隆汇
2020-12-02,沪指突破3458高点么？跟我没关系啊：继续亏损！那就试试银行分红吧！,腾讯网
2020-12-02,重庆建成国内领先“5G+”智慧网点,Wind
2020-12-02,犀牛财经视频：受贿393万涉嫌严重职务违法 原建行高管王贵亚获刑6年 董监高成员异常事件,GPLP犀牛财经
2020-12-02,A股融资融券日报：两融余额增加72.93亿元（12月1日）,Wind
2020-12-02,建设银行(00939-HK)中期业绩表现稳定加强跨境金融服务创新,财华社
2020-12-02,港股盘前必读：未盈利生物科技公司或一个月后纳入互联互通标的,Wind
2020-12-01,银行机构微博影响力哪家强？交通银行下降4位,新浪
2020-12-01,银行行业月报：修复持续 星火燎原,新浪
2020-12-01,银行业2021年度投资策略：开启新征程,新浪
2020-12-01,建设银行出圈B站 能否吸引二次元用户？,经济观察网
2020-12-01,报告：中国财富管理行业资产管理规模超百万亿元，增速为全球之最,Wind
2020-12-01,A股收盘综述：金融板块火热，上证指数录升1.77%明日或突破年内高点,Wind
2020-12-01,建行东营分行被罚140万：为客户开立匿名账户、假名账户 金融监管处罚,新浪
2020-12-01,六大行又见人事变动！建行行长空缺，这几家还缺副行长 董监高成员变化,21世纪经济报道
2020-12-01,为什么3万亿也养不活长租公寓？,IT桔子
2020-12-01,A股午盘综述：上证综指半日涨1.31%，银行、保险股炒作卷土重来,Wind
2020-12-01,期市投资参考：11家银行暂停贵金属新开户申请，黄金期货连跌四个月,Wind
2020-12-01,港股盘前必读：美团第三季度净利润63.2亿元同比增374.1%,Wind
2020-12-01,为大湾区科创企业提供建行智慧,中国金融新闻网
2020-12-01,MLF惊喜点燃市场情绪，10年期国债期货创近四个月最大涨幅｜债市综述,Wind
2020-12-01,银行板块假摔还是真跌？,Wind
2020-12-01,银行板块假摔还是真跌,中证报
2020-12-01,把握开放新机遇 提升中国—东盟跨境金融创新与合作水平,新浪
2020-12-01,11月多家银行累计领罚逾两千万，房地产金融仍是监管重点,中证报
2020-12-01,规避价格波动风险10多家银行暂停贵金属交易开户,Wind
2020-11-30,维尔利(300190.SZ)及部分子公司拟向建设银行申请3.8亿元综合授信,格隆汇
2020-11-30,北水狂买银行股，加仓工行、建行、汇丰，美团遭抛售5亿；南水减持茅台 减持股份,富途证券
2020-11-30,资金复盘｜南下资金狂买价值股！加仓工银、建行、汇丰，抛售美团！,金融界
2020-11-30,建设银行佛山市分行联合佛山市禅城执法局上线全国首个智慧城管服务平台,凤凰网
2020-11-30,商业化可持续：数字小微金融如何破局？,零壹财经
2020-11-30,建设银行东营分行2宗违规遭罚140万 两名支行长遭罚 金融监管处罚,中国经济网
2020-11-30,银行行业：ROE底部 估值向上,新浪
2020-11-30,银行专题研究报告：大行上涨后买什么？,新浪
2020-11-30,捍卫首都的一片蓝天——建行北京市分行绿色金融发展全面提速,搜狐
2020-11-30,贵金属风控增强、分歧加大，探寻多元化机会,Wind
2020-11-30,冲高回落，创业板市场的机会来了吗？,搜狐
2020-11-30,建行云南省分行:取裕农普惠活水用心浇灌乡村医疗服务之花,新华网
2020-11-30,机构开始重仓持股！资金涌入两大领域……,上证报
2020-11-30,分散投资业绩可观 长城基金何以广新基即将发行,新浪
2020-11-30,A股收盘综述：上证指数冲高回落跌0.49%，当月仍录升超5%,Wind
2020-11-30,国内商品期市收盘多数飘红，基本金属全日强势，原油、黄金重挫,Wind
2020-11-30,银行股成“香饽饽”连续两日大涨中证银行指数创4个月新高,财华社
2020-11-30,银行打响资产质量保卫战 不良资产证券化产品规模创纪录,上证报
2020-11-30,建行重庆市分行“劳动者港湾”用心呵护城市守护者,凤凰网
2020-11-30,沪指有望挑战年内新高！灵魂拷问来了：你在默默数钱还是在悄悄抹泪？,上证报
2020-11-30,银行、保险均创历史新高，北上资金早盘80亿跑步进场,Wind
2020-11-30,"建行佛山容奇支行携手容桂工会举办""普惠服务 尽在智慧工会""工会会员卡线下推广活动",凤凰网
2020-11-30,建行马鞍山市分行成功办理全市首笔银行机构办事大厅存量房交易资金监管业务,搜狐
2020-11-30,建行邵阳市分行举行存款保险标识揭牌仪式,搜狐
2020-11-30,A股午盘综述：上证指数半日涨超1%，金融股推升大盘,Wind
2020-11-30,国内商品期货收盘多数飘红，基本金属全线反弹，贵金属下挫,Wind
2020-11-30,建行合肥庐阳支行营业部普惠金融贷款取得佳绩,搜狐
2020-11-30,建行合肥经开区支行扎根服务安徽自贸区企业,搜狐
2020-11-30,"建行佛山市分开展""凝聚建行之力，助力乡村振兴""党建实践活动",凤凰网
2020-11-30,继铂钯金后金银账户新开户也暂停,第一财经
2020-11-30,银行股成“香饽饽”，这次能扛起A股的大旗吗？,每日经济新闻
2020-11-30,上证指数涨超1%，建设银行涨超6%,Wind
2020-11-30,【异动股】建设银行(00939-HK)涨3.28%,财华社
2020-11-30,恒生指数转涨，内银股普涨,Wind
2020-11-30,【行情】港股内银股普涨，青岛银行涨近6%，工商银行涨超5%，建设银行、农业银行、招商银行涨超2%,金十数据
2020-11-30,银行板块再度崛起，厦门银行连续两日涨停、建行涨超4%,Wind
2020-11-30,每日理财观察：沪深港交易所就扩大沪深港通股票范围达成共识,Wind
2020-11-30,港股盘前必读：港交所就主板公司盈利规定进行咨询,Wind
2020-11-30,期市投资参考：五家银行暂停贵金属新账户开立，伦敦基本金属集体上涨,Wind
2020-11-30,以“信”换“贷”为企业纾困解难,云南日报
2020-11-30,本周股市三大猜想及应对策略,财富动力网
2020-11-29,银行股狂欢支撑上证50创12年新高，银行“投资日历”到来？,第一财经
2020-11-29,银行股“大象起舞”：外资、公募、卖方为何一致看好？,第一财经
2020-11-29,建行三水支行参加三水区白坭镇第三届中国农民丰收节暨建行消费扶贫签约仪式,凤凰网
2020-11-28,建行佛山市分行开展金秋迎新生活动,凤凰网
2020-11-28,"建行西樵支行开展""反假货币，人人有责""反假宣传月活动",凤凰网
2020-11-28,建行佛山市分行助力顺德大良“工会会员服务卡”顺利发行,凤凰网
2020-11-28,"建行佛山市分行成功举办""数字建行 广交全球—建设银行广交金融云服务""推介会",凤凰网
2020-11-28,重磅突发！工行、建行、中行、农行、招行、交行等八大行紧急公告：暂停这项交易新开户，什么信号？,21世纪经济报道
2020-11-27,晚间要闻2020年11月27日星期五,Wind
2020-11-27,建行：自11月30日起暂停办理个人上金所贵金属交易业务开户,北京商报
2020-11-27,【深度】智能鸿沟的背后,新浪
2020-11-27,央行两大信号彻底引爆，银行股市值暴增2000亿！8年前一幕再现，万亿工行狂飙6%，持续性如何？,证券时报
2020-11-27,突发！多家银行暂停个人账户贵金属新客户开户，究竟是何原因？,新浪
2020-11-27,8家银行暂停黄金、白银交易开户，金价下探1800美元创4个月新低,Wind
2020-11-27,罕见！五家大行齐发公告：暂停部分贵金属投资品新开户，发生了什么？,证券时报网
2020-11-27,刘桂平辞去建行行长等职务 出任央行副行长 董监高成员变化,中国银行
2020-11-27,银行贵金属账户产品收紧：继铂、钯金后，金银账户新开户也暂停,第一财经
2020-11-27,建设银行：副董事长刘桂平因工作调动辞职 董监高成员变化,北京商报
2020-11-27,什么情况？五大银行突然公告：暂停这类账户新开户！,每日经济新闻
2020-11-27,第17届中国—东盟博览会 新加坡投融资政策云上推介会成功举办,中国金融新闻网
2020-11-27,刘桂平因工作调动辞任建设银行行长等职务 董监高成员变化,新浪
2020-11-27,54岁刘桂平辞任建行行长，已履新央行副行长 董监高成员变化,澎湃新闻
2020-11-27,中国-越南机械建材行业云上对接会成功举办,中国金融新闻网
2020-11-27,工行、建行等六家银行暂停办理账户贵金属开户,新浪
2020-11-27,【公告抢先看】晚间重要公告：廖良茂被判无期徒刑 向康尼机电退还19.33亿元、刘桂平辞去建设银行行长等职务,金融界
2020-11-27,37只银行股周五全线飘红：工行大涨近6%！“发飙”逻辑是什么？,21世纪经济报道
2020-11-27,刘桂平辞任建设银行(00939)副董事长等职 董监高成员变化,智通财经
2020-11-27,建行天津两家支行被罚没306万：未对交易单证真实性进行合理审查 金融监管处罚,新浪
2020-11-27,建设银行：因工作调动 刘桂平辞去本行副董事长、执行董事等职务 董监高成员变化,金融界
2020-11-27,建设银行(601939.SH)：刘桂平辞任副董事长、执行董事及行长等职 董监高成员变化,格隆汇
2020-11-27,重磅！6家银行暂停黄金、白银交易开户 金价下探1800美元创4个月新低,21世纪经济报道
2020-11-27,建设银行(00939.HK)：刘桂平因工作调动辞任副董事长等职务 董监高成员变化,格隆汇
2020-11-27,建设银行：副董事长、执行董事及行长刘桂平辞任 董监高成员变化,Wind
2020-11-27,"建设银行：因工作调动，刘桂平先生已向本行董事会提出辞呈，辞去本行副董事长、执行董事、行长以及董事会战略发展委员会委员、风险管理委员会委员的职务
董监高成员变化",金十数据
2020-11-27,疯了：两大信号彻底引爆 银行股市值暴增2000亿,券商中国
2020-11-27,建行佛山市分行召开警示教育专题会议暨清廉文化故事会,凤凰网
2020-11-27,建行佛山市分行应邀参加三水区《对话民生》电台直播上线活动,凤凰网
2020-11-27,北水动向(11.27)|北水净流入53.1亿 内资抢筹内银股 工行(01398)、建行(00939)均获约9亿加仓,智通财经
2020-11-27,建设银行天津两家支行齐违规 合计遭罚没306万元 金融监管处罚,中国经济网
2020-11-27,农行等6家银行暂停账户贵金属业务新开户，中行调整交易时间,澎湃新闻
2020-11-27,工农建交招等多家银行：贵金属等相关交易业务暂停开户,21世纪经济报道
2020-11-27,注意：多家银行紧急暂停贵金属新开户,Wind
2020-11-27,21深度丨37只银行股周五全线飘红：工行大涨近6% 贷款利率拐点还是估值修复？,21世纪经济报道
2020-11-27,最新消息！工商银行、建设银行、交通银行重要公告：个人账户贵金属交易业务暂停开户,FX168
2020-11-27,工行建行交行招行暂停个人账户贵金属业务新客户开户,第一财经
2020-11-27,贵金属价格波动加剧，工建交三行暂停部分业务 经营问题,中新经纬
2020-11-27,建设银行：贵金属（含双向交易）及代理个人上金所贵金属交易业务暂停办理签约开户,格隆汇
2020-11-27,金融与地产领涨港股，交行、工行涨逾4%,Wind
2020-11-27,因价格波动剧烈，工行建行暂停个人账户贵金属业务新客户开户,澎湃新闻
2020-11-27,建设银行：11月30日起，贵金属交易业务暂停办理签约开户,澎湃新闻
2020-11-27,中国建行：暂停账户贵金属及代理个人上金所贵金属交易业务 业务变化,新浪
2020-11-27,贵金属价格波动加剧，建行工行提示风险,Wind
2020-11-27,"中国建行：为有效保护投资者权益，自11月30日起，我行账户贵金属（含双向交易）及代理个人上金所贵金属交易业务暂停办理签约开户
业务变化",金十数据
2020-11-27,恒指涨幅持续扩大，重回27000点关口,Wind
2020-11-27,A股收盘综述：上证指数涨逾1%，上证50创2008年3月以来新高,Wind
2020-11-27,工商银行放量涨超4%，主力净流入5.3亿元,Wind
2020-11-27,银行股集体上涨 工商银行及建设银行涨超3%,新浪
2020-11-27,黎明前的建行值得拥有吗？,搜狐
2020-11-27,银行股涨幅扩大，成都银行涨超5%,Wind
2020-11-27,建行广西分行：跨境金融服务升级助推面向东盟金融开放门户建设,中国金融新闻网
2020-11-27,勇挑大行担当建行天津市分行绘就精准扶贫壮阔画卷,中国经济时报
2020-11-26,"建行30亿美元数字债发行计划""凉凉"" 专家:相关制度尚不明确",新浪
2020-11-26,建行30亿美元数字债发行计划“凉凉” 背后原因竟是,新浪
2020-11-26,建行黑龙江省分行实现全流程绿色信贷管,新华网
2020-11-26,恒指涨幅小幅扩大，中国石油化工股份涨逾4%,Wind
2020-11-26,逾2000个网点年内关停 银行网点出现关停升级潮 经营问题,中国消费网
2020-11-26,海南建行智慧金融为生活“加速”,证券导报
2020-11-25,中国武夷(000797.SZ)为子公司向银行的10亿融资额按持股比例提供7亿元担保 大额借贷担保,智通财经
2020-11-25,21金融研究丨疫情影响下银行对公业务规模为何逆势增长？,21世纪经济报道
2020-11-25,瑞联新材(688550.SH)于建设银行开立理财产品专用结算账户,智通财经
2020-11-25,通化东宝(600867.SH)：控股股东解押及再质押3600万股,格隆汇
2020-11-25,金融街(000402.SZ)为参股公司北京武夷的银行债务提供3亿元担保 大额借贷担保,智通财经
2020-11-25,建行30亿美元数字债发行计划撤回 金融创新需厘清风险防范边界,新浪
2020-11-25,金融街为参股30%公司提供3亿元融资担保 大额借贷担保,观点地产网
2020-11-25,金融街：为北京武夷房地产提供3亿元担保 大额借贷担保,乐居财经
2020-11-25,建行纳闽分行撤回发行30亿美元区块链债券，开始归还投资者资金 债权融资异常,AI财经社
2020-11-25,建行区块链债券发行取消 数字金融创新风险仍需警惕,新浪
2020-11-25,银行行业年度策略：向上逻辑强化 修复由点到面,新浪
2020-11-25,【中原晨会1125】市场分析、银行行业年度策略、基础化工行业年度策略、食品饮料行业2021年年度策略,中原证券研究所
2020-11-25,上海推出“影院信用贷”，票房成重要参考标准,Wind
2020-11-25,上海推出“影院信用贷” 票房成重要参考标准,证券时报
2020-11-24,海外信用评级汇总2020年11月24日星期二,Wind
2020-11-24,穆迪：确认建设银行“A1”长期银行存款评级，展望稳定,Wind
2020-11-24,中外行长们汇聚山城，聊了什么？,重庆发布
2020-11-24,【东吴晨报1124】【金工】【行业】银行【个股】宁水集团、国电南瑞,东吴研究所
2020-11-23,开放 合作 共享，建设银行助力 中新金融战略性互联互通再上新台阶,上游新闻
2020-11-23,"金融一线|建行机器客服遭网友吐槽 进入人工服务前需过层层""关卡""",新浪
2020-11-23,伪造银行印章制作假流水！建行员工违规办理信用卡获利343万丨金融法眼 金融监管处罚,新浪
2020-11-23,建行纳闽分行撤回发行数字债券 债权融资异常,21世纪经济报道
2020-11-23,机械设备行业：下游技改、扩产爆发 重视光伏设备投资机会,新浪
2020-11-23,建行纳闽分行撤回数字债券发行，交易所已开始归还投资者资金 债权融资异常,Wind
2020-11-23,收取343万好处费！建设银行员工违规办理信用卡被判六年 金融监管处罚,新浪
2020-11-23,建设银行宜宾分行违规遭罚 违反外汇账户管理规定 金融监管处罚,中国经济网
2020-11-23,建行聊城分行践行金融科技战略赋能三农发展,新华网
2020-11-23,来看建行实验室有哪些“黑科技”,中国金融新闻网
2020-11-23,建行举办“理财季” 买好基享优惠,上证报
2020-11-23,获25亿元金融支持：中航锂电20GWh项目首期即将投产,集邦新能源网
2020-11-23,银行行业点评：监管重申降低融资成本 对银行股行情有影响吗？,新浪
2020-11-22,打造“产教融合”闭环 建行广东省分行擦亮教育金融“金”字招牌,中国金融新闻网
2020-11-21,“一庭”换新颜 建行黄山分行创新普惠产品助金融活水入民宿,中国金融新闻网
2020-11-21,“建行杯”中国国际“互联网＋”大学生创新创业大赛总决赛落幕,中国金融新闻网
2020-11-21,除了买买买，第三届长三角文博会还有这些新“花样”,新民晚报
2020-11-21,什么情况！南下资金竟一直远超北上资金，港股要变天？,Wind
2020-11-21,被房东清走，我打了90个维权电话，还要继续交蛋壳那边的租金贷,腾讯网
2020-11-21,长三角文博会｜上海推出多项创新金融产品，助力影院纾困复工,澎湃新闻
2020-11-20,债务违约连环炸！豫能化2000亿债务压顶，下一步破产重整？ 违约失信,腾讯网
2020-11-20,建设银行：十二星座借记卡上市，推动财商启蒙,面包财经
2020-11-20,厦门翔业集团：取消发行“20厦翔业SCP020”,Wind
2020-11-20,银行“花式”出清不良资产：打包折价转让、发行ABS、定增“搭售”不良,21世纪经济报道
2020-11-20,建行重庆市分行“劳动者港湾”用心呵护 城市守护者,上游新闻
2020-11-20,谭木匠(00837-HK)附属斥资人民币5000万认购建行理财产品,财华社
2020-11-20,惠誉：授予建元2020年第十二期个人住房抵押贷款资产支持证券“AAA(EXP)sf”的评级，展望稳定,Wind
2020-11-20,1年100.3万元！建行云南省分行用实际行动助力落雁村如期脱贫,云南经济日报
2020-11-19,建设银行福建省分行遭外汇局处罚 未按规定进行签注 金融监管处罚,中国经济网
2020-11-19,健康金融迎来新机遇 微医与建行上海市分行达成战略合作,凤凰网
2020-11-19,建设银行“理财季”持续推进，提升用户财商理念,时代在线
2020-11-19,缔盟云零信任安全产品中标中国建设银行，助力金融数字化转型,凤凰网
2020-11-19,银行业行业：理财业务稳步转型 关注产品能力、投研能力建设,新浪
2020-11-19,【异动股】建设银行(00939-HK)7手大额成交股价现跌逾1%,财华社
2020-11-19,美股尾盘500点大跳水！浑水疯狂做空：中概股大跌26%,中国基金报
2020-11-19,银行行业月报：宏观持续修复 政策利率稳定,新浪
2020-11-19,万国数据第三季收入高出预期,财富动力网
2020-11-18,蛋壳公寓涨幅缩窄至60%，分析称我爱我家未必接盘,Wind
2020-11-18,银行股逆势上涨有玄机！年底信托资金回流,中投网
2020-11-18,王者之争！2020“银华基金杯”新浪银行理财师大赛总决赛成功举办,新浪
2020-11-18,珠海建行成功发放全省首笔“建信通”融资业务,腾讯网
2020-11-18,建行“全球撮合家四川专区”亮相“2020中外知名企业四川行”活动,中国经济网
2020-11-18,紫光集团13亿私募债违约背后：存续债券规模近177亿，已资不抵债 未按时兑付本息,21世纪经济报道
2020-11-18,防止“长租公寓”跑路！深圳、西安同日下发通知,21世纪经济报道
2020-11-18,招商银行A股涨超2%，总市值升至两市第五位,Wind
2020-11-18,数字经济时代，金融机遇何在？资深从业者论道金融机构数字化转型,21世纪经济报道
2020-11-18,建行济南分行积极开展“百行进万企”活动,大众日报
2020-11-18,普惠金融与金融扶贫有机结合 建行陕西安康市产业扶贫小记,中国金融新闻网
2020-11-18,“银税互动”激活小微企业复工活力,云南日报
2020-11-17,银行机构微博影响力哪家强？民生信用卡下降4位,新浪
2020-11-17,21金融研究丨无接触服务需求强烈，银行如何发力金融科技？,21世纪经济报道
2020-11-17,建行昆明正义路支行组织开展金融网络安全宣传活动,云南经济日报
2020-11-17,建行重庆市分行：“全球撮合家”服务国际抗疫合作,凤凰网
2020-11-17,国有行上半年信用卡不良率全线上扬 透支贷款占比收缩丨银行业全样本报告,新浪
2020-11-17,最高打5.4折！建行、农行线下网点“流拍”“打折”背后：年内已经有2938家网点关闭 经营问题,21世纪经济报道
2020-11-17,国有行上半年信用卡不良率全线上扬 透支贷款占比收缩,投资时报
2020-11-17,京东数科，金蝉脱壳,36氪
2020-11-17,【读财报】上市银行三季报：资产质量保持稳定 资本充足率普遍下降,新华网
2020-11-17,消费理财两不误 建行“龙钱宝”支持多场景应用,中国经济网
2020-11-17,住房金融发展渐行渐稳,中国金融新闻网
2020-11-16,信用研究 | 永煤违约后需关注的信用风险角度补充 违约失信,齐晟太子看债
2020-11-16,年内被罚超7200万！建行一支行领下首张防疫专项贷款相关罚单 金融监管处罚,新浪
2020-11-16,建设银行“惠懂你”APP2.0在蓉发布,腾讯网
2020-11-16,由扶桑证券交易所发行的以太坊数字债券产品将延期，发行时间未知,链闻
2020-11-16,降息周期 银行息差收窄寻破局,时代在线
2020-11-16,银行网点是否还有未来,金融投资网
2020-11-16,宁波公积金可自动按月提取还商贷,Wind
2020-11-16,信用债上周集体暴雷 券商称利好股市,第一财经
2020-11-16,港股盘前必读：RCEP正式签署，美国三大股指均收涨逾1%,Wind
2020-11-15,【兴证金融 傅慧芳】银行理财产品周报2020.11.09-2020.11.15,兴证金融
2020-11-15,银行线上贷款防风险 专家：加强金融基础设施建设,经济日报
2020-11-15,固定收益简评：包商二级资本债减记的来龙去脉与影响,新浪
2020-11-14,建行将发行区块链债券，有什么值得期待？,零壹财经
2020-11-14,信用卡不良飙升，何时到头？,中新经纬
2020-11-14,信用卡不良飙升，不良ABS迅速“补血”，何时到头？,腾讯网
2020-11-14,建行“吃螃蟹”！试水1400万美元数字债券 接受比特币支付？真相如何？,券商中国
2020-11-14,建行纳闽分行回应：不接受比特币在内的加密货币银行交易,Wind
2020-11-13,建行广东省分行：以住房租赁业务疏通市场梗阻,中国金融新闻网
2020-11-13,建行构建进博会跨境对接新生态,中国金融新闻网
2020-11-13,建行拟内部提拔70后女副行长 女性出任银行高管或为趋势,新浪
2020-11-13,建行数字债券允许比特币交易？业内人士：交易架构的创新值得赞赏,e公司
2020-11-13,本周央行及银保监会行政处罚汇总：千万级罚单再现，交通银行温州分行被罚2820万元 金融监管处罚,Wind
2020-11-13,建行牵头的以太坊链上代币今日售卖 比特币持有者会购买吗？,华夏时报
2020-11-13,火币观察： 建行发行离岸数字债券是区块链赋能传统金融的一次新尝试,中国贸易新闻网
2020-11-13,21金融研究丨 信用卡不良飙升，何时到头？,21世纪经济报道
2020-11-13,建行纳闽分行声明：并非区块链债券发行人，不接受比特币交易,AI财经社
2020-11-13,建行纳闽分行回应发行数字债券：非债券发行人，是牵头安排人,Wind
2020-11-12,重大突破！建行数字债券可用比特币购买 称涉及海外行暂无回应,第一财经
2020-11-12,建设银行(00939.HK)：选举吕家进担任执行董事,格隆汇
2020-11-12,吕家进将获任建设银行(00939)执行董事,智通财经
2020-11-12,突破！建行海外分行试水发行30亿美元数字债券，接受比特币支付！网友沸腾：国家队进入币圈？已挖矿，等风来！,21世纪经济报道
2020-11-12,建设银行祁东支行违法遭罚 防疫专项贷款被挪用 金融监管处罚,中国经济网
2020-11-12,建设银行(00939.HK)委任刘芳为非执行董事,格隆汇
2020-11-12,2020第十五届21世纪亚洲金融年会在京成功举办 21世纪亚洲金融竞争力评选揭晓,21世纪经济报道
2020-11-12,年末十家手机银行数字化升级大盘点：谁家开发更全面？,中投网
2020-11-12,18家全国性银行喜与忧：归母净利润悉数增长 三家不良率上升,投资时报
2020-11-12,衡阳银保监局：对建设银行祁东支行作出行政处罚，罚款40万元 金融监管处罚,Wind
2020-11-12,建行祁东支行被罚40万：未严格执行受托支付相关规定 金融监管处罚,新浪
2020-11-12,普惠金融与金融扶贫有机结合 建行陕西安康市产业扶贫小记,中国金融新闻网
2020-11-12,建行“善融”助力贫困县扶贫产品“走出去”,新华网
2020-11-12,建行祁东支行被罚40万：违规致防疫专项贷款被挪用 金融监管处罚,中新经纬
2020-11-12,商业银行行业-10月金融数据点评：长期融资需求支撑社融略超预期,新浪
2020-11-12,佛山建行吹响金融扶贫最强音,凤凰网
2020-11-12,A股融资融券日报：两融余额减少30.05亿元（11月11日）,Wind
2020-11-12,每日理财观察：《智能网联汽车技术路线图 2.0》发布,Wind
2020-11-12,建行将在纳闽牵头发行区块链数字债券 可以美元和比特币交易,21世纪经济报道
2020-11-12,资金面未见缓和，金融数据稍有提振，期现货窄幅波动｜债市综述,Wind
2020-11-12,时代点金（1112）：尾款人为天猫双十一贡献4982亿,时代在线
2020-11-12,试点扩围，证券公司发力公募基金运营外包业务,Wind
2020-11-11,以金融初心裕农惠民——建行楚雄州分行“裕农通”发展侧记,云南经济日报
2020-11-11,小切口大情怀 政银携手破解“三农”融资痛点,云南经济日报
2020-11-11,建行一家海外分行拟发行30亿美元数字债券，可用比特币购买,澎湃新闻
2020-11-11,建行行长刘桂平出任央行副行长,证券时报
2020-11-11,央行龙岩市中心支行：对建设银行漳平支行作出行政处罚，罚款5万元 金融监管处罚,Wind
2020-11-11,建设银行漳平支行遭罚 时任行长与客户经理各罚万元 金融监管处罚,中国经济网
2020-11-11,银行Ⅱ行业：延期还本付息影响几何？,新浪
2020-11-11,建设银行纳闽分行拟基于以太坊区块链在扶桑证券交易所发售数字债券，将以美元和比特币报价和交易,链闻
2020-11-11,建行原董事会秘书陈彩虹：金融科技不可能完全承担金融价值流转移,新浪
2020-11-11,证金汇金同时连续21季重仓股揭秘,证券时报网
2020-11-11,A股融资融券日报：两融余额增加29.94亿元（11月10日）,Wind
2020-11-10,玉树银保监局：对建设银行玉树支行作出行政处罚，罚款25万元 金融监管处罚,Wind
2020-11-10,银行“双11”9折甩卖自家网点背后：每年3000家网点终止营业,第一财经
2020-11-10,北京银保监局：核准林朝晖担任建行北京市分行行长,新浪
2020-11-10,线上贷款风控流于形式 建设银行玉树支行被罚25万元 金融监管处罚,中华网
2020-11-10,货基收益回暖 借助建行“龙钱宝”为钱包增值,中国经济网
2020-11-10,金融赋能国际贸易“单一窗口” “稳外贸”增添新动力,中国金融新闻网
2020-11-10,中金：从十四五规划看未来十五年科技行业投资的三大主线,中金点睛
2020-11-10,锐意创新勇攀高峰 建行消保宣教别具特色,深圳新闻网
2020-11-10,银行业2021年策略：报告拐点已至 静待十年价值重估,新浪
2020-11-10,建行惠州市分行着力打造数字化“智慧工会”,中国金融新闻网
2020-11-10,建行“创业者港湾”品牌发布会在京举行,中国金融新闻网
2020-11-09,交行又“空降”一位副行长，国开行吉林省分行郝成即将赴任,Wind
2020-11-09,建行昭通分行以裕农通为抓手助力脱贫攻坚,云南经济日报
2020-11-09,后疫情时代六大国有银行可安好？,中投网
2020-11-09,建行在安康市提前完成今年定点扶贫责任书所确定的各项任务,中国金融新闻网
2020-11-09,中国建设银行陕西省分行领导到东岭考察交流,经济网
2020-11-07,四川银行正式开业 董事长称5年内资产规模破5000亿,21世纪经济报道
2020-11-06,本周央行及银保监会行政处罚汇总：多个国有大行吃到罚单，环迅支付被罚518万元 金融监管处罚,Wind
2020-11-06,亳州银保监局：对建设银行亳州市分行作出行政处罚，罚款25万元 金融监管处罚,Wind
2020-11-06,【西南海外】建行重庆熙街支行哔哩哔哩主题金融小站10月28日开站啦！,西南海外编年史
2020-11-06,建设银行发布“创业者港湾”品牌 为创业创新企业打造“金融＋”综合服务,证券时报网
2020-11-06,普洱市金融机构利用大数据助力解决小微企业融资痛点,中国金融新闻网
2020-11-06,建设银行“创业者港湾”品牌发布会在京举行,中国网
2020-11-06,南北互联互通月报：北上余额先升后降 南下持续买入,新浪
2020-11-06,建行启动住房租赁战略，建信住房实现从“忧居”到“优居”,面包财经
2020-11-06,透视上市银行三季度报：营收净利双负增长惟独上海银行，民生银行交通银行净利降幅大 盈利能力下降,云掌财经
2020-11-05,银行Ⅱ：从严监管 行业重整,新浪
2020-11-05,福建这些银行被罚！涉及建设银行、厦门国际银行、恒丰银行！ 金融监管处罚,东南快报
2020-11-05,建设银行两分支机构因个贷业务违规合计被罚款130万 金融监管处罚,中华网
2020-11-05,中航证券营业部老总炒股 配偶账户成交5.8亿亏损72万 投资失误,中国经济网
2020-11-05,建行红河州分行：政银携手破解“三农”融资难题,中国金融新闻网
2020-11-05,建行福建省分行被罚100万：未按工程进度放贷等 金融监管处罚,中新经纬
2020-11-05,福建银保监局：对建设银行福建省分行作出行政处罚，罚款100万元 金融监管处罚,Wind
2020-11-05,福建银保监局：对建设银行长乐支行作出行政处罚，罚款30万元 金融监管处罚,Wind
2020-11-05,建设银行福建分行遭罚100万元 未按工程进度发放贷款 金融监管处罚,中国经济网
2020-11-05,建设银行长乐支行遭罚 个人按揭贷款贷前调查不尽职 金融监管处罚,中国经济网
2020-11-05,建行托管服务协助合格境外投资者完成首批转融通交易,中国金融新闻网
2020-11-05,建行宁波市分行与宁波市工商业联合会深化战略合作,中国金融新闻网
2020-11-05,服务进博会 建行准备好了,中国金融新闻网
2020-11-05,银行：银行资产管理与托管板块市值被低估 从第三方财富管理机构谈起,新浪
2020-11-05,建行“云工作室”金融服务平台升级,证券导报
2020-11-05,湖南推进农村支付服务供给侧结构性改革纪实,中国金融新闻网
2020-11-05,21金融研究：解码银行金控版图,21世纪经济报道
2020-11-04,银行行业深度报告：息差企稳回升 零售边际改善,新浪
2020-11-04,建设银行马鞍山分行违法发放贷款 原客户经理遭禁业5年 金融监管处罚,中国经济网
2020-11-04,赛为智能(300044.SZ)：申请银行综合授信额度拟增加房产抵押担保,格隆汇
2020-11-04,上金所公布黄金拆借品种参与机构名单,Wind
2020-11-04,多家银行通过跨境人民币贸易融资转让服务平台成功落地跨境交易,新民晚报
2020-11-04,山东建行启动第四届全省家装节,大众日报
2020-11-04,建设银行(601939)：支持实体凸显大行担当 增提拨备加速风险出清,广发证券
2020-11-04,推出扶贫专项理财产品,云南日报
2020-11-04,建行服务进博会：集团优势凸显 金融科技赋能,上观
2020-11-04,六大行前三季度归母净利润8511亿 交通银行不良率最高,中国经济网
2020-11-04,退市制度多次被重磅会议点题，年内已有29家公司退市 退市,Wind
2020-11-03,投资者教育成银行理财规模显著增长新引擎,时代在线
2020-11-03,突破投资理财发展瓶颈 金融科技成银行业破局关键牌,时代在线
2020-11-03,偶数科技完成B轮融资，金山云投资,投资界
2020-11-03,大悦城为固安拾光锦云项目开发提供3.92亿元担保 大额借贷担保,乐居财经
2020-11-03,上海市金融科技创新监管试点首批8个创新应用已完成登记，将向用户正式提供服务,Wind
2020-11-03,恒指收涨1.96%，电子半导体、保险、汽车、黄金板块涨幅居前,Wind
2020-11-03,外汇交易中心公布银行间外汇市场交易确认业务参与机构名单,Wind
2020-11-03,车位贷款是什么？2020车位贷款行业发展现状及投资前景分析,中研网
2020-11-03,拐点到来？三季度 银行表现怎么样？,新浪
2020-11-03,派思股份控股股东股权结构变更 建行旗下建信投资入局 控制人变化,e公司
2020-11-03,【异动股】建设银行(00939-HK)涨3.07%,财华社
2020-11-03,上周重点监测房企共拿地67宗 总出让金约647.04亿元,中指院
2020-11-03,蚂蚁市值碾压中国所有银行 营收只有中国平安的1/8,网易
2020-11-03,黎伟成：建设银行三季度业务业绩皆改善,新浪
2020-11-03,建行(00939-HK)三季度业务业绩皆改善,财华社
2020-11-03,港股盘前必读：34只科创板股票有望进入富时罗素相关指数,Wind
2020-11-03,银行三季度业绩表现企稳向好，服务实体经济力度加大,Wind
2020-11-03,银行前三季度业绩分化，宁波净利润增速最快，民生下滑最重！ 盈利能力下降,奥一网
2020-11-03,解码六大行三季报 交行利润降速最快 盈利能力下降,时代在线
2020-11-02,2020年Q3手机银行数字竞争力排行榜TOP100（第二期）,零壹财经
2020-11-02,应势而进 纾困解难——建行深圳市分行参展2020深圳国际金博会,中国金融新闻网
2020-11-02,中国外汇交易中心银企外汇交易服务平台顺利上线，服务实体经济,Wind
2020-11-02,前三季度A股上市银行同比少挣1073亿：交行垫底大行 民生净利跳水 盈利能力下降,新浪
2020-11-02,打造专属方案联动全球，建行服务进博再升级,第一财经
2020-11-02,11月2日快报：港股银行股普涨，内地银行走势强劲,21世纪经济报道
2020-11-02,“建行理财季之建行·中证报金牛基金巡讲”11月3日（周二）晚7点，与您相约,Wind
2020-11-02,北水动向(11.2)|北水净流入70.35亿 内资抢筹吉利汽车(00175)超15亿港元,智通财经
2020-11-02,“金融消保法”正式实施：对科技、支付公司有哪些影响？,21世纪经济报道
2020-11-02,六大行前三季少赚806亿元 银行人士称已开展多轮专项压力测试 盈利能力下降,第一财经
2020-11-02,银行行业周报：三季报数据向好 展望四季度修复,华福证券有限责任公司
2020-11-02,【行情】港股银行股午后持续走高，邮储银行大涨9%，光大银行、中信银行、招商银行涨超5%，工商银行、建设银行、交通银行涨超4%,金十数据
2020-11-02,银行股午后爆发：邮储银行涨近9% 招行涨超5%建行涨近5%,新浪
2020-11-02,大和：下调建行(0939.HK)目标价至7.4港元 评级买入 机构下调估值,格隆汇
2020-11-02,银行行业周报：银行三季报验证基本面拐点 基金3Q小幅加仓银行,新浪
2020-11-02,港股银行股普涨 农行、建行等涨超4%,新浪
2020-11-02,【银行】建设银行：拨备计提拖累利润负增，不良率环比上行 盈利能力下降,中银证券研究
2020-11-02,2020年Q3手机银行数字竞争力排行榜TOP 100,零壹财经
2020-11-02,银行业三季报收官，六大国行净利润均下滑 盈利能力下降,资本邦
2020-11-02,【异动股】建设银行(00939-HK)涨3.18%,财华社
2020-11-02,融资首发 | 资本押注云原生数据库，偶数完成B轮融资,36氪
2020-11-02,“建行杯”中国国际“互联网+”大学生创新创业大赛总决赛落幕,中新网
2020-11-02,专注提升全球综合金融服务能级 建行多项服务助力进博会,中新网
2020-11-01,赚得多罚的也多？今年银行罚单已超1900多张，其中这两家银行超亿元！ 金融监管处罚,腾讯网
2020-11-01,【兴证金融】基金3季度银行重仓持股分析：小幅加仓银行，宁波、招行、平安增持居前,兴证金融
2020-11-01,六大行前三季少赚806亿元，净息差再收窄 盈利能力下降,第一财经
2020-11-01,三季报密集发布，哪些公司有机可挖？大咖为你揭秘！还有这三大投资方向可重点关注,中证报
2020-11-01,37家上市银行三季报透视：业绩“天地”分化，差距就是那么大！,Wind
2020-10-31,37家A股银行三季报收官：哪些银行最赚钱？,21世纪经济报道
2020-10-31,六大行三季度业绩环比改善 风险抵补能力保持充足,上证报
2020-10-30,拆解六大行三季报：归母净利润总额8511亿元、不良率上升趋势仍需关注,北京商报
2020-10-30,建设银行今日大宗交易成交82.30万股，成交价6.09元折价3.18%,Wind
2020-10-30,建设银行现1笔大宗交易 共成交501.21万元,新浪
2020-10-30,建设银行三季报披露多家子公司完成增资 综合化经营优势进一步增强,经济观察网
2020-10-30,中国建设银行私募股权投资项目云路演首期成功举办！,凤凰网
2020-10-30,【机构持仓】Q3持仓回升，估值修复概率高,志明看金融
2020-10-30,建行江苏省分行携手江苏移动成功揭牌5G数字金融联合创新实验室,和讯
2020-10-30,花旗：建行(00939)最糟糕时刻已经结束,智通财经
2020-10-30,建设银行2020年三季报公布，净利润同比下降8.70% 盈利能力下降,资本邦
2020-10-30,建设银行三季报：实现净利润2076.09亿元 不良率1.53％,金融界
2020-10-30,【券商聚焦】建行怎么样？花旗：业绩增长稳定料最糟时刻已过 维持买入评级,凤凰网
2020-10-30,建设银行：绿色金融助力长三角生态一体化,面包财经
2020-10-30,建行提交三季度业绩“答卷” 实现净利润2076.09亿元,中国网
2020-10-30,港股盘前必读：中金公司将于11月2日在上交所上市共发行4.59亿股,Wind
2020-10-30,加大服务实体经济力度 建行前三季度保持稳健发展,中国金融新闻网
2020-10-30,建设银行20年3季报详细解读：增速平稳向上，各项指标均衡发展【中泰银行·戴志锋/邓美君/贾靖】,传统借贷vs新型金融
2020-10-30,银行股基金持仓3季度分析：剔除邮储解禁影响后持仓上行0.55%至2.23%，增配核心资产【中泰银行·戴志锋/邓美君/贾靖】,传统借贷vs新型金融
2020-10-30,10只港股获南向资金连续净买入 建设银行连续10天获净买入,证券时报网
2020-10-30,建设银行(00939-HK)获中银保监对赎回境外优先股无异议,财华社
2020-10-30,建行(00939-HK)上季赚682亿跌4.1%不良贷“双升”,财华社
2020-10-29,建行、邮储揭开国有行三季报大戏 净利降幅收窄,北京商报
2020-10-29,国有行三季报亮相 建行归母净利润2058.32亿元,北京商报
2020-10-29,建设银行前三季度不良贷款较上年末增超20%，减值损失同比增500亿致净利降8.7% 盈利能力下降,搜狐
2020-10-29,姚记科技(002605.SZ)为万盛达向建行申请6000万元综合授信额度提供担保 大额借贷担保,智通财经
2020-10-29,建行前三季度净利2058亿降8.66%，不良率1.53% 盈利能力下降,澎湃新闻
2020-10-29,建设银行(601939.SH)：前三季净利同比降8.66%至2058.32亿元 盈利能力下降,格隆汇
2020-10-29,【银华基金】交易日报 2020-10-29,新浪
2020-10-29,银行股进入估值有望修复通道？这些个股值得关注,第一财经
2020-10-29,建设银行(00939)拟全部赎回30.5亿美元境外优先股,智通财经
2020-10-29,建行：前三季度净利润为2058.32亿元 同比下降8.66% 盈利能力下降,新浪
2020-10-29,建设银行：第三季度净利682.06亿元同比下降4.14% 盈利能力下降,格隆汇
2020-10-29,建设银行(00939.HK)前三季度净利润下降8.66%至2058.32亿元 盈利能力下降,格隆汇
2020-10-29,建设银行：前三季净利同比下降8.66% 盈利能力下降,e公司
2020-10-29,建设银行：前三季度净利润2058.32亿元，同比下降8.66% 盈利能力下降,Wind
2020-10-29,建设银行(00939.HK)提名吕家进担任董事会相关专门委员会委员,格隆汇
2020-10-29,【万联银行 | 投资策略】预期修复下的估值再分化,万联证券研究所
2020-10-29,深圳的数字货币“红包”试验，谁最受益？,21世纪经济报道
2020-10-29,建行海南省分行纪委深化调研做实派驻监督,证券导报
2020-10-29,蚂蚁估值超90倍，10倍的大零售银行能否获得溢价？,第一财经
2020-10-29,港股投资日历：建设银行、比亚迪股份、万科企业等披露财报,Wind
2020-10-29,港股盘前必读：新东方宣布将在港交所上市新发行851万股普通股新股,Wind
2020-10-29,网贷天眼早报：新希望加速清理P2P业务理财净值化转型浪潮来袭,和讯
2020-10-29,5只港股获南向资金连续净买入 建设银行连续9天获净买入,证券时报网
2020-10-28,建行启动全国首家“时尚产业特色银行” 开启“时尚+金融”发展新模式,深圳新闻网
2020-10-28,汇丰回套平安偏软 留意汇丰购19823、平安购28220,新浪
2020-10-28,银行柜台买理财 居然被客户经理拿去买彩票了,中投网
2020-10-28,邓声兴：市场焦点中资金融股第三季表现 建行、邮储行及农行将公布季绩,凤凰网
2020-10-28,涉千万级大案！客户柜台买理财 被某银行田湖支行客户经理拿去买彩票,中国基金报
2020-10-28,港股盘前必读：汇丰控股第三季度经调整除税前利润43亿美元,Wind
2020-10-28,建行再升级服务进博会方案,中国金融新闻网
2020-10-28,银行理财向子公司“迁移”调查：存量处置有难度,Wind
2020-10-28,绿色金融日报 10.27,中央财经大学绿色金融国际研究院
2020-10-27,金融活水直达　广东银行业极速助力企业融资,奥一网
2020-10-27,全国十佳银行理财团队诞生 2020银华基金杯新浪银行理财师大赛,新浪
2020-10-27,龚成：如何看待建行的增长力？,凤凰网
2020-10-27,建行重庆市分行“加减乘除法”助力打造火锅产业链,新华网
2020-10-27,【异动股】建设银行(00939-HK)跌3.1%,财华社
2020-10-27,刚带火了海康威视，冯柳又现新动作：大幅减持顺丰,e公司
2020-10-27,数字人民币究竟啥样？,中新网
2020-10-27,港股盘前必读：蚂蚁集团H股发行价为80港元/股发售时间为10月27日至30日,Wind
2020-10-27,杀跌蔓延至“牛市旗手”，白马股已调整到位？今晚7点，带福利来直播间等你！还有JBL音响可以抢！,中证报
2020-10-27,创鑫激光撤回科创板IPO注册申请，多家知名机构“踩雷” 投资失误,Wind
2020-10-26,建行“理财季”一折费率买好基 建信基金多只优质产品“安排上”,股市动态分析
2020-10-26,建设银行滨州分行违法遭央行处罚 异议处理超期 金融监管处罚,中国经济网
2020-10-26,股票仓位为95.25% 重仓腾讯控股、建设银行等,中投网
2020-10-26,*ST中天：法院裁决终结股权转让纠纷一案执行程序 资产异常,Wind
2020-10-26,建行“理财季”火热进行中 定投建信基金绩优指基享1折费率优惠,中国经济网
2020-10-26,衡水人行多措并举推广手机银行、网上银行,中国金融新闻网
2020-10-26,建行发布第三届进博会专属服务方案,中国金融新闻网
2020-10-25,建行发布金融支持长三角一体化行动方案,新华网
2020-10-25,建行辽宁省分行以金融之水浇灌美丽乡村,中国金融新闻网
2020-10-25,银行行业报告合辑,国信研究
2020-10-24,银行业“银行金融科技”系列深度之六：网商银行如何成为小微之王,新浪
2020-10-24,“结构牛”要结束了？市场调整该不该上车？,中证报
2020-10-24,央行对侵害消费者个人信息开罚单 建行被罚2453万 金融监管处罚,中国经济周刊
2020-10-24,为什么银行股能逆势上行?,财富动力网
2020-10-23,陆港通每周复盘 | 南下资金抄底价值股！北上资金蜂拥出逃,金融界
2020-10-23,农行、中行、建行因侵害消费者金融信息安全被重罚！消费者应如何保护金融信息？ 其他违规处罚,新浪
2020-10-23,4只股获南向资金连续净买入,证券时报网
2020-10-23,建设银行枣庄分行违法遭罚 未按规定统计申报国际收支 金融监管处罚,中国经济网
2020-10-23,建行监事长王永庆谈数字化转型机遇与挑战,新华网
2020-10-23,论坛 | 建行刘桂平：数字化经营对银行而言是必答题,上证报
2020-10-23,数字化转型：机遇与挑战——王永庆在2020金融街论坛年会上的主题演讲,和讯
2020-10-23,侵害消费者金融信息安全6家银行分支行被罚 金融监管处罚,广州日报
2020-10-23,8只港股获南向资金连续净买入 建设银行连续6天获净买入,证券时报网
2020-10-22,金融机构消费者信息保护屡出问题，银行、消金接连遭监管点名通报 金融监管处罚,第一财经
2020-10-22,WEMONEY研究室日报：银保监会通报招联消金四大违规问题；农行中行建行分支行被罚超4000万 金融监管处罚,凤凰网
2020-10-22,资金复盘｜南下资金流入港股近30亿！青睐建行、工行、腾讯,金融界
2020-10-22,北水狂买建行超5亿、工行超4亿，减持长城汽车；南水加仓中国太保近7亿 减持股份,富途证券
2020-10-22,今日港股通数据一览：建设银行净买入额居首（2020/10/22）,--
2020-10-22,发生了什么？“央妈”痛下“杀手”！几家大行遭重罚合计4000多万 其他违规处罚,中证报
2020-10-22,漳州石油：携手建行开启跨界金融服务,凤凰网
2020-10-22,建设银行王永庆：中台建设是商业银行数字化经营转型的关键环节,北京商报
2020-10-22,央行重罚！建行、农行、中行收到大额罚单 金融监管处罚,基金观察网
2020-10-22,央行开出罕见巨额罚单，农行、中行、建行被罚4000多万！ 金融监管处罚,搜狐
2020-10-22,三张超500万罚单！建行娄底市分行等多家机构被央行重罚 金融监管处罚,中国经济周刊
2020-10-22,罕见！央行：对农行、建行、中行合计开出4000多万大罚单! 金融监管处罚,资本邦
2020-10-22,银行股午后发力恒指翻红涨0.08% 工行、建行涨3%,新浪
2020-10-22,【行情】港股内银股走强，邮储银行涨4.75%，建设银行涨2.8%，工商银行涨2.4%，招商银行与中国银行涨近2%,金十数据
2020-10-22,罕见大罚单！央行放大招，建行、农行、中行被重罚4000多万,中国基金报
2020-10-22,建行德阳分行被罚1406万:侵害消费者个人信息依法得到保护的权利 金融监管处罚,新浪
2020-10-22,建设银行娄底违法遭罚533万元 侵害消费者个人信息权利 金融监管处罚,中国经济网
2020-10-22,建行娄底分行被罚533万：侵害消费者个人信息依法得到保护的权利 金融监管处罚,新浪
2020-10-22,“创业贷”助企解困惠及贫困户,海口网
2020-10-22,建行助力安康建设不停歇,中国金融新闻网
2020-10-22,【财经早汇】前三季度京沪人均可支配收入超5万,中新经纬
2020-10-22,央行查处侵害消费者金融信息安全权行为 6家金融机构被处罚,证券日报
2020-10-21,央行查处侵害消费者金融信息安全权行为 6家金融机构被处罚,新华网
2020-10-21,侵害消费者个人信息被保护权，建行收三张大罚单共计2453万元,中国经济网
2020-10-21,【兴证金融 傅慧芳】银行理财产品周报2020.10.12-2020.10.18,兴证金融
2020-10-21,建行欧洲举办主题线上论坛,中国金融新闻网
2020-10-21,玩转“理财季” 建行福建分行聚焦大众财富管理,中国金融新闻网
2020-10-21,建设银行东营违法遭罚514万元 侵害消费者个人信息权利 金融监管处罚,中国经济网
2020-10-21,中兴智能汽车获广东省首笔“建信通”融资服务,凤凰网
2020-10-21,【行情】港股内银股发力，招商银行涨3.23%，民生银行涨2.38%，邮储银行涨1.62%，工商银行与建设银行涨超1.3%,金十数据
2020-10-21,银行业深度：银行并购新浪潮,新浪
2020-10-21,3只港股获南向资金连续净买入 建设银行连续4天获净买入,证券时报网
2020-10-21,机构认为银行股性价比逐步提升,中证报
2020-10-21,银行布局区块链最“走心”，多家链上交易额超千亿元,Wind
2020-10-20,【中信建投银行杨荣】银行业深度：《全面解析预期信用损失模型》,eResearch杨荣团队
2020-10-20,拐点？房贷利率终结9连降！上海最低、成都最高,21世纪经济报道
2020-10-20,今日港股通数据一览：建设银行净买入额居首（2020/10/20）,--
2020-10-20,21深度丨拐点？房贷利率终结九连降 上海最低、成都最高,21世纪经济报道
2020-10-20,10项违法违规 建设银行深圳市分行被罚没852.7万 金融监管处罚,新浪
2020-10-20,北水动向(10.20)|北水净流入25.96亿 再度增持建行(00939)超6亿,智通财经
2020-10-20,北水连续4日加仓建行，减持美团、小米；南水10亿加仓东方财富近 减持股份,富途证券
2020-10-20,建行“理财季”一折费率买好基 建信基金多只优质产品“上架”,中证网
2020-10-20,险企违规驻点销售问题严重 建行呼市两支行已收四张罚单 金融监管处罚,新浪
2020-10-20,从银行半年报看理财变化,Bank资管
2020-10-20,建行山东省分行建成“1+4”智慧展示平台,新华网
2020-10-20,安庆石油：狠抓POS机刷卡手续费增效益,石化新闻网
2020-10-20,银行股普遍回软：邮储、光大跌超2% 建行、工行跌超1%,新浪
2020-10-20,北向资金连续4日净流出，买入银行保险减持白酒（附名单） 减持股份,21世纪经济报道
2020-10-20,建设银行一天之内被罚767万元，5张罚单3张涉及房地产 金融监管处罚,搜狐
2020-10-20,建行陕西省分行推动小微企业成长提速,中国金融新闻网
2020-10-20,工农建三大行迎来新任副行长,中证报
2020-10-19,北上资金活跃股名单(10月19日),证券时报网
2020-10-19,贷款行内被挪用等10宗违法！建行深圳分行法遭罚没853万！ 资金问题,和讯
2020-10-19,建行呼市两家支行违法允许驻点卖保险 责任人遭警告 金融监管处罚,中国经济网
2020-10-19,被重罚852万后 建设银行又收两张罚单 金融监管处罚,新浪
2020-10-19,今日港股通数据一览：建设银行净买入额居首（2020/10/9）,--
2020-10-19,北水动向(10.19)|北水净流入25.96亿 内资继续增持内银内险 建行(00939)再获逾6亿加仓,智通财经
2020-10-19,建设银行深圳分行10宗违法遭罚没853万 贷款行内被挪用 金融监管处罚,中国经济网
2020-10-19,未亲自开户名下有建行卡一张 异地人脸识别竟可盗办,中国经济网
2020-10-19,3家大行副行长补位,Bank资管
2020-10-19,建设银行(00939)升逾2.5% 大摩料其股价近期大概率上涨,凤凰网
2020-10-19,大摩料建设银行(00939)未来60天内股价上涨,凤凰网
2020-10-19,建行启动“理财季”：加大减费让利力度 降低居民资产配置成本,上证报
2020-10-19,【异动股】建设银行(00939-HK)涨3.24%,财华社
2020-10-19,恒生指数高开0.73%报24565点 银行股走强建设银行(00939)高开2.5%,凤凰网
2020-10-19,恒指高开0.73%报24565.43点建设银行领涨蓝筹,中新经纬
2020-10-19,建设银行(00939-HK)被大摩下调目标价 机构下调估值,财华社
2020-10-19,建行启动“理财季”多举措助力居民财富管理,证券时报
2020-10-18,建行深圳分行收大额罚单 金融监管处罚,Bank资管
2020-10-18,“贷”领老乡奔小康——建行湖南省分行推动金融扶贫可持续发展侧记,中国金融新闻网
2020-10-17,云南泸水“银税互动” 激活小微企业复工活力,云南网
2020-10-17,涉十项违法违规 建设银行深圳分行被银保监局出具731余万元罚单 金融监管处罚,中证网
2020-10-17,涉及10大违规，深圳建行被银保监局开出巨额罚单 金融监管处罚,南都报
2020-10-17,建行广交会期间推出全球一体化服务平台定制化服务,奥一网
2020-10-17,金融产业扶贫关键： 外部资源涌进来，乡村产业走出去,21世纪经济报道
2020-10-16,建设银行启动“理财季” 多举措助力居民财富管理,中证网
2020-10-16,王浩正式就任建设银行副行长,中国经济网
2020-10-16,罕见银行大额罚单！建行深圳分行涉十项违规被罚没852万元 金融监管处罚,和讯
2020-10-16,建设银行深圳分行存十大违规行为 被罚没852万元 金融监管处罚,中华网
2020-10-16,罕见大罚单！刚刚，建行深圳分行被重罚852万，10大违规“触目惊心”！ 金融监管处罚,中国基金报
2020-10-16,沪港通十大成交活跃股排名（10月16日）,Wind
2020-10-16,智通港股通活跃成交|10月16日,智通财经
2020-10-16,连续三天！三家国有大行依次迎来新任副行长！,新浪
2020-10-16,北水动向(10.16)|北水净流入43.56亿 内资抢筹大金融 增持建行(00939)逾7亿,智通财经
2020-10-16,今日港股通数据一览：建设银行净买入额居首（2020/10/16）,--
2020-10-16,郑州张先生、滨州安先生……你们向国务院这个平台反映的问题，有回复,中国政府网
2020-10-16,建行笔试系统崩溃后无补救？网友：你我心知肚明,新浪
2020-10-16,建设银行(00939.HK)：王浩正式就任副行长,格隆汇
2020-10-16,涉10项违规！建设银行深圳分行共被罚767万 金融监管处罚,中新经纬
2020-10-16,建设银行(00939.HK)将于10月29日举行董事会会议以审批前三季度业绩,格隆汇
2020-10-16,港股收评：恒指收涨0.94%，大金融股持续走强，白云山领涨抗疫概念,格隆汇
2020-10-16,建行：王浩正式就任本行副行长,新浪
2020-10-16,恒生指数收涨0.94%报24386点 银行保险股获追捧建设银行(00939)涨5.7%,凤凰网
2020-10-16,农银国际：对内银股予增持评级首选建行(0939.HK)及农行(1288.HK),格隆汇
2020-10-16,建设银行：10月17日凌晨4:30至5:30 我行借记卡消费业务暂停服务 经营问题,新浪
2020-10-16,内银股飙升：建行、工行涨5%招行涨近6% 发生了什么,新浪
2020-10-16,【行情】港股内银股尾盘持续拉升，光大银行涨6.62%，招商银行、邮储银行涨5.7%，建设银行涨5.5%，工商银行涨4.72%，农业银行、交通银行、中国银行均涨超3%,金十数据
2020-10-16,建设银行A股涨超2%获主力净流入超6亿元，为近年来罕见,Wind
2020-10-16,建行笔试因系统崩溃再上热搜！网友表示有失公平何时重考？,新浪
2020-10-16,恒生指数午盘收涨0.78%报24347点 银行股走强建设银行(00939)涨近4%,凤凰网
2020-10-16,恒指半日涨0.78%中医药板块领涨,中新经纬
2020-10-16,【异动股】建设银行(00939-HK)涨3.04%,财华社
2020-10-16,中信建投：中长期看好银行板块估值修复行情,证券时报网
2020-10-16,用轻型化思路破解资本金困境,经济日报
2020-10-16,提前“设防”极端行情 银行开启理财产品风险等级大调整,新浪
2020-10-15,手机App月活稳增 银行加码营销活动揽客,北京商报
2020-10-15,银行业：银行理财产品周报,新浪
2020-10-15,中国建设银行行长刘桂平:扎实推进普惠金融事业高质量发展,凤凰网
2020-10-15,建行吕家进：发挥金融科技优势,新浪
2020-10-15,招银国际降建设银行(00939-HK)目标价至7.6港元维持买入 机构下调估值,财华社
2020-10-15,红包来了！数字人民币比微信支付宝好用吗？,中新网
2020-10-15,信用卡不良ABS年发行量料创新高,中证报
2020-10-15,恒指收涨0.94% 中医药板块领涨,中新经纬
2020-10-15,收益率不够费率来凑？银行打造“理财季”推1折优惠费率,第一财经
2020-10-14,【兴证金融 傅慧芳】银行理财产品周报2020.10.05-2020.10.11,兴证金融
2020-10-14,从0到38万亿：信用卡行业激荡35年,腾讯网
2020-10-14,TMT行业周报2020年第32期(总第116期)：央行数字货币进入新阶段,新浪
2020-10-14,建行浙江省分行：构建绿色金融体系助力绿色发展,中国金融新闻网
2020-10-14,“建融智合”金融扶贫专区新亮相,中国金融新闻网
2020-10-14,半年之内房贷按揭逆转，这中间发生了什么？,第一财经
2020-10-14,瑞信维持建设银行(00939-HK)目标价6.9港元维持跑赢大市,财华社
2020-10-14,公募基金费率战正酣 东证资管罕见打出1折费率,上证报
2020-10-14,21金融研究： 商业银行资本消耗加剧，如何拓宽资本补充路径？,21世纪经济报道
2020-10-14,21金融研究：商业银行资本消耗加剧，如何拓宽资本补充路径？,21世纪经济报道
2020-10-13,中国农业发展银行：钱文挥接替解学智担任农发行董事长,资本邦
2020-10-13,架起脱贫“鹊桥” 建行云南曲靖市分行带货直播活动取得明显成效,中国金融新闻网
2020-10-13,违规允许保险公司人员驻点销售 建设银行一支行被罚 金融监管处罚,中华网
2020-10-13,银行竞相开展理财节促销基金 倡导权益基金长期定投,证券时报
2020-10-13,2020年前三季度物联网专利申请排行榜TOP50,零壹财经
2020-10-13,数据中的区域金融版图,21世纪经济报道
2020-10-13,四大行缩减“房贷”：楼市再次迎来“寒冬”,搜狐
2020-10-13,银行业持续发力新零售 竞争白热化下如何突围,新浪
2020-10-13,银行竞相开展理财节 基金申购费大力度优惠,证券时报
2020-10-13,建行出手了！理财季申购费1折，更多银行在路上,中国基金报
2020-10-12,建行广西分行：打通金融宣教“最后一公里”,中国金融新闻网
2020-10-12,2020年前三季度彭博中国债券承销和银团贷款排行榜,新浪
2020-10-12,建设银行“理财季” 四大类产品定投费率1折买,证券时报
2020-10-12,恒指高开高走收涨2.2%，小米大涨逾8%,Wind
2020-10-12,银行板块放量启动 工商银行和建设银行均涨超6%,新浪
2020-10-12,建设银行呼市某支行违法遭罚 允许保险人员驻点销售 金融监管处罚,中国经济网
2020-10-12,内银股集体爆发 工商银行及建设银行大涨超6%,新浪
2020-10-12,为民理财、助民生财：建设银行启动“理财季”基金让利优惠活动,面包财经
2020-10-12,借力金融科技创新扶贫模式 建行打造国有大行金融扶贫样本,中国网
2020-10-12,恒指临近午盘拉升近500点 建设银行(00939)贡献指数超百点,智通财经
2020-10-12,内银股持续攀升 工商银行、建设银行涨超5%,新浪
2020-10-12,上投摩根旗下部分基金 参加建设银行基金申购费率优惠活动的公告,证券时报
2020-10-12,【异动股】建设银行(00939-HK)涨3.19%,财华社
2020-10-12,距离达标缺口超3万亿元：银行业资本补充须未雨绸缪,金融时报
2020-10-12,银行业合理让利实体经济,中国金融新闻网
2020-10-11,建设银行福建省分行新金融服务“数字福建”,新浪
2020-10-11,四大国有银行，为何农业银行离职率最高，年龄结构最大,红周刊
2020-10-10,违规允许保险公司驻点卖保险 工行和建行分别被处罚 金融监管处罚,新浪
2020-10-10,保持减负纾困政策力度和可持续性 向市场主体让利1.5万亿元已完成过半,经济日报
2020-10-10,违规允许险企驻点销售保险产品，建行一支行被罚30万 金融监管处罚,中新经纬
2020-10-10,建行启动“理财季”活动 携手各界减费让利,中国金融新闻网
2020-10-10,评论：数据中的区域金融版图,21世纪经济报道
2020-10-09,21金融研究：数据中的区域金融版图，哪个区域最受银行青睐？,21世纪经济报道
2020-10-09,大宏立(300865.SZ)向建设银行大邑县支行申请不超过500万元保函授信额度,智通财经
2020-10-09,四大行资本缺口2万亿 央行、银保监会官宣中国版TLAC政策框架来袭,新浪
2020-10-09,江苏四川群众反映中小微企业贷款阶段性延期还本付息政策落实不到位 中国人民银行认真组织核查督促有关银行及时落实惠企政策,中国政府网
2020-10-09,深度*行业*银行业周报：LPR利率保持不变 央行加强互联网贷款监管,新浪
2020-10-09,金融部门向市场主体让利1.5万亿元已完成过半,经济日报
2020-10-09,央行及银保监会资本监管要求点评：TLAC中国版落地 损失吸收工具将加速创新与发行,新浪
2020-10-09,银行《全球系统重要性银行总损失吸收能力管理办法(征求意见稿)》点评：维持业绩较快增长成为TLAC监管要求下的充要条件,新浪
2020-10-09,9月上市银行通过二级资本债补血2400亿 超前8个月总额,--
2020-10-08,三泰控股(002312.SZ)全资子公司拟与建设银行合作开展生态链快贷业务,格隆汇
2020-10-08,银行4季度银行股有哪些催化剂？,中信建投
2020-10-08,银行业关于央行和银保监会资本监管相关文件的点评：TLAC会给银行带来资本压力么？,新浪
2020-10-08,哪家上市银行最为优秀？对各大上市银行数据对比解析,搜狐
2020-10-07,建设银行市值蒸发4000亿，宇宙第二大行，到底怎么了？ 连续下跌,搜狐
2020-10-06,3.3万亿资本缺口待补 银行业补充资本将是一场“马拉松”,华夏时报
2020-10-06,2020年存款新规来了，存10万元到建行，定期存款三年利息竟这么多,搜狐
2020-10-06,建行一分行外包人员偷查三千多笔个人征信报告倒卖，获缓刑,澎湃新闻
2020-10-05,又一国有银行内部提拔董事长！钱文挥或掌舵农发行,新浪
2020-10-04,国内首家专业养老金管理公司挂牌“引战” 17%股权花落谁家？,券商中国
2020-10-03,9月上市银行通过二级资本债补血2400亿，超前8个月总额,澎湃新闻
2020-10-03,9月上市银行通过二级资本债补血2400亿 超前8个月总额,澎湃新闻
2020-10-03,9月上市银行忙“补血” 二级资本债2400亿：建行还有160,--
2020-10-03,9月上市银行忙“补血”，此类融资2400亿！这家大行还有1600亿在路上,Wind
2020-10-03,9月上市银行忙“补血”，此类融资2400亿！这家大行还有1600亿在路上,中证报
2020-10-01,涉房贷款占比降至30%？广州3家银行回应：已收到通知！,搜狐
2020-10-01,银行理财产品周报,新浪
2020-10-01,增速持稳，前三季度债券承销榜发布,Wind
2020-09-30,中国版TLAC政策框架来了！四大行迈向监管达标之路,北京商报
2020-09-30,国立科技(300716.SZ)：拟向建行申请不超1亿元综合授信,格隆汇
2020-09-30,小摩：内银股最新投资评级 荐买入建行邮储行等4只股,新浪
2020-09-30,中国版TLAC政策框架来了！四大行面临近3万亿资本缺口,21世纪经济报道
2020-09-30,中国版TLAC政策框架来了！对中国境内G-SIBs意味着什么？,21世纪经济报道
2020-09-30,小摩对内银股最新投资评级汇总 荐买入建行（00939）邮储行（01658）等四只股,智通财经
2020-09-30,建设银行袁桂军空降民生银行，出任党委委员将任副行长,零壹财经
2020-09-30,系统重要性银行名单里会有谁？,Bank资管
2020-09-30,【兴证金融】TLAC中国版落地，损失吸收工具将加速创新与发行 ——央行及银保监会资本监管要求点评,兴证金融
2020-09-30,建行举办人民币跨境支付中国台湾地区银行同业专场交流会,中国金融新闻网
2020-09-30,建行与合肥市人民政府签署战略合作协议,中国金融新闻网
2020-09-30,建行湖南省分行积极探索自贸区金融服务创新,中国金融新闻网
2020-09-30,“建行杯”第二届全国巾帼家政服务职业风采大赛颁奖展示活动在济南举行,中新网
2020-09-30,2020金融街论坛年会举办 建行刘桂平谈数字经济时代的商业银行创新,中新网
2020-09-30,普惠小微贷风起：线上化投放成趋势，大行与民营银行联合贷,和讯
2020-09-29,合肥与中国建行签署战略合作协议,新华网
2020-09-29,天河新添网红打卡地！建行首家数字住房5G +智能银行亮相,奥一网
2020-09-29,高澜股份(300499.SZ)为东莞硅翔向建行贷款提供1500万元连带责任担保 大额借贷担保,智通财经
2020-09-29,“建行大学·裕农学堂”推动金融“活水”润泽乡村,中国金融新闻网
2020-09-29,建行北京市分行：新金融振兴“新国门”,中国金融新闻网
2020-09-29,“共建美好生活同行幸福安康”消费扶贫撮合展销会暨陕西扶贫空间启动仪式在安康举行,中国金融新闻网
2020-09-29,国有大行新增涉房贷款占比降至30%以下 银行授信政策如何调整？,新浪
2020-09-29,1000万存款在广州建行没了!二审判赔450万,财富动力网
2020-09-28,建行集团携手郑商所助广西融水蔗农脱贫,期货日报
2020-09-28,人民财评:六年前就取消的费用，建行为何还敢收?,金融界
2020-09-28,银行机构微博影响力哪家强？农业银行下降三位,新浪
2020-09-28,“中国企业500强”名单公布：18家银行、13家保险机构上榜,中国银行
2020-09-28,工行建行中行否认降薪计划 被财报数据“打脸”,新浪
2020-09-28,银行员工薪资曝光！这家农商行以37万元的平均薪酬夺冠(附表),新浪
2020-09-28,监管要求大型银行控制房贷规模 银行授信政策如何调整,21世纪经济报道
2020-09-28,佛山建行“党建聚农 千村共建 金智惠民”走进东鄱村党支部,和讯
2020-09-28,艾迪药业(688488.SH)在建设银行开立募集资金理财产品专用结算账户,智通财经
2020-09-28,向个人唯一账户收取管理费 建设银行青岛分行被罚65万 金融监管处罚,中华网
2020-09-28,疏通产供销“梗阻” 建行打造消费扶贫新模式,上证报
2020-09-28,“数字化运营”下的银行理财：一边嵌入母行零售场景,中投网
2020-09-28,1000万存款在银行没了！谁的责任？,中投网
2020-09-28,监管要求大型银行控制房贷规模，多家大行新增涉房贷款占比降至30%以下,Wind
2020-09-28,时代投研银行周报 | 结构性存款规模连降4月，资金空转套利现象有所减少,时代在线
2020-09-28,石化行业首笔区块链数字仓单质押融资业务落地,新浪
2020-09-28,佛山建行与顺德爱尔眼科医院开展开展主题当日活动,凤凰网
2020-09-28,建设银行青岛市分行违法遭罚65万 服务收费质价不符 金融监管处罚,中国经济网
2020-09-28,金融监管罚单周报：中国太保四分支机构受罚，工行、建行支行允许卖保险违规 金融监管处罚,搜狐
2020-09-28,江苏省商务厅与建行江苏省分行签署战略合作协议,和讯
2020-09-28,本周资产证券化市场回顾（2020-09-26）,--
2020-09-28,银行降薪争议：国有大行人均薪酬下滑明显 城、农商行分化严重,每日经济新闻
2020-09-28,中国资产相对优势明显 大咖看好新能源创新消费等领域,中证网
2020-09-28,超越工农中建，这家农商行半年人均薪酬37万！,每日经济新闻
2020-09-27,佛山建行南海支行金融知识宣传活动进校园,凤凰网
2020-09-27,佛山建行开展账户管理宣传活动,凤凰网
2020-09-27,佛山建行助力公众安全防范意识提升,凤凰网
2020-09-27,A股宽幅震荡，龙头股“抱团”松动，双节前大咖教您这么投,中证网
2020-09-27,银行到底降薪没？苏农银行上半年平均薪酬近38万,每日经济新闻
2020-09-27,银行到底降薪没？上市银行上半年平均薪酬排行榜出炉，这家农商行夺冠，而国有大行下滑明显,每日经济新闻
2020-09-27,被罚65万！建设银行因服务收费质价不符遭监管罚单 金融监管处罚,和讯
2020-09-27,服务收费质价不符，建行青岛分行被罚65万 金融监管处罚,中新经纬
2020-09-27,建行青岛市分行被罚65万：服务收费质价不符 金融监管处罚,新浪
2020-09-26,佛山建行履行大行担当，助力企业复工复产,凤凰网
2020-09-26,2020《红周刊》上市银行竞争力排行榜,红周刊
2020-09-25,合纵科技(300477.SZ)拟向建行申请综合授信 额度不超1.5亿元,智通财经
2020-09-25,违规允许保险公司人员驻点销售产品，建行、工行共被罚55万 金融监管处罚,中新经纬
2020-09-25,80后女子1000万银行存款不翼而飞是什么情况？2020年中国商业银行全景调研,中研网
2020-09-25,合纵科技(300477.SZ)：拟向建设银行申请综合授信不超1.5亿元,格隆汇
2020-09-25,中储股份(600787.SH)拟在建设银行天津和平支行办理综合授信业务授信额度6亿元,格隆汇
2020-09-25,违规允许保险公司人员驻点销售 建设银行一支行被罚30万 金融监管处罚,中华网
2020-09-25,美团一年市值增两倍，“半壁江山”靠投资 | 钛媒体行研,钛媒体
2020-09-25,【读财报】上半年普惠型小微企业贷款哪家银行支持力度强？,新华网
2020-09-25,1000万巨款“不翼而飞”！80后女子状告建行结果告赢了 诉讼纠纷,中国基金报
2020-09-25,绿色金融成效显现 推动可持续发展银行业如何发力？,新浪
2020-09-25,每经24点丨1000万巨款“不翼而飞”，80后女子状告建行，获赔450万元；美国首次申请失业救济人数增加,每日经济新闻
2020-09-24,【银华基金】交易日报 2020-09-24,新浪
2020-09-24,21金融研究：疫情之下，银行利润、拨备与不良之谜,21世纪经济报道
2020-09-24,银行近期集中发债 这家大行将发1600亿二级资本债,中投网
2020-09-24,建行金磐石：开放银行是大势所趋、科技是开放银行的核心要素,中国电子银行网
2020-09-24,建设银行再发1600亿债券 上市银行陷资本饥渴症,时代周报
2020-09-24,润家住房租赁携手建信住房 合力共建江苏住房租赁新生态,搜狐
2020-09-24,建行发行650亿元境内二级资本债,中国金融新闻网
2020-09-23,发挥金融扶贫合力 提供涉农风险管理服务,期货日报
2020-09-23,银行行业周报：银行理财产品周报,新浪
2020-09-23,建行再发1600亿债券 上市银行陷资本饥渴症,时代在线
2020-09-23,实现国内银行业三大领先优势　建行第四代实验室问世,中国金融新闻网
2020-09-23,建设银行行长刘桂平：建行取得数字化经营初步成果 企业级技术架构和大数据分析能力是基础,上证报
2020-09-23,【读财报】上市银行核心监管指标排行：10家拨备覆盖率超300% 交行、浦发、华夏垫底,新华网
2020-09-23,为智能制造增添动力——浙江台州金融改革系列报道之二,中保网
2020-09-23,数字人民币加速落地？北京拟设数字货币试验区,新浪
2020-09-23,智通港股早知道︱(9月23日)中国广电成立或加速5G建设，留意中国铁塔(00788)等股价变化,智通财经
2020-09-22,银行机构微博影响力哪家强？国家开发银行跌出前十,新浪
2020-09-22,建设银行拟再发行1600亿元二级资本债 一周前刚完成650亿发行,21世纪经济报道
2020-09-22,建设银行：拟发行不超过1600亿元等值减记型合格二级资本工具,Wind
2020-09-22,建行广东省分行：着力提升小微企业“首贷率”,金融界
2020-09-22,宁夏西吉县脱贫攻坚：让消费带动扶贫,中国金融新闻网
2020-09-22,北京拟设数字货币试验区 数字人民币APP测试“信用卡还款”流量入口,21世纪经济报道
2020-09-21,消费抱团松动、科技股能上车吗？金牛大咖来支招，四季度这么投！,中证报
2020-09-21,北京建设定数字货币试验区，数字人民币APP测试“信用卡还款”流量入口,21世纪经济报道
2020-09-21,舍得酒业突遭“ST”！背后两大谜团待解,新浪
2020-09-21,资金复盘｜南下资金抛售汇丰、小米！买入中国太平、建行,华盛证券
2020-09-21,中审华为白茶股份出具报告存虚假记载 被没收业务收入并罚15万 欺诈造假,新浪
2020-09-21,加快布局银行如何“向科技要业绩”,中投网
2020-09-21,金融控股公司管理办法点评：金控新牌照 管理有章法,新浪
2020-09-21,IT服务商天阳科技：借力并购策略，主要服务大中型银行,零壹财经
2020-09-21,绩优科技股有望反弹 关注景气度改善行业,中证网
2020-09-20,建行新加坡分行发行“一带一路” 基础设施系列债券,中国金融新闻网
2020-09-20,建行“金”彩亮相第二届中新金博会,中国金融新闻网
2020-09-20,建行黑龙江省分行携手省林草局打造“数字林业”发展新模式,新华网
2020-09-20,银行业周报229期：金控新牌照 管理有章法,新浪
2020-09-19,疫情之后，谁是银行新“零售之王”？,Wind
2020-09-19,21金融研究：疫情之后，谁是银行新“零售之王”？,21世纪经济报道
2020-09-19,疫情之后， 谁是银行新“零售之王”？,21世纪经济报道
2020-09-17,58岁上海银行原行长胡友联担任上海国际集团监事会主席,澎湃新闻
2020-09-17,三个能力践行初心使命 建设银行“金”彩亮相第二届中新金博会,新浪
2020-09-17,西藏昌都：应收账款融资服务助力小微企业复工复产,中国金融新闻网
2020-09-17,欠建行近13亿贷款未还 舍得酒业控股股东再涉诉 关联方问题,中国经济网
2020-09-17,四川省银行业协会换届大会召开 建行四川省分行杨丰来当选为第九届会长,金融投资报
2020-09-17,建行12亿美元绿色债券在纳斯达克迪拜上市,中国金融新闻网
2020-09-17,中审华会计师所遭罚 审计ST白茶2017年财报2宗违法 金融监管处罚,中国经济网
2020-09-17,中金公司冲刺IPO：营业支出为负 五高管年薪超1000万,中华网
2020-09-17,巨亏超100亿的“中华神车”欠债不还，银行急了！,证券时报
2020-09-17,变局！多家银行保本理财清零，养老理财遭监管指导,21世纪经济报道
2020-09-17,四川凉山彝族自治州金融助力脱贫攻坚纪实,中国金融新闻网
2020-09-16,舍得酒业间接股东再涉诉讼：尚欠建行近13亿贷款未还 诉讼纠纷,每日经济新闻
2020-09-16,舍得酒业间接股东再涉诉讼：贷款入主，尚欠建行12亿未还 诉讼纠纷,每日经济新闻
2020-09-16,A股进入4000+时代 大牛市是这样诞生的,中国基金报
2020-09-16,银行行业周报：银行理财产品周报,新浪
2020-09-16,建行大连市分行全面启动2020年金融知识普及月活动,中国金融新闻网
2020-09-16,捷信与建行天津分行签署战略合作协议 实现互利发展共赢,和讯
2020-09-16,建行德宏州分行迅速落实瑞丽疫情防控新要求,云南经济日报
2020-09-16,建设银行渭南一加钞员职务侵占获刑 盗走198万元现金 其他违规处罚,中国经济网
2020-09-16,良策按揭与各大银行系统直联：金融+科技生成最优贷款解决方案,凤凰网
2020-09-16,多家银行保本理财清零,Bank资管
2020-09-16,建设银行发行债券募资650亿元，用于补充二级资本,资本邦
2020-09-16,建行一员工深夜从ATM盗走200万 巨额现金埋在大树下,中国基金报
2020-09-16,又被罚了33718700元！这5家银行被央行开出31张罚单 金融监管处罚,腾讯网
2020-09-16,1500亿普惠贷款直达实体 广东建行发挥国有大行“头雁效应”,21世纪经济报道
2020-09-15,建设银行今日大宗交易成交42.94万股，成交价5.64元折价7.84%,Wind
2020-09-15,建设银行(00939.HK)完成发行650亿元二级资本债券,格隆汇
2020-09-15,建设银行(601939.SH)完成发行境内二级资本债券,格隆汇
2020-09-15,因存在多项违规行为 建设银行福建省分行被罚314万元 金融监管处罚,中华网
2020-09-15,监守自盗！建行ATM加钞员盗窃巨款终锒铛入狱 其他违规处罚,央视
2020-09-15,甘肃：首贷拓展专项行动见成效,中国金融新闻网
2020-09-15,市值增长3.3万倍、上市公司突破4000家，A股迎关键时刻,Wind
2020-09-15,头部券商齐聚A股在即，中金公司IPO疾进上会,21世纪经济报道
2020-09-15,建设银行650亿元二级资本债券发行完毕,北京商报
2020-09-14,央行福州中心支行开出多张罚单：兴业被罚近2500万 金融监管处罚,21世纪经济报道
2020-09-14,央行福州中心支行开出多张罚单：涉多家银行 金融监管处罚,21世纪经济报道
2020-09-14,央行再开大额罚单！兴业银行多项支付业务违规被罚2469万，建行、招行同时领罚 金融监管处罚,新浪
2020-09-14,上海市市长龚正：金融企业要加大信贷投放力度，拓宽资本市场渠道,Wind
2020-09-14,建设银行枣庄分行违法领4罚单 信贷业务三查不到位 金融监管处罚,中国经济网
2020-09-14,浙江松原汽车安全系统股份有,证券时报
2020-09-14,下一个30年，大宗商品贸易的数字化春天,亿邦动力
2020-09-14,建设银行福建省分行7宗违法遭罚314万 2副行长被罚 金融监管处罚,中国经济网
2020-09-14,建行福建省分行被罚314万：存在引人误解的营销宣传内容 金融监管处罚,新浪
2020-09-14,建行重庆市分行 发挥绿色金融新优势 巴渝大地涌现新风景,凤凰网
2020-09-14,建行枣庄分行被罚30万：信贷业务“三查”不到位 金融监管处罚,新浪
2020-09-14,【读财报】上市银行监管指标排行：10家拨备覆盖率超300%,面包财经
2020-09-14,新华财经·读财报|上市银行拨备覆盖率半数超250%,光明网
2020-09-14,银行系金融科技创新展现雄厚实力,中国金融新闻网
2020-09-14,银行业跨境金融服务体系不断丰富完善,中国金融新闻网
2020-09-14,理财规模上半年降至22.1万亿元，部分银行保本理财产品“清零”,Wind
2020-09-13,【兴证金融 傅慧芳】银行业周报（09.07-09.13）：8月社融略超预期，料4季度延续较高增速,兴证金融
2020-09-13,京东数科“Tie”模式助推大宗商品产业数字化,中国发展网
2020-09-13,好赛道有哪些？如何把握新主线？,中证报
2020-09-13,女子一夜之间欠银行8000万！一查懵了：竟涉及离婚一周前，前夫做的这件事,21世纪经济报道
2020-09-12,吉林一建行被指办卡捆绑销售大米和纸巾，客户称已收到致歉,澎湃新闻
2020-09-12,建设银行重庆市分行携手重庆市司法局共建 “裕农通+金融普法”服务点,上游新闻
2020-09-12,钢贸担保圈阴影未消散： 为前夫贷款担保近亿元背后的签字谜团,21世纪经济报道
2020-09-11,央行及银保监会行政处罚汇总（9月7日-9月11日） 金融监管处罚,Wind
2020-09-11,佛山建行教您通过个人手机银行及网上银行查询打印个人账户明细,和讯
2020-09-11,A股30年里程碑：上市公司突破4000家,Wind
2020-09-11,在数字化“武装”下主动出击 建行湖南省分行全面筑牢风控堤坝,中国金融新闻网
2020-09-11,清科数据：8月股权投资市场募资表现活跃 募资规模超千亿元,新浪
2020-09-11,建行B站主题网点跨界“出圈” 深耕年轻社区生,中国金融新闻网
2020-09-11,为梦想插上翅膀 助孩子走出大山 建行云南省分行首支扶贫专项理财产品落地,云南经济日报
2020-09-11,建行北京市分行复工助企又添新利器 “中关村抗疫发展贷”持续输血科技小微企业,北京商报
2020-09-11,"今天起,深圳部分银行全面收紧经营贷!",搜狐
2020-09-11,人行梅州市中支: 把金融优惠政策送到企业身边,中国金融新闻网
2020-09-11,数字化改造提升大宗商品贸易活力,中证报
2020-09-11,建行某分行员工盗取ATM机近200万被抓 巨额现金埋于景区桐树下 其他违规处罚,每日经济新闻
2020-09-11,上市银行普惠金融业务图谱,Wind
2020-09-11,不良贷款压顶：2家上市银行关注类占比超5% 下半年2.3万亿不良待处置,21世纪经济报道
2020-09-10,因违法发放贷款 建设银行马鞍山市分行被罚款28万元 金融监管处罚,中华网
2020-09-10,央行广州分行：对建设银行广东省分行作出行政处罚，罚款3万元 金融监管处罚,Wind
2020-09-10,人行深圳市中支践行“征信为民”理念,中国金融新闻网
2020-09-10,建设银行马鞍山市分行被罚28万：违法发放贷款 金融监管处罚,新浪
2020-09-10,马鞍山银保监局：对建设银行马鞍山市分行作出行政处罚，罚款28万元 金融监管处罚,Wind
2020-09-10,跨界“出圈”，再破次元壁：建设银行联手B站打造百家主题网点,面包财经
2020-09-10,建行山东省分行蔬菜智慧管理服务平台上线运行,新华网
2020-09-10,建行枣庄分行：存量房资金监管平台标准版正式上线,新华网
2020-09-10,海南建行精准支持环保小微企业,证券导报
2020-09-10,南天信息与两家IT巨头签署合作协议 三方协力或掀起云南“数字风暴”,证券日报
2020-09-10,深耕年轻社区生态 建行打造百家B站主题金融小站,新华网
2020-09-10,数字银行卡时代渐近 实体卡面临边缘化？,证券日报
2020-09-09,建行行长刘桂平：用工匠精神推动普惠金融发展,中国经营网
2020-09-09,未合理审查交易单证真实性等 建行一支行被罚90万 金融监管处罚,中新经纬
2020-09-09,新技术助力不良率大幅下降 建行多举措降低小微企融资成本,华夏时报
2020-09-09,全方位升级普惠金融服务 “建行惠懂你”APP2.0发布,中国金融新闻网
2020-09-09,建行行长刘桂平：让更多小微企业从普惠金融中受益,中新网
2020-09-09,建设银行东兴支行违法遭罚90万 未合理审查单证真实性 金融监管处罚,中国经济网
2020-09-09,建设银行广东违法遭罚 开立结算账户未按规定报备 金融监管处罚,中国经济网
2020-09-09,南风股份(300004.SZ)拟向建设银行深圳景苑支行申请开具分离式保函累计额度不超5000万元,格隆汇
2020-09-09,建设银行庆元支行因浮利分费被罚款人民币25万元 金融监管处罚,中华网
2020-09-09,如何让普惠金融可持续发展？建行行长刘桂平解读建行数字普惠模式,新浪
2020-09-09,建设银行党委委员王浩：推进普惠金融发展战略 下沉服务重心,北京商报
2020-09-09,再遭罚单！建设银行因浮利分费遭监管25万元罚款 金融监管处罚,和讯
2020-09-09,四大行推进DCEP内测 深圳政务APP“i深圳”或成内测入口,新浪
2020-09-09,DCEP新进展 “i深圳” “数字货币”App或成入口,新浪
2020-09-09,数字货币揭开神秘面纱？深圳内测进行时,证券时报网
2020-09-09,中国建设银行刘桂平：凭借“五心”做好普惠金融服务,新华网
2020-09-09,工行和建行 谁是国有大行的零售金融“一哥”？,金融界
2020-09-09,四大行海外业务饱受冲击 建行海外利润总额同比腰斩 盈利能力下降,新浪
2020-09-09,央行数字货币在深圳内测 或引领全国新范式,新浪
2020-09-09,如何从“要我贷”转向“我要贷”建行高层详解创新数字普惠模式,中国金融新闻网
2020-09-09,揭开数字货币神秘面纱！深圳内测进展几何？成引领全国新范式？,证券时报网
2020-09-09,佛山建行：深耕普惠金融，切实扶“微”助“小”,南都报
2020-09-09,四大行海外业务饱受冲击 跨境人民币业务仍然坚挺,21世纪经济报道
2020-09-09,稳健医疗用品股份有限公司首次公开发行股票并在创业板上市,证券时报
2020-09-08,建行行长刘桂平：上半年普惠型小微企业贷款余额达1.26万亿元,中证网
2020-09-08,建行创新数字普惠模式 “能让尽让”降低小微企业融资成本,证券时报
2020-09-08,破解大宗商品质押欺诈之痛：基于区块链的电子仓单融资来了 欺诈造假,澎湃新闻
2020-09-08,六家城商行上调薪酬支出，这家银行人均月涨5100元,和讯
2020-09-08,粮油市场报：利用“保险+期货” 金融合力助力安康汉滨脱贫攻坚,大商所
2020-09-08,建设银行庆元支行违法浮利分费 遭丽水银保监局处罚 金融监管处罚,中国经济网
2020-09-08,建设银行庆元支行被罚25万：浮利分费 金融监管处罚,新浪
2020-09-08,因浮利分费，建行一支行被罚25万 金融监管处罚,中新经纬
2020-09-08,【异动股】建设银行(00939-HK)涨3.14%,财华社
2020-09-08,【行情】内银股盘中走高，农业银行涨2.8%，工商银行涨2.3%，招商银行涨2.1%，光大银行、建设银行涨1.8%,金十数据
2020-09-08,“向科技要业绩” 银行加快金融科技布局,中国金融新闻网
2020-09-08,工行VS建行：零售金融天王山之战,金融界
2020-09-08,厦门市贸促会走访建设银行厦门分行,中国贸易报
2020-09-08,银行降薪实锤了：但人均仍超2万 六大行全部降薪却有银行逆势加薪,21世纪经济报道
2020-09-08,银行降薪实锤？合计下降5.9亿元，但人均仍超2万,21世纪经济报道
2020-09-08,建行与百度签署战略合作协议,中国金融新闻网
2020-09-08,建行福建省分行引金融“活水”助力“六稳”“六保”,中国金融新闻网
2020-09-08,零售业务对业绩贡献度不断提升 疫情过后数字化零售将成主流,新浪
2020-09-08,销量迅猛增长，基金代销业务增援银行营收,Wind
2020-09-08,拆解六大行财报：疫情下的一次银行压力测试,钛媒体
2020-09-08,上半年银行信用卡发卡量增速放缓,证券日报
2020-09-08,长线资金布局银行股大揭秘,财富动力网
2020-09-07,房贷占比保持稳定 理财收入出现分化,期货日报
2020-09-07,数字化成果丰硕 建行北京市分行亮相2020年服贸会金融专题展,中证网
2020-09-07,大悦城：为鹏程置业1.9亿元贷款提供担保 大额借贷担保,中国网
2020-09-07,建行惠州市分行着力打造数字化智慧工会,中国金融新闻网
2020-09-07,管理费跌出前十强！工银瑞信高层地震，公司元老郭特华闪辞董事长 董监高成员变化,搜狐
2020-09-07,建设银行与百度签署战略合作协议,中国金融新闻网
2020-09-07,房贷、消费贷、理财产品都有哪些新动向？——从上市银行半年报看百姓“钱”途,新华网
2020-09-07,【专栏】信用卡行业加速分化：兴业银行逆袭，浦发银行、交通银行持续收缩,零壹财经
2020-09-07,建行江苏省分行全面启动“金融知识宣传服务月”活动,和讯
2020-09-07,建信金科携手得意音通，共建金融科技“声纹+”联合创新中心,凤凰网
2020-09-07,银行员工盗取ATM机198万被抓 巨额现金埋于景区桐树下 其他违规处罚,和讯
2020-09-07,建行“创业者港湾”携手“五角场创院” 探索打造科创小微孵化新生态,中国金融新闻网
2020-09-07,建行服贸会“同心抗疫”专区展现金融担当,金融界
2020-09-07,活水润乡村 建行展区展现扶贫新业态,金融界
2020-09-07,利他+向善 建行公益展区尽显金融社会责任,金融界
2020-09-07,26股获券商买入评级，周大生目标涨幅达45.58%,Wind
2020-09-07,3.4万亿不良贷款！银行积粮筑墙 最艰难时刻还未到,财经杂志
2020-09-07,理财子公司过渡期步调各异，市场化构建殊途同归,Wind
2020-09-07,长线资金布局银行股大揭秘：社保基金“最爱”平安银行,证券日报
2020-09-07,长线资金布局银行股大揭秘 社保“最爱”平安养老金“独宠”常熟银行,证券日报
2020-09-06,银行疫后劫：不良资产反弹，净利下滑，最艰难时刻还未到来 | 《财经》封面,财经杂志
2020-09-06,建设银行(601939)：存贷规模增长加速 息差承压,新浪
2020-09-06,金融“头雁”搭平台 服务门槛降下来,北青网
2020-09-06,爱心带货兼“造血”金融扶贫开新局,北青网
2020-09-05,150余家机构亮相！实探服贸会金融服务专题展，一行两会一局出任主办单位，亮点太多,券商中国
2020-09-05,建行“创业者港湾”在上海五角场创新创业学院揭牌,中证网
2020-09-05,【实地探访服贸会】金融服务展区科技感十足，“仿真机器人大堂经理”“金融服务车”一一亮相,中证报
2020-09-05,厦门建霖健康家居股份有限公司,证券时报
2020-09-05,2020服贸会今起向公众开放 金融服务专题展12大亮点等你来,证券时报网
2020-09-05,银保监会对违法违规行为保持高压态势 金融监管处罚,Wind
2020-09-05,LPR改革带来了什么？,中国经营报
2020-09-05,央行数字货币进程：商业银行技术完备,中国经营报
2020-09-04,【银行中报观察】六大行净利下滑一成 息差仍存下行压力 盈利能力下降,经济观察网
2020-09-04,建行江苏省分行推出“苏知贷”支持自贸区建设,中国金融新闻网
2020-09-04,建行与中华慈善总会签署战略合作协议 启动“善建智爱”慈善信托计划,上证报
2020-09-04,中国建设银行与中华慈善总会签署战略合作协议,新华网
2020-09-04,建行“苏知贷”首单落地南京自贸区支行,和讯
2020-09-04,银行业20年半年报综述：相信自然增长 出清存量风险,新浪
2020-09-04,疫情下的银行压力测试：净利普降一成，两大关键指标或未见底 盈利能力下降,腾讯网
2020-09-04,建行湖南省分行：“三下乡”助力乡村振兴,中国金融新闻网
2020-09-04,建行在全国推广电子营业执照账户业务,中国金融新闻网
2020-09-04,建行黑龙江省分行助力打造数字农业综合服务体系,中国金融新闻网
2020-09-04,金融助脱贫 生活“蔗”样甜,农产品期货网
2020-09-04,"云计算、人工智能、区块链 金融服务专题展""黑科技""亮相",北京日报
2020-09-04,上半年信用卡不良率飙升，银行凭什么判断最危险的时候已过去？,Wind
2020-09-04,盈利能力遭遇短期挑战 银行让利实体经济促成良性循环,新浪
2020-09-04,上半年信用卡不良率飙升 银行凭什么判断最危险的时候已过去？ 资产异常,21世纪经济报道
2020-09-04,两公司赚超10亿 建信基金逆势下跌 9%,金融投资报
2020-09-03,首次公布！银行业消费投诉数据曝光：中行8成涉理财 大行里交行“网均”第一,新浪
2020-09-03,新华社：“最赚钱板块”利润普降，银行业为啥赚得少了？ 盈利能力下降,澎湃新闻
2020-09-03,小微贷款行业深度解析：小微源起、历史与现状,新浪
2020-09-03,四大行发布半年报，智能风控、区块链成“官方标配”,雷锋网
2020-09-03,银保监会消保局首次通报银行业消费投诉情况 信用卡业务投诉占股份行投诉总量83.3%,中国网
2020-09-03,——建行临沧市分行金融力量助蔗农脱贫,中国金融新闻网
2020-09-03,看了下银行信用卡业务数据统计 光大、民生也不少赚呐,--
2020-09-03,【专栏】消费贷大佬炼成记：建行快贷半年余额新增618亿，筹划独资设立消费金融公司,新流财经
2020-09-03,基金公司净利润同比增3成 建信基金逆势降9%,金融投资报
2020-09-03,百度AI“朋友圈”来了新伙伴 与中国建设银行达成战略合作,金融界
2020-09-03,国有大行占34.9%！ 二季度银行业消费投诉超六万,新浪
2020-09-03,银保监会：二季度中行消费投诉量居国有六大行首位,银保监会
2020-09-03,银保监会首度通报银行业消费投诉情况：涉信用卡投诉超50%,澎湃新闻
2020-09-03,建行扬州分行“金智惠民——乡村振兴”学子实践活动一举两得,和讯
2020-09-03,央行深圳市中心支行：对建设银行深圳市分行作出行政处罚，罚款204万元 金融监管处罚,Wind
2020-09-03,六大行 “广积粮”，“前瞻性减值计提”4696亿，致使净利润下降11% 盈利能力下降,中国经济周刊
2020-09-03,银保监会：中国银行、工商银行、建设银行投诉量位列国有大型商业银行前三名,腾讯网
2020-09-03,二季度银行业消费投诉超六万 信用卡业务投诉超半,中国金融新闻网
2020-09-03,银保监会通报二季度消费投诉：中行工行建行投诉量居大行前三,银保监会
2020-09-03,银保监会首次通报银行业消费投诉情况 大行投诉量超三成,中证报
2020-09-03,银保监会通报二季度消费投诉：招商中信兴业量居股份行前三,银保监会
2020-09-03,二季度银行业消费投诉国有行前三：中行、工行、建行,21世纪经济报道
2020-09-03,建行快贷半年余额新增618亿，消金公司慕了,和讯
2020-09-03,大行评级|大和：维持内银行业中性评级给予建行、招行、工行H股买入评级,格隆汇
2020-09-03,中国建设银行与百度达成战略合作 发力金融科技、智慧政务等领域,证券日报
2020-09-03,海南建行以信用卡载体多维度拉动消费,证券导报
2020-09-03,百度与中国建设银行签署战略合作协议，深入智慧金融、智慧政务等多领域,砍柴网
2020-09-03,净利下滑中的银行业：工行半年减员1万人，建行员工平均月薪降1150元 业务变化,搜狐
2020-09-03,在共克时艰中凝聚信心 广东金融业加力驰援小微企业,新浪
2020-09-02,银行理财产品周报,新浪
2020-09-02,与温暖同行 与美好同在——建行云南省分行“劳动者港湾”爱心前行两周年,云南经济日报
2020-09-02,数字货币紧锣密鼓筹备中 专家认为将显著提高监管效能,中国经济网
2020-09-02,银行中报季收官 国有六大行净利下滑、计提增加 盈利能力下降,中投网
2020-09-02,建行善融商城联手中国商飞，推动消费扶贫,面包财经
2020-09-02,【数说】银行日子不好过 六大国行半年少赚700多亿 未来不良贷款依然面临反弹压力 盈利能力下降,金融界
2020-09-02,哈啰与建行合作推出“乐享龙支付 1分钱骑哈啰单车”活动,电商报
2020-09-02,建行商丘分行贯彻六稳六保实施普惠关爱为企业复工复产保驾护航,搜狐
2020-09-02,标普：建设银行的资本水平能够抵御拨备计提激增带来的影响,Wind
2020-09-02,建设银行深圳市分行3宗违法遭罚204万 4责任人遭罚 金融监管处罚,中国经济网
2020-09-02,区块链技术成银行半年报“标配”,Wind
2020-09-02,经济日报评农行建行被罚：严监管将成为金融行业的常态 其他违规处罚,经济日报
2020-09-02,数字货币紧锣密鼓筹备中 专家认为将显著提高监管效能,证券日报
2020-09-02,信用卡业绩中报出炉 不良改善曙光初现,北京商报
2020-09-02,建设银行信用卡客户数突破1亿,重庆商报
2020-09-01,上市银行信用卡中期业绩背后：透支余额下滑、不良指标改善“曙光初现”,北京商报
2020-09-01,数字货币测试A股嗨了！专家：数字货币将深刻影响支付清算体系,新浪
2020-09-01,国有六大银行高管预判下半年资产质量：不良还会增加但可承受,澎湃新闻
2020-09-01,11家银行理财子公司上半年净赚35亿，招银理财独占四成,Wind
2020-09-01,11家银行理财子公司上半年净赚35亿，招银理财独占四成,第一财经
2020-09-01,建设银行(601939)2020年中报点评：拨备加码 核心要素稳定,新浪
2020-09-01,交银国际：下调建设银行(00939)目标价至6.7港元，维持“买入”评级 机构下调估值,智通财经
2020-09-01,半年报季银行股价哪家强：城商行表现抢眼，国有大行整体萎靡,澎湃新闻
2020-09-01,建设银行上半年实现净利润1389亿元 资产总额27.66万亿元,证券日报
2020-09-01,300亿元，5万户！ 建行重庆市分行普惠金融迈上新台阶,上游新闻
2020-09-01,大和：下调建行(0939.HK)目标价至7.6港元 评级“买入” 机构下调估值,格隆汇
2020-09-01,大和：下调建设银行(00939)目标价至7.6港元，重申“买入”评级,智通财经
2020-09-01,建行重庆市分行携手金夫人集团举行 “乡村振兴 幸福家庭”全家福公益照活动,凤凰网
2020-09-01,半年报里的秘密：银行拨备计提实情,21世纪经济报道
2020-09-01,银行让利是否冲击消费贷？六大行中报给出答案,和讯
2020-09-01,营收增长7.65%、利润下降10.74% 建行高管解读2020年上半年业绩亮点,经济观察网
2020-09-01,稳定币一周动向｜探讨稳定币出圈现状，Tron 增发 4.5 亿 USDT,链闻
2020-09-01,陕西西咸新区秦汉新城：“云贷大礼包”精准“滴灌”小微企业,中国经济网
2020-09-01,建行：数字人民币封闭测试不影响上市机构商业运行,中新经纬
2020-09-01,上市银行“风控强基”支持实体力度加强,经济日报
2020-09-01,建设银行：正在参与数字人民币研发试点工作，封闭测试不影响正常商业运行,每日经济新闻
2020-09-01,建设银行上半年总资产突破27万亿元 最大零售信贷银行地位更加巩固,中国网
2020-09-01,"【国泰君安国际业绩点评】建设银行（939.HK）上半年利润总额 1,687.73 亿元，不派中期股息",国泰君安证券香港
2020-09-01,纪志宏：建行将会加大中间业务的数字化经营 把握消费发展新趋势,金融界
2020-09-01,建行许会斌：商业银行需让战略性业务占领“制高点”,当代金融家
2020-09-01,哪些行业最赚钱？增速最快？这些公司日赚超5亿元！,21世纪经济报道
2020-09-01,每日理财观察：央行指出下阶段重点推动银行间各类基准利率的广泛运用,Wind
2020-09-01,中金：中国财富管理竞争格局拆解，有望重构零售银行体系,中金点睛
2020-09-01,数字货币未来影响几何,中华工商时报
2020-09-01,建行安庆市分行创新“农信贷”赋能乡村振兴,中国金融新闻网
2020-09-01,六大行净利润平均下降10%：并非经营不善，而是“拨备计提”调节 盈利能力下降,AI财经社
2020-09-01,六大国有行上半年盈利5663亿基本盘平稳 新增普惠金融贷款超万亿平均增速31%,长江商报
2020-09-01,四大国有银行高管解读中期业绩,中证报
2020-09-01,不良贷款率暂未明显抬升，银行大幅计提拨备增厚“安全垫”,Wind
2020-09-01,资产质量前瞻性指标改善，银行信用卡业务持续回暖,Wind
2020-09-01,受三大因素影响，上市银行上半年净利润同比降逾9%,Wind
2020-09-01,详解3973份A股半年报：25家“双增”公司市值合计比年初增长逾3824亿元,Wind
2020-09-01,四大行高管释疑利润下滑，上半年经营质效依然不俗 盈利能力下降,Wind
2020-09-01,沉着面对疫情冲击 稳健经营实现高质量发展 建行管理层详解2020年上半年业绩,新浪
2020-09-01,国有五大行大手笔稳就业逆势校招逾6万人,证券时报
2020-09-01,四大行高管释疑利润下滑上半年经营质效依然不俗 盈利能力下降,证券时报
2020-09-01,净利滑坡息差收窄 国有行高管怎么说 盈利能力下降,北京商报
2020-09-01,建设银行、农业银行因多项违规被银保监罚没近1亿，建行一支行行长遭“终身禁业” 金融监管处罚,零壹财经
2020-08-31,【财报眼】上半年净利同比下降10.77% 两大关键词透视建行业绩 盈利能力下降,新浪
2020-08-31,【财报眼】上半年国有银行净利润普降一成 四大行高管同日回应市场关切 盈利能力下降,新浪
2020-08-31,聚焦中报业绩会 面对净利滑坡、息差收窄国有行高管如何作答？,北京商报
2020-08-31,继建行后 工商银行再宣布数字货币工作进展,新浪
2020-08-31,建行福建省分行助力退役军人就业创业,中国金融新闻网
2020-08-31,银行果然降薪了：国有五大行收入垫底 盈利能力下降,Wind
2020-08-31,【会议直击】建设银行上半年拨备大幅增加积极探索数字化经营模式,财华社
2020-08-31,建行：利润增长受累于拨备大幅增长，分红派息暂无调整计划,澎湃新闻
2020-08-31,建行靳彦民：今年上半年对公信贷明显增长 普惠金融保持市场领先地位,上证报
2020-08-31,建行副行长纪志宏谈金融科技之争:与互联网公司已从竞争变为竞合,新浪
2020-08-31,建设银行：关注“11天威MTN1”、“11天威MTN2”违约后续 未按时兑付本息,Wind
2020-08-31,建设银行8宗违法遭罚3920万 重庆一支行长遭终身禁业 金融监管处罚,中国经济网
2020-08-31,银行果然降薪了，这家薪酬最高银行上半年减3万，却有银行逆势加薪,中国基金报
2020-08-31,建行靳彦民：预计不良率保持平稳或略有上升 对利润的冲击不会太大,上证报
2020-08-31,建行：数字人民币功能测试已结束，试点研发情况以央行发布信息为主,Wind
2020-08-31,建设银行上半年净利降11% 贷款减值损失1055亿增51% 盈利能力下降,中国经济网
2020-08-31,【研报掘金】数字货币测试持续推进落地有望提速 关注产业链个股投资机会,证券时报网
2020-08-31,热点淘金：冲高回落是何用意？数字货币能否延续,巨丰财经
2020-08-31,建行：不良贷款率和余额将平稳上升 但上升幅度有限,新华网
2020-08-31,建行靳彦民：预计未来不良贷款不会激烈上升和反弹,中证网
2020-08-31,国有银行逆势扩招“稳就业” 金融科技单列扩招,中投网
2020-08-31,6大行半年少赚724亿，普惠金融增速仅一家不到20% 盈利能力下降,第一财经
2020-08-31,建行副行长：数字人民币的研发不会影响正常的商业运行,澎湃新闻
2020-08-31,【异动股】建设银行(00939-HK)跌2.301%,财华社
2020-08-31,复旦教授：建行上线数字人民币钱包意味着技术准备大体完成，大规模测试将很快到来,零壹财经
2020-08-31,建信金科出品！“5G智能银行”荣获《亚洲银行家》“中国最佳网点数字化项目”,凤凰网
2020-08-31,建行：计划于明年6月前发行等值人民币660亿元二级资本工具,中证网
2020-08-31,金融监管罚单周报：一周罚金总额破亿，农行涉24项违规领5000余万罚款 其他违规处罚,搜狐
2020-08-31,四大国有银行盈利跌幅近10年最大 工行首六月溢利泻11% 盈利能力下降,新浪
2020-08-31,六大行集体“让利”,Bank资管
2020-08-31,计算机行业研究：数字货币时代加速来临,国金证券股份有限公司
2020-08-31,河北省工信厅与建行河北省分行举行产业链供应链金融链融合对接会,河北日报
2020-08-31,野村：下调建行(0939.HK)目标价至6.91港元评级“买入” 机构下调估值,格隆汇
2020-08-31,六大行上半年净利润集体下降，银行股四季度估值切换值得关注丨牛熊眼 盈利能力下降,第一财经
2020-08-31,野村：建设银行业绩弱预期之内 微削目标价至6.91元 机构下调估值,凤凰网
2020-08-31,野村：下调建设银行(00939)目标价至6.91港元，维持“买入”评级,智通财经
2020-08-31,2020年8月31日早班车（紫金财经&胜泰智慧）,紫金财经
2020-08-31,银行系基金公司上半年业绩出炉！工银瑞信净利润9.38亿元,资本邦
2020-08-31,建行中期盈利跌10.7% 不派中期息 盈利能力下降,凤凰网
2020-08-31,猛增1.5万亿，私行财富爆发！,中国基金报
2020-08-31,六大行中报出炉：上半年日赚31亿，银行股还有机会吗？,中证报
2020-08-31,限制出口技术或涉TikTok，马斯克展示脑机接口成果|财经日日评,吴晓波频道
2020-08-31,四大行上半年业绩报告“出炉”,北青网
2020-08-31,刚刚出炉！猛增1.5万亿，私行财富大爆发！“一哥”2.5万亿最牛,Wind
2020-08-31,市场仍有上涨空间外资看好中国资产,中证报
2020-08-31,六大银行盈利大揭秘,中证报
2020-08-31,上市公司正负面新闻2020年8月31日星期一,Wind
2020-08-31,五大行上半年成绩单集体亮相！净利降幅均超10% 最坏时刻已经过去？,券商中国
2020-08-31,晚间公告热点追踪：闻泰科技净利增逾7倍 四大行上半年净利均下降,新浪
2020-08-31,建行上半年实现净利润1389.39亿元,新华网
2020-08-31,六大国有银行净利润下降两位数背后：为不良资产“未雨绸缪”与实体经济“共担风雨” 盈利能力下降,上证报
2020-08-31,数字人民币钱包短暂露面 金融诈骗伺机而起 欺诈造假,北京商报
2020-08-30,上半年日赚31亿！六大行中报出炉，谁赚得最多？银行股还有机会吗？,中证报
2020-08-30,果然让利！五家大行上半年净利齐降一成，应对资产质量风险也有安排，利好估值提升？下半年形势仍严峻,证券时报网
2020-08-30,中国四大银行上半年不良率悉数上升 让利力度大,中新网
2020-08-30,六大行“让利”，上半年净利齐降：日均“少挣”4亿，不良贷款额合计超万亿 盈利能力下降,搜狐
2020-08-30,建设银行上半年利润总额同比下降11.72%，石油和天然气开采业不良率升至21.57% 盈利能力下降,搜狐
2020-08-30,建设银行：上半年实现净利润1376.26亿元 计提信用减值损失同比增长49.22%,中证网
2020-08-30,晚间重要公告2020年8月30日星期日,Wind
2020-08-30,周末要闻2020年8月30日星期日,Wind
2020-08-30,国有六大行上半年日赚31亿元，净利润同比整体下滑 盈利能力下降,Wind
2020-08-30,数字人民币钱包短暂露面背后：试点加速推进 警惕骗局“搭车”宣传,北京商报
2020-08-30,建设银行(00939)拟于12月16日分派境外优先股股息1.58亿美元,智通财经
2020-08-30,建设银行(00939)上半年发放贷款和垫款总额15.93万亿，增幅达9.54%，金融活水持续让利实体经济,智通财经
2020-08-30,建信基金上半年实现净利润6.22亿元,Wind
2020-08-30,建行上半年净利1376亿降10.74%，不良“双升” 盈利能力下降,澎湃新闻
2020-08-30,建设银行：上半年实现净利润1376.26亿元 同比下降10.74% 盈利能力下降,中证网
2020-08-30,央行数字货币钱包上线又秒关 兑换了的DCEP怎么办？,华夏时报
2020-08-30,建行上半年净利润下降10.74% 减值损失总额同比增长49.18% 盈利能力下降,上证报
2020-08-30,建设银行上半年实现营收3891.09亿元 同比增7.65%,北京商报
2020-08-30,【兴证计算机】金融科技：政策及产业双红利驱动！,兴业计算机团队
2020-08-30,建设银行(601939.SH)：上半年净利同比降10.74%至1376.26亿元 盈利能力下降,格隆汇
2020-08-30,建设银行：上半年净利润1389.39亿元同比下降10.77% 盈利能力下降,格隆汇
2020-08-30,建设银行：上半年净利润同比下降10.77% 盈利能力下降,Wind
2020-08-30,进出口银行行长吴富林与中国建设银行行长刘桂平会谈,中国金融新闻网
2020-08-30,天阳科技：普惠金融 打造金融科技行业的领军者,红周刊
2020-08-30,告别纸币更近一步？数字人民币钱包短暂上线,中国经济网
2020-08-30,陆家嘴财经早餐2020年8月30日星期日,Wind
2020-08-29,建行回应上线数字货币：为测试内容 不意味数字人民币正式落地发行,Wind
2020-08-29,建行APP上线数字货币钱包，数字人民币来了？,中证报
2020-08-29,重拳出击！中国农业银行被罚5315.6万！ 金融监管处罚,央视
2020-08-29,建设银行悄然上线数字货币子菜单 数字人民币钱包短暂露面,北京商报
2020-08-29,告别纸币？这家银行今天短暂上线数字人民币钱包！我们试了一下,每日经济新闻
2020-08-29,建设银行数字人民币钱包正式上线，仅限部分测试地区开通,零壹财经
2020-08-29,数字货币钱包来了！建行率先上线，输手机号可转账，日支付限额管理,财经杂志
2020-08-29,银保监会动手了！这两家大行合计被罚没逾9000万元 金融监管处罚,央视
2020-08-29,建设银行数字货币个人钱包短暂上线：分四类钱包并设置限额,澎湃新闻
2020-08-29,悄无声息来临！快来抢先申请体验央行数字货币,每日经济新闻
2020-08-29,建行DCEP上线：详解建行DCEP钱包使用说明书,新浪
2020-08-29,建行测试数字人民币钱包,中新网
2020-08-29,建行“数字人民币钱包”已上线，仅限部分测试地区开通,Wind
2020-08-29,建行“数字人民币钱包”已上线仅限部分测试地区开通,金十数据
2020-08-29,50万亿全球最大资管来中国，更多外资机构递交设立公募申请,Wind
2020-08-29,罚没逾9200万，农行建行吃巨额罚单！银保监会：有分行副行长“屡查屡犯” ！ 金融监管处罚,21世纪经济报道
2020-08-29,银保监会动手了！农业银行、建设银行违规被罚超3000万 金融监管处罚,腾讯网
2020-08-29,深圳个体户可在银行办营业执照,南方网
2020-08-29,32项违规罚没9200万 农行建行连收11张罚单！ 其他违规处罚,券商中国
2020-08-29,Wind风控日报2020年8月29日星期六,Wind
2020-08-29,银保监会依法查处两家大型银行违法违规行为 金融监管处罚,上证报
2020-08-29,银保监会再开巨额罚单农行建行被罚没逾9200万 金融监管处罚,证券时报
2020-08-29,又见巨额罚单！农行、建行合计被罚逾9200万元 共计32项业务违规 更有人终身禁业 其他违规处罚,证券时报网
2020-08-28,农行、建行为何重罚数千万，银保监会指有分行副行长“屡查屡犯”,21世纪经济报道
2020-08-28,银行股重头戏开场！首份国有大行半年报来了，基本面关键指标一一披露,Wind
2020-08-28,农业银行、建设银行合计被罚没逾9000万元 建行一人被终身禁业 金融监管处罚,上证报
2020-08-28,川能动力(000155)：新能源发电业务占比持续提升 并购如期进行,西南证券
2020-08-28,又见大额罚单！农行建行合计被罚没逾9000万元 一人被终身禁业 其他违规处罚,上证报
2020-08-28,本周央行及银保监会行政处罚汇总：年内银行系统最大两笔罚单诞生 金融监管处罚,Wind
2020-08-28,银行业又见大额罚单！农行、建行合计被罚没近亿元 金融监管处罚,上证报
2020-08-28,农行、建行两家大行合计被罚超9000万：涉及信贷、理财等业务违规，建行一名责任人被终身禁业 其他违规处罚,凤凰网
2020-08-28,银保监会延续严监管态势 农行、建行被罚近1亿,新浪
2020-08-28,农业银行与建设银行因多项违法违规行为 合计被罚9000余万元 金融监管处罚,中华网
2020-08-28,建行因8项违规被罚3920万元，一支行行长被终身禁业,澎湃新闻
2020-08-28,银保监再开大罚单：农行被罚5315万，建行被罚3920万 金融监管处罚,观察者网
2020-08-28,罚款3920万！建行因内控、理财等八项违规行为遭银保监会重罚 金融监管处罚,新浪
2020-08-28,银保监会查处农行、建行违法违规行为，合计罚没9235万元 金融监管处罚,Wind
2020-08-28,构筑高质量发展新格局 建信人寿守护美好生活,华夏时报
2020-08-28,抗疫复工逆行者 建行争做扶贫战线排头兵,中国金融新闻网
2020-08-28,为中企“走出去”保驾护航：建行又一综合服务平台落地北京,中国金融新闻网
2020-08-28,建行大学与厦门大学合作成立资本市场教研中心,新浪
2020-08-28,全球科技股狂欢盛宴正酣，投资者为何欲罢不能？,Wind
2020-08-28,建设银行(00939-HK)获中银保监对赎回境外优先股无异议,财华社
2020-08-28,四大银行要招6万多毕业生,北青网
2020-08-27,成都高速(01785)认购2亿元建设银行提呈发售的结构性存款,智通财经
2020-08-27,“史上最难就业季”？国有行放大招！,中国基金报
2020-08-27,国有大行积极扩招 工行建行中行计划招聘总计4.4万人,中国基金报
2020-08-27,200亿！银行发力链上金融 破解中小企业融资困局,21世纪经济报道
2020-08-27,建行四川分行帮助6000户中小微受灾企业渡难关,新华网
2020-08-27,黑龙江建行“快贷”：秒审秒批秒到账 全面助力社会消费复苏,新华网
2020-08-27,建行苏州分行为近1600户上下游链条企业提供融资支持超180亿元,新浪
2020-08-27,建行关闭电话银行基金交易功能,中证网
2020-08-27,蚂蚁凭啥能值1.5万亿？,钛媒体
2020-08-27,标普：四大行总损失吸收能力距达标仍有数万亿元人民币的差距,Wind
2020-08-27,建设银行：关闭电话银行基金交易功能,Wind
2020-08-27,"聚焦2020年服贸会金融专题展:新金融灌溉""万亩良田""建设银行打造无界金融",和讯
2020-08-27,“科创企业在哪里，金融服务就到哪里”——建行为申城科创企业安上金融“助推器”,中国金融新闻网
2020-08-27,众志成城战洪峰 齐心合力保平安 --建行重庆市分行全力以赴做好抗洪抢险工作纪实,上游新闻
2020-08-27,为何银行和蚂蚁成了“最佳队友”？,和讯
2020-08-27,国有大行放大招：工行、农行、中行、建行、交行校招超5万人！,金融时报
2020-08-27,建设银行南京分行新迁，梦想起航,和讯
2020-08-27,国有银行今年扩招数万人 国有银行待遇怎么样？2020年商业银行十四五企业投资调研,中研网
2020-08-27,国有银行今年扩招数万人 2020就业市场现状分析 2020人才招聘行业前景预测,中研网
2020-08-27,坚守初心勇于担当质量提升 建信人寿守护人民美好生活,中国金融新闻网
2020-08-27,新员工离职率70%？国有大行放大招：工行、建行、中行校招4.4万人,21世纪经济报道
2020-08-27,A股融资融券日报：两融余额减少69.23亿元（8月26日）,Wind
2020-08-27,国有银行逆势扩招数万人,21世纪经济报道
2020-08-26,荣科科技(300290.SZ)：拟向建行铁西支行申请敞口授信额度3000万元,格隆汇
2020-08-26,建行首届“市民理财节”：金融“益”百业 理财“慧”万家,面包财经
2020-08-26,建设银行襄阳分行违法遭罚 贷款贷后管理不到位 金融监管处罚,中国经济网
2020-08-26,贷款贷后管理不到位，建行襄阳分行被罚25万 金融监管处罚,中新经纬
2020-08-26,襄阳银保监局：对建设银行襄阳分行作出行政处罚，罚款25万元 金融监管处罚,Wind
2020-08-26,榆林建行首家理财工作室揭牌，将打造神木区域具有影响力的品牌！,腾讯网
2020-08-26,建行大连市分行广泛开展清廉文化建设大讨论系列活动,中国金融新闻网
2020-08-26,金牛大咖私藏板块看过来！这些性价比最高,中证报
2020-08-26,让更多学子走进田间金融课堂,中国金融新闻网
2020-08-26,建行将为云南提供不低于6000亿元意向性资金,中国金融新闻网
2020-08-26,中国资产具有吸引力金牛大咖看好消费医药,中证报
2020-08-26,致敬深圳特区建立四十周年——深圳建行发力金融科技践行普惠金融 助力疫后复工复产,每日经济新闻
2020-08-25,巨无霸来了！一图看懂蚂蚁集团招股书,Wind
2020-08-25,涉“四宗罪”，建行辽宁省分行被罚169.5万 金融监管处罚,中新经纬
2020-08-25,建设银行辽宁省分行4宗违法遭罚 与身份不明客户交易 金融监管处罚,中国经济网
2020-08-25,全方位服务上海科创中心，建行为科创企业安上金融“助推器”,面包财经
2020-08-25,央行沈阳分行：对建设银行辽宁省分行作出行政处罚，罚款169.5万元 金融监管处罚,Wind
2020-08-25,种粮大户的“致富经”,中国金融新闻网
2020-08-25,建行：做好“三个结合” 助力决战决胜脱贫攻坚,新浪
2020-08-25,观点直击 | 增速不达预期 鑫苑服务称要长远看合营项目亏损(实录) 亏损,观点地产网
2020-08-24,贝壳和蚂蚁超越万科和建行，数字时代的迷雾和前景,秦朔朋友圈
2020-08-24,大涨超10%！刚刚，这家互联网巨头市值超越建行，更有老板身家超200亿美金,中国基金报
2020-08-24,各大行对建设银行（00939）最新投资评级及目标价（表）,智通财经
2020-08-24,建行大连市分行：号召新冠肺炎康复者捐献血浆,中国金融新闻网
2020-08-24,美团点评(3690.HK)再创历史新高 市值突破1.5万亿港元超越建行位居港股第5,格隆汇
2020-08-24,“指尖”就能办贷款 公共服务一站式——实地探访银行智能金融服务,新华网
2020-08-24,建行重庆市分行 信用卡分期支持实体服务民生,凤凰网
2020-08-24,银行业净利润为何罕见下滑？有这两大主因,第一财经
2020-08-23,建设银行杭州分行与杭州市双浦镇举行党建共建活动,中国金融新闻网
2020-08-23,建行福建省分行：推动金融“活水”直达企业末端,中国金融新闻网
2020-08-22,厦门瑞尔特卫浴科技股份有限公司关于注销部分募集资金专项账户,证券时报
2020-08-21,建行将为云南提供不低于6000亿元意向性资金,中国金融新闻网
2020-08-21,建行广西分行：供应链金融助力产业链条企业复工达产,中国金融新闻网
2020-08-21,违规转嫁费用给客户 建行一分行被罚50万 金融监管处罚,中新经纬
2020-08-21,金融监管罚单周报：中国信达因不良资产收购被罚，建行本周获罚金罚单双“冠” 其他违规处罚,搜狐
2020-08-21,建行：上半年累计发放企业类贷款超3万亿元,证券日报
2020-08-21,中国建设银行与云南省人民政府签署合作协议,新华网
2020-08-21,建行吉林省分行被罚50万：违规将押品评估相关费用转嫁给客户 金融监管处罚,新浪
2020-08-21,如何防止资金流向失信企业？怎样避免多头授信？解答来了,中新经纬
2020-08-21,吉林银保监局：对建设银行吉林省分行作出行政处罚，罚款50万元 金融监管处罚,Wind
2020-08-21,建行溧水支行走进南京高新区（溧水园）：赋能六稳六保,和讯
2020-08-21,金融政策初见成效 企业现金流发生积极变化,新华网
2020-08-21,普惠金融助“六保”：建行为小商户“撑腰”,中国金融新闻网
2020-08-21,港股盘前必读： 阿里巴巴第一财季收入同比增34%至1537.51亿元,Wind
2020-08-21,利企便民助推“数字云南”建设,云南日报
2020-08-21,省政府与中国建设银行签署合作协议,云南日报
2020-08-21,云南省与建设银行加强银政深度合作“新金融+高科技”助力高质量发展,云南网
2020-08-21,银保监会北京监管局发布建行北京一支行终止营业公告,经济日报
2020-08-20,普惠小微贷款增速连续5个月创新高，已有50万家企业贷款实施延期，金融支持稳企业保就业政策初见成效,中国金融新闻网
2020-08-20,建行张为忠：四大举措防范严重失信人获贷、套利行为,证券时报
2020-08-20,建行湖南省分行为中非经贸合作提供跨境撮合业务,中国金融新闻网
2020-08-20,建信金融科技与360开启全面战略合作,金融界
2020-08-20,内银股普跌 建设银行下跌3%交行下跌2%,新浪
2020-08-20,恒指午盘跌2.05%，金融股领跌蓝筹,Wind
2020-08-20,【育新机开新局】银税互动在线解决小微企业融资难题,搜狐
2020-08-20,【异动股】建设银行(00939-HK)跌2.694%,财华社
2020-08-20,一网打尽利好公告（8月20日）,云掌财经
2020-08-20,中核钛白产能扩张提速 年产50万吨钛白粉项目 落地甘肃,上证报
2020-08-20,助力自贸区临港新片区建设，上海银行业贷款余额947亿元,Wind
2020-08-19,【兴证金融 傅慧芳】银行理财产品周报2020.08.10-2020.08.16,兴证金融
2020-08-19,建设银行(601939)：零售贡献资本 综合化再启航,新浪
2020-08-19,持牌消金扩容提速 行业将至者谁？,新浪
2020-08-19,鄂州银保监局：对建设银行鄂州分行作出行政处罚，罚款25万元 金融监管处罚,Wind
2020-08-19,贷款前调查不尽职，建设银行一分行被罚25万 金融监管处罚,中新经纬
2020-08-19,被罚25万！建设银行因贷前调查不尽职遭监管罚单 金融监管处罚,和讯
2020-08-19,建设银行鄂州分行违法遭罚 贷款贷前调查不尽职 金融监管处罚,中国经济网
2020-08-19,中核钛白(002145.SZ)：获建设银行甘肃省分行提供40亿元意向性授信额度,格隆汇
2020-08-19,网贷天眼晚报：微贷网案最新进展建设银行再遭监管罚单,和讯
2020-08-19,建行鄂州分行被罚25万：贷前调查不尽职 金融监管处罚,新浪
2020-08-19,【中信建投银行杨荣】《系统重要性银行评估办法》点评：《扩大初始名单，缩小实质范围》,eResearch杨荣团队
2020-08-19,期市投资参考：反弹势头强劲，COMEX黄金期货收涨0.58%报2010.3美元/盎司,Wind
2020-08-19,每日理财观察：创业板注册制战略配售基金发行遇冷,Wind
2020-08-18,建设银行(00939.HK)8月28日举行董事会会议以审批中期业绩,格隆汇
2020-08-18,上海影院金融服务平台成立，长三角影院携手“重启”,Wind
2020-08-18,建行邢台分行“大数据+”助力企业扩产增效,中国金融新闻网
2020-08-18,“全球撮合家”平台为稳外贸稳外资打造建行方案,中国金融新闻网
2020-08-17,6月末上海主要中外资商业银行支持临港新片区建设贷款余额为947亿元,Wind
2020-08-17,黄山胶囊：为促进公司持续稳健发展 拟向建行等金融机构申请不超3亿元综合授信,发布易
2020-08-17,建行新疆区分行 加大疫情防控金融支持，全力保障企业融资需求,腾讯网
2020-08-17,建行“投贷联动”深圳落地，“选择权贷款”怎么做？,21世纪经济报道
2020-08-17,建设银行坚持“三个突出”提升基层党建质量,金融界
2020-08-17,A股融资融券日报：两融余额减少67.88亿元（8月14日）,Wind
2020-08-16,建行“创业者港湾”赋能“双创”,中国金融新闻网
2020-08-16,雄安监管沙盒项目出炉：征迁安置资金管理区块链信息系统在列,Wind
2020-08-15,北方化学工业股份有限公司关于使用部分闲置前次募集资金进,证券时报
2020-08-15,得到银保监会主席郭树清表扬的“惠懂你” 到底是什么？,金融界
2020-08-15,央行及银保监会行政处罚汇总（8月10日-8月14日）：本周诞生两笔超千万罚单 金融监管处罚,Wind
2020-08-14,建行浙江省分行助力推进儿童之家建设,中国金融新闻网
2020-08-14,建行扬州分行在江苏率先实现公积金业务STM自助办理,和讯
2020-08-14,前7个月建行河北分行为1194家链条企业投放融资贷款100亿元,新华网
2020-08-14,入股中钛装备，中冀投资以政府引导基金为契机全面布局辽宁,凤凰网
2020-08-14,央行漳州市中心支行：对建设银行漳州分行作出行政处罚，罚款29万元 金融监管处罚,Wind
2020-08-14,楼市重磅！关于住房贷款LPR的转换，国有五大行替你做了决定,和讯
2020-08-13,降薪传闻四起，“金饭碗”还香吗？一文揭开金融业薪酬全景图,腾讯网
2020-08-13,三聚环保(300072.SZ)拟向建设银行申请综合授信额度不超4.5亿元,格隆汇
2020-08-13,网贷天眼晚报：银行严控信用卡资金用途建行与借款人上演纠纷大戏 诉讼纠纷,和讯
2020-08-13,建设银行：“建知贷”破解科创型小微企业融资难,面包财经
2020-08-13,建行东营分行“惠懂你”出海业务取得突破,新华网
2020-08-13,个人房贷将统一转为LPR,北青网
2020-08-13,8月25日起个人房贷批量转LPR定价 批量转换后利率如何定？,新浪
2020-08-12,建设银行携手大商所助力陕西安康生猪产业发展,期货日报
2020-08-12,还款后仍扣留房照？建行一支行与借款人上演四年互保金纠纷大戏 诉讼纠纷,新浪
2020-08-12,建行与韵达速递携手打造消费扶贫新模式,新华网
2020-08-12,建行上海分行与韵达速递签署扶贫合作协议 打造消费扶贫电商新模式,上证报
2020-08-12,建行江苏省分行：精准支持稳企业保就业 让实体经济“稳健行”,和讯
2020-08-12,2020“发现广州独角兽”再启航：50亿元专属信贷助力独角兽腾飞,21世纪经济报道
2020-08-12,建设银行+韵达快递：强强联手打造消费扶贫新模式,面包财经
2020-08-12,五大国有银行：个人房贷定价基准自8月25日起批量转换为LPR,中证网
2020-08-12,陆家嘴金融科技协会揭牌，建信金融科技当选新一届会长单位,凤凰网
2020-08-12,个人房贷定价基准转换LPR，国有六大行均明确了！,中新经纬
2020-08-12,黑龙江建行通过“五步走”金融服务模式全面护航外贸企业,新华网
2020-08-12,消费贷价格战日益白热化 银行也靠拼团老带新吸引客户,金融界
2020-08-12,建行携手上海清算所：推进外汇中央对手清算业务代理清算机制发展,面包财经
2020-08-12,建行“小微”服务客户突破60亿人次,中国金融新闻网
2020-08-12,2020年“发现广州独角兽”项目启动,南方财经网
2020-08-12,俊发集团携手省餐协助力餐饮业复苏,云南日报
2020-08-12,疫情致部分居留内地港人金融服务受限，监管正在调研,Wind
2020-08-12,光大银行旗下消金机构获准开业，消金牌照批复步入“新常态”,Wind
2020-08-11,广东省设立10亿元资金池！助力加工贸易企业转促发展,金羊网
2020-08-11,建行大连市分行自上而下拧紧疫情防控责任链条,中国金融新闻网
2020-08-11,建行与上海清算所携手推进外汇中央对手清算业务代理清算机制发展,中国金融新闻网
2020-08-11,“拓渠道、搭平台、稳外贸”成都召开政企银对接会,新华网
2020-08-11,100元就能买！广东省政府债券明起发行！,搜狐
2020-08-11,建设银行漳州分行违法副行长遭罚 识别客户身份存漏 金融监管处罚,中国经济网
2020-08-11,建设银行漳州分行违法遭罚 未按规定办国库集中支付 金融监管处罚,中国经济网
2020-08-11,建行漳州分行被罚5万：未按规定办理国库集中支付业务 金融监管处罚,新浪
2020-08-11,建行漳州分行被罚24万：未按规定持续识别客户身份 金融监管处罚,新浪
2020-08-11,下沉服务重心，建行究竟在思考什么？,36氪
2020-08-11,上半年广州金融业增加值同比增长8.1%,上证报
2020-08-11,*ST贵人涉诉讼 涉案金额5.1万元 诉讼纠纷,和讯
2020-08-11,建行随市升近2% 上半年商业银行净利润按年跌逾9% 盈利能力下降,新浪
2020-08-11,数字化赛跑：商业银行如何赢得入场券,中国金融新闻网
2020-08-10,青岛银行副行长领衔近20位A股银行高管离任，为什么？,搜狐
2020-08-10,世界500强榜单中国占133席，金融业最赚钱,南都报
2020-08-10,中国10家银行上榜《财富》世界500强，利润占124家上榜大陆企业利润总额44%,搜狐
2020-08-10,【世经研究】二级资本债：建行境外发行二级资本债券刷新历史记录,搜狐
2020-08-10,经纬纺机：控股股东所持股票解冻及轮候冻结生效 股权冻结,Wind
2020-08-10,建信信托获建设银行“补血”,新浪
2020-08-10,线上贵、线下空，银行业触客困境怎么破？,和讯
2020-08-10,建行南京分行与雨花台区人民政府签订战略合作协议,和讯
2020-08-10,南亚新材料科技股份有限公司首次公开发行股票,证券时报
2020-08-10,时代银行周报|资管新规过渡期延长一年，央行鼓励“早整改，早转型”,时代周报
2020-08-10,“劳动者港湾”阳光助学行动再启航,云南经济日报
2020-08-10,银行行业跟踪：政策边际收紧 看好低估值修复行情,新浪
2020-08-09,银行行业周报：货币政策确认中性 7月社融料延续较高增速,新浪
2020-08-09,2020年服贸会金融服务专题展9月亮相,Wind
2020-08-09,历时七年债转股！信托破刚兑第一案终落幕，仅有8.82%本金兑付,信托网
2020-08-09,五大银行辟谣“集体降薪” 行业人员这样说,中新网
2020-08-09,计算机行业周报：从党政到行业信创全面开花 重点关注银行IT,国金证券股份有限公司
2020-08-08,【方正化工】化工周报：万华MDI挂牌价大幅上调，玲珑再登亚洲品牌500强榜单,靠谱化工股
2020-08-08,全国年内已关闭2938家银行网点！建行、农行线下网点“流拍”、“打折” 经营问题,21世纪经济报道
2020-08-08,银行要集体降薪？36家银行平均薪酬40万，平安60万，工行约30万,搜狐
2020-08-08,金融圈炸锅！银行集体降薪20%？四大行凌晨紧急回应,上海中期期货
2020-08-08,央行及银保监会行政处罚汇总（8月3日-8月7日） 金融监管处罚,Wind
2020-08-08,监管二季度开近700张罚单严惩银行违规 金融监管处罚,Wind
2020-08-08,降薪20%？中信银行：目前没有统一降薪的安排！罕见 7月起这家股份行将从工资中扣除“风险金”,券商中国
2020-08-07,安信信托陨落：信托大亨的衰败史,搜狐
2020-08-07,呼市一女子建行卡在境外被盗刷10万元 银行赔偿全部损失 安全事故,新浪
2020-08-07,城建发展(600266.SH)：北京城建重庆地产拟向建设银行申请6.5亿元贷款,格隆汇
2020-08-07,多家银行回应薪酬问题：工资总额与整体经营情况挂钩，无统一降薪安排,北京商报
2020-08-07,建行江苏省分行：暖企惠民 金融“活水”助力就业创业,中国金融新闻网
2020-08-07,建行重庆市分行金融扶贫出新招， 创新推出“山城助农贷”,上游新闻
2020-08-07,北京金融科技创新监管试点第二批11个创新应用正式提供服务,Wind
2020-08-07,四大行回应降薪一事：那个银行待遇最好？,搜狐
2020-08-07,银行业全体降薪？工农中建四大行回应：没有降薪计划,每日经济新闻
2020-08-07,广州安必平医药科技股份有限公司首次公开发行股票并在科创板上,证券时报
2020-08-07,金融圈炸锅！金融机构集体降薪？工作20年员工月薪3000元？四大行回应,搜狐
2020-08-07,金融机构要集体降薪？四大行凌晨紧急回应,中国基金报
2020-08-07,建行(00939-HK)获准发行不超过660亿人民币二级资本债,财华社
2020-08-07,突发！金融机构要集体降薪？四大行凌晨紧急回应！150多万员工松了一口气,中国基金报
2020-08-07,银行系金融科技子公司高薪“抢人” “金融+IT”复合型人才成“香饽饽”,证券日报
2020-08-07,四大行回应薪酬问题,Wind
2020-08-06,建设银行：获准发行不超过660亿元境内二级资本债券,Wind
2020-08-06,建设银行(601939.SH)获准发行不超660亿元二级资本债券,格隆汇
2020-08-06,建设银行(00939.HK)获准发行不超660亿元二级资本债券,格隆汇
2020-08-06,建行大连市分行“善融商务”助力脱贫攻坚,中国金融新闻网
2020-08-06,金融支持稳企业保就业的“苏南小城”样本,中国金融新闻网
2020-08-06,银行业：合理让利 放水养鱼,中国经济网
2020-08-06,助企纾困政策如何落地：合理让利 放水养鱼,新浪
2020-08-05,【兴证金融 傅慧芳】银行理财产品周报2020.07.27-2020.08.02,兴证金融
2020-08-05,建行衡水分行加大民生领域支持力度,中国金融新闻网
2020-08-05,建行河北省分行围绕“六稳”“六保”工作统筹开展“三项监督”,中国金融新闻网
2020-08-05,黑龙江省“政企银”三方协作 助力传统农业向数字化升级,新华网
2020-08-05,建行北京市分行纪委“三聚焦”“四坚持”扎实推进“三不”机制建设,新华网
2020-08-05,"银保监会：闻""汛""而动 集结抗洪救灾金融力量",银保监会
2020-08-05,湖南建行：制造业贷款投放缘何创新高,光明网
2020-08-05,银行行长离职去哪儿了？密集“下海”案例锐减 董监高成员变化,Wind
2020-08-05,银行高管频离职 “70后”加速补位 董监高成员变化,中证报
2020-08-04,银行平衡术：贷款利率一降再降 创新金融产品纾困,新浪
2020-08-04,年内近20起上市银行高管离职 70后加速补位 董监高成员变化,新浪
2020-08-04,建行北分：消费扶贫背后的创新路径,北京商报网
2020-08-04,上市银行行长离职去哪儿了？“下海”锐减 离任原因主要有三 董监高成员变化,中证报
2020-08-04,开启乡村发展加速度　建行安徽省分行以党建促脱贫,中国金融新闻网
2020-08-04,建行福建省分行普惠金融助力“小店经济”,中国金融新闻网
2020-08-04,穆迪：授予建设银行香港分行高级无抵押绿色债券“A1”评级，展望“稳定”,Wind
2020-08-04,24载“老建行”袁桂军 或“空降”民生银行任副行长,新浪
2020-08-04,*ST雪莱：收到法院《民事判决书》 诉讼纠纷,Wind
2020-08-04,内银股造好 建设银行上升3%招商银行上扬5%,新浪
2020-08-04,建设银行三明分行违法遭罚 未按规定报送统计报表 金融监管处罚,中国经济网
2020-08-04,建行升逾3% 报5.86港元,新浪
2020-08-04,大和：内银股首选招行(3968.HK)及建行(0939.HK),格隆汇
2020-08-04,家庭大棚“种”出小康生活,中国金融新闻网
2020-08-04,中金公司中资美元债周报：地产金融新发为主，投资级表现优于高收益,Wind
2020-08-03,央行三明市中心支行：对建设银行三明分行作出行政处罚，罚款20万元 金融监管处罚,Wind
2020-08-03,成都银行4位独立董事同意聘任王涛为行长,新浪
2020-08-03,A股市场投资者行为与资金流监控：资金流恢复紧平衡 产业资本净减持增加 减持股份,新浪
2020-08-03,一银行行长接受监察调查 其他违规处罚,Bank资管
2020-08-03,独角兽IPO纷至沓来，还有哪些后备军,Wind
2020-08-03,港股盘前必读：消息称字节跳动考虑将中国业务在香港或上海上市,Wind
2020-08-03,葫芦岛银行行长王学伶被查 曾任浦发银行沈阳分行总经理,新浪
2020-08-02,中金所批准建设银行为交易结算会员,期货日报
2020-08-01,央行及银保监会行政处罚汇总（7月27日-7月31日） 金融监管处罚,Wind
2020-08-01,7月份71家银行领罚单！最大单花落谁家？谁家罚单最多？ 金融监管处罚,国际金融报
2020-08-01,安徽银保监局：对建设银行合肥青年路支行作出行政处罚，罚款40万元 金融监管处罚,Wind
2020-08-01,安徽银保监局：对建设银行安庆市分行作出行政处罚，罚款25万元 金融监管处罚,Wind
2020-07-31,财富中国500强出炉，哪些城市的公司最能赚钱？,搜狐
2020-07-31,工行再迎副行长补位 六大行高管空缺几何？,新浪
2020-07-31,北水动向(7.31)|北水净流入27.93亿 行业再迎“抢装潮” 内资追捧风电股,智通财经
2020-07-31,建行获批中金所交易结算会员 五家试点商行相继参与国债期货交易,新华网
2020-07-31,中金所批准建行成为交易结算会员 首批试点商业银行参与国债期货业务全面落地,上证报
2020-07-31,建行连云港分行：党建引领助中小企业渡难关,和讯
2020-07-31,恒指高开低走收跌0.47%，黄金、苹果、芯片概念走强,Wind
2020-07-31,万名学子暑期下乡实践：建行大学启动“金智惠民-乡村振兴”活动,面包财经
2020-07-31,建行重庆市分行全面助力个体工商户复工复产,上游新闻
2020-07-31,高盛下调建设银行(00939-HK)目标价至8.35港元维持买入 机构下调估值,财华社
2020-07-31,福建：创新财政金融支持有效落实“两稳一促”,商务部
2020-07-31,组CP云看展，建行信用卡玩法新升级，玩转2020 ChinaJoy,北国网
2020-07-31,建行信用卡客户数破亿,中国金融新闻网
2020-07-31,机构加减仓变动方向：25家公司现国家队身影,21世纪经济报道
2020-07-31,银行系金融科技，子公司增至11家,Wind
2020-07-30,建行大连市分行 助力打赢疫情防控阻击战,中国金融新闻网
2020-07-30,建行信用卡客户数突破1亿 累计拉动社会消费超20万亿元,中国金融新闻网
2020-07-30,新易盛：上半年净利润同比增长137%，陆股通新进前十大股东,Wind
2020-07-30,银行行业：1H20仓位下降明显 银行持仓处历史低位,新浪
2020-07-30,建信金融科技拟增资引入新股东，2019年度营收32.3亿、亏损4.7亿,21世纪经济报道
2020-07-30,佛山建行北滘支行党支部开展“党建聚农，千村共建”签约仪式,和讯
2020-07-30,中国信用卡消费金融报告：信用卡消费金融主力军作用凸显,新浪
2020-07-30,致敬医护工作者 建设银行暖心推出医护信用卡,第一财经
2020-07-30,建设银行信用卡客户数突破1亿 长三角卡、医护卡齐面世 开启服务民生新篇章,第一财经
2020-07-30,建设银行推出长三角畅行龙卡 率先实现信用卡交通功能二合一,第一财经
2020-07-30,佛山建行与合作单位党支部开展党团共建签约活动,和讯
2020-07-30,佛山建行开展“银企互动”融合活动,和讯
2020-07-30,建行福建省分行：金融科技加码“闽政通”助提营商环境“软实力”,新华网
2020-07-30,工信部：希望金融机构继续加大对危化品生产企业搬迁改造和转型升级的支持,Wind
2020-07-30,建设银行南京分行智慧社区助力老旧小区改造升级,和讯
2020-07-30,建设银行首席经济学家：鼓励“僵尸企业”出清和市场重组,经济日报
2020-07-29,建行北京科创支行成立 打造科创孵化生态圈,北京商报
2020-07-29,持续发力综合施策 建行广东省分行实招为小微企业“解渴”,中国金融新闻网
2020-07-29,佛山建行开展疫情防控和普及金融知识教育活动,凤凰网
2020-07-29,佛山建行驻行纪检组开展新行员“奋斗‘清’春 最美‘廉’华”讲堂,凤凰网
2020-07-29,佛山建行积极开展“央行国库，为民服务”系列宣传活动,凤凰网
2020-07-29,建设银行：“19南国置业MTN001”等债券持有人会议通过相关议案,Wind
2020-07-29,固定收益专题：隔夜利率下行 同业存单利率为何还上行？,广发证券
2020-07-29,建信人寿26亿增资方案时隔一年终获批 核心偿付能力充足率一季度创近年新低,中国网
2020-07-29,信托业迎来增资潮 百亿级注册资本梯队迎新成员,股城网
2020-07-29,备战数字货币，概念企业准备怎么干？,阿尔法工场研究院
2020-07-29,建信理财董事长刘兴华：银行理财可在资管行业发挥更大作用,中证报
2020-07-29,木瓜移动“报考”：创业板再受理8家拟IPO企业,Wind
2020-07-28,原锦州农商行职员诈骗上千万：多次到境外赌博，逃匿一年后在工地被抓 欺诈造假,腾讯网
2020-07-28,建行黔西南州分行被罚26万：涉违反《反洗钱法》等两宗罪 金融监管处罚,新浪
2020-07-28,央行黔西南布依族苗族自治州中心支行：对建设银行黔西南州分行作出行政处罚，罚款26万元 金融监管处罚,Wind
2020-07-28,独家！这家国有大行将迎新任首席财务官，广东分行行长刘军或北上履新,和讯
2020-07-28,3年筹集200万套 建行广东省分行助圆百姓“安居梦”,中国金融新闻网
2020-07-28,建行贵州省分行亿万“活水”涌“云”端,中国金融新闻网
2020-07-28,上海政银保联合护航外贸企业“出海” 巧用保单融资盘活资金,第一财经
2020-07-28,巧用保单融资盘活资金，上海政银保联合护航外贸企业“出海”,第一财经
2020-07-28,建设银行贵州黔西南州分行2宗违法遭罚 违反反洗钱法 金融监管处罚,中国经济网
2020-07-28,建行乌鲁木齐6支行违法齐遭罚 未审核办外币现钞收汇 金融监管处罚,中国经济网
2020-07-28,原银行职员诈骗客户上千万，多次到境外赌博，逃匿一年后在建筑工地被抓获，一审被判无期徒刑 其他违规处罚,每日经济新闻
2020-07-28,建行大庆分行前行长获刑十年 曾借女儿结婚之机敛财 其他违规处罚,中国基金报
2020-07-28,信托业增资潮再起，大手笔“补血”助力风控,Wind
2020-07-28,今年已有1639家银行网点终止营业，线下业务规模加速缩减 业务变化,Wind
2020-07-27,建行：5月末民营企业贷款余额较年初新增5000多亿元,上证报
2020-07-27,沃森生物(300142.SZ)：子公司拟向银行申请综合授信及流动资金贷款,格隆汇
2020-07-27,中证指数公司：8月6日发布中证兴业证券ESG盈利100指数,Wind
2020-07-27,农业银行、建设银行因贷后管理不尽职等违法事实，合计被罚70万 金融监管处罚,零壹财经
2020-07-27,“建行大学·裕农学堂”结合学子暑期下乡实践共同助力乡村振兴,和讯
2020-07-27,汇嘉时代(603101.SH)拟向建设银行申请流动资金借款1.1亿元,格隆汇
2020-07-27,建行大庆分行原行长受贿案维持原判 获有期徒刑10年,和讯
2020-07-27,[快讯]建设银行：与五大类平台合作 四方面赋能中小科技企业,全景网
2020-07-27,[快讯]建设银行：慈善行业面临现实痛点 为金融慈善项目破题方向,全景网
2020-07-27,10000亿+，见证历史！权益类新基金彻底火了,中国基金报
2020-07-27,台华新材(603055)：注销部分募集资金专户,证券日报
2020-07-27,河南有个线上“金融超市”企业贷款就跟网购一样简单,腾讯网
2020-07-27,结构性存款规模下降超万亿，利差空间明显压缩,Wind
2020-07-27,建行东莞市分行：一直都在您身边,腾讯网
2020-07-27,“赎旧买新”现象突出 基金公司与渠道探索应对之策,中国基金报
2020-07-26,6月份结构性存款压降1.01万亿，产品“量价齐跌”，套利空间还有多大,券商中国
2020-07-25,横店影视股份有限公司关于使用自有闲置资金委托理财的进展,证券时报
2020-07-25,“建行大学·金智惠民”微课堂第五期上线，提高警惕，小心“套路贷”陷阱！,上游新闻
2020-07-24,央行及银保监会行政处罚汇总（7月20日-7月24日） 金融监管处罚,Wind
2020-07-24,建行湖南省分行 防汛救灾“关键时刻”显担当,中国金融新闻网
2020-07-24,金融支持“新基建”：建行与上海5家重点项目企业签订合作协议,面包财经
2020-07-24,建行黑龙江省分行因企施策有针对性地解决制约企业发展的首贷难和融资难,新华网
2020-07-24,数字赋能 湖南建行金融服务换道提速,中国金融新闻网
2020-07-24,河北征集“新金融新科技新发展”金融需求,科技日报
2020-07-24,建行扬州分行持续助力脱贫攻坚,和讯
2020-07-24,上海首批金融科技“监管沙盒”应用名单出炉 区块链技术“受宠”,证券日报
2020-07-24,多维度强化金融服务 建行全力支持保市场主体,中国金融新闻网
2020-07-24,建行迎两名副行长 邮储“老兵”吕家进履新,长江商报
2020-07-24,看好结构性行情，养老FOF增配权益资产,Wind
2020-07-23,金融科技“监管沙盒”试点范围扩至9城，他们到底在关注什么？,21世纪经济报道
2020-07-23,年内17位上市银行副行长以上高管离巢 “70后”加速补位,北京商报
2020-07-23,3年筹集200万套 建行广东省分行持续探索发展住房租赁市场,时代在线
2020-07-23,独家重磅！借给银行7亿元 “华北票据第一人”被抓了！,中投网
2020-07-23,贷后管理不尽职 建设银行同心支行收35万元罚单,中投网
2020-07-23,四川建行“银政合作”助推成渝经济圈建设,新华网
2020-07-23,建行江苏省分行纪委精准跟进监督 推进“六稳”“六保”落实落地,和讯
2020-07-23,建设银行同心支行违法遭罚 未有效监督贷款按约使用 金融监管处罚,中国经济网
2020-07-23,贷后管理不尽职建行、农行旗下支行各收35万罚单,中新经纬
2020-07-23,建行再被罚，一支行贷后管理不尽职被罚35万,和讯
2020-07-23,吴忠银保监局：对建设银行同心支行作出行政处罚，罚款35万元,Wind
2020-07-23,明知财务造假！大行客户经理还是放贷8000万,中国基金报
2020-07-23,建设银行同心支行因贷后管理不尽职被罚款35万元 金融监管处罚,资本邦
2020-07-23,建行同心支行被罚35万：贷后管理不尽职,新浪
2020-07-23,建设银行盐城亭湖支行违法遭罚50万 信用卡购车分期业务严重违反审慎经营规则,中国网
2020-07-23,银行Ⅱ：二季度继续减持 看好底部反弹 减持股份,新浪
2020-07-23,银行系调研路径揭晓：医药、科技、消费和可转债,上证报
2020-07-22,建行迎来两位副行长：“邮储老人”吕家进上一站为交通银行，“70后”王浩已在建行工作27年,凤凰网
2020-07-22,建行迎两位副行长 原邮储银行行长吕家进履新,每日经济新闻
2020-07-22,福建省科学技术厅与建行福建省分行开展合作,中国金融新闻网
2020-07-22,18个月扶持超千户 建行深圳市分行百亿云贷照亮创业路,中国金融新闻网
2020-07-22,福建：政银携手设立百亿“科技贷”融资专项,科技日报
2020-07-22,信用卡购车分期业务违规，建行某支行被罚50万 金融监管处罚,和讯
2020-07-22,建设银行一口气补齐两位副行长：吕家进、王浩履新,澎湃新闻
2020-07-22,——建行大连市分行加快推进数字化经营转型,中国金融新闻网
2020-07-22,中国建设银行盐城亭湖支行因信用卡购车分期业务违规 被罚50万元,金融界
2020-07-22,政银携手 筑强创新驱动引擎 福建省科学技术厅与建设银行福建省分行签订助力科技创新合作协议,新华网
2020-07-22,建信信托获建设银行40.20亿增资 百亿俱乐部有望再添新员,中投网
2020-07-22,建设银行盐城亭湖支行违法4人遭罚 信用卡购车现违规 金融监管处罚,中国经济网
2020-07-22,建设银行盐城亭湖支行因信用卡购车分期业务违规被罚款50万元 金融监管处罚,资本邦
2020-07-22,建设银行一支行被罚50万：信用卡购车分期业务不审慎 金融监管处罚,中新经纬
2020-07-22,建行盐城亭湖支行被罚50万：信用卡购车分期业务严重违规 金融监管处罚,新浪
2020-07-22,建信金融租赁5亿美元票据预计将于7月22日在港交所上市交易,Wind
2020-07-22,建行新增两位副行长,Bank资管
2020-07-22,盐城银保监局：对建设银行盐城亭湖支行作出行政处罚，罚款50万元 金融监管处罚,Wind
2020-07-22,硬币如山不畏难，珠海建行手工清点3万多枚残损硬币赢称赞,腾讯网
2020-07-22,建行上海分行上半年对公企业贷款余额新增542亿元,新华网
2020-07-22,建信信托获增资注册资本至105亿元,金融界
2020-07-22,建设银行崔超：把握新时代趋势 “线上+线下”满足客户多元需求,新浪
2020-07-22,建行将提供1750亿元支持九市城镇老旧小区改造,中国金融新闻网
2020-07-22,分红派息渐近尾声，资金抢权推高银行股估值,Wind
2020-07-22,润实体、惠小微、助外贸 金融为“六稳”“六保”注入强劲动力,第一财经
2020-07-22,润实体、惠小微、助外贸 金融服务“六稳”“六保”大局,第一财经
2020-07-21,“蚂蚁”金服长成万亿巨无霸，谁将分享这场IPO盛宴,第一财经
2020-07-21,骗贷业务形成规模、大量“客户”慕名而来……“内鬼”配合汽贸公司骗取建行3400万贷款 欺诈造假,新浪
2020-07-21,银行机构微博影响力哪家强？浦发银行跌出前十,新浪
2020-07-21,中再集团与建设银行签署战略合作协议,证券时报网
2020-07-21,建行上海分行与上海石油天然气交易中心共建“能源+金融”生态圈,新浪
2020-07-21,建设银行(00939.HK)拟聘任吕家进任副行长,格隆汇
2020-07-21,建设银行(601939.SH)聘任吕家进担任公司副行长,格隆汇
2020-07-21,建设银行启动2020年度“金智惠民—乡村振兴”暑期学子下乡实践活动,新华网
2020-07-21,建设银行(00939.HK)：王浩正式就任副行长,格隆汇
2020-07-21,建设银行(601939.SH)：王浩正式就任副行长,格隆汇
2020-07-21,建材行业-老旧小区改造系列之三：旧改指导意见出台 看好需求持续兑现,新浪
2020-07-21,中国、农业、工商等国有大行已全线布局区块链应用,和讯
2020-07-21,史上最大造富运动！蚂蚁集团上市，哪些公司受益,证券时报网
2020-07-21,估值1.4万亿！支付宝母公司要上市了！网友脑洞大开,Wind
2020-07-21,哪些板块和优质个股能入险资法眼？,Wind
2020-07-20,“建”证幸福家——建行夏日家装节正式开启,搜狐
2020-07-20,建行现人事调整信号：副行长人选有新佐证 一正两副架构将改变,新浪
2020-07-20,官宣！蚂蚁集团将 A+H 同步上市：估值超建行，马云持股 8.8%，但仍掌控全局,雷锋网
2020-07-20,【银华基金】交易日报 2020-07-20,新浪
2020-07-20,率先贯标 争做“领跑者” 建设银行持续推进标准体系建设,中国金融新闻网
2020-07-20,“我申请第一个去堤上参加防汛”,中国金融新闻网
2020-07-20,1万亿大消息！支付宝母公司要上市了,中国基金报
2020-07-20,天降4000万?浙江女子喊话深圳建行:数不清多少个0,新浪
2020-07-20,送达诉状副本及开庭传票——中国建设银行股份有限公司上海松江支行 诉讼纠纷,上海高级人民法院
2020-07-20,建设银行大连市分行2宗违法遭罚 报送交易报告违规 金融监管处罚,中国经济网
2020-07-20,央行大连市中心支行：对建设银行大连市分行作出行政处罚，罚款95万元 金融监管处罚,Wind
2020-07-20,区块链场景因何成金融科技主战场,计世网
2020-07-20,【专栏】工行全面打响零售金融战争，激烈竞争之下须迈过“五道坎”,零壹财经
2020-07-20,未来5年国开行、建行将向5省9市提供4360亿元贷款支持城镇老旧小区改造,中新网
2020-07-20,"广东""AI村医+裕农通""上线 村医有了强力""外援""",中国经济网
2020-07-20,"港股公告精选：首钢资源拟要约购回最多2.5亿股,今日复牌",Wind
2020-07-20,金融服务数字化将成未来银行发展方向,国际金融报
2020-07-20,从124家公司A/H股溢价看科创板优势,北京商报
2020-07-19,建行南京分行：金融创新赋能自贸区发展,中国金融新闻网
2020-07-19,*ST中天(600856.SH)拟为下属子公司提供担保 大额借贷担保,格隆汇
2020-07-19,永义国际(01218-HK)购入建行(00939-HK)股票挂鉤票据,财华社
2020-07-19,建行将提供100亿支持福州老旧小区改造,中国金融新闻网
2020-07-19,五年内，带领来画成为全球领先的在线视频办公平台，这位90后创业者怎么做到的？,猎云网
2020-07-18,工行全面打响零售金融战争：打造第一个人银行，要迈五道坎,腾讯网
2020-07-18,对银保监会对四家保险公司依法接管的点评行业点评报告：采用监管接管加主体托管的包商银行模式 市场价格和手续费竞争有望缓解,新浪
2020-07-18,建设银行向建信信托增资40.2亿元，又一家百亿信托公司来了,资本邦
2020-07-18,央行及银保监会行政处罚汇总（7月13日-7月17日） 金融监管处罚,Wind
2020-07-18,7月17日建设银行洪湖支行违法遭罚贷后管理不到位资金被挪用-亚汇网 金融监管处罚,--
2020-07-18,大手笔！增资40亿，又一家百亿资本信托公司来了,中国基金报
2020-07-17,7月18日上市公司重要公告集锦：高瓴资本认购宁德时代100亿元增发,证券日报
2020-07-17,荆州银保监局：对建设银行洪湖支行作出行政处罚，罚款25万元 金融监管处罚,Wind
2020-07-17,建设银行将提供100亿支持福州老旧小区改造,新华网
2020-07-17,建设银行(601939.SH)：向建信信托增资40.2亿元,格隆汇
2020-07-17,建行对建信信托增资40.20亿元 持股比例仍为67%,上证报
2020-07-17,建设银行：拟以自有资金40.20亿元向建信信托有限责任公司增资,Wind
2020-07-17,建设银行(00939.HK)向建信信托增资40.20亿元,格隆汇
2020-07-17,国开行、建行与五省九市战略合作重点支持市场力量参与老旧小区改造,新华网
2020-07-17,A股“红包雨”——下周60家公司派现，3家送转,Wind
2020-07-17,建设银行洪湖支行违法遭罚25万 信贷资金被挪用 金融监管处罚,中国网
2020-07-17,银行利息上调新规，存10万元到建行，三年定期存款利息有多少？,--
2020-07-17,建设银行洪湖支行因贷后管理不到位被罚款25万元 金融监管处罚,资本邦
2020-07-17,这10家公司发布公告有看点 股价有望率先企稳,巨丰财经
2020-07-17,建行黑龙江省分行不动产抵押及注销登记业务实现“零见面办理”,新华网
2020-07-17,建行洪湖支行被罚25万:贷后管理不到位导致信贷资金被挪用 金融监管处罚,新浪
2020-07-17,防汛抗洪：“金融战士”在行动,中国金融新闻网
2020-07-17,港股公告精选：维达国际中期净利润大增107.52%至9.13亿港元,Wind
2020-07-17,建行(00939-HK)向国家绿色发展基金出资80亿人民币,财华社
2020-07-16,【银华基金】交易日报 2020-07-16,新浪
2020-07-16,7月17日上市公司重要公告集锦：四大行拟各出资80亿元参与投资国家绿色发展基金,证券日报
2020-07-16,建设银行(601939.SH)：出资80亿元投资国家绿色发展基金,格隆汇
2020-07-16,建设银行(00939.HK)拟向国家绿色发展基金出资80亿元,格隆汇
2020-07-16,环保行业：绿色发展基金乘风破浪 披荆斩棘,西南证券
2020-07-16,农民工不必再忧“薪” 建行天津开发分行发力“民工惠”,中国金融新闻网
2020-07-16,银保监会：奋力构建中国特色银行保险业公司治理机制,Wind
2020-07-15,885亿，又一只国家级大基金成立！,Wind
2020-07-15,【银华基金】交易日报 2020-07-15,新浪
2020-07-15,建行济南分行借助“互联网+金融科技”帮销贫困地区农产品,新华网
2020-07-15,标普：确认建信人寿“A-”长期发行人信用评级，展望“稳定”,Wind
2020-07-15,建设银行舞钢支行违法遭罚 违反规定办理售汇业务 金融监管处罚,中国经济网
2020-07-15,银行理财产品周报,新浪
2020-07-15,内银股偏软 交通银行跌逾1%建行及工行跟跌近1%,新浪
2020-07-15,港股盘前必读：中芯国际将于7月16日在科创板上市,Wind
2020-07-14,揭秘！五大行员工爆料：我们工资到底有多高？,新浪
2020-07-14,建行区块链国际银团资产转让平台正式上线,中国金融新闻网
2020-07-14,建设银行：拟于7月28日召开“20深航技MTN001”和“20深航技MTN002”持有人会议,Wind
2020-07-14,标普：授予CCB Leasing拟发行票据“A”长期发行评级,Wind
2020-07-14,恒指午盘跌1.69%，汽车股及金融股陷入回调,Wind
2020-07-14,银保监会丽水监管分局一天开出四张罚单，建行又被罚！ 金融监管处罚,资本邦
2020-07-14,港股盘前必读：腾讯云自研分布式HTAP数据库TBase正式发布最新开源版本,Wind
2020-07-14,小微贷款增速超四成，如何实现？,经济日报
2020-07-13,网友查征信发现无故背负4000万贷款担保？当事方和解，还有3点问题需分析,21世纪经济报道
2020-07-13,个人征信查出4千万贷款担保后续:已与建行和解 3点法律问题需分析,新浪
2020-07-13,21说案丨“个人征信查出4000万贷款担保”:当事方和解，还有3点法律问题需要分析,21世纪经济报道
2020-07-13,丽水银保监局：对建设银行缙云支行作出行政处罚，罚款25万元 金融监管处罚,Wind
2020-07-13,虚增信贷数据，建行缙云支行被罚 金融监管处罚,和讯
2020-07-13,建行广西分行举办柳州市企业网络供应链业务对接会,中国金融新闻网
2020-07-13,建设银行缙云支行违法遭罚 虚增信用贷款数据 金融监管处罚,中国经济网
2020-07-13,深圳建行4000万贷款担保乌龙背后：贷款公司曾贿赂官员380万,新浪
2020-07-13,虚增信用贷款数据，建行一支行被罚25万 欺诈造假,中新经纬
2020-07-13,【券商聚焦】估值低且股息率较高 野村看好工行、建行及招行,凤凰网
2020-07-13,年内到期债务555亿，泰禾集团首只公募债违约 未按时兑付本息,Wind
2020-07-13,【券商聚焦】料下半年零售贷款延续升势 招银予建行、平安银行及邮储银行为行业首选,凤凰网
2020-07-13,黑龙江建行“龙超云贷”创新产品在绥化试点落地,新华网
2020-07-13,港股盘前必读：伦敦基本金属普涨，7月18日深港通–创业板改革演习,Wind
2020-07-12,2020 暑期境外返现汇总,腾讯网
2020-07-11,4000万从天而降，不是外快而是债！小心，银行神操作不是第一次,中证报
2020-07-11,央行及银保监会行政处罚汇总（7月6日-7月10日） 金融监管处罚,Wind
2020-07-10,建设银行获南向资金连续5天净买入,证券时报网
2020-07-10,华为面向全球线上举办2020全球金融峰会,C114通信网
2020-07-10,陆港通每周复盘 | 南下资金流入翻倍！扫货腾讯、小米、建行,华盛证券
2020-07-10,千里之外!女子莫名背上4000万贷款 建行这样回应了,中国基金报
2020-07-10,机构出逃股名单曝光，万亿巨头被狠砸！,证券时报网
2020-07-10,福建省商务厅成功举办“中国·福建-南非经贸合作线上推介会”,商务部
2020-07-10,港股盘前必读：港交所将于7月10日推出SPSA集中管理服务,Wind
2020-07-09,建信信托增资超三倍至105亿元 业务能力或得到提升,中国网
2020-07-09,建设银行天津河东支行违法遭罚40万 违规向土地储备项目融资 金融监管处罚,中国网
2020-07-09,建设银行天津河北支行违法遭罚40万 违规向固定资产项目发放流动资金贷款 金融监管处罚,中国网
2020-07-09,“微光”照亮“脱贫路”,中国金融新闻网
2020-07-09,建设银行青岛黄岛支行违法遭罚25万 贷款资金被挪用 金融监管处罚,中国网
2020-07-09,建设银行青岛市分行违法遭罚50万 违规为房地产企业办理融资业务 金融监管处罚,中国网
2020-07-09,银行Ⅱ行业深度研究报告：借鉴海外经验 拓展中小银行资本补充工具和能力,新浪
2020-07-09,2020WAIC：建行金融科技亮相，智建无界家园！,面包财经
2020-07-09,大手笔！又一信托公司增资至100亿之上,信托网
2020-07-09,建行海南省分行纪委探索“驻点日”工作机制,证券导报
2020-07-09,中国建设银行“智建美好 无界家园”主题展亮相WAIC,新华网
2020-07-09,港股盘前必读：中国飞鹤强烈否认沽空机构对其指控,Wind
2020-07-08,广西：加快“稳企贷”政策落地实施,中国金融新闻网
2020-07-08,建行实现四川首笔“政府+信保+银行”模式纯信用普惠信贷产品投放,中国金融信息网
2020-07-08,银行理财产品周报,新浪
2020-07-08,抚顺市高官落马，多家银行负责人曾向其行贿，寻求揽储、催收帮助 其他违规处罚,和讯
2020-07-08,市房地产业协会与建行重庆市分行 签署支持住房租赁企业发展合作备忘录,上游新闻
2020-07-08,金融科技“始于技术，终于信任”：建设银行亮相世界人工智能大会,面包财经
2020-07-08,因贷款资金被挪用等违规行为 建设银行青岛分行及两支行被罚175万 资金问题,GPLP犀牛财经
2020-07-08,大数据多干活小企业少跑腿,光明网
2020-07-08,建设银行成功发行20亿美元境外二级资本债券,搜狐
2020-07-08,港股盘前必读：腾讯公司董事会主席马化腾今年以来已累计套现67.77亿港元,Wind
2020-07-08,1天8张罚单！银保监局出手，工行、中信银行、浦发行都“中招”！ 金融监管处罚,中国基金报
2020-07-07,大悦城控股为哈尔滨双城区项目提供3.06亿融资担保 大额借贷担保,观点地产网
2020-07-07,资金流向复盘｜北水加仓建行、小米，南水净流入A股近120亿,华盛证券
2020-07-07,初心不变　真情献给南阳涧,中国金融新闻网
2020-07-07,建设银行因违规为房企融资等被罚175万 6人被警告 金融监管处罚,中华网
2020-07-07,北水动向(7.7)|北水净流入41.19亿 继续追捧内险、内银股,智通财经
2020-07-07,大悦城：为悦麟6亿元贷款提供担保 大额借贷担保,中国网
2020-07-07,网贷天眼晚报：微贷网已被归集资金4.2亿宁夏公布第4批P2P取缔名单,和讯
2020-07-07,中国白银第一股或陷退市危机 建行、中融国际信托等机构踩雷？ 风险警示,新浪
2020-07-07,建信信托股权家族信托加速与国际接轨,东方网
2020-07-07,青岛银保监局开16张罚单：建设银行、国华人寿、长城人寿合计被罚210万元 金融监管处罚,零壹财经
2020-07-07,建行青岛分行违规为房企融资，遭罚50万 金融监管处罚,和讯
2020-07-07,建行某分行，贷款资金竟被挪用！又是100万罚款 资金问题,和讯
2020-07-07,国内债市盘前2020年7月7日星期二,Wind
2020-07-06,建行青岛市分行被罚50万：违规为房地产企业办理融资业务 金融监管处罚,新浪
2020-07-06,股汇双牛！人民币急拉，新闻联播罕见点名A股,证券时报
2020-07-06,建行青岛四方支行被罚100万：贷款资金被挪用 金融监管处罚,新浪
2020-07-06,青岛建行所辖机构及员工遭九连罚：涉违规为房地产融资、贷款资金被挪用等 其他违规处罚,腾讯网
2020-07-06,银行股涨停狂欢 买银行股VS买理财如何选？,北京商报
2020-07-06,建行青岛分行领4罚单 违规为房地产企业办理融资业务 金融监管处罚,中国经济网
2020-07-06,建设银行一天收青岛银保监局9张罚单，共计罚款175万元 金融监管处罚,资本邦
2020-07-06,建设银行福建省分行推出“四度惠医”助力健康惠民,新华网
2020-07-06,违规为房企办理融资业务 建行青岛分行被罚50万元 金融监管处罚,中国网
2020-07-06,青岛银保监局：对建设银行青岛黄岛支行作出行政处罚，罚款25万元 金融监管处罚,Wind
2020-07-06,青岛银保监局：对建设银行青岛市分行作出行政处罚，罚款50万元 金融监管处罚,Wind
2020-07-06,青岛银保监局：对建设银行青岛四方支行作出行政处罚，罚款100万元 金融监管处罚,Wind
2020-07-06,建设银行大连体育新城支行违法遭罚50万 贷款三查不尽职、融资背景不真实 金融监管处罚,中国网
2020-07-06,鑫苑服务拟配售筹资1.3亿港元，华盛证券担任配售代理,凤凰网
2020-07-06,黑龙江建行拓宽社保卡服务场景 全面助力复工复产,新华网
2020-07-06,建行佛山市分行召开清廉金融文化建设活动动员会议,和讯
2020-07-06,十年复盘：中信证券引爆牛市可能有多大？本轮券商行情有多高,证券时报网
2020-07-06,首单住房租赁企业股权交易服务股权转让落地 真“REITs”又见曙光,乐居财经
2020-07-06,港股盘前必读：中芯国际科创板IPO募资或达450亿,Wind
2020-07-05,“建行大学·金智惠民”微课堂第三期上线 带你识破理财“飞单”骗局,上游新闻
2020-07-05,"突遭立案调查！""白银第一股""凉了：巨亏43亿，暴跌90%",中国基金报
2020-07-04,应对外资混业竞争 巨无霸投行呼之欲出,中国经营报
2020-07-03,建行大连体育新城支行被罚50万：贷款三查不尽职 金融监管处罚,新浪
2020-07-03,央行及银保监会行政处罚汇总（6月29日-7月3日） 金融监管处罚,Wind
2020-07-03,在岸人民币兑美元16:30收盘报7.0680，本周累计上涨64个基点,Wind
2020-07-03,大连银保监局：对建设银行大连体育新城支行作出行政处罚，罚款50万元 金融监管处罚,Wind
2020-07-03,建设银行大连体育新城支行四宗违法遭罚 掩盖贷款质量 金融监管处罚,中国经济网
2020-07-03,小摩：下调建设银行(00939)目标价至8.4港元 维持“增持”评级,智通财经
2020-07-03,摩通：下调建行(0939.HK)目标价至8.4港元 评级增持,格隆汇
2020-07-03,港股盘前必读：腾讯音乐与日本动画制作公司CoMix Wave Films达成合作关系,Wind
2020-07-02,连云港银保监局：对阳光财险连云港中心支公司作出行政处罚，罚款25万元 金融监管处罚,Wind
2020-07-02,建行山东省分行按下服务乡村振兴“加速键”,新华网
2020-07-02,北京建信瑞居物业服务有限公司股权转让摘牌仪式举行,中新网
2020-07-02,国内首单住房租赁企业股权交易服务试点项目顺利完成交易,中国金融新闻网
2020-07-02,港股公告精选：中州证券获证监会核准非公开发行不超过7.74亿股A股,Wind
2020-07-02,“线上版”广交会：银行业探索稳外贸新思路,中国金融新闻网
2020-07-01,证监会将向银行发放券商牌照？工行、建行、招行：没听说,新浪
2020-07-01,建设银行(00939.HK)2019年度A股派息每10股3.2元股权登记日7月9日,格隆汇
2020-07-01,建行上海分行与建信信托创新股权类家族信托模式 推出“股权家族信托+家族基金”方案,证券日报
2020-07-01,在服务“活优富美”新福建建设中书写“建行担当”,新华网
2020-07-01,大行综合金融版图布局充分 直接融资业务期待提升,上证报
2020-07-01,建设银行举办投资人民币资产研讨会,新华网
2020-07-01,建设银行(601939.SH)2019年度A股分红派息10派3.2元 股权登记日为7月9日,格隆汇
2020-07-01,中信建投周知 | 聚焦半年报业绩与新股研究,中信建投证券研究
2020-07-01,建行“裕农通”：为农户带货，助农产品出村进城,面包财经
2020-07-01,疯狂高利贷何时终结？义乌两千万民间借贷罗生门,Wind
2020-07-01,CCB建融家园·乐乎公寓广州江夏公园店盛大开业,和讯
2020-07-01,建行大学江苏省分行分校全面推进“建行大学·裕农学堂”建设,和讯
2020-07-01,建行江苏省分行创新服务“云广交”,和讯
2020-07-01,【中原银行】银行行业月报：经济运行延续复苏，社融增长保持强劲,中原证券研究所
2020-07-01,建信投资助力华北制药市场化债转股 增资8.2亿用于偿债降低财务杠杆,长江商报
2020-07-01,无接触金融发展加速银行网点“瘦身”，今年以来超1000家网点关停,Wind
2020-06-30,银行机构微博影响力哪家强？浦发银行跌出前十,新浪
2020-06-30,郑州建行拟向鑫苑科技服务提供支持金5亿元,乐居财经
2020-06-30,鑫苑服务(01895)与郑州建行在住房租赁领域建立战略合作关系,智通财经
2020-06-30,建行支持新福建建设战略纪实,中国金融新闻网
2020-06-30,中信证券成功创设名义本金8.75亿元CRMW 助力建行不良资产处置,上证报
2020-06-30,建行大连市分行扎实推进消费扶贫 金融助力脱贫攻坚,中国金融新闻网
2020-06-30,北水动向(6.30)|北水净流入52.2亿 连续四日累计增持腾讯(00700)超60亿,智通财经
2020-06-30,主承销商：持续关注“19西王SCP003”违约后续 未按时兑付本息,Wind
2020-06-30,中信证券创设首单个人不良资产证券化产品信用风险缓释凭证,中证网
2020-06-30,建行与商务部合作助力“稳外贸稳外资”,中国金融新闻网
2020-06-30,银行券商牌照猜想：并非空穴来风 金融混业差临门一脚,时代周报
2020-06-30,建行成功发行20亿美元境外二级资本债券,新浪
2020-06-29,金融应届生遭遇最难就业季，金融科技岗成大热门,中证报
2020-06-29,银证合作10年演化，从通道到牌照功能互补,Wind
2020-06-29,建行消费扶贫促复产 小小“湾宝”助力紫阳新社区工厂全面复工,中国金融新闻网
2020-06-29,本溪银保监局：对建设银行本溪分行作出行政处罚，罚款30万元 金融监管处罚,Wind
2020-06-29,中国建设银行本溪分行因浮利分费 被罚30万,金融界
2020-06-29,北水动向(6.29)|北水净流入5.69亿 加仓腾讯(00700)超15亿港元,智通财经
2020-06-29,建行南京分行：首家“建行大学裕农学堂”挂牌,中国金融新闻网
2020-06-29,从等客上门到主动出击 建行助海外客商使出“云功夫 ”,中国金融新闻网
2020-06-29,建行回应券商牌照事宜：目前未得到相关消息 对市场传闻不予评论,上证报
2020-06-29,建设银行升逾1% 或最先获发券商牌,新浪
2020-06-29,建行云南省分行行长杨中仑赴扶贫点调研定点扶贫工作,云南经济日报
2020-06-29,建设银行：“16胜通MTN001”违约后续 未按时兑付本息,Wind
2020-06-29,发挥网点资源优势 建行为上海困难青少年打造暖心驿站,新华网
2020-06-29,主承销商：北大方正集团破产重整后续进展 减资破产,Wind
2020-06-29,富瑞：内银或获发券商牌照 对工行及建行影响正面,格隆汇
2020-06-29,恒指震荡走低，国泰航空创近11年低位,Wind
2020-06-29,*ST康得13万股东被“闷杀”！如今或面临强制退市 风险警示,每日经济新闻
2020-06-29,以“银租联动”为抓手 深入布局普惠金融,中国金融新闻网
2020-06-28,"佛山建行全力打造""5G智能银行""",凤凰网
2020-06-28,"佛山建行获赠""抗击疫情，善德永存""锦旗和感谢信",凤凰网
2020-06-28,商业银行获取券商牌照，混业经营闭环最后一块拼图？,21世纪经济报道
2020-06-28,佛山建行联合禅城区住建局开展“民工惠”公益慰问活动,和讯
2020-06-28,行业透视：指数冲高回落 半导体概念股强势上攻,新浪
2020-06-26,“建行大学·金智惠民”微课堂第二期开讲， 带您了解防范电信网络诈骗“三步法”,上游新闻
2020-06-26,多个违法私募被注销，投资前须看清伪私募套路！ 其他违规处罚,Wind
2020-06-25,中原证券银行业半年度策略：逻辑重心切换，优选韧性良好标的,Wind
2020-06-25,银行系债转股公司资本占用凸显： 银行是否还有余粮？,Wind
2020-06-24,2020年全球银行科技专利排行TOP50，中国19家银行上榜,零壹财经
2020-06-24,2400亿元抗疫特别国债下周来袭，重点投向18个领域,Wind
2020-06-24,建设银行今日大宗交易成交63.34万股，成交价5.65元折价10.6%,Wind
2020-06-24,建设银行(601939.SH)完成发行境外二级资本债券,格隆汇
2020-06-24,怜悯金融地产？高股息带来长线配置价值,Wind
2020-06-23,有一家银行的信用卡业务能力，其他银行追一年都未必赶得上 | 愉见财经,和讯
2020-06-23,人行红河州中支多措并举为消费重振提质按下“快进键”,中国金融新闻网
2020-06-23,鹤岗市人民政府办公室关于印发鹤岗市金融支持稳企业保就业助企联络员试点工作方案的通知,Wind
2020-06-22,商务部与建行签署合作备忘录全力做好稳外贸稳外资工作,商务部
2020-06-22,本周资产证券化市场回顾,--
2020-06-19,2020年手机银行数字竞争力排行榜TOP100（第一期）,零壹财经
2020-06-19,陆港通每周复盘 | 南水净流入创历史次高！单日净入超180亿元,华盛证券
2020-06-19,海外信用评级汇总2020年6月19日星期五,Wind
2020-06-19,建行大学重庆市分行分校推出“金智惠民微课堂” ，以有趣有料的动画短视频为市民普及金融知识,上游新闻
2020-06-19,刘桂平：建行全面助力上海国际金融中心建设,中国金融新闻网
2020-06-19,佛山建行高明支行组织开展“关爱学子 港湾送福”主题活动,和讯
2020-06-19,佛山建行祖庙支行党、团支部开展“五四新青年，四亮显担当”主题活动,和讯
2020-06-19,建行刘桂平：全力服务上海全球资产管理中心建设 积极探索在沪设立合资资管机构,上证报
2020-06-19,建设银行行长刘桂平：积极探索在沪设立合资资管机构,澎湃新闻
2020-06-19,6大国有商业银行当中，哪个最好？,腾讯网
2020-06-19,港股投资日历：长城汇理、东方报业集团、勒泰集团等股披露业绩,Wind
2020-06-18,建行广西区分行：精准发力助广西糖业“二次创业”,云南糖网
2020-06-18,佛山建行运用金融科技赋能便民惠企服务,凤凰网
2020-06-18,"佛山建行""及时雨""助力""六保""",凤凰网
2020-06-18,建设银行境外发行20亿美元二级资本债，获全球投资者追捧,Wind
2020-06-18,以国有大行的担当全面助力上海国际金融中心建设——专访中国建设银行行长刘桂平,新华网
2020-06-18,山西银保监局：对建设银行太原分行作出行政处罚，罚款45万元 金融监管处罚,Wind
2020-06-18,大同煤业(601001.SH)：拟向建设银行申请贷款2亿元,格隆汇
2020-06-18,数字化助力“云端”广交会 建行助力企业逆袭“蜕变”,中国金融新闻网
2020-06-18,A股十年分红9万亿，金融业占据半壁江山,Wind
2020-06-17,六大行今年已领271张罚单：农行罚单数居首,Wind
2020-06-17,央行及银保监会行政处罚汇总（6月17日） 金融监管处罚,Wind
2020-06-17,中国建设银行沾河支行因金融许可证管理不尽职 被罚3万元,金融界
2020-06-17,“三晋通”推进山西数字政府建设,新华网
2020-06-17,黑河银保监局：对建设银行沾河支行作出行政处罚，罚款3万元 金融监管处罚,Wind
2020-06-17,时代热评 | 交通银行总部亏2亿太罕见，不良率冠绝六大行 亏损,时代在线
2020-06-17,昔日四大光伏“老将”陷入拍卖危机,北极星电力
2020-06-16,与建行签署合作协议，狮桥力拓“大平台”战略,零壹财经
2020-06-16,30家银行普惠型小微企业贷款排名：六大行“头雁”效应显著，天津银行增速达73%,零壹财经
2020-06-16,"金融行业日报：建设银行预计提供不少于1100亿元贷款,支持5个城市在未来3年内",东莞证券
2020-06-16,每日理财观察：5月份宏观经济数据全部出炉,Wind
2020-06-15,中核钛白(002145.SZ)：拟获建设银行广州分行提供30亿元的意向性授信额度,格隆汇
2020-06-15,海外信用评级汇总2020年6月15日星期一,Wind
2020-06-15,建行七招支持稳住外贸外资基本盘,中国金融新闻网
2020-06-15,*ST美都：新增建行德清支行资金账户被冻结 资产查封,Wind
2020-06-15,零壹租赁周报(6.8日-6.14日)：全国政协委员建议推广汽车融资租赁，建设银行与狮桥租赁签署100亿元合作协议,零壹财经
2020-06-15,资产质量压力陡升，地方银行信用卡线上化转型步伐未停,Wind
2020-06-15,惠誉：授予建设银行拟发行T2资本证券“ BBB+（EXP）”预期评级,Wind
2020-06-13,【天风建筑周报】敬请关注天风建筑中期策略会装配式电话会议专场,笑谈建筑
2020-06-12,狮桥力拓“大平台”战略践行普惠金融,中国金融新闻网
2020-06-12,茅台、五粮液、恒瑞医药、美的、建行、兴业银行等尾盘集合竞价获抢筹,Wind
2020-06-11,建行电子保函业务再上新台阶,中国金融新闻网
2020-06-11,某国有大行副行长又生变,金融界
2020-06-11,建设银行诱导用户买理财：转账超过5万强行弹窗，严控资金外流？,腾讯网
2020-06-11,与建行开展战略合作，「狮桥集团」计划拓展商用车普惠金融及服务生态,36氪
2020-06-11,银税联动再升级 建行“减税云贷”上线湖北,中国金融新闻网
2020-06-11,建行福建省分行精准服务“六稳”“六保”,中国金融新闻网
2020-06-11,为推动绿色发展贡献建行力量,中国金融新闻网
2020-06-11,中互金公示首批拟备案金融APP名单，备案成为金融机构合规必要条件,零壹财经
2020-06-11,银行理财也开始亏钱了！20余只理财产品首见跌破本金,券商中国
2020-06-10,透视银行不良：宁波银行贷款高收益率低不良怎么做到的？浙商银行逾期增速冲到第一 违约失信,新浪
2020-06-10,交行副行长吕家进拟任建行副行长,Wind
2020-06-10,自助刷脸取款，建行在您身边,云南经济日报
2020-06-10,“无平仓线”式股权质押现身香雪制药 建设银行为何不设平仓线？,经济观察网
2020-06-10,在岸人民币兑美元16:30收盘报7.067，较上一交易日涨212个基点,Wind
2020-06-10,台海核电一年债务逾期7个亿 建行等6家银行卷入 违约失信,券商中国
2020-06-10,董登新：让一流大蓝筹远离垃圾股,搜狐
2020-06-10,说来就来！技术性牛市开始，创业板率先走起！券商集体喊“牛”,Wind
2020-06-09,北上连买12天，创业板技术性牛市，但6成个股本月却跑输指数,Wind
2020-06-09,银行业零售专题报告：短期零售业务增速放缓 中长期转型趋势不改,新浪
2020-06-09,ST白茶2宗违法实控人朱丽燕遭罚 主办券商华龙证券,中国经济网
2020-06-09,易主！大有控股正式成为天龙光电新控股股东 控制人变化,北极星电力
2020-06-08,建设银行电子保函业务实现全流程线上办理,新浪
2020-06-08,建行重庆市分行以新金融行动赋能决战决胜脱贫攻坚,凤凰网
2020-06-08,建行哈尔滨南岗支行开展“爱心助残公益行”活动,中国金融信息网
2020-06-05,以种地为由骗贷百万！新疆两男子伪造合同多次行骗 建行等中招丨金融法眼 欺诈造假,新浪
2020-06-05,建设银行“无感支付”,中国电子银行网
2020-06-05,维护全球产业链协同 建行“组合拳”护航跨境金融业务,中国经济时报
2020-06-05,国际油价超预期反弹，“原油宝”投资者转战期市,Wind
2020-06-04,因办理保理业务应收账款真实性审查不严，建设银行太原五一路支行被罚30万元 金融监管处罚,Wind
2020-06-04,建行助力个体工商户“掌上办照” 注册登记上线“渝快办”APP,上游新闻
2020-06-04,大悦城：为眉山加悦置业3.4亿元贷款提供担保 大额借贷担保,中国网
2020-06-04,经济金融热点快评2020年第23期(总第407期)：如何理解直达实体经济的货币政策工具？,中国银行
2020-06-04,无锡市与建设银行江苏省分行签署战略合作协议,新华网
2020-06-04,北京市朝阳区50亿元金融活水纾困中小微企业,Wind
2020-06-04,科技赋能金融 提升服务效能,证券导报
2020-06-04,建设银行三家分行一天被监管开三张罚单 合计罚款金额175万元 金融监管处罚,GPLP犀牛财经
2020-06-03,6月2日，山东省轻工集体企业联社与建行山东省分行，在济南携手举办支持特色产业发展专项金融服务启动暨“联名卡”揭牌仪式。,中国金融信息网
2020-06-03,存万元每天只赚4毛！余额宝收益低于1年定存被微信碾压？,21世纪经济报道
2020-06-03,24小时不间断！建行北京市分行推“全球撮合家”平台 助力外贸企业逆境突围,北京商报
2020-06-03,服务更便捷 建行北京市分行智慧平台延伸金融服务触角,北京商报
2020-06-02,北京金融科技创新监管试点第二批应用对外公示,Wind
2020-06-02,27年股价猛飙400倍！茅台荣登A股总市值冠军,中国基金报
2020-06-02,建设银行柳州分行违法遭罚45万 违规收费 金融监管处罚,中国网
2020-06-02,建设银行柳州天山路支行违法遭罚45万 客户资金被非法转入他人账户 金融监管处罚,中国网
2020-06-02,数字化经营重塑小微信贷 普惠金融“建行模式”加速发展,全景网
2020-06-02,"数字化经营重塑小微信贷普惠金融""建行模式""加速发展",证券时报
2020-06-02,三大指数样本股调整，2500亿指基即将大规模调仓换股,Wind
2020-06-01,因内控合规管理不到位，建设银行柳州天山路支行被罚45万元 金融监管处罚,Wind
2020-06-01,因违规收费，建设银行柳州分行被罚45万元 金融监管处罚,Wind
2020-06-01,因财务顾问服务收费质价不符等多项违规，建设银行舟山分行被罚85万元 金融监管处罚,Wind
2020-06-01,客户资金被非法转入他人账户 建行一支行被罚款45万 金融监管处罚,中新经纬
2020-06-01,建行大学网络平台累计开展直播5645场 访问量超1亿人次,新浪
2020-06-01,A股融资融券日报：两融余额减少24.85亿元（5月29日）,Wind
2020-06-01,建行普惠金融产品重磅上新 为小微企业纾困解难,上游新闻
2020-06-01,运行平稳样本丰富，科创板指数应尽快推出,证券时报
2020-05-30,建设银行福建省分行：绿色金融助力福建高质量发展,新华网
2020-05-29,80后副行长骗银行40亿！被判无期、没收全部个人财产,搜狐
2020-05-29,陆港通每周复盘：北上资金流入翻倍！南下资金青睐建行,华盛证券
2020-05-29,中银香港前总裁高迎欣空降民生银行，任党委书记,Wind
2020-05-29,中国国贸(600007.SH)：董事会通过关于对公司长期借款进行重组的议案,格隆汇
2020-05-29,港股跌出“黄金坑”，抄底时机到了？,Wind
2020-05-29,银行行业点评：银行股反弹：过度悲观的预期正在改善,新浪
2020-05-29,2020银行金融科技最新布局,36氪
2020-05-29,银行消费贷“扎紧”口袋，违规首付贷瞄上经营贷,Wind
2020-05-28,大悦城控股拟为沈阳子公司贷款提供担保 涉资9.8亿元 大额借贷担保,观点地产网
2020-05-28,大悦城：为控股子公司14亿元贷款提供担保 担保额度9.8亿元 大额借贷担保,中国网
2020-05-28,因员工行为排查不到位导致发生案件，建设银行哈尔滨河松支行被罚30万元 金融监管处罚,Wind
2020-05-28,恒指宽幅震荡放量收跌0.72%，医药、芯片股跌幅居前,Wind
2020-05-28,银行又有大动作！五大行都来了，这类新业务魅力太大了,中国基金报
2020-05-28,客如云与建行浙江分行达成战略合作 书写本地生活数字化升级新篇章,浙江在线
2020-05-28,银行的信用卡业务最近怎么样了？,Bank资管
2020-05-27,建设银行打造智慧政务平台 助力地方政府优化治理手段,新浪
2020-05-27,网贷天眼晚报：建设银行再收罚单又一立案平台新进展,和讯
2020-05-27,建设银行：“16胜通MTN001”违约后续 未按时兑付本息,Wind
2020-05-27,建设银行福建省分行“新金融”激活产业固脱贫,新华网
2020-05-26,易纲警示未来银行业不良压力或将上升 哪些行业贷款质量会下滑？,华夏时报
2020-05-26,建行普惠金融产品“超市”为小微复工复产提供“菜单式”服务,中国金融新闻网
2020-05-26,美团业绩超预期大涨，市值超5000亿的中国上市公司还有这些！,Wind
2020-05-26,纾解融资难题：小微金融数字化转型需加力,新浪
2020-05-25,银行消费贷大起底：银行对优质客户的争夺将更加激烈,新浪
2020-05-25,北水动向(5.25)|北水净流入27.22亿 美团点评-W(03690)绩前获超6亿抢筹,智通财经
2020-05-25,建设银行：普惠金融产品超市，菜单式解决小微企业痛点,面包财经
2020-05-25,六大行金融科技实力大比拼：工行技术员工最多 建行投入最大,新浪
2020-05-25,汽车贷款行业存在哪些风险？2020汽车贷款行业发展现状及前景趋势分析,中研网
2020-05-24,建行重庆市分行普惠金融新产品精准服务小微企业,新华网
2020-05-24,包商银行“翻篇”！蒙商开业，徽商进京,腾讯网
2020-05-23,战略引领全局 建行积极构建数字普惠业务新生态,中国经营报
2020-05-22,因小微企业划型不准等多项违规，建设银行辽宁省分行被罚130万元 金融监管处罚,Wind
2020-05-22,北水动向(5.22)|北水净流入44.13亿 逢低抢筹工行(01398)、建行(00939),智通财经
2020-05-22,野村：料内银今年收入增长稳定首选建行(0939.HK)等,格隆汇
2020-05-22,建设银行助推重庆交通设施绿色升级,新华网
2020-05-22,苏州工业园区国有资产控股发展：“20苏国资SCP001”募集资金用途变更,Wind
2020-05-22,金融“添柴”科技“加火” 建行设双中心与厦门共建“金融强市”,中国金融新闻网
2020-05-22,内银股受压 建设银行跌近2%工商银行下跌1%,新浪
2020-05-22,天宸康合资管潘铁珊：建行(00939-HK)为何可以考虑于现价买入,财华社
2020-05-22,【银行*马祥云】深度：海外龙头银行大幅下滑Vs国内核心银行强劲增长 连续下跌,东吴研究所
2020-05-21,全员出动！为拿下银行理财子公司，券商拼了,中证报
2020-05-21,厦门政银携手建设“区块链基层治理协同平台”,中新网
2020-05-20,5月20日信用债偏离度监控,Wind
2020-05-20,中飞租赁与茅台租赁、中国建设银行签署战略合作协议,Wind
2020-05-20,北水动向(5.20)|北水净流入8.17亿 小米(01810)绩前获北水抢筹,智通财经
2020-05-20,2019年报银行金融科技数据最全盘点,极客网
2020-05-20,因内控制度执行严重违反审慎经营规则，建设银行银川火车站支行被罚40万元 金融监管处罚,Wind
2020-05-20,建行推出普惠金融贷款系列新产品,中国金融新闻网
2020-05-20,汇丰：调整内银股目标价 喜爱建行(0939.HK)工行(1398.HK),格隆汇
2020-05-20,建行广西分行：189亿支持1.35万民营企业复工复产,中国金融新闻网
2020-05-20,保就业助复工：建行的应对之策,中新网
2020-05-20,【读财报】普惠金融支持小微企业 哪家银行力度更强？,面包财经
2020-05-19,【中信建投银行杨荣】银行业周报219期：《因势而变的必要调整》,eResearch杨荣团队
2020-05-19,【中信建投银行杨荣】周报230期：《4 季度银行股有哪些催化剂？》,eResearch杨荣团队
2020-05-19,【中信建投银行杨荣】周报228期：《扩容债转股投资主体，加快不良资产处置》,eResearch杨荣团队
2020-05-19,【中信建投银行杨荣】行业简评：全面解读《人民银行法（修订稿）》：《推进现代中央银行制度，金融更好服务实体经济》,eResearch杨荣团队
2020-05-19,银行机构微博影响力哪家强？中信银行跌出前十,新浪
2020-05-19,【中信建投银行杨荣】建设银行（601939）半年报简评：《零售业务优势凸显》,eResearch杨荣团队
2020-05-19,【中信建投银行杨荣】2020年3季报综述：《息差企稳回升，零售边际改善》,eResearch杨荣团队
2020-05-19,北水动向(5.19)|北水净流入12.25亿 抢筹平安好医生(01833)逾8亿港元,智通财经
2020-05-19,跨境撮合“云相亲” 建行福建省分行助力稳外贸,中国金融新闻网
2020-05-19,【中信建投银行杨荣】上市银行20年半年报综述：《相信自然增长，存量风险出清》,eResearch杨荣团队
2020-05-19,【国盛策略】港股大变局2：南下资金全解析,尧望后势
2020-05-19,【中信建投银行杨荣】建设银行（601939）三季报简评：《净息差降速减缓， 潜在风险暴露》,eResearch杨荣团队
2020-05-19,新规下的银行消费贷：单户上限20万，掐住了谁的咽喉？,网易
2020-05-19,四季度银行股有哪些催化剂？,中信建投证券研究
2020-05-18,建行与多家企业联合发布《能源石化交易行业区块链应用白皮书》,中国金融新闻网
2020-05-18,建设银行：“15武陵源MTN001”持有人会议审议通过减资议案,Wind
2020-05-18,谁是小微金融之王？,金融界
2020-05-18,四大行普惠贷款增幅超50%,和讯
2020-05-18,港股盘前必读：恒指成分股维持50只不变,Wind
2020-05-18,低利率环境考验银行投资能力,Wind
2020-05-18,今年以来66位上市银行董监高离职，大部分仍坚持“老本行”,Wind
2020-05-17,后疫情时代 银行类上市公司何去何从？,腾讯网
2020-05-15,北水动向(5.15)|北水净流入20.77亿 中国飞鹤(06186)再获5.47亿增持,智通财经
2020-05-15,最被看好十大港股:瑞信上调美团点评目标价至139港元,新浪
2020-05-15,83.46亿元！建行福建省分行“新金融”助力跨境企业创订单,新华网
2020-05-15,主承销商：关注“18康得新SCP001”、“18康得新SCP002”违约后续,Wind
2020-05-15,小摩：上调建设银行(00939)目标价至8.7港元 维持“增持”评级,智通财经
2020-05-15,摩通：上调建行(0939.HK)目标价至8.7港元评级增持,格隆汇
2020-05-15,中石化江西吉安石油携手建行助 “油惠” 升温,凤凰网
2020-05-15,银保监会副主席曹宇：从系统重要性视角完善差异化监管,Wind
2020-05-15,建行省分行精准支持复工复产,云南日报
2020-05-14,沪深300等重要指数将调整样本股！这些股望入围,中证报
2020-05-14,建行江苏省分行积极支持外贸外资企业复工复产,中国金融新闻网
2020-05-14,建设银行(601939.SH)完成赎回境外二级资本债券,格隆汇
2020-05-14,海南建行首推电子营业执照对公账户服务,证券导报
2020-05-14,“硬核”闯关 建行江苏省分行采取措施稳外贸稳外资,和讯
2020-05-14,东吴银行 | 外资偏爱银行股，QFII红利最受益,东吴金融研究
2020-05-14,银行暗战支付宝,网易
2020-05-14,建行福建省分行“精准施策+跨界服务” 护航外贸企业复工复产,新浪
2020-05-13,银行基本面跟踪之八：从1季度监管指标看“让利实体”与“防风险”的平衡,新浪
2020-05-13,全球最大主权财富基金被大赎回，最新重仓26只A股,Wind
2020-05-13,建行助力消费回暖 “渝见”超值福利 惠民促经济,上游新闻
2020-05-13,建行3年1900亿元贷款，能解租赁市场资金之“渴”吗？,乐居财经
2020-05-13,监管开出上千万元罚单，彰显金融数据治理升级,Wind
2020-05-12,上海新增1220亿元专项信贷额度,Wind
2020-05-12,建行500亿元助力杭州发展政策性租赁住房,中国金融新闻网
2020-05-12,建行广西分行：借助建行跨境撮合平台支持广西企业“走出去”,中国金融新闻网
2020-05-12,建行云南省分行推出“云糖贷”带来“及时雨”让糖企有“活水”,云南糖网
2020-05-12,福州住建部：未来三年 推出10万套价值200亿的政策性租赁住房,腾讯网
2020-05-12,国内首家纯外资公募落地！北上资金连续八周净流入,Wind
2020-05-11,云上每经发布2020中国上市公司品牌价值榜 联想、百度、建行等纷纷点赞,每日经济新闻
2020-05-11,建行云南省分行“云糖贷+裕农通”甜进蔗农心里,云南经济日报
2020-05-11,建行数字人民币钱包界面曝光 DCEP集齐四大行,网易
2020-05-11,因未按规定履行客户身份初次识别义务，建设银行、邮储银行分行被罚 其他违规处罚,Wind
2020-05-11,外资加码布局！国内首家外商独资公募即将落地,Wind
2020-05-11,500亿元！建设银行助力广州发展政策性租赁住房,中国金融新闻网
2020-05-11,建行全国首个国电直连模式贷款业务落地,中国金融新闻网
2020-05-11,保利公寓与建行签约：未来三年筹集政策性租赁住房15万套,观点地产网
2020-05-11,【读财报】谁未披露？横评上市商业银行净稳定资金比例,面包财经
2020-05-11,8家银行被银保监会开1970万元罚单，均涉监管“最强大脑”违规 其他违规处罚,Wind
2020-05-10,中信、工行、建行等8家银行因“数据问题”被罚款1770万元，农行再“加送”1张200万元罚单 金融监管处罚,和讯
2020-05-10,建设银行将提供200亿支持福州政策性租赁住房发展,新华网
2020-05-09,监管下重手国有六大行因为这些事集体被处罚 其他违规处罚,上证报
2020-05-09,海外驰援雪中送炭 建行境外捐赠抗疫金额超3500万元,中国金融新闻网
2020-05-09,银保监会出手！中行等8大银行共被罚1970万，原因是它 金融监管处罚,中新经纬
2020-05-09,佳兆业科创集团与建设银行达成投贷联动合作 助力科技孵化投资,和讯
2020-05-09,广州未来3年将为30万“广漂”提供15万套租赁住房,Wind
2020-05-09,黑龙江建行“跨境撮合”助力“紫丁香”牵手“金紫荆”,中国金融信息网
2020-05-09,工信部：大力开展金融合作，工业题材影视剧制作等工业文化产业发展,Wind
2020-05-08,建行推出“全球撮合家”平台 助力国际抗疫合作,新浪
2020-05-08,全国首个合资理财公司落地，还有多家在“跑步进场”,Wind
2020-05-08,好声音里的建行故事,新华网
2020-05-08,建行陕西省分行：在全省首推电子营业执照开户业务,中国金融新闻网
2020-05-08,郭晓蓓：多层次培育银行营销服务生态,新浪
2020-05-08,中一签赚5万？新股机会来了！更有一签或赚10万在路上,中国基金报
2020-05-08,A股银行一季度业绩超预期：15家银行实现营收净利两位数增长,每日经济新闻
2020-05-08,比亚迪上半年纯利高于券商预期,南方财经网
2020-05-07,A股上市银行一季度业绩超预期：15家银行实现营收净利两位数增长,每日经济新闻
2020-05-07,建行四川省分行推出“递件即贷”快速放款服务,新浪
2020-05-07,A股上市银行1季度业绩超预期：15家银行实现营收净利两位数增长,新浪
2020-05-07,A股上市银行一季度净利普增 疫情之下不良增加资产质量承压,新浪
2020-05-07,建行贵州省分行创新开展“流量扶贫+消费扶贫”,中国金融新闻网
2020-05-07,建行积极开展跨境撮合业务,中国金融新闻网
2020-05-07,建行云南省分行金融活水护航实体经济,中国金融新闻网
2020-05-07,信用卡消费贷款房贷业务承压，一季度银行关注类贷款占比反弹,21世纪经济报道
2020-05-07,资负表策略看利润表空间—银行业资产负债回顾与展望,麦高bank
2020-05-06,银行机构微博影响力哪家强？国家开发银行跌出前十,新浪
2020-05-06,中美头部公司业绩PK，传统行业依旧强势,Wind
2020-05-06,原油暴涨280%！中行原油宝，倒在了黎明前,中国基金报
2020-05-06,冯加益:农商行布局金融科技重点应放在三大能力和四大平台,新浪
2020-05-06,拓展“长尾” 银行密集布局消费金融市场,中国经营报
2020-05-06,建设银行合肥城东支行违法遭罚30万 严重违反审慎经营规则 金融监管处罚,中国网
2020-05-05,2020年五大行一季度财报公布 商业银行的发展现状分析 商业银行的发展趋势有哪些,中研网
2020-05-05,建行浙江省分行“全球撮合家”成功牵线跨境防疫物资对接,每日商报
2020-05-04,建行：在国际商品市场价格趋近零或合理预期将出现负数价格时将暂停全部或部分账户商品业务交易 经营问题,中证网
2020-05-04,建设银行：在国际商品市场价格趋近零或合理预期将出现负数价格时，将暂停全部或部分账户交易,Wind
2020-05-04,A股公司发“红包”谁最壕？,Wind
2020-05-04,中国银行：业绩中规中矩，原油宝突显风险管理不足,财华社
2020-05-04,【异动股】建设银行(00939-HK)跌3.956%,财华社
2020-05-04,建行大学重庆市分行分校：演讲述说“三度”显真情 抗疫复工行动勇担当,新华网
2020-05-04,揭秘银行员工工资：工行全年付千亿给职工 浙商银行人均薪酬57万,中财网
2020-05-04,金融科技重塑银行业,和讯
2020-05-03,四大行薪酬曝光：“最穷”农行约27万，工行29万，低调建行拿第一,网易
2020-05-02,六大行一季度成绩单出炉：“宇宙行”营收负增长，不良率“两升四平”,国际金融报
2020-05-02,微粒贷“裂变式”营销一日游背后,Wind
2020-05-01,【建设银行】息差承压，存贷规模较快增长,志明看金融
2020-05-01,敲黑板！一季度上市银行成绩单出炉，马上解读→,金融时报
2020-05-01,国有六大行2020年一季度平均每天赚35.56亿,和讯
2020-05-01,六大国有银行年赚超1.1万亿，马云和马化腾的银行又赚了多少？,搜狐
2020-05-01,A股一季报全透析：有公司日亏2个亿！4行业逆势增长，银行业贡献A股过半利润 亏损,21世纪经济报道
2020-05-01,上市银行净利增速略降 长期向好态势不变 盈利能力下降,金融时报
2020-05-01,江苏逾七成上市公司一季度盈利,和讯
2020-05-01,不良率小幅上行 零售类贷款不良压力凸显,新浪
2020-04-30,因在发放个人再交易住房贷款过程中贷前调查不尽职，建设银行合肥城东支行被罚30万元 其他违规处罚,Wind
2020-04-30,建行浙江省分行依托“全球撮合家”助力企业复工复产,中国金融新闻网
2020-04-30,建设银行与河北省人民政府举行“互联网+政务服务”工作优化提升线上签约仪式,中证网
2020-04-30,发力“五五购物节” 建行上海市分行促进消费提质扩容,中国金融新闻网
2020-04-30,西部陆海新通道建设重大项目融资签约对接会在南宁举行,中国金融新闻网
2020-04-30,疫情之下六大行一季报还是不错的，不良率四家持平两家略升,第一财经
2020-04-30,首批90家机构签署《非金融企业债务融资工具承销机构自律公约》,Wind
2020-04-30,6大行今年贷款投向何处：建行拟新增1.55万亿 工行交行超去年,21世纪经济报道
2020-04-30,建行将对个人客户风险评估系统进行升级,中证网
2020-04-30,独家︱六大行2020年贷款投向何处：建行拟新增1.55万亿，工行、交行将超去年,21世纪经济报道
2020-04-30,蒙商银行4月30日正式设立，注册资本200亿元,Wind
2020-04-30,央行确定2020年度公开市场业务一级交易商，共有49家,Wind
2020-04-30,包商银行接管组：包商银行拟将相关业务、资产及负债分别转让至蒙商银行和徽商银行,Wind
2020-04-30,建设银行：将对个人客户风险评估系统进行升级,Wind
2020-04-30,五大行一季度盈利2710亿元 邮储银行同比增速最高 2020商业银行信贷市场现状及前景分析,新浪
2020-04-30,网点关停潮加速，智慧银行是未来出路吗？ 经营问题,36氪
2020-04-30,聚焦“六保” 建行广东省分行搭全球平台稳湾区外贸,时代在线
2020-04-30,建行大学荣获“年度先进企业大学”等荣誉奖项,新华网
2020-04-30,六大行一季度赚了3244亿 谁的吸金能力更强？,华夏时报
2020-04-30,中国建设银行“全球撮合家”平台助力防疫物资,商务部
2020-04-30,美港电讯独家|国有五大行一季度业绩大PK国有五大行一季度业绩出炉，总计营收8362亿元,金十数据
2020-04-30,海南建行纪委扎实做好疫情防控监督工作,证券导报
2020-04-30,建行一季度实现净利润808.55亿元,中国金融新闻网
2020-04-30,西部陆海新通道建设重大项目融资签约对接会在广西南宁举行,中国金融信息网
2020-04-30,大数据全扫描！A股2019年业绩最强榜单出炉,Wind
2020-04-30,六大国有行一季度盈利3244亿 四家不良率与上年末持平开局平稳,长江商报
2020-04-30,收入表现积极，拨备计提审慎—建行Q1业绩点评,麦高bank
2020-04-30,“疯狂的信用卡”降温,面包财经
2020-04-30,消费贷、房贷业务承压，银行资产质量不容乐观,Wind
2020-04-30,疫情下银行一季度盈利能力未受冲击，但不良贷款余额普遍走高,澎湃新闻
2020-04-30,保亿万市场主体促经济有力回升,Wind
2020-04-30,四大行一季度不良贷款小幅反弹，工行营收负增长近4%,Wind
2020-04-30,四大行一季度不良贷款小幅反弹工行营收负增长近4% 资产异常,证券时报
2020-04-30,信用卡、消费贷款、房贷业务承压，监管或进一步放松,Wind
2020-04-30,建行一季度业绩超预期资产不良率与上年持平,时代周报
2020-04-29,六大行一季报出炉：工商银行净利844.94亿元夺冠,金融界
2020-04-29,国有六大行一季度日赚超35亿，工行依旧最能赚,中新经纬
2020-04-29,中金：内银首季利润略超预期 光大(06818)及建行(00939)业绩高预测,智通财经
2020-04-29,野村：建行(0939.HK)季绩略胜预期 重申买入评级,格隆汇
2020-04-29,美银证券：维持对建行(0939.HK)买入评级 目标价6.92港元,格隆汇
2020-04-29,美银美林：维持建设银行买入评级 目标价6.92港元,新浪
2020-04-29,建设银行：一季度净利润同比增长5.12%,Wind
2020-04-29,美银美林：维持建设银行(00939)“买入”评级 目标价6.92港元,智通财经
2020-04-29,建设银行资产规模稳步增长 一季度为疫情防控相关企业发放贷款969亿元,证券日报
2020-04-29,银行扎堆筹建消费金融公司 背后有何深意？,新浪
2020-04-29,建设银行:一季度核心指标表现稳健,中国金融新闻网
2020-04-29,五大行一季度盈利2710亿元 工行净利润领跑 2020年中国银行自助服务行业市场前瞻,中研网
2020-04-29,日进斗金！五大行一季度盈利2710亿元：工行独占844亿，资产规模超32万亿,前瞻网
2020-04-29,中国建设银行公布2020年第一季度业绩,新华网
2020-04-29,五大行一季度盈利2710亿元 五大行是哪几个银行？商业银行和五大行的区别,中研网
2020-04-29,公积金支付房租 济南将可按月提,山东商报
2020-04-29,建设银行一季度吸收存款19.70万亿元 增长7.30％,金融界
2020-04-29,建行2020年1季度归母净利808.55亿元 拨备覆盖率为230.27％,金融界
2020-04-29,建行首季净利同比增5.12% 不良贷款率1.42%,中证网
2020-04-29,陆家嘴财经早餐2020年4月29日星期三,Wind
2020-04-29,上市公司正负面新闻2020年4月29日星期三,Wind
2020-04-29,五大行一季度业绩出炉信贷投放力度显著加大,Wind
2020-04-29,净利2700亿！国有五大行一季度业绩出炉，邮储紧逼交行，建行追工行,搜狐
2020-04-29,建行(00939-HK)首季盈利增5%资本充足率17.22%,财华社
2020-04-28,五大行一季度净利润均超预期 银行股春天来了？,中证报
2020-04-28,五大行一季度净利润均超预期！“宇宙行”领跑，银行股春天来了？,中证报
2020-04-28,五大行一季度净利均超预期 交行不良率有所上升,中证报
2020-04-28,建行一季度实现净利808.55亿元 同比增5.12%,北京商报
2020-04-28,建行首季实现净利808.55亿元 同比增5.12%,新浪
2020-04-28,建行首季实现净利润809.81亿元 同比增5.12%,新浪
2020-04-28,建设银行一季度净利增长5.12%，不良贷款增加135.37亿元,中华网
2020-04-28,建行：一季度实现归属股东净利润808.55亿元 同比增长5.12%,上证报
2020-04-28,建行：2020年1季度归属股东净利808.55亿元 同比增长5.12%,中国证券网
2020-04-28,建设银行：2020年1季度营收1864.05亿元 同比增长4.24%,新浪
2020-04-28,建设银行(00939)提名杨丰来为股东代表监事候选人,智通财经
2020-04-28,建设银行：一季度净利润808.55亿元 同比增长5.12%,e公司
2020-04-28,建设银行：一季度净利润同比增长5.12%至808.55亿元,格隆汇
2020-04-28,建设银行：第一季度归属本行股东的净利润808.55亿元，同比增5.12%,Wind
2020-04-28,总资产超2万亿！六大行10类金控牌照最全梳理,搜狐
2020-04-28,内银季绩大比拼：风雨同路,财华社
2020-04-28,建设银行：4月29日上午9:00起，暂停账户铜与账户大豆品种月度合约开仓交易,Wind
2020-04-28,建设银行：关注“五一”节假期账户原油投资风险,中国财富网
2020-04-28,建设银行：提醒客户关注“五一”节假期账户原油投资风险,Wind
2020-04-28,多只内银股今日放榜 建行现涨1%交行扬近2%,新浪
2020-04-28,银行股低估值叠加高分红，机构称适宜长线资金配置,Wind
2020-04-27,原油暴“负”后银行陆续暂停挂钩大宗产品，纸黄金前景如何？,Wind
2020-04-27,建设银行今日大宗交易成交150.41万股，成交价6.26元溢价0.0%,Wind
2020-04-27,建行安徽省分行“三路并行”助力企业复工复产,新浪
2020-04-27,建行江西省分行驻村扶贫工作队助新田村脱贫奔小康,新浪
2020-04-27,第四家！工行暂停相关原油产品开仓交易，中交建三行已叫停,中新经纬
2020-04-27,上游新闻 | 建行在重庆首推电子营业执照开户服务,上游新闻
2020-04-27,对公VS零售：12家上市银行的重心之选,36氪
2020-04-27,年报观察 | 制造业成银行信贷投放重点，个人住房贷款出现分化,和讯
2020-04-27,年报揭秘六大行组织架构调整 金融科技能力到底谁家强？,中国电子银行网
2020-04-27,内银绩前齐飙升 建行上涨3%招行急升近4%,新浪
2020-04-27,“新基建”牵引： 银行科技投入再加码,金融时报
2020-04-26,基本面韧性，资金面弹性——银行业投资观察,麦高bank
2020-04-26,建行湖南省分行出台多项举措助力企业复工复产,新浪
2020-04-26,金融租赁增资火热！四家国有大行金租子公司去年盈利超82亿元,证券日报
2020-04-26,建行江苏省分行与南京市江北新区管委会签署战略合作协议,和讯
2020-04-26,原油宝惨案，没有一片雪花是无辜的,腾讯网
2020-04-26,解析中行原油宝交易机制 银行账户原油产品市场面临重塑,经济观察网
2020-04-26,零壹租赁周报（4.20日-4.26日）：全国融资租赁合同余额首现负增长，华夏金租延期披露年报 延期披露,零壹财经
2020-04-25,被“猎杀”的启示：谨慎入市,Wind
2020-04-24,建行福建省分行开启“百千万”金融行动 助力企业复工复产,新浪
2020-04-24,建行蚌埠市分行“云电贷”点亮小微企业“双复”路,搜狐
2020-04-24,原油宝暴雷，中行一周蒸发440亿！美国、香港“韭菜”被收割,中国基金报
2020-04-24,一季度投放对公贷款245亿元 建行云南省分行金融活水护航实体经济,新华网
2020-04-24,行业增长乏力，转型失败案例多，平安银行要转型“对公”？,前瞻研究院
2020-04-24,原油宝事件继续发酵 中行市值缩水超200亿元！业界人士喊话回国吧 连续下跌,期货日报
2020-04-24,20日晚中行到底为何慢半拍？交易员：3件事竟然在同一时刻发生,21世纪经济报道
2020-04-24,今年以来有15省市开出涉房罚单 浙江辖内受罚机构数量最多,澎湃新闻
2020-04-24,今年以来15省市开出涉房罚单 中信银行被处罚金额最大 金融监管处罚,澎湃新闻
2020-04-24,驻建行纪监组开展专业素质提升活动 存本领恐慌、能力不足问题,新浪
2020-04-23,建行创新推出“惠农富硒贷”助力紫阳茶产业发展,新浪
2020-04-23,原油宝穿仓追踪:中行建行暂停纸原油合约新开仓交易,澎湃新闻
2020-04-23,“原油比水还便宜 中行带你去交易！”结果本钱没了，还,中新网
2020-04-23,建设银行(00939-HK)向子公司建信租赁增资人民币30亿元,财华社
2020-04-23,建行金融区块链支付场景助厦门再“远航”,中国金融新闻网
2020-04-23,融360|简普科技数据研究 银行花式促销消费贷，不良率略有攀升 资产异常,凤凰网
2020-04-23,福建省商务厅与建行福建省分行深化战略合作签约 暨建行“百千万”金融行动开启,商务部
2020-04-23,海南政务便民服务站正式亮相,证券导报
2020-04-23,继中行、建行之后 交通银行也暂停纸原油新开仓交易,澎湃新闻
2020-04-23,炒“纸原油”巨亏，监管已介入，亦有分析师看多油价年底上50美元,Wind
2020-04-23,“中行原油宝”无杠杆穿仓致倒贴之谜,中国经营网
2020-04-23,“原油比水还便宜 中行带你去交易！”刚刚 中行回应原油宝巨亏！三大细节仍遭质疑 不还钱将纳入征信 重大损失,券商中国
2020-04-22,商务部印发《关于金融支持家政扶贫工作的通知》,Wind
2020-04-22,建信金科助力厦门打造金融区块链平台 实现海运费支付线上办理,新浪
2020-04-22,建行北京市分行“三步走”策略助力北京市消费扶贫双创中心复工,新浪
2020-04-22,中行正式回应来了！原油宝巨亏前 为何没有强制平仓？ 重大损失,中证报
2020-04-22,中行称原油宝由客户自主交易决策，律师：投资者可索赔,Wind
2020-04-22,晚间要闻2020年4月22日星期三,Wind
2020-04-22,因原油宝倒贴事件，中行某市分行领导已被监管约谈 其他违规处罚,Wind
2020-04-22,建行：暂停账户原油Brent与账户原油WTI品种月度合约的开仓交易,上证报
2020-04-22,建设银行暂停账户原油WTI等月度合约开仓交易,21世纪经济报道
2020-04-22,建设银行：向建信租赁增资300亿元,金融界
2020-04-22,商务部印发《关于金融支持家政扶贫工作的通知》,上证报
2020-04-22,建设银行：暂停账户原油Brent与账户原油WTI品种月度合约的开仓交易,Wind
2020-04-22,因违法违规发放个人商业用房住房按揭贷款等，建设银行黔西南州分行被罚20万元,Wind
2020-04-22,建设银行(601939.SH)拟向建信租赁增资30亿元,格隆汇
2020-04-22,监管部门已要求银行自查产品风险，高波动原油不适宜散户投机,第一财经
2020-04-22,原油宝移仓风波：中行纸原油客户屡屡爆仓巨额亏损 股票质押异常,华夏时报
2020-04-22,能化品再现“跌停潮”，机构展望最佳资产配置,Wind
2020-04-22,“纸原油”大翻车！亏光买油资金还倒欠银行钱,e公司
2020-04-22,建行深圳分行抵押云贷从严，原则上不接受过户不满6个月房产,证券时报网
2020-04-22,【读财报】赚了超万亿！“六大行”反哺实体经济的时刻到了！,新华网
2020-04-22,疯狂的油价！“负油价”后，开启暴跌暴涨循环，中行暂停交易原油宝,第一财经
2020-04-22,为银行规避“近亲繁殖”点赞,和讯
2020-04-22,赚超万亿！“六大行”反哺实体经济的时刻到了！,面包财经
2020-04-22,抄底原油一天爆亏超30%，投资者中行原油账户被冻结 亏损,券商中国
2020-04-21,建行北京市分行：特殊时期，消费扶贫脚步不停、力度不减,北京商报
2020-04-21,建行发布风险提示：建议投资者充分关注近期原油市场价格波动 合理控制仓位,中证网
2020-04-21,抢夺“首贷户”：普惠金融下沉攻防实录,财经杂志
2020-04-21,建设银行发布关于近期账户商品业务的市场风险提示,Wind
2020-04-21,建行黑龙江省分行“六招”提升实体经济活力,中国金融新闻网
2020-04-21,建行将为川企川货“走出去”提供意向融资500亿元,中国金融新闻网
2020-04-21,从“跑马圈地”到“盘整巩固” 数字化将成信用卡业务未来新方向,金融时报
2020-04-20,ST威龙：7000万元银行贷款逾期 违约失信,Wind
2020-04-20,苏宁金融研究院：金融科技 诸神黄昏,新浪
2020-04-20,全力保障农时 建行北京市分行引金融活水灌溉农田,金融界
2020-04-20,“一群一策” 助力复工复产 建行上海市分行为企业按下“快进键”,中国金融新闻网
2020-04-20,激战零售业务 交行、华夏个人贷款不良双升,腾讯网
2020-04-19,股息率超6%！买银行股比买理财赚钱？答案没有那么简单,金融界
2020-04-18,青客们的生死局,乐居财经
2020-04-17,神州信息：建设银行是公司金融领域重要的客户之一，目前业务类型以软件和服务为主,Wind
2020-04-17,银行贷款“劲”入民营小微企业,中华工商时报
2020-04-17,年薪2000万+可期待！银行业董监高薪酬榜公布,券商中国
2020-04-16,建设银行：“19蓝星MTN001”持有人会议审议通过减资议案,Wind
2020-04-16,建设银行(00939.HK)4月28日举行董事会议以批准季度业绩,格隆汇
2020-04-16,松发股份：向银行申请抵押贷款4800万元,Wind
2020-04-16,突发闪崩！次新股2分钟暴跌80%，更有银行巨头濒临腰斩,中国基金报
2020-04-16,蒙商银行召开创立大会，管理层中“老包商”基本出局,21世纪经济报道
2020-04-16,港股盘前必读：原油期货盘中破20美元，MLF中标利率下调至2.95%,Wind
2020-04-16,“拼团存款”是营销噱头还是揽储大战？,Wind
2020-04-15,6大上市银行保险代销成绩单曝光：工行保费超1300亿元,新浪
2020-04-15,【独家】建行旗下建融家园接手杭州青客约5000间房源,经济观察网
2020-04-15,小微金融“晒单” 10家银行投放谁最给力,北京商报
2020-04-15,聚焦国有六大行2020年春招：科技类岗位最热门，有银行对抗疫一线医护子女、大学生村官设专项招聘,和讯
2020-04-15,【读财报】银行“含科率”哪家强？,新华网
2020-04-15,银行负债端兴起“拼团存款”，定期利率最高上浮50%,Wind
2020-04-15,银行负债端兴起“拼团存款” 定期利率最高上浮50%,21世纪经济报道
2020-04-15,ETC盛宴红利观察： 六大银行获客超9千万个端口，设备商净利增速达132倍,21世纪经济报道
2020-04-15,ETC盛宴红利观察：六大银行获客超9千万个端口，设备商净利增速达132倍,21世纪经济报道
2020-04-14,外汇局福建省分局：升级外汇金融服务 全力支持外贸企业复工复产,中国金融新闻网
2020-04-14,跟着“国家队”炒股：汇金证金“种草”保险，社保中意长春高新,第一财经
2020-04-14,因年龄原因 建行副行长黄毅、监事方秋月及首席财务官许一鸣陆续辞任 董监高成员变化,金融界
2020-04-14,大行消费贷踩下急刹车：光大同比增速缩减20倍 工行、建行余额跌出2000亿,金融界
2020-04-14,建行三名高管到龄退休：副行长黄毅、首席财务官许一鸣等,21世纪经济报道
2020-04-14,东北成银行的利润黑洞？年报显示一些银行在东北连亏两年或微利,腾讯网
2020-04-14,建设银行(00939-HK)：方秋月拟辞任股东代表监事 董监高成员变化,财华社
2020-04-14,消费金融十万亿市场争夺战 平安建行火线布局,时代在线
2020-04-13,赴一场京郊“春天之约” ——建行北京市分行全力保障农时，服务农村农户,北京商报
2020-04-13,建设银行：许一鸣辞去本行首席财务官的职务 董监高成员变化,Wind
2020-04-13,建设银行：方秋月辞去股东代表监事等职务 董监高成员变化,Wind
2020-04-13,建行杭州分行落地“裕民通+工地”模式,中国金融新闻网
2020-04-13,方秋月辞任建设银行(00939)股东代表监事等职务 董监高成员变化,智通财经
2020-04-13,新增腰斩、不良飙升：信用卡后势如何发展？,金融界
2020-04-13,票据缓解中小微企业融资难，防套利风险仍值得重视,Wind
2020-04-13,金融纾困稳外贸，银行打出“组合拳”,Wind
2020-04-13,拼抢零售市场 银行消费贷可“团购”,中证报
2020-04-12,湖南建行一季度新增贷款466亿元为稳经济注入金融暖流,红网
2020-04-12,普惠金融再升级 建行打好“复工助企”组合拳,中国金融新闻网
2020-04-12,银行又涨薪！但这家大行平均月薪涨534块，还少了1.64万柜员，发生了什么？,和讯
2020-04-11,地方政府密集出台新一轮户籍、楼市新政,Wind
2020-04-10,7家银行与河南国控集团座谈：稳住存量前提下，不采取法律措施追讨债务,每日经济新闻
2020-04-10,建行北京市分行：新卡送“薪”人,北京商报
2020-04-10,上市银行业绩大放送！工行每小时净赚3564万 四家归母净利下滑 盈利能力下降,投资时报
2020-04-10,北京：税宣月“银税互动”再加力缓解企业融资难,国税总局
2020-04-10,稳中有变 消费和“新基建”将成信贷投放新重点,新浪
2020-04-10,从年报一个不起眼小数据，探寻建行“数字化”大乾坤,和讯
2020-04-10,中国平安正式入局消费金融，10家持牌消金公司分化加剧,Wind
2020-04-09,建设银行：赎回境外二级资本债券,e公司
2020-04-09,山西银保监局：对建设银行太原分行作出行政处罚，罚款35万元,Wind
2020-04-09,建行推出“个体工商户抵押快贷”纾解融资之困,证券导报
2020-04-09,扶微纾困 同生共荣,金融时报
2020-04-09,银行住房金融业务 保持“强定力”,金融时报
2020-04-09,外贸企业遇“二次考验”，银行出招稳订单降成本,Wind
2020-04-09,国有大行去年新增发卡降速 下一阶段将深耕“生态建设”,证券日报
2020-04-09,五大行湖北复产助力路径 4550亿专项融资额重投基建,21世纪经济报道
2020-04-08,建行、招行两家银行副行长辞任 董监高成员变化,腾讯网
2020-04-08,又有基金“一日售罄”，狂卖100亿！,中国基金报
2020-04-08,北水动向(4.8)|北水净流入23.49亿 中芯国际(00981)上调业绩指引 重获北水追捧,智通财经
2020-04-08,重金囤兵 六大行金融科技实力PK,北京商报
2020-04-08,年报揭秘六大行组织架构调整 金融科技能力到底谁家强？,和讯
2020-04-08,杜绝银行近亲繁殖 堵住权力滥用的漏洞,中国青年报
2020-04-08,银行业盈利地图来了：在哪里做生意最赚钱？,上证报
2020-04-08,掌管1.4万亿资金建信信托去年净赚逾22亿,证券时报
2020-04-07,抢占消金市场 建行设立消金公司是步好棋么？,新浪
2020-04-07,银行机构微博影响力哪家强？工商银行跌出前十,新浪
2020-04-07,国有四大行：哪一家更值得投？,财华社
2020-04-07,掌管1.4万亿资金！建信信托2019净利22.18亿，冠绝建行系子公司,证券时报网
2020-04-07,银政携手：建设银行助力企业复工、复产、复市,面包财经
2020-04-07,深圳调整疫情期间征信数据上报，延后还款期限并设置征信保护期,Wind
2020-04-07,工银、建信等银行理财子公司成绩单全红 委外合作力度加大权益布局加快,券商中国
2020-04-07,一图透视六大行年报：工行最会“赚钱” 建行最“大方”,新京报
2020-04-07,揭开银行零售业务的面具,和讯
2020-04-07,六大行超额完成30%增长目标 小微信贷量增价降获实效,新浪
2020-04-07,持牌消费金融公司业绩分化 行业扩容提速巨头持续入场,上证报
2020-04-07,中间业务收入大增，上市银行盈利结构转型提速,Wind
2020-04-07,银行业发力重点区域与关键领域,金融时报
2020-04-07,中间业务收入大增 上市银行盈利结构转型提速,证券日报
2020-04-06,A股周一见 | A股缩量震荡，机构称当前已是底部区域,第一财经
2020-04-06,五大行去年不良贷款率下降，今年资产质量管理压力加大,中证报
2020-04-06,建设银行规定：所有员工亲属不得招录至总行本部工作,Wind
2020-04-05,"零售金融大幅下降,银行重新思考战略定位",21世纪经济报道
2020-04-05,建行江苏省分行：携手江苏信保助力企业复工复产,中国金融新闻网
2020-04-04,【热点】被忽略的「大零售」巨头,搜狐
2020-04-04,六大行2019年共赚1.12万亿 净息差承压、寻路零售市场,经济观察网
2020-04-04,焦点|银行年报发出预警：房企坏账风险正在暴露 资产异常,搜狐
2020-04-04,钱去哪儿了？——2019年报折射银行业新走向,新华网
2020-04-04,10家持牌消金公司业绩PK：招联、马上领先，长银五八成黑马,Wind
2020-04-04,细说六大行的2019年：平均日赚30亿元，工行依然稳居第一|看财报,钛媒体
2020-04-04,上市公司正负面新闻2020年4月4日星期六,Wind
2020-04-04,零售金融遭遇“滑铁卢”,Wind
2020-04-04,永升生活处于高速增长阶段,南方财经网
2020-04-04,建设银行公告：副行长黄毅退休,腾讯网
2020-04-03,公告点题丨4月3日这些公告有看头,第一财经
2020-04-03,建设银行：黄毅副行长辞任 董监高成员变化,Wind
2020-04-03,上游新闻 | 春暖花开 美好生活 重庆建行“裕农通”暖心助力复工扶农,上游新闻
2020-04-03,建行四川省分行联合当地政府部门开展专项金融服务,中国金融新闻网
2020-04-03,国有六大银行现金分红大盘点：建行最豪爽，交行股息率最高,和讯
2020-04-03,A股融资融券日报：两融余额增加17.64亿元（4月2日）,Wind
2020-04-03,理财子公司年度业绩首亮相，轻装上阵不到一年均盈利,Wind
2020-04-03,六大行员工结构、人均薪酬对比,渤源资产
2020-04-03,【睿·财富】5大行业绩来袭，寻找被错杀的价值股,恒泰头派账户
2020-04-03,上市银行资产质量稳健向好,金融时报
2020-04-03,国有大行年报透露“拼子”战况，4家理财子公司首晒成绩单,Wind
2020-04-03,私募爆雷数亿元下落不明，投资者艰难追偿,Wind
2020-04-03,证券时报头版：低估值≠投资价值，警惕看似便宜的港股陷阱,Wind
2020-04-03,国有六大行去年“揽储地图”新变化 农行“长三角”发力 邮储行首选中部地区,证券日报
2020-04-02,交通银行地位遭遇挑战！营收净利被招行赶超 信用卡不良率上升 资产异常,投资时报
2020-04-02,国有大行进入“拼子”元年，理财子公司哪家强？排名都在这了！,证券日报
2020-04-02,工行、建行、招行：谁是银行业金融科技之王？,36氪
2020-04-02,国有六大银行赚钱能力哪家强？工行日赚8.55亿元，交行人均创利最多,和讯
2020-04-02,疫情冲击银行资产质量，多家大行已出手！如何打好这场保卫战？,券商中国
2020-04-02,【中原晨会0402】市场分析、流动性周报、计算机月报、银河磁体、涪陵榨菜、建设银行,中原证券研究所
2020-04-02,【中原银行王鸿行】建设银行(601939)年报点评*净息差韧性较好，资产质量优势明显,中原证券研究所
2020-04-02,银行理财子公司最新经营情况一览,渤源资产
2020-04-02,短期房贷利率降幅有限,中证报
2020-04-02,私人银行AUM破10万亿下一步竞争“非金融”？,21世纪经济报道
2020-04-02,日赚8.6亿！六大行2019年业绩大比拼！,国际金融报
2020-04-01,建行“云义贷”助力小微企业复工复产,云南网
2020-04-01,银行年报区域经济扫描：在东北连亏两年的银行是哪几家？ 亏损,21世纪经济报道
2020-04-01,六大行信用卡总透支额增速创十年新低：交行掉队 连续下跌,新浪
2020-04-01,国有六大行新增贷款四成投入个人房贷！余额突破20万亿！今年啥计划？,中证报
2020-04-01,北水动向(4.1)|北水净流入29.94亿 汇丰控股(00005)大跌9%仍获4亿加仓,智通财经
2020-04-01,最被看好十大港股:瑞银上调信达生物目标价至39港元,新浪
2020-04-01,以“金融力量”架起中小企业复工快行道,新华网
2020-04-01,【异动股】建设银行(00939-HK)跌2.05%,财华社
2020-04-01,瑞信：建设银行(00939)去年净利润为四间国家大型银行中最高 维持“跑赢大市”评级,智通财经
2020-04-01,国有六大行2019年盈利1.13万亿 全年融资8758亿拟分红超3352亿,长江商报
2020-04-01,建行19年报：业绩稳健增长，ROE居大行之首,志明看金融
2020-04-01,网贷天眼早报：金元宝案最新进展数字化拉动经济回暖,和讯
2020-04-01,银行都在说金融科技，到底谁更舍得掏钱,Wind
2020-04-01,不惧疫情冲击 持续推动自身高质量发展,金融时报
2020-04-01,护好外贸企业基本盘，银保合作制定保单融资“白名单”,Wind
2020-04-01,国有大行手机银行坐拥14亿用户，拼夺流量入口掘金新零售,Wind
2020-04-01,政策持续加持小微企业，六大行去年普惠小微贷超3万亿元,Wind
2020-04-01,亮点突出！一季度债券承销榜单出炉,Wind
2020-04-01,信用卡江湖不平静 11家银行去年 新增发卡大降57%,21世纪经济报道
2020-04-01,六大国有银行2019年净利润合计突破1.1万亿元 豪掷逾3300亿元“真金白银”回馈股东,证券日报
2020-04-01,工建中三银行去年净利共7845亿 相当于17个茅台集团,南方财经网
2020-03-31,银行机构微博影响力哪家强？六家银行排名下滑,新浪
2020-03-31,上海市工商业联合会与建行上海市分行联合推出《关于加强民营企业复工复产复市金融支持的意见》,Wind
2020-03-31,上海市工商业联合会与建行上海市分行联合推出《关于加强民营企业复工复产复市金融支持的意见》,中证网
2020-03-31,龙头稳固，2020年度一季度中国上市企业市值500强榜单发布,Wind
2020-03-31,六大银行年报PK：每天赚30.6亿，最大方的不是赚钱最多的,腾讯网
2020-03-31,【数说】六大国有银行盈利能力无可比拟 净息差同比收窄 日均净赚仍超30.6亿元,金融界
2020-03-31,四大银行去年净赚9974亿元 万亿贷款都投向哪里了？,新浪
2020-03-31,建行今年新增贷款1.5万亿元 重点投向医疗和新基建,证券日报
2020-03-31,2020年3月港股通：月内累计净流入额达1344.4亿 建行(00939)、腾讯(00700)最受青睐,智通财经
2020-03-31,理财子公司首年成绩单可圈可点，“牵手”基金再获新进展,第一财经
2020-03-31,确认！中国建行银行已着手筹备消费金融公司,国际金融报
2020-03-31,益丰药房：拟向8家银行申请不超30.40亿综合授信额度，期限一年,Wind
2020-03-31,六大行年报解剖：农行扩张最快，交行信用卡急退，7个指标看格局变化,21世纪经济报道
2020-03-31,最被看好十大港股:瑞银上调美团点评目标价至115港元,新浪
2020-03-31,日赚31亿！六大行业绩PK：谁赚最多？谁分红最大方？,新京报
2020-03-31,上海仪电(集团)有限公司：为下属子公司向银行融资提供担保 大额借贷担保,Wind
2020-03-31,21深度丨六大行年报解剖：农行扩张最快，交行信用卡急退，7个指标看格局变化,21世纪经济报道
2020-03-31,大和：降建行(0939.HK)今明年每股盈利预测2％重申“买入”评级 盈利能力下降,格隆汇
2020-03-31,国有六大行6.4万亿新增贷款投向分析：39.5%投向房贷 42.1%投向公司业务,经济观察网
2020-03-31,建行非标资产7000多亿 行长刘桂平：正在积极整改 这是比较难的问题,金融界
2020-03-31,建设银行不良贷款率连降4年,经济网
2020-03-31,截至2月底，建行不良率较去年底上升0.06个百分点 资产异常,中华网
2020-03-31,战略支撑，策略灵活—建设银行年报点评,麦高bank
2020-03-31,建行：今年贷款将主要投向医疗卫生、新基建 中间业务收入面临增长压力,每日经济新闻
2020-03-31,高盛：内银2020年前景稳定 重点偏好工行(01398)及建行(00939),智通财经
2020-03-31,大行争霸：建行离工行还有多远,金融界
2020-03-31,上调评级至买入策略选股（3月31日）,Wind
2020-03-31,国有六大行去年净赚超1.1万亿元，不良率5降1平,腾讯网
2020-03-31,【银行】建设银行：手续费收入表现靓丽，资产质量稳健,微信
2020-03-31,“五大行”日赚29亿，总营收不及“两桶油”，东北不良贷款率高,腾讯网
2020-03-31,建行：零售业务贡献度持续提升,上证报
2020-03-31,国有大行资产质量承压几成定局，信贷投放料迎难而上,Wind
2020-03-31,六大国有行年报透视：工行最赚钱 建行最慷慨,时代周报
2020-03-31,四大银行2020年净利增速料承压,中证报
2020-03-30,建行：去年存款成本上升，今年净息差料下降10BP,第一财经
2020-03-30,四大行日赚26.8亿元再创新高！疫情对今年业绩影响有多大？,中证报
2020-03-30,2019年六大行日赚30.6亿，邮储银行净利增速最快,第一财经
2020-03-30,楚雄州金融机构全力支持实体经济恢复发展,中国金融新闻网
2020-03-30,【财报眼】日赚7.4亿!建行行长三个字点评2019年业绩,新浪
2020-03-30,建设银行2019年实现净利2692.22亿元 不良贷款率降至1.42%,中国网
2020-03-30,国有六大行2019年成绩单：日赚超30亿元,Wind
2020-03-30,疫情冲击？建行：息差或将继续收窄10BP 3月房贷申请量有所恢复,腾讯网
2020-03-30,建设银行（601939）2019年报点评：大零售优势明显，盈利能力强,国信研究
2020-03-30,建行回应申请消费金融牌照：战略上安排 已在筹划,北京商报
2020-03-30,建行行长刘桂平：建行2019年业绩数据体现了这三个字,新浪
2020-03-30,建设银行回应申请消费金融牌照：一直在筹备,中证网
2020-03-30,北水动向(3.30)|北水净流入38.55亿 央行下调逆回购利率20个基点 内银股受青睐,智通财经
2020-03-30,建行许一鸣：预计2020年净息差下降10个BP左右,中证网
2020-03-30,刘桂平:建行“三大战略”已见成效 在逐步进入释放产能阶段,新浪
2020-03-30,建行纪志宏：已就成立消费金融公司筹划一段时间,证券时报网
2020-03-30,新开发银行：拟于4月1日至4月2日发行总计人民币50亿元疫情防控债,Wind
2020-03-30,全国银行间同业拆借中心：2月共完成195家机构入市交易的相关工作,Wind
2020-03-30,交银：建行(0939.HK)较高的房贷占比及拨备助应对挑战维持“买入”评级,格隆汇
2020-03-30,主承销商：北大方正集团破产重整后续进展 减资破产,Wind
2020-03-30,史上第三次，港股市净率破1！超2000亿元资金南下抄底,每日经济新闻
2020-03-30,私行规模暴增超万亿元！财富快速增长 招行私行人均2732万元,中国基金报
2020-03-30,【国信银行】大零售优势明显，盈利能力强：建设银行2019年报点评,国信金融研究
2020-03-30,建设银行2019年多赚4.7% 不良贷款增长5.8% 资产异常,中华网
2020-03-30,建行去年实现净利润2692.22亿元,中国金融新闻网
2020-03-30,港股公告精选：工商银行：2019年归母净利润3122亿元，同比增4.89%,Wind
2020-03-30,建行去年实现净利润2692.22亿元,金融时报
2020-03-30,建行去年日赚7.3亿元,中证报
2020-03-30,国有大行晒去年“成绩单”工商银行日赚8.59亿,重庆商报
2020-03-29,日赚7.3亿！建行年报亮眼，建信理财产品规模逾838亿元,中证报
2020-03-29,建设银行2019年净利润2692亿元 同比增长5.32%,证券日报
2020-03-29,建行2019年实现净利润2267亿元 同比增4.74%,21世纪经济报道
2020-03-29,大红包来了，建设银行2019年度拟派现800.04亿元,证券时报网
2020-03-29,建设银行(00939.HK)2019年度净利润升5.32%至2692.22亿元 拟每股派0.32元,格隆汇
2020-03-29,建行归属股东净利润同比增长4.74%,上证报
2020-03-29,建设银行(00939)年度归母净利增5.32%至2692.22亿元 每股派0.32元,智通财经
2020-03-29,建设银行：2019年盈利2667.33亿人民币，同比增长4.74%,Wind
2020-03-29,建设银行(00939)提名田国立连任执行董事,智通财经
2020-03-29,建设银行年报：“三大战略”扎实推进 净利润2692.22亿元同比增长5.32%,和讯
2020-03-29,建行2019年实现净利2667.33亿元,中证网
2020-03-29,公告点题丨3月29日这些公告有看头,第一财经
2020-03-29,建行去年净利2667亿增4.74%，不良率降至1.42%,澎湃新闻
2020-03-29,建行上海市分行携手信保护航中小外贸,中国金融新闻网
2020-03-29,建设银行:2019年实现净利润2692.22亿元 同比增5.32%,新浪
2020-03-29,建设银行(601939.SH)2019年度净利润升5.32%至2692.22亿元拟派末期息每股0.32元,格隆汇
2020-03-29,建设银行：2019年度净利润同比增长4.74%,e公司
2020-03-29,建设银行：2019年归母净利润2667.33亿元，同比增长4.74%,Wind
2020-03-27,北水动向(3.27)|北水净流入4.95亿 建行(00939)绩前遭沽售,智通财经
2020-03-27,春耕备耕不误农时 建行上海市分行引金融“活水”灌溉农田,中国金融新闻网
2020-03-27,建设银行：“19广汇汽车SCP003”等债券持有人会议审议通过相关议案,Wind
2020-03-27,内银股迎来业绩期 绩前全线升1%至2%中信银行上扬1%,新浪
2020-03-27,艾艾精工1.6亿元募集资金项目投资计划延期 项目问题,和讯
2020-03-27,用活数字化 建行按下企业复工“加速键”,中证报
2020-03-26,南下资金倍增 “扫货”港股低估和高股息个股,红周刊
2020-03-26,建行福建省分行全力做好春耕金融服务,中国金融新闻网
2020-03-26,事涉工、农、建三大行 起底泸州老窖5亿存款失踪案,新浪
2020-03-26,南向资金加速“抄底”港股，这十股成配置重点,第一财经
2020-03-26,建行江苏省分行：以金融“及时雨”全方位支持企业复工复产,中国金融新闻网
2020-03-26,北水动向(3.26)|北水净流入18.23亿为本月最低 内险股表现分化,智通财经
2020-03-26,跨境牵手——建行山西分行成功撮合辖内第一笔防疫物资出口英国,中国金融新闻网
2020-03-25,北水动向(3.25)|北水净流入57.4亿 周五发业绩 建行(00939)再获15亿增持,智通财经
2020-03-25,中国情谊跨山越海 建设银行驰援海外雪中送炭,中国金融新闻网
2020-03-25,央行宁德市中心支行：对建设银行宁德分行作出行政处罚，罚款67万元,Wind
2020-03-25,浙江银保监局发挥线上平台优势 加速推进复工复产,金融界
2020-03-25,银行理财子公司线上化提速，投资经理喊你宅家“云理财”,Wind
2020-03-24,北水动向(3.24)|北水净流入42.65亿 5G股表现分化,智通财经
2020-03-24,【异动股】建行(00939-HK)工行(01398-HK)中行(03988-HK)股价齐升逾3%,财华社
2020-03-23,建设银行（601939）深度：高盈利，谋转型,国信研究
2020-03-23,北水动向(3.23)|北水净流入95.1亿 逆市加仓大金融板块,智通财经
2020-03-23,各大行对建设银行(00939)最新投资评级及目标价（表）,智通财经
2020-03-23,建行上海市分行携手市文旅局推出金融服务举措 助力文化旅游企业复工复产复市,中国金融新闻网
2020-03-22,银保监会：银行机构为抗击疫情提供的信贷支持已超过1.8万亿元,Wind
2020-03-21,北上资金结束连续净卖出，尾盘扫货金融白酒股,Wind
2020-03-20,上游新闻 I 助复工、促消费 建行首创“到店码”亮相重庆,上游新闻
2020-03-20,建行上海市分行金融“活水”灌溉农田 春耕备耕不误农时,中国金融新闻网
2020-03-20,抄底原油，通道“被堵”？工行连续1周暂停部分账户做多,券商中国
2020-03-20,上海支持商贸企业创新，推出云购物模式,Wind
2020-03-20,工行一天两发公告反制大额非正常交易 建行农行跟进,金融界
2020-03-20,千亿资金南下港股抄底，扎堆买入银行、互联网龙头,Wind
2020-03-20,包商银行重组进入深水区，存保基金入股,Wind
2020-03-19,远望谷(002161.SZ)：拟申请授信额度合计4.9亿元,格隆汇
2020-03-19,建行福建省分行精准帮扶挂钩扶贫点,中国金融新闻网
2020-03-19,1月份银行机构处罚情况一览：627张罚单 17人终身禁业 金融监管处罚,新浪
2020-03-19,银行消费贷主打线上，部分国有大行产品年利率低至“4打头”,Wind
2020-03-19,银行消费贷主打线上 部分国有大行产品年利率低至“4打头”,证券日报
2020-03-18,“搅局者”建行：计划出资百亿设立独资消金公司,新浪
2020-03-18,建设银行计划申请消费金融牌照，或将百亿独资,零壹财经
2020-03-18,建行计划申请消费金融牌照 或将百亿独资,新浪
2020-03-17,建设银行(00939.HK)3月27日举行董事会会议以审批全年业绩,格隆汇
2020-03-17,争议住房公积金制度存废 请先看看这些数据,经济观察网
2020-03-17,国开行3月23日拟开展国开债做市支持操作,Wind
2020-03-17,用好用足专项再贷款 高效精准助力企业战“疫”,金融时报
2020-03-17,人行山东临沭县支行支持企业恢复生产,中国金融新闻网
2020-03-16,6500万副口罩的背后 建行北京市分行3亿元贷款支持铜牛集团口罩生产,中国金融新闻网
2020-03-16,科技赋能，建行北京市分行“无接触”金融服务让复工复产“无隐患”,新华网
2020-03-16,组团贷利息更低3人即可成团 银行为何学“拼多多”？,每日经济新闻
2020-03-16,有力度 有速度 有温度,金融时报
2020-03-15,疫情下的消费贷调查 | 贷款“拼团”、现金分期“让利”、利率大降125BP……银行消费贷开启“花式促销”模式,每日经济新闻
2020-03-13,建设银行今日大宗交易成交218万股，成交价6.49元溢价0.0%,Wind
2020-03-13,北冷南热！南下资金狂扫银行股 近一个月港股通流入近千亿,21世纪经济报道
2020-03-13,智能化 信息化 便捷化,金融时报
2020-03-12,香雪制药：补充确认公司向银行申请出具保函置换被查封财产 资产查封,Wind
2020-03-12,南财快评：新金融平台在抗疫中发挥了重要作用,21世纪经济报道
2020-03-12,从月放130亿跌至20亿 多家消金公司放款量爆跌超50%,金融界
2020-03-12,防疫脱贫两不误 建行“云生产”助增收,中国金融新闻网
2020-03-12,浙江省妇联主席王文娟一行调研万丰集团,中国机经网
2020-03-12,【行情】港股内银股亦显颓势,金十数据
2020-03-12,央行宏观审慎管理局：保障人民币跨境结算质效，做好逆周期调节政策储备,Wind
2020-03-11,北辰实业：拟为广州辰旭5亿元借款提供担保 大额借贷担保,中国网
2020-03-11,北辰实业：广州辰旭置业有限公司为公司提供担保 大额借贷担保,Wind
2020-03-11,北京银监局俩月开出2990万罚单，涉及建行、中信、北农商等五家银行 其他违规处罚,Wind
2020-03-11,俩月开出2990万罚单涉及建行、中信、北农商等五家银行北京银保监局监管重点在这些领域 金融监管处罚,经济观察报
2020-03-11,消费贷慌了？银行开启降价促销,Wind
2020-03-11,消费贷慌了？2月零售贷款大跌 银行开启降价促销,21世纪经济报道
2020-03-10,浙商中拓(000906.SZ)子公司拟以不动产权及项目所购设备抵押至建设银行 作为固定资产贷款抵押物 大额借贷担保,格隆汇
2020-03-10,债券重大事件2020年3月10日星期二,Wind
2020-03-10,港股通北水追捧建行、腾讯、汇丰,财华社
2020-03-10,央行南平市中心支行：对建设银行政和支行作出行政处罚，罚款25万元 其他违规处罚,Wind
2020-03-10,吉安银保监局：对建设银行吉安市分行作出行政处罚，罚款10万元 其他违规处罚,Wind
2020-03-10,主承销商：“18华阳经贸SCP002”、“18华阳经贸SCP003”违约后续 未按时兑付本息,Wind
2020-03-10,3000亿专项再贷款满月考,时代周报
2020-03-09,对侵害消费者权益说不！银保监会一年处罚266次，罚没金额5000万 金融监管处罚,腾讯网
2020-03-09,大行备战国债期货试点 人员配足并已到位,上证报
2020-03-09,最新！最全！浙江省建筑行业为支持复工复产的行动,中国商品混凝土网
2020-03-09,建行信用卡：战“疫”的速度、广度和温度,第一财经
2020-03-09,【行情】港股内银股全线下挫，板块跌幅3.34% 连续下跌,金十数据
2020-03-09,银保机构瞄准国债期货新赛道,Wind
2020-03-07,建行浙江上虞支行投放央行专项再贷款3.18亿元,中国金融新闻网
2020-03-07,推动科技企业战“疫”，上海科创中心很有一套,Wind
2020-03-07,大中小银行各打算盘，银行存量贷款“换锚”进展不一,Wind
2020-03-06,"厦门银行APP遭""00后""黑客非法入侵 建行手机APP也中招 其他违规处罚",新浪
2020-03-06,北水动向(3.6)|北水净流入32.56亿 无惧小摩天量减持 抄底汇控(00005)达3.75亿 减持股份,智通财经
2020-03-06,建设银行科技履约贷：金融助力防疫企业转产民用口罩,面包财经
2020-03-06,建行红河州分行：信贷加速 全力守护小微企业资金“生命线”,中国金融新闻网
2020-03-06,内银股普遍受压 建行跌逾2%跌穿10天线,新浪
2020-03-06,房贷LPR转换落地,腾讯网
2020-03-06,建设银行(00939-HK)现跌2%,财华社
2020-03-05,建设银行福建省分行：“普惠+跨境”列车开进外贸队,新华网
2020-03-05,网贷天眼晚报：22家P2P接入征信建设银行四项违规再被罚,和讯
2020-03-05,内银股造好 建设银行涨近2%工行及中行升逾1%,新浪
2020-03-05,建行南京分行：广发力、多方位 全力保障特殊时期金融服务需求,中国金融新闻网
2020-03-04,建行云南省分行多举措助营业网点复工,云南网
2020-03-04,建行厦门市分行主动与企业对接资金需求 助力复工复产,新浪
2020-03-04,建设银行福建省分行：科技加“码”战疫情 跨界服务惠民生,新浪
2020-03-04,金融支持疫情防控和经济社会发展座谈会在京召开,Wind
2020-03-04,个人房贷利率转换面临“二选一”,山东商报
2020-03-04,十年间增持近八倍，全球最大主权基金青睐中国公司股票,Wind
2020-03-03,建行打出抗疫“组合拳”保障金融机构客户服务不打烊,新浪
2020-03-03,建行欧洲采购260台重症急救设备驰援湖北抗疫一线,新浪
2020-03-03,北京银保监局：对建设银行北京市分行作出行政处罚，罚款200万元,Wind
2020-03-03,北京三家银行一日遭罚850万，信贷业务仍为处罚重点 金融监管处罚,腾讯网
2020-03-03,建行：累计发放小微企业贷款708亿支持企业复工复产,金融街
2020-03-03,抗疫融资工具增量扩容，两千亿元融资工具驰援抗疫,Wind
2020-03-02,内银股攀升 建行及工行各升近2%,新浪
2020-03-02,建行北京市分行打造“不见面”的战“疫”金融服务新模式,北京商报
2020-03-02,建行北分“建融慧学”服务平台推出疫情防控功能,新京报
2020-03-02,建行火速上线“个体工商户抵押快贷” 助企业渡过复工复产资金难关,上游新闻
2020-03-02,国内债市盘前：中国2月官方制造业PMI为35.7,Wind
2020-03-01,存量贷款定价“换锚”如期启动，多家银行明确转换细则,Wind
2020-03-01,3月起房贷族必须做一个选择，影响月供机会仅一次,网易
2020-02-29,明起房贷迎巨变！错过这些，你或被银行批量处理,南都报
2020-02-29,建行上分推出十项举措全力支持在沪企业复工复产,上证报
2020-02-29,存量贷款利率定价基准切换3月开启：多家银行官宣 公告要点看这里！,新浪
2020-02-29,减少银行网点人员聚集，3月份储蓄国债暂停发行,Wind
2020-02-29,存量房贷“换锚”明日启动！六大行明确可手机银行办理,中新经纬
2020-02-29,50亿！暴跌日再现“单日售罄” 新基金发行热度仍在,中国基金报
2020-02-28,中金公司拟返A上市，昔日投行高光黯淡，靠腾讯扶持财富管理成新看点？,21世纪经济报道
2020-02-28,建行推出“疫情物资保障管理系统”驰援重庆疫情防控工作,新浪
2020-02-28,开发商融资陷困境 伪造购房合同骗贷建行等3970万 欺诈造假,新浪
2020-02-28,深圳二套房可3成首付？建行紧急辟谣！实探疫情下的深圳楼市：成交量已缓慢爬升,证券时报网
2020-02-28,建行云南省分行“智慧社区管理平台”助力城乡社区立体防控,云南经济日报
2020-02-28,刚刚！深圳建行的回应来了！我再解读一下！,搜狐
2020-02-28,工行之后建行再辟谣：期盼降首付是谁的心情？,21世纪经济报道
2020-02-28,建设银行：持续关注“16胜通MTN001”违约后续及公司重整进展 未按时兑付本息,Wind
2020-02-28,建行北分10亿元贷款助力小汤山医院修缮,新京报
2020-02-28,建行深圳分行：降低二套房首付信息系误读,Wind
2020-02-28,深圳二套房首付7成变3成？建行：系误读！,第一财经
2020-02-28,"二套房首付3成是误读,深圳建行内部紧急撤回文件!",搜狐
2020-02-28,重磅！建行放松加按揭！二套首付7成变3成！,和讯
2020-02-28,云南建行硬核支持重点企业复工复产,云南网
2020-02-27,建行：疫情发生以来累计投放对公贷款2655亿元 同比多增1669亿元,上证报
2020-02-27,建行宁波市分行向全市住建领域提供复工复产专项贷款300亿元,浙江在线
2020-02-27,去年上半年分红超2亿！飞贷助贷业务「启示」：钱从哪里来？,和讯
2020-02-27,北水动向(2.27)|北水净流入43.71亿 内银股再获追捧 增持建行(00939)近13亿,智通财经
2020-02-27,建设银行：“17沪华信SCP002”违约后续,Wind
2020-02-27,恒指持续拉升尾盘翻红，生物制药、内资银行股引领反弹,Wind
2020-02-27,恒生指数午盘跌0.66%，内银股撑市,Wind
2020-02-27,建行云南省分行金融服务上山下乡助力疫情期间“保生产”,新华网
2020-02-27,国内债市盘前：央行要求为企业复工复产提供低成本资金支持,Wind
2020-02-27,责令整改又遭立案调查 中珠医疗股民可做索赔准备 其他违规处罚,南方财经网
2020-02-26,康得新因借款纠纷被纳入失信被执行人 期限为两年 诉讼纠纷,中国网
2020-02-26,建行设立100亿元疫情防控债专项投资额度,Wind
2020-02-26,国内债市盘前：银保监会称房地产金融政策未变,Wind
2020-02-25,建行福建省分行多措并举让“回笼钞票”成为客户手上“放心钱”,新浪
2020-02-25,甘肃银税联合推“云义贷” 解企业复工资金短缺难题 运营能力下降,中新网
2020-02-25,哪些银行跻身本周微博影响力榜单？交通银行跌出前十,新浪
2020-02-25,建行潘律全：港币掉期曲线有望继续维持低位,第一财经
2020-02-25,下沉基层 建行智慧社区管理平台助力精准防控疫情,中国金融新闻网
2020-02-25,防疫存单密集发行 45家银行募资近300亿,时代周报
2020-02-24,建设银行设立100亿元疫情防控债专项投资额度,新浪
2020-02-24,六大行可用专项再贷款向地方性名单内企业发放贷款,Wind
2020-02-24,港股通北水追捧建行、工商、中兴通讯,财华社
2020-02-24,建行邢台分行冲刺48小时 保障京津冀“菜篮子”,中国金融新闻网
2020-02-23,支持小微企业抗疫情稳发展,金融投资报
2020-02-23,建行全面推出“线上菜篮子”便民服务,中国金融新闻网
2020-02-22,现金传染病毒？上海建行：现钞统一消毒并存放7天后再投放,澎湃新闻
2020-02-22,建行浙江省分行打造“线上菜篮子”,中国金融新闻网
2020-02-22,万得财经新闻周刊：连续3个交易日万亿成交，A股下一步如何走？,Wind
2020-02-22,国内财经媒体头版2020年2月22日星期六,Wind
2020-02-22,抗疫融资工具扩容增量，发行规模已超千亿元,Wind
2020-02-22,期债市场迎来重量级机构投资者，五大行首批试点参与,Wind
2020-02-21,银保资金获批参与国债期货，对市场影响几何?,第一财经
2020-02-21,徐工集团发行江苏首单“疫情防控债”，利率2.69%,Wind
2020-02-21,北水动向(2.21)|北水净流出4000万 避险情绪下追逐确定性 再买建行(00939)超10亿,智通财经
2020-02-21,国债期货市场迎来新成员！银保入围，试点名单已出炉,Wind
2020-02-21,商业银行获批参与国债期货交易，工农中建交5家首批试点,Wind
2020-02-21,内银股普遍向下 建设银行软近1%,新浪
2020-02-21,首单外债登记改革试点落地，深圳企业办理6亿元一次性外债登记,Wind
2020-02-21,建行助力抗疫出新招 “线上菜篮子”解决买菜“小事”和卖菜“急事”,中国金融新闻网
2020-02-20,抗疫“义”不容辞 建设银行“云义贷”全面上线,中国金融新闻网
2020-02-20,抗疫不误春耕忙　备耕融资有建行,中国金融新闻网
2020-02-20,建行“云义贷”上线，一天授信金额超12亿元,Wind
2020-02-20,建行南昌分行智慧社区管理平台精准助力疫情防控阻击战,新浪
2020-02-20,高盛：予建设银行(00939)“买入”评级 目标价9.69港元,智通财经
2020-02-19,不接触、零成本 建设银行“慧点单”助力商户线上营业,新浪
2020-02-19,北水动向(2.19)|北水净流入3.05亿 获大摩予“增持”评级 建行(00939)再获近9亿加仓,智通财经
2020-02-19,大摩：予建设银行(00939)“增持”评级 目标价9港元,智通财经
2020-02-19,大摩：予建行(0939.HK)目标价9港元评级“增持”,格隆汇
2020-02-19,建行江苏省分行密织百所校园疫情防控工作网,中国金融新闻网
2020-02-19,摩根士丹利：料疫情对建设银行首季业务影响可控,Wind
2020-02-18,建行疫情防控和支持实体经济两手抓 助力企业复工复产,中证网
2020-02-18,中珠医疗(600568.SH)：子公司解除1.9亿元违规担保 其他违规处罚,格隆汇
2020-02-18,建行云南省分行：金融科技助力疫情防控,云南经济日报
2020-02-18,下沉基层！建行智慧社区管理平台助力社区防疫精准有效,新浪
2020-02-18,新华财经 | 抗击疫情银行业在行动：建行“智慧社区管理平台”助力疫情防控,中国金融信息网
2020-02-18,包商银行“瘦身待嫁”：重组前资产总额减少277亿元,华夏时报
2020-02-18,【天风研究·固收】信用早早报（2月18日）,固收彬法
2020-02-17,建行 “智慧社区管理平台”让网格化疫情管理更高效,中国金融新闻网
2020-02-16,疫情期间企业正为资金链发愁，银行竟主动打来电话，原来这些服务早已准备好,和讯
2020-02-16,建行江苏省分行首个“智慧社区疫情防控”系统落地上线,中国金融新闻网
2020-02-15,建行福建省分行打出服务组合拳支持企业复工复产,新浪
2020-02-14,喀什金融系统凝聚力量打响金融战“疫”,中国金融新闻网
2020-02-14,成都市“智慧物业”平台新增“疫情防控”数据功能,中国金融信息网
2020-02-14,合肥市经信局、市财政局联合发布《关于应对新型冠状病毒感染的肺炎疫情 鼓励中小企业持续发展的若干意见实施细则》,Wind
2020-02-13,建行铜川分行：“裕农通+”新模式助力疫情防控,中国金融新闻网
2020-02-13,吴通控股：全资子公司中标建设银行短信发送服务项目,证券时报网
2020-02-13,各银行的“延期还款”政策，执行得怎么样？,钛媒体
2020-02-13,光速放款 广东银行业助力防疫企业复工复产,时代周报
2020-02-13,六大国有银行支持小微企业渡难关 共同打好疫情防控战,中国经济网
2020-02-12,建行上海分行多措并举 全力支持小微企业复工复产,上证报
2020-02-12,信贷支持+金融科技赋能 建行携手企业保障“菜篮子”供应,中证网
2020-02-11,致小微企业客户的一封信,云南经济日报
2020-02-11,内银股受捧建行急升3% 多地放宽银行不良贷款考核,新浪
2020-02-11,建行推出免费线上问诊 助力农村打赢疫情防控阻击战,中国金融信息网
2020-02-11,阻击疫情中国打响金融保卫战,中国经济时报
2020-02-10,独家！“新包商”重构进行时：定名蒙商银行 建行受邀选派优秀干部出任董事长行长,新浪
2020-02-10,防疫责任在肩 征信行动在前 ——人行大连金州新区中支多措并举保障疫情防控期间征信服务顺畅,中国金融新闻网
2020-02-10,浙江银行业保险业建立疫情防控期间惠企政策清单,Wind
2020-02-09,在金融防线上，和你一起战“疫”建设银行福建省分行“金智惠医”驰援防疫前线,新华网
2020-02-09,建行深圳分行新金融力量持续抗“疫”,金融界
2020-02-08,河源银保监分局“四举措”引领辖区银行保险业打好疫情阻击战,和讯
2020-02-07,建行湖北省分行建立支付应急工作机制保障资金到位,新浪
2020-02-07,建行贵州省分行以党建引领抗疫工作 保障金融服务,新浪
2020-02-07,建行携手“微医” 上线在线问诊平台 全面助力疫情防控,上证报
2020-02-07,普惠金融为小微企业注入战“疫”动能,金融时报
2020-02-06,建行发布捐款3000万等10条举措 全力支持疫情防控,新浪
2020-02-06,智慧政务助力抗击疫情 建行让百姓足不出户把事儿办好,中国金融新闻网
2020-02-06,北水动向(2.6)|北水净流入24.17亿 腾讯(00700)、建行(00939)分别获超4亿加仓,智通财经
2020-02-06,17家银行官宣:贷款、信用卡可延期还款 最长延期6个月,新浪
2020-02-05,建设银行服务持续“升温” 为群众生活“保驾护航”,新浪
2020-02-05,淄博银保监局：对建设银行桓台支行作出行政处罚，罚款35万元,Wind
2020-02-04,建行协助政府通过智慧政务平台开展疫情防控资讯发布,新浪
2020-02-04,守望相助 建行海外机构捐赠1417万元物资,上证报
2020-02-04,建行贵州省分行投放2480万元贷款支持抗疫,中国金融信息网
2020-02-04,建行“加速度”畅通“绿色通道” 护航抗疫资金,云南网
2020-02-04,中国支付清算协会：对疫情涉及的特定人员采取延长信用卡还款期等措施,Wind
2020-02-04,内银股及内券股见追捧 中信银行及中金公司各涨2%,新浪
2020-02-04,支付清算行业战“疫”：发挥线上优势 多措并举,北京商报
2020-02-04,下调利率提前用款 建行清远分行极速支持企业抗疫增产,和讯
2020-02-04,建行全球筹集459万件防疫物资,中国金融新闻网
2020-02-03,建行深圳市分行“护航”企业采购境外抗疫核心医疗元件,建设银行
2020-02-03,建行为两家疫情防控重点企业快速发放贷款,上证报
2020-02-03,建行山西省分行通过智慧政务平台打造防疫“瞭望哨”,新浪
2020-02-03,建行上分高效流程保战“疫”资金运行通畅,上证报
2020-02-03,建行配合铁路、民航，以“退”为守服务全国防疫大局,建设银行
2020-02-03,新华财经 | 抗击疫情银行业在行动：黑龙江建行那些“上门+线上”服务的温暖瞬间,中国金融信息网
2020-02-03,【行情】港股内银股普涨，光大银行（06818.HK）涨2.24%，工商银行（01398.HK）涨2.11%，建设银行（00939.HK）涨1.51%，中信银行（00998.HK）涨1.23%,金十数据
2020-02-03,银行业全力保障疫情防控企业融资需求,证券日报
2020-02-02,万里驰援 全球建行人在行动,上证报
2020-02-02,银行加入新冠肺炎战“疫” 除了捐款他们还做这些事,新浪
2020-02-02,“火神山”CT设备企业背后的金融支持,国际金融报
2020-02-01,建行工会五项措施动员职工共抗疫情,新浪
2020-02-01,防控企业最快1天获贷 银行开辟审核绿色通道,时代周报
2020-02-01,调整还款限期！建行云南省分行助力小企业疫情期间渡难关,云南经济日报
2020-02-01,建行九项措施快批授信 助力防疫企业驰援一线,建设银行
2020-01-29,房企比银行捐款大方 龙湖世茂都堪比建行农行 恒大碧桂园更豪爽,运营商财经网
2020-01-28,应对疫情 建行部署多项工作措施保障金融服务,新浪
2020-01-27,抗击疫情金融业在行动 来看看银保信如何保驾护航,新浪
2020-01-27,银保监：受疫情影响部分人群可合理延后还房贷！ 工、农、建、招四行称暂还未收到通知,华夏时报
2020-01-26,“鼠”你最壕！最强派息王出炉，它们股息率惊人，千亿红包请收藏，这家公司分红竟超市值,e公司
2020-01-26,建行发布捐款3000万等10条举措 全力支持疫情防控,和讯
2020-01-24,鼠年出生董事长掌管21个行业龙头，更有日赚7亿元的大BOSS,证券时报网
2020-01-23,武汉“封城”首日：多银行缩短营业时间，取现影响不大,新京报
2020-01-22,陕西银保监局：对建设银行西安高新技术产业开发区支行作出行政处罚，罚款29万元 其他违规处罚,Wind
2020-01-22,陕西银保监局：对建设银行陕西省分行作出行政处罚，罚款25万元,Wind
2020-01-22,央行郑州中心支行：对建设银行河南省分行作出行政处罚，罚款206万元 其他违规处罚,Wind
2020-01-22,银行行业：LPR应用范围扩大 行业所受影响有限,财富动力网
2020-01-22,“一揽子”方案破解农民工讨薪难题,金融时报
2020-01-22,工商银行、建设银行“被低估”,南方财经网
2020-01-21,哪些银行跻身本周微博影响力榜单？中信银行下降两位,新浪
2020-01-21,遵义银保监局：对建设银行遵义市分行作出行政处罚，罚款20万元,Wind
2020-01-21,建设银行十堰分行违法遭罚30万 内控管理不严员工挪用客户资金 关联方问题,中国网
2020-01-21,十堰银保监局：对建设银行十堰分行作出行政处罚，罚款30万元,Wind
2020-01-21,【国君非银】掌握核心竞争优势，未来成长空间巨大——金融集团科技子公司专题报告,欣琦看金融
2020-01-21,打造医药小微企业的融资新模式,金融时报
2020-01-20,甘肃建政银企金融平台：逾3万户小微企业受惠逾四千亿,中新网
2020-01-20,北京银保监局：对建设银行北京房山支行作出行政处罚，罚款50万元 其他违规处罚,Wind
2020-01-20,建设银行今日大宗交易成交32.90万股，成交价6.38元折价10.14%,Wind
2020-01-20,邮储银行跌近2% 建行走低约1%,新浪
2020-01-19,大玩家出动了！银行大军杀入基金投顾，工行建行招行平安全来了！这类基金最吃香,中国基金报
2020-01-19,中国建设银行股份有限公司20红狮CP001信用风险缓释凭证创设情况公告,银行间市场协会
2020-01-19,建设银行2020年拟发同业存单4000亿元,和讯
2020-01-17,【原创】信用卡不良ABS次级定价探讨,搜狐
2020-01-17,建设银行(00939.HK)：2020年度固定资产投资预算190亿元,格隆汇
2020-01-16,建设银行延安分行违法遭罚30万 信用卡分期业务授信调查及风险审查未尽职 金融监管处罚,中国网
2020-01-16,延安银保监局：对建设银行延安分行作出行政处罚，罚款30万元 其他违规处罚,Wind
2020-01-16,央行东莞支行：对建设银行东莞市分行作出行政处罚，罚款40万元 其他违规处罚,Wind
2020-01-16,建行扬州分行加大金融支持助力扶贫攻坚,经济网
2020-01-16,支持制造业高质量发展 银行业多维度贡献金融智慧,新浪
2020-01-15,摩根大通2019Q4财报电话会议记录高管解读财报,老虎证券
2020-01-15,银保监会再出手 三银行被罚超400万 金融监管处罚,南方财经网
2020-01-14,央行开十张罚单罚款超3000万，浙商银行违反《反洗钱法》被罚1010万 金融监管处罚,腾讯网
2020-01-14,包头银保监局：对建设银行包头临园道支行作出行政处罚，罚款20万元,Wind
2020-01-14,李立峰：银行理财业务将为A股带来增量资金 大白马股更受青睐,中投网
2020-01-13,敦煌网联手建设银行推普惠信贷“电商贷” 大力扶持跨境小微企业,凤凰网
2020-01-13,【异动股】建设银行(00939-HK)初段交投最活跃成交金额达17.17亿港元,财华社
2020-01-10,北水动向(1.10)|北水净流入42.63亿 腾讯(00700)、融创(01918)均获11亿加仓,智通财经
2020-01-10,建设银行两宗违法遭银保监会处罚 保证金管理存漏洞 金融监管处罚,中国经济网
2020-01-09,建设银行(601939.SH)：米歇尔马德兰正式就任独董等职,格隆汇
2020-01-09,北水动向(1.9)|北水净流入13.63亿 连续25日增持小米(01810) 今日再加仓逾3亿,智通财经
2020-01-09,建设银行(00939.HK)委任米歇尔马德兰为独立非执行董事,格隆汇
2020-01-09,银保监会今年首度披露罚单：交行光大建行合计被罚410万 金融监管处罚,澎湃新闻
2020-01-09,建设银行违法遭罚80万 用于风险缓释的保证金管理存在漏洞 金融监管处罚,中国网
2020-01-09,高盛：更新拨备金增长预测 建行和招行维持买入评级,新浪
2020-01-09,银保监会再出手！交行光大建行被罚超400万，更有15家银行吃罚单超千万 金融监管处罚,中国基金报
2020-01-07,银保监第一波罚单来了：招行、广发行、建行“中招”，合计被罚400多万！又是贷款违规流入房市股市 金融监管处罚,中国基金报
2020-01-07,因消费贷款流入房市、股市，建设银行丽水分行被罚95万元 其他违规处罚,Wind
2020-01-07,1100台“渝快办”自助终端上线，市民在建行网点可办理51项政务服务事项,重庆商报
2020-01-06,太方便了！银行网点变身政务服务大厅 113项政务服务可在家门口办理,21世纪经济报道
2020-01-02,建行承建首个省级“政务服务一网通办”总门户上线,新华网
2020-01-02,2019内资流入港股2460亿：内资持股占比、业绩几何？,新浪
2019-12-31,农银国际：2020年银行首选农行(01288)及建行(00939),智通财经
2019-12-31,花旗：首选股包含长汽(02333)及建行(00939)等港股,智通财经
2019-12-30,紫金矿业(02899.HK)选举陈景河为董事长及拟向建设银行申请不超158亿元贷款,格隆汇
2019-12-30,建行陕西省分行 服务革新永远在路上,凤凰网
2019-12-30,大行担当 创新引领 大格局成就大事业,凤凰网
2019-12-30,聚焦深度贫困地区 银行业助力脱贫攻坚再发力,中国金融新闻网
2019-12-30,对银行影响可控 按要求稳妥推进,金融时报
2019-12-28,建设银行：存量贷款利率换锚改革对银行影响可控,Wind
2019-12-27,上海启动不动产抵押登记“不见面办理”工作,新华网
2019-12-26,建行信用卡中心：“以客户为中心”保障消费者权益，为亿级客户建立美好生活,第一财经
2019-12-26,永达(03669-HK)与建行(00939-HK)签署银企战略合作协议,财华社
2019-12-26,永达集团与建设银行签署银企战略合作协议,凤凰网
2019-12-26,建行探索可持续发展扶贫新模式,Wind
2019-12-26,2019年中国产业经济年度报告之共享经济篇：资本退潮后的共享经济不是“案板上的鱼”,证券日报
2019-12-26,金融力量精准扶贫：建设银行助力安康 打赢脱贫攻坚最后一战,证券日报
2019-12-25,建行试水“银政合作”新模式：助力地方政务云服务,阿尔法工场
2019-12-25,北京探索消费扶贫新模式,中国商报
2019-12-25,云南:大数据+黑科技引导金融活水助推乡村振兴,云南日报
2019-12-25,来自村民，2000多位“村口行长”上岗，上海村村可办银行业务,上观
2019-12-24,李强应勇会见建行董事长田国立,Wind
2019-12-24,上海与建行将围绕临港新片区建设、科创板上市企业服务等领域加强合作,Wind
2019-12-24,建设银行建瓯支行违法遭罚 违反反洗钱管理规定 金融监管处罚,中国经济网
2019-12-24,老板遭天价悬赏追债，长城影视、长城动漫连吃两跌停,第一财经
2019-12-24,内银股普遍走低 建行及工行各跌近1%,新浪
2019-12-23,北水动向(12.23)|北水净流入6.98亿 波司登(03998)宣布回购 获北水1亿加仓,智通财经
2019-12-23,最被看好的十大港股：大摩维持康师傅目标价14港元,新浪
2019-12-23,建行e私行，开辟智能服务新天地,搜狐
2019-12-23,里昂：中银保监放宽资产管理规则内银首选建行及招行,格隆汇
2019-12-21,贝莱德淡马锡 与建行商议成立合资理财公司,中证报
2019-12-21,资管新规过渡期将延长？银保监会刚刚表态！首家外资控股理财公司也来了,券商中国
2019-12-20,贝莱德、淡马锡和建行欲携手成立资管公司，三巨头意欲为何？,第一财经
2019-12-20,建设银行：吴敏辞任非执行董事 董监高成员变化,Wind
2019-12-20,北水动向(12.20)|北水净流入11.99亿 舜宇光学(02382)遭沽售 领跌蓝筹,智通财经
2019-12-20,建设银行(00939.HK)：吴敏辞任非执行董事职务 董监高成员变化,格隆汇
2019-12-20,三大万亿级巨头联手！瞄准这个火热市场，外方意图控股，建设银行+贝莱德+淡马锡=？,中证报
2019-12-20,北京1380万枚贺岁纪念币首日就约了99.1%,新华网
2019-12-20,建设银行：盈利能力强 大行风范显,东方证券
2019-12-20,建行广东省分行推出“金九条”服务港澳青年创新创业,时代周报
2019-12-20,建融住房携手保利公寓强强合作服务重庆租住新蓝图,上游新闻
2019-12-20,贝莱德、淡马锡和建设银行将在中国成立资产管理合资企业,Wind
2019-12-20,建行探索金融扶贫新模式 产业精准扶贫贷款余额达620亿元,经济日报
2019-12-19,人人车与中国建设银行、中国人保签署战略合作协议,中新网
2019-12-19,人人车与建行、人保战略合作 获100亿元授信额度,新浪
2019-12-19,建行探索首都式金融扶贫模式 双创中心交易额超4.3亿,国际金融报
2019-12-18,12月18日南北水复盘|今日南下资金净买入建行工行近10亿港元,富途证券
2019-12-18,建行五大抓手探路扶贫新模式 “产消联动+综合服务”构建首都消费扶贫大格局,证券日报
2019-12-18,建行推出“两馆一卡”打通贫困地区特色商品销售通道,新浪
2019-12-18,鼠年纪念币来了，跨行重复预约、兑换爽约将被“拉黑”,新京报
2019-12-17,建设银行(601939.SH)拟发放优先股股息28.5亿元,格隆汇
2019-12-17,哪些银行跻身本周微博影响力榜单？浦发银行跌出前十,新浪
2019-12-17,上市银行科技人员规模对比： 民生银行占比近 40%，建行减员超两千,零壹财经
2019-12-17,建设银行(00939)：每股建行优1将派息4.75元,智通财经
2019-12-17,建设银行今日大宗交易成交218万股，成交价7.23元溢价0.0%,Wind
2019-12-17,建设银行：每股优先股派发现金股息4.75元,Wind
2019-12-17,12月18日：2019年记账式附息（十二期）国债代销通知,新浪
2019-12-16,工行牵手阿里、蚂蚁 宇宙行如何与阿里走到一起的？,新京报
2019-12-16,恒瑞、茅台、建设银行，未来5年持有那个收益最高,雪球
2019-12-15,广东省与中国建设银行签署支持与服务粤港澳大湾区建设战略合作协议,Wind
2019-12-14,56岁建行“老兵” 原江苏省副省长王江出任中行行长,每日经济新闻
2019-12-14,建设银行发布粤港澳大湾区综合金融服务方案,新浪
2019-12-14,大手笔！建行将提供3万亿助力粤港澳大湾区建设,南方网
2019-12-13,一批罚单公布！涉及中国银行、平安银行、建行等分行 金融监管处罚,中新经纬
2019-12-12,建行信用卡中心：践行社会责任，创新驱动爱心满分,第一财经
2019-12-12,“金融赋能 健康兴国”——建银国际医疗健康产业峰会在京举行,新华网
2019-12-12,专访东亚银行副行长蔡丽凤：搭乘上5G这趟“超快列车”，银行业务将如何变？,证券时报网
2019-12-11,中国四大银行哪个更适合老百姓？它们的优缺点有哪些？,搜狐
2019-12-11,*ST猛狮(002684.SZ)新增诉讼 要求偿还借款本金3300.32万元及利(罚、复)息283.96万元 诉讼纠纷,格隆汇
2019-12-10,港股通北水追捧中国移动、建行、工行,财华社
2019-12-10,银行股破发阴云笼罩 邮储银行为保住发行价也是拼了 连续下跌,中财网
2019-12-09,银行股破发阴云笼罩 为保住发行价邮储推多项举措 连续下跌,新浪
2019-12-09,十年最大IPO明日上市重磅利好轮番上这是要逆天,中财网
2019-12-08,空缺8个月后，这家10万亿大行掌舵人终落定！56岁任德奇接任董事长，谁将出任行长？,券商中国
2019-12-06,高盛：对内银看法中性 予工行(01398)及建行(00939)“买入”评级,智通财经
2019-12-06,中国建设银行推出区块链再保理业务,TechWeb
2019-12-05,信用卡规模高增长 消费交易额股份行组队赶超国有行,投资时报
2019-12-04,中国证券监督管理委员会北京监管局行政处罚决定书（蒋东波） 金融监管处罚,北京证监局
2019-12-04,中国诚通：与建设银行签署战略合作协议,e公司
2019-12-04,依托信用信息数据 建行上海市分行试水个人消费信贷,国际金融报
2019-12-04,江苏银保监局：对建设银行南京鼓楼支行等作出行政处罚 其他违规处罚,Wind
2019-12-04,17家银行个人存贷规模上升 工行住房贷款占比最高,投资时报
2019-12-03,航天信息：中标建设银行发票数字化服务采购项目,e公司
2019-12-03,0.64PB的交通银行：为何会被市场如此残忍抛弃？,格隆汇
2019-12-02,港股通北水追捧建行、美团、腾讯,财华社
2019-12-02,震动金融圈！影响100万亿：四大行高层密集调动！,中国基金报
2019-12-01,保险资产管理产品结算系统正式上线,Wind
2019-11-29,建信理财与40余家资管机构及建行分行开启战略合作 刘兴华详解五大布局,证券时报网
2019-11-28,建行、清科研究中心：股权投资市场有望迎来长期资本支持,上证报
2019-11-27,建行山东省分行举办首届资产配置大赛,山东商报
2019-11-27,绿色金融国际创新合作 方兴未艾,金融时报
2019-11-27,东莞建行推出个体工商户经营快贷,信息时报
2019-11-26,哪些银行跻身微博影响力榜单？工商银行排名下降六位,新浪
2019-11-26,补缴六千监管费仍被注销保代许可，这家机构状告辽宁银保监局 资质撤销,澎湃新闻
2019-11-26,小微贷款捆绑销售背后：应对考核、平衡利率、增加中收,第一财经
2019-11-25,港股通北水追捧建行、工行、美团,财华社
2019-11-25,国办罕见点名 建行成反面典型,新金融观察
2019-11-25,建行打造 “新金融+新零售”模式,金融时报
2019-11-24,建行王瑜：以区块链为代表的金融科技将加快落地,新浪
2019-11-23,建设银行宁波市分行全力推进“225”外贸双万亿行动,浙江在线
2019-11-22,建行副行长廖林调任工行副行长,Wind
2019-11-22,六大国有银行领导班子变动大盘点：中行缺行长，交行缺董事长,澎湃新闻
2019-11-22,建信金科刘征宇：用金融科技引领银行业转型发展,新浪
2019-11-22,建设银行：廖林辞去副行长的职务 董监高成员变化,Wind
2019-11-22,建行广东省分行携手粤港澳同业共享区块链贸易金融平台,时代周报
2019-11-22,招行今年发行1000亿信用卡贷款ABS 受现金贷影响不良率上升 资产异常,网贷之家
2019-11-22,建行：银行当前仍需较强的风险抵补能力,证券时报
2019-11-21,创新模式 广东知识产权质押融资领跑全国,产业经济新闻网
2019-11-21,金融科技铸就建行发展新引擎 全方位赋能高质量发展,上证报
2019-11-21,超越工商银行，贵州茅台流通市值跃居A股榜首,澎湃新闻
2019-11-21,建行首席财务官许一鸣：新增类贷款使用率已超过50%,第一财经
2019-11-21,内银股全线走低 建行跌近2%失守10天及20天线,新浪
2019-11-21,苏州市政府和建设银行签署 《支持长三角一体化战略合作协议》,和讯
2019-11-19,建行刘桂平谈资管业务：既要内建联盟 又要外引翘楚,澎湃新闻
2019-11-19,银行机构微博影响力C位是谁？招商银行跌出榜单,新浪
2019-11-19,建行行长刘桂平：资管市场面临大变局 呈现四大新趋势,证券时报
2019-11-19,建设银行加入“朋友圈” 多点Dmall合伙人任中伟详解金融版图,证券日报
2019-11-19,国务院通报来了！北京区域两银行因小微贷款存借贷搭售等问题被警示 金融监管处罚,21世纪经济报道
2019-11-19,建信信托增资9.4亿获批 9月至今已遭监管罚没130万元,中国网
2019-11-19,国务院通报批评建行、平安：抬升小微企业融资成本,新浪
2019-11-18,多点Dmall董事长张文中解构“多点龙会员”,凤凰网
2019-11-18,数字零售跨界金融创新 建行与多点Dmall达成全面战略合作,证券时报
2019-11-18,犀牛财经晚报：建行平安遭点名通报 成品油价踩线上调,GPLP犀牛财经
2019-11-18,年内9家信托公司增资 建信信托增近十亿注册资本,中国经济网
2019-11-18,中国建设银行与多点Dmall启动全面战略合作,中证网
2019-11-18,港股通北水追捧建行、腾讯、美团,财华社
2019-11-18,办贷款必须买保险？建行、平安银行因违规搭售等被点名通报 金融监管处罚,第一财经
2019-11-18,银行放贷强制搭售保险？国务院通报平安、建行违法情况,网贷之家
2019-11-18,华信证券违规投信托遭暂停资管业务 母公司违法调6亿 金融监管处罚,中国经济网
2019-11-18,国务院办公厅督查室点名通报建行、平安,Wind
2019-11-18,港股公告精选：哈尔滨银行获大股东哈经开斥52亿元增持9.98%股权,Wind
2019-11-18,科技引领下：银行业金融创新看点何在,金融时报
2019-11-15,建设银行(601939.SH)完成发行400亿元无固定期限资本债券,格隆汇
2019-11-14,港股通北水追捧建行、工行和港交所,财华社
2019-11-14,港股通净买入建行5.72亿港元,格隆汇
2019-11-14,建信信托变更注册资本获批：增资至24.67亿元 ，股东持股比例不变,每日经济新闻
2019-11-14,金e诉与建设银行鹰潭分行签署战略合作协议，共启债权金融发展新篇章,证券之星
2019-11-13,信用卡经营大PK：国有行发卡量高“僵尸卡”也多，交行不良最高,和讯
2019-11-12,银行机构微博影响力C位是谁？浦发银行下滑三位,新浪
2019-11-12,建行江苏省分行支持制造业转型升级,上海金融报
2019-11-11,建行(00939-HK)工行(01398-HK)招行(03968-HK)现分別跌约2%,财华社
2019-11-11,四家理财子公司“背井离乡”，银行资管人员面临大迁徙,Wind
2019-11-11,城商行首获永续债“入场券”,北京商报
2019-11-10,建行行长刘桂平：房住不炒可促进房地产行业健康发展,金融界
2019-11-09,“金融干部不够用了”：四大行还少1位行长、7位副行长,21世纪经济报道
2019-11-08,银行股集体萎靡，常熟银行跌超3%,Wind
2019-11-08,建设银行11月13日将发行400亿元无固定期限资本债券,Wind
2019-11-08,33家上市银行最新存贷款排名：6张图看懂170万亿资产分布,和讯
2019-11-08,33家上市银行最新存贷款排名：6张图看懂170万亿资产分布,面包财经
2019-11-07,银行业吸金能力强势 部分银行还在“逆势加息”,新浪
2019-11-06,看好中资银行：惠誉上调五大国有银行评级，预计交行将在1-2年成为全球系统重要性银行,21世纪经济报道
2019-11-06,银行股异动走强，招商银行、建设银行涨幅靠前,Wind
2019-11-05,银行股大涨揭秘：高股息率+业绩回暖+北水加仓,Wind
2019-11-05,中国建设银行新加坡分行发行“一带一路”基础设施“离岸人民币债券”,经济日报
2019-11-05,港股公告精选：中国恒大10月合约销售额903亿元，同比增长70.2%,Wind
2019-11-05,上市银行前3季营收同比增长 环比苏州银行北京银行降,新浪
2019-11-04,建设银行：获准发行不超400亿元无固定期限资本债券,Wind
2019-11-04,金融：核心指标继续向上 股份行改善最亮眼,中信建投
2019-11-04,国有大行：总体经营稳健 发展态势向好,金融时报
2019-11-01,建行实现净利润2253.44亿元,金融时报
2019-11-01,六大行三季报：净息差同比均下滑 盈利能力下降,第一财经
2019-10-31,大悦城：为重庆金悦汇提供2.5亿元担保 大额借贷担保,乐居财经
2019-10-31,六大行三季报：共赚9317亿，净息差同比均收窄,第一财经
2019-10-31,详细解读建设银行3季报：息差上行，业绩平稳高增【中泰银行·戴志锋/邓美君/贾靖】,传统借贷vs新型金融
2019-10-31,四大银行季绩哪家强？,财华社
2019-10-31,【建设银行季报点评】业绩增速再提升，理财子一马当先,志明看金融
2019-10-31,【华西固收】信贷ABS面面观（三）：RMBS信用分析框架 ——资产证券化市场周报20191031,固收江坛
2019-10-31,午市前瞻：港股半日收市上升281点 27000关势遇阻,新浪
2019-10-31,商业银行资产质量出现好转 部分甚至“双降”,中投网
2019-10-31,野村：维持建设银行(0939.HK)“买入”评级 目标价7.87港元,格隆汇
2019-10-31,六大行前3季净利同比增5.73% 金融科技成发力重点,中证报
2019-10-31,早报：暴风集团多位高管请辞 多家银行发布三季报,网贷之家
2019-10-31,前三季近六成A股公司盈利增长，猪鸡业绩飞上天,Wind
2019-10-31,新金融催生新服务,北京日报
2019-10-31,五大行前三季度合计净利8775亿元 资产质量较去年年末全面改善,证券日报
2019-10-30,建行三季报：不良贷款较上年末增加105亿 不良率下降,新京报
2019-10-30,建设银行(601939.SH)拟向建行欧洲增资3.5亿欧元,格隆汇
2019-10-30,建设银行(601939.SH)第三季归属股东净利润升6.07%至711.54亿元,格隆汇
2019-10-30,建设银行：前三季度净利润2253.4亿元，同比增5.25%,Wind
2019-10-30,建设银行(00939-HK)：米歇尔马德兰获准担任独立非执行董事,财华社
2019-10-30,港股复盘：恒指跌0.44%，欲出售资产SOHO中国飙升近18% 资产异常,格隆汇
2019-10-30,受贿为建行等三银行揽储 某街道办会计主任获刑三年 其他违规处罚,新浪
2019-10-30,港股投资日历：建设银行等公司披露财报，中国飞鹤等公司开始招股,Wind
2019-10-29,农行被罚300多万：8大违规 多条涉及股市楼市 其他违规处罚,新浪
2019-10-28,四大行4年减员7.52万 银行柜员占到9成 员工变动,新浪
2019-10-26,2019年10月建设银行住房贷款利率一览表 建行住房贷款利率2019年,南方财富网
2019-10-23,建行浙江分行因存在十余项违法违规事实，领监管340万元罚单 金融监管处罚,全景网
2019-10-22,3只战略配售基金股票仓位不足1成，首现科创板新股抽签锁定6个月,Wind
2019-10-22,中国银行业微博影响力排行榜发布：建行、农行领跑,新浪
2019-10-22,港股通北水追捧华润置地、建行、新城发展,财华社
2019-10-22,北水动向(10.22)|北水净流出4100万 润地(01109)大跌北水趁机扫货,智通财经
2019-10-22,建行创新“民工惠”解决方案 已投放专项融资款215亿元,第一财经
2019-10-21,北京信用卡涉房交易调查:密集调控 信用卡购房被叫停,中新经纬
2019-10-18,港股通北水追捧腾讯、舜宇光学和建行,财华社
2019-10-18,建设银行(00939.HK)将于10月30日举行董事会会议以审议前三季度业绩,格隆汇
2019-10-18,医保缴费拓渠道 银行开通医保征收业务,面包财经
2019-10-17,港股通北水追捧建行、腾讯、新东方在线,财华社
2019-10-17,中国十大私人银行上半年“成绩单”,新浪
2019-10-16,【天风|银行】关于9月金融数据的几点看法,志明看金融
2019-10-15,调控政策趋严 多家银行管控信用卡涉房交易,华夏时报
2019-10-15,建设银行(00939.HK)：格雷姆惠勒就任独立非执行董事,格隆汇
2019-10-15,恒泰MVM模型剖析银行股,恒泰睿财
2019-10-15,银行业的大分化时代，该如何投资银行股？,YY港股圈
2019-10-14,全面围堵炒房资金 建行农行等6家银行限信用卡涉房交易,新京报
2019-10-14,信用卡不能这样用！农行、建行、招行纷纷宣布 释放重要信号,每日经济新闻
2019-10-12,建行山西省分行发布四项普惠金融产品,中国金融信息网
2019-10-12,信用卡买房之路被堵死：建行招行等放大招影响多大,新浪
2019-10-10,港股通北水追捧汇丰控股-、建行、腾讯,财华社
2019-10-10,华瑞银行行长朱韬：将银行“开”在供应链场景中,上证报
2019-10-09,"A档案|建信信托人均净赚481万背后违规操作手段不断：资金违规进入楼市、违规接受险资投资信托，两月被查两次被罚130万
金融监管处罚",和讯
2019-10-08,建设银行(00939.HK)将赎回20亿元二级资本债券,格隆汇
2019-10-01,五大行“债转股子公司”业绩如何？2019年上半年资产翻1倍,Wind
2019-09-30,"银行行业:监管设定拨备上限,缩减利润调节空间",平安证券
2019-09-30,"银行行业周报:新规征求稿或迫银行释利润,光大理财拔得股份行头筹",平安证券
2019-09-29,宝武钢铁集团获首笔市场LPR定价FTE借款,新京报
2019-09-28,小微企业主有福利!银行打造普惠金融创新产品,国际金融报
2019-09-28,银行业改革创新不停步,华夏时报
2019-09-27,收藏！中国银行业70年大事记,新浪
2019-09-27,四大行首份中报：日赚8.5亿、不良率仅为1.43%,新浪
2019-09-27,内银股下跌 建行跌逾1%工行及招行各软约1%,新浪
2019-09-26,港股通北水追捧建行、平安、邮储银行和腾讯,财华社
2019-09-25,银行永续债发行提速：年内八家银行已发行4100亿，还有3600亿发行计划在路上,Wind
2019-09-24,茅台又刷屏了！市值超贵州省GDP四大行已超过了3家,顶尖财经网
2019-09-23,港股通北水追捧建行、汇丰、舜宇光学,财华社
2019-09-23,建行深圳布局“投贷联动”：已签119家认股协议企业，将设孵化基金,21世纪经济报道
2019-09-23,"银行行业周报:村镇银行应“小而美”,LPR二次报价五年期不降",平安证券
2019-09-18,港股通北水追捧建行、中芯国际、中国海洋石油,财华社
2019-09-18,招商银行的优越性在哪？,财华社
2019-09-18,白马股苏泊尔刹车：4年股价涨7倍 上半年营收仅增1成 盈利能力下降,中国经济网
2019-09-17,小米、建行战略合作：银行II类电子账户上线,驱动之家
2019-09-17,小米金融与建设银行签署战略合作协议银行电子账户等服务率先上线,证券之星
2019-09-16,“逐梦新时代 激发新动能”——中国建设银行发布第二届中国国际进口博览会金融服务方案,面包财经
2019-09-16,美股期货急挫拖累重磅股捱沽 腾讯及建行跌约2%,新浪
2019-09-16,建设银行(00939-HK)盘前跌2.083%,财华社
2019-09-16,六大行上半年减员3.4万人，多家银行科技投入飙升,Wind
2019-09-15,H股超跌，南下资金青睐哪些板块？哪些金融个股？【国盛金融】,马婷婷深度研究
2019-09-15,月收入3000元欠百万巨款 警惕出现在你身边的这种人,每日经济新闻
2019-09-12,谁动了银行低成本存款的奶酪,红周刊
2019-09-12,国庆后实施新政 北京首套房贷款利率不得低于5.4%,北青网
2019-09-11,银行理财转型阵痛：规模普遍下降 转型净值化速度加快,21世纪经济报道
2019-09-10,建设银行信息披露工作获得多个奖项,中国金融新闻网
2019-09-10,工行上半年代销个人保险保费收入同比增长119%,Wind
2019-09-09,部分银行消费贷踩刹车 不良率集体逆势上升 资产异常,中投网
2019-09-09,银行零售业务转型“竞速” 从边缘业务变成半壁江山,中投网
2019-09-09,“换锚”后房贷业务平稳过渡 涉房贷款未来或稳中有降,国际金融报
2019-09-09,借科技之力 建行上海市分行贯通供应链小微企业融资渠道（普惠金服 普罗大众）,国际金融报
2019-09-07,信用卡期中考：交行收缩，平安强势，工行佛系,虎嗅网
2019-09-05,【中原银行王鸿行】建设银行(601939)中报点评*业绩稳健，资产质量优异,中原证券研究所
2019-09-04,建设银行力推“民工惠”服务：金融科技助力解决农民工欠薪问题,面包财经
2019-09-04,六大行房贷“减速”！下半年贷款买房要变难？,经济日报
2019-09-04,信用卡不良逆市攀升 京粤两地银保监局发文提示风险,新浪
2019-09-04,银行资产质量保持平稳 5大行不良率较去年末均有下降,经济日报
2019-09-04,信用卡盛宴落幕： 7家上市银行不良率上升， 互金共债风险拖累 资产异常,21世纪经济报道
2019-09-03,不良率集体逆势上升，部分银行消费贷急踩刹车 资产异常,第一财经
2019-09-03,信用卡不良率上行 银行关注风险但信心不减,金融界
2019-09-03,汇丰研究：内银中期业绩胜预期 吁买入建行(0939.HK)等,格隆汇
2019-09-03,才半年时间！六大银行就减少3.5万人，还关了277个网点,每日经济新闻
2019-09-03,上市银行交出期中考试“成绩单” 银行服务实体经济更精准,经济日报
2019-09-02,上市银行半年新增逾万亿房贷 涉房贷款大概率从紧,时代周报
2019-09-02,上半年国有大行贷款投向哪：对公贷款占比上升，房贷占比下降,澎湃新闻
2019-09-02,六大行半年报收官！业绩全增却减员近3.5万人 营业网点也纷纷“瘦身” 员工变动,每日经济新闻
2019-09-02,港股通北水追捧腾讯、舜宇光学、建行,财华社
2019-09-02,六大行上半年日赚35.8亿：工行第一 日赚钱能力超3个腾讯或8个茅台,驱动之家
2019-09-02,国有六大行半年盈利6483亿日赚36亿 负债总额111.2万亿不良率全线下降,长江商报
2019-09-02,股份行不良贷款率集体下降上半年有5家净利润增速超10% 盈利能力下降,和讯
2019-09-02,普惠金融进校园 建行助力青年学子事业起航（普惠金服 普罗大众）,国际金融报
2019-09-02,国有大行：稳健运行态势不变,新浪
2019-09-02,六大行半年报出齐了： 净息差收窄、不良率下降,第一财经
2019-09-02,LPR对商业银行管理将产生长远、深刻影响,证券日报
2019-09-01,棱镜|银行业交五年最好成绩单：零售优先策略显效，LPR影响小,棱镜
2019-09-01,公告解读：四大行上半年成绩单出炉：净利增幅均不超5% 日赚31亿元,南方财经网
2019-08-31,斩获近6500亿 六大行上半年净利润增幅均超5%,中证报
2019-08-31,五大国有银行净利润合计突破6000亿元,证券日报
2019-08-30,建行管理层解读中报：进一步严控房地产开发贷准入标准 LPR改革对息差影响不大,经济观察网
2019-08-30,未来分红比例还会保持30%左右 建行托管包商银行进展顺利,华夏时报
2019-08-30,债券重大事件2019年8月30日星期五,Wind
2019-08-30,六大行半年报出齐了：总共赚了6483亿元，工行净利最多,第一财经
2019-08-30,上市银行“期中考”放榜 六大行净赚6377亿元,新浪
2019-08-30,国有六大行上半年日赚合计超35亿，不良贷款率齐降,澎湃新闻
2019-08-30,南下资金8月以来累计净买入建行逾118亿港元,格隆汇
2019-08-30,四大行2019年中报平稳增长，上半年共赚5576亿元,Wind
2019-08-30,上市公司8300亿闲钱买理财，1.5万亿债券融资，这17家有点不一样,Wind
2019-08-30,建设银行上半年实现净利1557.08亿元 同比增5.59%,中国网
2019-08-30,刘桂平:严格执行对包商银行托管职能 工作进展顺利,新浪
2019-08-30,21家银行利润增速超过10% 银行业盈利能力提升,央视
2019-08-30,刘桂平亲述大资管“加减法”：新业务与“处理存量”并存,金融界
2019-08-30,建设银行：进一步加强准入标准确保房地产开发贷款规范发展,兰格钢铁网
2019-08-30,车主邦再获4.5亿融资 深耕能源行业“数字化“发展,中国能源网china5e
2019-08-30,建行上半年净赚1557亿元 CFO许一鸣：未来分红比例还会保持30%左右,华夏时报
2019-08-30,建设银行：新增贷款LPR定价比例超过50%,中国经营网
2019-08-30,【华泰金融沈娟团队】利润增速回暖，龙头价值呈现—工商银行(601398)【证券研究报告】,华泰金融研究全新平台
2019-08-30,【银行】601939*建设银行:手续费收入表现优于行业，资产质量保持稳健*买入,中银国际证券研究
2019-08-30,持续完善风险管理体系 建行管理层解读中期业绩报告,新浪
2019-08-30,建设银行上半年净利润1557亿元 同比增长5.59%,证券日报
2019-08-30,资管机构大手笔“下注”金融科技,中证报
2019-08-30,建行高管：LPR定价有序推进 或引导实际贷款利率下行,新华网
2019-08-30,"银行行业周报:金融科技发展规划落地,央行调整个人房贷利率政策",平安证券
2019-08-29,建设银行:未来个人住房贷款保持稳健发展态势,证券时报网
2019-08-29,建行刘桂平:非标回表对资本充足率有影响 但整体可控,新浪
2019-08-29,建行：超50%新增贷款已用LPR定价，对利息收入影响不大,澎湃新闻
2019-08-29,建行：上半年房地产开发贷增速下降，将加强准入标准,新京报
2019-08-29,建行副行长：将严控房地产开发贷准入标准，房贷会稳健发展,澎湃新闻
2019-08-29,建行：未来分红比率仍会保持在30%左右,Wind
2019-08-29,建行：未来分红比率仍会保持在30%左右,中证网
2019-08-29,建行：严格执行对包商银行托管职能，尚未研究“入驻”某家机构的举措,Wind
2019-08-29,建行：进一步加强房地产开发贷准入标准,Wind
2019-08-29,刘桂平：建行存量理财业务整改方案正在制定中 非标回表对资本充足水平影响有限,中证网
2019-08-29,重磅！建行：进一步加强房地产开发贷准入标准,中证网
2019-08-29,建设银行上半年净利同比增长5.59%至1557亿元 个人消费贷款规模缩减两成,每日经济新闻
2019-08-29,建行：新发放贷款中应用LPR的比例已达56% 今年对净利息收入影响不足1亿元,证券时报网
2019-08-29,建行：目前新增贷款中LPR定价比例已达56%,Wind
2019-08-29,建行：未来分红比例预计还会保持在30％左右,证券时报网
2019-08-29,建行广西分行打造“数字茉莉”平台助力乡村振兴,中国金融新闻网
2019-08-29,建行:进一步加强房企准入标准 审慎发放房地产开发贷,新浪
2019-08-29,“无感支付加油”亮相智博会 建行携手中石化助力智慧出行新生活,建设银行
2019-08-29,建行半年报看点：净息差下滑7个基点，不良率下降,第一财经
2019-08-29,大和：重申建行(0939.HK)“买入”评级 目标价降至8港元,格隆汇
2019-08-29,建行上半年净赚1557亿 个人消费贷降19.9%,新京报
2019-08-29,睿智投资｜中国建设银行-H（939 HK）- 业绩高质量增长，息差小幅承压,招银国际
2019-08-29,建行智能金融科技亮相世界人工智能大会 “未来银行”带来新体验,上海金融报
2019-08-29,银行冠华|建设银行：非息增速提升，资产质量平稳,大话金融
2019-08-29,港股公告精选：中国恒大上半年净利润149.2亿元同比下降51.6%,Wind
2019-08-29,建行上半年净利1541亿元 同比增4.87%,中证报
2019-08-29,建行上半年盈利近1542亿普惠金融贷款余额达8311亿,证券时报
2019-08-29,建行(00939-HK)中期盈利1541.9亿人民币升5% 不良贷率降,财华社
2019-08-28,建设银行上半年净利1541.9亿，不良率微降至1.43%,澎湃新闻
2019-08-28,建设银行：上半年净利润同比增4.87%,Wind
2019-08-28,客户买基金亏57万代销银行建行被判全赔，监管部门怎么看？,澎湃新闻
2019-08-28,建设银行上半年净利1542亿，不良贷款余额2080亿，较上年末增加71.88亿,重庆商报
2019-08-28,建设银行(00939.HK)中期归母净利润增长4.87%至1541.9亿元,格隆汇
2019-08-28,建行住房租赁综合服务平台累计上线房源超过1600万套,中证网
2019-08-28,建行2019年上半年实现净利润1541.9亿元,中证网
2019-08-28,建行：上半年净利润1557.08 亿 不良率1.43%,新浪
2019-08-28,建设银行：上半年净利1541.9亿元 同比增4.87%,e公司
2019-08-28,建设银行：上半年实现净利润1542亿元 同比增长4.87%,新浪
2019-08-28,建设银行：上半年净利润1541.9亿元同比增长4.87%,Wind
2019-08-28,聚龙股份上半年收入下滑9%转型金融一体化服务商 盈利能力下降,挖贝网
2019-08-27,港股通北水追捧建行、腾讯、舜宇光学、吉利,财华社
2019-08-27,债委会苦等 青投集团偿债方案迟到两月,中国经营报
2019-08-26,理财收益再创年内新低VS股息率飙升！买银行理财产品不如买银行股,重庆商报
2019-08-23,基金豆CEO冯霞评建行赔基民:基金业模式转向买方投顾,新浪
2019-08-23,资管圈炸了！客户百万买基金亏57万，代销银行被判全赔,中国基金报
2019-08-23,抢食2.2万亿不良资产蛋糕 信托不甘心只做通道,第一财经
2019-08-22,智博会建设银行携互联网＋和人工智能＋而来，与您“渝”建未来,上游新闻
2019-08-22,港股通北水追捧建行、舜宇光学、腾讯,财华社
2019-08-21,港股通北水追捧建行、中国生物制药、工行、金山软件,财华社
2019-08-21,重庆城投建信违规吃警示函 基金未按约向合伙人信披 金融监管处罚,中国经济网
2019-08-20,港股通净买入建行4.72亿港元,格隆汇
2019-08-20,建行推出服务上海自贸新片区创新发展方案,上海金融报
2019-08-20,中国建设银行裕农通：立足城乡融合 践行金融扶贫,光明日报
2019-08-20,内银股普遍受压 工行及邮储行跌逾1%建行跌近1%,新浪
2019-08-20,又见上市公司大股东深陷资金困局！3亿担保、3.69亿借款逾期 担保风险,券商中国
2019-08-19,港股通北水净买入腾讯、建行、工行,财华社
2019-08-19,探营8家LPR新增报价行：客群以小微企业为主,证券日报
2019-08-17,解决多项痛点 长三角探索中小微企业投融资新模式,第一财经
2019-08-16,港股通北水追捧建行、平安、港交所,财华社
2019-08-16,鹰潭市委书记郭安、市长于秀明携市委市政府领导班子成员 莅临微债科技调研指导工作,证券之星
2019-08-16,建设银行：董事会8月28日举行会议，以考虑及批准中期业绩及其他事宜,Wind
2019-08-16,建设银行(00939.HK)8月28日召开董事会会议 审核中期业绩,格隆汇
2019-08-16,银行业协会联合建设银行等金融机构发布对966户债务人公示催收债权公告,第一财经
2019-08-15,建行与启迪控股合作共建科创孵化基地,新京报
2019-08-15,债券重大事件8月15日星期四,Wind
2019-08-15,建设银行(00939-HK)：纪志宏正式就任副行长,财华社
2019-08-15,建行副行长纪志宏任职资格获银保监会核准,新浪
2019-08-15,港股通北水追捧建行、中国平安、工行,财华社
2019-08-15,纪志宏就任建设银行副行长,中国经济网
2019-08-15,密集请外援 5G银行建设加速,北京商报
2019-08-14,田博获批担任建设银行(00939.HK)非执行董事,格隆汇
2019-08-14,"宇瞳光学技术与毛利率双落后 上下游""一家亲""财务真吗",中国经济网
2019-08-13,港股通北水力捧建行、舜宇光学、腾讯,财华社
2019-08-12,梦网集团(002123.SZ)中标建设银行106980095533短彩信及海外短信发送服务项目,格隆汇
2019-08-10,吉林：借力金融科技 精准服务小微,新华网
2019-08-09,建行联手支付宝推出ETC便民出行服务,中证网
2019-08-08,你的黄金 工行来回购,都市快报
2019-08-08,胜通债违约背后：主承国海证券卷入漩涡,--
2019-08-07,港股通北水追捧腾讯、建行、友邦,搜狐
2019-08-06,创业公社携手建设银行 为长租公寓住户提供更多人性化居住体验,中国经济网
2019-08-06,内银股受压 建设银行及工商银行均下跌2%,新浪
2019-08-05,金融街下午茶2019年8月5日星期一,Wind
2019-08-05,银保监会：五家大型银行资产占银行业总量的37%,Wind
2019-08-05,债务人15.94亿元项目补偿款被冻结 三家银行起诉提“异议” 资产查封,中国经营报
2019-08-04,换个角度看银行的业绩和估值：哪些银行的盈利质量更高？【国盛金融马婷婷】,马婷婷深度研究
2019-08-02,港股通北水追捧建行、腾讯、工行、万洲、神华,搜狐
2019-08-02,刘桂平：优化外部环境 建议准予银行普惠金融贷款损失准备金扣除,证券时报
2019-08-02,内银股全线向下 招行跌近3%建行下跌2% 连续下跌,新浪
2019-08-02,建行刘桂平:上半年新增普惠贷款2210亿 超过去年全年,新浪
2019-08-02,建行行长刘桂平：数字化技术可为普惠金融赋能,Wind
2019-08-01,建设银行“普惠金融”战略成效显著,中国金融信息网
2019-08-01,建行龙卡信用卡参展2019 China Joy，再掀年轻狂潮,证券之星
2019-08-01,建行与中国残联签约,金融时报
2019-07-31,建设银行今日大宗交易成交750万股，成交价7.38元溢价0.14%,Wind
2019-07-31,建行“裕农通”开启乡村普惠金融服务新篇章,金融界
2019-07-31,华为：与建设银行签署战略合作协议,e公司
2019-07-30,开放银行范式,新浪
2019-07-29,港股通北水追捧建行、平安、腾讯,财华社
2019-07-27,全国首个智慧柜员机智能办照系统江门上线,南方网
2019-07-26,建行“公租房综合服务方案”助推贵州发展,金融界
2019-07-26,港股通北水力捧腾讯、中国平安、建行,财华社
2019-07-26,7月26日券商晨会研报汇编,证券日报
2019-07-25,银行业投资策略报告:国有大行估值提升之路,万联证券
2019-07-24,港股通北水力捧建行、中国建材、万科,财华社
2019-07-24,【中原银行王鸿行】银行行业月报*息差与资产质量承压，向上弹性大于向下空间,中原证券研究所
2019-07-22,神州信息金融科技赋能建设银行、重庆银行获2019 IDC最佳创新奖,证券之星
2019-07-22,2019世界500强排行榜：建行排名31位 与去年持平,新浪
2019-07-22,多款5G银行纷至沓来 银行系距离打造“爆款”还有多远,金融时报
2019-07-22,银行行业周报:金稳会公布11条对外开放措施;关注板块和个股中报,平安证券
2019-07-21,【专题】从基金持仓看银行股：2Q19持仓回升，攻守兼备,志明看金融
2019-07-19,上海银保监局整顿信用卡业务，建行、浦发等6家银行被罚,新京报
2019-07-18,港股通北水力捧中国财险、建设银行、万科,搜狐
2019-07-18,建设银行房屋抵押贷款办理流程建行个人住房抵押贷款的贷款额度是多少,中研网
2019-07-18,公募FOF新生态： “银基合作”边界突破 寻求长期稳收益,经济观察网
2019-07-17,上海银保监局出手整顿信用卡业务 工行、建行等被罚,新浪
2019-07-17,建设银行(00939)：刘桂平出任执行董事获银保监核准,智通财经
2019-07-17,建行执行董事刘桂平任职资格获银保监会核准,新浪
2019-07-17,建设银行(601939.SH)正式任命刘桂平为副董事长及执行董事,格隆汇
2019-07-17,建设银行：刘桂平就任公司副董事长、执行董事,e公司
2019-07-17,建行个人金融部韩锐：未来银行保险要借助互联网力量,新浪
2019-07-16,建设银行(00939-HK)获野村上调目标价股价无升跌,财华社
2019-07-15,大金融板块异动攀升，三大指数跌幅收窄,Wind
2019-07-15,银行行业周报:6月非银贷款拖累信贷社融超预期;地方AMC制度落地,平安证券
2019-07-12,上市公司高股息比拼“宝宝”军团，63只“现金奶牛”名副其实,Wind
2019-07-12,建行孙娜：移动支付的发展历程及未来展望,新浪
2019-07-12,省内8家银行派息金额大增近五成,和讯
2019-07-11,"5G银行长啥样？建行在京开业3家""5G＋智能银行"" 还将再开14家",券商中国
2019-07-11,中国移动与中国建设银行联手推出全国首家“5G+智能银行”网点,和讯
2019-07-11,建设银行首批三家“5G+智能银行”落户北京,Wind
2019-07-11,建设银行在京推出首批三家“5G+智能银行”,新浪
2019-07-10,新机股份被黑石追讨1750万 新乡日升被判担连带责任,新浪
2019-07-10,恒丰银行与建设银行在同业合作等领域达成一系列合作共识,证券时报
2019-07-10,建设银行：“09建行022”赎回行权日8月11日,Wind
2019-07-10,【专题】理财子公司发行了那些新产品？,志明看金融
2019-07-10,建行与工信部签署战略合作协议,金融界
2019-07-09,国有五大行2018年度现金分红超3000亿 工行占近900亿,北青网
2019-07-09,3000亿元！五大行“撒钱”力度再创新高！,21世纪经济报道
2019-07-09,JTABS二级周报,JT平方智管有方
2019-07-09,国有五大行现金分红逾3000亿元,证券日报
2019-07-08,银行行业周报:银保监金融供改答记者问;开展股权和关联交易整治,平安证券
2019-07-07,中小行普惠金融受大行挤压，下沉业务市场空间依然很大,第一财经
2019-07-06,风暴中的新城控股：投资人惊恐 新掌门朋友圈改为三天可见,第一财经
2019-07-05,宁波银保监局连开35张罚单 工行等10银行涉房贷被罚 金融监管处罚,新浪
2019-07-05,工信部与建设银行签署战略合作协议,e公司
2019-07-04,宁波银保监局一天开35张罚单，12家银行涉“房”违规被罚 金融监管处罚,澎湃新闻
2019-07-04,17股获券商买入评级 游族网络目标涨幅达35.14%,Wind
2019-07-03,"建设银行:综合金融助力实体经济,负债端优势持续巩固",证券之星
2019-07-02,港股投资日历：建设银行、中国重汽等股除净,Wind
2019-07-02,格隆汇A股公告精选(7.02) | 中国通号(688009.SH)拟发行不超18亿股 10日开始申购;华兴源创网上申购近2.3万个号码中签;交行建行下周派发股息；截至6月底多家公司现大量回购,格隆汇
2019-07-01,[快讯]建设银行公布2018年年度分红实施方案,中财网
2019-07-01,建设银行(00939.HK)提名赵锡军担任监事会履职尽职监督委员会委员等,格隆汇
2019-07-01,建设银行(601939.SH)拟每10股A股派3.06元 股权登记日为7月9日,格隆汇
2019-07-01,建设银行：2019将有预计1700亿元支持中小微企业,Wind
2019-07-01,"银行行业周报:市场利率持续回落,国常会加强信贷投向",平安证券
2019-06-30,兴业有估值优势 浦发相对高估,红周刊
2019-06-25,银行与公募合作边界突破：建行与前海开源探索“银基合作”新模式,21世纪经济报道
2019-06-25,传闻澄清了 招商银行快速拉起 距离机构目标价仍有多大上涨空间？,证券时报网
2019-06-24,建行董事长：建行住房租赁服务平台已上线房源超过1600万套,Wind
2019-06-22,负债223亿！胜通集团破产引争议 四大行、中泰证券等领衔债权人,红周刊
2019-06-21,建设银行：2018年度股东大会决议公告,上交所
2019-06-20,建设银行：董事会2019年第四次会议决议公告,上交所
2019-06-20,建设银行(00939.HK)选举格雷姆惠勒担任审计委员会委员,格隆汇
2019-06-20,建设银行(00939.HK)选举刘桂平担任副董事长,格隆汇
2019-06-19,5G引发银行业无穷想象：高速网络消灭银行卡,中国电子银行网
2019-06-19,天津市蓟州区市场和质量监督管理局 其他违规处罚,天津市场监管委
2019-06-18,银行业2019年下半年投资策略:金融供给侧结构性改革下的银行混业经营,光大证券
2019-06-17,银行集体登陆支付宝开“阿里分行”：挖掘三大红利,搜狐
2019-06-17,开放融入 互惠融通 创新融合——“新金融人才产教融合联盟”发展纪实,新华网
2019-06-17,建行滨州分行被罚35万：违规收取银承汇票承诺费等 其他违规处罚,新浪
2019-06-17,中国建设银行与国家电网公司共同发布“云电贷”,中证网
2019-06-16,理财资金权益配置占比提高,证券市场周刊
2019-06-14,建行云南省分行：奋斗在脱贫攻坚路上,新华网
2019-06-14,建行北京市分行与清华工研院共建科创孵化基地迈出“科创孵化平台”第一步,中国金融新闻网
2019-06-14,五大银行对比分析：为何建设银行是最好的？,新浪
2019-06-13,金融业如何迎接5G时代？5G银行网点陆续落地,中投网
2019-06-13,密集罚单砸向银行违规贷款！违规流入股市楼市更在严查之列，多家大行遭罚,券商中国
2019-06-12,建行呼伦贝尔分行1员工被禁业15年 原因系参与民间借贷,财经网
2019-06-12,建设银行商丘遭银监处罚 违规发放和管理固定资产贷款,中国经济网
2019-06-12,手机银行大比拼：从“卡时代”到“APP时代”,21世纪经济报道
2019-06-11,建行沈阳浑南支行被罚20万：贷款资金支付管控违规,新浪
2019-06-06,建设银行新任蔡亚蓉为资产托管业务部总经理 聘期4年,新浪
2019-06-05,财富风险指北月报：2019年5月“爆雷”机构及产品分析,如是金融研究院
2019-06-05,建行与卢森堡证交所签署合作备忘录,Wind
2019-06-05,建行与卢森堡证交所签署合作备忘录 将在人民币国际化等领域多层次合作,第一财经
2019-06-05,建设银行与卢森堡证交所签署合作备忘录,e公司
2019-06-05,建设银行金华违规收两罚单 信贷资金挪用于股权投资 其他违规处罚,中国经济网
2019-06-05,一季度建行民企贷款新增超千亿,证券时报网
2019-06-04,北上资金6月首个交易日扫货银行股,Wind
2019-06-03,国内首家银行理财子公司开业 将进一步提升理财资管业务的主动管理能力和专业化程度,每日经济新闻
2019-06-03,【万联银行】关注短期流动性波动--银行业周观点报告,万联证券研究所
2019-06-03,消费金融速递,JT平方智管有方
2019-06-03,首家银行“理财子公司”开业现场：建行行长刘桂平诠释“三个协同”,21世纪经济报道
2019-06-03,中银国际证券6月金股组合,太平桥策略随笔
2019-06-01,银行一季报预示净息差不可能反转,红周刊
2019-05-31,最全梳理理财子公司建设进度：谁先斩获“通关文牒”？,21世纪经济报道
2019-05-31,"据建设银行31日发布的公告，该行与光大证券联合承销的中国华阳经贸集团2018年第二期和三期超短期融资券违约后并无实质性进展。
未按时兑付本息",中国金融信息网
2019-05-31,2019中国最佳品牌排行榜出炉，腾讯阿里建行稳居前三,Wind
2019-05-31,建行“投贷联动”模式落地： “选择权贷款”布局A轮前初创企业,21世纪经济报道
2019-05-30,【万联银行】短期风险偏好下降--银行业周观点报告,万联证券研究所
2019-05-30,彭博：花旗将工行、建行、招行纳入新首选,新浪
2019-05-30,花旗将工行、建行、招行纳入新首选，并表示四大行估值处于低点,Wind
2019-05-30,银行理财子公司年内有望加速获批 专家称A股市场长线增量资金可期,证券日报
2019-05-29,第三家！工行、建行之后，交行理财子公司也获批开业了！影响5.5万亿理财，更能直接投A股,中国基金报
2019-05-29,【独家新闻】中国建设银行负责人：建设银行托管包商银行是一种商业行为,新华网
2019-05-28,首家银行理财子公司成立！注册资本为150亿元 建行“摘冠”,和讯
2019-05-28,建设银行：公司非执行董事李军辞职 董监高成员变化,Wind
2019-05-28,首家银行理财子公司正式成立，建信理财注册资本150亿,第一财经
2019-05-28,公告点题｜5月27日这些公告有看头,第一财经
2019-05-28,建行理财子公司完成工商登记正式成立,证券时报
2019-05-28,已领取金融许可证 建设银行理财子公司正式成立,北京商报网
2019-05-27,靳彦民担任建设银行首席风险官资格获银保监会批复,每日经济新闻
2019-05-27,国内首家！建行全资子公司建信理财公司成立,中金在线
2019-05-27,建设银行：建信理财公司正式成立，注册资本150亿元,Wind
2019-05-27,建行：靳彦民首席风险官任职资格获银保监会批复,新浪
2019-05-27,建设银行(00939.HK)聘任靳彦民担任首席风险官,格隆汇
2019-05-26,个人住房贷款增速一再回落 14家上市银行哪家强？,新京报
2019-05-24,恒丰银行发布澄清公告：与建行的相关报道严重不实,21世纪经济报道
2019-05-24,建设银行关于托管包商银行的公告,新浪
2019-05-24,建设银行(601939.SH)接受接管组委托 托管包商银行业务,格隆汇
2019-05-23,【重磅】工行建行打头阵，理财子公司正式登场,志明看金融
2019-05-23,工行建行理财子公司获批开业 为多层次资本市场发展聚力,中投网
2019-05-23,首批理财子公司获准开业 多家银行设立申请已获受理,金融界
2019-05-23,首批银行系理财公司来了：北工银、南建信 还有这5家待开业,新浪
2019-05-23,两巨头理财子公司开业在即！事关4.4万亿银行理财 老百姓投资将坐享四大利好,券商中国
2019-05-23,首批银行理财子公司获准开业 工行建行拔得头筹,证券时报
2019-05-22,建信理财掌门刘兴华：开业后将加大配置权益类资产,新浪
2019-05-22,2家银行理财子公司获批开业，优势还待转变为竞争力,第一财经
2019-05-22,工行、建行理财公司获批开业 另多家银行申请已受理,中国经营网
2019-05-22,5万亿大消息!工行、建行理财子公司要开业了!最关键是可直接投A股,中国基金报
2019-05-22,建信理财掌门人独家详解:为何选址在深圳？为何保留资管部？,券商中国
2019-05-22,银保监会批准工银理财有限责任公司、建信理财有限责任公司开业,Wind
2019-05-22,【万联银行】一季度贷款加权利率保持基本稳定--银行行业周报,万联证券研究所
2019-05-21,【专题】银行信贷结构有何变化？,志明看金融
2019-05-17,全球最赚钱公司来了！苹果四年蝉联第一四大行跻身前十,中金网
2019-05-16,建行上海市分行积极投放银税合作贷款,上海金融报
2019-05-14,刘桂平出任建设银行新任行长，任职资格获银保监会核准,财经网
2019-05-14,【国信银行·深度】疫情对美国四大行业绩的影响,国信金融研究
2019-05-14,【晨会聚焦】大型银行具有防御性,中泰证券研究所
2019-05-13,建设银行：刘桂平就任行长,Wind
2019-05-13,中行一季报点评：资产质量明显改善，具一定投资价值,新浪
2019-05-12,银监会19年1季度数据点评：规模驱动业绩增速走高，息差与资产质量平稳【中泰银行·戴志锋】,传统借贷vs新型金融
2019-05-11,进出口银行与建设银行 签署战略合作协议,金融时报
2019-05-09,私人银行60万客户回归银行系反思：补短板与迎风口,21世纪经济报道
2019-05-08,大摩唱空四大行背后，国有大行业绩成色如何？,凤凰网
2019-05-08,郭施亮：摩根士丹利看空四大行背后，自己的优质资产别让外资捡了便宜！,中财网
2019-05-08,透视2018年信贷流向 银行资金偏好房地产信用卡贷款增速加快,中证报
2019-05-07,这个行业强势捞金，企业一年净赚2977亿,和讯
2019-05-07,趁火打劫！摩根士丹利下调四大行评级,Wind
2019-05-07,"意外了！摩根士丹利突然""唱空""四大行！是看空中国资产，还是要抢便宜筹码？银行板块领跌大盘",和讯
2019-05-07,建设银行呼伦贝尔违法三责任人被罚 内控管理不到位 其他违规处罚,中国经济网
2019-05-07,周二机构一致看好的七大金股（05.07）,中金在线
2019-05-07,摩根士丹利下调四大行评级 投资评级恶化,Wind
2019-05-06,建设银行：关于召开2018年度股东大会的通知,上交所
2019-05-06,建行与福建签约 未来5年向福建提供至少5000亿元意向性融资,证券时报网
2019-05-06,建行呼伦贝尔分行三员工被罚16万：内控管理不到位 其他违规处罚,新浪
2019-05-06,呼伦贝尔银监分局行政处罚信息公开表（呼银保监罚决字〔2019〕4、5、6号） 其他违规处罚,银监会
2019-05-06,“中国四大行陷美元荒”？这言过其实了,第一财经
2019-05-05,透视A股上市银行一季报：营收增幅超预期 不良拐点迹象显现,北京商报网
2019-05-05,深度！银行一季报的高速增长源于哪里？【中泰银行·戴志锋】,传统借贷vs新型金融
2019-05-05,银行业差异化竞争大幕开启 金融科技成关键因素,新浪
2019-05-05,真正看懂银行一季报：营收高增长是否可持续？【国盛金融马婷婷】,马婷婷深度研究
2019-05-05,为拿回扣泄露3万条客户信息，建行某客户经理被判刑,资本邦
2019-05-05,建设银行一季度净利769.2亿元同比增长4% 现金流量净额为2816.6亿元,挖贝网
2019-05-05,银行消费贷二十载：大行整体收缩 光大、上海、江苏等中小银行猛进,新浪
2019-05-05,"建设银行:单季息差环比回升,不良生成降至低位",证券之星
2019-05-04,建设银行季报点评：中收增速扩大，基本面平稳,志明看金融
2019-05-01,国有六大行成绩：工行赚最多邮储不良率最低 建行资本充足率最,国际金融报
2019-05-01,32家A股上市银行2018财报比拼：18家净利超过100亿（附全名单）,格隆汇
2019-04-30,营业收入大幅增长 上市银行“开门红”是否可持续？,新华网
2019-04-30,建设银行1季报详细解读：负债端优势巩固，中收增长靓丽【中泰银行·戴志锋】,传统借贷vs新型金融
2019-04-30,六大行规模争夺战：邮储突破10万亿！超过交行,21世纪经济报道
2019-04-30,五大行2019年一季度报告：净利润增长稳健 资产质量向好,中投网
2019-04-30,32家A股上市银行晒2018年成绩单 净利回暖、不良下降 盈利能力下降,北京商报网
2019-04-30,建行实现净利润779.25亿元,新浪
2019-04-30,建设银行：一季度净利润同比增4.20%,Wind
2019-04-30,国有六大行一季报亮相 不良率“两平四降”,证券日报
2019-04-29,建行一季度末资本充足率17.14% 计划发行不超过400亿元永续债及不超过800亿元二级资本工具,每日经济新闻
2019-04-29,建行2019年一季度净利润同比增长5.20% 拟发行不超400亿元永续债,北京商报网
2019-04-29,六大行开年红：不良率齐降 中收增速多在10%以上,第一财经
2019-04-29,建行一季度实现净利润769.16亿元 同比增长4.2%,中证网
2019-04-29,建行一季度净利769增长4.2%，不良率1.46%与去年末持平,21世纪经济报道
2019-04-29,四大行交出一季度考卷：工商银行净利820亿仍最赚钱,第一财经
2019-04-29,六大行一季报：“宇宙行”盈利继续称王 不良率仍属邮储最低,21世纪经济报道
2019-04-29,建行(00939-HK)首季多赚4.2% 不良贷款额升不良贷款率持平,财华社
2019-04-29,建行一季度实现净利润769亿元 拟发行不超过400亿元永续债,证券时报网
2019-04-29,建设银行一季度实现净利润769.16亿元 同比增长4.2%,中证网
2019-04-29,建设银行：计划发行不超过1200亿元人民币债券和资本工具,Wind
2019-04-29,建设银行(00939.HK)一季度净利润增长4.20%至769.16亿元,格隆汇
2019-04-29,建设银行第一季度实现净利润769亿 不良率1.46%,新浪
2019-04-29,建设银行：一季度净利769亿元 同比增4.2%,e公司
2019-04-29,建设银行第一季度净利润769.16亿元，同比增4.2%,Wind
2019-04-29,上市银行盈利能力风云榜 告诉你谁是银行板块真英雄,新浪
2019-04-26,金融：银行1季报增速超预期 荐5股,中泰证券
2019-04-26,建设银行获颁阿斯塔纳分行牌照,新华网
2019-04-24,建行累计为一带一路沿线国家117个项目提供金融支持,新浪
2019-04-24,信用卡业务不良额陡增4成！浦发银行还能“发”吗？,中新经纬
2019-04-23,五大行手机银行 客户数量合计突破10亿户,证券日报
2019-04-22,建设银行临江支行被罚3万元 国际收支数据申报错误 其他违规处罚,新浪
2019-04-22,金融：加仓保险 减配券商与银行,国盛证券
2019-04-22,私人银行业务未来可期,金融时报
2019-04-22,3200点拉锯战酝酿变盘 从三大数据探寻多头主力新动向,证券日报
2019-04-21,北上资金动向：上周净流出8.2亿元，净买入12股，大举抛售五粮液,腾讯网
2019-04-21,年报后看四大行：总资产、净资本、存款总额中行落后,新浪
2019-04-18,五大行有多赚钱？两桶油、五大房企均远逊于它们,中国经济周刊
2019-04-18,周成建、李菁共话家族企业传承与创新 两代转型群体性焦虑：一代忙交班，二代忙创业,21世纪经济报道
2019-04-17,融资客青睐33股，创元科技买入占比高达45.28%,Wind
2019-04-16,五大行年赚超万亿 超过19个中石油28个茅台29个万科,新浪
2019-04-16,多项指标全面被碾压，百年交通银行还有未来吗？,财华社
2019-04-16,大金融板块午前拉升，建设银行涨超4%,Wind
2019-04-15,建设银行(00939.HK)拟4月29日举行董事会会议 审核一季度业绩,格隆汇
2019-04-15,津市场监管蓟罚〔2019〕89号 其他违规处罚,天津市场监管委
2019-04-14,金融科技成上市银行年报热词 3种方式助力智能化转型,第一财经
2019-04-13,五大国有银行金融租赁公司业绩起底： 工银租赁规模最大 中银航空租赁盈利能力最强,证券日报
2019-04-12,上市银行风险加权资产收益率分化招商银行一骑绝尘,红周刊
2019-04-12,六大国有银行高管密集调整之后：两家缺董事长，两家缺行长,澎湃新闻
2019-04-12,银行盈利能力仍待改善,证券市场周刊
2019-04-12,银行业绩起底:工行每小时赚3398万 中原净利蒸发三成,投资时报
2019-04-12,决战银行之巅：工行与建行，孰能笑傲江湖？,亿欧网
2019-04-12,发卡速度放缓、不良率抬升——信用卡业务“凉凉”了吗,经济日报
2019-04-12,楼市基调未变：银行房贷业务风险须警惕,新浪
2019-04-12,上市行资产质量前瞻：迁徙率分化 关注类贷款占比普降,证券时报
2019-04-12,净利润剑指千亿 招商银行的底气在哪？,格隆汇
2019-04-12,理财减量跌价“空袭”银行年报 攻守倚赖净值产品、基金代销,21世纪经济报道
2019-04-11,建设银行今日大宗交易成交509.10万股，成交价7.3元折价-0.97%,Wind资讯
2019-04-11,建信人寿2018年净赚6.15亿 互联网渠道贡献逾七成保费,中国网
2019-04-11,全面实施三大战略 激发内生动能 服务实体稳健经营 巩固发展优势,第一财经
2019-04-10,建设银行：持续督促上海华信积极落实“17沪华信SCP002”偿债资金,Wind
2019-04-10,信用卡拐点已至？2018年分期收入占比首超利息,新浪
2019-04-09,"建设银行:业绩稳健增长,看好发展潜力",正点财经
2019-04-09,掉队者交通银行：近3年业绩增速年年不敌招行兴业,中国经济网
2019-04-09,不良率下降拨备率上升 上市银行资产质量向好,中国经济网
2019-04-09,上市银行私人银行业务高歌猛进 集体跑赢高净值客群增速,证券日报
2019-04-09,金融科技成银行年报高频词汇：招行、建行均提及超60次,证券日报
2019-04-08,银行财报里的中国：长盛的长三角与衰落的东北,新浪
2019-04-08,普惠金融全面启动 线上转型助六大行发挥“头雁效应”,金融界
2019-04-08,上市银行2018年财务报告显示：信用卡业务增速趋缓 非息收入贡献提升,金融界
2019-04-08,多家上市银行披露2018年年报 信贷资金流向哪儿,经济日报
2019-04-07,中国银行业2018年报里藏着“房价一直涨”的秘密,新浪
2019-04-06,5家银行去年信用卡量破亿，分期业务成创收主渠道，高增长下不良贷款余额达788亿,券商中国
2019-04-05,信贷在放水？房价要普涨？看完这，就知道某些人想多了,澎湃新闻
2019-04-04,2019年银行净息差四大变化趋势,红周刊
2019-04-04,全面实施三大战略 激发内生动能 服务实体稳健经营 巩固发展优势 中国建设银行公布2018年度经营业绩,华夏时报
2019-04-04,银行年报总结及推荐: 基本面稳健 预期会改善,新浪
2019-04-04,【数说】对比六大国有银行核心数据 解锁五大非凡看点,金融界
2019-04-04,建行联手腾讯共建金融科技联合创新实验室,Wind
2019-04-04,房贷增速扫描：五大行普降，有股份行增速降60个百分点,Wind
2019-04-04,“智能+”下的银行春招：柜员岗位遇冷,新京报
2019-04-04,10家私人银行PK 座次竞争加剧,北京商报
2019-04-04,频遭减持 银行股怎么了,北京商报
2019-04-04,揭秘上市银行高管年薪： 股份行领先国有大行，最高相差7倍,第一财经
2019-04-03,科大讯飞与建设银行签战略合作协议,e公司
2019-04-03,建设银行和腾讯达成战略合作 共建金融科技实验室,e公司
2019-04-03,社保基金减持交行背后：这几年“国家队”在银行股的来来往往,第一财经
2019-04-03,国有六大行高管缺口10人！急需董事长、行长、副行长！,Wind
2019-04-03,国有六大银行业绩比拼：谁最能赚钱？谁最会控风险？,国际金融报
2019-04-03,国有六大行去年新增贷款投向了哪：房贷占据半壁江山,澎湃新闻
2019-04-03,1248家A股公司披露年报，逾九成实现盈利,证券日报
2019-04-02,六大行去年日均赚29亿 业绩全增却减员2.7万人,每日经济新闻
2019-04-02,中国银行业熬过最艰难的时刻了吗？,经济观察网
2019-04-02,戴志锋：银行股对增量资金的吸引力,新浪
2019-04-02,19家A股银行薪酬大比拼：工行董事长年薪54.6万比不上阿里程序员？,21世纪经济报道
2019-04-02,六大行网点：邮储银行近4万个 农行减掉280个,新浪
2019-04-02,四大行年报出炉背后：建行理财收入下滑幅度最快、农银汇理净利润落后、农银人寿亏损7.6亿 亏损,财经网
2019-04-02,中银国际*每日速递20190402：宁波银行、金风科技、伟星新材、恒生电子、安科生物、中炬高新、梦百合等,微信
2019-04-02,搭建非居民企业缴税入库桥梁,金融时报
2019-04-02,商业银行补充资本“压力山大” 一级资本民生最低建行最高,21世纪经济报道
2019-04-02,国有六大行去年涉房贷款增速快 开发贷热度未减 按揭贷保持上升势头,证券日报
2019-04-02,农行建行邮储银行 借记卡“折合”人手一张,证券日报
2019-04-01,五家私人银行管理资产超亿元！招行破2万亿 浦发私行客户数增109 %,每日经济新闻
2019-04-01,恒指收涨1.8%盘中创10个月新高，迈入技术性牛市,Wind
2019-04-01,金融：把握不确定性中的确定性投资机会 荐9股,申万宏源
2019-04-01,前十大私人银行变阵：招行和四大行私行规模增速放缓,新浪
2019-04-01,【行业动态】银行 1903丨监管发力疏通信用传导，关注低估值个股投资机会,中国银河证券研究
2019-04-01,上市银行资产质量持续改善,金融时报
2019-04-01,184股获券商买入评级 每日互动目标涨幅达71.39%,Wind
2019-04-01,银行｜业绩平稳，质量夯实,中信证券研究
2019-04-01,六大行净利润破万亿大关 大零售金融科技成转型方向,新浪
2019-04-01,证金2018年四季度增持蓝筹更趋分散,Wind
2019-04-01,国有六大行净利超万亿日赚逾29亿 资本充足指标回升五大行拟分红2965亿,长江商报
2019-04-01,拐点已至？前五大私人银行AUM增速悉数放缓,证券时报
2019-04-01,上市银行2018年报折射“钱流”动向,东南快报
2019-04-01,息差支撑六大行日赚29亿 四家净利增幅“破5”,第一财经
2019-04-01,六大行年报出炉董事长年薪竟然不是最高的！,重庆商报
2019-04-01,五大行年报出炉：五大行不良率齐降 去年约减员2.7万人,新京报
2019-03-31,四大行去年日均赚26亿 董事长收入比秘书低几十万,北青网
2019-03-30,四大行用实力秀了“肌肉”：利润是茅台的27倍,国是直通车
2019-03-30,海外掘金｜几家欢喜几家愁,中信证券研究
2019-03-30,国有六大银行2018年实现净利逾万亿元，2019年信贷将聚焦实体经济重点领域,中证报
2019-03-30,国有六大银行2018年实现净利逾万亿元 2019年信贷将聚焦实体经济重点领域,中证报
2019-03-30,国有六大银行去年合计日赚29亿元，不良贷款率五降一升,澎湃新闻
2019-03-30,制度变革与资金认可促银行板块行情升温 9股上行空间或超30%,证券日报
2019-03-30,六大行年报看点：净利增速持续回暖 净息差改善,经济观察网
2019-03-30,四大国有银行年报出齐 盈利稳步增长 资产质量齐改善,证券日报
2019-03-30,建行2018年净赚2556亿元 不良率1.46%很低也很脆弱,华夏时报
2019-03-29,工行建行日赚15亿：两大行盈利为1万多家新三板企业利润总和的5倍,挖贝网
2019-03-29,六大行2018年成绩单出炉：共赚10612亿元，工商银行居首,Wind
2019-03-29,四大行2018年合计净利润9362亿元 平均日赚25.6亿元,腾讯网
2019-03-29,银行业资管转型进行时：净值型产品增长,新京报
2019-03-29,透视三大国有商业银行年报：不良率都很低 其它非息收入降幅都很大,第一财经
2019-03-29,许一鸣：银行业面临金融科技带来的非对称竞争等三大挑战,新华网
2019-03-29,【太证银行孙立金团队】建设银行2018年报点评：业绩稳健增长，看好发展潜力,金龙藤组合
2019-03-29,17家券商对建行(00939.HK)最新目标价及观点,格隆汇
2019-03-29,机构解读年报：建行比工行差在哪,新浪
2019-03-29,大和：料存款成本令建行(00939.HK)净息差受压 降目标至8.4港元,格隆汇
2019-03-29,德勤：探索民营企业家进入六大商业银行董事会的可能,新浪
2019-03-29,建设银行去年普惠金融贷款余额同比增50.78%,中金在线
2019-03-29,建行2018净利润2556亿元 电子银行业务收入飙涨99%,新浪
2019-03-29,建行董事会建议派发大红包 普惠金融居同业首位,金融界
2019-03-29,三大战略提供强大支撑,金融时报
2019-03-29,中信证券千万年薪招眼 1名高管年薪超建行董监高30人,中国经济网
2019-03-29,逾900家A股公司披露年报，现金分红成主流,证券时报
2019-03-29,工行、建行2018年净利润双双增长 不良贷款率均同比下降3个BP,证券日报
2019-03-29,三家国有大行业绩PK： 宇宙行最大，建行最会赚钱，邮储不良最低,21世纪经济报道
2019-03-29,六大看点工行建行业绩！高管发声：建立“第二生长曲线”，直呼员工太辛苦，详谈理财转型,券商中国
2019-03-28,【银行业2018年年报解读】工行等五家银行2018年年报亮相　盈利能力稳健　资产质量向好,上海金融报
2019-03-28,建设银行2018业绩稳步向好 普惠金融规模居行业首位,中国网
2019-03-28,建行高管人事变动：靳彦民将接替廖林任首席风险官 胡昌苗将任董事会秘书,经济观察网
2019-03-28,2018年末建行不良贷款率降至1.46%,新华网
2019-03-28,建行称理财子公司上半年有望开业，理财业务收入去年下降明显,澎湃新闻
2019-03-28,建行CFO谈挑战：利差下降对银行利润造成很大压力 盈利能力下降,新京报
2019-03-28,建设银行去年理财业务收入降四成 子公司建信基金被质疑“虚胖” 盈利能力下降,财经网
2019-03-28,章更生：建行普惠金融新增贷款居五大行之首 发展普惠金融需家国情怀,和讯
2019-03-28,建行2018年净赚2556亿元 CFO许一鸣：银行面临三大挑战,华夏时报
2019-03-28,建行章更生：基础设施建设长期看项目是在减少的,新浪
2019-03-28,建行章更生：理财子公司进展顺利，有望上半年开业,Wind
2019-03-28,建行章更生:理财子公司进展顺利 有望上半年开业,新浪
2019-03-28,亿和控股(00838.HK)获提供2亿港元的循环贷款额度,格隆汇
2019-03-28,花旗：料市场对建行业绩反应中性 予H股目标价8港元,格隆汇
2019-03-28,建设银行2018年实现净利润2556.26 亿元 较上年增长4.93%,中国金融新闻网
2019-03-28,建行2018年突出的成绩：普惠金融贷款余额增幅51% 居行业首位,第一财经
2019-03-28,王祖继因年龄原因辞任建行副董事长、执行董事及行长 董监高成员变化,中国金融新闻网
2019-03-28,建设银行行长王祖继辞任 年薪为71.13万元 董监高成员变化,挖贝网
2019-03-28,建行去年净利润增长4.93% 理财业务收入大降四成,中投网
2019-03-28,中国建设银行公布2018年度经营业绩,新华网
2019-03-28,"建设银行2018年年报:稳健向上,关注其科技转型",正点财经
2019-03-28,建设银行去年减值损失1509亿元 无一高管年薪超百万,中国经济网
2019-03-28,【申万宏源金融】建设银行年报点评：基本面佼佼者，凸显大行风范,大金融研究
2019-03-28,招财日报2019.03.28｜恒指窄幅上落，高息股获追捧,招银国际
2019-03-28,建行去年净利超2500亿元同比增5.11%,全景网
2019-03-28,建行去年净利2546亿增5.1%，普惠金融贷款增50%,澎湃新闻
2019-03-28,建行高层人事再调整：靳彦民出任首席风险官、胡昌苗出任董秘,澎湃新闻
2019-03-28,最新！17家基金去年赚近70亿：易方达建信华夏净利超10亿，银行系又亮了！,中国基金报
2019-03-28,建行(00939-HK)去年盈利逾2546亿元人民币增5.11% 派末期息0.306元,财华社
2019-03-28,四大行首份年报出炉 建行净利增5.11%,北京商报
2019-03-27,建行日赚近7亿元 不良率却能保持在1.46%的水平,21世纪经济报道
2019-03-27,建行2018年普惠金融贷款余额增长近51% 余额和新增均居行业首位,证券时报
2019-03-27,建行2018年净利增5.11%,中证网
2019-03-27,建行2018年净利润增长4.93% 不良率下降0.03个百分点,证券时报
2019-03-27,建行去年理财产品业务收入111.13亿 较上年降44.55%,新浪
2019-03-27,建行2018年实现净利润2546.55亿元 同比增长5.11%,新浪
2019-03-27,建设银行：因年龄原因，王祖继辞任副董事长、行长职务,Wind
2019-03-27,建设银行：2018年净利2547亿元 同比增5%,e公司
2019-03-27,建设银行：2018年净利2546.55亿元同比增5.11%，每股派0.306元,Wind
2019-03-27,山东青岛：建设银行一天连吃两罚单 其他违规处罚,中新网
2019-03-27,港股投资日历：建设银行、中国人寿等重磅财报今日公布,Wind
2019-03-25,地方债或成个人投资者“香饽饽”,金融时报
2019-03-24,【中信建投银行杨荣】银行业周报159期：《中小银行表现亮眼， 年报助力估值修复》,eResearch杨荣团队
2019-03-24,沈阳机床实控人旗下控制主体股权调整 拟作价3.14亿元向盛京资产转让5.23%股份,e公司
2019-03-24,股市分析：建设银行大剖析！,华股财经
2019-03-21,18家券商对建行(00939.HK)投资评级及目标价,格隆汇
2019-03-21,摩通：对大型内银业绩正面 四大行首选建行(00939.HK),格隆汇
2019-03-21,建行人事调整拉开序幕重庆副市长刘桂平将出任行长,证券时报
2019-03-20,建行行长王祖继退休卸任，重庆副市长刘桂平出任党委副书记,第一财经
2019-03-20,61岁王祖继即将退休 卸任建行行长一职 董监高成员变化,新浪
2019-03-20,建行下午宣布王祖继退休事宜 候任人选刘桂平“在京出差”,21世纪经济报道
2019-03-19,【行业动态】非银行金融武平平 监管发力疏通信用传导，关注低估值个股投资机会,中国银河证券研究
2019-03-18,大行行长牵头负责筹建理财子公司，暂未开启大规模对外招聘,Wind
2019-03-18,海通姜超：投资千万条 便宜第一条,新浪
2019-03-15,建设银行(00939.HK)3月27日举行董事会会议 审核年度业绩,格隆汇
2019-03-15,消费者权益保护 我们一直在行动,金融时报
2019-03-12,建设银行：截至2018年12月末涉农贷款余额突破1.7万亿元,中证网
2019-03-12,建行去年末涉农贷款余额突破1.7万亿元,中证网
2019-03-12,中国移动与建行签约，将打造金融科技领域的5G产品和解决方案,Wind
2019-03-12,中国移动与建行签约 将打造金融科技领域的5G产品和解决方案,e公司
2019-03-11,村镇银行生存窘境：数量最多却频遭股权转让 如今又一家上市银行拟出清所持股权,每日经济新闻
2019-03-08,"银行业周报:息差继续扩大,看好板块估值提升",正点财经
2019-03-08,大数据支撑小微融资模式创新,新华网
2019-03-07,还有多少银行资金进入股市？两家银行信贷资金入市被罚，细数一下类似案例竟然这么多,每日经济新闻
2019-03-06,建设银行今日大宗交易成交280万股，成交价6.7元折价8.59%,Wind资讯
2019-03-05,"银保监会2月28日吹风会解析:不良剪刀差消化,理财转型成效佳",正点财经
2019-03-05,五大行区块链布局提速 跨境支付等领域优势凸显,证券日报
2019-03-04,福建：未来五年建行提供3000多亿贷款支持乡村振兴,中国经济网
2019-03-02,建设银行与新华社 进行战略合作,金融时报
2019-02-28,建设银行与国家口岸管理办公室签署合作协议，携手支持外贸企业,Wind
2019-02-28,晚间要闻2019年2月28日星期四,Wind
2019-02-28,山东海科集团被列被执行人 担保代偿风险进一步上升 担保风险,新京报
2019-02-28,大规模银行转债来袭，打新热情高涨 | 中信转债发行定价及申购建议,债市覃谈
2019-02-28,筛选银行的黄金法则：内生性增长,新浪
2019-02-28,建设银行发行18.5亿美元境外二级资本债 初始固定利率4.25%,每日经济新闻
2019-02-27,【东吴环保袁理团队】每日集锦0227：住房和城乡建设部办公厅关于进一步推进住房和城乡建设系统涉及危险化学品安全综合治理工作的通知,东吴环保公用研究
2019-02-27,建设银行：将持续督促上海华信积极落实偿债资金,Wind
2019-02-27,易成新能内幕交易人亏94万 平煤前董事长梁铁山泄密,中国经济网
2019-02-26,我爱我家二手房扎实稳打每一步,北国网
2019-02-25,理财子公司筹建在即 农总行资管部临阵换帅,新浪
2019-02-25,【银行股涨势扩大 建设银行(601939.SH)大涨近6%】,格隆汇
2019-02-23,筛选银行的黄金法则—内生性增长,红周刊
2019-02-22,租房市场分化，龙头房企租赁融资更具优势，大洗牌已经上演！,Wind
2019-02-21,浮息同业存单“重现江湖” 透露积极利率市场化信号,经济日报
2019-02-20,银行理财业务频现违规 建行周口分行被罚25万 其他违规处罚,新浪
2019-02-19,利率市场化的积极信号：浮息存单“重出江湖”,每日经济新闻
2019-02-18,武汉建设银行这名员工好大胆 偷窥密码挪用客户资金、非法吸储、诈骗 一切只为给炒股填坑 资金问题,中国经济网
2019-02-18,建设银行周口违法遭罚 用贷款承接不能到期兑付理财 其他违规处罚,中国经济网
2019-02-18,建设银行周口分行被罚25万元：贷款违规承接本行理财 其他违规处罚,新浪
2019-02-18,银行业一场新争霸赛开始！160亿最大注资理财子公司获批，自此五大行系均获批筹，这类业务大有可为,券商中国
2019-02-18,中国银行业:社融增速或将迎来拐点,招银国际
2019-02-18,"银行19年社融预测及对经济底的前瞻判断:从社融底到经济底,宽信用成效演绎进行时",申万宏源
2019-02-17,五大行理财子公司全获批 万亿级新增资金要来,新浪
2019-02-14,上海公积金缴存基数、比例、月缴存额上下限4月1日起调整,中国网
2019-02-13,变字当头 国有行股份行城商行逆周期下的求生法则,新浪
2019-02-13,建设银行:中国利率债收益率本月或将下行 但空间有限,新浪
2019-02-13,股票交易龙头APP用户数逆势增长 建行月活数最高,新浪
2019-02-11,2019全球银行品牌价值排行榜TOP10:工行第一建行第二,金融界
2019-02-10,全球银行品牌价值排行榜出炉 中国银行业包揽前四,新浪
2019-02-09,左踢公募、右打信托，银行理财子公司的“超级”玩法,亿欧网
2019-02-03,银行板块复苏有望逐步震荡上行 六股投资正当时,证券日报
2019-01-31,大金融板块全线走强，中国人寿、新华保险涨超3%,Wind
2019-01-30,【华泰金融沈娟团队】Q4银行持仓微降，仓位反弹可期—评偏股基金2018Q4银行股持仓【证券研究报告】,华泰金融研究全新平台
2019-01-29,沉下身子去 拿出办法来 建行湖南省分行2018年服务小微与民营经济侧记,金融界
2019-01-26,建设银行格尔木分行被罚25万：贷款资金支付管控违规,新浪
2019-01-25,建行呼伦贝尔分行被罚25万：内控管理不到位 其他违规处罚,新浪
2019-01-25,天风证券：基金持仓小幅下降银行股低估值高安全边际受认可,天风证券
2019-01-23,"金融地产研究部三循环周报:保险跑赢大盘,qfii额度翻倍,外资入场跃跃欲试",申万宏源
2019-01-22,金融：Q4持仓比例略降 加仓低估值+业绩确定改善品种,东吴证券
2019-01-18,河南银保监局开5罚单 建行郑州5家分支机构被罚280万 其他违规处罚,新浪
2019-01-17,建设银行：2019年固定资产投资计划安排160亿元获董事会批准,Wind
2019-01-17,建设银行(00939.HK)提名格雷姆·惠勒担任独立董事,格隆汇
2019-01-17,黄石银保监局开17罚单 中行建行等5机构被罚107.8万 其他违规处罚,新浪
2019-01-17,建行鄂州分行被罚25万：贷前调查不尽职导致违规房贷,新浪
2019-01-17,河南银监局连开两张罚单 建设银行、广发银行被罚百万 其他违规处罚,零壹财经
2019-01-17,建行郑州金水支行被罚80万:虚增存款 贷后监控不到位 其他违规处罚,新浪
2019-01-17,30家A股上市银行手机银行大PK：国有大行APP最活跃,证券日报
2019-01-17,"银行行业周报2019年1月第二期:银行业运行稳健,交银理财获批成立",长城证券
2019-01-16,中国银行业:期待更多政策支持信贷增长,招银国际
2019-01-14,建行南阳分行被罚40万：银行承兑汇票业务违规 其他违规处罚,新浪
2019-01-14,沈阳机床控股股东将进行战略重组 中国通用技术集团入局,e公司
2019-01-10,27家银行拟设立理财子公司：最快或半年内开业 一大波岗位火热招聘中,中国电子银行网
2019-01-09,哪些行业不良贷款率高？,岳读债市
2019-01-09,"金融地产研究部三循环周报:券商大幅跑赢大盘,地方新增债务提前下达-积极财政政策保障稳增长",申万宏源
2019-01-08,国寿建行(00939-HK)签署全面战略合作协议,财华社
2019-01-07,银行理财子公司来了：“富二代”如何玩转理财市场,新浪
2019-01-07,再迎降准“红包” 2019年银行小微业务按下加速键,新浪
2019-01-07,四家银行拿到理财子公司“通行证” 资管业务“非标转标”进程加速,新浪
2019-01-04,农行、交行理财子公司获批 预计2019年中将开业,经济观察网
2019-01-04,银保监会批准农行、交行设理财子公司，拓宽金融市场资金渠道,澎湃新闻
2019-01-04,建行新增两位副行长,Bank资管
2019-01-04,10家银行被罚760万元！2019首批罚单出炉，建行最惨,中国基金报
2019-01-04,五大行上榜 内保外贷为重灾区,新京报
2019-01-03,零售金融周报：招行已完成“全面无卡化改造”,零壹财经
2019-01-03,惨！农行连收两张罚单 建设银行被罚250万新年以来最高 其他违规处罚,中新经纬
2019-01-03,建设银行被罚250万拿下新年伊始最大罚单 其他违规处罚,财经网
2019-01-03,银行逐鹿智能化转型 更加注重业务场景化建设,中投网
2019-01-03,消费金融步入黄金时代：脱胎于房贷 覆盖升级型消费,新浪
2019-01-03,棱镜丨左踢公募 右打信托 理财子公司这张“超级牌照”怎么玩？,棱镜
2019-01-02,【东北FICC李勇·信用债风险及关注信息周报】（2018.12.24-2018.12.28）（2018年第46期）,李勇宏观债券研究
2018-12-29,银行理财子公司破冰 建行中行申请获批,中投网
2018-12-28,中行、建行等纷纷进军长租领域，将给租房市场带来什么变化？,澎湃新闻
2018-12-28,建行中行率先拿到牌照 理财子公司设立加快落地,中投网
2018-12-28,后来居上！银保监会批筹中行建行理财子公司，招,财界网
2018-12-28,首批理财子公司花落建行中行 逐步配置权益类资产可期,中证报
2018-12-28,两大行理财子公司获批， 26家银行备战资管转型,第一财经日报
2018-12-27,中行、建行获批成立银行理财子公司,国际金融报
2018-12-27,建行中行获批设理财子公司 最快有望明年上半年开业,新浪
2018-12-27,建行、中行设立理财子公司获批 多家银行正抓紧展开申报工作,经济观察网
2018-12-27,建行、中行理财子公司获批成立,中国经济网
2018-12-27,银保监会：批准建设银行、中国银行设立理财子公司,Wind
2018-12-27,金稳委力推永续债 如何影响银行业？,新浪
2018-12-26,建设银行芜湖市分行被罚20万：违规发放住房按揭贷款 其他违规处罚,新浪
2018-12-25,建行进入租房市场 房源从1万套到1000万用时仅一年 田国立：现在买房赚不了钱了,华夏时报
2018-12-25,建设银行一天连曝央行三张罚单 福州昆明两地现违法 其他违规处罚,中国经济网
2018-12-24,建行董事长：再炒房已不合算 长租市场迎来重要机遇,央视
2018-12-24,"建设银行3季报解读:业绩稳健增长,符合预期",正点财经
2018-12-24,建行董事长:买房是接盘侠 浦发银行挂牌甩卖14套房,中国经济网
2018-12-24,陆家嘴财经早餐2018年12月24日星期一,和讯
2018-12-24,建设银行董事长田国立妙语：新生活方式靠租赁 住有所居是新理念,证券日报
2018-12-23,田国立：建行五个方面助推“租购并举”,新华网
2018-12-23,建设银行董事长：现在买房高位接盘 我国空置率比发达国家高很多,挖贝网
2018-12-23,"田国立喊话""买房是高位接盘""真相：建行发力租房市场",新浪
2018-12-21,汇桔网、建设银行联手发布“知商快贷” 助力中小微科创企业融资难题,21世纪经济报道
2018-12-21,沪港通十大成交活跃股排名（12月21日）,Wind
2018-12-21,银行股持续下杀拖累指数，建设银行跌近3%,Wind
2018-12-20,2018年RMBS一骑绝尘增长超2倍，年末竟还爆出内地发行规模最大、评级最高“彩蛋”！,每日经济新闻
2018-12-20,招商证券助力建行发行银行间债券市规模最大RMBS,e公司
2018-12-20,红宝丽股东宝源投资质押800万股 占其所持股份的4.75%,挖贝网
2018-12-19,"金融地产研究部三循环周报:地产建筑跑赢大盘,另眼看“开门红”",申万宏源
2018-12-18,建行原董事长王洪章：银行业金融体制从封闭落后到开放先进,第一财经日报
2018-12-18,附表 中国银行业 改革开放大事记,第一财经日报
2018-12-18,"银行业周报:利率下行背景下,信贷扩张趋势有望延续",西南证券
2018-12-17,建行全新上线现金贷产品“快e贷”,亿欧网
2018-12-17,建设银行：境内优先股股息每股派4.75元，12月25日股权登记,Wind
2018-12-14,沪港通十大成交活跃股排名（12月14日）,Wind
2018-12-14,强强联合 海尔携手建行开启乡村振兴新模式,证券之星
2018-12-14,标题：四大行前三季度财报大比拼,新浪
2018-12-12,建行牵手海尔升级 “村口银行”，已设普惠金融服务点近14万个,第一财经
2018-12-12,银行年内再融资逾8000亿 部分银行披露1年半未获放行,第一财经
2018-12-12,建设新农村 共享新生态 建行普惠金融战略再出新招,新浪
2018-12-12,中国银行业:11月信贷增速回升,招银国际
2018-12-11,16家全国性银行营收增幅分化明显 资产质量有所改善,投资时报
2018-12-07,扬帆远航，携手共进，共筑绿色发展之路——绿色债券标准委员会成立会议暨第一次委员会会议顺利召开,银行间市场协会
2018-12-06,A股早报2018年12月6日星期四,Wind
2018-12-05,[大行评级]大摩：建行(00939.HK)明年仍具防守性及投资价值 评级“增持”,格隆汇
2018-12-03,A股收官行情值得期待，机构扎堆相中三大行业,证券日报
2018-12-02,指数股大换血：建行工业富联进上证50 四大券商退出,中国基金报
2018-11-29,建设银行：后续将督促上海华信积极落实“17沪华信SCP002”偿债资金,Wind
2018-11-28,建行拟与发改委共同发起设立战略性新兴产业发展基金，出资53亿,腾讯网
2018-11-28,建设银行：拟出资53亿元参与设立战略性新兴产业发展基金,Wind
2018-11-28,北向资金11月以来增持近700个股，TOP 10持仓市值已近4000亿,Wind
2018-11-27,山东省职业年金托管人评选结果出炉，8家银行入选,Wind
2018-11-27,五大行新一轮“拼子”战：从牌照争夺转向子公司布局,证券日报
2018-11-23,中金与建设银行签署全面战略合作协议,e公司
2018-11-23,华人置业拟向建设银行再融资6.1亿港元,乐居财经
2018-11-23,指数成分股将调整，机构紧盯套利机会,中证报
2018-11-22,"2019年银行业投资策略:分化不可避免,合理区间才是重点",申万宏源
2018-11-21,中粮地产为子公司提供6亿贷款担保 期限为债务履行届满三年,中国网
2018-11-21,【天风研究·固收】信用早早报（11月21日）,固收彬法
2018-11-19,财闻点金：多部门共推车联网领域发展 数千亿市场待开启,巨丰财经
2018-11-19,建行、中行分别宣布入局 16家银行筹建理财子公司,经济导报
2018-11-18,周末要闻2018年11月18日星期日,Wind
2018-11-18,陆家嘴财经早餐2018年11月18日星期日,Wind
2018-11-17,建设银行拟设立建信理财 已有14家A股上市银行宣布设立理财子公司,每日经济新闻
2018-11-16,建行拟设立理财子公司建信理财,新华网
2018-11-16,刚刚，又一家银行大鳄成立资管子公司，Wind AMS 生逢其时,Wind
2018-11-16,国有大行纷纷布局理财子公司，建设银行150亿元设立建信理财,Wind
2018-11-16,支付结算业务违规 中移商务等3家公司被央行处罚 其他违规处罚,每日经济新闻
2018-11-16,13家A股上市银行：减员趋势渐显,零壹财经
2018-11-14,金融：信贷维持高增 荐7股,申万宏源
2018-11-13,建信基金权益产品“腿短”，靠货基规模独大收取巨额管理费,和讯
2018-11-13,资金不得乱入楼市 五银行违规被罚,中投网
2018-11-12,融资客青睐27股，青青稞酒买入占比高达60.46%,Wind
2018-11-12,【国金固收】全国首单公共人才租赁住房REITs成功发行,微信
2018-11-09,格力电器、银隆新能源与建行广东省分行签署战略合作协议,腾讯网
2018-11-09,前三季度营收快速增长，农业银行能否成为“四大行”的领头羊？,财华社
2018-11-09,数据王：银行股遭遇高位断崖长线资金已抢先布局,巨丰财经
2018-11-09,银行 | 国有大行三季报盘点：业绩增长提速,东方金诚
2018-11-09,银行股盘初跳水，工、农、建行均跌3%,Wind
2018-11-05,腾讯云全方位助力构建无界金融合作生态,腾讯网
2018-11-02,中国银行营收增速垫底五大行 天量优先股1200亿补血,中国经济网
2018-11-02,社保证金汇金三季度调仓动向曝光,中证报
2018-11-01,抢滩“资金存管” 建设银行后续业务发展仍存高风险,财经网
2018-11-01,四大行前三季业绩大PK：建行资产回报率最高,每日经济新闻
2018-11-01,上市银行AB面：四大行净利占比超六成，逾七成破净,中新网
2018-10-31,中国建设银行成功发行400亿元境内第二期二级资本债券,中证网
2018-10-31,四大行三季报相继出炉 中国银行多项指标垫底,财经网
2018-10-31,【慧说报告】银行业媒体传播分析（2018年10月第1期）,中国金融新闻网
2018-10-31,四大行前三季度日赚28.63亿元,银河证券
2018-10-31,五大行三季报比拼：谁赚最多？谁盈利增速最快？,国际金融报
2018-10-30,五大行三季报大比拼：谁赚最多？谁盈利增速最快？谁不良率最低？,国际金融报
2018-10-30,业绩向好 国有五大行前三季度净利增速均超5%,北京商报
2018-10-30,四大行三季报出炉 前三季四大行净利润高达7786亿元,新浪
2018-10-26,盘点|2018年前三季：A股有7家公司收入超千亿元，建设银行最赚钱,国际金融报
2018-10-26,涨停板解密：房地产股全面爆发！（10月26日）,Wind
2018-10-26,建行三季报：利息净收入增幅明显理财业务收入同比下滑 盈利能力下降,中国网
2018-10-25,两银行理财业务出现下滑,信息时报
2018-10-25,涨停板解密：券商股再度掀涨停潮！（10月25日）,Wind
2018-10-25,股权转让频频出现 谁来接盘中小银行,新浪
2018-10-25,金评天下 | 为什么又是银行股拉指数,金融投资报
2018-10-25,【银行|孙立金团队太平洋证券】建设银行(601939)：利息净收入增长推动业绩增长，盈利能力下滑引关注,太平洋证券研究
2018-10-24,英皇证券：外围风险升温 建设银行宜分段部署,新浪
2018-10-24,四大行首份三季报建设银行(601939)前三季净利同比增6,大众证券报
2018-10-24,四大行首份三季报出炉：建行净利增6.39% 不良率微降,第一财经
2018-10-24,建行前三季度实现净利润2148.56亿元,金融时报
2018-10-24,首份大行三季报发布 建行前三季盈利2141亿,证券时报网
2018-10-24,24日公告透露利好 10只个股有望爆发,中金在线
2018-10-24,国有大行首份三季报亮相 建行净利同增6.39%,证券日报
2018-10-23,建行：前三季度净利润2141.1亿元，同比增6.39%,国际金融报
2018-10-23,建设银行前三季度净利润2121亿元 同比增6%,中证网
2018-10-23,建设银行：董事会2018年第六次会议决议公告,上交所
2018-10-23,第二批养老目标基金来啦！有公司一次性拿到3只基金批文,中国基金报
2018-10-23,首份国有大行三季报出炉 建行净赚2148.56亿元,中金在线
2018-10-23,建行前三季实现净利润2141亿元 利息净收入3657亿元,每日经济新闻
2018-10-23,建设银行前三季度营业收入5000亿元 同比增5.94%,中证网
2018-10-23,晚间公告精选丨四大行首份三季报出炉！ 建设银行：前三季度赚2141亿元,21世纪经济报道
2018-10-23,四大行首份三季报出炉 建设银行前三季度净利润同比增长6.39%,每日经济新闻
2018-10-23,建设银行第三季度净利润671亿元 同比增长6.64%,腾讯网
2018-10-23,建设银行：前三季度净利2141亿元 同比增6%,e公司
2018-10-23,四大行首份三季报：建设银行前三季净利同比增6.4%,Wind
2018-10-22,沪港通十大成交活跃股排名（10月22日）,Wind
2018-10-22,银行扎堆“补血” 二级资本债发行潮涌,中证网
2018-10-19,中国互金协会披露五家银行网贷机构资金存管情况,新华网
2018-10-15,【海通银行团队】周报：预期三季报业绩稳健，板块防御价值凸显,HaitongBKResearch
2018-10-11,深圳投控公司与建设银行深圳市分行和建信信托签署战略合作协议,e公司
2018-10-09,建设银行旗下“建信金投基金”完成私募基金管理人信息登记,每日经济新闻
2018-10-09,周二最新重磅公司传闻集锦(10月9日),证券之星
2018-10-08,紫光集团与建行达成全面战略合作 获综合授信500亿元支持集成电路业务,e公司
2018-10-01,建设银行20年老将廖林升任副行长,每日经济新闻
2018-09-30,有惊无险！建行撤回对A股公司金龙机电控股股东破产清算申请 减资破产,挖贝网
2018-09-29,建设银行首笔境外绿色债券在卢森堡挂牌交易,新华网
2018-09-29,建行首笔境外绿色债券在卢森堡证交所挂牌,Wind
2018-09-27,1249只A股纳入富时罗素（全名单）,券商中国
2018-09-27,A股“入富”今日揭晓，资金加速布局三大受益行业,证券日报
2018-09-26,10万亿私行江湖激战正酣，招行+四大行瓜分70%市场,新浪
2018-09-25,【海通银行团队】周报：理财平等化逐步落实，加大股票配置还需时间,HaitongBKResearch
2018-09-25,建设银行：廖林副行长任职,金融界
2018-09-25,"建设银行半年报点评:息差上行,大行优势尽显",正点财经
2018-09-25,10万亿私行大比拼：9个你想象不到的中国私人银行服务,中国基金报
2018-09-25,上市银行信用卡大战正酣 7家交易额过万亿,投资者报
2018-09-21,沪指周涨4.32%创两年多新高，A股真的见底了！,Wind
2018-09-21,银企合力扶贫 建设银行与来伊份共探新模式,东方网
2018-09-21,多行打造“开放银行”，互联网金融当何去何从,零壹财经
2018-09-17,银行发力信用卡业务 授信使用率最高76%,金融投资报
2018-09-17,建行加入 二级资本债发行潮未完待续,中证网
2018-09-16,金磐石：以金融科技驱动建设银行的转型与创新,和讯
2018-09-16,金磐石：要把金融服务镶嵌到平台场景当中为社会服务,新浪
2018-09-15,受资管新规影响，上半年上市银行理财产品规模两极分化,国际金融报
2018-09-14,建行个人银行利润807亿占比超四成,新浪
2018-09-12,不良资产历史上的三次大剥离是指什么？,野马财经
2018-09-12,恒指探底回升收跌0.29%，医药股全线重挫,Wind
2018-09-12,长租公寓风险引市场关注 银行对租房贷态度趋谨慎,中金在线
2018-09-11,手机银行势头迅猛 哪家银行更受青睐？,金融投资报
2018-09-10,建行原董秘陈彩虹：董事会应回归“四职责”本位,金融界
2018-09-10,A股上市银行涉房贷款26万亿，房企开发贷逆势增长,Wind
2018-09-07,上半年银行理财两极分化：“急刹”与增长同在,华夏时报
2018-09-07,4家大银行受保险拖累手续费及佣金负增长 农行代理保险手续费领跑国有大行,证券日报
2018-09-06,减轻再融资恐惧 工行巧选优先股募资1000亿元,证券日报
2018-09-04,因年龄原因 庞秀生辞任建设银行副行长,每日经济新闻
2018-09-04,新华社：从贷款投向看银行业支持实体经济质效提升,Wind
2018-09-04,“快车道”上再加速，建行信用卡龙卡贷吧“立等可用”,国际金融报
2018-09-04,建行MUSE信用卡上市 颜值、品牌、优惠一卡尽享,国际金融报
2018-09-04,四大行住房贷款业务普遍下行 看看各大行长怎么说,中金在线
2018-09-04,透视银行半年报：城商行整体业绩亮丽,证券时报
2018-09-03,【海通银行团队】周报：中报盈利处上升通道，关注中小行息差改善趋势,HaitongBKResearch
2018-09-03,基金销售市场竞争激烈 第三方机构能否搅局银行？,中金在线
2018-09-03,建设银行：庞秀生辞去副行长职务,Wind
2018-09-03,银行业中期业凸显三大亮点：信贷结构进一步调整优化,新浪
2018-09-03,五大行交通银行全面掉队：营收唯一下滑 业绩增速垫底,中国经济网
2018-09-02,银行大变局：半年裁员3.5万人有人被抛弃有人已加薪 员工变动,新浪
2018-09-01,金评天下 | 证金公司为何大手笔增持银行股,金融投资报
2018-08-31,数据王：半年报收官机构再现新动向,巨丰财经
2018-08-31,日赚约30亿元，工行“最赚钱”,长沙晚报
2018-08-31,香港智远：建行回守30天线 博反弹留意认购证21733,新浪
2018-08-31,上半年A股银行净利明显回暖,北京商报
2018-08-31,建行上半年累计引导179亿元社会资金进入租房市场,第一财经
2018-08-31,理财收入出现阶段性下降,北京晨报
2018-08-31,上半年国有五大行日赚31.66亿元,证券日报
2018-08-30,中国四大银行不良贷款率持续下降 净利润5332亿元,中新网
2018-08-30,国有五大行上半年日赚31亿，净利增速集体走高、不良率回落,澎湃新闻
2018-08-30,五大行上半年共赚5731亿元，不良贷款率均降,Wind
2018-08-30,四大行2018半年报出炉：日赚约30亿！工行仍“最赚钱”,和讯
2018-08-30,关于不良认定、房租上涨以及债转股 建行行长王祖继等高管中报会上这样回应,经济观察网
2018-08-30,巨丰收评：科技股杀跌打开抄底窗口,巨丰财经
2018-08-30,建行理财产品收入降47.08％ 张立林：这是正常现象,金融界
2018-08-30,巨丰午评：科技股集体退潮,巨丰财经
2018-08-30,建行上半年理财业务降幅47% 回应称正常现象,网易
2018-08-30,23家上市银行上半年实现净利逾6000亿元,中证报
2018-08-30,【申万宏源金融】建设银行中报点评：基本面向好趋势深化，核心盈利能力修复,大金融研究
2018-08-29,建行副行长张立林：资管新规细则下理财和资管业务的发展不会有衰退趋势,中证网
2018-08-29,银行中报透视：资管新规下理财量价双降,第一财经
2018-08-29,建行行长王祖继：未向租房中介提供融资收房服务,Wind
2018-08-29,建设银行(00939-HK)：推动住房金融非为盈利 不良贷款率将持续下降,财华社
2018-08-29,【国信银行】建设银行中报点评：存款竞争优势依然维持,国信金融研究
2018-08-29,建行中报：实现净利润1470亿元，同比增长6%,金融界
2018-08-29,建设银行行长：将增加银行对基建和小企业的贷款,Wind
2018-08-29,建行债转股实施机构成立业内第二家私募基金子公司,Wind
2018-08-29,银行冠华 | 建设银行：息差拐点待确认，资产质量仍优秀,大话金融
2018-08-29,建行上半年实现净利润1474.65亿元 同比增长6.08%,金融时报
2018-08-29,建设银行：上半年净利润1475亿元 同比增长6.08%,中证网
2018-08-29,【建设银行（601939）】经营稳健，零售业务显效,中信证券研究
2018-08-28,建设银行上半年净利润逾1474亿 不良贷款率降至1.48%,每日经济新闻
2018-08-28,建行上半年净利润1475亿元 已与近1500家企业开展了租赁市场合作,华夏时报
2018-08-28,建行上半年净利1470亿增6.3% 理财业务收入降47%,澎湃新闻
2018-08-28,建行2018上半年净利润1475亿 同比增幅6.08%,金融界
2018-08-28,建设银行：上半年净利1470.27亿元人民币,第一财经
2018-08-28,建设银行:上半年实现营收3227.29亿 净利润1470.27亿,新浪
2018-08-28,建设银行上半年净利润1470亿元，同比增6.3%,Wind
2018-08-28,建设银行：以社区为入口，挖掘零售新客群|机构观察05,零壹财经
2018-08-28,“存”房业务落地佛山两个月 受理申请200多笔,广州日报
2018-08-28,中行与建行签订村镇银行股权转让协议,中证报
2018-08-28,中行接盘建行27家村镇银行再扩版图 中银富登不良率1.72%,21世纪经济报道
2018-08-27,收购建行旗下27家村镇银行后 中行控股村镇银行将破百家,每日经济新闻
2018-08-27,中行联合新加坡富登金控以16.06亿元接手建行27家村镇银行,国际金融报
2018-08-27,最终转让价格16.06亿元！ 中行接手建行27家村镇银行,华夏时报
2018-08-27,转让价格16.06亿 中银富登接手原建行27家村镇银行,经济观察网
2018-08-27,中行再扩村镇银行版图：耗资16亿元接手建行27家村镇银行,澎湃新闻
2018-08-27,靴子落地：中行16.06亿接盘建行旗下27家村镇银行,21世纪经济报道
2018-08-27,中行与建行签订股权转让协议 收购27家建信村镇银行,新浪
2018-08-27,中国银行与建设银行签订村镇银行股权转让协议,Wind
2018-08-24,北上资金逆市“买买买” 六只个股彰显投资价值,证券日报
2018-08-22,银保监会开出批量罚单：部分因贷款违规流入股市楼市 其他违规处罚,新浪
2018-08-22,建行发布“进博会综合服务方案”,经济日报
2018-08-21,31公司推中期分红方案 三种视角挖掘现金奶牛,投资快报
2018-08-18,上交所明确绿色ABS业务规则——资产证券化周报（2018.8.18）,--
2018-08-17,恒生指数本周累计跌超4%，医药股领跌教育股继续下挫,Wind
2018-08-16,草根投资再遭弃！与建行合作到期终止，资金存管面临“裸奔” 经营问题,和讯
2018-08-16,“服务进博 建行方案”全面专业金融服务 体现大行担当,全景网
2018-08-15,深圳：与建行进一步加强长租房业务试点等方面合作,Wind
2018-08-15,[优于大市评级]银行行业周报：7月信贷放量 社融增速有望企稳,中财网
2018-08-14,【海通银行团队】建设银行：零售优势进一步巩固，核心指标具备比较优势,HaitongBKResearch
2018-08-13,"因爱停靠湖南建行首家""劳动者港湾""正式亮相",银河证券
2018-08-11,张爱华详解民企首单储架式类REITs： 旭辉领寓将加快重资产布局,21世纪经济报道
2018-08-10,恒指高开低走止步五连升，本周涨逾2%,Wind
2018-08-09,南向投资者对恒指成分股的总持股金额降至去年底以来最低,Wind
2018-08-07,奥拓电子上半年业绩持续增长 现金流改善明显,证券日报
2018-08-06,【海通银行团队】月报：去杠杆趋稳、政策微调，把握中报期确定性机会,HaitongBKResearch
2018-08-06,港股投资日历：汇丰控股、恒生银行公布财报,Wind
2018-08-01,苏宁有房与建行“扯证” 后者将开绿色通道,亿邦动力
2018-08-01,苏宁有房与建行战略合作：卖家最快十个工作日拿房款,驱动之家
2018-07-31,晚间重要公告2018年7月31日星期二,Wind
2018-07-31,建行将向国家融资担保基金出资30亿,证券时报网
2018-07-31,建设银行：将向国家融资担保基金有限责任公司出资30亿元,Wind
2018-07-29,批量甩卖股权 村镇银行从“破局者”到进退两难,新金融观察
2018-07-26,北辰实业申请6亿元开发贷 以海口项目一期进行抵押担保,观点地产网
2018-07-26,逐梦“中国合伙人”——建行北分践行普惠金融 创新助力小微企业,北京晨报
2018-07-26,银行概念股龙头股一览 2018银行龙头股票有哪些,证券日报
2018-07-26,建行济南天桥支行未按规定对风险有效管控 被罚40万,财经网
2018-07-25,4天372亿元资金涌入近千只个股 钢铁等三行业最受青睐,金融界
2018-07-24,建行普惠金融：靠智慧和力量消解社会痛点,每日经济新闻
2018-07-23,银行股再度发力，成都银行两连板,Wind
2018-07-20,恒指探底回升收涨0.8%，内资金融股发力,Wind
2018-07-20,中国上市公司协会联合沪深交易所发布A股上市公司现金分红榜单,中上协
2018-07-20,建行甩卖27家村镇银行股权 行业发展将进入整合期,中国网
2018-07-18,股东、高管出招难改颓势，17家银行破净,21世纪经济报道
2018-07-17,下跌何所惧！29公司近三年股息率均超4%,Wind
2018-07-12,怡亚通+建设银行：供应链融资领域搞事情？,亿邦动力
2018-07-12,中央结算公司与建设银行签署新一代系统合作协议,新浪
2018-07-09,中国建设银行广州分行挂牌 “不动产财富管理”业务已受理6000笔,21世纪经济报道
2018-07-09,建设银行年报推10派2.91元 股权登记7月16日,金融界
2018-07-09,租赁金融升温 警惕变相为楼市加杠杆,瞭望
2018-07-07,长租风起： 超20家房企集结粤港澳大湾区 争当机构房东,21世纪经济报道
2018-07-06,建行以16亿底价打包出售27家村镇银行股权,Wind
2018-07-05,山西国投拟受让中国信达减持5.75%阳煤集团股权,证券日报
2018-07-04,晚间重要公告2018年7月4日星期三,Wind
2018-06-28,房地产贷款规模有多高？,格隆汇
2018-06-28,关于公布能力建设水平测试获证学员名单的通知,银行间市场协会
2018-06-26,香江控股为常德子公司贷款提供担保 最高担保限额2.3亿,观点地产网
2018-06-26,申万宏源：银行业息差回升，重申“龙头搭台、拐点唱戏”策略,Wind
2018-06-25,定向降准撬动万亿资金加持债转股？业内人士：落地仍需要过程,澎湃新闻
2018-06-25,同样的“债转股”，不一样的降杠杆效果,Wind
2018-06-25,关于公布中国银行间市场交易商协会第一届交易专业委员会委员名单的公告,银行间市场协会
2018-06-21,[增持评级]银行行业周报：紧信用传导至信用债 关注信用风险变化,中财网
2018-06-16,A股逼近3000点底部区间 137只“两低一高”股迎布局,证券日报
2018-06-15,ZHO共享纸巾获建设银行愈2亿元授信,DoNews
2018-06-15,【国信银行·深度】建设银行：高盈利，谋转型,国信金融研究
2018-06-14,田国立：房地产已被赋予太多金融属性 容易形成社会问题,中国网
2018-06-14,银行股集中破净的背后：或因强监管下市场担忧导致,Wind
2018-06-14,建设银行：6月13日融资余额为24.45亿元，较前一日骤降5.47%,Wind资讯
2018-06-13,建行补齐住房租赁链条 大小平台加码租赁谁能胜出?,21世纪经济报道
2018-06-12,全国首家无人银行落户上海九江路303号,中国经济网
2018-06-12,五大行债转股签约金额1.6万亿元,证券日报
2018-06-11,苏宁大客户入选中国建设银行集采云项目首选合作电商,砍柴网
2018-06-11,融资客青睐11股，盐田港买入占比高达43.91％,Wind
2018-06-08,A股市场破净股一览（6月8日）,Wind
2018-06-06,中国建筑与建设银行签战略合作协议,e公司
2018-06-02,牟乃密：金融科技正加速改变传统银行生态和经营模式,新浪
2018-05-31,给力！建设银行荣获《亚洲银行家》9项大奖！,金融界
2018-05-30,恒指放量下跌1.4%，周期股跌幅居前,Wind
2018-05-29,信用卡发卡大爆发，更惊心的是，逾期额度较7年前激增5倍,和讯
2018-05-24,建信租赁 顺应新周期,和讯
2018-05-22,关于公布中国银行间市场交易商协会第四届金融衍生品专业委员会委员名单的公告,银行间市场协会
2018-05-21,惠誉上调建、工、中行生存力评级,上海金融报
2018-05-21,建设银行今日大宗交易成交61.81万股，成交价7.65元折价0.0%,Wind资讯
2018-05-16,国企降杠杆 安阳钢铁定增募资25亿降低负债,e公司
2018-05-16,25亿定增有息负债168亿 安阳钢铁这样操作降杠杆,新浪
2018-05-15,工商银行、建设银行和中国石油成纳入MSCI新兴市场指数市值最大的三家A股公司,e公司
2018-05-15,MSCI新兴市场指数增加最大三个成分股为A股的工商银行、建设银行和中国石油,Wind
2018-05-14,安阳钢铁募资25亿降低负债率 控股股东全额认购,e公司
2018-05-14,【中信建投银行杨荣】银行业周报116期：《1QROE和贷款利率均环比回升》,eResearch杨荣团队
2018-05-14,【晨会0514】信用风险中的“危”与“机；粤港澳大湾区专题；广汽集团；海源机械,中信证券研究
2018-05-14,建行向“双小”战略转移 住房租赁全面发力,全景网
2018-05-14,QFII首季逆市增持，海外资金加速布局A股,--
2018-05-13,【岳读·ABS】首单公共人才租赁住房类REITs获批——资产证券化周报（2018.5.13）,微信
2018-05-12,北上资金维持积极布局节奏，本周斥65亿加码18只个股,Wind
2018-05-12,租房信贷试点逐步推进： 长租公寓插上金融翅膀,21世纪经济报道
2018-05-11,[优异评级]银行行业一季报点评：新环境下各显优势 未来均衡配置,中财网
2018-05-10,首批试点集体土地租赁房贷款融资方案公布 项目贷款最长30年,北京日报
2018-05-10,金融科技让银行更高效 区块链技术拓展服务新空间,经济日报
2018-05-09,当代置业：获得北京建行120亿授信额度 发展租赁住房,中国网
2018-05-09,北京推进集体建设用地建设租赁房 四家银行确定融资方案,中国网
2018-05-09,四川北辰天仁向北京北辰实业(00588)提供4.2亿元担保,智通财经
2018-05-09,建设银行:核心经营稳定向好,正点财经
2018-05-09,息差快速回升 业绩稳步上行,红周刊
2018-05-08,建设银行召开全行扶贫大会 2017年末精准扶贫贷款余额近1500亿元,中证网
2018-05-08,[增持评级]银行行业深度研究：金融严监管为资本补充让路-TLAC的来龙去脉,中财网
2018-05-07,A股正式“入摩”近在咫尺，外资机构重点布局股曝光,证券时报
2018-05-07,建行入局长租公寓 将在上海试点“存房”业务,华夏时报
2018-05-07,[增持评级]上市银行2017年年报暨2018年一季报综述：息差拨备双驱动 基本面继续向好,中财网
2018-05-07,【方正化工】化工周报：MDI价格大幅走高，恒力石化拟建PTA项目,靠谱化工股
2018-05-05,限价下“另辟蹊径”：深圳多个新建住宅由售转租,21世纪经济报道
2018-05-04,一季度上市银行整体盈利情况进一步好转,国际金融报
2018-05-03,中国银行营收下滑加速 四大行唯一一家负增长,华夏时报
2018-05-03,我爱我家和建行合建租房平台 新模式引关注,新浪
2018-05-03,我爱我家携手建设银行构建租赁新生态,证券时报
2018-05-03,我爱我家与建行战略合作,中证网
2018-05-02,证金频繁进出金融股！大举增持15只券商股，晋级7券商前三大股东,--
2018-05-02,证金进出金融股:增持15只券商股晋级7券商前三股东,顶尖财经网
2018-05-02,建行携手我爱我家共建住房租赁市场新生态,中证网
2018-05-02,中国建设银行携手我爱我家共建住房租赁市场新生态,中国网
2018-05-02,我爱我家：拟与建设银行就发展房屋租赁市场进行合作,e公司
2018-05-02,恒指弱势震荡小幅收跌，博彩、苹果板块逆市走强,Wind
2018-05-02,【大行报告】大华继显：维持建设银行(00939-HK)及农业银行（01288-HK）买入评级,财华社
2018-04-27,【国金策略】专题||2020年银行理财业务变革对A股影响几何？（李立峰/魏雪等）,策略李立峰与行业配置笔记
2018-04-27,研报精选：4只节后待涨,中财网
2018-04-27,【东吴马婷婷】建设银行一季报：核心经营稳定向好,马婷婷深度研究
2018-04-27,【大行报告】交银维持建行(00939-HK)买入评级和10.9港元目标价,财华社
2018-04-27,证金增持多只券商股 建设银行一季度业绩增长近五成,财富动力网
2018-04-27,建行一季度盈利逾738亿增长5.43%,证券时报
2018-04-27,建设银行：一季度净利润同比增5.43%,Wind
2018-04-27,建行一季度净利润740.76亿 不良贷款率与上年末持平,金融界
2018-04-26,建设银行公布第一季经营业绩 净利润同比增5.43%,股城网
2018-04-26,建行2018年一季度实现净利738.15亿元 不良率1.49%,中证网
2018-04-26,[港股]建设银行一季度净利同比增5.43% 证金持股降至0.83%,全景网
2018-04-26,建设银行(00939-HK)一季度净利738.15亿元 同比增5.43%,财华社
2018-04-26,建设银行：第一季度净利润738亿人民 同比增长5.43%,新浪
2018-04-26,建设银行：一季度净利738亿 同比增5.43%,e公司
2018-04-26,建设银行：一季度净利润738.15亿元，同比增长5.43%,Wind
2018-04-24,科技赋能促五大行去年“缩编”2.86万人,证券日报
2018-04-23,银行行业周报:关注I9准则下银行报表变化,东吴证券
2018-04-20,建设银行云南同业投资违规 资产年末转出年初购回套利,中国经济网
2018-04-20,未来银行已来 建设银行用科技掘金,新华网
2018-04-20,[增持评级]存款利率上限放宽跟踪(商业银行行业)：存款利率上升了吗?,中财网
2018-04-20,为什么说商户丝毫不用担心“断直连”？一文让你秒懂,南方财富网
2018-04-20,黑科技赋能金融 “刷脸支付”引领新时尚,证券日报
2018-04-19,建行恒丰银行将分别召开上海华信超短融债持有人会议,中国网
2018-04-19,[增持评级]商业银行行业更新：银行业利润占了全社会的50%吗?-水平测算与国际比较,中财网
2018-04-19,[增持评级]降准置换MLF点评(商业银行行业)：利好银行 看好反转,中财网
2018-04-18,重磅！ 国有大行中首家全资金融科技子公司亮相,华夏时报
2018-04-18,重大变革！首家国有银行全资金融科技公司诞生,和讯
2018-04-18,移动金融时代到来 建设银行特色凸显,全景网
2018-04-18,建行成立业内首家全资金融科技子公司,Wind
2018-04-17,[增持评级]存款利率上限结构性放宽点评(商业银行行业)：不明觉“厉” 好于预期,中财网
2018-04-17,建行签约350亿元助山西国企混改,金融界
2018-04-17,融资客青睐33股，深高速买入占比高达47.65%,Wind
2018-04-16,五大国有行10年分红2.5万亿 未来高回报狂欢依旧可期,投资者报
2018-04-13,建设银行与华南城集团签订住房租赁业务战略合作框架协议,中证网
2018-04-13,四大行去年净赚8966亿元 日均进账24.5亿元,新浪
2018-04-13,建设银行与华南城合作开展住房租赁业务,中国网
2018-04-13,大堂经理是智能机器人 国内第一家无人银行正式开业,赛迪网
2018-04-12,楼市泡沫防控深度拉开 国有大行新增按揭贷骤降,财经网
2018-04-12,区块链在银行业怎么应用？这或许是史上最全盘点,中国金融新闻网
2018-04-12,上市银行加大支持实体经济力度 严控信贷流向过剩产能,经济日报
2018-04-11,建设银行(00939-HK)：郭友辞去公司监事长及股东代表监事等职务,财华社
2018-04-11,建行雄安分行揭牌 首笔“雄安新区支持贷款”产品已发放,中国网
2018-04-11,中金公司：汇金拟减持9.5%公司股份 估值50.5亿,中财网
2018-04-11,上市银行防风险能力进一步增强,中国经济网
2018-04-10,10日潜力排行榜居前的板块(附股),证券之星
2018-04-10,建设银行河北雄安分行正式揭牌,中证网
2018-04-10,银行股全线拉升，上证综指涨幅扩大,Wind
2018-04-10,建设银行，或将改变未来金融格局方向,金融界
2018-04-09,开价小五十亿 摆平逾期风波的山西信托静候新东家,投资时报
2018-04-09,[增持评级]银行行业周报：互联网资管新规出台 全面打击监管套利,中财网
2018-04-09,各路资本探路住房租赁：“抢房”成一景 主流“二房东”模式盈利难,21世纪经济报道
2018-04-07,"大变局：四大行2年""裁掉""1个浦发 人均薪酬位居末位",新浪
2018-04-07,[推荐评级]上市银行2017年年报综述(银行行业)：息差、资产质量均向好 存款决定扩张能力,中财网
2018-04-06,上市银行酣战信用卡市场，利润贡献大幅上涨,Wind
2018-04-05,五大行裁员近3万，哪些人铁饭碗不保？,搜狐
2018-04-04,五大行2017年报看点：净利增速回升 不良实现“双降”,经济观察网
2018-04-04,五大行一年流失2.7万员工！银行人的希望在哪里？,中财网
2018-04-04,五大行去年减员2.7万 平均年薪24万,新京报
2018-04-03,新华社评论上市银行2017年报：盈利能力回升，资产质量趋稳,Wind
2018-04-03,银行扎堆布局租房市场 租房金融现状如何？,金融投资报
2018-04-03,新尧传媒与建设银行达成合作 推进一体化品牌传播,中新网
2018-04-03,租房新势力调查：业主“存款”变“存房”，银行当二房东搭售金融服务,搜狐
2018-04-03,[增持评级]银行投资策略月报：4月策略：原点再起航,中财网
2018-04-03,建设银行雄安分行发放首笔“雄安支持贷”：1800万已到账,Wind
2018-04-03,证金四季度“大手笔”增持银行及保险股,Wind
2018-04-03,年报透露“国家队”动向：加码高新技术公司,--
2018-04-03,五大行金融牌照PK：中行“三局两胜”,证券日报
2018-04-02,19家银行去年赚了1.28万亿元 四大行盈利占七成,中国经济网
2018-04-02,五大行财报数据大PK：谁赚得最多？谁质量最差？,国际金融报
2018-04-02,农行日赚5亿超八成营收依赖利息拨备覆盖率208.37%仍存资本补充压力,顶尖财经网
2018-03-31,上海浦东优化营商环境：四大行300个银行网点可办企业登记,澎湃新闻
2018-03-31,建行关闭“E商贸通”背后：华东林交所超范围经营,中国经营网
2018-03-31,"机构上季度还在加仓蓝筹,一季度转身积极调研中小创",红周刊
2018-03-31,五大行对比：工行赚钱能力无敌 中行董事长薪酬最高,中财网
2018-03-31,证金公司偏爱二线蓝筹 汇金最爱“IT男”,投资快报
2018-03-31,银行板块或面临三重底 六股腾飞在即现掘金良机,证券日报
2018-03-30,去年个人消费贷增幅超156% 建行逾期贷款8年来首次双降,华夏时报
2018-03-30,30日可能影响股价重要财经消息汇总,证券时报网
2018-03-30,国家队调仓动向曝光：证金公司偏爱二线蓝筹,证券时报网
2018-03-29,国有五大银行去年日赚26亿元，不良率6年来首次集体下降,澎湃新闻
2018-03-29,四大行年报齐出炉：工行依旧最赚钱 农行不良率最高,中新网
2018-03-29,建行：房贷利率提升符合市场规律 积极开拓住房租赁市场,中国网
2018-03-29,一图看懂建行2017年度经营业绩,金融界
2018-03-29,建行王祖继：零售业务、消费金融是信贷布局的重要领域,金融界
2018-03-29,建行逾期贷款2010年以来首次双降 资产质量开始企稳,金融界
2018-03-28,建行：提升全面风险管控 创新服务实体经济,中证网
2018-03-28,建行、邮储、进出口等多银行被罚，更多银行高管在丢饭碗！,和讯
2018-03-28,每天净赚上亿元 中国这几家公司的业绩惊呆了,凤凰网
2018-03-28,建行2017年成绩单：实现净利润2422.64亿 日均赚6.64亿,和讯
2018-03-28,建行去年房贷余额4.21万亿居同业首位，增幅17.5%,搜狐
2018-03-28,建行2017年净利润2423亿元 不良贷款率 1.49%,华夏时报网
2018-03-28,建行去年个人住房贷款增17.5% 余额4.21万亿居同业首位,每经网
2018-03-28,建行2017年实现净利增4.67% 不良率1.49%,中证网
2018-03-28,银行板块走强 上证综指跌幅收窄,中证网
2018-03-28,建行2017年实现净利润2436.15亿元 较上年增长4.83%,金融界
2018-03-28,大参考：第一届数字中国建设峰会召开在即 产业链公司迎机遇,巨丰财经
2018-03-28,28日可能影响股价重要财经消息汇总（更新中）,证券时报网
2018-03-28,朱邦凌：躺着赚钱已成传说 金融科技成银行新驱动力,腾讯网
2018-03-28,“工农建”去年盈利能力稳中向好 拨备覆盖率大幅提升,证券时报
2018-03-28,"建设银行2017年报点评:净息差逐季提升,逾期贷款指标“双降”",证券之星
2018-03-27,建行2017年实现净利2423亿元 逾期贷款8年首现下降,21世纪经济报道
2018-03-27,建设银行去年实现净利润2422.64亿元 同比增长4.67%,中国网
2018-03-27,建设银行：2017年实现净利润2422.64亿 日赚6.33亿,新浪
2018-03-27,建设银行:2017年实现净利润2423亿元,顶尖财经网
2018-03-27,建设银行2017年净利2423亿元 同比增4.67%,e公司
2018-03-27,建设银行：2017年实现净利润2436.15亿 同比增长4.83%,凤凰网
2018-03-27,建设银行：2017年实现净利润2316.8亿 日赚6.34亿,新浪
2018-03-27,建设银行：2017年净利2422.64亿元增4.67%，拟每股派息0.291元,Wind
2018-03-27,保利地产发行首单房企租赁REITs 租赁证券化进入规模爆发期,21经济网
2018-03-27,沪深上市公司18年3月28日重大事项交易提示速递,搜狐
2018-03-27,招商蛇口（001979）财报点评：再创辉煌,微信
2018-03-26,郭树清出任央行党委书记:最懂一行两会 有利监管协调,第一财经日报
2018-03-26,青沐公寓与建行达成战略合作 开启品质租房新篇章,中金在线
2018-03-26,[推荐评级]银行行业周报：招银资管公司设立 资管新规发酵在即,中财网
2018-03-26,股权直接融资 银行数千亿“补血”背后,长江商报
2018-03-25,银行要做二房东，建行“存房”是什么？,第一财经
2018-03-24,建行行长王祖继：房地产金融创新不能围着传统信贷转,第一财经
2018-03-24,建行行长王祖继：通过适配金融产品平抑房租价格,财经网
2018-03-24,建行住房租赁平台半年出租2.6万套,中金在线
2018-03-23,[买入-A评级]建设银行(601939)公司动态分析：未被市场充分认知的零售基因,中财网
2018-03-23,建设银行战略布局住房租赁市场：充当市场的“路由器”,澎湃新闻
2018-03-23,多家银行参与建设住房租赁服务体系,中国网
2018-03-23,建设银行首推“存房”业务 已累计受理394笔业务申请,金融界
2018-03-23,试点两月受理394笔业务 建行试水存房业务意欲何为？,新浪
2018-03-23,建行住房租赁业务再推进：在广州试点“存房”业务,证券时报
2018-03-23,多家银行进军住房租赁市场 建行首创“存房”业务,证券日报
2018-03-22,建设银行：今年每个月可让1万户租客在住房租赁平台上拎包入住 |新京报财讯,新京报
2018-03-22,建行首份住房租赁成绩：半年上线房源9万套，已出租2万套,Wind
2018-03-20,住房租赁二线城市样本：政银企三方联手构建大连模式,中金在线
2018-03-19,“人民币先生”周小川与央行的15年情缘,国际金融报
2018-03-19,[增持评级]银行行业周报：银监会出台指引文件 旨在强化银行数据管理能力,中财网
2018-03-19,[推荐评级]银行行业周报：农业银行定增千亿 银行资本管理加强,中财网
2018-03-19,[推荐评级]2月信贷收支表点评：股权及其他投资净减少 结构性存款增长趋稳,中财网
2018-03-17,【资本规划系列报告之四】内地企业赴港上市H股模式与红筹模式全方位对比,广证恒生新三板研究极客
2018-03-17,保利地产发行首单房企租赁REITs 租赁证券化进入规模爆发期,21世纪经济报道
2018-03-16,恒指放量收跌0.12%，内房股延续升势,Wind
2018-03-16,安阳钢铁净利增12倍 百亿债转股首笔资金落地,21世纪经济报道
2018-03-15,梦舟股份：关于为全资子公司银行融资提供担保的公告,Wind
2018-03-15,安钢债转股获阶段性突破：首批16亿元资金落地,经济观察网
2018-03-15,因违规收费 建行平顶山分行被罚款20万元,搜狐
2018-03-14,北京二中院：涉信用卡透支案持卡人上诉率达96%，不易胜诉,澎湃新闻
2018-03-13,联姻住房租赁专业运营机构 建行发起20亿元ABS并购基金,21世纪经济报道
2018-03-13,恒指小幅收涨，农行千亿定增带动内银股大涨,Wind
2018-03-13,银行股逐渐发力，农业银行涨逾2%,Wind
2018-03-13,长租公寓拼争 进入战国时代,第一财经日报
2018-03-13,传蚂蚁金服消费贷发放量达6000亿 过去3个月为建行(00939-HK)3.7倍,财华社
2018-03-13,住房租赁资产证券化再探索 建行联手新派公寓发起专项并购基金,每经网
2018-03-12,传蚂蚁金服消费贷发放量达6000亿元 为建行3.7倍,TechWeb
2018-03-12,[推荐评级]银行行业简评报告：信贷管理具有弹性 贷款利率仍有上升空间,中财网
2018-03-12,建设银行与新派公寓发起住房租赁资产证券化专项并购基金,中新网
2018-03-12,建行与新派公寓发起首期20亿元公寓资产并购基金,深圳商报
2018-03-12,"银行行业周报:信贷需求旺盛,银行业基本面趋势持续向好",东吴证券
2018-03-11,改革者郭树清和银行业的380天,国际金融报
2018-03-09,贵州银监局连发3张罚单 建行因业务违规被罚六十万,新浪
2018-03-09,中国金融市场双向开放会不断迈出步伐 6股或收益,证券时报网
2018-03-09,深圳长租公寓市场今年或迎来大量房源,南方日报
2018-03-08,恒指收盘大涨1.5%，蓝筹股全线飘红,Wind
2018-03-08,"601939建设银行最新消息|不良连续两季度下降,净息差继续回升",南方财富网
2018-03-08,[看好评级]银行行业点评报告：贷款损失准备监管红线下调 利润释放空间增大,中财网
2018-03-08,[推荐评级]银监7号文点评(银行行业)：拨备要求略降 总体影响有限,中财网
2018-03-08,银监会下调拨备红线点评(银行行业)：奖优限劣 差别化监管,中财网
2018-03-08,南下资金调仓换股，沪港深基金“追风”新兴成长,Wind
2018-03-08,银行苦撑跌势利好催化前景仍可观 六股受益,中证报
2018-03-06,港股强劲反弹！恒指大涨逾2%，蓝筹股全线飘红,--
2018-03-05,恒指下挫近2.3%破3万点大关，中国联通领跌,Wind
2018-03-05,[推荐评级]银行行业周报：化解金融风险、转向高质发展,中财网
2018-03-05,南下资金调仓 港股长期依然向好,中证报
2018-03-05,"银行行业周报:央行规范资本补充债券发行,鼓励新型工具创新",东吴证券
2018-03-04,128只个股连续下跌3日或3日以上，多只白马股跌幅较深,Wind
2018-03-03,开业量缩减、关停陡增 银行网点进退向何方？,21世纪经济报道
2018-03-02,【解盘论市】元宵节里看表演，欧美暴跌一片,Wind
2018-03-02,恒指弱势震荡收跌1.5%，银行地产走软,Wind
2018-03-01,恒指宽幅震荡收涨0.65%，重磅蓝筹带动指数,Wind
2018-03-01,[中性评级]电力设备行业点评：春节期间电力设备板块动态情况和中短期市场观点,中财网
2018-02-28,晚间重要公告2018年2月28日星期三,--
2018-02-28,恒指2月跌6.2%，创两年来最大月度跌幅,Wind
2018-02-28,【东吴环保袁理团队】每日集锦0227：《甘肃省推进绿色生态产业发展规划》已印发,东吴环保公用研究
2018-02-27,银行业:银行股何以继续估值修复,安信证券
2018-02-26,中上协“2017年度最受投资者尊重的上市公司评选”入围名单揭晓,中上协
2018-02-26,[领先大市-A评级]银行行业动态分析：银行股何以继续估值修复,中财网
2018-02-26,[推荐评级]银行行业周报：负债压力上升、看好利率上行,中财网
2018-02-25,租房贷：长租市场又一块“蛋糕”？,和讯
2018-02-24,2018“全球银行品牌500强”：43家中资行上榜！,渤源资产
2018-02-23,建行公告：黄志凌任董事会秘获银监会批复,中国经济网
2018-02-23,大和：建行(00939.HK)去年业绩或有惊喜 重申「买入」,金融界
2018-02-22,有意中资银行股？高盛等华尔街大行挑中的是这家,中金在线
2018-02-21,211只基金提前“撤离” 与银行股上涨“擦肩而过”,证券日报
2018-02-20,恒指春节后首个交易日跌0.78%，全天振幅约2%,Wind
2018-02-16,历史分红大户有望继续高额分红 多角度筛选高股息率“现金奶牛”,红周刊
2018-02-12,银行行业周报：息差上行 质量改善,中财网
2018-02-12,[增持评级]银行行业周报：银行业基本面向好 国有大行经营数据全面改善,中财网
2018-02-11,百度与农行合作金融大脑一期落地！为什么要赶在年前宣布？,搜狐
2018-02-11,金融：龙头券商业绩优势显著 荐9股,申万宏源
2018-02-11,建设银行包揽湖北银监2018头五张罚单 两支行曝违规,中国经济网
2018-02-10,回报率不高 住房租赁市场大行唱主角,中国经营网
2018-02-10,长租公寓有哪些花式融资法？为啥投资方们要积极进场？,36氪
2018-02-09,1月批复100多家银行网点关停 金融服务加速线上化,华夏时报
2018-02-09,权重砸盘，价值投机谢幕，年报披露日引爆风险点,--
2018-02-09,四大行债券承销整体领先 工商银行实现“四连冠”,每日经济新闻
2018-02-08,降杠杆，又一重武器亮相，这次真动格了……,--
2018-02-08,[看好评级]银行业2017年年报前瞻：基本面向好趋势延续 重点把握低估值拐点银行,中财网
2018-02-07,天津银监局连发13张罚单 工行农行建行等被罚350万,新浪
2018-02-07,银行股午后持续走低，招商银行跌超6%,Wind
2018-02-07,金融股快速杀跌，平安银行、新华保险跌超5%,Wind
2018-02-06,银企合作租售并举 蓝润实业携手建行试水住房租赁市场,中新网
2018-02-05,建设银行今日大宗交易成交1140万股，成交价8.78元折价10.32%,Wind资讯
2018-02-05,建行在香港成立全球资产管理中心和全球投行业务中心,中国网
2018-02-05,[推荐评级]银行行业周报：业绩改善明显、关注ROE上行,中财网
2018-02-05,租房安居从“骨感”到“丰满”，银行除了“给钱”还能做什么？,新华网
2018-02-04,房贷利率上浮，房企融资收紧，银行热度移至租房市场,第一财经
2018-02-04,祝九胜将给万科带来什么？曾被认为是股权事件牺牲品,房地产报
2018-02-04,银行业景气度回升资金追捧 六股值得关注,证券日报
2018-02-03,结构性震荡凸显市场价值风口 四行业景气度回升,证券日报
2018-02-02,中国建设银行新西兰分行开业,中新网
2018-02-01,[增持评级]银行周报：看好行业 推荐首选大行,中财网
2018-01-31,[推荐评级]发改委债转股通知点评(银行行业)：认可现行模式 短期大量落地可能性不高,中财网
2018-01-30,融资客青睐43股，彩虹股份买入占比高达48.76％,Wind
2018-01-30,融资客潜入银行股：今年以来净买入138亿元,证券时报
2018-01-30,解码上市银行手机APP排行：,新浪
2018-01-29,银行业的区块链冲动：加紧技术落地 革新金融服务,和讯
2018-01-29,创业成果尚未转化 谁来解困小微企业融资难,新浪
2018-01-28,金融：七部委联合发文加快市场化债转股落实 荐3股,东吴证券
2018-01-27,三大银行入股人工智能公司 五股值得关注,新华网
2018-01-26,公募四季末配置银行不到6%，抢筹触发拉升行情?,第一财经
2018-01-26,午盘前银行股再度冲高，南京银行涨近7%,Wind
2018-01-25,人民币涨势不停 A股相关行业受益股露头角（附股）,新浪
2018-01-25,建设银行：1月24日融资余额为23.29亿元，较前一日骤增6.16%,Wind资讯
2018-01-24,联手建行落地“按居贷”：湾流国际首推100套4年期0涨幅0成本房源,21经济网
2018-01-24,国有银行“抢滩”租赁金融业务 逐步覆盖各租赁主体,华夏时报
2018-01-23,工行再次登顶全球市值最大银行 银行股遭“爆炒”逻辑,经济观察网
2018-01-23,建设银行将亮相北京金博会 不忘初心，金融惠民,千龙网
2018-01-23,国进民退 银行逼空还能追吗？工行建行打头阵它接力,中财网
2018-01-23,六大机构预测大盘走势：谨防短线回调 一类股最安全,中金在线
2018-01-23,机构论市：牛市再现 抓住这两条主线可享牛市盛宴,中金在线
2018-01-23,银行股快速回落，建行、工行频现千手抛单,Wind
2018-01-23,利润、资产质量预期稳定 银行股集体起舞,第一财经
2018-01-23,金融：银行仓位继续提升 荐6股,中银国际
2018-01-23,银行股再度发力，建设银行涨6%,Wind
2018-01-22,公募2017年整体盈利达5600亿，中国平安获657只基金重仓,新浪
2018-01-21,一财研选｜低线城市消费开始崛起，零售行业有望重整旗鼓！,第一财经
2018-01-21,302只个股连续上涨3日或3日以上，银行板块表现不俗,Wind
2018-01-19,建设银行青岛办理保理业务违法违规 银监局罚50万,中国经济网
2018-01-19,建设银行青岛办理贸易融资业务违法违规 银监局罚50万,中国经济网
2018-01-19,又一大行加入！万亿住房租赁市场五大行重金布局,第一财经
2018-01-19,青岛银监局连发10张罚单 农行建行邮储等被罚383.5万,新浪
2018-01-19,工农建三大行齐创新高，9只银行股对H股全面溢价,Wind
2018-01-19,大金融持续逼空，会否演绎14年底的疯狂行情？,中财网
2018-01-18,专家诊股：港股仍将处于上升通道内 豪赌股关注吸纳,金融界
2018-01-18,安信金融赵湘怀：银行继续稳健改善 转金个股表现突出,金融界
2018-01-18,银行股持续发酵，工农建行一度创历史新高,Wind
2018-01-17,南下资金大举买入内资银行股，助推恒指创历史新高,Wind
2018-01-17,沪指跳出16熔断底、恒指突破08危机顶，牛市请系好安全带,--
2018-01-17,内地资金流入内银板块 续看好可留意建行牛60923 /工行牛66031,金融界
2018-01-16,建行在沪搭建住房租赁服务平台,中金在线
2018-01-15,国金:价值投资是2018年主基调 高分红策略贯穿全年,新浪
2018-01-15,银行行业周报：推进银行业乱象整治建立长效机制,中财网
2018-01-15,WEMONEY朝闻：虚拟货币“挖矿”被认定伪创新 ；P2P存管银行首批测评申请已开启,凤凰网
2018-01-15,国金策略：高分红策略将贯穿全年A股投资,新浪
2018-01-14,"银行业《进一步深化整治银行业市场乱象的通知》点评:集中重申监管重点,进一步推动银行业集中度提升",中国网
2018-01-12,金融监管解读系列之二：委托贷款回本源去通道,中财网
2018-01-11,解密81家市值超千亿公司，后市多少能挺住？,第一财经
2018-01-11,《商业银行委托贷款管理办法》点评(银行行业)：巩固检查成果增量影响有限,中财网
2018-01-11,沪指九连阳调整或随时而至 切莫轻易追涨,深圳商报
2018-01-11,中资银行不良率或已见顶 南下资金连日大笔买入H股,21世纪经济报道
2018-01-10,【盘点2017】深刻影响未来中国房地产的新闻事件Top3,经济观察网
2018-01-10,金融监管解读系列之一：加强银行大额风险暴露监管防风险传染,中财网
2018-01-10,银行板块指数一路走高，建设银行、招商银行涨超2%,Wind
2018-01-10,"《关于规范银信类业务的通知》政策的简评:信托受到更强监管,非标信贷资产出表受阻",中国网
2018-01-09,上海与国开行、建设银行签署合作备忘录，推动上海住房租赁市场健康发展,财经网
2018-01-09,不忘初心金融惠民 建设银行亮相2017北京金博会,金融界
2018-01-09,货币银行系列之一:LCR不影响银行资金融出意愿,中国网
2018-01-08,联手建行百亿布局住房租赁业务 合肥城建谋“金融+地产”转型,e公司
2018-01-08,转型跨越成大道——2017年我国矿业企业新闻热点回顾,国际煤炭
2018-01-08,银行行业周报：监管文件逐步落地有效防范各类风险,中财网
2018-01-08,A股新年首周开门红，三路资金抢筹初显机构布局大战略,Wind
2018-01-07,北上资金新年扫货现新变化 中小盘股、周期股进入视野,大众证券报
2018-01-04,"银行行业周报:应对春节流动性需求,央行建立临时准备金动用安排",中国网
2018-01-03,上市银行2018年业绩预期向好,中国经济时报
2018-01-03,因存贷积数挂钩贷款建设银行被罚20万元,新浪
2018-01-03,1月3日晚间重要行业研究汇总(附股),中金在线
2018-01-03,银行业2018年度投资策略：息差稳定负债先行,中财网
2018-01-03,【中信建投银行杨荣】农业银行（601288.SH）深度报告：《向不良要业绩》,eResearch杨荣团队
2018-01-02,比比开门红：A股25个指数全上涨 21股创历史新高,新浪
2018-01-02,金融：临时准备金安排抑资金面波动行业规模增速下行持续,中银国际
2018-01-02,中国银监会甘肃监管局关于同意中国建设银行股份有限公司兰州东部市场支行迁址更名的批复,和讯
2018-01-02,银行概念股建设银行：净息差继续回升,南方财富网
2018-01-02,金融：流动性至降利率银行股确定性向上,中信建投
2018-01-02,银行盈利持续改善确定性高六股蓄势待发,中证报
2018-01-01,银行行业2018年度投资策略：坚守价值关注业绩弹性,中财网
