date,sentence,col3
2021-12-31,中微公司(688012.SH)获得政府补助7337.32万元,智通财经
2021-12-31,半导体设备板块持续高景气 供需分化观点分歧未来如何掘金？ 专题,投资者网
2021-12-31,半导体103家上市企业研发费达365亿 国产化进程加快40家研发人员占比超50%,长江商报
2021-12-29,十公司年内获上千家机构调研 迈瑞医疗、汇川技术最受关注,大众证券报
2021-12-29,“奔走”超4.4万次！券商今年调研上市公司忙，2022年看好这些机会,中证报
2021-12-28,理想万里晖估值36亿元获中微公司增资 聚焦太阳能电池异质结领域,e公司
2021-12-28,晚间重要公告2021年12月28日星期二,Wind
2021-12-28,中微公司拟1亿元增资理想万里晖,上证报
2021-12-28,12月股东减持超650亿，45家大额解禁来袭,Wind
2021-12-28,中微公司：拟1亿元增资光伏设备公司上海理想万里晖,e公司
2021-12-28,中微公司(688012.SH)：拟以1亿元投资上海理想万里晖薄膜设备,格隆汇
2021-12-28,中微公司：拟向理想万里晖增资1亿元,Wind
2021-12-28,A股资金流向：锂矿价格飙升修复股价背离，新能源全线反弹,Wind
2021-12-27,中微公司：占总股本13.02%限售股将于2022年1月4日上市流通 解禁,Wind
2021-12-27,中微公司：约8022.93万股限售股1月4日解禁，占比13.02% 解禁,每日经济新闻
2021-12-27,中微公司：公司注重零部件的国产化，建立了全面的供应商评价管理体系,每日经济新闻
2021-12-27,中微公司：公司计划扩展在泛半导体领域设备的应用，布局显示、MEMS、功率器件、太阳能领域的关键设备,每日经济新闻
2021-12-27,中微公司(688012.SH)：8022.9335万股限售股将解禁 解禁,格隆汇
2021-12-27,中微公司(688012.SH)8022.93万股限售股将于1月4日上市流通 解禁,智通财经
2021-12-27,中微公司：公司目前已经组建团队在开发LPCVD设备和EPI设备,Wind
2021-12-27,中微公司：目前订单和营收情况良好，正积极加快募投项目的建设,每日经济新闻
2021-12-27,中微公司：公司目前已经组建团队在开发LPCVD设备和EPI设备，研发按计划进行中,每日经济新闻
2021-12-27,中微公司：公司的MOCVD设备可以加工第三代半导体材料氮化镓,每日经济新闻
2021-12-27,中微公司透露MiniLED量产用MOCVD设备最新细节,LED在线
2021-12-26,北方华创：半导体设备种类丰富，受益于半导体扩产潮,每日经济新闻
2021-12-24,A股资金流向：“弃宁投茅”显露调仓痕迹,Wind
2021-12-23,A股资金流向：“妖股”行情暂告段落，绿电板块重回主线核心,Wind
2021-12-22,22只科创板股今日大宗交易平台发生交易,证券时报网
2021-12-22,中微公司现1笔大宗交易 共成交316.62万元,新浪
2021-12-20,A股资金流向：赛道股加速遭抛售，低价股成短线“避风港”,Wind
2021-12-17,A股资金流向：成长、权重双双熄火，低价股抱团逻辑仍在演绎,Wind
2021-12-17,大基金出手！芯片大牛股大涨8%,Wind
2021-12-17,2021十大最受机构关注公司　“抢手货”迈瑞医疗居首位,财富动力网
2021-12-15,A股资金流向：资金延续高切低模式，医药龙头遭大幅抛售,Wind
2021-12-14,A股主力资金流向：净流出额创一个半月新高，新能源、周期股集体遭抛售,Wind
2021-12-14,中微订单超100腔！惠特订单53亿！Mini LED掀扩产潮？,Ofweek
2021-12-14,深度*行业*机械设备行业周报：中央经济工作会议强调双碳工作科学考核 风电、光伏相关设备景气度上升,新浪
2021-12-13,海外机构调研股名单，汇川技术最受关注,Wind
2021-12-12,如何区分“阶段性成长股”和“长期成长股”？,虎嗅网
2021-12-12,安永企业家奖2021揭晓，11位企业家获此殊荣,第一财经
2021-12-10,A股资金流向：热门题材炒作升温，新能源集体回暖,Wind
2021-12-10,中微公司(688012)：增加2021年度日常关联交易预计额度,资本邦
2021-12-10,中微公司：选举董事长、董事会专门委员会、监事会主席等,资本邦
2021-12-09,中微公司(688012.SH)21.0304万股限制性股票归属条件已成就,智通财经
2021-12-09,中微公司(688012.SH)：选举尹志尧为董事长、聘任陈伟文为财务总监,格隆汇
2021-12-09,中微公司(688012.SH)选举王志军为职工代表监事,智通财经
2021-12-09,中微公司(688012.SH)拟作废处理19.0307万股限制性股票,智通财经
2021-12-09,中微公司(688012.SH)：拟归属限制性股票数量为21.03万股,格隆汇
2021-12-09,中微公司Prismo UniMax MOCVD设备订单超100腔,e公司
2021-12-09,中微公司：新型 Mini LED 生产设备订单超 100 腔,IT之家
2021-12-08,A股资金流向：市场缩量普涨，价值“茅”走出持续行情,Wind
2021-12-08,电子行业2022年投资策略：半导体创新与国产化并重 汽车、VR／AR空间广阔,新浪
2021-12-07,A股资金流向：赛道股再度下杀，资金进驻价值蓝筹,Wind
2021-12-07,大基金加速减持兆易创新，同行释放涨价信号，行业变局来了？,Wind
2021-12-06,电子元器件周报：智能手机出货量逐步回暖 折叠屏引领消费电子新方向,新浪
2021-12-06,机械设备行业：服务机器人 高速新赛道,新浪
2021-12-06,电子周报：车用芯片供给逐步升温；联电将启动新一轮长约涨价,新浪
2021-12-05,数据｜科创板6家公司定增解禁在即，有机构已实现40余亿浮盈 解禁,财联社
2021-12-03,A股资金流向：权重发力助推沪指，短线情绪退潮,Wind
2021-12-02,A股资金流向：低位低价成短线核心，赛道股分歧加剧,Wind
2021-12-01,A股资金流向：主线不明题材股炒作继续，资金挖掘低位补涨,Wind
2021-11-30,A股资金流向：新能源分歧加大，外资尾盘被动配置加剧波动,Wind
2021-11-30,中微公司(688012)：MINI LED需求旺盛 设备公司直接受益,新浪
2021-11-30,机械设备行业专题研究：电力交易市场化加速电网智能／数字化,新浪
2021-11-30,中微公司：公司目前已经组建团队在开发LPCVD设备和EPI设备,财联社
2021-11-29,A股资金流向：赛道股再度大涨“吸金”,Wind
2021-11-29,机械设备行业研究周报：国内半导体设备行业将迎来高速发展,新浪
2021-11-29,银河电子周观点：国内10月手机出货量大幅增长 看好射频前端国产替代机遇,新浪
2021-11-29,中微公司：在薄膜设备领域，公司目前已经组建团队在开发LPCVD设备和EPI设备，研发进展按计划进行中，同时公司将在适当时机通过并购等外延式成长途径扩大产品和市场覆盖,每日经济新闻
2021-11-29,中微公司：公司目前暂无回购计划,每日经济新闻
2021-11-28,电子行业周报：估值开始切换 乐观反映明年苹果、MINILED、半导体设备,新浪
2021-11-26,A股资金流向：沪指“以缺补缺”，权重低迷题材脉冲回落,Wind
2021-11-26,高瓴重金押注新能源之王！外资最宠爱银行小白马(名单),Wind
2021-11-25,半导体刻蚀设备国产化,Ofweek
2021-11-23,电子元器件周报：晶圆代工持续高景气 MINILED产业化进程加速,新浪
2021-11-23,A股资金流向：板块分化明显，“锂风光”休整储能接棒,Wind
2021-11-23,深度*行业*半导体行业周报：思瑞浦发布数字隔离产品 FPGA安路科技上市,新浪
2021-11-23,深度*行业*机械设备行业周报：“十四五”风电装机预期显著上提 风电零部件及主机龙头持续受益,新浪
2021-11-22,电子周报：手机厂商开拓汽车“下半场” 半导体处于健康的投资周期,新浪
2021-11-22,电子行业周报：折叠屏关注度继续升温 德仪宣布大额扩产计划,新浪
2021-11-22,科技硬件周报：AIOT产业加速 CMP材料与设备受关注,新浪
2021-11-22,机械行业周报：低碳+全球化助力 锂电/光伏/风电设备将超预期,新浪
2021-11-22,知名基金经理积极参与定增 高端制造、大消费获青睐,中国基金报
2021-11-22,新能源需求持续景气，产业转移为半导体设备材料,金融界
2021-11-22,中信建投机械设备2022年投资策略报告：短期寻求α，中长期顺应双碳背景,Wind
2021-11-21,7000亿大市场！傅鹏博、朱少醒、谢治宇、刘格菘…顶流们都来了,Wind
2021-11-21,7000亿大市场！傅鹏博、朱少醒、谢治宇等顶流们都来了,Wind
2021-11-21,7000亿大市场！傅鹏博、朱少醒、谢治宇、刘格菘…顶流们都来了,中国基金报
2021-11-17,深度*公司*盛美上海(688082)：持续技术创新、不断自我超越的半导体设备龙头,新浪
2021-11-17,中信证券：产能扩张+国产替代积极推进，看好未来1~2年半导体设备行业发展,e公司
2021-11-16,A股资金流向：新能源连跌资金持续流出，大消费力扛指数,Wind
2021-11-16,中微公司、广汽资本投资一创业投资公司，后者注册资本1.51亿,新京报
2021-11-16,国家大基金又出手！3亿投向这只芯片股，瑞银、摩根大通也来了,Wind
2021-11-15,A股资金流向：新能源遭资金集中抛售,Wind
2021-11-15,至纯科技：今年半导体设备营收或翻两倍，大基金何以青睐它？,第一财经
2021-11-15,科技硬件周报：半导体板块高景气度延续、关注5G+AIOT新机遇,新浪
2021-11-15,电子行业周报：杂音干扰的旺季VS乐观看待的明年,新浪
2021-11-14,600亿浮盈“诱惑”下，大基金开始了减持潮 减持股份,腾讯网
2021-11-12,中微公司(688012)：新签订单大幅增长 产品受高景气+国产化加速推进,新浪
2021-11-12,北向资金最新持有科创板股明细,证券时报网
2021-11-12,国家大基金又减持！大基金二期风格有变？,Wind
2021-11-11,中银证券：给予安路科技评级,证券之星
2021-11-11,半导体设备行业系列报告之一：高景气赛道 国内企业崭露头角,新浪
2021-11-11,A股资金流向：权重与题材共振上扬,Wind
2021-11-11,北方华创封住涨停并创新高，芯片板块午后继续扩大升幅,Wind
2021-11-10,A股资金流向：锂电三杰遭抛售，恒瑞医药午后暴拉吸金,Wind
2021-11-10,科创50尾盘翻红，中微公司涨近7%,Wind
2021-11-10,半导体设备板块午后持续走升,Wind
2021-11-10,电子行业周报：从美股大涨看中国半导体投资机遇,新浪
2021-11-10,每日理财观察: 盯紧北交所机遇，长线资金摩拳擦掌,Wind
2021-11-09,2021三季度机械业绩总结报告：整体持续高增 专用设备表现亮眼,新浪
2021-11-09,金融街下午茶2021年11月9日星期二,Wind
2021-11-09,科创板持续助力科技创新“开花结果”,Wind
2021-11-09,A股收盘综述：市场资金再度涌入半导体板块，碳中和题材强势依旧,Wind
2021-11-09,【行情】半导体芯片股午后走强，至纯科技涨停，中芯国际涨近5%，安集科技、神工股份、澜起科技、中微公司跟涨,金十数据
2021-11-09,险资新动向：偏爱半导体、锂电和消费电子 看上天齐锂业、兆易创新、歌尔股份,财联社
2021-11-09,14只科创板股获北向资金减仓,证券时报网
2021-11-08,三季报回顾：核心龙头延续增长 半导体持续呈现高景气,新浪
2021-11-08,电子元器件周报：晶圆代工产值与资本开支同增长 半导体行业景气度持续,新浪
2021-11-08,A股资金流向：机构青睐新能源，游资炒作元宇宙,Wind
2021-11-07,数据｜超1100亿元科创板公司闲置资金去向：存款或购买理财产品,财联社
2021-11-06,大基金投资节奏加快，中国半导体公司扩产忙,半导体行业观察
2021-11-05,除了华天科技，国家大基金二期还买了什么？,Wind
2021-11-05,美股半导体集体飙涨，A股信号不断，半导体行情如何走,Wind
2021-11-05,大基金又有大动作，11亿狂买芯片龙头，四季度半导体还能加仓吗？,第一财经
2021-11-05,险资调研热情空前高涨，对周期消费股特“来电”,Wind
2021-11-05,美股半导体集体飙涨，1.1万亿巨头一度涨超15%,Wind
2021-11-04,中微公司接受258家机构调研！短期主力资金净流入，市场资金或早已察觉,每日经济新闻
2021-11-03,大基金二期豪掷15亿入股半导体设备龙头，北方华创85亿定增受机构热捧,21世纪经济报道
2021-11-03,科创板月报：三季报收入维持高增 机构持仓持续加码,新浪
2021-11-03,2000亿半导体龙头再获大基金“加仓”！账面浮盈已超4亿，一期更狂赚10倍,证券时报
2021-11-02,2000亿芯片龙头定增揭晓，大基金二期斥资15亿入局，影响有多大？,财联社
2021-11-02,策略研究：新股精要-国内半导体清洗设备龙头盛美上海,新浪
2021-11-01,东吴证券维持中微公司增持评级，2021年三季报点评：Q3 业绩稳定增长，盈利能力明显改善,每日经济新闻
2021-11-01,A股资金流向：新能源板块冲高回落，资金分歧较大,Wind
2021-10-31,【天风电子】中微公司：新签订单大幅增长，产品受高景气+国产化加速推进,科技伊甸园
2021-10-31,中微公司：新签订单翻倍,半导体风向标
2021-10-30,中微公司(688012)：Q3业绩受股权投资拖累 订单大增反映需求旺盛 盈利能力下降,新浪
2021-10-29,新莱应材(300260)：单季度业绩创新高 半导体业务成为核心增长点,新浪
2021-10-29,国信证券：给予中微公司增持评级,证券之星
2021-10-29,国信证券维持中微公司增持评级：下游需求旺盛，刻蚀设备高增长,每日经济新闻
2021-10-29,【招商电子】中微公司：刻蚀设备高增长彰显行业景气，新签订单翻倍积蓄成长动能,招商电子
2021-10-28,中微公司：业绩符合预期，新签订单翻倍增长——公司三季报业绩点评,机械倩影
2021-10-28,9家LED相关企业Q3业绩,Ofweek
2021-10-28,A股资金流向：周期股下挫，新能源板块出现剧烈分歧,Wind
2021-10-28,国金证券维持中微公司买入评级：三季度趋缓，四季度重启动能,每日经济新闻
2021-10-28,华安证券给予中微公司买入评级，业绩符合预期，新签订单翻倍增长,每日经济新闻
2021-10-28,信达证券：给予中微公司买入评级,证券之星
2021-10-28,信达证券维持中微公司买入评级：在手订单饱满，静待业绩落地,每日经济新闻
2021-10-28,营利双增！中微公司前三季度盈利增长95.66%,资本邦
2021-10-27,中微公司公布三季报 前三季净利增加95.66%,新浪
2021-10-27,三季报|中微公司单季新签订单额16.31亿 “蔡经理”旗下诺安成长增持,财联社
2021-10-27,中微公司：第三季度净利1.45亿元 同比降8.02% 盈利能力下降,第一财经
2021-10-27,图解中微公司三季报：第三季度单季净利润同比减8.02% 盈利能力下降,证券之星
2021-10-27,中微公司：第三季度净利同比下降8.02% 盈利能力下降,财联社
2021-10-27,中微公司：第三季度净利润1.45亿元，同比下降8.02%,Wind
2021-10-27,中微公司：前三季度净利润同比增长95.66%,Wind
2021-10-27,A股资金流向：新能源板块虹吸效应显著,Wind
2021-10-26,半导体制造系列：先进封装扮演更重要角色,新浪
2021-10-26,A股资金流向（10月26日）：新能源板块遭获利盘打压，超跌TMT成为避风港,Wind
2021-10-26,中微公司业绩猛增！123天造科创板首只市值千亿股，大基金25亿入局！SGI评分87,和讯
2021-10-26,机械行业周报(2021年10月第3周)：隆基HJT电池效率再破世界纪录；持续力推光伏／风电／锂电设备,新浪
2021-10-26,刘格菘、黄兴亮、邹曦、陈一峰等知名基金经理三季报持仓大曝光！,Wind
2021-10-25,中微公司(688012.SH)：沈伟国辞去董事等职务 董监高成员变化,智通财经
2021-10-25,中微公司：关于公司董事辞职的公告 董监高成员变化,新浪
2021-10-25,中微公司：沈伟国辞去董事、战略委员会委员职务 董监高成员变化,Wind
2021-10-25,电子行业周报：鸿蒙生态蓬勃发展 IOT产业加速,新浪
2021-10-24,机械设备行业跟踪周报：持续看好高景气度的光伏半导体设备 建议关注双控影响下景气延续的机床刀具行业,新浪
2021-10-22,中微公司(688012.SH)：减持期届满 悦橙投资等股东合计减持2.33%股份 减持股份,格隆汇
2021-10-22,中微公司(688012.SH)数名股东合计减持1438.24万股 减持时间届满 减持股份,智通财经
2021-10-22,中微公司：嘉兴悦橙投资合伙企业（有限合伙）、嘉兴创橙投资合伙企业（有限合伙）、嘉兴亮橙投资合伙企业（有限合伙）、嘉兴橙色海岸投资合伙企业（有限合伙）减持计划实施完毕，共减持公司股份约1438万股,每日经济新闻
2021-10-22,中微公司：悦橙投资及一致行动人累计减持2.33%股份，减持计划届满 拟减持股份,Wind
2021-10-22,中微公司临港总部和研发基地项目开工,e公司
2021-10-22,中微临港总部和研发基地项目开工,财联社
2021-10-22,中微公司：公司上半年新签订单金额达18.89亿元，同比增超70%,Wind
2021-10-22,中微公司：公司持有“山东天岳”383.1万股，未出现退股情况,Wind
2021-10-22,中微公司：公司目前没有光伏HJT生产设备,Wind
2021-10-22,中微公司：公司MOCVD设备签约进展正常进行中，目前在手订单饱满,每日经济新闻
2021-10-22,中微公司：公司计划扩展在泛半导体领域设备的应用，布局显示、MEMS、功率器件、太阳能领域的关键设备,每日经济新闻
2021-10-22,中微公司：公司目前没有光伏HJT生产设备,每日经济新闻
2021-10-22,中微公司：公司主要为集成电路、LED外延片、功率器件、MEMS等半导体产品的制造企业提供刻蚀设备、MOCVD设备及其他设备,每日经济新闻
2021-10-22,A股午盘综述：半导体产业链、地产、家电复苏，煤炭、钢铁板块调整,Wind
2021-10-22,国科微前三季净利大增119倍，机构建议四主线关注半导体板块投资机会,第一财经
2021-10-22,"中微公司：公司持有山东天岳先进科技股份有限公司3,831,006股，没有出现退股情况",每日经济新闻
2021-10-22,中微公司：在3D NAND芯片制造环节，公司的电容性等离子体刻蚀设备可应用于64层和128层的量产，同时公司根据存储器厂商的需求正在开发新一代能够涵盖128层及以上关键刻蚀应用以及相对应的极高深宽比的刻蚀设备和工艺,每日经济新闻
2021-10-22,中微公司：在薄膜设备领域，公司目前已经组建团队在开发LPCVD设备和EPI设备，研发进展按计划进行中,每日经济新闻
2021-10-22,中微公司：公司2021年上半年新签订单金额达18.89亿元，同比增长超过70%，其中刻蚀设备订单占相当比例,每日经济新闻
2021-10-21,A股资金流向（10月21日）：新能源板块显露疲态，资金避高就低流入大金融龙头,Wind
2021-10-20,深度*行业*机械设备行业周报：风光大基地一期约100GW有序开工 建议相关光伏、风电、锂电设备板块,新浪
2021-10-19,深度*行业*半导体行业周报：三季报业绩普遍高增长 台积电表示产能紧张延续至2022全年,新浪
2021-10-19,电子行业周报：台积电2021Q3业绩解读及2021Q4展望,国海证券
2021-10-19,大基金有新动作！二期布局有何玄机？,Wind
2021-10-19,A股成交重回万亿！基金经理：科技成长仍是确定主线,Wind
2021-10-19,精选行业个股，基金调研高景气赛道,Wind
2021-10-18,电子行业深度报告：MINILED放量在即 产业链空间广阔,新浪
2021-10-18,国家大基金投资“平衡术”：减持两只半导体龙头套现约12亿，二期对外投资近300亿元 减持股份,21世纪经济报道
2021-10-18,深度*行业*机械设备行业周报：能源短缺背景下绿电前景广阔 能源结构转型利好锂电、光伏设备,新浪
2021-10-18,从盛美股份登陆科创板，看盛美半导体（ACMR.US）真实价值,智通财经
2021-10-18,科技硬件周报：半导体景气周期延续,新浪
2021-10-18,电子行业周报：关注折叠屏创新、荣耀崛起以及苹果MINILED新品发布,新浪
2021-10-17,机械行业周报：第一期风光大基地已开工 持续推荐光伏风电设备,新浪
2021-10-17,机械设备行业跟踪周报：持续看好高景气度的光伏设备行业 国产机床龙头业绩持续超预期 建议重点关注,新浪
2021-10-17,【数说长三角】科创板长三角企业研发投入哪家强？,上观
2021-10-15,电子行业2021年四季度投资策略：消费电子环比改善 布局低估值龙头半导体持续关注国产替代,新浪
2021-10-15,A股资金流向（10月15日）：“锂光芯”全线上扬，医疗龙头闪崩频现,Wind
2021-10-14,市场被荷兰/美国/日本占据，国产半导体设备厂商有机会吗？,Ofweek
2021-10-14,A股资金流向（10月14日）：主线之争！新能源KO消费暂时领先,Wind
2021-10-13,A股资金流向（10月13日）：“茅宁”归来，消费、新能源板块携手回暖,Wind
2021-10-13,2只科创板股获北向资金减持超千万元 减持股份,证券时报
2021-10-12,A股资金流向（10月12日）：市场热点匮乏，资源股再成杀跌主力,Wind
2021-10-12,电子行业周报：对当前半导体板块投资机会的深度思考,国海证券
2021-10-12,148家公司获机构调研（附名单）,证券之星
2021-10-11,电子元器件周报：芯片大厂开启新一轮涨价潮 半导体景气度有望延续,新浪
2021-10-11,A股资金流向（10月11日）：资金延续避高就低态势，大金融板块获青睐,Wind
2021-10-11,6家公司获超百家机构调研，机构热捧这一细分领域,Wind
2021-10-11,电子行业周报：台股营收透露曙光、先蹲后跳静待佳音,新浪
2021-10-11,前三季度机构调研热情高涨，迈瑞医疗被“翻牌”最多,Wind
2021-10-10,6家公司获超百家机构调研，机构扎堆关注半导体设备（名单）,Wind
2021-10-10,6家公司获超百家机构调研，机构扎堆关注半导体设备（名单）,21世纪经济报道
2021-10-10,最神秘华尔街大鳄出手，疯狂调研A股公司！,Wind
2021-10-09,电子行业周报：关注美国货币政策影响,新浪
2021-10-08,A股资金流向（10月8日）：资金高低切换，大幅抢筹保险、大消费板块,Wind
2021-10-08,中微公司拟5000万元参与投资基金 布局半导体及电子产业链,搜狐
2021-10-08,机构潜在猎物曝光，最青睐芯片，顶级基金盯上3股,Wind
2021-10-06,这些公司被券商密集调研，未来三大方向值得关注,Wind
2021-10-06,规模同比增长213%，公募掀起定增潮,Wind
2021-10-03,9月被调研的735家上市公司41家涨幅超过20％ 7家涨幅超50％,金融界
2021-10-03,近两周机构调研数据出炉 4家公司获超100家机构扎堆调研（附名单）,财联社
2021-10-03,重回年初起点，科创板2021年前三季度榜单全面揭晓,Wind
2021-10-02,三季度机构调研名单出炉，772家机构扎堆调研这家公司,Wind
2021-10-02,772家机构扎堆调研这家公司！三季度机构调研名单出炉，“抄作业”机会来了？,中证报
2021-10-02,半导体持股体验太差？有机构表示：下跌就是机会，加强对半导体产业的调研,财联社
2021-10-01,9月30日机构调研这6家公司，中微公司获得227家机构关注,每日经济新闻
2021-10-01,维持高位，前三季度股权承销排行榜发布,Wind
2021-10-01,重回年初起点，科创板前三季度榜单全面揭晓！,Wind
2021-09-30,电子行业重大事项点评：限电限产政策对电子行业当前影响简析,新浪
2021-09-30,A股资金流向（9月30日）：市场温和缩量，“茅宁”组合成持股者首选,Wind
2021-09-30,中微公司(688012.SH)拟出资5000万元参投华芯卓越创业基金,智通财经
2021-09-30,中微公司：拟5000万元参与投资产业基金,e公司
2021-09-30,中微公司(688012.SH)：拟出资5000万元参投华芯卓越创业投资中心,格隆汇
2021-09-30,中微公司：参与对外投资基金 方向为半导体及电子产业链相关企业,财联社
2021-09-30,中微公司接受100家机构调研！短期主力资金净流入，市场资金或早已察觉,每日经济新闻
2021-09-30,中微半导体设备（上海）股份有限公司 2021年第三季度报告,证券日报
2021-09-29,21深度丨拆解中微半导科创板IPO：进军大家电和车规级芯片技术成色如何？最大客户也是供应商有何隐情？,21世纪经济报道
2021-09-29,20股获买入评级 最新:浙江医药,中财网
2021-09-29,A股资金流向（9月29日）：节前资金避险欲望强烈，银行股获青睐,Wind
2021-09-29,中微公司(688012)：国产替代机遇打造刻蚀设备平台型龙头,光大证券
2021-09-29,光大证券：维持中微公司(688012.SH)“买入”评级 刻蚀设备和MOCVD设备 受益国产替代加速,智通财经
2021-09-28,A股资金流向（9月28日）：绿电龙头重回“C位”,Wind
2021-09-27,电子行业每周市场动态追踪：半导体产业自立是长期必然趋势,新浪
2021-09-27,A股资金流向（9月27日）：冰火洗礼！白酒暴涨对冲周期股批量跌停,Wind
2021-09-27,电子周观点：创维发布Q72电视 MINILED商用进一步加速,新浪
2021-09-27,【机械*周尔双】紧供给持续+国产替代提速，国内头部设备商将显著受益,东吴研究所
2021-09-26,电子行业周报：杂音频传、信心受挫；先蹲后跳、静待佳音,新浪
2021-09-24,A股资金流向（9月24日）：资金连续三日大幅出逃资源股,Wind
2021-09-24,半导体设备行业点评：紧供给持续+国产替代提速 国内头部设备商将显着受益,新浪
2021-09-24,A股万亿常态成交，三季度以来逾千家公司获机构调研,Wind
2021-09-23,半导体：高景气及国产化下半导体设备投资机会框架,新浪
2021-09-23,深度*行业*机械设备行业周报：宁德时代、蜂巢能源公布新扩产计划 推荐锂电设备板块,新浪
2021-09-23,深度*行业*半导体行业周报：全球晶圆厂设备支出预期持续增长 国产先进封装光刻机迎来新进展,新浪
2021-09-23,A股资金流向（9月23日）：电力、资源股出现强分歧,Wind
2021-09-23,热门公司调研机构云集，34家看涨逾100%,Wind
2021-09-23,芯片“光刻机第一股”华卓精科成功过会：上半年亏损1874万，严重依赖补助金“输血” 亏损,钛媒体
2021-09-22,电子元器件周报：IPHONE13正式发布 行业景气度有望延续,新浪
2021-09-18,中观行业数据观察：国家大基金一期良性退出 二期继续布局半导体产业 芯片依然短缺致汽车产销四连跌 盈利能力下降,新浪
2021-09-17,电子行业深度报告：MINILED商业化开启 相关产业链迎来机遇,新浪
2021-09-17,新纳入富时罗素相关指数个股尾盘异动，生效日效应提前了？,Wind
2021-09-16,中微公司(688012.SH)：累计获得政府补助1.51亿元,格隆汇
2021-09-16,中微公司：公司获得政府补助共约1.51亿元,每日经济新闻
2021-09-16,A股资金流向（9月16日）：战神“锂布”马失前蹄，新能源产业链集体遭抛售,Wind
2021-09-16,中微公司参股成立创业投资合伙企业 注册资本1亿元,财联社
2021-09-16,创耀科技IPO：研发费用率逐年下降 财务数据多处打架 欺诈造假,电鳗快报
2021-09-15,电子：半导体大厂安森美再次涨价 印证行业高景气,新浪
2021-09-15,半导体行业事件点评：长存64层出货量超3亿颗 128寸QLC即将量产,新浪
2021-09-14,A股资金流向（9月14日）：资金出逃高位资源股，锂电滞涨分支挖掘补涨,Wind
2021-09-13,A股资金流向（9月13日）：资源股涨势进一步扩散，资金撤离赛道股,Wind
2021-09-13,中微公司投资志橙半导体，后者经营范围含太阳能产品研发等,TechWeb
2021-09-11,芯片股大反弹，谢治宇、章晖等顶流基金经理出手！,Wind
2021-09-10,A股资金流向（9月10日）：金融、消费成为中流砥柱，资金回流半导体行业,Wind
2021-09-10,台积电设备采购要求降价15%？中微公司：未收到相关信息,C114通信网
2021-09-10,中微公司：未收到被台积电要求降价相关信息,Wind
2021-09-10,中微公司：公司未收到被台积电要求降价相关信息,e公司
2021-09-10,中微公司：公司目前已经组建团队在开发LPCVD设备和EPI设备，研发进展按计划进行中,每日经济新闻
2021-09-10,"中微公司：公司持有拓荆科技1,062.2547万股",每日经济新闻
2021-09-10,中微公司：公司今年上半年完成了对睿励仪器的增资，进一步巩固产业链协同效应，完善公司业务布局,每日经济新闻
2021-09-10,"中微公司：公司持有山东天岳先进科技股份有限公司3,831,006股",每日经济新闻
2021-09-10,中微公司：公司持有拓荆科技1062万股股份,Wind
2021-09-10,中微公司：公司持有山东天岳先进383万股股份,Wind
2021-09-10,中微公司：公司MOCVD设备签约进展正常进行中,每日经济新闻
2021-09-10,中微公司：多晶硅在物理性质及稳定性上目前还无法满足公司现有的设备加工要求,每日经济新闻
2021-09-10,中微公司：公司南昌基地和临港基地建设进展按照公司既定计划正常进行中,每日经济新闻
2021-09-10,中微公司：原材料增加主要是因为订单的增加而备货,每日经济新闻
2021-09-10,机械行业周报(2021年9月第1周)：“十四五”风电需求有望大幅超市场预期 持续推荐光伏／风电设备,新浪
2021-09-10,电子行业2021年中报总结：板块增速分化 自下而上关注细分龙头,新浪
2021-09-09,半导体设备行业系列研究十九：市场空间广阔 国产设备商百花齐放,广发证券
2021-09-09,中微公司之后又一半导体设备“龙头”来了！ 盛美股份登陆科创板：它有哪些“独门绝技”？,每日经济新闻
2021-09-09,上海区域股市周报：中芯国际跌出板块市值5强 512家机构调研中微公司,每日经济新闻
2021-09-08,A股资金流向（9月8日）：券商股内部轮动加快，白酒、光伏龙头被抛售,Wind
2021-09-07,A股资金流向（9月7日）：资源、金融双轮驱动，追高资金享受溢价,Wind
2021-09-06,北向资金连续11日净买入累计扫货近500亿，宁德时代大幅净买入超15亿元,Wind
2021-09-06,A股资金流向（9月6日）：消费、金融齐发力，创业板龙头获抢筹,Wind
2021-09-06,半导体周跟踪：产业趋势向上明确 短期波动不改高景气,新浪
2021-09-06,100股获20家以上机构调研 中微公司最受关注,证券时报网
2021-09-06,机械行业2021年半年报综述：高端制造迎来黄金投资期,新浪
2021-09-06,太火爆，700多家机构调研医疗龙头,Wind
2021-09-06,陆家嘴财经早餐2021年9月6日星期一,Wind
2021-09-06,半导体行业上演减持潮，逾380家机构调研兆易创新,Wind
2021-09-05,半导体行业上演减持潮，机构紧急调研这些公司,Wind
2021-09-03,A股资金流向（9月3日）：多空厮杀激烈，锂电上游龙头“跌落神坛”,Wind
2021-09-03,芯片股午后强劲反弹，中微公司涨超5%,Wind
2021-09-02,调研记录|中微公司（688012.SH）：目前在手订单饱满，上半年新签订单金额达18.89亿元 目前部分Mini-LED MOCVD设备规模订单进入最后签署阶段,智通财经
2021-09-02,A股收盘综述：沪指5连涨、创业板指6连阴，风电、煤炭、光伏、大基建央企飙升,Wind
2021-09-02,中微公司：鹏山资产、海通证券等513家机构于8月1日调研我司,证券之星
2021-09-02,电子行业北上资金月报,新浪
2021-09-02,大基金批量减持半导体，1600亿巨头一度跌停，这次影响多大？,Wind
2021-09-02,科创板解禁潮汹涌，询价转让渐成减持新趋势,Wind
2021-09-01,科创板解禁潮汹涌，询价转让渐成减持新趋势,Wind
2021-09-01,1600亿半导体巨头遭大基金减持，浮盈超148%！,Wind
2021-08-31,上交所：科创板公司机构持股比例上升明显，国际投资者持仓规模持续增长,Wind
2021-08-31,A股资金流向（8月31日）：券商股大涨中信证券获抢筹，新能源龙头股集体遭抛售,Wind
2021-08-31,赛道板块加速分化，机构称9月市场处于防御期,Wind
2021-08-30,中微公司跌8.1% 安信证券今日刚喊买入,中国经济网
2021-08-30,半导体周跟踪：中报亮眼反映行业高景气 全年高增确定性强,新浪
2021-08-30,A股资金流向（8月30日）：新能源持续吸金，“盐皇”遭大幅抛售,Wind
2021-08-30,北方华创午后闪崩并封住跌停，中微公司跌超8%,Wind
2021-08-30,电子行业行业周报：闻泰科技趋势渐起 澜起科技引领DDR5代际替换,光大证券
2021-08-30,电子行业周报：公司中报点评：供需持续紧张 扩产红利仍在,新浪
2021-08-30,中微公司(688012)：装备技术多维突破 新签订单高增长,新浪
2021-08-30,港股盘前必读：人工智能独角兽商汤科技向港交所递交上市申请,Wind
2021-08-30,过半业绩翻倍+研发突破喜人，A股半导体板块“成长价值”显现,Wind
2021-08-29,最高同比增长近35倍！这个板块“成长价值”已现,Wind
2021-08-28,国海证券维持中微公司增持评级，中报点评：刻蚀设备带动营收增长，新签订单同比增长超,每日经济新闻
2021-08-27,晚间要闻2021年8月27日星期五,Wind
2021-08-27,四川双马(000935)公司点评：投资项目上会在即 看好,新浪
2021-08-27,科创50指数进行三季度调样，样本市值占比提升3个百分点,Wind
2021-08-27,东吴证券维持中微公司增持评级，2021年中报点评：盈利能力明显改善，订单饱满即将释放业绩弹性,每日经济新闻
2021-08-26,中微公司(688012)2021年半年报点评：半导体 刻蚀龙头 迎来高增长,新浪
2021-08-26,【招商电子】中微公司深度报告：ICP开启刻蚀第二成长曲线，内生外延打造泛半导体平台,招商电子
2021-08-26,A股资金流向（8月26日）：资金集体出逃大金融、大消费板块,Wind
2021-08-26,中微公司(688012)：刻蚀机步入快车道 MINI+MOCVD蓄势待发,新浪
2021-08-26,电子行业周报：半导体景气度超预期 MOSFET、MCU缺货加剧,新浪
2021-08-26,【中信建投电子|刘双锋&雷鸣团队】中微公司(688012)：刻蚀设备持续突破，Mini LED MOCVD设备迎增长,中信建投电子研究
2021-08-26,重磅信号！万亿巨头突然全面涨价，4万亿赛道又要飞？,Wind
2021-08-26,摩根士丹利：将中微公司评级由低配上调至平配,格隆汇
2021-08-25,中银证券维持中微公司买入评级：刻蚀设备收入增长84%，公司新签订单增速均超70%,每日经济新闻
2021-08-25,中微公司：已开发出小于5纳米刻蚀设备用于若干关键步骤的加工,e公司
2021-08-25,A股资金流向（8月25日）：光伏龙头获青睐，三一重工遭大幅抛售,Wind
2021-08-25,中微公司上半年净利同比增233.17% 现金流却骤降112.27% 盈利能力下降,中国经济网
2021-08-25,中微公司上半年净利增速远超营收增速 经营现金流为负,中国经济网
2021-08-25,国联证券维持中微公司增持评级：刻蚀设备收入大幅增长，先进技术铸就核心竞争力,每日经济新闻
2021-08-25,国金证券：维持中微公司(688012.SH)“买入”评级 目标价213元,智通财经
2021-08-25,国盛证券：维持中微公司(688012.SH)“买入”评级 新签订单大幅增长 核心产品持续迭代,智通财经
2021-08-25,国金证券给予中微公司买入评级，核心，非核心获利率改善优于预期,每日经济新闻
2021-08-25,安信证券：予中微公司(688012.SH)“买入-A”评级 目标价209元,智通财经
2021-08-25,外资周报第95期：TAPER预期发酵 交易盘大幅外流,新浪
2021-08-25,电子行业半导体设备系列报告之一：全行业框架梳理,新浪
2021-08-25,半年报解读|中微公司：单季度营收创新高 Mini-LED有望带动MOCVD需求回暖,极客网
2021-08-25,业绩猛增，订单饱满！A股半导体设备龙头半年报超预期,Wind
2021-08-25,中微公司上半年净利增233% 新签订单18.89亿元,全景网
2021-08-24,半导体设备商拓荆科技闯关科创板：大基金“加持”成立10年未盈利,每日经济新闻
2021-08-24,华西证券维持中微公司买入评级：Q2业绩增长强劲，刻蚀设备收入大幅提升,每日经济新闻
2021-08-24,【华西电子孙远峰团队-持续推荐中微公司】Q2业绩增长强劲，刻蚀设备收入大幅提升,远峰电子
2021-08-24,晚间重要公告2021年8月24日星期二,Wind
2021-08-24,晚间公告｜8月24日这些公告有看头,第一财经
2021-08-24,中微公司2021年上半年实现净利润3.97亿元，同比大幅增长233.10%,经济观察网
2021-08-24,中微公司(688012.SH)：上半年净利增233.17%至3.97亿元,格隆汇
2021-08-24,中微公司：上半年净利润3.97亿元 同比增233.17%,e公司
2021-08-24,中微公司：上半年净利润同比增长233.17%,Wind
2021-08-23,深度*行业*机械设备行业周报：全球首批管式PECVD异质结电池下线 HJT产业化进程持续加速,新浪
2021-08-23,A股资金流向（8月23日）：赛道股强劲反弹，资金再度高位介入,Wind
2021-08-23,2021Q2海外半导体核心企业业绩解读,吉森电子研究
2021-08-23,电子行业周报：从半导体行业景气度看设备、材料的确定性,新浪
2021-08-23,港股盘前必读：港交所将于10月18日推出MSCI中国A50互联互通指数期货,Wind
2021-08-22,下周操盘攻略：调整是长期布局主线机会,Wind
2021-08-22,啥情况？千亿大牛股被富时罗素踢出群，原因竟是这个！,Wind
2021-08-21,非经常性损益波动大 可立克信披“吞吞吐吐”,上证报
2021-08-20,下周沪深两市1037亿市值限售股解禁,Wind
2021-08-20,A股资金流向（8月20日）：消费白马持续遭抛售，“新神”锂矿再获追捧,Wind
2021-08-20,中信证券：首予中微公司(688012.SH)“买入”评级 目标价221元,智通财经
2021-08-20,中微公司（688012）：半导体设备平台型龙头，技术全球领先,中信证券研究
2021-08-19,A股资金流向（8月19日）：核心赛道股再获追捧，大金融遭抛售,Wind
2021-08-19,可立克：公司间接持有中微公司（688012）的股份，目前投资机构已减持约70% 减持股份,每日经济新闻
2021-08-19,科创板半年报陆续出炉：半导体、新能源火热，北向资金大举加仓,Wind
2021-08-18,这家闯关科创板的半导体设备商有大基金“加持” 如此解释10年未盈利原因,每日经济新闻
2021-08-18,中微公司(688012.SH)115.2908万股归属股票将于8月24日上市流通,智通财经
2021-08-18,电子行业：坚定看好半导体国产替代 关注消费电子结构性机会,新浪
2021-08-17,深度*行业*半导体行业周报：全球半导体设备交付期延长至14个月,新浪
2021-08-17,A股资金流向（8月17日）：超900亿资金离场，权重股多数遭抛售,Wind
2021-08-17,上证科创板新一代信息技术指数正式发布，后市影响几何？,资本邦
2021-08-17,A股分化加剧，4大类外资在持续行动，长远布局正当时,Wind
2021-08-16,电子元件：国产替代：半导体行业发展不变的主旋律,新浪
2021-08-16,陈光明旗下新品狂卖至少110亿，最新投资动向大曝光,Wind
2021-08-16,减持公告砸盘，9股出逃超10亿，42家大额解禁即将来袭,Wind
2021-08-16,通信电子行业周报：高精度位导龙头华测导航迈入自动驾驶时代,光大证券
2021-08-16,民生证券研究周观点,新浪
2021-08-16,电子行业周报：Q3进入电子旺季 行业高景气持续,新浪
2021-08-13,A股资金流向（8月13日）：科技龙头遭集中抛售,Wind
2021-08-12,A股资金流向（8月12日）：“茅族”、“宁族”双双遭抛售,Wind
2021-08-12,国内半导体设备招投标月度数据跟踪第2期(2021年8月)：北方华创设备累计中标数连续增加,光大证券
2021-08-12,11只A股新纳入MSCI中国指数，双创基金占据5席,Wind
2021-08-12,刚刚，MSCI公布最新调整！11只A股进入旗舰指数系列,Wind
2021-08-12,万亿巨头火拼，芯片“大战”升级！A股产业链机会来了？,Wind
2021-08-12,A股投资高手，业绩增长92倍！还有5家将上市,Wind
2021-08-11,深度*行业*半导体新股系列8–格科微：全球CIS龙头 拟自建2万片/月12英寸BSI晶圆后道工序,新浪
2021-08-11,中微公司：公司业务不涉及光刻机,每日经济新闻
2021-08-11,A股资金流向（8月11日）：锂电上游龙头强者恒强,Wind
2021-08-11,半导体设备分支午前走强，华峰测控涨近7%,Wind
2021-08-10,上海区域股市周报：新增1家上市公司 复旦微电跌出板块市值10强,每日经济新闻
2021-08-09,通信电子行业周报：看好通信板块中期行情 半导体波动中掘金,光大证券
2021-08-09,电子信息行业月报：受益政策推动 网络安全行业将持续高景气发展,新浪
2021-08-09,深度*行业*半导体新股系列7–概伦电子：具备国际竞争力的本土EDA企业,新浪
2021-08-09,A股资金流向（8月9日）：市场复刻上周一行情，资金青睐大金融板块,Wind
2021-08-09,电子行业周报：产业趋势向上明确 短期波动不改高景气,新浪
2021-08-08,电子周报：中芯国际中报超预期 继续看好硬科技细分赛道龙头,新浪
2021-08-06,电子行业事件点评：中芯国际Q2业绩超预期 彰显行业高景气,新浪
2021-08-06,IC概念股本周涨跌幅排行：东软载波涨超60%居首，中微公司垫底,搜狐
2021-08-06,瑞松科技：公司与中微公司尚未发生销售和采购业务,每日经济新闻
2021-08-06,A股资金流向（8月6日）：持续利好加持，资金对锂电产业链出现分歧,Wind
2021-08-05,上海区域股市周报：新增4家上市公司 89家机构调研中微公司,每日经济新闻
2021-08-05,A股资金流向（8月5日）：资金快进快出，日内抢筹军工龙头,Wind
2021-08-05,套现近2亿！200亿芯片股被“国家队”大手笔减持,Wind
2021-08-05,8只科创板股获北向资金加仓,证券时报网
2021-08-04,陈光明开始收集子弹了！刚刚调研这些公司,Wind
2021-08-04,A股资金流向（8月4日）：赛道股王者归来，大资金高位加仓,Wind
2021-08-04,可立克：公司间接持有中微公司股份比例不到1%,Wind
2021-08-04,可立克：间接持有中微公司（股票代码：688012）股份比例不到1%,每日经济新闻
2021-08-04,游戏产业将变天？北上积极调仓聚焦两大板块,Wind
2021-08-04,汽车芯片经销商遭立案调查，剑指哄抬炒作价格乱象,Wind
2021-08-03,北上资金不惧调整逆势增仓，三季度重拾传统“大白马”,Wind
2021-08-03,调研记录|中微公司（688012.SH）：正在南昌高新区及上海临港建设新生产基地 目前供应链稳定,智通财经
2021-08-03,蒸发200亿，国产半导体龙头迎巨额减持股价跌停，股民一天亏47万！ 减持股份,凤凰网
2021-08-03,A股资金流向（8月3日）：高切低趋势日渐明朗，新能源产业链集体遭抛售,Wind
2021-08-03,深度*行业*半导体新股系列5-华大九天：国内领先的一站式 EDA服务提供商,新浪
2021-08-03,科创板动态跟踪：上交所举办科创板国际路演 基金逐季增配科创板,新浪
2021-08-03,游戏股崩了！半导体锂电重挫，千亿大白马跌10%,Wind
2021-08-03,中微公司：高性能MiniLED量产用MOCVD设备进度良好,LED在线
2021-08-03,半导体行业火热，中微公司调研报告这样回,资本邦
2021-08-03,半年报透视|神工股份透露重要信息：新订单2月起提升 硅零部件进入国内刻蚀厂供应链,财联社
2021-08-02,存量资金高低切换“就酒吃肉”，A股市场风格短期难言扭转,第一财经
2021-08-02,电子行业研究周报：科技股逆市上扬 光刻胶持续升温,新浪
2021-08-02,A股资金流向（8月2日）：高切低痕迹明显，资金转战超跌价值股,Wind
2021-08-02,中微公司：6月付运了首台8英寸CCP刻蚀设备,证券之星
2021-08-02,银河电子周观点：晶圆代工拟继续涨价 关注板块估值修复机会,新浪
2021-08-02,A股收盘综述：8月开门红，白马股集体回暖,Wind
2021-08-02,半导体突然崩了，茅指数大反攻！2300亿巨头涨停,Wind
2021-08-02,A股午盘综述：上证指数涨1.5%，券商、白酒反弹,Wind
2021-08-01,【中航高端制造周报0731】储能开启下一个千亿市场，持续关注新能源汽车等优质赛道,先进制造观察
2021-08-01,市场震荡：机构借助大宗交易扫货科技成长股 多只热门股被追逐,上证报
2021-08-01,"十二论科创板:再论半导体接棒,兼答三大疑问(浙商策略王杨)",王杨策略研究
2021-07-30,A股共发生156宗大宗交易成交37.46亿元（7月30日）,Wind
2021-07-30,"中微公司现3笔大宗交易 共成交3,959.20万元",新浪
2021-07-30,中微公司今日大宗交易成交19.60万股，成交价202.0元折价12.13%,Wind
2021-07-30,黄金赛道空中加油，逃离“茅指数”追高“宁组合”,Wind
2021-07-30,大基金再度出手！套现千亿芯片巨头20亿,Wind
2021-07-30,连ETF都涨停！万亿巨头有重磅动作，A股后市怎么走,Wind
2021-07-30,权益基金集体“回血”，半导体板块“抢镜”,Wind
2021-07-29,科创板半导体行情高涨 中微公司、芯朋微股东密集减持基金加仓 减持股份,e公司
2021-07-29,A股资金流向（7月29日）：成长股强势反包，资金汹涌抢筹,Wind
2021-07-29,基民嗨了！这只基金躲过了调整，上市就大涨！这个板块更是下跌中逆势创出年内新高,每日经济新闻
2021-07-29,硬科技绽放高成长魅力 科创板国际路演获逾百家境外机构追捧,上证报
2021-07-29,两融余额高位回落，杠杆资金转投低位消费股,Wind
2021-07-28,华为明日发布首款MiniLED智慧屏，二季度多位明星基金经理真金白银关注概念股，且看重仓股有哪些,财联社
2021-07-28,中微公司董事长尹志尧：科创板的示范效应对于落实国家科技强国战略起到极大的促进作用,中证网
2021-07-28,【广发策略戴康团队】科创板：公募基金如何增配“硬科技”—“科创出鞘”系列,新浪
2021-07-28,券商营业部预警，跌破警戒线客户大增6倍！,Wind
2021-07-28,这家券商营业部预警，跌破警戒线客户大增六倍！,Wind
2021-07-28,A股资金流向（7月28日）：资金快进快出，芯片龙头被抛售,Wind
2021-07-28,国家队出手，盯上200亿芯片牛股，开始扫货A股？,Wind
2021-07-28,电子行业点评：半导体引领硬科技 2Q21机构持仓分析,新浪
2021-07-28,大基金又出手！近2亿杀入芯片这一领域,Wind
2021-07-28,这一半导体关键材料板块逆市大涨！大基金又出手了，最新投资名单来了！,财联社
2021-07-28,大基金又出手！近2亿杀入芯片这一领域,中新经纬
2021-07-27,大基金二期再出手！1.8亿投资光刻胶龙头南大光电,证券之星
2021-07-27,大基金又出手了！1.8亿元入股光刻胶龙头子公司 最新投资名单来了,财联社
2021-07-27,芯片股大涨：5000亿巨头20%涨停，科创板大爆发,Wind
2021-07-27,上海证券电子行业日报：OPPO即将发布新品,新浪
2021-07-27,电子行业周报：车规MCU大赛道 国产厂商谁有望突围,国海证券
2021-07-27,电子行业周报：品牌拉动MINI-LED出货 LED产业链价值量提升,新浪
2021-07-26,盘后公告集锦|中微公司：四名股东合计减持1.42%公司股份,财联社
2021-07-26,四天大涨40%！指数大跌不改半导体设备龙头逆市上行，背后各路资金已布局板块,财联社
2021-07-26,晚间重要公告2021年7月26日星期一,Wind
2021-07-26,7月26日珀莱雅、中微公司等10家公司公告出现利空,证券之星
2021-07-26,“宁组合”受追捧，如何搭建“宁FOF”？,养基司令
2021-07-26,"中微公司现4笔大宗交易 共成交15,091.22万元",新浪
2021-07-26,不平凡的7月：茅台新低股指尽墨，4成个股却上涨,Wind
2021-07-26,中微公司(688012.SH)：减持期过半悦橙投资等股东累计减持869.93万股 减持股份,格隆汇
2021-07-26,中微公司：四位股东共减持约869万股，减持计划时间过半 拟减持股份,每日经济新闻
2021-07-26,中微公司(688012.SH)悦橙投资等股东减持时间已过半 减持股份,智通财经
2021-07-26,中微公司：悦橙投资等股东合计减持1.42%股份,Wind
2021-07-26,深度*行业*半导体新股系列4-拓荆科技：主导PECVD、SACVD、ALD等薄膜沉积设备国产化,新浪
2021-07-26,A股收盘综述：消费、金融全线杀跌，芯片股尾盘暴拉,Wind
2021-07-26,Miniled板块午后全线爆发，瑞丰光电3日2板,Wind
2021-07-26,A股早报2021年7月26日星期一,Wind
2021-07-23,点金科创板 | 华龙证券赵海宏：中微公司短线勿追高,上游新闻
2021-07-23,透视大宗交易：7月23日共成交99笔，中微公司成交2.12亿元,每日经济新闻
2021-07-23,信达证券：首予中微公司(688012.SH)“买入”评级 业绩稳健增长 半导体业务占比持续提高,智通财经
2021-07-23,A股资金流向（7月23日）：市场情绪低迷，白酒、医药股遭大幅抛售,Wind
2021-07-23,中微公司：公司目前业务不涉及ALP设备,每日经济新闻
2021-07-23,【行情】MiniLED板块短线拉升，联得装备涨停，瑞丰光电涨超7%，同兴达、中微公司、北京君正等跟涨,金十数据
2021-07-23,科创板科创力排行榜发布 智慧芽评估模型破解科创力评估难题,凤凰网
2021-07-23,智能制造行业深度报告：MINILED系列专题报告(二),新浪
2021-07-23,A股早报2021年7月23日星期五,Wind
2021-07-23,智通A股龙虎榜统计|7月22日,智通财经
2021-07-23,【金财富早知道】2021-07-23,赢家之星
2021-07-22,中微公司涨逾15% 三机构合计买入6.5亿元,e公司
2021-07-22,龙虎榜|中微公司收涨15.76%三机构合计买入6.5亿元,财联社
2021-07-22,"中微公司现20笔大宗交易 共成交23,654.82万元",新浪
2021-07-22,中微公司今日大宗交易成交59.80万股，成交价174.0元折价8.9%,Wind
2021-07-22,3000亿药茅惨烈跌停、贾跃亭又要上市、白酒大跌,Wind
2021-07-22,A股资金流向（7月22日）：资金持续减仓白酒、医药等消费龙头,Wind
2021-07-22,基金二季报重仓股调查：仓位稳中有升，增配三大行业,Wind
2021-07-22,A股收盘综述：两市成交超1.3万亿元，新能源车产业链热度不减,Wind
2021-07-22,Miniled板块午后井喷，瑞丰光电20%涨停,Wind
2021-07-22,【行情】半导体芯片股午后持续拉升，全志科技、鼎龙股份、中微公司、华灿光电、精测电子、华工科技等十余股涨停或涨幅超10%,金十数据
2021-07-22,解盘：百亿资金流入，光刻胶、挖掘机、锂矿领涨,Wind
2021-07-22,Miniled板块午前再度冲高，中微公司涨超10%,Wind
2021-07-22,半导体概念股午前拉升，全志科技涨超16%,Wind
2021-07-22,【行情】半导体芯片股持续拉升走强，全志科技、银河微电、华灿光电、中颖电子等多股涨超10%，科威尔、康强电子、光力科技、中微公司等均大幅走高,金十数据
2021-07-22,上证科创板新一代信息技术指数正式发布，后市影响几何？,资本邦
2021-07-22,基金顶流压轴出场！仓位新低、重仓换血，未来咋走？,Wind
2021-07-21,行业动态点评：周期上行叠加新应用落地放量有望推动LED板块盈利加速改善,新浪
2021-07-21,智慧芽发布科创板科创力排行榜：中芯国际居首，金山办公、奇安信、安恒信息上榜20强,零壹财经
2021-07-21,A股资金流向（7月21日）：新能源产业链卷土重来，消费电子遭抛售,Wind
2021-07-21,【行情】半导体芯片股午后继续拉升，高测股份、北方华创、芯源微、国科微、敏芯股份等近20股涨幅超10%，中微公司、北京君正、东尼电子、和林微纳等集体大涨,金十数据
2021-07-21,重仓股大“换血”！顶流基金经理最新布局思路曝光,Wind
2021-07-20,电子行业周报：台积电2021Q2业绩解读及2021Q3展望,国海证券
2021-07-20,A股资金流向（7月20日）：资金趋向谨慎，行业龙头仍有溢价,Wind
2021-07-20,电子周报：台积电上修全年半导体展望；小米Q2全球份额首次第二,新浪
2021-07-20,高端制造行业周报：绍兴中芯进入IPO辅导期 二期扩产前道制程设备国产化率有望进一步提高;全球产能周期共振 中国锂电设备龙头将迎来新一轮成长期,新浪
2021-07-20,刘格菘仓位仍超90%、萧楠大幅增持银行股,Wind
2021-07-20,机械设备行业第29周周报：工程机械“十四五”发展规划出台 看好锂电设备需求空间,国海证券
2021-07-19,萧楠、刘格菘、黄兴亮二季报出炉：银行、制造、成长各有所爱,澎湃新闻
2021-07-19,顶流基金经理最新重仓股大曝光，狂买这些股！,Wind
2021-07-19,明星基金经理第一重仓股抢先看！刘格菘、萧楠、黄兴亮、陈一峰二季度已这样大调仓,财联社
2021-07-19,北向资金今日净买入近44亿元，持续加仓白酒、医药股,Wind
2021-07-19,电子元件行业周报：为什么说光学是不可多得的好赛道,新浪
2021-07-19,A股资金流向（7月19日）：资金避高就低，医药、白酒龙头重获资金青睐,Wind
2021-07-19,电子行业周报：后摩尔时代 看好第三代半导体战略发展机遇,新浪
2021-07-19,深度*行业*机械设备行业周报机械设备行业周报：重视半导体量测设备赛道：上海精测交付首台OCD、REVIEW SEM设备,新浪
2021-07-19,电子行业周报：多政策支持半导体发展 持续看好国产替代,新浪
2021-07-17,下周1549亿市值限售股解禁，环比增加51.33% 解禁,Wind
2021-07-16,点金科创板 | 华龙证券赵海宏：中微公司近期有解禁需谨慎 解禁,上游新闻
2021-07-16,华亚智能：北方华创和中微公司是公司的客户,Wind
2021-07-16,A股资金流向（7月16日）：新能源龙头连遭抛售，军工股获避险资金青睐,Wind
2021-07-16,国家大基金投资路径进行时：一期减持动作不断有序退出，二期募资超2000亿布局投资步伐逐渐全面提速,金融界
2021-07-16,北向资金动向盘点：交易大转弯，重点还是“金融、新能源车”,Wind
2021-07-16,国家大基金为第一大股东 半导体设备商拓荆科技冲刺科创板,中证网
2021-07-15,机械设备行业第27周周报：看好工控行业成长性 工程机械企业具备提升空间(推荐),国海证券
2021-07-15,大基金青睐的中微公司 为何获高盛调低评级？ 投资评级恶化,新浪
2021-07-15,A股资金流向（7月15日）：白酒、金融获资金青睐，比亚迪连续遭大幅抛售,Wind
2021-07-15,10只科创板股获北向资金减仓,证券时报网
2021-07-14,中微公司：约206.83万股将于7月22日解禁 解禁,每日经济新闻
2021-07-14,中微公司(688012.SH)：206.83万股限售股将于7月22日起上市流通 解禁,智通财经
2021-07-14,半导体板块回暖，行业迎重磅利好，关注三大成长主线,第一财经
2021-07-14,深度*行业*半导体新股解读系列2：屹唐股份：拥有全球最顶尖客户 产品进入最先进制程,新浪
2021-07-13,大基金为第一大股东 拓荆科技拟募10亿冲刺科创板,e公司
2021-07-13,电子行业周报：景气周期+成长主线 持续看好半导体板块行情,新浪
2021-07-13,电子周报：关注半导体公司中报,新浪
2021-07-13,A股资金流向（7月13日）：业绩成为市场“试金石”，芯片股“掉队”遭抛售,Wind
2021-07-13,公募机构积极参与定增项目，半导体、医药行业火热,资本邦
2021-07-13,背靠大基金、中微公司拓荆科技谋求科创板IPO能否摆脱业绩亏损?,资本邦
2021-07-12,拓荆科技“叩门”科创板 大基金携中微公司重金“押宝”,上证报
2021-07-12,刚刚！大基金又出手：拟减持年内翻倍芯片股，却有这些新布局！机构：最看好这些标的 拟减持股份,证券时报网
2021-07-12,中微公司VS北方华创：起底半导体设备双雄的“专利基本面”,锦缎
2021-07-12,公募基金“抢食”定增项目,新浪
2021-07-11,【中航高端制造周报0711】半导体产业资本密集度提高凸显设备需求成长性，设备公司或迎盈利和估值双重提升；锂电龙头订单或超预期,先进制造观察
2021-07-11,热钱涌入半导体板块，“缺芯潮”将持续多久？,Wind
2021-07-11,股民周末不休！国家大基金出手，抛2100万股减持计划！,Wind
2021-07-09,中微公司：俞信华申请辞去公司第一届监事会监事职务 董监高成员变化,每日经济新闻
2021-07-09,中微公司(688012.SH)拟用不超80亿元闲置募集资金进行现金管理,智通财经
2021-07-09,中微公司(688012.SH)：俞信华申请辞去监事职务 董监高成员变化,智通财经
2021-07-09,中微公司：监事俞信华辞职 董监高成员变化,Wind
2021-07-09,中微公司：拟使用额度不超80亿元闲置募集资金进行现金管理,Wind
2021-07-09,A股资金流向（7月9日）：锂电上游材料龙头获资金重金押注,Wind
2021-07-09,反转！这些行业已恢复至疫情前水平！,Wind
2021-07-08,二级市场太震荡 定增股被多家公募“抢着买”,新浪
2021-07-08,科创板平均股价48.30元，20股股价超300元,证券时报网
2021-07-08,A股资金流向（7月8日）：新能源龙头持续吸金，金融、白酒遭抛售,Wind
2021-07-08,巨丰收评：沪指跌0.79% 军工航天概念股领涨,巨丰财经
2021-07-08,【安信食品】妙可蓝多：Q2平稳过度，净利率持续提升,北外滩食饮俱乐部
2021-07-08,中芯国际概念走强 全志科技涨超10%,中证网
2021-07-08,上调评级至买入策略选股（7月8日）,Wind
2021-07-08,科创板股融资融券余额每日变动（7月7日）,证券时报网
2021-07-08,52股获券商买入评级，万科A目标涨幅达68.14%,Wind
2021-07-08,安信研究|晨会在线20210708,安信证券研究
2021-07-08,【机械-李哲】中微公司：定增落地站上全新起点，未来征程是“芯”辰大海,安信证券研究
2021-07-07,南方中小盘成长股票型证券投资基金限制大额申购、定投和转换转入业务的公告,证券时报
2021-07-07,A股资金流向（7月7日）：新能源产业链强者恒强，龙头股获抢筹,Wind
2021-07-07,【国盛量化-电子】掘金ETF：芯片全产业链景气详解——汇添富中证芯片产业ETF投资价值分析,留富兵法
2021-07-07,安信证券：中微公司(688012.SH)国内刻蚀设备龙头，目标价185.12元，上调至“买入-A”评级,智通财经
2021-07-07,90家半导体企业拟A股IPO，国家大基金、比亚迪、高瓴等纷纷入局,Wind
2021-07-07,流动性观察：不惧资金扰动 布局景气成长,新浪
2021-07-07,150只科创板股融资余额环比增加,证券时报网
2021-07-07,朱少醒等基金经理杀入3倍大牛股！傅鹏博也有新动作,Wind
2021-07-07,电子行业周报：Q2业绩确定高增 展望Q3景气有望持续,新浪
2021-07-07,半导体行业中期年度报告：全球半导体通膨下的机会及风险,国金证券股份有限公司
2021-07-07,高盛下调部分A股泛科技概念股评级,Wind
2021-07-07,工银瑞信基金管理有限公司关于旗下基金投资中微公司非公开发行股票的公告,中证报
2021-07-07,关于南方誉隆一年持有期混合型证券投资基金2021年非港股通交易日申购安排的公告,中证报
2021-07-06,A股与港股行业首选：2021年7月,新浪
2021-07-06,调研记录|中微公司（688012.SH）：目前供应链稳定 在手订单饱满,智通财经
2021-07-06,华为杀入“最火赛道”，又一半导体新星冲击A股，什么信号？,Wind
2021-07-06,又挖出一个高景气度行业，上半年盈利能力惊人！,Wind
2021-07-06,高景气板块领涨A股，北向资金回流近60亿元,Wind
2021-07-05,大手笔！全球顶级资本争相入局！“卡脖子”破局者迎来重大机遇！| 檀市场,网易
2021-07-05,【华西电子孙远峰团队-持续推荐中微公司】定增落地，助力研发投入与产能扩充,远峰电子
2021-07-05,华西证券维持中微公司买入评级：定增落地，助力研发投入与产能扩充,每日经济新闻
2021-07-05,半导体设备景气度攀升 大基金二期首现A股定增市场秀“点金”效应,e公司
2021-07-05,大基金屡屡出手！芯片股爆发！滴滴事件余波未了，这个板块涨至年内最高点,e公司
2021-07-05,短期涨价和中报业绩预增背景下，关注顺周期板块,新浪
2021-07-05,大基金、高毅定增，中微公司有哪些看点？,格隆汇
2021-07-05,中微公司(688012.SH)股东悦橙投资及其一致行动人合计减持0.55%股份 持股降至5%以下 减持股份,智通财经
2021-07-05,中微公司(688012.SH)：悦橙投资及其一致行动人持股比例由5.55%减至4.9999%,格隆汇
2021-07-05,中微公司：悦橙投资及其一致行动人减持0.55%公司股份 减持股份,Wind
2021-07-05,A股资金流向（7月5日）：资金大幅流入锂电上游行业,Wind
2021-07-05,大基金25亿元入局中微公司定增，中微开盘大涨10%,新浪
2021-07-05,中微公司募资逾82亿元，大基金25亿入局,新浪
2021-07-05,“国家队”25亿投资中微公司 姚中元：中报点燃科技 关注超预期方向,第一财经
2021-07-05,中微公司：大基金入主代表产业基金意见 政策利好程度要看实际落地情况 丨公司问答,第一财经
2021-07-05,电子行业周报：汽车电动化何以重塑功率器件行业价值,国海证券
2021-07-05,量价齐升！锂电、芯片板块全线爆发,Wind
2021-07-05,中微公司定增落地，募资82亿元扩大产能,LED在线
2021-07-05,一线机构定增“抢筹”再现，中微公司获“国家队”25亿认购！,环球老虎财经
2021-07-05,双创基金(159783)午盘收涨超0.82%，换手率高达19.99%,资本邦
2021-07-05,中微公司：半导体行业处于高景气度周期 目前公司在手订单饱满,上海有色
2021-07-05,中银国际：中微公司（688012.SH）82亿元定增落地，维持“买入”评级,智通财经
2021-07-05,电子再度走强！中微公司涨超8%领衔板块，电子ETF（515260）涨超2%,资本邦
2021-07-05,半导体芯片股表现强势 中微公司涨逾10%,上证报
2021-07-05,定增获大基金认购 中微公司早盘大涨超12%,e公司
2021-07-05,科创50涨幅扩大至2%，中微公司大涨12%,Wind
2021-07-05,【行情】中微公司涨幅扩大至10%，此前获大基金二期25亿元入股,金十数据
2021-07-05,中微公司高开近5%,Wind
2021-07-05,重磅文件出炉，芯片行情继续火爆？“国家队”25亿投资中微公司,券商中国
2021-07-05,电子行业周报：晶圆厂满载 CAPEX上修 设备材料迎国产化黄金机遇,新浪
2021-07-05,理想汽车6月新增订单创历史新高；马斯克：全自动驾驶套件9测试版很快将发布；中微公司定增获多家知名机构认购,每经头条
2021-07-05,3倍芯片大牛股净利增12倍，更有重磅文件下发，什么信号？,Wind
2021-07-04,【金财富早知道】2021-07-05,赢家之星
2021-07-04,中微公司定增获大基金认购 扩产提升行业景气度,e公司
2021-07-04,半导体行业月度深度跟踪：行业景气业绩兑现 关注AIOT智能化浪潮,新浪
2021-07-03,高毅定增中微公司背后：“聪明的”千亿私募巨头还新进5股,财联社
2021-07-03,国产半导体刻蚀机设备龙头中微公司的定增情况出炉,金十数据
2021-07-03,大基金25亿入局中微公司定增，持续加码芯片设备等关键环节,第一财经
2021-07-03,"重磅信号！""国家队""出动，25亿加码这家半导体设备龙头，更有一众明星机构跟投，投资重点正在转移？",证券之星
2021-07-03,大基金、高毅同时抢筹！半导体龙头中微公司定增结果出炉,Wind
2021-07-03,大基金、高毅同时抢筹！半导体龙头中微公司定增结果出炉,证券时报
2021-07-03,中微公司定增收官 大基金二期获配25亿元,上证报
2021-07-03,为了半导体！刚刚，国家大基金再出手，25亿入股800亿巨头！私募大佬邓晓峰也行动了,中国基金报
2021-07-02,中微公司：大基金二期认购公司定增25亿元,上证报
2021-07-02,中微公司：募资总额82.1亿元 大基金二期获配25亿元,中证网
2021-07-02,科创板晚报|滴滴遭网络安全审查大基金25亿元入局中微电子,财联社
2021-07-02,中微定增募资82亿元，大基金二期等20家机构参与认购,澎湃新闻
2021-07-02,晚间重要公告2021年7月2日星期五,Wind
2021-07-02,大基金25亿入局！半导体刻蚀设备龙头豪华定增团揭晓，高毅也来了,财联社
2021-07-02,国盛证券首予中微公司买入评级：刻蚀+MOCVD龙头，内生外延协同打造设备平台,每日经济新闻
2021-07-02,电子行业2021年中报业绩展望：半导体持续景气 消费电子阶段承压,新浪
2021-07-02,中微公司(688012.SH)定增结果出炉：国家大基金二期获配25亿元工银瑞信、GIC、中金等在列,格隆汇
2021-07-02,中微公司：向特定对象发行A股股票总数量约8023万股,每日经济新闻
2021-07-02,中微公司：增发新增股份约8023万股,每日经济新闻
2021-07-02,中微公司披露定增结果：大基金二期获配25亿元,财联社
2021-07-02,中微公司发布定增情况报告书：共募资82.1亿元，大基金二期获配25亿元,Wind
2021-07-02,中微公司：嘉兴悦橙投资等减持0.16%公司股份 减持股份,Wind
2021-07-02,中微公司(688012)：刻蚀+MOCVD龙头 内生外延协同打造设备平台,新浪
2021-07-02,【解读】超80亿定增落地，获大基金加持，半导体设备龙头稳了,财华社
2021-07-02,A股资金流向（7月2日）：小金属板块获资金入驻，权重股多被抛售,Wind
2021-07-01,电子行业2021年三季度投资策略：半导体持续重点推荐 消费电子看好下半年苹果链确定性,新浪
2021-07-01,A股资金流向（7月1日）：银行、地产获资金回流,Wind
2021-07-01,电子行业动态点评：基础电子元器件产业政策再梳理,新浪
2021-06-30,科创50涨幅扩大至2%，续创年内新高,Wind
2021-06-29,半导体行业跟踪：缺货潮未见缓解迹象 Q2持续高景气度,新浪
2021-06-28,深度*行业*半导体行业周报：国内半导体多点开花 但龙头开启平台化趋势,新浪
2021-06-28,机械设备行业周报：多类芯片新需求叠加 半导体设备供不应求,新浪
2021-06-28,电子行业每周市场动态追踪：看好半导体的短中长期大逻辑 消费电子迎布局时点,新浪
2021-06-28,A股资金流向（6月28日）：短线热门股遭资金抛售,Wind
2021-06-28,三季度A股公司共被1313家机构调研，前三季度有772家机构盯上这家公司,亿欧网
2021-06-28,中微公司发布用于高性能Mini-LED量产的MOCVD设备PrismoUniMax?,维库电子市场
2021-06-28,和讯SGI指数一季度TOP30出炉！福昕软件、中微公司等跌出榜单,和讯
2021-06-28,【银河晨报】6.28丨策略：7月成长大于估值，看好涨价资源、中国优势制造和科技,中国银河证券研究
2021-06-28,【银河科创板吴砚靖/邹文倩/李璐昕】行业动态 2021.5丨科创板整体估值处于历史低位，多因素利好配置环境,中国银河证券研究
2021-06-25,5只科创板股获北向资金增持超3000万元,证券时报网
2021-06-24,翱捷科技溢价2.5亿元收购资不抵债标的，否认关联收购遭“打脸” 偿债能力下降,新浪
2021-06-24,A股资金流向（6月24日）：资金暂离科技股，光伏、金融获流入,Wind
2021-06-23,A股资金流向（6月23日）：新能源车龙头获青睐，白酒股集体遭抛售,Wind
2021-06-23,中微公司：目前公司正按照计划进行定增的相关工作,Wind
2021-06-23,中微公司(688012)：高性能MINI LED设备量产 公司将充分享受行业红利,新浪
2021-06-23,国泰君安：推动整合、协同发展，实现半导体EDA软件与设备的“自主可控”,证券之星
2021-06-22,群益证券给予中微公司买进(Buy)评级：高性能MiniLED设备量产，公司将充分享受行业红利,每日经济新闻
2021-06-22,深度*行业*半导体行业周报：长期看数字化叠加芯片安全 短期看芯片缺货加速国产化,新浪
2021-06-22,2021下半年电子行业投资策略：5G产业强者恒强 聚焦国产化,新浪
2021-06-22,A股资金流向（6月22日）：周期股获资金回流，科技题材龙头遭抛售,Wind
2021-06-22,电子元件：AR 下一个蓝海,新浪
2021-06-22,2只科创板股获北向资金减持超千万元 减持股份,证券时报网
2021-06-22,科技主线持续发酵，科创50指数创今年来新高,Wind
2021-06-21,科创板创近1年新高 北上资金逆市增持,e公司
2021-06-21,A股资金流向（6月21日）：牧原股份、格力电器连遭资金抛售,Wind
2021-06-21,电子行业周报：我们为什么强烈推荐核心半导体设备和材料,国海证券
2021-06-21,电子元器件行业2021年第25周：半导体仍是短期基本面占优板块,新浪
2021-06-21,【太平洋机械】机械行业周报20210620：半导体行业景气较高，看好相关设备表现,太平洋机械大讲堂
2021-06-21,国海证券：缺芯”大背景下，半导体核心设备和材料企业将充分受益,证券时报网
2021-06-20,板块指数单日暴涨8%！20家第三代半导体公司集体归来背后原因拆解,财联社
2021-06-20,机械设备行业跟踪周报：锂电半导体设备稀缺性已现 刀具龙头涨价行业持续高景气,新浪
2021-06-20,先进制造行业周报-氢能乘用车变局：本田放手 捷豹路虎挺进,新浪
2021-06-19,机械一周解一惑(6)：半导体大基金投资地图解析,新浪
2021-06-18,电子设备、仪器和元件周报：种植业的“人造太阳”：LED产业链再成长,新浪
2021-06-18,A股资金流向（6月18日）：新能源车龙头获抢筹，白酒股遭抛售,Wind
2021-06-18,半导体行情归来，这些公司的门槛早已被机构踏破,Wind
2021-06-18,半导体设备Q1大增51%，订单饱满供不应求,金融界
2021-06-18,A股早报2021年6月18日星期五,Wind
2021-06-18,中银证券维持中微公司买入评级：首台8英寸CCP刻蚀设备顺利付运，正式发布高性能Mini-LED量产用MOCVD设备,每日经济新闻
2021-06-17,芯片持续供不应求，半导体指数大涨8%！资金大举入场抢筹，游资最能买？,财联社
2021-06-17,中国科大将与中微公司共建“中微半导体集成电路英才班”,IT之家
2021-06-17,龙虎榜|中微公司收涨16.47%一机构买入1.425亿元,财联社
2021-06-17,机构今日买入这18股，卖出科蓝软件9773万元丨龙虎榜,第一财经
2021-06-17,深度*公司*中微公司(688012)：首台8英寸CCP刻蚀设备顺利付运 正式发布高性能MINI-LED量产用MOCVD设备,新浪
2021-06-17,半导体满屏涨停，除了缺芯还有一利好已提前释放,Wind
2021-06-17,A股资金流向（6月17日）：芯片板块疯狂“吸金”，龙头股获抢筹,Wind
2021-06-17,A股千亿赛道突然启动，外围传出重磅利好！行情来了？,Wind
2021-06-17,科创50指数涨幅扩大至4%，芯片股全线爆发,Wind
2021-06-17,【牛人重仓】中微公司:盘中涨幅超15%，北向资金持股425.1万股，融资余额99143.8万元；前3个交易日，北向资金增持176.15万股，融资额增加5384.45万元，主力资金净流入-37799.89万元,每日经济新闻
2021-06-17,中微公司发布用于高性能Mini-LED量产的MOCVD设备PrismoUniMax?,财联社
2021-06-17,中微公司发布用于高性能MiniLED量产的MOCVD设备,财联社
2021-06-16,智能制造行业2021年中期策略报告：需求复苏与成本上升共振 关注国产替代和技术迭代受益标的,新浪
2021-06-16,电子行业周报：继续强调半导体投资主线 产能为王+IOT芯机遇,新浪
2021-06-16,龙头三个月股价翻倍，多股创新高！这个板块集体爆发,Wind
2021-06-16,机械行业周报：新能源成为自动化企业开拓重点,新浪
2021-06-16,杰富瑞：上调中微公司和北方华创评级,格隆汇
2021-06-16,中信建投：国内半导体设备企业进入订单、业绩整体收获期,证券时报网
2021-06-16,中信建投：2020年行业高景气周期延续，半导体设备企业业绩多高速增长,第一财经
2021-06-15,中微公司首台8英寸CCP刻蚀机PrimoAD-RIE200顺利付运,IT之家
2021-06-15,北向资金今日净卖出逾51亿元，药明康德、紫金矿业净卖出额均创新高,Wind
2021-06-15,A股资金流向（6月15日）：主板两只新股疯狂“吸金”,Wind
2021-06-15,中微公司(688012)：外部影响减弱 持续看好半导体设备需求,新浪
2021-06-15,中微公司ICP刻蚀设备Primonanovareg;第100台反应腔顺利交付,半导体协会
2021-06-15,机械设备行业第24周周报：工业机器人有望持续高景气 挖掘机国内外市场“冰火”两重天,国海证券
2021-06-15,机械行业2021年中期投资策略：沐浴制造复苏 布局产业成长,新浪
2021-06-14,科创板董事长学历大起底,国际金融报
2021-06-13,北上资金最新调仓名单出炉，这些股被连续7周猛烈扫货,Wind
2021-06-11,上海区域股市周报：新增1家上市公司 105家机构调研中微公司,每日经济新闻
2021-06-11,A股资金流向（6月11日）：新能源、疫苗龙头获资金回流,Wind
2021-06-11,52家公司获海外机构调研,证券时报网
2021-06-11,百元股数量达163只，一日增加5只,证券时报网
2021-06-11,晨会聚焦210611重点关注涂鸦智能的关键问题解析,国信研究
2021-06-11,A股融资融券日报：两融余额增加67.59亿元（6月10日）,Wind
2021-06-11,北向资金动向盘点：净买入68亿元，电力新能源占46.6%,Wind
2021-06-10,【半导体投资日报】大基金减持国科微，北京君正控股股东质押214万股，机构称设备企业短中长期均迎成长机遇 减持股份,新浪
2021-06-10,A股资金流向（6月10日）：资金撤离白酒股，转投新能源龙头,Wind
2021-06-10,八大券商主题策略：国产软件进入新的景气周期？华为产业链受益公司名单曝光,中金在线
2021-06-10,中微公司ICP刻蚀设备Primonanova第100台反应腔交付,财联社
2021-06-10,科创板行情下机构投资新风向：前期超跌引掘金，布局未来核心资产,Wind
2021-06-10,晨会聚焦210610重点关注固定收益专题,国信研究
2021-06-10,10只科创板股获北向资金加仓,证券时报网
2021-06-09,【繁微另类数据】基于移动大数据的上市公司金融活动指数的选股应用,东证衍生品研究院
2021-06-09,浦东新区A股资本版图：123家上市公司，市值超4万亿，生物医药占上海半壁江山,时代周报
2021-06-09,半导体景气风向标：旺季将至 景气持续,新浪
2021-06-09,半导体产业景气度仍将持续,大众证券报
2021-06-09,晨会聚焦210609重点关注培育钻石行业、再生铝行业、元宇宙专题、机械行业,国信研究
2021-06-08,A股资金流向（6月8日）：白酒股巨量杀跌，资金大幅出逃,Wind
2021-06-08,海外半导体封测业停摆，券商建议关注国内厂商，这些标的获推荐,第一财经
2021-06-08,深度*行业*机械设备行业周报：重视万物互联时代下装备制造升级的历史机遇,新浪
2021-06-08,两市百元股数量达159只，科创板股票占38.36%,证券时报网
2021-06-07,高考有多重要？来看看科创板上市公司董事长们的学历,国际金融报
2021-06-07,高考有多重要？科创板上市公司董事长2/3都是研究生 初中生也有,IPO日报
2021-06-07,机械行业一周解一惑(4)：如何看待下半年半导体设备投资机会,新浪
2021-06-07,电子元件：鸿蒙OS2.0发布 AIOT发展加速,新浪
2021-06-07,A股资金流向（6月7日）：芯片股获资金抢筹，新能源龙头遭抛售,Wind
2021-06-07,A股午盘综述：上证指数跌0.21%，资金热炒半导体产业链,Wind
2021-06-07,半导体板块飙涨，有芯片价格涨至5倍，行业供需格局或仍趋紧丨牛熊眼,第一财经
2021-06-07,半导体板块高开高走，北方华创冲击涨停,Wind
2021-06-07,媒体热炒“芯片荒”，半导体板块连续拉升,Wind
2021-06-07,券商晨会观点速递,第一财经
2021-06-07,中金：高质量发展大潮中的科创板,中金点睛
2021-06-06,【太平洋机械】机械行业周报20210606：光伏SNEC在上海召开，行业新技术持续迭代,太平洋机械大讲堂
2021-06-06,【兴证电子】周报：继续看好半导体设备和材料，产能释放+制程跃迁，元器件景气度将再次上行,兴证电子谢恒团队
2021-06-04,A股资金流向（6月4日）：面板、光伏龙头持续遭资金抛售,Wind
2021-06-04,国产半导体龙头股票 国产半导体龙头股票有哪些？,至诚财经
2021-06-04,半导体设备及材料中期策略：国产链加速起航 长期成长性可期,新浪
2021-06-04,国盛证券：半导体行业国产链加速起航，长期成长性可期,证券时报网
2021-06-04,订单爆满！国产半导体设备“卖断货” 产品交货期普遍延长,上证报
2021-06-04,需求大到卖断货 国产半导体装备产业步入黄金时期,上证报
2021-06-03,中银证券：5月金股组合盈利5.51% 6月荐股名单出炉,新浪
2021-06-03,市场转暖险资仓位总体或已提升 5月扎堆调研“热搜股”妙可蓝多,财联社
2021-06-03,LED复苏信号明确，涨价趋势仍在延续,Wind
2021-06-03,LED复苏信号明确 涨价趋势仍在延续,全景网
2021-06-02,调研记录|中微公司（688012.SH）：正在研发下一代ICP刻蚀的芯片及设备,智通财经
2021-06-02,中微公司：今年上半年LED行业的复苏信号越来越明显|公司问答,第一财经
2021-06-02,设备龙头股票 设备龙头股票有哪些？,至诚财经
2021-06-02,A股资金流向（6月2日）：资金大幅出逃，医药板块成“重灾区”,Wind
2021-06-02,中微公司：积极布局用于Mini/Micro LED生产的MOCVD设备,LED在线
2021-06-02,晨会聚焦210602重点关注现代牙科、商贸零售、机械、海外教育、港股、房地产、白酒、拓邦股份、洋河股份、美团,国信研究
2021-06-02,晶圆厂资本开支上行，关注设备和材料国产化机会,招商证券
2021-06-02,中微公司：公司MOCVD设备已在氮化镓基LED领域取得领先优势,Wind
2021-06-02,持续涨价！设备龙头反弹增长！这个行业释放复苏信号！,e公司
2021-06-01,高端制造与科技行业2021年中期投资策略：聚焦数字化和进口替代 优选估值与成长匹配的标的,新浪
2021-06-01,A股资金流向（6月1日）：周期股重获资金青睐，券商龙头遭抛售,Wind
2021-06-01,A股收盘综述：上证指数6月开门红，三胎板块走俏、周期股强力反弹,Wind
2021-06-01,A股万亿巨头被下调评级，立马大跌！更有33秒涨停砸跌停,Wind
2021-06-01,中微公司发布2021年5月投资者调研报告,Ofweek
2021-05-31,A股资金流向（5月31日）：新能源龙头获资金加持，家电双龙头齐遭抛售,Wind
2021-05-31,电子行业周报：三大角度分析LCD面板能否变成弱周期行业？,国海证券
2021-05-31,机械设备行业周报：量产HJT技术日趋成熟 关注出口链投资机会,新浪
2021-05-31,电子行业周报：半导体景气持续业绩确定 面板价格保持上升,华安证券
2021-05-31,机械设备行业第22周周报：HJT产业化拉开大幕 检测行业具备成长性,国海证券
2021-05-30,【兴证电子】周报：半导体设备材料进入快速成长周期,兴证电子谢恒团队
2021-05-30,半导体行业报告：5G持续落地+国产替代加速 看好前瞻布局射频前端滤波器核心技术相关标的,新浪
2021-05-28,传说中年终奖7000万元的基金经理 居然也在为学区房发愁,新浪
2021-05-28,中银证券--机械设备：Applied Materials 21Q2业绩点评及电话会议纪要-处于最大数字化变革浪潮早期，半导体行业及设备行业迎来最强劲和持续增长【行业研究】,金融界股吧
2021-05-27,科技股卷土重来，这些绩优滞涨股有望成新宠（名单）,Wind
2021-05-27,【华西电子孙远峰团队】中微公司*系列一张图②-持续推荐,远峰电子
2021-05-27,A股资金流向（5月27日）：资金大幅涌入芯片龙头股,Wind
2021-05-27,Mini LED背光需求有望爆发，相关产业链投资机会正当时？,第一财经
2021-05-27,和讯SGI公司|中微公司SGI分数稳步提升 登上和讯SGI总榜单TOP30及新技术榜单TOP10,和讯
2021-05-27,抢滩科技创新领域，第二批“双创指数”ETF上报,Wind
2021-05-26,中银证券维持中微公司买入评级：推动ICP刻蚀销量增长，组建Epi/LPCVD开发团队,每日经济新闻
2021-05-26,深度*公司*中微公司(688012)：推动ICP刻蚀销量增长 组建EPI/LPCVD开发团队,新浪
2021-05-26,中银国际：中微公司（688012.SH）推动ICP刻蚀销量增长，维持“买入”评级,智通财经
2021-05-26,A股资金流向（5月26日）：沪强深弱态势明显，创蓝筹遭资金抛售,Wind
2021-05-26,券商首次关注3股并给予买入评级（5月26日）,Wind
2021-05-26,18股获券商买入评级 浙商中拓目标涨幅达59.18%,Wind
2021-05-26,电子元器件周报：大尺寸面板周期属性有望弱化 半导体硅片厂商同比增速提速,新浪
2021-05-25,A股资金流向（5月25日）：资金集体涌入大金融板块,Wind
2021-05-25,国金证券：中微公司（688012.SH）从点到面的半导体设备玩家，首予“买入”评级,智通财经
2021-05-25,太平洋--机械行业周报：叉车、工业机器人继续高增长，制造业投资持续超预期【行业研究】,金融界股吧
2021-05-25,【天风Morning Call】晨会集萃20210525,天风研究
2021-05-24,北向资金加仓7只科创板股,证券时报
2021-05-24,未来5年最具潜力的4大半导体龙头盘点，半导体国产化替代加速,电子产品世界
2021-05-24,晨会聚焦210524重点关注社会服务、海外银行、传媒、医药、卓胜微,国信研究
2021-05-23,【高端制造周报0523】新能源汽车轻量化趋势明显，压铸机头部企业有望受益,先进制造观察
2021-05-22,“缺芯”调查：中下游电子厂“有单接不了” 4S店进口车延迟交付,Wind
2021-05-21,A股资金流向（5月21日）：医药龙头集体遭抛售,Wind
2021-05-21,光大证券--半导体4月跟踪报告：半导体2020及21Q1业绩靓丽，景气高企【行业研究】,金融界股吧
2021-05-20,A股资金流向（5月20日）：华为汽车、周期龙头被抛售,Wind
2021-05-20,刚刚上报！又有重磅指数产品来了，首批这10家(名单),Wind
2021-05-19,晨会聚焦210519重点关注华测导航、银行理财、汽车汽配、房地产、纺织服装、扬农化工、中兵红箭、华峰化学、中国移动,国信研究
2021-05-19,芯片未来将在材料和封装上创新，关注五个投资方向,方正证券
2021-05-17,设备龙头北方华创85亿“广撒网” 成果待检验,新浪
2021-05-17,A股资金流向：盘面较为混乱，小金属龙头获青睐,Wind
2021-05-14,A股资金流向（5月14日）：大金融引爆全场，资金抢筹券商龙头,Wind
2021-05-14,“起底”科创板再融资：20单融资超400亿元 这3家公司拿到批文待发行,科创板日报
2021-05-14,Micro LED板块连续拉升，中微公司、TCL科技、京东方A、三安光电普涨,Wind
2021-05-13,电子行业2020年年报暨2021年一季报总结：淡季不淡 高景气下电子行业表现亮眼,新浪
2021-05-13,A股资金流向（5月13日）：资金各自为战，有色龙头连续被抛售,Wind
2021-05-13,黑色系集体重挫，铁矿石跌6%，千亿白马逼近跌停,Wind
2021-05-13,【行情】科创板半导体板块早盘异动，安集科技涨超19%，澜起科技涨超6%，寒武纪、成都先导、中微公司、沪硅产业等个股快速跟涨,金十数据
2021-05-13,科创50指数涨幅超过1.2%，芯片股全线发力,Wind
2021-05-13,部分白马龙头最大回撤超50%仍未明显企稳，“性价比提高”不等于“高性价比”？,Wind
2021-05-11,深度*行业*半导体设备行业2021年中期策略：受益全球全面数字化 设备采购周期拉长,新浪
2021-05-11,机械设备行业第18周周报：机器换人提升工业机器人需求 工程机械头部企业向高端制造迈进,国海证券
2021-05-11,A股资金流向（5月11日）：周期股遭抛售，茅台重获资金青睐,Wind
2021-05-11,深度*行业*机械设备行业-KLA 21Q1业绩点评及电话会议纪要：半导体制程控制持续强势 GEN5产品促增长,新浪
2021-05-11,北向资金持有科创板股全名单，加仓这5股,证券时报
2021-05-11,【国元机械】机械行业2020年年报及2021年一季报总结：高端制造景气度延续，一季度强劲复苏,国元高端装备
2021-05-10,A股资金流向（5月10日）：有色龙头再获资金加仓，白酒龙头遭抛售,Wind
2021-05-10,【太平洋机械】机械行业周报20210509：服务机器人企业业绩亮眼，看好龙头企业持续成长,太平洋机械大讲堂
2021-05-10,114股获券商买入评级，钱江摩托目标涨幅达73.37%,Wind
2021-05-10,【十大券商一周策略】当下是周期股最佳布局窗口,Wind
2021-05-10,晨报0510 | 宏观&策略专题、地产行业专题、牧原股份,国泰君安
2021-05-10,券商策略：A股可能处于“中期调整”尾声 当下是周期股最佳布局窗口,券商中国
2021-05-08,5月机会：赚钱效应逐渐回升三大行业被集体看好！,金融投资报
2021-05-07,韦尔股份逼近跌停，芯片板块持续低迷,Wind
2021-05-07,半导体企业Q1大考！谁是科创板领头羊？,中自网
2021-05-07,突袭！“节后杀”又现 冯柳也割肉？,中金在线
2021-05-06,安信证券维持中微公司增持评级：MOCVD下游需求回暖，刻蚀设备新产品放量在即,每日经济新闻
2021-05-06,沪指小幅下跌创业板指跌逾3% 钢铁行业逆市大涨,中金在线
2021-05-06,沪指震荡创业板指低开低走 钢铁行业涨幅居前,中金在线
2021-05-06,民生证券给予中微公司推荐评级，业绩点评:刻蚀持续高增长，MOCVD迎接回暖,每日经济新闻
2021-05-06,券商策略：智能制造有望成为新主线 短期注重防风险,财联社
2021-05-06,5月A股结构博弈加剧 关注三条主线及个股,财联社
2021-05-06,【十大券商一周策略】5月是布局下半年行情最佳窗口,Wind
2021-05-06,电子｜淡季不淡，高景气下电子行业表现亮眼：2020年年报暨2021年一季报总结,中信证券研究
2021-05-06,【总量夜话会议纪要】节后首日，是进是退？,辰奥临君
2021-05-06,国君策略 | 进入空窗期间，盈利更胜一筹,国泰君安证券研究
2021-05-06,继续拥抱具有盈利动能的中盘蓝筹,财富动力网
2021-05-05,十大券商策略：智能制造有望成为新主线 机构建议关注这些个股,财联社
2021-05-01,中微公司(688012)：刻蚀设备世界领先 国产替代助力公司高增长,国联证券
2021-04-30,A股主力资金流向（4月30日）：医药股获资金爆买,Wind
2021-04-30,收入创十年新高！投行盛宴之下：人才换血，内卷加剧,Wind
2021-04-30,中微公司(688012)：国产替代及产能紧缺共振驱动1Q21业绩高增长 关注新产品突破,新浪
2021-04-29,华西证券维持中微公司买入评级：Q1业绩大幅增长，刻蚀设备龙头持续高投入,每日经济新闻
2021-04-29,【华西电子孙远峰团队-持续推荐中微公司】Q1 业绩大幅增长，刻蚀设备龙头持续高投入,远峰电子
2021-04-29,深度*公司*中微公司(688012)：毛利率显着提升 刻蚀设备带动增长,新浪
2021-04-29,A股资金流向（4月29日）：大资金涌入券商龙头,Wind
2021-04-29,51公司获得增持评级-更新中,中财网
2021-04-29,中微公司(688012)2021年一季报点评：需求旺盛 刻蚀设备继续高增长,新浪
2021-04-29,高研发投入催生高增长 科创板半导体公司彰显“科创”本色,上证报
2021-04-28,LED行业出现拐点 私募“空翻多”,新浪
2021-04-28,半导体巨头中微公司一季度盈利增长超400% 间接持有中芯国际股票,资本邦
2021-04-28,高端制造与科技行业事件点评：四部委明确国家鼓励的集成电路企业所需满足的条件,新浪
2021-04-28,中微公司：2021年第一季度净利润约1.38亿元，同比增加425.36%,每日经济新闻
2021-04-28,半导体巨头中微公司一季度盈利增长超400%间接持有中芯国际股票,资本邦
2021-04-28,重要信号？600亿半导体巨头业绩来了，单季净利大增400%！这一行业拐点出现？,e公司
2021-04-28,风享 · TMT 一周谈 | 当下科技板块如何布局？,天风研究
2021-04-27,中微公司：一季度净利1.38亿元 同比增425%,第一财经
2021-04-27,中微公司：一季度净利润同比增长425.36%,Wind
2021-04-27,A股资金流向（4月27日）：医疗板块多个细分龙头获青睐，券商股遭抛售,Wind
2021-04-27,晶圆代工需求强劲 客户支持业务增长显着,财富动力网
2021-04-26,A股资金流向（4月26日）：主力资金连续5日净流出，中国平安持续被抛售,Wind
2021-04-26,华安证券--电子行业周报：持续聚焦一季报确定的面板、半导体板块【行业研究】,金融界股吧
2021-04-24,浙商机械 邱世梁‖王华君 挖掘机：预计4月销量同比增长约10%，全年增速20%以上,高端装备制造及材料
2021-04-23,中微公司：公司监事辞职 董监高成员变化,Wind
2021-04-23,创耀科技IPO前突然更名意欲为何？独董任职或藏风险,云掌财经
2021-04-22,A股资金流向（4月22日）：科技龙头获抢筹，中国平安连续被抛售,Wind
2021-04-22,半导体板块逆势拉高，士兰微冲击涨停,Wind
2021-04-21,【半导体投资日报】一季度我国芯片相关企业注册量增302%，阿斯麦净利润增240%,新浪
2021-04-19,半导体动态分析：关注半导体龙头成长机会、全面扩产带来国产机遇,新浪
2021-04-19,信达证券--电子行业深度报告：追根溯源，探讨半导体缺货的危与机【行业研究】,金融界股吧
2021-04-16,长城证券--电子元器件行业动态点评：台积电CAPEX创新高，推进3nm制程支撑行业创新升级【行业研究】,金融界股吧
2021-04-15,A股资金流向（4月15日）：有色龙头获资金青睐，一线白酒股被抛售,Wind
2021-04-15,芯片股午后异动，紫光国微涨逾3%,Wind
2021-04-15,工信部力挺又被高瓴盯上，智能制造要火,证券之星
2021-04-15,工信部力挺，又被高瓴盯上，智能制造要火？,财联社
2021-04-14,半导体投资日报|车用芯片再遭冲击短缺情况进一步加剧 看好两方向,新浪
2021-04-14,中微公司去年净利润增长逾1.6倍，MOCVD营收近5亿元,LED在线
2021-04-13,华安证券--电子行业周报：关注一季报确定的面板、半导体板块【行业研究】,金融界股吧
2021-04-13,张江示范区:瞄准硬核科技，争做世界科创“中枢”,中国科技网
2021-04-12,德邦证券--半导体设备中标：缺芯背景下，国产设备迎来验证收获期【行业研究】,金融界股吧
2021-04-12,TCL百亿定增建8.6代产线，IT面板竞争格局影响几何,吉森电子研究
2021-04-12,机械行业周报：电池片扩产及异质结双轮驱动 设备端显着受益,新浪
2021-04-12,机械设备行业周报：关注光伏、锂电、检测行业趋势性机会 逢低配置新兴装备龙头,新浪
2021-04-09,两市百元股数量达134只，医药生物行业占比最高,证券之星
2021-04-09,A股资金流向（4月9日）：新股上市首日遭爆炒，白马股再遭抛售,Wind
2021-04-09,中信证券：半导体板块当前景气复苏，后续国产替代逻辑加强,Wind
2021-04-09,电子｜看好半导体及高景气度细分板块的成长：2021年二季度投资策略,中信证券研究
2021-04-09,大基金概念股业绩亮丽，半导体行业持续向好,Wind
2021-04-08,A股资金流向（4月8日）：热门次新股剧烈波动，医药白马获青睐,Wind
2021-04-08,82股获券商买入评级 常宝股份目标涨幅达88.81%,Wind
2021-04-07,科创板机构持股路线图：大部头公司受热捧、朱雀 “霸榜”金达莱,Wind
2021-04-07,A股共发生29宗大宗交易成交4亿元（4月7日）,Wind
2021-04-07,中微公司今日大宗交易成交2.20万股，成交价94.68元折价23.98%,Wind
2021-04-07,A股资金流向（4月7日）：资金潜伏一季报预期行业，白马股再遭抛售,Wind
2021-04-07,【中信建投电子|刘双锋&雷鸣团队】中微公司(688012)深度：精益求精，设备之星,中信建投
2021-04-06,电子元器件周报：3月下旬面板价格环比涨幅扩大 半导体行业景气度持续高涨,新浪
2021-04-06,中微公司(688012)：2020营收稳健增长 未来持续受益国产替代,广发证券
2021-04-06,机械设备行业周报(第十三周),新浪
2021-04-06,半导体动态：芯片股集体新高！韦尔股份净利增102%，新洁能增199%,新浪
2021-04-06,A股资金流向（4月6日）：碳中和明星股获回流，白马股遭抛售,Wind
2021-04-06,电子元件行业周报：从电子硬件视角看汽车智能化机遇,新浪
2021-04-06,进军5nm 中微公司证实刻蚀机进入国际客户最先进生产线,快科技
2021-04-06,机械设备行业：挖机库存见底预示旺季行情 看好HJT产业体系成长,新浪
2021-04-06,机械设备行业第14周周报：制造业景气良好 关注半导体设备行业,国海证券
2021-04-06,中微公司：公司刻蚀设备确实进入了5纳米生产线,Wind
2021-04-06,中微公司：公司刻蚀设备确实进入了5纳米生产线,e公司
2021-04-06,刻蚀设备已应用于5纳米生产线！中微公司坚持三维发展战略,上海有色
2021-04-06,中微公司：公司12英寸高端刻蚀设备已应用于5纳米芯片生产线,金十数据
2021-04-06,电子行业周报：半导体厂商Q2再次调价；小米正式立项智能汽车,新浪
2021-04-06,东莞证券--电子行业事件点评：半导体行业景气度高企，台积电、中芯国际加码扩产【行业研究】,金融界股吧
2021-04-06,大股东动向｜本周47家上市公司预减持，天融信二股东全额质押遭被动减持 减持股份,21世纪经济报道
2021-04-06,电子行业-行业周报：华为2020年业绩出炉，数字化智能化带来行业新机遇,国信研究
2021-04-05,【华西电子孙远峰团队-持续看好半导景气】半导体景气度持续，或逐渐步入业绩兑现期,远峰电子
2021-04-05,【中信建投电子|刘双锋&雷鸣团队】周报：半导体厂商Q2再次调价；小米正式立项智能汽车,中信建投电子研究
2021-04-04,明星基金经理借助大宗交易买入这些股票,Wind
2021-04-04,中微公司(688012)：刻蚀设备高增长 装备布局多维发力,新浪
2021-04-03,北向资金3月系统性做多科创板 七个股持股量倍增 分析师称战略性底部已成,财联社
2021-04-03,陆家嘴财经早餐2021年4月3日星期六,Wind
2021-04-02,晚间要闻2021年4月2日星期五,Wind
2021-04-02,上交所：科创板公司年度业绩说明会行业主题周正式启动,Wind
2021-04-02,A股资金流向（4月2日）：成长与价值齐飞，机构抱团股连续获资金抢筹,Wind
2021-04-02,张江示范区: 瞄准国家战略，“海派”硬核科技从零生长,科技日报
2021-04-02,中芯国际为留人，送CEO一套2000万住房，更有薪水涨4倍,Wind
2021-04-02,芯片巨头狂砸6500亿扩产，半导体股票飙涨，全球芯荒何时终结,Wind
2021-04-02,【机械-李哲】中微公司：研发蓄力长期发展，半导体产线大建设设备龙头受益,安信证券研究
2021-04-01,犀牛财经晚报：七匹狼2020年净利降40%人保寿险人事调整,GPLP犀牛财经
2021-04-01,芯片厂涨价消息传来，晶圆缺货延续产业链受益丨牛熊眼,第一财经
2021-04-01,晚间重要公告2021年4月1日星期四,Wind
2021-04-01,碳中和外4月金股大曝光,中财网
2021-04-01,中微公司股东拟减持不超4%公司股份 拟减持股份,上证报
2021-04-01,中微公司(688012.SH)股东悦橙投资及一致行动人拟减持不超4%股份 拟减持股份,智通财经
2021-04-01,中微公司：股东拟减持公司不超4%股份 拟减持股份,e公司
2021-04-01,中微公司：悦橙投资、创橙投资、亮橙投资、橙色海岸拟合计减持不超过4%公司股份 拟减持股份,Wind
2021-04-01,【研报掘金】缺货涨价持续半导体行业景气上行再次确认 关注产业链相关投资机会,证券时报网
2021-04-01,汽车缺芯持续发酵，这些芯片股被机构看好，这股还能涨67%,第一财经
2021-04-01,产业链涨价潮持续，芯片概念股爆发，士兰微等涨停,证券之星
2021-04-01,机构资金抢筹，ETF份额放量，这个板块近期默默复苏,Wind
2021-04-01,双双报喜！英飞特、中微公司发布2020年业绩,LED在线
2021-04-01,解盘：科技、消费崛起，医美、半导体、高价股领涨,Wind
2021-04-01,A股午盘综述：上证指数涨0.25%，创业板指涨1.49%,Wind
2021-04-01,深度*公司*中微公司(688012)：刻蚀设备成为增长主力 ICP刻蚀设备趋于成熟,新浪
2021-04-01,赚超43亿！中芯国际成科创板“摘U”第一股，股价应声上涨,第一财经
2021-03-31,道达投资手记：一季度市场并不糟糕 “两块板”最受伤,每日经济新闻
2021-03-31,中微公司 | 2020年报点评：非经常性损益驱动业绩超市场预期，100亿定增夯实研发实力,透视先进制造
2021-03-31,中微公司2020年实现营业收入22.73亿元 同比增长16.76%,证券时报
2021-03-31,中微公司刻蚀产品获多笔重复订单 MOCVD下游市场萎缩 外延布局成新看点,科创板日报
2021-03-31,中微公司：2020年度净利润约4.92亿元，同比增加161.02%,每日经济新闻
2021-03-30,胶囊年报丨中微公司去年净利润增长161%，刻蚀设备收入增长近6成,21世纪经济报道
2021-03-30,晚间重要公告2021年3月30日星期二,Wind
2021-03-30,中微公司年度报告：2020年度净利4.92亿元同比增长161.02%,科创板日报
2021-03-30,中微公司(688012.SH)年度归母净利同比增161.02%至4.92亿元,智通财经
2021-03-30,重磅！“千亿顶流”基金隐形重仓股名单来了,Wind
2021-03-30,中微公司：2020年净利润同比增长161.02%，不分红,Wind
2021-03-30,A股资金流向（3月30日）：机构抱团股表现不俗，光伏龙头获抢筹,Wind
2021-03-30,机械行业周报：制造业研发费用加计扣除比例提升 释放研发及资本开支活力,新浪
2021-03-29,电子行业周报：一季报披露将近 面板和功率业绩确定性高,华安证券
2021-03-29,机械设备行业：一季度工程机械预计维持高增 关注HJT关键中试线进度,新浪
2021-03-26,京东方A、TCL科技、三安光电、中微公司走升，提振Micro LED板块,Wind
2021-03-26,中微公司全资子公司与德国DAS签订战略合作协议,证券时报网
2021-03-26,“抱团股”持续回调，业绩成企稳关键,Wind
2021-03-26,回撤20%，500亿顶流基金经理道歉！,Wind
2021-03-25,道达投资手记：服装板块全面爆发 能参与吗？,每日经济新闻
2021-03-25,A股主力资金流向（3月25日）：资金加速逃离面板、碳中和概念股,Wind
2021-03-24,A股主力资金流向（3月24日）：机构抱团股再遭抛售,Wind
2021-03-24,中微公司：公司目前供应链稳定,每日经济新闻
2021-03-24,中微公司：供应链稳定 目前没有光刻机研发计划,e公司
2021-03-24,罕见，味茅、医药茅跌跌不休，砸盘元凶曝光,Wind
2021-03-23,A股主力资金流向（3月23日）：面板、电子烟板块遭抛售,Wind
2021-03-23,机械设备行业：工程机械景气延续 逢低布局新兴行业龙头,新浪
2021-03-22,半导体动态：水泥厂也搞芯片！电子板块估值已回调至十年均值之下,新浪
2021-03-22,A股主力资金流向（3月22日）：面板、碳中和概念股受追捧,Wind
2021-03-22,太平洋--机械行业周报：2月叉车翻倍以上增长，自动化投资需求强劲【行业研究】,金融界股吧
2021-03-22,【中信建投电子|刘双锋&雷鸣团队】周报：面板/被动元件涨价趋势蔓延；中芯国际与深圳国资投资28nm产线,中信建投电子研究
2021-03-19,一批A股尾盘突然放量异动！发生了什么？,Wind
2021-03-19,A股主力资金流向（3月19日）：机构抱团股再遭抛售,Wind
2021-03-17,A股主力资金流向（3月17日）：科技股获资金回流，金融、碳中和被抛售,Wind
2021-03-17,3月17日晚间重要行业研究汇总(附股),中金在线
2021-03-17,芯片制造关键设备再突破，概念股发力走高，苏州固碍等涨停,证券时报网
2021-03-17,中微公司入股睿励科学仪器，后者为集成电路制造商,企查查
2021-03-16,半导体检测设备：从前道到后道 全程保驾护航,新浪
2021-03-16,中微公司：公司目前的MOCVD设备可以用于GaN基化合物功率半导体外延片的制造,每日经济新闻
2021-03-16,平安证券--智能制造行业双周观点：建议关注十四五规划重点支持产业的长期机会【行业研究】,金融界股吧
2021-03-16,中微公司发布双反应台电感耦合等离子体刻蚀设备Primo Twin-Star（R）,工业电器网
2021-03-15,A股主力资金流向（3月15日）：半导体白酒及新能源股抛压较重,Wind
2021-03-12,深度*行业*半导体设备行业2020年总结：行业强劲增长20% 2021 年持续向好,新浪
2021-03-12,A股主力资金流向：本周累计净流出1439亿，东方财富、比亚迪净流出额居前,Wind
2021-03-12,【行情】半导体芯片股继续走低，汇顶科技跌停，晶方科技、富瀚微跌超7%，中微公司、新洁能、立昂微、圣邦股份等纷纷走低,金十数据
2021-03-12,太平洋--最新观点：国际油价上涨、国内政策加码，重点推荐油气装备产业【行业研究】,金融界股吧
2021-03-12,芯片板块调整，中微公司、富瀚微、大唐电信、晶方科技、汇顶科技领跌,Wind
2021-03-12,每日理财观察：三大百亿基金大幅放宽限购,Wind
2021-03-11,美股集体高开，道指续创历史新高,Wind
2021-03-11,金融街下午茶2021年3月11日星期四,Wind
2021-03-11,A股收盘综述：上证指数劲升2.36%，机构抱团股持续复苏、周期股爆发,Wind
2021-03-11,芯片板块持续走强,Wind
2021-03-11,标普道琼斯指数将剔除小米、箩筐技术和中微公司 剔除指数,Wind
2021-03-11,快讯｜标普道琼斯指数将剔除小米、箩筐技术和中微公司 3月15日开盘前生效 剔除指数,财经网
2021-03-10,中微公司定增募资申请通过 或将募资100亿,TechWeb
2021-03-10,长城证券--电子元器件行业周报：3月上旬面板价格延续强势，2月DRAM存储价格大幅上涨【行业研究】,金融界股吧
2021-03-10,半导体行业点评报告：信越硅片提价 全球半导体景气度持续攀升,新浪
2021-03-09,中微公司100亿元定增募资申请获证监会同意注册批复,搜狐
2021-03-09,中微公司(688012.SH)定增股票申请获证监会同意注册批复,智通财经
2021-03-09,A股主力资金流向（3月9日）：近500亿资金再度出逃,Wind
2021-03-09,中微公司发布更正公告：之前公告中权益变动明细有误,TechWeb
2021-03-09,机械行业周报(2021年3月第1周)：关注“两会”3.65万亿元专项债；持续力推工程机械龙头,新浪
2021-03-09,电子行业周报：被动元器件、硅片涨价 SMIC续约ASML光刻机,新浪
2021-03-09,电子元器件行业动态跟踪：光刻机助力中芯国际产业链产能快速扩张,新浪
2021-03-09,全球市场分化，欧洲开始领跑，纳指、沪指跌超2%,Wind
2021-03-08,创业板指牛年累挫20%，“抱团股”再遭重锤，传统价值股将回归？,Wind
2021-03-08,A股主力资金流向（3月8日）：机构抱团股持续遭抛售,Wind
2021-03-08,东吴证券--电子行业周报：中芯国际获批设备许可，助推本土IC生态完善【行业研究】,金融界股吧
2021-03-08,科创板双周报(2021年第3期)：市场大幅波动 科创50受挫,国海证券
2021-03-08,行业动态点评：半导体硅片龙头提价 晶圆产业链景气度持续高位,新浪
2021-03-07,【中信建投电子|刘双锋&雷鸣团队】周报：被动元器件、硅片涨价，SMIC续约ASML光刻机,中信建投电子研究
2021-03-07,【东吴电子王平阳团队】半导体周报：中芯国际获批设备许可，助推本土IC生态完善,东吴电子研究
2021-03-07,【太平洋机械】机械行业周报20210306：国际油价上涨、国内政策加码，重点推荐油气装备产业,太平洋机械大讲堂
2021-03-05,市场消息：根据美国美国行政命令，富时罗素停止推进将中微公司纳入全球指数,金十数据
2021-03-05,中微公司(688012.SH)：悦橙投资等股东减持期届满累计减持437.93万股 减持股份,格隆汇
2021-03-05,中微公司：多名股东合计减持0.82%股份 减持股份,Wind
2021-03-05,A股主力资金流向（3月5日）：本周大幅抛售光伏、有色股，抢筹金融股,Wind
2021-03-05,3月5日晚间重要行业研究汇总(附股),中金在线
2021-03-05,光大证券--电子行业半导体2月跟踪报告：中芯国际许可证或已落地，功率半导体景气度不减【行业研究】,金融界股吧
2021-03-04,3月4日晚间重要行业研究汇总(附股),中金在线
2021-03-04,A股主力资金流向（3月4日）：330亿资金逃离中小创,Wind
2021-03-04,重磅！12亿美元买光刻机，2500亿中国芯片巨头火了,每日经济新闻
2021-03-04,从疯狂到冷静？中国芯片深陷资本分歧,新浪
2021-03-04,为何是它们？A股三大“茅”纳入富时中国A50指数,Wind
2021-03-04,中银证券--机械设备行业周报：工程机械春节交货旺盛，全球缺芯及数字化背景下半导体设备需求持续强劲【行业研究】,金融界股吧
2021-03-04,电子元器件行业动态点评：半导体行业供需紧张 智能手机需求恢复前景可观,新浪
2021-03-03,深度*行业*机械设备行业周报：工程机械春节交货旺盛 全球缺芯及数字化背景下半导体设备需求持续强劲,新浪
2021-03-03,A股主力资金流向（3月3日）：超百亿资金抢筹金融股,Wind
2021-03-03,3月3日晚间重要行业研究汇总(附股),中金在线
2021-03-03,周三证券|高景气不减 半导体再受关注,金融投资报
2021-03-02,【中信建投电子|刘双锋&雷鸣团队】中芯国际供应商许可证进展超预期，公司ROE有望持续提升,中信建投电子研究
2021-03-02,A股主力资金流向（3月2日）：白马股遭抛售，中国平安净流出逾10亿,Wind
2021-03-02,机械行业周报(2021年2月第4周)：预计2月挖掘机销量翻倍以上增长；锂电再推百亿扩产计划,新浪
2021-03-02,中微公司百亿元定增摊薄之旅,证券市场周刊
2021-03-02,半导体行业深度跟踪报告：多维数据框架详解半导体产业链景气趋势,新浪
2021-03-02,电子行业《周观点》系列：折叠屏有望成趋势 半导体二次涨价延续行业高景气,新浪
2021-03-01,机械行业周报：施工项目需求旺盛 挖机销售继续超预期,新浪
2021-03-01,信达证券--电子行业周报：关注MWC上海展会，聚焦行业创新亮点【行业研究】,金融界股吧
2021-03-01,我国集成电路产业规模不断增长，半导体企业有望迎黄金发展期丨牛熊眼,第一财经
2021-03-01,华安证券--电子行业周报：价格继续上行，持续推荐面板和功率半导体板块【行业研究】,金融界股吧
2021-03-01,行业动态点评：MINILED背光电视快速成长 有望带动中高端显示LED放量,新浪
2021-02-27,半导体设备行业深度报告：市场再创新高，国产化替代空间广阔,新浪
2021-02-26,委员建议“紧急修订上市条件”？证监会：稳定确定的上市标准符合长远发展需要,第一财经
2021-02-26,证监会：将对注册制实施情况适时总结评估，进一步提高相关板块包容性,Wind
2021-02-26,A股主力资金流向（2月26日）：主力资金连续8日净流出,Wind
2021-02-25,A股主力资金流向（2月25日）：房地产获逾50亿元资金抢筹,Wind
2021-02-25,电子设备、仪器和元件：关注当前时点电子行业中的涨价品种,新浪
2021-02-25,中微公司2020年净利4.92亿元 投资中芯国际赚2.62亿,TechWeb
2021-02-25,中微公司2020业绩报喜，MOCVD设备营收表现如何？,LED在线
2021-02-24,投资业务和刻蚀设备强劲增长 中微公司预计2020年归母净利润增161.02%,每日经济新闻
2021-02-24,晚间重要公告2021年2月24日星期三,Wind
2021-02-24,中微公司去年实现营业收入22.73亿元 同比增长16.76%,e公司
2021-02-24,A股”抄底”资金来了！又有多只爆款基金狂卖300亿,中国基金报
2021-02-24,中微公司：2020年净利润4.92亿元 同比增长161.02%,中证网
2021-02-24,中微公司：2020年实现净利润同比增长161.02%,格隆汇
2021-02-24,中微公司(688012.SH)业绩快报：2020年度净利升161.02%至4.92亿元,格隆汇
2021-02-24,中微公司业绩快报：2020年净利润同比增长161.02%,Wind
2021-02-24,2月24日晚间重要行业研究汇总(附股),中金在线
2021-02-24,电子行业点评报告：半导体重点项目齐发 高技术水平自立自强,新浪
2021-02-24,华西证券--电子（半导体）行业：半导体重点项目齐发，高技术水平自立自强【行业研究】,金融界股吧
2021-02-23,【华西电子孙远峰团队-持续看好半导替代】半导体重点项目齐发，高技术水平自立自强,远峰电子
2021-02-23,A股主力资金流向（2月23日）：近120亿元逃离材料行业,Wind
2021-02-23,太平洋--机械行业周报：供需两端共同驱动，中游制造崛起【行业研究】,金融界股吧
2021-02-22,富时罗素：将科创板股票纳入富时中国A股指数系列和富时GEIS,Wind
2021-02-22,中微公司：公司获得政府补助共计2477.50万元,每日经济新闻
2021-02-22,中微公司(688012.SH)：累计获得政府补助款项共2477.5万元,格隆汇
2021-02-22,电子行业周报：《周观点》系列 汽车电子空间巨大 天灾加剧半导体短缺,新浪
2021-02-22,A股主力资金流向（2月22日）：基金重仓股遭猛烈抛售,Wind
2021-02-22,长城证券--电子元器件行业周报：智能手机复苏信号持续强化，面板及半导体景气度推升【行业研究】,金融界股吧
2021-02-22,信达证券--电子行业周报：半导体顺周期板块，功率龙头价值凸显【行业研究】,金融界股吧
2021-02-22,华安证券--电子行业周报：北美雪灾日本地震半导体产能愈发紧张，面板仍处于上升期【行业研究】,金融界股吧
2021-02-22,每日理财观察：科创板公司首次纳入国际指数，将带来超6亿增量资金,Wind
2021-02-22,北上资金罕见同时悄悄重仓，业绩高增长股仅10只,证券时报网
2021-02-22,港股盘前必读：携程已于春节前正式向港交所提交了第二上市的申请,Wind
2021-02-21,机械行业周报：工程机械需求持续旺盛 三一中联春节首批交付开门红,新浪
2021-02-20,粤开策略：富时罗素纳入科创板影响几何,新浪
2021-02-20,半导体设备厂商拓荆科技拟A股IPO大基金/国投科创/中微公司为前三大股东,搜狐
2021-02-20,首次！11只科创板股票“入富”，更大调整5月开始,证券时报网
2021-02-20,科创板公司首次纳入国际指数，将带来超6亿增量资金,Wind
2021-02-20,富时罗素解答下一步“纳A”安排,中证网
2021-02-20,富时罗素季度调整结果公布，速看新增A股标的全名单！,上证报
2021-02-19,中微公司现1笔大宗交易 共成交332.77万元,新浪
2021-02-19,中微公司今日大宗交易成交2.38万股，成交价139.53元溢价0.0%,Wind
2021-02-18,华西证券--电子（半导体）：车载芯片持续短缺，预示半导体景气度不减【行业研究】,金融界股吧
2021-02-18,电子(半导体)行业点评报告：车载芯片持续短缺 预示半导体景气度不减,新浪
2021-02-17,【华西电子孙远峰团队—持续看好半导景气】车载芯片持续短缺，预示半导体景气度不减,远峰电子
2021-02-14,下周操盘攻略：春节档票房已破40亿，牛基再次被“限购”,Wind
2021-02-14,半导体概念股2020年业绩一览：超8成公司业绩预增 61家公司合计盈利176亿元,搜狐
2021-02-10,上交所：自2月18日起，将康希诺、君实生物等纳入上证沪股通指数样本,Wind
2021-02-09,机械行业2020年报业绩前瞻：业绩大幅改善 聚焦细分领域龙头,新浪
2021-02-09,电子行业2020年报前瞻：龙头业绩高增兑现高景气度,新浪
2021-02-08,电子行业：半导体缺货涨价力度不减 景气度有望延续,新浪
2021-02-08,电子行业《周观点》系列：电子周报 龙头公司业绩亮眼 行业回调迎布局良机,新浪
2021-02-08,A股收盘综述：沪指缩量涨逾1%，进入假期模式,Wind
2021-02-08,【A股午盘综述】上证指数涨逾1%，创业板指涨逾2%,Wind
2021-02-08,中金王汉锋：MSCI指数2月调整，哪些可能被纳入,中金策略
2021-02-08,中金：金龙鱼、澜起科技等12支A股或符合MSCI指数2月调整纳入条件,Wind
2021-02-08,中金：MSCI指数2月调整，12支A股或符合此次被纳入指数要求,中金点睛
2021-02-08,中金公司：MSCI季度调整 初步筛选或有18只股票或符合纳入条件,证券时报网
2021-02-07,【华西电子孙远峰团队—持续看好半导景气】半导体缺货涨价力度不减，景气度有望延续,远峰电子
2021-02-07,广发科创板一周全景(2月第1期)：北上资金进场首周复盘,广发证券
2021-02-07,科创板股2020年业绩提前看 23股净利润增幅翻倍,证券之星
2021-02-05,渤海证券--机械行业周报：1月中国制造业PMI为51.3%【行业研究】,金融界股吧
2021-02-05,【机械】1月中国制造业PMI为51.3% ——机械行业周报——看好,渤海证券研究
2021-02-05,半导体1月跟踪报告：半导体产业持续高景气 涨价缺货蔓延至汽车芯片,光大证券
2021-02-03,A股半导体“年报增长曲线”：38家企业预喜，封测行业最亮眼,Wind
2021-02-02,科创板外资“活水来” 不能忽视的两大布局策略,新浪
2021-02-02,晨会纪要2021年第22期,国海证券
2021-02-02,机械设备行业报告：1月PMI数据维持高位 全球动力电池扩产体量可观,新浪
2021-02-01,中微公司、士兰微公布获补助金最新情况,LED在线
2021-02-01,民生机械周报：龙头预增略超预期 串焊设备受益尺寸迭代,新浪
2021-02-01,智能制造行业周报：建议关注年报超预期板块和个股,新浪
2021-01-29,中微公司：今年1月累计获得政府补助约1.2亿元,TechWeb
2021-01-29,中微公司加大研发拓展市场 刻蚀设备收入大增58.5%,长江商报
2021-01-28,【中信建投电子|刘双锋&雷鸣团队】中微公司(688012)：半导体刻蚀设备增长显着，持续迭代新品向高端拓展,中信建投电子研究
2021-01-28,【半导体投资日报】6图看懂今年芯片投资主线 基金梭哈投资引关注,新浪
2021-01-28,中微公司：累计收到政府补助1.22亿元,中证网
2021-01-28,中微公司(688012.SH)：1月初至今获得政府补助1.22亿元,格隆汇
2021-01-28,中微公司(688012)：半导前道刻蚀设备高增长 战略投资提升利润,新浪
2021-01-28,中微公司：预计2020年实现归母净利润4.4亿元-5.2亿元,资本邦
2021-01-28,中银证券--机械设备行业周报：工程机械1月预期高增长，继续看好新能源及半导体设备投资【行业研究】,金融界股吧
2021-01-28,A股早报2021年1月28日星期四,Wind
2021-01-28,粤开证券--半导体行业周报：大基金虽减持，高景气仍持续【行业研究】 减持股份,金融界股吧
2021-01-28,上市公司正负面新闻2021年1月28日星期四,Wind
2021-01-27,"【华西电子孙远峰团队—中微公司业绩预告点评】半导前道刻蚀设备高增长,战略投资提升利润",远峰电子
2021-01-27,多家半导体公司业绩预喜，大基金减持不改行业高景气度丨牛熊眼,第一财经
2021-01-27,晚间重要公告2021年1月27日星期三,Wind
2021-01-27,中微公司：2020年净利预增133%到176%,e公司
2021-01-27,中微公司：预计2020年净利润同比增加133.34%至175.77%,Wind
2021-01-26,东吴证券：晶圆厂产能紧张+国产化提速双重驱动国内设备行业景气上行,证券时报网
2021-01-26,港股盘前必读：快手将于1月26日启动招股程序筹资额或超480亿港元,Wind
2021-01-25,富时罗素：科创板股票最快3月22日进入旗舰指数,Wind
2021-01-25,机械设备行业：公募基金20Q4持仓分析 持续加仓机械设备 重视制造业崛起,广发证券
2021-01-25,电子元件行业：AIOT+汽车智能化驱动消费电子新一轮繁荣,新浪
2021-01-25,机械设备行业第4周周报：工业机器人景气向上 机器视觉产业链蕴藏蓝海市场,国海证券
2021-01-24,科创板13只股票将纳入沪股通，北上南下资金怎么投？,第一财经
2021-01-24,北上资金重点加仓名单出炉！12股新纳入沪深股通标的,证券时报网
2021-01-23,沪深股通扩容科创板12股中哪些有牛股相？,科创板日报
2021-01-23,需求回温引发涨价潮，LED行业酝酿周期反转,Wind
2021-01-22,12只科创板个股将于2月1日纳入沪股通,Wind
2021-01-22,诺安成长混合基金规模突破300亿元，蔡嵩松仍重仓半导体,Wind
2021-01-21,2021年电子行业年度策略：春回景明需求可期 拨云见日国产崛起,新浪
2021-01-21,中微公司(688012.SH)遭多位股东减持387.52万股 减持股份,智通财经
2021-01-21,中微公司(688012.SH)：减持期过半 悦橙投资等4名股东累计减持387.52万股 减持股份,格隆汇
2021-01-21,中微公司(688012)：践行平台化发展战略 强强联手拓展新赛道,新浪
2021-01-21,上调评级至买入策略选股（1月21日）,Wind
2021-01-20,开源刘翔团队｜中微公司深度报告：半导体设备龙头，国产替代前景可期,刘翔电子研究
2021-01-20,行业深度报告：科创板2020年全景复盘,新浪
2021-01-20,中微公司(688012)：半导体设备龙头 国产替代前景可期,新浪
2021-01-20,半导体设备行业跟踪分析：台积电资本开支大幅上扬 设备需求景气上行,广发证券
2021-01-20,半导体基金王者归来霸屏收益榜，白酒、新能源说拜拜？,券商中国
2021-01-20,中原证券：台积电加大资本开支，半导体设备迎来投资机遇,Wind
2021-01-19,【太平洋机械】机械行业周报20210131：制造业投资周期启动，自动化企业订单饱满,太平洋机械大讲堂
2021-01-19,电子设备、仪器和元件行业：从台积电法说会研判半导体未来发展,新浪
2021-01-19,半导体板块迎来上涨 券商认为高景气度将继续维持（附股）,第一财经
2021-01-19,广发证券：半导体设备市场空间大，国产替代前景广阔,Wind
2021-01-19,产能紧张叠加国产替代提速，半导体产业高景气将持续,Wind
2021-01-18,韦尔股份涨停股价创新高，2020年业绩大幅预增,第一财经
2021-01-18,中微公司现1笔大宗交易 共成交510.00万元,新浪
2021-01-18,中微公司今日大宗交易成交3万股，成交价170.0元折价7.1%,Wind
2021-01-18,电子行业周报：台积电资本开支超预期 面板价格上行板块业绩亮眼,华安证券
2021-01-18,半导体板块发力走高 韦尔股份一度涨停再创新高,证券时报网
2021-01-18,【行情】半导体概念股午后进一步走强，晶方科技、长电科技、北方华创、精测电子、至纯科技、中微公司、紫光国微等纷纷拉升,金十数据
2021-01-17,【太平洋机械】机械行业周报20210116：机器视觉前景广阔，重点推荐产业链优质标的,太平洋机械大讲堂
2021-01-17,安信研究|晨会在线20210119,安信证券研究
2021-01-16,中银国际半导体设备行业点评：台积电四季度利润率创10年新高，2021年资本开支仍将大幅增长,证券时报网
2021-01-16,中微公司董事长尹志尧：中国设备公司必须进入国际市场,格隆汇
2021-01-16,下一个10年10倍股？刻蚀龙头中微公司业绩持续高增长可期,搜狐
2021-01-15,午间公告2021年1月15日星期五,Wind
2021-01-15,中微公司：目前进出口业务情况一切正常,Wind
2021-01-15,近一月机构调研数据分析：安恒信息和金龙鱼获密集调研,巨丰财经
2021-01-15,【机械】2020年全年共销售挖掘机32.76万台——机械行业周报——看好,渤海证券研究
2021-01-14,【东吴电子王平阳团队】半导体周报：台积电业绩凸显半导体高景气，设备环节有望充分受益,东吴电子研究
2021-01-14,A股收盘综述：上证指数跌0.91%，长城汽车、酒鬼酒、航发动力等抱团强势股跌停,Wind
2021-01-14,【行情】半导体芯片午后继续走强，芯原股份、赛微电子、芯朋微、芯源微涨逾11%，晶方科技、至纯科技、申通地铁涨停，中微公司、思瑞浦、瑞芯微等涨逾8%,金十数据
2021-01-14,解盘：题材股反弹，光刻胶、IDC、摄像头、高铁领涨,Wind
2021-01-14,A股午盘综述：上证指数触底反弹跌0.29%，机构抱团股杀跌、中字头股再度走强,Wind
2021-01-14,半导体板块回暖，机构：抱团资金流入低位超跌大科技,第一财经
2021-01-14,半导体板块拉升，韦尔股份、中芯国际-U、三安光电、卓胜微、中微公司等普涨,Wind
2021-01-14,中信建投：持续看好国内半导体产能扩张带来整体半导体设备行业空间的增长,Wind
2021-01-13,中微公司成立科技投资管理公司，注册资本3亿元,企查查
2021-01-13,机械设备行业：长江存储产能将达100K/月 拉动国内半导体设备投资,新浪
2021-01-12,电子周报：智能车步入新时代 汽车电子迎来高速成长期,新浪
2021-01-12,电子行业周报：荣耀5G新机发布 面板价格继续上行,华安证券
2021-01-12,机械设备行业第2周周报：工程机械高歌猛进 半导体设备国产化确定性强,国海证券
2021-01-11,半导体投资日报：车企芯片短缺啥时候解决？这家公司透露最新信号,新浪
2021-01-11,半导体板块走势活跃，涨价潮蔓延，行业景气度持续向上,证券时报网
2021-01-10,苹果Mini LED产品有望陆续推出；村田工厂染疫MLCC供应或更紧张,中信建投证券研究
2021-01-08,近一月机构调研数据分析：密集调研医药生物行业,巨丰财经
2021-01-07,芯片板块下挫逾2%，中芯国际、中兴通讯、兆易创新、北方华创、中微公司普跌,Wind
2021-01-06,机械重磅深度 | 2021策略：寻找EPS超预期高端制造龙头,透视先进制造
2021-01-06,芯片股局部活跃，韦尔股份、中芯国际-U、中微公司、寒武纪-U走强,Wind
2021-01-05,机械行业周报：特斯拉MODEL Y再度大幅降价 新能源汽车加速渗透,新浪
2021-01-05,中微半导体将投入15.8亿开发新产品 账上过半货币资金用于理财,新浪
2021-01-05,机械设备行业第1周周报：机器视觉蓝海市场大有可为 半导体设备战略布局机会值得重视,国海证券
2021-01-04,68只科创板股融资余额环比增加,证券之星
2021-01-04,电子行业周报：面板维持上涨 半导体产能紧张依旧,华安证券
2021-01-03,全市场科技产业策略报告第九十一期-2021年科创板半导体行业投资前瞻：成长为体 稀缺为魂,新浪
2021-01-03,2021年科创板半导体行业投资前瞻：成长为体 稀缺为魂-全市场科技产业策略报告第九十一期,新浪
2021-01-03,看好2021年汽车电子新动能 晶圆代工吃紧下半导体持续高景气,中信建投证券研究
2021-01-03,2021年A股有哪些机会？新能源汽车、光伏、半导体三大行业或“跨栏奔腾”,金融投资报
2021-01-02,2021年科创板半导体行业投资前瞻：成长为体，稀缺为魂【安信诸海滨团队】,诸海滨科新先声
2021-01-01,面对百年未有之大变局，中国半导体将走向何方?,Ofweek
2021-01-01,卖方分析师眼中的半导体大变局,半导体风向标
2021-01-01,中信建投证券2021年度十大预测,中信建投证券研究
2021-01-01,2021年券商看好的十大板块,Wind
2020-12-31,IC设备订单跟踪报告：12月多家设备企业斩获大额订单 2021年高成长趋势确立,新浪
2020-12-31,解盘：百亿资金回流，半导体、稀土、智能交通、疫苗领涨,Wind
2020-12-30,中微公司(688012.SH)近日获得政府补助3297.16万元,格隆汇
2020-12-29,银河证券每日晨报,新浪
2020-12-29,时代点金（1229）：信达证券上市申请获受理,时代在线
2020-12-29,中微公司拟斥资亿元增资上海睿励,证券时报
2020-12-28,晚间重要公告2020年12月28日星期一,Wind
2020-12-28,中微公司(688012.SH)拟向上海睿励增资1亿元,格隆汇
2020-12-28,中微公司：拟1亿增资上海睿励 布局集成电路工艺检测设备领域,e公司
2020-12-28,中微公司：对上海睿励增资以现金方式投资1亿元,Wind
2020-12-28,机械国防行业周报：持续力推光伏设备和国防装备；新能源“十四五”规划有望上调,新浪
2020-12-28,电子周报：快充和激光雷达步入快车道 半导体景气度高昂,新浪
2020-12-28,芯片板块午后继续下滑，全志科技跌超10%,Wind
2020-12-28,第27批国家企业技术中心公布 中微公司、山东药玻等上榜,中新经纬
2020-12-28,半导体的2020：13只个股翻番，先扬后抑,第一财经
2020-12-28,中微公司等入股理想万里晖，后者主营高端半导体太阳能PECVD生产等,企查查
2020-12-28,传统板块年底发力，“煤飞色舞”行情再现,Wind
2020-12-27,【中信建投电子|刘双锋&雷鸣团队】周报：安卓新机密集发布，光学升级仍为主要趋势；晶圆产能供不应求将持续至21H1,中信建投电子研究
2020-12-25,科创板运行成绩单即将揭晓 四大数据一窥全貌,大众证券报
2020-12-25,近一月机构调研数据分析,巨丰财经
2020-12-25,半导体板块下跌，新洁能、中微公司跌逾7%,Wind
2020-12-25,中微公司定增百亿合理性连遭问询 扣非净利亏损仍坚持募资盖楼？ 问询,投资者网
2020-12-24,中微公司董事长尹志尧：科创板推动集成电路产业高质量发展,上证报
2020-12-23,电子半导体行业：半导体设备自主可控力度迎来新预期，维持“推荐”评级,华西证券
2020-12-22,【兴证策略|科创板】近期科创板优质公司纳入主要指数情况汇总——科创板系列研究,XYSTRATEGY
2020-12-22,电子行业：中芯被加入实体清单 半导体设备和材料国产化加速,新浪
2020-12-22,机械行业周报：中央经济工作会议规划2021重点 自主可控、光伏设备等受益,新浪
2020-12-22,129只科创板股融资余额环比增加,证券时报网
2020-12-22,机械设备行业第51周周报：工业机器人产量保持快速增长 看好制造业升级趋势下发展机遇,国海证券
2020-12-22,机械设备行业周报(第五十一周),新浪
2020-12-21,【研报掘金】中芯国际被列入实体清单叠加税务优惠 半导体国产替代有望加速,证券时报网
2020-12-21,A股午盘综述：创业板指半日升2.23%，宁德时代、金龙鱼再创新高,Wind
2020-12-21,【行情】中芯国际产业链大涨，北方华创涨停，中微公司大涨9%，沪硅产业等跟涨，半导体ETF涨3.05%,金十数据
2020-12-21,北方华创涨停、中微公司涨超9%，半导体板块继续拉升,Wind
2020-12-21,科创50指数涨超1%，杭可科技、西部超导、中微公司、柏楚电子领涨,Wind
2020-12-21,电子行业周报：面板继续上行 政策精准扶持晶圆制造,华安证券
2020-12-20,【东吴电子王平阳团队】半导体周报：半导体设备市场持续增长，本土设备厂商发展机遇凸显,东吴电子研究
2020-12-20,14家公司收逾3亿元红包 科创板年终“进补”大战上演,大众证券报
2020-12-19,半导体深度报告：三大周期再度共振，开启上行周期,新浪
2020-12-18,华体科技、中微公司公布获补助金的最新情况,LED在线
2020-12-17,中微公司(688012.SH)收到上交所关于公司定增申请的第二轮审核问询函 问询,智通财经
2020-12-17,中微公司：累计收到政府补助8439.2万元,中证网
2020-12-17,中微公司被二次问询，要求说明预备费用作为资本性支出的原因 问询,Wind
2020-12-17,中微公司(688012.SH)：11月18日以来获得政府补助8439.20万元,格隆汇
2020-12-17,中微公司：获得政府补助款项共计8439.20万元,Wind
2020-12-16,德邦语音早报丨20201216 行业聚焦“生物医药”、“半导体设备”,德邦证券微资讯
2020-12-15,中微公司(688012.SH)：悦橙投资等股东减持数过半合计减持387.52万股 减持股份,格隆汇
2020-12-15,中微公司：悦橙投资、创橙投资、亮橙投资、橙色海岸合计减持387.5万股,Wind
2020-12-15,机械国防行业周报(2020年12月第二周)：挖掘机全年销量增速近40％；光伏设备、国防装备持续高景气,新浪
2020-12-15,电子周报：部分芯片缺货影响镜头放量 半导体芯芯向荣,新浪
2020-12-14,策略丨首提需求侧改革，布局经济内循环,Tebon好投资
2020-12-14,电子行业周报：面板价格维持上涨 半导体产能紧张持续,华安证券
2020-12-13,【中信建投电子|刘双锋&雷鸣团队】周报：立讯通过收购高伟进军光学赛道；8寸晶圆代工吃紧带动上下游涨价,中信建投电子研究
2020-12-12,科创板公司下周一纳入核心指数 有望迎来内外资金携手增配,大众证券报
2020-12-09,中信建投2021年机械投资策略展望：机械龙头加速全球化进程,中信建投证券研究
2020-12-07,电子(半导体)行业点评报告：半导体产业链格局优化 国产设备空间大,新浪
2020-12-07,中金料九只科创板股纳入沪股通，中微被动资金流入最多,Wind
2020-12-07,中微公司入股昂坤视觉，持股4.5%,企查查
2020-12-07,中金：沪深港通标的扩容及其影响,中金点睛
2020-12-07,机械设备行业：设备升级赋能先进光伏工艺 重视工程机械需求持续性,新浪
2020-12-07,中金：科创板企业将被纳入主要指数及互联互通,中金点睛
2020-12-07,科创板公司增至200家，“硬科技”受外资青睐,Wind
2020-12-06,【华西电子孙远峰团队—半导设备】半导体产业链格局优化，国产设备空间大,远峰电子
2020-12-03,【太平洋机械】机械行业周报20201206：制造业投资向上，叉车保持强劲增长,太平洋机械大讲堂
2020-12-03,【东吴晨报1203】【策略】【固收】【行业】机械【个股】安琪酵母、国联股份,东吴研究所
2020-12-03,【机械*陈显帆】 半导体设备行业月度数据点评：8寸晶圆产能严重紧缺，下游扩产利好设备商,东吴研究所
2020-12-02,科创板公司纳入A股主要指数影响巨大，为投资者提供优质回报助力A股史上首轮长牛,21世纪经济报道
2020-12-02,半导体板块午后继续走强 瑞丰光电涨12.41%,证券时报网
2020-12-02,奥拓电子获政府补助300万元，关乎Micro LED显示技术,LED在线
2020-11-30,电子(半导体)行业点评报告：半导体材料需求看涨 联动晶圆产能扩张,新浪
2020-11-30,策略丨持续关注周期及金融,Tebon好投资
2020-11-30,资金持续注入科创板 未来钱从哪里来？居民存款和外资或成重要增量,科创板日报
2020-11-30,科创板进入核心指数与沪港通 北向资金可扫货科创板,财富动力网
2020-11-29,【太平洋机械】机械行业周报20201129：bauma展再次印证行业高景气，继续推荐工程机械,太平洋机械大讲堂
2020-11-29,【华西电子孙远峰团队-半导材料&晶圆扩张】半导体材料需求看涨，联动晶圆产能扩张,远峰电子
2020-11-29,半年度指数成分调整对资本市场影响点评：指数成分新增科创板标的 科创板互联互通箭在弦上,新浪
2020-11-28,【国盛策略|科创】核心指数正式纳入科创板,尧望后势
2020-11-27,晚间要闻2020年11月27日星期五,Wind
2020-11-27,上交所及中证指数公司将调整沪深300等指数样本,Wind
2020-11-27,中微公司回复问询函：本次募集资金非资本性支出比例超过30%具有合理性 问询,Wind
2020-11-27,【国金晨讯】半导体投资展望：关注哪六个趋势？Q3货币政策执行报告：稳健的货币政策灵活适度，逐步回归常态化,国金证券研究所
2020-11-27,中金：沪深港通标的扩容及其影响,中金点睛
2020-11-26,国资支持邂逅“半导体”风口，立霸股份业绩未来可期,中投网
2020-11-25,电子(半导体)行业：晶圆制造&封测双看涨 产业链条景气传导向上,新浪
2020-11-23,机械设备行业：下游技改、扩产爆发 重视光伏设备投资机会,新浪
2020-11-22,A股百家半导体厂商平均获政府补贴5500万，前10家公司合计获政府补贴37.4亿,搜狐
2020-11-22,电子元件行业周报：从M1芯片读苹果生态的野望,新浪
2020-11-19,【华西电子-IC WORD纪要（下）半导体材料国产化自主创新路径】,远峰电子
2020-11-19,【东吴机械陈显帆】周观点：重视变革期的光伏设备投资机会，工业自动化持续回暖建议关注细分龙头,透视先进制造
2020-11-19,快递物流企业10月营收向好 一类股有望继续上涨,巨丰财经
2020-11-18,中微公司：7月2日以来共获4356.48万元政府补助款项,发布易
2020-11-18,中微公司：获得政府补助4356万元,科创板日报
2020-11-18,中微公司(688012.SH)近日累计获政府补助4356.48万元,格隆汇
2020-11-18,注册制公司再融资进度：5家计划定增 1家拟发转债,面包财经
2020-11-16,A股收盘综述：上证指数涨逾1%止步四连跌，“煤飞色舞”行情上演,Wind
2020-11-16,市场要闻丨科创成韭菜收割机？中微公司再现大额套现,36氪
2020-11-16,为收回部分投资成本，中微公司四股东拟减持不超1604.59万股 拟减持股份,资本邦
2020-11-16,注册制公司再融资进度：5家计划定增，1家拟发可转债,面包财经
2020-11-15,晚间重要公告2020年11月15日星期日,Wind
2020-11-15,中微公司(688012.SH)多名股东拟减持不超3%股份 拟减持股份,格隆汇
2020-11-15,中微公司(688012.SH)数名股东拟计划减持合计不超1604.59万股 拟减持股份,智通财经
2020-11-15,中微公司：多位一致行动人股东拟合计减持不超3%股份 拟减持股份,Wind
2020-11-14,半导体产业空间巨大 细分龙头加速成长,金融投资报
2020-11-13,中微公司：4名股东已减持572.56万股提前终止大宗交易减持股份计划 拟减持股份,科创板日报
2020-11-13,中微公司：悦橙投资等股东减持比例达总股本1% 减持股份,Wind
2020-11-13,中微公司(688012.SH)股东悦橙投资及其一致行动人累计减持572.56万股 减持股份,智通财经
2020-11-13,中微公司(688012.SH)：4名股东已减持572.555万股 提前终止大宗交易减持股份计划 拟减持股份,格隆汇
2020-11-13,半导体芯片龙头股频遭减持，大基金年内套现近90亿元 减持股份,第一财经
2020-11-12,半导体芯片龙头股频遭减持，大基金年内套现近90亿元 减持股份,第一财经
2020-11-12,策略专题：MSCI中国A股调整报告,新浪
2020-11-12,6倍芯片巨头罕见跌停，背后原因或是它？,证券时报网
2020-11-12,【东吴电子王平阳团队】半导体周报：中芯国际多点开花直面挑战，助力本土IC生态完善,东吴电子研究
2020-11-11,机械行业2021年投资策略：关注基建景气周期 理性看多新兴装备,新浪
2020-11-11,A股收盘综述：创业板指跌逾3%，创两个月最大跌幅,Wind
2020-11-11,【行情】科创板半导体板块继续走弱，中微公司领跌，安集科技跌5.80%，中芯国际跌5.95%，沪硅产业跌5.28%，芯朋微跌5.18%,金十数据
2020-11-11,数据| “金手铐”频现！科创板52家公司推股权激励 考核条件“大起底”,科创板日报
2020-11-11,外资又有新动作！MSCI公布成分股调整结果！30日收盘后生效,上证报
2020-11-10,科创板：公募基金Q3加持科创板 新一代信息技术领域备受关注,新浪
2020-11-09,中微公司(688012.SH)向188名激励对象授予103.99万股限制性股票 授予价为150元/股,智通财经
2020-11-09,中微公司(688012.SH)授予188名激励对象103.989万股限制性股票,格隆汇
2020-11-09,年内套现近90亿，国家大基金收缩二级市场投资,e公司
2020-11-08,【太平洋机械】机械行业周报20201108：工程机械需求韧性强，租赁商成长空间广阔,太平洋机械大讲堂
2020-11-06,注意这28家A股公司 大基金已入股了,新浪
2020-11-06,电子元器件周报：IPHONE12系列销量前景乐观 本土封测行业迎来利润释放期,新浪
2020-11-05,中微公司大宗交易成交20.00万股成交额3000.80万元,证券时报网
2020-11-05,"中微公司现1笔大宗交易 共成交3,000.80万元",新浪
2020-11-05,中银证券：半导体设备行业将持续处于高景气阶段 板块配置价值提升,证券时报网
2020-11-05,半导体板块走强，沪硅产业-U、隆基股份、中微公司、北方华创涨幅居前,Wind
2020-11-04,深度*行业*半导体设备行业点评：晶圆厂资本开支预期不断上调拉动国内外设备厂商业绩高增长 板块配置价值提升,新浪
2020-11-04,交出十年来最佳三季度成绩单！半导体板块呈高景气丨牛熊眼,第一财经
2020-11-04,机械设备行业周报：看好工程机械全年需求 新兴板块三季报表现亮眼,新浪
2020-11-03,A股大爆发！中金上市次日封住涨停,中国基金报
2020-11-03,科创50指数涨超3%，澜起科技、中微公司均涨近8%,Wind
2020-11-03,第三代半导体板块卷土重来，产业链如何布局？,第一财经
2020-11-02,【太平洋机械】机械行业周报20201101：产品创新推动扫地机器人业绩超预期，关注商用机器人扩张,太平洋机械大讲堂
2020-11-01,长三角科创板上市企业数量达91家，储备库企业5017家,Wind
2020-11-01,2020Q3科技板块基金持仓分析：整体下降 电子微升,新浪
2020-10-31,科创板三季报收官：业绩“翻筋斗”研发“强武艺”,Wind
2020-10-30,半导体板块领涨，兆易创新涨停、北方华创大涨,第一财经
2020-10-30,A股收盘综述：上证指数下滑1.47%受累券商、苹果等板块调整，10月仍录得小涨,Wind
2020-10-30,【国元电子】中微公司：内生外延稳步推进，平台化发展路径逐渐清晰,茂飞电子研究
2020-10-30,中微公司| 点评：三季报稳定增长，研发费用高投入持续,透视先进制造
2020-10-29,晚间重要公告2020年10月29日星期四,Wind
2020-10-29,中微公司(688012)：前三季业绩同比+105% 间接投资中芯国际增厚本期净利率,西南证券
2020-10-29,研发投入增加 中微公司三季报业绩扣非后转亏 亏损,科创板日报
2020-10-29,【中金科技】中微公司（688012.SH）：3Q20经营性业绩符合预期，成长动能不改，维持跑赢行业,乐平科技视角
2020-10-28,[公司]中微公司前三季度净利同比增长105% 营收增长21%,全景网
2020-10-28,中微公司公布三季报 前三季净利增加105.26%,新浪
2020-10-28,中微公司(688012.SH)拟出资1500万元获昂坤视觉4.5%股权,智通财经
2020-10-28,中微公司前三季度业绩同比增105.26%,上证报
2020-10-28,中微公司(688012.SH)：前三季净利升105.26%至2.77亿元,格隆汇
2020-10-28,中微公司：前三季度净利润同比增长105.26%,Wind
2020-10-28,中微公司百亿定增：拟加码半导体领域产能 原始机构股东解禁减持 解禁,面包财经
2020-10-28,【华西电子孙远峰团队-持续推荐中微公司】募资计划有序推进，三季度业绩稳步增长,远峰电子
2020-10-28,汇丰给予中微公司、华峰测控、沪硅产业买入初始评级,格隆汇
2020-10-27,菲利华(300395.SZ)：Q3业绩增长显著 未来主业发展空间广阔,新浪
2020-10-27,菲利华(300395)：三季度净利润同比增长69% 受益航空航天+半导体双驱,新浪
2020-10-27,"科创板解禁潮起：试水新方式,资金“活水”给减持减压",Wind
2020-10-27,机械设备行业：全球半导体设备景气上行 设备国产化取得阶段性进展,财富动力网
2020-10-26,【太平洋机械】机械行业周报20201025：工程机械基本面强劲，继续重点推荐,太平洋机械大讲堂
2020-10-25,进口替代具较大空间 半导体材料和设备公司按下快进键,金融投资报
2020-10-24,年内拟减持金额远超去年同期！热点行业成“重灾区”,Wind
2020-10-24,6660亿元！年内拟减持金额远超去年同期！热点行业成“重灾区” 拟减持股份,中证报
2020-10-24,5284亿！A股大股东减持总额已超去年全年，大牛股被套现超百亿！什么信号？ 减持股份,21世纪经济报道
2020-10-24,A股减持大数据幕后：重要股东减持总金额超2019年全年，套现参考市值破五千亿 减持股份,Wind
2020-10-23,A股减持大数据幕后：重要股东减持总金额超2019年全年，套现参考市值破五千亿 减持股份,21世纪经济报道
2020-10-20,中微公司今日大宗交易成交45.50万股，成交价148.22元折价10.98%,Wind
2020-10-20,中微公司(688012.SH)：定增申请收到上交所审核问询函 问询,格隆汇
2020-10-20,"中微公司现1笔大宗交易 共成交6,744.01万元",新浪
2020-10-20,芯片板块快速下滑，中芯国际-U、韦尔股份、中兴通讯、澜起科技、中微公司普跌,Wind
2020-10-19,半导体设备订单跟踪：北方华创斩获长存大额订单 设备国产化加速推进,新浪
2020-10-19,机械军工行业周报：挖掘机9月销量再超预期；聚焦光伏／风电／锂电等新能源设备,新浪
2020-10-18,国盛策略：“十四五”规划是阶段性主线,尧望后势
2020-10-16,数据宝：白马股闪崩频现 游资继续追逐利好驱动个股 连续下跌,新浪
2020-10-16,中金：给予中微公司跑赢行业评级半导体进口替代空间广阔,格隆汇
2020-10-16,中微公司(688012)：中国规模最大、技术最先进的半导体设备供应商,新浪
2020-10-14,A股收盘综述：上证指数下滑0.56%，苹果、半导体板块领跌,Wind
2020-10-14,天地板闪崩又来了！A股“起风”，机构建议把握四条主线,中证报
2020-10-14,【国信机械10月策略】季报行情将至，关注产业趋势向上细分行业投资机会,机械老司机
2020-10-14,A股午盘综述：上证指数半日下滑0.54%，苹果、半导体、猪肉板块领跌,Wind
2020-10-13,电子设备、仪器和元件行业周报：旺季来临蓄势待发 电子行业振翅跃飞,新浪
2020-10-13,再融资升温，19家半导体公司拟募资逾400亿,Wind
2020-10-12,A股共发生90宗大宗交易成交26.96亿元（10月12日）,Wind
2020-10-12,"中微公司现4笔大宗交易 共成交16,678.79万元",新浪
2020-10-12,机械设备行业周报：看好工程机械景气延续 关注光伏设备龙头投资机会,新浪
2020-10-12,【太平洋机械】机械行业周报20201011：新能源加速发展，利好光伏及锂电设备,太平洋机械大讲堂
2020-10-12,中微公司非公开发行股份获上交所受理，拟定增募资不超100亿元,搜狐
2020-10-11,半导体设备 | 8月点评：中芯国际部分供应商受到美国出口管制限制更严，设备在内的国产化刻不容缓,透视先进制造
2020-10-11,【中信建投电子|刘双锋&雷鸣团队】周报：苹果和华为新机即将发布，台积电9月营收创新高,中信建投电子研究
2020-10-10,中微公司百亿定增获受理 在研设备正“攻克”3nm及以下工艺,上海有色
2020-10-09,中微公司(688012.SH)：定增股票申请获上交所受理,智通财经
2020-10-09,中微公司：定增事项获上交所受理,Wind
2020-10-09,电子行业月报：消费电子旺季将至 半导体景气度持续提升,新浪
2020-10-06,时间表！中国芯片去美化产业链形成在即,云掌财经
2020-09-30,"中微公司现1笔大宗交易 共成交4,576.34万元",新浪
2020-09-29,数据|科创板主力资金净流入94股中微公司流入率最高,科创板日报
2020-09-29,"中微公司现3笔大宗交易 共成交6,666.09万元",新浪
2020-09-29,A股收盘综述：上证指数收涨0.21%，银行保险股疲软压制市场,Wind
2020-09-29,过节红包来了！半导体板块率领A股反弹，节后市场焦点是这个,中证报
2020-09-29,A股午盘综述：上证指数半日升0.52%，航天军工、半导体领涨,Wind
2020-09-29,中微公司：一己之力促使美国解除出口管制 即将迎来机构建仓,和讯
2020-09-28,机械设备：预计9月挖掘机销量持续大幅增长；光伏设备下半年需求旺盛,新浪
2020-09-27,【中信建投电子|刘双锋&雷鸣团队】周报：新机发布潮拉动消费电子旺盛需求，MOSFET和面板涨价明确投资机会,中信建投电子研究
2020-09-27,机械行业周报：工程机械销售数据强劲 继续重点推荐行业龙头,新浪
2020-09-27,机械行业周报：挺进深水增储上产战略取得阶段性成果 中芯国际新工艺演进利好本土制程先进设备公司,西南证券
2020-09-26,“巨无霸”接连登陆A股，千亿市值公司增至108家,Wind
2020-09-25,"中微公司现1笔大宗交易 共成交2,787.30万元",新浪
2020-09-25,A股收盘综述：上证指数、创业板综指本周均下挫超3%，北向资金净卖出247亿元,Wind
2020-09-25,银河证券：继续看好工程机械以及专用设备中的高端制造（附股）,证券时报网
2020-09-25,【银河机械】四季度策略：跟随工程机械的β，追寻高端制造的α,中国银河证券研究
2020-09-24,机械行业：跟随工程机械的Β 追寻高端制造的Α,新浪
2020-09-23,【研报掘金】“十四五规划”呼之欲出 第三代半导体前景广阔看好产业链龙头公司,证券时报网
2020-09-23,科创板股权激励新规解读,36氪
2020-09-22,【太平洋机械】机械行业周报20200927：工程机械销售数据强劲，继续重点推荐行业龙头,太平洋机械大讲堂
2020-09-22,首批科创50ETF火了，券商狂推，朋友圈刷屏,中国基金报
2020-09-22,《周观点》系列：电子周报：华为芯片供应迎转机助力预期改善 PCB预期修复毛正,新浪
2020-09-21,【太平洋机械】机械行业周报20200919：工博会自动化新品发展迅速，相关企业订单饱满,太平洋机械大讲堂
2020-09-21,"中微公司现2笔大宗交易 共成交1,265.28万元",新浪
2020-09-21,半导体板块表现活跃，中微公司、紫光国微、北方华创、通富微电大涨,Wind
2020-09-20,机械行业周报：地方专项债发行节奏加快拉动基建需求 中芯国际申请继续供货华为,西南证券
2020-09-19,中微公司深度解析：国内半导刻蚀巨头，迈内生、外延平台化,新浪
2020-09-17,指数基金投资价值分析系列之五：华夏科创板50ETF将于9月22日发行,新浪
2020-09-17,A股收盘综述：创业板综指收涨0.41%，半导体概念炒作聚拢人气,Wind
2020-09-17,A股午盘综述：创业板综指半日跌0.72%，资金热炒半导体和注册制次新股,Wind
2020-09-17,中芯国际概念股普遍造好，中微公司、北京君正等普涨,Wind
2020-09-16,策略流动性专题：成交维持相对低位 周期性行业较为抗跌,新浪
2020-09-15,中微公司现4笔大宗交易合计成交24万股,证券时报网
2020-09-15,A股收盘综述：创业板综指缩量收升0.34%，成交金额连续两日超沪市,Wind
2020-09-15,半导体板块大幅拉升 东土科技领涨,金融界
2020-09-15,【行情】半导体板块大幅拉升，蓝英装备大涨逾15%，阿石创、新莱应材、中微公司、安集科技等快速跟涨,金十数据
2020-09-15,中微公司(688012)：半导体设备明日之星 刻蚀+MOCVD产业双布局,新浪
2020-09-14,发生了什么？科创板突然大涨，增量资金要买？,中国基金报
2020-09-14,A股午盘综述：创业板综指半日升3.08%共71股涨超10%，成交金额再超沪市,Wind
2020-09-14,芯片板块连续拉升，韦尔股份、沪硅产业-U、中微公司、寒武纪-U、芯原股份-U等集体上涨,Wind
2020-09-14,科创板离你更近了，科创50ETF投资前景如何？,Wind
2020-09-13,机械行业周报：8月PPI延续修复趋势 顺周期低估值板块持续受益,西南证券
2020-09-12,科创板71家TMT公司半年报解密！芯片股爆发 中芯研发下血本,凤凰网
2020-09-12,股民沸腾！4只科创50ETF获批，抬轿的人要来了，这些个股最受益（附名单）,每日经济新闻
2020-09-11,中微公司发生2笔大宗交易合计成交1.71亿元,证券时报网
2020-09-11,"中微公司现2笔大宗交易 共成交17,075.18万元",新浪
2020-09-11,中微公司：海通证券股份有限公司关于中微半导体设备（上海）股份有限公司2020年半年度持续督导跟踪报告,上交所
2020-09-10,深度*行业*A股半导体设备中报综述：二季度业绩环比大幅改善 核心产品研发和工艺验证持续进行,新浪
2020-09-10,8月份国联安2只权益基金跌超9% 重仓科技股悲催了,中国经济网
2020-09-09,【A股收盘综述】低价股放量溃退，创业板综指收跌4.71%成交金额首超4000亿元,Wind
2020-09-09,午盘收盘综述：创业板综指半日跌2.27%仍有11股涨停，成交金额2405亿元再超沪市,Wind
2020-09-09,每日理财观察：年内新成立基金数突破千只，信托年化收益率低至5字头,Wind
2020-09-08,机械设备行业-双循环格局对高端装备产业的影响分析：双循环新格局下的高端装备曙光,新浪
2020-09-08,睿财看市场：三大指数集体走低，创业板低价股掀涨停潮,恒泰睿财
2020-09-08,A股收盘综述：创业板全天成交额首超沪市，创业板综指收涨1.2%个股继续爆炒,Wind
2020-09-08,【A股午盘综述】创业板综指半日跌0.61%，成交额1971亿元再超上证指数,Wind
2020-09-08,闻泰科技盘中闪崩，半导体产业板块跌幅继续扩大,Wind
2020-09-08,每日理财观察：年内基金分红超1200亿元，保险电销面临新规范,Wind
2020-09-07,中微公司：悦橙投资等四股东已累计减持公司股份427.87万股 减持股份,中证网
2020-09-07,中微公司(688012.SH)：4名股东累计减持427.87万股减持数过半 减持股份,格隆汇
2020-09-07,中微公司：悦橙投资及其一致行动人合计减持0.81%公司股份 减持股份,Wind
2020-09-07,发生了什么？A股突然跳水：芯片、猪肉股齐杀跌！,中国基金报
2020-09-07,【A股收盘综述】“炒小不炒大”，创业板综指跌1.6%成交金额3548亿元创新高,Wind
2020-09-07,Micro LED板块翻绿，中微公司跌超10%、TCL科技跌近5%,Wind
2020-09-07,策略系列：一周策略回顾与展望,新浪
2020-09-07,芯片股巨震！但板块内这些股票大涨20%,中证报
2020-09-07,半导体板块跌幅继续扩大，中微公司跌超10%,Wind
2020-09-07,多只千亿大白马杀跌，机构抱团松动？外资减仓近30亿,中国基金报
2020-09-07,中微公司、北方华创、兆易创新等跳水，半导体板块跌幅扩大,Wind
2020-09-06,机械军工行业周报：持续看好军工、工程机械；制造业龙头中报好于预期、景气持续,新浪
2020-09-06,机械行业周报：PMI连续半年高于荣枯线 第三代半导体发展利好国产设备,西南证券
2020-09-04,【中信建投电子】中微公司2020年中报点评：刻蚀与MOCVD双线发展稳健，持续迭代新品向高端市场进阶,中信建投电子研究
2020-09-04,中微公司(688012)20H1财报点评：刻蚀与MOCVD双线发展稳健 持续迭代新品向高端市场进阶,新浪
2020-09-04,A股收盘综述：创业板综指低开高走收升0.37%，连续两周录得上涨,Wind
2020-09-04,“大妖股”大跌14%，竟然翻红了……,中国基金报
2020-09-04,【A股午盘综述】创业板综指半日跌0.83%，资金热炒半导体概念股,Wind
2020-09-04,半导体板块涨近2%，中芯国际-U、三安光电、沪硅产业-U、中微公司等集体拉升,Wind
2020-09-04,一款“热搜”基金非理性追逐：爆款基金的“投资陷阱”？,21世纪经济报道
2020-09-03,上半年净利增长近3倍中微公司启动百亿定增,半导体协会
2020-09-03,半导体板块走软，中芯国际-U、三安光电、沪硅产业-U、中微公司普跌,Wind
2020-09-02,电子行业2020年半年度总结和9月投资策略：军工、红外和苹果产业链持续高景气,光大证券
2020-09-02,中微公司(688012)：持续高研发投入 拟定增募集资金用于产业化基地与研发中心项目,新浪
2020-09-01,牛散赵建平吃药喝酒赚220%:与明星基金经理“抱团” 还悄悄做波段,上证报
2020-09-01,16年历史铁律将重现？9月还看科技股？,中证报
2020-09-01,【机械】中微公司：CCP/ICP刻蚀产品研发全面铺开，定增助力高端刻蚀、CVD等高强度研发和长远布局,中银证券研究
2020-09-01,电子行业周报：苹果产业链持续向好 半导体韧性依旧,新浪
2020-09-01,61家半导体公司中报“交卷”：超六成业绩增长，两家营收逾百亿,Wind
2020-08-31,【太平洋机械】机械行业周报20200829：产业链国产化叠加需求复苏，关注工业机器人投资机会,太平洋机械大讲堂
2020-08-31,上半年净利同比增长291.98%，中微公司启动百亿定增,搜狐
2020-08-31,机械行业周报：异质结项目陆续落地 关注光伏、换电设备,新浪
2020-08-31,中微公司上半年净利润增长近3倍，顺势启动百亿定增，股价大涨近5%,21世纪经济报道
2020-08-31,Micro LED概念股表现活跃，TCL科技、华灿光电、京东方A、中微公司大涨,Wind
2020-08-31,A股早报2020年8月31日星期一,Wind
2020-08-31,32家集成电路公司研发投入比超8.5% 4家市值超千亿10家股价年内翻倍,长江商报
2020-08-30,【国元电子】中微公司：刻蚀龙头业绩符合预期，平台化发展初具雏形,茂飞电子研究
2020-08-30,中微公司 | 点评：H1业绩高速增长，定增加快研发进展,透视先进制造
2020-08-30,科创板半年报盘点：有的创下百倍业绩奇迹，有的窟窿太大钱不够“烧”,砍柴网
2020-08-29,中微公司中报净利润同比增长近三倍 推出百亿元定增计划,证券日报
2020-08-29,10位明星基金经理“心水股”首次披露,中国基金报
2020-08-29,上半年盈利增长近3倍 中微公司趁势推出百亿定增,上证报
2020-08-29,装备制造业半年报业绩喜人,Wind
2020-08-29,上市公司正负面新闻2020年8月29日星期六,Wind
2020-08-29,中微半导体设备(上海)股份有限公司截至2020年6月30日止前次募集资金使用情况报告,证券时报
2020-08-29,中微公司拟定增募资100亿加速追赶国际领先企业,证券时报
2020-08-28,中微公司启动百亿定增：扩充泛半导体产业链，实现多产品布局,每日经济新闻
2020-08-28,晚间要闻2020年8月28日星期五,Wind
2020-08-28,中微公司抛百亿元定增计划,大众证券报
2020-08-28,中微公司(688012.SH)拟定增募资不超100亿元用于中微产业化基地建设项目等,格隆汇
2020-08-28,中微公司拟定增募资不超100亿元 上半年净利同比增长292%,上证报
2020-08-28,中微公司：上半年净利同比增长近三倍 拟定增不超100亿元提高产能、加大创新,中证网
2020-08-28,【华西电子孙远峰团队-持续推荐中微公司】刻蚀技术升级关键工艺，向上突破打开空间,远峰电子
2020-08-28,中微公司上半年净利1.19亿增长近三倍，推出百亿定增方案,澎湃新闻
2020-08-28,中微公司拟定增募资100亿元 投向临港总部和研发中心等项目,e公司
2020-08-28,中微公司上半年净利同比增近3倍，抛百亿定增追赶海外巨头,第一财经
2020-08-28,晚间重要公告2020年8月28日星期五,Wind
2020-08-28,中微公司(688012.SH)：上半年净利升291.98%至1.19亿元,格隆汇
2020-08-28,中微公司：拟定增募资不超100亿元 上半年净利同比增近3倍,e公司
2020-08-28,中微公司：上半年净利润同比增长291.98%,Wind
2020-08-28,中微公司：拟定增募资不超过100亿元,Wind
2020-08-28,电子行业日报：二季度NANDFLASH产业营收增长6.5%,新浪
2020-08-26,【A股收盘综述】创业板综指低收2.18%，沪指跌超1%受累半导体等回调,Wind
2020-08-26,芯片股大多疲软，韦尔股份再跌超3%,Wind
2020-08-25,8月A股新增近千亿减持计划，五行业占比超90%,Wind
2020-08-24,中微公司8月24日发生一笔折价大宗交易成交额5236万元,证券时报网
2020-08-24,"中微公司现1笔大宗交易 共成交5,236.20万元",新浪
2020-08-23,机械行业研究：装配式建筑快速推进 塔吊及预制件设备受益,新浪
2020-08-19,"中微公司现2笔大宗交易 共成交5,400.00万元",新浪
2020-08-18,国产刻蚀设备凭什么后发赶超？（附厂商盘点）,国际电子商情
2020-08-18,大市值芯片股整体表现不振，中芯国际-U、中兴通讯、韦尔股份、中微公司等普跌,Wind
2020-08-17,电子行业日报：长江存储128层QLC3DNAND正式亮相,新浪
2020-08-17,涨近8成，超5成预喜：半导体国产替代愈演愈烈,Wind
2020-08-17,机械行业周报：工程机械延续高景气 油气行业资本开支有望出现拐点,西南证券
2020-08-17,机械设备周报2020年8月第2期：7月挖掘机销量同比增长54.8％ 工程机械持续高景气,新浪
2020-08-14,晚间重要公告2020年8月14日星期五,Wind
2020-08-14,科创板50ETF现新进展，值不值得等？,Wind
2020-08-14,华泰研究所8月金股推荐,新浪
2020-08-14,中微公司因四股东拟合计减持不超1.67%股权事项收监管函 金融监管处罚,资本邦
2020-08-14,尾盘突然炸板！暴涨200%大牛股收监管函，到底发生了什么 金融监管处罚,中国基金报
2020-08-14,真假“塔山计划”搅动A股?,21世纪经济报道
2020-08-14,华为“塔山计划”搅动A股 上市公司或发澄清声明,21世纪经济报道
2020-08-13,电子行业日报：板块持续轮动 短期震荡调整,新浪
2020-08-13,上交所就中微公司股东大宗交易减持股份事项下发监管工作函 减持股份,Wind
2020-08-13,首批科创板50ETF即将落地，科创板再迎增量资金,中证报
2020-08-12,中微公司：四股东拟减持不超过895万股公司股份 拟减持股份,中证网
2020-08-12,中微公司：股东拟大宗交易减持公司不超1.67%股份 减持股份,e公司
2020-08-12,中微公司(688012.SH)：悦橙投资等4名股东拟减持不超1.67%股份 拟减持股份,格隆汇
2020-08-12,中微公司：股东计划减持不超1.67%股份 拟减持股份,Wind
2020-08-12,8月A股日均52份减持计划，热门行业成“重灾区”,Wind
2020-08-12,为收回部分投资成本 中微公司4股东拟减持不超过534.86万股 拟减持股份,资本邦
2020-08-11,中微公司股东询价转让结果出炉：瑞士银行及多家公募为受让方,e公司
2020-08-11,中微公司(688012.SH)披露若干股东询价转让结果：由广发基金、诺安基金等受让,格隆汇
2020-08-11,中微公司(688012.SH)披露置都投资询价转让结果：受让方包括瑞士银行、博时基金等,格隆汇
2020-08-11,中微公司(688012.SH)：悦橙投资、创橙投资、亮橙投资、橙色海岸拟合计减持不超1%公司股份 减持股份,格隆汇
2020-08-11,中微公司：股东减持股份比例达到1% 减持股份,Wind
2020-08-11,中微公司：询价转让的价格为178元/股,Wind
2020-08-11,中微公司：悦橙投资等股东合计拟减持不超过总股本1% 拟减持股份,Wind
2020-08-11,中微公司现1笔大宗交易 共成交381.44万元,新浪
2020-08-11,福布斯发布中国最佳CEO榜：张勇第一，马化腾第二,Wind
2020-08-11,机械设备周报2020年8月第1期：中芯国际调增全年计划资本开支至67亿美元 半导体设备产业链有望加快进口替代,新浪
2020-08-10,"中微公司现1笔大宗交易 共成交3,760.00万元",新浪
2020-08-10,半导体板块午后全线转暖，北方华创冲击涨停,Wind
2020-08-09,机械行业周报：光伏设备产业链趋势向好 半导体设备国产化进程有望加速,新浪
2020-08-09,机械行业周报：中芯国际投资再加码、国产设备将大有可为 国际油公司转型提速、页岩气板块迎投资机会,西南证券
2020-08-09,机械设备：工程机械高景气持续 中芯国际合资扩产利好国产设备商,新浪
2020-08-08,半导体设备行业7月数据点评：中芯国际合资扩产 上游设备商率先受益,新浪
2020-08-06,中芯国际(688981)投资价值分析报告：新一轮扩产周期启动 这一次的中芯可有大不同？,光大证券
2020-08-06,高价股现分歧，普涨行情能否持续？,Wind
2020-08-06,银河证券每日晨报,新浪
2020-08-06,半导体行业报告：半导体制造龙头投建新厂 引领行业正向循环,新浪
2020-08-06,睿财看市场：板块轮动中军工占据C位！高科技权重股影响力增强！,恒泰睿财
2020-08-06,半导体设备研究系列九-LAMRESEARCH：Q2业绩向好 Q3指引乐观,广发证券
2020-08-06,电子行业事件点评：中国芯免 利好中芯,新浪
2020-08-06,集成电路板块未如期强劲，主因主力兑现意愿强烈,Wind
2020-08-05,半导体行业点评：国务院发布集成电路产业新政策 半导体行业迎来发展新时期,新浪
2020-08-05,科技行业日报：三星取得思科与谷歌的芯片代工订单,新浪
2020-08-05,半导体行业研究：全产业链加大扶持力度 分级优惠鼓励做强,国金证券股份有限公司
2020-08-05,国务院出手：3万亿芯片板块迎超重磅利好，细分龙头全梳理,证券时报网
2020-08-05,国务院出手 3万亿芯片板块迎超重磅利好,金融界
2020-08-04,符合条件集成电路项目 免征十年所得税,每日经济新闻
2020-08-04,最高十年免税！国务院出台半导体八大优惠政策，中芯国际领衔的这些企业将受益,每日经济新闻
2020-08-04,东兴证券8月金股出炉 中微公司、五粮液等十股上榜,证券日报
2020-08-04,主动权益基金仓位新高，成长风格占比提升——2020年公募基金二季报分析,鲁明量化全视角
2020-08-04,半导体设备｜重要点评：中芯国际合资扩产，国产设备商有望加速获得订单,透视先进制造
2020-08-03,【华西电子-中微公司*超80页PPT新深度】国内半导刻蚀巨头，迈内生&外延平台化,远峰电子
2020-08-03,"中微公司现2笔大宗交易 共成交4,000.00万元",新浪
2020-08-03,半导体设备行业跟踪报告：中芯国际拟大规模投资成熟工艺 国产装备有望积极参与,广发证券
2020-08-03,电子行业点评：中芯国际合作建设28NM项目 国产替代进程加速,新浪
2020-08-03,科创50涨6%，军工板块上演涨停潮，机构建议三主线配置,中证报
2020-08-03,A股午盘综述：上证指数涨逾1%，军工股掀涨停潮,Wind
2020-08-03,快讯：科创50指数大涨5.6% 中微公司等近十股涨超10%,新浪
2020-08-03,【异动股】中芯概念板块拉升，中微公司(688012-CN)涨停,财华社
2020-08-03,中芯国际概念走强，中微公司涨逾12%,第一财经
2020-08-03,芯片板块走强，36只个股上涨，中微公司上涨11.89%,每日经济新闻
2020-08-03,半导体行业点评报告：扩产提升SMIC盈利能力 持续推进产业链国产化,新浪
2020-08-03,A股早报2020年8月3日星期一,Wind
2020-08-02,中银证券8月金股出炉：东方财富、中微公司等上榜,证券日报
2020-08-02,国盛策略：8月科创板将成主战场,Wind
2020-08-02,7月大宗交易热火朝天：两只保险股惊现大幅溢价，机构热衷折价接盘科技股！,每日经济新闻
2020-08-02,千亿级解禁大潮来了，科创板还稳吗？ 解禁,财经国家周刊
2020-07-31,中微公司发生5笔大宗交易合计成交1.02亿元,证券时报网
2020-07-31,"中微公司现5笔大宗交易 共成交10,152.00万元",新浪
2020-07-31,机械行业2020Q2基金持仓分析：总体持仓略微下降 专用设备备受关注,新浪
2020-07-31,助力深紫外LED量产，中微半导体推出最新MOCVD设备,LED在线
2020-07-31,A股早报2020年7月31日星期五,Wind
2020-07-31,Q2主动偏股型基金权益配置研究：仓位提升 增持电子、医药,新浪
2020-07-30,中微公司现15笔大宗交易均为折价成交,证券时报网
2020-07-30,科技行业日报：高通与华为达成专利和解,新浪
2020-07-30,"中微公司现15笔大宗交易 共成交60,520.00万元",新浪
2020-07-30,科创牛：当前机构科创板配置如何？,新浪
2020-07-30,信息科技行业动态点评：加快集成电路发展 产业链公司齐头并进,新浪
2020-07-30,A股早报2020年7月30日星期四,Wind
2020-07-30,清仓式减持你怕吗？那些重仓的基金经理会怎么做,中证报
2020-07-30,透视大宗交易：7月29日共成交171笔，中微公司成交10.15亿元,每日经济新闻
2020-07-29,电子行业点评：芯片代工格局变化 台积电或再迎机遇,新浪
2020-07-29,电子行业周报：集成电路生产恢复 5G智能手机价格下探,新浪
2020-07-29,"中微公司现29笔大宗交易 共成交101,498.52万元",新浪
2020-07-29,2分钟读财报|科创板数家公司花式减持百亿 仍有300亿在路上 减持股份,新浪
2020-07-29,科创板首单询价转让结果揭晓：中微公司股东以底价转让，7成成交,东方网
2020-07-29,科创板首单询价转让结果出炉 中微公司初步确定的本次询价转让价格为178元/股,资本邦
2020-07-29,机械设备行业周报：工程机械中报向好 理性看多新兴行业扩产需求,新浪
2020-07-29,科技行业日报：台积电获得英特尔6NM芯片订单,新浪
2020-07-29,犀牛财经早报：贵州茅台上半年净利增13%近八成银行股“破净”,GPLP犀牛财经
2020-07-29,财经早报：黄金ETF持仓量屡创新高 下半年财政支出将提速,新浪
2020-07-29,美股尾盘大跳水，芯片股普跌！白银一度跌14%，还能涨吗,e公司
2020-07-29,股海导航 7月29日沪深股市公告提示,新浪
2020-07-28,创投基金迎退出良机：12家科创板企业遭减持近百亿元 减持股份,国际金融报
2020-07-28,市场博弈显效！中微公司确定询价转让价格为底价178元/股，不同委托方成交结果不一,21世纪经济报道
2020-07-28,中微公司初定询价转让价178元 两券商销售结果存差异,证券时报
2020-07-28,晚间要闻2020年7月28日星期二,Wind
2020-07-28,制度保障券商护航，中微公司询价转让破局解禁压力,挖贝网
2020-07-28,中微公司披露股东寻求股权转让进展，多家投资者有意接盘 减持股份,澎湃新闻
2020-07-28,中微公司股东询价转让初定接盘者：价格下限已逼近今日收盘价,澎湃新闻
2020-07-28,晚间公告热点追踪：司太立仙居厂区停产自查不超3个月,新浪
2020-07-28,中微公司询价转让价格初步确定为178元/股,北京商报
2020-07-28,科创板首单询价转让出结果出炉,Wind
2020-07-28,20%涨跌幅！创业板注册制第一股下周二申购，看3大变化,Wind
2020-07-28,业内建议理性看待股东减持短期影响 减持股份,中国金融新闻网
2020-07-27,科创50指数：布局优质赛道 构建多元估值,国金证券股份有限公司
2020-07-27,中芯国际概念板块尾盘下滑，全志科技、中微公司领跌,Wind
2020-07-27,两天100亿，VC/PE的退出狂欢，才刚刚开始,投中网
2020-07-27,科创板减持开启，首批亿万富豪将诞生？ 减持股份,中国经济周刊
2020-07-27,减持潮来袭科技股投资寻找新“锚”,中证报
2020-07-26,周末要闻2020年7月26日星期日,Wind
2020-07-26,下周操盘攻略：周一A股将迎“上市潮”，结构性机会可期,Wind
2020-07-25,科创板解禁后首批减持大潮来袭！9家公司股东合计减持93亿元，科创50大跌7.02%,华夏时报
2020-07-25,机械行业周报：全面看多周期 并重视硬科技回调机会,西南证券
2020-07-25,价格低难挡减持冲动：最惨科创板个股7连阴濒临破发 减持股份,每日经济新闻
2020-07-25,价格再低也难挡减持冲动：最惨科创板个股7连阴濒临破发，大股东仍要“清仓”11亿元！这位“元老”下周悬了？,每日经济新闻
2020-07-25,11家科创板企业拟套现超百亿 中微公司首尝询价转让减持新解法 减持股份,21世纪经济报道
2020-07-25,11家科创板企业拟套现超百亿 首单询价转让出炉,21世纪经济报道
2020-07-25,证券时报头版：理性看待科创板股票减持,Wind
2020-07-25,11家科创板企业拟套现超百亿 中微公司首尝询价转让减持新解法,21世纪经济报道
2020-07-24,科创板解禁潮来了！近百亿市值“卡点”减持 真能迎来“黄金坑”吗？ 解禁,金融投资报
2020-07-24,9家科创板企业套现93亿 千亿芯片巨头遭7折抛售,时代周报
2020-07-24,解禁带来“黄金坑”？9家科创板公司齐发减持计划，西部超导被减持金额达20.96亿元,资本邦
2020-07-24,科创板解禁后第二批减持名单出炉，以史为鉴，解禁如何影响市场,Wind
2020-07-24,中微公司：大股东减持系出于自身运营资金需要 减持股份,第一财经
2020-07-24,猝不及防！A股遭遇黑周五：北向资金跑掉163亿,21世纪经济报道
2020-07-24,中微公司：若干股东拟询价转让1.66%的股份,科创板日报
2020-07-24,二次探底？强势股领跌释放风险“蛮牛变慢牛”,Wind
2020-07-24,9家公司同时发布股东减持股份计划公告 减持股份,Ofweek
2020-07-24,【A股收盘综述】上证指数低收3.86%击穿3200关口，科创50跌幅达7%,Wind
2020-07-24,中微公司(688012.SH)：置都投资拟询价转让1%的股份 资产异常,格隆汇
2020-07-24,北上资金流出超百亿！机构资金出逃名单曝光,证券时报网
2020-07-24,9家科创板公司率先披露减持计划中微公司股东“首尝”询价转让券商迎来新市场 减持股份,科创板日报
2020-07-24,科创板9公司拟被甩卖93亿，投资者该不该慌？,Wind
2020-07-24,创业板指跌4.31%！但这一重要指标持续走高，意味着什么,中证报
2020-07-24,美股暴跌+科创板减持来袭！科创板、创业板突然大跌 牛市旗手熄火 减持股份,中国基金报
2020-07-24,科创板首批减持发威：9公司拟被甩卖93亿 谁最想套现 投资者该不该慌？ 减持股份,经济观察网
2020-07-24,北向半日流出120亿：创业板重挫4% 百亿资金出走券商股,新浪
2020-07-24,巨丰视角：北向资金出逃 科创板大减持 A股还能玩吗？ 减持股份,巨丰财经
2020-07-24,解盘：资金出逃，题材走势分化，黄金珠宝、军工略涨,Wind
2020-07-24,中微公司股价翻红，上日晚间公告“试水”科创板首单询价转让,Wind
2020-07-24,科创板迎来“首批减持” 嘉元科技等多股早盘低开,新浪
2020-07-24,【行情】科创板首批公司大幅低开，嘉元科技、西部超导跌7%，中微公司跌4%,金十数据
2020-07-24,西部超导、嘉元科技均低开超7%，公司股东均拟减持,Wind
2020-07-24,中微公司9名股东首试询价转让 业内预测最终转让价或高于底价,证券时报
2020-07-24,港股盘前必读：阿里巴巴国际站上半年平台实收交易额同比增长80%,Wind
2020-07-24,千亿芯片巨头减持，接盘立马浮盈15%,中国基金报
2020-07-24,投资情报丨军工概念股大爆发，科创板解禁后首轮减持潮来袭 解禁,21世纪经济报道
2020-07-24,"突发！科创板减持新套路来了：千亿芯片巨头出手,接盘侠立马赚15%？股民再也不用担心解禁了",中国基金报
2020-07-24,【中证盘前】今年首只翻倍基金诞生；多家公司申报免税品经营资质；特斯拉跌近5%；金价逼近历史高位,中证报
2020-07-24,股东合力同进退，助力中微公司化解“解禁洪峰”,挖贝网
2020-07-24,科创板减持路径多样 中微公司“尝鲜”询价转让,上证报
2020-07-24,中微公司公告首单科创板询价转让计划：六股东拟转让1.66%股份 减持股份,新浪
2020-07-24,51只科创主题基金二季报亮相，重仓17只科创板个股,Wind
2020-07-24,科创板9公司公布减持计划，首现询价转让,Wind
2020-07-24,科创板首现“花式”减持！千亿芯片巨头打折卖，9股拟套现超93亿！8成解禁股东等着卖？,券商中国
2020-07-23,首单科创板询价转让出炉 “7折多”价格交棒机构投资者,上证报
2020-07-23,巨量减持，终于来了！9家科创板公司公告减持，有股东选择清仓,中证报
2020-07-23,中微公司发布股东询价转让计划,上证报
2020-07-23,科创板首单询价转让出炉！中微公司股东拟共减持2.66%股份,Wind
2020-07-23,争相在科创板上市的47家半导体企业，下一步是并购吗？,雷锋网
2020-07-23,二季度基金重仓科创板股名单：12股持有比例超一成,证券时报
2020-07-23,公告点题｜7月23日这些公告有看头,第一财经
2020-07-23,科创板一周年了，半导体产业唱大戏，未来拿什么抗衡纳斯达克？,时代在线
2020-07-23,科创50指数翻红，金山办公、中微公司均涨超1%,Wind
2020-07-23,券商热议科创板个股解禁：短期冲击有限，长期前景乐观,Wind
2020-07-22,科创板一年之变 指数出炉解禁潮起,时代在线
2020-07-22,科创板一周年之最：市值、市盈率和涨幅排行,零壹财经
2020-07-22,科创50来了最高涨幅70%！4只ETF已上报，每天涨跌可达20%,中国基金报
2020-07-22,科创板火爆！公募基金持有市值达230亿元，233只基金扎堆一只票，二季报重仓股曝光（附名单）,每日经济新闻
2020-07-22,科创板：科创板将迎开板一周年 多方因素助推流动性提升,新浪
2020-07-22,公募基金A股二季报出炉，17张图纵览持仓变化,Wind
2020-07-22,揭秘科创板牛股基因,XYSTRATEGY
2020-07-22,科创板一周年：诞生6家千亿公司，89家股价翻倍,经济观察报
2020-07-22,基金第二大重仓股竟是它，碾压五粮液，仅次于茅台！,中国基金报
2020-07-22,芯片股普涨，韦尔股份、中兴通讯、中微公司、兆易创新、紫光国微等纷纷上扬,Wind
2020-07-22,《科创板白皮书2020》正式发布,上证报
2020-07-22,科创板开市一周年，首发上市融资逾2000亿元！,21世纪经济报道
2020-07-22,反其道而行：巨额解禁或开启科创板阶段性突袭机会 解禁,新浪
2020-07-22,“试验田”生机勃发 投资者畅享科技红利,上证报
2020-07-22,A股超级重磅：新版上证综指、科创板1800亿解禁,Wind
2020-07-22,重磅！科创板今日迎巨量解禁！ 解禁,国盛证券
2020-07-22,41家券商同享科创板盛筵，平均每家跟投浮盈超3.6亿元,Wind
2020-07-21,科创板将满周岁：平均涨幅两倍 6家公司跻身千亿市值军团,金融界
2020-07-21,科技行业日报：美国扩容实体清单 个股影响较小,新浪
2020-07-21,城市|科创板之地理分布：长三角地区“三高” 上海集苏、京、粤产业之所长,科创板日报
2020-07-21,1803亿！明天，巨额解禁洪峰来袭！A股迎来大考 解禁,投资家
2020-07-21,科创板将迎近2000亿市值解禁大关，A股会砸出“黄金坑”还是被砸懵？ 解禁,中国经济周刊
2020-07-21,蚂蚁上市引爆概念股，聪明资金提前扫货这几只,证券时报网
2020-07-21,解盘：大消费强势，数字货币、白酒、生物疫苗、特高压领涨,Wind
2020-07-21,【行情】科创板板块回暖，寒武纪涨16%，中微公司涨9%,金十数据
2020-07-21,芯片股活跃，中微公司、乐鑫科技、圣邦股份大涨,Wind
2020-07-21,科技行业日报：中报业绩陆续披露 关注优质个股,新浪
2020-07-21,A股解禁洪峰将至 哪些股压力大？ 解禁,中证报
2020-07-20,通信行业周报：华为下半年机遇挑战并存 NB-IOT产业链值得关注,华安证券
2020-07-20,科创板第一波解禁潮来袭：9家半导体/手机产业企业解禁市值达1200亿元！ 解禁,搜狐
2020-07-20,电子行业：MINILED迎来背光放量 商显蓄势待发,新浪
2020-07-20,电子行业周报：台积电Q2业绩超预期 关注H1业绩优异企业,新浪
2020-07-20,中微公司震荡翻红，早盘一度跌11%,Wind
2020-07-20,“百川汇流 科创奔腾” ——科创板一周年主题论坛成功举办,科创板日报
2020-07-20,本周迎下半年最大解禁高峰 3000亿解禁影响几何？,经济观察报
2020-07-20,大族激光、中微公司闪崩，半导体设备板块急速下挫,Wind
2020-07-20,科创板千亿市值公司不断扩充 中芯国际、金山办公等6家超过千亿市值,资本邦
2020-07-20,A股周三迎大考！监管祭出四层“缓冲垫”,券商中国
2020-07-20,本周2500亿巨额解禁来袭！A股会受多大影响？,21世纪经济报道
2020-07-20,年内第二大解禁“洪峰”到来 两只千亿市值明星股解禁市值最大 解禁,每经牛眼
2020-07-20,A股周三迎大考！科技牛能否继续？这个动作是关键,券商中国
2020-07-20,科创板1800亿解禁洪峰将至，监管祭出四层“缓冲垫”,Wind
2020-07-20,A股周三迎大考！科创板1800亿解禁洪峰将至，监管祭出四层“缓冲垫”，科技牛能否继续？ 解禁,券商中国
2020-07-19,科创板首批解禁洪流来袭 券商策略：有惊无险，影响有限 解禁,中国基金报
2020-07-19,科创板领衔 A股迎下半年最大解禁周 解禁,北京商报
2020-07-19,近5万股民心悬悬：两只千亿市值明星股下周解禁市值最大(名单) 解禁,每经网
2020-07-19,A股重磅！就在下周，2500亿巨额解禁来袭！200万股东惊心：股价会大跌么？券商首席们这么看！ 解禁,中国基金报
2020-07-19,下周操盘攻略：超2500亿元限售股解禁，12只新股迎来申购,Wind
2020-07-19,国盛证券：调整机会是稀缺的，胜利属于乐观者,Wind
2020-07-19,下周限售股解禁市值达2588.81亿元，中微公司、澜起科技榜上有名（附名单） 解禁,每日经济新闻
2020-07-19,【科创板开市周年】数说：募资近2000亿 85股较发行价翻倍 四类公司受青睐,经济观察网
2020-07-19,就在下周！A股解禁洪峰将至，这两家半导体明星公司“鸭梨山大” 解禁,中证报
2020-07-19,数说科创板周年,经济观察报
2020-07-18,警惕！超2500亿解禁将至 两大芯片迎考验（名单）,证券时报
2020-07-18,警惕！超2500亿解禁将至，两大芯片迎重大考验，十倍牛股赫然在列 解禁,搜狐
2020-07-18,警惕！超2500亿解禁将至，十倍牛股赫然在列，7股解禁比超五成（名单） 解禁,证券时报网
2020-07-18,A股“千亿俱乐部”，北京、广东各晋9家占鳌头,Wind
2020-07-17,芯片企业将成为科创板最好招牌,上观
2020-07-17,中芯国际上市大涨背后，折射出科创板三个新趋势,上观
2020-07-17,半导体板块低开约1%，中微公司、中环股份等领跌,Wind
2020-07-17,证券时报头版：中芯国际刮起“情感估值”，投资者需兼顾产业规律,Wind
2020-07-16,市值破6000亿！中芯国际首日收涨202%，科创板第一“吸金兽”诞生,时代在线
2020-07-16,A股收盘综述：上证指数跌4.5%，创业板指跌近6%,Wind
2020-07-16,解盘：大消费拖累指数，环保、稀土永磁、数字货币略涨,Wind
2020-07-16,A股午盘综述：上证指数跌1.41%，大消费板块深度回调,Wind
2020-07-16,中芯国际概念板块重挫，中微公司、兆易创新、北方华创、长电科技、北京君正等大跌,Wind
2020-07-16,【行情】半导体芯片板块走弱，智光电气跌停，中微公司、北京君正、申通地铁等跌逾8%,金十数据
2020-07-16,中芯国际正式登陆A股，532亿融资额刷新科创板记录,Wind
2020-07-16,今天，“中国芯”正式登陆A股,Wind
2020-07-16,科创板两千亿解禁市值压顶，业界称影响“有惊无险” 解禁,Wind
2020-07-15,885亿，又一只国家级大基金成立！,Wind
2020-07-14,中微公司获15项专利,科创板日报
2020-07-14,3400点之上，这四个消息要重视,Wind
2020-07-13,电子行业周报：半导体行业再迎春风 5G手机出货占比提升,新浪
2020-07-13,芯片股走升分化，韦尔股份、中微公司、兆易创新、澜起科技、汇顶科技逆市下跌,Wind
2020-07-13,机械行业周报：大众MEB10月启动运营 关注供应链设备标的,新浪
2020-07-13,机械设备行业周报：基建产业链需求饱满 关注锂电后段设备投资机会,新浪
2020-07-13,120亿美元 半导体设备订单花落谁家,第一财经
2020-07-12,中微公司：1.94亿股限售股7月22日上市流通 解禁,Wind
2020-07-11,7月科创板待解禁市值达2226亿元 中微公司等5公司解禁超百亿 解禁,证券时报网
2020-07-11,科创板2200亿解禁来袭，业界称市场承压有限,Wind
2020-07-10,国盾量子首日涨9倍多中一签盈利逾16万,证券时报
2020-07-09,科技行业日报：国内首款中国芯DDR4内存条大规模量产,新浪
2020-07-08,科技行业日报：半年报业绩陆续出炉 优质个股涌现,新浪
2020-07-08,机械行业2020年中期投资策略：围绕五大趋势 掘金长线机会,新浪
2020-07-08,睿财看市场：数据宝,新浪
2020-07-08,中芯国际登陆科创板 IPO影子股大涨,证券时报
2020-07-07,10万股东半日躺赚120万，A股巨无霸疯涨！,证券时报
2020-07-07,10万股东半日躺赚120万 贵州茅台市值破2.1万亿,证券时报
2020-07-07,每日理财观察：股票ETF单日成交额创历史第三高，爆款基金再现,Wind
2020-07-07,国产芯片或迎来机遇期，中芯国际产业链掀涨停潮！,恒泰睿财
2020-07-07,陆家嘴财经早餐2020年7月7日星期二,Wind
2020-07-07,存储器巨头推动NAND布局投资 五股蓄势待发,证券时报
2020-07-06,科技行业日报：中芯国际将申购 利好半导体设备与材料,新浪
2020-07-06,金融街下午茶2020年7月6日星期一,Wind
2020-07-06,突破3200点，站上3300点，一天完成！,Wind
2020-07-06,电子行业点评：旺季来临 看好三季度表现,新浪
2020-07-06,半导体设备板块大涨近9%，中微公司冲击涨停,Wind
2020-07-06,半导体板块持续拉升，沪硅产业-U涨停,Wind
2020-07-06,中芯国际确认发行价，港股股价刷新高，概念股集体狂欢丨牛熊眼,第一财经
2020-07-06,【太平洋机械】机械行业周报20200704：工业机器人国产化加速，明星企业“扎堆”上市,太平洋机械大讲堂
2020-07-06,“意念”涨停？13只中芯国际影子股名单来了！,中证报
2020-07-06,中芯国际确定27.46元发行价，7月7日打新！大基金获配35亿元,Wind
2020-07-06,多家上市公司间接参与中芯国际战略投资,Wind
2020-07-06,中环股份(002129)：增发投入半导硅片项目 参与中芯战略认购,新浪
2020-07-06,陆家嘴财经早餐2020年7月6日星期一,Wind
2020-07-05,晚间公告热点追踪：芯片龙头中芯国际下周二申购,新浪
2020-07-05,晚间重要公告2020年7月5日星期日,Wind
2020-07-05,半导体设备｜重要点评：中芯国际战略配售覆盖核心设备商材料商，深入绑定发展加速,透视先进制造
2020-07-05,中芯国际7月7日申购，A股多家上市公司参股,Wind
2020-07-05,中芯国际7月7日科创板打新：发行价27.46元，战投认购一半,Wind
2020-07-04,中芯国际科创板IPO募资或达450亿，战投将认购50%份额,证券时报
2020-07-03,科创板千亿解禁洪峰将至，上交所发减持细则,Wind
2020-07-03,芯片板块出现调整，韦尔股份、中微公司、兆易创新、卓胜微普跌,Wind
2020-07-03,A股融资融券日报：两融余额增加140.38亿元（7月2日）,Wind
2020-07-02,木林森、华灿、中微、超频三合计“进补”2亿余元,LED在线
2020-07-02,中微公司使用10亿元闲置募集资金进行现金管理,和讯
2020-07-02,A股融资融券日报：两融余额增加125.09亿元（7月1日),Wind
2020-07-02,A股早报2020年7月2日星期四,Wind
2020-07-02,7月A股迎来解禁高峰 24只科创板个股1703亿市值限售股松绑 解禁,21世纪经济报道
2020-07-02,首批科创板公司迎集中解禁 解禁,21世纪经济报道
2020-07-01,中微公司获得8217.5万元政府补助,中国证券网
2020-07-01,中微公司：累计收到政府补贴8217.5万元,中证网
2020-07-01,科创板晚报|中微公司4月至今累计获政府补助超8千万元中译语通获3.65亿元融资,科创板日报
2020-07-01,中微公司(688012.SH)向700名激励对象首次授予670万股限制性股票,格隆汇
2020-07-01,中微公司(688012.SH)：自4月3日至今累计获得政府补助8217.5万元,格隆汇
2020-07-01,中微公司(688012.SH)：授予6名激励对象54.68万份股票增值权,格隆汇
2020-07-01,【华西电子-SEMICON纪要（下）】半导前道设备新技术国产化突破,远峰电子
2020-07-01,A股融资融券日报：两融余额增加135.2亿元（6月30日),Wind
2020-06-30,芯片产业链暴涨，外资重金杀入！看活跃资金重点加仓股,证券时报网
2020-06-30,A股融资融券日报：两融余额增加86.23亿元（6月29日）,Wind
2020-06-29,机械行业周报：设备国产替代稳步推进 国内油服行业景气持续 推荐半导体设备与油服板块,西南证券
2020-06-29,芯片股整体表现不振，卓胜微、兆易创新、中微公司、纳思达、圣邦股份跌幅居前,Wind
2020-06-29,机械行业研究周报：扩产及新技术双轮驱动 继续推荐光伏设备,新浪
2020-06-29,A股融资融券日报：两融余额减少52.66亿元（6月24日）,Wind
2020-06-29,解禁洪峰第二波！科创板与医药成主力(附名单),证券时报网
2020-06-28,【国君策略】结构行情：哪些公司将进入机构“瞄准镜”？,Wind
2020-06-28,睿财看市场：数据宝,新浪
2020-06-27,科创板：破冰一年间，它的投资机会来了吗？,Wind
2020-06-24,半导体先进封测设备研究：先进封测产能加速扩张 设备边际需求持续改善,新浪
2020-06-24,【研报掘金】把握电子行业细分领域长期确定趋势 关注相关龙头企业,证券时报网
2020-06-24,紫光集团入选福布斯中国最具创新力企业榜TOP50,工业新闻网
2020-06-24,A股融资融券日报：两融余额增加50.04亿元（6月23日),Wind
2020-06-23,电子行业2020年下半年投资策略：一个世界两套系统 创新重启加速替代,光大证券
2020-06-23,北方华创(002371)：国内半导体设备龙头 引领设备国产化大浪潮,国海证券
2020-06-23,机械设备周报2020年6月第2期：5月挖掘机销量再超预期 工程机械持续高景气,新浪
2020-06-23,睿财看市场：三大指数全线开花 半导体引领科技股反弹,新浪
2020-06-23,A股融资融券日报：两融余额增加113.78亿元（6月22日),Wind
2020-06-22,半导体行业点评报告：半导设备&材料 景气度可望加速回归,新浪
2020-06-22,芯片国产化进程加快，A股小伙伴“加速”入场,Wind
2020-06-22,芯片板块强力拉升，至纯科技涨停、中微公司等大涨,Wind
2020-06-22,A股融资融券日报：两融余额增加0.17亿元（6月19日),Wind
2020-06-22,本土半导体设备企业进入内生+外延发展并行关键时期 —— 半导体设备系列动态之十三【中信建投机械】,微信
2020-06-21,周末科技股多重利好，有望开启新行情！,新浪
2020-06-21,A股4600亿解禁洪峰7月来袭，11股超百亿 解禁,证券时报
2020-06-21,上证综指编制方法改革释放了哪些积极信号？“科创50”也来了！,证券日报
2020-06-21,4600亿解禁洪峰即将袭来，11股超百亿，这只芯片龙头股压力山大 解禁,证券时报
2020-06-21,400万股民小心！4600亿解禁洪峰即将袭来，11股超百亿，这只芯片龙头股压力山大（名单） 解禁,证券时报
2020-06-20,芯片设备：研究框架（115页）,半导体风向标
2020-06-20,新指数发布带来的赚钱机会,新浪
2020-06-19,上证科创板50指数成分股总市值突破万亿,Wind
2020-06-19,科创板50指数来了！这些股票入选,Wind
2020-06-19,上交所：7月23日正式发布“科创50”指数实时行情,Wind
2020-06-19,A股融资融券日报：两融余额增加57.64亿元（6月18日),Wind
2020-06-18,中微董事长：并没有很多公司回自己国家生产，中国有竞争优势,澎湃新闻
2020-06-18,A股融资融券日报：两融余额增加44.43亿元（6月17日),Wind
2020-06-18,科创板一周年“成绩单”,21世纪经济报道
2020-06-17,机构合力调研国内唯一龙头 一己之力促使美国解除出口管制,巨丰财经
2020-06-17,6月逾200亿减持，4千亿巨量解禁下月将至,Wind
2020-06-17,A股融资融券日报：两融余额增加79.14亿元（6月16日),Wind
2020-06-16,科创板开板一周年！10张图看懂 机构最爱个股曝光,中财网
2020-06-16,A股融资融券日报：两融余额增加44.22亿元（6月15日),Wind
2020-06-16,逾半数科创板公司股价翻倍,Wind
2020-06-15,A股融资融券日报：两融余额减少5.93亿元（6月12日),Wind
2020-06-13,科创板开板一周年，51家TMT公司成功上市-科创板系列报告【安信诸海滨团队】,诸海滨科新先声
2020-06-13,筑巢引凤！科创板开板一周年，开创A股历史上多个“第一”,每日经济新闻
2020-06-12,A股融资融券日报：两融余额增加30.2亿元（6月11日),Wind
2020-06-11,半导体设备板块连续拉升，晶盛机电、芯源微、中微公司大涨,Wind
2020-06-11,A股融资融券日报：两融余额增加21.86亿元（6月10日）,Wind
2020-06-10,科创板这一年： 标的股扩容三倍 3股市值破千亿,北京商报
2020-06-10,机械设备行业2020年中期投资策略报告：布局高景气赛道 寻找震荡中的确定性机会,新浪
2020-06-10,A股融资融券日报：两融余额增加19.15亿元（6月9日）,Wind
2020-06-09,【建投中小盘】一周策略回顾与展望2020-06-09,中信建投中小市值
2020-06-09,国防军工行业点评报告：军工白马加大底部配置 持续看好工程机械和半导体设备板块,新浪
2020-06-09,科创板深改怎么改｜股权激励方案将加大适应性：两个改进空间,澎湃新闻
2020-06-09,中小公司研究：一周策略回顾与展望,新浪
2020-06-09,A股融资融券日报：两融余额增加47.53亿元（6月8日）,Wind
2020-06-09,中微公司发布股权激励方案 超9成员工成激励对象,中证网
2020-06-08,电子行业周报：景气度复苏 关注电子板块低位布局机遇,新浪
2020-06-08,A股融资融券日报：两融余额减少11.51亿元（6月5日）,Wind
2020-06-08,机械设备行业周报：超配工程机械 看好液压件龙头,新浪
2020-06-07,科创板众生相：一半海水，一半火焰,格隆汇
2020-06-05,中微半导体设备(上海)股份有限公司,科创板日报
2020-06-05,中微公司：公司与参股公司间股权转让及增资扩股暨关联交易,Wind
2020-06-05,中微公司(688012.SH)：芯元基拟收购创徒光电全部股权并增资扩股,格隆汇
2020-06-04,菲利华：石英器件已有中微公司批量订单,第一财经
2020-06-03,半导体系列研究之二：海外疫情对半导体设备影响的动态跟踪,新浪
2020-06-03,A股融资融券日报：两融余额增加41.39亿元（6月2日）,Wind
2020-06-03,寒武纪来了，影子股走起，国产芯片核心资产名单扩容,证券时报网
2020-06-03,小心，清仓减持又来了！注意，1天4家公司被举牌（附名单）,Wind
2020-06-02,5月450亿减持创年度新高，科技医疗抛售居前,Wind
2020-06-02,电子行业2020中期策略报告：5G创新持续 半导体国产空间大,新浪
2020-06-01,华为概念股集体井喷，一文看清发生了什么？,Wind
2020-06-01,A股融资融券日报：两融余额减少24.85亿元（5月29日）,Wind
2020-06-01,机械行业研究：工程机械基本面强劲 估值提升长期驱动,新浪
2020-05-31,5月83股创历史新高，还有16股年内翻倍，这两大行业成牛股集中营,Wind
2020-05-29,北方华创(002371)：国内半导体设备最全玩家 晶圆厂扩产推动业绩持续增长,西南证券
2020-05-29,新莱应材(300260)：刻蚀设备核心部件供应商 助力芯征程,国联证券
2020-05-29,科技行业日报：震荡调整下防御为主,新浪
2020-05-29,A股融资融券日报：两融余额减少4.18亿元（5月28日）,Wind
2020-05-29,东兴证券2020年6月十大金股,东兴研究圈
2020-05-28,A股融资融券日报：两融余额减少1.54亿元（5月27日）,Wind
2020-05-28,机构扎堆高价股，新千元股还有多远,中证报
2020-05-27,A股融资融券日报：两融余额增加30.93亿元（5月26日）,Wind
2020-05-26,国防军工行业周报：军工逆周期价值凸显 工程机械、半导体设备进入景气周期,新浪
2020-05-26,【行情】科创板早盘大涨，天准科技涨停，华兴源创、光峰科技、杭可科技、容百科技、中微公司等集体走高。,金十数据
2020-05-26,【行情】半导体芯片走强，圣邦股份拉升封板，韦尔股份、北方华创、中微公司等涨逾5%。,金十数据
2020-05-26,A股融资融券日报：两融余额增加0.67亿元（5月25日）,Wind
2020-05-26,融资融券周报2020年第20周,新浪
2020-05-25,A股融资融券日报：两融余额减少55.85亿元（5月22日）,Wind
2020-05-23,民生证券：持续看好5G创新及半导体国产化大趋势(股),新浪
2020-05-22,A股融资融券日报：两融余额减少9.16亿元（5月21日）,Wind
2020-05-21,年度减持1400亿科技股承压，将再迎解禁高峰,Wind
2020-05-21,A股融资融券日报：两融余额减少2.54亿元（5月20日）,Wind
2020-05-21,半导体行业：面对限制华为发声 崎岖坎坷永不言弃,新浪
2020-05-20,14股月内涨幅超过30%！科创板再获机构追捧,中投网
2020-05-20,A股融资融券日报：两融余额增加41.22亿元（5月19日),Wind
2020-05-20,睿财看市场：三大指数全线开花，半导体引领科技股反弹,恒泰睿财
2020-05-20,科创板活跃度持续高企 机构重仓股获超额收益,上证报
2020-05-19,5月19日A股龙虎榜揭秘，机构抛售17股,Wind
2020-05-19,机械设备周报2020年5月第2期：大基金二期及上海集成电路基金II增资中芯南方 国产半导体设备加速发展,新浪
2020-05-19,科技行业日报：美国对华为管制升级 限制设计与生产,新浪
2020-05-19,科创板尾盘再度发力,Wind
2020-05-19,科创板表现抢眼,Wind
2020-05-19,震撼！年内34股股价已翻倍，私募仓位更是创下新高,券商中国
2020-05-19,A股融资融券日报：两融余额增加13.39亿元（5月18日）,Wind
2020-05-19,资金汇集白马股，A股千亿市值军团扩至近百家,Wind
2020-05-19,34家券商跟投科创板实现浮盈超64亿元，加码布局另类子公司,Wind
2020-05-19,华为限令搅动芯片股，半导体板块会否复制上一年行情,第一财经
2020-05-18,半导体设备国产化正当时！产业链加速向中国转移,上证报
2020-05-18,科创板收评 | 两只新股登陆科创板，上市首日涨幅均逾90%,第一财经
2020-05-18,【研报掘金】美对华为制裁升级大基金二期投资加速 国产替代逻辑加强,证券时报网
2020-05-18,【行情】科创板板块午后异动拉升，沪硅产业涨6%，中微公司涨4.05%，芯源微涨3.67%，华特气体、光云科技等跟涨。,金十数据
2020-05-18,国产芯片概念股逆市走强 逾50亿主力资金却悄然流出,中证网
2020-05-18,A股千亿市值扩容至近百家，牛股这些特征你看清了吗？,上证报
2020-05-18,一则消息撬动了涨停板，事关国产半导体突围！产业链个股仔细看,e公司
2020-05-18,A股融资融券日报：两融余额减少5.73亿元（5月15日）,Wind
2020-05-18,半导体行业事件点评：华为限令影响仍需观察 国产替代愈发坚定,新浪
2020-05-15,机构：电子板块向好 半导体国产替代新机会来临,中国财富网
2020-05-15,科创板表现抢眼,Wind
2020-05-15,MICRO LED板块延续强势,Wind
2020-05-15,A股融资融券日报：两融余额增加18.59亿元（5月14日）,Wind
2020-05-14,深度*行业*半导体设备国产化专题九：清洗设备-清洗设备国产化率与刻蚀设备国产化率基本持平 盛美是12寸线清洗设备国产化关键推动者,新浪
2020-05-14,中邮证券晨会纪要,新浪
2020-05-14,A股融资融券日报：两融余额增加37.66亿元（5月13日）,Wind
2020-05-14,杠杆资金5天加仓近300亿 一大批股票创新高（名单）,中证报
2020-05-13,产品用途设限！美国半导体设备公司来函，国产替代有望加速,中证报
2020-05-13,传美国对国内半导体工厂启动无限追溯 中微公司大涨超6%,新浪
2020-05-13,芯片板块开盘活跃,Wind
2020-05-13,【行情】半导体板块开盘异动拉升，光力科技秒板，中微公司涨4.39%，海特高新、北方华创等跟涨。,金十数据
2020-05-13,A股融资融券日报：两融余额增加30.41亿元（5月12日）,Wind
2020-05-12,【万联机械|半导体设备专题】半导体设备专题综述篇：政策支持与资金投入助力设备国产化,万联证券研究所
2020-05-12,【读财报】百家争鸣“含科量” 科创板里哪家强？,新华网
2020-05-12,A股融资融券日报：两融余额增加67.65亿元（5月11日）,Wind
2020-05-12,百家争鸣“含科量”科创板里哪家强？,面包财经
2020-05-11,A股融资融券日报：两融余额增加19.17亿元（5月8日）,Wind
2020-05-10,【太平洋机械】机械行业周报20200509：工业机器人及自动化订单回暖，行业复苏继续进行,太平洋机械大讲堂
2020-05-08,科创板TMT：Q1财报分析，Q2有望更快复苏｜英博前瞻,英博前瞻
2020-05-08,牛散长跑健将最新持股曝光：赵建平重仓半导体新股，吴鸣霄坚守天下秀，周军建仓秀强股份,红周刊
2020-05-08,A股融资融券日报：两融余额增加65.99亿元（5月7日）,Wind
2020-05-08,牛散长跑健将最新持股曝光：赵建平重仓半导体新股 周军建仓秀强股份,红周刊
2020-05-07,深度剖析——牛散最新持仓,--
2020-05-07,A股融资融券日报：两融余额增加128.16亿元（5月6日）,Wind
2020-05-06,中芯国际拟登陆科创板，科技股“满血复活”,Wind
2020-05-06,47家上市公司员工年薪超50万，科技行业增幅高,证券时报网
2020-05-06,中芯国际要上科创板:芯片板块大涨 A股哪些小伙伴搭上顺风车？,上证报
2020-05-06,【行情】半导体芯片股继续走强，容大感光拉升封板，长电科技、中微公司、聚辰股份等涨逾6%。,金十数据
2020-05-06,半导体板块走强,Wind
2020-05-06,A股融资融券日报：两融余额减少73.09亿元（4月30日),Wind
2020-05-06,【机械】中微公司： 刻蚀设备新星，平台型格局初现,微信
2020-04-30,科创板年报|半导体板块：澜起科技净利润最高中微公司增速最快,科创板日报
2020-04-30,科创板收评 | 95只个股上涨，沪硅产业和聚辰股份涨停,第一财经
2020-04-30,强者恒强！半导体增收增利，机构重仓股逆势大涨,Wind
2020-04-30,上交所：科创板公司年报全部披露，亮点纷呈,Wind
2020-04-30,【行情】科创板板块早盘大涨，聚辰股份涨停，沪硅产业涨9%，华特气体涨7.53%，中微公司、澜起科技跟涨。,金十数据
2020-04-30,A股融资融券日报：两融余额减少41.24亿元（4月29日）,Wind
2020-04-29,"中微半导体发公告：“中国最强牛人回国，让美国痛心疾首"" 等假消息请不要再传了！",唯样资讯
2020-04-29,A股融资融券日报：两融余额减少41.82亿元（4月28日）,Wind
2020-04-29,科创板上市满百家，平均研发投入占比12%！业内建议推相关指数,证券时报网
2020-04-29,科创板迎来第100家上市企业，近两成公司研发投入占比20%以上,Wind
2020-04-29,科创板上市企业满百平均研发投入占比达12%,证券时报
2020-04-29,中微公司(688012.SH)一季度净利润升89.47%至2622.49万元,格隆汇
2020-04-29,中微公司：一季度净利润同比增长89.47%,Wind
2020-04-28,A股融资融券日报：两融余额减少16.14亿元（4月27日）,Wind
2020-04-27,【中信建投电子|刘双锋&雷鸣团队】周报：电子板块回调充分或迎来买入机会，关注半导体材料和设备板块,中信建投电子研究
2020-04-27,A股融资融券日报：两融余额减少69.89亿元（4月24日）,Wind
2020-04-24,针对涉及专利行政诉讼一事，中微这样回应 诉讼纠纷,国际电子商情
2020-04-24,中微公司回应涉及专利行政诉讼一事 诉讼纠纷,科创板日报
2020-04-24,A股融资融券日报：两融余额增加0.38亿元（4月23日）,Wind
2020-04-23,"签署协议却""和而不解"" 时隔两年中微公司再涉专利纠纷",新浪
2020-04-23,中微5纳米刻蚀机已获批量订单，仅台积电、三星掌握工艺,观察者网
2020-04-23,48只科创板股融资余额环比增加,证券时报网
2020-04-23,A股融资融券日报：两融余额增加36.64亿元（4月22日）,Wind
2020-04-22,科创板百元股达13只，石头科技股价最高,证券时报网
2020-04-22,科创板股融资融券余额每日变动（4月21日）,证券时报网
2020-04-22,科创板中微、久日新材2019年业绩如何？,Ofweek
2020-04-22,A股融资融券日报：两融余额增加10.51亿元（4月21日）,Wind
2020-04-21,13只科创板股股票跻身百元股阵营,证券时报网
2020-04-21,又有三家LED企业公布2019年成绩单，均实现净增长,Ofweek
2020-04-21,43只科创板股融资余额环比增加,证券时报网
2020-04-21,A股融资融券日报：两融余额增加42.91亿元（4月20日）,Wind
2020-04-20,科创板高价股排行榜,证券时报网
2020-04-20,科创板业绩全梳理：97家公司仅2家亏损有公司净利润增速达301% 亏损,挖贝网
2020-04-20,刻蚀设备国货之光 中微公司2019年净利润倍增,证券日报
2020-04-20,34只科创板股融资余额环比增加,证券时报网
2020-04-20,机构掘金科创板 持有9家公司超1000万股,中国基金报
2020-04-18,中微公司高增长却不分红 尹志尧详解“芯”思路,上证报
2020-04-18,半导体设备国产化条件逐渐成熟,中证报
2020-04-17,拆财报｜中微公司利润高度依赖政府补贴，研发“加码”能否破局？,21世纪经济报道
2020-04-17,中微公司董事长尹志尧：刻蚀机产品在最高端领域有不足之处 必须未雨绸缪,每日经济新闻
2020-04-17,中微公司：半导体行业须未雨绸缪，未来将不断提高市占率,第一财经
2020-04-17,中微公司业绩说明会透露重要信号：已100%复产，未来将多产品布局、“三条腿”走路,科创板日报
2020-04-17,【面包财报】中微公司：2019年归母净利润1.89亿元，同比增长107.51%,面包财经
2020-04-17,中微公司：2019年归母净利润1.89亿元，同比增长107.51%,面包财经
2020-04-17,中微公司董事长：正开发新一代刻蚀机，并取得了初步进展,21世纪经济报道
2020-04-17,被问为什么不分红？中微公司尹志尧如此回答,金融界
2020-04-17,中微公司尹志尧：MOCVD逐步进入深紫外等中高端应用市场,上证报
2020-04-17,中微公司尹志尧：今年订单总体健康向好,上证报
2020-04-17,中微公司尹志尧透露刻蚀机等三大研发方向,上证报
2020-04-17,中微公司尹志尧：在5nm设备上已取得闪存制造商的重复订单,上证报
2020-04-17,中微公司今年所收补助已超去年利润,第一财经
2020-04-17,中微公司2019年对外股权投资项目情况,金融界
2020-04-17,董事长介绍中微公司员工情况,金融界
2020-04-17,中微公司：公司业务尚未受到国际贸易和科技方面摩擦的实质性影响,e公司
2020-04-17,中微公司回应“已开发出5纳米的芯片”传闻,Wind
2020-04-17,中微公司回应“已开发出5纳米的芯片”传闻,e公司
2020-04-17,中微公司：公司2019年度毛利率34.93% 情况基本稳定,e公司
2020-04-17,中微公司：公司正在开发新一代的刻蚀机,e公司
2020-04-17,中微公司：公司各方面生产经营情况都已走入正轨,e公司
2020-04-17,中微公司：正在全力开发可用于Mini-LED生产的新型MOCVD设备产品,e公司
2020-04-17,中微公司：力争未来十年内发展成为国际一流的半导体设备公司,e公司
2020-04-17,中微公司董秘刘晓宇主持,金融界
2020-04-17,中微公司董事长、总经理尹志尧致辞,金融界
2020-04-17,“铁公鸡”？中微公司19年赚1.89亿元 处于发展期不分红,资本邦
2020-04-17,中微公司：将通过投资、并购等外延式成长途径扩大在集成电路领域覆盖,e公司
2020-04-17,中微公司2019年营收19.47亿元 净利润同比增长107.51%,TechWeb
2020-04-17,A股融资融券日报：两融余额增加21.15亿元（4月16日）,Wind
2020-04-16,4月17日十大利好公告：中微公司2019年净利同比倍增,金融界
2020-04-16,中微公司：2019年实现净利润1.89亿元 同比增长翻倍,中证网
2020-04-16,中微公司：考虑投资并购国内外高端的半导体设备厂商,科创板日报
2020-04-16,中微公司年报：2019年净利润1.89亿元同比增长107.51%,科创板日报
2020-04-16,中微公司：5纳米刻蚀设备已获得行业领先客户的批量订单,科创板日报
2020-04-16,科创板晚报|中微公司5nm刻蚀设备获批量订单嘉元科技拟投建1.5万吨高性能铜箔项目,科创板日报
2020-04-16,中微公司2019年净利润同比增长108% 研发投入占营收比为21.81%,e公司
2020-04-16,直播预告丨中微公司2019年度网上业绩说明会将于4月17日开启,21世纪经济报道
2020-04-16,中微公司(688012.SH)2019年度净利润升107.51%至1.89亿元,格隆汇
2020-04-16,中微公司：2019年净利1.89亿元 同比增108%,e公司
2020-04-16,科创板中微公司：2019年实现净利1.89亿 不分配利润,新浪
2020-04-16,中微公司：2019年净利润同比增长107.51%,Wind
2020-04-16,预告：中微公司将于明天上午召开业绩说明会,上证报
2020-04-16,中微半导体设备（上海）股份有限公司公司简介,金融界
2020-04-16,A股融资融券日报：两融余额减少0.95亿元（4月15日）,Wind
2020-04-15,解码科创板｜51股飘红 中微公司收涨6.54%,上游新闻
2020-04-15,科创板收评：个股涨跌互现中微公司涨超6%,科创板日报
2020-04-15,芯片股盘中拉升 中微公司大涨逾7%,每日经济新闻
2020-04-15,芯片股异动,Wind
2020-04-15,A股融资融券日报：两融余额增加8.75亿元（4月14日）,Wind
2020-04-14,A股融资融券日报：两融余额减少5.11亿元（4月13日）,Wind
2020-04-13,科创板百元股达12只，石头科技股价最高,证券时报网
2020-04-13,A股融资融券日报：两融余额减少69.06亿元（4月10日）,Wind
2020-04-12,【太平洋机械】机械行业周报20200411：工程机械行业正在进入“量价齐升”阶段,太平洋机械大讲堂
2020-04-12,科创板平均股价39.93元，12股股价超百元,证券时报网
2020-04-11,国内VS国外：电子板块核心公司2020Q1业绩展望对比,吉森电子研究
2020-04-10,A股融资融券日报：两融余额增加27.65亿元（4月9日）,Wind
2020-04-10,“盯上”科创板券商，现身10家公司前十大流通股股东,Wind
2020-04-09,科创板高价股排行榜：这12股股价超百元,证券时报
2020-04-09,A股融资融券日报：两融余额减少0.1亿元（4月8日）,Wind
2020-04-08,A股融资融券日报：两融余额增加64.16亿元（4月7日）,Wind
2020-04-07,科创企业网上集体业绩说明会启动：分行业召开，带配套解说,第一财经
2020-04-07,科创板网上业绩说明会启动 预计约50家公司将陆续参与,e公司
2020-04-07,A股融资融券日报：两融余额减少72.42亿元（4月3日）,Wind
2020-04-03,A股融资融券日报：两融余额增加17.64亿元（4月2日）,Wind
2020-04-03,46只科创板股融资余额环比增加,证券时报网
2020-04-02,中微公司：累计收到政府补助1750万元,科创板日报
2020-04-02,中微公司(688012.SH)：获得政府补助款项共1750万元,格隆汇
2020-04-02,科创板收评 | 6只个股涨幅超10%，仅有博瑞医药、东方生物收跌,第一财经
2020-04-01,中微公司：近期累计获得政府补助款项共计2471.46万元,科创板日报
2020-04-01,中微公司(688012.SH)近日累计获2471.46万元政府补助,格隆汇
2020-03-31,A股融资融券日报：两融余额减少40.59亿元（3月30日）,Wind
2020-03-30,A股融资融券日报：两融余额减少56.76亿元（3月27日）,Wind
2020-03-27,A股融资融券日报：两融余额减少37.84亿元（3月26日）,Wind
2020-03-26,媒体炒作“中国最强牛人”，中微公司称董事长受到困扰,观察者网
2020-03-26,A股融资融券日报：两融余额增加25.49亿元（3月25日）,Wind
2020-03-25,“虚构事实”“夸张标题”：中微公司正式澄清不符合事实的网传虚假视频！ 欺诈造假,每日经济新闻
2020-03-25,科创板周报—20200316-20200320,申万宏源定增俱乐部
2020-03-25,中微公司对近期网络媒体不实报道的澄清声明,SEMI
2020-03-25,A股融资融券日报：两融余额减少4.98亿元（3月24日）,Wind
2020-03-24,A股融资融券日报：两融余额减少102.亿元（3月23日）,Wind
2020-03-23,周末证券|大基金二期投资加速启动，半导体设备和材料是重点,半导体网
2020-03-23,红星资本局|超百家上市公司获政府补助，有的拿上亿,搜狐
2020-03-23,上证指数收跌3.11%，创逾13个月收盘新低,Wind
2020-03-23,A股融资融券日报：两融余额减少54.7亿元（3月20日）,Wind
2020-03-23,数据|半导体“华为”？揭秘长江存储产业链，一图尽收A股供应商名单,科创板日报
2020-03-20,科创板周报—20200309-20200313,申万宏源定增俱乐部
2020-03-20,中微公司ppt,EBSCN电子
2020-03-20,A股融资融券日报：两融余额增加39.59亿元（3月19日）,Wind
2020-03-19,三领域公司受青睐,证券导报
2020-03-18,中微公司(688012.SH)拟向6名激励对象授予81.60万份股票增值权,格隆汇
2020-03-18,中微公司(688012.SH)：拟设立投资性子公司注册资金3亿元,格隆汇
2020-03-18,中微公司(688012.SH)：拟推1200万股限制性股票激励计划,格隆汇
2020-03-18,中微公司：拟向激励对象授予1200万股限制性股票,Wind
2020-03-17,科创板收评 | 个股涨跌互现 紫晶存储和安恒信息涨超10%,第一财经
2020-03-17,A股融资融券日报：两融余额减少176.3亿元（3月16日）,Wind
2020-03-17,机械行业：大基金二期蓄势待发 加速半导体设备国产替代,财富动力网
2020-03-16,科创板丨中微半导体今年已获1.37亿元政府补助,TechWeb
2020-03-16,“战疫”政策助力中小科创企业，关注生物安全主题“破局” ——科创板周观察,修炼投资的水晶球
2020-03-16,28只科创板股融资余额环比增加,证券时报网
2020-03-15,科创板第三十三周交易大复盘：新鲜事有趣事创纪录的事一应俱全,新浪
2020-03-13,中微公司：今年以来获得政府补助1.37亿元,e公司
2020-03-13,[公司]中微公司：累计收到政府补助1.37亿元,全景网
2020-03-13,中微公司(688012.SH)今年累计获1.37亿元政府补助,格隆汇
2020-03-13,独家电报|中微公司回应产能已被全预订：不实信息,科创板日报
2020-03-13,【行情】芯片股走强，江化微、新莱应材、智光电气涨停，中微公司、南大光电、北方华创涨逾7%。,金十数据
2020-03-13,半导体板块明显反弹 芯源微、中微公司领涨,格隆汇
2020-03-13,科创板股融资融券余额每日变动（3月12日）,证券时报网
2020-03-12,本土半导体设备企业增长有望加速 关注3股,证券时报网
2020-03-12,科创板收评 | 个股多数下跌 紫晶存储跌超5%,第一财经
2020-03-12,科创板首场年报大考：业绩增速整体放缓，电子行业一骑绝尘,Wind
2020-03-12,科创板首场年报大考： 业绩增速整体放缓，电子行业一骑绝尘 盈利能力下降,21世纪经济报道
2020-03-11,A股融资融券日报：两融余额增加56.05亿元（3月10日）,Wind
2020-03-11,科创板股融资融券余额每日变动（3月10日）,证券时报网
2020-03-10,科创板收评 | 科创板重现普涨格局 芯源微涨停,第一财经
2020-03-10,A股融资融券日报：两融余额减少34.07亿元（3月9日）,Wind
2020-03-09,A股融资融券日报：两融余额减少50.71亿元（3月6日）,Wind
2020-03-09,中金：行稳致远的科创板（科创板系列17）,中金策略
2020-03-05,上海国资总额达21万亿元，今年将推上市公司“二次混改”,Wind
2020-03-05,36只科创板股融资余额环比增加,证券时报网
2020-03-04,富时罗素宣布对富时中国A50指数等多个指数季度审核变更,Wind
2020-03-04,A股融资融券日报：两融余额增加65.11亿元（3月3日）,Wind
2020-03-04,41只科创板股融资余额环比增加,证券时报网
2020-03-04,【科新先声】科创板公司上市首份年度快报，TMT行业公司表现如何？【安信诸海滨团队】,诸海滨科新先声
2020-03-03,科创板股融资融券余额每日变动（3月2日）,证券时报网
2020-03-02,A股融资融券日报：两融余额减少224.68亿元（2月28日）,Wind
2020-03-02,科创板股融资融券余额每日变动（2月28日）,证券时报网
2020-02-28,瞅一瞅科创板业绩快报谁家更亮眼？,上证报
2020-02-27,中微公司2019年盈利1.88亿元，同比增长107.51%,资本邦
2020-02-27,中微公司2019年实现营收19.47亿元 净利1.89亿元同比倍增,证券日报
2020-02-27,金评天下 | 半导体正在危与机的临界点，分寸如何把握？,和讯
2020-02-27,中微公司业绩快报：2019年净利同比增长108%,上证报
2020-02-27,中微公司业绩快报：去年净利润1.88亿元 增长107.51%,中国网
2020-02-27,中微公司(688012.SH)业绩快报 2019年度净利升107.51%至1.89亿元,格隆汇
2020-02-27,中微公司：2019年净利润同比增107.51%（业绩快报）,Wind
2020-02-27,中微公司：2019年实现净利润1.89亿 同比增107.51%,新浪
2020-02-27,中微公司业绩快报：2019年净利1.89亿元 同比增108%,e公司
2020-02-27,A股融资融券日报：两融余额增加31.42亿元（2月26日）,Wind
2020-02-26,科创板收评｜13只科创板个股跌超10% 新股紫晶存储涨逾260%,第一财经
2020-02-26,A股融资融券日报：两融余额增加116.67亿元（2月25日）,Wind
2020-02-26,42只科创板股融资余额环比增加,证券时报网
2020-02-25,A股融资融券日报：两融余额增加140.42亿元（2月24日）,Wind
2020-02-24,科创板股融资融券余额每日变动,证券时报网
2020-02-23,【国盛郑震湘团队】涨价映射供需格局，扩产引领创新周期,湘评科技
2020-02-22,科创板周报—20200210-20200214,申万宏源定增俱乐部
2020-02-21,A股融资融券日报：两融余额增加116.85亿元（2月20日）,Wind
2020-02-19,逾两成科创板个股股价破百 华峰测控暂列“股王”,北京商报网
2020-02-19,全国半导体行业复工率超六成，两类相关标的将是投资首选丨牛熊眼,第一财经
2020-02-19,科创板股2019年业绩提前看3股净利润增幅翻倍,证券时报网
2020-02-19,49只科创板股融资余额环比增加,证券时报网
2020-02-19,华泰证券：2020年或是国产半导体设备企业布局良机,Wind
2020-02-18,科创板收评 | 个股涨跌互现，新股华峰测控成科创板第一高价股,第一财经
2020-02-18,千亿“半导体”的投资“图景”,环球老虎财经
2020-02-17,如何复制快速崛起的半导体“春秋五霸”？,慧聪电子网
2020-02-13,中微公司(688012.SH)涨7%年内累涨幅度高达138%市值逼近1200亿,格隆汇
2020-02-13,科创板股2019年业绩提前看3股净利润增幅翻倍,证券时报网
2020-02-13,51只科创板股融资余额环比增加,证券时报网
2020-02-12,晚间公告热点追踪：中微公司拟建设高端半导体项目,新浪
2020-02-12,公告精选：中微公司拟在临港新片区建设高端半导体项目；多家券商披露1月份经营数据,e公司
2020-02-12,中微公司拟与上海临港签署合作意向,中证网
2020-02-12,科创板中微公司：拟在临港新片区建设高端半导体装备研发与产业化项目,e公司
2020-02-12,中微公司：潜力深远的半导体设备国产化先锋,华泰证券
2020-02-12,科创板股融资融券余额每日变动（2月11日）,证券时报网
2020-02-11,中国芯企业估值偏高，2020年科创板谁主沉浮？,慧聪电子网
2020-02-11,存储芯片新一轮涨价周期开启，关注半导体各细分领域龙头,第一财经
2020-02-10,科创板收评 | 科创板个股涨跌互现 “天价”新股明日申购,第一财经
2020-02-10,40家科创板公司提前预告2019年业绩,证券时报网
2020-02-09,华峰测控：产品与销售双引擎 实现可持续发展,挖贝网
2020-02-08,巨丰原创：半导体制造端PVD设备：打破垄断 进口替代进行时,巨丰财经
2020-02-07,芯片概念爆发 环保板块大幅拉升 6股引关注,证券时报
2020-02-07,半导体板块表现强势，年报业绩六成预喜行业崛起可期,第一财经
2020-02-06,又一家半导体公司来了！毛利超80%，华峰测控借科创板“起跳”,野马财经
2020-02-06,主营业务增长 34家科创板公司去年业绩预喜,中证报
2020-02-05,科创板收评 | 科创板股民赚嗨了！14股涨逾10%，东方生物首日涨587%,第一财经
2020-02-04,【行情】科创板板块集体反抽，威胜信息大涨39％，优刻得涨18％，泽璟制药涨13％，华特气体、中微公司纷纷走强。,金十数据
2020-02-02,科创板第二十七周交易大复盘：新鲜事有趣事一应俱全,新浪
2020-01-26,半导体板块分化或将到来，神工半导体成长难度不小,财华社
2020-01-25,科创板显现高成长性！业绩普遍预增 增幅最高324.9%,上证报
2020-01-24,个股才是王道？16个交易日狂赚30% 大盘却跌2.41%,券商中国
2020-01-23,科创板收评：个股普遍飘绿中微公司跌8.72%,科创板日报
2020-01-23,A股融资融券日报（1月22日）,Wind
2020-01-23,集成电路 核心的核心,财富动力网
2020-01-22,科创板午后集体爆发，芯源微涨停,Wind
2020-01-22,上市公司密集业绩预告科技业绩井喷式增长,财界网
2020-01-22,科创板首批限售股解禁潮今日开启：中国通号解禁规模最大 解禁,澎湃新闻
2020-01-21,华峰测控拟登陆科创板 系国内最大半导体测试系统本土供应商,财经网
2020-01-21,曹中铭：首批限售股解禁在即 科创板会否出现大幅套现 解禁,中财网
2020-01-21,A股融资融券日报：两融余额增加40.21亿元（1月20日）,Wind
2020-01-21,【山证两融】融资融券周报(20200113-20200117) 2020年第3期,山西证券研究所
2020-01-20,首批科创板股票解禁潮来了 其实不必过度担忧 解禁,上证报
2020-01-20,大基金加持，半导体设备成风口上的“猪”,Wind
2020-01-20,科创板中微公司首破千亿市值，千倍估值能否顶住首批解禁？,南都报
2020-01-20,3000亿解禁潮来袭！最高解禁比例630% 大白马迎千亿解禁冲击 解禁,财富动力网
2020-01-20,本周78股解禁A股迎来2020年最大限售股解禁周 解禁,财界网
2020-01-20,中微公司超千倍市盈率隐忧：扣非后净利润预增幅不足50% 盈利能力下降,电鳗快报
2020-01-20,5G行情步入新阶段,红周刊
2020-01-20,持股or持币？3000亿解禁潮来袭！A股节前大考，最高解禁比例630% 解禁,证券时报网
2020-01-20,首批限售股解禁在即 科创板减持套现需保持理性 解禁,新京报
2020-01-19,中微公司市值突破千亿元预计2019年净利润同增幅近一倍,证券日报
2020-01-19,【国盛电子郑震湘团队】预告超预期，电子超景气度进一步确定,湘评科技
2020-01-19,一周概念股：科创板首家千亿市值企业诞生；阻容感迎缺货涨价潮,搜狐
2020-01-19,科创板1.24亿限售股周三解禁 将带来超23亿元盈利 解禁,新京报
2020-01-19,公募现身66家科创板公司 7基金入驻首家破千亿市值科创板公司,证券日报
2020-01-19,科创板总市值首破万亿 基金经理：未来一定有多个10倍股！,证券时报
2020-01-19,中微公司全年利润翻倍，长江存储新年“礼包”不断,中信建投证券研究
2020-01-18,仅用123天！科创板首家千亿市值企业诞生，半导体龙头股价半个月翻倍，机构高位减持 减持股份,华夏时报
2020-01-18,数据|22日科创板首轮解禁来袭！136家机构浮盈24亿，卖or不卖？这家25票在手,科创板日报
2020-01-18,中微公司发布业绩预告：全年净利润同比增长94%至111%,金融界
2020-01-18,恒瑞医药正向情绪居首，华东医药负向情绪警笛拉响,21世纪经济报道
2020-01-18,科创板总市值首破万亿，还刚诞生了千亿半导体巨头！,证券时报网
2020-01-18,科创板总市值破万亿，中微公司率先破千亿,Wind
2020-01-18,首批基金2019四季度科创板投资路线图曝光：公募基金现身66家科创板公司 7只基金入驻首家破千亿元市值科创板公司,证券日报
2020-01-17,盈利同比增近一倍，中微公司2019年盈利超1.7亿元,资本邦
2020-01-17,【华西电子孙远峰团队—持续看好半导景气】半导体材料积极扩产，导入新建产线窗口期,远峰电子
2020-01-17,中微公司：预计2019年净利润同比增长93.68%-111.29%,Wind
2020-01-17,中微公司总市值破千亿 预计2019年净利1.76亿元-1.92亿元,中证网
2020-01-17,解禁前涨嗨了：科创板行情太意外 整体上涨近四成,证券时报网
2020-01-17,中微公司预计2019年实现净利润1.76亿元-1.92亿元 同比翻倍,金融界
2020-01-17,中微公司(688012.SH)2019年净利预增93.68%到111.29%,格隆汇
2020-01-17,中微公司：2019实现净利1.76-1.92亿 同比增94-111%,新浪
2020-01-17,中微公司：2019年净利预增94%-111%,e公司
2020-01-17,科创板千亿巨头诞生，两大超级牛股却集体闪崩，一线游资猛砸,证券时报网
2020-01-17,大文化和科创板完成十倍和千亿仪式后将进入新阶段,新浪
2020-01-17,解码科创板｜科创板又开始发飙 N特宝首日暴涨328.40%,上游新闻
2020-01-17,反弹乏力：两市涨跌互现，中微公司成科创板首个千亿市值公司,澎湃新闻
2020-01-17,17日强势板块分析：科创板个股走势活跃 流感概念震荡拉升,证券时报网
2020-01-17,科创板个股午后持续走强，中微公司市值突破1000亿元,第一财经
2020-01-17,科创板午后全线上攻,Wind
2020-01-17,中微公司总市值突破1000亿，居科创板首位,Wind
2020-01-17,科创板个股继续走强 中微公司涨超12%市值突破1000亿元,e公司
2020-01-17,【科创板个股继续走强中微公司总市值突破1000亿】科创板个股继续走强，晶晨股份涨近17%，虹软科技、中微公司、睿创微纳,金十数据
2020-01-17,半导体板块走弱 中微公司跌4.07%,e公司
2020-01-17,集成电路概念“发酵” 资金热捧科创板标的,上证报
2020-01-16,【东吴电子王平阳团队】周报: 本土主流存储器产业链投资机遇,东吴电子研究
2020-01-16,1月16日A股龙虎榜揭秘，机构抛售11股,Wind
2020-01-16,无惧下周解禁！科创板个股几近全线上涨芯片板块成最强音,科创板日报
2020-01-16,科创板午后继续攀升,Wind
2020-01-16,科创板午后全线上扬，芯源微冲击涨停,Wind
2020-01-16,科创板延续强势,Wind
2020-01-16,千亿市值不是梦？中微公司16天股价翻倍大基金重点关注这一领域,科创板日报
2020-01-16,科创板表现强势,Wind
2020-01-16,芯片板块开盘上攻,Wind
2020-01-16,A股融资融券日报：两融余额增加22.77亿元（1月15日）,Wind
2020-01-16,科创板首轮36亿市值限售股松绑来袭 下半年将迎解禁高峰 解禁,21世纪经济报道
2020-01-16,解码科创板｜中微公司逆势大涨8.88% 去年12月以来股价翻倍！,上游新闻
2020-01-16,科创板首轮36亿市值限售股松绑来袭下半年将迎解禁高峰 解禁,21世纪经济报道
2020-01-15,科创板收评：个股涨跌互现中微公司涨8.88%,科创板日报
2020-01-15,A股融资融券日报：两融余额增加25.59亿元（1月14日）,Wind
2020-01-14,数据|科创板首轮1.24亿限售股解禁来袭！机构账面浮盈19亿，这家公司解禁市值最大 解禁,科创板日报
2020-01-14,芯片股沸腾了，中微公司翻倍！私募：短期估值偏高，看好芯片设备和封测领域！,每日经济新闻
2020-01-14,46只科创板股融资余额环比增加,证券时报网
2020-01-13,A股业绩预报加速，这些股票商誉占比最高（附股）,第一财经
2020-01-13,中微公司今日大宗交易成交39万股，成交价126.0元折价5.97%,Wind
2020-01-13,悄然崛起！调整4个月后7只票创新高，94%的个股赚钱！(附机构扫货名单),每日经济新闻
2020-01-13,中微公司(688012.SH)：299.14万股限售股22日解禁 解禁,格隆汇
2020-01-13,一文看后市：节前继续乐观，年报行情全面爆发！,腾讯网
2020-01-13,中微公司：占总股本0.56%限售股将于1月22日上市流通 解禁,Wind
2020-01-13,中微公司龙虎榜：四机构上榜合计净买入6888万元,证券时报网
2020-01-13,科技股王者归来，A股普涨沪指再上3100点,Wind
2020-01-13,科创板收评：个股呈普涨格局中微公司涨超16%,科创板日报
2020-01-13,科创板尾盘持续走强，中微公司涨逾15%,第一财经
2020-01-13,快讯：半导体尾盘持续拉升 中微公司大涨15%,新浪
2020-01-13,华西证券：中微公司未来增长潜力巨大 建议重点关注,新浪
2020-01-13,科创板个股表现活跃，中微公司涨近11%领涨,第一财经
2020-01-13,年度数据报告⑥：科创板开市半年的成绩单，请查收,上观
2020-01-13,科创板开市半年成绩单:80%企业实现营收净利双增长,上观
2020-01-09,国家大基金投资半导体公司睿励科学仪器,Wind
2020-01-08,解码科创板｜逆势逞强！天奈科技、中微公司双双涨超10%,上游新闻
2020-01-08,特斯拉产业链延续强势，本土供应商概念股纷纷涨停,第一财经
2020-01-08,科创板尾盘异动，天奈科技、中微公司涨超10%,Wind
2020-01-06,"【华西电子孙远峰团队—持续看好半导景气】芯片涨价全产业链蔓延,上半年景气度望延续",远峰电子
2020-01-05,首席周观点：央行降准如期而至，后续降息或将跟进,东兴研究圈
2020-01-03,"金山办公领涨科创板,澜起科技总市值809亿封王,券商揽入佣金8亿",华夏时报
2020-01-03,36只科创板股融资余额环比增加,证券时报网
2020-01-02,大基金减持，投资风向哪里吹 减持股份,第一财经
2020-01-02,科创板收评：个股呈普涨格局中微公司涨超12%,科创板日报
2019-12-31,中微公司：12月6日以来累计获得2441.12万元政府补助款项,发布易
2019-12-31,中微公司(688012.SH)及子公司12月6日至今累计获得政府补助2441.12万元,格隆汇
2019-12-30,科创板年关补贴大战来袭！23公司密集公告收“大礼包”,科创板日报
2019-12-30,交易活跃度减弱，整体估值消化与内部分化并存——科创板周观察（中泰策略）,修炼投资的水晶球
2019-12-30,科创板观察丨落实信披要求消除隐形门槛，科创板吸引申报企业数量满“双百”,21世纪经济报道
2019-12-29,国家大基金二期来了！半导体材料行业中这些潜力龙头股最受青睐,巨丰财经
2019-12-27,科创板资金动向：5股主力资金净流入超1000万元,证券时报网
2019-12-27,中微公司荣获首届上海市知识产权创新奖,唯样资讯
2019-12-27,半导体板块再度被点燃 大涨过后是否还有上车机会,投资者网
2019-12-25,科创板收评之12.25：62只个股上涨 芯源微中微公司安集科技涨幅超10%,TechWeb
2019-12-24,半导体设备行业更新报告：大基金二期有望撬动万亿资金，设备占比提升、龙头持续加码，给予“增持”评级,国泰君安
2019-12-23,大基金投资了22家A股公司 只有这一家现在还浮亏,上证报
2019-12-23,科创板“科研之星”：6公司三年研发支出比超30% 微芯生物59%居首,投资时报
2019-12-20,12月20日科创板主力资金净流出3.17亿元,证券时报网
2019-12-19,12月19日科创板主力资金净流出6.77亿元,证券时报网
2019-12-19,34股获券商买入评级 华泰证券目标涨幅达52.71%,Wind
2019-12-12,港股早盘：港股强势大涨1.26%，A股萎靡半导体板块却持续强势,格隆汇
2019-12-12,【行情】科创板个股早盘再度拉升，截至发稿，普元信息涨超18%，佰仁医疗涨超5%，中微公司涨超4%。,金十数据
2019-12-12,【行情】芯片股开盘走强，晶方科技拉升触板，乾照光电、江丰电子、中微公司、北京君正等跟涨。,金十数据
2019-12-08,中微公司董事长尹志尧：将建立一个临港半导体设备和材料产业基地,Wind
2019-12-08,中微公司董事长尹志尧：将建立一个临港半导体设备和材料产业基地,证券时报网
2019-12-06,多只新股上市后表现低迷 普元信息、硕世生物跌逾7%,第一财经
2019-12-05,中微公司：公司及子公司近期获得2536万元政府补助,e公司
2019-12-05,中微公司(688012.SH)：累计获得政府补助款项共2535.83万元,格隆汇
2019-12-05,浮盈251亿！国家大基金一期A股项目牛了 集成电路指数今年已翻番,中证报
2019-12-04,因为一张表 这两家公司今天涨疯了,上证报
2019-12-04,集成电路早盘异动 中微公司大涨逾9%,中国经济网
2019-12-04,科创板走势分化，中微公司大涨9%,Wind
2019-11-29,寻找高景气细分行业——半导体设备将迎转机之年,财富动力网
2019-11-27,全球半导体设备新星，中微公司撑住国产芯力量,慧聪电子网
2019-11-27,从国产芯片到半导体设备细分领域，沈阳芯源微电子面面观,财华社
2019-11-27,中国半导体产业迎来柳暗花明，哪些科创板企业能够笑到最后,慧聪电子网
2019-11-27,2019年中微公司净利翻倍 5纳米刻蚀设备获批量订单,慧聪电子网
2019-11-26,机械制造：广西投2900万元支持铁路建设 荐5股,渤海证券
2019-11-20,科创板中微公司：获得政府补助1604.72万元,e公司
2019-11-20,【科新先声】科创板TMT公司三季报数据大揭秘【安信诸海滨团队】,微信
2019-11-20,越过7到10亿的山丘，哪些国产半导体设备企业将突破盈利加速拐点？ | 国君电子,国泰君安证券研究
2019-11-18,中微公司：公司目前没有研发或生产TWS耳机,第一财经
2019-11-18,对话高通创投沈劲：2035年之前，5G可以创造13.2万亿美元价值,钛媒体
2019-11-06,今天 两只科创板新股盘中破发 为何是他们？（附影响解读） 连续下跌,证券时报网
2019-11-05,制度创新经受住市场检验,新京报
2019-11-04,科创板横空出世一周年！上市企业纷纷表态：聚焦硬科技，力争跑得快、长得美，回报投资者！,e公司
2019-11-04,【机械*陈显帆】深度：行业单季度业绩增速放缓， 工程机械、油服等板块持续高景气 盈利能力下降,东吴研究所
2019-11-04,5G时代已至 如何在A股半导体板块寻机,投资者网
2019-11-03,科创板公司前三季成绩单出炉！10家盈利翻倍,券商中国
2019-10-31,科创板公司成绩单亮眼，机构投资者加紧布局,Wind
2019-10-30,国家大基金二期落地 把握两条主线,第一财经
2019-10-29,科创板丨中微公司前三季度实现净利润1.35亿元 同比增长398.83%,TechWeb
2019-10-29,中微公司(688012.SH)前三季净利润升399.41%至1.35亿元,格隆汇
2019-10-29,中微公司公布三季报 前三季净利增加399.14%,新浪
2019-10-28,科创板中微公司：前三季净利同比增399%,证券时报网
2019-10-28,中微公司：前三季度净利润同比增长399.14%,第一财经
2019-10-27,半导体、电子设备：大基金二期成立 荐3股,国联证券
2019-10-22,从长江存储招标看半导体设备国产化,吉森电子研究
2019-10-22,【太平洋机械】机械行业周报20200119：国内半导体行业扩产加速，国产设备商迎重要机遇期,太平洋机械大讲堂
2019-10-17,"机械行业:智能制造行业全景图,半导体设备篇",平安证券
2019-09-30,半导体、电子设备：半导体设备国产替代先锋,广发证券
2019-09-28,科创板丨中微公司全资子公司南昌中微获6003.15万元政府补助,TechWeb
2019-09-27,中微公司：近期获政府补助款项共计6003万元,e公司
2019-09-27,科创收盘28涨2跌 1股涨幅超10%,中财网
2019-09-26,半导体产业链：自主替代，A股特色公司介绍(下篇),Wind
2019-09-26,信息科技：小米将于今日召开秋季新品发布会,东莞证券
2019-09-25,半导体、电子设备：国产设备充分受益 荐8股,广发证券
2019-09-24,科创板个股全线上扬，乐鑫科技大涨13%创上市以来新高,Wind
2019-09-24,快讯：科创板股票普遍走高 中微公司涨逾8%,新浪
2019-09-24,科创板股票全线飘红,Wind
2019-09-24,科创板个股全线飘红 中微公司涨约9%,e公司
2019-09-24,科创板表现活跃 中微公司涨逾8%,证券时报网
2019-09-24,科创板表现活跃，中微公司涨超6%,Wind
2019-09-24,机械制造：百列复兴号招标启动 荐5股,渤海证券
2019-09-21,科创板半年报尽显科创底色 研发费用占比平均达13%,新浪
2019-09-20,信息科技：华为正式发布年度旗舰手机MATE30系列,东莞证券
2019-09-19,【科新先声】详解科创板14家TMT公司中报，细探其发展态势如何？【安信诸海滨团队】,微信
2019-09-06,科创板特别报告：高研发投入带动业绩高速增长 二级市场泡沫仍存,21世纪经济报道
2019-09-06,上半年4家公司研发投入过亿,信息时报
2019-09-05,图解25家已注册科创板公司发行及2019中报业绩预告情况,科创观潮
2019-09-04,科创板今日25只个股下跌 仅交控科技中微公司华兴源创上涨,TechWeb
2019-09-04,专用设备制造企业营收破30亿元 营收破6亿元企业占一半,证券日报
2019-09-03,科创板中报排行：总营收330亿，净利逾45亿，只有这四家下滑 盈利能力下降,面包财经
2019-09-03,资本市场改革试验田科创底色扫描：近四成公司净利过亿 技术驱动高增长,时代周报
2019-09-03,整体回暖24只股飘红科创板交投逐渐理性,重庆商报
2019-09-02,科创板丨中微公司自上市以来累计获得政府补助3744万元,TechWeb
2019-09-01,科创板中报首交成绩单 看看哪家公司最赚钱？,重庆商报
2019-08-31,科创板交出首份“中考”成绩单28家公司营收集体增长,证券时报
2019-08-30,中微公司(688012.SH)近期累计获得政府补助款项3743.94万元,格隆汇
2019-08-30,上市后业绩首秀！5张图看懂：哪家科创板公司最赚钱？（附排行榜）,21世纪经济报道
2019-08-27,【山证两融】融资融券周报(20190819-20190823) 2019年第33期,山西证券研究所
2019-08-26,科创收盘25涨3跌 1股涨幅超10%,中财网
2019-08-23,科创板尾盘全线走弱，沃尔德一度跌超18%,Wind
2019-08-23,28家公司股价较发行价平均涨171%,和讯
2019-08-23,中微公司上半年扭亏为盈3037万 拟1375万投资集成电路标的资不抵债,长江商报
2019-08-22,中微公司上半年业绩扭亏为盈 今日拿下科创板涨幅第1,TechWeb
2019-08-22,科创板个股涨跌参半 中微公司领涨,第一财经
2019-08-21,布局集成电路工艺检测设备 中微公司拟对上海睿励投资1375万元,中证网
2019-08-21,中微公司：上半年营收同比增72% 净利润同比扭亏为盈,金融界
2019-08-21,中微公司(688012.SH)半年度业绩扭亏为盈至3037.11万元,格隆汇
2019-08-21,科创板中微公司：上半年营收同比增72% 净利扭亏,e公司
2019-08-21,科创板中微公司中报：上半年净利润3037万元，同比扭亏,Wind
2019-08-21,科创板“满月”全景图：平均上涨170%，交易回归理性,Wind
2019-08-21,科创收盘1涨27跌 1股跌幅超10%,中财网
2019-08-19,科创板近半数公司高管有海归背景 各地支持政策催生海归创业激情,证券日报
2019-08-16,持续研发步入收获期 士兰微入围中国企业专利500强,e公司
2019-08-16,科创板第四周数据秀,Wind
2019-08-13,微芯生物 开盘涨5倍 发行市盈率最高,新京报
2019-08-07,科创收盘16涨9跌 1股涨幅超10%,中财网
2019-08-07,科创板现上市以来最大调整 融券余额持续上升,证券时报
2019-08-06,"ICT行业科创板个股及对标股表现点评系列之三:科创板热度保持高位,与对标股价格差距进一步拉大",首创证券
2019-08-05,欺诈发行5日内启动购回 科创板28项信披规范有何看点,新京报
2019-08-01,科创板涨幅重新排序，2股涨停，5股创上市新高,Wind
2019-08-01,科创收盘25涨 1股涨幅超20%,中财网
2019-08-01,科创板“芯”势力成形 资本助力卡位5G大机遇,证券时报
2019-07-31,科创板首批25股今日仅南微医学心脉医疗下跌 沃尔德涨幅超过14%,TechWeb
2019-07-31,科创收盘23涨2跌 1股涨幅超10%,中财网
2019-07-31,中微公司：刻蚀设备和国外的同类设备售价已无太大区别,第一财经
2019-07-31,快讯：科创板涨势幅回落 中微公司涨逾6%,新浪
2019-07-31,快讯：科创板股票普涨 中微公司涨逾8%,新浪
2019-07-31,科创板个股稳步走高，福光股份领涨7%,Wind
2019-07-29,科创板25股今日全部上涨 安集科技股价依旧最高沃尔德涨幅居首,TechWeb
2019-07-29,【新时代电子 吴吉森团队】中微公司：冉冉升起的全球半导体设备新星,新时代证券研究
2019-07-28,科创板首批25家上市公司首周行情复盘,中信建投证券研究
2019-07-28,科创板首周战报①|25股总市值近5200亿，18股股价翻倍，中国通号市值突破千亿,重庆商报
2019-07-28,科创板5天涨多少？涨幅最多相当15个一字板 25股稳赚,新浪
2019-07-26,"科创板首批个股""无限制""结束:你是不是赚钱的那70%？",新浪
2019-07-26,科创板首周：4只百元股2股累计成交额破百亿,挖贝网
2019-07-26,科创板个股首周表现：7成个股有赚钱效应、小盘股炒作热情高,每日经济新闻
2019-07-26,[观点]中微公司尹志尧：科创板为科创企业树立发展方向,全景网
2019-07-25,科创板开市次日理性回调 25股总市值回撤逾500亿元,新浪
2019-07-24,中证报头版：科创板个股换手率和振幅明显降低,中证报
2019-07-24,电子行业盘前早知道:5G手机上市在即,东莞证券
2019-07-23,科创板开市第二日：成交额突破 200 亿！,新浪
2019-07-23,科创板降温明显，个股普遍回调，换手率大幅下滑 连续下跌,重庆商报
2019-07-23,科创板个股走势分化：乐鑫科技收盘涨14%中国通号重挫18%,搜狐
2019-07-23,接盘者的“小算盘”：估值不重要，赚钱是王道,第一财经
2019-07-23,科创板半日成交150亿！安集科技、南微医学、乐鑫科技……谁会成为市场领头羊？,e公司
2019-07-23,科创板午盘跌多涨少：乐鑫科技大涨15% 中国通号重挫16%,腾讯网
2019-07-23,仅仅一个交易日，科创板公司两融余额已突破20亿元,Wind
2019-07-23,科创板乐鑫科技涨幅扩大至20%，南微医学涨18%,Wind
2019-07-23,科创板低开高走，乐鑫科技大涨8%,Wind
2019-07-23,4小时充分博弈 收盘之后再“加赛”,证券时报
2019-07-23,科创板今天买还是卖？十大数据透视,中国基金报
2019-07-23,6成企业晋身科创板“百亿市值俱乐部” 11股“收阴”潜藏调整空间,21世纪经济报道
2019-07-23,细数科创板首秀之“最”,重庆商报
2019-07-23,"电子行业:科创板开市在即,关注半导体优质企业",国联证券
2019-07-22,3.3万亿！一年间科创板市值扩大14倍，今日科创50来了！首日成交额644亿，4只ETF已上报，每天涨跌可达20%！,21世纪经济报道
2019-07-22,华泰证券深圳益田路荣超商务中心今日买入中国通号等4只科创板新股,Wind
2019-07-22,科创板和创业板比较研究：首日及后市都将碾压创业板（附表）,红周刊
2019-07-22,上市第一天共创下5500余亿总市值的科创板创始人都是干什么的？,中国经营网
2019-07-22,科创板首日VS创业板首日：成交额、涨幅、总市值均大幅领先,挖贝网
2019-07-22,芯片企业成科创板开市首日大赢家，安集最高涨至520%,第一财经
2019-07-22,科创板首日大数据汇总，总成交近500亿元最高涨幅400%,Wind
2019-07-22,中微公司董事长尹志尧：集成电路是朝阳产业 希望做好业务达到投资者预期,每日经济新闻
2019-07-22,科创板收获“520” 两家千亿市值公司横空出世,每日经济新闻
2019-07-22,三家半导体公司闯关科创板 半日涨幅均超过200%,新京报
2019-07-22,科创板半日成交近380亿 安集科技暴涨超四倍,第一财经
2019-07-22,科创板“新秀”首日直击：25只股票齐翻倍 首家千亿市值股诞生,21世纪经济报道
2019-07-22,上市首日惊心动魄！VC/PE渗透率达96%，本土创投迎来退出盛宴,投资界
2019-07-22,首批科创板公司午盘全部翻番，最高涨幅400%,Wind
2019-07-22,科创板今日正式开市，首日交易呈现出这几大特征,证券时报网
2019-07-22,科创板开市！重磅嘉宾讲话要点一览,Wind
2019-07-22,科创板开盘交易活跃，中微公司等多家公司临时停牌,第一财经
2019-07-22,中微公司尹志尧：乘胜前行 为国家科技创新做出更多贡献,金融界
2019-07-22,机械行业科创板公司概览——装备与材料并重，中微、天准等成长性最好,机械王者联盟
2019-07-22,【国金研究】科创板-高端装备：重点看好具稀缺性、行业地位高的龙头公司,国金证券研究所
2019-07-22,N中微:券商定位区间均值为27.42-31.79元,Wind
2019-07-22,新股发行与上市一览（7月22日）,Wind
2019-07-22,《科创板首批上市公司/交易制度解读电话会议纪要》,太平洋证券研究
2019-07-22,保代详谈科创板：执业责任更大 协同作战要求更高,证券时报网
2019-07-22,"科创板估值不""唯市盈率论""机构看好首批公司市场表现",新浪
2019-07-22,历时260天 科创板今开市,北青网
2019-07-21,科创先锋巡礼,东吴财经通
2019-07-21,科创板开市倒计时：首批25家公司谁将脱颖而出？,财经杂志
2019-07-21,中微公司（688012）新股报告：全球半导体刻蚀和薄膜沉积设备新星,机械王者联盟
2019-07-21,周末要闻2019年7月21日星期日,Wind
2019-07-21,科创板开市1天倒计时：首批25家企业复习资料全在这,网易
2019-07-21,科创板明日开市！首批25家公司掌门人信心满满……回报投资者、打造世界级科创企业！,e公司
2019-07-20,科创板25朵金花下周来了 哪朵会开得最美,钱江晚报
2019-07-20,科创板开市在即，投资要看增长率，请收好这份清单,Wind
2019-07-20,科创板“25星宿”诞生记：中国版纳斯达克的速度与梦想,21世纪经济报道
2019-07-19,科创板｜中微公司预计今年上半年营收同比增长55%至85%,TechWeb
2019-07-19,中微公司：MOCVD与刻蚀机双驱动 打造国产设备领军,申万宏源
2019-07-19,25家科创板公司即将上市 科创对标板块全线大涨,中投网
2019-07-19,25家科创板公司鸣锣倒计时，这些对标股开始进入轮涨模式,第一财经
2019-07-19,科创板开市在即：首批业绩整体向好 投资者要掌握这些,中国经济网
2019-07-19,开市在即，科创板首批公司上半年业绩曝光，估值还贵么？,飞说财经
2019-07-19,微芯生物获准注册 研发支出资本化引热议,新浪
2019-07-19,拟上科创板 这些公司竞争力除了核心技术还有什么,每日经济新闻
2019-07-18,微芯生物终获注册，这项指标或是关键！Ａ股公司中，去年有8家企业的指标达到100%！,e公司
2019-07-18,光峰科技等7公司公告：公司股票7月22日在上交所科创板上市交易,Wind
2019-07-18,虹软科技等公司22日在科创板上市,中证网
2019-07-18,中微公司科创板上市在即 有券商估计其股价可超40元,中证网
2019-07-18,【机械行业】深度报告：科创板专题梳理：高端装备扬帆起航,格隆汇
2019-07-18,国资委力挺科创板 15家央企国企旗下科创公司积极赶考,上证报
2019-07-17,从芯片设计到高端设备 透视科创板首批5家半导体企业,第一财经
2019-07-17,首批25家科创板企业发行工作陆续推进 新的中签结果不断出炉,券商中国
2019-07-17,科创板首批挂牌企业中报预喜率超八成 中国通号预盈22.8亿居首,长江商报
2019-07-17,近九成科创板星宿股报喜中微公司成中报预增王,北京商报
2019-07-16,图解25家已注册科创板公司发行及2019中报业绩预告情况,科创观潮
2019-07-16,科创板半年报序幕正式拉开：两公司率先公布业绩， 华兴源创净利增27%、睿创微纳增103%,21世纪经济报道
2019-07-16,科创板首批上市25家企业发行数据盘点 PE均值49.16倍 实际募资370亿元,中证报
2019-07-15,中微公司：半导体设备国产化领军者 强烈推荐评级,东兴证券
2019-07-15,科创板开市倒计时 交易前须明白这三点,第一财经
2019-07-15,科创板开市倒计时： 见证注册制，司法保障护航,第一财经日报
2019-07-12,信息科技：资金估值再盘点 荐25股,太平洋证券
2019-07-12,看科创板首批25股“八宗最”：谁最贵？谁最赚钱？谁募资最高,腾讯网
2019-07-11,科创板最高市盈率来了：318.72倍只能排第二,国际金融报
2019-07-11,中微公司中签号出炉 共30608 个,e公司
2019-07-11,科创板现打新高峰 9家企业背后华丽资本阵容曝光,每日经济新闻
2019-07-11,科创板定价盘点 中微公司:市盈率170.75倍 超募5.5亿,新浪
2019-07-11,一天9只科创板新股发行！市盈率普遍高于同行，11日将有5只来袭,资本邦
2019-07-11,科创板首批25股发行价敲定：PE最高170倍，超募59亿,澎湃新闻
2019-07-11,首批25家科创板企业受市场热捧：21家企业超募 超募59.28亿元,挖贝网
2019-07-11,史上最强申购揭晓！300万户疯抢9家科创板股票，最高中签率0.225%,中证报
2019-07-11,科创板网上申购增至309万户！周四周五还有11只等你打,券商中国
2019-07-11,0.225%，中国通号中签率出炉！超309万人参与打新，前14只科创板新股平均中签率0.0664%,e公司
2019-07-11,"重磅出炉！科创板第一只""顶格申购,100%中签""新股",全景网
2019-07-10,科创板中微公司：网上发行中签率为0.0551%,e公司
2019-07-10,市盈率高低有别，估值相差最大超9倍，科创板新股发行凸显市场化特性,红周刊
2019-07-10,科创板九股齐发，高市盈率不减投资热情,中金在线
2019-07-10,科创板打新超级黄金周开启！9家公司申购齐发,21世纪经济报道
2019-07-10,科创板打新盛宴来临：可申购9只新股 市盈率最低19倍最高170倍,挖贝网
2019-07-10,170倍！科创板发行市盈率新高：中微半导体今日申购,澎湃新闻
2019-07-10,9只科创板新股同日发行，对标股都有哪些？（附名单）,证券时报网
2019-07-10,科创速递 | 本周科创板新股21连发！,国元证券订阅号
2019-07-10,【新股提示】上交所最强打新潮来袭！9只科创板新股今日申购,Wind
2019-07-10,9只科创板新股 市盈率最高逾百倍,北青网
2019-07-10,科创板市场化发行打破唯市盈率论 平均PE56倍再遭“三高”质疑,21世纪经济报道
2019-07-10,9股申购 科创板打新黄金日来袭,北京商报网
2019-07-09,"170倍估值！""疯抢""科创板最强芯片股",全景网
2019-07-09,就在明天！9只科创板新股同步申购，周四、周五还有11家，打新要点一览,证券时报网
2019-07-09,9只新股，明天迎来打新盛宴！最大的“肉签”应该就是它了,每日经济新闻
2019-07-09,中微公司确定发行价29.01元/股 170倍市盈率低于可比公司,每日经济新闻
2019-07-09,科创板申购潮起 市盈率偏高是否合理？,红周刊
2019-07-09,战配基金首现身！科创板网下密集申购 这家路演时一凳难求,金融界
2019-07-09,科创板｜明日有9只新股可申购 包括乐鑫科技中国通号,TechWeb
2019-07-09,9家科创板拟上市公司确定发行价格，中微公司市盈率超170倍,全景网
2019-07-09,科创板首现170倍PE发行定价 它的特别之处在哪？,第一财经
2019-07-09,科创板首现170倍PE发行定价 参与机构认为中微公司估值合理,第一财经
2019-07-09,中国通号等9家公司发行价出炉,证券时报
2019-07-09,9家科创板公司确定发行价！百亿市值公司升至5家，首现PS估值法,中证报
2019-07-09,又有9家科创板企业发行价确定！最高市盈率达170倍，本周三可参与打新！还有11家在路上,e公司
2019-07-08,科创板中微公司：本次发行价格为29.01元/股,Wind
2019-07-08,【中微公司*陈显帆】国内半导体设备龙头，核心设备具备进口替代实力,东吴研究所
2019-07-08,周一机构一致看好的七大金股（07.08）,中金在线
2019-07-08,科创板迎打新黄金周！21股等你中签 全攻略来了,券商中国
2019-07-07,中微公司(688012.SH)拟发行约5348.62万股在科创板上市 7月9日网上路演,格隆汇
2019-07-07,中微公司：近三年累计研发投入占比超30%,每日经济新闻
2019-07-06,科创板鸣锣倒计时 影子股会再度狂欢吗？,重庆商报
2019-07-05,5G板块盘中快速拉升，机构：下半年通信业或将爆发，积极布局绩优股,第一财经
2019-07-05,申万宏源：估值区间55%-70%分位,申万宏源
2019-07-05,"中微公司:破局之刃,全球半导体设备新星厚积薄发",东北证券
2019-07-03,单日7家注册获批 科创板IPO提速,北京商报网
2019-07-03,数说首批科创板拟挂牌企业：高管人均薪酬差距28倍,金融界
2019-07-03,科创板打新“盛宴”下周开席！同一天9股待申购，谁是最大“肉签”？,每日经济新闻
2019-07-03,中微公司7月5日询价、7月10日申购,中证网
2019-07-03,中微公司等6家科创板企业启动招股,每经网
2019-07-03,刚刚又多3家科创板企业完成注册!累计受理企业141家 来自38家投行,券商中国
2019-07-03,中微公司7月10日网上申购 股票代码为688012,证券时报网
2019-07-03,科创板过会率100% 注册生效企业存共性,证券时报
2019-07-03,中微公司、安集科技等6家企业今起招股,证券时报
2019-07-02,微芯生物注册难产，首家过会却迟迟不见证监会批文，科创板上市变数陡升？,21世纪经济报道
2019-07-02,提速！一天内7家企业科创板注册申请获证监会同意,企业成长智库
2019-07-02,提速！证监会一天同意7家公司科创板IPO注册 一文看懂这些公司,中证报
2019-07-02,科创板批文发放突然提速，7月底首批挂牌有望！又有3家披露打新日期,21世纪经济报道
2019-07-02,老沙：科技是第一“升”产力,中财网
2019-06-27,澜起科技：中国芯片业少数能拿得出手的企业,阿尔法工场
2019-06-26,心脉医疗等三家公司提交科创板注册，瀚川智能和铂力特过会,全景网
2019-06-26,科创板拟上市企业心脉医疗等三家公司提交注册稿,Wind
2019-06-25,谁将是科创板新股收益率之王？打新一族赶紧了解,新浪
2019-06-25,谁会是科创板新股收益率之王？创业板、中小板首批打新有启示,每日经济新闻
2019-06-23,【云掌财经早报】2019/6/23/星期日,云掌财经
2019-06-23,陆家嘴财经早餐2019年6月23日星期日,Wind
2019-06-22,国字头基金相中7家科创板“入围”企业 平均投资比例超10%,证券日报
2019-06-21,中微公司过会：科创板获批第19家 海通证券过2家,中国经济网
2019-06-21,科创板过会公司再添3家 首现新三板企业过会,证券时报
2019-06-21,西部超导等三公司过会 从申报受理到过会最快用时66天,中证报
2019-06-20,三过三！西部超导、中微公司、方邦电子均通过科创板审核 中微公司三年平均净利润为负,资本邦
2019-06-20,科创板过会企业增至19家 方邦电子曾败走创业板IPO,新京报
2019-06-20,中微公司等3家企业全部过会 共拟募资28亿元,挖贝网
2019-06-20,科创板保持100%过会率：今天又添3家，过会企业达19家,澎湃新闻
2019-06-20,中微公司等3家公司科创板首发申请过会,每日经济新闻
2019-06-20,科创板上市委第7次审议会议：西部超导方邦电子中微公司首发申请均获准,Wind
2019-06-20,联讯证券：第七次发审会三家企业过会 迄今已有19家企业顺利闯关,联讯证券
2019-06-20,芯片刻蚀机第一梯队 中微公司国产替代机遇可期,中证报
2019-06-19,他放弃美国百万年薪只为造出“中国芯”还是华为麒麟的幕后功臣,搜狐
2019-06-17,大型券商积极推出科创板员工持股资管计划,Wind
2019-06-13,中微半导体董事长尹志尧：助力科技前沿领域实现跨越式发展,第一财经
2019-06-12,科创板渐行渐近6月20日又将迎来新一批上会企业,中金在线
2019-06-12,狂买18亿，北向资金连续六日净流入！朗进科技今天申购 每签预计能赚1.50万元|0612,恒泰头派账户
2019-06-11,半月内第7次科创板上市委会议：西部超导等3家公司即将上会,澎湃新闻
2019-06-11,科创板第7次上市委会议下周四召开 3家企业将上会,证券日报
2019-06-11,科创板上市委定于6月20日审议西部超导等三公司首发申请,Wind
2019-06-11,第六批科创板上会企业出炉，方邦电子等3家公司披露上会稿,Wind
2019-06-11,【投行参要】每日审核要点及市场动态 | 2019.06.11,兴业证券兴e通
2019-06-10,半导体、电子设备：半导体设备国产化专题三 荐3股,中银国际
2019-06-09,起底科创板高端装备：盈利能力攀升 技术壁垒待突破,第一财经
2019-06-09,【华创·每日最强音】优化的“淡马锡”蓝本——国资委放权下的国改“加速度”|策略+非银（20190611）,华创证券研究
2019-06-02,透视科创板信息技术企业：从芯片设计“隐形冠军”说起,第一财经
2019-05-29,【半导体设备4月数据点评】科创板半导体企业产业链覆盖全面，国内半导体行业迎来发展良机【东吴机械陈显帆】,透视先进制造
2019-05-29,中微半导体完成3轮问询 上交所三问资本化、存货及政府补助 问询,第一财经
2019-05-29,半导体板块盘中走强，机构看好产业链投资机会,第一财经
2019-05-29,尾盘偷袭告诉我们小心驶得万年船！,德邦证券微资讯
2019-05-28,中微公司第三轮问询 称已具备研发资本化条件,资本邦
2019-05-28,中微上市前的最后一次反馈,半导体风向标
2019-05-27,被称为芯片的“魄”，国产蚀刻机已突破封锁跻身全球第一梯队,搜狐
2019-05-25,中芯国际将从纽交所退市，未来交易将更集中在香港,第一财经
2019-05-23,"机械行业专题报告:高端装备制造业科创板受理企业概览(二),高端装备制造业科创板专题系列报告(二)",渤海证券
2019-05-22,"机械行业中微半导体跟踪:备品备件收入主要来自集成电路,ICP刻蚀设备市场正在超过CCP刻蚀设备市场",证券之星
2019-05-21,连轴测试开始 微芯生物或成首个“科创板上市公司”,中金在线
2019-05-20,华为概念股雄起，国产替代行情如何演绎,第一财经
2019-05-16,长鑫存储董事长朱一明：DRAM项目计划年内大规模投产,中证报
2019-05-16,【IPO】第六、第七家携带“三类股东”过会案例 ——新化股份、朗进科技IPO点评【安信诸海滨团队】,诸海滨新三板
2019-05-14,解析和舰芯片的三大热点,中国电子报
2019-05-13,对科创板定位的再认识 “含科量”是个伪概念,新浪
2019-05-12,【有声|公司】日兴生物—染料中间体价格上涨，公司 18年归母净利达8942万元【安信诸海滨团队】,诸海滨新三板
2019-05-12,中微半导体，330页干货浓缩,半导体风向标
2019-05-10,北方华创涨停，意味着什么,半导体风向标
2019-05-06,陆家嘴财经早餐2019年5月６日星期一,Wind
2019-05-06,上交所问得“事无巨细”：本周18家科创板受理公司回复问询函,中金在线
2019-05-05,中微公司回复上交所52问 重点关注股权稳定性等问题,e公司
2019-05-05,周观点：宏观经济数据边际改善，建议关注工业气体及工程机械【华泰机械章诚团队】,华泰机械
2019-05-05,高通、高盛、三星大笔持仓！技术堪称硬核！这才是该上科创板的公司！,并购优塾
2019-04-28,【深度】乐鑫科技：IoT到AIoT，物联网芯片龙头冲刺科创板【安信诸海滨团队】,诸海滨科新先声
2019-04-28,海通证券(600837)：发布19Q1业绩 公司实现收入99.5亿元,东方证券
2019-04-21,深度解读芯片刻蚀：国产5nm机器已就绪，2018全球销售额破历史新高【附下载】| 智东西内参,和讯
2019-04-21,【国金科创前沿】 | 半导体#中微半导体第2期,国金证券研究所
2019-04-17,机械制造：科创板高端装备系列之四新光光电,华鑫证券
2019-04-15,【国金晨讯精选】中微半导体，香飘飘深度,国金证券研究所
2019-04-15,【电子】张欣：科创精选系列之中微半导体：全球半导体设备龙头，团队技术研发等令人深刻-20190412,中泰证券研究所
2019-04-11,【安信电子孙远峰每日观点&资讯】（2019-04-12）,远峰电子
2019-04-11,科创板 | 芯片行业竞争对手排排站 乐鑫科技营收能力远逊澜起科技,华夏时报
2019-04-11,重磅 | 存储芯片的国产设备供应链格局最强解析——以长江存储为例,琨论机械
2019-04-10,机械制造：招标迎来加速 荐6股,和讯
2019-04-10,半导体、电子设备：供需共振 国产半导体设备再启航,和讯
2019-04-10,【机械】中微半导体：国际半导体设备产业界公认的后起之秀,微信
2019-04-09,半导体、电子设备：国产半导体设备厂商将受益 荐5股,和讯
2019-04-08,2019-04-08 联讯证券--晨会纪要,联讯证券
2019-04-04,半导体、电子设备：半导体厂商技术不断取得进步 半导体设备国产化率持续提升,和讯
2019-04-04,科创板创投力量“争奇斗艳”,中证报
2019-04-04,科创板上市发行价越高越好？估值和定价博弈已上演,中证报
2019-04-03,机械制造：先导牵手特斯拉或起标杆作用 荐7股,和讯
2019-04-03,"""故宫口红""带流量华熙生物1个月火速完成上市辅导",中财网
2019-04-03,"""故宫口红""也要上科创板？华熙生物1个月火速完成上市辅导，科创板受理37家，行业渐欲迷人眼",券商中国
2019-04-03,【国金研究】科创板：助推高端制造产业突破、估值重构 ——“科创板-高端制造”系列报告【国金机械军工】,国金证券研究所
2019-04-02,2019年 半导体的三次上车机会,格隆汇
2019-04-02,"计算机行业周报:热情未减,19Q1业绩分化应深挖个股 盈利能力下降",证券之星
2019-04-01,中微半导体申请登陆科创板 海通证券高规格辅导,证券日报
2019-04-01,解盘：百股涨停，工业大麻、南北船、核电、燃料电池逞强,Wind
2019-04-01,科创板影子股扩容至60只，这13只直接或子公司持有才货真价实,券商中国
2019-04-01,【中微半导体】科创板高端装备招股书解读（三）【东吴机械陈显帆】,透视先进制造
2019-04-01,【华泰证券研究所】每日晨会启明星20190401,华泰证券研究所
2019-04-01,"北方华创:北方华创VS中微半导体,全方位对比分析",西南证券
2019-03-31,【东方电子】中微半导体：冉冉升起的半导体设备之星,剑指电子
2019-03-31,科创板系列 · 四：中微公司,电子后花园
2019-03-31,科创板受理企业透析｜中微半导体：7纳米芯片刻蚀机第一梯队,澎湃新闻
2019-03-31,周末要闻2019年3月31日星期日,Wind
2019-03-30,科创板28家受理企业名单“潜台词”：机制重于位次,Wind
2019-03-30,第四批企业获科创板“准考证” 影子股有哪些？,中金在线
2019-03-30,陆家嘴财经早餐2019年3月30日星期六,Wind
2019-03-30,第四批企业获受理 9家拟登陆科创板企业合计融资85亿元,中证报
2019-03-29,再增9家，28家企业已获科创板“准考证”！新成员全透视+影子股一览,中证报
2019-03-29,晚间要闻2019年3月29日星期五,Wind
2019-03-29,半导体设备公司中微拟登陆科创板申请获受理 国家大基金间接持股近20%,中证网
2019-03-29,【图解科创板】中微公司：国际半导体设备产业界公认的后起之秀,中金在线
2019-03-29,又有9家申请科创板上市，影子股有这么多！（名单）,中国基金报
2019-03-29,明星企业中微半导体申报科创板获受理 3年累计研发投入占比达32%,每日经济新闻
2019-03-29,中微半导体科创板申请获受理：毛利率持续下滑 盈利能力下降,资本邦
2019-03-29,第四批科创板名单落地，9家企业科创板上市申请获受理,Wind
2019-03-29,中微半导体、晶丰明源备战科创板 完成上市辅导,Ofweek
2019-03-29,中国IC设备市场独好 全球晶圆厂支出下降,中投网
2019-03-28,大参考：华为首款智能眼镜曝光 一类股望持续反弹拉升,巨丰财经
2019-03-28,第二批新增8家 北京迎首家科创板受理企业,新京报
2019-03-27,半导体设备厂商中微半导体拟登陆科创板,中证网
2019-03-27,中微半导体完成申报科创板上市辅导,Wind
2019-03-22,重磅出炉！科创板首批9家受理企业名单来了，预计募资总额110亿，平均预估市值73亿（附影子股名单）,证券时报网
2019-03-22,科创板里程碑一天：中信等6券商中头彩 看五大答疑,新浪
2019-03-22,全球晶圆厂支出下降 中国IC设备市场独好,中国电子报
2019-03-22,京东组织员工参观看守所；腾讯Q4净利润暴跌三成；喜茶咖啡今日上线；华为电视将于4月发布 | 早报 盈利能力下降,和讯
2019-03-21,重磅！科创板最重要两大名单公布，华兴包凡、红杉沈南鹏、高瓴资本张磊都在内，这些信息必须了解,中证报
2019-03-21,科创板两榜名单出炉：百度入选AT出局，华兴红杉高瓴上榜IDG晨兴无缘,挖贝网
2019-03-21,药明康德、恒瑞医药等公司高管入选第一届科技创新咨询委员会委员候选人名单,e公司
2019-03-21,上交所公示第一届科创板股票上市委员会委员候选人名单，共48人,Wind
2019-03-19,半导体、电子设备：偏光片维持高景气 荐15股,中信建投
2019-03-19,科创板将利好国内半导体企业,金融界
2019-03-19,【东吴晨报0319】【策略】专题【行业】半导体设备【个股】星源材质、凯撒文化、用友网络,东吴研究所
2019-03-19,上海证监局公布8家公司上市辅导进展 4家明确科创板上市,中金在线
2019-03-18,【半导体设备】国内半导体企业2018年营收大幅增长，预计2019年设备需求持续扩张【东吴机械陈显帆】,透视先进制造
2019-03-14,地方政府积极服务对接 备战科创板企业陆续揭开面纱,中证报
2019-03-12,半导体、电子设备：集成电路的两次戴维斯双击 荐25股,和讯
2019-03-12,科创板将重构成长股估值 半导体定义核心资产,金融界
2019-03-11,民生证券：科创板A股影子股筛选,民生证券研究院
2019-03-08,半导体行业研究：硬核科技代表，半导体设备重装上阵,格隆汇
2019-03-08,半导体板块逆势上扬 国产替代正当时,证券时报网
2019-03-08,芯片个股掀起涨停潮 北方华创等超30股涨停,金融界
2019-03-05,科创板火速开闸 哪些企业“喝头啖汤”？,投资快报
2019-03-04,一图看懂科创板潜在名单及其影子股,21世纪经济报道
2019-02-24,兴业基金：打造专业投研队伍 争创一流产品业绩,金融界
2019-01-27,存量资金博弈 大盘技术指标能否转好？,每日经济新闻
2019-01-25,科创板来了 最全独角兽概念股名单奉上(受益股),投资快报
2019-01-24,重磅：科创板方案昨日获批，五大行业百家企业获益，2019最重大改革来了！,创业邦
2019-01-24,谁会成为科创板率先上市企业？上海证监局公示的正在辅导企业能给我们启示,挖贝网
2019-01-17,巨丰热点：中微半导影子股逆势拉升 可立克盘中涨停,巨丰财经
2019-01-17,牛市早报｜100亿美元外资将被动入市，华致酒行今日申购,澎湃新闻
2019-01-17,巨丰热点前瞻：市场承压短调难改上涨格局 关注场内结构性机会！,巨丰财经
2019-01-17,拥抱资本加速前行 中微半导体已提交IPO辅导备案(股),金融界
2019-01-16,周三最新重磅公司传闻集锦(1月16日),中财网
2019-01-15,刻蚀机龙头中微半导体拟启动IPO 已进行辅导备案,中证网
2019-01-10,2018年中国集成电路行业发展机遇与挑战并存 预测2019年发展势头依然强劲,前瞻研究院
2019-01-10,半导体、电子设备：国产设备再获支持 荐18股,和讯
2018-12-19,半导体、电子设备：中微突破5NM核心刻蚀技术,上海证券
2018-12-18,国产集成电路设备重大突破 中微半导体5纳米刻蚀机通过台积电验证,中证网
2018-12-18,国产刻蚀机入选全球首条5纳米芯片产线，半导体设备国产化趋势不可逆转,Wind
2018-12-17,国产刻蚀机入选全球首条5纳米芯片产线 相关公司或受关注,e公司
2018-11-28,中微半导体领投！芯元基半导体获千万融资,SEMI
2018-11-06,中国半导体：面对周期下行压力，如何把握投资机会？,中金点睛
2018-10-23,中国半导体系列：设备,中金点睛
2018-05-02,海关知识产权保护：护航企业纵横国内外市场,经济日报
2018-04-27,美国涉嫌侵权中国芯片设备 在浦东机场被海关扣下,新浪
2018-04-24,国内最领先高端芯片设备制造项目落户南昌,元器件交易网
2018-04-23,中微“牵手”南昌打造高端MOCVD装备制造基地,新华网
2018-04-23,中微与南昌市战略合作协议暨MOCVD销售合同签约仪式顺利举行,元器件交易网
