date,sentence,col3
2021-12-31,北向资金年内加仓超4300亿元创历史新高，宁德时代全年净买入超300亿,Wind
2021-12-31,2021创客贴数智战略赋能行业笔记,美通社
2021-12-30,风享·TMT 一周谈 | 当下科技板块如何布局？20211228,天风研究
2021-12-29,金山数字办公平台重磅发布 全面赋能大型组织办公数字化转型,深水财经社
2021-12-29,金山办公入股深圳顺赢私募基金合伙企业,智通财经
2021-12-28,金山办公(688111.SH)向13名激励对象授予13.83万股限制性股票,智通财经
2021-12-28,东兴证券：给予金山办公买入评级,证券之星
2021-12-28,A股资金流向：锂矿价格飙升修复股价背离，新能源全线反弹,Wind
2021-12-28,平安证券：《“十四五”国家信息化规划》发布，将大幅提升IT投资占比,财联社
2021-12-28,赋能大型组织办公数字化转型,发布易
2021-12-27,金山办公首次登上2021年《财富》未来50强全球排行榜，排名第十位,凤凰网
2021-12-27,【计算机】重点把握能源IT投资机遇,金融界
2021-12-24,上海保险交易所与中国银保信合作，保险服务系统助力保险机构业务互联；京东与泰森集团合作，搭建食品供应链系统| 36氪大公司数字创新指南1223,36氪
2021-12-24,计算机行业2022年度投资策略：得时无怠 择优赛道 质地当先,新浪
2021-12-24,WPS未经许可使用福昕软件产品 终审判决珠海金山赔偿150万元,中国网
2021-12-24,「赋能大型组织数字化升级」将成未来5-10年核心战略,Ofweek
2021-12-24,信息化浪潮下推动移动化办公发展 金山办公发布数字办公平台,新民网
2021-12-24,民族品牌指数涨0.68% 金山办公上涨5.32%,上证报
2021-12-23,金山办公(688111)：发布金山数字办公平台 赋能大型组织办公数字化转型,新浪
2021-12-23,金山办公进军B端市场推数字办公平台 CEO章庆元：与飞书等维度不同,新浪
2021-12-23,盯上企业数字办公市场“蛋糕” 金山办公如何与钉钉、飞书错位竞争？,每日经济新闻
2021-12-23,金山办公发布三大新品 升级协作服务转型组织数字办公,中国网
2021-12-23,金山办公(688111)：发布三大协作新品 共创数字办公价值共同体,新浪
2021-12-23,A股资金流向：“妖股”行情暂告段落，绿电板块重回主线核心,Wind
2021-12-23,金山办公发布数字办公平台 打造大型组织数字化转型利器,质量新闻网
2021-12-23,中国银河维持金山办公推荐评级：战略升级，从个人工具到组织协作的全面云化转型,每日经济新闻
2021-12-23,中国银河：给予金山办公买入评级,证券之星
2021-12-23,由卖产品转向卖服务 金山办公重建收入结构,证券日报网
2021-12-23,金山办公(688111)调研报告-强化协作平台 延展BG空间,新浪
2021-12-23,金山办公CEO章庆元：持续推动办公方式进步，从工具到服务，从单机到协作,TechWeb
2021-12-23,华为云携手金山办公，为企业提供丰富数字办公应用及体验,凤凰网
2021-12-23,金山数字办公平台重磅发布 直击数字化办公转型“三大痛点”,中国网
2021-12-23,A股异动 | 金山办公涨8% 推出面向政企的标准化数字办公平台,格隆汇
2021-12-23,金山办公发布数字办公平台 打造大型组织数字化转型利器,凤凰网
2021-12-23,大公司早报｜芒果TV上调会员价格 腾讯对京东持股比例降至2.3%,观察者网
2021-12-22,远程办公风口持续 金山办公：赋能大型组织办公数字化转型,第一财经
2021-12-22,金山办公发布数字办公平台,上证报
2021-12-22,金山办公to B进化：聚焦数字办公，从卖产品转向卖服务,21世纪经济报道
2021-12-22,金山数字办公平台正式发布,财经网
2021-12-21,“OFFICE文档转PDF文档格式”功能背后的官司：福昕软件与珠海金山纠纷终审判决出炉 诉讼纠纷,每日经济新闻
2021-12-21,A股资金流向：低价逻辑继续升温,Wind
2021-12-20,直播|金山数字办公大会,光明网
2021-12-17,金山办公股东拟减持公司不超2.51%股份 拟减持股份,中国财富网
2021-12-17,注意！金山办公：奇文N维拟减持不超过1155.6万股 拟减持股份,每日经济新闻
2021-12-17,金山办公(688111.SH)：奇文N维拟减持不超1155.60万股 拟减持股份,格隆汇
2021-12-17,金山办公：奇文N维拟合计减持2.51%公司股份 拟减持股份,财联社
2021-12-17,金山办公：奇文N维拟减持不超过总股本2.51% 拟减持股份,Wind
2021-12-16,金山办公宣布品牌升级 民族品牌绽放智慧的力量,证券日报网
2021-12-16,金山办公宣布品牌升级,Wind
2021-12-16,金山办公宣布品牌升级,e公司
2021-12-16,金山办公发布全新品牌Logo：一面红色旗帜 寓意深刻,快科技
2021-12-16,绽放智慧的力量！金山办公宣布启用全新Logo、品牌Slogan,金融界
2021-12-16,金山办公发布全新品牌Logo：融合字母K和「折叠的文档」,IT之家
2021-12-14,A股主力资金流向：净流出额创一个半月新高，新能源、周期股集体遭抛售,Wind
2021-12-13,金山办公跌3.3% 中信证券华西证券安信证券高点喊买入,中国经济网
2021-12-13,A股主力资金流向：电力股获资金抢筹，新能源持续回暖,Wind
2021-12-13,和讯SGI指数2021年度白皮书发布，金山办公位居Top10总榜首位,凤凰网
2021-12-10,A股资金流向：热门题材炒作升温，新能源集体回暖,Wind
2021-12-10,未来组织究竟长什么样？百度如流：智能组织,ZAKER
2021-12-08,石墨、金山办公押注B端，协同办公商业化前景如何？,Ofweek
2021-12-08,龙头公司布局第二增长曲线　行业数字化及智能化趋势加速,财富动力网
2021-12-07,计算机2022年度策略报告：边际变化里藏金子,新浪
2021-12-07,卫宁健康(300253)：WINEX MY启动 跨端、多场景、全闭环,新浪
2021-12-06,银河证券每日晨报,新浪
2021-12-06,财信证券计算机行业12月月报：板块表现回暖，重提数字基建重要性,财信证券研究
2021-12-06,融云X金山办公 构建“轻量敏捷”云文档,砍柴网
2021-12-05,深度*行业*计算机行业2022年度策略：软件定义世界 芯片定义软件,新浪
2021-12-04,金山办公申请雷军AreYouOk商标被驳回,Bianews
2021-12-04,主力探秘：计算机板块估值处在合理位置,财富动力网
2021-12-02,9只科创板股获北向资金减仓,证券时报网
2021-12-01,计算机行业2022上半年投资策略：把握数字化发展机遇 关注高景气、具备成长确定性领域,新浪
2021-12-01,计算机行业事件点评：工信部同时发布两大重磅政策 软件行业黄金十年开启,新浪
2021-11-30,计算机行业点评：软件业、两化融合规划发布 数字化转型大潮将至,新浪
2021-11-30,A股资金流向：新能源分歧加大，外资尾盘被动配置加剧波动,Wind
2021-11-29,计算机应用：个人收款码从事经营活动有望得以规范 关注第三方服务商,新浪
2021-11-25,A股资金流向：题材股退潮，资金再度开启高切低模式,Wind
2021-11-25,计算机年度策略：从产业变革到投资机会,新浪
2021-11-24,摩根士丹利：将金山软件目标价升至56港元，评级增持,Wind
2021-11-22,计算机周报：高通拿下宝马智能驾驶定点 医疗IT龙头基本面持续向好,新浪
2021-11-22,2021信创“大比武”总决赛基础办公应用开发赛道圆满落幕,质量新闻网
2021-11-22,A股资金流向：赛道股爆发重回主线，风格切换苗头显露,Wind
2021-11-22,计算机行业周报：阿里云首次季度营收超过200亿元,新浪
2021-11-19,金山办公：奇文N维提前终止减持计划，已累计减持公司股份309.67万股,Wind
2021-11-19,A股资金流向：大金融午后发力，权重股获资金回流,Wind
2021-11-19,银河证券每日晨报,新浪
2021-11-19,2021信创“大比武”总决赛基础办公应用开发赛道圆满落幕：“智慧政务文档助手”拔头筹,砍柴网
2021-11-19,金山办公CEO章庆元：远程办公推动行业巨大变革 金山文档月活峰值2.3亿,财联社
2021-11-19,计算机行业2022年度投资策略：云与信创：把握技术创新周期和供需格局变化,新浪
2021-11-18,金山软件第三季度营收增长8%，办公软件对营收贡献已过半,质量新闻网
2021-11-18,金山办公个人订阅服务快速增长，推动金山软件营收增长,凤凰网
2021-11-17,和讯SGI新技术TOP10维持高增长态势 中芯国际频繁的资本运作能否挽救萎靡股价？,和讯
2021-11-16,业绩快报 | 办公软件增收、网游减收，金山软件Q3净利下降15% 盈利能力下降,36氪
2021-11-16,金山软件Q3归母净利润5.65亿元，同比下降15% 盈利能力下降,中国经济网
2021-11-16,【港股通】金山软件(03888)第三季度溢利5.65亿元人民币 同比减少15% 盈利能力下降,和讯
2021-11-16,办公软件及服务收益高速增长 金山软件(03888.HK)2021年第三季度纯利环比大增1061%,格隆汇
2021-11-16,金山软件(03888)三季度归母净利同比减少15%至5.65亿元 环比增长10.61倍 盈利能力下降,智通财经
2021-11-15,金山办公邀请用户打卡冬奥竞赛场馆，分享年轻人职场观、运动观,凤凰网
2021-11-15,计算机行业周报：虚拟与现实的交织 元宇宙背后的ICT技术,华安证券
2021-11-15,北交所今开市，上证主板迎千亿市值解禁,Wind
2021-11-15,计算机：打造更开放的欧拉生态 剑指全球市场,新浪
2021-11-14,中国银河维持计算机行业推荐评级：云计算前瞻指标重大拐点出现，云计算景气度将再度升温,每日经济新闻
2021-11-14,计算机行业周观点：参考3季报 重点把握年底估值切换机会,新浪
2021-11-13,MSCI“购物车”再添多只科创板股票，今年超三千亿北向资金流入A股,Wind
2021-11-12,下周1587亿市值限售股解禁，中国人保解禁市值近1300亿 解禁,Wind
2021-11-12,大奖花落谁家？2021 信创“大比武”基础办公应用开发赛道总决赛即将启幕,凤凰网
2021-11-12,金山办公现1笔大宗交易 共成交620.51万元,新浪
2021-11-12,金山办公今日大宗交易成交2.20万股，成交价282.05元溢价0.0%,Wind
2021-11-12,11月12日沪深两市最新交易提示,金融界
2021-11-11,金山办公(688111.SH)：奇文N维已减持210万股 减持数过半 减持股份,智通财经
2021-11-11,金山办公大宗交易成交280.57万元,证券时报网
2021-11-11,金山办公(688111.SH)：奇文N维减持比例达1.05% 持股降至12.99%,智通财经
2021-11-11,金山办公：股东奇文N维合计减持股份数量为2100095股 减持股份,每日经济新闻
2021-11-11,金山办公：奇文N维累计减持比例达1.05% 减持股份,Wind
2021-11-11,金山办公今日大宗交易成交1万股，成交价280.57元溢价0.0%,Wind
2021-11-11,金山办公现1笔大宗交易 共成交280.57万元,新浪
2021-11-10,金山办公(688111.SH)：218.05万股限售股将于11月18日上市流通 解禁,智通财经
2021-11-10,金山办公：约218.05万股限售股11月18日解禁，占比0.473% 解禁,每日经济新闻
2021-11-10,金山办公：218万股限售股11月18日上市流通 解禁,Wind
2021-11-10,WPS表格上线群发工资条功能 持续丰富企业及团队智能办公场景,凤凰网
2021-11-10,金山办公亮相“2021全国信创产业发展金华论坛”,经济网
2021-11-09,科创板持续助力科技创新“开花结果”,Wind
2021-11-09,A股资金流向：“茅族”表现欠佳，成长股集体走强,Wind
2021-11-09,14只科创板股获北向资金减仓,证券时报网
2021-11-08,A股资金流向：机构青睐新能源，游资炒作元宇宙,Wind
2021-11-08,世界冠军张继科空降金山办公直播间，为即将到来的北京冬奥加油,凤凰网
2021-11-08,银河证券每日晨报,新浪
2021-11-08,“元宇宙”大牛股份遭冻结，五大概念股警示风险,Wind
2021-11-05,A股资金流向：电力、光伏板块遭批量出货，锂电池板块资金分歧较大,Wind
2021-11-05,群益证券给予金山办公买进(Buy)评级：月活用户数增速同比提高，3Q业绩持续快速增长,每日经济新闻
2021-11-04,A股资金流向：新能源、白酒集体获资金抢筹，比亚迪净流入超14亿,Wind
2021-11-03,金山办公第三季度扣非净利涨9成 发布当天股价涨12.5%,中国经济网
2021-11-03,科技制造行业11月月报：新能源仍是焦点 继续布局估值和增长匹配的制造业专精特新标的,新浪
2021-11-02,A股共发生220宗大宗交易成交35.45亿元（11月2日）,Wind
2021-11-02,金山办公跌3% 中信证券华西证券安信证券高点喊买入,中国经济网
2021-11-02,金山办公今日大宗交易成交24.30万股，成交价291.0元溢价0.0%,Wind
2021-11-02,"金山办公现6笔大宗交易 共成交7,071.30万元",新浪
2021-11-02,A股资金流向：主要行业主力资金悉数出逃，光伏股遭大幅抛售,Wind
2021-11-02,科创板前三季营收净利齐增，研发投入接近2020全年水平,第一财经
2021-11-02,太平洋证券维持金山办公买入评级：三季度业绩回暖,每日经济新闻
2021-11-02,西部证券：维持金山办公(688111.SH)“买入”评级 信创采购需求保持旺盛,智通财经
2021-11-02,科创板IT企业三季报盘点：过半数净利润同比下滑 近六成毛利率超50% 盈利能力下降,财联社
2021-11-02,计算机行业周报：网安处于国家战略的突出位置 投资机构持续看好人工智能,新浪
2021-11-02,金山办公(688111)：订阅业务数据亮眼 信创采购需求保持旺盛,新浪
2021-11-01,上交所：前三季度科创板上市公司总体业绩保持较快增长,Wind
2021-11-01,首创证券给予金山办公买入评级：业绩持续高增长，扣非净利率提升,每日经济新闻
2021-11-01,东吴证券给予金山办公买入评级：订阅释放，信创繁荣利好核心业务,每日经济新闻
2021-11-01,【计算机】参考3季报，重点把握年底估值切换机会,金融界
2021-11-01,金山办公(688111)：单Q3收入增速超预期 产品总月活增长提速打开长期空间,光大证券
2021-10-31,【兴证计算机】计算机行业三季报总结：整体稳健，龙头更优,兴业计算机团队
2021-10-31,华西证券给予金山办公买入评级：业绩超预期，订阅增长提速,每日经济新闻
2021-10-31,开源证券维持金山办公买入评级，公司信息更新报告：订阅业务收入超预期，生态愈加丰富,每日经济新闻
2021-10-30,东方证券给予金山办公增持评级：Q3业绩超预期，加码B端协作布局，目标价286.88元,每日经济新闻
2021-10-30,东方证券：给予金山办公增持评级，目标价位286.88元,证券之星
2021-10-30,国元证券给予金山办公买入评级，2021年三季报点评，近期获4份券商研报关注，目标均价涨幅20.22%,每日经济新闻
2021-10-29,金山办公：利润增速回升，订阅类收入提速明显— —华创计算机王文龙团队,蚊子搞科研
2021-10-29,A股资金流向：主线和题材共振反弹，宁王、隆基联手爆发,Wind
2021-10-29,国盛证券维持金山办公买入评级：三季报业绩超预期，国产云办公领军长期成长性持续验证,每日经济新闻
2021-10-29,安信证券维持金山办公买入评级：Q3业绩超预期，产品型公司魅力尽显,每日经济新闻
2021-10-29,平安证券给予金山办公推荐评级，三季度经营业绩良好，授权业务和订阅业务持续高速增长,每日经济新闻
2021-10-29,平安证券：给予金山办公增持评级,证券之星
2021-10-29,金山办公涨超10%，科创创业ETF（588360）涨超2%,资本邦
2021-10-29,浙商证券维持金山办公买入评级，金山办公2021年三季报点评：信创业务需求旺盛，订阅运营指标稳健增长,每日经济新闻
2021-10-29,浙商证券：给予金山办公买入评级,证券之星
2021-10-29,浙商证券：维持金山办公(688111.SH)“买入”评级 信创业务需求旺盛 订阅运营稳健增长,智通财经
2021-10-29,金山办公涨超10%，软件ETF（515230）涨超1.5%,资本邦
2021-10-29,A股异动丨绩后获券商唱好 金山办公(688111.SH)大涨超9%,格隆汇
2021-10-29,【浙商|计算机田杰华/邱世梁】金山办公：信创业务需求旺盛，订阅运营指标稳健增长,微信
2021-10-29,金山办公(688111)：Q3整体收入表现较好 关注其持续性,广发证券
2021-10-29,北京金山办公软件股份有限公司 2021年第三季度报告,证券日报
2021-10-28,金山软件(03888)：金山办公前九月归母净利润8.48亿元 同比增长42.44%,智通财经
2021-10-28,图解金山办公三季报：第三季度单季净利润同比增25.75%,证券之星
2021-10-28,金山办公(688111.SH)：第三季度净利增25.75%至2.99亿元,格隆汇
2021-10-28,交卷！金山办公：第三季度净利润约2.99亿元，同比增长25.75%,每日经济新闻
2021-10-28,金山办公：前三季度净利润同比增长42.44%,Wind
2021-10-28,计算机应用行业：国产EDA与海外差距在哪儿?,新浪
2021-10-28,多项目进入收尾阶段 上市公司多维度护航,证券日报
2021-10-27,冬奥会进入百天倒计时：项目陆续收尾 上市公司多维度护航,证券日报网
2021-10-27,倒计时100天，金山办公全力保障北京冬奥会两地三赛区协同办公,凤凰网
2021-10-27,金山办公首席专家、副总裁肖玢：用协同办公开启冬奥新篇章,中新经纬
2021-10-27,金山办公宣布WPS正式支持XLOOKUP函数,36氪
2021-10-26,聚焦IPO | 合合信息研发费用高企成果“难产”，客户稳定性不足难保障自身成长性,红周刊
2021-10-26,A股资金流向（10月26日）：新能源板块遭获利盘打压，超跌TMT成为避风港,Wind
2021-10-26,金山办公亮相2021年华为开发者大会 WPS荣获多项大奖,凤凰网
2021-10-25,金山办公跌3.36% 中信证券华西证券安信证券高点喊买入,中国经济网
2021-10-25,A股资金流向（10月25日）：碳中和再成市场共识，“风光车储”全线开花,Wind
2021-10-25,计算机行业周报：逻辑“双杀”公司开始出现 均衡配置头部与低估值,新浪
2021-10-24,【兴证计算机】从阿里云栖大会看科技自立生态进展,兴业计算机团队
2021-10-23,金山办公宣布推出藏文版WPS 通过AI解决适配问题,新浪
2021-10-23,计算机行业周报：详解智能制造/机械能否穿越PMI周期？,新浪
2021-10-22,首个纯国产藏文版办公软件发布,经济日报
2021-10-22,A股资金流向（10月22日）：外资连续两日净入百亿撑起盘面，核心资产成最大赢家,Wind
2021-10-22,技术援藏 金山办公为米林县全县教育系统免费提供WPS Office,砍柴网
2021-10-22,银河证券每日晨报,新浪
2021-10-21,藏文版WPS Office发布：全面适配Linux生态，集成汉藏互译工具,IT之家
2021-10-21,沪股通昨日减持14只科创板股 减持股份,证券时报
2021-10-20,计算机应用周报：计算机行业三季报前瞻,新浪
2021-10-20,A股资金流向（10月20日）：新能源板块再获青睐，但宁德时代连续两日遭净卖出,Wind
2021-10-20,沪股通昨日加仓16只科创板股,证券时报
2021-10-19,2021华为开发者大会来袭 中国软件万兴科技等鸿蒙概念股有望获益,凤凰网
2021-10-19,金山办公与华云数据发起国产软件人才培养计划,质量新闻网
2021-10-19,13只科创板股获北向资金加仓,证券时报
2021-10-18,金山办公跌3.72% 中信证券华西证券安信证券高点喊买入,中国经济网
2021-10-18,培养大国工匠 金山办公牵头发起国产软件人才培养计划,凤凰网
2021-10-17,【安信计算机】迎接2021华为开发者大会,计算机司令部
2021-10-17,计算机应用行业：计算机行业网信板块三季报前瞻,新浪
2021-10-17,计算机行业周报：智能驾驶正在发生哪些变化,新浪
2021-10-16,加速推进产教融合 金山办公与华云数据发起国产软件人才培养计划,砍柴网
2021-10-16,计算机行业周报：一图解释信息安全标的审美差异！,新浪
2021-10-14,金山WPS宣布新布局：推出定制平台 10亿流量补贴扶持商户,新浪
2021-10-14,A股资金流向（10月14日）：主线之争！新能源KO消费暂时领先,Wind
2021-10-14,金山办公推出WPS定制平台,36氪
2021-10-13,金山办公：进一步收购创客贴股份可加深双方的产品合作,财联社
2021-10-13,金山办公跌3% 中信证券华西证券安信证券高点喊买入,中国经济网
2021-10-13,金山办公拟出资875万美元增持创客贴 携文创资源完善协同办公生态,产业经济新闻网
2021-10-13,2只科创板股获北向资金减持超千万元 减持股份,证券时报
2021-10-12,金山办公(688111.SH)拟出资875万美元认购参股公司创客贴1787.28万股,智通财经
2021-10-12,金山办公(688111.SH)：拟以875万美元通过子公司收购创客贴12.79%股份,格隆汇
2021-10-12,A股资金流向（10月12日）：市场热点匮乏，资源股再成杀跌主力,Wind
2021-10-11,刚刚，A股首份三季报亮相，业绩暴增5.8倍，横扫一大批科技股！芯片龙头突然大跌，背后原因是这个？,e公司
2021-10-11,金山PDF for Linux专业版发布 PDF编辑、格式转换、电子签名等重磅功能齐登场,凤凰网
2021-10-11,金山办公发布金山PDF for Linux专业版 亮点功能抢先看,凤凰网
2021-10-11,卓胜微、金山办公、华熙生物跌超4%，科创创业ETF（588360）跌逾1%,资本邦
2021-10-11,计算机应用：继续重点推荐关注鸿蒙产业链相关公司,新浪
2021-10-10,计算机行业周报：从科技巨头入股飞腾看国产基础软硬件生态现状,新浪
2021-10-09,计算机应用行业点评：挂钩收入大额罚款开启 互联网治理时代来临,新浪
2021-10-09,电子行业周报：关注美国货币政策影响,新浪
2021-10-09,业绩向上股价向下 金山办公否认“70亿元”天花板,中国经营报
2021-10-08,北向资金今日净卖出25.72亿元，贵州茅台遭大幅净卖出超11亿元,Wind
2021-10-08,A股资金流向（10月8日）：资金高低切换，大幅抢筹保险、大消费板块,Wind
2021-10-03,重回年初起点，科创板2021年前三季度榜单全面揭晓,Wind
2021-10-01,重回年初起点，科创板前三季度榜单全面揭晓！,Wind
2021-09-30,A股资金流向（9月30日）：市场温和缩量，“茅宁”组合成持股者首选,Wind
2021-09-29,外资与券商同时看好这只票！北向掘金今日战绩：圆通速递、金山办公、震安科技、保利发展、圣农发展逆势上涨,新浪
2021-09-29,2021 信创“大比武”基础办公应用开发赛道复赛迎来 30 强激烈角逐,凤凰网
2021-09-29,A股资金流向（9月29日）：节前资金避险欲望强烈，银行股获青睐,Wind
2021-09-29,野村：予金山软件买入评级，目标价43港元,Wind
2021-09-28,加速共建信创生态、填补信创云文档空白 WPS文档中台通过鲲鹏兼容性验证,砍柴网
2021-09-28,A股资金流向（9月28日）：绿电龙头重回“C位”,Wind
2021-09-27,计算机应用：开源软件正在建设数字中国IT底座 关注主流商业发行版公司,新浪
2021-09-27,申万宏源通信周报：重点关注通信板块预期修复机会,新浪
2021-09-26,通信·产业追踪(31)：卡奥斯首入亚洲品牌500强 国内智能制造强势崛起,新浪
2021-09-26,"1000+选手参赛,30支队伍突出重围,2021 信创“大比武”基础办公应用开发赛道复赛即将启幕!",砍柴网
2021-09-26,【兴证计算机】从HC2021看华为产业链投资机会,兴业计算机团队
2021-09-26,1000+选手参赛，2021 信创“大比武”基础办公应用开发赛道复赛即将启幕！,凤凰网
2021-09-26,计算机行业周报：华为欧拉有哪些机会？恒生发投研一体新品！,新浪
2021-09-24,金山办公战略投资炎黄盈动，为低代码PaaS打上「国潮」标签,中国贸易新闻网
2021-09-24,名列前茅！金山办公携WPS亮相中国电子第五届“i+”创新创业大赛,凤凰网
2021-09-24,金山办公(688111)跟踪报告：推动用户+品类+模式升级,新浪
2021-09-24,中信证券晨会,新浪
2021-09-24,[中国好公司]金山办公：唯一可匹敌微软office的办公巨头,新浪
2021-09-24,A股万亿常态成交，三季度以来逾千家公司获机构调研,Wind
2021-09-23,北向资金净卖出额创近一个月新高，银行股遭大幅抛售,Wind
2021-09-23,巨亏近100亿，许家印老友打算清仓恒大,Wind
2021-09-23,A股资金流向（9月23日）：电力、资源股出现强分歧,Wind
2021-09-23,热门公司调研机构云集，34家看涨逾100%,Wind
2021-09-23,金山办公、卓胜微涨超5%，科创创业ETF（588360）涨超0.5%,资本邦
2021-09-23,炎黄盈动获金山办公A+轮战略投资，办公软件巨头×低代码PaaS，共筑数字化底座,经济网
2021-09-22,为低代码PaaS打上国潮标签，炎黄盈动获得金山办公A+轮战略投资,猎云网
2021-09-22,A股资金流向（9月22日）：电力股全线爆发，“茅宁”成“牛夫人”,Wind
2021-09-21,计算机行业周报：对几个计算机重要标的的看法,新浪
2021-09-17,金山办公跌4.69% 华西证券安信证券中信证券高点喊买,中国经济网
2021-09-17,A股资金流向（9月17日）：消费、资源跷跷板效应显著,Wind
2021-09-17,石基信息(002153)：洲际落单 全球市场正式打开,新浪
2021-09-17,铸牢共同体！金山办公支持民族地区信息化创新发展,砍柴网
2021-09-17,助融合发展，金山办公支持内蒙古自治区提升信息化能力,全球财经网
2021-09-17,GPU的那些事儿：关于GPU的科普,新浪
2021-09-17,新纳入富时罗素相关指数个股尾盘异动，生效日效应提前了？,Wind
2021-09-16,“家电茅”跌42%，又见投资者爆仓！白马股怎么啦 股票质押异常,Wind
2021-09-14,通信·产业追踪(29)：上海加码工业软件政策；中兴通讯高端路由器集采拔头筹,新浪
2021-09-14,A股资金流向（9月14日）：资金出逃高位资源股，锂电滞涨分支挖掘补涨,Wind
2021-09-14,计算机行业：鸿蒙商业系统用户突破9千万 开源鸿蒙系统将构建数字中国系统底座 金融IT持续受益资本市场改革红利,新浪
2021-09-14,鸿蒙升级用户数突破1亿！概念股狂欢，生态伙伴即将起航？,第一财经
2021-09-13,访金山办公副总裁王冬：年轻人评价WPS蛮“潮”，让我们意外,中国经营网
2021-09-13,计算机行业周报：AI+IOT大潮潜力可期 看好龙头产业化变现能力,新浪
2021-09-13,计算机行业周报：板块性价比凸显布局价值,新浪
2021-09-10,金山办公(688111)：业务继续保持健康快速成长 加大销售、研发投入力度谋划更大增长空间,新浪
2021-09-09,金山办公跌3.31% 上半年6大股东9名董监高减持 减持股份,中国经济网
2021-09-09,A股资金流向（9月9日）：资源股炒作进入高潮期，铜、黄金挖掘补涨,Wind
2021-09-07,云计算2021H1中报总结：先蹲后跳 长期成长优先于短期业绩,新浪
2021-09-07,“元宇宙”概念火爆，游戏股回血，有哪些投资机会可关注？,证券之星
2021-09-07,A股资金流向（9月7日）：资源、金融双轮驱动，追高资金享受溢价,Wind
2021-09-07,计算机行业周报：网络安全行业未来3年预计维持23.6%的高增速,新浪
2021-09-06,A股资金流向（9月6日）：消费、金融齐发力，创业板龙头获抢筹,Wind
2021-09-06,佳都科技涨停恒生电子、金山办公涨超5％ 软件ETF盘中涨近2%,金融界
2021-09-06,茅指数午后一度涨超4%，比亚迪涨近9%,Wind
2021-09-06,和讯SGI指数半年报TOP30榜单出炉 金山办公、迈瑞医疗、澜起科技位列前三,和讯
2021-09-06,和讯SGI指数榜单更新！金山办公、迈瑞医疗并驾齐驱，江苏北人仍垫底,和讯
2021-09-06,摩根士丹利：下调金山软件目标价至54港元，评级增持,Wind
2021-09-03,A股资金流向（9月3日）：多空厮杀激烈，锂电上游龙头“跌落神坛”,Wind
2021-09-03,科技制造行业先进制造2021年9月月报：聚焦专精特新 继续布局估值和增长匹配的中小市值标的,新浪
2021-09-03,金山办公(688111)：上半年收入增长71% 付费用户数持续提升,新浪
2021-09-03,海通证券：予金山办公(688111.SH)“优大于市”评级 价值区间322.4-396.8元,智通财经
2021-09-01,金山办公携手湖南电信建设智慧常德,东方网
2021-09-01,金山办公六连阴 上半年6大股东9名董监高减持 减持股份,中国经济网
2021-08-31,上交所：科创板公司机构持股比例上升明显，国际投资者持仓规模持续增长,Wind
2021-08-31,金山办公季度归母净利首现负增长 股价连跌5日累计削去30%,中国网
2021-08-31,发生了什么？外资突然出手，多股尾盘异动，挂单一度超180亿！,Wind
2021-08-31,赛道板块加速分化，机构称9月市场处于防御期,Wind
2021-08-30,A股资金流向（8月30日）：新能源持续吸金，“盐皇”遭大幅抛售,Wind
2021-08-30,金山办公股东拟减持317.9万股，股价大跌超18% 拟减持股份,阿尔法工场
2021-08-30,金山办公半年报业绩说明会：SaaS订阅策略转向长期付费，商业模式更健康,凤凰网
2021-08-30,金山办公：长期来看非常看好国产化市场的成长空间,e公司
2021-08-30,金山办公接受82家机构调研！短期主力资金净流入，市场资金早已察觉,每日经济新闻
2021-08-30,金山办公：中信证券、中金公司等94家机构于8月26日调研我司,证券之星
2021-08-30,港股盘前必读：人工智能独角兽商汤科技向港交所递交上市申请,Wind
2021-08-30,民生计算机周报：国资云或带来新一轮IT建设 三大方向有望受益,新浪
2021-08-29,金山办公(688111)2021年半年报点评报告：信创业务爆发式增长 订阅业务运营指标亮眼,新浪
2021-08-28,金山办公中报点评：积极布局生态渠道，贯通办公上下游,中经导报
2021-08-27,晚间要闻2021年8月27日星期五,Wind
2021-08-27,科创50指数进行三季度调样，样本市值占比提升3个百分点,Wind
2021-08-27,金山办公中报点评：与数科网维生态协同效应逐步显现,凤凰网
2021-08-27,A股“爆雷”日！中报下周收关，几家欢喜几家愁,Wind
2021-08-27,金山办公下跌4% 上半年6大股东9名董监高减持 减持股份,中国经济网
2021-08-27,A股资金流向（8月27日）：新能源板块出现分歧，宁德时代遭资金减仓,Wind
2021-08-27,常德市党政协同办公平台封盘 金山办公携手湖南电信建设智慧常德,凤凰网
2021-08-27,软件及服务观点聚焦：下一代办公软件：协作、双链与多维表格,新浪
2021-08-27,金山办公 | 买中报利润还是买再成长能力？（中银计算机）,一计之长
2021-08-27,金山办公(688111)：授权+订阅双轮驱动 静待后续利润释放,西南证券
2021-08-27,西部证券维持金山办公买入评级，金山办公中报点评：办公授权业务高速增长，持续投入夯实发展基础,每日经济新闻
2021-08-26,首创证券首予金山办公买入评级，公司简评报告：信创、云协作推动授权业务高增长,每日经济新闻
2021-08-26,金山办公股价下挫 云业务增长对公司未来发展影响仍是关注重点,e公司
2021-08-26,东兴证券给予金山办公强烈推荐评级，业绩符合预期，看好公司长期发展,每日经济新闻
2021-08-26,金山办公股盘波动是因为云存储业务激增，长线可期,和讯
2021-08-26,金山办公又跌6% 上半年6大股东9名董监高减持 减持股份,中国经济网
2021-08-26,金山办公：五大战略稳步推进 月活用户突破5亿,砍柴网
2021-08-26,平安证券给予金山办公推荐评级，授权业务表现亮眼，订阅业务付费用户数持续增长,每日经济新闻
2021-08-26,金山办公股盘波动，真相其实是重大利好？,凤凰网
2021-08-26,机构砸盘金山办公 游资抢筹蓝晓科技|板块龙虎榜,第一财经
2021-08-26,东吴证券维持金山办公买入评级，2021年一季报点评：业绩超出市场预期，订阅和授权业务有望加速放量,每日经济新闻
2021-08-26,国信证券：维持金山办公(688111.SH)“买入”评级 信创推动授权业务高增长,智通财经
2021-08-26,金山办公参投顺为资本旗下基金，出资5亿元,投资界
2021-08-26,A股早报2021年8月26日星期四,Wind
2021-08-26,202股获券商买入评级 金山办公目标涨幅达98.23%,Wind
2021-08-26,金山办公(688111)2021中报点评：业绩保持高增长 WPS+生态逐步建立,新浪
2021-08-26,金山办公(688111)：业绩超出市场预期 订阅和授权业务有望加速,新浪
2021-08-26,金山办公(688111)半年报点评：21H1业绩符合预期 国产办公云领军现金流表现亮眼,新浪
2021-08-26,金山办公(688111)：软件授权业务暴增 付费会员快速增长,新浪
2021-08-25,【华西计算机】金山办公2021H1点评：业绩持续超预期，授权业务贡献主要增量,科技晶选
2021-08-25,太平洋给予金山办公买入评级，业绩符合预期，信创需求旺盛,每日经济新闻
2021-08-25,龙虎榜|金山办公收跌17.73% 四机构合计卖出8.19亿元,财联社
2021-08-25,华西证券维持金山办公买入评级：业绩持续超预期，授权业务贡献主要增量,每日经济新闻
2021-08-25,国元证券维持金山办公买入评级：信创业务爆发式增长，加大研发布局未来,每日经济新闻
2021-08-25,国盛证券给予金山办公买入评级，21H1业绩符合预期，国产办公云领军现金流表现亮眼,每日经济新闻
2021-08-25,金山办公发半年报跌18% 上半年6大股东9名董监高减持 减持股份,中国经济网
2021-08-25,安信证券维持金山办公买入评级：长坡厚雪不惧暂时性高投入,每日经济新闻
2021-08-25,开源证券维持金山办公买入评级，公司信息更新报告：业绩高速增长，信创业务加速放量,每日经济新闻
2021-08-25,金山办公(688111)2021年中报点评：用户ARPU健康增长 信创驱动授权爆发,新浪
2021-08-25,光大证券：金山办公(688111.SH)信创需求旺盛 总用户数继续保持稳健增长,智通财经
2021-08-25,金山办公盘中大跌超19% 市值蒸发超200亿,每日经济新闻
2021-08-25,A股收盘综述：三大指数均连升3日，光伏板块全线爆发,Wind
2021-08-25,民生证券给予金山办公推荐评级，金山办公2021中报点评：二季度收入持续高增长，订阅指标健康成长,每日经济新闻
2021-08-25,安信证券：维持金山办公(688111.SH)“买入-A”评级 目标价433元,智通财经
2021-08-25,国都证券研究所晨报,新浪
2021-08-25,外资周报第95期：TAPER预期发酵 交易盘大幅外流,新浪
2021-08-25,金山办公(688111)：收入持续高增 合同负债高增保障未来成长 偿债能力下降,新浪
2021-08-25,金山办公股东拟减持317.9万股，股价大跌超18% 拟减持股份,阿尔法工场
2021-08-25,1500亿巨头闪崩，20CM大跌！千亿中字头股崛起,Wind
2021-08-25,《科创板日报》25日讯，截至午间收盘，多只科创板中报业绩超预期个股大涨。其中，正帆科技、九号公司、键凯科技、金博股份涨停，华峰测控接近涨停。另外，金山办公收跌19.80%，逼近跌停。,财联社
2021-08-25,《科创板日报》25日讯，截至午间，正帆科技、九号公司、建凯科技、金博股份涨停，华峰测控接近涨停。上述5只个股均在昨日晚间披露超预期中报业绩。另外，金山办公收跌19.8%，逼近跌停。,财联社
2021-08-25,A股午盘综述：白酒股领涨大市，券商集体回调,Wind
2021-08-25,金山办公：WPS云办公黏性持续提升 上云文件破千亿,凤凰网
2021-08-25,金山办公：内容生态持续完善 WPS个人订阅业务持续增长,凤凰网
2021-08-25,金山办公半年报：云端结合推动企业数字化转型 信创业务爆发式增长,凤凰网
2021-08-25,金山办公半年报：研发人数超2000人，凸显硬科技本色,砍柴网
2021-08-25,母公司金山软件上半年净利润同比下滑98% 金山办公大跌15% 盈利能力下降,第一财经
2021-08-25,上半年净利下滑98%！金山软件、金山办公大跌 盈利能力下降,格隆汇
2021-08-25,金山办公(688111)：信创需求旺盛 产品总月活快速增长打开长期空间,光大证券
2021-08-25,科创50跌幅扩大至2%，权金山办公大跌14%,Wind
2021-08-25,母公司金山软件上半年净利润同比下滑98% 金山办公开盘大跌超10% 盈利能力下降,新浪
2021-08-25,金山办公披露2021年半年报 实现营收15.65亿元,资本邦
2021-08-24,金山办公：上半年营收同比增长70.90% 主要产品月活破5亿,中证网
2021-08-24,金山办公公布半年度报告：WPS Office 移动版月活用户超 2.96 亿,IT之家
2021-08-24,金山软件(03888)：金山办公(688111.SH)中期归母净利同比增长53.54%至5.49亿元,智通财经
2021-08-24,金山办公半年报：营收同比增长70%，主要产品月活破5亿,猎云网
2021-08-24,金山办公(688111.SH)上半年归母净利润同比增53.54%至5.49亿元,智通财经
2021-08-24,金山办公(688111.SH)拟使用募集资金5亿元对两家子公司增资以实施募投项目,智通财经
2021-08-24,金山办公：上半年营收15.65亿元，同比增长70.90%,36氪
2021-08-24,金山办公：股东奇文N维计划减持不超过约318万股 拟减持股份,每日经济新闻
2021-08-24,金山办公(688111.SH)拟斥资5亿元与关联方合作投资私募基金,智通财经
2021-08-24,金山办公：上半年净利润5.49亿元 同比增53.54%,e公司
2021-08-24,金山办公(688111.SH)股东奇文N维拟减持不超317.9万股 拟减持股份,智通财经
2021-08-24,金山办公：奇文N维合计拟减持不超过总股本0.69%,Wind
2021-08-24,金山办公：上半年净利5.49亿元 同比增54%,财联社
2021-08-24,金山办公：上半年净利润同比增长53.54%,Wind
2021-08-23,金山办公2021年上半年营收同比增长70.9%，主要产品月活突破5亿,亿欧网
2021-08-23,民生计算机周报：网安法律体系初步建成 行业景气向上,新浪
2021-08-23,港股盘前必读：港交所将于10月18日推出MSCI中国A50互联互通指数期货,Wind
2021-08-22,下周操盘攻略：调整是长期布局主线机会,Wind
2021-08-22,啥情况？千亿大牛股被富时罗素踢出群，原因竟是这个！,Wind
2021-08-19,WPS发力AI 引领办公新方向,凤凰网
2021-08-19,优质的企业服务公司应该具有怎样的面相？,凤凰网
2021-08-19,科创板战略配售硕果累累，三大产业高成长造就翻倍收益,Wind
2021-08-19,科创板半年报陆续出炉：半导体、新能源火热，北向资金大举加仓,Wind
2021-08-18,科创板半年报陆续出炉：半导体、新能源赛道持续火热，北向资金大举加仓,21世纪经济报道
2021-08-17,计算机周报：东方通三年高成长性确立 有赞加速转型新零售 奇安信毛利率持续提升,新浪
2021-08-17,多家评级机构看好，19年的坚持，致远互联做对了什么？,新浪
2021-08-16,民生计算机周报：从中报发掘边际改善和持续成长,新浪
2021-08-16,计算机行业周观点：中报集中披露 龙头行情可期,新浪
2021-08-16,计算机行业周报：华为鸿蒙的最新进展和投资全景,新浪
2021-08-15,【兴证计算机】重要跟踪！华为鸿蒙最新进展及投资全景,兴业计算机团队
2021-08-12,MSCI中国指数将调仓纳入11只A股，逾10亿元大单资金月内加仓4只潜力股,第一财经
2021-08-12,A股资金流向（8月12日）：“茅族”、“宁族”双双遭抛售,Wind
2021-08-12,MSCI指数作了季度调整：纳入了这些A股，9月1日起生效,澎湃新闻
2021-08-12,MSCI中国A股指数将纳入金山办公、爱美客,中证网
2021-08-12,11只A股新纳入MSCI中国指数，双创基金占据5席,Wind
2021-08-12,雷军年度演讲：“不理智”的决定成就金山新十年,凤凰网
2021-08-12,雷军年度演讲：发布《生生不息》，首次亲述金山十年,砍柴网
2021-08-12,刚刚，MSCI公布最新调整！11只A股进入旗舰指数系列,Wind
2021-08-12,信息服务行业信息点评：从SALESFORCE到ZOOM 美股SAAS龙头为何纷纷开启巨资收购？,新浪
2021-08-12,11只个股新纳入MSCI中国指数！,Wind
2021-08-11,北向资金今日净卖出超28亿元，白酒股持续惨遭抛售,Wind
2021-08-10,WPS 静待花开终有时,砍柴网
2021-08-10,WPS回逼微软,凤凰网
2021-08-10,计算机应用行业：政策推动 工业软件行业关注度显着提升,新浪
2021-08-09,A股资金流向（8月9日）：市场复刻上周一行情，资金青睐大金融板块,Wind
2021-08-09,计算机行业周报：中国云计算市场逆势高增 高通加速布局自动驾驶,新浪
2021-08-09,“金山文档先锋高校”在京签约 金山办公助力北京师范大学云办公,砍柴网
2021-08-08,计算机行业周报：工业软件有哪些重要变化,新浪
2021-08-06,计算机行业：鸿蒙有望成为OS第三极 看好四条投资主线,新浪
2021-08-06,A股资金流向（8月6日）：持续利好加持，资金对锂电产业链出现分歧,Wind
2021-08-06,计算机行业2021Q2计算机行业机构重仓持股回顾：板块整体仍处于低配 行业选择更加分散,新浪
2021-08-05,工具软件价值分化，Adobe、万兴科技、猎豹移动们为何不同命？,36氪
2021-08-05,8只科创板股获北向资金加仓,证券时报网
2021-08-04,A股资金流向（8月4日）：赛道股王者归来，大资金高位加仓,Wind
2021-08-04,【银河科创板吴砚靖/邹文倩/李璐昕】行业动态 2021.7丨硬科技属性坚挺，掘金“科创牛”正当时,中国银河证券研究
2021-08-03,计算机应用行业：云化带来ERP行业产品边界拓宽 工业互联网和国产化存在预期差,新浪
2021-08-03,A股资金流向（8月3日）：高切低趋势日渐明朗，新能源产业链集体遭抛售,Wind
2021-08-03,中国银河：硬科技属性坚挺，掘金“科创牛”正当时,资本邦
2021-08-02,北向资金7月动向：重点进攻高景气成长制造主线，周期性行业遭抛售,Wind
2021-08-02,A股资金流向（8月2日）：高切低痕迹明显，资金转战超跌价值股,Wind
2021-08-02,计算机周报：领军企业中报表现亮眼 看好高端制造等高景气细分,新浪
2021-08-02,计算机周观点：解决“卡脖子”难题 高度重视工业软件产业趋势,新浪
2021-08-02,通信·产业追踪：重点关注【硬科技三剑客】宝信&中兴&紫光,新浪
2021-07-30,A股资金流向（7月30日）：白酒“信仰崩塌”连遭抛售,Wind
2021-07-29,科创板开市二周年峰会明天开幕！一份高峰对话、圆桌会谈的嘉宾看点请查收,财联社
2021-07-28,【广发策略戴康团队】科创板：公募基金如何增配“硬科技”—“科创出鞘”系列,新浪
2021-07-28,A股资金流向（7月28日）：资金快进快出，芯片龙头被抛售,Wind
2021-07-27,北向资金今日净卖出41.72亿元，贵州茅台遭净卖出逾10亿元,Wind
2021-07-27,A股资金流向（7月27日）：新能源产业链持续遭抛售，芯片龙头一枝独秀,Wind
2021-07-27,和讯SGI公司|福昕软件SGI指数最新评分78分，人为降低研发支出比例，营造“好看”的利润数据,和讯
2021-07-27,金山办公正式推出WPS鸿蒙版 在办公全组件场景保持领先优势,砍柴网
2021-07-27,中望软件(688083)2021年股权激励计划(草案)点评：覆盖范围广利于长期发展 业绩目标体现公司信心,新浪
2021-07-27,北向资金净流出超百亿创年内新高，连续出逃京东方，抄底这些个股（名单）,21世纪经济报道
2021-07-27,北向资金动向盘点：净卖第一不是食品饮料，更不是医药,Wind
2021-07-27,计算机行业周报：Q2基金持仓回升 关注白马边际改善和行业信创,新浪
2021-07-27,中金：二季度科技硬件行业基金/沪港通持仓分析,中金点睛
2021-07-26,市场要闻 | 金山办公开放AI新技术，科创板第二大市值公司增长点何在？,36氪
2021-07-26,A股资金流向（7月26日）：“茅族”、“宁族”集体遭抛售，芯片龙头获青睐,Wind
2021-07-26,雷军点赞“天佑河南，我们同在！”，金山办公驰援河,中经导报
2021-07-25,【民生计算机|周观点】二季度持仓回顾：集中度提升，聚焦龙头与景气赛道,MS计算机
2021-07-25,计算机行业周报：教育政策超预期强势 海康中报振奋人心,新浪
2021-07-25,计算机行业：基金二季报持仓全分析,新浪
2021-07-25,计算机行业2021Q2基金持仓分析：环比提升 加配产业互联网,新浪
2021-07-23,A股资金流向（7月23日）：市场情绪低迷，白酒、医药股遭大幅抛售,Wind
2021-07-23,WPS 技术开放日：办公软件，不该速成,ZAKER
2021-07-22,探访科创板第二大市值公司：科创板全方位助力科技企业发展,第一财经
2021-07-22,AI让办公更高效，金山办公发布深度学习推理框架,极客网
2021-07-22,人工智能如何让办公更轻松？,光明网
2021-07-22,和讯SGI公司|金山软件SGI指数最新评分94分，毛利率堪比茅台利润翻倍，但董事长易主、多股东减持，股价还有水分？ 减持股份,和讯
2021-07-22,金山办公举办首个技术开放日，发布AI深度学习推理框架,36氪
2021-07-22,金山办公技术开放日：民族硬科技WPS是如何炼成的,砍柴网
2021-07-22,科创板两周年扫描：上市企业逾300家，市值已近5万亿 诞生了哪些大牛股？,每日经济新闻
2021-07-21,2021科创板全景扫描：八大指标透视“硬科技”,新浪
2021-07-21,智慧芽发布科创板科创力排行榜：中芯国际居首，金山办公、奇安信、安恒信息上榜20强,零壹财经
2021-07-21,计算机行业：金融信创超预期落地 提升长期成长空间,新浪
2021-07-20,金山办公：股东奇文N维完成减持约33.53万股 减持股份,科创板日报
2021-07-20,金山办公：奇文N维本次减持计划已实施完毕,每日经济新闻
2021-07-20,金山办公：股东奇文N维已累计减持公司0.07272% 减持股份,Wind
2021-07-20,金山办公(688111.SH)股东奇文N维累计减持33.53万股 减持实施完毕 减持股份,智通财经
2021-07-19,计算机行业周报：政策要求加大网安投入规模 广联达营收保持快速增长,新浪
2021-07-19,计算机应用行业：混合云架构是当下大型企业转云的最佳路径,新浪
2021-07-19,2021 信创“大比武”基础办公应用开发赛道开启报名！丰厚奖金等你拿,凤凰网
2021-07-19,计算机行业周报：网络安全八大核心问题聚焦,新浪
2021-07-19,民生计算机周报：政策催化+市场扩容 网安景气度提升可期,新浪
2021-07-18,金山办公2021开发者大会：文档中台正式发布,中经导报
2021-07-18,科创板将迎开市两周年 “试验田”收获多少硕果？,中国商报
2021-07-16,金山办公2021开发者大会：赋能开发者，共建数字办公新生态,砍柴网
2021-07-16,科创板：四象限选股模型,广发证券
2021-07-15,10只科创板股获北向资金减仓,证券时报网
2021-07-14,2021信创“大比武”正式启动！金山办公助力信创人才培养和生态成熟,凤凰网
2021-07-14,A股资金流向（7月14日）：新能源产业链集体退潮,Wind
2021-07-14,8只科创板股获北向资金加仓,证券时报网
2021-07-13,计算机应用行业：滴滴出行APP下架 再次印证网络安全与信创逻辑 产品问题,新浪
2021-07-13,计算机行业：鸿蒙对科技行业发展和投资机会的启示,新浪
2021-07-12,软件及服务行业二季报前瞻：板块企稳 后市积极,新浪
2021-07-10,【民生周末重点推荐】首席看计算机：鸿蒙开启智联万物新时代，主抓设备、应用两端龙头,MS研究
2021-07-09,北向资金今日小幅净卖出2.11亿元，外资高位出逃新能源股,Wind
2021-07-09,A股资金流向（7月9日）：锂电上游材料龙头获资金重金押注,Wind
2021-07-09,WPS移动版十周年 云空间可免费提升至5GB,砍柴网
2021-07-08,A股资金流向（7月8日）：新能源龙头持续吸金，金融、白酒遭抛售,Wind
2021-07-07,A股资金流向（7月7日）：新能源产业链强者恒强，龙头股获抢筹,Wind
2021-07-07,科技改变职场！WPS这个AI功能让PPT美化效率马上提高,砍柴网
2021-07-06,雷军向小米员工发“大红包”背后：公司市值年内大跌1800亿港元,网易
2021-07-06,计算机行业动态报告：中报行情即将开启 关注高成长赛道,新浪
2021-07-06,人均“奖金”2400万元！雷军狂发“大红包”，网友：喜欢发钱的男人，真帅,中国经济网
2021-07-06,又飙热搜！雷军狂发“大红包”，人均2500万重奖,Wind
2021-07-06,先进制造行业2021年7月投资策略：七月防守为主 布局估值和增长匹配的中小市值标的,新浪
2021-07-05,计算机行业动态报告：华为鸿蒙升级进程大幅提升 群核科技、龙芯中科发布IPO招股书,新浪
2021-07-05,小米之后雷军又发钱！8千金山员工，每人六百股共2亿多港元,奥一网
2021-07-05,雷军又“发钱”：每位金山员工超过2万元 小米豪派“大红包”人均39万元,21世纪经济报道
2021-07-05,雷军又“发钱”！每位金山员工超过2万元！小米4000员工也刚获大红包，人均39万元,21世纪经济报道
2021-07-05,别人家的公司！雷军又“发钱”！每位金山员工2.7万！小米4000员工也刚获大红包,新浪
2021-07-05,A股资金流向（7月5日）：资金大幅流入锂电上游行业,Wind
2021-07-05,雷军一个月两次撒钱！累计超 5 亿元，“金山同学”人均 2 万,ZAKER
2021-07-05,雷军又“发钱”！每位金山员工600股，总额超2亿港元,Wind
2021-07-05,又有APP栽了！锂电股彻底疯了，1800亿白马涨停,Wind
2021-07-05,【东吴计算机周报】：信创网安行业中报前瞻,吴声计事
2021-07-05,雷军又“发钱”：每位金山员工600股 总额超2亿港元,证券时报网
2021-07-05,大手笔！雷军发钱了，每人有望拿到23万？,证券之星
2021-07-05,又是别人家的公司，雷军表示：赠予每位金山员工600股股票,紫金财经
2021-07-04,【民生计算机|周观点】行业中报前瞻：看好高景气细分，领军企业有望实现高增,MS计算机
2021-07-04,【兴证计算机】一文读懂基金投顾产业机遇,兴业计算机团队
2021-07-03,计算机行业周报：回归稳健公司！,新浪
2021-07-03,金山办公助推政企办公数字化,中证报
2021-07-02,金山办公上线AI新功能：创意抠图只需3秒,砍柴网
2021-07-02,释放增长潜力 WPS+云办公助力企业数字化转型,砍柴网
2021-07-01,首批5只双创50ETF下周一上市,Wind
2021-06-30,A股资金流向（6月30日）：低位芯片龙头股获青睐,Wind
2021-06-30,金山办公：WPS云办公黏性持续提升 上云文件破千亿,砍柴网
2021-06-29,A股资金流向（6月29日）：光伏龙头获青睐,Wind
2021-06-29,计算机2021年中期投资策略：连接孵化新机遇 AIOT开启新篇章,新浪
2021-06-28,金山办公章庆元：持开放心态 加快推动文档格式标准建立,砍柴网
2021-06-28,A股资金流向（6月28日）：短线热门股遭资金抛售,Wind
2021-06-28,计算机行业周报：板块仍在向上周期 多板块机会梳理,新浪
2021-06-25,一克商评 | “生鲜电商第一股”不好当 持续稳定盈利才能成赢家,东方网
2021-06-25,WPS精耕细作 助力医疗行业数字化建设,砍柴网
2021-06-25,收评：沪指涨1.15%收复3600点 券商股领涨,网易
2021-06-25,爱数与金山办公达成合作，推出文档协作解决方案,砍柴网
2021-06-25,金山办公深化与麒麟合作 拓展国产办公生态,砍柴网
2021-06-25,计算机行业动态报告：鸿蒙OS2.0发布 AIOT生态加速,新浪
2021-06-25,北向资金动向盘点：个股增减持“神经分裂”,Wind
2021-06-25,银河证券：看好鸿蒙催化带来的多场景智能物联的渗透率快速提升,证券时报网
2021-06-25,5只科创板股获北向资金增持超3000万元,证券时报网
2021-06-24,计算机行业深度报告：鸿蒙初发 万物互联,新浪
2021-06-24,A股资金流向（6月24日）：资金暂离科技股，光伏、金融获流入,Wind
2021-06-24,银河证券：国内SaaS行业起步正当时，关注企业数字化转型过程中受益的龙头厂商,证券时报网
2021-06-23,云计算行业10年复盘：云计算还在上半场 垂直SAAS风起,新浪
2021-06-23,A股资金流向（6月23日）：新能源车龙头获青睐，白酒股集体遭抛售,Wind
2021-06-23,云办公系列专题：借谷歌微软之道，看金山办公如何破协作之局,国信研究
2021-06-22,中证100指数调整，纳入科创板标的,老罗话指数投资
2021-06-22,计算机行业周报：市场小幅回调 关注网络安全板块,渤海证券
2021-06-22,2只科创板股获北向资金减持超千万元 减持股份,证券时报网
2021-06-22,财信证券计算机行业2021年5月月度报告：板块估值修复，关注科技行业核心价值,财信证券研究
2021-06-21,A股资金流向（6月21日）：牧原股份、格力电器连遭资金抛售,Wind
2021-06-21,六论科创板：中国科技巨头的摇篮（浙商策略·王杨）,王杨策略研究
2021-06-20,【民生计算机|周观点】医保建设有望从法律层面强化，行业景气度提升可期,MS计算机
2021-06-20,【兴证计算机】从字节跳动“火种计划”看云计算产业机会,兴业计算机团队
2021-06-20,计算机行业周报：追逐主线 不妨21H2回归AI领军／云领军！,新浪
2021-06-19,等风来，科创板进入战略性底部（浙商策略·王杨）,王杨策略研究
2021-06-19,A股版图十年大变迁,Wind
2021-06-18,A股资金流向（6月18日）：新能源车龙头获抢筹，白酒股遭抛售,Wind
2021-06-18,计算机行业2021中期策略：鸿蒙开启新时代 AIOT+信创双重加速,新浪
2021-06-17,中国银河证券维持计算机行业推荐评级：鸿蒙开启新时代，AIOT+信创双重加速,每日经济新闻
2021-06-17,A股资金流向（6月17日）：芯片板块疯狂“吸金”，龙头股获抢筹,Wind
2021-06-16,机构抱团股短线跳水，Wind茅指数跌超1.2%,Wind
2021-06-16,金山办公：2020年共计派发现金红利2.766亿元,TechWeb
2021-06-16,金山办公：2020年年度权益分派实施 每10股派发现金红利6元（含税）,金融界
2021-06-16,首批双创50ETF获批，9家基金公司拔得头筹,Wind
2021-06-15,金山办公(688111.SH)每股派0.6元 股权登记日为6月21日,智通财经
2021-06-15,金山办公(688111.SH)：2020年度权益分派10派6元股权登记日6月21日,格隆汇
2021-06-15,计算机行业周报：《数据安全法》正式发布 输入法APP强化监管,华安证券
2021-06-13,【兴证计算机】从科技巨头布局看OS如何点亮“万物智联”,兴业计算机团队
2021-06-13,计算机行业跟踪周报237期：重视万物互联生态下的巨量机会,新浪
2021-06-13,5178点6周年，个股剧烈分化，茅台涨890%称王,Wind
2021-06-11,股民调侃：问君能有几多愁？恰似没有中石油！年初建仓涨幅碾压逾8成A股,中证报
2021-06-11,上市银行分红火热进行中！银行股是否具备配置价值？,中金在线
2021-06-11,"突发！茅台尾盘被砸500亿，""机器人茅""、""信创茅""全都挨砸",证券之星
2021-06-11,金山办公：加大支持内蒙古数字化转型与信创产业生态建设,砍柴网
2021-06-11,A股资金流向（6月11日）：新能源、疫苗龙头获资金回流,Wind
2021-06-11,万亿电池茅再创新高！月涨300％鸿蒙龙头继续大涨,Wind
2021-06-11,打造“有意义的差异化”中国品牌正加速“出海”,中国商报
2021-06-11,【机会挖掘】华为云全球技术峰会即将召开 关注生态合作伙伴,证券时报网
2021-06-11,深度*行业*计算机行业：一图梳理鸿蒙产业链标的,新浪
2021-06-11,百元股数量达163只，一日增加5只,证券时报网
2021-06-10,A股资金流向（6月10日）：资金撤离白酒股，转投新能源龙头,Wind
2021-06-10,金山办公：WPS支持“鸿蒙系统”，华为鸿蒙手机会预装WPS,Wind
2021-06-10,WPS深度适配国产平板操作系统JingOS，扩充国产办公生态,砍柴网
2021-06-10,八大券商主题策略：国产软件进入新的景气周期？华为产业链受益公司名单曝光,中金在线
2021-06-10,金山办公WPS+云办公解决方案 助力政府扶持中小企数字转型,砍柴网
2021-06-10,科创板行情下机构投资新风向：前期超跌引掘金，布局未来核心资产,Wind
2021-06-10,开源证券--计算机周观点：医疗IT再迎政策利好【行业研究】,金融界股吧
2021-06-09,A股资金流向（6月9日）：券商龙头遭抛售,Wind
2021-06-09,又一“股神”？业绩预增32倍获6连板，原因出人意料,Wind
2021-06-09,又一轮科创板减持潮来了！金山办公、华熙生物等千亿市值公司在列 减持股份,财联社
2021-06-08,A股资金流向（6月8日）：白酒股巨量杀跌，资金大幅出逃,Wind
2021-06-08,计算机应用行业：盘点低代码开发平台的投资机会,新浪
2021-06-08,【华创计算机王文龙团队】鸿蒙生态标的及装机规划全梳理,新浪
2021-06-08,首席周观点：股债小双牛还能持续吗？,新浪
2021-06-08,计算机行业点评报告：鸿蒙OS+2发布 打造IOT时代的超级系统,新浪
2021-06-08,两市百元股数量达159只，科创板股票占38.36%,证券时报网
2021-06-08,基金公司争饮头啖汤，密集布局科创成长赛道,Wind
2021-06-07,计算机行业：鸿蒙2.0正式发布公测体验良好 美股云计算SAAS增长超预期,新浪
2021-06-07,计算机：鸿蒙2.0降临 AIOT全场景打通曙光初现,新浪
2021-06-07,计算机行业周报：鸿蒙操作系统发布 华为全面拥抱软件、生态和AIOT,华安证券
2021-06-07,计算机行业周报：DCEP产业链市场空间测算及展望,新浪
2021-06-07,天风证券：金山办公（688111.SH）国产办公软件龙头，借力鸿蒙加速推广，提升至“买入”评级,智通财经
2021-06-07,天风证券上调金山办公评级至买入：借力鸿蒙加速推广，股权激励绑定核心骨干,每日经济新闻
2021-06-06,【民生计算机|周观点】鸿蒙出世，软件国产化进程进一步加速,MS计算机
2021-06-06,计算机2021中期策略行业策略：产业升级加速 智能化元年,新浪
2021-06-04,通信-华为产业系列深度之三：万物归一 鸿蒙2.0 重构物联世界,新浪
2021-06-04,A股资金流向（6月4日）：面板、光伏龙头持续遭资金抛售,Wind
2021-06-03,金山办公(688111.SH)：奇文N维拟减持合计不超34万股 拟减持股份,格隆汇
2021-06-03,金山办公：奇文N维拟减持公司0.0738%股份 拟减持股份,Wind
2021-06-03,金山办公：股东奇文N维拟减持公司不超34万股 拟减持股份,格隆汇
2021-06-03,A股资金流向（6月3日）：医药龙头持续遭资金抛售,Wind
2021-06-03,华为鸿蒙来了，A股受益标的全梳理，龙头股已翻倍上涨,Wind
2021-06-03,华为鸿蒙揭晓 万兴科技旗下产品进入鸿蒙全场景应用服务生态,北国网
2021-06-03,真成投资李剑威：SaaS下半场的三个趋势｜腾讯SaaS加速器,北国网
2021-06-03,盘前情报丨手机上的华为鸿蒙来了，产业链一览,21世纪经济报道
2021-06-03,鸿蒙OS 2发布，关注三条投资主线,中信证券
2021-06-03,北京金山办公软件股份有限公司 关于2021年限制性股票激励计划 内幕信息知情人及激励对象买卖 公司股票情况的自查报告,证券时报
2021-06-02,金山办公：股东减持计划完成，减持股份约1267万股,每日经济新闻
2021-06-02,金山办公(688111.SH)股东奇文N维累计减持1266.7万股 减持实施完毕 减持股份,智通财经
2021-06-02,金山办公(688111.SH)向223名激励对象授予70万股限制性股票,格隆汇
2021-06-02,金山办公：股东奇文N维累计减持1266.7万股，占总股本的2.75% 减持股份,Wind
2021-06-02,金山办公(688111.SH)：奇文N维减持完毕累计减持2.75%股份 减持股份,格隆汇
2021-06-02,信息服务行业信息点评：盈利、生态、云基础设施 国内三大云厂商的逐点突破,新浪
2021-06-02,软件及服务行业：鸿蒙待发 生态将兴,新浪
2021-06-01,鸿蒙重磅发布会“明日见”，这些上市公司已宣布加入“朋友圈”,第一财经
2021-06-01,就在明天，华为大动作来了，涉及这些A股“小伙伴”,Wind
2021-06-01,A股资金流向（6月1日）：周期股重获资金青睐，券商龙头遭抛售,Wind
2021-06-01,计算机行业周报：鸿蒙即将发布 国产软硬件景气度提升,新浪
2021-06-01,中国银河维持计算机行业推荐评级：华为即将发布鸿蒙手机系统，鸿蒙生态将加速发展,每日经济新闻
2021-05-31,聚焦数字化政府建设 金山办公亮相2021数博会,砍柴网
2021-05-31,计算机行业周报：鸿蒙再次催化信创 继续看好讯飞、卫宁等公司的进化,新浪
2021-05-31,金山软件财报分析：办公业务出色 游戏仍存短板,Ofweek
2021-05-31,和讯SGI公司|金山办公SGI指数评分为90 多重因素共振盈利能力稳步提升,和讯
2021-05-31,华为鸿蒙发布会在即，概念股拉升，兴森科技涨停丨牛熊眼,第一财经
2021-05-31,计算机周报：政策关注核心技术 鸿蒙开启生态建设与国产化新篇章,新浪
2021-05-31,【机会挖掘】魅族宣布接入鸿蒙系统 鸿蒙相关产业链或受关注,证券时报网
2021-05-30,WPS何以逆势翻盘,经济日报
2021-05-29,计算机周观点：鸿蒙大会六大前瞻,新浪
2021-05-29,计算机：信创有什么变化,新浪
2021-05-28,中证指数公司调整沪深300等指数样本,Wind
2021-05-28,中证指数公司调整调整沪深300和中证香港100等指数样本，其中沪深300指数更换25只样本，调入中金公司、金山办公,金十数据
2021-05-28,计算机行业2020年报和2021年一季报总结暨6月投资策略：鸿蒙激发板块热情 计算机从低配到标配,新浪
2021-05-28,Q1净利同比暴增17倍 金山软件却未必能笑得出来？,亿邦动力
2021-05-28,高端制造行业事件点评：鸿蒙手机操作系统即将亮相,新浪
2021-05-28,光大证券：维持金山软件(03888)“买入”评级 目标价上调至74港元,智通财经
2021-05-27,A股资金流向（5月27日）：资金大幅涌入芯片龙头股,Wind
2021-05-27,策略专题报告：“百周年”行情电话会议纪要,新浪
2021-05-27,抢滩科技创新领域，第二批“双创指数”ETF上报,Wind
2021-05-26,计算机行业“构筑中国科技基石”系列报告10：鸿蒙放量在即 信创再迎高潮,新浪
2021-05-25,金山办公(688111.SH)3家子公司法定代表人变更为“章庆元” 董监高成员变化,智通财经
2021-05-25,金山办公(688111.SH)：MS TMT Holding II减持期届满 累计减持1.79%股份 减持股份,格隆汇
2021-05-25,金山办公(688111.SH)股东MS TMT Holding II Limited累计减持825.91万股 减持股份,智通财经
2021-05-25,金山办公：MS TMT Holding II Limited减持计划完成，减持股份约826万股,每日经济新闻
2021-05-25,金山办公(688111.SH)：5%以上股东减持期间届满 减持825.91万股 减持股份,格隆汇
2021-05-25,金山软件一季度净利润环比下降47%，金山云及猎豹移动应占亏损2.25亿 亏损,中华网
2021-05-25,金山办公：MS TMT Holding II Limited减持1.79%公司股份 减持股份,Wind
2021-05-25,“牛市旗手”大涨、“喝酒吃药”行情再现、沪指突破3500点,Wind
2021-05-25,华为放大招鸿蒙手机来了！A股大爆发，金融股掀涨停潮,Wind
2021-05-25,Q1净利同比暴增17倍股价却反势下滑，金山软件的问题出在哪？ 盈利能力下降,36氪
2021-05-25,华为鸿蒙手机操作系统将正式发布这些公司获看好,第一财经
2021-05-25,开源证券--计算机周观点：关注第三代社保卡产业链投资机会【行业研究】,金融界股吧
2021-05-24,计算机行业周观察：从生态大会看华为六大生态进展,新浪
2021-05-24,5月24日晚间重要行业研究汇总(附股),中金在线
2021-05-24,A股资金流向（5月24日）：券商股持续获资金流入，华为汽车龙头被抛售,Wind
2021-05-24,计算机应用行业：华为与飞腾齐飞 鲲鹏共PKS一色,新浪
2021-05-24,金山办公：授权、订阅业务高增 股权激励价格不足现价二成,面包财经
2021-05-24,民生计算机周报：鸿蒙改变汽车OS格局 生态升级下看好领军企业受益,新浪
2021-05-23,计算机行业跟踪周报235期：坚持大公司+景气的投资策略,新浪
2021-05-21,对话金山办公王冬：办公市场很难一家独大 巨头接连布局证明行业价值,新浪
2021-05-21,A股资金流向（5月21日）：医药龙头集体遭抛售,Wind
2021-05-20,计算机行业周报：3月底部重推的云计算基本面近况如何,新浪
2021-05-20,金山办公(688111)：Q1业绩超预期 信创贡献较大增量,广发证券
2021-05-20,刚刚上报！又有重磅指数产品来了，首批这10家(名单),Wind
2021-05-19,A股资金流向（5月19日）：比亚迪获资金爆买，银行股遭抛售,Wind
2021-05-19,【华西计算机】2021年中期策略报告：智驾云起，国产软实力崛起,科技晶选
2021-05-19,开源晨会0519丨北上南下资金行为画像；翔宇医疗、隆基股份、敏华控股等,开源证券研究所
2021-05-18,复盘2020年大数据，计算机行业逆境坚挺！2021年Q1表现显示大趋势正成型,全景网
2021-05-18,A股资金流向（5月18日）：资金避高就低，医药龙头遭抛售,Wind
2021-05-18,金山办公(688111)公司信息更新报告：激励计划绑定核心骨干 完善长效激励机制,新浪
2021-05-18,华为鸿蒙生态加速!北信源率先参与其中,中国贸易新闻网
2021-05-18,2020 SaaS财报盘点：SaaS公司的最大难题成本管控,GPLP犀牛财经
2021-05-18,开源证券维持金山办公买入评级，公司信息更新报告，近期获12份券商研报关注，目标均价涨幅15.52%,每日经济新闻
2021-05-18,计算机应用行业：央行数字货币“十问”,新浪
2021-05-17,A股资金流向：盘面较为混乱，小金属龙头获青睐,Wind
2021-05-17,【国君金工】核心指数成分股调整名单及冲击成本预测,辰奥临君
2021-05-17,一周策略回顾与展望,新浪
2021-05-17,“叶飞效应”？机构预测高增长超跌大盘股曝光,Wind
2021-05-17,中小盘周报：地平线推出征程5 智能汽车时代来临,新浪
2021-05-17,计算机行业周观点：底部寻找高景气赛道 关注云计算板块,新浪
2021-05-17,【申港计算机】周观点：鸿蒙OS2.0更新彰显华为生态布局-210516,猫猫王看计算机
2021-05-17,IPO日报四周年巨献：觅A股四十新星,国际金融报
2021-05-17,我观察到的一个证券投资新趋势,新浪
2021-05-16,【华安金工】2021年6月主要指数样本股调整预测,金工严选
2021-05-16,【兴证计算机】如何看鸿蒙2.0的产业链投资机会？,兴业计算机团队
2021-05-14,北信源与金山办公签署战略合作协议 构建国产办公信息安全护城河,证券日报网
2021-05-14,计算机行业点评报告：从阿里云财报中解读出的2个信号！,新浪
2021-05-14,金山办公股权激励像是福利 对投资者不公平,北京商报
2021-05-13,金山办公上市后首份激励计划 员工可1.3折买公司股票,每日经济新闻
2021-05-13,[公司]北信源、金山办公强强联手 助推国产办公生态升级、壮大,全景网
2021-05-13,老周侃股：金山办公股权激励更像是福利,北京商报
2021-05-13,解锁门槛太低？金山办公设置挑战性业绩目标,科创板日报
2021-05-13,SaaS驱动业绩高增长 金山办公万兴科技用友网络值得关注,北国网
2021-05-13,既高效办公又要信息安全 金山办公与北信源合力助推数字中国建设,电鳗快报
2021-05-13,金山办公(688111)：加大核心人才激励 助力长期高质发展,新浪
2021-05-13,金山办公首个股票激励计划出炉员工可1.3折买股票业绩考核标准较低,科创板日报
2021-05-13,【热点报告——股指期货】2021年6月主要规模指数成分股调整预测及影响,东证衍生品研究院
2021-05-13,350多元的股票，1.3折卖给员工，这家公司正批量制造百万富翁？,每日经济新闻
2021-05-13,金山办公批量制造百万富翁？员工可1.3折“买票” ，有投资者直呼不如白送,每日经济新闻
2021-05-12,金山办公拟向200多名员工授予“白菜价”限制性股票 有投资者直呼不如白送,每日经济新闻
2021-05-12,金山办公北信源达成合作 在信源豆豆系列嵌入金山文档,北京商报
2021-05-12,金山办公：拟向激励对象授予87万股限制性股票,每日经济新闻
2021-05-12,金山办公(688111.SH)拟授出87万股限制性股票 授予价为45.86元/股,智通财经
2021-05-12,金山办公(688111.SH)拟推2021年限制性股票激励计划,格隆汇
2021-05-12,5月12日晚间上市公司十大重磅公告,巨丰财经
2021-05-12,北信源与金山办公达成战略合作，保障移动办公信息安全,搜狐
2021-05-12,2021年5月13日涨停板早知道：七大利好有望发酵,新浪
2021-05-12,2021-05-1218:36金山办公与北信源达成战略合作持续拓宽国产办公生?态,中证网
2021-05-12,北信源与金山办公达成战略合作 持续拓宽国产办公生态,证券时报网
2021-05-12,北信源(300352)：与金山办公签署战略合作协议 实现产品融合及方案捆绑,发布易
2021-05-12,计算机年报及一季报总结：业绩逐步修复 相关主线景气度有望延续,新浪
2021-05-12,北信源(300352.SZ)拟与金山办公通过品牌、产品、技术、渠道等全方位进行合作,智通财经
2021-05-12,北信源：与金山办公签订《战略合作协议》,Wind
2021-05-12,A股资金流向（5月12日）：市场迎久违普涨，汽车股获资金追捧,Wind
2021-05-12,金山办公110页深度,半导体风向标
2021-05-12,【东吴晨报0512】【策略】【固收】【宏观】【行业】机械【个股】金山办公、上汽集团,东吴研究所
2021-05-11,金山办公(688111)：订阅和国产化双引擎拉动 政企云和协作办公转型开启更大增长空间,新浪
2021-05-11,2020年科创板创业板上市公司业绩优于市场整体,Wind
2021-05-11,东吴证券维持金山办公买入评级，2021年一季报点评：业绩超出市场预期，订阅和授权业务有望加速放量,每日经济新闻
2021-05-11,A股资金流向（5月11日）：周期股遭抛售，茅台重获资金青睐,Wind
2021-05-11,入选中国品牌推广目录，WPS成新国货代表性品牌,全球财经网
2021-05-11,"计算机20Y/21Q1综述及策略：数字经济为国计,坐等行情纠偏(中银杨思睿团队)",一计之长
2021-05-11,东亚前海计算机：一季度业绩强势反弹,新浪
2021-05-10,视觉中国(000681)：1Q21业绩改善 内容平台延展布局,新浪
2021-05-10,科创板信息技术与软件服务企业Q1：金山办公进红利收获区 网安行业盈利欠佳,财联社
2021-05-10,计算机周观点：工业互联网持续受重视 抓住产业趋势,新浪
2021-05-10,2021年年中主要宽基指数样本股调整预测：金山办公等5只科创板个股有望纳入沪深300,新浪
2021-05-09,【东吴计算机周报】：计算机行业2020年报和2021一季报总结,吴声计事
2021-05-09,【兴证计算机】3月底部重推的云计算基本面近况如何?,兴业计算机团队
2021-05-07,群益证券给予金山办公买进评级：1Q延续高速增长态势，业绩超预期,每日经济新闻
2021-05-07,机会来了！这些公司有望调入沪深300、上证50指数,Wind
2021-05-07,金山办公(688111)：业绩超预期 公司迎信创及云化双重利好,新浪
2021-05-07,A股资金流向（5月7日）：有色龙头持续获资金青睐,Wind
2021-05-07,5月7日晚间重要行业研究汇总(附股),中金在线
2021-05-07,群益证券：金山办公（688111.SH）21Q1业绩超预期，给予“买入”评级,智通财经
2021-05-07,中金：医药、新能源多只股票或将纳入沪深300指数,Wind
2021-05-07,计算机行业深度报告：板块已回归正常增长轨道,新浪
2021-05-07,晨会聚焦210507重点关注商贸零售、龙源电力、启明星辰、天融信、中控技术、金山办公、迈瑞医疗、贝瑞基因,国信研究
2021-05-06,计算机行业2020年报暨2021Q1季报回顾：业绩韧性与长期主义！,新浪
2021-05-06,最新！QFII投资路线图曝光,中国基金报
2021-05-06,QFII重仓最新路线图曝光！一行业成新宠，34股获扎堆持有，石油巨头获5年来首次建仓,e公司
2021-05-06,太平洋证券维持金山办公买入评级：业绩超预期，用户数继续高增,每日经济新闻
2021-05-06,A股资金流向（5月6日）：消费、疫苗龙头遭资金抛售,Wind
2021-05-06,5月6日晚间重要行业研究汇总(附股),中金在线
2021-05-06,【国信计算机】金山办公（688111）2021年一季报点评：信创发力超预期，持续构建云办公生态,微信
2021-05-06,4月金股组合盈利5.26% 5月荐股名单出炉,新浪
2021-05-06,5月券商金股曝光！2只医药股最受青睐（名单）,Wind
2021-05-06,【申港计算机】周观点：计算机行业年报&一季报总结-210506,猫猫王看计算机
2021-05-06,科创板交出“硬核答卷”，盈利质量稳步提升,Wind
2021-05-05,劳动节假期要闻汇总（5月1日-5日）,Wind
2021-05-04,【兴证计算机】5月金股：金山办公（688111.SH）- 2021.5,兴业计算机团队
2021-05-04,1300亿美元怎么分？比尔·盖茨宣布与妻子离婚！5月券商金股出炉，4股业绩翻倍获机构扎堆推荐,e公司
2021-05-04,陆家嘴财经早餐2021年5月4日星期二,Wind
2021-05-03,14家券商5月投资“金股”出炉，最看好这两只,Wind
2021-05-01,上调评级至买入策略选股（5月1日）,Wind
2021-05-01,万和证券上调金山办公评级至买入：Q1收入大超预期，云协作战略进一步深化,每日经济新闻
2021-05-01,金山办公(688111)点评：业绩超预期 政企客户云化加速,新浪
2021-05-01,金山办公(688111)：授权业务高增 B端订阅未来可期,新浪
2021-04-30,A股主力资金流向（4月30日）：医药股获资金爆买,Wind
2021-04-30,华西证券给予金山办公推荐评级，一季报业绩大超预期，预收款佐证下游需求旺盛，目标价格为411元,每日经济新闻
2021-04-30,金山办公入选四川国资云首批授牌企业 助力四川国企“云上办公”,砍柴网
2021-04-30,金山办公(688111)：一季度业绩大超预期；全年预期宜冷静看待,新浪
2021-04-30,【华创计算机王文龙团队】点评|金山办公：收入利润大超预期，订阅高增保障增长,蚊子搞科研
2021-04-30,金山办公2021年Q1财报：净利润3．07亿,Ofweek
2021-04-30,早资道丨苏宁易购一季度净利润达4.56亿元；金山办公一季度净利润3.07亿元,东方网
2021-04-30,A股异动丨金山办公(688111.SH)涨超6%首季归母净利同比大增178%,格隆汇
2021-04-30,【民生计算机】金山办公2021年一季报点评：高速成长持续，经营质量优异,MS计算机
2021-04-30,深度*公司*福昕软件(688095)：版式软件领军者的屠龙技,新浪
2021-04-30,金山办公：聘任崔研为公司财务负责人,每日经济新闻
2021-04-30,金山办公：2021年第一季度净利润约3.07亿元，同比增长178.65%,每日经济新闻
2021-04-29,金山办公(688111.SH)一季度归母净利同比增178.65%至3.07亿元,智通财经
2021-04-29,金山软件(03888)：金山办公首季归母净利同比增长178.65%至3.07亿元,智通财经
2021-04-29,晚间重要公告2021年4月29日星期四,Wind
2021-04-29,金山软件(03888.HK)：金山办公一季度净利润升178.65%至3.07亿元,格隆汇
2021-04-29,金山办公(688111.SH)一季度净利润升178.65%至3.07亿元,格隆汇
2021-04-29,金山办公：一季度净利润同比增178.65%,Wind
2021-04-29,金山办公：一季度净利润同比增长178.65%,Wind
2021-04-29,A股资金流向（4月29日）：大资金涌入券商龙头,Wind
2021-04-28,科创50成分股主力资金流向：流入金山办公、安集科技、昊海生科等18股,金融界
2021-04-28,A股资金流向（4月28日）：医药板块持续获资金流入，消费电子被抛售,Wind
2021-04-27,A股资金流向（4月27日）：医疗板块多个细分龙头获青睐，券商股遭抛售,Wind
2021-04-27,中信证券一季度科技板块基金持仓分析：关注景气持续和低估值修复,Wind
2021-04-27,数据表达成为办公室场景新趋势 镝数科技与金山WPS达成战略合作,证券时报
2021-04-27,渤海证券--计算机行业周报：市场大幅上涨，关注云计算和网络安全【行业研究】,金融界股吧
2021-04-27,【计算机】市场大幅上涨，关注云计算和网络安全――计算机行业周报――看好,渤海证券研究
2021-04-27,中信证券一季度科技板块基金持仓分析：关注景气持续和低估值修复,证券时报网
2021-04-26,软件及服务行业：一季度计算机行业基金持仓：配比深蹲 估值磨底,新浪
2021-04-26,金山办公联合南开大学举办首届“紫金杯”协同笔译大赛,和讯
2021-04-24,【国盛策略】基金科创板配置Q1有何变化？,新浪
2021-04-23,A股主力资金流向（4月23日）：机构抱团股重获追捧，中国平安连续7日遭抛售,Wind
2021-04-23,今年将重点推进“协作办公”战略,中证报
2021-04-21,A股资金流向（4月21日）：医美龙头获青睐，华为汽车概念遭抛售,Wind
2021-04-21,两市融券余额首超1500亿元，上市公司股东出借意愿增强,Wind
2021-04-20,A股资金流向（4月20日）：新能源汽车板块遭抛售，光伏巨头获抢筹,Wind
2021-04-20,东吴证券--计算机应用行业：美股云计算公司重回高位，A股对标仍有空间【行业研究】,金融界股吧
2021-04-20,平安证券--计算机行业周报：工业软件突破提升行动将启动，行业迎来发展春天【行业研究】,金融界股吧
2021-04-19,A股资金流向（4月19日）：资金大量进场，新能源板块备受追捧,Wind
2021-04-19,4月19日晚间重要行业研究汇总(附股),中金在线
2021-04-19,葛珂退出金山办公法定代表人，邹涛接任,发现网
2021-04-16,A股资金流向（4月16日）：白酒股强者恒强，恒瑞医药连遭资金抛售,Wind
2021-04-15,财信证券--计算机行业月度报告：个股分化情况改善，重视业绩兑现情况【行业研究】,金融界股吧
2021-04-14,4月14日晚间重要行业研究汇总(附股),中金在线
2021-04-14,每日理财观察：一季度外贸进出口实现“开门红”,Wind
2021-04-14,5000亿市值白马跌停！抱团股闪崩都有同一特征（附表）,Wind
2021-04-14,“抱团股”频遭抛售，业绩成个股估值试金石,Wind
2021-04-13,A股资金流向（4月13日）：短线热门题材熄火，中国中免遭抛售,Wind
2021-04-13,中国中免跌停，抱团股接连闪崩，大市值高估公司避险指南,Wind
2021-04-13,平安证券--计算机行业周报：工信部发布《征求意见稿》，高度自动驾驶落地将加快【行业研究】,金融界股吧
2021-04-12,A股资金流向（4月12日）：市场消化财报预期，周期股龙头遭抛售,Wind
2021-04-12,计算机行业周报：汽车雷达迎77GHZ技术升级 促智能驾驶上游产业链变革,华安证券
2021-04-12,新时代证券--计算机行业投资周报：CITE2021隆重开幕，智能网联汽车时代加速到来【行业研究】,金融界股吧
2021-04-11,【民生计算机|周观点】软件定义汽车下车企巨头齐发力，看好领军企业前景,MS计算机
2021-04-11,【兴证计算机】电子车牌会像ETC一样掀起“抢装潮”吗？,兴业计算机团队
2021-04-10,计算机行业研究周报：中美脱钩进一步加速 持续看好国产化主线,新浪
2021-04-09,计算机行业2021Q1业绩前瞻：医疗IT、汽车IT、信息安全等多域低基数高景气,新浪
2021-04-09,两市百元股数量达134只，医药生物行业占比最高,证券之星
2021-04-09,A股资金流向（4月9日）：新股上市首日遭爆炒，白马股再遭抛售,Wind
2021-04-08,芯片、5G是亮点，重要博览会马上召开！A股已有反应,中财网
2021-04-08,科创板2020年机构增持路线图 公募热捧头部大公司,21世纪经济报道
2021-04-07,科创板机构持股路线图：大部头公司受热捧、朱雀 “霸榜”金达莱,Wind
2021-04-07,科创板机构持股路线图：大部头公司受热捧、朱雀 “霸榜”金达莱,21世纪经济报道
2021-04-07,CITE 2021来了！芯片、信创、数据存储、5G成亮点,Wind
2021-04-07,A股资金流向（4月7日）：资金潜伏一季报预期行业，白马股再遭抛售,Wind
2021-04-07,华安证券--计算机行业周报：小米集团官宣造车，看好智能网联汽车产业链【行业研究】,金融界股吧
2021-04-06,计算机行业投资周报：深圳拟出台智能网联汽车管理条例 智能驾驶落地有望加速,新浪
2021-04-06,计算机行业跟踪周报232期：云化软件SAAS公司2020年报分析,新浪
2021-04-06,开源证券--计算机行业周报：国产CAD逐步突破中高端制造业市场【行业研究】,金融界股吧
2021-04-06,A股资金流向（4月6日）：碳中和明星股获回流，白马股遭抛售,Wind
2021-04-06,计算机行业周报：华为云崛起、小米百亿造车 产业链受到撼动,新浪
2021-04-06,民生计算机周报：数字货币试点扩大 全面落地预期提升利好银行IT,新浪
2021-04-05,【民生计算机|周观点】回顾2020年Saas板块：加速转型，成果靓丽,MS计算机
2021-04-02,A股资金流向（4月2日）：成长与价值齐飞，机构抱团股连续获资金抢筹,Wind
2021-04-01,国元证券：3月金股组合亏损6.48% 4月荐股名单出炉 亏损,新浪
2021-04-01,金山办公(688111)：产品力持续提升 引领国产办公生态发展,新浪
2021-03-31,安信证券：“信创+网安”构成的“大安全”将是计算机板块业绩高增与持续性最为确定的主线之一,证券时报网
2021-03-31,【计算机-吕伟】计算机行业：信创进入业绩兑现期再获验证,安信证券研究
2021-03-31,引人才活水灌研发之木 科创板核心技术“抽枝开花”,上证报
2021-03-30,A股资金流向（3月30日）：机构抱团股表现不俗，光伏龙头获抢筹,Wind
2021-03-30,安信证券--计算机行业动态分析：计算机板块一季报前瞻【行业研究】,金融界股吧
2021-03-30,金山办公(688111)：协同带来增长复利 国产化替代持续高景气,新浪
2021-03-29,45公司获得增持评级-更新中,中财网
2021-03-29,每日报告回放,新浪
2021-03-29,计算机行业动态报告：2021Q1计算机板块业绩前瞻-云计算、AI板块预计业绩较佳 看好建筑信息化投资机会,新浪
2021-03-29,A股资金流向（3月29日）：板块效应较弱，资金精做个股,Wind
2021-03-29,行业周报：计算机行业一季报前瞻：景气持续上行 网安与AI闪耀,新浪
2021-03-29,计算机行业周报：“碳中和”对IDC产业链影响几何,新浪
2021-03-29,计算机行业：1-2月软件业增速可观 年报季白马股或迎股价拐点,新浪
2021-03-29,计算机行业周报：继续看好信息安全板块,新浪
2021-03-29,民生计算机周报：数字货币试点扩大 全面落地预期提升利好银行IT,新浪
2021-03-29,策略专题：等风来 科创板进入战略性底部,新浪
2021-03-28,等风来，科创板进入战略性底部（浙商策略·王杨）,王杨策略研究
2021-03-28,券商评级一周速览：290只个股获券商关注，数据港目标涨幅达90.13%,每日经济新闻
2021-03-28,计算机行业研究周报：数字人民币近况全梳理(重申推荐核心白马网安),新浪
2021-03-27,计算机行业周报：3月展望数字货币推广三大预测？,新浪
2021-03-27,科创板机构持仓曝光 社保基金、QFII共同持有2家公司,大众证券报
2021-03-26,金山办公(688111)：主营业务稳健 把握云化办公趋势,新浪
2021-03-26,【国信港股&海外】金山软件（3888.HK）点评：基本面坚实，回调是买入良机,学恒的海外观察
2021-03-26,A股主力资金流向：周五大幅流入本周仍净流出千亿,Wind
2021-03-26,金山办公(688111)：现金流高速增长 C端订阅已在质变 B端转云已具备极好用户基础,新浪
2021-03-26,金山办公(688111)：订阅授权双向发力 规模效应逐步显现,新浪
2021-03-26,"中泰证券给予金山办公买入评级，授权和订阅业务高速增长,看好长期成长",每日经济新闻
2021-03-26,【兴业证券晨会聚焦0326】固收-杭银转债投资价值分析；地产-美国地产研究系列五；海外-安踏实力再次印证；计算机-金山办公点评,兴证研究
2021-03-25,刀尖上跳舞的金山云,新浪
2021-03-25,金山办公：2000万用户花钱用我，这难道不香吗！,全景网
2021-03-25,“中国数字经济最大短板”SaaS公司中美股市两开花，市场规模料年增31%,21世纪经济报道
2021-03-25,A股主力资金流向（3月25日）：资金加速逃离面板、碳中和概念股,Wind
2021-03-25,多只抱团股腰斩，机构给出反弹目标价，“矿茅”可涨125%,第一财经
2021-03-25,茅指数涨超1%，恒立液压、长春高新、通策医疗、金山办公、药明康德领涨,Wind
2021-03-25,太平洋证券维持金山办公买入评级：付费率提升，协同战略助力未来发展,每日经济新闻
2021-03-25,晨会聚焦210325重点关注联泓新科、轻工行业、中际旭创、海底捞、众安在线、新华保险、九毛九、金山办公、安踏体育,国信研究
2021-03-25,西南证券给予金山办公买入评级：MAU和付费率双提升，业绩稳增有望延续，目标价格为403.20元,每日经济新闻
2021-03-25,90股获券商买入评级 佳力图目标涨幅达114.13%,Wind
2021-03-25,3月24日75只个股获券商关注，招商蛇口目标涨幅达79.46%,每日经济新闻
2021-03-25,开源晨会0325丨“碳中和”下的机械制造业投资机会；阅文集团、金山办公、快手、中炬高新等,开源证券研究所
2021-03-25,【朝闻国盛0325】IPO发行节奏放缓，ETF逆势扩容,国盛证券研究所
2021-03-25,多只热门股发布年报，机构持仓情况曝光：大华股份受追捧，金山办公遭减持 减持股份,金融投资报
2021-03-25,【东吴晨报0325】【固收】【个股】金山办公、华泰证券、友谊时光、中国财险、数据港,东吴研究所
2021-03-25,【国元研究丨国元晨观】20210325,国元策略
2021-03-24,金山办公(688111)：云化FCF加速 长期成长路径逐步清晰,新浪
2021-03-24,金山办公财报首次披露上云数据 业务整体完成“云”转型,证券日报网
2021-03-24,华西证券给予金山办公买入评级：办公软件绝对领导者，延续高增长,每日经济新闻
2021-03-24,33公司获得增持评级-更新中,中财网
2021-03-24,【华西计算机】金山办公 | 点评报告：办公软件绝对领导者，延续高增长,科技晶选
2021-03-24,金山办公(688111)：广告业务影响收入增速 各项指标持续向好,光大证券
2021-03-24,金山办公(688111)：MAU和付费率双提升 业绩稳增有望延续,西南证券
2021-03-24,天风证券维持金山办公增持评级：业绩高速增长，现金流和合同负债超预期,每日经济新闻
2021-03-24,群益证券给予金山办公买入评级：用户数保持稳定增长，全年净利润翻倍,每日经济新闻
2021-03-24,开源证券维持金山办公买入评级，公司信息更新报告：经营净现金流大超预期，全面拥抱云协作战略,每日经济新闻
2021-03-24,年报解读|金山办公多款在研产品面向党政机关“云办公”与“云协作”成重点发展方向,科创板日报
2021-03-24,A股主力资金流向（3月24日）：机构抱团股再遭抛售,Wind
2021-03-24,华泰证券给予金山办公增持评级，企业级市场空间或进一步打开,每日经济新闻
2021-03-24,金山办公去年净利润同比增119% 近两月股价跌4成,中国经济网
2021-03-24,部分热门股去年四季度被机构减持 减持股份,金融投资报
2021-03-24,金山办公(688111)：个人订阅大幅增长 带动现金流超预期,新浪
2021-03-24,【华创计算机王文龙团队】点评|金山办公：个人订阅大幅增长，带动现金流超预期,蚊子搞科研
2021-03-24,金山办公去年净利润翻倍，董事长葛珂辞职邹涛接任,奥一网
2021-03-24,国元证券给予金山办公买入评级，2020年年度报告点评：付费用户数高增长，长期成长空间广阔,每日经济新闻
2021-03-24,金山办公(688111)：核心强增长 推进云协作,新浪
2021-03-24,金山办公发布2020年财报 ：净利润同比翻倍 业务整体完成“云”转型,证券日报网
2021-03-24,金山办公(688111)：现金流表现优异 付费转化率提升亮眼,新浪
2021-03-24,金山办公(688111)：主赛道加速发展 云上有金山,新浪
2021-03-24,金山办公(688111)：月活再创新高 现金流强劲表现超出预期,新浪
2021-03-24,国盛证券维持金山办公买入评级：把握云协作办公大趋势，办公软件龙头实现飞跃发展,每日经济新闻
2021-03-24,付费用户同比增长逾六成 金山办公2020年净利润增长119.22% 拟每10股派6元,中证网
2021-03-24,早资道 | 葛珂辞任金山办公董事长；英特尔宣布200亿美元芯片制造重振计划,东方网
2021-03-24,东吴证券维持金山办公买入评级，2020年年报点评：付费渗透率稳步提升，业绩高增长有望延续,每日经济新闻
2021-03-24,金山办公2020年实现净利润增长119.22% 订阅业务亮眼,光明网
2021-03-24,东吴计算机点评【金山办公：2020年年报点评：付费渗透率稳步提升，业绩高增长有望延续】,吴声计事
2021-03-24,金山办公：因个人原因 葛珂辞去公司董事长职务 董监高成员变化,TechWeb
2021-03-24,安信证券维持金山办公买入评级：主赛道加速发展，云上有金山,每日经济新闻
2021-03-24,大公司早报 | 海底捞去年净利下降86% B站发售价定为808港元,观察者网
2021-03-24,葛珂辞去金山办公董事长职务 公司提名副董事长邹涛接任 董监高成员变化,中国网
2021-03-24,民生证券维持金山办公推荐评级：云转型成果丰厚，长期增长空间广阔,每日经济新闻
2021-03-24,机构抱团股集体回暖，泸州老窖等涨逾3%,Wind
2021-03-24,金山办公授权继续使用55亿元闲置自有资金购买理财产品,电鳗快报
2021-03-24,金山办公去年净利同比增长119.22% 业务整体完成“云”转型,e公司
2021-03-24,平安证券维持金山办公推荐评级：产品授权与服务订阅齐发力，公司业绩表现亮眼,每日经济新闻
2021-03-24,A股早报2021年3月24日星期三,Wind
2021-03-24,金山办公(688111)：云转型成果丰厚 长期增长空间广阔,新浪
2021-03-24,【民生计算机】金山办公2020年年报点评：云转型成果丰厚，长期增长空间广阔,MS计算机
2021-03-23,金山办公2020年净利润同比翻番 葛珂辞任董事长 董监高成员变化,21世纪经济报道
2021-03-23,金山办公：董事长葛珂因个人原因 辞去公司董事长职务 董监高成员变化,新浪
2021-03-23,金山软件(03888)：金山办公年度归母净利同比增119.22%至8.78亿元,智通财经
2021-03-23,金山办公：2020年度净利润约8.78亿元，同比增加119.22%,每日经济新闻
2021-03-23,金山办公2020年营收22.61亿元 同比增长43.14%,新浪
2021-03-23,金山办公2020年财报 ：收入22.61亿 云端上传文档数量898亿,DoNews
2021-03-23,金山办公发布2020年财报 净利润增长119.22%,DoNews
2021-03-23,金山办公(688111.SH)年度归母净利增119.22%至8.78亿元 每10股派6元,智通财经
2021-03-23,金山办公(688111.SH)：拟使用暂时闲置自有资金不超55亿元购买理财产品,格隆汇
2021-03-23,金山办公：2020年净利同比增119% 拟10派6元,e公司
2021-03-23,金山办公(688111.SH)：提名邹涛为公司董事长,格隆汇
2021-03-23,金山办公(688111.SH)2020年度净利润升119.22%至8.78亿元拟10派6元,格隆汇
2021-03-23,金山办公：2020年净利润同比增长119.22%,Wind
2021-03-23,金山办公：变更公司董事长 董监高成员变化,Wind
2021-03-23,信息服务行业信息点评：国内公有云持续高增长 看好云产业链,新浪
2021-03-23,金山软件(03888.HK)2020年收益55.94亿元 同比增长28%,格隆汇
2021-03-23,A股主力资金流向（3月23日）：面板、电子烟板块遭抛售,Wind
2021-03-23,科技及智能设备产业链日报：软件和机械板块涨幅超过2% 表现优秀跑赢大盘,新浪
2021-03-23,金山办公：云服务转型带动商业渠道迅猛成长,TechWeb
2021-03-22,计算机行业周观点：智慧医院管理评级出台 医疗IT建设迎百亿增量,新浪
2021-03-22,禾赛科技IPO撤材料“舆情”旋涡： 股东出资要穿透，造富明星警示几何？,Wind
2021-03-22,金山文档“签名种梭”计划圆满结束 支持SEE基金会种下万棵梭梭,上海热线
2021-03-22,华安证券--计算机行业周报：Momenta C轮获得5亿美金融资，自动驾驶保持高景气度【行业研究】,金融界股吧
2021-03-22,每日理财观察：易会满发声表态注册制、IPO排队、A股杠杆,Wind
2021-03-22,本周336份年报出炉，22家千亿元市值公司成看点,Wind
2021-03-19,2021Q1云计算行业点评：云计算估值安全边际全测算,新浪
2021-03-19,金融街下午茶2021年3月19日星期五,Wind
2021-03-19,金山办公：3月19日获主力资金净流入8490.45万元,每日经济新闻
2021-03-19,A股收盘综述：上证指数下滑1.69%再守3400关口，牛年周线录得五连阴,Wind
2021-03-18,“茅”股连续反弹，最新估值高不高？5张图看清！,Wind
2021-03-17,A股史上首次蓝筹股泡沫破裂，6成私募反对抄底,Wind
2021-03-17,A股主力资金流向（3月17日）：科技股获资金回流，金融、碳中和被抛售,Wind
2021-03-17,数字经济显威力 金山文档赋能中小微企业“降本增效”,全球财经网
2021-03-17,正面刚！4000亿“猪茅”回应六大质疑,Wind
2021-03-16,金山办公：奇文N维合计减持2.40%股份 减持股份,Wind
2021-03-16,金山办公：奇文N维合计减持1108.49万股，减持时间过半 减持股份,每日经济新闻
2021-03-16,金山办公(688111.SH)股东奇文N维已减持1108.49万股 减持时间过半 减持股份,智通财经
2021-03-16,金山办公(688111.SH)：奇文N维减持期过半 合计减持2.40%股份 减持股份,格隆汇
2021-03-16,人工智能成重点科技前沿领域攻关项目，办公龙头金山办公受看好,财报网
2021-03-16,金山文档“签名接龙种梭”进行中 协作让荒漠不再蔓延,大众网
2021-03-16,每日理财观察：碳达峰碳中和纳入生态文明建设布局,Wind
2021-03-16,A股机构抱团股遭重挫，这几个板块疯涨,Wind
2021-03-15,各种“茅”集体重挫！外资仍在扫货，资金流向低估值赛道？,Wind
2021-03-15,金山办公跌10% 市值1367亿去年扣非净利6亿,中国经济网
2021-03-15,A股核心资产蒸发8000亿，因为流动性预期生变？,Wind
2021-03-15,A股收盘综述：上证指数跌0.96%守住3400关口，创业板指再挫逾4%,Wind
2021-03-15,茅指数跌近5%，金山办公下挫逾10%、通策医疗接近跌停,Wind
2021-03-15,计算机行业研究周报：预计极端情况核心白马大概率下行空间约10-15%(附重申看好网安与信创),新浪
2021-03-15,这个板块突然集体起飞！为什么？能追吗？,Wind
2021-03-15,机构抱团股持续走弱，Wind茅指数跌超3%,Wind
2021-03-15,计算机行业周报：重点推荐人工智能板块 AI 教育场景落地燎原之势 旷视IPO 获受理 百度二次上市重点投资AI,新浪
2021-03-15,【民生计算机|周观点】板块估值处历史低位，关注成长性与数字化转型,MS计算机
2021-03-14,【兴证计算机】加仓云计算！产业趋势及估值的长期稳定性强,兴业计算机团队
2021-03-13,计算机行业周报：云领军安全边际是？计算机领军2021Q1-Q2 季报详细预测！,新浪
2021-03-12,A股主力资金流向：本周累计净流出1439亿，东方财富、比亚迪净流出额居前,Wind
2021-03-12,金山文档植树节发起“签名种梭”计划 助力荒漠化防治,砍柴网
2021-03-11,专访金山办公 CEO 章庆元：和阿里腾讯有竞争也有合作,砍柴网
2021-03-11,财信证券：科技股抱团告一段落，重视长期基本面发展,第一财经
2021-03-11,A股主力资金流向（3月11日）：抱团股、周期股重获青睐,Wind
2021-03-11,财信证券--计算机行业月度报告：抱团告一段落，重视长期基本面发展【行业研究】,金融界股吧
2021-03-10,A股主力资金流向（3月10日）：24个二级行业无一获净流入,Wind
2021-03-10,金山办公为全国人大信息化平台“定制”办公软件服务,科创板日报
2021-03-09,计算机行业周报：智能汽车网络安全备受瞩目 5G下游应用领域迎来政策利好,新浪
2021-03-09,华西证券--计算机行业周观点：两会前瞻，计算机有哪些亮点【行业研究】,金融界股吧
2021-03-09,计算机行业2020年业绩前瞻：疫情后行业整体回暖明显 细分赛道各有千秋,新浪
2021-03-08,享受预期差红利，这些公司有望抢跑一季报行情,Wind
2021-03-08,计算机行业周报：网络安全：景气度提升 估值有望持续修复,新浪
2021-03-08,安信证券--计算机行业动态分析：十年磨一剑，两会聚焦核心技术自主可控【行业研究】,金融界股吧
2021-03-08,通信行业运营商系列报告八-中国移动：千亿投资打造5G资本生态,新浪
2021-03-07,【民生计算机|周观点】从政府工作报告中看数字化转型重点方向,MS计算机
2021-03-06,计算机周报：十年磨一剑 两会聚焦核心技术自主可控,新浪
2021-03-06,计算机行业研究周报：前瞻推荐后网安后续空间如何看？(附：近期行业信创重大变化),新浪
2021-03-05,A股主力资金流向（3月5日）：本周大幅抛售光伏、有色股，抢筹金融股,Wind
2021-03-04,【两会】金山办公名誉董事长雷军两会建议出炉 智能技术、数字化再成关键词,IT时代网
2021-03-04,A股主力资金流向（3月4日）：330亿资金逃离中小创,Wind
2021-03-04,隐秘的减持之手，大宗交易异动透视股东动向,Wind
2021-03-04,科技及智能设备产业链日报：航空航天与国防板块抗跌性明显,新浪
2021-03-03,A股主力资金流向（3月3日）：超百亿资金抢筹金融股,Wind
2021-03-03,计算机行业周报：商用车车联网政策再加码 微信加速打造电商生态闭环,新浪
2021-03-03,开源证券--计算机行业周报：2021年，高度重视网络安全板块【行业研究】,金融界股吧
2021-03-02,计算机行业周报-医疗信息化：订单验证需求回暖 景气度向中枢以上修复,新浪
2021-03-02,华安证券--计算机行业周报：EDA企业陆续接受上市辅导，研发设计软件产业化加速【行业研究】,金融界股吧
2021-03-02,策略专题报告：“两会”政策前瞻及行业机会,新浪
2021-03-01,计算机行业2021年春季策略报告：景气赛道上的结构性机会,光大证券
2021-03-01,A股主力资金流向（3月1日）：近40亿资金重新杀入材料行业,Wind
2021-03-01,WPS X稻壳儿接入HIFIVE音乐开放平台 优质版权音乐满足多样化办公场景商用配乐需求,砍柴网
2021-03-01,景气度快速恢复，网络安全板块有望发酵,云掌财经
2021-03-01,计算机行业追踪报告：计算机的三类投资机会,国金证券股份有限公司
2021-02-28,【民生计算机|周观点】行业整体业绩向好，关注高景气及景气度改善板块,MS计算机
2021-02-26,点金科创板 | 外围扰动导致大跌，金山办公关注年线能否企稳,重庆商报
2021-02-26,金山办公跌近7% 市值1549亿去年扣非净利6亿,中国经济网
2021-02-26,A股主力资金流向（2月26日）：主力资金连续8日净流出,Wind
2021-02-26,中泰证券维持金山办公买入评级：业绩大幅增长，看好长期成长,每日经济新闻
2021-02-26,24股获买入评级 最新:金山办公,中财网
2021-02-26,金山办公(688111)：业绩大幅增长 看好长期成长,新浪
2021-02-26,机构调仓大起底！一些白马股仍在被买入（名单）,证券时报网
2021-02-26,金山办公业绩翻番 然而股价1个月却蹊跷下跌26.63%,GPLP犀牛财经
2021-02-25,金山办公2020年业绩快报发布后 6家机构调低2021年盈利预测,新浪
2021-02-25,金山办公(688111)：企业端业务地位将上升 中短期内信创力促业绩增厚,广发证券
2021-02-25,金山办公：MSTMTHoldingIILimited减持股份达1.79% 减持股份,资本邦
2021-02-25,金山办公(688111)：业绩高速增长 关注2B业务,新浪
2021-02-25,金山办公业绩快报：归母净利同增119.56%，B端云服务增长值得期待,金融界
2021-02-25,华泰证券维持金山办公持有评级：业绩高速增长，关注2B业务,每日经济新闻
2021-02-25,2月24日52只个股获券商关注，鸿泉物联目标涨幅达69.41%,每日经济新闻
2021-02-25,【民生证券研究院】晨会纪要20210225,MS研究
2021-02-25,金山办公去年盈利8.8亿增长1.2倍 开支使用率提升个人订阅业务维持高增,长江商报
2021-02-24,金山办公：MSTMTHoldingII减持期过半累计减持1.79%股份 减持股份,科创板日报
2021-02-24,金山办公：股东MS TMTHolding II Limited减持约826万股，减持计划时间已过半,每日经济新闻
2021-02-24,金山办公跌5% 中金公司与中信证券今早刚研报唱多,中国经济网
2021-02-24,金山办公(688111)：利润符合预期 延续云化高成长,新浪
2021-02-24,金山办公(688111.SH)股东MS TMT Holding II Limited已减持825.91万股 减持时间过半 减持股份,智通财经
2021-02-24,金山办公(688111.SH)：MS TMT Holding II减持期过半 累计减持1.79%股份 减持股份,格隆汇
2021-02-24,金山办公：股东累计减持1.79%股份 减持股份,Wind
2021-02-24,A股主力资金流向（2月24日）：材料行业两日净流出超300亿,Wind
2021-02-24,金山办公(688111)：2020业绩预告如期；2021行稳方能致远,新浪
2021-02-24,太平洋给予金山办公买入评级，业绩高速增长，拥抱协作战略,每日经济新闻
2021-02-24,金山办公2020年净利润8.79亿元 同比增长120%,TechWeb
2021-02-24,金山办公(688111)公司点评：全年业绩高速增长 净利率显着提升,新浪
2021-02-24,金山办公(688111)：千磨万击还坚劲 越是艰险越向前,新浪
2021-02-24,金山办公(688111)2020年业绩快报点评：信创逐步确认 持续健康成长,新浪
2021-02-24,安信证券给予金山办公买入评级，千磨万击还坚劲，越是艰险越向前,每日经济新闻
2021-02-24,疫情推动移动办公，金山办公2020年营利齐增,资本邦
2021-02-24,金山办公2020业绩：利润同比增长119.56%,Ofweek
2021-02-24,天风证券维持金山办公增持评级：全年业绩高速增长，净利率显着提升,每日经济新闻
2021-02-24,金山办公(688111)：企业级云化需求显现 个人订阅保持高增速,新浪
2021-02-24,金山办公(688111)：业绩高速增长 企业级市场值得期待,新浪
2021-02-24,东吴计算机点评【金山办公：业绩继续保持高速增长，看好B端打开新市场】,吴声计事
2021-02-24,A股早报2021年2月24日星期三,Wind
2021-02-24,金山办公去年净利润同比增长120% 多股有望再次冲高,巨丰财经
2021-02-24,【民生计算机】金山办公2020业绩快报点评：业绩高速增长，企业级市场值得期待,MS计算机
2021-02-24,港股盘前必读：汇丰控股2020年净利润38.98亿美元同比下降34.7%,Wind
2021-02-24,中望软件(688083)：中流砥柱 望眼天下,新浪
2021-02-24,2月24日操盘必读：影响股市利好与利空消息,新浪
2021-02-24,东吴证券给予金山办公买入评级，业绩继续保持高速增长，看好B端打开新市场,每日经济新闻
2021-02-24,金山办公(688111)：净利润增速超预告范围中位数 Q4收入增长41%,新浪
2021-02-24,开源证券给予金山办公买入评级，公司信息更新报告：净利润高速增长，B端订阅有望开启更广阔空间,每日经济新闻
2021-02-24,金山软件(03888-HK)：金山办公(688111-CN)全年多赚1.2倍,财华社
2021-02-23,金山软件(03888.HK)：金山办公2020年净利升119.56%至8.79亿元,格隆汇
2021-02-23,公告精选：美的集团拟回购不超过140亿元公司股份；金山办公2020年净利同比增120%,e公司
2021-02-23,晚间重要公告2021年2月23日星期二,Wind
2021-02-23,金山办公2020年净利同比增长120%,上证报
2021-02-23,金山办公：2020年净利润8.79亿元 同比增长119.56%,中证网
2021-02-23,疫情推动云办公需求提升，金山办公去年净利大涨近120%,第一财经
2021-02-23,金山办公(688111.SH)业绩快报：2020年度净利升119.56%至8.79亿元,格隆汇
2021-02-23,金山办公业绩快报：2020年净利8.79亿元 同比增120%,e公司
2021-02-23,金山办公业绩快报：2020年净利润同比增长119.56%,Wind
2021-02-22,教育科技行业周报：线上化+智能化加速,新浪
2021-02-22,信息行业周报：全球PC市场迎来复苏,新浪
2021-02-22,计算机行业周报：百度智能驾驶获市场关注 医疗IT板块投资热潮开启,新浪
2021-02-22,计算机行业：美股业绩期来临 建议关注声网和哔哩哔哩 百度20Q4财报超预期 智能云和智能驾驶高速增长,新浪
2021-02-22,计算机周报：百度智能驾驶全方位推进 5G重要应用端前景可期,新浪
2021-02-22,开源证券--计算机周观点：关注超跌的优质标的【行业研究】,金融界股吧
2021-02-21,计算机行业周报：关注景气确定向上龙头与低位景气细分小市值标的,光大证券
2021-02-21,计算机行业周报：节后抱团松动 关注超跌景气板块(推荐),国海证券
2021-02-20,首次！11只科创板股票“入富”，更大调整5月开始,证券时报网
2021-02-20,计算机行业周报：若海外缓和 计算机机会详解！,新浪
2021-02-20,计算机：为什么手机巨头都想造车,新浪
2021-02-19,A股共发生107宗大宗交易成交59.47亿元（2月19日）,Wind
2021-02-19,金山办公现6笔大宗交易总成交金额4773.00万元,证券时报网
2021-02-19,"金山办公现6笔大宗交易 共成交4,773.00万元",新浪
2021-02-19,金山办公今日大宗交易成交12.90万股，成交价370.0元折价7.27%,Wind
2021-02-19,增强产业链供应链自主可控，金山办公入选中国信创TOP500榜单,砍柴网
2021-02-18,北向资金节前“备货”，新加仓科创板品种,Wind
2021-02-17,计算机行业周报：牛年春节备忘录,新浪
2021-02-12,行业“茅”，6成2021股价大涨，4成2020股价翻番,网易
2021-02-11,计算机行业周报：信创板块正处于预期修复前夕,新浪
2021-02-10,"金山办公现5笔大宗交易 共成交3,243.60万元",新浪
2021-02-10,金山办公今日大宗交易成交8.50万股，成交价381.6元折价9.62%,Wind
2021-02-10,MSCI指数2月调整结果公布！科创板纳入时间表出炉,上证报
2021-02-09,【民生计算机|周观点】百度智能驾驶全方位推进，5G重要应用端前景可期,MS计算机
2021-02-09,"金山办公现15笔大宗交易 共成交8,645.28万元",新浪
2021-02-09,金山办公今日大宗交易成交23.24万股，成交价372.0元折价12.26%,Wind
2021-02-08,计算机行业2020年报前瞻：领军业绩逐季改善 把握景气下游！,新浪
2021-02-08,信息行业周报：亚马逊宣布云业务负责人为CEO继承人,新浪
2021-02-08,计算机行业周观点：密集回购 彰显信心,新浪
2021-02-08,计算机行业周报：2020年软件业统计公报发布 工业软件引领三大增长极,华安证券
2021-02-08,A股早报2021年2月8日星期一,Wind
2021-02-08,民生计算机周报：工业软件再迎核心企业 持续看好板块价值,新浪
2021-02-07,【兴证计算机】云计算：行稳致远，持续高景气的最核心赛道,兴业计算机团队
2021-02-07,计算机行业研究周报：大跌之后 如何看？,新浪
2021-02-07,金山办公(688111)：协作办公大幕初启 成长空间再次突破,新浪
2021-02-07,科创板股2020年业绩提前看 23股净利润增幅翻倍,证券之星
2021-02-05,透视大宗交易：2月5日共成交110笔，金山办公成交10.73亿元,每日经济新闻
2021-02-05,金山办公现16笔大宗交易合计成交290.00万股,证券时报网
2021-02-05,"金山办公现16笔大宗交易 共成交107,300.00万元",新浪
2021-02-05,金山办公今日大宗交易成交290万股，成交价370.0元折价12.11%,Wind
2021-02-05,金山办公申请注册“口袋动画”商标,企查查
2021-02-05,释放什么信号？15%个股破发，券商战投亏损近5000万,券商中国
2021-02-05,财富证券--计算机行业月度报告：业绩预告催化个股走势，关注长期基本面变化【行业研究】,金融界股吧
2021-02-05,开源证券--计算机周观点：云计算高景气度持续【行业研究】,金融界股吧
2021-02-04,金山办公今日大宗交易成交0.96万股，成交价419.65元溢价0.0%,Wind
2021-02-04,金山办公现1笔大宗交易 共成交402.86万元,新浪
2021-02-04,新时代证券--2020年计算机行业基金持仓总结：优质龙头持续集中，车联网、自主可控、网安表现优异【行业研究】,金融界股吧
2021-02-03,IPO观察：2021年第四周 14家企业过会，汇隆新材、恒光股份为原新三板公司【安信诸海滨团队】,诸海滨科新先声
2021-02-03,"金山办公现8笔大宗交易 共成交4,815.06万元",新浪
2021-02-03,国盛策略：科创板仍处明显低配 有望迎来内外资携手增配,新浪
2021-02-03,信息服务行业研究：从微软财报看云化趋势,新浪
2021-02-03,投资策略：2020科创板机构配置如何？2021又有何新看点？,新浪
2021-02-02,金山办公发生6笔大宗交易合计成交6334.20万元,证券时报网
2021-02-02,金山软件（3888）——办公软件国产化升级和大游戏IP,格隆汇
2021-02-02,计算机行业周报：创新型国产替代 ARM生态崛起带来新机遇,新浪
2021-02-02,金山办公：长期主义算不算泡沫？,锦缎
2021-02-01,从 Peloton Interactive 的发展看智能健身的产业逻辑【安信诸海滨团队】,诸海滨科新先声
2021-02-01,"金山办公现9笔大宗交易 共成交9,150.77万元",新浪
2021-02-01,计算机行业周报：公募计算机板块持仓减少 集中度提高,国海证券
2021-02-01,收藏，基金重仓的157只科创板全名单,证券时报
2021-02-01,基金重仓的157只科创板全名单(附股),新浪
2021-02-01,A股早报2021年2月1日星期一,Wind
2021-02-01,计算机周报：板块整体业绩有望改善 主要细分核心标的表现亮眼,新浪
2021-01-31,【兴证计算机】计算机业绩预告总结：整体改善，强者恒强,兴业计算机团队
2021-01-30,金山办公(688111)：全年净利润翻倍 业绩高增长符合预期,新浪
2021-01-29,金山办公(688111.SH)：奇文N维近日累计减持1.15%股份 减持股份,格隆汇
2021-01-29,SaaS服务商高光下的「忧虑」：付费渗透率低、商家流失率高,搜狐
2021-01-29,金山办公现6.83亿元大宗交易 买方均为机构,e公司
2021-01-29,金山办公(688111.SH)遭股东累计减持529.98万股 减持比例达1.15% 减持股份,智通财经
2021-01-29,金山办公：奇文N维减持1.15%公司股份 减持股份,Wind
2021-01-29,"金山办公现17笔大宗交易 共成交68,295.03万元",新浪
2021-01-29,万联证券--计算机行业基金持仓分析报告：持仓处于历史低位，集中度大幅提升【行业研究】,金融界股吧
2021-01-29,一键美化！ WPS超级会员一次解决“打工人”全部PPT难题,砍柴网
2021-01-29,金山办公(688111)业绩预告点评：延续高增长 办公生态持续完善,新浪
2021-01-29,金山办公(688111)：从工具软件到企业级服务市场,新浪
2021-01-29,A股机构抱团，VC/PE躺枪：某VC一个半月仅减持80万 减持股份,投中网
2021-01-29,国产替代及成长空间被看好 大批基金持续加仓金山办公,财经网
2021-01-29,上调评级至买入策略选股（1月29日）,Wind
2021-01-29,三招透视上市公司的“原力”：资本开支,锦缎
2021-01-28,【华创计算机王文龙团队】金山办公（688111）2020年业绩预告点评：业绩符合市场预期，静待正版化市场兑现,蚊子搞科研
2021-01-28,金山办公(688111)：盈利符合预期 收入预计高增 机构订阅服务转型将为公司带来成长第三极,新浪
2021-01-28,太平洋--信息行业周报：全球云科技巨头即将发布财报【行业研究】,金融界股吧
2021-01-28,金山办公(688111)公司公告点评：2020年归母净利润同比预增100%-130% 协作战略展现WPS平台价值,新浪
2021-01-28,信息服务行业跟踪报告：相比港股美股 A股SAAS公司已成为全球估值洼地,新浪
2021-01-28,金山办公(688111)：全年高速增长 机构订阅业务值得关注,新浪
2021-01-28,【计算机-胡又文】金山办公：预告业绩高增符合预期,安信证券研究
2021-01-28,财信证券晨会20210128,财信证券研究
2021-01-28,聚焦高成长，科创板成公募主流配置,Wind
2021-01-27,金山办公(688111)公司点评报告：业绩大幅增长 长期空间巨大,新浪
2021-01-27,金山办公(688111)公司信息更新报告：业绩符合预期 “协作”新战略打开B端长期成长空间,新浪
2021-01-27,移动办公、云协作办公等拉动公司业务，金山办公2020年盈利预增超100%,资本邦
2021-01-27,浙商策略：三分钟看中观,新浪
2021-01-27,金山办公(688111)2020年业绩预告点评：业绩符合预期 BC协同推进,新浪
2021-01-27,东吴证券--金山办公：归母净利润翻倍增长，静待新战略的业绩释放【公司研究】,金融界股吧
2021-01-27,每日财报｜水井坊净利下降11%金山办公利润翻番,搜狐
2021-01-27,A股早报2021年1月27日星期三,Wind
2021-01-27,主业表现强劲，业绩倍增公司扎堆出现,Wind
2021-01-26,什么？还不知道WPS？刚刚，2000亿软件巨头爆发了,证券时报网
2021-01-26,公告精选：沈阳化工大幅上修业绩预告；金山办公2020年净利预增100%-130%,e公司
2021-01-26,金山办公：预计2020年净利润约为8.01亿元至9.21亿元,新浪
2021-01-26,金山办公(688111.SH)：2020年度净利预增100%-130%,格隆汇
2021-01-26,金山办公：预计2020年净利润同比增长100%至130%,Wind
2021-01-26,计算机行业周报：深圳启动第三轮数字人民币试点 产业链有望受益,新浪
2021-01-26,【华西计算机】金山办公 | 点评报告：业绩增长超预期，长期成长空间在B端,科技晶选
2021-01-26,信创产业小幅跳水，东方通跌超8%,Wind
2021-01-26,计算机应用行业：公募2020Q4持仓分析 集中度继续提升 主配云计算,新浪
2021-01-26,计算机行业周报：港股计算机标的明细全览！,新浪
2021-01-26,开源晨会0127丨不可贪胜；胜利者的“陷阱”；城市住房问题，值得提到更高位置,开源证券研究所
2021-01-26,【朝闻国盛0127】跨年行情不会终结，港股牛市刚刚开始,国盛证券研究所
2021-01-25,十大“顶流”基金公司重仓股大曝光：易方达、汇添富、广发,中国基金报
2021-01-24,【华西计算机】云计算深度系列（2）：海外SaaS启示录（80页）,科技晶选
2021-01-24,2020Q4主动型基金重仓持股分析：资金南下 食品饮料和顺周期仓位上升,新浪
2021-01-24,2020年公募Q4持仓剖析：港股增配明显 重仓腾讯、美团、小米、香港交易所等,金融界
2021-01-23,IPO观察：IPO审核新增15家过会，新三板贡献7家【安信诸海滨团队】,诸海滨科新先声
2021-01-23,【华西策略||李立峰】港股增配明显，都加仓了哪些股票-2020年公募Q4持仓剖析,策略李立峰与行业配置笔记
2021-01-23,【兴证计算机】2020Q4持仓整理：低配0.28%，环比Q3下降0.30个百分点,兴业计算机团队
2021-01-23,加码新能源和国产替代，基金四季报透露投资新动向,Wind
2021-01-22,茅台、海天连跌两周，抱团行情瓦解了吗？,Wind
2021-01-22,沪指再上3600点，明星基金持仓曝光,Wind
2021-01-22,百元股数量创历史新高，67股获北上资金增持,Wind
2021-01-21,明星基金调仓记：傅鹏博、张坤、刘彦春、刘格菘等四季报起底,21世纪经济报道
2021-01-21,沪指、创业板齐创五年新高！股民彻底沸腾：明星投资大佬调仓记录曝光！但盲目抄作业的很多都亏钱了？,21世纪经济报道
2021-01-21,2020年公募冠军是怎样炼成的？赵诣扎堆新能源汽车产业链,第一财经
2021-01-21,十大明星经理重仓股曝光！刘格菘4基金顶格买入一股,中国基金报
2021-01-21,陈光明旗下基金调仓曝光！赵诣、傅鹏博加仓新能源,中证报
2021-01-21,估值分化成确定性趋势，科创板22家公司股价破发 连续下跌,Wind
2021-01-20,行业深度报告：科创板2020年全景复盘,新浪
2021-01-20,"金山办公现3笔大宗交易 共成交1,013.19万元",新浪
2021-01-20,科创板系列研究(四十)-科创板信号：风险偏好可能是扩散而非下降,新浪
2021-01-19,从港股2020退市情况看注册制推进和转板【安信诸海滨团队】,诸海滨科新先声
2021-01-19,【民生计算机|周观点】机构重点配置方向未变，智能驾驶等关注度提升,MS计算机
2021-01-19,金山办公跌6.8% 去年前三季度净利6亿市值近2000亿,中国经济网
2021-01-19,金山办公现1笔大宗交易 共成交203.13万元,新浪
2021-01-19,恒指狂拉近千点，香港基金经理泼凉水,Wind
2021-01-19,计算机行业跟踪周报第225期：云计算软硬件行业分析,新浪
2021-01-18,"金山办公现9笔大宗交易 共成交4,875.03万元",新浪
2021-01-18,科创50指数涨幅扩大至3%，道通科技涨逾15%,Wind
2021-01-14,计算机行业工业软件系列报告(三)：三年行动计划发布 工业互联网政策持续加码,华安证券
2021-01-14,三年行动计划发布 工业互联网政策持续加码（附股）,证券时报网
2021-01-14,计算机行业周报：多因素驱动 看好计算机2021年的投资机会,新浪
2021-01-14,解盘：题材股反弹，光刻胶、IDC、摄像头、高铁领涨,Wind
2021-01-14,科创板系列研究(三十九)：科创板加快分化 头部公司走出独立行情,新浪
2021-01-13,【民生计算机|周观点】工业互联网迎政策利好，推动工业软件长期发展,MS计算机
2021-01-13,"金山办公现5笔大宗交易 共成交1,353.03万元",新浪
2021-01-13,计算机行业月报：云计算SAAS产业梳理及中美对标 把握行业布局机遇,新浪
2021-01-12,"金山办公现5笔大宗交易 共成交5,337.64万元",新浪
2021-01-12,风向真的变了，涨到极致股东减持意愿也降低？,Wind
2021-01-12,广发科创板一周全景(1月第2期)：科创板“减持窗口”到了？,广发证券
2021-01-12,首席周度观点：新冠疫苗向公众免费 国内预防免疫积极推进,新浪
2021-01-11,计算机应用行业：一二线品种估值继续分化 春季行情仍然可期,新浪
2021-01-11,计算机行业：蔚来ET7发布 国产车智能化站上浪潮之巅 供应链崛起之路,新浪
2021-01-11,计算机行业月度报告：板块分化加剧，关注成长性龙头，维持“同步大市”评级,格隆汇
2021-01-11,金山办公现1笔大宗交易 共成交735.86万元,新浪
2021-01-11,开年一周A股重要股东减持超200亿，部分机构已不再乐观！,Wind
2021-01-11,计算机行业周报：如何看金山办公在雷军系的版图地位,新浪
2021-01-11,计算机行业周报：蔚来NIOET7智能网联配置发布 自动驾驶推出订阅服务,华安证券
2021-01-08,"金山办公现11笔大宗交易 共成交7,120.67万元",新浪
2021-01-08,中国长城(000066)深度报告：信创龙头腾飞在即 PK生态加速共筑长城,新浪
2021-01-08,【演讲实录】金山办公助理总裁晁云曈：WebOffice的协作赋能,--
2021-01-08,成长股思考笔记(一)：消费基金经理为何买入科技成长股？,新浪
2021-01-08,晨会聚焦210128重点关注宝钛股份、金山办公,国信研究
2021-01-07,总投资超300亿！武汉这两大重点项目同时开工,湖北日报
2021-01-07,金山办公：国际总部、远程协作办公研发总部将落地武汉光谷,e公司
2021-01-06,首席周观点：免费接种并非免费采购 出口市场具备利润空间,新浪
2021-01-06,计算机行业投资周报：“PK”体系进展超预期 2021年政策驱动明显,新浪
2021-01-06,计算机行业2021年度策略：回归常态 聚焦优质成长龙头,新浪
2021-01-06,【报道】金山办公回应称，目前WPS产品在海外市场的1亿多用户，主要为免费用户，仅有少量广告业务，该项禁令短期不会对公司的经营发展产品实质性影响,金十数据
2021-01-06,金山办公：美总统行政禁令短期不会对公司经营发展产生实质影响,e公司
2021-01-06,【计算机*郝彪】景气度和估值分化,东吴研究所
2021-01-05,计算机行业：飞腾生态大会召开 助力信创加速；长城牵手高通、华为布局L3智能驾驶,新浪
2021-01-05,计算机行业：景气度局部复苏或叠加风险偏好上升、行业配置正当时,广发证券
2021-01-05,金山办公市值破2000亿 在线协作办公前景可期,金融界
2021-01-05,金山软件的投资价值还剩多少？,YY港股圈
2021-01-05,计算机行业周报：全球计算芯片产业洞察-从飞腾1229大会说起,新浪
2021-01-05,安信证券：2021年将是计算机“三山叠峦”规模化的分水岭,证券时报网
2021-01-05,安信研究|晨会在线20210105,安信证券研究
2021-01-05,【计算机-胡又文】三山叠峦，软件定义世界的“分水岭”,安信证券研究
2021-01-04,科创板资金动向：7股主力资金净流入超5000万元,证券时报网
2021-01-04,"金山办公现10笔大宗交易 共成交8,655.66万元",新浪
2021-01-04,兴业证券：12月金股组合盈利12.85% 1月荐股名单出炉,新浪
2021-01-04,计算机周报：政策持续催化+5G重要应用 长期看好智能驾驶,新浪
2021-01-04,计算机行业周报：春季躁动关注板块龙头,国海证券
2021-01-04,1月观点 | 轮动叠加躁动，将迎向上良机,一计之长
2021-01-04,【策略】1月金股组合：中银证券研究部1月金股。,中银证券研究
2021-01-04,68只科创板股融资余额环比增加,证券之星
2021-01-04,计算机行业周观点：前瞻提示后 板块反弹空间和主线如何看？,新浪
2021-01-04,大宗交易成交额年增七成 机构席位集中接筹龙头股,上证报
2021-01-04,2020，科创板那些新晋亿万富豪,国际金融报
2021-01-03,【民生研究】周观点汇总：经济复苏的大方向没有改变，疫苗接种率明显提高前，风格仍将较为均衡,MS研究
2021-01-03,【兴证计算机】1月金股：金山办公（688111.SH）- 2021.1,兴业计算机团队
2021-01-03,机构席位疯狂扫货这些股 大宗交易额年增七成,上证报
2021-01-03,陆家嘴财经早餐2021年1月3日星期日,Wind
2021-01-02,中信建投研究1月金股名单,中信建投证券研究
2020-12-31,IPO成功闯关145家，科创板2020年榜单全面揭晓！,Wind
2020-12-31,3只科创板个股主力资金净流入超亿元,证券时报网
2020-12-31,计算机全行业AI赋能系列深度之一-AI产业化：2021高景气主线,新浪
2020-12-31,金山办公(688111.SH)：奇文N维已减持1.58%的股份 减持股份,格隆汇
2020-12-31,金山办公(688111.SH)股东奇文N维累计减持729.76万股公司股份 减持股份,智通财经
2020-12-31,金山办公：奇文N维合计减持1.58%股份 减持股份,Wind
2020-12-31,A股早报2020年12月31日星期四,Wind
2020-12-30,"金山办公现25笔大宗交易 共成交36,393.76万元",新浪
2020-12-30,蔚来ET7发布，国产车智能化站上浪潮之巅，供应链崛起之路,中信建投证券研究
2020-12-29,"金山办公现3笔大宗交易 共成交1,507.05万元",新浪
2020-12-29,信创产业再迎利好 飞腾发布新一代处理器芯片 一大氵皮终端产品在路上,科创板日报
2020-12-28,计算机应用行业：系统盘点麒麟软件和统信软件的经营情况,新浪
2020-12-28,纵览一二级市场，盘点在线教育板块的几个核心变化？【安信诸海滨团队】,诸海滨科新先声
2020-12-28,本周观点：与个股集萃,华安证券
2020-12-28,计算机行业：临近年底可布局明年重点个股,广发证券
2020-12-27,【兴证计算机】周观点：板块二八分化显着且持续，龙头投资价值凸显,兴业计算机团队
2020-12-27,【民生计算机|周观点】腾讯分布式数据库发布，看好产业长期发展潜力,MS计算机
2020-12-27,计算机行业：白马补跌或为底部信号 附最看好21年行业主线,新浪
2020-12-27,计算机行业周报：下游溢价充分体现后计算机周期料将来临,新浪
2020-12-26,12只个股被社保与QFII，连续持仓五个季度,Wind
2020-12-25,"金山办公现9笔大宗交易 共成交5,895.88万元",新浪
2020-12-25,金山办公、中科曙光等成立先进操作系统创新中心（天津）有限公司,企查查
2020-12-24,金山办公：持股5%以上股东奇文N维减持达到1% 减持股份,资本邦
2020-12-24,A股早报2020年12月24日星期四,Wind
2020-12-24,“拟大比例减持+业绩堪忧股”名单来了 拟减持股份,证券时报网
2020-12-23,金山办公(688111.SH)：奇文N维已累计减持1.07%的股份 减持股份,格隆汇
2020-12-23,金山办公(688111.SH)遭一主要股东减持495.23万股 减持股份,智通财经
2020-12-23,金山办公：奇文N维减持比例达总股本1.07% 减持股份,Wind
2020-12-23,"金山办公现31笔大宗交易 共成交36,530.10万元",新浪
2020-12-22,计算机行业：创新中心呼之欲出 信创拐点或已临近,新浪
2020-12-22,计算机行业周报：中央经济工作会议强化科技战略 科技创新有望加速推进,新浪
2020-12-22,中国软件、金山办公、奇安信等拟联合成立新公司，构建国产操作系统生态,企查查
2020-12-22,中国软件(600536)：国产操作系统旗舰强强联合打造最强信创生态,新浪
2020-12-22,计算机行业周报：业绩真空期 精选景气高具有强业绩支撑板块,新浪
2020-12-22,国产操作系统联盟诞生 剑指Wintel 龙头企业齐聚,巨丰财经
2020-12-22,129只科创板股融资余额环比增加,证券时报网
2020-12-21,晚间重要公告2020年12月21日星期一,Wind
2020-12-21,金山办公现1笔大宗交易 共成交340.83万元,新浪
2020-12-21,中国软件(600536.SH)子公司拟携金山办公等设合资进一步完善产业生态,智通财经
2020-12-21,中国软件：拟与金山办公、奇安信等联合出资成立先进操作系统创新中心有限公司,Wind
2020-12-21,中国软件：麒麟软件拟与金山办公、奇安信等联合出资成立先进操作系统创新中心有限公司,格隆汇
2020-12-20,从岭南教育冲击港股看大湾区民办教育以及我国职业教育市场格局【安信诸海滨团队】,诸海滨科新先声
2020-12-20,经济工作会议点评 | 直接受益于国家战略与自主可控,一计之长
2020-12-18,【民生计算机|周观点】科技创新大势所趋，新基建、信创重要性再次凸显,MS计算机
2020-12-18,"金山办公现5笔大宗交易 共成交2,751.84万元",新浪
2020-12-18,计算机行业：云转型更进一步 智能化加速落地,新浪
2020-12-18,上市公司正负面新闻2020年12月18日星期五,Wind
2020-12-17,晚间重要公告2020年12月17日星期四,Wind
2020-12-17,金山办公：MSTMTHoldingII已减持471.57万股 减持股份,科创板日报
2020-12-17,金山办公(688111.SH)遭一股东减持471.57万股 减持股份,智通财经
2020-12-17,金山办公(688111.SH)：MSTMTHoldingII已减持471.57万股 减持股份,格隆汇
2020-12-17,金山办公：MS TMT Holding II Limited减持1.02%公司股份 减持股份,Wind
2020-12-16,年内已翻倍 金山软件股东却喊话雷军：股价太低、回购,新浪
2020-12-16,金山办公现6笔大宗交易合计成交7.52万股,证券时报网
2020-12-16,"金山办公现6笔大宗交易 共成交2,424.45万元",新浪
2020-12-16,谁是“科创之星”？12家科创板公司三年研发投入占比超30% 生物产业突出丨科创之星,新浪
2020-12-16,【华泰计算机+金工】关注大数据与云计算板块投资机会——兼评大数据ETF投资价值,华泰金融工程
2020-12-16,计算机行业周报：卫健委发布公卫信息化建设规范 公卫IT行业有望获新增量,新浪
2020-12-16,计算机行业年度策略报告：寻找数字经济大潮中的明珠,新浪
2020-12-16,股东喊话雷军：不满金山软件“白菜价”，希望公司回购或分拆二次上市,经济观察网
2020-12-16,A股早报2020年12月16日星期三,Wind
2020-12-16,101只科创板股融资余额环比增加,证券之星
2020-12-15,金山办公 | 推多款协作新品，国产化与云化价值提升,一计之长
2020-12-15,"金山办公现30笔大宗交易 共成交52,125.97万元",新浪
2020-12-15,A股早报2020年12月15日星期二,Wind
2020-12-14,"金山办公现17笔大宗交易 共成交48,158.11万元",新浪
2020-12-14,金山办公披露询价转让结果：万家基金等6机构受让470万股,资本邦
2020-12-14,冠军之战打响：10大基金狂赚至少100%,中国基金报
2020-12-14,金山软件的投资价值还剩多少？,YY港股圈
2020-12-12,计算机行业2021上半年投资策略：聚焦高景气及边际改善赛道,新浪
2020-12-12,上市公司正负面新闻2020年12月12日星期六,Wind
2020-12-11,晚间重要公告2020年12月11日星期五,Wind
2020-12-11,"金山办公现4笔大宗交易 共成交2,925.53万元",新浪
2020-12-11,金山办公(688111.SH)股东询价转让470万股已完成,智通财经
2020-12-11,金山办公(688111.SH)披露股东询价转让结果：其中工银瑞信受让304.9万股,格隆汇
2020-12-11,金山办公：本次询价转让价格为300.08元/股，工银瑞信基金将受让304.9万股,Wind
2020-12-11,WPS再创历史：全国计算机等级考试实现“全覆盖”,飞象网
2020-12-11,WPS逆袭微软：全国计算机等级考迎来新历史阶段,飞象网
2020-12-10,平均毛利率45%依旧亏损-口腔医院是不是一个好赛道？【安信诸海滨团队】 亏损,诸海滨科新先声
2020-12-10,"金山办公现6笔大宗交易 共成交5,316.15万元",新浪
2020-12-09,金山办公现3笔大宗交易 共成交975.11万元,新浪
2020-12-09,金山办公章庆元：办公应用将向云化、协作化、智能化方向发展,电商报
2020-12-08,一页 PDF，三家上市公司，百亿美金市场争夺战,砍柴网
2020-12-08,招财大师姐：分析2个财务指标，毛利率和净利率！,新浪
2020-12-08,权益变动！金山办公股东MS TMT Holding II Limited减持95.01万股 减持股份,资本邦
2020-12-08,2021年计算机行业策略报告：新成长 新变化,新浪
2020-12-08,计算机行业：短期企稳 躁动前的中期布局更有意义,广发证券
2020-12-08,A股早报2020年12月8日星期二,Wind
2020-12-08,【计算机】市场小幅上行，关注云计算和金融IT――计算机行业周报――看好,渤海证券研究
2020-12-08,推出“协作”战略 金山办公着手搭建“标准”与“生态”系统,中证报
2020-12-07,金山办公：MSTMTHoldingIILimited持股降至4.99998%,科创板日报
2020-12-07,【民生计算机|周观点】政策推动超高清落地，5G应用新一轮景气周期可期,MS计算机
2020-12-07,金山办公(688111.SH)遭股东MS TMT Holding II Limited减持95.01万股,智通财经
2020-12-07,金山办公(688111.SH)：拟使用不超35亿元暂时闲置募集资金进行现金管理,格隆汇
2020-12-07,金山办公(688111.SH)：MS TMT Holding II Limited持股降至4.99998%,格隆汇
2020-12-07,金山办公：MS TMT Holding II Limited减持95万股，持股比例降至5%以下,Wind
2020-12-07,总市值突破3万亿 科创板200家公司背后：民企挑大梁、16家未盈利,券商中国
2020-12-07,"金山办公现36笔大宗交易 共成交43,013.67万元",新浪
2020-12-07,金山办公宣布“协作”战略 推出5款协作类新产品,新华网
2020-12-07,计算机行业投资策略：积极变化正在发生 拥抱科技创新浪潮,新浪
2020-12-07,A股早报2020年12月7日星期一,Wind
2020-12-07,安信证券：近期多项重要事件表明行业信创正在加速启动 推荐金山办公等,证券时报网
2020-12-07,【计算机-胡又文】行业信创风起云涌-计算机行业动态分析,安信证券研究
2020-12-07,科创板公司增至200家，“硬科技”受外资青睐,Wind
2020-12-07,“科创200”画像：彰显中国创新的资本力量,Wind
2020-12-07,科创板公司达到200家，持续为科技创新赋能,Wind
2020-12-06,TMT投向标|阿里拟受让芒果超媒5.26%股份成二股东快手投资互游直播公司小象互娱布鲁可获3.3亿A轮融资,科创板日报
2020-12-06,【民生研究】周观点汇总：顺周期板块以持股为主，逢低继续布局科技、医药,MS研究
2020-12-06,雷军，变身IPO收割机,投资界
2020-12-06,计算机行业周观点：国内DCS行业格局梳理,新浪
2020-12-05,专访 WPS 产品专家 Sic：一款 32 岁的软件，如何对抗时间？,爱范儿
2020-12-05,【民生周末重点推荐】首席看计算机：期待反弹，布局主线,MS研究
2020-12-05,在无法依靠巨头时 自己做成了巨头,证券日报
2020-12-04,对话金山办公董事长葛珂：“协作”产品踩在最好的势头上，前路无人需要自己闯,每日经济新闻
2020-12-04,"金山办公现9笔大宗交易 共成交22,129.48万元",新浪
2020-12-04,市值逼近1600亿！金山办公宣布全新战略 CEO章庆元反复强调三大关键词,凤凰网
2020-12-04,在线办公 再造一个互联网,亿邦动力
2020-12-04,金山办公CEO章庆元：我们将会用AI技术颠覆办公,砍柴网
2020-12-03,WPS全家桶发布：金山办公“弯道超车”,雷锋网
2020-12-03,金山办公WPS引入“万得智能数据” 携手万得信息打造数据办公新生态,砍柴网
2020-12-03,金山办公(688111)：“协作”成为新增核心产品战略 企业级市场未来可期,新浪
2020-12-03,中信证券：给予金山办公目标价431元,Wind
2020-12-02,"连360都走上""付费""的路，是弹窗广告它""不香""了吗？",36氪
2020-12-02,金山办公：初步确定询价转让价格为300.08元/股,36氪
2020-12-02,金山办公：初步确定询价转让价格为300.08元/股,Wind
2020-12-02,金山办公CEO章庆元：WPS多屏设备用户4.5亿三年实现75%增长,砍柴网
2020-12-02,清华大学厉克奥博：WPS有助于提高工作效率和激发创新,砍柴网
2020-12-02,WPS Office月活设备数达4.5亿，章庆元和金山办公的新故事,经济网
2020-12-02,金山办公董事长葛珂：生态概念太大 没到体量会越做越死,新浪
2020-12-02,政府国企覆盖率站上9成之后：金山办公将猛攻“协作”市场,时代在线
2020-12-02,上市一年股价涨7倍，金山办公CEO：协作是未来办公大趋势,澎湃新闻
2020-12-02,对话金山办公董事长葛珂:不会重点放在业绩提升 会加大研发投入,新浪
2020-12-02,金山办公推出协同办公全家桶 5款新产品助力“协作”战略升级,中国网
2020-12-02,WPS“全家桶”发布！以后办公更方便了,中关村在线
2020-12-01,金山办公宣布“协作”战略 WPS将升级为超级工作入口,新浪
2020-12-01,金山办公CEO章庆元：新增“协作”战略为办公产品第五大战略,中证网
2020-12-01,疫情下在线协作办公需求加速，但仍局限于细分市场,第一财经
2020-12-01,金山办公发布“协作”战略 将投入三分之一研发力量,21世纪经济报道
2020-12-01,金山办公宣布“协作”战略 推出5款协作类新产品,网易
2020-12-01,金山办公年度发布会来袭 “协作”战略重磅升级,凤凰网
2020-12-01,金山办公加码中小市场 金山文档刷新在线办公,砍柴网
2020-12-01,电报|金山办公发布5款协作产品,科创板日报
2020-12-01,【直播】WPS「CHAO」办公大会：WPS的2020和下一个十年,e公司
2020-12-01,计算机行业周报：医保信息平台进入落地实施阶段 多类医保IT需求将加速释放,新浪
2020-12-01,游戏主业增长低于预期，金山软件遭遇估值挑战,新浪
2020-12-01,金山办公发新产品战略 意在撬动中小微企业办公市场,中新网
2020-12-01,金山办公（688111）：协作战略，超级入口,中信证券研究
2020-11-30,盘点2020年教育一级投融市场，探寻猿辅导155亿美元估值的奥秘【安信诸海滨团队】,诸海滨科新先声
2020-11-30,计算机行业周报：AI独角兽企业陆续上市 关注人工智能产业投资价值,华安证券
2020-11-30,计算机周报：银行IT景气度不断提升 格局改善利好核心厂商,新浪
2020-11-30,金山办公四股东拟参与询价转让，转让股份数量达470万股 减持股份,资本邦
2020-11-30,雷军旗下公司，涨6倍后股东组团套现，如何看技术熊金山办公？,搜狐
2020-11-29,教育部鼓励民办教育释放积极信号，民办高教、k12学校估值或逐步回升【安信诸海滨团队】,诸海滨科新先声
2020-11-29,下周操盘攻略：重磅数据来袭，10只新股别错过,Wind
2020-11-29,才一周，17家公司大股东就宣布减持，6家公司董监高辞职 减持股份,网易
2020-11-29,主要指数和沪港通拟纳入科创板点评：居民、机构、外资配置科创板蓄势待发,新浪
2020-11-28,犀牛财经早报：证监会对永煤控股立案调查 港交所提高上市门槛,GPLP犀牛财经
2020-11-28,北京金山办公软件股份有限公司 股东询价转让计划书 减持股份,证券日报
2020-11-27,金山办公：4家股东拟询价转让股份 减持股份,e公司
2020-11-27,金山办公：股东拟询价转让1.02%股权 减持股份,格隆汇
2020-11-27,金山办公(688111.SH)：4家股东拟询价转让470万股转让价下限为270元/股,格隆汇
2020-11-27,金山办公：股东拟合计转让1.02%股份 减持股份,Wind
2020-11-27,【泰山财经·原创】卡点动手、清仓式套现……A股上演花式减持 减持股份,鲁网
2020-11-26,金山办公(688111)：业务边界持续拓宽 网络效应构建高壁垒,新浪
2020-11-26,2021年度计算机行业投资策略：四大红利驱动 优选景气赛道,华安证券
2020-11-25,金山办公强势上榜2020中国IT上市公司百强，位列前十,砍柴网
2020-11-25,金山办公新利好：国产办公软件WPS进入全国计算机二级考试,砍柴网
2020-11-25,财信证券公司深度：金山办公（688111.SH） 多层次用户生态体系，授权和订阅业务同步发展,财信证券研究
2020-11-25,热门股“刹车”，多家上市公司合计减持逾百亿元 减持股份,Wind
2020-11-25,热门股“刹车” 多家上市公司合计减持逾百亿元 减持股份,中证报
2020-11-24,当前时点网络信息安全行业的一些积极变化【安信诸海滨团队】,诸海滨科新先声
2020-11-24,金山办公解禁后首次减持：套现金额70亿 上市一年股价已涨6倍 解禁,新浪
2020-11-24,金山文档入选Google精选案例 加码在线办公剑指千亿市场,新浪
2020-11-24,7连板大牛轰然跌停！这些资金为何先行撤退？,上证报
2020-11-24,金山办公发布解禁减持公告 董监高及战投方承诺不通过二级市场竞价减持 解禁,中证网
2020-11-24,计算机行业2021年投资策略：云化、智能化、国产化 驱动IT产业高景气,国海证券
2020-11-24,金山办公低开逾3%，股东拟合计减持公司不超4.75%股份,Wind
2020-11-24,腾讯投资雷军控制，金山办公一年涨6倍，大股东计划套现38亿,搜狐
2020-11-24,金山办公持股5%以上股东合计拟减持不超过2187万股 拟减持股份,中国经济网
2020-11-24,上市公司正负面新闻2020年11月24日星期二,Wind
2020-11-23,金山办公董监高及特定股东承诺6个月内不通过竞价方式减持,证券日报网
2020-11-23,从行业和公司数据看当前智能可穿戴设备行业发展情况【安信诸海滨团队】,诸海滨科新先声
2020-11-23,晚间重要公告2020年11月23日星期一,Wind
2020-11-23,金山办公(688111.SH)：特定股东及董监高承诺不通过二级市场竞价交易减持公司股份,格隆汇
2020-11-23,金山办公(688111.SH)主要股东MS TMT Holding II Limited拟减持不超920万股 拟减持股份,智通财经
2020-11-23,金山办公：MSTMTHoldingIILimited等10名股东拟合计减持不超过4.75% 拟减持股份,36氪
2020-11-23,金山办公(688111.SH)：公司股东拟减持合计不超4.75%股份 拟减持股份,格隆汇
2020-11-23,金山办公：两股东拟合计减持不超过4.75%股份 拟减持股份,Wind
2020-11-23,计算机行业周报：智能汽车 鲶鱼搅动的一池春水,新浪
2020-11-23,科创板创业板周报：科创板CDR第一股九号公司市值新高,新浪
2020-11-23,计算机周观点：把握工业软件投资机会,新浪
2020-11-20,科创板话题：金山办公,科创板日报
2020-11-20,【东吴计算机周报】: 盘点工业控制核心领域投资机会,吴声计事
2020-11-19,计算机行业周报：20Q3季报成走势分水岭!哪些重要信息?,新浪
2020-11-18,计算机行业2020年三季报点评暨11月投资策略：鸿蒙2.0生态初现 计算机逢低介入,新浪
2020-11-18,市场要闻 | 金山软件Q3办公业务保持高增长，解禁市值超400亿元,36氪
2020-11-18,金山文档亮相2020Google开发者大会 入选PWA能力拓展精选案例,砍柴网
2020-11-17,金山软件第三季度净利急增超17倍 旗舰游戏收入增长强劲,证券时报网
2020-11-17,A股再迎解禁小高峰，逾1300亿上市流通影响几何？ 解禁,第一财经
2020-11-17,授权业务和订阅服务增长强劲 金山软件(03888.HK)第三季度纯利大增17倍,格隆汇
2020-11-16,计算机应用：行业盘点CAD行业新动向 维持“增持”评级,格隆汇
2020-11-16,金山办公宣布推出全新版本WPS Office for Mac 可兼容Apple M1处理器,DoNews
2020-11-16,计算机行业周报：《智能网联汽车技术路线图2.0》发布 车联网利好政策频出,新浪
2020-11-16,金山办公WPS Office宣布推出兼容Apple M1芯片新版本,Wind
2020-11-16,计算机行业周报：为什么我们看好工业软件-三维度深度剖析行业周报,新浪
2020-11-16,预警！这7股流通盘将增加逾2倍（附名单）,中证报
2020-11-15,下周操盘攻略：RCEP协定顺利签署，科创50ETF上市,Wind
2020-11-15,计算机行业周报：国产化、数字化转型将成为国内ICT发展的主赛道,新浪
2020-11-14,【国盛策略】当前基金科创板配置情况如何？,尧望后势
2020-11-14,金山办公WPSOffice宣布推出兼容AppleM1芯片新版本,36氪
2020-11-13,下周1610亿市值限售股解禁，环比增加395.2% 解禁,Wind
2020-11-13,国民办公软件WPS超越实体产品销量 入围老罗直播间双十一销量TOP10,砍柴网
2020-11-12,科创板系列研究(三十二)：三季度基金新建仓多只科创板“牛股”,新浪
2020-11-12,【国信计算机】计算机行业2020年三季报点评：鸿蒙2.0生态初现，计算机逢低介入,国信计算机
2020-11-12,科技产业2021年投资策略：科技进步与中美再平衡下的新机遇,新浪
2020-11-12,A股融资融券日报：两融余额减少30.05亿元（11月11日）,Wind
2020-11-12,中信证券：A股科技板块估值回调后配置价值进一步凸显,证券时报网
2020-11-11,定了！11月16日首批科创板50ETF上市！买买买么？,中证报
2020-11-11,A股融资融券日报：两融余额增加29.94亿元（11月10日）,Wind
2020-11-10,晚间重要公告2020年11月10日星期二,Wind
2020-11-10,金山办公(688111.SH)：1.45亿股限售股11月18日解禁 解禁,格隆汇
2020-11-10,金山办公：占总股本31.48%限售股将于11月18日上市流通 解禁,Wind
2020-11-10,用友网络(600588)：外部影响仍存 大客户订单乐观,新浪
2020-11-10,金山办公跌10% 辜负海通证券西部证券申银万国唱多？,中国经济网
2020-11-10,科创板：公募基金Q3加持科创板 新一代信息技术领域备受关注,新浪
2020-11-10,A股融资融券日报：两融余额增加135.55亿元（11月9日）,Wind
2020-11-09,5G普及催生网盘市场变局 阿里、百度正面交锋个人云服务,每日经济新闻
2020-11-08,【兴证计算机】盘点“双十一”背后的IT新趋势,兴业计算机团队
2020-11-06,金山办公：与晋城市就教育资源建设签订战略合作协议,e公司
2020-11-06,计算机行业2020年三季报深度分析：Q3平淡全年格局已定 接近明年绝佳布局期,新浪
2020-11-05,恒指收涨3.25%，恒生科技指数大涨5.45%,Wind News
2020-11-05,计算机行业20Q3基金持仓统计：超配比例收窄 仓位提升有空间,华安证券
2020-11-05,金山软件绩后涨近10%,Wind
2020-11-04,【新时代计算机】2020三季报总结：现金流改善，行业分化加剧,关爱传媒成长小分队
2020-11-04,社保基金持有25只科创板股：新进12股，增持5股,证券时报网
2020-11-03,风雨之后见彩虹-科创板TMT行业2020三季报总结深度解析专题【安信诸海滨团队】,诸海滨科新先声
2020-11-03,金山办公：与安宁邮件达成战略合作,Wind
2020-11-03,金山办公：与安宁邮件达成战略合作,e公司
2020-11-03,A股融资融券日报：两融余额增加32.03亿元（11月2日）,Wind
2020-11-02,计算机板块2020年三季报总结：持续复苏回暖 业绩分化明显,新浪
2020-11-02,减持A股买入美股！中国基金经理＂神操作＂背后真相是……,券商中国
2020-11-02,减持A股同时却买入美股 中国基金经理如此神操作远程办公概念股 减持股份,券商中国
2020-11-02,社保基金现身25只科创板股前十大流通股东榜,证券时报网
2020-11-01,【东兴计算机】金山办公（688111）：单季度收入持续创新高，付费转化率正快速提升,王者计算机
2020-11-01,【天风计算机】周观点：三季报云计算表现突出，金融IT和网安边际改善明显,兵哥看IT
2020-11-01,长三角科创板上市企业数量达91家，储备库企业5017家,Wind
2020-11-01,2020Q3科技板块基金持仓分析：整体下降 电子微升,新浪
2020-10-31,通才教育赴港上市，山西省第二大民办高校市场份额达12%【安信诸海滨团队】,诸海滨科新先声
2020-10-31,科创板三季报收官：业绩“翻筋斗”研发“强武艺”,Wind
2020-10-31,科创板三季报收官：业绩“翻筋斗” 研发“强武艺”,上证报
2020-10-30,抱团取暖！145只基金扎堆一只票，公募基金持有科创板市值达371亿元，三季报重仓股曝光（附名单）,每日经济新闻
2020-10-30,【兴证计算机】2020Q3持仓整理：超配0.02%，环比Q2下降1.95个百分点,兴业计算机团队
2020-10-30,金山办公(688111)：业绩高速增长 用户数同比提升,新浪
2020-10-30,社保基金现身24只科创板股前十大流通股东榜,证券时报网
2020-10-30,这10家公司被险资盯上，全市场持仓路线图也浮出水面,中证报
2020-10-29,港股异动丨金山软件(3888.HK)涨约4% 附属金山办公前三季度纯利升191.22%,格隆汇
2020-10-29,金山软件涨约4% 附属金山办公前3季度纯利升191.22%,新浪
2020-10-29,金山办公(688111)三季报点评：业绩增长再加速 成长空间进一步验证,新浪
2020-10-29,社保基金持有18只科创板股：新进10股，增持4股,证券时报网
2020-10-29,国产办公软件迎来高增长,广州日报
2020-10-28,【VIP资讯分享：第106期】 A.苹果收购AI视觉公司、全球科技巨头纷纷布局。,首席投顾说
2020-10-28,买买买！巨联网巨头A股持续“扫货”,Wind
2020-10-28,资本开闸，中国ToB企业迎来“上市晋级”潮,36氪
2020-10-28,金山软件午后走高，现涨超6%,Wind
2020-10-28,港股异动︱金山软件(03888)午后涨超5%突破所有均线 附属金山办公前三季净利增长191%,智通财经
2020-10-28,金山办公(688111)三季报点评：授权业务着重发力 成长逻辑持续兑现,新浪
2020-10-28,金山办公(688111)：Q3增速进一步提升 授权+订阅双双强劲增长,新浪
2020-10-28,金山办公(688111)：信创起量 财报亮眼,新浪
2020-10-28,207股获券商买入评级，中国中铁目标涨幅达81.01%,Wind
2020-10-28,金山办公(688111)：业绩略超预期 办公龙头成长再提速,新浪
2020-10-27,【华西计算机】金山办公 |2020Q3点评：三季报增长超预期，MAU再创新高！,科技晶选
2020-10-27,金山办公(688111)季报点评：业绩持续高速增长 订阅业务保持良好增长势头,新浪
2020-10-27,金山办公(688111)：各财务指标表现超预期 MAU保持高增,新浪
2020-10-27,金山办公(688111)2020年三季报点评：云化信创齐发力 龙头业绩再高增,新浪
2020-10-27,金山办公披露上市后首份三季报：净利同比增191.22% 政府业务集中提前释放,证券日报网
2020-10-27,晨会聚焦201027重点关注德赛西威、好未来、顺丰控股、上海家化、深信服、安恒信息、金山办公、锐科激光、科斯伍德、道通科技,国信研究
2020-10-27,金山办公前三季度营收15.03亿元 净利润5.95亿元,TechWeb
2020-10-27,金山办公（688111）2020年三季报点评：三季度营收加速，月活保持稳定增长,国信研究
2020-10-27,东吴计算机点评【金山办公：业绩持续超市场预期，订阅业务实行渠道创新+深耕细分市场战略】,吴声计事
2020-10-27,社保基金持有6只科创板股：新进3股，增持2股,证券时报网
2020-10-27,金山办公前三季净利增两倍 月活用户突破4.57亿,证券时报
2020-10-26,金山办公(688111.SH)：珠金办签署技术服务合同拟提升WPS等文档翻译技术,格隆汇
2020-10-26,金山办公发布上市以来首份三季报,猎云网
2020-10-26,金山软件(03888.HK)附属金山办公前三季度纯利升191.22%至5.95亿元,格隆汇
2020-10-26,金山软件(03888)：金山办公前三季净利增长191.22%至5.95亿元,智通财经
2020-10-26,金山办公2020年前三季净利同比增191% 月活用户突破4.57亿,e公司
2020-10-26,晚间重要公告2020年10月26日星期一,Wind
2020-10-26,金山办公：前三季净利同比增长191.22%,证券时报网
2020-10-26,金山办公：第三季度营收5.87亿元，同比增长64.62%,新浪
2020-10-26,金山办公公布三季报 前三季净利增加191.22%,新浪
2020-10-26,金山办公(688111.SH)：珠金办与北京金山数字娱乐签署《技术服务合同》,智通财经
2020-10-26,金山办公：证券事务代表辞职,Wind
2020-10-26,金山办公(688111.SH)：前三季净利升191.22%至5.95亿元,格隆汇
2020-10-26,金山办公：前三季度实现净利润同比增长191.22%,Wind
2020-10-26,CNCC 2020 金山办公黄志军：后疫情时代在线办公用户需求多元化,砍柴网
2020-10-26,CNCC 2022 金山办公黄志军：后疫情时代在线办公用户需求多元化,砍柴网
2020-10-26,计算机行业周观点：数字货币时代加速到来,新浪
2020-10-19,计算机行业周报：信创进程将提速,渤海证券
2020-10-19,海外云相关行业简析之金山云：国内领先独立第三方云平台,新浪
2020-10-19,金山文档全新LOGO亮相 升级组件锻造高效协作工具箱,IT168
2020-10-18,国盛策略：“十四五”规划是阶段性主线,尧望后势
2020-10-16,金山办公助力张家口宣化区教育信息化发展,中国网
2020-10-16,数据宝：白马股闪崩频现 游资继续追逐利好驱动个股 连续下跌,新浪
2020-10-12,计算机行业周报：数字货币、自动驾驶等出现积极信号 市场风险偏好回升,新浪
2020-10-10,计算机行业动态分析：计算机板块三季报业绩前瞻,新浪
2020-10-09,【兴证计算机】2021年投资策略：以静制动，聚焦计算机强规模效应龙头,兴业计算机团队
2020-10-09,深度*行业*2020年10月计算机行业观点：调整加速到位 政策东风将至,新浪
2020-10-09,10月观点 | 调整加速到位，政策东风将至,一计之长
2020-10-01,市值增长超240%，科创板三季度榜单全面揭晓,Wind
2020-09-30,港股收盘：恒指收涨约1% 中广核新能源大跌26% 中国恒大收涨超16%,英为财情
2020-09-30,金山办公(688111.SH)收购数科网维股权款项已全部支付,智通财经
2020-09-30,金山办公(688111.SH)：数科网维已纳入公司合并报表范围,格隆汇
2020-09-30,金山办公签约清华大学 未来三年清华将全校部署金山产品及服务,中证网
2020-09-30,金山办公与清华大学签约 携手共建智慧校园办公生态,砍柴网
2020-09-29,"金山文档秋季发布会：从在线文档到""协作套件""",砍柴网
2020-09-29,金山办公合作伙伴辽宁交流会，宣发办公新技术,砍柴网
2020-09-28,金山办公宣布金山文档成为第31届大运会办公软件类官方独家供应商,36氪
2020-09-27,计算机行业周报：华为全联接大会发布智能体 加速云计算落地,华安证券
2020-09-27,计算机行业周报：从蚂蚁外滩大会看FINTECH“云库链智”趋势,新浪
2020-09-27,计算机行业研究-华为全联接大会：绝处逢生 合纵连横,新浪
2020-09-26,“巨无霸”接连登陆A股，千亿市值公司增至108家,Wind
2020-09-25,核心公募基金公司持仓分析,新浪
2020-09-25,WPS稻壳儿发布《PPT质造手册》 打造办公素材内容行业最优解决方案,砍柴网
2020-09-25,数据宝：三大指数高开低走 军工板块逆市走强,新浪
2020-09-24,对话金山办公董事长葛珂：股价一直涨曾“心里慌” 与冬奥会合作是国产软件机遇,每日经济新闻
2020-09-24,"金山办公现1笔大宗交易 共成交2,711.50万元",新浪
2020-09-24,金山办公今日大宗交易成交8.50万股，成交价319.0元溢价0.0%,Wind
2020-09-22,首批科创50ETF火了，券商狂推，朋友圈刷屏,中国基金报
2020-09-22,国资委颁布国企数字化新通知 金山WPS为智慧办公做乘法,砍柴网
2020-09-22,计算机行业周报：二季度云市场延续强劲增长 看好重点细分领域,新浪
2020-09-21,【东兴计算机】金山办公（688111）：中期2000亿市值，中长期3000亿市值成长逻辑,王者计算机
2020-09-21,融资融券周报2020年第37周,新浪
2020-09-19,安信证券：阿里云进入2.0时代，有望开创全新云计算形态,证券时报网
2020-09-19,科技板块再度走强 三大新兴技术领域爆发在即,金融投资报
2020-09-18,软件与服务：群雄逐鹿：ADOBE、金山、福昕各领风骚,新浪
2020-09-18,金山办公收购数科网维，合计持有68.86%股权,证券时报网
2020-09-18,《FOF系列研究之三十八》：科创板ETF-科创板投资新风尚,新浪
2020-09-18,金山办公收购数科网维，国产办公龙头效应进一步放大,砍柴网
2020-09-17,数字中国建设峰会下月举行 机构：未来十年产业新增空间超4万亿丨牛熊眼,第一财经
2020-09-17,指数基金投资价值分析系列之五：华夏科创板50ETF将于9月22日发行,新浪
2020-09-15,金山办公(688111.SH)：数科网维完成工商变更登记 公司持有其68.86%股权,智通财经
2020-09-15,金山办公亮相华为开发者大会 收获多层级重要奖项,砍柴网
2020-09-15,基金周报：创业板回归理性 主板机会悄然来临（附基）,金融界
2020-09-15,计算机行业周报：鸿蒙OS2.0发布 智能网联汽车是重要落地场景,华安证券
2020-09-14,融资融券周报2020年第36周,新浪
2020-09-14,发生了什么？科创板突然大涨，增量资金要买？,中国基金报
2020-09-14,计算机行业周报：云计算市场回暖 关注高景气板块,国海证券
2020-09-14,科创板离你更近了，科创50ETF投资前景如何？,Wind
2020-09-12,科创板71家TMT公司半年报解密！芯片股爆发 中芯研发下血本,凤凰网
2020-09-12,股民沸腾！4只科创50ETF获批，抬轿的人要来了，这些个股最受益（附名单）,每日经济新闻
2020-09-11,"迎""十四五""政策利好 金山办公坚守国产办公软件阵地",砍柴网
2020-09-11,现代流通体系全面部署，金山办公WPS提供高效物流办公方案,砍柴网
2020-09-11,金山办公亮相华为开发者大会 构建未来办公新体验,砍柴网
2020-09-11,华为放大招！鸿蒙2.0，开源A股关联公司受益几何,中证报
2020-09-10,通信计算机行业中报总结：通信行业持续向好发展 计算机板块经营质量维持,新浪
2020-09-10,计算机行业动态报告：非零基式增长 SALESFORCE奠定全球SAAS标杆地位,新浪
2020-09-09,【兴证计算机】海外研究系列之办公软件 —— Microsoft Office,兴业计算机团队
2020-09-08,云计算专题报告：SaaS，计算机中的消费股,新浪
2020-09-08,转板科创板，今日上市—中国版“Adobe”福昕软件的“游子”之路【新三板的人和事系列专题（七十八）】,新三板智库
2020-09-08,软件产业再迎重磅利好！金山办公受国产化和云化共同驱动,砍柴网
2020-09-08,市值169亿 亚马逊曾为二股东 这家靠PDF撑起的小公司登陆科创板,投中网
2020-09-08,葛珂：市场已彻底形成 2020年成在线办公行业元年,中新网
2020-09-07,融资融券周报2020年第35周(8月31日至9月4日),新浪
2020-09-07,2020年计算机行业中报总结：业绩情绪阶段性底部 Q2恢复明显前景可期,新浪
2020-09-07,计算机行业工业软件深度报告(一)：乘软件研发之风 铸工业智造之魂,华安证券
2020-09-07,致远互联受邀出席金山办公开发者大会 加速发力信创办公生态,砍柴网
2020-09-07,创业板今日走势极度分化，低价股狂欢高价股大跌,Wind
2020-09-07,SAAS行业估值框架再谈：海外20倍PS以上的SAAS公司都有哪些特点？,新浪
2020-09-07,软件产业利好叠加事件驱动 能否接棒半导体大旗？,科创板日报
2020-09-06,下周操盘攻略：美股会崩盘吗？对A股影响如何？,Wind
2020-09-04,双循环格局下解析金山办公的信创变革战略,砍柴网
2020-09-04,A股中报季900只超预期个股名单,锦缎
2020-09-03,计算机行业20年中报总结：盈利指标逐季改善 多数主线未来预期向好,新浪
2020-09-02,养老金账户持有科创板股全名单,证券时报
2020-09-02,中石油集团：服务和研发能力成国产软件“杀手锏”,砍柴网
2020-09-02,公募基金持股集中度大幅提升,Wind
2020-09-01,2020金山开发者大会：“在线预览”助政企办公智能化,砍柴网
2020-09-01,科创板成绩单！24家公司净利润增长超1倍 基金持股从首季平均7.09％提升至11.70％,中证报
2020-09-01,【华西计算机】中报总结报告：费用刚性利润短期承压，季节性特征看好下半年 盈利能力下降,科技晶选
2020-09-01,科创板上半年成绩单来了！六成营利双增 这家公司基金持股高达51%,中证报
2020-09-01,计算机行业投资策略报告：费用刚性利润短期承压 季节性特征看好下半年,新浪
2020-09-01,科创板公司上半年净利124亿增长42%,Wind
2020-08-31,上交所：上半年科创板上市公司持股基金数量比一季度增长10倍,Wind
2020-08-31,A股中报出炉，5大主力资金重仓名单全披露,Wind
2020-08-31,2020金山办公开发者大会在渝召开：打造推动信创发展的内驱力,重庆商报
2020-08-30,科创板半年报盘点：有的创下百倍业绩奇迹，有的窟窿太大钱不够“烧”,砍柴网
2020-08-29,乘软件产业东风，国产办公软件龙头金山办公市值又得涨了,砍柴网
2020-08-29,华为鸿蒙2.0即将亮相，受益股名单曝光,Wind
2020-08-28,创业板16股涨停，一指标达开板以来历史新高,Wind
2020-08-27,【广发策略】科创50：御风而行—科创50指数投资策略,戴康的策略世界
2020-08-27,公募权益类基金仓位连升两月，8月调研聚焦五行业,Wind
2020-08-27,科创板话题：金山办公,科创板日报
2020-08-25,全球SAAS云计算系列报告26：SAAS公司股价驱动因素是什么？,新浪
2020-08-25,养老金最新持仓科创板股：重仓9股，5只新建仓,证券时报
2020-08-24,金山办公(688111)：业绩快速增长 电商SAAS业务发展潜力足,新浪
2020-08-24,福昕软件IPO：与金山软件官司败诉 业绩全靠海外收入 核心产品存漏洞 诉讼纠纷,电鳗快报
2020-08-24,【申港计算机】周观点：多地智能网联示范区重磅招标 行业发展确定性进一步验证-200823,猫猫王看计算机
2020-08-23,计算机行业周报：关注大数据产业的投资机会,新浪
2020-08-22,科创板主题公募直面创业板产品竞争,红周刊
2020-08-22,金山办公(688111)：业绩超预期 国产办公龙头加速成长,新浪
2020-08-22,基金掘金科创板 金山办公获青睐,金融投资报
2020-08-21,偏爱三大行业 机构持股科创板图谱曝光,大众证券报
2020-08-21,线上办公救了WPS？上半年营收增三成 当红利过去金山办公凭何增长,GPLP犀牛财经
2020-08-21,【东兴计算机】金山办公（688111）：订阅业务实现快速增长，战略布局OFD推动实现流版签一体化,王者计算机
2020-08-21,迎发展新势头 金山WPS成功献力江西政企“云上办公”,砍柴网
2020-08-21,金山办公夯实江西信创基底 锻造国产办公产业核心,砍柴网
2020-08-21,金山办公(688111)：利润维持高增速 战略布局OFD,新浪
2020-08-21,“国家队”掘金科创板，社保基金持有11家公司超1200万股,21世纪经济报道
2020-08-21,金山办公业绩连超预期但市场反应平淡：估值贵是核心,新浪
2020-08-21,零壹上市公司周报(8.17日-8.21日)：蚂蚁上市目标估值2250亿美元；持牌互联网险企遭遇“7年之痒”,零壹财经
2020-08-20,金山办公(688111)：上半年业绩表现靓丽 订阅业务实现快速成长,新浪
2020-08-20,金山办公(688111)：办公订阅业务高增长 公司业绩靓丽,西南证券
2020-08-20,机构持科创板股票仓位曝光：这两只股票成“宠儿”,21世纪经济报道
2020-08-20,金山办公半年净利3.57亿接近2019年全年 付费用户超1680万订阅收入增七成,长江商报
2020-08-20,科创板公司“赚钱本事”有长进 集成电路生物医药增势强劲,金融投资报
2020-08-20,晨会聚焦：工业软件腾飞 塑管龙头剖析,新浪
2020-08-20,【东北计算机安永平/邵珠印/赵伟博】金山办公（688111）中报点评：订阅业务高速增长，规模效应显现提升净利率,东北证券研究所
2020-08-20,【计算机-胡又文】金山办公：不惧疫情，大超预期,安信证券研究
2020-08-20,安信证券：金山办公不惧疫情 业绩大超预期,证券时报网
2020-08-20,雷军控制的金山办公，9亿收入3.6亿利润，能撑起1700亿市值？,搜狐
2020-08-19,金山办公(688111)：办公订阅业务高速发展 公司业绩超预期,新浪
2020-08-19,金山办公(688111)订阅业务高速增长 标准化加速利润释放,新浪
2020-08-19,金山软件上半年扭亏为盈，中期净利91.58亿元,资本邦
2020-08-19,聚焦|金山办公的上半年：订阅业务增长明显替代微软路上有“追兵”,科创板日报
2020-08-19,金山软件业绩超预期股价大涨11% 市值突破600亿港元,新浪
2020-08-19,港股异动︱金山软件(03888)涨超10% 上半年净利升143%至3.57亿元,智通财经
2020-08-19,金山办公(688111)：订阅业务超预期 流式到版式的边界扩张进一步巩固龙头地位,新浪
2020-08-19,金山办公(688111)2020年中报点评：云化办公兴起 龙头业绩高增,新浪
2020-08-19,金山办公(688111)：不惧疫情 大超预期,新浪
2020-08-19,【国信港股&海外】金山软件(03888)：费用率下降明显，游戏超预期,学恒的海外观察
2020-08-19,【面包财报】金山办公：2020年上半年归母净利润3.57亿元，同比增长143.3%,面包财经
2020-08-19,【财报智读】金山办公：2020年上半年归母净利润3.57亿元，同比增长143.3%,面包财经
2020-08-19,金山办公(688111)2020年中报点评：总月活持续增长 付费转化率上升明显,光大证券
2020-08-19,金山办公：下半年将继续加大信创产业的投入和布局,科创板日报
2020-08-19,CV晨读：京东申通陷“停用门”，字节跳动收购云平台团队,投中网
2020-08-19,东吴计算机点评【金山办公：订阅业务表现亮眼，拟收购数科网维深化布局OFD领域】,吴声计事
2020-08-19,A股早报2020年8月19日星期三,Wind
2020-08-19,智通港股早知道︱(8月19日) 风球影响开市 留意影视股资金吸纳,智通财经
2020-08-19,科创板早报|国内首份分布式数字身份技术白皮书亮相蓝思科技拟收购可成泰州工厂,科创板日报
2020-08-19,【民生计算机】金山办公(688111)20H1点评：净利润增速亮眼，个人订阅量持续提升,MS计算机
2020-08-19,主业稳舵科技扬帆 科创板公司上半年业绩乘风破浪,上证报
2020-08-19,金山办公公布半年报 上半年净利增加143.3%,新浪
2020-08-18,已澄清合并传闻，行业景气度上行，中国人寿将受益？,南都报
2020-08-18,8月19日上市公司重要公告集锦：天赐材料上半年净利同比增长516.88%,证券日报
2020-08-18,金山办公上半年净利大涨143.3% 付费用户达1681万人创新高,证券日报
2020-08-18,计算机行业2020年8月投资策略：信创产业蓄势待发 信息安全新赛道增长点十足,新浪
2020-08-18,金山办公上半年付费会员数达1681万 净利润同比增长143%,21世纪经济报道
2020-08-18,金山办公2019年净利润同比增长143% 主要产品月活跃用户达4.54亿,e公司
2020-08-18,金山办公上半年营收创新高 净利润大幅增长143%,证券时报
2020-08-18,金山软件(03888)：金山办公上半年净利润同比增加143.3%至3.57亿元,智通财经
2020-08-18,金山软件：附属公司拟收购北京数科网维技术37.5219%股权,Wind
2020-08-18,晚间重要公告2020年8月18日星期二,Wind
2020-08-18,减值拨备大幅减少金山软件(03888.HK)中期扭亏为盈至91.58亿元,格隆汇
2020-08-18,金山办公：1.5亿元收购数科网维37.52%股权,e公司
2020-08-18,业绩快报丨金山软件二季度净利润91.51亿元，营收同比增长49%至14.20亿元,36氪
2020-08-18,金山办公(688111.SH)拟收购数科网维37.5219%股权布局OFD领域,格隆汇
2020-08-18,金山办公：上半年净利3.57亿元同比增143%,格隆汇
2020-08-18,金山办公(688111.SH)：上半年净利升143.30%至3.57亿元,格隆汇
2020-08-18,金山办公：上半年净利润3.57亿元，同比增长143.3%,Wind
2020-08-17,20Q2计算机行业基金持仓分析——金融IT和云计算增持较多，自主可控回调,科创TMT靖观其变
2020-08-14,科创板50ETF现新进展，值不值得等？,Wind
2020-08-11,国务院“8号文”政策重大利好，“科创双雄”金山办公中芯国际看涨,砍柴网
2020-08-11,科技行业日报：国产操作系统走强 微软“断供中国”系谣言,新浪
2020-08-11,融资融券周报2020年第31周(8月3日至8月7日),新浪
2020-08-10,计算机周报：从ERP到BIP 看好用友中台战略下数智化转型,新浪
2020-08-07,布局广西新经济 金山WPS助力自治区政企“云上办公”,砍柴网
2020-08-07,科创50指数跌幅超3%，成分股多数走低，金山办公跌幅超5%,证券时报网
2020-08-06,高价股现分歧，普涨行情能否持续？,Wind
2020-08-06,科技行业日报：关注国产软件投资机会,新浪
2020-08-05,软件及服务：新时期促进集成电路和软件产业发展政策发布 关注长期利好效应,新浪
2020-08-05,计算机行业研究：新型举国体制推进 软件发展进入黄金时代,新浪
2020-08-05,新经济龙头纷至沓来，科创板迎来多赢局面,Wind
2020-08-04,科创牛：科创50成分权重如何？,新浪
2020-08-04,主动权益基金仓位新高，成长风格占比提升——2020年公募基金二季报分析,鲁明量化全视角
2020-08-03,融资融券周报2020年第30周,新浪
2020-08-03,安信证券：SaaS 计算机中的消费股,新浪
2020-08-02,国盛策略：8月科创板将成主战场,Wind
2020-08-02,金山办公：A股云计算第一股的成长性还有几何？,格隆汇
2020-07-31,金山办公携手央企电商联盟 提供智慧安全办公解决方案,砍柴网
2020-07-31,搭乘WPS+ 西北政企迈进“云上办公”时代,科技日报
2020-07-31,国产办公软件生态建设迈新步,经济日报
2020-07-30,科创牛：当前机构科创板配置如何？,新浪
2020-07-30,金山办公助力酒钢集团书写办公数字化转型“新故事”,砍柴网
2020-07-30,丝绸之路上的数字化标杆：金山办公助力酒钢集团办公效率提升40%以上,砍柴网
2020-07-30,云原生：定义软件产业未来十年,新浪
2020-07-29,金山办公现1笔大宗交易 共成交496.99万元,新浪
2020-07-29,金山办公今日大宗交易成交1.30万股，成交价382.3元溢价0.0%,Wind
2020-07-29,科创板系列研究(二十)：中概股加速回归 寻找科创50的“FAANG”,新浪
2020-07-28,【安信计算机】云计算重磅深度：SaaS，计算机中的消费股,计算机司令部
2020-07-28,计算机行业周报：数据库国产化的七大核心问题聚焦,新浪
2020-07-28,金山办公战略投资，创客贴完成近千万美元A+轮融资,资本邦
2020-07-28,36氪首发｜在线设计平台「创客贴」获近千万美元A+轮融资，由金山办公战略投资,36氪
2020-07-27,科创50指数：布局优质赛道 构建多元估值,国金证券股份有限公司
2020-07-27,计算机周报：关注景气度和确定性 蚂蚁上市带动产业链,新浪
2020-07-27,计算机行业周报：2020Q2业绩预告与公募基金持仓分析(推荐),国海证券
2020-07-26,计算机行业基金二季度持仓分析：计算机板块持仓比重维持高位 集中度进一步提升,新浪
2020-07-26,计算机行业研究周报：不确定性下积极向内需IT靠拢,新浪
2020-07-26,跟投科创板一周年！券商大赚135亿,中国基金报
2020-07-25,在线设计协作平台“创客贴”获近千万美元A+轮融资，助力企业数字化品牌与内容管理,猎云网
2020-07-25,科创板“造富”神话：7位百亿富豪 总身家超1600亿!“95后”小鲜肉也上榜,全景网
2020-07-24,二次探底？强势股领跌释放风险“蛮牛变慢牛”,Wind
2020-07-24,金山办公章庆元：信创应用，要靠市场和广大用户自发的选择,砍柴网
2020-07-24,51只科创主题基金二季报亮相，重仓17只科创板个股,Wind
2020-07-23,二季度基金重仓科创板股名单：12股持有比例超一成,证券时报
2020-07-23,深度*行业*计算机2020年中期策略：寻找A股科技的恒牙(FANG),新浪
2020-07-23,科创50指数翻红，金山办公、中微公司均涨超1%,Wind
2020-07-23,【兴证计算机】2020Q2持仓分析：超配1.97%，环比Q1上升0.03个百分点,兴业计算机团队
2020-07-22,科创50来了最高涨幅70%！4只ETF已上报，每天涨跌可达20%,中国基金报
2020-07-22,科创板一周年：总市值27929亿元，营收突破1200亿,Wind
2020-07-22,科创板火爆！公募基金持有市值达230亿元，233只基金扎堆一只票，二季报重仓股曝光（附名单）,每日经济新闻
2020-07-22,科创板：科创板将迎开板一周年 多方因素助推流动性提升,新浪
2020-07-22,公募基金A股二季报出炉，17张图纵览持仓变化,Wind
2020-07-22,猛！百亿爆款基金仓位88% 今年成立爆款最高收益38%,中证报
2020-07-22,揭秘科创板牛股基因,XYSTRATEGY
2020-07-22,基金第二大重仓股竟是它，碾压五粮液，仅次于茅台！,中国基金报
2020-07-22,《科创板白皮书2020》正式发布,上证报
2020-07-22,【科创板一周年】数说科创板上市企业TOP10：中芯国际研发投入最多 财富趋势营业利润率最高,新华网
2020-07-22,不同的经历，相同的“硬核” 它们站上了科创板舞台,上证报
2020-07-22,41家券商同享科创板盛筵，平均每家跟投浮盈超3.6亿元,Wind
2020-07-22,创市纪｜科创板之最：股价最多已涨10倍，六公司市值超千亿,澎湃新闻
2020-07-22,科创板周岁 科创主题基金收益颇丰,金融投资报
2020-07-21,城市|科创板之地理分布：长三角地区“三高” 上海集苏、京、粤产业之所长,科创板日报
2020-07-21,科创板一周岁 3只科创主题基金净值翻倍,金融投资报
2020-07-21,计算机行业中期策略报告：云计算领涨 Q3关注信创,新浪
2020-07-21,科创板开市一周年，科创能力哪家强？这个榜单“正面刚”！,每日经济新闻
2020-07-21,2020年计算机行业中期投资策略：使命召唤 紧握新基建与信创主旋律,新浪
2020-07-21,知名基金经理二季度普遍加仓，布局消费与科技,Wind
2020-07-21,科创主题基金都淘了哪些“宝”？,Wind
2020-07-20,全市场科技产业策略报告第七十二期：金山办公打头阵 科创板云计算产业链公司再梳理,新浪
2020-07-20,百胜中国成为北京2022年冬奥会和冬残奥会官方餐饮服务赞助商,Wind
2020-07-20,1900亿元！崛起的不止小米手机，还有雷军手里的这一王牌,搜狐
2020-07-20,科创板千亿市值公司不断扩充 中芯国际、金山办公等6家超过千亿市值,资本邦
2020-07-20,本周2500亿巨额解禁来袭！A股会受多大影响？,21世纪经济报道
2020-07-20,布局科技创新及产业升级两大主线，16只科创主题基金收益率超50%,Wind
2020-07-19,最牛暴赚100%！科创板开板一年来，公募基金改变太大了,Wind
2020-07-19,国盛证券：调整机会是稀缺的，胜利属于乐观者,Wind
2020-07-18,A股“千亿俱乐部”，北京、广东各晋9家占鳌头,Wind
2020-07-18,科创板IPO一周年，130家企业累计募资逾2000亿元,Wind
2020-07-17,计算机行业：重申计算机领军推荐 及对非领军的观望！,新浪
2020-07-17,计算机行业动态报告：超越ORACLE SALESFORCE 宣告SAAS 模式的胜利！,新浪
2020-07-16,科创板两千亿解禁市值压顶，业界称影响“有惊无险” 解禁,Wind
2020-07-15,科创牛：中芯上市 龙头归位,新浪
2020-07-15,超级重磅！首批科创板50ETF正式上报,中国基金报
2020-07-15,好租五周年：大数据驱动 频频助力科技独角兽选址,砍柴网
2020-07-14,信创和半导体国产化对比分析：大时代下的投资机遇和挑战,新浪
2020-07-13,科技行业日报：英特尔至强第三代可扩展系列处理器正式上市,新浪
2020-07-13,信创领域互认证盘点：头部企业金山办公打通174项产品互认,中华网
2020-07-13,拓尔思：募投“大兴土木”必要性不足,证券市场周刊
2020-07-13,金山办公落地上海,科创板日报
2020-07-12,计算机行业周报：掘金银行IT戴氏双击,新浪
2020-07-11,金山WPS本地化服务上海政企 护航国企数据资产安全,砍柴网
2020-07-10,金山办公(688111)：金山发布“公文模式” 国产办公迈出重要一步,新浪
2020-07-10,福昕软件IPO：研发占比逊同行 小而美能否持续高增长？,新浪
2020-07-10,【东吴计算机周报】: IDC发布关系型数据库市场报告，数据库市场保持快速增长,吴声计事
2020-07-09,WPS32年，用游戏「养」的办公应用做出了更多「新花样」,爱范儿
2020-07-09,金山办公现1笔大宗交易 共成交269.57万元,新浪
2020-07-09,金山办公今日大宗交易成交0.69万股，成交价390.68元溢价0.0%,Wind
2020-07-09,金山办公的信创实践：“数字广东”办文效率提升40%以上,砍柴网
2020-07-09,金山办公的信创实践：助力“数字广东”每年节省10吨办公纸,IT168
2020-07-08,计算机行业动态报告：华为开源高斯数据库 信创加速打造中国标准,新浪
2020-07-08,金山办公发布全球首个办公软件“公文模式”,中国经济网
2020-07-08,睿财看市场：数据宝,新浪
2020-07-08,电报|金山办公：上线“公文模式”,科创板日报
2020-07-08,WPS+云办公入选36氪「WISE2020企服金榜」，一站式满足企业办公需求,砍柴网
2020-07-07,科技行业日报：信创产业实施进展加速 订单有望放量,新浪
2020-07-06,计算机周报：市场情绪快速转暖 持续看好金融IT景气度提升,新浪
2020-07-05,计算机行业动态分析：计算机板块中报前瞻,新浪
2020-07-04,京东数科闯关科创板 或成“技术服务”新战略基石,中国经营报
2020-07-03,与时间赛跑 信创办公开启安全“快进键”,中国经济网
2020-07-03,孚能科技IPO战略配售引入5家战投数量仅次于中国通号和金山办公,科创板日报
2020-07-02,科创板一哥要来？京东数科启动IPO，刘强东在下什么棋,券商中国
2020-07-02,2020下半年AI行业投资策略：AI技术“平民化”后的应用红利期,新浪
2020-07-01,计算机行业2020年下半年投资策略：看好行业发展 关注景气细分,光大证券
2020-07-01,【行情】国产软件公司午后集体下挫，浪潮信息触及跌停，金山办公、石基信息等跌4%，中科曙光跌3%，用友网络等涨幅回落 连续下跌,金十数据
2020-07-01,用友网络(600588)点评：首提千亿营收目标,新浪
2020-07-01,金山办公(688111)：C端增长有韧性；信创业务进入兑现期；最新目标市值1 718亿元,新浪
2020-06-30,WPS称雄国产办公软件市场，金山办公上半年“用实力说话”,砍柴网
2020-06-30,芯片产业链暴涨，外资重金杀入！看活跃资金重点加仓股,证券时报网
2020-06-30,金山办公 | 信创与云加速办公软件龙头成长,一计之长
2020-06-30,金山办公成为2022冬奥会供应商 股价涨至325.5元 较发行价涨了7倍余,金融界
2020-06-30,金山办公成为北京2022年冬奥会官方协同办公软件供应商,凤凰网
2020-06-30,北京冬奥组委签约金山办公、歌华有线等四家官方供应商,Wind
2020-06-30,北京冬奥组委签约金山办公、歌华有线等四家官方供应商,北京日报
2020-06-29,信创行业：将迎来订单加速落地阶段 龙头公司行业地位有望进一步验证,新浪
2020-06-29,金山办公出席第四届世界智能大会，云签约落户天津,砍柴网
2020-06-29,计算机应用行业周报：风险偏好上行有望带动二线品种,新浪
2020-06-29,计算机行业2020年中期投资策略：科技创新周期开启 关注高景气行业,国海证券
2020-06-28,【国君策略】结构行情：哪些公司将进入机构“瞄准镜”？,Wind
2020-06-28,计算机行业2020年中期策略：龙头公司引领产业周期继续向上 市场环境变化助推计算机行业发力,广发证券
2020-06-27,金山软件概况,富途证券
2020-06-27,"瑞幸退市！将于29日停牌；马云孙正义互退董事会，不存在任何分歧；小米拟回购不超过公司10%的股份，涉资305亿港元|科技股周报
重大事项停牌",创业邦
2020-06-26,金山软件(03888.HK)：老兵不老，三驾马车齐力前行，维持“买入”评级，目标价36港元,兴业证券
2020-06-25,一周研读｜估值为基，整体均衡，结构抱团,中信证券研究
2020-06-24,科创板一周年“成绩单”：沪硅产业股价大涨753.74%，金山办公市值直逼1500亿,华夏时报
2020-06-24,金山办公上市7个月涨6.4倍，最新市值1477亿元,零壹财经
2020-06-24,金山办公上市7个月疯涨6.4倍 市值近1500亿,DoNews
2020-06-24,金山办公上市7个月涨6.4倍，股价再攀新高,36氪
2020-06-24,联合国教科文用中国办公软件建“智慧教室”,科技日报
2020-06-24,金山办公(688111.SH)连续5日上涨创历史新高 年内股价已翻倍,格隆汇
2020-06-23,金山办公直线拉升现涨近10%，带动云办公概念板块尾盘走俏,Wind
2020-06-23,计算机应用行业：资本市场制度创新不断得到验证 实体清单影响从硬件扩展到软件层面,新浪
2020-06-23,392元/股！中信证券喊出金山办公最高目标价，瞄准科创板第一高价股,21世纪经济报道
2020-06-23,中信证券：维持金山办公“买入”评级，给予目标价392元,Wind
2020-06-23,金山办公（688111）：云文档构筑用户闭环,中信证券研究
2020-06-22,民生计算机周报：政策催化利好金融IT BAT加码提升新基建景气度,新浪
2020-06-22,金山办公与广西大数据发展局签订战略合作协议,TechWeb
2020-06-22,兴证张忆东：风格再平衡，“硬科技”吸引力提升,张忆东策略世界
2020-06-22,港股盘前必读：中芯国际科创板首发过会,Wind
2020-06-21,科创50成份股扫描：总市值过万亿 平均净利2.75亿元,北京商报
2020-06-21,上证综指编制方法改革释放了哪些积极信号？“科创50”也来了！,证券日报
2020-06-21,【兴证计算机】中报前瞻：云计算有望成板块核心亮点,兴业计算机团队
2020-06-19,上证科创板50指数成分股总市值突破万亿,Wind
2020-06-19,科创板50指数来了！这些股票入选,Wind
2020-06-19,上交所：7月23日正式发布“科创50”指数实时行情,Wind
2020-06-19,掘金科创板：拉萨顺盈错失千倍收益 谁是科创板VC/PE赢家,投资者网
2020-06-18,【华西计算机】行业动态报告｜云计算：非零基式增长，Salesforce奠定全球SaaS标杆地位,科技晶选
2020-06-18,云计算专题(1)：产业-财务-估值,新浪
2020-06-18,【东吴计算机周报】: 资本市场制度创新不断得到验证，实体清单影响从硬件扩展到软件层面,吴声计事
2020-06-18,“数读”科创板：这些亮点帮你看懂科创板一周年,新华网
2020-06-18,科创板一周年“成绩单”,21世纪经济报道
2020-06-17,用友网络(600588)：新一轮股权激励完成授予 全面贯彻“云优先”目标,新浪
2020-06-17,YEF2020大会：保障安全的信创产业要走WPS市场驱动的路,砍柴网
2020-06-16,科创板开板一周年：硕世生物领涨，单签打新盈利最高12万,时代在线
2020-06-16,逾半数科创板公司股价翻倍,Wind
2020-06-15,智库深度报告：信创重塑中国IT，金山办公助芯铸魂,IT时代网
2020-06-15,福昕软件净利增速为营收5倍诉讼未了 4年19起税务处罚 诉讼纠纷,中国经济网
2020-06-13,科创板开板一周年，51家TMT公司成功上市-科创板系列报告【安信诸海滨团队】,诸海滨科新先声
2020-06-13,来了！科创板首单发行CDR的公司过会 红筹回归科创板加速,中证报
2020-06-13,上市公司掀拆分热潮 促进企业融资还是为了“一夜暴富”,投资者网
2020-06-11,金山文档不是WPS 2年2亿用户，金山办公旗下最低调鲶鱼入海,砍柴网
2020-06-10,科创板这一年： 标的股扩容三倍 3股市值破千亿,北京商报
2020-06-10,金山办公在上海成立新公司,e公司
2020-06-09,计算机行业周报：中报行情呈现云计算龙头强者恒强 IAAS云影射全行业发展逻辑,新浪
2020-06-08,金山办公(688111.SH)：选举邹涛为公司副董事长,格隆汇
2020-06-08,计算机应用行业：农行招标凸显产业对鲲鹏生态继续乐观 新三板转板机制带动证券IT增量,新浪
2020-06-08,科技板块下半年投资策略：数字化加速，新基建助力,Wind
2020-06-04,计算机行业：透视运营商服务器集采 我们发现了什么？,新浪
2020-06-03,金山办公现1笔大宗交易 共成交451.72万元,新浪
2020-06-03,金山办公今日大宗交易成交1.66万股，成交价272.12元溢价0.0%,Wind
2020-06-03,“雷布斯”A股再落一子，科技巨头青睐哪些股？,Wind
2020-06-03,雷军又出手！看上这家创业板，直接“举牌”，立马涨停,中国基金报
2020-06-03,【东兴计算机】金山云(KC.O) : All in 云服务，赋能企业构建产业新生态,王者计算机
2020-06-02,计算机行业2020年中期投资策略：寻找成长的“常青藤”,新浪
2020-06-02,计算机行业周报：二季度哪些子行业景气度边际改善？,新浪
2020-06-02,云业务剥离 32岁金山软件再整装,时代在线
2020-06-01,计算机周报：科技巨头千亿加码新基建 持续关注相关进展落地,新浪
2020-06-01,运行平稳样本丰富，科创板指数应尽快推出,证券时报
2020-05-31,5月83股创历史新高，还有16股年内翻倍，这两大行业成牛股集中营,Wind
2020-05-29,计算机行业“构筑中国科技基石”系列报告：移动服务器开标 信创行业化加速,新浪
2020-05-29,金山软件(03888.HK)：公司成功扭亏为盈，疫情加速在线办公发展，维持“买入”评级,格隆汇
2020-05-29,东兴证券2020年6月十大金股,东兴研究圈
2020-05-28,Q1靠云计算出表扭亏，金山软件(03888)路在何方?,智通财经
2020-05-28,珠海竞逐“新基建”风口：涉及数据中心、充电桩,南方日报
2020-05-28,金山软件：一季度扭亏为盈，疫情的流量“风口”还能吹多久？,财华社
2020-05-28,金山软件(03888)：金山云上市，办公业务受益疫情,学恒的海外观察
2020-05-28,全国人大代表雷军：物联网赋能 灾害预警体系建设大有可为,上证报
2020-05-27,"金山办公现1笔大宗交易 共成交4,988.75万元",新浪
2020-05-27,金山办公实施2019年分红方案，共派现金1.383亿元,资本邦
2020-05-27,金山办公每股派0.3元，共计派发现金红利1.38亿元,资本邦
2020-05-26,助力新基建，WPS+发布首套“云办公”电商行业解决方案,联商网
2020-05-26,计算机行业：华为云崛起将带动中国计算产业跨越式发展,新浪
2020-05-26,金山办公(688111.SH)2019年度权益分派10派3元 股权登记日为6月1日,格隆汇
2020-05-26,各项业务增长强劲金山软件(03888.HK)实现一季度扭亏为盈,格隆汇
2020-05-25,"金山办公现1笔大宗交易 共成交1,000.61万元",新浪
2020-05-25,民生计算机周报：政策重点再明确 坚定看好新基建+信创+医疗IT,新浪
2020-05-25,计算机行业周报：为何拉锯调整？ALPHA机会更大！,新浪
2020-05-22,"金山办公现1笔大宗交易 共成交1,201.29万元",新浪
2020-05-22,计算机行业周报：华为事件升级 信创有望加速 车联网或成华为新增量,华安证券
2020-05-22,养老金大举增持成长股 紫晶存储“唯一”选择,巨丰财经
2020-05-21,用友网络(600588)：新一轮股权激励推出 全面关注云服务高增长 贯彻“云优先”目标,新浪
2020-05-20,【东兴计算机】易华录（300212）：现金流首度转正，以数据湖为核心开拓业务布局,王者计算机
2020-05-20,"金山办公现2笔大宗交易 共成交1,004.30万元",新浪
2020-05-19,美对华为管制升级 机构：建议继续关注计算机板块,中国财富网
2020-05-19,工具型软件行业深度报告：价值从何处来 转型该何处去,新浪
2020-05-19,信息技术行业-追本溯源之：会计准则变更对计算机行业影响,新浪
2020-05-19,计算机行业：芯片管控再升级 华为鲲鹏如何破局？,新浪
2020-05-19,资金汇集白马股，A股千亿市值军团扩至近百家,Wind
2020-05-19,34家券商跟投科创板实现浮盈超64亿元，加码布局另类子公司,Wind
2020-05-18,金山办公现2笔大宗交易 共成交402.04万元,新浪
2020-05-18,金山办公荣获信创“先锋企业”称号,IT时代网
2020-05-18,A股千亿市值扩容至近百家，牛股这些特征你看清了吗？,上证报
2020-05-17,警惕！网下打新收益率近500%，金山办公200多位股东下周解禁！一口罩概念股解禁超100亿元！ 解禁,每日经济新闻
2020-05-15,下周685亿市值限售股解禁，环比增加79.44% 解禁,Wind
2020-05-15,102份基金“科创偏好”清单，金山办公获223家青睐,Wind
2020-05-15,4只主投科创板基金呼之欲出，将长线布局科创板优质企业,Wind
2020-05-15,102份基金“科创偏好”清单 金山办公获223家青睐 热景生物、成都先导等门庭清冷,21世纪经济报道
2020-05-15,"""纯正""科创板基金来了，首批4只产品上报，与科创主题基金有何区别？",券商中国
2020-05-15,第一批科创主题3年封闭基金平均回报31.85%,券商中国
2020-05-14,信息技术行业深度报告：鲲鹏展翅拐点已现 重塑国产IT软硬件价值体系,新浪
2020-05-14,上市仅半年，金山办公跻身福布斯全球企业2000强,IT时代网
2020-05-14,4只产品昨日申报！公募基金将成为投资科创板的重要力量,Wind
2020-05-13,超重磅！真正的科创板基金来了,中国基金报
2020-05-13,金山云5月8日在美国纳斯达克上市，成为小米集团、金山软件、金山办公后，雷军实控的第四家上市公司。,中国金融信息网
2020-05-12,【太平洋计算机王文龙团队】计算机行业：2019年成长稳健，运营得当；2020Q1疫情影响显著,蚊子搞科研
2020-05-12,经开区信创产业高位启航,北京商报
2020-05-12,【读财报】百家争鸣“含科量” 科创板里哪家强？,新华网
2020-05-12,百家争鸣“含科量”科创板里哪家强？,面包财经
2020-05-11,科创板2019年年报整体扫描，成绩如何？,钛媒体
2020-05-11,雷军金山十年总结：全面转型移动互联网 all-in-cloud,金融界
2020-05-11,A股异动丨金山办公(688111.SH)跌逾5% 405.78万股首发限售股18日解禁 解禁,格隆汇
2020-05-11,金山云和金山软件均成功上市 雷军揭秘背后原因,TechWeb
2020-05-11,港股盘前必读：金山云上涨40.24%报23.84美元市值达47.74亿美元,Wind
2020-05-09,雷军“赌”来第四家上市公司 金山云能赢得淘汰赛吗？,新浪
2020-05-09,送出几块金砖换来中国第9大富豪，雷军1天身家暴涨65亿靠什么？,搜狐
2020-05-09,47.74亿美元！中概股危机下，雷军逆势收获第4个嫡系IPO！,投资家
2020-05-09,金山云赴美IPO 首日股价大涨40% 雷军身家1天内增百亿,网易
2020-05-09,雷军第4家上市公司诞生！金山云完成“罕见”IPO，登陆纳斯达克，募集资金5.1亿美金,I黑马
2020-05-09,IPO收割机！雷军坐拥四家上市公司，身家1天增百亿,网易
2020-05-09,雷军坐拥4家上市公司:金山云首日涨40% 市值超300亿,新浪
2020-05-09,雷军第4家上市公司诞生！金山云登陆纳斯达克 募资36.1亿元,雷锋网
2020-05-09,雷军旗下金山云上市首日涨逾22%,Wind
2020-05-08,金山办公(688111.SH)：405.78万股首发限售股18日解禁 解禁,格隆汇
2020-05-08,金山办公：405万股限售股5月18日上市流通 解禁,Wind
2020-05-08,科创板TMT：Q1财报分析，Q2有望更快复苏｜英博前瞻,英博前瞻
2020-05-08,中信证券：科创板TMT板块Q2有望更快复苏 短期关注解禁压力,金融界
2020-05-08,科技｜Q2有望更快复苏，短期关注解禁压力：科创板TMT板块2020Q1财报分析,中信证券研究
2020-05-07,A股“嗨了”！央行放出超级大招！,中国基金报
2020-05-07,新经济发荣滋长 科创板公司初露锋芒,上证报
2020-05-05,超级牛散重金布局了哪些科创板股票？,上证报
2020-05-05,【山证计算机】金山办公（688111.SH）：业绩保持高速增长，订阅服务表现亮眼,山西证券研究所
2020-05-04,金山云据悉将最快在周一启动美国IPO,Wind
2020-05-02,科创板股票成十大重仓点缀 科创主题公募摘掉爆款标签,红周刊
2020-04-30,科创板283天答卷：上市公司数量迈入三位数时代 融资超千亿元,金融界
2020-04-30,TMT板块公募持仓2020Q1：整体提升，结构分化｜英博前瞻,英博前瞻
2020-04-30,东吴计算机点评【金山办公：MAU稳步增长，规模化效应显现 】,吴声计事
2020-04-30,科创板收评 | 95只个股上涨，沪硅产业和聚辰股份涨停,第一财经
2020-04-30,上交所：科创板公司年报全部披露，亮点纷呈,Wind
2020-04-30,科创板上市满百家，8张图看清市场动态,Wind
2020-04-30,【东北计算机安永平/邵珠印等】金山办公（688111）一季报点评：净利润翻倍增长，经营现金流净额亮眼,东北证券研究所
2020-04-30,增逾两成 2920家公司去年研发费用6459亿元,中证报
2020-04-30,QFII一季度青睐白马股，重仓银行医药电子,Wind
2020-04-30,社保买入医药农业新零售股相中科创板两软件和通信巨头,证券时报
2020-04-29,“科创100”：献给中国资本市场的而立之礼,中证网
2020-04-29,0到100，科创板改革引领示范跃然而立,21世纪经济报道
2020-04-29,巨·研究|三条主线关注计算机行业 5股基金增仓比例超五成,巨丰财经
2020-04-29,金山办公一季度营收3.72亿元,北京商报
2020-04-29,港股盘前必读：据悉美团将在2020年加大对共享电动车的投入,Wind
2020-04-29,科创板迎来第100家上市企业，近两成公司研发投入占比20%以上,Wind
2020-04-29,金山办公(688111.SH)一季度净利润升130.87%至1.1亿元,格隆汇
2020-04-29,金山办公：一季度净利润同比增长130.87%,Wind
2020-04-28,【东兴计算机】金山办公（688111）：专注产品，将迎“在线办公”转化率提升红利 ——“科技茅台”系列报告之一,东兴研究圈
2020-04-28,24只科创主题基金一季报亮相，重仓百只个股市值超90亿元,Wind
2020-04-27,基金持仓出炉，科创板配置如何？——科创板周监控第11期,尧望后势
2020-04-25,云办公肯定是中长期的大趋势 访金山办公CEO章庆元,中国经营报
2020-04-24,金山办公荣获“补天奖”,中国电子报
2020-04-24,一文看清公募2020年首季度调仓路线图,Wind
2020-04-23,【兴证计算机】2020Q1持仓分析：超配1.94%，环比提升1.88pct,兴业计算机团队
2020-04-23,华泰证券：基金抱团内需高景气 板块内部分化,金融界
2020-04-23,一季度基金持仓结构分析：公募增外资减，医药受青睐,李迅雷金融与投资
2020-04-22,科创板百元股达13只，石头科技股价最高,证券时报网
2020-04-22,美股动荡、瑞幸造假阴影下赴美上市，金山云为何如此着急？ 欺诈造假,创业邦
2020-04-22,金山云拟赴美IPO：资本市场会作何反应？,中金在线
2020-04-21,13只科创板股股票跻身百元股阵营,证券时报网
2020-04-21,金山办公业绩说明会：疫情发生后金山文档月活用户激增近9倍,澎湃新闻
2020-04-21,金山办公未来3至5年“三箭齐发”,中证报
2020-04-21,金山云冲刺美股IPO 营收大幅增长背后的这些数据令人担忧,中新经纬
2020-04-20,金山办公旗下金山文档产品升级 从文档协作到工作协作,新浪
2020-04-20,科创板高价股排行榜,证券时报网
2020-04-20,金山系排队上市，“IPO收割机”雷军成最大赢家？,云掌财经
2020-04-20,金山办公董事长葛珂：考虑通过投资并购加速战略执行 已有项目上投委会,中证网
2020-04-20,金山办公：2020年公司产品规划会有更新升级,金融界
2020-04-20,金山办公：云办公逐渐增长的趋势不会改变,e公司
2020-04-20,金山办公：在未来协同办公领域将整合多种服务、发力多端协同,证券时报网
2020-04-20,金山办公：会考虑一些围绕办公文档处理、文档创作领域上下游的项目投资,e公司
2020-04-20,金山办公：WPS海外月活总量已经突破一个亿,e公司
2020-04-20,雷军旗下金山云递拟赴美IPO 小米持股15.8%,资本邦
2020-04-20,[直播]金山办公2019年度业绩说明会,证券时报网
2020-04-20,次新股业绩“变脸秀” 盈利能力下降,国际金融报
2020-04-20,机构掘金科创板 持有9家公司超1000万股,中国基金报
2020-04-17,雷军实控的第四家上市公司！金山云在美提交IPO申请：去年亏损11亿，雷军持股15.8% 亏损,21世纪经济报道
2020-04-17,科创板：97家公司披露年报，超7成净利增长，药企成长能力突出,资本邦
2020-04-17,我国软件业进入生态能力成长阶段,中国电子报
2020-04-16,次新股成绩秀：18只股票符合巴菲特选股标准！值得抄底？看完文章再决定,腾讯网
2020-04-16,社保组合新进80家公司，养老金现身47股，26股获两大机构同时加持,证券时报
2020-04-16,社保、养老金掘金科创板金山办公博瑞医药等受青睐,证券时报
2020-04-15,史上首份科创板一季报将出 金山办公等获社保、险资青睐,红周刊
2020-04-15,受惠国产替代 软件付费领域可重点关注,证券之星
2020-04-15,科创板机构持仓曝光：金山办公同时获得三类资金重仓买入,零壹财经
2020-04-15,金山办公前景看好：高筑技术研发壁垒，远程办公持续加持,新浪
2020-04-15,一签或赚10万的机会，就在今天,中证报
2020-04-15,科创板机构持仓曝光 三类资金相中金山办公,上证报
2020-04-14,金山办公上市后交出首份答卷，三大隐忧使其前景堪忧,Ofweek
2020-04-13,金山办公现1笔大宗交易 共成交206.08万元,新浪
2020-04-13,金山办公今日大宗交易成交0.94万股，成交价219.4元溢价0.0%,Wind
2020-04-13,科创板百元股达12只，石头科技股价最高,证券时报网
2020-04-13,科创板20上市公司已披露2019年年报 一文透视新冠疫情影响几何,全景网
2020-04-12,发改委推“上云用数赋智”， 关注云计算、数字基建和数字生态新模式｜英博前瞻,英博前瞻
2020-04-12,科创板平均股价39.93元，12股股价超百元,证券时报网
2020-04-10,金山办公现1笔大宗交易 共成交232.18万元,新浪
2020-04-09,金山办公现1笔大宗交易 共成交588.95万元,新浪
2020-04-09,金山办公今日大宗交易成交2.51万股，成交价234.64元溢价0.0%,Wind
2020-04-09,科创板高价股排行榜：这12股股价超百元,证券时报
2020-04-09,金山办公订阅大增背后：自动续费下的“野蛮生长”,投资者网
2020-04-08,远程办公虚假繁荣？金山办公营收和净利增速双降 欺诈造假,商学院
2020-04-08,养老金加速布局A股市场 年内打新已浮盈11.33亿元,证券日报
2020-04-07,福昕软件闯关科创板：九成收入来自海外,投资者网
2020-03-31,金山办公财报首秀：订阅业务、云办公激增，广告疲软,Ofweek
2020-03-31,疫情下在线办公进入发展快车道 头部企业社会责任表现亮眼,每日经济新闻
2020-03-31,金山云拟分拆 金山软件2019年由盈转亏面临被“掏空”风险？ 亏损,金融界
2020-03-30,社保看好国寿双汇金山 知名私募大举买入顺丰,--
2020-03-30,4亿元利润撑起千亿总市值 金山办公是否被高估？,面包财经
2020-03-27,金山办公合作伙伴大会：基础软件迎来历史性机遇,TechWeb
2020-03-26,机构强烈推荐27只个股-更新中,中财网
2020-03-26,金山办公2019年净利润增29% 股价应声涨8.21%市值破千亿,GPLP犀牛财经
2020-03-26,金山办公四个月市值增500亿 海外市场成发展新动能,长江商报
2020-03-26,券商首次关注10股并给予买入评级（3月26日）,Wind
2020-03-26,【国金通信】金山办公年报点评：龙头地位巩固，双轮驱动增长,新经济的瞭望
2020-03-26,【东北计算机安永平/邵珠印等】金山办公（688111）年报点评：授权业务增速提升，用户数创历史新高,东北证券研究所
2020-03-25,【兴证计算机】中国基础软件产业投资全景图,兴业计算机团队
2020-03-25,雷军又火了！每5个中国人，就有1个是WPS用户，市值飙升至1087亿,全景网
2020-03-25,4 个月 60 亿回报 这家雷军奉献青春的公司藏着他的英雄梦,砍柴网
2020-03-25,金山办公交出首份上市答卷，拿出1/3净利润分红,券商中国
2020-03-25,金山办公：付费率显着提升 云化升级持续推进,东吴证券
2020-03-25,金山办公挂牌首年：净利增近29% 雷军出任名誉董事长,新京报
2020-03-25,2020年报风云丨金山办公科创板上市后年报首秀：主要产品月活达4.11亿，积极布局“未来办公”市场,21世纪经济报道
2020-03-25,雷军任金山办公名誉董事长：坚持技术立业 坚持程序员至上,凤凰网
2020-03-25,金山办公2019盈利增28.94%至4.01亿元，拟分红1.38亿元,资本邦
2020-03-25,每5个中国人中至少有1个人是WPS用户 雷军：了不起,快科技
2020-03-25,金山办公入股教育公司成第二大股东,36氪
2020-03-25,金山办公2019年实现营收15.8亿元 同比增长39.82%,TechWeb
2020-03-25,上市4个月后，金山办公总裁卸任，市值超千亿雷军都没想到 董监高成员变化,搜狐
2020-03-25,金山办公2019年营收增长39.82% 核心产品月活用户突破4.11亿,中证网
2020-03-25,金山软件涨幅扩大至12% 子公司金山办公净利大涨29%,新浪
2020-03-25,金山办公去年净利润增长28.94% 付费个人用户达1202万,中国网
2020-03-25,【民生计算机】金山办公19年年报点评：业绩增长亮眼，订阅与授权业务大有可为,MS计算机
2020-03-25,滴滴公布新三年计划，提出月活超8亿新目标；好未来推出拍照搜题APP“海边搜题”丨【每日播报】,阿特列斯如是说
2020-03-25,金山办公披露上市后首份年报：助力2亿用户顺利复工 WPS月活跃用户突破4.11亿创新高,证券日报
2020-03-25,金山办公2019年业绩增近三成 高管变动透露新风向,上证报
2020-03-25,【钛晨报】58同城1.05亿美元收购优信拍；东京奥运会推迟至2021年夏天举行；25日零时起，武汉市以外地区解除离鄂通道管控,钛媒体
2020-03-25,金山办公年报来了！净利超4亿，将10派3元，月度活跃用户达4.11亿,证券时报网
2020-03-24,金山办公上市后首份财报：2019年营收15.8亿元,北京商报网
2020-03-24,再度由盈转亏，金山软件2019年股东应占亏损超15亿 亏损,第一财经
2020-03-24,金山办公：致股东的一封信,半导体风向标
2020-03-24,一图看懂金山办公2019年度财报,砍柴网
2020-03-24,业绩快报｜「金山办公」交出第一份科创板财报，2019年营收15.80 亿，同比增长39.82%,36氪
2020-03-24,金山办公2019年净利同比增长29%,金融界
2020-03-24,金山办公2019年报：个人付费会员数首次破千万,新浪
2020-03-24,金山办公首份财报：营收和利润均大幅增长,新浪
2020-03-24,金山办公上市后发布首次财报 目前市值居科创板第一,新浪
2020-03-24,金山办公财报“首秀”:全球用户超4亿 付费会员增长104%,新浪
2020-03-24,金山办公发布2019年财报：营收和用户量均创新高,新浪
2020-03-24,金山办公2019年实现净利润4.01亿元 同比增长28.94%,新浪
2020-03-24,金山办公：2019年实现业务收入15.80亿元人民币，同比39.82%,36氪
2020-03-24,科创板金山办公：聘任雷军为公司名誉董事长，董事长葛珂不再兼任总经理职务,Wind
2020-03-24,金山办公(688111.SH)董事会审议通过2020年度财务预算报告,格隆汇
2020-03-24,金山办公年报：2019年净利润同比增长28.94% 拟10派3元,金融界
2020-03-24,金山办公(688111.SH)：董事长葛珂辞去其兼任的总经理一职聘章庆元为总经理 董监高成员变化,格隆汇
2020-03-24,金山办公：2019年净利同比增28.94% 拟10派3元,e公司
2020-03-24,金山办公(688111.SH)：聘任雷军为公司名誉董事长,格隆汇
2020-03-24,金山办公(688111.SH)2019年度净利润升28.94%至4.01亿拟10派3元,格隆汇
2020-03-24,金山办公：2019年净利润4亿元，拟10派3元,Wind
2020-03-24,福昕软件获科创板受理 与金山系亿级诉讼悬而未决 诉讼纠纷,新浪
2020-03-24,【朝闻国盛0326】底部区域：港股的黄金买点,国盛证券研究所
2020-03-23,申万宏源：计算机行业一二季报到底多少增长？,新浪
2020-03-20,【东吴计算机周报】: 系统盘点麒麟软件和统信软件的经营情况,吴声计事
2020-03-19,31家券商另类子公司跟投科创板，浮盈已超44亿元,Wind
2020-03-19,31家券商另类子公司跟投科创板合计浮盈已超44亿元,证券日报
2020-03-15,科创板第三十三周交易大复盘：新鲜事有趣事创纪录的事一应俱全,新浪
2020-03-12,科创板收评 | 个股多数下跌 紫晶存储跌超5%,第一财经
2020-03-11,17期辅导+74个月！PDF龙头福昕软件要来科创板，与金山办公的这起亿级诉讼或将遭问询 诉讼纠纷,科创板日报
2020-03-10,科创板收评 | 科创板重现普涨格局 芯源微涨停,第一财经
2020-03-10,大摩：受惠于金山办公的盈利贡献 升金山软件（03888）目标价至28元,智通财经
2020-03-10,【东北计算机安永平/邵珠印等】金山软件（3888.HK）深度报告：三十二年打造护城河，新动能驱动业绩改善,东北证券研究所
2020-03-09,不温不火的在线文档成了国民应用，2020年去向何方？,搜狐
2020-03-09,中金：行稳致远的科创板（科创板系列17）,中金策略
2020-03-09,"硅谷""“关门”！苹果、微软、亚马逊10万员工回家，远程办公正成潮流，概念股再疯一次？",券商中国
2020-03-08,疫情催热协同办公，金山文档用户需求激增,钛媒体
2020-03-05,金山办公借云起飞？月活爆发影响小、用户付费意愿弱，增长点难寻,和讯
2020-03-05,金山办公COO章庆元：金山文档月活用户突破2.39亿暂无大规模商业化,科创板日报
2020-03-05,金山文档：远程会议功能日活增长177倍,北京商报网
2020-03-05,疫情催生在线办公：金山文档举办线上沟通会 月活跃用户突破2.39亿,中国网
2020-03-05,金山文档：月活破2.39亿 今年或成“在线办公”元年,新浪
2020-03-04,港股异动|金山软件跌逾4%金山办公在线文档协作产品对业绩不产生直接影响 盈利能力下降,格隆汇
2020-03-04,金山办公(688111.SH)：截至今年3月2日金山文档月度活跃用户数达到2.39亿,格隆汇
2020-03-04,最前线 | 金山文档MAU达到2.39亿，但该业务未被列入公司主要运营指标,36氪
2020-03-04,科创板001号监管函！博瑞医药蹭热点遭罚 财通资管抱团“躺枪” 金融监管处罚,金融界
2020-03-04,券商首次关注8股并给予买入评级（3月4日）,Wind
2020-03-04,【睿·投顾】两市连续10个交易日破万亿 盘中这些细节你发现没有 ？,恒泰头派账户
2020-03-04,【科新先声】科创板公司上市首份年度快报，TMT行业公司表现如何？【安信诸海滨团队】,诸海滨科新先声
2020-03-03,金山办公：金山文档目前主要面向个人用户免费提供 对公司经营业绩不产生直接影响,e公司
2020-03-03,金山文档月活用户突破2.39亿 支持365人同时在线编辑,网易
2020-03-03,金山办公Q4纯利超预期获高盛看好 金山软件涨逾6%,新浪
2020-03-03,港股异动 | 金山办公Q4纯利超预期获高盛看好 金山软件(03888)涨逾6%,智通财经
2020-03-03,港股异动|金山软件涨逾6%附属金山办公上季溢利高预期获机构看好,格隆汇
2020-03-02,港股异动|金山软件涨逾4%附属金山办公去年净利润同比增长29.73%,格隆汇
2020-03-02,港股异动 | 附属金山办公年度纯利同比增近三成 金山软件(03888)现涨逾5%,智通财经
2020-03-02,226股获券商买入评级 联瑞新材目标涨幅达71.56%,Wind
2020-02-29,券商首次关注3股并给予买入评级（2月29日）,Wind
2020-02-28,港股公告精选：联想集团明确否认有关影片对公司财务报表的指控,Wind
2020-02-27,格隆汇港股聚焦(2.27)︱金山软件：金山办公2019年净利升29.73%至4.03亿元；龙光地产19年核心溢利预增不少于40%,格隆汇
2020-02-27,金山办公2019年盈利同比增长近三成至4.03亿元,资本邦
2020-02-27,金山软件(03888)：金山办公年度归母净利同比增29.73%至4.03亿元,智通财经
2020-02-27,金山软件(03888.HK)：金山办公2019年度净利升29.73%至4.03亿元,格隆汇
2020-02-27,[科创板]金山办公2019年净利4.03亿元 同比增30%,全景网
2020-02-27,金山办公：2019年营收15.79亿元 同比增长39.80%,新浪
2020-02-27,金山办公业绩快报：2019年净利4亿元 同比增长29.73％,金融界
2020-02-27,金山办公：2019年净利润同比增29.73%（业绩快报）,Wind
2020-02-27,金山办公去年净利润4.03亿元 同比增长29.73%,中国网
2020-02-27,金山办公业绩快报：2019年净利4.03亿 同比增29.73%,新浪
2020-02-27,金山办公(688111.SH)业绩快报 2019年度净利升29.73%至4.03亿元,格隆汇
2020-02-27,犀牛财经晚报：分众传媒19年净利降67.80% 两市共有359只破净股,GPLP犀牛财经
2020-02-25,UCloud优刻得联合金山办公等SaaS伙伴，共同助力“云办公”,砍柴网
2020-02-25,包容性强 科创板成TMT企业IPO上市首选,中证报
2020-02-25,证券日报头版：上市公司“成绩单”体现了中国经济的底气,Wind
2020-02-24,华为HMS正式发布，10亿美元鼓励开发者加入，关注产业链机会丨牛熊眼,第一财经
2020-02-24,“石头”造富：重庆一股民低价卖出仍挣9万多元,重庆商报
2020-02-23,石头科技造富：重庆一股民中签小挣9万多 科技“大佬”雷军又成大赢家,腾讯网
2020-02-21,[科创板]金山办公：5G对推进云办公会有深远影响,全景网
2020-02-21,[科创板]金山办公：对被纳入MSCI中国全股票等指数表示欢迎,全景网
2020-02-21,石头科技今日科创板上市：打新史上最赚钱的新股来了,IPO早知道
2020-02-20,华为力推HMS生态建设为鸿蒙铺路，关注这些合作龙头企业,第一财经
2020-02-20,远程办公应用流量暴增 预计疫情防控期后需求将回落,中投网
2020-02-19,疫情下的在线办公：市场渗透率提升，或将迎来加速发展,财经网
2020-02-19,金山办公：春节紧急扩容服务器 武汉员工已远程办公,新浪
2020-02-18,港股异动︱与音乐版权平台VFine达成深度战略合作 金山软件(03888)午后急升逾4%,智通财经
2020-02-18,VFine与金山办公达成音乐版权合作 覆盖WPS、稻壳儿、秀堂等全线产品,中国网
2020-02-18,VFine与金山办公达成音乐版权战略合作,Wind
2020-02-18,【华西通信】云视频系列深度之二：巨头加速布局远程办公，云视频成行业新焦点,香农圆桌沙龙
2020-02-17,疫情助推“云办公”概念股集体上涨 金山办公能否突围？,中金在线
2020-02-17,交易活跃度微降，在线办公及云计算板块或持续受益 ——科创板周观察（中泰策略）,修炼投资的水晶球
2020-02-17,金山办公：云办公不是特殊情况下的替代品 而是下一代的、更高效的办公形态,e公司
2020-02-17,金山办公：受疫情影响 在线办公需求整体增长十分明显,e公司
2020-02-17,金山办公：MSCI是国际市场上比较权威的投资参考指数 欢迎被纳入,e公司
2020-02-17,金山办公：本次疫情会加速云办公市场的更快发展,e公司
2020-02-17,【e公司微访谈直播】金山办公：新冠疫情如何影响在线办公？,e公司
2020-02-15,上市不足90日，市值超1000亿！金山办公，成第一家纳入MSCI指数的科创板公司|科创情报局,全景网
2020-02-15,金山办公WPS+推出“企业版”在线办公解决方案,软件资讯网
2020-02-14,MSCI：金山办公并非首家纳入相关指数的科创板企业,国际金融报
2020-02-14,中国人保纳入MSCI全球标准指数成分股,21世纪经济报道
2020-02-14,两天暴涨44%，上市不足90天就亮相MSCI，科创板火爆行情要复燃？,证券时报网
2020-02-14,MSCI指数调整：科创板企业金山办公“入摩”，美的集团“出摩”,国际金融报
2020-02-14,科创板公司首次纳入MSCI，金山办公市值已超千亿！,南都报
2020-02-14,金山办公成首家纳入MSCI指数科创板公司？MSCI官方独家回应来了！,Wind
2020-02-14,金山办公成首家纳入MSCI指数科创板公司？MSCI官方独家回应来了！,e公司
2020-02-14,MSCI指数调整 这家公司代表科创板首次亮相,科创板日报
2020-02-14,公司情绪前瞻0214丨130万只民用口罩投向市场同济堂正向情绪居首，汇源果汁负向情绪警笛拉响,21世纪经济报道
2020-02-14,一年涨幅超80% 外资比重已增至3.5%！MSCI刚刷新名单 富时又有大动作！,中国基金报
2020-02-14,MSCI公布变动名单：新增名单逐个看 科创板股票首次亮相,财富动力网
2020-02-14,MSCI指数季度调整 3只A股新纳入全球标准指数,上证报
2020-02-14,国内财经媒体头版2020年2月14日星期五,Wind
2020-02-14,今年首次季度指数调整结果公布 3只A股新纳入MSCI,中证报
2020-02-14,科创板开市7个月 股票首次“入摩”,新京报
2020-02-13,道达投资手记：不用太纠结调整 光伏板块或分化,每日经济新闻
2020-02-13,郑眼看盘：疫情数据本质平稳 A股跌势难以持续,每日经济新闻
2020-02-13,金山办公火速“入摩”背后：科创板上市仨月涨超380%,新京报
2020-02-13,MSCI迎季度调整 首纳科创板股票,时代周报
2020-02-13,MSCI：金山办公纳入MSCI中国全股票指数并未“破例”,中证网
2020-02-13,MSCI回复e公司：京沪高铁和金山办公因不满足陆股通资格未纳入MSCI中国指数,e公司
2020-02-13,MSCI回复e公司：京沪高铁和金山办公因不满足陆股通资格未纳入MSCI中国指数,金十数据
2020-02-13,MSCI：京沪高铁和金山办公因不满足陆股通资格未纳入MSCI中国指数,Wind
2020-02-13,这个关键数据为何突然“井喷”？——道达投资手记,每日经济新闻
2020-02-13,今年最牛基金赚40％！科创板股票首次亮相MSCI名单,腾讯网
2020-02-13,上市不足90天 金山办公成首个MSCI指数的科创板公司,新浪
2020-02-13,MSCI“非常规操作”纳入科创板 包揽涨幅榜前排,上证报
2020-02-13,MSCI名单今变动富时3月亦扩容 不惧疫情外资疯狂买买买,搜狐
2020-02-13,上市不满1月、3月，京沪高铁、金山办公等被纳入MSCI,观察者网
2020-02-13,强势：科创板开年涨近30% 公募第一重仓股被MSCI选入,中证报
2020-02-13,MSCI指数调整 科创板首次亮相！云办公概念加持的它有何看点？,腾讯网
2020-02-13,MSCI季度调整结果出炉 金山办公等股票被纳入,北京商报网
2020-02-13,MSCI今年首次调整2月28日生效 科创板金山办公被纳入,新浪
2020-02-13,3只A股新纳入MSCI 北向资金持续抄底这些股,中证报
2020-02-13,MSCI名单变动 在岸指数新增6股！北上资金买入不减速 节后布局它们,证券时报网
2020-02-13,MSCI中国全流通指数新增9家公司 京沪高铁、中国人保、金山办公市值居前,e公司
2020-02-13,MSCI中国A股在岸指数新增6家成分股 京沪高铁、金山办公、上海莱士市值前三,e公司
2020-02-12,远程办公需求暴增 机构：非昙花一现 把握长期投资机会,中国财富网
2020-02-12,云办公持续强势,Wind
2020-02-10,科创板收评 | 科创板个股涨跌互现 “天价”新股明日申购,第一财经
2020-02-10,会畅通讯炸板后再封涨停，远程办公非昙花一现丨牛熊眼,第一财经
2020-02-10,在线服务激增带动云计算需求，机构：板块有望充分受益,第一财经
2020-02-10,天价新股！上市首日有望大赚17万！周二来打新，中一签缴款13.6万,券商中国
2020-02-08,金山办公：云办公龙头（附报告）,半导体风向标
2020-02-08,云办公概念受捧 软件应用股料迎新风口,中金在线
2020-02-07,金山办公1周涨超30%进入千亿俱乐部 云办公旗帜还能火多久,GPLP犀牛财经
2020-02-07,软件企业：快速精准阻击疫情蔓延,中国电子报
2020-02-06,金山办公COO章庆元：WPS在线办公用户激增,每日经济新闻
2020-02-06,远程办公火了 钉钉下载量超微信,每日经济新闻
2020-02-06,中小企业疫情困局中突围，WPS+提供远程办公保障,中华网
2020-02-04,“线上办公”成为现实，港股标的“一金难求”,智通财经
2020-02-04,科创板收评：个股全线上涨金山办公、致远互联等涨停,科创板日报
2020-02-04,软件信息行业发展态势好，网络安全、医疗信息化受关注,第一财经
2020-02-04,快讯：云办公概念股继续走强 金山办公涨逾10%,新浪
2020-02-03,疫情对计算机板块影响（附报告）,半导体风向标
2020-02-03,云办公概念股抗跌！节后开闸科创板21只股票跌停,华夏时报
2020-02-02,【国盛计算机】云办公产业全解析,国盛计算机畅想
2020-02-01,【国盛计算机】持仓配置回落低点，产业趋势与beta加速驱动行业机会——2019Q4计算机公募基金持仓分析,国盛计算机畅想
2020-01-31,2019年IPO那些事：最好的时代 也是最坏的时代,GPLP犀牛财经
2020-01-31,【光大计算机】板块持仓下降低配0.4%，金山办公增仓18亿元板块第一,计算机国平
2020-01-23,基金四季度持仓变化梳理，透露出哪些投资机会？,格隆汇
2020-01-23,基金已调仓：消费成“旧爱”科技是“新宠”,深圳商报
2020-01-21,【国金策略】公募持仓专题—扩散至三大领域增持科创板（李立峰/艾熊峰）,策略李立峰与行业配置笔记
2020-01-21,13只科创主题基金四季报率先亮相 其中8只基金前十大重仓股中出现9只科创板个股身影 合计持股市值超7亿元,证券日报
2020-01-20,高配科技股！去年业绩前十基金获追捧，曝调仓轨迹，加仓这些股票,证券时报
2020-01-19,【兴业计算机】周观点20200119：华为全力打造HMS生态，信创行业再迎利好,兴业计算机团队
2020-01-19,分拆密集上市南下资金助力 金山软件拐点已到？,格隆汇
2020-01-19,公募现身66家科创板公司 7基金入驻首家破千亿市值科创板公司,证券日报
2020-01-18,首批基金2019四季度科创板投资路线图曝光：公募基金现身66家科创板公司 7只基金入驻首家破千亿元市值科创板公司,证券日报
2020-01-15,金山办公出席鹏城生态开发者大会 荣获“优秀生态伙伴”奖,TechWeb
2020-01-14,金山办公携手PK体系在湖南筹建国家级信创实验室,TechWeb
2020-01-14,46只科创板股融资余额环比增加,证券时报网
2020-01-13,金山办公回答投资者问：将基于文档技术积累与华为合作,新京报
2020-01-13,金山办公：将基于文档技术积累与华为在相关领域展开广泛合作,e公司
2020-01-12,【兴业计算机】周观点20200112：继续强推【华为产业链+银行IT】双主线,兴业计算机团队
2020-01-09,金山文档荣获2020微信公开课PRO“年度智慧服务”奖,中国企业报道
2020-01-07,金山办公告别每月85万房租 搬进小米科技园,新京报
2020-01-06,金山办公(688111.SH)主要办公地址迁至北京海淀区西二旗中路33号院小米科技园D栋,格隆汇
2020-01-06,2019年科创板成交额1.33万亿，流动性优于A股整体——科创板周观察（中泰策略）,修炼投资的水晶球
2020-01-06,A股2019：十大IPO科创板占4席谁是“募资王”,新京报
2020-01-03,"金山办公领涨科创板,澜起科技总市值809亿封王,券商揽入佣金8亿",华夏时报
2020-01-03,雷军卸任金山系公司执行董事 后者旗下一公司增资至5000万 董监高成员变化,金融界
2020-01-03,金山办公软件注册资本新增400% 雷军卸任执行董事 董监高成员变化,新浪
2020-01-03,雷军退出金山系公司执行董事,Wind
2020-01-03,36只科创板股融资余额环比增加,证券时报网
2019-12-30,交易活跃度减弱，整体估值消化与内部分化并存——科创板周观察（中泰策略）,修炼投资的水晶球
2019-12-27,金山办公联合华为 打造数字化办公新势力,软件资讯网
2019-12-27,科创板上市月余市盈率208倍 金山办公研发投入占营收比重达37.42%,投资时报
2019-12-26,雷军再造“金山”：金山软件八年分拆上市局,新浪
2019-12-26,【天风通信】远程办公迎来加速发展期，云视频行业借势崛起,海陆清风
2019-12-26,开放共赢，华为云WeLink生态联盟正式成立,中国经济网
2019-12-26,金山系排队上市，雷军的造富神话没完了？,21世纪经济报道
2019-12-26,【山证计算机】远程协同办公：疫情驱动协同办公需求大增,山西证券研究所
2019-12-26,券商今年以来科创板跟投浮盈近26亿元,Wind
2019-12-25,"募资削减27亿 ""同股不同权""第一股优刻得获""入场券""",新浪
2019-12-24,步WPS拆分上市后尘，金山云赴美上市要挖云矿?,资本邦
2019-12-23,交易活跃度持续提升，2020年或进入改革实质推进期间——科创板周观察（中泰策略）,修炼投资的水晶球
2019-12-23,科创板“科研之星”：6公司三年研发支出比超30% 微芯生物59%居首,投资时报
2019-12-23,金山云拟赴美IPO已秘密交表 雷军或再添一家上市公司,新京报
2019-12-23,雷军子公司制改革再结果：金山云将从金山软件分拆赴美上市,中国网
2019-12-22,3年封闭科创主题基金接连上市 最新重仓股曝光,上证报
2019-12-22,金山软件还将分拆：继金山办公挂牌科创板之后，金山云拟在美股IPO,21世纪经济报道
2019-12-22,最新机构调研出炉，电子行业最受青睐！这家公司有近百家机构关注,e公司
2019-12-22,IPO简报|雷军旗下“小巨头”金山云赴美IPO，拟筹资至多1亿美元,YY港股圈
2019-12-20,赋能共赢：2019金山办公开发者大会释放创新动能,itbear
2019-12-20,巨丰数据赢｜百家机构密集出动 6股获百亿级私募青睐,巨丰财经
2019-12-19,科创板收评|个股表现分化科创板首只食品制造股嘉必优涨93%,第一财经
2019-12-16,雷军，才是科创板最大的“赢家”！,搜狐
2019-12-16,21只科创板股融资余额环比增加,证券时报网
2019-12-13,30只科创板股融资余额环比增加,证券时报网
2019-12-13,券商科创板跟投“冰火两重天”，整体浮盈近22亿元3家账面浮亏,Wind
2019-12-12,科创板股融资融券余额每日变动（12月11日）,证券时报网
2019-12-10,科创板资金动向：7股主力资金净流入超3000万元,证券时报网
2019-12-10,分拆上市成潮？监管层关注合规性、关联交易、独立性、同业竞争等问题,资本邦
2019-12-10,上市未满月，金山办公调整募投资金使用，投政企、买理财,新京报
2019-12-10,科创板全线爆发，华兴源创涨15%,Wind
2019-12-10,【行情】科创板板块开盘异动拉升，华兴源创涨10.4%，金山办公涨6%，山石网科、容百科技、西部超导纷纷走强。,金十数据
2019-12-10,科创板涨跌不一，卓易信息上市次日再涨12%,Wind
2019-12-10,【东北销售团队】复盘笔记1209：沪指小幅震荡涨0.08% 钢铁水泥等板块大涨,东北证券研究所
2019-12-09,金山办公(688111.SH)对全资子公司增资 以实施募投项目,格隆汇
2019-12-09,金山办公(688111.SH)拟获取金山志远19.9%股权 其聚焦政府、企业及特种领域客户,格隆汇
2019-12-09,金山软件(3888.HK)：第三季度表现符合预期，云业务拟分拆上市，“买入”评级,格隆汇
2019-12-06,金山软件短线拉升涨3.16% 辉立证券给予“买入”评级,新浪
2019-12-06,【东北销售团队】复盘笔记1205：创指涨2.15%站上1700 科技股集体大涨,东北证券研究所
2019-12-05,【东北销售团队】复盘笔记1204：沪指低位震荡跌0.23% 黄金、稀土逆势大涨,东北证券研究所
2019-12-02,【东北销售团队】复盘笔记1129：沪指11月累计跌幅1.95% 高位蓝筹股大跌 连续下跌,东北证券研究所
2019-11-30,潜望丨小米高层大调整：为备战5G管理层全面年轻化 董监高成员变化,腾讯网
2019-11-29,长三角打造创新策源地，科创板为硬科技提供资本土壤——科创板周观察（中泰策略）,修炼投资的水晶球
2019-11-28,【招商计算机】办公星辰大海，金山无远弗届——金山办公深度报告,科技晶选
2019-11-28,【东北销售团队】复盘笔记1127：沪指缩量震荡跌0.13% 科技股表现活跃,东北证券研究所
2019-11-27,金山办公：国产办公软件龙头，云化、安可再塑辉煌,证券时报网
2019-11-27,金山办公止跌反弹今日收盘 小幅上涨,TechWeb
2019-11-27,金山办公正式登陆科创板 WPS的对手到底有多强？（二）,前瞻研究院
2019-11-26,雷军喜提首家A股上市公司 金山办公正式登陆科创板（一）,前瞻研究院
2019-11-26,【东北销售团队】复盘笔记1125：沪指涨0.72%站上2900 水泥、钢铁强势上涨,东北证券研究所
2019-11-25,【朝闻国盛1125】短期震荡，重视安可集成,国盛证券研究所
2019-11-25,【东北销售团队】复盘笔记1122：沪指跌0.63%失守2900点 钢铁股午后大涨,东北证券研究所
2019-11-23,破天荒的“新高”！这只新股带给行业新思考,每日经济新闻
2019-11-22,【国盛计算机】金山办公深度：国产软件扛旗者，安可及SaaS化助力展翅高飞,国盛计算机畅想
2019-11-22,母子公司股价严重倒挂，“金山系”股价迷局如何解？,e公司
2019-11-22,科创板收评之11.22：下跌个股依旧超过40只 金山办公继续下跌,TechWeb
2019-11-22,金山办公科创板鸣锣上市 而立之年迎来WPS新时代,每经网
2019-11-21,高研发投入+核心技术，金山办公成科创板“硬科技”代表,中国企业报道
2019-11-20,科创板收评之11.20：44只个股下跌 金山办公股价逼近150元,TechWeb
2019-11-20,WPS市值600亿，可你们为什么还看不起它,DoNews
2019-11-20,科创板涨跌参半，金山办公领涨5%,Wind
2019-11-20,Q4以来21只科创板新股上市 7资管产品获配售超5亿,证券日报
2019-11-20,四季度以来21只科创板新股上市 7只券商资管产品获战略配售超5亿元,证券日报
2019-11-20,港股反弹 成交淡静,南方财经网
2019-11-19,金山办公上市VC回报超23倍 能否力挽SaaS投资颓势？,华夏时报
2019-11-19,金山办公31年终上市 收入利润只有微软办公的“零头”？,运营商财经网
2019-11-19,科创板收评之11.19：金山办公涨至136元 仅联瑞新材沃尔德有下跌,TechWeb
2019-11-19,小米重磅将公布 A股小伙伴已按捺不住,证券时报
2019-11-19,金山软件(3888.HK)涨超5% 金山办公市值突破600亿元,格隆汇
2019-11-19,金山办公科创板上市 创始人之一是新昌人求伯君,绍兴网
2019-11-19,科创板跟盘丨个股多数飘红 美迪西、 金山办公领涨,第一财经
2019-11-19,科创板个股造好，金山办公上市次日涨逾6%,Wind
2019-11-19,金山办公开盘涨5.26% 暴涨之后能否维持600亿元市值,腾讯网
2019-11-19,券商首次关注4股并给予买入评级（11月19日）,Wind
2019-11-19,融资客青睐16股，赣粤高速买入占比高达46.46%,Wind
2019-11-19,快讯：港股恒指小幅低开0.04% 同景新能源涨31.82%,新浪
2019-11-19,30股获券商买入评级 金山办公目标涨幅达69.05%,Wind
2019-11-19,【投中·24H】青年汽车集团回应子公司破产；李国庆再投一区块链项目,投中网
2019-11-19,小米重磅消息将公布！现场一票难求，万亿市值板块谁会成新龙头,证券时报
2019-11-19,31年长跑圆梦科创板 金山办公诠释中国企业“程序员文化”,上证报
2019-11-19,【东北计算机安永平/邵珠印/赵伟博】金山办公（688111）深度报告：国产基础办公软件龙头，七大优势全球争雄,东北证券研究所
2019-11-19,金山办公挂牌首日大涨175%： 雷军20年等待“修成正果”,21世纪经济报道
2019-11-19,雷军喜提首家A股上市公司 金山办公上市首日大涨175.5%,中证报
2019-11-19,道达投资手记：金山办公登陆A股 大盘反弹仍然缺量,每日经济新闻
2019-11-18,金山办公今日科创板上市；拼多多将孵化500个农产品供应链品牌丨【每日播报】,阿特列斯如是说
2019-11-18,11-18复盘：中国人保巨量解禁一番跌停，本周解禁股还有这些 解禁,腾讯网
2019-11-18,市值与母公司倒挂，上市首日暴涨200%的金山办公被高估了吗？,腾讯网
2019-11-18,揭秘雷军拆“金”术 国产办公软件WPS二十年上市始末,新京报
2019-11-18,雷军资本市场“第三子”：不再打“免费”牌的WPS能否撑起近580亿市值,华夏时报
2019-11-18,iPhone用户增长停滞，马云点评非洲版饿了么，金山办公上市,凤凰网
2019-11-18,582亿市值！190倍市盈率！A股真的“人傻钱多”？,金融界
2019-11-18,金山办公上市首日大涨！雷军：非常激动,第一财经
2019-11-18,华为 X 金山办公,半导体风向标
2019-11-18,金山办公上市首日“开门红” 净流入额居A股之首,大众证券报
2019-11-18,这一次，雷军是扬眉吐气还是重蹈覆辙？——道达投资手记,每日经济新闻
2019-11-18,智通港股解盘(11.18) | 央行变相降息刺激港股强势反弹 地产和科技引领市场,智通财经
2019-11-18,上市市值即超母公司，这是31岁的WPS的悲喜故事,爱范儿
2019-11-18,苦等 20 年，金山办公终于登上科创板,雷锋网
2019-11-18,一图解码：WPS终登科创板金山软件却转跌,财华社
2019-11-18,金山办公上市，雷军发全员信：WPS是个英雄梦想 上市等了20年,21世纪经济报道
2019-11-18,WPS付费用户仅占1.6% 金山办公接下来的故事该怎么讲？,GPLP犀牛财经
2019-11-18,雷军的渴望与落差：582亿金山办公 VS 244亿金山软件,腾讯网
2019-11-18,A股五张图：市值倒挂，让年轻人拥有第二只“腰斩”的股票！,腾讯网
2019-11-18,金山办公上市首日暴涨200%，雷军又大赚一笔！,环球老虎财经
2019-11-18,金山办公科创板首日上市暴涨市值达582亿 母公司持股52.7%却大跌市值仅219亿 连续下跌,格隆汇
2019-11-18,你用的WPS今天在科创板上市了，一年赚3个亿，总市值近600亿元！(附实控人雷军的投资版图),21世纪经济报道
2019-11-18,金山办公科创板上市首日大涨175.5% 已超多家机构目标价,中新经纬
2019-11-18,金山办公暴涨近200%！雷军身价大增150亿：将用业绩回馈投资者,金融界
2019-11-18,金山办公上市首日大涨 葛珂发公开信强调“技术立业”,上证报
2019-11-18,等了20年！N金山上市首日暴涨！与微软同台竞争，市盈率超200倍还能买吗？,每日经济新闻
2019-11-18,金山软件(03888.HK)：北京办公软件(688111.SH)已于科创板上市,格隆汇
2019-11-18,雷军鸣锣A股 金山办公上市科创板首日涨176%,第一财经
2019-11-18,沪深两市主力资金净流出91.53亿元 金山办公净流入额居首,中证网
2019-11-18,金山办公开盘暴涨205.3% “雷军系”迎来首只A股上市公司,第一财经
2019-11-18,雷军：金山办公董事长是A股最励志的董秘,第一财经
2019-11-18,全世界各行各业联合起来，internet一定要实现！,硅谷动力
2019-11-18,收评：港股恒指涨1.35% 利好兑现金山软件跌6.12%,新浪
2019-11-18,【行情】恒指收涨1.35%，单日涨幅为近半个月以来最大；金山软件收跌逾6%，旗下子公司金山办公今日登陆科创板。,金十数据
2019-11-18,恒指收涨1.35%，科技网络、汽车、地产股引领上涨,Wind
2019-11-18,【异动股】金山软件(03888-HK)今分拆金山办公上市曾跌5.6%,财华社
2019-11-18,科创板收评之1118：34只个股下跌 金山办公跌破开盘价,TechWeb
2019-11-18,金山办公庄涌：程序员文化就是公司的“金字招牌”,砍柴网
2019-11-18,科创板金山办公首日报收126.35元 涨幅175.5%,新浪
2019-11-18,金山集团雷军：WPS要坚持全球化战略，深入企业服务市场,全景网
2019-11-18,[公司]金山办公科创板上市 雷军终于在A股敲锣,全景网
2019-11-18,金山办公亮相中国品牌日，技术创新打造中国品牌新形象,砍柴网
2019-11-18,31岁WPS科创板上市 雷军：曾有20年不赚钱,网易
2019-11-18,专访雷军:金山有持续作战能力 骨子里不服输（视频）,新浪
2019-11-18,金山办公CEO葛珂公开信：WPS office覆盖全球220多个国家和地区,第一财经
2019-11-18,金山办公：厚积薄发 借云化和国产化之机弯道超车,兴业证券
2019-11-18,雷军创业31年 带领民族软件金山WPS登陆科创板,新浪
2019-11-18,金山办公董事长葛珂：坚持技术立业 不辜负伟大时代,证券时报网
2019-11-18,金山办公科创板上市暴涨，雷军拿什么支撑200倍市盈率？,第一财经
2019-11-18,雷军笑谈金山办公上市：CEO可以说是A股最励志董秘,新浪
2019-11-18,金山办公葛珂：仍会聚焦办公服务 净利润下滑系投入研发 盈利能力下降,新京报
2019-11-18,金山办公敲钟：雷军和他做VC的老朋友，又赢了,投资界
2019-11-18,31岁WPS登陆资本市场 金山办公科创板上市首日开盘价暴涨2倍,证券日报
2019-11-18,雷军谈小米投资：投资专注于对小米有帮助、有硬核科技的公司,第一财经
2019-11-18,等了20年，雷军的科创板第一股来了,第一财经
2019-11-18,金山办公科创板上市：市值超600亿 雷军圆梦A股,凤凰网
2019-11-18,Wps上市“造富”：市值超600亿元 动态市盈率200倍,新浪
2019-11-18,雷军又成大赢家！第四家科创板公司上市：开盘暴涨205%,上游新闻
2019-11-18,雷军谈金山办公上市：用优秀的业绩来回馈投资者,第一财经
2019-11-18,金山办公开盘股价翻三倍 雷军表示很激动,第一财经
2019-11-18,金山办公200倍估值值不值得买 金山软件又为何大跌？ 连续下跌,新浪
2019-11-18,金山办公今日科创板挂牌 开盘涨超207%,中金在线
2019-11-18,WPS上市，开盘价大涨205%！雷军：WPS是个英雄梦想，上市等了20年,上游新闻
2019-11-18,WPS联合吴晓波频道 科技新国货618热销,砍柴网
2019-11-18,雷军等了20年终在A股敲锣！金山办公在科创板上市,中证报
2019-11-18,金山软件跌8.33% 金山办公今日科创板上市涨近200%,新浪
2019-11-18,WPS等待20年终上市！雷军：不想仅做一家赚钱的公司,驱动之家
2019-11-18,雷军：曾被劝放弃WPS 最终坚持跟公司使命有很大关系,新浪
2019-11-18,金山办公股价高开205% 市值已超母公司港股市值,中证网
2019-11-18,金山软件股价跌近7% 分拆的金山办公今日科创板挂牌,TechWeb
2019-11-18,金山办公：国产办公软件龙头 安可+云双轮驱动迎来“主升”,证券时报网
2019-11-18,科创板跟盘丨金山办公大涨逾180% 成交额近40亿元,第一财经
2019-11-18,雷军迎第一家A股上市公司：金山办公开盘涨幅达208.37%,钛媒体
2019-11-18,金山软件：一季度扭亏为盈，疫情的流量“风口”还能吹多久？,财华社
2019-11-18,WPS上市 雷军：这是分拆的第二家 金山云也在IPO路上,新浪
2019-11-18,雷军：金山办公分拆上市是既定战略 不仅是赚钱公司,新浪
2019-11-18,金山办公挂牌科创板 开盘价涨幅逾205%,新京报
2019-11-18,金山办公在科创板上市 未来重点发力“国际化”,证券时报网
2019-11-18,WPS上市，雷军称金山云也在IPO路上,Wind
2019-11-18,足足等了20年！金山办公WPS上市：开盘价大涨205%,驱动之家
2019-11-18,金山软件高开低走一度跌超6% 子公司金山办公于科创板上市,腾讯网
2019-11-18,苦等20年，金山办公在科创板挂牌上市，这是雷军实际控制的第三家上市公司,上游新闻
2019-11-18,金山软件急挫5% 金山办公今日科创板上市高开205%,TechWeb
2019-11-18,A股异动 | 金山办公科创板上市首日 暴涨逾2倍！,格隆汇
2019-11-18,恒指涨幅扩大至1%，香港本地股领涨蓝筹,Wind
2019-11-18,港股异动 | 金山办公今日科创板挂牌 金山软件(03888)盘初涨逾4%,智通财经
2019-11-18,金山软件跌近5% 金山办公科创板上市涨超200%,腾讯网
2019-11-18,港股异动 | 金山软件涨逾3% 金山办公今日上市大涨逾2倍！,格隆汇
2019-11-18,金山软件急挫3.06% 金山办公今日科创板上市高开205%,新浪
2019-11-18,金山办公科创板上市 股价高开205%至140元/股,中证网
2019-11-18,金山办公科创板上市 雷军：我们足足等了20年,新浪
2019-11-18,金山办公登陆科创板 开盘暴涨205.3%,腾讯网
2019-11-18,科创板｜金山办公今日上市 开盘价每股140元较发行价上涨205%,TechWeb
2019-11-18,"""金山办公""科创板挂牌上市，开盘价140市值645亿",网易
2019-11-18,A股三大指数集体低开 金山办公上市涨205％,上游新闻
2019-11-18,一线丨雷军： 金山办公IPO是坚持的胜利,腾讯网
2019-11-18,科创板新股金山办公大涨205%,第一财经
2019-11-18,港股金山软件盘初涨近5%,Wind
2019-11-18,金山办公今日科创板挂牌 股价开盘上涨205.3%,腾讯网
2019-11-18,科创板金山办公开盘上涨205.3%,e公司
2019-11-18,科创板金山办公上市首日高开205%,Wind
2019-11-18,【行情】N金山今日在科创板挂牌上市，开盘涨205%。,金十数据
2019-11-18,雷军：金山办公在科创板上市是“坚持”的胜利,证券时报网
2019-11-18,金山办公（688111）深度：办公服务龙头起航，剑指2B服务国际化厂商,国信研究
2019-11-18,N金山:券商定位区间均值为62.82-89.82元,Wind
2019-11-18,11月18日新股提示：金山办公、指南针上市 浙商银行中签号出炉,上证报
2019-11-18,早报|金山办公今日上市！雷军：等了20年；调查组已赴獐子岛实地考察；非洲猪瘟病毒攻关取得重要进展,格隆汇
2019-11-18,新股发行与上市一览（11月18日）,Wind
2019-11-18,【行业雷达】梳理行业脉络，挖掘机会热点,华龙掘金
2019-11-18,国产软件龙头金山办公今日上市 行业迎最强风口（附受益股）,金融界
2019-11-17,金山办公明日科创板挂牌，雷军发公开信称为上市已等20年 | 钛快讯,钛媒体
2019-11-17,财闻点金：华为新机型受热捧 折叠屏手机市场有望高增长,巨丰财经
2019-11-17,雷军：金山办公上市 等了20年,e公司
2019-11-17,明日A股机会早知道,第一财经
2019-11-17,国产软件龙头金山办公18日上市 行业迎发展机遇,e公司
2019-11-17,每经21点丨日系车在韩国大力搞促销，一辆车最高补贴1500万韩元；金山办公上市前夕雷军全员信：这是个坚持梦想，并最终胜利的故事,每日经济新闻
2019-11-17,金山办公上市前雷军全员信：一个坚持梦想的励志故事,新浪
2019-11-17,【产业互联网周报】BAT Q3云服务业绩披露：阿里云稳坐第一，腾讯云单季增速超阿里云,钛媒体
2019-11-15,金山办公：创新驱动可持续发展 打造世界一流办公软件,红周刊
2019-11-15,【东吴晨报1118】【固收】【行业】地产【个股】新希望、金山软件、东方财富、国电南瑞、国祯环保,东吴研究所
2019-11-14,金山办公(688111.SH)将于11月18日上市,格隆汇
2019-11-14,金山办公：11月18日在科创板上市,e公司
2019-11-14,金山办公18日在科创板上市交易,中证网
2019-11-14,东吴计算机【金山办公深度报告：办公软件自主可控势在必行，国产龙头乘势而起】,吴声计事
2019-11-14,GGV企业服务全球路线图：中国To B行业迎跨越式赶超机会,21世纪经济报道
2019-11-14,又一只公募基金获得科创板战略配售,证券时报
2019-11-13,港股异动 | 金山软件跌逾3% 网上投资者弃购金山办公近6万股 今日将发财报,格隆汇
2019-11-13,科创板｜金山办公披露发行结果 网上投资者弃购59736股,TechWeb
2019-11-13,科创板｜金山办公净募集资金44.59亿元 发行费用1.72亿元,TechWeb
2019-11-11,11月11日新股提示：清溢光电、卓越新能申购 八方股份上市 金山办公中签号出炉,上证报
2019-11-10,打新了吗？金山办公网上发行中签号出炉 共42420个,中财网
2019-11-08,11月8日新股提示：博瑞医药、广电计量、筑博设计上市 三达膜、指南针中签号出炉 金山办公公布中签率,上证报
2019-11-07,科创板金山办公：网上发行中签率为0.0534%,Wind
2019-11-07,【新股提示】雷军旗下第三家上市公司金山办公今日申购,Wind
2019-11-05,金山办公公告：根据初步询价结果，协商确定本次发行价格为45.86元/股，此价格对应的市盈率为：发行前53.14倍、发行后,金十数据
2019-11-05,科创板金山办公：本次发行价格为45.86元/股,Wind
2019-10-30,IPO日报 | 金山办公将于11月7日申购；比特大陆已向SEC递交上市申请；中国药品研发企业天境生物申请在美IPO,格隆汇
2019-10-30,金山办公将进询价阶段 金山云同行竞争压力持续升高,TechWeb
2019-10-28,【报道】天眼查数据显示，10月15日，安徽金山办公软件有限公司发生工商变更，其注册资本由1000万增至8000万，增幅达,金十数据
2019-10-24,证监会：同意金山办公、清溢光电科创板IPO注册,Wind
2019-10-09,金山办公科创板IPO，盈利模式渐趋成熟？,格隆汇
2019-10-06,北京金山办公软件股份有限公司科创板IPO提交注册,Wind
2019-09-30,金山办公IPO疑云：财务“猫腻 ”、侵权诉讼缠身 雷军11亿野心昭然 诉讼纠纷,和讯
2019-09-30,金山办公过会：科创板过会第58家 中金公司过6单,中国经济网
2019-09-29,每日并购资讯 |金山办公将上市，雷军身家轻松涨10亿、苏宁金融板块整合加速中：苏宁金服完成百亿融资,和讯
2019-09-28,雷军旗下首家A股公司冲刺上市！毛利率接近90% WPS、金山词霸你都用过吗？,中证报
2019-09-28,A股“同股不同权”第一股将诞生！花落云计算服务商优刻得,证券时报网
2019-09-27,雷军的第三家：金山办公首发上市获准,TechWeb
2019-09-27,金山办公过会 雷军将迎来实控第三家上市公司,新京报
2019-09-27,雷军名下又多了一家上市公司：金山办公通过科创板上市审议,澎湃新闻
2019-09-27,科创板上市委：同意金山办公首发上市,新浪
2019-09-27,科创板上市委：金山办公等3家公司首发获通过,e公司
2019-09-27,科创板上市委会议：金山办公、优刻得、卓易科技首发获通过,Wind
2019-09-27,金山办公上会！雷军或迎来第3家上市公司，身价又增11亿？,中新经纬
2019-09-27,DJ 市场快讯：金山软件涨2%；金山办公科创板上市申请今日上会,道琼斯
2019-09-27,金山办公今日上会 雷军有望迎来第三家上市公司！身价又要增11亿？,中新经纬
2019-09-27,金山软件股价反弹2% 金山办公科创板上市,新浪
2019-09-27,港股异动 | 金山软件涨逾3% 金山办公科创板IPO今日上会,格隆汇
2019-09-19,金山办公CEO葛珂：将尝试推出WPS故宫文化版,新浪
2019-09-19,收评：港股恒指跌1.07% 苹果概念股逆市上涨瑞声涨6%,新浪
2019-09-19,午评：港股恒指跌1.24% 友邦保险跌近3%领跌蓝筹,新浪
2019-09-19,DJ 市场快讯：金山软件逆市涨近4%；金山办公科创板上市即将上会,道琼斯
2019-09-19,金山软件盘中涨4% 金山办公将接受科创板上市委审议,新浪
2019-09-19,港股异动 | 金山办公科创板IPO将于27日上会 金山软件(03888)涨逾4%,智通财经
2019-09-19,港股异动 | 金山软件涨逾4% 金山办公科创板IPO即将上会,格隆汇
2019-09-19,金山办公、优刻得、卓易信息3家企业9月27日科创板上会,中国经济网
2019-09-18,科创板上市委：金山办公、优刻得、卓易科技首发9月27日上会,Wind
2019-09-18,科创板上市委：金山办公等3家公司首发9月27日上会,e公司
2019-09-18,港股异动 | 金山办公科创板申请恢复问询 金山软件(03888)续涨逾4%,智通财经
2019-09-17,从湖南到全球市场 金山办公的现在与未来,中国电子报
2019-09-16,快讯：金山软件涨4.88% 金山办公科创板申请恢复问询,新浪
2019-09-16,港股异动 | 金山办公科创板IPO申请恢复问询 金山软件(03888)现涨逾5%,智通财经
2019-09-16,港股异动 | 金山软件涨逾5% 金山办公科创板IPO申请恢复问询,格隆汇
2019-09-12,金山办公WPS参展首届中国-东盟人工智能峰会 构建智能化办公方案,砍柴网
2019-09-12,沸点|万亿规模，科技股为何狂欢？揭开资本圈“自主可控”的面纱,腾讯网
2019-09-04,如何选择科创型基金？,量化先行者
2019-08-29,金山办公拟募资20亿增三倍 七折采购金山云服务被质疑,长江商报
2019-08-28,金山软件分拆上市“不停工”，拟分拆金山云赴美IPO,财华社
2019-08-26,金山办公与天翼云战略签约 打造智能办公生态,砍柴网
2019-08-11,【民生计算机】金山办公：国内领先的办公软件提供商—科创板计算机公司上市跟踪系列,MS计算机
2019-08-08,晶晨股份科创板首秀涨272% 雷军所持股市值已逾18亿,新浪
2019-08-08,雷军持股两家科创板公司已经豪赚5亿，第三家今日上市又将赚多少？,重庆商报
2019-08-02,金山办公参展中国国际智能工业博览会 WPS+云办公成亮点,砍柴网
2019-08-01,金山办公冲刺科创板：能否成雷军旗下首家科创板公司,新浪
2019-07-31,每经小强快讯：北京金山办公软件股份有限公司科创板首次公开发行股票招股说明书（申报稿）,每日经济新闻
2019-07-31,金山办公拟登陆科创板：本次拟发行不超过10100万股,Wind
2019-07-25,"信息技术产业行业点评:鲲鹏展翅的启示,关注软件国产化替代加速的投资机遇",国金证券
2019-07-23,【东北销售团队】复盘笔记1118：沪指涨0.62%重回2900点 钢铁股强势上涨,东北证券研究所
2019-07-23,【东北销售团队】复盘笔记1119：创指持续上行大涨2.77% 游戏板块掀涨停潮,东北证券研究所
2019-07-22,午评：港股恒指跌0.77% 中国通号H股大跌超8% 连续下跌,新浪
2019-07-22,港股异动 | 金山软件大涨8% 旗下金山办公完成科创板问询,格隆汇
2019-07-22,快讯：旗下金山办公完成科创板问询 金山软件涨超7%,新浪
2019-07-22,港股异动︱旗下金山办公完成科创板问询 金山软件(03888)大幅反弹逾7%,智通财经
2019-07-16,签约上海经信中心 金山办公布局上海智慧政务建设,砍柴网
2019-07-16,金山办公完成科创板上市问询，雷军系成标签并引发独立性质疑,第一财经
2019-07-16,金山办公披露科创板二轮问询回复：雷军投票不可撼动 问询,新京报
2019-07-16,金山软件完成科创板问询 募资20.5亿元用于办公产品研发,TechWeb
2019-07-16,金山办公已完成上交所问询，冲击科创板 问询,猎云网
2019-07-16,"金山办公冲击科创板 雷军有望""喜提""第三家上市公司",中证报
2019-07-15,雷军的第三次资本冲浪：金山办公上市之路为何搁置两年？业务主战场转移，阿里、腾讯都是大客户,e公司
2019-07-15,分拆上市后的独立性被重点关注，金山办公回复第二轮科创板问询 问询,资本邦
2019-07-12,金山办公冲刺科创板：关联交易受关注，免费广告挑战用户体验,腾讯网
2019-07-10,金山软件(03888)旗下金山办公欲登陆科创板，雷军间接持股11.99%,智通财经
2019-07-10,科创板“阅兵”：沃尔德、卓越新能、普门科技等六家,每日经济新闻
2019-07-09,WPS office for Linux 2019发布100天：性能全面领先 国内外好评如潮,砍柴网
2019-06-25,科创板掘金丨北京金山办公软件股份有限公司,第一财经
2019-06-18,财经观察家 |张刚：科创板来了！资本市场再添“试验田”,巨丰财经
2019-06-18,金山办公:民族办公软件自主可控之光,西南证券
2019-06-17,【中信建投 海外TMT】海外TMT行业周报：海外云计算龙头加码数据分析具有借鉴意义，关注国内相关公司的投资机会,建投海外研究
2019-06-17,危难时刻显担当 金山办公捐赠支援“利奇马”台风梅林镇灾区,砍柴网
2019-06-13,大浪淘沙见真金—科创板TMT行业2020中报总结深度解析专题【安信诸海滨团队】,诸海滨科新先声
2019-06-10,金山软件(3888.HK)：WPS上市为金山软件提供了良好的催化剂，维持买入评级，目标价26港元,格隆汇
2019-06-06,【国盛计算机】景气主线与科创碰撞的机会,国盛计算机畅想
2019-06-06,雷军要考试了！金山办公科创板IPO进入“已问询”阶段,中金在线
2019-06-04,艾德证券期货：恒指缩量收星 今日或有反弹,金融界
2019-06-04,金山办公（A17083.SH）：扛旗自主可控，扬帆智能云化,中信证券研究
2019-05-30,IPO连续7周全过会，投行揭秘高过会率缘由,第一财经
2019-05-29,华为与自主品牌车厂合作逐步落地，全面布局五大领域，加速智能汽车商用,中信建投证券研究
2019-05-24,金山软件(3888.HK)：游戏、办公软件、云服务一个也不能少，目标价27港元，维持“买入”评级,格隆汇
2019-05-23,国产软件再度走强，机构：政策利好下国产软件大有可为,第一财经
2019-05-22,太罕见！私自改了招股书，还改了问询函！中金公司与两保代双罚！改动涉及10余个数据，看中金如何回应,券商中国
2019-05-20,小米CFO周受资：小米不是一家投资公司，投资主要是为增强业务,每日经济新闻
2019-05-20,金山办公改道科创板IPO：募资金额激增2.6倍 WPS广告推送过多遭吐槽,中国网
2019-05-16,【海外科技-黄守宏】金山软件：云增速强劲，新游助力2H盈利改善,安信证券研究
2019-05-16,"金山软件:云服务撑起半壁江山,WPS厚积薄发",东吴证券
2019-05-15,【中信建投 海外TMT】金山软件（3888）：一季报亏损不改云及办公业务迎来价值重估 亏损,建投海外研究
2019-05-15,【中泰海外】金山软件（3888.HK）季报点评：云业务快速增长超预期，“指尖江湖”上市指日可待（20190515）,中泰海外研究
2019-05-15,金山软件(3888.HK)：非游戏业务都挺好，游戏等待《指尖江湖》，维持“买入”评级，目标价 20 港元,格隆汇
2019-05-14,金山软件Q1业绩公布：云收入增长超100%，办公软件业务拟上科创板,第一财经日报
2019-05-14,金山办公软件拟登陆科创板，雷军能否赢回投资者信任？,第一财经
2019-05-13,金山办公“移情”科创板 募资猛增2.6倍,国际金融报
2019-05-11,【天风计算机】科创板系列二十一：金山办公，国产办公软件龙头,兵哥看IT
2019-05-09,WPS要上市了？金山办公申请科创板，雷军又火了,财经网
2019-05-09,靠office软件一年挣3亿，估值93亿！雷军旗下的金山办公软件要来科创板,读懂财经
2019-05-09,野村：WPS上市申请获受理 金山软件(3888.HK)目标价18港元,格隆汇
2019-05-09,国产办公软件龙头WPS要上市！雷军系实控人 103家受理企业拟融资额破千亿,中证网
2019-05-09,金山软件(03888)旗下金山办公科创板IPO获受理 雷军系实控人,智通财经
2019-05-09,国产办公软件龙头WPS要上市！金山办公科创板IPO申请获受理 雷军系实控人,中证网
2019-05-09,【科创板】上交所受理金山软件旗下金山办公上市科创板申请,经济通
2019-05-09,雷军系金山办公闯关科创板 BATJ是“广告”客户,新京报
2019-05-08,雷军“亲征” 金山办公申请科创板上市获受理,金融界
2019-05-08,金山办公科创板上市申请获上交所受理,Wind
2019-05-08,【科创板大阅兵】主要产品月活用户超3亿！国产办公软件巨头冲刺科创板，雷军间接持股11.99%,e公司
2019-05-08,金山办公冲刺科创板 实际控制人为雷军,中金在线
2019-05-08,雷军又来了！港股上市公司金山软件分拆金山办公科创板IPO,中金在线
2019-05-08,金山办公闯关科创板 雷军为实控人,证券时报网
2019-05-08,金山办公科创板申请获受理 拟募资20.5亿元,北京商报网
2019-05-08,雷军率金山办公冲刺科创板：中金公司保荐，融资20.5亿元,澎湃新闻
2019-05-08,上交所受理科创板拟上市企业北京金山办公软件,新浪
2019-05-08,科创板拟上市企业北京金山办公软件股份有限公司获上交所受理,e公司
2019-05-08,上交所受理北京金山办公软件股份有限公司科创板申请,e公司
2019-05-08,金山办公改道科创板 募资额增近三倍,北京商报网
2019-05-05,互联网流量价格触底回升了？泛娱乐内容平台受益最大,互联网与娱乐怪盗团
2019-04-17,来了！科创板首单发行CDR的公司过会，雷军为重要股东，红筹回归科创板加速,中证报
2019-04-01,金山软件2018年营收达59.06亿元 董事长雷军表示云业务发展快速,中证网
2019-04-01,金山软件(3888.HK)：云+WPS带来惊喜，静待游戏年中起飞,格隆汇
2019-03-28,金山软件(03888)：游戏反转将大幅改善盈利能力,学恒的海外观察
2019-01-28,金山软件(03888.HK)：剑网再发力，办公升级，云助力,格隆汇
2019-01-23,谁在坚守一个30年的正版江湖？这个公司，比阿里更重“武侠”,腾讯网
2019-01-14,广证恒生-沪深港通月报-港股通月流入创2年新高，北上成交额创新高-20200303,广证恒生策略研究
2019-01-07,【华泰计算机】华为鲲鹏生态带来哪些产业机遇,华泰计算机研究
2018-11-27,小米武汉总部开工 打造AI光谷新高地,和讯
2018-11-16,金山软件Q3财报由盈转亏昔日巨头还有希望迎来发展第二春吗？ 亏损,砍柴网
2018-11-16,“中国声谷”产业园二期开园 人工智能应用加速,第一财经
2018-11-15,“中国声谷”产业园二期开园 首批30家AI企业入驻,中新网
2018-11-14,【海外科技-胡又文】金山软件（3888.HK）2H18乏力，静待2019,安信证券研究
2018-11-12,金山软件第三季度亏损接近6000万 雷军称公司现行游戏承压 亏损,经济观察网
2018-11-12,金山软件第三季度净亏损5925.80万元 由盈转亏 亏损,新浪
2018-11-05,金山办公30年 WPS产品月活用户超2.8亿,凤凰网
2018-09-28,[港股异动]WPS业务或有惊喜 金山软件(03888.HK)拉升8%,格隆汇
2018-08-25,安信研究|TMT向新力·第二十六期 20180825,安信证券研究
2018-08-23,"金山软件:WPS超预期,静待新游上线",安信证券
2018-08-22,从金山到美图，最近港股流行“业绩杀”，但这只苹果概念股暴跌10%后上演绝地反击！ 盈利能力下降,e公司
2018-08-17,2018iWorld数字世界国际论坛开启思想盛宴,砍柴网
2018-07-20,小米上市后雷军首回武汉：打造小米第二总部 万人规模,驱动之家
2018-07-20,雷军：希望10年内将小米武汉总部建设成上万人公司,凤凰网
2018-07-11,【金山软件（03888.HK）】比肩微软，云起江湖,中信证券研究
2018-07-05,而立之年的WPS再出发：告别Office，拥抱云和AI,21世纪经济报道
2018-07-04,【兴证计算机】金山办公的成长与边界?,兴业计算机团队
2018-06-27,自主可控操作系统要从“可用”走向“好用”,中国经济网
2018-05-28,"金山软件:办公软件增长强劲,《指尖江湖》9月将上线",国金证券
2018-05-25,金山第一季度游戏收入6.32亿元 剑网3用户被吃鸡游戏抢夺,DoNews
2018-05-24,港股异动︱金山软件(03888)涨近4% 游戏板块或于Q3迎拐点,智通财经
2018-05-24,国金晨讯|华策影视经营性现金流大幅转正，全网剧龙头强者恒强尚有40%空间；金山软件办公软件增长强劲，全年收入望超管理层指引,国金证券研究所
2018-05-24,"【海外科技-胡又文】金山软件（3888.HK）1H游戏板块及利润持续承压,待Q3《剑网3》上线带来拐点",安信证券研究
2018-05-23,WPS 拆分、游戏遇困，雷军的金山为什么而奋斗？,腾讯网
2018-05-23,金山软件一季度点评：办公软件增长强劲，《指尖江湖》将于9月上线,微信
2018-05-10,WPS+云办公商业版正式上线 为企业而生的一站式云办公平台,DoNews
2018-04-27,区块链技术或成版权保护最佳“武器” 创作即确权,科技日报
2018-04-25,中国真的没有自主创新的科技企业吗？,DoNews
2018-04-25,金山WPS坚持自主创新 助力网络信息安全,砍柴网
2018-04-19,国信证券多行业联合深度 | 自主可控，大势所趋、必由之路,追寻价值之路
2018-04-10,WPS牵手阿里云，让办公更随心所欲,砍柴网
2018-04-04,“隐形冠军”的新生——金山办公与新办公内容时代,搜狐
2018-04-04,打通连接两亿用户的信息高速路，金山WPS ADX 3.0广告平台全新发布,DoNews
2018-03-27,金山软件2017年全年营收超51亿元 金山办公IPO进展顺利,证券日报
2018-03-27,WPS政务办公云亮相安全可靠技术和应用研讨会,中新网
2018-03-26,流量变现持续升温：金山办公发力内容风口,21世纪经济报道
2018-03-26,引领内容风口，金山WPS与内容创作者启航新生态,DoNews
2018-03-24,金山软件2017年营收51.8亿元，游戏全年创收31.2亿元,砍柴网
2018-03-23,CDR传言频出真假难辨 拟IPO“独角兽”静候上市东风,21世纪经济报道
2018-03-21,21日晚公告精选丨多公司发布减持公告,21世纪经济报道
2018-03-21,金山软件公布2017年财报，扭亏为盈净利32亿,猎云网
2018-03-21,金山软件：2017年盈利32亿 金山办公IPO进展顺利,e公司
2018-02-08,雷军和他的“29岁之子”金山办公,搜狐
2018-01-30,为了让你更好地加班和离婚，WPS 操碎了心,品玩
2018-01-29,能源供给侧改革 WPS+云办公助力企业拥抱云时代,砍柴网
2018-01-24,【安信海外】继续推荐金山软件（3888.HK）,诸海滨科新先声
2018-01-23,企查查带你看：小米IPO快了，雷军有望成为中国新首富！,苏南网
2018-01-23,大咖直播|豆瓣内容副总经理：王思聪、张一鸣、周鸿祎烧钱混战，直播答题究竟如何实现商业变现？,搜狐
2018-01-19,研报精选：海外券商大对比，机构首推金山“买入”评级,格隆汇
2018-01-09,WPS Office新版本首次曝光 “All in One”主打融合概念,砍柴网
2018-01-08,全球用户总量超16亿，WPS Office如何破局产品用户运营？,砍柴网
2018-01-05,资本加持金山云融资5.2亿美元全面布局金融行业,中国网
