date,sentence,col3
2021-12-31,石头科技(688169.SH)：减持期过半 股东丁迪、高榕、启明均未减持,格隆汇
2021-12-31,33股获券商买入评级，中新药业目标涨幅达68.41%,Wind
2021-12-31,开源金股，1月推荐,开源证券研究所
2021-12-30,智能家居战场又添一员，海康威视分拆萤石网络上市，半年营收20亿,36氪
2021-12-29,扫地机器人市场群雄逐鹿 谁能引领下一次技术潮流？,中国家电网
2021-12-29,中国区域金融力排行榜：北京登顶，江浙紧逼,Wind
2021-12-29,“十四五”机器人产业、智能制造发展规划出炉，机器人产业迎来发展窗口期,Wind
2021-12-29,销量大增三成 清洁电器正“收割”你的钱包,重庆商报
2021-12-28,石头科技(688169)：三个维度看石头科技全球竞争力,国金证券股份有限公司
2021-12-28,科沃斯的警报解除了吗？,凤凰网
2021-12-27,东北证券：清洁电器持续热销，厨房电器保持景气,财联社
2021-12-27,家电周观点||高成长品类景气度延续，继续看好家电成长股及白电反弹,LV微服思纺
2021-12-26,周末榜单 | 中信建投十大热门研报,中信建投证券研究
2021-12-24,A股资金流向：“弃宁投茅”显露调仓痕迹,Wind
2021-12-24,“金智奖”2021金融界上市公司价值评选结果揭晓 石头科技CEO昌敬等十人荣获中国上市公司杰出创新发展领袖奖,金融界
2021-12-23,行业龙头市值近千亿，扫地机器人会成为下一个“空调”吗？,读懂财经
2021-12-23,石头科技法国黑五卖疯了：GMV 同比增长 767.2%,IT之家
2021-12-20,中一签赚10万，最贵新股扬眉吐气！中信赚1.8亿,Wind
2021-12-19,史上最贵新股明天上市，近万亿巨头回归A股！,Wind
2021-12-19,张坤套现苏泊尔，多只基金却抄底，公募持股现分歧,Wind
2021-12-18,张坤抛售重仓五年的苏泊尔，顶流基金看淡个股还是行业？,Wind
2021-12-18,下周781亿市值限售股解禁，三家公司解禁超百亿 解禁,Wind
2021-12-17,资本开支加大，油服迎周期性盈利改善,Wind
2021-12-17,A股资金流向：成长、权重双双熄火，低价股抱团逻辑仍在演绎,Wind
2021-12-17,中国扫地机品牌走红全球，石头科技法国黑五期间GMV同比增长767.2%,金融界
2021-12-16,速卖通今日头条盘点|2021-12-16,亿邦动力
2021-12-16,A股资金流向：短线资金继续加码热门题材股,Wind
2021-12-16,国君家电|石头科技股权激励计划第一期归属事件点评：股权激励部分归属，整体发展稳中向好,小蔡看家电
2021-12-16,石头科技：2021年12月13日高管本人或关联人万云鹏增持股份3009股,资本邦
2021-12-16,疯狂的扫地机器人：三巨头市占80%，后浪掘金下半场,21商评网
2021-12-15,开源证券：给予石头科技买入评级,证券之星
2021-12-15,负债率高达80％，海康威视子公司萤石网络冲击A股 偿债能力下降,腾讯网
2021-12-15,暖风频吹，筑底回升：地产后周期迎估值修复,Wind
2021-12-15,石头科技注册资本从6667万元增加至6679万元,乐居财经
2021-12-15,扫地机器人正狂吸金,子弹财经
2021-12-14,2022年家电行业投资策略：改善趋势渐行渐近 修复空间充分打开,新浪
2021-12-14,石头科技(688169.SH)1.59万股归属股票将于12月20日上市流通,智通财经
2021-12-14,石头科技(688169.SH)：1.589万股限制性股票拟归属,格隆汇
2021-12-13,小米双线造车：控股公司智米科技筹备造车,Wind
2021-12-13,茅指数与宁组合同台竞技，两大赛道谁技高一筹？,Wind
2021-12-12,华创家电·双周报丨“黑五网一”新趋势，跨境国牌持续发力,一超家电研究
2021-12-12,家电周观点||11月成长小家电品类高景气度延续、政策利好预期提升，继续看好家电成长股及白电反弹,LV微服思纺
2021-12-11,最惨腰斩后，“茅指数”王者归来，股王重振雄风！,Wind
2021-12-10,石头科技：在2018年5月欧盟《通用数据保护条例（GDPR）》生效前，公司即完成了GDPR合规体系的建设,每日经济新闻
2021-12-10,80后“科技扫地僧”，7年扫出百亿美金上市公司,Ofweek
2021-12-10,看到了疯狂却没看到残酷，数据显示机器人行业死亡了2.4万家企业,Ofweek
2021-12-08,上市≠上岸 富佳实业下半场故事如何讲?,中国家电网
2021-12-08,2022年轻工行业投资策略报告：把握中下游消费属性板块盈利修复行情,新浪
2021-12-08,2021证券之星财经风云榜年度评选圆满收官,证券之星
2021-12-08,和讯SGI指数2021年度白皮书：全景透视七大新兴行业,和讯
2021-12-08,云米科技营收同比下降28.9%，陷入亏损困境 亏损,百度新闻
2021-12-08,史上最贵新股，明天打新！每股557.8元，你申购吗,Wind
2021-12-07,A股资金流向：赛道股再度下杀，资金进驻价值蓝筹,Wind
2021-12-07,一家机器人公司决定先卖好扫地机｜隐形巨头,36氪
2021-12-06,家电行业2022年度策略：复苏与景气同行,新浪
2021-12-06,家用电器行业周报：集成灶市场增势强劲 国产品牌占优,新浪
2021-12-06,A股资金流向：新能源再遭集中抛售，大金融成“避风港”,Wind
2021-12-06,机械设备行业：服务机器人 高速新赛道,新浪
2021-12-06,石头科技：扫地机器人领军者、“大而强”的生活应用创新龙头,证券之星
2021-12-06,深度*行业*家用电器行业周报：洗烘一体机增速亮眼 传统家电盈利持续复苏,新浪
2021-12-06,家电周观点||海外消费回流线下致黑五平淡，期待高基数后改善,LV微服思纺
2021-12-05,【西部家电|深度】科沃斯：产品为基，营销赋能，成就清洁电器绝对龙头,微信
2021-12-05,家用电器行业：11月清洁电器、投影仪线上销售高增长,广发证券
2021-12-05,家用电器研究周报：12月空调外销排产饱满,光大证券
2021-12-03,家电及相关：21年“黑五季”落幕 海外消费仍具韧性,新浪
2021-12-03,家用电器行业周报：聚焦厨电新势力 洗碗机赛道寻良机,新浪
2021-12-02,“硬科技”之两大派系代表：石头科技VS思瑞浦,证券之星
2021-12-02,高业绩支撑的石头科技，持续释放产品势能,中金在线
2021-12-02,9只科创板股获北向资金减仓,证券时报网
2021-12-02,盘前有料丨又一调味品公司宣布提价；证监会否认禁止VIE企业境外上市…重要消息还有这些,证券时报
2021-12-02,天风Morning Call·晨会集萃·20211202,天风研究
2021-12-01,家电行业2022年上半年投资策略：边际改善初现 黎明将至,新浪
2021-12-01,A股资金流向：主线不明题材股炒作继续，资金挖掘低位补涨,Wind
2021-12-01,家用电器行业周报：如何看待新能源汽车热管理行业前景,新浪
2021-12-01,家电行业2022年投资策略：把握低估值白马及高景气赛道 边际向好 复苏之年,西南证券
2021-11-30,A股资金流向：新能源分歧加大，外资尾盘被动配置加剧波动,Wind
2021-11-30,科创板第一高价股PK：思瑞浦的模拟芯片VS石头科技的扫地机,证券之星
2021-11-30,机械设备行业专题研究：电力交易市场化加速电网智能／数字化,新浪
2021-11-29,[快讯]扫地机器人下半场 社会化营销、渠道布局等多维角力,全景网
2021-11-29,A股资金流向：赛道股再度大涨“吸金”,Wind
2021-11-29,家用电器研究周报：10月空调内销回暖 海外需求维持旺盛,光大证券
2021-11-29,家用电器行业周报：出口数据韧性十足 海外家电需求有望回暖,新浪
2021-11-29,机械设备行业研究周报：国内半导体设备行业将迎来高速发展,新浪
2021-11-29,开源金股，12月推荐,开源证券研究所
2021-11-29,扫地机器人龙头，海外乘风破浪,微信
2021-11-29,家电周观点|| 建议关注海运及原材料改善下的板块机会,LV微服思纺
2021-11-28,家用电器行业：洗碗机行业增速回暖 嵌入式成趋势,广发证券
2021-11-27,扫地机器人的“喋血江湖”,36氪
2021-11-26,石头科技宣布完成董事会换届选举,新浪
2021-11-26,"营收净利均“身陷囹圄”,云米科技的Q3流年不利",Ofweek
2021-11-25,A股资金流向：题材股退潮，资金再度开启高切低模式,Wind
2021-11-25,“扫地茅”科沃斯 行业第一还能当多久？,联商网
2021-11-25,家电行业：新兴家电量价齐升 长期看好头部品牌,国金证券股份有限公司
2021-11-24,家用电器行业2021W47周度研究：盘点家电企业第二成长曲线,新浪
2021-11-24,市场爆发、竞争格局分化：智能清洁电器迎来“三强领跑”新局势,中国企业报
2021-11-23,家用电器行业周报：10月家电零售数据向好 家空市场景气度上扬,新浪
2021-11-22,双十一活动涉嫌欺诈？,深水财经社
2021-11-22,家用电器行业：本周年度策略发布 长期关注时代红利 短期布局边际改善机会,新浪
2021-11-22,家电板块发力走高 天际股份、德业股份等涨停,证券时报网
2021-11-22,家用电器行业：新兴品类高景气度延续 静待板块估值修复,新浪
2021-11-22,家电周观点|| 继续看好家电成长股及白电反弹，新增推荐苏泊尔,吕明可选消费研究
2021-11-21,中信建投：家电行业仍系消费领域中的优质资产，建议关注修复反弹行情,Wind
2021-11-21,家用电器行业：10月空调内外销增速回暖,广发证券
2021-11-21,家用电器行业策略：利润弹性、业绩增速、供给能力三个维度看家电,新浪
2021-11-19,A股资金流向：大金融午后发力，权重股获资金回流,Wind
2021-11-19,和讯SGI新产业TOP10：数字化升级迎来爆发 新业态竞相显露,和讯
2021-11-19,家用电器业行业：美国关税减免预期下的家电行业机会,新浪
2021-11-18,家电9月数据点评：需求平淡 关注盈利修复,新浪
2021-11-18,聚焦研发延伸产品链，石头科技投入3亿将智能清洁做成长期生意,财经网
2021-11-18,智能清洁“三巨头”：科沃斯“稳健”，石头“敏锐”、追觅“灵动”,Ofweek
2021-11-18,A股资金流向：题材快速切换，新能源内部分化,Wind
2021-11-18,石头科技自清洁新品拉动业绩高增可期,Ofweek
2021-11-18,家电个股周三涨停！原材料价格企稳回落，内部板块分化， 机构预期或迎盈利上行拐点,ZAKER
2021-11-18,石头科技：公司主要产品有智能扫地机器人、手持无线吸尘器、洗地机、商用清洁机器,Wind
2021-11-18,清洁电器三季报:产品结构升级带来诸多变化,艾肯家电
2021-11-18,“数据会说话”之2021年10月数据解读：10月社零数据符合预期 看好中国消费韧性,新浪
2021-11-17,家用电器行业周报：地产政策或调整 重视家电投资机会,新浪
2021-11-16,家用电器2021W46行业研究周报：双十一家电销售全景追踪,新浪
2021-11-16,扫地机器人「翻在」大海上,投资界
2021-11-16,石头科技的未来谈不上乐观？,Ofweek
2021-11-16,家电及相关观点聚焦：第五次调整周期后 竞争力差异中找阿尔法,新浪
2021-11-16,16股获券商买入评级，光大银行目标涨幅达66.17%,Wind
2021-11-15,家电周观点|| 双十一行业表现亮眼，看好家电成长股及白电反弹,吕明可选消费研究
2021-11-15,保价措施遭质疑，这个双11，科沃斯扫地机器人把消费者惹怒了,AI财经社
2021-11-15,A股资金流向：新能源遭资金集中抛售,Wind
2021-11-15,机器人行业周报：各标的双十一销售再创新高 服务机器人赛道强势成长,新浪
2021-11-15,科沃斯，双十一扫了一地鸡毛,搜狐
2021-11-12,有两把刷子的清洁高手！石头智能双刷洗地机 U10 体验,IT之家
2021-11-12,石头科技三季度“产品+研发”双轮蓄力，四季度业绩值得期待,搜狐
2021-11-12,黑马扫地机器人，云鲸J2的创新逻辑,Ofweek
2021-11-12,是敌是友？小米扫地机器人“养八子”，为何份额仍不敌科沃斯？,新浪
2021-11-11,“扫地茅”终究不是造富神话,Ofweek
2021-11-10,家电行业三季报综述：三季度营收增速放缓 行业表现延续结构性分化 盈利能力下降,新浪
2021-11-10,颠覆技术引领行业新风向 由利UONI A1 Pro将扫地机器人卷进水洗3.0时代,Ofweek
2021-11-10,A股资金流向：锂电三杰遭抛售，恒瑞医药午后暴拉吸金,Wind
2021-11-10,造纸轻工行业周报：10月新兴品类线上销售额延续高增 厨小电同比尚未转正,新浪
2021-11-10,疯狂的石头科技，扫地机器人还能坚挺多久？,Ofweek
2021-11-09,2021三季度机械业绩总结报告：整体持续高增 专用设备表现亮眼,新浪
2021-11-09,【IPO前哨】又一家扫地机器人公司拟上市，能否再创石头科技的“疯狂”？,财华社
2021-11-09,石头科技拟4.5亿美元开展外汇套期保值业务,上证报
2021-11-09,石头科技(688169.SH)选举谢濠键为职工代表监事,智通财经
2021-11-09,家电行业10月月报及11月投资策略：拾级而上,新浪
2021-11-08,电商行业双十一深度：消费竞技场品牌力为主导,国金证券股份有限公司
2021-11-08,石头科技的增长焦虑,36氪
2021-11-08,投资人都关心的“双11”集齐2大重磅事件,Wind
2021-11-05,雷军相中，叫板戴森，这家“扫地僧”能否掀翻科沃斯？,格隆汇
2021-11-05,首创证券给予石头科技买入评级：Q3 营收增速环比回升，盈利水平短期承压,每日经济新闻
2021-11-05,扫地机器人“翻在”大海上,36氪
2021-11-05,【家用电器】家电行业2021三季报综述 — 新品类维持高景气，产品结构持续优化,中银证券研究
2021-11-04,石头科技：科技创新属性再凸显，三季度营收稳步增长,证券之星
2021-11-04,石头科技：市场扰动下持续加大研发投入 坚持做困难但正确的事,中国网
2021-11-04,2021前三季度营收连续增长，石头科技“技术+品牌”合力效果显著,猎云网
2021-11-04,扫地机高渗透率逻辑不变，机构增持石头科技股价飘红,金融界
2021-11-04,家用电器行业9月数据月报：家电社零增速回升,广发证券
2021-11-04,石头科技：股东减持伴随巨头簇拥，“家电茅”如何突围？ 减持股份,每日财报
2021-11-04,出口产业链多行业联合分析：集装箱货代端运价回落 产业链利润有望向中游转移,新浪
2021-11-03,数读智能清洁行业三季报，打了谁的脸？,投资家
2021-11-03,家电成色越来越重，科沃斯或“降维”到家电股，营收仅为美的的3%，如何撑起千亿市值,财联社
2021-11-03,石头智能双刷洗地机 U10 体验：顽固污渍大克星,IT之家
2021-11-03,A股资金流向：资金高位出逃新能源，隆基股份净卖出超18亿,Wind
2021-11-03,扫地机器人下半场，不仅拼产品还要拼服务,Ofweek
2021-11-03,天风证券维持石头科技增持评级：外销海运改善平稳增长，内销新品推出备战大促,每日经济新闻
2021-11-03,天风证券：给予石头科技增持评级,证券之星
2021-11-03,聚焦研发延伸产品链，石头科技投入3亿要把智能清洁做成长期生意,中国网
2021-11-03,股价重返千元，石头科技“增收不增利”？ 盈利能力下降,Ofweek
2021-11-02,华创证券：维持石头科技(688169.SH)“强推”评级 目标价1390元,智通财经
2021-11-02,三个月跌去500亿市值，“扫地茅”科沃斯神话不再,36氪
2021-11-02,石头科技三季报聚焦科研创新：研发投入大幅增长超80% 自清洁新品势能持续释放,金融界
2021-11-02,焦点分析丨三个月跌去500亿市值，“扫地茅”科沃斯神话不再,36氪
2021-11-02,国信证券：给予石头科技买入评级,证券之星
2021-11-02,小家电风口转向：网红破壁机卖不动，扫地机器人成新宠,时代周报
2021-11-01,国君家电|石头科技21Q3点评：Q3营收符合预期，利润增速放缓 盈利能力下降,小蔡看家电
2021-11-01,科沃斯、石头科技营收双双大涨，谁会是未来的“扫地之王”？,Ofweek
2021-11-01,2021前三季度营收连续增长，石头科技“技术+品牌”合力效果显著,猎云网
2021-11-01,石头科技(688169)：Q3海外增长超预期 利润承压,广发证券
2021-11-01,家电行业周报：双11在即 短期拉动行业需求,新浪
2021-11-01,图解石头科技三季报：第三季度单季净利润同比减17.01% 盈利能力下降,证券之星
2021-11-01,西部证券给予石头科技买入评级：营收明显改善，盈利能力有所下滑 盈利能力下降,每日经济新闻
2021-11-01,石头科技(688169)2021年三季报点评：收入增速企稳回暖 看好新品发力与第二成长曲线,新浪
2021-11-01,科沃斯(603486)2021年三季报点评：双轮驱动业绩弹性突出 股权激励彰显长期信心,新浪
2021-11-01,家用电器行业：Q3业绩筑底 环比改善可期,广发证券
2021-10-31,石头科技：前三季度净利润10.16亿元，同比增长12.98%,资本邦
2021-10-31,石头科技三季报交卷：营收净利持续增长 继续发力技术创新 研发费用同比涨超80%,每日经济新闻
2021-10-31,石头科技(688169)2021年三季报点评：收入增长环比改善 Q3净利率同比下滑 盈利能力下降,光大证券
2021-10-31,华创家电秦一超丨石头科技：盈利短期承压，期待环比改善,一超家电研究
2021-10-31,招商家电｜石头科技（688169.SH）-Q3收入回暖，盈利能力承压，长期增长动力充足,招商家电研究
2021-10-31,安信证券维持石头科技买入-A评级：Q3单季度收入保持较快增长,每日经济新闻
2021-10-31,研发、人才与产品多向循环，石头科技抢占千亿清洁家电市场,经济观察报
2021-10-31,国盛证券维持石头科技增持评级：盈利能力短期承压，双新品有望于Q4发力,每日经济新闻
2021-10-30,开源证券给予石头科技买入评级：Q3内外销收入均超市场预期，新品放量趋势显现,每日经济新闻
2021-10-29,石头科技三季度营收增长22.88%,北京商报
2021-10-29,石头科技第三季度净利润同比下降17% 盈利能力下降,上证报
2021-10-29,一文看清大消费行业七大赛道龙头股,Wind
2021-10-29,石头科技前三季度营收增长28% 研发投入增长80%,上证报
2021-10-29,石头科技：第三季度实现营收14.79亿元，同增22.88%,36氪
2021-10-29,石头科技：第三季度净利润3.64亿元 同比下降17% 盈利能力下降,科创板日报
2021-10-29,石头科技公布三季报 前三季净利增加12.98%,新浪
2021-10-29,石头科技三季报出炉，研发投入增幅超80%,中国家电网
2021-10-29,[公司]自清洁业务布局助力业绩增长 石头科技2021年前三季度科研投入同比增逾八成至3.11亿,全景网
2021-10-29,石头科技：前三季度净利润同比增长12.98%,Wind
2021-10-29,石头科技：前三季度实现营收38.27亿，研发投入同增80%,新浪
2021-10-29,石头科技：第三季度净利润3.64亿元 同比下降17.01% 盈利能力下降,财联社
2021-10-29,10只科创板股获北向资金减仓,证券时报网
2021-10-28,科沃斯VS石头科技扫地机器人，谁更胜一筹,Ofweek
2021-10-28,“扫地茅”科沃斯真的名副其实吗？,金融界
2021-10-27,A股资金流向：新能源板块虹吸效应显著,Wind
2021-10-26,A股资金流向（10月26日）：新能源板块遭获利盘打压，超跌TMT成为避风港,Wind
2021-10-26,石头科技(688169.SH)：3名股东拟合计减持不超3%的股份 拟减持股份,格隆汇
2021-10-26,A股异动 | 石头科技(688169.SH)跌5% 3名股东拟合计减持不超3%股份 拟减持股份,格隆汇
2021-10-26,犀牛晚讯：哈药股份前三季度净利4.87亿 青青稞酒前三季度净利8537万,GPLP犀牛财经
2021-10-25,家电周报：白电市场均价延续增长 烟灶线下销量降幅收窄,新浪
2021-10-25,智能家电产业政策红利释放，扫地机器人龙头石头科技持续升级产品,中国网
2021-10-25,倚重研发掌握多项核心技术，石头科技充满想象空间,每经网
2021-10-25,石头科技自有品牌快速崛起，产品多元化布局释放巨大潜力,金融界
2021-10-25,石头科技的“底气”：新品迭代迅速，市占率稳居全球Top3,证券之星
2021-10-25,南财脱水研报｜家电板块股票迎久违大涨，双十一叠加估值低位，防御价值凸显,21经济网
2021-10-25,晚间公告｜10月25日这些公告有看头,第一财经
2021-10-25,石头科技3名股东拟合计减持不超过200万股，占总股本3% 拟减持股份,乐居财经
2021-10-25,石头科技：三名股东拟合计减持不超3%股份 拟减持股份,e公司
2021-10-25,石头科技：股东丁迪、高榕、启明拟合计减持不超过3% 拟减持股份,36氪
2021-10-25,石头科技：3名股东拟合计减持公司股份不超3% 拟减持股份,Wind
2021-10-25,家电行业周报21W43：房地产税落地 关税豁免与双十一新品关注,新浪
2021-10-22,季报行情打响 这三大行业稳增长势头不改,金融投资报
2021-10-22,石头科技践行科技创新理念 产品势能持续释放,和讯
2021-10-22,添可十亿扩产能，科沃斯「豪赌」洗地机,搜狐
2021-10-22,家电股集体飙涨 机构：预计板块整体将迈入修复阶段,第一财经
2021-10-22,独家！科沃斯VS石头科技扫地机器人技术布局对比(附专利总量对比、合作申请对比、重点专利布局对比等),证券之星
2021-10-22,【中原家电】家电行业周报：9月地产及社销数据点评，看好高成长与高景气行业龙头,中原证券研究所
2021-10-22,【东北家电陈玉卢】石头科技（688169）深度报告：扫地机器人行业量价齐升，石头仰望星空,东北证券研究所
2021-10-21,C轮融资高达36亿元！华兴领头、小米等跟进 这家清洁家电公司有何秘籍？,财联社
2021-10-21,成立5年仅有2款产品，扫地机器人云鲸如何成为行业头部？,Ofweek
2021-10-21,沪股通昨日减持14只科创板股 减持股份,证券时报
2021-10-21,生态链“去小米化”，小米家电还值不值得买？,Ofweek
2021-10-20,A股资金流向（10月20日）：新能源板块再获青睐，但宁德时代连续两日遭净卖出,Wind
2021-10-20,沪股通昨日加仓16只科创板股,证券时报
2021-10-19,造纸轻工行业周报：地产后周期产业链数据每周速递 9月集成灶、洗碗机、清洁电器等新兴品类线上销售保持同比正增长,新浪
2021-10-19,家用电器行业周报：三季报陆续披露 看好龙头公司竞争优势扩大,新浪
2021-10-19,家用电器行业2021W42周度研究：三季度大家电数据点评,新浪
2021-10-19,A股资金流向（10月19日）：消费、保险普反，新能源出现分化,Wind
2021-10-19,【五星股票池】太强了！入选股今天表现亮眼！石头科技涨超10%,新浪
2021-10-19,家用电器行业9月家电零售数据跟踪：白电零售环比改善 集成灶、扫地机高端化趋势明显,华安证券
2021-10-19,先进制造：“十四五”风电下乡50GW 零部件及主机龙头持续受益,新浪
2021-10-18,石头扫拖机器人 T7S 系列体验：解放双手，真的全能,IT之家
2021-10-18,家电行业周报：关注三季报前瞻*,新浪
2021-10-18,发生了什么？5万亿赛道突然大跌：茅台跌6%！,Wind
2021-10-18,家用电器研究周报：滞胀预期渐浓 家电开始跑赢,光大证券
2021-10-18,家电行业解码新家电系列报告(二)：见微知着 从世代更迭看新兴品类确定性成长,国金证券股份有限公司
2021-10-16,券商首次关注1股并给予买入评级（10月16日）,Wind
2021-10-15,机构今日看好这些个股，石头科技获目标价1000元,第一财经
2021-10-15,10月15日科创板主力资金净流入12.03亿元,证券时报网
2021-10-15,石头科技(688169)：产品力卓然 内外销业务共放异彩,新浪
2021-10-15,A股资金流向（10月15日）：“锂光芯”全线上扬，医疗龙头闪崩频现,Wind
2021-10-15,石头科技入选胡润百亿潜力品牌榜，全球化布局支撑百亿营收可能性,中国网
2021-10-15,西部证券给予石头科技买入评级，首次覆盖报告：产品力卓然，内外销业务共放异彩，目标价格为1000元,每日经济新闻
2021-10-15,农银汇理消费女神跌落神坛，横跨多赛道，基金主题“跑偏”？,新浪
2021-10-15,【行业深度】洞察2021：中国扫地机器人行业竞争格局及市场份额,Ofweek
2021-10-15,扫地机器人市场，领风骚还要看国产品牌,36氪
2021-10-14,开源证券维持石头科技研报，公司信息更新报告：9月内外销改善，迎来布局新时点,每日经济新闻
2021-10-14,开源证券：给予石头科技买入评级,证券之星
2021-10-14,5只科创板个股主力资金净流入超3000万元,证券时报
2021-10-14,家用电器行业2021三季报业绩前瞻：业绩平稳着陆 盈利拐点已至,新浪
2021-10-14,A股资金流向（10月14日）：主线之争！新能源KO消费暂时领先,Wind
2021-10-13,A股资金流向（10月13日）：“茅宁”归来，消费、新能源板块携手回暖,Wind
2021-10-13,石头科技、迈瑞医疗、亿纬锂能涨超5%，科创创业ETF（588360）涨超1%,资本邦
2021-10-13,2只科创板股获北向资金减持超千万元 减持股份,证券时报
2021-10-12,家用电器行业研究周报：9月及Q3小家电数据点评,新浪
2021-10-12,家电行业月报：部分高景气度细分龙头进入估值合理区间,新浪
2021-10-12,A股资金流向（10月12日）：市场热点匮乏，资源股再成杀跌主力,Wind
2021-10-12,26股获券商买入评级，中远海控目标涨幅达113.90%,Wind
2021-10-12,7年之痒，家电公敌小米的中期烦恼,新浪
2021-10-11,家用电器行业周报：加征关税若减免 家电公司受益几何,新浪
2021-10-11,A股资金流向（10月11日）：资金延续避高就低态势，大金融板块获青睐,Wind
2021-10-11,家用电器行业周报：国庆高端智能家电消费表现亮眼 9月淘系数据出炉,新浪
2021-10-09,财富2021年中国最具影响力30位投资人出炉,Wind
2021-10-09,家用电器行业：冰箱内销环比改善 洗衣机内外销短期承压,华安证券
2021-10-08,石头科技：丁迪累计减持3.9万股，启明累计减持18.9592万股 减持股份,Wind
2021-10-08,机械设备行业研究周报：画龙还需点睛 机器视觉行业前景广阔,新浪
2021-10-08,智能清洁市场走俏 石头科技内、外销齐发力加快全球化步伐,全景网
2021-10-08,A股4季度机会在哪里？券商公募形成一共识,Wind
2021-10-08,家用电器行业研究周报：各家电品类近期上新产品总结,新浪
2021-10-07,16只“潜力股”有翻倍预期？券商研报透露这些股票上涨空间大,Wind
2021-10-07,16只“潜力股”有翻倍预期？券商研报透露这些股票上涨空间大,上证报
2021-09-30,20多家券商集体力荐，石头科技“乘风破浪”,和讯
2021-09-30,[中国好公司]横评科沃斯vs石头科技：快速增长的清洁电器赛道终局几何,新浪
2021-09-30,第二高价股易主！CRO概念股美迪西顶替石头科技，医药女神大赚,AI财经社
2021-09-30,双 11 好物清单：这四款口碑极佳的智能家居产品，值得购买！,IT之家
2021-09-30,国盛证券：首予石头科技(688169.SH)“增持”评级 扫地机渗透率或持续提升,智通财经
2021-09-29,科沃斯、石头、追觅大混战，扫地机器人内卷了？,观察者网
2021-09-29,这个行业，解放双手，未来将持续存在机会！,格隆汇
2021-09-29,深度*行业*扫地机行业点评：云鲸发布新品 加速扫地机全自动技术进程,新浪
2021-09-29,兴业基金一产品业绩下挫从云端坠落，投资风格漂移、文不对题,和讯
2021-09-28,科沃斯：创一代、创二代“磨”与“合”的进阶样本,财经杂志
2021-09-28,石头科技前三季度营收38亿，研发投入同比上涨超80%,亿欧网
2021-09-27,家用电器行业周报：三季度家电淘数据总结,华安证券
2021-09-27,机械设备行业研究周报：懒人经济下科技创新 扫地机器人长期逻辑坚定,新浪
2021-09-27,家电行业周报：社零可选消费品数据不佳 集成灶、洗碗机发布行业白皮书,新浪
2021-09-27,北上资金流入A股速度趋缓，连续七周加仓16股,Wind
2021-09-26,家电8月数据点评：需求回落 关注格局与新品,新浪
2021-09-26,聪明资金最新动向曝光！连续11周加仓这个行业,Wind
2021-09-26,家用电器研究周报：Q4有望开启估值切换行情,光大证券
2021-09-26,家用电器行业：月空调内销增速放缓 外销增速回暖,广发证券
2021-09-26,云鲸新品J2发布，未来扫拖一体机能够像洗衣机一样走进千家万户吗,北国网
2021-09-26,云鲸新品J2发布！会再次引领扫地机器人市场新风向吗？,中国家电网
2021-09-24,A股资金流向（9月24日）：资金连续三日大幅出逃资源股,Wind
2021-09-24,茅台突然大涨，4000亿酱茅拉涨停！煤炭股却崩了,Wind
2021-09-23,石头科技：研发构建扫地机器人的未来增量,和讯
2021-09-22,“数据会说话”之2021年8月数据解读：8月疫情防控升级 社零增速不及预期,新浪
2021-09-22,让“痛点成为卖点”，石头科技，把扫地机器人做到了极致与智能,红周刊
2021-09-21,家用电器行业周报：地产竣工加速 集成灶、清洁电器板块景气延续,华安证券
2021-09-18,家用电器研究周报(2021年第37周)：上游行业“煤飞色舞” 家电表现中规中矩,光大证券
2021-09-17,【预见】扫地机器人二强相争：科沃斯vs石头科技，谁更强？,财华社
2021-09-17,A股资金流向（9月17日）：消费、资源跷跷板效应显著,Wind
2021-09-16,扫地机器人“双雄会”：科沃斯更大，石头科技更美？,36氪
2021-09-16,9股获券商买入评级，分众传媒目标涨幅达112.80%,Wind
2021-09-16,“家电茅”跌42%，又见投资者爆仓！白马股怎么啦 股票质押异常,Wind
2021-09-15,石头科技x京东直播，50万消费者涌入观看自清洁“黑科技”,金融界
2021-09-15,机械设备行业周报(第三十六周)：关注新三板精选层机械板块细分龙头,新浪
2021-09-15,国泰君安：家电企业基本面处于触底反弹的过程中，下半年竞争优势更加明显,Wind
2021-09-14,家用电器业行业：营收表现优于盈利 下半年内销有望改善,新浪
2021-09-14,家电新消费深度报告：朝阳似火 璀璨燎原,新浪
2021-09-14,干货！2021年中国扫地机器人行业龙头企业对比：科沃斯PK石头科技 谁是行业龙头？,前瞻研究院
2021-09-13,家用电器行业周报：白电回暖 集成灶、清洁电器景气度延续 8月家电淘数据跟踪,华安证券
2021-09-13,扫地机赛道酣战，石头科技携自清洁新品角逐下半场,Bianews
2021-09-13,石头科技：销售遇阻 股东忙套现 减持股份,证券市场周刊
2021-09-13,石头科技：“去小米化”致增速下滑、“高企”资质疑点重重,中金在线
2021-09-11,石头科技拟斥资2.6亿买办公楼 小米悄悄做起房地产生意,网易
2021-09-11,下周750亿市值限售股解禁 解禁,Wind
2021-09-10,石头科技(688169.SH)：拟以2.58亿元自有资金购买自用房产,格隆汇
2021-09-10,扫地机器人出圈，头部企业石头科技营收净利双涨,北京商报
2021-09-10,夯实研发能力、专精科技创新，石头科技让国潮科技更“硬气”,经济观察报
2021-09-10,石头科技(688169.SH)拟以2.58亿元购买小米附属公司一位于北京的房产,智通财经
2021-09-10,境外收入持续放量 石头科技发力B端引机构资金逆势入场,证券日报网
2021-09-10,石头科技(688169.SH)12.38万股归属股票于9月15日上市流通,智通财经
2021-09-10,双节来临，“假日经济”给投资者送福利,Wind
2021-09-10,扫地机器人行业势头强劲，石头科技以研发驱动未来增长,中国网
2021-09-10,家电行业半年报综述：行业景气度稳步回升 配置价值显现,新浪
2021-09-10,石头科技(688169)：高质量增长 家用商用技术持续迭代,新浪
2021-09-09,清洁电器行业复盘：三大品类推陈出新 行业景气持续兑现,新浪
2021-09-09,博力威：目前公司的扫地机器人客户以国内为主，科沃斯和石头科技目前不是公司的客户,每日经济新闻
2021-09-09,直击业绩会|石头科技：正努力应对海运紧张的影响 加大科研营销投入抢占家用和商用清洁市场,财联社
2021-09-08,家电行业周报：盈利回升 估值回落 板块配置价值上升,光大证券
2021-09-08,2万亿板块狂飙，千亿巨头涨停！茅台大跌，千亿光伏崩了,Wind
2021-09-08,石头科技距离天花板还有多远？,搜狐
2021-09-07,家电行业2021年半年报综述及下半年展望：行业或在黎明破晓前 关注行业修复机会,新浪
2021-09-07,A股资金流向（9月7日）：资源、金融双轮驱动，追高资金享受溢价,Wind
2021-09-07,机械设备行业周报(第三十五周)：供需失衡下三大造船指标持续提升 中国造船行业有望更受益,新浪
2021-09-07,2021年家电行业中报总结：营收稳定增长 利润率迈过艰难时刻 家电配置价值提升,光大证券
2021-09-07,家用电器行业周报：龙头配置性价比凸出 关注高成长细分赛道,华安证券
2021-09-07,2021上半年营收23亿 智能清洁老牌玩家石头科技实现商业正循环,GPLP犀牛财经
2021-09-07,家电行业2021年中报综述：春寒料峭 芽尖土掩蓄势发,新浪
2021-09-06,A股资金流向（9月6日）：消费、金融齐发力，创业板龙头获抢筹,Wind
2021-09-06,业绩向好却股价大跌，石头科技哪里让投资人失望了？ 盈利能力下降,凤凰网
2021-09-06,上半年盈利能力优化 石头科技欲寻找“第二增长曲线”,中国经营报
2021-09-06,家用电器2021W36周度研究行业研究周报：小家电企业非电产品现状,新浪
2021-09-03,A股资金流向（9月3日）：多空厮杀激烈，锂电上游龙头“跌落神坛”,Wind
2021-09-03,机械行业周报：龙头中报业绩表现亮眼 工程机械销量数据有望出现改观,渤海证券
2021-09-03,石头科技上半年营收23.48亿元 入局洗地机推进多元化布局,新浪
2021-09-03,家用电器行业深度：乘风破浪的扫地机 行业篇,新浪
2021-09-03,家电行业周报：8月淘数据跟踪：广营销促新消费高增 龙头优势显着,新浪
2021-09-03,石头科技(688169)：业绩持续高增长 新品持续发力,新浪
2021-09-03,家用电器行业周报：冰洗内销环比有所改善 外销短期承压,华安证券
2021-09-02,造纸轻工行业 地产后周期产业链数据每周速递：7月美国地产销售、开工增速均有回落,新浪
2021-09-02,A股资金流向（9月2日）：新能源风云再起，风电板块抢得“C位”,Wind
2021-09-02,延续“科技极客”属性，石头科技自清洁新品增量可观,红周刊
2021-09-02,A股收盘综述：沪指5连涨、创业板指6连阴，风电、煤炭、光伏、大基建央企飙升,Wind
2021-09-02,格力电器再创阶段新低，美的集团、海尔智家、石头科技、老板电器纷纷下滑,Wind
2021-09-02,2000亿牛股崩了，芯片疫苗股重挫，更有4天跌40%,Wind
2021-09-02,A股午盘综述：沪强深弱格局再现，风电、煤炭、光伏、纯碱、磷化工板块飙升,Wind
2021-09-02,石头科技“搅局”扫地机器人市场：研发创新引领行业变革 长期价值获资本市场认可,金融界
2021-09-02,科创板解禁潮汹涌，询价转让渐成减持新趋势,Wind
2021-09-01,西南证券维持石头科技买入评级：自主品牌占比提升，多因素影响增速暂缓,每日经济新闻
2021-09-01,富时罗素季度调整结果出炉，长城汽车、中远海控纳入富时中国A50指数,Wind
2021-09-01,科创板解禁潮汹涌，询价转让渐成减持新趋势,Wind
2021-09-01,A股资金流向（9月1日）：天量巨震下资金大幅调仓，周期与消费金融两级反转,Wind
2021-09-01,石头科技研发人员占比近六成 上半年共销售123万台扫地机器人,每日经济新闻
2021-09-01,民生证券首予石头科技推荐评级，2021年度中报业绩点评：高额研发拓宽技术护城河，第二成长曲线逐步显现,每日经济新闻
2021-09-01,宁组合指数一度再跌近3%，隆基、石头科技、爱尔、爱美客、药明康德大幅下挫,Wind
2021-09-01,科创50盘初跌幅迅速扩大至1%,Wind
2021-09-01,A股早报2021年9月1日星期三,Wind
2021-09-01,2股获券商买入评级，中国电建目标涨幅达99.19%,Wind
2021-08-31,石头科技||受海运影响Q2增速放缓，期待新品放量,吕明可选消费研究
2021-08-31,石头科技，市值之外的故事,和讯
2021-08-31,石头科技收跌18.75% 机构博弈激烈,财联社
2021-08-31,石头科技：科技革新引领行业，撕下扫地机器人的小家电标签,每经网
2021-08-31,隆基股份、伊利股份、石头科技等公司半年报解读,证券之星
2021-08-31,芯片巨头集体大跌，两则消息招来空袭？,Wind
2021-08-31,石头科技今日收跌18.75% 3家机构合计卖出5.01亿元,e公司
2021-08-31,石头科技上半年营利双增，千元股中贵州茅台“一枝独秀”,资本邦
2021-08-31,美团共同富裕表态火了！住建部：青年买不起租不好房，下决心下力气解决,Wind
2021-08-31,A股资金流向（8月31日）：券商股大涨中信证券获抢筹，新能源龙头股集体遭抛售,Wind
2021-08-31,“扫地茅”石头科技股价跌18%，二季度营收、净利增速均放缓,搜狐
2021-08-31,发生了什么？外资突然出手，多股尾盘异动，挂单一度超180亿！,Wind
2021-08-31,石头科技半年报业绩双增：自有品牌拉动盈利能力大增 科技研发构筑多元化产品矩阵,金融界
2021-08-31,上半年营收增速32%，石头科技一度跌停 盈利能力下降,观察者网
2021-08-31,赛道板块加速分化，机构称9月市场处于防御期,Wind
2021-08-31,"""扫地茅""石头科技股价盘中跌停市值蒸发140亿，二季度营收、净利均个位数增长",搜狐
2021-08-31,A股收盘综述：物以稀为贵，Wind稀土指数8月再涨超两成、锂矿指数涨58%,Wind
2021-08-31,石头科技营利双增不敌股价下跌，A股千元“宝座”仅剩茅台,资本邦
2021-08-31,石头科技(688169)2021年半年报点评：业务调整短期承压 期待拖地新品成效,新浪
2021-08-31,【异动股】家电行业板块下挫，石头科技(688169.CN)跌20.0%,财华社
2021-08-31,A股千元股仅剩茅台！爱美客后，石头科技盘中罕见大跌股价破千元,AI财经社
2021-08-31,石头科技触及跌停,36氪
2021-08-31,A股异动 | 石头科技(688169.SH)逼近跌停 破千元大关 二季度业绩增长乏力 盈利能力下降,格隆汇
2021-08-31,芯片、新能源车跌幅扩大，调整不改双创基金资金净申购,Wind
2021-08-31,4000亿酱油茅被砸跌停，各种茅大跌！半导体大跳水,Wind
2021-08-31,半年报解读｜石头科技二季度业绩增长乏力 营销投入及产品布局存隐忧 盈利能力下降,财联社
2021-08-31,A股午盘综述：创业板指跌2.51%，稀土、锂、钢、水泥走强不敌大盘股抛压,Wind
2021-08-31,石头科技：上半年实现净利6.51亿元 同比增长41.57%,中证网
2021-08-31,石头科技半年报：营收净利大幅增长，高端化战略迎来戴维斯双击,证券之星
2021-08-31,科技力筑厚品牌护城河，石头科技(688169.SH)上半年继续释放高业绩弹性,智通财经
2021-08-31,石头科技公布上半年业绩 扫地机器人销出超123万台,凤凰网
2021-08-31,150亿元到手火速建仓！刘格菘隐形重仓股曝光,Wind
2021-08-31,石头科技(688169)：期待自清洁扫地机及洗地机新品放量,新浪
2021-08-30,石头科技：一家活得轻轻松松的百亿美元市值公司,晚点LatePost
2021-08-30,石头科技上半年营收净利双增长 境外收入同比翻番,上证报
2021-08-30,[中报]石头科技21H1营收、净利双双大增 持续高研发投入构筑业绩护城河,全景网
2021-08-30,石头科技上半年营收23.48亿元 研发人员占比近六成,TechWeb
2021-08-30,石头科技发布上半年业绩：自有品牌销售收入占比98.5%,速途网
2021-08-30,石头科技2021年上半年营收增长32.19%,北京商报
2021-08-30,石头科技：持续的业绩增长与潜藏的技术“野心”,中国网
2021-08-30,石头科技上半年净利同比增逾四成,上证报
2021-08-30,石头科技营收净利双增长 自有品牌产品销售占比98.23%,金融界
2021-08-30,石头科技：上半年实现营收23.48亿元，境外收入同比增长超124%,证券时报网
2021-08-30,石头科技：上半年净利润6.51亿元同比增41% 自有品牌产品销售占比超98%,e公司
2021-08-30,石头科技：上半年净利润6.52亿元同比增41.57%,我的钢铁
2021-08-30,石头科技发布上半年业绩：实现营收23.48亿元，同比增长32.19%,中国网
2021-08-30,石头科技：上半年净利6.52亿元 同比增41.57%,财联社
2021-08-30,石头科技(688169.SH)上半年净利升41.57%至6.52亿元,格隆汇
2021-08-30,石头科技：上半年净利润同比增长41.57%,Wind
2021-08-30,又见千亿明星股闪崩！地产龙头股价也大跌6%，公司回应了,Wind
2021-08-30,千亿大白马闪崩跌停，各种茅大跌！新能源、军工爆发,Wind
2021-08-30,家电行业周报21W35：一张图复盘科沃斯扫地机器人 关注家电低估值修复机会,新浪
2021-08-30,科沃斯闪崩跌停打击家电股，格力电器、美的集团、苏泊尔均下滑,Wind
2021-08-30,家用电器行业周报：石头科技再出新品 清洁电器行业继续引爆,新浪
2021-08-30,港股盘前必读：人工智能独角兽商汤科技向港交所递交上市申请,Wind
2021-08-29,2021年全年洗地机全渠道规模将达到53亿元 石头科技连推两款拉动业绩高增或可期,新民晚报
2021-08-27,晚间要闻2021年8月27日星期五,Wind
2021-08-27,科创50指数进行三季度调样，样本市值占比提升3个百分点,Wind
2021-08-27,扫地机器人卡位战：真智能时代，石头科技坚持创新赢取未来,Bianews
2021-08-26,石头科技||双旗舰产品力强劲，新品拉动业绩高增可期,吕明可选消费研究
2021-08-26,发力自清洁细分领域抢占蓝海市场，石头科技势头正兴,经济观察网
2021-08-25,扫地机器人 相关新闻,证券之星
2021-08-25,石头科技：能自清洗的G10、U10发布 技术底蕴和品种拓展能力获验证,证券之星
2021-08-25,掌握消费者家庭清洁核心诉求 石头科技构建核心竞争力,每经网
2021-08-25,A股资金流向（8月25日）：光伏龙头获青睐，三一重工遭大幅抛售,Wind
2021-08-25,发布两款年度旗舰新品 石头科技持续创新打开增量市场,上证报
2021-08-25,石头科技推出两款旗舰新品,中证网
2021-08-25,石头科技发布年度双旗舰新品：水箱能自动补水的扫地机器人+双滚刷洗地机,金融界
2021-08-25,天合光能涨超10%，石头科技跌超5%，科创创业ETF(588360)下跌0.43%,资本邦
2021-08-25,[公司]石头科技推U10、G10两款年度旗舰,全景网
2021-08-25,外资周报第95期：TAPER预期发酵 交易盘大幅外流,新浪
2021-08-25,石头科技双旗舰发布：双刷洗地 U10/ 扫拖机器人 G10，3499元起,IT之家
2021-08-25,石头科技推出两款重磅新品 持续打开增量市场,中国网
2021-08-25,石头科技发布年度双旗舰产品 定位高端市场,财联社
2021-08-25,石头科技发布年度双旗舰新品 开启智能自清洁时代,证券之星
2021-08-25,石头科技发布自清洁新品 创新技术再次领跑,中证网
2021-08-25,双旗舰新品发布 石头科技凭技术再度领跑业界,证券之星
2021-08-25,科创50跌幅扩大至2%，权金山办公大跌14%,Wind
2021-08-25,“机海之战”：石头科技靠两款旗舰新品能飞多久？,美股研究社
2021-08-24,427亿灰飞烟灭！“扫地茅”跌落神坛,投资家
2021-08-24,石头科技(688169.SH)：股东丁迪、启明已合计减持22.8592万股 减持股份,格隆汇
2021-08-24,洗地机市场巨头纷纷入局 添可引领行业加速智能变革,砍柴网
2021-08-24,肖战、王一博、易烊千玺相继代言家电业，意味着什么？,和讯
2021-08-24,家用电器研究周报(2021年第34周)：7月空调内销同比转正 地产销售同比年内首负,光大证券
2021-08-24,真·懒到家了 石头扫拖机器人新品明天发：全方位自清洁,快科技
2021-08-24,7月家电电零售跟踪：集成灶线下强势增长 白电增速扭正,新浪
2021-08-23,晚间重要公告2021年8月23日星期一,Wind
2021-08-23,石头科技(688169.SH)：丁迪及启明已合计减持22.86?万股 减持股份,智通财经
2021-08-23,石头科技：股东减持计划时间已过半,每日经济新闻
2021-08-23,石头科技：丁迪减持0.06%公司股份，启明减持0.28%公司股份,Wind
2021-08-23,原材料价格上涨，产品“缺芯”，扫地机器人的破局之路在何方？,中国家电网
2021-08-23,石头科技智能双刷洗地机 U10 预热视频公布：扫拖吸一体,IT之家
2021-08-23,石头科技全新品类智能双刷洗地机U10来了：干湿垃圾都不怕,快科技
2021-08-23,凯赛生物、康熙诺、石头科技能多股涨超6%，科创创业ETF(588360)涨超2%,资本邦
2021-08-23,家用电器行业研究周报：疫情影响下 主要家电市场渠道结构变化,新浪
2021-08-23,港股盘前必读：港交所将于10月18日推出MSCI中国A50互联互通指数期货,Wind
2021-08-22,扫地机器人升级：这下清洁都不需要动手了,快科技
2021-08-22,下周操盘攻略：调整是长期布局主线机会,Wind
2021-08-22,啥情况？千亿大牛股被富时罗素踢出群，原因竟是这个！,Wind
2021-08-20,未来的企业 | 石头科技下一站：拓宽赛道加码商用清洁机器人,中新经纬
2021-08-20,家用电器行业7月数据月报：空调内销改善 外销增速放缓,广发证券
2021-08-19,“数据会说话”之2021年7月数据解读：7月社零数据低于预期 弱复苏态势延续,新浪
2021-08-19,"石头科技现2笔大宗交易 共成交1,482.34万元",新浪
2021-08-19,石头科技今日大宗交易成交1.25万股，成交价1185.87元折价7.53%,Wind
2021-08-19,2021上半年生活家电持续增长,中国电子报
2021-08-18,石头科技(688169.SH)拟使用募集资金向子公司增资以推进募投项目实施,智通财经
2021-08-18,家用电器行业2021W33周观点：从电商数据看小米系家电品牌及其智能生态+,新浪
2021-08-18,电子行业：坚定看好半导体国产替代 关注消费电子结构性机会,新浪
2021-08-18,石头科技发上半年财报：营收23.48亿元同比增长32.19%,中新网
2021-08-17,A股共发生92宗大宗交易成交18.17亿元（8月17日）,Wind
2021-08-17,131股获买入评级 最新:江山欧派,中财网
2021-08-17,"石头科技现3笔大宗交易 共成交3,132.38万元",新浪
2021-08-17,深度*行业*家用电器行业周报：大家电线上渠道表现更好 集成灶维持较高景气度,新浪
2021-08-17,科创板动态跟踪：网下投资机构违规报价遭处罚 询价转让方式受捧 金融监管处罚,新浪
2021-08-17,扫地机器人国内市场保持高景气 安信证券维持石头科技买入评级,金融界
2021-08-17,家电周报：空调线下景气度回升 烟灶销量降幅收窄,新浪
2021-08-17,安信研究|晨会在线20210817,安信证券研究
2021-08-17,【家电-张立聪】石头科技：清洁电器维持高景气，期待石头新品厚积薄发,微信
2021-08-16,一签仅赚10万：说好的30万去哪儿了？“大肉签”义翘神州还有空间吗？,IPO日报
2021-08-16,安信证券维持石头科技买入评级：清洁电器维持高景气，期待石头新品厚积薄发，目标价1500元,每日经济新闻
2021-08-16,肉签不断！八连板打开上涨空间，次新股翩翩起舞,Wind
2021-08-16,突然“被埋”！千亿龙头跌停，最火赛道也熄火了,Wind
2021-08-16,A股收盘综述：沪指录得6连阳，氢能源板块午后再度爆发,Wind
2021-08-16,宁德时代重挫6%！千亿医药白马罕见跌停,Wind
2021-08-16,超跌消费茅族集体反弹，美的集团涨超5%,Wind
2021-08-16,中签暴赚39万？A股最贵新股今天上市，竟有1600万资金弃购,Wind
2021-08-16,史上最贵新股义翘神州开盘涨超100% 中一签可赚15万元,第一财经
2021-08-16,家电周报：7月电商数据稳健 白电龙头基本面拐点渐近,新浪
2021-08-16,“史上最贵新股”今日上市 “宁组合”面临阶段性挑战,财富动力网
2021-08-15,华创家电 · 双周报 | 供需双向发力，专业服务机器人前景向好,一超家电研究
2021-08-15,A股史上最贵新股明天上市！一签大赚30万？,Wind
2021-08-14,狂欢提前上演！高送转心动股名单来了，潜力股全在这，主力提前抢筹储能、“扫地僧”等硬科技龙头,e公司
2021-08-13,石头科技加码布局商用新赛道 智能清洁市场仍有显着增长空间,e公司
2021-08-13,石头手持无线充电吸尘器 H7 优质体验的背后，源自这些科技创新力,IT之家
2021-08-13,A股资金流向（8月13日）：科技龙头遭集中抛售,Wind
2021-08-13,石头科技：公司是一家具备长期价值的企业 无惧短期内的股价波动,e公司
2021-08-13,石头科技：随着下半年新品投放进一步释放需求 将有望为公司带来加成性份额提升,e公司
2021-08-13,石头科技：不排除通过技术外溢进驻新的赛道 近期将推出新款自清洁类产品,e公司
2021-08-13,石头科技昌敬：2024年国内扫地机器人渗透率将达12%,乐居财经
2021-08-13,石头科技：未来的扫地机将朝着自动化方向发展,e公司
2021-08-13,石头科技：将继续专注于对跨学科技术的研究 尤其是对人工智能等核心技术的研究,e公司
2021-08-13,石头科技：智能清洁赛道未来仍有较大增长空间,e公司
2021-08-13,石头科技：目前算法与数据是公司的核心壁垒,e公司
2021-08-13,【e公司微访谈】石头科技：智能清洁市场仍有显着增长空间 商用新赛道已正式开跑,e公司
2021-08-13,深度*行业*21M7家电月度数据点评：618大促对7月需求有一定透支 新兴品类表现优于传统品类,新浪
2021-08-13,科创板新减持方式受捧，询价转让案例逐渐增多,Wind
2021-08-12,MSCI中国指数将调仓纳入11只A股，逾10亿元大单资金月内加仓4只潜力股,第一财经
2021-08-12,11只A股新纳入MSCI中国指数，双创基金占据5席,Wind
2021-08-12,券商研报强推石头科技，公司成长价值凸显,中金在线
2021-08-12,刚刚，MSCI公布最新调整！11只A股进入旗舰指数系列,Wind
2021-08-11,计算机行业点评：强推AI 智能时代加速到来,新浪
2021-08-10,科沃斯遭“重营销轻研发”质疑：IDG频频减持 股价阴跌市值蒸发近400亿 减持股份,中国网
2021-08-10,2021年7月家电行业淘系电商数据点评：子板块延续分化 白电实现高景气增长,新浪
2021-08-09,造纸轻工行业地产后周期产业链数据每周速递：7月清洁电器重点品牌线上销售额延续高增长,新浪
2021-08-09,市场风格切换？百股涨停！“老白马”大爆发,Wind
2021-08-09,A股收盘综述：大小指数分化，“茅系股”走强“宁组合”低迷,Wind
2021-08-09,家电行业周报：Q2收入超预期 H2不必过度悲观,新浪
2021-08-09,A股午盘综述：大小指数分化，白马股全面回暖,Wind
2021-08-09,摆脱麻烦的“小尾巴”！无线手持吸尘器为何这么好用,快科技
2021-08-06,驱动晚报：小米回应葡萄牙经销店接受加密货币支付 乐视网转告爱奇艺侵权一审胜诉,驱动中国
2021-08-06,小米扫地机器人专利因不具备创造性被驳回,企查查
2021-08-06,全球竞争力显现，石头科技还有50%上升空间,证券之星
2021-08-06,小米扫地机器人专利申请遭驳回：原因是技术缺乏创造性,快科技
2021-08-06,石头科技自主品牌成果显着,中证网
2021-08-06,家用电器行业：21Q2公募基金家电板块配置简析,华福证券有限责任公司
2021-08-05,科沃斯被资本抛弃，扫地机器人不香了？,凤凰网
2021-08-05,家电行业月报：中高端家电市场规模增速表现亮眼,新浪
2021-08-04,重估科沃斯，扫地机器人还香么？,36氪
2021-08-04,8成中报预喜！次新股情绪博弈，极端行情连续上演,Wind
2021-08-03,中一签最高或赚47万！义翘神州刷新A股最高发行价，“抗疫”概念股来势汹汹,金融投资报
2021-08-03,好用不是说说而已，石头无线手持吸尘器 H7 这些设计走心了,IT之家
2021-08-03,深度*行业*家用电器行业周报：21H1主要家电品类线上占比持续提升 新兴家电市场集中度持续提高,新浪
2021-08-03,王者荣耀遭重拳，腾讯回应！千亿芯片大白马闪崩跌停,Wind
2021-08-03,一手赚47万？毛利率96%的“重组蛋白一哥”义翘神州，是何来头？,网易
2021-08-03,半年销售额同比增长超40%，清洁电器行业已迎来风口期？,新浪
2021-08-02,21深度丨义翘神州292.92元发行价“猜想”：最贵新股即将诞生 注册制高价股创富记录能否刷新？,21世纪经济报道
2021-08-02,家用电器研究周报：7月家电再度跑输大盘 6月冰洗出口增速下行,光大证券
2021-08-02,家用电器行业2021年中报业绩前瞻：白电需求缓慢复苏 新兴赛道高歌猛进,新浪
2021-08-02,中一签赚47万？A股史诗级“大肉签”来了,Wind
2021-08-02,华创家电 · 双周报 | 后疫情时代，新风系统引领家装新风,一超家电研究
2021-08-02,11 天市值掉 450 亿，重营销轻研发能否撑起科沃斯的千亿市值？,ZAKER
2021-08-01,292.92元/股 谁是A股最贵新股,北京商报
2021-08-01,神签机会来了！A股史上第一高价新股就在下周,Wind
2021-08-01,单周11股齐发！最贵的高达292.92元/股 创A股最高发行价的新股要来了,北京商报
2021-08-01,292.92 元/股！义翘神州创史上最高发行价 业内人士：发行市盈率并不高,每日经济新闻
2021-07-31,家用电器：新消费受青睐 关注稳健高性价比领域,财富动力网
2021-07-30,半年销售额同比增长超40%，清洁电器行业已迎来风口期？,中国家电网
2021-07-30,292.92元！A股有史以来发行价最高的股票来了！,Wind
2021-07-29,市场思考随笔之六十五：“宁”与“茅”分化的背后,新浪
2021-07-29,减持季科创板询价转让兴起！这些买方机构获配最多 减持股份,财联社
2021-07-29,石头科技(688169)：专注创新筑高壁垒 四方增量向星海,新浪
2021-07-28,2021Q2家用电器板块基金持仓分析：持仓历史低位 新消费受青睐 关注稳健高性价比领域,新浪
2021-07-27,轻研发，重销售？科沃斯失守千亿元市值大关,大众证券报
2021-07-27,从“单品”到“全屋智能” 智能家居的下一个十年在哪里？,每日经济新闻
2021-07-27,电子行业周报：品牌拉动MINI-LED出货 LED产业链价值量提升,新浪
2021-07-27,科沃斯一周三跌停股东套现42亿 重营销轻研发难撑超千亿市值 减持股份,长江商报
2021-07-26,家用电器研究周报：21Q2基金减仓家电 15Q3以来首现低配,光大证券
2021-07-26,2999国产性价比之王！石头手持吸尘器H7评测：全屋轻松 有它就够,快科技
2021-07-26,暴涨18倍后，千亿市值大牛股跌停，神话就此破灭？,投资家
2021-07-26,持续追求创新科技 石头科技正式上线手持无线吸尘器H7,上证报
2021-07-26,石头手持无线吸尘器H7发布：吸力更大、支持快充，首发价2599元,IT之家
2021-07-26,石头科技：吸尘器市场渗透率攀升 持续引领智能清洁行业发展,证券时报网
2021-07-26,吸尘器市场渗透率攀升 石头科技占据高端市场引领国货品牌不断向上,中国网
2021-07-26,石头科技推出手持无线吸尘器H7： 160AW吸力 续航可达90分钟,TechWeb
2021-07-26,石头科技7周年深耕科技创新，持续引领智能清洁行业发展,证券之星
2021-07-26,“雪崩”的科沃斯：最重要创投股东清仓套现，市值六天蒸发400亿 减持股份,深水财经社
2021-07-26,石头手持无线吸尘器H7重磅发布，清洁体验全面升级,Bianews
2021-07-26,石头科技（688169.SH）新款手持无线吸尘器H7发布,智通财经
2021-07-26,家电周报：6月地产竣工提速 关注空调需求拐点,新浪
2021-07-25,深度*行业*家用电器行业周：家电主流品类进入提价周期 新兴家电需求整体向上,新浪
2021-07-25,计算机行业：AI领军业绩超预期说明了什么？,新浪
2021-07-24,石头科技(688169.SH)的天花板在哪里?良好基本面支撑高质量盈利水平,智通财经
2021-07-23,“扫地茅”科沃斯6天3跌停：股民直呼“一字断魂斩” 嘉实归凯持仓蒸发2亿 连续下跌,时代周报
2021-07-23,牛股神话撑不住了？,格隆汇
2021-07-23,石头科技：石头时代已减持11.1232万股 减持股份,科创板日报
2021-07-23,A股资金流向（7月23日）：市场情绪低迷，白酒、医药股遭大幅抛售,Wind
2021-07-23,石头科技：股东集中竞价减持数量过半 减持股份,每日经济新闻
2021-07-23,石头科技(688169.SH)股东石头时代减持11.12万股 减持计划提前终止 拟减持股份,智通财经
2021-07-23,3大千亿白马重挫，锂电牛股跌13%！券商股却火了,Wind
2021-07-22,家电行业6月数据点评：成长景气 大电回暖,新浪
2021-07-22,家电及相关行业：地产竣工转好 厨电、空调需求受益,新浪
2021-07-22,【华西策略||李立峰】宁组合&电子&医药成增持的集中区-2021年公募二季报持仓剖析,策略李立峰与行业配置笔记
2021-07-22,所以，就石头科技当前的估值水平看，尚在合理区间，却不具备足够的安全边际。（zsy）,深水财经社
2021-07-22,石头科技：“疯狂的石头”还能“疯”多久？,搜狐
2021-07-22,主营遇上“硬石头” 科沃斯千亿元市值能撑多久？,大众证券报
2021-07-21,家用电器研究周报：利空钝化 估值偏低 配置价值上升,光大证券
2021-07-21,TOP30基金挖掘出天赐、天奈、中伟股份等仨月翻倍个股 周蔚文董承非袁芳均减仓,新浪
2021-07-21,A股资金流向（7月21日）：新能源产业链卷土重来，消费电子遭抛售,Wind
2021-07-21,科沃斯股东减持引股价波动 扫地机难撑千亿市值 减持股份,华夏时报
2021-07-20,先进制造投资周报：自动化持续高景气 龙头中报业绩靓丽,新浪
2021-07-20,雷军的梦想与现实 小米造车不止是一个符号,ZAKER
2021-07-19,深度*行业*家电社零&地产数据点评：地产竣工数据表现较好 有望带动家电内销持续复苏,新浪
2021-07-19,“数据会说话”之2021年6月数据解读：6月社零数据略好于预期 必需品消费改善但通胀高增仍持续抑制可选商品消费,新浪
2021-07-19,深度*行业*家用电器：21M6家电月度数据点评,新浪
2021-07-19,家电行业周报-半年度盘点：集成灶亮眼表现持续 传统品类压力下积极谋增长,新浪
2021-07-19,科沃斯的逆袭,搜狐
2021-07-19,家用电器行业周报：6月空调出口旺销 内销略超2019年同期,新浪
2021-07-19,科沃斯股东减持，千亿市值“神话”还能撑多久？ 减持股份,36氪
2021-07-19,科沃斯跌停、市值蒸发143亿，扫地机器人千亿市值“神话”能撑多久？ 连续下跌,AI财经社
2021-07-19,受让规模可观，机构参与科创板股票询价转让兴趣浓,Wind
2021-07-18,家用电器行业：6月家电社零回暖 空调内销边际改善,广发证券
2021-07-18,科创板将迎开市两周年 “试验田”收获多少硕果？,中国商报
2021-07-17,扫地机器人也“内卷”，科沃斯、小米、石头如何打赢突围赛？,创业邦
2021-07-17,板块分化加剧，周期股逆势走强,Wind
2021-07-16,家用电器行业：618家电销售稳定增长 清洁小家电增速较快,广发证券
2021-07-16,【奥一读股市】闪崩跌停市值一天蒸发144亿元！“机器人第一股”科沃斯怎么了？ 连续下跌,奥一网
2021-07-16,诠释“AI+家居”的颠覆力，看石头科技如何脱颖而出,IT之家
2021-07-16,A股资金流向（7月16日）：新能源龙头连遭抛售，军工股获避险资金青睐,Wind
2021-07-16,暴涨12倍后遭遇“清仓式减持”！“扫地茅”股价重挫 减持股份,Wind
2021-07-16,十倍牛股科沃斯午后回封跌停板，石头科技跌近8%,Wind
2021-07-16,港交所15分钟涨6%！A股军工现涨停潮，茅指数大跌 连续下跌,Wind
2021-07-16,中国市场仅剩不足3%份额 iRobot哪里出了问题？,中国家电网
2021-07-16,扫地机器人新战事，谁会成为下一个“ IRK ” ?,新浪
2021-07-15,15个月市值暴涨14倍后 科沃斯遭首发股东清仓式减持 减持股份,中国网
2021-07-14,8只科创板股获北向资金加仓,证券时报网
2021-07-13,家用电器专题报告：当前时点如何看白电？,新浪
2021-07-13,数据安全问题引热议 石头科技抢占智能家电安全制高点,中新网
2021-07-13,茅台追赶者系列|石头科技：凭什么坐二把交椅？,证券之星
2021-07-13,【深度】科创板2周年：五维度掘金科创板高端装备，科技含金量高更获青睐？【安信诸海滨团队】,诸海滨科新先声
2021-07-12,清洁电器生态位竞争升级 石头科技或将推出领先一代自清洁产品,上游新闻
2021-07-12,小米生态链企业组团闯关IPO，一板块被“严重低估”,Wind
2021-07-12,35股即将实施分红 石头科技派现最大方,证券时报网
2021-07-12,全球扫地机龙头品牌竞争分析,36氪
2021-07-12,石头科技投资收益超十倍 加大海外投入欧洲市场占有率达14%,长江商报
2021-07-10,扫地机器人也“内卷”？,36氪
2021-07-09,从消费者购买动因看石头扫拖机器人如何升级,IT之家
2021-07-09,天风证券：家电新兴品类在低渗透率的前提下仍将维持较高景气度,Wind
2021-07-09,股价涨逾4倍股东套现约60亿 石头科技销售费用率大增还能“疯”多久 减持股份,投资者网
2021-07-08,科创板平均股价48.30元，20股股价超300元,证券时报网
2021-07-08,“疯狂的石头”卷土重来，石头科技想象空间还有多大？,环球老虎财经
2021-07-07,两市百元股数量达184只，科创板股票占40.22%,证券时报网
2021-07-07,家电行业2021年中期投资策略：静待价值回归 拥抱高成长,新浪
2021-07-07,上证电子行业日报：闻泰科技拟收购英国晶圆制造资产,新浪
2021-07-07,家电行业2021年中报业绩前瞻：艰难的复苏与高涨的景气,新浪
2021-07-06,7月大消费组电话会议行业观点,新浪
2021-07-06,石头科技(688169.SH)2020年度权益分派10派20.55元 股权登记日为7月12日,格隆汇
2021-07-06,石头科技(688169.SH)拟实施每股派2.055元 于7月13日除权除息,智通财经
2021-07-06,石头科技：公司扫地机器人以激光传感器为主,每日经济新闻
2021-07-06,电子行业周报：缺货持续价格上涨 继续关注缺芯带来的发展机遇,新浪
2021-07-06,家电行业周报：基本面回顾&前瞻 新消费赛道活力持续 空调排产仍承压,新浪
2021-07-06,家用电器行业2021W27周观点：如何看6月大、小家电消费趋势？,新浪
2021-07-06,家用电器行业周报：5月整机数据有所回落 多产品出口好于内销,国海证券
2021-07-05,【太平洋机械】机械行业周报20210704：预计整体机械板块中期业绩表现良好,太平洋机械大讲堂
2021-07-05,家电及相关行业动态：关注跨界布局 持续看好品牌出海与第三消费品类,新浪
2021-07-04,计算机行业周报：2021世界人工智能大会来临 产业有什么看点,新浪
2021-07-03,家用电器行业：6月白电、清洁小家电线上表现亮眼,广发证券
2021-07-03,计算机行业周报：回归稳健公司！,新浪
2021-07-02,扫地机机器人发展史：曾经路都走不顺的它如何拿下全屋扫拖,快科技
2021-07-02,A股资金流向（7月2日）：小金属板块获资金入驻，权重股多被抛售,Wind
2021-07-02,家用电器行业：全球小家电市场广阔 新品类快速增长,广发证券
2021-07-02,扫地机发展史上的创新黑马：石头科技以技术革命焕新体验,IT之家
2021-07-02,家用电器行业2021年中期策略：行业回归常态 聚焦高成长细分赛道领跑者,新浪
2021-07-02,东方证券首次覆盖石头科技，并给予其买入评级，目标价为1712.31元人民币,新浪
2021-07-01,A股资金流向（7月1日）：银行、地产获资金回流,Wind
2021-06-30,石头科技或将推出扫拖洗一体自清洁机器人,快科技
2021-06-30,东方证券：石头科技（688169.SH）研发的扫地机器人新贵，首予“买入”评级,智通财经
2021-06-30,东方证券首予石头科技买入评级：专注研发的扫地机器人新贵，产品端全球竞争力逐步展现,每日经济新闻
2021-06-29,高管提前终止减持，从石头科技(688169.SH)看投资长期主义 减持股份,智通财经
2021-06-29,A股资金流向（6月29日）：光伏龙头获青睐,Wind
2021-06-29,股价超千元直逼茅台却遭股东减持 石头科技董事长昌敬害怕吗？ 减持股份,运营商财经网
2021-06-29,石头科技减持的短期影响与未来可能性 减持股份,金融界
2021-06-29,先进制造投资周报：5月机器人、机床产量高增 自动化景气持续,新浪
2021-06-29,造纸轻工行业：行业渗透率提升空间广阔 国内龙头全球竞争力崭露头角,新浪
2021-06-28,投得好不如退得好！石头科技遭投资人减持 折射创投圈真实尴尬 减持股份,极客网
2021-06-28,家用电器行业周报：618白电量降额升 新兴厨电和清洁电器表现良好,国海证券
2021-06-28,家电及相关行业：品牌出海调整到位 第三消费成长股活跃,新浪
2021-06-28,服务机器人销量大增加速渗透 多家上市公司共享盛宴,证券时报
2021-06-28,【银河晨报】6.28丨策略：7月成长大于估值，看好涨价资源、中国优势制造和科技,中国银河证券研究
2021-06-28,【银河科创板吴砚靖/邹文倩/李璐昕】行业动态 2021.5丨科创板整体估值处于历史低位，多因素利好配置环境,中国银河证券研究
2021-06-25,家用“扫地僧”，黑科技还是智商税？,中国新闻周刊
2021-06-25,解锁智享时代 石头科技为生活添彩,砍柴网
2021-06-24,A股资金流向（6月24日）：资金暂离科技股，光伏、金融获流入,Wind
2021-06-24,扫地机器人的资本之战：产业资本赋能头部公司构筑护城河,21世纪经济报道
2021-06-24,万润科技：公司红外接收产品目前与国内外主流扫地机器人厂家均有合作,Wind
2021-06-24,小米生态炼金术,ZAKER
2021-06-23,硬核实力加持，石头科技上榜“2021年中国上市公司百强排行榜”,中国网
2021-06-23,科创板将迎开市两周年，A股“扫地茅”石头科技乘风而上,DoNews
2021-06-23,最强新股一天涨14倍！李佳琦、薇娅公司也要上市？回应来了,Wind
2021-06-23,股东高位套现 石头科技(688169.SH)大跌13% 减持股份,格隆汇
2021-06-23,啥情况？千亿白马跌超10%！外资加仓，半导体又火了,Wind
2021-06-23,三大股东轮番套现，千亿白马石头科技跌超10% 减持股份,证券时报网
2021-06-23,发生了什么？千亿白马暴跌超10%！外资突然加仓，最牛股狂飙10倍！暴涨近5%，半导体又火了！基民嗨了：今晚的酒水，由蔡公子买单！,中国基金报
2021-06-23,石头科技重挫逾11%：“扫地茅”挑战1500元大关失败 连续下跌,第一财经
2021-06-23,易参 × 创业邦｜2021年科创板股权激励研究报告,创业邦
2021-06-23,中泰证券：618清洁电器、投影仪行业高景气持续,证券时报网
2021-06-22,家电行业618及5月数据点评：618清洁、投影延续火热,新浪
2021-06-22,国信证券：“618”销售跟踪 新兴品类活跃 龙头优势延续,国信证券
2021-06-22,电子行业周报：行业景气度上升叠加消息面利好 半导体行业持续上行,新浪
2021-06-22,通用机械行业先进制造：拥抱苹果链新一轮设备投资周期,新浪
2021-06-21,家用电器与器具行业：618期间龙头品牌表现优异 高端成套趋势延续,新浪
2021-06-21,家电行业周报：“618”销售跟踪 新兴品类活跃 龙头优势延续,新浪
2021-06-21,家用电器行业2021W25周观点：如何看清洁电器市场的渗透率？,新浪
2021-06-21,景气度高企 机构盯上了新兴消费赛道,上证报
2021-06-20,下周操盘攻略：没必要猜测流动性预期，人为制造波动,Wind
2021-06-19,服务机器人销量大增加速渗透，多家上市公司共享盛宴,Wind
2021-06-19,“享服族”厉害了！618这个品类卖爆，这些上市公司站上风口,e公司
2021-06-19,服务机器人销量大增加速渗透 多家上市公司共享盛宴,证券日报网
2021-06-18,按捺不住，石头科技三名股东轮番套现 减持股份,环球老虎财经
2021-06-18,央视报道服务机器人行业大调查 排名最靠前的品牌你知道吗？,快科技
2021-06-18,和讯SGI公司｜石头科技四名股东拟合计减持不超3.3%股份，千亿市值科技公司被质疑是家电公司 拟减持股份,和讯
2021-06-18,央视财经618服务机器人行业调查报告：石头扫地机亮了,IT之家
2021-06-18,深度*行业*家用电器行业618电商大促系列报告一：重点品类追踪情况：新兴品类维持高景气,新浪
2021-06-18,家用电器行业扫地机器人行业深度报告：从“玩具”到“工具”的升级 成长空间广阔,华福证券有限责任公司
2021-06-18,石头科技深耕技术创新，引领扫地机器人技术发展新趋势,砍柴网
2021-06-18,石头科技5月线上销售额同比增长108.5%,我的钢铁
2021-06-18,“数据会说话”之2021年5月数据解读：5月社零数据低于预期 消费延续恢复态势,新浪
2021-06-18,长虹华意：公司努力发展新能源汽车空调压缩机、清洁机器人等新兴产业,Wind
2021-06-17,晚间重要公告2021年6月17日星期四,Wind
2021-06-17,科创板晚报|商汤科技确定A＋H上市石头科技股东拟合计减持不超3.3%公司股份,财联社
2021-06-17,晚间公告｜6月17日这些公告有看头,第一财经
2021-06-17,6月17日石头科技、莎普爱思等7家公司公告出现利空,证券之星
2021-06-17,石头科技(688169.SH)：4名股东拟减持合计不超3.30%股份 拟减持股份,格隆汇
2021-06-17,石头科技(688169.SH)四名股东拟合计减持不超3.3%股份 拟减持股份,智通财经
2021-06-17,石头科技：4名股东拟减持不超过3.3% 拟减持股份,Wind
2021-06-17,一路高歌猛进，石头科技真的值千亿市值吗？,Ofweek
2021-06-17,石头科技公布股东减持计划 石头时代累计减持2.23% 拟减持股份,资本邦
2021-06-17,雷军出手！小米生态链再添一员，抢占消费升级赛道,Wind
2021-06-17,家电行业快报：竣工数据转好 关注后周期龙头,新浪
2021-06-17,股价一度涨破1400元，市值近千亿的石头科技到底是不是智商税？,和讯
2021-06-16,石头科技：股东石头时代等减持计划完成，共减持约235万股,每日经济新闻
2021-06-16,石头科技(688169.SH)三股东减持比例合计达3.53% 减持期届满 减持股份,智通财经
2021-06-16,国海证券--家用电器行业周报：618大促火热持续，高端、新兴和套系化家电大受欢迎【行业研究】,金融界股吧
2021-06-16,中银证券--21M5家电月度数据点评：扫地机器人&集成灶品类维持较高景气度【行业研究】,金融界股吧
2021-06-16,坚守发展初心 石头科技逐步成为行业领先品牌,砍柴网
2021-06-16,通用机械行业先进制造：PCB需求持续景气 把握中游设备投资机会,新浪
2021-06-16,机械行业周报：新能源成为自动化企业开拓重点,新浪
2021-06-16,首批双创50ETF获批，9家基金公司拔得头筹,Wind
2021-06-15,家电行业周报：集成灶5月仍高增 赛道高景气延续,新浪
2021-06-15,家电周报：线下白电均价延续增长 烟灶销售降幅略有扩大,新浪
2021-06-15,家用电器行业：小型按摩器行业稳步扩容 倍轻松何以脱颖而出？,新浪
2021-06-15,A股资金流向（6月15日）：主板两只新股疯狂“吸金”,Wind
2021-06-15,机械行业2021年中期投资策略：沐浴制造复苏 布局产业成长,新浪
2021-06-15,每日理财观察：7万亿理财市场重磅新规落地,Wind
2021-06-15,【家电】21M5 家电月度数据点评—扫地机器人 & 集成灶品类维持较高景气度,中银证券研究
2021-06-15,扫地机器人景气延续，多路径助推行业发展,中华商务网
2021-06-13,家用电器行业：5月集成灶保持高增长 火星人份额提升,广发证券
2021-06-12,上市公司正负面新闻2021年6月12日星期六,Wind
2021-06-11,晚间重要公告2021年6月11日星期五,Wind
2021-06-11,公告精选：*ST天成停牌核查；天津金米减持石头科技1%股权,e公司
2021-06-11,石头科技：两位股东减持200万股，减持股份计划完成 拟减持股份,每日经济新闻
2021-06-11,石头科技：持股5%以上股东天津金米减持约67万股 减持股份,每日经济新闻
2021-06-11,金融街下午茶2021年6月11日星期五,Wind
2021-06-11,数据显示石头科技5月线上销售额同比增长108.5%，今日股价大涨,36氪
2021-06-11,石头科技涨超11％破顶 市值近千亿元,金融界
2021-06-11,石头科技：持股5%以上股东天津金米减持公司1%股份 减持股份,Wind
2021-06-11,石头科技(688169.SH)股东启明及天津金米合计减持200万股 减持计划完成,智通财经
2021-06-11,石头科技：天津金米减持公司1%股权 减持股份,e公司
2021-06-11,A股资金流向（6月11日）：新能源、疫苗龙头获资金回流,Wind
2021-06-11,A股收盘综述：创业板指连涨5周，宁德时代引领升势,Wind
2021-06-11,宁德时代、康希诺、石头科技、卓胜微、凯莱英等多只高价股盘中齐创历史新高。,新浪
2021-06-11,高价股表现突出，卓胜微、凯莱英盘中同创新高,Wind
2021-06-11,石头科技涨超10%，创上市以来新高,Wind
2021-06-11,A股异动丨石头科技(688169.SH)大涨逾10%破顶 市值近千亿元,格隆汇
2021-06-11,百元股数量达163只，一日增加5只,证券时报网
2021-06-11,让股价再飞一会 扫地机器人成为家电股中“茅台”,中国家电网
2021-06-11,卖爆了！订单暴增，这种小家电销售额增10倍，连厂房、机器都不够用了，有公司股价已涨上天，发生了什么？,每日经济新闻
2021-06-10,让股价再飞一会 扫地机器人成为家电股中“茅台”,中国家电网
2021-06-10,石头科技(688169.SH)：股东天津金米减持133.33万股减持计划实施完毕,格隆汇
2021-06-10,618清洁电器受追捧，国产品牌“合围”戴森,第一财经
2021-06-10,科创板行情下机构投资新风向：前期超跌引掘金，布局未来核心资产,Wind
2021-06-10,石头科技6月9日现1笔大宗交易,证券时报网
2021-06-09,清洁电器“6.18”受青睐 科沃斯、石头“夹击”戴森,第一财经
2021-06-09,2021年4月家电零售和企业出货端数据解读：空调外销市场景气度回升 冰洗线下零售增速转负,新浪
2021-06-09,"石头科技现1笔大宗交易 共成交6,274.45万元",新浪
2021-06-09,石头科技今日大宗交易成交5万股，成交价1254.89元折价1.5%,Wind
2021-06-09,A股资金流向（6月9日）：券商龙头遭抛售,Wind
2021-06-09,代工靠喜临门、销售靠小米，研发占比仅1%的趣睡科技如何“对标”苹果和耐克？,金融界
2021-06-08,石头科技(688169)：走向世界的中国“智”造,新浪
2021-06-08,石头科技关联公司申请“极石汽车”商标,IT之家
2021-06-08,倍轻松IPO：营销投入远多于研发遭质疑 能否轻松闯关？,新浪
2021-06-08,小米关联公司注册极石汽车商标,财经网
2021-06-08,电子行业周报：鸿蒙引领IOT芯机遇,新浪
2021-06-08,疯狂的石头科技，扫地机器人还能坚挺多久？,和讯
2021-06-08,两市百元股数量达159只，科创板股票占38.36%,证券时报网
2021-06-08,基金公司争饮头啖汤，密集布局科创成长赛道,Wind
2021-06-07,家电行业2021年5月月报及6月投资策略：淡化短期疑虑 重视内生逻辑,新浪
2021-06-07,家用电器行业研究周报：厨房大电新品类的空间与契机,新浪
2021-06-07,家用电器行业：5月清洁小家电线上销售快速增长,广发证券
2021-06-07,医美赛道PK A股套路，哪个会赢？,Wind
2021-06-07,A股资金流向（6月7日）：芯片股获资金抢筹，新能源龙头遭抛售,Wind
2021-06-07,造纸轻工行业地产后周期产业链数据每周速递：5月清洁电器线上销售延续高景气,新浪
2021-06-07,家用电器行业双周报：618年中大促号角吹响 家电板块蓄势待发,新浪
2021-06-04,A股资金流向（6月4日）：面板、光伏龙头持续遭资金抛售,Wind
2021-06-04,AI清洁赛道的商业逻辑衍化：石头科技从“解放人性”到“解放生产力”,金融界
2021-06-04,家电板块冲高回落，美的集团、海尔智家、石头科技、苏泊尔重新翻绿,Wind
2021-06-03,6月3日晚间重要行业研究汇总(附股),中金在线
2021-06-03,家电板块走弱，美的集团、石头科技、海尔智家、九号公司集体下行,Wind
2021-06-03,家用电器行业6月投资策略：新兴赛道后劲十足 5月高增趋势延续,新浪
2021-06-02,极米科技(688696)：智能投影设备龙头 成长空间广阔,广发证券
2021-06-02,新高在即减持加码，82公司5月净减持超亿元,Wind
2021-06-02,“退款”冲上热搜、尾款人回归理性，智能小家电成消费“新宠”,中国家电网
2021-06-02,【银河家电李冠华】行业动态 2021.5丨空调销售稳增长，成本上涨压力缓解,中国银河证券研究
2021-06-01,石头科技(688169.SH)董事兼副总经理毛国华减持比例达0.6% 提前终止减持计划,智通财经
2021-06-01,石头科技(688169.SH)：董事毛国华提前终止减持计划 已减持39.74万股,格隆汇
2021-06-01,石头科技：副总经理毛国华累计减持39.7万股，减持计划提前终止 拟减持股份,每日经济新闻
2021-06-01,石头科技：张志淳、万云鹏、吴震减持计划完成,每日经济新闻
2021-06-01,石头科技：副总经理毛国华累计减持公司0.6%股份，提前终止本次减持计划 拟减持股份,Wind
2021-06-01,石头科技：吴震、万云鹏、张志淳合计减持1.14%公司股份 减持股份,Wind
2021-06-01,家电行业周报：线上高基数下龙头表现出众 空调排产内销承压外销有韧性,新浪
2021-05-31,家电周报：空调内销出货增速回落 冰洗外销维持较高景气度,新浪
2021-05-31,618预售增长背后 清洁科技品牌的竞争将如何演化？,亿邦动力
2021-05-31,"石头科技现1笔大宗交易 共成交9,854.93万元",新浪
2021-05-31,石头科技今日大宗交易成交7.50万股，成交价1313.99元折价1.5%,Wind
2021-05-30,家电行业2021年中期投资策略：攻守兼备 或跃在渊,新浪
2021-05-30,本周操盘攻略：这个重磅数据将公布，人民币升值预期助推A股回归上升通道,Wind
2021-05-30,吸尘器充满机遇的风口期来了！,创业邦
2021-05-30,公私募大咖集体出手 “疯狂的石头”遭哄抢！,网易
2021-05-30,智能家居国内市场规模将突破1900亿 潜力股名单来了,证券时报网
2021-05-29,基金大事件来了！单月暴增9500亿，又见“一日售罄”！更有,中国基金报
2021-05-29,果然“疯狂的石头”！南方、景林、瑞银等大咖全出手了！,中国基金报
2021-05-28,“扫地茅”迎减持挑战：石头科技接盘方出炉，科沃斯巨量解禁 减持股份,第一财经
2021-05-28,晚间重要公告2021年5月28日星期五,Wind
2021-05-28,扫地机器人也“内卷”！竞争太激烈 脱颖而出全凭核心产品力,快科技
2021-05-28,晚间公告｜5月28日这些公告有看头,第一财经
2021-05-28,石头科技询价转让结果出炉：知名公私募及险资接盘,科创板日报
2021-05-28,"石头科技现5笔大宗交易 共成交9,226.74万元",新浪
2021-05-28,石头科技今日大宗交易成交7.20万股，成交价1281.49元折价1.5%,Wind
2021-05-28,石头科技(688169.SH)股权询价转让事项确定受让方为景林、广发基金等 资产异常,智通财经
2021-05-28,石头科技：部分股东询价转让约104万股,每日经济新闻
2021-05-28,石头科技：13家机构拟通过询价受让公司104万股股份,格隆汇
2021-05-28,石头科技(688169.SH)：股东石头时代减持股份达到1% 减持股份,格隆汇
2021-05-28,石头科技：南方基金等13家机构拟受让公司103.72万股,第一财经
2021-05-28,石头科技：南方、嘉实基金等13家机构拟询价受让公司103.72万股,Wind
2021-05-28,后悔买扫地机而非股票！最强“扫地僧”无视 672 亿解禁，股价 3 年 8 倍 解禁,ZAKER
2021-05-28,石头科技，扫地机器人领域的“思想者”,期货日报
2021-05-28,扫地机器人的“分野时刻”,阿尔法工场研究院
2021-05-27,石头科技今日大宗交易成交6万股，成交价1320.89元折价1.5%,Wind
2021-05-27,21股获买入评级 最新:艾隆科技,中财网
2021-05-27,石头科技(688169)：服务机器人进化的重要推动者,新浪
2021-05-27,抢滩科技创新领域，第二批“双创指数”ETF上报,Wind
2021-05-27,“扫地茅”股东高位减持，石头科技还能“疯”么 减持股份,华夏时报
2021-05-26,石头科技：天津金米累计减持1%公司股份 减持计划尚未实施完毕 拟减持股份,发布易
2021-05-26,石头科技(688169.SH)股东天津金米累计减持66.67万股 减持数量过半 减持股份,智通财经
2021-05-26,石头科技(688169.SH)：天津金米减持量过半累计减持1%股份 减持股份,格隆汇
2021-05-26,石头科技：持股5%以上股东天津金米减持约67万股，比例达1% 减持股份,每日经济新闻
2021-05-26,石头科技：天津金米累计减持比例达1% 减持股份,Wind
2021-05-26,扫地机器人哪个牌子好 数据分析扫地机器人十大品牌排名,科技新闻网
2021-05-26,石头科技持续研发，带动智能扫地机器人行业迅猛发展,砍柴网
2021-05-26,绿米与石头科技、方太等成立智装联盟，抢占智能家居市场,贝壳财经
2021-05-25,石头科技股权转让或看重机构增资能力未来离小米系越来越远？ 资产异常,科创板日报
2021-05-25,用友U9 cloud “王者”归来，如何给制造产业链带来“荣耀”？,计算机世界
2021-05-25,先进制造投资周报：关注“小而美”标的切换成长逻辑后的补涨机会,新浪
2021-05-24,石头科技(688169.SH)：股东询价转让初步定价1111元/股,格隆汇
2021-05-24,晚间公告丨5月24日这些公告有看头,第一财经
2021-05-24,石头科技(688169.SH)股东询价转让价初步确定为1111元/股,智通财经
2021-05-24,石头科技：初步确定本次询价转让价格为1111元/股,财联社
2021-05-24,石头科技：初步确定的询价转让价格为1111元/股,Wind
2021-05-24,家电行业4月数据点评：终端零售平淡,新浪
2021-05-24,5月24日晚间重要行业研究汇总(附股),中金在线
2021-05-24,造纸轻工行业：4月内销、出口需求延续高增长 新兴品类表现亮眼,新浪
2021-05-21,机构首次关注32只个股这些个股获“增持”评级,第一财经
2021-05-21,石头科技，智能扫地机器人行业的国货之光,砍柴网
2021-05-21,扫地机器人1-4月消费数据与企业一季报点评：新品推动销量高增 渗透率提升持续验证,新浪
2021-05-20,家电行业2020年报及2021一季报总结：需求复苏平稳过渡 盈利能力无需担忧,新浪
2021-05-20,清洁电器专题报告一：扫地机行业-创新拉动需求 市场持续扩容,西南证券
2021-05-20,2021年4月家电行业淘系电商数据点评：低基数效应逐步减弱 行业回归常态稳健增长,新浪
2021-05-20,家电及相关行业：空调价格持续上涨 需求弹性导致销售承压,新浪
2021-05-20,刚刚上报！又有重磅指数产品来了，首批这10家(名单),Wind
2021-05-20,北京石头世纪科技股份有限公司 股东询价转让计划书 减持股份,证券时报
2021-05-19,“数据会说话”之2021年4月数据解读：4月社零数据低于预期 仍看好服务业全面复苏,新浪
2021-05-19,"晚间公告热点追踪：""扫地茅""股东拟套现11亿离场",新浪
2021-05-19,家用电器2021Q1基金持仓点评：白电仓位走势分化 清洁电器仍受青睐,新浪
2021-05-19,公告精选：威胜信息子公司拟引入战投腾讯创投；石头科技股东拟询价转让1.56%股份,e公司
2021-05-19,晚间重要公告2021年5月19日星期三,Wind
2021-05-19,石头科技(688169)：股东询价转让计划书股东天津石头时代企业管理咨询合伙企业（有限合伙）、丁迪、毛国华、吴震、张志淳、万云鹏（以下合称“出让方”）保证向（以下简称“石头科技”或“本公司”）提供,发布易
2021-05-19,石头科技(688169.SH)股东拟询价转让1.56%股份 价格下限为1080元/股,智通财经
2021-05-19,石头科技：股东拟询价转让1.56%公司股份 减持股份,e公司
2021-05-19,石头科技：股东拟询价转让总股本的1.56% 价格下限为1080元/股,新浪
2021-05-19,石头科技：天津石头时代、丁迪等拟合计询价转让公司1.56%股份 资产异常,Wind
2021-05-19,石头科技用心研发，技术过硬获得行业认可,砍柴网
2021-05-19,一家线上占比98%的“网上宜家”，看趣睡科技如何重塑家居业新模式,创业邦
2021-05-19,国海证券给予石头科技增持评级：顺应消费升级产品结构不断优化，海外市场量价齐升,每日经济新闻
2021-05-18,AI 3.0投融资降温、商业化难解？“智能制造”成石头科技破局锦囊,和讯
2021-05-18,透视智能清洁市场，石头科技的高增长是否可持续？,每经网
2021-05-18,家电周报：空调终端销量同比下滑 厨电销售增速回落 盈利能力下降,新浪
2021-05-17,"石头科技现1笔大宗交易 共成交5,287.48万元",新浪
2021-05-17,石头科技今日大宗交易成交4万股，成交价1321.87元折价1.5%,Wind
2021-05-17,【国君金工】核心指数成分股调整名单及冲击成本预测,辰奥临君
2021-05-17,石头科技申请“石头智能汽车”商标,TechWeb
2021-05-17,家电板块复苏，石头科技、火星人大涨,Wind
2021-05-17,IPO日报四周年巨献：觅A股四十新星,国际金融报
2021-05-17,2021年4月地产后周期景气追踪：住宅销售向好 关注后周期标的,新浪
2021-05-15,石头科技的进化与突围：左手消费之剑，右手科技之锚,中国网
2021-05-14,石头科技现3笔大宗交易总成交金额7623.68万元,证券时报网
2021-05-14,"石头科技现3笔大宗交易 共成交7,623.69万元",新浪
2021-05-14,石头科技今日大宗交易成交1.20万股，成交价1173.65元折价7.0%,Wind
2021-05-14,石头科技2020年营收增速创新低 去小米化成效显着,中国网
2021-05-14,宋清辉：A股百元股数量缩水只有少部分长期坚挺警惕靠概念炒作,搜狐
2021-05-14,23股获券商买入评级 北京利尔目标涨幅达99.54%,Wind
2021-05-14,32股被“踢出”百元股群,北京商报
2021-05-13,较年初少了11只 百元股数量缩水,北京商报
2021-05-13,家电行业2020 年年报暨2021 年一季报总结：白电基本面持续复苏 新经济高景气依旧,新浪
2021-05-13,"石头科技现2笔大宗交易 共成交4,201.47万元",新浪
2021-05-13,石头科技今日大宗交易成交3.50万股，成交价1200.42元折价1.5%,Wind
2021-05-13,家电板块持续调整，美的、格力、海尔智家、石头科技、海信家电纷纷下滑,Wind
2021-05-13,银河证券：石头科技盈利能力维持高位且仍有增长空间，新品布局业绩可期,证券时报网
2021-05-12,"石头科技现7笔大宗交易 共成交8,770.06万元",新浪
2021-05-12,石头科技今日大宗交易成交4.45万股，成交价1149.81元折价7.0%,Wind
2021-05-12,家电行业2021年中期投资策略：夜阑新星闪 霞光待日出,新浪
2021-05-12,石头科技(688169)：业绩大幅增长 海外市场拓展顺利,新浪
2021-05-11,A股资金流向（5月11日）：周期股遭抛售，茅台重获资金青睐,Wind
2021-05-11,家电行业2020年年报2021年一季报综述：家电行业韧性充足 蕴积含势待春归,新浪
2021-05-10,回顾科创板智造：投入持续加码、业绩稳步上涨 上市超一年公司转板收益率达到近200%,新浪
2021-05-10,2021年年中主要宽基指数样本股调整预测：金山办公等5只科创板个股有望纳入沪深300,新浪
2021-05-10,石头科技(688169)：自有品牌表现亮眼 内外销增长可期,新浪
2021-05-10,家用电器行业：4月冰洗线上销售稳步增长,广发证券
2021-05-10,科沃斯、石头科技一季度业绩亮眼 清洁电器后期或持续增长,中国家电网
2021-05-10,中银证券：家电行业新兴品类景气延续，当前时点把握两条投资主线,证券时报网
2021-05-10,石头科技：业绩增速放缓 巨额减持待消化 盈利能力下降,新浪
2021-05-10,【太平洋机械】机械行业周报20210509：服务机器人企业业绩亮眼，看好龙头企业持续成长,太平洋机械大讲堂
2021-05-10,石头、科沃斯谁更强？营收差距大，利润已接近,中国家电网
2021-05-09,财报看机器人公司的2020年：理想很丰满，现实很骨感,GPLP犀牛财经
2021-05-08,深度*行业*家电行业2020年报21Q1季报总结：必选家电需求回升 新兴品类景气延续,新浪
2021-05-08,小米产品出货量骤降34.3%，华米科技正在摆脱“小米依赖症”,36氪
2021-05-08,石头科技(688169)2020年报&2021Q1点评：自主品牌占比提高 扫地机器人行业维持高景气度,新浪
2021-05-07,机会来了！这些公司有望调入沪深300、上证50指数,Wind
2021-05-07,先进制造行业周报：海水提铀技术中长期发展规划正式发布,新浪
2021-05-07,获奖无数的石头科技，智能扫地机器人行业领头羊,砍柴网
2021-05-07,家电行业2021年中期策略报告：“成本指数”理性看涨价 紧盯两大优质赛道,新浪
2021-05-07,家用电器行业：2020年行业稳健增长 Q1整体表现优异,广发证券
2021-05-07,石头科技(688169)：自主品牌表现靓丽 产品＋市场＋品牌多维,新浪
2021-05-07,家电板块午后扩大跌幅，海尔智家、石头科技领跌,Wind
2021-05-07,石头科技(688169)：一季报业绩表现超预期 商用清洁机器人上线,新浪
2021-05-07,家电行业2020年年报及2021年一季报总结：花期芬芳 静待硕果,西南证券
2021-05-07,【银河家电李冠华】行业动态 2021.4丨Q1业绩高增，基金重仓持股下降,中国银河证券研究
2021-05-07,安信研究|晨会在线20210507,安信证券研究
2021-05-07,【家电-张立聪】Q1基金重仓家电比例回落，格力海尔获得增配,安信证券研究
2021-05-07,2020年非金融类公司投资收益占比创历史新高,证券时报
2021-05-06,2021Q1家用电器板块基金持仓分析：白电超配地位延续 新兴小家电受青睐,新浪
2021-05-06,国信证券维持石头科技买入评级，2020年年报及2021年一季报点评，近期获9份券商研报关注，目标均价涨幅29.61%,每日经济新闻
2021-05-06,石头科技(688169)：自主品牌表现强劲 盈利能力保持稳定,新浪
2021-05-06,机械行业周报：4月PMI为51.1% 回落0.8个百分点,渤海证券
2021-05-06,中国成为全球最大的扫地机器人市场，仅是因为年轻人太懒？,中国家电网
2021-05-06,券商策略：智能制造有望成为新主线 短期注重防风险,财联社
2021-05-06,5月A股结构博弈加剧 关注三条主线及个股,财联社
2021-05-05,十大券商策略：智能制造有望成为新主线 机构建议关注这些个股,财联社
2021-05-05,中国人偏爱扫地机器人,36氪
2021-05-04,扫地机器人的故事，石头科技还能讲多久？,创业邦
2021-05-01,A股盈利榜：净资产收益率降至十年新低，休闲服务行业受疫情冲击最严重，ROE新冠军诞生,证券时报网
2021-05-01,石头科技高毛利率揭秘：技术含量与产品设计为支撑,中国网
2021-05-01,华金证券维持石头科技增持评级：外销高景气，看好公司发展前景,每日经济新闻
2021-04-30,石头科技2020年营业收入45.30亿元 净利润13.69亿元,TechWeb
2021-04-30,西南证券维持石头科技买入评级：外销增速亮眼，盈利能力大幅提升,每日经济新闻
2021-04-30,石头科技2020年成绩单出炉 自主品牌攻城略地 归母净利同比大涨75%,红周刊
2021-04-30,石头科技(688169)：业绩表现强劲 持续高增长可期,新浪
2021-04-30,科沃斯VS石头科技：股价双双刷新历史高点，公募态度迥异,第一财经
2021-04-30,【方正家电】石头科技2020年&21Q1财报点评：Q1超预期，海外高成长,家电研究札记
2021-04-30,A股主力资金流向（4月30日）：医药股获资金爆买,Wind
2021-04-30,德邦证券维持石头科技买入评级：Q1业绩超预期，产品驱动销售、淡季取得佳绩,每日经济新闻
2021-04-30,石头科技股价稳居A股第二 业绩是理由 技术是基础,金融界
2021-04-30,从石头科技Q1财报，管窥国内科技企业出海的商业逻辑,经济观察报
2021-04-30,一季报营收11.12亿元，石头科技这颗“顽石”正在“疯狂”生长!,中国家电网
2021-04-30,华创家电秦一超丨石头科技：自主品牌崛起，盈利能力持续提升,一超家电研究
2021-04-30,【太平洋机械】石头科技(688169)公司点评：21年一季度利润高速增长，海外市场持续发力,太平洋机械大讲堂
2021-04-30,石头科技公布2020年度财报，营收大幅放缓,Ofweek
2021-04-30,安信证券维持石头科技买入评级：扫地机外销景气度较高，Q1收入业绩超预期,每日经济新闻
2021-04-30,受益284项专利，这家中关村高新企业利润增150%,北京日报
2021-04-30,石头科技2020年营收大幅放缓，被多名消费者投诉质量问题 产品问题,DoNews
2021-04-30,石头科技2020年营收45.3亿元 净利润13.69亿元,新浪
2021-04-30,石头科技年度报告：业绩四连升 海外收入猛涨超221%,快科技
2021-04-30,石头科技2020年度净利润为13.69亿元 同比增长74.92%,北京商报网
2021-04-30,石头科技2020营收净利双增长，海外收入涨超221%,中国家电网
2021-04-30,【牛人重仓】石头科技:前复权价创历史新高，今日资金流入3651.67万元，融资余额22361.75万元；前3个交易日，融资额增加117.78万元，主力资金净流入1865.54万元,每日经济新闻
2021-04-30,科技和消费板块炙手可热 机构解码“擒牛术”,中证网
2021-04-30,石头科技：2020年净利润约13.69亿元 同比增长74.92%,每日经济新闻
2021-04-29,石头科技(688169.SH)一季度归母净利同比增长151%至3.15亿元,智通财经
2021-04-29,石头科技(688169.SH)年度归母净利同比增长75%至13.69亿元 拟10派20.55元,智通财经
2021-04-29,晚间重要公告2021年4月29日星期四,Wind
2021-04-29,石头科技(688169.SH)2020年度净利润升74.92%至13.69亿元拟10派20.55元,格隆汇
2021-04-29,石头科技(688169.SH)一季度净利润升150.81%至3.15亿元,格隆汇
2021-04-29,石头科技一季度净利同比增长151% 年报拟10派20.55元,上证报
2021-04-29,石头科技：2020年实现净利润13.69亿元 海外收入猛涨221%,中证网
2021-04-29,业绩快报丨石头科技2020年营收45.3亿元，同比增长7.7%,36氪
2021-04-29,石头科技：2020年净利润同比增长74.92%,Wind
2021-04-29,石头科技：一季度净利润3.15亿元 同比增长151%,新浪
2021-04-29,石头科技：一季度营收11.12亿元，同比增长82.01%,36氪
2021-04-29,石头科技：一季度净利3.15亿元 同比增151%,e公司
2021-04-29,石头科技：石头时代及其他5名股东累计减持2.68%股份，减持时间过半 减持股份,Wind
2021-04-29,石头科技：一季度净利润同比增长150.81%,Wind
2021-04-29,【牛人重仓】石头科技:前复权价创历史新高，今日资金流入612.92万元，融资余额21861.17万元；前3个交易日，融资额增加-1261.99万元，主力资金净流入1851.07万元,每日经济新闻
2021-04-28,A股共发生115宗大宗交易成交88.64亿元（4月28日）,Wind
2021-04-28,"石头科技现6笔大宗交易 共成交5,173.09万元",新浪
2021-04-28,石头科技今日大宗交易成交4.45万股，成交价1162.49元折价8.92%,Wind
2021-04-28,年轻人买的小米床垫，为谁的财富自由造梦？,36氪
2021-04-28,石头科技2020年度业绩四连升，扫地机器人的时代来了？,猎云网
2021-04-28,家用电器行业：21Q1基金重仓家电股比例下降,新浪
2021-04-27,社保公募盯上“扫地机牛股”！科沃斯去年营收72亿，单季净利暴涨7倍,华夏时报
2021-04-26,"石头科技现4笔大宗交易 共成交3,910.68万元",新浪
2021-04-26,石头科技扫地机充电桩进水 售后维修后均甩锅人为损坏,DoNews
2021-04-26,A股异动丨石头科技(688169.SH)大涨近12%创历史新高市值达850亿元,格隆汇
2021-04-26,【牛人重仓】石头科技:3日内股价涨逾20%，今日资金流入12733.33万元，融资余额23123.16万元；前3个交易日，融资额增加1090.63万元，主力资金净流入943.57万元,每日经济新闻
2021-04-26,【牛人重仓】石头科技:前复权价创历史新高，今日资金流入9970.04万元，融资余额23123.16万元；前3个交易日，融资额增加1090.63万元，主力资金净流入943.57万元,每日经济新闻
2021-04-23,石头科技今日大宗交易成交5.87万股，成交价1058.0元折价7.02%,Wind
2021-04-22,石头科技4月22日现7笔大宗交易,证券时报网
2021-04-22,石头科技今日大宗交易成交5.60万股，成交价1000.0元折价12.08%,Wind
2021-04-22,中银证券：地产销售数据高增，家电复苏趋势有望延续,格隆汇
2021-04-21,石头科技（688169）：受益行业量价齐升，中国品牌逐鹿全球高端市场,中信证券研究
2021-04-21,两市融券余额首超1500亿元，上市公司股东出借意愿增强,Wind
2021-04-20,4月20日晚间重要行业研究汇总(附股),中金在线
2021-04-20,造车这事，巨头们太草率了,云掌财经
2021-04-19,石头科技今日大宗交易成交2.50万股，成交价1000.0元折价6.3%,Wind
2021-04-16,石头科技等12只科创板股融资余额增幅超5%,同壁财经
2021-04-16,石头科技等12只科创板股融资余额增幅超5%,证券时报网
2021-04-15,石头科技(688169.SH)股东顺为累计减持50万股 减持实施完毕 减持股份,智通财经
2021-04-15,石头科技：一股东减持50万股 减持股份,Wind
2021-04-14,左手TOC，右手TOB，石头科技勾出第二增长曲线“鲶鱼”游进新蓝海,财经无忌
2021-04-14,石头科技自研多线激光雷达 或可用于自动驾驶汽车,财经网
2021-04-14,造车真“香”！烧钱真“疼”，股价真“好”,Wind
2021-04-14,有个扫地机器人就敢造车？“烧钱”有风险,中财网
2021-04-13,有个扫地机器人就敢造车？企业疯狂造车靠谱吗？,中新网
2021-04-13,“疯狂的石头”也要造车？千元股石头科技否认，多个募投项目延期受关注 项目问题,华夏时报
2021-04-12,机械行业周报：电池片扩产及异质结双轮驱动 设备端显着受益,新浪
2021-04-12,家电及相关行业：全球冰箱消费升级趋势强,新浪
2021-04-12,家用电器行业：Q1淘数据白电增幅明显 继续推荐,广发证券
2021-04-12,每日理财观察：阿里巴巴集团被罚182.28亿元！最新回应来了!,Wind
2021-04-10,券商首次关注5股并给予买入评级（4月10日）,Wind
2021-04-10,遭遇技术难题，疯狂的石头科技不再疯狂？,创业邦
2021-04-09,一克商评丨互联网家装行业玩家除却营销和规模，服务与平台价值才是行业发展终极,东方网
2021-04-09,对标奔驰“大G”，“扫地茅”石头科技创始人昌敬也要学雷军押上后半生造车？,国际金融报
2021-04-09,石头科技否认造车股价大跌逾9%景顺长城基金重仓持有 重仓股票异动,和讯
2021-04-09,两市百元股数量达134只，医药生物行业占比最高,证券之星
2021-04-09,传石头科技下场造车，正面回应来了！,Ofweek
2021-04-09,沪指周跌0.97%机构建议关注一季度业绩改善中小市值股｜思维市场关注,投资者网
2021-04-09,石头科技创始人昌敬在上海成立汽车公司,科创板日报
2021-04-09,科技公司再掀“造车潮”？石头科技创始人在沪成立汽车公司,科创板日报
2021-04-09,热点淘金：午后波动加剧盘中分化 海南自贸受追宠！,巨丰财经
2021-04-09,小米生态链公司石头科技否认造车，股价大跌超9%！ 连续下跌,环球老虎财经
2021-04-09,科创板话题：石头科技,科创板日报
2021-04-09,石头科技收跌逾9%,36氪
2021-04-09,每经15点| 四部门发布《关于金融支持海南全面深化改革开放的意见》；创业板指跌1.5%；华为零售店回应售卖ARCFOX电动车传闻,每日经济新闻
2021-04-09,打造中国版奔驰G级？小米生态链公司石头科技回应造车传闻,快科技
2021-04-09,A股收盘综述：上证指数跌0.92%，创业板指跌1.54%,Wind
2021-04-09,【行情】石头科技大跌超10%，此前否认参与造车 连续下跌,金十数据
2021-04-09,石头科技(688169.SH)大跌超10%否认参与造车 连续下跌,格隆汇
2021-04-09,创始人操盘，石头科技回应造车传闻：公司没参与,网易
2021-04-09,石头科技回应：造车项目与公司不产生直接关联,中证网
2021-04-09,石头科技尾盘跌幅扩大至10%,Wind
2021-04-09,石头科技回应造车传闻：没有参与 专注智能硬件研发,新浪
2021-04-09,德邦证券首予石头科技买入评级：AI科技平台，创新简化生活,每日经济新闻
2021-04-09,对于造车传闻，石头科技回应，该项目与石头科技不产生直接关联，石头科技没有参与,金十数据
2021-04-09,快讯｜消息称石头科技成立独立汽车公司,财经网
2021-04-09,【行情】石头科技走低，跌幅再度扩大至逾4%,金十数据
2021-04-09,石头科技跌幅迅速收窄，脱离盘中跌6%低位,36氪
2021-04-09,或成立独立汽车公司 小米生态链公司石头科技盘中直线拉升,新浪
2021-04-09,【行情】石头科技短线拉升，跌幅缩窄至0.86%,金十数据
2021-04-09,小米生态链公司石头科技下场造车，天使轮估值2.4亿美元,Wind
2021-04-09,山西证券--家电行业月报：原材料价格高位盘桓，龙头企业强者恒强【行业研究】,金融界股吧
2021-04-08,深度*行业*家电行业陆股通持仓点评：外资持股比例微降 持续看好需求景气度向上的子板块,新浪
2021-04-07,家用电器行业：2020年年报陆续披露 家电企业总体实现稳健增长,广发证券
2021-04-07,36氪独家 | 小米生态链公司石头科技下场造车，天使轮估值2.4亿美元,36氪
2021-04-06,机械设备行业周报(第十三周),新浪
2021-04-06,家电及相关行业：品牌出海依然是最好的趋势 内销关注空调攻守易势,新浪
2021-04-06,“石头科技T7S系列全新上线 全球首创智控升降+声波震动擦地系统”,腾讯网
2021-04-06,“由“扫”到“擦” 石头科技T7S打造“清洁”新体验”,网易
2021-04-06,石头科技新品扫地机器人 五大能力胜出,金融界
2021-04-06,家用电器行业周报：4月空调排产延续增长趋势 内销排产提升显着,新浪
2021-04-06,家电行业2021年一季报业绩前瞻：低基数高增长 看好行业景气向上 把握品牌出海机遇,新浪
2021-04-06,石头科技旗舰款扫拖机器人T7S系列，解决“擦地”痛点大获得好评,金融界
2021-04-06,创业板发行价第一！达瑞电子今日申购，中一签可赚近10万,资本邦
2021-04-06,3月份重要股东增减持动态：减持金额同比下降近半 减持股份,面包财经
2021-04-05,中一签有望赚10万元！创业板注册制第一高价股明日申购,Wind
2021-04-03,石头扫拖机器人T7S Plus使用体验：首创升降拖布设计 大幅提升清扫“战斗力”,中国网
2021-04-03,扫完地它自己倒垃圾！石头扫拖机器人T7S Plus评测：彻底实现“家务自由”,快科技
2021-04-03,3月机构席位接盘442笔大宗交易，中国平安四笔大宗交易溢价率超10%！,每日经济新闻
2021-04-02,全志科技(300458)2020年年报及2021一季度业绩预告点评：智能硬件、车载齐放量 2020Q1业绩超预期,新浪
2021-04-02,2021年2月家电零售和企业出货端数据解读：空调内销增速再创新高 冰洗线下景气度向上,新浪
2021-04-01,安克创新(300866)点评：20年业绩超预期 品类矩阵接力增长,新浪
2021-04-01,中泰证券：一季度扫地机内外销均维持高增长,证券时报网
2021-03-31,晚间重要公告2021年3月31日星期三,Wind
2021-03-31,石头科技(688169.SH)两名董监高合计减持18.64万股 减持数量过半 减持股份,智通财经
2021-03-31,石头科技：董事万云鹏、监事张志淳分别减持公司0.14%股份 减持股份,Wind
2021-03-31,石头科技(688169.SH)：2名董监高减持数过半 累计减持0.28%股份 减持股份,格隆汇
2021-03-30,石头科技：持股5%以上股东顺为减持约25万股，占公司总股本0.38% 减持股份,每日经济新闻
2021-03-30,石头科技(688169.SH)主要股东顺为已减持25.03万股 减持数量过半 减持股份,智通财经
2021-03-30,石头科技：顺为累计减持0.38%股份，减持计划过半 拟减持股份,Wind
2021-03-30,A股资金流向（3月30日）：机构抱团股表现不俗，光伏龙头获抢筹,Wind
2021-03-30,家电及相关行业：高瓴收购飞利浦小家电 中国赋能或可期,新浪
2021-03-30,机械行业周报：制造业研发费用加计扣除比例提升 释放研发及资本开支活力,新浪
2021-03-30,智能家居市场爆发 石头科技“四板斧”开拓高端市场,中新网
2021-03-30,家用电器行业周报：场景化成AWE最热看点 科技赋能龙头求变,新浪
2021-03-30,扫地机器人行业：2021年石头科技企业研究报告,新浪
2021-03-29,家用电器行业投资策略周报：从2021AWE看家电产品新趋势-智能升级 健康便捷,广发证券
2021-03-29,开源证券维持石头科技买入评级：顶流代言新品，天猫渠道预售订光,每日经济新闻
2021-03-29,驶向全球，石头科技「自定义」,云掌财经
2021-03-29,家用电器行业周报：冰洗出口高增 内销持续恢复,新浪
2021-03-29,A股资金流向（3月29日）：板块效应较弱，资金精做个股,Wind
2021-03-29,石头科技官宣肖战为代言人，行业破局者的领先秘籍,砍柴网
2021-03-29,石头扫拖机器人T7S系列正式发布 尽显国潮科技风采,中新网
2021-03-29,持续加码扫拖机器人细分市场 石头科技推出首款智控升降擦地机器人T7S 系列,中国网
2021-03-29,家电股整体强势，石头科技、科沃斯、澳柯玛、海尔、海信、格力普涨,Wind
2021-03-29,智控升降式声波震动擦地+一体化集尘，石头扫拖机器人T7S Plus体验 | 钛极客,钛媒体
2021-03-29,获得2021德国红点设计大奖，石头扫拖机器人T7S系列震撼来袭,金融界
2021-03-29,细分市场争夺战号角吹响，石头扫拖机器人T7S系列蓄势出击,金融界
2021-03-29,为极致体验而生，石头扫拖机器人尽显国潮科技风采,中国网
2021-03-29,扫拖机器人T7S系列上市 石头科技宣布新代言人：肖战,快科技
2021-03-29,石头科技推出旗舰款石头扫拖机器人T7S系列，首创智控升降擦地黑科技,速途网
2021-03-29,石头科技发布T7S系列扫拖机器人：拖地增强 灰尘一月一清理,新浪
2021-03-29,石头扫拖机器人T7S系列正式发布 起售价2499元,TechWeb
2021-03-29,2499元起！石头扫拖机器人T7S系列发布：全球首创智控升降擦地,快科技
2021-03-29,A股早报2021年3月29日星期一,Wind
2021-03-28,华创家电·双周报丨高瓴收购飞利浦家电，业务协同值得期待,一超家电研究
2021-03-27,石头科技发布2021旗舰款石头扫拖机器人T7S系列,36氪
2021-03-26,石头科技今日大宗交易成交26.91万股，成交价939.3元折价13.17%,Wind
2021-03-26,石头科技(688169.SH)股东高榕持股比例降至4.99997%,智通财经
2021-03-26,石头科技：高榕不再是持股5%以上的股东,Wind
2021-03-26,石头科技(688169.SH)：股东高榕持股降至4.99997%,格隆汇
2021-03-26,石头科技涨近8%重回千元股行列，小熊电器涨停,Wind
2021-03-25,石头科技(688169)：海运影响微弱、大宗持续进行 预计Q1继续高增,新浪
2021-03-25,家用电器行业2021年一季报前瞻：收入稳步回升 盈利暂有承压 海外表现优异,广发证券
2021-03-25,"石头科技现7笔大宗交易 共成交4,862.00万元",新浪
2021-03-25,石头科技今日大宗交易成交5.20万股，成交价935.0元折价7.43%,Wind
2021-03-25,开源证券维持石头科技买入评级，公司信息更新报告：海运影响微弱、大宗持续进行，预计Q1继续高增,每日经济新闻
2021-03-24,【IPO前哨】识别危与机，如何抓住匠心独具智能家居的超额收益,搜狐
2021-03-23,石头科技2021：出海不是新故事,Ofweek
2021-03-23,通用机械行业投资周报：先进制造 自动化、智能化浪潮下 机器视觉加速渗透,新浪
2021-03-23,石头科技让扫地机器人越来越聪明,经济日报
2021-03-23,中泰证券：当前家电行业终端零售趋势向好，价格持续处于上行通道,证券时报网
2021-03-22,石头科技：扫地搬运工为什么能够逆袭？,中金在线
2021-03-22,石头科技今日大宗交易成交4.60万股，成交价943.95元折价5.19%,Wind
2021-03-22,"石头科技现2笔大宗交易 共成交4,342.17万元",新浪
2021-03-22,"石头科技CEO昌敬：用创新简化生活,不断研发有价值的产品",财经网
2021-03-22,A股主力资金流向（3月22日）：面板、碳中和概念股受追捧,Wind
2021-03-22,A股早报2021年3月22日星期一,Wind
2021-03-19,石头科技今日大宗交易成交32.41万股，成交价943.95元折价4.97%,Wind
2021-03-18,国内扫地机器人增长空间较大 石头科技将向三四线城市下沉,新京报
2021-03-18,A股主力资金流向（3月18日）：市场轮动加快，资金各自为战,Wind
2021-03-18,【家电】家电社零&地产数据点评— 21M1-2：地产竣工销售数据持续改善，家电内销复苏趋势不改,中银证券研究
2021-03-17,"石头科技现4笔大宗交易 共成交8,960.91万元",新浪
2021-03-17,石头科技(688169.SH)拟用不超34亿元闲置募集资金进行现金管理,智通财经
2021-03-17,石头科技(688169.SH)：拟使用总额不超34亿元暂时闲置募集资金适时进行现金管理,格隆汇
2021-03-17,石头科技今日大宗交易成交2.98万股，成交价997.89元溢价0.0%,Wind
2021-03-16,A股主力资金流向（3月16日）：白酒地产及碳中和概念股获抢筹,Wind
2021-03-16,家电及相关行业：家电内销弱复苏 品牌出海趋势强,新浪
2021-03-16,扫地机器人摒弃单向度竞争，到底该如何建立合力效应？,云掌财经
2021-03-16,轻资产、重研发，石头科技势头迅猛,砍柴网
2021-03-15,石头科技跌5%：股东拟套现70亿 中金曾喊目标价1333元 减持股份,中国经济网
2021-03-15,扫地机器人下半场，石头科技用人性化重新定义行业,金融界
2021-03-15,家用电器行业周报：空调保修政策对比 售后服务谁家强？,新浪
2021-03-15,家用电器行业：2月冰洗整体表现亮眼 持续推荐白电龙头,广发证券
2021-03-15,直击315 | 消费者投诉：石头科技扫地机器人出现质量问题 客服不给予售后 产品问题,DoNews
2021-03-15,315智能家居品牌电话售后调查：小品牌服务难言满意,新浪
2021-03-15,石头科技上市周年记：实力延续“疯狂”,Bianews
2021-03-14,明天有大“肉签”！一签有望赚10万，这只抗疫概念股去年净利暴增近8倍,Wind
2021-03-12,太平洋--最新观点：国际油价上涨、国内政策加码，重点推荐油气装备产业【行业研究】,金融界股吧
2021-03-11,中一签赚近16万！今天科创板又有“大肉签”诞生,Wind
2021-03-10,中银证券--家用电器行业21M2家电月度数据点评：线下零售持续复苏，终端均价上行缓解原材料上涨压力【行业研究】,金融界股吧
2021-03-09,先进制造业：减税、增贷 政策扶持先进制造业扩大设备投资,新浪
2021-03-08,家用电器行业：三大白电龙头相继回购 继续推荐,广发证券
2021-03-08,科创板双周报(2021年第3期)：市场大幅波动 科创50受挫,国海证券
2021-03-08,家用电器行业周观点：两会强调稳定家电消费 以旧换新为市场提供新动能,新浪
2021-03-08,合计募资近5万亿 注册制下321股圆梦A股,北京商报
2021-03-07,中一签最高赚23.87万元！科创板最赚钱新股诞生，下周这只新股有“肉签”潜质,中证报
2021-03-07,注册制下321股圆梦A股合计募资近5万亿,北京商报
2021-03-05,【两会重磅】家电、汽车行业2021年将如何承担内循环促消费重任？,财华社
2021-03-05,"石头科技现1笔大宗交易 共成交4,397.85万元",新浪
2021-03-05,石头科技今日大宗交易成交4.30万股，成交价1021.71元折价1.9%,Wind
2021-03-05,石头科技大宗交易成交4.30万股成交额4397.85万元,证券时报网
2021-03-05,石头科技：能否重温千元股？,云掌财经
2021-03-04,开源证券首予极米科技评级，公司首次覆盖报告：第二个石头科技：看好产品迭代及内外销市场高增长,每日经济新闻
2021-03-04,"石头科技现1笔大宗交易 共成交3,013.50万元",新浪
2021-03-04,石头科技今日大宗交易成交3万股，成交价1004.5元折价2.0%,Wind
2021-03-04,极米科技上市首日暴涨3倍，但智能投影仍有这些问题需要关注,经济观察报
2021-03-03,中一签暴赚24万！科创板最赚钱新股纪录被刷新！也有股民哭了：开板即跌停！,全景网
2021-03-03,"石头科技现1笔大宗交易 共成交4,165.56万元",新浪
2021-03-03,石头科技今日大宗交易成交4万股，成交价1041.39元折价1.8%,Wind
2021-03-03,石头科技大宗交易成交4.00万股成交额4165.56万元,证券时报网
2021-03-03,中一签赚20万：科创板最肥新股诞生 极米科技凭什么？,财联社
2021-03-03,中一签赚近24万元，科创板第一大“肉签”横空出世,Wind
2021-03-03,“石头不怕火炼”？减持对优秀公司的冲击总是有限的 减持股份,搜狐
2021-03-02,海通证券：关注扩大内需消费主线下食品饮料、医药生物的投资机会,第一财经
2021-03-02,老记吹“牛”｜最值得关注的“风口”来了！6岁独角兽将引发物联网大战？,每日经济新闻
2021-03-02,云鲸会不会成为下一个“疯狂”的石头？,中国家电网
2021-03-02,"石头科技现6笔大宗交易 共成交8,388.80万元",新浪
2021-03-02,中银证券--家电行业陆股通持仓点评：21M2，陆股通持股比例环比提升，持续看好需求景气度向上的必选家电板块【行业研究】,金融界股吧
2021-03-02,科创板2020年业绩抢先看，净利润增速60%,Wind
2021-03-02,A股早报2021年3月2日星期二,Wind
2021-03-02,先进制造投资周报：通用自动化龙头2020年业绩快报亮眼,新浪
2021-03-02,策略专题报告：“两会”政策前瞻及行业机会,新浪
2021-03-01,深度*行业*家电行业陆股通持仓点评,新浪
2021-03-01,家电周报：白电景气度向上 关注各细分市场龙头,新浪
2021-03-01,石头科技今日大宗交易成交21.11万股，成交价918.0元折价8.75%,Wind
2021-03-01,"石头科技现7笔大宗交易 共成交19,374.76万元",新浪
2021-03-01,机械行业周报：施工项目需求旺盛 挖机销售继续超预期,新浪
2021-03-01,【银河家电李冠华】行业动态 2020.2丨白电出货高增，无需过忧原材料价格上涨,中国银河证券研究
2021-03-01,家电行业1月数据点评：景气持续向上,新浪
2021-03-01,中一签大赚9万？本周有“大肉签”（附详情）,证券时报网
2021-02-28,中一签有望赚10万，科创板发行价第五高股票来了,Wind
2021-02-27,巨量减持不利于科创板发展 减持股份,金融投资报
2021-02-26,营收净利双降、市值单日缩水33亿，炊具第一股苏泊尔怎么了？ 盈利能力下降,大河报
2021-02-26,2021年1月家电零售和企业出货端数据解读：三大白电景气度向上 厨电整体销售回暖,新浪
2021-02-26,大股东动向｜本周66家上市公司预减持，石头科技“去小米化”遭全员减持 减持股份,21世纪经济报道
2021-02-26,A股主力资金流向（2月26日）：主力资金连续8日净流出,Wind
2021-02-26,股东集体后撤，疯狂的石头科技盘中股价再次冲击千元,奥一网
2021-02-26,严防突击入股 一招轻松搞定,新浪
2021-02-26,热门公司｜石头科技内外股东11.1%大幅减持说明了什么？ 减持股份,云掌财经
2021-02-25,疯狂的石头科技：股东集体后撤 资本泡沫被戳破？,中国经营网
2021-02-25,清仓式减持引发股价巨震 石头科技回应“去小米化”传闻 减持股份,南方网
2021-02-25,2分钟读财报|千元股石头科技刚解禁就巨量减持 股东欲套现70亿,新浪
2021-02-25,石头科技盘中涨逾7% 股价逼近千元大关,证券时报网
2021-02-25,家电股复苏，石头科技、格力电器、海信家电、科沃斯大涨,Wind
2021-02-25,小米系等10股东拟高位套现超70亿元 石头科技股价狂跌 减持股份,GPLP犀牛财经
2021-02-25,千亿龙头罕见大跳水，牛散葛卫东5天损失1.76亿,证券时报网
2021-02-24,低价揽股高价抛出，疯狂的“石头科技”遭股东清仓式减持！ 减持股份,环球老虎财经
2021-02-24,“扫地茅”石头科技遭大股东巨量抛售，如果没了小米还能走多远？,奥一网
2021-02-24,A股主力资金流向（2月24日）：材料行业两日净流出超300亿,Wind
2021-02-24,高价股的至暗时刻？石头科技、爱美客跌出千元股阵营，贵州茅台成独苗，春节后市值也蒸发掉一个“金龙鱼” 连续下跌,金融界
2021-02-24,科技行业日报：航空航天与国防板块表现抢眼,新浪
2021-02-24,石头科技现巨量减持 科创板别蜕变为“套现板” 减持股份,新浪
2021-02-23,搬起石头砸韭菜的脚？刚解禁 石头科技70亿减持来了 解禁,新浪
2021-02-23,"石头科技上市一年遭减持：""雷军系""3000万元入股市值变119亿，将减持套现17亿 减持股份",搜狐
2021-02-23,无惧70亿减持利空袭来 A股“最硬的石头”石头科技上演大逆转 减持股份,财联社
2021-02-23,资本动态|市场风格再转换，三大指数震荡收阴，行业龙头却止跌回升，化工股“一骑绝尘”,财经网
2021-02-23,石头科技10股东拟减持套现超70亿元 昨股价提前下跌 拟减持股份,中国经济网
2021-02-23,石头科技股价跌破千元：超2800万首发限售股解禁，十名股东拟减持11.1%股份 解禁,云掌财经
2021-02-23,熟悉的风格又回来了，2600股下跌，龙头股回升,中证报
2021-02-23,2600股下跌，龙头股回升！没有一点点防备，熟悉的风格又回来了,中证报
2021-02-23,2300亿灰飞烟灭！5000亿“油茅”崩了,e公司
2021-02-23,抱团股稳了：茅台1000亿反攻！银行保险发力大涨,中国基金报
2021-02-23,反转！70亿减持利空被无视，真是“石头不怕火炼”？（附巨额解禁股名单） 减持股份,证券时报网
2021-02-23,抱团股稳了：茅台1000亿反攻！银行保险发力大涨，千亿牛股涨停新高，小票却哭了！,中国基金报
2021-02-23,疯狂的石头！300亿市值解禁、70亿减持利空之下， 石头科技股价重回1000元 解禁,上游新闻
2021-02-23,过了个年，VC/PE悄悄套现近百亿,投中网
2021-02-23,市场要闻 | 超300亿元巨额解禁，石头科技股价开盘大跌13%,36氪
2021-02-23,“两市第三大高价股”石头科技10名股东减持，涉及超73亿元，股价跌破千元 减持股份,经济网
2021-02-23,A股异动：石头科技一度跌13%，多名股东拟减持套现超70亿元 拟减持股份,英为财情
2021-02-23,快讯：股东大比例减持石头科技低开13% 减持股份,科创板日报
2021-02-23,石头科技解禁首日遭股东巨额减持，原因耐人寻味 解禁,中国家电网
2021-02-23,10名股东拟减持套现超70亿，石头科技开盘大跌13% 拟减持股份,第一财经
2021-02-23,解禁276亿后大股东71亿减持！石头科技低开13%！华泰证券最新研报：目标价1588 解禁,和讯
2021-02-23,【行情】石头科技低开逾13%，随后快速拉升反弹，现该股涨逾4%，重返1000元上方,金十数据
2021-02-23,石头科技涨超4%，股价重回千元上方,Wind
2021-02-23,上市一周年迎超300亿元巨额解禁，石头科技跌下“千元股”神坛 解禁,资本邦
2021-02-23,石头科技快速拉升翻红,e公司
2021-02-23,石头科技：石头时代累计减持148.81万股占总股本2.23% 减持股份,资本邦
2021-02-23,解禁276亿后71亿减持随即出炉 石头科技早盘低开13% 解禁,新浪
2021-02-23,石头科技低开超13%,e公司
2021-02-23,石头科技低开13%，10名股东拟减持不超过11.1%公司股份,Wind
2021-02-23,太平洋--机械行业周报：供需两端共同驱动，中游制造崛起【行业研究】,金融界股吧
2021-02-23,太狠了！刚解禁就减持？石头科技10名股东拟减持超70亿，网友：搬石头砸散户的脚 解禁,证券时报网
2021-02-23,石头科技2857万股解禁股价跌破千元 自主品牌+海外市场发力净利三年增19倍 解禁,长江商报
2021-02-23,"刚刚解禁，股东就抛出70亿减持计划，这只股一天蒸发近百亿市值！国企改革重磅会议今日召开，业绩预增概念股抢先看（附名单）
拟减持股份",证券时报网
2021-02-23,“核心资产”走势缘何突变？,Wind
2021-02-23,"A股""变天""了？茅台跌上热搜，第三大高价股趁机套现70亿！股民别慌，刚刚，利好来了",21金融圈
2021-02-22,石头科技巨额解禁股价崩:小米高榕等创投撤出 竞争下半场胜负难定 解禁,新浪
2021-02-22,刚解禁就减持 “两市第三高价股”石头科技迎71亿“利空王炸”？ 解禁,每日经济新闻
2021-02-22,石头科技股东拟减持套现70亿，另一只千元医美股高处不胜寒 拟减持股份,第一财经
2021-02-22,科创板晚报|石头科技：股东拟合计减持不超11.1%股份海尔生物2020年度净利润同比增109.2%,科创板日报
2021-02-22,巨量减持来袭！“疯狂的石头”跌破千元，10名股东拟售不超11.1%股份,中证报
2021-02-22,晚间重要公告2021年2月22日星期一,Wind
2021-02-22,巨额解禁、股价闪崩…石头科技跌破千元，“扫地机茅台”还好吗？ 解禁,金融投资报
2021-02-22,石头科技近300亿巨量解禁，宣布减持11%股份，“小米系”股东也要卖 解禁,证券时报网
2021-02-22,A股市值一天蒸发1.4万亿！三大原因造成市场风格极致切换,上证报
2021-02-22,犀牛财经晚报：石头科技股东拟减持奈雪的茶谈关联公司经营异常,GPLP犀牛财经
2021-02-22,石头科技跌13% 中金公司节前喊目标价1333元,中国经济网
2021-02-22,A股市值一天蒸发1.4万亿，机构称三大原因造成市场风格极致切换,Wind
2021-02-22,拟套现超70亿元！石头科技10名股东拟减持不超过11.1% 拟减持股份,21世纪经济报道
2021-02-22,石头科技(688169.SH)多位股东拟合计减持不超739.75万股,智通财经
2021-02-22,石头科技(688169.SH)：股东及董监高拟合计减持不超11.10%的股份 拟减持股份,格隆汇
2021-02-22,石头科技：10名股东拟合计减持不超过11.10%公司股份 拟减持股份,Wind
2021-02-22,业内：石头科技限售解禁股价短期承压 未来产业前景广阔 解禁,第一财经
2021-02-22,石头科技2858.87万股解禁，解禁市值超300亿 解禁,企查查
2021-02-22,先进制造投资周报：看好通用自动化春季持续复苏行情,新浪
2021-02-22,A股主力资金流向（2月22日）：基金重仓股遭猛烈抛售,Wind
2021-02-22,300亿解禁洪峰来袭 石头科技大跌近13%失守千元大关 解禁,证券时报网
2021-02-22,解禁利空来袭！科创板第一高价股暴跌，“疯狂的石头”市值蒸发近百亿 解禁,时代财经
2021-02-22,石头科技跌破千元!景顺长城基金5只产品位列前十大流通股东,资本邦
2021-02-22,石头科技跌破千元，“疯狂的石头”遭遇超300亿解禁！ 解禁,每日经济新闻
2021-02-22,大跌眼镜！小盘股逆袭了龙头股？,上证报
2021-02-22,“扫地茅”石头科技股价跌破千元大关，300亿解禁洪峰来袭 解禁,第一财经
2021-02-22,石头科技跌近13%、海尔智家逼近跌停，家电指数下挫逾6%,Wind
2021-02-22,怎么回事？抱团股又崩了，茅台跌破3万亿,中国基金报
2021-02-22,家用电器行业2021W8周观点：中小市值企业价值有望提升 铜、铝原材料价格上涨,新浪
2021-02-22,"刚刚，""抱团股""又崩了:茅台跌破3万亿，白酒""蒸发""4000亿！""超级周期""太疯狂，有色股暴涨:最牛25%！",中国基金报
2021-02-22,惊呆！茅台2天半暴跌2600亿，千元牛股也崩了，300亿解禁洪峰来袭！“超级周期”疯狂，最强暴涨25%！ 解禁,新浪
2021-02-22,跌破千元！石头科技300亿解禁洪峰打趴股价 机构最高仍看至1588元 解禁,21世纪经济报道
2021-02-22,茅台2天半暴跌2600亿 千元牛股也崩了！“超级周期”疯狂 最强暴涨25% 连续下跌,证券时报
2021-02-22,千元牛股也崩了：茅台2天半暴跌2600亿 300亿解禁洪峰来袭 解禁,e公司
2021-02-22,突发闪崩！“千元大牛股”跌破千元，“疯狂的石头”遭遇超300亿解禁！网友不幸言中：泰山压顶 解禁,每日经济新闻
2021-02-22,2857.87万股解禁！石头科技迎上市以来最大解禁潮，股价暴跌9.82% 解禁,环球老虎财经
2021-02-22,千元股迎300亿巨额解禁，石头科技盘中暴跌近10% 解禁,金融界
2021-02-22,石头科技跌幅扩大至10%,e公司
2021-02-22,“疯狂的石头”陨落！317亿元巨额解禁压顶，这只千元股一度大跌110元！上市不到一年狂涨365%，网友：瑟瑟发抖 解禁,每日经济新闻
2021-02-22,石头科技低开低走，跌幅扩大至近6%,Wind
2021-02-22,300亿解禁“洪峰”来袭！千元“扫地茅”股价迎大考，机构：还能再涨50% 解禁,证券时报网
2021-02-22,A股千亿解禁来袭 解禁,北京商报
2021-02-22,本周解禁市值超千亿 10股解禁比例超10% 解禁,证券时报
2021-02-21,千亿解禁来袭 石头科技约317亿解禁市值领衔 解禁,北京商报
2021-02-21,千亿解禁来袭！明天，“疯狂的石头”迎317亿解禁洪峰，下周还有这些股票解禁压力大 解禁,每日经济新闻
2021-02-21,“疯狂的石头”明迎317亿元解禁洪峰，上市1年飙涨3倍 解禁,中证报
2021-02-21,就在明天！“疯狂的石头”迎317亿元解禁洪峰，上市1年飙涨3倍，目前股价超1100元，下周还有这些股票解禁压力大（附名单） 解禁,中证报
2021-02-21,下周解禁市值超千亿，石头科技面临解禁洪峰 解禁,格隆汇
2021-02-21,证监会出手，ST股审计专业户被调查！牛年首波解禁潮袭来（名单） 其他违规处罚,证券时报网
2021-02-20,家用电器与器具行业周报：春节低基数下现增长活力 年初至今家电消费温和复苏,新浪
2021-02-20,下周有42家公司限售股陆续解禁，解禁市值1045亿元 解禁,Wind
2021-02-19,AI领域再迎利好，2021或成行业IPO大年，戴维斯双击会来吗？,第一财经
2021-02-19,牛年首只大肉签 中一签或赚10万元,新浪
2021-02-19,【太平洋机械】机械行业点评报告：后疫情时代中国装备走向全球，龙头企业估值有望继续提升,太平洋机械大讲堂
2021-02-19,极米科技难成下一个“石头”,阿尔法工场
2021-02-19,中一签或赚10万！牛年首只“大肉签”就在今天,证券时报网
2021-02-18,中一签有望暴赚10万！牛年首只“大肉签”来了,每日经济新闻
2021-02-18,牛年首个交易日就有“日光基”诞生！,上证报
2021-02-18,中一签有望赚10万！牛年首只“肉签”来了，系智能投影设备龙头，百度、芒果传媒等股东有望分享红利,证券时报网
2021-02-18,牛年首只“大肉签” 来袭！极米科技IPO发行价133.73元/股，明日开始申购,财经网
2021-02-18,美的跨界医疗 是奇招还是昏招？,新浪
2021-02-18,牛年首只“大肉签” 来袭！投影设备“一哥”极米科技明日开始申购，中一签获利或超10万,21世纪经济报道
2021-02-18,44股获券商买入评级 金晶科技目标涨幅达100.63%,Wind
2021-02-18,"东街2号：美的集团走错第二步？ 医疗不是市值""神药""",中国经济网
2021-02-18,中一签或暴赚10万！牛年第一只“大肉签”来了，“智能投影一哥”新股必打！,中国基金报
2021-02-17,牛年第一只“大肉签”！“投影一哥”将登陆A股,中证报
2021-02-12,行业“茅”，6成2021股价大涨，4成2020股价翻番,网易
2021-02-10,国信证券维持石头科技买入评级：自主品牌提盈利，内外销表现靓丽,每日经济新闻
2021-02-10,石头科技(688169)：自主品牌提盈利 内外销表现靓丽,新浪
2021-02-10,第三只千元股花落爱美客 下一只千元股花落谁家？,第一财经
2021-02-10,石头科技(688169)公司信息更新报告：业绩快报接近预告上限 期待年度旗舰推动产品升级,新浪
2021-02-10,【家电】21M1家电月度数据点评：白电零售增速亮眼，扫地机维持较高景气度,中银证券研究
2021-02-10,燃爆了！主力节前猛干，还有万亿弹药未出膛,Wind
2021-02-10,2月9日48只个股获券商关注，恒力石化目标涨幅达60.34%,每日经济新闻
2021-02-10,扫地机器人大卖：用股价暴打茅台，用“智障”征服人类,36氪
2021-02-10,“玻尿酸茅”爱美客股价破千元 大手笔高送转方案引监管问询 问询,第一财经
2021-02-09,华泰证券给予石头科技买入评级，2020利润大增，2021新品蓄力,每日经济新闻
2021-02-09,西南证券给予石头科技买入评级，赛道红利显着，内外销持续放量,每日经济新闻
2021-02-09,石头科技(688169)：扫地机产品创新加速 2021有望延续高增长,新浪
2021-02-09,葛卫东赌赢了！化工、军工又疯涨，茅台也新高了,中国基金报
2021-02-09,爱美客突破千元大关，私募大佬葛卫东赌赢了！,中国基金报
2021-02-09,"刚刚，""女人的茅台""刷屏！暴涨800%，突破1000元大关，私募大佬葛卫东赌赢了！化工、军工又疯涨，茅台也新高了",中国基金报
2021-02-09,解盘：金融股低迷，稀土、医美、大飞机、新能源领涨,Wind
2021-02-09,爱美客逼近涨停 超越石头科技成A股第二高价股,格隆汇
2021-02-09,爱美客涨幅扩大至19%，超越石头科技成为第二高价股,Wind
2021-02-09,【家电】家电行业陆股通持仓点评21M1：偏好后周期，加码高成长,中银证券研究
2021-02-09,中泰证券维持石头科技买入评级，2020年业绩快报点评：业绩逼近预告上限,每日经济新闻
2021-02-09,又赚了！葛卫东押中年报首个高送转，10转8派35元,中证报
2021-02-09,“千元股”石头科技2020年营收超45亿元，盈利增超七成,资本邦
2021-02-09,【晨观方正】家电/化工20210209,新浪
2021-02-09,上市公司正负面新闻2021年2月9日星期二,Wind
2021-02-08,8日公告精选：稳定股价，浙商银行董监高增持；露天煤业子公司被罚约1亿元,证券时报网
2021-02-08,石头科技(688169.SH)2020年度归母净利润同比增75.19%至13.7亿元,智通财经
2021-02-08,家居｜石头科技2020年净利润13.71亿元，同比增长75.19%,财经网
2021-02-08,石头科技(688169.SH)业绩快报：2020年度净利升75.19%至13.71亿元,格隆汇
2021-02-08,石头科技业绩快报：2020年净利同比增75.19%,e公司
2021-02-08,石头科技业绩快报：2020年净利润13.7亿元，同比增长75.19%,Wind
2021-02-08,家电周报：小家电线上景气度回升 关注各细分市场龙头,新浪
2021-02-08,华创家电·双周报丨归纳与演绎：理解集成灶渠道模式的差异性,一超家电研究
2021-02-07,科创板股2020年业绩提前看 23股净利润增幅翻倍,证券之星
2021-02-07,"石头科技涨幅超4倍跻身""千元股""行列 高市场预期背后存隐忧",新浪
2021-02-07,天风家电 | 节前家电市场需求旺盛，产品升级带动均价上涨——2021W6周观点,小蔡看家电
2021-02-06,【2020年新股专题报告】完整版,证券时报网
2021-02-06,计算机行业嵌入式软件深度研究-嵌入式软件：类SAAS 渠道乘法！,新浪
2021-02-06,家用电器行业2020年家电大数据专题：疫情下内销承压 外销超预期,广发证券
2021-02-05,涨幅超4倍跻身“千元股”行列 石头科技还能“疯狂”多久？,中国电子报
2021-02-05,石头科技股价三连阴 上月末中信证券中金公司喊买,中国经济网
2021-02-05,【2020年A股新股观察报告】IPO融资额创十年新高 注册制定价初显成效,证券时报网
2021-02-05,石头扫地机器人火到日本 拿下最大电器销售商C位,快科技
2021-02-05,当石头科技市值800亿的时候 即将上市的极米科技估值该是多少？,GPLP犀牛财经
2021-02-05,跻身“千元股”行列 石头科技为何如此“疯狂”,中国电子报
2021-02-05,石头科技上市近一年，股价涨4倍破1000,Ofweek
2021-02-04,石头科技：2858万股限售股将解禁 解禁,科创板日报
2021-02-04,石头科技：约2857.87万股限售股2月22日解禁，占比42.87% 解禁,每日经济新闻
2021-02-04,石头科技(688169.SH)：2857.8715万股限售股将解禁 解禁,格隆汇
2021-02-04,中银证券--家电行业20Q4基金持仓点评：家电持仓比重环比提升，白电板块受市场青睐【行业研究】,金融界股吧
2021-02-04,家电行业深度研究报告：2020拖地元年 自清洁创新开启新征程,新浪
2021-02-04,124家科创板公司披露业绩预告，逾七成预喜,Wind
2021-02-03,西南证券--2020年家电行业年度数据点评：春暖花开，轻装上阵迎接行业新起点【行业研究】,金融界股吧
2021-02-02,石头科技之后 这家公司“金手铐”刷新纪录 科创板股权激励“折扣”起底,科创板日报
2021-02-01,家用电器行业2020W5周观点：2月空调外销排产持续向好 20Q4白电板块基金持仓提升,新浪
2021-02-01,中国制造 2.0：用科技和创新，服务全球用户,金融界
2021-02-01,收藏，基金重仓的157只科创板全名单,证券时报
2021-02-01,基金重仓的157只科创板全名单(附股),新浪
2021-02-01,民生机械周报：龙头预增略超预期 串焊设备受益尺寸迭代,新浪
2021-01-31,天风家电 | 2021W5周观点——2月空调外销排产持续向好，20Q4白电板块基金持仓提升,小蔡看家电
2021-01-31,2020年公募基金四季报分析：港股配置比例提升，资讯科技受青睐,中信建投证券研究
2021-01-30,开源金股，2月推荐,开源证券研究所
2021-01-30,财富周评榜|小家电“绿了”！小熊电器跌幅超29%，“科沃斯们”一枝独秀？,华夏时报
2021-01-29,石头科技(688169)2020年业绩预告点评：内外销持续增长 Q4业绩超预期,西南证券
2021-01-29,石头科技(688169)：自主品牌驱动收入利润双提 21年行业景气度有望延续,新浪
2021-01-29,石头科技(688169)：技术、市场双发力 20Q4创佳绩,新浪
2021-01-29,【晨观方正】宏观/农业/家电/军工20210129,方正证券
2021-01-29,中泰证券：2020年清洁电器中拖地需求强势崛起,证券时报网
2021-01-29,"大比例解禁""洪峰""来袭 石头科技高端产品劲敌环伺藏隐忧 解禁",投资者网
2021-01-28,研究所2021年2月精选组合,新浪
2021-01-28,石头科技、科沃斯去年净利暴涨 扫地机器人“钱景”看好,第一财经
2021-01-28,抱团股遭团灭，机构力捧的千元“扫地机茅”逆势收高为哪般？,第一财经
2021-01-28,重磅！首份科创板股权激励深度报告发布：高科技龙头是怎么做激励的？（附报告链接）,第一财经
2021-01-28,机构今日看好这些股 石头科技获目标价1400元,第一财经
2021-01-28,石头科技(688169)：20年业绩大增69％-78％ 扫地机器人龙头持续成长,新浪
2021-01-28,石头科技(688169)2020年业绩预告点评：自有品牌快速增长 海外拓展进展顺利,新浪
2021-01-28,石头科技(688169)2020年业绩预告点评：内外销双击促业绩爆发,新浪
2021-01-28,石头科技(688169.SH)一度涨超7%四季度净利预增109.6%-144.5%,格隆汇
2021-01-28,石头科技(688169)公司信息更新报告：业绩预告超市场预期 继续看好外销增长、产品升级,新浪
2021-01-28,华创家电秦一超｜石头科技：产品结构持续优化，业绩表现延续高增,一超家电研究
2021-01-28,海通证券研究所早报,新浪
2021-01-28,上市公司正负面新闻2021年1月28日星期四,Wind
2021-01-28,注册制市场化定价成效显著，新股估值加速分化,Wind
2021-01-27,【方正家电】石头科技2020年度业绩预告点评：业绩略超预期，品牌出海加速,家电研究札记
2021-01-27,石头科技：2020年预计净利润同比增长68.61%~77.55%,Wind
2021-01-27,晚间重要公告2021年1月27日星期三,Wind
2021-01-27,石头科技(688169.SH)预计2020年度归母净利同比增68.61%到77.55%,智通财经
2021-01-27,石头科技：2020年净利预增69%到78%,e公司
2021-01-27,石头科技(688169.SH)2020年度净利润预增68.61%到77.55%,格隆汇
2021-01-27,开源晨会0129丨相信市场中的积极力量；2020年财政：支出扩张，“退潮”不改；扬杰科技；海容冷链、三美股份、顺络电子,开源证券研究所
2021-01-27,8股获基金持仓比例超20%，石头科技居首,Wind
2021-01-27,8股获基金持仓比例超20% 石头科技居首,证券时报网
2021-01-27,家用电器行业：20Q4基金重仓白电比例提升明显,新浪
2021-01-27,哪些股票基金抱团程度高？石头科技排第一,Wind
2021-01-27,哪些股票基金抱团程度高？石头科技排第一,证券时报
2021-01-26,家用电器行业双周报：跨境电商方兴未艾 小电品牌出海加速,新浪
2021-01-26,欧派家居、石头科技、视源股份、安井食品等明星股盘中均创历史新高,Wind
2021-01-26,家用电器行业专题报告：四季度基金持仓点评：白电重仓比例大幅提升,新浪
2021-01-26,中国消费电子企业20强发布：华为、美的、小米位列三甲,Ofweek
2021-01-25,机械设备行业：公募基金20Q4持仓分析 持续加仓机械设备 重视制造业崛起,广发证券
2021-01-25,家用电器与器具行业周报：20Q4板块基金配臵比例提升 内部持仓结构更为集中,新浪
2021-01-25,深度*行业*家用电器行业周报：12月空调产业在线数据出炉 外销持续高景气,新浪
2021-01-25,家用电器行业2020W4周观点：12月空调内销略有下滑 美的外销增速亮眼,新浪
2021-01-25,计算机行业周报：关注人工智能和信创产业,国海证券
2021-01-25,安信证券：资本市场对家电行业红利的持续性预期不足,Wind
2021-01-24,天风家电|12月空调内销略有下滑，美的外销增速亮眼——2020W4周观点,小蔡看家电
2021-01-22,最赚钱基金经理四季报：景顺长城“三驾马车”管理规模超1200亿,新浪
2021-01-22,A股第二支千元股石头科技 股价一度涨至1248元创历史新高,金融界
2021-01-22,1月22日晚间重要行业研究汇总(附股),中金在线
2021-01-22,家电行业12月数据点评：均价回升显着,新浪
2021-01-22,百元股数量创历史新高，67股获北上资金增持,Wind
2021-01-21,未清理和披露对赌协议极米科技IPO进程起波折此前已有不少同类案例 IPO融资异常,科创板日报
2021-01-21,【研报掘金】家电内销复苏行情有望延续 建议把握年报业绩超预期标的,证券时报网
2021-01-21,石头科技是“机器人界的苹果”？想多了,读懂财经
2021-01-21,石头科技股价破千的逻辑,阿尔法工场研究院
2021-01-20,行业深度报告：科创板2020年全景复盘,新浪
2021-01-20,家电行业2020年年报业绩前瞻：内外景气共振 把握年报业绩超预期,新浪
2021-01-20,海康威视分拆萤石网络，能否比肩小米？,新浪
2021-01-20,深度*行业*家电社零＆地产数据点评：家电内销复苏行情有望延续,新浪
2021-01-20,家电及相关行业：空调出口高增长 内销出货有波动,新浪
2021-01-20,安信证券：人工智能正式迎来“遍地开花”的黄金时代,证券时报网
2021-01-19,深度*行业*家用电器行业周报：国内部分地区疫情反复 持续关注家电需求改善,新浪
2021-01-18,1月18日晚间重要行业研究汇总(附股),中金在线
2021-01-18,Aqara与石头科技合作 服务美好生活,砍柴网
2021-01-18,家用电器2020W3周观点：CES展显示技术各显神通 服务机器人未来可期,新浪
2021-01-17,天风家电 |CES展显示技术各显神通，服务机器人未来可期——2020W3周观点,小蔡看家电
2021-01-17,百元股已达152家 还有哪些标的将跨过百元门槛,新浪
2021-01-17,安信研究|晨会在线20210119,安信证券研究
2021-01-15,机构抱团股砸出“深坑”！未来高增长名单来了,证券时报网
2021-01-14,石头科技(688169)公司信息更新报告：S7亮相CES展 优化拖地能力 预增自动集尘盒,新浪
2021-01-14,扫地机器人，真的配不上石头科技的高股价,DoNews
2021-01-13,魔咒为何失效，巨量解禁之际，“最硬”石头创新高！4000亿机械龙头大震荡，资金出逃的抱团股曝光 解禁,证券时报网
2021-01-13,“懒人经济”也报团？扫地双雄逆市新高 仅1.6万股东瓜分盛宴 渗透率成小家电重要引擎 警惕这只股解禁风险 解禁,金融界
2021-01-13,石头科技大解禁前的微妙变化,中国经济网
2021-01-13,A股公司纷纷亮相CES，消费电子产业有望迎来新发展周期,Wind
2021-01-12,首份年报高送转预案一夜“流产”！这些公司有高分红预期,中证报
2021-01-12,每周研报精粹,新浪
2021-01-12,深度*行业*家用电器行业周报：内外需增长持续可期 家电行业估值创历史新高,新浪
2021-01-12,雷军先生，你根本不是凡尔赛文学的一员丨底片,投中网
2021-01-11,第二只千元股揭晓！“扫地僧”石头科技用产品创造需求,国际金融报
2021-01-11,家用电器可选消费年度投资策略2：看好2021可选消费板块-布局龙头 精选新消费,新浪
2021-01-11,中银证券：内外需增长持续可期，关注估值分位较低或经营环比改善的龙头标的,证券时报网
2021-01-08,2020年11月家电零售和企业出货端数据解读：空调内外销持续回暖 厨小延续较高景气,新浪
2021-01-07,【银河家电李冠华】行业动态 2020.12丨11月冰洗表现亮眼，空调价格回升持续,新浪
2021-01-07,41股获券商买入评级 宇通客车目标涨幅达83.13%,Wind
2021-01-06,石头科技(688169.SH)：公司及全资子公司取得《高新技术企业证书》和《软件企业证书》,格隆汇
2021-01-06,中金恋阿里，华兴靠京东？投行垄断独角兽成新趋势,券商中国
2021-01-06,上调评级至买入策略选股（1月6日）,Wind
2021-01-06,机遇与挑战并存 “安全健康”成为消费者刚需,时代周报
2021-01-05,机械行业周报：特斯拉MODEL Y再度大幅降价 新能源汽车加速渗透,新浪
2021-01-05,家用电器行业周报：11月空调均价整体攀升 持续推荐白电龙头,广发证券
2021-01-04,展望与回眸 | 家电企业奋力破局 健康概念产品迎机遇,时代在线
2021-01-04,家用电器2020W52周观点：1月空调排产大幅上升 企业进入备货旺季,新浪
2021-01-04,机械行业周报：国产MODEL Y大幅降价 CATL再扩产、锂电设备受益,新浪
2021-01-04,石头科技一度下挫超9%，股价重回1000元下方,Wind
2021-01-04,倍轻松3年遭28罚 销售费高研发低按摩器科创属性几何,电鳗快报
2021-01-04,68只科创板股融资余额环比增加,证券之星
2021-01-03,天风家电 |1月空调排产大幅上升，企业进入备货旺季——2020W52周观点,小蔡看家电
2021-01-02,A股打新人的2020：1600万人争夺战下的一签难求，最牛签盈利38万,腾讯网
2021-01-01,中信建投证券2021年度十大预测,中信建投证券研究
2021-01-01,券商勾画2021年藏宝图：“三朵金花”待放,中证报
2020-12-31,股价破千，石头科技还能继续“疯狂”多久？,《商学院》杂志
2020-12-31,家电及相关行业：内需温和复苏 出口维持强劲增长,新浪
2020-12-30,家电行业2021年度策略-温柔的双击：行业红利延续 蓝筹估值提升,新浪
2020-12-30,千元股光环石头科技：摆脱小米依赖净利大增 50亿用于理财和置业,新浪
2020-12-30,倍轻松3年遭28罚 销售费高研发低按摩器科创属性几何,中国经济网
2020-12-29,安信证券：预计家电出口仍将受疫情影响保持快速增长,证券时报网
2020-12-28,家用电器W51周观点：海尔智家私有化落定 海信视像混改落地,新浪
2020-12-28,家用电器行业：11月冰洗整体表现亮眼 持续推荐白电龙头,广发证券
2020-12-28,中一签或赚10万！年内最后一只“大肉签”开打,证券时报网
2020-12-28,中一签或赚10万！年内最后一只“大肉签”开打，热门行业+高发行价…近期最易中签的主板新股也来了,证券时报网
2020-12-27,天风家电 | 海尔智家私有化落定，海信视像混改落地——W51周观点,小蔡看家电
2020-12-27,2020年度百元股盘点：市场分化明显，医药爆发、电子蓄力,时代在线
2020-12-26,资金驻足大消费 医药家电纺织服装再“抬头”,金融投资报
2020-12-25,万万没想到｜这家企业股票力拼茅台！成功背后要谢宅男宅女,重庆商报
2020-12-25,魔幻2020：有的不到一年狂赚20倍！有的说好盈利2000万，结果巨亏3个亿！ 重大损失,新浪
2020-12-24,IPO价格即将翻倍小米这一年到底发生了什么?,Ofweek
2020-12-23,12月23日晚间重要行业研究汇总,天然橡胶网
2020-12-22,【兴证策略|科创板】近期科创板优质公司纳入主要指数情况汇总——科创板系列研究,XYSTRATEGY
2020-12-22,机械设备行业周报：工业复苏超预期 多地限电 顺周期延续,新浪
2020-12-22,机械行业周报：中央经济工作会议规划2021重点 自主可控、光伏设备等受益,新浪
2020-12-22,129只科创板股融资余额环比增加,证券时报网
2020-12-22,机械设备行业周报(第五十一周),新浪
2020-12-22,茅台里面挑“石头”,证券时报网
2020-12-21,点金科创板｜热点板块可逢低参与 石头科技短期或有调整,重庆商报
2020-12-21,家电及相关行业：11月空调零售量下滑需要担心吗？,新浪
2020-12-21,家电行业红利持续性有望超出资本市场预期,中华商务网
2020-12-20,天风家电 | 11月空调内销平稳增长，外销继续提速——2020W50周观点,小蔡看家电
2020-12-20,2020年A股诞生多少十倍股？个股价格大排名来了,中证报
2020-12-19,刘柯：重新估值细分行业冠军,中财网
2020-12-18,疯狂的“石头科技”：股价连续三日超过千元，A股仅次于茅台,搜狐
2020-12-17,二十年坚守，汇森家居将迎来价值飞跃之路,凤凰网
2020-12-17,股价仅次于茅台，石头科技是何方神圣,36氪
2020-12-17,小票闪崩，大票新高，A股市场风格变了？,中证报
2020-12-17,昔日股王今何在？“茅台魔咒”再迎大考,Wind
2020-12-17,两个季度翻两倍，第二只千元股石头科技成色几何？15家券商高估值也撑不起股价！,时代在线
2020-12-17,“疯狂的石头”上市10个月股价破千！但是这两类人“哭了”,每日经济新闻
2020-12-17,A股第二只千元股诞生！上市仅10个月，主营扫地机器人！能打破“茅台魔咒”吗,21世纪经济报道
2020-12-17,每日理财观察：新版市场准入负面清单发布，四年缩减62%,Wind
2020-12-17,方正机械2021年度策略报告：行业复苏持续，精选优质龙头,方正证券
2020-12-17,同样的千元股 不一样的风采,证券时报
2020-12-17,石头科技破千元大关成两市第二只千元股,重庆商报
2020-12-16,“疯狂的石头”，上市仅10个月股价破千！但是这两类人“哭了”,每日经济新闻
2020-12-16,A股第二家！石头科技上市10个月突破千元,重庆商报
2020-12-16,A股再添一只千元股，石头科技能否破“茅台魔咒”？,搜狐
2020-12-16,道达投资手记：疯狂的“石头” 第二只千元股现身,每日经济新闻
2020-12-16,郑眼看盘：热点回到“老面孔” 泛消费品种走强,每日经济新闻
2020-12-16,个股分化量能萎缩短期磨底行情或将持续,大众证券报
2020-12-16,森马服饰||高管增持彰显公司长远发展信心，业绩持续复苏,吕明可选消费研究
2020-12-16,扫地机器人企业石头科技成2000年后A股第二只千元股，分析师称行业仍将高速增长,21世纪经济报道
2020-12-16,个股分化 量能萎缩 短期磨底行情或将持续,大众证券报
2020-12-16,心态炸了！千元大牛股爆发前，4000散户被踢下车，278只基金却扎堆进场，这种抱团高价股还有谁？,每日经济新闻
2020-12-16,“疯狂的石头”破1000元,第一财经
2020-12-16,疯狂的“石头” 第二只千元股现身——道达投资手记,每日经济新闻
2020-12-16,金融街下午茶2020年12月16日星期三,Wind
2020-12-16,疯狂的“石头”，A股第二只千元股诞生之路丨时间线,第一财经
2020-12-16,A股：迎来重要“信号”！转变，已经到来！,财富动力网
2020-12-16,仅次于茅台，A股第二只千元股诞生了！,中国基金报
2020-12-16,科创板首只千元股诞生 持仓基金赚欢,金融投资报
2020-12-16,点“石”成金！A股第二只千元股诞生,格隆汇
2020-12-16,【研报掘金】家电行业红利持续性有望超出资本市场预期 机构看好这些股,证券时报网
2020-12-16,A股第二只“千元股”诞生！石头科技能否打破“茅台魔咒”？,环球老虎财经
2020-12-16,A股第二只千元股诞生！上市仅10个月，“茅台魔咒”会再发威吗？,21世纪经济报道
2020-12-16,A股收盘综述：上证指数微跌，科技股、大消费“冰火两重天”,Wind
2020-12-16,石头科技破1千元！成茅台唯一挑战者，扫地机器人到底多赚钱？,搜狐
2020-12-16,A股第二只千元股诞生，石头科技股价破千仅次于茅台丨热公司,第一财经
2020-12-16,机械行业年度策略：寻找供需格局改善的细分行业龙头,新浪
2020-12-16,1020元！A股又一只千元股诞生！这块“疯狂的石头”上市仅10个月,中证报
2020-12-16,刚刚！A股又一千元股诞生，疯狂的“石头”如此进击！,证券时报网
2020-12-16,贵州茅台之后中国第二只千元股诞生石头科技续涨创新高,格隆汇
2020-12-16,1024.99元！石头科技成2000年后A股第二只千元股,澎湃新闻
2020-12-16,午评：A股震荡沪指涨0.18%酿酒行业再遭爆炒石头科技股价突破1000元,金融界
2020-12-16,A股午盘综述：上证指数涨0.18%，创业板指跌0.27%,Wind
2020-12-16,石头科技午盘前涨超2%突破1000元大关 A股27年后现第二只千元股,金融界
2020-12-16,安信证券：地产向好拉动未来家电需求 建议重点关注厨电板块（附股）,证券时报网
2020-12-16,石头科技股价盘中突破1000元关口,e公司
2020-12-16,石头科技突破1000元，成为2000年后A股第二只千元股,Wind
2020-12-15,【中证盘前】市场监管总局等5部门约谈特斯拉；“疯狂的石头”去年业绩大增75%；“光伏茅台”再次大额采购；爱美客拟10转8派35元,中证报
2020-12-14,年终策划之解码A股百元股：年内数量翻两倍 信息技术行业最多,北京商报
2020-12-14,9股融资余额增幅超10% 石头科技增幅最大,证券时报网
2020-12-14,【银河家电】2021年度策略：产品与渠道共振，共创美好生活,中国银河证券研究
2020-12-13,天风家电 | 双十二大家电产品均价提升，小家电热销产品迭代升 级——2020W49 周观点,小蔡看家电
2020-12-13,超级打新周来了！有望见证芯片股“一签赚十万”？,中证报
2020-12-11,抢购堪比新股！“液体黄金”成年末商超促销神器，套路满满,证券时报网
2020-12-11,安信证券：扫地机器人普及率提升 石头科技内外销趋势均向好,证券时报网
2020-12-11,【家电-张立聪】石头科技：扫地机器人普及率提升，内外销趋势均向好,安信证券研究
2020-12-11,家电行业研究：生活清洁家电(一)智能扫地机器人发展势头良好 市场空间广阔,新浪
2020-12-10,扫地机器人：Q4龙头爆发,新浪
2020-12-09,折叠A股：101家公司股价创新高，7成跑输指数,Wind
2020-12-09,中信建投2021年机械投资策略展望：机械龙头加速全球化进程,中信建投证券研究
2020-12-08,12月8日科创板主力资金净流出9.10亿元,证券时报网
2020-12-08,深度*行业*家用电器行业周报：海外需求高景气 内销复苏不断验证,新浪
2020-12-08,清洁巨头PK：石头营收少 科沃斯增速快 莱克研发占比低,云掌财经
2020-12-08,扫地机器人双龙缠斗 两倍涨幅高光难掩彼此隐忧,投资者网
2020-12-07,12月7日科创板主力资金净流出4.36亿元,证券时报网
2020-12-07,赚钱王又来：这些大肉签你中了几只？,Wind
2020-12-07,可选消费行业2021年策略报告（1）：顺应渠道变革方向,吕明可选消费研究
2020-12-07,天风证券：小家电板块依然是景气度最高的子行业 推荐新宝股份等,证券时报网
2020-12-06,天风家电 | 11月线上行业均价普遍上升，各品牌明星产品销量领跑——2020W48周观点,小蔡看家电
2020-12-06,雷军，变身IPO收割机,投资界
2020-12-04,戴森褪色：新品吸尘器被指抄袭 产品质量问题投诉多 诉讼纠纷,北京商报
2020-12-03,戴森褪色 国产吸尘器机会来了吗,北京商报
2020-12-02,石头科技，九号公司：我们还能出几个大疆？,新浪
2020-12-01,裕同科技||业绩预告符合预期，短期扰动带来长期布局机会,吕明可选消费研究
2020-12-01,家电及相关行业：空调出口高景气度持续 内销行业温和复苏,新浪
2020-12-01,家用电器行业2021年投资策略：坚守价值 关注成长,广发证券
2020-12-01,28股获券商买入评级 博睿数据目标涨幅达82.67%,Wind
2020-11-30,稳健医疗||发布股权激励计划彰显信心，扩产能巩固领先地位,吕明可选消费研究
2020-11-30,家用电器2020W47周观点：黑五销额增长转至线上 10月彩电传统品牌市场集中度提升,新浪
2020-11-29,天风家电 | 黑五销额增长转至线上，10月彩电传统品牌市场集中度提升——2020W47周观点,小蔡看家电
2020-11-29,石头科技(688169)：产品驱动 内外销乘风而起,广发证券
2020-11-27,家用电器行业-2020年10月家电零售和企业出货端数据解读：空调外销延续上涨势头 渠道库存处于历史低位,新浪
2020-11-26,Q3净利同比下滑超30%，脱离小米的“云米们”还能长大吗？ 盈利能力下降,钛媒体
2020-11-26,深度*行业*家电行业2021年投资策略：厚积薄发 行稳致远,新浪
2020-11-26,石头科技：家电新势力如何构筑战略护城河？,新浪
2020-11-25,石头科技(688169.SH)拟使用募集资金向三全资子公司增资以推进募投项目实施,智通财经
2020-11-25,石头科技(688169.SH)：拟使用募集资金及超募资金分别向石头创新、石头香港及石头启迪增资,格隆汇
2020-11-24,扫地机器人行业深度报告：从全球视角看国产品牌出海,方正证券
2020-11-24,计算机行业2021年投资策略：云化、智能化、国产化 驱动IT产业高景气,国海证券
2020-11-24,【机会挖掘】上半年人工智能核心产业规模达770亿元 关注五大落地方向,证券时报网
2020-11-24,【家电】家用电器行业周报：10月空调出口表现亮眼，龙头份额提升,中银证券研究
2020-11-23,11只顺周期板块绩优股获北向资金加仓,第一财经
2020-11-23,顺周期爆火 细分龙头名单出炉 外资潜伏11只绩优股,证券之星
2020-11-23,机械设备行业：下游技改、扩产爆发 重视光伏设备投资机会,新浪
2020-11-23,机械设备行业周报：工业机器人产量保持快速增长,新浪
2020-11-23,家用电器行业周报：Q4小家电外销增长可期 白电出口景气度持续提升,新浪
2020-11-23,家用电器行业周观点：10月外销势头强劲 海尔美的内外销领跑,新浪
2020-11-22,天风家电 | 10月外销势头强劲，海尔美的内外销领跑——2020W46周观点,小蔡看家电
2020-11-22,家用电器行业深度研究报告：拨云见日 渠道外供地产三驾齐驱,新浪
2020-11-20,机械设备行业周报：挖机销量续超预期 中芯国际Q3业绩创历史新高,新浪
2020-11-20,奥海科技：目前暂未与科沃斯和石头科技合作,格隆汇
2020-11-19,A股4个月盘局待解，券商机构称长牛驱动因素仍在,Wind
2020-11-16,家电行业每周观点：“双11”总结 景气向好 百花齐放 精细化运营大势所趋,光大证券
2020-11-16,机械设备行业2021年度策略：2021 中国制造或迎价值发现新阶段,新浪
2020-11-16,天风家电 | 双十一家电市场总结：清洁电器表现亮眼，龙头品牌成交额领跑,小蔡看家电
2020-11-15,家电双周报||Q4小家电外销增长可期，白电出口景气度持续提升,吕明可选消费研究
2020-11-14,消费电子走向何方？,半导体风向标
2020-11-14,波司登||双十一全渠道表现出色，持续推进新零售运营和数字化转型,吕明可选消费研究
2020-11-14,小米系投资瞄准A股背后：投资收益与供应链优势一箭双雕,搜狐
2020-11-13,“双十一”扫地机器人火爆背后：宅经济与柔性产业链崛起,Wind
2020-11-12,石头科技(688169.SH)及子公司拟开展不超3.5亿美元的外汇套期保值业务,智通财经
2020-11-12,石头科技：变更证券事务代表,Wind
2020-11-12,石头科技(688169.SH):程天辞任公司董事职务 董监高成员变化,智通财经
2020-11-12,石头科技：董事辞职 董监高成员变化,Wind
2020-11-12,科创板系列研究(三十二)：三季度基金新建仓多只科创板“牛股”,新浪
2020-11-12,策略专题：MSCI中国A股调整报告,新浪
2020-11-11,机械行业2021年投资策略：关注基建景气周期 理性看多新兴装备,新浪
2020-11-11,可选消费行业-2021年展望：长短期结合 聚焦优势赛道,新浪
2020-11-11,科沃斯撞石头，能否撞出“下一个格力”？,中国家电网
2020-11-11,家电行业周报：大促利好内销 龙头有望受益,新浪
2020-11-11,外资又有新动作！MSCI公布成分股调整结果！30日收盘后生效,上证报
2020-11-10,石头科技(688169)：行业景气加速海外渠道高增 单季业绩大超市场预期,新浪
2020-11-10,科创板：公募基金Q3加持科创板 新一代信息技术领域备受关注,新浪
2020-11-10,1300亿龙头涨停，10倍牛股跌9%，市场逻辑骤变？,中证报
2020-11-10,中银证券：家电行业复苏迹象较为明显 推荐美的集团等,证券时报网
2020-11-10,【家电】家用电器行业周报：家电板块领跑市场，白电厨电指数表现优异,中银证券研究
2020-11-09,家用电器行业周报：家电三季报披露完毕 大家电环比改善明显,新浪
2020-11-08,天风家电 |10月线上空调销售增速回落，厨电销售继续向好——2020W44周观点,小蔡看家电
2020-11-08,家电双周报||行业Q3业绩显著改善，看好扫地机和白电龙头,吕明可选消费研究
2020-11-07,需求强劲叠加业绩靓丽 家电板块乘风而起,投资快报
2020-11-06,【行业点评】家电丨20Q3基金重仓小家电比例持续上升,中国银河证券研究
2020-11-05,科沃斯撞石头，能否撞出“下一个格力”？,锦缎
2020-11-05,【家电】深度研究：分化与进化，家电复苏进行时 —— 20Q3三季报总结暨四季度行业观点,天风研究
2020-11-04,家电行业2020年三季报总结：花期如约至 芬芳扑面来,西南证券
2020-11-04,家电龙头频创新高 机构：预计四季度各子板块景气回升加速,第一财经
2020-11-04,QFII重仓50强来了！23股连续20个季度获持有,证券时报网
2020-11-04,机械设备行业周报：看好工程机械全年需求 新兴板块三季报表现亮眼,新浪
2020-11-03,QFII大举建仓科创板股：新进44股，增持8只,证券时报
2020-11-03,石头科技(688169)：Q3业绩超预期 量价齐升驱动高质量增长,新浪
2020-11-03,广发证券：从扫地机出海看中国家电企业全球竞争力,新浪
2020-11-03,投资策略专题：开源金股 11月推荐,新浪
2020-11-03,睿财看市场：创业板指涨近2%，白酒与家电股领涨,恒泰睿财
2020-11-02,健盛集团||疫情影响前三季度业绩承压，订单回流期待业绩回弹,吕明可选消费研究
2020-11-02,裕同科技||业绩短期波动不改长期趋势，多元布局稳步发展,吕明可选消费研究
2020-11-02,机械行业扫地机器人行业专题：国内海外景气共振 扫地机器人龙头季报全面超预期,新浪
2020-11-02,销量最高猛涨1000%，小家电“爆单”模式开启！龙头股强势涨停，概念股名单曝光,证券时报网
2020-11-02,开源证券：10月金股组合盈利6.65% 11月荐股名单出炉,新浪
2020-11-02,股价暴涨业绩回暖，但科沃斯高兴不起来,36氪
2020-11-02,【研报掘金】家电板块需求和景气度有望继续提升 机构推荐三条投资主线,证券时报网
2020-11-02,家电板块强势拉升 ，科沃斯涨停，美的集团再创新高,证券时报网
2020-11-02,A股早报2020年11月2日星期一,Wind
2020-11-02,石头科技股价单日飙涨135元 自有品牌收入占比超八成,长江商报
2020-11-02,【华创家电秦一超】石头科技：自主品牌持续亮眼，业绩高增再超预期,一超家电研究
2020-11-02,扫地机器人销售火爆 龙头公司股价飙涨,证券时报
2020-11-02,【太平洋机械】机械行业周报20201101：产品创新推动扫地机器人业绩超预期，关注商用机器人扩张,太平洋机械大讲堂
2020-11-01,天风家电 | 三季报收官，大家电营收水平环比改善——W43周观点,小蔡看家电
2020-11-01,股价翻倍盛宴：扫地机器人疯狂了 科创板“股王”飙涨200%,e公司
2020-11-01,科技周报：完美日记递交招股书 卓翼科技实控人被捕 其他违规处罚,GPLP犀牛财经
2020-10-31,游资云集厦门银行 机构对垒石头科技,财富动力网
2020-10-30,石头科技||Q3业绩大超市场预期，境外收入持续高增长,吕明可选消费研究
2020-10-30,思摩尔国际||盈利能力继续提升，2020Q3扣非后利润再超预期,吕明可选消费研究
2020-10-30,天风家电 | 石头科技：海外市场营收高速增长，费用投入显著增加,小蔡看家电
2020-10-30,扫地机器人需求暴增：旺季为抢原料蹲供应商产线，国内产品均价同比涨超10%,每日经济新闻
2020-10-30,涨停板解密：业绩增长股逆市受追捧！（10月30日）,Wind
2020-10-30,半天暴涨135元！疯狂的石头股价离茅台又近了一步,中证报
2020-10-30,三季度业绩超预期 石头科技涨停再创新高,证券时报网
2020-10-30,增利不增收！石头科技前三季度营收同比跌1.66% 盈利能力下降,资本邦
2020-10-30,【太平洋机械】石头科技(688169)公司点评：三季度业绩持续爆发，看好公司未来发展,太平洋机械大讲堂
2020-10-30,A股异动丨石头科技(688169.SH)一度大涨超17%创新高 前三季度净利增长54%,格隆汇
2020-10-29,公牛集团||Q3业绩强势复苏，继续看好全年表现,吕明可选消费研究
2020-10-29,石头科技前三季归母净利润9亿元，豪掷9.4亿元北京买楼,搜狐
2020-10-29,石头科技公布三季报 前三季净利增加54.49%,新浪
2020-10-29,石头科技：前三季度净利8.99亿元同比增长54.49%,科创板日报
2020-10-29,石头科技(688169.SH)：前三季净利同比增54.49%至8.99亿元,格隆汇
2020-10-29,石头科技：前三季度净利润同比增长54.49%,Wind
2020-10-29,消费复苏！马太效应显著，家电龙头再创新高,Wind
2020-10-29,九号公司成功登陆科创板：开盘大涨超105% 成科创板CDR第一股,新浪
2020-10-29,小米平衡车开进A股，首单CDR九号公司登陆科创板，开盘大涨超100%,中国经济周刊
2020-10-29,首单CDR九号公司登陆科创板，小米AIoT乘数效应持续扩大,猎云网
2020-10-28,顾家家居||2020Q3业绩超出预期，下游需求有望继续回暖,吕明可选消费研究
2020-10-28,买买买！巨联网巨头A股持续“扫货”,Wind
2020-10-27,九阳股份||2020Q3公司收入端快速增长，利润端略低于预期,吕明可选消费研究
2020-10-27,机械行业周报：9月制造业数据继续亮眼 IPHONE12发售迎抢购,新浪
2020-10-26,家用电器2020W42周观点：双十一清洁电器预售销量突出 继续看好小家电板块,新浪
2020-10-26,【家电】家用电器行业周报：电商大促大幕开启，需求景气度有望延续,中银证券研究
2020-10-25,天风家电 | 双十一清洁电器预售销量突出，继续看好小家电板块——2020W42周观点,小蔡看家电
2020-10-25,家电双周报||小家电板块Q3业绩优异，电商旺季有望再创佳绩,吕明可选消费研究
2020-10-25,轻工双周报||家具零售增速显著回暖，继续推荐定制家居龙头 - 拷贝,吕明可选消费研究
2020-10-24,科沃斯(603486)2020三季报业绩点评：自主品牌双轮驱动 Q3超预期,新浪
2020-10-23,石头科技的隐忧：智能扫地机器人前有高山 后有追兵,GPLP犀牛财经
2020-10-23,【行情】科创板高位股走弱，石头科技、康希诺、思瑞浦、美迪西、固德威等纷纷大幅跳水,金十数据
2020-10-23,网红小家电：形势大好 危机四伏,中国家电网
2020-10-22,家电行业9月数据点评：需求回，线上高增，维持“增持”评级,中泰证券
2020-10-22,蓝筹企业评论|如何理解雷军的“小米生态链”——相互依存与强势整合之间的争夺,证券之星
2020-10-21,石头科技||新品配件全面升级H6，预计Q3继续维持较高增速,吕明可选消费研究
2020-10-21,科创板核心资产集体走强 资金持续向头部企业集中,上证报
2020-10-20,再批胡润家电10强榜：销售额不等于价值，市值就等于价值？,和讯
2020-10-19,开润股份∣∣与阿里战略合作，打造C2M闭环,吕明可选消费研究
2020-10-19,【家电】家用电器行业周报：线上高景气度持续，小家电龙头业绩预涨,中银证券研究
2020-10-19,CDR第一股来了,财富动力网
2020-10-19,家电行业研究：住宅销售向好 家电表现可期,新浪
2020-10-16,“懒人经济”推动“扫地双雄”频创新高,中证报
2020-10-15,富途证券：胡润中国10强家电企业榜单来袭，董明珠、雷军“上榜”！,凤凰网
2020-10-15,A股融资融券日报：两融余额增加78.8亿元（10月14日）,Wind
2020-10-14,石头科技今日大宗交易成交0.78万股，成交价674.66元溢价0.0%,Wind
2020-10-14,家电行业周报：需求改善 积极布局,新浪
2020-10-14,美的集团以5100亿成全球最值钱家电企业 格力、海尔紧随其后,中证网
2020-10-14,5100亿元！美的成全球最值钱家电企业！格力、海尔紧随其后,中证报
2020-10-14,小熊电器||前三季度业绩高速增长，Q4电商旺季有望再创佳绩,吕明可选消费研究
2020-10-14,【国信机械10月策略】季报行情将至，关注产业趋势向上细分行业投资机会,机械老司机
2020-10-14,值得关注的是，董明珠的格力电器与雷军早年投资的石头科技均在榜单之上！,富途证券
2020-10-14,新宝股份||2020Q3业绩超预期，自主品牌拉动内销高速增长,吕明可选消费研究
2020-10-14,《2020胡润中国10强家电企业》榜单发布：美的成为中国及全球最值钱家电企业,Wind
2020-10-13,市场不大且面临巨头竞争 欢创科技未来发展成谜,GPLP犀牛财经
2020-10-12,家电及相关：重归增长通道 结构性靓点闪现,新浪
2020-10-12,【家电】国内家电企业如何在海外市场“乘风破浪”？,天风研究
2020-10-12,安信证券：下半年地产销售有望保持增长态势 家电行业需求有望增长（附股）,证券时报网
2020-10-11,中顺洁柔||2020Q3业绩预告维持高增，积极关注三个预期差,吕明可选消费研究
2020-10-11,机械设备行业研究周报：IFR对未来三年工业机器人前瞻乐观 光伏+锂电仍为成长主线,新浪
2020-10-09,开源证券：9月金股组合亏损5.2% 10月荐股名单出炉 亏损,新浪
2020-10-08,家电双周报||国庆掀起家电消费热潮，继续坚守长逻辑核心标的,吕明可选消费研究
2020-10-08,天风家电|黄金周大家电销售复苏，线上厨小电和清洁电器领跑市场——2020W39周观点,小蔡看家电
2020-10-07,家电行业2020年中报总结：空调厨电可选复苏，小家电高景气继续，给予“看好”评级,申万宏源
2020-10-05,家用电器行业专题研究：行业整体Q3环比改善 龙头业绩值得期待,新浪
2020-10-04,天风家电 | 2020三季报前瞻：行业整体Q3环比改善，龙头业绩值得期待,小蔡看家电
2020-09-29,开源金股，11月推荐,开源证券研究所
2020-09-29,石头科技：公司研发的商用清洁机器人已进入测试阶段,科创板日报
2020-09-29,家电行业2020年中报总结：空调厨电可选复苏 小家电高景气继续,新浪
2020-09-29,开源金股，10月推荐,开源证券研究所
2020-09-28,深度*行业*家用电器行业周报：线上市场有加速趋势 建议关注风险收益比较高标的,新浪
2020-09-27,机械行业周报：工程机械销售数据强劲 继续重点推荐行业龙头,新浪
2020-09-27,家用电器行业-W38周观点行业研究周报：周度全渠道销额增速上升 8月彩电尺寸结构加速大屏化,新浪
2020-09-27,天风家电 | 周度全渠道销额增速上升，8月彩电尺寸结构加速大屏化——W38周观点,小蔡看家电
2020-09-24,开润股份||参股优衣库核心供应商，2B业务剑指A股小申洲,吕明可选消费研究
2020-09-24,中泰证券：8月家电行业稳健复苏 建议把握两条投资主线（附股）,证券时报网
2020-09-23,科创板股权激励新规解读,36氪
2020-09-23,中小券商谋突围：民生以量取胜，东莞国元发力创业板,第一财经
2020-09-22,IPO募资连续三月超500亿，有新股破发逾20%,Wind
2020-09-22,加速去小米化石头科技毛利率上升 技术难独立自有产品质量成隐忧,GPLP犀牛财经
2020-09-21,【太平洋机械】扫地机器人行业点评：行业天花板不断打开，龙头企业持续增长,太平洋机械大讲堂
2020-09-21,15股获券商买入评级 凯文教育目标涨幅达56.74%,Wind
2020-09-20,天风家电 | 8月空调行业总量表现平稳，线下大家电周度销额增速转负为正——W37周观点,小蔡看家电
2020-09-19,石头科技：7、8月外销趋势向好 品牌力逐渐提升,财富动力网
2020-09-18,家电行业点评：扫地机Q3持续提速,新浪
2020-09-18,8股获买入评级 最新:中国建筑,中财网
2020-09-17,计划草案扎堆发布 科创板股权激励热度不减,上证报
2020-09-16,科创板系列研究(二十六)-聚焦科创板扩容期：优质资产注入 资金渠道拓宽,新浪
2020-09-15,聚焦科创板扩容期：优质资产注入，资金渠道拓宽——科创板系列研究（二十六）【兴业策略|科创板】,XYSTRATEGY
2020-09-14,A股融资融券日报：两融余额减少19.68亿元（9月11日）,Wind
2020-09-13,家电及相关：海外需求提速 国内市场竞争格局改善,新浪
2020-09-12,科创板71家TMT公司半年报解密！芯片股爆发 中芯研发下血本,凤凰网
2020-09-11,A股30年里程碑：上市公司突破4000家,Wind
2020-09-11,石头科技营收下滑背后：昌敬的独立野心与难以磨灭的小米印记,和讯
2020-09-09,科创板系列研究(二十五)：回调后的科创板明年预期估值如何？,新浪
2020-09-09,家用电器行业：沉舟侧畔千帆过 病树前头万木春,财富动力网
2020-09-08,深度*行业*家用电器行业中报总结：沉舟侧畔千帆过 病树前头万木春,新浪
2020-09-08,家电双周报||行业数据持续改善，新推荐跨境电商龙头安克创新,吕明可选消费研究
2020-09-08,石头科技“去小米化”的路竟如此难走！,Ofweek
2020-09-06,纺服周观点||纺服中报总结：行业于Q2触底反弹，继续看好运动服饰及电商板块,吕明可选消费研究
2020-09-06,石头科技财报背后：不甘再当小米打工仔？,36氪
2020-09-05,索菲亚||深度复盘：潜心变革近二载，又到一鸣惊人时,吕明可选消费研究
2020-09-04,A股中报季900只超预期个股名单,锦缎
2020-09-02,北鼎股份||高端养生小家电领军者，自主品牌内销表现亮眼,吕明可选消费研究
2020-09-02,石头科技(688169)：盈利能力大幅提升 Q2业绩超预期,新浪
2020-09-02,【东北电子张世杰】石头科技（688169）中报点评：Q2业绩超预期，后续有望逐季度加速增长,东北证券研究所
2020-09-01,石头科技(688169)：2020H1自主品牌产品逆势增长 利润水平大幅改善,新浪
2020-09-01,四机构爆买石头科技 游资合力封板汇金股份丨板块龙虎榜,第一财经
2020-09-01,【国元机械】石头科技（688169）2020年中报点评：2020H1自主品牌产品逆势增长，利润水平大幅改善,国元高端装备
2020-09-01,石头科技海外增长成亮点，商用扫地机器人或明年面市,金融界
2020-09-01,A股融资融券日报：两融余额增加106.79亿元（8月31日）,Wind
2020-09-01,A股早报2020年9月1日星期二,Wind
2020-08-31,机械设备行业周报：又一异质结项目落地 IPHONE12价格电池等信息曝光,新浪
2020-08-31,石头科技(688169)：自有品牌营收占比提升 海外市场收入快速增长,新浪
2020-08-31,【太平洋机械】石头科技(688169)公司点评：二季度经营显著恢复，自主品牌比例进一步提升,太平洋机械大讲堂
2020-08-31,石头科技股价涨停！行业激烈竞争格局下扫地机器人下一波红利在哪？,科创板日报
2020-08-31,增利不增收！石头科技2020年上半年营收同比增长19.42%,资本邦
2020-08-31,【华创家电】石头科技：自主品牌释放势能，盈利能力提振明显,月观家电
2020-08-31,石头科技公布半年报 上半年净利增加19.42%,新浪
2020-08-30,太阳纸业||2020H1业绩符合预期，上行周期有望逐步开启,吕明可选消费研究
2020-08-30,石头科技(688169.SH)：上半年归母净利润升19.42%共销售96.57万台扫地机器人,格隆汇
2020-08-30,石头科技：上半年净利润同比增长19.42%,Wind
2020-08-29,石头科技：上半年营收17.76亿元，同比下降16.42% 盈利能力下降,36氪
2020-08-28,家电周观点||家电中报总结：Q2业绩触底反弹，小家电表现亮眼,吕明可选消费研究
2020-08-28,老板电器||2020Q2业绩改善显著，新兴厨电品类增速较好,吕明可选消费研究
2020-08-28,小熊电器||业绩接近预告上限，看好渠道、品类、产能扩张,吕明可选消费研究
2020-08-28,裕同科技||2020H1业绩超出预期，继续看好“1+N”业务布局,吕明可选消费研究
2020-08-28,科创板话题：石头科技,科创板日报
2020-08-28,中信证券：9月科创50指数样本股调整，中芯国际等或有望纳入,Wind
2020-08-27,开润股份||上半年疫情影响业绩，2C端扩品类、扩品牌是亮点,吕明可选消费研究
2020-08-27,市场热点量化解析系列第36期：2020年9月科创50指数样本股调整分析,新浪
2020-08-27,"中一签狂赚20万 定价238.53元 超级""大肉签""来了",中国基金报
2020-08-27,中一签狂赚20万？超级“大肉签”又来了,中国基金报
2020-08-26,新宝股份||2020Q2业绩超市场预期，摩飞内销持续高增长,吕明可选消费研究
2020-08-26,九阳股份||2020Q2业绩超市场预期，新产品新渠道拉动增长,吕明可选消费研究
2020-08-26,安踏体育||2020 H1 上半年业绩超预期， DTC 转型有望持续提升 收入规模及盈利能力,吕明可选消费研究
2020-08-26,申洲国际||上半年业绩超预期，全球OEM龙头的抗压性凸显,吕明可选消费研究
2020-08-26,增速下滑市场渗透率低 扫地机器人市场隐患重重,新浪
2020-08-26,扫地机器人市场增速放缓 需要寻找下一个增长点,新浪
2020-08-25,扫地机器人行业复苏初显，「云鲸扫拖一体机器人」天猫日销售额近亿元,36氪
2020-08-25,思摩尔国际||盈利能力持续快速提升，2020H2维持高增长可期,吕明可选消费研究
2020-08-24,家电行业每周观点：中报还有哪些预期改善的方向,光大证券
2020-08-23,南极电商||GMV逆势高增长，2020Q2现金流显著改善,吕明可选消费研究
2020-08-23,机械行业研究：装配式建筑快速推进 塔吊及预制件设备受益,新浪
2020-08-23,家电行业7 月数据点评：短期扰动下增速放缓,新浪
2020-08-20,科沃斯||2020Q2收入改善显著，净利率如期继续提升,吕明可选消费研究
2020-08-20,销量负增、渗透率低，扫地机器人高光已过？,中国家电网
2020-08-18,公牛集团||Q2业绩环比改善，看好扩品类、工程渠道双轮驱动,吕明可选消费研究
2020-08-18,投资建厂、带动创业，小米十年加速中国制造转型发展,金融界
2020-08-18,扫地机器人行业复苏初显，「云鲸扫拖一体机器人」天猫日销售额近亿元,36氪
2020-08-18,本周解禁市值超400亿元 两只大盘股解禁规模居前 解禁,每日经济新闻
2020-08-17,本周解禁市值超400亿元 秦港股份、中国出版解禁规模居前 解禁,每日经济新闻
2020-08-17,家电行业动态分析：取消“停止减免税” 对家电行业有多大影响？,新浪
2020-08-17,本周440亿市值限售股解禁，环比增加17.16% 解禁,Wind
2020-08-16,下周解禁市值超400亿元，部分主板低价股大股东实际解禁压力或偏小 解禁,每日经济新闻
2020-08-16,家电周观点||精装、竣工回暖趋势不改，看好地产后周期板块,吕明可选消费研究
2020-08-16,纺服周观点||李宁业绩增长超预期，继续推荐运动服饰龙头及上游优质OEM企业,吕明可选消费研究
2020-08-16,轻工周观点||家居板块切换进行时，继续推荐定制家居布局机会,吕明可选消费研究
2020-08-16,600亿“新冠疫苗第一股”获批国内首个专利！,中国基金报
2020-08-16,首单CDR九号公司(689009.SH)登陆科创板小米AIoT乘数效应持续扩大,格隆汇
2020-08-15,李宁||上半年业绩超预期，控费提效拉动经营利润率提升,吕明可选消费研究
2020-08-14,石头科技(688169.SH)：拟使用超募资金投建营销服务与品牌建设项目,格隆汇
2020-08-13,欧派家居||2020Q2业绩显著回暖，全渠道发力再显龙头优势,吕明可选消费研究
2020-08-13,石头科技：76.4万股限售股8月21日上市流通 解禁,Wind
2020-08-13,这只新股中一签赚13万元！抛还是继续捂？,上证报
2020-08-13,A股“新冠疫苗第一股”康希诺首日上市开盘涨124%,Wind
2020-08-13,新冠疫苗第一股今日挂牌！中签等于中奖？,券商中国
2020-08-11,一往无前！小米十周年，雷军公开演讲全文,Wind
2020-08-11,机械设备行业周报：国内半导体产业再迎利好 苹果3C设备企业业绩凸显,新浪
2020-08-10,“新冠疫苗第一股”16款疫苗在手却巨亏10年 重大损失,第一财经
2020-08-10,中信证券：扫地机器人 从“扫”到“拖” 从“规划”到“避障”,金融界
2020-08-10,扫地机器人未形成刚性需求，行业发展缓慢上升,中国经营报
2020-08-10,中信证券：看好扫地机器人行业的发展前景 重点推荐科沃斯和石头科技,证券时报网
2020-08-10,机械｜扫地机器人：从“扫”到“拖”，从“规划”到“避障”,中信证券研究
2020-08-09,家电周观点||继续看好扫地机及厨房小家电，新增推荐格力电器,吕明可选消费研究
2020-08-09,轻工周观点||家居板块布局正当时，把握外销、零售复苏契机,吕明可选消费研究
2020-08-09,石头科技财报背后：不甘再当小米打工仔？,36氪
2020-08-08,扫地机器人渗透率不足5% 距离家庭“标配”尚远,中国经营报
2020-08-07,北京和众汇富：一年卖超50亿，科沃斯为什么这么强？,和讯
2020-08-07,日发4家成常态？新股扎堆“三高发行”再现市场,Wind
2020-08-07,中顺洁柔||2020H1业绩高于预告中枢，盈利能力环比继续提升,吕明可选消费研究
2020-08-06,阿迪达斯||2020Q2业绩简评：中国市场收入恢复至持平，全球线上销售近翻倍,吕明可选消费研究
2020-08-06,纺服周观点||阿迪达斯、PUMA 2020 Q2销售恢复加快，继续推荐运动服饰龙头及上游优质OEM企业,吕明可选消费研究
2020-08-06,诺邦股份||发布限制性股票激励方案，彰显长期发展信心,吕明可选消费研究
2020-08-05,新经济龙头纷至沓来，科创板迎来多赢局面,Wind
2020-08-04,超级大肉签今天又来，史上最高价！打新攻略送上,中国基金报
2020-08-03,科创50涨6%，军工板块上演涨停潮，机构建议三主线配置,中证报
2020-08-03,中一签或赚20万，就在今天,证券时报网
2020-08-02,家电周观点||8月空调排产回暖，看好扫地机及白电龙头反弹,吕明可选消费研究
2020-08-02,纺服周观点||开润股份走步机众筹成功，开启家庭健身器材新品类,吕明可选消费研究
2020-08-02,轻工周观点||下游大客户Q2业绩超预期，继续推荐裕同科技,吕明可选消费研究
2020-08-02,下周打新不一样！创业板注册制第一波来了，另有“大肉签”中一签或赚18万,中证报
2020-08-01,石头科技||股权激励草案出台，绑定核心员工利益,吕明可选消费研究
2020-07-31,太阳纸业||成长属性穿越周期，林浆纸一体化打造龙头优势,吕明可选消费研究
2020-07-31,今天关注：打新一签或赚17万、中报季报双增股,Wind
2020-07-30,健盛集团||2020H1业绩受疫情影响较大，下半年有望迎来显著改善,吕明可选消费研究
2020-07-30,新冠疫苗第一股：中一签或赚17万，明天打新,券商中国
2020-07-29,“疫”飞冲天！史上第二高发行价，自带新冠疫苗超人气光环，中一签或冲击赚30万纪录？,证券时报网
2020-07-27,今年以来新股发行募资2424.82亿元，科创板占比56.87%,证券时报网
2020-07-27,年内已发行73只科创板股，超去年全年,证券时报网
2020-07-26,纺服周观点||本周再推开润股份，建议关注“后疫情”时期业绩弹性较大公司,吕明可选消费研究
2020-07-26,家电行业动态分析：Q2基金重仓家电比例基本持平 个股持仓分化,新浪
2020-07-26,"超级打新周再度来袭：""新冠疫苗第一股""终于回A了！",中国基金报
2020-07-26,扫地机“气”人“卡”在半路：这一赛道何时才能走完全程？,凤凰网
2020-07-26,九号机器人即将上市单飞！小米生态链加速解体 背后有何隐情？,新浪
2020-07-25,这块“石头”股价位居科创板第二高，借力小米生态链是关键,腾讯网
2020-07-24,九号智能增长变慢，IPO未必是好事,云掌财经
2020-07-24,51只科创主题基金二季报亮相，重仓17只科创板个股,Wind
2020-07-23,机械设备行业周报：华为断供、自主之路道阻且长 5G手机销量超六成,新浪
2020-07-23,今年以来72只科创板新股已发行，共募资1373.10亿元,证券时报网
2020-07-23,开润股份||预计业绩拐点将至，C2M模式助力2B/2C业务双翼齐飞,吕明可选消费研究
2020-07-22,年内71只科创板股发行，累计募资1362.83亿元,证券时报网
2020-07-22,【科创板一周年】数说科创板上市企业TOP10：中芯国际研发投入最多 财富趋势营业利润率最高,新华网
2020-07-21,家电周观点||继续看好扫地机及厨房小家电，新增推荐九阳股份,吕明可选消费研究
2020-07-21,年内新股发行募资2347亿元，科创板占比近六成,证券时报
2020-07-20,思摩尔国际||二季度业绩快速修复，2020H1经调整纯利超出预期,吕明可选消费研究
2020-07-20,单飞与反制：小米与生态链公司的相爱相杀,新浪
2020-07-20,年内69只科创板股发行，累计募资1340.54亿元,证券时报网
2020-07-20,【国君产研|新制造】服务机器人发展空间广阔,国产研究中心
2020-07-19,家电周观点||6月社零数据继续好转，布局业绩高确定性小家电,吕明可选消费研究
2020-07-19,轻工周观点||文化办公用品增速回升，继续推荐消费电子包装,吕明可选消费研究
2020-07-19,纺服周观点||社零数据边际改善，线下渠道持续复苏,吕明可选消费研究
2020-07-18,科创板IPO一周年，130家企业累计募资逾2000亿元,Wind
2020-07-16,思摩尔国际||乘新型烟草之东风，电子雾化设备龙头加速腾飞,吕明可选消费研究
2020-07-16,安踏体育||2020 Q2流水恢复超预期，线上流水持续高速增长,吕明可选消费研究
2020-07-16,最牛新股闪崩跌停！这家机构仍然暴赚：三年53倍浮盈88亿,中国基金报
2020-07-16,年内累计发行156只新股，共募资2293.68亿元,证券时报网
2020-07-15,今年以来155只新股已发行，共募资2291.38亿元,证券时报
2020-07-15,新宝股份||2020Q2业绩超市场预期，摩飞持续高增长,吕明可选消费研究
2020-07-14,石头科技(688169.SH)经营范围新增“租赁机械设备”等,格隆汇
2020-07-14,小熊电器||Q2业绩再超市场预期，预计全年维持高增速,吕明可选消费研究
2020-07-14,今年以来68只科创板新股已发行，共募资1274.53亿元,证券时报网
2020-07-13,家电行业2020年中报业绩前瞻：可选复苏小家电高景气 经营反转戴维斯双击,新浪
2020-07-13,中顺洁柔||品类拓展继续提速，2020H1业绩预告再超市场预期,吕明可选消费研究
2020-07-13,今年以来67只科创板新股已发行，共募资1274.53亿元,证券时报网
2020-07-13,机械设备行业周报：挖机销量连续超预期 重点关注3C设备产业链,新浪
2020-07-12,纺服周观点||优衣库6月同店恢复强劲，建议关注上游代工企业业绩拐点,吕明可选消费研究
2020-07-10,机器人新战场，高通憋大招,雷锋网
2020-07-08,本文精编自国元证券《5G推动手机与IoT外延发展，品牌与生态打造内生动力》,富途证券
2020-07-08,行业高景气中签赚10万！这些新股你中了几个？,Wind
2020-07-08,年内61只科创板股发行，累计募资1220.87亿元,证券时报网
2020-07-07,轻工周观点||废纸系价格上行，建议关注中报高增长细分行业,吕明可选消费研究
2020-07-07,今年以来科创板累计募资1114.08亿元，超去年全年,证券时报网
2020-07-06,耐克（NIKE）||开源可选消费带您看耐克2020财年业绩,吕明可选消费研究
2020-07-06,今年以来56只科创板新股已发行，共募资636.46亿元,证券时报网
2020-07-06,[互动]石头科技：欧美疫情对零部件采购未造成严重影响,全景网
2020-07-06,石头科技2019年分红方案出炉，合计派发现金1.33亿元,资本邦
2020-07-05,轻工周观点||新型烟草预期升温，继续推荐家居等顺周期消费,吕明可选消费研究
2020-07-05,纺服周观点||耐克FY2020Q4大中华区收入转正，继续看好运动服饰产业链,吕明可选消费研究
2020-07-05,家用电器行业周报：空调新国标正式落地 看好白电龙头企业复苏-行业周报,新浪
2020-07-03,今年以来54只科创板新股已发行，共募资599.16亿元,证券时报网
2020-07-02,上半年118家企业上市募资1393亿元 广东江苏浙江领先,中国经济网
2020-07-02,登科一年｜专访启明创投邝子平：持续看好科创板有两点原因,澎湃新闻
2020-07-01,家电周观点||石头科技Q2有望超预期，布局顺周期白电板块,吕明可选消费研究
2020-07-01,格力电器||渠道变革、行业回暖，空调龙头业绩反转可期,吕明可选消费研究
2020-07-01,石头科技：核心技术人员离职 员工变动,Wind
2020-07-01,今年以来51只科创板新股已发行，共募资537.56亿元,证券时报网
2020-07-01,【纺服||中期投资策略】坚守电商标的，布局线下龙头,吕明可选消费研究
2020-07-01,家电行业2020年中期投资策略：精选小家电 布局白电复苏,新浪
2020-07-01,一二级市场齐头并进，投行股权承销收入翻番,Wind
2020-06-30,波司登||2020财年业绩符合预期，品牌升级战略不变,吕明可选消费研究
2020-06-30,中一签赚10万！新股这些特征你了解吗？本周不妨这样操作,上证报
2020-06-30,吉利汽车回A阳谋：一口吞下沃尔沃,钛媒体
2020-06-29,索菲亚||终端服务能力再升级，零售复苏拐点预期将至,吕明可选消费研究
2020-06-29,18股获买入评级 最新:溢 多 利,中财网
2020-06-29,机械行业研究周报：扩产及新技术双轮驱动 继续推荐光伏设备,新浪
2020-06-24,每股近370元，拿什么撑起石头科技的高股价？,36氪
2020-06-23,诺邦股份||疫情期间湿巾需求增加，量价齐升带动业绩增长,吕明可选消费研究
2020-06-23,今年以来48只科创板新股已发行，共募资514.74亿元,证券时报网
2020-06-22,科创板主力资金净流出57股 石头科技净流出率最高,新浪
2020-06-22,今年以来科创板股首发募资额达506.75亿元,证券时报网
2020-06-22,扫地机器人第一股 科沃斯遭业绩变脸 盈利能力下降,华商报
2020-06-21,【太平洋机械】机械行业周报20200620：扫地机器人行业迎来最佳配置时机,太平洋机械大讲堂
2020-06-21,纺服周观点||五月社零数据环比持续改善，618销售复苏强劲,吕明可选消费研究
2020-06-21,轻工周观点||地产后周期消费显著回暖，继续推荐家具、3C包装,吕明可选消费研究
2020-06-19,掘金科创板：拉萨顺盈错失千倍收益 谁是科创板VC/PE赢家,投资者网
2020-06-18,家电周观点||5月社零家电数据同比转正，618家电消费复苏明显,吕明可选消费研究
2020-06-18,科创板一周年“成绩单”,21世纪经济报道
2020-06-17,年内45家科创板股发行，累计募资496.54亿元,证券时报网
2020-06-17,机械行业中期策略：工程机械高景气有望延续 其他细分领域静待拐点,新浪
2020-06-17,森马服饰||领航童装与休闲双品类，看好业绩向上修复弹性,微信
2020-06-17,科沃斯CTO吴牟雄：联手iRobot深化战略调整，修炼技术与成本间的“平衡术”,21世纪经济报道
2020-06-16,逾半数科创板公司股价翻倍,Wind
2020-06-15,中一签或赚10万！本周又有大肉签，7只新股不容错过,中国基金报
2020-06-14,轻工周观点||关注消费电子包装布局机会，文化纸价格继续修复,微信
2020-06-14,纺服周观点||海外服装龙头业绩承压，继续推荐电商、运动产业链龙头标的 盈利能力下降,微信
2020-06-10,今年以来科创板股首发募资额达486.05亿元,证券时报网
2020-06-08,机构大扫货，筹码最多被锁定近50%，最牛的是它，机构重仓近60亿资金,证券时报网
2020-06-08,又见一例单签赚13万！新股暴利诱惑难挡，机构打新热情升温,第一财经
2020-06-08,电报|科创板主力资金净流出80股石头科技净流出率最高,科创板日报
2020-06-08,打新诱惑又来，本周8只新股齐发，申购手册来了,券商中国
2020-06-07,纺服周观点||618促销效果显著，继续推荐电商、运动产业链龙头标的,微信
2020-06-07,轻工周观点||家居“618”促销全梳理，关注文化纸价格企稳,微信
2020-06-07,家电周观点||“618”预售持续升温，继续看好家电板块反弹,微信
2020-06-05,今年以来科创板股首发募资额达452.6亿元,证券时报
2020-06-05,券商“分食”IPO承销保荐蛋糕：前5月最大一单来自科创板 这家券商进账1.58亿,中证报
2020-06-03,雷军又出手！看上这家创业板，直接“举牌”，立马涨停,中国基金报
2020-06-03,前五月93家企业上市募资1132亿元 广东江苏浙江领跑,中国经济网
2020-06-01,家电周观点||618开局火爆，继续看好扫地机龙头及白电反弹,微信
2020-06-01,家用电器行业周报：线下大家电回暖显着 “618”活动预热拉开帷幕,新浪
2020-06-01,机械行业研究：工程机械基本面强劲 估值提升长期驱动,新浪
2020-05-31,轻工周观点||确定性溢价充分演绎，关注时间轴上的高低位切换,微信
2020-05-29,裕同科技||多元业务稳拓展，静待5G东风来,微信
2020-05-28,“共有专利”不断出现 成科创板IPO“拦路虎”？,新浪
2020-05-28,扫地机器人行业点评报告：扫地机器人迎来春天 高科技新品争奇斗艳,新浪
2020-05-28,波司登||品牌势能显著提升，转型之路仍在继续,微信
2020-05-26,滔搏||FY2020业绩基本符合预期，数字化运营助力五月销售转正,微信
2020-05-25,纺服周观点||618各平台预售火爆，继续推荐电商、运动产业链龙头标的,微信
2020-05-25,科沃斯||业绩拐点有望出现，携手iRobot共同推动行业发展,微信
2020-05-25,科沃斯：联手国际巨头战略调整再出发,信息早报
2020-05-25,小米成为紫米大股东，雷军的一盘大棋？ 控制人变化,36氪
2020-05-25,【华创·周知道】怎么解释5月用电数据的高增？（20200525）,华创证券研究
2020-05-24,纺服周观点||出行需求逐步恢复，开润股份反弹；南极电商估值中枢有望进一步上移,微信
2020-05-24,轻工周观点||关注定制行业分化，继续推荐家居复苏两条主线,微信
2020-05-24,百元股扩容至近70只 抓业绩搞价值投资才有出路,投资快报
2020-05-23,小米生态链的“七年之痒”：财报好看，产品担忧,钛媒体
2020-05-21,石头科技(688169)：核心痛点“避障”能力大幅提升 盈利能力有望再升,新浪
2020-05-21,百元股扩容至74只 逾五成一季报业绩增长,北京商报
2020-05-21,商贸零售行业研究简报：小米集团：20Q1手机业务逆势增长 境外收入占比达50％ 互联网服务创历史新高,新浪
2020-05-21,T7 Pro“开眼”，石头科技“豪赌”,DoNews
2020-05-21,周四机构一致看好的七大金股（05.21）,中金在线
2020-05-20,家电周观点||本周石头科技再推新品，推荐扫地机器人行业龙头,微信
2020-05-20,石头科技(688169)深度研究报告：行业新秀乘势而上 科技引领美好生活,新浪
2020-05-20,【华创家电深度】石头科技：行业新秀乘势而上，科技引领美好生活,月观家电
2020-05-20,小米集团一季报亮眼：经调整净利润、营收同比增幅均超10%,Wind
2020-05-20,【IT之家开箱】石头扫地机器人T7 Pro图赏,IT之家
2020-05-20,一周俩“大肉签”！今天机会又来了,中证报
2020-05-20,开源晨会0522丨高德红外、石头科技,开源证券研究所
2020-05-19,扫地机器人行业又火了？核心看产品能否“出圈” ——扫地机器人行业跟踪研究,雅谈家电
2020-05-19,扫地机器人排名哪个好？2020市售热门品牌大PK,和讯
2020-05-18,石头科技（688169）：全球领先的扫地机器人厂商,中信证券研究
2020-05-17,轻工周观点||社零增速持续回暖，推荐家居内需复苏两条主线,微信
2020-05-15,102份基金“科创偏好”清单，金山办公获223家青睐,Wind
2020-05-15,4只主投科创板基金呼之欲出，将长线布局科创板优质企业,Wind
2020-05-14,扫地机器人哪个牌子好？2020年最新排名出炉,和讯
2020-05-14,公募权益类基金2020年一季报持仓分析：仓位小幅下调 医药基建TMT三大板块受关注,渤海证券
2020-05-14,券商首次关注8股并给予买入评级（5月14日）,Wind
2020-05-14,30股获券商买入评级 东华软件目标涨幅达46.34%,Wind
2020-05-14,【东北电子张世杰】石头科技（688169）一季报点评：自有品牌结构大幅提升，业绩增长有望Q2实现,东北证券研究所
2020-05-14,行业发展放缓 扫地机器人下一个市场增长拐点在哪？,中关村在线
2020-05-13,石头科技(688169)：技术创新+高效 打造成长型公司,新浪
2020-05-13,百亿市场规模 扫地机器人市场增长拐点在哪儿？,中关村在线
2020-05-12,深度：小米反超格力背后的杀手锏,凤凰网
2020-05-12,求胜心切自废武功 利润巨量缩水 科沃斯面临十面埋伏 盈利能力下降,金融界
2020-05-11,晨光文具||传统业务壁垒深厚，办公直销+零售大店两翼齐飞,微信
2020-05-11,科创板2019年年报整体扫描，成绩如何？,钛媒体
2020-05-10,轻工周观点|| 五一期间零售迎复苏，继续推荐定制家居龙头,微信
2020-05-10,家电周观点|| 五一期间家电消费加速复苏，看好家电板块继续反弹,微信
2020-05-08,新宝股份|| 爆款产品+内容营销效果显著，小家电新贵已露峥嵘,微信
2020-05-07,科创板“股王”石头科技：依赖智能扫地机器人产品结构单一 处“红海市场”市占率仅11%,中国网
2020-05-06,天风家电 | 消费“恢复性反弹”逐渐显现，广东省推出家电下乡行动助力消费——2020W17周观点,小蔡看家电
2020-05-06,家电|| 2019年报&2020一季报总结，继续看好小家电,微信
2020-05-06,收入、利润双双下滑 科沃斯又被“石头”绊住了脚 盈利能力下降,投资者网
2020-05-05,欣旺达（300207.SZ）投资价值分析报告：“消费”延伸初见效，“动力”拓展再启航,CITICS汽车研究
2020-05-05,天风家电 | 2019A&2020Q1业绩点评合集,小蔡看家电
2020-05-05,Q1科创板机构持仓曝光 社保、QFII基金“潜伏”这些公司,新浪
2020-05-05,数据 | 一季度科创板机构持仓曝光！社保、QFII基金“潜伏”这些公司，这几大行业是重点,科创板日报
2020-05-04,后浪奔涌，科创板“鲜肉”董事长的开挂人生,上证报
2020-05-01,焦点分析 | 抱紧小米、激进扩张，云米还能狂奔多久？,36氪
2020-04-30,【太平洋机械】石头科技(688169)公司点评：一季度收入端受到疫情影响，利润率进一步提升,太平洋机械大讲堂
2020-04-30,南极电商||一季报本部业绩符合预期，疫情下仍实现稳健增长,微信
2020-04-30,472股获券商买入评级 丸美股份目标涨幅达116.91%,Wind
2020-04-30,中顺洁柔||2020Q1业绩超出预期，全年盈利有望维持高位,微信
2020-04-30,科沃斯||主动收缩代工业务致2019年收入下滑，期待2020年业绩拐点 业务变化,微信
2020-04-29,欧派家居||业绩符合预期，欧铂丽、整装大家居快速发展,微信
2020-04-29,石头科技||一季度疫情主要影响米家品牌，自有品牌受影响较小,微信
2020-04-29,石头科技：2019年净利润同比增长154%,中证网
2020-04-29,472股获券商买入评级，中国核电目标涨幅达92%,Wind
2020-04-29,公募掘金次新股，200只基金扎堆京沪高铁,Wind
2020-04-29,科创板迎来第100家上市企业，近两成公司研发投入占比20%以上,Wind
2020-04-29,石头科技：一季度净利润同比减少7.94% 盈利能力下降,Wind
2020-04-28,天风家电 | 石头科技：自有品牌规模扩大，海外营收迅速扩张,小蔡看家电
2020-04-28,公牛集团|| 2019年业绩稳健增长，激励政策彰显发展信心,微信
2020-04-28,开润股份|| 一季报基本符合预期，开展口罩业务对冲疫情影响,微信
2020-04-28,石头科技|| 业绩符合市场预期，自有品牌高速增长,微信
2020-04-28,上市公司正负面新闻2020年4月28日星期二,Wind
2020-04-27,4月28日上市公司重要公告集锦：贵州茅台一季度净利130.94亿元同比增长16.69%,证券日报
2020-04-27,科创板晚报|传音控股2019年净利同增173%微软拟投印度支付平台Paytm,科创板日报
2020-04-27,石头科技2019年净利同比增长154% 拟10派20元,金融界
2020-04-27,石头科技：2019年净利润同比增长154.52%,Wind
2020-04-27,石头科技：2019年实现净利7.83亿元 同比增长154.52%,中证网
2020-04-27,晚间重要公告2020年4月27日星期一,Wind
2020-04-27,石头科技(688169.SH)2019年度净利润升154.52%至7.83亿元拟10派20元,格隆汇
2020-04-27,石头科技：2020年度对外担保额度预计不超过4亿元 大额借贷担保,Wind
2020-04-27,石头科技：2019年度净利润同比增长154% 拟10派20,e公司
2020-04-27,石头科技：2019年净利润同比增长154.52% 拟10派20元,新浪
2020-04-27,石头科技：董事辞职 董监高成员变化,Wind
2020-04-27,数据|科创板两融余额合计105.57亿元石头科技环比增加最多,科创板日报
2020-04-27,中签赚10万？这只高价新股今上市，节前还能打两只,证券时报网
2020-04-23,新股赚钱效应减弱：高送转遇冷，一文看清,Wind
2020-04-23,华泰证券：基金抱团内需高景气 板块内部分化,金融界
2020-04-22,科创板百元股达13只，石头科技股价最高,证券时报网
2020-04-21,13只科创板股股票跻身百元股阵营,证券时报网
2020-04-21,专项测试：石头扫地机器人T7的电控水箱好用在哪？,IT之家
2020-04-20,年报业绩集体首秀！被机构重仓的科创板公司，投资者能买吗？,中国财富网
2020-04-20,科创板高价股排行榜,证券时报网
2020-04-20,科创板业绩全梳理：97家公司仅2家亏损有公司净利润增速达301% 亏损,挖贝网
2020-04-17,A股融资融券日报：两融余额增加21.15亿元（4月16日）,Wind
2020-04-15,一签或赚10万的机会，就在今天,中证报
2020-04-15,“大肉签”又来了 今明有6只新股可打,每日商报
2020-04-15,索菲亚||业绩短期波动影响有限，积极应对下拐点可期,微信
2020-04-14,南极电商|| 产业链赋能构建多品类新零售品牌巨头,微信
2020-04-13,科创板百元股达12只，石头科技股价最高,证券时报网
2020-04-12,科创板平均股价39.93元，12股股价超百元,证券时报网
2020-04-10,开润股份||2020Q1业绩预告点评：收入符合预期，预计全年仍能实现稳定增长,微信
2020-04-10,开润股份|| 发布定增预案，2B业务扩产能扩品类助力后续发展——公司信息更新报告,微信
2020-04-09,科创板高价股排行榜：这12股股价超百元,证券时报
2020-04-09,数据|科创板主力资金净流出57股石头科技净流出率最高,科创板日报
2020-04-08,4月8日科创板主力资金净流出3.03亿元,证券时报网
2020-04-08,营收、利润双下滑，“网红扫地机器人”科沃斯走下神坛 盈利能力下降,新浪
2020-04-03,挖掘交易数据，看懂科创板行情。,科创板日报
2020-04-03,785股年内高点以来回调超30%，25股业绩高增长,Wind
2020-04-02,罗永浩抖音直播首秀失败了吗？,科创板日报
2020-04-02,罗永浩直播首秀成绩单：3小时带货1.1亿元，涉多家A股公司,第一财经
2020-04-01,石头科技|| 推出自有品牌吸尘器，携手“超级 IP ”加强营销,微信
2020-04-01,罗永浩第四款“带货”产品：石头科技智能扫地机器人,Wind
2020-04-01,近10家密集被投资！服务机器人成资本围猎风口，背后火了谁？,和讯
2020-04-01,石头科技发布首款无线吸尘器H6 解决手持吸尘器“续航短”等行业痛点,中国网
2020-04-01,电报|石头科技发布全球首款聚合物超轻电池手持无线吸尘器,科创板日报
2020-03-31,中签一单最大获利超13万，科创板一季度榜单全面揭晓,Wind
2020-03-26,超200家公司披露分配方案 还有哪些公司具备分红潜力？,投资快报
2020-03-25,格力对弈机器人专利获得授权,机电之家
2020-03-25,【太平洋机械】石头科技(688169)公司点评：硬核科技，强势成长,太平洋机械大讲堂
2020-03-23,石头科技|| 旗舰新品T7发布，预计产品升级拉动需求提升,微信
2020-03-23,“非洲手机王”赚下17亿，“三无”企业零营收，科创板年度成绩冷暖自知,36氪
2020-03-20,石头科技发布石头扫地机器人T7,36氪
2020-03-18,索菲亚||扬长补短，定制柜类专家蓄势待发,微信
2020-03-17,属于小家电的新消费时代或许真的来了,新浪
2020-03-13,有料公司丨石头科技“科创板第一高价股”背后几多“水分”,中国家电网
2020-03-12,科创板首场年报大考：业绩增速整体放缓，电子行业一骑绝尘,Wind
2020-03-12,科创板首场年报大考： 业绩增速整体放缓，电子行业一骑绝尘 盈利能力下降,21世纪经济报道
2020-03-11,首份2019年年报出炉科创板业绩首秀大幕开启,重庆商报
2020-03-10,“去小米化”成效显著，开源证券首次给予石头科技“买入”评级,资本邦
2020-03-10,89只科创板股2019年业绩快报亮相（附股）,证券时报网
2020-03-10,券商首次关注5股并给予买入评级（3月10日）,Wind
2020-03-09,科创板首份年报出炉 乐鑫科技2019年净利同比增近七成,北京商报网
2020-03-06,科创板收评｜科创板跟随主板回落，68只个股收跌,第一财经
2020-03-06,科创板股业绩快报：16股营收利润增幅均超30%,证券时报
2020-03-06,近5日57只个股首获机构关注（附表）,Wind
2020-03-06,【东北电子张世杰】石头科技（688169）深度报告：自主品牌优势突出高速增长，科技内核强势拓展智能硬件,东北证券研究所
2020-03-05,今年最赚钱新股：斯达半导22个涨停板 中一签赚12万,大众证券报
2020-03-05,券商首次关注5股并给予买入评级（3月5日）,Wind
2020-03-04,前两月21券商赚保荐承销费20亿 中金中信广发赚最多,中国经济网
2020-03-04,中一签狂赚11万！超级大肉签21天暴涨870％，还没开板！,中国基金报
2020-03-04,太疯狂！中一签狂赚11万！超级大肉签21天暴涨870％，还没开板！实控人夫妇身家逼近90亿,中国基金报
2020-03-04,【科新先声】科创板公司上市首份年度快报，TMT行业公司表现如何？【安信诸海滨团队】,诸海滨科新先声
2020-03-03,科创板公司成绩单出炉 最高增长300% 谁在亏损？ 亏损,新京报
2020-03-03,券商首次关注6股并给予买入评级（3月3日）,Wind
2020-03-02,数据|88家科创板上市公司业绩快报出炉,科创板日报
2020-03-01,据统计今年以来已有20只科创板新股上市,财界网
2020-02-29,中国股市：市场连续下跌，下周将迎来一场巨变！ 连续下跌,搜狐
2020-02-28,石头科技：盈利能力有所提高 自主品牌不断突破,华西证券
2020-02-28,石头科技（688169.SH）：人工智能的下半场，科技如何让生活更美好？,格隆汇
2020-02-27,石头科技：2019年净利润同比增154.52%（业绩快报）,Wind
2020-02-27,石头科技2019年营收同比增37.81%至42.05亿元,资本邦
2020-02-27,石头科技业绩快报：2019年净利同比增长155%,上证报
2020-02-27,石头科技业绩快报：2019年净利润7.83亿元同比增155%,科创板日报
2020-02-27,石头科技：2019年净利润同比增长154.52%,中证网
2020-02-27,石头科技：2019年实现净利7.83亿 同比增154.52%,新浪
2020-02-27,43公司获得增持评级-更新中,中财网
2020-02-27,石头科技业绩快报：2019年净利7.83亿元 同比增155%,e公司
2020-02-27,石头科技(688169.SH)业绩快报 2019年度净利升154.52%至7.83亿元,格隆汇
2020-02-27,新股遭大额弃购，盲目“恐高”不可取,红周刊
2020-02-27,解码“科创板第一高价股”石头科技“疯狂”的秘密,21世纪经济报道
2020-02-26,科创板成功上市的石头科技 “去小米化”依然任重道远,科创板日报
2020-02-26,一签赚10万，一周出现三只超牛新股！这样的发财机会，竟然还有人放弃了,中证报
2020-02-26,科创板有望跻身A股“主战场”,金融时报
2020-02-25,A股股王股价动荡上行，它会成为雷军手中的茅台吗？,搜狐
2020-02-25,A股融资融券日报：两融余额增加140.42亿元（2月24日）,Wind
2020-02-25,【太平洋机械】扫地机器人市场点评：石头科技上市，服务机器人标的再添新丁,太平洋机械大讲堂
2020-02-25,【科创板】科创板整体估值居于开板以来高位区间,中国银河证券研究
2020-02-25,小米旗下石头科技成新股王？短时间内快速成功的石头有多少潜力？,和讯
2020-02-24,"招商家电 | 扫地机器人深度：科技赋能,星火燎原",招商家电研究
2020-02-24,2月24日科创板主力资金净流出14.23亿元,证券时报网
2020-02-24,8只科创板股尾盘现大额资金净流入,证券时报网
2020-02-24,石头科技过半限售股12个月解禁，市值143亿元，雷军小米系等可套现 解禁,重庆商报
2020-02-24,【家电】石头科技：深度报告：依托小米，科技致远,天风研究
2020-02-24,拥有多项核心技术，石头科技登陆科创板，用科技简化生活,国际金融报
2020-02-24,【中信建投机械吕娟团队】智能制造系列报告二：石头科技，软硬件护城河稳步提升,微信
2020-02-24,“石头”造富：重庆一股民低价卖出仍挣9万多元,重庆商报
2020-02-23,"科创板注册排队企业新增2家 小米生态链企业成""股王""",新浪
2020-02-23,石头科技造富：重庆一股民中签小挣9万多 科技“大佬”雷军又成大赢家,腾讯网
2020-02-22,雷军又收获一个IPO “疯狂的石头”为什么获市场追捧,格隆汇
2020-02-22,从挤地铁打工仔到身价77亿：最新“股王”石头科技的发家故事,36氪
2020-02-22,石头科技上市成创板第一高价股 受益于在京东平台快速增长,金融界
2020-02-22,你在家学蛆的空档，雷军又收获一个IPO：市值333亿，至少8家VC/PE成赢家,猎云网
2020-02-22,“疯狂的石头”要和贵州茅台股价一竞高下？上市首日暴涨84.46%，雷军系落下第三颗“棋子”,华夏时报
2020-02-22,史上最贵新股上市！开盘暴涨73%,快科技
2020-02-21,快手发布《2019快手内容报告》：日活突破3亿，App内视频近200亿条；蓝色光标发布在线营销平台丨【每日播报】,阿特列斯如是说
2020-02-21,雷军笑了，这个石头太疯狂：股价超500元，中一签赚13万,第一财经
2020-02-21,暴涨260%，“疯狂的石头”居然不是最疯狂，这家公司获主力重金抢筹,证券时报
2020-02-21,IPO日报|最赚钱新股！石头科技首日上市暴涨84.46%；兴业物联服务通过聆讯；君赛生物完成数千万元Pre-A轮融资,格隆汇
2020-02-21,小米扫地机器人背后的石头科技上市：首日收盘价500元，较发行价上涨85% | 钛快讯,钛媒体
2020-02-21,科创板收评 | 科创板“新股王”来了！19只科创板个股股价破百,第一财经
2020-02-21,“股王”石头科技上市大涨84%：80后创始人身家77亿元，三高层零成本持股34亿元,重庆商报
2020-02-21,A股成交三破万亿，两融跑步进场，一签赚10万元新股再现,Wind
2020-02-21,2月21日科创板主力资金净流出7.69亿元,证券时报网
2020-02-21,科创板尾盘资金动向：5股主力资金净流入超1000万元,证券时报网
2020-02-21,史上最贵新股石头科技今上市，这块“石头”为何这么贵?｜今日异动数据,第一财经
2020-02-21,中1签赚13万！石头科技成A股史上最赚钱新股,快科技
2020-02-21,石头科技今日上市大涨近9成 高榕资本详解背后投资逻辑,证券时报
2020-02-21,股价破500元！石头科技大涨84.5%成科创板“新股王”,中金在线
2020-02-21,石头科技A股收盘大涨84.46% 市值达333.40亿元,新浪
2020-02-21,石头科技上市首日成科创板“股王” 股价超500元,新京报
2020-02-21,上市首日涨幅达到84.46%，石头科技（688169.SH）如何玩转智能扫地机器人？,格隆汇
2020-02-21,雷军发贺信，石头科技成史上“最赚钱”新股！中一签最多可赚13万,21世纪经济报道
2020-02-21,A股收盘：创业板指突破2200点 十多只华为概念股涨停,英为财情
2020-02-21,茅台追赶者系列|石头科技：凭什么坐二把交椅？,财联社
2020-02-21,石头科技IPO募投项目全部延期：遭遇技术难题 10名高管股东限售期一过立即减持 项目问题,同壁财经
2020-02-21,大额弃购后石头科技登科创板 小米系风险仍存,第一财经
2020-02-21,石头科技收盘涨84.46%首日换手率72.68%,证券时报网
2020-02-21,今天，雷军和他的VC朋友又收获一个IPO，市值330亿元,投资界
2020-02-21,史上最贵新股来了！小米生态链企业石头科技上市暴涨近1倍,上游新闻
2020-02-21,史上最贵新股石头科技上市，股价挑战茅台希望渺茫,搜狐
2020-02-21,科创板最贵！石头科技股价半日上涨82.58% 有投资者弃购5.56万股错失千万元“开工利是”,证券日报
2020-02-21,495元/股！石头科技首秀股价仅次于茅台和卓胜微！80后实控人直接持股市值达77亿,科创板日报
2020-02-21,最赚钱新股！石头科技(688169.SH)首日上市暴涨逾90% 市值一度突破360亿元,格隆汇
2020-02-21,小米扫地机器人母公司成功IPO，490人团队创造330亿市值,和讯
2020-02-21,最贵新股来了！“疯狂的石头”上市大涨逾82%，雷军又赚了,中证报
2020-02-21,"史上最贵新股上市！中一签最高赚13万 雷军""笑了""",e公司
2020-02-21,每签盈利最高13万，A股最赚新股却是它,证券时报网
2020-02-21,打中一签这只新股，今天可赚13万元！快来沾沾幸运儿的喜气,中证网
2020-02-21,石头科技今日科创板成功上市，上午收盘涨82.58%,DoNews
2020-02-21,小米生态链企业石头科技登陆科创板，高榕资本、启明创投参与早期投资,21世纪经济报道
2020-02-21,史上最贵新股今日上市！中一签最高赚13万，雷军成科创板最大赢家,e公司
2020-02-21,东北证券【新股】2月21日石头科技、百奥泰和神工股份上市,东北证券金融世界
2020-02-21,石头科技董事长昌敬：上市不是终点，我们的征途是星辰大海,IT之家
2020-02-21,最前线 | 小米又扶持一家生态链企业上市，石头科技成为科创板新“股王”,36氪
2020-02-21,不惧弃购！石头科技今天登陆科创板 股价一度超500元/股！,第一财经
2020-02-21,石头科技董事长昌敬内部信曝光：上市不是起点公司发展战略依旧,格隆汇
2020-02-21,石头科技（688169）：成功登陆科创板 进入市场三年份额占据次席,金融界
2020-02-21,石头科技上午收盘涨82.58%半日成交40.46亿元,证券时报网
2020-02-21,雷军又赚嗨了！科创板股石头科技开盘大涨73%，市值73亿,上游新闻
2020-02-21,石头科技（688169）：技术领先的智能清洁机器人龙头,红周刊
2020-02-21,石头科技上市感恩庆典：扫地机器人1元秒杀,快科技
2020-02-21,小米生态链企业来了！ 石头科技今日登陆科创板,上证报
2020-02-21,小米(01810)生态链企业石头科技开盘涨72.99% 成“最贵新股”,智通财经
2020-02-21,小米生态链企业石头科技科创板上市 发行价271.12元/股,TechWeb
2020-02-21,小米生态链企业石头科技科创板上市，成第三家上市生态链公司,速途网
2020-02-21,石头科技今日科创板成功上市，小米雷军发文祝贺,IT之家
2020-02-21,石头科技上市首日开盘上涨73.35%,证券时报网
2020-02-21,科创板N石头开盘涨73%,科创板日报
2020-02-21,石头科技今日科创板上市：打新史上最赚钱的新股来了,IPO早知道
2020-02-21,雷军：祝贺石头科技在科创板成功上市,金融界
2020-02-21,小米生态链企业石头科技科创板上市：271.12元/股创史开盘暴涨73%,快科技
2020-02-21,石头科技（688169）成功登陆科创板 智能家电研发制造商踏上新征程,金融界
2020-02-21,最贵科创板新股石头科技上市 盘中一度冲高至538元,新浪
2020-02-21,[快讯]石头科技今日登陆科创板 开盘上涨逾73%,全景网
2020-02-21,N石头成为科创板股价最高个股,中证网
2020-02-21,沪指低开0.26% 石头科技上市首日470元开盘成科创板第一高价股,第一财经
2020-02-21,史上最高发行价石头科技今日登陆科创板 开盘上涨逾73%,e公司
2020-02-21,【行情】今日，石头科技(688169)正式登陆科创板，开盘上涨逾73%。石头科技发行价格为271.12元/股，为科创板企业所定发行价中第一高价股。,金十数据
2020-02-21,2月21日新股提示：石头科技、百奥泰、神工股份上市 建业股份中签号出炉,上证报
2020-02-21,石头科技今日上市 发行价格271.12元/股,上证报
2020-02-21,新股发行与上市一览（2月21日）,Wind
2020-02-21,63名骨干火箭致富：仅按发行价市值就达28亿,重庆商报
2020-02-21,石头科技今天科创板上市看看首日能涨多高中一签能赚多少,重庆商报
2020-02-20,石头科技迎来科创板IPO高光时刻 夯实国内开拓海外再迎发展新机遇,每日经济新闻
2020-02-20,头顶最贵新股光环 石头科技明日登陆科创板,科创板日报
2020-02-20,A股“最贵”新股石头科技2月21日上市,北京商报网
2020-02-19,石头科技(688169.SH)将于2月21日在科创板上市2019年度净利润预增128.13%-167.8%,格隆汇
2020-02-19,机械行业：穿越机器人广阔赛道寻找明日之星！,天风证券
2020-02-18,36岁上海女股神丁迪：4年前314万元投石头科技，如今按发行价超10亿元,重庆商报
2020-02-18,华峰测控上市首日股价达340元 成科创板最高股价,新京报
2020-02-17,老周侃股：如何看待石头科技遭大额弃购,北京商报网
2020-02-17,发行价破纪录后 石头科技再创弃购纪录！打新再难“稳赚不赔”,金融投资报
2020-02-17,科创板收评 | 个股几乎全线上涨！新股涨逾260%，仅两股收跌,第一财经
2020-02-17,发行价超271元，小米系扫地机器人1500万元股份遭弃,观察者网
2020-02-17,1500万“奖金”无人认领！这只新股创科创板弃购纪录,券商中国
2020-02-17,石头科技创下科创板弃购纪录 中信证券全额包揽,第一财经
2020-02-17,视频丨石头科技能否值回科创板“最高票价”？,第一财经
2020-02-17,史上最贵新股遭部分投资者弃购——道达早评,每日经济新闻
2020-02-17,一签赚9万！这可能是今年最赚钱的新股，另一名“种子选手”却遭弃购1500万,中证报
2020-02-17,"石头科技科创板上市网上放弃认购55,605股",资本邦
2020-02-17,36氪专访 | 启明创投周志峰：重点关注技术、场景“两手抓”的科技企业,36氪
2020-02-17,1500万“奖金”无人认领！这只新股创下科创板弃购纪录，中信证券全额包揽，是福还是祸？,券商中国
2020-02-16,科创板公司最高发行价石头科技公布发行结果投资者弃购5.56万股,科创板日报
2020-02-16,石头科技保荐机构包销1507.56万元,e公司
2020-02-16,科创板“新股王”石头科技：中信证券投资跟投认购近亿元,Wind
2020-02-13,老沙:基金爆款刷屏牛股霸气冲天,中财网
2020-02-13,2月13日新股提示：中银证券申购 道通科技、英杰电气上市 石头科技、百奥泰、神工股份中签号出炉 华润微、良品铺子公布中签率,上证报
2020-02-12,石头科技网上中签结果出炉：中签号码共12960个一签要13.56万元,科创板日报
2020-02-12,科创板石头科技：中签号码共有12960个,Wind
2020-02-12,【报道】石头科技(688169)2月12日晚间披露中签结果，中签号码共有12960个，每个中签号码只能认购500股,金十数据
2020-02-12,石头科技中签号出炉 共12960个,e公司
2020-02-12,石头科技(688169.SH)披露战略配售最终结果：中证投资获配36.884万股,格隆汇
2020-02-12,新“股王”一签可赚17万？石头科技发行价271.12元超越海普瑞，与小米合作关系会否生变？,华夏时报
2020-02-12,“宅家”生活刺激电器需求，家电板块升势延续,第一财经
2020-02-12,2月12日新股提示：华润微、良品铺子申购 映翰通、耐普矿机上市 石头科技、百奥泰、神工股份公布中签率,上证报
2020-02-11,石头科技科创板IPO网上发行最终中签率0.04186742%,资本邦
2020-02-11,【报道】石头科技(688169)2月11日晚间披露网上发行申购情况及中签率，本次网上发行有效申购户数为358.12万户,金十数据
2020-02-11,科创板石头科技：网上发行中签率为0.0419%,e公司
2020-02-11,A股史上最高价新股来了！申购后需要了解什么？,经济日报
2020-02-11,疯狂的“石头”！每股271.12元，中签或赚17万，但生产靠别人,腾讯网
2020-02-11,石头科技今日开放申购每股271.12元或为A股史上最贵,CNMO
2020-02-11,中1签赚10万+？A股最贵新股石头科技来了,证券时报网
2020-02-11,牛市早报｜A股史上发行价最高新股今申购，美股纳指再创新高,澎湃新闻
2020-02-11,中1签或狂赚10多万！史上最贵新股，80后老板创业5年身家达百亿,中国基金报
2020-02-11,今日新股申购：石头科技、百奥泰、神工股份,中国经济网
2020-02-11,今日操盘：79股延期披年报海外资本542亿抢人民币债券,经济日报
2020-02-11,最高IPO价格的石头科技能否成为A股新股王,中财网
2020-02-11,早知道:北向资金连续净流出 石头科技发行价创新高,网易
2020-02-11,2月11日新股提示：石头科技、百奥泰、神工股份申购 广大特材、赛特新材上市 华峰测控中签号出炉,上证报
2020-02-11,中1签赚10万+？A股“最贵”新股来了，今日开打！本周新股多多,21世纪经济报道
2020-02-11,石头科技今日申购 顶格申购需配市值4.5万元,上证报
2020-02-11,271.12元！A股史上最高价新股来了 一签能赚多少钱？,中证报
2020-02-11,发行价271元创A股纪录 石头科技还能“依靠”小米多久？,中财网
2020-02-11,中1签赚10万+？A股“最贵”新股来了 石头科技发行价271.12元,证券时报网
2020-02-11,新股提示：三新股今日申购 石头科技发行价A股史上最高,e公司
2020-02-11,石头科技发行价创新高 科创板定价博弈暗潮涌动,21世纪经济报道
2020-02-11,石头科技的发行价高不高,北京商报
2020-02-11,A股“最贵”新股来了！本周新股多 武汉“零食大王”也来了,证券时报
2020-02-11,石头科技科创板上市今日网上和网下申购发行价271元成A股股王股价有望超茅台,重庆商报
2020-02-10,11日科创板“股王”石头科技打新 “去小米化”后还能不能打？,每日经济新闻
2020-02-10,中一签赚17万？A股史上最贵新股来了，明日申购,全景网
2020-02-10,“疯狂的石头” 卖扫地机器人创发行价纪录！股民：何时才能“摆脱”小米？,金融投资报
2020-02-10,A股史上“最贵”新股来了，周二申购！中1签赚10万+？,证券时报网
2020-02-10,发行价271元的石头科技 市场承受得起吗,金融投资报
2020-02-10,271.12元/股!A股史上最贵新股诞生,大众证券报
2020-02-10,石头科技定价创新高 超募30亿成中信证券最大单跟投,新浪
2020-02-10,科创板收评 | 科创板个股涨跌互现 “天价”新股明日申购,第一财经
2020-02-10,石头科技发行价271.12元，2019年市盈率不足27倍,澎湃新闻
2020-02-10,每股271.12元！科创板新“股王”来了？,中国经济网
2020-02-10,茅台挑战者？A股史上发行价股王诞生：千亿金山后雷军再吞大肉80后董事长身价40亿,金融界
2020-02-10,科创板打新来了：石头科技明日申购,证券时报网
2020-02-10,这家小米生态链公司发行价创A股记录 上市首日中一签或赚17万,中新经纬
2020-02-10,科创板新股神工股份、百奥泰、石头科技2月11日申购宝典,金融界
2020-02-10,疯狂的石头来了！石头科技定价271.12元 创A股最高发行价,第一财经
2020-02-10,“股王”来了｜石头科技80后实控人揭秘 创业5年身家有望达200亿,重庆商报
2020-02-10,“股王”来了｜石头科技预计将超募30亿 科创板超募现象如何解决？,重庆商报
2020-02-10,“股王”来了｜石头科技37岁老板身家有望达200亿，背后贵人是谁？,重庆商报
2020-02-10,“天价”新股上市首日有望赚17万！雷军版图再扩张,券商中国
2020-02-10,10日公司新闻聚焦：石头科技定价271.12元 辽宁成大拟“易主”,证券时报网
2020-02-10,科创板迎来第一家小米生态链企业石头科技上市,TechWeb
2020-02-10,犀牛财经早报：石头科技发行价创科创板新高,GPLP犀牛财经
2020-02-10,271.12元/股！发行价史上最高，石头科技股价或超茅台成新股王！,重庆商报
2020-02-10,财经早报:30省已部署企业复工复产 节后偏股基金强势,新浪
2020-02-10,A股最高发行价！石头科技定价271.12元,证券时报
2020-02-10,科创板3新股确定发行价 新股定价分位下移,上证报
2020-02-10,买方话语权增强，科创板新股定价分位下移,Wind
2020-02-10,A股最高发行价！石头科技定价271.12元,Wind
2020-02-10,科创板发行定价凸显理性 买方博弈力量逐步增强,中证报
2020-02-10,科创板发行价创新高 石头科技确定271.12元/股,北京商报
2020-02-10,北京德恒律师事务所关于北京石头世纪科技股份有限公司首次公开发行股票并在科创板上市战略投资者核查事项的法律意见,证券时报
2020-02-10,天价新股！上市首日有望大赚17万！周二来打新，中一签缴款13.6万,券商中国
2020-02-09,三只科创板新股披露发行价：谁决定了它们的身价？,第一财经
2020-02-09,疯狂的“石头”！271.12元/股，史上最高发行价来了，中一签至少赚10万？,e公司
2020-02-09,271.12元/股 石头科技发行价创科创板新高,e公司
2020-02-09,271.12元/股！石头科技发行价创目前科创板最高价,21世纪经济报道
2020-02-09,打新了吗？双飞股份中签号出炉 华峰测控公布中签率,中财网
2020-02-09,石头科技发行价确定为271.12元/股 系目前科创板最高价,北京商报
2020-02-09,科创板石头科技发行价格确定为271.12元/股,证券时报网
2020-02-09,三只科创板新股2月11日申购，石头科技发行价高达271.12元/股,Wind
2020-02-09,石头科技(688169.SH)发行价为271.12元/股 2月11日申购,格隆汇
2020-02-07,6只科创板新股即将迎来申购（附股）,证券时报网
2020-02-06,石头科技(688169.SH)拟发行1666.6667万股 网上路演时间为2月10日9:00-12:00,格隆汇
2020-02-04,【新股提示】三只科创板新股今日申购，石头科技发行价A股史上最高,Wind
2020-02-03,8只科创板新股即将发行（附股）,证券时报网
2020-02-01,石头科技（688169.SH）：人工智能的下半场，科技如何让生活更美好？,格隆汇
2020-01-28,石头科技（688169）VS科沃斯(603486)，谁的野心更大？,格隆汇
2020-01-23,北京石头世纪科技股份有限公司,证券时报
2020-01-21,雷军：我对2020年信心十足 一定能把小米做好,腾讯网
2020-01-20,与其正向投资石头世纪科技，不如逆向投资科沃斯,财华社
2020-01-20,小米大涨5%誓要重返17港元招股价 5大因素促使大涨,新浪
2020-01-19,电报|科创板年前一周审核平稳：石头科技等6企业拿到“门票”,科创板日报
2020-01-19,发审|岁末科创板审核平稳：石头科技等6企业拿到通行证下周暂无上会安排,科创板日报
2020-01-19,雷军2020开门红：小米大涨，身家猛增250亿，投资的荔枝也上市了,腾讯网
2020-01-18,小米股价强势回归：大逆转背后发生了什么,联商网
2020-01-18,小米正在重返17港元的发行价,金融界
2020-01-17,雷军笑了！小米暴力反弹 市值重返3000亿创一年新高,证券时报网
2020-01-17,小米涨幅扩大至8%，创逾一年新高,富途证券
2020-01-17,小米涨超2%市值重回3000亿 此前石头科技准挂科创板,新浪
2020-01-16,石头科技获批上市:小米产品毛利率仅14% 应收款攀高,新浪
2020-01-15,小米(1810.HK)逆势涨超4%创逾8个月新高 首家小米生态链企业获批注册科创版,格隆汇
2020-01-15,【异动股】小米-W(01810-HK)子公司获批A股上市股价再破12港元大关,财华社
2020-01-15,港股异动 | 科创板迎首家小米生态链企业石头科技 小米集团(01810)逆市升近4%,智通财经
2020-01-15,小米生态链企业再上市 同类风险挑战仍存在,第一财经
2020-01-15,石头科技获批注册 成小米生态链首家科创板上市公司,凤凰网
2020-01-15,首家小米生态链企业获批注册科创版 石头科技将上市,猎云网
2020-01-15,石头科技获批注册科创板分析师称其将打开小米生态链企业进入A股的“闸口”,经济观察报
2020-01-15,小米生态链企业石头科技获批注册科创板,36氪
2020-01-15,首家小米生态链企业获批注册科创版 小米(01810)AIoT价值获认可,智通财经
2020-01-14,石头科技、百奥泰、华峰测控、神工股份等获科创板IPO批文,资本邦
2020-01-14,证监会同意石头科技等4家企业科创板IPO注册,Wind
2019-12-31,投得好不如退得好！石头科技遭投资人减持折射创投圈真实尴尬 减持股份,财联社
2019-12-31,2019年扫地机器人战争收官之际，谈谈科沃斯的“龙头”逻辑,阿尔法工场
2019-12-26,2019年扫地机器人战争收官之际，谈谈科沃斯的“龙头”逻辑,阿尔法工场
2019-12-16,雷军，才是科创板最大的“赢家”！,搜狐
2019-12-13,石头科技扫地机器人市场不断扩张，行业地位稳步提升,财经网
2019-12-13,小米失落手机基本盘 5G商用成熟前的日子怎么过？,第一财经
2019-12-11,石头科技科创板提交注册，联合软银开拓日本扫地机器人市场,财经网
2019-12-06,石头科技科创板IPO今日提交注册,资本邦
2019-12-06,寻求资本加码，11家泛家居企业排队IPO,乐居财经
2019-12-04,国货当自强 石头扫地机器人海外走红,驱动之家
2019-11-29,雷军笑了！小米暴力反弹，市值重返3000亿创一年新高，有分析师称还能涨60%,证券时报网
2019-11-27,石头科技科创板过会：背靠小米的盈利模式是否可持续？,面包财经
2019-11-22,股东客户和专利均有小米身影 石头科技独立性成疑,挖贝网
2019-11-22,科创板“雷家军”再添一员 石头科技自承专利独立性不足,第一财经
2019-11-21,科创板雷家军再添一员 石头科技能否突破小米系束缚,第一财经
2019-11-21,石头科技与百奥泰成功闯关 科创板过会企业向百家挺进,上证报
2019-11-21,石头科技科创板过会 小米生态链企业何以突围？,21世纪经济报道
2019-11-20,石头科技成功过会，将成小米生态链首家科创板上市企业,腾讯网
2019-11-20,小米生态链企业也闯关了！石头科技和百奥泰科创板IPO过会,上证报
2019-11-20,百奥泰、石头科技科创板首发过会，金达莱终止审核,Wind
2019-11-20,科创板上市委：百奥泰、石头科技首发通过,e公司
2019-11-20,背靠小米 石头科技闯科创板,北京商报
2019-11-19,利润增长翻三倍 高研发高周转支撑石头科技业绩,中新网
2019-11-19,石头科技毛利率不及同行 与小米关联交易占比达100% 盈利能力下降,新浪
2019-11-18,雷军又成大赢家！第四家科创板公司上市：开盘暴涨205%,上游新闻
2019-11-17,"科创板审核企业""满百"" 石头科技等四企业下周""赶考""",新浪
2019-11-15,石头科技傍小米关联交易凶猛 6成专利为共有冲科创板,中国经济网
2019-11-14,坦白与小米的关联问题，但“模糊”主营现状，已受理200多天的石头科技还在被问询 问询,乐居财经
2019-11-12,【方正商贸】石头科技：技术领航的扫地机器人新秀品牌，小米生态链明星公司，自主品牌收入占比51%,方正证券研究
2019-11-11,百奥泰、石头科技科创板IPO拟于11月20日上会,上证报
2019-11-11,科创板上市委：百奥泰、石头科技11月20日首发上会,e公司
2019-11-07,指哪扫哪居家帮手 石头扫地机器人T6定点清理体验,驱动之家
2019-10-25,【方正商贸】石头科技：技术领航的扫地机器人新秀品牌，小米生态链明星公司，自主品牌收入占比51%,方正证券研究
2019-10-25,资本布局多点开花雷军率金山办公“圆梦”科创板,上证报
2019-10-08,金山办公敲门科创板，雷军“小米系”再“添丁”,云掌财经
2019-10-01,“去小米化”的企业终将会积极拥抱小米？,钛媒体
2019-09-27,金山办公今日上会 雷军有望迎来第三家上市公司！身价又要增11亿？,中新经纬
2019-08-21,小米的平衡术,银杏财经
2019-08-08,雷军持股两家科创板公司已经豪赚5亿，第三家今日上市又将赚多少？,重庆商报
2019-08-07,突发！雷军“押注”的企业，中止科创板IPO审核 IPO融资异常,全景网
2019-08-06,野蛮生长靠“小米” 石头科技科创之旅路在何方？,21世纪经济报道
2019-08-05,57% 超一半科创板拟上市企业被中止审核,国际金融报
2019-08-05,科创板中止企业“跑步”恢复审核，石头科技因期后增资申请中止,Wind
2019-08-05,科创中止企业跑步恢复审核 石头科技因期后增资中止,第一财经
2019-08-05,科创板中止企业“跑步”恢复审核，石头科技因期后增资申请中止,第一财经
2019-08-05,石头科技中止科创板审核,中证网
2019-08-05,科创板拟上市企业东方基因、申联生物、石头科技中止审核,Wind
2019-07-18,【机械行业】深度报告：科创板专题梳理：高端装备扬帆起航,格隆汇
2019-07-03,小米CFO周受资：小米所投企业中有多家拟登陆科创板,e公司
2019-06-18,4公司获得增持评级-更新中,中财网
2019-06-17,可打扫250㎡房屋石头扫地机器人T4图赏,驱动之家
2019-06-17,专访科沃斯副董事长：扫地机器人市场消费升级与入门选择并存,澎湃新闻
2019-06-13,大浪淘沙见真金—科创板TMT行业2020中报总结深度解析专题【安信诸海滨团队】,诸海滨科新先声
2019-06-13,7年生产270家公司，小米帝国能崛起吗？,36氪
2019-06-12,科创板渐行渐近6月20日又将迎来新一批上会企业,中金在线
2019-05-28,【东吴机械陈显帆】从代工到自主，服务机器人领军企业,透视先进制造
2019-05-21,小米毛利率持续承压 靠持久战和AIoT能否扭转局面？ 盈利能力下降,新浪
2019-05-21,小米：告别手机血海，“AIOT”已全面开花,阿尔法工场
2019-05-20,小米CFO周受资：小米不是一家投资公司，投资主要是为增强业务,每日经济新闻
2019-05-18,华米已成全球第五大智能手表企业，可望进一步摆脱对小米的依赖,搜狐
2019-05-10,西部超导回复上交所问询：“三类股东”已作出合理安排和承诺 问询,企业成长智库
2019-05-09,雷军成最大赢家？106家科创板受理企业“金主”全扫描：王思聪刘永好投中同一家,中证报
2019-05-09,WPS要上市了？金山办公申请科创板，雷军又火了,财经网
2019-05-09,雷军系金山办公闯关科创板 BATJ是“广告”客户,新京报
2019-04-27,石头科技技术不够“硬”，经营业绩有“整容”之嫌,红周刊
2019-04-26,机械制造：3月份社融数据超预期 工程机械主机公司2019Q1净利润翻倍增长,和讯
2019-04-26,雷军冲刺科创板,钛媒体
2019-04-26,机械制造：科创板机械设备系列之 石头科技,和讯
2019-04-25,家用电器：继续推荐白电和小家电龙头 荐6股,和讯
2019-04-23,中信建投 | 高端制造科创板研究,中信建投证券研究
2019-04-17,石头科技——国产扫地机器人优质企业，小米生态链赋能快速成长,全景网
2019-04-17,【国金家电】科沃斯深度研究报告—痛点到痒点，扫地机器人加速渗透，行业巨头归属哪家?,文旅烨谈
2019-04-17,中信建投晨会0417 | 解读央行一季度例会；金融供给侧改革专题；牧原股份、中顺洁柔,中信建投证券研究
2019-04-16,机械制造：石头科技快速成长的扫地机器人领先企业,中信建投
2019-04-11,关于北京辖区科创板拟上市公司辅导验收情况的通报（截至4月11日）,北京证监局
2019-04-10,小米智能扫地机器人制造商石头科技递表科创板，顺为资本持股12.85%为第二大股东，近三年营收复合增速超300%,格隆汇
2019-04-10,受理企业再增5家 马云雷军现身 逾八成公司钟爱“标准一” 15家“已问询” 上海本地企业研发优势明显,中证报
2019-04-10,科创板早读|5家企业申请获受理，15家企业获问询,新京报
2019-04-10,科创板加速！57家企业获受理，马云雷军都来了,中国基金报
2019-04-10,【投中·24H】传京东正在进行新一轮大规模裁员；富士康回应接盘格力电器股份 员工变动,投中网
2019-04-10,科创板受理企业再增5家 马云雷军现身,证券时报
2019-04-10,雷军间接持股石头科技,新浪
2019-04-10,马云雷军涉足科创板？,重庆商报
2019-04-10,石头科技冲击科创板：跟着小米吃肉喝汤，3年长得这么胖,每日经济新闻
2019-04-10,57家科创板受理企业“已问询”15家,证券日报
2019-04-09,马云、雷军现身两家科创板受理企业 已问询企业总数升至15家,e公司
2019-04-09,小米持股11.85%的扫地机器人石头科技冲科创板 16年100%收入来自小米,中金在线
2019-04-09,科创板第十批名单发布 受理企业增至57家,中金在线
2019-04-09,【图解科创板】山石网科：领先的网络安全专家 360持股（附影子股持股路径）,中金在线
2019-04-09,明星创投加持 营收增长惊人 石头科技申请科创板上市获受理,中证网
2019-04-09,科创板队伍再扩容至57家，今日新增受理5家,21经济网
2019-04-09,上交所受理5家企业科创板上市申请 总数已达57家,证券日报
2019-04-09,上交所受理3家公司科创板上市申请,证券之星
2019-04-09,5家企业申请科创板上市获得受理,中证网
2019-04-09,又有5家企业科创板上市申请获受理，总数增至57家,澎湃新闻
2019-04-09,小米生态链公司石头世纪科创板上市申请获受理 雷军间接持股,e公司
2019-04-09,上交所：受理石头世纪、海天瑞声的科创板上市申请,e公司
2019-04-09,【家电-石头科技(A19076)】邓欣：石头科技如何做到一日千里？20190617,中泰证券研究所
2019-03-25,石头扫地机器人好用么？看完这个视频你就知道,TechWeb
2019-03-14,石头科技拟A股上市，已与中信证券签署辅导协议,Wind
2019-03-14,石头科技发布T6预热视频 3月19日小米有品众筹见！,CNMO
2019-03-07,北京证监局今日披露6家企业接受上市辅导,e公司
2018-12-17,小米产业投资进化：从“新国货”到先进制造,21世纪经济报道
2018-12-11,科沃斯能否蚕食iRobot的空间，才是未来股价最关键的问题,财华社
2018-11-15,扫地机器人行业再掀新风口，双11绝不仅仅是价格战！,太平洋电脑网
2018-11-08,居家清洁好助手：戴森手持吸尘器、石头扫地机器人,IT之家
2018-11-08,"科沃斯:国内扫地机器人渗透率低,由可选品向必需品转变趋势加强",东北证券
2018-09-30,石头科技获“最具影响力智能小家电”奖，旗下石头扫地机器人好评率达99%,IT之家
2018-09-27,开放、连接，奥普家居携手三大智能家居品牌打造“智造家·美生活”,亿欧网
2018-09-18,进博会苏宁服务贸易显神威，助力海外品牌进国门惠国民,砍柴网
2018-09-14,【广发家电曾婵/袁雨辰】家电龙头的护城河在哪里？,广发家电
2018-09-07,【科沃斯（603486）】扫地机器人业务快速增长，国内守垒，海外攻城,中信证券研究
2018-08-27,消费市场期待“品牌再造” 创新产品“借”平台取胜,新浪
2018-08-17,机器人产业进入爆发期六概念股或迎腾飞契机,中财网
2018-08-09,服务机器人专题系列二：消费产品篇：产品价值和流量价值共存 市场加速渗透,中财网
2018-08-04,苏宁石头818以球会友开启合作模式2.0谷歌云或将入华,砍柴网
2018-08-02,【家电-科 沃 斯(603486)】邓欣：深度：机器人时代，有备而来的探路者-20180801,中泰证券研究所
2018-07-29,华为进不去的美国市场，小米会有戏吗？,创业邦
2018-07-17,【广发家电】小米家电专题研究（3）智米科技：从利基到大众，创造环境与空气的新价值,广发家电
2018-07-13,世界杯激战正酣 让你的国际米兰版石头扫地机器人也加入战斗吧！,爱活网
2018-07-09,国际球星为你扫地？818苏宁石头跨界国米IP,赛迪网
2018-07-06,818前夕国米定制扫地机曝光 球星录制语音服务,赛迪网
2018-07-06,小米跨界足球IP，石头扫地机器人国米定制版发布,金融界
2018-06-20,"科沃斯:国内服务机器人领头羊,消费升级时代的产物",爱建证券
2018-06-12,[增持评级]海通家电行业周观点：三维视角下解读小米与传统家电的攻守战,中财网
2018-06-07,家用电器行业-小米家电专题研究(2)石头科技:极致产品打造扫地机器人新贵,广发证券
2018-06-04,[持有评级]家用电器行业周报：龙头的涅槃重生 推荐青岛海尔,中财网
2018-06-03,【案例】小米，第一代真正意义上的“物联网公司”,微信
2018-05-29,成为服务机器人第一股，科沃斯对抗小米、戴森有优势吗？,虎嗅网
2018-05-28,逃过小米低价魔爪！揭秘科沃斯上市涨停背后,和讯
2018-05-28,小米家电专题研究(2)石头科技：极致产品打造扫地机器人新贵,中财网
2018-05-25,高榕资本宣布英文名称品牌升级 Banyan升级Gaorong,腾讯网
2018-05-23,[增持评级]小米专题研究系列(家用电器与器具行业)：“新模式”不改经营本质,中财网
2018-05-16,科沃斯：行业快速发展 扫地机器人受青睐,中信建投
2018-05-08,小米米家扫地机器人同团队出品 小瓦扫地机器人规划版发布,TechWeb
2018-03-24,一文汇总小米生态链，看完再说它值不值钱,Ofweek
2018-03-15,小瓦扫地机器人背后隐藏的小米生态链，我看得有点儿晕！,搜狐
2018-03-09,AWE所见：趋势与差异,广发家电
2018-03-08,小瓦扫地机器人简评：用做手机思路做出来的吸尘器,新浪
2018-03-06,石头科技发布小瓦扫地机器人青春版 米家有品众筹价999元,金融界
2018-03-06,999元！小瓦扫地机器人青春版评测：1600Pa吸力+智能操控,驱动之家
2018-03-06,小瓦扫地机器人青春版对比石头扫地机器人：价格便宜噪音更小,TechWeb
2018-03-06,小瓦扫地机器人青春版评测：便宜有好货,和讯
