date,sentence,col3
2021-12-31,电子行业研报：车规半导体空间足，国产替代提速【华西电子团队】,每经网
2021-12-31,银河证券：电子行业盈利端有望维持快速增长,Wind
2021-12-31,银河证券：电子行业盈利端有望维持快速增长,证券时报网
2021-12-31,半导体103家上市企业研发费达365亿 国产化进程加快40家研发人员占比超50%,长江商报
2021-12-28,韦尔股份现1笔大宗交易 共成交310.00万元,新浪
2021-12-28,韦尔股份今日大宗交易成交1万股，成交价310.0元溢价0.0%,Wind
2021-12-28,没走出持续亏损泥淖，又丢失大客户，唯捷创芯怎么了？ 亏损,时代周报
2021-12-27,"韦尔股份现1笔大宗交易 共成交3,769.92万元",新浪
2021-12-27,2021年最后一周解禁市值超千亿元,Wind
2021-12-26,韦尔股份：手机CIS欲与索尼等争锋，业绩增量看车载CIS,每日经济新闻
2021-12-25,北向资金五个交易日出逃近78亿元，甩卖酿酒股近46亿元，扫货这些龙头股（名单）,21世纪经济报道
2021-12-23,韦尔股份：公司产品广泛应用在手机、安防、智能家居、可穿戴设备、汽车、医疗、AR/VR等领域,每日经济新闻
2021-12-23,韦尔股份：公司的汽车领域CIS具备较为显著的技术优势,Wind
2021-12-23,韦尔股份：公司会根据市场需求提供满足工业视觉领域的产品,Wind
2021-12-23,每日理财观察：《数字交通“十四五”发展规划》发布,Wind
2021-12-22,A股收盘综述：苹果、网游、中药板块涨势强劲，立讯精密、歌尔、韦尔集体上冲,Wind
2021-12-22,A股午盘综述：苹果板块火了，立讯精密歌尔股份大涨！网游、文化传媒同步走升,Wind
2021-12-22,芯片板块强势拉涨，韦尔股份、闻泰科技、兆易创新齐升,Wind
2021-12-21,希荻微产品关键业务指标信披矛盾 同总经理兼职企业现经营混淆异象,中证报
2021-12-21,北向资金交投意愿转淡连续3日净卖出，白酒、新能源均遭出货,Wind
2021-12-21,拟出售紫光部分资产抵债前，健坤集团所持股权已遭法院冻结,国际电子商情
2021-12-21,韦尔股份再登“中国IC风云榜” 斩获企业、技术两项大奖,TechWeb
2021-12-20,“越跌越买”！机构建议扫入这些半导体概念、最高可涨69%,第一财经
2021-12-20,24股获券商买入评级，报喜鸟目标涨幅达59.83%,Wind
2021-12-18,富时中国指数成分股大调整，外资布局2022年,Wind
2021-12-17,韦尔股份跌4.2% 海通证券中银证券高点唱多,中国经济网
2021-12-17,韦尔股份(603501)重大事件快评：L3自动驾驶首获国际认证 车载CIS龙头迎新机,新浪
2021-12-17,赵伟国回应紫光重组国有资产流失，管理人回击称干扰重整,Wind
2021-12-16,浦银国际科技行业2022年展望：智能手机需求仍在复苏期，明年前低后高,Wind
2021-12-16,外资连续11天加仓，4000亿龙头被买爆！两大领域成扫货专区,Wind
2021-12-16,转债打新冲刺1100万户，银行券商转债受青睐,Wind
2021-12-15,"韦尔股份现1笔大宗交易 共成交2,333.10万元",新浪
2021-12-15,券商首次关注6股并给予买入评级（12月15日）,Wind
2021-12-15,15股获券商买入评级，比音勒芬目标涨幅达46.70%,Wind
2021-12-13,传统蓝筹“王者归来”，市场风格切换在即？,Wind
2021-12-13,投资A股新工具: 易方达A50（股份代号：3111）,易方达基金
2021-12-12,史上最贵新股：80后教授创业、浙大系基金一路加持,Wind
2021-12-10,Wind风控日报2021年12月10日星期五,Wind
2021-12-10,“聪明钱”大手笔抢筹，跨年行情渐入佳境,Wind
2021-12-10,历史次高！ 北向资金单日净买入216亿元，人民币升值或是主要推手,Wind
2021-12-09,【晚间公告抢先看】贵州茅台投资78.33亿元实施包装物流园项目一期工程；伊利股份定增 高毅资产获批近4亿元,金融界
2021-12-09,韦尔股份：媒体关于公司业绩的描述不代表公司业绩的实际情况,36氪
2021-12-09,韦尔股份回复监管函：未曾在任何场合透露公司除公告信息之外的经营数据 问询,新浪
2021-12-09,韦尔股份回复监管函：公司不存在透露汽车业务营收、净利润等股价敏感信息的情况 问询,Wind
2021-12-09,北向资金狂买A股超200亿净买入额创历史次高，继续大幅抢筹白酒股,Wind
2021-12-09,韦尔股份连续5日获北向资金净买入,证券时报网
2021-12-09,外资爆买A股！一天狂加仓近百亿！抄底宁德时代，重仓茅台、招行,Wind
2021-12-09,A股突然启动上涨，茅台收复2000元，人民币连创新高！,Wind
2021-12-08,苹果最新规划的大动作 全年业绩有望高增长的概念股出炉（附股）,新浪
2021-12-08,北向资金12月净流入超300亿，赛道切换剑指何处？,Wind
2021-12-08,北向资金再度加仓近百亿，贵州茅台获大幅净买入超16亿元,Wind
2021-12-08,电子行业2022年投资策略：半导体创新与国产化并重 汽车、VR／AR空间广阔,新浪
2021-12-08,【电子】电子行业2022年度策略—产业向新常态回归，聚焦高成长赛道,中银证券研究
2021-12-08,北向资金动向盘点：狂买金融股，风格已变,Wind
2021-12-08,北向资金扫货A股近80亿元！大幅增持银行券商，减持有色金属（附股） 减持股份,21世纪经济报道
2021-12-08,大基金二期频出手，这类芯片价格创六年新高，高增长概念股名单出炉,Wind
2021-12-08,降准落地，A股仍涨不动？这一顶级赛道却吵翻了,Wind
2021-12-08,华富基金陈奇：在景气赛道中寻找长期确定性——公募基金每周一基系列,华宝财富魔方
2021-12-07,北向资金今日净买入79.49亿元，继续抄底大金融板块,Wind
2021-12-07,容大感光：截止目前，公司与韦尔股份无合作关系,每日经济新闻
2021-12-07,韦尔股份(603501.SH)控股股东解除质押100万股,智通财经
2021-12-07,韦尔股份：虞仁荣解除质押100万股,每日经济新闻
2021-12-07,韦尔股份(603501.SH)：控股股东虞仁荣解押100万股,格隆汇
2021-12-07,资金流向分析,新浪
2021-12-06,北向资金连续4日净买入累计加仓超150亿，大幅抢筹券商、银行股,Wind
2021-12-06,韦尔股份收监管工作函 就报道和股价波动明确监管要求 其他违规处罚,中国经济网
2021-12-06,电子周报：车用芯片供给逐步升温；联电将启动新一轮长约涨价,新浪
2021-12-06,北上资金青睐建筑装饰行业,Wind
2021-12-05,华西证券给予韦尔股份买入评级，汽车智能化下半场，车规CIS助力升级自动驾驶,每日经济新闻
2021-12-05,华西证券：给予韦尔股份买入评级,证券之星
2021-12-05,下周操盘攻略：均衡配置成长与价值,Wind
2021-12-04,2021中国上市公司软实力巡礼：韦尔股份价值96.49亿元 排序第52名,搜狐
2021-12-04,沪指重上3600点，北向资金净买入92亿元,Wind
2021-12-03,晚间要闻2021年12月3日星期五,Wind
2021-12-03,2天大涨13%后，2600亿半导体巨头被监管“盯”上了,搜狐
2021-12-03,陆股通净买入92.21亿元，连续3日净买入,证券时报网
2021-12-03,北向资金豪买A股92亿元，买入兆易创新9.4亿元，加仓4只白酒股10亿元（名单）,21经济网
2021-12-03,上交所向韦尔股份及董监高下发监管工作函,北京商报
2021-12-03,上交所向韦尔股份下发监管工作函,Wind
2021-12-03,韦尔股份现1笔大宗交易 共成交607.50万元,新浪
2021-12-03,北向资金今日净买入超92亿元本周累计加仓超150亿，大幅抢筹芯片股,Wind
2021-12-03,曾经的白酒又回来了？叫板茅台江湖地位，五粮液放大招提价！“二锅头”甩掉包袱，狂飙2连板！,雪球
2021-12-03,韦尔股份澄清公司第四季度业绩无重大变化，旗下专利过千,贝壳财经
2021-12-03,资讯：千亿芯片龙头涨停背后：汽车半导体需求或暴增，韦尔股份获多家券商看好,财联社
2021-12-03,周琦：韦尔股份提前开启年报行情 半导体行业业绩有持续性,第一财经
2021-12-03,媒体报道“吓坏”半导体龙头，涨停后紧急澄清：我没有 别瞎说,证券之星
2021-12-03,股价暴涨因四季度业绩超预期？半导体巨头韦尔股份紧急澄清,资本邦
2021-12-03,圣邦股份、韦尔股份、兆易创新涨超5%，芯片ETF（512760）涨超2.5%,资本邦
2021-12-03,融资客青睐6股，皖能电力买入占比高达40.97%,Wind
2021-12-03,每日理财观察：支付宝与中国银联互联互通新进展,Wind
2021-12-03,A股融资融券日报：两融余额减少72.45亿元（12月2日）,Wind
2021-12-03,盘前情报丨千亿市值芯片股“排队”涨停；硅片打响价格战,21世纪经济报道
2021-12-03,A股早报2021年12月3日星期五,Wind
2021-12-03,波音737MAX在华重获适航许可；通用汽车上调盈利预期，称芯片供应改善；辉瑞高管：预计疫苗面对Omicron，效力不会显著下降,每经头条
2021-12-03,小K播早报|我国正在快速推进奥密克戎株疫苗研发 丰田拟推出采用比亚迪技术的汽车,财联社
2021-12-03,银河证券：电子行业盈利端有望维持快速增长，维持“推荐”评级,智通财经
2021-12-03,【中证盘前】8天6板陕西金叶收交易所关注函；华友钴业拟向孚能科技销售三元前驱体；韦尔股份称第四季度业绩无重大变化,中证报
2021-12-03,38秒涨停！2500亿半导体巨头突然火了，股东人均爆赚33万！因4季度业绩超预期？紧急澄清来了！,e公司
2021-12-02,光伏巨头跟进降价，价格战来了，电子烟监管靴子落地！,新浪
2021-12-02,盘后公告集锦|涉嫌内幕交易？八天六板电子烟妖股收交易所关注函,财联社
2021-12-02,四季度业绩超预期？韦尔股份开盘秒涨停，澄清公告来了,中新经纬
2021-12-02,芯片股“开盲盒”？千亿市值芯片股“排队”涨停，2500亿龙头股触板仅用38秒，下个会是谁,财联社
2021-12-02,韦尔股份：不存在向投资人提供公司第四季度业绩情况,上证报
2021-12-02,股民人均赚33万 2500亿芯片巨头韦尔股份38秒涨停,快科技
2021-12-02,【晚间公告抢先看】方正证券拟出售25.21亿元参股公司股权、中国能建子公司签署152.2亿元海上风电场等项目,金融界
2021-12-02,每经20点丨北京海淀区1名来京人员核酸结果为阳性；中国电力获南向资金净买入超12亿港元；法国本土发现首例奥密克戎毒株感染病例,每日经济新闻
2021-12-02,晚间重要公告2021年12月2日星期四,Wind
2021-12-02,韦尔股份，赌出未来,格隆汇
2021-12-02,“芯片巨头”韦尔股份（603501.SH）涨停！汽车CIS即将爆发？,财华社
2021-12-02,是否泄露或确认未披露业绩信息？韦尔股份回复上交所监管工作函 安全事故,资本邦
2021-12-02,韦尔股份(603501.SH)澄清：车用图像传感器产品受汽车整车销售规模季节性波动影响不大,智通财经
2021-12-02,韦尔股份澄清媒体报道：第四季度业绩无重大变化,财联社
2021-12-02,韦尔股份澄清媒体报道：公司在近期的业绩说明会及投资者的交流活动过程中，不存在向投资人交流提供公司第四季度业绩或预期业绩的情况；公司目前生产经营正常，公司第四季度业绩与公司前三季度业绩相比，经营情况无重,财联社
2021-12-02,韦尔股份澄清媒体报道：第四季度业绩无重大变化,Wind
2021-12-02,重大改变！这些股将迎来超级资金,证券之星
2021-12-02,格雷厄姆都要哭了！“丐帮”龙头续刷新低，年内股价已腰斩！市值亏掉一个贵州茅台！股民：被套15个月，还有希望回本吗？,雪球
2021-12-02,A股资金流向：低位低价成短线核心，赛道股分歧加剧,Wind
2021-12-02,12月2日韦尔股份涨停分析：汽车芯片，中芯国际概念股，无线耳机概念热股,证券之星
2021-12-02,收评：沪指跌0.09% 两市逾3300股下跌 汽车板块逆市走强,网易
2021-12-02,A股收盘综述：大基建跃跃欲试，稀土午后崛起，元宇宙深度回调,Wind
2021-12-02,韦尔股份封板涨停，5G50ETF（159811）四连阳,资本邦
2021-12-02,韦尔股份三季度营收微降，三季报255家机构持仓 盈利能力下降,阿尔法工场
2021-12-02,芯片龙头涨停，低位高景气热门股名单来了,Wind
2021-12-02,2500亿市值芯片巨头涨停！汽车股掀涨停潮，券商“一哥”力挺白酒股,中证报
2021-12-02,2500亿芯片股突然涨停！港股科技股再跳水，网易云音乐首日破发，恒大汽车盘中重挫20%…啥情况？,证券时报
2021-12-02,什么情况？大佬喊话后，千亿芯片龙头轮番涨停,财联社
2021-12-02,跌掉茅台+五粮液市值总和，这家公司股价创历史新低。芯片龙头涨停，低位高景气热门股名单来了,微信
2021-12-02,A股午盘综述：股指横盘，大基建跃跃欲试；翻两倍股又大涨！,Wind
2021-12-02,异动快报：韦尔股份（603501）12月2日10点48分封涨停板,中金在线
2021-12-02,韦尔股份涨停，智能汽车ETF（159889）涨超1.5%,资本邦
2021-12-02,快讯：韦尔股份涨停 报于293.65元,金融界
2021-12-02,半导体板块走强 韦尔股份涨停,格隆汇
2021-12-02,半导体指数拉升，韦尔股份涨停,Wind
2021-12-02,港股盘前必读：腾讯控股拟向不少于25700位奖励人士授予441万股奖励,Wind
2021-12-01,韦尔股份：汽车CIS领先,半导体风向标
2021-12-01,探索财富密码｜凭借收购跃升CIS设计龙头，韦尔股份再搭“车芯”企业欲寻业绩“第二春”,财经网
2021-12-01,富时罗素：亿纬锂能等三股获纳入富时中国A50指数,Wind
2021-12-01,北向资金12月首个交易日加仓A股30亿，紫光国微净买入超6亿元,Wind
2021-12-01,中国银河维持电子行业推荐评级：手机需求回暖，功率器件需求旺盛,每日经济新闻
2021-12-01,资金流向分析,新浪
2021-11-30,浦东科创集团市场化创投平台海望资本启动 6支股权基金签约,证券时报网
2021-11-30,2200亿锂电龙头跳水！北上资金逆向操作,Wind
2021-11-29,电子行业周报：半导体厂房建设投资创历史新高,新浪
2021-11-29,银河电子周观点：国内10月手机出货量大幅增长 看好射频前端国产替代机遇,新浪
2021-11-29,科技硬件周报：功率半导体高景气度有望延续、关注5G+AIOT投资机遇,新浪
2021-11-28,电子行业周报：估值开始切换 乐观反映明年苹果、MINILED、半导体设备,新浪
2021-11-26,上证50跌幅扩大至1%,Wind
2021-11-25,深度*行业*电子行业周报：TI宣布新厂建设计划 联发科发布4NM处理器,新浪
2021-11-25,北向资金连续5日净买入成交额创5个月新低，再度净买入贵州茅台超3亿元,Wind
2021-11-24,北向资金连续4日净买入累计加仓超170亿，批量扫货白酒股,Wind
2021-11-23,深度*行业*半导体行业周报：思瑞浦发布数字隔离产品 FPGA安路科技上市,新浪
2021-11-22,电子周报：手机厂商开拓汽车“下半场” 半导体处于健康的投资周期,新浪
2021-11-22,电子行业周报：折叠屏关注度继续升温 德仪宣布大额扩产计划,新浪
2021-11-22,电子行业周报：苹果公司重回全球第一的宝座,新浪
2021-11-22,科技硬件周报：AIOT产业加速 CMP材料与设备受关注,新浪
2021-11-21,百元芯片股明天申购！新股回暖，打新军团返场,Wind
2021-11-21,下周操盘攻略：波动将明显加剧,Wind
2021-11-19,北向资金今日大幅净买入近83亿，再度爆买宁德时代超14亿,Wind
2021-11-19,消费电子概念走势活跃 共达电声、歌尔股份等拉升走高,证券时报网
2021-11-19,【机会挖掘】交通运输部强调加快自动驾驶技术使用 机构建议关注三条投资主线,证券时报网
2021-11-18,北向资金今日净卖出44.53亿元，传统核心资产集体遭抛售,Wind
2021-11-18,深度*行业*电子行业周报：代工双雄营收创新高 英伟达更新OMNIVERSE,新浪
2021-11-18,北向资金抛售白酒，买入电子元件！锂电池板块“王者归来”，这些个股受青睐（名单）,21世纪经济报道
2021-11-17,华西证券：给予韦尔股份买入评级,证券之星
2021-11-17,华西证券维持韦尔股份买入评级：加快系列面板驱动IC布局，2022年替代提速,每日经济新闻
2021-11-16,海外最大中国股票基金出手！加仓这只A股万亿巨头,Wind
2021-11-16,海外最大中国股票基金出手！加仓这只A股万亿巨头,中国基金报
2021-11-16,北向资金再度加仓近42亿连续4日净买入，批量扫货白酒医药股,Wind
2021-11-15,科技硬件周报：半导体板块高景气度延续、关注5G+AIOT新机遇,新浪
2021-11-15,电子行业周报：杂音干扰的旺季VS乐观看待的明年,新浪
2021-11-15,新股精要：国内优质的功率半导体设计企业芯导科技,新浪
2021-11-12,韦尔股份现1笔大宗交易 共成交886.57万元,新浪
2021-11-12,韦尔股份今日大宗交易成交3.23万股，成交价274.48元溢价0.83%,Wind
2021-11-11,韦尔股份现7笔大宗交易 总成交金额5835.44万元,证券时报网
2021-11-11,韦尔股份今日大宗交易成交21.26万股，成交价274.48元溢价0.0%,Wind
2021-11-11,"韦尔股份现7笔大宗交易 共成交5,835.44万元",新浪
2021-11-10,韦尔股份(603501.SH)：相关股票期权第二个行权期拟行权数量为268.628万份,格隆汇
2021-11-10,消费电子概念再度活跃，昀冢科技大涨超12%，东尼电子等涨停,证券时报网
2021-11-09,天风证券：维持韦尔股份(603501.SH)“买入”评级 业绩持续增长 车载CIS业务发展迅速,智通财经
2021-11-09,天风证券：给予韦尔股份买入评级,证券之星
2021-11-09,天风证券维持韦尔股份买入评级：21Q3业绩持续增长，平台化发展优势显现,每日经济新闻
2021-11-08,三季报回顾：核心龙头延续增长 半导体持续呈现高景气,新浪
2021-11-08,韦尔股份(603501.SH)副总经理纪刚等减持59.1万股 减持期限已满 减持股份,智通财经
2021-11-08,韦尔股份：控股股东一致行动人、董事、高级管理人员减持股份时间区间届满 减持股份,每日经济新闻
2021-11-08,韦尔股份(603501.SH)：纪刚、贾渊及虞小荣已合计减持59.1万股 减持股份,格隆汇
2021-11-08,韦尔股份：控股股东一致行动人等累计减持59.1万股，完成减持计划 拟减持股份,Wind
2021-11-08,新股分析|盛美上海：半导体设备供货多家龙头 但供应链安全性成隐忧,财联社
2021-11-08,北京君正：13亿元定增落袋 30亿元账面商誉暗含减值风险 资产异常,面包财经
2021-11-05,A股收盘综述：元宇宙一枝独秀，周期、新能源、房地产、电力板块集体哑火,Wind
2021-11-05,电子行业专题研究：3Q持仓分析 北上持续加码半导体,新浪
2021-11-05,安信证券：首予韦尔股份(603501.SH)“买入-A”评级 目标价352元,智通财经
2021-11-05,安信证券给予韦尔股份买入评级：产品结构持续优化，汽车CIS有望打造第二成长曲线,每日经济新闻
2021-11-04,韦尔股份今日大宗交易成交2.32万股，成交价278.62元溢价0.0%,Wind
2021-11-04,北向资金稳步加仓连续6日净买入，新能源、大消费集体获抢筹,Wind
2021-11-04,银河证券：电子行业三季度业绩表现较好，板块分化显著,第一财经
2021-11-03,韦尔股份今日大宗交易成交12.80万股，成交价278.5元溢价0.0%,Wind
2021-11-03,东方证券维持韦尔股份买入评级，韦尔股份系列报告之汽车业务：打开视觉空间，布局多产品,每日经济新闻
2021-11-03,东方证券：给予韦尔股份买入评级，目标价位363.63元,证券之星
2021-11-03,"韦尔股份现2笔大宗交易 共成交3,564.80万元",新浪
2021-11-03,农业拉升电新杀跌，强势板块回调市场见底？,Wind
2021-11-03,华创证券：维持韦尔股份(603501.SH)“强推”评级 目标价361.9元,智通财经
2021-11-03,方正证券：维持韦尔股份(603501.SH)“推荐”评级 产能持续提升 业绩增长亮眼,智通财经
2021-11-03,国内芯片公司利润大增，半导体设备企业的新动态,Ofweek
2021-11-03,A股早报2021年11月3日星期三,Wind
2021-11-02,A股共发生220宗大宗交易成交35.45亿元（11月2日）,Wind
2021-11-02,韦尔股份今日大宗交易成交59.54万股，成交价242.91元折价14.09%,Wind
2021-11-02,"韦尔股份现1笔大宗交易 共成交14,462.86万元",新浪
2021-11-02,北向资金连续4日净买入累计扫货近150亿，新能源龙头股集体获抢筹,Wind
2021-11-02,飙涨30%临停！啥情况？新股蹦极跳，A股有“锂”就涨，多只千亿巨头暴拉…这家港股能源上市公司股价崩了，狂泻近50%,证券时报
2021-11-02,国海证券：维持韦尔股份(603501.SH)“买入”评级 合理区间190.01-345元,智通财经
2021-11-02,国海证券给予韦尔股份买入评级：2021Q3 业绩符合预期，看好公司非手机业务发展,每日经济新闻
2021-11-01,信达证券给维持韦尔股份买入评级：逆风显韧劲，开启平台型半导体龙头新征程,每日经济新闻
2021-11-01,信达证券：给予韦尔股份买入评级,证券之星
2021-11-01,韦尔股份(603501.SH)：授予187名激励对象359.7万股限制性股票,格隆汇
2021-11-01,国金证券：维持韦尔股份(603501.SH)“买入”评级 业绩符合预期 综合毛利率逐季提升,智通财经
2021-11-01,韦尔股份(603501)3季报点评：单季毛利率创历史新高 盈利能力大幅提升,新浪
2021-11-01,基石资本杨胜君： 看多中国的我们，是如何做科技投资的？,21世纪经济报道
2021-11-01,韦尔股份(603501)2021年三季报点评：利润环比增长 平台型FABLESS显优势,新浪
2021-10-31,国金证券维持韦尔股份买入评级：Q3业绩符合预期，汽车与TDDI续写新动力,每日经济新闻
2021-10-31,国金证券：给予韦尔股份买入评级，目标价位323.67元,证券之星
2021-10-31,盈亚证券咨询 大盘短期有回调需求，调整即是加仓好时机,搜狐
2021-10-30,巨头扩产缓解芯片荒，存储市场价格松动,Wind
2021-10-29,下周253亿市值限售股解禁，中金公司解禁101.19亿元居首 解禁,Wind
2021-10-29,韦尔股份第三季度净利润同比增长73.11%,上证报
2021-10-29,韦尔股份公布三季报 前三季净利增加103.78%,新浪
2021-10-29,中国电源管理芯片行业竞争格局及市场份额,Ofweek
2021-10-29,韦尔股份(603501.SH)前三季度归母净利润同比增长103.78%至35.18亿元,智通财经
2021-10-29,韦尔股份：第三季度净利同比增73.11% 北向资金增持,e公司
2021-10-29,韦尔股份：第三季度净利12.75亿元，同比增73.11%,格隆汇
2021-10-29,韦尔股份：第三季度净利润12.75亿元，同比增长73.11%,Wind
2021-10-29,韦尔股份：前三季度净利润同比增长103.78%,Wind
2021-10-29,A股新股破发成常态，中证协、沪深交易所联手整治网下报价异常,Wind
2021-10-29,定增频现“A投A”，产业巨头身影不断,Wind
2021-10-28,北向资金逆市加仓超71亿，贵州茅台获大幅净买入13亿元,Wind
2021-10-28,A股异动 | 韦尔股份(603501.SH)逆势涨4.47% 汽车芯片龙头英飞凌频创新高,格隆汇
2021-10-28,韦尔股份、兆易创新涨超5%，芯片ETF（512760）涨超1%,资本邦
2021-10-27,上海区域股市周报：晶丰明源跌19.60%跌幅第一 1亿融资买入上汽集团,每日经济新闻
2021-10-27,电子周报：中芯国际积极扶持战略供应商 继续看好设备材料、功率和模拟,新浪
2021-10-27,韦尔股份，半导体赌徒,前瞻研究院
2021-10-27,顶流来了！谢治宇、朱少醒、周蔚文、刘彦春等最新持股大曝光,Wind
2021-10-26,北京君正三季度盈利劲增产业链绑定深化 资本分歧显现,e公司
2021-10-26,韦尔股份：汽车安防CIS高速增长,半导体风向标
2021-10-26,消费电子概念发力上扬 信维通信、东山精密等大涨,证券时报网
2021-10-25,千亿传感器产业刚起航，这些上市公司已崭露头角,Wind
2021-10-25,共达电声：韦尔股份不是公司客户，目前与公司未有业务往来,Wind
2021-10-25,电子行业周报：景气度分化 重点看好半导体(设备/汽车/特种)+汽车电子+新硬件龙头,新浪
2021-10-25,电子行业周报：鸿蒙生态蓬勃发展 IOT产业加速,新浪
2021-10-23,银河龙头股票同类排名垫底，短期业绩遭质疑,Wind
2021-10-23,流入300亿+！外资大幅加仓宁德时代、五粮液、茅台等巨头,Wind
2021-10-23,360家上市公司前三季度净利润同比增长,Wind
2021-10-22,【晚间公告抢先看】贵州茅台第三季度净利126.12亿元 同比增长12%、三六零拟以10亿元-15亿元回购公司股份,金融界
2021-10-22,晚间公告｜10月22日这些公告有看头,第一财经
2021-10-22,寻找预期差！半导体持续高景气，35家公司净利增100%,Wind
2021-10-22,韦尔股份(603501.SH)：拟以5.5亿元参与认购北京君正定增股份,格隆汇
2021-10-22,韦尔股份(603501.SH)拟以5.5亿元认购北京君正向特定对象发行的股票,智通财经
2021-10-22,韦尔股份：拟5.5亿元参与认购北京君正向特定对象发行股票,财联社
2021-10-22,国科微前三季净利大增119倍，机构建议四主线关注半导体板块投资机会,第一财经
2021-10-21,"【公司点评】韦尔股份：2021Q3指引符合预期,车载CIS或开启成长第二极",吉森电子研究
2021-10-21,韦尔股份(603501.SH)：91.67万股限制性股票将于11月1日上市流通,格隆汇
2021-10-20,韦尔股份大宗交易成交3.00万股 成交额741.69万元,证券时报
2021-10-19,深度*行业*半导体行业周报：三季报业绩普遍高增长 台积电表示产能紧张延续至2022全年,新浪
2021-10-19,电子行业周报：台积电2021Q3业绩解读及2021Q4展望,国海证券
2021-10-19,韦尔股份现1笔大宗交易 共成交741.69万元,新浪
2021-10-19,北向资金今日净流入超39亿元，加仓宁德时代逾7亿元,第一财经
2021-10-19,北向资金今日净买入39.06亿元，继续大幅加仓宁德时代超7亿元,Wind
2021-10-19,人民币飙升引发资金回流？上一轮升值北上资金单周扫货逾400亿,Wind
2021-10-19,2022年中国电源管理芯片行业全景图谱,OFweek
2021-10-19,电子行业周报：关注3Q公司业绩预告,新浪
2021-10-19,深度*行业*电子行业周报：需求与产能共振 半导体产业持续增长可期,新浪
2021-10-18,【华西电子孙远峰团队】韦尔股份*系列一张图⑩-持续推荐,远峰电子
2021-10-18,2021年10月第2周策略周报：PPI和CPI剪刀差扩大反映经济传导机制不畅 货币政策延续边际收紧预期,新浪
2021-10-18,发生了什么？5万亿赛道突然大跌：茅台跌6%！,Wind
2021-10-18,芯片股整体疲软，北京君正、韦尔股份、兆易创新、晶方科技纷纷下滑,Wind
2021-10-18,半导体周跟踪：三季报陆续披露 高增长逻辑再次兑现,新浪
2021-10-18,科技硬件周报：半导体景气周期延续,新浪
2021-10-18,A股异动 | 半导体板块走低 韦尔股份(603501.SH)跌逾5%,格隆汇
2021-10-18,电子行业周报：关注折叠屏创新、荣耀崛起以及苹果MINILED新品发布,新浪
2021-10-18,陆家嘴财经早餐2021年10月18日星期一,Wind
2021-10-17,【中信建投电子|刘双锋&雷鸣团队】韦尔股份(603501)：21Q3业绩预告符合预期，车载CIS及显示IC驱动长期成长,中信建投电子研究
2021-10-17,茅台也不香了？全球持有最多的基金减持超10% 减持股份,Wind
2021-10-17,首批“茅”概念业绩出炉，“医药女神”大举加仓中药茅,Wind
2021-10-17,电子行业周报：景气度分化 重点看好半导体(设备/汽车/特种)+汽车电子+新硬件龙头,新浪
2021-10-15,电子行业2021年四季度投资策略：消费电子环比改善 布局低估值龙头半导体持续关注国产替代,新浪
2021-10-15,北向资金恢复交易后首日净买入近27亿，再度大手笔加仓新能源股,Wind
2021-10-15,国海证券：维持韦尔股份(603501.SH)“买入”评级 车载CIS或开启成长第二极,智通财经
2021-10-14,73股获买入评级 最新:和 而 泰,中财网
2021-10-14,晶方科技：公司积极布局第三代半导体领域,Wind
2021-10-14,"韦尔股份现1笔大宗交易 共成交2,488.80万元",新浪
2021-10-14,韦尔股份今日大宗交易成交10万股，成交价248.88元溢价0.0%,Wind
2021-10-14,韦尔股份：股东累计质押情况,每日经济新闻
2021-10-14,又见业绩大增股价大跌！富满电子第三季度净利增速放缓，缺芯潮负面影响显现 盈利能力下降,21世纪经济报道
2021-10-14,国海证券维持韦尔股份买入评级，业绩预告点评：2021Q3指引符合预期，车载CIS或开启成长第二极,每日经济新闻
2021-10-13,【兴证策略 | 陆股通】近期外资加仓哪些板块?,尧望后势
2021-10-13,韦尔股份(603501)首次覆盖报告：国内CIS设计龙头 手机、汽车和安防等市场正在多点突破,新浪
2021-10-13,基金经理组团下矿井、百亿量化私募突发大事,Wind
2021-10-13,半导体板块走势活跃 中颖电子、晶丰明源等大涨超10%,证券时报网
2021-10-13,千亿芯片龙头两天大跌17%，半导体景气度见顶了？,Wind
2021-10-13,北向资金动向盘点：袖手旁观,Wind
2021-10-13,北向资金大调仓！增持食品饮料、减持电子信息，这些行业龙头获净买入超亿元（名单） 减持股份,21世纪经济报道
2021-10-12,21硬核投研丨千亿芯片龙头卓胜微两天大跌17%，半导体景气度见顶了？,21世纪经济报道
2021-10-12,民生证券维持韦尔股份推荐评级：Q3逆势稳健增长，全年业绩高增可期,每日经济新闻
2021-10-12,韦尔股份前三季净利预计翻倍背后：大股东持续减持套现，股价逆势暴跌 拟减持股份,搜狐
2021-10-12,北向资金今日净卖出13.79亿元。东方财富、韦尔股份、万科A分别获净卖出6,新浪
2021-10-12,北向资金成交缩量全天净卖出近14亿元，东方财富遭大幅净卖出6亿元,Wind
2021-10-12,韦尔股份(603501)：非手机业务增长弥补手机疲软影响,新浪
2021-10-12,韦尔股份业绩增速回落，实控人频频减持，朱少醒、葛兰大佬也要折了腰？ 盈利能力下降,证券之星
2021-10-12,韦尔股份前三季度净利预计翻倍，股价却顶不住了？CIS芯片龙头下半年股价回撤逾30%,21世纪经济报道
2021-10-12,电子行业周报：对当前半导体板块投资机会的深度思考,国海证券
2021-10-12,华泰证券：维持韦尔股份(603501.SH)“买入”评级 目标价下调29%至266.7元 机构下调估值,智通财经
2021-10-12,【中证盘前】净利增近6倍，两市首份三季报出炉；市值2000亿元芯片龙头前三季净利预增逾88%；兴业投资拟减持长沙银行,中证报
2021-10-12,韦尔股份(603501)点评：Q3逆势稳健增长 全年业绩高增可期,新浪
2021-10-12,上市公司正负面新闻2021年10月12日星期二,Wind
2021-10-11,CIS芯片龙头前三季度业绩最高翻倍 或创最高纪录,e公司
2021-10-11,华西证券维持韦尔股份买入评级：Q3环比继续增长，车载CIS+驱动IC接棒催化剂,每日经济新闻
2021-10-11,华西证券：给予韦尔股份买入评级,证券之星
2021-10-11,韦尔股份前三季净利预增88%-111%,上证报
2021-10-11,北向资金今日小幅净买入1.87亿元，药明康德、招商银行净买入超3亿元,Wind
2021-10-11,汽车电子行业月报：新势力9月销量破万 智能化升级加速,新浪
2021-10-11,三季报揭幕，预增股狂拉20CM涨停，一批学霸正提前交卷,Wind
2021-10-11,韦尔股份：虞仁荣解除质押600万股,每日经济新闻
2021-10-11,韦尔股份：前三季度预计净利润同比增长88.32%~111.49%,Wind
2021-10-11,韦尔股份(603501.SH):前三季度预计盈利32.52亿-36.52亿元，同比增加88.32%-111.49%,格隆汇
2021-10-11,韦尔股份：前三季度净利同比预增88.32%至111.49%,财联社
2021-10-11,韦尔股份：预计前三季度实现净利润32.5亿元-36.5亿元，同比增长88.,新浪
2021-10-11,韦尔股份：预计前三季度净利润同比增长88.32%-111.49%,Wind
2021-10-11,电子行业周报：台股营收透露曙光、先蹲后跳静待佳音,新浪
2021-10-09,北向资金重点买入食品饮料，龙头股获25亿增持，同时加仓这些个股（名单）,21世纪经济报道
2021-10-09,北向资金动向盘点：调仓换股，大买大卖,Wind
2021-10-08,深度*行业*电子行业周报：三季报拉开序幕 晶圆厂格芯赴美上市,新浪
2021-10-08,北向资金今日净流出超25亿元，抛售贵州茅台逾11亿元,第一财经
2021-10-08,北向资金今日净卖出25.72亿元，贵州茅台遭大幅净卖出超11亿元,Wind
2021-10-08,韦尔股份：虞仁荣及其一致行动人累计质押公司股份约1.8亿股,每日经济新闻
2021-10-07,电子行业：终端新品频出 MINILED商用加速,新浪
2021-09-30,科技硬件行业动态：物联网新基建三年行动计划出台 产业链迎来发展加速期,新浪
2021-09-30,上海韦尔半导体股份有限公司 2021年第三季度报告,证券日报
2021-09-29,韦尔股份最新公告：控股股东质押59万股,证券之星
2021-09-29,韦尔股份(603501.SH)控股股东虞仁荣质押59万股,智通财经
2021-09-29,韦尔股份：虞仁荣及其一致行动人累计质押公司股份约1.7亿股,每日经济新闻
2021-09-29,A股早报2021年9月29日星期三,Wind
2021-09-28,A股共发生180宗大宗交易成交37.67亿元（9月28日）,Wind
2021-09-28,透视大宗交易：9月28日共成交180笔，韦尔股份成交3.86亿元,每日经济新闻
2021-09-28,"韦尔股份现2笔大宗交易 共成交38,567.25万元",新浪
2021-09-28,韦尔股份：控股股东质押800万股,财联社
2021-09-28,韦尔股份(603501.SH)：控股股东质押800万股,格隆汇
2021-09-28,电子行业周报：关注双控限电负面影响,新浪
2021-09-28,A股早报2021年9月28日星期二,Wind
2021-09-28,韦尔股份9月27日现4笔大宗交易,证券时报网
2021-09-27,电子行业每周市场动态追踪：半导体产业自立是长期必然趋势,新浪
2021-09-27,【华西电子孙远峰团队】韦尔股份*系列一张图⑨-持续推荐,远峰电子
2021-09-27,晚间重要公告2021年9月27日星期一,Wind
2021-09-27,透视大宗交易：9月27日共成交163笔，韦尔股份成交5.54亿元,每日经济新闻
2021-09-27,2021年中国集成电路设计行业市场规模及竞争格局分析 上半年市场销售额将近1800亿,前瞻研究院
2021-09-27,韦尔股份(603501.SH)2020年股票期权与限制性股票激励计划股票期权第一个行权期条件成就,智通财经
2021-09-27,韦尔股份(603501.SH)控股股东虞仁荣减持528.59万股 减持数量过半 减持股份,智通财经
2021-09-27,"韦尔股份现4笔大宗交易 共成交55,424.73万元",新浪
2021-09-27,韦尔股份：控股股东通过大宗交易减持0.61%股份 减持股份,Wind
2021-09-27,韦尔股份今日大宗交易成交256.81万股，成交价215.82元折价13.67%,Wind
2021-09-27,电子周观点：创维发布Q72电视 MINILED商用进一步加速,新浪
2021-09-27,茅指数一度涨超3%，金龙鱼、中免、爱尔眼科、韦尔、亿纬锂能均涨6%左右,Wind
2021-09-27,A股早报2021年9月27日星期一,Wind
2021-09-26,电子行业周报：杂音频传、信心受挫；先蹲后跳、静待佳音,新浪
2021-09-24,光学行业深度追踪系列第33期(2021年8月)：苹果端拉货持续 安卓端需求仍待观察,新浪
2021-09-24,韦尔股份：公司目前与供应链关系稳定,每日经济新闻
2021-09-24,"韦尔股份现4笔大宗交易 共成交43,283.60万元",新浪
2021-09-24,透视大宗交易：9月24日共成交157笔，韦尔股份成交4.33亿元,每日经济新闻
2021-09-24,韦尔股份今日大宗交易成交196.69万股，成交价220.06元折价8.23%,Wind
2021-09-24,韦尔股份：公司目前经营情况正常，近期高层人事调动为正常的人事调整,每日经济新闻
2021-09-24,韦尔股份：芯片设计龙头，国产逆袭提速,搜狐
2021-09-23,韦尔股份现2笔大宗交易 合计成交75.09万股,证券时报网
2021-09-23,深度*行业*半导体行业周报：全球晶圆厂设备支出预期持续增长 国产先进封装光刻机迎来新进展,新浪
2021-09-23,"韦尔股份现2笔大宗交易 共成交16,199.17万元",新浪
2021-09-23,东方证券维持韦尔股份买入评级：多应用全面发展，投资布局广泛,每日经济新闻
2021-09-23,韦尔股份(603501)：多应用全面发展 投资布局广泛,新浪
2021-09-22,韦尔股份等17股获机构买入型评级,证券时报网
2021-09-22,电力股大涨，最新超低优质股名单来了（附股）,证券之星
2021-09-22,A股主力净流入逾100亿、超跌高景气股票名单出炉,Wind
2021-09-22,汽车电子行业：智能座舱加速渗透 汽车电子供应链迎来爆发,新浪
2021-09-22,22股获券商买入评级，紫光股份目标涨幅达75.47%,Wind
2021-09-20,"消费股要""王者归来""？三大信号乍现",Wind
2021-09-18,科技硬件行业周报：继续看好通信板块,新浪
2021-09-17,民生证券：维持韦尔股份(603501.SH)“推荐”评级 股权激励授予落地 CIS 龙头成长性高筑,智通财经
2021-09-17,国金证券首予韦尔股份买入评级，四大核心驱动力，CIS龙头再起飞，目标价323.67元,每日经济新闻
2021-09-17,民生证券维持韦尔股份推荐评级：股权激励授予落地，CIS龙头成长性高筑,每日经济新闻
2021-09-17,韦尔股份(603501)：四大核心驱动力 CIS龙头再起飞,国金证券股份有限公司
2021-09-17,科技-ARVR系列#2：展望虚实交互时代硬件形态,新浪
2021-09-17,【国金晨讯】两高行业管控：关注煤化工及延伸工业硅、黄磷等；韦尔股份深度：四大核心驱动力，CIS龙头再起飞,国金证券研究所
2021-09-17,芯片助推业绩伴随股东减持 韦尔股份股价步入调整期前景如何？ 减持股份,投资者网
2021-09-16,韦尔股份(603501.SH)向激励对象授予795万份股票期权,智通财经
2021-09-16,注意！今天又有一批股票尾盘可能异动，重点关注4只,Wind
2021-09-15,电子：半导体大厂安森美再次涨价 印证行业高景气,新浪
2021-09-14,控股股东拟变更为韦尔股份参股公司 共达电声涨声响起 控制人变化,21世纪经济报道
2021-09-13,韦尔股份9月13日大宗交易成交996.87万元,证券时报网
2021-09-13,上海证券电子行业周报：功率半导体产业半年报梳理,新浪
2021-09-13,韦尔股份今日大宗交易成交4.20万股，成交价237.35元溢价0.0%,Wind
2021-09-13,共达电声谋“易主”，韦尔股份“接盘”？ 控制人变化,国际金融报
2021-09-12,【华西电子孙远峰团队】韦尔股份*系列一张图⑧-持续推荐,远峰电子
2021-09-12,下周操盘攻略：市场从独乐乐走向众乐乐,Wind
2021-09-12,豪威大砍明年晶圆代工投片量？韦尔股份回应：不实传闻,快科技
2021-09-12,陆家嘴财经早餐2021年9月12日星期日,Wind
2021-09-11,芯片股大反弹，谢治宇、章晖等顶流基金经理出手！,Wind
2021-09-11,韦尔股份：公司产品有应用在AR/VR领域，元宇宙更多是概念,Wind
2021-09-11,韦尔股份：公司产品有应用在AR/VR领域 元宇宙更多是概念,新京报
2021-09-11,每经15点｜智能手机供应商大幅缩减明年代工晶圆订单？韦尔股份回应；美国规模最大的标普500ETF规模突破4000亿美元大关,每日经济新闻
2021-09-11,韦尔股份回应“明年代工晶圆订单大幅缩减”：不实传闻,36氪
2021-09-11,智能手机供应商大幅缩减明年代工晶圆订单？韦尔股份回应：不实传闻,Wind
2021-09-11,智能手机供应商大幅缩减明年代工晶圆订单？韦尔股份回应：不实传闻,中证网
2021-09-11,电子行业：消费电子景气度持续上行 关注三大主线,新浪
2021-09-10,韦尔股份今日大宗交易成交4万股，成交价243.13元溢价0.0%,Wind
2021-09-10,韦尔股份：公司旗下子公司有参与投资类企业,Wind
2021-09-10,韦尔股份：2021年上半年度，公司半导体设计业务研发投入金额达 12.10 亿元，较上年同期增加22.50%,每日经济新闻
2021-09-10,韦尔股份：公司专注于电子半导体的设计研发及分销业务,每日经济新闻
2021-09-10,韦尔股份回应“股价下跌”,每日经济新闻
2021-09-10,韦尔股份：公司属于上海市“专精特新”企业,每日经济新闻
2021-09-10,电子行业2021年中报总结：板块增速分化 自下而上关注细分龙头,新浪
2021-09-10,韦尔股份：公司目前不从事VR/AR业务,Wind
2021-09-10,19股获机构抱团推荐，14股机构看涨空间逾20%（名单）,Wind
2021-09-10,韦尔股份聘任任冰为董秘 今年刚好30岁,奥一网
2021-09-09,北向资金今日净买入超26亿元，连续11日扫货宁德时代累计加仓超70亿,Wind
2021-09-09,韦尔股份(603501.SH)聘任任冰为董秘 聘任周舒扬为证券事务代表,智通财经
2021-09-09,韦尔股份子公司接盘共达电声 背后有何布局,中国经济网
2021-09-09,北向资金动向盘点：不care元宇宙，涨停甩卖歌尔股份,Wind
2021-09-09,韦尔股份拟接盘，共达电声欲弃“米”向“芯”,Wind
2021-09-08,共达电声或易主 新实控人曾是韦尔股份子公司 控制人变化,财联社
2021-09-08,北向资金结束连续12日净买入，中国平安、歌尔股份净卖出均超6亿元,Wind
2021-09-08,共达电声停牌披露控制权变更事项 韦尔股份控股子公司“入主”有故事 控制人变化,产业经济新闻网
2021-09-08,深度*公司*韦尔股份(603501)：H1业绩符合预期 多业务驱动成长,新浪
2021-09-08,消费赛道“又香了”，顶流基金经理扎堆调研这家公司,Wind
2021-09-07,苹果VR头显袭来，如何把握下一个10年大趋势？,Wind
2021-09-07,券商首次关注3股并给予买入评级（9月7日）,Wind
2021-09-07,【电子】韦尔股份（603501）首次覆盖：CIS龙头彰显IC设计优势，平台化布局加速发展,天风研究
2021-09-07,易会满重磅发声！北上资金连续11天买买买，释放强烈信号,Wind
2021-09-06,天风证券首予韦尔股份买入评级：CIS龙头彰显IC设计优势，平台化布局加速发展,每日经济新闻
2021-09-06,韦尔股份今日大宗交易成交5.89万股，成交价240.84元溢价0.0%,Wind
2021-09-06,北向资金连续11日净买入累计扫货近500亿，宁德时代大幅净买入超15亿元,Wind
2021-09-06,“喝酒吃药”行情再起，主力资金开始切换赛道？,Wind
2021-09-06,半导体周跟踪：产业趋势向上明确 短期波动不改高景气,新浪
2021-09-06,半导体行业上演减持潮，逾380家机构调研兆易创新,Wind
2021-09-05,半导体行业上演减持潮，机构紧急调研这些公司,Wind
2021-09-05,国盛证券维持韦尔股份买入评级：理解韦尔股份的三个层次,每日经济新闻
2021-09-04,一周北上资金继续大满贯！净买入279亿元,Wind
2021-09-03,资讯：韦尔股份中报：三大业务多点开花 营收净利涨幅双双翻倍,财联社
2021-09-03,中银证券：维持韦尔股份(603501.SH)“增持”评级 H1业绩符合预期 多业务驱动成长,智通财经
2021-09-03,中银证券维持韦尔股份增持评级：H1业绩符合预期，多业务驱动成长,每日经济新闻
2021-09-03,传旗下豪威科技代工晶圆订单大幅缩减，韦尔股份回应：不实传闻,亿欧网
2021-09-02,韦尔股份今日大宗交易成交2.90万股，成交价241.5元溢价0.0%,Wind
2021-09-02,医药、半导体重挫，东北药茅遭腰斩，顶流基金社保踩雷,Wind
2021-09-02,新能源仍是最靓的仔，32股10CM+强势反包,Wind
2021-09-02,A股收盘综述：沪指5连涨、创业板指6连阴，风电、煤炭、光伏、大基建央企飙升,Wind
2021-09-02,【行情】半导体芯片股午后持续走低，北方华创逼近跌停，乐鑫科技、芯源微、韦尔股份、赛微电子、全志科技、立昂微、兆易创新等个股继续走低,金十数据
2021-09-02,2000亿牛股崩了，芯片疫苗股重挫，更有4天跌40%,Wind
2021-09-02,A股午盘综述：沪强深弱格局再现，风电、煤炭、光伏、纯碱、磷化工板块飙升,Wind
2021-09-02,半导体板块午前跌幅扩大，北方华创逼近跌停,Wind
2021-09-02,港股盘前必读：小米汽车有限公司在北京完成工商注册已组成300人团队,Wind
2021-09-02,大跌之后，大基金又要减持两大牛股！半导体行情到头？,Wind
2021-09-02,科创板首例，实控人100%控股的芯导科技过会,Wind
2021-09-01,业绩挺好，股价却连番带崩？多只千亿市值芯片股遭重要股东减持,Wind
2021-09-01,晚间要闻2021年9月1日星期三,Wind
2021-09-01,韦尔股份9月1日大宗交易成交254.52万元,证券时报网
2021-09-01,富时罗素季度调整结果出炉，长城汽车、中远海控纳入富时中国A50指数,Wind
2021-09-01,科创板首例！实控人100%控股的芯导科技过会,Wind
2021-09-01,韦尔股份今日大宗交易成交1.01万股，成交价252.0元折价1.75%,Wind
2021-09-01,极度分裂！多只千亿巨头罕见跌停，保险券商白酒狂飙,Wind
2021-09-01,韦尔股份：上半年营收124.48亿元，归母净利润同比增长126.60%,21世纪经济报道
2021-09-01,韦尔股份：公司日常生产过程中有使用自动化设备,Wind
2021-09-01,热门赛道熄火，“中字头”扛起护盘大旗！A股不到两小时成交破万亿,Wind
2021-09-01,3000亿大白马被砸跌停，锂电光伏军工大跳水！外资加仓超60亿,Wind
2021-09-01,半导体行业频遭减持，概念股走低，后市如何走？ 减持股份,第一财经
2021-09-01,每日理财观察：8月制造业PMI保持扩张，稳增长力度将加大,Wind
2021-09-01,4连板工业母机概念股提示风险；亿纬锂能称未与特斯拉合作洽谈,中证报
2021-09-01,顶流基金经理布局新赛道，看好消费、创新医药,Wind
2021-09-01,A股头条：中国有色金属工业协会喊话铝价投机者,金融界
2021-08-31,北向资金连续七天“买买买”，今日抛售中国平安逾20亿,第一财经
2021-08-31,韦尔股份跌9.39% 中泰证券昨日刚喊买入,中国经济网
2021-08-31,芯片巨头集体大跌，两则消息招来空袭？,Wind
2021-08-31,美团共同富裕表态火了！住建部：青年买不起租不好房，下决心下力气解决,Wind
2021-08-31,新基建加码，重磅大会开幕，5G厂商业绩迎爆发,Wind
2021-08-31,A股收盘综述：物以稀为贵，Wind稀土指数8月再涨超两成、锂矿指数涨58%,Wind
2021-08-31,热门赛道大地震！业绩狂奔股东却要减持！这一板块怎么了？,Wind
2021-08-31,4000亿酱油茅被砸跌停，各种茅大跌！半导体大跳水,Wind
2021-08-31,解盘：白马股低迷，水泥、环保、锂矿、磷化工略涨,Wind
2021-08-31,A股午盘综述：创业板指跌2.51%，稀土、锂、钢、水泥走强不敌大盘股抛压,Wind
2021-08-31,茅指数一度跌超2%，科沃斯、爱尔眼科、韦尔股份均下挫逾6%,Wind
2021-08-31,【异动股】3D摄像头板块下挫，韦尔股份(603501.CN)跌4.37%,财华社
2021-08-31,韦尔股份(603501)：以先进CIS为基石 构建全球领先平台型芯片设计公司,新浪
2021-08-30,晚间重要公告2021年8月30日星期一,Wind
2021-08-30,韦尔股份：实控人拟减持不超0.91%股份 拟减持股份,财联社
2021-08-30,一周策略回顾与展望,新浪
2021-08-30,韦尔股份(603501.SH)：控股股东虞仁荣拟减持不超790万股 拟减持股份,格隆汇
2021-08-30,韦尔股份：控股股东拟减持不超过总股本0.91%,Wind
2021-08-30,半导体周跟踪：中报亮眼反映行业高景气 全年高增确定性强,新浪
2021-08-30,韦尔股份(603501)：业绩符合预期 多元布局带来持续动能,新浪
2021-08-30,"JLSemi 景略半导体与韦尔股份强强联合,进军车载视频传输芯片领域",北国网
2021-08-30,电子行业行业周报：闻泰科技趋势渐起 澜起科技引领DDR5代际替换,光大证券
2021-08-30,景略半导体与韦尔股份成立半导体合资公司,财联社
2021-08-30,过半业绩翻倍+研发突破喜人，A股半导体板块“成长价值”显现,Wind
2021-08-29,最高同比增长近35倍！这个板块“成长价值”已现,Wind
2021-08-29,东方证券维持韦尔股份买入评级：业绩持续高增长，激励条件显增长信心,每日经济新闻
2021-08-29,德邦证券维持韦尔股份买入评级，2021年半年度报告点评：CIS优势明显，多元布局驱动公司成长,每日经济新闻
2021-08-29,韦尔股份(603501)：CIS优势明显 多元布局驱动公司成长,新浪
2021-08-29,国海证券维持韦尔股份买入评级，半年报点评：2021H1业绩符合预期，股权激励彰显信心,每日经济新闻
2021-08-28,韦尔股份电话会议,半导体风向标
2021-08-28,韦尔股份(603501)：1H21业绩符合预期 CIS龙头的平台化布局,新浪
2021-08-27,韦尔股份发半年报股价涨3% 净利增速远超营收增速,中国经济网
2021-08-27,北向资金本周稳步进场加仓A股近180亿，隆基股份大幅净买入超11亿元,Wind
2021-08-27,国联证券：维持韦尔股份(603501.SH)“增持”评级 上半年各项业务均实现大幅增长,智通财经
2021-08-27,库克掌舵苹果10年：三款新产品，股价涨了14倍,Wind
2021-08-27,韦尔股份(603501)2021年中报点评：21H1业绩符合预期 多条产品线齐发力打造半导体平台型公司,光大证券
2021-08-27,华西证券：维持韦尔股份(603501.SH)“买入”评级 高像素优势凸显 驱动IC重点布局,智通财经
2021-08-27,上证50涨幅扩大至1%，权重股集体上扬,Wind
2021-08-27,A股三大指数集体翻红，宁组合表现抢眼,Wind
2021-08-27,华西证券维持韦尔股份买入评级：高像素优势凸显，驱动IC重点布局,每日经济新闻
2021-08-26,【华西电子孙远峰团队—持续坚定推荐韦尔股份】高像素优势凸显，驱动IC重点布局,远峰电子
2021-08-26,晚间重要公告2021年8月26日星期四,Wind
2021-08-26,韦尔股份公布半年报 上半年净利增加126.6%,新浪
2021-08-26,韦尔股份2021年上半年实现净利润23.16亿元，同比大幅增长137.23%,经济观察网
2021-08-26,韦尔股份：拟向2162人授予权益总计1160万份,每日经济新闻
2021-08-26,韦尔股份(603501.SH)半年度净利润22.44亿元 同比增长126.60%,格隆汇
2021-08-26,韦尔股份：上半年净利润同比增长126.6%,Wind
2021-08-26,电子行业周报：半导体景气度超预期 MOSFET、MCU缺货加剧,新浪
2021-08-26,重磅信号！万亿巨头突然全面涨价，4万亿赛道又要飞？,Wind
2021-08-25,通信电子行业景气数据跟踪报告之七(2021年8月)：半导体景气高企,光大证券
2021-08-24,光学行业深度追踪系列第32期(2021年7月)-Q3苹果端光学拉货持续 安卓端需求尚待观察,新浪
2021-08-24,唯捷创芯答科创板首轮20问，核心技术与知识产权等被关注,资本邦
2021-08-23,A股大幅反弹北向资金加仓超18亿，持续加码高景气板块,Wind
2021-08-23,2021Q2海外半导体核心企业业绩解读,吉森电子研究
2021-08-23,电子周报：海外疫情影响半导体供应链安全性 国产替代迎来机遇,新浪
2021-08-23,韦尔股份入选《2021胡润世界500强》，乘风破浪顺势而行,中电网
2021-08-23,电子周报：硬科技龙头未来3年国产化机会确定性强 汽车和物联网需求将持续强劲,新浪
2021-08-20,2021胡润世界500强发布，腾讯阿里进入前十,Wind
2021-08-19,北向资金年内第三次单日净卖出超百亿，中国平安遭大幅抛售超18亿,Wind
2021-08-19,北向资金动向盘点：连续三日净买入，重手买入金融股,Wind
2021-08-18,韦尔股份将设临港基地：偏重半导体设计与自研产品销售,21世纪经济报道
2021-08-18,格科微今日登陆科创板 与韦尔股份并肩成A股“唯二”CIS标的,财联社
2021-08-18,韦尔股份拟对子公司增资近20亿元，以助力技术研发,Ofweek
2021-08-18,韦尔股份：“韦尔转债”回售金额为4004.8元,Wind
2021-08-18,韦尔股份发布公告 拟对全资子公司增资设立临港基地,资本邦
2021-08-18,格科微(688728.SH)：高成长CIS龙头，步入增长新阶段,格隆汇
2021-08-18,电子行业：坚定看好半导体国产替代 关注消费电子结构性机会,新浪
2021-08-17,韦尔股份(603501.SH)拟向豪威传感器增资不超20亿元 用于购置土地设立临港基地,智通财经
2021-08-17,韦尔股份：拟对子公司增资不超20亿元 拟购置土地设立临港基地,财联社
2021-08-17,韦尔股份：拟对子公司豪威传感器增资不超过20亿元,Wind
2021-08-17,北向资金逆市抄底加仓A股近15亿，通威股份、北方稀土净买入额均创历史新高,Wind
2021-08-17,格科微登陆科创板 国产图像传感器厂商踏上“快车道”?,中国经营网
2021-08-17,深度*行业*半导体行业周报：全球半导体设备交付期延长至14个月,新浪
2021-08-16,电子元件：国产替代：半导体行业发展不变的主旋律,新浪
2021-08-16,减持公告砸盘，9股出逃超10亿，42家大额解禁即将来袭,Wind
2021-08-16,通信电子行业周报：高精度位导龙头华测导航迈入自动驾驶时代,光大证券
2021-08-16,电子通信回调，立讯精密、韦尔股份下跌，5G50ETF（159811）小幅下挫0.43%,资本邦
2021-08-16,为什么说自动驾驶的曙光还没有来临？,新浪
2021-08-16,财信证券2021年8月半导体行业月度报告：中报陆续披露，扩产打开设备成长空间,财信证券研究
2021-08-15,【兴证电子】周报：国产化是半导体3年主线，汽车和物联网需求将长期强劲,兴证电子谢恒团队
2021-08-15,14股获超百次心动“投票”！4大板块盛产绩优股,Wind
2021-08-14,芯导科技再答科创板问询：在手订单1.52亿 2014年开始与小米合作,财联社
2021-08-13,未来的业绩增长空间及市场前景如何？芯导科技冲刺科创板IPO这样说,资本邦
2021-08-13,中信证券：维持韦尔股份(603501.SH)“买入”评级 目标价388元,智通财经
2021-08-13,韦尔股份（603501）：深度受益摄像头高像素化趋势，小像素尺寸产品保持领先,中信证券研究
2021-08-13,硬科技板块获大资金青睐，北上资金重点加仓，仅9只,Wind
2021-08-13,硬科技板块获大资金青睐，北上资金重点加仓9只概念股,证券时报网
2021-08-12,北向资金交投趋谨慎全天净卖出不足2亿，贵州茅台连续11日遭抛售,Wind
2021-08-12,韦尔股份：控股股东部分股权解除质押,每日经济新闻
2021-08-12,韦尔股份(603501.SH)控股股东虞仁荣解质1770万股,智通财经
2021-08-12,刚刚，MSCI公布最新调整！11只A股进入旗舰指数系列,Wind
2021-08-12,北向资金动向盘点：白酒诱多？重手净卖之,Wind
2021-08-12,北向资金抛售白酒股，“茅五泸”成净卖出前三名，却连续扫货这只股（名单）,21世纪经济报道
2021-08-11,电子元器件行业：VRAR系列报告(一)XR：开启METAVERSE新纪元,新浪
2021-08-11,韦尔股份今日大宗交易成交20万股，成交价277.59元溢价0.0%,Wind
2021-08-11,"韦尔股份现4笔大宗交易 共成交11,529.37万元",新浪
2021-08-11,北向资金今日净卖出超28亿元，白酒股持续惨遭抛售,Wind
2021-08-11,北上资金全透视月报(21年7月)：上月外资继续流入 增持电子与消费,广发证券
2021-08-11,北向资金动向盘点：白酒反弹时净卖茅台、老窖,Wind
2021-08-11,北向资金净买入机械行业逾12亿元，继续增持三一重工（附股）,21世纪经济报道
2021-08-11,盐湖2000亿首秀浇灭锂电，茅台带白酒反攻，北上资金却高抛低吸,Wind
2021-08-10,【华西电子孙远峰团队-显示驱动芯片深度PPT】显示驱动芯—面板国产化最后1公里,远峰电子
2021-08-10,顶流张坤又“封神”，另一边新能源基金跌惨了,Wind
2021-08-10,走进“芯”时代系列深度之四十三“显示驱动”：面板国产化最后1公里,新浪
2021-08-10,上海区域股市周报：新增1家上市公司 复旦微电跌出板块市值10强,每日经济新闻
2021-08-10,北向资金尾盘加速进场连续2日净买入，白酒股强势反弹但仍遭外资抛售,Wind
2021-08-10,韦尔股份跌4.55% 中信证券上月研报上调目标价至388元,中国经济网
2021-08-10,上海证券电子行业日报：进出口数据提振国产品牌出海预期,新浪
2021-08-10,荣芯收购德淮：民营资本涌入，晶圆制造业“变天”,C114通信网
2021-08-10,“盐湖提锂”火了：最高涨396%，重仓基金疯涨,Wind
2021-08-10,科创50涨幅扩大至1%，上证50跌近1%,Wind
2021-08-10,北向资金动向盘点：重手净卖“电力设备新能源”,Wind
2021-08-10,北向资金增持食品饮料、医药、券商板块，买入酱茅，大幅出逃这些股（名单）,21世纪经济报道
2021-08-09,通信电子行业周报：看好通信板块中期行情 半导体波动中掘金,光大证券
2021-08-09,北向资金今日净买入44.66亿元，抛售隆基股份逾7亿元 资产异常,第一财经
2021-08-09,北向资金今日净买入44.66亿元，光伏股逆势遭大幅抛售,Wind
2021-08-09,韦尔股份：虞小荣、纪刚、贾渊减持计划时间过半 拟减持股份,每日经济新闻
2021-08-09,韦尔股份：控股股东虞仁荣一致行动人虞小荣等累计减持0.07%股份,Wind
2021-08-09,韦尔股份(603501.SH)股东虞小荣等人减持时间过半 减持股份,智通财经
2021-08-09,电子行业周报：产业趋势向上明确 短期波动不改高景气,新浪
2021-08-09,狂追热门股，行业主题基金“挂羊头卖狗肉”！不顾契约精神？,Wind
2021-08-09,风格大漂移，近一成主题基金“跑题”追热点,Wind
2021-08-08,电子行业每周市场动态追踪(2021年8月2日-2021年8月6日)：晶圆代工持续景气 坚定看好中芯国际和华虹半导体,新浪
2021-08-06,韦尔股份现1笔大宗交易 共成交304.57万元,新浪
2021-08-06,韦尔股份今日大宗交易成交1.01万股，成交价301.55元折价2.4%,Wind
2021-08-05,"韦尔股份现1笔大宗交易 共成交1,078.84万元",新浪
2021-08-05,A股早报2021年8月5日星期四,Wind
2021-08-05,韦尔股份8月4日现8笔大宗交易,证券时报网
2021-08-05,2000亿锂电大白马放大招！网友：下一个宁德时代！,Wind
2021-08-04,A股共发生141宗大宗交易成交38.09亿元（8月4日）,Wind
2021-08-04,"韦尔股份现8笔大宗交易 共成交72,433.60万元",新浪
2021-08-04,透视大宗交易：8月4日共成交141笔，韦尔股份成交7.24亿元,每日经济新闻
2021-08-04,韦尔股份：芯片领域的实力龙头，就等待一个好的买点,YY港股圈
2021-08-04,游戏产业将变天？北上积极调仓聚焦两大板块,Wind
2021-08-03,北上资金不惧调整逆势增仓，三季度重拾传统“大白马”,Wind
2021-08-03,新能源车产业链大爆发：宁德时代市值超万亿后 谁将成为下一个风口,财联社
2021-08-02,鄂股中报｜力源信息上半年净利同比增长69.04% 四季度自研MCU将推向市场,21世纪经济报道
2021-08-02,韦尔股份(603501.SH)将于8月10日至16日回售“韦尔转债” 回售价为100.12元/张,智通财经
2021-08-02,北向资金7月动向：重点进攻高景气成长制造主线，周期性行业遭抛售,Wind
2021-08-02,电子行业北上资金月报,新浪
2021-08-02,银河电子周观点：晶圆代工拟继续涨价 关注板块估值修复机会,新浪
2021-08-02,韦尔股份：华为P50核心供应商，产业有望迎来快速发展,中金在线
2021-08-01,【华西电子孙远峰团队-21Q2持仓分析】集成电路持仓占比第一，环比出现高增长,远峰电子
2021-07-31,电子板块基金持仓分析：市值占比持续攀升，龙头格局稳固,Wind
2021-07-30,韦尔股份今日大宗交易成交10万股，成交价296.05元折价2.0%,Wind
2021-07-30,"韦尔股份现3笔大宗交易 共成交9,444.12万元",新浪
2021-07-30,北向资金今日净买入22.47亿元，对白酒股态度分化,Wind
2021-07-30,制造业王者归来？基金加大配置！4大维度揭秘,Wind
2021-07-30,A股全线反弹，创指大涨逾5%，热门赛道资金现分歧,Wind
2021-07-29,市场思考随笔之六十五：“宁”与“茅”分化的背后,新浪
2021-07-29,"韦尔股份现3笔大宗交易 共成交8,595.89万元",新浪
2021-07-29,A股全线反弹创指大涨逾5%，半导体、新能源继续冲锋,Wind
2021-07-28,国家队出手，盯上200亿芯片牛股，开始扫货A股？,Wind
2021-07-28,电子行业点评：半导体引领硬科技 2Q21机构持仓分析,新浪
2021-07-28,二季度机构大幅增持半导体板块,方正证券
2021-07-27,大国重器半导体│韦尔股份如何诞生“中国芯片首富”？,财华社
2021-07-27,全仓半导体的诺安涨上热搜！这些标的也被青睐,红周刊
2021-07-27,北向资金净卖出贵州茅台逾10亿元，这些股获加仓,第一财经
2021-07-27,北向资金今日净卖出41.72亿元，贵州茅台遭净卖出逾10亿元,Wind
2021-07-27,上海证券电子行业日报：OPPO即将发布新品,新浪
2021-07-27,电子行业周报：车规MCU大赛道 国产厂商谁有望突围,国海证券
2021-07-27,电子行业周报：品牌拉动MINI-LED出货 LED产业链价值量提升,新浪
2021-07-27,中金：二季度科技硬件行业基金/沪港通持仓分析,中金点睛
2021-07-26,【华西电子孙远峰团队—持续坚定推荐韦尔股份】P50或催化后置双主摄渗透，CIS龙头或将充分受益,远峰电子
2021-07-26,华西证券维持韦尔股份买入评级：P50或催化后置双主摄渗透，CIS龙头或将充分受益,每日经济新闻
2021-07-26,电子行业周报：二季度电子行业持仓比例快速上升 大幅转向半导体板块,新浪
2021-07-26,权重砸盘，漂亮50创新低，发生了什么？,Wind
2021-07-26,韦尔股份：控股股东虞仁荣及其一致行动人累计质押约1.79亿股,每日经济新闻
2021-07-26,韦尔股份(603501.SH)控股股东虞仁荣质押1100万股,智通财经
2021-07-26,全球新能源及无人驾驶行业跟踪周报：奔驰加速迈向全面电动化 麦格纳计划收购维宁尔,新浪
2021-07-26,韦尔股份等36股获北向资金增持额超亿元,证券时报网
2021-07-26,北上资金重点加仓名单来了！22股连续七周加仓,Wind
2021-07-26,“公募一姐”葛兰，3个月赚了171亿,36氪
2021-07-24,面板头龙上半年业绩大涨10倍，这周却被北向资金抛售26亿元！,ZAKER
2021-07-24,电子行业：2Q21电子持仓大幅向半导体倾斜,新浪
2021-07-24,新能源对半导体的拉动分为两个层次，关注12条主线,方正证券
2021-07-23,可转债日报：两市近六成转债下跌，北港转债上市首日涨近14%,Wind
2021-07-23,韦尔转债：不提前赎回“韦尔转债”,Wind
2021-07-23,北向资金净买入韦尔股份6.59亿元,证券时报
2021-07-23,北向资金净流出超46亿，韦尔股份逆势获净买入6.59亿,第一财经
2021-07-23,最新出炉！7月23日沪深股通净流出46.59亿，韦尔股份被逆势买入6.59亿！,每日经济新闻
2021-07-23,A股震荡下行超46亿外资暂时撤离，新能源产业链股遭大幅抛售,Wind
2021-07-23,可转债|韦尔股份：不提前赎回“韦尔转债”,财联社
2021-07-23,韦尔股份：董事会决定不提前赎回“韦尔转债”,每日经济新闻
2021-07-23,韦尔股份(603501.SH)：不提前赎回“韦尔转债”,智通财经
2021-07-23,砸近25亿，2000亿锂电大白马放大招,Wind
2021-07-23,韦尔股份7月22日现2笔大宗交易,证券时报网
2021-07-23,蔡嵩松管理的诺安成长仍然坚守半导体 兆易创新、韦尔股份等被减持 减持股份,金融界
2021-07-23,韦尔股份晋升朱少醒管理的富国天惠第一大重仓 平安格力宝信退出前十大,金融界
2021-07-23,18家千亿顶流基金公司调仓释放重要信息,Wind
2021-07-22,21年基金中报点评：从价值转向成长,新浪
2021-07-22,韦尔股份今日大宗交易成交20万股，成交价303.2元折价1.86%,Wind
2021-07-22,"韦尔股份现2笔大宗交易 共成交6,064.00万元",新浪
2021-07-22,科技硬件周报(6/26)：半导体高景气度持续,新浪
2021-07-22,韦尔股份(603501)：半年报预告超预期 看好全年业绩高增长,新浪
2021-07-22,基金二季报重仓股调查：仓位稳中有升，增配三大行业,Wind
2021-07-22,基金抱团50强出炉！顶流扎堆增持股曝光,Wind
2021-07-22,韦尔股份早盘持续走低，盘中大跌逾5%，成交超14亿元。 连续下跌,新浪
2021-07-22,聚焦科技、制造两大方向，东方基金旗下东方创新科技混合长期稳定增值,资本邦
2021-07-22,韦尔股份入选《巴伦周刊》中文版中国公司市值增长50强,电子产品世界
2021-07-22,韦尔股份联合发起设立半导体投资基金，规模约10亿元,投资界
2021-07-22,基金顶流压轴出场！仓位新低、重仓换血，未来咋走？,Wind
2021-07-22,基金重仓股变化折射时代变迁，宁德时代晋升为公募基金第二大重仓股,Wind
2021-07-21,富国朱少醒：看好半导体锂电池，在优质股票里寻找价值,21世纪经济报道
2021-07-21,TOP30基金挖掘出天赐、天奈、中伟股份等仨月翻倍个股 周蔚文董承非袁芳均减仓,新浪
2021-07-21,"韦尔股份现7笔大宗交易 共成交13,937.85万元",新浪
2021-07-21,韦尔股份拟通过子公司收购Synaptics TDDI业务30%股权,国际电子商情
2021-07-20,又一基金名将认错与反思：迎来史上业绩最差季度，朱少醒、梁浩、袁芳、陈皓、归凯等各自亮出最新持仓,财联社
2021-07-20,电报|朱少醒旗下富国天惠成长：增持韦尔股份为第一大重仓智飞生物由第一重仓退为第十,财联社
2021-07-20,电子行业周报：台积电2021Q2业绩解读及2021Q3展望,国海证券
2021-07-20,韦尔股份：控股股东虞仁荣累计质押约1.28亿股，占其持股比例46.86%,每日经济新闻
2021-07-20,韦尔股份(603501.SH)控股股东虞仁荣解除质押770万股,智通财经
2021-07-20,光学行业深度追踪系列第31期(2021年6月)：手机终端表现触底 看好Q3旺季及新机拉货动能,新浪
2021-07-20,电子周报：台积电上修全年半导体展望；小米Q2全球份额首次第二,新浪
2021-07-20,刘格菘仓位仍超90%、萧楠大幅增持银行股,Wind
2021-07-20,重仓股“大换血”，二季报显露基金大咖“新宠”,Wind
2021-07-19,顶流基金经理最新重仓股大曝光，狂买这些股！,Wind
2021-07-19,韦尔股份现2笔大宗交易合计成交25.00万股,证券时报网
2021-07-19,"韦尔股份现2笔大宗交易 共成交7,598.50万元",新浪
2021-07-19,韦尔股份今日大宗交易成交25万股，成交价303.94元折价3.69%,Wind
2021-07-19,北向资金今日净买入近44亿元，持续加仓白酒、医药股,Wind
2021-07-19,电子元件行业周报：为什么说光学是不可多得的好赛道,新浪
2021-07-19,电子行业周报：后摩尔时代 看好第三代半导体战略发展机遇,新浪
2021-07-19,电子元器件行业周报：SEMI展望半导体设备销售22年将新高,新浪
2021-07-19,电子行业周报：多政策支持半导体发展 持续看好国产替代,新浪
2021-07-19,电子行业周报：关注手机销量疲软影响,新浪
2021-07-18,新能源板块罕见急跌预示调整开始？北向资金已高位离场,第一财经
2021-07-17,防止资本无序扩张和违规“造富”!北上资金减仓锂电，抄底大白马,Wind
2021-07-17,北上资金调仓换股，抄底“最惨抱团股”,Wind
2021-07-16,韦尔股份：8月2日召开“韦尔转债”2021年第一次债券持有人会议,Wind
2021-07-16,A股高位回调：北上资金大举减仓锂电龙头，反手抄底大白马,Wind
2021-07-15,韦尔股份现2笔大宗交易合计成交20.00万股,证券时报网
2021-07-15,"韦尔股份现2笔大宗交易 共成交6,216.00万元",新浪
2021-07-15,韦尔股份今日大宗交易成交20万股，成交价310.8元折价2.99%,Wind
2021-07-15,105股获券商买入评级 东鹏控股目标涨幅达79.92%,Wind
2021-07-15,韦尔股份7月14日现2笔大宗交易,证券时报网
2021-07-14,通信科技行业2021年下半年展望：关注物联网、办公等垂直市场机遇 5G／云网板块拐点可期,新浪
2021-07-14,"韦尔股份现2笔大宗交易 共成交6,203.60万元",新浪
2021-07-14,韦尔股份今日大宗交易成交20万股，成交价310.18元折价4.0%,Wind
2021-07-14,汾酒、万华、东财等核心蓝筹中期业绩或接近去年全年，睿远、高毅、贝莱德等机构积极参与调研,红周刊
2021-07-14,韦尔股份7月13日现4笔大宗交易,证券时报网
2021-07-14,创业板指盘中超越上证综指，数字表象下的投资逻辑之变？,Wind
2021-07-14,芯片赛道持续火热，34只概念股业绩翻番,Wind
2021-07-13,电子行业2021中报前瞻：5G手机、远程需求、汽车电子仍为2021三大主轴,新浪
2021-07-13,韦尔股份(603501.SH)拟变更可转债募集资金投资项目以保障供应链安全,智通财经
2021-07-13,韦尔股份：变更可转换公司债券募集资金投资项目,Wind
2021-07-13,"韦尔股份现4笔大宗交易 共成交12,595.20万元",新浪
2021-07-13,北向资金今日净买入25.8亿元，中兴通讯、山西汾酒净买入额均创新高,Wind
2021-07-13,韦尔股份今日大宗交易成交40万股，成交价314.88元折价4.0%,Wind
2021-07-13,电子周报：关注半导体公司中报,新浪
2021-07-13,业绩大增股名单：34只芯片概念股上半年业绩翻倍,Wind
2021-07-13,上海区域股市周报：1亿融资买入韦尔股份复 星医药跌出板块市值9强,每日经济新闻
2021-07-13,电子行业周报：Q2业绩确定高增 展望Q3景气有望持续,新浪
2021-07-12,韦尔股份今日大宗交易成交38.50万股，成交价327.9元折价4.0%,Wind
2021-07-12,"韦尔股份现5笔大宗交易 共成交12,624.15万元",新浪
2021-07-12,电子行业周报：半导体成熟制程需求高涨 持续关注果链投资机会,新浪
2021-07-09,晚间公告｜7月9日这些公告有看头,第一财经
2021-07-09,北向资金今日小幅净卖出2.11亿元，外资高位出逃新能源股,Wind
2021-07-09,韦尔股份：控股股东及其一致行动人减持10%公司可转债 可转债减持,Wind
2021-07-09,韦尔股份(603501.SH)：控股股东及其一致行动人减持韦尔转债244万张,格隆汇
2021-07-09,A股早报2021年7月9日星期五,Wind
2021-07-09,韦尔股份7月8日现7笔大宗交易,证券时报网
2021-07-09,新经济一路狂奔，传统产业估值被甩出几条街,Wind
2021-07-08,中报行情频现业绩高增标的，资金青睐成长型科技股,第一财经
2021-07-08,"韦尔股份现7笔大宗交易 共成交13,089.12万元",新浪
2021-07-08,韦尔股份今日大宗交易成交40.70万股，成交价321.6元折价4.0%,Wind
2021-07-08,A股早报2021年7月8日星期四,Wind
2021-07-08,韦尔股份7月7日现7笔大宗交易,证券时报网
2021-07-07,韦尔股份现7笔大宗交易总成交金额2.21亿元,证券时报网
2021-07-07,透视大宗交易：7月7日共成交130笔，韦尔股份成交2.21亿元,每日经济新闻
2021-07-07,"韦尔股份现7笔大宗交易 共成交22,050.00万元",新浪
2021-07-07,韦尔股份今日大宗交易成交50万股，成交价316.68元折价4.0%,Wind
2021-07-07,【国盛量化-电子】掘金ETF：芯片全产业链景气详解——汇添富中证芯片产业ETF投资价值分析,留富兵法
2021-07-07,新时代证券维持韦尔股份强烈推荐评级，2021H1业绩预增报告点评：2021H1 业绩预增超预期，“CIS+模拟”生态平台进入收获期,每日经济新闻
2021-07-07,韦尔股份7月6日现4笔大宗交易,证券时报网
2021-07-07,电子行业周报：Q2业绩确定高增 展望Q3景气有望持续,新浪
2021-07-07,北向资金加码成长主线，中小市值股票获青睐,Wind
2021-07-06,闻泰科技拟收购英国最大晶圆厂，未来盈利能力面临考验,第一财经
2021-07-06,电子周报：元器件和半导体中报业绩靓丽 面板盈利周期持续确认,新浪
2021-07-06,"韦尔股份现4笔大宗交易 共成交9,871.65万元",新浪
2021-07-06,韦尔股份今日大宗交易成交0.93万股，成交价321.52元溢价0.0%,Wind
2021-07-06,A股资金流向（7月6日）：超160亿元资金撤离医药、半导体行业,Wind
2021-07-06,A股收盘综述：上证指数探底回弹小幅录跌，CRO指数再挫7%,Wind
2021-07-06,6只“小而美”的半导体&新能源基金,养基司令
2021-07-06,电子行业周报：缺货持续价格上涨 继续关注缺芯带来的发展机遇,新浪
2021-07-06,东方证券维持韦尔股份买入评级：TDDI业务进一步整合，打造平台化设计公司,每日经济新闻
2021-07-06,芯片板块拉升，欧比特、康拓红外涨停,Wind
2021-07-06,券商首次关注6股并给予买入评级（7月6日）,Wind
2021-07-06,电子行业简评报告：半导体行情持续强劲 中报预增继续支持,新浪
2021-07-06,韦尔股份发布公告 拟通过子公司香港韦尔收购股权,北京商报
2021-07-06,【公司点评】韦尔股份：2021H1业绩指引创新高，平台布局优势尽显,吉森电子研究
2021-07-06,50股获券商买入评级，洽洽食品目标涨幅达75.81%,Wind
2021-07-06,韦尔股份四年投近40亿研发 产品结构优化毛利率超32%,长江商报
2021-07-05,韦尔股份拟以5440万美元收购原Synaptics TDDI业务剩余30%股权,搜狐
2021-07-05,韦尔股份现3笔大宗交易总成交金额1.56亿元,证券时报网
2021-07-05,韦尔股份(603501.SH)拟以5440万美元收购一控股子公司剩余30%股权,智通财经
2021-07-05,韦尔股份：拟购买控股子公司少数股权,Wind
2021-07-05,"韦尔股份现3笔大宗交易 共成交15,620.00万元",新浪
2021-07-05,韦尔股份今日大宗交易成交50万股，成交价312.4元折价5.1%,Wind
2021-07-05,电子行业：IC INSIGHTS展望22～23年IC市场延续增长,新浪
2021-07-05,芯源微、士兰微封住涨停板，半导体继续拉升,Wind
2021-07-05,通信行业周报：射频前端独角兽加速上市 拥抱国产替代历史机遇,华安证券
2021-07-05,电子行业周报：汽车电动化何以重塑功率器件行业价值,国海证券
2021-07-05,东北证券：韦尔股份（603501.SH）Q2业绩略超预期，多业务线齐头并进，维持“买入”评级,智通财经
2021-07-05,中银晨会聚焦,新浪
2021-07-05,电子｜半导体持续景气，消费电子阶段承压：2021年中报业绩展望,中信证券研究
2021-07-04,半导体行业月度深度跟踪：行业景气业绩兑现 关注AIOT智能化浪潮,新浪
2021-07-04,韦尔股份(603501)2021年半年度业绩预告点评：公司高端手机CIS市场渗透率持续提升&车载CIS放量 2021年H1业绩超市场预期,新浪
2021-07-02,电子行业2021年中报业绩展望：半导体持续景气 消费电子阶段承压,新浪
2021-07-02,东兴证券上调韦尔股份评级至强烈推荐：业绩高增长破除疑虑，芯片一体化龙头启航,每日经济新闻
2021-07-02,深度*公司*韦尔股份(603501)：深耕主业优化布局 业绩持续高增长,新浪
2021-07-02,中银证券维持韦尔股份增持评级：深耕主业优化布局，业绩持续高增长,每日经济新闻
2021-07-02,超86亿外资今日撤离A股，白酒、医药、银行股集体遭抛售,Wind
2021-07-02,35股今日获机构买入评级7股上涨空间超20%,证券时报网
2021-07-02,韦尔股份(603501)：2Q21预告超预期 进入红利释放期,新浪
2021-07-02,华泰证券：韦尔股份（603501.SH）2Q21预告超预期，目标价376.51元，维持“买入”评级,智通财经
2021-07-02,朝闻国盛：滴滴(DIDI.N)-越过拐点 难走的路更广阔,新浪
2021-07-02,韦尔股份(603501)公司跟踪报告：Q2盈利环比高增 CIS龙头迎踏浪之旅,新浪
2021-07-02,韦尔股份(603501)：业绩持续增长 全年可期,新浪
2021-07-02,韦尔股份7月1日现4笔大宗交易,证券时报网
2021-07-02,半年报预告密集披露 新能源景气高,金融投资报
2021-07-01,韦尔股份现4笔大宗交易总成交金额1.01亿元,证券时报网
2021-07-01,"韦尔股份现4笔大宗交易 共成交10,128.75万元",新浪
2021-07-01,电子行业2021年三季度投资策略：半导体持续重点推荐 消费电子看好下半年苹果链确定性,新浪
2021-07-01,多家IC企业“剧透”半年报：明微电子净利润暴增近10倍,Ofweek
2021-07-01,韦尔股份(603501)：击碎市场疑虑 开启全新成长周期,新浪
2021-07-01,多家半导体企业业绩预增，产业上游加速国产化,LED在线
2021-07-01,信达证券维持韦尔股份买入评级：击碎市场疑虑，开启全新成长周期,每日经济新闻
2021-07-01,业绩大幅增长！除了预增800倍，还有这些亮点,Wind
2021-07-01,韦尔股份(603501)公司点评：业绩持续高增 多技术生态平台潜力巨大,新浪
2021-07-01,韦尔股份(603501)2021H1预增点评：业绩环比持续增长 逆势增长方显龙头本色,新浪
2021-07-01,599家公司预告上半年业绩 67.45%报喜,证券之星
2021-07-01,融资客青睐15股，江苏舜天买入占比高达42.27%,Wind
2021-07-01,民生证券维持韦尔股份推荐评级：业绩环比持续增长，逆势增长方显龙头本色,每日经济新闻
2021-07-01,华西证券维持韦尔股份买入评级：Q2环比继续高增长，战略重点布局汽车半导体,每日经济新闻
2021-07-01,电子｜半导体持续重点推荐，消费电子看好下半年苹果链高确定性：2021年三季度投资策略,中信证券研究
2021-07-01,国联证券维持韦尔股份增持评级：手机/汽车驱动业绩高增长，打造IC设计龙头,每日经济新闻
2021-07-01,小K播早报！乘联会：芯片问题或在9月解决热景生物、恩捷股份等公司半年报预喜,财联社
2021-07-01,韦尔股份6月30日现2笔大宗交易,证券时报网
2021-07-01,业绩大爆发！除了预增800倍还有这些亮点,中国基金报
2021-07-01,每日财报|通威股份上半年预计净利近30亿 韦尔股份大增1.26倍,每日财报
2021-07-01,多个行业景气度高企，龙头公司纷纷“预喜”半年报,Wind
2021-06-30,"【华西电子孙远峰团队—持续坚定推荐韦尔股份】Q2环比继续高增长,战略重点布局汽车半导体",远峰电子
2021-06-30,天然气价格上涨，IPv6产业链市场规模扩大丨明日主题前瞻,第一财经
2021-06-30,晚间重要公告2021年6月30日星期三,Wind
2021-06-30,晚间公告｜6月30日这些公告有看头,第一财经
2021-06-30,通信电子行业景气数据跟踪报告之六(2021年6月)：电动汽车浪潮开启 全球半导体龙头业绩靓丽,光大证券
2021-06-30,预增！韦尔股份：预计2021年上半年净利润同比增加126.41%～146.78%,每日经济新闻
2021-06-30,韦尔股份：上半年净利同比预增126%-147%,e公司
2021-06-30,韦尔股份：预计上半年净利润同比增加126.41%-146.78%,Wind
2021-06-30,韦尔股份今日大宗交易成交15万股，成交价312.34元折价3.0%,Wind
2021-06-30,电子行业6月动态报告：行业景气向上 关注消费电子、LED等领域投资机会,新浪
2021-06-30,【最全】2021年集成电路行业上市公司全方位对比(附业务布局、业绩对比、业务规划等),前瞻研究院
2021-06-30,基于透支久期与盈利增速视角的择股策略：核心资产分化下的投资机会挖掘,新浪
2021-06-29,主力抛售超级热门股！卖出超15亿…… 股票卖空,Wind
2021-06-29,射频芯片龙头卓胜微两年涨近32倍，模组品类扩张能否支撑长期成长？,第一财经
2021-06-29,主力动向｜55股主力买入超亿元！隆基股份、通威股份、英科医疗、阳光电源、韦尔股份位居前五！,上游新闻
2021-06-29,全球新能源及无人驾驶行业跟踪周报：蔚来ET7碳化硅电驱C样件下线 QUANERGY计划SPAC上市,新浪
2021-06-29,半导体行业跟踪：缺货潮未见缓解迹象 Q2持续高景气度,新浪
2021-06-29,电子行业周报：半导体行业景气度继续上行,新浪
2021-06-28,深度*行业*半导体行业周报：国内半导体多点开花 但龙头开启平台化趋势,新浪
2021-06-28,韦尔股份：可转债自2021年7月5日起开始转股,每日经济新闻
2021-06-28,韦尔股份(603501.SH):“韦尔转债”7月5日起开始转股,格隆汇
2021-06-28,电子行业周报：消费电子受到广泛关注,新浪
2021-06-28,"韦尔股份现1笔大宗交易 共成交1,435.60万元",新浪
2021-06-28,北向资金今日净卖出40.55亿元，中远海控、宁德时代净卖出额居前,Wind
2021-06-28,电子行业每周市场动态追踪：看好半导体的短中长期大逻辑 消费电子迎布局时点,新浪
2021-06-25,韦尔股份今日大宗交易成交20万股，成交价287.7元折价3.0%,Wind
2021-06-25,"韦尔股份现4笔大宗交易 共成交5,754.00万元",新浪
2021-06-25,北上资金本周200亿扫货，顺周期王者归来，A股稳了？,Wind
2021-06-25,东亚早八点：CIS龙头再起航｜6月25日,新浪
2021-06-24,韦尔股份大宗交易成交10.00万股成交额2840.00万元,证券时报网
2021-06-24,"韦尔股份现1笔大宗交易 共成交2,840.00万元",新浪
2021-06-24,韦尔股份今日大宗交易成交10万股，成交价284.0元折价1.72%,Wind
2021-06-24,北向资金今日再度净买入30.97亿元，新能源概念股受资金抢筹,Wind
2021-06-24,继续套现！韦尔股份控股股东再次减持韦尔转债 减持股份,证券之星
2021-06-24,韦尔股份(603501.SH)：控股股东及其一致行动人再次减持韦尔转债244万张 减持股份,格隆汇
2021-06-24,韦尔股份：控股股东减持公司可转换公司债券 减持股份,Wind
2021-06-24,上海区域股市周报：ST沪科跌18.57%跌幅第一 韦尔股份跌出板块市值6强,每日经济新闻
2021-06-24,该警惕了？芯片板块暴涨重回历史高位 券商齐喊买入 但有人借道ETF出逃190亿元,每日经济新闻
2021-06-24,北向资金动向盘点：重手加仓“电子”,Wind
2021-06-24,北向资金净买入额创近一个月新高，大幅增持电子元件板块（附股）,21世纪经济报道
2021-06-23,韦尔股份(603501.SH)：2020年度权益分派10派3.15元股权登记日6月29日,格隆汇
2021-06-23,韦尔股份(603501.SH)拟每股派0.315元 6月30日分红,智通财经
2021-06-23,散户看懵了！芯片暴涨重回历史高位！券商齐声高喊买入，但场内机构却已借ETF出逃190亿元,每日经济新闻
2021-06-23,北向资金 | 合计净流入81.99亿元，药明康德、美的集团、韦尔股份净买入居前,上游新闻
2021-06-23,"韦尔股份现2笔大宗交易 共成交2,415.70万元",新浪
2021-06-23,韦尔股份今日大宗交易成交8.50万股，成交价284.2元折价3.0%,Wind
2021-06-23,北向资金近82亿资金大幅加码A股，药明康德净买入近8亿元,Wind
2021-06-23,韦尔股份：将“韦尔转债”转股价格由222.83元/股下修至222.52元/股,Wind
2021-06-23,半导体持续爆发茅台黯然6连阴，发生了什么？,Wind
2021-06-23,半导体板块批量涨停，利好消息都在这里了,Wind
2021-06-23,缺芯行情持续发酵，芯片ETF涨超5%，成交破10亿,Wind
2021-06-23,上证综指连续三天走高，午盘收涨0.46%，报3573.61点。韦尔股份对指,新浪
2021-06-23,芯片概念股强势拉升，阿石创国科微涨停，韦尔股份等大涨,证券时报网
2021-06-23,A股异动 | 获券商扎堆唱好 韦尔股份(603501.SH)大涨超7%,格隆汇
2021-06-23,获多家券商“强推”股价还要上涨30%韦尔股份值得吗？,证券之星
2021-06-23,五日龙虎榜追踪 机构抢筹这45股,证券之星
2021-06-23,33股获券商买入评级，韦尔股份目标涨幅达39.79%,Wind
2021-06-23,中信证券：韦尔股份当前估值处于低位维持“买入”评级,财联社
2021-06-23,中信证券：韦尔股份中长期手机、汽车领域竞争力将提升，持续推荐,Wind
2021-06-22,韦尔股份(603501)跟踪点评：估值低位 料中长期手机、汽车领域竞争力将提升 持续推荐,新浪
2021-06-22,深度*行业*半导体行业周报：长期看数字化叠加芯片安全 短期看芯片缺货加速国产化,新浪
2021-06-22,晶方科技(603005)：全球CIS晶圆级封装细分赛道龙头 业绩持续高增长,新浪
2021-06-22,电子行业2021年中期策略报告：半导体最风采 ARVR迎加速拐点,新浪
2021-06-22,资金流向分析,新浪
2021-06-22,商络电子：未来公司将通过内生增长和外延扩张两种方式以实现公司业绩的不断提升及业务领域的拓展,Wind
2021-06-22,电子行业周报：行业景气度上升叠加消息面利好 半导体行业持续上行,新浪
2021-06-22,电子元件：AR 下一个蓝海,新浪
2021-06-22,机构资金最近入驻这些股,证券之星
2021-06-22,中国银河维持电子行业推荐评级：行业复苏叠加MiniLED爆发LED将迎来新一轮景气周期,每日经济新闻
2021-06-22,【银河电子傅楚雄/王恺】行业周报丨行业复苏叠加Mini LED爆发，LED将迎来新一轮景气周期,中国银河证券研究
2021-06-22,东亚早八点：半导体供应链或再现涨价｜6月23日,新浪
2021-06-21,电子行业：万物互联 光学感知先行,新浪
2021-06-21,CINNO Research：2020年智能手机TFT-LCD驱动芯片需求量达14亿颗，大陆本土企业全球市占率超12%,智通财经
2021-06-21,芯片概念股大涨韦尔股份却大跌 营收增长靠并购 债务压力加大 盈利能力下降,GPLP犀牛财经
2021-06-21,机构砸盘韦尔股份 游资打板露笑科技｜龙虎榜,第一财经
2021-06-21,电子行业周报：我们为什么强烈推荐核心半导体设备和材料,国海证券
2021-06-21,A股早报2021年6月21日星期一,Wind
2021-06-21,A股融资融券日报：两融余额增加35.34亿元（6月18日）,Wind
2021-06-21,华西证券维持韦尔股份买入评级：深耕手机主摄CIS，汽车/安防领域谋高增长,每日经济新闻
2021-06-21,国海证券：缺芯”大背景下，半导体核心设备和材料企业将充分受益,证券时报网
2021-06-20,半导体、芯片连续“霸屏”A股，“第三代”概念热炒之风需警惕,第一财经
2021-06-20,韦尔股份之后又一芯片黑马来了：格科微登陆科创板 它还要自建晶圆厂,每日经济新闻
2021-06-20,【华西电子孙远峰团队—持续推荐韦尔股份】深耕手机主摄CIS，汽车/安防领域谋高增长,远峰电子
2021-06-19,【银河周知】关注汽车、新能源、电子等高景气行业的投资机会,中国银河证券研究
2021-06-19,千亿东鹏饮料开启疯狂模式 鸿蒙概念股思特奇上涨乏力,财富动力网
2021-06-19,永太科技补涨机构齐抄底 方新侠2.5亿加仓士兰微,财富动力网
2021-06-18,【18日资金线路图】做多情绪被点燃？科技股接连获资金关注！韦尔股份遭机构大肆甩卖 资产异常,证券时报
2021-06-18,主力资金抢筹半导体芯片股,大众证券报
2021-06-18,电子设备、仪器和元件周报：种植业的“人造太阳”：LED产业链再成长,新浪
2021-06-18,韦尔股份龙虎榜数据（6月18日）,Wind
2021-06-18,一根阳线看持仓：除了诺安成长，还有这些基金重仓半导体芯片股,财联社
2021-06-18,龙虎榜机构疯狂出货16亿，2400亿科技龙头韦尔股份怎么了？,中金在线
2021-06-18,半导体板块大涨，龙头股韦尔股份却放量大跌，谁在抛售？ 连续下跌,第一财经
2021-06-18,机构今日买入这13股，卖出韦尔股份6.17亿元丨龙虎榜,第一财经
2021-06-18,最新龙虎榜动向：2.43亿资金抢筹天赐材料，4.25亿资金出逃韦尔股份（名单）,21世纪经济报道
2021-06-18,韦尔股份大跌近8%沪股通卖出5.23亿元 连续下跌,第一财经
2021-06-18,"财联社6月18日讯，韦尔股份今日放量大跌7.83%，龙虎榜数据显示，沪股通买入4.68亿元并卖出5.23亿元，四机构合计卖出11.18亿元，两机构合计买入5.01亿元。
连续下跌",财联社
2021-06-18,韦尔股份放量大跌近8%，机构卖出超11亿元,Wind
2021-06-18,A股资金流向（6月18日）：新能源车龙头获抢筹，白酒股遭抛售,Wind
2021-06-18,光学行业深度追踪系列第30期(2021年5月)：终端需求阶段下滑 看好Q3苹果端光学拉货,新浪
2021-06-18,力压“蔡经理”，单日净值涨超9%，比诺安成长更牛的基金出现了,证券之星
2021-06-18,什么情况？半导体大涨上热搜 大白马韦尔股份却暴跌 连续下跌,证券之星
2021-06-18,天弘中证电子ETF(159997)：科技核心 价值底部,新浪
2021-06-18,又一行业集体涨价！龙头股价大涨20%，板块嗨了,Wind
2021-06-18,上证50跌幅扩大至1%，贵州茅台跌超3%,Wind
2021-06-18,芯片股出现分化，韦尔股份跌近5%,Wind
2021-06-17,海运、半导体板块大爆发！7张图看清市场表现、业绩和风险情况,Wind
2021-06-16,电子行业周报：继续强调半导体投资主线 产能为王+IOT芯机遇,新浪
2021-06-16,资金流向分析,新浪
2021-06-16,模拟芯片价格17年来首涨黄金赛道坡长雪厚国产化时代到来,财联社
2021-06-16,【银河电子】2021年中期策略丨拥抱变革，汽车电子初露峥嵘,中国银河证券研究
2021-06-16,周三证券 | 科技阵营火热 VR生态圈吸睛,金融投资报
2021-06-15,韦尔股份：控股股东减持公司600万股 减持股份,Wind
2021-06-15,韦尔股份(603501.SH)：减持期满控股股东虞仁荣累计减持600万股 减持股份,格隆汇
2021-06-15,申侃智联双周行第二期：硬件预埋下的投资机会解析：摄像头及激光雷达篇,新浪
2021-06-15,热度将比肩“鸿蒙”？，华为5G+AR峰会即将召开,Wind
2021-06-15,电子行业2021年中期策略：国产化继续是行业主线 看好元器件和半导体设备,新浪
2021-06-15,电子行业每周市场动态追踪：华为鸿蒙OS 2操作系统落地 有望助推AIOT产业加速发展,新浪
2021-06-13,5178点6周年 最牛白酒飙17倍！乐视、信威惨烈退市 退市,中国基金报
2021-06-13,"沧桑剧变！5178点6周年，A股“换了人间”！中石油跌落一哥，茅台暴涨890%称王，最牛白酒飙17倍！乐视、信威、康得新惨烈退市
退市",中国基金报
2021-06-13,5178点6周年，个股剧烈分化，茅台涨890%称王,Wind
2021-06-11,百元股数量达163只，一日增加5只,证券时报网
2021-06-10,八大券商主题策略：国产软件进入新的景气周期？华为产业链受益公司名单曝光,中金在线
2021-06-10,资金流向分析,新浪
2021-06-10,韦尔股份控股股东虞仁荣264万股股份解除质押,中国经济网
2021-06-09,韦尔股份：控股股东部分股权解除质押,发布易
2021-06-09,浦东新区A股资本版图：123家上市公司，市值超4万亿，生物医药占上海半壁江山,时代周报
2021-06-09,韦尔股份(603501.SH)控股股东虞仁荣解质264万股,智通财经
2021-06-09,半导体景气风向标：旺季将至 景气持续,新浪
2021-06-09,陆股通周监控第86期：宽松预期继续 增配科技成长,新浪
2021-06-08,"上海本地股掀涨停潮,聪明钱加速抢筹，四主线布局浦东“这盘棋”",时代财经
2021-06-08,英飞凌跃居全球汽车半导体第一行业增量空间广阔国内厂商登上舞台,财联社
2021-06-08,电子行业周报：鸿蒙引领IOT芯机遇,新浪
2021-06-08,两市百元股数量达159只，科创板股票占38.36%,证券时报网
2021-06-08,中证报：四万亿风口呼之欲出，超高清视频千帆竞渡,Wind
2021-06-07,科技硬件行业周报：国内封测再迎机遇,新浪
2021-06-07,北向资金净卖出额创近一个月新高，宁德时代遭大幅抛售超14亿元,Wind
2021-06-07,电子元件：鸿蒙OS2.0发布 AIOT发展加速,新浪
2021-06-07,电子行业周报：疫情影响全球封测产能 大陆企业供应链国产化趋势加快,新浪
2021-06-07,通信电子行业景气数据跟踪报告之五：全球与国内龙头的靓丽业绩持续印证半导体高景气度,光大证券
2021-06-07,半导体板块飙涨，有芯片价格涨至5倍，行业供需格局或仍趋紧丨牛熊眼,第一财经
2021-06-07,16股获券商买入评级，中芯国际目标涨幅达49.26%,Wind
2021-06-07,券商晨会观点速递,第一财经
2021-06-07,北上资金连续8周净买入，高成长行业龙头受追捧,Wind
2021-06-05,北向资金扫货A股88.88亿，却出逃恒瑞医药18亿、长春高新7亿，医药股怎么了？,21世纪经济报道
2021-06-04,传媒&通信行业“数字未来”系列一：元宇宙 未来数字绿洲入口已打开,华安证券
2021-06-04,资金流向分析,新浪
2021-06-03,韦尔股份(603501)：CCC小模组大作为,广发证券
2021-06-03,北向资金今日净买入15.21亿元，二线白酒股获追捧,Wind
2021-06-03,上海韦尔半导体：公司主要受限资产情况 资产查封,Wind
2021-06-03,25股受青睐，北向资金增持额超亿元,证券之星
2021-06-03,每日理财观察：富时罗素季度调整结果公布,Wind
2021-06-03,北向资金净卖出20.14亿元 这些行业和个股被抛售最多 股票卖空,21世纪经济报道
2021-06-03,港股盘前必读：港股印花税由0.1%提高至0.13%将于8月1日生效,Wind
2021-06-02,【半导体投资日报】涨价持续演绎，芯片设计、功率半导体市场空间广阔,新浪
2021-06-02,富时罗素季度调整结果公布，速看新增剔除A股标的全名单,Wind
2021-06-02,韦尔股份大宗交易成交1445.30万元,证券时报网
2021-06-02,北向资金今日净流出20.14亿元 大幅净买入韦尔股份3.61亿元,中金在线
2021-06-02,富时中国A50指数将纳入金龙鱼、智飞生物， 剔除恒力石化、中公教育,Wind
2021-06-02,富时罗素季度指数变更：金龙鱼及智飞生物获纳入富时中国A50指数,Wind
2021-06-02,韦尔股份今日大宗交易成交5万股，成交价289.06元折价3.0%,Wind
2021-06-02,北向资金今日净卖出20.14亿元，恒瑞医药净卖出额创历史新高,Wind
2021-06-02,券商判势｜6月关注“聪明钱”青睐板块,搜狐
2021-06-02,6月2日晚间重要行业研究汇总(附股),中金在线
2021-06-02,VR、汽车电子行业景气持续,财富动力网
2021-06-02,银河证券：5G终端及汽车电动化需求旺盛推动下，电子行业盈利端将维持快速增长,证券时报网
2021-06-02,北向资金抛售白酒股，买入这些行业和个股（名单）,21世纪经济报道
2021-06-02,电子行业景气持续，关注VR、汽车电子等高成长领域,银河证券
2021-06-02,晶圆厂资本开支上行，关注设备和材料国产化机会,招商证券
2021-06-02,东吴证券：当前半导体市场的供需紧张关系依旧维持,证券时报网
2021-06-01,"韦尔股份现1笔大宗交易 共成交2,919.70万元",新浪
2021-06-01,韦尔股份今日大宗交易成交10万股，成交价291.97元折价3.0%,Wind
2021-06-01,电子行业：行业景气持续 关注VR、汽车电子等高成长领域,新浪
2021-06-01,芯片股持续活跃机构看好这些个股,第一财经
2021-06-01,2021年中国集成电路设计行业市场现状与竞争格局分析 华为海思半导体领先国内发展,前瞻研究院
2021-05-31,沪港通十大成交活跃股排名（5月31日）,Wind
2021-05-31,北向资金再度大幅净买入超52亿元，东方雨虹净买入额创历史新高,Wind
2021-05-31,5月31日晚间重要行业研究汇总(附股),中金在线
2021-05-31,电子行业周报：三大角度分析LCD面板能否变成弱周期行业？,国海证券
2021-05-31,"海通证券：韦尔股份(603501.SH)高像素摄像头加速渗透+CIS 高景气,目标价298.80-348.60 元，给予“优于大市”评级",智通财经
2021-05-31,韦尔股份大涨,新浪
2021-05-31,电子周观点：自动驾驶提升算力需求 SOC芯片是主要增量市场,新浪
2021-05-31,电子行业周报：半导体景气持续业绩确定 面板价格保持上升,华安证券
2021-05-31,芯片股逐渐活跃，韦尔股份、中兴通讯、北方华创、兆易创新、华润微等纷纷上扬,Wind
2021-05-31,21股获券商买入评级，东鹏饮料目标涨幅达197.86%,Wind
2021-05-30,板块拾金|一天一个样！新能源、半导体、金融...轮动市到底看谁？策略收好！,第一财经
2021-05-30,半导体行业报告：5G持续落地+国产替代加速 看好前瞻布局射频前端滤波器核心技术相关标的,新浪
2021-05-28,【银河晨报】5.28丨电子：硬件、生态持续升级，VR设备有望加速渗透,中国银河证券研究
2021-05-27,【半导体投资日报】看好半导体国产化进程，材料和设备都还有很大的提升空间，关注细分行业增量,新浪
2021-05-27,明星基金扎堆重仓股：大举增持+超跌滞涨股仅6只,Wind
2021-05-27,从外资近期净流入和持仓风格变化角度：目前依然是核心资产牛市的延续而非普涨牛市,新浪
2021-05-26,上海区域股市周报：新增2家上市公司 38家机构调研泰坦科技,每日经济新闻
2021-05-26,【银河电子傅楚雄/王恺】行业周报丨硬件、生态持续升级，VR设备有望加速渗透,中国银河证券研究
2021-05-26,【民生证券研究院】晨会纪要20210526,MS研究
2021-05-26,电子元器件周报：大尺寸面板周期属性有望弱化 半导体硅片厂商同比增速提速,新浪
2021-05-25,牛人重仓｜262家基金持有8607万股，蔡嵩松、朱少醒、葛兰重仓投入！这只CMOS概念股牛在哪儿？,每日经济新闻
2021-05-25,"韦尔股份现2笔大宗交易 共成交2,848.15万元",新浪
2021-05-25,韦尔股份今日大宗交易成交5万股，成交价286.29元折价3.0%,Wind
2021-05-25,电子行业：建议关注AR／VR产业链投资机会,新浪
2021-05-25,【重磅深度】汽车半导体（PPT版）：大变革时代，汽车半导体站上历史的进程,吉森电子研究
2021-05-25,【天风Morning Call】晨会集萃20210525,天风研究
2021-05-24,5月24日晚间重要行业研究汇总(附股),中金在线
2021-05-24,全球新能源及无人驾驶行业跟踪周报：福特与SK创新合资 理想ONE将搭载地平线双“征程3”,新浪
2021-05-24,电子行业周报：荣耀复苏 大基金减持 减持股份,新浪
2021-05-24,科技硬件行业周报：AR新进展广受关注,新浪
2021-05-24,中国银河--电子行业：硬件、生态持续升级，VR设备有望加速渗透【行业研究】,金融界股吧
2021-05-24,会议纪要：民生证券研究周观点,新浪
2021-05-22,【银河周知】看好大宗商品和消费相关行业的投资机会,中国银河证券研究
2021-05-22,【民生周末重点推荐】首席看电子：业绩增长强劲，电子行业景气延续——电子行业2020年报和2021一季报总结,MS研究
2021-05-22,【晨观方正】宏观/银行/海外·互联网/科技&电子/医药/交运/机械 20210522,新浪
2021-05-21,光大证券--半导体4月跟踪报告：半导体2020及21Q1业绩靓丽，景气高企【行业研究】,金融界股吧
2021-05-21,【牛人重仓】韦尔股份:牛人重仓绩优股今年来融资余额增仓50%以上，今日资金流入-880.83万元，北向资金持股5216.47万股，融资余额245951.61万元；前3个交易日，北向资金增持-12.67万股，融资额增加10480.65万元，主力资金净流入3380.86万元,每日经济新闻
2021-05-20,光学行业深度追踪系列第29期(2021年4月)：4月份数据环比下行 关注疫情、缺货以及终端需求影响,新浪
2021-05-19,银河电子周观点：功率半导体景气度向上 国内厂商扩产趋势明显,新浪
2021-05-19,资金抢筹！虚拟现实迎涨停潮，产业空间几何,Wind
2021-05-19,汽车电子行业系列报告之感知篇：多传感器时代 融合之路正开启,新浪
2021-05-18,一季度集成电路产业销售额同增18% 草甘膦价格年涨幅接近翻番丨明日主题前瞻,第一财经
2021-05-18,银河证券：5G终端及汽车电动化需求旺盛，电子行业盈利端将加速增长,证券时报网
2021-05-18,全球新能源及无人驾驶行业跟踪周报：现代起亚计划于美国投资74亿美元 智加科技将SPAC上市,新浪
2021-05-17,再被教育！零容忍发威，违规公司风险监控,Wind
2021-05-17,5月17日晚间重要行业研究汇总(附股),中金在线
2021-05-16,【民生研究】周观点汇总：疫情和就业数据只是扰动，发达国家经济复苏趋势没有改变,新浪
2021-05-15,【银河周知】看好金融和科技相关行业价值回归的投资机会,中国银河证券研究
2021-05-15,韦尔股份：领先推出0.61u产品,财富动力网
2021-05-14,私募大佬狗咬狗，韦尔股份套路深,新浪
2021-05-13,电子行业2020年年报暨2021年一季报总结：淡季不淡 高景气下电子行业表现亮眼,新浪
2021-05-13,科技硬件周报(5/1)：A股年报季收官 苹果业绩会广受关注,新浪
2021-05-13,半导体年报&Q1总结：中短期看量价齐升 中长期看需求和格局,新浪
2021-05-13,韦尔股份现1笔大宗交易 共成交280.69万元,新浪
2021-05-13,韦尔股份今日大宗交易成交1.06万股，成交价264.8元溢价0.0%,Wind
2021-05-13,电子行业2021年中期策略：大变局下的电子行业新机遇,新浪
2021-05-13,电子行业2020年报和2021一季报总结：业绩增长强劲 电子行业景气延续,新浪
2021-05-13,大跌背后，CIS龙头韦尔股份不香了？ 连续下跌,创业邦
2021-05-12,韦尔股份(603501)：0.61微米产品全球首发 引领CIS行业创新,新浪
2021-05-12,国盛证券维持韦尔股份买入评级：全球首发.61微米高分辨率CIS，高效研发转换行业领先,每日经济新闻
2021-05-12,电子行业4月动态报告：半导体景气度向上 华为引领汽车智能化,新浪
2021-05-12,华西证券维持韦尔股份买入评级：0.61微米产品全球首发，引领CIS行业创新,每日经济新闻
2021-05-12,电子行业：FY20&1Q21业绩回顾和持仓分析,新浪
2021-05-11,信息披露违规 上海证监局对韦尔股份出具警示函 金融监管处罚,中证网
2021-05-11,银河证券：2021年电子行业盈利端将加速增长，维持行业“推荐”评级,证券时报网
2021-05-11,砺石商业评论：闻泰科技的进击之路,新浪
2021-05-11,天风研究 | 2020年报·2021一季报总结,天风研究
2021-05-10,曹德旺100亿建校 这个大学有什么不一样？,新浪
2021-05-10,科技行业FY20&1Q21业绩回顾：半导体设计／制造板块迎来高景气周期,新浪
2021-05-10,半导体行业周报：海外半导体一季报解读 高业绩指引高景气,新浪
2021-05-10,电子行业周报：21Q1业绩向好 行业景气度持续旺盛,新浪
2021-05-10,电子行业周报：手机需求放缓 再谈半导体投资逻辑,新浪
2021-05-10,电子行业：高景气延续 把握国产替代+顺周期机会,国联证券
2021-05-09,【兴证电子】周报：AI带动智能终端浪潮，国产化仍是行业主线,兴证电子谢恒团队
2021-05-08,A股半导体公司年度政府补助排行榜：119家合计149亿元 前10家占比近七成,搜狐
2021-05-08,李迅雷：透过季报数据探讨投资方向,Wind
2021-05-08,5月机会：赚钱效应逐渐回升三大行业被集体看好！,金融投资报
2021-05-08,韦尔股份“带崩”半导体板块？市值一日蒸发250亿 连续下跌,时代财经
2021-05-07,韦尔股份“带崩”半导体板块，蔡嵩松也“栽跟头”？诺安成长重仓股市值蒸发逾640亿,时代财经
2021-05-07,股市动态 | 指数疲软下行，煤炭、金属板块逆市上涨，韦尔股份重挫9.86%,财经网
2021-05-07,A股资金流向（5月7日）：有色龙头持续获资金青睐,Wind
2021-05-07,韦尔股份逼近跌停，芯片板块持续低迷,Wind
2021-05-07,又闪崩！4.5万股民瞬间炸了，2300亿半导体巨头暴跌近9%，网友：“提前抄底被活埋”，发生了什么？,每经网
2021-05-07,突发闪崩！4.5万股民彻底炸了，2300亿半导体巨头暴跌逾8%，刚“吃”监管警示函，网友：“提前抄底被活埋” 金融监管处罚,每日经济新闻
2021-05-07,上证50跌幅扩大至1%，韦尔股份跌近8%,Wind
2021-05-07,A股异动|韦尔股份(603501.SH)大跌7.45%信披存在问题收到警示函 连续下跌,格隆汇
2021-05-06,中国银河--电子行业4月动态报告：半导体景气度向上，华为引领汽车智能化【行业研究】,金融界股吧
2021-05-06,电子｜淡季不淡，高景气下电子行业表现亮眼：2020年年报暨2021年一季报总结,中信证券研究
2021-05-02,A股半导体公司年度业绩报告：112家合计盈利570亿元 8家亏损29亿元 亏损,搜狐
2021-05-02,个人“最长情”投资现高阶新版本：“养基”12年未动，200万爆赚1500万,Wind
2021-04-30,韦尔股份(603501.SH)：信披存在问题 收到警示函 金融监管处罚,格隆汇
2021-04-30,韦尔股份：收到上海证监局警示函 金融监管处罚,Wind
2021-04-30,大跌背后，CIS龙头韦尔股份不香了？ 连续下跌,36氪
2021-04-30,国产芯片第一梯队业绩分化：单品类强≠业绩恒强,21世纪经济报道
2021-04-29,国产芯片第一梯队业绩分化：技术与产品的“平衡术” 盈利能力下降,21世纪经济报道
2021-04-29,【机会挖掘】交通运输部正谋划自动驾驶先导应用试点工作 推动技术落地应用,证券时报网
2021-04-29,【异动股】汽车芯片板块拉升，北京君正(300223-CN)涨19.99%,财华社
2021-04-28,韦尔股份今日大宗交易成交14.43万股，成交价323.0元溢价8.04%,Wind
2021-04-28,半导体业绩大考 谁的表现超预期？,新浪
2021-04-28,韦尔股份：股东合计减持248.1万股份 减持股份,全景网
2021-04-28,风享 · TMT 一周谈 | 当下科技板块如何布局？,天风研究
2021-04-27,韦尔股份：青岛融通民和投资中心减持计划完成，减持股份约864万股,每日经济新闻
2021-04-27,【半导体投资日报】缺芯已经影响洗衣机和面包机，兆易创新一季度净利增79.43%，韦尔股份遭股东减持0.99% 减持股份,新浪
2021-04-27,"韦尔股份现1笔大宗交易 共成交4,672.00万元",新浪
2021-04-27,韦尔股份今日大宗交易成交14.60万股，成交价320.0元溢价8.93%,Wind
2021-04-27,A股上演“V”型反转，千亿巨头却闪崩跌停！特斯拉又出事了,Wind
2021-04-27,韦尔股份：青岛融通累计减持0.99%股份 减持股份,Wind
2021-04-26,韦尔股份大宗交易成交12.62万股成交额4139.36万元,证券时报网
2021-04-26,"韦尔股份现1笔大宗交易 共成交4,139.36万元",新浪
2021-04-26,浦银国际证券给韦尔股份买入评级，2020年年报及1Q21财报详细解读：摄像头模组行业需求强劲，豪威科技CIS芯片高端手机和汽车份额提升,每日经济新闻
2021-04-26,韦尔股份今日大宗交易成交12.62万股，成交价328.0元溢价12.61%,Wind
2021-04-26,中泰证券维持韦尔股份买入评级：Q1高增长，从手机CIS到汽车等打开天花板,每日经济新闻
2021-04-26,韦尔股份：控股股东虞仁荣解除质押700万股,每日经济新闻
2021-04-26,股价大跌基金一季度抱团股曝光（附名单）,Wind
2021-04-26,电子行业：华为发布汽车新品 带动相关产业链,新浪
2021-04-26,华安证券--电子行业周报：持续聚焦一季报确定的面板、半导体板块【行业研究】,金融界股吧
2021-04-26,专注智能驾驶领域的艾利特机器人获2亿元B1轮融资,猎云网
2021-04-25,最新！顶流基金重仓股大洗牌，40张图表全披露,Wind
2021-04-25,地平线宣布获得韦豪创芯战略投资,投资界
2021-04-24,韦尔股份：2020年归母净利大涨481.17% CMOS龙头持续受益国产替代,红周刊
2021-04-23,韦尔股份今日大宗交易成交10.50万股，成交价284.0元折价4.86%,Wind
2021-04-23,这个产品遭日韩垄断中国被讽刺造不出，芯片首富砸钱反攻结局亮了,云掌财经
2021-04-23,【公司点评】韦尔股份：2021Q1业绩同比+133.84%，平台布局成效显着,吉森电子研究
2021-04-23,基金换打法：降仓位、填洼地、抓龙头,Wind
2021-04-23,民生证券：韦尔股份（603501.SH）Q1业绩创新高，维持“推荐”评级,智通财经
2021-04-23,芯片股表现活跃，富满电子领涨8%,Wind
2021-04-23,有眼光！公募基金一季度仍重仓电子，卓胜微、韦尔股份业绩翻倍,资本邦
2021-04-23,67只绩优龙头股名单出炉！北上资金扫货名单曝光,Wind
2021-04-23,A股早报2021年4月23日星期五,Wind
2021-04-22,【华西电子孙远峰团队-持续推荐韦尔股份】多业务快速突破，产业链话语权逐渐增强,远峰电子
2021-04-22,【ETF投资日报】钢铁ETF领涨，韦尔股份业绩大增，芯片ETF上涨1.06%,新浪
2021-04-22,韦尔股份(603501.SH)一季度净利升133.84%至10.41亿元,格隆汇
2021-04-22,韦尔股份今日大宗交易成交8.30万股，成交价320.0元溢价8.4%,Wind
2021-04-22,韦尔股份：一季度净利润同比增长133.84%,Wind
2021-04-22,超9成盈利、27家业绩翻番，半导体迎最好时期,Wind
2021-04-22,华安证券：自动驾驶引领汽车智能化新变革,Wind
2021-04-22,本土芯片站在风口上“共同”看好龙头地位股,证券导报
2021-04-22,逾1400家公司预告首季业绩，超过85%预增,Wind
2021-04-21,【半导体投资日报】一季度我国芯片相关企业注册量增302%，阿斯麦净利润增240%,新浪
2021-04-21,韦尔股份今日大宗交易成交20万股，成交价280.0元折价4.04%,Wind
2021-04-21,西南证券--韦尔股份：手机和汽车驱动CIS增长，Q1业绩再创新高【公司研究】,金融界股吧
2021-04-21,光大证券--汽车行业2021年华为智能汽车解决方案HI新品发布会点评：华为Inside汽车，中国Tier1崛起，产业链重构进行时【行业研究】,金融界股吧
2021-04-21,智能驾驶商业化进程加快,大众证券报
2021-04-20,【半导体投资日报】关注未来2-3年成长确定性强 向上空间较大的细分领域,新浪
2021-04-20,"韦尔股份现4笔大宗交易 共成交8,652.00万元",新浪
2021-04-20,韦尔股份今日大宗交易成交24万股，成交价280.0元折价4.11%,Wind
2021-04-20,4月20日晚间重要行业研究汇总(附股),中金在线
2021-04-20,长城证券--韦尔股份年报点评：业绩符合预期，CIS龙头成长动能充足【公司研究】,金融界股吧
2021-04-20,东北证券--韦尔股份：各业务齐头并进，下游景气度持续提升【公司研究】,金融界股吧
2021-04-20,半导体公司一季度业绩集体预增,Wind
2021-04-19,半导体动态分析：关注半导体龙头成长机会、全面扩产带来国产机遇,新浪
2021-04-19,千亿龙头涨停！消费电子或显着低估，北向资金大举加仓股揭秘,证券之星
2021-04-19,韦尔股份今日大宗交易成交1.20万股，成交价293.25元溢价0.0%,Wind
2021-04-19,63股获机构买入型评级 韦尔股份关注度最高,同壁财经
2021-04-19,东吴证券--电子（半导体）行业周报：自动驾驶加速落地，汽车电子机遇凸显【行业研究】,金融界股吧
2021-04-19,信达证券--电子行业深度报告：追根溯源，探讨半导体缺货的危与机【行业研究】,金融界股吧
2021-04-17,汽车电子行业： 自动驾驶渐行渐近 车载传感器市场迎高速发展,财富动力网
2021-04-16,分享CIS行业增长红利 “芯茅”韦尔股份2020年净利大增481%,证券日报网
2021-04-16,韦尔股份(603501.SH)：66.1万份股票期权行权条件成就,智通财经
2021-04-16,韦尔股份：旗下豪威科技已正式加入NVIDIADRIVE?自动驾驶汽车开发生态系统,格隆汇
2021-04-16,长城证券--电子元器件行业动态点评：台积电CAPEX创新高，推进3nm制程支撑行业创新升级【行业研究】,金融界股吧
2021-04-16,智能驾驶板块多股涨停 关注细分领域投资机会,中财网
2021-04-16,三大指数盘中均翻绿 创业板指跳水跌逾1.5%,网易
2021-04-16,国联证券--韦尔股份：手机与汽车双轮驱动，Q1业绩再创新高【公司研究】,金融界股吧
2021-04-16,华西证券--韦尔股份：加大研发投入，“TDDI+CIS”谋快速突破【公司研究】,金融界股吧
2021-04-16,银河证券：自动驾驶渐行渐近，车载传感器市场迎高速发展,Wind
2021-04-16,上市公司正负面新闻2021年4月16日星期五,Wind
2021-04-15,晚间要闻2021年4月15日星期四,Wind
2021-04-15,晚间重要公告2021年4月15日星期四,Wind
2021-04-15,韦尔股份去年净利大增4.8倍 将继续加大研发投入,e公司
2021-04-15,韦尔股份(603501.SH)：华清银杏已通过集中竞价减持298.185万股 减持股份,格隆汇
2021-04-15,韦尔股份(603501.SH)年度归母净利同比增481.17%至27.06亿元 拟10股派3.15元,智通财经
2021-04-15,韦尔股份(603501.SH)2020年度净利润升481.17%至27.06亿元拟10派3.15元,格隆汇
2021-04-15,韦尔股份：2020年净利27.06亿元 同比增481%,e公司
2021-04-15,韦尔股份：大股东华清银杏减持298万股 减持股份,Wind
2021-04-15,韦尔股份：2020年净利润同比增长481.17%,Wind
2021-04-15,韦尔股份今日大宗交易成交3万股，成交价311.0元溢价12.79%,Wind
2021-04-15,【机会挖掘】机构预计半导体产业已出现结构性转变 行业景气有望持续,同壁财经
2021-04-15,光大证券--通信电子行业周观点第8期：半导体一季报业绩靓丽，MLCC核心关注三环集团【行业研究】,金融界股吧
2021-04-14,亮眼一季报业绩催化股价表现，半导体龙头获公募基金建仓,第一财经
2021-04-14,韦尔股份今日大宗交易成交3万股，成交价316.0元溢价11.72%,Wind
2021-04-13,沪港通十大成交活跃股排名（4月13日）,Wind
2021-04-13,韦尔股份(603501.SH)控股股东解除质押750万股,智通财经
2021-04-13,韦尔股份(603501.SH)控股股东一致行动人及董监高拟合计减持不超0.28%股份 拟减持股份,智通财经
2021-04-13,韦尔股份(603501.SH)：虞小荣、纪刚、贾渊拟合计减持不超246.64万股 拟减持股份,格隆汇
2021-04-13,韦尔股份：控股股东一致行动人虞小荣及高管纪刚、贾渊拟合计减持不超0.2841% 拟减持股份,Wind
2021-04-13,-手机和车载光学行业摄像头模组4月刊：舜宇、丘钛3月手机摄像头模组提前拉货效应减退，大立光4、5月营收展望不佳【行业研究】,金融界股吧
2021-04-13,华安证券--电子行业周报：关注一季报确定的面板、半导体板块【行业研究】,金融界股吧
2021-04-12,缺芯潮加剧涨价潮！6500亿半导体季报爆棚,金融界
2021-04-12,TCL百亿定增建8.6代产线，IT面板竞争格局影响几何,吉森电子研究
2021-04-12,电子行业周观点：业绩期来临 LCD将迎高光,新浪
2021-04-12,华安研究行业周观点集萃,华安证券
2021-04-12,【电子】韦尔股份—Q1业绩超预期，多产品线平台型布局,中银证券研究
2021-04-12,【早安新时代】2021/04/12今日关注：韦尔股份、科大讯飞,新时代证券研究
2021-04-11,梧升、云天等多个项目有签约动向，西安交大接收30万股韦尔股份股票捐赠,搜狐
2021-04-10,全球“缺芯”，北向资金买入这个行业18亿，贵州茅台则被抛售30多亿！ 减持股份,21世纪经济报道
2021-04-09,一周主力资金丨9只股票本周净流出额超10亿元,第一财经
2021-04-09,两市百元股数量达134只，医药生物行业占比最高,证券之星
2021-04-09,中银证券维持韦尔股份增持评级：Q1业绩超预期，多产品线平台型布局,每日经济新闻
2021-04-09,中银国际：韦尔股份（603501.SH）Q1 业绩超预期，维持“增持”评级,智通财经
2021-04-09,中信证券：消费电子端迎来中长期布局时点，建议关注全球化布局扩张的终端品牌公司,Wind
2021-04-09,中信证券：半导体板块当前景气复苏，后续国产替代逻辑加强,Wind
2021-04-09,电子｜看好半导体及高景气度细分板块的成长：2021年二季度投资策略,中信证券研究
2021-04-09,韦尔股份(603501)：21Q1预告扣非后归母净利润增长超预期,广发证券
2021-04-08,韦尔股份大宗交易成交20.00万股成交额5711.40万元,证券时报网
2021-04-08,韦尔股份今日大宗交易成交20万股，成交价285.57元折价4.0%,Wind
2021-04-08,新时代证券：韦尔股份(603501.SH)CIS继续受益多赛道爆发，维持“强烈推荐”评级,智通财经
2021-04-08,韦尔股份(603501)2021Q1业绩预告点评：2021年Q1大幅增长 CIS继续受益多赛道爆发,新浪
2021-04-08,新时代证券维持韦尔股份强烈推荐评级：2021年Q1大幅增长，CIS继续受益多赛道爆发,每日经济新闻
2021-04-08,长城证券--韦尔股份：Q1业绩预告超预期，CIS龙头持续高增长可期【公司研究】,金融界股吧
2021-04-08,A股早报2021年4月8日星期四,Wind
2021-04-08,芯片、5G是亮点，重要博览会马上召开！A股已有反应,中财网
2021-04-07,道达投资手记：题材炒作盛况空前 还将持续,每日经济新闻
2021-04-07,韦尔股份现4笔大宗交易总成交金额1.26亿元,证券时报网
2021-04-07,A股共发生29宗大宗交易成交4亿元（4月7日）,Wind
2021-04-07,"韦尔股份现4笔大宗交易 共成交12,600.00万元",新浪
2021-04-07,汽车“缺芯”或持续一年以上，国内细分龙头替代空间巨大（附股）,第一财经
2021-04-07,长城证券：韦尔股份(603501.SH)CIS龙头持续高增长可期，维持“推荐”评级,智通财经
2021-04-07,韦尔股份今日大宗交易成交45万股，成交价280.0元折价4.83%,Wind
2021-04-07,CITE 2021来了！芯片、信创、数据存储、5G成亮点,Wind
2021-04-07,国盛证券给予韦尔股份买入评级，科技龙头平台多点开花，再度大超预期,每日经济新闻
2021-04-07,光大证券通信电子行业周观点第7期：半导体景气高企 核心关注卓胜微韦尔,光大证券
2021-04-07,韦尔股份(603501)：进击的开局,新浪
2021-04-07,韦尔股份(603501)：一季度持续高增长 长期动能充足,新浪
2021-04-07,安信证券维持韦尔股份买入评级：一季度持续高增长，长期动能充足,每日经济新闻
2021-04-07,民生证券维持韦尔股份推荐评级：Q1业绩创新高，全年高成长确立,每日经济新闻
2021-04-07,华西证券--电子（半导体）行业点评报告：半导体景气度持续，或逐渐步入业绩兑现期【行业研究】,金融界股吧
2021-04-07,电子行业深度：中国半导体 牛角峥嵘,新浪
2021-04-07,华西证券--韦尔股份：Q1扣非环比实现增长，“CIS+TDDI”齐发力【公司研究】,金融界股吧
2021-04-07,韦尔股份(603501)：Q1业绩创新高 全年高成长确立,新浪
2021-04-07,A股一季报来了，投资机会看哪里？大数据挖掘“预期差”,Wind
2021-04-06,晚间要闻2021年4月6日星期二,Wind
2021-04-06,【华西电子孙远峰团队-持续坚定推荐韦尔股份】Q1扣非环比实现增长，“CIS+TDDI”齐发力,远峰电子
2021-04-06,电子元器件周报：3月下旬面板价格环比涨幅扩大 半导体行业景气度持续高涨,新浪
2021-04-06,晚间重要公告2021年4月6日星期二,Wind
2021-04-06,韦尔股份一季度净利预增102%-143%,上证报
2021-04-06,4月6日晚间上市公司十大重磅公告,巨丰财经
2021-04-06,半导体动态：芯片股集体新高！韦尔股份净利增102%，新洁能增199%,新浪
2021-04-06,韦尔股份：一季度净利预增至少4.55亿元，同比翻倍,第一财经
2021-04-06,韦尔股份：预计第一季度净利同比增长102.29%-142.75%,格隆汇
2021-04-06,韦尔股份：一季度净利同比预增102.29%到142.75%,e公司
2021-04-06,韦尔股份：预计一季度净利润同比增加102.29%到142.75%,Wind
2021-04-06,电子元件行业周报：从电子硬件视角看汽车智能化机遇,新浪
2021-04-06,科技硬件行业周报：“小米造车”广受关注,新浪
2021-04-06,【大宗交易日报】4月2日38只个股发生大宗交易总成交额10.00亿,云掌财经
2021-04-06,电子行业周报：半导体厂商Q2再次调价；小米正式立项智能汽车,新浪
2021-04-06,A股早报2021年4月6日星期二,Wind
2021-04-06,华泰证券：台积电、中芯国际积极扩产，预示产业看好本轮半导体高景气超预期延续,Wind
2021-04-05,【华西电子孙远峰团队-持续看好半导景气】半导体景气度持续，或逐渐步入业绩兑现期,远峰电子
2021-04-05,电子产业景气度：再次涨价进行时,新浪
2021-04-04,开源金股四月推荐；深市主板和中小板合并水到渠成丨一周重点研究报告,开源证券研究所
2021-04-04,坐拥500亿，55岁芯片首富大扫货,投资界
2021-04-02,"韦尔股份现3笔大宗交易 共成交9,488.40万元",新浪
2021-04-02,韦尔股份今日大宗交易成交15万股，成交价272.56元折价5.0%,Wind
2021-04-02,隔夜美股芯片股大涨，A股芯片ETF继续高开,Wind
2021-04-02,半导体板块持续活跃，新洁能大涨7%,Wind
2021-04-02,中芯国际为留人，送CEO一套2000万住房，更有薪水涨4倍,Wind
2021-04-02,芯片巨头狂砸6500亿扩产，半导体股票飙涨，全球芯荒何时终结,Wind
2021-04-01,卓胜微连续两年抛高送转方案，同样的减持套路这次能否奏效 减持股份,第一财经
2021-04-01,中芯国际等大厂纷纷跟进涨价，机构称缺“芯”还得持续一年以上,Wind
2021-04-01,韦尔股份现4笔大宗交易总成交金额6777.96万元,证券时报网
2021-04-01,安克创新(300866)点评：20年业绩超预期 品类矩阵接力增长,新浪
2021-04-01,"韦尔股份现4笔大宗交易 共成交6,777.96万元",新浪
2021-04-01,52股主力资金净流入超亿元,证券时报网
2021-04-01,【研报掘金】缺货涨价持续半导体行业景气上行再次确认 关注产业链相关投资机会,证券时报网
2021-04-01,今起大幅涨价？芯片股集体疯狂！300亿上市公司董秘转文：芯片荒是照妖镜，好公司差公司一目了然！股价应声涨停,每日经济新闻
2021-04-01,光大证券--通信电子行业景气数据跟踪报告之四（2021年3月）：面板和MLCC涨价持续，上游半导体产能紧缺【行业研究】,金融界股吧
2021-04-01,产业链涨价潮持续，芯片概念股爆发，士兰微等涨停,证券之星
2021-04-01,芯片缺货潮蔓延，概念股大涨，行业龙头刚刚发布利好,搜狐
2021-04-01,芯片股集体飙涨行业龙头刚刚发布利好,证券之星
2021-04-01,“业界第一杀猪盘”中源家居崩了 上市3年杀4次猪,新浪
2021-04-01,解盘：科技、消费崛起，医美、半导体、高价股领涨,Wind
2021-03-31,开源证券--半导体行业深度报告：长坡厚雪，时代机遇——模拟芯片赛道【行业研究】,金融界股吧
2021-03-31,【银河晨报】3.31丨石化：油价21Q1大幅上涨，看好行业单季度业绩表现,中国银河证券研究
2021-03-30,光大证券--韦尔股份：汽车CIS高增长，豪威市占率有望进一步提升【公司研究】,金融界股吧
2021-03-30,中国银河--电子行业：汽车缺芯再发酵，半导体设备需求持续旺盛【行业研究】,金融界股吧
2021-03-29,电子行业周报：一季报披露将近 面板和功率业绩确定性高,华安证券
2021-03-29,半导体行业周报：MAGNACHIP与智路资本达成私有化收购协议 建议关注行业格局变化,新浪
2021-03-29,茅台涨4%，A股大爆发！世纪“大堵船”成功上浮,Wind
2021-03-29,科技股春节后走势欠佳 34股净利有望持续高增长,证券时报
2021-03-26,研究 | 力芯微子公司同原实控人或牵扯不清 独董与供应商现重叠“朋友圈”,中金在线
2021-03-26,上海区域股市周报：总市值跌554亿龙头老大金龙鱼缩水306亿 连续下跌,每日经济新闻
2021-03-26,工信部出手化解汽车“芯”事 国产汽车电子迎机遇,上证报
2021-03-26,盘前情报丨疫苗分发提升中硼硅玻璃管需求，全款仍需等半年！这些公司成香饽饽（附股）,21世纪经济报道
2021-03-26,工信部频频化解汽车“芯”事，国产汽车电子巨头迎发展良机,Wind
2021-03-25,工信部提出要加紧汽车芯片长远战略布局，哪些国产化厂商受益？丨牛熊眼,第一财经
2021-03-25,芯片板块复苏，思瑞浦涨超5%,Wind
2021-03-25,机构关注度开始偏向低估值、周期股,证券导报
2021-03-23,【龙虎榜分析】2021年第一只10倍股诞生！,中金在线
2021-03-22,睿远、高瓴、高毅、星石、淡水泉等知名机构加速调研，半导体、集成灶公司关注度明显提升,红周刊
2021-03-22,电子元件行业周报：从“碳中和”看电子行业投资机会,新浪
2021-03-22,韦尔股份今日大宗交易成交8.18万股，成交价258.7元溢价1.23%,Wind
2021-03-22,3月22日晚间重要行业研究汇总(附股),中金在线
2021-03-22,银河电子周观点：自动驾驶加速渗透 关注汽车传感器投资机会,新浪
2021-03-22,中国银河--电子行业：自动驾驶加速渗透，关注汽车传感器投资机会【行业研究】,金融界股吧
2021-03-22,牧原股份、顺丰、韦尔股份、恒力石化、中顺洁柔等机构抱团股逆市下滑,Wind
2021-03-21,半导体周报：SEMI预测中国IC晶圆产能今年将至少增长17%,新浪
2021-03-21,科技硬件行业周报：SEMICON CHINA于上海召开 受到广泛关注,新浪
2021-03-20,【银河周知】强化国家战略科技力量，把握新一轮科技股布局良机,中国银河证券研究
2021-03-19,"韦尔股份现1笔大宗交易 共成交4,888.00万元",新浪
2021-03-19,电子行业点评报告：出货量、渗透率双增长 5G手机产业高增时,新浪
2021-03-19,富时罗素季调盘后生效叠加期指交割，波动日如何保平安？,Wind
2021-03-18,“茅”股连续反弹，最新估值高不高？5张图看清！,Wind
2021-03-18,元禾璞华刘越：从中芯国际到元禾璞华，是复盘也是再出发,创业邦
2021-03-18,富时罗素A股季调明日盘后生效，北上资金已连续八日加仓,Wind
2021-03-18,中信证券：预计光学规格稳步升级发展趋势不改 建议重点关注韦尔股份等,证券时报网
2021-03-18,晨会0318｜美联储维持宽松基调,中信证券研究
2021-03-17,芯片传来大消息，大资金杀入，看低估值高增长股名单,Wind
2021-03-17,易方达80亿新基金要来，重仓这类股,Wind
2021-03-17,科技信仰重燃？千亿巨头狂飚两大利好突至,中金在线
2021-03-17,A股收盘综述：上证指数微跌0.03%，保险、银行、碳中和板块调整,Wind
2021-03-17,芯片制造关键设备再突破，概念股发力走高，苏州固碍等涨停,证券时报网
2021-03-17,创业板突然上涨3%，发生了什么？乐视连拉15涨停,Wind
2021-03-17,第三代半导体时代到来，国内企业加码布局，概念股已蠢蠢欲动,第一财经
2021-03-17,德仪中国区总裁加盟，能否拯救汇顶科技？,观察者网
2021-03-17,抱团瓦解市值一年蒸发1300亿，美巨头高管加盟能否拯救汇顶科技？ 连续下跌,观察者网
2021-03-17,芯片股快速拉升，韦尔股份、紫光国微、兆易创新涨势进一步扩大,Wind
2021-03-17,芯片股集体回暖，兆易创新、韦尔股份均涨超5%,Wind
2021-03-17,半导体板块复苏，兆易创新、新洁能、韦尔股份、卓胜微、北方华创涨幅居前,Wind
2021-03-17,上海韦尔半导体股份有限公司关于更换公司持续督导保荐代表人的公告,中证报
2021-03-16,【华西电子孙远峰团队】韦尔股份*系列一张图⑦-持续推荐,远峰电子
2021-03-16,"韦尔股份现1笔大宗交易 共成交2,994.00万元",新浪
2021-03-16,韦尔股份今日大宗交易成交12万股，成交价249.5元溢价0.58%,Wind
2021-03-16,IOT行业深度追踪系列第14期(2021年2月)：2月天猫平台安卓品牌TWS销量强劲 看好安卓端全年景气持续,新浪
2021-03-15,韦尔股份跌5.96% 中银证券中泰证券中国银河高点喊买,中国经济网
2021-03-15,A股收盘综述：上证指数跌0.96%守住3400关口，创业板指再挫逾4%,Wind
2021-03-15,电子行业专题研究：关注1Q21高景气及VRAR投资机遇,新浪
2021-03-12,中国银河给予韦尔股份推荐评级：乘国产替代东风，CIS龙头持续成长,每日经济新闻
2021-03-12,韦尔股份(603501)：业绩快报靓丽 手机+汽车CIS不断开拓,新浪
2021-03-12,韦尔股份(603501.SH)股东华清龙芯及一致行动人持股比例低于5%,智通财经
2021-03-12,韦尔股份：华清银杏、华清博广、华清龙芯减持约1093万股，占比1.2595% 减持股份,每日经济新闻
2021-03-12,韦尔股份(603501.SH)：华清龙芯等股东已合计减持1.2595%的股份 减持股份,格隆汇
2021-03-12,韦尔股份：持股5%以上股东减持后持股比例低于5% 减持股份,Wind
2021-03-12,韦尔股份份(603501)：乘国产替代东风 CIS龙头持续成长,新浪
2021-03-12,华安证券--电子行业：中美半导体产业技术和贸易限制工作组点评【行业研究】,金融界股吧
2021-03-11,【半导体动态分析】芯片市场传出重磅消息，这些股看涨空间40%,新浪
2021-03-11,芯片板块持续走强,Wind
2021-03-11,中美这一工作组成立！AH股半导体板块瞬间飙升,第一财经
2021-03-11,A股大幅反弹！芯片传来大消息 港股半导体股飙涨,证券时报
2021-03-11,中银证券--电子行业点评：强调科技自立，坚持创新驱动发展【行业研究】,金融界股吧
2021-03-11,芯片刚刚传来大消息，港股半导体股瞬间飙涨！中一签大赚15万，1万股东狂欢，国产CAD龙头毛利率爆表,金融界
2021-03-11,-科技行业智能手机光学公司3月刊：去年疫情低基数推动今年2月同比高增长【行业研究】,金融界股吧
2021-03-11,机构抱团股连续第二日回暖，Wind茅指数升逾1%,Wind
2021-03-11,汽车电子｜汽车芯片缺货缘由及关注重点,中信证券研究
2021-03-10,25股今日获机构买入评级11股上涨空间超20%,证券时报网
2021-03-10,长城证券--电子元器件行业周报：3月上旬面板价格延续强势，2月DRAM存储价格大幅上涨【行业研究】,金融界股吧
2021-03-10,群益证券(香港)--韦尔股份：2020年业绩大幅提升【公司研究】,金融界股吧
2021-03-10,【朝闻国盛0310】调整之后，关注哪些板块？,国盛证券研究所
2021-03-10,半导体行业点评报告：信越硅片提价 全球半导体景气度持续攀升,新浪
2021-03-09,主力资金：尾盘资金疯狂抛售8股 1亿资金抢筹1股（附名单）,新浪
2021-03-09,韦尔股份(603501)：平台型龙头超预期 Q1景气继续上行,新浪
2021-03-09,电子行业周报：被动元器件、硅片涨价 SMIC续约ASML光刻机,新浪
2021-03-09,电子行业3C月报：1月苹果国内份额迅速提升,新浪
2021-03-09,国盛证券--韦尔股份：平台型龙头超预期，Q1景气继续上行【公司研究】,金融界股吧
2021-03-09,光大证券：韦尔股份(603501.SH)20年业绩符合预期，维持“买入”评级,智通财经
2021-03-09,光大证券--韦尔股份跟踪报告之六：20年业绩符合预期，CIS龙头有望持续高速增长【公司研究】,金融界股吧
2021-03-09,大公司早报 | 腾讯为售卖steam离线版游戏道歉 中信国安连续七年财务造假被罚,观察者网
2021-03-09,韦尔股份去年净利27亿元同比增481%！多股年报超预期值得留意,巨丰财经
2021-03-09,华西证券--韦尔股份:“高像素+大底+小像素点”齐发力，CIS增长可期【公司研究】,金融界股吧
2021-03-09,上市公司正负面新闻2021年3月9日星期二,Wind
2021-03-08,【华西电子孙远峰团队-持续坚定推荐韦尔股份】“高像素+大底+小像素点”齐发力，CIS增长可期,远峰电子
2021-03-08,晚间重要公告2021年3月8日星期一,Wind
2021-03-08,电子元件行业周报：淡季不淡的三点理由,新浪
2021-03-08,韦尔股份2020年净利同比增长481%,上证报
2021-03-08,半导体设计业务增长，韦尔股份2020年净利润27.05亿元,资本邦
2021-03-08,韦尔股份业绩快报：2020年度净利润27.05亿元 同比增长481%,财联社
2021-03-08,韦尔股份(603501.SH)披露2020年业绩快报 归母净利同比增4.8倍至27.05亿元,智通财经
2021-03-08,韦尔股份业绩快报：2020年净利27亿元 同比增481%,e公司
2021-03-08,韦尔股份(603501.SH)业绩快报：2020年净利升480.96%至27.05亿元,格隆汇
2021-03-08,韦尔股份业绩快报：2020年净利润27.05亿元，同比增长480.96%,Wind
2021-03-08,【机会挖掘】小鹏汽车开启NGP辅助驾驶挑战 自动驾驶商业化加速,证券时报网
2021-03-08,科技硬件行业周报(3／6)：投资人关注中芯国际批量采购协议变化,新浪
2021-03-08,韦尔股份(603501)：20年业绩符合预期 CIS龙头有望持续高速增长,光大证券
2021-03-05,光大证券--电子行业半导体2月跟踪报告：中芯国际许可证或已落地，功率半导体景气度不减【行业研究】,金融界股吧
2021-03-05,774家公司全年业绩预增,证券之星
2021-03-05,每日理财观察：多只明星基金产品牛年大跌，现在该如何操作？,Wind
2021-03-05,全球市场“黑周四”，美股三连挫！市场在担心什么？,Wind
2021-03-05,A股蓝筹公司盈利情况相对优于整体,Wind
2021-03-04,金融街下午茶2021年3月4日星期四,Wind
2021-03-04,34股今日获机构买入评级10股上涨空间超20%,证券时报网
2021-03-04,3月4日晚间重要行业研究汇总(附股),中金在线
2021-03-04,A股收盘综述：上证指数跌超2%守住3500，钢铁稀土走强、机构抱团股狂泄,Wind
2021-03-04,各种“茅”各种跌，市场担忧什么？,Wind
2021-03-04,隐秘的减持之手，大宗交易异动透视股东动向,Wind
2021-03-04,为何是它们？A股三大“茅”纳入富时中国A50指数,Wind
2021-03-04,野村国际(香港)--韦尔股份：图像传感器芯片龙头，有望在0.7um小像素市场超过索尼【公司研究】,金融界股吧
2021-03-04,电子元器件行业动态点评：半导体行业供需紧张 智能手机需求恢复前景可观,新浪
2021-03-04,富时罗素将3股调入中国A50指数！外资开启“买买买”模式,Wind
2021-03-03,从“高级倒爷”到芯片业首富，虞仁荣与韦尔股份的成长,云掌财经
2021-03-03,比亚迪、顺丰控股、三一重工、智飞生物、韦尔股份等均跌超3%,Wind
2021-03-03,电子行业：5G商用趋势不可逆 毫米波通信前景可期,新浪
2021-03-03,周三证券|高景气不减 半导体再受关注,金融投资报
2021-03-02,韦尔股份：青岛融通减持约615万股，减持计划时间已过半,每日经济新闻
2021-03-02,韦尔股份(603501.SH)：华清龙芯、华清银杏减持期过半合计减持156.74万股 减持股份,格隆汇
2021-03-02,韦尔股份(603501.SH)：青岛融通减持期过半 累计减持0.71%股份 减持股份,格隆汇
2021-03-02,韦尔股份：大股东通集中竞价交易方式累计减持公司156.74万股，占公司总股本的0.18% 减持股份,Wind
2021-03-02,1996家公司预告全年业绩 785家预增,证券之星
2021-03-02,半导体行业深度跟踪报告：多维数据框架详解半导体产业链景气趋势,新浪
2021-03-02,电子行业《周观点》系列：折叠屏有望成趋势 半导体二次涨价延续行业高景气,新浪
2021-03-01,信达证券--电子行业周报：关注MWC上海展会，聚焦行业创新亮点【行业研究】,金融界股吧
2021-03-01,我国集成电路产业规模不断增长，半导体企业有望迎黄金发展期丨牛熊眼,第一财经
2021-03-01,华安证券--电子行业周报：价格继续上行，持续推荐面板和功率半导体板块【行业研究】,金融界股吧
2021-03-01,2021M2面板涨价持续超预期，强烈推荐面板龙头,吉森电子研究
2021-02-26,5G迎风口！10倍牛股再领风骚，多头今安在,Wind
2021-02-26,机构调仓大起底！一些白马股仍在被买入（名单）,证券时报网
2021-02-25,15亿并购失败 圣邦股份维持500亿市值靠什么？ 并购重组异常,新浪
2021-02-25,电子设备、仪器和元件：关注当前时点电子行业中的涨价品种,新浪
2021-02-25,汽车电子行业深度报告：聚焦汽车电动化与智能化 看汽车电子新机遇,新浪
2021-02-25,2194家公司预告全年业绩 899家预增,证券之星
2021-02-25,抱团股继续下挫！北向资金却逆势加仓“茅五”,21世纪经济报道
2021-02-25,IOT深度追踪系列第13期(2021年1月)：1月安卓端TWS线上销量同比+11% 三星手机取消有线耳机标配,新浪
2021-02-24,韦尔股份：控股股东虞仁荣解除质押约297万股,每日经济新闻
2021-02-24,韦尔股份(603501.SH)：控股股东解押296.95万股,格隆汇
2021-02-24,2月24日晚间重要行业研究汇总(附股),中金在线
2021-02-24,电子行业点评报告：半导体重点项目齐发 高技术水平自立自强,新浪
2021-02-24,全年业绩高增长股提前看，624股净利润增幅翻倍,证券之星
2021-02-24,华西证券--电子（半导体）行业：半导体重点项目齐发，高技术水平自立自强【行业研究】,金融界股吧
2021-02-23,分化演绎日趋激烈，半导体板块或出现恢复性反弹,第一财经
2021-02-23,电子行业3C季报：4Q20手机出货同比转正,新浪
2021-02-23,光学行业：点亮世界 看见未来,新浪
2021-02-23,电子周观点：1月手机出货量大幅增长 关注半导体材料国产替代机会,新浪
2021-02-22,超50家手机概念股2020年业绩预告：TOP10企业净利润预达310亿元,搜狐
2021-02-22,电子行业专题研究：果粉换机潮兑现 IC国产替代提速中,新浪
2021-02-22,电子行业周报：《周观点》系列 汽车电子空间巨大 天灾加剧半导体短缺,新浪
2021-02-22,长城证券--电子元器件行业周报：智能手机复苏信号持续强化，面板及半导体景气度推升【行业研究】,金融界股吧
2021-02-22,半导体周报：美国德州恶劣天气加剧全球半导体紧缺 高景气周期延续,新浪
2021-02-22,信达证券--电子行业周报：半导体顺周期板块，功率龙头价值凸显【行业研究】,金融界股吧
2021-02-22,华安证券--电子行业周报：北美雪灾日本地震半导体产能愈发紧张，面板仍处于上升期【行业研究】,金融界股吧
2021-02-22,国海证券--电子行业周报：电子板块震荡、分化格局何时休【行业研究】,金融界股吧
2021-02-22,华泰证券：iPhone销量增长提振果链业绩弹性,Wind
2021-02-21,光学行业深度追踪系列第26期(2021年1月)：受益备货淡季不淡 光学规格持续升级,新浪
2021-02-20,2020红周刊富豪榜,红周刊
2021-02-19,2月19日晚间重要行业研究汇总(附股),中金在线
2021-02-19,深度*行业*电子行业点评：日本地震对半导体产业链的扰动,新浪
2021-02-19,中银证券--电子行业点评：日本地震对半导体产业链的扰动【行业研究】,金融界股吧
2021-02-19,【机会挖掘】美国寒潮导致全球主要芯片制造厂关闭 汽车电子板块或受关注,证券时报网
2021-02-18,华西证券--电子（半导体）：车载芯片持续短缺，预示半导体景气度不减【行业研究】,金融界股吧
2021-02-18,电子(半导体)行业点评报告：车载芯片持续短缺 预示半导体景气度不减,新浪
2021-02-18,新能源汽车、光伏、白酒……最火行业牛年怎么走？,e公司
2021-02-17,韦尔股份：控股股东虞仁荣解除质押750万股及再质押750万股,每日经济新闻
2021-02-16,【银河电子傅楚雄/王恺】两会前瞻丨前瞻两会风向，关注科技创新与产业升级,中国银河证券研究
2021-02-15,押注单一赛道，公募投资呈现“行业化”,中国基金报
2021-02-14,半导体概念股2020年业绩一览：超8成公司业绩预增 61家公司合计盈利176亿元,搜狐
2021-02-10,"韦尔股份现1笔大宗交易 共成交5,702.00万元",新浪
2021-02-10,韦尔股份今日大宗交易成交20万股，成交价285.1元折价5.9%,Wind
2021-02-10,韦尔股份(603501.SH)：控股股东质押及解除质押750万股,格隆汇
2021-02-10,【东北晨会0210】光学行业深度/物管行业点评/公司点评：东宏股份、长城汽车、奇安信,东北证券研究所
2021-02-09,韦尔股份可持股过年吗？,格隆汇
2021-02-09,"韦尔股份现1笔大宗交易 共成交2,817.00万元",新浪
2021-02-09,韦尔股份今日大宗交易成交10万股，成交价281.7元折价5.91%,Wind
2021-02-09,电子行业2020年报前瞻：龙头业绩高增兑现高景气度,新浪
2021-02-09,金融产品交易量跟踪报告,新浪
2021-02-08,电子行业：临近春节市场震荡 逢低布局高成长优质标的,新浪
2021-02-08,2月8日板块复盘：涨涨涨！涨价在产业链蔓延！汽车电子标的股名单来了,中金在线
2021-02-08,电子行业：半导体缺货涨价力度不减 景气度有望延续,新浪
2021-02-08,电子行业《周观点》系列：电子周报 龙头公司业绩亮眼 行业回调迎布局良机,新浪
2021-02-08,电子行业：2021E存储芯片或将增长迅速 半导体设备开支大年,新浪
2021-02-08,【A股午盘综述】上证指数涨逾1%，创业板指涨逾2%,Wind
2021-02-08,2年7倍光伏龙头突曝大消息，股东“甩卖”158亿,证券时报网
2021-02-08,岂止社保减持！更有多只千亿大牛股被抛售，什么信号 减持股份,中国基金报
2021-02-08,押注单一赛道，公募投资呈现“行业化”,Wind
2021-02-07,资本大佬清仓宁波银行，获利超60亿！多只千亿大牛股被减持700亿,中国基金报
2021-02-06,中信证券：流动性收紧担忧下市场或延续慢涨,Wind
2021-02-05,中芯国际-U(688981)：需求旺盛带动业绩增长 扩产成熟制程空间广阔,新浪
2021-02-05,半导体1月跟踪报告：半导体产业持续高景气 涨价缺货蔓延至汽车芯片,光大证券
2021-02-05,机构存分歧 半导体ETF遇冷,中国财富网
2021-02-04,"电子持续回调，""聪明资金""逢低布局",魔都资产管理人
2021-02-04,北向资金 | 合计净流入67.71亿元，宁德时代、韦尔股份、京东方A净买入居前,上游新闻
2021-02-04,北向资金连续5日净买入，宁德时代获大举净买入逾24亿元,Wind
2021-02-03,东兴证券--韦尔股份：三重动力助推，CIS龙头加速崛起【公司研究】,金融界股吧
2021-02-02,A股共发生170宗大宗交易成交38.95亿元（2月2日）,Wind
2021-02-02,韦尔股份(603501.SH)遭股东青岛融通减持489.67万股 减持数量过半 减持股份,智通财经
2021-02-02,韦尔股份：大股东青岛融通累计减持0.56%股份 减持股份,Wind
2021-02-02,韦尔股份(603501.SH)：青岛融通已通过集中竞价减持489.669万股 减持股份,格隆汇
2021-02-02,信达证券--电子行业点评：电子持仓超配下降，机构看好IC设计及安防【行业研究】,金融界股吧
2021-02-02,科技硬件行业周报：关注苹果产业链回调与业绩预报,新浪
2021-02-02,汽车CIS重塑韦尔,新浪
2021-02-02,【万联电子 | 公募基金持仓分析】2020Q4：超配态势依旧，半导体配置创新高,万联证券研究所
2021-02-02,A股机会掘金：汽车股飙涨！智能汽车时代来临 引爆相关产业链标的,中金在线
2021-02-02,自动驾驶加速，智能汽车时代来临，关注产业链股机遇,证券时报网
2021-02-01,韦尔股份现1笔大宗交易 共成交544.40万元,新浪
2021-02-01,跨年行情未变，机构称增量资金将持续支撑市场,Wind
2021-02-01,太平洋--电子设备、仪器和元件行业周报：从悲观中挖掘果链及汽车电子的成长预期及价值【行业研究】,金融界股吧
2021-02-01,新时代证券--韦尔股份2020年报预告点评：业绩超预期，CIS受益于多赛道爆发持续增长【公司研究】,金融界股吧
2021-02-01,新能源汽车行业深度：硅含量拆解,新浪
2021-02-01,苹果公司2021年第一财季业绩解读,吉森电子研究
2021-01-30,回调或许现更佳买点 半导体军工人工智能高景气仍在,金融投资报
2021-01-30,本周北上资金逆市加仓电子股,Wind
2021-01-30,可转债“躺赢”策略已成过去式,Wind
2021-01-29,韦尔股份(603501)：三重动力助推 CIS龙头加速崛起,新浪
2021-01-29,韦尔股份现1笔大宗交易 共成交545.38万元,新浪
2021-01-29,韦尔股份等59股获北向资金连续5天增持,证券时报网
2021-01-29,21股北向资金增持额超亿元，业绩预增股受青睐,证券时报
2021-01-29,白酒不香了？北向资金连续3日净卖出贵州茅台23亿元,21世纪经济报道
2021-01-28,【华西电子孙远峰团队-Q4持仓分析】半导体重仓持续高增，集成电路首次跃居第一,远峰电子
2021-01-28,【兴证电子】Q4电子持仓分析：电子超配比例降低，半导体备受青睐,兴证电子谢恒团队
2021-01-28,【行情】国产芯片板块早盘跳水，圣邦股份跌9%，安集科技、北方华创、富瀚微、韦尔股份等纷纷走弱,金十数据
2021-01-28,订单爆了！增长10多倍，多只半导体公司业绩大爆发,e公司
2021-01-28,709家公司全年业绩预增,证券之星
2021-01-27,多家半导体公司业绩预喜，大基金减持不改行业高景气度丨牛熊眼,第一财经
2021-01-27,"韦尔股份现4笔大宗交易 共成交9,967.65万元",新浪
2021-01-27,国海证券--电子行业周报：2021M1价格涨幅再超预期，强烈推荐面板龙头【行业研究】,金融界股吧
2021-01-27,1292家公司预告全年业绩 644家预增,证券之星
2021-01-27,太平洋证券研究 1月27日最新观点：“山雨”欲来风满楼，坚定看好果链成长方向与空间！,太平洋证券研究
2021-01-27,净买入近70亿后，北向资金开始抛售这只银行股（附名单）,21世纪经济报道
2021-01-27,哪些股票基金抱团程度高？石头科技排第一,Wind
2021-01-26,北向资金今日净卖出35.41亿元，白酒股遭大幅抛售,Wind
2021-01-26,韦尔股份(603501.SH)：控股股东质押1846.15万股,格隆汇
2021-01-26,银河证券每日晨报,新浪
2021-01-26,598家公司全年业绩预增,证券之星
2021-01-26,冷门板块蹿出大黑马！两年狂涨12倍，凭什么？,上证报
2021-01-26,信用负面跟踪20210125,新浪
2021-01-25,电子行业2020Q4基金重仓分析专题：半导体/光学板块重仓规模增长 消费电子环比下降 重仓个股集中度提升,新浪
2021-01-25,电子元件行业：AIOT+汽车智能化驱动消费电子新一轮繁荣,新浪
2021-01-25,韦尔股份：控股股东减持韦尔转债244万张 占发行总量10% 减持股份,e公司
2021-01-25,韦尔股份(603501.SH)：控股股东减持10%韦尔转债 减持股份,格隆汇
2021-01-25,韦尔股份：控股股东减持10%可转债 可转债减持,Wind
2021-01-25,电子行业周报：从主题概念到业绩兑现 中国“芯”全面启动,新浪
2021-01-25,韦尔股份158亿并购助净利两年增逾15倍 虞仁荣成“芯片首富”身家达千亿,长江商报
2021-01-25,524家公司全年业绩预增,证券之星
2021-01-25,中信证券：看好国内科技板块一季度投资机会，首选港股市场,证券时报网
2021-01-25,重磅！2万亿茅台又有大消息、科技股迎利好,Wind
2021-01-24,炸锅！400亿基金经理几乎全仓半导体，还有人更激进,中国基金报
2021-01-23,太轰动！清华毕业、55岁芯片首富放大招，捐200亿筹建“宁波版西湖大学”！旗下A股暴涨45倍，市值达2800亿！,中国基金报
2021-01-23,清华毕业55岁芯片首富捐200亿筹建“宁波版西湖大学” 旗下A股公司市值达2800亿,中国基金报
2021-01-23,芯片首富岀手，捐资200亿筹建“宁波版西湖大学”，教育界频现产业资本,证券时报网
2021-01-23,中国半导体的三个阶段,半导体风向标
2021-01-23,从近500份业绩预告一窥2020年A股公司业绩,Wind
2021-01-23,加码新能源和国产替代，基金四季报透露投资新动向,Wind
2021-01-22,韦尔股份(603501)：2020年业绩超出市场预期 CIS高景气公司龙头地位提升,新浪
2021-01-22,1月22日晚间重要行业研究汇总(附股),中金在线
2021-01-22,A股港股突发跳水！1800亿龙头跌13%，4000亿医药大白马爆发,中国基金报
2021-01-22,发生了什么？早盘A股港股突发跳水 1800亿龙头狂跌,中国基金报
2021-01-22,发生了什么？刚刚，A股港股突发跳水！1800亿龙头狂跌13%， 4000亿医药大白马大爆发，冲击涨停！更有巨头转债猛涨50%熔断,中国基金报
2021-01-22,电子行业：从CES2021看电子科技网联智能发展新趋势,新浪
2021-01-22,诺安成长混合基金规模突破300亿元，蔡嵩松仍重仓半导体,Wind
2021-01-22,半导体迎接重大机遇，下游销售额超万亿（附股）,21世纪经济报道
2021-01-22,1030家公司预告全年业绩 473家预增,证券之星
2021-01-22,韦尔股份(603501)：业绩预增超预期 智能驾驶CIS打开长期空间,新浪
2021-01-21,2021年电子行业年度策略：春回景明需求可期 拨云见日国产崛起,新浪
2021-01-21,深度*公司*韦尔股份(603501)：业绩持续增长 长期成长蓝图可期,新浪
2021-01-21,韦尔股份现1笔大宗交易 共成交597.06万元,新浪
2021-01-21,电子行业深度报告：从智能手机到自动驾驶 光学创新引领先机,新浪
2021-01-21,6000亿龙头大动作！比亚迪半导体上市再获进展,券商中国
2021-01-21,2021年电子行业年度策略：复苏动能显着 国产替代渐入佳境,国联证券
2021-01-21,2021M1价格涨幅再超预期，强烈推荐面板龙头,吉森电子研究
2021-01-21,全年业绩高增长股提前看，243股净利润增幅翻倍,证券之星
2021-01-21,电子行业：台积电21年资本开支大幅增长 全球车用芯片供给紧张,新浪
2021-01-20,首份年报出炉！沃华医药净利增长87%，拟10派2.6元，股价已提前反应！这些公司业绩也将揭晓,证券时报网
2021-01-20,韦尔股份现4笔大宗交易总成交金额1.17亿元,证券时报网
2021-01-20,超九成机构抱团股业绩预增市场表现强势4股热,证券时报
2021-01-20,15公司获得推荐评级-更新中,中财网
2021-01-20,中科创达、韦尔股份等股获机构买入型评级,证券时报网
2021-01-20,"韦尔股份现4笔大宗交易 共成交11,682.50万元",新浪
2021-01-20,千亿市值白马股重回升势！5张图看清其内部分化,Wind
2021-01-20,60股今日获机构买入评级13股上涨空间超20%,证券时报网
2021-01-20,数家芯片龙头年报业绩预喜，韦尔股份净利润涨4至5倍,经济观察网
2021-01-20,韦尔股份(603501)：Q4业绩高速增长 高像素产品助力成长,新浪
2021-01-20,韦尔股份(603501)业绩预告点评报告：四季度业绩环比大幅提升 汽车CIS打开全新成长空间全新成长空间,新浪
2021-01-20,韦尔股份(603501)：Q4业绩超预期增长 高像素产品持续发力,新浪
2021-01-20,107公司利润不断改善35家步入绩优股行列,证券时报网
2021-01-20,韦尔股份(603501)：业绩爆发式增长 未来成长可期,新浪
2021-01-20,全年业绩高增长股提前看，229股净利润增幅翻倍,证券之星
2021-01-20,韦尔股份(603501)：业绩增长符合预期 手机+车载CIS前,新浪
2021-01-20,韦尔股份(603501)：2020Q4业绩再超预期 CIS缺货涨价景气度提升,新浪
2021-01-20,超九成机构抱团股业绩预增，1月以来市场表现强势,Wind
2021-01-20,超九成机构抱团股业绩预增 1月以来市场表现强势,证券时报
2021-01-19,【公司点评】韦尔股份：2020年业绩指引超预期，CIS龙头加速崛起,吉森电子研究
2021-01-19,半导体紧缺或延续至四季度，行业龙头业绩放量增长,第一财经
2021-01-19,韦尔股份(603501.SH)：“韦尔转债”将于1月22日上市,智通财经
2021-01-19,韦尔股份现9笔大宗交易均为折价成交,证券时报网
2021-01-19,韦尔股份(603501.SH)：24.4亿元可转债将于1月22日起在上交所挂牌交易,格隆汇
2021-01-19,"韦尔股份现9笔大宗交易 共成交7,478.36万元",新浪
2021-01-19,韦尔股份半个月飙涨36%，究竟是什么原因？,格隆汇
2021-01-19,韦尔股份预计2020年归母净利润增加19.84亿元至24.84亿元,资本邦
2021-01-19,电子设备、仪器和元件行业：从台积电法说会研判半导体未来发展,新浪
2021-01-19,韦尔股份(603501)：2020年业绩基本符合预期 2021有望持续高增长,新浪
2021-01-19,芯片龙头业绩股价同步创新高 超95%机构抱团股业绩预增,证券之星
2021-01-19,2700亿龙头业绩亮了！韦尔股份去年净利大增4倍以上，CIS全球第一龙头呼之欲出,21世纪经济报道
2021-01-19,韦尔股份(603501)：Q4业绩大增 长期看好汽车CMOS业务,新浪
2021-01-19,净利最高暴增5倍！韦尔股份总市值逼近2800亿,环球老虎财经
2021-01-19,99公司利润不断改善33家步入绩优股行列,证券时报网
2021-01-19,韦尔股份业绩大增 科技股再度活跃,第一财经
2021-01-19,韦尔股份净利大增4倍 这些高成长科技股值得关注,巨丰财经
2021-01-19,402家公司全年业绩预增,证券之星
2021-01-19,A股早报2021年1月19日星期二,Wind
2021-01-19,小K播早报！首批特斯拉国产ModelY交付半导体产业高景气将持续,科创板日报
2021-01-19,连拉3个20%涨停！资金迫切寻找下一个热点,中证报
2021-01-19,半导体板块迎来上涨 券商认为高景气度将继续维持（附股）,第一财经
2021-01-19,中信建投：半导体板块高景气度将继续维持 涨价趋势或将进一步蔓延,Wind
2021-01-19,调整投资节奏，基金经理慎对市场“躁动”,Wind
2021-01-18,芯片板块成抱团新方向？基金经理：市场还会轮动！,中证报
2021-01-18,我国集成电路产量加速增长 封测龙头盈利能力有望持续提升丨牛熊眼,第一财经
2021-01-18,公告精选：王府井筹划吸并首商股份；韦尔股份等公司业绩大幅预增,e公司
2021-01-18,2700亿巨头强势封涨停，净利最高暴增5倍！,中国基金报
2021-01-18,韦尔股份2020年净利预增426%至534%,上证报
2021-01-18,韦尔股份(603501.SH)预计2020年度归母净利润同比增长426.17%到533.55%,智通财经
2021-01-18,韦尔股份：预计2020年净利同比增长426.17%-533.55%,格隆汇
2021-01-18,韦尔股份涨停股价创新高，2020年业绩大幅预增,第一财经
2021-01-18,55岁中国芯片首富，捐出200亿：建一所理工大学,猎云网
2021-01-18,涨停复盘 | 多点开花 个股普涨 宜宾纸业收获9连板,第一财经
2021-01-18,韦尔股份：2020年度净利润预增426.17%到533.55%,e公司
2021-01-18,韦尔股份：2020净利增加19.84亿-24.84亿 同比增426.17%-533.55%,新浪
2021-01-18,韦尔股份：预计2020年净利润同比将增加19.84亿-24.84亿元,36氪
2021-01-18,涨停板解密：化工股迎涨停潮！（1月18日）,Wind
2021-01-18,1月18日晚间重要行业研究汇总(附股),中金在线
2021-01-18,电子行业周报：台积电资本开支超预期 面板价格上行板块业绩亮眼,华安证券
2021-01-18,科技硬件周报：投资人关注台积电业绩,新浪
2021-01-18,半导体板块发力走高 韦尔股份一度涨停再创新高,证券时报网
2021-01-18,芯片ETF大涨超6%，今年以来累计涨幅超18%,Wind
2021-01-18,电子半导体板块持续走高，韦尔股份涨停，成交额超37亿元,Wind
2021-01-18,芯片股大爆发！千亿资金狂买这类股，新抱团来了？,中国基金报
2021-01-18,1.8万亿新资金抱团，新宠是谁？,上证报
2021-01-18,光学行业深度追踪系列第25期(2020年12月)：2020多重因素扰动 2021光学加速升级,新浪
2021-01-18,A股异动|韦尔股份(603501.SH)涨超9%创历史新高市值超2700亿元,格隆汇
2021-01-18,半导体概念股直线攀升，思瑞浦涨超10%,Wind
2021-01-18,台积电2020Q4业绩解读及2021Q1展望,吉森电子研究
2021-01-18,抱团股走向关键时点，多家机构发警示，内外资仍在抢筹,券商中国
2021-01-17,安信研究|晨会在线20210119,安信证券研究
2021-01-15,晚间重要公告2021年1月15日星期五,Wind
2021-01-15,韦尔股份(603501.SH)：股东青岛融通累计减持1880.72万股持股降至5%以下 减持股份,格隆汇
2021-01-15,"韦尔股份现2笔大宗交易 共成交5,239.80万元",新浪
2021-01-15,韦尔股份：青岛融通累计减持公司2.16%股权 减持股份,e公司
2021-01-15,韦尔股份:股东青岛融通累计减持公司1881万股 占总股本的2.1677% 减持股份,新浪
2021-01-15,韦尔股份：青岛融通减持2.1677%股份 减持股份,Wind
2021-01-15,华龙内参2021年第10期 总第841期(电子版)：指数跌 个股涨,新浪
2021-01-15,A股异动 | 韦尔股份(603501.SH)涨6.48% 股价再创历史新高,格隆汇
2021-01-15,汽车芯片短缺 概念股已涨飞！2021年科技股最大的方向是智能汽车,红周刊
2021-01-15,高端制造集体提速,南方财经网
2021-01-14,图像传感器严重短缺，龙头厂商大幅提价,Wind
2021-01-14,韦尔股份(603501.SH)：减持期届满2名董事合计减持135.5万股 减持股份,格隆汇
2021-01-14,出口型企业黑马频出，“双冠王”实至名归,Wind
2021-01-14,解盘：题材股反弹，光刻胶、IDC、摄像头、高铁领涨,Wind
2021-01-14,半导体板块拉升，韦尔股份、中芯国际-U、三安光电、卓胜微、中微公司等普涨,Wind
2021-01-14,【行情】半导体板块开盘走高，晶方科技大涨6%，三环集团、韦尔股份、南大光电、圣邦股份走高,金十数据
2021-01-13,芯片行业前景一片大好,Ofweek
2021-01-13,金融产品交易量跟踪报告,新浪
2021-01-13,A股公司纷纷亮相CES，消费电子产业有望迎来新发展周期,Wind
2021-01-12,“高级倒爷”变身中国芯片首富，背后是谁的力量？,华夏时报
2021-01-12,"韦尔股份现4笔大宗交易 共成交13,148.20万元",新浪
2021-01-12,风向真的变了，涨到极致股东减持意愿也降低？,Wind
2021-01-12,电子周报：智能车步入新时代 汽车电子迎来高速成长期,新浪
2021-01-12,电子行业周报：荣耀5G新机发布 面板价格继续上行,华安证券
2021-01-12,【银河晨报】1.12丨1季度CPI仍然负增长—2020年12月通胀点评,中国银河证券研究
2021-01-12,什么信号？A股创开年最大跌幅，抱团更向龙头集中,证券时报网
2021-01-11,半导体龙头再创历史新高，市值逼近中芯国际！光学赛道高景气，持续高增长股曝光,证券时报网
2021-01-11,"韦尔股份现6笔大宗交易 共成交15,816.56万元",新浪
2021-01-11,电子行业周报：面板价格涨势不休 苹果月度数据上佳,新浪
2021-01-11,汽车芯片“告急”！韦尔股份等概念股应声大涨,环球老虎财经
2021-01-11,A股收盘综述：上证指数跌1.08%，新能源、白酒、资源板块集体回调,Wind
2021-01-11,重磅突发！百度宣布重大决定，龙头股秒板，超5万手大单封死涨停,证券时报网
2021-01-11,半导体股集体走强韦尔股份、三安光电创历史新高,格隆汇
2021-01-11,解盘：人气略有回升，半导体设备、稀土、摄像头、汽车领涨,Wind
2021-01-11,A股午盘综述：上证指数跌0.23%，半导体、汽车、石化板块走强,Wind
2021-01-11,半导体板块走势活跃，涨价潮蔓延，行业景气度持续向上,证券时报网
2021-01-11,比亚迪、海康、三一、长城、药明康德、万华化学等明星股市值均刷新历史新高,Wind
2021-01-11,芯片短缺，全球五大车企同时告急，相关概念股应声大涨,第一财经
2021-01-11,芯片短缺催生行情，芯片板块今早大幅走强,Wind
2021-01-11,韦尔股份涨超8%再创新高，市值突破2500亿元,Wind
2021-01-11,【行情】半导体板块走高，铜峰电子封板，韦尔股份涨5%，全志科技、扬杰科技、兆易创新、华润微、士兰微跟涨,金十数据
2021-01-11,北向资金一周动向盘点：放大量，战略性调仓,Wind
2021-01-11,固态电池大事件，续航超1000公里！蔚来重磅发布150度电池包,证券时报网
2021-01-10,电子行业周报：SEMI上调全球半导体材料市场预测 我国将超越韩国位居全球第二,新浪
2021-01-08,韦尔股份：董事、高级管理人员减持0.09%股份 减持股份,Wind
2021-01-08,韦尔股份：控股股东虞仁荣累计减持600万股，占公司总股本的0.69% 减持股份,Wind
2021-01-08,韦尔股份(603501.SH)：副总经理纪刚减持数量过半累计减持80万股 减持股份,格隆汇
2021-01-08,韦尔股份(603501.SH)：控股股东减持数过半累计减持600万股 减持股份,格隆汇
2021-01-08,韦尔股份旗下豪威科技发布4000万像素智能手机图像传感器,格隆汇
2021-01-08,2020年11月中国消费电子行业月报：光学升级拐点 品牌格局重塑,新浪
2021-01-07,半导体芯日报|基金经理：新能源光伏至少有10倍空间 半导体也一样,新浪
2021-01-07,预计业绩会大幅增长的科技股,证券导报
2021-01-07,北向资金动向盘点：重手卖出食品饮料、医药,Wind
2021-01-07,北向资金大幅抛售白酒股，却增持这一板块（附股）,21世纪经济报道
2021-01-06,北向资金合计净流入2.36亿元，韦尔股份、中国平安、中国中免净买入额居前,重庆商报
2021-01-06,"韦尔股份现2笔大宗交易 共成交5,048.61万元",新浪
2021-01-06,北向资金净买入2.36亿元韦尔股份获净买入3.95亿元,格隆汇
2021-01-06,北向资金今日净买入2.36亿元，白酒股持续遭减仓,Wind
2021-01-06,解盘：成交量放大，军工、基建、乳业、高端装备领涨,Wind
2021-01-06,芯片股局部活跃，韦尔股份、中芯国际-U、中微公司、寒武纪-U走强,Wind
2021-01-06,快讯：半导体板块走高 韦尔股份大涨5%,新浪
2021-01-06,【行情】半导体板块走高，韦尔股份大涨5%，中芯国际涨4%，沪硅产业、卓胜微、长电科技等走高,金十数据
2021-01-06,半导体行业又掀涨价潮 机构看好5大主线（附股）,科创板日报
2021-01-06,半导体新年涨价潮至：多家上市公司发函提价，产业链连锁反应加剧,Wind
2021-01-06,中证报头版：成交续破万亿，春季行情分化特征凸显,Wind
2021-01-05,韦尔股份(603501.SH)：控股股东一致行动人虞小荣累计减持58.88万股减持计划实施完成 拟减持股份,格隆汇
2021-01-05,韦尔股份：控股股东一致行动人累计减持0.07%公司股份 减持股份,Wind
2021-01-05,"韦尔股份现4笔大宗交易 共成交11,013.99万元",新浪
2021-01-05,涨停板解密：食品饮料板块火爆引领市场（1月5日）,Wind
2021-01-05,半导体板块发力拉升 韦尔股份晶方科技等涨停,证券时报网
2021-01-05,韦尔股份股价创新高，融资客抢先加仓,证券时报网
2021-01-05,芯片板块拉升，闻泰科技、韦尔股份、紫光国微领涨,Wind
2021-01-05,32股获券商买入评级，成都银行目标涨幅达52.91%,Wind
2021-01-04,电子行业周报：电子板块2020年度行情回顾及2021年投资展望,国海证券
2021-01-04,电子行业-半导体：厉兵秣马 迈入“芯”征程,新浪
2021-01-04,电子行业周报：面板维持上涨 半导体产能紧张依旧,华安证券
2021-01-04,上海韦尔半导体股份有限公司 公开发行可转换公司债券发行结果公告,中证报
2021-01-03,韦尔股份(603501)：OV64B重塑非旗舰手机主摄CIS格局,广发证券
2021-01-01,2021年券商看好的十大板块,Wind
2020-12-31,一份研报引爆牛市？至少25只个股评级被调高，来看名单,券商中国
2020-12-29,韦尔股份(603501.SH)可转债网上中签结果出炉：中签号共625516个,格隆汇
2020-12-29,35股获券商买入评级 华宇软件目标涨幅达93.41%,Wind
2020-12-28,转债申购结果：韦尔股份转债公布中签率,中财网
2020-12-28,年报行情提前预热，两大特征提前锁定98只黑马,Wind
2020-12-28,电子周报：快充和激光雷达步入快车道 半导体景气度高昂,新浪
2020-12-28,电子行业周报：小米11取消标配充电头 关注快充投资机遇,新浪
2020-12-28,韦尔股份(603501)：发行可转债建设RW产线 提升竞争力,广发证券
2020-12-28,传京东方12月已向iPhone 12产品供货OLED面板,Ofweek
2020-12-28,5股获买入评级 最新:潍柴动力,中财网
2020-12-27,【民生研究】周观点汇总：关注景气度触底而估值承压的板块投资机会,MS研究
2020-12-27,【中信建投电子|刘双锋&雷鸣团队】周报：安卓新机密集发布，光学升级仍为主要趋势；晶圆产能供不应求将持续至21H1,中信建投电子研究
2020-12-25,电子行业2021年投资策略报告：经济复苏创新驱动 电子行业景气上行,新浪
2020-12-25,韦尔股份(603501)公司点评：转债募资封测后道 强化CIS龙头地位,新浪
2020-12-24,韦尔转债投资价值分析：CMOS图像传感器芯片设计领先企业,新浪
2020-12-24,韦尔股份拟公开发行24.4亿元可转债，加码CMOS图像传感器,搜狐
2020-12-24,力芯微：净利润水分大 关联交易释而不清,新浪
2020-12-24,韦尔股份(603501)：发行可转债 加大布局CMOS研发及晶圆封测,新浪
2020-12-24,“拟大比例减持+业绩堪忧股”名单来了 拟减持股份,证券时报网
2020-12-24,银河证券：国产替代将是电子行业的重要旋律 看好半导体产业链保持较高景气度,证券时报网
2020-12-24,【银河晨报】12.24丨电子：以日本为鉴，看中国电子行业未来之路,中国银河证券研究
2020-12-23,韦尔股份(603501.SH)拟公开发行24.4亿元可转换公司债券,智通财经
2020-12-23,他山之石系列：以日本为鉴 看中国电子行业未来之路,新浪
2020-12-23,韦尔股份(603501.SH)拟发行24.4亿元可转债初始转股价222.83元/股,格隆汇
2020-12-23,【兴证固收·转债】CMOS图像传感器芯片设计领先企业——韦尔转债投资价值分析,兴证固收研究
2020-12-23,IOT深度追踪系列第11期(2020年11月)：年末大促IOT需求整体旺盛 AIRPODSMAX供需仍趋紧,新浪
2020-12-22,光学行业深度追踪系列第24期：安卓端AP芯片缺货为短期扰动 苹果端拉货动能持续,新浪
2020-12-22,方正证券：汽车半导体研究框架,方正证券
2020-12-22,芯片股整体疲软，立昂微、韦尔股份、富瀚微、卓胜微领跌,Wind
2020-12-22,电子行业周报：功率半导体板块投资机会解析,国海证券
2020-12-21,【研报掘金】中芯国际被列入实体清单叠加税务优惠 半导体国产替代有望加速,证券时报网
2020-12-21,电子行业周报：面板继续上行 政策精准扶持晶圆制造,华安证券
2020-12-19,半导体深度报告：三大周期再度共振，开启上行周期,新浪
2020-12-19,力芯微：净利润水分大 关联交易释而不清,证券市场周刊
2020-12-18,"韦尔股份现1笔大宗交易 共成交1,064.40万元",新浪
2020-12-18,芯片关键技术获重大突破！集成电路全名单出炉,证券时报网
2020-12-17,韦尔董事长虞仁荣捐资200多亿元在宁波建设一所新型研究型大学,新浪
2020-12-17,韦尔股份近期遭多次减持 青岛融通已再减持903万股 减持股份,GPLP犀牛财经
2020-12-17,轰动网络！芯片首富岀手，捐资200亿筹建“宁波版西湖大学”，教育界频现产业资本,证券时报网
2020-12-16,韦尔股份现1笔大宗交易 共成交217.00万元,新浪
2020-12-15,韦尔股份现1笔大宗交易 共成交214.00万元,新浪
2020-12-15,斯达半导、新洁能闪崩跌停拖累半导体板块，中芯国际-U、韦尔股份等大跌,Wind
2020-12-15,电子元器件周报：电子元器件涨价趋势蔓延 行业景气度维持上行,新浪
2020-12-15,电子周报：部分芯片缺货影响镜头放量 半导体芯芯向荣,新浪
2020-12-15,2020年十大减持王曝光 药明康德套现金额居首 减持股份,投资快报
2020-12-14,韦尔股份(603501.SH)遭主要股东青岛融通减持902.96万股 减持股份,智通财经
2020-12-14,电子投资新机遇：新时代、新格局,新浪
2020-12-14,韦尔股份(603501.SH)：控股股东虞仁荣质押700万股,格隆汇
2020-12-14,"韦尔股份现3笔大宗交易 共成交6,053.90万元",新浪
2020-12-14,韦尔股份(603501.SH)：股东青岛融通减持比例达1.0456% 减持股份,格隆汇
2020-12-14,韦尔股份：青岛融通累计减持比例达总股本1.0456% 减持股份,Wind
2020-12-14,12月新增近300笔上市公司减持计划，呈现四大特征,Wind
2020-12-14,电子行业周报：面板价格维持上涨 半导体产能紧张持续,华安证券
2020-12-14,A股早报2020年12月14日星期一,Wind
2020-12-14,【银河电子】2021年度策略：新时代、新格局、电子投资新机遇,中国银河证券研究
2020-12-14,“缺芯”再度蔓延，有人在操纵产业链？大资金在筹划跑路了,e公司
2020-12-12,A股离奇一幕：尾盘砸盘多只大蓝筹，扫货茅台工行,Wind
2020-12-12,A股离奇一幕：尾盘砸盘多只大蓝筹，同时扫货茅台工行,Wind
2020-12-12,汽车缺“芯”背后：危机真实存在，影响相对有限,证券时报
2020-12-11,"韦尔股份现2笔大宗交易 共成交21,590.00万元",新浪
2020-12-11,北向资金今日净卖出39.68亿元，洋河股份等3股净卖出额创历史新高,Wind
2020-12-11,什么情况？权重股收盘集合竞价频现亿元大单进出,Wind
2020-12-11,融资客青睐10股，城市传媒买入占比高达38.05%,Wind
2020-12-11,韦尔股份(603501)点评：受益汽车智能化发展 深度布局车载CIS,新浪
2020-12-11,近三日净买入超120亿元 北向资金准备过年？,21世纪经济报道
2020-12-11,2股获买入评级 最新:韦尔股份,中财网
2020-12-11,上证早知道│北向资金持续加仓，3个交易日净买入超120亿元；上市公司密集披露股权回购预案,中国证券网
2020-12-11,北向资金动向盘点：再度试水周期类,Wind
2020-12-11,北向资金3天加仓120亿元 部分科技股获青睐,上证报
2020-12-10,晚间要闻2020年12月10日星期四,Wind
2020-12-10,韦尔股份发生31笔大宗交易合计成交3.18亿元,证券时报网
2020-12-10,"韦尔股份现31笔大宗交易 共成交31,775.30万元",新浪
2020-12-10,北向资金今日净流入15亿元，净卖出五粮液5.78亿元,第一财经
2020-12-10,北向资金今日净买入15.22亿元，贵州茅台连续6日获净买入,Wind
2020-12-10,韦尔股份(603501.SH)：控股股东一致行动人解押4083.9009万股,格隆汇
2020-12-10,半导体行业将迎拐点？机构称未来3-5年仍是投资主线丨牛熊眼,第一财经
2020-12-10,【行情】半导体板块继续走强，斯达半导逼近涨停，韦尔股份、立昂微涨超7%，思瑞浦、新洁能、华润微等个股涨逾5%,金十数据
2020-12-10,【行情】半导体板块大涨，韦尔股份大涨9%，斯达半导、立昂微、新洁能等跟涨,金十数据
2020-12-09,苹果发布AirPods Max 这些概念股有望站上风口丨牛熊眼,第一财经
2020-12-09,30倍芯片龙头遭大举套现，年内减持近50亿元！苹果新耳机来了，售价4399元，TWS概念飙涨（附股） 减持股份,证券时报
2020-12-09,30倍芯片龙头遭大举套现 苹果新耳机引爆TWS概念股,证券时报
2020-12-09,2021科技行业展望：需求回暖上升 格局稳中有变,新浪
2020-12-09,贝壳投研：国产替代的千亿赛道，为什么说射频芯片的春风来了？,新浪
2020-12-09,韦尔股份：两位大股东因业务发展，拟减持不超过863.56万股 拟减持股份,资本邦
2020-12-09,上市公司正负面新闻2020年12月9日星期三,Wind
2020-12-08,业绩暴增半导体股走势分化 这只10倍大牛股已累跌14%,第一财经
2020-12-08,晚间公告热点追踪：芯片龙头频遭大股东减持 锂业巨头引战解围,新浪
2020-12-08,晚间重要公告2020年12月8日星期二,Wind
2020-12-08,韦尔股份：俩股东拟合计减持不超1% 拟减持股份,格隆汇
2020-12-08,韦尔股份：贾渊合计减持0.0397%公司股份 减持股份,Wind
2020-12-08,韦尔股份(603501.SH)：华清银杏及华清龙芯拟合计减持不超863.56万股 拟减持股份,格隆汇
2020-12-08,韦尔股份：华清银杏、华清龙芯拟减持不超过总股本1% 拟减持股份,Wind
2020-12-08,韦尔股份(603501.SH)：董事贾渊累计减持34.25万股 减持数量过半 减持股份,格隆汇
2020-12-08,一个交易日差距缩小7%！基金年度冠军悬念又来了,Wind
2020-12-08,电子行业周报：半导体设备板块中华峰测控何以走出独立行情,国海证券
2020-12-08,国际芯片巨头率先大抬价 六大受益股他来了,证券时报
2020-12-07,电子行业周报：半导体近期涨价梳理,新浪
2020-12-07,"韦尔股份现1笔大宗交易 共成交10,000.00万元",新浪
2020-12-07,电子(半导体)行业点评报告：半导体产业链格局优化 国产设备空间大,新浪
2020-12-07,半导体缺货全链涨价芯片巨头股价新高A股相关概念股逆市跟涨,财华社
2020-12-07,【东吴电子王平阳团队】半导体周报：半导体近期涨价梳理,东吴电子研究
2020-12-07,电子行业周报：全球半导体周期再次启动 苹果备货超预期,新浪
2020-12-07,北向资金一周动向盘点：净买245亿元，攻防兼备,Wind
2020-12-06,【华西电子孙远峰团队—半导设备】半导体产业链格局优化，国产设备空间大,远峰电子
2020-12-06,招商策略：年底值得关注的两大产业趋势变化,招商策略研究
2020-12-06,粤开策略：回测十年寻规律，跨年行情或开启,粤开崇利论市
2020-12-05,北向资金连续5周净买入，金额创近21周新高；这些行业与个股被大幅增持（附股）,21世纪经济报道
2020-12-04,"韦尔股份现1笔大宗交易 共成交1,817.01万元",新浪
2020-12-03,韦尔股份一月内现多次减持：控股股东套现18亿，大股东锁定期后“闪电”离场 减持股份,华夏时报
2020-12-03,策略月报-2020年12月投资策略：跨年行情徐徐展开 积极布局均衡配置,新浪
2020-12-03,北向资金动向盘点：休整，减仓两大方向,Wind
2020-12-03,沪指摸高，北向资金却终结四天净买入！大幅卖出这些个股（名单）,21世纪经济报道
2020-12-02,"韦尔股份现2笔大宗交易 共成交12,119.60万元",新浪
2020-12-02,半导体板块午后继续走强 瑞丰光电涨12.41%,证券时报网
2020-12-02,【行情】芯片板块午后拉升，中芯国际-U、韦尔股份、闻泰科技、兆易创新、沪硅产业-U普涨,金十数据
2020-12-02,芯片板块午后拉升，中芯国际-U、韦尔股份、闻泰科技、兆易创新普涨,Wind
2020-12-01,韦尔股份(603501)：高端产品加速布局 受益小像素趋势,新浪
2020-12-01,指数成份股调整折射经济转型升级，增强股市“晴雨表”功能,Wind
2020-11-30,【华西电子孙远峰团队-持续推荐CIS*首推韦尔】高端产品加速布局，受益小像素趋势,远峰电子
2020-11-30,韦尔股份现2笔大宗交易均为折价成交,证券时报网
2020-11-30,"韦尔股份现2笔大宗交易 共成交3,672.77万元",新浪
2020-11-30,电子(半导体)行业点评报告：半导体材料需求看涨 联动晶圆产能扩张,新浪
2020-11-30,大象起舞，上证50创2008年2月以来新高,Wind
2020-11-30,半导体板块拉升，北京君正、韦尔股份直线冲高,Wind
2020-11-30,小K播早报！科创板股票或明年纳入沪深港通股票范围零跑汽车或明年登陆科创板,科创板日报
2020-11-29,【华西电子孙远峰团队-半导材料&晶圆扩张】半导体材料需求看涨，联动晶圆产能扩张,远峰电子
2020-11-29,半年度指数成分调整对资本市场影响点评：指数成分新增科创板标的 科创板互联互通箭在弦上,新浪
2020-11-29,深度*行业*电子行业2021年度策略：掘金高景气板块 把握涨价行情,新浪
2020-11-29,下周49只股解禁 这只食品小白马近80亿市值将解禁意外涨停 解禁,金融界
2020-11-29,韦尔股份等热门概念股下周将解禁 解禁,证券时报网
2020-11-29,近80亿市值将解禁，这只食品小白马意外涨停 解禁,证券时报
2020-11-29,近80亿市值将解禁 这只股却涨停！这些股下周解禁 解禁,证券时报
2020-11-28,下周705亿市值限售股解禁，环比增加95.31% 解禁,Wind
2020-11-27,韦尔股份股东减持计划已实施完成 拟减持股份,上证报
2020-11-27,韦尔股份：持股5%以上非第一大股东合计减持1%股份 减持股份,Wind
2020-11-27,韦尔股份(603501.SH)：华清银杏、华清龙芯减持完毕合计减持1%股份 减持股份,格隆汇
2020-11-27,韦尔股份：华清银杏、华清龙芯、华清博广合计减持1.03%股份 减持股份,Wind
2020-11-27,高盛：A股明年回报16%，尤其看好人民币升值潜力,券商中国
2020-11-26,A股资讯晨报,新浪
2020-11-25,"韦尔股份现2笔大宗交易 共成交2,747.28万元",新浪
2020-11-25,可转债周报：周期主线清晰 把握节奏,渤海证券
2020-11-25,电子(半导体)行业：晶圆制造&封测双看涨 产业链条景气传导向上,新浪
2020-11-24,中兴通讯被问询，要求说明本次募集配套资金的必要性 问询,Wind
2020-11-24,"韦尔股份现15笔大宗交易 共成交10,269.92万元",新浪
2020-11-24,韦尔股份(603501)跟踪报告之四：48M王者归来 64M君临天下,光大证券
2020-11-24,半导体将现涨价潮？8英寸产能持续紧张 长期供需矛盾背后原因有二,科创板日报
2020-11-24,A股早报2020年11月24日星期二,Wind
2020-11-23,晚间重要公告2020年11月23日星期一,Wind
2020-11-23,韦尔股份(603501.SH)：约1980.45万股限制性股票11月30日解禁 解禁,格隆汇
2020-11-23,韦尔股份：调整杭州豪芯的出资架构,Wind
2020-11-22,A股百家半导体厂商平均获政府补贴5500万，前10家公司合计获政府补贴37.4亿,搜狐
2020-11-22,电子元件行业周报：从M1芯片读苹果生态的野望,新浪
2020-11-21,上市公司正负面新闻2020年11月21日星期六,Wind
2020-11-21,韦尔股份控股股东虞仁荣拟减持不超过900万股 拟减持股份,中国经济网
2020-11-20,晚间重要公告2020年11月20日星期五,Wind
2020-11-20,又发减持公告！韦尔股份实控人拟减持900万股，最高套现或超18亿元 拟减持股份,环球老虎财经
2020-11-20,"韦尔股份现1笔大宗交易 共成交3,816.80万元",新浪
2020-11-20,韦尔股份(603501.SH)：控股股东拟减持不超1.0422%股份 拟减持股份,格隆汇
2020-11-20,韦尔股份：控股股东拟减持不超过总股本1.0422% 拟减持股份,Wind
2020-11-19,【华西电子-IC WORD纪要（下）半导体材料国产化自主创新路径】,远峰电子
2020-11-19,策略专题报告：冰火两重天的市场 机会何在？,西南证券
2020-11-19,上证吹响冲锋号，再不突破，股民就要疯了！,新浪
2020-11-19,"韦尔股份现18笔大宗交易 共成交17,349.79万元",新浪
2020-11-18,韦尔股份(603501.SH)：公开发行可转债申请获中国证监会核准,格隆汇
2020-11-18,【热点报告——股指期货】2020年12月主要规模指数成分股调整预测,东证衍生品研究院
2020-11-17,解禁来了、质押解了，A股今年减持也多了,上证报
2020-11-17,解禁来了、质押解了 A股今年减持也多了 解禁,上证报
2020-11-16,韦尔股份(603501.SH)：274.0661万份股票期权符合行权条件,格隆汇
2020-11-16,手机概念股近4个月股价跌幅排行榜：38家企业跌幅超30%,搜狐
2020-11-16,机构五日抢筹15股 主力资金大量流入,证券之星
2020-11-15,龙虎榜揭秘：6股获机构及北向资金集体抢筹,证券时报
2020-11-14,周期股轮番上涨活力四射 科技股高位遇阻股价承压,财富动力网
2020-11-14,半导体产业空间巨大 细分龙头加速成长,金融投资报
2020-11-13,"韦尔股份现7笔大宗交易 共成交1,507.63万元",新浪
2020-11-13,减持意愿增强，千余股套现3300多亿（附股） 减持股份,证券时报网
2020-11-13,半导体芯片龙头股频遭减持，大基金年内套现近90亿元 减持股份,第一财经
2020-11-12,半导体芯片龙头股频遭减持，大基金年内套现近90亿元 减持股份,第一财经
2020-11-12,投资韦尔股份3年回报超7倍，“清华系”和青岛融通加速离场！,环球老虎财经
2020-11-12,"韦尔股份现17笔大宗交易 共成交14,903.78万元",新浪
2020-11-12,部分半导体上市公司回应：股东减持不会影响企业经营丨公司问答,第一财经
2020-11-12,科技产业2021年投资策略：科技进步与中美再平衡下的新机遇,新浪
2020-11-12,A股早报2020年11月12日星期四,Wind
2020-11-12,中信证券：A股科技板块估值回调后配置价值进一步凸显,证券时报网
2020-11-12,每日理财观察：《智能网联汽车技术路线图 2.0》发布,Wind
2020-11-12,6倍芯片巨头罕见跌停，背后原因或是它？,证券时报网
2020-11-12,电子行业2021年度策略报告：深练内功 厚积薄发,新浪
2020-11-12,1700亿芯片龙头也难挡“双11”股价打折!194亿市值蒸发 连续下跌,中国财富网
2020-11-11,11月11日龙虎榜，机构青睐这11股,证券时报网
2020-11-11,沪股通现身韦尔股份龙虎榜净买入8166万元,证券时报网
2020-11-11,大龙头闪崩砸晕A股，但对后市不宜悲观！ 连续下跌,新浪
2020-11-11,2020年年末主要宽基指数样本股调整预测：电子和医药行业个股升档较多,新浪
2020-11-11,电子行业研究：20Q3电子股持仓维持高位 消费电子、安防配置热度上升,新浪
2020-11-11,韦尔股份龙虎榜数据（11月11日）,Wind
2020-11-11,机构现身21股，净买入比亚迪1.62亿元、净卖出韦尔股份3.68亿元,第一财经
2020-11-11,金融街下午茶2020年11月11日星期三,Wind
2020-11-11,跌停板解密：大单出逃，前期强势股轮流被抛售！（11月11日）,Wind
2020-11-11,韦尔股份今日跌停 三机构合计卖出4.5亿元,第一财经
2020-11-11,韦尔股份跌停 辜负中泰证券东北证券西南证券唱多情？,中国经济网
2020-11-11,市场要闻丨韦尔股份尾盘跌停，“网红”基金诺安成长再次跌上热搜,36氪
2020-11-11,A股收盘综述：创业板指跌逾3%，创两个月最大跌幅,Wind
2020-11-11,快讯：韦尔股份尾盘跌停封板 成交额逾36亿元,新浪
2020-11-11,A股异动 | 韦尔股份(603501.SH)跌逾6% 股东青岛融通拟减持公司不超1%股份 拟减持股份,格隆汇
2020-11-11,浮盈近万亿创纪录！北上资金加仓榜解密赚钱秘诀,证券时报网
2020-11-11,半导体板块走弱 韦尔股份跌超6%,e公司
2020-11-11,量化｜电子和医药行业个股升档较多：2020年年末主要宽基指数样本股调整预测,中信证券研究
2020-11-10,晚间重要公告2020年11月10日星期二,Wind
2020-11-10,韦尔股份(603501.SH)：持股5.6032%股东青岛融通拟减持不超1%股份 拟减持股份,格隆汇
2020-11-10,韦尔股份：青岛融通拟减持不超过总股本1% 拟减持股份,Wind
2020-11-10,电子行业周报：面板继续上行 5G手机销量有望大增,华安证券
2020-11-10,2020年10月陆股通持仓分析：历史上北上资金如何布局春季行情?,新浪
2020-11-10,韦尔股份股东青岛融通减持690.86万股 套现13亿元 减持股份,中国经济网
2020-11-09,韦尔股份现21笔大宗交易均为折价成交,证券时报网
2020-11-09,"韦尔股份现21笔大宗交易 共成交27,608.36万元",新浪
2020-11-09,韦尔股份：北京市天元律师事务所关于上海韦尔半导体股份有限公司2020年股票期权激励计划调整授予对象及授予数量相关事项的法律意见,证券之星
2020-11-09,韦尔股份(603501.SH)：青岛融通减持完毕 累计减持690.86万股 减持股份,格隆汇
2020-11-09,韦尔股份：青岛融通减持0.8%公司股份 减持股份,Wind
2020-11-09,半导体劲升6%，北上200亿扫货，行情回来了,Wind
2020-11-09,A股沸腾，半导体板块涨8%！聪明钱188亿杀入,e公司
2020-11-09,芯片行业景气度延续，板块领涨A股,Wind
2020-11-09,融资客青睐10股，恒逸石化买入占比高达46.21%,Wind
2020-11-08,【东吴电子王平阳团队】半导体周报：8寸晶圆供不应求，新一轮价格上升周期开启,东吴电子研究
2020-11-08,本周股市龙虎榜一览：韦尔股份最受机构青睐,搜狐
2020-11-08,股东高位出货，10亿+大甩卖，股价走势让人想不到,Wind
2020-11-07,韦尔股份单季净利7.36亿 晶圆代工企业竞争格局及集中度分析2020,长江商报
2020-11-07,陆家嘴财经早餐2020年11月7日星期六,Wind
2020-11-07,10天成交200亿 龙虎榜揭秘机构调仓新方向,上证报
2020-11-06,"今日共60只股票出现大宗交易, 明星营业部历史平均跑赢大盘2.44%",云掌财经
2020-11-06,"韦尔股份现11笔大宗交易 共成交3,106.70万元",新浪
2020-11-06,北向资金逆势净流入39.81亿元，格力电器再获净买入12.19亿元居首,Wind
2020-11-06,韦尔股份(603501.SH)：控股股东一致行动人减持数过半累计减持29.44万股 减持股份,格隆汇
2020-11-06,韦尔股份：控股股东一致行动人累计减持0.03%股份，减持数量过半 减持股份,Wind
2020-11-06,长电科技、华天科技、韦尔股份拉升，半导体板块收窄跌幅,Wind
2020-11-06,白马股闪崩原因？机构10天内密集调仓换股,上证报
2020-11-06,电子元器件周报：IPHONE12系列销量前景乐观 本土封测行业迎来利润释放期,新浪
2020-11-05,"韦尔股份现12笔大宗交易 共成交3,871.58万元",新浪
2020-11-05,韦尔股份：近期股东华清银杏减持公司股份216万股 减持股份,格隆汇
2020-11-05,韦尔股份：华清银杏累计减持0.25%公司股份 减持股份,Wind
2020-11-05,韦尔股份(603501.SH)：大股东华清银杏减持215.89万股减持数过半 减持股份,格隆汇
2020-11-05,主力资金联袂加仓，A股放量拉升汽车股猛踩油门,Wind
2020-11-05,电子设备、仪器和元件行业周报：苹果第四季财报不见“回桃报李” 供应链预期谨慎,新浪
2020-11-05,靴子落地最先受益或是它，半导体公司批量超预期,证券时报网
2020-11-05,2020年前三季度手机概念股业绩报告：TOP10营收超4000亿元！,搜狐
2020-11-05,韦尔股份、美年健康等股近五日获机构净买入,第一财经
2020-11-05,韦尔股份单季净利7.36亿 24亿可转债募资将落地,新浪
2020-11-05,韦尔股份单季净利7.36亿增11倍 24亿可转债募资将落地预计增收26亿,长江商报
2020-11-05,各大指数样本股即将调整，有一个套利机会请查收,上证报
2020-11-04,科技硬件周报(10/31)：3Q收入利润增速有所放缓 盈利能力下降,新浪
2020-11-04,电子行业周报：IPHONE销量继续火爆 半导体基本面改善,新浪
2020-11-04,A股融资融券日报：两融余额增加58.37亿元（11月3日）,Wind
2020-11-04,有色军工科技全面反弹 三大股指齐涨超1%,上证报
2020-11-03,韦尔股份(603501.SH)：274.0661万份股票期权行权条件成就,格隆汇
2020-11-03,韦尔股份(603501.SH)：可转债发行申请获证监会审核通过,格隆汇
2020-11-03,韦尔股份：公开发行可转债获得证监会审核通过,Wind
2020-11-03,电子行业深度-报告他山之石系列：以日本为鉴 看中国电子行业未来之路,新浪
2020-11-03,沉寂多日，机构和外资又开始大单扫货……,上证报
2020-11-03,否极泰来？半导体龙头强势涨停 分析师建议把握这三大主线,中财网
2020-11-03,财经早报：中央深改委再提严格退市监管 汽车强国蓝图发布,新浪
2020-11-03,股海导航 11月3日沪深股市公告提示,新浪
2020-11-02,股价三天涨逾20%韦尔股份：无应披露而未披露事项,中新经纬
2020-11-02,机构买超17亿，近3个交易日涨逾20%，韦尔股份晚间澄清,第一财经
2020-11-02,机构现身33股，净买入韦尔股份17.26亿元、净卖出汇川技术2.37亿元,第一财经
2020-11-02,证监会：韦尔股份、世运电路发行可转债事项获通过,Wind
2020-11-02,晚间重要公告2020年11月2日星期一,Wind
2020-11-02,A股10月减持331亿宁德时代居首，还有一大波在路上 减持股份,21世纪经济报道
2020-11-02,韦尔股份(603501.SH)：“长三角科创企业2020年度第一期集合短期融资券”完成发行,格隆汇
2020-11-02,韦尔股份(603501.SH)：华清龙芯累计减持216.9万股 减持数量过半 减持股份,格隆汇
2020-11-02,游资情报 | 沪股通、机构、庆春路合计31亿封板芯片龙头；“方新侠”打板工控自动化龙头！,每日经济新闻
2020-11-02,韦尔股份：近期不存在签订或正在磋商洽谈重大合同、为产业转型升级投资新项目等情况,格隆汇
2020-11-02,韦尔股份：不存在签订或正在磋商洽谈重大合同等情况,Wind
2020-11-02,韦尔股份：减持数量过半，华清龙芯减持0.25%公司股份 减持股份,Wind
2020-11-02,11月2日主力资金净流出226亿元,证券时报网
2020-11-02,"韦尔股份现5笔大宗交易 共成交7,378.02万元",新浪
2020-11-02,韦尔股份(603501)2020年三季报点评：Q3持续高增长 看好新品高端市场份额提升,西南证券
2020-11-02,机构今日买入这22股，买入韦尔股份17.26亿元丨牛熊眼,第一财经
2020-11-02,韦尔股份近三日累计上涨近21%，机构大买超17亿,Wind
2020-11-02,主力动向｜68股主力买入超亿元！京东方Ａ、韦尔股份、美的集团位居前三！,上游新闻
2020-11-02,A股收盘综述：指数平静下个股大分化，上证指数微红报收、中金公司首日涨31%,Wind
2020-11-02,韦尔股份封住涨停，主力净流入近8亿元,Wind
2020-11-02,华为松口气？豪威获准继续供货图像传感器 母公司股价周五涨7.4%,AI财经社
2020-11-01,【中信建投电子|刘双锋&雷鸣团队】周报：苹果产业链四季度迎较强出货动能，华为入股昂瑞威加速扶持本土半导体产业链,中信建投电子研究
2020-11-01,2020Q3科技板块基金持仓分析：整体下降 电子微升,新浪
2020-10-31,韦尔股份(603501)三季报点评：2020Q3业绩超预期 CIS龙头加速腾飞,国海证券
2020-10-31,韦尔股份(603501)公司点评报告：业绩大幅增长 逐步站稳高端市场,新浪
2020-10-31,半导体产业景气度持续回升,Wind
2020-10-31,半导体产业景气度持续回升,中证报
2020-10-31,上海韦尔半导体股份有限公司 关于向激励对象授予限制性股票的公告,证券时报
2020-10-30,浦发银行主承销首单规模5亿元科创企业集合债,Wind
2020-10-30,28股主力资金净流入超亿元,证券时报网
2020-10-30,上海清算所成功为首单集合短期融资券提供发行登记服务,Wind
2020-10-30,"韦尔股份现4笔大宗交易 共成交16,055.00万元",新浪
2020-10-30,北向资金净流出逾56亿元，外资流入低位龙头,Wind
2020-10-30,A股收盘综述：上证指数下滑1.47%受累券商、苹果等板块调整，10月仍录得小涨,Wind
2020-10-30,华为Mate40国内发布会即将举行 关注产业链上市公司（附股）,证券时报网
2020-10-30,芯片ETF涨超4%，成交额破15亿元,Wind
2020-10-30,韦尔股份、北方华创冲击涨停，半导体板块午后继续拉升,Wind
2020-10-30,A股午盘综述：上证指数半日微跌0.1%，伊利股份放量跌停,Wind
2020-10-30,芯片股表现活跃，中芯国际-U、韦尔股份、兆易创新、深康佳A涨幅居前,Wind
2020-10-30,韦尔股份旗下豪威科技获得美国商务部许可证，可向华为供应图像传感器,36氪
2020-10-30,【早安新时代】晨会早读2020/10/30： 今日关注鹏辉能源、口子窖、韦尔股份,新时代证券研究
2020-10-30,上海韦尔半导体股份有限公司 关于公开发行可转债发审委会议 准备工作告知函回复的公告,证券时报
2020-10-29,韦尔股份现7笔大宗交易均为折价成交,证券时报网
2020-10-29,证监会：韦尔股份、世运电路可转债事项将于11月2日上会,中证网
2020-10-29,晚间重要公告2020年10月29日星期四,Wind
2020-10-29,"韦尔股份现7笔大宗交易 共成交8,575.18万元",新浪
2020-10-29,【国元电子】韦尔股份：业绩大幅增长，逐步站稳高端市场,茂飞电子研究
2020-10-29,【公司点评】韦尔股份：2020Q3业绩超预期， CIS龙头加速腾飞,吉森电子研究
2020-10-29,【财报智读】韦尔股份：第三季度归母净利润7.36亿元，同比增长1141.43%,面包财经
2020-10-29,【面包财报】韦尔股份：第三季度归母净利润7.36亿元，同比增长1141.43%,面包财经
2020-10-29,半导体板块收复失地，隆基股份、瑞芯微、韦尔股份均涨3%左右,Wind
2020-10-29,【中金科技】韦尔股份（603501.SH）：3Q20业绩符合预期，关注64MP新品在安卓系应用进展,乐平科技视角
2020-10-29,韦尔股份(603501)：3Q20业绩符合预期 关注64MP新品在安卓系应用进展,新浪
2020-10-29,振德医疗前三季净利大增2106% 外围大跌这些股或逆势上涨,巨丰财经
2020-10-29,中信证券：韦尔股份业绩符合预期 持续受益终端份额提升,证券时报网
2020-10-29,明星基金经理青睐白酒、地产等板块，港股持仓明显增加,Wind
2020-10-28,晚间重要公告2020年10月28日星期三,Wind
2020-10-28,韦尔股份前三季度业绩增长11.77倍,上证报
2020-10-28,韦尔股份现1笔大宗交易 共成交843.05万元,新浪
2020-10-28,韦尔股份(603501.SH)：前三季度净利升1177.75%至17.27亿元,格隆汇
2020-10-28,韦尔股份公布三季报 前三季净利增加1177.75%,新浪
2020-10-28,第二届新浪金麒麟港股及海外最佳分析师:第一名兴业证券(附观点),新浪
2020-10-28,韦尔股份：前三季度净利润17.27亿元，同比增长1177.75%,Wind
2020-10-28,注册资本1亿元北京君正、韦尔股份等投资成立集成电路公司,格隆汇
2020-10-28,七大金牛基金经理加仓这些股！接下来打算这么操作,中证报
2020-10-28,超高清视频产业发展大会即将召开 六股受益,证券时报网
2020-10-27,韦尔股份(603501.SH)：持股5%以上股东青岛融通减持1.06%公司股份 减持股份,格隆汇
2020-10-27,韦尔股份：青岛融通减持0.4%公司股份 减持股份,Wind
2020-10-27,韦尔股份：青岛融通累计减持比例达1.06% 减持股份,Wind
2020-10-27,A股收盘综述：上证指数缩量收涨0.1%，医药、半导体、锂电池、建材板块复苏,Wind
2020-10-27,半导体板块拉升，韦尔股份涨近4%,Wind
2020-10-26,韦尔股份(603501.SH)：控股股东虞仁荣解质6000万股,格隆汇
2020-10-26,超高清视频产业发展大会开幕在即，机构关注这些产业链个股,证券时报网
2020-10-26,电子行业研究：Q4消费电子将迎较高出货动能 产业基金持续加码CIS存储等高端方向,新浪
2020-10-26,【集微发布】中国芯上市公司定增资金排行：闻泰达308亿元 占总额17%,搜狐
2020-10-25,【中信建投电子|刘双锋&雷鸣团队】周报：Q4消费电子将迎较高出货动能，产业基金持续加码CIS存储等高端方向,中信建投电子研究
2020-10-25,多彩环幕屏华为Mate40系列终于发布！产业链概念股抢先看,投资家
2020-10-23,韦尔股份(603501.SH)：控股股东虞仁荣质押2858万股,格隆汇
2020-10-23,中信证券点评Mate40系列发布会：建议关注芯片国产替代厂商,格隆汇
2020-10-22,IOT行业深度追踪系列之九：IWATCH新品集成血氧监测 IOT需求持续回暖,新浪
2020-10-22,韦尔股份：拟发行可转债调至不超26.9亿元 加码布局CIS黄金赛道,金融界
2020-10-21,韦尔股份(603501.SH)：授予1085名激励对象769.415万份股票期权,格隆汇
2020-10-21,韦尔股份(603501.SH)拟发行可转债募资额由不超30亿元调至不超26.9亿元,格隆汇
2020-10-21,时代投研 | 半导体并购规模超万亿，聚焦并购成与败,时代在线
2020-10-20,韦尔股份现3笔大宗交易均为折价成交,证券时报网
2020-10-20,"韦尔股份现3笔大宗交易 共成交4,720.44万元",新浪
2020-10-20,韦尔股份(603501.SH)控股股东质押7320万股,格隆汇
2020-10-20,电子元器件周报：苹果公司发布新款IPHONE 全系标配5G、摄像头大幅升级,新浪
2020-10-20,芯片板块快速下滑，中芯国际-U、韦尔股份、中兴通讯、澜起科技、中微公司普跌,Wind
2020-10-19,韦尔股份(603501.SH)：控股股东质押600万股,格隆汇
2020-10-19,韦尔股份(603501.SH)：虞小荣、纪刚及贾渊已减持95.41万股 减持股份,格隆汇
2020-10-19,韦尔股份：控股股东一致行动人及部分董事累计减持95.4万股，减持时间过半 减持股份,Wind
2020-10-19,电子设备、仪器和元件行业：IPHONE12预定量火爆 板块成长值得期待,新浪
2020-10-18,【中信建投电子|刘双锋&雷鸣团队】周报：苹果新机预售火爆，台积电Q3创新高，半导体产业链基本面稳健向好,中信建投电子研究
2020-10-18,电子行业周报：手机新品先后亮相 半导体代工持续火热,华安证券
2020-10-16,【中金科技】科技硬件周报（10/17）：投资人关注半导体贸易摩擦及iPhone 12,乐平科技视角
2020-10-16,光学行业深度追踪系列第22期2020年9月：苹果备货递延致9月产业链承压 安卓端环比持续回暖,新浪
2020-10-16,北向资金动向盘点：持续加仓“电动车”，发掘“银行”,Wind
2020-10-15,"韦尔股份现4笔大宗交易 共成交5,170.91万元",新浪
2020-10-14,"韦尔股份现1笔大宗交易 共成交4,842.32万元",新浪
2020-10-14,科技行业日报：苹果将发布IPHONE12 小米公布UWB技术,新浪
2020-10-13,"韦尔股份现4笔大宗交易 共成交10,185.78万元",新浪
2020-10-13,电子设备、仪器和元件行业周报：旺季来临蓄势待发 电子行业振翅跃飞,新浪
2020-10-13,A股早报2020年10月13日星期二,Wind
2020-10-13,又被减持！芯片龙头怎么了？公募社保也抛售,券商中国
2020-10-12,"韦尔股份现5笔大宗交易 共成交16,766.48万元",新浪
2020-10-12,半导体板块发力走高 沪硅产业中芯国际等涨逾10%,证券时报网
2020-10-11,【中信建投电子|刘双锋&雷鸣团队】周报：苹果和华为新机即将发布，台积电9月营收创新高,中信建投电子研究
2020-10-09,"韦尔股份现8笔大宗交易 共成交10,699.75万元",新浪
2020-10-09,A股收盘综述：上证指数收涨1.68%，宁德时代、比亚迪、隆基股份等明星股创新高,Wind
2020-10-09,芯片板块高位运行，中芯国际-U、韦尔股份、澜起科技、兆易创新、汇顶科技领涨,Wind
2020-10-09,电子行业月报：消费电子旺季将至 半导体景气度持续提升,新浪
2020-10-09,频现大宗交易，韦尔股份9月净买入额超7亿元,亿欧网
2020-10-08,9月融券余额连破两关至850多亿元 中芯国际、恒瑞医药融券净卖出额居前,每日经济新闻
2020-10-08,9月大宗交易成交暴增！科技、大消费股高位减持，机构席位要成接盘侠？ 减持股份,每日经济新闻
2020-09-30,"韦尔股份现8笔大宗交易 共成交14,004.45万元",新浪
2020-09-30,【华西电子孙远峰团队】韦尔股份Q1财报&发展战略电话会,远峰电子
2020-09-29,"韦尔股份现14笔大宗交易 共成交17,665.95万元",新浪
2020-09-29,电子行业日报：存储芯片大厂铠侠取消IPO计划,新浪
2020-09-28,韦尔股份现6笔大宗交易均为折价成交,证券时报网
2020-09-28,"韦尔股份现1笔大宗交易 共成交2,581.57万元",新浪
2020-09-28,"韦尔股份现5笔大宗交易 共成交11,530.56万元",新浪
2020-09-28,电子行业周报：面板产业加速整合集中度持续提升 功率半导体再添新兵,华安证券
2020-09-27,电子行业周报：LCD市场集中度加速提升 苹果产业链或于Q4放量,新浪
2020-09-27,疯狂接盘医药股！机构借道大宗交易一周狂买近60亿元,上证报
2020-09-26,上市公司正负面新闻2020年9月26日星期六,Wind
2020-09-25,晚间重要公告2020年9月25日星期五,Wind
2020-09-25,“闪崩股”频现，三因素成诱因,Wind
2020-09-25,韦尔股份(603501.SH)拟申请注册发行不超2亿元银行间债券市场非金融企业债务融资工具,格隆汇
2020-09-25,A股收盘综述：上证指数、创业板综指本周均下挫超3%，北向资金净卖出247亿元,Wind
2020-09-23,"韦尔股份现2笔大宗交易 共成交4,637.79万元",新浪
2020-09-22,"韦尔股份现5笔大宗交易 共成交14,776.85万元",新浪
2020-09-22,H1半导体概念股业绩报告：41家营收超10亿元，IDM企业合计净利大涨150%,搜狐
2020-09-22,《周观点》系列：电子周报：华为芯片供应迎转机助力预期改善 PCB预期修复毛正,新浪
2020-09-21,韦尔股份现1笔大宗交易 共成交864.65万元,新浪
2020-09-21,A股收盘综述：上证指数缩量下滑0.63%，比亚迪下挫超8%拖累汽车板块,Wind
2020-09-21,电子行业周报：面板价格持续抬升 推荐关注面板领域投资机会,华福证券有限责任公司
2020-09-20,闻泰科技、韦尔股份百亿跨境并购背后：一场没有硝烟的股权争夺战,搜狐
2020-09-20,电子行业每周市场动态追踪：苹果发布IWATCH及IPAD新机 持续引领IOT创新,新浪
2020-09-18,北向资金全天净买入94.74亿元，创7月7日以来新高,Wind
2020-09-18,中信证券将韦尔股份评级上调至“买入”,科创板日报
2020-09-18,韦尔股份（603501）：图像传感器芯片龙头，国产替代加速,中信证券研究
2020-09-17,盛视早参：地量模式下关注行业拐点机会,新浪
2020-09-17,融资客青睐6股，华神科技买入占比高达33.43%,Wind
2020-09-17,A股早报2020年9月17日星期四,Wind
2020-09-16,A股收盘综述：创业板综指缩量收跌1.39%，市场资金围猎注册制次新股,Wind
2020-09-16,芯片股继续活跃，中芯国际-U、韦尔股份、华润微、兆易创新普涨,Wind
2020-09-16,66亿基金踏空牛市，管理费却暴增100%，发生了什么？,券商中国
2020-09-15,A股午盘综述：创业板综指半日升0.36%成交额再超沪市，题材股多点开花,Wind
2020-09-15,半导体板块下滑，隆基股份、韦尔股份、三安光电、北京君正等集体下跌,Wind
2020-09-15,A股早报2020年9月15日星期二,Wind
2020-09-15,融资余额七连降，机构称A股有望回暖,中证报
2020-09-14,晚间重要公告2020年9月14日星期一,Wind
2020-09-14,"韦尔股份现13笔大宗交易 共成交23,887.50万元",新浪
2020-09-14,韦尔股份(603501.SH)：青岛融通等3名股东拟减持合计不超1554.42万股 拟减持股份,格隆汇
2020-09-14,韦尔股份：三股东计划合计减持不超1.80%股份 减持股份,Wind
2020-09-14,电子行业周报：苹果新品即将发布 关注消费电子产业机遇,新浪
2020-09-14,A股收盘综述：创业板综指放量升3%超80股涨超10%，成交金额再超沪市,Wind
2020-09-14,A股午盘综述：创业板综指半日升3.08%共71股涨超10%，成交金额再超沪市,Wind
2020-09-14,芯片板块连续拉升，韦尔股份、沪硅产业-U、中微公司、寒武纪-U、芯原股份-U等集体上涨,Wind
2020-09-14,中小盘增发并购双周报：市场回调 但新政以来定增胜率依旧超95%,新浪
2020-09-13,【建投中小盘】一周策略回顾与展望2020-09-13,中信建投中小市值
2020-09-13,电子行业周报：静待苹果发布会 关注消费电子产业链,华安证券
2020-09-11,"韦尔股份现15笔大宗交易 共成交20,408.50万元",新浪
2020-09-11,韦尔股份(603501)：拥抱光学浪潮 CIS龙头大放异彩,华安证券
2020-09-11,时代投研 | 半导体半年报：大国博弈国产替代加速，业绩与研发并进,时代在线
2020-09-11,A股收盘综述：创业板综指缩量回弹2.36%，本周仍录得逾7%跌幅,Wind
2020-09-11,【行情】中芯国际概念持续拉升，板块内中环股份上涨8.96%，神工股份上涨8.47%，韦尔股份上涨7.98%,金十数据
2020-09-11,【行情】消费电子及苹果概念股午后大涨，歌尔股份、蓝思科技、韦尔股份涨逾6%，电子ETF上涨2.16%,金十数据
2020-09-11,苹果概念股大涨，电子ETF涨逾2%,Wind
2020-09-11,A股午盘综述：创业板综指半日缩量反弹0.57%，18股涨超10%,Wind
2020-09-11,芯片股局部活跃，韦尔股份、长电科技、汇顶科技、晶方科技大涨,Wind
2020-09-10,"韦尔股份现7笔大宗交易 共成交7,832.64万元",新浪
2020-09-10,商络电子闯关创业板：控股股东曾生变 大客户小米与京东方贡献下滑遭问询 控制人变化,和讯
2020-09-10,北上资金8月概况及9月展望,新浪
2020-09-09,太极实业子公司签署逾2.51亿元集成电路工程项目,Ofweek
2020-09-09,星徽精密低开超16%，TWS耳机板块跌超2%,Wind
2020-09-08,"韦尔股份现5笔大宗交易 共成交6,438.21万元",新浪
2020-09-08,A股收盘综述：创业板全天成交额首超沪市，创业板综指收涨1.2%个股继续爆炒,Wind
2020-09-08,【A股午盘综述】创业板综指半日跌0.61%，成交额1971亿元再超上证指数,Wind
2020-09-08,闻泰科技盘中闪崩，半导体产业板块跌幅继续扩大,Wind
2020-09-08,36股获券商买入评级，奥来德目标涨幅达44.58%,Wind
2020-09-07,"韦尔股份现3笔大宗交易 共成交2,623.53万元",新浪
2020-09-07,韦尔股份(603501)：股权激励彰显公司信心 看好豪威CIS持续发展,新浪
2020-09-07,电子元器件周报：科技限制不改半导体行业景气度向上 第三代半导体可望政策支持力道加大,新浪
2020-09-07,韦尔股份(603501)：股权激励计划彰显发展信心 CIS龙头有望持续受益光学黄金赛道,新浪
2020-09-07,TWS耳机板块调整，立讯精密、韦尔股份、歌尔股份、紫光国微、兆易创新普跌,Wind
2020-09-07,韦尔股份(603501.SH)拟推1000万份股票期权与限制性股票激励计划,格隆汇
2020-09-07,上市公司正负面新闻2020年9月7日星期一,Wind
2020-09-07,韦尔股份与实控人共同成立杭州豪芯，将参与投资半导体公司IPO战略配售,搜狐
2020-09-06,晚间重要公告2020年9月6日星期日,Wind
2020-09-06,电子行业每周市场动态追踪：持续看好行业Q3表现 中美科技分叉倒逼长期发展,新浪
2020-09-06,A股市场策略周报：风格切换之辩：大音希声,新浪
2020-09-04,韦尔股份发生12笔大宗交易合计成交2.35亿元,证券时报网
2020-09-04,韦尔股份：将与关联方虞仁荣共同投资设立杭州豪芯,Wind
2020-09-04,集成电路企业上半年业绩“亮眼”,中国电子报
2020-09-04,A股早报2020年9月4日星期五,Wind
2020-09-04,一款“热搜”基金非理性追逐：爆款基金的“投资陷阱”？,21世纪经济报道
2020-09-03,千亿芯片龙头逼近涨停 超跌高增长科技龙头名单来了,上游新闻
2020-09-03,"韦尔股份现7笔大宗交易 共成交40,181.67万元",新浪
2020-09-03,突发，6000亿酱油跌近7%，片仔癀巨震15%！千亿芯片龙头逼近涨停，超跌高增长科技龙头来了,证券时报网
2020-09-03,集成电路企业上半年财报盘点，好消息满满！,电子信息产业网
2020-09-03,韦尔股份(603501.SH)：与关联方共同投设杭州豪芯已完成工商备案手续,格隆汇
2020-09-03,港股盘前必读：香港证监会将撤销对私人开放式基金型公司施加的所有投资限制,Wind
2020-09-03,创业板再度演绎传奇，5股纳入富时中国A50指数,Wind
2020-09-03,龙头股回调名单来了 这六大企业股业绩亮眼,证券时报
2020-09-02,富时中国A50新纳入、剔除各5只A股，9月18日收盘后生效,第一财经
2020-09-02,万华化学等5只A股被纳入富时中国A50指数,Wind
2020-09-02,"韦尔股份现2笔大宗交易 共成交12,138.61万元",新浪
2020-09-02,龙头股回调名单来了！千亿芯片龙头股价腰折 市值大跌近900亿 连续下跌,证券时报
2020-09-02,芯片板块表现疲软，中芯国际-U、韦尔股份等普跌,Wind
2020-09-01,"韦尔股份现2笔大宗交易 共成交10,967.60万元",新浪
2020-09-01,电子行业周报：苹果产业链持续向好 半导体韧性依旧,新浪
2020-09-01,A股早报2020年9月1日星期二,Wind
2020-09-01,61家半导体公司中报“交卷”：超六成业绩增长，两家营收逾百亿,Wind
2020-09-01,61家半导体公司中报“交卷”超六成业绩增长两家营收逾百亿,证券时报
2020-08-31,韦尔股份现20笔大宗交易总成交金额4.04亿元,证券时报网
2020-08-31,"韦尔股份现20笔大宗交易 共成交40,351.27万元",新浪
2020-08-31,32家集成电路公司研发投入比超8.5% 4家市值超千亿10家股价年内翻倍,长江商报
2020-08-31,东北证券【周末要闻】你关心的都在这里,东北证券金融世界
2020-08-31,国产替代“芯”势力崛起,上证报
2020-08-31,内循环带来更多机遇卡脖子产业逆势升级,证券时报
2020-08-30,下周操盘攻略：芯片龙头股千亿级解禁,Wind
2020-08-30,韦尔股份下周解禁市值达千亿 解禁,证券时报网
2020-08-30,下周解禁股名单来了！涨超20倍芯片龙头将迎千亿规模解禁 解禁,证券时报
2020-08-30,警惕！涨超20倍的芯片龙头迎千亿规模解禁，4股解禁股占比超50% 解禁,证券时报网
2020-08-29,5万亿板块盛宴！华为鸿蒙2.0即将亮相，受益股名单曝光,中国基金报
2020-08-29,华为鸿蒙2.0即将亮相，受益股名单曝光,Wind
2020-08-29,下周1690亿市值限售股解禁，环比增加271.18% 解禁,Wind
2020-08-28,韦尔股份158亿并购助扣非净利劲增60倍 上市三年股价涨23倍虞仁荣持股市值480亿,长江商报
2020-08-27,业绩爆棚！中芯国际能带着芯片产业链一起飞吗？,上证报
2020-08-27,电子行业行业深度：模拟IC黄金赛道 本土配套渐入佳境,新浪
2020-08-27,加码研发成主流 硬科技公司领衔创新受青睐,上证报
2020-08-26,韦尔股份(603501.SH)控股股东解押9900万股,格隆汇
2020-08-26,全球芯片巨头透露重磅信息，3纳米芯片预计明年问世！,证券时报
2020-08-26,全球芯片巨头透露重磅信息，3纳米芯片预计明年问世！A股芯片龙头创新低，这些绩优股砸出“深坑”,证券时报网
2020-08-26,A股异动丨韦尔股份(603501.SH)跌5.44% 占公司总股本70.24%的限售股8月31日解禁 解禁,格隆汇
2020-08-26,芯片股大多疲软，韦尔股份再跌超3%,Wind
2020-08-26,【电子】韦尔股份：CIS持续升级，盈利能力提升明显,中银证券研究
2020-08-26,A股最励志芯片股：17亿撬动379亿并购，市值飙50倍,新财富
2020-08-25,A股收盘综述：创业板综指放量收升1.31%，43只创业板股涨幅超10%,Wind
2020-08-25,A股午盘综述：创业板综指午盘涨1.25%，喝白酒炒创业板成为市场主线,Wind
2020-08-25,北向资金动向盘点：加仓行业龙头；“消费”摇摆不定,Wind
2020-08-25,上市公司正负面新闻2020年8月25日星期二,Wind
2020-08-24,韦尔股份：占总股本70%限售股8月31日上市流通 解禁,e公司
2020-08-24,韦尔股份(603501.SH)：约6.0655亿股限售股将解禁 解禁,格隆汇
2020-08-24,韦尔股份：占总股本70.24%限售股将于8月31日上市流通 解禁,Wind
2020-08-24,涨价主题风起云涌，下个风口是谁？,Wind
2020-08-24,【行情】半导体板块下挫，圣邦股份跌8%，晓程科技、沪硅产业、力合微、芯朋微、韦尔股份纷纷走弱,金十数据
2020-08-24,半导体板块跌超1%，韦尔股份跌超5%,Wind
2020-08-24,【财报智读】韦尔股份：并表推动业绩增长，拟发转债扩产补流,面包财经
2020-08-23,科技硬件周报：投资人关注半导体板块调整与中报业绩,新浪
2020-08-23,[加急]8月最大解禁潮来袭 韦尔股份领衔 昭衍新药、长亮科技跻身十倍股 解禁,金融界
2020-08-22,电子行业周报：关注中报披露 拥抱高确定性核心标的,华安证券
2020-08-21,韦尔股份(603501)半年报点评：高端产品进展顺利 市场份额有望进一步提高,新浪
2020-08-21,韦尔股份上半年净利暴增1206%,国际电子商情
2020-08-21,关注解禁数据 把握个股最佳投资机会,巨丰财经
2020-08-21,韦尔股份(603501)：业绩高速增长 产品持续升级,新浪
2020-08-21,韦尔股份(603501)：H1业绩符合预期 国内CIS龙头加速成长,国海证券
2020-08-21,韦尔股份(603501)：业绩符合预期 期待下半年产能及新品落地,新浪
2020-08-21,韦尔股份(603501)：CIS产品结构优化持续推动业绩增长,新浪
2020-08-21,【国元电子】韦尔股份：业绩大幅提升，高像素助力新增长,茂飞电子研究
2020-08-21,歌尔股份、韦尔股份、分众传媒集体大幅高开，受益于中报业绩利好,Wind
2020-08-21,猛增12倍！千亿芯片龙头业绩亮了 高增长的科技股名单曝光,中证网
2020-08-21,A股早报2020年8月21日星期五,Wind
2020-08-21,上半年净利润大增1200%，韦尔股份营收再创新高！,Ofweek
2020-08-21,韦尔股份(603501)：光学行业持续景气拉动豪威高成长,新浪
2020-08-21,新亮点已现，超百家三季报业绩预告抢先看,Wind
2020-08-21,千亿芯片龙头业绩亮了，高增长的科技股名单曝光，两只龙头股价已回撤超20%,证券时报
2020-08-20,【金财富早知道】2020-08-21,赢家之星
2020-08-20,韦尔股份(603501)点评报告：高像素CIS蓄势待发 设计业务做大做强,新浪
2020-08-20,韦尔股份净利同增12倍，并购而成的“光学龙头”能走多远？,环球老虎财经
2020-08-20,【华西电子孙远峰团队-持续推荐韦尔股份】高像素CIS蓄势待发，设计业务做大做强,远峰电子
2020-08-20,韦尔股份上半年净利同比增逾十二倍,中国证券网
2020-08-20,韦尔股份上半年净利增长超1200%，国产替代下客户发展有明显突破,21世纪经济报道
2020-08-20,8月20日晚间上市公司十大重磅公告,巨丰财经
2020-08-20,韦尔股份上半年净利同比增12倍，股价3年暴涨逾25倍丨热公司,第一财经
2020-08-20,大捷！韦尔股份：2020年半年度净利润约9.90亿元，同比增加1206.17%,每日经济新闻
2020-08-20,韦尔股份(603501.SH)：上半年净利同比升1206.17%至9.9亿元,格隆汇
2020-08-20,芯片板块表现疲软，韦尔股份、北方华创、汇顶科技、景嘉微大跌,Wind
2020-08-20,紫光国微(002049)2020年半年报点评：20H1和20Q3业绩大增 中国特种芯片之王步入快速成长通道,光大证券
2020-08-20,受益于整体行业景气度提升，芯片产业将继续保持高速发展,Wind
2020-08-20,北向资金动向盘点：增持公用事业、房地产，再度重手减持食品饮料,Wind
2020-08-19,IOT行业深度追踪系列之七：部分销售转回线下+年中大促结束 IOT产品线上销售环比下滑,新浪
2020-08-19,布局产业链？韦尔股份联手实控人成立芯片产业股权投资公司，股价大涨近5%,21世纪经济报道
2020-08-19,韦尔股份大涨近6%！拟投资成立豪芯股权投资合伙企业,金融界
2020-08-19,芯片股局部活跃，韦尔股份大涨超6%,Wind
2020-08-19,CIS芯片产能严重短缺相关概念股有望受益,证券时报
2020-08-18,中芯国际产业链机会深度剖析：SMIC生态圈，重构“芯”阵列,新浪
2020-08-18,晚间重要公告2020年8月18日星期二,Wind
2020-08-18,韦尔股份(603501.SH)联手控股股东成立半导体产业股权投资公司,格隆汇
2020-08-18,韦尔股份：控股股东虞仁荣质押约6000万股,每日经济新闻
2020-08-18,韦尔股份：与实控人共同投资设立企业 挖掘芯片、半导体产业链上下游投资机会,e公司
2020-08-18,大市值芯片股整体表现不振，中芯国际-U、中兴通讯、韦尔股份、中微公司等普跌,Wind
2020-08-12,韦尔股份(603501.SH)公开发行可转债申请获中国证监会受理,格隆汇
2020-08-12,盘点小米（1810.HK）十周年“黑科技”和小米产业链受益股,格隆汇
2020-08-11,韦尔股份(603501.SH)：控股股东虞仁荣解质1250万股,格隆汇
2020-08-08,【数说新闻】集成电路收政策大礼包 谁能免税十年？,经济观察网
2020-08-06,电子行业动态研究：利好政策落地 集成电路拐点趋势不变,新浪
2020-08-06,中芯国际(688981)投资价值分析报告：新一轮扩产周期启动 这一次的中芯可有大不同？,光大证券
2020-08-06,电子行业事件点评：中国芯免 利好中芯,新浪
2020-08-05,集成电路财税政策解读,半导体风向标
2020-08-05,手机销量向下，摄像头需求往上！,Wind
2020-08-05,电子行业研究周报：半导体检测设备国内市场现状,新浪
2020-08-05,科技行业日报：三星取得思科与谷歌的芯片代工订单,新浪
2020-08-05,半导体行业研究：全产业链加大扶持力度 分级优惠鼓励做强,国金证券股份有限公司
2020-08-05,国务院出手：3万亿芯片板块迎超重磅利好，细分龙头全梳理,证券时报网
2020-08-05,国务院出手 3万亿芯片板块迎超重磅利好,金融界
2020-08-05,8月A股解禁规模骤减，部分个股减持压力依然较大 减持股份,Wind
2020-08-04,盛视早参：行情或再度开启 随风起舞！,新浪
2020-08-03,晚间要闻2020年8月3日星期一,Wind
2020-08-03,北向资金连续三日净卖出，外资持续减配免税龙头,Wind
2020-08-02,[加急]芯片龙头韦尔股份领衔8月超3000亿解禁潮 下周两只医药十倍股将迎考验 解禁,金融界
2020-08-01,巨浪袭来！猛涨20倍的芯片巨头解禁市值超千亿 解禁,金融界
2020-08-01,百股解禁洪峰将至 高比例解禁股曝光（名单） 解禁,新浪
2020-07-31,国产芯片巨头的手机战事,36氪
2020-07-30,科技行业日报：高通与华为达成专利和解,新浪
2020-07-30,信息科技行业动态点评：加快集成电路发展 产业链公司齐头并进,新浪
2020-07-30,芯片股大多走软，韦尔股份、中兴通讯、兆易创新、澜起科技、汇顶科技、紫光国微普跌,Wind
2020-07-29,电子行业周报：集成电路生产恢复 5G智能手机价格下探,新浪
2020-07-29,走进“芯”时代系列深度之三十一“射频PA”：射频PA革新不止 万物互联广袤无限,新浪
2020-07-29,科技行业日报：台积电获得英特尔6NM芯片订单,新浪
2020-07-28,电子元器件周报：台积电Q2业绩再次超预期增长 MINILED应用放量在即,新浪
2020-07-28,韦尔股份(603501.SH)：控股股东解除质押900万股,格隆汇
2020-07-28,芯片股普涨，韦尔股份、兆易创新、中兴通讯、澜起科技、沪硅产业-U集体走强,Wind
2020-07-28,券商首次关注5股并给予买入评级（7月28日）,Wind
2020-07-28,韦尔股份(603501)：泛模拟龙头 “功率+电源+射频+传感”协同发力,新浪
2020-07-27,芯片股表现活跃，通富微电、中国长城涨停,Wind
2020-07-26,【华西电子孙远峰团队-Q2持仓分析】Q2电子重仓配比提升，半导体配置创新高,远峰电子
2020-07-26,电子行业每周市场动态追踪：消费终端需求回暖 看好三季度机会,新浪
2020-07-26,电子元件行业周报：电子行业2020Q2基金持仓分析-板块持仓环比大增 消费电子增配明显,新浪
2020-07-24,【A股收盘综述】上证指数低收3.86%击穿3200关口，科创50跌幅达7%,Wind
2020-07-24,【A股午盘综述】上证指数半日下滑2.25%，创业板指、科创50均跌超4%,Wind
2020-07-24,芯片股多数跟随大市下滑，韦尔股份跌超3%,Wind
2020-07-23,韦尔股份(603501.SH)：控股股东虞仁荣质押750万股,格隆汇
2020-07-23,【A股收盘综述】上证指数探底回升收跌0.24%，机构抱团股涨势依旧如火如荼,Wind
2020-07-23,芯片股回调，韦尔股份、中兴通讯、兆易创新、紫光国微等纷纷走软,Wind
2020-07-22,芯片股普涨，韦尔股份、中兴通讯、中微公司、兆易创新、紫光国微等纷纷上扬,Wind
2020-07-21,科技行业日报：美国扩容实体清单 个股影响较小,新浪
2020-07-21,光学行业深度追踪系列第18期：海外疫情影响边际减弱 6月光学厂商业绩环比改善,新浪
2020-07-21,大国雄芯.消费电子系列报告(一)：AIRPODS助力TWS 智能耳机增长可期,华安证券
2020-07-21,科技行业日报：中报业绩陆续披露 关注优质个股,新浪
2020-07-21,知名基金经理二季度普遍加仓，布局消费与科技,Wind
2020-07-20,电子行业周报：天科合达冲击上市 功率半导体风起云涌,华安证券
2020-07-20,通信行业周报：华为下半年机遇挑战并存 NB-IOT产业链值得关注,华安证券
2020-07-20,电子行业周报：台积电Q2业绩超预期 关注H1业绩优异企业,新浪
2020-07-20,芯片股走势分化，韦尔股份、北京君正、卓胜微逆市大跌,Wind
2020-07-19,中远海运发展2家参股投资公司登陆资本市场,国际船舶
2020-07-18,A股“千亿俱乐部”，北京、广东各晋9家占鳌头,Wind
2020-07-17,韦尔股份(603501.SH)年报推10派0.7元 股权登记日7月23日,格隆汇
2020-07-17,芯片股局部活跃，韦尔股份、沪硅产业-U大涨超5%,Wind
2020-07-17,电子元器件行业动态点评：台积电Q2业绩再次超预期增长 三季度指引创历史新高 上调全年CAPEX,新浪
2020-07-17,证券时报头版：中芯国际刮起“情感估值”，投资者需兼顾产业规律,Wind
2020-07-16,负债17.7亿，库存15.5亿，芯片企业格科微冲刺科创板 偿债能力下降,和讯
2020-07-16,电子行业2020年中期策略：寻找疫情冲击和贸易摩擦变局下的投资机会,新浪
2020-07-16,中芯国际正式登陆A股，532亿融资额刷新科创板记录,Wind
2020-07-15,【异动股】3D摄像头板块下挫，韦尔股份(603501-CN)跌7.09%,财华社
2020-07-14,电子元器件周报：需求复苏刺激行业重拾增长节奏 业绩向好预演财报季行情,新浪
2020-07-14,芯片股整体低迷，韦尔股份、兆易创新逆市上涨,Wind
2020-07-13,手机/半导体概念股市值TOP20：立讯精密4190亿元独领风骚！,搜狐
2020-07-13,电子行业周报：半导体行业再迎春风 5G手机出货占比提升,新浪
2020-07-13,半导体板块持续拉升，隆基股份、长电科技、三安光电大涨,Wind
2020-07-13,芯片股走升分化，韦尔股份、中微公司、兆易创新、澜起科技、汇顶科技逆市下跌,Wind
2020-07-11,电子元器件行业动态点评：台积电6月营收再创历史新高 预热半导体板块上半年业绩行情,新浪
2020-07-10,圣邦股份：国内模拟IC芯片龙头 未来拥有巨大的国产替代空间,证券之星
2020-07-10,A股首家芯片公司正式突破2000亿元市值大关！,搜狐
2020-07-09,科技行业日报：国内首款中国芯DDR4内存条大规模量产,新浪
2020-07-09,中国股市：未来十年，是科技的时代！板块龙头、全球以及国内第一,腾讯网
2020-07-09,半导体概念股延续强势，紫光国微、韦尔股份、兆易创新大涨,Wind
2020-07-08,科技行业日报：半年报业绩陆续出炉 优质个股涌现,新浪
2020-07-08,中芯国际登陆科创板 IPO影子股大涨,证券时报
2020-07-07,10万股东半日躺赚120万，A股巨无霸疯涨！,证券时报
2020-07-07,韦尔股份(603501.SH)：控股股东虞仁荣解除质押500万股,格隆汇
2020-07-07,深度*行业*电子行业周点评：SEMI预测晶圆厂设备支出温和复苏 2021年有望创纪录,新浪
2020-07-07,10万股东半日躺赚120万 贵州茅台市值破2.1万亿,证券时报
2020-07-07,中芯国际A股今日申购，半导体概念股猛涨,Wind
2020-07-07,每日理财观察：股票ETF单日成交额创历史第三高，爆款基金再现,Wind
2020-07-07,陆家嘴财经早餐2020年7月7日星期二,Wind
2020-07-06,科技行业日报：中芯国际将申购 利好半导体设备与材料,新浪
2020-07-06,暴涨21%，千亿芯片龙头创历史新高，A股概念股名单来了，机构扎堆推荐个股曝光,搜狐
2020-07-06,金融街下午茶2020年7月6日星期一,Wind
2020-07-06,电子行业点评：旺季来临 看好三季度表现,新浪
2020-07-06,中芯国际股价一个月翻番，芯片股共襄盛宴,Wind
2020-07-06,融资客和北向资金齐加仓 韦尔股份股价创新高,证券时报网
2020-07-06,韦尔股份新高背后：融资客和北向资金齐加仓,证券时报网
2020-07-06,“意念”涨停？13只中芯国际影子股名单来了！,中证报
2020-07-06,中芯国际确定27.46元发行价，7月7日打新！大基金获配35亿元,Wind
2020-07-06,多家上市公司间接参与中芯国际战略投资,Wind
2020-07-06,紫光国微(002049)：中国特种集成电路平台型王者,光大证券
2020-07-06,陆家嘴财经早餐2020年7月6日星期一,Wind
2020-07-05,晚间公告热点追踪：芯片龙头中芯国际下周二申购,新浪
2020-07-05,晚间重要公告2020年7月5日星期日,Wind
2020-07-05,【华西电子孙远峰团队】韦尔股份*系列一张图⑤-持续推荐,远峰电子
2020-07-05,中芯国际7月7日申购，A股多家上市公司参股,Wind
2020-07-05,韦尔股份：参股基金认购中芯国际科创板首发股票,Wind
2020-07-05,中芯国际7月7日科创板打新：发行价27.46元，战投认购一半,Wind
2020-07-04,中芯国际科创板IPO募资或达450亿，战投将认购50%份额,证券时报
2020-07-03,最新！中国民营芯片设计TOP 10出炉,Ofweek
2020-07-03,本周800亿资金加仓A股，漂亮50王者归来,Wind
2020-07-03,【行情】半导体芯片大幅分化，斯达半导、富瀚微、圣邦股份、芯源微、韦尔股份等跌逾5%,金十数据
2020-07-03,芯片板块出现调整，韦尔股份、中微公司、兆易创新、卓胜微普跌,Wind
2020-07-02,2020年电子行业中期策略：指标公司盈利强劲 半导体行业景气度仍可期,新浪
2020-07-02,电子行业中报展望专题：电子行业2020年中报业绩展望,新浪
2020-07-02,科技行业日报：中芯国际将开启申购 国产替代逻辑长存,新浪
2020-07-01,电子行业2020年中报业绩展望：电子行业中报展望专题,新浪
2020-07-01,北向资金上半年狂赚1600亿，买了这些股（附名单）,中证报
2020-06-29,40股获券商买入评级 中金黄金目标涨幅达48.33%,Wind
2020-06-28,本周8家上市公司发布可转债预案，融资总规模达170.82亿元,Wind
2020-06-26,MLCC代理商商络电子创业板上市申请获受理,搜狐
2020-06-24,紫光集团入选福布斯中国最具创新力企业榜TOP50,工业新闻网
2020-06-24,历史首次！交易所紧急预警：5只A股将被外资买爆,中国基金报
2020-06-24,上市公司正负面新闻2020年6月24日星期三,Wind
2020-06-23,电子行业2020年下半年投资策略：一个世界两套系统 创新重启加速替代,光大证券
2020-06-23,晚间重要公告2020年6月23日星期二,Wind
2020-06-23,芯片第一股诞生！千亿国芯企业登顶，成就身家500亿芯片首富,搜狐
2020-06-23,韦尔股份：控股股东一致行动人及董事拟减持股份 拟减持股份,e公司
2020-06-23,韦尔股份(603501.SH)：控股股东一致行动人、董事、高管拟减持不超283.005万股 拟减持股份,格隆汇
2020-06-23,韦尔股份：控股股东一致行动人合计拟减持不超过总股本0.3277% 拟减持股份,Wind
2020-06-23,韦尔股份拟募资30亿，加速进击CIS！,国际电子商情
2020-06-23,韦尔股份(603501)：公司拟公开发行可转换公司债券 持续加码布局CIS 领域,广发证券
2020-06-23,中银证券：半导体产业持续推进 建议关注韦尔股份等,证券时报网
2020-06-23,韦尔股份：光学创新不停息，CIS领军者加速进击,证券时报网
2020-06-22,机构看好这些半导体产业股票,第一财经
2020-06-22,电子设备行业专题研究：新技术及新应用出现 CIS市场有望持续成长,新浪
2020-06-22,上市公司正负面新闻2020年6月22日星期一,Wind
2020-06-22,中泰金工可转债发行跟踪周报(0621),ZTQuant
2020-06-20,中国民营芯片设计企业Top10：韦尔股份第一，市值1590亿,搜狐
2020-06-20,上市公司正负面新闻2020年6月20日星期六,Wind
2020-06-19,本周13家上市公司发布可转债预案，融资总规模达249.60亿元,Wind
2020-06-19,晚间重要公告2020年6月19日星期五,Wind
2020-06-19,股指周评：强者恒强还是强弩之末？,新浪
2020-06-19,韦尔股份拟公开发行可转债募资不超30亿元 用于CMOS图像传感器产品升级等项目,发布易
2020-06-19,韦尔股份：拟发行可转债募集资金不超30亿元,证券时报网
2020-06-19,韦尔股份(603501.SH)拟公开发行不超30亿元可转债,格隆汇
2020-06-19,韦尔股份：拟发行不超过30亿元可转债用于晶圆测试生产线,Wind
2020-06-19,快讯：半导体板块午后拉升 韦尔股份、大唐电信涨5%,新浪
2020-06-19,半导体板块拉升，韦尔股份、大唐电信、闻泰科技、汇顶科技、兆易创新等集体上扬,Wind
2020-06-18,科技行业日报：160亿元第三代半导体产业项目落户长沙,新浪
2020-06-18,中国芯片设计10强民营企业出炉：韦尔股份、汇顶科技、兆易创新列前三,金融界
2020-06-18,【早安新时代】晨会早读：2020/06/18：今日关注韦尔股份、中文在线,新时代证券研究
2020-06-17,40股今日获机构买入评级 8股上涨空间超20%,证券时报网
2020-06-17,韦尔股份(603501.SH)：控股股东虞仁荣解除质押500万股,格隆汇
2020-06-17,千亿芯片巨头暴涨 外资扫货这些芯片股,证券时报
2020-06-16,卓胜微、韦尔股份盘中跳水压制芯片板块,Wind
2020-06-15,3205家上市公司一季度研发投入榜：中石油投入近40亿，韦尔股份同比增速超12倍,零壹财经
2020-06-12,半导体板块领跌大市，三安光电、韦尔股份等跌超4%,Wind
2020-06-11,芯片板块几乎回吐日内2%升幅，卓胜微、韦尔股份均跌2%左右,Wind
2020-06-10,韦尔股份：控股股东虞仁荣500万股解除质押,每日经济新闻
2020-06-10,韦尔股份：变更财务顾问主办人,Wind
2020-06-09,半导体板块午后延续升势，卓胜微、韦尔股份、南大光电等均大涨,Wind
2020-06-08,电子行业周报：景气度复苏 关注电子板块低位布局机遇,新浪
2020-06-04,A股最新动向：2大主力资金同一天发力,Wind
2020-06-03,大国雄芯.光学系列报告(一)：手机模组逆势增长景气延续,华安证券
2020-06-03,富时罗素：富时中国A50等指数季度审核变更6月22日生效,Wind
2020-06-03,走进“芯”时代系列深度之二十七“射频芯片”：射频芯片千亿空间 国产替代曙光乍现,新浪
2020-06-03,两大主力资金会师，北上百亿加仓金融、科技,Wind
2020-06-02,电子行业2020中期策略报告：5G创新持续 半导体国产空间大,新浪
2020-06-01,【国盛郑震湘团队】促销拉动需求增长，紧抓TWS耳机投资主线,湘评科技
2020-05-29,科技行业日报：震荡调整下防御为主,新浪
2020-05-29,平均浮盈36.13%，公募大举进军定增市场,中证报
2020-05-28,锁定翻倍大牛股：浮盈最高逾216% 公募参与定增规模突增548%,中证报
2020-05-28,外资做多A股热情不减，史上首次一日4股遭外资持股预警,第一财经
2020-05-28,外资买爆队伍扩容，交易所一天同时预警4股，爆买575亿,e公司
2020-05-27,新洁能盈利能力下滑，申报IPO三个月前股东就先退出了 盈利能力下降,新浪
2020-05-26,韦尔股份大宗交易成交4.17万股 成交额800.64万元,证券时报网
2020-05-26,2019年中国电子元器件分销商TOP35营收排名出炉！,国际电子商情
2020-05-26,韦尔股份现1笔大宗交易 共成交800.64万元,新浪
2020-05-26,韦尔股份今日大宗交易成交4.17万股，成交价192.0元溢价0.0%,Wind
2020-05-26,A股高开高走 机构：内需板块确定性较高,e公司
2020-05-26,解盘：资金流入个股齐升，机器视觉、智能音箱、网红经济领涨,Wind
2020-05-26,【行情】半导体芯片走强，圣邦股份拉升封板，韦尔股份、北方华创、中微公司等涨逾5%。,金十数据
2020-05-25,富时罗素纳A权重提至25%“聪明钱”看上哪些个股?,财富动力网
2020-05-25,“半导体龙头50强”春节后涨超30% 机构持仓近千亿,证券时报
2020-05-24,【国盛郑震湘团队】半导体产业迎来机遇，国产DRAM商业化提速,湘评科技
2020-05-24,外资逆势加仓近4亿！北上资金重点加仓38股(名单),网易
2020-05-23,民生证券：持续看好5G创新及半导体国产化大趋势(股),新浪
2020-05-22,北上资金回流，多只个股出现“聪明钱”机会(附表),红周刊
2020-05-22,“半导体龙头50强”重磅来袭，节后平均涨幅超30%！机构杀入超千亿，北上资金加仓18股，10股获“增持+”评级,证券时报
2020-05-22,4只超高清视频产业链公司今年净利有望翻倍增长,每经网
2020-05-22,两部门发布超高清视频标准，产业总规模将超过4万亿元（附产业链全名单）,每日经济新闻
2020-05-21,IOT行业2020年4月跟踪报告：疫情背景下数据分化 AIRPODSPRO供需平衡 手表销售向好,新浪
2020-05-21,韦尔股份(603501.SH)：马剑秋等3名董事辞职选举杨洪利等3人为董事 董监高成员变化,格隆汇
2020-05-21,韦尔股份：董事会同意聘任王崧为总经理，公司法定代表人变更为王崧 董监高成员变化,Wind
2020-05-21,韦尔股份(603501.SH)：聘任北京韦豪集成电路设计经理王崧为总经理,格隆汇
2020-05-21,“芯”机遇——手机CIS芯片,中金在线
2020-05-20,【安信电子|每日观点】三星韩国新晶圆代工产线开建，聚焦5nm，计划2021年投产,晓说电子
2020-05-20,【行情】半导体芯片走弱，圣邦股份跌停，卓胜微、江苏雷利、芯源微、韦尔股份等跌逾6%。,金十数据
2020-05-19,粤开策略资金面 | 双重利好提振市场情绪，科技股表现强势-0519,粤开崇利论市
2020-05-19,资金汇集白马股，A股千亿市值军团扩至近百家,Wind
2020-05-19,华为限令搅动芯片股，半导体板块会否复制上一年行情,第一财经
2020-05-18,韦尔股份受沪股通青睐 连续3日净买入,证券时报网
2020-05-18,【华西电子孙远峰团队-持续推荐韦尔股份】多元化供应链布局，持续加大研发投入,远峰电子
2020-05-18,粤开策略资金面 | 国产替代局部走强，资金对科技股热度不减-0518,微信
2020-05-18,韦尔股份(603501.SH)控股股东质押5000万股,格隆汇
2020-05-18,电子元器件一季度财报总结：复苏韧性对冲疫情影响 硬件创新趋势不变,新浪
2020-05-18,A股千亿市值扩容至近百家，牛股这些特征你看清了吗？,上证报
2020-05-18,【异动股】3D摄像头板块下挫，韦尔股份(603501-CN)跌9.03%,财华社
2020-05-18,芯片股大幅分化 韦尔股份逼近跌停 连续下跌,每日经济新闻
2020-05-18,半导体行业事件点评：华为限令影响仍需观察 国产替代愈发坚定,新浪
2020-05-15,百亿市值龙头再创新高:集成电路板块卷土重来 科技股将重现辉煌？,上证报
2020-05-14,电子-大国雄芯-半导体系列报告(二)：手机CIS逆势增长景气延续,华安证券
2020-05-14,光学行业2020年4月跟踪月报：4月手机光学公司表现阶段性分化国内激光行业迎阶段性反弹,新浪
2020-05-14,关注手机产业链科技股,证券导报
2020-05-14,2900点久攻不下，三大“聪明资金”已现分歧,Wind
2020-05-13,两天上演同样的剧情 该轮到硬核科技股上场了,华讯财经
2020-05-13,北上放缓两融发力，5天300亿资金快速加仓,Wind
2020-05-12,【华西电子孙远峰团队】国内手机市场出货反弹，5G占比接近四成,远峰电子
2020-05-12,手机概念股实控人财富排行榜：TOP10平均身价383亿，最年轻者仅44岁！,搜狐
2020-05-11,韦尔股份(603501.SH)：控股股东虞仁荣解除质押2551.0205万股,格隆汇
2020-05-11,韦尔股份：光电传感稳创领先，系统方案展创宏图,证券时报网
2020-05-09,券商能否带领指数突破？ 科技股是否已经熄火？,华讯财经
2020-05-09,信托新规落地，QFII“限购令”取消！一文看清内外资偏好,Wind
2020-05-08,科技股大涨ETF基金却缩水逾百亿，北上接盘？,Wind
2020-05-07,国盛证券：4月金股组合盈利11.92% 5月荐股名单出炉,新浪
2020-05-07,"机构外资齐抢筹，国产芯片概念""第二春""来临，最全产业链个股名单",证券时报网
2020-05-03,【兴证电子】Q1电子板块持仓分析：半导体大幅超配，科技基建龙头成基金“新宠”,兴证电子谢恒团队
2020-05-01,最新！机构重点关注的科技股出炉，北上资金最爱这些股,证券时报
2020-04-30,强者恒强！半导体增收增利，机构重仓股逆势大涨,Wind
2020-04-28,半导体板块一枝独秀，能否继续上车？,Wind
2020-04-28,韦尔股份：全球第三大CIS厂商，光学创新助力公司崛起,吉森电子研究
2020-04-28,解盘：权重撑指数，特斯拉概念活跃，半导体、创投领涨,Wind
2020-04-27,【华西电子孙远峰团队-Q1持仓分析】电子行业重仓占比下降，半导体逆势增长,远峰电子
2020-04-26,科技主题基金沸点降温 投资者择基需降低收益预期,红周刊
2020-04-25,【中信证券电子】韦尔股份（603501）2020年一季报点评：2020Q1归母净利润4.5亿元，略超预期,CITICS电子研究
2020-04-25,万得财经周刊：北上资金本月500亿加仓A股,Wind
2020-04-24,韦尔股份一季度净利润同比增8倍 北京豪威已并表,观察者网
2020-04-24,A股早报2020年4月24日星期五,Wind
2020-04-24,科创板早报|四部委争取4年时间建立燃料电池车产业链 预计全年新建5G基站超50万,科创板日报
2020-04-24,多家公司一季度业绩翻番,上证报
2020-04-23,外延扩张效应显现 韦尔股份一季度业绩增长800%,e公司
2020-04-23,韦尔股份2020第一季度扣非净利润同比增长1530%,TechWeb
2020-04-23,净利增逾800%！半导体公司一季报拉开帷幕,Wind
2020-04-23,韦尔股份：一季度净利4.45亿元 同比增800%,e公司
2020-04-23,韦尔股份(603501.SH)：一季度净利润升800.03%至4.45亿元,格隆汇
2020-04-23,韦尔股份：一季度净利润同比增长800.03%,Wind
2020-04-23,韦尔股份：一季度净利润同比增长800.03%,中证网
2020-04-23,【华西电子孙远峰团队-持续推荐韦尔股份】业绩逐步兑现，CIS多领域布局多点开花,远峰电子
2020-04-21,产业研究报告：9家IC头部企业“合体”追平“芯片霸主”！,国际电子商情
2020-04-21,趋势不改，高市盈率的A股半导体企业将再掀产业整合热潮？,电子产品世界
2020-04-20,揭秘北上资金年后进退路径，投资胜率近七成,证券时报网
2020-04-17,狠砸200亿，北向资金连续3天抄底，外资正在大举买入哪些股？,证券时报网
2020-04-16,多股获杠杆资金增仓 韦尔股份增幅最大,证券时报网
2020-04-16,90股昨日获机构买入评级,证券时报
2020-04-15,沪港通十大成交活跃股排名（4月15日）,Wind
2020-04-15,快讯：半导体板块持续走强 韦尔股份大涨超8%,新浪
2020-04-15,芯片股异动,Wind
2020-04-15,韦尔股份拟1.2亿美元收购Synaptics TDDI业务,金融界
2020-04-15,韦尔股份：拟收购Synaptics亚洲TDDI业务,中证网
2020-04-15,最新科技龙头回调榜出炉！北上资金抄底股曝光,证券时报网
2020-04-14,【华西电子孙远峰团队-持续推荐韦尔股份】收购TDDI业务，CIS龙头开启“芯”征程,远峰电子
2020-04-14,韦尔股份(603501.SH)拟向Creative Legend增资并通过其收购Synaptics亚洲TDDI业务,格隆汇
2020-04-14,芯片股走强,Wind
2020-04-14,地量见地价，北向资金今日回归，A股能否就此迎来转机？,证券时报网
2020-04-12,【中信证券电子研究】韦尔股份（603501）2019年年报点评：图像传感器景气持续，豪威业绩超预期,CITICS电子研究
2020-04-12,【国盛郑震湘团队】电子Q1迭超预期,湘评科技
2020-04-12,【华西电子孙远峰团队-持续推荐韦尔股份】光学占比持续提升，CIS龙头进口替代空间足,远峰电子
2020-04-11,国内VS国外：电子板块核心公司2020Q1业绩展望对比,吉森电子研究
2020-04-11,百亿收购3家芯片公司之后，这家公司涨成了千亿神股,21商评网
2020-04-10,【韦尔股份|国信电子】年报点评：视觉大时代，CIS龙头起航,国信电子研究
2020-04-10,【中银电子研究】韦尔股份:多摄拉动CIS需求，2019年业绩高增长,ZQtechnology
2020-04-10,韦尔股份2019净利增221% ，增传感器业务布局,资本邦
2020-04-10,韦尔股份（603501）2019年年报点评：视觉时代，CIS龙头起航,国信研究
2020-04-10,A股早报2020年4月10日星期五,Wind
2020-04-09,韦尔股份2019年净利同比增逾两倍,金融界
2020-04-09,韦尔股份：2019年净利同比增221% 拟10派0.7元,e公司
2020-04-09,韦尔股份(603501.SH)：2020年度拟向银行申请不超78亿元综合授信额度,格隆汇
2020-04-09,韦尔股份：2019年净利润同比增长221.14%,Wind
2020-04-07,最富有的十位新晋富豪 中国占五位,新浪
2020-04-06,223家公司年报下周将出炉！这23股被社保基金连续4个季度持仓！,证券日报
2020-03-30,半导体板块再度发力，圣邦股份冲击涨停,Wind
2020-03-28,超高清行业新一轮景气周期开启 六股人气旺,证券时报网
2020-03-27,华为P40产业链（附标的）,半导体风向标
2020-03-27,华为新旗舰P40系列核心供应链详解（附明细）,吉森电子研究
2020-03-27,华为又刷屏：一款手机7个摄像头 概念股不淡定了,上证报
2020-03-27,华为P40发布 A股受益公司一览,中财网
2020-03-26,【国盛郑震湘团队】半导体产业迎来机遇，国产DRAM商业化提速,湘评科技
2020-03-25,【华西电子孙远峰团队-持续推荐韦尔股份】5G时代光学仍为核心，CIS黄金赛道持续,远峰电子
2020-03-25,【国盛郑震湘团队】疫情之下，CIS 供需缺口如何,湘评科技
2020-03-21,电子板块安全边际凸显，机构推荐三大主线22只个股,Wind
2020-03-20,市场向下空间越来越小 关注半导体领域,证券时报网
2020-03-19,韦尔半导体参投的海外基金收购 Synaptics TDDI 业务！,唯样资讯
2020-03-17,韦尔股份现1笔大宗交易 共成交585.52万元,新浪
2020-03-17,韦尔股份今日大宗交易成交4万股，成交价146.38元溢价0.0%,Wind
2020-03-15,台湾电子板块核心公司2020M2经营数据强劲,吉森电子研究
2020-03-12,抢夺CMOS龙头，韦尔股份的并购之路,Ofweek
2020-03-12,什么情况？千亿科技龙头业绩大增，股价却掉队了，机构预测上涨空间超20%，这份绩优滞涨科技股全名单来了,e公司
2020-03-10,靠蛇吞象并购三年公司市值暴增18倍，身家500亿的他成中国芯片首富,搜狐
2020-03-10,光学行业：二月数据大超预期 龙头公司全产业链布局,财富动力网
2020-03-08,多家半导体公司市值破千亿 跨国收购成行业一大特色,新浪
2020-03-05,暴涨1.2万亿！A股放量上攻，中央频频点名，几十万亿大蛋糕来了,中国基金报
2020-03-05,外资配置A股或提速！富时罗素最新目录公布（附全名单）,Wind
2020-03-04,3000点多空大对决，A股成交额止步万亿！富时罗素指数最新调整，这三只科技股入选！,e公司
2020-03-04,中信建投、京东方A、中兴通讯、韦尔股份新入富时中国A50指数,中证网
2020-03-04,富时A50纳4股：中信建投、京东方、中兴通讯、韦尔股份,第一财经
2020-03-04,富时中国A50指数将纳入中信建投、京东方A等4股,Wind
2020-03-04,富时罗素宣布对富时中国A50指数等多个指数季度审核变更,Wind
2020-03-04,韦尔股份(603501.SH)向157名激励对象授予235.77万份预留股票期权,格隆汇
2020-03-03,韦尔股份现1笔大宗交易 共成交262.05万元,新浪
2020-02-27,金评天下 | 半导体正在危与机的临界点，分寸如何把握？,和讯
2020-02-26,胡润富豪榜中国入围者超美国+印度，这家A股公司董事长排名飞升,证券时报网
2020-02-26,盘中最高718元/股！无锡卓胜微跑出江苏资本市场历史最高价股！,和讯
2020-02-25,海外疫情蔓延火了科技股！半导体+光刻胶+面板概念高增长股名单，机构扎堆推荐,e公司
2020-02-24,[公司]韦尔股份：减持晶方科技0.54%股份 交易金额为1.64亿 减持股份,全景网
2020-02-24,韦尔股份(603501.SH)减持晶方科技123.8万股套现1.64亿元 减持股份,格隆汇
2020-02-24,韦尔股份：子公司出售124万股晶方科技股票 资产异常,e公司
2020-02-24,韦尔股份：子公司出售晶方科技123.8万股 资产异常,Wind
2020-02-23,【国盛郑震湘团队】涨价映射供需格局，扩产引领创新周期,湘评科技
2020-02-20,2月20日沪深两市最新交易提示,金融界
2020-02-19,沪港通十大成交活跃股排名（2月19日）,Wind
2020-02-19,韦尔股份(603501.SH)：3名董事及公告减持期届满 合计减持351.95万股 减持股份,格隆汇
2020-02-19,韦尔股份：三位高管减持0.4%公司股份 减持股份,Wind
2020-02-19,电子元器件：光学赛道优且长,财富动力网
2020-02-18,【国盛郑震湘团队】韦尔股份:光学龙头开启新征程,湘评科技
2020-02-18,千亿“半导体”的投资“图景”,环球老虎财经
2020-02-17,如何复制快速崛起的半导体“春秋五霸”？,慧聪电子网
2020-02-14,CIS芯片再度提价！“缺货现象”或促使CIS行业提前复苏？,格隆汇
2020-02-13,情绪再次急转直下 硬核科技股轮番上阵,华讯财经
2020-02-12,韦尔股份：关于2017年限制性股票激励计划授予的限制性股票第二期解锁暨上市公告,上交所
2020-02-12,韦尔股份(603501.SH)：约1584.36万股限制性股票2月18日解禁 解禁,格隆汇
2020-02-12,这家公司市值高达1600亿成A股半导体第一股众PE两年5倍回报,投中网
2020-02-11,2019年大股东减持潮：31家“清仓” 118家易主 减持股份,投资者网
2020-02-10,韦尔股份：高管贾渊减持数过半 合计减持33.75万股 减持股份,格隆汇
2020-02-10,韦尔股份：董事会秘书贾渊合计减持0.0391%公司股份 减持股份,Wind
2020-02-10,58股开市首周股价创历史新高医药股占近四成,证券时报
2020-02-07,半导体板块表现强势，年报业绩六成预喜行业崛起可期,第一财经
2020-02-07,周五机构一致看好的七大金股（02.07）,中金在线
2020-02-06,市场继续超预期强势 多题材爆发,华讯财经
2020-02-06,【华西电子孙远峰团队-持续推荐韦尔股份】CIS景气度持续，龙头企业迎黄金发展期,远峰电子
2020-02-06,44只股股价创历史新高,证券时报网
2020-02-05,创业板高歌猛进 尾盘有资金抢跑,华讯财经
2020-02-04,每一次大波动都是极好的学习机会 科技股如期大反弹,华讯财经
2020-02-04,A股异动丨韦尔股份逼近涨停 中科院研发出新型垂直纳米环栅晶体管,格隆汇
2020-01-27,5倍牛股！北上资金重仓杀入 行业龙头全线爆发,金融界
2020-01-23,集成电路 核心的核心,财富动力网
2020-01-22,33股获买入评级最新:中国铁建,中财网
2020-01-22,10股获买入评级 最新:韦尔股份,中财网
2020-01-22,科创板早报|鸿蒙系统已上网即将应用全系产品汇顶、韦尔预计2019年净利倍增,科创板日报
2020-01-21,【华西电子孙远峰团队-持续推荐韦尔股份】CIS景气度持续，长期发展可期,远峰电子
2020-01-21,[公司]韦尔股份：预计2019年净利润增加2.6-3.6亿元 同比增长188%-260%,全景网
2020-01-21,韦尔股份：预计2019年净利润同比增长1.76倍-2.45倍,Wind
2020-01-21,韦尔股份：预计2019年净利润同比增加188%-260%,第一财经
2020-01-21,韦尔股份：预计2019年净利润同比增加188.18%到260.22%,中证网
2020-01-21,韦尔股份：2019年净利预增188%到260%,e公司
2020-01-20,韦尔股份(603501.SH)控股股东质押500万股 解质3750万股,格隆汇
2020-01-20,韦尔股份现1笔大宗交易 共成交452.40万元,新浪
2020-01-20,韦尔股份今日大宗交易成交2.40万股，成交价188.5元溢价0.0%,Wind
2020-01-19,【国盛电子郑震湘团队】预告超预期，电子超景气度进一步确定,湘评科技
2020-01-18,虞仁荣：“黑马”逆袭,红周刊
2020-01-17,【华西电子孙远峰团队—持续看好半导景气】半导体材料积极扩产，导入新建产线窗口期,远峰电子
2020-01-16,狂奔的科技牛：再现一年十倍股,大众证券报
2020-01-16,2019年度A股盘点：十大牛股的“高光时刻”,中国网
2020-01-16,两大厂商新款游戏机年底抢市 六股上车行情,证券时报
2020-01-15,机构抱团硬核科技 游资抱团老妖股,华讯财经
2020-01-14,发力并购融资 兴业银行落地业务同比增长超4成,中新网
2020-01-13,半导体板块尾盘再度发动攻势，韦尔股份、兆易创新再创新高,Wind
2020-01-13,无线耳机概念股风云再起，圣邦股份涨超7%,Wind
2020-01-13,24股主力资金净流入超亿元,证券时报
2020-01-10,北上资金开年追捧科技和周期股,大众证券报
2020-01-10,机构席位溢价下降 短线情绪退潮,华讯财经
2020-01-10,半导体板块尾盘持续上攻，汇顶科技强势封板再创新高,Wind
2020-01-10,三只半导体指数，你会pick哪只科技基金？,养基司令
2020-01-09,稀缺！碾压一大片牛股，这份科技龙头名单收好，机构预测业绩要发飙,e公司
2020-01-09,韦尔股份现1笔大宗交易 共成交339.94万元,新浪
2020-01-09,全球就3家能造，台媒曝上海韦尔4800万像素传感器要涨价,中财网
2020-01-08,超高清视频产业迎新机遇 题材龙头率先启动,证券时报
2020-01-07,4万亿市场待引爆！5G浪潮下的风口产业将起飞，题材龙头率先开火，活跃资金重仓这几只,e公司
2020-01-06,"【华西电子孙远峰团队—持续看好半导景气】芯片涨价全产业链蔓延,上半年景气度望延续",远峰电子
2020-01-03,外资颠覆A股 北向资金增持前100名平均涨近70% 这批公司仍滞涨,证券时报网
2020-01-02,2019基金业绩落定！牛基占比不足1%，买牛基堪比中彩票，45%基金跑输市场，广发包揽三强,券商中国
2020-01-02,2019年十大牛熊股盘点,中证网
2019-12-31,科技龙头争当C位 2020年看两大板块 六股热,证券时报
2019-12-31,北上资金全年3500亿元扫货A股创纪录 猛买大消费和科技股,大众证券报
2019-12-30,2019年A股并购盘点：市场情绪回升,Wind
2019-12-30,【国盛郑震湘团队】CES深度：科技巨头布局了哪些方向？,湘评科技
2019-12-30,北上资金加仓榜来了！平均加仓6.7%，胜率近九成,证券时报
2019-12-29,【国盛郑震湘团队】坚定看好科技硬件全面景气,湘评科技
2019-12-29,A股科技龙头50强出炉！拿下A股6%市值，三年飞出3只十倍股,证券时报
2019-12-27,【行情】芯片股走弱，圣邦股份跳水跌逾7%，至纯科技、赛腾股份跌逾5%，兆易创新、北京君正、韦尔股份、国科微等跌逾3%。,金十数据
2019-12-27,半导体板块再度被点燃 大涨过后是否还有上车机会,投资者网
2019-12-26,【异动股】3D摄像头板块下挫，韦尔股份(603501-CN)跌5.83%,财华社
2019-12-26,2019年，你可能错过的十大牛股,中证报
2019-12-26,投资三公司赚560亿，中国巴菲特是这个“妖精”,腾讯网
2019-12-25,韦尔股份现1笔大宗交易 共成交325.98万元,新浪
2019-12-25,23只股股价创历史新高,证券时报网
2019-12-25,可穿戴设备出货量高增长 关注三大产业链投资机会,证券时报网
2019-12-24,韦尔股份现2笔大宗交易 共成交733.48万元,新浪
2019-12-23,【安信电子|每周观点】TWS耳机将与手机搭配销售？智能可穿戴势不可挡,晓说电子
2019-12-23,2019年这十大热门概念 你抓住了几个？,中证报
2019-12-21,璞华资本海外并购正酣 韦尔股份有望参与其中,上证报
2019-12-20,400亿资金出逃信息技术板块，科技股是走还是留？,Wind
2019-12-19,并购市场交易数量与规模倒挂 股权投资赚钱不及公募,新浪
2019-12-19,华为VR Glass正式开售，5G+VR时代加速到来,第一财经
2019-12-18,11公司获得推荐评级-更新中,中财网
2019-12-18,韦尔股份：参投境外半导体基金，启动常态化扩张道路,--
2019-12-17,华西证券：韦尔股份买入评级,华西证券
2019-12-17,3股获买入评级 最新:云铝股份,中财网
2019-12-16,【华西电子孙远峰团队-持续推荐韦尔股份】拟参与投资境外半导体基金，加强竞争实力,远峰电子
2019-12-16,【安信电子|每日观点】2025年我国5G用户渗透率有望达到48%，来自中国5G经济报告2020,晓说电子
2019-12-16,韦尔股份拟联手著名半导体投资方 参投境外半导体基金加码IC并购,e公司
2019-12-16,沪港通十大成交活跃股排名（12月16日）,Wind
2019-12-16,市场全面转暖发出两大信号：近半数公司涨幅超越指数，成交额再破6000亿,Wind
2019-12-16,韦尔股份：拟参与投资境外半导体基金 利于公司整合优势资源,发布易
2019-12-16,韦尔股份：拟5000万美元投资境外半导体基金 加强集成电路产业布局,e公司
2019-12-16,韦尔股份(603501.SH)：拟5000万美元参与投资境外半导体基金,格隆汇
2019-12-16,韦尔股份(603501.SH)控股股东解除质押1000万股,格隆汇
2019-12-16,A股有了慢牛味道？174股年内翻倍，去年仅有1只！这些机构赚翻了，明年这样布局,券商中国
2019-12-12,什么情况？一度20次创历史新高，暴涨两倍多，却在一个月不到腰斩,证券时报网
2019-12-09,【华西电子孙远峰团队-持续推荐韦尔股份】供需关系趋紧，国内CIS龙头迎高速增长,远峰电子
2019-12-09,韦尔股份(603501.SH)拟回购注销8.55万股限制性股票,格隆汇
2019-12-09,韦尔股份大幅拉升3.66% 股价创近2个月新高,金融界
2019-12-05,韦尔股份(603501.SH)：控股股东虞仁荣质押1000万股,格隆汇
2019-12-05,韦尔股份大幅拉升3.71% 股价创近2个月新高,金融界
2019-12-05,41只个股无惧市场波动 逆市创出新高,证券时报
2019-12-04,半导体板块短线跳水，韦尔股份跌近4%,Wind
2019-12-03,韦尔股份大幅拉升3.28% 股价创近2个月新高,金融界
2019-12-03,"白马股罕见连续两跌停,暴涨20倍大牛股罕见翻车,它们还有机会吗 连续下跌",证券时报
2019-12-03,机构抱团股翻车 8股创历史新高后回调超20%,证券时报
2019-12-02,手机厂商杀入TWS耳机赛道，千亿级市场蛋糕如何分配,第一财经
2019-12-02,AirPods预计全年销量1.1亿对，TWS耳机概念持续造好,第一财经
2019-12-02,跻身长三角规划十大重点领域，集成电路概念股开盘走强,第一财经
2019-12-02,集成电路概念股火线出击，扬杰科技率先涨停,Wind
2019-12-01,"【新时代证券】—— 12月金股组合，""成长，新时代！""每周交流会（第66期）",新时代证券研究
2019-11-29,巨丰原创：CIS芯片缺货！整个产业链都在涨价 掘金机会已经显现,巨丰财经
2019-11-27,这一板块今天逆势上涨！还将迎来2000亿巨额资金流入，背后原因居然是,证券时报
2019-11-27,A股分销商行列或添新兵！MLCC代理商商络电子拟创业板上市,慧聪电子网
2019-11-27,韦尔股份现1笔大宗交易 共成交385.74万元,新浪
2019-11-27,半导体板块逆势走强，晶方科技强势封板,Wind
2019-11-26,【华泰电子】【2020年度策略】5G仅是开端，“电子+”时代来临,华泰电子研究
2019-11-22,韦尔股份(603501.SH)拟回购注销8.55万股限制性股票,格隆汇
2019-11-21,韦尔股份(603501.SH)：减持时间过半 3名董监高累计减持222.98万股 减持股份,格隆汇
2019-11-21,韦尔股份：三高管合计减持0.26%股份 减持股份,Wind
2019-11-20,东北证券：5G建设成果频现 半导体产业投资加码 关业龙头公司,半导体网
2019-11-20,沪深300及中证500成分股调整名单预测,辰奥临君
2019-11-19,韦尔股份现1笔大宗交易 共成交331.81万元,新浪
2019-11-18,韦尔股份(603501.SH)首次授予943.0998万份股票期权登记完成,格隆汇
2019-11-15,科技蓝筹股午后继续走强 汇顶科技、韦尔股份涨逾8%,证券时报网
2019-11-15,韦尔股份(603501.SH)再创新高 年内累涨350%位列A股第5,格隆汇
2019-11-14,一文看后市：MSCI扩容前，科技股可保持乐观！,和讯
2019-11-13,半导体板块持续走强,Wind
2019-11-13,国产芯片概念强势 卓胜微、韦尔股份等涨逾7%,证券时报网
2019-11-13,【韦尔股份】大幅拉升6.81% 股价创近2个月新高,金融界
2019-11-12,上海上市公司前三季度累计营收近3.9万亿元 183家公司归母净利同增,证券日报
2019-11-12,A股半导体公司汇顶科技、韦尔股份、闻泰科技被纳入MSCI指数,TechWeb
2019-11-11,华为Mate30大秀：惊艳背后的国产供应链,维库电子市场
2019-11-06,【安信电子|每日观点】中国5G手机出货量超48万部，vivo位列第一,晓说电子
2019-11-06,韦尔股份副总经理纪刚减持公司股份50万股 套现逾5000万元 减持股份,TechWeb
2019-11-06,韦尔股份：董事、副总经理纪刚合计减持50万股 减持股份,Wind
2019-11-06,韦尔股份(603501.SH)董事纪刚减持公司50万股 减持股份,格隆汇
2019-11-06,太疯狂，这只猪概念股新晋千亿市值！这个板块竟成牛股集中营，“聪明资金”盯上这类股,证券时报
2019-11-06,韦尔股份：豪威完成交割，新品推广进展顺利,证券时报网
2019-11-05,抱团股越抱越紧！385只个股创历史新高,上证报
2019-11-05,韦尔股份：董事、总经理马剑秋合计减持97.48万股 减持股份,Wind
2019-11-05,券商首次关注7股并给予买入评级（11月5日）,Wind
2019-11-05,韦尔股份：收购豪威布局CIS好赛道，铸就国内一流半导体设计企业,证券时报网
2019-11-05,隐形的超牛题材火了！龙头7天5涨停,证券时报
2019-11-05,4股获买入评级 最新:韦尔股份,中财网
2019-11-01,【安信电子|基金三季报持仓分析】业绩改善筑底，5G与国产替代加持，Q3电子板块获大幅加仓,晓说电子
2019-10-31,【中信证券电子研究】韦尔股份（603501）2019年三季报点评：三季报豪威并表，业绩基本符合预期,CITICS电子研究
2019-10-31,韦尔股份(603501.SH)前三季净利降45.40%至1.35亿元 盈利能力下降,格隆汇
2019-10-31,韦尔股份：前三季度净利降45%，今年股价已涨2.8倍 盈利能力下降,格隆汇
2019-10-31,北上资金7月以来1200亿加仓A股，金融、消费、科技全面扫货,Wind
2019-10-31,半导体丨韦尔股份前三季度实现净利润1.35亿元 同比下滑45.4% 盈利能力下降,TechWeb
2019-10-30,韦尔股份公布三季报 前三季净利减少45.4% 盈利能力下降,新浪
2019-10-30,韦尔股份：前三季度净利润同比减45.40% 盈利能力下降,Wind
2019-10-30,国家大基金二期落地 把握两条主线,第一财经
2019-10-29,苹果发布全新无线蓝牙降噪耳机，千亿级TWS产业链市场有望爆发,第一财经
2019-10-29,韦尔股份现1笔大宗交易 共成交264.45万元,新浪
2019-10-28,韦尔股份现1笔大宗交易 共成交377.10万元,新浪
2019-10-28,“大基金”再扩容！2041.5亿元，三方向成投资重点,Wind
2019-10-25,韦尔股份拟增资豪威半导体2亿元，发力CMOS图像传感器,维库电子市场
2019-10-25,逾300股年内创历史新高，60股自高点回撤幅度超40%,Wind
2019-10-23,韦尔股份拟对全资子公司豪威半导体上海增资2700万美元,TechWeb
2019-10-23,"电子元件行业TWS耳机专题报告:甚似当年“山寨机”兴起,TWS耳机拐点已至",光大证券
2019-10-22,韦尔股份：2700万美元增资豪威半导体上海,e公司
2019-10-22,韦尔股份(603501.SH)拟对豪威半导体增资2700万美元 发展晶圆测试及晶圆重构生产线项目,格隆汇
2019-10-17,韦尔股份现1笔大宗交易 共成交362.81万元,新浪
2019-10-16,韦尔股份现1笔大宗交易 共成交416.50万元,新浪
2019-10-15,192股获买入评级最新:中航电测,中财网
2019-10-11,"电子元器件行业:5G风起,VR飞扬",安信证券
2019-10-10,韦尔股份现1笔大宗交易 共成交232.99万元,新浪
2019-10-09,韦尔股份：产品迭代路径清晰，后续期待更多重磅产品推出,证券时报网
2019-10-09,[快讯]韦尔股份发布质押公告一股东累计质押15101万股,中财网
2019-10-09,韦尔股份现1笔大宗交易 共成交260.00万元,新浪
2019-10-09,韦尔股份(603501.SH)：绍兴韦豪质押8083.9万股,格隆汇
2019-10-09,韦尔股份：又一款里程碑产品OV12D 买入评级,西南证券
2019-09-27,半导体丨韦尔股份拟对其全资子公司豪威半导体上海增资3亿元,TechWeb
2019-09-27,韦尔股份：拟向上海全资子公司增资3亿元建生产线,Wind
2019-09-27,韦尔股份(603501.SH)使用募集资金3亿元增资豪威半导体上海 用于晶圆测试及晶圆重构生产线项目(二期)建设,格隆汇
2019-09-26,半导体产业链：自主替代，A股特色公司介绍(下篇),Wind
2019-09-25,韦尔股份(603501.SH)：947名激励对象获授予946.23万份股票期权,格隆汇
2019-09-25,兆易创新澄清长鑫独立运营 “国产替代”风潮下芯片股价值几何？,21世纪经济报道
2019-09-25,CMOS图像传感器市场增长相关公司受益 六股大牛,证券时报网
2019-09-24,半导体产业链：行业高景气，全年涨幅第一（上篇）,Wind
2019-09-24,芯片+5G等科技股中的大白马名单 机构抱团入驻 最高竟被锁定近半流通盘,证券时报
2019-09-24,科技股持续活跃 韦尔股份市值超千亿元,e公司
2019-09-21,华为“A股式”拥趸者调查： “后知后觉”掘金者遇到“先知先觉”产业梦,21世纪经济报道
2019-09-20,20股获券商买入评级 恒华科技目标涨幅达45.39%,Wind
2019-09-19,CMOS图像传感器市场飞速增长 五股布局良机,证券时报
2019-09-19,"韦尔股份深度报告:进军国际,半导体设计航母起航",浙商证券
2019-09-16,北上资金尾盘突袭买入，行业龙头及白马仍是外资最爱,Wind
2019-09-16,北上资金连续11日净流入 6股连续11日获加仓,证券时报
2019-09-16,【华泰TMT王林团队】电子元器件:5G应用大幕拉开，VR/AR渐行渐近,和讯
2019-09-10,上交所：中国人保等4股将被调入上证180指数,Wind
2019-09-09,三个月千亿外资已入场，扫货消费、科技，42股买入超2%,Wind
2019-09-09,"韦尔股份:资产重组工作完成,迈入发展新阶段",证券之星
2019-09-08,【公司点评】韦尔股份：2019年业绩同比+221.14%，光学创新助推CIS持续爆发,吉森电子研究
2019-09-08,【新时代电子 吴吉森团队】韦尔股份：设计与分销齐头并进，全球第三大CIS龙头厂商再起航,新时代证券研究
2019-09-06,5G、芯片、国产软件概念引领近百股涨停，“科技牛市”盛宴来了？,环球老虎财经
2019-09-05,A股涨声一片！大金融发威，科技、世界铜王、5G妖股逞强,Wind
2019-09-05,半导体行业最深入的投资逻辑,财富动力网
2019-09-04,83只超级牛股最新评级 这些公司目标涨幅空间还有30%以上（名单）,证券时报网
2019-09-04,【光大电子|韦尔股份】深度：豪威科技（OV）突破48M技术，王者归来重塑格局,EBSCN电子
2019-09-04,【晨观方正】计算机/电子/交运20190904,方正证券研究
2019-09-03,定增募资缩水成常态，错过大涨机构却称“不可惜”,第一财经
2019-09-03,信息技术迎黄金十年，信仰还是估值？,Wind
2019-09-02,韦尔股份(603501.SH)拟授出不超1182万份股票期权,格隆汇
2019-09-02,韦尔股份：新增为控股子公司思比科的担保额度为2亿元 大额借贷担保,Wind
2019-09-02,9月开门红，500亿资金接力买入140家公司先涨为敬,Wind
2019-09-02,国产芯片板块表现强势 韦尔股份等6股涨停,金融界
2019-09-02,芯片股午后拉升 韦尔股份等多股涨停,e公司
2019-09-02,快讯：芯片股午后走强 韦尔股份、国科微拉升封板,新浪
2019-08-30,韦尔股份：靓丽成绩单的背后,EBSCN电子
2019-08-30,韦尔股份(603501.SH)拟对合肥韦豪增资1.9亿元,格隆汇
2019-08-30,韦尔股份(603501.SH)拟将“射频元器件研发及产业化项目”延长不超6个月,格隆汇
2019-08-30,韦尔股份今年上半年营收和净利润均下滑 分别下降18%和84% 盈利能力下降,TechWeb
2019-08-29,韦尔股份：拟向全资子公司“合肥韦豪”增资1.9亿元,Wind
2019-08-29,韦尔股份：部分募投项目延期 项目问题,Wind
2019-08-29,韦尔股份：上半年净利润同比减83.77% 盈利能力下降,Wind
2019-08-29,风向标 l 陈杭：最高涨幅210%的背后（附125页PPT）,半导体风向标
2019-08-29,受益全球CMOS影像传感器爆发，这家公司年初至今涨逾2倍,富途证券
2019-08-26,北上资金净买入再超百亿，10股连续八周获加仓,Wind
2019-08-25,CIS摄像头芯片框架 l 125页,半导体风向标
2019-08-20,韦尔，有何不同？,半导体风向标
2019-08-16,"电子行业:5G推动换机潮来临,产业链多环节机遇将至",东吴证券
2019-08-14,今年涨幅最大的科技股竟然是创业板的这家公司,阿尔法工场
2019-08-02,半导体｜韦尔半导体3名高管因个人资金需求拟减持公司股份 拟减持股份,TechWeb
2019-08-01,韦尔股份3名股东拟减持股份 预计合计减持不超总股本0.8% 拟减持股份,挖贝网
2019-08-01,[快讯]韦尔股份:董事、高级管理人员减持股份计划 拟减持股份,中财网
2019-08-01,韦尔股份(603501.SH)3名董事拟减持合计不超0.7953%股份 拟减持股份,格隆汇
2019-08-01,韦尔股份：3名董事拟合计减持不超过0.8%股份 减持股份,Wind
2019-07-31,45股获券商买入评级，星网锐捷目标涨幅达48.79%,Wind
2019-07-31,半年报业绩高增长，这些股票开启月线连涨模式（名单）,证券时报
2019-07-31,"电子行业周观点:大基金一期投资领域与标的统计,二期投资方向前瞻",证券之星
2019-07-30,【半导体龙头系列|国信电子】韦尔股份：感知无垠，铸就CIS龙头,国信电子研究
2019-07-30,39股获券商买入评级 国联水产目标涨幅达94.90%,Wind
2019-07-26,科技股引领新高潮 这11股看点十足,红周刊
2019-07-25,@股民朋友 一指标显示你想要的风格转换正发生 芯光灿烂行情来了,证券时报网
2019-07-25,电子分销行业存在不可替代性 龙头企业客户资源优势突出,证券网
2019-07-25,国产芯片板块集体发力，紫光国微冲击涨停,Wind
2019-07-23,韦尔股份股东虞小荣减持15万股 套现约705万元 减持股份,挖贝网
2019-07-23,"电子行业:科创板开市在即,关注半导体优质企业",国联证券
2019-07-22,[快讯]韦尔股份:控股股东一致行动人减持股份结果 减持股份,中财网
2019-07-22,韦尔股份：股东虞小荣减持计划完成，累计减持0.03%股份 减持股份,Wind
2019-07-22,韦尔股份(603501.SH)控股股东一致行动人累计减持14.72万股 减持股份,格隆汇
2019-07-22,半导体、电子设备：科技股的黄金年代 荐39股,国盛证券
2019-07-22,"电子行业周观点:Q2电子板块基金持仓比例略减,电子行业配置分化显著",证券之星
2019-07-19,21股机构预测上涨空间翻倍,证券时报
2019-07-17,韦尔股份：拟6453万元收购视信源剩余20.07％股权,金融界
2019-07-17,韦尔股份(603501.SH)拟收购视信源20.07%股权,格隆汇
2019-07-16,A股缩量震荡背后：基金小幅减仓，外资加码大消费,Wind
2019-06-27,[快讯]韦尔股份发布解除质押公告 涉及股份15101万股,中财网
2019-06-27,韦尔股份(603501.SH)控股股东解除质押合计4210万股,格隆汇
2019-06-25,韦尔股份：安防图像传感器新产品 买入评级,西南证券
2019-06-25,【国信证券】韦尔股份（603501.SH）重组配套融资项目已获批文,GUOSEN ECM
2019-06-25,韦尔股份:并购豪威科技过会,西南证券
2019-06-24,复牌连板！暖风频吹、重组升温，并购名单新鲜出炉,Wind
2019-06-24,韦尔股份：拟收购三家CMOS产品研发商股权,Wind
2019-06-24,"韦尔股份:资产重组获批,CIS龙头整装待发",证券之星
2019-06-22,公告点题｜6月21日这些公告有看头,第一财经
2019-06-21,韦尔股份(603501.SH)发行股份购买资产并募集配套资金不超20亿元获中证监核准批文,格隆汇
2019-06-20,A股早报2019年6月20日星期四,Wind
2019-06-20,"电子行业:科创板开板,关注半导体企业估值提升",国联证券
2019-06-19,涨停板解密：四大板块火热上攻！（6月19日）,Wind
2019-06-19,国产芯片盘中走强 韦尔股份、长川科技涨停,证券时报网
2019-06-18,半导体、电子设备：新产业生命周期的电子机遇 荐17股,长江证券
2019-06-18,14股获券商买入评级 金风科技目标涨幅达114.34%,Wind
2019-06-18,"韦尔股份:里程碑产品,48M",西南证券
2019-06-17,23公司获得买入评级-更新中,中财网
2019-06-17,国盛证券：韦尔股份买入评级,国盛证券
2019-06-11,"电子行业周报:3家企业科创板过会,5G商用牌照加速产业进程",证券之星
2019-06-03,[快讯]韦尔股份发布质押公告 涉及股份19311万股,中财网
2019-06-03,韦尔股份：控股股东虞仁荣质押2000万股,Wind
2019-05-28,韦尔股份：关于召开2018年年度股东大会的通知,上交所
2019-05-28,"电子行业:税收优惠政策延续,继续看好集成电路自主可控",证券之星
2019-05-23,盘点国产芯片概念股：设计领域排名第一的企业是华为子公司,澎湃新闻
2019-05-22,【安信电子孙远峰团队-持续坚定推荐韦尔股份*及半导体板块】受益进口替代红利，IC设计龙头迎突破,远峰电子
2019-05-21,做多情绪回升，连板妖股再现，3板块成“摇钱树”,Wind
2019-05-20,锁定翻倍大牛股，浮盈最高逾216%！公募参与定增规模突增548%，这些基金躺赚,中证报
2019-05-18,西南证券：华为芯片20年，主要设计了五类,Wind
2019-05-12,半导体、电子设备：继续看好自主可控大方向 荐5股,和讯
2019-05-11,新三板一周要点 |多家新三板公司IPO有新进展，3家科创板上市申请获受理,证券时报网
2019-05-10,【红刊财经】主题研究|集成电路板块或成投资新风口,和讯
2019-05-08,[快讯]韦尔股份发布解除质押公告 涉及股份17311万股,中财网
2019-05-08,韦尔股份(603501.SH)控股股东合计解除质押1450万股,格隆汇
2019-05-08,中美证监会双双放行 韦尔股份150亿“蛇吞象” 尘埃落定,环球老虎财经
2019-05-08,19家公募密集调整停牌股估值,证券时报
2019-05-07,斥资130亿收购北京豪威 韦尔股份（603501.SH）意欲何为？,格隆汇
2019-05-06,【安信电子孙远峰团队-持续坚定推荐韦尔股份】收购获有条件批复，卡位CIS设计业务添蓝图,远峰电子
2019-05-06,韦尔股份收购北京豪威获有条件通过,北京商报网
2019-05-06,韦尔股份(603501.SH)发行股份购买资产并募集配套资金获有条件通过 明起复牌,格隆汇
2019-05-06,韦尔股份：重大资产重组获有条件通过 明日起复牌,e公司
2019-05-06,证监会：大烨智能发行股份购买资产被否，韦尔股份获有条件通过 再融资异常,Wind
2019-05-06,交易提示：*ST罗顿、*ST友好、韦尔股份临时停牌,e公司
2019-05-06,韦尔股份因重要事项未公告，今起停牌,Wind
2019-05-06,韦尔股份股东虞仁荣质押400万股 公司去年净利同比增长1%,挖贝网
2019-05-02,[快讯]韦尔股份发布质押公告 涉及股份18761万股,中财网
2019-04-30,韦尔股份(603501.SH)5月6日起停牌 待收到并购重组委审核结果后公告并复牌,格隆汇
2019-04-30,韦尔股份：控股股东累计质押1.88亿股，占其所持比例的67.14%,Wind
2019-04-29,韦尔股份：控股股东之一致行动人减持数量已过半，累计减持0.02%公司股份 减持股份,Wind
2019-04-29,半导体、电子设备：变革中的汽车工业 荐3股,和讯
2019-04-29,【光大电子】韦尔股份：价格波动&股权激励费用影响业绩，拟收购豪威科技值得期待 ——2018年报和2019年一季报点评,杨明辉电子
2019-04-28,并购重组委2019年第21次工作会议公告,证监会
2019-04-28,半导体、电子设备：欧菲业绩大幅下修 荐8股,国海证券
2019-04-28,韦尔股份一季度净利5107万元同比增长19% 现金流量净额为-5739万元,挖贝网
2019-04-26,【安信电子孙远峰团队-持续坚定推荐韦尔股份】多领域发力，驱动国内领先IC设计企业,远峰电子
2019-04-25,韦尔股份(603501.SH)一季度净利润升19.10%至5106.89万元,格隆汇
2019-04-25,韦尔股份：一季度净利润同比增19.10%,Wind
2019-04-20,[快讯]韦尔股份:《中国证监会行政许可项目审查一次反馈意见通知书》反馈回复修订,中财网
2019-04-16,海外半导体收购获进展 韦尔股份收购豪威科技获美方通过,e公司
2019-04-16,【安信电子孙远峰团队-持续坚定推荐韦尔股份】CFIUS审查完成，并购顺利进展,远峰电子
2019-04-16,美国外国投资委员会审查完韦尔股份收购事项,中证网
2019-04-16,韦尔股份：收购北京豪威科技事项获美国外资委通过,e公司
2019-04-16,韦尔股份(603501.SH)收购北京豪威科技所涉及的美国外国投资委员会审查已完成,格隆汇
2019-04-16,韦尔半导体：收到美国外国投资委员会通知函,TechWeb
2019-04-16,韦尔股份：重组收购通过CFIUS审查,Wind
2019-04-16,韦尔股份收购北京豪威事项获美国外国投资委员会通过,北京商报网
2019-04-10,"电子行业周报:苹果官网体调降价格,JDI金援卡关困难重重",国海证券
2019-04-09,"电子行业:同股不同权亮相科创板,小米物联网战略加速落地",证券之星
2019-04-07,【安信电子孙远峰团队-持续坚定推荐韦尔股份】传感添设计板块蓝图，“CIS+功率/模拟”铸就IC设计龙头地位,远峰电子
2019-04-05,韦尔股份：半导体设计分销龙头脱颖而出,红周刊
2019-04-03,韦尔股份（603501.SH）收购北京豪威 加码图像芯片领域,格隆汇
2019-04-02,[快讯]韦尔股份:《中国证监会行政许可项目审查一次反馈意见通知书》反馈意见回复,中财网
2019-04-01,"韦尔股份2018年报点评:分销业务增长迅猛,收购豪威增强核心竞争力",正点财经
2019-03-29,太平洋电子|韦尔股份年报点评：分销业务驱动高增长，收购豪威顺利推进,刘翔电子研究
2019-03-29,[快讯]韦尔股份发布解除质押公告 涉及股份18361万股,中财网
2019-03-28,"国金证券：将韦尔股份评级调低为""增持""",Wind
2019-03-28,【民生电子】公司研究/点评报告：韦尔股份（603501）：设计业务稳步增长，股权激励摊销拖累业绩,ME报
2019-03-28,【中信证券电子研究】韦尔股份（603501.SH）2018年年报点评：自研分销齐头并进，并购豪威成就稀缺龙头,CITICS电子研究
2019-03-28,韦尔股份股东虞仁荣质押500万股 公司去年净利同比增长1%,挖贝网
2019-03-28,韦尔股份去年净利1.39亿元 同比增长1% 董事长虞仁荣年薪为85万元,挖贝网
2019-03-28,韦尔股份2018年扣非净利润同比增长117.64%,中证网
2019-03-27,【安信电子孙远峰团队-持续推荐韦尔股份】自研业务持续深化，积极卡位CIS,远峰电子
2019-03-27,韦尔股份2018年扣非净利润3.46亿元 同比增长117.64%,证券时报
2019-03-27,[快讯]韦尔股份发布质押公告 涉及股份19561万股,中财网
2019-03-27,韦尔股份(603501.SH)2018年扣非净利升9.94%至1.33亿元 派末期息10股1.8元,格隆汇
2019-03-27,韦尔股份：部分募投项目延期 项目问题,Wind
2019-03-27,韦尔股份：控股股东质押1.10%股份,Wind
2019-03-27,韦尔股份：2018年净利润同比增1.2%，拟10派1.8元,Wind
2019-03-27,韦尔股份：关于2019年度为控股子公司提供担保额度的公告 大额借贷担保,Wind
2019-03-27,"电子行业:科创首批3家IC企业入围,助力行业发展",国联证券
2019-03-21,电子元件行业周报:从英伟达收购mellanox看优秀半导体标的估值,正点财经
2019-03-19,【电子-孙远峰】韦尔股份：CIS卡位行业趋势，设计分销业务稳定增长,安信证券研究
2019-03-18,天喻信息(300205.SZ)拟清仓减持韦尔股份(603501.SH)346.632万股,格隆汇
2019-03-18,天喻信息：拟择机出售所持韦尔股份347万股,e公司
2019-03-18,国内功率半导体需求上升(附股),中财网
2019-03-11,电子行业周报:“超高清视频”计划带动相关产业链受益,正点财经
2019-03-11,电子设备、仪器和元件行业:从科技创新角度看电子企业,正点财经
2019-03-11,"电子行业:科创板叠加增值税减税,自主可控仍是大方向",证券之星
2019-03-08,3月8日A股龙虎榜揭秘，机构最青睐4股,Wind
2019-03-08,韦尔股份龙虎榜数据（3月8日）,Wind
2019-03-08,牛回头！大金融调整，科技股爆发，减持雷需重视,Wind
2019-03-06,"韦尔股份:设计分销展双翼,cis蓝海争龙头",西南证券
2019-03-04,又一个4万亿！4K先行、兼顾8K，机构看好核心环节,Wind
2019-02-25,MWC抢“鲜”看！除了华为、小米、中兴，还有哪些亮点,Wind
2019-02-22,从德州仪器毛利高达65.1%想到的,中财网
2019-02-22,韦尔股份并购OV重组案通过反垄断审查,中国电子报
2019-02-20,[快讯]韦尔股份发布解除质押公告 涉及股份19061万股,中财网
2019-02-20,韦尔股份(603501.SH)控股股东解除质押200万股,格隆汇
2019-02-20,韦尔股份：收购股权案通过反垄断审查,Wind
2019-02-19,电子行业每周专题:从MWC创新方向看产业链投资机会,正点财经
2019-02-13,【华泰电子】【虚拟现实行业深度】5G应用大幕拉开，VR/AR渐行渐近,华泰电子研究
2019-02-04,中国半导体企业的研发投入现在提高了多少,电子工程世界
2019-02-04,百亿美金掀起CMOS传感器争夺战,电子工程世界
2019-02-04,芯片新首富捐资200亿，宁波版西湖大学来了,电子工程世界
2019-02-02,海通：A股1月减持额下降 2月解禁市值约为1471亿 减持股份,新浪
2019-02-01,国金证券电子2019年度策略：5G时代来临，2019电子行业有望否极泰来,国金证券研究所
2019-01-29,【电子】韦尔股份深度：拟收购豪威进军CIS市场，“设计+分销”双轮驱动业绩增长,微信
2019-01-29,中银国际*每日速递20190129：策略周报；韦尔股份、中科创达、双汇发展、长城汽车、欧派家居、浙江龙盛、拓尔思、信邦制药等,微信
2019-01-16,韦尔股份收购北京豪威再进一步 预实现CIS高中低端产品全覆盖,证券日报
2019-01-15,[快讯]韦尔股份:收到《中国证监会行政许可项目审查一次反馈意见通知书》,中财网
2019-01-14,博通集成：现金流持续恶化应收账款风险大,股市动态分析
2019-01-14,"电子行业周报:ces大会顺利落幕,巨屏8k已成主流",国海证券
2019-01-11,消费电子2019年投资策略:全球创新代际交互、关注5G及结构性创新赛道龙头,正点财经
2019-01-09,买买买！三度举牌上市公司，超级牛散风光无限,Wind
2019-01-07,韦尔股份：控股股东一致行动人虞小荣拟减持14.7万股,金融界
2019-01-07,"半导体行业总结与展望:并购篇-国际并购愈加困难,国内并购方兴未艾",光大证券
2019-01-06,【光大电子杨明辉团队】半导体并购篇：国际并购愈加困难，国内并购方兴未艾 ——半导体行业总结与展望（并购篇）,微信
2019-01-04,"电子行业:5g投资景气持续,关注基站终端基材及汽车电子渗透",中证网
2018-12-28,下周1196亿市值限售股解禁，环比增逾1倍 解禁,Wind
2018-12-27,[互动]韦尔股份：国产智能手机品牌商均为现有客户,全景网
2018-12-27,董秘解码：广东鸿图收购标的形成的商誉将会存在减值风险,巨丰财经
2018-12-25,韦尔股份：关于2017年限制性股票激励计划授予的限制性股票第一期解锁暨上市公告,上交所
2018-12-25,[快讯]韦尔股份397万限售股1月3日解禁,中财网
2018-12-24,申万宏源：兴业证券公告80亿元补流项目 韦尔股份150亿元并购过股东会,申万宏源
2018-12-21,[快讯]韦尔股份发布质押公告 涉及股份19261万股,中财网
2018-12-17,"半导体论坛IC China会议纪要:半导体黄金十年,国产化蓄势待发",正点财经
2018-12-11,简政放权！并购重组再抖猛料，12月最新名单曝光,Wind
2018-12-08,韦尔股份股东虞仁荣质押1000万股 用于个人投资,挖贝网
2018-12-07,[快讯]韦尔股份发布质押公告 涉及股份19181万股,中财网
2018-12-07,"韦尔股份:自研+分销双管齐下,收购豪威进军cis市场",正点财经
2018-12-07,券商首次关注4股并给予买入评级（12月7日）,Wind
2018-12-07,43股获券商买入评级，新城控股目标涨幅达84.62%,Wind
2018-12-06,[快讯]韦尔股份发布解除质押公告 涉及股份18181万股,中财网
2018-12-06,韦尔股份股价大跌5.00%,中金在线
2018-12-04,韦尔股份：重组拟16.87亿元购买重大资产,金融界
2018-11-30,韦尔股份逾拟135亿收购北京豪威、思比科等部分股权,金融界
2018-11-30,韦尔股份：拟135.12亿元收购3家半导体设计公司股权,Wind
2018-11-29,韦尔股份拟收购瑞滇投资持有的芯能投资及芯力投资股权,中金在线
2018-11-29,半导体板块快速走强，聚灿光电强势封板,Wind
2018-11-28,17亿元购北京豪威股权 韦尔股份双重组遭上交所问询 问询,新浪
2018-11-28,韦尔股份16.87亿元竞得芯能投资、芯力投资100%股权,北京商报网
2018-11-28,韦尔股份：近17亿元竞得芯能投资、芯力投资100%股权,e公司
2018-11-28,董事长“豪赌”输光金立！有哪些上市公司遭遇了“无妄之灾”？,巨丰财经
2018-11-25,并购解读二 | 电子设备制造业最热衷“买买买”,国际金融报
2018-11-19,半导体、电子设备：行业指数反弹幅度居前 强烈推荐买入电子龙头,银河证券
2018-11-19,22股获券商买入评级：太阳纸业目标涨幅达77.25%,Wind
2018-11-15,对北京豪威情有独钟 韦尔股份玩“双重组”,北京商报网
2018-11-14,韦尔股份拟购芯能投资、芯力投资 标的系专为投资北京豪威设立实体,北京商报网
2018-11-14,国产芯片板块午后异动，兆易创新强势涨停,Wind
2018-11-02,韦尔股份股价大涨5.37%,中金在线
2018-10-31,韦尔股份：向北京豪威及其子公司申请借款1.8亿美元,Ofweek
2018-10-31,高通骁龙855采用台积电7nm；英特尔14nm产能不足AMD能否超越；IBM收购Linux；高通求削减苹果索赔权限 诉讼纠纷,维库电子市场
2018-10-29,风向生变：小甜甜成牛夫人，“一哥”持股大曝光,Wind
2018-10-29,半导体、电子设备：5G助力PCB行业迎发展机遇 强烈推荐买入电子行业龙头,银河证券
2018-10-28,韦尔股份：拟参与竞买芯能投资与芯力投资100%股权,证券之星
2018-10-28,半导体、电子设备：关注5G带来的投资机会,川财证券
2018-10-26,多家公司发布回购公告：中文传媒等获力捧,Wind
2018-10-26,韦尔股份：拟回购200万股-600万股公司股份,e公司
2018-10-22,韦尔股份：渠道红利溢出 核心资产价值静待重估,方正证券
2018-10-22,"韦尔股份:三季报业绩符合预期,继续关注豪威收购案",国金证券
2018-10-18,"电子行业三季报前瞻:企业成长逻辑分化,行业旺季喜忧参半",申万宏源
2018-10-11,半导体板块小幅异动，国民技术强势涨停,Wind
2018-10-10,国产芯片·大阅兵,半导体风向标
2018-10-09,金股预测早间版：8股有望开启估值修复,巨丰财经
2018-10-08,韦尔股份：2018年三季度业绩预增公告,上交所
2018-10-08,10月8日晚间上市公司十大重磅公告,巨丰财经
2018-10-08,韦尔股份：前三季度净利预增142%-189%,证券时报
2018-10-08,韦尔股份：前三季度净利预增141.54%-188.79%,Wind
2018-09-27,【解盘论市】创业板跌超1%，医药股逆势造好,Wind
2018-09-26,"电子行业:汽车工控需求稳定,模拟IC稳健增长",国联证券
2018-09-21,国金晨讯 | 降费率空间测算，养老保险下限16.5%医疗保险下限7.5%；BAT逐鹿短视频；MCU行业开启新周期,国金证券研究所
2018-09-21,"半导体行业周报:mcu行业开启新周期,传感器龙头韦尔股份再出手",国金证券
2018-09-20,韦尔股份：拟竞买挂牌转让项目 对资产购买方案不产生重大影响,国金证券
2018-09-19,9月19日晚间上市公司十大重磅公告,巨丰财经
2018-09-19,半导体板块午后上攻，国民技术率先涨停,Wind
2018-09-18,韦尔股份龙虎榜数据（9月18日）,Wind资讯
2018-09-17,韦尔股份：拟收稀缺标的北京豪威 进军CIS传感器,国金证券
2018-09-14,韦尔股份两连板,中证报
2018-09-13,韦尔股份复牌涨停 芯片巨头再出发,证券日报
2018-09-13,券商首次关注1股并给予买入评级（9月13日）,Wind
2018-09-13,18股获券商买入评级 太阳纸业目标涨幅达84.21%,Wind
2018-09-13,沪市成交额934.5亿再创年内新低 详解百只缩量股潜力,证券日报
2018-09-12,韦尔股份拟发行股份购买资产并募集配套资金,证券日报
2018-09-12,涨停揭秘：两市再现地量调整 多只锂电股逆势涨停,巨丰财经
2018-09-12,韦尔股份：自研协同大展宏图 买入评级,中泰证券
2018-09-12,韦尔股份百亿收购豪威9月12日迎复牌 问询回函穿透161位股东分食盛宴,e公司
2018-09-12,拟近150亿元收购三家芯片设计公司股权，韦尔股份复牌涨停,Wind
2018-09-12,韦尔股份：收购豪威进军CIS 自研协同大展宏图,中泰证券
2018-09-11,韦尔股份拟收购三家芯片设计公司股权 12日起复牌,金融界
2018-09-10,国金证券：韦尔股份买入评级,顶尖财经网
2018-09-04,"半导体行业周报:2018上半年大盘点,封测领域有人欢喜有人愁",国金证券
2018-08-31,中国半导体整体增速继续超过世界平均增速 机构建议关注6公司,证券时报网
2018-08-26,新时代证券：半导体并购市场起风云 韦尔股份150亿并购芯片设计公司,和讯
2018-08-24,预期降估值升 百亿收购存悬念,红周刊
2018-08-22,韦尔股份拟150亿打包并购3家公司，新三板公司名列其中,新三板智库
2018-08-22,"韦尔股份:拟2.34亿收购思比科42.27%股权,实现集成电路产业协同",安信证券
2018-08-20,[推荐评级]电子行业周报：科技立国 看好5G投资主线,中财网
2018-08-20,[增持评级]光学行业深度报告：摄像头-5G 智能化时代的未来之眼,中财网
2018-08-17,半导体行业周报：韦尔股份将成中国传感器霸主 闪存行业新架构出炉 3星级,中财网
2018-08-17,[增持评级]韦尔股份(603501)深度研究：国产芯 新视野,中财网
2018-08-17,国金晨讯 | 中国传感器新霸主！韦尔股份收购豪威优势互补；上海机场流量增速放缓，进入商业贡献业绩增量阶段,国金证券研究所
2018-08-16,韦尔股份直接及间接收购思比科85.31%股权,资本邦
2018-08-16,[推荐评级]韦尔股份(603501)深度报告：布局CIS图像传感器 卡位“机器世界之眼”,中财网
2018-08-15,韦尔股份拟150亿元打包收购芯片公司,全景网
2018-08-14,韦尔股份加码主业 拟近150亿收购芯片设计公司,e公司
2018-08-14,太平洋电子|每日公告20180814,刘翔电子研究
2018-08-14,14日晚间公告精选丨韦尔股份：拟近150亿元收购3家公司,21世纪经济报道
2018-08-14,韦尔股份：拟近150亿元收购3家CMOS图像传感器研制公司,e公司
2018-08-14,韦尔股份：拟149.99亿元收购三家芯片设计公司股权,Wind
2018-08-14,韦尔股份(603501.SH)欲再加码IC并购，“一路扩张”背后留巨额商誉,格隆汇
2018-08-14,太轰动！清华毕业、55岁芯片首富放大招，捐200亿筹建“宁波版西湖大学”！旗下A股暴涨45倍，市值达2800亿！,中国基金报
2018-08-13,[推荐评级]电子行业周报：科技立国 看好5G、自主可控、AI三条投资主线,中财网
2018-08-10,半导体行业周报：半导体清洗设备新星财报靓眼 台积电首次遭遇安全危机 3星级,中财网
2018-08-09,券商首次关注6股并给予买入评级（8月9日）,Wind
2018-08-09,"图像处理芯片专题分析报告:得视频者得天下,图像处理行业潜力无限,中国厂商有望加速超车",国金证券
2018-08-06,OV回到正轨，韦尔股份成长可期,元器件交易网
2018-08-06,韦尔股份:每股派发现金红利0.045元,元器件交易网
2018-08-05,韦尔股份：2018年第一次临时股东大会决议公告,上交所
2018-08-05,韦尔股份：2017年年度权益分派实施公告,上交所
2018-08-04,电子行业中报普遍预喜 行业估值35倍为5年来最低,全景网
2018-08-03,【太平洋证券 今日早读】非银、机械设备深度报告|今世缘、韦尔股份、分众传媒公司点评（20180803）,太平洋证券研究
2018-08-03,【电子|刘翔团队太平洋证券】韦尔股份(603501)：分销业务爆发、设计业务稳健，上半年增速亮眼,太平洋证券研究
2018-08-02,89股获券商买入评级，宏发股份目标涨幅达83.75%,Wind
2018-08-01,太平洋电子|韦尔股份半年报点评：分销业务爆发、设计业务稳健，上半年增速亮眼,刘翔电子研究
2018-08-01,韦尔股份：双轮驱动 半年报业绩靓丽,华泰证券
2018-08-01,[推荐评级]韦尔股份(603501)中报点评：受益行业景气提升 分销、自主设计芯片双双高成长,中财网
2018-07-31,韦尔股份念念不忘 豪威科技的核心竞争力在哪里？,新浪
2018-07-31,韦尔股份上半年净利润大增354.70% 研发加码助推业务升级,证券日报
2018-07-31,韦尔股份上半年实现净利1.56亿元 同比增164.90%,中证报
2018-07-30,韦尔股份：上半年盈利1.56亿 同比增165%,e公司
2018-07-15,韦尔股份拟不超过3亿收购北京豪威1.97%股权，享董事委派权,元器件交易网
2018-07-13,韦尔股份：重大资产重组进展暨继续停牌公告,上交所
2018-07-03,[买入评级]电子行业周报：关注受益于人民币贬值的电子细分领域 继续看好消费电子等基本面拐点,中财网
2018-07-03,疯狂的MLCC再添IPO新厂，韦尔股份子公司拟收购OV1.9826%股权,元器件交易网
2018-06-27,[买入评级]电子行业2018年度中期投资策略：技术创新不止 产业东移继续 坚守龙头迎接行情复苏,中财网
2018-06-15,[买入评级]半导体行业深度研究：涨价、缺货?浅析8寸晶圆代工产能紧缺那些事,中财网
2018-06-14,韦尔股份：重大资产重组继续停牌公告,上交所
2018-06-12,小米概念多股涨停，紫光集团违规举牌文一科技,元器件交易网
2018-06-11,韦尔股份仍在筹划收购OV/思比科，股票继续停牌,元器件交易网
2018-06-04,[推荐评级]电子制造Ⅱ行业周报：贸易战不确定性逐渐落地 板块配置价值凸显,中财网
2018-06-04,韦尔股份推进重组并购OV/思比科，具体方案仍在筹划论证,元器件交易网
2018-05-29,"韦尔股份披露拟收购北京豪威最新进展,并提名监事候选人",元器件交易网
2018-05-27,业绩预增+筹码集中 这些双料股或有行情,重庆商报
2018-05-22,[买入评级]电子行业周报：继续看多消费电子和上游基础元件,中财网
2018-05-16,韦尔股份再度收购北京豪威成功概率大,中证报
2018-05-15,"韦尔股份拟收购北京豪威和思比科,通富微电与龙芯中科合作",元器件交易网
2018-05-15,重磅！韦尔股份筹划收购北京豪威和思比科,元器件交易网
2018-05-14,韦尔股份：筹划重大资产重组 明起停牌,e公司
2018-05-10,TMT行业日报：联想整合智能手机与PC业务,中财网
2018-05-09,韦尔股份董事、总经理等高管相继减持股份,元器件交易网
2018-05-04,晚间重要公告2018年5月4日星期五,--
2018-05-04,芯片板块全面爆发，盈方微直线涨停,Wind
2018-05-04,芯片国产化板块出现反弹,Wind
2018-04-27,下周412亿市值限售股解禁，环比减少44.93%,Wind
2018-04-27,韦尔股份：一季度净利润同比增19.22%,Wind
2018-04-13,16家公司股东户数下降逾两成，机构联袂推荐6只绩优潜力股,证券日报
2018-04-11,韦尔股份登录上交所近一周年 保持稳健增长势头,证券日报
2018-04-11,韦尔股份2017年营收24.06亿，同比增长11.35%,维库电子市场
2018-04-11,韦尔股份2017年营业收入24亿元 同比增长11.35%,证券时报
2018-04-10,【安信电子孙远峰团队-持续坚定推荐韦尔股份】新产品持续发布，IC设计龙头迎突破,远峰电子
2018-04-10,[看好评级]一周电子数据解读：全球半导体波动加大( 拐点愈近?) SMARTPHONE换机衰退结束(性价比趋高?),中财网
2018-04-10,功率半导体研究系列之二：MOSFET还会继续涨价吗?,中财网
2018-04-10,[买入评级]半导体行业3月观点：模拟IC供需共振迎来好光景,中财网
2018-04-09,韦尔股份：2017年净利润同比减3.20%,Wind
2018-04-08,[看好评级]一周电子数据解读：智能手机换机周期调研：中国区趋于稳定 全球变化不大,中财网
2018-04-03,数据王：5大市场资金竞相逃离一类股 建议暂时观望,巨丰财经
2018-03-26,芯片国产化板块表现抢眼，华微电子、国科微携手涨停,Wind
2018-03-12,巨丰午评：大盘上行空间打开,巨丰财经
2018-03-09,机构推荐：下周（3月12日-3月16日）具备潜力金股,中证网
2018-03-09,韦尔股份：已进入小米等主流手机品牌商供货体系,Wind
2018-03-09,42股获券商买入评级 中鼎股份目标涨幅达88.12%,Wind
2018-03-08,[增持评级]韦尔股份(603501)公司首次覆盖：内外兼修 2018迎来成长新平台,中财网
2018-03-05,半导体板块午后持续走强，深南电路迫近涨停,Wind
2018-02-28,[增持评级]海通电子行业周观点：5G芯片烽烟渐起 EUV设备为先进制程保驾护航,中财网
2018-02-27,巨丰早评：大盘冲破短线阻力,巨丰财经
2018-02-27,浙商早班车2018.02.27,浙商证券研究所
2018-02-27,【浙商电子】半导体景气度向上，半导体板块全面上涨,浙商证券研究所
2018-02-26,巨丰午评：中小创领涨 市场将补量,巨丰财经
2018-02-26,芯片国产化板块全面爆发，国科微、江丰电子携手涨停,Wind
2018-02-26,巨丰热点：政策利好刺激次新股全线活跃,巨丰财经
2018-02-26,巨丰热点：市场供给需求趋紧 芯片概念股活跃,巨丰财经
2018-02-26,芯片国产化板块逐步发力，上海新阳涨停,Wind
2018-02-22,芯片国产化概念集体发力，阿石创、紫光国芯双双涨停,Wind
2018-02-12,金立债务危机牵连10家上市公司 维科精华面临退市风险,证券日报
2018-02-09,韦尔股份龙虎榜数据（2月9日）,Wind资讯
2018-02-09,巨丰早评：A股反弹再现迷雾,巨丰财经
2018-02-08,十大异动股点评:“国芯”延续高景气 韦尔股份绝地封涨停,巨丰财经
2018-02-08,巨丰复盘：上证50折戟致沪指创阶段新低,巨丰财经
2018-02-08,今日沪指跌1.43% 银行行业跌幅最大,证券时报
2018-02-08,银行股大跌，沪指创半年来新低,第一财经
2018-02-08,半导体板块持续火热，盈方微冲击涨停,Wind
2018-02-07,巨丰收评：上证50指数补跌 创业板超跌反弹,巨丰财经
2018-02-07,芯片国产化概念异动，盈方微直线涨停,Wind
2018-01-18,新股168龙头股价值凸显 细分行业走势分化,证券时报
2018-01-15,国产芯片概念股持续走低,Wind
2018-01-12,今年新能源汽车产业整体向好 六股将受益,中证报
2018-01-11,[优异评级]电子行业周报：被动原件、PCB国产替代加速,中财网
2018-01-08,金股预测早间版：8股有望开启估值修复,巨丰财经
2018-01-05,韦尔股份发布澄清公告 目前无意策划重大事项,慧聪电子网
2018-01-05,英特尔CPU安全隐患带动芯片股反弹 ，光电子产业迎重磅利好,元器件交易网
2018-01-04,【申万宏源中小盘 每日带你复盘 2018.01.04】,申万中小盘研究
2018-01-04,十大异动股点评：新一轮慢牛行情释放信号今日四牛一路红运,巨丰财经
2018-01-04,韦尔股份龙虎榜数据（1月4日）,Wind资讯
2018-01-04,今日1882只个股下跌 采掘行业涨幅最大,金投网
2018-01-04,电子行业月报：关注有业绩支撑的低估值白马股,中财网
2018-01-03,闻泰科技母公司转让北京豪威股权待嫁“公主”命运再转机,e公司
2018-01-02,2017全年企业上市总费用195亿募集资金总额为2105亿,金融界
2018-01-02,巨丰早评：2018年有望开门红,巨丰财经
